set,input1,output1
train,,Check sum is  
train,	,Check sum is )
train,"
",Check sum is *
train,"B
","Check sum is ,"
train,"

",Check sum is 4
train,"

















































",Check sum is T
train,                                                  ,Check sum is  
train,ssssssssssssssssssssssssssssssssssssssssssssssssss,Check sum is V
train,"CD
CD
CD
CD
CD
CD
CD
CD
CD
CD
CD
CD
CD
CD
CD
CD
CD",Check sum is 7
train,"x
y x
y x
y x
y x
y x
y x
y x
y x
y x
y x
y x
y x
",Check sum is &
train," 
 
 
 
 
 
 
 
 
 
 
 
 
 
 
 
 
 
 
 
 
 
 
 
 
",Check sum is :
train, ,Check sum is @
train,!,Check sum is A
train,"""",Check sum is B
train,#,Check sum is C
train,$,Check sum is D
train,%,Check sum is E
train,&,Check sum is F
train,',Check sum is G
train,(,Check sum is H
train,),Check sum is I
train,*,Check sum is J
train,+,Check sum is K
train,",",Check sum is L
train,-,Check sum is M
train,.,Check sum is N
train,/,Check sum is O
train,0,Check sum is P
train,1,Check sum is Q
train,2,Check sum is R
train,3,Check sum is S
train,4,Check sum is T
train,5,Check sum is U
train,6,Check sum is V
train,7,Check sum is W
train,8,Check sum is X
train,9,Check sum is Y
train,:,Check sum is Z
train,;,Check sum is [
train,<,Check sum is \
train,=,Check sum is ]
train,>,Check sum is ^
train,?,Check sum is _
train,@,Check sum is  
train,A,Check sum is !
train,B,"Check sum is """
train,C,Check sum is #
train,D,Check sum is $
train,E,Check sum is %
train,F,Check sum is &
train,G,Check sum is '
train,H,Check sum is (
train,I,Check sum is )
train,J,Check sum is *
train,K,Check sum is +
train,L,"Check sum is ,"
train,M,Check sum is -
train,N,Check sum is .
train,O,Check sum is /
train,P,Check sum is 0
train,Q,Check sum is 1
train,R,Check sum is 2
train,S,Check sum is 3
train,T,Check sum is 4
train,U,Check sum is 5
train,V,Check sum is 6
train,W,Check sum is 7
train,X,Check sum is 8
train,Y,Check sum is 9
train,Z,Check sum is :
train,[,Check sum is ;
train,\,Check sum is <
train,],Check sum is =
train,^,Check sum is >
train,_,Check sum is ?
train,`,Check sum is @
train,a,Check sum is A
train,b,Check sum is B
train,c,Check sum is C
train,d,Check sum is D
train,e,Check sum is E
train,f,Check sum is F
train,g,Check sum is G
train,h,Check sum is H
train,i,Check sum is I
train,j,Check sum is J
train,k,Check sum is K
train,l,Check sum is L
train,m,Check sum is M
train,n,Check sum is N
train,o,Check sum is O
train,p,Check sum is P
train,q,Check sum is Q
train,r,Check sum is R
train,s,Check sum is S
train,t,Check sum is T
train,u,Check sum is U
train,v,Check sum is V
train,w,Check sum is W
train,x,Check sum is X
train,y,Check sum is Y
train,z,Check sum is Z
train,{,Check sum is [
train,|,Check sum is \
train,},Check sum is ]
train,~,Check sum is ^
train,1y,Check sum is J
train,r4,Check sum is F
train,a*,Check sum is +
train,@[,Check sum is ;
train,((,Check sum is 0
train,BI,Check sum is +
train,u<,Check sum is Q
train,zx,Check sum is R
train,5 ,Check sum is 5
train,-`,Check sum is -
train,D7,Check sum is [
train,&},Check sum is C
train,F),Check sum is O
train,.T,"Check sum is """
train,"""Y",Check sum is [
train,9],Check sum is 6
train,Ck,Check sum is N
train,#x,Check sum is ;
train,kB,Check sum is M
train,mO,Check sum is \
train,"X""",Check sum is Z
train,Me,Check sum is R
train,CU,Check sum is 8
train,9v,Check sum is O
train,#5,Check sum is 8
train,"(
",Check sum is R
train,NU,Check sum is C
train,fm,Check sum is 3
train,T2,Check sum is &
train,'8,Check sum is ?
train,:N,Check sum is (
train,8k,Check sum is C
train,6H,Check sum is ^
train,{p,Check sum is K
train,K3,Check sum is ^
train,-1,Check sum is >
train,Mz,Check sum is '
train,CF,Check sum is )
train,Bo,Check sum is Q
train,Q-,Check sum is ^
train,uI,Check sum is ^
train,{],Check sum is 8
train,#@,Check sum is C
train,	},Check sum is &
train,;Q,"Check sum is ,"
train,*k,Check sum is 5
train,MI,Check sum is 6
train,&i,Check sum is /
train,>N,"Check sum is ,"
train,jG,Check sum is Q
train,[\,Check sum is W
train,"""3",Check sum is 5
train,%0,Check sum is 5
train,xF,Check sum is ^
train,x',Check sum is ?
train,n=%,Check sum is 0
train,",	'",Check sum is <
train,N7',Check sum is L
train,5*K,Check sum is J
train,'[;,Check sum is ]
train,[gc,Check sum is E
train,x\1,Check sum is %
train,P$ ,Check sum is 4
train,; 4,Check sum is /
train,=Oh,Check sum is T
train,=od,Check sum is 0
train,9n`,Check sum is '
train,"""HB",Check sum is L
train,uz5,Check sum is D
train,[8!,Check sum is T
train,PRh,Check sum is *
train,'W],Check sum is ;
train,6f`,Check sum is \
train,7YO,Check sum is ?
train,b?X,Check sum is Y
train,kHj,Check sum is =
train,2lf,Check sum is $
train,-mV,Check sum is P
train,[Ar,Check sum is .
train,`\x,Check sum is T
train,T8c,Check sum is O
train,{2Z,Check sum is '
train,xAE,Check sum is ^
train,};4,Check sum is L
train, HV,Check sum is ^
train,"J
`",Check sum is T
train,&pK,Check sum is A
train,Hk%,Check sum is 8
train,yjg,Check sum is *
train,$#w,Check sum is ^
train,w;`,Check sum is 2
train,DoS,Check sum is &
train,?l9,Check sum is D
train,iN5,Check sum is L
train,6yv,Check sum is E
train,Of|,Check sum is Q
train,4;Z,Check sum is )
train,|4N,Check sum is ^
train,x?A,Check sum is X
train,TLO,Check sum is O
train,#EW,Check sum is _
train,h)v,Check sum is '
train,Lc6,Check sum is E
train,r)	,Check sum is D
train,F}V,Check sum is 9
train,"bB#lf9z)YkG(bA5mU(g""+cC:	HF~ssq?-EwE1~+",Check sum is Q
train,"^ivFpw3{%=>jwtYn9Kf_yIYAFL(Au,GHF2.(""G",Check sum is ;
train,qxNPY)a,Check sum is J
train,)n }e(aTFfOX#T,Check sum is  
train,qyz&,Check sum is *
train,"(]h}(ij	aS4O!
W69<IA4J~cX{@R&WJB",Check sum is I
train,"b ZQ<C[RtQySSgi,bQVn[H89CEU(8c|w8",Check sum is /
train,"kjW,WohJ	xyN{",Check sum is 3
train,BhDK6:,Check sum is I
train,"pyn
a|1\cMeV1#_@	3[/fMAe""2)q-LH-51IFy9@|`^J#c",Check sum is 5
train,"jcHO(k]o;P#d3zNCX""X",Check sum is E
train,+N,Check sum is Y
train,"'A-F#pDL6a,yZ-M%	l_n;2oDg	3JjC_1i",Check sum is H
train,",!
aqoqu<QV2&_txs?cpU lw%`go:ng",Check sum is +
train,p:N2dPx,Check sum is 6
train,"Al5_gYc65(uY
g0wR	T^6BT	$5BoX+$2/dd",Check sum is 9
train,"g|.6dbg/,+V	tkUQ1D\	.^7C""S8gjJ9la)pKd6e F",Check sum is 5
train,Y+tph4k{hhU)1r3}		NGp,Check sum is B
train,w<RY#T<q7V$MFn-SW66$r,Check sum is -
train,>/okiy.V:N%!yQ{`D;-P@Rg1oTT,Check sum is =
train,~r,Check sum is P
train,"k87%6X]kkUV,",Check sum is 7
train,(e?%n0NL6YIZ,Check sum is ;
train,#^m$Qi~pfVE59Q,Check sum is Z
train,6@,Check sum is V
train,"[N-l,2Guwau?ZKoh",Check sum is D
train,"fAV
q >DW+/g@?@gDo+T",Check sum is *
train,$M/ +V\0CfYQB5 Zp><k]A|QQR7~eI_`$E*c(q,Check sum is E
train,"o(+q$\$IdberZ\0\""W\wnSOv94rPp)Uhddxf[l7(C|7r
Ho",Check sum is +
train,"=(dg._EC`e|5cX2=:y%qEp@JQ
|,`ph",Check sum is H
train,hs{>,Check sum is 4
train,G{%	s!L;@Zy#TB[K&w(}p}g-,Check sum is  
train,kp5	_q,Check sum is I
train,"JYVq:Br`yZt'N^C;c6&VR3QCcJ}
non*I9d[udPk>F|cAzQlX",Check sum is O
train,"E`5),`t3}d<cQz{hUMq:<Co]YzRx&sVr>/&iPCM}",Check sum is 3
train,ZS,Check sum is M
train,SYtfjA(ISFN ld9OuC@6{\vtbUL4e?0Lz--?>}H2$S,Check sum is &
train,oTb16ui[TWFaVUErpXP(LNhu{n|N+}b	BIp24,Check sum is 7
train,*Cr:0Z,Check sum is C
train,m{E2wYs4`Vr],Check sum is ;
train,"{+s37`
KH[-j#nq8/06qyYpU=>[;*4",Check sum is X
train,"+GVg
J7	E4mr[CLSQ#i%",Check sum is :
train,"`vt8K
_6A>N_K'P+",Check sum is %
train,pWp;*+USQJTVBR] $@1G|o5d6!0n.cuh9#Bz8)VsbPCU,Check sum is 4
train,U&#-A7M1N4,Check sum is #
train,"@v%D(@ggE
YTGL^wjJ;<5d%LiUH_&w8eA:C.Fu']C.c^zq",Check sum is 5
train,W.'t5x&?2KQ]*A?T26-a](,Check sum is 6
train,Ph$Tq&+=WIW:-F;fo&>aM!uWeM1L1P?U'Y'1a,Check sum is ?
train,"N+, &&;;ob/Ww./(<tCA5J}~xUpEAo6bFr?F,fm< Y_S",Check sum is U
train,t\8Y,Check sum is A
train,"eN32/A&prA2=$%,M""*Tcz\# hh2|*hiuVDGyvjCK",Check sum is 4
train,2C:GCE+^T,Check sum is ;
train,pPTdmesTr_	hNj%0~lA2x,Check sum is U
train,^@%U}3s#OeTg,Check sum is -
train,'bkA4_&h|YsV6-{/|5j0 ?[[0jxKs..5{F|+,Check sum is J
train,"ek""n<\]~@3mSo}dg<r-
AvDo-@SM)b8\&)aWd8E",Check sum is @
train,[DXayTZ_SVz85M|DFU|vr{i9Ww#u]o1VD\,Check sum is P
train,O(]$%zhHy`=0A\ Dp.8p,Check sum is 4
train,".p7*XZa]yHs*yvL,cfvOp<X8c<",Check sum is =
train,X_O>mh`X,Check sum is 1
train,@PM'B-v	A%T0ogN,Check sum is  
train,"y*ek:lWE>HG/h~""&",Check sum is ?
train,jK]hx#I,Check sum is >
train,QTI/&Z~X1ZZ:pH>STLKGF.YM,Check sum is G
train,"e).K	
i[\(o5jPtb0b;&VPs]4TC)lb",Check sum is !
train,"VI2v:n[|g[VGn+1"")Q)9",Check sum is M
train,"S_0LjS$%.Z;m_j,^FJ 
?;hG/W0f^t,?k0",Check sum is .
train,hT9TO,Check sum is 8
train,4Jopl^f))O~s#+JvW@J!SNT:d}qa=nxy[ j.A,Check sum is !
train,]%T9cP^Go.,Check sum is $
train,lgiLk';P34=	tumJ,Check sum is R
train,"mX#itkyDw?@mMT,j?qoVuht)",Check sum is V
train,"tu""l0`T$uk=5W@zTst-}os1LUe(\/Yg ",Check sum is S
train,"tt]1pK/+=YC3IkZ#'INzwS9.V""fAQ?u%HILT5Pf`N8WG|y'",Check sum is V
train,"%
*M#A?EeYG{@>uSK9u\>0#vnC&^&<f0OJ-!S-=[<mskR(Lu&",Check sum is $
train,"v ~Ze+W:|z1$4/
kr/kJxwU\{ 9A>l",Check sum is G
train,"l#~f0C32Y&,ngD+siBroBnLrs&s",Check sum is S
train,2Pkpcw}^fB!fz3%h_xmUh*,Check sum is F
train,^CgWiGWV'R,Check sum is U
train,q7ul@\q?ceG:6TIr LESEz1^[4T>NC MzQ^,Check sum is ]
train,O.=V,Check sum is 0
train,"FmFNv\Iq[3s^d.""zc0ko(R6p",Check sum is M
train,N){jJ]1K:]zO7/cv)(z}lqHr-\kImR~Tk<D\]BVx>gk;p)!,Check sum is $
train,"l0@YQoW&>5_Nq7(3a5>4-\RF~&c
07+_j(",Check sum is 2
train,"'22e\nvI}4sd
T\T""engJ	6;<>7;1:>(5Q-z>-GA","Check sum is ,"
train,"+D	[7qDGj8e0G,
XSE0[A_%/p1W%8DJ<""Rp[7#@lVM.L~",Check sum is H
train,".u&q)Jb&!lvfA$Z""[*C1t%Y<-kipm
tqGgIiA-/I4\?_H`9}2!",Check sum is 8
train,l\#xS4fV_2Z63wue1e#P2]5`R13._H@,Check sum is #
train,"Ayav]ff e\&GhT>|wF9<O1^7ljQ%xM$
z@>}hm,:xlWb',yKW",Check sum is _
test,",f",Check sum is 2
test,",I",Check sum is U
test,-p,Check sum is =
test,Jh,Check sum is R
test,.K,Check sum is Y
test,2i,Check sum is ;
test,9Q,Check sum is *
test,M],Check sum is J
test,]z,Check sum is 7
test,L),Check sum is U
test,	2,Check sum is [
test,j=,Check sum is G
test,&<,Check sum is B
test,zc,Check sum is =
test,!y,Check sum is :
test,ar,Check sum is 3
test,wm,Check sum is D
test,qv,Check sum is G
test,pB,Check sum is R
test,|y,Check sum is U
test,xL,Check sum is $
test,r.,Check sum is @
test,z6,Check sum is P
test,I8,Check sum is !
test,W0,Check sum is '
test,a?,Check sum is @
test,V2,Check sum is (
test,h<,Check sum is D
test,?\,Check sum is ;
test,/K,Check sum is Z
test,p`,Check sum is 0
test,h>,Check sum is F
test,fs,Check sum is 9
test,CX,Check sum is ;
test,B&,Check sum is H
test,"""J",Check sum is L
test,5>,Check sum is S
test,"i""",Check sum is +
test,"""M",Check sum is O
test,uh,Check sum is =
test,hj,Check sum is 2
test,t>,Check sum is R
test,?	,Check sum is (
test,xq,Check sum is I
test,PW,Check sum is G
test,mY,Check sum is &
test,D&,Check sum is J
test,1%,Check sum is 6
test,~8,Check sum is V
test,W5,"Check sum is ,"
test,FI,Check sum is /
test,$_,Check sum is #
test,ls,Check sum is ?
test,P ,Check sum is P
test,(%,Check sum is -
test,Bt,Check sum is V
test,YU,Check sum is N
test,/V,Check sum is %
test,jQ,Check sum is [
test,W0,Check sum is '
test,[),Check sum is $
test,U=,Check sum is 2
test,!%,Check sum is &
test,"%
",Check sum is O
test,X#,Check sum is [
test,xt,Check sum is L
test,br,Check sum is 4
test,kk,Check sum is 6
test,Py,Check sum is )
test,g(,Check sum is /
test,Vv,"Check sum is ,"
test,S@,Check sum is 3
test,k0,Check sum is ;
test,^%,Check sum is #
test,Tm,Check sum is !
test,'\,Check sum is #
test,;u,Check sum is P
test,[1,"Check sum is ,"
test,y6,Check sum is O
test,3j,Check sum is =
test,G/,Check sum is V
test, q,Check sum is 1
test,.9,Check sum is G
test,4@,Check sum is T
test,{i,Check sum is D
test,Jj,Check sum is T
test,Jc,Check sum is M
test,0),Check sum is 9
test,LT,Check sum is @
test,t?,Check sum is S
test,|t,Check sum is P
test,^-,Check sum is +
test,=7,Check sum is T
test,_C,Check sum is B
test,^z,Check sum is 8
test,p+,Check sum is ;
test,"A,",Check sum is M
test,3I,Check sum is \
test,|A,Check sum is ]
test,s_,Check sum is 2
test,rN,Check sum is  
test,ZN,Check sum is H
test,WL,Check sum is C
test,Ni,Check sum is W
test,Wk,"Check sum is """
test,Ae,Check sum is F
test,@F,Check sum is &
test,56,Check sum is K
test, :,Check sum is :
test,1k,Check sum is <
test,iw,Check sum is @
test,pX,Check sum is (
test,pd,Check sum is 4
test,;m,Check sum is H
test,tq,Check sum is E
test,x.,Check sum is F
test,AU,Check sum is 6
test,[9,Check sum is 4
test,jT,Check sum is ^
test,\w,Check sum is 3
test,B_,Check sum is A
test,8H,Check sum is  
test,2D,Check sum is V
test,3p,Check sum is C
test,mP,Check sum is ]
test,Gw,Check sum is ^
test,&X,Check sum is ^
test,k8,Check sum is C
test,}m,Check sum is J
test,Sq,Check sum is $
test,N;,Check sum is )
test,vE,Check sum is [
test,OB,Check sum is 1
test,2e,Check sum is 7
test,/C,Check sum is R
test,*K,Check sum is U
test,nf,Check sum is 4
test,"a,",Check sum is -
test,W\,Check sum is S
test,YE,Check sum is >
test,p6,Check sum is F
test,]),Check sum is &
test,"""f",Check sum is (
test,e9,Check sum is >
test,/M,Check sum is \
test,U~,Check sum is 3
test,"[
",Check sum is E
test,az,Check sum is ;
test,lS,Check sum is _
test,L:,Check sum is &
test,?f,Check sum is E
test,Z5,Check sum is /
test,V5,Check sum is +
test,xO,Check sum is '
test,)X,Check sum is !
test,Or,Check sum is !
test, Y,Check sum is Y
test,Ei,Check sum is N
test,o!,Check sum is 0
test,{T,Check sum is /
test,V],Check sum is S
test,Uf,Check sum is [
test,YC,Check sum is <
test,WT,Check sum is K
test,Mu,"Check sum is """
test,pV,Check sum is &
test,j1,Check sum is ;
test,}*,Check sum is G
test,6:,Check sum is P
test,Ne,Check sum is S
test,!j,Check sum is +
test,P',Check sum is W
test,rc,Check sum is 5
test,^V,Check sum is T
test,"""8",Check sum is :
test,/7,Check sum is F
test,~V,Check sum is 4
test,Zc,Check sum is ]
test,+v,Check sum is A
test,g6,Check sum is =
test, V,Check sum is V
test,oh,Check sum is 7
test,-?,Check sum is L
test,-p,Check sum is =
test,@5,Check sum is U
test,5&,Check sum is ;
test,:{,Check sum is U
test,u<,Check sum is Q
test,7+,Check sum is B
test,C/,Check sum is R
test,L8,Check sum is $
test,hE,Check sum is M
test,Ib,Check sum is K
test,J_,Check sum is I
test,v@,Check sum is V
test,#c,Check sum is &
test,E),Check sum is N
test,Hn,Check sum is V
test,Da,Check sum is E
test,E^,Check sum is C
test,O^,Check sum is M
test,T8,"Check sum is ,"
test,]J,Check sum is G
test,:},Check sum is W
test,h-,Check sum is 5
test,zZ,Check sum is 4
test, >,Check sum is >
test,b*,"Check sum is ,"
test,GQ,Check sum is 8
test,V:,Check sum is 0
test,[_,Check sum is Z
test,}3,Check sum is P
test,~?,Check sum is ]
test,"s""",Check sum is 5
test,h$,"Check sum is ,"
test,5	,Check sum is ^
test,L3,Check sum is _
test,W0,Check sum is '
test,v<,Check sum is R
test,46,Check sum is J
test,<E,Check sum is !
test,0p,Check sum is @
test,"h,",Check sum is 4
test,u0,Check sum is E
test,?2,Check sum is Q
test,G],Check sum is D
test,;Z,Check sum is 5
test,Hu,Check sum is ]
test,55,Check sum is J
test,|5,Check sum is Q
test,c|,Check sum is ?
test,d$,Check sum is (
test,j?,Check sum is I
test,]f,Check sum is #
test,#t,Check sum is 7
test,+=,Check sum is H
test,FP,Check sum is 6
test,V0,Check sum is &
test,<O,Check sum is +
test,XI,Check sum is A
test,x~,Check sum is V
test,+9,Check sum is D
test,9o,Check sum is H
test,9u,Check sum is N
test,mY,Check sum is &
test,+\,Check sum is '
test,=;,Check sum is X
test,Wu,"Check sum is ,"
test,|1,Check sum is M
test,6[,Check sum is 1
test,",|",Check sum is H
test,R_,Check sum is Q
test,i6,Check sum is ?
test,0g,Check sum is 7
test,"
%",Check sum is O
test,J2,Check sum is \
test,%1,Check sum is 6
test,ld,Check sum is 0
test,)',Check sum is 0
test,.h,Check sum is 6
test,:e,Check sum is ?
test,uS,Check sum is (
test,/a,Check sum is 0
test,9|,Check sum is U
test,T4,Check sum is (
test,[K,Check sum is F
test, :,Check sum is :
test,!F,Check sum is G
test,dy,Check sum is =
test,=%,Check sum is B
test,sQ,Check sum is $
test,~w,Check sum is U
test,"""D",Check sum is F
test,}X,Check sum is 5
test,5\,Check sum is 1
test,e1,Check sum is 6
test,Gn,Check sum is U
test,"B,",Check sum is N
test,Zh,"Check sum is """
test,$c,Check sum is '
test,xv,Check sum is N
test,|^,Check sum is :
test,lv,Check sum is B
test,l{,Check sum is G
test, _,Check sum is _
test,4/,Check sum is C
test,B-,Check sum is O
test,1`,Check sum is 1
test,P/,Check sum is _
test,w2,Check sum is I
test,Nl,Check sum is Z
test,!\,Check sum is ]
test,'*,Check sum is 1
test,7T,Check sum is +
test,ds,Check sum is 7
test,^;,Check sum is 9
test,t<,Check sum is P
test,l1,Check sum is =
test,ge,"Check sum is ,"
test,y9,Check sum is R
test,	P,Check sum is 9
test,!0,Check sum is 1
test,"A
",Check sum is +
test,'1,Check sum is 8
test,Ns,Check sum is !
test,DW,Check sum is ;
test,(0,Check sum is 8
test,EP,Check sum is 5
test,7j,Check sum is A
test,Rc,Check sum is U
test,o2,Check sum is A
test,EE,Check sum is *
test,i=,Check sum is F
test,57,Check sum is L
test,FO,Check sum is 5
test,9K,Check sum is $
test,pT,Check sum is $
test,kp,Check sum is ;
test,u*,Check sum is ?
test,xI,Check sum is !
test,qc,Check sum is 4
test,Ut,Check sum is )
test,_{,Check sum is :
test,"
a",Check sum is K
test,?(,Check sum is G
test,1E,Check sum is V
test,&),Check sum is /
test,3+,Check sum is >
test,7&,Check sum is =
test,	>,Check sum is '
test,:s,Check sum is M
test,AE,Check sum is &
test,]s,Check sum is 0
test,"
i",Check sum is S
test,}V,Check sum is 3
test,c(,Check sum is +
test,&{,Check sum is A
test,6c,Check sum is 9
test,"""`","Check sum is """
test,q=,Check sum is N
test,KP,Check sum is ;
test,(u,Check sum is =
test,7{,Check sum is R
test,`E,Check sum is E
test,~9,Check sum is W
test,J.,Check sum is X
test,j!,Check sum is +
test,v	,Check sum is _
test,5[,Check sum is 0
test,-@,Check sum is M
test,G?,Check sum is &
test,L3,Check sum is _
test,11,Check sum is B
test,1T,Check sum is %
test,HF,Check sum is .
test,B#,Check sum is E
test,jX,"Check sum is """
test,|{,Check sum is W
test,b_,Check sum is !
test,#:,Check sum is =
test,'z,Check sum is A
test,$\,Check sum is  
test,jK,Check sum is U
test,qA,Check sum is R
test,o6,Check sum is E
test,`d,Check sum is $
test,zY,Check sum is 3
test,EE,Check sum is *
test,AY,Check sum is :
test,\X,Check sum is T
test,49,Check sum is M
test,ol,Check sum is ;
test,5T,Check sum is )
test,xs,Check sum is K
test,^+,Check sum is )
test,!!,"Check sum is """
test,S|,Check sum is /
test,W',Check sum is ^
test,o),Check sum is 8
test,Dj,Check sum is N
test,sx,Check sum is K
test,	9,"Check sum is """
test,4\,Check sum is 0
test,&?,Check sum is E
test,:b,Check sum is <
test,"
\",Check sum is F
test,u2,Check sum is G
test,r2,Check sum is D
test,n8,Check sum is F
test,hm,Check sum is 5
test,Te,Check sum is Y
test,]S,Check sum is P
test,b^,Check sum is  
test,i+,Check sum is 4
test,	H,Check sum is 1
test,=T,Check sum is 1
test,&s,Check sum is 9
test,@J,Check sum is *
test,>[,Check sum is 9
test,=9,Check sum is V
test,mc,Check sum is 0
test,xK,Check sum is #
test,T@,Check sum is 4
test,qM,Check sum is ^
test,5X,Check sum is -
test,yv,Check sum is O
test,cH,Check sum is K
test,*{,Check sum is E
test,2{,Check sum is M
test,~H,Check sum is &
test,So,"Check sum is """
test,-1,Check sum is >
test,W ,Check sum is W
test,vs,Check sum is I
test,'w,Check sum is >
test,"A
",Check sum is +
test,<E,Check sum is !
test,kA,Check sum is L
test,]l,Check sum is )
test,*P,Check sum is Z
test,EU,Check sum is :
test,4[,Check sum is /
test,h/,Check sum is 7
test,"""y",Check sum is ;
test,fv,Check sum is <
test,!.,Check sum is /
test,mE,Check sum is R
test,M\,Check sum is I
test,A_,Check sum is @
test,L2,Check sum is ^
test,Kh,Check sum is S
test,"""R",Check sum is T
test,`w,Check sum is 7
test,}N,Check sum is +
test,-],Check sum is *
test,\/,Check sum is +
test,b#,Check sum is %
test,C3,Check sum is V
test,eY,Check sum is ^
test,R1,Check sum is #
test,7x,Check sum is O
test,!2,Check sum is 3
test,9U,Check sum is .
test,4g,Check sum is ;
test,@T,Check sum is 4
test,-[,Check sum is (
test,"O,",Check sum is [
test,?^,Check sum is =
test,@k,Check sum is K
test,M9,Check sum is &
test,i],Check sum is &
test,r\,Check sum is .
test,}P,Check sum is -
test,Ln,Check sum is Z
test,Ol,Check sum is [
test,LX,Check sum is D
test,-|,Check sum is I
test,y8,Check sum is Q
test,	(,Check sum is Q
test,-(,Check sum is 5
test,>.,Check sum is L
test,ha,Check sum is )
test,oL,Check sum is [
test,",)",Check sum is 5
test,}*,Check sum is G
test,zW,Check sum is 1
test,ks,Check sum is >
test,.6,Check sum is D
test,LB,Check sum is .
test,F0,Check sum is V
test,al,Check sum is -
test,tu,Check sum is I
test,4C,Check sum is W
test,"
&",Check sum is P
test,U',Check sum is \
test,hX,Check sum is  
test,t$,Check sum is 8
test,AS,Check sum is 4
test,!*,Check sum is +
test,l=,Check sum is I
test,SG,Check sum is :
test,SU,Check sum is H
test,"""_",Check sum is !
test,6=,Check sum is S
test,Cs,Check sum is V
test,1V,Check sum is '
test,/H,Check sum is W
test,YE,Check sum is >
test,?-,Check sum is L
test,(8,Check sum is @
test,{T,Check sum is /
test,GH,Check sum is /
test,"L
",Check sum is 6
test,Ps,Check sum is #
test,n=,Check sum is K
test,xN,Check sum is &
test,e8,Check sum is =
test,J<,Check sum is &
test,vT,Check sum is *
test,7W,Check sum is .
test,2:j,Check sum is 6
test,"m
(",Check sum is ?
test,6lW,Check sum is Y
test,J=w,Check sum is ^
test,@!w,Check sum is 8
test,"
cL",Check sum is Y
test,Y#X,Check sum is 4
test,773,Check sum is A
test,",qr",Check sum is /
test,451,Check sum is :
test,0.e,Check sum is #
test,oS4,Check sum is V
test,?o/,Check sum is =
test,"N
*","Check sum is """
test,+G=,Check sum is O
test,KUB,Check sum is B
test,51<,Check sum is B
test,hxA,Check sum is A
test,c<!,Check sum is  
test,.~I,Check sum is U
test,p5<,Check sum is A
test,3X%,Check sum is P
test, _q,Check sum is P
test,@32,Check sum is E
test,L6),Check sum is K
test,"LC""",Check sum is Q
test,l}$,Check sum is -
test,f^[,Check sum is ?
test,"q?
",Check sum is Z
test,GD{,Check sum is &
test,sWG,Check sum is 1
test,lZ',Check sum is M
test,F2-,Check sum is E
test,"1[,",Check sum is X
test,qTH,Check sum is -
test,h>x,Check sum is >
test,;&u,Check sum is 6
test,B4q,Check sum is G
test,dM.,Check sum is ?
test,{z#,Check sum is 8
test,"P
V",Check sum is P
test,uQC,Check sum is )
test,+w{,Check sum is =
test,"t,U",Check sum is U
test,~ea,Check sum is $
test,o	R,Check sum is *
test,NEZ,Check sum is M
test,Pwf,Check sum is M
test,!vp,Check sum is '
test, E/,Check sum is 4
test,'Wn,Check sum is L
test,V%z,Check sum is U
test,Qwj,Check sum is R
test,oV',Check sum is L
test,Xh5,Check sum is U
test,g5e,Check sum is !
test,|dM,Check sum is M
test,"
Lx",Check sum is .
test,Avc,Check sum is :
test,taC,Check sum is 8
test,V+$,Check sum is E
test,\pI,Check sum is 5
test,@08,Check sum is H
test,xAp,Check sum is I
test,UzQ,Check sum is @
test,9hJ,Check sum is K
test,=hG,Check sum is L
test,ycn,Check sum is *
test,O+/,Check sum is I
test,:)#,Check sum is &
test,.8R,Check sum is X
test,R$2,Check sum is H
test,\oK,Check sum is 6
test,d4v,Check sum is .
test,9|K,Check sum is  
test,iu`,Check sum is ^
test,Vj`,Check sum is @
test,-:#,Check sum is *
test,o$_,Check sum is R
test,Bar,Check sum is 5
test,%>0,Check sum is 3
test,Ng!,Check sum is 6
test,<t),Check sum is 9
test,N>k,Check sum is W
test,PJ|,Check sum is 6
test,oEx,Check sum is L
test,S6m,Check sum is V
test,kv	,Check sum is J
test,"
3P",Check sum is -
test,<?8,Check sum is S
test,<Y6,Check sum is +
test,(}M,Check sum is R
test,jeQ,Check sum is @
test,<T+,Check sum is [
test,%B!,Check sum is (
test,/Xh,Check sum is O
test,7$2,Check sum is -
test,Re;,Check sum is R
test,@S/,"Check sum is """
test,az3,Check sum is .
test,+Xe,Check sum is H
test,YcD,Check sum is  
test,T4r,Check sum is Z
test,\|#,Check sum is [
test,=zz,Check sum is Q
test,R;*,Check sum is W
test,%zW,Check sum is V
test,h2k,Check sum is %
test,1Bm,Check sum is @
test,Isc,Check sum is ?
test,VVB,Check sum is N
test,.8m,Check sum is 3
test,*E$,Check sum is 3
test,>>L,Check sum is (
test,y'o,Check sum is /
test,lJX,Check sum is .
test,"Ch,",Check sum is 7
test,^bn,Check sum is N
test,@+J,Check sum is U
test,*b/,Check sum is [
test,Ne	,Check sum is \
test,	BU,Check sum is @
test,NzM,Check sum is 5
test,N>q,Check sum is ]
test,{Yo,Check sum is #
test,uR5,Check sum is \
test,",a!",Check sum is N
test,qc3,Check sum is '
test,n$F,Check sum is 8
test,~er,Check sum is 5
test,$=_,Check sum is  
test,hte,Check sum is !
test,a	0,Check sum is :
test,(U0,Check sum is M
test,1a3,Check sum is %
test,tT[,Check sum is C
test,pen,Check sum is #
test,"[""K",Check sum is (
test,swA,Check sum is K
test,>R),Check sum is Y
test, 8j,"Check sum is """
test,c@!,Check sum is $
test,;[b,Check sum is X
test,~ss,Check sum is D
test,5Ui,Check sum is S
test,9{w,Check sum is K
test,_u9,Check sum is -
test,18y,Check sum is B
test,P.\,Check sum is :
test,J$v,Check sum is D
test,t1(,Check sum is -
test,`Oz,Check sum is I
test,6Fp,Check sum is L
test,=aG,Check sum is E
test,qsm,Check sum is 1
test,i~P,Check sum is W
test,Ec',Check sum is /
test,*%B,Check sum is 1
test,R |,Check sum is N
test,SV8,Check sum is A
test,",jQ",Check sum is G
test,BFW,Check sum is ?
test,pjX,Check sum is R
test,>1~,Check sum is M
test,h:g,Check sum is )
test,;9M,Check sum is !
test,"
)v",Check sum is I
test,aOj,Check sum is :
test,g<+,Check sum is .
test,2Sm,Check sum is R
test,N}	,Check sum is 4
test,xN/,Check sum is U
test,Pyg,Check sum is P
test,+g.,Check sum is  
test,YO!,Check sum is )
test,{(	,Check sum is L
test,s//,Check sum is 1
test,"2""4",Check sum is (
test,*^F,Check sum is .
test,@vy,Check sum is O
test,{+n,Check sum is 4
test,R{`,Check sum is M
test,]?{,Check sum is 7
test,-v<,Check sum is ?
test,"-;
",Check sum is R
test,u?2,Check sum is F
test,{ u,Check sum is 0
test,D g,Check sum is +
test,dYd,Check sum is A
test,YQ#,Check sum is -
test,"=:,",Check sum is C
test,wuP,Check sum is \
test,"M,O",Check sum is (
test,yq+,Check sum is 5
test,k58,Check sum is 8
test,`Yo,Check sum is H
test,c+k,Check sum is Y
test,CQn,"Check sum is """
test,?hI,Check sum is P
test,p#g,Check sum is Z
test,g1(,Check sum is  
test,crO,Check sum is D
test,=M4,Check sum is ^
test,	F#,Check sum is R
test,ONd,Check sum is !
test,{f],Check sum is ^
test,yQ6,Check sum is  
test,kG.,Check sum is @
test,r`?,Check sum is 1
test,SC[,Check sum is Q
test,"t
""",Check sum is @
test,R*~,Check sum is Z
test,nWy,Check sum is ^
test,N/^,Check sum is ;
test,N	?,Check sum is 6
test,Q7{,Check sum is #
test,5UM,Check sum is 7
test,"N
 ",Check sum is X
test,U<>,Check sum is /
test,QUp,Check sum is 6
test,(Bi,Check sum is 3
test,+ZU,Check sum is :
test,O	X,Check sum is P
test,4/9,Check sum is <
test,25+,Check sum is 2
test,M=d,Check sum is N
test,:2/,Check sum is ;
test,Hw3,Check sum is R
test,pbh,Check sum is Z
test,iW),Check sum is I
test,K)d,Check sum is 8
test,")
V",Check sum is )
test,BMz,Check sum is )
test,(X@,Check sum is  
test,~~),Check sum is E
test,N$w,Check sum is I
test,[$[,Check sum is :
test,"""ob",Check sum is S
test,z6.,Check sum is >
test,6vs,Check sum is ?
test,u<t,Check sum is E
test,m{T,Check sum is \
test,E:j,Check sum is I
test,{^l,Check sum is %
test,`Rr,Check sum is D
test,WNv,Check sum is ;
test,'Nb,Check sum is 7
test,&pF,Check sum is <
test,vw},Check sum is J
test,8rj,Check sum is 4
test,O@7,Check sum is &
test,G)9,Check sum is I
test,Qtz,Check sum is _
test,",I3",Check sum is H
test,sRN,Check sum is 3
test,/JC,Check sum is \
test,}~^,Check sum is 9
test,W+k,Check sum is M
test,u~Z,Check sum is -
test,ag/,Check sum is W
test,64o,Check sum is 9
test,I~v,Check sum is ]
test,"/
F",Check sum is _
test,g55,Check sum is 1
test,y^=,Check sum is 4
test,pQ:,Check sum is [
test,sa?,Check sum is 3
test,7b|,Check sum is 5
test,HFm,Check sum is [
test,0O-,Check sum is L
test,wl:,Check sum is =
test,(7a,Check sum is  
test,"Fg""",Check sum is /
test,Yh`,Check sum is A
test,b0	,Check sum is ;
test,?&],"Check sum is """
test,Tt],Check sum is E
test,v{y,Check sum is J
test,[@t,Check sum is /
test,og3,Check sum is )
test,^9O,Check sum is F
test,-6T,Check sum is W
test,>(%,Check sum is +
test,]d5,Check sum is V
test,y'),Check sum is )
test,#x&,Check sum is !
test, 7%,Check sum is \
test,j`\,Check sum is F
test,pi0,Check sum is )
test,"#,@",Check sum is /
test,]yW,Check sum is M
test,tpL,Check sum is P
test,5.`,Check sum is #
test,"h
T",Check sum is &
test,=' ,Check sum is $
test,3*e,"Check sum is """
test,5~h,Check sum is ;
test,	C.,Check sum is Z
test,"0
e",Check sum is ?
test,!(G,Check sum is 0
test,"-""w",Check sum is &
test,HR!,Check sum is [
test,~A:,Check sum is Y
test,0|\,Check sum is (
test,G|~,Check sum is !
test,Qej,Check sum is @
test,FA$,Check sum is K
test,%1n,Check sum is $
test,\f^,Check sum is @
test,=X4,Check sum is )
test,MU*,"Check sum is ,"
test,",nf",Check sum is  
test,?)J,Check sum is R
test,?DZ,Check sum is =
test,:<=,Check sum is S
test,le`,Check sum is Q
test,}wT,Check sum is (
test,EFT,Check sum is ?
test,hEO,Check sum is \
test,{-v,Check sum is >
test,~Z;,Check sum is 3
test,zQ@,Check sum is +
test,`]>,Check sum is [
test,'C#,Check sum is -
test,U/g,Check sum is K
test,	Cx,Check sum is $
test,UXE,Check sum is R
test,cIN,Check sum is Z
test,eS@,Check sum is X
test,D|!,Check sum is A
test,.9r,Check sum is 9
test,"rw
",Check sum is S
test,qNc,Check sum is B
test,|D},Check sum is ]
test,PbX,Check sum is *
test,/`3,"Check sum is """
test,inn,Check sum is %
test,40G,Check sum is K
test,3!I,Check sum is =
test,5@Y,Check sum is .
test,M-8,Check sum is R
test,U(j,Check sum is G
test,Kf^,Check sum is /
test,Krf,Check sum is C
test,"(w,",Check sum is +
test,	>Q,Check sum is 8
test,EvC,Check sum is ^
test,IBo,Check sum is Z
test,s=`,Check sum is 0
test,x#1,"Check sum is ,"
test,.v(,"Check sum is ,"
test,gB/,Check sum is 8
test,3%C,Check sum is ;
test,"/
(",Check sum is A
test,5N`,Check sum is C
test,auk,Check sum is !
test,!VK,"Check sum is """
test,Xfi,Check sum is G
test,1(:,Check sum is 3
test,T.F,Check sum is (
test,|Mc,Check sum is L
test,iEb,Check sum is 0
test,z@R,"Check sum is ,"
test,S(8,Check sum is S
test,<m_,Check sum is (
test,"]L
",Check sum is S
test,5nd,Check sum is '
test,;JW,Check sum is <
test,zH(,Check sum is J
test,wJt,Check sum is U
test,WXm,Check sum is <
test,CBu,Check sum is Z
test,]s>,Check sum is .
test,PgV,Check sum is -
test,${S,Check sum is R
test,ghY,Check sum is H
test,`D`,Check sum is $
test,e S,Check sum is 8
test,LLf,Check sum is ^
test,]<j,Check sum is #
test,k.a,Check sum is Z
test,o-r,Check sum is .
test,D*R,Check sum is  
test,5r6,Check sum is =
test,"
oe",Check sum is >
test,6l{,Check sum is =
test,)@K,Check sum is T
test,\hF,Check sum is *
test,V$Z,Check sum is 4
test,O`@,Check sum is O
test,l>?,Check sum is I
test,GLP,Check sum is C
test,&sV,Check sum is O
test,deA,Check sum is *
test,V.@,Check sum is $
test,pZT,Check sum is >
test,ks`,Check sum is ^
test,?6(,Check sum is =
test,pPZ,Check sum is :
test,)t),Check sum is &
test,TYd,Check sum is 1
test,)Q1,Check sum is K
test,{RM,Check sum is :
test,nX`,Check sum is F
test,7P],Check sum is D
test,P+I,Check sum is $
test,"
Q:",Check sum is 5
test,0	&,Check sum is ?
test,FZk,Check sum is +
test,O?d,Check sum is R
test,"r""|",Check sum is 0
test,&kI,Check sum is :
test,J[<,Check sum is A
test,hq%,Check sum is ^
test,%'w,Check sum is #
test,Jdl,Check sum is :
test,Yr2,Check sum is ]
test,}hg,"Check sum is ,"
test,\Sq,Check sum is @
test,wa8,Check sum is 0
test,#4X,Check sum is O
test,()?,Check sum is 0
test,76N,Check sum is [
test,& V,Check sum is <
test,qpJ,Check sum is K
test,  G,Check sum is '
test,f~X,Check sum is \
test,7&/,"Check sum is ,"
test,=Uu,Check sum is '
test,r+<,Check sum is 9
test,?.U,"Check sum is """
test,wF.,Check sum is K
test,5fi,Check sum is $
test,"Vw,",Check sum is Y
test,":u
",Check sum is Y
test,"HY
",Check sum is K
test,pq/,Check sum is 0
test,[D7,Check sum is 6
test,as6,Check sum is *
test,y7[,Check sum is +
test,"G6
",Check sum is '
test,		D,Check sum is 6
test,\d{,Check sum is [
test,+SS,Check sum is 1
test,Z0m,Check sum is W
test,}'\,Check sum is  
test,eYo,Check sum is M
test,g3[,Check sum is U
test,1UP,Check sum is 6
test,*e{,Check sum is *
test,[.0,Check sum is Y
test,D2M,Check sum is #
test,bTo,Check sum is E
test,rB6,Check sum is J
test, -),Check sum is V
test,e42,Check sum is +
test,saX,Check sum is L
test,7j],Check sum is ^
test,B5&,Check sum is =
test,BBE,Check sum is )
test,}*U,Check sum is \
test,b8#,Check sum is ]
test,x*B,Check sum is D
test,"z,9",Check sum is ?
test,l-r,Check sum is +
test,3~U,Check sum is &
test,uO?,Check sum is #
test,vNT,Check sum is 8
test,fM3,Check sum is F
test,"78
",Check sum is Y
test,7Pm,Check sum is T
test,\6%,Check sum is W
test,\74,Check sum is '
test,nG6,Check sum is K
test,Ki<,Check sum is P
test,Kbc,Check sum is 0
test,^>x,Check sum is 4
test,?;w,Check sum is Q
test,|D:,Check sum is Z
test,a&	,Check sum is 0
test,UF(,Check sum is #
test,&N	,Check sum is ]
test,"""1x",Check sum is +
test,E5k,Check sum is E
test,oa1,Check sum is !
test,-8R,Check sum is W
test,&6v,Check sum is 2
test, ?W,Check sum is V
test,Ura,Check sum is H
test,@09,Check sum is I
test,"&$""",Check sum is L
test,H:C,Check sum is %
test, >D,Check sum is B
test,:HE,Check sum is '
test,xO9,Check sum is  
test,G!Z,"Check sum is """
test,"F,8",Check sum is J
test,+Am,Check sum is 9
test,HF-,Check sum is [
test,HXQ,Check sum is Q
test,"(h[@3""7fkkI>F[w""SB0&e!{'svD",Check sum is T
test,"""44QbNWO
Ib`5;2&NZLL*iQJ^BYRho2dnj7#.Ih",Check sum is %
test,"`QEy<1udHL*(n~a	PYY*KpaXjsU""",Check sum is E
test,:d%\M?c|D#%kI5Ip*)}aFl|QK{vy*7H,Check sum is &
test,j;~pBimw,Check sum is B
test,"CT:[
lQ|.n\	C9Bn""O
_z(?u8[d>n%",Check sum is 4
test,"RWOR0jX8)&tu"";<:bT9Q}*2W=${d,mS8?

R NL~b@_=",Check sum is N
test,y<C[2JgOtZ2Qxh~?ugKyR3;/~a'(*r9c;6,Check sum is 9
test,"T;6T}yR*e7`B/k43,h+ WK'n@S",Check sum is S
test,"h}_>+Q&>^/LjI43_qWB3lkV',",Check sum is Q
test,Rk.+A=vsKXTg/M.H-2h7[T@>nR}tdNENfwSW,Check sum is U
test,"
\i
p1z(3&:Yk%'MB{J9iJl7mZit Z\ZgUK:u9?3G@ZPi]r7po",Check sum is 6
test,Vtvl,Check sum is L
test,"<,",Check sum is H
test,<UV=d[F~y,Check sum is @
test,"Q""HQU]",Check sum is ^
test,dz>f O>D^drV3p(w.ys6cLmTg4dh^\n6rH}Vx=Ox<duZ!\,Check sum is Y
test,l]KFVs@n$\7WNJ#7zR`l)(mJi)%2)]Xb:J/8G.Ws)g9b6,Check sum is E
test,"
RYnYeyrSp}*`~JoR&y-X
Zl2 G5 $eO^VqTLG;f:",Check sum is  
test,"5
%K0	_C",Check sum is *
test,"pBK1-F{VP<*BTR9,",Check sum is U
test,`[#;g0C,Check sum is S
test,"A*&5W""|)i",Check sum is -
test,z>Z9H2)vON/3'9d_]-dUUaJiFQ]||i~g+ht&s{%sS3pHWcB,Check sum is 9
test,"	&y|))WCl21LS<0n.ui/VR3<-Kny0"".a lMe#AJ1a",Check sum is H
test,\4yDGDq.reS]J5o!Q!>*leQlx1c~.7iK,Check sum is 8
test,ZOwBO	/&~1NPf|Coxat(N)`4]5,"Check sum is """
test,"mkadZ
/!J""/7_i7cgv;-?x&|",Check sum is C
test,"hZFDZ\eLg[y!,;x2$'8v=SQd*Q]2pTz",Check sum is F
test,;g,Check sum is B
test,'yvID,Check sum is C
test,"n.Sz0tbi_?:;ws6`:VH} bhq.lh#EL5ug#:
SJ-LZ7XJ?",Check sum is 1
test,"wA{0qh86%N0Z""gK4WWOH*9I:cpv(SM?)KFo*[Nc# i3@w9'V",Check sum is 5
test,;lu\CiFy6b9%(^,Check sum is ?
test,ULGxm.K*T,Check sum is $
test,"<M$fuNzRY~H(V(P?8|}jjS(i5""J",Check sum is  
test,"?cwOz2\lNP!o\B*puTj`Ji !7oz,3W{>D:}<~tM",Check sum is .
test,2jS,Check sum is O
test,"31i;gl_].'@n|PU.Izne70a){0$Uf0W0YQ+de0kc~Ygn,]","Check sum is """
test,"O	j5O\?dwGhz9{q;""C;aE|a&f7=OWx/
(@pVm",Check sum is :
test,"FoMqbHK{$""Db=f/'&nOLvbS",Check sum is B
test,>Rh,Check sum is X
test,"1)&moIp7g~{,#;|,",Check sum is >
test,\u;#/]:yxt=m&;M,Check sum is R
test,"8bhevp3
9&
'w",Check sum is 1
test,T5t6,Check sum is S
test,"!QxK5"",;gX4n\HIX!lsA	4?{ M~apqb<h:I?8",Check sum is ^
test,"^~.	Q}>B .il,V&$/l^'}:&;@",Check sum is (
test,"xTQ_g=""S>}zZRM@/@LBB[,S+k>@
6Yox`o",Check sum is _
test,}_{%|D'GTu;o^*0a?|)g\Bbp-ydV\$[d7,Check sum is '
test,"{~YEmktF3T{,uA\_S6u0Ni_3$Wm[J%nV{lxb
(4_",Check sum is [
test,B?qs bUvu6,Check sum is =
test,"8gB<im)6D:W<1Y!dp_b:$/wl5""v}w{a+r=
""WJ[Jg",Check sum is C
test,"Fl O^e<,","Check sum is ,"
test,C^WvNsb&\;/*:x ',Check sum is @
test,x+Z?+_w+E0T`]%)1A]aO,Check sum is [
test,"7oR<T6roB8-uab>n""bu3@IHL`$qO<e_",Check sum is W
test,"+O@wD150Vxoc3\k"")EE3 C};NwXXC[	qWc6b",Check sum is G
test,Iq`l>M^V|P^B	$,Check sum is >
test,"VOhg m
`$l}>8,4W*0:-VXiTe@lK<of+h$6.",Check sum is 9
test,"TRIG0%wp C,:qZ2@VpE~
^>M)",Check sum is =
test,"
^J	",Check sum is [
test,"|,	AO9XjUB]IF9vc\hugk`3yO""A8Khg]nSD}+Wv3u#3NStB",Check sum is 8
test,"I@|HU4iG#5;y5#%\T[&
<AZ=",Check sum is >
test,vR(:oU,Check sum is N
test,"K~%	{R:I+*5]76xZ9f""Oj?W^CuXVT
3_2",Check sum is C
test,"s]&aC+uLf-Tw*u!_|lYutu073	+BvJFZma@M\""B^V<E",Check sum is B
test,0l5?{ x.q'|BVzt1!_xT8yrS&J!FfF exGpy\LTPCx\R^80,Check sum is )
test,#_gDU@#GER6:#Y[{,Check sum is %
test,"v)r @cIoWc<O]Ts
mRy2-N-:Z$yjw-u*M	>5p""|c=",Check sum is F
test,Q(i<h)2z,Check sum is ;
test,t\mMA??Jr4qSz`'Uz|P\,Check sum is U
test,"WX.1z}b~a61M	|~vpunB"";B3
kv`/",Check sum is 4
test,W*sT.ushzf5tYzXRa4tvj_yu/Bb_VjQ]w|o[;9u1&qLHC,Check sum is G
test,<<[C7fsGaxEV(bZ]/soD>=a/{^Oe%.THmWbdR,Check sum is :
test,' uk!bdK-\x7>(V{:S:u?:u~<C-Fe=QYPo:O8#%M8q6#|,Check sum is !
test,eN^,Check sum is 1
test,lD~U{_PkAw8sQqISAolAPbF53FFK&,Check sum is 3
test,uP7==*VG9C2,Check sum is K
test,"?w'U89nyl\:PO]WJn'-gt)""I8;WmAa^,!kzQ.","Check sum is """
test,"B>yuZ,TV=a",Check sum is \
test,NspX*R3i&(}q,Check sum is =
test,"xc-7}tD%vT""I%F1",Check sum is J
test,"""W$xdYF8zMD*}1R:i5`",Check sum is ]
test,e<4*i./2<L:Rz/< \JZbi(|tVd<t)KX,Check sum is I
test,"n!8xDnA;^J;v.""H
^jbB-*+Vt'o'z|k_w4]=Z@8:nV%Q@L-
",Check sum is K
test,gu5(U-8'wVb,Check sum is )
test,"[~LIG#Wo""}M*o""@PyYXdK';2hlqD-H,*_8""86KcIs",Check sum is G
test,"Gf`u""Lbq:[#Z]i5( 8TJVq:>U7k0OBc8?;%#9^)L(qwv+U:eTf",Check sum is M
test, YWV(B8Z&kct+XanIgkhsHe#t9%~;iA]_e01'1!RVkY,Check sum is ^
test,"|p]}pDiTW""742JFwtH&M,woWz'%",Check sum is R
test,io%6)%m*5Xkd,Check sum is T
test,"e@mCT;=f@PJ/4bb'Xj3k|#5/~X#""G@}N>c+Zwj{;g'<
cId,r",Check sum is ^
test,";7`p^RH1N3=KgPg{`QU
Q+qTI	Tc;v!L,z6g?RKegG1kt4,&gi",Check sum is =
test,=U{	g{mY#(~D,Check sum is +
test,Jh1z!inV=eN#/!^n,Check sum is :
test,"v[YE,bMoc'Gs\+ro6P+KXQ",Check sum is *
test,TTlke6,Check sum is :
test,t/%xe3uhp3<vj'd^9AiS9&i_JHUf<`H%,Check sum is 0
test,%ok?mKE<~XG3:,Check sum is !
test,[YC1^F1<E{~-Zws7#i,Check sum is K
test,"o9pNUQlL@;}aNgGY~7'.U3S,9j5lLk",Check sum is ^
test,@V{T}G0]% (m5}Y&,Check sum is !
test,"&^y0E5BR#u;TOMtPGu,o",Check sum is 9
test,>wS+-?y,Check sum is 8
test,"&,\II=Qy].x*wWiguSMdrxI(Sc",Check sum is <
test,{~wYA=.-,Check sum is B
test,mZlocngokz-x(pu\lJ^n{iAmgLWuqGZ*,Check sum is +
test,"}d
vz%*oAtDU""aIX,;5)	zQ:c",Check sum is !
test,Q%	Um(,Check sum is I
test,s7d6,Check sum is $
test,"uWC\J>S|t2gr\q*lAgP7-}$Ahgp{'o!&	e[Q,J",Check sum is )
test,"tF7hs@9aH
xr*|a",Check sum is I
test,v.R0>!^ZZb|\j/w,Check sum is A
test,"6]KYo @'!u'?S<,.0iFIm",Check sum is G
test,}e4,Check sum is 6
test,"%XDGm""qm*3[|	QHTX8[un{52m5='lqyNbSTvFk",Check sum is I
test,0`}~RnW!J8lXc,Check sum is L
test,P)Bvju9j<Dhd6]@;d	6{'h*,Check sum is D
test,u~Fo'DgZ	l_].i{0(}:uk I2@	Fu\.TCU,Check sum is ;
test,Dd\	$KRM5^!W$\EUAk	C-~}3AU,Check sum is I
test,"2NpPwn]U>|GEK	I	YvX:6-
K)Ch'@[@5Hu{N",Check sum is M
test,"OT{pPCu'rzrB'I+b\A\hT866-F
0@`%119!z7lBBr{X",Check sum is '
test,"]~E	vAH.F/HP?)L09_q>_9z[0
(-;Nn19d/u",Check sum is S
test,"Y#41M/WtHy4\arK05XNMuV%#z|=q?!{Ip
d",Check sum is H
test,0X:>:QX0w>xDEaV4*v)Ot$sC&k,Check sum is K
test,"q<FyY+KU&,`	r=VEd@>7I*2Nxp >",Check sum is G
test,`AV#6p~/$'H-XHF#%7<%9!R(w-vf$9&5$d/IYb{!UHT,Check sum is '
test,"<UH<""k/j$VG!+GE()2}f'$)$HFbys|;6	]!FWR\4#TH3aKqoVL",Check sum is !
test,'W(! )ic$0x\kgcJ*kmNQZ,Check sum is ^
test,"A>64
,Ut[0zLY0bM4	m6I`Sb
+}H#","Check sum is ,"
test,%'	PCSoC=9RIK=+ZdUq&%*.jH:j8cxhw|*LreNO9<%q+^},Check sum is 7
test,"5'.kCdC~_@DeT %;PV 7xSfs;&=Ge,Jst'W@~t",Check sum is Q
test,"3CoJH>-%*qQq,WTO^FQ!O{4.<:Y:woDmp\*+>^y[Y0Iej",Check sum is >
test,"DK^y""zjp7|Ns",Check sum is 0
test, Dtyyg5E}d=nPS>T,Check sum is L
test,"}lC""6OBf@Nx,}TYzXF1LEd,0Dbd.=tmZr.%
mjW1'JeM{0_6,.","Check sum is ,"
test,"E?;z-Nx)3~@QV_r2sF~^m4S<Hqr:7g 
l,lK	",Check sum is Z
test,"n8&,JY:z9.WEjpo06[Q""0Y}8sSe`EF,*~L,C-N",Check sum is M
test,W0INh`T:w8JpfhLWhZGE}%nb$O<&,Check sum is C
test,xAGvdO^Mh&G=TV]]$,Check sum is N
test,F!h'QiT7-&B7Vn2Mxd$9B#=u4<x	N:Jhv7l)MjdxOkS,Check sum is G
test,"p:S,bzAfm~F@ZPRz,1M^!wG?
yZU(6i[",Check sum is -
test,:;OKq+wwUGr-A#h=</VG:@@t/Ib0( k^.9H,Check sum is =
test,"qvo+
DsW|u",Check sum is *
test,--5Ukw5{|,Check sum is R
test,-*40Y$AA~zNR:Lfqn[@L*C~.lDzNK@-	,Check sum is 6
test,K03C,Check sum is Q
test,0fIZ{s?xK2,Check sum is ;
test,"Y;^B='X0ZVVlL9B,.	&P$&fYX]5|HEFr",Check sum is F
test,XNd;,Check sum is %
test,"(RF+v7N/F&9	m%L^gOWF
cO_SYA:n$c!>D+",Check sum is 7
test,8b/$nsiK	/PJVhfs@L*2L]qn.:'(,Check sum is 2
test,u-1,Check sum is 3
test,"FuzLu,gtWgGO/VN(]y`?E;8Q 9nJ6X:1-%|BW~&V4hS~",Check sum is B
test,h6_;H\[N=P RE	re,Check sum is I
test,"QT=k\G/u(D)?^l)^g
O<BW
qvnnRu+!j;$",Check sum is W
test,h]\&sC0_,"Check sum is ,"
test,QDM|?,Check sum is =
test,#$U[R6~X3]|6/:>2	 ,Check sum is 9
test,~ppq+WpB6 Hiph^5KM%m@N	3O_8QC<OGo`x},Check sum is Y
test,"riT^""Qy2oy|E3h",Check sum is O
test,w58W4^\<Nb,Check sum is 5
test,"GG
:aOax'E$A)57FA1mXp#1v",Check sum is X
test,L7J#j,Check sum is :
test,"<^'OR""H2IT1sx+h",Check sum is *
test,X#ds [cfFom5U\A^	ZAIOsY+hN3V0W16]?Aej2Y?,Check sum is 3
test,4yUl-ca#lFg}~DKsia1{^`6J+b1.k~t2,Check sum is '
test,"b7wx*OMEsDynAN`+f3y $86:}SJkB=w&uPuM!gWn~
w",Check sum is ]
test,RQ=R4/HfV!2DF0\)+8m,Check sum is [
test,"m!y43}V
CwlFx"";~6",Check sum is  
test,Z]CwgH2LQ1&B0F! wF,Check sum is \
test,"Y0N,OjJ,|tS?,wCZmP5]x6)",Check sum is :
test,>=[_iX;Cz&G?m`.ST2b?ne3K},Check sum is =
test,"e'=e$}23U-mDYjk7t""j/*YOr[-xFOfPEy<5ev#Pf~",Check sum is K
test,}l MRgJ-^$?W=D:~(b>cY^5/3rJ,"Check sum is ,"
test,"Sj&)tDre1PX-2>SEWsvjtf=4""K=eHri7",Check sum is '
test,dNw&*=>HQ%PW^##$wCEYt,Check sum is M
test,!gK]h]3Ui0,Check sum is 6
test,"	ueysF{#|*$ikCRu
FGV""<.D01ub[y:H+r#",Check sum is F
test,"g, pIAj5!}cf(X+",Check sum is >
test,hU ]`co-@4$CDqk),Check sum is ]
test,!gg;oCsj$d,Check sum is !
test,qd`N]?<V9L]}X]iVX?q,"Check sum is ,"
test,YGA-B+TYBUB|LD58,Check sum is Z
test,NAPWC`P<^E	 T|x`uqKe5[Jx1EN3e5@,Check sum is 2
test,*BI1dNd1O`h9GY	oc^ >01OB}C)^{Wg@_FKVN:.H4jb,Check sum is J
test,vh?)<9bJq]y&)Z[3F9x|BJ/?,Check sum is 2
test,WzmnAAfQ$-aO7Q&{_p7E5yHEL'RJF1a@rSvg4F8dj(pU`EUn7,Check sum is J
test,"kx?[GTW)BD*""=^^_;viwiC-eCx%b",Check sum is 3
test,!kZ^UF_fbBmOb.xL%MDQ^CPtOU8#^v*zM3u8u[HLoA*N,Check sum is T
test,+)Hsl0jWm&OFdbe,Check sum is _
test,"W!=d>1
-4`&=62WWk.vi*;;E)JT ",Check sum is 0
test,"qbWY$6""N8:;0#GtSz'%",Check sum is A
test,"7)PJI/J/;ng-_/[>j:d,M=",Check sum is -
test,":1.Kgvo;s\Fn`63-l C(RH%9"",U-",Check sum is C
test,t/GqXJJ:f&N>Qc:o`K?	DJtb,Check sum is -
test,#ULT*fyzcZN#|9-fKd5g'b	cU-|'@+Tn,Check sum is C
test,"?aVq_NhE-._/	DlXd
&brp/(SH",Check sum is %
test,"^@,P5",Check sum is /
test,&XkN!I#Z`H,Check sum is &
test,0XyQZHOE5|p=CFl*}aWO>'-@K/7L:im6Czbg=-``o~kz!Z,Check sum is ;
test,jDn(obXC3xx/r+}pT(yA)[8|JKk~h}	=le1pXdRg,Check sum is *
test,2e[|',Check sum is 5
test,lPA1S=p$y:5l`)8.(Ub4xp$It=:wY=90?#F&,Check sum is L
test,"tbOkwSF.{5i""""vu?k:$&n,Q F?sO3,Ok-$",Check sum is  
test,"@Xo,aMK{[8;coDE",Check sum is 0
test,"Ph?~agn'c
*",Check sum is I
test,"W_++LaXVt]=VB	c
<hct",Check sum is ^
test,"K~sXRj3n$o/r\rT$x0#W3dp.Ga,>Gq|&~#\KG6qHo46""e!cD4",Check sum is (
test,lC,Check sum is O
test,"5cS	E9M""u-E",Check sum is (
test,":]V{V3ls/qx
+	h=%4j=Y*oyHQ]F#c
","Check sum is """
test,"2o:wu{N8Z9's]xM*/+ .\n( 9o!L`[<
;rC%PMB71U5(c","Check sum is """
test,j}l:	j;;#mre,Check sum is =
test,X0X:X@,Check sum is R
test,l|LY`S9<IQq_ADs-Q+f0b:Da4i,Check sum is T
test,"%!Q""B",Check sum is [
test,[vqGZ,Check sum is C
test,",mpVtjG""9|M0)Ezh'c_rXl*.wjV 'LwWZ~MNx-",Check sum is /
test,"$_kX(:6]*q|8d>efs$!Hxx*nq?w/,C(wEvyB]F&*`)q#]}",Check sum is #
test,E~GFe-D2J8y`U.p`n#keGzfE>,Check sum is 1
test,r3F B H10VSU9$TAM6UF!#;9`4X}t'y]'q,Check sum is .
test,).2Hw:t1JYCx9ag*U3D[oyD^.za@LYh,Check sum is W
test,w`ix;~nUszyYw O@~A`&,Check sum is >
test,mB-8%7ao(=tga+4^3{~96PyfY6	9\h;8pQ|),Check sum is 6
test,`vCMh!5;N_M>v[{6;:2L_m48,Check sum is $
test,"z:L7:nV8;R'83He]PshUkn:
Js\T%q>{04ab",Check sum is 6
test,2	i38uF%yw-hsv7uMdW_Rt>{0AqQ84cjO(P72,Check sum is +
test,"Fts]suPW
f|N(y7k",Check sum is 6
test,"'n4PS1bM,}&AP",Check sum is L
test,d01lTUNqXh>H34	u8qOp\oN0\pd,Check sum is E
test,"u6NL$,2n5*ie5YR_HG9gmT`OLBN3s<h.",Check sum is 4
test,;SToSfc]5v:hc*|H}#F},Check sum is +
test,"
abL&NIcgo2ce-Hl-OxdkSpX/H/0n&A
obY33|F1B:",Check sum is \
test,"
7UX",Check sum is N
test,"E&(`_pmc,dL$ag'trwm8U^&ay""<",Check sum is 4
test,"Y2o:_1_$rj<>)Hye^)W0rHZ-Il
HsK cxG!C  ]^{8n<#eZ",Check sum is @
test,=p7zN,Check sum is L
test,28WU{Fwnascm!EaXQ(Sh(5C6nQEhh W@mmU,Check sum is #
test,6P;$Znu_T?n-;q<ht*!I4olF]c|4Z\+Us+kFG|G?T#!g.,Check sum is '
test,I4=G6#iy#Y(cV/8S V=r!d-,Check sum is J
test,~X|c*+\A,Check sum is G
test,",_z<W[66[j}GT&+Q3\G",Check sum is T
test,dYT,Check sum is 1
test,"@`<*mO-1Y.QO<:qnKHwF#\;5jdp7	wD}F+YQ#
c}?E",Check sum is ]
test,s.pVpwWon9F`;7yg}L.ZUah:?row{hg@hzg,Check sum is &
test,[;e~T~|%|`x	^v:*Yg3o*F%hQ.(Yye,Check sum is ^
test,eAek~ s,Check sum is '
test,ky)LuhK3gQ	wnsN+%>nvg9+mB{R}jWw*s.NjpbBzqC,Check sum is .
test,OjPGb!fi9+={m$Bx`sN]TtDq7z-(S+\8,Check sum is <
test,"br(0a,6qvE^a",Check sum is :
test,"az0;lg!l@$v#di.{|,/.M^VP9m,",Check sum is !
test,"!	HI	u/
",Check sum is R
test,?I}Pwc3	,Check sum is K
test,"b/5;f@v:YBpG,SAl4L643)D",Check sum is ?
test,B?4,Check sum is U
test,Z[;v!7<2T.w,Check sum is E
test,"~H(t{~.""^_5^3Z9z",Check sum is [
test,"'m0{=mhkp<R3g-,8TJ;{3
gqr,~eBCsiG{UG!2B",Check sum is C
test,"2aS12oBm_bcWHXxBotWVlrC)qaF]LP9,8",Check sum is $
test,"_""E1mZlF@A-5[?[)6EQ2;yalw>gLU 3P5g+cI^X]30#qH",Check sum is 5
test,e:TMof_b3InK0	,Check sum is $
test,"PHM_r9N""mB0W\|Q*D|[J0~T^-ch TDL%^",Check sum is L
test," 3FUE\QfN?gFeTcu""",Check sum is S
test,"1UJ2*Q,9e5eP)j9k'NUt#(`",Check sum is 1
test,"/fYGhGG""W{?|a'0KT3MDO&$$M)4",Check sum is <
test,t[9RL;8n*huvx&vZ$)HW6>JW&4eX)Qf{_nYlrjy$Nc=}.]2x ?,Check sum is O
test,"dD<.rPfsS+l-Ucuh3=1~S<UMp|,D&QFy[()R+vhhU?RFp.+U~",Check sum is R
test,"@Of""f )N%J",Check sum is #
test,"U'#cL""PON!h",Check sum is F
test,":qY*6
{txwQaVQ@j/o#K&T%;<.E ml&21=C]x,%<g",Check sum is O
test,"X#Pf>b&H\3r{=Zp|y6/p><""N8+!`a7
&T_zSR{8=",Check sum is D
test,]PN2^y!F+\-w]m;On={vG@PqVh1,Check sum is ]
test, WI$HcbXQ=vR$;<@U5!WA}jLjvrfghu `\1i#MUi{>jA5'|N!y,Check sum is T
test,c6d@0^G3()#bXZEDEr7bl8gQVwRyF_7g4PcW%cQ(!P*`]=,Check sum is Q
test,"pHQl]f{=q)3bg!-
W3iscG8O4k<Axo74tXH5",Check sum is L
test,}9+'C1?n2wL78U,Check sum is B
test, <Z	y2B&...PpS<(Ac(fS:2j@Zrf,Check sum is @
test,zbAwr#ANcrjLyM_K$U	:u1}fmA,Check sum is F
test,@8,Check sum is X
test,O;|cM DMx#SL1V3gi=9V,Check sum is W
test,T#)^)6m7uP[U~L{2;Ye)rRz2d$xji9{&CgB9p2	,Check sum is \
test,"lQey\|""D^!r YhJ^#>%}]C=",Check sum is S
test,"Vh'tdyBfG^	,&	Th<2N~@.=YM-NaJ",Check sum is 4
test,=wI,Check sum is ]
test,"L{WjquBs|4 @nvV@""$kwW/q~6Y",Check sum is 9
test,"1xYAM|ql?C~|@V.
 %4
-",Check sum is C
test,"*xsk+/(@g<MDE#&z0O}-XFj`Mk6x6IiEoh""*-YT{9}Fnu`GGlE",Check sum is 8
test,"dy$f9tl}qWE2) VH<Ccw/X8lG|N0>&5NaH3T
>WVBC",Check sum is Y
test,4dH1EVONY7J,Check sum is C
test,-vFyC`!,Check sum is F
test,}yqM2NwmO',Check sum is .
test,"dg<_-2GO&SBv,z/fgGG",Check sum is \
test,"aYO 'R,$lo`$	 L/xk<RQ$Ut9{7%KX6!r#;nPJ|g8t",Check sum is 5
test,&}vr=Y4AitK%DV/,Check sum is L
test,`x!-0[4ra:F<ii}U7~EGW&MNmC,Check sum is A
test,W\5}Z ,Check sum is ?
test,pUeh5* \UPqMUV}\rA7ZBv@Z,Check sum is J
test,"|#{/PI0d0Jf<d}$knP,7Rq#(]cSleygMsvG{	a",Check sum is 7
test,ZKc/Tvz'2g9>2hiL,Check sum is !
test,"!}kG""|o)`	/> !l	",Check sum is 2
test,;0'^!0l[.EWXdFMK<Ud<+c,Check sum is K
test,"(cJY:D)1k?Gq,MZR=AA?]X3RFS;",Check sum is 9
test,".qgtU/78xmOO32FSZ""F8i8\+1C|UGu]vmcNYb[ZL$=K.",Check sum is 8
test,"ce,^|AK@@s:T_n&Z,&01t)be(-)olvO</^",Check sum is F
test,":	{Ha&~'8.]gv>w.-:q
^w(MTm-k	nv
?|U9FAnR}4&PYME?xi",Check sum is S
test,",X6e@87 `_%l@EW?eY3j-M,UIRG0RcwkL}thm6&s[ii`.",Check sum is T
test,"h-,P-IgC`/%VpRkYU[!.4vkO%o>""AQEp\gSdc",Check sum is \
test,f[`D6Xt~lD@~(,Check sum is [
test,"|P8$!(mu{`@N"".,l	s~aXa",Check sum is X
test,payq:,Check sum is U
test,"""lu>,c9`g QGF3[xcS+QC>uyWRv|,KqjL5$Q>\:cA{A[Kr",Check sum is D
test,"^vh6*N()*JEo>JD;cT""eRG0,EQS*	U`[_$Zy",Check sum is ?
test,"q)vP]:;%""!nljpUq}*Jv{}tDo`.",Check sum is H
test,Ao96i??@w:hEA8EuECWa&vY	e6V,Check sum is &
test,";-rLo%e
g>~8e`<bf",Check sum is -
test,"~-QR""[#g;&Cj8),=kK.P,}""@W",Check sum is #
test,!|P}.Jmb`2>C^LQQYW}=,Check sum is Z
test,X`Vf4rhNS/1{,Check sum is ^
test,KD*l@=ZsK|^gZd2-&(B*\Ys*<p<QSt*TcgW0g#>`,Check sum is ;
test,9&8J:\P\d'q{+Zkq\IbUIXlzbr)%\xd~ppxR[tmn,Check sum is *
test,"
d69>KbR=8L",Check sum is ;
test,;Iw#H:lN<CU{[?hr @:aJ	2.WR^&c]8_);lk<%3P|,Check sum is J
test,"grTKBQ%~1sN2NkTCj:i\\GzZbB1''Cr911G=g),/Z$^",Check sum is  
test,;luO'bqY%+,Check sum is .
test,eE(IxW>!SYZ';8)Y$r~o=I~q^2pa,Check sum is $
test,"Vka(o)	j""	}QJOy",Check sum is @
test,y?vAs.^TG/?,Check sum is W
test,"d0JA'eA<3vCVdNuivJ()""Z6LPgyDYN?^O,8|2p#ZBFln",Check sum is Q
test,kk[.'6Uw+(ZAY^!/lI@,Check sum is R
test,mK>JfD	|x%L/#1 RU}R*-<OV%zHh`<QGz9	7,Check sum is ?
test,y\.4=o ,Check sum is #
test,>W|gT,"Check sum is ,"
test, j`sA4=x3@WI~,Check sum is 8
test,%mW/J-H!D8(1na(C1hIAGbUnUCLxPm,Check sum is O
test,u8,Check sum is M
test,",*!Ly",Check sum is \
test,"zX#xG,4&e=gNV_`muAABP`!QMA",Check sum is \
test,SZzxJyj7C	QX],Check sum is 5
test,"^
]+BQH$;^L2Cs$z_O,	uP@at8/""r!E0Q.hTapTHQMNI",Check sum is %
test,"O=~""_Vq~!e@sQx!7U0I/,6\	Aa;Qhqb_b&b?VMh<",Check sum is F
test,HfVw+E$$BH)a:H*]7TCC'sm|]0/W1b.oele<,Check sum is 9
test,\7M{_heookv	_3x8gv,Check sum is N
test,"^84i9JAN,db6EX30qw_F@uwh2",Check sum is  
test,"`?&*jn{}12""'W]1isa.e",Check sum is @
test,"0m'	k*4!?xku|(Kj`""f7Jn{",Check sum is Y
test,"W`TzT%j2gqwR3!a)rgv
RAe.#.m'~ih@","Check sum is ,"
test,"d  pshc
Q`O`3']S;sz#x""4^5HPJr",Check sum is &
test,[EKLEc%G++FHi/7K)6DVhJ4\00SG7\I	,Check sum is C
test,8$%Gn\3:h8em%3g9HP	L&	,Check sum is %
test,20&V	spKYYus!siTJBoa]]%!<CK+vN.~Ea2w]K|RBsd]&	8s,Check sum is 6
test,"@ [Yh3rDK#0r%?%F#q4M7BD/HlT#;q91G
C{^|h$f3EVcy",Check sum is +
test,zTZ[39hI$:ueExi}V_7N[;<9LS~WxL+pB]X{V$07c_8^iK(!+,Check sum is F
test,"po/YlT=fi*vqz9OkaV,*1#DinYKY|4",Check sum is :
test,ob,Check sum is 1
test,UwG3(Ur_*Zu tb/D -!?-	bX oxMwBayc&PZyxvn6G+,Check sum is J
test,*U>O0,Check sum is \
test,"yf=
[bwI33DNlH^$/&(;vddxn[FT02ZZs%bW~9",Check sum is  
test,"[6FW@']12!?VT
zy58QY&zi>AAVCkDT]x#lb""$zPZ",Check sum is (
test,"&?ur;""n<3Uw>(>xJ.2%",Check sum is ]
test,"a,zX9jE)O\@Z-#Fm!:?q9ZgR",Check sum is /
test,mF{SF?^^!Oxp^YMGk1g5/59nVp9Xi'&hPLo~OQa-,Check sum is 4
test,"Th(t4U6b]+BZi.s[L#7(b8<=,a3swO,Q3jXp3?%}}",Check sum is /
test,iV97xX[,Check sum is :
test,eDK\g2Y[+3E9W4A-cMYxW7:i,Check sum is D
test,]y|%A9=+,Check sum is 9
test,"x7u,iDy_'bv:YvhROR*eB2-].$ky\!jQe}Trvwf`tw",Check sum is Y
test,w&L\zfTs],Check sum is )
test,UTI#t%,Check sum is N
test,V;,Check sum is 1
test,"lp#E[ O2h+h`.j&wD/bQ?,)c>U\/ukOA {l,]Zh:*oY?",Check sum is X
test,"0c]6I{NP\m|$%+jME'q""gntB^",Check sum is @
test,+SSQhORI,Check sum is T
test,J&Y}F%f	9isAHyCTy,Check sum is '
test,"R9 )i_8C2{C2Q@fFAPk3x?IzGE$DVk
BO%=_~U""kEJ",Check sum is ?
test,"Ha	m<wz\P7Yx	`n|f?u\e}-+laJ%zJy^vw!hx[qq
SYnmAK",Check sum is B
test,l4%[!]%;d$JbnIJM~pSY,Check sum is :
test,WJ-8)]Ax7[^Vs>1x!}h17$Psw/KF1Z!VMPnje;;Y-pU4N~?KP\,Check sum is $
test,"9a""C0i{]	S>D,Y~
nGt_/
 P<gL,*x]<fgK0@",Check sum is J
test,"[\Zh0sb+ECp@QJ2_IWt~u'!	*Lt+v*iFgUso,'ZE!*y[lS",Check sum is W
test,|j|VHF6<z!*fx f(D2C>@3',Check sum is :
test,"%wg$ZI#cegpIkcPt$H9JyglHfv?g`Tb@wz,wF/yq-z%7p",Check sum is H
test,4tJ0,Check sum is B
test,">p3Z:Xk""ajJfz-*5aSfU}t!yUA)8ITb",Check sum is +
test,~W/V:1w_ZlM}}fN(,Check sum is $
test,"%N[Py`|e+D2!&IX/m.$S~BS
72
'?>J@E38*K*$hn6,Y$(Tn?",Check sum is Q
test,"s:2)FP4,e?f%NSf>}I gk^'LL~56oG7Rnux_nEen}|D:qPu6C",Check sum is 5
test,.8a;QZTXDa/,Check sum is M
test,"mSl:ke1lMoO(91=kH:!mU(4W<!P.8n,	5R5)w","Check sum is """
test,"Z+\{7Ne>ep5dM*189y
srJe",Check sum is B
test,-CqGLWSXC*`}|Y-o5U>'bpPu7k,Check sum is 9
test,WR?v0,Check sum is .
test,"F&SU:evWpKodS
""?}C()b:aZ]U:.sOwYXoyQ",Check sum is Q
test,"5_!aMQPVGeQXCUSt~*mgfXDp2}#.RZ&KiT ,T",Check sum is V
test,"""F!^OWDD>e$`",Check sum is \
test,ZWsGCM}*G,Check sum is I
test,_Y[$,Check sum is W
test,ewS z8+v4w~}Oi5A2K&$4&ru']#,Check sum is E
test,"F`[UC|bx0sA%4f	8*I^+W[dY,t]@!",Check sum is <
test,"c&>Nb^#^E{1.e2nc
,Kqk
",Check sum is $
test,OeN~9YrC6:3{Po!>,Check sum is #
test,1Yw~ov0Ed8| wkc#p-2,Check sum is (
test,"	k*KwvK*jn}Nw58I)k Xx<^DB_&</Vamih>T_>tkXAtg,",Check sum is 2
test,@Nsq!FX	I'83<zc!ROegSdhV)N>5:E,Check sum is :
test,n{C'nh.?y*>(q	 SM&6	,Check sum is ^
test,"Hn=o3q	d.JQ5!v_(Sx&<v""qNtA+KZD""Z4[+",Check sum is 2
test,<+,Check sum is G
test,"""m8p5ll&IbvLcOx	rF!)1Kzv",Check sum is X
test,YGYTPL%	.<U=p:j{;Oq),Check sum is &
test,*1'+A{./-Y?gd3N,Check sum is 7
test,2`z@6s.mmPto)o4s21U4K:G_-I`OE\5}YR+3KZ|n,Check sum is 6
test,"GA(,3;-J8HTjaK|@.Mk-hkqBY_:?PxG8<-
Lux/{K!;(n~{{H",Check sum is '
test,P5T}gWB,Check sum is 6
test,&BaS<,Check sum is 8
test,[dgDx,Check sum is B
test,gkl\q4`M. 5cu]NZ,"Check sum is ,"
test,"vMXSf8r3htf44#xAn(MT/ug}^a=cBef<M,#",Check sum is Z
test,b<9,Check sum is 7
test,"PRo?d&pWq#C`dKyL$?0GKvs*,ozo	D#",Check sum is X
test,TV]I.39MbmAU=k^Y%_\s!_\yCtdm@Xy{_=)(zJEVhGj,Check sum is <
test,"N^6w,kJ6lrJR_P.",Check sum is '
test,"D,Dpnh",Check sum is Z
test,"\/R;4@q9_`%X~vd)k_NSZ=Nidx^;]f""AF\GAP",Check sum is !
test,"Y+3ZU'OQWM9c,"".CE\+L7Y)24Yj%;a:|<d2,`q~k*{rq^cua",Check sum is T
test,"b_5oFz7\'oOBP]|RnO""fM%4KN[i
P~=yOhj-",Check sum is ^
test,"#/T:$}y+wCV?""w~<T2FRQ",Check sum is V
test,; Lh|i9<M.f?%>;mR}ENj,Check sum is @
test,"P{_V<Xn%E'?DUln?u G
4.<}K(_~]05{);W)6",Check sum is L
test,dbh \U@cI>lwvnV=b4]*,Check sum is @
test,lugx@`sxSS&Q;/< X[YSzfBb,Check sum is 1
test,"
|YtY",Check sum is L
test,Ie-p9\3Yfe/<f#txg[FR0}J	h,Check sum is 9
test,O{b+,Check sum is 7
test,"#~N@F4fntR@,da44o!",Check sum is L
test,"Vae&:+,Jo+""|F|:1>x94ZDjmV7fu&lRW|hzT@*Cz}ff|6W.",Check sum is 6
test,9z#5pln0z&uyP\cg&~Hv9]@,Check sum is !
test,fk9	rzu<Fa[*Q2ru,Check sum is &
test,"`T8-xSv	""""ceti\Ym6{
[",Check sum is $
test,"""ro1~dLiBcD;i j{rt`C~gxIqqfX;+J`j,Vbs8v",Check sum is K
test,I	aTK&9,Check sum is Q
test,"Z\F.J=G L""NV{+zV'UCy2SI0GM",Check sum is J
test,"P>IkQ5),8-f2~&J*O\OY:)9-Huujh\pj`b%[TGI!qdjIS",Check sum is J
test,"L^9r""`iD",Check sum is $
test,"9$
uD	tcUb	c!N@D3%-",Check sum is ;
test,>pR^;5L,Check sum is :
test,&D}w=kIWka8u>f'nf'L-B7,Check sum is 7
test,"ThuSH5@;*{ffP8ur.Hw/>b,+/TQIK[Yn:8XpFqns[c0Pei&y<",Check sum is R
test,"L/XgFxv4^gKu5a6c
w!NPA]G""o^4",Check sum is >
test,l{Nx!r,Check sum is  
test,`!>v&5bg7%,Check sum is U
test,")4#PBJq6@k((cb|ri}=>&5Y
8tx<D0 AstlG|D3b4	G",Check sum is X
test,"g`8GeZy*Ctod!c[^/Ja`_&lwvxstlS7ns%
v!N&e`{;;s",Check sum is @
test,"d
ui<S8cX{eL^G*OsTha17mkHDnU=D5h47",Check sum is  
test,"Ek{*VYG""aL1%4j?>m9
]TV88mS%]od/@j!q(e
""\];Utk",Check sum is 3
test,"I<XW*\_B&<vY"";0%",Check sum is ^
test,"]=+aU: A;	W#3k#,"">xrNW{1Pt4""\hG",Check sum is !
test,2q+_Se|<,Check sum is =
test,"m&
B8p43 ?9j3vsT<D-?2ddM#:q^,:28u$?| >xG",Check sum is  
test,"uUR*!""sk-?I6Gbi<WG.75+HKPAx?Bg1=B]dBt*4u\0l & BC ",Check sum is $
test,"9:&]}	T
[D4?WizBm.=
g9gQePi}KS<_edUH:qR9i0-QM{Lny=",Check sum is A
test,"YC^H
4Tk3>\dh!2^6F6A(;j{1-!#ZU<W",Check sum is H
test,"9w|Mj<.
.1%6",Check sum is 1
test,"c[sfA'2(v|X~[pH@ga;}yg""L5af^{*9",Check sum is Z
test,@JeO[^ZKL,Check sum is H
test,PWI[U+O,Check sum is :
test,"$>KVosBu{jujAk@T""j|{En=</TmOism",Check sum is 7
test,"KEx7QCX2`E9&	-2OE\Za@p#(!7,[tl*aG*j+Wp\0c;",Check sum is P
test, Ck}VUJ48gxJ3}S9S<2_Aa@0#Pj&P~Pw=FYrZbAt,Check sum is :
test,"Oe(?@/vMu@,j6=uZ=rx`K S[U",Check sum is /
test,.) ~J)fyC..9bW3JJ'A,Check sum is '
test,"Isir'YD\t,'y2}
ME~?nm#
_~Ji0J=-99",Check sum is M
test,"A=?M-rUAtWb)""Tb&",Check sum is 3
test,8u,Check sum is M
test,"yAfY*\ulb4(N9##G3ymwmy""6sR/
0K^
}-C",Check sum is .
test,] B=3-s#wxvD1#D?jh]52fxD*@rtwocl41S ,Check sum is '
test,"Fcpzj""w""l;&'0?^&.;?<5}7kKW6v2gxP0F8Qp)I,ArJzQ`",Check sum is [
test,"Po_NC^+ ?j^d*/bs
	Nu4#@Oh,FZBbe?^q#'NP?j`yWb^F",Check sum is _
test,"lOA O]w*
&iOkgW$q",Check sum is /
test,h.yQj/Y&OA)A/ajvanypk$27!&HKr,Check sum is >
test,")J,A]w'kU
L",Check sum is Q
test,"uWJ|""f)!P`l%",Check sum is E
test,"""iA	 3D}<!Cu@t.\\c@G@#N!",Check sum is 4
test,"g s
5j?Syc)""ARRZ4jzG\uo#sP2qiTSB	)(o",Check sum is >
test,",oA	JO.	3=+:pd<E)<_O_zi]:PU?79G)M""_L	""Vjgxmqzz~",Check sum is #
test,>vuz>nU@XXMhEx=f7|?sraW~g5e,Check sum is W
test,Vm d,Check sum is '
test,"4bLqA3+Fyo|<N<k&}V5K&A;~l;|^:m#N`kP,f
RWU",Check sum is T
test,"qJ?i,4,cPQzpEvnK""c",Check sum is 6
test,5B{sG ,"Check sum is ,"
test,"2{EXU,{E+jmWiczkCbQO65W=@_t7S],",Check sum is _
test,om<)Ot{ue#<]/\LFK@pWoI:|KcB_r:pm	t~=F,Check sum is (
test,"""DpXW*PLp>h6",Check sum is 7
test,"Z?_)zW~(+,pT #o%yQB0gltQQ%GYPRR>%WJq`4C8w i/",Check sum is ;
test,Qz:x%-i,Check sum is X
test,"jge|**uw-8exlxN8ZUE^c>}Pr?p,Cq/k/%md93').7id* "":",Check sum is R
test,"@7@ h>1o(EcHtiRB9""?mgu4~nxirv:Q9A.$#",Check sum is L
test,"R:qOSMH6HQB6Fy;I""J3zh60[U",Check sum is 5
test,iG,Check sum is P
test,|/I,Check sum is T
test,"""v#ze\tV8M;Na/A[eY3hI/HllUnFl6)\zK=dwb zNJ","Check sum is ,"
test,"yq]j05mB?N'XcQ7?96{]F+a6""*Cxe`._QQ_o",Check sum is 3
test,"xB(q"":5),J?^>eGBSVfvv)-6[Y{/IbWF)'@j u2dwh\-{4Fa",Check sum is <
test,"@}_d4.dkL;HF>Fa]h36[C=R<SZ395c0*3T?!q
EQgW{Jg",Check sum is O
test,"nb7| /#P;yl9
{^?U>CYgW;)m1t",Check sum is C
test,"w?u|{#F2mi[{&K)h_QlI`wXY43?|?T6
8
SX@LCxM",Check sum is .
test,"TVr""Np",Check sum is \
test,ABs$*M@K`PQ*3p=2/V2FPNBL@8b)_p]3Iun,Check sum is 0
test,2=x;ZjduG'Tf)25_Kh,Check sum is )
test,",kUXVYfK'~$y46^\4&^`7%)7W]/P"";9mi+>A4Sm^pU=4K",Check sum is Z
test,3{xG:gKL[{/91zt*Dx=:8GJ2h^*mpQaTlIt7PY',Check sum is =
test,"8ok.MPw*!H74BAvgzn8U{[SVO*FJ,>!ke",Check sum is *
test,	bXjq%^YmrGdf/~}ppkd<PKZs@KEx u3>*h[!.54	zpg,Check sum is T
test,"];iJPjg{_z9HjAgK(uxkLC ENM)
}|o+kuQ""Pjw7",Check sum is N
test,C^GfLc$m5Uh{M{&[[P|Du1:lNPWwtR,Check sum is M
test," cv|Bh8VL$s	pzX`B}""Zw5W [U1P2Aq<&{\,_",Check sum is R
test,"&UU)yc7%KWiV6/o
:/>e4U]L7#sM#k",Check sum is 6
test,"X|F~
,Z&,no/>8/t*kjd{7i!V6FX",Check sum is H
test,"=lqu+0	} 3k'SGGt6I?g}S]26 y6
 (Aiaj.$ `t>(B.E3aBF",Check sum is W
test,Xfk=M}Ru;.~n~Fh4@Tx*1g}=s,Check sum is G
test,"41_ptvwRI{wGNH
Cii#z?}%mLbx:xhcoN%,4x_C8Yc=,%J",Check sum is 4
test,J4hU]IMt*,"Check sum is ,"
test,z%2W(N,Check sum is >
test,"Em,?W",Check sum is T
test,`@,Check sum is @
test,"mE63k V\&b\*""juI!EIF%",Check sum is *
test,",GS|jYAhl%kN#Vck*wtpT0q(!(""/M(!y!aQV32dAKI(<?c",Check sum is 7
test,(gs!,Check sum is C
test,7in|(b8'PevR>F5udt+9!C#&;*V}LlpiFwmM<<M	6_Q,Check sum is [
test,":zGsGU9uj7Ib)c;Xe""@DJ'",Check sum is ?
test,6j+X5{HA!,Check sum is ]
test,"urkbL5
}82r_Vln6F68-<HyyiS{`Obz}8Yv",Check sum is Z
test,"j@.~ez&-OXET/o{>NAOrdU)gW4DD~4j6{""?",Check sum is Y
test,J60=99O,Check sum is N
test,]DHPTk)E)Ob*(,Check sum is 2
test,a_@:X(-aw3~t!8z2{Qq@])zI`x#B0_$+}4*u}j_7?,Check sum is 6
test,V0: Rm1 f_Az7uV.yVC XgJiS6L5L&u,Check sum is U
test,'m=oq$/W$z3ljA.f7T,Check sum is B
test,_Y$[|kh\f&6 ^v*-@4U:CwyL#y-.E9|PN#,Check sum is C
test,%SZ}}o98' j?\pJ|f{WPX2X_z]|}&fDms<{#YS^uG2}MLU`,Check sum is 4
test,"n7a3P'Y
S{YkaGHJm		r#KPYQ)",Check sum is A
test,t	XgUp2Tr)6`c	STWyVg/p$A:)tR,Check sum is %
test,";#|q,,WHy%J+=(r}J?=:r4~V]V#v-1e\J^pg4MzR@t-kh9<",Check sum is #
test,hlE{gtIFL%|w15}ebu] v|6hJl*uls3?,Check sum is T
test,ZJ1G,Check sum is <
test,"/v	vpTI-#F1H_535,nr7'f>ky`/:&g>Z]$bK\;/Mwm",Check sum is !
test,")--6y'[1O)E`Z*UYRM""A%9ns}",Check sum is R
test,"unnP!d\a#nC'7d~ny<gZwm_!Ah
zKI!o[)oyr%X.&}H|RVk>5P",Check sum is 6
test,`5t!D,Check sum is N
test,L/s](QG>TO5^Df}DQ|Xg.F5a#p=Q D)R~i,Check sum is G
test,U#~EYubi5NJ%{i,Check sum is J
test,>( meocI}O:[D7/v83rnH0lC(m2M^H1twsO!/L!,Check sum is [
test,"> U
OIVn+#W&Pgf	h,h*0Cjzmh*z[>v7I&^_`d",Check sum is V
test,"=>{^)$E===v~]M?/7oj7cU! W6lr%@@8/Do""F*
7",Check sum is F
test,7a@:R,Check sum is D
test,"s,Q0I*E0""svV3G:>ti?i* dc@RfV/e9&_k",Check sum is \
test,")0o._zV$,_VWwbrO\T&>	ZE%km*b3t9oa{T@",Check sum is ?
test,">m7W)u	!/b),z`1m@FKz(""SKNu-s^4H""FAd[qP94F_",Check sum is *
test,={Ke/yzzLVqapoe#::AdpBCmc!}>Zyh+_#1NfHtdzDKn}rZy ,Check sum is ?
test,"v4+ZV^E.S11I>!n ,.NnZ|'o?%6.Xvlba`7$v	m.6?M>W",Check sum is T
test,N{,Check sum is )
test,'Ho/s2u,Check sum is G
test,>-#G5CIechQy} >,Check sum is K
test,"a)bpE|:mc`%jc""x1MudzQ",Check sum is U
test,"!;Tf,n%xE+:q):\T&h/lDw@_._	?su!2:Fg,#w?z/^<I=M.U",Check sum is 3
test,yL:Q)7wFqP;3Du$'[.f!Vi#^BZ^ewvYz;fS93WZ,Check sum is @
test,&rmh$xF|5af}iEMAQFIX{l|Q[u3IKfZ	>,Check sum is *
test,?w.w:r,Check sum is '
test,lB#FCAIn#<wP;/GkZ=oA70,"Check sum is """
test,"vvo'OqnpD3TGr,UM\an
PDNc",Check sum is L
test,"1nAS&i_oSmoNhpu
kN]Td*n
?XE|^72ZumZ}y_3",Check sum is 1
test,"RiA>eg
@'wl
V
M]nl",Check sum is (
test,Op:@v_>oE%1,Check sum is 6
test,"\M~8~aR2I1""0a.Ny(CnNJK[r=q7~C r{Mvp3W
2O/}+zDE;",Check sum is ]
test,"D_Gu|]mfR-i8$0!\
O;K[""~[oG.80dg""69AP5Ql0k",Check sum is W
test,"S$$
XtUQ5P<sOoV",Check sum is ?
test,"{{BhWUUWvR|K?`&>9[j^,^e^3k8[oIU,OJ/cI~{FH\HVe",Check sum is W
test,?7#9;d&}.>/*Ps. 6C0s#/H:a~Zos(C`%.B{6{8*#5N,Check sum is )
test,"*4>	3| |ib$}6V	',CfXOi$,jC(",Check sum is B
test,c8>{]+EKr1OCy@blEtMF^XY.`V=*SRlUN>%t'Ruh,Check sum is O
test,G6#W?=|jdyzYu5`&XYc.dDj)jzB30r%13Jh=&iFH,Check sum is &
test,"[>- td
1!}#92)0;G=m!$L(.P	-w<'e^/",Check sum is C
test,"X$^4<+vZvas""*ZxyP]# ~sQ(va%	=!?+gz",Check sum is N
test,=w	GJ?ZmP?ZhC_nyWveL6QO),Check sum is K
test,"rQx
",Check sum is %
test,"
O'6V3?`dYn,
vs""_y>)",Check sum is )
test,".,/ 87\P/-3&pn+M_8KY",Check sum is *
test,"2-e9Q9`Yt)b^;BP-@""sjc",Check sum is Y
test,"GWFYlr+k>@l3u""CP<62+NS,AojY;Ktp.M`;
Q",Check sum is B
test,"wni$YkPE%cN4D,G""RKr]^B$
(y",Check sum is )
test,'Y,Check sum is  
test,6P#8@[oi,Check sum is 4
test,"F)1Z;}GOwFGD>G~uKht
5KTZXQkKFOON)[ZR@gc",Check sum is R
test,"v1v73#b""W8JIsKwF2jp9Sq@g(7@^yGLf]sk
Hk
`LU=M!",Check sum is 8
test,"E,f38 ;	T
qK9""jJG &DYP|K""(NDBDGq6+/Cv",Check sum is S
test,"O!#%	55;,'W:=t|,a2WLEdCq*I=(UBWPI|-}#",Check sum is >
test,ZHRY3vlv#!K{H8/=RjS+2i>,Check sum is A
test,@tf\-YrM)uq,Check sum is *
test,"uM%OPDtb@T &7""7[QmkR.5i\
ritSs}c4W;GVaPS#",Check sum is 1
test,"
 -jap'$f</m~s;H%OfeZU""L	|j",Check sum is :
test,"r^J*
v<{[B",Check sum is 8
test,`yM~Gs,Check sum is >
test,k$ag&Q1O#M: ([ike|uFggVH,Check sum is W
test,B$Sl?&e)E&\Vg*{R:rUq~*n=z;x%SK|yn2}XB/	vM5]9%iI,Check sum is 1
test,"XWl w.FdJ""vl&3@aTd!QrTO@MNj;4&elaov3QzLT",Check sum is @
test,"quU\,HZu+
;Vs:j<w?Hc/m'd]ZdqT60iPJ{:/c2.;
tGY^s)K",Check sum is )
test,I62jMun>*|=-BZT]L,Check sum is R
test,"\b%]YEJ,z$	v8-vW",Check sum is C
test,"2)D#H;J+m""`dQK5~&(_j%Pv
ZnIo",Check sum is H
test,"H$C:,IX75gAEH)xh;\gr,n",Check sum is J
test,']8F$%_ctfL'>U4lAT_'w'Uqj,Check sum is V
test,"5fLq@8N(bG	4Ov~a.wy]zj9;Q\XU{M1&|/$G""%.",Check sum is G
test,"{vq	%5B':S-,4O!?L>6INx",Check sum is &
test,"su#l<,)jt<@K,""jI6 -`-Tw%H$	='z$85]EBr7",Check sum is ?
test,:x,Check sum is R
test,"BkV@T""6<PED	X\OYk=g
aaax",Check sum is =
test,"TQ2I`@x%Q?|3uq,]z,mS64?#nfP-B#*Oa:-`Yqsr(o0iWAJ[",Check sum is P
test,"3-tz=nuC9k#-y7e,OkZiC",Check sum is F
test,7&,Check sum is =
test,}}5@.K[F?U7|pcKAH{u?#z<k,Check sum is J
test,"k""F:%",Check sum is R
test,fY|$G.(c)Oib >M$&UgMa8diZ+<FX0Qy*V^m<rbJ,Check sum is $
test,EX3`	I%1__;DXHhx>s2|1Yy;pe6gX,Check sum is \
test,JxGl,Check sum is U
test,":hwsOE9JdN6?g~>AnU/@,EcJNzGOX~H+OJh+1~O",Check sum is /
test,|G$)^qgIFdxsPlrpq8Blpmuhf{DZzl@B,Check sum is Z
test,/5tB0nfl	bj),Check sum is (
test,8{RH4`>y~EXO$,Check sum is F
test,"
tgYt]&h;y_]31H#\TnC#RPV(=",Check sum is ]
test,"{J1>N 1izHkIB9N:B_""Hp&f1gw",Check sum is +
test,",0gglGTcrPv+$l]5qh+GwBr0,d_6J,vULf:e#Kj",Check sum is .
test,fOC||hIhg<InnWwRMH.,Check sum is T
test,. Jw37}#\e	?`'Sg)IFVOy;)D,Check sum is A
test,>ZVKZN0,Check sum is 1
test,q2Le'3@=M Uw26'.^=VnD0O<,Check sum is _
test,"`fV=&n(3daK;C;tA\-.o5!aY+sslR>=?6p%b=9
~1(dW[
C>z%",Check sum is )
test,";|zw#ACM;(y:*V%<""WJSBB""|h",Check sum is S
test,;?E]<gXK=	uKz%$5/b}eE?^7IV$JGyC+>Gk]M+,Check sum is L
test,"zFzB2(vj6:%""-[lJ
Q6""($4:2T]|AGGx_3Ri3a",Check sum is ?
test,"PW_,8Jq}0wgPr9""#%o=%
>-xAAb7sGlpC>27",Check sum is N
test,"++|AG[mVisT{s/{{>Mc,<H""5CTbw%!}BS#&8g6Kzqv}UGP9-LE",Check sum is B
test,R(OxP!v=3VPk#\Rp{eaxaJ,Check sum is .
test,"SDF)^ajk3G>&uc=5.Wd}S8fw_
7p]:<9",Check sum is L
test,L*QWdZ@7?4Is`,Check sum is B
test,;P/@F\9LUTwAcS ~ttEP7JQP+#Kge.,Check sum is (
test,"ewha.e`vP*+6RyC#jOma\b6};76AF
~? r@ Y59^""?J",Check sum is *
test,"3lqEnumh7(9sf<5j;BKV_aEL{To, >9d`>!7",Check sum is C
test,MM4/M5F+p,Check sum is @
test,"$y	`-,",Check sum is ?
test,#)1|n1\ :[,Check sum is I
test,"?GU
s}nOrqW~<L 5qj9m&qZclrCDsQ`bot",Check sum is *
test,vZ''=.T~*cG/wF>[,Check sum is T
test,"8?0D
M~C'%W7aVz
vopHLs.Qw::ej:,-/MG""q(",Check sum is ^
test,"h7""&aLg?!A|I$[BVi\<]77.4/ka0B:Y%pYWM",Check sum is X
test,"
O9",Check sum is 2
test,w3'6 3SA+%I_t.i6kZF=+tA	VJS;nQZ;o2m,Check sum is H
test,"9>N}>1@M"">G
{mzK",Check sum is <
test,"{PZ.23]T; I#AkBCL#7(r#\,m}Z
7ak:[>[=D+Ut(x%]M",Check sum is O
test,;96z0K0vn?PZ;o`~',Check sum is +
test,7h~-k1)<cE3AK,Check sum is R
test,"6bJbm>LjO8X~Aqqi,zVO",Check sum is 9
test,*\bk#<5Vv/JaFO;~;5S78]0kiW^UcYjkd1D>1:({|jW(AF5,Check sum is /
test,-sY]pfLm=|6`~Ass3%b,Check sum is 3
test,"|I9D
OP#{EI1JBP[|Lw4//2^D<K'(",Check sum is Z
test,"':
<]zbnwgi[M;:}RW!)Rj`Ca|j|frz~moOrZa}?2",Check sum is :
test,"W0$Rx~{$0~s\Etr--u
'*HVk""!Iw",Check sum is P
test, 5bcSW6g'qof)PC%f~3v,Check sum is \
test,"]k'u(^`8B2]#6rZ)h[H-BeC?j'""|aBId@",Check sum is !
test,6kqU6[LJ8i^@A:lv]~q1pA,Check sum is 8
test,"Lzh.bCM<tEf~IzP+b;UM(,K5EH*Bz67/Vb13k0",Check sum is ^
test,[cK#JS	@B	,Check sum is =
test,"yh""F\#Td	eg#%}j8%HfaCoQc",Check sum is 6
test,Fx!,Check sum is ?
test,"4z#WI-AW%e0!TPz6T!SZA+^~OX9]$tPt%amzs6#(
b",Check sum is U
test,",Z::	r0Xmf.",Check sum is ^
test,"?	+_zfG8K.6E?k'~8~p'a<w3b,\`|F@P.!X{jzY4.",Check sum is E
test,~#F/>'T^1/,Check sum is -
test,"-!%'J}|q?Y	""1N1K#aQux@K%8^:",Check sum is .
test,"6
e_w
4L=3H<rL~yw'Lri"": Z,p>{`wci/FK5niro8""	-VS",Check sum is G
test,"3
]U;+&oj	Nsk8r""Rj6/iF'~mc'-",Check sum is N
test,")""DjXJe/:[?ET&u",Check sum is W
test,o\?*QvTye%>qVvYWS3z_v5UqR790v7i!uT,Check sum is _
test,",X`3g""&AGAeP.F(o$
",Check sum is ]
test,Sy-	I83tzs]&/OE9lI>Qdf/T^ZYN#*~&{N`,Check sum is @
test,S<NEVri``fr_a.Ig?q3${0,Check sum is [
test,u`85/Pb{1l)GS){AQdLMZ_J3}+!#&/V2Px#nH04ik4z\,Check sum is 3
test,"A]}7;<q,u%/,?+Q:XOqYOVo!S;w]-f",Check sum is K
test,'bKj,Check sum is ^
test,"+4i%W(;1kTr+\o3tTcy@;o<9$@m+T#""N/KZ"")5_9aK})8i=>w",Check sum is I
test,"r5~t.\v6(m;nd#-bLz}8,8l#`g[F",Check sum is Y
test,"Fw,}4zoznu",Check sum is @
test,=vIo},Check sum is H
test,"Eob	XP9	i[-Hn&+Op-99UZM#t Xw0$Hf3/OCb8""1J*W0:tlDVA",Check sum is T
test,o%~XH,Check sum is R
test,"`PT>GseN$2ckc:1mIA\SJ&D65&@m*o""C.G}r-.""#~C rhf],",Check sum is E
test,UCZ\.,Check sum is \
test,"D6z0|W
'>
kdz-1=a%Jz9BJ3fW [s8d[u3dZ{iLSVrb`)I",Check sum is =
test,"VPNChs*AWjIAlbrW""[/iu2VN4/w
",Check sum is C
test,"^}$2#o^XFy""l#`\eN|5tQsTikq9b]$v2W3tC+&GkPd2\FOv",Check sum is O
test,"v(]%-81_dtzg]OQkxM1dCu<`,rOtp,pf|Wd(\T[e/",Check sum is U
test,"`U,2;X+,j;A-7m",Check sum is T
test,VMg8~lD$uQoJX*(lyP67M_7#:{#FRriFL$*n4vxW,Check sum is W
test,y7PS+/mlgWCy9{&8(B_P|;|~lT=0Smh>o,Check sum is >
test,"Mlt$JXn8Hu""+&7w/DX'y $;",Check sum is A
test,\tt]<E_O,Check sum is 0
test,uhX2Lq;5f/@6C[QPXp;_v(A@<2{,Check sum is (
test,"`Y>J>\6`{nt?Q!k,fk_/A)/qfbn",Check sum is U
test,0i@S}*<Ri}gj<4nRk8!S=0?nY8^,Check sum is H
test,"j
,;,%1Nb@76 f-:@~@S0%9H",Check sum is .
test,"oAU\FFt4]!$H
uSlZ5>uu*gR-6jPoc<Cn",Check sum is S
test,4bNutbRzo^<D	Pj9t@B;h.,Check sum is +
test,]Q41)QXbfEz21F>,Check sum is 3
test,3-?tvgn@J$]`#X9jF5#?'x=OvqgW!$v9,Check sum is (
test,"(|Xz.5-r_ag<EmCAXe9:xtj~,J)D|FEr^HK
vt^KkH=kZ|\:",Check sum is &
test,"7}Pl_z""??yiT0Jx
|n(S3?[y",Check sum is &
test,"h>w0oErizaq1Q'A\tWZU,V	r
2cDw<'-D
,Hn)OH4h n",Check sum is I
test,"?S %-?k8G16z9I#v}/D=Pl
sLF2kY&6
+&UCDs",Check sum is =
test,"rQ{od|{M>@xuvqZT&p#_R	\_=41g16[N*2&jN?)'H%pmH,ax`",Check sum is <
test,t[x;`{zG'c\q8r~ }KK?rfZD~f;Np,Check sum is B
test,"LMF6bg{:_&
KhkAI",Check sum is *
test,"Yq.""?`+T,Ir&	Du/ah2W.t^}Lag2h	CC=xM6FL~FK<",Check sum is 7
test,<F1H?xP W w=uy[-x`|yeDgXZD<vJ&A#VynXBO6Ra.1||/#JP,Check sum is N
test,S_jO ka[b)8?T^Acc@CEp%:y[\IMHh+1,Check sum is 6
test,?;Cfk!/hMD-YZ pOe*.t3#RR[w~YH,Check sum is R
test,"
n2Z9ML7%iFG\;)c]bxTJqn&?i%@rm}xO3	",Check sum is 1
test,SQCk@bm5oZGktE9]P,Check sum is P
test,"d7,$ _4d""6Irb>oyCx*S&IYXt/#P*2,b
qz.?s	:LPQ g~x3F",Check sum is P
test,"'O7+Z
T6Sb]`'ZW=]x}MQ#PJ^g=",Check sum is \
test,"	yGtL\|a;@l;k+~yg~%8?joraI7Zl2]a%Xa""8M=o-(su*Oz",Check sum is U
test,"kMY+o-Hb-;p~/s	>0*S&E$_x?TF""m",Check sum is \
test,"h#TsW=)""6{5E?yb%JAXsg'1,/J][z)",Check sum is P
test,"+UTd,imdDH<IpPe%O)yb$e=P >p",Check sum is P
test,6Rb$tyo:Mw4TIXy{&JhZBq2?yKzpF,Check sum is /
test,Tl,Check sum is  
test,"|^BOb%t>&qyGn
./%1NfmvKDIl:zFV$",Check sum is U
test,"v,GQ;X+vtHJUzC-C:LJ<qTSA`s`+@')8^BTiyG",Check sum is >
test,+DBNv[Evv<X3IT8%:rs-qcZLJ;J^Zcxy!U;C}aqlCtaU,Check sum is _
test,_1>gjkgB,Check sum is S
test,To.v<S%*6+E$BsY]ciI${E-v@{dV8)Lx`{P{V#,Check sum is /
test,#Ps6Z8W; B$o<.vaiW}g'vu6G[9,Check sum is ]
test,"TXx,Y""bRC;~k}
N&}	@cDj
nfn`T_Ygc].	",Check sum is .
test,"*_60;0x'mlqIx>P}Lf8~D	ro""5kLlADc-_;",Check sum is .
test,3WGG1,Check sum is )
test,e:pZcpS9t,Check sum is \
test,"pc}{V0N3H:^!3BzOU""dVF%\#mE/dzo",Check sum is :
test,"hX.nd|XG2 @4,my
!(W?7J",Check sum is =
test,QP7l?#oH*AUPz$L,Check sum is 7
test,Z!!V*J6?*tD'EN7Wo,Check sum is T
test,"	b,Jtrqcd;s",Check sum is M
test,"e})!aY'mK#V	Qg=~Mp<n2(W=Eed^,J)L%C~l_bq].\",Check sum is 1
test,"3.O\3y$*5weDI(m""*+YOBB>*P",Check sum is 4
test,z'kh&-rm:')_~~653]73b/~Smie)(oTDFOg[]atFr,Check sum is F
test,"YRWw/4'R+OV[{0F""v	cX'
B8P_OK9X9X;",Check sum is >
test,{ZQ6&ZF7;O 9)i iI,Check sum is @
test,"ws]xnIPJ{LJxd]K>r@\y:JX,KQ\SF.A4M)u i!(
WGA<<d",Check sum is H
test,"Pm
w/v6	v5*x*
M>MBnHI@7c]",Check sum is S
test,"2(#fFA<'}F8	""gwq$[["" \RKDY4jE~I,X2i`m$tC=-
^r9J1_@",Check sum is \
test,"!|T~;AiHF_)Ckeo]^n""Ywncg6h^y?SX1.|2.&{H *C6H",Check sum is -
test,dJ|\\e^Us2`Y6,Check sum is .
test,"$u
O)?FjZR/|=uSx9q+zu2*539VFXLK,%CtR_T>	4ys[:",Check sum is S
test,")By|w[;q+of]""P",Check sum is M
test,ia,Check sum is *
test,"vc7_HC/}=_oWn;Q,6GjMYro",Check sum is <
test,"FTvD\sz}KH)s.|KWR,dP{Gp",Check sum is Y
test,(s?@),Check sum is #
test,"h+P@gK~ 4^^L	G	U8	5

 u>|FyQHR]MAhK}",Check sum is [
test,"g)''?-Q>-V[2;{A0[?)O~wnhT""S]kM`8r$mEe;",Check sum is +
test,*Ql[(2W,Check sum is S
test,aGEZFM*[,Check sum is ?
test,"$?4,\!=fF",Check sum is I
test,"w
.0;~~f",Check sum is \
test,	ldU[&Ex7IC{$g$R%Nd,"Check sum is """
test,"Cu}
gf|Y-YKCW.MWQ [c{kkC'OQWuEn=q0`j",Check sum is /
test,>pbs&>?X|^3ckx,Check sum is 1
test,"$a2Jly{I~.+""ymhvy}kV.l(fXgc3_d}+
3",Check sum is #
test,"C)a  ^^g7t`rvXXgtb-ypvn6=7K
",Check sum is )
test,yU:,Check sum is (
test,hJa;>u@x[ASh78H}oKol,Check sum is 9
test,/J9]?4]w`'nVc8WpfUN&V'wNS,Check sum is '
test,yfy77a,Check sum is G
test,-{OgF$,Check sum is (
test,_'uJtI' ;ZX/b$i',Check sum is [
test,"3p;^qU;{TSG8kEsoE 9mmt5L8?$~""(-ou2-4T)FQ~\#((I",Check sum is .
test,"UKUB""f4v=X+L0T;d\
[Q f\@,Y1,BaI-fG%?",Check sum is 8
test,	F?:OSFmc'2%3Y,Check sum is *
test,"Krlx#m1+""]""ZW\mn$0~~*G#l~S-*ZBJrOH{R+>jSYmVw6",Check sum is Y
test,~p	)oFD6:dNR7!k>:\AHH=#S+IJ`~ibi5.)KFUB,Check sum is L
test,cYTlrR<Fof~oV|5r.b,Check sum is -
test,"s14V
du9|;Lr3p.S?xw""Kys	2)YLOoIS]
}",Check sum is Q
test,"Yca/QaaZ7^BN)8hX|Tn;WY XH,K1#pl$m;\Gsf^mX>",Check sum is X
test,-kaRT/N&ABIy ,Check sum is G
test,"yYD<B/S=Q'bT_oJ5[%C9&qqj1t$Z""b`T",Check sum is 7
test,n&pzHHAq!kHrUJ#J9:{5<*EF<`jl,Check sum is 8
test,41.B]*|61N,Check sum is -
test,"*jh~YZ@Afe(Wi6;Q)R/E(T*Q'J,",Check sum is F
test,"!4XD(rtI]^mDvwRG,%jC]).Oct3iz	h",Check sum is 9
test,w*	!_%(r>qhL3 p,Check sum is /
test,50wJ@K+5W	{*1tg-,Check sum is /
test,b6oI,Check sum is 0
test,"x:n<c ^U\F6x
Y<E3%~<<	!
0'!ZB*'?B\4y~",Check sum is U
test,Fjm^wlLhQ*@@FSn,Check sum is 4
test,M`!Z1WaKq^!uvs5Jz*cbuA)Ohl.)oNSOYd,Check sum is '
test,.b^2P;)wiz5gp^MozS9@\hyW,Check sum is N
test,"[*@,1P1#	""WA##|'xH74NfG9BYy|u)005",Check sum is 4
test,YM:}yTw_X&(icpciusf$nua	,Check sum is M
test,"+knvV)OGIhD3K<?&GgAa|)1cK
]IB",Check sum is I
test,"y	,$;yF5+
ok&|
&H	",Check sum is S
test,"xVK/6FW6tK|Qz[IgPk8yADZp<,KVOo,h=P8x	:bOnDFO",Check sum is P
test,"(y{yoBZ\+n0=1&5Y0k/oo9%QvNz!JY@Gp(-%	42X}l[Ar""A#""c",Check sum is Z
test,"M^Qu""4n>6@b""v^JQY]t:oc[JBVCdJqT",Check sum is %
test,":nl[CLjlxRD1r&X""4?VJ-qnq=	UkBz(T(u*!Z"":uSR
Ks,?",Check sum is >
test,"fm*jqaD5c5W9b0bC(]:N~ksq@%Qr(
| |my",Check sum is #
test, 0]Fip_o&Y(6Kbz	M ,Check sum is 4
test,"P92pvDGUmYop2sN344'uG""9^@5Sz!AyE$5w","Check sum is """
test,_Y5[_4gT^M93v@9h4n5EKE:v`,Check sum is  
test,w.p~^L6`Rk5b]c6q+,Check sum is Y
test,)yG[,Check sum is $
test,"n""TB'efHZ`c=UI'+P%%-Vy-d_mt}DkD\",Check sum is =
test,"s^(v?8~>c]c.*?mh	S$^8H3o|]vn:,",Check sum is 4
test,"lICv<_Exc,/niy]K9\tXti\hV_14gMv0<",Check sum is N
test,"~ew*m?,E}",Check sum is >
test,"w7	so&k/xH[Gmevnja/c(WA?""V6M",Check sum is (
test,eZN}V66ZW*\Y&HL5,Check sum is +
test,D50tV`1w:,Check sum is U
test,=-I1?la! A<F8w<2!79s%U*\Qud,Check sum is _
test,"%9hY)dp&'*{wMm\@msRY{7+2$>3Fj
f$Ofk7	",Check sum is N
test,%%/=n+NSwKp8#Yq,Check sum is '
test,V(,Check sum is ^
test,I	xq~atxt2,Check sum is L
test,s\JaT1E)3gb)*P%~((k9E=}!?Q,Check sum is 3
test,"\heB6V
vp\m
*A}1;L",Check sum is :
test,GX\%a?,Check sum is  
test,"noES{O\tezrpa&T5
77?)+iV~e4nw;k2FK,O-Q",Check sum is (
test,S{BN W|#,Check sum is T
test,"^1!2=@p+0ENT	as{&#gYg#3GC,vJ{TWnI^|:A.t-C'8fe[[P",Check sum is 9
test,";RM-h;o `|Kg
0/1E:;@$hpZHfa*xkmnWi5l5l",Check sum is J
test,"j
#`k|/Ym5%=75$y gcGGvOUx",Check sum is ]
test," n	z_&]-IqMf?8Z@2,E1S",Check sum is %
test,Nmr?-wZ b,Check sum is L
test,K}c,Check sum is K
test,"(7CT4s(
#lq,\%	a",Check sum is F
test,sdT8JM>Fr1m%'`Hl[fDX!fkrg@6Wv6n[?pgmZH,Check sum is ]
test,"ShA""KdG1~Y#C	]uh?^:7]<4pl9fIY\W1W\~f!CqpEi",Check sum is K
test,k-`wU=)PNs,Check sum is [
test,"A ,3!;[gRU8	oaSY\g6",Check sum is [
test,lfsiLfHaS	Ci{[Xb6Z4a?,Check sum is %
test,"
z+)q?y*[",Check sum is &
test,"ka2M7M)AK""`N_>!@lCFA",Check sum is (
test,"fvo}&""37j33*]k?A`hm]=(eG:",Check sum is 9
test,"|)_1,k4",Check sum is  
test,"IO
[4|cy iEZIltn""P,""BJF'	lr`Jp
w`LI9sp2k:;xj;",Check sum is #
test,0[z2INFZO_fV0a!x_H-/Q,Check sum is 6
test,"$Pu1{V 2v<;O@C$uUtnNfs.@?d5Xv4!eS!sM`%$q',U=&c",Check sum is ]
test,Uui,Check sum is S
test,;YH,Check sum is <
test,r(jH[0,Check sum is 7
test,"Vt Dezw
0""y-\;""Ch_}txm`xU""; N@*_<**",Check sum is P
test,pDuDNQB,Check sum is .
test,Q7z08.1zLtx!5WR;)o,Check sum is -
test,5CWnN<Qj`*y(mljq4}%(^bL)1>+(%^Si:>,Check sum is -
test,8M?W,Check sum is ;
test,":0KCYR,AeTw2n8p=K/!J)Z:Lr5:Ljc~)-JjaVvUm"";F",Check sum is '
test,M_1Tu=]m\?FArb|#i|DX^8`_F](v;7x'=g,Check sum is .
test,"'O%E`%Us{b	l&w=N-h6#9[/z]
N}O|%f '9%V",Check sum is 5
test,#}M8oqnU(r6/4me70IC,Check sum is  
test,BtsZs?h0k/p>v6Grx2on${u'PIYe47&:wG,Check sum is <
test,"9
""
X[N=",Check sum is M
test,"_r
KylRSb<qfS seM268,",Check sum is )
test,P5$~rmzt7QqSswcBR]Am/9R`C#4HQ>8l:1,Check sum is &
test,"UdX""%!tt[	Sb",Check sum is Z
test,Snd$I@\QCW},Check sum is 6
test,"{
h{m""$%c	6\X|@BHt@|6AFV",Check sum is ?
test,Z	7Y)1?lvu1d*GNV40=EMjpn,Check sum is (
test,-r@}x.0t@8DT8!Fx*jRtpr;UiXi$3_B|<EidM{o=,Check sum is Y
test,0;;wL-6xvYpKH`pb)e59jm:Hp]Vabu#Bg-4N2hs-Ey@!@ ,Check sum is L
test,Kl	/X5ZUUfap1M3KP	3o(0uSXZ g33pVqY[n14,Check sum is K
test,"^zr(5>JC&B:r J9<48""6lVktw:?}e6=k'",Check sum is A
test,"a/T(twbR;SXfa,_=]{B<y",Check sum is O
test,"V8
4:XiL.irkB""8O^9{p^
m$o;DN]k`Y;EN9Dn",Check sum is C
test,Ao>s}Q ,Check sum is /
test,-2o YJubJEe*Bth,Check sum is D
test,.`tLP,Check sum is >
test,k6y!:=1E4HRgV*ON'wQHcV@jD^jCExruU9f2Ql,Check sum is J
test,"!vnZ)yxS`
FVMj/j_TMdW>1","Check sum is ,"
test,qRGbv%nh,Check sum is =
test,"	~ GU%J#sCvdp2ZX-maNc+Qo
u>z	j:*Rq_C",Check sum is #
test,BhC'*eJeO,Check sum is A
test,Gm7IJy|#isM(xU#l!]$}?6Oj,Check sum is 0
test,g&:u$J)[@5j{q=>M,Check sum is !
test,Rd^|wW;jIVVi[5SCUb%RR&K	idn$6+M,Check sum is .
test,tTcJ*$D<xm;xuQBi6SJ!,Check sum is  
test,#[c|l,Check sum is )
test,"xq""9u$!b7awf.D?O""!uE,1Jox_	mKj[7ej+^h?",Check sum is [
test,mOC,Check sum is _
test,jT]V@q:Y!HkItv'`ukX}Sk(b	h,Check sum is Q
test,"g""tz(V",Check sum is U
test,"we3C	cT\,TdM*A-y:%s%[9QL^k`82s5%mFA$<!3",Check sum is @
test,"u2z6G >&sF;5Z75A},",Check sum is [
test,"tLI4x>?
A3~CAsg]{+
y'8N74GEYf:*ld",Check sum is I
test,qcnk<N$,Check sum is ;
test,df7i$=0qcGUz?+)7Kkr#`:	<fx	i,Check sum is I
test,d>U-	Rqlb P<:$gwH+(t]<qk_3ZD,Check sum is :
test,"NO+
	~Gu""(=OBfU<5{.4YA~_v1,18B*DRp/3r:g-noHk",Check sum is -
test,"J -;
+cD596E+u/*0\|rc]+`@V)g6$ui&{G
`",Check sum is %
test,"T@YNb
6hmBdCd>];QhiQJHK6Roq""X,1jBH[u7]RSB).@8Fd!",Check sum is ]
test,"d3Qq}?m|	aJu*$S""Uknp%EXLuq(C7mV\wPaw*Y|B=""vm:3:,",Check sum is R
test,`Q]N_*goT-,Check sum is \
test,"yijLW, OhEqZJqv74ta9`^CWtq_	~
i(1I	m^9IW=!7",Check sum is F
test,y&#r?Jo7/%XzFWvg,Check sum is #
test,"d'EEW60j""nwc5E-s""w",Check sum is 9
test,[~R7,Check sum is B
test,")
I]3H%>DJqY7,7rLv 0>pOF5o`""pbSr YMA|~Ci4",Check sum is .
test,WcXW6'`Q?H,Check sum is ^
test,	O4WgxG/(02	@I]W):G1vij&I*'8S}`uMu;Y3e,Check sum is W
test,"]nLX@YbuiV7""zksrB5[8`M[5)U><ckb.TM0B9%;\64-sr!g3",Check sum is =
test,"
+[Xo,=6cMKQAH WZa^jxpH\S& rPU}",Check sum is ^
test,"x8.Cwpsz&*T|#t/f""GwnV2Jgc8'	5i,^> 8}bU2]j`'sDg'Y%",Check sum is (
test,pXHu:6EuxoK,Check sum is A
test,m7I|(#w({!0=]29X~*NkY|oz,Check sum is ;
test,":V.M(sHTd""'CUn`,+",Check sum is L
test,"q$U<#)2tCe8+|7ovPAB!!1F{oD1Rs""5AW"":6&
nC",Check sum is -
test,"?Z/O.EI3U}
<""2tze/c(bBTd!gB6]^B#c2pS#a~y",Check sum is .
test,J0wI0sM=*gl}x(!.i+kPY[*H+,Check sum is P
test,ba$74gZ(lq,Check sum is 8
test,sQNKG{uIKs)CFAuHlqb<JK*-~a:YkT0%,Check sum is X
test,"s?L[ GVjs? F+fqXV&'F-7$js2u1NFO
@eu4}D",Check sum is 4
test,"	Q|`.""Rna5+B.~QC]3/f",Check sum is N
test,"LFZglbNN<(I-L^N`D5(:$1+ie:""z_RFRf @ty+U#W",Check sum is D
test,h5?n(,Check sum is R
test,"'ZuJ8YDu@_	@6=4Lu`#,Df\VG=JTlp,+nL{J`to$}.w%n&8KR",Check sum is 0
test,"W:)LvEy2uF2r)
~#kF!WpLIr	#,}}",Check sum is 1
test,";-	P^%(&q 
Gwl*G~AlG/e,M}\3pH5*@7_*E",Check sum is O
test,yJt~uw?!}M&DnUai'(|.-ptcwEd,Check sum is /
test,"d.y9uG4tKcLo2+Mn*}Y	q5cN,SNC_(Lk[f}abtlZgMkthc5B",Check sum is G
test,t[{}a}bCkllm9w8Ky!lvdz?c]3*bl?TI@4-N_,Check sum is ;
test,",bv",Check sum is $
test,r((@{bI![6LV46KEm7]ds]qaaE]WQkKkJ*$Q*+p,Check sum is W
test,'SVQ}[cm9ij=r(?tf)O|m@k\]%ep:/J6W*M&Z,Check sum is [
test,0pS`	`Apgn*~o[AG>-0)VBhQpx;ZcN,Check sum is _
test,"_,||y<QK H 6`v0v#3NuKXy+wOa7(",Check sum is T
test,"I
	kaHn40Ohg`z WAP@],hMtg}}@(PS%IR7b",Check sum is Y
test,	dB9P;-^8fNO$CKo,Check sum is :
test,<XGl/,Check sum is V
test,phso7`6mU(	^SsCL#_~G!QE~Q4~<GJLVs*U15SsGZ`HAf;,Check sum is D
test,"	[k
|0?0M%gNPcy@|g,2]nT.4&!:,V>}Yg2\;vk",Check sum is Q
test,",U",Check sum is !
test,"&4Kn%R_-HIx&lG#\+f=y}""^k'q>)WSI `~T@l6`-y\
&aaVvB/",Check sum is =
test,:Xi	n		-<#	3;2[tMB'UR8qwQKer8,Check sum is P
test,/OBAIWTp@?fueCl`nlgtF.4qMBG U%0ChVvYV>^eImKM/ni,Check sum is <
test,"Ju\}[3;N%4;XhI8Y*EH(PEiE,@Nbvg2]wJzr~MIa\TK-N Nza",Check sum is H
test,"yuf8&D
p7fe;]KEh,r
_XI;Y4wFH< :Tm",Check sum is .
test,4.,Check sum is B
test,bxD *pm	qO*irm{7wg|4SH]H,Check sum is  
test,"~ssbn}.2Lw(c7+a0k(w9
\&7mpQ59w;MUkl^pE9eU",Check sum is E
test,InPEVp.Fi,Check sum is O
test,gfM,Check sum is :
test,Fkz[{6Gmo#u0]6	c)2t,Check sum is P
test,|{s	6k&hyFu4Z4BKcA%Ut~]`p|Q[T{T^w,"Check sum is """
test,dQJ,Check sum is _
test,B!	TYltElA/[#+eI,Check sum is Q
test,=oH=${V[!}KO,Check sum is Y
test,N2`W$a{5XKj+>&5q%~2S.o,Check sum is S
test,9q;_^IP5@l.7W. .Yp#:P&E	m&J)<%.~Hn5Dq.g(:,Check sum is H
test,(l=kV%qMss}1D;/cA	6OUXd,Check sum is Z
test,"O_""QFI&.85/+Ka@,9^Vt^jxBfR5bU~9u` BFm6;Q=$j5""",Check sum is O
test,"Kj;AqP0moF^56UMub""J4/L))|YH5f]U':3SZZ4#/Z_lqo	?bLo",Check sum is H
test,"h%MWzru1_z""Muw7",Check sum is N
test,"1;6)F)pmQN~hS5
:{u%i{m=3rJ",Check sum is Z
test,"M""7k
GTX(%2RFZll;Dp
s4^:L:xl:S~Q'9L~",Check sum is _
test,L%*c%tpaL*y~D_M44TiaT12{eZ!5O2@R9#tP4t,Check sum is M
test,N/pb+8yqfAma?Phl1)F\vE`lnVm1	m,Check sum is /
test,"&YnrcV0=5
Y5Y//ojw^<b$vsOH`ge>(Ky6",Check sum is %
test,">=YV>67M&+Cg962$r|*o=X4/.Z=tF!d)>B7ts+]""neqC/RC",Check sum is A
test,"=T0
5g&U4nhX!m""@i 8?\'f39-LAbkp'/(	""?tSEKF",Check sum is %
test,"N;kC\,635\9! _=qRFP@dGi",Check sum is \
test,x:t(>K2E9efk^~~H-S^9rc=,Check sum is (
test,"`hTk&5_f<kHNF/#Qa""CKvN
y(~UP	PFv?!{=;@Dm8gdV",Check sum is B
test,".6H#)D\%$ hT(|8|~F?D)l(M_=""J!fi!^+res%",Check sum is W
test,7 ,Check sum is 7
test,"]O6'o_ny$i3sA`""5-<41TO=Ua$Ll9j","Check sum is ,"
test,y	qLFDdo{jQV,Check sum is H
test,"5lc&z,EAQqnWT`yR=",Check sum is 9
test,^'LpvHS:-,Check sum is Y
test,Q6$%QkYE<#5)C~&m#&C36M0 Vg4bXR1RLu%2K,Check sum is P
test,6?4wDg78{00;GjZ`I#y2_!j9,Check sum is U
test,"w!O|<9&Ua:v	2
Y@+G`wa|D+hq7Z]BjOX",Check sum is Q
test,-@<Y6<7%l_9@9$XI/+TD7OU%1H!H\h%!*-jwR69g$xqlk 7',Check sum is R
test,(1f	.?r:i^;~$bqH3!1LNGKj7^>*;v:.(ct>mq3XES2N`p?.G0,Check sum is #
test,uUeHhTwQKsef,Check sum is $
test,"~T$b{`yW140\4g()/EG &q@Zk@:,FFoncz	vj=6t",Check sum is 3
test,<)09@_{|p4_H?u[K fOo~o<}|\p{r},Check sum is E
test,"qmM>|16rIdC-q
3cr\3",Check sum is M
test,"!j,]@(!}C+Yz[^ZLxx%	5Sz==/0j8HlJ/tyx:pAco}K.",Check sum is :
test,"VEsX{`_/|;n)*[20"",ztNi#R3L6,OQ,'_#7^4:",Check sum is %
test,"<62zQ
|b",Check sum is 7
test,"?Y5j%$	t'	?B(E}C{i4yz+uozL%Uzo{vg #)	\y0=8(-|.H,",Check sum is 8
test,"ht/lW`fZ6PnJ/|E!]yFwCT@2R!
/B61I$-O~9<i#10cd",Check sum is ^
test,"w.~xE
U0JM9V""MWbj0n1,Ib1",Check sum is ^
test,"""C	o%q.]o6]-Ps9xLSl3
]D{+Gz2c^|mW""y,<P/_FK9#Jy",Check sum is U
test,",HC}~N:TU:b)-hZdUh6-K))`q|8AI8e6Z O*^",Check sum is K
