set,input1,output1
train,,Check sum is  
train,	,Check sum is )
train,"
",Check sum is *
train,"B
","Check sum is ,"
train,"

",Check sum is 4
train,"

















































",Check sum is T
train,                                                  ,Check sum is  
train,ssssssssssssssssssssssssssssssssssssssssssssssssss,Check sum is V
train,"CD
CD
CD
CD
CD
CD
CD
CD
CD
CD
CD
CD
CD
CD
CD
CD
CD",Check sum is 7
train,"x
y x
y x
y x
y x
y x
y x
y x
y x
y x
y x
y x
y x
",Check sum is &
train," 
 
 
 
 
 
 
 
 
 
 
 
 
 
 
 
 
 
 
 
 
 
 
 
 
",Check sum is :
train, ,Check sum is @
train,!,Check sum is A
train,"""",Check sum is B
train,#,Check sum is C
train,$,Check sum is D
train,%,Check sum is E
train,&,Check sum is F
train,',Check sum is G
train,(,Check sum is H
train,),Check sum is I
train,*,Check sum is J
train,+,Check sum is K
train,",",Check sum is L
train,-,Check sum is M
train,.,Check sum is N
train,/,Check sum is O
train,0,Check sum is P
train,1,Check sum is Q
train,2,Check sum is R
train,3,Check sum is S
train,4,Check sum is T
train,5,Check sum is U
train,6,Check sum is V
train,7,Check sum is W
train,8,Check sum is X
train,9,Check sum is Y
train,:,Check sum is Z
train,;,Check sum is [
train,<,Check sum is \
train,=,Check sum is ]
train,>,Check sum is ^
train,?,Check sum is _
train,@,Check sum is  
train,A,Check sum is !
train,B,"Check sum is """
train,C,Check sum is #
train,D,Check sum is $
train,E,Check sum is %
train,F,Check sum is &
train,G,Check sum is '
train,H,Check sum is (
train,I,Check sum is )
train,J,Check sum is *
train,K,Check sum is +
train,L,"Check sum is ,"
train,M,Check sum is -
train,N,Check sum is .
train,O,Check sum is /
train,P,Check sum is 0
train,Q,Check sum is 1
train,R,Check sum is 2
train,S,Check sum is 3
train,T,Check sum is 4
train,U,Check sum is 5
train,V,Check sum is 6
train,W,Check sum is 7
train,X,Check sum is 8
train,Y,Check sum is 9
train,Z,Check sum is :
train,[,Check sum is ;
train,\,Check sum is <
train,],Check sum is =
train,^,Check sum is >
train,_,Check sum is ?
train,`,Check sum is @
train,a,Check sum is A
train,b,Check sum is B
train,c,Check sum is C
train,d,Check sum is D
train,e,Check sum is E
train,f,Check sum is F
train,g,Check sum is G
train,h,Check sum is H
train,i,Check sum is I
train,j,Check sum is J
train,k,Check sum is K
train,l,Check sum is L
train,m,Check sum is M
train,n,Check sum is N
train,o,Check sum is O
train,p,Check sum is P
train,q,Check sum is Q
train,r,Check sum is R
train,s,Check sum is S
train,t,Check sum is T
train,u,Check sum is U
train,v,Check sum is V
train,w,Check sum is W
train,x,Check sum is X
train,y,Check sum is Y
train,z,Check sum is Z
train,{,Check sum is [
train,|,Check sum is \
train,},Check sum is ]
train,~,Check sum is ^
train,MK,Check sum is 8
train,1K,Check sum is \
train,;),Check sum is D
train,M{,Check sum is (
train,-=,Check sum is J
train,:T,Check sum is .
train,o^,Check sum is -
train,"""a",Check sum is #
train,Lb,Check sum is N
train,c9,Check sum is <
train,n:,Check sum is H
train,_w,Check sum is 6
train,gQ,Check sum is X
train,87,Check sum is O
train,7m,Check sum is D
train,!n,Check sum is /
train,o3,Check sum is B
train,rB,Check sum is T
train,r#,Check sum is 5
train,me,Check sum is 2
train,d&,Check sum is *
train,!3,Check sum is 4
train,&9,Check sum is ?
train,z{,Check sum is U
train,",-",Check sum is 9
train, I,Check sum is I
train,~\,Check sum is :
train,=Z,Check sum is 7
train,Iw,Check sum is  
train,f6,Check sum is <
train,e],"Check sum is """
train,Q`,Check sum is Q
train,#?,Check sum is B
train,CJ,Check sum is -
train,a?,Check sum is @
train,V3,Check sum is )
train,X(,Check sum is  
train,I;,Check sum is $
train,-b,Check sum is /
train,R[,Check sum is M
train,9 ,Check sum is 9
train,%b,Check sum is '
train,;e,Check sum is @
train,j ,Check sum is *
train,m&,Check sum is 3
train,2J,Check sum is \
train,p8,Check sum is H
train,v',Check sum is =
train,U%,Check sum is Z
train,r.,Check sum is @
train,?E,Check sum is $
train,@T,Check sum is 4
train,}h,Check sum is E
train,3:,Check sum is M
train,'J,Check sum is Q
train,RH?,Check sum is 9
train,F{X,Check sum is 9
train,Y[<,Check sum is P
train,3q/,Check sum is 3
train,1fp,Check sum is '
train,'lx,Check sum is +
train,_'+,Check sum is Q
train,Z64,Check sum is $
train,/W],Check sum is C
train,'L[,Check sum is .
train,$ 3,Check sum is W
train,^.>,Check sum is *
train,zc0,Check sum is -
train,Sl~,Check sum is ]
train,j`h,Check sum is R
train,.0$,"Check sum is """
train,{'1,Check sum is 3
train,O@r,Check sum is !
train,mzr,Check sum is 9
train,"hl
",Check sum is >
train,@ F,Check sum is F
train,)L ,Check sum is 5
train,G 6,Check sum is =
train,K~a,Check sum is J
train,?n@,Check sum is M
train,:eb,Check sum is !
train,ls-,"Check sum is ,"
train,1t_,Check sum is $
train,$j+,Check sum is Y
train,O>i,Check sum is V
train,SvJ,Check sum is 3
train,~X8,Check sum is .
train,F/K,Check sum is  
train,",gH",Check sum is ;
train,9!@,Check sum is :
train,[[=,Check sum is S
train,w)B,Check sum is B
train,^ws,Check sum is (
train,1.',Check sum is &
train,n>0,Check sum is <
train,b-e,Check sum is T
train,u5e,Check sum is /
train,",.?",Check sum is 9
train,w9a,Check sum is 1
train,%DU,Check sum is ^
train,",`/",Check sum is [
train,h=V,Check sum is [
train,W_],Check sum is 3
train,xZS,Check sum is E
train,{<\,Check sum is 3
train,<4aIB$1r:J,Check sum is G
train,Mfzc7/5+pd'(/RtcDSKQA/HcbhO$#p?7U+,Check sum is E
train,bU,Check sum is W
train,"NSB_!>!#'&O%:u=utj|pKnqGQa \,T{O""3m_j)CEH	z2c#io",Check sum is 1
train,gwb+Pj!&x8e'K=VOyYEbWdupx,Check sum is F
train,"mq%$,'*""z#]cy
",Check sum is F
train,"8
cN`",Check sum is 3
train,"w1`W:ST4I1t
[2
FOoI#h<jF~d.O",Check sum is F
train,".]by%Vi""'F7B^%xgSJW<Zv-R$,&9f8PZ8V#1f$i}4SZw<#
4^ ",Check sum is O
train,`NE97dFF|nHGm?#6!:,Check sum is L
train,OIyX!&=/^iK6,Check sum is D
train,"=su/{'00?2N*iqWFL
d} F` 0iI5yaUY[zUJYwuh84DzddY",Check sum is >
train,"=mw""2=J :W
90",Check sum is @
train,^L+<'\WRm_%*X,Check sum is P
train,@x,Check sum is X
train,^w>iA%,Check sum is B
train,A+{g!,Check sum is O
train,"=>#Q=>s""xY.aI9I$G4$lx	4-7hz&",Check sum is Z
train,"rk[vgc1_Hhb{a!O&iKVUB34fJ)""63%,;@I@?IoP",Check sum is 4
train,"1BOZ0$U+e49qY	_G""O)c3
#Y1'A8","Check sum is """
train,"do|\jk0$v6;,j2'/.Vfo>$(J<JyfV3?9",Check sum is L
train,"z8%DD&""4'+",Check sum is M
train,J.8x&aF *IbzSckJN%r$	G1!|5Y/}IW|n$#AvDkIBUI.,Check sum is ^
train,"[SN0""	'ql|SqU0O|.MIN!oni)uD~zZ;
G7c",Check sum is ^
train,";
b]{1`qx
v2a6xle",Check sum is +
train,"dk',uk,l\z?R#&c>hAq2Vh]x<",Check sum is &
train,/.l*2Dy5U@KC1.7I7~tw{(Rw:MB#,Check sum is 1
train,"l])A}EPwWO"">0.TA]['k1A-cZN1J,",Check sum is 0
train,KW {B0VBl!.Y1$B	fT}2_c140,Check sum is [
train,7+]hPp,Check sum is G
train,"	n9Hd'$aFR-{y	%m""uU",Check sum is (
train,"tM&|% 9JU(/,'OsnUn;-iqT`')tnAElA
3[?J",Check sum is 9
train,'cj:!$KA_OyFl,Check sum is 8
train,` 6`a8}bMb8f_:!,Check sum is 5
train,u;=X\WDRtX!TmV!n|48XRV,Check sum is )
train,"T6#+QdP$[/IADm^fI@7Czmpmz`v
o1f]U'#z=",Check sum is D
train,"*uw;`QPZlM<ICP
NEf~""_	2(~>#uu.ZLd\ 4BRm",Check sum is 4
train,"Q +T?Ghw=II.qsOJLT^7On}-aEM,w^",Check sum is ?
train,"M'v'X<IL+24vsjUu""pa4W5;	8wz[uIJBo7v(QS]_4;4z
]<w^B",Check sum is H
train,g@RN/X LXg.a+vbsz[3ODMy\%slxLE\KVL%mfB8Pm';gh,Check sum is Q
train,060`<M*XhTXpzb+H\:+0I6BL|Q(_d?lmpL	NN,Check sum is #
train,"Q@B|F.@|UjNp6#H'DHg*v
{~ilvZ`$~%dn 6u^by8}fqudn",Check sum is /
train,8c<,Check sum is 7
train,m9QK9%9t<['\pU)qjzHKlHTAX9b,Check sum is Y
train,"Izf5&yHf%yxNmy^zV;""Umjl2?^s&",Check sum is  
train,"Xo*&V@W""XYVq	Z4dlB{	N(ixLO5~*$G~<",Check sum is _
train,",L0
H?Te@2K\cnWPj@2ynenOSIKrJ8etpyz",Check sum is _
train,"j\{7TyhOEm5I(a 5%,6veyy9",Check sum is 7
train,"u2Ea4nC	Da m!$-C\T62|I{go^,fmx<R|u?N`AF",Check sum is 8
train,-ciOd)FsL3bc=>S2=)J'>y:K&HrPK{JnZ<og0^cAWaV,Check sum is _
train,;p]&KbNOpwO=q~-a=7,Check sum is <
train,"]1{~lE8c!bnft""RpP_KAyMR=<H4
<""hn\",Check sum is D
train,"\i?kb/G0HZj2f-OIVuE>qzA*9Tan!
axX",Check sum is \
train,":dwk+z-`	7:4`[S$7U1gYAAOL %L,3-c?T>HMsx8
\p#e",Check sum is 3
train,^qVX[.2]_JFw}{k)[#\7eu wP@}g\,Check sum is 9
train,"3D-&uICPE WQw0mbGL
svqmwi<VB'W6a@",Check sum is +
train,"RQ)f!	-]7>Cu|,1a`w5
klmTO:0>r
",Check sum is N
train,%-bq'BJ1H?6tJqq,Check sum is F
train,]:CBGdW[QFJx1I:UaECo; d`^y`(|c@P~8l,"Check sum is """
train,8]CWpyxC\m?;P2AcTL<|zu!L@j4UM99%sw,Check sum is Q
train,"G~MHrgq hdxx){pU3j@=""wNglCq`",Check sum is 1
train,:NZ!(_VUB)cxVA={>2kAFC>HIgN**YIA!Gv@5nk8GH,Check sum is =
train,Ti=mU09>UGHCy^Bc	Q9U'i4)nP$\}1	k,Check sum is [
train,x\/aV/> VwE_.|T8q-}sBI{|DG{b{m?@E4I&VnmA,Check sum is G
train,`_m4:5tAg1{MuNyAoV,Check sum is F
train,R@oFSgB?],Check sum is ?
train,"ynDby#wM?~Qu""+ly-c.8f",Check sum is ^
train,"#[V	oCk(,S'JG#BYIZP2[Y89t14c6yM=/dO""Y_m!s^F+{eNx1",Check sum is Y
train,"?y_q]T@x;#P""$i&bgS83Hq(x",Check sum is 4
train,"?b7?t&wE N>,sY/b-a",Check sum is P
train,"<,n(<}@xd8Hi:%RUB;$p?o:4J>Z_b$QCHpe^m`5S",Check sum is :
train,NCeB,Check sum is X
train,{ciH^I//rX'h/!c?</4&4'8aT5-	lCQnp*N{UGcr,Check sum is 9
train,_vG2FIpB;^>N,Check sum is T
train,b.,Check sum is 0
train,&6=cR+:X~9<y7)6>[w/Gvr>$eFy.#_#eq};z:uK>,Check sum is 4
train,"L:vFgikK$0%4)laj
2X)on",Check sum is O
train,"tvcy6^]*R0nu,W>",Check sum is '
train,"^	iuZ"":o'&N1I1g?(}EQRc
WjToTh",Check sum is 0
train,"+pf
Y$~ZJdQQIj$J+[nuqB=-xQ510EY9Emrt&!psk[",Check sum is 5
train,cE:	U7}h,Check sum is <
train,g>UGx,Check sum is Y
train,'&#`kFVw!~,Check sum is M
train,"/;r9;Tv$<yiN~egg'R|,lZ&+LTUHYQ0REl*/*mYM`B M",Check sum is 2
train,"Zs@,Mfmnbbnzi#
Il_0ELC/;vrT_=u:g*y",Check sum is <
train,"Y<A5(,C
wP)>s9aF7HS",Check sum is _
train,"~!tte1""}?q1K3g]whIN??^di^B%To)",Check sum is O
train,f_>/Vz_fK3)/lwJh,Check sum is R
train,VI!]t)[MI|r'xiU_=%!Jj-F,Check sum is _
test,&m,Check sum is 3
test,W|,Check sum is 3
test,am,Check sum is .
test,7F,Check sum is ]
test,& ,Check sum is &
test,>S,Check sum is 1
test,",W",Check sum is #
test,[#,Check sum is ^
test,"""V",Check sum is X
test,$1,Check sum is 5
test,{>,Check sum is Y
test,_z,Check sum is 9
test,hm,Check sum is 5
test,Wx,Check sum is /
test,Lw,Check sum is #
test,g},Check sum is D
test,rt,Check sum is F
test,%q,Check sum is 6
test,Q%,Check sum is V
test,%7,Check sum is <
test,b%,Check sum is '
test,XH,Check sum is @
test,q\,Check sum is -
test,2E,Check sum is W
test,}f,Check sum is C
test,3W,Check sum is *
test,!Q,Check sum is R
test,os,Check sum is B
test,Bx,Check sum is Z
test,e*,Check sum is /
test,0D,Check sum is T
test,.8,Check sum is F
test,#1,Check sum is 4
test,pE,Check sum is U
test,Y?,Check sum is 8
test,\W,Check sum is S
test,$r,Check sum is 6
test,~`,Check sum is >
test,h|,Check sum is D
test,u5,Check sum is J
test,jo,Check sum is 9
test,H',Check sum is O
test,=\,Check sum is 9
test,m4,Check sum is A
test,<B,Check sum is ^
test,lD,Check sum is P
test,5 ,Check sum is 5
test,(O,Check sum is W
test,.%,Check sum is 3
test,3B,Check sum is U
test,8X,Check sum is 0
test,Ho,Check sum is W
test,)%,Check sum is .
test,#c,Check sum is &
test,S>,Check sum is 1
test,?G,Check sum is &
test,Nc,Check sum is Q
test,5!,Check sum is 6
test,#d,Check sum is '
test,w!,Check sum is 8
test,FW,Check sum is =
test,]/,"Check sum is ,"
test,-8,Check sum is E
test,ZQ,Check sum is K
test,Qk,Check sum is \
test,"z""",Check sum is <
test,rO,Check sum is !
test,}k,Check sum is H
test,er,Check sum is 7
test,D),Check sum is M
test,)e,Check sum is .
test,",y",Check sum is E
test,9K,Check sum is $
test,s_,Check sum is 2
test,:1,Check sum is K
test,`j,Check sum is *
test,CS,Check sum is 6
test,-~,Check sum is K
test,\f,"Check sum is """
test,~K,Check sum is )
test,VX,Check sum is N
test,_v,Check sum is 5
test,o+,Check sum is :
test,l4,Check sum is @
test,@E,Check sum is %
test,oM,Check sum is \
test,tH,Check sum is \
test,BQ,Check sum is 3
test,/o,Check sum is >
test,4 ,Check sum is 4
test,Vo,Check sum is %
test,Od,Check sum is S
test,*v,Check sum is @
test,v^,Check sum is 4
test,p|,Check sum is L
test,Q?,Check sum is 0
test,{k,Check sum is F
test,_6,Check sum is 5
test,OQ,Check sum is @
test,p^,Check sum is .
test,"""n",Check sum is 0
test,z0,Check sum is J
test,;{,Check sum is V
test,e^,Check sum is #
test,C:,Check sum is ]
test,G-,Check sum is T
test,.G,Check sum is U
test,e>,Check sum is C
test,{t,Check sum is O
test,Lz,Check sum is &
test,\ ,Check sum is \
test,1C,Check sum is T
test,Go,Check sum is V
test,v+,Check sum is A
test,"
D",Check sum is .
test,[G,Check sum is B
test,JO,Check sum is 9
test,O-,Check sum is \
test,s^,Check sum is 1
test,	:,Check sum is #
test,Uu,Check sum is *
test,<=,Check sum is Y
test,es,Check sum is 8
test,zK,Check sum is %
test,]1,Check sum is .
test,0L,Check sum is \
test,^z,Check sum is 8
test,RE,Check sum is 7
test,Tp,Check sum is $
test,=D,Check sum is !
test,>5,Check sum is S
test,"
V",Check sum is @
test,ym,Check sum is F
test,9X,Check sum is 1
test,4:,Check sum is N
test,p`,Check sum is 0
test,~E,Check sum is #
test,]V,Check sum is S
test,qv,Check sum is G
test,mU,"Check sum is """
test,~|,Check sum is Z
test,CB,Check sum is %
test,lZ,Check sum is &
test,(N,Check sum is V
test,KD,Check sum is /
test,6S,Check sum is )
test,e4,Check sum is 9
test,*0,Check sum is :
test,Wd,Check sum is [
test,hu,Check sum is =
test,B1,Check sum is S
test,|D,Check sum is  
test,)+,Check sum is 4
test,{x,Check sum is S
test, d,Check sum is $
test,"7""",Check sum is 9
test,D',Check sum is K
test,R-,Check sum is _
test,M#,Check sum is P
test,le,Check sum is 1
test,"V,","Check sum is """
test,}J,Check sum is '
test,^{,Check sum is 9
test,@a,Check sum is A
test,=#,Check sum is @
test,YS,Check sum is L
test,<f,Check sum is B
test,Ti,Check sum is ]
test,G4,Check sum is [
test,6v,Check sum is L
test,p-,Check sum is =
test,` ,Check sum is  
test,%1,Check sum is 6
test,Le,Check sum is Q
test,^L,Check sum is J
test,GX,Check sum is ?
test,Vf,Check sum is \
test,B3,Check sum is U
test,bW,Check sum is Y
test,A<,Check sum is ]
test,"y""",Check sum is ;
test,]c,Check sum is  
test,HF,Check sum is .
test,NT,Check sum is B
test,g},Check sum is D
test,K!,Check sum is L
test,9B,Check sum is [
test,X#,Check sum is [
test,te,Check sum is 9
test,}R,Check sum is /
test,{:,Check sum is U
test,mK,Check sum is X
test,ZG,Check sum is A
test,*s,Check sum is =
test,>A,Check sum is _
test,e\,Check sum is !
test,y#,Check sum is <
test,UV,Check sum is K
test,!o,Check sum is 0
test,KM,Check sum is 8
test,l?,Check sum is K
test,4M,Check sum is !
test,jV,Check sum is  
test,<K,Check sum is '
test,lg,Check sum is 3
test,g6,Check sum is =
test,q$,Check sum is 5
test,r8,Check sum is J
test,=^,Check sum is ;
test,"
u",Check sum is _
test,+l,Check sum is 7
test,3+,Check sum is >
test,=x,Check sum is U
test,2),Check sum is ;
test,V',Check sum is ]
test,#^,Check sum is !
test,+),Check sum is 4
test,Qc,Check sum is T
test,>T,Check sum is 2
test,?2,Check sum is Q
test,6>,Check sum is T
test,zX,Check sum is 2
test,f4,Check sum is :
test,$N,Check sum is R
test,=^,Check sum is ;
test,;p,Check sum is K
test,bO,Check sum is Q
test,/3,Check sum is B
test,"?""",Check sum is A
test,ql,Check sum is =
test,F@,Check sum is &
test,	I,Check sum is 2
test,fP,Check sum is V
test,%P,Check sum is U
test,+	,Check sum is T
test,0e,Check sum is 5
test,Mh,Check sum is U
test,;a,Check sum is <
test,"2,",Check sum is >
test,[P,Check sum is K
test,[2,Check sum is -
test,h[,Check sum is #
test,Df,Check sum is J
test,q^,Check sum is /
test,$F,Check sum is J
test,yf,Check sum is ?
test,1E,Check sum is V
test,?2,Check sum is Q
test,M#,Check sum is P
test,~G,Check sum is %
test,.[,Check sum is )
test,SW,Check sum is J
test,LG,Check sum is 3
test,)L,Check sum is U
test,a ,Check sum is !
test,37,Check sum is J
test,4b,Check sum is 6
test,"
&",Check sum is P
test,F2,Check sum is X
test,"
f",Check sum is P
test,lP,Check sum is \
test,(?,Check sum is G
test,p/,Check sum is ?
test,%D,Check sum is I
test,or,Check sum is A
test,C6,Check sum is Y
test,(E,Check sum is M
test,1i,Check sum is :
test,i<,Check sum is E
test,TG,Check sum is ;
test,	),Check sum is R
test,'9,Check sum is @
test,jC,Check sum is M
test,=1,Check sum is N
test,*9,Check sum is C
test,7/,Check sum is F
test,Bd,Check sum is F
test,v%,Check sum is ;
test,-1,Check sum is >
test,QM,Check sum is >
test,Nb,Check sum is P
test,\n,Check sum is *
test,!O,Check sum is P
test,a;,Check sum is <
test,pd,Check sum is 4
test,z\,Check sum is 6
test,o!,Check sum is 0
test,@q,Check sum is Q
test,6e,Check sum is ;
test,gg,Check sum is .
test,b|,Check sum is >
test,P),Check sum is Y
test,7[,Check sum is 2
test,us,Check sum is H
test,WB,Check sum is 9
test,Em,Check sum is R
test,uX,Check sum is -
test,"
?",Check sum is )
test,9x,Check sum is Q
test,83,Check sum is K
test,Co,Check sum is R
test,Ap,Check sum is Q
test,~D,"Check sum is """
test,Q?,Check sum is 0
test, 1,Check sum is 1
test,./,Check sum is =
test,Q%,Check sum is V
test,ji,Check sum is 3
test,ms,Check sum is @
test,PK,Check sum is ;
test,+},Check sum is H
test,|H,Check sum is $
test,[^,Check sum is Y
test,kx,Check sum is C
test,XT,Check sum is L
test,* ,Check sum is *
test,3D,Check sum is W
test,q1,Check sum is B
test,VC,Check sum is 9
test,S ,Check sum is S
test,",P",Check sum is \
test,Yj,Check sum is #
test,-@,Check sum is M
test,]H,Check sum is E
test,3(,Check sum is ;
test,0+,Check sum is ;
test,va,Check sum is 7
test,-z,Check sum is G
test,lK,Check sum is W
test,y$,Check sum is =
test,S!,Check sum is T
test,^X,Check sum is V
test,cn,Check sum is 1
test,]q,Check sum is .
test,O%,Check sum is T
test,0z,Check sum is J
test,Q<,Check sum is -
test,D},Check sum is !
test,.y,Check sum is G
test,9K,Check sum is $
test, @,Check sum is @
test,+G,Check sum is R
test,;.,Check sum is I
test,3C,Check sum is V
test,rq,Check sum is C
test,"J,",Check sum is V
test,]O,Check sum is L
test,TC,Check sum is 7
test,cx,Check sum is ;
test,`N,Check sum is N
test,~k,Check sum is I
test,f8,Check sum is >
test,y+,Check sum is D
test,vu,Check sum is K
test, B,Check sum is B
test,"=,",Check sum is I
test,e|,Check sum is A
test,G),Check sum is P
test,|z,Check sum is V
test,]E,Check sum is B
test,3o,Check sum is B
test,VK,Check sum is A
test,)5,Check sum is >
test,r',Check sum is 9
test,"<
",Check sum is &
test,d2,Check sum is 6
test,ED,Check sum is )
test,a<,Check sum is =
test,&J,Check sum is P
test,-2,Check sum is ?
test,O ,Check sum is O
test,`O,Check sum is O
test,-(,Check sum is 5
test,"""`","Check sum is """
test,z!,Check sum is ;
test,3<,Check sum is O
test,&f,"Check sum is ,"
test,y1,Check sum is J
test,\C,Check sum is ?
test,ji,Check sum is 3
test,i ,Check sum is )
test,r	,Check sum is [
test,\N,Check sum is J
test,#;,Check sum is >
test,H?,Check sum is '
test,* ,Check sum is *
test,<],Check sum is 9
test,q>,Check sum is O
test,{#,Check sum is >
test,xq,Check sum is I
test,s7,Check sum is J
test,-.,Check sum is ;
test,S/,"Check sum is """
test,3c,Check sum is 6
test,C-,Check sum is P
test,Wa,Check sum is X
test,eS,Check sum is X
test,<_,Check sum is ;
test,"g""",Check sum is )
test,-X,Check sum is %
test,?@,Check sum is _
test,1&,Check sum is 7
test,m],Check sum is *
test,nm,Check sum is ;
test,"b,",Check sum is .
test,=m,Check sum is J
test,0&,Check sum is 6
test,)t,Check sum is =
test,jY,Check sum is #
test,"},",Check sum is I
test,iK,Check sum is T
test,kk,Check sum is 6
test,*O,Check sum is Y
test,_{,Check sum is :
test,5&,Check sum is ;
test,T	,Check sum is =
test,G5,Check sum is \
test,u ,Check sum is 5
test,+},Check sum is H
test,xC,Check sum is [
test,(.,Check sum is 6
test,C~,Check sum is !
test,zb,Check sum is <
test,qx,Check sum is I
test,&H,Check sum is N
test,X#,Check sum is [
test,5~,Check sum is S
test,;1,Check sum is L
test,cx,Check sum is ;
test,0f,Check sum is 6
test,s3,Check sum is F
test,n&,Check sum is 4
test,po,Check sum is ?
test,Rk,Check sum is ]
test,!r,Check sum is 3
test,"""t",Check sum is 6
test,LW,Check sum is C
test,m<,Check sum is I
test,vX,Check sum is .
test,&&,"Check sum is ,"
test,j2,Check sum is <
test,%?,Check sum is D
test,fi,Check sum is /
test,6B,Check sum is X
test,+q,Check sum is <
test,95,Check sum is N
test,r>,Check sum is P
test,Y:,Check sum is 3
test,@W,Check sum is 7
test,{?,Check sum is Z
test,_F,Check sum is E
test,"
j",Check sum is T
test,	N,Check sum is 7
test,my,Check sum is F
test,pT,Check sum is $
test,NG,Check sum is 5
test,!q,Check sum is 2
test,-/,Check sum is <
test,E/,Check sum is T
test,Y.,Check sum is '
test,b=,Check sum is ?
test,9i,Check sum is B
test,.:,Check sum is H
test,sH,Check sum is [
test,yl,Check sum is E
test,Cw,Check sum is Z
test,7+,Check sum is B
test,W|,Check sum is 3
test,/R,Check sum is !
test,<2,Check sum is N
test,",7",Check sum is C
test,gr,Check sum is 9
test,C\,Check sum is ?
test,2~,Check sum is P
test,wA,Check sum is X
test,tP,Check sum is $
test,q*,Check sum is ;
test,a~,Check sum is ?
test,Qq,"Check sum is """
test,f$,Check sum is *
test,vY,Check sum is /
test,",/",Check sum is ;
test,?O,Check sum is .
test,|E,Check sum is !
test,jP,Check sum is Z
test,KB,Check sum is -
test,	A,Check sum is *
test,]`,Check sum is ]
test,V$,Check sum is Z
test,2`,Check sum is 2
test,`2,Check sum is 2
test,ip,Check sum is 9
test, 5,Check sum is 5
test,qa,Check sum is 2
test,&{,Check sum is A
test,l;,Check sum is G
test,Nx,Check sum is &
test,/),Check sum is 8
test, c,Check sum is #
test,S=,Check sum is 0
test,C.s,Check sum is D
test,")
k",Check sum is >
test,M+v,Check sum is N
test,<5v,Check sum is G
test,H9|,Check sum is ]
test,% 1,Check sum is V
test,nu),"Check sum is ,"
test,5Mc,Check sum is E
test,e0[,Check sum is P
test,eEH,Check sum is R
test,./A,Check sum is >
test,"hG""",Check sum is 1
test,xDI,Check sum is %
test,*Xp,Check sum is R
test,-:U,Check sum is \
test,"C
j",Check sum is W
test,D	<,Check sum is )
test,j8.,Check sum is 0
test,)kh,Check sum is \
test,?%+,Check sum is /
test,$3b,Check sum is Y
test,|a{,Check sum is 8
test,dPB,Check sum is V
test,}aI,Check sum is G
test,YTx,Check sum is E
test,c;h,Check sum is &
test,g{e,Check sum is '
test,8ld,Check sum is (
test,TSb,Check sum is )
test,.~!,Check sum is -
test,"XD
",Check sum is F
test,m'U,Check sum is I
test,H6p,Check sum is N
test,EOG,Check sum is ;
test,MJc,Check sum is Z
test,1 2,Check sum is #
test,Qq&,Check sum is H
test,))k,Check sum is ]
test,+l\,Check sum is S
test,/Ls,Check sum is N
test,K~g,Check sum is P
test,=9h,Check sum is >
test,C>O,Check sum is 0
test,CN4,Check sum is %
test,:0L,Check sum is V
test,tw1,Check sum is <
test,_p1,Check sum is  
test,Ms+,Check sum is K
test,JN],Check sum is U
test,9Nz,Check sum is !
test,h2H,Check sum is B
test,w1=,Check sum is E
test,vZ),Check sum is Y
test,pj!,Check sum is [
test,8<=,Check sum is Q
test,v3A,Check sum is J
test,?/&,Check sum is 4
test,^<$,Check sum is ^
test,	r8,Check sum is S
test,A6b,Check sum is 9
test,+b`,Check sum is M
test,jC<,Check sum is I
test,t08,Check sum is <
test,n: ,Check sum is (
test,DSL,Check sum is C
test,"Tn
","Check sum is ,"
test,:8{,Check sum is M
test,sOR,Check sum is 4
test,7M2,Check sum is V
test,K#+,Check sum is 9
test,T	m,Check sum is *
test,3)#,Check sum is _
test,YkK,Check sum is /
test,Y2p,Check sum is [
test,+HH,Check sum is [
test,~Dy,Check sum is [
test,dCQ,Check sum is X
test,Nk>,Check sum is W
test,\#u,Check sum is T
test,nP/,Check sum is M
test,m$\,Check sum is M
test,cci,Check sum is O
test,L@|,Check sum is (
test,wvw,Check sum is D
test,F\j,"Check sum is ,"
test,HWG,Check sum is F
test,WPO,Check sum is V
test,z7P,Check sum is !
test,Iwt,Check sum is T
test,(qi,"Check sum is """
test,tm(,Check sum is )
test,Sbv,Check sum is K
test,Tw0,Check sum is [
test,t3`,Check sum is '
test,>x:,Check sum is P
test,5X!,Check sum is N
test,=y2,Check sum is H
test,|$z,Check sum is :
test,I.Y,Check sum is 0
test, 5!,Check sum is V
test,hBh,Check sum is 2
test,:4=,Check sum is K
test,ILR,Check sum is G
test,{4T,Check sum is #
test,C=n,Check sum is N
test,@4T,Check sum is (
test,xSf,Check sum is Q
test,~4],Check sum is /
test,V	0,Check sum is /
test,VY?,Check sum is N
test,"
TE",Check sum is C
test,SJi,Check sum is &
test,]:G,Check sum is >
test,Il=,Check sum is R
test,"
)%",Check sum is 8
test,4V;,Check sum is %
test,|vt,Check sum is F
test,4uO,Check sum is X
test,!c),Check sum is M
test,%cq,Check sum is Y
test,}_=,Check sum is 9
test,|q.,Check sum is ;
test,sR7,Check sum is \
test,<Vl,Check sum is ^
test,|9@,Check sum is U
test,)CT,Check sum is  
test,"!a,",Check sum is N
test,}.M,Check sum is X
test,>c6,Check sum is 7
test,"P""]",Check sum is /
test,(N	,Check sum is _
test,BP:,"Check sum is ,"
test,J*=,Check sum is Q
test,v+-,Check sum is .
test,]P_,"Check sum is ,"
test,5Z|,Check sum is +
test,"j,o",Check sum is %
test,#l{,Check sum is *
test,^UC,Check sum is V
test,sza,Check sum is .
test,w	w,Check sum is W
test,'iJ,Check sum is :
test,"<,.",Check sum is 6
test,y;L,Check sum is  
test,"-!
",Check sum is 8
test,ba=,Check sum is  
test,"B_""",Check sum is #
test,WCy,Check sum is 3
test,GED,Check sum is 0
test,B(9,Check sum is C
test,Ow~,Check sum is $
test,"""E?",Check sum is F
test,Sm;,Check sum is [
test,;J-,Check sum is R
test,"oD,",Check sum is ?
test,Ys],Check sum is I
test,IVr,Check sum is 1
test,_YL,Check sum is $
test,"&""f",Check sum is N
test,9TU,Check sum is B
test,[}X,Check sum is P
test,"""][",Check sum is :
test,xV\,Check sum is J
test,%U.,Check sum is H
test,H*_,Check sum is 1
test, m?,"Check sum is ,"
test,"T6,",Check sum is V
test,r^&,Check sum is V
test,dY$,Check sum is A
test,W8#,Check sum is R
test,3Sl,Check sum is R
test,t*a,Check sum is _
test,r&`,Check sum is X
test,Ws5,Check sum is _
test,)68,Check sum is 7
test,8%p,Check sum is -
test,	J3,Check sum is &
test,>Uu,Check sum is (
test,iG7,Check sum is G
test,agn,Check sum is V
test,xaR,Check sum is K
test,hqY,Check sum is R
test,nlE,Check sum is ?
test,-i{,Check sum is 1
test,`3W,Check sum is J
test,j}4,Check sum is ;
test,*v<,Check sum is <
test,$j1,Check sum is _
test,mBl,Check sum is ;
test,|8-,Check sum is A
test,[`n,Check sum is I
test,9L',Check sum is L
test,C5(,Check sum is @
test,y0^,Check sum is '
test,",Ac",Check sum is 0
test,:Yc,Check sum is V
test,Xy{,"Check sum is ,"
test,.8y,Check sum is ?
test,{rR,Check sum is _
test,y2v,Check sum is A
test,C~<,Check sum is ]
test,vb0,Check sum is (
test,tEi,Check sum is B
test,"xw""",Check sum is 1
test,AB),Check sum is L
test,hT=,Check sum is Y
test,R l,Check sum is >
test, t&,Check sum is Z
test,%	$,Check sum is 2
test,vM7,Check sum is Z
test,'Yk,Check sum is K
test,_VM,"Check sum is """
test,9(c,Check sum is $
test,"
Yl",Check sum is /
test,vj1,Check sum is 1
test,:xo,Check sum is A
test,E{m,Check sum is M
test,j#i,Check sum is V
test,brU,Check sum is I
test,*CA,Check sum is N
test,FnD,Check sum is X
test,X@!,Check sum is Y
test,p~y,Check sum is G
test,^`H,Check sum is &
test,<WU,Check sum is H
test,@}`,Check sum is =
test,;bn,Check sum is +
test,]I>,Check sum is D
test,dK6,Check sum is E
test,2jd,Check sum is  
test,49m,Check sum is :
test,:k3,Check sum is 8
test,4YB,Check sum is /
test,;k@,Check sum is F
test,'cY,Check sum is C
test,r>	,Check sum is Y
test,"m
<",Check sum is S
test,Kh/,Check sum is B
test,*iA,Check sum is 4
test,>Q[,Check sum is J
test,&_Z,Check sum is ?
test,:27,Check sum is C
test,tr#,Check sum is )
test,3f%,Check sum is ^
test,El],Check sum is .
test,X#q,Check sum is L
test,	?i,Check sum is Q
test,t@&,Check sum is :
test, G+,Check sum is 2
test,bhX,Check sum is B
test,(ci,Check sum is T
test,5V~,Check sum is )
test,0!^,Check sum is O
test,n\G,Check sum is 1
test,=E],Check sum is ?
test,5x	,Check sum is V
test,9gL,Check sum is L
test,%#L,Check sum is 4
test,o(],Check sum is T
test,"""
K",Check sum is W
test,&os,Check sum is (
test,_0),Check sum is X
test,k#Z,Check sum is H
test,f#K,Check sum is 4
test,GO},Check sum is 3
test,nsY,Check sum is Z
test,"?i
",Check sum is R
test,/)V,Check sum is N
test,"N"";",Check sum is K
test,bEw,Check sum is >
test,"#,D",Check sum is 3
test,S>	,Check sum is :
test,^e1,Check sum is T
test,Kh&,Check sum is 9
test,6jw,Check sum is 7
test,ZzM,Check sum is A
test,LAk,Check sum is X
test,1`w,Check sum is (
test,>It,Check sum is [
test,eQO,Check sum is %
test,Rr!,Check sum is E
test,"IE""",Check sum is P
test,'W%,Check sum is C
test,dT{,Check sum is S
test,F/a,Check sum is 6
test,'PU,"Check sum is ,"
test,$A(,Check sum is -
test,-C|,Check sum is L
test,'sj,Check sum is $
test,|\S,Check sum is K
test,e2:,Check sum is 1
test,W0j,Check sum is Q
test,M~[,Check sum is F
test,",L]",Check sum is 5
test,@	s,Check sum is \
test,xEP,Check sum is -
test,~ T,Check sum is R
test,d-i,Check sum is Z
test,nwm,Check sum is 2
test,ma<,Check sum is *
test,a_4,Check sum is T
test,k!_,Check sum is K
test,8c{,Check sum is 6
test,I5h,Check sum is F
test,Sm6,Check sum is V
test,M97,Check sum is ]
test,4=?,Check sum is P
test,b	-,Check sum is 8
test,0-W,Check sum is T
test,DJ#,Check sum is Q
test,d Y,Check sum is =
test,S[e,Check sum is 3
test,-%T,Check sum is F
test,ez),Check sum is (
test,p>K,Check sum is Y
test,'D=,Check sum is H
test,h2t,Check sum is .
test,TUy,Check sum is B
test,"},Y","Check sum is """
test,Smk,Check sum is K
test,i8a,"Check sum is """
test,Smv,Check sum is V
test,;=/,Check sum is G
test,-d_,Check sum is P
test,5tq,Check sum is :
test,K9P,Check sum is 4
test,#Lb,Check sum is 1
test,-?0,Check sum is <
test,	};,Check sum is !
test,7:f,Check sum is 7
test,"4,@",Check sum is @
test,">r
",Check sum is Z
test,/nh,Check sum is %
test,zAL,Check sum is '
test,/O=,Check sum is [
test,UYB,Check sum is P
test,DN1,Check sum is #
test,$aK,Check sum is 0
test,u4d,Check sum is -
test,?	^,Check sum is F
test,"Fp,",Check sum is B
test,n'I,Check sum is >
test,kE~,Check sum is N
test,#rh,Check sum is ]
test,4]x,Check sum is )
test,eGm,Check sum is 9
test,G	M,Check sum is =
test,KoL,Check sum is &
test,;~J,Check sum is #
test,?QH,Check sum is 8
test,ps@,Check sum is C
test,!L5,Check sum is B
test,LD+,Check sum is [
test,f<s,Check sum is 5
test,:\o,Check sum is %
test,XP-,Check sum is 5
test,Gdr,Check sum is =
test,)XJ,Check sum is +
test,Jn^,Check sum is 6
test,"S""r",Check sum is G
test,pat,Check sum is %
test,j|U,Check sum is [
test,wB3,Check sum is L
test,"K""1",Check sum is >
test,:Dq,Check sum is O
test,>[D,Check sum is =
test,);G,Check sum is K
test,uKn,Check sum is N
test,c5a,Check sum is Y
test,"5
""",Check sum is A
test,"""+[",Check sum is H
test,y:3,Check sum is F
test,Fr@,Check sum is X
test,\od,Check sum is O
test,*1D,Check sum is ?
test,}nb,Check sum is -
test,MQ',Check sum is %
test,IXh,Check sum is )
test,QQ6,Check sum is 8
test,}?(,Check sum is D
test,",Ue",Check sum is F
test,#~w,Check sum is 8
test,"+""_",Check sum is L
test,`0v,Check sum is &
test,[G9,Check sum is ;
test,}ej,"Check sum is ,"
test,{V1,"Check sum is """
test,C-&,Check sum is 6
test,)oZ,Check sum is R
test,"[a""",Check sum is >
test,AFX,Check sum is ?
test,_LY,Check sum is $
test,qBx,Check sum is K
test,eFE,Check sum is P
test,-vd,Check sum is '
test,1:8,Check sum is C
test,<)7,Check sum is <
test,QWb,Check sum is *
test,bX!,Check sum is ;
test,Pj5,Check sum is O
test,-#-,Check sum is ]
test,#sC,Check sum is 9
test,`Pp,Check sum is @
test,b]@,Check sum is _
test,NSM,Check sum is N
test,=W@,Check sum is 4
test,Cr	,Check sum is ^
test,CUS,Check sum is K
test,bn`,Check sum is P
test,!?C,Check sum is C
test,Mi1,Check sum is G
test,mOd,Check sum is @
test,eGW,Check sum is #
test,[GH,Check sum is J
test,h8',Check sum is '
test,u)`,Check sum is ^
test,"W(
",Check sum is )
test,\?x,Check sum is 3
test,<ys,Check sum is H
test,zul,Check sum is ;
test,C-[,Check sum is +
test,-:q,Check sum is 8
test,(9.,Check sum is /
test,0sC,Check sum is F
test,Axh,Check sum is A
test,"""2X",Check sum is L
test,<`p,"Check sum is ,"
test,Q9E,Check sum is /
test,pK3,Check sum is N
test,u#.,Check sum is &
test,gAH,Check sum is P
test,3;m,Check sum is ;
test,"xW,",Check sum is [
test,9H!,Check sum is B
test,|<<,Check sum is T
test,6ag,Check sum is ^
test,K0d,Check sum is ?
test,"t""_",Check sum is U
test,u96,Check sum is D
test, 5.,Check sum is #
test,0AW,Check sum is (
test,~>u,Check sum is Q
test,R)`,Check sum is ;
test,]Lz,Check sum is C
test,M}b,Check sum is L
test,c >,Check sum is !
test,t[M,Check sum is <
test,|aq,Check sum is .
test,+*E,Check sum is :
test,1tl,Check sum is 1
test,$Iv,Check sum is C
test,XWG,Check sum is V
test,|Qn,Check sum is [
test,Qs3,Check sum is W
test,-l>,Check sum is 7
test,0j>,Check sum is 8
test,Kqr,Check sum is N
test,:nv,Check sum is >
test,-8',"Check sum is ,"
test,uDZ,Check sum is 3
test,Lyh,Check sum is M
test,Ux8,Check sum is %
test,T}\,Check sum is M
test,s@*,Check sum is =
test,"0"",",Check sum is ^
test,Q}t,"Check sum is """
test,yJ4,Check sum is W
test,.hj,Check sum is  
test,2U ,Check sum is G
test,~:K,Check sum is #
test,F>H,"Check sum is ,"
test,"x""=",Check sum is 7
test,-+\,Check sum is T
test,+uV,Check sum is V
test,>B#,Check sum is C
test,"j,6","Check sum is ,"
test,9Jf,Check sum is I
test,I4~,Check sum is [
test,"
gE",Check sum is V
test,:5y,Check sum is H
test,""" F",Check sum is (
test,J@_,Check sum is I
test,)rF,Check sum is A
test,Mc{,Check sum is K
test,	F|,Check sum is +
test,`!-,Check sum is N
test,fn%,Check sum is Y
test,Tw],Check sum is H
test,Q6F,Check sum is -
test,*Y=,Check sum is  
test,Vaz,Check sum is Q
test,",	]",Check sum is 2
test,Eka,Check sum is 1
test,#2>,Check sum is 3
test,RL_,Check sum is ]
test,"]s
",Check sum is :
test,-@;,Check sum is H
test,!8-,Check sum is &
test,zmI,Check sum is P
test,	X>,Check sum is ?
test,<pmk[*,Check sum is )
test,"0qZT9<YXdUq>""Z,q",Check sum is V
test,s.C]}svL,Check sum is S
test,Hw_n6iA>[*S1x4@,Check sum is ?
test,Q~W<l^,Check sum is L
test,"vmgB(|'a78ZKP^YGF(Mp
X1|g$>'[cO0=uU",Check sum is (
test,"={EGfTT$""eIl+AHu)ivBU]TflJzy+^1>'R2J)nZ",Check sum is 8
test,"N=WQmfsVQ1H':(U]'Aa""{}?n",Check sum is D
test,"O;[4gN.C^Vp""$IlFh#""WZO&(F~`zt!au&JwS~[""mp",Check sum is Z
test,"hhR
$ I{OA|RXSL!B7'UMt`",Check sum is  
test,n5l9,Check sum is (
test,twQ2+5dvd QY.wP0 'a&Cy.s3&ng6`,Check sum is J
test,'A,Check sum is H
test,J#i-meV8ahP<TnCAEg$D`KrTZ,Check sum is =
test,"} tw_(Pq|S@H/J/h_5\
{~F>7n`24;""kS|(Sj	]I,
u]","Check sum is ,"
test,"9kD$.,{%lWgZ<@0ePStEk^/tG4d7ziJ NIA`Z)T\",Check sum is Q
test,"vSB_,eoKJI0mqD]3VwrNRQ@ >Sj'uZDL$b
PcABJ;3",Check sum is Y
test,"
jQc:qX+=`ev.>|Lrl$0",Check sum is T
test,"qCdAG""Sqwcl<5a8v/~#h]K7,m_BxE{A{lDf)p=Fj",Check sum is M
test,"4~@LH>R*6i#%]MHB2`
5)L9oL@!b~y;aO0QuuHE{!",Check sum is .
test,"1,wm=",Check sum is ^
test,"#R7:FA;Z2=[m""Rbt4|-X",Check sum is X
test,"4B{Z@cj+
r;92C.,UMtPY VWT':k>gti<d+x,5O",Check sum is C
test,yh,Check sum is A
test,.%*h~20_NED'Eqr+Qs,Check sum is Y
test,%-q;m6`%?htn|Dfk7&J^jC,Check sum is R
test,c(lD\$2`s!]3]VK3Srb)nW3vV6Bkks|^,Check sum is 1
test,"8G2:R(Y7pL{!^w.""c*H?>sFSV?^|=eY",Check sum is Z
test,w<gmgiWj5^jrM2D+;_F+s16]=j;2ZkE^sDYd!<C^	{j%Bx$B,Check sum is 8
test,"W8yF\<XDrPPQ8yV{_Nm!{L""8!""Bf|,0)`$/'$6y",Check sum is <
test,"3'#3#>=
C//*TJfd76}hKms6}g=;{J`rJ!*zA'",Check sum is H
test,"N.ls_!$p""@?PY\PTSoHr,'OtBttS~$t~i8t]]fol?tayL8{4",Check sum is L
test,"}me$xB#{iD[4mw7spE1shhq!RCK?"",",Check sum is ]
test,AK,"Check sum is ,"
test,"D8nFI.&J+E0<tF""qB","Check sum is """
test,"-03b~D""HW.K/1]
&88Yi%9xD;DO`G'4e)Z#","Check sum is """
test,='y]Cm/W,Check sum is P
test,"G(W<[s#g@,g3}h?Fi)!B7~6*%/r5ebv","Check sum is ,"
test,"T;!""d;e-DQ",Check sum is 8
test,i6pae9=j|BUf|&?O)o&(9?bl))s\U[o^j/	,Check sum is *
test,"o2K*HJW6:8}/N!*r
}*lNt{",Check sum is X
test,"([HGjJk@k'Bxm$ZFl-E%d2z`	*M'R3A}vu""jIffMGXn4""yp",Check sum is P
test,K{chr;,Check sum is ^
test,'v]BqqADku'5L,Check sum is K
test,KElg=e<jiZRqC(OZ'*wc{yP=k.,Check sum is *
test,v(.y&(Lx|@@%,Check sum is X
test,"rJaWT7] )n~I?(o&o)3-T
;nhwbtSRo	/g&$]Wfsp7",Check sum is [
test,~oLNNx{l&,Check sum is :
test,SM=e6>umV~0kO6I3V*FNx0@~*n|[-YLDEW(,Check sum is +
test, Omc~)?>+I5*@Gn{}xQ@'<',Check sum is V
test,2p&dH.YH>XSX!\[z?2\Inkf=Qcsen#	|13,Check sum is N
test,"jX>}
@YZU#8%w""Aba
c(""*FufxT#o?;",Check sum is &
test,! gzEZ\t,Check sum is 1
test,"]!(yc9kl$u)WO""`+0-E6XvM:D~x+Flay[vu[CFMLzIx@R",Check sum is 5
test,Mcc,Check sum is 3
test,"oatZ7g'T^[""}b}.",Check sum is <
test,"a$CL9p=_/b""!dm*m8T7^{mEQr
nVHm9t (Y>yyQ^NU",Check sum is Y
test,k|QeU#B4O\3,Check sum is I
test,shy,Check sum is 4
test,"\aO=z]{w""yHkA~dU%f
xd",Check sum is )
test,"; =#@/Py2Qtq>l r""p<Bh(J2wJP!%
V'A_e<DK\$^[",Check sum is :
test,a8	n_ASXw%iPldK*W25U\,Check sum is D
test,"h@g^nUu^';=oul	""Qi:ZL+i; }g~oC%r;mp",Check sum is I
test,"b7xaEd@@~uD:DbB0S#\D^@d(k\P,s!a.aj5",Check sum is *
test,"q[~,+Ha",Check sum is *
test,FD|y9B*Dzry.@E&r}`.G7$]sb%gwf-yo=e8jeW,Check sum is U
test,:~0lnNMNQ]H7i	'L}oD?AP5d,Check sum is 6
test,"=IFJF*IMbV4""f63;wP6']]2 ",Check sum is D
test,%&u6Tj&h`o+EGap+-MRK44d,Check sum is G
test,"B:M}n&%bT
%r?XEl*\
/e*V973O&^h]?)$3 daZ`cP`*,X,x%5",Check sum is :
test,"*u1Y^Ji(~*xhQ	
Y=<""x;y)tAkp)k@R{ZkP(&*_X9",Check sum is %
test,"vp<)A?&j!8wX	*%cPPAOL{LF{9[[,Y`9Sn",Check sum is 0
test,kf`B'Eno4V8wnCS`>Ui,Check sum is 5
test,"^'s&%EyU2=YM}6_uY%yt+iv
5w fl\r?'r",Check sum is U
test,"4rO>,zOh",Check sum is 0
test,"l^
",Check sum is 4
test,9w.Qmpah&w.acXeq]	duc95gaEQY9ZS*]]io1d6S3enls,Check sum is ^
test,YHkRwmBAC	g3h\0}.Varf*';Whj6OM1wLj/Pa_B{<eF9,Check sum is :
test,"/wj)H*!I
Q?P(*2K(>>3?kD	/ZBW>",Check sum is \
test,"JSMDkA>UDVkz/'^aBa{8egozKNr
Q2d(jpd+2%GNxl$*",Check sum is W
test,"bC ,.^TzoW(v/Th_)Z
q=NkCUG$A/%m]|K",Check sum is 6
test,/q062}Z,Check sum is /
test,pZex,Check sum is G
test,"!K-=8@l%B#'}?/IG;+`M,d?>_",Check sum is E
test,1YZzPX,Check sum is &
test,"VR#; 5l)j3w\""?^h=KFCmw=?!vy-mIG;Hr5""F:k=4EHli",Check sum is \
test,CE@	*,Check sum is [
test,"_
_|azI#f5$HH#f>?m@oD3j~Y6?",Check sum is I
test,t7+,Check sum is 6
test,"gZq2""2f/F+](&)!imK170<:	051H|zhTr`

6@E|B1 ",Check sum is K
test,"C*N.DX2kH<*[!Z1Y2,Cp18tFi@Ux*7$0~W&%.=b",Check sum is \
test,l;:(.z!efdNpOdQ$f6P>[yA,Check sum is F
test,"5:4`Um""ag$oxO$6d%{Qk;`1:TKI[T}J""nz",Check sum is 1
test, oRN`>0F,Check sum is #
test,R[+{^#~i+ ,Check sum is &
test,"epSsjD.q{0QY'PPoRi;e!'cLS?[[,5_HREA?Qvi(C",Check sum is '
test,"o56O.c$|QVk8oo*+<"";RI_w%<y^H8_(K#wxUP+'y@mM",Check sum is G
test,a=^)Kv4,Check sum is :
test,"@%{`dYhC	p/9i^\m/yjWgA=T_S6""p	a5*>Io&q3zC7",Check sum is R
test,",.$W)BB3u^Uc|*k:p^9S O	f@t0GE<KP~yG.W')gKQKe|~!&",Check sum is 1
test,"&Ru>TEfrZI@`zV c8(u,u|	c	FW]y>b1/R>'
PI",Check sum is F
test,"HE&c6H:r|1Qn:;a*4j?}#!cft6w'o\%~jwLCp>$xO"")_",Check sum is \
test,>M;+H99tP*c_}cj'Jy^~,Check sum is K
test,Lot7<8&M wxX'pC$NvZ]$a5>@,Check sum is E
test,v2=t\l/DURX&b5b$k&,Check sum is G
test,"
	nox:^u*b*m|MWlcE<F}tsoWU:/@Rx$R ),3B6e~""MP#~R/J",Check sum is D
test,"zm8<`@.b1B>|X""
C2 T.ofV5h ",Check sum is [
test,"	o.%ufoJfh1_2^wqC|ZN0K]W\&.!%b""Iu
-
:WppvAS(}aZ",Check sum is ?
test,"eR[ZerRXth+dt[d_""O2G<Z\m.v",Check sum is 7
test,0)D6k8U)e<Hj}IaXLh+t7*g6Oq3hmO)V9xWy@jW7,Check sum is F
test,v[rM:w|RQ)3EI9Tl2zD$,Check sum is 7
test,"<V@T6%b
\}S~xIF~gF""8!bu%lUu	aeE3``)pvH%$+QGX*v;",Check sum is 3
test,"=\!%aKj]HQ (,S&Gv<xe|5uLd",Check sum is $
test,aDl\|xqQD)PGH;F?;o.ocjOeU4\KN8YNcDEAY<d]TGm=? ',Check sum is B
test,euI1L.GqC/.V-+G`3#=:6w	Aj,Check sum is I
test,"T!_>W,y^F(z/c",Check sum is F
test,EF1g7oP!){HH W^aA_+AO,Check sum is _
test,"3""2phO!}:NF^[g",Check sum is Z
test,"i97W7+wDwbT;Z'iIR-?gA2%1#36_5qHupF=L^CWM<""{>^b_",Check sum is >
test,QOeh81uv}p\s\}U*tzu]NPv/]Ma[24;&,Check sum is %
test,"kx9+WI\ugO]VqSUd9Gb*W,*'r3,s'B[9ZZ-KM)GJZ","Check sum is ,"
test,"_9XKR\)[Xu\EC:!3P?rp\`vzx s""W-x7aI4A.""U",Check sum is M
test,|U~Lp!%fA8(I$01KBRT_pIi)oKOU4h36$,Check sum is *
test,?m6,Check sum is B
test,?42$J`d,Check sum is 7
test,"\&8$	ej*9
jP5SJ!M",Check sum is =
test,W:3RQu]'>,Check sum is >
test,FVi^,Check sum is C
test,J>XzD\$K<YB,Check sum is  
test,"H)LD%?zx`-:Gi:eYAC%B{sr4JA""aV!,Mk",Check sum is N
test,s`/,"Check sum is """
test,"a>)}nleJ%`	z7DM@TBK,55{,Gg*-3x^Oh2| %83i0Ul",Check sum is Y
test,BF0}?^,Check sum is 2
test,"S9%,^>af`^
@cMqx",Check sum is A
test,CeGSXn:n>YyT,Check sum is 4
test,N4/Uj)Pb\=\),Check sum is I
test,")
y1lHlo65 nu,n.5CfC.y,+`HbKvB	'~mZ>~V]K",Check sum is ]
test,IaPR,"Check sum is ,"
test,!\eZ|K^J'Y9O&P$/b,Check sum is >
test,"{`&9lZ. W~e6OoRm.|rcf,bA}]hmO+@",Check sum is 8
test,8!4Kb7Y~-8L%UA',Check sum is ;
test,"<R:@pGv+""OdwI1/",Check sum is 5
test,*+]vPYD,Check sum is 5
test,"
L&?l]EQ9HutCn{1Xr84OYR%qE",Check sum is L
test,"RC1y"":Eu8^0'7z	XCdE("":)NJL;Z5<bA^GTf2Zke",Check sum is U
test,"\yWI=d_""18|8f=Ehd:""/H<KmVR	x",Check sum is 8
test,"mw~1*4)^8uCRg,!wZoIcra",Check sum is M
test,"ik>!\.na`'JEl]Ar7$_u?g""",Check sum is 5
test,y6X6uVJS`0QVqb	_6?)Za5Y1^FF7d^st,Check sum is Y
test,4Mqc^tV`v&K{M'CPI_q)Jd9/m#efPO84|~,Check sum is ^
test,o:k0$10]?Z~K%\qBC.ca.QFTV?+N5z	:n%e<s{b,Check sum is .
test,7P*a4V;E@bOP9&??9GXD+x,Check sum is Y
test,l?$#>gp8{[	yMgiO ]K<&q,Check sum is >
test,fR,Check sum is X
test,+aWF.ur4EUK5<XxmdP,Check sum is Y
test,"E_F6s/<Lr=EIR72{
",Check sum is '
test,%lji?-zfek~X1!F|@=z\V;$Y~(O}cj,Check sum is *
test,KBs!.=*fD,Check sum is @
test,"e($(JJw}),_\r]t.X@a)2)+?M)Cti;,/kr^r@qG,W1LGdRR].",Check sum is T
test,"^:B}5U)^ 5?vF7xb`YM;p5$mSj&c>7xf
FwIxv \>",Check sum is 1
test,ytlh@nWS''#[.`OpJ8s[XnOluh+yG=,Check sum is (
test,"'"")	N;KChzAQe""u/cNqw`ex< xQlb?dxz@jFqA\n
&xb(I",Check sum is V
test,"1^S `m{^7WeG$B_d6RoEy0A-[yN=AE)cQ8;s
ol",Check sum is K
test,Yq%BkPV4Xs!Us,Check sum is J
test,"	\$e1gP:N9+.yd-M&,Uu~#<&#JF",Check sum is 9
test,Nk&}qo])#Gq,Check sum is =
test,"yQ	|VQmT19gxA)
C3:o&!W!;LOpQiAqyuqWNg<,v",Check sum is -
test,")+xZ$m`""nLMsH#Bb6-|/JkM""8|wIWk&cDc95WZrRdh' 1",Check sum is !
test,r	IE\M8V|~[]Bmw,Check sum is 8
test,HU|Nj.Q]]]RsZdv[o2P)x\Q=F9K8@'%mECK\:F6`;,Check sum is R
test,Ap6H8-Q,Check sum is E
test,n|rBfeG{ioHc[3)K-3jJ$8lE)Skn#!sB1C>i!f[,Check sum is <
test,"^J,V5*V![lCpqFts[?u""k~Bl<9v)kI{ql*",Check sum is J
test,"V:fGK6 k>-HM7}J
|7y.	7s]I_`B]~",Check sum is @
test,_5WVM?;5,Check sum is ]
test,"2~xn)('g
L5s~fQ(f59k^Fd",Check sum is 7
test,nC7SVHx6B!\v,Check sum is \
test,{vj<y02qU8KYj02-Sf\L-X+hB'Q*~}':(yl4q,Check sum is X
test,r7EP2J^kO||=||Hri	;Gf7a,Check sum is K
test,%6p-h}v 58rb^(jS,Check sum is W
test,zgBDqQ!yW>UCmz\`&;Q| ])b,Check sum is )
test,",@j).W"">_q$ZOuF;[Z(5A`sN!@a5DsQ:fs;Kg""be~x\P%(","Check sum is """
test,"6Dw50Y
57tE5pU^vd",Check sum is 0
test,"oUG	rj`bp6e&.@,N 9E:.r!F([	*}pHNHW?0+`+5RDZ=c3Y",Check sum is X
test,",km;}?vW(oQWMMS5T;{^*T{K#>1(L",Check sum is ;
test,"8iD%oJkIfU.\""-cZ&""%ih[tjRjm/HZ6{
cvyM4U.Rrz",Check sum is (
test,"H0`Hr0= #( IR|u.jkB""sRT(
I}T\K{!FE6Y4	1^FEH$?",Check sum is !
test,"%Oj |Ht""twbEy",Check sum is C
test,GOm]_+Bb,Check sum is .
test,rhr<7I$Zik+BWn\nTQl@$S}57,Check sum is '
test,[e3Z|QiCS`[K1GaK(l	Mt.gdN[SrWXN,Check sum is %
test,"
sV",Check sum is 3
test,"f)wTLyW$ RBnL:,'6le#at:X
g=($
><nD-iQ2",Check sum is O
test,:W%%yLaoH`n&if\fa2GA,Check sum is 8
test,"rrfOR0Ne""",Check sum is P
test,S]Vi-G:l2d2IU?g$4d,Check sum is 1
test,I]?$$=@SinGx9s&BjKZ!lA\(,Check sum is (
test,i6To	hu-~^r{9V(k1GF9lI*',Check sum is =
test,k{of~0Q|8*:xZus! $4{Sv/zIaeutOT6-^+2i{eC$l=4I~e9,Check sum is ]
test,l}'|,"Check sum is ,"
test,TM{k,Check sum is '
test,J9HpO1''j!1M<3Y53Q=/@6J}[6,Check sum is -
test,"H;},;_NI`I*v vvT)8^nb,.31<rq ",Check sum is 2
test,/b4?sQ&jDl\G ^n1,Check sum is (
test,"5o}Ln9	-""eFMY9#9X*VDb3SPr",Check sum is 8
test,^|4y@MjfpE2cpP;kcEyb+EdG,Check sum is R
test,!GlszglR(xz-- DIj,Check sum is Q
test,r1,Check sum is C
test,*c pdb  Y{Lt@,Check sum is W
test,"CVj{Nl%5?KIBtS@bos_,kG1T`g|OgByZ(!j>rLrB?bT'",Check sum is !
test,0L5	P\k>}OU&>S1DY3w!f.k):/{Yas.24TT2q`?QlM#ZB;HI,"Check sum is ,"
test,",n;6zzR^26""L|I'$D,-]P@
)'t?ws(hGq5p6Ef",Check sum is D
test,"-&6((a{)iQX<
~aG8cw&y/E`",Check sum is A
test,sOy(,Check sum is C
test,"P^%f:;
",Check sum is X
test,GIGYz6DX&Wt	K*ccwpUL75+,Check sum is 0
test,&tH:b?:e`,Check sum is \
test,">UI{++V1REoKyxaRfG!$PM
Q $YEP.s.t=6",Check sum is [
test,"`r""Y>HkGmQc^jm(3OO4l5mW
Mk[,2]",Check sum is %
test,"#H00q#D+D""c|(x:P
RMug(v@  cJ^a=G+VkR[OnP30",Check sum is 9
test,G+A&XIl.GB^dv{%W+=p`;6-!}MI^G:^bSGG{[ax:tb-u`,Check sum is 7
test,b:_V?gM7	:b#g1>~^&v,Check sum is 1
test,"3mp]3h'o_]HO3lR2/5K,^gL",Check sum is  
test,	f`,Check sum is /
test,"L&q
iP%Kpi9L_-\y!6L-sh?-od2,",Check sum is =
test,"E+{<,BMXQ	4+	p@W<RK)D6vOG0uh*C`#r2",Check sum is L
test,"uXm~?U@SA
Y8OC*K-EB?Ykc-V&l+lDt}	dIM.pH{9",Check sum is :
test,Z#ZJ7@y;~T{_>,Check sum is V
test,0C	JGd]0w1;fk+\zUKEw1x&vd}3?~W3) J!=,Check sum is @
test,"Ri*42X)DPie4>4\`whMa'q8@zDjqHJ
Vu",Check sum is M
test,"h<qMB!2r	gZUI|huDQ_O	%Mmo*oCKTq).@WV,>UT/iS4) YdRp",Check sum is N
test,"7&6o)4`t}Xca.vHz
yD!uo)Kb+/m24B5>",Check sum is V
test,]hkp,Check sum is @
test,U~rP@H:6W%LW7m,Check sum is 0
test,")OI""[[o38wYVtcz]T",Check sum is ;
test,pbOp,Check sum is 1
test,"+$J3>66|S|g-(tG10D{h+H	QM[0Y+-VdH""b0Kq",Check sum is (
test,"lP]Ws9tqkvi%
33\!/'-e",Check sum is %
test,uD,Check sum is Y
test,":vT-k2ZrlnQh)
Zv03NL!O	pER,o7L6}+iW/}ohq@HKNzX'o?",Check sum is E
test,cm4R'`a	SVUz	aOKU'NGf^{6<mB1vjre'$H,Check sum is O
test,"J-4.$h	y6;h`9Ogf[J%\IpE@	KN`Eh;D,_YlG\",Check sum is Z
test,"juahpnBc?n=wQeM(!.]cC"")_e8C'",Check sum is Z
test,"C5""j/)E6K;/BH-g
Y6}U1",Check sum is &
test,"
OLQ,$~E$O7zCrm(EVBHb)f_	Zb/:tNUkeSDp>Wlb7}u{8~",Check sum is %
test,-6a Qc,Check sum is 8
test,"U	;D65nQ[eFv'/d""MqA\.^=3~ ",Check sum is 4
test,k^Yb&<LpYp5(Lobov?TiI_,Check sum is N
test,Mq>*X,Check sum is ^
test,"@sxe6,0i_a.(Z]uU_*t%EeLl]aw",Check sum is ;
test,u>),Check sum is <
test,".H7/<8Oxi""HuL!","Check sum is ,"
test,4xS[	t%>_b&,Check sum is A
test,	gw6Wwx3EjCU|jV14h_GpNo0j~kA	6q=,Check sum is J
test,"<@jY
O%a!-vTVaO: ']kAV",Check sum is <
test,q<iT=ea'q=CTWwxVU?,Check sum is )
test,luPCbp?y_>@A?/bn]&1FoYloXEaf{0su/q),Check sum is W
test,$<jy7K}u!d^y'X+[TDDg,Check sum is ;
test,"JMf%;@dC+Jg8>ke(>""C@Q]po],1${.wXs|-{",Check sum is K
test,lm_,Check sum is X
test,!\{,Check sum is X
test,.&lO8^.<,Check sum is /
test,"Sorp}}})
|kJ7b:9ld5E@NGkuv|[!p-4~9ej@Dt~`fBIrR",Check sum is :
test,|%o_l*K*?KDPVOo!X,Check sum is E
test,iZJbpNLU+V,Check sum is /
test,"iB7,zzQ)MGX5Tm.1x5Pe*Onz	k.Se!\",Check sum is 7
test,";+Bt`;Aoq[""x>1kCe. PCg,wDX",Check sum is 6
test,"$E5eN&8ho 4+,*$'Ad_a_Gel#MtI:mA.-*Wu3FBx)w3Zs",Check sum is [
test,"2v'fj
Ri~JH)^3xAf):F`N}IR17Ot,7?q?\<w'2~",Check sum is ?
test,"~]
:Tg;mk<>i<w9Kk&XIo7
",Check sum is I
test,~Q	iTX_a\t/vbAim #q\wAKw]dWL0Aq$`?0,Check sum is >
test,9:(*r5sbNq`2+ObZLz\+Fd5mh:o}7lz9!ARwT,Check sum is $
test,"M103!0gW+KXu	#x=)K	l-:	>,>{N}M^H42	ovw(;k|FQGL}",Check sum is *
test,\\]hK8F/[sg,Check sum is J
test,"(]ckE)%n7?BZKPOi
9@ab",Check sum is _
test,"%Ao{x_-sT{/d&(`!N;tDc/}1M/'~0re]V(=%BNV8W$""=xXQp",Check sum is G
test,"(""cYbBK#&L.N.h Jr8aC+0~""",Check sum is /
test,"r<
XejkCI.Hv<a(>cVeJKYrm!,l>9$ZY~V",Check sum is +
test,"|I
p v3zl&|X-}7; .",Check sum is 2
test,"!1:uHDc%,C5|h",Check sum is =
test,";m\\R<'(&>OnzYtc`J2}tgew`AnxO>,:wM*",Check sum is  
test,"aRl=U., Z#-C<((VR(Xv.\9l%_v)CPS",Check sum is Z
test,"7BR1K,Vk[*L99x	>%Yb~>S",Check sum is E
test,i=2pUWXu/Bw~W_#s{LA\,Check sum is 7
test,"s[\1QNWkp.xuELH[^
zNDq{#ERV",Check sum is K
test,6AKBQg.0MnB`4V8b'9fPOuF?j&);obpX9{[k+Z,Check sum is &
test,"ry""E]`x>7NMv=m?=Dds*|t^~qv3qGk:(k:w!:=c4%:OF%S<",Check sum is 6
test,+Jk+^R,Check sum is [
test,0QS7g<_ 6^]Zy/&635qi&WLB,Check sum is )
test,"uyr*.lT1""1k~y",Check sum is >
test,	rqA nA -pzxNn9Wz7P:bjG~?L%U|,Check sum is $
test,"KfWyUNF,{KXIG*~v?oj&%t_s8v6#:$/$+,*Uc4|AV>mdd""pXa3",Check sum is T
test,"o.J7cq[HUqT,@FdXMHM,!A&rhb-sRa{	mIwsrbCq4;*BKCi",Check sum is  
test,"`#v,m{ ZQ{",Check sum is 3
test,%!yVy=p>sZ8l<<9:++Wcz>w|-d(irkdy8A1 !iPEu!pg#BT',Check sum is B
test,"b=65UJ ntKoq""",Check sum is X
test,V+&MoQX*'0CB1<IfO[X#^4]51Mn'{n({v,"Check sum is ,"
test,"?
	hI!c:M,",Check sum is Z
test,HR,Check sum is :
test,",8v",Check sum is :
test,":<-.goCe7yr)
CLqYKRh%v",Check sum is =
test,s\K3h%9?ZaDZ~G,Check sum is P
test,"Ox6:k-9a||xDtMmu%6|F
8b'oKAC]<Wk""g%>gm\3pl$",Check sum is 0
test,9MS$fk%3B47iw2LTZ6v~RO1,Check sum is ;
test,cj_ZEsP^`#1+`%/3=y%U.MSC]Q8HG9,Check sum is A
test,} f	-bcK3qZi-4!%T}/P'Y<=cNj5,Check sum is P
test,"`pu,}%g`]s",Check sum is J
test,neFQfX]udNz[Oz;EcV]Y5*M?]2>QCJn0,Check sum is M
test,84,Check sum is L
test,"({\U(rB2xLCJ+kjAgA{	ok4umaBje@h.rF0-UB,EzAyXf>",Check sum is E
test,<C#>Q:'N_[B(6cfK;&&QSWM*\;Nyr$^G^&.$';,Check sum is 8
test,"@rPg)v
,um`Ax'2KN9|m""zm",Check sum is 6
test,fqBW 5!hv-Mayhm!9_EeCR6OH0StT/0',Check sum is #
test,"RiFkv*%D
L#$9M-pKqZ/cf""RWR",Check sum is @
test,"G*d*c"">+5(XYw#[MJ?n0M/$MQY~+6ZD#br}-6Oe:	,{!i!+g",Check sum is J
test," jbH@rr/6	V~|""4",Check sum is L
test,)Z6nJ__8=5GNUd.29,Check sum is  
test,d3T>u~3&EwqT)jJjVx4>Vh`KVTqW,Check sum is 8
test,"QF]KJiICLW
rj^$9SD<V+@^a""t2[nuh?k<0B0P3N)5c%%#.uqd","Check sum is """
test,9UG- h}IL2fuo)J,Check sum is +
test,c[3U9J& kL\Xrh,Check sum is 4
test,F'w.%AHC>m4!k~sG@eQrE%E^;YHU[Njz,Check sum is 9
test,"`[C0<v	&L<,}id+"")#(.G%r%ohvSpJL=`SerD	m",Check sum is F
test,"zHsKV.8`TiYjCX)dLE0I,tB54n-tYS`dN%ck4l&RO",Check sum is  
test,"SSKzD
fE 5_#k%Y[#f='hqORJ[~* 0*;E`;uu_B, ",Check sum is ?
test,"9cM=9_""a*W'Mi?~%{5O7Kn/hn8aWC^eSTb6",Check sum is J
test,8#w*a!7 &R{T_/isj=y`<T>+3/`U;O,Check sum is @
test,U$Iq)7oUE.I]Ijx0|$<Kz,Check sum is L
test,e;>4lgK(FGh,Check sum is -
test,6cLUc890=~vGQ!)iB+w:wzkE,Check sum is Y
test,"7B?3?814~vyA]
5R3gp6CR o=&o/n5 f#st_B",Check sum is <
test,"lyVzOi+_s5[y?~np%VI4=\pvI0gQ_8:d<m%l@Od""P",Check sum is *
test,"^;=9-k8fA~?SRS]!,'d?+I48;V",Check sum is @
test,kP&i <,Check sum is F
test,"r.,$IoIA'Z*XSHOCI~M<5G  @	",Check sum is W
test,"n	nciHm_v
omj",Check sum is +
test,"-]5UT1Bw\xwXZmdulikNIUFh6J8i%+W.@9'5Vt""q",Check sum is 7
test,su{S>h+x<d':.Joe(_Ww0,Check sum is 1
test,"_~jeT3_DtV!]2hhwxTqZYK3,",Check sum is Q
test,n$>	FKq_,Check sum is Z
test,<g	+_|Nm,Check sum is M
test,"N+(Qv|(""6|vw3p6|r@ ,019E&1}rJ_
\bM\W1:@pUb\rR7'""V",Check sum is ^
test,1E^ktJu4	l%L>l(c,Check sum is !
test,H3ZhSd9,Check sum is M
test,"Q""U\H1`YJ;]64_YL)6]Gj=Qunh|1!QFW<QQ`q	i`
]xc",Check sum is K
test,0%j'yqg)dm]3+^b[>WG9;m4r<],Check sum is #
test,;@lmuB:EHm_>0L#,Check sum is [
test,"URH+IWl?&
qF<cu'9H+t>l3D=7",Check sum is \
test,">UC]'JOWJ;K7s$""Q~r#@CMCps3",Check sum is 7
test,Q5zv(	)/s }Scxe.^Xs(V/Qhhh00x\N-<JwK`6,Check sum is \
test,XD,Check sum is <
test,"!M-T(i]''P#[Rs,FgxG8""vqnVy\",Check sum is P
test,vs{?o+$K5WZzJ)~jPYYdLLJ0EdH@g$,Check sum is ;
test,mT(le[Vn}(i;oSlO.dEL'aES_vm)lsG<}WvMP,Check sum is 6
test,"@+)y.',9asIY=	PFSU5E$vKjy+",Check sum is N
test,"mUHv`IF,8
L(0""m\dm}'",Check sum is A
test,r0{Tp@9v1 =	PxN(iR%14FI4w -1^Sw5G`Br,Check sum is :
test,9>om5DG9O<EFQ_d6!N~e Goh@;8B#C,Check sum is 7
test,Qlj2pU_b9H.j~?HYJhcp\,Check sum is W
test,$t7m|z6r}BwYS>FgL,Check sum is S
test,"]4i(5T7N@v^.X\rBh,o,~#b/kgAw{gU//[8i""#Pn4wT{_|I`",Check sum is 7
test,d@b$^/^]in^yvQ8q,Check sum is 0
test,"O{5H{l'e#+p{>T&8H%1bsdt{Ogz(1dz{""^Rf:*d:%,-v9;K*m8",Check sum is '
test,"TJpl ]7A|hn{/*9#e\!gzaim,m3+",Check sum is B
test,Z^|'>A\kzU-DYZU%;Hm		Mo5Wk]&&*er0O-I[d`_!=,Check sum is ^
test,^ZBZz47/Y6k4A\Ln.Z@M,"Check sum is """
test,u{H*6d#85q$;\dR`T<A)]k[M*,Check sum is B
test,4uA1uekAK'%WZxEsQs1#lZK:$VVw:b@f+L`Jb<bn8r.O,Check sum is [
test,"4i`st1Zhlt9`8s_|*m""Tl.(5gre37J[z^&/dN4eV^G",Check sum is :
test,1YyAGhRs/Fu),Check sum is +
test,"	sfGm:gTO1ws h2*~}W]N)^S_?J
.ma'X45@tt=7PQI@&|C*S",Check sum is N
test,"/~""W<<=OT/-j
Z}</-yE	Ou""I!(FQdV!:K,:>{	_v_$q6g,`6",Check sum is #
test,k;2]A(28#jIl'TClm}mF},Check sum is .
test,"s!$niMMgJ'rV[8Ch(,tt`dwMk3.(O<Vt;",Check sum is /
test,"O'Yur'Bz{b}dE>*gaC2ZSQ
.""{H,	jzX%EiUV",Check sum is +
test,h5y}E	3#M@oAb`}V|,Check sum is %
test,[mgBU-~>5/T(%J6JNipl9aV,Check sum is !
test,"}ERs=$GNKZ7c3'75~qx^W{ en?C^?uXxwTBao""#1[",Check sum is >
test,-&C!-U9Fe]aq,"Check sum is ,"
test,"17t""V4.U7:\v:%1$\K/S<t",Check sum is ;
test,"y,n.C7sF/qI	N]SuBr#E-",Check sum is B
test,b@/b).,Check sum is *
test,"k>|BA(S;
,Azu2{(bgeyQ1 E_GIZ8m/",Check sum is $
test,"AP	HPQ,leFDMk P-dwyW;MO$t`j0{OzkHY",Check sum is #
test,"`""h9M9 5zvWmKbwsVoQBOgg$Sb",Check sum is 7
test,"AqYH""",Check sum is U
test,"076
/TnHx[sOFq9b$WpM5RYp",Check sum is /
test,"T\2]c>L1,k	jkjsBH",Check sum is Y
test,"?""wl&n.o`Ln'@DQ1`H9 Z4K",Check sum is 6
test,"32/S`=Tt:'
)oP59m*]qC",Check sum is U
test,T nkg,Check sum is T
test,"5-dpQ&H
t/5!>0dy'yJ;3",Check sum is ;
test,^ZT|+gT77-,Check sum is )
test,lll$E4pa!5$+Dt,Check sum is /
test,"9>@,1",Check sum is 4
test,xN:{uwh[vf$c- *6@,Check sum is Z
test,"G#y`	f>cpj7Jn*ogloz4?m}1Vq:].Sl>u,5v+EmP$H+L2\$0",Check sum is &
test,"%Z\z[=9,0EicVmE^Tv|*",Check sum is I
test,gSF$*okU}x3P)Nc~xn%VlDmAd4Jtr7,Check sum is +
test,"du=MFaz{
bma];vGI3*R84""UK2""V7,FyE7s-""Z]u,Cx~- |2[G",Check sum is L
test,Li4<PCWoD8Pl+,Check sum is A
test,"4gJB|JaP(9
+v	DN;o ^(_C1^!fs%*	J?k.H","Check sum is """
test,Ip*5HP<r)T/%[FCc/ !!MX.V-qQwv3,Check sum is _
test,]}YvYU7pdiLD_[,Check sum is 5
test,"8_RgllmJx
)ZC<-VmMr
mTE]kza<fBhxEG~5Q*H' ",Check sum is 2
test,?Af]XD.I3)n>~R5vwO5,Check sum is 4
test,"G""1uN<O}VG642n","Check sum is ,"
test,"yI
4uk""0	ai$""w1Bm[5/nx1;Xazxrv)8@*",Check sum is 1
test,"IYI""&::~6]-a",Check sum is &
test,8cxU>hr.]T\+V^3[d[z,Check sum is A
test,S|dD8	1BMbj0.)5;_,Check sum is :
test,d0y[TT&	s5#1 ;	),Check sum is (
test,mf#@/J*)#}Os5o+Fv]3&{.P_#- n9Iu-$,Check sum is C
test,vc8TOl\|zyM+},Check sum is @
test,"-7t7b[65Y{]_G3,ViZ7j$;TX",Check sum is R
test,	|ct2)g&VvmF-*J*_%BX.f]*S%%!1QO,Check sum is 6
test,@L	9~A,Check sum is -
test,"}Ho434Hz94lTFvd`U|hixVqL
uW%pyg2R`4my<mV`Z[e:Fu[0c",Check sum is 0
test,;'!,Check sum is #
test,";Jb,QOep3Kw5n""i^I/JJ",Check sum is 5
test,"tA;30[};+W1MN,5CEGO G~*aeDQ:Co#M?^{F-)t>xKZG1>",Check sum is R
test,Ny1LF0v()c9O'EF7WCIo)W]o|704qc9<TyM]X=p:)-^ff8>h#4,Check sum is ^
test,1uPbd+GA_yg0#9r}mUgn2ow0Fn	pA60m,Check sum is )
test,wz&q|kOgXlohP!oq2`6M[i^gol,Check sum is *
test,h':\Uw2iMyChu)0,Check sum is +
test,=- ]Yjl(?	]@Q|aXm	K8(b0@U+D@,Check sum is @
test,q[ew>S\>HfW?eh,Check sum is D
test,:s,Check sum is M
test,|'u,Check sum is 8
test,"UQ
*WRb@}:~&Qw!mwcs?)4RP?GW ""mwMp=VwVgxv{/O,Auda=",Check sum is S
test,$7rC<RaO,Check sum is .
test,"8r'JE]&?*yMd=wiM:GbA;KiM_3""NOAZ K,p]G;}{;l1ovy,",Check sum is L
test,DsEkJf	(!FF$4n5h_I0n.-O4n_Y@\qh,Check sum is 7
test,J$Lm^)y4+X{?@Zaio$[AQn,Check sum is J
test,_\~*\dKLF3ScYBG<;A03<,Check sum is B
test,OZ3Pn*us!KeY;*_CH,Check sum is E
test,"BY'k7yiLE{lf4S5{J(GiX\)
89",Check sum is 5
test,Hxeq},Check sum is 3
test,"82YzW;Bv6H
c-'=;L9H({~!ddWgs2(z `X%H1f",Check sum is V
test,v$1\=)x&e-n.p!TKoL3%5:g/,Check sum is A
test,"h5Yhy:Ek+?'GD!])V,xl?|n[",Check sum is N
test,)j5E):k8W|-firs7lTW6u(P4,Check sum is L
test,"
k5-'1_C",Check sum is 1
test,"7%d}KCt]dgnf6)""YL `^#j._",Check sum is 9
test,P5dI@kD/mzHA8PQjnhl<xE;WDX,Check sum is L
test,U?[hn5.pobL.$<f)zHBV=t<%-#2;Xn(sn;~ rT,Check sum is I
test,7g8o-7p,Check sum is 9
test,"
X`N4Fk=6Cc*nVaVqggS6=5`3",Check sum is  
test,`h73,Check sum is R
test,"oEWf3, 1>m!f+Mz\nQxmWP1&CH+G^m4
^YKosp1$V",Check sum is (
test,">)kks1,^]gN",Check sum is ]
test,qYn24{/6APOTQk4x 5'k0,Check sum is Q
test,>.xSCtCIKgeyk~q,Check sum is D
test,"&S]:@)kq>EfCLN.O7F+)###CEp$=JX:\%}""U&ngD]Wo d/snm%",Check sum is $
test,"#c0'E3Wmvg_vZvW~gS,Q5/E<?CKSIC TADH}7nV7g|)",Check sum is T
test,"L9urPoAXx#jBn_oa+wFv
^uENwU@?G)F",Check sum is W
test,"r/XRW>kcl1rdv1L|\
-",Check sum is C
test,"\
q MZ:Y	d?juoj[zzYtLK$V: Gc@0^n*^~Oao=+1",Check sum is  
test,"{ek]FdV(o!YDe!fkVY2[+@T.($9Qg""Zq_CYPmuZa@f?+CY",Check sum is [
test,"^l5*ae]n 'd9<lM""f:G92;G7	CYL?mI+E| . a21\I",Check sum is I
test,/[[-v!}&K	,Check sum is @
test,"[f""S&",Check sum is <
test,j\$,Check sum is J
test,b=5a)JZ*,Check sum is L
test,"qzFR
J
2fkOlfZ",Check sum is ?
test,"i>X?R
a/s^<95",Check sum is E
test,"eO;Hdp{dt[{x[@0*%""3=3n'",Check sum is @
test,"
kE^tA?9CmV*C=NaIXo77M4O5	z!.	EK@nlM~4_:$=6_aw
",Check sum is <
test,Eg	{79t.#]),Check sum is K
test,"xR):NWg.MU@?|7I-Y'lx	V?""3 Qc?Mf\Yi`5&r",Check sum is 9
test,"a
{jI@	\M*_ piCwx^1#/;\Q$kD0IAt^[YR2#cT",Check sum is Y
test,"_,v:'G]vAH6^,tQ.-|q69v#Q4b>IzQ$""It1@&{'j6FA.",Check sum is D
test,"
{=kt/",Check sum is 0
test,"a9:Ii7
oA#XCeL	E|+_uo0n$ZOka
LyNCf5",Check sum is 0
test,"Dkl$=;gb9""l5EHD<i
,*ztr{=/%>$om|~aEeHnZ",Check sum is 1
test,"^3@KL6yWr49=
>M`GhiJQ""{..^`SfzJNK",Check sum is _
test,".;4	h$""",Check sum is 4
test,;`\A~&=+pev[Cp,Check sum is =
test,"1`
MKz""u-FLc)E7=ti/T*@",Check sum is 2
test,"NJ=7.
w1g&v-?46Rm)&#r|1>F;QpI;c",Check sum is \
test,",N>&jD)5Q=oiF,/ZB*] ",Check sum is T
test,"F
]3P.K]$oz$48/7rF%T*2DiVVQ(+V.,vm(_ hl	t*{",Check sum is #
test,"7&	6@ >77UT)D5Ny;_dGg.XmqlgdodE*,",Check sum is O
test,CKO@RPpwUp@q6suf,Check sum is @
test,"U7hrTg}""3{}.?ba}9 zqngCAG|yAioQiV>o1\DhzB0.cm&F",Check sum is 6
test,"x63[?UKak;J
(JJR<+nb[K4 P
i[}j8xs\#",Check sum is <
test,";oI_Uc""8-( m^	ZTL-MB |OVazp,-:leR[s?OW~A(}l-]L?",Check sum is ]
test,"f@Bp"" #b7j^ng0;RTA@t!hIg.zZfy",Check sum is 3
test,oJ,Check sum is Y
test,"j==2ZT)nT3\B.lQy16v.L_$JJ}{~t,$Gk",Check sum is ^
test,5J,Check sum is _
test,6RE\;]SR^}_n?brH8w+#)U{|;/jSd_B?$0F-V/,Check sum is 2
test,"	7
&FxOS",Check sum is 0
test,"M^1MX#]/,v23(jqNy%}ggWX1\GjlA",Check sum is +
test,"4kb@fFo|-)&0!%v|,-\)E",Check sum is ?
test,V)$smiJ:;H1>@EiH3-O+65	AS`V,Check sum is P
test,"&- 4qAkEBD*oAbIpIfaCADbk6xz/
Y""&\A8E",Check sum is %
test,"v
yiJ)D8tI1Q]<+(9Nj|(rm%TeCm+|zBJ>-uq5p[SefNl5[~<l",Check sum is *
test,\p&,Check sum is R
test,"<W,vI\0?QdJEf7?*L
^/K\OG=%tK^5Xwi}H@%z@U_Ev!",Check sum is 3
test,Ob}D.%=<wO8M!N};pQK{BObNJTQ0BQ- >u%FTN/7<q)t,Check sum is G
test,lckl9aZ/2kKoD}LA16%o<fW03 Z*X^_t<PP,Check sum is .
test,"8d	[erIBnMV.sxU)>`rKQ*H&yxpCmjWOh
9Z9Ck""/mPC;",Check sum is G
test,"}{ir#U2eQ>D28FEDA%[.mJ,\",Check sum is <
test,"(xZ]]E^A}:,n=.FH{ KG)l*L98w+#($>",Check sum is :
test,"D}4Bs
2p|gvyA?X[S",Check sum is N
test,]QQV{|2mM&^usRXM?c1|dv&l5]tv%|QChY5t,Check sum is Q
test,cULdGk	{,Check sum is >
test,"yX,<	[",Check sum is =
test,"dx6wb0zlz}-bf5kf0]ssk49(I~s

q/ ic)4IZ>C|ISdP_G8O",Check sum is Z
test,"=i3`y*x	""v1=~[Zf5faDH1<4_k;'>%YanjZ,;2e##",Check sum is D
test,aKm~fJ,Check sum is '
test,"-gs
9if>=4@MYOAw9	rc?Y}8|!'l]3Xa",Check sum is 2
test,"7}:$G8d#	t6%$,(R4H,[&P;l<6Y)0L\rqKOuy",Check sum is 1
test,ts-hapkAL:|FZHi0x4}l>]:~p[agRJ~p}<n\Se!atS,Check sum is %
test,"1p:`VGM!O>Tcm(n.
&tMlLfLRFND8*6vHfF	",Check sum is +
test,{3Erd8qFB52 ,Check sum is !
test,wA[Oe~:{{bP+uy,Check sum is  
test,!8J1Z^v}+X1@)0P:d]*-9Jk|0yFeu(m&4	ID,Check sum is F
test,"{""0,*)3q",Check sum is P
test,dE1,Check sum is :
test,)x%'4,Check sum is A
test,"1_c_yW{Wap
J[Hv0dS",Check sum is 9
test,">BiYj.dY6/Ok?^`&3tA
[O\",Check sum is 1
test,"2cG""ut;HewS54m_|)""AU;
6{4Ch9v",Check sum is O
test,"[Bo\c XbQP/9$]
5!W/RF_^#WpopNp@
Kp5QREsb,",Check sum is 4
test,"!&	TB@s/`^ 17OZ2N,vxiaM"" L(	jCc-T6+r>`0@t",Check sum is -
test,"W?eZOBU(d^eGHVXY0(3\Py""P)>]zY#af\=%0	]Q<Oq56D_cIh",Check sum is &
test,"7LE}4;GhdH.[P=A68TkK/f<,^aHj$X`1F(U",Check sum is <
test,ey,Check sum is >
test,IrrawPPRB)t!w&dT,"Check sum is ,"
test,3{_?Il4TQ: 6*EX=;aSEoIP=*( U`wkTU,Check sum is 9
test,"lzuW:-Gz<@/@W(a?~.vt_J
ll+	imcl.Po+F^J",Check sum is D
test,"}&b,o<s3_s:}Xy@y(*f<?Tg^!<C<rF*15f _V>pBQh""F/}7Ks",Check sum is R
test,_>&as=[Ze1/@l=mz{]HC`z7U%^Ks[vodx9,Check sum is ]
test,"!(dEzP 210m:A$xDH;-a7g.5Vr|%	wvu2B O6=lpvh0KHn07
q",Check sum is  
test,&y$^),Check sum is *
test,"<nk`#hj
7bRozc\9",Check sum is  
test,">jds,a$4H!IATrN9QGwcNtLcf|~l",Check sum is 3
test,@LSu2nvb:NM[xk!.T#k-8&+`Z(WnR/SU'I.,Check sum is T
test,VuD'U-8kyk^c[m[@\D]hmeCXNen	VW+pQ6AR!L]$b&La,Check sum is D
test,7Bf*,Check sum is )
test,!]+Mdq,Check sum is +
test,"""c""g@z9c[YAwEYPtJ932Ex[4A9Aze",Check sum is  
test,>1L	LP Jxc@*H-drOT0R8tJ5T_U*lM9,Check sum is .
test,tu}oghS,Check sum is W
test,"kqzB^O5g;;#,T~)%y`K&{nQAAa:.%T!&SgZ",Check sum is I
test,"?38Ct3xDerCQfNC,~-xh3",Check sum is <
test,39Xzm]4%Sr(GRvC#Ju,"Check sum is """
test,"	G03zL;Yw3uIU*M.W,	r;Am41xaJDhHy""I\A[Ul",Check sum is O
test,o?63MtJ	Gzr.5Cmq~0^y';g,Check sum is P
test,2%|8@#yJlT/_jg'm8&(3WKE1VH,Check sum is 3
test,"<Kv:E-H{gaa#]c1}oRT,|b]E[I.Y	RJI9",Check sum is Y
test,$NCf]d%;Qv*KuF1261q,Check sum is N
test,";p|W]TY=9>ftP!1,",Check sum is D
test,L~Ja6(xnHi,Check sum is J
test,l3? a]8*ON@O`QnvtekvrzTZ[Bb$FDXA	C6/F)6',Check sum is V
test,9SE,Check sum is 1
test,>-3~X*{XQsYqM;9J,Check sum is *
test,?/F$sAq@o&I M>1(~;eXG#qv~pWrsa[bn5j`=D4zs.a,"Check sum is ,"
test,"6=~P:O""",Check sum is L
test,"#x0fC	DI:]gs@y[.r,
(	>;V:5A>S^OSEU)~><uC",Check sum is 9
test,GFe<DD7tr(9DJLZ8U{!S=3VP])M@(c}cD*,Check sum is F
test,"w];WQ7(aJ$.r$@PD&9LN~ijCbf&e{
h@uo",Check sum is N
test,okj,Check sum is $
test,"e[Hs&s""m
ymvU0[>jx.ZF'$Oc^'P|r$8c)N(Iw7	UJhMY|xvo",Check sum is [
test,"~J
Z
L.{@t9 N=cg .0:""(Y7G
%TKue",Check sum is .
test,"%
@"")(SU",Check sum is *
test,"K0T*&EuX}E}'+:06d@gjFn3;Oyn-aO_'
(yH	PUJ",Check sum is ]
test,&|MgM*,Check sum is -
test,oHl]',Check sum is G
test,"Bu""""""$,%1Z6(	3	bps7&l RK{4",Check sum is Z
test,"%JS""lCaeD",Check sum is =
test,"Fjhc}M""AxV%h3
dW@lp",Check sum is 7
test,plwC70h(}j,Check sum is T
test,"**S(*[uz]< $	d8bL(g}
s>{ym|@d=^|:f78<-",Check sum is *
test,"r*lma~<cJ;s_b,Fb",Check sum is  
test,"
ms#S,(1|>D.4r(]?
Gi2v<",Check sum is 9
test,"OG:
0,|	}R"":Rg;V[+C%9Ki^t0a4F",Check sum is H
test,"=!F
Ql1_!sd>l=k3x1",Check sum is A
test,S<VL3VP2N%7kxO1kpwCS!,Check sum is 2
test,"ZYuL
w_X&h__+YvN",Check sum is  
test,"c
.HizJy;3toKUuJBHp(5Ot-}=RA)aO r9-VW",Check sum is +
test,"B*Ty}h4)DQr_cM04m!&=P
:n4X@S&)",Check sum is 6
test,aF$=}?7o1CXbMJb{<-ong,Check sum is Y
test,"[V_lHS.shvzuKd""gU)i$lyG)V",Check sum is S
test,>[-YXf.26QB!C@S<_l,Check sum is $
test,"7~-^[
o4",Check sum is (
test,"CrtoI*El)iE6V	O9AKIH;'[E*bFj""VM02.Q*d9`B",Check sum is :
test,"0w5LRf`hir%7RIHO\,Je)OXVCY",Check sum is *
test,"`|:Mf>k#MMW<'S~ _T=]V00\t~&4c,$b",Check sum is :
test,"V,f",Check sum is H
test,xGu'bQ^1~vQQ2bh_	c,Check sum is Z
test,")=c||'\=@0K
Tl+:hXZG^qym",Check sum is !
test,"U\<CkEf]t!&@#^.MDF.B/
%T/w%""64AqF2A.xA-""}7&v;[a'z",Check sum is F
test,":@Ua,Ab,:J9h'i\{iU8}pA0,mc3""lZf.t0uG:spUh5B6$llaN.",Check sum is V
test,CDL+uMc_f1&x}[>kzS&7 F]nXFM^	FCTS42>A#,Check sum is =
test,"v^psp38q{T-,dXyZQcjH^zR#xR",Check sum is W
test,"S4,N!	_F,@",Check sum is \
test,1@@,Check sum is Q
test," 6h/17 '""	K(hJh6 H?\ Q\6.`u_vf.|@?AzY!I	#-C'[",Check sum is 3
test,"E]>Yeb#%	bH]I/uN?
R]\SOh=dm!X",Check sum is X
test,8w-#+Z,Check sum is $
test,"sY\f{=S09z7B{YD1jKS_%AB>ZRXonc]p8lu""#/",Check sum is I
test,"l097-""%p'SmQ!@x2U&&T,SUL^:Ok 9?",Check sum is R
test,P3KwHQL v+[;b`VD>=%9r?a5GAm=~KMh8bDo,Check sum is Z
test,T`G`AEIm0jx;or>Y=1b>v2>_j &4Iq(oxS45c:#qAlYQ~y,Check sum is 7
test,"Q+Y]7^|:8?Ox1Q=c""P/a1@&@4A""h_",Check sum is 4
test,"tjSZ7_-AP3u'k;'Sq$N'~
z+?b/Aiu5'j@ZJ{",Check sum is 9
test,Gzk,Check sum is L
test,"""An:#^&Im/O64H2_us4L",Check sum is 1
test,"&/X$L)nz8qvRy:]x""=a%1ETRFj*","Check sum is """
test,".Jf*FE[;CSLQei9S.c!
H-AT",Check sum is \
test,"A?_D}h(RInUL?&BE\[u(M?^'1NK.+yp}vccu< I1""rZ`",Check sum is )
test,i-b1,Check sum is I
test,&lUt!B	y.Q{$cr^f>{E	u0Q_n3V6'G	'IZhL4Uz~A|!Q|#0D	,Check sum is !
test,BPbz,Check sum is N
test,-7:pni+V+d!Wd?XC'2&r] 7$i'3))d>w~m/6?X22^bu!=8 ,Check sum is 8
test,OC?V_!r(Ev*HWN(^8BW.RlwV)ubt%,Check sum is \
test,"Mr/|+W[!(p;oQm--EFfKy{~}_]*YZ{(y""[7EMxn:f,",Check sum is :
test,"n/&]Zw
oF4.y2~pSNGQ>=>fx>}pqK	&U_aL79a>o^1",Check sum is _
test,"bDMHf""	","Check sum is ,"
test,bFz^928J,Check sum is M
test,VC?V4GvfG	NivH7J}5g-Ir\o[1/;nwL?8g-]&s0=,Check sum is L
test,"6?|K`rzaf!3
j7$M;jL7BP[u|C~~d5 ~jgnz)l#d""]<E",Check sum is 0
test,"2q~N==ZD!9aE8;U%Y}/P3`]Vy(F
cpA)$z4m""{H",Check sum is A
test,"/=Zhuog&,;Br0o	d""@*OjR~UjPq`>vA;~o#h\[*""/Cj8e&",Check sum is %
test,"""a)kdei@13-tfs^,aPvH L9	T",Check sum is B
test,y ,Check sum is 9
test,"z
k<Dub~yL-qvkb`N#K/U&H8dd",Check sum is X
test,"JY*/O#!=#*Ff6|m!~:,3q8&G&BC0D(vm",Check sum is <
test,"->(rsJ*S%mEFC:k.8BOM1}Ep=VlA|y!,_B=",Check sum is +
test,"Y&]T9EoXP$g
#<EVEWZw'ASOF m7~(",Check sum is [
test,aN1	Acg	=Fb_3]|sQ*A6UA{,Check sum is #
test,";,Q;wGH-/Ue&5SqX1|e[e1sY(gFyqmNL8G3
<j[g0c",Check sum is 2
test,?u_;;[]EguJXHCNg\bmh'fcz4. ,Check sum is #
test,`RxA'J:o32<E_P!5DC-<I'6t52U,Check sum is V
test,d1RzBqA<.1^nWB?bswcQ>F7K@6(BSG+la}ORZ%B's\r*lUypw/,Check sum is -
test,"V1+0{P,~JRf!Xj690[%x{e4{:qZw>~C8O_Obh5(-yP
[",Check sum is 4
test,gh!RF[IO,Check sum is [
test,"1kAL.JYu	<C@0tTX4~Bo/dFh F/{eqrqo,Hs)Zd.M!-7]=",Check sum is +
test,*Vvy`6h/+ba9Br,Check sum is W
test,"@nwqsvJmt'AmJB2.r>!k)O_""lmSBw:fhNuh *d#I)rCv Fh$",Check sum is 8
test,jFo_]m9Bs!9q2ThC?TTRCRBFlV<,Check sum is &
test,qySSw+#-1r36;l_/9*6=gypDYC@zw2dm(tnW+xQw',Check sum is P
test,9xHOT_pMkD)WXp#S;{-^!OiCpLx@jJ,Check sum is J
test,S6,Check sum is )
test,qbMUkh`+X2aA!;>-QX)B`>+DV,Check sum is ]
test,"TMHycb""		6Idx~a&<)	Ik8",Check sum is 5
test,n=gL{;jb4-jiWcITn#omKdZq6!T5Qn?olkw<yw./w!,Check sum is .
test,"5(\K*]bh	t[~%nLZUVe7)/+as?1Mhb,l!y~+",Check sum is D
test,"a	aZ,(WMv""\Ep0 8K)~Oi.8;<gi!a~/5&KU4icr42",Check sum is G
test,E5XMqE@hhk@%0\8[nM{e,Check sum is O
test,"$|>
=OEzg8wUJ]JI",Check sum is 8
test," @E,sFq1(*S8Mqd=8?G	smM=}M(Ce$X	",Check sum is X
test,"oD5j^BQ\
S>^m_J>aYc3zVTVgISn&3+772_o_dV@!",Check sum is 3
test,"O_UFSl/6>GU4F(pjVOKlVwPM]VZQnR
d$E^^/:owLxS7	uY",Check sum is N
test,6^Hh/?~5Jr	,Check sum is J
test,"vRabcX|ClY_kks""@My0`t0qNLR0/t>#8)(	:?.%#IhN",Check sum is ?
test,`&>w6nbxyc*~Pz=kZN's}ktMI:Rlgby?jwXJMAA,Check sum is N
test,rJ{T9xrAkL#5!,Check sum is ?
test,"$k=1bO%_, h`t9@F'",Check sum is @
test,IG{~-%\./V !LN-WiVz6PH d%$<TQ~:Vv,"Check sum is """
test,p]lc}}R,Check sum is H
test,"6Z5t>?(@yez?X
Q
i`bWX~CumLOqib$x^uZJ>9R3x9#	",Check sum is R
test,BRNQn(68Xo`e'?g)Zpfn2{(BJ(ajY k!'0IWe_ noDV:e~Y,Check sum is X
test,"taB/t""X%u6""D'XJ^;WmtE4x|l>C<!H!#o",Check sum is V
test,"{.GAkx$qh\$EW?3,T5w=7<J9bZJG='Q|IQMjgJNYk`KZ",Check sum is 5
test,";LFmYE<b]pjV Dz	5^1hdv8Vw;9`yFceG	pnvH`7
&r",Check sum is U
test,"{]8GVJk@&UK^H`1r$E?,z2*q2A|qrkg[:"">lo	&",Check sum is /
test,9Z @0-{zLu**29b*BSmkeK#4:mUz!~n!0$8-,Check sum is B
test,"2r17'X.]k!i>!RT<`Q!n]XVmm%Bk+,S",Check sum is M
test,"8`VoMn3
",Check sum is 5
test,"ujbFk)7w& h6^5e&X0d_P&;qR
83'7?7F$wG7Zzy)H699",Check sum is 8
test,"Bm:7
:,@3]YZ`[X%(C7_/%HtP<:mPDfp9C}2ZjX9xBp6:P~##",Check sum is G
test,"m7|v)}iw}
UYfK
XF<{4y_M$ 4Mc""$1X/Bt R35 yFe=",Check sum is Q
test,QO	3Ym:u!,Check sum is R
test,]>1Is~0!/JoG;BwYdx1 $+-vf@$:!XxJGANN[iq|Ob0RH,Check sum is !
test,@ZWh+l 5gC@0,Check sum is ?
test,"kg""FD DmKL`#",Check sum is I
test,"dW""v<`s2WP/	jf4*>,A h+ob7X9mF\ULjOy",Check sum is Z
test,'@45BA	c,Check sum is _
test,"00v/!*htpOhCJvF/&LrC,=63>rjL{%f*-+RWZWW*S#",Check sum is #
test,"	I^!M_>'PaI]A?Z<WG""qB-idb
1=h1Wd{|",Check sum is A
test,V-i#R@qJx&#Fe2rssPH%A,Check sum is 0
test,"x*u'<~-NQD{E-D6@]SkBa_iMR$bN7.@%wS6
foDzo[""oo8#csq",Check sum is [
test,"`SZGs/^yhtuoO4u*}e5F<&J;
A",Check sum is ^
test,"""[=U1<5yh+=[h$~Uk.;$+,
e>~t*jKe(y(nsP$9G!f",Check sum is +
test,*Nn2E>$y0,Check sum is H
test,FgWk1Eb:,Check sum is !
test,"Xz5_y'&~vB``7:L0QJ'6""(tchL*t*(YtQK>",Check sum is S
test,-@bwc>]? RX&V\HUdQt<B+>.+r)fVQ;1CCdmG?Ca1,Check sum is Q
test,"HM{GS4|t	OXj0}>K5_kq	6vuH{,y?>""mK-qOB@?0^UE f)RPw%",Check sum is Z
test,"w!ZR+HyVUvG-""k/?y!>YpLQ.m?VYIW4(hBq;/$d.KF",Check sum is /
test,C<~5?a#Ob>TKUP)!>@H&bP6M~7R;^T,Check sum is '
test,pn>GoW'u,Check sum is %
test,S]}Ng*e=yi[|xcM0oI(>5SCCs,Check sum is >
test,Nq7brN%Z,Check sum is 7
test,usHZ=}2,Check sum is V
test,W+{ID)[<j%(UydL1@PkOu|Pd?uRW<1QLB,Check sum is (
test,"v
:]3)QKcOXVO0*2DdLhZ/&lPwSv;zH><InYs	TbHd#\K9!d1",Check sum is O
test,3'VO`@Ftg.o\Qd}y2.,Check sum is $
test,K0pYzH.;2:;6Op,Check sum is +
test,"A6w>1,-H7H\Qz%>%i-V5j7kS",Check sum is L
test,&;:D,Check sum is ?
test,"uswF#xS-*cot12
2",Check sum is /
test,re/x!Dm;U8FZ &K5-S	__  5;ibU}FsD,Check sum is /
test,BTTuEUK~S,Check sum is 5
test,"&%A7VV5S<+$=))=D
Cuf<8?_@7}}UzpS<48:G7aXUk_KUX-7=$",Check sum is $
test,"]=7(P3BxvY^8r/}|aLFL(w+>@1Oz},x(C","Check sum is """
test,"zE""",Check sum is A
test,IPU,Check sum is N
test," 0zWhb3Y`>\tiJ$A
$&u:p9@?,wp/Ybd+4/78i_",Check sum is .
test,(;FC6W#o8Hv[CX,Check sum is W
test,"""=Q!_HReRdV{BqDG?60
Uq`D;""Eq~Fz:ZO9NzEhNtJEj 2Ncd",Check sum is 1
test,"{dh~*7dHwF|GX
'pO=F&eD!QIk*S+kP%=m6	>"">ZB'kEVPw$",Check sum is 5
test,L%:^Xfp1vNdn(Rx&OqUt'#'QwDB_0P1-XC24Jr%Lpa6h=8y$u,Check sum is _
test,0z#=Wc'I22,Check sum is 8
test,}~x0m=7~k;}{E|jlJOYv qc.^)*RRf?3r[ac!!;pbu6ws,Check sum is C
test,'pU/iJ]UWTQCa]m,Check sum is J
test," 
W2zk!PL@K`X(xA^fca3+!]4&CzK8#,N(ZT5N9
Wa%}gX<=Tr",Check sum is (
test,|GPJ3xR:rI&,Check sum is U
test,\m;k'?2H%Sz;UcyBm8Bj8YtuvLANY	+,Check sum is 8
test,qkjp=k,Check sum is >
test,"1%zGTN:~ >nqg
#YGTG-h42tGM,Q-",Check sum is J
test,"'""rnc<",Check sum is (
test,`2=8+9x=(5Zc?*xDkgJ&~YP-XOU/%,Check sum is %
test,"u=&>t7.%(""|}Q#I6O`;$*<%W1/Pc	pKiNX",Check sum is @
test,1g!2k]I^7mNf~af|;9>fn',Check sum is @
test,axE|	!0m/0,Check sum is  
test,J5[cx<<dqwL7D@*,Check sum is J
test,",=UJuNy-P~S""\TpP	C^CWmxn@*F""fFD;_u,""1v6y%",Check sum is 5
test,(c`^A9?}UGn,Check sum is )
test,-_c`j)xF89MewjfgoSuw+XZ0z'7,Check sum is $
test,h09S\'}gAmd9`!|o,"Check sum is """
test,e-YZjUu5A2t?vWR]^\Wf|6GRJhN&7#o%	AS,Check sum is #
test,R)gr6Jgo].j5t5LrKm>h |!WZsW,Check sum is 1
test,"6@V"" . y9LWVpy	<:$^Z +a1#/j+HT2UToHZNd9fe*",Check sum is W
test,VBvXU\jtS[y]#t 0@CI-G.,Check sum is .
test,>;DXck]1;<FlKz>Q[5L)y%L`y~V,Check sum is *
test,"p^6nkt`P2\l=~P f:>4>{,H.MgU4A6#*dUl%6vI't",Check sum is N
test,.-ymn,Check sum is O
test,"t+(IrbZ~tAg([1-WT(,qbN|UvCLJVR7/We",Check sum is #
test,"+e2g81bN[>Dr$om|:L""aG93n%N}Cu'^:nr}d",Check sum is ?
test,$|*Xj-6ZAf eg h$AC\?9zSQJ;jC_Scj9?lPknl,Check sum is H
test,|]0tdhd,Check sum is M
test,";o#B
NR'q+:XaMm5,+DE-WcmNB[*>[D52]hH",Check sum is X
test,?f)Ad,Check sum is S
test,"	&gwvBTyA,^,{'<-cwB@}6GHCPB<P}O#mA,$xh=",Check sum is =
test,"64""F'0X~KH-|^IfeQ0mCT>z1)3= ",Check sum is 4
test,"k?1b'|V7qJzPw3L
hdXj",Check sum is  
test,}d	-/(\,Check sum is *
test,"?m&UO,KKu=hA],b1xoo_hVD~5[lq?w$_\y~jYU 5OG	18+1/hn",Check sum is S
test,$U[),Check sum is ]
test,"f[ae,",Check sum is S
test,X>abt><&:2d0^=E(wE)%!r,Check sum is 2
test,"cGhG1TQD
<x<*xoq8b<",Check sum is %
test,"nn-I~ymbl[cHP2q/)It!""0P;?zBdS","Check sum is """
test,"SNq .""sHH6y|#{5<PG{> W!#&1a
Tb^0atviku<m:B=$",Check sum is J
test,-YEm	31bB SR3${|/'}~!;pKmEi>6i@3NQ^,Check sum is L
test,":PiBk218eh@X)iWG!""A'kw4Iu1	Jsf?
RJj!mC8xz;a.!",Check sum is A
test,"dvL
ED_;J+3|mJA{
xH0E?GUYn=zj}@*:}7Wh",Check sum is  
test,Y(OM2F-V)&Hi[N)wSOl/@]#M0B]0C;gb,Check sum is Q
test,",.|/\NnE#$AjX!<0Z}!<9PTq""F=VnS N3	k4+u",Check sum is @
test,"^-=+Ub(%)4@=h[!
WE)-^`D+EN<|3:XRarm:AXe:t(",Check sum is .
test,7?h-,Check sum is +
test,N'M96'QfyJJLv?d	~cj$|M1	),Check sum is E
test,"Fv6dD/XsPBO5U+rt8jvEEHk;%DHNyOUJzC%8""","Check sum is """
test,/>8b,Check sum is '
test,"@.b1@8p
*7'2-)'{j6t(C-5AD
s(i>~jyWV!kG( ifo,[",Check sum is %
test,1QiliU,Check sum is 5
test,@T)G4h!rB(._GavYXbo}l]c^,Check sum is 1
test,"BnJDUW<	$CV0pSGnZv
BKcCTT	3\)~29l26Z%B;TcKpxS@_k",Check sum is *
test,uHNZUYc(j5Y	R{8;eGYK=@pf,"Check sum is """
test,]G)%SrP7w,Check sum is U
test,`$eRr'Ev$(c`iBdgScG`,Check sum is Q
test,"*c]l.S/3N/%4.8	
xM(1aqrlN)6A",Check sum is $
test,"~d~=qve0:XU#OL`Kuy$A
E8&)kYi4o*<iUclZG",Check sum is V
test,ov\,Check sum is !
test,#I6rTL!\9lR>Gwp,Check sum is 4
test,"Y/8L3|e""?%A8sU,K@- 1gxN?",Check sum is (
test,"PV""	>P4R ""JBbd+}r\D8 L=[
qgN{.u)0KT>!/l{~H@nDZ",Check sum is \
test,"pLXkA,",Check sum is L
test,"_e_
{G-fz[Bh3i*jkp'/\ddvWJ[kJRyU",Check sum is -
test,"P|mqc.9>i?,NpH""VUC.vl""'",Check sum is U
test,F[5j0a0,Check sum is !
test,510*gPG@|mG!Ek<S~s!&1Ue,Check sum is Q
test,pTk>!,Check sum is .
test,"$=
",Check sum is K
test,`(v~s3h5;JH8qK,Check sum is  
test,"c,\Zxh ix$#T%^,[0^[&9!i""8c1F$QwfFJ1+{	B0>CY.%52",Check sum is 9
test,#<UG@^0Rn/w${*F7%LAY5,Check sum is U
test,C7q=9PNk*M3@S>~fF!;IYjGu&nCb	Qe6(;p;=1Oc,Check sum is /
test,7a*)Ca9 r9cD@Ay/OXveBr%mcV,Check sum is D
test,")7m*y""W*p2,3xt6\9w%V!-Z.-a,c2",Check sum is B
test,Qns)4!U*QI/zFA8@!O8j6+=j^'@[ijV	k*P8W,Check sum is 1
test,"[5AWhB3H
+4JgbQg-cII*r*W'~I6x_#w]",Check sum is R
test,"#-@i'/[&A][l""",Check sum is 7
test,"3V9Cr{aE!T<V6DGz""
!Vo`9|",Check sum is !
test,"6(j""i7w~pz>_Tl` v_H#MaLP4zR",Check sum is 0
test,":
}",Check sum is !
test,"4+mj] ##PsKsy
B'g;y{s(YhT{3<ba'3m'Ob3",Check sum is K
test,QgBNw{clxtVDtw$FGeXx``nQ)O9x_Gx?c&#c.yR^B#6i2z,Check sum is [
test,"Q^#hulPvl=w0MDJS<?)WhW=jQ+C82""5|tCr3",Check sum is 8
test,).7(<-;ZWP=5u@Tbb,Check sum is :
test,B&T:';u0~+jA@,Check sum is 1
test,"qXWS?CD4#6b<%g!\G1y:k'H\?'H@
k{o@s!",Check sum is O
test,_X7e'#,Check sum is =
test,"*{b!hs-|+LFVA!sY:Ctx_;O}L&
K5MWbL
'/.WDF ",Check sum is 9
test,U&fHHwQ=w\ZTQ96n(q?	=4D,Check sum is [
test,"@n?>id5fd'LL%M9""y?DWMUIA^U'#K;I|TqKE",Check sum is ?
test,_jP.J>F%cluj#Uu8f'*9V/ia,"Check sum is ,"
test,"mcR#-={4Nr><RUr+FR@t
)b-6=CHZ}n_M",Check sum is 9
test,"|X\[,U""hK`LOvmk%.x:$[tp,jof6nlj-|V4'HoB
q!s3I	;",Check sum is 9
test,"l`aE=Q9~#h5eOB3|hh+yb@4_ /nDN2pVtyr?cyBx<
TPN",Check sum is X
test,"ZW!nI6""YMka~B./2a@Eyy5U4UpBb[m5@0",Check sum is .
test,Imy5N,Check sum is R
test,"
81:d]C%\bMV	PCN-(
y-s$1O]m*sJ3""!?Y,L^gm",Check sum is F
test,Wt|0A)N$3}8<ibZ0(%3Rh/5.u,Check sum is -
test,"z4R<$^xy;{NP	tQ(<#^f"". c$^QTOpKb$YL",Check sum is +
test,D#\QjTh*E?:HC`g-uqLlxNh5[xY'IW9IOJJL7@z7),Check sum is 7
test,"Z$*'Z!""est~;An	I	^pu::CNcE'(=;*w4X&x%*u_n{`",Check sum is I
test,"q"")H~l
l*faKdx1}]i[tJ(E""e5<+&&96qMIQ&)9TxplH",Check sum is D
test,"{97""wEV\[mGO(J.15",Check sum is ?
test,7J#kFY=QVy'&<GJSG~<:e&B,Check sum is  
test,"w0b!=\EhR!3O>""*#}iSD",Check sum is /
test,".Q	QJvL""4f>?Q1?~)",Check sum is &
test,"F,l0TDez6,|[82}
3nGYj=p8G];v\WS5p>}W@E""XvCkrz+;?6H",Check sum is #
test,5u\4n!5qN%'-I]f[i9{pm+3H@I{+?,Check sum is K
test,G}oj20&&fF?XlUz),Check sum is R
test,D|o<D+*a(kh,Check sum is @
test,BZqU~8i^|TfGkbII},Check sum is X
test,"5Q:.6]
U*Ru^*&PIxJ6nZK/muKICx",Check sum is #
test,"%2QF&90L"">KJf2&f`}8>%.|9!A2|fR_U}zC{""dzt_X",Check sum is 9
test,"cV|Ygt}s8evb)Af "":Dc",Check sum is !
test,"12>	wM:.>HsW{DHz)3(P""XY<J.H7. 6z2Ic",Check sum is =
test,t(1uOf[2H^99 :YWGss{d-/,Check sum is .
test,"2
sk~.UX9 VWLwPq3BHGsSlgFL[l;?o$,s~,J
l]",Check sum is F
test,"64|F%Fpd\q
;,
yGhcn|lZ$5pfsp.$:D~!",Check sum is O
test,"yI)24&0[:;;nE}
",Check sum is L
test,iq	J=-,Check sum is 7
test,Zm4qUr	O,Check sum is +
test,"bdQ ':s.t2069L	?!,ZL?jj=#0Ot#6J",Check sum is .
test,"[HqnXf=VO;< [8rM+Rjj*vwtC=$@
jlBl;""",Check sum is V
test,"N?HlBF-A8]""!|h0;i",Check sum is '
test,"RI6H/	 O'a6'
TMZjtm9XM|ZPKRMDd%7",Check sum is G
test,"MtX
G{)'fJZk""~39{||.",Check sum is 7
test,=1`_e,Check sum is 2
test,7/Q`_B6!yQfyXboZuy[O1iQ,Check sum is ^
test,ASB}lltE-N<	``^W*,Check sum is #
test,ac1aDwe#xW)O,Check sum is @
test,"06%eucvO[_0bgscP8jx\k8}cQ9|""B@O7[moVp(VAB:5uAA?_ww",Check sum is _
test,"+f<i3V?j)6qdB/:*_/r6	WE` qbG;z`R\_Ez,5I(Zy1",Check sum is =
test,#&NO]5LfxC?Z u^wG)X3R'jJIstD{GS1)9urY,Check sum is L
test,U*y|+(0<{QmhK4#x0U5eAEO]{F'kX_DE2qyX7R_7OGA,Check sum is \
test,"uA,buyUPt}""dQyYH-BN=8+XF|D:",Check sum is N
test,a`CONM'n>%Td6Q,Check sum is E
test,"(2mJ9VF1v>DSLq^gR(a)RWG=q]19<}0Q?J""~7o#n<P,_",Check sum is ^
test,26:&.osP`V1a&C&'fKKWzw)3QJ*	1gY>TP-0wCU{PTR-1ep?,Check sum is V
test,%Daj)c/jQpzSPjNf.	h1)ZVZ9D9E5(A$|*C z,Check sum is 8
test,sA-ba^87SL$VK?Pc] 3hL@=OJ5~;\fwSAl',Check sum is /
test,TP0<As,Check sum is $
test,">W/vhZT~>G`55FRX	4.APtw7gftr E5""nd^sivT#O{:.",Check sum is %
test,"z03_&sM!;C_EL`Z
I?|3_^>u`qR'^X6~@)iukJ","Check sum is ,"
test,X2qQmG^}%<>8_g*Q',Check sum is :
test,41VYDN#HNF8[ZB''wS&6.o,Check sum is E
test,"mv%j^,`C6 4gGr->r2,4#`D)a:(]72$ zzXSl3s-R?5B",Check sum is ;
test,cMu/#y_D5u;,Check sum is X
test,"J^
y&@GAP7IOTw",Check sum is #
test,TD98Wd}AGTD=`*tJ{Mva`B&.8B7@Xy,Check sum is ]
test,35<h_a@oa`|	k^bVC,Check sum is %
test,"oC*UG|sI!gz_j%-Y6<<Lx[UzD3r6[8c
l",Check sum is -
test,"K,o8@)%.M]U;])Ta}v
a&bD	=Q;koc6f>G/y?v",Check sum is &
test,",q])EpKQDS)Hr*e9hhUY2>)yxg&~gi^N2>{URtk`It2~ykEc< ",Check sum is K
test,/V-V5wcNBjYq&,Check sum is !
test,Snl0[xOS,Check sum is 2
test,sXWd,Check sum is &
test,~dWJ7qybBm',Check sum is <
test,-z3.-8,Check sum is M
test,"""^<),&@0Nh;5I""P&yYR	x9,n/fp?1;eAs0oEpt'{OM$@Q",Check sum is J
test,xrQqr!:1,Check sum is J
test,MVhmUlAO@,Check sum is )
test,"d+ul),N#BKlIG$Gc4
tQs,?#HcHu@}b)+!n&0mmapH)SA8",Check sum is Y
test,7Q-c q^Xep3~{d8&?Ts+=#Y q/+K)|&*g9^Y?,Check sum is -
test,"E""jeieh~+f1|-f3*$?	Dh0)LW\J?9'<Czs%?X.~mV)GjD)zwo",Check sum is O
test,I	+ay0v6j1;,Check sum is )
test,"Lj}C>FB
@kQ","Check sum is """
test,"
5&",Check sum is E
test,"N	0P e-L7@0a7$C@{im\""U{FL""wJB5-irDNE~",Check sum is C
test,"i*Ltj%R,-Bdq>n3iZ>0	!H11B",Check sum is *
test,1)4Re@n.+kl[>Q`L1SK,Check sum is (
test,"&""Vwj	?\7uQ 5cI^2_~i7`9u8]~6/
TMD?UnRoUp:",Check sum is E
test,{+RkoECpMB2,Check sum is +
test,gm7,Check sum is +
test,"J
-K_R",Check sum is ]
test,"KxyN; Fg9d$i3_@
zC~&su0GmIh",Check sum is V
test,Zt&,Check sum is T
test,Vd{fi:^\U	ZfFv':W,Check sum is *
test,hsaU^v}G$NhN}<p%]AV^o!hlD2TR,Check sum is Q
test,&H@F~T,Check sum is &
test,mWV'?J$Urtu,Check sum is >
test,Tvi~<mv@~`S'KV!F%LN.n{jH-TrYKY@|~L=D[Spw)j{%A?,Check sum is W
test,);mwI,Check sum is 1
test,YW$)7={zjFRs}W{u0O6]n|s+,Check sum is Y
test,5hL0Tm,Check sum is :
test,6Mqm(\`&:V*,Check sum is E
test,ia,Check sum is *
test,"JY/v1B#VrbvL{29os;K6tk/nW*t5xCyKV""<69Y>^\",Check sum is G
test,"Wlp914r5/^&a`BxaD}^YkPgnX""5?p/v01[:M'",Check sum is \
test," %Gob^fnonTVTFv4
/~z}?^5HYaD=,4]JhsdOd#}",Check sum is V
test,#fO)5X8$A#M_br2\.y-%E,Check sum is :
test,"{5ChL}
U:MQDc","Check sum is """
test,"ZKqd_&e*~=uye""&zL3Sj*pT7:L5'@;82byjV
=F)uD",Check sum is 0
test,"V
RNXv3="")q5u(cQ=+m~PG_A\HD;If'.WjTpx}1AQmf@Rd?",Check sum is V
test,L|u=6d^ldk9o$?%V;bj^vUUed(	$nn^y.Bl<^yE,Check sum is ]
test,"!
;gv~72Sp7Nx8
vh?cDvwCIgLI!PP#)j({|mPH",Check sum is  
test,.0QC&eJ'H)ea>Igsl_P~dv4<f(LE.,Check sum is V
test,"Z#Gk6f
g|",Check sum is X
test,"PZ bFk=K=Sl:#`u%L5,nPq&=",Check sum is W
test,:4FU<obcD}1|uX-YCf|PCyipJFse$:4<%7!P&,Check sum is M
test,"ouBX&
:g
]n:Prd;~n*gp%p",Check sum is !
test,\nA<f[o[,Check sum is 2
test,"	z""p9|;YM k[",Check sum is 1
test,qXF#~yW'E[xLpZN)8Xp,"Check sum is ,"
test,":>5/3s4N46cMT""mn ,PN4?cFzb22Y:D.j)<\<uwR#","Check sum is """
test,"6zRC(7|aPs8F+.N:j?@MWvA4Anphk=^5ig*J`<0e""7Ge\",Check sum is S
test,"buFv0p
",Check sum is ]
test,s:10UN-]yW4c'28m2,Check sum is 2
test,"	Aep
-d
OrA&9/%*:20^r!",Check sum is P
test,"0*&L!{0Q'R4'+MnA&Y2%xh,!
Y>""e4Os(2k:",Check sum is $
test,"H@2=Vu}W>[}
SIV	+_Fj",Check sum is K
test,E)~h3<	(|eC0hZL#:wBuh){:os,Check sum is )
test,=sreA$k8n2%LX}h#B5${~n#2<HC<vW2,Check sum is 9
test,"RW>5| EX%S1hu,r,)9hy",Check sum is H
test,"*Ge
2-lJw.;!w",Check sum is M
test,"lL,(vun=	f)	",Check sum is #
test,pvuX(ofr^v%X&eqN$Vrz?YtjW1QPYk[Ry/uV*aLP?rA,Check sum is _
test,"pd&\K%t%fAg+OK/.CK%&n!g_xPaa""I""U*6Y
KZnsMC&z>'B4/",Check sum is L
test,#f_bbsa@is2zt],Check sum is 9
test,",9[&hyG} 6J^1pyQCWUuS'",Check sum is 2
test,ns[qjbZRhd:&sj[Jkz^L{6fxKD\,Check sum is <
test,"!IR'Uf]'lx0
3FXj_-s	N]h`T;)u{$nFMK|A7DB}Fl{	Lp",Check sum is W
test,"kF+>/iHOq$<AZr""v*u|/lL.wL;x:v}69X}",Check sum is 6
test,"n5|gX{""\lQ`1a){U19Ux0Nd[Hc4d+)=tikSF+L",Check sum is ?
test,|BM]{wfogiAfVa,Check sum is =
test,>D&mD=7;S_zZ#q8~,Check sum is 8
test,"R){J\G#&qOs*M""aI01MR-=","Check sum is ,"
test,>3\8IMCE|O		z+lX)`uHdL0/AKy*	,Check sum is V
test,"*kBo}~SuS+@N$=\,!Gs=",Check sum is 6
test,"@i"" ppcTX7V\b!",Check sum is &
test,0c#0t}8h&,Check sum is =
test,Hp;tAF/h9a2hr'jb7	K'#gpNS|S/vkJI>aq%#	,Check sum is ^
test,"*YA4pD@q
@|?a",Check sum is #
test,"xGLanh)CJV1	mX?oX!(su	G;_vWEp7U
DziK*)rz 	3r2",Check sum is W
test,"Wr&H@mnoz1oT=Rq`f#(k~>o""7z/+NI%2	Le:T)A%MEI R",Check sum is 5
test,tM!G>$Vb6v@)v_	_UVcs^`fGv_2.=C,Check sum is V
test,"JM}""Tm=a	PaBg6B.
L1e*/2u	sZvh88h""BFEkXY<DDnb",Check sum is U
test,E)|hZP(OmhfC[:.%TL/H4KFU ZW9fJyxJ}5r{{0V=Q8DHGTHU$,Check sum is -
test,"ge-AP2Vy)wd:fJ:&quR-#?(?k)5t|/p+nf7QcDh2)G,5",Check sum is X
test,[!:e	S^PXihcrZgpH0GVIA'>Z)yQII^yt9V[WJ}^V{0Z~c%^p,Check sum is 7
test,"!+]!?/#]gCtjz@}o>Pm#Lr
Vtj,5*J~	y}G%2BW(PTC_!F*<7",Check sum is [
test,">G?!&<2.V6""mn5'(+ugH",Check sum is #
test,%NpO]4Tyn![5Y*`@e@Be},Check sum is ;
test,"\M,l nm1}	,NWPp@ ?IQ>)",Check sum is D
test,s3'9z1#aPAtP.,Check sum is X
test,"-	^FHqnU|d2i
&4`2+?Y23yj",Check sum is 2
test,"ad^5I6	k~_5IF[}X#,|U;jx&?F/WCn&tjA7l)&}M8P&T8""4l[",Check sum is 3
test,Y*Zm1`}NAq*B3;Z97J5Bdwek{4yfb2^?E60,Check sum is 2
test,"qK""31'",Check sum is I
test,}3$}n>8)^xWl,Check sum is W
test,tb)@Tw7k/1L6/L~K.M%~~#f)toC5<b\:l!4,Check sum is P
test,"&|GGOQ{\,_A3Da5<QlypZ",Check sum is \
test,Qsj5EJuQ.#	9:eOsiiM&n7<I,Check sum is ;
test,-r~G7%(oY:Y7A,Check sum is [
test,bNM,Check sum is ]
test,"q6*Lw@; XK
2/ilSo5otCS7^kZO%$32+{g#qAI:2ue",Check sum is *
test,"3uoF""`hf4s7,_2.nr W~X""r#85FijbX@*J]1t$hY
n[+e",Check sum is 8
test,usHR3a\Z:g)NT26(Oj~_L 	'-LAmkm:|%G~_xd%i]F,Check sum is %
test,"6fv^],4:xQx#.vC#",Check sum is 5
test,"?P>E#lAUD IIdDiY%^ek5M(2R,Znm",Check sum is Y
test,":b.\B]
*5y(p<_zJ8y+fV!` 3}*tR#\$os$o|xYwgxxg{@~H",Check sum is 2
test,ZYB[Sv.%p\1|.j-,Check sum is J
test,"
M3*){o2<gE",Check sum is A
test,"V2 (Q~vBDVg<	lX9	+iS)v+-t""z_0gIy8~)l,F1(YY
e\Ys$%",Check sum is Q
test,"KVjn,;(NJi7w^:. {	~",Check sum is ?
test,"[Wt,",Check sum is 2
test,"\t;H-M,R8Q",Check sum is 4
test,"%Je-_i""@Q$;.OI
g;*g""<3)Qj#+c",Check sum is $
test,"J4**F?%M
j-Vbjs9",Check sum is X
test,PT#A_x_N=	 e7S:BBtPPk3	c>&cB LJd^ae7']7X_C*:3,Check sum is '
test,2!Nwj$WUE|T\K5BP	{^+eQyEgfDJhczF{@@,Check sum is W
test,QW7ayo@i9;	2,Check sum is  
test,"0Biv0B{dt}g_L+-""\_v""OO=DdL{P ()",Check sum is ]
test,",?b3mSClil'""),
sNSAu2II;:Vx{#+7*mxdq*D^",Check sum is M
test,"^,)F':U#Aq	#k%>Zqc%e`N5|`2=MAm|8qjS",Check sum is !
test,"!2d-(y&tY#F	dW!yy|go}NOi,y",Check sum is R
test,"Ae!9z\:a`
5O)OxWX=!VN0%{[G.d6o'B0c,h@"")&a)|UGK",Check sum is 7
test,/t|o-{Lz/EN,Check sum is ^
test,%jNS+bEG|Ar_Iz~Cp,Check sum is +
test,W>>Wdr?o%r;N8,Check sum is &
