set,input1,output1
train,,Check sum is  
train,	,Check sum is )
train,"
",Check sum is *
train,"B
","Check sum is ,"
train,"

",Check sum is 4
train,"

















































",Check sum is T
train,                                                  ,Check sum is  
train,ssssssssssssssssssssssssssssssssssssssssssssssssss,Check sum is V
train,"CD
CD
CD
CD
CD
CD
CD
CD
CD
CD
CD
CD
CD
CD
CD
CD
CD",Check sum is 7
train,"x
y x
y x
y x
y x
y x
y x
y x
y x
y x
y x
y x
y x
",Check sum is &
train," 
 
 
 
 
 
 
 
 
 
 
 
 
 
 
 
 
 
 
 
 
 
 
 
 
",Check sum is :
train, ,Check sum is @
train,!,Check sum is A
train,"""",Check sum is B
train,#,Check sum is C
train,$,Check sum is D
train,%,Check sum is E
train,&,Check sum is F
train,',Check sum is G
train,(,Check sum is H
train,),Check sum is I
train,*,Check sum is J
train,+,Check sum is K
train,",",Check sum is L
train,-,Check sum is M
train,.,Check sum is N
train,/,Check sum is O
train,0,Check sum is P
train,1,Check sum is Q
train,2,Check sum is R
train,3,Check sum is S
train,4,Check sum is T
train,5,Check sum is U
train,6,Check sum is V
train,7,Check sum is W
train,8,Check sum is X
train,9,Check sum is Y
train,:,Check sum is Z
train,;,Check sum is [
train,<,Check sum is \
train,=,Check sum is ]
train,>,Check sum is ^
train,?,Check sum is _
train,@,Check sum is  
train,A,Check sum is !
train,B,"Check sum is """
train,C,Check sum is #
train,D,Check sum is $
train,E,Check sum is %
train,F,Check sum is &
train,G,Check sum is '
train,H,Check sum is (
train,I,Check sum is )
train,J,Check sum is *
train,K,Check sum is +
train,L,"Check sum is ,"
train,M,Check sum is -
train,N,Check sum is .
train,O,Check sum is /
train,P,Check sum is 0
train,Q,Check sum is 1
train,R,Check sum is 2
train,S,Check sum is 3
train,T,Check sum is 4
train,U,Check sum is 5
train,V,Check sum is 6
train,W,Check sum is 7
train,X,Check sum is 8
train,Y,Check sum is 9
train,Z,Check sum is :
train,[,Check sum is ;
train,\,Check sum is <
train,],Check sum is =
train,^,Check sum is >
train,_,Check sum is ?
train,`,Check sum is @
train,a,Check sum is A
train,b,Check sum is B
train,c,Check sum is C
train,d,Check sum is D
train,e,Check sum is E
train,f,Check sum is F
train,g,Check sum is G
train,h,Check sum is H
train,i,Check sum is I
train,j,Check sum is J
train,k,Check sum is K
train,l,Check sum is L
train,m,Check sum is M
train,n,Check sum is N
train,o,Check sum is O
train,p,Check sum is P
train,q,Check sum is Q
train,r,Check sum is R
train,s,Check sum is S
train,t,Check sum is T
train,u,Check sum is U
train,v,Check sum is V
train,w,Check sum is W
train,x,Check sum is X
train,y,Check sum is Y
train,z,Check sum is Z
train,{,Check sum is [
train,|,Check sum is \
train,},Check sum is ]
train,~,Check sum is ^
train,_$,Check sum is #
train, %,Check sum is %
train,w^,Check sum is 5
train,"
c",Check sum is M
train,R4,Check sum is &
train,ym,Check sum is F
train, 2,Check sum is 2
train,"D
",Check sum is .
train,KU,Check sum is @
train,H;,Check sum is #
train,WE,Check sum is <
train,#3,Check sum is 6
train,a ,Check sum is !
train,Y	,Check sum is B
train,'u,Check sum is <
train,Z_,Check sum is Y
train,ui,Check sum is >
train,"J
",Check sum is 4
train,Iv,Check sum is _
train,;Q,"Check sum is ,"
train, Q,Check sum is Q
train,Uq,Check sum is &
train, o,Check sum is /
train,I	,Check sum is 2
train,kO,Check sum is Z
train,`L,Check sum is L
train,l%,Check sum is 1
train,1},Check sum is N
train,?W,Check sum is 6
train,El,Check sum is Q
train,J#,Check sum is M
train,E[,Check sum is @
train,4>,Check sum is R
train,v1,Check sum is G
train,cS,Check sum is V
train,Tg,Check sum is [
train,R1,Check sum is #
train,6[,Check sum is 1
train,?i,Check sum is H
train,UC,Check sum is 8
train,K`,Check sum is K
train,st,Check sum is G
train,IB,Check sum is +
train,}P,Check sum is -
train,Y/,Check sum is (
train,#(,Check sum is +
train,ik,Check sum is 4
train,"""\",Check sum is ^
train,Id,Check sum is M
train,>Y,Check sum is 7
train,=',Check sum is D
train,"
-",Check sum is W
train,Go,Check sum is V
train,gB,Check sum is I
train,Z	,Check sum is C
train,Vb/,Check sum is G
train,V|2,Check sum is $
train,C4],Check sum is 4
train,dWw,Check sum is R
train,#\<,Check sum is [
train,;$i,Check sum is (
train,:7n,Check sum is ?
train,G4b,Check sum is =
train,*lq,Check sum is '
train,o *,Check sum is Y
train,v#.,Check sum is '
train,4o2,Check sum is 5
train,FZF,Check sum is F
train,Uet,Check sum is N
train,wId,Check sum is D
train,M4O,Check sum is 0
train, W|,Check sum is S
train,N	Q,Check sum is H
train,+2M,Check sum is J
train,` ~,Check sum is ^
train,<n+,Check sum is 5
train,kt%,Check sum is $
train,"/
|",Check sum is U
train,pdm,Check sum is !
train,}$R,Check sum is S
train,#%V,Check sum is >
train,U<a,Check sum is R
train,|.{,Check sum is E
train,y8C,Check sum is T
train,kt',Check sum is &
train,GI|,"Check sum is ,"
train,pn1,Check sum is /
train,&:+,Check sum is +
train,cb$,Check sum is I
train,;A.,Check sum is J
train,I4A,Check sum is ^
train,1QW,Check sum is 9
train,T$j,Check sum is B
train,D>o,Check sum is Q
train,%Vb,Check sum is =
train,"$""0",Check sum is V
train,Aeg,Check sum is -
train,*	f,Check sum is 9
train,"MS
",Check sum is J
train,-ZE,"Check sum is ,"
train,)Y6,Check sum is X
train,]Z{,Check sum is R
train,ada,Check sum is F
train,h0T,Check sum is L
train,7-<,Check sum is @
train,"#F/.RGAx	a*h_VUeU0k!!D4U
x""Gy""eO`XT+FeNr5",Check sum is 3
train,)i;#,Check sum is P
train,.Z)pZjo/PHW>xP(!pzU?$Gi|%$'= qi/tbWps?Djacf%X,Check sum is )
train,xuVd]gbAD?Q!#,Check sum is F
train,AZ|Rks?`mvIPXh^+9:cm>\,Check sum is (
train,/DfUgH*`T\6|f^P[%	$x:&qSU_!af!$o2r61DY_:H.hIkM/ac>,Check sum is '
train,rt9Ca[^,Check sum is \
train,"7n*,SXmCD9+Z#",Check sum is [
train,"+qsn|wW*qya@qlH/7iQ,RA#@0@.2g|H|V|8i7|w[HZ",Check sum is T
train,"`[<rfg"" V4'zOw	f]Sk=Y;Z[l`v6<C<A\Q9C",Check sum is 6
train,"S>,v':X[dQ]5W=%]7tp`Jw%""v\56ih8gdcr7QbBf^<gTZ(y3^I",Check sum is )
train,gNlLws#v8vYJUbOW*fzR:$>E$(z:nz{?,Check sum is ]
train,"ED}kqlnb;!I.!N6sOeZ(4/>
l	<]583wV+(e",Check sum is =
train,6fiFwWbnK\y4#6TX?A@SrLXrk 95(p#c~rh!^q{d&,Check sum is !
train,|y5p:O~o>DJ']_A4tMyI6e,Check sum is 2
train,1[p='_fkE<E'RHSX%z+k$*|d8L<5efCpBL!<%a0A}gnit,Check sum is I
train,"3If4K_""e=a8O$9pzD,)!B(2
7x !*nB3|9m1<T",Check sum is S
train,"z)	*~<To33:*%[B2fj,?JkOW#ioer/3;v""V%",Check sum is I
train,"E/sT+D[`;\.<|5UZegBU?._Ic0
p.>-'[*4#rWBES",Check sum is *
train,W.|,Check sum is !
train,VN*&}nitKtf/=M~iR+fSwNGK*5d0LCP/)z5`<){W_,Check sum is =
train,"K$nPS{@W,;ZFTyN%SR}Uqe+,`jB'% jG)ubNDDd6E""",Check sum is ]
train,"VJ""74 U]O	zw$.g,O/wOC3#XJl",Check sum is 8
train,gkcZ{+_l&u0QC3&'SEa^sQhu<SqjuN;,Check sum is _
train,"xqD$TNx&=[',K(eFxS",Check sum is E
train,"h5Up7$}:4Qw{a2/*LW$wqsA0>W	^7mX^bh?K9EY/j""",Check sum is F
train,fME;}4|i^,Check sum is G
train,"|3UuCSme0 
qC00gDfQ&D9# Hc?*q7~|,jl@yYO2@<iD",Check sum is +
train,"S>{byUlslMb*i9 %xL""*/#O$FZm#O",Check sum is ;
train,")""emMxmb2t*/GhP,uSU&2)BYqv7",Check sum is R
train,-;V2E,Check sum is U
train,tF<.u#-b#MP,Check sum is +
train,qu wI22nf}|TsA,Check sum is _
train,X. 9 ti>p],Check sum is G
train,".K""AXp:=PUIlh2i(.Pe""5-WLS",Check sum is ]
train,;2KY;,"Check sum is ,"
train,A6	{x1CH*p|B{gnk`.IYP,"Check sum is """
train,mkC=JK.SN4,Check sum is P
train,[LpwBp^T\e(Vjlr75M4]*oKSt (79d,Check sum is *
train,"wZ'X+*Tolm2BHd89L.Q/$mR'':v?Q'ZJqK
c8N",Check sum is W
train,IIDVMhn[U5gK#)dDh6:'w*rYQ+2kUKWOV#3/nTsr>|H7t,Check sum is 3
train,"IwW>@FO
8T\g<z0:PcQ}_|UD|,]5RC5",Check sum is <
train,Iw];2Z ,Check sum is $
train,"D:40U5DlsC
.aG9+7~Tx-K=_Z>UaJj",Check sum is M
train,"9EX`+T~w0`>g]Z&$
nsH98P\?%",Check sum is 4
train,"iQ9""/Oo qzFV73ez-Rk8 gulN
l byFke<{.",Check sum is V
train,vG$Uy_jRU/#d,Check sum is 5
train,"c""v&!dmM(yb-|<qT5l>#bA+dL*?;;""J",Check sum is 8
train,")""eMj ng-3",Check sum is \
train, m?e>~^_=[,"Check sum is """
train,15a6{x4C4/i6w'wa=5_} }fYBPTbih\wOG,Check sum is +
train,(	U_d35.9?K6F7\t'us|,Check sum is P
train,`!za.uSEJftK$,Check sum is J
train,"*`:
eR~n10Kkm.tG",Check sum is >
train,"sNyg.AzEc:}bI-ha/
ZW^YV|Pf",Check sum is S
train,A2MJT-z(zp5!T+KJ6y24~q_Gz/a9:\1DLc)NIHOS>;,Check sum is +
train,'joOP!RjS`J,Check sum is Y
train,m$x@C_4	},Check sum is E
train,"s=k^$d`{IyMK&2	q;WnLBvb8|,c(bpq*`Xf4	kKgFD1",Check sum is Y
train,"VaB`
|QmET}J",Check sum is ]
train,FP)In#QZ&&xPKU3su/pcQs=/HlQxE_,Check sum is F
train,}YW7&9Kdsn9\um;_/jvoHW<7oNx2.`EERHlPbLu:o,Check sum is 5
train,->^nBi3 Lo*jAqhC$$f2b97c2Q{6FC,Check sum is S
train,"iW)_/d`eOl7mLVPq#Z=U"" pvz0*%'1WKcp}Qi"".yJ",Check sum is I
train,"{vaT""S"",F:-R,wc
0i&)??#=6
V2GtWU
",Check sum is W
train,"gF?c]EWi!""UA#B!UD*m$;",Check sum is ?
train,>F&;~PY'K|M7o*7O!7K]3/!T\CH	@XL\A|q|f,Check sum is T
train,S:};5iZ,Check sum is ]
train,"EKZ!Gp!96gf "">=I|E8eVRVJh6",Check sum is I
train,"qbZiuH:15cb""NSRq/=F=*Te/z~|.A)5IWtop39[pR`P=,F",Check sum is ;
train,"^&gE`bsDY^5T4,H+zp<'}9JqhHj3VpH>Y2Nk{XI4lRJYx",Check sum is  
train,-Q0m|C@f|f8ztn:Iwk9,Check sum is 4
train,":j2|=nrX&K8C=QWW,#ue",Check sum is 8
train,|yt[g4x),Check sum is  
train,"<^0Vk7 5bPp
",Check sum is #
train,"
dyS_i VDVeno9(MRa%	%pw;b{8N=_l2.",Check sum is U
train,"#38M$fx8?6{isTj,jw|L?Od.rzb{}Q",Check sum is K
train,"[O:BZ2Z>Hp.ZUJ|[?di
jsM",Check sum is  
train,WM;zxgml410kb0WIhe~R?\8YL,Check sum is 8
train,[\,Check sum is W
train,IV,Check sum is ?
train,94>6hNSkW&,Check sum is 2
train,$cdRVrk];o#STh+)'&hE,Check sum is W
train,n)tL	uWM6HZIOUh=,Check sum is C
train,"U9J1~=H{d[=dF<""hZQ3C-O-\oulrr1r	}2 kb	-CS%lu",Check sum is G
train,"f,()P)kE{
,6",Check sum is S
train,z%I6?7c*-{L\T?\,Check sum is @
train,}2{.V97qOO]gKep{a,Check sum is M
train,"hV|1VOwD#YbDifPiK""Xhpz","Check sum is ,"
test,'h,Check sum is /
test,1>,Check sum is O
test,8m,Check sum is E
test,Nj,Check sum is X
test,mf,Check sum is 3
test,aN,Check sum is O
test,c$,Check sum is '
test,}K,Check sum is (
test,\2,Check sum is .
test,"
!",Check sum is K
test,yj,Check sum is C
test,zE,Check sum is _
test,BK,Check sum is -
test,gC,Check sum is J
test,}5,Check sum is R
test,~o,Check sum is M
test,"I
",Check sum is 3
test,Bg,Check sum is I
test,JJ,Check sum is 4
test,ED,Check sum is )
test,nU,Check sum is #
test,";
",Check sum is %
test,W-,Check sum is $
test,VY,Check sum is O
test,uf,Check sum is ;
test,4=,Check sum is Q
test,wZ,Check sum is 1
test,"I""",Check sum is K
test,j4,Check sum is >
test,TP,Check sum is D
test,~b,Check sum is @
test,W0,Check sum is '
test,BJ,"Check sum is ,"
test,kP,Check sum is [
test,/;,Check sum is J
test,O:,Check sum is )
test,k\,Check sum is '
test,/F,Check sum is U
test,PU,Check sum is E
test,g9,Check sum is @
test,Q-,Check sum is ^
test,7e,Check sum is <
test,UI,Check sum is >
test,f(,Check sum is .
test,",6",Check sum is B
test,}?,Check sum is \
test,'#,Check sum is *
test,nV,Check sum is $
test,@Z,Check sum is :
test,e`,Check sum is %
test,8X,Check sum is 0
test,ft,Check sum is :
test,g?,Check sum is F
test,j	,Check sum is S
test,!!,"Check sum is """
test,Dm,Check sum is Q
test,2<,Check sum is N
test,__,Check sum is ^
test,*t,Check sum is >
test,A@,Check sum is !
test,Bz,Check sum is \
test,yV,Check sum is /
test,$G,Check sum is K
test,k|,Check sum is G
test,*],Check sum is '
test,)Z,Check sum is #
test,dD,Check sum is H
test,j;,Check sum is E
test,K_,Check sum is J
test,]R,Check sum is O
test,o9,Check sum is H
test,_T,Check sum is S
test,ce,Check sum is (
test,L@,"Check sum is ,"
test,uD,Check sum is Y
test,=!,Check sum is >
test,}m,Check sum is J
test,T7,Check sum is +
test, V,Check sum is V
test,{?,Check sum is Z
test,La,Check sum is M
test,0e,Check sum is 5
test,fx,Check sum is >
test,BW,Check sum is 9
test,k2,Check sum is =
test,Pa,Check sum is Q
test,dq,Check sum is 5
test,3Q,Check sum is $
test,1=,Check sum is N
test,J>,Check sum is (
test,NB,Check sum is 0
test,G4,Check sum is [
test,m	,Check sum is V
test,b|,Check sum is >
test,Fc,Check sum is I
test,iZ,Check sum is #
test,G7,Check sum is ^
test,]F,Check sum is C
test,&!,Check sum is '
test,%g,"Check sum is ,"
test,(H,Check sum is P
test,'`,Check sum is '
test,5=,Check sum is R
test,W+,"Check sum is """
test,ae,Check sum is &
test,(s,Check sum is ;
test,Yl,Check sum is %
test,hd,"Check sum is ,"
test,aX,Check sum is Y
test,=m,Check sum is J
test,vb,Check sum is 8
test,3z,Check sum is M
test,W$,Check sum is [
test,RD,Check sum is 6
test,GA,Check sum is (
test,::,Check sum is T
test,Pb,Check sum is R
test,j3,Check sum is =
test,{&,Check sum is A
test,HV,Check sum is >
test,9q,Check sum is J
test,",z",Check sum is F
test,?i,Check sum is H
test,ac,Check sum is $
test,gF,Check sum is M
test,-9,Check sum is F
test,"x""",Check sum is :
test,mM,Check sum is Z
test," ,","Check sum is ,"
test,vq,Check sum is G
test,SW,Check sum is J
test,cY,Check sum is \
test,Vw,Check sum is -
test,8o,Check sum is G
test,E.,Check sum is S
test,%=,Check sum is B
test,6Y,Check sum is /
test,:O,Check sum is )
test,4x,Check sum is L
test,<n,Check sum is J
test,&^,Check sum is $
test,Wk,"Check sum is """
test,OS,Check sum is B
test,-	,Check sum is V
test,T/,Check sum is #
test,v&,Check sum is <
test,2J,Check sum is \
test,lc,Check sum is /
test,8G,Check sum is _
test,f!,Check sum is '
test,=T,Check sum is 1
test,8|,Check sum is T
test,X3,Check sum is +
test,Cb,Check sum is E
test,8y,Check sum is Q
test,RL,Check sum is >
test,6a,Check sum is 7
test,TJ,Check sum is >
test,;s,Check sum is N
test,Vj,Check sum is  
test,LW,Check sum is C
test,"^,",Check sum is *
test,:-,Check sum is G
test,j9,Check sum is C
test,pd,Check sum is 4
test,$%,Check sum is )
test,'+,Check sum is 2
test,vd,Check sum is :
test,iE,Check sum is N
test,zr,Check sum is L
test,	;,Check sum is $
test,9 ,Check sum is 9
test,"
_",Check sum is I
test,[o,Check sum is *
test,$|,Check sum is @
test,/x,Check sum is G
test,xF,Check sum is ^
test,MH,Check sum is 5
test,z3,Check sum is M
test,Q+,Check sum is \
test,(>,Check sum is F
test,/x,Check sum is G
test,m',Check sum is 4
test,G[,Check sum is B
test,a/,Check sum is 0
test,/P,Check sum is _
test,J ,Check sum is J
test,OV,Check sum is E
test, a,Check sum is !
test,Jz,Check sum is $
test,tg,Check sum is ;
test, @,Check sum is @
test,O0,Check sum is _
test,#x,Check sum is ;
test,l9,Check sum is E
test,	C,"Check sum is ,"
test,"U,",Check sum is !
test,gg,Check sum is .
test,I%,Check sum is N
test,u4,Check sum is I
test,VB,Check sum is 8
test,i1,Check sum is :
test,sy,Check sum is L
test,gn,Check sum is 5
test,R?,Check sum is 1
test,:>,Check sum is X
test,)H,Check sum is Q
test,yS,"Check sum is ,"
test,uc,Check sum is 8
test,gW,Check sum is ^
test,/W,Check sum is &
test,Q;,"Check sum is ,"
test,	?,Check sum is (
test,3h,Check sum is ;
test,"=,",Check sum is I
test,MK,Check sum is 8
test,To,Check sum is #
test,$s,Check sum is 7
test,Q0,Check sum is !
test,=0,Check sum is M
test,Ht,Check sum is \
test,&r,Check sum is 8
test,=},Check sum is Z
test,Qr,Check sum is #
test,*^,Check sum is (
test,"&
",Check sum is P
test,*S,Check sum is ]
test, P,Check sum is P
test,W^,Check sum is U
test,65,Check sum is K
test,-|,Check sum is I
test,mh,Check sum is 5
test,>X,Check sum is 6
test,CY,Check sum is <
test,T>,Check sum is 2
test,",N",Check sum is Z
test,(*,Check sum is 2
test,mn,Check sum is ;
test,d4,Check sum is 8
test,-l,Check sum is 9
test,k;,Check sum is F
test,Ro,Check sum is !
test,#],Check sum is  
test,0b,Check sum is 2
test,?_,Check sum is >
test,YU,Check sum is N
test,~?,Check sum is ]
test,v ,Check sum is 6
test,S{,Check sum is .
test,hN,Check sum is V
test,N!,Check sum is O
test,ST,Check sum is G
test,M5,"Check sum is """
test,cQ,Check sum is T
test,37,Check sum is J
test,?{,Check sum is Z
test,	D,Check sum is -
test,LO,Check sum is ;
test,ww,Check sum is N
test,nF,Check sum is T
test,3#,Check sum is 6
test,Mz,Check sum is '
test,3/,Check sum is B
test,",#",Check sum is /
test,{L,Check sum is '
test,EU,Check sum is :
test,]{,Check sum is 8
test,"W,",Check sum is #
test,Wz,Check sum is 1
test,}?,Check sum is \
test,:9,Check sum is S
test,"y""",Check sum is ;
test,l],Check sum is )
test,{/,Check sum is J
test,<a,Check sum is =
test,1R,Check sum is #
test,Qm,Check sum is ^
test,\|,Check sum is 8
test,eR,Check sum is W
test,	?,Check sum is (
test,",3",Check sum is ?
test,	C,"Check sum is ,"
test,<{,Check sum is W
test,3b,Check sum is 5
test,"G""",Check sum is I
test,!V,Check sum is W
test,0m,Check sum is =
test,F^,Check sum is D
test,`7,Check sum is 7
test,j?,Check sum is I
test,!(,Check sum is )
test,ly,Check sum is E
test, v,Check sum is 6
test,5M,"Check sum is """
test,Ei,Check sum is N
test,?W,Check sum is 6
test,_k,Check sum is *
test,l-,Check sum is 9
test,<-,Check sum is I
test,S@,Check sum is 3
test,mS,Check sum is  
test,")
",Check sum is S
test,o&,Check sum is 5
test,!|,Check sum is =
test,&6,Check sum is <
test,L!,Check sum is M
test,]h,Check sum is %
test,cV,Check sum is Y
test,*k,Check sum is 5
test,HQ,Check sum is 9
test,|},Check sum is Y
test,&1,Check sum is 7
test,VB,Check sum is 8
test,5n,Check sum is C
test,By,Check sum is [
test,&J,Check sum is P
test,]P,Check sum is M
test,.j,Check sum is 8
test,tA,Check sum is U
test,|u,Check sum is Q
test,Nh,Check sum is V
test,7<,Check sum is S
test,u*,Check sum is ?
test,q8,Check sum is I
test,J ,Check sum is J
test,-!,Check sum is .
test,[G,Check sum is B
test,\M,Check sum is I
test,]r,Check sum is /
test, p,Check sum is 0
test,"B,",Check sum is N
test,GW,Check sum is >
test,|4,Check sum is P
test,qG,Check sum is X
test,hr,Check sum is :
test,'Y,Check sum is  
test,++,Check sum is 6
test,q*,Check sum is ;
test,^n,"Check sum is ,"
test,t1,Check sum is E
test,qM,Check sum is ^
test,x<,Check sum is T
test,fc,Check sum is )
test,Y_,Check sum is X
test,/	,Check sum is X
test,An,Check sum is O
test,oW,Check sum is &
test,Dk,Check sum is O
test,J_,Check sum is I
test,b^,Check sum is  
test,!/,Check sum is 0
test,P!,Check sum is Q
test,&;,Check sum is A
test,?W,Check sum is 6
test,GB,Check sum is )
test,X	,Check sum is A
test,=9,Check sum is V
test,Ee,Check sum is J
test,pD,Check sum is T
test,RH,Check sum is :
test,g4,Check sum is ;
test,gR,Check sum is Y
test,!),Check sum is *
test,s+,Check sum is >
test,K{,Check sum is &
test,`	,Check sum is I
test,de,Check sum is )
test,9#,Check sum is <
test,:?,Check sum is Y
test,/N,Check sum is ]
test,LT,Check sum is @
test,o5,Check sum is D
test,<x,Check sum is T
test,K(,Check sum is S
test,-@,Check sum is M
test,"
	",Check sum is 3
test,"	
",Check sum is 3
test,mi,Check sum is 6
test,Mt,Check sum is !
test,=w,Check sum is T
test,3Q,Check sum is $
test,*p,Check sum is :
test,%#,Check sum is (
test,dU,Check sum is Y
test,2v,Check sum is H
test,oK,Check sum is Z
test,g8,Check sum is ?
test,iX,Check sum is !
test,I`,Check sum is I
test,TO,Check sum is C
test,?l,Check sum is K
test,dm,Check sum is 1
test,H%,Check sum is M
test,z8,Check sum is R
test,8y,Check sum is Q
test,0u,Check sum is E
test, 9,Check sum is 9
test,q7,Check sum is H
test,3[,Check sum is .
test,"P
",Check sum is :
test,%X,Check sum is ]
test,if,Check sum is /
test,+N,Check sum is Y
test,%y,Check sum is >
test,^;,Check sum is 9
test,h?,Check sum is G
test,nW,Check sum is %
test,_5,Check sum is 4
test,]l,Check sum is )
test,"
p",Check sum is Z
test,Zx,Check sum is 2
test,ri,Check sum is ;
test,i>,Check sum is G
test,"g
",Check sum is Q
test,sF,Check sum is Y
test,"	""",Check sum is K
test,}p,Check sum is M
test,<0,Check sum is L
test,J1,Check sum is [
test,mA,Check sum is N
test,%[,Check sum is  
test,U&,Check sum is [
test,_7,Check sum is 6
test,S',Check sum is Z
test,nd,Check sum is 2
test,TQ,Check sum is E
test,:9,Check sum is S
test,n_,Check sum is -
test,lq,Check sum is =
test,7O,Check sum is &
test,#M,Check sum is P
test,De,Check sum is I
test,_4,Check sum is 3
test,~ ,Check sum is >
test,O2,Check sum is !
test,4=,Check sum is Q
test,E.,Check sum is S
test,+G,Check sum is R
test,\S,Check sum is O
test,y@,Check sum is Y
test,>j,Check sum is H
test,_Z,Check sum is Y
test,\~,Check sum is :
test,T?,Check sum is 3
test,]l,Check sum is )
test,QV,Check sum is G
test,/^,Check sum is -
test,6M,Check sum is #
test,OB,Check sum is 1
test,#$,Check sum is '
test,{S,Check sum is .
test,'A,Check sum is H
test,Nu,Check sum is #
test,"""F",Check sum is H
test,vC,Check sum is Y
test,On,Check sum is ]
test," 
",Check sum is J
test, d,Check sum is $
test,.Z,Check sum is (
test,"(,",Check sum is 4
test,RG,Check sum is 9
test,2Q,Check sum is #
test,Ud,Check sum is Y
test,12,Check sum is C
test,Z5,Check sum is /
test,E~,Check sum is #
test,`+,Check sum is +
test,M:,Check sum is '
test, Q,Check sum is Q
test,yo,Check sum is H
test,"1
",Check sum is [
test,+s,Check sum is >
test,PB,Check sum is 2
test,`~,Check sum is >
test,Z8,Check sum is 2
test,]^,Check sum is [
test,E<,Check sum is !
test,=f,Check sum is C
test,"J,",Check sum is V
test,0q,Check sum is A
test,"L
",Check sum is 6
test,nu,Check sum is C
test,J<,Check sum is &
test,oN,Check sum is ]
test,Yv,Check sum is /
test,Tm,Check sum is !
test,\V,Check sum is R
test,nm,Check sum is ;
test,Je,Check sum is O
test,;L,Check sum is '
test,~d,Check sum is B
test,N	,Check sum is 7
test,?2,Check sum is Q
test,!R,Check sum is S
test,kL,Check sum is W
test,b2,Check sum is 4
test,]},Check sum is :
test,T&,Check sum is Z
test,o!,Check sum is 0
test,k	,Check sum is T
test,g!:,"Check sum is """
test,/<h,Check sum is 3
test,u) ,Check sum is ^
test,E#x,Check sum is @
test,nZX,Check sum is @
test,0u%,Check sum is *
test,>n%,Check sum is 1
test,vn3,Check sum is 7
test,~vA,Check sum is U
test,MWM,Check sum is Q
test,WrD,Check sum is -
test,fz{,Check sum is ;
test,t-u,Check sum is 6
test,(RC,Check sum is ]
test,"S""4",Check sum is I
test,]zs,Check sum is *
test,M7},Check sum is !
test,4~M,Check sum is _
test,TL	,Check sum is I
test,",X)",Check sum is M
test,@.S,Check sum is !
test,/xA,Check sum is H
test,W?@,Check sum is 6
test,&q@,Check sum is 7
test,1=k,Check sum is 9
test,"K
|",Check sum is 1
test,op8,Check sum is 7
test,LJ',Check sum is ]
test,z'#,Check sum is $
test,x]S,Check sum is H
test,"s""g",Check sum is \
test,^t|,Check sum is .
test,od1,Check sum is $
test,B`f,Check sum is (
test,"R""@",Check sum is T
test,Z^^,Check sum is 6
test,J2q,Check sum is M
test,FS8,Check sum is 1
test,CE1,Check sum is Y
test,5j3,Check sum is 2
test,}KX,Check sum is @
test,~?J,Check sum is '
test,]w!,Check sum is U
test,kym,Check sum is 1
test,Csa,Check sum is 7
test,Hil,Check sum is =
test,LPX,Check sum is T
test,"""X|",Check sum is V
test,5n^,Check sum is !
test,Aq0,Check sum is B
test,+B8,Check sum is E
test,"I1
",Check sum is $
test,"i
D",Check sum is W
test,A2i,Check sum is <
test,j* ,Check sum is T
test,ih ,Check sum is Q
test,{ZW,Check sum is L
test,|)<,Check sum is A
test,]T/,Check sum is @
test,3m\,Check sum is \
test,E1o,Check sum is E
test,r2	,Check sum is M
test,tvg,Check sum is 1
test,ZSc,Check sum is 0
test,dt8,Check sum is 0
test,qb%,Check sum is X
test,I	A,Check sum is 3
test, p#,Check sum is S
test,]h#,Check sum is H
test,g>\,Check sum is !
test,\IO,Check sum is T
test,PA*,Check sum is [
test,"
_~",Check sum is G
test,".,\",Check sum is V
test,O1),Check sum is I
test,[yx,"Check sum is ,"
test,psB,Check sum is E
test,S+W,Check sum is 5
test,G;2,Check sum is T
test,F3^,Check sum is 7
test,ydC,Check sum is @
test,>B ,Check sum is @
test,"
}r",Check sum is Y
test,xa>,Check sum is 7
test,8\>,Check sum is 2
test,#6),"Check sum is """
test,Gqk,Check sum is C
test,HMB,Check sum is 7
test,5s%,Check sum is -
test,"""< ",Check sum is ^
test,L/=,Check sum is X
test,Vxx,Check sum is &
test,4L>,Check sum is ^
test,.EE,Check sum is X
test,pI-,Check sum is F
test,X/Z,Check sum is A
test,p{:,Check sum is E
test,8y&,Check sum is 7
test,#=:,Check sum is :
test,+PI,Check sum is $
test,%wD,Check sum is @
test,gCR,Check sum is \
test,09U,Check sum is ^
test,?W9,Check sum is /
test,@Eq,Check sum is V
test,_:],Check sum is V
test,c]/,Check sum is O
test,'`),Check sum is P
test,sB},Check sum is R
test,g9Z,Check sum is Z
test,9]Q,Check sum is G
test,#>',Check sum is (
test,!q1,Check sum is #
test,"I
#",Check sum is V
test,q8s,Check sum is <
test,e+`,Check sum is P
test,~+X,Check sum is !
test,oSL,Check sum is .
test,jDu,Check sum is C
test,-<2,Check sum is ;
test,P 0,Check sum is @
test,c(8,Check sum is #
test,d{T,Check sum is S
test,Mvi,Check sum is L
test,{d5,Check sum is 4
test,QF>,Check sum is 5
test,(.X,Check sum is N
test,$2j,Check sum is  
test,@Zo,Check sum is )
test,s{z,Check sum is H
test,Mp(,Check sum is E
test,F-a,Check sum is 4
test,M-g,Check sum is A
test,TeZ,Check sum is 3
test,{Fh,Check sum is I
test,`7-,Check sum is $
test,%WP,"Check sum is ,"
test,';#,Check sum is %
test,U[',Check sum is 7
test,d}L,Check sum is M
test, -V,Check sum is C
test,I8;,Check sum is \
test,",TL","Check sum is ,"
test,4`l,Check sum is  
test,)v\,Check sum is [
test,/8o,Check sum is 6
test,+=q,Check sum is 9
test,BbS,Check sum is W
test,f	b,Check sum is 1
test,lB	,Check sum is W
test,|/a,"Check sum is ,"
test,M[`,Check sum is (
test,N9r,Check sum is Y
test,_Wo,Check sum is E
test,G.f,Check sum is ;
test, cW,Check sum is :
test,ogU,Check sum is K
test,#>&,Check sum is '
test,fi\,Check sum is K
test,%xa,Check sum is ^
test,z8<,Check sum is N
test,>@g,Check sum is E
test,kS ,Check sum is >
test,A5b,Check sum is 8
test,./B,Check sum is ?
test,yhd,Check sum is %
test,F>%,Check sum is I
test,w_9,Check sum is /
test,$5P,Check sum is I
test,_43,Check sum is &
test,"},V",Check sum is _
test,XtJ,Check sum is 6
test,a0-,Check sum is ^
test,V} ,Check sum is S
test,9i|,Check sum is >
test,j;',"Check sum is ,"
test,"""q*",Check sum is ]
test,t44,Check sum is <
test,p%b,Check sum is W
test,S.%,Check sum is F
test,9$Y,Check sum is V
test,"/%,",Check sum is  
test,+L0,Check sum is G
test,"1P,",Check sum is M
test,vgM,Check sum is J
test,l+:,Check sum is 1
test,OH',Check sum is ^
test,&-P,Check sum is C
test,F$>,Check sum is H
test,#Wj,Check sum is D
test,8IZ,Check sum is ;
test,-`v,Check sum is #
test,(1\,Check sum is U
test,Hf},Check sum is K
test,v?B,Check sum is W
test,-3y,Check sum is 9
test,",BJ",Check sum is X
test,kW*,Check sum is L
test,7Oa,Check sum is G
test,`j%,Check sum is O
test,-Ts,Check sum is T
test,h^G,Check sum is -
test,:Cl,Check sum is I
test,8Rw,Check sum is !
test,b.l,Check sum is \
test,	lp,Check sum is E
test,WpY,Check sum is @
test,H9u,Check sum is V
test,"
o&",Check sum is ?
test,hxc,Check sum is #
test,]@I,Check sum is F
test,su+,Check sum is 3
test,F0i,Check sum is ?
test,Kzu,Check sum is Z
test,wh1,Check sum is 0
test,cv),"Check sum is """
test,"-+""",Check sum is Z
test,\H|,Check sum is @
test,o][,Check sum is G
test,.K0,Check sum is I
test,)A9,Check sum is C
test,or/,Check sum is 0
test,x1],Check sum is &
test,&Sp,Check sum is I
test,F\F,Check sum is H
test,y8/,Check sum is @
test,(I6,Check sum is G
test,	SM,Check sum is I
test,UIL,Check sum is J
test,ESo,Check sum is '
test,Bvh,Check sum is @
test,+e/,Check sum is _
test,[t3,"Check sum is """
test,]I@,Check sum is F
test,/@^,Check sum is -
test,qp2,Check sum is 3
test,%):,Check sum is (
test, &A,Check sum is '
test,U#B,Check sum is Z
test,HOA,Check sum is 8
test,"x;,",Check sum is ?
test,X'/,Check sum is N
test,_jE,Check sum is .
test,"L$
",Check sum is Z
test,SKs,Check sum is 1
test,S5*,Check sum is R
test,]a$,Check sum is B
test,)_=,Check sum is %
test,m`o,Check sum is \
test,GGb,Check sum is P
test,	q;,Check sum is U
test,D6T,Check sum is .
test,$&B,"Check sum is ,"
test,Qi[,Check sum is 5
test,v1P,Check sum is W
test,W[8,Check sum is J
test,%2I,Check sum is @
test,9v@,Check sum is O
test,_`^,Check sum is =
test,\wB,Check sum is 5
test,h+_,Check sum is R
test,uK=,Check sum is ]
test,iW',Check sum is G
test,j%s,"Check sum is """
test,j_8,Check sum is !
test,\_j,Check sum is E
test,aU_,Check sum is 5
test,TQj,Check sum is /
test,Y/2,Check sum is Z
test,TlH,Check sum is (
test,iP&,Check sum is ?
test,<zF,Check sum is \
test,[7|,Check sum is .
test,%.p,Check sum is #
test,ba ,Check sum is C
test,Al-,Check sum is :
test,^00,Check sum is ^
test,"
~;",Check sum is #
test,F$g,Check sum is 1
test,GUH,Check sum is D
test,:7s,Check sum is D
test,wD~,Check sum is Y
test,4|C,Check sum is S
test,c\\,Check sum is ;
test,dR5,Check sum is K
test,EO\,Check sum is P
test,"\,m",Check sum is U
test,"G,Z",Check sum is -
test,:X2,Check sum is $
test,XH1,Check sum is 1
test,4fQ,Check sum is K
test,FXd,"Check sum is """
test,Df*,Check sum is 4
test,gA$,"Check sum is ,"
test,VVn,Check sum is :
test,uhs,Check sum is 0
test,^*>,Check sum is &
test,Mt9,Check sum is Z
test,t=X,Check sum is )
test,F7x,Check sum is U
test, ^<,Check sum is Z
test,UkI,Check sum is )
test,>BP,Check sum is 0
test,;Sx,Check sum is &
test,"T7,",Check sum is W
test,Dk8,Check sum is G
test,tei,"Check sum is """
test,J)Y,"Check sum is ,"
test,E2H,Check sum is _
test,a+n,Check sum is Z
test,Ii!,Check sum is 3
test,"V""8",Check sum is P
test,"""k5","Check sum is """
test,P/a,Check sum is @
test,i*;,Check sum is .
test, 1	,Check sum is :
test,<}O,Check sum is (
test,t>l,Check sum is >
test,`Wb,Check sum is 9
test,{5;,Check sum is K
test,+Cc,Check sum is 1
test,BS%,Check sum is Z
test,F6[,Check sum is 7
test,C;D,"Check sum is """
test,K%w,Check sum is G
test,R@2,Check sum is $
test,2i>,Check sum is 9
test,xw4,Check sum is C
test,fs`,Check sum is Y
test,5y(,Check sum is 6
test,x;p,Check sum is C
test,Qos,Check sum is S
test,Gs0,Check sum is J
test,A(P,Check sum is Y
test,>\z,Check sum is 4
test,	5F,Check sum is $
test,@<m,Check sum is I
test,DBF,"Check sum is ,"
test,6bz,Check sum is 2
test,GY},Check sum is =
test,tqH,Check sum is M
test,1}Q,Check sum is _
test,s5k,Check sum is 3
test,x>b,Check sum is 8
test,9jI,Check sum is L
test,!N+,Check sum is :
test,eW),Check sum is E
test,"m
1",Check sum is H
test,X;`,Check sum is S
test,}f2,Check sum is 5
test,UTP,Check sum is Y
test,MKl,Check sum is $
test,:sj,Check sum is 7
test,0kJ,Check sum is E
test,"
Lr",Check sum is (
test,A@#,Check sum is D
test,DxN,Check sum is *
test,'~&,Check sum is +
test,VLg,Check sum is )
test,4L5,Check sum is U
test,~O`,Check sum is M
test,RGS,Check sum is L
test,yI_,Check sum is A
test,[`@,Check sum is [
test,n'C,Check sum is 8
test,mQm,Check sum is K
test,"
}$",Check sum is K
test,qW?,Check sum is '
test,QXW,Check sum is  
test,%L@,Check sum is Q
test,y<{,Check sum is P
test,h?N,Check sum is U
test,</0,Check sum is ;
test,YBc,Check sum is ^
test,H-D,Check sum is Y
test,"e#""",Check sum is J
test,OE!,Check sum is U
test,"""|Z",Check sum is X
test,2w$,Check sum is -
test,xUk,Check sum is X
test,:aQ,Check sum is L
test,0&D,Check sum is :
test,Xp*,Check sum is R
test,&CT,Check sum is ]
test,}z	,Check sum is  
test,I.P,Check sum is '
test,L<7,Check sum is _
test,9`u,Check sum is .
test,"CP,",Check sum is _
test,'yS,Check sum is S
test,|xG,Check sum is [
test,[Iu,Check sum is 9
test,5Hl,Check sum is I
test,q!C,Check sum is 5
test,onZ,Check sum is W
test,>}$,Check sum is ?
test,t-G,Check sum is H
test,.=f,Check sum is 1
test,DTh,Check sum is  
test,*B_,Check sum is +
test,00H,Check sum is H
test,"""22",Check sum is &
test,K&r,Check sum is C
test,|yI,Check sum is ^
test,=HD,Check sum is )
test,h5i,Check sum is &
test,G?v,Check sum is \
test,Bk ,Check sum is -
test,[!v,Check sum is R
test,%^l,Check sum is O
test,"R
x",Check sum is 4
test,\Py,Check sum is E
test,Z[R,Check sum is '
test,\l-,Check sum is U
test,'fi,Check sum is V
test,hOm,Check sum is D
test,b;X,Check sum is U
test,0VI,Check sum is /
test,+e|,"Check sum is ,"
test,{-\,Check sum is $
test,M6T,Check sum is 7
test,*<e,Check sum is +
test,NxW,Check sum is =
test,Kc;,Check sum is I
test,~: ,Check sum is 8
test,",k%",Check sum is \
test,7Qg,Check sum is O
test,lAw,Check sum is D
test,Jhj,Check sum is <
test,+ug,Check sum is '
test,Ho{,Check sum is R
test,*Q9,Check sum is T
test,=jw,Check sum is >
test,Es#,Check sum is ;
test,%&>,Check sum is )
test,inG,Check sum is >
test,"M
&",Check sum is ]
test,R_6,Check sum is G
test,%/;,Check sum is /
test,u#',Check sum is _
test,ps3,Check sum is 6
test, W+,Check sum is B
test,zFK,Check sum is +
test,X_[,Check sum is 2
test,"s""9",Check sum is .
test,x\w,Check sum is +
test,A]r,Check sum is 0
test,~_y,Check sum is 6
test,R#q,Check sum is F
test,`<y,Check sum is 5
test,OaZ,Check sum is *
test,z2U,Check sum is !
test,qh`,Check sum is Y
test,fF\,Check sum is (
test,:7`,Check sum is 1
test,]>4,Check sum is /
test,"'1""",Check sum is Z
test,]*N,Check sum is 5
test,3Co,Check sum is E
test,^$I,Check sum is +
test,oAD,Check sum is T
test,*(X,Check sum is J
test,=<x,Check sum is Q
test,o7c,Check sum is )
test,/n?,Check sum is <
test,ePn,Check sum is C
test,(qM,Check sum is F
test,`u*,Check sum is _
test,w}',Check sum is ;
test,s}Q,Check sum is !
test,"#""p",Check sum is U
test,|?q,Check sum is L
test,GUZ,Check sum is V
test,(30,Check sum is +
test,-y@,Check sum is F
test,qO8,Check sum is X
test,=Pb,Check sum is O
test,c}:,Check sum is :
test,4:h,Check sum is 6
test,>H6,Check sum is \
test,yc*,Check sum is &
test,">""L",Check sum is L
test,Q<Z,Check sum is G
test,"
Lv","Check sum is ,"
test,5Tg,Check sum is P
test,z^!,Check sum is Y
test,qy~,Check sum is H
test,"
P
",Check sum is D
test,:vf,Check sum is 6
test,x(a,Check sum is !
test,S?Z,Check sum is L
test,pWk,Check sum is R
test,&X],Check sum is ;
test,*:q,Check sum is 5
test,"',T",Check sum is G
test,0JF,Check sum is  
test,%b2,Check sum is Y
test,Me%,Check sum is 7
test,/|],Check sum is (
test,:1~,Check sum is I
test,"
/zg""tF2VUnaK('MQsH[6k i+=","Check sum is """
test,"%.E,`v5BDrk0m^-vz>_-Ny K2KVeD2}wT(\
'9P",Check sum is Z
test,x3F>|Iktd|`'y{rx~t'O/lyv1WTU;3B]p]bbB2,Check sum is -
test,FH WybF3djM:QOQ3{g 1=(]S8q3m/y'WmOMTGxwcc,Check sum is B
test,sYC0!*`gwZ<`Ym&G*zc?,Check sum is W
test,u35fmLOf,Check sum is Q
test, -v['k*E}Z>zJ	VM,Check sum is D
test,XUQWYo6+yK^WUSRGn<B	`3,Check sum is  
test,\~F)mR7pk.`nbkZ_(.?	N&?@sY^LamWi.,Check sum is ?
test,iaUXl|S#'r*	pK7cv8mkBq]\-#q6^odK	,Check sum is D
test,(z@/|m-%rx]!$.zG;=z#@e	> `cr:@%]7_FS r+H%V,Check sum is (
test,"u85d$Ck)1Hl!MkHcKK]/z""aVFUIM`	8AUg.8g`)	Mw",Check sum is 1
test,AC&eME	%F]!w%|~\||N1=\v,Check sum is +
test,"[1DE?F
",Check sum is D
test,"v;,SaI<QB(@oy@1{\]KG2zm6,MK8",Check sum is [
test,NWq12[U.`I!@_bdF^g(xb[#<G!/fH*n_,Check sum is )
test,"1Di ;RDCY4~?r$8k	
8k
Pq8<InD
	9Ju6~(eC",Check sum is 4
test,"A:5R|Y5]'i@uw""8/M=>O*~E=1E G>arWO0.FT",Check sum is [
test,"c^0DjBs(6aGH^t*kYE!Z[a/8
b.",Check sum is ?
test,"set^!wHBGi6xr9@\$:BFWD{5m,",Check sum is [
test,"4	:Ej%:e1_!Hrc0@1FJ%[fo,y1B<?Y~?!Y8F4gI$.DYEm-w`",Check sum is H
test,bR'nc{#=-F8~-#A.ar*:s\:5+3L>M5.U~3CQ& <,Check sum is 8
test,j#@^K-_\fr^:eZ/WW:Oi!|H%Cbn!d/|%MU,Check sum is P
test,"SCuyu
 |=X",Check sum is T
test,"7M.M4djWvw2?
q",Check sum is Q
test,W$Lhsvbk>o{zlX	fDsf}lsl(,Check sum is '
test,"{=4y,0
wj;[=	*k%V",Check sum is 8
test,"~lp <XlJ@c#r>,S
B;hYR_#,FjZZM	E~uMd3952NOm\DP",Check sum is Q
test,3Urp${}RxJNWw9o=^tL!+w sGiQLeOx@yo:N,Check sum is X
test,?$FdKX%Lj@93B}f'.lwK70tWf,Check sum is W
test,mZfq}p3kn5dG@7W7+|79|D;<U\v,Check sum is Q
test,"z:/L""r[
}2AC.opveX=FA,meX. kt</tG\",Check sum is D
test,Cz|}\S,Check sum is E
test,"GK-FHC3'	.+HzDZi(2$
nx}Vng.4>9=R;w&Gw61#9oR",Check sum is M
test,=LXuEUP	)3YmG0jl],Check sum is 5
test,"8YA(Q""+Y]m",Check sum is [
test,3ijaptoBI,Check sum is %
test,"F+z 0i""&mZdyy]",Check sum is F
test,"!aDfgbm:\U	cO@l9x05wSA	L&v,3%4M>$&7%uRd#gB]2",Check sum is U
test,Xg'ngUpKZ8xn#'1]_B!y,Check sum is 6
test,"yX
9GP=D|m[adjN_&gCJG$tB~^_","Check sum is """
test,"b8\t1oQj]ic`}+	?Whd|F,:rk8f.owcsGG9%EgNTC=t@?""w'",Check sum is ;
test,"WcB@],u
nT03FniHmnZ<m?ZB!\W]vA`+qdX[,j~?~P8E5}[",Check sum is M
test,zb],Check sum is Y
test,"CO.}/X)93=|6G@""bl84h/yI'^?=8gJ@{O`M""uS,\U!>vU+",Check sum is !
test,cyB<|_?l?*=]#}<:sIrCD5hV[Gez>r7)tq?@+coFV.Z,Check sum is W
test,"i|O-z=sd975S QhS&	""D XN?IGf",Check sum is C
test,*2G]z;5dY}r8N7,Check sum is 3
test,O5%lJtq}5Og}Bl\IE&d]|St2i+k7v6z]X8]&6Y6,Check sum is N
test,x#=c60i!tg:Uw8sY7-|mm$ve:b1SZ,Check sum is #
test,"C,$1'Z7dKWGL9X5UgAhSP`+}z7ysVJBE/F`DXpQmNb/zC$mdgB",Check sum is (
test,"7U
GX@G;rNEW^zdE?.f38Da*8CJ]X_MS$5HC""f+8KkmcqFoG",Check sum is <
test,_t,Check sum is 3
test,"nw#
nPA~(o>^P`QaY:)5Cf;fD[O",Check sum is -
test,"x0T)a]dD:x7
}vZPg=*fwS]);",Check sum is :
test,)~MV,Check sum is *
test,u[#,Check sum is S
test,".,!M]Dq/nhi	sBP8T^U=",Check sum is 2
test,"mf<<9-{,{:@sO{5B+|FI6w#D=g^o!!",Check sum is ^
test,"3HfT9
x@+NUV.&)HsMnzB4$[FNn$.~d~[.D>_xE`N{:Gm",Check sum is H
test,")X]S&~+}`_!HRAX%/PQ[@#(0/mHT"")|wO'UD",Check sum is @
test,"WG%~XE3qbr %c2`
mrkD	|AMHFgR
zS|ZyDC2fG+?O	;Yt@!",Check sum is Y
test,UX.ac5t6&0!6x#^YppbsGM+aQKUua#e.;ZDI~bn#,Check sum is B
test,"6M#CM	-bR?p.?R{;0@/o*`!#pEck/h*^[v""V<Lv6",Check sum is _
test,hTd|l>1\O%_U1`vud0*!	?}JTk+)6sb:.f3_Uk,Check sum is C
test,"u22/20.EW`iIJYZ{g{P
s^",Check sum is +
test,"]E^D(eN*\tia<ZT~.""k]5eGzo3;yZc^SvdW",Check sum is S
test,w?g2'lV;+U^?yt>9@{Tn ML\@.dnrD8(19nNMjneg.k@;Pv,Check sum is -
test,^:M3UXa:s)'|G3xt'o;Q]=fcU2	K[D(ngs{lI#j6q,Check sum is 8
test,"&o2kfZduI1""@\5	7/)w=9W`e3g",Check sum is S
test,"=GslNP4	/a
JjqC*0Bbv1*?i",Check sum is W
test,"J.Nlb-#;,	}9K+c?yB!-HE#",Check sum is ;
test,"`.-5r|VkO3^.!QPve#,I""_}e",Check sum is %
test,"z$k2PG\< Y~:Y/F/~[9.K}9SdU< 1;cb/A'?IN/u=w-
EFi\",Check sum is ^
test,"wk0!d&7C$#%W>.9
[$GfdxeP@FNNR(/j)$vK$oD81",Check sum is I
test,*y!j8ODg,Check sum is @
test,"o,7ZwI>Z{",Check sum is _
test,"C9@1) &7u=#l:A	[|TueMr.>04v=<|)3eX=)-9Quu1@D*HG.u,",Check sum is T
test,"rI*F\'5B{2S(SQ~""rB",Check sum is %
test,fnlh^ymrnnRn	GZU,Check sum is Y
test,bZ;N=ZY5ayS4 cGk0$~9#]d~,Check sum is M
test,#Z0+3qcz|mZPh,Check sum is 4
test,"c]BfG]YZ|,i",Check sum is 0
test,$a,Check sum is %
test,")U)xC""%,@<K9mUDX58;a-$e
Yc4T`h20;([lu+&",Check sum is :
test,#\5acy]e?W!+X8uUl<Dh^KRH#*(9FkbO,Check sum is 6
test,"s>e*exZg`>""%9DDN0k+m,Mgi_P0}
"":",Check sum is 0
test,CWp5S(IZI<zRN@E+.2F<u*0A#d,Check sum is E
test,	[m~ElgiS~X>C6+vkw;8r|Hc-Au&K8XRnh|g,Check sum is N
test,"xv5ui2~_WrxrZzm[Ql5/!zAfA\V/oE&ewWBL,4/m2s@q",Check sum is 1
test,z!o<:]Y; hXSU/+|-a)]zj%\q^WyNB9_hpTr]<,Check sum is &
test,_Z,Check sum is Y
test,"r
QsOkcqJJ>",Check sum is @
test,/NWv'T`/Le!	Y9~;D~92_\Hn{a@Ip86!^f?2])DS,Check sum is .
test,"|?!yr1gRM)Sw}r]n>\;tV/hwUD	*'>
EAd(EF5~/@:5v""(",Check sum is !
test,"G=a""O^",Check sum is T
test,_x(/89%;Q= <P]cz,Check sum is S
test,6Q)DyEHOrs/,Check sum is =
test,R`Y,Check sum is +
test,"lj }s(!*6cA)f""@{OKia%y-x]9!!6pa""9g#RiO2{*
.G",Check sum is J
test,H0)C`t,Check sum is X
test,h@Wo	.kukX,Check sum is (
test,"{pX0ds)Xy""Um[O8.7",Check sum is O
test,"l*S0$*\r6F)L1
Am};^}P2zrX'mGo^Aa*>B7v^l",Check sum is 3
test,"b.R?NqyKL`j*lHoGDe?t?UD3\taB,",Check sum is 4
test,">|'@sPAqp{,'=}_/&UpL\gv vz2N",Check sum is <
test,Z!P*Q/^/vL,Check sum is $
test,iU\dKusC2B[WD_pB3n9E_1[|S,Check sum is (
test,"'(L&C&;H5'IK<8%N>#=XFOzH'Z[XR,MWP",Check sum is W
test,S~,Check sum is 1
test,vUEj]b}RKj]@	69Uy7R f,Check sum is O
test,"wpy=SuR(<0h42Nidi
[Ew
%JtuD8.ca~scAOg(8PX
Lgb-yOn",Check sum is C
test,zTl@#,Check sum is =
test,"?3
8_Me9')d)p(C",Check sum is V
test,"-1yJ-3rARo1Ut?)^`~XOHLGY:6j6@
XrW+;1%.}Th(.+E#\GJ""",Check sum is $
test,"q;[k7Mm\>	3q9HO51
#A@e",Check sum is S
test,iS8:yB[*R$f+Q[BtY,Check sum is P
test,#6Y?/ySlmx!v22Uex,Check sum is J
test,#ICrqg>4	:M7FT_QN\^0o^z*QUe,Check sum is P
test,"mWw[z3mHf""5/@g$:m",Check sum is 6
test,iL>{Vc'y$R=;HKmgfsJtk=HCQ#[_J`lLi#J ,Check sum is L
test,K&Sz<Z7yAp!b,Check sum is X
test,"C8sN
TAcn:9h} bG",Check sum is -
test,+H>vG\J]lwA9p	 !#S|T2S:pr\L#i*/Fy5bR,Check sum is D
test,dky80f5,Check sum is +
test,"62IAs3c6_0#\ohsA
<-;U?:3c943akc)QB",Check sum is G
test,"|\l6U
c.rq/+:o*",Check sum is Z
test,"SW1M1]8Q-E/6hhOm	b{t!Hu{^$xw:,6fAAdU'D)6_ ZGQ",Check sum is ^
test,"r)kVe\	k*~}[Bo`udZNZ2G*.K.""avwK>8+Iz#zo&nUFgZ]nvf",Check sum is )
test,"],T	!JT!}MD_2EwS<_#jy8L\vwEEv6n{jwF0",Check sum is 8
test,7G*i7?},Check sum is $
test,pHSid4*Hta\8+7!J^#\%]QPop,Check sum is 3
test,\|S!#,Check sum is O
test,"t=	y@|}$IGQM
/",Check sum is W
test,"/'?:|Hx$0u^Ogs9,h4YE%(",Check sum is '
test,%k@+U]'7LSl|,Check sum is 2
test,"C^1TuD3[.gye[$^KFKcoNr=takVrI5,L+,fXF2fyJn ",Check sum is J
test,"3C,66|>Dz:seI",Check sum is A
test,zPG	6tWmwN-bqDIVUfCD4	]|D~XUlywAz,Check sum is .
test,DE=Azz*LKS.]1\_RGhGOfO	{a**$#[Q3c{aRc]C5.W,Check sum is _
test,"V^Y2(EX*&eT-2]hq>.!/*U[f!\r=u|AUi('vIz9vf"">Xxb",Check sum is I
test,DatRbB+ZU~$^R.FPE?#D<>MOuRv9zA	,Check sum is Z
test,Cx;hrmb0!!M|AG`6[mF7]'l:j(*X,Check sum is [
test,"T}n!SAq{CR>E?$ JO
eBU0AWif@r",Check sum is C
test,O6'UN#*3] `M.	kuFU%ng-{4,Check sum is !
test,0`@-,Check sum is ]
test,#L5Y:r[x5Ba]L(7dcyM@`UA$S^;8U)[c03t7dQyoep6pUI,Check sum is G
test,93nmqO+NEy365-,Check sum is )
test,r-$`!MQby3],Check sum is -
test,|?JYt'FB,Check sum is !
test,"j\%xggP^j*'2!i""((6wjw ?",Check sum is U
test,"TJ0TQ^qh""@09=[""XLpG]8
Z@GQ+n#E(vv_QC'\W7\",Check sum is 0
test,npNi?.8 zoZDdoT6J#=4s(;$---wJW ,Check sum is 5
test,"EEmbkE 1V,Qi#`Hc2[m;LvvP$",Check sum is E
test,"BF=""ty
V!.li'Hr&.z<``w~s6$-1(c&T{N*ARvxV&x?mdBV",Check sum is X
test,=-q]v}5OhvvscMYCt/,Check sum is E
test,"5q0g Lu^e""k""",Check sum is 0
test,"""so&-rK4({%&>",Check sum is T
test,]e|.6OHI*,Check sum is L
test,Nb&yr?Gz%<F$@R[T\%OP)66n`Im@|o3Osg6~3?l=R(Cb~,Check sum is Y
test,Jds?zGIsqC6wf8uQ\oxe?w1fcfyxQHUG,Check sum is &
test,"W(	QqwN3D&]PVMDnexd}K6=""","Check sum is ,"
test,"KG|\?S^|p_u
JT!MIS6[?a_J",Check sum is F
test,$}DuJ/(XKQjouqu,Check sum is C
test,"M=y[[/H-rKqt,",Check sum is K
test,"VtD]lip[jc*^#b+yJ>c
.@,-uUVe2~6;|EL/gekw&[W",Check sum is M
test,` Dv!PUzZy>Y`YS`m7!(a4^NUBe2Yp&1M \$,Check sum is Y
test,>l_O5oStWRd ',Check sum is 7
test,"f_B7+WY\ko>hni%R`1	l*TInJU4^Cufl+U0fuB}%5{""BXLp5|",Check sum is !
test,"<Qu
GgV@-n2..E'c1)C.?%1oFbZwMJ_'[{.&2",Check sum is )
test,"p KFOcTby3V
HOr#/sA8221(""F1_:EO$`C0Cu",Check sum is .
test,vrK`BEQ~|l(c+-3xPiMWOW}q],Check sum is M
test,"#Ml!{B&\[mO0LRE1,Mz:",Check sum is $
test,"e]y7/jqNYRA
1!XM",Check sum is W
test,&4RG_`yvOJz= 7G>55NZb,Check sum is !
test,"|=9+Y;.O+y8)gJu6E""x3i}:5u}q+NGiRhUd4D
w1o;em1.)",Check sum is C
test,"NaU
2>~/o{jeVN#d`g",Check sum is 6
test,"vo-HAz$_L|JYDL|	oX3t(-""=5=DL0Wk[wOsT/xI+iU+u:p",Check sum is Y
test,f'F6	)E7$yL$J)gh gaGWg9eThYbsb<1X!LEDO\l{L9,Check sum is O
test,"2)}<0Oh
phIi|,{_H|4",Check sum is )
test,!&}Z@ATm@;Z/|?05\u9Y<3~88?j%i@o9-R,Check sum is B
test,"Ez~M0oQI.<{(\1
_Xo^]LWwHM4&*)CePr/sdO""D""AoT\S<",Check sum is :
test,# AEEi;)RAFJD,"Check sum is """
test,xg,Check sum is ?
test,bd#&p A^,Check sum is ^
test,3	O,Check sum is +
test,"'Lv*,[!r",Check sum is M
test,"K5%/%8^RT*!CiHt(Lrer+e7#S\R2U@EGj;?[}dw)Qyf0,",Check sum is O
test,"""#+~`N4N>@*8-n#gzaz a:tC",Check sum is J
test,{x8>!/U#_Z?9+hX-ux@,Check sum is G
test,"""8SPzD%.p\BPE&wpEak@+p%-W/	g`HCXV8A5\@",Check sum is 5
test,&3M2B,Check sum is :
test,=fx#aI?dx0&hz8g(vcw+LE<|,Check sum is &
test,",~1$A",Check sum is  
test,"*U-6R!a4r?\AH
Z8![# 0",Check sum is +
test,"
?m4F*5)",Check sum is X
test,"b&*Vc~_`3 qf	nJ3~PN
Tpb#rUB!Z|&y",Check sum is 4
test,(LV'owt~P	ai{,Check sum is G
test,(ZFD:%#.,Check sum is \
test,"PC.378.r,dT",Check sum is G
test,nnvaCOz81V(>{+9`|W?JSEEja&ROk{,Check sum is 4
test,/^O``'=aFU$J++,Check sum is  
test,DXN $aOXJZ,Check sum is :
test,"HFv
1oAL!{k(/f?*<YRA?&?H24%!>l9n",Check sum is Y
test,"zNom""CFA_	itcG-\{H",Check sum is +
test,"];'V4!""&?P#:f2*&*DB#:Yk3om=Gta%WzRo",Check sum is V
test,"xwG>jWx)6Prc5[Oz>y~=Eo:o>zx..""Eo=/i\	;",Check sum is P
test,"""	?qZ`_""x}[&c^%]6ANK*e""iTJs^4|xS)&Z^L(4",Check sum is 2
test,"=,rZc^CI*Z^MsS%',.fPz,C",Check sum is \
test,"[-=}\|j_=.'h""X$zKenj7",Check sum is T
test,"Af{rQ(4j>'-(*tR''i	KpLs);eu%\bBk<>
n$XP3",Check sum is .
test,kvsU	rBx^%Mhw$x}j]<PxW(<m`	BX<{uU'|)@,Check sum is I
test,"r%RVX?|#""+[DPm!@OLs'}f<a=Rj)vx",Check sum is $
test,"3W[t(I_`=aa7{G|\A9xBTteT\j2	w""7V7~iyY?pD;!""N1 FyZ",Check sum is .
test,Y)0H>H2=i	b{v2{;TxzVz'dr9woI6aU?M<<pq+[06Mrw4Z,Check sum is 8
test,#.sHSTxym,Check sum is 1
test,"Bfz7Y[qm$a@p2JH*c3hY{QUQ|oR~6""ls9,y4u!G+r?'<",Check sum is W
test,"Wi?b?,i|kVD`^m'",Check sum is (
test,B	aA~>N+M;c&2?kq{OW-lYURc.ljuj9NgLK#,Check sum is H
test,"s#frWeN
Ui/,3]@	f=EOM=X{|ns'ISa}<fZ@)t",Check sum is ?
test,E`>SZN3i%`zWj6T[6&ZtEpZ(Hm8xn1,Check sum is $
test,"@m^,@wBJBJ@.SXdB24	nn
C{`nD.VV&< _*UW1,SWVAK3ghm",Check sum is 3
test,Rqw>j'0Rkr_)$DeMbV5B,Check sum is Y
test,":i716J""7~)P=I\^~yK|Z{GlJDR	4KnC{jxeePWf",Check sum is N
test,"j0) ?d,D'xekO FYn?",Check sum is @
test,nw9,Check sum is >
test,v	NhC6t,Check sum is B
test,;B$ebESdV]nC=s{Hs_bU&;U|HZ8{XjL;:rvIfZ$oOm)GvI5%@M,Check sum is D
test,"%y-WvKtA).pJ9.+8
%	XSuTX0jzZc3LdpVR9xD:2",Check sum is D
test,j3%	@BS?`D}YD:S&yvt'SEU,Check sum is '
test,",.jaZd.B\sQ:\;H4Z7_jVe4v\X?3Y#!E~=.@{",Check sum is K
test,!l9wk2w69or'[m?z9~l'rm,Check sum is R
test,t k5^e;`HBF<ontD*2jHV,Check sum is 7
test,"V+?s|SS!M/d#P %:
uuu~>y~vo8C@66",Check sum is P
test,42/qx^*b6ii.RkkG1/S<OBo,Check sum is \
test,sk:}8%M5sP;|r1X[8z&:zD+3|H~+:5A0I<P0\)7M!kk;v uV,Check sum is @
test,"
F8n{u""Su/Fe""-E	j",Check sum is Q
test,"&ayG)&%rX%0{
XI#(t)k<0m%`?x,>w\^G",Check sum is *
test,"VtIN?RPv-zmM65/$!g^h='mK=""V(~- Jqc(""4^G6|\<S",Check sum is '
test,"@U:[88?.%PWLK:K1Z}Yi4e@}nNVr? f}Fd
`=$q=1",Check sum is I
test,"n^)X]WR:RdsjDb`$,M/4e[Q'[jeC1Eh
{",Check sum is N
test,"eha,dTvw/{\3	'?9vsRK",Check sum is F
test,1rV@ooNp{wT6w|'>>q,Check sum is 8
test,iVWrrcPE|=D,Check sum is O
test,sBOa:SF%:blfG0C|TBjrx u^FUcwi\>s9%^K)FP1~,Check sum is ^
test,LbXe+|^UJ+8I)[oo7De}1of$bY@bMVIdU6quM@,Check sum is /
test,"t=tW0ZRv_&NrTad{v3z_2k
+zl9lz%\t)p+L,x,kF$EJ""~		Xr",Check sum is U
test,x6``rK!pBHpzpGvk#6kl]uD q%ftrYJ)\d89q_OV)<5,Check sum is <
test,"Rp,b:bEa",Check sum is 2
test,fw5O(AyY,Check sum is <
test,"-D!05)y%%""a	",Check sum is O
test,"vq[H*	l`v=PUR_rzF,(s%FW'D*~A/+%_eE{SRD:",Check sum is '
test,">|r 5 O5qNlz|S.}""GGJ53ckCdiyVea
8./2WCdWv\R&",Check sum is )
test,"9@Ss""r!l_""|E)uYfJ",Check sum is )
test,"5S7n<g18.OsSQlLx4^WXBW7/r
s)-rO-H&v];}",Check sum is I
test,"amZnZ[7~Va!:N}*/{)_^Iv7""0dpa$""VMjDav+#$z ",Check sum is .
test,"a-{Ow&>UCQ;,OA&h&0@At=G2T'3-40",Check sum is A
test,"-J/:-@OZa#z
VaW!J$?9~B)?5orw
&T\x}W-5M,!'",Check sum is 7
test,"fBT{O*A<A,a8:MeM@\]n>s1m[c9?M1%Z5&wO",Check sum is V
test,"	ozNz$g<s}:._F>g>5;3WaPH9C2/ktK%vB
cVq?#>fG",Check sum is Y
test,ST'GyjTF1Lt68z)gRac6p,Check sum is W
test,"nyHIlVS71XbZSEGYY5,}N#!/	>JF",Check sum is 0
test,"R-qxrO%;q1T""]Z@	}:^;a#9Hh8U0.?</CrZU8+.cGB3$}",Check sum is H
test,ueZiD74T:0sNHX<*,Check sum is 1
test,".Oy|x;p4JFw""%t,_YethN5GtI]lS'k7VZx
bpV`'?ktV",Check sum is Q
test,])4,Check sum is Z
test,V7tNA0?9P	ya3CY8EJJ<2L,Check sum is %
test,@ 9~`![P]8,Check sum is 8
test,aMgEoB6*,Check sum is K
test,$L3'P?&&GcD<w^Fm,Check sum is 7
test,w}q< j5c#E4Qw,Check sum is G
test,"G_h`G.:zE$r:
.p[=9@fji""|Z5",Check sum is +
test,E{c(e?td{cQE>^,Check sum is 7
test,"~i/0Vb3wO	E((iC7gAr7e5R@;g9""vh0qWJA",Check sum is 3
test,Hu'UX9ele96 U]FAoQW=yq:C/OC0,Check sum is T
test,"""KH39er",Check sum is X
test,E3lZs3E8aO9N$5wW,Check sum is _
test,9&+{u,Check sum is Z
test,"g+scUkf^~er.s{DJzjRykMg#}GJRYGoCVQs""1=!>j47M$",Check sum is =
test,"8,9xl\A",Check sum is >
test,U='Fyvammz%EE[1y!kj?M~WDjR3gXR{ q#73,Check sum is +
test,qf-~o13$Jic>GRy,Check sum is ?
test,"wpTPHWU?u_]QP?6A^\4{My]i_W9FDR1G)/|1""",Check sum is E
test,DA<d%pq_	Xuc)EoP:dEm[qcZ+HUt2#	A-H9zcYu\ay|c#P0!,Check sum is 6
test,":+Z~T2%""@S24AvR[,6[LH;'
v47gd7k",Check sum is R
test,"q8{rQKC:v]z:V$""C52OZ$t$n,7)NF?G+",Check sum is @
test,v9,Check sum is O
test,"<aJi4&hszp5m MV	HIx]ce<,p",Check sum is C
test,y$D3V*Vw2z 	\m`:M,Check sum is F
test,"{iFB|~t%X#:<f'`?uTN3e'NFiRq9GR5nR^u*,	9X]",Check sum is 9
test,"^kAUM,:XP9Psz(qwJp+0A
3>K WDo#U{}~:OEKI",Check sum is 6
test,H$\SQ#iy%16rjH[yN|9VK,Check sum is 9
test,"e>+p(;{
s(+)=2k`|F""(""T5;7<mX'dTk}X_8>B!#m\",Check sum is \
test,IsKIm+&,Check sum is .
test,"qWcah^#?,4B5jFX/-W 2n_-!mwT",Check sum is K
test,"
!+]1I'2K)",Check sum is Z
test,V:XvQ46Cz_-!apO_g^>}5H+Q@F,Check sum is !
test,"yL|=7S#M.:h@CR}{,7MxFce5-[Mst|W<T+L`	.~Lbp",Check sum is )
test,"^<bW8O5il}B^o?c:x[J`-l$#	J3}Wd'uUm""[Y	",Check sum is D
test,"+8C$X
)2P/S N=zOqu<tQJ,3P",Check sum is M
test,G(4Dp2\is[KO]XPa_G7w~poGgnJ|[q0)X<-X0G8mE:St?9qI;V,Check sum is 2
test,"tlGiR1wS}'\""[d%&QfSB`YQby^""p2SExm;",Check sum is 4
test,"+N8n{L/Rvyw[^qDR|Mw_A|GZd""qe	]{",Check sum is '
test,"@];Ueq[gyk.$#2rHGaWW	VnY>[P+dAdgELEY
",Check sum is #
test,NrRWHm@\Im8m?|pjy3]8,Check sum is K
test,CoHPruld]d!CvlVxCEo$La|	]U,Check sum is 5
test,!2'DQ|&2&	Tn3fr]^N{]8xTI:,Check sum is '
test,"iW 'Bs|*ruLfL,
%l%~B39ujX",Check sum is 6
test,l$n,Check sum is ^
test,hoSAf)KdBA7A!-5,Check sum is G
test,"mo[-Mhu\~'x/ZE|>V~c]92xnAm$?z,*`84E^s]@-q/:oI",Check sum is 3
test,_JK,Check sum is T
test,o+!2{j,Check sum is 2
test,"LQ`AX<[>by]
T]O'@cKK!,\:c0t- Cd""$6Srx	/	
	Xp)",Check sum is I
test,"lUW}bb+I@.`+#xiQB~,J]gj",Check sum is _
test,"G]8	yVX4w&fm-lR""Z\QQ^13GA/xo(XTT4{]:{""\}W+	S(",Check sum is ?
test,"! 
sVo mq	ZRe)uHk O2msHp\@te%:
!Ngd-,[,639uoZ@",Check sum is ]
test,"lrE.o<B7`H$oVS@Q30Fq?q	x""9I6t~~/a",Check sum is /
test,"SwPzt<KZat`
RV3yT~2&7PmH4G,5=[v*T<GsXZ~TDrHmsW6",Check sum is O
test,	Q1AuWMK/`c[[6RmU8,Check sum is :
test,"c
,U>`l.6t,Bv,><W=)]H_}:v{2@\fnvot;`{K`+61s",Check sum is $
test,jBO'|b27a|uC	6,Check sum is ]
test,uKEuYxcRE`Mi~*c^3%H3JZ>%?yE)$o	d,Check sum is $
test,"Q:=_<l)nEb|9R|Fq\,co",Check sum is A
test,%h*yPp;^\+,Check sum is 0
test,"sJ\,;1ih@D^2_&S",Check sum is N
test,:K<@4Sr1Qu2K)Pz)Z$K2( SB,Check sum is B
test,-s!Xcc'Al=MH_>|Mxp-ZOP5|	l]OAIRe8 )vKs`U)1G(GM{_,Check sum is M
test,f1R4B(rD,Check sum is ]
test,zn]Y9;1>%6\P~7U7I$0u9$%MP@cvD6_|;P7GP7q9,Check sum is B
test,"
I""~VoSF`S#
n:W$[jNW8;8RsA}oD|Dz|",Check sum is 5
test,}.4U,Check sum is T
test,`>}<)g3X~=U20S&g2EIr!]q1]JeQv^v?\@A}yKXZhJ,Check sum is ^
test,"4j_,T;5MF	 !b#.i^pG~""&=(MCSc6Z}",Check sum is Y
test,"""[",Check sum is ]
test,"`P3""LK}8~*E~oG
@l>`O{WT$i!Qk%",Check sum is *
test,exQ:.3?\IN(&a=(FxiYr~n5;I4+5Z,Check sum is 4
test,"!c5*Q*VQ2,/!$4#ASGw 2*@",Check sum is \
test,e]*u61>i|e]'PT/j,Check sum is 1
test,%SB-}Y,Check sum is ]
test,"6=1[;vW#Gg]snq+I!6,Y~	:R\<
D|>F4",Check sum is $
test,=p%dr0T}TZ Vh1HV><7==f_@$D*b,Check sum is H
test,"p^
;'XRS(zW;glY(am=",Check sum is *
test,"LxqY-(t31Yj&rE]g""ToMv[vz
A,,ek)r1BiXIKXv7c97t",Check sum is T
test,w$7WtKsqb{bD;ytZ}2ep*Eu	=s(l)T`9GxXi8Fxq`RNG,Check sum is *
test,"T#X>""j%@a}?P($8(,LpJ\w4VWJ",Check sum is '
test,"y
=?M~M~S>1HC@c+yH""JR&BHsl;o~WA",Check sum is ^
test,"9E4933_,",Check sum is <
test,"=""3e.\	\c}b.|('3Bi@yp,FJ_r+C$",Check sum is '
test,"[<J jX]+:,""DHSj])GH~Vx%Yc?Ne@lG",Check sum is #
test,BM!b$!?6?x95>T,Check sum is #
test,"5
F1f>W>FL<vB#2T(rryu]3'\0f|s}%i",Check sum is [
test,k[mwQ3ed	x0?)E>D5W{),Check sum is '
test,"&X:rs5<,XDjH,NPr
q}^j(k6':|.0H/ntr""SHjW]*dl|",Check sum is D
test,v=(^2uKc2>enH,Check sum is 9
test,:v$0<f:RaxdjQj?3!,Check sum is G
test,"#|h{a>RGiLcGQK'G7u$wzxqk""FS+	yF[G%W",Check sum is $
test,;wlNL,Check sum is X
test,"Tr>:^Us9[AWpDMdSE~b*D1F
;cL-H;<,,&t.~:^mp_lXb*",Check sum is T
test,Yhi|saS\d_,Check sum is L
test,"W~=~bfgsrKT1&""'",Check sum is C
test,"kFz&Q8B]Qd	
 a","Check sum is """
test,"vyKiad,F4",Check sum is .
test,"~k;~5;B0ptF57,4fo	kG",Check sum is *
test,"! $+#:7VbAQNA&8C%1U:Y?w
P@-8",Check sum is 1
test,"!qd{^S#EG;(WAQtG""/z{NR\MM>1+B,U`jcq}$qBN&",Check sum is W
test,"/bE|U%8YY[c,;LmU5M#y^bNE;}jMx3lFG@pPe_Kyd?",Check sum is 8
test,#n[	Ijsd1B*77c?[0FTgr9B-'UgAQH(=xP`}y,Check sum is 2
test,bVs16!sO}?>/lAmDu(_X*2}[ f%1e,Check sum is %
test,~q?O=g,Check sum is A
test,j$lAA!:xW;rb3k*:}`G1M#-'?;o!8a)bHo/H,Check sum is L
test,"b=OEj6vzjT0I(N9Xq,MArlJFw,[zK2
4gz[",Check sum is )
test,?3d{odNL =7+aN$qb/HfWgL>j#PwwSwej\<K,Check sum is /
test,"k3X.6gq
Fa9j2UyopZV6'+uo",Check sum is !
test,"KG] 5%4#9llP>5Q_E<ViQ6,b)q#tmW_Cd^S",Check sum is %
test,TmoWz4+@I!lmiWR2Wl|~24IosDn>,Check sum is E
test,"""XnTZFP]p5""#E&^VdcOz%-\3#PZ,
AVMRm.n zS@=D-*",Check sum is *
test,eR/n	TJ>F>HH	vJg]O^Ej+R|W1v!q!0mz_~&`,Check sum is :
test,"8sWLNt#1;0""S-w|34i",Check sum is T
test,u7Vn_2rhxEgH34l`Kj,Check sum is O
test,"~T('\w;J6.y""a&FXTab+:Ot-5o>O]um;R]FFK(R$5*>r|78!",Check sum is S
test,XT92PG4'OT1yp+t8kDuP,Check sum is 1
test,2z@:+D[~;NQMe,Check sum is Z
test,"r<,$4mPzm1Qn+@Gbf>J_]fIeUJ*^QFf:"">FpV	q6lqX	~\jb`&",Check sum is \
test,"}?,0Ix+>KcF|",Check sum is R
test,r2|u`o	iocq&.APB7Zqqe=dONP0\v,Check sum is H
test,"cbd=Llk
DMyd?4
s,k:9#?ygQg""#X+#,1YnH%Yw-/kp#",Check sum is ;
test," )c+0MRC,<Qmq6*.@=APX3gEiTeiZv/J",Check sum is G
test,YYLs-/,Check sum is -
test,",ORDEU1 +7b2	uVWoH|m3{u5_LfNQHVEHrW~+!E",Check sum is (
test,tF*6,Check sum is :
test,"ER""s:Q!WAU.Ua5!%m'S7]Xiq",Check sum is 1
test,Q%8HtQr&J6\{t&UFpUoDaXXTy;^:hiN,Check sum is G
test,"v
,&+&t4Y@rW%IzYDbF&OaYKM?JfwTb		[R",Check sum is \
test,\{7M	BT],Check sum is 7
test,"011UgK}J`Tm!N)NCG
9MO\#v9]
	2'xI$w#b)J%iG+
|UUob-V",Check sum is ?
test,=];MRkWQ)@a3X\1(~9^,Check sum is F
test,"F^FY1<,:<,m4Vdr	(pU1q#~;2!HUgm}K:<k\2?=TY\",Check sum is _
test,"B	
f$",Check sum is ?
test,6k0o\$$BW;Ilc!V4NL-7oF^D>z	$YPn3R/V*\$l;rTQ>kJ}u,Check sum is C
test,i[T;nz`dr$*y7]MC`}{RGdSCc%r8j?|>UhR?5S3,Check sum is E
test,h[<!NbASJq}ReZN*j&fJ,Check sum is E
test,"I>D/NAtAg>n)C&H}:9qI(RQ\d9:!irt -
3S6EiXqrQf,t",Check sum is 6
test,"N 7,eMK@X$""}tE/KMJ-!,j7@V5q'|6|h,m!j;h$ia",Check sum is \
test,5 lX`WK,Check sum is ;
test,"""1H)\YHVC*@;
^9",Check sum is @
test,B`;!yXc( 7.IA8ePJ8BbJ(,Check sum is N
test,"QjNL hOy3\]eADEq.1.b8vRktBiz""?;
HrJ$R|K8gu?R=%&",Check sum is X
test,KC9T7,Check sum is 2
test,"bE,l~",Check sum is ]
test,"D@yg
,-*.U~1d5@(*WD#Ej=oo",Check sum is 6
test,Zgj58dH<)K~t=ZPp55STaFgPVUo{\ehhA3~sd'^LHM}@h:K5+,Check sum is +
test,"Cz,39+&UqG2-fqV%U'WF.mV^By~dN}\l[zGMmBw71J $bD;^sL",Check sum is _
test,"*5n5,TnZ()vpq,['vc",Check sum is Y
test,nn;*nkU,Check sum is O
test,"!6(
 4h(Cy{s	XP}~P'",Check sum is Z
test,"		$Ng4LM
%i3eJwl%lRH#Lq<[)k;IPPsw	IS.j}""TWZ",Check sum is Z
test,"fQ,*{)8P&{+	p""+S)^|LDL",Check sum is ]
test,"S8lR{hgSW""u`+]%OC",Check sum is S
test,"MrcFW2wnE:m-7]aH
'^
vEUd\y7{",Check sum is  
test,"d8=3
uEwX,",Check sum is +
test,"]F,7ohet3HE_aZCjT,i=AIA <am^MJ<1",Check sum is Z
test,LiAP.IX!6;a[:]6i+t4E:S\0EFmBxm78,Check sum is 8
test,"&lI:)D"")<`'2[F9{""B@",Check sum is [
test,!`^Nk0%pbn2 f7Ie,Check sum is *
test,xQX|b8o,Check sum is F
test,0agD~Z'BX)%S+L!tc5#4>#9CZ6]-'(Y7,Check sum is '
test,[GTv76Y,Check sum is R
test,?[TX6dL30OaT~[WGZ?r37[ae]H06|'[,Check sum is I
test,2TmFnniBUmOyvaQQ]y'*<O!rh:]#Uz,Check sum is Y
test,JC57fop,Check sum is ^
test,"MhM""NhNS1;L[yIin",Check sum is G
test,"r~oVBqY/lgB@\b\nlaKR6""S9tA`6
Fsy@S04\xM[R+?AQ",Check sum is C
test,lsPOZ>1`AVv	i|C+WXMi4-u%%+Hm+hQ{3r]P>.:Op<<;+C,Check sum is L
test,"s7lD.?g('Xn*'""oUm/+Sf5NNBxF(#y&Ku~`yMA3",Check sum is -
test,"""edm>or",Check sum is W
test,";Te1`P@&^5bOwKExin)asNCrQo3LUfs
Qg9Wi",Check sum is ]
test,i|Z`{^ZDJ2!A4eqSL80c8i}4eR2C!<{r)q3bXYgFnE,Check sum is P
test,"d*1RXZ'UsYHL/[?f(iELnMp*""+TIS0H",Check sum is Z
test,"@]^uiR).aD|ycw0,4F","Check sum is ,"
test,"eLypg?<r9M_zb{8e_,:2i""Yt3",Check sum is )
test,"yQXNx|,/;zZ@@{n'@.""UF}I<;iG\jrZq\1",Check sum is &
test,0iJiFNAjpZi?`,Check sum is =
test,iu@\:NfE,Check sum is M
test,"7UGq	bmSB/]LIH'5
Eo$a{v-/Tp^2''T>z	C 0]8Xz85Jhw17",Check sum is U
test,"x) *Cq490(b3p&
9'Bg5/):U97'",Check sum is 5
test,k(YZ&k*(\.3xg/2w,Check sum is =
test,">~]&L,Um`'XOY]^0""/1=J iYwT8v	/L01qJ-xx]I4?V{gysqyM",Check sum is  
test,7on?sGaJJ)ryp5$&M\f^Vbq<Sr*I*;%1wEXm621=D/S,Check sum is G
test,"c`3P9~(V`2;,-jSoJG{ow)V6?9C
08,!",Check sum is N
test,A~,Check sum is _
test,"'""[",Check sum is D
test,:E'Pp|05Blh(}q.Wfrpa]^+Ov-|?[,Check sum is /
test,"WAZ:|MB/[$<cmp
If]3]$Z"">RGxLe WwO}_P&rMVKO'ue[:2cb",Check sum is R
test,"V%""

oUH\T+np06b:Q",Check sum is )
test,7z_,Check sum is 0
test,"oM
i%B@/A~tf's	&9P?.>",Check sum is ;
test,"yIA1n(nzC?;W0XTxZ~Q'-:u"".UdJUI",Check sum is W
test,kVCGs$XiiZ	Ed,Check sum is 8
test,"Gq.[A<kbd
(5RJScllMh^/Jx#eX'sS62",Check sum is Y
test,Mr*3unAkN'^HS:(l[Kb	J3,Check sum is U
test,",T${",Check sum is ?
test,CjkMj2'|T,Check sum is X
test,KT&p1?!Ml<&7np9`6gWr[C,Check sum is 3
test,dfEp#PkN{*Ii-'@6T'\tlMJYX$0&FZ@ES1*=0C,Check sum is (
test,"5%8-
y*9]bKgcBAZ(fqqNsCZ)$%3R}-$h*ozmnF",Check sum is %
test,"$<\vU=WHXj&GGeH),C|G#!f1Z(^JJwGLlF0ml5fiMN~B",Check sum is 4
test,R]6*b4r:4Gd]/Np9(zhxc\gz0,Check sum is %
test,qEu,Check sum is K
test," !@d,v",Check sum is '
test,G	FBl@Wl(Wpd\Mx_bK1\L%:PbG,Check sum is X
test,"""Kyq,",Check sum is #
test,"'*[F,1//qVZkJtz.F\qOW=I\o.JB1~kJ",Check sum is '
test,"h<#eiuXI^ \q/)""",Check sum is P
test,"x@}=7{C;jv.
KA`ZdpkCV.Wo)j[vs\CSZ%]8aXO",Check sum is Q
test,}s/Z TcBGf_zZI,Check sum is [
test,"""o;:whIL)LEznw`*",Check sum is =
test,"dw/ob\^<K	Y5\3tMIBG
@j|.kKYz",Check sum is \
test,".qNDT+W=
8-k3ZrzemMFR_t,DT]ErGO`",Check sum is O
test,"`@/	oBK{ViT1E4:f_
(D1G9k@{$\>H$5;Gb9",Check sum is 4
test,"_mk&`Bs0l;0c""Z1f#%",Check sum is W
test,"ai~CoY4?""/1<?augvLaGA8?<aCVUp%zQ(t[A~F",Check sum is )
test,"iH4rQ7
TebwqZFhsxbeNyPV[
yf=2B4x:Daq{2qb",Check sum is $
test,"VAQ-oh;Ys, 2. 9Y4n7%""o?>t<KM,{+OD9o",Check sum is R
test,0PP9Od]FBZ,Check sum is [
test,"G.ykSj=gt&CNng6K{O=	3bvK7""8rHbd(G/j;}R-(W+",Check sum is ;
test,wy{<z&G(w{q5Z@yu5j=0kZUy4o>rO,Check sum is 7
test,uMAJ]Y	`yMNFY=Ghut]#hn 1-_ 5?5_CY;R;Me,Check sum is E
test,TaxB917-vX}<58uY`+|ciV=@oCxpz)1,Check sum is 3
test,"<q~*Ca11<M
7Av>!1n,R",Check sum is 8
test,"=B)~,X{I0-aLu`>9>\V;<h4zWP=GMGg5(;",Check sum is _
test,"MB3,wddK=%A6Qu2yE+@?d~_J53StUWE:)+D\(mwg?+N 1",Check sum is &
test,"aS8&r\&(""Rh`U&D1I`\cgJ09PPh~IiVkvu	UU;I\;",Check sum is .
test,7L\TLemILw-4,Check sum is ^
test,/	>zq@]LvMGTq8s7,Check sum is [
test,tJF'(OV{Ju'N[,"Check sum is """
test,"\ QZtYw:,'&	to""btb",Check sum is D
test,"maLLRe
8BL|K#""I","Check sum is """
test,"U{""0	%H
~Fp,w*5`5t2/^:<u",Check sum is +
test,!=b:,Check sum is Z
test,"$g&f""Vh`*'u9R	5k:Cs)pAA89/[m\",Check sum is @
test,"t8n>>+kp""y2%f5XbmmZDKGf6Q8E{}J{`<,[w2b","Check sum is """
test,g[;uUmBUOmb3Fg=t/87r_'r5WG*zNqX^,Check sum is N
test,?d	kL=a,Check sum is !
test,?{R23L3/8b 4l>,Check sum is W
test,.S=uXLO(~oJ	%v70enq*sI6!=`1g75Py8y,Check sum is L
test,"1zImh2k0l,",Check sum is N
test,"oe$A<14LYfD
=[k/G4LXKQ7^`U'5DDo]'~>8",Check sum is U
test,"v(ic~}$LT{Ps&aUB
	d)h,I8KG.CKP1",Check sum is )
test,"IGs5-:?yD_mC$`g.+9,!;1BNj""v |K$~-]",Check sum is %
test,"'9lA-<""",Check sum is 8
test,"7);t`:~,^G&Dma,
LD;}uFz034$lW^TAT?",Check sum is G
test,"xf,DU[P(nmtWK_Y!CHp^`xe,mmGswi4kqv$kK`T
e?b5PpPq=p",Check sum is ]
test,"m<?JKC
2?ZNT",Check sum is W
test,"z{?e+!v~{4P#Kl)o""Kui!As""+_wVC@Uds40+vH5|""&IPUs",Check sum is Y
test,[$r?Lgku8x&jI&bCr,Check sum is )
test,"S vDU+m_q""ftD{eS*lLG""Y+`ItZ""w
c,jXh
fA%b",Check sum is W
test,dW*;J}uG:Q&&aj#ME,Check sum is Z
test,"OH;ogS0
HSP|ih4",Check sum is A
test,^?eIedOf\x-D,Check sum is .
test,mo	cu,Check sum is ]
test,BWSK^K\UX$:]`N:'0H=J^s-0vVy$-EWvrV1D$?;GFdE;8*o,Check sum is E
test,"F/x&`mn'7XS/@,}RxId* [ys/cp*+Cg?G1fzZ~W'y_ys",Check sum is I
test,"?cqz0x6HnXiyB^uL,j^](BuPhQ?eaGG% 2]$50%?d",Check sum is M
test,"n+""^_;O/Rt#
&8qDa_`_cWbTKfi<6N.)>7ataXY-jv:/
Q$bNW",Check sum is O
test,"9q<H4NVD^$lV',Ri~qc",Check sum is N
test,"p&VK,WF:zx9[I]K
q={i7c$>iSH1(""PUd2eri",Check sum is #
test,iN@Ea 1yu4988)e dw/U29]p6l(KrX,Check sum is =
test,"W[q&:
<1}I&'ZpDJM'R",Check sum is K
test,WJYR{P[%P.,Check sum is 5
test,.=9pcZ{?CY\^PxM)#oOdSqL,Check sum is T
test,}EB7Pyv:Hr$@=|]q::qu!%r	Kv-a1ED	Vh,Check sum is $
test,"mB[a`!;oo_a<JS4.nVAE!)x,WO:,:{Qw&H4XJV'UT~>d-dQjRL",Check sum is U
test,/bN{!xvm'N=!)}hbU&!>q,Check sum is D
test,"F%Y!/
	$yC}98`2#?z",Check sum is C
test,tyl	[69<eXMRWKB3~P`K=$7:rTh4JQ,Check sum is C
test,n<m6B_`xu37$dDjt=t7='xsYJE7%ZR65=2,Check sum is 0
test,"9- t1$XV b#;<`Z""6hf$",Check sum is =
test,V/.'\@7_Bt\HJN,Check sum is ^
test,+S|I'kRxsFiNyb{ez}w@$bL,Check sum is *
test,w+$;RwIG!C,Check sum is ^
test,"x
Yj&
Ll[31=xX;.",Check sum is B
test,"3|'pO!3KNLa(XM
te^[`cDRK.h$85SfbVtP<QCxv:5iTo",Check sum is Q
test,"d
(&5ZKdc5Io-<-%taM)k}xb<",Check sum is .
test,MpL[,Check sum is D
test,"Oe1)0	pa2u
liOU","Check sum is """
test,"t6nP)|0'O,H>+MU3 7O",Check sum is +
test,"$:h_U]nM8J5,riKDs3b[4p9uY\g0nkyvK2yEq",Check sum is 4
test,2CC>,Check sum is V
test,!?i,Check sum is )
test,nyc)WXTR0J@LwDyU\i}w&t>6rj,Check sum is Z
test,YYN>&P&'U_k_6@Kq	G-W+0#&O\,Check sum is 4
test,8([%H3ISD7go<N[_@y-gf}<i,Check sum is A
test,"`5(RWoMw^0*[
'a?6>4T
KV)S2jyq{|+Bd",Check sum is N
test,SgnW	Oky1zU4xRYcrt,Check sum is ;
test,"+8]mm0Z9
cNOqSmKMT",Check sum is $
test,"37,C/Jr.Ez	E_3k7T;voNo7,1p$~\a%wj.6M+vtN&nuVfE",Check sum is K
test,"vm-BChgUHSP io,Q{0mp#3TMH2!vzh'XwLLLNjlHzVb7P",Check sum is *
test,:CSK(2y{	f8W	*4(~~<BVKp7,Check sum is X
test,".jBBGs5>!#9o'y0trf@K?
X$MQENm3i""_.SMoe
L",Check sum is 4
test,"{P ^1bym""ZWYdfTC4B_$OHZ!_JDq=uw!oZU\",Check sum is \
test,"AYND xJ* u2H$z""Q1+c8<m/H""O<!zx4z]O
.&p",Check sum is 7
test,Ln\8Pq}e,Check sum is Q
test,"/
=*%:&VO>f\AsPk8L-<:c",Check sum is #
test,<$5!,Check sum is V
test,kua-GK0B]\,Check sum is K
test,"ngD8	""W	dr:S:]%+!v4/62qmjBmyiJf",Check sum is 1
test,"6_Zf:fE8s5>w<+W=|7;IL/m,n91Oc
a[Q7S/hx$.!5N",Check sum is %
test,iL~O9K>!.2$Su+^O3nI'7gu/N*5H_jL) f%J!K_zH D)R\w?4,Check sum is V
test,"_m7U'@,""D(i	twq.#rgPnwauL+u}{e!5",Check sum is ;
test,"vY@NQ*AjL+oju/
Y?+2Y&%{Fh?| S!F|*19jn\",Check sum is <
test,"iiqsB$	+=)U5Ae""%i`kiJKhw/	ClgiUX-?d^(pwZ.wu*F-\/4T",Check sum is #
test,n;[!axH9k}P~DwAQCw,Check sum is \
test,"/9 :8hQG9
iHG*""aGp>mgEMw>8xz3u\
a?j",Check sum is T
test,L`,Check sum is L
test,!+zbT}b![@dsQX(Y<X,Check sum is L
test,"2F5his&B'{Pn$-E{,",Check sum is V
test,"9&63 |z~W(@""%,y'3(i\xr.	7\M%T	W",Check sum is H
test,"V}t:Ys#T^ZI_C?*o""g(9K	mn;D(VDD(Pnt'De.~HyiM",Check sum is J
test,8'ceSeedy5l{;h#eL2TT6d,Check sum is H
test,">GI8Kp""#~UN`yq[nFjAxmPhc)]__",Check sum is O
test,"
5Th-3=",Check sum is 8
test,"q!halHU!JkfBqLC""&",Check sum is J
test,Qg:dSq t},Check sum is K
test,VKW';nnovwOJkB\Y!Jzz7]B&?v,Check sum is =
test, f,Check sum is &
test,"KLF
tf\|$kBa_hCBf3:",Check sum is J
test,lL]vN!EJH=,Check sum is .
test,"5iT:Et1b;jA(3~b%KNy-S""sGVUbU)",Check sum is W
test,2y9vzM+s?w+|,Check sum is <
test,$[7$f,Check sum is  
test,"H	V'8'9L,}w=EW rKF\aY<",Check sum is @
test,[Br=L>Ha]TRR0T<uX;X,Check sum is T
test,"
-Su
.OUtO)tr;TG~8\mV)m%",Check sum is 3
test,	S\f!U!pZ*T=|[1?[aOG],Check sum is P
test,">P fe""L(ek8wURb!<i0X|DgQ-I2&j4Q~`1sj#><$gV",Check sum is $
test,nr\Hh+0z\TTR\Qs,Check sum is W
test,5jiwXe#u,Check sum is 4
test,=zZ~;I:LR%+p>x&+Gx,Check sum is Q
test,	[2#BIjs,Check sum is A
test,-%QdCh`ep#g@,Check sum is Q
test,0cwrFu<7O5^<yUdjZDt9~	|6}V>2lZbA,Check sum is 4
test,)=aHRKwrdae>T,Check sum is 1
test,"HL.OT[I>36X!HGRZH^#lQpFKRLS';pqkJ
&{7T",Check sum is *
test,C}*w){q#Jc8tHVn`cNP3^s,Check sum is C
test,XvTc4yv`_7?A@:Cq}1r6G%-:*-Tkb/O9N%7Grki:Ylqy,Check sum is $
test,"<""W^04(U%NC9Dd
]koN%7",Check sum is V
test,"vf@
@1J_,N4]u!fz-$wtEi1.;""d^(088O~",Check sum is ^
test, rg{2Uy	b;0l.$&{=6,Check sum is <
test,/[<6ClMmwm}Z7u<D/A =Yuz_|Q'jQ,Check sum is O
test,">s@?w}io""[v&>EK'\Bio=YJ%\guY!:pDPCBp6t/':",Check sum is D
test,_'NsHCAJ	?NQO,Check sum is 3
test,"-aAlt`N,_$eM-b>t6.Ivej}gzaBlAgT",Check sum is :
test,[2H'=zk,Check sum is >
test,Pm971r,Check sum is 0
test,"hZVap.""Fp~mxc	DQ&",Check sum is Y
test,"d3n<r+\E*	5;kZ$6M}0^$t<V,Tv0",Check sum is I
test,?m\<hRzQ,Check sum is )
test,x)zs*0LYFUhrG^Y9Ap[Bx]*)~a{ni*l=_Y[.f,Check sum is :
test,"Z<K,uA",Check sum is #
test,nClccx,Check sum is ;
test,"JgdW0.;^+mGv{zF_E.L
-OtuSIooxjL28	:taxV@N1dLm",Check sum is 4
test,"e9nByz;`y>.
1:lj","Check sum is ,"
test,pIvI.J!kv=:tC,Check sum is @
test,"xwF/,u+_$+,D~w)211uWW8LqNK\TQ^A2/h~YAXu#_",Check sum is !
test,M)fAVabr!}4>VnPCG}RL|nYfC|m5Lq`o9J.AkI/w(,Check sum is [
test,{YR.,Check sum is 4
test,"tA@@($^#W>{*SL
'G/
>SQ?m'#-E}5%
f(H>}_q&",Check sum is ^
test,9u8z'7wUD&k-&j-xNPk+[}-^~Ot(p7&`lO[)Mg1*K>GQY:,Check sum is P
test,c.A,Check sum is 2
test,]nz\`!=	}JGE4z|f{!d~;,Check sum is $
test,"YpuLA]
ZHIfuW4ic]e~h\Ofu$2FMnZz]W*",Check sum is &
test,7x;t-,Check sum is +
test,P6'	ewu2	~7<&'[rYG?IG1A,Check sum is N
test,NTZ-]vr4xB^n{mtq:[KusKoXaYph%J7,Check sum is '
test,"3 iT1nm9\Nz>`!Y/Q&,NTbuWG!f}{*f6%<hc@/}N11{@","Check sum is """
test,'<!K[,Check sum is J
test,FWhcEaz,Check sum is (
test,"%R?6Era#3!*0iRX5EIaBg""
",Check sum is A
test,g@g~7zc@XnIzb(9XMqmT5G^uWFXx!.3hP0^,Check sum is '
test,"""E'2=?gZT|I3v""ybMFIv)Hqx./)5dM;,D5",Check sum is T
test,"
e~nx&u`fJyL8\Uuu",Check sum is 6
test,"
LKJ[HL^#$<G","Check sum is """
test,"(+nNy]/Iis
I>v5ZN	Xw`@V""xgH>Xi(8d{TKdsH^z.i$o-9LL^",Check sum is .
test,^BI|Sd}c@}M5.kC@yN,Check sum is >
test,"Cu>s+fn(!3HuadGqg&zIsEDQ\@P;%NQ%4^s),FIGqZLb'",Check sum is ;
test,q20%?l-,Check sum is 0
test,H*|Pd,Check sum is B
test,C/K.$;R,Check sum is <
test,x}@'6y,Check sum is +
test,"|>t}E4>Qz527V;oX4Mv""TI$aLd!A?_",Check sum is .
test,"6C,v.U>?)J\@p_x7Lz?jq{H\vW\",Check sum is 0
test,"TV\l$jc	,i\A.mn]{sxKKhS|7\P(v	tL&(L5PkN`1",Check sum is J
test,"f,bj[EHY}CG8&.d1'W[ J#aqbj:*#U,hyG\>xsrKRD5nY",Check sum is /
test,"vqpQEo(uQ&Q eg'Z}k4_)iVQ'*]_={fXEhaJ3s+ r/T{Wm""",Check sum is $
test,"Tf|KpQO!.Ljw,Q7IquP,Q,='Re",Check sum is $
test,zU|;:	br69x.GXfE,Check sum is \
test,=\ fr`;6h,Check sum is *
test,"f>F,|@}SXAob.bl8q/&@zR>VhMa2Z",Check sum is (
test,"}Nzu8	MSyMKY""
&kP\weo",Check sum is Y
test,"+6ZhV
@cDz[$rJALxynSAZ7x
G#}o{`t@t'6$
Cl_!O2.u~dv",Check sum is !
test,h(8}E9,Check sum is #
test,"2q6CAnL.eq&_^?wM-_5c?-YCUA%G%*A_@8hLQck""u{-%6UepvE",Check sum is H
test,9n1 T{e+YPJ{,Check sum is %
test,D(.')lZ,Check sum is P
test,"MbP[9q;wO5iz
pm",Check sum is $
test,"8(P,]6m@-O~Fx3""7%WRQ4",Check sum is S
test,"egkXa:Z~TOq$86*<^o'swK
S+",Check sum is _
test,")tBH4o]%wh^t)%x{Qsqv;
NeD{vA}:L?ws</7k'>m",Check sum is B
test,_>o,"Check sum is ,"
test,"LmK2REq0m!v:/:u@B\W3sqx`TnvC|zgZ
%3Ygx:(N_fWlg?YE[",Check sum is 1
test,pGZYFzBBR!V}bRAG:W!Uoco#b,Check sum is ]
test,"%lj{#+5[!p<tL~] ,jFcy8H~~xq}H3]	s
#Z
=KSW?|Q",Check sum is 9
test,@X257a!	ss[+,Check sum is M
test,"y,GGf0xQ?FVcns[cGNiW?O4~gihv?w:vE}x",Check sum is 2
test,3	6.cb%BhK<b}%?	X V@9;?La?@*M*X ]He],Check sum is T
test,"+Uz|
BF0@^(5ds\76n",Check sum is !
test,"dT-Xy:@V$GB{z2+P#	xW%""1d|gV!??",Check sum is $
test,	AQuQ0M\e`](+j>g|cb]gpv-RX5.fg| ,"Check sum is ,"
test,	do-Z2Ar2TJ7AJ6\%vlx,Check sum is K
test,"o[.x_P]Axf\Ub0""/7[:M
[
k""(Xk27me7L+6te5^",Check sum is Z
test,X5/(~)g0&tH;2SO_?Lp9xqB,Check sum is 1
test,P01/#-rx^s  kf,Check sum is \
test,"c|N-;G9/9H8
H`i/N>h*fS5k:#a""fF+fR""Ir^J?",Check sum is Q
test,"""q",Check sum is 3
test,"Ik6@Qz6uP8M*p%7t[6CApzD/3Zc=?u2.Pv7
7M;0Xjou$k",Check sum is ]
test,mQjQ[9]^Qlba<6 kK5!,Check sum is F
test,"q>,8Q`C)//99gQ!|j3:J^cddJE=NlWTFKA[DD#r(
bG?",Check sum is 4
test,"rtm*V/80XjB,5stA=g<O},Y{)r0""",Check sum is 0
test,e}&qjxUdv8r4PzxR`*tmx'oq<v<w>(m13Tq2,Check sum is Y
test,"3 :2cG9I""^.DJ/g_$aa8
lRiuXvXc]qb.(|T3}Xb~4A~`Nt",Check sum is \
test,")z#s[ishp@8r\JQo
ldCNmyW%:	l>n}G+'l!+",Check sum is .
test,2CIxq$9A3`5.^t.8~72#vrPzm^r0vR3J6PsPf+9D4,Check sum is L
test,"K*aM1Ef-amIhcs!?gO?(g1Z
2f+?,k5xg)fb&(",Check sum is F
test,"*X;
#UDb8Z97`UZ/I>JP\3$	O",Check sum is 1
test,TnQwVD8H;|;C##	>RB/V]aJU?`M/{3n.^e*2d]u``x/;9>.,Check sum is =
test,"#nA,F`rO]r*73m)""K&:|""dM2iH",Check sum is =
test,"=/Fg*jyX!Cm0IL;YM%nbxG+h,]C
cA/yPTt2upt||PQ",Check sum is :
test,"\3>1QJJngjYq&`PC])4skVv8wHlv4~c,|x'm2 VXs/pmy*$=A;",Check sum is *
test,"+	ZubX 5F[JyvbI
)i9F2z",Check sum is >
test,"#eD,f*9.PpENx]&\X0BG64TaP=	NS@Gtsh-",Check sum is #
test,"V=oo
4
)[2d5*k |jZ]^hG&xsT8U""#{I)_nT_0*",Check sum is E
test,VGwZ=l}:(kH:6F-@o(5CC6	I\kOC-'i*ajC&]V4==<*N;a,Check sum is +
test,KwB'fNACLWC	+p9bp4WbgLWc.bGFO1:b8r:H&Mt'3y2(,Check sum is +
test,K*OEGP=}	u 5d{B'[3Wzfg +hvG,Check sum is 1
test,X.zINxeC?wB?MKS34l(,Check sum is 4
test,"\8xV;4
VR",Check sum is #
test,j-cICQl(S[p@U%l*E!Fy	X$%zk=w5|w\7WVQS:Q'W^,Check sum is T
test,dtC~Y:?Om^0<cM@ZixIXxG(Vv8wbtRL@YT;$)aJ__,Check sum is Q
test,"pM.@^7SCC;2	~5:t""t+_GIM",Check sum is M
test,Ao4&Y>&cH5O2vAn5)nI{_,Check sum is \
test,7K3z<i,Check sum is 4
test,ar\*qMNH8+**z9bLCYWUc!f,Check sum is W
test,8=,Check sum is U
test,[_J81r7y7{V9)ja#s$]2pee3CqcK'F&~}>W5l	N`	:qf$gaQM,Check sum is [
test,hB{>0 :A.&,"Check sum is """
test,"(
[O`i&89a+'qIsp-,:,Vj&yijht0X0O5!N>;l_R)Jo",Check sum is \
test,'f	SHZGu=xGa-,Check sum is 1
test,OCe.^b|M-[yLo#_]3we/kmoB)mLg\k)UZCw6\,Check sum is $
test,"3-(t>_{k1VSS#TR[|oEr5JZ:r`,",Check sum is #
test,",RR[KzTf5o'rG>fc9-y+.]Di",Check sum is W
test,"l!Jzp]LL(C@N""=L[!o!L",Check sum is R
test,3SoFW*yo;yJdAkb]?%^XDQI(< 5AP,Check sum is S
test,nWj\rP,Check sum is -
test,`G~C,Check sum is H
test,"aK^	:u)2cQ&	j,z#G[:xOnwMILe
[=k8tq}-egT+",Check sum is A
test,	J4vpOgje%5vY]|<8tk?GJf!gmTT,Check sum is :
test,"	4Qm?Yfv~=%W6AUe0/Hpx
-Us6Y.'BB~OOZy""~0h|",Check sum is P
test,ZmX;V6,Check sum is F
test,"'E}""*7]!_9$|kGhx8Fy^]~*Xd~2",Check sum is Z
test,Pyhm[v+O@oGZ,Check sum is Y
test,a*02#cpYU.YyKdzSCO	KNOt<`{%NW_]n%E+$P[fdCf	(Q`sM,Check sum is (
test,%1M7grwp'l	L1!{TiWcdfA5F	s(Ad,Check sum is 5
test,"\Zq*Pr""`wVZ(",Check sum is D
test,"O-QUQS#M1:njGH.$d\4k
Q:lP(""-i",Check sum is J
test,"5C\'T:VIl~MS""`](TvI5_QO4b",Check sum is 6
test,"<A2=uT `R""|Yb{[Dz2dZvNox#{q0~I4:h'`~
@z;|'w-:K*{LU",Check sum is !
test,=S7(F*>d(P_m[`#)i|`:?v46,Check sum is J
test, =hqm:evz@d,Check sum is 6
test,"lV sbj,1=`qC<<KBh>OK!1t.MH|_==n^-zczeMP?Pv%p-",Check sum is +
test,"o""ELEuGh",Check sum is +
test,]Ktp,"Check sum is ,"
test,-h|s*g};ev)3Y#~\=$FX<#_7SFRt1],Check sum is [
test,FK8,Check sum is )
test,"itLlC[z={yQv-VaVgk0G""Ag6vx]D2>I|
@4nn",Check sum is &
test,otw?h;X!#.#LZiAxaPV,Check sum is X
test,"jJbT,X>H:@d\",Check sum is N
test,ryNexMcW.,Check sum is +
test,=7=9^3O!Htx$7h_wiP(fH>qWZ,Check sum is G
test,"E:NAOVC,bQ2(8>qQVvt,EnXE>bZ+zx2yT",Check sum is Y
test,etz6Hp(m\4  <,Check sum is B
test,zg,Check sum is A
test,"&(f
",Check sum is ^
test,"#.DYrs1""jKQ9^a8L"" X|q?L)<S;q@ @1C8*wy",Check sum is $
test,ULn Jv%sZsDLjI7C;?BRfd,Check sum is I
test,"<x|od}
t5QMA>9u	A6nupNoVarQ;eibIh'.sdK",Check sum is ;
test,"ojvu8i""(@qrUj-V?n%i",Check sum is /
test,9wG`LwT9e0B,Check sum is ^
test,"Embl VvH Q,La[ [ %1l
';.#
M#",Check sum is M
test,0bXXNY.e1t/&A(lnOZ+Q2V*gN,Check sum is %
test,"{uEzWl(fmICqHJWR
<XM!BO	RvaXwf,qV%",Check sum is !
test,>h9+#D~,Check sum is O
test,[._;cLWH,Check sum is Q
test,eB,Check sum is G
test,A8,Check sum is Y
test,4jC7O@qQN<qCJW,Check sum is (
test,"	d,",Check sum is 9
test,BK,Check sum is -
test,"	YxQ*)B2vl66pS""O]5i.[	*(g&s}-.S%feU#3KN2	IWD\m",Check sum is :
test,"A#Dc?bazGdJA@N""jR n|G>|c;me1K?3n""^j/#v~~(74J-l sM",Check sum is $
test,eJjxIO:|*B,Check sum is +
test,"Q#TT.h4<
azNCMz<DJ(3=AP}u52gqqD`BOnwTVwoHDxZ""r",Check sum is 0
test,"im&/xJ<s,5uiz[qT-TeHKw{m |FQ)m8",Check sum is .
test,N7U}S3(@l ?9P-	]%8)@!wKD?M,Check sum is E
test,"aWlim{
9b9Uxp[|z@(8",Check sum is !
test,"zp;(l@[eG:|HF}U' DV'F3x,x",Check sum is S
test,",X\OfeL%IX_az+oY:6 >$~vT]|rpm",Check sum is ;
test,"""F:w#""",Check sum is >
test,"QtPAG_,?$btM",Check sum is N
test,6TNnS._K_mqD,Check sum is R
test,"?=I0`\zt~oGBoo-vA`W-r,Yg{PZ6l^MCQI#5u?]DQ`",Check sum is &
test,HZ(7C>U*YHy1)}V,Check sum is (
test,"~Cn=^@+5RPS-jUfAbWGFW[{[wFLe
Vp",Check sum is ^
test,"q_)00S:El`eiv
FN#Y
a}qTd\AT>a;qn_.?7EJ$}[	Pm27udzo",Check sum is /
test,"O#1lOyL0?|$*j""qu*TNi2w'k""Tyx>V`MQ7Pp]!UB}0|q",Check sum is =
test,"6*0'L#-]V;Dy]J2	(&_u|zms	,hN<e",Check sum is D
test,"5c=n>bse4h
OM?YF1vQBq8LR",Check sum is <
test,9j_[/iq!.?_47L6Rur1GXg4nNC,Check sum is C
test,yeWe? 4`x)md`$664zMdAuG,Check sum is +
test,95\&,Check sum is P
test,H!mOJ,Check sum is O
test,:.d7BW	SyCW|qcr[,Check sum is H
test,lcPf}wpZruuoC YeP~*d,Check sum is +
test,2rQ$bBKU	wp]c*,Check sum is W
test, @+SdG	e^dkY8lO0_Aho}n5pH;YG}C}JO#jU'kj,Check sum is ^
test," !i|h;_-3V""",Check sum is  
test,"B]Ojpd\/[#SlcX}a0!wd)+C[.f4,u",Check sum is 4
test,S)G,Check sum is #
test," %4UC
#YrCWhVuRH cw(g&y""\3",Check sum is )
test,"	i73Wc@4>* u}C2,>%zQyTgs#)qHJE",Check sum is .
test,"wn?GL}UiOx}rBJST{re.~m+
cVSqj=]5~4I-\Mh*~m;6V5{A^",Check sum is 5
test,;ZRc4s#,Check sum is 4
test,:T>W}hbe7Zgk',Check sum is 9
test,"\{0TeLIa@*Q*Vhxr,eHD",Check sum is @
test,"v6!~negE.v%%p#Z)O<""$*^*Sx 0Q-3,Y)+uz",Check sum is E
test,"g\i$J8yjLa8XA=qYYmg0LK# m! +unN=5
bTdq68yglu",Check sum is Q
test,|{1?4cZ8-(I	ws,Check sum is A
test,"&{h(4$V{Jx^/:v2j~dO04bNq{C1>*t__BWGUrS3|=Y6,dh~|SE",Check sum is S
test,"""i'w6U
Xdyn~3	Q$KGwu i{",Check sum is 2
test,N$zCMX	>\+% >7j>Q;L^@#8+jH0hF,Check sum is 0
test,"  iI}A*OCX""Ii'FUB0/+LM2",Check sum is Q
test,"2<o$6	>""*S>gS%qQ6Qm1p;B0?~$ds8z
,rsio$iT(Q_u+!;ts",Check sum is W
test,"""t3o/:VZjx",Check sum is S
test,`%gi6jr[Z,Check sum is <
test,$Yh1/*jG,Check sum is @
test,"dW|y<(t WqQ#BI@5FDqPV>m	8xmG0o&
	&	20~*6hQA{b]i",Check sum is !
test,W.,Check sum is %
test,"o{bZMvmp]JLOYai@0:oc(YVW,yO\U2NoE@JCdcDL""F8D+",Check sum is A
test,"`s$78X.g63mvhI""+)u]jacm$3X46|s
,1Vs0Ypb",Check sum is &
test,lqQ1w~EjQh{Zpc\7}cQ`/Ugp:<l,Check sum is %
test,"u5
N;@JV6_8k2#ZChM
}.>$",Check sum is 3
test,*7#,Check sum is $
test,EhKmfwX`cR]~  ]Z\F*(]d==p*x(IA.,Check sum is B
test,"^nrtrG""^	(2k+5",Check sum is 9
test,xyJD{5XL6mKz]DTV*a}~-)e7zz4'3(,Check sum is H
test,"u~Co<g{N1n<+~
SC $PwsoPr;bcZRdlz EeF2xQke3g",Check sum is /
test,`mpIKl#d-EeDm$P;Hn'zt.o{:0X,Check sum is @
test,9%,Check sum is >
test,B[y`ljL=p#K,Check sum is S
test,D3/*6@]Ucp|PE,Check sum is <
test,">z]BdS*_/,39 0	KpEZvsj`)7#:iS1dbYm>Afc","Check sum is """
test,"A\;I""%BC68
o(!,6fmSNd1+/]C}",Check sum is _
test,	P10o,Check sum is I
test,4	tVHLPvtdu%BO<l05w,Check sum is H
test,"?	Q5wsQ(g^KC-J'FC@k,]",Check sum is ?
test,"KASy# :VS(L,?f$L=D""",Check sum is 6
test,;.vGF5e3W,Check sum is 0
test,e`n]C?mI5fhA,"Check sum is ,"
test,jV EBq,Check sum is 8
test,=cctX!x\K\l<vNk	o!oi[4QE(d6\2c]1oc^1x;Jf;ps:,Check sum is U
test,"(2""<'WeZMD&4#Cwqi>	2{7","Check sum is """
test,9/Hwc&` 5z7,Check sum is 6
test,u'{ ZCdY]>QA$>=?FtX)3dfZR`c02:bdHWz&fZ7-AV7,Check sum is 6
test,HqZ_QC{:%gCgZK,Check sum is 6
test,_Q-GvP<>0GSG'Y4VrvYYl gnc;m,Check sum is %
test,iC-5bX,Check sum is (
test,Z~unH{0vS62;u>.Ns#.m]^I-},Check sum is H
test,"sh_W>{CjGht45)7
z|MV-Ug[^Z*7J#}}y",Check sum is #
test,2]dLI)(qD'>,Check sum is S
test,pS8Y2x,Check sum is ^
test,5uM=-Nc&,Check sum is X
test,3\s0,Check sum is R
test,"M,Vfqc!=Gn#G|W)[8.HUw'Y",Check sum is 7
test,"k:""~",Check sum is %
test,EW]9l.OrSE,Check sum is E
test,"IKEq>
/bNT",Check sum is %
test,"xl^O*kV_""",Check sum is ]
test,-	cQFr 8|Kj#m/LT`4^xG&h,Check sum is )
test,QZSN,"Check sum is ,"
test,"42,e$fip FbL""IEX0e\Gqf;<9K.R{Kt`ZF]/9}NbegW<\5*",Check sum is &
test,)7MlVT81dv[<*L80ZRiYc'8!r@8l3<?$]ao:KF+NOhEh0N'f,Check sum is 4
test,%\,Check sum is !
test,c^lfHssvhx,Check sum is 7
test,"""9 =PR7uyIJ>s}zL))	nF_YkQ|`O\?0N#is?:M7@""v8-0k%k5",Check sum is F
test,@?/!Ti	:f\xHz<,Check sum is '
test,"4	AQW<3pv
WoSgKIA\MO5mO6|ev}OF;x@1L=C",Check sum is 2
test,owf-Ym=_N1Vt.c3_/^?7,Check sum is *
test,J?cN+RR?e%3ZKg[k7	Gb$;[?qZ~[=,Check sum is :
test,g^S^^+@*i3>bQ-SW#7 ,Check sum is '
test,"sQ&_jX j	8me1""l$Z",Check sum is E
test,$S><2jMZ(h,Check sum is $
test,U!{s:FGkNdJtMtcR'k0,Check sum is ^
test,e>6zdR#%kN4{<%K.B3(~2[%@]/\|k\))crv4B[1P&)8;|S,Check sum is +
test,"a""x<dMuwtY(G,|F+4SZe<} 0aU(3[HvED`Fzl",Check sum is W
test,"q57t>iCU+	DK[[-0<wBIC6ancBEetnd,C(82H",Check sum is *
test,?P|2RPlz\/S^X:7QI5DKnG2,Check sum is /
test,ttrqt.\Q;[VDgw1?1g|9e14df6XxjjwdKt[TLW8=;bp3rn`,Check sum is T
test,fuN3o/&+rYDFcm^A))QJ~5,Check sum is O
test,"Th%
A@NCxY-c",Check sum is >
test,"6GUxy[Ls*8H-t(|#`:I*~ Pjj/f&:*D1+,Wx70gK ?2V<}Q","Check sum is """
test,"-6]1\PD=M`RT))kll<h^#IN|VOqZJtE^C+CwY
",Check sum is :
test,L'%Jha5Ln u$ ]'~.s^Ev,Check sum is O
test,"<O&_-	%mC
7H mu~c;`yC2)r^
(cEcG-FCtz",Check sum is Q
test,"JBufE)dzG""6W1;?2*9[dZKa?RXybPY-8ES",Check sum is 8
test,z7;ar$/,Check sum is 2
test,V4iK{lWkqTuPJ* ?,Check sum is $
test,@N6vp>>B*`Z2jJb+Tol@ [jI1;`l][A-r_mp*wI?7 Gm@I!x,Check sum is ^
test,@nHs\p3ZB_c@)g?Lv5*z{bUlUz|vIi*-?f&%_+Cv,Check sum is +
test,"v[+,8PNWxc9^o2xRsDZ",Check sum is #
test,sms;d@[J|gSY/F4 gq.!I2n:xIdB[GOhZ<rj\`|,Check sum is C
test,"`P#=K4-GkhQbXUEPp?\:Xlt""2MtxMd'_=7;F}@=E6j)	cX<}*[",Check sum is +
test,"""r	""]D<bT><o`0eu2S.nC{2EEJs)BWIjF>",Check sum is V
test,")CRU""wbj7G[o&>vhJZ=	VA[
O\",Check sum is 3
test,NaRd\C7Ju^6,Check sum is .
test," 9,}9L`[D Rk`Z""NR>KoB&ny0.8DP:*76{n)U^U>",Check sum is Y
test,"p2ni""hRoooD
&T{[>np4;3vm_j(QPns&W&hh74",Check sum is R
test,fvtE,Check sum is 5
test,"&<lvbN8#fK{,I`1
l'h<u+Yf'/DH-+hmvF9w<OItZEO{[",Check sum is H
test,",]17zdB;U]$I7>7%PS2w0+""o$`0-U]L:",Check sum is -
test,"POS.A#`r9pVFBxfi5CxH<ch9,Y^>@x,>NB#q",Check sum is #
test,"rZOd|	p@>`41T%=0m	?I|1*	;Q
Mitqf:
 =",Check sum is S
test,OU~9,Check sum is ;
test,"AzFb8A$X5Wm(W9Y)&3E,x?4}_F/",Check sum is 1
test,"o!+H,p{weF'ED#OV7_(Z","Check sum is ,"
test,81OT]6~_y_j7)MNX0==ixc\`hPQq\	!e,Check sum is @
test,\QI?,Check sum is U
test,"t>F	5Y@K{OD(m:>%w7A\RR,xt""@Be7",Check sum is A
test,%u/+\:-sap/?39Dir\W)=`(K$Skg	&}7VOD1,Check sum is F
test,Tb~e9qXw,Check sum is 2
test,"W`6eEm9?k7lr/j0ZU9sl<S$)n**XkAuX,iITHZbjbM$aZqFG",Check sum is G
test,SX@hZhh1?AC.N	~`l[rfWUVMw	#.v5P\E[vMk3,Check sum is K
test,"\Rf1TZ%	U1
I=*R$&P]|_[|},oR
V)}4J>ZBQ",Check sum is U
test,"NM##%n?%qy\c6`x$gH.jQ""!r_m?D.HzHDU5qz2Vt=xCspI",Check sum is @
test,CSz@0T0r0#uW+=z4J|5eS,Check sum is >
test,yDY)psg-oeL;$x.W,Check sum is R
test,JRU9[D~Ug5uSZeKgs[h,Check sum is G
test,".?L4G<4^
pF/BaGn+@F\M]aWz0I<[`\4l,pMKO0E0yH",Check sum is '
test,gCRMh?;{Q$%`;Q$KmKx#_o,Check sum is \
test,"k\XKm-ebiZ`msPfW?+n~/Rj(K7
H+t8*~wU!",Check sum is $
test,SJi(;Njzi@,Check sum is $
test,(Wd	'Rv3]$NQAt4i4f+<;^;9Kgzz{KcQC&J}|z%H}h	,Check sum is O
test,"rTv]pSHov|
vsKN<jf5ky2}dshbLe./h""N1iQ}
X>mZOh25E`C",Check sum is !
test,"vN<;BJ^,(),zl3M*O(^C@6",Check sum is L
test,n1E6~r*,Check sum is T
test,"83WhE$xLq1>RQ4YzaOHRiAy
W94T.dUR1|X~^Uxp.^O!Cfd{Jb",Check sum is W
test,"hR Q
i5*lS}z9_.}jK<>mY:l./gx_\bRB(LPZ#A6Xb",Check sum is P
test,({K0^.K <JIK%y~P&0E tXJ uo4\:-GpK*?lx#p&,Check sum is O
test,Bh7{5w@T2vz`[=b6,Check sum is .
test,W{dfh%z#i'sqShssq3>e8KIV`X/ |,Check sum is '
test,""",i8	b>$8=}LD4K{:gY};Ugf)f\raN\{:",Check sum is I
test,"glP1D5Y4)E2D\%|=ot's.zY2e%,DvR=Zu]7.%PN",Check sum is [
test,"X%8`eB_n#G&1$saYGaS]M*[KJ'&`_,=?Q",Check sum is ?
test,"p2*vl9rZ	p`gO@1MI2roz	Yk
zY	.G,X9Nb30r;",Check sum is [
test,MV'O+#+#h)<tRi/0v06.&*,Check sum is J
test,"
hSY(*d1}@+N(HV-'jbsFiNCJ4Y+=H1h.I6wj""-b3",Check sum is F
test,"
Ah/,FW",Check sum is K
test,"a
vEa%NxIp,Qw@7UN=}!`NN)Y|c|]}?1QbYT04",Check sum is [
test,96hE;[J2<\P?D-^[Ztl>CV_$iMw_uvQY1AvoY(}%<Dg2`GaU,Check sum is D
test,"0c4%[/3]f<Py22Z! Yd$_x1'c0Cp`P]86z""{o",Check sum is '
test,!6{F?pgTp|I`@PND&c9C3C~:'wr;rbk6YV&Rgl4uzM(,Check sum is ^
test,WkQ?gu?6Y#QLk8u\!A_tM|tmx,Check sum is '
test,\>x&,Check sum is X
test,3~}iFc~Q5U\J-\?c(O_`8Hy[@@{l[!V`bFGlFloyph`Z.'nY,Check sum is P
test,"?
^~Xd_7mH4|>D""pAq3WD!ZbH7`sBz|iG*gYM
m$0e[",Check sum is )
test,"2Qne`6ls
:tI:5PoOxAaN	[ *
]c0_qF8 .d1)/ XxwfA",Check sum is P
test,"%U}5W\Z-!Y>&	W[_0V(uc;=|,u",Check sum is Y
test,"],bv}E><GIA75ToA{F)<o>/~{1B(IbC#",Check sum is %
test,"ZZ}ON,rB'v8[jc0=1EtR!Hj!$`Q5w1e>LX4Z.",Check sum is ]
test,T2BIa8}uN_e)	B 0*80\,Check sum is @
test,2'N?\[5-v(1)rme%co;D*|g=<hzob3(3c@NT'AZzC?re#Cs,Check sum is K
test,N;whf`KljDZ,Check sum is M
test,teme 5W:s)L	&|y p7d:'9v{t+,Check sum is R
test,"n*|`ZpUE6O
zaBOXN$?#T^z8}++s",Check sum is I
test,"PCL*KC
0""",Check sum is S
test,"QkKB7%p%q)Mmb}
NAlqjeooCQ/?NP!cb&"">cZg=KU;2uO",Check sum is .
test,w;|vWuf	ExgMR5g+4\~8YogAZxq*^hxJXL1s>tP~dV,Check sum is 6
test,"<-%
]I#AY{2MpQ.5 ?B:13
u""n[pj)%;;`|",Check sum is \
test,&aUtA?+Uey=Z,Check sum is %
test,YY9L)J5-[,Check sum is G
test,"e""z",Check sum is !
test,E'7,Check sum is C
test,<Z8U,Check sum is C
test,"-{4`R;NOKzWfnG?Xcekm<W,5g{jSCBB.\;fC*WNY=]",Check sum is >
test,"@:T2JBp
iB}W:ws(U$$/n]4[R#!l;1|ah45^",Check sum is Q
test,",Q-h`y*yZ[5$yh[D",Check sum is <
test,"SK Af
wk
Z'.d3uL<z&f+taF!+.9ZRHX?I=bUsGlD y8f(u",Check sum is C
test,eSH/dnfk`@,Check sum is R
test,:N(m,Check sum is =
test,"Fr f	-
Z@L0$01mVagni@*MH6Hbw-pzwF{h>0)!O",Check sum is /
test,"crJ)psLWkfoP`$,W?=:+K !U@Ze""a{",Check sum is D
test,"o`(o~W,iYJ4'wM$J2xC%trqRTNHe
JO_","Check sum is ,"
test,"MA>1|=\E(d`qvK[tRGB:I%Z2Y
39.Scj@3'u*Y(NAZ^8/rq#2[",Check sum is K
test,6lz(6&2KurW/p4A7x9.Iv	TP-}g2wfr003jiH]W ,Check sum is %
test,"hUnRUn- <s
G\knC)@8$+_c",Check sum is W
test,"|&}S?@]{c7U^SJh(Lh7 h5M""i&>%>~?",Check sum is '
test,"x3OHw\B""6iR(Gs<P:
]`A\\ZV1;_+<s",Check sum is G
test,]O,Check sum is L
test,"/$@	*+qhmYM<{""$VJ6@
",Check sum is Z
test,`@!u.,Check sum is D
test,;qa,Check sum is -
test,"0s""2_eH[ Y#)<PAt	<N}[!-y+&*+SVHz\U*|",Check sum is ^
test,"KizQsELc1J@]L(
Hr,ZywWHLQ(%{'Q@S`u[wc",Check sum is %
test,! '0h8Wvfd8$,Check sum is K
test,=Xp5t.g8f+e?3]W/l*2+O1|P,Check sum is %
test,<v0tM)0~m}-Dn\Tv'[rG?Ay=`j`z9V9-w	k',Check sum is %
test,NX}@M/-5TY#WBPk,Check sum is E
test,$e<S-,Check sum is %
test,C)n{<&,Check sum is W
test,"x,0+&8{'	QefV+0WE,&CexhODj	iBBkh3~,2#4",Check sum is W
test,"uvI11;Dj""#;7-V",Check sum is Y
test,"$nUXdLxmUzk&=weXl?;,x?C=RxuvGR5*?Z-iC3",Check sum is  
test,YObe^p0{R(}1]ueC^L%=f+/N,Check sum is D
test,"fc(=Oer;9n#	;G(\ng5""lo(DS
CX)	b%XpCFgmO\",Check sum is <
test,"U:p }/>KyQlrmpz-6.,j{j=$Mz(N[xf#4=",Check sum is *
test,Pahl77NO[|Xpd0@<M#$K[RwUV!D,Check sum is 2
test,"?;Yyc
8%&tK_N?n@",Check sum is 5
test,"P!:jr4YQnS9)9""NQsu+`[Z	<_`[0QC@=:",Check sum is $
test,"""gd
]q_",Check sum is D
test,"2jO,!y'z9#LB5qKwP}BO_s F/|V&AN;'	v%K*IGQ(	5#W;4",Check sum is ;
test,"\1n'^^XnXExr=g>oGgJ(~*^""Yf+R
e1R;neWgi",Check sum is G
