set,input1,output1
train,,Check sum is  
train,	,Check sum is )
train,"
",Check sum is *
train,"B
","Check sum is ,"
train,"

",Check sum is 4
train,"

















































",Check sum is T
train,                                                  ,Check sum is  
train,ssssssssssssssssssssssssssssssssssssssssssssssssss,Check sum is V
train,"CD
CD
CD
CD
CD
CD
CD
CD
CD
CD
CD
CD
CD
CD
CD
CD
CD",Check sum is 7
train,"x
y x
y x
y x
y x
y x
y x
y x
y x
y x
y x
y x
y x
",Check sum is &
train," 
 
 
 
 
 
 
 
 
 
 
 
 
 
 
 
 
 
 
 
 
 
 
 
 
",Check sum is :
train, ,Check sum is @
train,!,Check sum is A
train,"""",Check sum is B
train,#,Check sum is C
train,$,Check sum is D
train,%,Check sum is E
train,&,Check sum is F
train,',Check sum is G
train,(,Check sum is H
train,),Check sum is I
train,*,Check sum is J
train,+,Check sum is K
train,",",Check sum is L
train,-,Check sum is M
train,.,Check sum is N
train,/,Check sum is O
train,0,Check sum is P
train,1,Check sum is Q
train,2,Check sum is R
train,3,Check sum is S
train,4,Check sum is T
train,5,Check sum is U
train,6,Check sum is V
train,7,Check sum is W
train,8,Check sum is X
train,9,Check sum is Y
train,:,Check sum is Z
train,;,Check sum is [
train,<,Check sum is \
train,=,Check sum is ]
train,>,Check sum is ^
train,?,Check sum is _
train,@,Check sum is  
train,A,Check sum is !
train,B,"Check sum is """
train,C,Check sum is #
train,D,Check sum is $
train,E,Check sum is %
train,F,Check sum is &
train,G,Check sum is '
train,H,Check sum is (
train,I,Check sum is )
train,J,Check sum is *
train,K,Check sum is +
train,L,"Check sum is ,"
train,M,Check sum is -
train,N,Check sum is .
train,O,Check sum is /
train,P,Check sum is 0
train,Q,Check sum is 1
train,R,Check sum is 2
train,S,Check sum is 3
train,T,Check sum is 4
train,U,Check sum is 5
train,V,Check sum is 6
train,W,Check sum is 7
train,X,Check sum is 8
train,Y,Check sum is 9
train,Z,Check sum is :
train,[,Check sum is ;
train,\,Check sum is <
train,],Check sum is =
train,^,Check sum is >
train,_,Check sum is ?
train,`,Check sum is @
train,a,Check sum is A
train,b,Check sum is B
train,c,Check sum is C
train,d,Check sum is D
train,e,Check sum is E
train,f,Check sum is F
train,g,Check sum is G
train,h,Check sum is H
train,i,Check sum is I
train,j,Check sum is J
train,k,Check sum is K
train,l,Check sum is L
train,m,Check sum is M
train,n,Check sum is N
train,o,Check sum is O
train,p,Check sum is P
train,q,Check sum is Q
train,r,Check sum is R
train,s,Check sum is S
train,t,Check sum is T
train,u,Check sum is U
train,v,Check sum is V
train,w,Check sum is W
train,x,Check sum is X
train,y,Check sum is Y
train,z,Check sum is Z
train,{,Check sum is [
train,|,Check sum is \
train,},Check sum is ]
train,~,Check sum is ^
train,G.,Check sum is U
train,'[,"Check sum is """
train,TK,Check sum is ?
train,+8,Check sum is C
train,8m,Check sum is E
train,ZI,Check sum is C
train,6J,Check sum is  
train,~b,Check sum is @
train,eK,Check sum is P
train,fd,Check sum is *
train,XX,Check sum is P
train,qs,Check sum is D
train,tk,Check sum is ?
train,@B,"Check sum is """
train,ZC,Check sum is =
train,G ,Check sum is G
train,^#,Check sum is !
train,Y8,Check sum is 1
train,Oe,Check sum is T
train,	p,Check sum is Y
train,f.,Check sum is 4
train,	N,Check sum is 7
train,Kw,"Check sum is """
train,=c,Check sum is @
train,%o,Check sum is 4
train,5z,Check sum is O
train,"H""",Check sum is J
train,RT,Check sum is F
train,S?,Check sum is 2
train,9_,Check sum is 8
train,DT,Check sum is 8
train,q6,Check sum is G
train,d=,Check sum is A
train,Ga,Check sum is H
train,NX,Check sum is F
train,",N",Check sum is Z
train,?-,Check sum is L
train,u7,Check sum is L
train,5W,"Check sum is ,"
train,-7,Check sum is D
train,3),Check sum is <
train,\2,Check sum is .
train,fE,Check sum is K
train,F;,Check sum is !
train,nw,Check sum is E
train,Qz,Check sum is +
train,T&,Check sum is Z
train,S],Check sum is P
train,Xk,Check sum is #
train,_D,Check sum is C
train,u$,Check sum is 9
train,Uc,Check sum is X
train,OT,Check sum is C
train,I&,Check sum is O
train,W0,Check sum is '
train,[!r,Check sum is N
train,<@?,Check sum is [
train,)ZK,Check sum is .
train,Bd],Check sum is #
train,PzI,Check sum is 3
train,j*L,Check sum is @
train,AoN,Check sum is ^
train, AT,Check sum is U
train,"
T~",Check sum is <
train,%ai,Check sum is O
train,hdy,Check sum is %
train,3kG,Check sum is E
train,//6,Check sum is 4
train,-rK,Check sum is J
train,Sj\,Check sum is 9
train,MUo,Check sum is 1
train,Z^-,Check sum is E
train,Hc{,Check sum is F
train,4(m,Check sum is )
train,"f
E",Check sum is U
train,eFi,Check sum is 4
train,IUZ,Check sum is X
train,9k5,Check sum is 9
train,}J*,Check sum is Q
train,pDZ,Check sum is .
train,dSG,Check sum is ^
train,HL^,Check sum is R
train,uHp,Check sum is M
train,pO/,Check sum is N
train,[KS,Check sum is Y
train,)Nd,Check sum is ;
train,z@P,Check sum is *
train,mKr,Check sum is J
train,=6},Check sum is P
train,5TK,Check sum is 4
train,ll<,Check sum is 4
train,cxW,Check sum is R
train,2BO,Check sum is #
train,wz6,Check sum is G
train,ZS2,Check sum is ?
train,2/m,Check sum is .
train,]/^,Check sum is J
train,"VR
",Check sum is R
train,r(E,Check sum is ?
train,"<K,",Check sum is S
train,"u2""",Check sum is )
train,0S^,Check sum is A
train,~3^,Check sum is /
train,55-,Check sum is 7
train,y\D,Check sum is 9
train,x2*w\n76b#):2LQT?\upOBx|c'T~3lJ$Z}ZK5u0?ih-i2Z!Y%,Check sum is B
train,"ss!>n `V,mx
-}mkkA_#E-FF= *X>#vk|':UU{BV",Check sum is -
train,@a+%V#4h{g4:4A\.*.\'$W:G6NJu@+A@(/h`ju,Check sum is 9
train,Uw!LqnqR<VsAxmz/ql+?c$]$B'.&,Check sum is [
train,"`,^
e.]_I}1dBHBMA",Check sum is X
train,"#Jd=U63+,V`&j~2 Q\{/FxfXbS?,M]",Check sum is 6
train,$BnL\U,Check sum is 1
train,"f~X""N)Dk@gfE5HNz`1[nT>.MEfv3Js-G@2+""",Check sum is &
train,"~&4v!FZ5.32!8pI	X8BGA3t""p""p4f^e)J	Z&dd#rR",Check sum is ?
train, \~IQw=hW6,Check sum is ]
train,j;ND+Fjm|y4$$	ojM:2IJKyo8O6+55,Check sum is C
train,"""Tx_^oTP#jk wU'IMkYI",Check sum is L
train,;]Gwt4PYQNO@(P{{QU*^Q~RN~B!+SG8e!Yw7h&*6e'('-,Check sum is !
train,ici}N&N1MdS?vPNI!q,Check sum is 7
train,"FOv7XF.iDV>OR4c\!	4,=kf?rscl",Check sum is N
train,"<MfyrTWrcmTru,1zT_Lr7
C<L T}c<JKYzm~b#&3X;
hWZ-`B",Check sum is <
train,"		,!;vH&+'1p1o!I	usA8",Check sum is E
train,:?SdA.GGIfI!|'?mrYmiF,Check sum is \
train,VMK!^PpQB)L_xg,Check sum is S
train,"<+VI#;
FnmODL_QwC;
-Jnn",Check sum is P
train,"Z27:>6%g}%
'f)aIHn-&5cAeU_2hC,+%
FImy}
PX",Check sum is +
train,=1^p855a-x)3]f8w!|\-oDuT,Check sum is 4
train,`hP!p|<>A.>L=H|nbH|.CK`3)DZ;)j-]n[e8J2v$=&|I,Check sum is _
train,"sS|f	#oQ>bw%:KnO&nQ@8'nD	h|<yasI""$$-M5H<f`6..T'CD<",Check sum is Z
train,"W4b@}okx9h-D m$hOlLN?YA.D}Q!q<\Q5WXo3
%",Check sum is %
train,6Y,Check sum is /
train,v3a>UyPz8nraP2yon.Xwj gj9w,Check sum is Y
train,"psI(}_S-NJpisSH`_[ h]Gr	,C",Check sum is ?
train,}r&f8	!={/lC2in}-kt1N+Bb$,Check sum is W
train, D_}t~cE<V{-S|Hft'z,Check sum is F
train,">=5G{XI`;7	""2C,`
4)g7zdDl<S&Hh]7mnA]blVp<|>8	*",Check sum is +
train,"5)}I7hQlJ|9SY'UMqt?4(s6e_Qc[H63|7^E,5n",Check sum is &
train,"73 /$l\8_f
+`&T\6W-_",Check sum is F
train,%Rhi-(L`K=<=.\2}8e!$c,Check sum is (
train,q;dNBBDC?+01UyO9>0;IgV,Check sum is Y
train,"Q)N|W V] D${.V&j4kmoKJ!Jm!Z>Zy,\Nx<",Check sum is #
train,"0	h;I~G?.\8C6;~)
0CN
iJP^VWy&VI*t%hfII0p#jNZMv~8",Check sum is 8
train,"X<zk|KpJ~ZaH
	
7^*+&3w4",Check sum is &
train,"
\,QZ7",Check sum is T
train,UW2diIGGECVJCY~G4,Check sum is _
train,"m3
5R>pbgIv`2KU$s.bg*""""B1F8\GimeW",Check sum is [
train,"gp|]oJr/R~YW""&Lr$^Rf!%w[qheJ+rk5`=JOc+cwq6Cz>Sb",Check sum is <
train,"C$kS>h3^s1
8petBc",Check sum is P
train,"nm!ACN[M""M/eJNX+/>Fd[q	95w{vj^KY,NyNKhW""qY[O|{bl8_",Check sum is _
train,#`@OZ7zn9MAT\b	?NoxZA-3,Check sum is <
train,av.,Check sum is %
train,"1WP=W~hR4f%:;s6qTp!Y	fJ#B3ezu8""Qm|Jg.""My=?ZM-X",Check sum is 8
train,"$?aQwB>"" KXywLdE0g2`v]M)[^ah",Check sum is *
train,aZFfXC9:nSmgjv}]e	8{z-s@d?l&,Check sum is T
train,"XtccZz`
Y)I|3FGxT7",Check sum is :
train," `K*B^Naz+
K2aW,",Check sum is 4
train,AH9,"Check sum is """
train,~dCa~6I00#iJ>{^i[;@[zoQ;SSH~tJe}u}V'BTdC><Uy,Check sum is ?
train,h9W[^G)@|qhBr@'F+AS#!&y)=gPWCoQNGcx}tId=v){l!O!aiY,Check sum is U
train,K-2~}oTsp`8PoRgH;'GF}x$Mm*K:?,Check sum is 3
train,O_a:A0I,Check sum is #
train,rz,Check sum is L
train,"a;pK8|2w""/8V,n`z#R""gS{j?13oq&Jk#MI",Check sum is 4
train,L6r9-3~WP~f-S/M}2/_s=l,Check sum is K
train,L6((4Tl[];O8393miHL>%QNm=UrQ!HW[|HS|O55	,Check sum is ]
train,e@9)-~RuEX,Check sum is 6
train,-#KOGd:Q$3#EG8~[+9n3OG6#O2f?_+?3y7	lq23=	QCS?tjR-J,Check sum is ;
train,"JTQ6j ('[U=hb,sR/2w[n/?jMIF)",Check sum is D
train,qLV\|^l|o9OxoiaZG<3C2://UC\rlG,Check sum is /
train,"3Fb\B]x,#Dyz%\kSSG|'?|a\g",Check sum is O
train,";	2xk!po,S_YM9m@~q}",Check sum is O
train,"P`ZLV]#_quwqi$/2~`tT,gSC`~FUa}b]j8.4qF&kaQ	C,G2+""`",Check sum is (
train,"B;/UXh0lkn8wM}>A?4_I:;}3:QGv~>kcV5""E.W{75%tEja
iFA",Check sum is !
train,-{SL!,Check sum is H
train,"b
\a)i<4p:;BAXmHOY2hBtE1>""2a43HT40N}~K{u:DLo1D",Check sum is :
train,"Lx<7`3gMN#BX<K>nK}PJ(KUkR;:5>k!#4>e0Gy.F*I,U=G'p2?",Check sum is U
train,"sA#niNt""tr""?o+{esI&\5:zh2#lVqSvh`:?a,BPZ&drgT	'L",Check sum is @
train,"c""U>kr3S` U'9j8`@Ezc[O&$QAKiO}FtsQG[Q`4N%{:",Check sum is '
train, \fUMRK]cz<-G&Uu-GX$y>'=0x>iWqw%XQ8~y4$O;,Check sum is S
train,Z;=Cs+Lzi_l`bv?T )dzi@%BnD__&/=BcCJ,Check sum is C
train,")%{E
MsL!Ymo7'ANONI$.xS82vY5uImb*>%lv%:KBgg;k33",Check sum is :
train,x5\=,Check sum is &
train,"92]#{C3lSgQd%~R,I{|9bRb=Cj%:?Ka`iD8%*t""/ip.",Check sum is [
train,.Eywt<3oZN,Check sum is =
train,"xm>yKYTl2*XVPI\w,S""",Check sum is 7
train,":3S&sx@7DCH!'l5[Wg;b3m/v?""m{Qe6]>QE?Rp",Check sum is B
train,"?S08G""/n46MB<m<&{p^-5Y-5NugZXJ	",Check sum is 9
train,"IVKVjT=$/U/y5G,)W[xE8?eF\QyUCEhDlL?i8zR4
=v.",Check sum is ?
train,"y<).XSg=]P$k9B}!H k.$,yIAwA,'9|Xc",Check sum is _
train,";h^=T0L<as/6}8=:v4=^>h2dHyJSV;
 6cAraX^IAi(wu7$W",Check sum is E
train,"~C,O.%)W))",Check sum is A
train,"QAmw""y:Q>:jP?e[%|Q6\_eBk^t#!9eNFEX+3^DjX0:[H$|2Zm",Check sum is /
train,g)30n\,Check sum is ]
train,nISkpSTZ<},Check sum is ?
test,S8,Check sum is +
test,)B,Check sum is K
test,^O,Check sum is M
test,hR,Check sum is Z
test,HO,Check sum is 7
test,o#,Check sum is 2
test,Y<,Check sum is 5
test,.W,Check sum is %
test,	M,Check sum is 6
test,ZZ,Check sum is T
test,g*,Check sum is 1
test,W7,Check sum is .
test,DJ,Check sum is .
test,Ib,Check sum is K
test,3<,Check sum is O
test,<t,Check sum is P
test,a ,Check sum is !
test,sj,Check sum is =
test,pC,Check sum is S
test,Y',Check sum is  
test,z1,Check sum is K
test,vF,Check sum is \
test,|F,"Check sum is """
test,p0,Check sum is @
test,&\,"Check sum is """
test,S!,Check sum is T
test,MO,Check sum is <
test,kw,Check sum is B
test,+1,Check sum is <
test,dC,Check sum is G
test,\G,Check sum is C
test,^-,Check sum is +
test,pm,Check sum is =
test,#(,Check sum is +
test,uy,Check sum is N
test,R],Check sum is O
test,\L,Check sum is H
test,Aj,Check sum is K
test,$C,Check sum is G
test,Gi,Check sum is P
test,[},Check sum is 8
test,Ya,Check sum is Z
test,Je,Check sum is O
test,3n,Check sum is A
test,X],Check sum is U
test,u`,Check sum is 5
test,Dz,Check sum is ^
test,dO,Check sum is S
test,fX,Check sum is ^
test,KP,Check sum is ;
test,pv,Check sum is F
test,*S,Check sum is ]
test,	3,Check sum is \
test,sP,Check sum is #
test,IB,Check sum is +
test,/J,Check sum is Y
test,]F,Check sum is C
test,IB,Check sum is +
test,+_,Check sum is *
test,b:,Check sum is <
test,^f,Check sum is $
test,mO,Check sum is \
test,~T,Check sum is 2
test,vq,Check sum is G
test,s/,Check sum is B
test,@o,Check sum is O
test,S7,Check sum is *
test,LO,Check sum is ;
test,ur,Check sum is G
test,&g,Check sum is -
test,`&,Check sum is &
test,x3,Check sum is K
test,w:,Check sum is Q
test,'{,Check sum is B
test,~R,Check sum is 0
test,[B,Check sum is =
test,u9,Check sum is N
test,c_,"Check sum is """
test,'L,Check sum is S
test,[p,Check sum is +
test,*x,Check sum is B
test,d3,Check sum is 7
test,=1,Check sum is N
test,S!,Check sum is T
test,o|,Check sum is K
test,'',Check sum is .
test,>},Check sum is [
test,"',",Check sum is 3
test,*F,Check sum is P
test,~Z,Check sum is 8
test,+P,Check sum is [
test,",5",Check sum is A
test,9},Check sum is V
test,9*,Check sum is C
test,zE,Check sum is _
test,IK,Check sum is 4
test,t-,Check sum is A
test,-H,Check sum is U
test,6(,Check sum is >
test,s#,Check sum is 6
test,G|,Check sum is #
test,^o,Check sum is -
test,Wg,Check sum is ^
test,o|,Check sum is K
test,m8,Check sum is E
test,nj,Check sum is 8
test,*8,Check sum is B
test,|8,Check sum is T
test,EP,Check sum is 5
test,2X,Check sum is *
test,5~,Check sum is S
test,Zk,Check sum is %
test,^s,Check sum is 1
test,~|,Check sum is Z
test,_y,Check sum is 8
test,6l,Check sum is B
test,(9,Check sum is A
test,Tf,Check sum is Z
test,cx,Check sum is ;
test,l.,Check sum is :
test,di,Check sum is -
test,J=,Check sum is '
test,Ik,Check sum is T
test,V6,"Check sum is ,"
test,d?,Check sum is C
test,I:,Check sum is #
test,6d,Check sum is :
test,_S,Check sum is R
test,eX,Check sum is ]
test,Q3,Check sum is $
test,"h""",Check sum is *
test,	a,Check sum is J
test,X$,Check sum is \
test,zy,Check sum is S
test,xZ,Check sum is 2
test,;^,Check sum is 9
test,:&,Check sum is @
test,o},Check sum is L
test,9=,Check sum is V
test,d?,Check sum is C
test,I',Check sum is P
test,U8,Check sum is -
test,/~,Check sum is M
test,OU,Check sum is D
test,>x,Check sum is V
test,p&,Check sum is 6
test,%M,Check sum is R
test,"e""",Check sum is '
test,;&,Check sum is A
test,p ,Check sum is 0
test,$`,Check sum is $
test,9.,Check sum is G
test,=_,Check sum is <
test,'+,Check sum is 2
test,r	,Check sum is [
test,Un,Check sum is #
test,t_,Check sum is 3
test,Pd,Check sum is T
test,"""y",Check sum is ;
test,}=,Check sum is Z
test,lD,Check sum is P
test,GK,Check sum is 2
test,Dk,Check sum is O
test,6j,Check sum is @
test,Ce,Check sum is H
test,	b,Check sum is K
test,oH,Check sum is W
test,Ue,Check sum is Z
test,=7,Check sum is T
test,@`,Check sum is @
test,:K,Check sum is %
test,oz,Check sum is I
test,\|,Check sum is 8
test,LJ,Check sum is 6
test,cn,Check sum is 1
test,$t,Check sum is 8
test,O9,Check sum is (
test,Et,Check sum is Y
test,I],Check sum is F
test,4J,Check sum is ^
test,<w,Check sum is S
test,v8,Check sum is N
test,2M,Check sum is _
test,0<,Check sum is L
test,kf,Check sum is 1
test,0L,Check sum is \
test,*p,Check sum is :
test,@l,Check sum is L
test,zK,Check sum is %
test,c1,Check sum is 4
test,tj,Check sum is >
test,:z,Check sum is T
test,jn,Check sum is 8
test,Hf,Check sum is N
test,6s,Check sum is I
test,7E,Check sum is \
test,rn,Check sum is @
test,'6,Check sum is =
test, ~,Check sum is >
test,PK,Check sum is ;
test,E0,Check sum is U
test,$1,Check sum is 5
test,kO,Check sum is Z
test,*e,Check sum is /
test,:%,Check sum is ?
test,;*,Check sum is E
test,.O,Check sum is ]
test,"""J",Check sum is L
test,Ck,Check sum is N
test,%r,Check sum is 7
test,}C,Check sum is  
test,e:,Check sum is ?
test,"^
",Check sum is H
test,;3,Check sum is N
test,0i,Check sum is 9
test,z+,Check sum is E
test,30,Check sum is C
test,SU,Check sum is H
test,5I,Check sum is ^
test,qo,Check sum is @
test, j,Check sum is *
test,3),Check sum is <
test,mx,Check sum is E
test,Q|,Check sum is -
test,O6,Check sum is %
test,+R,Check sum is ]
test,Y*,Check sum is #
test,4S,Check sum is '
test,_Q,Check sum is P
test,[1,"Check sum is ,"
test,&y,Check sum is ?
test,$T,Check sum is X
test,s%,Check sum is 8
test,-r,Check sum is ?
test,|W,Check sum is 3
test,BE,Check sum is '
test,}#,Check sum is @
test,Eg,Check sum is L
test,Z0,Check sum is *
test,Rx,Check sum is *
test,Y+,Check sum is $
test,"q""",Check sum is 3
test,x],Check sum is 5
test,B!,Check sum is C
test,8S,Check sum is +
test,2N,Check sum is  
test,\t,Check sum is 0
test,zu,Check sum is O
test,q7,Check sum is H
test,vM,Check sum is #
test,Rm,Check sum is _
test,o#,Check sum is 2
test,8L,Check sum is $
test,ET,Check sum is 9
test,:8,Check sum is R
test,96,Check sum is O
test,)P,Check sum is Y
test,k%,Check sum is 0
test,na,Check sum is /
test,8],Check sum is 5
test,'2,Check sum is 9
test,/h,Check sum is 7
test,`K,Check sum is K
test,=$,Check sum is A
test,$X,Check sum is \
test,P/,Check sum is _
test,9U,Check sum is .
test,ic,"Check sum is ,"
test,G	,Check sum is 0
test,|^,Check sum is :
test,e5,Check sum is :
test,kc,Check sum is .
test,R;,Check sum is -
test,IB,Check sum is +
test,-	,Check sum is V
test,?;,Check sum is Z
test,z_,Check sum is 9
test,)u,Check sum is >
test,}F,Check sum is #
test,s),Check sum is <
test,=Z,Check sum is 7
test,Kc,Check sum is N
test,Qg,Check sum is X
test,wu,Check sum is L
test,",&",Check sum is 2
test,+M,Check sum is X
test,[3,Check sum is .
test,uI,Check sum is ^
test,9v,Check sum is O
test,@C,Check sum is #
test,$1,Check sum is 5
test,! ,Check sum is !
test,t0,Check sum is D
test,o*,Check sum is 9
test,|B,Check sum is ^
test,e#,Check sum is (
test,Dq,Check sum is U
test,d#,Check sum is '
test,- ,Check sum is -
test,<|,Check sum is X
test,e6,Check sum is ;
test,]?,Check sum is <
test,!l,Check sum is -
test,.o,Check sum is =
test,a-,Check sum is .
test,O;,Check sum is *
test,/t,Check sum is C
test, },Check sum is =
test,$K,Check sum is O
test,iX,Check sum is !
test,"
z",Check sum is $
test,C},Check sum is  
test,rU,Check sum is '
test,t ,Check sum is 4
test,h8,Check sum is @
test,"',",Check sum is 3
test,;f,Check sum is A
test,2S,Check sum is %
test,\ ,Check sum is \
test,O9,Check sum is (
test,6Y,Check sum is /
test,vk,Check sum is A
test,j*,Check sum is 4
test,0a,Check sum is 1
test,B{,Check sum is ]
test,",-",Check sum is 9
test,_!,Check sum is  
test,pp,Check sum is @
test,A4,Check sum is U
test,Tx,"Check sum is ,"
test,$2,Check sum is 6
test,VD,Check sum is :
test,oY,Check sum is (
test,D@,Check sum is $
test,VJ,Check sum is @
test,Rr,Check sum is $
test,"
9",Check sum is #
test,O$,Check sum is S
test,Ep,Check sum is U
test,rH,Check sum is Z
test,OX,Check sum is G
test,N	,Check sum is 7
test,3G,Check sum is Z
test,]J,Check sum is G
test,|`,Check sum is <
test,My,Check sum is &
test,%l,Check sum is 1
test,C_,Check sum is B
test,dd,Check sum is (
test,#K,Check sum is N
test,">""",Check sum is @
test,J^,Check sum is H
test,KU,Check sum is @
test,Vu,Check sum is +
test,[S,Check sum is N
test,p:,Check sum is J
test,v{,Check sum is Q
test,IK,Check sum is 4
test,S4,Check sum is '
test,P@,Check sum is 0
test,#d,Check sum is '
test,)_,Check sum is (
test,yj,Check sum is C
test,MU,Check sum is B
test,1Z,Check sum is +
test,$_,Check sum is #
test,>+,Check sum is I
test,AB,Check sum is #
test,r1,Check sum is C
test,qO,Check sum is  
test,-i,Check sum is 6
test,0R,"Check sum is """
test,"_
",Check sum is I
test,W ,Check sum is W
test,bU,Check sum is W
test,hI,Check sum is Q
test,WA,Check sum is 8
test,]Y,Check sum is V
test,0D,Check sum is T
test,dm,Check sum is 1
test,<!,Check sum is =
test,2\,Check sum is .
test,4a,Check sum is 5
test,sA,Check sum is T
test,\b,Check sum is ^
test,`P,Check sum is P
test,)|,Check sum is E
test,uk,Check sum is @
test,"""""",Check sum is $
test,O*,Check sum is Y
test,'E,Check sum is L
test,"[
",Check sum is E
test,Q2,Check sum is #
test,<E,Check sum is !
test,5k,Check sum is @
test,$k,Check sum is /
test,pn,Check sum is >
test,"""@",Check sum is B
test,3R,Check sum is %
test,dR,Check sum is V
test,eN,Check sum is S
test,ur,Check sum is G
test,!w,Check sum is 8
test,)	,Check sum is R
test,?g,Check sum is F
test,K6,Check sum is !
test,NO,Check sum is =
test,\s,Check sum is /
test,"""1",Check sum is 3
test,9	,"Check sum is """
test,/m,Check sum is <
test,4s,Check sum is G
test,J[,Check sum is E
test,]q,Check sum is .
test,*k,Check sum is 5
test,~~,Check sum is \
test,#j,Check sum is -
test,<u,Check sum is Q
test,Wz,Check sum is 1
test,BD,Check sum is &
test,6A,Check sum is W
test,4f,Check sum is :
test,J/,Check sum is Y
test,x~,Check sum is V
test,.#,Check sum is 1
test,M>,Check sum is +
test,9},Check sum is V
test,1Q,"Check sum is """
test,	6,Check sum is _
test, (,Check sum is (
test,gs,Check sum is :
test,%Z,Check sum is _
test,P&,Check sum is V
test,<q,Check sum is M
test,'>,Check sum is E
test,2B,Check sum is T
test,#R,Check sum is U
test,64,Check sum is J
test,cV,Check sum is Y
test,]L,Check sum is I
test,zM,Check sum is '
test,"y""",Check sum is ;
test,.k,Check sum is 9
test,",G",Check sum is S
test,o ,Check sum is /
test,V),Check sum is _
test, L,Check sum is L
test,4g,Check sum is ;
test,-4,Check sum is A
test,",""",Check sum is .
test,U^,Check sum is S
test,`_,Check sum is _
test,Fh,Check sum is N
test,:/,Check sum is I
test,>7,Check sum is U
test,0;,Check sum is K
test,4&,Check sum is :
test,D:,Check sum is ^
test,D-,Check sum is Q
test, k,Check sum is +
test,[D,Check sum is ?
test,D!,Check sum is E
test,hj,Check sum is 2
test,t4,Check sum is H
test,6 ,Check sum is 6
test,dC,Check sum is G
test,zV,Check sum is 0
test,zC,Check sum is ]
test,]s,Check sum is 0
test,K;,Check sum is &
test,6:,Check sum is P
test,zy,Check sum is S
test,",{",Check sum is G
test,5/,Check sum is D
test,go,Check sum is 6
test,%+,Check sum is 0
test,`',Check sum is '
test,M*,Check sum is W
test,w0,Check sum is G
test,M/,Check sum is \
test,~C,Check sum is !
test,$x,Check sum is <
test,<0,Check sum is L
test,Lb,Check sum is N
test,~=,Check sum is [
test,D4,Check sum is X
test,:W,Check sum is 1
test,YW,Check sum is P
test,+*,Check sum is 5
test,O4,Check sum is #
test,us,Check sum is H
test,Fz,Check sum is  
test,:B,Check sum is \
test,_-,"Check sum is ,"
test,C@,Check sum is #
test,ki,Check sum is 4
test,	#,Check sum is L
test,1$,Check sum is 5
test,bW,Check sum is Y
test,YR,Check sum is K
test,`J{,Check sum is E
test,1	h,Check sum is B
test,*_9,"Check sum is """
test,2 .,Check sum is  
test,?Au,Check sum is U
test,H9e,Check sum is F
test,tF	,Check sum is #
test,XaI,"Check sum is """
test,PU.,Check sum is 3
test,jS?,Check sum is \
test,j{ ,Check sum is %
test,.`H,Check sum is 6
test,b]a,Check sum is @
test,R:},Check sum is )
test,S)r,Check sum is N
test,eBc,Check sum is *
test,\80,Check sum is $
test,+*Y,Check sum is N
test,2(?,Check sum is 9
test,(iW,Check sum is H
test,Qy	,Check sum is 3
test,nuH,Check sum is K
test,~4u,Check sum is G
test,iGu,Check sum is E
test,Aof,Check sum is 6
test,b{4,Check sum is 1
test,h!u,Check sum is ^
test,$!Q,Check sum is 6
test,x]<,Check sum is 1
test,"c,+",Check sum is Z
test,XC#,Check sum is ^
test,+/%,Check sum is _
test,ey`,Check sum is ^
test,bWw,Check sum is P
test,|d*,Check sum is *
test,en	,Check sum is <
test,SgK,Check sum is %
test,8FP,Check sum is .
test,WS-,Check sum is 7
test,	mZ,Check sum is 0
test,"4/
",Check sum is M
test,.L',Check sum is A
test,n'[,Check sum is P
test,)&q,Check sum is  
test,a&M,Check sum is 4
test,O@P,Check sum is ?
test,\#S,Check sum is 2
test,Y94,Check sum is &
test,x>],Check sum is 3
test,Dnj,Check sum is <
test,8w],"Check sum is ,"
test,"l""y",Check sum is '
test,d% ,Check sum is I
test,aS6,Check sum is J
test,<'#,Check sum is &
test,*u`,Check sum is _
test,r}p,Check sum is ?
test,A!	,Check sum is K
test,t +,Check sum is _
test,bh0,Check sum is Z
test, uP,Check sum is E
test,nCr,Check sum is C
test,n>W,Check sum is #
test,AXy,Check sum is 2
test,axs,"Check sum is ,"
test,9<T,Check sum is )
test,TII,Check sum is F
test,qK2,Check sum is N
test,M(j,Check sum is ?
test,"""ki",Check sum is V
test,)T?,Check sum is \
test,v/&,Check sum is +
test,5~9,Check sum is L
test,_e@,Check sum is $
test,W<7,Check sum is *
test,wot,Check sum is :
test,?n1,Check sum is >
test,B;+,Check sum is H
test,"v,!",Check sum is #
test,"?:
",Check sum is #
test,Rt$,Check sum is J
test,"$""w",Check sum is ]
test,3x[,Check sum is &
test,2D:,Check sum is P
test,B%I,Check sum is P
test,f$D,Check sum is .
test,tum,Check sum is 6
test,INm,Check sum is $
test,7D{,Check sum is V
test,$Lw,Check sum is G
test,9uQ,Check sum is _
test,"v""<",Check sum is 4
test,_a-,Check sum is M
test,@&t,Check sum is :
test,'qA,Check sum is 9
test,R3D,Check sum is )
test,M`5,Check sum is B
test,4B2,Check sum is H
test,h[L,Check sum is /
test,]d	,Check sum is *
test,v=j,Check sum is =
test,U0J,Check sum is /
test,6|u,Check sum is G
test,Q1Y,Check sum is ;
test,1R;,Check sum is ^
test,I V,Check sum is _
test,>E(,Check sum is K
test,+?^,Check sum is (
test,91(,Check sum is 2
test,I-i,Check sum is ?
test,~4m,Check sum is ?
test,"E""L",Check sum is S
test,/eI,Check sum is =
test,hsY,Check sum is T
test,KaM,Check sum is Y
test,j>Z,"Check sum is """
test,NDq,Check sum is #
test,XkF,Check sum is )
test,L;#,Check sum is J
test,A'~,Check sum is F
test,Nc!,Check sum is 2
test,-(z,Check sum is /
test,HRX,Check sum is R
test,\!T,Check sum is 1
test,jll,"Check sum is """
test,]j`,Check sum is G
test,''g,Check sum is U
test,iq0,Check sum is *
test,v-	,Check sum is L
test,Q)H,"Check sum is """
test,@1',Check sum is 8
test,oU?,Check sum is #
test,W4r,Check sum is ]
test,?TY,Check sum is L
test,Jg[,"Check sum is ,"
test,G_|,Check sum is B
test,C(<,Check sum is G
test,y_T,Check sum is L
test,zt(,Check sum is 6
test,yPU,Check sum is >
test,Ll',Check sum is ?
test,"""yj",Check sum is %
test,uQN,Check sum is 4
test,|>T,Check sum is .
test,8O=,Check sum is $
test,Z7/,Check sum is  
test,sf*,Check sum is #
test,nQ3,Check sum is R
test,Hi),Check sum is :
test,/8/,Check sum is 6
test,'D6,Check sum is A
test,CfQ,Check sum is Z
test,S#E,Check sum is [
test,`6m,Check sum is #
test,=gw,Check sum is ;
test,VBq,Check sum is )
test,+7q,Check sum is 3
test,XRG,Check sum is Q
test,jw^,Check sum is _
test,!O	,Check sum is Y
test,X+	,"Check sum is ,"
test,~<B,Check sum is \
test,QAr,Check sum is $
test,T8],Check sum is I
test,*u^,Check sum is ]
test,v=n,Check sum is A
test,(YH,Check sum is )
test,8FB,Check sum is  
test,"d""z",Check sum is  
test,7y!,Check sum is 1
test,0U2,Check sum is W
test,:V\,Check sum is L
test,Q1{,Check sum is ]
test,0O=,Check sum is \
test,>YK,Check sum is B
test,X=e,Check sum is Z
test,zJl,Check sum is P
test,=91,Check sum is G
test,Sx\,Check sum is G
test,-b	,Check sum is 8
test,8R!,Check sum is K
test,FcL,Check sum is U
test,3x7,Check sum is B
test,F/J,Check sum is _
test,=t	,Check sum is Z
test,)~	,Check sum is P
test,On7,Check sum is T
test,vd+,Check sum is %
test,u =,Check sum is 2
test,	qH,"Check sum is """
test,BQe,Check sum is X
test,gdy,Check sum is $
test,C[-,Check sum is +
test,`t ,Check sum is T
test,e&7,"Check sum is """
test,"%""2",Check sum is Y
test,)I(,Check sum is :
test,+x0,Check sum is 3
test,:*r,Check sum is 6
test,7V{,Check sum is (
test,-9o,Check sum is 5
test,=C^,Check sum is >
test,}Z@,Check sum is 7
test,"*c
",Check sum is 7
test,*`8,"Check sum is """
test,@eJ,Check sum is O
test,Hma,Check sum is 6
test,B3;,Check sum is P
test,B}g,Check sum is F
test,iFp,Check sum is ?
test,LAq,Check sum is ^
test,G)Z,Check sum is *
test,v>Z,Check sum is .
test,}|{,Check sum is T
test, uZ,Check sum is O
test,)9 ,"Check sum is """
test,G	/,Check sum is _
test,Z%4,Check sum is S
test,L?{,Check sum is &
test,$OM,Check sum is  
test,c;y,Check sum is 7
test,Av|,Check sum is S
test,Nqx,Check sum is W
test,u_J,Check sum is >
test,Zk~,Check sum is #
test,""":P",Check sum is L
test,`_X,Check sum is 7
test,\zg,Check sum is ]
test,2F6,Check sum is N
test,Oct,Check sum is F
test,8LX,Check sum is <
test,='p,Check sum is 4
test,/MR,Check sum is .
test,Ujf,Check sum is E
test,hl},Check sum is 1
test,BBJ,Check sum is .
test,#iI,Check sum is 5
test,n)x,Check sum is /
test,VEL,Check sum is G
test,:_+,Check sum is $
test,j/U,Check sum is N
test,=wg,Check sum is ;
test,%Rk,Check sum is B
test,B=F,Check sum is %
test,vi ,Check sum is _
test,S`u,Check sum is H
test,Qsm,Check sum is Q
test,J@&,Check sum is P
test,=m_,Check sum is )
test,5VH,Check sum is 3
test,".,+",Check sum is %
test,2cm,"Check sum is """
test,]K(,Check sum is 0
test,M|K,Check sum is 4
test,E77,Check sum is S
test,>]V,Check sum is Q
test,t8o,Check sum is ;
test,vE',Check sum is B
test,q*Y,Check sum is T
test,lu8,Check sum is 9
test,_\#,Check sum is >
test,{jo,Check sum is 4
test,"+a""",Check sum is N
test,H_y,Check sum is @
test,`Q.,Check sum is ?
test,W4w,"Check sum is """
test,.JL,Check sum is $
test,\e ,Check sum is A
test,r!D,Check sum is 7
test,@5?,Check sum is T
test,DBc,Check sum is I
test,jjW,Check sum is K
test,(:-,Check sum is /
test,?	(,Check sum is P
test,R(1,Check sum is K
test,}rH,Check sum is W
test,D-c,Check sum is 4
test,"3u
",Check sum is R
test,#FI,Check sum is R
test,"""e+",Check sum is R
test,",RO",Check sum is -
test,Y!h,Check sum is B
test,X)a,Check sum is B
test,Yn_,Check sum is F
test,S@Y,Check sum is L
test,msm,Check sum is -
test,2>1,Check sum is A
test,JuQ,Check sum is 0
test,tU4,Check sum is ]
test,&hg,Check sum is U
test,[|a,Check sum is X
test,cl[,Check sum is J
test,a;Z,Check sum is V
test,55\,Check sum is &
test,10c,Check sum is $
test,]7P,Check sum is D
test,0e5,Check sum is *
test,{jt,Check sum is 9
test,FB5,Check sum is ]
test,-F:,Check sum is M
test,Dpv,Check sum is J
test,pZj,Check sum is T
test,"R""2",Check sum is F
test,"lv""",Check sum is $
test,7Ez,Check sum is V
test,Iir,Check sum is D
test,MS>,Check sum is >
test,X_r,Check sum is I
test,"""n1",Check sum is !
test,an ,Check sum is O
test,Tjo,Check sum is M
test,Pa#,Check sum is 4
test,m=O,Check sum is Y
test,{5T,Check sum is $
test,w<r,Check sum is E
test,`Q_,Check sum is 0
test,c_^,Check sum is @
test,m>Y,Check sum is $
test,XiP,Check sum is 1
test,ckb,Check sum is P
test,Ozy,"Check sum is """
test,U2:,Check sum is !
test,o^j,Check sum is W
test,# :,Check sum is ]
test,e'i,Check sum is U
test,T&R,"Check sum is ,"
test,5*`,Check sum is _
test,BT%,Check sum is [
test,Kw%,Check sum is G
test,]7(,Check sum is \
test,e<',Check sum is (
test,z.G,Check sum is O
test,"o;,",Check sum is 6
test,Yz~,Check sum is 1
test,6!#,Check sum is Z
test,})3,Check sum is 9
test,5PR,Check sum is 7
test,d<2,Check sum is 2
test,H'N,Check sum is ]
test,VXe,Check sum is 3
test,KyY,Check sum is =
test,}Sj,Check sum is Z
test,G0n,Check sum is E
test,MM?,Check sum is 9
test,"lH
",Check sum is ^
test,3q8,Check sum is <
test,dJJ,Check sum is X
test,&X2,Check sum is P
test,+4m,"Check sum is ,"
test,Mvu,Check sum is X
test,Iz9,Check sum is \
test,t%@,Check sum is 9
test,(gb,Check sum is Q
test,R	3,Check sum is .
test,|[B,Check sum is 9
test,s2?,Check sum is D
test,8H:,Check sum is Z
test,}~6,Check sum is Q
test,",$%",Check sum is U
test,#P&,Check sum is 9
test,6r@,Check sum is H
test,	|6,Check sum is [
test,6\),Check sum is [
test,<TZ,Check sum is J
test,rZC,Check sum is /
test,\U',Check sum is 8
test,"Z5,",Check sum is [
test,L !,Check sum is -
test,y$.,Check sum is +
test,"""{*",Check sum is '
test,"""3/",Check sum is $
test,?jj,Check sum is 3
test,'wJ,Check sum is H
test,-ae,Check sum is S
test,cZ4,Check sum is Q
test,Saq,Check sum is E
test,@M<,Check sum is )
test,ofs,Check sum is (
test,"/
n",Check sum is G
test,hM3,Check sum is H
test,:(8,Check sum is :
test,ARP,Check sum is C
test,|Oh,Check sum is S
test,"x,O",Check sum is S
test,nbH,Check sum is 8
test,adV,Check sum is ;
test,pv4,Check sum is :
test,~Zu,Check sum is -
test, Tt,Check sum is H
test,a7	,Check sum is A
test,D#7,Check sum is >
test,]4W,Check sum is H
test,;R`,Check sum is M
test,0/9,Check sum is 8
test,C=W,Check sum is 7
test,4uS,Check sum is \
test,&O1,Check sum is F
test,0<5,Check sum is A
test,+?z,Check sum is D
test,L	',Check sum is \
test,YJA,Check sum is D
test,S50,Check sum is X
test,')*,Check sum is Z
test,P'#,Check sum is :
test,"
Pe",Check sum is _
test,fl<,Check sum is .
test,bM>,Check sum is M
test,#^h,Check sum is I
test,igg,Check sum is W
test,~=1,Check sum is L
test,DRf,Check sum is \
test,piD,Check sum is =
test,r43,Check sum is 9
test,x/P,Check sum is W
test,)k9,Check sum is -
test,&ES,Check sum is ^
test,q0L,Check sum is M
test,9:t,Check sum is G
test,"Nw,",Check sum is Q
test,drd,Check sum is Z
test,Qkx,Check sum is T
test,Z8<,Check sum is .
test,2)8,Check sum is 3
test,Q1o,Check sum is Q
test,hDB,Check sum is N
test,A3x,Check sum is L
test,Lt8,Check sum is X
test,|Hz,Check sum is ^
test,bXC,Check sum is ]
test,W;<,Check sum is .
test,3NW,Check sum is 8
test,$-v,Check sum is '
test,a1x,Check sum is *
test,5Uq,Check sum is [
test,PZ8,Check sum is B
test,N|L,Check sum is 6
test,qR\,Check sum is ?
test, cQ,Check sum is 4
test,1{0,Check sum is <
test,LtC,Check sum is #
test,beX,Check sum is ?
test,o*8,Check sum is 1
test,"@,
",Check sum is V
test,W?(,Check sum is ^
test,k2:,Check sum is 7
test,!`	,Check sum is *
test,eS8,Check sum is P
test,W0n,Check sum is U
test,P	r,Check sum is +
test,CO9,Check sum is +
test,W\{,Check sum is N
test,"K,\",Check sum is 3
test,q$L,Check sum is A
test, &p,Check sum is V
test,^MS,Check sum is ^
test,yTf,Check sum is S
test,m.	,Check sum is D
test,qZH,Check sum is 3
test,]eW,Check sum is 9
test,eYP,Check sum is .
test,-c(,Check sum is X
test,4s(,Check sum is /
test,4[k,Check sum is Z
test,k+Y,Check sum is O
test,Ryn,Check sum is Y
test,Az@,Check sum is [
test,>Si,Check sum is Z
test,.1r,Check sum is 1
test,F(',Check sum is 5
test,JNS,Check sum is K
test,y!E,Check sum is ?
test,)7N,Check sum is N
test,(x;,Check sum is ;
test,3Y&,Check sum is R
test,|i6,Check sum is ;
test,'Bz,Check sum is C
test,`^v,Check sum is T
test,. D,Check sum is 2
test,6!<,Check sum is 3
test,t3N,Check sum is U
test,}6G,Check sum is Z
test,t_r,Check sum is %
test,h_{,"Check sum is """
test,"	O
",Check sum is B
test,Yf9,Check sum is X
test, 2n,Check sum is  
test,gH_,Check sum is .
test,L3_,Check sum is >
test,"E""&",Check sum is -
test,"O,$",Check sum is ?
test,L=s,Check sum is \
test,Pj:,Check sum is T
test,ug^,Check sum is Z
test,2=*,Check sum is 9
test,"
:c",Check sum is G
test,5Xi,Check sum is V
test,]0K,Check sum is 8
test,+ZY,Check sum is >
test,MqQ,Check sum is /
test,=[!,Check sum is Y
test,e6.5]*YH7imh|Q>3[dR n+O? ,Check sum is 1
test,IZ%v=[-]=Q5p[bs!BzY&/s<crJ^h$,Check sum is &
test,"eH_T{%t""68n[2`7RE8|A""%{'pjr[IE%mnRDu2R5],b
x)",Check sum is :
test,"hWqTw~Phn~<4?*q/gO9 7,x",Check sum is  
test,'`}W845-q(~{rR,Check sum is _
test,v*!S/DL/jOi2x4&]C*m(l,Check sum is S
test,"$[)x""T8:eae.6[@tQ.8_8fmXVLy^a,KEvbcs2C	ZJ}@b-J",Check sum is ;
test,PCRHM'Kz2j4[EDF/,Check sum is /
test,"""={",Check sum is :
test,P<+l9hXFH/x-UV)sJw>3Vo`7k_|tzw8apMH#n{w'=Fb*]l,Check sum is >
test,"no
\K=?f[K/Qx(""_^b;rQq{ +Rxaa]:to?Ik8,6",Check sum is _
test,|{~-RbNl,Check sum is 0
test,"+|z:yU6i1+d:l*""7\I]NBd_nz^=]sC?.+?c\aojv.f1m|4",Check sum is $
test,R')+{A@(COL,Check sum is /
test,Mh##m}mihE-FgZ-_!40Yxc,Check sum is A
test,YbFL%X{jJD[SE;,Check sum is K
test,lZ[4hz=5/$O9,Check sum is $
test,">@ qGRzii>[mG""+dka_sc	Z`nkfUufv`&oLC",Check sum is ?
test,v8=Hwd ~.,Check sum is :
test,&\i|K?#l=:@O#4D3y&Je@3;>ZkBnJGP,Check sum is D
test,"An;jD""p-4rW:x(6J>!#AEa7+l`4U#j4N-K)$JW:N*c@(",Check sum is  
test,t9'Gaz>__!y&}.IA}^T9]pI,Check sum is E
test,5JkaOvf ER,Check sum is M
test,x bF;B&;I QW	-.rQ>y\,Check sum is I
test,"J
	REFHojcJ]q'\ULzuoc}Gi@Vs(K&!!kH@]9n?","Check sum is """
test,%R,Check sum is W
test,*8^;ETCG|',Check sum is !
test,"}
w+c5SdMD[~a.X$f_BVZH""
~)cQ|
",Check sum is Y
test," l8.,S9lB;Wc'%>N3/0bo""OqgEfJi2iUaYiE1'",Check sum is ?
test,R0mY,Check sum is (
test,"2@:!3""1Q wh",Check sum is C
test,SGxK%~YA;tuW5V,Check sum is @
test,"PcIo8!
VUxR+w'Mx|uFhy{G4Y0bvHA,~nf8'lYv;#",Check sum is _
test,91c^r>F#X,Check sum is <
test,ZNE.RZ p4+&WG-TURgI'9{@5,Check sum is B
test,HV8LQIUm?t%KI/*?,"Check sum is """
test,FwCGkQ&9VHaA{I<0bFK445J`#ml-,Check sum is U
test,]ljF,Check sum is Y
test,?oKRH<dDg]V\4YwS+&^u=,Check sum is E
test,"*`\@W+	qg7W%9A4L/|Sr=),x9-Fs]f2k$u4Dx",Check sum is X
test,"Vr8nad""*ZXS$",Check sum is H
test,4r<6xD83t:$'SB6$xj@o#?f6zn<9/@Wgs6yHhw*,Check sum is S
test,%!+Y';eV=[e|,Check sum is @
test,"/eN
""f4z)&_UhonNPpClB}",Check sum is F
test,ow{	kP:hBT\vV]2HM,Check sum is I
test,"-VBRKkE]p->L4&RT7./3up	9ZIFVl eTch,v>Ol",Check sum is N
test,}S4~ff|(q,Check sum is C
test,2. \]d9I<E%SD,Check sum is <
test,"tDpCk?1e""
=}NAOAI	4IL_JDZe",Check sum is W
test,"M9Q@=)oK[Jc7(%V""+ToV{E1Q
:QWX4sUd|zx""hx<~MhNPX",Check sum is Z
test,hRk,Check sum is E
test,"qP5fKBDB(wZmg).p0W>J[q&u1E
 wskaoTU",Check sum is G
test,"`(,""g*didS
3|",Check sum is D
test,"5Y~o"",p@_/u`X=Wu>.jH]l{Q5H#)%jN",Check sum is 6
test,"M1/6""\=jg,<rTQYcOc/LQG5v,r| ",Check sum is 4
test,";9v* @Hd;2!e6sa;!^[m:b<P:$>eO?3N:kVKTUW#a),8-",Check sum is ;
test,"SWzHw8O833+A_|l5()#""`}'%FF}40^E=Jt{K52",Check sum is G
test,".;TJA	,o497\#H1{%+@Lp[Ga&\&",Check sum is Z
test,"U""$Z",Check sum is U
test,z>46G <d1i7Y,Check sum is 3
test,".Liv,Q+zin",Check sum is 2
test,U-eMpnW79(,Check sum is !
test,Rxj$W(,Check sum is 7
test,"3_5,]",Check sum is 0
test,'.g)U*-<h&v<|Mb/!,Check sum is (
test,"GvMn|nC""5y3$|_3P	
;[gF<'pc]h\~Cw3nT`ey1uvkJ%}&8Wl",Check sum is 6
test,"9fw=I:hm^:w	x#^/	;K8`fNfKJEx`{|~3{SB$JwxF?vE3aM,\",Check sum is <
test,rn3TE5htbB,Check sum is A
test,=l.!k,Check sum is C
test,"]mxz
FYq_05Q$lb~",Check sum is ;
test,"#n@zzv~@T276w8(&Wdxt}?&@@,",Check sum is >
test,`>A;[BRnkLv[z=[3$1A:-	h+_v2Fp%t6A$u-,Check sum is P
test,WI4hO	)BY':i`=XgIk#iH.91f$]TxveNtB|K]s*,Check sum is Q
test,/g^mLN,Check sum is [
test,Si~DnP5YSN[b&+G q0a[-hB/h]i	(klP2u/t8XGD_q$hp,Check sum is Z
test,"zYM*xBL0.02^mwDc[^Lt=tI{2jLgAD`g,cn'",Check sum is F
test,"(`il\;D5*l=,HB",Check sum is V
test,dEK4@IrZ}o5Eh33zY/uMi{0]6_OUY7#,Check sum is 2
test,jr$@E/7*jrgaJ-dP23rtaOi,Check sum is (
test,%#,Check sum is (
test,hj)`gP$a&h`+E&5^s?WbxSs.{2f)>,Check sum is _
test,@|v,Check sum is R
test,rx\,Check sum is &
test,"ozkMFALc[b""dx>x:Rb]Og`/#,yOGk|t1inunO",Check sum is +
test,"5=7@$'vxaMmN'JUM[r0-LCwV?w._+zdc]
t#m2H",Check sum is X
test,@D5FlR)wL7<V(uERPWE^%gw0`t.??_d#b,Check sum is K
test,^Hm<L#X94by~%Ns$ryrg+\b'Qk:#>WpOD8h~4&pxZ5dDT_S__Z,Check sum is @
test,E1bMSRe	s#aj#NK83,Check sum is  
test,a(kww	-da{tym0,Check sum is B
test,"=E9YMATzHn9n{zXk	3q:.`i""9HcO%j[d2Xui!B$Dw	).
=8y",Check sum is (
test,"8|vC7
",Check sum is N
test,=OnzKu^Mj61{E:3F,Check sum is C
test,"ggML,z""-E!gfvfqk*&9!9B#-0	-O-]5MK",Check sum is (
test,"Aux>l>fYd7[@(s>)TzXq{KoOx|R9P9,""-Ssv$yvM",Check sum is '
test, ~,Check sum is >
test,r4j:mm:SR;|=Lzd,Check sum is A
test,$3mJ]&D,Check sum is 5
test,"AsFL_)u5(TO~xdtBWO#B8V0pHWrF5Y!YVVB""%2>!J!{Y9g",Check sum is 0
test,DJX/rK;D!k|5(zGQJY=j+F,Check sum is #
test,"W=]yG+8AvM,.b'T#D>/5fwNScOIh:vj:7",Check sum is $
test,"L`tzmo#v3'-?X75(s}\DXU7r9'<Z
O:iL4 i9~pO\b^jSZ%mP3",Check sum is @
test,"CCV.8Ec],VYs=<pT5-(mxJXN3kM^N)+M%X**V'8BqcWD\C,0:",Check sum is 5
test,'NF,Check sum is [
test,OY:	7/Y@{v96{J^7a4YwEF0x=|EQhngzCh|MJ+EF,Check sum is V
test,"fpK@}y*P#
3<sYduaeZk;P6 N3#DH{^H",Check sum is /
test,_.}xqZ ^njubQZR0j$3h.*[},Check sum is  
test,")WJt:&]3jc6L9"":[HQ`8""=n}5 )/-972:0Zwl6?tR.e~]",Check sum is T
test,J8PAH0cZ*b>b\d:;8y1O)gdx-xK	4C>U+;,Check sum is O
test,<)Yrt,Check sum is D
test,v?*5dw~|7P85_U3d=<_SfQe=O9O-( E+~	mAN_^*L!(ZX,Check sum is 9
test,>T!1N\t,"Check sum is """
test,VuF'v;]eQ[!_`@tm54dw%N2d,Check sum is E
test,YRhn@43bQn@bGlP5^mqe,Check sum is $
test,"[qRfP-nO<sG9
fYB>@w[qA6",Check sum is P
test,m{uZNljD!+T67_+?o(#d$,Check sum is W
test,"6x;ZmvhJsC=(>.uzI
-'bGLhgS-$SUnjy:X/k@I!DbA@",Check sum is 3
test,"pfFPAPD.B+Pnc6/M1D4::%6 2	(.E ?Us[$Y^,[:e6*/}z	?u",Check sum is C
test,")R=r.
T[@mk Y\M[`Xz'OM$W_
x%&QlugnIR*""H:;kx",Check sum is 0
test,.l;Bu+OrF&7B<hUm+`!b5(,Check sum is N
test,"bCwcxw!.fCJi""#N?,
""DGH< PY1I",Check sum is 5
test,"EiuL+QU]*<(6=D<2EC0	0Y@0""A+}KA""`SnXgf#(7~/b&!",Check sum is A
test,"z4,'G$Q7k
NY>cJ[lL	-dCmL04sz^oANZ/Da:",Check sum is Y
test,eI5U:SG5uc',Check sum is  
test,o),Check sum is 8
test,"2Rf""@PVPR@hsugH?6eD0vdVXW7ToO>aaB-^o\",Check sum is A
test,"ilto1b(S]5i
<DqqJp'{ZER8)r5KB_pkF$v",Check sum is I
test,"0Cmcjb)hA?2qgO1{iAW)%Gd""*(Ff~N?nV%n;yg",Check sum is \
test,#BIU^{Gl4R,Check sum is 5
test,Y.1,Check sum is X
test,"
q>s?,+th:L5U?[CcJ7aOFS)^~]yY%\jp];p:&U""ex",Check sum is #
test,x<vvP8N\KWV,Check sum is *
test,lY;eLBY>{-[z#G,Check sum is Q
test,">]c3dcoxK0)uy+PwVh.E\#9""@Ds9a|cK'XH'`SYZ",Check sum is ]
test,".`(<J:PWs)k=L&:\m/3/Ag*a8Mr0@1N'v%WnB$.=mv""b'Jsaa0",Check sum is 5
test,HimOGMl,Check sum is M
test,"Je6E)EE2OGDM!SLW[
mCq&m1i",Check sum is  
test,"+/S9|N[-}VJ;[8i$II-z;@T,	^""&""r`r",Check sum is Y
test,e6%K~L!,Check sum is V
test,rx},Check sum is G
test,bUWC^#u(:,Check sum is I
test,"F0ne,33[aRT/y90*ZkH4upR<w}OBhE",Check sum is >
test,f8oW;%ItE~*D`>H0,Check sum is (
test,"L<6
)
LmWa/,
r>:++'x4|:f[QC ",Check sum is /
test,"Esbc&&{tix*ldPL1I=l#B-H!lP-6Le4L x$(4=v(C~4pmR{,",Check sum is ;
test,Q},Check sum is .
test,"A-eCL?H6Aq?q=/mi5O(`*r~,",Check sum is 5
test,18-L0kL8J8\'QSPz=\+F+G@v'h,Check sum is U
test,"JCkFp""DXro^Pi=UAIZa$9seqzcgyO@a#8,sbNl(*>",Check sum is T
test,*.|U}`0C=G,Check sum is ]
test,"D5[Os+<c""<{8LO9rq0Ffr{L5jL
7G",Check sum is P
test,E~H+qYo	>M,Check sum is #
test,h$4'0Bc)zs4R,Check sum is 8
test,7[z,"Check sum is ,"
test,Q~D.g[V*UhPc)e)x+?)O^nKC^~d7,Check sum is 5
test,"dsQIFzy:`t:I
i	I~qE4>N|1",Check sum is A
test,UdnkQo[iM8mPo),Check sum is P
test,"3jlb+ ""$0""\uzR}pA>q4lFBV
r kvByxJzTgy8{",Check sum is A
test,"U~,&7fI437[9y<}k+/;D~jH UAk6U,&Q`t\-jFyTr-M[u#mvK",Check sum is 9
test,"V?cw`SA*TSe""bZ",Check sum is W
test,h\a=aO6%-.n/l}JB4@:-E6Q-U0Bw|`|E$,Check sum is M
test,"G$Qv,$h<pX?Ur3]8",Check sum is \
test,(crsL{Dm0-e*xJG1pRX/ec,Check sum is ?
test,:7:nb7d.:S.(:BNP/e562T@#,Check sum is I
test,"~)tUB!d*^%Xst1L-Mj/HuD8%$i`N,jw
'?[qr+_%mB%|~",Check sum is $
test,"~8	
DP",Check sum is =
test,Lqv3NQ'\f{y`W/8/2_RcsZ5Zxw(%<1W9M%,Check sum is \
test,"|tuO]Hu@?qAS=U20xCb/%f{GBw'?~<rQ)
;dWm3=60W",Check sum is ^
test,2>)eb%>Y{,Check sum is 7
test,XODw&o&<^#vBCKKp(jo'nQgg,Check sum is 0
test,+JsY^@:zY754Dpg5}*^O9\`hL}E8ND&3.$tlH6,Check sum is N
test,'&zwM6Bg#D3c`OD#CH-MYb=xg%^,Check sum is <
test,"CE.Fcv%BCTFA,h8x8f.5@21v?8A$tojM*Q
""1N_XKargIEvII",Check sum is F
test,"bB]N,&VY;C`[J3+uB]
>unc[G|8N^
_F",Check sum is $
test,"5C5'aVWP^vutSAY,oy|bq-;!AbbmP`Nk[#l~H|1"")na",Check sum is :
test,"
""e7#\{e'h?:V`-E%+F`(QuO\",Check sum is F
test,"kU'P""w]Py~PH","Check sum is ,"
test,b&}F$bEI4~?p076]S%|u;^c )-HJKT+&H>=a,Check sum is [
test,"+']kUoh2""3g,=\",Check sum is Y
test,"anLd U>C""4^RE1bX@	{f9UPd]F0	WEsM7GW3Tt`JU~=:vT#z4f",Check sum is 4
test,"IV$(5[sVFG8Ac6
>|",Check sum is G
test,"9#s+K7GZ,8 Q\#>\-#2fH)Ju3~BFVH'>_XTgO|zH
%",Check sum is -
test,"SK4h&LLnsH[oT&l^""q42Mq[aP3!s;6*,N",Check sum is .
test,"},[B#(7!	{S2)mz;y;Kn_U",Check sum is >
test,6fzQ;_9aU~lk|Qq*'*EJCwN&ngh!8sW6r#p^J/=Td,Check sum is B
test,.+|tNX|XhV2*ZC^SB)LrIJHTQUSInu4>etVjl_1nVV,Check sum is )
test,"P##x,]326.""*kw8;FY!gb&gKBdd\&~@{KwP	)}L\&93DpD:",Check sum is 4
test,"D|CR)-jB9*P1$:?`=Xj4!,Hphw\SzME*([Htbl",Check sum is !
test,9\arJngq& =g,Check sum is B
test,"6]B(
eiwoKM:!=Zoe,#CQ",Check sum is \
test,"#&v>AFZA&2EoPF{]9!uqtGuGj%0b
IhR3B/eAm^vIZ=",Check sum is I
test,=(wFl?t p]2tm?g!qRzY,Check sum is >
test,yd?7j,Check sum is ]
test,Ut4$UBZ^MiE*(gewX&~v:Rd	4:w@%*;,Check sum is :
test,f+ n@f?4Z24)nR4KA3X*'3*af;W,Check sum is S
test,"TM#x
!y",Check sum is @
test,OrmP~}^H@Cy3vZoR8iV	4xk[q!EcZXuC3,Check sum is H
test,"ZQ8
'@TLkZ",Check sum is Y
test,"Z
d?yM3$B4{nP	#ul""*",Check sum is L
test,|*dKS*ci5r7?$u'b[]dm<P AuVNjj=dH6*ptT+MYxvg^x9&,Check sum is <
test,"#o1xt%<Z_:ZV^	'Pj\
i	?aP5RzEV",Check sum is ?
test,Zz7)~`BB,Check sum is 6
test,"t4Am,M?AucI%@YU\S",Check sum is R
test,"|A=k	q1'qiLwUVMt07f)sjPhSu@W}K@x0p2,=BTfK",Check sum is L
test,"6d#""{F]BS8e_b|2.rkf~R.,p{dj.gx4dHHO[X;0$9/[",Check sum is [
test,W(vkt6C{r-GqC:}QTvPz ew),Check sum is C
test,"2)
~S&M_!FXO;H7,^9TGef([^YT9P0w9Fjy",Check sum is 9
test,"n?0)WSTlSb#U,:gwUR\:0/sNQc5",Check sum is G
test,"yj4>J1lH7Ct&g7DlUQ}jsBg3o)Kc8D'<q*VYPs`j>+p3X4^
}",Check sum is [
test,Tz1A GOPTNB#,Check sum is -
test,WVuh&0rl%=I>F4'0wr<,Check sum is =
test,"1L_cn[xphYH,v4`1A=]&KtD*d!n|N;Fc *<3dsJLP~u",Check sum is 8
test,{$lI.A4o,Check sum is F
test,JSy+%&;zzpx^?CfYdq]^MDa2A}z\,Check sum is *
test,%G[Po9Hv6oE#$J4O'eKi7f,Check sum is 8
test,"U?.\4D``Z=l!dZ2
<=nX WuE",Check sum is D
test,#9l1uiT!!P3AZlBB<,Check sum is W
test,"V$b?""yuXBz;bC
u,nyM?!0$gRZ^b}6Ag^$QSG+|;sR",Check sum is T
test,"_m[!k]eKPgltdp/W'b$
eu|",Check sum is ^
test,"$s6PP<-+""",Check sum is C
test,"S%N?ZL#$fgS2=<""(V:_D/avZU6:wvEtsqL}|l_|E",Check sum is Z
test,"g!>gA&2""`X[:;yW&u?	$y;5GOI4E#
 #a~""cl*Y",Check sum is +
test," $doNj=dOIE]#<!,Y?_",Check sum is -
test,l#i9h\UPp%T58yH/fux:Y}$FdsS=V\tlTyoI%Er0BjrtH^W/-K,Check sum is M
test,"d4@""@3W'LuqMb>VzB8GN4k
",Check sum is 2
test," D""C~\V'fA#WZ$z#@2,7&<FmtVmE\dD
",Check sum is 0
test,T){<.1y\o6`7#$ckpoA??&_0NnFJmXNhO=2'd|0me!,Check sum is [
test,{$-:p(UVS~Dgyi~.`=Mm.1\3|Hy@iz`#,Check sum is [
test,"0-/#2p.V5*2A4dh'B
D2$k }Y*J$2}Ow7r;?u",Check sum is Z
test,"nW
-rhuh>K8UAZ)D+*.PyYrc[^sQ#zI",Check sum is N
test,"r
3F?#	",Check sum is @
test,"l2Sk0f*^3%Zfs'Q""1:z'&FC)A-T0DTCN}*g>W=dF-W[3R""R:",Check sum is Z
test,"(,",Check sum is 4
test,"1\7_,6uS@&,67l;D)""6c6-zxDXmZ*vdH0",Check sum is /
test,"4vn9IiY)yDSE{l/3~hJ
WM?	}qIh5<kGHd;Q*""@0a",Check sum is @
test,(d4b	&*8-t)DbMn+2fqF,Check sum is 8
test,"5[KD~#vK9!8eZv}^
4b6'zOSf_~0q;u""Y!,kp KROd3p-U3	i",Check sum is M
test,"zDmj2~[OKT!kCVN=fZo*i09_VfC\8l2r.&?aY5$Ud ""4@h%",Check sum is -
test,"MP2$h0({^}Dv\As/S||Z`y@,O~z.ll&6(,e-M~c0*",Check sum is #
test,Wh^_GTcSrv.tzJ*$_iPpHHjg0g),Check sum is 2
test,"iF#|cN{Ghq29RaOll^S*a 0}|VFLy&M8WG+7A\%,?tRRp% >oE",Check sum is <
test,")i\mte&P8CI1T}
9|4?Lx5mXyEc8OgIj5<L$7o@m",Check sum is 6
test,"gIVe"",z:MS!|""oM`9g!UtiLUV6dN0I-&d",Check sum is J
test,"b>@0@M	Mm6#BI7Rmp=dTiSBZ6H$Mi""tbirW+&<:V?/[",Check sum is ?
test,"G5-O.ATS]GIOL#3^,uy7?>k7DLx'8{`Q\jPAAT"":US%nm 1mXk",Check sum is ^
test,"}0a|&
vf-o4sGn'UWb-",Check sum is P
test,k7+(|v>w-*GK_:H(|kBOlvL+klDX%1B;eP{,Check sum is 5
test,"}|u|e$KT0zC~~!~CP`dt^80n6BU/`1c70Tt;g/6~mU6Koo""H",Check sum is (
test,r[FQ*nrW;KKZHy5+gB}M|7,Check sum is W
test,	PQ!|T?!yp1eQYAw)p_'M	O.7h!T{lGZ,Check sum is J
test,jJ6io6|c#y,Check sum is S
test,'2,Check sum is 9
test," 0P""[t<j_FyisZ.3]!Hn\",Check sum is \
test,"<SE<Z4HJiPxCT-%
~~0pl38_mAO8vDv!D=U_R",Check sum is S
test,4U,Check sum is )
test,JP	U`NSSpq;\W~4|Q,Check sum is :
test,HcauxnE2,Check sum is >
test,oNtscHy1N958;2,Check sum is :
test,`;_6EtNW=XlR/x-[{vJ0R~r|oa\b6!OBx\_,Check sum is B
test,:[j#i<vNQ':?R(w|GHx_c%DxYrv1X,Check sum is =
test,"m4)X!zA`
yC{}`",Check sum is \
test,"9PP'+2?8?4g*z%Z`u#A'BIw]hu=c<s?]V$""7=",Check sum is H
test,f68nh[,Check sum is %
test,^jD)tZk4aQ,Check sum is 4
test,"P\^E3
U0!:,e5x	nlXZ%Y(.j
OdjuV&NDiUhx#|sVv
v1)!$","Check sum is """
test,"h'=iZutS;+,hNOris:p\*6tjaU{",Check sum is E
test,"Xz.qf>r2fUU7@tjBxyzPtcS@Oyh""Z4W7*r^L2",Check sum is K
test,i3^4b{^csmibzIu,Check sum is O
test,"q*
^(k7_N ),O*W:i\4CKj=^J{_IYe336CTQ5N;[HKX$!WGlO",Check sum is 6
test,nN!/k o/[M'zx-YSES!?aM{csc+`^&)}7;7@gwF.+Fc/8Rsm,Check sum is &
test,ygI)/&Q 0!u8'svJT+iI!Lh|BK5okLXR4U 1d|EP%3e6{$|,Check sum is A
test,"T<''Zr
vUX	hJ"">Y[u  ;V;Kp",Check sum is B
test,+~U+,Check sum is I
test,y)?+O8Gu`N>)R2Kym/ Q p,Check sum is )
test,P0=}z}RX&Y>U!D^>\v8gE6M*@2]Pl,Check sum is <
test,/^@6{P30_,Check sum is 0
test,qto6ZuB~stn$hK;|Ps,Check sum is _
test,"&xi<""
{*k)B{_A'+mh-Lq:gP3&i1`",Check sum is :
test,68[]xc	j7fmB\>:Auc*Xf<4TnI{~Fs? S+X)9<-K@hD%%W,Check sum is :
test,"9]}8>6PPTv!73,s6_",Check sum is H
test,"!4zGm,Iw aw8j._zxF<JwS=n;Ll{U12^t2H65,?/Z}",Check sum is 7
test,As3,Check sum is G
test,"h@RW=6}3`:S	zYQujF.I4IA\yg\1y8Z
6&!wJO4{/1t@ [d",Check sum is U
test,">CC%.T[K}|""^J",Check sum is 4
test,"mIF""1ff|q]B0*YM",Check sum is G
test,"(v9CA)-P[Ut,{yIP~	C,[_$$kW	y$c0N|+AV'K",Check sum is /
test,"5(,YGU""]",Check sum is ]
test,:\?2L_$H!4?Jp|F,Check sum is N
test,";l~y\C""y7Mrh<K;1gF<e:\;",Check sum is (
test, |;Rg> ;m^\L21fZ &z%%G,Check sum is 0
test,cH@^''/o}dL^#KMH*9M[,Check sum is .
test,"57WT""Ut=e3ABzw<7\3tO:e~Hs",Check sum is H
test,"H>Vnhg.0""kqs/Wq<nZ8qpm7|tSE&^k|P2sQcubB[",Check sum is P
test,"ITLlO	q#).x9{{M0,3Y@C=co\]`,/?}*/S.oe,vB.",Check sum is V
test,"c{g<XFl6f6ND
	HV-_\e_h:K 
@s)2P|gyb
D9",Check sum is &
test,"C#KZ6=ypjR!Ib%""Y8Md""-FP/F""@{UaS",Check sum is X
test,">o!v.}BM7IS]A.H9b8""q&v}Vv	;a!sZjU/0K8",Check sum is D
test,XaMwn&T	YL(*dd	A13 JPza[nh&x~/PrI;E5bqmw,Check sum is C
test,"oG'bRFw)-xpd8|u$+x`""lh(7L)jSrr",Check sum is K
test,"v67yR'n=be`N+EXk'FV,
+u>m&=5jZce2N",Check sum is 0
test,"=7LQ9D2f8etq
SWJ$m[`aI!@b'?:Ruz!5^:t",Check sum is B
test,(JXbYz`r\,Check sum is M
test,RX*)	T>\{Xg5XN8~2vJ4h0?Fr,Check sum is T
test,"k@V]jKN5%
/NOI+FC
R6",Check sum is @
test,T;3dOj2,Check sum is 1
test,"/qq&3pfe,=p+wXM] 
}iRI,'-|M5GC?y+};je>ftlY1ok",Check sum is G
test,L0dqIWhD+fv,Check sum is D
test,"xJa6D:sx?Cx""oj8Z<-L' p<>7""X",Check sum is @
test,"'MXg.c,qFA~!wh9fbiy%JE_K[AnFQaSG7,J,:DD{B",Check sum is ;
test,"I|ct_xas^,
lbIZIUQV",Check sum is 1
test,"cXsX<9@GIXVd)s(h
X6oC
i:25}0>-:}{}82Hd&,1	),OX!{",Check sum is H
test,"&w|_8}v#,UBp{#E'*xi#acgbowAI#{r5EuYgw$pq^\XkQDu9",Check sum is I
test,!#^\	iQHP^mnP&Y>O`r Gz:x-,Check sum is  
test,"yVQ nEi0w)M4u'AD	I|H:{<)[s4e&[=&K{E""NN=@@t<",Check sum is _
test,"%9ek%zNXW bQ,)%FTS7G^&5ftl|d!vtNw:k:.Buex^OXl?0}",Check sum is O
test,"Wyqzw'mX?5jz2-{YqIKyc\U^W""(&7`",Check sum is W
test,Bn[ov@TGp>T>ny&~lymc4Y*1,Check sum is S
test,"q5Fn:H#vpg|-nuO:20itO8d,lU",Check sum is X
test,tW'I2QSra2a4BDge	udTK@\pd0NYf{|H?&uMlw-14jWyo,Check sum is O
test,iIp]1a2iS,Check sum is _
test,+Y^i{,Check sum is &
test,6V}xTa6_fc(cfKx&,Check sum is N
test,~(D5'D83#E|V>b(Rt1; 6Ej2(L+Euh/pl%=.,Check sum is \
test,"L_O WC5q,i(i3rnd7*V0a4%   ",Check sum is X
test,A#?o?Q}dh-/bX,Check sum is !
test,tcDQ~IxJZKq'aZpE;{,Check sum is 8
test,h2=nfMvS]H7pD8,Check sum is )
test,/$qRJRQ}tGv6g)9:,Check sum is J
test,"z_~J| T>MT9Z`9CFH6zw B3J=dw/N[mWr2*FJLg"";T.x`~8yO",Check sum is M
test,"]FY?x$wV{]7En-_+,  Q}ZK",Check sum is \
test,"""
Ay>B]*#",Check sum is 0
test,LFBI\S0a5A,Check sum is 3
test,"VT}*p=V.:UO*fR_""GN",Check sum is 8
test,Xs!K{*2kH\q,Check sum is .
test,"$@{)z66~vv>Hc+Y:""6ljA[lM~b{JgM/2rJG2vIJGG`i",Check sum is 1
test,"P4hW +!5cPGnmKl,27y""{Rm$nNBRORq;AK5,*L~m",Check sum is I
test,"gJy
BX(b{k=mk^~X{6ea./ekIP",Check sum is $
test,Xt`H&k6^D]^X//X.tT&>,Check sum is  
test,i$d@fW]H/.]9p){lr^b@Sh%BxzVHJ2$H	p\_J|\\ArM,Check sum is $
test,",u?}'",Check sum is $
test,+a8cMD*>X6A0,Check sum is ?
test,T!Nf|gw=G0.[[=F0/f:X&a.$ezt#W??i]#:caa9,Check sum is :
test,NInF$dQ1a%=y&I0so,Check sum is 2
test,"+Ov7sFsT#
@pzrOmfT=>)aP#kNkVR~Q0
~",Check sum is Q
test,"`-f#&G~}\Cgb	q
Et6@x_`RX@|Sk$*r;8L1V",Check sum is Z
test,`Q2HtHVh$v:>!{|,Check sum is /
test,IC(,Check sum is T
test,4W,Check sum is +
test,dG>. D(LEzc-C/6fS]g:dZpB\61w&H }\}7,Check sum is B
test,B9K;Sq,Check sum is %
test,"$Y F[IDjh]*p.	83f&)Mn#3[Mk?0-zA7hmyj>FX"">08~HS.k",Check sum is K
test,G$2~X{)k3xWr6:^,Check sum is $
test,"i;}	[Q/fcMSYU8{""dG)a$XYXc@kj{",Check sum is &
test,z*Y6G_aTmTOwP@?XviOW%=s:XN_)XR,Check sum is H
test,rx=i eQmRfp[xc[`Ad|ob/OO(h^B,Check sum is ;
test,",ne3ZzS
~S(z/@4pPfb*:o+^<qB.t-5",Check sum is 0
test,"@Pr!q:E2renA>G$5N<:yP{e`JdG322RKre|1B""_|GyC|M1X",Check sum is W
test,4^]HvvL{FY}O@CwhS:>,"Check sum is """
test,"-Ph(QVp,?gML.L?*""DrL%1plW]k/xI",Check sum is 7
test,M[@:yWF,Check sum is X
test,<3S>LBIHm.o+4t-?YP!xl}~S,Check sum is D
test,jR_z|N,Check sum is ?
test,F&1~R~>xej:%16%2,Check sum is -
test,BTugz~Q+*|Uo<,"Check sum is ,"
test,"j[#uXkY/ts/KD=
@8X0""\l[/.o~Z.TT@",Check sum is 3
test,"*#|X+ghBG1O^L,eM}|N]Up?:XT3gOq",Check sum is 4
test,"/?h&ks()@yE.~{-Nl$Q'sMei""L;9w;Z-L{S	Ic;;}B](cef",Check sum is S
test,L`Ga>lh8excz-{{=wH^ZYa&4|O70DJJb,Check sum is O
test,"*""Hy\<Voz",Check sum is D
test,"LXK%	^4cK<
+(;m#tpa>\dOU11=",Check sum is '
test,"`luBWE#;kosB[
 %6Yw`QthK>\",Check sum is N
test,"(oL4_W0snk""mA3V10mUFr2BZnig\\,GUVNz16_bNGT",Check sum is X
test,"EPMDlF7
}_1O4",Check sum is I
test,"\-qNIwGw08d!A4*5""	 ]p!@	dBOxuB4d8CXFnZ!",Check sum is '
test,Cqr>1{qq2z/dt<4vu) v0Vn+<i1;R]69	bkqkH$q,Check sum is <
test,y.lo0cE1P_P:83{w-_.'/7B67BAVJXIXaOo	U6,Check sum is F
test,X;iap~{9X`	g[uz]bUY1,Check sum is /
test,"xV-G
-y{,+wbf""",Check sum is E
test,"^\T^eak'O]`OV<.oD+L,odbD9#i']""hcN)$Jp",Check sum is Y
test,"k,CIT8LVz.8YJb$Y~?+<s7@",Check sum is !
test,"',fnQu?rE1""uCh\s^2a`(dbiD[
\@aypv]vq4M5j]2ON4*vD",Check sum is Z
test,"E$z9X#L*(Pd},e""yW\`[s#hZlVZYBsz%xsWMn.Q{oU",Check sum is <
test,{UYJwfMTw#g,Check sum is R
test,">p0N8e39qy%`3!^>
~HaJ^!!2t6""",Check sum is M
test,"^!`mFXz:
AgTH9nV
wjDv6+fE`BB;",Check sum is Y
test,"<)]+,C!oJ,we",Check sum is ^
test,wsKwXLl)NB,Check sum is U
test,I]:u d*gN1]_6oPGc;aN	._]7!`rJE:'SU%(tO}YVY.O[J,Check sum is :
test,s 7l6[uYB=XR,Check sum is ^
test,_k.Vop*1seV`s_^&:W(i=],Check sum is H
test,"F5Z*J[""",Check sum is &
test,f(V-E,Check sum is 6
test,BqAf#q2JVs,Check sum is S
test,pc\P,Check sum is _
test,45Uy>6rD7PkV(%r}tZ,Check sum is S
test, m=S,Check sum is =
test,"mcW|Q/d?Yahcp,c95sm73)ZN!PG8uM>=p^f?[",Check sum is .
test,D@Bt@3fgHvks#j5o2W,Check sum is 0
test,ow	29d|~* '`v6GeqeqoP0pI(}_faeQKSo#V]l&D}n,Check sum is U
test,7t-0;:$VE!^T:),Check sum is R
test,1<KBz]N+&!\pJU<b$e-ury1JD.F!}Tb#,Check sum is :
test,;^Y,Check sum is R
test,"cP|	fYl-)+5AjSn""#R2.6",Check sum is R
test,"U#?}v!""thtKud`ZUhsU3""^cZ}thZi-Ql",Check sum is 6
test,caGNsfT]pN@b+n@G&,Check sum is )
test,4gU,Check sum is P
test,",,lEH4Q
%(c",Check sum is 0
test,_aR!/AORX.E`UEvVDj_H,Check sum is J
test,2mwa	TT4PlAgFVWA..1%#n7%k-,Check sum is K
test,Et.x|nKyNKU,Check sum is [
test,fF	><@sje%m-!/nc05GZOaVNBT!ldV)!z j:8A5DXbdi;,Check sum is $
test,^r(L~$.K#:)o[I>8Tl~|f	pFF{_I^y4jlGFG#,Check sum is .
test,"AEpKq[wDlSl&J;`8
Q<9KAxqj`JV'a2p9XWi0sk2l@C)VwUEuN",Check sum is B
test,"I[[Lj#r:3B6uc'l(G
*}g.7[:K'	9iX>'5RM-I	X}Vc`/E6D?X",Check sum is [
test,Q-,Check sum is ^
test,	qt@)s,Check sum is *
test,W4*4F'vK6[sxc;=AQ,Check sum is  
test,"Yq_1X;#kJ X@RCY""Zn<M(9}
1|0EpYb9T!{Tp",Check sum is  
test, ;(La4aekf_jUZ*QaD-T^q*$dJi\W>';y!]kTyU->Jj.<mNu3v,Check sum is !
test,8-XxL,Check sum is !
test,5IA?+W,Check sum is  
test,"?>d&bho-]3j_Yv,ekL&",Check sum is #
test,"DNyv{y&k1wj$&#kU4hCY!{B56a""(&i	NY`]Yo",Check sum is U
test,"tb^OS&woxkwg+x]%#t[&tR!x
*gC?38tj,Oyl2l",Check sum is C
test,Y3R!X7B5J+NyB>ycuWa8iO,Check sum is Z
test,=G,Check sum is $
test,CjR<4CDu.s[R~0xn|r$-e+/DZ5A3q^:ov)bK?q2F+&n}6V,Check sum is &
test,a{]na0qZ[p'g@5BFbkc&-@|{Z}f*_^!+3X!,Check sum is O
test,H:q[mX>sW/5Jx]q#8Ih1&>Bfx/mu{jw^QZek2^iA*p*t??,Check sum is &
test,"wy`W2+(""_O=|.OVa6/pmg!kE'a%%\zEZ",Check sum is J
test,<8/r,Check sum is 5
test,dT)U@mdjKH+hf9?,Check sum is U
test,#8X;{yG+Bp|J,"Check sum is ,"
test,hPP7qo#P^[LT|9JZ(.H*a!/tebgh %<wXU_2P/y:dOi,Check sum is +
test,}CngdrE5&D	w:@b$l/+tr;R[J,Check sum is M
test,"Nn gpaeHPQ$z%HQp23L`i
TcCel9_2",Check sum is '
test,"=I1HrWytx?IA-2/8id@$oY)-0	,{C7<u6NH&$;31u+uF",Check sum is F
test,zMzM,Check sum is .
test,"a=n|_%1$'y@	?0,B""tUc",Check sum is U
test,:KwcK)h.aw	4+qdLjljk$,Check sum is 9
test,e&0P58I:)E^F,Check sum is -
test,B!_,"Check sum is """
test,"^#8-II47DKebK6az`	l`Lh'rqs""",Check sum is =
test,"{{tZEhE	*Cz44kaNQ~t*8~q"":U9Mo+l",Check sum is Y
test,"Uw$&%8+}o	Yu""5=2,p3K+3#5Y2.9a",Check sum is *
test,P\[&wk-6L,Check sum is ^
test,FUiHCt,Check sum is #
test,";iBMS*tyesR5-xDDE+-UNR $
w\rXU$<6xg[+\B",Check sum is 4
test,"W$2lcIuKx""",Check sum is ?
test,"]w
g }X]V'*JliH",Check sum is E
test,?7`z.[-!*cS8Wr,Check sum is (
test,"Rw]@8/Lw,.ImE?6;:x#N.V-t",Check sum is =
test,o=j,Check sum is 6
test,"yJ-@tZ@poVZD,54@j",Check sum is 0
test,"2/_6R{k5""",Check sum is %
test,"Cx8Cyx??
<|{Q{X[]oj(6JA0vP"":C""=Y/MiI]kDG7`",Check sum is E
test,"pYSd]qh]|A/*dtY84p,:(eF=gKg",Check sum is %
test,"N;,#pV\j]!``\[5 }q%.}0Uo
KxwMkyp{s-J;O3*}Zx",Check sum is @
test,"	HV-nWt_X>,pMV/'4U@~c><lU85C?>Xp$g69$.4g:{H",Check sum is 5
test,"6xq9Sq$""UIaQM,u5r>$l748`",Check sum is 8
test,qLgp(3h!oEpdlt[A<dL012vg70r,Check sum is Q
test,"K^%(!%R6-,AqAjsj-F'KtmrLPc
Jj","Check sum is ,"
test,"Y~ >r%XwYE""Fh$6=.`j]#0Q wx!cqji",Check sum is P
test,mCl~TK>@Ji$Z,Check sum is H
test,"@f_LF[}R#SP~~\6K""","Check sum is """
test,",6a|ug",Check sum is ;
test,$xV#w`E|:xZy2=\yN-hD:O2OW}~rr$?s,Check sum is S
test,(t0m9(6g#,Check sum is :
test,"O	aK{ILNQPD h$V,WI/ZR;Jx^;#5	,qf32x",Check sum is '
test,"Eq|#5lpl
DW,QD)};^'=nRtwMLV-K\MAb""ICL	",Check sum is \
test,fp!D	ZI'fjc=KUe,Check sum is #
test,#Yslib^LwZ|+;i0I0+W,Check sum is 7
test,@F@E;rzd}U7*n%uh.U;R4}#BNW6l=4&iO{e&(3$Yn\8+CIp,Check sum is \
test,lc)6m Em,Check sum is M
test,">{a|>zNlG2b5""@M-?`9&ktH.o%4E>
PgKL4;p_CJ$nkO",Check sum is !
test,"$;JY]!
KF4mM7Gy9srL-6O ?b*{(hu):&UDc.",Check sum is Z
test,{9m~nMh'FND,Check sum is !
test,"g
""c U3|~E.CV1E!",Check sum is [
test,r7(Lt-\iC),Check sum is O
test," GkJZd""h",Check sum is D
test,A&k&=-.o3.|5L/kR},Check sum is &
test,*iKjmf],Check sum is X
test,#urCcx+7sM|KZUm#,Check sum is 0
test,"fIRm""S15)Zit8~MB3)O]fp","Check sum is ,"
test," (N_,KXrALj6d
4.zw[^g@qe>_=t!mJ<#9",Check sum is 8
test,"Gx	o1
:jXeGc>/b=bXU4dTu0shO6}?Dri1nK{>iFcG}wf5Z",Check sum is )
test,Jf)5|$1y,Check sum is 8
test,"g/3""'5rX'1MTh*%i{ xkgC-#-:S
*`^q8Y,T3|IT5|nf.X",Check sum is G
test,#*]U nd3}.eGcm TT)}NN@W>_4,Check sum is ]
test,"1e|O	E""pTCR[|	4I
c4haEN\>7t~tf`v)t(y3>i`[F$""n^J%",Check sum is 1
test,"gEGV1Gn""o;G*7:P3i9mNI^7BpRD4j&fm$@m0P2>	:<",Check sum is Z
test,Ju2]qVfoc',Check sum is T
test,;U;G |UP(1-,Check sum is 9
test,"9Sl#	S]9M}_{&otLJ]<}7z!:J76<9MXyF&#,I)",Check sum is I
test,"d4W^B:, """,Check sum is W
test,5W`<3*/Va!,"Check sum is ,"
test,`p@0St/Q\x#p):ZK!y_	/[&9:^Wi4>}>i?H[$bN=IP(+A,Check sum is O
test,<O%@rFQ9,Check sum is R
test,"	JgRVo]**]%q,2KE{i^t4yX\u5",Check sum is D
test,Rq>Wc^LmF&FZ2Hx[usy	,Check sum is 5
test,wBLQ]rUH.(,Check sum is 8
test,>u5xDIf.GcL;dC,Check sum is 9
test,zw@j8|M.w,Check sum is !
test,"!v}P} G/EvDq^'rMewW,AH@7",Check sum is *
test,"t5
/0^XZQv@h,%ff=DiKQnEzV'KI=t@`4w;:A!x9r.",Check sum is 6
test,">5.#QA%)`)9R<([ 9qJE-Pup
Xd2z]bNdu",Check sum is *
test,|2e,Check sum is 3
test,"ESN~2""B|Nn",Check sum is R
test,"!px)sC$O;)-!Vs|	74zi-WO)
P$aE",Check sum is )
test,"EIz!uS@<t.;&2s78	Q24M 	^c?
LDU/{~6U%kwJgH-~
fr0j",Check sum is #
test,e;Hsyg>,Check sum is Y
test,dIF>#u9X9&so/0$-gR7<b5wf	h3(.ZjuP,Check sum is N
test,"m""RLre~abf)bg{39-eO-r<v",Check sum is V
test,:)-1;2M5ueeE=@b.unNm*RYJ=@\,Check sum is 7
test,P|p5X4_ q=QT~:a`V]:XMDktl_|S,Check sum is 7
test,O!	vAJmc:ft1@-nrR,Check sum is N
test,-3J8atrRf,Check sum is A
test,h/./o	Tn[j,Check sum is S
test,"lIh(Kj=!2AwFx\b*9[xQ%#8[v,","Check sum is """
test,EBn,Check sum is U
test,"X*_FT
Seyn]ve?O!T;y96*'kx_uva0B	]r]DOQz?W e\@G<d*K",Check sum is Y
test,"L}B.Pj$:$lm=a""mg0c.wkS?3",Check sum is *
test,"CD{VJu ""_*?53:V2?nh?nN5QqM-Jz>G9eE)OH",Check sum is X
test,i{k+&y{6~^>`@(<4,Check sum is <
test,%	jbXXF{,Check sum is K
test,"@<B|*P>u""d~h7q^PMETPPz2)@q4kn48^M.kjisg",Check sum is ?
test,"|""vrhs|",Check sum is =
test,"J^G)m8l7|vV]`[q@VzHGKf5=#""3Thqy_CW*@Q",Check sum is %
test,",#Yl;{	?>CjO4V5y}f|:7zA'W{K(;7G\Xv",Check sum is >
test,"7d1jZb&=M+X
&u<@/IRB+&.r9Hfl!}",Check sum is T
test,5U#L@,Check sum is Y
test,"g	SNm'JW8zY2[skws!u+p2Gh,",Check sum is D
test,~7#J4%NdxZ+,Check sum is J
test,"g*P!OiqFJUte61tNL Ryd+hHma3""UB","Check sum is """
test,P?9:9NWrS{N ?U|88_(2iS&;GI4c^Gb'YAwXT?DHqRD,Check sum is (
test,"*XO-S],d`Y[WV0>F&*X
J!
BAJuPBjRb6&-[#5p}WS\}l<:",Check sum is :
test,"Mux/6v`78o}'R%w{a{
Iv&^%YH {ydR.VbNzMZ?y@e",Check sum is +
test,XY\slOrk%p<L]aW`aJ1O{/m*jng.iR/c^=,Check sum is K
test,"Ti)>~
5]QPEVI.Nvc?u7yfX",Check sum is Z
test,o|&FLEtn\oNy'=Jb,Check sum is L
test,w[o,Check sum is !
test,"-|x^pdD;i$<I2)=
i;lIo	1]\ADt
kn
-^k=1#@6EBe?$",Check sum is S
test,ULLp9E@|	fZL,Check sum is L
test,"1O`Wiw/Xfldxbm~=u""p_el",Check sum is -
test,"^/wBS.a23LxpV|
.	pwm@aXEGOP5Hn+J",Check sum is L
test,"i[#YTRIs><""n]T_,jIzl*:>p@$aAz",Check sum is 3
test,eUi?)~@)_!0'8HajMm%mST,Check sum is '
test,&P]hP9(MMr%m(THf,Check sum is T
test,"s,fap+i0>L\?7.9zlS	?-rd.",Check sum is /
test,"dGgNR4gSGG)C@*#3G}""Jm6MWicM'K/p(h:#~o)a@P,0d-eX.",Check sum is '
test,]gs8_lfG^K7#0iD='GH]VRL*$_	7[>DJbil3ZKxAu7dr,Check sum is I
test,r}&,Check sum is 5
test,D2Q<grajN,Check sum is U
test,\6h8r.Y|keuLEXOB`h\Ex9jrb2@A!)?Y1{^Ns##_b|&ug+kQ$,Check sum is N
test,"4]Jh\+Jloz2=SoH}e-z]%w9&h5!(YHO,0o}{!?eQW",Check sum is )
test,^W+?]@#teXtXw7A|k:]j0xG^|?F,Check sum is !
test,e~+BU,Check sum is E
test,"LF|)=l{?Zo\MkP&hvnp3=6q?7JMh	?-
	s{,ZI0K()",Check sum is &
test,`~T*7#n~Z.HyNgyO8 5pJ_<T0*GPKzW,Check sum is K
test,"v4b\Z060En<#h+(|8:3&i_{
Snto",Check sum is =
test,")j(L1t*K@_@A+~3-2s""&h?yR&`J?p<%|\[}0`iw",Check sum is I
test,"DzT.L8trcx""^RH*(S#{	:V.sE^Vfld	nm",Check sum is O
test,"8G""nc{u;'*TWGM?w\,6$/1n	YwTroS`X)na	Z,`m\ptqQC",Check sum is %
test,"u<03)MF#:M
AWBP~",Check sum is L
test,JnHp'Pv`c38hUv>i(K8K8mK.PW1_bm,Check sum is _
test,"m(xKs
`",Check sum is U
test,jI1>K-FmW;e!@>fNS*w>u,Check sum is ^
test,"}5w`7		f3b6
5#/iGx*^d2Xyh",Check sum is 3
test,`(K~?mF!hsESIYnRHFj5ytKtks8Dpo9!AmQ)g!diG'I,Check sum is 9
test,"7=)J}r%.ptxb.VAm*@F
?`~2u",Check sum is 7
test,"MR7kehT[1&Ng`zh fwGPII,h}9JmExk",Check sum is :
test,"
(C,c['!'O4eeuMhtuM%e:$x@sx",Check sum is &
test,c=lY~2lw}TT$C*[hO>,Check sum is ^
test,"?]}QO=`m/3],(",Check sum is 6
test,"3;&n+)RWYX[ FfEKGQp
mT2`ub",Check sum is C
test,+A;|~A[Ax<|8[s;eY}9,Check sum is C
test,80G4*y_lc /nnr,Check sum is 1
test,6#j%HN|az+N9~[?Bd+!_AL-qh	aK+}~&y,Check sum is ]
test,")$H/ren#Q9M%
rmh}P""MUpTS?8N0f-V:6QRi]2To
CHbGd!Y",Check sum is I
test,Ky&CZ0C)Dq~\1M?mtU0:xKV=&T=G5W~S:my/+cx_VC~>}DF.Pb,Check sum is P
test,6\*^puX/s(|sKKO,Check sum is U
test,?%cQ,Check sum is 8
test,={owpx%%v,Check sum is &
test,"#ZWZz}rhUVUcNhnCa_YoP@DjDd9d:PRM,a$+3uB)M 
1HIYm",Check sum is K
test,F)}hN-	oAAu K,Check sum is I
test,"zL-{tOq!3Eu*L8>uH&lDeSOOLcT,wyJil",Check sum is #
test,)R=ks[SUc,Check sum is \
test,( X6',Check sum is ]
test,"&p23-
tkvN{*6vZ@@X""4=JLJ?1ry kXF'Rw)qRaW+e+a'CwzDz",Check sum is 8
test,"9)?]j@H>&@zr6@an
0^%d@ 2""vC,TLH731l{dA/r%0",Check sum is $
test,LG-`w%\]vz8EK?Bp_f+;+(>6_N?}-JUoYabLTf,Check sum is 6
test,"6DU0}#yIGp:N@pmr)+]*G|dc}H?)`&0`wJ
ADq>#2rl5lHT uv",Check sum is 1
test,'$v*4~w^Oa+qb[,Check sum is [
test,"$dS.XE]@1C$jEXJ0g$oN<)0[P|31|Z;v)9
t.[OX[54(""q&F&",Check sum is L
test,"z!]LW)ZbE_{4^|&T""qa",Check sum is ;
test,"w'^}hINi""4{+V1;Nj)Gmn=Bah-!,:?!E<t@&`3",Check sum is L
test,"-:S9&
yr]Q+!K7#R2bj)Mi""-0eO]HJlrl*`~\[k} (p0Fg?G",Check sum is *
test,"RE4LM:o6o\t|OS'4.x7Q%	eAv)uT1~DtH=`G`^F,3J",Check sum is E
test,5D-_![*dr,Check sum is !
test,7.4FS,Check sum is R
test,"8!3\!MK,>HfiJB""?aS}?",Check sum is _
test,"O%HYI#ykG<L 1g.2mo&ptu5Dcchahbv
~;",Check sum is R
test,"y6j>IN[s>@s$GV7FI@<Jk6n9OYaS^Y{U,phf.B<V2,/<upK",Check sum is *
test,"?9=Ky+R0fI2/bx!FE*:6E,ctXd>{lgIMcv2",Check sum is '
test,"""MX2k'7a2hC{DPe>!)ukJZ'Pf)-VS,mY#9(KZZ[MLT1/)>jUH",Check sum is G
test,"~n3LeqfCB6""Y_;bbO|vl",Check sum is H
test,"6IT-\\h<:B+Gzf]!9[AqMz$7XRm7Z%Wc""9m;{FPRd]a7",Check sum is 6
test,pm%S=x:x'=-Wp:T&{,Check sum is #
test,N/c2iq-FW5wcRVmRv**:,Check sum is P
test,%dIW >7nR_J	,Check sum is P
test,3vMnIW iru$0sO,Check sum is *
test,-k_O lrrv5*zN*w8mVI,Check sum is X
test,"[`&8ewfW@d
k-5)lGGr","Check sum is """
test,.qX9:h)pZU,Check sum is :
test,#!>BthF$E,Check sum is /
test,"^ldq""[vV.9V#",Check sum is (
test,"0A[x^""SOoRU
Q@pl&&^y871&&]@{9[~U??!_%WC3Er%g[R3%h",Check sum is A
test,"l}K`R &6&''lTiR;*Q)l!B^/$6<3a4<Z8!uG
I	e",Check sum is 6
test,"v\AL9hGKaa|h""tK_*h\EU]_Wv;_0",Check sum is 3
test,htNp1=pU?(Oufg4Dtwi:NLhI,Check sum is 6
test,"N7
V$TT)S@o%^[L7&M`!`}futpW",Check sum is D
test,"P8lg+?""R=vv=gCP-a""i-5
9$I;E+hqt=y""f4wf",Check sum is +
test,"q5M u'M62_#4_VB]m%SI8$/-o[9C	COZfg~,\H9Q""enauwo",Check sum is E
test,sy4&9HlZJk*a14&MFj\Q;%sZFxfN4\|b.),Check sum is F
test,\h:6{y5HPof*GL:y$utR)/%O#sQ=9drL0=7Vglas=@0ycaV<M,Check sum is .
test,EB{eH{*v>@]]zhfP?vnX\iN@%F:5,"Check sum is """
test,"J?rD!'O{
g%O8F",Check sum is T
test,"=qoH--o""i1!LkPsl]HD9'*QC3}E""p8W=6y](V^Q5&W\",Check sum is 2
test,"UO8h\Vh|;]#&&/E)E!hGz9eNr(O$RjF)|U,Y;HEoG j.l`eb=D",Check sum is 1
test,"k5""ebe=w 	I-_c",Check sum is #
test,/_tU!>'Z,Check sum is W
test,"G-i!W-ryZcT(E;y2x-V4Y`
31?fN\uI sKX76^x_P4/_O",Check sum is M
test,"hY^""|zDNg(CR*{i>fW	!P8K*a?	'+t_fO7/^I*W|4_A6Dz29B@",Check sum is ?
test,6SgHCl:`z?Dk,Check sum is I
test,"pkTQPtl?#5NcU<,F""dyU;FRAL >1^J>T\25x7!}%md@QR/",Check sum is 0
test,7lciaZaWIo%d6[!L3N-Bl#Ak{e+]Y#VF9Y;HJ	,Check sum is T
test,{{ViaS7::,Check sum is 4
test,"+wbVA*eg#nd%7W&6rm_gpI! D
N",Check sum is 0
test,;*E~,Check sum is H
test,injA,"Check sum is """
test,] _)RHiR<c9MVF_^E%V2rVRrQdU>cWu^,Check sum is K
test,"&<j&wMat7ti'[47$	r];UXP9,%>R8^icx.tvT+Ea)2Ga^",Check sum is 2
test,"
mNnOF m{iEIJ4O}7",Check sum is (
test,"3A vUv!e,4k)w^V0sYJqWO!]
L#qlrhto$","Check sum is ,"
test,iH!}VI%!iNbBYDcvZn%Fa;$KJj!wbd9[@m%r,Check sum is M
test,"bZ*dF|{N,",Check sum is !
test,"[,'/wCA'qdzI.t+zTIjtmN]Lk[%}H",Check sum is M
test,4ph@S|yW$dKiY2Os Od,Check sum is '
test,"@?PCZ_a)H7f	-]K=EMwo
7=+X_W*k97j",Check sum is S
test,(es,Check sum is  
test,"@X8Va]yk[a7QfKW'0ohzN@'pH,Noa]];S",Check sum is [
test,"7)p\X{a4/!aCs#f4ApWa@j'LqA?[@zIn6*""c:0nzC8M:",Check sum is T
test,dWzW\,Check sum is H
test,"
yN	K{@=d""%sWNN:}^Kxmn",Check sum is A
test,:xd*Mh&uRG$M\JULx@lDD85TZ^=JE6,Check sum is (
test,"#*eWV6Xx4uYMIM^TeHMd""bcJHfniO&YfoK
?q",Check sum is X
test,"'5Fesxi!vu;tMI1'*~|
""`YO22Za>#P.G
W(",Check sum is J
test,"#v\L
Zs+z]{Y[BRd\-.P.hp(TQp{0
0psCqs[8|qCy",Check sum is V
test,";Mrn|]TQ!R||,H.V1xm'Ew_%J",Check sum is 0
test,MW,Check sum is D
test,mK|,Check sum is T
test,"^{YMpd nHm
gR=l-v4{}C`P6T-AEKcbH~",Check sum is 7
test,_=*.W&jZd8#;i	gvELEJwYk'/=gn)/u#D,Check sum is U
test,"A?SNH mC0?C1k,%'DhNtMjC:Q&WGl!s,3r)",Check sum is P
test,",u`2 &{vct7F:a%",Check sum is ^
test,>-g&q7>{~i24=,Check sum is C
test,"8mUICSzFh,s5DWo'C{SC0J)SB7iaa*w}^/Nrt5]
j>92.r.t",Check sum is $
test,"|#""1p5gm\+mxjwF/rOj ",Check sum is X
test,wV=mU%R$Sbg9(**%q),Check sum is W
test,I2]D$N%X5oKOx,Check sum is !
test,*lo02g	.DhH.t,Check sum is ;
test,"| VShA*xxf,C}w	)HU.!h|)Oq1L{;(zM""+IPPjNs:|4Oct14kL",Check sum is K
test,DMCpq3((RX,Check sum is B
test,"{UwjN8ViXJuKg4P*>T\84*&Xd36M>W3
+Itl,Yqw`d0{c55Z",Check sum is R
test,Qj<QS5&JPHlz@L%z_hM|_QGc4Kk|t,Check sum is M
test,"3ort]aF Xid8CS{qgs1PNm6,",Check sum is #
test,"4hu0B<no3w\Z4H`dS-4SNC?Un""",Check sum is X
test,4Bmf:xS_lY=gC-,Check sum is &
test,xGf`R4L2 CP3rE.z,Check sum is .
test,#'|R;Fr1uoX8{97>%X,Check sum is 6
test,"(""pTnfN""%O-s32&q+18KkS~	({
?nnB>m#'*)bPpr)",Check sum is 5
test,WJn>0fL(E4AW(,Check sum is 0
test,]} pm^-R}d!,Check sum is V
test,dNg1j+:,Check sum is 9
test,"sOn
?-5u'-d|p7a3!CgVHI0:t'M` QjLC^IXUg,['6|",Check sum is H
test,"C""\Q	#_+)b%nJ#+1h!Va)oF{{UZoK<qX/Q92z5|v%1Ut=",Check sum is 9
test,"_P?'|\Tz}m8iedTvSU5\a3O`<Z7E0
8|cXXo	-",Check sum is -
test,VC>R1+P}!l3!LK~}Od+gI/FSN,Check sum is I
test,F/,Check sum is U
test,$)f7(lw-)qh+NgM,Check sum is 1
test,z}#8a=pLWU,Check sum is 8
test,"PRw,	E<l* &#`m3v	JA",Check sum is 8
test,"(		QwC0X
1M&#QR",Check sum is !
test,"@2Ca(?,lw+8<9f,l_62{A t6sU;bdM"">S",Check sum is X
test,n[:0lV!K2%?InmEl}Y3hZ7{!4ah6;7j!Rg8h$,Check sum is 7
test,[5wxH<.qOP[Av4_'d@Tfv3zca,Check sum is 2
test,$J*)]wz%`7M^y,Check sum is O
test,"\9HMU>AYzsxyv[5vP,",Check sum is M
test,;'u}O7lo]M}LGu~1IuOO_}E7.xP@M\)Gsk/($'?eEX1,Check sum is (
test,Y	2x_[{nk%wTi+	Mq|j,Check sum is +
test,"hj~O*~I
tC 	AUS},VQE,\Uc+""9E%U[\L-`kzx",Check sum is J
test,=CyRL'vs~AJ;0O1[X&qR	mZmlXzz'kk,Check sum is I
test,%=jW)FH[l>o5,Check sum is #
test,"ddgNUXdaN&-ptU27WQD32""'P(:ofzmgYB-A|7=TMuX",Check sum is (
test,/di9!o0PW=*J9nM6jLECx/Hg{UJm:S2ANfjk3>E2:H/-[,Check sum is \
test,3|cbCKkX?n1(dOeWs,Check sum is M
test,".iN\`o+\[Pp	Z0u,2T,e v3wr)",Check sum is 8
test,n(,Check sum is 6
test,mRbqH_tPIc*D3e,Check sum is O
test,"*uaR[)e0}DI]""q =eib%XfnzYrUJ-(H:XM4x	",Check sum is 8
test,OR	tXo*!?ST;*`,Check sum is ;
test,"|=YAYO|vGhX""Z""*Q-<Xy]qC",Check sum is 8
test,7@@dZ3,Check sum is H
test,"J4@ Ch
)bC;t<.+caE=9+""",Check sum is Q
test,"xzyt6$~Zv[)
NP63i{:DZA#H",Check sum is $
test,JJh#g-3cRZ|A9Q?@-g 9-gt W4?{2*h,Check sum is 9
test,"nW\7[F""LZ}U o2""8(L&(CP8 u!.<kVm2,=/_""<e#7KTLz`",Check sum is 4
test,x'[5BO>\bD+,Check sum is K
test,D@W@&1n]lMhqFFXE7FZT|Ky1fY{,Check sum is .
test,"*S!U!2Vi7n2+{]:3o36U{O0`6,",Check sum is U
test,rE<R{3<yJOWyD-2VF3|Shyi+4]N>7vsB<f,Check sum is H
test,v|]'$yh,Check sum is [
test,"^]	yI${&mg^qK	BM:,P/K7!*{{e\j>Q?6qleNFR""?",Check sum is Q
test,"X+{HIKSF}JAP,_j$|Jf`Vkg}[[]:s$
1t?`9KRz-U}?(=co","Check sum is ,"
test,oUi+}2b4uIyBX}~;b{Q.Q-		HOJF|].C2X}M__`]?n<Az,Check sum is T
test,"VG+jx6z!B,V
'DQ""u;'#}XpN@DE$c0%b?	8jef,>@83a \7P&",Check sum is /
test,5N0Vv:%~K^Fb|m4X1Jl&lF2U{^q!xFTn*9@zYK$z0zU,Check sum is Q
test,"SKxn) e.NI/.SuKp]x!Hr,LtH!)tY
>@XRKhs?R(~CM",Check sum is Q
test,PhcDZ-$eF'Q]FI,Check sum is 9
test,RdgV3XSTpXVXsnK# GGAp$E ;[L>,Check sum is R
test,yM,Check sum is &
test,4t,Check sum is H
test,36o	6BR)%,Check sum is Y
test,(9k'T*n{,Check sum is :
test,oDd(t]IGOSArA!,Check sum is 7
test,"03Vz6C*A'""\|flCH",Check sum is 5
test,"Op9r'UX^|`#s-K]
.Q4
XI{+b.bN	as9Se1gCJD`vgsUh_s^E""",Check sum is L
test,s!s%;s>Rl&KE1L//53(5s&C<R^+%QLxEdHQ3?j=nVIUy1B,"Check sum is """
test,noiX9nCj$^cHCTGnr4R3H/w!O46#~7m/)O^-,Check sum is 5
test,8{\`)Ri!{Luia,Check sum is Z
test,H)-MqFIR..9Un:p46At7BdYC8H8,Check sum is /
test,"
XE(kP9*O&[N2b",Check sum is ?
test,"rOSSKz6)$Z\#}0
(w",Check sum is >
test,">z.z{|V+wXT< 5j2,gCIA
J,dU2,}rpWH/)5}V>jl",Check sum is 1
test,cQ^wDfYb9<5\QE7Pgpo],Check sum is T
test,E?*5w}}xq,Check sum is ]
test,"\^ FMb0	iF)6ww""=(2?S"":es*",Check sum is M
test,"-!NWqEr_
ft09f]Z/CU/$c,laA??Y}@*;pmHVw{+mv{[waS@?Y",Check sum is H
test,5G%![@CS8!~RhD,Check sum is (
test,"?$G@vsxBe{iED08,d>O}hsyiwqW5flzJ6C:!!Q.AS	",Check sum is Y
test,"=t
B <o]2%mR
~S@PxXU]2+4<GP[vFZ%_61jj;FW",Check sum is 4
test,"hgN""\1","Check sum is ,"
test,N?Dz&+ zcs{DM6(Qv4]9*)MeJ?2b,Check sum is I
test,"Jwup~m:vF,nL<-",Check sum is 6
test,%{S:VefAsObWW;Z&)R.]f7''Mx0#zqLPLd0e-h%{@Tx,Check sum is R
test,"( wEXZs<r\{)<,<{>q""""'K'%.z^AhJe[RU.
d:MjN6C7go",Check sum is H
test,"oStH*X=-j4|#gzP_k3Q#7(.<I='RE*QAv3}
0fC;=b'|",Check sum is 8
test,"|h=X*@%W nW?eV\khaH,lw",Check sum is E
test,"v'^H3[t4K$ Wd<p3jN*KE44DybU+V6Zne.O 6OrJ=vs9J_]i""",Check sum is B
test,"oS	l3\9ZJwA2FArO?xECl1	-+g[t
W,t~<d9Wom'V|ph=",Check sum is A
test,YVVX{C `*QY)SEQt,Check sum is U
test,"L@R}{%qztIFV/2D)231dlR""$=ZdvOk$^FFVf|o|{
",Check sum is L
test,"1~U_B
h^G0p[7|RJi0TF|4n}y,|Q<`9ivo%@#",Check sum is Q
test,Bgt?`X'&FD?IzQ?ma,Check sum is +
test,?;7,Check sum is Q
test,IIj/V%/,Check sum is 5
test,~|hK07[-txw-}!Nc>g|j9&A:NRq^+ 6W3htsAJ*F.1AA^IvjdQ,Check sum is !
test,"	i;Be3	*WJW5J^WD3kndy]?qa=^L:,5 SdV_xya",Check sum is A
test,"MNAc,O	\NZF`;z}=iJ:XNlBDrgdr?;Bu}SwW:Zjx%|1",Check sum is G
test,8|>{Kxv),Check sum is /
test,N^?9n:^L,Check sum is V
test,:ndahq]#Zjx8v4@0,Check sum is 4
test,"|E-V@`dZzdxab2F\9>"" 2S",Check sum is -
test,"zVB,XmV>7Fa2",Check sum is G
test,"T7T)e,)\5t7g
he.pw)1",Check sum is K
test,#~uCr0&Zt]?72kLu=@9:3Ig:]jP;,Check sum is _
test,idX`(<@KmS`ptuow=_6av!D;'Xs,Check sum is .
test,",=xh-vT.9yg/[CYyx-It%~",Check sum is K
test,V+9{{SUhEc,Check sum is H
test,"FSkw
BOW_]0tt'cSCU&Lm&+tC1z*At	M34P5I!0S_>!^|#",Check sum is 1
test,"V>S~ V
M5""_F0GjWM:T.^b9ob<3q]OIo3-dMnWX",Check sum is K
test,(C	</0&UH_>h{B-Lx,Check sum is %
test,aS:2U)Z^$:xK*!8O]N*C*9jGK};V@	V>9k&Oeq,Check sum is :
test,"`:AZ|~*g@ZK0D[Oyi|%.c*yPf\qy@s$:@T}eE,qj-]~",Check sum is 1
test,tTcpv`JvY^83ax;M;Vtr[dkq<s&|V5!\k=U=\Dqd>p4OVcU,Check sum is -
test,"](=7/}y-NcEz~5THVBK3c5qm9_h;5p.~5VVcL
XA0mRP ",Check sum is T
test,P&QbXF~,Check sum is %
test,"3P-At>]cd[|ZWkfD.l(Ay!7''wl .`%N8/ TMR@Yp""S?Ky OA",Check sum is U
test,"0""('l)SQFqe^u:64tV",Check sum is W
test,"-RS
4.%s.
Qf6kmmZVQ",Check sum is !
test,hxP<@tisJYT1dv:6ZQ@(eO?[ /*c4J:,Check sum is C
test,8nY&gjpf{KM,Check sum is ?
test,"Jy}+{sMGh|^Iq0gOW?EQ^[BBC""""DY`O_!	)1
*VB3$L~F~",Check sum is ?
test,)2T@O1PC,"Check sum is """
test,"pMZpB&zrmIh#9/*/6>]=HDwu[FwvLT%: LS? c
",Check sum is [
test,"bUf~8*,R&jekFn^d
45k5@cOaw))yFQUC|gJX:",Check sum is G
test,Cc>,Check sum is D
test,cR3(A6,Check sum is '
test,Ueu,Check sum is O
test,"|Y~220[R-9FBOmGg.[/x
cJSkCTk,j+/n^|lm6!TTa.dC2pe",Check sum is @
test,-JMA##,Check sum is +
test,"xc8$W]:zBOpAsU.)k}W
LU\0&0","Check sum is ,"
test,"Z3"")c
B?[	{Hy#iiHd?y~eN",Check sum is P
test,T*,Check sum is ^
test,x649'gk<PL0,Check sum is <
test,"tY\:W62hh4E'|S5%EX:b?+87Q@Qt	8e""Z",Check sum is %
test,",8;-E2oSnAt(0L","Check sum is ,"
test,"rwc4]zMG7],})\pg8P[X&CDPW6{xXH6P",Check sum is B
test,2E~g7KkI3[(P1l%g}*Q$++#O}Hi/z?/k:0BI_]OrX2F,Check sum is 7
test,"evk8m#pjpStK/C:GOa})axahbD7J""|62m3^""",Check sum is B
test,"X_D-	K:CNN
N3]74A2:3]lJ&J0fs>PLcjJQ-4Djv",Check sum is ;
test,"m~HbB}#_6p_X2}BD}lHrzaT{""T?B>1 jygma}wp ",Check sum is 7
test," xX s<""jJB8VI",Check sum is N
test,"V.w}O`ll|hM!>aAb`@^0D5kn|t3[pa)b~5'X	,o",Check sum is #
test,Ek|[s7TVZEB,Check sum is \
test,#OX-zBS{{*2vmH:a6Q`OzZ/7vgaLhDztkz93iG.4z?vNk!jq,Check sum is Y
test,iV\%*IjU=_@{9!Is)9$8FC|Qu_[v-ABY7e9QGdr[UXW%~48,Check sum is 2
test,-Sd[A,Check sum is  
test,-I)f+f;R$S,Check sum is :
test,"q
mpnM6L25+NEe/>)6+8Hd/>;o?DP6j-0BGN!	2zJWfH",Check sum is =
test,"}""67O99chclct""}G7.Xta]|{""oh+c-`Ua#@#'=R6Q",Check sum is 7
test,{zbfI/{umPZyf9ZDp%Y{O^blm	`l4d}6D)Ey+tx,Check sum is E
test,K#&7g@#VJ4B#Vkf?[kQT,Check sum is ?
test,mokXvk=|C<,Check sum is X
test,/Ro&nk<7)eHN]v,Check sum is 9
test,oVn*a^Ju:a),Check sum is ?
test,=hTu&{Y]`7uqy2tfdCq(z:enD,Check sum is 2
test,"	0!x8wr|%5$:=i+];%HL';f,h\]h7L
EB
Zu",Check sum is S
test,"*zM~Uq/^Ye3c~QW=g?C%
4U3;4|($2)#asZKUl{FmMxSy""",Check sum is =
test,"Z[d3k""F<Tag2N#CPR[==PcS9",Check sum is 3
test,xxv)hFwD-w}$_fDthQ]vNbF:{8x~UnU}:nD9,Check sum is 9
test,";--
%7E?*7d{g*C`X}@M7@fb~`M:YzUY5Eb!f[r24F",Check sum is 6
test,"6h>""Uf$""V&T9+l	#n@YA3h6~>9s&>l=>9 `l3	Q@YMu;",Check sum is ?
test,54|.UyV>>eP,Check sum is H
test,"2Q-8)-Wig	%dfXs
Yj%!k1gZ:Wvm","Check sum is ,"
test,"Zi:'s\hAuy!Px+~zqRL.. ?;-+
&r:.gNo}]ZLvB/$(/",Check sum is #
test,"=qw\w#D!>:6>&0(0""oRByL)2fBU=[x",Check sum is L
test,9=QD~vX1AcYEXfJ;Gj?'g{n*P2z&QQiV.IgCbv\_mBo1~R?X,Check sum is +
test,"9
S36+n^n",Check sum is D
test,nS_U=w8H[w]p	jab7-B-3F<lRpWqv3<L~Rl6]Jv&gT,Check sum is =
test,jjz\|cuXh6e\5:HUGpQ[p'G'	JV*y[,Check sum is 0
test,"%v7oN]""Dcm(hUjxXB1^F@t","Check sum is ,"
test,"~Ixh9PnPb<:0lZ2 6yOYNn\&x'^]si""&>b$!CBR\CS-",Check sum is \
test,L+rFl_rL3;r2jB,Check sum is V
test,U)9b5Q.~	+W}>iFoUrM-=*<N4	sNINj,Check sum is @
test,"L|y]R,zO12nm9z?w|:j^D<:UIA",Check sum is C
test,N3B0lI@*=yQ]BF*k (:|au<f!P.ezN#^5A8u}dDN,Check sum is L
test,|5<|Fn5,Check sum is 2
test,"&599R0 %?MY'm
9NBZ3<=,A(wJ]wSp#r6F?@MVrLIb?",Check sum is N
test,M3Y#n|I[u\=9cbK9OdFXA,Check sum is L
test,"Y!wqT#zlq.?/[Kl<bMMk>2En'h-	zacHd{fz{,wB|02~08'",Check sum is Y
test,"%wS1ee=fbV4N-n|m2J[lG>tj]I/2)|(U9ubU[6p/8i%""@U",Check sum is L
test,"F$cr(@-Vw}'_izw^Wkk=@>""U8$""o<a@5F6z,",Check sum is <
test,F7!]X$M%Ab	!0d	 lpr^PZreS<Pd7Nz!x}|,Check sum is T
test,-eu;~((Q[Qy)],"Check sum is ,"
test,NNm_GBUaAN%,Check sum is ;
test,#18cm,Check sum is <
test,@n2!v79D,Check sum is K
test,~p`G]%GF-HKc$oiT\BXhY#=T	?lE]IF5s,Check sum is /
test,"tW""r;n~M""F-dw""",Check sum is E
test,"yhH-.[

#%Q\""rKYsWnn~J2vVutlQaUZO.lM\.","Check sum is """
test,"hg	[
yW>o9feW*m(Q0r=N0=sR}d0]M|EnMxNc",Check sum is D
test,#g.TiKGYE,Check sum is E
test,g|N~eW2 %nfho2:)GI6<[Gd1-Q10PLi,Check sum is _
test,hFMf>NV/\S,Check sum is A
test,"0wYfw	.CO""zj",Check sum is L
test,"fj,	zp:s!)snv!<ZRXYk'
9X_FYA]rP,$6E-0v(d",Check sum is L
test,.]\Lxu<O	|s7#\h45AX_@;Jh1n_[th]}V$hc@'Y,Check sum is C
test,"~t/UP!=nS5?I^ jjQSpB\UZd'""!gz",Check sum is $
test,"e_$v]`e7f]Av([WdgzX.	:|k	(
EkZ	",Check sum is .
test,^z')te,Check sum is !
test,X'gLO^,Check sum is ?
test,"I?""7~H=mg%q-oc,{3B,Qv_{0Pfrc);s#
|{
f u(",Check sum is 9
test,5B|y8On`N1'CMw^!P0ZkI6!-:,Check sum is Y
test,B69#tz^bvTQ{H8V.5pgtQ3U-`>]\,Check sum is Y
test,NoGO6m,Check sum is V
test,"bs1FwS5EB}bqc	""\ %",Check sum is 1
test,z+th@i1&)y,Check sum is C
test,nSnVg[ \{]Ps'L/L7K$u2;'&^M,"Check sum is ,"
test,Z:Ps9)k3pUI/qG	R%}3B@=b$O'3<+W=(,Check sum is -
test,"}q}l4.| N}
t.8s{
)z:r:Blv]<(y.G?O%GN=uoqqYv~F'",Check sum is =
test,&F/&wp!=]a}eIb_)0Aa`Mn>LEdQBpm@&CvfjU|S~!;~~H(E9,Check sum is  
test,.5KFAr(&q2]M4-t`D($3iN_PqN4hkS#?=YCA;PJ{Tq{@0,Check sum is U
test,CpdM/\?VbIX2SL$kN^T]L	5wKC8>fUu	,"Check sum is """
test,"R|ma(G.;x{R3{Q*Vea,lkU_~LHP)U4",Check sum is )
test,"D
$3!c<ZW",Check sum is 6
test,L=$<I,Check sum is R
test,}#JsrJL{YlF&!g*,Check sum is #
test,"mpBE~l/	gz.SAX3cp`.L$\kwdR@);-h05
^R8l",Check sum is U
test,"@Dd^SE+ww%h;~IXb\@XC}>$pHK+bztd&l7*'Vzy73CR+
Yu",Check sum is =
test,:h'Ql ^4',Check sum is ?
test,"9RrzBLwUzh{EpUteL|<No|GZuPD,(xN+N""8",Check sum is E
test,)DL*i}hl__,Check sum is ;
test,)tl?- <&=|`De,Check sum is Y
test,e@(j7mTi'/N^OQ|,Check sum is V
test,9}aGh:	Rhz[*O,Check sum is 1
test,G1~zB	4:VRmh#Z;Q p`<,Check sum is ;
test,poDa9F`>eDc%K:~-jz!.7WL ,Check sum is O
test,";3atcGSVD}D6@,\%7j;dJU*_xRg0ilQk0MW	3hA>Ev",Check sum is *
test,	'+;]}6I	j>V	+L|j.d?VK78Bg6\>=qulau!/z;3eIM'',Check sum is <
test,k_$y*(E.;gID,Check sum is ;
test,"KVH3S>u>	J2$:U4
\v]Z3[",Check sum is M
test,"
Ixc{",Check sum is I
test,Nlp+ZT,Check sum is #
test,"njO)*!4BxsG_,U^U[un}Q2P1_`L 6lE2	$z}G 1daKi|3",Check sum is ]
test,>I@bF3_F-8T:+zP]Fv[(Rn3]^O	`J.(8_+S Bz=/~Q&}<i,Check sum is %
test,Ex8x%+E6%+~P~rsxCOuV5%?y;a\h,Check sum is  
test,"]Rk
J^:C6,",Check sum is K
test,yoUqnmr_f(=LblVqyQX[:YV,Check sum is L
test,"v,@R9voT;.?.",Check sum is \
test,"B (;=5""4<3p[eVdi5EuC]&WILJf|Q}M"":GX)p2,p",Check sum is 9
test,"#!o\Zo|Egy4az""xjXI|EdZw^)d",Check sum is .
test,[U(W<85/Z*2rdnOAP3%tc?'nn+yo+''PPrx-}n[pNln,Check sum is S
test,"XGxtha6[m`RAq>SVeR0Zygo""6GH^Vqhq|k6o",Check sum is >
test,-=N(fy.Z7@Y8Olb501E75_8X8};149\F*4y*x lK&(t{I<Y]\,Check sum is V
test,"] R^L3pvX8SIGqv7_/vm(`CCF`zu'`,g;]N%S/^12n)x$rx2",Check sum is N
test,">?/$}Cr,]`PK@`
luOz:,ssy7<9Qks'd#7\EQ~W%YmpGsAN+s<",Check sum is D
test,Hv1;es.9H,Check sum is Q
test,"9Xl$Q cbv)1?6B""`K
D",Check sum is Y
test,h	{Ju4+e#[,Check sum is M
test,"{8^UNy 	ruZ\3,'h:&kR$5g%:aaTG7r~,STu,?t.AFbr_Q",Check sum is !
test,"'^?p$)j!3	<;N{8qGadYXtbg?
]*O/",Check sum is Y
test,"jL29usa8;1e|^|Hr@x\T{@""%dE%Oa$-#	aW6{'np7wXK<L!&",Check sum is V
test,"28%,mxrUcgC?Iw\Wzq%W	&-.-rMCkS2dU?>E""""}",Check sum is R
test, G%V19NRQX,Check sum is 5
test,"	>3oK&.p?Vu7z;fks]p""U}MI%",Check sum is N
test,>$6T4JZ=bEnJc)[-dyJyb{IB#Tv9]*m	z^Bw{2vdN&-Fd	>3,Check sum is \
test,"K:jL5sgP7?f^G+V{Jo^Bf
)$/irx+@g
Z?)mgv>ijT*
q.",Check sum is /
test,"6p
,	7M5 .)_3_awiS_f_)T4bva,2<(P=J^AZxkg7d",Check sum is ?
test,5YYk^'-,Check sum is $
test,e?(o#RtUW~H3l,Check sum is U
test,"tqk#57hi~1\H!Gh|b$_n7
~""8-1GXCP0EfAu)kzW494>",Check sum is @
test,?302mw9pine 7-G,Check sum is H
test,\dr(,Check sum is :
test,"h<Am:d#4al0<DIViU|tT""h&@6!h=3.5U)y;06!/0Pp{?r",Check sum is K
test,w]XP}*'Bjho`9jHGevW*sD5vFsJG.b 8~{$i}108(l,Check sum is _
test,?^32bz	bvd^d[>.RmO?Aek&\=w^&r),Check sum is ?
test,"p	Ww*]r:I
Jk]t_F,lUGMWGFFHt wn~#aG""Td:/7",Check sum is G
test,w[GD9@U~1?'zZ '6T,Check sum is E
test,"vM/l]<Hkm[@O(nbY0B!Z iL@qwwe >QcArw-=.0850/Z""YKa",Check sum is I
test,":>i-UZtWu*9Si&Ab%?H. Pn?*V6qu]I""_e1R",Check sum is '
test,ym.(9X{C*Vx7M(l)Qq(p2,Check sum is 0
test,(zL,Check sum is N
test,"\.N:5q&DA?
m4^+3SAU8!+S{^\<Y",Check sum is 3
test,"+,G	m#ndK'}i0I[pgeetl^KUu*+?coNXQBxeTkl;`c_p2>6%'t",Check sum is #
test,"p8-)t-u:4n""c=>u>""WL;$+r8/>B",Check sum is +
test,+\ _dKB&+gzSrODV'uX7H,Check sum is *
test,d<,Check sum is @
test,"\+""?5H9PMULUEo",Check sum is E
test,Kg\5^,Check sum is A
test,"h\l
""3B8=6~}Dx+)RL]`I""Zwahr-
p*vBzd'",Check sum is G
test,1(<sT*xqnA&&ppL*,Check sum is  
test,/%(l=#pQX-N*X6?3\FoT!!z>1R?,Check sum is G
test,"GG[g[I-z#YMPF4>|.GA!Ockf<
WV
<8r",Check sum is E
test,po/7:rda%TlGUCSAYi7Or68	|*Gl#E	m,Check sum is V
test,AnK>FI`r;Xh45R)_eXq9|%h2fWn[NZJ,Check sum is Q
test," 
M`""QJF)>BKIzh",Check sum is Y
test,"rO*zk<9 $?L4<+6V8t5%qm6Q)CtrC84y3]ut>*3HHK""",Check sum is Q
test,}Wl,Check sum is  
test,"DZvs#n$8C#pj!FIT0BC`3Y,=}p_/~{/-o:?",Check sum is Z
test,"~KosP_""-]?=G)aV>L*$aKy]whpjt&0wKT$.TM.`(",Check sum is %
test," sS}_I`j_+oE;wLau(;E
N7e?r&/e	-L	_#t",Check sum is O
test,C=}Y~-N+59Z-#z7wp9cOmP?s_=~5XG);yk]=n=I'_[C1gML,Check sum is =
test,t?a\,Check sum is P
test,")}XXo,mHM8Z+V8C%>	!xT{G:T3""zkT",Check sum is X
test,-4a&1P-YeC]epPAn	\u^J@FG5[qA}MzV_W(=,Check sum is .
test,"G#CDicA~SmIDqDh!T=).O{m
	w=|oF<,{~f;(iZEHPdT$S-",Check sum is $
test,=Z0Sji{9E1E~	4Y/]{<~Ekvf)Jf(6YDH%S`>sW0;OR%|%,Check sum is +
test,Bh,Check sum is J
test,x~#/E@3vq|>q#0Aj6>[SNB/P4Gc]['J$~:ht}G^kq$'K!,Check sum is U
test,o!_;b1B)V%T<,Check sum is S
test,"rd3;(',a B	x,_EV\IoF?IP[4d3^U,n6@=_""Uua_","Check sum is ,"
test,"`4jW0~<W`WpgIeIe{4{A|s/&9Dwx%L,}.Z{
wTVYA ",Check sum is =
test,VM3wlr`n8H	<3oDT#['tg(2yT Xq CZyJVY]'P/YN1b0[$(xPb,Check sum is U
test,&TBZo4qke5~T/lu6@Lkw>x,Check sum is K
test,"w@	#'kdA`p~Vv1.Kd{9J,IgN	\-|TBLnE+d^&	b1uSQ
5>DT",Check sum is J
test,.OoN)`hg ]'}.0qt_j> i,Check sum is &
test,	27M!xn~q;\dB)uS>KQ6d_Af+MC!sz,Check sum is F
test,R1re/(\	LVqN4FO]z1'#It})20,Check sum is 7
test,".&[NJ&Vk5T&	$nw9)L67_R~%
MCG4N4VO *D`&;'",Check sum is 0
test,"d[Wh
#+'E	5ZM0mjbx-4+s+K)]I6","Check sum is """
test,K(^_,Check sum is P
test,"(jbE_jGmgDF,[1]>DOh8}r_8wt-NZ}R%X$"")Yu""\bb7,tX",Check sum is M
test,"7,XT7o`!{E>@<v5?f*Vaw*uEM[M =>CL",Check sum is ;
test,*T~LTwlb uLP_:`h4&$z5x,Check sum is 8
test,T} F-Z{`6#-&6O/ENNi,Check sum is #
test," o3TNbFTQx<""&e7]O{WPuFn]k=M235,h%E",Check sum is J
test,?]}A0o,Check sum is Y
test,"ONpTuxa
"">1}i_@8?m{;?}""?Mh;2	v""_EJt3T%{",Check sum is 2
test,"YJ4EM<sq;^g<w.5-f`g9rd9 CSUb)^""R&0+3){`1`BAuh",Check sum is 2
test,"X*7/6U{-0n5)D'%qH77|y*Js)k
xWX~Avs6!V4='ds@",Check sum is S
test,GSx^tR92\d_7R);9hG,Check sum is 5
test,"*a
N*?;~ SEGyV% p$>+DB{3]rGesBwQCu",Check sum is Y
test,[FP]@cyu^(p#(:L(qXgQ]KNyYfmB)p]M~&07&,Check sum is @
test,"&?U-$-ma+}Fti)5TN(B*EZ><fT$
?|!ZjcW		hq*rbz^g",Check sum is H
test,>.^G)hl3[ooPA9S$jq->z\N'`dFJAfXQ/,Check sum is ?
test,")'PL9ED+n(;[O(HV7;@,wl1G	Ac",Check sum is  
test,B%wK:Qsg/D\joEmL_L>M,Check sum is J
test,w0N2?GG4*M;s66q F#6.!tIHGZ>gbOLx,Check sum is X
test,"+6$<ADH
i+X*@M6Ow""",Check sum is 9
test,p*T':7PF.93Mh8L8N}>F,Check sum is V
