set,input1,output1
train,,Check sum is  
train,	,Check sum is )
train,"
",Check sum is *
train,"B
","Check sum is ,"
train,"

",Check sum is 4
train,"

















































",Check sum is T
train,                                                  ,Check sum is  
train,ssssssssssssssssssssssssssssssssssssssssssssssssss,Check sum is V
train,"CD
CD
CD
CD
CD
CD
CD
CD
CD
CD
CD
CD
CD
CD
CD
CD
CD",Check sum is 7
train,"x
y x
y x
y x
y x
y x
y x
y x
y x
y x
y x
y x
y x
",Check sum is &
train," 
 
 
 
 
 
 
 
 
 
 
 
 
 
 
 
 
 
 
 
 
 
 
 
 
",Check sum is :
train, ,Check sum is @
train,!,Check sum is A
train,"""",Check sum is B
train,#,Check sum is C
train,$,Check sum is D
train,%,Check sum is E
train,&,Check sum is F
train,',Check sum is G
train,(,Check sum is H
train,),Check sum is I
train,*,Check sum is J
train,+,Check sum is K
train,",",Check sum is L
train,-,Check sum is M
train,.,Check sum is N
train,/,Check sum is O
train,0,Check sum is P
train,1,Check sum is Q
train,2,Check sum is R
train,3,Check sum is S
train,4,Check sum is T
train,5,Check sum is U
train,6,Check sum is V
train,7,Check sum is W
train,8,Check sum is X
train,9,Check sum is Y
train,:,Check sum is Z
train,;,Check sum is [
train,<,Check sum is \
train,=,Check sum is ]
train,>,Check sum is ^
train,?,Check sum is _
train,@,Check sum is  
train,A,Check sum is !
train,B,"Check sum is """
train,C,Check sum is #
train,D,Check sum is $
train,E,Check sum is %
train,F,Check sum is &
train,G,Check sum is '
train,H,Check sum is (
train,I,Check sum is )
train,J,Check sum is *
train,K,Check sum is +
train,L,"Check sum is ,"
train,M,Check sum is -
train,N,Check sum is .
train,O,Check sum is /
train,P,Check sum is 0
train,Q,Check sum is 1
train,R,Check sum is 2
train,S,Check sum is 3
train,T,Check sum is 4
train,U,Check sum is 5
train,V,Check sum is 6
train,W,Check sum is 7
train,X,Check sum is 8
train,Y,Check sum is 9
train,Z,Check sum is :
train,[,Check sum is ;
train,\,Check sum is <
train,],Check sum is =
train,^,Check sum is >
train,_,Check sum is ?
train,`,Check sum is @
train,a,Check sum is A
train,b,Check sum is B
train,c,Check sum is C
train,d,Check sum is D
train,e,Check sum is E
train,f,Check sum is F
train,g,Check sum is G
train,h,Check sum is H
train,i,Check sum is I
train,j,Check sum is J
train,k,Check sum is K
train,l,Check sum is L
train,m,Check sum is M
train,n,Check sum is N
train,o,Check sum is O
train,p,Check sum is P
train,q,Check sum is Q
train,r,Check sum is R
train,s,Check sum is S
train,t,Check sum is T
train,u,Check sum is U
train,v,Check sum is V
train,w,Check sum is W
train,x,Check sum is X
train,y,Check sum is Y
train,z,Check sum is Z
train,{,Check sum is [
train,|,Check sum is \
train,},Check sum is ]
train,~,Check sum is ^
train,||,Check sum is X
train,oP,Check sum is _
train,dq,Check sum is 5
train,XM,Check sum is E
train,</,Check sum is K
train,_b,Check sum is !
train,+L,Check sum is W
train,"{""",Check sum is =
train,T_,Check sum is S
train,<P,"Check sum is ,"
train,:|,Check sum is V
train,-N,Check sum is [
train,?>,Check sum is ]
train,w_,Check sum is 6
train,'o,Check sum is 6
train,Fc,Check sum is I
train,]5,Check sum is 2
train,T2,Check sum is &
train,+E,Check sum is P
train,@z,Check sum is Z
train,{v,Check sum is Q
train,95,Check sum is N
train,Bb,Check sum is D
train,A\,Check sum is =
train,9|,Check sum is U
train,Xj,"Check sum is """
train,l3,Check sum is ?
train,rg,Check sum is 9
train,aw,Check sum is 8
train,G',Check sum is N
train,9\,Check sum is 5
train,$X,Check sum is \
train,wY,Check sum is 0
train,BT,Check sum is 6
train,$J,Check sum is N
train,4G,Check sum is [
train,ox,Check sum is G
train,"
*",Check sum is T
train,X{,Check sum is 3
train,>G,Check sum is %
train,:V,Check sum is 0
train,e[,Check sum is  
train,wx,Check sum is O
train,]6,Check sum is 3
train,%_,Check sum is $
train,5d,Check sum is 9
train,=v,Check sum is S
train,v!,Check sum is 7
train,[Q,Check sum is L
train,1-,Check sum is >
train,ii,Check sum is 2
train,OY,Check sum is H
train,.L,Check sum is Z
train,'f,Check sum is -
train,{j,Check sum is E
train,;Zh,Check sum is ]
train,6'V,Check sum is S
train,*;h,Check sum is -
train,~@@,Check sum is ^
train,"
~Q",Check sum is 9
train,K{I,Check sum is /
train,=[M,Check sum is E
train,UfE,Check sum is  
train,;.&,Check sum is /
train,|g`,Check sum is #
train,EbK,Check sum is R
train,8a\,Check sum is U
train,[g#,Check sum is E
train,mbq,Check sum is  
train,{30,Check sum is >
train,06+,Check sum is 1
train,/(p,Check sum is '
train,(l=,Check sum is 1
train,AL5,"Check sum is """
train,"2""&",Check sum is Z
train,vgz,Check sum is 7
train,/[n,Check sum is X
train,m+7,Check sum is /
train,a&6,Check sum is ]
train,}65,Check sum is H
train,)W>,Check sum is ^
train,qqh,Check sum is *
train,kll,Check sum is #
train,R$1,Check sum is G
train,<^),Check sum is #
train,<\k,Check sum is #
train,zo%,Check sum is .
train,"
,D",Check sum is Z
train,g2T,Check sum is M
train,4@{,Check sum is O
train,F%k,Check sum is 6
train,fbV,Check sum is >
train,?{V,Check sum is 0
train,"""JY",Check sum is %
train,\+),Check sum is P
train,$u5,Check sum is .
train,nRj,Check sum is J
train,]$Z,Check sum is ;
train,2}H,Check sum is W
train,O\j,Check sum is 5
train,"*t""",Check sum is  
train,I(`,Check sum is 1
train,Tru,Check sum is [
train,>c@,Check sum is A
train,n`T,Check sum is B
train,"D-MCQ4
dWS]l`GwC+#.LB>NAz|6tG!,L\@[<Bb:Es{c&^W{
",Check sum is F
train,T5AJU1x,Check sum is 2
train,"^1aG8<k}qk['E74vX_X_s-edE1%2f#Gkm\#,>I!)(1",Check sum is X
train,g<]t_s2E\X}tB0)X9Ne*HWB )CW1^)U&2~8Ii,Check sum is \
train,"Ko}9:.G`jDd/M-&J|X=6z
^
b",Check sum is _
train,$_1l;Q\LZ 720CW\4(z.x#W,Check sum is 3
train,"AS)\N>*
 gn4aGEMAG@i>Fx:",Check sum is C
train,P|]o<0'NT^\IRP-qgG71z4BQD>f^N;l0z!%/C2(,Check sum is >
train,"Q  M\T`V:N>+*8ZUxW>,fUon""J!5Ce;
aGU(#OytHcfpv",Check sum is !
train,a*g/p,Check sum is 1
train,"	6Qv
q`b[=ilg0ngQ[-d@b
Zx=sasm""M;",Check sum is R
train,Gq>A_AH_>4,Check sum is P
train, W,Check sum is W
train,"z}.qCz1w1AvR.{O[P""? )N<Vu K(o['",Check sum is ;
train,=>UX$WJvv|],Check sum is R
train,"vs+jE]P$d	4/GXaTz'Z,8rBJx)]	",Check sum is <
train,">?g]H7,d^g}M.]",Check sum is J
train,Q!c	7-;VtqjYrib^xx26t%1zo+j@M}J ;ra</[rOZb~G%]{r,Check sum is O
train,"rS5
h-*+i",Check sum is 7
train,dvhH204Cos#VRL%Y^=M/k^cXwu|K)h.y?0pvQ.Vtc?Ls?P,Check sum is N
train,"	A;'hGJ_v	<vP_k
l?JE[]+HDgAIwUb.}<*Ki`<","Check sum is """
train,"F""~
.i0/Jp(2J%e1Ljk/Q#*P >N}t?igb",Check sum is +
train,/%,Check sum is 4
train,"{.z[AIYG8+s,<\7j}*W0i8xM.Vv_Xt.kpL*H{GmaKHqA^R.,","Check sum is """
train,)4:	28	Ex#c)Ul,Check sum is  
train,mS0`Ij}mt-u5K=]>Q+p,Check sum is '
train,ea50Q,Check sum is \
train,	ZbXqlEv{>:{S_%X|X0W[4)ZN%ku1C %.yy!(%?hW_}y|q|~-,Check sum is  
train,"gN{2[9sF]eT3h8Ft=5OMl(lHcjM""",Check sum is D
train,"S).q.
",Check sum is 3
train,"*l|d%k
G`KiTJSLAM. JJZN
LS$!as':4kSvYq%mrOL""3",Check sum is )
train,NIjXN?r7	MG&g;eA+2YM!bh3/pfjS,Check sum is ]
train,"9
gu!7zSdb*Y%+/M5",Check sum is .
train,-$RvU0UeI,Check sum is A
train,"Ol

%}(c*^zf<{Ll?:-
i&nm1>]vW`",Check sum is F
train,"|T4=:(Q,	?(GS_
b9*+$#s:/_YE)
5z6]Xr",Check sum is B
train,<FeI7.J,Check sum is ?
train,"p""b{AO}|CC~b	x5_mV[0	",Check sum is *
train,"Vce71B +:M	V&Mg_xEd(B,|24a@#h-L~YhqdC""*tYLq6v>r]",Check sum is 6
train,"0hef] ?h;Ggp+6b1Q/Q@G8<=%F
l&sV5!o/[X:q&b_[3d",Check sum is 8
train,#3Tie_%s,Check sum is O
train,"{B*,*8Ja]nK}afYfu-_p/ tUiA(b""YHurFm2faq1""M9Of",Check sum is +
train,"QM~H&(KscZ,[z-tCJ&o~3o.~J72lo}$$H",Check sum is 8
train,")bKF;8+ucR,DZCo{W{+$F8Rh9G%2	F""O82vY5",Check sum is Y
train,"'@Y:(""w_Z]LqiC]`S",Check sum is *
train,~zBh	N.*S:&0%*[<rPK	3j%/:J!&=*=eGdXIiD[`F@qw3Zc,Check sum is '
train,Ml,Check sum is Y
train,(RG+Yu4uBiphGwShsk@P';:o.by 2TOE)	,Check sum is -
train,^'(M^@xl)t+:UtUPA:%,"Check sum is ,"
train,"Y9HFHyT/Wiuur8.~<boac,Cd	CiKYc^hm	?e?VY[lC]i kDzST",Check sum is 2
train,\9^v+230Xm:Sh>cd,Check sum is H
train,(A`.!2i,Check sum is S
train,Z+don`[v3'0|O]DdJ\&v4M~XGILofLwBKALXt}6|sT?WuP,Check sum is 5
train,",\1PLrpg,?b	xe
~}[2c?&UJ[t!Z",Check sum is 4
train,dl!WVg!Ml%DZRXr$f,Check sum is (
train,kgp/9#OEy#y,Check sum is V
train,O\!`pa,Check sum is ]
train,1M6	2G2)z:-fPK/=OI0(%d7jD,Check sum is ]
train,+$/CZp!AqmO=Qc3Ojq;eLmu	rN2vv(Xlj]Ytt,Check sum is 1
train,"a/]|""Y(7#7	:7q*/*s_{f|IU.[>2bB^&;",Check sum is T
train,*KJfZ/n5s>+270}phMs[8of#M=t>B'Facx>z|9I,Check sum is #
train,q	Xw$,Check sum is M
train,"7.-
w*09f Dn+_}w6P-71F/[p\oWcoezY",Check sum is C
train,a[+%dfJ	t&]GyeANL9vOUteVcibz8BG+55F91Co{)'[OO'^,Check sum is +
train,"Z_k-
z$*[2 :n+]k*q,NBmqJ!
Z_&'S|6Nj",Check sum is 8
train,"'x}1kl~FSLb+WOGW\[~kJDg%825ZRZ$&k8""!3x&M7Sq/CRw",Check sum is [
train,|aFeThW>L&4!rz}!Z*?0,Check sum is =
train,3MZZV@9HZ|4,Check sum is 5
train,el/&A#Z`om:/!#HA3]W*@6hxCNw|ESzP|6evw.Q/7=,Check sum is )
train,t0,Check sum is D
train,Fw,Check sum is ]
train,9b	O%/8/Eo$D$/_qpR<A>^|Nh+<ABz,Check sum is >
train,%iB<wbl!ryKwprBIF:,"Check sum is ,"
train,">nV^+$!*UI<EZ?>UfA:y""~MK<POD;BJ-oSY9""kx$OO:",Check sum is _
train,=_0|YT6G.9P@h,Check sum is 1
train,RoTZ41)o)vc$V[ePKG},Check sum is '
train,"<YzR^&KJ8&Ea""vt>BA3s?F ($M27/
?+~HI![lhP3f",Check sum is #
train,lsbuu9,Check sum is D
train,"~YP8.2JO?;#Q!
x",Check sum is I
train,P=fiX3KaD`sk	mS<x_Jjj:gB,Check sum is R
train,"@,t""vCxpXYaKL.V[$[:~xvnr",Check sum is P
train,"mdu	q1g\j_fj/Zp!er$VC0&MI%])fFVTPM!,hC}IQ<D$N",Check sum is &
train,"ga1U;={J/
uV>\I7!X$""p*36=9lS.",Check sum is .
train,0oiRV:u;s6%(w.<-#s4<,Check sum is D
train,"_zGjs2o7` F,]4T/5emNc",Check sum is 3
train,	ji?Qx45iMlqWHK5|7zm(VHO,Check sum is N
train,}FqMMKBb	)dv'L	/@J8v\gG3Wsqd_CU|~zK[^k,Check sum is B
train,"X&I6TE>.j29\
",Check sum is ]
train,"atF-N]wgn%deb~;VTj"",7vkv
EgTO1j%3%BKsnR u:Nv
",Check sum is &
test,j^,Check sum is (
test,5L,Check sum is !
test,!Z,Check sum is [
test,R<,Check sum is .
test,Zl,Check sum is &
test,|M,Check sum is )
test,Nf,Check sum is T
test,cK,Check sum is N
test,n.,Check sum is <
test,.4,Check sum is B
test,zJ,Check sum is $
test,b',Check sum is )
test,`u,Check sum is 5
test,R=,Check sum is /
test,q},Check sum is N
test,&j,Check sum is 0
test,"5,",Check sum is A
test,Ar,Check sum is S
test,Lv,"Check sum is """
test,6Z,Check sum is 0
test,T7,Check sum is +
test,1b,Check sum is 3
test,08,Check sum is H
test,0!,Check sum is 1
test,1%,Check sum is 6
test,!h,Check sum is )
test,an,Check sum is /
test,_^,Check sum is ]
test,E(,Check sum is M
test,8K,Check sum is #
test,4S,Check sum is '
test,.Q,Check sum is _
test,J:,Check sum is $
test,#>,Check sum is A
test,8Y,Check sum is 1
test,uj,Check sum is ?
test,9>,Check sum is W
test,3t,Check sum is G
test,&s,Check sum is 9
test,]w,Check sum is 4
test,;U,Check sum is 0
test,?P,Check sum is /
test,GX,Check sum is ?
test,%X,Check sum is ]
test,y9,Check sum is R
test,)d,Check sum is -
test,Uq,Check sum is &
test,"K,",Check sum is W
test,E0,Check sum is U
test,}Q,Check sum is .
test,H:,"Check sum is """
test,Xk,Check sum is #
test,%!,Check sum is &
test,p/,Check sum is ?
test,ED,Check sum is )
test,&c,Check sum is )
test,V~,Check sum is 4
test,=#,Check sum is @
test,R[,Check sum is M
test,Mf,Check sum is S
test,;H,Check sum is #
test,"""/",Check sum is 1
test,j	,Check sum is S
test,yG,Check sum is  
test,"!,",Check sum is -
test,_#,"Check sum is """
test,Z!,Check sum is [
test,L(,Check sum is T
test,Lq,Check sum is ]
test,P:,Check sum is *
test,$h,"Check sum is ,"
test,2Q,Check sum is #
test,t`,Check sum is 4
test,{!,Check sum is <
test,/w,Check sum is F
test,hz,Check sum is B
test,M;,Check sum is (
test,ZI,Check sum is C
test,zB,Check sum is \
test,Ij,Check sum is S
test,"B,",Check sum is N
test,=},Check sum is Z
test,;j,Check sum is E
test,x>,Check sum is V
test,<>,Check sum is Z
test,gG,Check sum is N
test,"Z""",Check sum is \
test,Dz,Check sum is ^
test,9`,Check sum is 9
test,=],Check sum is :
test,(_,Check sum is '
test,Ln,Check sum is Z
test,i},Check sum is F
test,;x,Check sum is S
test,o9,Check sum is H
test,fp,Check sum is 6
test,A7,Check sum is X
test,}#,Check sum is @
test,K7,"Check sum is """
test,"T,",Check sum is  
test,"0
",Check sum is Z
test,m<,Check sum is I
test,68,Check sum is N
test,y4,Check sum is M
test,	k,Check sum is T
test,lv,Check sum is B
test,K5,Check sum is  
test,ER,Check sum is 7
test,	{,Check sum is $
test,rS,Check sum is %
test,1I,Check sum is Z
test,N|,Check sum is *
test,!>,Check sum is ?
test,C-,Check sum is P
test,4j,Check sum is >
test,zd,Check sum is >
test,>|,Check sum is Z
test,La,Check sum is M
test,Sa,Check sum is T
test,\S,Check sum is O
test,c^,Check sum is !
test,<d,Check sum is @
test,j&,Check sum is 0
test,O9,Check sum is (
test,y`,Check sum is 9
test,Mm,Check sum is Z
test,PT,Check sum is D
test,D&,Check sum is J
test,=R,Check sum is /
test,b3,Check sum is 5
test,B/,Check sum is Q
test,~u,Check sum is S
test,|M,Check sum is )
test,{G,"Check sum is """
test,AI,Check sum is *
test,3s,Check sum is F
test,gy,Check sum is @
test,KK,Check sum is 6
test,Y^,Check sum is W
test,c9,Check sum is <
test,1>,Check sum is O
test,y-,Check sum is F
test,s},Check sum is P
test,|7,Check sum is S
test,Y{,Check sum is 4
test,!{,Check sum is <
test,:0,Check sum is J
test,-B,Check sum is O
test,a(,Check sum is )
test,@w,Check sum is W
test,$l,Check sum is 0
test,+z,Check sum is E
test,cl,Check sum is /
test,I.,Check sum is W
test,	9,"Check sum is """
test,Mi,Check sum is V
test, v,Check sum is 6
test,	v,Check sum is _
test,-s,Check sum is @
test,-',Check sum is 4
test,7W,Check sum is .
test,e0,Check sum is 5
test,;P,Check sum is +
test,"R
",Check sum is <
test,*4,Check sum is >
test,)U,Check sum is ^
test,ae,Check sum is &
test,]<,Check sum is 9
test,-),Check sum is 6
test,Jv,Check sum is  
test,Jo,Check sum is Y
test,A%,Check sum is F
test,6_,Check sum is 5
test,Fd,Check sum is J
test,Hk,Check sum is S
test,"m,",Check sum is 9
test,qR,Check sum is #
test,ml,Check sum is 9
test,f6,Check sum is <
test,[V,Check sum is Q
test,zX,Check sum is 2
test,(1,Check sum is 9
test,"""~",Check sum is @
test,gn,Check sum is 5
test,sG,Check sum is Z
test,k$,Check sum is /
test,u;,Check sum is P
test,NM,Check sum is ;
test,fU,Check sum is [
test,"
r",Check sum is \
test,'&,Check sum is -
test,t`,Check sum is 4
test,fN,Check sum is T
test,]i,Check sum is &
test,zh,Check sum is B
test,mP,Check sum is ]
test,	),Check sum is R
test,hI,Check sum is Q
test,\},Check sum is 9
test,",L",Check sum is X
test,yp,Check sum is I
test,`I,Check sum is I
test,%g,"Check sum is ,"
test,1*,Check sum is ;
test,#X,Check sum is [
test,Cw,Check sum is Z
test,"i""",Check sum is +
test,7H,Check sum is _
test,?_,Check sum is >
test,Ym,Check sum is &
test,J ,Check sum is J
test,rt,Check sum is F
test,?;,Check sum is Z
test,!8,Check sum is 9
test,$$,Check sum is (
test,k%,Check sum is 0
test,8e,Check sum is =
test,{&,Check sum is A
test,",x",Check sum is D
test,h@,Check sum is H
test,TI,Check sum is =
test,JH,Check sum is 2
test,:P,Check sum is *
test,~C,Check sum is !
test,?`,Check sum is ?
test,Ax,Check sum is Y
test,Nl,Check sum is Z
test,]+,Check sum is (
test,6	,Check sum is _
test,L2,Check sum is ^
test,IZ,Check sum is C
test,&Q,Check sum is W
test,M&,Check sum is S
test,Fa,Check sum is G
test,u=,Check sum is R
test,p&,Check sum is 6
test,3],Check sum is 0
test,-2,Check sum is ?
test,E#,Check sum is H
test,K>,Check sum is )
test,D3,Check sum is W
test,",u",Check sum is A
test,Hn,Check sum is V
test,"Z""",Check sum is \
test,",Z",Check sum is &
test,s:,Check sum is M
test,_a,Check sum is  
test,6D,Check sum is Z
test,Ko,Check sum is Z
test,N1,Check sum is _
test,yZ,Check sum is 3
test,K<,Check sum is '
test,~*,Check sum is H
test,"C""",Check sum is E
test,E~,Check sum is #
test,3<,Check sum is O
test,"""^",Check sum is  
test,"a""",Check sum is #
test,",3",Check sum is ?
test,"""7",Check sum is 9
test,U#,Check sum is X
test,u^,Check sum is 3
test,Aw,Check sum is X
test,j;,Check sum is E
test,r%,Check sum is 7
test,{n,Check sum is I
test,A9,Check sum is Z
test,_c,"Check sum is """
test,~-,Check sum is K
test,"#
",Check sum is M
test,B0,Check sum is R
test,Z*,Check sum is $
test,BL,Check sum is .
test,#b,Check sum is %
test,|\,Check sum is 8
test,<@,Check sum is \
test,g),Check sum is 0
test,B`,Check sum is B
test,~<,Check sum is Z
test,JY,Check sum is C
test,H',Check sum is O
test,.s,Check sum is A
test,.|,Check sum is J
test,hs,Check sum is ;
test,z+,Check sum is E
test,5?,Check sum is T
test,.k,Check sum is 9
test,/?,Check sum is N
test, 8,Check sum is 8
test,U!,Check sum is V
test,S5,Check sum is (
test,P4,Check sum is $
test,#4,Check sum is 7
test,"0
",Check sum is Z
test,C5,Check sum is X
test,/d,Check sum is 3
test,q{,Check sum is L
test,zU,Check sum is /
test,"k
",Check sum is U
test,",C",Check sum is O
test,a?,Check sum is @
test,/w,Check sum is F
test,@c,Check sum is C
test,y',Check sum is @
test,tw,Check sum is K
test,XF,Check sum is >
test,"G
",Check sum is 1
test,V{,Check sum is 1
test,g-,Check sum is 4
test,nt,Check sum is B
test,@C,Check sum is #
test,`4,Check sum is 4
test,H<,Check sum is $
test,~D,"Check sum is """
test,GA,Check sum is (
test,1=,Check sum is N
test,	8,Check sum is !
test,Ef,Check sum is K
test,EB,Check sum is '
test,7d,Check sum is ;
test,G_,Check sum is F
test,A<,Check sum is ]
test,B_,Check sum is A
test,?E,Check sum is $
test, v,Check sum is 6
test,=@,Check sum is ]
test,Dz,Check sum is ^
test,}[,Check sum is 8
test,\],Check sum is Y
test,.#,Check sum is 1
test,	E,Check sum is .
test,XE,Check sum is =
test,Nw,Check sum is %
test,">
",Check sum is (
test,#-,Check sum is 0
test,^g,Check sum is %
test,JD,Check sum is .
test,J6,Check sum is  
test,M@,Check sum is -
test,FQ,Check sum is 7
test,Zh,"Check sum is """
test,:.,Check sum is H
test,TV,Check sum is J
test,Ef,Check sum is K
test,k=,Check sum is H
test,6A,Check sum is W
test,($,"Check sum is ,"
test,H_,Check sum is G
test,Fq,Check sum is W
test,]z,Check sum is 7
test,c~,Check sum is A
test,dM,Check sum is Q
test,(@,Check sum is H
test,(i,Check sum is 1
test,%y,Check sum is >
test,`G,Check sum is G
test,y7,Check sum is P
test,T/,Check sum is #
test,|#,Check sum is ?
test,mQ,Check sum is ^
test,E&,Check sum is K
test,{.,Check sum is I
test,-M,Check sum is Z
test,"H,",Check sum is T
test,6U,Check sum is +
test,xX,Check sum is 0
test,l>,Check sum is J
test,E ,Check sum is E
test,BW,Check sum is 9
test,"i
",Check sum is S
test,5x,Check sum is M
test,<t,Check sum is P
test,)`,Check sum is )
test,J(,Check sum is R
test,S.,Check sum is !
test,T8,"Check sum is ,"
test,*M,Check sum is W
test,Ld,Check sum is P
test,lr,Check sum is >
test,"
6",Check sum is  
test,`U,Check sum is U
test,69,Check sum is O
test,x#,Check sum is ;
test,	A,Check sum is *
test,eg,"Check sum is ,"
test,"""R",Check sum is T
test,Gu,Check sum is \
test,cw,Check sum is :
test,}d,Check sum is A
test,fl,Check sum is 2
test,)@,Check sum is I
test,\!,Check sum is ]
test,-_,"Check sum is ,"
test,.&,Check sum is 4
test,#t,Check sum is 7
test,5d,Check sum is 9
test,"
p",Check sum is Z
test,cV,Check sum is Y
test,"""
",Check sum is L
test,z>,Check sum is X
test,bO,Check sum is Q
test,~M,Check sum is +
test,"""J",Check sum is L
test,"""#",Check sum is %
test,>K,Check sum is )
test,qd,Check sum is 5
test,:E,Check sum is _
test,/n,Check sum is =
test,"R""",Check sum is T
test,hW,Check sum is _
test,&/,Check sum is 5
test,Ap,Check sum is Q
test,6A,Check sum is W
test,J?,Check sum is )
test,;G,"Check sum is """
test,"0""",Check sum is 2
test,s3,Check sum is F
test,7v,Check sum is M
test,;{,Check sum is V
test,*E,Check sum is O
test,s	,Check sum is \
test,DK,Check sum is /
test,&f,"Check sum is ,"
test,*<,Check sum is F
test,z#,Check sum is =
test,[s,Check sum is .
test,@A,Check sum is !
test,.i,Check sum is 7
test,ay,Check sum is :
test,	r,Check sum is [
test,9l,Check sum is E
test,j`,Check sum is *
test,N9,Check sum is '
test,2L,Check sum is ^
test,`b,"Check sum is """
test,QL,Check sum is =
test,k{,Check sum is F
test,%y,Check sum is >
test,f>,Check sum is D
test,_Q,Check sum is P
test,D+,Check sum is O
test,2},Check sum is O
test,3c,Check sum is 6
test,7b,Check sum is 9
test,-n,Check sum is ;
test,;p,Check sum is K
test,"g,",Check sum is 3
test,Kv,Check sum is !
test,n?,Check sum is M
test,Z@,Check sum is :
test,7W,Check sum is .
test,9$,Check sum is =
test,-D,Check sum is Q
test,gU,Check sum is \
test,"o,",Check sum is ;
test,Qv,Check sum is '
test,\M,Check sum is I
test,z&,Check sum is @
test,rh,Check sum is :
test,AT,Check sum is 5
test,c9,Check sum is <
test,=?,Check sum is \
test,Ne,Check sum is S
test,v^,Check sum is 4
test,&<,Check sum is B
test,ti,Check sum is =
test,K2,Check sum is ]
test,\i,Check sum is %
test,JB,"Check sum is ,"
test,>C,Check sum is !
test,Tj,Check sum is ^
test,G],Check sum is D
test,X],Check sum is U
test,eR,Check sum is W
test,3R,Check sum is %
test,sD,Check sum is W
test,|7,Check sum is S
test,B7,Check sum is Y
test,j!,Check sum is +
test,"J""",Check sum is L
test,7y,Check sum is P
test,Z7,Check sum is 1
test,"3
",Check sum is ]
test,|v,Check sum is R
test,#0,Check sum is 3
test,j>,Check sum is H
test,KE,Check sum is 0
test,"',",Check sum is 3
test,"0,",Check sum is <
test,d>,Check sum is B
test,ck,Check sum is .
test,>8,Check sum is V
test,Db,Check sum is F
test,`E,Check sum is E
test,n[,Check sum is )
test,/E,Check sum is T
test,"}""",Check sum is ?
test,FP,Check sum is 6
test,Rb,Check sum is T
test,~ ,Check sum is >
test,i#],Check sum is I
test,1uv,Check sum is <
test,a0b,Check sum is S
test,K<B,Check sum is )
test,^Hm,Check sum is 3
test,D&<,Check sum is F
test,:2q,Check sum is =
test,"""=[",Check sum is Z
test,FcF,Check sum is O
test,V-a,Check sum is D
test,$\B,"Check sum is """
test,p;e,Check sum is 0
test,<ql,Check sum is 9
test,"6@""",Check sum is 8
test,@8Z,Check sum is 2
test,|hr,Check sum is 6
test,$w6,Check sum is 1
test,m:~,Check sum is E
test,"6""o",Check sum is '
test,Vd/,Check sum is I
test,o_M,Check sum is ;
test,#Lw,Check sum is F
test,g.N,Check sum is C
test,-[*,Check sum is R
test,i\h,Check sum is M
test,#>X,Check sum is Y
test,r]f,Check sum is U
test,	no,Check sum is F
test,&>Y,Check sum is ]
test,TQo,Check sum is 4
test,wIb,Check sum is B
test,t!(,Check sum is ]
test,&NV,Check sum is *
test,ujw,Check sum is 6
test,/J&,Check sum is ?
test,NwK,Check sum is 0
test,PlE,Check sum is !
test,'6k,Check sum is (
test,Z=),Check sum is  
test,Rab,Check sum is 5
test,BzF,"Check sum is """
test,Vh',Check sum is E
test,aLR,Check sum is _
test,VXN,Check sum is \
test,TCO,Check sum is F
test,hu$,Check sum is !
test,Vge,Check sum is B
test,BI*,Check sum is U
test,;lB,Check sum is I
test,V?f,Check sum is [
test,mYP,Check sum is 6
test,]TY,Check sum is *
test,0>l,Check sum is :
test,"$I,",Check sum is 9
test,+8-,Check sum is 0
test,_b+,Check sum is L
test,HMZ,Check sum is O
test,"
D|",Check sum is *
test,b6M,Check sum is E
test,hHi,Check sum is 9
test,",<`",Check sum is (
test,2\h,Check sum is V
test,W}7,Check sum is +
test,/f>,Check sum is 3
test,;E{,Check sum is [
test,}!|,Check sum is :
test,}Si,Check sum is Y
test,rOE,Check sum is &
test,h:T,Check sum is V
test,kTs,Check sum is R
test,G+t,Check sum is F
test,!v},Check sum is 4
test,s:%,Check sum is 2
test,C8A,Check sum is \
test,2+d,Check sum is !
test,CI ,Check sum is L
test,v.^,"Check sum is """
test,6CH,Check sum is !
test,_'4,Check sum is Z
test,v=s,Check sum is F
test,fGB,Check sum is O
test,H1.,Check sum is G
test,XDV,Check sum is R
test,8n7,Check sum is =
test,9VO,Check sum is >
test,Bq_,Check sum is 2
test,V+[,Check sum is <
test,uE2,Check sum is L
test,G14,Check sum is L
test,]+D,"Check sum is ,"
test,	GA,Check sum is 1
test,O^X,Check sum is %
test,)bQ,Check sum is <
test,"Jy
",Check sum is -
test,p	x,Check sum is Q
test,jgP,Check sum is A
test,WZ:,Check sum is K
test,z]1,Check sum is (
test,i'?,Check sum is /
test,NF[,Check sum is O
test,7_E,Check sum is ;
test,6va,Check sum is -
test,Fl(,Check sum is :
test,	/U,Check sum is -
test,@S],Check sum is P
test,IAl,Check sum is V
test,Z*b,Check sum is F
test,:([,Check sum is ]
test,dF&,Check sum is 0
test,"P,p",Check sum is L
test,Jdo,Check sum is =
test,@=v,Check sum is S
test,;+),Check sum is /
test,koE,Check sum is ?
test,'~L,Check sum is Q
test,IH],Check sum is N
test,QU7,Check sum is =
test,N(\,Check sum is 2
test,)+/,Check sum is #
test,!+*,Check sum is V
test,`Ky,Check sum is D
test,/QH,Check sum is (
test,"g
>",Check sum is O
test,_PS,"Check sum is """
test,"""7d",Check sum is ]
test,+U6,Check sum is V
test,[pc,Check sum is N
test,^J(,Check sum is 0
test,6Xw,Check sum is %
test,K7v,Check sum is X
test,Ra?,Check sum is R
test,JH),Check sum is [
test,iJu,Check sum is H
test,*\`,Check sum is F
test,z^L,Check sum is D
test,ulp,Check sum is 1
test,=>-,Check sum is H
test,i &,Check sum is O
test,I}3,Check sum is Y
test,:-X,Check sum is _
test,TZ3,Check sum is A
test,B:6,Check sum is R
test,F0m,Check sum is C
test,hj=,Check sum is /
test,poO,Check sum is N
test,"
;{",Check sum is  
test,ZX3,Check sum is E
test,njz,Check sum is 2
test,"&E,",Check sum is 7
test,[il,Check sum is P
test,$fO,Check sum is 9
test,7-y,Check sum is =
test,|Ei,Check sum is J
test,k{<,Check sum is B
test,eSx,Check sum is P
test,OW?,Check sum is E
test,W)	,Check sum is )
test,1Xj,Check sum is S
test,$h#,Check sum is O
test,G?8,Check sum is ^
test,$]E,Check sum is &
test,v`F,Check sum is <
test,?U;,Check sum is /
test,peS,Check sum is H
test,0h&,Check sum is ^
test,W_1,Check sum is G
test,GhV,Check sum is %
test,B7$,Check sum is =
test,4Z@,Check sum is .
test,YuR,Check sum is @
test,*z.,Check sum is 2
test,'jp,Check sum is !
test,ssD,Check sum is J
test,*mA,Check sum is 8
test,?kQ,Check sum is [
test,6kE,Check sum is F
test,F6P,"Check sum is ,"
test,OD%,Check sum is X
test,U2b,Check sum is I
test,"U2
",Check sum is 1
test,T_.,Check sum is A
test,tHd,Check sum is @
test,~O5,"Check sum is """
test,(*6,Check sum is (
test,Fv:,Check sum is V
test,[y=,Check sum is 1
test,{mq,Check sum is 9
test,MNp,Check sum is +
test,HFg,Check sum is U
test,#2~,Check sum is 3
test,OII,Check sum is A
test,UXD,Check sum is Q
test,b==,Check sum is <
test,jVR,Check sum is 2
test,(?>,Check sum is E
test,6?+,Check sum is @
test,-`k,Check sum is X
test,	R?,Check sum is :
test,"gL
",Check sum is ]
test,{Pe,Check sum is P
test,"J,G",Check sum is ]
test,lIt,Check sum is I
test,fhd,Check sum is R
test,`=y,Check sum is 6
test,;D5,Check sum is T
test,R;x,Check sum is %
test,.GK,Check sum is  
test,^_e,Check sum is B
test,#gb,Check sum is L
test,BuL,Check sum is #
test,zin,Check sum is 1
test,"U,L",Check sum is -
test,<+D,Check sum is K
test,ya6,Check sum is 0
test,5qz,Check sum is @
test,hlQ,Check sum is E
test,`	Y,"Check sum is """
test,L)m,Check sum is B
test,Q{E,Check sum is 1
test,L|2,Check sum is Z
test,"v""(",Check sum is  
test,]3Z,Check sum is J
test,"H,5",Check sum is I
test,"`$
",Check sum is .
test,(F`,Check sum is .
test,8C_,Check sum is :
test,39R,Check sum is ^
test,kyR,Check sum is V
test,"TJ
",Check sum is H
test,R!f,Check sum is 9
test,/vu,Check sum is :
test,	lY,Check sum is .
test,8v],Check sum is +
test,V]p,Check sum is C
test,Bvy,Check sum is Q
test,qYy,Check sum is #
test,$Q~,Check sum is S
test,Hj},Check sum is O
test,\W&,Check sum is 9
test,A~@,Check sum is _
test,U5W,Check sum is A
test,BsG,Check sum is \
test,SvW,Check sum is @
test,?Z@,Check sum is 9
test,G5a,Check sum is =
test,IO2,Check sum is *
test,@x2,Check sum is J
test,XMI,Check sum is N
test,AFW,Check sum is >
test,F7q,Check sum is N
test,Ps+,Check sum is N
test,td5,Check sum is -
test,\6h,Check sum is Z
test,8Cj,Check sum is E
test,x=s,Check sum is H
test,@]6,Check sum is 3
test,EQM,Check sum is C
test,#9g,Check sum is #
test,zSC,Check sum is 0
test,=S',Check sum is W
test,KS),Check sum is '
test,FOP,Check sum is E
test,:fs,Check sum is 3
test,;4x,Check sum is G
test,y9C,Check sum is U
test,@*T,Check sum is ^
test,\Ic,Check sum is (
test,"
u*",Check sum is I
test,tXx,Check sum is $
test,|\P,Check sum is H
test,5<M,Check sum is ^
test,TI&,Check sum is #
test,'go,Check sum is ]
test,&tI,Check sum is C
test,d+ ,Check sum is O
test,1UL,Check sum is 2
test,9.!,Check sum is (
test,2:j,Check sum is 6
test,1I6,Check sum is P
test,=PG,Check sum is 4
test,R *,Check sum is <
test,440,Check sum is 8
test,"k
-",Check sum is B
test,I-U,Check sum is +
test,n`7,Check sum is %
test,P$_,Check sum is 3
test,"
,b",Check sum is 8
test,D+\,Check sum is +
test,@U!,Check sum is V
test,#{0,Check sum is .
test,SKU,Check sum is S
test,]en,Check sum is P
test,uhQ,Check sum is N
test,"e,u",Check sum is &
test,"^#,",Check sum is M
test,"
k8",Check sum is M
test,4}r,Check sum is C
test,QGe,Check sum is ]
test,Qb(,Check sum is ;
test,DqJ,Check sum is _
test,u2X,Check sum is _
test,rvb,Check sum is *
test,l^v,Check sum is  
test,%\2,Check sum is S
test,Xjc,Check sum is E
test,~s_,Check sum is 0
test,~C ,Check sum is A
test,:3!,Check sum is .
test,o]O,Check sum is ;
test,xDx,Check sum is T
test,/wX,Check sum is ^
test,R;e,Check sum is R
test,"~],",Check sum is '
test,SP\,Check sum is _
test,"	,R",Check sum is '
test,gXu,Check sum is T
test,2^z,Check sum is *
test,GYM,Check sum is M
test,x4A,Check sum is M
test,"<,3",Check sum is ;
test,#IV,"Check sum is """
test,U}O,Check sum is A
test,l^L,Check sum is 6
test,WD&,Check sum is !
test,a|e,"Check sum is """
test,^ _,Check sum is =
test,nCx,Check sum is I
test,qod,Check sum is $
test,1FQ,Check sum is (
test,C%r,Check sum is :
test,Sg*,Check sum is D
test,.W4,Check sum is Y
test,{%0,Check sum is 0
test,",jy",Check sum is /
test,1wy,Check sum is A
test,{m-,Check sum is 5
test,Z'^,Check sum is ?
test,{:>,Check sum is S
test,cii,Check sum is U
test,RJ@,Check sum is <
test,kAE,Check sum is Q
test,2BR,Check sum is &
test,ay#,Check sum is ]
test,u ',Check sum is \
test,/~|,Check sum is I
test,Sv;,Check sum is $
test,"=X
",Check sum is ?
test,3(f,Check sum is !
test,QVQ,Check sum is X
test,:hp,Check sum is 2
test,hSy,Check sum is T
test,X1(,Check sum is Q
test,0GE,Check sum is \
test,%(@,Check sum is -
test,_Lt,Check sum is ?
test,"""3x",Check sum is -
test,u6k,Check sum is 6
test,Hc\,Check sum is '
test,_n ,Check sum is M
test,vp\,"Check sum is """
test,)j(,Check sum is [
test,;R?,"Check sum is ,"
test,%_I,Check sum is -
test,hz.,Check sum is 0
test,+el,Check sum is \
test,8^[,Check sum is Q
test,<_|,Check sum is 7
test,}5],Check sum is /
test,rQ	,"Check sum is ,"
test,"&
}",Check sum is M
test,6'e,"Check sum is """
test,s]Y,Check sum is I
test,oa%,Check sum is U
test,UDM,Check sum is F
test,|h\,Check sum is  
test,{2~,Check sum is K
test,vnO,Check sum is S
test,xw~,Check sum is M
test,:X4,Check sum is &
test,)\M,Check sum is 2
test,1h*,Check sum is #
test,HWT,Check sum is S
test,=P_,Check sum is L
test,Q&u,Check sum is L
test,t5&,Check sum is /
test,lvA,Check sum is C
test,+%1,Check sum is !
test,'tp,Check sum is +
test,7;|,Check sum is N
test,Uyn,Check sum is \
test,hpE,Check sum is =
test,"
1G","Check sum is """
test,I;e,Check sum is I
test,eJQ,Check sum is  
test,XOc,Check sum is *
test,%yo,Check sum is -
test,5P1,Check sum is V
test,4sd,Check sum is +
test,"
WK",Check sum is L
test,M },Check sum is J
test,DwA,Check sum is \
test,tD|,Check sum is T
test,1(e,Check sum is ^
test, a&,Check sum is G
test,h)?,Check sum is 0
test,DLp,Check sum is  
test,A&',Check sum is .
test, P%,Check sum is 5
test,M.L,Check sum is '
test,=ff,Check sum is )
test,ETS,Check sum is L
test,	^5,Check sum is <
test,~=%,Check sum is @
test,p{[,Check sum is &
test,`'^,Check sum is E
test,#T4,Check sum is K
test,\#;,Check sum is Z
test,zk2,Check sum is 7
test,zMs,Check sum is Z
test,`95,Check sum is .
test,S*!,Check sum is >
test,<Q0,Check sum is ]
test,epH,Check sum is =
test,#)j,Check sum is V
test,U>d,Check sum is W
test,m]@,Check sum is *
test,*t!,Check sum is _
test,<di,Check sum is )
test,"=,/",Check sum is 8
test,Ps8,Check sum is [
test,4VM,Check sum is 7
test,[.l,Check sum is U
test,_J|,Check sum is E
test,=g),Check sum is -
test,~_K,Check sum is H
test,k*},Check sum is 2
test,yBm,Check sum is H
test,K^l,Check sum is 5
test,Gxk,Check sum is J
test,=</,Check sum is H
test,(:Q,Check sum is S
test,=!t,Check sum is 2
test,Pk&,Check sum is A
test,"""]W",Check sum is 6
test,_.8,Check sum is %
test,00F,Check sum is F
test,8Pw,Check sum is _
test,~Z],Check sum is U
test,]}+,Check sum is %
test,;/k,Check sum is 5
test,b4+,Check sum is !
test,n;o,Check sum is 8
test,?1i,Check sum is 9
test,(OW,Check sum is .
test,"
`C",Check sum is M
test,;Yo,Check sum is #
test,jO~,Check sum is W
test,&{>,Check sum is ?
test,Nrw,Check sum is W
test,#& ,Check sum is I
test,QRl,Check sum is /
test,"""Q&",Check sum is 9
test,^*(,Check sum is P
test,PlU,Check sum is 1
test,",ie",Check sum is Z
test,{&a,"Check sum is """
test,e6a,Check sum is \
test,)z(,Check sum is +
test,'FG,Check sum is T
test,mu>,Check sum is @
test,=T@,Check sum is 1
test,J{W,Check sum is <
test,E#2,Check sum is :
test,"A
z",Check sum is %
test,<b3,Check sum is 1
test,]}t,Check sum is .
test,>Y!,Check sum is X
test,'#M,Check sum is 7
test,	+|,Check sum is P
test,p0J,Check sum is J
test,\RR,Check sum is  
test,1fu,"Check sum is ,"
test,(p2,Check sum is *
test,Gkz,Check sum is L
test,:iO,Check sum is R
test,"fv
",Check sum is F
test,2|;,Check sum is I
test,8`5,Check sum is -
test,q`s,Check sum is $
test,Jjg,Check sum is ;
test,"<"")",Check sum is '
test,YCa,Check sum is ]
test,Hec,Check sum is 0
test,n:V,Check sum is ^
test,PbN,Check sum is  
test,"""oT",Check sum is E
test,"r""%",Check sum is Y
test,Jin,Check sum is A
test,>QV,Check sum is E
test,",##",Check sum is R
test,u 0,Check sum is %
test,YukW[.uA@Ma8{-j.sV_xc`!T,Check sum is -
test,"KWq	J-oaBVAiuyi[)?q ,V;:x}Kt &0V HYEn",Check sum is [
test,rILq7H5J!4NR1pd,Check sum is P
test,"FYX'|KK6wi,1x1","Check sum is ,"
test,.NQF8-&w:A\;-ugl58ojiw.?/?mB,"Check sum is ,"
test,F5#.z&T~S$%n#2!iTF1>=\-,Check sum is V
test,/o2oFlHiML!2,Check sum is .
test,"N_+lPS67b!O7Xq!z84~7,",Check sum is .
test,")xS*nPoFlevE,Ww|S)rR))/.}8o_JCcwOo""e/iQ64{Y/%",Check sum is L
test,"#3q5 	!SC?2
e#:pBQ}`""&E-,/z3",Check sum is [
test,";jy[6C*g0W)""&5e",Check sum is 5
test," gyO-E|zB%8++~BQ%o""v<ylr\?>(rpk
	v^tut8mgy#7",Check sum is M
test,"<qlWX*8^v.S*Qw*at.c)r!7
lFYh2k",Check sum is .
test,6@,Check sum is V
test,"fj8KYHYC	d,y^*u($;E`);/Hy9GKA_)NOKm?{2/3#rd0BK-f",Check sum is ?
test,xnFM+O5mgl%{<:1v:&eC^`NMf!S56^ds}^Z|OM~a,Check sum is L
test,"	*CIm5pr%WlRtncUM/
",Check sum is =
test,"*r_)-DBl,Y<DNs]-/Qe9<",Check sum is M
test,"6n*<X8qNY5EK 08-$j(@OY>Xu@e]	!mp)HQi,KfwL",Check sum is I
test,S^gzr,Check sum is $
test,PYy;ma*l)m.G^akei.nICZPS7Z5(h.|onG*Y,Check sum is 0
test,IR8N@g!-e5)	1cKGEJR}cpCl{	:2&~,Check sum is \
test,"}(UO,Al{`![`PQbI4m""$$[$A}M?7hT19tx]`<[TwIf34:MFt",Check sum is X
test,"!(j}QnzpToG1)$G"",;M\gB_d'>*",Check sum is 5
test,"@4h&9""|{OF1}#(9-'uB",Check sum is F
test,*sk$FH?Uo^	e`A_\T?WIgob.BDd19THg\1Wk3Q*p[6o`|eKA,Check sum is /
test,"G}$ZHL$&ao knV~V<JZhEEFPi
>&+E5`1C@JKY*kD:#u",Check sum is D
test,"-m]dk'RvpToJ%fl=,-gqNzo&X\cF",Check sum is 1
test,"mXHwLTv3?NCDxeBZ/Z\
MD$x",Check sum is V
test,5t>$!&,Check sum is 2
test,"4AH= ci,uFX5 XG6detl,!n4iz
IOu>\i#>yO_",Check sum is L
test,"m@PapNxQYg}rb}iuWlV""#i@0(aNlP#*NjK?Z",Check sum is $
test,"'>ZRr{^[kegAyDlfWs8upQ#G,#8eGKRxD#1H0B`(o4",Check sum is E
test,"Z_}\_""""@#@9XYaMoRL*Ct*U4*S\pp^BGVl]}{5X,lGF~",Check sum is X
test,"*Bk6F!,hT
j-f`}/19V_~6u.LEMgwnTi1ad","Check sum is """
test,",UucbKXp[s5^lt&-$|'_}qj|@>1hkGa#F9X^""ZXKt+b6&)",Check sum is #
test,$!	|OGaT	e(,Check sum is K
test,"=1$l2:LQiI!O,^Up;4{mcI*gPng0^oW:
1vnXJy>V",Check sum is -
test,dB4BvBB ,Check sum is V
test,"	d8	`i'f,Z6[1o+hiJt:W3+bJ#Ng,<4$cU*)&M|1b|Q","Check sum is """
test,";:rq\H(FZKnRpO9Fo@X8.#B}WQ&X&
u+
GHt,*&
^JeoXBLr",Check sum is Y
test,<F'4Y	xcWmz|IrC2M!l10G(dDZb7ET+C#9_$N~Pb)V-,Check sum is 9
test,\tYv(6qbB(_ZTRY+ji}l{ve[svXAM^1ASz=i8d!tTXA@ku,Check sum is :
test,(M,Check sum is U
test,"gonhzeQ`}8
4kb*e`,7aVIZY*yv\V.Ys.Ba7G+ij8	G`vdUd",Check sum is .
test,M51q<;6mU,Check sum is 3
test,"b'66&x%&G
TkJNo^:]3LBwSz7g",Check sum is -
test,C0S<c}5I=Y>{W4FwfQ6My>b@f,Check sum is P
test,j\,Check sum is &
test,uO+9<b-LPN+x)=aC:(PKU@7}NWKO&t|X~#[Jn2#v.,Check sum is J
test,46vs\W4E,Check sum is _
test,"~:GeJ"":i67|=F'h;_HrSsv	QwPM6I1zB!r!r",Check sum is ^
test,"yOkWSQ}*;OlE!E
!0	`h7?}@}",Check sum is 2
test,"`}w^`7-5G;u4o%nTdGq
8",Check sum is *
test,"$&}1>V5K)}&\/$,fq:![gLpZ""z;b:I3P4Sh##X?",Check sum is (
test,6e,Check sum is ;
test,FXUT+C.&'V>z|;jboBbh,Check sum is \
test,05~00i=*x#V7;7)P4k (lH<5id5t,Check sum is H
test,"8{FffYo""qJT}'dc9)ABgiPyxoIQe]p7bk1fycl+C",Check sum is K
test,F?h+)@.Xm74%wn,Check sum is I
test,"5UnKL}'%SB/6+B8j7cA7O&""}1J!",Check sum is C
test,"G7/\]7anYjB[u~+Sr1XfV#/k9N
BO
",Check sum is =
test,"KG=2flzpB38PN,'=H.A9~iNa)=kJ6",Check sum is O
test,Sy/Q,"Check sum is ,"
test,AmPd~9T/xJNV}Wt[v,Check sum is ;
test,".\;tz>Z"" .{J^0f6s?<-khu?\6sq<-j=T",Check sum is F
test,?1a`4KZ0}o~*l7L'A,Check sum is E
test,"Fe}oS;k`T>93Aft)i{#Eh""HQa'zl	*>aUtDkImd/@iainBV",Check sum is ;
test,7v[w-b&sEogvTB4m(q90Jn%c0R,Check sum is S
test,l8 $}(,Check sum is -
test,9`+Y1YvaLV~~l4T~_D~U})u'PkL)Y|PTC1Ddq}-(,Check sum is .
test,Dk5T`'bwL(@iP+-,Check sum is =
test,7A5s>gYWR0OML?!Dr*48/O+,Check sum is T
test,"Rmgg_5 ]
Em,EdZ=-",Check sum is S
test,"-2].y|#Ql""$B)Z
K(W>BAVgSeYw[",Check sum is _
test,m%4KeVM#<P`%3Z|f#U*DP.7x:|,Check sum is %
test,"I0c}Cq!)fA,l$~",Check sum is X
test,u\(T5d+{2)lw}:,Check sum is !
test,gasRz-1\Vg=	sBhA1JI['(,Check sum is 0
test,"""VTZs",Check sum is 9
test,">0,4^6x@y[b*/V*Ys]/Ka",Check sum is M
test,"CBESpD,_t\-y]	 p4
kC'2YPoDeVWoW",Check sum is !
test,"\%]Z62	artirWK!""4I	 >N4#1<r 9",Check sum is Q
test,"4)mthcjLDy]622,j2)V1r-p@V$	Co&\M0	,l.\mh*9F	0y%M;N",Check sum is $
test,SLLx	@Ioh<B.Bn,Check sum is H
test,"hc&'zm.Au_A)tF0IG.KXLA<Aeo,\Jf""?YF=7'{IebIUi_&8EL>",Check sum is &
test,"?X$mIIA hKmeYD:pa9FXJT$C,Cxtn",Check sum is M
test,5/[|7pSf#{9`A\uOefv'o3VUdxO@_D>Q>{hIwh(:E,Check sum is U
test,"}<	zaKUQ{""\zBz[BWbZdiY",Check sum is 3
test,~x!&7;kDCs}`sA),Check sum is .
test,"@~{gv:t?g7
'[P$>G*",Check sum is 0
test,"-_!GGz'@&emH:5LHm=\__C(>y]U)T,&]
I.(Z8&*",Check sum is N
test,"`
Na4HqSY&90|3	fMnFKs-Xv$>YzA9L4N4v:w[8/p",Check sum is C
test,"n)T#Wg_zV!6dyrG""RW12{A",Check sum is 2
test,"[Jp3MD""\u2",Check sum is ^
test,"gNMsq'>q0|JC11&'@MI__H]RTY|2[4UK-*iwqZ""qoUPi7.F/",Check sum is E
test,"`S4Mw$&-[SHv
^=Ms@)bZtI$y
M2DH|",Check sum is #
test,pfDm'McuHQ4:m=J/<8wQxA;.kY|u,Check sum is 0
test,vq,Check sum is G
test,%DH#s>;4`cj+{3V4[K->VV|'}ptG,"Check sum is ,"
test,Vek$C%6rxq6;t_f,Check sum is M
test,"_tOT;""_iH!D]b<hUx%nuYi""(+[ axQ^F(4y
",Check sum is ?
test,"RxS6H%GAdqPIpDcsHqV""DlTvgK@y>Z	I=dA|""*[*qA7Xv",Check sum is F
test,mT^TRC8Ag#+6v;|&,Check sum is _
test,Wbw,Check sum is P
test,"s&_Cb80\V-,L@;",Check sum is 7
test,lmgO&	Blxb~VcB+:P)LO*5%&/<1'URYw,Check sum is <
test,eZ~R-?t?mqGOcg14IU'-6fT=JX=^n*!a:~ {tKYv,Check sum is H
test,"!IR}G""	.Zl@F#t6xb^P0_ $-#cEn6}01A<iUT%Fn6)E%sXA.0",Check sum is B
test,?\lXo\*{)F66hNl<M.~@+wa/VU^+/{_o,Check sum is ?
test,pCd~,Check sum is 5
test,"mJCSIK6-2r4J)4'U:_R6h/
8	(",Check sum is J
test,"Ix?O:,N!%p8mhL a[@L|]MvF""nIYY~YFVn",Check sum is (
test,1E(=0Wg<WB$NY>b9nIe>%^iIjv~C!?M3)~ST$0X `J81>,Check sum is ]
test,"~`&NT4CyaBJ}e:C1oVI
",Check sum is K
test,"'m(iZ,qcmBU4J;zuMnc@\",Check sum is E
test,"a+|m#KQ+w+./=@9i4(~[1A|^),dMzlV[p?v$ArD",Check sum is ;
test,"e]v""""vtOzIPUi`n4.""L:*AC""!= grxJxk/Y",Check sum is R
test,"5E_)=n(Mebr{"" @V{%	Nog'j1GSt""i!{65cG+L",Check sum is ^
test,ZRQ6!xQ0$yfn2'XPn(<b]|P*-tKLlqrmj~>3f%iJj{,Check sum is V
test,99PD,Check sum is &
test,Haw_U,Check sum is 4
test,"$]Dzz>5?,$)9/^@B+%Z<",Check sum is 2
test, ]M,Check sum is *
test, (Betf,Check sum is )
test,h?,Check sum is G
test,"(Xl6=ID?hq9Fs>?W8D#F3o	E&r,^
	8O}gdNG6SVV}}icn-Dv",Check sum is (
test,";9o}T&f#EHzC""@4uhsl1KT<r-GA/(
Pzj~RPug6`o(|@hZp#,X",Check sum is %
test,QE,Check sum is 6
test,"("")a1kDR>~cDk6
F8l#!KwvD(AtEx",Check sum is 8
test,C@4@5lF,Check sum is >
test,"+niI,pkH/)_3Em]dq
^ezNwEt}|:.|KR[
K-g7a}",Check sum is  
test,"@sTm#u!:CG:?uB[ZsM%@Moh7<T$
w*%msPs=h07-K18?W4jr#",Check sum is S
test,"sgRV3]
]Md_M(?@5Xc#o&YMb( ;%+L""Y(Lo'K{{""W]",Check sum is H
test,"""zi+^J_;9",Check sum is K
test,Z*l-8,Check sum is 5
test,[nk>|wx}#hOeCpO4aMt5|UaX+0IG^hH[-$guGfT*v--7xN~N*,Check sum is ?
test,hNgA^pF)XZOlMzR`7TJ:)qj9-n^qZMN;v0OMLA7L\zf@,Check sum is U
test,@kRUSqiWoE^i.F[nM;.QeTCl^ny]yq1-0t|&Srb(,Check sum is \
test,U@n&Q6xZRG|*T$H@,Check sum is !
test,$	,Check sum is M
test,"^~I~,eY/""Ae:|H1iJ}cjr)	SztpDgPt\)eqPTPBF0>S","Check sum is ,"
test,"S3@7`4i}efU)m_$J""$R^N,2tO-y^j?j_DFJ1suU""	zq1b<",Check sum is \
test,"\@i(Y dqhfh47mFC
+%/i]rz6i0D'",Check sum is '
test,i5|(r:z1]ac5s]L	f6G.4$m-@S)z{,Check sum is (
test,"b(^7(]85~~,rmE[f!5v{r+q
ulMnKM#[t l	i:n?D*wKV`",Check sum is N
test,"ZFWf(I,tQvjFX,$N]fj`""i+`!:>h/^Rs. X0'o:|/'o~h/pI",Check sum is &
test,"YkWRUJ1FhMW\W]zop~z[0vQMV
O",Check sum is ^
test,}`X&+r^]Y>_MyUv,Check sum is Z
test,"a^rjy
VZDl{ZJdYJ""R08GKZ/;_",Check sum is U
test,"APrm/yDHs""XqlE-Fy:\5.w",Check sum is /
test,"g$MX~6I,{"")L^w""",Check sum is B
test,"dl%(
!@-_X",Check sum is L
test,wu$f<Um+e(j3<,Check sum is %
test,"3,aWwJD
lh\x%{|E#",Check sum is 2
test,A_Df6KT]/5#P<NNtGR_wN,Check sum is <
test,"W',J ]=o[RgoqRZ a$Iv-P3M^t(]Q",Check sum is &
test,`|,Check sum is <
test,yg,Check sum is @
test,NXtZ|~yKW-<iX$SiGcN|uIzg!tR&KOIBPFv:R2,Check sum is B
test,/DLUlX_>zy #0`?#*OMA36:'PnCwW	Zl&4ojeQNJk-=F,Check sum is H
test,"VV0RuScDBM+Jtr""w('gINht!Y;_*L
J.+Pq",Check sum is !
test,"+a+e4Z&u9-oN1%9G
rW@\>E65",Check sum is ;
test,TrWR* aqTb;|!}u73JhvGe k\]4rG$x^jb!298-kRy*k0~a[XH,Check sum is &
test,"""rUBj/^-mf_m= /Dr",Check sum is P
test,"=o)@^wL?}@lE,wxo98uF499jAYHrOA3qJiVRT4!F%Ts_YD",Check sum is C
test,"L&N_V=orD6xomKGs$
R{a6(u-z^`	Q|^<~aNb-<-",Check sum is /
test,	#$+_nqi~VG!XaqhHNE}V	e6NcOvJ}a,Check sum is @
test,"J->*.
2e17~!VG`1U*W\m8dm`} 3(fpd[U",Check sum is -
test,"@B\-""@5""*|1*z@FXA*<<<t4}P-=^'KBnVus
_fynQ}K2]k5",Check sum is 7
test,?yNN@WhQ+%[m\,Check sum is 8
test,"M~c*RZ~HK|:bDT8Y1sn/5a0EwrI
aKZ	bsJ${b",Check sum is -
test,]'_egV_v!wgA\]\CweNk}1'5)xF[)XQDXB(|40P,Check sum is ;
test,Pr&[bhVi-X$U8`Gk18}GTAW%m>,Check sum is ]
test,\~2PHH*=HmfG6?>,Check sum is H
test," C0UR
F!P.5}=3DmJ""3.J`}]VVH:",Check sum is [
test,@WD,Check sum is ;
test,gVz%?/W}>1<Z:&,Check sum is #
test,"""9	UA^p-T=jy4}j,{rliAu|!Kg)PY$;*(3qn	b/	&1J]e",Check sum is 2
test,"X8x|{P^n3JlH}b3V1%>0,/u![p0Xh%",Check sum is )
test,"l[j5@""rj.J0kzfs)H2oUh8}5ek$",Check sum is W
test,"99X[KaO>A@lrx6""\yFVOpaClAJ}M8|Z*nA}h?|[LM2Hk.",Check sum is P
test,"_""g=6!_mCA+DRx@iX_1eB*M%\7",Check sum is L
test,U7PxR3\>&c-gWq+x|l*jin;z83{\;v<|eO,Check sum is B
test,Wkul_'>w4-[?VIGeQDJ8n/wZx,Check sum is A
test,koaWb7a$1PBTpJH,Check sum is )
test,4 ;0>#[$6=#.h_)o%?W6rJ.C++-2b`,Check sum is 7
test,p$&bp	fk]w+Eg<cvf74@Vq=H@`wtU^^,Check sum is ?
test,"2n{YW_X&8)a,I0cm ',sHW#vawz,?G0c",Check sum is 4
test,rz(=UL;n,Check sum is ;
test,",N'nbYybAa-mQz~0Yx{3ZK
J7jo)SjD~Tk",Check sum is )
test,^|.k~o/)xru'$,Check sum is B
test,"d4HBZ70B6YHH6LF,qXhwk!O/Idc{`+Aj",Check sum is K
test,"PO4iWmj?	Xb.( _y,HM=e%M;C.I",Check sum is $
test,"1 2h~sgc$PIIr,mtyEBXV(rBkL
&e4E^fH|{fUP""YKeLK3PQp<",Check sum is *
test,9Iw.9-T<pk7?<BTr_^I6T=9G.],Check sum is *
test,	Dfcg,Check sum is ]
test,ccVZ2	cV[I=Z$L|$S%9Ir&w/e[Kj6'!8V+W)&$%_E3HO;,Check sum is Q
test,"[Pn#_\FQ[Q]k$1&?4D[_f^+EX]T$5,",Check sum is P
test,.k2a)'owsV_esMp!L,"Check sum is ,"
test,"vEgaM#ZAe71""dDk!.+Oq%OVC@luD'4fp0b",Check sum is _
test,FhM=Fxs L0TNx~WCy(o0 LZ5G*sS4kOTR}O)L:w,Check sum is O
test,J}'cGr<1wk9d)`ug||;}@b3W,Check sum is W
test,mjM5n4]k9.&5'}D6,Check sum is C
test,eLGw z8mlO+-mQDE-{rJO',Check sum is B
test,;C	ar_)9W5)H(bGh7hJzWpQOP+l|`h5MwAU<HhwK2,Check sum is U
test,"^Smx""#)!JCx	Yk{E}CZ1BD	s
h'im9
60n};$m;(&wXt<:?",Check sum is 4
test,CA_-7	N.>W^_uRnl+%}sr,Check sum is Q
test,"R],",Check sum is ;
test,/lHZlG8TFc4>LPg_Lx+5^BS?Em,Check sum is !
test,"&o%D	/'##<^\;YrU&k
('phw",Check sum is M
test,H8=!yPGqDpivh;MR33OZnDO8;w<{6/PeS?jfmMyR<,Check sum is B
test,"v(}'>ZWh""p/e[gGZ&{NK""';3+MH+\",Check sum is :
test,+2I,Check sum is F
test,"-	)cv
'FHd.-+arOrQ$9| uiU[/W",Check sum is 3
test,"nB0o]<1
S*FgdG:CWZ",Check sum is F
test,"1
``pG.=gu$ps:yL""n_2$yNgOc	P9w~1't(]0x",Check sum is D
test,"$TK?uHZ%mt.L=;x}Q5f}c.tS,Lrf~+t*5\dgtB]JFqA7I""w",Check sum is H
test,"% K 6	
jj",Check sum is -
test,"Y_0><G6/$h.{/e<uGe(WE5D{!ve
|Te}*mk|",Check sum is B
test,eR9i>!K@M8,Check sum is (
test,BnT+rG?{qE25rj9$Mfn$fQ|q)^t#IS6IrOO|}4{1,Check sum is #
test,\L7*S%wyC?B@g'H(qu5VJH?wWMUXf%cj,Check sum is 5
test,$R--,Check sum is 0
test,"@x[ER-7Fdz&qXO>A)d0L#f]c9$}/aLcsS
9o_W=M5i4N",Check sum is R
test,bA	KVkh1g^<FnJoLG.vvW]^~jTlRyx4,Check sum is =
test,"%YZ+,*aj# 2u-~xvBp7:o22 rv>zI	Q^D\fPxn",Check sum is :
test,T\w3:pY#5<isG:)7gKG!7N-=	SG25(V^DJ,Check sum is K
test,NPN.^T$bY:,Check sum is E
test,Wbl= %fVX5A~1l6	u\vTjjb	Ud FN}~wb	K^&L|,Check sum is &
test,OI[PjWO44~R|!|zZDNgD,Check sum is U
test,"Vkm({&6({""]}l@j~^h<Xf<8,Em|tE{MU\-@)?gkFzx",Check sum is _
test,&9D.fl`U.#SV;KqnI3`kk?CCmrlS[M-$QU+1:y~b,Check sum is :
test,_V<2t7_ Q1Y/JPignq+,Check sum is +
test,6?$	#\dr-`nM*|/{E;KT/@C%IB(#HP,Check sum is S
test,"
Jny1>2P=T<L+U)*;%Q)",Check sum is R
test,0M,Check sum is ]
test,"6^&L&|5Xl~#
E<%3@7N1Q=DiV:S29f(VU1
""so",Check sum is <
test,	8]/Gv[Q$1z	H)RHJ.o,Check sum is  
test,l|AxR%o4rV'ovqU,Check sum is 5
test, |~l[I`fq(V#HYQyBg?,Check sum is 5
test,/i/X!>Bh.g,Check sum is ]
test,"	1FC1vr8dio/hfO`-Vw,37Nb~d-B)>U>^]a{+",Check sum is )
test,"[<WHnI^,.l*qrgG","Check sum is ,"
test,"zQ^$p3X<Cxb=%-s_doBjIr0k8gT'CvDV@SafIPU
Z./EfcS{",Check sum is I
test,"b:6[i{@d""LmNv9
vuB",Check sum is $
test,"px/(}0qO\gz7t		Txxv;,",Check sum is '
test,"vt?.gl$	`KP%Jp""!mYou|%",Check sum is _
test,)(h,Check sum is Y
test,"ruy0dEu&/,Ma=",Check sum is :
test,"h1z?

%",Check sum is +
test,9G5SG0hJ=7@gMtIq3^pX'rNRSPe	;21,Check sum is (
test,"g.C<""xl+(""nz&`,HWkixWV4NN$FutcYG4fO4`	%*F%/ nI",Check sum is M
test,"#O$$Q59uhb?CJWQJuo""!b%VF\V<>LJTl","Check sum is """
test,*+KTZK=>3H	OE	1FQd2Q[#4\9RV(q^2FpW#&6_I)t dX^f@k,Check sum is 8
test,"QV-X7{0KT@GS*8sr*VJ!5N~q|i)2\U7MII;pLY
1		xr",Check sum is Y
test,"t3"">	'4",Check sum is K
test,"Cr<""4f<7D7=$Z$IZ48u(8JGnz.lrfE*Fo",Check sum is M
test,"^k6c$r=PH#
JtX3URO-;yYYi/@~g+O.m5|Ui	m<V+",Check sum is  
test,".l.T$KDI4.l1UC>gualXk	b#@l
Kq]y88'm)N-q,iv%8l$\",Check sum is <
test,E+F{iydV1[;d2i#2c	ZE)Hw{9^k}A\I>:TP)3F;G.4pFnn_({,Check sum is Q
test,"Sj5hn1GH.X;-	cS~-*V]EF`DJ@3FEB""LY""%b/Kd
w2I^!zx+",Check sum is <
test,"Aow=7%V9n077,:fj:e[83.3",Check sum is 7
test,"N}NKCs?vQ#rNO#kFu{V~9_FE>m|Ci9Qwx
	",Check sum is L
test,"NuQ75zAiI >h<six.
l3{U;lK@8UFf^6",Check sum is I
test,"jmv\rU
Ck7m9msI1Y\Ot!{G]a_#x/0)c%?^h=$iUQ",Check sum is W
test,WYz'XE;T65V<,Check sum is Z
test,8`$F?P~.#q#=SA*~IO-V6nWzr3V%40`%,Check sum is &
test,Zm:/@0!F+.Um*6=m^W(WTgn]FMOJ,Check sum is 2
test," 42:lo}k^
KFV;cVc2tT*^0sD}u4n!n{z",Check sum is J
test,"K83w1ph8^\*$/ovf""g;LS!",Check sum is T
test,"]!>},\c1POIWr@d:
[^9;S*&yLBzW^8O?\[^P{R==!s/#M3","Check sum is ,"
test,"J] ;wru7Kc:Kq6^&SqzuMt""sb%#\P""_a
~zWVy-f",Check sum is Q
test,".Q[PQ}hpxaF?'|:;3C7wuKyV=^{""N43""",Check sum is (
test,"""qvQ[(Q	Is76:@yb[-WcWSWMXy\gRPlj}UQHm)b\",Check sum is 0
test,TCb/Q	,"Check sum is """
test,"y,Df/%~NT	%@",Check sum is Q
test,uWgW8s<0@)/VH1%\6md)3Cftf.\K@u&z/?,Check sum is '
test,"hyy\bwW\>)dd
,Kv",Check sum is H
test,tvt_O:+cNN +EyKhxjv;WMs2*A3/voLVZAJrg)W,Check sum is :
test,o%C['_M]wxq0sbSonk9Mpp,Check sum is (
test,"Of!cG0_v,.8LW;]]Qrza&:fBbR",Check sum is )
test,"#&,;E
K];8:YKCYHCjU$C,""8#@""fq*#f2=",Check sum is )
test,GX5c ;8QRc;Tt&`h,Check sum is !
test,8&3!g.%ie,Check sum is Z
test,"""bBw|""n]|B.9=""OUt=8&L5(n$2wc9cBsCXgf8AJ5HdN,7",Check sum is R
test,2$s	\:*@1)/\QfkDz4W9`~yH~.'C4Mkp}<qeRa3x	{@2Dh`U+Q,Check sum is L
test,_f}]S^rE)T\9Y)gKw##s_Mptco,Check sum is ?
test,{_OglGN?z?0Z{d,Check sum is R
test,"S}X""ewcQEd)",Check sum is L
test,S'/-rCVA8K!!SUi4L+9=d3	~V@m$`VSL8PEKGRhCb|n7LUQ1_,Check sum is 4
test,"Za,)3^HG
ZCg{#y
oCkXih",Check sum is E
test,"i7uX_7K##v5wrW06<,xOC8@X)qv[",Check sum is 2
test,"F8V5F{9,8`NDxNwn{KSc+J:2iVRqD==p|",Check sum is -
test,fpwR}XIBHEp&Kmxf(/,Check sum is /
test,iJ,Check sum is S
test,'V.\!ZB32dG8 )1Q&:C,Check sum is Z
test,PJU&	]!@&$ kR#'p)f%ok',Check sum is R
test,lyPNU0S/EDgESV.!1{;,Check sum is >
test,"Kzpm*T@tc.1A""
	#H:E\#^Q:6UORQ}oO9Mu",Check sum is 1
test,"Odgk.C
`P*n 59c50o{I|$Lz?BNjwW/KRlo!7.\7x(",Check sum is >
test,3Qo[(kJj{G{,Check sum is 2
test,4!!:DrI1K@_8N2H$9*1D*\7CLta^B\K:H\l]4dzF8i(hwV,Check sum is K
test,-^hMEsMoFs,Check sum is M
test,2v9/'A#5'|X-_}0O*RkB__P}},Check sum is $
test,EAx$s_wgvweekL3ahHuL$stdc%sz%w}w(d\]akOlNk{kO.*}~G,Check sum is -
test,"<[[X:^c&t xGRt,04qMn200?EF#:{,%%Lu,KY^`} y%{d",Check sum is 3
test,"Im|	g}Rd&%SZdgP,ZH584
3(4F$Q/'Q?G0T)
{kl=SnL02*Vl",Check sum is Y
test,Sr21skYZ>SY#S|eptJt8ln>X'%&HCnd#LO|Sj=&Lc;u=,Check sum is )
test,:wS/|h'E'U,Check sum is _
test,"	?N7>c-6J4V?Qc&4{""e@V)r'tQ!t7K=n8I#A2CX",Check sum is %
test,"j%WKewYR]]m/W@-n5ML]6o'THNZ|Nuq,9W[N-qke",Check sum is ^
test,"{l
%*PMocXtGF?XwE^",Check sum is Y
test,"72M/:cTWtqJIN;gg7;C_\(+AR%l1*FW]
&",Check sum is H
test,6$i4$UC`PhzSt]k	T'-]TPmzmAtT,Check sum is C
test,"FJ,A*%>#BybR^XZIxbjAGUzM,yo^=El6(Ff_",Check sum is F
test,xBmGFAOj]@p7|),Check sum is 7
test,"Y-47E0t3!?<csQVGqLaw{e|m tV.W9&{.qm""pOmazLhTUt*",Check sum is $
test,"v=FZSrSuf|!}`
iz>1KCq oPusf
Nma&e-?O#nG","Check sum is ,"
test,/}?&&4BP,Check sum is ]
test,"}~_tK}.RyyCH4n)pxJ<?'P1TH?R[}-r;cRNi,&",Check sum is 0
test,"tO8ZT'4-&^,Af|""h,	F#	|$m5_lypfg",Check sum is X
test,"+My'[Mszn0qM{?1U#i[6{rD}E+J $
/mqCR{Bag(?*t7",Check sum is _
test,"BVpVi=G'fg?Tx\nz2q%JS>ij@=[C1
`k$8we",Check sum is =
test,"V63dXe,]@`Ux!S@tpqfs]ZZ=fo(T#>MXVG	Ck",Check sum is Q
test,"]8IcTrW3K|,+J?""aE0b*|d6v;WbA%0}",Check sum is /
test,"G{9R;Rqp	v>:r7jytt^7Wwsw(&0
",Check sum is [
test,tP`l6YQnZyg|&A{7+WAR^i;I-|c(Cb>g?TPx_p	,Check sum is ^
test,Xso5HJDP|%#N'\N:;,Check sum is M
test,"P~w[4$TK*%(-
O)IWG&i(R-{7gZca}6?]szsnLt",Check sum is N
test,h4a{'Qe Dzxr,Check sum is =
test,w	T6UG>aM,Check sum is 2
test,7ZP|eF74V_g~{]=Rj5Ra,Check sum is &
test,k@Ih41?6_gcd@ w5|<A!&S#r,Check sum is W
test,@ [6|B.BZH\MB|^HN4dFWG\R,Check sum is &
test,`SMGP{t_,Check sum is E
test,"/W.s7)WA""^
r V (L\tRV$LtRwr2L4\!hhA",Check sum is \
test,"s	]}Go|#O*f{,a[2Zc0=2G+b =J_""%+s",Check sum is Z
test,UVe#AOO-5/zwJduSF\k1a=oO-+gT-2t$RH_@2vPuvYI@@Lq)Z,Check sum is L
test,Rtk,Check sum is Q
test,"nN;h~cF.7~KORH0	 |k9`5
&x$=o&",Check sum is )
test,'^WDr61=oZqfHVHtqpmF@U#dffkxw_<X7c,Check sum is 3
test,DpteD)+ZECJN!6gi+Nq,Check sum is P
test,P>wYf!hz5){nj@OiG|j8McNzGx>vahbR+@&AH%5^T~R,Check sum is S
test,yTp-zwnW{!A7|5XMJ,Check sum is 4
test,H}OROC~~E:heG!nK36lTGZiN5F_q>|++P<wq,Check sum is Q
test,"A0(OW/kn5N%bt,:_tVd+(SQB4aGz/f`I",Check sum is %
test,`j92.MM0V!=^ouB#`4:RrMdE0q%ai,Check sum is @
test,">~U`g)q_""#@'",Check sum is ]
test,"fiN'""!$XL!au#Z$\b^7pA#)fw&",Check sum is Z
test,-U#1=Ai%ksnkQ*U S(6=1F,Check sum is N
test,9Q,Check sum is *
test,94h}6,Check sum is (
test,"AA;w1rVIvb=T:7'HvXo]+e lNpY""zoZbTI7.M{Hc%",Check sum is M
test,gIAe*`cqcwT4]][+{FVz2	V!T{,Check sum is H
test,"m>(fIzC$""
,UY;7ej:Gz3
v'P:/y0P<n;0-=kt;",Check sum is *
test,"-K/\Wm^qc""8f1g2crW0f9sd@jm$	^:#of",Check sum is I
test,"UY 
xABr^`%Ba#ERS*_yQ",Check sum is K
test,"&}s@VyN$*>g=HbVczI/Ny9`N}T?$Tq8v
zNedt",Check sum is <
test,"{mH9.*p9Y+eGqiO,|ld:",Check sum is U
test,aB	OrC	+Uk+7m{_}a[x@{,Check sum is Y
test,s	)+'T\i,Check sum is 0
test,"qn""5:uxki;3k/5}f",Check sum is 1
test,"I""Qcoy%3d-5Y[/3z_nx*ARchbxFl",Check sum is .
test,_NBl<ztAHfO/0@|Y9jgHuZcZ-3$$NjhG!#&,Check sum is .
test,":_.)enh
r[1y~$Z(.3v$=g2:E*I!Yf",Check sum is S
test,"$0$#pP@a,n+zL&&
#[*g(#/0@X0LkV%H0PcG","Check sum is """
test,"[);<a@'*^
	[.x6RQohVn8bn{""Bu"":i(H:w~2;gwE>F",Check sum is G
test,fy}U7POzj1Wh (G(!!4`Mu56w?,Check sum is +
test,+4JRG-_\+\p=Z +}&\h'Q_2WB,"Check sum is ,"
test,"c}D,_`KP(3;/hK?MoK$[v{xbgZz|7p%>4	Xrpy5X1g?,}",Check sum is P
test,"R46,+$zoNv<.afV)A+RY]#LwKAU&^?WH_	fJ""H",Check sum is S
test,#i_V*?%jqFHa8X\SI6c#JRn%=JQUza5y)eiX|Q1^<CJgS^,Check sum is .
test,"L9)#ww_LaFlu3^hME8J2v:eRp
2%F:<Lz9g*M!<9Vexs",Check sum is ^
test,V9&}2,Check sum is D
test,Oj,Check sum is Y
test,"	mv2b\I)JV""#JOU6n<",Check sum is !
test,"w2o/>Z,;=tzt$8BD{K`",Check sum is M
test,-G1v[Q1^?p>v4Yaibn}>qBA'QspPg}MumYV{>%8_'ju$/,Check sum is *
test,~Gxx?b=2@\]2{29os~U?	=OK)f,Check sum is Y
test,T9bSFQpv,Check sum is _
test,V7&<Qd3=xT;tt7gEjpx*lxsu+,Check sum is 9
test,y_PCg|l-	./vNMHg=vX_Ten\	C3ZFu,Check sum is .
test,"0yP""'GCcRY)-14;OQK^2=r4Z",Check sum is (
test,"c~
KCa!gkJjZm]2J}x?TBnO7_]VbCPfwW4NOd#fwkwCxK$lXr",Check sum is 1
test,8qKrY:rzjGpe|,Check sum is G
test,"+X*;=8O)
T..<xYdP)\}y{",Check sum is &
test,;Ho#%;Ij}Av9? $Vv2O3:\LmHFz&lqq[0	h]BM8A,Check sum is $
test,":29Q{,{4","Check sum is ,"
test,hw1yk`H#;^/T#72-@Xs	E\G	iW(5oDuSa$A,Check sum is W
test,wVi.I,Check sum is M
test,"1`lNx,
~[!_uZb<IK](PyVq'UB~r+",Check sum is !
test,"#Qo,r	4u:K-n CvkU",Check sum is L
test,H8^+T	x<JLOnVysk*SA,Check sum is 8
test,X||1jD#n=K`XvpTS5Nlxu1%OB0jE,Check sum is O
test, _gAQb*Nh	;bEN|%$.hk,Check sum is Y
test,Px)Hfo^},Check sum is I
test,"b3g5b^T@e8oVSh +yny_*$a,0#iDco[#",Check sum is 7
test,"{%;woav<O#""s>aI<kbm	2-(*n49&g",Check sum is ;
test,"]|s~3MS,""mAwxANTBt	T@c]4Xr7*s1?qHJ%y#V",Check sum is :
test,"K
-%6$:4Q2.cP;hkwh@{sxY&e*yu{k!CX
48*f5&0nPln",Check sum is M
test,8 6E.,Check sum is !
test,"NzeJI4'G/,9cEju5By(tF:N#ou~=O2EkCF>[Kz|CKS5X",Check sum is ;
test,zcn2$S7!;sa]1m8a0ye,Check sum is ]
test,!AX={,Check sum is R
test,"0HSFdh7d""b`%Z0c;dGz]+4Q?Aq","Check sum is ,"
test,#sq^p8^c u'%/qhlj}:4+Fx7:c=GtoPmRD@@ba]L,Check sum is ;
test,"s59o)Yk,aO",Check sum is 9
test,")g26P/""ctNr",Check sum is P
test,d%SL#`*z[y,Check sum is C
test,"D^8Y2Kyj,U(N{K7sZI",Check sum is =
test,"
}\a34tZS7OJ{Z",Check sum is Q
test,"T8R;cuG|/fG! ""Hn)oJ5#GG&Jnwo|7vr""}",Check sum is O
test,y\<ZfUaG*JF!{rS9)1VOu`l$uqB$i%Yqu,Check sum is ?
test,">{5*[E;
&0vqCmbi.IHCR}=-@r1zxtEi+[B""C 9",Check sum is M
test,%q+]c0^67#~h41LE,Check sum is [
test,"J`|Y_k_L 7-SF)Y@'\[K(@qift/IRv0R7<?tX,iJ",Check sum is W
test,Xb%N	HKf`^T7Dnq?N:[J|Ngb{W5,Check sum is A
test,%%c/hR)*@o7f9#~`bGn]0bJzQ`2k!,Check sum is H
test,B(iq*ZUO|zETfpDf3V^lK]lb8f,Check sum is B
test,pP4Hz/4Lpb,Check sum is W
test,"?\5D^x=5L7Z\'}0	}T	
sC_?^]q]Glm%UFkee2D	C8","Check sum is """
test,#wp#&=O&*b+R\7t?`ln,Check sum is .
test,"~""Wv831",Check sum is )
test,-?ah[f6D<q_zd?7:,Check sum is *
test,uWoq#e(]dJ->8/t;XuRINs,Check sum is 1
test,%T	t&(zdq~98]_k5,Check sum is >
test,"-v8/=zo,lq}fF@$""vSZ.zf6!)CE/dUx7E?@\v(O~`Of",Check sum is 8
test,i6iDSN,Check sum is M
test,"9AY|gb}
7xh""( Yd47^n~ur""Ce`jr*qngaGljz{VZi+!Z46E2A",Check sum is #
test,"^/)'
Hlf' Hp)!\0l{&}qe",Check sum is V
test,"r:4Z$_
r>RMr-]hNl=	<""Q,k<BXtH5Zh3I|\",Check sum is =
test,"uh]jaUj-c{7rE+/hR5AOC+r7r3=@w
FK	]>Tbhl>lS","Check sum is ,"
test,v-CfQp ,Check sum is M
test,"U~qVbj#gho""`*	4B6XqMY;EL:j\,f>j>(LQXF[mB0PI",Check sum is 1
test,"%i9q|
>
XOTXB}=qc% nEt0)R)OsVcK
_;,q4'|(g",Check sum is 6
test,jIp:1N9$Cq3joFjE2+>tCo:	^B,Check sum is 2
test,T_[XQm4Yz$-+bf,Check sum is O
test,Kz[RbSspj2$C`h,Check sum is 5
test,"CV	+,u!5*og	^kYer,:*M&",Check sum is )
test,sP9$+g:j'WD/*nN#xN8kh6I$duIJ8v4s=`]+5:x}%F}Ch5@,Check sum is 6
test,ANjGVU4p&#iqc(R3IJI.Z.a{;ar{f9IObSG*^kA@KyB,Check sum is F
test,e),Check sum is .
test,TwhxJ~H,Check sum is [
test,"P;LVQ-	`)6LI	O""`;y]fz^)KC|!a",Check sum is F
test,q\uA_cUp?^&,Check sum is -
test,a<iQqoM;F0 e,Check sum is Z
test,7}%t\'Eo@,Check sum is $
test,"	y;r$d4?70
oDp|3r]QvS-%m@,U}+5nI(6yfu?7zub]JM^$=4x","Check sum is """
test,KOQmyw|H;V_X4,Check sum is (
test,"%is%'f
6`x",Check sum is +
test,":
+vdSdntp4&M!>71tW]BnSdG[C
x;T<UIR",Check sum is Q
test,"Z>P)#y]&PU,:)9a;9~G,fw4q1qPN><=;m%M5C[H",Check sum is 1
test,"29:JF	""a5",Check sum is V
test,dZBu~ sCs	zaW\7NV}>L7#Tu7)ce\Mp ,Check sum is Y
test,"T0a(N>LU7!~q,![h4Y|p}[d8hr{;Kbc	f';H*EE z{",Check sum is  
test,"qEKu
HayAA;!_3L-M",Check sum is 8
test,"/,=[+q%{69{'t",Check sum is T
test,}/FfAaDd,Check sum is B
test,"aUE51#lr#jgy	""B)P 32%T}2z-",Check sum is )
test,LB~`Rp/Fow^YVX9,Check sum is G
test,"LC;^u`""EF=	"",K8v>o|EX1bk029-| \bu_2'm;Ht-J8nh4OP>]",Check sum is A
test,0*^h|m-O/kItfDPXx]&zC,Check sum is F
test,"Wq||zeBp>K~B""HJI_p~D$~:^bmH",Check sum is Y
test,"~w=+H^Qu{=p9a	yo +3i:6
c>b~@J	qpTJsCCY4V#5]3",Check sum is T
test,'] 1\,Check sum is Q
test,",j",Check sum is 6
test,"5kdoFVPnAWSC(wO7	Hl
<]+y`Cx",Check sum is _
test,"`u0 vu:
""tj1SdJ?\	9JEW6fbIivC*A",Check sum is =
test,O<$},Check sum is L
test,I~X=Mhqo+4(=il,Check sum is *
test,ph<3t%k58@plGe	3IM4rn}.$c	>b_{<FV@bP!^=cr.!1zUPzv^,Check sum is C
test,"r51]H%=$""nMCoiE5",Check sum is U
test,#^eQSvj3({?]tzhLau;XwHZ?nVa,Check sum is D
test,"/$$@ZO IC=qU9W=^]p9*RJ(Rx7Z?eB\w(=>8,hIr|",Check sum is H
test,XRhE4yX/,Check sum is +
test,"!	,+x>=2r/gN89u7e;aa)<3&fB0,0molTi""@.HW",Check sum is A
test,"Z|3S""KZ%A&J{;GG-9{9_cfRzYj7$""",Check sum is +
test,"`,~KK>u8po
~H1m*IOa3b}A5a
+",Check sum is 9
test,Fp=-L	?k\s]Wl.OY\D^kA,Check sum is .
test,"tyfHZ3SRU,$12>SQ dQd-"",HRrlR",Check sum is U
test,"*/v_nd-}F&B
9jP)/>s[Cn>x'F(_}3@Bw}1C8mf2E?||#0S=T;",Check sum is 9
test,(@mLy601YJa$'Rg)c{8YN ^}WyprLE*+vX%*`pdRO|,Check sum is @
test,"2;""as<m","Check sum is ,"
test,*:*!,Check sum is O
test,"<#Z Iy
u)j%\KZqsr",Check sum is I
test,J3/kc^`{(*5ekaeK*l{N+	Y^2)7naHZ0KdtMiBcd`JI&i-A{V4,Check sum is O
test,(QmPWJzTPnSRq(){&31Q+0zb+]yEN=R,Check sum is Z
test,"u1F^QP"">(V<AFiD\e.~GVj(jhL~lieCo-C<|&9,buV#w*",Check sum is !
test,UJYR3]^,Check sum is X
test,"k1P1\*}%lwfN Bw-fl$<X*w ,]k2Tc1v%@q5lLq	",Check sum is N
test,SL	[+(6[kt9gTAKc]]i$(1K@gbAZG9\.;ws%~$l,Check sum is :
test,"
Ei+_j@3?}-Ly",Check sum is -
test,m`>X@6ZtW+4lOV7b{v%#tZ')s Y,Check sum is *
test," 
`p	]i=^QXpY+eXP",Check sum is .
test,8;TcSZd)Ot?tg,Check sum is !
test,n.+/,Check sum is V
test,"J%F*_ND\O	K0&GJ 0t
B\KZ,t\5""7'J[X",Check sum is U
test,R~UHe5O^|xz\4f8r'3aKy!(1t/%	BgIt|(BzF{.8FL0E5xL%,Check sum is >
test,&8	ydc$K+fCSS;o,Check sum is Z
test,\+>Uw17pE?0]ouGo/1U(Ih2,Check sum is 4
test,"7 wWii4/!""!_LA6iF]/3143+]jdODgnJNBg[:}5|h2#C",Check sum is H
test,"Q#7X8!""(snx@F-_9i
5K{Msb`CO"">6ml#0yI]vT5$o",Check sum is _
test,"GL#tqY.tCw%f0Z(o |lYdA'n6nL)
$P<er""bo|6<P`Uv9`|D",Check sum is V
test,Wlbik%,Check sum is >
test,"d>""Mg*vZ9{%~ `7]O1YtF-%\
)bW~P:#5iUAlC(QC",Check sum is 4
test,NC>I:!}P1e.X!3Aos[8Y}V-I<[h dLi_	/Z?SFmz,Check sum is P
test,"l%qSz}Z,sw%tYQD9Qw}EjS-p>Qq",Check sum is @
test,d:`,Check sum is ^
test,XPhP	TJ3ss<,Check sum is <
test,RDBqCrc+#|6KOVF,Check sum is 7
test,&{i#D<so<:{XB1v(:ysPV,Check sum is U
test,",QJUkVy{MtuZF;_z <%E+#?Xz(uV
n9x[<z7>+jm:$q|wT",Check sum is :
test,"a/U.CT!),z]B)MKpzm(-",Check sum is F
test,"lZ![%b#t7{5H|le?a
CwN+VxiU$,0F[d7",Check sum is !
test,mE.cYpw,Check sum is #
test," <m4Zu$A2'b_21bdRMEpL5`$nz~pWZ-.'P54|zqF,,",Check sum is 4
test,"""\257",Check sum is <
test,"w-]Xl,xO=eB8,Fx8n{%DA?Hgi7;6v
7~",Check sum is ]
test,acEt-k<^cR&7-1	Ygo-'+Oc(lZb{eY<~RWE;e7,Check sum is 0
test,"5i
5w v1Y""P3[08He=X8+=3r""?#/	)31.",Check sum is :
test,"s%F*!52GY^2@FFwT;m@\]i=fvot#w,@x^c?8`+JH}",Check sum is M
test,W}%!7C#jg,Check sum is (
test,r<7gZ:NQq,Check sum is P
test,m	c,Check sum is 9
test,pKRo.v,Check sum is @
test,8)(_,Check sum is H
test,"|=F5}ff3QVD::3H~L-~OzFL=<eSsr
<'s
VtpLHq?WZVN<",Check sum is I
test,@MaH~,Check sum is T
test,"H[xXig+bZto<p?R)K8h(1
wb-3;NZ)""[ekAg	6vxHP%[",Check sum is  
test,">c-<F;w:zj,?w Wy-.|;E&JV""P""5[r q;L.l)?Ss-:@c'~OF",Check sum is )
test,"""g:7X F]""jl@csW>u?E;rg[i/O}b4`80,L]P'E>^&^",Check sum is 3
test,`0YQzg9fRT3>p^SfLg6LfA>6e(hLO*DHe&6x!cGU,Check sum is '
test,L's??R~&,Check sum is :
test,iunz,Check sum is &
test,"iM*tsr|+|=t!M2.khJsnj
us.LsX}t",Check sum is K
test,"e!(.m^|l""DreDb3]*s#p<
sAE",Check sum is Q
test,"YsRGs9*	;kODF#4\Vk&Yb'FQ;T6w&	`Ip 
UlNGu*	","Check sum is """
test,E[hf3fC@Is=kHB*w1$PO5	!!0-jc2$dfpW&UVN:A{Fx,Check sum is Q
test,"o/F""zTsTz&):e|lQJqIs8en
No@WQ0Q",Check sum is N
test,M:,Check sum is '
test,"uc]ADF7n{Q[QWF:L,!E4I""	}K(({^x-k^=SdGf;j%hWMi",Check sum is Y
test,"F L<(3n?4{cV=r7S""(e",Check sum is &
test,s1E`6?6n,Check sum is B
test,=k1tq9c\rHg|PqPlFcgn	n#QH&},Check sum is D
test,RyI	O pt'$~/!KTczl2jc-8T/`<k/fD%<G(:04#*y[I^RvHz,Check sum is X
test,"b:(>*:&!,gB","Check sum is """
test,"^_4ys:YY""]de6H3HMoqsvJ3M8Jj<k",Check sum is ]
test,"@""=P-N(bP<xO5sNyq[{\8 .ZZ#!pMh5~",Check sum is O
test,"~CLKjD{P{W+0`9GZ.Nq'1UfC<i9A7Z,^0",Check sum is E
test,2J=*u]uB,Check sum is L
test,f}Xs&,Check sum is 4
test,~6290ee7K;aw3]R:+B%P\h69*z4=n5la3,Check sum is 7
test,pC~EB`<ckHMh.3%&wn!8cE`=Is>,Check sum is (
test,"mLS=whdl{vJN'PQ;+X5MRmus!.B>25d!7+n
YUD>r)@^b^",Check sum is N
test,@qTkj%Hf}je\a>~^ N+uWeU`LhVw*6G,Check sum is W
test,QqG3kZa\!iK;EHSa,Check sum is /
test,%#iY>&CF:?5&<kwEf{-v)L,Check sum is G
test,"iQP3Ay6bchE<yB\b,nD/^7|cZz-}v^?i*FK;>",Check sum is #
test,U.c98h]VgYV,Check sum is (
test,"hmkhvmc-~\Y.z\y<|TJxv]&orQ]5eE+Z&m*2_	>6""",Check sum is R
test,Qz~UYtj,Check sum is 5
test,t(=Xpcm-zWCSua_RxR+a3o[AQAl/\Dhv:jC,Check sum is R
test,X9EgO^Zw	@m.6DvPoL'?g`<>Bkq[`VU{i#_(b iMy&TbfqRN,Check sum is 7
test,"SUe|,\.X""W1SGX8`NQ.:.cJa&>X,w]QD`#	<e	""oD^_`V$I",Check sum is *
test,"A>rc#T70+(yb|	
81nGxY;J=Gj<ShS{JpaH?d3O/)%",Check sum is ;
test,"9sQ
,vw0-1:3Kt >f^/",Check sum is K
test,"rI_tinp9KX-)ABL($(5?946<Q[ef_L}f4~!c`=P_z*#,)Ti",Check sum is ]
test,e2[V,Check sum is (
test,"r\>WKJ6U%S^aA'S_S
6Z)ChD	!H5",Check sum is  
test,"szbiT,#=8,IOzXv/ALPY8v?,re@",Check sum is Q
test,^t[>ZFOl,Check sum is &
test,;UXj;+U9c&K$r3,Check sum is C
test,F0]Io$K(sm9@-W=&4~o,Check sum is #
test,"H4Om/f(p-FM)f#`
=@\H3c6+% ",Check sum is >
test,he9t=6W`V!'g;wzqZ,Check sum is @
test,lb+a/|Oq+v}:,Check sum is =
test,o`1Y:EiL_yt1W1Y<b/ADs))4I62L,Check sum is S
test,yPW	,Check sum is I
test,"N""~{T /}-F=3*7A%?Vrzo?ukvH!N",Check sum is O
test,"f:J|=67/`%7WAEv;
""5:.B*`d(s2=","Check sum is ,"
test,Lk|~;`u.&ZT66#AV``qTm|,Check sum is 7
test,"2SL)v3$/SFs$,Ay#w-)pci2}Y",Check sum is  
test,nsUB	*[,Check sum is &
test,dH z7\D`{2	_&$xnss	3-)OO&[U><A,Check sum is I
test,~pRGRq:0HI6\EJU74Tr\w,Check sum is _
test,!'\8-Fzv%&DvFD{Zb #u\]f(gvRjQ!yOe%1I,Check sum is ;
test,"U?4A]Bl
r{:KH!uxcaB,wZq",Check sum is :
test,"ywF8~rC
XMJdb?h!kMMg]xT$36{&x'",Check sum is *
test,"Ai)	9`n~sc7""ud}.AC|[s=~e0.	LLX",Check sum is 9
test,WtlN2S*gg{R^T9PFJmi$9O896qf,Check sum is :
test,"EjYz""~tSlo\ ;2S9afD|{xyZ\G=RK",Check sum is #
test,D{' ;vk	1AN_+P&z2-CXViuy4C&=s!3Kl/}]Dcz,Check sum is .
test,~`K	nYf2,Check sum is 1
test,"O^[9LLpuZ,-rXfJpvGRc^y(z~y^TOo
_[{E-6Z,ZP{h|",Check sum is C
test,xvsk+#En;uE{Au\Jg/uZn!h<-b g-rP],Check sum is 3
test,"`;8S/Jr""@i,
d|H=",Check sum is W
test,"UZiozLNR?1$}g[=U,We=\vq<)DO}73z!Zh",Check sum is V
test,F~*z__0OOqSyq2},Check sum is 1
test,"{mKX)
W<b",Check sum is S
test,?]v7n~b#9=*x6W|]ag|xEQ:CebzN~;dVPZ}mP,Check sum is M
test,"dx
\(ZX:E@+:bODeO<JnGZ>q.amMg@A!6LB.	i5Pco}q~!D ?",Check sum is J
test,T6Z,Check sum is D
test,"od(nW
}Od}dN
%RG.L -^rox^5yF|",Check sum is ]
test,c||-RR&}a6^o-	ouwB	~;'99XXtVv(e{Mm`_|MUAI,Check sum is Z
test,"vX^TLSl~=C8_e!otgEQ,S;^J:2_[i",Check sum is W
test,"Gt&eZU,$	<p\rb4LFe5}8['-/I{3jZj66h	6cd",Check sum is <
test,"D
]JtKg/Qj*L",Check sum is [
test,Z&jnr<XHOU,Check sum is *
test,"{

",Check sum is /
test,(?YS2'.%`Ys6EHg!qXEt_1Q]t(G};P,Check sum is A
test,PU:# ~,Check sum is @
test,"<Zb#VlR\W(m
>`^B3~f[{\0+7<M=PT/",Check sum is S
test,7YvH'`bXl.StT-QC_d\vQ,Check sum is K
test,g dlj(DGalP}*TGg14~&s'T|s\j@|KP-Vf#l;g$wJTMlC	Gc#,Check sum is B
test,"^,XYm{j@g[J%8&	6v#(6",Check sum is 2
test,"ePF`'@:YwxojFQ]s~w10|}X1;mPJ
{",Check sum is C
test,_hBM?Fq>}*_WQm7wv.pu(C^'[{GAz.I,Check sum is ;
test,"fbG6OD6Z~,xTETD=vv",Check sum is D
test,"pvMR{wil(V*VE	|6T5aF1.@	""b>W$g	NkhI",Check sum is Y
test,rmc1gYZqg`iw^f,Check sum is I
test,|b-o8:Os4]'I'Yj7{+a,Check sum is 7
test,")gpsG4.4qZGBSAjiZ+Go`u9D""vC)lBZ8/[fwY",Check sum is <
test,@Wkb,Check sum is D
test,"w),Xd9YtY4d~&9]dWaWIN\I",Check sum is H
test,"a7Nyop8y1of
*edr+M6",Check sum is 2
test,=8uB`soX\eny:vLR>	p[W798Kdx&pJCRsS]B$`T,Check sum is F
test,bS2w@q.C@[g{H?0hSZM}G,Check sum is :
test,l])tF.|Q&#;,Check sum is K
test,P3F|3Wq	;CeOQfnM,Check sum is M
test,Z8^vOW04,Check sum is P
test,qt}'laX-s7_`iM(c+7cGqh<1mC2!I:n,Check sum is +
test,~y,Check sum is W
test,"
dp6@\nSs
&cy^BgIMCl6kjZ~R3$b?>GmCZ	gN""%h-}	M",Check sum is E
test,"AW-cL,/w|k-=NX",Check sum is ]
test,1A5!ccBo~]Ih'Wr$qY3,Check sum is <
test,at,Check sum is 5
test,8tN02'X`]ez_	&4qH0Q\.hv_R7{XY/1nwzvhpE^037,Check sum is Y
test,>!|p#{4U.hV@@,Check sum is >
test,"ZH<(}Yw}:84BL%o>G
:48kJ1>""A\J",Check sum is Z
test,|f6\K{P#K/U_\1	F@EOE& &,Check sum is \
test,Gib	ESY5,Check sum is !
test,e.%mflB:I={Y`sK |3P.Ss<7s6P,Check sum is J
test,"Xjmdxv^	von%TH;f	Cq]B""3Aoi?0fd0s""2mK3>:X?b[",Check sum is .
test,UwR&%Bn-paJr@,Check sum is 3
test,/+yL>lw\YdK%5%gK/4w@cs8hg,"Check sum is ,"
test,"g~	(^1Gkj[(lkQ<Ph^t8	,VGN",Check sum is *
test,"e2fAE*^j,+g",Check sum is S
test,6/]C?`tk?j0{	U?~X~,Check sum is (
test,i[9>:jw,Check sum is 6
test,"K-kg3Y'8x_3'l[$]?}R*$w+JZ
a4>(F5K KDng {DzK~.Se+",Check sum is 2
test,"
DMzA|*^e:bE`v].eut@Gh\C)`\6vD~g*PViYd= .<",Check sum is 4
test,Kp!; m%.BF>ZzQtc=j)%g@R{.F4(=,Check sum is O
test,p4HX}]LRtnbF@/Gb	 Vv_TA3e{E}<;9NrB^YjDA9,Check sum is M
test,"G3c#BE1?J2?R/i""
",Check sum is (
test,"p<]-VX9Q|PuGS];"":\B4Sp:	4}&RU#,g3",Check sum is \
test,P&L<OGqq4F} }:7>a-XMD(,Check sum is 8
test,i`^I3Ob,Check sum is 4
test,"QlD{q(.,tkJ1kx37q",Check sum is '
test,"^lm:Edz""Z=m'0}sh0cV[_~",Check sum is *
test,"2QTu&2m"")Otr~7dFa!]uH;S
L&R	+N<L",Check sum is R
test,*Z,Check sum is $
test,K~S^lD0n*^LP=44<_a	Gzj,Check sum is !
test,F5q[/V[?su^w.NT7~a+{hh,Check sum is _
test,UByUUgB_$,Check sum is F
test,"7i`@0v4`
dJD,Taj}f^R UYMcwsw>""52QyG
`@""(p[U3wDb;/,",Check sum is %
test,<^8DV(OlO V2'[~!W:,Check sum is X
test,&B_[]=4_o'.eV{x,Check sum is !
test,"o}ki""~9Z&Hlerl	(p?4bF4n[$xj",Check sum is /
test,FDtkDE.7zsrUaQ _y#/vm{q0fE,Check sum is Q
test,"+>tK|frvC&<u?~Ss""c4t35vp-^k%-5%bR uHk]:S(",Check sum is Z
test,*y&,Check sum is )
test,"h(V0N#""/""ujW#NYrwlJS~R)|`/-",Check sum is =
test,"&EHmSR,
&{M~]J[nRg,c84Y^J'Y%C",Check sum is T
test,j*Db)vlJgccts=h,Check sum is (
test,W	9vXBt4z4,Check sum is _
test,W1&wE*=R'# I`,Check sum is V
test,"joSl4>A|==[`4qr@DRe<AY=O+:?=lD""qYH&s+=opur",Check sum is \
test,"P""}!F_"")_8%_M",Check sum is H
test,an;(r$Id^rp}G,Check sum is Y
test,"o0<P.|*Fkrj,cQxZ",Check sum is ^
test,;%0Qo,Check sum is 0
test,-GX@C=INE!huS	#=9q%pyq^;P~T|1Sb4!4L# ,Check sum is  
test,"Sf*\A9#RabT!yAL5=Qk5Vi,RTKb&%:+_XFJY7>R\zDzC^s/Z0",Check sum is %
test,"
(^bP}qZUM-N$!&eY2$}L3q'){tz","Check sum is ,"
test,"G_P>$`?yb5mJfO*i6aZ4o?1
MS)7YGafkL",Check sum is R
test,Zkd6odKeQ*uk0;B~td&>b$dMZ,Check sum is U
test,#Xc/_pRI@84!-=Ez	Xz96O1Wb;W%7*l?vUz<+Mg@7<,Check sum is &
test,l2P!	]fFr!qbXEmKb-Aj&a~`cFdS[s\$L,Check sum is U
test,"@<}Lj}es:Ja6h'!^;Uqzwz,|x;+]",Check sum is \
test,	Xc@!+jg,Check sum is A
test,FXU\'L[t,Check sum is 1
test, 2u@\_KH|BXB~6mCV;O=/xzNZ-/AwdUw*p@|I~amV@$f/O6,Check sum is Z
test,"f&_yG1(Y%T,%7LJVdQ0qT@sKuzS|B",Check sum is R
test,wIG*D<L\0),Check sum is R
test,u$M-rg<nqJ^h!%!Ot,Check sum is !
test,")(>]OJqxoqGz*""\(Zj:ZDqMsKmabw2w""nyO",Check sum is ?
test,DZ{m`F[gB-fI+^)+<s1,Check sum is )
test,"IO82r9mza j3:-m6QI""U}q3MWlH8",Check sum is ^
test,j>`Qh!P(/z`hbrSe%GBTxa-f7Z_GuS#/i:W,Check sum is 0
test,<CsdrN8O>)apxU.qDZdG(S-llNiL>??5$NZoC:x]9,Check sum is $
test,":%X*&yS_UL%X:KYDf72""hNrwQk|dv )A",Check sum is >
test,"XK8^J#_ec(6
U4xh%6P5wqbSRk\uDPCOlq"":""HjRPnCgm*q*?*",Check sum is Q
test,	#&\^Jx:cT%xw1VE+;wzf<d5`,Check sum is 1
test,"p>2%@]U""BS7un6;OZc>qPCdO@!j3F,u(BWPLuS",Check sum is $
test,"Y*=qWwbt'CQ'{%Q<<],F;3zCWbp0(9T;Xuq#J",Check sum is .
test,"iM,M&7{0m$!>bgyA,a1pnI=aSL:1pp-y*=&R5
M:d{8F2F",Check sum is W
test,"Al9\Ct11y7!C
:j(0aH~j]ID",Check sum is P
test,"/A/k39Fv{:hlE<'B<p'\1S$X
xs>S]g<	5Dt}0KXTWvA","Check sum is """
test,gz|-QDNt==X,Check sum is S
test,4},Check sum is Q
test,"1F	e|4nB9&;Sz8k&b/i)]Dy	:	@mcd79 'F(j4x
U.oTL",Check sum is )
test,"oZA9ZOo=C|a,K~-rK?M}7|}4.ib:?b:",Check sum is 2
test,sS54mCowvO=}TZR(-_bF,Check sum is @
test,"IV;)HX%92,UUx@	0z	:$F9Y8(p,>O<!r{Zk5:S+i-CI>",Check sum is 8
test,`',Check sum is '
test,"ls#
f4GL*_X+6/(WEqK@s}QN[n$@rU:V*uLSO",Check sum is *
test,!O[qU+>QcQ>c^7:_.631@lHC_gT,Check sum is G
test,"xGq$~P!J,4",Check sum is M
test,",>oWa8Qlk'~6W-P
NF:>9F4-\~i",Check sum is 9
test,aer &v7Hw<&GQ,Check sum is D
test,"rP!ulxfPFub?9O&DJ=$S?""? ~;<17[@%c8V&",Check sum is R
test,"C
X}1$W",Check sum is .
test,"J1J)|3`PPhkk5rN|lY6iP7/s?JVN+=]U),D0}+$H8}&",Check sum is 8
test,"dl4h
P}$mr!f
ew)BfD""77G8qF7	RlvS/P!zJ	Ns",Check sum is #
test,"<yVBG<^5e=0-L3(F&M9."".iP0",Check sum is B
test,O/,Check sum is ^
test,">tlBEtn~L,""@CM.KfsCZ(X~bE y>[Z2Vq",Check sum is (
test,2J;TsMC8KP8z>'8l6%+8|%=%X3NhW`$E&Dfdj,Check sum is <
test,"a{b/e$=NXF""3E!9Kpm.<_wr""%C",Check sum is W
test,"q45]x-c]
Rv}+MuX\PsC'U>EMR4 	i6U1aWb","Check sum is ,"
test,XX,Check sum is P
test,"IU#O:m>ZtjW,Ea^+oA",Check sum is /
test,"D/t iV:6=,>`fpl~)!
?<>*KVM`""""nx1.Y9&ArV4[",Check sum is ;
test,"^(?Y.	Uy g=<oFU0o&JZ7-A
1@!Cd`~WOD",Check sum is &
test,q\*<4;0QA9d:k+/1i`5],"Check sum is ,"
test,"E8$tA-J}Kuig,ZK|N}I#;%\dD","Check sum is """
test,#a\;4uk2pBYauFiU,Check sum is &
test,"maB90n<5x
O3]%oZ}qG&khM""aVe2XR4]8Ds*1I_P_WqK$6~[7",Check sum is K
test,"zihVRI(47dBv#7C=/ovcsUmsv^{b>?Y:u k,igTv0c[Z	919",Check sum is ?
test,"&@j,;qwI	[","Check sum is ,"
test,"M{`""WWw4KQ;6/,mEF/5$MJ5oY<BPD_I",Check sum is 9
test,H2OGjAK*ilnn\p4	ry3Vib]J|Xu8odZ;,Check sum is Y
test,"5cZp
MIh8Shq",Check sum is .
test,"7w0?U:3qeq:pT/!`oZ.DXj-<R@IriMs3g}v C`EK?N(7MJb
hh",Check sum is /
test,"1HFx/\;!Zc$7'F[s;>aT wu0AJ-j:""*i;9Mwd",Check sum is (
test,"l
BPA\K",Check sum is P
test,m2F#i~,Check sum is O
test,|&3[uDxk6#G tti`ciP`<KE`He,Check sum is 2
test,h`8z8m}]K@(*XGDKBw,Check sum is ]
test,F(U-wJ,Check sum is Q
test,"Q)P%cS@}NV {T/;fx9m2qtKX* :e0x\7_xz*,iOS!kg
>|",Check sum is J
test,:HE<8ha^5z>D^\VAkstXD\1->eqYrh!FJAFC^,Check sum is L
test,Eox?2MQ[u't8\G S&~lpH/zHhNN8b#b{8@'a:J*'7|,Check sum is 3
test,I!o5~e,Check sum is Q
test,"z\|*3UO3KvI""XMXe7""*_:Lm&dkB'[UA`%!0qQKZc1",Check sum is )
test,4J/	]WwcHV	q${t{I:m%DD+BHFt>{A9,Check sum is I
test,"WE`f,b]",Check sum is -
test,"6?^k[ l/Vo\FOTYTwQ`5wxE71X#	?&KD""Eh",Check sum is +
test,"	v-M],Y-Y;v'VcQqv!adl#7fO9(0qsZ+E$kQmZ=E""r/8TgT~T5",Check sum is $
test,"xV8Hb3t59%<>~Xq%BFGKw!P&1'jUV;{p
f %Rt`%]",Check sum is H
test,I[>]%`p=1FX=<l(6A0E\Z	usLCvx<8I'!cyKH4)M],Check sum is 8
test,)Ct:LJyJd|qh+$/}e}sQ;!Md,Check sum is :
test,:yoVu C=oa$&+Qzwvg$>WBKC.+3f6f?Uf9Jca,Check sum is )
test,a+n\vHRT07&,Check sum is '
test,"l_a3|`WTirntM;fV&y)Z)/,,s?
q;",Check sum is A
test,k{Syj'X=,Check sum is 8
test,"DNmi@Gq
]KSvTEu+V-&""(y#NRj8pHPw",Check sum is D
test,"1HrCOA\$w#Brl1Lp.""{XoOLoE;=	Dw1;?W""=p",Check sum is 3
test,?WLaapq&Li,Check sum is @
test,"(w`8X&$_,*UF~CDeCO3",Check sum is 8
test,"~9jR9""Ueg?io 3\",Check sum is U
test,dQDGc|	$`4%3YVl<YOUW1m_w,Check sum is 7
test,}\'}Ha}`\6{$ZJC]yy}^@hrVDE`WPBFt)#)uKp/&,Check sum is [
test,F{,Check sum is !
test,:\?iU1RC;eyk:,Check sum is 7
test,KR,Check sum is =
test,+?NKWcrAA}zT>L]#SE!j-yFz1AjIN6'|!U0#5jIEw^Jc',Check sum is Z
test,"GAJ/5kBSJBE""L+qLbZz
@1)w$7+${&T	\XaQ	""`,n/PO",Check sum is O
test,"K4D^/PwDNF#eR3QGmA%C+)kmi%)V""/C/R8Zx)$9x9SXja/a8Gr",Check sum is P
test,"}I'%(TO(Ao8w^F1y6#*5?4<pUV&
Q]5+Z{Sz/Fr:1P&1%",Check sum is R
test,"
d?cR/0KE{%MqufrZo{9}Mv@YWfB?37WP6``GW7W@mG",Check sum is W
test,"R>S}43UI%_'z.'(Z!pF!
xINigxlTP|<XtG+=*U19xEq=C",Check sum is 4
test,d@1W5a!;l)8`/x*1&,Check sum is S
test,"~X=g:cZ,
",Check sum is G
test,Zl*\H*qmRoo!)]9?7`Ufo >nNCq)R,Check sum is U
test,&#cdx5L$ rr#pEo5r,Check sum is ?
test,~ut'hy#W+lf9PT``?T# ^/XS(&?g	,Check sum is .
test,"g#s
_wDjSg;k
x#@iJ[4fz}qE@):.;HhG;k DN18Z5&+`gV",Check sum is F
test,x7A?JtQ	5W@Uh?J<4}'A$b*k,Check sum is )
test,"ZV:?Ujqp%mfd53Fet,te^N#:,u'@Mw<uu/VGa
tf2Z
)",Check sum is \
test,".$*x,$!)^-K#V)IvS
F Pz45UJ\Xu{w5qq","Check sum is ,"
test,c1>H]{kL!S|6|$h_s,Check sum is I
test,"gLq""EArB\ct1V04gxm:v0s
XI",Check sum is H
test,	/v2:ehb}ViA9,Check sum is _
test,?LzK-]u8.F2wvt*b+/T[gA5`Sf;Lb5t,Check sum is K
test,"}TW'x+i2&	(|tuUPQ|,!g9#erOF'-J!",Check sum is V
test,V$c}q34_Y;uA>E[(_VI C'.2leZmc.'	A<LgJYWx@XM/,Check sum is 8
test,",K""",Check sum is 9
test,TL2b\0r!PZp@9iF,Check sum is 5
test,"u8mside5;/>
aB~q*N!gr)OA2}HjyCHRpD",Check sum is .
test,"Ljx
cHLx$R~mAp0J|V`McLt#Mx$NT%ze5",Check sum is \
test,`^rbr|=Aox&;v5F5*y,Check sum is /
test,"
	4giu	.4",Check sum is W
test,"%pBee!E6$xmB""dX2C>vZpMd3<;MW]$U97Ll",Check sum is 6
test,"YD~n;iFCKo*4)4I]iC~pW0
4aFk+gL
yF?VU_?Yx","Check sum is """
test,"]^mc`L@y
|io,v)Sx$:qE#u1",Check sum is !
test,-d!$AT\Y9=\i,Check sum is ;
test,"zM|;fog,^`%E0r?1eO",Check sum is 4
test,dfN*,"Check sum is """
test,"N'7P%)l2FF4]$Z[P1DgN (T,c3gy$xcECz1q-3a",Check sum is Z
test,'.vQ@mb:]uk{>feH8[	g+e,Check sum is !
test,"a6nt?ftx],&;B",Check sum is V
test,t4}UIDq4FV0m/X3r	8oyt9Ucr^Z*up,Check sum is 8
test,&\CG$T,Check sum is $
test,"6L^Ff_oHXe(*FM`BJ&b1p5M.ZFF5h1*%,W{]&'",Check sum is T
test,"`>NSN8d8D""EiDD*.1P$#[T
umQ V",Check sum is _
test,"(	xV\C	>$~T JH<M@}'#nZ5G(8:f,[c4e!\\`95v<q!m(=6AzT",Check sum is F
test,"Ri!G8)%%$_2%GJze^5D1	6}A,Y9[
J.-k1Dy8l46","Check sum is ,"
test,B? SP{\O):\#.g[:%jpg5Jh=kJ$632\} W]_?f&Bs,Check sum is  
test,"bTv""8$H8i`$`",Check sum is W
test,"`=rKb31B$Mh=VKoi?q""tz|!i/^d&+",Check sum is Y
test,Bq<VB>for%C,Check sum is T
test,"GH2Y5cE]K$65g9}zm.$@E4aya[Za|5}_waTODI,6VohER",Check sum is )
test,g}a+-=ub9b,"Check sum is ,"
test,6zox5`s/DA%v{M%H}q 	5D{wPl_+YFIE@TrbGKX)]?Qc,Check sum is C
test,"yz,/2?pDuHYZQ~_p&6.UWVR7o
q(-QG|cw_4Lws6O%c?S",Check sum is K
test,"*yV1BI	T A]1JV2;9Raa[.Si
"":bWx",Check sum is W
test,ULEg! e	m	6QbOU7,Check sum is V
test,"""HL!LV/F<""As5P^3dub5./B3y33",Check sum is W
test,R7T}/,Check sum is )
test,AUw(E3eh`@,Check sum is :
test,"=]1	p1.Ux99Y^!g^#{7xfn,S)
n""49zcS/~Uu2",Check sum is H
test,"DIS8~:cC~@""7;aEBz",Check sum is J
test,?pFO4F,Check sum is ^
test,	TKy=[\4.C%T5`;	2,Check sum is ^
test,KK%kE,Check sum is K
test,(KUyk}H{H,Check sum is T
test,"f-Re@/|y57Wx0D,	R,^|-k}b;!{#",Check sum is ;
test,"Up1r6>8Ts0<,)dh
;qJPwU@*q}/K/I|&!T",Check sum is E
test,"7,9bo\Je!	=r0YLnj6=`db10Qm@tH+C?N",Check sum is M
test,"qHc,3q4oje7:W59Kd `W;wF_hf	vz
ASqM=_.rH",Check sum is 8
test,"""3OY#",Check sum is @
test,$iz'+oIEMKP<Ig\6t,Check sum is P
test,^5.g\&;$m%DY`&{I9]6$V;9.0)3/ILp,Check sum is J
test,"U&xJ""~A$+X%t(q	y%7(8_D&N4
Tnlvb/AdJH	*X",Check sum is !
test,"IdUpqSmEPtEEAW<G|h=#}KjU*X[37GD#`}r3""E_w^'",Check sum is 5
test,Lg.N0HK)5y)r;*R1zH~cY\Fsyn^.ku?,Check sum is O
test,",e~;yYy~""L^#VoJ4%FiaYYA_DFyB20}>8C;fKNo",Check sum is 2
test,"1)D}]#?\cR\t3_':;
h#tdGwkw@}*65h~ Q_w/D3lAy-?0(I",Check sum is .
test,s5S6,Check sum is Q
test,.&]eGlyiS/MCF&LrS8*SRpHGk/WfoWi@&(c{\@B.I+#Pw,Check sum is <
test,"&{\*B%! w2\?eq 6rEz	fRIa.vZBxSzBV{E^iu!cC)vlKH
^I",Check sum is *
test,"I0^85/Nh2	'lJT&7J4B0
&rjtC]t

D.Mn8=L=4}v:5UT",Check sum is T
test,",-!d7 Pu:X43_~33>
Dc'Q](Xevn}:l\[Zi?I+|Q2UNP'",Check sum is L
test,cyVW8l5f{yDSfyP{w!A}s@]zs}U^ZhK]&{'o>/wA92,Check sum is Q
test,!b~Y,Check sum is :
test,"&p*P?PqAOrOqY<9;rCa
^h^a~z!jM3/KP>y'=US>`qd&",Check sum is I
test,"=i.P%-`DM/vD
XI=[=Y*2P{b+tts.SLv{>t*8_aWg;KGA",Check sum is 6
test,"nO5@2|1J
xICrU(\xOi3p",Check sum is '
test,0jb-)tHY	W,Check sum is '
test,sK,Check sum is ^
test,"#4esf""~A#LPeT4 ktQ#	",Check sum is >
test,o}#hmw>UKul;^TJk?gewC`8SNW6,Check sum is '
test,"~BcXx:R6m08FQmpd$b=0*>G.xaL+
FC-VPse'r|",Check sum is 5
test,y;y#5KJA+&Sdm%VT`	^ZR[s3,Check sum is 3
test,"mL/jkJ<<d!UgG`pN1Zn.9>TU6nmRI%t[^uJO~?,c",Check sum is $
test,"q7Ozq,*ziFp-~u0]I",Check sum is '
test,"FF/@vxg](HPRlo1x]W?WcfcnE58uxRyJJR.n&,)",Check sum is .
test,hiHx}qa)&[dA,Check sum is O
test,"7eKz(GN1F`Sc9;3O1|}Ar1
K;N,H",Check sum is !
test,y9)t~y=ZR:I-	S<TK]\-<k;is0py3|M$)^Bnv+i,Check sum is T
test,!<H $-$4ZN[,Check sum is Q
test,"%&^L@y?HmR5HG3HmQ""yXzM)0AE^",Check sum is H
test,W2/Y@eG@_m)0 !pzZ@(vON,Check sum is B
test,&5'pmLJ|mN7{j,Check sum is (
test,"-iGp
A+%~mG5C}1?z;p?$>+m e!vxn>+7j
{oU^#@9r0",Check sum is .
test,XY/!)t.f@tP/[aA>-};	k{aK@%r1#'\SC5Z<fVE<}fet).,Check sum is _
test,"=`l]Y4>g$.G]
#h>5}ECCv2pz",Check sum is P
test,#B&2&itinj:&$$xOECzCkI/oK:Rna'!?6?ln6(Ku-X(Uay>u,Check sum is P
test,*j8\|KQHoFb0,Check sum is /
test,"[j7Ao="":IQbFo[""	-A!L
t",Check sum is 5
test,:fviZYNDKjdVkgy5fNKt`1,Check sum is W
test,"5ck BB\GlV~$A3S1_FpG;%&r{,p1z8U~@tjqz%~",Check sum is S
test,"T#Q#:H~#e4bh6V`	I8B~&$""H/;m8~L$&",Check sum is ^
test,FT3'>N,Check sum is  
test,"7,uIv?eW""!56%*l>""dmEN	F}.o6h9C+_S!=b7,C`",Check sum is E
test,	D>[omui>_DD&vCUa|JRe8ZL7>DeA_5[2	emRy_x5<V~o*|-,Check sum is Y
test,2HmO%_^jnby<\J0W~,Check sum is R
test,"^2[*a4ZB&s!fuE,*	579]E",Check sum is &
test,"SGz?NxVo/QE<Tk~4,E.zm(G{n[,uA0#1pT	# cVU_(^",Check sum is R
test,j}xK;,Check sum is E
test,]l,Check sum is )
test,"q,r'f;X[3:_MB
rE{/94F",Check sum is #
test,"rk'=o,\z}N~""){dp_><O",Check sum is ]
test,~Ks1ZoaWy,Check sum is G
test,"G3LA9PV{4mMwGmBsBoi2I	fFj6y""njR<oMxwQ/vqIF;h]",Check sum is [
test,uaZ;` +yP,Check sum is ?
test,"c+@*LJ#O> -y(,-Oc|`k[=RWeA<V'5$Ph-VaB=c[qQ'#l#m>fQ",Check sum is -
test,<AY<Po%r,Check sum is H
test,<;tVRx:;(7vM{sXnv'$9*RK1iF@un$$f*?k,Check sum is <
test,"(PBJ?\Ne24Mld?7xT3+a[at:,/<\z3[$pi)[.",Check sum is J
test,"WT*)zHZ#:6"":x#,",Check sum is 0
test,*aD,Check sum is /
test,"(gJ>C8yMZ*f""*W$pKS5pGZ
Y3oSiygBx\",Check sum is 4
test, .Yt&1Mud7f3DEQ/z]<Tuq?h^@`.Q.,Check sum is 0
test,~:xKJqT8w/4qmV)k,Check sum is D
test,"h\>K>}aDt""-/K	",Check sum is S
test,(|r!{:q!nE3H(ql6kJx_{NqMRt}%Yc,Check sum is >
test,"|ZIw""1*k.""U""P;xCBTq8PZ)<[jl%s#?Y""KVJd:p""*b4{nqEv-",Check sum is <
test,"{No|(|y<	u3O9
|v=jUbs3",Check sum is &
test,"q[`SV>biGAl)Vat%
(1kXP;&Z	(f-kTlM9
y",Check sum is T
test,!=7|Z/%	\|9?yT9voym&tOJy>eGC,"Check sum is """
test,j'Q^=@.AzLQT2&F,Check sum is U
test,"x2E>`
MhC@'3P4mwiihtG:#P6 ",Check sum is )
test,=TkRtK8s[b|W;il,Check sum is 8
test,"=U;vf^&
)l)y
h#[u",Check sum is 3
test,yoQ=5^t*SJ\4]?_+};g.B3wquex)P,Check sum is O
test,<B]@L:i>{\;a/L:S+SSlz:C12kJV'2Y>\:N`|fSi4!AWB,Check sum is F
test,qJgY$|ppT.ny)dPM5ZwG7G^,Check sum is W
test,zZY\f]^:T,Check sum is X
test,"Jc `B_F=--(=[J`W;#|G./Wy:gWs~o~,;^a=D",Check sum is W
test,"%^f,O!",Check sum is %
test,"dgOA3kPq_p/x'_;>E^
J&v`AdcVfI%cEL\^^ ",Check sum is  
test,:a)gCpC%v^p&uY4qVUx{(8w~qc`9Z3,Check sum is 0
test,"WmjDGdS""DC.Rz'iV]WAA7Y+=eCnY=TfN}H6E4?a ",Check sum is /
test,uq2RfWmLKPF[p'G^8Rj!5OgzqCq0SlIk=R9*,"Check sum is ,"
test,}dhCRb;,Check sum is [
test,f'	QS3.qCqQg,Check sum is X
test,"qI}t|xl(""d[BM^t9!	
Y!VvnltkuNn+66Wkq<Lq1LEF-=",Check sum is '
test,"O<M
N;cohY62nne]:",Check sum is ^
test,"ma4DUCD0o\n&kG|
C6uCf~",Check sum is ^
test,"GySDC/g#n]]
]]B<3q9*!C",Check sum is H
test,8H8ah,Check sum is !
test,"!<x$SjRH}+ZuZ,p6KD>tf-4NzfCxkn	:",Check sum is  
test,_6`;iqPKjU_~{f+W]g]k@Tx5ML$oj>uKPv-f{%R1Kj3=nV1i6Q,Check sum is +
test,'#3iX3h	+Zh!UV'-|wzb!k'O1dL,Check sum is A
test,"D=@pW*I8F!V/j>&kYA)7rr4,(57gK )u:",Check sum is 4
test,YcPV,Check sum is B
test,"J JAH~	`yFSD~'n,",Check sum is Y
test,r_JolcZa*^)cRF2gdR3ht{[>.]<a~g$K{@jZ^,Check sum is +
test,"
QEr]l2'oQ<a&7(>v.hm{7""^bej	rfo~z	H[{",Check sum is ?
test,73zvvfij_P$Xw	L_lA\,Check sum is H
test,Y_0F2B9~Veo.EdY+N8U@4PhMeq@IJpX~'CPG%2byo|MWcL[,Check sum is M
test,zK.Dh428Bz3pP	6y|uGBUN^s8m,Check sum is W
test,"ms_	6F4i:s
TLP/9",Check sum is P
test,"DXPC's.aMZ""z/- M5o@g#Ml94	a6!h;1qx!DbzEX@e6}J^D",Check sum is 8
test,qK%bq	matA,Check sum is  
test,">/iRV""h%[f'Mn@%%1z",Check sum is %
test,"cEwqI-A?Bp.dwE~qM4:\bfBI'p,,]Y-'?|/t {%SRf*H_A!",Check sum is T
test,!huDY?+h9gRe]\ |OKQdne;^iu#E,Check sum is :
test,){l=,Check sum is -
test,"`C%OHg;JD#|F<nb)jf""""w",Check sum is T
test,;k$)H)Tzg+m:[>U\J6		-.,Check sum is B
test,"{d2<%)1,q3HB13
ou}J,%I (1gDf}kdEY7*: S]eU8""3CzZe",Check sum is [
test,gOfuzT5.{$n|V4X]<V|pW]IFo(VzLW	QE,Check sum is T
test,"bkp_}d{9kG
"".T &hU#M+~0bVEgk51,<;pl",Check sum is 1
test,g GPuW0b,Check sum is \
test,Y=1z]|&?&t8l(.7]-IYwg#8uF5,Check sum is ?
test,"CBja[{e
 Fg_-G=]P;A@63hM""'","Check sum is """
test,"_+(#Z]sJvJ8Y#t{n{2""Sl'?Kz_<F""IbMT72O Q",Check sum is +
test,p^r,Check sum is  
test,lwA}db-ew,Check sum is P
test,"QyTrM*,f~vu)w",Check sum is B
test,:51e_>G!]*8soC\bold(`l?..kyZ8W1GmIv% ,Check sum is P
test,"z1/#MpjV7anAcXoAi&q=F""FlX8Ga:ei&V8n;F\A{/!)F90`nwY",Check sum is $
test,h'k*6UI~al32NhM{Vc7C(3@10|gv&!|+Eq,Check sum is 2
test,|E@]n0+fhY.J,Check sum is &
test,"Hs
|Ar\{TmG0r{",Check sum is P
test,"Y,m/BAkRQ*	}",Check sum is B
test,"""Y|X-%)t61'XwfV5[VmtJ=/ddjj<!C[)K,P7VhI[NE
 ",Check sum is Q
test,"[iG:4+ZePI0gQ; R
,`d_qo@6
Bx?<y{PWp3DdA@	X",Check sum is '
test,"'
#=LxTS
q:Ncfx",Check sum is  
test,"F_}w{K&3[ U`C(!}kL%pjr7^A:>6,`!0\UdP?B'UfE7F>C[n",Check sum is .
test,(D5WR?j0,Check sum is C
test,"p]6m!6-K""""P8Tu|*Y1Zq-|&D&G+t=:VKgqbs|",Check sum is O
test,",c*LR~_l\P<VQ
3z",Check sum is F
test,)M',Check sum is =
test,"_*\z'ygnr(|XLel&f?%,h\""0Av0_YR2>%j4CG1w4'=pW",Check sum is &
test,"$dnvQde""s\0WHf%5m>=S""I\=hql,<_	}SK~BTtSrvH",Check sum is  
test,"-|C'=#rsBUn)hh$d@NSI1-
m\wl@|9 TK8X8mQX[(3L",Check sum is P
test,"-yQ""Q",Check sum is J
test,"N]kRBScHf`f:e!{4dNLHCFx_W_FguLp}h})q:HL{=Oy3C,^[",Check sum is B
test,"2J 4_N*f4q<mexo.m}!GUbY
S`N7T",Check sum is -
test,"]&1Ai*%\WOc*URUQ
;o&cF/v~nH'?=r ",Check sum is :
test,"8D(;YoF4A*A~jN;(OtLX?J^C5WR(I
,M]Yqz$",Check sum is .
test,e{,Check sum is @
test,"]@\wXw+rO,pP_T>$=R?	",Check sum is #
test,"<""aklrgb",Check sum is 1
test,"
\K9k+7Y	$#K1lVV= GItaQF*VV",Check sum is C
test,~$By-1-i{W8=`@\|Q<{4EEt'KP*|Xdl*;6]9:,Check sum is %
test,cXvB:9fp6	cc%lmOf^(-R;$Y=`tNO(+sis!)e^N@,Check sum is <
test,683+d-#r-{jN4&?3Q{2Q$5Wqh~jMLl$#F)}xW`oc9Nu-z,Check sum is Z
test,"Ez
Dt
gsfK-Dh/>fbdBRYTDhs'H}}EQERiMM3B.""tO=x5",Check sum is S
test,"J,-*0$gi.Fi[n6HuT?+;?""k
X{V5VP]sG*""-F	}+Q&]'",Check sum is ?
test,"Yk*^573U,<&(9;8c.wO]",Check sum is 6
test,tQ$>[9B(BP0>iJ/C/~]dNjn}w	XAH'oq,Check sum is #
test,pGaqtUgjtKge8M:%LqgOEWo~1stf_x)|._Fr78a&Q:,Check sum is .
test,#~(r=Q6~QYzN11Qd#(37|pRwr;O8,Check sum is D
