set,input1,output1
train,,Check sum is  
train,	,Check sum is )
train,"
",Check sum is *
train,"B
","Check sum is ,"
train,"

",Check sum is 4
train,"

















































",Check sum is T
train,                                                  ,Check sum is  
train,ssssssssssssssssssssssssssssssssssssssssssssssssss,Check sum is V
train,"CD
CD
CD
CD
CD
CD
CD
CD
CD
CD
CD
CD
CD
CD
CD
CD
CD",Check sum is 7
train,"x
y x
y x
y x
y x
y x
y x
y x
y x
y x
y x
y x
y x
",Check sum is &
train," 
 
 
 
 
 
 
 
 
 
 
 
 
 
 
 
 
 
 
 
 
 
 
 
 
",Check sum is :
train, ,Check sum is @
train,!,Check sum is A
train,"""",Check sum is B
train,#,Check sum is C
train,$,Check sum is D
train,%,Check sum is E
train,&,Check sum is F
train,',Check sum is G
train,(,Check sum is H
train,),Check sum is I
train,*,Check sum is J
train,+,Check sum is K
train,",",Check sum is L
train,-,Check sum is M
train,.,Check sum is N
train,/,Check sum is O
train,0,Check sum is P
train,1,Check sum is Q
train,2,Check sum is R
train,3,Check sum is S
train,4,Check sum is T
train,5,Check sum is U
train,6,Check sum is V
train,7,Check sum is W
train,8,Check sum is X
train,9,Check sum is Y
train,:,Check sum is Z
train,;,Check sum is [
train,<,Check sum is \
train,=,Check sum is ]
train,>,Check sum is ^
train,?,Check sum is _
train,@,Check sum is  
train,A,Check sum is !
train,B,"Check sum is """
train,C,Check sum is #
train,D,Check sum is $
train,E,Check sum is %
train,F,Check sum is &
train,G,Check sum is '
train,H,Check sum is (
train,I,Check sum is )
train,J,Check sum is *
train,K,Check sum is +
train,L,"Check sum is ,"
train,M,Check sum is -
train,N,Check sum is .
train,O,Check sum is /
train,P,Check sum is 0
train,Q,Check sum is 1
train,R,Check sum is 2
train,S,Check sum is 3
train,T,Check sum is 4
train,U,Check sum is 5
train,V,Check sum is 6
train,W,Check sum is 7
train,X,Check sum is 8
train,Y,Check sum is 9
train,Z,Check sum is :
train,[,Check sum is ;
train,\,Check sum is <
train,],Check sum is =
train,^,Check sum is >
train,_,Check sum is ?
train,`,Check sum is @
train,a,Check sum is A
train,b,Check sum is B
train,c,Check sum is C
train,d,Check sum is D
train,e,Check sum is E
train,f,Check sum is F
train,g,Check sum is G
train,h,Check sum is H
train,i,Check sum is I
train,j,Check sum is J
train,k,Check sum is K
train,l,Check sum is L
train,m,Check sum is M
train,n,Check sum is N
train,o,Check sum is O
train,p,Check sum is P
train,q,Check sum is Q
train,r,Check sum is R
train,s,Check sum is S
train,t,Check sum is T
train,u,Check sum is U
train,v,Check sum is V
train,w,Check sum is W
train,x,Check sum is X
train,y,Check sum is Y
train,z,Check sum is Z
train,{,Check sum is [
train,|,Check sum is \
train,},Check sum is ]
train,~,Check sum is ^
train,(-,Check sum is 5
train,7-,Check sum is D
train,<<,Check sum is X
train,lp,Check sum is <
train,TQ,Check sum is E
train,y2,Check sum is K
train,;d,Check sum is ?
train,\~,Check sum is :
train,'+,Check sum is 2
train,1G,Check sum is X
train,7?,Check sum is V
train,n!,Check sum is /
train,8H,Check sum is  
train,Nl,Check sum is Z
train,bO,Check sum is Q
train,[t,Check sum is /
train,Hc,Check sum is K
train,jc,Check sum is -
train,"""/",Check sum is 1
train,My,Check sum is &
train,5*,Check sum is ?
train,G5,Check sum is \
train,q|,Check sum is M
train,LN,Check sum is :
train,%l,Check sum is 1
train,Hr,Check sum is Z
train,"
#",Check sum is M
train,qb,Check sum is 3
train,Ue,Check sum is Z
train,'s,Check sum is :
train,J*,Check sum is T
train,kx,Check sum is C
train,eC,Check sum is H
train,J!,Check sum is K
train,x@,Check sum is X
train,wl,Check sum is C
train,+o,Check sum is :
train,0l,Check sum is <
train,"
)",Check sum is S
train,$V,Check sum is Z
train,p_,Check sum is /
train,W#,Check sum is Z
train,/N,Check sum is ]
train,2N,Check sum is  
train,'T,Check sum is [
train,^Z,Check sum is X
train,0{,Check sum is K
train,M3,Check sum is  
train,=6,Check sum is S
train,",p",Check sum is <
train,Cg,Check sum is J
train,n+,Check sum is 9
train,+L,Check sum is W
train,$=,Check sum is A
train,f),Check sum is /
train,iLc,Check sum is 8
train,:O ,Check sum is I
train,AKu,Check sum is !
train,"w[""",Check sum is T
train,Zxc,Check sum is U
train,[&J,Check sum is +
train,Of4,Check sum is I
train,"
d+",Check sum is 9
train,:'d,Check sum is %
train,(P[,Check sum is 3
train,ZU\,Check sum is +
train,;q9,Check sum is E
train,`{%,Check sum is  
train,0@K,Check sum is [
train,rBm,Check sum is A
train,&(Z,Check sum is H
train,kLW,Check sum is .
train,koY,Check sum is S
train, Mj,Check sum is 7
train,4un,Check sum is 7
train,Wio,Check sum is O
train,Je^,Check sum is -
train,mS&,Check sum is F
train,Y*y,Check sum is \
train,Z](,Check sum is ?
train,S3$,Check sum is J
train,$':,Check sum is %
train,P8X,Check sum is @
train,TCd,Check sum is [
train,{UK,Check sum is ;
train,pbP,Check sum is B
train,U#N,Check sum is &
train,L{	,Check sum is 0
train,FHg,Check sum is U
train,}Fu,Check sum is X
train,1XV,Check sum is ?
train,iQX,Check sum is 2
train,f|e,Check sum is '
train,6e?,Check sum is :
train,QpI,Check sum is *
train,",{m",Check sum is 4
train,L~k,Check sum is U
train,"
3#",Check sum is @
train,7Y),Check sum is Y
train,t\R,Check sum is B
train,t~Z,"Check sum is ,"
train,Xn_,Check sum is E
train,03R,Check sum is U
train,89},Check sum is N
train, %(,Check sum is M
train,XOv0O\;)d4oA$=;<_L#eB)P97hr:O<1%.-0yO)87K'%Jro%?	,Check sum is I
train,h	0G~KitgI9rcV;pFd_wbT,Check sum is #
train,"5;}m
G[Ni7U%-6Z(`.g4(Jl8!FaQFVT/epKI7m",Check sum is 7
train,"&C)T	
b{+;'Y$^\$M
|/!)""6rs",Check sum is '
train,=V!@9kV>{:xQ0%,Check sum is _
train,"QE_hvo9>\qq]""-T}{f[GM_JelqGu",Check sum is K
train,"(C\Q{zo^hrM""LAa97l6DC=u""yLK9F(sss+e'B=
w,",Check sum is Q
train,h63,Check sum is 1
train,"F
+Hq?\l,hRrhCW?<>StX5Jq[?MJHj",Check sum is  
train,9a ~H~XaRg Tki|d[QHF_F)s:HZ#U5Xqjg9OrY;B[Y,Check sum is Z
train,":4|e|S,&=_L\ZZUt4ZY{S7",Check sum is =
train,F2eX207H^qV@,Check sum is [
train,"iRJMu-UZpa:U_y)+H]Bz|6x]Wu3Y\E@B	
?",Check sum is D
train,"$6$@PbYy%NTKLub*\,Rfv0P
^<mZ/x9X]",Check sum is 7
train,hz_yXD*2GCO56J vTy,Check sum is C
train,"hp	rg{*eV,o+7FZGmTh2""A-POE=x+83%a[kD^B'B",Check sum is Q
train,"fvEoq^+K5%_[LD-vpAfojUnc""p",Check sum is $
train,"sfdai4a:k@oK}6
sgGN	*	0uD_,2[8s~QA=!",Check sum is ]
train,"UsPdOmLyP]0 rG}""G-8>f``G5=4Ji$S q$#pVmCFyQI!6A",Check sum is X
train,"C""6N9f65Ff9Q=f!ClZ2qdwW_#I+\#~5b54^QD5:s`tI9c","Check sum is ,"
train,"6|)eI$$3 (_M{>Z+Xe3\	'&A""vC:wfX<^zPfd",Check sum is 1
train,"Zh(QiC6YLE~j[g,F""C+-~*PSRSo",Check sum is _
train,W0@*8NQsIFG|8!V]e,Check sum is ^
train,mil[yQU BZD/J]&5K.VRk|~@]H6=)** Ol	,Check sum is L
train,/6ktcl|nG|	{ 3A#RK'kAsQ<'b4`5,Check sum is ]
train,"d>O$(CT;J#xgEI
A20V!6z[@2y(YLJvke|H+_*](@FfF)",Check sum is X
train,qQ^|);kXivD)sBhu2BRX0x]qR9?X>CuD1,"Check sum is """
train,"\$+Z}>m
6iuN$n` $|",Check sum is +
train,"	@!\v.5j6%r /l[s@CrVXh2llkahf5""9bHxNFxmmFc1+",Check sum is K
train,AUPdw.=W0k3~`.A2vPI+r{T)d*w,Check sum is Y
train,XLQ,Check sum is U
train,9n,Check sum is G
train,"[L4oN+d*=--5:|c:W@r4aLam#t`UKzS	t""w6?a)=u;",Check sum is .
train,l5}I&NosIN,Check sum is 4
train,xi?Y|Q:MXhA[Uwly4C6\2UfLz3.,Check sum is W
train,"&m5QwYAwe0""+lk,6k8?Iw""zx0
6Ft*bBVAhmDNE
GIK2gZ",Check sum is %
train,"774C""T07y rr`a?) J$Q^",Check sum is E
train,d',Check sum is +
train,"8f\6omb	FRb)B+!=elJ,r+Tz_@8mE",Check sum is @
train,"N2ZR)[S<G
RL$cv3~\jiDpr& 7HpX:c@CZW
~""Lg~da(cr",Check sum is L
train,"!X(LfSTIF G]X+,GW{#|A>T	lq\@DXCt]el",Check sum is *
train,;c,Check sum is >
train,"0K,(&U<M;xH
ekXdL/7:s1<t2pQ{C'p3bw,",Check sum is D
train,obZCfMu#zg]	u-r0LXf?:.{\wPA~,Check sum is 2
train,"`)9""17+X.}""G	[!sw wjQva",Check sum is [
train,+k|U_%0V,Check sum is Q
train,xZUX17,Check sum is G
train,"VP'zNF2!
%)Ub,My_Ib?HemJP#:\;]Ce64/jB#';w=^iY",Check sum is #
train,"vQTO1g8i@Kr]""&e}=1ZXNkbDj6W9L'tBA# !Y",Check sum is ]
train,"`
CGzD,U",Check sum is S
train,8(YS~nZ^YJY0dG!(R78{f 7j+NH=kUfb&1Tif%uT9	A1Lh]99,Check sum is 8
train,"!F0Su`ab<TOv}_xC9o!5*wr/M~j""2gq'E$;<t",Check sum is *
train,"CYG\53qd%}EJv)&wUpX|Q ,-U1Y`}a8BB4LL91gUP",Check sum is G
train,"^A+(T6u;oS4,`&*rzqx5PWXSM7uh6=`!*?{KFAcJ^T-A:)r	r,",Check sum is N
train,"CseP`@BhL:""M\U]. .ha6""n%}4>qoi]	\	$1JFu@`MJ3Qg 6r!",Check sum is 0
train,"Fl`y L=K=(ApJI.F15TR~#rsH,|>hb;_e6[W:48mW.+hl4*%8",Check sum is ?
train,"Re~`Dk;1 8K@_/A8w,xiloy",Check sum is R
train,_D%MY ;C].`*}S@P+7,Check sum is C
train,59,Check sum is N
train,"Uo5S$*p3L/`U+>i5,",Check sum is @
train,}2h>8\zn	Aqt.|P6|f,Check sum is 2
train,to5zK}4To1,"Check sum is """
train,M&F_fvjZSDT5@2/TxPw}6E47@Y<6A,Check sum is [
train,97'R75zxEJ;$8;K/0oX&OouL,Check sum is ^
train,"tdF^Ftp,Q.zB': BP-a	8^;%m\Yma;<5{9m2K6XW","Check sum is ,"
train,"K`-a2&~(>RzU	5Tg""~PptGnf*K^:P*|qIl)!*U",Check sum is P
train,"R,;56UIH'KzG3_3pd""^
%i",Check sum is N
train,8<n)v8$^=(	_J}&5,Check sum is J
train,"{^=c\K}CxPWV:7X7T
-cAI19Zi^}/cDdV
!9#F@",Check sum is R
train,Rva-pv 8dA sY7~,Check sum is :
train,puO2@#f.5h-A6LV45BXmJ^}G(n!IT}tKGvh;pNW*H-KybY,Check sum is _
train,"saoM)SBj!zA8Wo\'dM""Onj",Check sum is /
train,"pQ>ix)<y
}]`}<eo/FT`3P@e>:
5M:g)^Q\d;",Check sum is 8
train,I:UZjy!~wVh6 9D2ee~>rx,Check sum is >
train,B`{j)7:|(ez2(eml	h{P0R,Check sum is Z
train,"""mi'|g[NM#n:
.2T5@	3Hq:>kLGU^P<7	Qt^53dY""L",Check sum is 6
train,"j""WdNPL;,-G4|55p",Check sum is 6
train,"$dpdXxHU0*gf:nu=X:>k
`,IJ>9V.){ ""7brD@Ppn3",Check sum is _
train,Gi6C?A<d'3pT2?TiF2SI#Sm}x265o5r+uK/QJyS,Check sum is U
train,"
hTRGp""bR tvrq",Check sum is 2
train,"b.7	CfFp,h$AvK)v
eMf""%tc",Check sum is (
train,kIia*},Check sum is E
train,",0C B9loW9aoF{S5u%{QfY7/dt_.oSQ<J6b",Check sum is ?
train,"s:</M(PdSA^""
Cc/;fCiys:L]v;G5G1`^_vs",Check sum is [
train,";#|uNk qi	""%r+e
0~~t%e""b|Y%2!^~a%[R#u""\z<Q~<M","Check sum is ,"
train,n4-ZEth|>AF1bqYq2MT,Check sum is L
train,"remp9eVh 3$BlfM'^-w/6^"":+9L>ER6}QW'B	Lkgj\",Check sum is F
train,-3V'>2[{4A*(\r x)q[-.	Y.Ia,Check sum is :
train,"1UXm-42x
+= ?IJ>0.GOx3>FQ!LX",Check sum is Q
test,`6,Check sum is 6
test,^a,Check sum is _
test,S_,Check sum is R
test,bE,Check sum is G
test,Up,Check sum is %
test,%6,Check sum is ;
test,zf,Check sum is @
test,Z},Check sum is 7
test,AL,Check sum is -
test,Z[,Check sum is U
test,QW,Check sum is H
test,gS,Check sum is Z
test,-0,Check sum is =
test,8A,Check sum is Y
test,XG,Check sum is ?
test,@o,Check sum is O
test,!2,Check sum is 3
test,`g,Check sum is '
test,*H,Check sum is R
test,~C,Check sum is !
test,q+,Check sum is <
test,'!,Check sum is (
test,is,Check sum is <
test,6:,Check sum is P
test,A_,Check sum is @
test,JN,Check sum is 8
test,4-,Check sum is A
test,_|,Check sum is ;
test,.),Check sum is 7
test,e;,Check sum is @
test,ON,Check sum is =
test,f-,Check sum is 3
test,A<,Check sum is ]
test,Qt,Check sum is %
test,`5,Check sum is 5
test,ll,Check sum is 8
test,Zb,Check sum is \
test,__,Check sum is ^
test,Wu,"Check sum is ,"
test,+K,Check sum is V
test,yI,"Check sum is """
test,"H""",Check sum is J
test,&(,Check sum is .
test,df,Check sum is *
test,\?,Check sum is ;
test,+\,Check sum is '
test,BC,Check sum is %
test,'U,Check sum is \
test,k&,Check sum is 1
test,: ,Check sum is :
test,.b,Check sum is 0
test,vv,Check sum is L
test,v1,Check sum is G
test,{=,Check sum is X
test,=6,Check sum is S
test,ML,Check sum is 9
test,$*,Check sum is .
test,Yp,Check sum is )
test,T[,Check sum is O
test,FU,Check sum is ;
test,;],Check sum is 8
test,-w,Check sum is D
test,u_,Check sum is 4
test,EZ,Check sum is ?
test,^J,Check sum is H
test,'0,Check sum is 7
test,"""(",Check sum is *
test,cO,Check sum is R
test,/n,Check sum is =
test,>x,Check sum is V
test,Z@,Check sum is :
test,P|,"Check sum is ,"
test,:U,Check sum is /
test,U3,Check sum is (
test,MJ,Check sum is 7
test,CV,Check sum is 9
test,Ox,Check sum is '
test,>0,Check sum is N
test,",|",Check sum is H
test,86,Check sum is N
test,n8,Check sum is F
test,]4,Check sum is 1
test,|8,Check sum is T
test,(',Check sum is /
test,m<,Check sum is I
test,s-,Check sum is @
test,X;,Check sum is 3
test,Dx,Check sum is \
test,1t,Check sum is E
test,Ej,Check sum is O
test,Q-,Check sum is ^
test,#y,Check sum is <
test,EO,Check sum is 4
test,w	,Check sum is  
test,]C,Check sum is @
test,o/,Check sum is >
test,N#,Check sum is Q
test,u6,Check sum is K
test,^k,Check sum is )
test,<$,Check sum is @
test,h(,Check sum is 0
test,lU,Check sum is !
test,94,Check sum is M
test,4s,Check sum is G
test,	3,Check sum is \
test,RY,Check sum is K
test,c_,"Check sum is """
test,VC,Check sum is 9
test,vX,Check sum is .
test,^t,Check sum is 2
test,C_,Check sum is B
test,2a,Check sum is 3
test,2C,Check sum is U
test,/b,Check sum is 1
test,OU,Check sum is D
test,lU,Check sum is !
test,wG,Check sum is ^
test,*],Check sum is '
test,e^,Check sum is #
test,vL,"Check sum is """
test,T`,Check sum is T
test,`M,Check sum is M
test,~I,Check sum is '
test,Yr,Check sum is +
test,I],Check sum is F
test,\P,Check sum is L
test,94,Check sum is M
test,p5,Check sum is E
test,bH,Check sum is J
test,!},Check sum is >
test,g ,Check sum is '
test,7|,Check sum is S
test,q!,Check sum is 2
test,Cg,Check sum is J
test,(5,Check sum is =
test,l<,Check sum is H
test,V?,Check sum is 5
test,lt,Check sum is @
test,[y,Check sum is 4
test,2E,Check sum is W
test,aw,Check sum is 8
test,WP,Check sum is G
test,pn,Check sum is >
test,iX,Check sum is !
test,'>,Check sum is E
test,>5,Check sum is S
test,AB,Check sum is #
test,36,Check sum is I
test,3t,Check sum is G
test,q\,Check sum is -
test,sm,Check sum is @
test,vo,Check sum is E
test,l?,Check sum is K
test,\$,Check sum is  
test,=h,Check sum is E
test,ds,Check sum is 7
test,q\,Check sum is -
test,rt,Check sum is F
test, A,Check sum is A
test,6?,Check sum is U
test,un,Check sum is C
test,<P,"Check sum is ,"
test,!V,Check sum is W
test,il,Check sum is 5
test,Dw,Check sum is [
test,+),Check sum is 4
test,^h,Check sum is &
test,BB,Check sum is $
test,)&,Check sum is /
test,B{,Check sum is ]
test,x4,Check sum is L
test,0u,Check sum is E
test,nR,Check sum is  
test,2-,Check sum is ?
test,:Y,Check sum is 3
test,L~,Check sum is *
test,(s,Check sum is ;
test,7;,Check sum is R
test,Q7,Check sum is (
test,yn,Check sum is G
test,6f,Check sum is <
test,~B,Check sum is  
test,cz,Check sum is =
test,A@,Check sum is !
test,93,Check sum is L
test,::,Check sum is T
test,uU,Check sum is *
test,L[,Check sum is G
test,KM,Check sum is 8
test,ny,Check sum is G
test,K\,Check sum is G
test,]i,Check sum is &
test,+m,Check sum is 8
test,"J
",Check sum is 4
test,",=",Check sum is I
test,Lz,Check sum is &
test,"""6",Check sum is 8
test,PM,Check sum is =
test,)X,Check sum is !
test,@},Check sum is ]
test,qC,Check sum is T
test,@*,Check sum is J
test,eG,Check sum is L
test,v*,Check sum is @
test,vQ,Check sum is '
test,B5,Check sum is W
test,4_,Check sum is 3
test,'^,Check sum is %
test,"@,",Check sum is L
test,FK,Check sum is 1
test,W<,Check sum is 3
test,8!,Check sum is 9
test,y),Check sum is B
test,Tj,Check sum is ^
test,2y,Check sum is K
test,A},Check sum is ^
test,/>,Check sum is M
test,K&,Check sum is Q
test,U2,Check sum is '
test, /,Check sum is /
test,%/,Check sum is 4
test,"""%",Check sum is '
test,fI,Check sum is O
test, S,Check sum is S
test,<:,Check sum is V
test,pn,Check sum is >
test,"|""",Check sum is >
test,3@,Check sum is S
test,U=,Check sum is 2
test,AL,Check sum is -
test,Ty,Check sum is -
test,";""",Check sum is =
test,8Z,Check sum is 2
test,9F,Check sum is _
test,2r,Check sum is D
test,9},Check sum is V
test,mQ,Check sum is ^
test,az,Check sum is ;
test,;),Check sum is D
test,'#,Check sum is *
test,T.,"Check sum is """
test,~$,Check sum is B
test,`:,Check sum is :
test,&],Check sum is #
test,go,Check sum is 6
test,}m,Check sum is J
test,Pk,Check sum is [
test,~f,Check sum is D
test,Rn,Check sum is  
test,at,Check sum is 5
test,h8,Check sum is @
test,!L,Check sum is M
test,H%,Check sum is M
test,RU,Check sum is G
test,oE,Check sum is T
test,Tf,Check sum is Z
test,p1,Check sum is A
test,nE,Check sum is S
test,A+,Check sum is L
test,k|,Check sum is G
test,+>,Check sum is I
test,-T,Check sum is !
test,E-,Check sum is R
test,5N,Check sum is #
test,WQ,Check sum is H
test,4m,Check sum is A
test,rK,Check sum is ]
test,lC,Check sum is O
test,Ph,Check sum is X
test,Q@,Check sum is 1
test,"""*","Check sum is ,"
test,UV,Check sum is K
test, e,Check sum is %
test,':,Check sum is A
test,t	,Check sum is ]
test,Z{,Check sum is 5
test,ug,Check sum is <
test,]),Check sum is &
test,+8,Check sum is C
test,:^,Check sum is 8
test,9E,Check sum is ^
test,KT,Check sum is ?
test,q9,Check sum is J
test,d-,Check sum is 1
test,i],Check sum is &
test,^b,Check sum is  
test,c^,Check sum is !
test,LC,Check sum is /
test,",x",Check sum is D
test,dQ,Check sum is U
test,MJ,Check sum is 7
test,u),Check sum is >
test,C3,Check sum is V
test,|v,Check sum is R
test,[q,"Check sum is ,"
test,t~,Check sum is R
test,s5,Check sum is H
test,X>,Check sum is 6
test,",<",Check sum is H
test,yv,Check sum is O
test,pm,Check sum is =
test,n=,Check sum is K
test,8x,Check sum is P
test,?2,Check sum is Q
test,E},"Check sum is """
test,Yg,Check sum is  
test,4i,Check sum is =
test,@m,Check sum is M
test,Jj,Check sum is T
test,:y,Check sum is S
test,:F,Check sum is  
test,Q{,"Check sum is ,"
test,Dh,Check sum is L
test,",]",Check sum is )
test,I},Check sum is &
test,a$,Check sum is %
test,I1,Check sum is Z
test,AL,Check sum is -
test, u,Check sum is 5
test,S*,Check sum is ]
test,2[,Check sum is -
test,i=,Check sum is F
test,4Y,Check sum is -
test,M|,Check sum is )
test,Ao,Check sum is P
test,mt,Check sum is A
test,l:,Check sum is F
test,~5,Check sum is S
test,-',Check sum is 4
test,i),Check sum is 2
test,eK,Check sum is P
test,1M,Check sum is ^
test,4D,Check sum is X
test,;k,Check sum is F
test,oo,Check sum is >
test,Wr,Check sum is )
test,Fq,Check sum is W
test,AZ,Check sum is ;
test,F/,Check sum is U
test,_E,Check sum is D
test,xL,Check sum is $
test,0r,Check sum is B
test,/i,Check sum is 8
test,o{,Check sum is J
test,	&,Check sum is O
test,s>,Check sum is Q
test,{H,Check sum is #
test,iG,Check sum is P
test,n_,Check sum is -
test,a`,Check sum is !
test,qS,Check sum is $
test,b2,Check sum is 4
test,Hx,Check sum is  
test,XA,Check sum is 9
test,MW,Check sum is D
test,{|,Check sum is W
test,:f,Check sum is @
test,or,Check sum is A
test,d;,Check sum is ?
test,*J,Check sum is T
test,yA,Check sum is Z
test,[n,Check sum is )
test,+I,Check sum is T
test,M?,"Check sum is ,"
test,"j
",Check sum is T
test,!;,Check sum is <
test,a&,Check sum is '
test,2y,Check sum is K
test,N ,Check sum is N
test,/9,Check sum is H
test,Km,Check sum is X
test,sZ,Check sum is -
test,$j,Check sum is .
test,rE,Check sum is W
test,J	,Check sum is 3
test,!q,Check sum is 2
test,9M,Check sum is &
test,nf,Check sum is 4
test,S\,Check sum is O
test,"
a",Check sum is K
test,uy,Check sum is N
test,]Y,Check sum is V
test,PU,Check sum is E
test,'&,Check sum is -
test,\`,Check sum is \
test,a;,Check sum is <
test,T<,Check sum is 0
test,?/,Check sum is N
test,Kd,Check sum is O
test,#B,Check sum is E
test,f/,Check sum is 5
test,OB,Check sum is 1
test,=P,Check sum is -
test,2t,Check sum is F
test,].,Check sum is +
test,7',Check sum is >
test,(*,Check sum is 2
test,<q,Check sum is M
test,Z9,Check sum is 3
test,O],Check sum is L
test,]%,"Check sum is """
test,w@,Check sum is W
test,0',Check sum is 7
test,Mz,Check sum is '
test,F[,Check sum is A
test,=#,Check sum is @
test,EB,Check sum is '
test,Bn,Check sum is P
test,IG,Check sum is 0
test,Ml,Check sum is Y
test,kX,Check sum is #
test,kC,Check sum is N
test,qc,Check sum is 4
test,+o,Check sum is :
test,/5,Check sum is D
test,a@,Check sum is A
test,)x,Check sum is A
test,Vw,Check sum is -
test,59,Check sum is N
test,@K,Check sum is +
test,CY,Check sum is <
test,Sq,Check sum is $
test,J9,Check sum is #
test,$\,Check sum is  
test,Im,Check sum is V
test,3$,Check sum is 7
test,[B,Check sum is =
test,"K""",Check sum is M
test,">,",Check sum is J
test,",=",Check sum is I
test,:{,Check sum is U
test,V\,Check sum is R
test,	!,Check sum is J
test,i?,Check sum is H
test,"""{",Check sum is =
test,Lc,Check sum is O
test,D;,Check sum is _
test,"	,",Check sum is U
test,zZ,Check sum is 4
test,cx,Check sum is ;
test,AS,Check sum is 4
test,O?,Check sum is .
test,vW,Check sum is -
test,1v,Check sum is G
test,D',Check sum is K
test,F1,Check sum is W
test,"
a",Check sum is K
test,KG,Check sum is 2
test,~^,Check sum is <
test,>L,Check sum is *
test,gh,Check sum is /
test,Zn,Check sum is (
test,9k,Check sum is D
test,LY,Check sum is E
test,\1,Check sum is -
test,",J",Check sum is V
test,~Z,Check sum is 8
test, +,Check sum is +
test,I/,Check sum is X
test,e.,Check sum is 3
test,T|,Check sum is 0
test,qd,Check sum is 5
test,gx,Check sum is ?
test,| ,Check sum is <
test,?x,Check sum is W
test,5h,Check sum is =
test,DC,Check sum is '
test,d],Check sum is !
test,YE,Check sum is >
test,",;",Check sum is G
test,by,Check sum is ;
test,/;,Check sum is J
test,.$,Check sum is 2
test,^(,Check sum is &
test,hz,Check sum is B
test,+c,Check sum is .
test,4O,Check sum is #
test,^	,Check sum is G
test,V},Check sum is 3
test,0M,Check sum is ]
test,^m,Check sum is +
test,HD,"Check sum is ,"
test,.-,Check sum is ;
test,Hw,Check sum is _
test,{a,Check sum is <
test,=+,Check sum is H
test,"Y
",Check sum is C
test,EI,Check sum is .
test,"z
",Check sum is $
test,)H,Check sum is Q
test,i4,Check sum is =
test,<*,Check sum is F
test,\R,Check sum is N
test,6(,Check sum is >
test,Aq,Check sum is R
test,"
Q",Check sum is ;
test,"""z",Check sum is <
test,0$,Check sum is 4
test,8d,Check sum is <
test,Pq,Check sum is !
test,2q<,Check sum is ?
test,"`y,",Check sum is %
test,?& ,Check sum is %
test,{H@,Check sum is #
test, <4,Check sum is 0
test,ri{,Check sum is 6
test,Xx6,Check sum is &
test,T g,Check sum is ;
test,i<p,Check sum is 5
test,<%0,Check sum is 1
test,:_a,Check sum is Z
test,V8%,Check sum is S
test,",j.",Check sum is $
test,-'],Check sum is Q
test,11o,Check sum is 1
test,;r{,Check sum is H
test,6(1,Check sum is /
test,-?],Check sum is )
test,sXO,Check sum is :
test,$Ie,Check sum is 2
test,aQZ,"Check sum is ,"
test,bTW,Check sum is -
test,F\M,Check sum is O
test,t:T,"Check sum is """
test,U!V,"Check sum is ,"
test,+}!,Check sum is )
test,+k;,Check sum is 1
test,wUu,Check sum is !
test,6O\,Check sum is A
test,-aL,Check sum is :
test,:E<,Check sum is [
test,o_0,Check sum is ^
test,Y(A,"Check sum is """
test,Xw8,Check sum is '
test,R]o,Check sum is >
test,Y1c,Check sum is M
test,c_t,Check sum is V
test,e\p,Check sum is Q
test,hAa,Check sum is *
test,`v;,Check sum is 1
test,6fq,Check sum is -
test,4C\,Check sum is 3
test,W%7,Check sum is S
test,o=d,Check sum is 0
test,Ttk,Check sum is S
test,K!e,Check sum is 1
test,B4v,Check sum is L
test,2~q,Check sum is A
test,?T-,Check sum is  
test,`I2,Check sum is ;
test,-Vj,Check sum is M
test,_<(,Check sum is #
test,\Zi,Check sum is ?
test,$`c,Check sum is G
test,yYf,Check sum is X
test,sR$,Check sum is I
test,w(L,Check sum is K
test,iYj,Check sum is L
test,	3F,"Check sum is """
test,_r`,Check sum is Q
test,IP~,Check sum is 7
test,"xs
",Check sum is U
test,xKk,Check sum is N
test,8]],Check sum is R
test,J(J,Check sum is \
test,<V0,"Check sum is """
test,9EG,Check sum is %
test,WRI,Check sum is R
test,Yz$,Check sum is W
test,-h?,Check sum is 4
test,C+|,Check sum is J
test,wTq,Check sum is \
test,X 1,Check sum is I
test,*IV,Check sum is )
test,/Pe,Check sum is D
test,y(.,Check sum is /
test,3S+,Check sum is Q
test,#_s,Check sum is U
test,jIM,Check sum is  
test,;Pt,Check sum is _
test,{V],Check sum is N
test,<ql,Check sum is 9
test,2?0,Check sum is A
test,"J-
",Check sum is !
test,0*+,Check sum is %
test,*r4,Check sum is 0
test,KU6,Check sum is 6
test,[D4,Check sum is 3
test,XzL,Check sum is >
test,j(k,Check sum is ]
test,8DR,Check sum is .
test,;SC,Check sum is 1
test,I1z,Check sum is T
test,"$(,",Check sum is X
test,giD,Check sum is 4
test,G(j,Check sum is 9
test,+GP,"Check sum is """
test,fG_,"Check sum is ,"
test,"Gl""",Check sum is 5
test,.f+,Check sum is _
test,ABX,Check sum is ;
test,"Y.,",Check sum is S
test,5Ec,Check sum is =
test,\u8,Check sum is )
test,Oyb,Check sum is J
test,:/j,Check sum is 3
test,"B-,",Check sum is ;
test,_+l,Check sum is V
test,p2a,Check sum is #
test,cRU,Check sum is *
test,u9m,Check sum is ;
test,bF^,Check sum is &
test,rQO,Check sum is 2
test,i\f,Check sum is K
test,f-s,Check sum is &
test,om#,Check sum is _
test,u5F,Check sum is P
test,vqn,Check sum is 5
test,Mzv,Check sum is ]
test,3Bo,Check sum is D
test,+yW,Check sum is [
test,*kj,Check sum is _
test,txt,Check sum is @
test,S#i,Check sum is ?
test,/-|,Check sum is 8
test,O- ,Check sum is <
test,cH~,Check sum is I
test,1g7,Check sum is /
test,3O!,Check sum is C
test,mX-,Check sum is R
test,L~t,Check sum is ^
test,V	[,Check sum is Z
test,}%(,Check sum is *
test,]sQ,Check sum is A
test,iFo,Check sum is >
test,MkV,Check sum is .
test,!!',Check sum is I
test,9`a,Check sum is Z
test,Z+},"Check sum is """
test,{p@,Check sum is K
test,|Hu,Check sum is Y
test,qZs,Check sum is ^
test,v3@,Check sum is I
test,mHo,Check sum is D
test,B8S,Check sum is -
test,Cd4,Check sum is ;
test,<DG,Check sum is '
test,q}.,Check sum is <
test,X$u,Check sum is Q
test,%ue,Check sum is _
test,m+t,"Check sum is ,"
test,tmt,Check sum is 5
test,e^I,"Check sum is ,"
test,IeG,Check sum is U
test,61j,Check sum is 1
test,b.f,Check sum is V
test,>'{,Check sum is @
test,uD>,Check sum is W
test,[m7,Check sum is _
test,"\'
",Check sum is -
test,X}\,Check sum is Q
test,"
?w",Check sum is  
test,^Gy,Check sum is >
test,<D},Check sum is ]
test,gAh,Check sum is 0
test,"
!9",Check sum is D
test,Y;b,Check sum is V
test, #3,Check sum is V
test,{(},Check sum is @
test,vz|,Check sum is L
test,(>_,Check sum is %
test,"^,^",Check sum is H
test,#7(,"Check sum is """
test,~k4,Check sum is =
test,sz9,Check sum is F
test,&B^,Check sum is &
test,5;:,Check sum is J
test,gGK,Check sum is Y
test,YG#,Check sum is #
test,SdI,Check sum is  
test,V$V,Check sum is 0
test,izK,Check sum is N
test,:5r,Check sum is A
test,[-^,Check sum is F
test,cPv,Check sum is I
test,$tt,"Check sum is ,"
test,<oi,Check sum is 4
test,BrO,Check sum is #
test,6&	,Check sum is E
test,$sB,Check sum is 9
test,lgK,Check sum is >
test,M\?,Check sum is H
test,yN@,Check sum is '
test,(vg,Check sum is %
test,;^j,Check sum is #
test,Fw&,Check sum is C
test,a*',Check sum is R
test,4p=,Check sum is A
test,E8s,Check sum is P
test,l/2,Check sum is -
test,[Q=,Check sum is I
test,~a	,Check sum is H
test,1L;,Check sum is X
test,`h.,Check sum is V
test,'Ar,Check sum is :
test,Zs`,Check sum is M
test,xgc,"Check sum is """
test,tl+,Check sum is +
test,uth,Check sum is 1
test,YM1,Check sum is 7
test,_WI,Check sum is _
test,.uT,Check sum is W
test,yO:,"Check sum is """
test,~$C,Check sum is E
test,`PN,Check sum is ^
test,?9M,Check sum is %
test,a>`,Check sum is _
test,>uS,Check sum is &
test,%`n,Check sum is S
test,i^(,Check sum is O
test,:My,Check sum is  
test,|hF,Check sum is J
test,Vf-,Check sum is I
test,/'h,Check sum is ^
test,D]:,Check sum is ;
test,*}#,Check sum is *
test,u%S,Check sum is M
test,-z{,Check sum is B
test,2?_,Check sum is 0
test,H'u,Check sum is D
test,zWO,Check sum is @
test,fo-,"Check sum is """
test,#'@,Check sum is *
test,rf-,Check sum is %
test,*^f,Check sum is N
test,d||,Check sum is <
test,A+?,Check sum is K
test,TE#,Check sum is \
test,b&X,Check sum is @
test,L5w,Check sum is X
test,r7{,Check sum is D
test,$OO,"Check sum is """
test,W##,Check sum is =
test,'>K,Check sum is P
test,FPn,Check sum is $
test,S<E,Check sum is 4
test,rOt,Check sum is U
test,29#,Check sum is .
test,a&T,Check sum is ;
test,MEB,Check sum is 4
test,"@""s",Check sum is 5
test,L}+,Check sum is T
test,QA$,Check sum is V
test,WH<,Check sum is ;
test,3H[,Check sum is 6
test,lAh,Check sum is 5
test,9O5,Check sum is ]
test,T6j,Check sum is T
test,X9^,Check sum is O
test,33O,Check sum is U
test,|T[,Check sum is K
test,hKk,Check sum is >
test,.!a,Check sum is P
test,Z'G,Check sum is (
test,20\,Check sum is ^
test,ELl,Check sum is ]
test,OlE,Check sum is  
test,c?8,Check sum is :
test,094,Check sum is =
test,lHB,Check sum is V
test,0X0,Check sum is X
test,wO[,Check sum is A
test,gr>,Check sum is 7
test,Kr3,Check sum is P
test,7eV,Check sum is R
test,-sa,Check sum is !
test,\L*,Check sum is 2
test,C W,Check sum is Z
test,<e=,Check sum is >
test,3G?,Check sum is Y
test,I~D,Check sum is +
test,V.:,Check sum is ^
test,coi,Check sum is [
test,2=C,Check sum is R
test,GkR,Check sum is $
test,:_),"Check sum is """
test,Q	r,"Check sum is ,"
test,|[B,Check sum is 9
test,};W,Check sum is /
test,f:%,Check sum is %
test,<wE,Check sum is X
test,9R^,Check sum is I
test,aDx,Check sum is =
test,]ST,Check sum is $
test,J &,Check sum is 0
test,]jM,Check sum is 4
test,l~!,Check sum is +
test,]< ,Check sum is Y
test,bo7,Check sum is (
test,'JS,Check sum is $
test,]fs,Check sum is V
test,lKZ,Check sum is 1
test,WSa,Check sum is +
test,I2d,Check sum is ?
test,6v+,Check sum is 7
test,F$&,Check sum is 0
test,6ak,"Check sum is """
test,*97,Check sum is :
test,-<T,Check sum is ]
test,X8	,Check sum is 9
test,xeY,Check sum is V
test,IX8,Check sum is 9
test,"Qd
",Check sum is _
test,JqK,Check sum is &
test,AxT,Check sum is -
test,<N0,Check sum is Z
test,bM#,Check sum is 2
test,YtB,Check sum is /
test,bip,Check sum is [
test,plW,Check sum is S
test,	D},Check sum is *
test,b_y,Check sum is Z
test,0KZ,Check sum is 5
test,1Qd,Check sum is F
test,U;z,Check sum is *
test,Lqr,Check sum is O
test,8VP,Check sum is >
test,Ah0,Check sum is 9
test,E<l,Check sum is M
test, o#,Check sum is R
test,_v0,Check sum is %
test,68d,Check sum is 2
test,"u""	",Check sum is @
test,08u,Check sum is =
test,?_E,Check sum is C
test,v3g,Check sum is 0
test,x:?,Check sum is Q
test,?; ,Check sum is :
test,|6?,Check sum is Q
test,xQj,Check sum is S
test,\zZ,Check sum is P
test,R9 ,Check sum is K
test,vqB,Check sum is I
test,9Iw,Check sum is Y
test,PG`,Check sum is W
test,U+G,Check sum is '
test,6'f,Check sum is #
test,Pn/,Check sum is M
test,{J8,Check sum is ]
test,G=],Check sum is A
test,UK&,Check sum is &
test,e)!,Check sum is O
test,XVR,Check sum is  
test,"""x""",Check sum is \
test,-^|,Check sum is '
test,V6<,Check sum is (
test,"),:",Check sum is /
test,OOF,Check sum is D
test,xam,Check sum is &
test,|t	,Check sum is Y
test,qx*,Check sum is 3
test,6.k,Check sum is /
test,JRi,Check sum is %
test,F55,Check sum is P
test,)=l,Check sum is 2
test,5KG,Check sum is '
test,go%,Check sum is [
test,:\F,Check sum is <
test,g}6,Check sum is :
test,HVd,"Check sum is """
test,Jn{,Check sum is S
test,%C<,Check sum is D
test,l c,Check sum is O
test,\Ff,Check sum is (
test,/8E,Check sum is L
test,o#;,Check sum is -
test,g~w,Check sum is <
test,"T%""",Check sum is ;
test,(]l,Check sum is Q
test,PFr,Check sum is (
test,L)_,Check sum is 4
test,H!H,Check sum is Q
test,Jbo,Check sum is ;
test,!>E,Check sum is D
test,UtP,Check sum is 9
test,>Fs,Check sum is W
test,hDM,Check sum is Y
test,MxY,Check sum is >
test,|\s,Check sum is +
test,p&	,Check sum is ?
test,+O?,Check sum is Y
test,"""&1",Check sum is Y
test,.Ht,Check sum is J
test,]:>,Check sum is 5
test,C7i,Check sum is C
test,Zu',Check sum is V
test,DH],Check sum is I
test,I71,Check sum is Q
test,"y""|",Check sum is 7
test,Mgc,Check sum is 7
test,2=b,Check sum is 1
test,':z,Check sum is ;
test,~KC,"Check sum is ,"
test,u&V,Check sum is Q
test,pR},Check sum is _
test,KI},Check sum is 1
test,v1i,Check sum is 0
test,`O5,Check sum is D
test,tvo,Check sum is 9
test,O]r,Check sum is >
test,k_(,Check sum is R
test,2t!,Check sum is '
test,\fm,Check sum is O
test,<o;,Check sum is F
test,F2Z,Check sum is 2
test,p8H,Check sum is P
test,9Zo,"Check sum is """
test,p01,Check sum is 1
test,JG*,Check sum is [
test,`|1,Check sum is -
test,i.s,Check sum is *
test,$>5,Check sum is 7
test,	OB,Check sum is :
test,}gw,Check sum is ;
test,g[V,Check sum is 8
test,a$Y,Check sum is >
test,s(8,Check sum is 3
test,"""cH",Check sum is -
test,X+e,Check sum is H
test,:8f,Check sum is 8
test,jba,Check sum is M
test,\-k,Check sum is T
test,Jx-,Check sum is O
test,<Pb,Check sum is N
test,a9!,Check sum is [
test,rph,Check sum is *
test,Z[9,Check sum is N
test,/HT,Check sum is +
test,;4d,Check sum is 3
test,rGH,Check sum is !
test,o5/,Check sum is 3
test,fur,Check sum is -
test,!L*,Check sum is 7
test,Ng~,Check sum is S
test,kce,Check sum is S
test,v!B,Check sum is 9
test,)f.,Check sum is ]
test,]'g,Check sum is K
test,6>b,Check sum is 6
test,Lr#,Check sum is A
test,~G.,Check sum is S
test,u~F,Check sum is Y
test,T\{,Check sum is K
test,z+T,Check sum is Y
test,%uT,Check sum is N
test,i@I,Check sum is R
test,9n@,Check sum is G
test,'@A,Check sum is H
test,kZu,Check sum is Z
test,/8N,Check sum is U
test,"1 """,Check sum is S
test,(jA,Check sum is 3
test,}dv,Check sum is 7
test,",1+",Check sum is (
test,_H@,Check sum is G
test,*.7,Check sum is /
test,W	1,Check sum is 1
test,P0t,Check sum is T
test,y}G,Check sum is ]
test,(e4,Check sum is !
test,IzE,Check sum is (
test,=Zr,Check sum is )
test,"\
p",Check sum is 6
test,^YO,Check sum is &
test,=.O,Check sum is Z
test,""".u",Check sum is %
test,k	8,Check sum is L
test,e(4,Check sum is !
test,\(	,Check sum is -
test,s|4,Check sum is C
test,t4r,Check sum is :
test,=E!,Check sum is C
test,!\),Check sum is F
test,k)j,Check sum is ^
test,d]d,Check sum is E
test,gr?,Check sum is 8
test,2?w,Check sum is H
test,	YF,Check sum is H
test, 7X,Check sum is O
test,Vdw,Check sum is Q
test,V	g,Check sum is &
test,"
/	","Check sum is """
test,z_[,Check sum is T
test,>8&,Check sum is <
test,"*$""",Check sum is P
test,8X~,Check sum is .
test,vnN,Check sum is R
test,"f~""",Check sum is &
test,pyT,Check sum is ]
test,YII,Check sum is K
test,"&b)*@!RaT3L/O'@[9j&Y,j;)8=|L/J&:rVK*$-tbf""<+&]WLY",Check sum is &
test,\T)82k\@ZKD]PI75P|wO`_lr@`[U 6~iCM1|5)qr$j,Check sum is =
test,lAfJ -+~|\O%hmh_+]U=8*gf}UDK	/:+N{q984vL,Check sum is C
test,"e,'r`)GkI@",Check sum is N
test,"]	R<(,(,FfiI`T	taDk",Check sum is [
test,"f,U9vKGyk7En",Check sum is V
test,"-x)>U
u;C^a""p4vf;E9",Check sum is X
test,a*D'Z[U>7zSeM&0Ba~,Check sum is K
test,IE{WFs$l~?4sQzBW M+y4KP``[gF&,Check sum is _
test,5mCa_/Bjqf,Check sum is 7
test,"-+EU_oO8""G%0B/]c(Cp/H=|'&zn:kf^i9&eN'",Check sum is !
test,jD)5Ie QP	gS67.-'~9< E=!I;`D,Check sum is +
test,"Yf_'<bt:+:Tbh{M
M'RVxm&Ws1@*'w%y|9sc",Check sum is Y
test,"V$=m@fd59i,e)aJ|7M	drp@2>",Check sum is I
test,"<Jas@+L,mVy}eO<ULSb1vR(SQf<J8jthh	9K",Check sum is @
test,"57ZlqL^,(;{/^.&,(;H|fiEf/P6=3Ypk+rGlt",Check sum is B
test,~zr3,Check sum is =
test,>_=30,Check sum is ]
test,"fEFA,+wP""Tzfu4""\}',w",Check sum is 4
test,N&'Gcp0^,Check sum is #
test,"/{ae,te H:biLTwl:1yyvp*_zAv}OlEhymx^:4JLG
D;",Check sum is 7
test,"79-VaE:+F{0;)|qA*Jl.%Of6e%)cF,cR/w&GR-;6dS Iu",Check sum is T
test,"fa~4-e,G|*$MGM""~#[9Rix|Gp0}&re>J.R~Iy^0",Check sum is F
test,"TLq(}xCc""gu>.6k[>}>@J4Ivy:$>LD8y
rUT`Pq6bp",Check sum is 4
test,i8eh5uJ(F!ODel>Lpa)b02q^R*G'Q/`L^~AIvU~1,Check sum is B
test,"2}mI=S	)j""^ REf7w*<iAMx!}	Z{""![{W2 6"",;!fS5",Check sum is ]
test,"T@6+{-
/D`$ev46?;IoGnJB",Check sum is 6
test,"*\dh\""d+)F/]t,~~{l!?PL:)<VEF	 qIJ?JO/LKajoLhQ6Y",Check sum is R
test,EF=tb| +r),Check sum is  
test,"/1z ,=%Wlk:;ip5*BE.k'
M28>~^})8qt%<I
0u%C",Check sum is )
test,Y]5c+vcl|z%.[1CU#%^:|RL-Uh53$aY:sn?`Af|gR,Check sum is K
test,Zu:\<Jsf7VNs!b>_\4,"Check sum is """
test,"ZD
&M/9&8h-<?6EgF7&	\@0.j",Check sum is C
test,"C
w*f]cHKe\l7E-Z~N$[T^",Check sum is 4
test,0!hS+L[e,Check sum is #
test,@7G<<P-~dPxoF4U0Y3;9JVxOy/~JM;?_de}dvg$-,Check sum is @
test,"X~Zomh'e]""h1rD,L( $4tCtLQKa2t$dtV)E^n@%7yxe'",Check sum is E
test,|K*gQe,Check sum is .
test,"@_i*vxI}zo^Yy$+&8Wr%
)""T,B\XoBdp@~4?.9];>L@q	KW",Check sum is  
test,W+i~Q#FFS]fC.rtC`,Check sum is Y
test,"cu)@Qho\u! 	$iC5""ge&O<-OyHpy%4rnb&p	q0~8J'q8t(bs0",Check sum is :
test,lN0,Check sum is J
test,~w]KM~.Tx@pE\GkOir>OL:z-\|M]~{mHY pHR0KM,Check sum is $
test,"y6SNc/4!&C}Wo5,puJDAd:4jo?h*~zr~#Vu|GUT""C",Check sum is ;
test,"7Z""[""Y{e%^8KkVwUwix{vq=
]F2tss)&",Check sum is [
test,"UB}lw ""1BerU=Y9e7Mm$`Fw",Check sum is ^
test,u aO,Check sum is %
test,A$2GC>lI<MT#\$5L$L,Check sum is %
test,!y!w2Qexoyn3n@|/LJL!e< cyW<?-AniOe5CUp%xnBwW,Check sum is W
test,27,Check sum is I
test,SpQniEMCh,Check sum is H
test,"7TK:dxBya XWyv#[95Xm~6pYecB#NC@*F`
a",Check sum is M
test,"U!(&cDBiVO2mlg:z,1__-Uy>LfI:p~qOPukJ)m",Check sum is H
test,=v,Check sum is S
test,"HIJ4a~SR, F4kU69j$,]cUIuk",Check sum is  
test,=7G.Z6Pu:@@,Check sum is X
test,"u2O""W
Lf{!@<0VuleDm#Pco*/E1WIdxFT",Check sum is J
test,<7i&X%>-/^&mn0fk=yF\5lUO[3l(rBl6hr&@4>,Check sum is  
test,pT1Z`8zxmc2q	]g=X!6m/gm,Check sum is U
test,"3oLSdk7]
JZVR|/",Check sum is E
test,)S+4:T32;|}-'cs-VYCeJ~uChl8TL{,Check sum is 7
test,"Yx-\$%gB$BM(mnVkW
*X8Bu,wDN	w$XR[?31*v-",Check sum is C
test,"wg%CR""W",Check sum is 1
test,>Yf&q?.OID'Iaj,Check sum is 8
test,"^vGh)
ETiD;0`onn+_;i@'C!nW'h'iBt>J%9HlAH""U<>I%",Check sum is G
test,"""aEP:""'a%'l",Check sum is T
test,"+3IF6B""v	-J	LL[\<?KxmR.1&pBxL[.w?<	xKje*i&Cb^xN3d)",Check sum is E
test,"ao`g97rE(=]\-wqvK9PWekDhZ(,:oWCZ _ E=69.",Check sum is 7
test,K>^gSgZT;0	p0|sE\e*BS,Check sum is ^
test,X:=;2=m	FRg,Check sum is N
test,Ne$BQ ',Check sum is Q
test,"HUK`f#R$ic""2v~ox,p/2.;$V-eY6)z",Check sum is F
test,"~bzT]@b&dt2kS Jl:""Ia<W;.sKI$(",Check sum is &
test,".mJMZ^G!dpqq}fN.#6g-F&+t6z7	1u)l)9w""l{{@j*hPk",Check sum is >
test,Exh<Fo(q+--6D}bbx{t,Check sum is 6
test,"K}S|\EDk
lGSdcZ}*@tZPuAXP$~%s55",Check sum is ?
test,TPqw6,"Check sum is """
test,"O_A~*R!u	poam1kuW\:k5yvvN*^&{Q\>~<rmCD
\.~","Check sum is ,"
test,"RhdF""KkFeBO(eM\&gD",Check sum is _
test,WK~1mO2jypUUR,Check sum is .
test,BqA.UT7)2yp	T=E	,Check sum is N
test,"xla!K2IcnrG6DDm,0cZEj~!uJbu",Check sum is >
test,"9hVrA=&PDwBYiSY.D""	Q8L]Vo1",Check sum is -
test,Y_pAy9	lA,Check sum is 1
test,3ef_whH:Q$\A`9A*K@')w;i1L*u[ly~aV,Check sum is ;
test,sd1]=^0]:EO,Check sum is ;
test,"Yt(!aO
T%;YhftX",Check sum is W
test,R_)[Q\j'i<}R;V+*u/RnXIWQdt'J-c,Check sum is 3
test,yhk/Byen+{ynFWUDc1)D#+wt-ud@lb'/{,Check sum is K
test,"`5SG|=,2bR/73xfmdqlD(gC9~{a}.",Check sum is S
test,lwZQQ?P,Check sum is N
test,"U/=\o<JZk""DEY2Z#{5|#t(X6Q""g",Check sum is =
test,"qqBJ(kn|Kv$Fb3
'",Check sum is <
test,"nlsy#dP@5b6v6PLfai^|:=+i>319Gp{Fe($EIl`L,dK","Check sum is ,"
test,"+uPSH1E.m,#J,h>7k""VUK",Check sum is !
test,"Q`X\GChPy
A<oFuukU&g$ yacoe
CD",Check sum is Y
test,IwzwcMp{hxVG3dcJnblN.!ne@#C0MXOie%3l@V,Check sum is K
test,"I,9@dk~\Hh^$?d*.VGBTqm!H8Z^O*tT#wV1`%S
}6j?",Check sum is .
test,@toBk*Hlt%E~/v{:?	6ep3KUEI#C_!<9{,Check sum is N
test,|W2 ,Check sum is E
test,"6%<""E8r,&%2k;U","Check sum is ,"
test,";,9:Z&g""TbO,m#*0I)[q",Check sum is \
test,cD,Check sum is G
test,"P,hPMa53}c%3i4&DG$T""TzIvz
ey",Check sum is 9
test,s/={1eNF<%>9yH*zPQYw}HEgF<		.{&m-rlW848p%Q!Ftn:c,Check sum is %
test,YM=9W)HZ8Y,Check sum is /
test,!T #r_?[PjY6SH0|UcSn+8JfOS,Check sum is A
test,"0"".8|px~t*""@1><_sy@;Y3",Check sum is 7
test,7s86JL!u:k@kWlb8}(q5Xdx(YcfT4Q}72>/T	zI|)a}gcY,Check sum is L
test,	!]Yn@]{HYJ6Xz18{Em&=yTArrMP{l[ZwER1A;,Check sum is X
test,Smt\$05saicgoAUGC.~@h2%QSo$j,Check sum is [
test,"uqnhXUW
3z]3l|5nf",Check sum is X
test,"|'[-YD
3t{-&ai",Check sum is 1
test,"N7l""`TVY|59Ee`{&!N'|7X=CyY8]n vHpS|p,r,IH",Check sum is I
test,^fK4=dfM2U59@nfxFuCOM,Check sum is R
test,"5J>@Kao]N0qXHc]'X!}xTcS;Y4K2qED,",Check sum is .
test,zp].l<MQx*q3En7Bqb-`44H?R<~qw6Jk]24u#\:gxY!yN3I~,Check sum is F
test,"+
y{w\8Je,9=vX$1d'S=e0fws3?PpXX&:IQ",Check sum is $
test,"h{Acx(`#?3zLG(kT:""s=3pC),_!!8oCRe>X|&0 EgcNI
._-j$",Check sum is 9
test,Gfc|>~\S?:,Check sum is P
test,.5bqxD#'zyN	'm+0LK!TO+#kA(Kzty\Xa9bgy,Check sum is T
test,D8	nHYqy1A	S@-O#4<|H^#HzSEwbVM`/S?,Check sum is 7
test,EZG1^Jo@~|A?g=s(P{M}G:L'5X',Check sum is D
test,Fg|a{Sje;ZZ*l.V~*+v_1UPk,Check sum is 9
test,NUpzg|BI9;\JqJH|ga{[J%QP4QJ	o$7bJlH,Check sum is $
test,Dh]6U%p}6I4:h4v,Check sum is E
test,V=h|0: Zz;k,Check sum is [
test,:sm@,Check sum is :
test,"8#^<S+It	4o%FU`grQWI,h,#C(N $E!>,U8]Ynr",Check sum is 9
test,2<E}H_A!]7@!2C136,Check sum is ]
test,q3,Check sum is D
test,"p75.?RM#qPK,",Check sum is #
test,eiOQo%<lbyeqmuvu3Zu*-DAaHS#!`9IM`Sc>t,Check sum is ]
test,%/tx15l2E&,Check sum is O
test,SdQaBJo!$M5h;W}~y,Check sum is 9
test,"O,3SeNLB\Y!]Y|ee`i~XM=dIKj_=e{\!s2XJ",Check sum is ?
test,]C)YzZYu=1WEB|9n-1T,Check sum is E
test,"~Vuv_
wTS5&7c*",Check sum is E
test,"a5bzD""1t$mm\",Check sum is 7
test,nR1T{WuZ~DHooT($t',Check sum is )
test,xwh+/d^8,Check sum is K
test,"}cV>4tw4qUf]fviDnQvo> ;r,I6lfU.{Llq""v W!R5Emd",Check sum is Y
test,BDc3!XU~U!bmz--zOX<Ajh.uT^`)a*\?p?2d,Check sum is Z
test,F&1[1}BSIA]x,Check sum is :
test,"W#:h\{r'nE\5
(,y*
eX,V2CQid$o4JD$P:""]Ybh3Yoh",Check sum is U
test,"nh 3*+_pM0x9G1KHqg,~i&",Check sum is 7
test,"c:e8
afX]&`,<N~D&O,	eI 4<%T3!=qX@ -jICVt>cT|",Check sum is W
test,@E`{W8 lD@2$,Check sum is 5
test,"Mh-MzA7IM9%`IQH*""",Check sum is C
test,"\~(q^=VI},?L~'
`b zc[09CFkP#7[@:]]'0pUw*@u%Gi",Check sum is '
test,pCS=fasTQ3,Check sum is 5
test,"x3Dl|~E;_<Yg?oeL,	3)u}htVt\Q5vI_7@`	e5",Check sum is R
test,O]gw_eSn@{+pvX-~}|I@l%jf`,Check sum is A
test,qrRk^=+!	ddh	P,Check sum is 9
test,"3qp
^K/N.",Check sum is R
test,3vu'~`zcijO{sew[O\&j?~=*Nf,Check sum is :
test,"?_S3[sP3osKf{>K9K}=R/SNy+R
biQ
gjE$Zu}2&:]""4",Check sum is =
test,"P@<$~EH&Oai
;uK5s=,>WfWO#Ra+z;ovL);~hL~YRh=H",Check sum is $
test,C>aWj,Check sum is C
test,"e+wlJoG'%x4>W@~=6n//2Uj
8oP1Bsf?}",Check sum is W
test,":w""()McfN@6aL}^y",Check sum is _
test,"JaxeORx,ESu:ZsYc#>m7tKRa 6R36X=FN,r",Check sum is L
test,Fsd,Check sum is =
test,|<&kXL,Check sum is M
test,"fVX5C2g;FY _< UCB$wbbQc#AOT#z`1%.:P
(?+0G",Check sum is L
test,/Y'A53wjk;~@SFjm*;{}C:Nlq-~P>Os*3Nq#uLcT%Pm1,Check sum is 7
test,"+8dj]!_ofEjw""2I*n<lkZ""",Check sum is -
test,"F{'K%,;V!7raVNlXr Jw?]6q1Y$",Check sum is L
test,#1/E~0JJ^~rE\LLatPqo'@w0-,Check sum is 1
test,"|Rpf=X]N""=""g4G:bGqX*['A%u_qf%sCk",Check sum is V
test,"5
",Check sum is _
test,qgCOPdGy)Mh%.*,Check sum is Y
test,"g(/W=)aDeyc~U)VZt8V`!ljaN&uJ.Q""}{<!JD",Check sum is ^
test,{;rxZ_hBs@Ma:el> x	rvWq^D4#*g#HI6%wj.@/|#c,Check sum is 7
test,"}w
X9I%fOq[C>X7.zZxd1;4Hs9",Check sum is  
test,*Tb jg?c0`FTgt5r@G[rEk	nzbZt:,Check sum is ^
test,"cH{<N~}FF5cuTm&WFS!t'DC	n*oBva Vg\}q#a|WG6;1i""",Check sum is Y
test,"6JE]J[b)y""H&:]X",Check sum is *
test,",
jZ@MO{&*4Olam""cf<9bYJV48<4;;t7X!~Q{e,l,","Check sum is """
test,"*W)HDcp/7	rU0[jN=ACOC9Z2""|u%rWSH#619iJfK_h7DrO*>:c",Check sum is E
test,"
Fh",Check sum is X
test," I8di
H
3sc 3%NY3.>]|>yq)1So?'rTN={",Check sum is @
test,pl%tm'gf,Check sum is 6
test,"uAx^FP+Ny(Y$b^E=? &5N3:PZ!@$w$+p""<R (Yt^=YR.UO6OH^",Check sum is =
test,"K^\pERBO(bf:c}'/Q^6,dGc0P:8wN",Check sum is 3
test,Zc $*G9Ouzbs}gUw6IQfe,Check sum is )
test,qX@WyIX,Check sum is Z
test,3g|5-&<%zd,Check sum is =
test,1!9)hmv,Check sum is _
test,^f.cVEEX%]snHjVHyJp~^PkBiBypp0]9&cYT*a|` .tBh-xf_,Check sum is )
test,"?,np&$=Mvx#\a	#jbUQ1tfV`71~4#Z!ZQxztA>{{WYKR*IO'Ym",Check sum is $
test,"@8%C3_%,A6>R%]xrwgM\[mp.N5kIY>Bo[",Check sum is ]
test,"VMD7u{08#r3ZejS%A,p|_ka|\V/mfwuFBPp39p\/MXfk*wZ",Check sum is ?
test,qA6[?(Jn65cGU,"Check sum is ,"
test,"tiAF$sMn>g\k+oj6#Gy}ev9LG
l:!}?LdPW3csJt!:-!YlO^;",Check sum is D
test,\\.Thb&+1OB`$<:zlnm$?7-Rs/'pMi|o?4]yhX7a\,"Check sum is """
test,"K""IHMs^ah41:M$nl6j<0h58CyVzPJ%S(E#Qal>8ONQ$:'V",Check sum is [
test,/)_wJ\Aj^BA#m!ksg*yLhgEPQLC-xpDZ^AZMD,Check sum is &
test,^ C,Check sum is !
test,"}@!S1a	.Ld0raC1i,4eyb>Zxp{U<Qw #yixH^~Tk",Check sum is ^
test,"`% !wK4P_:GK[kD!.beIN%W8rhP%
60mgc2&""^?F+V<?$mk",Check sum is M
test,"TSlkD
IZk?S&#U*PG=	B0!NVryyyePe	<l~GTaE:XrRnzIs6",Check sum is ?
test,"/:;U""3\1M(mu&m
U'\",Check sum is G
test,"%n!/d` |2	S/m#`.8D;5JSIiw{fU*C""
!jaRQ;}",Check sum is F
test,"[fTmWo/pJ\)<G2V)U7-q:VeJJ<dYCT{W,*#vAnPzYr",Check sum is R
test,jIl Dd>7)GP8	ir-,Check sum is E
test,"*C	cOFcU|:E*o3`ye
P&",Check sum is K
test,L vCeK,Check sum is 5
test,"xdxu_/ciV8I""/D1rM0-Gq!?8W	Tx[hzny`q\Ev`D`il%9G]}N",Check sum is *
test,mKOM6[7fr,Check sum is T
test,"}F,T^*18!#U:BCjOfp:\+
M{sIt_Zr",Check sum is )
test,k22kU'}XNrErt0)p/'%Dw,Check sum is U
test,"-<Bl=3{~'AoA"" P=AB?|(d f[9",Check sum is +
test,"cK0:y*u|X)""{\R84
O:H,5bav\LV|",Check sum is 3
test,$`B>zdtVot#e_4)dV,Check sum is -
test,"e5""	&Zu#sX#9||f%|&G8#dKs",Check sum is M
test,WU`Tm!e;?*!JP\;%l6Xym~,"Check sum is ,"
test,"15`Uf8N],/+;^0ALg;7?$h6LuqC@?)M^se",Check sum is Z
test,JZR|L.GXhl}0^Mit|g602%d_,Check sum is W
test,"+-hZXelE$Ix;.7rgD6O8pVuOm^[#	
}k/!lqY
v5.",Check sum is >
test,">X]t:eB*<V._U46""!_",Check sum is R
test,"?+""p9)FYX2|+kI't$<q!?!%z4HGxi`';1J$@[jQ>7=p!x&",Check sum is J
test,-Q%qT,Check sum is H
test,(<jGkCZ'5iH;P>3B'SQ2|Rt.PP?}0wQ,Check sum is I
test,"*vmU^~n&sEbosD+Xv#bG#P.hot#eR_;5d%i@J
^Cx$L&>QNQ V",Check sum is %
test,iJ`cWS,Check sum is @
test,Mj6?RV!zMq(Q~nz=SehFY,Check sum is (
test,ky4*:)R(KC&jQ.>2Wn)iU3!g`,Check sum is S
test,DVW7dnQ3O\qXo<^UA&NX(~cA2|Edd>N+!YiG4k'w),Check sum is I
test,"`uU#*
)""5]MNM)2",Check sum is A
test,"pc6fV$+tBt'$6&D
=UORW	gL-w&Xcv}t&[L).c'#I[r,=",Check sum is U
test,fuUuy,Check sum is >
test,"0[O2@tRb8""F&wc> 7]K6`,o","Check sum is """
test,L[_0is,Check sum is 2
test,",>3?4T^Mv&RC",Check sum is  
test,"5s6buy2R0IdwcsGQJ?{F:R<
",Check sum is 0
test,"~&V""b7n
:w-YS 1X]w5mn[:jFPBHv$,",Check sum is I
test,"~[ja~mT@'OANcs0]E""H
=q'+<'Nmg",Check sum is )
test,"'N3nhmZ_y?<Npo:X!p@d<5.NQ;.Gs
~yY_.(>':BgX->@",Check sum is '
test,|1 He>t$DwIP0@YC0b:z4g!?0iB2h3{Tg,Check sum is /
test,j;qUgdYQ/3M6+{CCgd|wdoBciCO9w2)T%g^L,Check sum is W
test,9)o\r_=7<&.,"Check sum is """
test,"oOBB/|T,dD*<(Yg?4\nI| L9P}8IaedNn h^		TjyD;u	[\c",Check sum is $
test,?3'I?suJ2E*B/,Check sum is E
test,(3Y`<+u6ER={qz1i\(Eo(a~DR>_F< :o!CH||3c>Nm,Check sum is J
test,*|1Q)^Bf;@Y>6_UAoG?#vs`~u2;9bk:%fo+'yro,Check sum is [
test,"2v~	dhY|v3o\$6P5V
jzX#",Check sum is B
test,|7f\,Check sum is U
test,Qcx:|I;..h/,Check sum is 9
test,K[Df<^crt;T2,Check sum is T
test,"Yz-q,T[w~x9+""A KB'O0Xf/$tX7JqdB|W:^E5dO",Check sum is @
test,"e|ibsSZ}7Vs2,:_&G0""0",Check sum is O
test,\^	$ZeC3Gh){${&; ExN5#.5\mJuV,Check sum is S
test,"zw]LCOLt^9M""m`	},4W^:V>'l('zL^",Check sum is N
test,"cI&PY n0U)HZ[LOU~a Z""tvcDO@I8F<3A~:CIM|T6I(U",Check sum is 3
test,":>ITo[6uE~A!wZk~g
7+jYs?",Check sum is Q
test,"^0""7z)@KF
",Check sum is E
test,"p>S9`
MSUx=~N3Kb",Check sum is Z
test,_Mda0>Z8]hy<v)@	oil,Check sum is 7
test,GN~5;t)\H2ys$rXpQF'(Kv^,Check sum is %
test,"
=}2Cxs~j	_]ia$@
8P$17Y4|[}Y",Check sum is 7
test,m!W,Check sum is E
test,"m8l^,k(>sb92",Check sum is L
test,"r""=",Check sum is 1
test,"i|Bo |}FNc`Xa$^'K=z""eC3C[?W+\Mg<",Check sum is 2
test,"dV>3J:F1JTeae//|""}%K#!pFJvW8I\a, %kH",Check sum is +
test,3MX8085_a^om!307krL^]j@>=P/=:/YAsprjz|-A m_@][%Lg&,Check sum is O
test,.T=*CWU4>Yjd]SRPk'93OnEl',Check sum is 6
test,":
t{}(gPvPALku7kK-fD""$-C^L{o[0^ed<mrj!97b<o",Check sum is E
test,vbawBo#^Zlm[{=INn^a_tbx,Check sum is 9
test,"""&LKpIk<ltR8U^m$)P*c'P#apMDg",Check sum is 6
test,"q[wcLP'I?wt
\f3""",Check sum is ]
test,"Gmy0]V?g.Vu ,vC3,&x3[K$",Check sum is N
test,CElvRqxc	o7H/[,Check sum is )
test,h][g8+	<njzQ%{Q,Check sum is #
test,"ec5{>^^x;&0^cU
Ur2|I5Cs$",Check sum is H
test,=4}+[wc-is>h[PQUXA/85v,Check sum is Y
test,uO{|x~$B{)('lD'5w[$<.<7\}owNM k2;0.I5!IzRP8GkeEW),Check sum is Q
test,".C7""'S=J0i1K#cS",Check sum is Y
test,"iyks$'Ka~JJO.'0rj=&U:xbu9@}D&brYa/p""U98g0rfX^RgU0T",Check sum is F
test,NY]u!\;Y1Z!C=(nhe|/L,Check sum is 0
test,[P@Uqr=h$t*#;TZ%T(}<%DjF`#=?.*,Check sum is @
test,YjO>=?,"Check sum is ,"
test,"7a#ei}""RZ3f<yFmW#@,=rcs20Um px<,p\=r\U",Check sum is  
test,<pb}\uBIT/@bY	*I#XQwtv|GMz7Pw&gLqFjm0,Check sum is M
test,4HSWg',Check sum is T
test,"O6IP)SAqT(,wbfKZFJUIc ~@C+5-:",Check sum is 1
test,"aS60$qj&yeIpNBCsoe>N~l'f{,l+3.n2_A",Check sum is 2
test,U@ +bqftRB&2Mdf5^0(Y\!@~n1Q_%aA\W+oww,Check sum is @
test,",!n2}*L%%EyJGt'C|M/J:@#"":Mr@@eg//]DzY4",Check sum is C
test,";2 +,*BH",Check sum is 8
test,l1_	lEjmm;VjTb*ZC'r}1x7z@}#b1$h4Ky+7={-s,Check sum is 3
test,Gd,Check sum is K
test,"Hl
yKuz
z7!^%c6wb?f~F9YEw{GdPOZ`E3",Check sum is P
test,7B]`>?Ev<oUx'2/Io*d]0b9#@(~z}7*H _Re>o?*J,Check sum is ;
test,"&I~{JZ>

xU@%+N)n>E
WM]MS^>l[tOPi	X.5n z7q9G.k5D;E",Check sum is S
test,"J3r""<iz_/{xGr\(Cs XaM:
{N",Check sum is 7
test,"qii;pwZW|ckz(6dj<4of# `cK1JWM8cI+m|DKp&+eK
",Check sum is ]
test,"9rDdqiBE+mMd%(am=R""A_De",Check sum is 2
test,"#VaadYh\3\tbS0m(6MGD	A)VE6*t\""J_-Y",Check sum is 6
test,=1lD|WE;Y3?>kGS{fY_<;+a'()(tt}`9,Check sum is Y
test,G4.q]b'7+bN%s{L;]~E@L{nyS&r{\h8F;E5;$BxX]zy0,Check sum is (
test,"o~.D]kUgT'yO63r%
Ea5Au0/\&t	}",Check sum is <
test,"_J$p{mw4(E&Ii\-]x#-l)by=%
v7`5Y+=]u",Check sum is T
test,FVD7Ef$>v?)h9o09mbF!,Check sum is Q
test,"2I1[+`8pd6Jxu3|775]{
IIW7B(YQsk",Check sum is 1
test,"p,_>o33Un5.y=8EW(dv12<cVKoO",Check sum is A
test,"k$,gKp}|`\6ik	E$rovS`2
oU.
]""uKK",Check sum is :
test,"BR4'c2\8DI(/=:?(5dU`i,~.I",Check sum is R
test,"sQ5TnJT
?tI-W
:zUE|mMKB?6",Check sum is S
test,]4Tz:>?V1Bh2Y&pr]Ui>QY hZ&Eu_e!v=@bgkW$VQ{iw$e,Check sum is Q
test,5A}rQnUUlnr!Ik/Ru\ ,Check sum is A
test,y/,Check sum is H
test,"jt#~Vy$
R2Z~#s|f[|raUHeyUDjm'Zga2M|mD",Check sum is :
test,"U$:#]lV
Y?ibD]Y@U3",Check sum is D
test,da=p8ZG,Check sum is +
test,"~J\,J=+\b",Check sum is  
test,"B*8
`o5mDY7da	a
Pz1!	\$55zez?r1]bKEw",Check sum is \
test,geVGHPT	KM#2)XS)j(UFew(b~,Check sum is 9
test,oA@IL[g-P|'m8f_yj1+eRA,Check sum is (
test,f]A`~WpTtfus3KlK)'XpN`&,Check sum is @
test,e>CD/$-*@tr,Check sum is Z
test,BzQ`w>1b[b1Q/?lh)x4Dt6Kuu2|c.bzhE#m1Q?,Check sum is '
test, ~iP)kCV_?@87YdjHI'>,Check sum is N
test,";|A-+pE',g1!Nh\-	^>ZI>",Check sum is 6
test,+6ceAq4Y|4,Check sum is 8
test,p>`^=>C~O`vyZ{h&i,Check sum is 2
test,)oM6,Check sum is ;
test,gl@P'+?L.et|Kd:&}N,Check sum is =
test,"qi&ca.L^Iq7YE(!drSp|<7.%YUGCNA9
gL5611*]fB(njmi^9",Check sum is U
test,"OQgjzds=nHSg6>E-5ozvB~&lQ}i*b,|""t6_5KZ",Check sum is K
test,"~~=[}w\($59CYFgZn .HQx}!,+9vFQ",Check sum is )
test,o3]i{wck.xZQzsMPH~ ,Check sum is I
test,%A$8`,Check sum is B
test,&s%b=2y|pd-^'0wyX#=6m}g2),Check sum is $
test,"-[w?N!P]D$iL~J!I@<djS7.lCMb!	6+lk&SFY
qt@K>x]",Check sum is 0
test,"xPh*yZQDW=4Xpv=X7hZ >
H
]rnUs|#QDlT7p[Jnpe-'E`l)9a",Check sum is  
test,a~MK#ke.h,Check sum is  
test,"pmSHc7)KHg0uSi1Y""U &@t
~",Check sum is 9
test,bW&]jcpdli^O5-/,Check sum is P
test,"	@< j)5<>wtT~1k*kN|^5n=RDH	B7gMjzB""\C,G!;`%[!V%",Check sum is C
test,"Q
6ozy:,qbBWC?K{~9kqozRSb/<3-b2:2p@QaLu-(IPJL62",Check sum is J
test,"OZH7
X?rOuV6z'hy{",Check sum is (
test,pw}(VTi,Check sum is ?
test,2*A?4]U|'dX$IY7z@!KKg$(!,Check sum is C
test,"sBFpefDVKWYX,)n~SH8Mp)^vx1U!",Check sum is 0
test,	L/}UxG sS&`b?zS,Check sum is O
test,`m<ns87d_T4tj99>z%A*FN/joasP	><dD FOzY*:KjB,Check sum is *
test,"V9LN93A]g@rcE""_yIN6Tt?{M9 b&*fw{#	\n~z.ny^Y@vFih5",Check sum is I
test,"WBiSyaB	`[|Cu,9Ojx",Check sum is _
test,"[.,u/..n
D6vr""	klt/'bp-quB?vXw>rNq:$7`O$+g8;FB0",Check sum is :
test,8AX9,Check sum is *
test,&`1`kd`/5VLj9sM4ts,Check sum is *
test,"
P][NVwb[?iV0nJ=o?4""09@mH_{DZRs@;$D1\$",Check sum is  
test,"0(g4D0xN#<zDY0	F#HS7pNEH""R{%eOe]R3MQ	4 ^n:",Check sum is R
test,"I e|,MZ%V}zUz%.vo	0wwP9""t-Aw*{",Check sum is F
test,"#X {FR\,J",Check sum is  
test,"6p<J`|O,J_@k3T1q#Xl;",Check sum is B
test,<W;~n`$jsH,Check sum is C
test,63X=&B}VmGawlA!eXJ1V$XHP8IU=L,Check sum is 4
test,^t]HTAr!}x[-$,Check sum is  
test,"+e{\E0=,3""lEU<8[}V0	",Check sum is [
test,2!$M|}L10x%21(^PGv}HEoAex,Check sum is 4
test,=(\z7PA@v#X'g?	\Kva,Check sum is (
test,"
M!p2[ ]@[Cjb%muBUt$ywb33wj4RU1Ns=`&",Check sum is [
test,D62+oyw%y~oHKd3U`<nR?4^|rG5$N-3-SfJ=|,Check sum is 2
test,"T}MZ	Fze""$o).TV|tZ,vd,P#v2Z(0vW/~sdvP<k-Z>",Check sum is H
test,2IBb[>\fv7w87:^rWSo?+E5>g~OM_/rW]=}$z.jHa2:Px:$m,Check sum is ?
test,"yV{z[$QyFX.e|qYDt.z\VD4,ej",Check sum is )
test,RXIk|1$>E3>z>En8xG!{5)r6tv56W	.SZ(\u/WihsHcctL,Check sum is (
test,$eSZUB2lags,Check sum is F
test,"|<H_""'*]W$8y_sm4b[^>z-9Lt",Check sum is '
test,*U,Check sum is _
test,"""2g/ejkGygit!Ae$;FUeSHd1o@9>bvz%^",Check sum is Y
test,"\D,NlM:Lu\q,`XvK=W}I#",Check sum is ]
test,"y|vHB;snu6`|gP`I#*z/
i)`6z0c%hSv}pS=\CeF",Check sum is *
test,L+/n7ay9)~lTK~C.,Check sum is _
test,'_YTGQeXvF]Q#1YeNH[o@L0*y'-_/4|\cU:R%\VMZyi1W,Check sum is =
test,"C""q}]DL
$6ws""",Check sum is P
test,"XE hi`,u:ks|e%mo#Yu !&",Check sum is A
test,!2w(X5DaN;eLO-;niE]57[@g=|;KmG1vLe_R0Y\-xa,Check sum is C
test,"xBd.SYJSXD&%x\+*@vG|'ej#IRa:q<w7(kGB
]G$F%I^",Check sum is (
test,A/{(Z0oS+iA|$z5,Check sum is #
test,"B8'-;_@{V+""%",Check sum is K
test,"ZGjY*@D%}Jt|<
",Check sum is T
test,(`V)aV.$ 9',Check sum is 0
test,*PfKe+d{	,Check sum is C
test,"w y(+h7*YF:OyyGG!,+K
jeF8AD_0F6&6]PO_QH{RoEY6rKvl",Check sum is ]
test,WDxK.G78ze[C)VxuM 1:+tAHyp/Sw,Check sum is -
test,"}w%b~GxIv,#(I*iHbjB*",Check sum is *
test,tV_sDMRALu@&AVy,Check sum is W
test,"Vi@ [V""T=D!Lzvp3 ",Check sum is G
test,i<{na:Rfuu(u#fZ|,Check sum is '
test,Va6	zi9D#7a<EXuL5\rx}G-mOeE@3e)/BP))KxiBc,Check sum is B
test,"?8LuzV]wx,Y'J	>	FYMeEj 2$^EL&M 5.",Check sum is U
test,"r\@;|Aq]!:hg#{0SGx1,!5-\G|s/V(",Check sum is ]
test,P4{6j\fJO/-w#2 $5%]:2k2,Check sum is F
test,"i2uqI,vc5,[8X%f\,",Check sum is N
test,"3eIomI%ygmP'7YN7N>KB-%f re&;(7;JWX,Xw%n",Check sum is .
test,"S93-.[j|;0x,'jO hLsd|$6",Check sum is +
test,]fCf:O4Q*JQSFH.nkP+^OFjZuS`+@tW*l4%r@ g]LE,Check sum is -
test,V2S1|E/A}wSpbjYWFlBg,Check sum is +
test," xZ&g0Z8Z/@?^wKh X""*dj^z/`iF7""E#",Check sum is Z
test,mIKM?F[5+B)Fln},Check sum is 6
test,\T2e M78#bIv4b=,Check sum is Z
test," L/Rg<8T],E$#i_z?+,]I,	bOo5*{H*]N|gE",Check sum is C
test,<o2qfUsIKhD{c$.QI:K#W.^2*c9g/\&*,Check sum is +
test,>9^3+ok$33A3[08!R,Check sum is !
test,"ti+0o$xsx7DPO^Vw7#J`5g7D""6I[&&t(""y#.HaP-.9&",Check sum is 1
test,eF	VIwPXLI_=Z W-SI63IYgD0hmX}9S{)k5OMcx,Check sum is 4
test,|v65.l@etFsm,Check sum is V
test,"[ZN-lEjs7 T_B:#S_'q""v""",Check sum is K
test,"H
` lxJKBtu-@h}'V""~3aG4?o+>",Check sum is +
test,OzCv31UqPuGVV~sX99IKB<Lp_!7iK,Check sum is 8
test,*0ie2[T&&dSU[#6Eq*lI1YG5pwE,Check sum is <
test,"HMVMLZ? -)28$-uMak9:2v:kAzgV@gn1/?7)""dY",Check sum is '
test,"%&r/dq_#I^Zzc5\$27{_.VT""*",Check sum is ]
test,AWuc ]0dVy,Check sum is 0
test,mo*BO<E,Check sum is 8
test,X4Hi01~=O>J(Vj5ma(4eq)+I$#g6F([	pxG+9<PzVbN)C|,Check sum is G
test,"Fx&F4= c-DRbBeM6<K-u&#KgN'$]_vys""6i_yy=!9sNJO4",Check sum is _
test,"BO1M}qT\G}V3@|8iikvFOp@B<7Kv9
\4lh}QG?)@W%",Check sum is \
test,"kHaz	3$	kZx--(Yq@,uM~WBb=Jl",Check sum is :
test,"'l|6q~3-oir
4%|v2]EO)B![5W_!Y9V~L2r`E""6GOI`lU[uH",Check sum is T
test,YFC,Check sum is B
test,fb1or	/ZxYSf2?ZUTM8z 8ZCN>8bCi]@+M/,Check sum is T
test,"6!as;UFLRH=~,>xMs8;n|+mSVjh.n#}JL74Wu16X""@RjwD(",Check sum is ]
test,"I78C@""</qXsz!(/3Lvb0+ODH0Pj3cwsjhtLq,6",Check sum is 2
test,OY2hKH3gF<m~g9w69RSz.|gw&x?we>7h $?Am=DJDOUG@f,Check sum is P
test,0?ao[	*,Check sum is -
test,"}>)^C|
11Z7",Check sum is ^
test,	(fqtK!6r0MnETmw!8,Check sum is 1
test,"Ftn-PWtv-xt4yn3EIw7e<* :\Fy?y6^c#I
p.J7)SE\+.",Check sum is #
test,&q6zJFU IG4]ft?,Check sum is &
test,=P,Check sum is -
test,Au p%8:7:zHzfY}b4H:=1b#QK0	U8e43V:6{uraRd;FV=FXbs,Check sum is %
test,"J_f	UXv}z""1),""""mX'=x?iM""oOBB@h`Qp2",Check sum is 3
test,qRzUACRz2AopPk5zi99Y~,Check sum is 0
test,j{T/ <oB<V*;hEMrEftI{ndB{,Check sum is *
test,ry,Check sum is K
test,"""A@",Check sum is C
test,_7	(8s8)|{JiO9i/2+6cTNX;@U9Wnu:IWP[RT,Check sum is [
test,#&dh@t)]eh~/y)BW_7Ra.;YNn$=yp/KrNV,Check sum is E
test,wPf%??G,Check sum is 7
test,"AYGuA~XOC?&s_""rZ",Check sum is D
test,y=jx&&NCE6Ir;/vEwe6:q9bXBq<QGV`<h7`Y#!_K!t(BW_I0w,Check sum is D
test,^8nUc6RAVra,Check sum is N
test,m*'pG0P<	e,Check sum is ?
test,}(y,Check sum is >
test,wV9 {qZe@gg#,"Check sum is """
test,keg/C X/d,Check sum is T
test,\?&|eo0LSQEKz]SY+:z%LnG{QFj+KW@dQWdvF(:@*,Check sum is *
test,"`P[3Uq+!b2pQdwX+A~{'T|d7*f""cmF	w#8pgUxO9C #j9#y)","Check sum is ,"
test,Y9vQH3>&bS;`u1WOtq69&x%!9M_^9l g#;8,Check sum is 1
test,ZB[)OP]e/Y@	t,Check sum is &
test,"wfvs[;""=#6",Check sum is 4
test,8fA]	e]`}HA&kUy },Check sum is I
test,"}p-r~azcMrG
1z0^w1<o.M30{NoF_E-N$:%8*4HaL#",Check sum is 0
test,"WM{Mqn5mjCpQ""AXTE=gbR&^Dm3'E0uh",Check sum is H
test, #WqOB6},Check sum is /
test,A59K_.Xy*M_pn,"Check sum is ,"
test,BWM3AMN&}Ma(C3#kRv~+_-4f)&,Check sum is 8
test,_8g,Check sum is ^
test,"	l`=/fBB?6k{r&&I()lB""vr^53Wc-_$n-nRAI]RKGh	TA6aJ",Check sum is 3
test,"W59/D^L""Dok{G&;.  [& `v1Rq)",Check sum is '
test,"]@TEYt^3?YAQLa}l_.6:Q+F;vTY(w+b9""Ic*49u'la,3\P",Check sum is O
test,"w?)!. 887X^~)nTeE%
U%\70|V,)x
JckbXVU!B'y64'",Check sum is D
test,S>	bnr]qeGW+]xs*n[*e]h)%q7,Check sum is =
test,z[TbK.bI>Ry?!ah3`Y,Check sum is -
test,'5yqEEh'&,Check sum is %
test,)Xdq`XN2Xd65-A[>lUME!Z\W|R6?PUnHX! Xu8C,Check sum is \
test, so!nYhD`jev`l7p	S	-jEgN_uo.Svb= YjsS@CdX%@k,Check sum is U
test,"som8	t,56K4Bhg3]W6V;&xk>fc.z]6oKB9/l*:N(QmqKB1Vot",Check sum is T
test,"P-rnmy`kG1""=LUi)F""l`8",Check sum is $
test,oea,Check sum is U
test,"40:YilAZe>?P@\h/Js,`}gC=[Y=6?z6B[/vp|RC8O0",Check sum is )
test,"$}F	=X[eAvaolvIVVF)M""d<'a,+}5<",Check sum is N
test,"]a,8J5mO0y;M/M+:'77SJ/^*d
[y9z",Check sum is -
test,n}7FR'HjklC.tl^DfXz,Check sum is 5
test,"Y
b./,TdxF""<H2GUQFQ=",Check sum is =
test,"/~|nk]_"">gQsZD^a:kMA",Check sum is 9
test,yGt.U7 %-T#,Check sum is 7
test,"4~oC`$B3~g'kV""]~9`/mKy!v}.n9n8",Check sum is O
test,">:hhr4+C%qn>3jz6*(gE<5wd{QSl^
""%fSF",Check sum is N
test,?Tw#uU|`L?ug|a)np0ECUr	IQ3LVl4$ Ap) `:T],Check sum is ^
test,3e0]&_A2UvOqtj,Check sum is &
test,3Jkp5	%~8b/6(nz1}|qDyak(|	5CRA	$YD%,Check sum is 3
test,"#`eRIRS7^BQiPHj#e
l_r,-QjF;O}GF>VM.?B9>+N",Check sum is X
test,Nh@O-	*m,Check sum is 2
test,V/08hst`JEJS3t57,Check sum is ;
test,m=V#lgQipvf)=[=,Check sum is Z
test,>m-vS}#|IvnfU!qqH/<h~\S=]@:_(|@iTc\;XV*i!,Check sum is @
test,"xs(h;:, g.w<}",Check sum is !
test,Za5L -52]4n6W	oDps6j%[Wh,Check sum is Z
test,-%a_*GW*Y;`|EPv#wE1T0pS7(MTR~m!N2`G*=T@wy,Check sum is &
test,E#9\o>Ojt>|TuW3G]t:?@<NHSjY.m,Check sum is X
test,"#Tdk6@pC.3a
F
T}X5Jb@2Nb""m:l~1r
^",Check sum is U
test,"ClZ`~~mcZU]DgHrsxr""K	Y>K6f@(K}N[f]>Sn#B;M+h5y]",Check sum is =
test,"AT/XxnK*,K7}XPf<&.o  B}KZAsg=",Check sum is K
test,"O|X5,c",Check sum is G
test,^	hm5a?u}(*+-g~	&BCgw_S?Ch.x z=tvi#^B@wA)z2Z`BS<p@,Check sum is ;
test,"vd`:&}poY.Y_""8]wT(rEGL|*	BrKWth3X%B+thZi)_c3]by];",Check sum is T
test,"HW,5K",Check sum is +
test,"7x>Bp'={rft;[
h%",Check sum is W
test,t-KRjkr.c5$klYERZ*6r6FC\?<2isHUt*|x[ph.p8HH@Hk,Check sum is !
test,&ouV,Check sum is @
test,"a#,3rH>$V(c9Jk`I#PhX7Md|5I/'vB:Ipyot1E#J:nkhp[b",Check sum is T
test,2M&n5\EI%Q;|,Check sum is ?
test,"d8RZtS/RPuM40wv""NtP,nU%DwtA24chg@$V+fQ",Check sum is ?
test,_6-fbrIBZ$L%p:*$?43Mv	8P/ZIvPGZ>yE0t'f ]yig)N#,Check sum is N
test,"'lM\K#O:&.$P!8[olxjIkU:*)""lv`XB=Vs",Check sum is &
test,"*3	$fwEHek&G Iy,/fFwc)ko*Y<:;qoI44
S1&jW`Dnn",Check sum is Q
test,"rYkwS%t
zv-qTz{=/| ","Check sum is """
test,zW@xlv|Wy?wFweYnhep XTc`_\'|~F,Check sum is $
test,"%6;lh3d*$[,Zm2G%|#fZ_t]9[lF",Check sum is 0
test,/>U,"Check sum is """
test,"%rSeg$""Z'~jCp\/uCXv9JB-PGuPwDZl@xKr4<1nn1~[f",Check sum is :
test,'?JoqihliQ,Check sum is '
test,4&[l<iW<K=(zB,Check sum is %
test,b8'sq,Check sum is E
test,"
G+eTv
sFs~T<zapZidYDCA_-0n.@{PXP3zP""G}	",Check sum is Y
test,"\`D3ciw}
Zp[otg:]w{A[/`xuii9	HL4*""X'D"">AieGBp",Check sum is @
test,"s	~RbMn&_v[""`T*I:42T\|xhJst]Zi_[K8^| CB`-jtRll!b",Check sum is 9
test,:R,"Check sum is ,"
test,{vr@`#Z8bEi5vuXd:tzl,Check sum is X
test,"uh#vj}+M9_(wT7hJ7zMEFNZm*&+)o,.s#^n@on",Check sum is 3
test,"JI5vd*X'^r'LH	E,I.	`;Q	s@geza,dS","Check sum is """
test,wKm#<QX2WNq8=>Vq3R3.'	BYV	 iU-*df,Check sum is (
test,"69?0I
MK",Check sum is )
test,!b]o,Check sum is /
test,2*?z\7c-b^<{>-=5#@on,"Check sum is ,"
test,"Q6z|YD""{r{k6
FS?",Check sum is G
test,"|TG+?
QxG?sjBlmT*.d63~!7nBGWPT$GOU]:PVxl7}2",Check sum is I
test,l}x;&UJ]-/?%&2Rmwef4{L; BtYdhg0[pLN|.{WR,Check sum is 2
test,*3=<f1\*e3`8UCCS5b)Vs=kzKkvU#nPYLZKG3FG:u,Check sum is >
test,"""S2
D-[4a76Rf*",Check sum is A
test,"gB2J#1([Y
[@V<_H(,1/89QE.=Txbtkwy_DX2R",Check sum is 5
test,]2kiKc>0/#@_'XeC-%DXaX=,Check sum is [
test,-+,Check sum is 8
test,"GWA(B~Ua8D]:I'x8]HmX,+S{M","Check sum is ,"
test,Z	bWDY,Check sum is Y
test,XV&%D:^kiFS!2gGmwiRT.,Check sum is D
test,EP! 89,Check sum is '
test,"dYN[HaO<XMtP*ih""!YsB~so!?0c~tX9%.[^+9AP",Check sum is F
test,&jZyWOf0M$p}i#i0pm~aoJdG4fhY2W)y[<*eF~k,Check sum is =
test,"
/z?qu^I^0K}c&L8",Check sum is B
test,"e{AYJBr8|@a)Qb|I}vydl9
*kV(.@\l!,\	#ce,hA21VD(#,",Check sum is <
test,O#.X_z(l\x&wejh+03AF>X4&;ha'rO;41>lE0:/)a#}{O	7N ,Check sum is (
test,"Ib+#SWfj 3o(X$""K}tm#d"" r2Odw'kd",Check sum is Q
test,\yapWa1xeWb|b=2$,Check sum is 6
test, hjv$]v2d	*MUf]!XqZ&k,Check sum is B
test,_k76ww.\V,Check sum is %
test,"&K|xCUhl2.?RTI0jr	G]~i
",Check sum is )
test,~~Gh;/pvriuq|N:o,Check sum is O
test,w~+Kx<_zm9>l}I{K,Check sum is 4
test,"BE75AX&(PmL(""H*WkZ&^:V)K\_H7XBRhBtLzheC)",Check sum is &
test,"m)l>61(FZatFHO,",Check sum is -
test,"gX,""tK~qd:E""Ns|e	3Ux{6(hs2aoHUDk|(Y'-%B(1P0",Check sum is ^
test,"1}o'aO*:""[+<4je?A	NWjCF7;!1`Wp7n^:$D&+ad",Check sum is &
test,-3l,"Check sum is ,"
test,Vo=9]5|t,Check sum is ]
test,+&(kRs!wm!<8&n7vORf3tVc>SJK2tWe,Check sum is S
test,"zzS	[*""dp32Vh3|CXipU6yd#yS#1""p-W8aY4a2,~8 wnK}8Y",Check sum is +
test,jVT,Check sum is 4
test,"4T{M&,x""bspsV=lgz*,M\",Check sum is 3
test,"I6JF0g|
@&X#[yx?'iMu qv-z;NF""7(Dc l2?]G0\",Check sum is \
test,"`g@L!P0, ')d",Check sum is T
test,[t=E,Check sum is 1
test,jln ;{HG,Check sum is I
test,"!w-^`e/ts""oaI/D/ADAw=u)I@MQ6/7$/`('",Check sum is X
test,"0J0<!5lPT|;Gka,""z#!1^$}<0j|Pt",Check sum is H
test,"	Gm$=O)x4YPRx$Fe8O,^V_j<7P,'*_q#f-^l_y^7$+yw~",Check sum is N
test,M7p/7R<vw75#H}6&Go,Check sum is [
test,CUlK'tTGB\^e ,Check sum is &
test,"v#3	 ,HVSo/L5 .r>v?RRG",Check sum is /
test,"Z:r4WjH&*Z@sH<""pe3*'!4wfzH~V?BIg]T%",Check sum is N
test,b;%EG8|,"Check sum is """
test,"`ETHskx{-0RX>,M",Check sum is 0
test,Bn@x?8 fXmTyVY|VgGQdV ,Check sum is 1
test,"	Ne
7
Un'F!9Mx9Nd",Check sum is !
test,"v,K$RG=lP",Check sum is C
test,&5(Fo1`'HYFu%`'QyP:6--BAdBp:fe:tr6;&EkQw$Z,Check sum is G
test,|R@U`H:r)Er4U#$<,Check sum is C
test,",Z(t:A'Pi\TG+XL(nLO4}4]{*!C6o_}uHi(irSwVNlFaX?3WI$",Check sum is X
test,">@Whh5~`Zp'66=~<C3e2qUMy""MQ9M",Check sum is K
test,"~P9X}:rZ{T$2I1	MRzx*9]0nDJU%kj1g
Ua.PX1.SqF",Check sum is M
test,B5U8(W1}|JDEn/d`GELgM_ueosJ|D)JFc&,Check sum is 4
test,}yQwHVl'r@{xi!?'sUH>@x+xM'C_8C)	~,Check sum is N
test,"|a-rZBR`Cs|8~~RAo:iOPyuJ|,Ubtr/|aC}	UJ",Check sum is E
test,LwV/kpgp4>%X(/Ou1y Vvr,"Check sum is ,"
test,j7\q(]dWV&{BNF~WQW;l2I0b|8OI^,Check sum is 6
test,"|Y	nd$,Fb`wH>#Zt/pb7
[0VnZz.3",Check sum is \
test,fLpKxPXM-+2FT?R8l)/lnJg{,Check sum is 1
test,s*8]#ge,Check sum is A
test,"R""266u#NgjH*2E+DcKk~zdGVp^&^,sPq>EX?6m8[3g_(%L",Check sum is '
test,"+}""x:P^N: yH?),?T(GFFT1N",Check sum is (
test,~zq!7d1B<_#r:kPPR#~FP4M~s4@?`xxxCJ!X/QLVeO(IE3(h,Check sum is 8
test,"}qK%#(T]K}6~Crk2PwYFqkM;7YMkm1tGC4sx/ZNaG<V,)j",Check sum is %
test,u6jZ*sp9!bAl|IQ,Check sum is [
test,S+72g,Check sum is .
test,Fs_oY[Hj<b/=>[6TScq@,Check sum is !
test,"/{fmYzz$Qj/W4Z1T,t'H""`/D.?6:%{lHFaiv?emx5HN<)iD",Check sum is C
test, H'UWH 0#\_.i`V,Check sum is ^
test,K^qEF+Ra52Yc9GTtu\wcY$MqCk6fS-i(s*qQ;_OyHF,Check sum is ^
test,b[L](fwe`,Check sum is P
test,":+W\9 {Ux&E]]*0~8
AnT[n68AT-'h@ egQ",Check sum is  
test,Cj}c6pAR(f4<0bi,Check sum is _
test,"5[/[N`t',ayZk>\9fyQQwBne_T0t&/A",Check sum is [
test,E[%([]q`4?x0+-8g0&d,"Check sum is """
test,_9%/ HGIUc`i<(Yv0Cxy41pZk'|zfq7\?Lnbpxh,Check sum is (
test,"_Nm7>$lx0&6i\<vTE/2t2N~\-,HriaPS	h,CfaTey5Hq[VLK",Check sum is Q
test,"""*h/n#o<:k/o$.'OM3 =RJR_Sp:{hO onp~YJ]urnE^gR	9] ",Check sum is >
test,"7{6v7P6w_
]$av",Check sum is 3
test,"*Pdiq%:i/W}nipVdD:+@>cl8[WLS.V#,U&gvk6)fG",Check sum is E
test,F/peldNC[&Y\,Check sum is A
test,"I.
P)@7
MMl7$5AdEYz
U?2&'xUJUM0mp5{zS",Check sum is N
test,"ESaD=MhnJ|2ohu&hsrroBlX
1Klz&2$S$UW'Qc>eg`8wt/",Check sum is =
test,N*<?I@/4Z<~SI=-1{	o}(FO+YVx,Check sum is I
test,"
~",Check sum is (
test,6*hR]:P|4Msjc},Check sum is [
test,	==7i)x^,Check sum is B
test,EAIMl\2,Check sum is 6
test,"4Cdv[mD6e2;SiG3Dt`}Xdd,^Sqvj	>iZ
v[T",Check sum is W
test,"+r.%U
\ry++})g=BUl27	",Check sum is K
test,"bBaTnIPniR}[##""WV^iLH#v@7[;OUV:*'",Check sum is \
test,"""ylt)1hG]7V5t)N+*N&eFte",Check sum is ;
test,"Zz?Hv;dwl:2X
*b-p@+r%`/uM
t6|a,N|L@9`3}uz^Oio",Check sum is M
test,"3o6*nmoJ4m*G! k=d|p
YC}y,P8lOc'
<o2sR",Check sum is B
test,"Zzf<>>W@~;y/0v32	
s;",Check sum is V
test,"8pj
cXs2,qmA J&+Sk+oV0G{",Check sum is B
test,"J[I@^e&* a+FS9T<	-2fj\i)z/X+V6)=mL/>""|sV~I%w",Check sum is #
test,"T}#Gl2d75^X\[,b5di|;@!($PTO>=#}f3|s?}h/",Check sum is S
test,4&FB!PAG;e_uR.^$%Il%pj\ar5<,Check sum is *
test,{?56uL{tF<No|vkAx{P1,Check sum is F
test,VB;r>u(8>lBv'=1!4EK#yB%_,Check sum is 6
test,37OiY5:gUm/O'jt|/,Check sum is !
test,"5vCVUZ0^t0""q
$=,)T","Check sum is ,"
test,"|eo=VwKF~2u2R*+t> x!:$(tT""ebK3D(Hm@$NWf},,kOin
",Check sum is )
test,dE)/-^|GCd7%7!nqx#%X#2\\32g<K=Hn6/{).v`g1mhBK,Check sum is [
test,H~3:PGS>du,Check sum is T
test,"gBDv_6{M87""O
ciE(Sk2]aRVtcOw-SH[D*bNU?ZPx4;4}9",Check sum is F
test,"F
';u",Check sum is G
test,kT:$	|N<sw5H%\lnxk@Ax~[y$*OP,Check sum is )
test,J:a	(A5,"Check sum is ,"
test,yRB9s<,Check sum is U
test,mu>,Check sum is @
test,"1|MFyk~3=
",Check sum is <
test,dJ$j&8i^ULjuWX M{GLxK9>;}~+'!r&o?SJ^QlZ\,Check sum is B
test,".#JJZjW-sVMG1`K[o""J}JUZ
/xno{h(*Pe!2N}6R""",Check sum is 2
test,2&j6i4r#[h.4oc0gtg.lZhuDT]US4#<,Check sum is 4
test,"b	T]?""VbC!> 9]]fEAJfX",Check sum is >
test,O:$g9ng8)O'XaQ'9<_,Check sum is ^
test,CO_0LDGF~U&A5Chu-py%r)Z;QbsmABikeqVx,Check sum is &
test,"E]T.R7/ku5c,&e/pAl`3ps.9",Check sum is T
test,"a~Vtz3K,[""VkAa&[",Check sum is N
test,fp4@zV!1_bm~t/	Use5Dqr8Z|Oz<}dEYv3/L:\+  *1V,Check sum is U
test,"-NT];iZ14,@IA2@6]Lg!Y@4u7nqVP}]E""O>Fk0`4R",Check sum is Q
test,"8>qSZPvc5
mD?}'CF<k!uJNd",Check sum is 2
test,"&-&uA	n<8Z}YCxjLn?`:LXir=R#,	O)e",Check sum is %
test,pc&q$T<uYAT^QtfdeO,Check sum is B
test,}RJ'1yGUWIJQsVjLxcpXA6hYL>EV-=={	yWHDhR|[G,Check sum is ?
test,".}Kv,j#sH;I!43e%gpo;XX.fD8.NXB2MD
lTT(Vq&sD",Check sum is Z
test,"m9kDa>1__/exOzJFOgGC""""sm}e,`C
$Z,	!BX",Check sum is 5
test,4{>qQcs=9QGG;+9;HL@'rgZHyH}m,Check sum is 5
test,Y[Odt48Q[FR[=[W/}7	1Ooy1MnJ8^@b)Oq	qno,Check sum is 7
test,3>o[Tx|{	AA?gXeF*R),Check sum is 7
test,'wV$>Z-',Check sum is $
test,1CE/2$+I&b}M8*_A[^FF)+B;y!wzO}l,Check sum is ?
test,"dLy
d9NJV-H_!6 U>F;YdKK7nq",Check sum is &
test,"	Z""o	H=5E$o5Ivm;
4NQFMa<2S3>7]@aX;1 H%5emX$",Check sum is W
test,O0_^-]Y_{A<|P,"Check sum is """
test,"2:x$Skq X;""RRgJHSXwtMz2",Check sum is X
test,">Vb5LZ=i
MsE}_yZU	f:[9x2rZ cLLF8",Check sum is 6
test," @\? ~.2N9Zp|v""@>wT5YtOx<oP2]..pZw<U.`I",Check sum is _
test,"Qli""Os/GJ#",Check sum is M
test,"H']L""$!W",Check sum is 6
test,"NatNZ;EjJs&7d]*6/k4xjvK	""V~3R4vNyq{j8yZ",Check sum is W
test,"ss+'?&:X=ae,=RU<Ug_6Yw2D/""H8(4Jixv8",Check sum is ;
test,$/njz-ld=JeMh,Check sum is #
test,A*4[:Gd3(-Dk	y\,Check sum is T
test, caK]3;:N,"Check sum is """
test,Q<vqON'Vug0H)7H&bU,Check sum is G
test,}R.<D&|OpskPFV,Check sum is H
test,v8Yk {U!/ Rt%4H4cnf4F7pt#2|*S}L*Gx,Check sum is Y
test,G'uDsDxS:}alpPJi;<AL_&rz's Oh0Jfboz!/UMdno3,Check sum is 7
test,"BQfFArbu(aJ,3V+(!!9<kT	V;b:	sj=F&I",Check sum is H
test,"px/IGBT
LoieY|7dxjfH%SQQ<h",Check sum is .
test,"!v:vwe>yV'O1>=f
aB)}{3w.zq5",Check sum is ^
test,|^'jy(4~<&V=8lM{2(>f{8WwZq\qI9:,Check sum is R
test,"Z[R97
2vm@l?in$""oqX@]]E3",Check sum is (
test,0:*HOO66MIOf'`JLTCtbAx5WGJ-l,Check sum is J
test,"By99>H7$5|	eh /
QLT%M!(9M^<",Check sum is Z
test,"-^8xBV^""=8Zo&l_","Check sum is """
test,"PGa:SV{gfA@-G6-XQpR<{}>aU	:d4W`*7""J\	f#""(FiJUTk@AZ",Check sum is -
test,"oh	fp$	h+mOO""I4!ywl!_x{Df@_P=D`zQ8J$WX
!2^<7mb",Check sum is G
test,2F-G!sfAhEQfae2x^L)Hv[;kB,Check sum is /
test,	77kJu+~P|-!/Kf|zWS1O,Check sum is D
test,"rvL'v
1SWq7bA9B#96[~qQXFj>r(6xRB1L^&6Q;ER\IgDR*WC",Check sum is +
test,P~g#,Check sum is 8
test,"6,0tMow,34v","Check sum is """
test,"VYOl T(5$P_KleT
L",Check sum is 4
test,"lGr`+7
kl'])7Ev#O3cCOz'1}-j!IyFxF,v",Check sum is P
test,;N&$=D@U7,Check sum is @
test,|hD1z_Y(Aodr,Check sum is Y
test,Ey|\RPKvu/dO[tFd9W'9zIOE%lJMOu|,Check sum is X
test,A	KJ/;hnLf>eZ@$c$& e8>BVWVFg^8'h=m[g4,Check sum is 1
test,"Q&"".^<x.mRDTXh27~x:bx[vmY=6&m~[@QTwkAwHz""",Check sum is J
test,_A922V%_sx>BFii6D6 ErDNA:5,Check sum is C
test,)Qq|q(Qt-	9W_4B{`Od-I^g1i,Check sum is #
test,"fg?k25v7,-uu!+t`XhC6{ wA",Check sum is Z
test,v(JQj^Ktpavo5hRT,Check sum is Y
test,|p,Check sum is L
test,"j1si(q?
q<}M${q6ET-L|K-ZK?M",Check sum is -
test,"4$X&y|x?qu""(1",Check sum is C
test,",t]$V5ft*M,e"".]76`",Check sum is (
test,$+%/={v7bn|M$sRyN5p9YoE2uDE?O$*QtBApuVi,Check sum is T
test,"2u""qAl$]O",Check sum is W
test,yPtPgo8XEm\{a*#Q{U#a,Check sum is /
test,"L#SMB`u{i=uaG(!6""p3)L9	D~D%a=xE0Z#wcJ cG#z",Check sum is =
test,7c	X]&j:diAo)?7v ,Check sum is 4
test,B.;Vj1(2N*.PT) ~%*ZQi@'`A	(QH,Check sum is \
test,77dU)\BTFdL,Check sum is X
test,"
XMvo} ""F{jS~zbRE","Check sum is """
test,"s""",Check sum is 5
test,":,+V51B\U""-\25t>L	T:7=+ix9R2v9r/[3eW6{",Check sum is O
test,"3iU2NZ^Q#nq@A4A{?/[?C%@6Gjr}*!<w&Xp/[/z,8$8r;@Zp~G",Check sum is .
test,qLO6;iM.7dsSB	XJuEd}%*YN4A5zhV)kij\lZk={G=,Check sum is 2
test,a@//@+S U3)L]2V@6bh`.$ji431{##={m.zs-y S##	hc#-,Check sum is @
test,f{H8$%58,Check sum is 7
test,"`ZbyN(@C8]@|p%@*L%F@`<#N-%8/sm^Zl'!a""+_K!MFboPDD",Check sum is <
test,SK64a`tT8g0It\iY?`)v,Check sum is Y
test,Y~F(zNMF!;ba1AmS[au!G;vv&,Check sum is 7
test,"Egj##f_pph_
q:"">/Gk| EV1X""_
\Jz!slwZ#",Check sum is =
test,"9fCz,B\LF5",Check sum is M
test,Kb 9\l)0(z@kPFF	5g27UHO{'PB=%;hzRi;Y$f^E{nm%,Check sum is T
test,]8SSfn9^|o#{reT1Q%V,Check sum is 7
test,}F,Check sum is #
test,"Qf?gn#50a2GC'c/CeLzdxC`~6LejiSi-sxw	(F,-SzunC`",Check sum is \
test,"\		L=o"")rV3(aU(8WjH-uA=-LL
:gxPsV<y_eB'=R^&N67dF1",Check sum is ?
test,g~@Qm,Check sum is C
test,"A^M2be@""t;/z,kS)
iiQFyS^B58",Check sum is ^
test,"B_0[pnHaB!:=m>Nv%,]T\1,lo*",Check sum is \
test,\2AIg GzKYe,Check sum is I
test,$tQ6v,Check sum is 5
test,Ke69*;Hh,Check sum is T
test,imRY	8o_M0Gw3C`[& NY^OQ6wVS%anU={Y[pr@.,"Check sum is """
test,Gi,Check sum is P
test,"V>@~hg
io~4_aXvbhe5BStWo[*'*Tbe)!Zz5WNVVQ.^?@{H3",Check sum is =
test,"?Wm[g`:{,(G;%fVZ'p$L)>`",Check sum is Y
test,(PIb^U}3Uj,Check sum is %
test,"U-fU0xA@\cbVony~:B-D&2)XuB^
M[JAk&!n#{ulJ9Q",Check sum is \
test,"`H4EGYMI`UOs{x.ak!qGe,d
$y3%>>Cfr%
kF~~!fM",Check sum is /
test,XD	Cw8>%^>pENQZ?,Check sum is #
test,&rh.F~$h29P(w`|.<QpKMVBB:Qo}sU~Ba,Check sum is Q
test,=7uuEl)>:n!v9bY.2w_Ia:U~Q}th,Check sum is  
test,^b,Check sum is  
test,"r6;0m|L>*g]0""rpTBkq(+(:vXE~Zwzm<_.",Check sum is A
test,ez9VRq>3B[Ldj)tV~vVR6ozm?EA \o?;`#s2!,Check sum is G
test,Rnq?,Check sum is P
test,"XEsze	,""x`I'W;ApkLK35I=1A^>O($c8\C\",Check sum is  
test,k(ZO)iD0q)P$2LnH-f.,Check sum is %
test,&@&xvX=5^MRS8(<I:|a}_b,Check sum is .
test,6h/Vu+9Y(ePEKTiQ!xZHr|8.F~X_0l!5az9IifTQ	ZZwz+c>t,Check sum is +
test,F{p;W'x@Ho	*V?Pu_==r[6ATF+5o>5(`1H)&`/w.tcV,Check sum is 0
test,"F<+A'9{GIoY#$,pgbEy:=oO6FzxHk",Check sum is A
test,"wb#:@""wkx0$?x~8kwG/B)ti,/q.IR0f?*&u|
.<Dj",Check sum is @
test,"g;^Cr_^""%V0,\#_|qTMTgY.m(o&KY)n K6$fjM$Q,ehUW)",Check sum is C
test,"jtH`Ar9iffD`M^""dj@b^2|yN2z9lHPB< qY	Ks=gF",Check sum is =
test,sz.Jd$67L@'nFO&E~d'9Lct3ky^3,Check sum is (
test,|WdQ)g2Q%9\s],Check sum is E
test,"t;M~/pCupm$V
*1C=hfq_>]pU!{0?{i,WBD}2nElqRDjP7c",Check sum is L
test,"oyC="".4P@ZIb[fKp+DE=Q&2V#}o:Hiz!","Check sum is """
test,"q/GOm6?(#KDXEd,CNfE,3Q0|vmgV#)=""r5",Check sum is I
test,"
r 7J",Check sum is =
test,"TI[)7e{X33t,b41p=\9[a$m>0qLW",Check sum is N
test,qRZB5lmIGC|),Check sum is E
test,"ycUweMtPRSB);r"":N#vXTL&yA/fqY+J*h",Check sum is <
test,"]_^""}}mLj 7QR7R",Check sum is <
test,@%Ch&:QI]iIiGL@3;`Ct%6QCD	M$Z$cf{OzXk,Check sum is 5
test,[Lbl5,Check sum is J
test,#*J5Va5_n\1m4qsz3uE0WfnZ/r]D~^QPd<7Z9jNcz!,Check sum is 2
test,;DlyOaR~Ooe>{,Check sum is  
test,"?C0txx
A78Ki t6*&%8Z-$:UF9[$h%",Check sum is  
test,jr]VeWuD^x_ Bm0eft1?0tQ>dd+.|B5T*r,Check sum is >
test,a3'W6Dn=<]'NfpfusHAgn(d@U:m]aqpF[G]Je-}$ZrN,Check sum is *
test,i|S0E1nA6PU~^zaX<G?	0bRvP,Check sum is L
test,"9Gs[TWd{c3p>
a;.OQs!B'",Check sum is -
test,"nYqSB;5W^. 6g\5z5,H$BV&
63?-y\SfN7h@v6 @z15VZ]",Check sum is &
test,Z{w^.)PSD\Gm[uF5x8wKr7pX?n9>>'e:)sbx,Check sum is $
test,"n$;;3*4T)@tt,@s",Check sum is =
test,"6QFW]5k0|7_n1""6? 3Q7Y~OGT@V-6)M%UM5",Check sum is @
test,";bVAZ0+O0l2[i=ySG%QZf`yBMazr,EP,WG""v",Check sum is H
test,"F
AW#aeEjVze%u<$N5}vOOG
:CEnw4qu~)VX<3I",Check sum is B
test,G{ddOuMx>ERi8B%8m)'WdzmO|9=grawSQN,Check sum is K
test,"7(COaY
K+Q""wElpW%,<Wg18O]sf`",Check sum is F
test,"EBV%3~CBej1t""kM",Check sum is &
test,";,!g	+os(i* -VcpP5rH:q{7=wM4x TY=swAU}h",Check sum is N
test,89JpQ8k?fYb	hH5N,Check sum is [
test,"Yn,rg3<xCs(aWpy$sA1~]Js=fMFJTB`)=|4|e^h",Check sum is &
test,"3%&dFy[|?fSv `D7un0n$#h1s[GQoM@D)z4
ZGysM%{",Check sum is #
test,&o5z)~HvK14A/0/)	h^K:pr=y;-}$%uP5vK%Z,Check sum is E
test,T-Vi4Z7ABb=ivD,Check sum is *
test,"@,V]1p-E.ti;*}_OCaa@u)8Fg0]0sr@V",Check sum is -
test,"}^.m;J'd$WP3)""AD8bE$QtSHP}3SAU!F=%Czkn.fy.4R$b!p1<",Check sum is $
test,{jy/,Check sum is -
test,	JQFd#L}mH\mC9>EGg a'c,Check sum is P
test,CLy\L]	2EiK*!,"Check sum is ,"
test,"vV'S)%
""w@4Fl?_r6S%X'y4EDuNbLzsB	^2v",Check sum is _
test,v8%#O3P(\;>Sd%,Check sum is A
test,"R>7'dm!S*h
tnu'z<8tz;$\",Check sum is D
test,L/(9rz{%x6,Check sum is 6
test,"7q8C}siB1v|:,6i7w|e#w",Check sum is /
test,"%'Q'-{[iIMQIU+vM04+ensqE""1Gk:@",Check sum is M
test,MJiLx<ursVc2NuspU]tL:lJNu |h%.:I	~?M69z'1A2u],Check sum is #
test,ChtHNb'?mj}-n&W_-hk8ahvD-h^A^,Check sum is 5
test,"A[lVaPXJUvsH()1=P+Sk0-hb'.,G}Wyvm+a",Check sum is :
test,"p5qz9tS%fY,i}W5",Check sum is 2
test,"bk8`,[O",Check sum is [
test,"0#41lQfab#j""
l{%lrv?R,6CvZ#Bo
DO}y)",Check sum is -
test,"VXF<@MVS=]Me)*""",Check sum is G
test,"N4Y}z0]KWrsg'|nhFVvXZ=*4:^5\@JLF~FUXmL	{
cFzI1Y#o",Check sum is J
test,D5tq_TEN&Lj<z.{Z(VFA*/J|f`\dkX'[OYl,Check sum is \
test,"vH2zYMvEv.z'4_$`KXzc}-
|q8C9NNAx=C",Check sum is 1
test,:#{H3X9,Check sum is D
test,"jHy{H&Q
	EMP[wS",Check sum is _
test,J^,Check sum is H
test,"'/B2=C78<}%J=U!
Mpf6,\'aaaX+9V!}1t",Check sum is >
test,"	`j%dWODpR)[;\3G7qi
|",Check sum is T
test,"J/5|}cq~zU9kwYeBq:j(~n9
%",Check sum is T
test,%?XJyc1.2-L0	Py]KS]O+^x-KbgzR,Check sum is C
test,"eq""JBQ'(3]dGcN}M-#}rs-)0",Check sum is 2
test,MU\syj8f(hn?@m,Check sum is <
test,"zq@^\PF9|dH$EO
Kv2Tid~;Bt;uE +]YzR""-@
9nU",Check sum is X
test,"UaKMz$y07R
&t0^(i:2E'xBD@VIfCJ!{)0xH/p\DFp",Check sum is S
test,I}2PQ7/X/5bfiNw%yXh^Q<dQgLFZ?S3>=CUOi9^4-K%%0,Check sum is /
test,l.0xJZr,Check sum is 8
test,mY,Check sum is &
test,"MD?i+6E%1X45t2V,F9yc.n<h/{j7.8}""F/4Q+",Check sum is N
test,"v*~x	LPh""mu*%	%EOTEg, 1{)!BXDn!3J",Check sum is D
test,"o~h?XsmBUY*$:Zy3$ph p1X,mT!",Check sum is M
test,=IG@WO%ufk*Q{ Oup2;ey,Check sum is S
test,?XLNK.IQ2_5FZGDqd`A]HBDC{0ejBCAhf83rP{bUbvi,Check sum is '
test,2#(cULlsxF6=H,Check sum is 9
test,"*v08{~r`Y
V l'FV$y_jNT#h0#'-KAYp~-",Check sum is 5
test,SXIJ<Z(zY^?NcDA<g+Om$pZJo;8Q%~9zL;cLpSr51^,Check sum is <
test,";=EM {n7mC.gFV)0L""AVkx~rKB~p?k-blyn]yz,KC:T",Check sum is [
test,".T#K9t%c&5'zBj`*H_5}l6|$ld
n",Check sum is Z
test,"Y\8[z4X<g<
Cll';	Men[b0s{",Check sum is X
test,"'1\`5WW,}""p-v
Oy}7&M9X0'vs0 1",Check sum is @
test,"\
I
q-E1v?$	jKx]38!]A^}E;{L=V}6us(*Kr91Y3Y",Check sum is 1
test,"}
",Check sum is '
test,">^9-NOCS9$I rC!J%)/{6cn,^\)",Check sum is I
test,"oO&+!XU<""F&OhBnVH?eTzs@H#3z%",Check sum is .
test,";rKq-2+YTAE(cf	-~*r#JEmWq{1`(OoA#E:	,_Ad2O@n",Check sum is +
test,4Xx+4Xyge%gitw)Zb^W\.PpA	Ll0,Check sum is V
test,xXgon)8bXARvNy$,Check sum is C
test,v}ZV64Bg?#'PzgXY*6i	LRSsHVWzX$m$k6nU]_9sC|dN,Check sum is 0
test,"HZk6v]OwZ.c%w
",Check sum is M
test,"\(0!0rrQZ8hmqQ_'8sHua7~Z
pTcw4,L+S)""`q*",Check sum is 9
test,"X!tcZ""jJmv9579K","Check sum is ,"
test,"?E%KS
Fm",Check sum is $
test,"O^La7X  wy&_O<#C.:8lwXHx&-<+5)|A=(P-uz+4
hUfeipZW",Check sum is +
test,"Q|i`9o,3T/iTwKt$X:Aq=9_'MKyG-\okeAeA%Z|Z~HO`",Check sum is (
test,"i#0uS[C	?lr	tQ""A9Br,Y&+%2iDp}h6;tB -Dlc8UZx(",Check sum is C
test,A7 PB`,Check sum is *
test,"I^Kx}kXWHe
Me$%5,e(k`",Check sum is L
test,"cJ@3l0K0TSDG)EsI_""\<eWJw
C",Check sum is V
test,#W,Check sum is Z
test,"P%8oW<he$o7hMMoUn?-w)d|i~'(+}"":gP",Check sum is 7
test,EE?MeTHwT@u Sp>vL!f$8R&io!c)IV:d,Check sum is 7
test,Lo L2W;n+xEr2*ZYm._aKBL_wD>SGUjT5n(dve,Check sum is %
test,"&b4zmX^h9	#-%qg9z$zE-e[]L<rH
. Km)hL;,bGb<g/X",Check sum is [
test,"{Q.3L
%Mwp",Check sum is <
test,"jV0Y	XUeQ>]xq[.!:x1Yy$u,)iD",Check sum is S
test,"TZg>T^
;Mq+H	)U_~y(3<+n",Check sum is (
test,/m;@W<,Check sum is J
test,_wL| *,Check sum is H
test,>-nxubZOg]`Q)-A~UuwW(K0mf0VCL,Check sum is ^
test,<2,Check sum is N
test,LQ`F6/RcSv9$QLKQLWK,Check sum is J
test,c~h\;z_iDL-z-A@\E,Check sum is H
test,"I8?""@K>^xk$L$h'?zh(Np7?[k	DH}u/Q5*v	>X",Check sum is -
test,"U*MXb]Al""Ze5s9qXd]""B)1Nb&~*Qd5yP_fDD",Check sum is 8
test,'6ln;kQ3,Check sum is A
test,Ok/Zi)3#V;{~riSM%p{,Check sum is  
test,"IClh""wZ/|)5>[V5cL^{8;VE7yw~>@`H{[s||V,%7?];",Check sum is 7
test,"Lu5+K0]p!6
gqv:5]-{G$Y=",Check sum is -
test,1i>azBL#axFao[Wh*<Sb8>J0fqP+~lp'1 ,Check sum is <
test,MHc3L/Hl]8j=iuE!35C$l4V,Check sum is ?
test,"hmD;:P24QlY>a1>0Pa Gg6*sNFrq""sRwjDOb",Check sum is >
test,bl0Tk!n`}G+Wo{>_(Nbe]AJL2'YYA?GG)0,Check sum is <
test,D_Hn,Check sum is 9
test,_AUW)e#&UKr>5:n+Ae$YrN9QB,Check sum is J
test,"7=R,`
($W",Check sum is _
test,YM2sK.K;Abaux-5sk;o-d*TL'C'.,Check sum is _
test,~Ln2qANzRqOf]DcS\|9J,Check sum is .
test,#q,Check sum is 4
test,"D;U|nIn9@S""7a[nc&^Dkv}Kx)a@83mKb6",Check sum is 5
test,9pmu[*aw0a$NvX|S@1e`!WM	F\#3}*AG$	pWk9()0BHf6vTJ,Check sum is &
test,>qKqcXWAa.X[y^6Ft4V!CVr%k,Check sum is -
test,"22@cPZ:N,rB+?%K,j.9U`-V&%0+3-znNszJj'+vj",Check sum is W
test,itU)OZn@ p,"Check sum is """
test, 5}BPl3W'1GI.o,Check sum is ?
test,[]uD<|gpp]``neE\4el,Check sum is &
test,V% e?^84,Check sum is )
test,"EIBU{|FszT=BxdZ~g0URB1v| Nq6""yhI;qgI>g|h._#!",Check sum is 0
test,o3*=WaK]zA5,Check sum is 9
test,"hHNef5%7""P RL9a-PcK'",Check sum is V
test,"t8s!aj)hhqw^S+}>+4I^S
R(ofJ=e6_V
A9Vxjv-i\",Check sum is P
test,E2#:e[]GLDhAPz,Check sum is [
test,MR:+ PnyMhETs719b+%f,Check sum is 5
test,v2/E}lP]<W'y-_<*xeIf	6A*7r'n,Check sum is +
test,"9B&6C,%=d|^=)yiM#6)XJ""r05<H``))6$4?J",Check sum is %
test,"'OX
2A;O9^{a~7",Check sum is ]
test,	+Q}J)Rg-?l,Check sum is &
test,"b(D~
!MyYH (fBl&36yMxj1d3F",Check sum is _
test,".IG^""QtQx>8$:io?:""z[X{hB9m?"":\y:K;$3 qR_5}",Check sum is &
test,FYE#BV.q|:EUWA7gAL<.K6AklTH@a!o0w>`Bm.@I'4=*[g>,Check sum is .
test,*kd32M!kb,Check sum is 9
test,K*\nGl!h[xZ|\K8;&)5?3zv(M.I94Iw[w>kY$q3bTU`	Fyj!,Check sum is 7
test,e+/!bg1i~p2NTgmEz5k3.a.,Check sum is H
test,"g6sGW8-)+iNB<:01[
\f4CYY(E2&","Check sum is ,"
test,";rlo}fyWzL8%!Yq\Nnz/7Bc`""9^5?A9wOF(8D0jQ|BOJbV<",Check sum is 3
test,"iA1d98_r1F$!{#}s,+4We~NBV -X8`=uVfg{~",Check sum is !
test,"8JR?1"")n![A,D@GB^4T@?'HE	 Ei6<Q'O+M6+:q>b>wZX",Check sum is G
test,"!""""wb =Y`L>azo	/",Check sum is @
test,=2d'ow,Check sum is @
test,_}J	~W4LsA;vU4*BT2HGlo\T}zbsF'L$#T=Pi`%7Xc&	G,Check sum is !
test,Gs0H{m$`*|%/^;{(Mg-SFwQC@f20d>9~CTG'La5_u?)_,Check sum is \
test,nA|+_ndsE@SX4Na6d%q,Check sum is ]
test,o'Q}O5Jc&C	\J!<`=^cglt)m,Check sum is %
test,Cp3v8d,Check sum is X
test,"FJ[_=fRx5Oa'oI(&""ej8dYc0Xc`@v=	_$9mR'l[","Check sum is """
test,=+R1z<,Check sum is A
test,LabO>8+0h7K7sXg30 @_gli_.Qh&_4G,Check sum is F
test,"3n"").=Az=8Sm~dz/M"";?*Zm1'J",Check sum is .
test,"LHGrsk^MbG7H\l]""-*:nf'IIA]^GY",Check sum is _
test,Rb08xz]K7<VQ7e}b +aaHe3Y,Check sum is 1
test,(_ToJ7,Check sum is +
test,"	\TZO^F7;X,%;Egbe)C(g+U+/2,L8~)&A;eg",Check sum is ;
test,"]^,vRio%>tp&{O",Check sum is ^
test,"YG*Z+SGqAo	C)%Q{4*""/bd
.`'.>I(ie@k!eGwPk^])",Check sum is =
test,"oT])hiu)-
B=ueh",Check sum is P
test,",sk)1}$]6&oeI!]+%B-BdYTht Pm<BfR`Oi~}#Kr
7f9uU",Check sum is W
test,5X%[/SCk($Q@m*BD'4D2KL~{bN5{:nn^;l<t3~,Check sum is T
test,"8dIe&f6pKz\QZx%/6\P4x\]X0HauS(GqBmHW	>,",Check sum is U
test,"]2:g1KDkX\D""u{eM*""JDtBdlmIQ7l",Check sum is A
test,WT8wA,Check sum is ;
test,"c$`pD]y'z
QIg(^ND#U*v=~ow<	IMp/Er}wX",Check sum is K
test,I`/;n+1W	lf~dtG5;KoR7!!uzgWl^9@sv0}{iW>&	09,Check sum is X
test,"DV0j0r=sCk]`\Q->)
7s`_[\5""$d5-?%089 ,&",Check sum is 4
test,"E)~Sh`~%rh|XZ:<o""""l-$['(.8i 'F=aq(	vF;%=+pT",Check sum is F
test,"m~9WC.K:ZgVR$nMrL	C	W.1,-ZG7(4
&p_D y+koI",Check sum is Y
test,G\w;b(o`!|~|68IWRS m0QA0NnQc!0~P,Check sum is &
test,"dV_HHqog&gxx:&,kXqb,G	j",Check sum is U
test,re{~)<3b,Check sum is *
test,ZEf71,Check sum is M
test,"h,RO|O@Ev7a0e=73	E3WV|q(<$|B])CrCo4m)8kXvDk:",Check sum is !
test,"Foa
	X",Check sum is !
test,"f8U-`9-hCV
32?N[)e8Fbo",Check sum is ;
test,"jI]=,~vnRL-",Check sum is F
test,"q4UyajX}km\F2[i>nnQV{j[Q{3=1g$v=@
?/EHyLA",Check sum is Z
test,"[t
N5TmV&N^G9_InK_1uy%|""l;w9MCazi:,)v^f",Check sum is ;
test,"%dj_ VDuI{IQ8!z0Jw,7r:&${I",Check sum is  
test,3wR|w_vV,Check sum is :
test,?'Bh0#1FbY~,Check sum is 3
test,>q[Oc+yd2RHp6X5GYtf/sZA^lURTq63,Check sum is 9
test,[eq$hv%syko]L-nf=oLVq]yF[8,Check sum is V
test,"=>ORE 2&hpd)_.[{=)|sctjWQkkI.r<|awG]R
t
F)D>-d4",Check sum is B
test,"o8>wa\#%K-%3""PFnu`[))4XCl5xq^v@(c7)|;j&\/|$>",Check sum is A
test, ff,Check sum is L
test,"H{aE?+8q
J;L04_K)}AU/*Y<C|~^",Check sum is J
test,"}5B	_R(#Jp+yVo$'TNI/my:8@e},r_L7+m; F15|+2,|NYgIi",Check sum is ;
test,bkf],Check sum is 0
test,"]QHBq6hIz>no_Yi|./E*o}:Ta{
'OC",Check sum is G
test,Gg_W\7%pl`LoOjQ4Xb $M,Check sum is <
test,"
%VGA2d6",Check sum is 9
test,"Wq%e,!^`i%W}R73,9H2:hK]tZzKzLq6:elBok{}_*ZUO!Ib",Check sum is 6
test,"PE:q'l4 sTwU&Tc%
R3wE	<[RK$",Check sum is H
test,k!2(3]if-0]BUz5enMt:'#[xqr-e,Check sum is E
test,lMm5$$]2siqlV;GPNY$kDp[OQ%F/Q|9?S`o<b0_o{NR#G=is@5,Check sum is H
test,"_j[[l	F~L%;%{W#.j?*-~Y\pUQIl]4(Qd9=9IS""o4jp","Check sum is """
test,f6,Check sum is <
test,7/iOY\(rj6oolJH3oL+)U-u6r,Check sum is *
test,"DV1<G&ZWN@0sTDm3)MBjbS>G,x1|$aiR*^N",Check sum is 1
test,"W	4""gD}%#naD=`}?R	 rbEy(A[oq",Check sum is #
test,+_B^7+\E>h_	L	6j7P!mJ)n4&E&y}4,Check sum is 5
test,"rl_3$,$rj!<+66TYK <q'	>d""<7o",Check sum is /
test,"!-}-$D[:B_g(
p?cjp*yuejUR(xC]'9<\D_",Check sum is $
test,HB~`Km+Sz7Xa,Check sum is (
test,Ha6Md|1%01pcaX(3`& zx,"Check sum is """
test,9w[mO{;T)Zb4h|nSQxEnO,Check sum is :
test,D|4$ u=7:gD!/ruJSb,Check sum is \
test,7oM.)iD[YyHVym:)l.P2T0),Check sum is 4
test,"'ihS8F(eSL$sHJ|:~]$o-
l6e",Check sum is  
test,"w[}(V)Y{v)&2b.?!}vm(Z/y_
}dR5E=#:ZJ	",Check sum is 8
test,n:DS}M~[5Y=U,"Check sum is """
test,"Nju63{n@|ta^B
2QP",Check sum is -
test,'j@D6Yzy1xAH,Check sum is )
test,-@Fb1w532pxO{p/=UWQ6yN5(L/IK!88,Check sum is <
