set,input1,output1
train,,Check sum is  
train,	,Check sum is )
train,"
",Check sum is *
train,"B
","Check sum is ,"
train,"

",Check sum is 4
train,"

















































",Check sum is T
train,                                                  ,Check sum is  
train,ssssssssssssssssssssssssssssssssssssssssssssssssss,Check sum is V
train,"CD
CD
CD
CD
CD
CD
CD
CD
CD
CD
CD
CD
CD
CD
CD
CD
CD",Check sum is 7
train,"x
y x
y x
y x
y x
y x
y x
y x
y x
y x
y x
y x
y x
",Check sum is &
train," 
 
 
 
 
 
 
 
 
 
 
 
 
 
 
 
 
 
 
 
 
 
 
 
 
",Check sum is :
train, ,Check sum is @
train,!,Check sum is A
train,"""",Check sum is B
train,#,Check sum is C
train,$,Check sum is D
train,%,Check sum is E
train,&,Check sum is F
train,',Check sum is G
train,(,Check sum is H
train,),Check sum is I
train,*,Check sum is J
train,+,Check sum is K
train,",",Check sum is L
train,-,Check sum is M
train,.,Check sum is N
train,/,Check sum is O
train,0,Check sum is P
train,1,Check sum is Q
train,2,Check sum is R
train,3,Check sum is S
train,4,Check sum is T
train,5,Check sum is U
train,6,Check sum is V
train,7,Check sum is W
train,8,Check sum is X
train,9,Check sum is Y
train,:,Check sum is Z
train,;,Check sum is [
train,<,Check sum is \
train,=,Check sum is ]
train,>,Check sum is ^
train,?,Check sum is _
train,@,Check sum is  
train,A,Check sum is !
train,B,"Check sum is """
train,C,Check sum is #
train,D,Check sum is $
train,E,Check sum is %
train,F,Check sum is &
train,G,Check sum is '
train,H,Check sum is (
train,I,Check sum is )
train,J,Check sum is *
train,K,Check sum is +
train,L,"Check sum is ,"
train,M,Check sum is -
train,N,Check sum is .
train,O,Check sum is /
train,P,Check sum is 0
train,Q,Check sum is 1
train,R,Check sum is 2
train,S,Check sum is 3
train,T,Check sum is 4
train,U,Check sum is 5
train,V,Check sum is 6
train,W,Check sum is 7
train,X,Check sum is 8
train,Y,Check sum is 9
train,Z,Check sum is :
train,[,Check sum is ;
train,\,Check sum is <
train,],Check sum is =
train,^,Check sum is >
train,_,Check sum is ?
train,`,Check sum is @
train,a,Check sum is A
train,b,Check sum is B
train,c,Check sum is C
train,d,Check sum is D
train,e,Check sum is E
train,f,Check sum is F
train,g,Check sum is G
train,h,Check sum is H
train,i,Check sum is I
train,j,Check sum is J
train,k,Check sum is K
train,l,Check sum is L
train,m,Check sum is M
train,n,Check sum is N
train,o,Check sum is O
train,p,Check sum is P
train,q,Check sum is Q
train,r,Check sum is R
train,s,Check sum is S
train,t,Check sum is T
train,u,Check sum is U
train,v,Check sum is V
train,w,Check sum is W
train,x,Check sum is X
train,y,Check sum is Y
train,z,Check sum is Z
train,{,Check sum is [
train,|,Check sum is \
train,},Check sum is ]
train,~,Check sum is ^
train,o1,Check sum is @
train,81,Check sum is I
train,R%,Check sum is W
train,/^,Check sum is -
train,x=,Check sum is U
train,KM,Check sum is 8
train,k+,Check sum is 6
train,Ap,Check sum is Q
train,QK,Check sum is <
train,"""6",Check sum is 8
train,jE,Check sum is O
train,g9,Check sum is @
train,Jf,Check sum is P
train,-R,Check sum is _
train,](,Check sum is %
train,+9,Check sum is D
train,"""Q",Check sum is S
train,6U,Check sum is +
train,h9,Check sum is A
train,@^,Check sum is >
train,#\,Check sum is _
train,!_,Check sum is  
train,6c,Check sum is 9
train,H],Check sum is E
train,ed,Check sum is )
train,rf,Check sum is 8
train,d',Check sum is +
train,':,Check sum is A
train,S=,Check sum is 0
train,\&,"Check sum is """
train,K8,Check sum is #
train,^U,Check sum is S
train,R},Check sum is /
train,[m,Check sum is (
train,WL,Check sum is C
train,EG,"Check sum is ,"
train,fP,Check sum is V
train,=Z,Check sum is 7
train,wU,"Check sum is ,"
train,%*,Check sum is /
train,x=,Check sum is U
train,;*,Check sum is E
train,D6,Check sum is Z
train,'t,Check sum is ;
train,0F,Check sum is V
train,1#,Check sum is 4
train,X;,Check sum is 3
train,"
2",Check sum is \
train,hk,Check sum is 3
train,8S,Check sum is +
train,4],Check sum is 1
train,Gr,Check sum is Y
train,%j,Check sum is /
train,_g,Check sum is &
train,_+,Check sum is *
train,r2o,Check sum is 3
train,UX`,Check sum is -
train,9f;,Check sum is :
train,d^p,Check sum is R
train,/Zd,Check sum is M
train,:_4,Check sum is -
train,&&f,Check sum is R
train,8|u,Check sum is I
train,M<v,Check sum is _
train,9iI,Check sum is K
train,"c
7",Check sum is D
train,HU_,Check sum is \
train, #V,Check sum is 9
train,XpH,Check sum is 0
train,GNu,Check sum is *
train,aoT,Check sum is D
train,.+U,Check sum is N
train,mdU,Check sum is F
train,O}k,Check sum is W
train,OG),Check sum is _
train,fAQ,Check sum is X
train,=Xo,Check sum is $
train,SW$,Check sum is .
train,o+*,Check sum is $
train,"
t%",Check sum is C
train,mN%,Check sum is @
train,b@O,Check sum is Q
train,4 N,Check sum is B
train,v7z,Check sum is G
train,&*(,Check sum is X
train,;a+,Check sum is '
train,'lV,Check sum is I
train,^UF,Check sum is Y
train,*#x,Check sum is %
train,5Ym,Check sum is [
train,>`1,Check sum is /
train,R}t,Check sum is #
train,@2s,Check sum is E
train,IM/,Check sum is %
train,~3i,Check sum is :
train,"
b]",Check sum is )
train,`G5,Check sum is <
train,iBQ,Check sum is \
train,CHH,Check sum is 3
train,'4I,Check sum is D
train,88t,Check sum is D
train,qhs,"Check sum is ,"
train,",""M",Check sum is ;
train,Wwy,Check sum is '
train,3(z,Check sum is 5
train,"{b~X=>^7\|hfc:i<I~k4TxIIp
<h,"" 1:w/\aUm\""D",Check sum is -
train,"I};M(\WxqFI3|_uOE;d	!nnrTR5G/cNw?KXc$'4%De1(,^0N",Check sum is [
train,'x]qX^i[,Check sum is G
train,l%iT<;G7B-DAelE8G3~mO5w4)b*H[!t1V%yt;,Check sum is :
train,\RD=J]<fnqC4,Check sum is .
train,)bAbHH26p5W},Check sum is ?
train,76l=~LqD3$>K5w,Check sum is A
train,"n4!Dk_}.{\fY%@qg<-}~xp.<Y*&+$z:Y""Q<`",Check sum is 9
train,"sgx}D,rhhPv(_4LY",Check sum is G
train,"/[:ybzY<K}1H*}bd%[}tA(#amJEP&kApf$""V]",Check sum is G
train,"&o #rue|k<-`j.(Benj-:O|A#RN8tXZdJ#lp""IuxP0xO|!JTI",Check sum is W
train,"O5*IL>kV-s""@9V#~aTI)ax",Check sum is T
train,"[J'$\E?|_H%w=|nW-pB(5""J\8T4'q]nH7",Check sum is S
train,<ZJ`^25<s>>~<F_.)gI3	.+hANh (GE\E@10>qVq'lUq*:2Rvt,Check sum is !
train,A@s	g5,Check sum is 9
train,"kVY1XQOs""",Check sum is 8
train,]X DT~?jC6->J#K>^6c}bh%<&|lL4fx'^Q!y~2,Check sum is 9
train,"?*&mN{#Td>XJQT}VI,a:bj)k)7A-*l_ArC(r+a@",Check sum is '
train,1UB6_`l:%:G	<f(+5,Check sum is \
train,"J*<d^9g{H,MaB&+""8%ZrMexs<lZwE1U=$.}~",Check sum is X
train,"]$HGS+|'&JDY'^^D yeIhfI8~'(HF*%4Y;Ij~m""""""*M55",Check sum is 2
train, k	t1,Check sum is Y
train,"\;M^&V8XJ
ZxaW9orMtkv",Check sum is H
train,NA`pk3k+KSE yY2n^ouxM4]~'ZC8+R,Check sum is 7
train,M$RYAmA$I4Sc-?x#JN[@%0k,Check sum is <
train,Te,Check sum is Y
train,"TZlYrWQ bNn#\:Jp,j;3{",Check sum is ]
train,"tt8t]1
LorEJS",Check sum is [
train,<yo+N2VX,Check sum is ]
train,s[7ZU,Check sum is T
train,"N
:U?",Check sum is F
train,"[eSk_wYGMt!UBR$_M5pm83?n'7-R%#x9r""2HJf8",Check sum is %
train,D%cgQ:EX6lQ=?(5zATUlndSP=K9jAQFic'o.j,Check sum is I
train,"	""XB!%alw+.8; R``U$0:r?^+i/_:by8`wQn7as",Check sum is /
train,)^nn }-Tm8#U>pf4>1:xy[}(.NgXfiGG[]%X7kFWV!G,Check sum is *
train,"_Rf#(	[QD$}~O:4iAv
3/$N",Check sum is U
train,bVu5WK~mo}r>22Obrz#,Check sum is O
train,9D:LnL	\&L4LQcR]_,Check sum is 6
train,S;NcU3MLWi8Z+ !4nR>VkXN	,Check sum is  
train,mVs]hvzQJt|;zoG>\Y@'vVfs0{[U/<U;-,Check sum is C
train,",*{R.qJS0>h""ET#J<e_:/ik:tL.hmyj@c!Nsm"")C~",Check sum is X
train,"2SsylVmLE*T,Af","Check sum is """
train,"Y]s#?^QPJfZ7gZ(Y|;Ao^C>h0wdxA9,""g`D92V6}RJnzS	",Check sum is E
train,4/H!0/x[B!1Sy7wck.($Sq|MJdzI6PM(>w*X_|_Pp,Check sum is ^
train,h 9@+5oP)%xgR`F	w_E ls))%,Check sum is ?
train,".?vxs:3z$qpv]|""ArPesr",Check sum is X
train,tyb&5DINXS%lpdqT8;LSkUd.Oqh0k=-a9Do&{-v$0a@>,Check sum is O
train,"d 4,%t:Bkf9_wRq ^'m!
%yVfQ>r?oB.,kN",Check sum is W
train,"\'-iEKQ	c2eM+""$?,$Eo&_f?'`Mf",Check sum is B
train,iA1X0{Bmo,Check sum is \
train,2C}Bj?#%FN]^.sN(uXTdU_n>z<7p/p17,Check sum is 4
train,"S&+G'76Q""D\z&Lm-Ww]>D>^BM4,;$#""J>|p
*b+`I2?	'68o",Check sum is 0
train,7%Cy;UaRqzj)^Pvt91,Check sum is ;
train,t`NQSI.8BBN,Check sum is '
train,"%?Ex>|""1~.aSed&TQMK@PR6x%y2i]-PgaS);OMX7-",Check sum is T
train,"jxF~0/*H_%:E|l|9d>/3i	z4Kop7<\E%s
TxIH:oSh",Check sum is <
train,<%];Bc|jNg,Check sum is Y
train,"m8=.}7>M
V.TT>",Check sum is #
train,V4qM!X/rU6o+yq*|e>T,Check sum is .
train,8V<TQezdoQ~iXC+Q%PXs|+!Jx[.='#	t/Jm=,Check sum is J
train,41l062Hw!7,Check sum is  
train,UuUoZ^?{VjocO6@g=8}4J@bUY<X,Check sum is 2
train,"[ISD4j0-Ws
<",Check sum is &
train,"<L9-NHH <MDMA8e,XN'oU	chVD*d",Check sum is =
train,"M1f,ll;x2",Check sum is -
train,	hf+1$~>mCF	3v;){i8y{Bv;*UUpQc,Check sum is :
train,T2EygE^xFaI+>g 0q883CB5OXLMeH!_zV]T5I=iHj=g-W }>z|,Check sum is A
train,0'=a1%lI,Check sum is  
train,tB1r7#&Hx,Check sum is 9
train,)6-Q4J9-h.uwvkEm/zB3/noFb,Check sum is H
train,"voPRLvs""NO""0bp8w3=uZQMaF/Zyb3}A
h""'#4",Check sum is Y
train,"-aumx0OMV}?	r8vV?n5l8""I7q;m)i8
jT8B'Uzc86e",Check sum is ^
train,"UJ`6s]))c	=""",Check sum is B
train,@/Yt[mDUb']r ,Check sum is 5
train,"z4h=MzUpEHr\~V
$vT G&jDxX
2~@zlR1x^'",Check sum is Q
train,"m?eYZlN}+[IjwF]90M""^3hgRe~S\f`0cjrD48u~=
7",Check sum is  
train,rJ*6,Check sum is <
train,d;c,"Check sum is """
train,]J4,Check sum is ;
train,v(.Ur#aH2s13>%G/qdd!v7+i%xJDJ:~z,Check sum is #
train,z&d?**@MPN_	#/DVRr[EZTw8yF1%fP=ti	l,Check sum is Q
train,"]l=|""~up75EP0S",Check sum is +
train,C0^|,Check sum is -
train,"?N7z~d<l{-
K[""88i}",Check sum is 8
train,"QrGza7kgEmL_&T^s;Q7F$rI^4""E[7+bE5{K#n7ME:KS",Check sum is (
train,R*E&%W,Check sum is C
train,"IDo_!?(b"",Rztys;0Sh<4O@2"";Q%M:OH|}uInkI%q0~`5",Check sum is Y
train,7B+7-Y,Check sum is A
train,y	y,Check sum is [
test,IK,Check sum is 4
test,OY,Check sum is H
test,%2,Check sum is 7
test,yU,Check sum is .
test,fP,Check sum is V
test,+z,Check sum is E
test,)>,Check sum is G
test,.q,Check sum is ?
test,3s,Check sum is F
test,^B,Check sum is @
test,Ql,Check sum is ]
test,ik,Check sum is 4
test,"y""",Check sum is ;
test,%+,Check sum is 0
test,dE,Check sum is I
test,oH,Check sum is W
test,W(,Check sum is _
test,V3,Check sum is )
test,"{
",Check sum is %
test,av,Check sum is 7
test,Bg,Check sum is I
test,:0,Check sum is J
test,F2,Check sum is X
test,j!,Check sum is +
test,v],Check sum is 3
test,'t,Check sum is ;
test,""")",Check sum is +
test,:_,Check sum is 9
test,HR,Check sum is :
test,HA,Check sum is )
test,+F,Check sum is Q
test,5=,Check sum is R
test,"4""",Check sum is 6
test,7H,Check sum is _
test,=e,Check sum is B
test,<E,Check sum is !
test,xB,Check sum is Z
test,&K,Check sum is Q
test,1L,Check sum is ]
test,Id,Check sum is M
test,O5,Check sum is $
test,@L,"Check sum is ,"
test,G#,Check sum is J
test,H/,Check sum is W
test,v>,Check sum is T
test,i1,Check sum is :
test,u4,Check sum is I
test, i,Check sum is )
test,.O,Check sum is ]
test,O(,Check sum is W
test,`],Check sum is ]
test,hu,Check sum is =
test,}N,Check sum is +
test,*2,Check sum is <
test,j<,Check sum is F
test,4D,Check sum is X
test,1D,Check sum is U
test,5>,Check sum is S
test,I@,Check sum is )
test,o!,Check sum is 0
test,=V,Check sum is 3
test,:Y,Check sum is 3
test,A5,Check sum is V
test,"
3",Check sum is ]
test,x5,Check sum is M
test,4-,Check sum is A
test,"C""",Check sum is E
test,+t,Check sum is ?
test,DF,Check sum is *
test,Km,Check sum is X
test,?2,Check sum is Q
test,VP,Check sum is F
test,"""]",Check sum is _
test,wW,Check sum is .
test,rS,Check sum is %
test,i ,Check sum is )
test,c#,Check sum is &
test,j{,Check sum is E
test,40,Check sum is D
test,hH,Check sum is P
test,'w,Check sum is >
test,"d,",Check sum is 0
test,"',",Check sum is 3
test,%4,Check sum is 9
test,9+,Check sum is D
test,RR,Check sum is D
test,bm,Check sum is /
test,]7,Check sum is 4
test,#+,Check sum is .
test,zq,Check sum is K
test,KO,Check sum is :
test,Yd,Check sum is ]
test,_x,Check sum is 7
test,9A,Check sum is Z
test,)m,Check sum is 6
test,%],"Check sum is """
test,"A""",Check sum is C
test,g$,Check sum is +
test,i2,Check sum is ;
test,z?,Check sum is Y
test,gH,Check sum is O
test,u*,Check sum is ?
test,uo,Check sum is D
test,0W,Check sum is '
test,U$,Check sum is Y
test,fp,Check sum is 6
test,lG,Check sum is S
test,n#,Check sum is 1
test,Tt,Check sum is (
test,Z<,Check sum is 6
test,?!,Check sum is @
test,nZ,Check sum is (
test,:`,Check sum is :
test,8W,Check sum is /
test,h9,Check sum is A
test,dG,Check sum is K
test,l6,Check sum is B
test,.u,Check sum is C
test,-#,Check sum is 0
test,%V,Check sum is [
test,A<,Check sum is ]
test,/\,Check sum is +
test,#c,Check sum is &
test,4w,Check sum is K
test,<5,Check sum is Q
test,|z,Check sum is V
test,ie,Check sum is .
test,PG,Check sum is 7
test,"
M",Check sum is 7
test,"-,",Check sum is 9
test,2;,Check sum is M
test,4P,Check sum is $
test,S&,Check sum is Y
test,g=,Check sum is D
test,8?,Check sum is W
test,q4,Check sum is E
test,"
7",Check sum is !
test,%P,Check sum is U
test,<r,Check sum is N
test,NU,Check sum is C
test,[m,Check sum is (
test,"k,",Check sum is 7
test,P9,Check sum is )
test,Wc,Check sum is Z
test,ar,Check sum is 3
test,In,Check sum is W
test,Dw,Check sum is [
test,Oh,Check sum is W
test,/N,Check sum is ]
test,W9,Check sum is 0
test,R*,Check sum is \
test,sy,Check sum is L
test,C1,Check sum is T
test,D<,Check sum is  
test,c4,Check sum is 7
test,i],Check sum is &
test,T1,Check sum is %
test,6B,Check sum is X
test,qm,Check sum is >
test,gB,Check sum is I
test,;	,Check sum is $
test,NO,Check sum is =
test,"&""",Check sum is (
test,4%,Check sum is 9
test,]7,Check sum is 4
test,al,Check sum is -
test,U2,Check sum is '
test,",0",Check sum is <
test, M,Check sum is M
test,?s,Check sum is R
test,(*,Check sum is 2
test,!0,Check sum is 1
test,!z,Check sum is ;
test,Db,Check sum is F
test,w&,Check sum is =
test,+4,Check sum is ?
test,Ko,Check sum is Z
test,'[,"Check sum is """
test,Wj,Check sum is !
test,cr,Check sum is 5
test,XQ,Check sum is I
test,"""z",Check sum is <
test,K$,Check sum is O
test,X),Check sum is !
test,e!,Check sum is &
test,nE,Check sum is S
test,kq,Check sum is <
test,hB,Check sum is J
test,k<,Check sum is G
test,	',Check sum is P
test,jT,Check sum is ^
test,|4,Check sum is P
test,Gi,Check sum is P
test,JD,Check sum is .
test,EQ,Check sum is 6
test,R-,Check sum is _
test,&&,"Check sum is ,"
test, p,Check sum is 0
test,sE,Check sum is X
test,oG,Check sum is V
test,7;,Check sum is R
test,S9,"Check sum is ,"
test,PE,Check sum is 5
test,(!,Check sum is )
test,TN,Check sum is B
test,7a,Check sum is 8
test,y-,Check sum is F
test,7Y,Check sum is 0
test,GG,Check sum is .
test,/v,Check sum is E
test,K;,Check sum is &
test,B0,Check sum is R
test,p=,Check sum is M
test,lO,Check sum is [
test,[U,Check sum is P
test,#G,Check sum is J
test,tF,Check sum is Z
test,!5,Check sum is 6
test,p^,Check sum is .
test,#z,Check sum is =
test,"O""",Check sum is Q
test,R),Check sum is [
test,?&,Check sum is E
test,qv,Check sum is G
test,$%,Check sum is )
test,"""x",Check sum is :
test,YQ,Check sum is J
test,w6,Check sum is M
test,Hp,Check sum is X
test,S6,Check sum is )
test,<C,Check sum is _
test,}d,Check sum is A
test,PX,Check sum is H
test, A,Check sum is A
test,If,Check sum is O
test,;K,Check sum is &
test,ZZ,Check sum is T
test,g ,Check sum is '
test, X,Check sum is X
test,Z[,Check sum is U
test,uI,Check sum is ^
test,2%,Check sum is 7
test,ei,Check sum is .
test,]z,Check sum is 7
test,-k,Check sum is 8
test,ds,Check sum is 7
test,1K,Check sum is \
test,1E,Check sum is V
test,a',Check sum is (
test,)v,Check sum is ?
test,H',Check sum is O
test,Q7,Check sum is (
test,XE,Check sum is =
test,IH,Check sum is 1
test, 2,Check sum is 2
test,|#,Check sum is ?
test,w9,Check sum is P
test,Fq,Check sum is W
test,Jh,Check sum is R
test,Lb,Check sum is N
test,w|,Check sum is S
test,)`,Check sum is )
test,":
",Check sum is $
test,Sa,Check sum is T
test,^q,Check sum is /
test,)j,Check sum is 3
test,c`,Check sum is #
test,-.,Check sum is ;
test,|<,Check sum is X
test,]:,Check sum is 7
test,4d,Check sum is 8
test,$h,"Check sum is ,"
test,Lq,Check sum is ]
test,#/,Check sum is 2
test,F5,Check sum is [
test,7S,Check sum is *
test,0P,Check sum is  
test,u8,Check sum is M
test,&U,Check sum is [
test,u),Check sum is >
test," ""","Check sum is """
test,ws,Check sum is J
test,2c,Check sum is 5
test,z*,Check sum is D
test,th,Check sum is <
test,ag,Check sum is (
test,ls,Check sum is ?
test,07,Check sum is G
test,P8,Check sum is (
test,?N,Check sum is -
test,S;,Check sum is .
test,xu,Check sum is M
test,2C,Check sum is U
test,};,Check sum is X
test,"6,",Check sum is B
test,a$,Check sum is %
test,tb,Check sum is 6
test,0H,Check sum is X
test,of,Check sum is 5
test,\b,Check sum is ^
test,D_,Check sum is C
test,:I,Check sum is #
test,vd,Check sum is :
test,DZ,Check sum is >
test,.@,Check sum is N
test,"~,",Check sum is J
test,2u,Check sum is G
test,G{,"Check sum is """
test,{t,Check sum is O
test,hZ,"Check sum is """
test,h_,Check sum is '
test,KL,Check sum is 7
test,X9,Check sum is 1
test,QE,Check sum is 6
test,-x,Check sum is E
test,{{,Check sum is V
test,q6,Check sum is G
test,{],Check sum is 8
test,7J,Check sum is !
test,B^,Check sum is @
test,[e,Check sum is  
test, U,Check sum is U
test,Uw,"Check sum is ,"
test,a-,Check sum is .
test,Kl,Check sum is W
test,}T,Check sum is 1
test,V&,Check sum is \
test,lh,Check sum is 4
test,r1,Check sum is C
test,fJ,Check sum is P
test,sG,Check sum is Z
test,}K,Check sum is (
test,	G,Check sum is 0
test,(_,Check sum is '
test,Mg,Check sum is T
test,i@,Check sum is I
test,"S,",Check sum is _
test,@\,Check sum is <
test,Ja,Check sum is K
test,"x
","Check sum is """
test,E?,Check sum is $
test,ql,Check sum is =
test,<M,Check sum is )
test,EQ,Check sum is 6
test,1:,Check sum is K
test,6=,Check sum is S
test,M*,Check sum is W
test,~~,Check sum is \
test,\&,"Check sum is """
test,:7,Check sum is Q
test,"R,",Check sum is ^
test,T0,Check sum is $
test,/2,Check sum is A
test,Rq,Check sum is #
test,*>,Check sum is H
test,lV,"Check sum is """
test,+ ,Check sum is +
test,"l""",Check sum is .
test,~8,Check sum is V
test,Eg,Check sum is L
test,"""-",Check sum is /
test,dN,Check sum is R
test,0C,Check sum is S
test,\{,Check sum is 7
test,a0,Check sum is 1
test,E=,"Check sum is """
test,oT,Check sum is #
test,+D,Check sum is O
test,SP,Check sum is C
test,E~,Check sum is #
test,<&,Check sum is B
test,Le,Check sum is Q
test,`D,Check sum is D
test,WJ,Check sum is A
test,e_,Check sum is $
test,"Z,",Check sum is &
test,Z%,Check sum is _
test,%R,Check sum is W
test,"""^",Check sum is  
test,t;,Check sum is O
test,&%,Check sum is +
test,&c,Check sum is )
test,U?,Check sum is 4
test,O*,Check sum is Y
test,Vh,Check sum is ^
test,Zy,Check sum is 3
test,W{,Check sum is 2
test,+8,Check sum is C
test,ex,Check sum is =
test,9^,Check sum is 7
test,Tm,Check sum is !
test,6q,Check sum is G
test,*a,Check sum is +
test,}',Check sum is D
test,p(,Check sum is 8
test,uJ,Check sum is _
test,	],Check sum is F
test,7q,Check sum is H
test,$],Check sum is !
test,-0,Check sum is =
test,;\,Check sum is 7
test," ""","Check sum is """
test,9y,Check sum is R
test,^5,Check sum is 3
test,$N,Check sum is R
test,]0,Check sum is -
test,"
[",Check sum is E
test,6%,Check sum is ;
test,".
",Check sum is X
test,6L,"Check sum is """
test,+%,Check sum is 0
test,O~,Check sum is -
test,<p,Check sum is L
test,+7,Check sum is B
test,"
""",Check sum is L
test,9>,Check sum is W
test,b`,"Check sum is """
test,K4,Check sum is _
test,_Q,Check sum is P
test,Nl,Check sum is Z
test,2%,Check sum is 7
test,3m,Check sum is @
test,T	,Check sum is =
test,OS,Check sum is B
test,B.,Check sum is P
test,UO,Check sum is D
test,/!,Check sum is 0
test,r+,Check sum is =
test,]N,Check sum is K
test,_G,Check sum is F
test,/*,Check sum is 9
test,o3,Check sum is B
test,5O,Check sum is $
test,bd,Check sum is &
test,$V,Check sum is Z
test,(3,Check sum is ;
test,Wq,Check sum is (
test,iA,Check sum is J
test,:?,Check sum is Y
test,c*,Check sum is -
test,x/,Check sum is G
test,M5,"Check sum is """
test,4@,Check sum is T
test,`R,Check sum is R
test,8+,Check sum is C
test,7a,Check sum is 8
test,"C,",Check sum is O
test,sm,Check sum is @
test,MM,Check sum is :
test,te,Check sum is 9
test,Y$,Check sum is ]
test,XN,Check sum is F
test,n',Check sum is 5
test,Gu,Check sum is \
test,Xy,Check sum is 1
test,QN,Check sum is ?
test,i),Check sum is 2
test,-q,Check sum is >
test,)Z,Check sum is #
test,|9,Check sum is U
test,<~,Check sum is Z
test,"d,",Check sum is 0
test,[=,Check sum is 8
test, O,Check sum is O
test,U?,Check sum is 4
test,&4,Check sum is :
test,/i,Check sum is 8
test,A?,Check sum is  
test,xw,Check sum is O
test,)=,Check sum is F
test,dJ,Check sum is N
test,;6,Check sum is Q
test,T5,Check sum is )
test,1c,Check sum is 4
test,tl,Check sum is @
test,ig,Check sum is 0
test,o:,Check sum is I
test,@f,Check sum is F
test,S3,Check sum is &
test,;@,Check sum is [
test,zY,Check sum is 3
test,d	,Check sum is M
test,#},Check sum is @
test,NU,Check sum is C
test,Fy,Check sum is _
test,3/,Check sum is B
test,7P,Check sum is '
test,&b,Check sum is (
test,Ww,Check sum is .
test,HW,Check sum is ?
test,"""J",Check sum is L
test,`8,Check sum is 8
test,rN,Check sum is  
test,'\,Check sum is #
test,4y,Check sum is M
test,	[,Check sum is D
test,IT,Check sum is =
test,@<,Check sum is \
test,a(,Check sum is )
test,d',Check sum is +
test,dM#,Check sum is 4
test,2{&,Check sum is 3
test,<qA,Check sum is N
test,-aB,Check sum is 0
test,afA,Check sum is (
test,	&j,Check sum is 9
test,}R	,Check sum is 8
test,v_],Check sum is R
test,",)#",Check sum is X
test,\6<,Check sum is .
test,K\a,Check sum is (
test,T$r,Check sum is J
test,$	C,Check sum is P
test,;|{,Check sum is R
test,)wW,Check sum is W
test,xDh,Check sum is D
test,XB1,Check sum is +
test,"""	3",Check sum is >
test,fH%,Check sum is 3
test,1kF,Check sum is B
test,uVk,Check sum is V
test,7'1,Check sum is /
test,9o;,Check sum is C
test,XHG,Check sum is G
test,;6~,Check sum is O
test,itX,Check sum is U
test,"ho""",Check sum is Y
test,;L>,Check sum is %
test,cRw,Check sum is L
test,=K	,Check sum is 1
test,rYS,Check sum is >
test,d7@,Check sum is ;
test,mP+,Check sum is H
test,nhg,Check sum is ]
test,BdJ,Check sum is P
test,=>A,Check sum is \
test,ahF,Check sum is /
test,mY4,Check sum is Z
test,'/x,Check sum is .
test,:Em,Check sum is L
test,1-(,Check sum is &
test,Wb},Check sum is V
test,:L~,Check sum is $
test,"cO,",Check sum is >
test,l'c,Check sum is V
test,r!',Check sum is Z
test,r_>,Check sum is /
test,{E],Check sum is =
test,:`T,Check sum is N
test,:g3,Check sum is 4
test,2E;,Check sum is R
test,|\|,Check sum is 4
test, U.,Check sum is C
test,lZ<,"Check sum is """
test,tLg,Check sum is G
test,dg.,Check sum is Y
test,2? ,Check sum is 1
test,&G[,Check sum is (
test,({.,Check sum is 1
test,n7U,Check sum is Z
test,;q[,Check sum is '
test,mTC,Check sum is $
test,eHa,Check sum is .
test,1YI,Check sum is 3
test,FmZ,Check sum is -
test,hx.,Check sum is .
test,uMb,Check sum is D
test,I2K,Check sum is &
test,"hc
",Check sum is 5
test,4ei,"Check sum is """
test,>t.,Check sum is @
test,6><,Check sum is P
test,}~H,Check sum is #
test,7TP,Check sum is ;
test,b)`,Check sum is K
test,Bay,Check sum is <
test,]kv,Check sum is ^
test,-7u,Check sum is 9
test,|rl,Check sum is :
test,b!=,Check sum is  
test,;5E,Check sum is U
test,:Hy,Check sum is [
test,L4F,Check sum is &
test,>G0,Check sum is U
test,EX^,Check sum is [
test,)}3,Check sum is 9
test,	NN,Check sum is E
test,`Aa,"Check sum is """
test,";/
",Check sum is T
test, kG,Check sum is 2
test,TGr,Check sum is -
test,"&}""",Check sum is %
test,]#F,Check sum is &
test,_'e,Check sum is K
test,|4N,Check sum is ^
test,4}\,Check sum is -
test, ?c,"Check sum is """
test,vCm,Check sum is F
test,;X$,Check sum is W
test,@/d,Check sum is 3
test,N9e,Check sum is L
test,h[n,Check sum is Q
test,IWY,Check sum is Y
test,R1q,Check sum is T
test,z59,Check sum is H
test,'m9,Check sum is -
test,MT{,Check sum is <
test,"G',",Check sum is :
test,""":q",Check sum is -
test,u {,Check sum is 0
test,0Ql,Check sum is M
test,C<C,"Check sum is """
test,rTg,Check sum is M
test,O9b,Check sum is J
test,b?K,Check sum is L
test,8Np,Check sum is V
test,h}^,Check sum is #
test,l]j,Check sum is S
test,Qic,Check sum is =
test,H@ ,Check sum is H
test,@J5,Check sum is _
test,3`=,Check sum is 0
test,i\4,Check sum is Y
test,)-m,Check sum is #
test,OA5,Check sum is %
test,L(X,"Check sum is ,"
test,\/Z,Check sum is E
test,n5G,Check sum is J
test,el^,Check sum is O
test,"&,.",Check sum is  
test,"
4 ",Check sum is >
test,cuo,Check sum is '
test,XKy,Check sum is <
test,QOT,Check sum is T
test,=Z<,Check sum is 3
test,)3n,Check sum is *
test,",d2","Check sum is """
test,D(E,Check sum is Q
test,lat,Check sum is !
test,"a
U",Check sum is  
test,c*n,Check sum is [
test,^#{,Check sum is \
test,'fI,Check sum is 6
test,Bs9,Check sum is N
test,D[l,Check sum is +
test,`vV,Check sum is L
test,Kq',Check sum is C
test,=G+,Check sum is O
test,]s;,Check sum is +
test,]/N,Check sum is :
test,~?b,Check sum is ?
test,.lp,Check sum is *
test,Ncy,Check sum is J
test,B!d,Check sum is '
test,XM:,Check sum is ?
test,_fG,"Check sum is ,"
test,s6y,Check sum is B
test,	^9,Check sum is @
test,e2X,Check sum is O
test,$@L,Check sum is P
test,O\7,Check sum is B
test,\=K,Check sum is D
test,"n
m",Check sum is E
test,|aQ,Check sum is N
test,9/&,Check sum is .
test,"=
Q",Check sum is 8
test,X/x,Check sum is _
test,E	},Check sum is +
test,J;f,Check sum is K
test,\4t,Check sum is $
test,5Fs,Check sum is N
test,(:p,Check sum is 2
test,CwF,Check sum is  
test,Z|@,Check sum is 6
test,GRX,Check sum is Q
test,{*c,Check sum is (
test,`I0,Check sum is 9
test,I%F,Check sum is T
test,"H;""",Check sum is E
test,vW{,Check sum is (
test,3u	,Check sum is Q
test, P[,Check sum is +
test,vA	,Check sum is  
test,iDV,Check sum is #
test,{#B,Check sum is @
test,tqV,Check sum is [
test,k>+,Check sum is 4
test,+8n,Check sum is 1
test,/{r,Check sum is <
test,"
9u",Check sum is X
test,QKq,Check sum is -
test,Cr5,Check sum is J
test,	zb,Check sum is E
test,wi=,Check sum is =
test,!!K,Check sum is -
test,xsw,Check sum is B
test,#A`,Check sum is $
test,&SB,Check sum is [
test,5!A,Check sum is 7
test,X8p,Check sum is  
test,i!Y,Check sum is C
test,".
*",Check sum is B
test,Jg7,Check sum is H
test,k]K,Check sum is 3
test,0br,Check sum is $
test,",
;",Check sum is Q
test,Y5),Check sum is W
test,FT*,Check sum is $
test,KMF,Check sum is >
test,~GP,Check sum is 5
test,M`Z,Check sum is '
test,N.E,Check sum is !
test,WAx,Check sum is 0
test,Zdm,Check sum is K
test,0IS,"Check sum is ,"
test,zYw,Check sum is *
test,Rfr,Check sum is J
test,>f],Check sum is !
test,Asj,Check sum is >
test, Uu,Check sum is J
test,	zL,Check sum is /
test,RJo,Check sum is +
test,k*],Check sum is R
test,U-),Check sum is K
test,J@.,Check sum is X
test,akt,Check sum is  
test,",jN",Check sum is D
test,6#?,Check sum is 8
test,'hv,Check sum is %
test,Tv7,Check sum is !
test,-cH,Check sum is 8
test,:[l,Check sum is !
test,"]
*",Check sum is 1
test,l&u,Check sum is '
test,Jl;,Check sum is Q
test,"I.""",Check sum is 9
test,\r),Check sum is W
test,i7p,Check sum is 0
test,"S
m",Check sum is *
test,)f@,Check sum is /
test,CCx,Check sum is ^
test,)/!,Check sum is Y
test,1le,"Check sum is """
test,CF$,Check sum is M
test,xJy,Check sum is [
test,Sa:,Check sum is N
test,cp[,Check sum is N
test,3&(,Check sum is !
test,\Hq,Check sum is 5
test,a}5,Check sum is 3
test,?#@,Check sum is B
test,ZXd,Check sum is 6
test,;f|,Check sum is =
test,Sp_,Check sum is B
test,V1z,Check sum is !
test,.&h,Check sum is \
test,ka;,Check sum is '
test,8EK,Check sum is (
test,6Ca,Check sum is :
test,pKC,Check sum is ^
test,W$8,Check sum is S
test,D=Y,Check sum is :
test,2{4,Check sum is A
test,<O\,Check sum is G
test,[4*,Check sum is Y
test,Ke2,Check sum is B
test,lVk,Check sum is M
test,Xhf,Check sum is F
test,BLC,Check sum is 1
test,D0b,Check sum is 6
test,"L""^","Check sum is ,"
test,Sux,Check sum is  
test,8P},Check sum is %
test,[yg,Check sum is [
test,{:A,Check sum is V
test,`eA,Check sum is &
test,-&.,Check sum is !
test,T;\,Check sum is K
test,"|""G",Check sum is E
test,/^M,Check sum is :
test,39/,Check sum is ;
test,wf3,Check sum is 0
test,&I(,Check sum is 7
test,Ja3,Check sum is >
test,8gE,Check sum is D
test,!Pg,Check sum is 8
test,jMh,Check sum is ?
test,~OC,Check sum is 0
test, ?0,Check sum is /
test,Z2z,Check sum is &
test,?HZ,Check sum is A
test,k;N,Check sum is T
test,"%""r",Check sum is Y
test,"{,o",Check sum is 6
test,.Ya,Check sum is H
test,g'6,Check sum is $
test,"98""",Check sum is 3
test,"D
F",Check sum is 4
test,"""#t",Check sum is Y
test,K\|,Check sum is C
test,>;f,Check sum is ?
test,&\N,Check sum is 0
test,*/a,Check sum is Z
test,LAF,Check sum is 3
test,w\l,Check sum is _
test,Gm<,Check sum is P
test,y=',Check sum is =
test,<Xy,Check sum is -
test,q0a,"Check sum is """
test,	$w,Check sum is D
test,1gR,Check sum is J
test,hf],Check sum is K
test,Dw&,Check sum is A
test,"]%
","Check sum is ,"
test,tG&,Check sum is A
test,"
o/",Check sum is H
test,ZfK,Check sum is +
test,>~|,Check sum is X
test,x%T,Check sum is Q
test,u+Y,Check sum is Y
test,-qw,Check sum is 5
test,"""bn",Check sum is R
test,)m0,Check sum is &
test,]ld,Check sum is M
test,M>7,"Check sum is """
test,""".r","Check sum is """
test,Do4,Check sum is G
test,n1d,Check sum is #
test,"B""P",Check sum is T
test,)Js,Check sum is F
test,'w/,Check sum is -
test,`|m,Check sum is )
test,8f4,Check sum is 2
test,WJ+,"Check sum is ,"
test,ZeN,Check sum is -
test,1G1,Check sum is I
test,qsb,Check sum is &
test,z]?,Check sum is 6
test,>kf,Check sum is /
test,%cU,Check sum is =
test,9.u,Check sum is <
test,(s0,Check sum is +
test,E4i,Check sum is B
test,)I2,Check sum is D
test,]m<,Check sum is &
test,LI5,Check sum is *
test,-*6,Check sum is -
test,WIW,Check sum is W
test,G3m,Check sum is G
test,Sv(,Check sum is Q
test,'$O,Check sum is :
test,g*F,Check sum is 7
test,^=n,Check sum is )
test,Y*n,Check sum is Q
test,YiT,Check sum is 6
test,L-+,Check sum is D
test,9Q.,Check sum is X
test,:[=,Check sum is 2
test,wK4,Check sum is V
test,j;],"Check sum is """
test,Cqr,Check sum is F
test,sLM,"Check sum is ,"
test,8\8,"Check sum is ,"
test, `x,Check sum is X
test,	p7,Check sum is P
test,""" m",Check sum is O
test,ZVJ,Check sum is Z
test,JWf,Check sum is '
test,NJB,Check sum is :
test,j H,Check sum is 2
test,WkS,Check sum is 5
test,2x&,Check sum is 0
test,"},9",Check sum is B
test,}N(,Check sum is S
test,"5
!",Check sum is @
test,Tnn,Check sum is P
test,G\f,Check sum is )
test,a]/,Check sum is M
test,qop,Check sum is 0
test,C	),Check sum is U
test,3( ,Check sum is [
test,*1g,"Check sum is """
test,&LW,Check sum is )
test,^w6,Check sum is +
test,qOl,Check sum is L
test,sZ	,Check sum is 6
test,$~u,Check sum is 7
test,>Er,Check sum is U
test,S@x,Check sum is +
test,a_W,Check sum is 7
test,"Dr
",Check sum is  
test,p_F,Check sum is 5
test,>C),Check sum is J
test,"
H@",Check sum is 2
test,*	Z,Check sum is -
test,3A6,Check sum is J
test,$N:,Check sum is L
test,~45,Check sum is G
test,]$j,Check sum is K
test,w	@,Check sum is  
test,CV<,Check sum is 5
test,)'7,Check sum is '
test,W`$,Check sum is ;
test,2e&,Check sum is ]
test,>Ke,Check sum is N
test,uN9,Check sum is \
test,A[{,Check sum is 7
test,IW;,Check sum is ;
test,XrV,Check sum is @
test,]uw,Check sum is )
test,u6&,Check sum is 1
test,Gpk,Check sum is B
test,0X-,Check sum is U
test,"o,9",Check sum is 4
test,${-,"Check sum is ,"
test,"[$,",Check sum is K
test,PI<,Check sum is 5
test,Jij,Check sum is =
test,0U{,Check sum is  
test,C	_,Check sum is K
test,f@E,Check sum is K
test,bPh,Check sum is :
test,OHX,Check sum is O
test,Gy),Check sum is I
test,r1>,Check sum is A
test,>vT,Check sum is (
test,#0W,Check sum is J
test,UQ`,Check sum is &
test,j3J,Check sum is G
test,eof,Check sum is Z
test,4.&,Check sum is (
test,",v8",Check sum is :
test,MB2,Check sum is !
test,DzA,Check sum is _
test,9S@,"Check sum is ,"
test,5ZG,Check sum is 6
test,J1V,Check sum is 1
test,~Id,Check sum is K
test,clQ,Check sum is @
test,'((,Check sum is W
test,"8
z",Check sum is \
test,<lP,Check sum is X
test,n_R,Check sum is ?
test,_HZ,Check sum is !
test,w1Y,Check sum is !
test,8dG,Check sum is C
test,H5r,Check sum is O
test,v'%,"Check sum is """
test,\=u,Check sum is .
test,"&
-",Check sum is =
test,/xF,Check sum is M
test,\'f,Check sum is I
test,bb;,Check sum is _
test,!Z5,Check sum is P
test,%MW,Check sum is )
test,@%#,Check sum is (
test,m;o,Check sum is 7
test,9fT,Check sum is S
test,dFJ,Check sum is T
test,u>:,Check sum is M
test,r4E,Check sum is K
test,Vvf,Check sum is R
test,7)Z,Check sum is Z
test,go\,Check sum is R
test,SOZ,Check sum is \
test,Q\G,Check sum is T
test,cMb,Check sum is 2
test,o5K,Check sum is O
test,A^<,Check sum is ;
test,59C,Check sum is Q
test,mqv,Check sum is 4
test,<ib,Check sum is '
test,B/m,Check sum is >
test,Y@.,Check sum is '
test,_W ,Check sum is 6
test,:2=,Check sum is I
test,0^K,Check sum is 9
test,?*/,Check sum is 8
test,kPR,Check sum is -
test,"v^""",Check sum is V
test,sz?,Check sum is L
test,	fR,Check sum is !
test,.M-,Check sum is H
test,r$4,Check sum is *
test,?<5,Check sum is P
test,JC0,Check sum is ]
test,jN:,Check sum is R
test,h/y,Check sum is 0
test,!&T,Check sum is ;
test,m8},Check sum is B
test,D@l,Check sum is P
test,;0s,Check sum is >
test,v|&,Check sum is 8
test,Cz},Check sum is Z
test,N<0,Check sum is Z
test,:C>,Check sum is [
test,nY-,Check sum is T
test,|uh,Check sum is 9
test,?7=,Check sum is S
test,}f7,Check sum is :
test,"
T",Check sum is >
test, \/7]COfP[;''8.k_p>zX4WI0LNUMo;{ghxEN7,Check sum is 1
test,(`I2,Check sum is #
test,ZRY9Aszk% UwKWOt{3?F`8o)(0Sdeh\cBJ5?nKPaDBnOc,Check sum is ;
test,	Q_s|]Ulyqv+4qKoT`rgve_,Check sum is W
test,In@Vnj{XaB8w?ZOj+onB*s:*A~0`4re_Yh3w7!Dk[Cx,Check sum is H
test,^pOV]%(:0Dx!3f\5Jmw-|ua[t&5hi;I(he+]WO6{bl\$,Check sum is <
test,Fu||DJii+p*9f!a8.S(yq/O@g)0,"Check sum is """
test,"{pDPc]yAlcyC#R,I,[^P>4 O*X\Fg|8$K(oyP40!Rr",Check sum is ;
test,"/S7QZ[t' 4<EiRThB;b6HTmc95""bZg,[};jYjY/yq",Check sum is X
test,"4v)jiwAayEyvI^vdlZQDd#4j/}0{UlBBS,6Y1GCHby",Check sum is U
test,":@M
",Check sum is 1
test,QnBdg!ZAya5~%P,Check sum is *
test,"AS7rM+@^}Y!as `.px-Vv9,~\Z<{!FbL'5fF)Sx6qv3+bXQp",Check sum is $
test,"pG)h[ry-L^Rv%ihX51"" sF]1)uU3Jo",Check sum is )
test,j|,Check sum is F
test,%g!,Check sum is M
test,m+2jW[bsN-Y 2&k4Fx7bhHeNB:MM+3	pjlz@TB,Check sum is S
test,>~qwKhA|T~&dnGBd(=(tY%|b5Bk$b=AFW5I,Check sum is I
test,"U|MSY|i}%cj]	soR
xw>K-kDZE9keb_2GlUztUZd@]WNQ",Check sum is -
test,"@_r{qv5WW;ujfCZ!uG
8$C/hEez]pE_2",Check sum is 7
test,".=96wxyC#?*eVDfZC!06`?KcO\.""9&\If?UF0:InezA",Check sum is G
test,K[,Check sum is F
test,"~nDi4-\/?'sZGs7\fx<,{[@/>N+*RP""/^*2aOkPp.NKj7",Check sum is A
test, eo+Z1A#]+&,Check sum is \
test,"I_<7Wb=TL(Q/J.?f84[rCl2i#x4vG'"":c",Check sum is K
test,N$^GPMK{$gMw,Check sum is )
test,/QKd<AB44cq!57yqYFM/Ez4q2nfx[aA	]g*,Check sum is 2
test,KH-Lt8*SI,Check sum is ^
test,lWOz~;e8)h@zpP=Q*^f><][UMQ5%veoXb ,"Check sum is ,"
test,"[],oUBH3}jX|g/5l	+9l+W""idQ	0",Check sum is K
test,"6Ubu ' NhLc$(+^(h[$y6f-/>,=ex854",Check sum is H
test,YylyLl+S<4:YpC9thPsJ%&-\KJ=v|dr[he/e,Check sum is O
test,+~ bI-#L$jW.*k>*H]{9!_)~-&~3$C>CQ*njGHu3tUb{EQ#O{,Check sum is _
test,|)I4ytS~8[I`yLU-e$,Check sum is L
test,"P kdZBhNea%0""VVgyd6;\vFe2V1FV7|@v}kD$o FMu!Zd~>",Check sum is L
test,"P&c2{H!LY1HfFGV4""1fpI/4.]w5X5W(",Check sum is B
test,#0thM94}zcgq<TlJLx~srarMp&%oT!Nx`9*nu7,Check sum is J
test,WPSR_xgC64VdK&9	hC\c(x~7AHW\]w	JL!#I['zN,Check sum is I
test,i.M **W,Check sum is O
test,Az`@+4;+@K*YWdNOauGY=;	}N#P&2b4,Check sum is I
test,AR,Check sum is 3
test,eP`J]D,Check sum is  
test,"ZL,77<q:\P3V(6%0=,Z	ZqX9-T!&&!A|`_0F0v+j[\XF0dS]+",Check sum is W
test,"g6:(y_wyA;I~d)C.n
F XtfxVg",Check sum is -
test,"K$9OJS8;k}Fe
<;BO",Check sum is L
test,=~,Check sum is [
test,	JPUdf)!]Yvr`C! BZ~jylKIhkuH9'&_bH3lrozt{R#,Check sum is (
test,ino],Check sum is C
test,"w?d>H5|?f9c<:Hd6mJC,$vqkb#1Jl3
B)']B`wS1",Check sum is [
test,A7o4,Check sum is ;
test,"&""Sh!+<;@roL=&Cp2j3_W<wcZjQHW",Check sum is 8
test,"iPX{*:+{r7;u~S!A*wh?,""}}A3~|V=#eZoX@W",Check sum is S
test,"v}rH+
pH^h
p3C&|&KLjeP#Xs](.}vP""UaJ{[",Check sum is J
test,_Ag-M\_OtD@24fJElawI[kR*9!,Check sum is '
test,"_	^{LqU;ky\,w*,@n6X\Z&
`Pz;$O!qmKGQ0]|q",Check sum is =
test,Pj*2|(}<r7hRPs,Check sum is 9
test,NM@#>nWz0_G@=BIcPD	3z_jr54~0LM`;k,Check sum is W
test,"^1b_?mjF""g:B[yqdn",Check sum is (
test,"c,o%`#D:",Check sum is D
test,wB}k^|c[I^-P*x=YNJCRzxfFWIfE/,Check sum is :
test,"'@	F,]|i{`F{_7g
#?3!\yZ68",Check sum is :
test,u:]zlKWQHqB^9_+n,Check sum is O
test,2zMpV>u`\dwnB>$[f*qX?DYYv[xc$]i_a77ei4=TZ^Ga!Q,Check sum is M
test,`cGo`ty~!3MnLZf5SK>[)e,Check sum is 9
test,"i3[
6,\^I	)_%$GZc?CfLuE$",Check sum is 6
test," {x0jI/O>(yP;{.4&!s?Gy,3d+^jGi%_U3UA2Ng)F1R",Check sum is 5
test," `$ [+nP$FNHaS0@>dI2>c`.J\
JonK?#",Check sum is \
test,"430H/hsL&15E4O5g:NBKj>
|	",Check sum is Q
test,jvT6CkQNu||HzwSkag,Check sum is C
test,"	
?",Check sum is 2
test,	zrrST_~v	~8628qInw>,Check sum is =
test,amh#6zk73(9:Sl5sIuD02iLy# ']1L # Gh4{]p;!,Check sum is @
test,18[|Z0'~1pm$TV3xa^^8&E-LSf;9T%J2,Check sum is 1
test,"Sx=VCP,E/Jp=_C$*CD5lEZMUTR9qDq~`#@i=",Check sum is -
test,%(=%4u\UI 4oC9ZjX*zPGpxj(C	_#H*,Check sum is B
test,"{YtfHmej\(+vzDAi8k0Hzc""m:k7yA B4kkwp]3JVSKr",Check sum is O
test,h\,Check sum is $
test,"c}ul,(
MV4xH_s CB=nEky%nl",Check sum is  
test,"e#>&:!Y-""5?@r]75]kkR#M]:f@73ilzfvXSWz%Ck BSn2<#FV5",Check sum is Y
test,"N;DdCqw{5S@uPC\
V cWR(,buFF?m!",Check sum is 3
test,"	NN}V~a@JJFsN,jcI]ra0hP7Yd6YcaaulQ|{UDp[UZL|r\:K",Check sum is +
test,yIx-Vl@{5ZejD$${yWCV)Fw<$51jJ{fz)),Check sum is _
test,G(KkDLD\b1u}&uf32|V=<k,Check sum is V
test,"IsBs@5,wJA(e""Nx %I!j/3)Qu
AO1FMfev]2_$b",Check sum is &
test,fxM 8lzD&93=r7i,Check sum is .
test,7!W#fMV{RLVL]m5Id	k)l1rhSsYmv''/Vw]),Check sum is H
test,"""`6ykudHuM!+'|Eb^JOzz]",Check sum is =
test,"7Rnc
0MEhf4CU",Check sum is  
test,"+Y]K?dHN-36""F}V:LtIg=|6Yh[R",Check sum is ]
test,+$G|<;J0Fu4,Check sum is R
test,]o C~7WU*g4Pf03cVG#v,Check sum is '
test,wUiXH{(vv9613]u+Yotyp+'s?KZMNXFl[H0u:m!?5M,Check sum is X
test,":uvNSl[,<rbni:CoT-+I[^8Mwb+HK@U]?A`RwzU'_v'Z7",Check sum is T
test,"hr430-Uv,RS{q9!",Check sum is  
test,"nE4N5KB\ZWMSwhAX75t/nZac6r'm,rlG`Ha",Check sum is -
test,=FGo1p'UsyMj1?DDW<2S#cjp< ,Check sum is %
test,"8g<'SX_Rz
Q%)/(",Check sum is 8
test,c/wTA=|,Check sum is 7
test,0nyCr;&d,Check sum is 1
test,s4FI2<-Wa5.6_5fw,Check sum is 3
test,Op6\j!%G4Y--`3o]A|4&9x!FJ{8<XdH>iHYtd]&,Check sum is =
test,;39^c:er$VHzJvOGmhxw.*. IqQf\Av[4>eSaCnh#O`.h,Check sum is @
test,"];#%wIqp7?3\<=	+>CqvSFr/x],w9-tv&x*I>DcG.Gs/#^IE6s",Check sum is I
test,"-,^BXZ7!c}k+'h9qs~iP?qletU",Check sum is F
test,">$=Aqw5S(v,<gU@
.qug&ry{
0W/WE>qp&O5DL8)abq",Check sum is M
test,( f72~,Check sum is 5
test,>M$jD$.=xFZPL,Check sum is @
test,e_bT=@U[_ot~???*e,Check sum is S
test,1QS7>L=,Check sum is 3
test,"mnF#z[wF$:yNbTP{3W63<F1,tt%,^%Hro8xMuG",Check sum is L
test,"!B|UAN>b~2
 {S74;1TWiV","Check sum is ,"
test,<aUEz',Check sum is 8
test,"\n0A0hR""GahwVK*bKv`a,	2eZ#Q#HavE,TPf5",Check sum is )
test,"ow}2K(H7v|D.""?l%l-",Check sum is V
test,/b*,Check sum is [
test,HXefcY.2E}yY/I)|%iyjd91kxQXX3,Check sum is .
test,Rg26 }nv,Check sum is B
test,"9M{bMg+1:;UR+]jj
3uN-XmB_\#]ov5W
-.-Iz&:o<8m.t",Check sum is R
test,jlAm4h_3o	\Q!5*_{Q/?=pm7'$ks ,Check sum is *
test,(#?}&_,"Check sum is ,"
test,"%8BU)d@gkLGU|9=<?@z-=ywT9Y)jLY,#e4]K0\",Check sum is V
test,"#"" 4$zb15H0?w7\+l eB7^WpWn<F?MYS$*u",Check sum is \
test,"T)S-""x;#i`5L",Check sum is _
test,1	u&h@W [GxCDng*n88t-6	82tD+p	OIa=1DWf,Check sum is  
test,"2%}_Mr>o3xHHtw[<y%?&,_P/<Cz",Check sum is B
test,"IS(E%/yM_DB''P5^{zhp8!o,cI",Check sum is F
test,"I j\g{v6!P]I3E;m'Jro*tnFy
h;>5*",Check sum is ;
test,"A_-i
jx[-W[:+""RN>~;O",Check sum is )
test,"PPFE2t,k}pN4L32xHc",Check sum is K
test,"p9wf--W.mf-:B1U
5QFvYCxykv8l|Mq$IlO=:4",Check sum is 2
test,"DUQfAacB.d)qk_,jcKy^gmQSJ2x,]^;Eh8-Sqho2G6>EeMs",Check sum is Z
test,"R~Cp""Tbaue@5I#frc4f[|NoESOPa4CKI|L}X;XK",Check sum is ^
test,(/n)^3RZ[n_Ukp=oS,"Check sum is """
test,3G4UBKTp1/~n@Ws$1530{w/Wh*5 n<3p'fe,Check sum is U
test,"$!8tCGY&ea-uqW_""Ujff&64Y8{l/wXbgT+p|uB@Y`\Q",Check sum is -
test,[PT,Check sum is _
test,"7 @$UN	^Q/E3$s@i+i>E`&;6t\_kgNNE,-13]@Mr0,0",Check sum is 2
test,"W_vK&cH>J1U;ZaP""sdzz]0yE""",Check sum is V
test,"Uor[esSkxoL7g7uQ6l|PzS9,*yKMJ)WGQrs",Check sum is 7
test,"1
}WFUbPH7z[n$eg-L<p#",Check sum is 6
test,"J';6%d/unlK.WxYf7i*%,g`#""",Check sum is 7
test,"x#?""xb E+a~_47EK8U\Hq<pw#""ii4	2g|bNQUeFe>iR0tls&8W",Check sum is D
test,"
#*69m>^.bk~e>~H""V#y",Check sum is %
test,]A,Check sum is >
test,"Bc	3Z`>p,~X`	w<M""oz*)~k%fly"";VJoFlCy&!","Check sum is ,"
test,3_rG	f@SFC\nw:]i?xsriB@DteM+1v8,Check sum is 2
test,bo;pgV8[uK0X(#A	$2RsRK{j0tSz7Hh=).	Z,Check sum is 5
test,J#>k-M1!$	,Check sum is /
test,"Gw);XIk<R>^0~<#.fF69bl
O]'9GxKp!'<=eCqKcj)G|",Check sum is J
test,"%!RsI(`p&[@z4""G",Check sum is D
test,m-\/Gk|G,Check sum is :
test,k^J:#B'EzhGPCRS4Uf,Check sum is N
test,"Dpa3_H>kr[@7++Zh |""j:/&Y1F{(p&^`[!|a~6g2""_V|Kud",Check sum is /
test,"?o`8ngE?""stGgZ}# TH_6{Wv",Check sum is I
test,L`w#tQg,Check sum is R
test,"p%;nG1/m%z+Fn:v*(2n@Va3Vu/g,}u",Check sum is ;
test,"E4cp2)fE20.v{?m5ieu'""}u+.7Xt1D>HyzgMOIC6QTD",Check sum is J
test,Y)As4G:Ww!B2$}8Oz<m]74fq_S<E|%!]J^a,Check sum is 3
test,"D/3=&D*nYBk}&>aIF^!cxK-
).?Bc",Check sum is 3
test,"S.zZ6m<n)MIS)XA}
",Check sum is ]
test,"3rT""b*~+NUq(NztJxo+qZ|	iSiV71O}bp<NbZh`",Check sum is #
test,+)xVn07f,Check sum is =
test,"`DY{1x71KANCT>` _8UB(7asveS	tt1M""fq7:?D|I%Vl.jk6F",Check sum is .
test,WV8+60(kuk.+rkz@aguC5I-klBJ(:Nxh)OY:Y,Check sum is ;
test,"uW=Z1_eP,Mf(bbI:D	V8GM(}M)|G4,o-ck?}wjJS~CXaT|7U",Check sum is =
test,w%D^bty(kpv}V Xrz|Sr~,Check sum is \
test,#(2uQ-1/.1Wttx1N+,Check sum is 0
test,"0
#1]",Check sum is K
test,"Qv,(hkcF?[3-)*
TvH>o_,Go<n+uvc"":+;~O#)EGW",Check sum is /
test,Wr62\D>/ )2W=Hf/J@=GK6U2Mic!AvK&8x,Check sum is 2
test,ZP%&cHH;+lO]T$Bq3z*b0^']=7)6Y)%nPx<)b[\UXd@17,Check sum is #
test,"bn'*zcJ=,&Y""'c!4><P] J.#$\8d",Check sum is O
test,7@K`Cb(m}[,Check sum is T
test,(P%{;$O.fNM,Check sum is U
test,"t""@C&`1Afh:e`Mh~{a
ca:`8aI'R,02Mv",Check sum is !
test,fKtK4H9J'{,Check sum is 1
test,"0=[b,L~C*A~EtjfU--uHll(aQX/uA=`Dcv_p7.g,H]FbyY",Check sum is 0
test,Z9BBaP=Ai~Kbqo}$c^`vk_,Check sum is \
test,*}RYUv3kKZ9jWtb.5C8o~:$U y^%2u\!	\hc!Dk}n7eD/RT,Check sum is .
test,8$tw)=SgZu!7gxJ	>mlq<[jE,Check sum is .
test,e:JadwDh:T~b_R1-	_a77=,"Check sum is """
test,"0r-9Jqasu""BpW;KjjB0BSs|.5x6fxXR%@ tR",Check sum is K
test,"MhA^&fX<=z:zg~fV+RsDiXV&S+
=^	Dw",Check sum is 8
test,"""_/EImBz[f",Check sum is H
test,9sn2Q@uoL.~=0w=nxDZUy`k,Check sum is W
test,->_yin#Zl*THnBA,Check sum is Z
test,"""QmqR8mk#	3=T)FV0*	|=<|Mj!y_SH{~Pi#M0",Check sum is 9
test,"j,kJa~V}2GcnzzcxH",Check sum is >
test,"1 2vIcRdsqPAysai2\qHMDIc@66,Z""`RIsy",Check sum is %
test,"MgEP#FOn^w1+e0+64S&
,$Te{U#~w)`A/c%7Irb(?_",Check sum is 9
test,"[5
(a6{c)0mf3P9h_>9'/=^[2T8&*N@n/*v.qfvI5`l;AkbS",Check sum is C
test,"NSCb00rgvx'4}l[f#	6AZ6UM=?z
s)l.^~$<h1&WzU%gV-9w}S",Check sum is M
test,"92So3k,=*==Tiz<^c@D9h]d_y!S$krpq
9B5S;k",Check sum is 3
test,"lYs,)au9:'o{J`-7O
(aIMxYUD""X
e",Check sum is  
test,w_R,Check sum is H
test,"1K8s	{}-U7(""J,`j{@	IU;?81X",Check sum is (
test,6]=e:@)Z^\ N$t|+,Check sum is 9
test,"5kVf%w.&';z}%'S5585=	+lK<32BQjii
",Check sum is ]
test,qE9.OcSQF^`dV&OQS>/T,Check sum is +
test,"mQSP%3h<I0,By=Km:r^qpzCG	H.^&.1m3
pHk8rY{z[o(O{mY\",Check sum is F
test,tPA]X@#,Check sum is =
test,{#^@lQ5(g,Check sum is ]
test,"O(U;Eo8y.l.bT>vxKxR%^K#kc9~/=	Cq""Ua+m~a&.ujCJm",Check sum is &
test,&UB. AP+)3s~`=1^n(b,Check sum is X
test,.$7Jj+,Check sum is H
test,7^zsX2f],Check sum is /
test,As%@,Check sum is 9
test,"g#o,GPMHqKdel%:x;v'a,l07zu5:V",Check sum is %
test,"`z_a)Ww
m_,kh5,SW&tyKgB
","Check sum is """
test,P@ -[4 b7g`o{ib;%5]6GBQ929r(FVR@ :WoOyk?],Check sum is ^
test,p.$UCQC?x9QO(jiRU&c8,Check sum is A
test,u0VLEG1<.yaJ#CiHw	*?vO>pRg,Check sum is ^
test,"\bqJvvfw;eK96x'>tSt,becX2jBoda3YNM/O",Check sum is 9
test,"(5 hAxv_9QA*j""r4$g$j6XEk,y&MM0b8#B6[$""\>Up+7U.{",Check sum is ;
test,-9,Check sum is F
test,"6,^[T$~_@|z>/g57AE)^~ xpvfzxXH.`",Check sum is U
test,"A_`E%R3qY~b}B	dF
k*",Check sum is J
test,"@{+-Je(X
j$jU#9OZ|@4u<<2W3	l#)3HEtL",Check sum is X
test,$-0p.W9uC%g|Yjkj{$<R/&?_97<vX0o,Check sum is  
test,"oZ/*'KYF3jxqyG{TZ(|^TT/i""iCp",Check sum is B
test,{F)n7J!,Check sum is Z
test,"#Y/ 9]K\o}\z4bc-~JG^4\&nMlW,i;82u}>(y:'WEJ!",Check sum is $
test,YH6CSbnt|u{N5I ]	z-d?,Check sum is Y
test,"bRr5Of*kuiQPd^RG:'
K,[0Mrdft`OhCx>{tFdWF",Check sum is O
test,h]a``7t^Qs!a^W}C Wt)1-E3,Check sum is 4
test,"5H&RuUur 6_D}3?I'1{""RrXW,53y'dH2,FX7=h8g/",Check sum is %
test,"*hm}^^[qg^NtPn'\wi;nB*
A6]t,S",Check sum is 2
test,";fGHE :AI	""JQx]IHB}ayv/y5BTa%:~#9v
,Q'+>qG",Check sum is F
test,~6&oz3A1gD8wD_0J3L|MY;_EL)iedC9i1$,Check sum is  
test,GUW]fk 1zBzFLbPE:,Check sum is K
test,oNLCSoIxJhzj'D	RF#.v&$g~`W;h&{'z*{apCu$&v^E/O+Tp1,Check sum is R
test,"|CyxR~l($\}`[(6=|Q_u
.ZIU=mn+Yq6u|o(+p",Check sum is >
test,}H\{V=>uW4Rj(6oB-,Check sum is E
test,/OwU.3n<xYm-e?D}D/Wwz}$v[~^BZ(gBAj'1<^l,Check sum is D
test,6ih& GZCg5	$gTA}+	gm?>s^H/*mQh}u*0~P7bipWbiK@^%,"Check sum is ,"
test,"8`,5STena>s\L,J@s`%S6`IpOL`S0cfBsLe^c3J.:\(",Check sum is 4
test,0#ujj=ekGiw{ibaR7\pL{YUP^aZGP$,Check sum is E
test,"m7A?7$
p-/'}C5t=tgjY-Rn)]}
kVHLU	
;AA)sfszf6u	&6",Check sum is 9
test,"'JN7_T`!1fXKWPiq?E;<1Pz(R
&itBo
umc,/rbHO!or",Check sum is J
test,"}<pXbjG9,",Check sum is Y
test,"<M;(~:MmQ"">V'd",Check sum is P
test,|8441j[8_.[W6$~-'lep(Ga,Check sum is &
test,+k5anIHg_!qfUom9o!C1X2z8Tc_nRVnom$F9C<M,Check sum is X
test,"]!uD?9/rLTBhVSl2#pFx.[T=pt""UnVny-d",Check sum is C
test,Yu Jz,Check sum is R
test,fF,Check sum is L
test,P*R,"Check sum is ,"
test,"7Un=O.5`&k""&AfyGuoi""T8zn",Check sum is L
test,0qoq7j$m[whnag,Check sum is C
test,vilet[(9s4-bZB,Check sum is R
test,?2F`oeTJ>K`d.,Check sum is $
test,4 Bq8oUUhq{k=-;Q\	&CW[	-`pbO~}L%S7l\G,Check sum is )
test,"e,E1J
y",Check sum is 4
test,ar/<|;C^<MN!1l\Rh*PpC</U?D,Check sum is Q
test,p4Z8\acx,Check sum is .
test,3<{('QRqPNoPG$OmWwOc{]RvYti`H6Y<v/4bBp`,Check sum is G
test,"AM~bbbnYR""v0""2C}H%
P}8lWx7[*<S?xiZg,@",Check sum is V
test,"wZ3|)<
C$6Jp",Check sum is &
test,"/X-ej<VIdT%:En$|Ls]sl`4T,D1kO|9f[Y6,xu@Q9=5\W&B~/=",Check sum is E
test,"0A
pIl6b(A>x{I	|LJ|g*%w^C+qZ~,s;tU+	iC-",Check sum is D
test,>Dw{:+)4O,Check sum is %
test,"|x""fAwS)Pf)%HpmS<;
saUOs[}nY0B",Check sum is I
test,.m+,Check sum is &
test,"4J>uw>ulz=j<Zpm""eKv>kw-Nb:r/""	m3;T f\L&T$yO'xt-V",Check sum is _
test,BRq{c-x@Yl[?CJRr,Check sum is X
test,nnl_<tR0D.Lb8Yt/lt4HCtn<.	@DLWN,Check sum is 6
test,bw2H|=\/xJ(Brf;y]#o/{lhk,Check sum is G
test,	LCh%a,Check sum is &
test,3m.p|=;9QNugwc'ov)Cw^jOL$1Pt<9bIdEpk>vI~t/,Check sum is M
test,":86;i0DwAc*hLQ.iQ1""m]X?~c:1+Nh",Check sum is 3
test,m5nrJA415IC7S=<z j3:24w#bZ!|THP,Check sum is L
test,"i9.FQ,l'`58uttUKN'>t1tT$""TliO{+[ub4g?aJC",Check sum is N
test,29wk-(&?+f2<6lN|S%T}Id`=D<8;d|+,Check sum is #
test,EvgO*>-*];x!ee2i-EWG{*DY,Check sum is 8
test,"./A&UQ~faz.E[b&vDmIWDa(M
kr6/e1@#",Check sum is E
test,Gd%{idXiL`WJf	jp72Aa9D#W3$b1VPqy,Check sum is K
test,"P	P7Spgxl[[GmNwpC,.n",Check sum is 8
test,v.DA? ]G>%:&ylq48<jkg@9hj5u.L&1qs:WF_(= uj$Wnt,Check sum is *
test,r%k_.D8xqFdI\)r17,Check sum is &
test,nb;B?c,Check sum is O
test,"yxJ{7^Oa, sCOe",Check sum is Q
test,"~a\r`Gosugq\PT
r``!37ij``p+xJ8",Check sum is R
test,7qlqP1-.cm@nc]v.p,Check sum is S
test,"wLIp
4vDoX19^F8Y{UCMnoap#6xphOu	<CL,J]>2",Check sum is L
test,"
-_U@Cr,HM:O}`Icm$BzW=&iHXG:@_RsD\yO^[%7PE!<",Check sum is 7
test,W	=$,Check sum is !
test,<*g8)X<$lfm0Ke_C.w-40}1,Check sum is +
test,i7&['F?WU`KZ~t*yIgkc9d7=;u67 ,Check sum is ?
test,9bxu,Check sum is (
test,[bwvf15>zCCr4LYVHOt;JvbRX Qk'd [g4~&;mZ\@,Check sum is F
test,a(>k*-ajs*GL@YL?WtyW>L[mm{m9T(m,"Check sum is ,"
test,O>NbwC,Check sum is W
test,{0VekE)0qjOj,Check sum is #
test,|dW8X032eijyo_Z,Check sum is U
test,"Q43<eP\?m5Jgy+/KlI~l+
^j:",Check sum is +
test,"p8%*![nZx:phc3s>C,VO#R/aM""",Check sum is 4
test,"U6`D5CRzW4VgWzr5K
lb,s
a 2=CeY!:|",Check sum is '
test,"RhJ!1TB?@^PHYHGz+k6hv][""",Check sum is '
test,GYX]QoC+hwxt-.UOzALaF@8K	}IY3V?B}I4@,Check sum is J
test,"?tn*1s%9PUZ8Im
.m%.%",Check sum is 7
test,"m0}7	NGO!5h~
G K0PR$y?(","Check sum is ,"
test,#3dLM0&){1%pR!e~Pm>}R;{+xD0w4(x|H|nYFG[0d~;lzGd,Check sum is 8
test,3)3,Check sum is /
test,}#n*{M{W#~V=S3WxH$VGLRCK&zK0ftHY3n~,Check sum is %
test,=sFb/eBjE)A/Y5d,Check sum is H
test,".!A/JD/\|Yi_~217f
P<oGiSl*gL#g%",Check sum is S
test,">m\i+Lv7|.h0x``kxw
Gw#=CwUoK[@0O)	IC!htB6/!s kzp",Check sum is >
test,"&c77]:yuH#EX@_^a*>)b
S	[`z",Check sum is P
test,['	0[>I,Check sum is =
test,"Cpm?uzBs]~@}w?\7<I""[5sm68PSIncy",Check sum is ?
test,Vik:Piy,Check sum is 6
test,+cJ2y7GOI'Vj.kTL9K,Check sum is ]
test,"Sm-I)q.v?xz""'j>W-F,`Ca@,XbM
X",Check sum is E
test,m?s>Ut9)nF3V@L,Check sum is 1
test,"zIu""P>!7KW?w,",Check sum is $
test,"9KV/V+0!kN^ylM""jRg~wV&BXyS5).sic",Check sum is +
test,Sd X8\.KLI?m[5P.<&'[63sMEB7~k6q,Check sum is F
test,WB,Check sum is 9
test,"=)c`Fo3""[4P3AK$-w<<=",Check sum is .
test,7yQQ}@Wh)9|+i;/rA;G*Ku|!Y(QP_1Cj>,Check sum is #
test,WO,Check sum is F
test,/VzW;:{ '<;*Yt]hF</,Check sum is Q
test,7I_w3;Q,Check sum is 5
test,"\4O~K<Q?lE#0'A#Q}[v>kIHnq0#,Qn",Check sum is Y
test,FU5M_R'\X8GA:@%0#'*u\ah@qXt\H%`i,Check sum is 5
test,"Zs4df$p>f@zbCQX<x)DjFdE_`>,KoKtEHA'Zc{V:f-Oj{(r",Check sum is %
test,"YyM""""fxQpOvI5""NJ0ji`",Check sum is B
test,"Ii+CHgXL""mttGu=b%SVOBmaui=E,)",Check sum is G
test,"Cm:;_U
k
FaJ'W#QPEh2
",Check sum is T
test,"YL+Uezm^%l3P
\bG`0R_PuDgD8'o7As}O",Check sum is L
test, y3VR1\v3W$K/UH&WH^g&n(ltC\`7Tz+%s<b!S,Check sum is [
test,"Dna{Ex,'9A\ %\cU@IH=E!857Ix*`
qQ",Check sum is \
test,"T\f[/A_]q)m05[rA{.[ tTqfW&G+TO7ub5G
S",Check sum is 3
test,"n8^&!$4MJlb^3d.4ms
lrZ[/5k@",Check sum is K
test,"xqiDs4^p""O{F?K)6awIN^I6u:db9=ozaOih'F]U(""xyi1",Check sum is [
test,">H>y:Jaxf)dJCjKIF`A(35H~2m$
LCEw_
GG/]+{;D{.U96(.S",Check sum is K
test,"zy7ug$yIOOl3##oF!0RWf~_
=3bWrXY.8FIES>Pt8|",Check sum is Z
test,"d^Qk/S+L`JJ
?Hl-q0>EH<I~r/	W",Check sum is %
test,"4em>tFb=gyF%WX)_Wk[f\G4qm	nGW:>Tf~,NbF(DO&ZAN: ",Check sum is B
test,o3JX?#ZDrGw$h/vh=oWTbN@p(Mwo',Check sum is &
test,0$J1,Check sum is /
test,"qVs|:LvQx9Z W&6i%l k%!=OcWFG'B,'PL*",Check sum is !
test,"No
prRwy3R:6X|ol[dN1_dcAqMR
",Check sum is .
test,pkx%>Bk}Na7#J|\,Check sum is +
test,"&M'b1!$6+rRI5%K&E*OTkvEyGZ
aa-1`	kr}c40B,.Ph5!5",Check sum is 0
test,"V7""	#J<Mx",Check sum is F
test,raobE98,Check sum is :
test,W-p}t0@rYS@&l5\S[:PNYw8rTVHWNgiL$3?,Check sum is ?
test,"HH]AiX?U~>>=bWe0R(
mUA`A{Cb,9UiV=UJamV?>aM=QNb",Check sum is R
test,"}Zm'`LJ'3,wDQ^%QC66weMvX-ur$fyQg}3	v'@Dsc#",Check sum is /
test,VGgSZ4#e>=)Yb|&wfwurkli P's?hQ4^op9)8|FMC,Check sum is (
test,57,Check sum is L
test,QS(Q& Iwq?xx;Q,Check sum is /
test,"$""y`;e@%s)$*C~",Check sum is /
test,")	V%%X:zLZPFB~n4ZuaEzlv:""Dh(9%""#)oN",Check sum is &
test,"4`eE+Ef0-mJ=|};lQ%5	Fr*y Lv\L6 F.GM|{#jD,",Check sum is P
test,"CDB|Zd""K'ar!zWXxn""Y`7b%
A4u,'Ir=2#' qaKMR?Zs!R ",Check sum is I
test,_Tjv[F@Rk!7e` M0AZQ(	6H:xrT<y'HZ~,Check sum is Z
test,(1-Qx4RWQTzP}D	_X,Check sum is <
test,Wv9q9q-qi5M	j4l~a7@ZvB_S>XDXq8Scpi1(2.EVtVSx,Check sum is J
test,d~/SV{E:JXie]A]E,Check sum is D
test,"<;SZp2o+C~qX
C@d;n|8V0-",Check sum is K
test,"XX+ye,cqbpGC9\+}ndW3]QK493|ksT""Tg*!R",Check sum is O
test,"pdfL%t;-Kzv, k!NlyXk`P%pk`s",Check sum is 3
test,"@q}chaatn*>TT-z	}DQ$;;iET\|%(gZCFjR!,G`Q?%<;od6""G",Check sum is (
test,"
>+Y[N8R^.zh~Z,k6jl&z#+-jc_dDE'	j[",Check sum is 1
test,*cb_9,Check sum is '
test,#sZ=t}`R*hs04%P^IEti5fIi*w#q!f2rD?;%sBMOH^B,Check sum is  
test,>V!iE~5r;^KXjP[u?i}_,Check sum is 2
test,"-+%"" ?p",Check sum is N
test,"d4?',NWNESbdp~YPkaM*kQA",Check sum is 2
test,"7DZv!{ts)>W
!3]#SEv_{U{>[/*H,?\dC2G2zChUfz~+",Check sum is X
test,"|}iqDhPQGOzxNYY]*/Z<\_9VDNbX~Wn
`VB0D",Check sum is #
test,"/BRDQqg8U6a""k2k,HG8Fc@]]yabC@TG;X+@",Check sum is L
test,+._{A,Check sum is T
test,nh~Jyz,Check sum is 1
test,"B%y>_""w1@p(0 &HU--i
(QG",Check sum is _
test,dpG1P,Check sum is <
test,u=#'!t&?%m,Check sum is (
test,Zx~{s*)G\;PYrgMMgDN@.j^|A,Check sum is W
test,"XMop00+wurjtD/=K
%sv4Q""fZ0+L	abG{73 S",Check sum is 7
test,xFStZ{s6cv<uu$OIqx,Check sum is G
test,n:	VWY[7@E,Check sum is .
test,BX9h gi/'&:ID_u1?X=rza!:uqN]18Tvg:T^v#b?>,Check sum is ^
test,"
^'hM>JXg|""D!5{zqvun+EORNw
=fa@ R$y$'4^82vA",Check sum is S
test,N`p	0GKYVUm,Check sum is :
test,pJ^L$?,Check sum is '
test,6amL?jj0HY,Check sum is T
test,"lpC?ZJgu&[00'vS#>z\
*g;ys&wY;_=@eJGMt @)L)[og C;G
",Check sum is *
test,-'Szf3~$2',Check sum is U
test,"2PWJp-hjp=z""oz]GJCE\+vki)|wAKA",Check sum is T
test,"k*n@aqx.C+u8H	%27A^1Z+J9q,",Check sum is J
test,)WyH'Ht',Check sum is +
test,N!wF@5%\.CHZD~.,Check sum is E
test,"\,	ja#yNd[@B1.qBQ",Check sum is J
test,n6 d@HUT		pAg_,Check sum is B
test,]#$&)cAP]b>J}X*i/<.)t%@!c6~O?XAg,Check sum is W
test,*bf7sgVPHqIq7T}}TjU1w>zlZlTfjp%e6tkw!cF<rP3	dCqD1j,Check sum is K
test,ol;*n1w@\<B{rq}Q+to,Check sum is J
test,W4B(%9{eTxhB{|7dN,Check sum is )
test,"|Q+BJxndj43815yJtI2o-;8""0	8U.37BZvyk%?I^bFv\F7a2^Q",Check sum is X
test,"~f}5Fs[2i
+*",Check sum is D
test,"/MfrP{-~	(}(A,zn@5;6.k$[CK'	'k(*x\#D-k5&r""umh",Check sum is A
test,]S41zER,Check sum is F
test,"6E+7 }#lkl&oT;&Va5,!pKV
p3!0e('F",Check sum is L
test,Qq)R>!B`FA~X,Check sum is ;
test,"mm*k1
yw]qo%VS-r2v$Hma17k'h#(T""ONNM",Check sum is !
test,"E`0[~ekU`'/< .rC+gpQ.O97uv(;
bg93",Check sum is 5
test,"AD;Rkz%65pxmn)LOed!'SgvR2ahw_aMg0""JPv|c!",Check sum is I
test,0)nvKK1oV6ei`_tE\J5aErf.+,Check sum is W
test,iuu%Z3!7#b}7Lt:sZX,Check sum is U
test,"&5F02rg I{+`, M",Check sum is D
test,",bB:Rp""W#l7#;?D(s6&nz6[0;!VQzlS-Kk9!50ZiITb'w5~,<;",Check sum is @
test,#)l,Check sum is X
test,"SaQR!7""$}c",Check sum is 5
test,|fz3%_r%gvYq`#AL5;+_(<>4v$Q.mhQ\,"Check sum is ,"
test,4FYaC,Check sum is W
test,"YIP,1&#i5M",Check sum is #
test,"eW""(""tp!)>OPk`zqn
7^`f%IT|WmTMq^y",Check sum is G
test,Gx>/J|ychPHv1K9Yy|^#%wi/|,Check sum is X
test,2AJLWD^n%vH&aZmjK<p9;3O!B?Kn.xBu(@:qOe>pj?!,Check sum is O
test,R#Z4gz{lCE?_*6A^&6,"Check sum is ,"
test,<Gm0J2C|9=p!zA'5{npKbkBtPuBx?4&MV`M\=yZ	,Check sum is ]
test,"3wT\z\m
}&y??n8DPp^rDN%s<l}>=_(3'6Fg9% @",Check sum is '
test,"}]![
;+4PqP %ggk)N1,[fk^tP7Nr1tB_u7}hp",Check sum is I
test,",G+gMi|S!?Wq[3kP-zJ=\o14f!l&jT;|Am{Ju8L",Check sum is 3
test,Peg+bMM|B2u48%]jM0l4b)Bn_4gfR[FA,Check sum is L
test,/is*OFS.8m% :=rQI'C}8!49N[|K\IT/}]o=%]&NpG\cD%,Check sum is 8
test,"`{J4UUd9fRn+Z	,D",Check sum is $
test,#[L 0Qk[`CErJ?dnKWPo	iz{NlPQz,Check sum is #
test,"y[_/q~~V""RVB",Check sum is Q
test,5ky{6-2\c6&Ffy-/xVlpLH_O*y^p(A,Check sum is +
test,wzN94.{eb*QrLvB$%*.,Check sum is N
test,"
lg3P,VDe]Dqvpky1!y9R'k;-x**E
!*e}-{#oR)",Check sum is T
test,"IPkHM1""+r<9_	95N;#j|",Check sum is F
test,"C#iA\6|t#(!o>83d9u`qOk}u%A>Ukk(QKKw""|0%Gf.u{6#74",Check sum is \
test,qhe~bA;!Ab&+sNB:aEW*jnBCjG..z,Check sum is W
test,V2D/%$b}<1KzhgL>4A]F.\C~){oQ#TgQ,Check sum is D
test,"3c>	h%b >'
L\akD{K$\mK7$",Check sum is L
test,"$_]4[11}@\AcUx048B2V""WL",Check sum is &
test,Ru'-&0Yk`WgsB*WAnK2?T A)Yo+,Check sum is %
test,= Lk}GT9/2no6.RpErl;b6d>l,Check sum is -
test,RvpZ)|44DyL,Check sum is H
test,6i}3,Check sum is /
test,")&?sHU
x{"";V",Check sum is .
test,w0n0{7T75Xm.-8Fr!QMepp!g-i7/w2Gl#}T_tuo'wVf*,Check sum is :
test,"g-
)q18/0~&ER-2|:;:	wT*=ax)Z*Elx8
1",Check sum is B
test,q5X~vI1xD%,Check sum is -
test,@pF;2ff#TRr9,Check sum is C
test,"PP'$Ln-TLnft)Y V""9%euEi
F7nq",Check sum is @
test,<]3peL;[$7o*T>[LMEY7AgHK!!@bz`RO*D0@g0J/|)0 %eUw%6,Check sum is  
test,"PT>iL-""*P",Check sum is @
test,"!|O=`(|ur!Iw:Bd\z@Q
\aeFn""9S?S`JdB%9J6Ch,+","Check sum is ,"
test,"]uIcB,?[J^=4~!\~&XUB@TvPE<S,jDWf\nF<8Apx(^XKaae)",Check sum is 8
test,"d	N`O8ZCd(E}E7d%=j~`7
!iPC	C",Check sum is !
test,"
mx",Check sum is O
test, c6*wyuDb#>$XSk;4(,Check sum is @
test,-cC+QH6eu\yQZ8ZCzKxP%k!oeewd?|Yl7EiVLuXrFSoDW,Check sum is W
test,"A9V6%/G-5b
O1Th5RZ@<q%9bbqk-0Sc%&3Xy)EU g;^;tj}",Check sum is 2
test,yeUg9e+|r:Daw*'(6E.w K`?e+Nub'b-<*{sD]-\t>8N	:%G,Check sum is :
test,"	[3&d9Y G#&7O?XXzq{lM_rScT@""#0Nyw|E$Bnb6s=v",Check sum is 8
test,"G5\A'
a6@V} &5|vk.x4
9_zLP
TOLL]fUK6ESu^p%$)o",Check sum is X
test,$z,Check sum is >
test,0'w^/LgU[i	xhU)!tJ4l`30n@78:|[`(Zh+`o`&s{!p`,Check sum is G
test,ZM[.;kV3D	wJ:lI2(*rj@Q9Z,Check sum is @
test,= Zf@GVkkND1iI/z!X#^7~6-BOz%~qa>-`xBG,"Check sum is ,"
test,"P]0c<yNErXA&\tu4,wgW:sR",Check sum is 2
test,"8chl1f|<AJ?@PdBufNmk*4n!""/Q;",Check sum is )
test,4r!'%<O(e[dGQ!bPjY[J9?4etBQd1T3q9h^Rdr/N,Check sum is &
test,$aMc`)4sK2q+[2@eT,Check sum is $
test,	S.FXvz/'zfKrQ?,Check sum is ;
test,7R#zQ8!m^e[\,Check sum is W
test,c.n#&X#d8z{!+:),Check sum is #
test,"
WZ2""}l)~#&
Y""]7Tp_pUd,ODNmb-[qa-^bH.s,GSd9""S>v_",Check sum is $
test,0Mh+>kC8%Aq)?,Check sum is S
test,"[A,^",Check sum is F
test,"x95YPoD(3?G2zF;""}",Check sum is O
test,"FTS~CmU	
)>>U	
VK/E9M(1Q%c>5",Check sum is 0
test,PvH2Smw8&mC+n1r'_7yZ$Tj!a#x:wNHt~3!335W 	Gb,Check sum is A
test,G<&uDqv,Check sum is )
test,<gD,Check sum is G
test,Q;e|~[B8W\WJ k>,Check sum is =
test,"@ m/&6Z+YxrkwUv
^*xTjB{^c!uvOV*;r RiD:#",Check sum is 7
test,D_',Check sum is *
test,T~e7iGg	OnJ%S#QKUX+j,Check sum is .
test,"DY<e;5""Q8@5OH/",Check sum is 4
test,%jQO$6I`:$Jx%	_{	QWGw3oYK,Check sum is /
test,L)MsC8IUlL:<,Check sum is \
test,"L>,xz/VH'o68Ey",Check sum is W
test,"""+@F#uwX:",Check sum is T
test,"z:6AvJorz.C$:4n t>&.$z+`J>5zq,",Check sum is :
test,|0TdajE+NA,Check sum is N
test,eD,Check sum is I
test,"=,dR;<K5d'P2W:pciuYBuB*T0'pi]JywWUlCI?",Check sum is ?
test,"""B7",Check sum is ;
test,"p>&,2!7<\e@z^r-iyvceQB|-""e<sg`)e^s0Tme+u<CPpbKw
M",Check sum is F
test,0q,Check sum is A
test,"&<BR683^,$w1_8$pv
AkPj""XLs|}-ll]n
|*3X+[",Check sum is !
test,"T1)R{jZaaV$o[J[x:""19a=G	>z}T	\1S&>aF<032ES0'P",Check sum is C
test,">R]=NI\Oe&Sr?BH #3
ogb93L()XBm^fyeT\OoA3/^r<z>-Aw",Check sum is I
test,qit/>8l,Check sum is ?
test,9g:'3qJlJ~ra}{NKr-,Check sum is F
test,"+8Gu)VOY$a""0cu4Q.3'DK5!nl.]yxQryhX/{WAPcDIFMwSv",Check sum is .
test,twDs{vykaj-,Check sum is O
test,"Y;""uM|E$A7~hXX",Check sum is K
test,I>BkT-S9W<r:XW0-S&FIpcT=e|AcCnhN+bS[5rmPt83}2|b:`,Check sum is )
test,<O-2HJ99##up[[@5O5|?OCL{f~7C<Mw>tXTA?W>+lq,Check sum is U
test,b'wb2(\!+ly,Check sum is )
test,>lvfIkH%5}7gXD.6V0jA,Check sum is H
test,>ap[+Y1[|>KmdLcGKRRxvk&`@-H?s EZa$,Check sum is _
test,4O`^/Tp*,Check sum is >
test,";
0
gSw",Check sum is P
test,[{</,Check sum is !
test,",z bb%""w17
FoFP}PE1Ij'[umiH6g",Check sum is M
test,&;\G,Check sum is $
test,"@ x&qc^M-MAG'P.n,dq,xuOljF$r8*@^~ @(2k""X 8^QXT",Check sum is ]
test,"3	yKoMy\cmV[9fEa8""`'\#q!q^t@@20",Check sum is N
test,#8V~Q&Z,Check sum is  
test,"8fV3Rec_PBL@0${]o?O:`h
iC3\9']/2b-IKtBj 7K`..2	P",Check sum is X
test,CD$@Z7jc=UZ zm_N*c#7T,Check sum is D
test,"URVt]ZFIyB]pHb](UAZEgz;^[{o!oX3QTh5d(V,iclY+/",Check sum is X
test,UUA\eR&kU,Check sum is D
test,"4dsC.wac}/""Z",Check sum is ?
test,R5`CPTOH',"Check sum is ,"
test,"+9z""?{",Check sum is Z
test,qnsF3:nm5=vuJETT2rhRB>p_MQ{,Check sum is Z
test,"X)f0k6X8m8^_wX[%""8",Check sum is 3
test,PZ81a8# !g/_z`\=^f;K rOK-2ieNkOK-~S|V{N!OvjLS?a,Check sum is 6
test,"_g4vD/Mf:bY6?!a/:M\No#;""G%K>
{}T",Check sum is <
test,"%JvE_}rF:lPoL""lX@em$/",Check sum is Z
test,"&E8`	8D[2+sOi `+m}XECP#C@Ft@`I'FXo^KB,7AqGyl_QU6",Check sum is 4
test,A=rPp`[RUr,Check sum is $
test,"x/!LFCEUR4E"">,ko1A[QobUh",Check sum is 4
test,p#)l](UdEzcUR	T<%)k;q]A]j,Check sum is 2
test,"^G,;Y.r_s;4`ra	%ZIya",Check sum is D
test,*58nHp,Check sum is ]
test,"{v	[Jc;,{CyCh.{;G3bMZY#PO)",Check sum is V
test,86p!B;2QBWa_aReH%@b[#n9PDgN,Check sum is M
test,T r,Check sum is F
test,"(s_!e>hL&I|JJAS""F3Z8372N
	&{<Jy}xwQv","Check sum is """
test,7Sq_&,Check sum is  
test,~<:A,Check sum is U
test,;dB`vox(!8qwXC4+qP,"Check sum is """
test,"v`+E^Ny/x}Ksc;,C#7w""V",Check sum is C
test,kE?g]}]IMNIkMLWF^Pa6Z%,Check sum is ?
test,<~xv?U6TtZ;tj%S_vxzs*,Check sum is )
test,"lHI[4L9JV""! TI*Wig<B4}[oLu1NEX7A*r6dN@bBk~",Check sum is A
test,"C:A.x2VLnjUS3admx,}D2.bg;q D8J
+Qx6.MB;",Check sum is I
test,.1pqaW!;o.,Check sum is Q
test,qt|x.5Fx^Oco{.%ng.-&3QaSA8`	I),Check sum is I
test,_<,Check sum is ;
test,"l
iG0UWKM$d,kTm&P"":$*oh*EttPFXQ19$/",Check sum is $
test,"+$""x94JRryv}""n",Check sum is @
test,">0SjOt<j~<6:'!y""dvpI{Zmv>s",Check sum is =
test,"7E!&4x"" L%(gh+QwFL-x'/z~]{6 W,tLduK45&d	f8e",Check sum is E
test,kB|}I,Check sum is O
test,"DEi,TH4w][",Check sum is =
test,"ibjERH4s*BfrSd3XYg>,#7V<<",Check sum is 3
test,"$g1?Lzb$Jqi{`(Y-+T32o%TJ2Ez7""T?z#\mht;Pp",Check sum is D
test,"?BckO=e&s	0+G""W#k\om12-	yt
gwdvdUT<m{|rlO",Check sum is E
test,nSOg%IBo^+P[.L8ZA=c6'_\CKzv]`%Oe/	AH5-$+,Check sum is 5
test,".U	kr&PXihM\jb:S$AjsW
pyAt1ULZuW!;8?",Check sum is 6
test,"SYr_X""3ZCa_S0-sLKXRa2q< %N&SC!hITL[u\6Ia2}3xk:=j",Check sum is >
test,^\9PVcqyOK&]^v^,Check sum is U
test,j!x`hR-4SzJ`$+tQ#~qer8i+ZZ=5=ZCF`8,Check sum is <
test,"B!ln:	E3*:S].$>574RW!T,D TLQHf	<!@'OH	8#G/!\+7",Check sum is F
test,Q~@Q!*h0u$PSpgzk3HSRO^n=|p*\H,Check sum is M
test,"R%9&q5}
tbaif	2pJVt\vC)0nk\|$OUGIbA].-F'p&j8vk>,14",Check sum is O
test,"dCjo_+AE-fe_{tKkH=(Dkn'oPn&lj""""T~e|
]G@LZw+.qx|+1K",Check sum is -
test,"s,",Check sum is ?
test,"87IiX^?l#]x4{Nv{A,56
pg%V=L*j`]>:
=y@.c<\D3AV(A",Check sum is .
test,yxv>pEU32<H,Check sum is 8
test,"AW/J&~pxC)evtFt#+?>#4m
""Y",Check sum is F
test,iO5rh.Q:1VVM|/OJkptJAV]}s?Ks(O#S}D^,Check sum is T
test,.N1:]${Il{;d]fr6~\euQ	[,Check sum is &
test,"d=wyes?aqrD""u'hR69DfWm9W[lj,nE?&A	l^/n#_j*+QeiQ",Check sum is L
test,"*JD-xV7Wwj'sP#z4
Pw$$""A7=<RWr8CwM0^V",Check sum is '
test,"+R7P(wM94p_?DSarski^5o5Fs]'P?5])
5i>O2C",Check sum is $
test,"HXO6wf2=>Cd?=I,7R7_xXO2&",Check sum is =
test,.:'614fD^/,Check sum is A
test,"ryd `~p>{qBu=H""!_ L'9+kV9%iOR
5S>>Ze>7Oz{T}",Check sum is \
test,"8j""-rAh $wbQgiyYccaYs9>1K\85#;Smy'sRV3@y\6Jkoy-~>",Check sum is H
test,"P#hb-|OB0-XK/ 3)0P8Wx6h~)<V{`F,s",Check sum is  
test,"O<=Rv:~Dz5y61XOu""S|hpxH$5%FyyH9[BA9",Check sum is .
test,"~Ff	&&K%ke /v:1Gm{5 n,'Tw",Check sum is _
test,"WL|1"".TL`#2E}M%dGt2=/jao,D
9a#\V",Check sum is )
test,"},lLo3RB+#nw]\[q]o%Zx}D~	s `Jm{pU =j'G:2,I",Check sum is :
test,JCiPjFcfI+:=,Check sum is J
test,"`p[:""A]I;/5!}BzTp-w",Check sum is /
test,FlAfM3nY^88y,Check sum is G
test,"s WHfhOP/\d
D""wNTQ{K",Check sum is N
test,"DGm$lpnYmQJA""@""2TU{_;5S0",Check sum is T
test,#cs7|,Check sum is L
test,5jl2D7',Check sum is ?
test,MX}zN1Lb;I{z9L[2qEUbE,Check sum is &
test,*YIWvW=A^] |_a5'>49Rqq\,Check sum is <
test,";z`Di2K?K?kN%0@uf]sRBsgpCdI""#S=`^pD/CIXaZ8#",Check sum is _
test,KA3W!74.	zRsYA]ANE2A0Cz-@./#Ai\,Check sum is V
test,a+}	Nhm4Y*}y1)/`Lh^Kr;(,Check sum is ]
test,H4YWx,Check sum is D
test,"9<+3S""})Jw?gGOV|fCPz{@&dZ&#lvFDi~>r6`i",Check sum is :
test,Sr8Zmc-GI2,Check sum is 6
test,"}x,N",Check sum is O
test,"E{p1""7v.@lfJ%9CR`aLQov
1u^",Check sum is ^
test,"""6?~Rx!",Check sum is  
test,"'HQ&'J]+?+:WB	Ouz 0phS_BiB>Mnr""1q0Q'$X3~4",Check sum is B
test,"^k!(]l-P2-j.9ld4uyn]dbTnpIF>aY	w|\XK~e7""zjxSsjH",Check sum is /
test,|]BM=W0m G'0#.Q${i.Z;4x/khsgQctz ZqN86:5Of;0=zp 1L,Check sum is H
test,~UySZ?U,Check sum is -
test,uwq|as,Check sum is M
test,07k\5q%yvdaUlI5jF4iD>%k)#U1:	4\W.*cIV,Check sum is A
test,%o7g7LA(\s\Gb#zfIv.fF*	MA;FscimN5j_,Check sum is (
test,^rxxHfaRVu}.ct'W.7v,Check sum is '
test,No7JI%cJVA|wX_]UiLl,Check sum is M
test,d&<ix%l,Check sum is X
test,"T""UTpg/n^t5IjI7Q9=6QIEbjxY\0i`",Check sum is ;
test,	6tJ+QGff D6+p-lhNthZj^>?z	^L<,Check sum is T
test,b:ECyB?:4@e/kj(fWKOS E5i,Check sum is *
test,"Nn`xiB/NOD]N}2rj,X",Check sum is )
test,"9!K""n~\`I4R,*Rf9J fDas
Ff4",Check sum is 7
test,":wcGHKqrA%y]hC6xOZ}-(
;%j7EuHX85h<FO#d=F|]*)LWQgS",Check sum is 0
test,"2ur!p""=:(?sm\",Check sum is F
test,"z2t:JH+1W_~Z92UU|m%f%Q=>!A-ST371E`u;<W@DHA-""wME#:?",Check sum is *
test,DOQE'ClrIU{nLEg8\NEO',Check sum is -
test,>VRACEPE(,Check sum is L
test,"&Zic5s""yVXl*",Check sum is 3
test,"Tu,BluxE9)+o8%;hu'y,G_`0]6v	xK%[sr+/RO\4BDzZ""",Check sum is )
test,:WqYZ(TxHTR*+hhBs[~}y<sy,Check sum is H
test,"e.""*1}m z)*Ncr^Wm5gjm~yNe7Jv[,	gIg^o8?&{j&0aPnh#",Check sum is V
test,"}js""$nZH5t1+:8l^=/(zOy;U\+#%",Check sum is F
test,cn[&f~c9=Msiw+)H	>u|r&ujz^#,Check sum is U
test,q@^j IET,Check sum is [
test,R{<:+MSNeJHv^}@ \o3^7.Xui=F1Z5u21a,Check sum is W
test,"wI]]4ODMBgjzB}5/[Q$]cKhJ)AWl^|Y;GJ7o.,Vx]",Check sum is B
test,"	_)f8JeVC,\UkSPWOu""c64{4sN%Kz$
j5VV(]SW.X;Fj",Check sum is ?
test,}F,Check sum is #
test,X]2~(Pa..HIpB-ax:^?Y(t>?9a),Check sum is O
test,DSZH%s]h]6^r[n^uw	 N#4^Ab=#Hci,Check sum is /
test,!rF}x}xW:-}C{,Check sum is \
test,"!Yc""i)k*ghBj-
W13w@GgSr",Check sum is ]
test,L)V-(M<XtIED^,Check sum is E
test,"Ls,(0,c'dc(N5QlZ	s }R3uvpf>""e ]
(50|XgYNDg&9T3W",Check sum is $
test,xk`:BO2%W:p`>KPN>}=|ole:{!hk,Check sum is *
test,":PKe0W.]""RiNacJx$",Check sum is A
test,"S
LUs_77!HbB\CaP*z",Check sum is _
test,"ibf'EDmw6K""p;RZCOb@[y2Y:","Check sum is ,"
test,"XS?Ij30.o}vS4)]WQ,%",Check sum is 6
test,ho_-dw*O,Check sum is W
test,"-W
0OWInlo`~|",Check sum is 0
test,4l^4OSVrg@#	)T-1]da^)%(,Check sum is  
test,d6r[#?)G-4 3b21:n@YbP}gr*%,Check sum is *
test,{nDF}I29>ILh%qyf]I.AKZA>L/_	EjmKASP:7b[n,Check sum is 7
test,"muJ)5)5:j@	(, ;C(ugl;ak]^V",Check sum is /
test,"=iH;@kWwr!O""-""hEn!HfTAlT` v F7#wBr2",Check sum is '
test,"$/""eubVF'T\J/\"";",Check sum is 6
test,"SiGN:@w>#""P.iP;?}Gfg:%",Check sum is F
test,%	0g%|F^,Check sum is *
test,pl,Check sum is <
test,"
AYJ?];OhRAu<RT/;<XJXg6(;)u#",Check sum is '
test,<s}Ti;f1bCb{oq%,"Check sum is """
test,"AsX8[T, YC R5Mmew6)I9k[?Ae%vhBh7N)##&l!##%5tG",Check sum is 3
test,o85_,Check sum is [
test,"av:%j/:KanEq~1Ji&Bcz{!\+Iv
jF#}5Ov[%:8,.'g`[BiD1Md",Check sum is <
test,s'n(^%EzIrZIX7WJ(Y,Check sum is !
test,jdcSn,Check sum is R
test,!vNdz+6sjD{QZ?o3Pe%T$RARyDw}gb8UX^,Check sum is  
test,qP%Ah(]|t8+*1f[-~,Check sum is N
test,tQaKM!9GUk`W6]I3g!+KK,Check sum is N
test,^=y6h?Lc-70:;U*)`Su`I;~UU)qXZ*m;`zk~ePof1X!)i{W 9,Check sum is 7
test,}	G47>tERnoylrg(-X1*EOE+BX[oc01gvG(E6!_,Check sum is 7
test,*hv:rZ	Lm$}Xy`9_,Check sum is Z
test,r\h0X:`zTP'w8v6RLF2 x>X|)Bv6,Check sum is /
test,"o
<=]kf?YD[v,'/@ll^~N+",Check sum is \
test,_K86v6h8T,Check sum is X
test,"\1#|Zim^bJ{2N~__+kDc2oU^""PAfyYdJ6MHh""%5p2Xn%0",Check sum is S
test,"IOX)u36raoz15Wl-~MLtp+.o%X0(gwGV
@`	^",Check sum is M
test,"cZ
|&0\q2RD\_L^~+cCoRVqDqt->nDWr xEhl)HPJmW""hE",Check sum is (
test,Xz<:|7_A0lzx,Check sum is I
test,"xB4N(U6o/	k!Lr/..C%6|jN,33cg~",Check sum is 7
test,"7d%,[$P)wH]{+@IAi:l|K-9utW:*5?CI^,P2
NuO9H[CY&V",Check sum is L
test,1CS+4EWc.EL,Check sum is D
test,Dh{*'VsN>n?]g/=M2?,Check sum is H
test,"AJvb]VFr94a,2$c4:",Check sum is O
test,"&3YdL8 'XmL9[A""Prwz3WXQ?fu.<&9u9#NH(s+]#",Check sum is ?
test,Hg!Z0T4IRpa,Check sum is .
test,"&F0;cN=]^y!z,[""=s^8cyS.Z{",Check sum is U
test,"7c9mD19A6qX`6W""d",Check sum is A
test,Lv}'1@-7\{#D\MA:oh*]QN	DAu6@OK!J387co&Jz,Check sum is V
test,SH2qRj9lcd&98Lo^*,Check sum is  
test,"%/ZR
n07h\zfG#{&GUJUDL^f2.TT }e4`RIRxo}a""qc	($",Check sum is X
test,"s%w,F<CoM!*F]IkGUhj!O]zoUzIzwF3LRyV",Check sum is Q
test,1C8L6S)++jdjJn6Vf<WS3e^z!sY)w,Check sum is %
test,"~#=ca39B=M X8bk ""\iqcTtMX7E}d;!x]d|)qN*u",Check sum is 4
test,"#c!j1bg]>vIHI2zE3L,gz
dEd$24mJJiY$R[}d",Check sum is )
test,S{hKYNRocUJ9T/057/?e<T1%YnB`6k,Check sum is &
test,NZ.eu4??z,Check sum is <
test,YfS?&V9z/txCoe,Check sum is R
test,"\?AlTDP|Ky`ROC E1hTtexEn&t""yQF~=W)V&=(""w)C[",Check sum is 2
test,"""TS$FgM^{E^D:(IT@!f_e*`h#`^STD`&:OFN]RAE=XQC",Check sum is P
test,"[,mmS!Vidcq3Qf|ME",Check sum is $
test,"-s
yue""""HMNi-VH6`(_.tpAl+)puS""E+{9*/",Check sum is ?
test,"!m&hf?u/Wl0os~QHdqaOc<{lp<CsexBu8&""@j}=U_$,98",Check sum is K
test,"7'DOFun~y5C>J~,$q(VahPdJmKbd<e:dF7s p3",Check sum is %
test,"ZBf;`PN0x,=&s.M[i$J::Igqsd""(P`",Check sum is X
test,"CvA(e2[r)Qu?jk>&>
M=wZ>'=jc,	8/(C!t?tp$@0^KsA_8C(O",Check sum is  
test,-}DX@B>2d@89+tByU`n*okADQS}q'5RPX8sz,Check sum is @
test,9h.Hi2yG0rNY6j#T,Check sum is 2
test,"rJ,Cp
h,#aZ8
SvT4M 14(4B8^	/c@IA3/z3{5a%
VTW%*X""QY",Check sum is 8
test,"/K3G99eU{]3NHej 
_KB~|Ju18t",Check sum is \
test,"[r<QZ$""erX]$uZ]dF%6
KgV#f)k'1vOgkB=",Check sum is X
test,DGjtt|*hF^4	L6/,Check sum is ]
test,e40CbI]nw<umpCuM]4#.,Check sum is N
test,"	* 	)@=4G3Q,0'M#:.E`)>qLIb+A_+Cq`aF,\or",Check sum is J
test,"TCCJrq6U2%SremYNE+
;*4<' ",Check sum is ]
test,"MFH(isQ&%9'p8 hWP3W&MqSz;qAu!y+F[,zr9J",Check sum is 0
test,".!UE5Ga|Qv;aJ#nV,;5trQt}>ILG;0*q",Check sum is Z
test,\~/aaUAv8^pbrDTEP,Check sum is >
test,)71,Check sum is 1
test,rBS/yR#1uiqd|rXD#.5v')V:;@ro&xM3sT4jZbQ6 s1$f,Check sum is >
test,"\O%$W3G{STu6XUW@U.|1[<zy(5#
~2- 	#<w",Check sum is V
test,"zA[_4ugLG2#T.	Wv
@7 Y}-KoE(",Check sum is 0
test,d.,Check sum is 2
test,"""M+?0F[q37'
(<G6C>lYzJ{Bg$U(^zMQHM3",Check sum is D
test,"a$8%ZBA=lQ1t5
dA*om7%LDC=$}iQ5iBuuvf-FP0o]Sd|",Check sum is G
test,<>3Y()+R\0j#5xvz3&S51x0F(AiV}nly,"Check sum is """
test,wM:c,Check sum is A
test,`yQ-i'IeEE{2Iej@rDS	o.'K	Oym)	vb?girUL'	,Check sum is ?
test,"BHtryUbS{($fls(9*Me
A!h22]5C37I7&8_1Mx=	l",Check sum is 8
test,"U#Hxjmo5A:X\QOT[
]!'YDpDP]3",Check sum is 1
test,"f[E~Z5Z<7KC76iu>#/,2rC",Check sum is <
test,\BEB?}A~mqc?\UGvOxp?mx=<O,Check sum is Q
test,"Wq/Zz
+[^,,bh fJ\w&",Check sum is D
test,"8jnH<{OgLjaQ:M
&BiVh-\BbtKJEEtW",Check sum is 8
test,whr3~sOnR_z$I,Check sum is *
test,U$c[Z#p7b(;MuUHzKPoJ U86I,Check sum is Y
test,>(i/3&,Check sum is 7
test,YS+Tr,Check sum is =
test,7x!c~-!M,"Check sum is ,"
test,JJ\liOXf8iRYi{bcEI]Vib)8Sm$+m^,Check sum is .
test,"c%""pVDK^WFAH?VIg-(@aglMVD!AD3bfG3{4
g",Check sum is S
test,"~sZ$r`GbAsE'qL+<Wdp(
st
6QJo@Xb\a ",Check sum is 3
test,UZgY<-SN@rQ#_1hWa>y2(M'vVD%Fe!1UGc6,Check sum is [
test,7 nCQL6|d_i,Check sum is #
test,"-Vi|!C&hEv#rs9i+Z|p'z@$K#NPnTVnvY]L-_PyB""TZzE",Check sum is E
test,H\=b8m4+ZDej8??P,Check sum is Z
test,[ffam~Jhz3w,Check sum is )
test,"u2{5?2mi^GCUs'~?S>iV{,SgsQ(S|Dk%",Check sum is R
test,"=TEO""(!%^|7kW""'13l
;.>2K>g@f]R3:wSCQuZp}IaEv""K# s",Check sum is 8
test,",7TOkS_n6Xh$'%%jiGliWv0mZ],Ei
TWNsWF~B*7|VC0+~n",Check sum is 6
test,"(,a1R)lq	""S'&aou5Y""+)nIZ8:fwAKh""OpNjt0",Check sum is C
test,"Pk,{KSWY'5EC",Check sum is 4
test,"q%ir4XP^<4""bw {i6=%'T|[h2z/3@,=S[;^k""	v",Check sum is V
test,".,_4KfEU<{*+^%+f!V&(DO	GTk",Check sum is _
test,QMadPv&_OdM3_Vy\Y,Check sum is $
test,pD&.L\UPGzQST>,"Check sum is ,"
test,!mn?<M]T3T[NpNtn_)v-[|!~7sM/Kf'mcMU2?	]~CUNEZv*FXx,Check sum is F
test,?uR4Q&B,Check sum is S
test,WcCr@?CQR1z,Check sum is _
test,e0n#`p;n/Xgq,Check sum is ^
test,!k7hBx)zd^e$k]|fgs^IM&BVf=X(pDNP6<,Check sum is P
test,VFK,Check sum is G
test,pd'Gzy,Check sum is U
test,"R%3ZL {Nm=8K0cmW[+^fz/r3AVv,`s|}aNx?	B]#$hl1p8m
*",Check sum is ]
test,Wpc}(|8$,Check sum is G
test, fdN5GmK,Check sum is L
test,@o~,Check sum is M
test,"8_n""X4^GS""Dy}d$(;ITWr!R\by%3;iz8H'sIIQ;_G~_Ga	~g",Check sum is )
test,Ki=:<`n&~@[7ctI/r+%X	7(iE-cv&F2fsM'qYvT6A,Check sum is F
test,"
.Q-~i~V?CE_G>=`O6L\\cO$",Check sum is 8
test,"X0dCY#l,j95uT.RUS-ePG|WM[)d#
@ygG",Check sum is 1
test,d%C{+j,Check sum is <
test,5pJ$*$`7,Check sum is X
test,"Rt2
2d$>%Db~5\/5T4Y",Check sum is 9
test,",@V\*\9D]; ':#-m",Check sum is W
test,"qA]NK'Oz|3}.[Uu3I6cg
O>~b%8G{z	(r^OwTK9GTrt,",Check sum is O
test,GfWFD1;`yzm`py a9s[j]kJ|.^j~9mH'9kC{Y$#u- v6N,Check sum is *
test,]$QaSrz1M?l4B5<~aRH$1-mH$Rdpvz.=jF`,Check sum is G
test,")gb&6l]v W,OF)x
MOfuH`;nt|B>h",Check sum is 0
test,"I""6i:^4/f,",Check sum is 7
test,"GF;i)[G=D}l(l{)[AFhyz2f{3|lS
!7^8\g&Ch*ctT$K+tDSo",Check sum is 1
test,";h
@?JFgTHuh+'\*""BN+",Check sum is 1
test,ve$g,Check sum is F
test,"UC&.""aous;sm)tf5G~#L74?z)s",Check sum is -
test,YRr/,"Check sum is ,"
test,zu;,Check sum is J
test,"<s^)F'px!SFJ<Tz0{/
?/yhyu6y(X;1oVO-p!i",Check sum is 0
test,"m^MQGEyL,g>~ u{@",Check sum is 9
test,^W'$s~u3vmzet})-,Check sum is B
test,pO?)vf7MX/@,Check sum is .
test,"BGETS#E_mzjAd;|[]HFpcl1ZbU]6/m
lLH|u""Z",Check sum is 6
test,TAP'&s,Check sum is E
test,"WNT^""r;q",Check sum is 7
test,"]>n aG+E""$""'8(r]TC];",Check sum is N
test,"@%2;Dam8'KQ[eMb#nT1`
O_FnMK}? Z|e%dZ4Wr",Check sum is _
test,"->W='Q
<3?Gat4Q!F)y>G&0llIjT^MDV%-t 8ml]$h!o",Check sum is (
test,"#8Aa=?U,^#c$4U|6{Q@I7PQk6MB'r/15{*Ny;",Check sum is O
test,7$6?f%I|OVi5Z;,Check sum is X
test,"'JA-""5e:%A_5cLN78!9",Check sum is 5
test,+4Dk0&HjpKJ,Check sum is ;
test,"!0B9]`6ChtS**vs*?,/b26x*WyPpP

/e=)e%E",Check sum is ;
test,"K""mS
tYfy\*W&k*""Lb=q|7",Check sum is L
test,sk:	!T<6ARw,Check sum is 2
test,"{hb\V|u;-Xy~E//.8&	J2r[J(Ga]4{:s""gZEoLXh6J",Check sum is 6
test,"mWCMEib}P~_$6T-!?!u0sp
{)>h'nRDY~g-c|yS0",Check sum is W
test,"2kq=Qzdkc|,%1jjA;&837..nEWt
cfF/)?FE
AH",Check sum is &
test,Z%,Check sum is _
test,pn|E`|,Check sum is [
test,duM4,Check sum is :
test,yse3KGA~rg,Check sum is N
test,{N|q<&uE[	$h|vCF.OBf>qu%O?ng TjDQ,Check sum is !
test,"V0G:;:*>X
HRh'BhFWo3{""KM1|a;j=[6V0LY{",Check sum is T
test,SmNeRmW-v28A=,Check sum is 4
test,"|YqkI~""rv6a [Dk7NmH?87@y#",Check sum is '
test,"u{J#L;O0Q~\87eb9-i3`_O+Y5HT-yt{""N|",Check sum is J
test,W<:8M=(vV,Check sum is #
test,"0VzyN`!N6#yUmt9GI@x]Dh\tg)qP.aAsHhyy""N+Jv",Check sum is )
test,|u7|Hr(8*e42c=,Check sum is 3
test,"""SL
",Check sum is +
test,"1%ot/X>;SNF	|	>hTtP),}r	o%wF_krMqdI9y.",Check sum is 1
test,"#Z7U U`Tnuo7:)S$]t2}~i&KBgB	+?6|,/!o^;E""_)`@",Check sum is 0
test,"=""fz	yx'|",Check sum is <
test,"<Q2ea%+9ttO,JYrKA&W
i ]_\f\#PKqawJaUjSS^",Check sum is Q
test,"3i5>aD,)o",Check sum is X
test,"*MC(G{;bH)$s>r(
(.Ei%vw""TA\d.Zy
",Check sum is #
test,"#y=@^UlBN\haU3	L\r.#)2X$z>f[6JCc""|#3q;cb:",Check sum is ^
test,pb0uCaCWj2=,Check sum is .
test,"W!QG?qb9*9turBr=?W""iMsv)2""=)^@ZCihX%A",Check sum is .
test,S~A^:]QX,Check sum is P
test,"W+{q<r9V,6R1e7L2b`	U""""O0Dv<s]>!H*Uv\	",Check sum is 4
test,Ia^_<[IoPf=	z;p}C=N_J-0D 1(d:(sq@cb^7;]bgcXVs%PM=o,Check sum is \
test,"9(,0QPO@?f",Check sum is 2
test,"<* P|8""0yj%
-P#UFieyd	'2zW	/wVNw[I_kFL5fuW^Tnr?u1",Check sum is O
test,-w_X GUh[7$X_IO07Ftd<@(<H=pZ{M-IO[1gspNS)QRP,Check sum is 8
test,"*pcp~hG
|f=""	'J<j]>6qm%6Dp*Eg\2g9""u- 5;n9""<iIv?",Check sum is '
test,"66ofd""pE1(^
.!k|WgaXFP5fJ",Check sum is E
test,"X`[FP,w\[_}7j.QxiQ",Check sum is Q
test,u46);_B	3bt-84$YzP,Check sum is 6
test,",^xuH~bZ	?K<z]Gsi7=+[.QHdHVM8^gr8
v{*RK)	Y[[T",Check sum is 0
test,br1{3rL&O|Snxx}!k7hB,Check sum is ]
test,\#UnrXdE9}b>zTZ$<E)|6qYj2Q^#rJbJs|79~}>,Check sum is K
test,_(tWs?,Check sum is $
test,"4T_*eggN`v9xV+""*2IDa`W@']J- 2""qqlp'te$E`<Q ",Check sum is @
test,"""6H F2E?jdGmf{'07~,;19.!T|C7^)2K`)G/C0i>zA?lV<S",Check sum is ]
test,"$
~#oCg6^p'\I28+)D'T*	Q\oZA^01M#aiPpNKp2=PCi","Check sum is ,"
test,"n1lq 7F7\	b(\s@6db;(y$D""?T'lV jipNt>TgL#P]U",Check sum is [
test, 1PrDqoeZOR+FKN+6BW@Dbf32v/7%,Check sum is -
test,"S:
""Jr21UtY\zx&QW/s)D2Y9YcD8JY!Z8]F)hV$s?sFSi18O",Check sum is $
test,"U""8P6M 	b'v",Check sum is J
test,!pbd^']R3@]3z`,Check sum is H
test,"uI\~e^V?	#b_w4]2^bKn<kjOW
#j""T",Check sum is 4
test,r>:dQf=!57oltU,Check sum is S
test,"2	gMT\Kpgi!5D""_S,^	_z<",Check sum is  
test,h.iKdlKS wl~T[t-DX>aF!o |+Q{y,Check sum is F
test,"FMQ|D*(s9y97_c/_@
wq:3di73AtHzB||0oNLrorEi",Check sum is <
test,evhp?>u+9xPPlGNu7(och34(eit@)EJdR(B,Check sum is 9
test,"""P';`2r",Check sum is 8
test,"3,\+N%]ZK> 1	yts)b6N	wO~MQcd-YFVZ5]	G
,|",Check sum is D
test,"+\EH~;Z>,zwCNr;0 \<v%D~!gCm""N",Check sum is M
test,>rg39OYI9x,Check sum is E
test,"iFd&hve+8zu4WxX	|`xtY;m'1Orn2^C
 @2|",Check sum is M
test,"aHw	,=e3J3^e,aSz|>}bqP_`QT\.?bhT4x@l&Og^
@"":mY~^",Check sum is #
test, \Mz,Check sum is #
test,zCmH5=!|me;vl2BYdmD!t()D$D ~syJsn|GV!,Check sum is 3
test,e&,Check sum is +
test,"(K,yV|'-w~EXtL$N\=0YZ^_5@4",Check sum is D
test,3wYqSCZ`i/2X:.-+,Check sum is F
test,2ZPO]eBQdUH62Z{GWzYs_3,Check sum is T
test,"v9*+
XIH*o?f/a4UV/~2_uA#iqO(|@3e1Ai'r0V,;]rWe+R0F",Check sum is _
test,+vSoY4}4xq	9^^3kG]w,Check sum is !
test,"vjuBX4PuO)VS=$iPYUy1b@F,@,UB",Check sum is 2
test,J&`;+wi	O,Check sum is N
test,cnu]%@Wgifq7,Check sum is ]
test,"#39vF5@>3o""MX	A=.7\6""@x
+`n7ot^T",Check sum is .
test,"h]wa\
",Check sum is #
test,"1Hru=0APv_+Bef6^RT
n_	NnM?	nbs(%f%:e!:aIs""Gd/",Check sum is $
test,7>YZ238%Mn|$tW=qG?Z)iKMoJ&Po9>2>+nVEGWG$'+Lt{N,Check sum is E
test,"-KEr""sy{*j","Check sum is ,"
test,"_Ye1svy,<Z'_C+;+OE`	Fr$a""""Pu2aZ`,[T\j>1RLD<,",Check sum is V
test,\/'vW4vvRHVID!	%>8Ekiw^G>N9//,Check sum is Y
test,6'WBH)Sr`vlv4EIU|&T.NZ_z5ag'H&v0d&EOe]#ZL^3R,Check sum is D
test,nJ]1Teb|Dp'f/],Check sum is J
test,"LP.#(AI""+<vs7u>
<[n<%1ywSXHV""w[	jeTA]tNzVlI",Check sum is :
test,~Y(yVpYi!-/;=;y/Qe[2]~l*@&%jlr$U7UwL@5nAbd:K65HG8,Check sum is (
test,"8$:{
cCf8Gh",Check sum is .
test,"{1Yhvg7X={,$ulh",Check sum is J
test,;sOBPf;{<996q<h9,Check sum is =
test,C::hk=W@f*<Kp:Z~Cf2^~y_eqL/l*Uhq7Gop =SRC2<33or,Check sum is R
test,"n?b&*0iJ7I4+)
R]@
W^8'o0",Check sum is  
test,m_\o0&J2 $<el<mZw*,Check sum is >
test,|O4v]g(DC8sDnp\p:$]O+hqr$:.UgT{*$27|Y_0,Check sum is S
test,",yet",Check sum is ^
test,2TIu)|A~dCc_yKFme2	ZJ!)(H,Check sum is &
test,>*`Xpm4x|a]drsQ7P,Check sum is $
test,/L.)Y5,Check sum is @
test,"YIi	n{:>US}5
fa/*7uUaPqOOSMt.#qkTN",Check sum is =
test,"m
Ebn/C]Q
YBsBTs.
I]j;CHu`",Check sum is P
test,-]X~Y7zV @}rF51y4;w1W*]RW;y)lS?c@cB}glT!WiA+,Check sum is F
test,"9tR3^KrQ	Kb6m,	$L_""$",Check sum is !
test,"X'|O
7Db[I",Check sum is 5
test,"NPom|sX+%rEkER>dRO5Q'{GD}r -\sk""!Q",Check sum is *
test,!Z>oW))	pio-@?Zr.I]pI,Check sum is G
test,"pAZr/Z%6i=/XO_i\?35i[oqOhssV)r /-""e M`gaAM>",Check sum is ^
test,"EzY<6,11do{zZE}'8tPD?%3=eMV-5<k:,I1aP;#aUKBL`tR",Check sum is L
test,"8'-s{_#2}Da9O'5D?[`wENNZ>eo>}b:(SA}R""qV@Lk=NF	oGV",Check sum is >
test,y]2uh>jf,Check sum is S
test,<FQd	s(!,Check sum is \
test,"S>wifQkVp_+)$>\b9SI0`-T04
!a","Check sum is """
test,O*S r'fbWRH /Tp,Check sum is 1
test,"c*t@mf1GA""i.BLZnKzwh7NEr&=WM=Wn9P{34)_dpH]}$u",Check sum is '
test,F[	eUYdeOl&EQ3_'<#1&<?M!XxDMb&^\kg8,"Check sum is """
test,y{Ljx!:?k,Check sum is G
test,"9D5]fS-+p4xQpYgEOP,#W@}6?O5=xZUn[}j|#kKD!>o?KYi",Check sum is $
test,"Y
qnLA cY-=",Check sum is 5
test,">e:""iid0E@=2m9h]cp|wzO='
8oK_`9o/=q",Check sum is W
test,"0;p#24fWt3y,7O=.A:_`J9-Z@Oq7D *={Ky@(1\y",Check sum is 1
test,RE^A#OPrK2r@$,Check sum is ]
test,)j4?Mk|,Check sum is Z
test,kQH;kaAQ,Check sum is =
test,"6MUw}l&C%7m=&y2AWjiCPD]lh<.<=}+6bk5^*1ZKMdqB^
F(",Check sum is &
test,k|GB;6p,Check sum is 1
test,T:<M6b,Check sum is O
test,AVCQZa#)ge=Yv.s,Check sum is K
test,"*/C8zdwm/s'ZsV	Z#S,",Check sum is '
test,fN1Sx,Check sum is P
test,BeWr1i?GsAx0N,Check sum is Z
test,/(VVM	,Check sum is 9
test,"o5i}ld5t1C_%,vt7)R[C~Vj&zLJb 8^Q&3oP2<#hvR",Check sum is 7
test,"o >!F(I-E@xv~3.]xa:z.
$Q:}w",Check sum is I
test,"bUP2}s=CK'1^aQd1DnL	d	#zhYg@,az7%KJ%u7XVWH:KPE.",Check sum is (
test,pjlwiupMNtqvB-lXri8D,Check sum is +
test,"5l9d""-WHYs7V $R",Check sum is ;
test,/s	tEknb5T#Hrj$FJ~,Check sum is A
test,"D7G2zN_pRJcaZTW6\(jl|
a5-i<4e(mlU",Check sum is =
test,"L?@9+]v~)[:f{T0	tppN$9U*
H 
1B%;[`LvAq(b",Check sum is R
test,V<`@)gB^,Check sum is B
test,u0UFNk2H8Uo'H>m^TWX/3}kPazaS'6pUa`-^eX4c$,Check sum is Y
test,<SQ=8:jx7Gjjt,Check sum is W
test,"n][V-F-5yKPSK&
hp6L-tud9t
",Check sum is ^
test,"pyq	}\~G-H 	,""v:Kq^8r7wTs
5m3%+EP&2JdmNcDm	x>X/4L",Check sum is U
test,)^krKwI5G2G	,Check sum is M
test,<Z/f,Check sum is K
test,"b@{L1p1a5c]
s5=.",Check sum is N
test,"3c,U:pOi4&L<%J;6-/]apgXvWnyVde:[>'(m#w'^I5%O!4euZM",Check sum is -
test,"Heiics-Zsow?,jj~x|=y'D!#CWi3#$PG] Z04
^NAgVL{YN",Check sum is \
test,"tO,6h;$77AXZXA#+""WkrA^pR'1%G\2KW-cy&",Check sum is .
test,9q3aGEpY,Check sum is 3
test,6lPWhb8)FSpG;^C5_DVtY,Check sum is ;
test,"3a>Q0'Dd|ESM/chOin*`3I_Co6BGk,u",Check sum is %
test,bwhElor,Check sum is 3
test,H_3>ZhR8dmYm0}b%W_3Qf,Check sum is /
test,l'E)zC->_6;iCDLM]#cdEE2T,Check sum is 9
test,aKVMr0GfHK`a(GqomO'#Hozh,Check sum is @
test,"1p%m	 .e;!j=KN,[",Check sum is 2
test,".U""`_O	[Iy7]c:p2YQSn{\/!1rmUR'\8)LAa?d~%9m`n+oRO+",Check sum is G
test,"I%=UI&t@?AU\""_<5p&YC:BV>%}?]f]Zx#Cq
k",Check sum is G
test,~d@V,Check sum is X
test,rH1n'(f~qcks6_NnfI4IPizY=*=EDAPD,Check sum is )
test,=x4`Vl6+I,Check sum is U
test, 8Opb9aWM\i<1,Check sum is I
test,".8:""A[\7Lvf",Check sum is 9
test,?9,Check sum is X
test,"kxU]+Y!oD2Cea88^Xj	Cnj&&`R8Tc""r=TEuw,=xZ[/iAg",Check sum is U
test,tvk fVEn,Check sum is D
test,"m55]`%,,&l6;&pLrg~EY~JZ3MjpfdJLUv%kY=RFV6",Check sum is <
test,"_s`obj9'0~yL:R6BAS\|,hcB?3Q	rU Rxh.",Check sum is \
test,WHpAxMH@RZ%[,Check sum is )
test,.R;[0.-kIYH[}Lw-[JN>@`{]F_67NDg_,Check sum is 1
test,"tP't`NFD.y('rM	~~VPT,dWis&@2OGM",Check sum is )
test,"vcgdJG0K{eSX52'&C!kkvw~k1oM,de]L@Sj	FVm6bm4+",Check sum is ]
test,"6 pQP9%!zp	][H	N'R*9|{12WECQ.
LV5~I}",Check sum is I
test,"6FkUd+-%e
m2H.o8|)(K++	$e38ndeqD2:~_/kcuf6!Fw7	",Check sum is 4
test,"^M&K&B_TvW>\m$prpO99v/{U{?""-",Check sum is  
test,"jy;A &{3F`&dx4JqL]1qzKThcgs`-
hY_A",Check sum is K
test,"&t=]WCI/A
x]7N PI4Bh j&3CzO	;t:kt5e\(),$|",Check sum is 5
test,]01fkY4]BhQ,Check sum is T
test,fd7hO	7^Z^dOUE\P;,"Check sum is """
test,!+!)zh6a>hrpP,Check sum is G
test,]Q%advIDO(c\CY:V	H@A\)\6efZn;U.<|qyig7Q/|ekI3yv,Check sum is 7
test,"H$|=WZf<IYsx;$
#L.",Check sum is +
test,P/E/n()p S;:sv.4xlZZH-=UtVcqH_[f,Check sum is Z
test,*b%\hME,Check sum is '
test,"w%""t7W=+5pUC@B!}Yn)h	O{1_DArH )32/$l@M^rK\",Check sum is P
test,jHc=G/lTc,Check sum is K
test,3y:\K/2Fl?UtfP%'-)+~]a,Check sum is G
test,OA{pRYbK],Check sum is P
test,"wSwiTV?cGjDyH.D* 3sms,Is+C3=",Check sum is T
test,"w%9>Sj
j:K>obeEZau, <7l",Check sum is =
test,"R]dH>OL@vh:'.OM,7	H+Te2W2%fPr-KxYp~F$F=< ",Check sum is =
test,"c7Bv
Eq@Xg[POF>\Bhlxd(xBvXy'{\zu44c.gJfzR\#b&H6C",Check sum is 7
test,"uc""*o[3B_g]g%57kBfBPr00		ULs~2CEq:aSg""n?ynVS",Check sum is X
test,<ti^Y+I 1;m`XY'pCo	z	0jc041,Check sum is U
test,"VeR""H/2.
$dVw+\'nm[)c",Check sum is 5
test,"y(kL,9Ih8gU~v-",Check sum is #
test,dRf~>D^Fb[](DHYm]*jUb(70Nc*?,Check sum is E
test,"2K6Yo,QEMr)|0KAFd*sbJXD%zT`Q[.,,D[OX)h%f]y
vP6",Check sum is O
test,\  S~,Check sum is M
test,"l[[
uEKv[FF^T6q0_~vGZ?b'GpZyZw*Uu6Zy4H	A+",Check sum is <
test,"SW;J0Y?G""U'z) #H,98",Check sum is G
test,u#50tSnJyk1:zJ=42J,Check sum is \
