set,input1,output1
train,,Check sum is  
train,	,Check sum is )
train,"
",Check sum is *
train,"B
","Check sum is ,"
train,"

",Check sum is 4
train,"

















































",Check sum is T
train,                                                  ,Check sum is  
train,ssssssssssssssssssssssssssssssssssssssssssssssssss,Check sum is V
train,"CD
CD
CD
CD
CD
CD
CD
CD
CD
CD
CD
CD
CD
CD
CD
CD
CD",Check sum is 7
train,"x
y x
y x
y x
y x
y x
y x
y x
y x
y x
y x
y x
y x
",Check sum is &
train," 
 
 
 
 
 
 
 
 
 
 
 
 
 
 
 
 
 
 
 
 
 
 
 
 
",Check sum is :
train, ,Check sum is @
train,!,Check sum is A
train,"""",Check sum is B
train,#,Check sum is C
train,$,Check sum is D
train,%,Check sum is E
train,&,Check sum is F
train,',Check sum is G
train,(,Check sum is H
train,),Check sum is I
train,*,Check sum is J
train,+,Check sum is K
train,",",Check sum is L
train,-,Check sum is M
train,.,Check sum is N
train,/,Check sum is O
train,0,Check sum is P
train,1,Check sum is Q
train,2,Check sum is R
train,3,Check sum is S
train,4,Check sum is T
train,5,Check sum is U
train,6,Check sum is V
train,7,Check sum is W
train,8,Check sum is X
train,9,Check sum is Y
train,:,Check sum is Z
train,;,Check sum is [
train,<,Check sum is \
train,=,Check sum is ]
train,>,Check sum is ^
train,?,Check sum is _
train,@,Check sum is  
train,A,Check sum is !
train,B,"Check sum is """
train,C,Check sum is #
train,D,Check sum is $
train,E,Check sum is %
train,F,Check sum is &
train,G,Check sum is '
train,H,Check sum is (
train,I,Check sum is )
train,J,Check sum is *
train,K,Check sum is +
train,L,"Check sum is ,"
train,M,Check sum is -
train,N,Check sum is .
train,O,Check sum is /
train,P,Check sum is 0
train,Q,Check sum is 1
train,R,Check sum is 2
train,S,Check sum is 3
train,T,Check sum is 4
train,U,Check sum is 5
train,V,Check sum is 6
train,W,Check sum is 7
train,X,Check sum is 8
train,Y,Check sum is 9
train,Z,Check sum is :
train,[,Check sum is ;
train,\,Check sum is <
train,],Check sum is =
train,^,Check sum is >
train,_,Check sum is ?
train,`,Check sum is @
train,a,Check sum is A
train,b,Check sum is B
train,c,Check sum is C
train,d,Check sum is D
train,e,Check sum is E
train,f,Check sum is F
train,g,Check sum is G
train,h,Check sum is H
train,i,Check sum is I
train,j,Check sum is J
train,k,Check sum is K
train,l,Check sum is L
train,m,Check sum is M
train,n,Check sum is N
train,o,Check sum is O
train,p,Check sum is P
train,q,Check sum is Q
train,r,Check sum is R
train,s,Check sum is S
train,t,Check sum is T
train,u,Check sum is U
train,v,Check sum is V
train,w,Check sum is W
train,x,Check sum is X
train,y,Check sum is Y
train,z,Check sum is Z
train,{,Check sum is [
train,|,Check sum is \
train,},Check sum is ]
train,~,Check sum is ^
train,zl,Check sum is F
train,fY,Check sum is _
train,)/,Check sum is 8
train,cO,Check sum is R
train,fP,Check sum is V
train,ya,Check sum is :
train,Vj,Check sum is  
train,J<,Check sum is &
train,sX,Check sum is +
train,;L,Check sum is '
train,ug,Check sum is <
train,=4,Check sum is Q
train,tm,Check sum is A
train,UW,Check sum is L
train,!a,"Check sum is """
train,>/,Check sum is M
train,@ ,Check sum is @
train,BX,Check sum is :
train,[	,Check sum is D
train,aN,Check sum is O
train,Vm,Check sum is #
train,uF,Check sum is [
train,y.,Check sum is G
train,Y<,Check sum is 5
train,6K,Check sum is !
train,]m,Check sum is *
train,n>,Check sum is L
train,'>,Check sum is E
train,;H,Check sum is #
train,R9,Check sum is +
train,c],Check sum is  
train,6	,Check sum is _
train,f#,Check sum is )
train,&c,Check sum is )
train,Lx,Check sum is $
train,ES,Check sum is 8
train,wV,Check sum is -
train,%A,Check sum is F
train,bz,Check sum is <
train, t,Check sum is 4
train,T ,Check sum is T
train,2O,Check sum is !
train,J3,Check sum is ]
train,QG,Check sum is 8
train,a),Check sum is *
train,1t,Check sum is E
train,7t,Check sum is K
train,P8,Check sum is (
train,L},Check sum is )
train,Ql,Check sum is ]
train,F+,Check sum is Q
train, b,"Check sum is """
train,ht,Check sum is <
train,n[,Check sum is )
train,O2,Check sum is !
train,ce7,Check sum is _
train,C81,Check sum is L
train,w{6,Check sum is H
train,:;h,Check sum is =
train,Wm#,Check sum is G
train,"n,
",Check sum is D
train,|2y,Check sum is G
train,ySy,Check sum is %
train,1E=,Check sum is S
train,^j/,Check sum is W
train,`YF,Check sum is _
train,iY#,Check sum is E
train,z>*,Check sum is B
train,sgP,Check sum is J
train,%-9,Check sum is +
train,:g_,Check sum is  
train,qHz,Check sum is S
train,L%n,Check sum is ?
train,m^9,Check sum is $
train,=dw,Check sum is 8
train,`}(,Check sum is %
train,",<u",Check sum is =
train,ZL&,"Check sum is ,"
train,SEB,Check sum is :
train,+!+,Check sum is W
train,zN],Check sum is E
train,nc8,Check sum is )
train,Je3,Check sum is B
train,",7f",Check sum is )
train,%R	,Check sum is  
train,I'N,Check sum is ^
train,OS*,"Check sum is ,"
train,M.u,Check sum is P
train,6N[,Check sum is ?
train,sAw,Check sum is K
train,?tq,Check sum is D
train,v}U,Check sum is (
train,_D6,Check sum is 9
train,9o_,Check sum is '
train,Kil,Check sum is @
train,pR#,Check sum is E
train,|7H,Check sum is [
train,DAe,Check sum is J
train,3ux,Check sum is @
train,Y\e,Check sum is :
train,"Y,w",Check sum is \
train,]Wg,Check sum is ;
train,Kq?,Check sum is [
train,w!t,"Check sum is ,"
train,2&T,Check sum is L
train,CWWr+A')S'DA/=^*8Xk47Nj#;4 [K,Check sum is (
train,"
F\i:b~#(EB$h=|tGkj9Y5JmbnxYf",Check sum is ;
train,"G|UN5bZ
}rmW<R.",Check sum is 0
train,@A's4$fm2v+WMcwZn>rV`jM$WB'zmf.-pHD_V}}#7;MkSVk',Check sum is [
train,@J_1}jMoVy''_OiC^LY\'z1X/\,Check sum is (
train,"]&w+7rF!P_g74Q]8^\.B0X/pog""	1;YZn%%=E",Check sum is '
train," G&,[|Y
6rmmV%a[	_##16e:d'bSg AM~kOYx^k9FP5z5",Check sum is Z
train,"XC4_,.Ae;3@C:3<H $9Ema)
vJ#'p/KS0_-TQ{VP1zu	ic@",Check sum is 1
train,@y6,Check sum is O
train,"
SLmOHw7c2J<cskp?""fT6f",Check sum is >
train,"S""UW!$#dqSf_x+nIj<xqaTQ|3E""\",Check sum is 7
train,",R!K2U*(xv WCN>7!0(EjXmnMKX9gi~LUe{_(#4",Check sum is ?
train,"z8M!m6Kj,Lp
{Mqez)?h<`c#@!ZC1~{E4B",Check sum is 7
train,"c""\Apf0l
TwL@TM%og88i7.*8)*0h\",Check sum is X
train,=ZZN[N|C-BsUC0=~m&X<{(?]D!,Check sum is 7
train,"cS,zAU0:6HKvHFk/W|,SK(X kIzGaFP<d?|Y&gCa<	*LWx2;?",Check sum is '
train,=!J`/c*BxL88>	#k-j[g,Check sum is H
train,Amylu>vj,Check sum is F
train,VL-,Check sum is /
train,.z5aep-w,Check sum is W
train,"PG6Jw$c
F!MS_$,(=uW6S(w_olSo;S.r{",Check sum is 3
train,"QF$JN@duI=7?@?kAMhj.@J:8{B{}Qks5,r@Hgw",Check sum is Y
train,R$]y4,Check sum is  
train,"b.p/QRy3m8mvO:1R:3L	r6Aw0-ASXOE)_:v95,AZ^",Check sum is <
train,"I<Y+5h]ux0:-ggEBux*""\4",Check sum is E
train,zV-X8P{nn-p5?*\9o*D\dWM{S$rd ] xN,Check sum is P
train,<Vw?AL%abO9P57=66KB,Check sum is W
train,"/M1Q&I=bf&scRY`crV*i$BeE/yQ0,0'\/i~+K=1",Check sum is )
train,rF;vhRhQ%ZU.O2<mVh>Vu g(SJ($uoZzAhPe,Check sum is ]
train,"ug%O\W%Yl[f_k30r.E\%vq?J
Rxnq/{n~|lN+Wi
Yg",Check sum is E
train,iF>^&i:3zgh:st.A7[39$kR|ef?)<,Check sum is J
train,88O-B	a5]_; w0HTqt&>$vn6=.<,Check sum is 5
train,F?]v81]w*!Jw#T Rwd/|z5ekg,Check sum is V
train,"1lX.t3`a0 ,~p?1k2)6zoD@;$P
	| ",Check sum is L
train,k{I,Check sum is O
train,JN|Yg]2Or`=uTEW~FJr$4@oX!6jB:X_*r<lQVB vZWzvN[:So,"Check sum is """
train,"g1t""
%rViR2)?Z=:L_+(,@:'VJ&hllR;VU)4g$
He,Vmy{",Check sum is 6
train,lJXv ;Z z_,Check sum is R
train,"8z#E<t1dGD,Lap3(>R.^4.\}",Check sum is E
train,"|NM,zi3>&;i!qOvW",Check sum is /
train,GxZM2^f|cf9ih4J3fv M`]}NYsfY<neoIDX2ZAWBM.PrAto8,Check sum is :
train,"q"">nFY&Eu;V|@f""B9V-@@lt-Z!Lg.",Check sum is Z
train,"G/02@HsvElV[YpL$C)\#DBLi>nzaBx.2Y=_&h5)zr!*5;hdB""}",Check sum is @
train,"\reZl+:ek cG:4#sDqB}{LL|
Vg>pxD""s}rXzQgn",Check sum is L
train,5[V5jB+7=*hUf.-Z,Check sum is H
train,Sd^L0?+	pcRup1Gczc>b=;Hp,Check sum is 6
train,s=ES%Rp|_d^>\_zU\yuH;>w$9*|,Check sum is 9
train,"l9C&3V,GVYyn&{+FH6A",Check sum is Q
train,00,Check sum is @
train,"`Z""Hr_HEiu<6^t$VGM",Check sum is R
train,"Nz5>;dF//=vU8y!-GB=QZ*
d",Check sum is .
train,"Lp3@^k`f,vm",Check sum is -
train,"hJSEs8em8O.lTt0U0b!&:yet@?c	Vj]f)-~b
/-g\O3<z4",Check sum is 3
train, G0rR| 3llFtJxjG9hLp#Tm^Uv9XF(o%cG~;BIP\	,Check sum is /
train,=jk#+Nb7S;NO]e}'tj	_[V,Check sum is /
train,"3==QNT3O.RM7bL\2ET+@mDW0IIW4L?M""sHhEh",Check sum is %
train,"1pJaJobm.d_yuIOF6D%Ay0q5""D]4j0IH;\V0O",Check sum is .
train,"{ KQO%cRvufA,[=Kz{iuuXHHgr%D""VA/WTxGHr[+~^e$2",Check sum is <
train,"H@7v;Lb?qA;y%=]l}:fg`d8=Oda""28l",Check sum is W
train,"i)4ZgH2~L4'?;V}Ebx<=]nKKBH=u2,9",Check sum is _
train,3q>Td8UgKePLbp%kVj'i,"Check sum is ,"
train,)o.USEw Y:PV`U;P`ea?Bn}dm(jWd<B`?W,Check sum is G
train,"m^y%l8O)Qz-,OtLS%D+U1n#$r%cXwTi	:]Sf1l3:MFVZ>79Lzu",Check sum is O
train,;'JM,Check sum is Y
train,wI;^g(OsHKYqD~Z,Check sum is C
train,"s	-^
=BT",Check sum is D
train,'^i^H:Ar>,Check sum is _
train,@b<]b:W@5c^W,Check sum is [
train,"8)	s{KDpI4 A5>P""_}XY",Check sum is G
train,"pS8|APh""R#Nc;Y+~YNF:@ a2Mq",Check sum is -
train,"a5_Z[L*u?~>7ysm9N
s;"";fa
Kr$""]vg*znHG~[""H\, 6x
",Check sum is .
train,",3@z(E\s(OH%BEgyed2iI,P
oK>R;Cy'ieu.!r6H|^",Check sum is 7
train,hK,Check sum is S
train,"Qc0L~6xrzhiME+Gh""q1=Bi@.*6]4c`",Check sum is 3
train,"x,,a?nN.T$Hg(QC{w$x1H;v2%n<
*iq",Check sum is $
train,"@;Pn3,O-cG",Check sum is ^
train,@6t	Ot,Check sum is V
train,^7@'{yI=hk{)zaL3<,Check sum is #
train,"'x\,3Y{o$i=1|0!tc:
",Check sum is  
train,f/(,Check sum is ]
train,"""BB-E%^YnN]!>wpx",Check sum is +
train,15EYgr_nAJ$Hb{+?>,Check sum is F
train,"]j+9P NQJB{^K`0n)|
1QO-AOzv4Q#",Check sum is ]
train,";PQ95z=AW^D\D&J}Pud:?ii@,Ij_]8@\9d[TO^K-,bO[/wKY",Check sum is >
train,>?C7*,Check sum is A
train,e8NIu*E6f0P{BZd,Check sum is O
train,:B2BQtvi6w0<U<8=V/C,Check sum is [
train,x+l*xsNJrX,Check sum is &
train,"	/%
JfcrPJ6~aSKZ",Check sum is 3
test,UQ,Check sum is F
test,%_,Check sum is $
test,]M,Check sum is J
test,/	,Check sum is X
test,k<,Check sum is G
test,@	,Check sum is )
test,=/,Check sum is L
test,",/",Check sum is ;
test,G~,Check sum is %
test,}),Check sum is F
test,Sz,Check sum is -
test,%G,Check sum is L
test,NA,Check sum is /
test,"d""",Check sum is &
test,Ke,Check sum is P
test,#q,Check sum is 4
test,&.,Check sum is 4
test,8&,Check sum is >
test,LY,Check sum is E
test,Ey,Check sum is ^
test,\t,Check sum is 0
test,'D,Check sum is K
test,L),Check sum is U
test,p#,Check sum is 3
test,Zt,Check sum is .
test,_K,Check sum is J
test,p0,Check sum is @
test,_^,Check sum is ]
test,jQ,Check sum is [
test,@m,Check sum is M
test,Dl,Check sum is P
test,X],Check sum is U
test,:O,Check sum is )
test,'R,Check sum is Y
test,l0,Check sum is <
test,zv,Check sum is P
test,-/,Check sum is <
test,ts,Check sum is G
test,QZ,Check sum is K
test,DO,Check sum is 3
test,`r,Check sum is 2
test,}C,Check sum is  
test,?\,Check sum is ;
test,i3,Check sum is <
test,"""#",Check sum is %
test,ZD,Check sum is >
test,&-,Check sum is 3
test,lW,Check sum is #
test,H*,Check sum is R
test,A;,Check sum is \
test,"
A",Check sum is +
test,XJ,Check sum is B
test,Xt,"Check sum is ,"
test,\~,Check sum is :
test,7n,Check sum is E
test,^&,Check sum is $
test,>	,Check sum is '
test,?1,Check sum is P
test,^M,Check sum is K
test,Vm,Check sum is #
test,x6,Check sum is N
test,'i,Check sum is 0
test,uK,Check sum is  
test,Cj,Check sum is M
test,H2,Check sum is Z
test,#C,Check sum is F
test,"},",Check sum is I
test,"""!",Check sum is #
test,j~,Check sum is H
test,V9,Check sum is /
test,8p,Check sum is H
test,W0,Check sum is '
test,Y6,Check sum is /
test,?K,Check sum is *
test,S),Check sum is \
test,"
z",Check sum is $
test,mE,Check sum is R
test,Nk,Check sum is Y
test,~-,Check sum is K
test,zR,"Check sum is ,"
test,s|,Check sum is O
test,89,Check sum is Q
test,I2,Check sum is [
test,IB,Check sum is +
test,1],Check sum is .
test,9Q,Check sum is *
test,+[,Check sum is &
test,+w,Check sum is B
test,iI,Check sum is R
test,*G,Check sum is Q
test,;~,Check sum is Y
test,eT,Check sum is Y
test,T ,Check sum is T
test,`/,Check sum is /
test,<q,Check sum is M
test,R<,Check sum is .
test,kU,Check sum is  
test,9Q,Check sum is *
test,E6,Check sum is [
test,]9,Check sum is 6
test,c},Check sum is @
test,u{,Check sum is P
test,oR,Check sum is !
test,uJ,Check sum is _
test,Zn,Check sum is (
test,JI,Check sum is 3
test,b ,"Check sum is """
test,@|,Check sum is \
test,l/,Check sum is ;
test,h_,Check sum is '
test,<R,Check sum is .
test,@r,Check sum is R
test,DE,Check sum is )
test,\p,"Check sum is ,"
test,^o,Check sum is -
test,Ku,Check sum is  
test,0H,Check sum is X
test,z@,Check sum is Z
test,Qm,Check sum is ^
test,sU,Check sum is (
test,(R,Check sum is Z
test,rT,Check sum is &
test,Ff,Check sum is L
test,2-,Check sum is ?
test,<3,Check sum is O
test,"""Y",Check sum is [
test,]Z,Check sum is W
test,8(,Check sum is @
test,*^,Check sum is (
test,'>,Check sum is E
test,=1,Check sum is N
test,%U,Check sum is Z
test,JL,Check sum is 6
test,KV,Check sum is A
test,	`,Check sum is I
test,j_,Check sum is )
test,[A,Check sum is <
test,"Q""",Check sum is S
test,@k,Check sum is K
test,4F,Check sum is Z
test,F-,Check sum is S
test,h+,Check sum is 3
test,8{,Check sum is S
test,3&,Check sum is 9
test,~0,Check sum is N
test,	Z,Check sum is C
test,Cm,Check sum is P
test,uB,Check sum is W
test,d9,Check sum is =
test,k	,Check sum is T
test,[r,Check sum is -
test,j;,Check sum is E
test,RS,Check sum is E
test,MS,Check sum is @
test,dw,Check sum is ;
test,E|,Check sum is !
test,UU,Check sum is J
test,Tb,Check sum is V
test,"j""","Check sum is ,"
test,[-,Check sum is (
test,	S,Check sum is <
test,FU,Check sum is ;
test,u:,Check sum is O
test,"
<",Check sum is &
test,%8,Check sum is =
test,pr,Check sum is B
test,x?,Check sum is W
test,an,Check sum is /
test,.C,Check sum is Q
test,"
j",Check sum is T
test,Ed,Check sum is I
test,S6,Check sum is )
test,"
n",Check sum is X
test,>y,Check sum is W
test,9X,Check sum is 1
test,eG,Check sum is L
test,N/,Check sum is ]
test,~E,Check sum is #
test,A\,Check sum is =
test,v7,Check sum is M
test,j=,Check sum is G
test,dC,Check sum is G
test,GC,Check sum is *
test,=6,Check sum is S
test,<X,Check sum is 4
test,V$,Check sum is Z
test,(+,Check sum is 3
test,Dm,Check sum is Q
test,mb,Check sum is /
test,gK,Check sum is R
test,c},Check sum is @
test,[D,Check sum is ?
test,"
	",Check sum is 3
test,LC,Check sum is /
test,g6,Check sum is =
test,\{,Check sum is 7
test,_>,Check sum is =
test,"""#",Check sum is %
test,P{,Check sum is +
test,^v,Check sum is 4
test,$Q,Check sum is U
test,}W,Check sum is 4
test,bW,Check sum is Y
test,8<,Check sum is T
test,(!,Check sum is )
test,^T,Check sum is R
test,di,Check sum is -
test,9q,Check sum is J
test,+R,Check sum is ]
test,%l,Check sum is 1
test,"""5",Check sum is 7
test,%*,Check sum is /
test,|;,Check sum is W
test,"e,",Check sum is 1
test,?v,Check sum is U
test,Tz,Check sum is .
test,SL,Check sum is ?
test,S(,Check sum is [
test,+Q,Check sum is \
test,1e,Check sum is 6
test,	;,Check sum is $
test,;@,Check sum is [
test,I8,Check sum is !
test,@P,Check sum is 0
test,&A,Check sum is G
test,AU,Check sum is 6
test,6r,Check sum is H
test,~a,Check sum is ?
test,)~,Check sum is G
test,)~,Check sum is G
test,fk,Check sum is 1
test,F~,Check sum is $
test,v?,Check sum is U
test,4>,Check sum is R
test,eB,Check sum is G
test,m!,Check sum is .
test,YW,Check sum is P
test,1J,Check sum is [
test,?1,Check sum is P
test,?j,Check sum is I
test,3I,Check sum is \
test,MZ,Check sum is G
test,|y,Check sum is U
test,!V,Check sum is W
test,"8,",Check sum is D
test,H/,Check sum is W
test,`|,Check sum is <
test,l},Check sum is I
test,Tx,"Check sum is ,"
test,\+,Check sum is '
test,PA,Check sum is 1
test,G],Check sum is D
test,v|,Check sum is R
test,'S,Check sum is Z
test,`T,Check sum is T
test,{N,Check sum is )
test,S9,"Check sum is ,"
test,",{",Check sum is G
test,U4,Check sum is )
test,Az,Check sum is [
test,Uw,"Check sum is ,"
test,k7,Check sum is B
test,f_,Check sum is %
test,WE,Check sum is <
test,GS,Check sum is :
test,Z(,"Check sum is """
test,3:,Check sum is M
test,Tm,Check sum is !
test,9C,Check sum is \
test,dw,Check sum is ;
test,eE,Check sum is J
test,-`,Check sum is -
test,+>,Check sum is I
test,v?,Check sum is U
test,/e,Check sum is 4
test,Tw,Check sum is +
test,p|,Check sum is L
test,*^,Check sum is (
test,Q+,Check sum is \
test,B3,Check sum is U
test, K,Check sum is K
test,C/,Check sum is R
test,6H,Check sum is ^
test,"W,",Check sum is #
test,"/
",Check sum is Y
test,-',Check sum is 4
test,~L,Check sum is *
test,q.,Check sum is ?
test,*.,Check sum is 8
test,BC,Check sum is %
test,i%,Check sum is .
test,WT,Check sum is K
test,-6,Check sum is C
test,"m
",Check sum is W
test,hA,Check sum is I
test,"S""",Check sum is U
test,UJ,Check sum is ?
test,qi,Check sum is :
test,ig,Check sum is 0
test,yl,Check sum is E
test,\{,Check sum is 7
test,~{,Check sum is Y
test,#~,Check sum is A
test,VI,Check sum is ?
test,	+,Check sum is T
test,kc,Check sum is .
test,24,Check sum is F
test,9K,Check sum is $
test,U4,Check sum is )
test,3X,Check sum is +
test,o ,Check sum is /
test,F#,Check sum is I
test,9S,"Check sum is ,"
test,5Q,Check sum is &
test,"""f",Check sum is (
test,	J,Check sum is 3
test,$y,Check sum is =
test,-Q,Check sum is ^
test,lB,Check sum is N
test,Iy,"Check sum is """
test,PB,Check sum is 2
test,P;,Check sum is +
test,T{,Check sum is /
test,v0,Check sum is F
test,"y
",Check sum is #
test,f5,Check sum is ;
test,TX,Check sum is L
test,St,Check sum is '
test,zD,Check sum is ^
test,rT,Check sum is &
test,0M,Check sum is ]
test,9-,Check sum is F
test,4q,Check sum is E
test,"3,",Check sum is ?
test,is,Check sum is <
test,!g,Check sum is (
test,bc,Check sum is %
test,[J,Check sum is E
test,Sz,Check sum is -
test, j,Check sum is *
test,\ ,Check sum is \
test,Er,Check sum is W
test,$*,Check sum is .
test,*E,Check sum is O
test,qw,Check sum is H
test,MH,Check sum is 5
test,1U,Check sum is &
test,/V,Check sum is %
test,C ,Check sum is C
test,]S,Check sum is P
test,<T,Check sum is 0
test,jE,Check sum is O
test,J;,Check sum is %
test,pP,Check sum is  
test,9;,Check sum is T
test,QN,Check sum is ?
test,)o,Check sum is 8
test,C-,Check sum is P
test,{V,Check sum is 1
test,vc,Check sum is 9
test,P~,Check sum is .
test,45,Check sum is I
test,JK,Check sum is 5
test,12,Check sum is C
test,#<,Check sum is ?
test,5k,Check sum is @
test,1f,Check sum is 7
test,d&,Check sum is *
test,g?,Check sum is F
test,]M,Check sum is J
test,"""-",Check sum is /
test,t$,Check sum is 8
test,Q>,Check sum is /
test,b@,Check sum is B
test,5J,Check sum is _
test,u1,Check sum is F
test,(;,Check sum is C
test,$;,Check sum is ?
test,#\,Check sum is _
test,^6,Check sum is 4
test,]B,Check sum is ?
test,MJ,Check sum is 7
test,cD,Check sum is G
test,"l,",Check sum is 8
test,	h,Check sum is Q
test,1j,Check sum is ;
test,?P,Check sum is /
test,*8,Check sum is B
test,Hf,Check sum is N
test,vc,Check sum is 9
test,gv,Check sum is =
test,3S,Check sum is &
test,DW,Check sum is ;
test,pJ,Check sum is Z
test, y,Check sum is 9
test,JK,Check sum is 5
test,oy,Check sum is H
test,&/,Check sum is 5
test,-v,Check sum is C
test,Z>,Check sum is 8
test,nF,Check sum is T
test,'B,Check sum is I
test,nU,Check sum is #
test,<A,Check sum is ]
test,@3,Check sum is S
test,u%,Check sum is :
test,v@,Check sum is V
test,Jd,Check sum is N
test,%g,"Check sum is ,"
test,s],Check sum is 0
test,e(,Check sum is -
test,hG,Check sum is O
test,?r,Check sum is Q
test,JN,Check sum is 8
test,U$,Check sum is Y
test,_V,Check sum is U
test,;7,Check sum is R
test,ph,Check sum is 8
test,7G,Check sum is ^
test,jr,Check sum is <
test,_5,Check sum is 4
test,zU,Check sum is /
test,kC,Check sum is N
test,HC,Check sum is +
test,Q=,Check sum is .
test,Fv,Check sum is \
test,*q,Check sum is ;
test,e~,Check sum is C
test,PX,Check sum is H
test,hB,Check sum is J
test,"g""",Check sum is )
test,>4,Check sum is R
test,5>,Check sum is S
test,vq,Check sum is G
test,SZ,Check sum is M
test,AZ,Check sum is ;
test,_/,Check sum is .
test,cW,Check sum is Z
test,Th,Check sum is \
test,*-,Check sum is 7
test,em,Check sum is 2
test,>Q,Check sum is /
test,DW,Check sum is ;
test,-t,Check sum is A
test,>w,Check sum is U
test,Go,Check sum is V
test,"z,",Check sum is F
test,mk,Check sum is 8
test,`~,Check sum is >
test,6*,Check sum is @
test,C$,Check sum is G
test,- ,Check sum is -
test,_~,Check sum is =
test,%D,Check sum is I
test,w#,Check sum is :
test,",^",Check sum is *
test,P(,Check sum is X
test,)S,Check sum is \
test,eJ,Check sum is O
test,"F,",Check sum is R
test,Oz,Check sum is )
test,50,Check sum is E
test,0c,Check sum is 3
test,A9,Check sum is Z
test,@r,Check sum is R
test,"""|",Check sum is >
test,X{,Check sum is 3
test,x8,Check sum is P
test,w|,Check sum is S
test,RN,Check sum is @
test,v&,Check sum is <
test,UR,Check sum is G
test,:@,Check sum is Z
test,6?,Check sum is U
test,9L,Check sum is %
test,Mf,Check sum is S
test,X9,Check sum is 1
test,q},Check sum is N
test,hC,Check sum is K
test,k',Check sum is 2
test,za,Check sum is ;
test,R&,Check sum is X
test,YH,Check sum is A
test,	>,Check sum is '
test,y},Check sum is V
test,/L,Check sum is [
test,&Z,Check sum is  
test,"\
",Check sum is F
test,x~,Check sum is V
test,A7,Check sum is X
test,tB,Check sum is V
test,g\,Check sum is #
test,L2,Check sum is ^
test,PX,Check sum is H
test,O-,Check sum is \
test,Cp,Check sum is S
test,3G,Check sum is Z
test,FT,Check sum is :
test,>S,Check sum is 1
test,9q,Check sum is J
test,6QP,Check sum is 7
test,oXN,Check sum is 5
test,\>_,Check sum is Y
test,.cl,Check sum is ]
test,"1"" ",Check sum is S
test,@3~,Check sum is Q
test,=j@,Check sum is G
test,i;K,Check sum is O
test,He(,Check sum is 5
test,JJz,Check sum is .
test,QDz,Check sum is /
test,r|},Check sum is K
test,"r,.","Check sum is ,"
test,{l{,Check sum is B
test,.` ,Check sum is N
test,u9O,Check sum is ]
test,` p,Check sum is P
test,"	^,",Check sum is 3
test,k%{,Check sum is +
test,]8F,Check sum is ;
test,[Gr,Check sum is 4
test,B9Z,Check sum is 5
test,C46,Check sum is M
test,E9A,Check sum is _
test,oM$,Check sum is @
test,jF~,Check sum is N
test,9S&,Check sum is R
test,FjN,Check sum is ^
test,fl{,Check sum is -
test,FVX,Check sum is T
test,Y;g,Check sum is [
test,pB6,Check sum is H
test,"E,!",Check sum is 2
test,WE(,Check sum is $
test,cja,Check sum is N
test,V;*,Check sum is [
test,/h\,Check sum is S
test,za^,Check sum is Y
test,>'|,Check sum is A
test,cE=,Check sum is E
test,]#(,Check sum is H
test,"%""H",Check sum is /
test,aqQ,Check sum is C
test, 2},Check sum is /
test,Ec=,Check sum is E
test,D O,Check sum is S
test,cY},Check sum is Y
test,[]H,Check sum is  
test,zl],Check sum is #
test,'7P,Check sum is N
test,CQ<,Check sum is 0
test,A4T,Check sum is )
test,I8!,Check sum is B
test,rpj,"Check sum is ,"
test,`H',Check sum is /
test,/tM,Check sum is P
test,B]u,Check sum is 4
test,n((,Check sum is ^
test,!~ ,Check sum is _
test,$@|,Check sum is @
test,t&-,Check sum is '
test,"gH
",Check sum is Y
test,ADn,Check sum is S
test,"l
D",Check sum is Z
test,Rmj,Check sum is I
test,OWf,"Check sum is ,"
test,YJW,Check sum is Z
test,=$6,Check sum is 7
test,Agb,Check sum is *
test,&+-,Check sum is ^
test,F_%,Check sum is *
test,Ey6,Check sum is T
test,"
e'",Check sum is 6
test,#.k,Check sum is \
test,Y7z,Check sum is *
test,Fy`,Check sum is ?
test,Wta,Check sum is L
test,!yA,Check sum is ;
test,9Ql,Check sum is V
test,k#i,Check sum is W
test,|0),Check sum is 5
test,K&<,Check sum is M
test,x'E,Check sum is D
test,\gw,Check sum is Z
test,c_	,Check sum is +
test,%D7,Check sum is @
test,N/^,Check sum is ;
test,jU],Check sum is <
test,^>),Check sum is %
test,xG',Check sum is F
test,hWS,Check sum is 2
test,zE*,Check sum is I
test,2*Q,Check sum is M
test,)1y,Check sum is 3
test,*KM,"Check sum is """
test,K'z,Check sum is L
test,"Q
j",Check sum is %
test,3tD,Check sum is K
test,K{8,Check sum is ^
test,v~`,Check sum is 4
test,p/c,"Check sum is """
test,mL\,Check sum is 5
test,x5V,Check sum is #
test,=^s,Check sum is .
test,@2/,Check sum is A
test,+/N,Check sum is H
test,v7%,Check sum is 2
test,daB,Check sum is '
test,-zf,Check sum is -
test,"O
|",Check sum is 5
test,"]|""",Check sum is [
test,{;),Check sum is ?
test,"CG,",Check sum is V
test,QJC,Check sum is >
test,:U.,Check sum is ]
test,l0b,Check sum is ^
test,HQ2,Check sum is +
test,"/""}",Check sum is .
test,-RS,Check sum is 2
test,oUw,Check sum is [
test,`82,Check sum is *
test,fGi,Check sum is 6
test,"""Q_",Check sum is 2
test,Dx ,Check sum is <
test,IM<,Check sum is 2
test,wA;,Check sum is S
test,-8~,Check sum is C
test,/`7,Check sum is &
test,\8q,Check sum is %
test,58J,Check sum is W
test,O3<,Check sum is ^
test,gMM,Check sum is !
test,/8/,Check sum is 6
test,}M	,Check sum is 3
test,>-r,Check sum is =
test,C#J,Check sum is P
test,^.q,Check sum is ]
test,le},Check sum is .
test,YV],"Check sum is ,"
test,{-a,Check sum is )
test,OLd,Check sum is _
test,Aho,Check sum is 8
test,l~0,Check sum is :
test,Q+a,Check sum is =
test,eb ,Check sum is G
test,)Yz,Check sum is \
test,H-4,Check sum is I
test,N^!,Check sum is -
test,*e@,Check sum is /
test,z;[,Check sum is 0
test,Zuw,Check sum is &
test,+<r,Check sum is 9
test, VD,Check sum is Z
test,L=u,Check sum is ^
test,2YJ,Check sum is 5
test,"/Q,",Check sum is L
test,o^g,Check sum is T
test,v0),Check sum is /
test,}`D,Check sum is A
test,3Nf,Check sum is G
test,kr@,Check sum is =
test,yz<,Check sum is O
test,B~	,Check sum is )
test,qDq,Check sum is F
test,aYx,Check sum is R
test,o(0,Check sum is '
test,e{{,Check sum is ;
test,<J0,Check sum is V
test,_@v,Check sum is 5
test,vYy,Check sum is (
test,)g[,Check sum is K
test,=~-,Check sum is H
test,Cgw,Check sum is A
test,C@q,Check sum is T
test,;- ,Check sum is (
test,C7#,Check sum is =
test,3U7,Check sum is _
test,7|q,Check sum is D
test,q-$,"Check sum is """
test,^(d,Check sum is J
test,/6%,Check sum is *
test,>J:,"Check sum is """
test,g\2,Check sum is U
test,W|2,Check sum is %
test,aFi,Check sum is 0
test,jWB,Check sum is #
test,e9C,Check sum is A
test,K#<,Check sum is J
test,IRv,Check sum is 1
test,eb=,Check sum is $
test,U2f,Check sum is M
test,P>6,Check sum is $
test,"R	
",Check sum is E
test,"x
G",Check sum is )
test,Go&,Check sum is <
test,*Q+,Check sum is F
test,=tj,Check sum is ;
test,YqV,Check sum is @
test,z3[,Check sum is (
test,Qj?,Check sum is Z
test,{y|,Check sum is P
test,*z	,Check sum is M
test,"mp,",Check sum is )
test,"5
y",Check sum is X
test,MjB,Check sum is Y
test,"r,R",Check sum is P
test,yja,Check sum is $
test,D[S,Check sum is R
test,hi[,Check sum is L
test,gJ`,Check sum is 1
test,@qA,Check sum is R
test,CnV,Check sum is '
test,dH},Check sum is I
test,MQc,Check sum is !
test,6)s,Check sum is 2
test,}UV,Check sum is H
test,7UA,Check sum is -
test,iW=,Check sum is ]
test,",3Q",Check sum is P
test,"*
B",Check sum is V
test,9A=,Check sum is W
test,'!y,Check sum is !
test,_0E,Check sum is 4
test,W?H,Check sum is >
test,o|$,Check sum is /
test,Zo`,Check sum is I
test,I[{,Check sum is ?
test,RP#,Check sum is %
test,s*~,Check sum is ;
test,"=
e",Check sum is L
test,:V<,"Check sum is ,"
test,O[+,Check sum is 5
test,"8c
",Check sum is E
test,0(4,"Check sum is ,"
test,|z#,Check sum is 9
test,#}9,Check sum is 9
test,/*K,Check sum is D
test,]?/,Check sum is +
test,;3\,Check sum is *
test,s4T,Check sum is [
test,=jl,Check sum is 3
test,HCu,Check sum is  
test,~ l,Check sum is *
test,!Ne,Check sum is 4
test,N5Z,Check sum is =
test,'YZ,Check sum is :
test,+MT,"Check sum is ,"
test,)k-,Check sum is !
test,;]1,Check sum is )
test,",i~",Check sum is 3
test,4|:,Check sum is J
test,V3?,Check sum is (
test,`BJ,Check sum is L
test,j~Q,Check sum is Y
test,"Np,",Check sum is J
test,PoS,Check sum is 2
test,"
/n",Check sum is G
test,kp^,Check sum is Y
test,rz+,Check sum is 7
test,aYs,Check sum is M
test,T5D,Check sum is -
test,$J$,Check sum is 2
test,Fm:,Check sum is M
test,E8n,Check sum is K
test,va<,Check sum is 3
test,9(0,Check sum is 1
test,kCV,Check sum is $
test,ewt,Check sum is 0
test,M`e,Check sum is 2
test,l@u,Check sum is A
test,"""<	",Check sum is G
test,|xm,Check sum is A
test,_s0,"Check sum is """
test,`|c,Check sum is _
test,bwc,Check sum is \
test,om1,Check sum is -
test,3~3,Check sum is D
test,P2^,Check sum is @
test,8>{,Check sum is Q
test,%xN,Check sum is K
test,$Hs,Check sum is ?
test,&L(,Check sum is :
test,p|D,Check sum is P
test,(z_,Check sum is !
test,z}S,Check sum is *
test,T<>,Check sum is .
test,ppG,Check sum is G
test,j1U,Check sum is P
test,+VT,Check sum is 5
test,Fi-,Check sum is <
test,_fF,Check sum is +
test,\}|,Check sum is 5
test,ZdB,Check sum is  
test,te1,Check sum is *
test,fPN,Check sum is $
test,rU:,Check sum is !
test,v`4,Check sum is *
test,m*`,Check sum is W
test,+N(,Check sum is A
test,)iy,Check sum is +
test, *F,Check sum is 0
test,A$0,Check sum is 5
test,yw$,Check sum is 4
test,:rE,Check sum is Q
test,Y[3,Check sum is G
test,{BE,"Check sum is """
test,Yg.,Check sum is N
test,"e$,",Check sum is U
test,i)G,Check sum is 9
test,N?},Check sum is *
test,WDe,Check sum is  
test,s?%,Check sum is 7
test,6 K,Check sum is A
test,_1q,Check sum is !
test,t~@,Check sum is R
test,%a},Check sum is #
test,mj8,Check sum is /
test,y=!,Check sum is 7
test,hH=,Check sum is M
test,te#,Check sum is \
test,\d2,Check sum is R
test,*e:,Check sum is )
test,"/>,",Check sum is 9
test,fdS,Check sum is =
test,!a$,Check sum is F
test,"
L	",Check sum is ?
test,nC>,Check sum is O
test,2AY,"Check sum is ,"
test,rrf,Check sum is *
test,@R~,Check sum is 0
test,y`+,Check sum is $
test,@S~,Check sum is 1
test,F)w,Check sum is F
test,"-Y""",Check sum is H
test,6:b,Check sum is 2
test,<&&,Check sum is (
test,}Ez,Check sum is \
test,o[ ,Check sum is J
test,SPV,Check sum is Y
test,rg_,Check sum is X
test,ih`,Check sum is Q
test,!\5,Check sum is R
test,7BW,Check sum is 0
test,O@	,Check sum is 8
test,=(y,Check sum is >
test,<oF,Check sum is Q
test,M*f,Check sum is =
test,rj1,Check sum is -
test,3Y|,Check sum is (
test,/=\,Check sum is (
test,2\[,Check sum is I
test,P[A,Check sum is L
test,y(X,Check sum is Y
test,  .,Check sum is N
test,_/Q,Check sum is ?
test,rk>,Check sum is ;
test,^%Y,Check sum is <
test,"|g
",Check sum is M
test,nI#,Check sum is :
test,?9`,Check sum is 8
test,X>;,Check sum is 1
test,=N\,Check sum is G
test,u1\,"Check sum is """
test,j71,Check sum is 2
test,xTs,Check sum is _
test,"y,	",Check sum is N
test,jm],Check sum is T
test,=C%,Check sum is E
test,vIx,Check sum is W
test,Ndr,Check sum is D
test,R/_,Check sum is @
test,F/z,Check sum is O
test,P~?,Check sum is -
test,k?h,Check sum is 2
test,&<0,Check sum is 2
test,%r',Check sum is ^
test,(1{,Check sum is 4
test,&NK,Check sum is _
test,Uf-,Check sum is H
test,#j6,Check sum is #
test,/$j,Check sum is ]
test,aQ.,Check sum is @
test,*c.,Check sum is [
test,PSp,Check sum is 3
test,"
2w",Check sum is S
test,yyE,Check sum is W
test,y!F,Check sum is @
test,0D:,Check sum is N
test, LC,Check sum is O
test,X06,Check sum is ^
test,56	,Check sum is T
test,m8q,Check sum is 6
test,t$6,Check sum is .
test,wzz,Check sum is K
test,Dy>,Check sum is [
test,B/8,Check sum is I
test,*!v,Check sum is !
test,PwC,Check sum is *
test,){.,Check sum is 2
test,U%f,Check sum is @
test,gc~,Check sum is (
test,x)a,"Check sum is """
test,]-g,Check sum is Q
test,"q
7",Check sum is R
test,=nf,Check sum is 1
test,m>8,Check sum is C
test,)V#,Check sum is B
test,e25,"Check sum is ,"
test,sps,Check sum is 6
test,%b',Check sum is N
test,6p4,Check sum is :
test,E5B,Check sum is \
test,bcm,Check sum is R
test,sUl,Check sum is T
test,c0#,Check sum is V
test,:0Y,Check sum is #
test,XvO,Check sum is =
test,PI&,Check sum is _
test,7FJ,Check sum is '
test,#pX,Check sum is K
test,MR:,Check sum is 9
test,cNi,Check sum is :
test,TAd,Check sum is Y
test,2cb,Check sum is W
test,7A:,Check sum is R
test,ztS,Check sum is !
test,@D~,"Check sum is """
test,4A(,Check sum is =
test,tHz,Check sum is V
test,j|U,Check sum is [
test,#X4,Check sum is O
test,"#
t",Check sum is A
test,U{\,Check sum is L
test,"""M[",Check sum is *
test,)c ,Check sum is L
test,]F&,Check sum is )
test,;b_,Check sum is \
test,\N],Check sum is '
test,DM^,Check sum is O
test,pMQ,Check sum is .
test,/u`,Check sum is $
test,W(Y,Check sum is 8
test,;CP,Check sum is .
test,?<F,Check sum is !
test,+F~,Check sum is O
test,8p ,Check sum is (
test,#)I,Check sum is 5
test,XXz,Check sum is J
test,Jkq,Check sum is F
test,F9~,Check sum is ]
test,UM`,"Check sum is """
test,141,Check sum is 6
test,V;k,Check sum is \
test,t2x,Check sum is >
test,"d*
",Check sum is 8
test,|c9,Check sum is 8
test,0/n,Check sum is -
test,[~',Check sum is  
test,< {,Check sum is 7
test, jH,Check sum is 2
test,.{R,Check sum is [
test,L4|,Check sum is \
test,Qxf,Check sum is O
test,NMc,Check sum is ^
test,C/f,Check sum is 8
test,-fu,Check sum is (
test,UM|,Check sum is >
test,sU=,Check sum is %
test,e r,Check sum is W
test,	Ra,Check sum is \
test,;Z>,Check sum is 3
test,3HS,Check sum is .
test,"+>,",Check sum is 5
test,HG2,Check sum is !
test,u%#,Check sum is ]
test,3B(,Check sum is =
test,J?X,Check sum is A
test,ck?,Check sum is -
test,S/u,Check sum is W
test,e2],Check sum is T
test,ny6,Check sum is =
test,v0I,Check sum is O
test,ls3,Check sum is 2
test,eb=,Check sum is $
test,xaG,Check sum is @
test,"e;
",Check sum is J
test,m#E,Check sum is 5
test,"
.A",Check sum is Y
test,s6%,Check sum is .
test,2{8,Check sum is E
test,>GJ,Check sum is /
test,s^z,Check sum is +
test,gw#,Check sum is !
test,<jz,Check sum is @
test,ryS,Check sum is ^
test,waT,Check sum is L
test,y$F,Check sum is C
test,4UV,Check sum is ?
test,X.F,"Check sum is ,"
test,9.~,Check sum is E
test,"YH,LTqsQel"";.acVrW'Vrl.i,+6eeAoVPfewm;Hn	6dCQ##",Check sum is =
test,"aT5bS<k0
j",Check sum is J
test,K DBjy#$,Check sum is ;
test,eqr8Jil5E.3>oR@WiSBn+ZuVMK>,Check sum is B
test,"uFL<&#)Ny|
QxI<1Yv=G)So",Check sum is _
test,"-v,M&-T&XUuBC/\ NGu(LJ	,~bBV$5o3l8Iyp>}%h;'H5",Check sum is H
test,"""]	+.zBRINVk}[CZVZ]M_q+",Check sum is 1
test,"e
NV>Gz.iC]tFJ
TY~u",Check sum is W
test,H3?^[$_}eS:`?&\c`>,Check sum is '
test,"UOpmr#
m""M6cogs}",Check sum is ;
test,"?;]q9(m!?d&.}I)'
p%f2}66 K""!QlT%,gT=e _/Nsn ",Check sum is .
test,^?Cdyz,Check sum is W
test,"-][O2w9VR/C,!F<@",Check sum is _
test,QYBdX%~o,Check sum is Z
test,tn'7#`\~*GC%0/.+w:,Check sum is ?
test,"Z6Ch&}V'G?=<v^:`ofeV""(UJ=,FF]F:%wYZK7MA/UWxmR""""1g",Check sum is @
test,Pdf<Tu,Check sum is ?
test,"]$`A<
PnJ}8A*j9c-",Check sum is #
test,(*MN2kc!=@6ky>&1,Check sum is Z
test,Z%}Llqf<Po-sp3Q+7Ov>k+RM5pE]:f`,Check sum is [
test,"33tw?r@,wdsg",Check sum is C
test,"o~x""K=G*NK/jG}:(I6Uy?",Check sum is D
test,"2
LA2?1gS?M8R",Check sum is [
test,"k{Q,DiK?YdvbG=[0hPQK?}!=v]?o",Check sum is M
test,Qype@6,Check sum is 5
test," )]fq]jj/{"" hq2^",Check sum is #
test,"'9OAMJAVG>Bf'w!xjf%;$=H
BpCfN}1;",Check sum is W
test, >EBhkv4_`Pm&]147FN<*DyGfyM2ggU1iYq(C<P_,Check sum is V
test,"=Z(J6""4B*N%q;(J6lp`J_A7!(H k/F'`FA*]+>%C",Check sum is <
test,t),Check sum is =
test,}y&i ru/>f(<Y#}^nT2{,Check sum is )
test,"l%2g#W/3A@""lBtuhHE5
9zG
<~))v",Check sum is Z
test,2@F4*pKB\9#tj}LZB=9'O(}laZ_W'fv=d'}pQMu(MR	,Check sum is 7
test,Pw8I p,Check sum is 8
test,Ww,Check sum is .
test,"},AM,`II2uC*8C02Oz	fd4HP.cnw",Check sum is D
test,17f)s$*L| sX]	RheHS`5UIU$V;vt%fz?RCl3P*#5`,Check sum is <
test,"cv>hy}Oerk4	o=B$""T%|Q}_H{",Check sum is <
test,h&qus#-$rCTfUaMTA,Check sum is B
test,".^N|R`d)B+qcudE:+'F[w<#L*
",Check sum is W
test,"%AtV;i/@|IQP,vLQR(Yre0
x-",Check sum is Q
test,(lq,Check sum is %
test,"Tc4I)Y
%Z!xQPAMWypakV@+Pb'Z",Check sum is '
test,)#&db9B iY%s.y>9l^1e'i'I)^,Check sum is R
test,[9V2j<01-%K.'lzD97<,Check sum is K
test,!ecfgQ0(,Check sum is ?
test,"asuj,+D!6~1mK>Z%bX]@|x=e""0hK[7P7/mQ;V>H6e%DpISD",Check sum is L
test, 8d{Rm4D.1B;qrxbt@7ONkyE`a<P,Check sum is %
test,"K
iJ}DiKfNwu?e[TdJF4UYBE*YV*=	f7@Q-\5nqbQ}F",Check sum is 7
test,k<,Check sum is G
test,B=,Check sum is _
test,=J#{?Bywq?cP99[1cpDg?~Tl}+#uT,Check sum is &
test,2jJ0YUP!=-7ljYOP8,Check sum is <
test,=c>3Uo9ik<{+9N 0NJ$sfA8.}y	hmXK-Vvm=	+XG>j*@,Check sum is 6
test,"KAjm1/ec&!,2{@5~YXIjkW(=)P.*J	",Check sum is -
test,~nw}pV$vwyd<b|wovdb^3$>RKg<|jrU/K,Check sum is J
test,oPTgY:Au'*>G0LC,Check sum is 8
test,"SJ.[&v?8
T",Check sum is 7
test,"8}YW8D%sl<Ef,B8""g%",Check sum is @
test,+2;+cy-7s,Check sum is V
test,"EQL<aO% c^VkQ6Ejg	14(
W4hmL,;P2?=K#",Check sum is 1
test,+O:_EkBXY%Hv/M,Check sum is 5
test,ojqb~s,Check sum is =
test,"eyp:wF2Q]6$Q_-D+?B`5mHy_pX&u_g$5:HWPU`iqc
",Check sum is 5
test,"5ou!Q?2\amZTOq|U<!tQG}z5;n!.3u?""",Check sum is [
test,"1ffdlqi9`%[.S`&Yw@Vqak61qiAi,S>>|n^/<.eHYV,Qm\",Check sum is 3
test,M@?5,Check sum is !
test,"Q?`g@*Nh|	{?%'(
(9:?~","Check sum is ,"
test,-o,Check sum is <
test,Qi13:kq-$|X81R]84k,Check sum is (
test,"!A3W!@,oC",Check sum is K
test,x5V,Check sum is #
test,"&f}4}Uy<Cm~O[)~pIND)tU,HDKoAogCRk	63N5.wR~:([",Check sum is P
test,!qk~Y(^BDI	m0CpN{\yKoTQlx,Check sum is C
test,"3{K8[d]F,rC}*~=|?wc<`cpoCV*","Check sum is ,"
test,]dvt!S2z{h#yel;QMV*wn^,Check sum is W
test,-L$@IgA%ATsr/$+8a3J<$hNUP=(E,Check sum is F
test,+co*>\2;_8NMhSNI*Ozn)T=RArud	.ay>\:{x{)e8=;b,Check sum is >
test,"|ax""dzmUZ
#Rf=R84Z	TK)IG=owC2@wH!o0WLHzm=s%",Check sum is *
test,"CnhLkd;vG""=~vi-6T3,A6J<HJ1 ^qo}'8]x?","Check sum is ,"
test,M2Ei`92lStD:bb|e.}DyV<Wa/io,Check sum is '
test,"lb~s2^v`
r\A9T1!",Check sum is =
test,U!X2\\~.4CYrze% 3TN~FAs_>,Check sum is T
test,"Dp6ed#;DydtD{a,U.k),=)9
",Check sum is >
test,1I!E=Yl2\IyTs,Check sum is Y
test,"2:<N""LX,W/:b9TS&",Check sum is 0
test,"qbP):;_TLUB/b(l^W+/n3Oyhj$\1	
|NV*nxy",Check sum is S
test,w6rQ}\6m3*>SR=(En,Check sum is $
test,<	#;rO,Check sum is D
test,"++2NtJgY?kHS\_R5<_/""$ox6}EgiA2;<Vk",Check sum is %
test,"u;8CL^_/@a@[38+$!!Dq8rVg	_Z+Y
K i_0q//8dO""8",Check sum is ^
test,nC/Js}d>{cAs3\m,Check sum is *
test,y<rN,Check sum is U
test,"oc@""3NC2h=} l4\ Oj-YQ5;=GwlN F^^9m}|",Check sum is ^
test,	&z	Zo:aVQ?(b^Of(0nb_'vNrG#vrD]@,Check sum is P
test, =!{(ND3/-NJyCw~<i>!qKr1iJ<^,Check sum is [
test,5P,Check sum is %
test,">Lj=zgo
u;AQMQ?O""ATB6.BXq)7 @",Check sum is A
test,61,Check sum is G
test,z4p<LX,Check sum is ^
test,_tb@KC12PSLMH,Check sum is J
test,"[bbQ6UJ$&XLEz<Cc'#*/n
XuMM[9_+Id^;$j@&f~	2",Check sum is -
test,"|/N}SD""aU&@U]5[ye$B@A",Check sum is 2
test,\r	!F,Check sum is ^
test,Qt,Check sum is %
test,"v Y6t{^%u`.DTPR`F1@<LtM'OM?R^50?5,o(*Bm+^",Check sum is D
test,"(1-VaVbIbl-K%U|
LrK",Check sum is -
test,;=Kk.FYSD3AI?K3,"Check sum is ,"
test,"	bccEziG8*S'l32uKO~xw]:79
h+<e 8I#U=7o']@kh4ryw",Check sum is W
test,1(-wG,Check sum is $
test,\ 7gv8i|vC5L00v=:Irv&,Check sum is +
test,"!/<=>-AMO)jPn""jD6Lm^@5j0)8O""N8x.(l=.<",Check sum is '
test,"?oM""8&HIs>H:&",Check sum is E
test,"VV'qT,\UJOnDBmfLHt?~ l]y
O""",Check sum is W
test,"I5tPT{:D]X	CN6-iQVX8qf,iH)u,nP",Check sum is =
test,":0Y_n}I}>FG}*iv|[]ee,(VZ+rstv\OW.7^*",Check sum is /
test,c/0FRif,Check sum is I
test,?.XzLUjHn5QbVn`}bh7L=u-wW*f>Y]#^TLmE$.Y~Q,Check sum is 4
test,"k'fK]kzh.""u'rWX#>K1VIH#xM",Check sum is F
test,"""~r)d(EJLu[[}F_Is%{$6Q}4B!R0q&,sy4c,T]""7wfWl",Check sum is H
test,lc-uX$?2RL+Jx9-~R'f 4v-mFh{/C##.,Check sum is ?
test,"9$Mbgj,@{'o=",Check sum is 7
test,";'Lg4""	h8u#",Check sum is L
test,"{q'A$]rv<k(6f2Ggcc^EX	X""-	YlTJe'QXV{	~tj(Ff4N?qa4",Check sum is K
test,"%	(C%qVWi""iM:O+6t5[%A(J#C|;",Check sum is  
test,"L[i(Mht!c;]WRG
JQMYEHiD~^1[ ]hQe^xv:)V
",Check sum is $
test,"ECPZD(T-OwhV5"")",Check sum is C
test,"`WO9tc""~>]/-'yQJ:(a5g&	!+e*EBo.lOv_/B1uMR,4)K%8vq",Check sum is 3
test,O{;dxx._Uk+?{JsCxndgFyQ?_9,Check sum is C
test,6V32io%B; mt(xf=C5KSh,Check sum is M
test,"9u%Bj}]oaQ$u
Jdv7*J:?>G
4ve[lv3IHrFq",Check sum is M
test,Eh2}X_\H%EQf+<}mLgc<:@+\N,Check sum is *
test,"fQ1M/ZlT*i8a-S9^-}Dbi.k=b|!kDMh#aGjR}!,<2(v[",Check sum is K
test,"++)N\o&`iBtTxclY[Ah8ldd*%X%|.'""	nwtkgPR4X=XP",Check sum is G
test,"pX?QK~t
WF6lBU3?2.g",Check sum is N
test,urK_66,Check sum is ]
test,"J-l,m{\S:k?9tF95nm[7yEe(wo0t&&)pDx7QGc:~=A0pl=",Check sum is _
test,'rMr41'hk'C3_+lJ~?,Check sum is 1
test,"a;~I""7YKcvu",Check sum is N
test,zWP7.y#j<SwuNM\tR,Check sum is $
test,"b""R(Y/hsKl@~28<TZT&3Ia0M0AksusQ[",Check sum is A
test,PE1pEsED8,Check sum is O
test,"\\^0;2?MufP5*+FB]Xwu-Vi]YZ:,(",Check sum is G
test,"w`
x(3j@Iv1EY]a-?p",Check sum is &
test,6x7dTO,Check sum is L
test,xO~I_-wk6eJj :^]A<OO.\TR]# ,Check sum is +
test,yh'zl<W,Check sum is !
test,"j-qMMQohCf{9nL"";}[,^qb6r`P]v?Bj4yf""6Lb'[1Ob]AEfC	",Check sum is ;
test,Mp2YP%BQf{Se@@hLQ,Check sum is N
test, If-nX8w@`H&xa,Check sum is 8
test,B?US(F1iv<Rq[|}Ek%,Check sum is /
test,\B9@-	V)3B{}(Ah'X 3Nk2,Check sum is '
test,H.!j96(IPs3.l',Check sum is 8
test,"S52RMQ0,#$""em 1ds<z*]w%=IwPHAlm[G",Check sum is 3
test,"JOiE/4JxX&tI46.#!M0I,&pZgcLXO0E",Check sum is 7
test,m>!'Z:InB<u	g_Qzlq9(8IyzQpy)|>2*Cf,Check sum is ?
test,$d	WfaC;L&1YbjZ)!%y 2oJRfE}#*?@duHge1<|<Mo@@,Check sum is 6
test,mvoSt,Check sum is 9
test,"^{7H	h]91
N{* ",Check sum is M
test,fB(n%=,Check sum is @
test,HHs0Tcs(,Check sum is %
test,"9:zJ3\O:KFD~>,|yw6S@TI@u%\BV34a	:<GrdEBZ^",Check sum is /
test,"lhRfw5k}O-|
pR&",Check sum is *
test,BWi(h^h^<h{uOjqK@ET#r}%V[/dXH!|dprj}}DHyyNL76Ac,Check sum is C
test,";/L~sp8  W,Z')_6g\?+>.c&M\z 8bz4ca'a+X:_",Check sum is F
test,"JJ,K(#qn;^%lAiX
yO!:C_YbT:>_
WY!prVSuhN*KSQN",Check sum is .
test,">pYT)dX9^EamxtU3k1icH=iME,1Wi;o",Check sum is -
test,",%'l^7XKt&>nHO4WrFPI=p9Ip
v7rh[M4*&",Check sum is Q
test,)ovTRyNYq,Check sum is %
test,";YQ
Cgw(Oe/>{j[lXN(gEV3",Check sum is (
test,>DMQ$nr=0|mME	&lwo[MF-.g w!r*S9rH95,Check sum is %
test,}jWW*,Check sum is _
test,"6RO{Ivf
GFc9cI%:A)~{<|^Q	\^SKVkmiW;[s~QD=xH4Q6yQ",Check sum is L
test,"Pe2l=,ZI:E&2U7YBvcy",Check sum is O
test,"qE%3QJIz<_""1ZN#NMYL+	.~	7$0bdHiLD#Fnv@CU9'",Check sum is E
test,H]S/[r9?B0lnMj|w(	TM<,Check sum is P
test,uMa(,Check sum is +
test,"pj""NmK(U\;;	C""]<	-_X7fIai[&nw,[W)Z",Check sum is \
test,#|<#.}}4_:43 #TdY=6V,Check sum is W
test,!.sr/PK16r)<	#h>iI=F5E`RW&!2q,Check sum is P
test,b{xG,Check sum is <
test,F7p[GzEg&^C6d{sl1RlyJ,Check sum is B
test,"0vd\
[dk#.C5A _3UE,",Check sum is <
test,"s.g
^38r",Check sum is -
test,"4&x3UbH4/Ke/[>?E5k7,{sp|",Check sum is  
test,"K@$QmK]y)Dr6}`JrWZ \b9X*|%:rpI>XfQ\Vw4,+=&RmnT^",Check sum is /
test,"(bH\CuL/#|]+|	+R""!n'",Check sum is B
test,<1sU=!aXe%kQ*-_1u(_dRZ$.9[	=^nuE@vL/lR)AB,Check sum is 2
test,bqF3n[VK	2'E]<WLx%}57n8BeS,Check sum is _
test,t:_yO(t2i*ezEt,Check sum is .
test,7fM3	Y.ym&`H 8!O }#dZZp,Check sum is Q
test,"4ek
	,Ou-7rW:(f#xa;Z=bD""""oQ6l""JLRO83B  .3k.PwB",Check sum is ?
test,\\!-=,Check sum is #
test, bmJljnnYrqNt/,Check sum is 8
test,1: &<z)@S.G`0'=,"Check sum is ,"
test,z5C;A)B\O(pyF!Ufp^!w9bvw^hZmEoAga|,Check sum is K
test,;hmjt;| S`<61psqr,Check sum is A
test,"&7uH%T""~Gp3i>%
5M\k,eMeM@m",Check sum is Y
test,TW}um.|sI=X7%M3q%1K,Check sum is S
test,"%DfD
wn.9[ob2E>~9Xf6hjZw=U8|RSAHIm}caD#x""C{Ru)l ]n",Check sum is )
test,"#RN=9$7W
})6}9hlO1h28)gnc~o",Check sum is [
test,]yp ABu7,Check sum is 5
test,T7TA_.zKGs8'3IUeJzZz.^5)&,Check sum is I
test,[9PshL]d;EQNi0%D]@aKQm'R,Check sum is M
test,wso$/x^!p*e<X{4Cfe@,Check sum is S
test,^ATzaPYJ5{#qC!q}z	^3P!,Check sum is <
test,"=,""eXb
Kx[>",Check sum is 0
test,M0(]JNKaiJnDf#9)|N@,Check sum is @
test,"K?""&E/RB",Check sum is :
test,"5+:b""#P7F3M\sNBY-&a}' 3-$+42q{2NGo3I",Check sum is Q
test,"'72jn!YdqfY+hy""8&d`B`VOt_&u\'x",Check sum is V
test,"-.C(qJO$o!XnWpP|a7d+O3pB@iZ
_4^1|c",Check sum is &
test,"OyjWPj =""^SuWpOXb""I!

3+w}D4eQG=*zTDka3n9R&Q
Z)_",Check sum is S
test,")gDz2?(Mn11)ptnk={""(_8C_Vf|nFSDS>+?1U@Me?AC<p*]n",Check sum is _
test,bLUTV,Check sum is M
test,g+%-QcO}07MI*d}EVPY9J9O{1f},Check sum is *
test,"Lg</L',[B_Xv$ C&
",Check sum is ^
test,"	z%>q*wa\14ZD[xpr
,T",Check sum is W
test,B9!`5J*D*LtpK$IrVU+iKE0*AvXT#j&,Check sum is L
test,"$VB48`^ukl9l?Mw""[yv",Check sum is &
test,"
8@@LT
n)Xeg@tg&",Check sum is H
test,<-{Le-i`V5XYb2,Check sum is ;
test,"-7E<},jZR`z8Id'lN#Jaf<:k{g 9[R:=k3i8
pBXffVj5)'",Check sum is <
test,]D-,Check sum is .
test,".KE""|l",Check sum is (
test,}*\RO:e^I8b,Check sum is $
test,"ufD i/#=2b$Uz:V$uVf#<vv5I5Gc+16
%D4b2y0",Check sum is !
test,>boCDJsnuI5,Check sum is T
test,3`'jUZ*cI w9My\J~L>To	,Check sum is Y
test,>#X)1LoiIVRI40:h0LDbo=AW[i,Check sum is A
test,"?^>w0WK k1zD>:i%
x$",Check sum is *
test,}kmM,Check sum is B
test,x@& 29XiN;n26A~r]!J/50W	Bc&fZJ(DKy6/Rp=LwS ,Check sum is 5
test,"p^4,gJC5gu:=<XyB#	ctVWs&e&m_ H:6,vA",Check sum is 4
test,s)HBwC&YWO,Check sum is %
test,-Z+K:Ao;?'yMgDF_^YRX|EU0#{jlTXi;-g/)\,Check sum is 1
test,{x>0evd+YV&RRkrSd:	@Oim1|$7WMa;X24Z4]3,Check sum is D
test,"w
uIM.$p!$oMiR}_yuZ2f>p[sl(>+.m-wjl""l3fiqGk'?$z",Check sum is +
test,"[Zy1+""1D+;
[zBW5?1(L|Tn[!6c",Check sum is K
test,~9eTPJh~#K\)5ue?,Check sum is Q
test,Epr)RVno7WCiYYJfj^.,Check sum is G
test,EQb,Check sum is X
test,uI$0o5?oPtqYMoT5B5L1[iT~#EVa.3Sxpt>9CuhrD,Check sum is ]
test,pNaN8w,Check sum is <
test,+mYPdnJ:o]3:,Check sum is 0
test,"tCh{3o

mhJCYyPrXPB|[=v`NN#zg9MN^Q]O.IYElB",Check sum is L
test,EZ,Check sum is ?
test," j4dpt	pc
J=hJQSRt]JiS7",Check sum is I
test,qQ6KqDe*]4!yp\ki0f3[H*=`:)05^YQ,Check sum is 5
test,"D`UndF^""<qf,x3Yo
$	v$$edvAF5%",Check sum is 8
test,"XKIGFyU!`S$1""sxtS`E}c6vV0(
+6?UgS_T""bv!a4>8+O\YqSY",Check sum is !
test,i6ha:6z,Check sum is 2
test,9xQwAN3(;tv[<g!{q<BK& xVl'_R$2Jd6TDY]~,Check sum is Z
test,",>2I7U&W=djh6SuQ0E^_4",Check sum is 6
test,"beZ^\imQjFw!Z!SnEPH___\ D]'?di"":<iz&W1~`t=",Check sum is (
test,"l!+ov\/q.j,",Check sum is =
test,O.!,Check sum is >
test,RE29,"Check sum is """
test,"S;=MM4'RL|c +VqyF`^ZH-L[s+Cq9!uc""VBG30Gvk#A)u",Check sum is 4
test,"iDdN	l]?d[ljmwzv8CV/%NX+}WL>.*#""-(\K@ZdvQ>-",Check sum is V
test,"0_
,zB'vY:]b0&1_8578M	:M8YRozcO
RV
",Check sum is )
test,"$fh`#9HWJQmDp`dL>}Qi L,D]jJGXYax2IO}=",Check sum is 0
test,|'Ij(oza%SnK`bn!GZgA?t4)Rg#(PRsO2<kc#oWVXe3TdHD,Check sum is Z
test,"MTE6v498X1jyPz>&$ZW4an|u)[=XPeXacduNiCc&""L10gVT~",Check sum is ^
test,"3}|.Hv&
oqncDb~"":gV=>o+3sd(bR^KWuOH=%",Check sum is ?
test,"aimOHb%}*~S;s,ti@m]@	",Check sum is 7
test,Mg5oXwU[$B}L1i5fD,Check sum is _
test,"	umx^rOhQ<jsy<kA1qn^RN}@>dA,[",Check sum is J
test,kh+3)	]z\zkz9~6\H)pqvW2;`z3j!,Check sum is B
test,"jm1{%	l^gV0EYo4Gc8""VYf?	)1&T!UN9R C,",Check sum is \
test,66cy@p]v8bUl/0ce= SR1>0*!QihO^sC1HgS,Check sum is Q
test,"[\,AOl(m ",Check sum is 4
test,"d[]bHNm8|!:c;c1q'=8F?Md`8>Ey}b"",UeZ	~]gK'@x\-DNb","Check sum is ,"
test,eshm&O+++q-?D-Pz= $KZ,Check sum is A
test,Iq2EG7DqCd,Check sum is +
test,"tQ(]2~m
58X~YA4p0Mgk",Check sum is !
test,Ij8G[,Check sum is -
test,"r :	+`Crk,>o|WvO&{3B]eUfN|$P_Zh""(id%qE=FPhRu*dU0*j",Check sum is ^
test,~EDL&cO.k#M,Check sum is T
test,"d/&	Y%orssk*l@f?l,BXf~&Vjid qOqN:]Paex""V2g",Check sum is +
test,"!w+lvOS)2	] azu1
l1L[i{8~sFWmX|+i3+qd\91&)Z",Check sum is 8
test,"uVtj>k
NY*n]^W9qkDTbjJd,4<D3A%7Dt2m$n""_ p,1",Check sum is ;
test,TVwRSdVyw7.;t3c>lnt,Check sum is F
test,",~UZ	",Check sum is B
test,"FY)nelm7||kDu"".)	B<=pE9l4{_*7{|	%.iSqo*+.~n<HQsK? ",Check sum is =
test,Zr;]-q!(^WwA+ZaM>!-X*+rw DPH(cR/,Check sum is 5
test,0IL)6&}e}e	4,Check sum is +
test,"R74pUD>{+
Fz+xC[{3""bfD8qXaYD!EMrP'QuP|-qV_bW%n	5hJ",Check sum is -
test,hqg^([:Z	x-)IH,Check sum is =
test,"bsfK#
$`n6d];%`]/e@h2f({y$sWW+qAoUmP)7er}+u",Check sum is @
test,"BI#'JhbO&k
dM<
7[S",Check sum is O
test,	p*l&Z/xnNxsvqG0I6l?;,Check sum is @
test,"N3f _
4",Check sum is D
test,P(SJGK s#B^E$r,Check sum is 8
test,".00~W/Ny^wiU2*bW)|=r<p_mwU^tmhn$q]uwy|><jK""",Check sum is 2
test,"4/Hj~Zpl6%y7qf4""f!2}BA?+en",Check sum is W
test,"""wLQjt/EpEN{!8}Y0+Re+%,2dNjelF 2H'",Check sum is I
test,jJ),Check sum is =
test,"3#'Vwccnf7A'b'SL}gjK3W4f/+G47+.r%4.r
z,c 7f",Check sum is (
test,Wi'FDaI9Nkc=~X,Check sum is #
test,"RhY,8.Hi&|>M*:>",Check sum is E
test,"W&v}xf30U{.,q_RpS	""l\9sO[2Qh-5b[6J?`	 rP76){",Check sum is N
test,"e7QlH'4GBgO1+cC:_.*#-pB5B8Y
e/dcA(o!< 8yiNU#",Check sum is 2
test,"B]uKmMkZnY*7}a3#?L96G""0?Xg<'6fX\zN~",Check sum is $
test,@R!hEigcIFTu&5%M,Check sum is X
test,T%	;owZOg9	+4	SOKl#=>0`ooO;,"Check sum is ,"
test,Bc/h}!qsLeI>~c+!tbiw` h/+Y$fVQ7|PC{l,Check sum is 2
test,n.k~y@?FW3dO/F^ j@S@/t]ZqLRY;b@B5Q./!@77,Check sum is #
test,^wJI,Check sum is H
test,ok?[FV7RDm}WFDdIo}_r*]lFX>8J`/2fM5)3N^&A~!e3@{,Check sum is M
test,%KS6 ,Check sum is 9
test,"; x{j?T~QV(oB3_To%I%)bR_13
8I""C<rl*BMn	! E;q1iUU",Check sum is !
test,"9""Lt6^kzOYanqp.T!FYS""1sh7V|;B~ST0i<|0P[}^O",Check sum is P
test,"J`c={V;|*M@]=]n H<w|e6y|\OQ
_Wgzvo`:1L",Check sum is N
test,2;<PNkm,Check sum is ?
test,kN($%,Check sum is J
test,lp9j5,Check sum is T
test,2~<yY/,Check sum is M
test,&uBXUa8Mw/|;=QZ,Check sum is U
test,QI|@]eBo+@<.[ _8hO`5hGDpCXaYY-*3_,Check sum is V
test,"Oaj""R",Check sum is .
test,0%,Check sum is 5
test,"jNEj8hAE<gles7}sl^d
s&a1",Check sum is ^
test,"}1jQ-a3t}6@_m}W|(*KCtp""Eg%FnL24+25qb""7I/5Vw7z)=",Check sum is 9
test,"+_6MMg?=78g<T'M#-fW:Z,P3y
 !iV:#Q",Check sum is 8
test,"_ Y3	2
^;m}V,,
95	B\J$(V+0xKt&m",Check sum is Q
test,]CF/sXW<eHsNZ3Dx)'B%o~\#_|(rnwt =W;P%=V+`F&E,Check sum is .
test,"BBLX957iR` Fpspg:	aO(AmS@T>.IEXg+,1,y""Q{","Check sum is ,"
test,?Ioc2i}'Bxeh,Check sum is @
test,"R1kwRoz""rI\",Check sum is 9
test,"0g""l^!,L}<]F0TIA$>6;KF+B_I/\>,J]JHXL-iT]*/a
7KeX",Check sum is ;
test,"9!,CIwo#-+	Bw4\Z{u*]$hAWe",Check sum is ?
test,"LOp*}`^
<?!7r )!%_N!VEps,'<4'+Vg=wxCrPV(3}0uZ!5JA",Check sum is K
test,PDU]jv(; DQ~iCFed,Check sum is W
test, FI{,Check sum is J
test,"0Ao*| $R|$ep0
VFGinxd\fyF4vUEM",Check sum is S
test,E|f'I?p$V>g91x0gA|xCW8rr3*C='p1(2#>Wcpx5{)W,Check sum is [
test,R!Wk&*&s?<*o0CeI$,Check sum is W
test,{`!Z3>.apZo9^Q,Check sum is W
test,"""4)f!m_R|Ui=op?.!iw] r",Check sum is 7
test,"^0
pqo+!1mlV^7%g?JQbAI\Mm|DMB*Q%m",Check sum is M
test,";J:Hqg7}$<76QO1,$IR$MqZph@",Check sum is P
test,.X)E=1k]X_3B/}+*FxQZ%fj	TNeNa1-]zr,Check sum is ;
test,"]q.!
=V5+9wSyI{pLrZ	'1(=0i::X",Check sum is -
test,"#vfnUzUM42+AWUZ'$.@!""Z|]z3u8Ety@""q\2isMQ","Check sum is ,"
test,!JPtv'shZQtENx{eq,Check sum is B
test,Rf08pZRGGj-z*K*F9=G,Check sum is ]
test,"!yCQP"":D]<NdAwdQI|ZS&I}AIBV",Check sum is 6
test,EM\G,Check sum is U
test, Q,Check sum is Q
test,"o>O,W'^.7<*PO	Zg'i",Check sum is (
test,E|Sq+,Check sum is P
test,!D.T2/:I@nb$._!0MtO,Check sum is M
test,"d\DC}DU}Y_jyMh""AyabOK(/""",Check sum is <
test,"2Lj{xH&DcV	LV1MC_5jp1Og:
@WWa}(?kG*Xsjuy.8=\}=am",Check sum is $
test,"<W#H6MCYQpVf@"")_E#XMk? ""u>v """,Check sum is H
test,"""$leJ{:WB|
?8F^Su Qvmn?9vDb?;\>*L!m CNN)F=v",Check sum is G
test,"u,=_(/durEjbJ_G!4:-%lk?D*EZ5-'$k4njl""FpSyR",Check sum is J
test,"}
vOZdm,]_",Check sum is ?
test,"T=J,P7""ZX ^^_Qf1.#sRP5R/XKg)gmsUc h:JQ$@",Check sum is 4
test,2.=JuHksNDt(Ufouw*;z&\q,Check sum is 8
test,"&7t<xp3""yM#|+B!)Qz0Q50pmSI6",Check sum is &
test,~fq=DTp7Lc_/cbhDhLT86dQj;5NQ!~GZ4{Vq,Check sum is 9
test,";/8P?ZGUxq$r)dR
-",Check sum is \
test,",NmC$qtD%:0",Check sum is &
test,"H""c>iv)E7+{J&~Z(`u=VX#R}!I&RrM'ZnHhBLI4z[?:40b",Check sum is V
test,fbXz,Check sum is :
test,D~$i3V@8G+g@[4G_!3Fpn'6}~ :!R~1 -6KqG=xW:&9Z,Check sum is O
test,"DK
NV2SDcC}.(<sIvbJeh",Check sum is F
test,"WW~yzbJ`;nZV)$\tD7
Aq>wR~5M(G;S;9OTFon^@(",Check sum is <
test,05kd4gF0,Check sum is %
test,$:6m6GQ}+82V7X|8rn4%[`ITjM_,Check sum is A
test,"vqz|u'

{!^P|[fdWiF&:+kNC[fCPuf5GL`!?3TATqv",Check sum is _
test,"_+y1gcp""w]P(mu<#$PF)>-O.uj|jCz",Check sum is J
test,j:.	?j?|;QE,Check sum is 0
test,g'!,Check sum is O
test,}Uu)yp^g&,Check sum is $
test,"ci1
o/J_U2~%R
Wtq>FX#|do+""tI

qLc:Bh3Q\~",Check sum is >
test,"k}.Vq\@Ek%/A&*U%d{?9-D~iE43QD(""@<25(O:23+=xNn",Check sum is 7
test,"|BpZ7XD\.sf(0![	E5PyC'A]=
HL&&",Check sum is -
test,5WEijc]xO/,Check sum is :
test,.9KQ.Ro&]?a^>rCQr`Bk)4kmDa}^/h//u/jUI,"Check sum is ,"
test,"Q2AE&^m?k[y7^
.3}M{:Eo#XK9!9Gx=y6GT|>e5rf{:",Check sum is K
test,"'O*7i
umt+1Y'5a
F>!Izm-s*Z",Check sum is 5
test,"qo%-yU&V-^Qc\A!maPO+D~U.!c{Il\=jqOcp"" V%P5z~; kI&",Check sum is /
test,"d6SpI/AjY,;P",Check sum is 0
test,"A+I(1I6PZ78|EBr,2:@;y1bDO'j~SrbWVyG^`O&Dd$",Check sum is O
test,"v_STJD(
5e|P""T\[ LO;0-
kpZ",Check sum is A
test,"hHds[gs+x[x<*?#ox#;""&4H6>	V",Check sum is 6
test,">h*m`rwGd2(8fhe>c8-7D*M-l3W>.=t#,Afj?vr#c^!~",Check sum is X
test,EF~A(Go,Check sum is H
test,[_Nu6/,Check sum is B
test,"-,^N	<cA`+syB[|=zf?U",Check sum is O
test,"""[[}",Check sum is 5
test,1i??N,Check sum is F
test,"Bjx(?JST6pi;&6CPQWRR@'P>;s,k)Bdkb%zIJ}	rj~_~E^u",Check sum is >
test,"
a`YO/g)vs.(Q8h 7",Check sum is Y
test,BPGP:v>v-eE-4h,Check sum is M
test,P	|]*M(sWHJ,Check sum is M
test,wJZG,Check sum is B
test,&I&r_l{\3Cw.Hcl_LVQxZyw+&2Pbh@\r2rRec]S\V2,Check sum is L
test,"#Td6h;lzn q#0|mtcw7pw,\8G4*Dal",Check sum is W
test,"]ZnmAB-hvg,KkDW]\N	Or<",Check sum is 1
test,"\I0emq,knHyZW""sNYh""1<","Check sum is """
test,"N\M`;A_[29h`.K!9;@dt,!.i;!_Zu$4@L)U~Cm,T2p0j$Sz",Check sum is 1
test,:n!/*JRszn;aw6fF1D~/QJS}B,Check sum is =
test,"b;>5 )-XZ_""Mv7[vlg^>X!
F#>as`(\uR[NEz.Y((9rJcJK0?0",Check sum is G
test,4&{!8:[$q1b}$9xwo|p;J=~ug,Check sum is K
test,+kT)T_DFP&y3,Check sum is R
test,B[	[{Ay`dBAT+e[RzV^`SAD@,Check sum is T
test,"	,)X	Bu5URBV3QHyL6)-&-Pb{?GSX#`'2y'>n3FgJ^Q",Check sum is Y
test,"Q779D|:e$
^<3zC@nVG~7d3n&Dz""M&:3=j|t	gD",Check sum is %
test,"{^`;P{
{=""xV_~-+Q?X",Check sum is .
test,J4'jSAd+&{,Check sum is 3
test,"{}o''g82HDF9 rm"")<?uNoM`$ivVZ!|~7_t[vJPFn<VJ0",Check sum is X
test,HYy-HkQ;2B^tiM2*Wh7^Kw1O%'hta,Check sum is ]
test,"	nDG.UlJB_Sa%{N<#<k',0j6PqEAYqWj",Check sum is Y
test,_|I>-My!u m!G^PtfBMy?,Check sum is O
test,	Uq`)h5MGcgysMB`,Check sum is N
test,"9Y,QP#[yxuq-p(#s",Check sum is /
test,"Sa7x7?NoB%
xu2:6""T-R|rVr""?V{#]",Check sum is S
test,5-7~[N?Ooa,Check sum is >
test,8nW2D:`Q.~-Rb -;5}4O:MOF;hZ@N:$z?f%6|u%W]Lx;ly,Check sum is 5
test,"Zt;_*!o=vscHZTC=oa""ffTG,7m;Z{AQYUH[hF",Check sum is K
test,"
TBiZ$<|Og{e/XD
^g3!,.Tutu ej<m$]>=55E
",Check sum is <
test,"K'B3t
DKu5oX(?%2H:BP$",Check sum is ;
test,"g&DdF@%x*ibFPK9""m,{	=bJ(yd=3W\8+m~",Check sum is %
test,O+ zw0Y#l1[mKQg=c~aO  sN3v<)ys.6c,Check sum is O
test,o}>{\]yn[)-[VO- @smPqK{Rz^|C0]^_g/	Ck<c| M,Check sum is R
test,da:q9dbNC!vKlrW_jP%,Check sum is 5
test,"ig9<i:@O*q&Ae*Mt/5	-IJb""j%ar05R>`k,bB<PEK)6^r",Check sum is W
test,NF$/OVa,Check sum is M
test,8uZ:^+n-cS1b8 }v,Check sum is Y
test,ujpP1,Check sum is 0
test,"1u8B YP;R&GZW9C$uVdXG""37",Check sum is .
test,"Z\'Hz`V,!A*K!J~4
_qZ
]YdQ
[d""`|wyt",Check sum is )
test,"F""m
D5_r%A
jmJgMr}
,L}",Check sum is <
test,^E`N:DKR_o&.p17|4%|t||zWijcb>F/Q36b^+}|1)GTT*J4f6C,Check sum is M
test,")"">=x
W78bN~J9i",Check sum is H
test,)4q1@<Nzt/-|>/VIo0^)rd,Check sum is 7
test,"Rs&B"">@K{",Check sum is 3
test,aNo5+aS\,Check sum is .
test,qt$\,Check sum is E
test,"|:""ve#mXFLV'p3?""obk`yG",Check sum is *
test,"K(o7z|N
bem1B5w;LnGQG",Check sum is .
test,"u*|u""C
Raj_dD%H3jEU]:wPbZ2K.%@|K
]\eY.6\XEfw5	~zw",Check sum is @
test,.j!*v,Check sum is 9
test,"k`&\rj=7@{i1={sl{^f
g,S30Acc~~$Ds}@I",Check sum is _
test,*Ne@v+S\9yi(/,Check sum is ?
test,Zm$ BxRbVlfN)s'p/0mP@*#,Check sum is +
test,"?(x2<FiI0A@sB&,jW1A}	
	",Check sum is )
test,&UcyGI+B}@EtG'78sP_j?ut*yip9cDp/f,Check sum is \
test,"bMBl{:(f>-U,I,ti3N3&cT~`Gm<FV%=P",Check sum is +
test,"
Ts><Tp%REF,.2.32M:
+}0",Check sum is 9
test,"5`f)z\x:hjfKd,{M7[VBA9y$xN0'4`FE%|}rd!*?8V?oP4","Check sum is """
test,"'b>nuYr>4,Mur_4.9c)`=;HSkV2hHqlfDHpPyYw",Check sum is [
test,}c.*3`,Check sum is +
test,"qhp7
1+~(Xoo""H
.)	H Q:~U/FL~V*a|dRg:""3tbW-\w",Check sum is 1
test,"@$9MXt8o/.z&7<' 
&(W2|*gA2FD!B@dZF#h),z",Check sum is  
test,"[DEv'0+f=YrYmnzi[>PAA_ *1G38,1pgOv0wc,m9lhR4""",Check sum is I
test,"c,Ia.:5'xf#Ki>fg{|}(8;V1%MV 1~%S]-Tq",Check sum is Q
test,#;{*s;kt<N/XXy?7nS$q[TM2cOt/R'@).~OAe,Check sum is $
test,"P,.)Pd&U		.OfV$.&+gV(-JS'rfsoZ}td{",Check sum is J
test,"M7bgT0S>v o`1""c<*^4((TOs!`I'j^5t?*PV}#",Check sum is L
test,"-:nQ]l=g}ky	AKD],",Check sum is 6
test,/!|Y.,Check sum is 3
test,`umY	@cJV'dj	L)~H#Mza`k!J,Check sum is A
test,cUUB~FS]uu@^Jr[,Check sum is B
test,"_*RZcoGNU7+2-3>M""s1IMa&e",Check sum is X
test,"
w>9,0Jhv^$8-&(R:/:6\8'8""i0[BT^7o(FAOE{.o5)a{]`.*",Check sum is I
test,M`.,Check sum is ;
test,L`#O.(LVi(g-kG*d8 ;R^-2,Check sum is =
test,hE83{tm_k)!hB_l&=M+T2G#C<S08D}^B%'eV1cu,Check sum is S
test,"!5&Cx.^n;VKn_<5T
",Check sum is I
test,6<K'Mz.),"Check sum is """
test,a-q)Oi:s5*>,Check sum is J
test,"i/Y2RA/FkT=d]1>,_Wt:W2vf'!'KU)rLq-6'+q3]:M0$)Z},J",Check sum is Z
test,Vg1%r!!H7C,Check sum is )
test,@$#(7M&V]Q	@+Rl_hS'c,Check sum is S
test,`vAc,Check sum is Z
test,^&wt015Kh5ubP)q|1;N,Check sum is D
test,"^k>3T]:5"";+J]K$oh(AHSB%",Check sum is Z
test,Z@sr<Fm?SGqZ)Y,Check sum is 4
test,USVE%^n+20kG:q{u{GxI#<R]-CX;?i,Check sum is *
test,"OSr2<qrb-};+wVRgOI+v>uu vBa-aimD$A	\CNN+7X,`|",Check sum is *
test,"e8bJ\r	-ea9k>""4N|{JYD4|U/8E",Check sum is H
test,VAXHN#&o5NW?e87pJ2ox:\7@=.IG*HRyY=W*T0qc	,Check sum is Z
test,RKi:\\E=0iR:vB.QPpaU='udM,Check sum is 6
test,?:vSSc	1.wy@g!|hpc;:  }2CE6(+gRetj>[zmy|?[q'bUo'P,Check sum is $
test,B.Yx4Z#lm-jE5ESN,"Check sum is """
test,vJAZ!r`,Check sum is .
test,zic{E+'\l0,Check sum is 0
test,"MA&f
>D~q	,{YKhvbf3Og;sI()hY,}ZSU^.",Check sum is X
test,"b
]H'`h>MuT~35v",Check sum is P
test,"e9/K?:[[,P%vy5","Check sum is ,"
test,"t!U;^VU4 K,0A3wEdgfq1D0>L}",Check sum is G
test,":bBI>ADSL49W20""LeaU",Check sum is X
test,"\nQ96BOl|l($QWQ#`pnm2Hv`]/As>{M{HZK.u4}36+h'/3,l9",Check sum is J
test,"i=""1{c!-Ym5<rvhSj#v1]Gue[+8Gj{~().TkkBa(S3:",Check sum is -
test,@<^.tL<C.9;K3T$}X]2a>>7oA~A*M@f94JSE,Check sum is R
test,RgTHM*C2UQH7CB/,Check sum is :
test,lt,Check sum is @
test,F_>Ht,Check sum is ?
test,[HY{:L9JJ=bPQ(tp.q6Yue}0',Check sum is R
test,"h~SE'hOe4LyW""`(B5Q!4Q'l%\I",Check sum is &
test,"W0E$(E!G
4()!R",Check sum is '
test,\^GU.Dxf,Check sum is F
test,"PoN]\[R'L,FZHUA""i=Pgn@&'4Boh:*FYP ?J(N:CBC$vqfw",Check sum is S
test,"?Q[r9""30YM~L""P?/*}(j=xc2-;o/t9]55",Check sum is H
test,"	DG-vH?>SYVJ(]0#6H;<,p@3FY9xPdu6
{l+Cp,4.6@",Check sum is F
test,qZgmG%:n#I(g1ljx-Y\,Check sum is /
test, najwuR5<LNP#i2!0vRy`,Check sum is B
test,_Swo_.dz,Check sum is #
test,prCiLr65xG_coTn%adq,Check sum is $
test,h@NQ#yFDDic'05aymmc{1?Aliw:N	882`FXf:vr*ZHgfL x}L,Check sum is 7
test,Kb9V0Lob( uVcqVHu1x*rJmln[wawH^Q0}x#,"Check sum is """
test,WR!tnOKq@`exiI:F/U^'Qj&kmja;QtQ;V,Check sum is 5
test,"l~]x0
*_GTn9UOAW,%UtsqT0A",Check sum is #
test,+`Fw?4+Sr<82G?7df	L$N{d`Vb'NuxR6pQ14(!p:RXr%w82?,Check sum is Z
test,"j@0*JD`x#^=f'""VpFh:",Check sum is %
test,"{)h@DUM9!t81]3E {<eimvh21^/uE/{$uRR/}z!C?""",Check sum is J
test,"a9fqN()CD
~Dp.ZBA';q,4#U(alE(Rrdz~",Check sum is +
test,N4IpQ*/C,Check sum is H
test,"y&FVHZsAWPwMP+d?>qCizv}T5`tKaQglLBlqF,GxXk&G",Check sum is ;
test,>]\ MGIq9:_},Check sum is T
test,"&u5""Ki[YY^Zo:hQiu,	d[poB-w&^",Check sum is H
test,"@a>x&at6C!BQPv,/yea r!pK(x$vI0>1_k#qo-}jnmuQW",Check sum is (
test,&+Kw_6W)Il(-PNalHh}8d,Check sum is F
test,"[
& &ZC\)R2)Z<jlAaSs[vD'(f-m""[J~x^=:Z:uNk-=.@h`EB@",Check sum is 3
test,"@g\bnJys*.B]	j""HZP37)8*%|6S*	a.vJ_\",Check sum is C
test,"VtN^K@v^~zAt835D6_
e*C'ep$",Check sum is W
test,>3K]zQ[gq?o]&*PGQ*6M&+s{lj*(o,Check sum is =
test,.j4ezq7+iKvL|x9);{g[OMWI/gP?-;G3tf9,Check sum is 8
test,"!R,xOF9'0i2X*=nW~?4S|",Check sum is ;
test,",FRl*A6=x>+e9J[ D:,P","Check sum is ,"
test,"6}""eR@2QC1`.\G__
5d;UUP;/S",Check sum is '
test,sqVIO<3%VS8%Y>,Check sum is #
test,"Z|o[Jo(,sB{P v,9=(cNoha!bhEuy
XOcb>eH#%",Check sum is ]
test,"GToA[GDT4]#qT$bk`&Ms3K Xi
	SWm:Gs}R<$:m8""f\-",Check sum is 1
test,GDE	~vlw:hf,Check sum is X
test,"RelB8ZY*^,?xOw|l'9]`8vY)<Z cKw-1l",Check sum is ;
test,	#IL<~q0d_`(2Mfo,Check sum is [
test,^%_13v3,Check sum is O
test,%FhBf	p;*>~uZ|CY0?+E4v+9ew?,Check sum is $
test,"ZkG~%>&rR6[7 
WYkub3Jq~xuS)1B'",Check sum is J
test,Hy)!4'q3,Check sum is *
test,Ga8KL5$hQz;yf/j/R2CMm0luo9G6z37[qpfotSe{6,Check sum is N
test,"4t9k:GA[n/\mC	%""s]@,j!0mIQ=2",Check sum is /
test,"""LrkyiV$Y#z3}c~z",Check sum is H
test,ixZ7T5V,Check sum is 1
test,"v.Lq\53,oL^p",Check sum is :
test,"s5!;Epu-B3Ny%gjY<1+gZ<j?a:""tJ U2?s3Pk^gs",Check sum is >
test,r#1\ENW	 hlu/rF>y ?ldh!.Yi/8s[s\K?N	IFiCGocn,Check sum is K
test,"yU5D~!4(] (	{GNR#PiQ_<Y]7`""Yy|2!#y!xKV6^bk",Check sum is A
test,"f&Vl2oE~NdSj.
jPfz@v@mhV|kT",Check sum is /
test,"5|.U',nGWA|H:rN{JcV_gf2L]O</w89G",Check sum is  
test,[Lw,Check sum is >
test,x9T_*b[)GW4O@`x}EpY)h;f;npF}4g#C,Check sum is '
test,"FE!=G)E*VYG]F-.>zE"">jr5/""5$28wV+@u",Check sum is K
test,"z,?f _tjl{2*Rd1y=21W""",Check sum is D
test,"(k*ek]@+(!B:I-Q{:A9""3T:x:jy|BOD;:_fPgfQl@$ew'O#|","Check sum is """
test,DQ5`|F!B*	I7,"Check sum is """
test,"g8}:4kih*I8wDyC%+9h-Z""HJ(/3J8vH$x",Check sum is Z
test,K7P+_^6+:BAAW3u5x=BSF%%k!bzQ89eLO%Jydo1ri$	DT$<,Check sum is ]
test,"$t4lt]""A_ayUx]o/GEm!ma64.; F""\^&[77),C
2 d<",Check sum is M
test,"]N:)kc\G[QesL_0&[Xd2K;@%Pfs%=""n{!|l;dYX1Y@8|p",Check sum is 5
test,Tzp:{jFO,Check sum is R
test,6=mXGQQ=kGQ'snUZ=	Jzr!a2.cMG0h 9(Bh+.b\Y8aVplk@,Check sum is 6
test,LL}\,Check sum is Q
test,"{E .^[n,{;<(j{|&""c`/7'w2QfiN.N!{>=^
~+.0)t.TBj",Check sum is 8
test,"E
""<calKM	JF{Z*^cnZ%_]O7$Z",Check sum is [
test,") ?\Ohx~sC[IK,)WTQc~B$?l i0[ji(Y T0;/,",Check sum is ;
test,^0W-I TUt#.eX8G$ OMCF@e%c	(32/+8,Check sum is C
test,<R:,Check sum is (
test,"""'%<Zur4KRUc^",Check sum is 2
test,L{T{3&6?cC-Z	Jyk\hZ'@e@=*N,Check sum is G
test,}[gal]O1)JZ8cYS\mG,Check sum is -
test,Yoa%jstpA_ `K,Check sum is Z
test,"ld'z@L/,q]^@rFO6;.4{7`#0&\^Ye5#_jm{@""[eN+<`",Check sum is A
test,B[CO{f	kE:>{	ee!|w)2cp?t+$/UspT,Check sum is .
test,J\LDc[z3JMJ9vs^mx[8M^y2,Check sum is 0
test,"M9v%k!H$""TO",Check sum is >
test,"L_PS
;}&8C",Check sum is Q
test,uLGx#sVMZ/`8[v5q:?370,Check sum is D
test,|>#KTO+H#&j2tw,Check sum is .
test,}@4_cZ:bT2gHo$]EY0&QD^O2(;{r3l.D,Check sum is 7
test,K]lm*@xUV-+S?'`'Y]$+.),"Check sum is """
test,Io]5;Ak7!,Check sum is )
test,VbsL*Ta kxU8]+h~mAbP.qByce^$[U,Check sum is (
test,"TATDWS[J3Ogm'Mb(,{(9p].PD-e",Check sum is Y
test,Q&Bs,Check sum is L
test,@4eb<SmDXV'v/wjn\V~v4T_z,Check sum is +
test,"O_ _4]?H|]jUl[ G:#1;Za @GynQlI""C",Check sum is (
test,K&m?'j>+KH2X,Check sum is T
test,"""YxN7i1o#<pI7B~W,0:F~C>Z1X]JlBoa&+W/EZ5'DQ",Check sum is Q
test,"	gs_2""4UK=WI#i&C8N,,6A]R5-G(3]Q",Check sum is R
test,d&L,Check sum is 6
test,",6Is45'W5:sX+zU${8mty'0",Check sum is !
test,"|K
=No*lx{sQ	gYBsW(WR``[	*pj^",Check sum is $
test,"wUAkT}Rje:L7?^60et'C(,P2euF`mKIZX.U}z6QttV",Check sum is U
test,"E]!'{H8Ee86 L!)MFO
L",Check sum is K
test,"r1XH""'<~bYlWHy[
<]{D	J|",Check sum is 1
test,NezG}=wLGd,Check sum is <
test,aH$,Check sum is -
test,d_ZU)2,Check sum is -
test,"e.Fspy>v,\>#J	%.xt7',u\C$%Rnl?g*Li",Check sum is \
test,":""U$Ek",Check sum is %
test,)e?kNMZ&bmH ],Check sum is G
test,"j5cC|{6r&^aQ)y
'",Check sum is M
test,>NUv{BlxI/Y~v(SLGZFXtu,Check sum is L
test," 	kTi^-Mqp
NNg5,s",Check sum is K
test,#hO;FP56CNFB7t'S],Check sum is Q
test,"f""k,	y~4jVqhx/I9b""{X_E'Y,
Vq<;^=vK7b",Check sum is Y
test,V6g`%t+dWu,Check sum is '
test,!iH=W(;		(F$<#Yu5Z'r~Uq *(t3`t92Cn|PdQZ?T,Check sum is ]
test,)4`Cj^_^ (u>F$mL!mz#vLTCL?\2,Check sum is  
test,?JtXDZXzE_d@7o,Check sum is S
test,BJE	|uQV6,Check sum is H
test,vOD+a%moIUzi%,Check sum is \
test,"QP6}A< (3R+&sU><JwtxxD""Cq3Kso,z/",Check sum is E
test,>$'/6:Kc(g\Yz`-v6GmkSm@=3Z_KhqX qyho*g(Nk;X yg,Check sum is W
test,"l=G&BD+|9[@	1G'#=8Y4I""2,&sY0De{;OD",Check sum is !
test,"Kc yV
PH-M6R0/Dv,t#5P;imj9salxXUv#$^5DI",Check sum is 8
test,".,+~iMH>\/3P@\(U_DD')y&/hAWw/{pI0lrRR16F",Check sum is D
test,.NJET<28[sf99DOUo,"Check sum is """
test,@j\BWCUS[y?V(`S$~d7nfxT>~L,Check sum is S
test,OUzCH/|>mIP,Check sum is 8
test,"gMWJkOJ*;1T%U;}g,JY`_jL##S^(",Check sum is _
test,"a&Ks=1byUII	Mwh9V6T=.8;
>cql@Kl{M7_",Check sum is ^
test,Qbi~wrA$-3yG1#e(&)edtc,Check sum is 8
test,jiE,Check sum is 8
test,jt$7y/\LEnov}n5,Check sum is !
test,h8<%O<:eZ+O! u)|wqKje(x=M.nqu?@p%KQK,Check sum is #
test,O5AlMgJ;jmw:Bs'zsLA+ xsK84J.QW!$@`~xwO,Check sum is V
test,CdOi/lCa0?pk@	K^f}IlM(5LGaDu.0]se'Dk/B9z;[i;J?YD0,Check sum is F
test,"+l3}vt5aFzOSL8.(a?Js	/6N'D*
+Mob|M",Check sum is -
test,"q99eL%]<
G",Check sum is C
test,"s:a1k4S-<GNrF~a>4HPmt]Lk7@!~eQGd]dacyu
b>X:}",Check sum is H
test,"P{^]FxV<c),}({ZD8ki}Af",Check sum is \
test,}b=3y6N{D0kw!|r\hcN>/)l$>Gt&<lJ[,Check sum is S
test,"!,R>DOa4|;o+QApxxgPE&c$mpC${",Check sum is P
test,v9@	Oey ~7ZEMmk%?ODRL}D,Check sum is 4
test,"NX+:*Jq8)|VfcyL-SNeu^-n,GHkU4NPV,{u$",Check sum is U
test,"hejn
{-Ogw.,W)d5Z0,C!\0WdeTSs",Check sum is 7
test,"8n?OhrrFu|=v!EGdrN=2raX^'$lZ	XJ0pH<,M30/<",Check sum is :
test,"G&-t]XKLx&
Cr)-6`'Eh^ Ky&>",Check sum is =
test,"UmH@B'bu6+Y))-*n0""uDH}	N)c0""UmB5
k9*qA#/RJ",Check sum is 1
test,"p5Tw[Ih#iL>SFQip2""Sn}AgN<.oDvo*d3L}K:Z",Check sum is (
test,"(T7I)B5D4t,<$j<.SHw^VQ2=SXu{FP",Check sum is ?
test,;W!piNwTW,Check sum is \
test,"rp/UD0SXJ6kqoM""Ec&*v1W%6Zg1`9",Check sum is ;
test,+/=r}-yYXc4\R<*rC,Check sum is ]
test,"6l:~c]*,{n;UdcK",Check sum is [
test,"-T@S.C%VjJe	tvM
cna5a{WWeO|yhvb,",Check sum is I
test,"4b\q,D9g'\0l	t\m
`KOfMFF?=IIF7~Xe-E>\",Check sum is M
test,3GAe<^e,Check sum is ?
test,F{MBVYK;I*Czo!eI,Check sum is S
test,OXs'`{Bvh,Check sum is \
test,",8,g|IDV",Check sum is 6
test,DP!#rLS>]O,Check sum is 3
test,NHT{~MJ51,Check sum is @
test,"V|HgAie!@;U,'P5Scr1JK:o#",Check sum is 3
test,"DEHN;PrXu
i,)%;p>r2<b*5{",Check sum is ;
test,HOj-&|xB,Check sum is *
test,"DCux`wlKeg,.q~es;C $!A_FYI`yd!ii@v",Check sum is  
test,YInp>2aLZA#oKso,Check sum is W
test,"1g%:x,\(|",Check sum is ;
test,"5A }
KSC6v}?`5mx,g){(s",Check sum is R
test,O**!Zq,Check sum is /
test,jIiIeSc.Eo=h!CzVL({d^8&og[\ {un[II &d,Check sum is L
test,"$CWC.
/;bPj_tz	w
N#%/A:pR0FNiG%gO1$eLT1\d6>PJ(",Check sum is H
test,"xOInc /du8:J
Nf2",Check sum is U
test,";E}FDgJqz%O!!)"";@6g@l)\VqSgP	+s{U}9aFt%*;jGVF",Check sum is =
test,j(~lpO(,Check sum is C
test,$N:74-fWOGP##q5?Qbg3(qp!*3,Check sum is F
test,"Ch.u6QkjM	
C0H,XvY<+5b
'zW]]g,H{4plpVcp=5}<5,6m#w
",Check sum is D
test,"k;C[/Z0:7`93=*M9	',djO_",Check sum is _
test,":l	*3HkuAx
Mm ByS]VD\[}x","Check sum is """
test,"l4""QFpjkH*Y8w$ublaD:T,/:KSxr0	b-jp<z=?
*xR@bM]",Check sum is M
test,&[ ,Check sum is A
test,"JvDjD>	:xu~)n [	rDW""",Check sum is H
test,"avTz30TOr
~c(@mQ""YQ",Check sum is Z
test,"6W(RVT,)3{T_AE}jw:PCX!{EeE2[jU",Check sum is '
test,"TpRQj.Qs_Um0opkFi&tDY5UX5
d_z",Check sum is B
test,J TSXn	f0S);3	bI:HkrRp7R&QT envQ;^\65!G,Check sum is +
test,",bA~F"".SoyIU[E?",Check sum is ;
test,"vk""T<.GF[%1WwTl@f)t.d-sx",Check sum is Z
test,"mI4F""s9k b5^%{cjmVOzgEBuj%E(B;%Zo+^
^}",Check sum is O
test,rtvMS	HEzz,Check sum is &
test,AxG#('U9lMX=<ObP	+m@J:?t=h1>Fh~TZ{xjy8z`j,Check sum is C
test,"%:3>JVXE^a#T'RnF@:5
?>RvxBL@xW=)8f$z{N*c4Y^S`",Check sum is 9
test,7J]Y\Bqhqh*qE'@hA]2K=)=4F7k] 0N&,Check sum is Q
test,"gJtV2;Ny@""Q)|<_!QIOXH5P*2
xHC}|3rM-FVu",Check sum is C
test,"HbhoSo!{505AKL0""q#Ky-. Bk))5l*&3	@u}-qRP""Qf\I~fy<",Check sum is K
test,0HdOWq5(4<F9+%R&Y],Check sum is ]
test,"I[yzN3zF\
s_%O?j:y/-
Htn\hid{PP.'",Check sum is Q
test,^2wjWEs_#F3]Yp.Gx2-cg~m0,Check sum is 2
test,w	@C?<FAQD.mY7Jbn}#WQ,Check sum is G
test,"SL(H.cYba!}Tc(h""Q!$!p6r7(rF
,-","Check sum is ,"
test,"kIs
""',RB]Ty@+BXs[
apaKap%;#h0j{@?
3Tt+bw(J",Check sum is )
test,l;[e( HrfPH:\?;V(0mtB;T)3}GQtkU9ma9_0kT/4_mp%c,Check sum is Q
test,"p^OEEP
M_K6r.n /%J;`JJJ-Hl?jbl05v'_VQ'o3c6%gk_>H-",Check sum is ^
test,"}uY.H+%;uc!1
,}jMUQx\U	l2!8R&	/weuj-+8t3J;e^[yQm",Check sum is K
test,rxBnjC:Cv]bE<j]5tLPaN?SCz4g18i,Check sum is Q
test,ZR}b$$FD=DKc*J,Check sum is  
test,"%84(2cW- <=$Lc_Gq?`.Ne,IHlH0	A98[
Rf~B!RO",Check sum is 0
test,"BG|QI""(W2K	=R2A1#ss%m,/{",Check sum is J
test,X`gNEr7Y2,Check sum is F
test,Z5X~M/*alr$E	kU(e4]	0qR~=0EEcl3Ish7>,Check sum is F
test,"<H9#.*hv_,Z-L\:x#YhR_",Check sum is 7
test,"LS!zLp}D8:g1^neq$#U05%Gw0^a;G""	j)}\~0",Check sum is ]
test,w4Dt8xiZB'O?5ZaG	P`=Y/1td%$b_HR]'7NN^D,Check sum is H
test,"4de$4&V 1}=t(.,fct|Oh^_A",Check sum is  
test,"v
NT	m:1""-n#10.^Ntb-xOb",Check sum is *
test,v-s(49HtQ7z9l^RM'lyajl`,Check sum is N
test,(A(uJCD,Check sum is 7
test,M|%`^Q,Check sum is ]
test,OQ>i,Check sum is '
test,3aJRHC^-Zq1~5W<SfiGc;i	d[	bd;as*V_)uMN-~mmn(=L3,Check sum is -
test,J@LPLL[@}Px`,Check sum is ^
test,"g""
""g/=G	Dx=.3Y.)|K[z6Wbms",Check sum is -
test,Tm2rguu2$32,Check sum is Q
test,?7T;BIt!yA4-_qd4HI3 b1,Check sum is ?
test,Du$:\,Check sum is S
test,AIE'@q,Check sum is G
test, QXnKjJgA8,Check sum is 6
test,"feM ]E_\\3#*WuuFD:VA""
lYH<[{M6<yfz",Check sum is P
test,-v4]ujYZF8Z[7%{~S-MV|s`Qe-d>=+,Check sum is M
test,",vmejb-yKXp$4|_0A|(/vKU",Check sum is &
test,L2,Check sum is ^
test,"EYd,1~]xO)9""jRb#2}#x4>/G[M,,DhkdUaZ:K<mp9}",Check sum is 7
test,F>+JDO;= ^{y`?I0]!D9xtq^|7[)0XUlA[|,Check sum is <
test,"YB=3uBk4E|eHAV,[G;4aq>",Check sum is S
test,6V!29K>&tAO:r4?8O|U!.Xah3weWW+4I2+r`sX/${Pu`[F,Check sum is E
test,c3(,Check sum is ^
test,""":3\0qux[rmfdK|}5gq9dk\^CV*D?rzG[:",Check sum is >
test,"hrZ4].n`!Y#ITbd/(j8&""eMbtoU^[L1nM`,0q>kxr?5Ng-V",Check sum is K
test,"ZgB!{W"">uP\!bv#,F80>q?,Fx=\d ",Check sum is B
test,",NM4zE",Check sum is Z
test,ai,Check sum is *
test,	U3nP )Bp19}x+Uy^qE^*jy2F&:=DkKAygz9#T j#,Check sum is H
test,TR+	=5#KGm6]/-S2E280JG@0IyeEWx,Check sum is ]
test,"xgK}NJ( /;n\%=
c@NjCk<d\}f{U",Check sum is ?
test,"8,MJo)",Check sum is 3
test,"#BOhM
k(",Check sum is &
test,m3uJA,Check sum is @
test,"/0	:}|P&N;q>*rOsG8>></y&cy*Fj=;uAe\\Xq[*.zv
uV",Check sum is N
test,okF3fc+FVW1h=O6}5gWR C0qJjOE)A{[^47',Check sum is 3
test,N0Lxa_'Q.7IS6'o5>*r4,Check sum is *
test,"iL)REr,LE07#B,",Check sum is <
test,"}d)LX\c=zB= _U	'v,:B.ze +4DAy%"";3`>GJd",Check sum is 7
test,`YMsMXWKYYkI:nay+@zZNpVFhlrg,Check sum is N
test,"D zmcq]h.lk W,(]@PT)V2ku>!Qn=",Check sum is A
test,%XEYQsx!Ciu{3n5-`G<m	Rr:p&d|O!?,Check sum is 3
test,`O2HUr};yx[SynGL6j(K({ .G@$i*q&r},Check sum is )
test,J:|aa,"Check sum is """
test,4uqe,Check sum is _
test,k.0rRc%)OY;bJmpI-Q[kk9&]T>'\NQoyX&^vPC,Check sum is ?
test,"wo,vK[(Wfk&Q",Check sum is U
test,3$;<Sz]<3yCx**!@4E:V4ihNwON6,Check sum is V
test,"NJ6-0wZEF[EK:>	PATa_U<.
/0U}/(0DJya(<i=!L	)",Check sum is J
test,1z-Y+CU|76saw,Check sum is H
test,T9;6{p1mi,Check sum is P
test,><<Eq:p]lVU~h~WE3t9b%qxYy1,Check sum is =
test,%r(8Jpt+/]XJFE+5Smj1PR{n>>72U]|}tOS.=,Check sum is @
test,".JPeQ)h*isBr04""j3>Q1?A'c",Check sum is V
test,"T[ K	_r6-HWZ+1%>?sA@X
",Check sum is D
test,"z+ev99|K,_|6BR,|{jLJuE-U)u",Check sum is '
test,"0
T=4/g+tJF9$^;*;{;G~{GuDOVM0	2P","Check sum is """
test,"L|X-e0#n|lX,+	n}F.d^5FoRV$:G06S=fm",Check sum is T
test,".g}WDRiH[ah}.oV(
F.[V[Q""	&M2Jk*ZH>~7A%.",Check sum is ?
test,"~$8Rw4$^V4B,7R.hI[~hdC%WH",Check sum is E
test,0Egz_Gvpr4ufH4@ b8=<G,Check sum is 9
test,+V3I8vwrC	[<9&c>E1]>p@Lgz(~ =/{*Ix`~1F]e9,Check sum is -
test,Yq.Q_2eawR^MU$N8(y{]|9-hL?l#-`2:,Check sum is I
test,D[:E(|q:kZS4qI4,Check sum is G
test,yv.G95]jB a,Check sum is <
test,"""8,W.,FfhO
U,00
t1MNVnM7>rGK9~*8",Check sum is R
test,"#Ul%Ng]+( n|,P!sJ`|"":c!yO@?0*UvT",Check sum is .
test,?Y;o0^J<_R8S9R>H|U1jp`wZ{:ElE+IqljM'Pzb?Ao,Check sum is E
test,oB[JezOO9KC:EESJ-QiGlqXr?`J]D@+cn#F?C,Check sum is !
test,9-` ]s`H~u^n8{SqtXS$lBbk%{t;iQY!wIj,Check sum is _
test,"q5jo4Fa7S#?l##M,*R`!cmT`((!REj|su",Check sum is (
test,!t72Wfv,Check sum is Q
test,xNX~}0y^}Gl~NP_=@P?tY'{!k	+2#xt~jW9,Check sum is _
test,"u>m]{G.OEEXe(4/\J#1iM+4:]ukW1?
(v",Check sum is #
test,:!'y'-En8AFA7Ae!$FI]N?>\&lF=njxej8}&)wVpspD.UoS/],Check sum is D
test,; mr.l;z/z|fF:p5+'1SKY#B',Check sum is _
test,"0q`@WA037B\\	CJKRZ,",Check sum is F
test,6k~Y_gTUl]@onYd,Check sum is *
test,"dECx)<fh[y,f?
pf8?t+M
1Bd",Check sum is @
test,a^+fpotvk<`^vP%`bpK>BZGeU?xqJJi$ gqzcxU_>BQnRO0.,Check sum is )
test,"Ai	[}2d\~fW
!u4`F',tD
(^;LO<bw!`",Check sum is Y
test,"]puK8:e1-\(*f/CAh2&vA2+(knZ|g1i@{X
SGFEX2)g4oFi;",Check sum is >
test,c@Y,Check sum is \
test,"z .jhF<6!pR,t$l>X/M4>&&8K",Check sum is X
test,Z*f}A^=:jbbS,Check sum is ^
test,Z~njjB&oOI<3,Check sum is X
test,"UxP.1`-_jCY[;l@h
_gxD'oa|8c I!\J^m,<)/.:+#_du",Check sum is ;
test,%SKAn@]j;U=,Check sum is &
test,"Lcqs &{zcT\;@|L'B-k^""FXw%TKEF	IKlNQFc&mv",Check sum is C
test,"H}8%|pX`MF{7j\w^Zd<hq_.TV!f""yR}hNpm,0GrpQ-(Xs""F",Check sum is 2
test,%4Qb{QOH`7.N*l5qi94rpPH,Check sum is .
test,":'\CM.LD>^g5
CW>Pf6prL3gUYI0=zD",Check sum is [
test,"
bJSvF&@%bD<IZ!Fa;.Y)I	4K",Check sum is 9
test,"lATqf'p=Sqf\f_ oC
_!inF$kF^p""I[@TI^p#G=",Check sum is K
test,"i
w*]5lwjcMJhUZ",Check sum is $
test,Za|8L97,Check sum is K
test,`!t]3|8	+y!QicHzp3 bt2lRr,Check sum is A
test,G^\v&&S)1gn^k,Check sum is .
test,"C~h{aU%NEMy>CQ7sD,n=Xtd=%$j:x^`j0C|(=#/",Check sum is /
test,"*8TI^A5`?E4FsJ7eNyeb(!N>1U],P|3)NlK4qR2Q)wLAX*",Check sum is 2
test,*&MyPSo~]o,Check sum is R
test,$@kN?Q|CCUAS-(Fekuj7u,Check sum is .
test,C?},Check sum is _
test,"9'+^1E)L;U(H_7w*~uWa\~Pt,J7#",Check sum is D
test,uCSM@*,"Check sum is """
test,"	ybQUQL""Rc:e\(h.%
G]vwDq-j jJgkzg9",Check sum is #
test,"\0Te\P^""agPSQw-TMQlJrsviMbY).-&>A9?naQ",Check sum is &
test,"`W|B
9xrbQ)gyg46&},WUnNeT?m_S_\yLdI]Tp",Check sum is +
test,J;)FZy]<MA0><@N;|*dm)GK&-J0!~K=_THi)&tb07[W7,Check sum is @
test,{C3ICbCF?KFVk$ai{t)_,Check sum is >
test,JH#s61kpvDh_Krl	GXkS>|U,Check sum is )
test,{KV]S]H>v(j&?\cp>J&Hiqv5=S1\G{N1$'^|T%E>/#,Check sum is 7
test,p/-2k6i&<9{No1x@pTIe).d,Check sum is Q
test,rd,Check sum is 6
test,"}|,\{V
	M
].a7LzupAlyXB6noS@6Mu0Z?B/qa",Check sum is T
test,"
'&f",Check sum is ]
test,MVmU$a3V2nm-LEJF7N^,Check sum is Q
test,h)8+.hD6 8Jz*[J~D[,"Check sum is ,"
test,"CN`'""",Check sum is Z
test,WQ<HI]n|nE}F*|c3}p] t\6D^BL5X3:K,Check sum is 3
test,"efwW}~BBJ+ <PeYuRJLvzYEqJ=U52aX;Y2Q:_i""",Check sum is *
test,"an*x@j-?O0""e.rP",Check sum is ]
test,",ZHE_/Vza?\HNwePdML\~ys.%Q,F0",Check sum is X
test,"Q?tU2+""k""VZq*et=H:5M|j]edvm",Check sum is Y
test,nAg~CI,Check sum is @
test,k7B=g63}YWnGU!Ij=E3_Xo^b.G5+c.u|y}IP,Check sum is ]
test,"X%=$,kc*o<&F6s -",Check sum is /
test,S7 DK*CyAAk#>s-'WIRd[,Check sum is E
test,; qtrv|>Q~8a.dM_%,Check sum is M
test,";A)s!c+)7oCK9; 2S0)wfcWzY^C/Qa}""IZl}Tat2p",Check sum is X
test,l/H`#a1T>T?1A#[XTJ%r;t+`N(mL'@	8,Check sum is K
test,2.z2Vw,Check sum is 9
test, *n-rHlPiJem?Yk=?e|*d[74rRb9j)B.q^?Bb,Check sum is H
test,">1s7sX+:H{`;ol!KCgPC?g!MXj`7c,C$KQ[$)lG:uS",Check sum is '
test,"[6\/SOs_MJYCP
$
34AP",Check sum is #
test,4lTWyi3[-Av#FU}0;rC|D<qd6v,Check sum is W
test,g8X@]q9QII~ypB*g0UNI~L>/,Check sum is N
test,*%#ogB,Check sum is *
test,"0WM ""<.W5\Zh(",Check sum is 2
test,"vxet	f]o3""aB",Check sum is Z
test,"P/%4M+X&(,LK;d=2I",Check sum is 0
test,#IDML#4smYD,Check sum is =
test,"1`VbBpI#
b	aj",Check sum is G
test,"txm7GUPqdEqs\Q~Z0Rm^2|A}AqUP$VvuzGFQm{	){_Y~Z|)A,q",Check sum is T
test,"7#DV`MNkCI*l+[r`z,ocrEXNJNT_^z84&tP<^`	",Check sum is E
test,"FbTpE#V3]1X
+SFx2|SJ-2B""1",Check sum is (
test,"ki>fvjp&+~eUX7G0k"":v4P<d''Ks,N",Check sum is ^
test,1$I;w.1y(;>j$Aa&r\O,Check sum is \
test,"Bl#yDGRXA .,l~ ;)FqEE_kv&>w yfP=ZCGY
MdeaJw<t",Check sum is _
test,"R*M#5f{GDJGuT,yZ+-oqL,$x~xQ	2ySY""A",Check sum is \
test,"(qx?r`[u""1fT&/#=w",Check sum is K
test,"Y|	bdeA#/
B:R$&m'Pb6`G|$jEl eGb@tzse3mIx#M%L>7",Check sum is '
test,"QQ@rQs""-	F0C`Mp:^58}r}kzeuC{9.[",Check sum is V
test,?>Q%`2CdS:,Check sum is Y
test,KY,Check sum is D
test, +,Check sum is +
test,"^';?O`Fz,\v48W%Q+8k -m
F~l",Check sum is G
test,"t$h~O}V|&^fm/vlK""gXUcAOLTt/I1Gr\W:Z |1OFi`^/
P",Check sum is '
test,?l2)lUUg,Check sum is #
test,"R59(2N;.?yw04d
5=~LKD(.5sSH;{'H1-[$u	pG3Hk",Check sum is 3
test,"""Cn<6XFiwUE.{^F3CgcaXp",Check sum is 3
test,kf]SQ\6Lr0x?#97phl]BXO#W+t\x4b,Check sum is I
test,>SBi,Check sum is \
test,~QGK%5,Check sum is [
test,"K8$T6!	i}$~B-IJxw_&2	Kmg""	%!7	",Check sum is D
test,"\8g<cQ|;,H$jS&7)xr2xw*6RJ$wM_330XBeseV'}] 2VL1P2f",Check sum is <
test,"nY1@gga>IlUr,W=@]E{&Y.0~Ae",Check sum is _
test,"][EV^sm%%^_2(W9S3s4'yG= dm2?=B#Zzkagd-M,",Check sum is H
test,"v(#sA.=YJ[c`iek!n%3;gxt_c1e
^a/cKOz@1A(J3u7Z?*J1U",Check sum is L
test,"Hy6=_]4)bNK0nORbvjwbGWn+Ky,
2""QBy7FV.b&aPQl",Check sum is J
test,9C,Check sum is \
test,V.XD2L5\X_c|32YjGoZb~,Check sum is =
test,"Kt]|XbRabBwi*X>&Hnu;.A9b[-3=^uI}Yb$wE>5Ghnxo),	QpC",Check sum is D
test,"'',C=$z>B#'Q[""Su6=l=sOx[_l^5UC{\
B>Od",Check sum is S
test,Bco_=O}eee;e	*,Check sum is ^
test,wxV$,Check sum is I
test,"F@Biu~T/2tCNE{=]?
y}o=}2h0 ^/=_uQ)eA&Uj$bA|HW",Check sum is /
test,f;2o/jU~yE}v.0lN1KT\#T%5L,Check sum is  
test,|/1L0#i*r4R{3{Z}l6DT4FIit,Check sum is @
test,"[bUHKjJEFS=<r
x>?r0V|-};YIJFF,+'s$Y",Check sum is @
test,"k""o/rc9'M5t:T1+\ouJyZ",Check sum is =
test,	d,Check sum is M
test,"OE,?Q%33eATAK_|h&9W",Check sum is :
test,"&V:T)AW$k_L#S6,[fVR'Qa?AxyOi)Q-/",Check sum is >
test,^u,Check sum is 3
test,ZC#lbZ/:dL6;vCuJt>yj,Check sum is _
test,"""b#~uvbzl\eT	[ZE	
AL]k/-",Check sum is T
test,+iy(zHlXE/T\a5EX_!\(ma,Check sum is D
test,"B4~0]|$oUWI6d#a9{Ot>HPNyb{a!;
FV7U$",Check sum is G
test,".a3y^""jrQ(aC%J",Check sum is C
test,"*\z!qLI?+p
AaDk`&DQc`""n!+m9)JJq
4F]Guw872iDqwx""l",Check sum is Z
test,elj~/Q*jpeRa7}mD%c+uA^8b{~,Check sum is 4
test,"[#r
zDkyxk#Q\f@t}sqQ@C`q}CWm:{?7}.>""",Check sum is I
test,0&M!6R|(8;`r=,Check sum is R
test,[BuSNaMmkt#n3[,"Check sum is ,"
test,!su+:!3L']1{Vuf7c?-dWT\tlQr,Check sum is #
test," n<Pc,_=;D7b'*zI@~",Check sum is O
test,"!k2J[	@UFuZvgDJ!t^x8M\""LScSOk8q*l5Ph,C",Check sum is 9
test,"]}BM!g5rtp@c!;Y
lzxNn$>_HuhmI.C6s96S4.?? ",Check sum is P
test,"5(.T0HW&lgE""VZ[9X,C",Check sum is 9
test,YC%5k]+#]CTL2Os@C>HXuq@elL`;3AzT,Check sum is !
test,"
I""JUu??nI:mceaITPW8HC('R`qPYqh%.S_bD;?c)rdytx{k	<",Check sum is @
test,y!8o/vqPjK,Check sum is <
test,"{j$i;""3pEA-UE:AF~",Check sum is ^
test,">
N'f/-S2:""$*tPCj^m[\V(-chcICOL99`",Check sum is S
test,",\YA_c.3o3^;P%+x",Check sum is 8
test,Y.=rCV8?HUsV|~u_dznc'baI*IJ f8H+s`Zf#o{foC;5qe[c,Check sum is &
test,"xL<#+13sV7+zfym,f}&h:LUQAA,HC%W^stTTn-sb#dhGJT",Check sum is 2
test,rQU	1vl|4Gt_NpwB/nD}lj/pj,Check sum is R
test,|Q+|^87Wcz|,Check sum is Q
test,"|'&e;4,g|*>`Z&zT]
y",Check sum is B
test,Fv^-vAA{9_,Check sum is 2
test,"_<cON2]o*]#5/R_xs+!s(ZZX%c,&md\E </)uZ",Check sum is %
test,";h]M@opo4,",Check sum is [
test,BK<f[-9Xm,Check sum is U
test,Y#	T@hun&J,Check sum is 4
test,"Ld3p}A.3+*rn_t0d1gK,",Check sum is =
test,"oMP ~(AhE64g5g{E/
\@x2",Check sum is L
test,"iBT/`r1M*`kBo12_Yj,m|<k)?0jV}Y?xq}})t6_n=nYEn*	A",Check sum is  
test,Z91<1,Check sum is Q
test,"j8
g{|9,",Check sum is O
test,"	>mwQPIP{e9Nwvs8,&067dq)u[*5Kko ,_,	+W`mEqZE3R&Fe",Check sum is _
test,"	MP|?	EEnp&e$_e/%4=_\<Oq#^lHQ>!CW,fmwaSYy)*Z|LZni",Check sum is B
test,S|yOW@{Z1$D	k2GV;[@z5I6Ym\T?`g{0TVD,Check sum is X
test,nc/!,Check sum is A
test,cJ<'N:9bGA<k[u; Frv,Check sum is [
test,i'VP<y7_:y8!;*77[k31=KL1@*1}o\,Check sum is R
test,"i^Gi\c8<v-@m}4*vEbN""\3ZJ!R+`j!v2nda|k$",Check sum is $
test,"!f-%cMDT!eaZ_R""fK7i>htB=A@G'|o8;FHt",Check sum is N
test,|ix\C=,Check sum is Y
test,hHfX3pl,Check sum is ]
test,'[,"Check sum is """
test,-*pz*ot}_S<\,Check sum is 5
test,7Xlsf1|<+t)b~]9\r+^2,Check sum is $
test,"8)6Vo~?y7A~tyTuv$jdGM2""A9R&%|",Check sum is A
test,"# .-v14=J6
7`OT7#pV$GzDzT6q",Check sum is X
test,"#0
R7j@<
.Db&Kzm$W*ny19?z`{E.>Waui!Y,",Check sum is Y
test,"""YxJZ+a<-=Mi}1i/hqA:p<4:-mM!#@@;?$Z%9P(iMY",Check sum is [
test,VTWrx,Check sum is K
test,"L9_""sk\72!*w?",Check sum is J
test,"{T_8ZYkM	G@(G(p81CR?210.$	g""yN(@*~w=Wc",Check sum is A
test,k?2J/1d,Check sum is J
test,"&zR;en_eFs5	lt5#=dtjwH!z7
H.]Xfd","Check sum is """
test,"1al(m\y	,4j<,ucK58L*/mZ[~v0oNuIW7ns!c!HNFqE",Check sum is _
test,"*A@ON#fH85<P-=)v)	'V\E]3Ych V""U6l{a\",Check sum is F
test,"-Q\fH1*}Vawy
zq[=q `n*c@vx}(n'K*LZ\1Jr$m",Check sum is =
test,"w]LPg9rY5x9YfJcbj%gIR01c.<=[CU=T~W^u;/""",Check sum is #
test,"Rh	~(H0\gA-[""""K@a\YAU-""fzuHzL'HBG'@}t",Check sum is J
test,y\AMQwCXB^0v#hp]5Ww[$ST4y1,Check sum is K
test,"V8m/f(,6KtQ{%O;AK0#};lAB^\<",Check sum is 0
test,B%5rr%sR02[NPG\?l	+J|u^cBM[9y-&Xe>K\Wi,Check sum is 4
test,"%|ux YbM/{(7D(\~X""r]&(4Pzl-N6I\qo&j@SOPa56$oj'.AE",Check sum is B
test,"o4b>Kq)?""Unb<gMQcjBa	1jj+uM-z
J1BmN{3_",Check sum is 0
test,"xveGTpz~""JuIN m^6
q3
BWJb",Check sum is L
test,"""T?{v*yq",Check sum is Z
test,/$/5oxz<ovG.-xuO9sh/S[,Check sum is (
test,xWg57?RTcz.t.O,Check sum is #
test,"<6N]?~T@pn2+!6}m/Q.^I`$^b*Pr;,bYT`",Check sum is %
test,f[CHQ,Check sum is =
test,$L0=2?D?l5Ndh+ep{rVAagbR.nvDh_A$@?hLH2UZ&,Check sum is 0
test,| H0b-iz@<lM2$?r&WX+%$lSyP|sx5~;7DvsOV<84j(oZr,Check sum is F
test,"VHEv2FH3H4!er!lQsis~$d	e6	{(,JLZw6g@v4?TW""/P	oN8{q",Check sum is 2
test,"tkiMk(at6sXkU8^1rqVIMwds/ir'GsJ'N	$CmnUOM^&_nxd6
",Check sum is U
test,"""yG5	%CHFfDpKc`6'zv?VmkrV;",Check sum is [
test,Bw,Check sum is Y
test,"sO]j|]++JtJnZSi>Q+""6CGmHbE!]u]N&	.IBa",Check sum is C
test,")WH[(]v95{1Uz""hoNB$;Xat}{A22L9m|;Gc6!@;gA*(",Check sum is 8
test,"t!N)C{M,GN)HL~;;/-1&:!^T_eo-{i{'`q%J1:|>l'8f3k7{",Check sum is 5
test,"TKhH~7[N'(5pop*$>Q]d	XvEc$B2""4uWvz>+Z]Y@GQ+#E7`","Check sum is """
test,"nZ\@ok!Wv<r{sk}hX9X]t.rZYuRx/
JmP@'~
S5gRa.",Check sum is C
test,HYF3Hgr@O:8_FbQ&gOjY*Vp{ZR,Check sum is *
test,U6$`4d?)f_;jP'T.,Check sum is R
test,[QK\=v*n4<1gX;cgrdM,Check sum is F
test,a$~90x;<DAg7%|W3+arw>^+DvZohLv<	9mmVve*o,Check sum is T
test,Q(=Mx?=e?Lns<c&'77KY1KB,Check sum is $
test,{zT>O<*XS $rmSH^jsTC(S:WUnx;]_/,Check sum is D
test,"wXk[G?s,R6
h",Check sum is T
test,XSn@;P+v&}Q(wZ[,Check sum is -
test,V(d+^YT?y^Y,Check sum is '
test,AC[K?oHMCX_%fi7OF}4F>~A!,Check sum is \
test,nT=NnRsj4Ix,Check sum is ?
test,r7y]W1<,Check sum is #
test,",A |.'>\Zrq(W';-1R4*M,",Check sum is =
test,c{>Zyic,Check sum is [
test,hj<:+eKIv~Y]}?h^)@~0Z6vn#<q-<q2lz ]+0sd\@,Check sum is P
test,Bq9+V<Ff?,Check sum is 4
test,]?,Check sum is <
test,"-Jee9yljl/\aP2<7d=w$ZE?wBoi^l4k^Y|Kz41DPr(>""7&x)",Check sum is 3
