set,input1,output1
train,,Check sum is  
train,	,Check sum is )
train,"
",Check sum is *
train,"B
","Check sum is ,"
train,"

",Check sum is 4
train,"

















































",Check sum is T
train,                                                  ,Check sum is  
train,ssssssssssssssssssssssssssssssssssssssssssssssssss,Check sum is V
train,"CD
CD
CD
CD
CD
CD
CD
CD
CD
CD
CD
CD
CD
CD
CD
CD
CD",Check sum is 7
train,"x
y x
y x
y x
y x
y x
y x
y x
y x
y x
y x
y x
y x
",Check sum is &
train," 
 
 
 
 
 
 
 
 
 
 
 
 
 
 
 
 
 
 
 
 
 
 
 
 
",Check sum is :
train, ,Check sum is @
train,!,Check sum is A
train,"""",Check sum is B
train,#,Check sum is C
train,$,Check sum is D
train,%,Check sum is E
train,&,Check sum is F
train,',Check sum is G
train,(,Check sum is H
train,),Check sum is I
train,*,Check sum is J
train,+,Check sum is K
train,",",Check sum is L
train,-,Check sum is M
train,.,Check sum is N
train,/,Check sum is O
train,0,Check sum is P
train,1,Check sum is Q
train,2,Check sum is R
train,3,Check sum is S
train,4,Check sum is T
train,5,Check sum is U
train,6,Check sum is V
train,7,Check sum is W
train,8,Check sum is X
train,9,Check sum is Y
train,:,Check sum is Z
train,;,Check sum is [
train,<,Check sum is \
train,=,Check sum is ]
train,>,Check sum is ^
train,?,Check sum is _
train,@,Check sum is  
train,A,Check sum is !
train,B,"Check sum is """
train,C,Check sum is #
train,D,Check sum is $
train,E,Check sum is %
train,F,Check sum is &
train,G,Check sum is '
train,H,Check sum is (
train,I,Check sum is )
train,J,Check sum is *
train,K,Check sum is +
train,L,"Check sum is ,"
train,M,Check sum is -
train,N,Check sum is .
train,O,Check sum is /
train,P,Check sum is 0
train,Q,Check sum is 1
train,R,Check sum is 2
train,S,Check sum is 3
train,T,Check sum is 4
train,U,Check sum is 5
train,V,Check sum is 6
train,W,Check sum is 7
train,X,Check sum is 8
train,Y,Check sum is 9
train,Z,Check sum is :
train,[,Check sum is ;
train,\,Check sum is <
train,],Check sum is =
train,^,Check sum is >
train,_,Check sum is ?
train,`,Check sum is @
train,a,Check sum is A
train,b,Check sum is B
train,c,Check sum is C
train,d,Check sum is D
train,e,Check sum is E
train,f,Check sum is F
train,g,Check sum is G
train,h,Check sum is H
train,i,Check sum is I
train,j,Check sum is J
train,k,Check sum is K
train,l,Check sum is L
train,m,Check sum is M
train,n,Check sum is N
train,o,Check sum is O
train,p,Check sum is P
train,q,Check sum is Q
train,r,Check sum is R
train,s,Check sum is S
train,t,Check sum is T
train,u,Check sum is U
train,v,Check sum is V
train,w,Check sum is W
train,x,Check sum is X
train,y,Check sum is Y
train,z,Check sum is Z
train,{,Check sum is [
train,|,Check sum is \
train,},Check sum is ]
train,~,Check sum is ^
train,@+,Check sum is K
train,#k,Check sum is .
train,Nf,Check sum is T
train,E>,Check sum is #
train,l	,Check sum is U
train,v$,Check sum is :
train,	+,Check sum is T
train,"o,",Check sum is ;
train,ei,Check sum is .
train,<Z,Check sum is 6
train,"""<",Check sum is >
train,it,Check sum is =
train,q%,Check sum is 6
train,e],"Check sum is """
train,rz,Check sum is L
train,$',Check sum is +
train,Tx,"Check sum is ,"
train,\;,Check sum is 7
train,$[,Check sum is _
train,X4,"Check sum is ,"
train,O3,"Check sum is """
train,<K,Check sum is '
train,ny,Check sum is G
train,J$,Check sum is N
train,V(,Check sum is ^
train,6h,Check sum is >
train,H2,Check sum is Z
train,=7,Check sum is T
train,`W,Check sum is W
train,	A,Check sum is *
train,`@,Check sum is @
train,_5,Check sum is 4
train,PM,Check sum is =
train,"'""",Check sum is )
train,E4,Check sum is Y
train,qt,Check sum is E
train,CJ,Check sum is -
train,[6,Check sum is 1
train,pe,Check sum is 5
train,NM,Check sum is ;
train,)2,Check sum is ;
train,x<,Check sum is T
train,wa,Check sum is 8
train,",T",Check sum is  
train,I:,Check sum is #
train,7p,Check sum is G
train,$&,Check sum is *
train,xo,Check sum is G
train,Ls,Check sum is _
train,fg,Check sum is -
train,>.,Check sum is L
train,TQ,Check sum is E
train,E\,Check sum is A
train,sq,Check sum is D
train,_G,Check sum is F
train,g{_,Check sum is !
train,RD~,Check sum is 4
train,e}C,Check sum is E
train,`n ,Check sum is N
train, \Y,Check sum is 5
train,"\z""",Check sum is X
train,",T_",Check sum is ?
train,@z],Check sum is 7
train,z:7,Check sum is K
train,"j	,",Check sum is ?
train,oS=,Check sum is _
train,F8u,Check sum is S
train,|5X,Check sum is )
train,<:P,Check sum is &
train,]~x,Check sum is 3
train,=%0,Check sum is 2
train,.}i,Check sum is 4
train,AJe,Check sum is P
train,Hrh,Check sum is B
train,hY-,Check sum is N
train,QY;,Check sum is E
train,D?J,Check sum is -
train,k)X,Check sum is L
train,p[b,Check sum is M
train,vDH,"Check sum is """
train,tD/,Check sum is G
train,"TT
",Check sum is R
train,$mo,Check sum is  
train,u6M,Check sum is X
train,[RC,Check sum is P
train,xgd,Check sum is #
train,`j:,Check sum is $
train,zwG,Check sum is X
train,++|,Check sum is 2
train,"""YQ","Check sum is ,"
train,:JP,Check sum is 4
train,"+y""",Check sum is &
train,t4M,Check sum is U
train,^BM,Check sum is M
train,tzq,Check sum is ?
train,0v<,Check sum is B
train,nF9,Check sum is M
train,A$Y,Check sum is ^
train,"v^""",Check sum is V
train,rJo,Check sum is K
train,\OP,Check sum is [
train,>fL,Check sum is P
train,I~G,Check sum is .
train,upu,Check sum is :
train,[|E,Check sum is <
train, ZEpJPIqyQ:D!x+X&W*Y}@;,Check sum is ?
train,{KQPo~U:^D,Check sum is %
train,H9kZm:vT)P\\w@U/T,Check sum is W
train,C!_1^cm7K=Lg1SYoyb>j4-xt,Check sum is P
train,aQb_U	tf':Au^k}##HN5B;z,Check sum is 0
train,"ZhHGZ?""qrl{RxIUd9-}p'!O_GvC""Ry`-$;DyhL6tZL|.7",Check sum is F
train,"	$vv!*j=ymc$HlB&gg.%t5?LS
/_L$FP[:NQeYP|H",Check sum is @
train,"C,_P^*6 t'=",Check sum is 4
train,"{S|{-""Q@S&LA^k4#b3(
",Check sum is 2
train,"d==,,Tu%QPK,b&qoB",Check sum is F
train,yJ,Check sum is #
train,"YB5x""`>""v*zLj=aM-x.|hBA?<|p|nf\qCB""@&",Check sum is P
train,t=ed{+,Check sum is @
train,RhU}1BKVV7SZ9ED<?C0221#vGsj!BU`JDKA	La2Q`65<,Check sum is .
train,hx\v*E,Check sum is A
train,"s12q*I\
ydEK~JH);j|-;xeBqn=}Zc/WwSuiG^e?\+LY|5|Cb",Check sum is Y
train,"P(^7HOFvkrIw5,EZ#P<Ih5?IDA]{&#>WiaSE>vD!CNx",Check sum is 9
train,"-
{",Check sum is R
train,]}80evtJ:Rb3%`H}!{sm<! ,Check sum is _
train,F|	# ;VJgDwt&{k|pUQd]S#IK,Check sum is H
train,"
AfPxxy{'F",Check sum is 2
train,"uF8f,llt.fN	e1z'.PdH0r0n""g?S,Lu36hC+;+ci/N,PG^@@",Check sum is T
train,QYHwE})a.<>-NX{re0I^3pViJwmRk20q'&b4vQ8@~g<bT#?~,Check sum is 2
train,"9R7MjL#*[8'e_e=""?@kk%~eT\lG7SoF%0R${",Check sum is 9
train,"8C1	-x;v]Hs]B1a$UxTuFz.2K=L""q	1ZI",Check sum is R
train,"""xDR)V3#I=Kg'$%y@n[B.(kuayvH/S^IGP!G1.""w/:KsNdZ6b",Check sum is J
train,"9{6^""z#>",Check sum is %
train,90z~t$FWU!,"Check sum is ,"
train,%3>Oo2cpwS~DYnsp|:zi^Q[q)iQ:6~iORw$v`}Y,Check sum is %
train,".B:|`
%p\isab""#%b",Check sum is L
train,"{)rX\TW*j=Nalf[:qw\d*M%n^C2roo.WJ }V1,%",Check sum is U
train,"E~9@A`_>`\HB}x]\0yKGOuBrz]M[<>g0,.%UP@r{D6uK[s$",Check sum is N
train,"M7,Hugu#E^lZ%|Db#PGe[=$U`I)NjZU[d;U=Zt_5SmT@2
H5O6",Check sum is %
train,"[YU^{%T>UZJit\JB,",Check sum is #
train,.L*Klp{OPhF5&o{2pqzh$B)(B:qdoT|Re(l\f}p|$z&(.b1_,Check sum is 6
train,zvwL2U,Check sum is Z
train,"0}OS""w:_",Check sum is !
train,s9V!q$60+ kd~M3iHs\iw>)Ws}a.%ok	85$obva/`/,Check sum is 2
train,"[V?Ja..,_Wap_
ru/d1/JCG7
;3",Check sum is P
train,"U1,%NfPxk)}.)=){Q-,u]%xC",Check sum is X
train,"Nr${#qNi"",7nl ~;%%ytWHiI&\^vK(+VB>NurdI",Check sum is 6
train,E>y7h6ovu23Ly(&O$e_C6AC@*_F,Check sum is F
train,1lvayPOb|X#,Check sum is E
train,"ySWHMZ<f
8*nEKvF&iL_,m6",Check sum is C
train,"JY?UvVaKhv@MZf=_{>U@wU{\R996V,(pK+[a",Check sum is M
train,"B2&NZ%	95T/,[9!)h5Zk""sv",Check sum is 8
train,._%AK^Q>+!6*1w5%!,Check sum is Z
train,<=k.,Check sum is 2
train,"%ZI,;8 ViM3A!BkH==vqe@{Ts0ggEi-	d}
(QfR-R,F]o(58",Check sum is U
train,ROVk#fZrb5B&V@,"Check sum is ,"
train,"~kunylb!Dm_""'h8!Y%}Up""C:\+sz=SP5}u$.U<'",Check sum is R
train,"-\|_fGDkN,_^I`z?k<T9wnJ(pI4kMa15",Check sum is 0
train,")kR\6AI+|x[C/*u,u",Check sum is N
train,"""5AWM'90A7&={@aO2mq}Vd_*hSXzlv&aM}6M/i=)@gTf",Check sum is $
train,(((^'o(Rk|nph8dDJC2-+*	aw6)4fUg8]v,Check sum is 5
train,"(I+BUWYP1Of6pP<hdk>[niK)=
_A\v}9>{kACsG=gX)p","Check sum is ,"
train,<Mp{Nd>;>fKvKK,Check sum is :
train,1ii=fD&%YJe&%{jH~QRwLB,Check sum is ;
train,",E`*q~",Check sum is J
train,"GH`-GOv!""=7>}*`)fcK4M_GHyUHntUR95_8J",Check sum is ^
train,	q2=]f>]XJQVBeo~>qMwQps@uo,Check sum is O
train,"JD=p
""d}w7c<a\teul}+X*$no",Check sum is W
train,3wk{/U7b	tc&9>N /u\[ p:jT^A]T]\g$Uu8+U2,Check sum is #
train,jdUW+\#ZvCx|V,Check sum is !
train,]\2I=>hW,Check sum is N
train,",D{Y5nDSh:h89),3""$wcLMy;.6r_A7l",Check sum is '
train,c#d/0<sztW.to`K<0w)jBb,Check sum is 3
train,"\PU`?X,eY,R^|8fS_kD%6kI)""P'}:`#w'^+C~+x!{tBLn",Check sum is ;
train,"[m'%CFkTq:emH[^Z=:9n}W4g)y<J
QFzmH",Check sum is Y
train,")Fu7^sjcewtt,,",Check sum is 5
train,"9	kLy7yjZF-=ynE].jRt-(5,-",Check sum is @
train,"o,gq@|?Y9^ W(|'Q0>ikKnY)\ocu",Check sum is 1
train,"8iKg@%lh Y(a1)@E=*<>rDb.+)NclZ)8-,r'x/ZAoQp}`",Check sum is !
train,"G~9R4M<;c'wLqYD
 k\Pvl(.i{q&qe|",Check sum is I
train,"B18""Gv$>",Check sum is L
train,0m=@^A	NAn:KvFt\vv,Check sum is \
train,"1ry\""G';+Sv&x8y=D+oINs~vVRY5)5(""p@ hA>G(1",Check sum is 4
train,"6pRPPU'ri<cc:&$Wvgu
k_/]?yS_6S8M[&Er+sL(U",Check sum is 5
train,",T3tAh'lT6Y/je@~3BxBs",Check sum is D
train,"$q ^q
)kOI",Check sum is Z
train,"cR>@sbL&L~cgv}]6/'5iSr{G76},m3",Check sum is %
train,	0$:A8{'ZW3:3phPY_CLImL=:t=.B].7/)$2iR@!]+,Check sum is @
train,"Ppm
]0 wR\b	hEHcaj
lsoe7",Check sum is +
train,"2TuNApM$\b8UpzmIDt'9'2
8",Check sum is )
train,"EO}I&{,[
S5[CN0%ZDEAXgia/4&crDK#z","Check sum is ,"
train,6me,Check sum is (
train,3bDp'.,Check sum is >
train,d!m	^/+G,Check sum is Z
train,Q}9eZE,Check sum is +
test,fs,Check sum is 9
test,qv,Check sum is G
test,Y^,Check sum is W
test,2f,Check sum is 8
test,%A,Check sum is F
test,k:,Check sum is E
test,1c,Check sum is 4
test,3<,Check sum is O
test,%V,Check sum is [
test,p$,Check sum is 4
test,Nt,"Check sum is """
test,w ,Check sum is 7
test,yA,Check sum is Z
test,s^,Check sum is 1
test,k#,Check sum is .
test,gS,Check sum is Z
test,"<
",Check sum is &
test,6u,Check sum is K
test,ts,Check sum is G
test,Vh,Check sum is ^
test,T$,Check sum is X
test,Cd,Check sum is G
test,bm,Check sum is /
test,",I",Check sum is U
test,\B,Check sum is >
test,g\,Check sum is #
test,"K
",Check sum is 5
test,w%,Check sum is <
test,ge,"Check sum is ,"
test,Oh,Check sum is W
test,_p,Check sum is /
test,Kn,Check sum is Y
test, i,Check sum is )
test,JG,Check sum is 1
test,ZF,Check sum is @
test,X(,Check sum is  
test,rV,Check sum is (
test,yL,Check sum is %
test,fN,Check sum is T
test,q',Check sum is 8
test,R>,Check sum is 0
test,L:,Check sum is &
test,Yo,Check sum is (
test,cg,Check sum is *
test,Nr,Check sum is  
test,d3,Check sum is 7
test,q$,Check sum is 5
test,[g,"Check sum is """
test,"\
",Check sum is F
test,#1,Check sum is 4
test,{',Check sum is B
test,W2,Check sum is )
test,!8,Check sum is 9
test,rq,Check sum is C
test,?t,Check sum is S
test,=F,Check sum is #
test,d	,Check sum is M
test,li,Check sum is 5
test,kq,Check sum is <
test,cZ,Check sum is ]
test,",_",Check sum is +
test,C%,Check sum is H
test,t&,Check sum is :
test,^8,Check sum is 6
test,|W,Check sum is 3
test,6V,"Check sum is ,"
test,"2,",Check sum is >
test,}S,Check sum is 0
test,D_,Check sum is C
test,QQ,Check sum is B
test,Di,Check sum is M
test,Io,Check sum is X
test,	W,Check sum is @
test,Q',Check sum is X
test,"
=",Check sum is '
test,GM,Check sum is 4
test,(#,Check sum is +
test,D7,Check sum is [
test,"H,",Check sum is T
test,|A,Check sum is ]
test,	\,Check sum is E
test,!i,Check sum is *
test,&5,Check sum is ;
test,eV,Check sum is [
test,#*,Check sum is -
test,H ,Check sum is H
test,"
Z",Check sum is D
test,dW,Check sum is [
test,>),Check sum is G
test,uh,Check sum is =
test,{e,Check sum is @
test,_p,Check sum is /
test,	k,Check sum is T
test,"""W",Check sum is Y
test,#[,Check sum is ^
test,j8,Check sum is B
test,"x
","Check sum is """
test,;},Check sum is X
test,!&,Check sum is '
test,@i,Check sum is I
test,sG,Check sum is Z
test,IG,Check sum is 0
test,<h,Check sum is D
test,!	,Check sum is J
test,^@,Check sum is >
test,+j,Check sum is 5
test,af,Check sum is '
test,mZ,Check sum is '
test,EP,Check sum is 5
test,>a,Check sum is ?
test,\s,Check sum is /
test,Y%,Check sum is ^
test,!d,Check sum is %
test,"
C",Check sum is -
test,1[,"Check sum is ,"
test,=[,Check sum is 8
test,S_,Check sum is R
test,)d,Check sum is -
test,c-,Check sum is 0
test,6H,Check sum is ^
test,"Q""",Check sum is S
test,4g,Check sum is ;
test,0#,Check sum is 3
test,Q[,Check sum is L
test,b1,Check sum is 3
test,C1,Check sum is T
test,;p,Check sum is K
test,}<,Check sum is Y
test,9d,Check sum is =
test,cv,Check sum is 9
test,;:,Check sum is U
test,Z$,Check sum is ^
test,QS,Check sum is D
test,~9,Check sum is W
test,n],Check sum is +
test, d,Check sum is $
test,hw,Check sum is ?
test,~>,Check sum is \
test,)>,Check sum is G
test,C:,Check sum is ]
test,",(",Check sum is 4
test,8*,Check sum is B
test,P$,Check sum is T
test,6K,Check sum is !
test,s.,Check sum is A
test,v<,Check sum is R
test,G6,Check sum is ]
test,O:,Check sum is )
test,JB,"Check sum is ,"
test,F ,Check sum is F
test, 2,Check sum is 2
test,WP,Check sum is G
test,"1,",Check sum is =
test,7w,Check sum is N
test,]q,Check sum is .
test,jf,Check sum is 0
test,OE,Check sum is 4
test,12,Check sum is C
test,wW,Check sum is .
test,Xv,Check sum is .
test,NI,Check sum is 7
test,"D
",Check sum is .
test,Rq,Check sum is #
test,{\,Check sum is 7
test,Iz,Check sum is #
test,{H,Check sum is #
test,fN,Check sum is T
test,:2,Check sum is L
test,=d,Check sum is A
test,<M,Check sum is )
test,>7,Check sum is U
test,;6,Check sum is Q
test,|K,Check sum is '
test,"a,",Check sum is -
test,^n,"Check sum is ,"
test,C',Check sum is J
test,Nc,Check sum is Q
test,YH,Check sum is A
test,""".",Check sum is 0
test,'C,Check sum is J
test,z4,Check sum is N
test,\n,Check sum is *
test,*P,Check sum is Z
test,v\,Check sum is 2
test,IC,"Check sum is ,"
test,cM,Check sum is P
test,\N,Check sum is J
test,+v,Check sum is A
test,f\,"Check sum is """
test, K,Check sum is K
test,FP,Check sum is 6
test,Jo,Check sum is Y
test,bL,Check sum is N
test,t},Check sum is Q
test,v2,Check sum is H
test,Rw,Check sum is )
test,;?,Check sum is Z
test,(t,Check sum is <
test,\d,Check sum is  
test,gQ,Check sum is X
test,XZ,Check sum is R
test, O,Check sum is O
test,i:,Check sum is C
test,%%,Check sum is *
test,%0,Check sum is 5
test,"f,",Check sum is 2
test,m0,Check sum is =
test,RG,Check sum is 9
test,IE,Check sum is .
test,K.,Check sum is Y
test,{w,Check sum is R
test,js,Check sum is =
test,'/,Check sum is 6
test,$H,Check sum is L
test,j3,Check sum is =
test,(O,Check sum is W
test,9+,Check sum is D
test,fY,Check sum is _
test,`X,Check sum is X
test,{(,Check sum is C
test,c6,Check sum is 9
test,9>,Check sum is W
test,Wd,Check sum is [
test,$w,Check sum is ;
test,ld,Check sum is 0
test,8H,Check sum is  
test,DF,Check sum is *
test,25,Check sum is G
test,1e,Check sum is 6
test,3H,Check sum is [
test,`f,Check sum is &
test,*G,Check sum is Q
test,hD,Check sum is L
test,[S,Check sum is N
test,+-,Check sum is 8
test,nc,Check sum is 1
test,1~,Check sum is O
test,\R,Check sum is N
test,p',Check sum is 7
test,N{,Check sum is )
test,=@,Check sum is ]
test,bj,"Check sum is ,"
test,cC,Check sum is F
test,as,Check sum is 4
test,jP,Check sum is Z
test,cv,Check sum is 9
test,0V,Check sum is &
test,YO,Check sum is H
test,*i,Check sum is 3
test,w2,Check sum is I
test,iQ,Check sum is Z
test,(b,Check sum is *
test,m8,Check sum is E
test,xi,Check sum is A
test,BC,Check sum is %
test,Q^,Check sum is O
test,!U,Check sum is V
test,",g",Check sum is 3
test,	D,Check sum is -
test,"w
",Check sum is !
test,'),Check sum is 0
test,8),Check sum is A
test,O1,Check sum is  
test,Ow,Check sum is &
test,#z,Check sum is =
test,PB,Check sum is 2
test,`1,Check sum is 1
test,VB,Check sum is 8
test,F2,Check sum is X
test,a6,Check sum is 7
test,Xz,Check sum is 2
test,Zh,"Check sum is """
test,_y,Check sum is 8
test,X*,"Check sum is """
test,s&,Check sum is 9
test,yu,Check sum is N
test,b[,Check sum is ]
test,H9,Check sum is !
test,`@,Check sum is @
test,{S,Check sum is .
test,Js,Check sum is ]
test,>{,Check sum is Y
test,	\,Check sum is E
test,	.,Check sum is W
test,rQ,Check sum is #
test,0^,Check sum is .
test,1(,Check sum is 9
test,Q3,Check sum is $
test,]8,Check sum is 5
test,y/,Check sum is H
test,%R,Check sum is W
test,&*,Check sum is 0
test,t_,Check sum is 3
test,L;,Check sum is '
test,zI,Check sum is #
test,+:,Check sum is E
test,gq,Check sum is 8
test,-0,Check sum is =
test,V+,Check sum is !
test,Ye,Check sum is ^
test,({,Check sum is C
test,cB,Check sum is E
test,qg,Check sum is 8
test,B[,Check sum is =
test,E.,Check sum is S
test,	O,Check sum is 8
test,(),Check sum is 1
test,lu,Check sum is A
test,](,Check sum is %
test,	w,Check sum is  
test,HW,Check sum is ?
test,m',Check sum is 4
test,\i,Check sum is %
test,:*,Check sum is D
test,y},Check sum is V
test,UA,Check sum is 6
test,ot,Check sum is C
test,Is,Check sum is \
test,+p,Check sum is ;
test,2m,Check sum is ?
test,zO,Check sum is )
test,{A,Check sum is \
test,"
^",Check sum is H
test,6x,Check sum is N
test,"{
",Check sum is %
test,(q,Check sum is 9
test,#p,Check sum is 3
test,ZY,Check sum is S
test,`Z,Check sum is Z
test,@x,Check sum is X
test,x|,Check sum is T
test,[r,Check sum is -
test,A[,Check sum is <
test,W-,Check sum is $
test,{;,Check sum is V
test,<7,Check sum is S
test,AT,Check sum is 5
test,mE,Check sum is R
test,1(,Check sum is 9
test,<m,Check sum is I
test,el,Check sum is 1
test,	=,Check sum is &
test,.z,Check sum is H
test,bS,Check sum is U
test,V@,Check sum is 6
test,G3,Check sum is Z
test,Mb,Check sum is O
test,",$",Check sum is 0
test,n;,Check sum is I
test,O5,Check sum is $
test,W7,Check sum is .
test,$`,Check sum is $
test,uB,Check sum is W
test,"[,",Check sum is '
test,=Y,Check sum is 6
test,Rl,Check sum is ^
test,PA,Check sum is 1
test,ZR,Check sum is L
test,J\,Check sum is F
test,%~,Check sum is C
test,w%,Check sum is <
test,ei,Check sum is .
test,uK,Check sum is  
test,Se,Check sum is X
test,|b,Check sum is >
test,&F,Check sum is L
test,%O,Check sum is T
test,TG,Check sum is ;
test,en,Check sum is 3
test,Hm,Check sum is U
test,n#,Check sum is 1
test,I[,Check sum is D
test,c7,Check sum is :
test,EX,Check sum is =
test,Cm,Check sum is P
test,5&,Check sum is ;
test,7d,Check sum is ;
test,'l,Check sum is 3
test,z	,Check sum is #
test,(9,Check sum is A
test,2H,Check sum is Z
test,`:,Check sum is :
test,"/
",Check sum is Y
test,Z&,Check sum is  
test,.y,Check sum is G
test,0#,Check sum is 3
test,k.,Check sum is 9
test,@n,Check sum is N
test,IA,Check sum is *
test,?F,Check sum is %
test,AQ,Check sum is 2
test,?X,Check sum is 7
test,1',Check sum is 8
test,GK,Check sum is 2
test,6%,Check sum is ;
test,~g,Check sum is E
test,0<,Check sum is L
test,oq,Check sum is @
test,!e,Check sum is &
test,qq,Check sum is B
test,Y),"Check sum is """
test,R2,Check sum is $
test,wi,Check sum is @
test,	t,Check sum is ]
test,[k,Check sum is &
test,RV,Check sum is H
test,w=,Check sum is T
test,s!,Check sum is 4
test,|x,Check sum is T
test,"""N",Check sum is P
test,	6,Check sum is _
test,9v,Check sum is O
test,ND,Check sum is 2
test,C:,Check sum is ]
test,ab,Check sum is #
test,W%,Check sum is \
test,A>,Check sum is _
test,8N,Check sum is &
test,A	,Check sum is *
test,"!""",Check sum is #
test,Eb,Check sum is G
test,^g,Check sum is %
test,Sq,Check sum is $
test,gL,Check sum is S
test,[b,Check sum is ]
test,2D,Check sum is V
test,I=,Check sum is &
test,^C,Check sum is A
test,"""@",Check sum is B
test,}0,Check sum is M
test,'O,Check sum is V
test,d_,Check sum is #
test,Hc,Check sum is K
test,BO,Check sum is 1
test,E{,Check sum is  
test,.1,Check sum is ?
test,C0,Check sum is S
test,Bo,Check sum is Q
test,?&,Check sum is E
test,6^,Check sum is 4
test,v ,Check sum is 6
test,5I,Check sum is ^
test,x.,Check sum is F
test,$S,Check sum is W
test,x^,Check sum is 6
test,|X,Check sum is 4
test,~<,Check sum is Z
test,lb,Check sum is .
test,N5,Check sum is #
test,>o,Check sum is M
test,?;,Check sum is Z
test,zM,Check sum is '
test,;v,Check sum is Q
test,",D",Check sum is P
test,hT,Check sum is \
test,br,Check sum is 4
test,uz,Check sum is O
test,-e,Check sum is 2
test,im,Check sum is 6
test,Z<,Check sum is 6
test,fZ,Check sum is  
test,[A,Check sum is <
test,""":",Check sum is <
test,I>,Check sum is '
test,41,Check sum is E
test,Fh,Check sum is N
test,0},Check sum is M
test,>u,Check sum is S
test,fs,Check sum is 9
test,+=,Check sum is H
test,;=,Check sum is X
test,)8,Check sum is A
test,J ,Check sum is J
test,"T
",Check sum is >
test,_d,Check sum is #
test,5q,Check sum is F
test,YH,Check sum is A
test,V;,Check sum is 1
test,"	
",Check sum is 3
test,4k,Check sum is ?
test,Q3,Check sum is $
test,4|,Check sum is P
test,{},Check sum is X
test,t(,Check sum is <
test,bK,Check sum is M
test,2-,Check sum is ?
test,``,Check sum is  
test,Gl,Check sum is S
test,"k,",Check sum is 7
test,'),Check sum is 0
test,R},Check sum is /
test,u;,Check sum is P
test,aE,Check sum is F
test,IB,Check sum is +
test,UF,Check sum is ;
test,S ,Check sum is S
test,?4,Check sum is S
test,WJ,Check sum is A
test,"
>",Check sum is (
test,EA,Check sum is &
test,s|q,Check sum is @
test,UsM,Check sum is 5
test,"%5
",Check sum is D
test,gl/,"Check sum is """
test,#<i,Check sum is (
test,vg>,Check sum is ;
test,`BU,Check sum is W
test,rG5,Check sum is N
test,FFQ,Check sum is =
test,f=~,Check sum is A
test,D$ ,Check sum is (
test,/	$,Check sum is <
test,:\2,Check sum is (
test,}Qe,Check sum is S
test,y#K,Check sum is G
test,;Nn,Check sum is W
test,s6$,Check sum is -
test,Vlj,Check sum is L
test,5x<,Check sum is I
test,A+Q,Check sum is ]
test, ?7,Check sum is 6
test,	&{,Check sum is J
test,FcP,Check sum is Y
test,evn,Check sum is )
test,ygP,Check sum is P
test,"
/Q",Check sum is *
test,5zs,Check sum is B
test,b73,"Check sum is ,"
test,'8T,Check sum is S
test,B$c,Check sum is )
test,pLv,Check sum is R
test,|LH,Check sum is 0
test,P^q,Check sum is ?
test, s$,Check sum is W
test,V&x,Check sum is T
test,Ks?,Check sum is ]
test,vMy,Check sum is \
test,WsJ,Check sum is 4
test,jc:,Check sum is '
test,"""+a",Check sum is N
test,"A,~",Check sum is K
test,">:
","Check sum is """
test,`lZ,Check sum is F
test,UbF,Check sum is ]
test,R9s,Check sum is ^
test,"Zo""",Check sum is K
test,`;],Check sum is X
test,p<e,Check sum is 1
test,}Z@,Check sum is 7
test,rJ!,Check sum is =
test,"{{""",Check sum is 8
test,NPl,Check sum is *
test,fd%,Check sum is O
test,E5Y,Check sum is 3
test,u;',Check sum is 7
test,Hd?,Check sum is K
test,?\{,Check sum is 6
test,-w!,Check sum is %
test,?	y,Check sum is !
test,XW;,Check sum is J
test,R%;,Check sum is R
test,7u2,Check sum is >
test,	xm,Check sum is N
test,Gt',Check sum is B
test,He[,Check sum is (
test,h~*,Check sum is 0
test,'4J,Check sum is E
test,-Ki,Check sum is A
test,|YW,Check sum is L
test,8hQ,Check sum is Q
test,RM},Check sum is <
test,3	P,"Check sum is ,"
test,5/q,Check sum is 5
test,gI8,Check sum is H
test,	; ,Check sum is D
test,HAb,Check sum is K
test,UVG,Check sum is R
test,*[;,Check sum is  
test,XDL,Check sum is H
test,	9r,Check sum is T
test,"z""L",Check sum is H
test,\_P,Check sum is +
test,Jj=,Check sum is Q
test,K%n,Check sum is >
test,qpd,Check sum is %
test,B!h,Check sum is +
test,d}J,Check sum is K
test,.s',Check sum is (
test,kRr,Check sum is O
test,@'J,Check sum is Q
test,|5p,Check sum is A
test,"<,8",Check sum is @
test,"y""K",Check sum is F
test,EHm,Check sum is Z
test,0	Y,Check sum is 2
test,DBt,Check sum is Z
test,yH7,Check sum is X
test,S<9,Check sum is (
test,.sY,Check sum is Z
test,J5.,Check sum is M
test,0YL,Check sum is 5
test,l1e,"Check sum is """
test,M/z,Check sum is V
test,+z?,Check sum is D
test,/Qx,Check sum is X
test,rjm,Check sum is )
test,7Dn,Check sum is I
test,cgy,Check sum is #
test,"XR""","Check sum is ,"
test,tXU,Check sum is A
test,|7h,Check sum is ;
test,Q39,Check sum is ]
test,9qm,Check sum is 7
test,x{n,Check sum is A
test,"
ag",Check sum is 2
test,/m[,Check sum is W
test,",X:",Check sum is ^
test,>pG,Check sum is U
test,",w	",Check sum is L
test,"I
 ",Check sum is S
test,FWP,Check sum is M
test,mO`,Check sum is <
test,%tB,Check sum is ;
test,bHu,Check sum is ?
test,Ld2,Check sum is B
test,7Bl,Check sum is E
test, =_,Check sum is \
test,y6c,Check sum is 2
test,@*x,Check sum is B
test,/]@,"Check sum is ,"
test,T{C,Check sum is 2
test,"3,U",Check sum is T
test,"M<
",Check sum is 3
test,Q&-,Check sum is D
test,;zm,Check sum is B
test,^h ,Check sum is F
test,Tt`,Check sum is H
test,y'a,Check sum is !
test,8Mj,Check sum is O
test,}vd,Check sum is 7
test,)FC,Check sum is R
test,"x
S",Check sum is 5
test,q;O,Check sum is [
test,4VK,Check sum is 5
test,[WX,Check sum is *
test,^ 3,Check sum is Q
test,Umz,Check sum is \
test, x',Check sum is _
test,';h,Check sum is *
test,I>.,Check sum is U
test,[K=,Check sum is C
test,H{%,Check sum is H
test,Ios,Check sum is K
test,AsW,Check sum is +
test,jk),Check sum is ^
test,R>(,Check sum is X
test,KIA,Check sum is 5
test,'P/,Check sum is F
test,]\u,Check sum is N
test,'Ut,Check sum is P
test,C?Y,Check sum is ;
test,gG*,Check sum is 8
test,>mj,Check sum is 5
test,ia],Check sum is G
test,!;3,Check sum is /
test,HyM,Check sum is .
test,"
tB",Check sum is  
test,oSQ,Check sum is 3
test,T[U,Check sum is $
test,-qx,Check sum is 6
test,"""](",Check sum is G
test,{4H,Check sum is W
test,6B{,Check sum is S
test,Qfo,Check sum is F
test,SA1,Check sum is %
test,G.P,Check sum is %
test,[)S,Check sum is 7
test,t1i,Check sum is .
test,)-/,Check sum is %
test,FP ,Check sum is V
test,;Aw,Check sum is S
test,`B\,Check sum is ^
test,*4R,Check sum is P
test,>V},Check sum is 1
test,m+`,Check sum is X
test, oK,Check sum is :
test,",Fi",Check sum is ;
test,B1|,Check sum is O
test,/vh,Check sum is -
test,8!V,Check sum is O
test,Z(=,Check sum is _
test,T~~,Check sum is 0
test,m%*,Check sum is \
test,VP:,Check sum is @
test,.sp,Check sum is 1
test,?a.,Check sum is .
test,i5M,Check sum is K
test,wH],Check sum is <
test,Vr#,Check sum is K
test,|s7,Check sum is F
test,CM>,Check sum is .
test,APu,Check sum is &
test,V=!,Check sum is T
test,U%0,Check sum is J
test,k5+,Check sum is +
test,GDL,Check sum is 7
test,"	i""",Check sum is 4
test,]o@,"Check sum is ,"
test,q@W,Check sum is (
test,T<[,Check sum is K
test,3j+,Check sum is (
test,Re6,Check sum is M
test,pBL,Check sum is ^
test,ao5,Check sum is %
test,:Gu,Check sum is V
test,"-
E",Check sum is \
test,)~s,Check sum is :
test,L5N,Check sum is /
test,k4K,Check sum is J
test,@>j,Check sum is H
test,XAi,"Check sum is """
test,\w:,Check sum is -
test,!RL,Check sum is _
test,+dI,Check sum is 8
test,8Ok,Check sum is R
test,y;=,Check sum is Q
test,FK>,Check sum is /
test,sr-,Check sum is 2
test,WFY,Check sum is V
test,]kj,Check sum is R
test,h@B,Check sum is J
test,]*2,Check sum is Y
test,hU:,Check sum is W
test,Q1(,Check sum is J
test,lfm,Check sum is _
test,(U5,Check sum is R
test,Z8l,Check sum is ^
test,P`6,Check sum is F
test,?=q,Check sum is M
test,aI|,Check sum is F
test,}g',Check sum is +
test,h^},Check sum is #
test,=Bf,Check sum is E
test,N'B,Check sum is W
test,g0',Check sum is ^
test,7Lq,Check sum is T
test,P.},Check sum is [
test,V%8,Check sum is S
test,",HF",Check sum is Z
test,l+B,Check sum is 9
test,"""L0",Check sum is >
test,ht!,Check sum is ]
test,!J@,Check sum is K
test,wi;,Check sum is ;
test,9+s,Check sum is 7
test,4:c,Check sum is 1
test,8Z6,Check sum is (
test,9y6,Check sum is H
test,)ly,Check sum is .
test,Hi=,Check sum is N
test,oBq,Check sum is B
test,Ddo,Check sum is 7
test,OqH,Check sum is (
test,",GF",Check sum is Y
test,)I/,Check sum is A
test,"T""%",Check sum is ;
test,+LS,Check sum is *
test,YM&,"Check sum is ,"
test,rKp,Check sum is M
test,R@3,Check sum is %
test,ydi,Check sum is &
test,GMw,Check sum is +
test,:~c,Check sum is ;
test,E5Q,Check sum is +
test,$?i,"Check sum is ,"
test,EF9,Check sum is $
test,Qwo,Check sum is W
test,PtR,Check sum is 6
test,+aY,Check sum is E
test,+@u,Check sum is @
test,5LA,"Check sum is """
test,6w1,Check sum is >
test,9or,Check sum is :
test,U:1,Check sum is  
test,";,Z",Check sum is !
test,5N&,Check sum is I
test,.Ik,Check sum is B
test,"""<X",Check sum is V
test,FU~,Check sum is 9
test,mP#,Check sum is @
test,"G:
",Check sum is +
test,Irg,Check sum is B
test,pZ(,Check sum is R
test,7_w,Check sum is -
test,9[p,Check sum is $
test,/9P,Check sum is X
test,?bu,Check sum is 6
test,h	8,Check sum is I
test,"""5k","Check sum is """
test,B:4,Check sum is P
test,*LJ,Check sum is  
test,h<Y,Check sum is ]
test,S{h,Check sum is V
test,SX+,Check sum is 6
test,m>P,Check sum is [
test,Z.0,Check sum is X
test,:2v,Check sum is B
test,7B3,Check sum is L
test,eKO,Check sum is _
test,V+{,Check sum is \
test,zWz,Check sum is +
test,}39,Check sum is I
test,{?y,Check sum is S
test,"YI
",Check sum is L
test,+Hd,Check sum is 7
test,y8C,Check sum is T
test,pas,Check sum is $
test,QI:,Check sum is 4
test,c=l,"Check sum is ,"
test,aT9,Check sum is N
test,o8J,Check sum is Q
test,fOX,Check sum is -
test,"]|""",Check sum is [
test,_c3,Check sum is U
test,3;l,Check sum is :
test,y&3,Check sum is 2
test,nJ8,Check sum is P
test,e}S,Check sum is U
test,8&z,Check sum is 8
test,=%L,Check sum is N
test,ag	,Check sum is 1
test,].G,Check sum is 2
test,g}9,Check sum is =
test,MhD,Check sum is Y
test,A|u,Check sum is R
test,ftC,Check sum is =
test,".,a",Check sum is [
test,'CL,Check sum is V
test,]Fa,Check sum is $
test,yx9,Check sum is J
test,@_2,Check sum is 1
test,'4_,Check sum is Z
test,8V.,Check sum is \
test,q^U,Check sum is D
test,M\9,Check sum is B
test, w),Check sum is  
test,MrR,Check sum is 1
test,`qE,Check sum is 6
test,\nY,Check sum is C
test,$A*,Check sum is /
test,/b(,Check sum is Y
test,p&S,Check sum is I
test,d(x,Check sum is $
test,~{i,Check sum is B
test,ec:,"Check sum is """
test,)rR,Check sum is M
test,R([,Check sum is 5
test,i9{,Check sum is =
test,Sit,Check sum is P
test,-1A,Check sum is ?
test,e ^,Check sum is C
test,QM1,Check sum is /
test,q&),Check sum is  
test,F8h,Check sum is F
test,"J2,",Check sum is H
test,"a],",Check sum is J
test,kn>,Check sum is 7
test,01J,Check sum is K
test,U1r,Check sum is X
test,"aq
",Check sum is <
test,#-p,Check sum is  
test,&(4,"Check sum is """
test,d^C,Check sum is %
test,=ew,Check sum is 9
test,BCW,Check sum is <
test,_<U,Check sum is P
test,TFM,Check sum is G
test,*.O,Check sum is G
test,YC),Check sum is %
test,*97,Check sum is :
test,*K2,Check sum is G
test,jJN,"Check sum is """
test,n2K,Check sum is K
test,w?=,Check sum is S
test,VPC,Check sum is I
test,@j~,Check sum is H
test,}tw,Check sum is H
test,"
yB",Check sum is %
test,	.c,Check sum is :
test,8x?,Check sum is O
test,o$e,Check sum is X
test,A%H,Check sum is N
test,yfr,Check sum is 1
test,Pzu,Check sum is _
test,xm-,Check sum is 2
test,"*V,",Check sum is L
test,kGS,Check sum is %
test,"`""`",Check sum is B
test,rBW,Check sum is +
test,*DQ,Check sum is _
test,Zd?,Check sum is ]
test,\d_,Check sum is ?
test,uWR,Check sum is >
test,iz`,Check sum is #
test,b2~,Check sum is 2
test,cvu,Check sum is .
test,{\3,Check sum is *
test,`{x,Check sum is 3
test,"(-
",Check sum is ?
test,!Wz,Check sum is R
test,G{?,Check sum is !
test,	D-,Check sum is Z
test,1Ix,Check sum is R
test,h^4,Check sum is Z
test,aoz,Check sum is *
test,"
a>",Check sum is I
test,'@f,Check sum is -
test,/@l,Check sum is ;
test,vz3,Check sum is C
test,	F-,Check sum is \
test,	E#,Check sum is Q
test,^}p,Check sum is +
test,=9M,Check sum is #
test,@r:,Check sum is L
test,"O,`",Check sum is ;
test,-n2,Check sum is -
test,0nU,Check sum is S
test,*$0,Check sum is ^
test,25g,Check sum is .
test,rNJ,Check sum is *
test,P^G,Check sum is U
test,;h9,Check sum is <
test,"{-
",Check sum is R
test,*{z,Check sum is ?
test,:\W,Check sum is M
test,dnM,Check sum is ?
test,"J,>",Check sum is T
test,(3s,Check sum is .
test,VFY,Check sum is U
test,m|S,Check sum is \
test,q+8,Check sum is 4
test,"
70",Check sum is Q
test,OV\,Check sum is !
test,17q,Check sum is 9
test,w~f,Check sum is ;
test,w|y,Check sum is L
test,vhE,Check sum is C
test,$s;,Check sum is 2
test,EK>,Check sum is .
test,bVR,Check sum is *
test,<K`,Check sum is G
test,7+M,Check sum is O
test,2Ue,Check sum is L
test,+}k,Check sum is 3
test,j. ,Check sum is X
test,#Hn,Check sum is 9
test,n[y,"Check sum is """
test,<>w,Check sum is Q
test,S5J,Check sum is 2
test,"#g
",Check sum is 4
test,r:z,Check sum is F
test,!pS,Check sum is D
test,p/o,Check sum is .
test,\R!,Check sum is /
test,&w~,Check sum is ;
test,b7?,Check sum is 8
test,[*$,Check sum is I
test,9yF,Check sum is X
test,^8-,Check sum is #
test,>A&,Check sum is E
test,]ay,Check sum is W
test,$/	,Check sum is <
test,uX1,Check sum is ^
test,D;],Check sum is <
test, ~h,Check sum is &
test,"6C
",Check sum is #
test,d=W,Check sum is X
test,^:{,Check sum is 3
test,A:6,Check sum is Q
test,NR@,Check sum is @
test,-!=,Check sum is +
test,B]&,Check sum is %
test,Okr,Check sum is L
test,kFd,Check sum is 5
test,"'""!",Check sum is J
test,*@],Check sum is '
test,"r,}",Check sum is ;
test,wWg,Check sum is U
test,=O;,Check sum is '
test,7pI,Check sum is P
test,i2#,Check sum is ^
test,\Bc,Check sum is !
test,Tb%,Check sum is ;
test,Yhn,Check sum is O
test,"4g""",Check sum is ]
test,KIX,Check sum is L
test,gWQ,Check sum is /
test,jPa,Check sum is ;
test,lOD,Check sum is _
test,5Gq,Check sum is M
test,<;QO4Tcs=yk2z\S'CXe_QI|i6ZZ-f4S?ID?,Check sum is %
test,"k>@u	f,H}A)""/'_~Woz#wp<E-Jt\y^=""[|e",Check sum is !
test,6 \HomL~iTPwQ)[.2,Check sum is 9
test,G=,Check sum is $
test,"+E>-I,V:EL**kM4M>|)6%<B`Df^=N`C1(a gK B$pHXT",Check sum is &
test,hsy-B3'S	(fWh@83Qi7MbS6^,Check sum is X
test,4<H,Check sum is X
test,"4|IGN42I""se`dbtC%?MuRs}
_*F:_E::kor`ytv,:BT",Check sum is R
test,"JML,71V..I./`49\1{5,>k3>954(a3%Hl.P@p| tW&v~",Check sum is %
test,"jxNHK
4,SB\=E%t[jHmY*?
eB0Z}^%z%<`RJ
(gD",Check sum is D
test,"N5Dhg;RR.hkW-+k5fS~DBq8 -Z9BgtQQ
OX#.t[!;",Check sum is W
test,"s\FQ(g}'""Jt8G'Kg}s2ony #27""|&fA$HwUr",Check sum is *
test,"d`2#vdvl8
Z$;l~vuG",Check sum is L
test,I82DW_F eaWD3L-G	OU-U,Check sum is 6
test,"%4h1'7[Y)r!)=: VbB?""1+77gIPe2E}",Check sum is ^
test,/c_2`iZB,Check sum is (
test,"}uj6@""+Ue?1M9ywlIsBL@m]^`ILE",Check sum is 7
test,vdcc2#rmE/%F(X.I~Yh}4g,Check sum is !
test,h9:7]I|:MI^T%zrZ-=i7d+M&imx$AgDt	!`=dUM,"Check sum is ,"
test,"j&hCDo)cRfI|97tx8w!Y.K>S<Q|B@""fB)tpcRhS*a""r*[",Check sum is \
test,(Lm,Check sum is A
test,"20[+}L@b.6a/gb5""q[S/I",Check sum is ^
test,Y+KAp`V!b%~v'>:q,Check sum is B
test,b(9x&J2T6sytt.d)m7'uF<qC?rYlw5I;{,Check sum is -
test,`HOzS_}m;%izxg)JDNY?H,Check sum is 4
test,6),Check sum is ?
test,xy1-Tqhe9Ff0bX(B,Check sum is :
test,wNusllnhI{4ICqFd]]=l\p$io5=:z,Check sum is +
test,-/M;I@I-s-$R+D8+<sTu4,Check sum is W
test,">M-	MtG/.W,M	'(,PzUbq",Check sum is L
test,C+tnC^!w/pcNX]r,Check sum is  
test,"6[
%{RT&_Ks/p]JUbW@xgX0",Check sum is ?
test,"YG;vjo+B""0]7^`+	.U8",Check sum is J
test,"N	Zd
]9QFrbd%F<:O6\uPv'$ID' )`%ap,F-gb,kM)TnZO =",Check sum is <
test,"*DoJz6lUq	m[]:k]BwI=>w""=Dero,gxoN+",Check sum is )
test,"_:m }2d/KA6e7.]""paUh&ykp])?Yk6X{4j~{*>[b6OV0Wf,Q",Check sum is .
test,@]/12M%x!BwCiS-(,Check sum is '
test,eqWrBS{,Check sum is O
test,i9V=r~^L,Check sum is /
test,"Wc;*rT,
Se3/
p3M#Tw4e8vD}@5>'`kj!P1'%y@$:u/
ddrjn",Check sum is Y
test,%CK*.y[`]X(. q,Check sum is ;
test,:7ITp@ifi9i-)-k,Check sum is &
test,]lob8DYtf\M-F9[Eymvh==1%<s	,Check sum is *
test,"sq.~h%q?RBh<S)dNr9_7P|%
eLdo0W_e@UZHr..""-:
",Check sum is 6
test,":
Z&x@m:<gj]
n1dw}vz|gQ}<M*=O",Check sum is N
test,"&tf-d\9?7[""b?
M"")s@-{e$CQW5(",Check sum is (
test,zyr\s3NjO,Check sum is N
test,"00#N^f}C]c76
#0'2(",Check sum is @
test,8[h_St-SSuO}l<u6Hx>_?;XM[m7Fgo=QMV2#'^ u#?+fi:H,Check sum is =
test,"ihx0ZQSX
6L=4n\A\Bdq	AxR'H}`W,#gi",Check sum is @
test,'*sS)Qu2U}E[g-Q|f.AtX6<8v=+O}o2ycA#HnF/&msyInEHN,Check sum is =
test,tyuJKm5.r,Check sum is Y
test,"9KEq;Fb{f+Cm$>BSds`""~.Sb3.7d1T-
%:8o:n>}4",Check sum is ?
test,y$9[SVg.C;q,Check sum is >
test,"]	^A<UyR@&a3^M*f]fz/qzMXWbD}ls	
'N/(St 
f",Check sum is A
test,|i?\9WtuD2Y?1\p:OW!;#yCc__,Check sum is  
test,Kv*\qp/3DGr?|L$$%])rpGd\=9`7Lqh.Xmfsq:e9,Check sum is Q
test,}DJVsHy?;,Check sum is /
test,8TWhAH7h8~R|W[)dshS+6.o9[,Check sum is V
test,"eL/>C(AL-Cu/-]QX`]Ohop\}7YUc-(7u2I5y0N^qN,|l:[4",Check sum is S
test,SJl]G),Check sum is 6
test,"1KPK),fi!`-rllI
HY7P?Fa~|+U(E7dk58",Check sum is N
test," JM?1""g8gHK}|u%FNm?5v?8S<J`Zkl}P
9C%GS`mA~",Check sum is ?
test,"^b\]\,XmPSBkb4vNf9nV3|pfX,TjOC""u/dzcT6W*oiD",Check sum is :
test,"1>_Fzj|#n,wkAtr	=\p,rDW	1'nAv",Check sum is +
test,Snp_Ae{hJ`<,Check sum is _
test,U{]RW]lpMK?>D;7&:8y'KqR?+t$]?K,Check sum is )
test,Yrl CK7~D&0GIB/?QJV(-d[j,Check sum is C
test,O(slH=,Check sum is ;
test,"_i5tH
3Mftu>W?34~",Check sum is +
test,"&P
}5pz#pASD{A/Bk",Check sum is ?
test,"G 5e]	gn'qD-E`$x8s;rH>yc=aR@6ZcZ
Qud
8h0f{8+4t<",Check sum is S
test,"T7q.#Fr8Y4)j=!
_",Check sum is D
test,"?i
	+Y`3KSO<8mD<W	b%h>sdF! 1Z3dZS+*{L@C",Check sum is Y
test,~4gc{scE,Check sum is 2
test,a>cjh#9.,Check sum is >
test,"LU)|<b#p;Yu  Ztq
$fF~\`g!>5{TPlLhQ!Ub^[43N		",Check sum is V
test,%(2rf=	)2Vp3Zk7c ro,Check sum is 1
test,")d*}f2IIbIyw
4d YW]U$DgSP#$qad<b:b(5=_30m\do>,",Check sum is H
test,"# ^>}=;""eF\'",Check sum is D
test,"{VtALfPrq|	G8Vd>n,KD3^LQ5X0~",Check sum is Y
test,"xUJ<j`QaGH|B=6nPP0^N$82JDW:l[NM=GfwN}@.Kmk,Ft]	8",Check sum is )
test,"c623HE&jU/
(999@#Y6W",Check sum is %
test,c\a]C_Vv_an}svSVJLdh0T!,Check sum is O
test,"""8efW%]:wn/Vr-ZS2\l3kt)nOos4Pop""#",Check sum is J
test,tT7*r2(./3v/,Check sum is J
test,"lfaW>5pz=U-P,C3s)z-G",Check sum is B
test,"/#Dq""s}(!AO3Xmp2\k_({Nmbyj+",Check sum is  
test,"f	%Q>di>t0B'H1^?4~6Yd[R	SWE,Z_zZ|3]iBrxBI0/V4",Check sum is I
test,"6TkD,-q;BHt]5eA<Q*%PI]Lr",Check sum is $
test,zmmowoKMwP+,Check sum is S
test,K&;mikz%		a%{njiNJ2QV}2h,Check sum is H
test,"=\8Eh""D+\g#0vBE.rnE",Check sum is U
test,P*i)isWco_j/g12]99}VNh,Check sum is K
test,"aWO
V/ZU>f1KhsHRT//g1A=6^z)?`IiG~r+?QX5UYn=JKFMx",Check sum is B
test,@F{if]HaWZus,Check sum is O
test,0PB}H	Cx-!v(R(`gp0l	5a!<;6Ms4!pJRgnK\$Z@0,Check sum is \
test, D3cqfTP;),Check sum is 9
test,"<gRuzu.jLW7h,x;ODEE",Check sum is O
test,":(oc=I&k)O \>VCZW""C4VicXHT	*Cni/_=M)v0Z~ijS'Mzfs1f",Check sum is &
test,~aI{g'V{*/QjVtdX`fB749&,Check sum is N
test,hkd=Bt%qIWbQSX?A2b9=Vx9FY4ilTe0\80E#UI#,Check sum is -
test,"F6&xz&V`hLw^&HZQ6MYa$I;Fcr""'5=>B]",Check sum is J
test,u8RF	})vs-_:|M0U+_b@,Check sum is =
test,Q'Z2K,Check sum is /
test,"7<eCcTAD=.
=pOvNeX*>x",Check sum is I
test,"qV""5Pd<msrCF
yT=R6=>7{vp#}""ygAu5/#X	n@v%~!;|",Check sum is W
test,"C*n8GoUIq7?y?H7z(QH=:""Ge!}aBIaXB%_4SK[XuTbY",Check sum is 7
test,*VRSpRD=ucKk	3)9Hmd:r+)b5E2C,Check sum is ^
test,lfR	P9W.t[Neh,Check sum is E
test,".8tC,}O^M!@0:xy6tC9LU{>[lNBN)F`VDNH#; -97G9qI&n",Check sum is )
test,"Ok_$7PY|X&	HUf0)cEc
;`U><Zl^[@kqThIN<rB+mC}N",Check sum is _
test,g3D$f[c	SVS!I0&T2pZ,Check sum is [
test,"HOa,*i1.;",Check sum is 1
test,"yBi|&Pc#BE+)nciw?iV|
rL_$.tqX=#gdE{bGKa0R_i<&",Check sum is $
test,"w&RFmLU(<$Zo+v9$nhd2xJ6""'	J5\w^XIg&c3(<M95t7
",Check sum is 0
test,"dC`{^""@`'}kL**j1}CvArWT1wA;sE[wjS_['Qg[jFof28H0P",Check sum is 6
test,"2ti8`2t7&+)Rm;S O9EvF,LHCl>
w]buZ]n#MT]hp)x?4v+5t\",Check sum is N
test,bTS+]=FqvEe,Check sum is E
test,"#[<C v%G?Ej%""@M#]$06D323F	UhTLxL%,xpS:srd",Check sum is F
test,"F""2+_@kJh51}coTS+uz&,!m	C.vKlLhv_YO|-hB-=*S#6","Check sum is """
test,W-,Check sum is $
test,'htJi7OVXi[3.[{1i9E7:!z5q\`D?f;F$e3N9,Check sum is 8
test,Tz r=1GYHg,Check sum is =
test,]u:PAHw?sm]Z9p>?0hJ!&$T9QkAs(,Check sum is *
test,"NQXF~X('`Rdjr[%-^u&	!^}R3oV/}'X8ONnd-""YnOUQ#]pIwy~",Check sum is -
test,( v_ad?R%X0/,Check sum is /
test,"M,rt K]abo9L PN|(
7L,u1(""4:T-",Check sum is 8
test,"THc?OBLQZ'~F,[jPkPN#o	t1 07;N~)ERuL",Check sum is *
test,|Ctg.9<gXPb#Uyg[bIX G{Trz,Check sum is &
test,1 O,Check sum is @
test,ib:,Check sum is %
test,"
3RU7",Check sum is ;
test,+-),Check sum is !
test,"-$yr0
uwy9L
Z	&	4`F0*xBvJ+",Check sum is 5
test,"W0Kb/! )Q]N7kCAFwCM`UGTuwktcto	<9n
 o)2SLza'k""Cs0",Check sum is 1
test,"A(LQ5nCmQ
WW1rCq,k,YH(|oav>P_fD={m
G4ZfT2!t",Check sum is C
test,"CL	@;fuia""FH$tKH`y^_hSXR{;b",Check sum is F
test,"RDOMg\""`yc'y}@7R.aBF3eR%D#$O
o(""~`Sb S
[	lXEaiHN",Check sum is 9
test,0r~jRp,"Check sum is ,"
test,^Hls9-&Bdy|*@HllVHt!VwDN3Y;^ow/=1|z[}oY*y33XEcF,Check sum is 5
test,<Z1RDI:#0i/C.(^=t`_,Check sum is R
test,"10zXbO2k2-d'$:
s[q4?/2M?MH",Check sum is '
test,~#Yd0jAkhJw$&<@pH51?R0,Check sum is R
test,HZu,Check sum is 7
test,"/ 3]F*Q?Y""gK","Check sum is ,"
test,"z^0p ByfW.nA6+9Jt-TUnE}u""86+,",Check sum is G
test,"hpUX@""GZTY8h&FI#>1e1ROMXWAS]5(;8V--kzsc/(4+	VNVmv",Check sum is 7
test,"0@lD[E#is8+^k5s1#!2G#n"";Q0-{x$Dlv`'b`ANszLk@~",Check sum is 4
test,r4o?'ktGM o2 moQ&/m#q'0^vKpb|~P-^,Check sum is O
test,"w1M!W&5kV'#Y=_+iG\<j7X4_QKDL| >V|B/
",Check sum is :
test,+2~gI:$E,Check sum is N
test,"-Kvx|b#""KO""xN+zi|[W|l-PhSyQkMN\^4'ID2?}T7""s)J",Check sum is :
test,wH*R[NNlIf7ez~!0ty~tQcDe,Check sum is N
test,6;^.bKocNX,Check sum is B
test,rl*g#y2']`7Z}F[U]VFB,Check sum is @
test,{|Ed!Xmxh8[D\eWcnW(rwyV!0cg[Q;{EhqYN,Check sum is ?
test,NCSbcv0&'fh$EHDT1Q2*AZ[V$I7PtL#q;:o\`poF $@>k=c[,Check sum is 2
test,"QTf
	ITLy5c)=w6@#h",Check sum is V
test,Lwm|.Pb8.?2A6~:KC^n,Check sum is L
test,0lh-Xp n!c)^6CQU;P$_Hh4drJCVCU'b,Check sum is ]
test,eCg,Check sum is /
test,/l`5L	={0p[R/lg,"Check sum is ,"
test,5e6dc!+b25\4w:2j08izrPws 1b`C9ocf:R7h' QOB2,Check sum is -
test,4x9QQc67qcWz,Check sum is \
test,E0Zk;7X:%2 `C.Q=*&,Check sum is D
test,3~G~*NJDkB4:a*!2foY3b)^obU6YA,Check sum is U
test,E|%8coTbTG?Te:H,Check sum is [
test,}\|eR8A	NwS6(A~	@@_ Zf+u%T)Mz;17Io!+;tw./;t,Check sum is M
test,"^UBOTQA!:[62
7J5]""Bs",Check sum is \
test,"K%&RP;,|{6!$yuxey.Ou?E\xzTjN<69y0$&4dc8",Check sum is V
test,{L4~*?]A(9/ccJk\[yV},Check sum is .
test,P?/4%,Check sum is 7
test,OFUuK=jjrt0WSA%m0x!Y(+aY/!f,Check sum is S
test,=sN	7,Check sum is ^
test,"/""R""c()D	`n;eK|>z	zDj:ag",Check sum is F
test,^=BSDH~r\PeSO,Check sum is ?
test,9Rw<ia!(vx\]m&y$)Ka<7Rt0<`0ACikGUSO,Check sum is (
test,"8""A|I&J5xE,l!@J
Ep'XDJXbo\55nU",Check sum is #
test,{K&Ew+F3{V]&m^h ~g^RzpavYF,Check sum is H
test,<7Pm#m*S&\a8?O(?A)jf_,Check sum is F
test,5	!~JDG!F{<b6?tXZ41a,Check sum is 3
test,Xa|WS3VR2\+; :@q-B$p[G&+?W`':Q;6WMN.*g),Check sum is B
test,"c(+r		lRVE9v/PfN}2dKhSWDlApKmCgPU>`	QK
5Ay",Check sum is )
test,]tKK;QcW4Y~&03;R,Check sum is .
test,"{-Ic]?509&RA<;#x+c
1pW;C8l9]9\uw}f5UwTiO5\ZgA?;#U^",Check sum is U
test,"Mt -cQhUBp#47VT*L:
zP~u/t7]n}m.J,
nEAz8Gc1L5R\",Check sum is -
test,"w
-LT#Dy] nD2R(-epC",Check sum is .
test,^cCq@,Check sum is U
test,[pdx:oC_)%3rz#?ln7\JhdFjL 1kS%vVF5^ri@q/*El,Check sum is O
test,"tp|Qe;{s
BPe59!IgQ",Check sum is 0
test,"'][_T'Y-<3g7&i6CFbh*}E]d=/
S{+5?TlF>/=H+sVwn",Check sum is %
test,"Ypk];e'E_H/IX
khRJ}Fu&J",Check sum is U
test,p\{|0d0Fr~rippqA'kaW4M/,Check sum is D
test,"tZg(!La.hV""CP4h$O\?$?xPBdF8'iMig.uUC%	: 
8#v/",Check sum is _
test,-e;]h;*Jj>hWBkibH/89=Sq^-gnK3q0 =,Check sum is E
test,@d._'D``$oHb-{D#	h?QoSX*[uZ#,Check sum is Z
test,"hf$]To/9bpK
!od_(/QQ(C",Check sum is 8
test,vKV/	4v,Check sum is Y
test,"'KyEp9d~ S,GI1mG'Cc.~t+J",Check sum is Q
test,"3xuA&	0pFIf
d/:1D)6""iHPX|2c,*",Check sum is R
test,fc'D[1i(y~#KssGGVZSG;=3Q,Check sum is P
test,T%a?1'iJFNVQd:,Check sum is ]
test,"L1^r%%9~Bww~ kl!Lr--pa/HM%q$/:"">uw86%ei48QWR",Check sum is W
test,G`	\	TVWWfy)qmSCt$ '=Zg$rk&5,Check sum is B
test,N-b4l}WDFz8658z#K.a.y[`0GO,Check sum is /
test,*_|w{`qUs4v&?aP=\0j3611~rhIjG,Check sum is @
test,"pgr,;5S
@aam?",Check sum is P
test,8d\d	EkeO>U`v[yN@%rB/O~I,Check sum is R
test,;	9'~DuI/UWyU%!NsFRUb=_	-e<8KAmjsW_}~RtB93/v,Check sum is N
test,m{Xl*!(0 m5D{v:lEjW0cj{#~CLl%gV,Check sum is H
test,J9EVHowUQ7I41b4,Check sum is M
test,"@ CdKJYV5617nq[;B^C{Z""HJ:",Check sum is Y
test,"~[RLIyP]l_>D#""_xmQtDGz""`2t049UU4 KEF",Check sum is ?
test,":HC(J+,}?XA7@p(:BhWy_\u",Check sum is 6
test,"G
t`T
x\x]nRGD[iU5V4dKzF)5:,-SNwoR(6lkku;kE7V):7.;",Check sum is 8
test,"s9$M!RWz!p\d-hci<T5SWK3W
",Check sum is A
test,"J6Xpnb3;h&WU? 7K!lJXR""wwcp'C B]}9Do1""]Px8vA>,RYi.",Check sum is J
test,":OSs5]
i0? XlNA\vNXz",Check sum is H
test,"=AnC4F;g
Ws93@L""!WK8?W`[WQF|(O}{6",Check sum is 4
test,"J,|kpzcK~xu
V#?",Check sum is B
test,"81kP%$U!$0iw{q~~
|Kn!?5",Check sum is 3
test,"
=Ba;Xs6[q>=pZ2QX-q9 aFmcU#g){vkI),(O__",Check sum is W
test,"T[A,c1hb`oGA64BWj/Ps'
c+5.-bg'Ei
8_y,-De9L l)><f",Check sum is 3
test,*Q&n@/BH{VZ>::f.0MyFEJ-5m2TXmA_}qe,Check sum is 1
test,g}oa|vks_B3)].uIH*=IJ|o_!]`gb}#gKT[~?[|X+)8[t_d7,Check sum is _
test,);PDA(T}cH,Check sum is =
test,B5;{+S?E4E,Check sum is H
test,$hJ78Kb-{`(e*q>4J+l(9l/Xe2rk{ tqL.~-]4;>;\',Check sum is J
test,"r""yM}",Check sum is 7
test,"u2c[-L84bN8OX]/$f@{/Fx1f{k,P7rdK:<ax()A",Check sum is )
test,"	n$nK&?o C<kTon'}W!9""	'b-usX$}RLP&)h",Check sum is ?
test,{5R*nIDJ,Check sum is Q
test,X`,Check sum is X
test,v+5KJ,Check sum is K
test,"^%.
4}1bfG5RbxH!O""$BTMYg.[",Check sum is W
test,"4n*ou2!v7]C\%Fp#@`37
C3kq;-?PqA#c(Bm+\",Check sum is =
test,OL-^*@@B%}{z}d1NhwBQC,Check sum is ^
test,"\Dl,y""F5?>5.T,cI.jMQHaE]lm@=!w$y(+uL[P;`N_tF:",Check sum is A
test,"$CX6 \]=6d`N2JVl[[ %`0G{E6nkf,Lx-}Q|r<KNjR","Check sum is """
test,"J1aFN!	^NicZna`;W0Zl%NO$`tI""mYC",Check sum is 1
test,",$vH8}hET($ sTE'[7/Zu!_gYi^|fjj&L8}\L5Q}x+O;$Br",Check sum is '
test,1$7xhne_RDKzOkrv,Check sum is ;
test,"#+jFrxwNt:=)N
`J/en'&f\~+cI1N]",Check sum is %
test,"~W`|W3@rZo[.IU3$+K""!Qch",Check sum is )
test,	~,Check sum is '
test,"UbwB:1AW)`itFj4}SS?Ujvn'qflm^
",Check sum is !
test,"a	
",Check sum is T
test,ul;x`Iw,Check sum is T
test,"vjn
%n""K.6$2<I cE.[};nqD=rm",Check sum is ?
test,"I7NGcHiE/e*N{z/l<%v^1}_q7{qHK4H	I]($""UI6;o)R",Check sum is %
test,/bB73nzz,Check sum is ?
test,]=(qV2q57L=kBfm}6o[0`7k&[ 8{/0)Emu&}f ,Check sum is \
test,"h:M@Zy.#""",Check sum is U
test,4~m.tat}wF|-kS8'&A	/o!%,Check sum is J
test,-A!;&5DDK#i38S@f	x1,Check sum is :
test,"0P6DC+n""}AmSlP%:Yzq>Of=:		|#(",Check sum is 8
test,=+)|-O[@	X<]VQ^>(JByS)j,Check sum is T
test,"u?%]4~x$N_sb]zu I9W8>""S$U",Check sum is O
test,UL9$+gDLEvWgF!z/,Check sum is I
test,"9EU=v<( Jj""6z
Yq)ewYjqJ_7f&u.>_#0o9r",Check sum is V
test,[|Q`FDX$f-d!nG-5YD!U$b>[0o`v&yi+1+%[=jk(t5o1%?f	pd,Check sum is =
test,"~s}ES/?r{dK+\z^B}iJKhq""kd
#",Check sum is C
test,"$~aU9^a3@|
;Eppt~5^1@4>~(U4!HQ&	#vkXg*",Check sum is 6
test,"7XNk_Zr|A$]he,FJ1);",Check sum is /
test,")r0CjOo`3
!LlhkWgI[U@S9>F40]cSItD66l'@""Er*,W",Check sum is #
test,f:tTBa<Y>O85i-w}gqfmlv8Wy,Check sum is Y
test,"fZ6DK#e$SmZHAo]\X[6""E- XFE",Check sum is \
test,7xi*e5Rg/a13lnf.iizW-sP$(,Check sum is 6
test,]TPM2 4V[-|\@i_u~Sym>gg^`-i-P2-;tK0;:Q,Check sum is J
test,"G""YbE&SRSY]kRO{P.m	}k'ta)HqdRn

lA+;5N.",Check sum is Z
test,.t+$8<~C[)[#<Rwj(X@e@XBlY0:S	V,Check sum is W
test,"""*F?",Check sum is 1
test,"[5Y;,5}""/`fM9GeVL2Yc+2EkM'^|	DQj*R",Check sum is Z
test,"n??3MSuHpzX<9IgIYYg""%<6K3+LE)@`F,wvLyOn+ejR/A'",Check sum is %
test,}!9.	RNiv|.K}o0TwCB%xr/HkX`n~;Y<5^nA!	8	;Gv,Check sum is X
test,"8Exb^@$FxJ*n8>TG(dMYZ9N\|,5peeqKtS2	b}|5@ITv",Check sum is Q
test,gya^tB3N=C#|U,Check sum is *
test,":2_=-(
tj3Bg-Y*X`A{N",Check sum is 3
test,0{,Check sum is K
test,"Sv:V`7d*WtSQ@sw)X,M",Check sum is 1
test,"rLeH^ln
dL^5?:\<9O/XZZ!Cv)2>PaIv(f(P",Check sum is M
test,_Ez>+Mi,Check sum is ]
test,Q<G2.6Se31Uu\(,Check sum is 4
test,Jr}_nH4mpm46( 3ac\>UCx.giCZ-[R1bLfR6b$m^,Check sum is R
test,"sEp(xdwlZ'GTaHd y5k,in`#F$^	""Myij;",Check sum is ^
test,"#2IzLJj7xvfp~5Ne6}C5USTVkkM?f PV(""aL0Z5w@Y9q=",Check sum is Q
test,	*;|7?ZG;g&DrWdjG<u7`cFr,Check sum is .
test,"JFGYnqx""a/d@m""ifw	Pf5tzen[f*9F@qD(iOCyCw*.H 1D",Check sum is 1
test,'P`wa[%<at0.urQ1 0@<B,Check sum is 5
test,M}8o3cgomAJq	z5.16,Check sum is 3
test,"""!8hY'tvv_N%(#Qn8&jFs;m~Lnt2	)",Check sum is 8
test,"{}KFY5zxz!]&oC<dF\^8""qcTs8I!+Np",Check sum is Y
test,1^n(PJk9ZMV|!kblPLb0l%,Check sum is U
test,"Qq!EKh]@.
`>d*\2^EV9p_q(",Check sum is $
test,\Zu?^=X?7^|fh{Sr16A5>?)ghf,Check sum is S
test,vAX( 7M0nnb1$~8{4,Check sum is #
test,"Go,KRUmw~ckU(hJeg""0
2,6#lT",Check sum is 2
test,rxos0e,Check sum is A
test,"`8}iDG8Epg+g\""D'W5Z hB]b*L33r'ifd]/q)E:+*MP%fi",Check sum is Z
test,"7fc~f5x^^lqF6/,vw1u/",Check sum is #
test,"Sn|3ST_Gedh+Pzsw&sb~'F$K'[9xK8
WtYiMn
 0D |",Check sum is D
test,40Yq8WI.&}p3#S,Check sum is P
test,9#[mb]Sj[Cq'YHCJ[9o`7# yuNu_'xl:@,Check sum is V
test,"H/5vOX,)Pa>,Zaw^;k.s/f>oH2@HMP`&$bP""Msh\W{Pa7",Check sum is M
test,"Bo_{_[,vt{tO >2Q2d#:NVk7@O;pI;4H`Yd+o;
w4:",Check sum is .
test,"| 6gsG`Atbk^,hI'.VJAT-*	T(6MI_dsK/nZ }t^G?cV",Check sum is H
test,qqmVr8	xbivGr@+FvN)v$In#g,Check sum is #
test,k=dY<KU6`^Cpqorf(DMcQPwVI'<hkg|w,Check sum is #
test,D+2BFdyP-C-_p~,Check sum is  
test,"""WOL""d2,rien@0~F	U[",Check sum is 3
test,"6{;Z,	saCJL.w'$|S\Q`vn%^0q=|=MDJqN?k""R=qi:b/","Check sum is ,"
test,Rj$2C6pU=	S*	SITBB],Check sum is M
test,"KdM0FTdj`I
d0dX`GZ4Rrv!I]S_bfrl5	6;A*/!fz]E5-~+",Check sum is <
test,"97|pCR/BuOm,l(QQ0uFFY%,:b@>o+F Bb3O3b)md.X{",Check sum is @
test,"E[]ujFwFzjUM
3d30]{nz#T$5}iV:7K1icT+w^xL6&g@}	r",Check sum is !
test,"G`ZS	v;{^
5Mk>XC'NG5	IxjC",Check sum is ?
test,.Ox,Check sum is U
test,X]lmF={QY=a6MJ0FX#q&l\T=5PGJ;q,Check sum is $
test,"F:MAp7!dJ|}*!,yxU@>ZP",Check sum is B
test,vf3d(_,Check sum is Z
test,PDj!EHy,Check sum is E
test,"zB,mp;>T-otmHT) (idg@f",Check sum is V
test,"o'T`,P<G/$b4KLKI\",Check sum is Y
test,"BL=/O5yfTjA0_""
->{0",Check sum is M
test,"MH""v\Z*@}J\99+dHyA4X`}i;~j53W:hS:'F|UDf",Check sum is ^
test,"""FXe_5g!I!)<[?53nNxb^H6M7""*X+Mp*j1g9`l",Check sum is %
test,+f1R=J#4oo~.b}W*qy1t/9eXjJt=\]H-k@qL}7O+Ob,Check sum is J
test,u@ux<vm[bS>Dfy|k	mF+XB[7HK]hH`k#7#pJe3,Check sum is F
test,Al`53+c+7/cSCM#$),Check sum is *
test,"J&ltDj|FjFOK>in+l[sJ7g.YB>C`	FF&6t0/v5<KOLPL
_",Check sum is L
test,;']%8K1$ab~ab:s{,Check sum is H
test,"<v7a6"">\	g;mns/	@mdzh(]1S $""^M-TR@}r",Check sum is \
test,N&u,Check sum is I
test,"5r[->k!c*YGQ4.ccQzejGfWD'
kDxh(5<P2MKrV""16	yNIm'!4",Check sum is '
test,"7lwE# tPCDrM0$%z""h",Check sum is I
test,"\M<Cdb)|J""?|""C ]S[6s}k>eaF_-,1[N@5
ZI9xT/=",Check sum is *
test,#-qbJV\k>t>1!FI6O7JV9,Check sum is P
test,J*=md(Z$y|!3C,Check sum is T
test,"=A	Z{-;`WHhr
|+9kR4{m/qU5`_AP<XvFfmP[S#>j!:",Check sum is A
test,"(U.Dr0oP5BIRY?Ids fG:Pg*F{
S",Check sum is @
test,Q	p,Check sum is *
test,"ghFgWlw=(-7#`$'YF
[pi$#45`<'K#",Check sum is +
test,"]cR82""=vzR)^26Enxt2pr4\$uZ0iT$",Check sum is 3
test,@bn|l	@,Check sum is !
test,",&4gP2IBO:;itz,a0Z>VuAjbJ1FK5 wi<*NPI,C %|\",Check sum is <
test,=7}+*tS>#yc0|EVRz,Check sum is =
test,9I:,Check sum is \
test,"pF-8.yYg|a@$bgu7/K^@QwP `YD0Mln""O~6cGv=__;On",Check sum is 4
test,"LnLX_^?.d,_F0`36!`k>A+vs8wHe
y_g^-$w3)-!&<%&BJs",Check sum is 6
test,v%oOk<?x|R79K+I+	0g,Check sum is _
test,;mLHE),Check sum is J
test,rD5uh/t+;N8V+R~l|M`Do#,Check sum is 3
test,_LE8P+ 56rk)t?Y[sR2RSM	Th\QA1zF,Check sum is H
test,"/w	A>>?
a0F,q!VL2,",Check sum is *
test,"$Yw@Xr8G<?(""uf?^)(V 7iUo
-v]q^V4U""0",Check sum is O
test,".<B
/_BWTBj h#l>C piSA]""k",Check sum is L
test,)Ieo!VlpNS(F/l}k]v2JJo :*8]*!)>6A<U@,Check sum is &
test,Y.@*`P?51Ii&RO :b,Check sum is [
test,KEbZsV,Check sum is 5
test,'`0.he9d!A:21eHpPeTI(|HK$'Q!1l,Check sum is .
test,":^Kwe
96Al!zC4PGBJ(a,!=-v/q!PDn0;`v0	",Check sum is -
test,"$UjIoMT#Lu3""p>jys]'XY0cY^=mT|Y`A5GZQ=PXtdb+	",Check sum is F
test,YG3,Check sum is 3
test,"'a6_#i.7U,
I >*\g<,X5!IkU# |g)yO=r&`<",Check sum is 4
test,#mQN!pH,Check sum is (
test,<c@kf+,Check sum is ;
test,"Pkdig}2}0ZtDxovm>&G4N,!B)v	#veCh96",Check sum is C
test,X6	%p%Vv/V}:6Ew``-Kz	{),Check sum is J
test,2UQ(}>K)?W\YxtQCLr^P.f3aGss>\]LLr :@p3II[XYp:\M,Check sum is J
test,"h~{2rt97;%f2{zFJq4C{u 1$7%'))q]Qp
z",Check sum is ;
test,"iN(LMZWA![&2w~t9x""yJ_j]1O/Wm;xB",Check sum is +
test,"6g*wOwe=(T:BTRajGuY;Tn
c`{.x.xj%nVIns'u^e-0R(3sxPS",Check sum is I
test,"a>3?w_yXlX[kj#GkP3Jc=:v'1pPg3WE
%zG6#p5@v=r=k",Check sum is G
test,"(@:Nq9dbp'(l<LrCmT#,cVoSx{+s(/`R
EHDj",Check sum is R
test,";.""0@SQV3dC!v1$[vfs^MI/[0<Xl[`PB76ntMw-\w",Check sum is S
test,"6{f-zbIm:{>bO9*7ejAlJ
=E<}<FeWm$n-",Check sum is )
test,"T&
iBs",Check sum is B
test,c^</-<LkWVjvs,"Check sum is ,"
test,"u yeBat2;= (JMD.MWJQ.XCIfJCs
h0O`.*gZ&3em`x48+Ak;R",Check sum is Y
test,"+Z	N5QdwNK aI*4H
ivdf_d*iNwkD",Check sum is #
test,"+ 3[,
AuXe7",Check sum is Y
test,b7/Uf> [U{^6PxaA]<H87nho5	8W,Check sum is L
test,"zq&2@,^Oblq""VsMtg2`mD$`uZz#9U[",Check sum is *
test,"jQ5ZDZBMH#2h:9T0/aw@Mv8?""aU%n?Dbv)4zy|kBB?Yoz}I4e",Check sum is 5
test,[+:tB*0[.Ot=_aJ3D_Yrti,Check sum is A
test," !:6;m2PTD}Nog
@&Kz5xn3g[DEz/iCIhMQRnM",Check sum is 3
test,"91Cl?Bh3#%:d5u
Sd=83e[Ab+d!6v!o	S,t0
U
K",Check sum is =
test,!1DC(Cn@B{0S!\Xd|KC6^f7wP0ceBe,"Check sum is ,"
test,Y_)o%<8HxN>_t_Yl^7#)d@=7f~t,Check sum is ]
test,1(/NQ$u?=	,Check sum is %
test,FFe htGcy2t.~'8#MR;%+.yUHb$[}._?x@cJ,Check sum is A
test,Dgx<NzdJI+i$htA.z=30#Ax*Xg[Fx?6|wYi9,Check sum is \
test,nhoIxoP4D{sN#BfZoO%q5Y;$OBg6GHN!J4*,Check sum is S
test,AXnYUl'?OOmp1(gw91X+Sl`!9	w;EVj#&.rAe,Check sum is N
test,Uy;1&-$&pGe~cI8:-VR$g>&l	0X[lT@F{SUf6wI^$,Check sum is R
test,w^v(#,Check sum is 6
test,"n	rfr9DHOYrX3U:Eo`_E@NE.Ne
DuuN
",Check sum is V
test,C_/ z91qsa#,Check sum is ]
test,]mLlE{t,Check sum is V
test,"yz;}%.WfOkF?<o^cb
94V*w""|jYrZ{G",Check sum is E
test,"&7\G:+@b)|Ap""=wG r&zw\jxa.&9sw!E^I|?}?|qKX6r",Check sum is U
test,@spRxj[v;7yb:7G>,Check sum is K
test,KA+-@\'% bJrp-,Check sum is G
test,f6H t,Check sum is X
test,%A\:|Etx^D]\ySu.(D^zF8,Check sum is U
test,"A"".vO`d+BOREUbq@=~xx~AJ]VA4",Check sum is Q
test,;K)aF+E?JkPT:Feq<,Check sum is P
test,BGIa2>iO,Check sum is ;
test,#$S	J,Check sum is M
test,"ab}GO[~j4A-J:XU
z~u",Check sum is C
test,?7]	*!,Check sum is G
test,?m2,Check sum is >
test,Hn,Check sum is V
test,"9Y(l8;e_
j7o4);nJKv+OEvPqp",Check sum is N
test,	c yY! wNiw:,Check sum is ^
test,"4hkJ,j0	7RUkKwM.N84XH'jkzn5d-ZR8>#q(v`<$
EGv2Q@%W",Check sum is )
test,"RB:;j8v_7:
KA+S Epcs(QntOJ",Check sum is D
test,"R""{",Check sum is O
test,"IR+ fm(mC#U^WAP	dif^Ls* :	U;Qb&`T*SF[vD+Sp>D?/[g,",Check sum is V
test,s\8ZToJHRwn8,Check sum is E
test,"m<FS\>g
bNYO4lYOp-kk$y\vi7llu\*@l%4",Check sum is '
test,"nS}
6!775k<2Z~9pmrVwLd65*=]OES<gDy()c;
Yu/[6K:8O",Check sum is !
test,"+jNNu'C)Z,NE-*#E?5qIpk&g
>E!v:6CJBao1bSgOnIo|P
'",Check sum is 9
test,8*ON/|4_KQ6m\n{dbzC`B(j6o,Check sum is =
test,"""N?yZQ#a(@^)CsGTm&$=v$!,
#bCUY",Check sum is R
test,)#I)_>gpUQ&#-:62Yqx-F9R ;zpF,Check sum is [
test,pVr~^,Check sum is 4
test,"i^#&z3)rb4H/2*`k
[K$",Check sum is @
test,">v(qTL8P &=L4I|p={\e`7sGAehF)g5<e
\b{G",Check sum is [
test,J!z?X`^=IHC#g,Check sum is 5
test,Fb!8|KgwCacuo<`9p>_;]Ll26>]Hue]iuJSdD[$\70=MB4ms5,Check sum is _
test,<BRmNoS$B,Check sum is S
test,"itS,|(+IDS_q&'2e:G8=>r7Q0e!TAw<1jNeO]WtcW",Check sum is J
test,}EP,Check sum is 2
test,/ OCpu=c SA<KMrRg,Check sum is 9
test,H`m5<BZ~D-1giHT-IxgYR\I^H,Check sum is Y
test,"]~9q'EDkr9kiB_0u[/z61eQ2.4(t8!Zc&E_oP""z*O2""]TiL",Check sum is D
test,"c;\#},aT}jk)JMe157	{ecc@IV]Q_3d~""UfDH^3@l?gaO|bn}",Check sum is $
test,")ouY^T0R;h{i`u	dUV""tl~_>OVTm|!ez,m's5>Jh""vkK",Check sum is S
test,"g`H@(MT`=1,BUyQoiFC:FX""4f ",Check sum is (
test,"7;
~SK|fU  b$_i/<S@F8`OV.jENojbS""wxfCcFx-",Check sum is ?
test,e7$8[VT6n2h,Check sum is [
test,m:Kw0xT&&bToQ'QHmM;PvW.,Check sum is G
test,"UtBg0#sq%4r_,S*S{m4ngcp^3XEJH,k)7",Check sum is *
test,"8<J5Ye9(0F,<AF`{uc~]@8KC&R",Check sum is #
test,"K_b""qS^8OQ_H7}oE,N_G\j'3HAjaOl|@+!93%r&$",Check sum is ;
test,"5V,sSO&_o<c:#s_II4af#RB^te!6]NpW@>mRWjBe_""VSxH/p",Check sum is  
test,"LcSk(-'6g%HH9yzSb,FBue7gaYAJ naW%W${",Check sum is N
test,YX[xR,Check sum is 6
test,"bZ:nr/z7+ZbP?)
",Check sum is ?
test,"rH5r""EF]Pz	Wyzl(|)t.(Nb[C6iavxdYY+@=^>zq5,,",Check sum is 9
test,"0fVO+[
Qxm7%fb`{z.rOLQ$IeeG)@H&w}^|_? A/	W?5#!Sas",Check sum is 6
test,"ZS^3||
SM\(#$+^}nGDJ)AC?D
}^U}+FKvMa",Check sum is [
test,"GwRtc_<~Sw[""AGd>'g[|FpCryB\""BHP!Nm Tl",Check sum is 0
test,*ZEy'IoI@,Check sum is J
test,"P:ZFm)k/}+WY\Be[3C||jyO(H
MUiJ][LPxFb^bhlh|",Check sum is K
test,zc[S~qB:uPLsON&&wEdL,Check sum is /
test,"?'@
",Check sum is P
test,"'GH4!W[%Zxy"" 8YFx7O0~NWlC7Jn[w",Check sum is '
test,"id2{BY9""3F]=l.?MN`c'O(b",Check sum is Z
test,"&Ol_?	cl~u@<H;ty1,lTk	`uIRB?ka",Check sum is $
test,"Q
w@@RZ""X|P>dfl8
|@",Check sum is V
test,J!YiO0).0I,Check sum is \
test,"vZQQ<f>!f/!~Z5
tDPlu-6Gdc,_qWr0Dd.s\0?	
oV(4b<",Check sum is U
test,"w1!U*5
5I#@GOoHNmFmz:gWfEPm[6n;Iq4",Check sum is E
test,yzYWpt+DdAEp*UNZnh$u8lD)y!/.a*g-0i$Q2[v}SzN_k,Check sum is  
test,%rzAq2G-|'Z~MN@XS^$*V258p^A,Check sum is :
test,]oc',Check sum is 6
test,"p $c$g]f<?z
B6(1(P&xQ1{m_&dPkS;",Check sum is G
test,m%khr[A5SBgqyAeD0V#	b~QW|,Check sum is N
test,"r2}-js&%;Q,-Q<CJfV)",Check sum is :
test,"
3Epv%Y9A=`4i(cV+",Check sum is F
test,"ze/k""w!B>q38_'qplVGG8vz.3",Check sum is /
test,"&7%aZ
T%3:ImMS^;dnl~MD2WnmIev[M>JIpJWz,*@bQ+9Gff",Check sum is U
test,"D!D2Pwf@`x }G,cmf3",Check sum is 9
test,E^nd&b6ya%Qqc	@o#gac#WgJb>aT<wC$DC Av>,Check sum is 3
test,"G6b""v[KX-
Bs+cy0S~4gJ2}",Check sum is ]
test,"z?inayGO<JRN])1Fxg,T","Check sum is """
test,uA6[So8J/xN`y0'PMvR)yx};SWWocRR\El1'g}k?8,Check sum is )
test,"$mQAZ""K!",Check sum is +
test,N`rN9swl+*4*6};l)\/q[_F8,Check sum is G
test,"""/h$Q""HhqQ85",Check sum is O
test,"~C?y1<-D""sM5Em4UG!",Check sum is 1
test,"&??8yAAvlFV7<deQ;JPU8VPrjptW|c0""x6f0k\k!,A",Check sum is V
test,"e,79<+?ZD=","Check sum is """
test,x	&\sK(D%ZOuB K$F[<,Check sum is >
test,"0u\0OPVf}%a}V4DJ?l-D+LM}@_y~| ,G6Vk\A%",Check sum is ?
test,":c#Vt&[$@@&	:>+-W68-|2S	oQ+,`IVoIS9QHPGK|",Check sum is [
test,r-e-ZsU,Check sum is 3
test,Gd,Check sum is K
test,m9	2	;'[\L@1,Check sum is  
test,uN0CQv7;,Check sum is O
test,B?Dd;fJs)FBNL05@+1t	qd7L9,Check sum is A
test,"T.tM_0d""Pt(Fbg[IkApC}XE3+XqsC""'|B",Check sum is 4
test,"""m75~M9rwpiJ{n;>HNDa""",Check sum is *
test,"ra=L3[o_hF""wZ/8<J",Check sum is &
test,}]IYc`WK[Uq|1P(pZy`:%N38K$Yhs5NrE,Check sum is _
test,";EgCuHGF),",Check sum is )
test,gb1q%Hhw'Hi*Ux~	2(Wz'm%xlT(j\[(,Check sum is :
test,~)$e\G`fODM1#@7w70f&@SZS>rqx7}'X2 i}[oy,Check sum is U
test,"y\p,.t
 .MMmL(""6-Ze
E(u %u5",Check sum is %
test,`K_F91*},Check sum is A
test,T}.g#}P	#w<:IEA7;P FA;N>vp+6pVLbHM`A7oW	 @ ,Check sum is E
test,"f{QeA*Zj,~-(u3[~K^Y@A6FcVL`=P#,2&*-
KpY#pk-j]nhtk&",Check sum is @
test,n9/R?$ED`\EH(0|^s9.3:^UL@-^5.DA3X*Bo-W4%R*,Check sum is '
test,U^'HJ_].t?/d,Check sum is <
test,"alUogsrV@ [;._y-Ezeq""7a<'b go1""oopm Z9RL#nx6",Check sum is $
test,JF!O8b`T!vOZ,Check sum is .
test,"B	%uvF,U~d^=~8""RAdV{c$",Check sum is &
test,>R;Py2xPw<*$n}3&Ik	?7jI!ID&X&U\n7,Check sum is A
test,-@hg,Check sum is \
test,"O""h#h#G=YL:r",Check sum is <
test,"-'C@AY=0AYXIO8Kc
<]aN~X",Check sum is V
test,"uS0PtSlDk'zLge
""}F_",Check sum is Q
test,"_TDE""Y*8YKJ""2V!\gx}_kFUr2mOfTCIB""s",Check sum is L
test,GwO8E-C'#H;9!6zuFi/k;,Check sum is *
test,"@JQ~HMwE{/{{[p.VdWF""&Q",Check sum is S
test,sXW(~L!Rs]bK7i	IP?,Check sum is %
test,n[4@vOp=sz1:F6]~XV{-X7?`V!w	of0+GT`Him`|G ,Check sum is E
test,"Ce4PHC+T/}uRL%/cJH,z",Check sum is D
test,"8k9u.`K""Dw,
R_5\K",Check sum is *
test,iL^{K~JK:S/Ack`wFjPY}%}`U,Check sum is [
test,E'K?@L=s	C#vn1(1ZyO8q_=H^#I2=,Check sum is W
test,"8,NX;
v!:L6/E?>0iu[eP~FLI1G^27x^R/RrA",Check sum is E
test,")Arkk9d/OZ#57TPt(22bUiF1zYI+.
!;4Z!I**A;( """,Check sum is ^
test,"@kNv""B%Fo lV[yajMD>t9}p""RAim*Ja`tv1sO}B(k|Oy",Check sum is *
test,",=
8h{ v&5sM]! ;d[a,_3ug+mdjVw
URNI~\[7pJig` v",Check sum is Y
test,us~HTZ9%=>|YWN	5y$+px[m&3yIb.UOKqlNO,Check sum is Y
test,"GTFgeSyw.7z	-A:IO;kAVdj~|Jb|Py\`<:[A6Z
}u%O""",Check sum is ^
test,E=/d|x)k]i2.7E .k'c@U7,Check sum is .
test,"33R'M6(Li9K6:p`{_L\?%#H%?%,bF(}mR ',D%FrDAXA?:ik.[",Check sum is =
test,V3 _2TnwA%i-IIb:kQ9COAbPLQ1Fe3hgo[T-T6Xr^G.?baoUfS,Check sum is #
test,5F,Check sum is [
test,J!GGx9qX,Check sum is S
test,fFHL)({A056W:Nfvc)$3,Check sum is &
test,"""KoH.:`]iM'rz{`,AS~x=FE	&A(W~Bx
4",Check sum is 0
test,"8P:</5?D-wzTkPVz N56i5LW8""6Xr",Check sum is 6
test,"X3ouDSDD;F$68~2LhV GUu-Wf}Hy<'p"":cjRIr10C",Check sum is A
test,"Z*.%7ZukW!9S)4C	P"";A:!]>",Check sum is 9
test,"cJdHGwzJC;( +>[CExD=uf*>@)'2(
ca@
=",Check sum is H
test,JB	bxD]u{ima,Check sum is W
test,E'L>%0l	6|QoE	B+C`zLTTS7:pYM;H,Check sum is ;
test,pf<AKW,Check sum is U
test,4zE~.!F5,Check sum is [
test,"w~	\DXV.Y7Ri5cKK]5bW""w4PmHh0U",Check sum is ]
test,^./&`,Check sum is !
test,B4v29xEjeXKuPQik6WQ_1S.9klJI_`pjK_+Ey ^/WchrW9di3(,Check sum is G
test,"AZG->6E1O{,}AwCjZ~tR/{lC_5irKeLQ?$\=i/?\P!9",Check sum is =
test,"J,Wb""XIC\I6Y'zHkW{[.W",Check sum is O
test,"U[XIx:_'Hnr~D
Y^",Check sum is T
test,"r;
Y*`1z1f;fz@=,q!N8N|8SqH{%%F(*v0:
SI=""+CrU0^'q",Check sum is C
test,"+I5H(}$BC>M &wk(@,_xVH#AKyR#t?B,.xyiq
+R{,cK+*k^",Check sum is L
test,)'tl Ye33ED/HjqBR?Q^.)?wlVw	#o9<\k?2yKs,Check sum is 6
test,fgJ'!$,Check sum is #
test,hV8Vq!{7W8wD],Check sum is W
test,"5'O-8]83ur>;	6u11P\""utU	5;*J260_ZB`",Check sum is Z
test,mgN#4c2t,"Check sum is """
test,"XLBND4K-g<ug~a5%G+fWeX,gc%f",Check sum is )
test,"|uvVxxp5ZYc:O?%!yQDDd8[9L"">`{=q`M2GLAI;04n{Zd",Check sum is O
test,~2et<12{'z,Check sum is $
test,!1Cr,Check sum is '
test,gIvAy?9ngi92g(F\,Check sum is R
test,"`bUTx),A\,",Check sum is !
test,BjFUb{`h /o>{Qq DL\UfmrVA\		~	?&-0n+qPfS]'2h?#,Check sum is L
test,"++Qazo6I0YOnzO65'=[""HqWOG^dU<MYjPk4p;O F#VX%N[	qtp",Check sum is @
test,	yUJEbP9@X?H@`EJ^GQf]y [TrsW,Check sum is <
test,N-6vo!F,Check sum is ]
test,"X""X	E	IgYz#",Check sum is /
test,"l""
  ) hpO@PYBxuS%l$\1u#D|Dl\29]1eB",Check sum is Y
test,"*Y74b%K n%%A:an.IEsl%.iYq![$r
9pcAH>x_ro.@~Jx7j2=",Check sum is H
test,mO/uYs)48uv<71V]7nfM,Check sum is ;
test,"
2Ak?hyaYD-%2",Check sum is *
test,v&ILcp$),Check sum is 1
test,$?cf{}6,Check sum is :
test,"HSDV00}1h\DKj8g{wQfwBvD|eR\g
m",Check sum is H
test,"UK.LN3OjN5 L`3>!0Xh@F^Z*-s<*,`AO0='D",Check sum is '
test,"B.(s^qQVB*M|LhvL{%k\~/""[t|uM}(nSb",Check sum is W
test,>7:dIFc{Pd?~@MDwv-ZGdkf\,Check sum is .
test,X#ZK.\n\\]NOCUZJ|Z{Ra,Check sum is *
test,"{:2mA_y~""
Feua
,?	P8!hpkKt6o^I'~sWw, Fhe",Check sum is 2
test,"y""H'~gsYLz8UWRrPsgfv?Dsa",Check sum is &
test,F)aP(,Check sum is (
test,"[*+_@G0"":O",Check sum is Q
test,":Dm]Z5:NQ-=>yZoz~MbCBG""^*fk=VIH*o^;wHFx(r""]i",Check sum is =
test,"R*zC-7ndnX(M8sFfj*;P""$h.{,5a F4sY}j\M",Check sum is O
test,n:(f|{gC,Check sum is 7
test,=e/H/.KXqOT^it8+,Check sum is +
test,"16+9gas-p+;!!@_q(`>aIih<C`
Z=9*3.",Check sum is @
test,g8	VK y1rp$,Check sum is 9
test,!>K!U`fV	,Check sum is %
test,"2T.Y[!MQsNo[gvVtvS9JkIr<	o$E0FX9V\+OS]
?Whl:.`V(",Check sum is %
test,EP),Check sum is ^
test,Nu@vP]F`w,Check sum is #
test,C-fzBQ|g8.?7l^),Check sum is 5
test," .!f]pT27<lw>V} oE2PZIdSZxCHL`f1jf>IE.pEhdg(TuzT{
",Check sum is 5
test,"z,/NUMFeqz",Check sum is ;
test,JB{!<UBDPxqE$9'*,Check sum is K
test,"
IFZ}5owq5TJJn^=x$pt	",Check sum is K
test,vn?kXHX!a?	?<IB75x0T>ghH,Check sum is 3
test,h	8'<e>8p-2PSlUDtC~{2XDGTEx5.o`Doln5 tl?,Check sum is G
test,"Rc%u=e'e?X}jrsbC@K~H""d~OeU 3;""be_gx",Check sum is 8
test,"|l=/EZ,vr6aMl%wV9xiCAgeBp1\Z><tB7jXnrbvVinzXM{/gj",Check sum is T
test,"|g!ks,a2fx=}Nb""Qy.!;8]:j|3.+|",Check sum is <
test,"_k,p7Q>gvE2\6)f!}FLB *@x{M",Check sum is =
test,",0=63di/4Q_Au!RbDM~=k>hdtC(",Check sum is -
test,"[SmdMe)6a6 C,uJF%Id'",Check sum is T
test,>sx=lzs_aPz&f|DwMbXA8UaOtAd!I2&32[,Check sum is L
test,~%(bzIWH5I$ZF_w8JQbBysvfM!s$.~*P{.9T3b!c,Check sum is @
test,gBm,Check sum is 6
test,]ALM/Q-+t],Check sum is @
test,"-}z889,JL$1AiqBReC.""' t_R`d*M) w	Rw`x]{bZAsLOG",Check sum is &
test,"HJ32i g
+)s",Check sum is X
test,L0,Check sum is \
test,Je!8q<	A,Check sum is _
test,",4uls",Check sum is T
test,"8(FQ^D{?(HeKo`xP
)3	{oe>&xN6",Check sum is H
test,Uz!{>}0_Gh]rQ~~3h#w**7[n,Check sum is )
test,"X<)
x7w2",Check sum is ?
test,"PiMWH<_G Ox,LP9A{]	[LNv_@8tOIq\;coKbf'(]",Check sum is X
test,Rs^6 A)+?,Check sum is -
test,x+$A#oY.-E*5_g~R:c||bg-	*wlvY*,Check sum is B
test,0:.(Q,Check sum is 1
test,";hOY#BPuai
cntO;
GE`k2(}oid]!,
d30T",Check sum is ;
test,JgMongZV}*{'wcT	?,Check sum is Q
test,$er{f,Check sum is <
test,O5^YZW%hx,Check sum is Q
test,"76y>\]IwI|wD{^j%6$ht]nJ$KfD&pw*uS}CS{tL
i/Dmlx5^",Check sum is  
test,"Vh&shr\~$U+I{1Vr^h)'_T}8TY(dCw<I""",Check sum is $
test,su\7VEQ-F1'&%4e49kXJ*@trW,Check sum is W
test,e.\`POq-;=P4*m7f#Y|*T.d^)y'|_ANV,Check sum is K
test,"@#j_3Kie_jQ?0'8inOOx]YLgdk'dQt
C*$]",Check sum is -
test,KV$h=@+^ #C),Check sum is B
test,zy_u841 90WIduJZKgtWN @iqh<4'099A&S2I`)Zc\wLCMH_z),Check sum is D
test,oO4~k\g^-,Check sum is I
test,gh4x*;R@Ud,Check sum is K
test,5UXlv90W17UT8=eiX]t(-7\lc@r,Check sum is J
test,"tkJ!35X>ZT;>z""3$T8}(""||fkn`O]J
VP>h	HJA.M_&\=",Check sum is -
test,"%iMs;l+o.93?gQc-C~mJ69d^VA9@5CSK7a>)6U9z$+H
YN%)F",Check sum is 8
test,z][U,Check sum is '
test,"_0R2P8		`uW	9ZWJO,08Nac=s=R':MLEC","Check sum is ,"
test,%!#52S z5@E^]H9l-!,Check sum is M
test,Bp>bp]|m[gcff)5$u:,Check sum is J
test," ;fBH@Nl,3B!^",Check sum is E
test,"bgvqaK,&l]t)YfnpjyKl2&7nQ4</[q=A75""B",Check sum is 2
test,"<3$7u'#jLugFH@7XWd12
d",Check sum is $
test,~m^u`r8~v2*X(_AhNvCXc@$de\8r|h+,Check sum is D
test,(+5q#CRqk]	.O:xi,Check sum is +
test,/>8tQKez<ZGt<g5/~z`4\MbBsNVu?eWuC3sb;4Oy@U7S|,Check sum is >
test,"s""dm'Vp	Afse8)0({3pT*aUqbn
5V",Check sum is \
test,"*HU2^2f*S1ZYhh+
K&P""~	?8=34*ny+RK#r&CS",Check sum is $
test,q<=*1>ye9W]:,Check sum is (
test,ByxU)F\7#/~s9i|r/Ess?b&z6I0)78qW,Check sum is '
test,d+Rp%(|4ksC[G=E`g,Check sum is :
test,6-r_(e,Check sum is !
test,XeX;+gu{Q:U:~w>(*,Check sum is Q
test,"~@R[w,EQn6g3U>Ul=""",Check sum is 5
test,w>[yw=@,Check sum is ]
test,7;\F	H$b4?Bw*X9Kp]OB?-AP4hr[loh<a7_(6RlbjE]dPW5-r,Check sum is  
test,"/V0F_/3l3uyG=`I;cf
7pnslyht^Q{yrT:BC]n$tI(Z",Check sum is C
test,"a{hdAf0.u$ge/Or&jTx.3plLd,0Yh>
",Check sum is P
test,N&DBMah~n.3l])wE~	oTPFu p'e*+Aa?zBNKg$.JA<	`x9[lc,Check sum is +
test,"WI:N[D""N~L!UC*$~Ws7YLP	^,ix _ypPUp	",Check sum is V
test,=G{aUB,Check sum is W
test,"w[$'`S<_4Hs\uH/.[JvaR${c	C5k7
`cn%J",Check sum is M
test,"9Z}|x5onj~""xx;pQqV$v)e][<}exE",Check sum is .
test,",}%	zpvy-",Check sum is =
test,"o)#/PC+T(Nu:%(tQL,@n8Q8X#x uq""TtU8DFKX^dU!`60j+i>@",Check sum is Q
test,"iTj5jW7LCHq4L_)Q9b""$ognc6Joo-$wvT0
}v%epC(P",Check sum is /
test,IkUip$Lvt#X..sMN'HLV$rYN\wG-`Oo08EWzQFK	,Check sum is ]
test,Lk3ZNU&,Check sum is -
test,"]l%9+D_7-!ISj8!S	kx H,TRz.V~GY+}|2A!n~|^X-W_C",Check sum is J
test,"w?""U7#qXBR4'V*Z0GH%00Ci|/)Axv]e`.HyN",Check sum is K
test,rZwHk.x*f>UE]z2_%	F	U<Ss_MQ*1,Check sum is 8
test,`IdmoKLM4tT6i4ZQk9:\k}T'<O6,Check sum is E
test,oB`6N~Q=)?~[(,Check sum is *
test,5`*rIdO1,Check sum is >
test,}7sCPOM>g9/I(B<1LL+?)qb>35Fmd#G=Zk	q2!,Check sum is W
test,*1 6@{crE%,Check sum is K
test,"jQ8[jX0U,SYDfdYCEe(~{IL42\",Check sum is Y
test,".Yx'UFyS|x7F{7O)""lbnqu7mI+#m^f#25<nQkD0H",Check sum is $
test,"X
N0q",Check sum is 1
test,"wtdxb<e.|hRWz!
:Z=%MI*>RCIM
2G`F{{",Check sum is H
test,F}6bKGp,Check sum is =
test,XgHD%<r|!6s#Z8S,Check sum is L
test,7vcgS[,Check sum is E
test,"gA&V;2>72y&,}$G*@4l5YnqZ&x`*'xxDBn
DQQeXofR]>t-",Check sum is _
test,/Tg=[f]7=)&,Check sum is (
test,"be_pJmGwKy>
w3<,qq `",Check sum is +
test,C)[vp)pX0ivZJ,Check sum is 1
test,dq^BT\5?	1[EvvObvapViHGgK@8>~mS_1<u=0y`D1!,Check sum is H
test,36UX8Es_v+>/!Jovt[;JxG02=C}$_IY^HS^F[_uE]XT]W5,Check sum is =
test,"]""6#5SB8(t!""#eCP[",Check sum is O
test,Sw!|L,Check sum is S
test,|TnkZ,Check sum is #
test,76_zD?(sO wD,Check sum is .
test,dtyJLoz}vmL*lzEwiPiP,Check sum is Z
test,D:<,Check sum is Z
test,31EqCJAL1(JEk kw/,Check sum is X
test,"MkhK:t|""(at#2}FLpu$h.a3",Check sum is +
test,">voWdp:d-8>hzO X&P*x#,Sp3G M
QP<y9cR*AH%Bz!:bn",Check sum is 6
test,"P.JfrV#-<+""vpa{
UOcEOp:(P>\:Z=Z+aBT^TV tap
yyz",Check sum is B
test,y6|KCoC1@GI3>3,Check sum is 0
test,@!PlFu91M ,Check sum is O
test,"
7F!+;Jx)}Fc74GfTd""-D5R",Check sum is )
test,"nt5T\25T7mARyX_N_*94s#M""O+l*U!U*p`ajUyu",Check sum is 5
test,!dg6	&0RdPUvP6Z0z_Dy{%AK^v2lN?\:9Ot)B eZ%p	mg_f6z,Check sum is F
test,/UCKgecg2gSyX,Check sum is E
test,c~w|Ze,Check sum is 3
test,tseKR'b=,Check sum is O
test,"1	@@x[XQ2X}]	^S
`Z=WvxfCI|,	AgXNr8LRq",Check sum is $
test,>|ior,Check sum is $
test,'mVSp	c/OTPHX$@w4hR@L,Check sum is P
test,P2{QP`DIA;'>,Check sum is L
test,"*,/&4@H-",Check sum is 4
test,9X't,Check sum is L
test,"	,BR =o1x9rP]&AjWxixq:D7	W?HMj n<Cq[r""\0",Check sum is 4
test,"&UH
-jPmIfCs",Check sum is &
test,"B=f9u;{?I+iygI(]T2.^""llpbsm+Ek!grPj{!f='",Check sum is &
test,|b_:Xuf?gn@kqIl#$~~4AUq|D'ZQ%S@iK,Check sum is +
test,B-.O$,Check sum is 0
test,"7gr[Dv2:0n$=}t&F-aiQ()bemQ3nW4
D +",Check sum is 0
test,u=R%;Y)rX-pzCI-2paG,Check sum is *
test,+w;0TB2+j[+3i319V*5 xL{lP{-V^,Check sum is 5
test,BrCpq%<D,Check sum is ]
test,"0ZF""hh:h^X}:
P(1C/r>U`fNH,5.Xa@8l!-(Pr;i1
Z9",Check sum is M
test,Z~	oN%%KmNMj#@V/CY4z=-bq!iaL??'cW,Check sum is J
test,WFXpiEQV,Check sum is Z
test,"7d~
D~cW!=97~Iy01jB5D_$#JwGZTFKEX",Check sum is ]
test,"
8^(_V
?7]?ag(	0EFQ$z6+huh5.&Rtd9""@f4DN\=Bp{|Y$PV",Check sum is !
test,"6\
""RUJ,1!=\",Check sum is &
test,"Tc	j0	,Zj0.UX3}Th*""HNGX^ q^#]py\+",Check sum is (
test,9$)U:5$U9o&zq;_/)k\}usE7,Check sum is 6
test,"d.^7R]uMq|NAW&1MgFu}yg{k
gzGg[""<#W9%Jk	j%}dLE.P",Check sum is ;
test,QWlnXhgaAhDuE-79#FR,Check sum is )
test,Uq]Fs1MDU#Aok? NHI3Vcz7,"Check sum is ,"
test,"!?]~P!N PU@{XxrerA
4rL R\O{X<[,",Check sum is #
test,"hIeSB0|Hc2|lq(}2#=6nUO%""F63""@2.#eg/h1t>dA9iQ",Check sum is %
test,"""?}:""?SDtS25E!N<oi""~v)i't%AfaV[DTgGr]qw+{FZ}",Check sum is G
test,l=]7* !T,Check sum is \
test,vAjb0Vf`ql>2=,Check sum is 9
test,"V4Dvb|
ly-jG+A_ `o!z$od#'W	",Check sum is E
test,"
%",Check sum is O
test,[%	,Check sum is )
test,"""/lz\6F-k)&u;:R*	E/7uw;S4'xl,evfX<uKN[$/+>`Ta",Check sum is $
test,#SNE	gd(xCK^,Check sum is I
test,"E
xBEKsG:6t3Oth~xd6Y\8e`0-6?j{D5}PfxUBr@/	F|N%_HkX",Check sum is 2
test,"c:9aPMt];u$V`d,u#",Check sum is 7
test,"v\xG[Sv;|-""SO%xqgck=,7iw4IN4""!%@#Tj",Check sum is H
test,f\Z<;i,Check sum is \
test,=M|_E^LAkM+ y6@%k9,Check sum is 0
test,"B >&O49GTtcM,[uSc~)UDEtL-l``qZg50f[_W$5'pJke?]",Check sum is %
test,y(K|w[Z|)uw16i5M%jw.a,"Check sum is ,"
test,"pX/	}(Yj<>%&Nk@	Zk	@iQS@Yr
5$qycOa px#<i-H7y\`3M`#",Check sum is I
test,"jefy8@:b3vj+8>T
biq	5qQ(C
>8IkZT;5\",Check sum is I
test,"[8*|=_M>L[""Jv#0D}U8L3H1IrKd_osZS0j",Check sum is T
test,`Mw5~Q/d[H`#%*URF8Ab	AtXWz=;VMZN8aK/:7TM<7,Check sum is Z
test,98~o([XaJ9<s]U;;MKo,Check sum is [
test,"!)3N3Js3,<",Check sum is 6
test,\YP0St$j[3;D.*@Gr#83l+J,Check sum is 7
test,1@XZX:;joc;<^yJEZ6OpRY$LKk@*]{Lum`#YX!Q$4,Check sum is 7
test,<2_Act,Check sum is E
test,@ydYnj}C)kKqp	/a7:x=RB8=zv]C$MbF0kc,Check sum is ]
test,+2QSi}6(e Ord|8V'dba,Check sum is '
test,"B/Da;B{t<eP9'i^-AX/z_(n
&rx	?B5m9/iDRc!/mUc<nhuI",Check sum is 3
test,tlXS3K'.M1I6)>dxo|F;*}G+Zu&cshJ%0Uh2\e\C,Check sum is $
test,"#Z9[AwY~	}o|E,	{#hY*+'uPK8eEBY`6h}f>shgQWS&",Check sum is U
test,"tr	-[nV
@[O(%Qf_J^Gnk0m?,
y#E?R;v kmvm;h{b$aPFy",Check sum is ^
test,"g,%""oy1Rv@\! e1S8PC3e
E02,z",Check sum is [
test,"Ih7`&7J-,<xwZ",Check sum is -
test,V9&do UH7Vg$d3]pT7yxq^t/b5e9s1ph8+ ?!I,"Check sum is ,"
test,&1/bOy4ag,Check sum is L
test,"r1	ssRt	x|K,/Sc?0A|LWx9>a!Swa0z[H{G;h\%2No<G",Check sum is !
test,E4ZJZwI,Check sum is W
test,"dwmOFT0ByRP;%+aC|Q%+W.&yEo""x'rp'-nSg0-VS
",Check sum is 1
test,"oT~^2jm4KKd73>U)9[8sFgIj kYRK[/nHER<""gmV",Check sum is [
test,s?ewA-C,Check sum is _
test,BCco_8y6@yS-pSM[ssPj'?k`v,Check sum is (
test,"?|	AL&O""]ai=h6$c;t5!sf",Check sum is /
test,"miag
.*Y",Check sum is 9
test,lXtS}{Ayo;R{rU.~A7X~E,Check sum is Z
test,b0ej9|H&D-<p.vsmdRJep'xycy?,Check sum is M
test,"A2ALU!),",Check sum is +
test,2644Vn$,Check sum is X
test,"
8p,G .,*dbL N,xE*u&oNcM##V=e1'<h|s-",Check sum is Z
test,"""jcohIT1`li""N+z",Check sum is >
test,"|&LL`+53E#Lf=;""0:~V@_x",Check sum is V
test,X6k@ue4a We#;Q6j~QC ?@V+A+%q\? h0G0vq,Check sum is X
test,"""Nrcgu+`S!J]<Lku.J9veXIgJ'78~xh4%-1TRTSp5/)=6${+0A",Check sum is P
test,pqcQ,Check sum is 5
test,go5!!6Xv6?=n@f,Check sum is 7
test,kS`N*f#&{8}iZ.,Check sum is F
test,tbQ?gFJM4-[Z<z\/+FW<zg:rQDR_hnA|y(3<+jbBd^',Check sum is =
test,A/cy+IH,Check sum is (
test,gD])(qwW28+~i)N]E,Check sum is M
test,">Q;qWgGfK7HWP,^i""}\Hg",Check sum is T
test,f7j&,Check sum is M
test,G%bw'%	]y)$!GN,Check sum is S
test,o1\}4RwBg5@Rtf{Yux#vj?M&tN0V#Zl'+:Tp0&pMU,Check sum is ?
test,"2YAe[t()!m%@bB4d~3_a$&n^YFw3H,.w`Q6nXN~X",Check sum is Z
test,"O@zgVWU61	FFP*RoSxF7UG&ru/yXyO+l&
kM8qsHG9we>!(6$","Check sum is """
test,"qI)}\62{5l=NX(O!(W)Q\_
,|3|Rh-!5W&te5]zPM","Check sum is ,"
test,zELGr,Check sum is $
test,"-7%^b+i""P N1txB`&4QYLT'",Check sum is '
test,J8;nO,Check sum is Z
test,"Ea+[5I2m8L!8M.7!Q`DA""4z@c78%.d?++s$'",Check sum is ;
test,"o49
DDl_pYXp""9hU=kHB",Check sum is 4
test,"i&]N<=`<3;y.	tQY
0[w:FB:Vhjy~%H&{ITo9",Check sum is %
test,cz&-%?Lt,Check sum is 4
test,"J<7;RIBJ w-{8cJm	Er
Xg
U%=I&l &`9v3x",Check sum is 5
test,)bL+qTaMRjZa#_(.i<!8sc/HO|23,Check sum is _
test,"KsE5!?
r1TxAqp~6[-CvJQ}DwD+^XGZo8p
CK",Check sum is P
test,"p2
G2g(gY^( u/u	kFbl",Check sum is [
test,S2P,Check sum is 5
test,"{T~*:9_)!Qac""AyR?t/",Check sum is X
test,"@G+- M5j+&k,)",Check sum is \
test,"$i}.-zm bLxqU({Pc:n`gap""eB",Check sum is W
test,'zKX>sr^5PbXN*Q*W4|7kE[U{MRgMUBCF'B,Check sum is L
test,"X6C]Np=&s:,'LU_Xn}$]yvGlo^0B:J_%'4kga",Check sum is *
test,{Qd,Check sum is P
test,"xS~Zbu^b'2KB.\@+6^dQ ,^}UK(pPws97nzsYJ	]#jR5XS^mPQ",Check sum is V
test,"tx:8+JQ7
(64AE)~h2sb [owJs+""}BQQ+HoMiGX\f^a$^_it",Check sum is 5
test,/DGpr|A|qsVjP,Check sum is )
test,"Qi~d]DWF[M	T:JRN'$Fcw~!0Sc6[B""FmHD@(zhI~kH",Check sum is K
test,UP&{[mK*f+pVMO*tB{O2W^mo+31jVEzE%>v;aJHcl0S\td,Check sum is #
test,"|bY~2o6.a<bdx,]/?iL
8S(jX	4@ERwl&w/Y""B(0>y$U"",",Check sum is 6
test,"3+_IC-  W	:J%- @tGz(Kt%E]""mj
0s)w>>RgMC(4; GJd",Check sum is F
test,g54>JQs'KL(.=+dI6jA,Check sum is F
test,"N=FJ	JKG+0k6~mI|-xbJ	:^PmzH Q,8Vq'UW%3a;gSC",Check sum is ]
test,"U	BjTn^u\?:,@'k",Check sum is R
test,"D~T:'c?""hmC#B$M<&,q",Check sum is H
test,%8q9{('=sQh2NPZq>Z~Elv,Check sum is 2
test,"srnGK F>o""=}",Check sum is 4
test,`@^[@6iH,Check sum is  
test,"?Vj=zd4u!&_$;>TtK3:uX0Q
s%d'[H5*:JO(t#	""k_!=_#Wk-",Check sum is 9
test,"t)>k0,""`|M=Xaf<LT$ROzo%k5GXTDLUKL\Q*hL2QW5q^",Check sum is P
test,"1&Gp(4=NelIg6,~""SV:L
s|^RGA{t<:>T>K`#^",Check sum is Y
test,Zu0FmGRYj#,Check sum is Q
test,"p>3
@pg","Check sum is """
test,OEpf%8H59&3R{y%V:k`zMY4AdFoX=n   ,Check sum is M
test,"1(p`69E#nuw.WwtSY\X)'|z+	T!+[4'e7(hQ[YO>,&QdQ8il",Check sum is =
test,"

s qMKxRSS3B`$e9/n_*PDPd,';nPQVs]ySAc19PvJ(",Check sum is Z
test,"##	)GfWTlutxy}%ib""{?4;{	",Check sum is 2
test,"He+uR7Fv@Gt?^,EizcU
OTM`Ek[7x3~`",Check sum is ;
test,"2/)gI_I""7XB+Ye)<dJU1<sd4""G@-S",Check sum is '
test,tn$Ae*S|,Check sum is E
test,"6eGK_?R}gaI*l-UU#ERtt6BdOd@z
5e49+ F<G",Check sum is H
test,"""rR'|b""K+U]br2",Check sum is [
test,"xQ
#_7	kN\VMOG~(	.rRR7",Check sum is -
test,_FMAA3F,Check sum is M
test,3Q	eZ]@ppEPtLNNW]#xApp5u|(gPT+LF{9&)m$chUsS6oP;kf,Check sum is [
test,"dpdN_<9SV>xa?n}b[Xw9g3mwX7:LPGm)7{0A#$""L-{s2hNN*j",Check sum is &
test,"ZQJwPPi`h_$)*GC27(UkYTRQKK
ZH",Check sum is  
test,"XGC<+;[kKC!HG-^#!z&IGb'zmp/,[aC}Iwq	n(y+qd_5nJ@",Check sum is 3
test,]t3sKkPTW*8Y=C[+r5VQvhHklriO9({0x]*-FtO'?&@,Check sum is K
test,3 WydGBNrK'o1j{B$_/Fz#X`Oc	,Check sum is 1
test,"zEATd#t>{Q;9{i,.YZ1,D8jq3!9Wk\w1|2]hx<z21[>D3/D8Pf",Check sum is Z
test,{7[;KWw.F`L ,Check sum is A
test,"""J<+|F]f|nC*o7-\H0 p""i}oA'5'1^PROq~soQmr1R,U+mb`[^",Check sum is Y
test,EH<N6q3}6{uS(@_,Check sum is N
test,>>woZ0@Hvw/lYded(Xxk}Tf*uD:`EeswsWb`I=V+d,Check sum is D
test,S/$Up	4iR7`o	wzZdU.^F7'An%@*,Check sum is D
test,":)jNkp O3Jr}xg>qr(f\Ek#CXtn!,;u",Check sum is (
test,I'l2yY?INI5&5{&jO-#XKmPwFaP#&cNs*:(,Check sum is  
test,"1c ""CF>2]OHrp	5roQZsI",Check sum is K
test,nJMo/.,Check sum is 1
test,"Sf(Wfdt4r+$-k}
K!~1r5MX",Check sum is Q
test,N9>n7O#/^gs8(!:|,Check sum is Z
test,"I7Dybi4;2]fes""&""v@C<'mR4uiO~$MWr@^`}ZLuSkq",Check sum is G
test,"Y:Vjf\?[ovlU<U%3Gep$RjAqOfBdk_fE,MH%^[OH<l{G\Cn",Check sum is I
test, ]mpO?5?;,Check sum is 7
test,"{ik4]nKi:}8<V|$sP$Jqn1,dkoxK5BiC
",Check sum is ^
test,"~ms`qd^+e^.O0Q9""A\;dkYG#N\d|#&OLUeC*!yq>7u-X0kcL",Check sum is [
test,"O!,mlsWKS;}r|hmF93wvogls78""
9rZH4",Check sum is (
test,"'{6l_wR@ ?&a_""aaKz~P7Ch[?-Or",Check sum is 2
test,7p;M67>iN/B$,Check sum is F
test,"8r2QV?&i&{kP'q8ni/P><DY uEB+;i
z\ai$s
|z!!&*'O",Check sum is >
test,",:j?y?PS0j'H+YCh!cy7JP=>Y%o;x2b8FrrjkD]mC;_>W$",Check sum is Z
test,Iu|Jq,Check sum is U
test,"fY}PH1#~X$rG4;""Wo2 yN",Check sum is +
test,yTD.aZ5]P(O] #P@0g\ympH,Check sum is 4
test,j)5shpL#f;Nyc}@QlC<,Check sum is &
test,"{]Knx,l-G#Lb",Check sum is F
test,>9mx4lJ=\?OYq~?id_qdeMxOV5*GQj0,Check sum is 5
test,0S#d fcjG=XvI,Check sum is X
test,"N1}<lz,,:ewGI.,[e",Check sum is V
test,;SXTu'^F:F5Mre_lU41UsW~_1mpzI1Xw\O^`hujHa:e$H,Check sum is )
test,HgxP{C?fqv.D,Check sum is S
test,-{cayux,Check sum is 2
test,>*v%.se9v@V|EhN?2kq[g4<eR5d%#I/+X|:NG9(fAV6i;,Check sum is :
test,"P8})ZtLD()1#IO#z7AF ?+i)""IcGHjaJ_PO@Sb3!Dip+cC+?&h",Check sum is ?
test,	<iE~:u~\0%P-~TOVQmJO:] +yC6{~^}=WAcLg(fQ[;k2N`t,Check sum is A
test,"F>p6.].4UU&Rr[a-'96cS%""
1mQn:a	)@Bjtg^mm#vuZ'e",Check sum is .
test,tvvh1I@t7MP8s~LZks<BfMd42yEi)84^,"Check sum is ,"
test,E+u~VmcuAvE,Check sum is Z
test,2=7$dsBl|yRN|mT$j>tCQe/2,Check sum is [
test,?'eU>E>S?O0-Ko3]d4[5`,Check sum is Q
test,"D	)cF=pUji%kC
j:1@6",Check sum is <
test,"%NOW27	-K5ZX""bL""R_(45Rd'$2k4Z3F7[9.q",Check sum is M
test,"H@%5F&=:R-,;&gD""d}\+Dx!;v",Check sum is 4
test,OI@P*,Check sum is 2
test,U|%ff#Cm}>n%JLnDr#I{)Fu'0HE2*iYx!agy,Check sum is $
test,hwb:.ia+:3.p,Check sum is I
test,"[KL;Y""rIxs04H>!WvUB,>bKS?}n;CwtRwT:",Check sum is 1
test,"At,S",Check sum is T
test,lB|OVm(tM1278zPk%?b80}J,Check sum is A
test,")ao@0_=}gn9/[k07m^Td=*R:J.3
hQ-/+3?B z5*o]wk<v[aE",Check sum is E
test,"hQ>j)D*
%yZ
Hd2w5+A~L85eO",Check sum is E
test,"j3&2:I;l""R`=u~VkC#;mMNhs0#M(w.g8B]Y\bSxi'{\|R",Check sum is J
test,"?gzc d/}JS==YvT?9s[^/H`QVl_	&K&,[	Wpyh@A/ 5U| <(Tm",Check sum is -
test,pCCMU1p.ntfjW9XkF9eU nf31*mID,Check sum is A
test,"$2"";~6]>QMFiYSc  `m|~(Xah?Xy$",Check sum is B
test,31n6mv&9L|	,Check sum is ;
test,/;\Usq,Check sum is _
test,"iSX-""sr>;'JdFc:*J|-'lP(z~yW,%i}KeOB",Check sum is A
test,"xmb""AaNz`b'f~CE[@HE5Q^d77-yp_Z_""xtIoi{M0O.",Check sum is 8
test,"ma LX;b I9w}M(up4uPr"""";S:B*\:paYO-U&	@&@e&",Check sum is S
test,1$9o{FsH,Check sum is Y
test,"x`24z2Bs4:&1
	FIH6&tq
<keV*4tnw#8v}N[-",Check sum is 6
test,WOARQ`4,Check sum is >
test,"kv]^5;|GC>~(6F~
#%w;l}jw",Check sum is ^
test,$WT	kc`7ey'07wm<K6uqiW]JY;y!G6\;vZT)[ P7ZyrWR&3e,Check sum is 4
test,"	FfoY2_{z9R'Qt3\gqm!
fu~/aS f~+o7di`EfwgU=n",Check sum is  
test,"LF9],X4}",Check sum is =
test,bre{y|OHE40J7}BK;N,Check sum is ]
test,w_^MD\KNL)OK+*@'M'F,Check sum is _
test,"Ahv7ndqwztf|n=#>bdTDP^i({~S""#9(w0	N8X",Check sum is )
test,")^?XYN/P'T*e	1!=^o.+CW5=ipCq-5E;=C_>Cra<
m\",Check sum is )
test,"g	H9DyD-r26HY,A>}W^5ZL-",Check sum is _
test,"NW&@yiyOCr#F
eb_D?N>5{","Check sum is """
test,Y]cDD0_36.bxOjL<uA2_n`E|sx!-g *5T P_:Y`r*]B,Check sum is H
test,f{OI:D$Pxh${K2b)OC'>k~R@E8!=rIlVh4E2l}sVcO?bjJ,Check sum is (
test,"
hM{HB9!o>/e9^hD2U<w`^s1'expTO>?z+3N",Check sum is X
test,CSl\Q+/rqyX!X5)?-,Check sum is  
test,"&W-l-GdAR[
Zq0^xA\IJzt+""|H/&I}",Check sum is !
test,MEr:*dTY=[8Y.Fe,Check sum is [
test,Hd^}R@xi19D$drL_ '(I%o}O-m,Check sum is _
test,4}h+#!M|+9c!,Check sum is Y
test,"CL,Fk>A^vC>sx#xv^oZ+,&TrN5R]d^b-Z{R38`PA",Check sum is L
test,"^_O""ptSu(5Q*t"";El:GK#i \2$ jnC& SLh*h[a}R
e[|4?",Check sum is \
test,"R6c""./WuuXplf;vb#,Aq",Check sum is 9
test,"44oY:0^dI2:zWy<s_O1p
'e T(OR`=ZO ykg",Check sum is =
test,q!H#8/gg,Check sum is R
test,",]vQk[V",Check sum is L
test,",`jGs&Y=i=tTLBvGU9I9Xl@_f+#vWJ)GO""uU",Check sum is .
test,"!xFCDVi!&GgLODD)d)5k7t}l
N9F=())
/w",Check sum is E
test,"RqSL:R|#a`_{cqrQMCX>v,X-535x89`DwecqjpFE""ZjE",Check sum is V
test,P5 >]]\Q*D6^k d=V#sp#ID%Po+IGoO`==m'QRVp;'y,Check sum is 3
test,"-s,1(>Q",Check sum is T
test,"3(r;bUG)8?8}Q2	bq
xe\ 0Zng#}vr/FaX{MY.+",Check sum is L
test,"Ym
ccZt6Xv}q*{uh%8E<;ESx.
0>=C9",Check sum is @
test,"u9^T`r|p%D\8jluX'p~*{9:cPXGBc@?AQU^~mO,wF\w{",Check sum is 7
test,Z04#|P,Check sum is M
test,"""v:8xda}_d9fEQqYj0:p>F/5WJWZU.0f{.<
y*t2,6ky",Check sum is ;
test,5r- Ckz\%M5`5FoL|>HhdAUe,Check sum is ^
test,J3o.?s(,Check sum is T
test,"Ngp%~2qhfU_@P](7q[2U$.j-X(^8r57l>tH""r>#O<_",Check sum is N
test,(r1e,Check sum is P
test,"i^7)=Lo-vXtb&}B~Ej`z
rGy,C*F$",Check sum is ;
test,"/(iJ*WM)(E
hd55K",Check sum is Y
test,"bVH]LU$_*p[;Hyp)[YM=z<""WHdRzY+-oGa)2[",Check sum is N
test,"zz]-&%d
!""O> 6nNBN5afR",Check sum is W
test,":*T+[\Q{:""0<9o^DUXom%YD.
iR^56G5ygr",Check sum is -
test,"VQ~f,MwXZ<8#L*vGP|",Check sum is #
test,!<(,Check sum is %
test,"K!*=xp!z$VG[78a7)k-WoOuvfx;AG*w,-`BJ4G",Check sum is \
test,3`f574II X+,Check sum is .
test,"
mZh~HFjzQ[%t6yd\DTqY+Y%@6<H",Check sum is B
test,"
gvJ&;",Check sum is 2
test,1wq+o*qA6oX9#5%:/3W^p^(oI{5&S3srAb!ExN!54n'-&,Check sum is #
test,"WH$;pM[PIzNA~xn{SG
1i\pJxi*",Check sum is V
test, @W5,Check sum is L
test,$fi4lCrJHZWDExX f@ft<Xfan11[A,Check sum is +
test,"	hcVR'E+ X'>%B7EP<-#""W}6l",Check sum is '
test,"Ey[$:[m
'zo#g<0imoII{[[b&K.4*`_74f$mZnO-X0d}""_{Yi$",Check sum is F
test,"et;,Ws",Check sum is *
test,"
4sB~$thRW]Cnt,;2""|,IoHY8]IZ0m_	:",Check sum is /
test,"|a#0b2WFnI&~!)
(Xyq:/g	$gQ|NAj^;Fe,Q#(W.
5*}N""E!)%",Check sum is _
test,"Ba
^-f1Z+g""=NF;",Check sum is I
test,2ZuCu'H`+iH`cu?],Check sum is X
test,"@%>L-VTd[5-o2AUif4"".9qi#:	2e-Uf{~^t	bw",Check sum is 6
test,"7@$
OvB.e-	-2(k(dklX]yd/ubGCg%""a",Check sum is [
test,"^""%|Vqod>9o6",Check sum is 7
test,"	)K!siW""}WQ&dy{cgc[]s=",Check sum is K
test,awVa;.B%|eF!O2,Check sum is H
test,^qqr3>N5y:lH,Check sum is -
test,"}`?\a(qNJA_W~(#Q^ eJ/,;qv]}LnmW)~>U",Check sum is 7
test,"L35oEg 9Y_I]
zrwF/A	LKdS]:q|Q2'?h5PhsA~yw5E5^a`N,F",Check sum is R
test,"IRdCS,#5AsP(Znj3]W(QCas{L
%kl
5H}M","Check sum is ,"
test,	rW>hzF%r#o?FqyxF6~k.9p;_V)%L@[07b,Check sum is R
test,>{G'mahH'/	],Check sum is A
test,)	1OklpDe}1n4M,Check sum is _
test,gSL_HKYwTu$>2p4,Check sum is )
test,xt_+nW/jV>%ym(`OmHmj,Check sum is 6
test,{ u(Q$lp7[FvTRHN&  -4w~#<9|(W3I	QXs{w6,Check sum is K
test,"741;8XpLyf7sjx:Wv""oN>]M",Check sum is <
test,"V0XQJBB:/SsDu""E
|8@,t*:'o..\AT@]",Check sum is .
test,"EiZ\HLD@$\S2H@b&ugP:};Q-Yy`b2$""OB",Check sum is *
test,")fR=
i_.Ar@gbp",Check sum is *
test,"qQ8Wh$7x`^&6s,k_~I;4[E@^Z""qoQ}_.0((7\k-F&
MOO$T*9e",Check sum is &
