set,input1,output1
train,,Check sum is  
train,	,Check sum is )
train,"
",Check sum is *
train,"B
","Check sum is ,"
train,"

",Check sum is 4
train,"

















































",Check sum is T
train,                                                  ,Check sum is  
train,ssssssssssssssssssssssssssssssssssssssssssssssssss,Check sum is V
train,"CD
CD
CD
CD
CD
CD
CD
CD
CD
CD
CD
CD
CD
CD
CD
CD
CD",Check sum is 7
train,"x
y x
y x
y x
y x
y x
y x
y x
y x
y x
y x
y x
y x
",Check sum is &
train," 
 
 
 
 
 
 
 
 
 
 
 
 
 
 
 
 
 
 
 
 
 
 
 
 
",Check sum is :
train, ,Check sum is @
train,!,Check sum is A
train,"""",Check sum is B
train,#,Check sum is C
train,$,Check sum is D
train,%,Check sum is E
train,&,Check sum is F
train,',Check sum is G
train,(,Check sum is H
train,),Check sum is I
train,*,Check sum is J
train,+,Check sum is K
train,",",Check sum is L
train,-,Check sum is M
train,.,Check sum is N
train,/,Check sum is O
train,0,Check sum is P
train,1,Check sum is Q
train,2,Check sum is R
train,3,Check sum is S
train,4,Check sum is T
train,5,Check sum is U
train,6,Check sum is V
train,7,Check sum is W
train,8,Check sum is X
train,9,Check sum is Y
train,:,Check sum is Z
train,;,Check sum is [
train,<,Check sum is \
train,=,Check sum is ]
train,>,Check sum is ^
train,?,Check sum is _
train,@,Check sum is  
train,A,Check sum is !
train,B,"Check sum is """
train,C,Check sum is #
train,D,Check sum is $
train,E,Check sum is %
train,F,Check sum is &
train,G,Check sum is '
train,H,Check sum is (
train,I,Check sum is )
train,J,Check sum is *
train,K,Check sum is +
train,L,"Check sum is ,"
train,M,Check sum is -
train,N,Check sum is .
train,O,Check sum is /
train,P,Check sum is 0
train,Q,Check sum is 1
train,R,Check sum is 2
train,S,Check sum is 3
train,T,Check sum is 4
train,U,Check sum is 5
train,V,Check sum is 6
train,W,Check sum is 7
train,X,Check sum is 8
train,Y,Check sum is 9
train,Z,Check sum is :
train,[,Check sum is ;
train,\,Check sum is <
train,],Check sum is =
train,^,Check sum is >
train,_,Check sum is ?
train,`,Check sum is @
train,a,Check sum is A
train,b,Check sum is B
train,c,Check sum is C
train,d,Check sum is D
train,e,Check sum is E
train,f,Check sum is F
train,g,Check sum is G
train,h,Check sum is H
train,i,Check sum is I
train,j,Check sum is J
train,k,Check sum is K
train,l,Check sum is L
train,m,Check sum is M
train,n,Check sum is N
train,o,Check sum is O
train,p,Check sum is P
train,q,Check sum is Q
train,r,Check sum is R
train,s,Check sum is S
train,t,Check sum is T
train,u,Check sum is U
train,v,Check sum is V
train,w,Check sum is W
train,x,Check sum is X
train,y,Check sum is Y
train,z,Check sum is Z
train,{,Check sum is [
train,|,Check sum is \
train,},Check sum is ]
train,~,Check sum is ^
train,kf,Check sum is 1
train,e6,Check sum is ;
train,|t,Check sum is P
train,v%,Check sum is ;
train,~:,Check sum is X
train,eO,Check sum is T
train,Lz,Check sum is &
train,O&,Check sum is U
train,F},Check sum is #
train,", ","Check sum is ,"
train,)\,Check sum is %
train,>;,Check sum is Y
train,q`,Check sum is 1
train,vV,"Check sum is ,"
train,":""",Check sum is <
train,s-,Check sum is @
train,Ce,Check sum is H
train,Qa,Check sum is R
train,Y3,"Check sum is ,"
train,*w,Check sum is A
train,?|,Check sum is [
train,p},Check sum is M
train,xb,Check sum is :
train,ob,Check sum is 1
train,3&,Check sum is 9
train,^w,Check sum is 5
train,T+,Check sum is _
train,]i,Check sum is &
train,J(,Check sum is R
train,CR,Check sum is 5
train,Tl,Check sum is  
train,#h,Check sum is +
train,oZ,Check sum is )
train,Qi,Check sum is Z
train,)e,Check sum is .
train,Gp,Check sum is W
train,YC,Check sum is <
train,iG,Check sum is P
train,L^,Check sum is J
train,t~,Check sum is R
train,lP,Check sum is \
train,L ,Check sum is L
train,"X""",Check sum is Z
train,v-,Check sum is C
train,4o,Check sum is C
train,'y,Check sum is @
train,MO,Check sum is <
train,@e,Check sum is E
train,{t,Check sum is O
train,sq,Check sum is D
train,Uu,Check sum is *
train,"
k",Check sum is U
train,Em,Check sum is R
train,A&,Check sum is G
train,.!,Check sum is /
train,K= ,Check sum is H
train,;h2,Check sum is 5
train,5BN,Check sum is %
train,RJr,Check sum is .
train,Sx1,Check sum is \
train,~w{,Check sum is P
train,>&7,Check sum is ;
train,{	<,Check sum is  
train,~/G,Check sum is T
train,4o],Check sum is  
train,r@x,Check sum is J
train,D7Y,Check sum is 4
train,bi8,Check sum is #
train,SPF,Check sum is I
train,?^N,Check sum is K
train,$5P,Check sum is I
train,uhQ,Check sum is N
train,cq;,Check sum is /
train,\G?,Check sum is B
train,]{h,Check sum is  
train,2F1,Check sum is I
train,0Y',Check sum is P
train,mRY,Check sum is 8
train,"8""u",Check sum is /
train,'!K,Check sum is 3
train,?#o,Check sum is 1
train,2Lv,Check sum is T
train,Md1,Check sum is B
train,"]-,",Check sum is V
train,]+e,Check sum is M
train,=4E,Check sum is V
train,]lT,Check sum is =
train,i`e,Check sum is N
train,&>>,Check sum is B
train,7O],Check sum is C
train,|F ,Check sum is B
train,.os,Check sum is 0
train,U3~,Check sum is &
train,:{#,Check sum is 8
train,6Tv,Check sum is  
train,5XB,Check sum is /
train,"j
E",Check sum is Y
train,83<,Check sum is G
train,y]4,Check sum is *
train,Q)5,Check sum is O
train,;{h,Check sum is >
train,"f0
",Check sum is @
train,N![,Check sum is *
train,&R;,Check sum is S
train,[21,Check sum is ^
train,lo#FsF_Y%E,Check sum is ?
train,"xMns}wEvw9* h{!
dMZ",Check sum is H
train,"8>v
kH0%$4f4z:g",Check sum is +
train,;2I,Check sum is V
train, ioK;P%(~zf96IL4)eX2)V(;g*oSTw\so^ HO,Check sum is <
train,*<$,Check sum is *
train,vt{v@h>|to`]VCYUv,Check sum is :
train,^BE,Check sum is E
train,"R.L""ut^1zp",Check sum is 0
train,3!	T,Check sum is Q
train,`}qrV|aXe#piy0HDwpb3m4ERtQ83 'iYMk)Z4xQ)akpFOFto,Check sum is I
train,s[c9x@/z,Check sum is +
train,er!R _v_yi6BYMor./{$JP,Check sum is 5
train,(FeEy@L,Check sum is =
train,">\	)ysX""1tIsrj:>",Check sum is G
train,c*f!,Check sum is 4
train,"_KEal3b8jD+)/r5@I)\Ax-e""0","Check sum is ,"
train,"
.~!!",Check sum is X
train,X:MkrRm!^[,Check sum is 5
train,"Cyd)Vpee-I~m5o`*-@w=Ym(	""Amn!ab",Check sum is B
train,"C,?Ao9'lVev0S@`O?,>G&S/\ls3hvhw379:W",Check sum is $
train,^W,Check sum is U
train,r18m3\m0di*}},Check sum is E
train,"s!tfyXF19;
4[",Check sum is #
train,IOKdo),Check sum is ?
train,@fo4,Check sum is )
train,"ShLu:wR\7{@9K(qWW
Fct",Check sum is _
train,sr6C.nG@g-c,Check sum is X
train,4^}=Nr>.N^kP,Check sum is ?
train,hyM>8Vxw,Check sum is I
train,7l:]M	Cj[W}Vg0:0j2d:Gk!	hN>Qf:c6Z'EE[hyrzD,Check sum is .
train,"1iw0<j 3Hq)][I"".:g~","Check sum is ,"
train,";0
\8&x7",Check sum is >
train,((7hbNfkIQI$!1kUTta)L'pKm3A{91<:zpoW[>ivD|^3Cy,Check sum is Z
train,W'd7V^q_So`js$8E9,Check sum is V
train,"=N#${x38N3mReMJ8kQ;y eyP=z20TgB
U=OS4h;Qe:qt",Check sum is B
train,^'Km1y),Check sum is 0
train,"Eq<ZX.
qE~ST\2hAG v\-wP]SZ;^[AB<*1;L?zoC",Check sum is E
train,]_-H$Wq#/f,Check sum is 5
train,"K0O]XSvfXdWV$'{au:e0L@)Vri o8Fs{$'#WfBB(hdl""lA-A",Check sum is O
train,"xcugc;6pXJl[A
LO'x6Pfwn35?wS]CUvDEfj.R""v;@tS C{",Check sum is G
train,e$;c>G`)y$ihS(28B<i#M,Check sum is ?
train,"(
DE{d'BA",Check sum is $
train,"VT!C[0Mtb^8j]F<,!",Check sum is H
train,"+Zs^7Xk`aVqJiA!B-&HIs3&j""];6L9|Eh.'A;csW;&=L!;",Check sum is K
train,"pvbOvp/'e/{5Ln})""	HS2=1@pSo~
ig[pZ$nIJd+l$7^ j",Check sum is O
train,qFvU`@t,Check sum is 6
train,;{Ahr0nP*k*pi=3'8l42J:=,Check sum is Y
train,"p6[A^vUon`INr..3NBCyyww4V2W#x<ED! f
DsRg",Check sum is '
train,"Wq2sn3c@5x""cX;#uIAT5.02g2""6mw!U!)Kb WWRk>nQ>hF)",Check sum is 0
train,":4TH""!]nVnl.}Xj(TI9
/Xwqe1#_?&Qx|""",Check sum is 0
train,Tb/yCWCk_$Vo	{kBa}:F+ 0LbrQ&$=^vxX|YiY#.<qw9=zV,Check sum is F
train,aV?iTGmULW,Check sum is ?
train,"J1g=L+o(6N@c:M,Z0)e%rVa",Check sum is M
train,:/[? R6<WoS8__$^'}zIHeE^^$i%x)eoLL	pr6pULQ_=M6,Check sum is N
train,"r0/W3HA5]#""@&",Check sum is A
train,"cdsz,E8UcA8%4tbQ6!g;(`+X(<})9zWsYj",Check sum is <
train,"Lv]<q/qC
9@wEE
dfB?M#B$<&#]c?}Ob>g^",Check sum is 3
train,1luJDWZrZsme<Aej&.v{C=N+C[!J,Check sum is U
train,"KjGD@Xupx 3.q&@RzcEXwK4	y.""`2
-hFw2K	%h& iLOVvXL",Check sum is <
train,"Z
L)xzk{X4~Gdb|",Check sum is $
train,M1<Ve*T2>,Check sum is C
train,"L8RIK`hz*c5$]\r|AkK#M15#`ti$""_n;'\0m5Ub?{^YA#x,",Check sum is Y
train,h	.F0,Check sum is 5
train,voNcRXhY{/m3UcUnx,Check sum is ^
train,"WZy}~16Y'kN7W\@X
M2n1L~L%1ECydT'k*yRx1>)47K%x",Check sum is ^
train,?>+~kJ.[%% sB9&14j'Vyq=844B&t,Check sum is 1
train,Ie~Sbi~NuJc'Dr(Ewi88G!~hH~@~r*y@`R|dOXAMU:,Check sum is /
train,"D>oS4^hC4,D_57tn@>56",Check sum is [
train,@hdOy6-TeIT(F~?o<yealY-&,Check sum is Z
train,y4],Check sum is *
train,I2/NSS.6^XMh9XP!FbC`z_$UE^9rXX,Check sum is *
train,{CY,Check sum is 7
train,"
692em{U*/`y`/y%/<!G>",Check sum is ]
train,TQ>*u#Kk`+yoT,Check sum is B
train,kZK7BQF:aWr29_b%SriIgNp\&Y~,Check sum is *
train,cl>7<Pj/E--Ep;>>ZxB,Check sum is (
train,"+FS`@_@+,[s66@sT}?Rd!""R1xrd.L7yuFc0<",Check sum is 5
train,%^boW<^	g3~H*CNd.]b	@!V7AI:\$-#G{_z6Nz`uUUQHz,Check sum is P
train,"/KHD^SxFf[RSUDng~=:
gS]!zf:}64""dLH4-49gQ|}i"" 3{",Check sum is S
train,yc;|Rdp%j),Check sum is Q
train,u1y8-,Check sum is $
train,"Hj""6$o*D>=+bFw",Check sum is 0
train,"
odv5FbC Dl3",Check sum is V
train,|f36dw]ZuOd,Check sum is %
train,)J&]c4u+ p|KNU.:-VkZ'>CYj-K#o[,Check sum is G
train,4}3>Dm%){,Check sum is <
train,VsYx?,Check sum is 9
train,%0#^#~u,Check sum is L
test,]w,Check sum is 4
test,Ap,Check sum is Q
test,m^,Check sum is +
test,b<,Check sum is >
test,OF,Check sum is 5
test,O{,Check sum is *
test,V',Check sum is ]
test,-?,Check sum is L
test,"""l",Check sum is .
test,YR,Check sum is K
test,:],Check sum is 7
test,I$,Check sum is M
test,cV,Check sum is Y
test,ef,Check sum is +
test,R$,Check sum is V
test,cF,Check sum is I
test,1K,Check sum is \
test,H+,Check sum is S
test,gk,Check sum is 2
test,*],Check sum is '
test,",=",Check sum is I
test,-s,Check sum is @
test,r-,Check sum is ?
test,rs,Check sum is E
test,&%,Check sum is +
test,%w,Check sum is <
test,_9,Check sum is 8
test,OA,Check sum is 0
test,;x,Check sum is S
test,d#,Check sum is '
test,aE,Check sum is F
test,4k,Check sum is ?
test,[&,Check sum is !
test,3s,Check sum is F
test,Gk,Check sum is R
test,;Q,"Check sum is ,"
test,5t,Check sum is I
test,~X,Check sum is 6
test,[g,"Check sum is """
test,Wv,Check sum is -
test,*m,Check sum is 7
test,V#,Check sum is Y
test,'.,Check sum is 5
test,9x,Check sum is Q
test,OS,Check sum is B
test,>1,Check sum is O
test,wA,Check sum is X
test,GY,Check sum is @
test,<H,Check sum is $
test,A^,Check sum is ?
test,U|,Check sum is 1
test,f[,Check sum is !
test,\G,Check sum is C
test,sy,Check sum is L
test,gi,Check sum is 0
test,j*,Check sum is 4
test,BX,Check sum is :
test,Wc,Check sum is Z
test,"c
",Check sum is M
test,g[,"Check sum is """
test,1Z,Check sum is +
test,( ,Check sum is (
test,&1,Check sum is 7
test,_w,Check sum is 6
test,vG,Check sum is ]
test,kw,Check sum is B
test,<O,Check sum is +
test,r(,Check sum is :
test,6?,Check sum is U
test,Vt,Check sum is *
test,g>,Check sum is E
test,F%,Check sum is K
test,7=,Check sum is T
test,[e,Check sum is  
test,"
O",Check sum is 9
test,iu,Check sum is >
test, 8,Check sum is 8
test,>y,Check sum is W
test,LR,Check sum is >
test,jS,Check sum is ]
test,C?,"Check sum is """
test,u8,Check sum is M
test,I.,Check sum is W
test,aN,Check sum is O
test,PQ,Check sum is A
test,n&,Check sum is 4
test,PO,Check sum is ?
test,xr,Check sum is J
test,M8,Check sum is %
test,)t,Check sum is =
test,}2,Check sum is O
test,vq,Check sum is G
test,tZ,Check sum is .
test,oV,Check sum is %
test,a5,Check sum is 6
test,3u,Check sum is H
test,Tu,Check sum is )
test,\S,Check sum is O
test,)0,Check sum is 9
test,wo,Check sum is F
test,"""]",Check sum is _
test,kC,Check sum is N
test,nL,Check sum is Z
test,YT,Check sum is M
test,#J,Check sum is M
test,iR,Check sum is [
test,a#,Check sum is $
test,5w,Check sum is L
test,7g,Check sum is >
test,{r,Check sum is M
test,Je,Check sum is O
test,7q,Check sum is H
test,"""r",Check sum is 4
test,o4,Check sum is C
test,T],Check sum is Q
test,Ei,Check sum is N
test,n;,Check sum is I
test,"(
",Check sum is R
test,0=,Check sum is M
test,&G,Check sum is M
test,ZK,Check sum is E
test,~V,Check sum is 4
test,Z],Check sum is W
test,rr,Check sum is D
test,@',Check sum is G
test,I?,Check sum is (
test,",?",Check sum is K
test,\.,Check sum is *
test,O4,Check sum is #
test,Yj,Check sum is #
test,|f,Check sum is B
test,SU,Check sum is H
test,jR,Check sum is \
test,U2,Check sum is '
test,L3,Check sum is _
test,$|,Check sum is @
test,(m,Check sum is 5
test,j;,Check sum is E
test,6U,Check sum is +
test,vI,Check sum is _
test,GF,Check sum is -
test,gO,Check sum is V
test,~V,Check sum is 4
test,T	,Check sum is =
test,V(,Check sum is ^
test,ye,Check sum is >
test,^{,Check sum is 9
test,q7,Check sum is H
test,c{,Check sum is >
test,%<,Check sum is A
test,Z0,Check sum is *
test,"l,",Check sum is 8
test,%v,Check sum is ;
test,ih,Check sum is 1
test,vr,Check sum is H
test,>_,Check sum is =
test,6M,Check sum is #
test,Sl,Check sum is _
test,$N,Check sum is R
test,Yy,Check sum is 2
test,(m,Check sum is 5
test,}A,Check sum is ^
test,OS,Check sum is B
test,",2",Check sum is >
test,*#,Check sum is -
test,}k,Check sum is H
test,!b,Check sum is #
test,f],Check sum is #
test,"""4",Check sum is 6
test,<#,Check sum is ?
test,@i,Check sum is I
test,a(,Check sum is )
test,gd,Check sum is +
test,/I,Check sum is X
test,CI,"Check sum is ,"
test,]',Check sum is $
test,cq,Check sum is 4
test,*o,Check sum is 9
test,"s,",Check sum is ?
test,'7,Check sum is >
test,nG,Check sum is U
test,$=,Check sum is A
test,s-,Check sum is @
test,x',Check sum is ?
test,Nr,Check sum is  
test,GJ,Check sum is 1
test,u@,Check sum is U
test,"e""",Check sum is '
test,M*,Check sum is W
test,Ks,Check sum is ^
test,	>,Check sum is '
test, J,Check sum is J
test,aV,Check sum is W
test,[(,Check sum is #
test,W},Check sum is 4
test,30,Check sum is C
test,Id,Check sum is M
test,a%,Check sum is &
test,qQ,"Check sum is """
test,Gs,Check sum is Z
test,j7,Check sum is A
test,SS,Check sum is F
test,yL,Check sum is %
test,ND,Check sum is 2
test,"T
",Check sum is >
test,Da,Check sum is E
test,<k,Check sum is G
test,/8,Check sum is G
test,WC,Check sum is :
test,{0,Check sum is K
test,{+,Check sum is F
test,5Q,Check sum is &
test,Z*,Check sum is $
test,wt,Check sum is K
test,FG,Check sum is -
test,q$,Check sum is 5
test,sU,Check sum is (
test,yi,Check sum is B
test,5G,Check sum is \
test,G7,Check sum is ^
test,kc,Check sum is .
test,I1,Check sum is Z
test,Vr,Check sum is (
test,F[,Check sum is A
test,GR,Check sum is 9
test,SA,Check sum is 4
test,;i,Check sum is D
test,[U,Check sum is P
test,WC,Check sum is :
test,O\,Check sum is K
test,]O,Check sum is L
test,MG,Check sum is 4
test,U5,Check sum is *
test,b:,Check sum is <
test,0F,Check sum is V
test,"e
",Check sum is O
test,~/,Check sum is M
test,9(,Check sum is A
test,(k,Check sum is 3
test,'q,Check sum is 8
test,v=,Check sum is S
test,g`,Check sum is '
test,jN,Check sum is X
test,qm,Check sum is >
test,"?,",Check sum is K
test,	/,Check sum is X
test,Y!,Check sum is Z
test,4 ,Check sum is 4
test,P~,Check sum is .
test,/d,Check sum is 3
test,~f,Check sum is D
test,<%,Check sum is A
test,#9,Check sum is <
test,Ry,Check sum is +
test,R#,Check sum is U
test,1B,Check sum is S
test,X9,Check sum is 1
test,Xx,Check sum is 0
test,c4,Check sum is 7
test,\b,Check sum is ^
test,O~,Check sum is -
test,	r,Check sum is [
test,iF,Check sum is O
test,@L,"Check sum is ,"
test,K/,Check sum is Z
test,FG,Check sum is -
test,!K,Check sum is L
test,v+,Check sum is A
test,Q.,Check sum is _
test,kG,Check sum is R
test,Vy,Check sum is /
test,~v,Check sum is T
test,Rw,Check sum is )
test,RS,Check sum is E
test,5U,Check sum is *
test,1P,Check sum is !
test,JO,Check sum is 9
test,nv,Check sum is D
test,Nw,Check sum is %
test,gk,Check sum is 2
test,9[,Check sum is 4
test,2],Check sum is /
test,<+,Check sum is G
test,_J,Check sum is I
test,+n,Check sum is 9
test,Bh,Check sum is J
test,JS,Check sum is =
test,sn,Check sum is A
test,Du,Check sum is Y
test,(j,Check sum is 2
test,N*,Check sum is X
test,e(,Check sum is -
test,;/,Check sum is J
test,"q""",Check sum is 3
test,z:,Check sum is T
test,"4""",Check sum is 6
test,/	,Check sum is X
test,k?,Check sum is J
test,RQ,Check sum is C
test,kw,Check sum is B
test,Y[,Check sum is T
test,#e,Check sum is (
test,bE,Check sum is G
test,RT,Check sum is F
test,~N,"Check sum is ,"
test,bZ,Check sum is \
test,$p,Check sum is 4
test,3-,Check sum is @
test,6h,Check sum is >
test,\!,Check sum is ]
test,`$,Check sum is $
test,5G,Check sum is \
test,=_,Check sum is <
test,-	,Check sum is V
test,$m,Check sum is 1
test,Hi,Check sum is Q
test,3J,Check sum is ]
test,1f,Check sum is 7
test,2Q,Check sum is #
test,nI,Check sum is W
test,3g,Check sum is :
test,`+,Check sum is +
test,<D,Check sum is  
test,JJ,Check sum is 4
test,.\,Check sum is *
test,G|,Check sum is #
test,/7,Check sum is F
test,Ud,Check sum is Y
test,m\,Check sum is )
test,v=,Check sum is S
test,lx,Check sum is D
test,(:,Check sum is B
test,r#,Check sum is 5
test,=I,Check sum is &
test,h^,Check sum is &
test,CS,Check sum is 6
test,)$,Check sum is -
test,Gm,Check sum is T
test,"""K",Check sum is M
test,3H,Check sum is [
test,l$,Check sum is 0
test,fa,Check sum is '
test,'c,Check sum is *
test,mr,Check sum is ?
test,yC,Check sum is \
test,n+,Check sum is 9
test,FL,Check sum is 2
test,#^,Check sum is !
test,bB,Check sum is D
test,4p,Check sum is D
test,"~,",Check sum is J
test,RJ,Check sum is <
test,/q,Check sum is @
test,~e,Check sum is C
test,uY,Check sum is .
test,Xf,Check sum is ^
test,pC,Check sum is S
test,\6,Check sum is 2
test,hP,Check sum is X
test,.?,Check sum is M
test,Fp,Check sum is V
test,(l,Check sum is 4
test,6D,Check sum is Z
test,X&,Check sum is ^
test,MK,Check sum is 8
test,'H,Check sum is O
test,=(,Check sum is E
test,9>,Check sum is W
test,(J,Check sum is R
test,n<,Check sum is J
test,U3,Check sum is (
test,hD,Check sum is L
test,+M,Check sum is X
test,)X,Check sum is !
test,09,Check sum is I
test,r.,Check sum is @
test,=5,Check sum is R
test,Y?,Check sum is 8
test,f{,Check sum is A
test,#0,Check sum is 3
test,K#,Check sum is N
test,Ey,Check sum is ^
test,FA,Check sum is '
test,g{,Check sum is B
test,`Q,Check sum is Q
test,;X,Check sum is 3
test,	a,Check sum is J
test,Vz,Check sum is 0
test,",2",Check sum is >
test,qZ,Check sum is +
test,>E,Check sum is #
test,tb,Check sum is 6
test,aR,Check sum is S
test,O7,Check sum is &
test,Rk,Check sum is ]
test,h!,Check sum is )
test,Tt,Check sum is (
test,H#,Check sum is K
test,!A,Check sum is B
test,f1,Check sum is 7
test,wU,"Check sum is ,"
test,p+,Check sum is ;
test,+(,Check sum is 3
test,"h
",Check sum is R
test,i^,Check sum is '
test,?8,Check sum is W
test,D9,Check sum is ]
test,>:,Check sum is X
test,GH,Check sum is /
test,Bf,Check sum is H
test,`w,Check sum is 7
test,^|,Check sum is :
test,IS,Check sum is <
test,A7,Check sum is X
test,4D,Check sum is X
test,cP,Check sum is S
test,7+,Check sum is B
test,ZA,Check sum is ;
test,0h,Check sum is 8
test,]t,Check sum is 1
test,",m",Check sum is 9
test,o>,Check sum is M
test,i0,Check sum is 9
test,2[,Check sum is -
test,0g,Check sum is 7
test,B6,Check sum is X
test,vD,Check sum is Z
test,q&,Check sum is 7
test, C,Check sum is C
test,a6,Check sum is 7
test,"
{",Check sum is %
test,b*,"Check sum is ,"
test,"
R",Check sum is <
test,f;,Check sum is A
test,u<,Check sum is Q
test,BM,Check sum is /
test,'F,Check sum is M
test,|$,Check sum is @
test,{E,Check sum is  
test,:`,Check sum is :
test,~w,Check sum is U
test,d8,Check sum is <
test,:.,Check sum is H
test,U',Check sum is \
test,6e,Check sum is ;
test,q@,Check sum is Q
test,dU,Check sum is Y
test,}',Check sum is D
test,1C,Check sum is T
test,S},Check sum is 0
test,"#,",Check sum is /
test,c6,Check sum is 9
test,}b,Check sum is ?
test,?^,Check sum is =
test,V`,Check sum is V
test,s^,Check sum is 1
test,F6,Check sum is \
test,xY,Check sum is 1
test,e_,Check sum is $
test,$C,Check sum is G
test,5L,Check sum is !
test,Wx,Check sum is /
test,YV,Check sum is O
test,1+,Check sum is <
test,"?
",Check sum is )
test,",^",Check sum is *
test,pa,Check sum is 1
test,?q,Check sum is P
test,fp,Check sum is 6
test,#*,Check sum is -
test,I;,Check sum is $
test,/w,Check sum is F
test,/V,Check sum is %
test,YS,Check sum is L
test,"h""",Check sum is *
test,\S,Check sum is O
test,#L,Check sum is O
test,+~,Check sum is I
test,RB,Check sum is 4
test,"9
",Check sum is #
test,>M,Check sum is +
test,)c,"Check sum is ,"
test,j2,Check sum is <
test,g;,Check sum is B
test,hW,Check sum is _
test,-&,Check sum is 3
test,",B",Check sum is N
test,e.,Check sum is 3
test,]*,Check sum is '
test,"
c",Check sum is M
test,OO,Check sum is >
test,i_,Check sum is (
test,P5,Check sum is %
test,pC,Check sum is S
test,gH,Check sum is O
test,'q,Check sum is 8
test,mO,Check sum is \
test,&.,Check sum is 4
test,_X,Check sum is W
test,"8,",Check sum is D
test,33L,Check sum is R
test,GQ5,Check sum is -
test,pb-,Check sum is _
test,^u9,"Check sum is ,"
test,Y)D,Check sum is &
test,Jw8,Check sum is Y
test,yGw,Check sum is W
test,^c:,Check sum is [
test,a&y,Check sum is  
test,n=c,Check sum is .
test,Bi~,Check sum is I
test,=ya,Check sum is 7
test,+)-,Check sum is !
test,Vf+,Check sum is G
test,n1I,Check sum is H
test,='R,Check sum is V
test,q<;,Check sum is H
test,{k-,Check sum is 3
test,FzX,Check sum is 8
test,3<y,Check sum is H
test,{N!,Check sum is J
test,d:`,Check sum is ^
test,W@O,Check sum is F
test,"oe
",Check sum is >
test,K3U,Check sum is 3
test,_&&,Check sum is K
test,tP:,Check sum is ^
test,-Xo,Check sum is T
test,xm2,Check sum is 7
test,u\=,Check sum is .
test,Ca2,Check sum is 6
test,"	2,",Check sum is G
test,pY9,"Check sum is """
test,EGs,Check sum is _
test,j9s,Check sum is 6
test,y.',Check sum is .
test,$a),Check sum is N
test,P	&,Check sum is _
test,4T(,Check sum is P
test,"Q""Q",Check sum is $
test,u;5,Check sum is E
test,{jS,Check sum is X
test,yLy,Check sum is ^
test,X.E,Check sum is +
test,F.K,Check sum is _
test,!8U,Check sum is N
test,cXw,Check sum is R
test,9|u,Check sum is J
test,	y~,Check sum is  
test,""",K",Check sum is 9
test,",i,",Check sum is !
test,tA!,Check sum is 6
test,q l,Check sum is ]
test,oU9,Check sum is ]
test,8*l,Check sum is .
test,H]M,Check sum is R
test,JE^,Check sum is M
test,rug,Check sum is .
test,hc;,Check sum is &
test,Ab|,Check sum is ?
test,8@A,Check sum is Y
test,#;R,Check sum is P
test,CiK,Check sum is W
test,VP.,Check sum is 4
test,Jr^,Check sum is :
test,)zf,Check sum is )
test,r}?,Check sum is N
test,hE!,Check sum is .
test,-Xr,Check sum is W
test,!uG,Check sum is =
test,B]A,Check sum is @
test,$-e,Check sum is V
test,X!v,Check sum is O
test,"""].",Check sum is M
test,d-(,Check sum is Y
test,	/n,Check sum is F
test,Um	,Check sum is +
test,lKP,Check sum is '
test,y]Z,Check sum is P
test,+HG,Check sum is Z
test,]&$,Check sum is G
test,whS,Check sum is R
test,AAr,Check sum is T
test,0T%,Check sum is I
test,-Z$,Check sum is K
test,T</,Check sum is _
test,"1,+",Check sum is (
test,}Le,Check sum is N
test,"%""X",Check sum is ?
test,"Fu,",Check sum is G
test,alZ,Check sum is G
test,?:~,Check sum is W
test,AwY,Check sum is 1
test,gH\,Check sum is +
test,9_W,Check sum is O
test,W z,Check sum is Q
test,",7:",Check sum is =
test,FWv,Check sum is 3
test,[% ,Check sum is @
test,F@O,Check sum is 5
test,jfI,Check sum is 9
test,UE0,Check sum is *
test,O1 ,Check sum is @
test,>QM,Check sum is <
test,Km_,Check sum is 7
test,"x""y",Check sum is 3
test,>I@,Check sum is '
test,+qI,Check sum is E
test,9.U,Check sum is \
test,S=5,Check sum is %
test,gon,Check sum is $
test,>DE,Check sum is '
test,|yd,Check sum is 9
test,}=h,Check sum is B
test,q= ,Check sum is .
test,sn`,Check sum is !
test,>HA,Check sum is '
test,&G;,Check sum is H
test,CS3,Check sum is )
test,"~""x",Check sum is 8
test,N{h,Check sum is Q
test,(f:,Check sum is (
test,$}],Check sum is ^
test,0R ,Check sum is B
test,Rx@,Check sum is *
test,QqT,Check sum is 6
test,<Xo,Check sum is #
test,MPm,Check sum is *
test,|M:,Check sum is #
test,cf8,Check sum is !
test,_//,Check sum is ]
test,"y""n",Check sum is )
test,Q05,Check sum is V
test,kPS,Check sum is .
test,aet,Check sum is Z
test,nC!,Check sum is 2
test,jYm,Check sum is P
test,B5O,Check sum is &
test,ZgJ,Check sum is +
test,"n,H",Check sum is B
test,"~
T",Check sum is <
test,B4\,Check sum is 2
test,WUt,Check sum is @
test,PvF,"Check sum is ,"
test,*h=,Check sum is /
test,IZT,Check sum is W
test,3^F,Check sum is 7
test,Vgc,Check sum is @
test,e`Q,Check sum is 6
test,rs+,Check sum is 0
test,`}E,Check sum is B
test,8UM,Check sum is :
test,QV=,Check sum is D
test,"B
	",Check sum is 5
test,l6N,Check sum is P
test,(FE,Check sum is S
test,p^_,Check sum is M
test,tqc,Check sum is (
test,sRd,Check sum is I
test,'PK,"Check sum is """
test,+G\,Check sum is .
test,~{c,Check sum is <
test,$xK,Check sum is G
test,"<t,",Check sum is <
test,=?B,Check sum is ^
test,OQ=,Check sum is =
test,`Fc,Check sum is )
test,"~N""",Check sum is N
test,l``,Check sum is L
test,-Mk,Check sum is E
test,<P%,Check sum is Q
test,.!w,Check sum is &
test,/X2,Check sum is Y
test,uey,Check sum is 3
test,"Zk,",Check sum is Q
test,*+p,Check sum is %
test,=-2,Check sum is <
test,O=^,Check sum is J
test,DYu,Check sum is 2
test,28R,Check sum is \
test,9}4,Check sum is J
test,ip^,Check sum is W
test,m<y,Check sum is B
test,]+5,Check sum is ]
test,e?),Check sum is -
test,+e`,Check sum is P
test,]4{,"Check sum is ,"
test,Usp,Check sum is X
test,3]0,Check sum is  
test,p(J,Check sum is B
test,h:\,Check sum is ^
test,'tA,Check sum is <
test,"5,k","Check sum is ,"
test,msJ,Check sum is J
test,;&N,Check sum is O
test,POI,Check sum is H
test,.i~,Check sum is 5
test,ya#,Check sum is ]
test,a%f,Check sum is L
test,(Uw,Check sum is T
test,CP[,Check sum is N
test,>1!,Check sum is 0
test,ll ,Check sum is X
test,=r0,Check sum is ?
test,{zG,Check sum is \
test,"Z

",Check sum is N
test,TmC,Check sum is $
test, Lf,Check sum is 2
test,GL\,Check sum is O
test,A2h,Check sum is ;
test,=L(,Check sum is Q
test,S#$,Check sum is :
test,Lx4,Check sum is X
test,V}H,Check sum is ;
test,K=U,Check sum is =
test,zy@,Check sum is S
test,>GT,Check sum is 9
test,0:{,Check sum is E
test,i$<,Check sum is )
test,"Q
4",Check sum is /
test,YFL,Check sum is K
test,"k""S",Check sum is @
test,oiU,Check sum is M
test,fap,Check sum is W
test,YU',Check sum is 5
test,1i|,Check sum is 6
test,s1*,Check sum is .
test,DB&,Check sum is L
test,i5n,"Check sum is ,"
test,"q,%","Check sum is """
test,l^O,Check sum is 9
test,+z{,Check sum is @
test,GE[,Check sum is G
test,V)*,Check sum is I
test,~1|,Check sum is K
test,t:{,Check sum is I
test,ueo,Check sum is )
test,^aa,Check sum is @
test,cNb,Check sum is 3
test,"]
C",Check sum is J
test,<6\,Check sum is .
test,)6o,Check sum is .
test,h1R,Check sum is K
test,goa,Check sum is W
test,@7m,Check sum is D
test,;v_,Check sum is 0
test,b8<,Check sum is 6
test,G^R,Check sum is W
test,!	`,Check sum is *
test,Bm$,Check sum is 3
test,A<H,Check sum is %
test,R$},Check sum is S
test,A#+,Check sum is /
test,(px,Check sum is 0
test,"9`""",Check sum is [
test,N&~,Check sum is R
test,nPg,Check sum is E
test,s*N,Check sum is K
test,=c!,Check sum is !
test,3i6,Check sum is 2
test,.0],Check sum is [
test,1Ek,Check sum is A
test,>is,Check sum is :
test,]!8,Check sum is V
test,V*l,Check sum is L
test,x?4,Check sum is K
test,"Gw,",Check sum is J
test,}sf,Check sum is 6
test,2c(,Check sum is ]
test,Mmh,Check sum is B
test,bv.,Check sum is &
test,$/*,Check sum is ]
test,_r!,Check sum is R
test,f{y,Check sum is :
test,""">i",Check sum is )
test,?*b,Check sum is +
test,eOf,Check sum is :
test,jSd,Check sum is A
test,aG[,Check sum is #
test,u2<,Check sum is C
test,+&?,Check sum is 0
test,*4},Check sum is ;
test,"[,t",Check sum is [
test,-?g,Check sum is 3
test,	>^,Check sum is E
test,	4w,Check sum is T
test,?}6,Check sum is R
test,d6	,Check sum is C
test,z[y,Check sum is .
test,7uc,Check sum is /
test,aCq,Check sum is 5
test,TGc,Check sum is ^
test,S>E,Check sum is 6
test,VpC,Check sum is )
test,"9""E",Check sum is @
test,\td,Check sum is T
test,0:>,Check sum is H
test,!I+,Check sum is 5
test,E}M,Check sum is /
test,h*Q,Check sum is C
test,",Hj",Check sum is >
test,"""[(",Check sum is E
test,g%\,Check sum is H
test,OC	,Check sum is ;
test,oCr,Check sum is D
test,YN],Check sum is $
test,|U	,Check sum is :
test,	5B,Check sum is  
test,&y{,Check sum is :
test,pK(,Check sum is C
test,'pv,Check sum is -
test,HT7,Check sum is 3
test,=8&,Check sum is ;
test,*zh,"Check sum is ,"
test,F7u,Check sum is R
test,"f|
",Check sum is L
test,0j?,Check sum is 9
test,3hi,Check sum is $
test,fba,Check sum is I
test,TEp,Check sum is )
test,"
^X",Check sum is  
test,"
l}",Check sum is S
test,  F,Check sum is &
test,/]),Check sum is U
test,nzI,Check sum is Q
test,wFH,Check sum is %
test,"`/
",Check sum is 9
test,k+1,Check sum is '
test,VYE,Check sum is T
test,BF?,Check sum is '
test,>_[,Check sum is X
test, ^-,Check sum is K
test,)(s,Check sum is $
test,&~	,Check sum is M
test,TL|,Check sum is <
test,5i@,Check sum is >
test,K!	,Check sum is U
test,k1b,Check sum is ^
test,/d4,Check sum is '
test,$U+,Check sum is D
test,yY\,Check sum is N
test,%r.,Check sum is %
test,"nM
",Check sum is %
test,eX:,Check sum is W
test,Sp4,Check sum is W
test,C:z,Check sum is W
test,[.e,Check sum is N
test,+zj,Check sum is /
test,=3{,Check sum is K
test,4o[,Check sum is ^
test,x~3,Check sum is I
test,@!T,Check sum is U
test,"X`""",Check sum is :
test,Oov,Check sum is T
test,^[},Check sum is V
test,&ea,Check sum is L
test,fg%,Check sum is R
test,"""g/",Check sum is X
test,"
m/",Check sum is F
test,E~3,Check sum is V
test,GKA,Check sum is 3
test,&|6,Check sum is 8
test,oJt,Check sum is M
test,15-,Check sum is 3
test,9 f,Check sum is _
test,N8!,Check sum is G
test,k]$,Check sum is L
test,"9_
",Check sum is B
test,u$K,Check sum is D
test,T/(,Check sum is K
test,o w,Check sum is &
test,"A
`",Check sum is K
test,iR$,Check sum is ?
test,d].,Check sum is O
test,~l&,Check sum is 0
test,?4`,Check sum is 3
test,68?,Check sum is M
test,S/X,Check sum is :
test,s)S,Check sum is O
test,#{~,Check sum is <
test,gxs,Check sum is 2
test,Va:,Check sum is Q
test,CmM,Check sum is ]
test,Yu},Check sum is +
test,5$C,Check sum is <
test,{b8,Check sum is 5
test,665,Check sum is A
test,(F_,Check sum is -
test,4Ic,Check sum is @
test,7Hg,Check sum is F
test,rp{,Check sum is =
test,+Jv,Check sum is K
test,zS`,Check sum is M
test,b'9,"Check sum is """
test,"!'
",Check sum is 2
test,n\9,Check sum is #
test,SZ3,Check sum is @
test,T(J,Check sum is &
test,~y|,Check sum is S
test,}3],Check sum is -
test,Vnh,Check sum is L
test,vYX,Check sum is G
test,FdV,Check sum is  
test,:15,Check sum is @
test,=il,Check sum is 2
test,w1.,Check sum is 6
test,",Ah",Check sum is 5
test,Q~W,Check sum is F
test,tKh,Check sum is G
test,CV*,Check sum is #
test,UEd,Check sum is ^
test,Emx,Check sum is J
test,H!-,Check sum is 6
test,S%E,Check sum is ]
test,HkY,"Check sum is ,"
test,~/2,Check sum is ?
test,"|r
",Check sum is X
test,}]f,Check sum is  
test,(!W,Check sum is @
test,W5p,Check sum is \
test,"o""V",Check sum is G
test,!fg,Check sum is N
test,(kb,Check sum is U
test,@e	,Check sum is N
test,2:k,Check sum is 7
test,Q7u,Check sum is ]
test,'Zj,Check sum is K
test,"^
V",Check sum is ^
test,1^|,Check sum is +
test,xcM,Check sum is H
test,e9n,"Check sum is ,"
test,l6D,Check sum is F
test,(Yt,Check sum is U
test,oKy,Check sum is S
test,[/R,Check sum is <
test,{zW,"Check sum is ,"
test,rFN,Check sum is &
test,N0e,Check sum is C
test,D\I,Check sum is I
test,3X2,Check sum is ]
test,"#V""",Check sum is ;
test,40p,Check sum is 4
test,"
~,",Check sum is T
test,"6S""",Check sum is K
test,Obr,Check sum is C
test,GC~,Check sum is (
test,i4X,Check sum is U
test,7\O,Check sum is B
test,Ii&,Check sum is 8
test,ZG{,Check sum is <
test,m*U,Check sum is L
test,L?T,Check sum is ?
test,	*Y,"Check sum is ,"
test,x6G,Check sum is U
test,(w0,Check sum is /
test,=21,Check sum is @
test,_l;,Check sum is &
test,/3+,Check sum is -
test,C/B,Check sum is T
test,"
{*",Check sum is O
test,"
#G",Check sum is T
test,	-`,Check sum is 6
test,k$},"Check sum is ,"
test,",OP",Check sum is +
test,ly:,Check sum is ?
test,N~E,Check sum is 1
test,!A4,Check sum is 6
test,/*L,Check sum is E
test,ABF,Check sum is )
test,"\@,",Check sum is (
test,C6D,Check sum is ]
test,"
+Y",Check sum is .
test,W}],Check sum is Q
test,V;V,Check sum is G
test,+O ,Check sum is :
test,N+o,Check sum is H
test,X#\,Check sum is 7
test,vAE,Check sum is \
test,H\.,Check sum is 2
test,aUo,Check sum is E
test,zsC,Check sum is P
test,5Dw,Check sum is P
test,)-L,Check sum is B
test,_)-,Check sum is U
test,D7C,Check sum is ^
test,zO',Check sum is P
test,.5i,"Check sum is ,"
test,D'd,Check sum is /
test,"
[p",Check sum is 5
test,V%o,Check sum is J
test,(:*,"Check sum is ,"
test,IdX,Check sum is %
test,"Ho""",Check sum is 9
test,^xa,Check sum is W
test,"""tc",Check sum is Y
test,Qva,Check sum is H
test,hCR,Check sum is ]
test,ZES,Check sum is R
test,b%!,Check sum is H
test,T#7,Check sum is N
test,8G+iz#T}ne7pS8pKx`W* ;>h*PHd;X&eZ(2R)hV!]nKyO,Check sum is +
test,"F^QKUrI7ecxXsF=#Ze-@KeIO8$i;kY&sy\j8',/w-Zo",Check sum is O
test,0YKE'zyl4Ix5%_q0Wy6Hr{#,"Check sum is ,"
test,"w'frU.,|Us)$zqY;rP>VW:5_;^2@v&",Check sum is 7
test,/hc0<xK3	{GcXDm;t*3Fu?A'+uC702 GO##TD`R+xgs'6I	E,Check sum is T
test,~1Mn[RUP/x/]ZZ =T,Check sum is 4
test,ZW,Check sum is Q
test,#Dve,"Check sum is """
test,"\v[IYa:ZgS? ""!",Check sum is @
test,"t'D""8wK?WlX#={9""V)0cAQ65_P<48YJ	vV",Check sum is I
test,"l![^'PK
+[3HdgW`UKx",Check sum is M
test,"V<sxZ&a(!U;7H4G}AYfiv}T.]CRZBH"")MSz*Ct/sec<Al",Check sum is [
test,"tiBoad
7TF"")?\2[}nZh#c%80DMX",Check sum is *
test,"j BDb""F?",Check sum is 9
test,"e)[e@KO#)k\`6;""(gAG^Kx.jE &fB!vj&~8a|TgncyhG 3R'",Check sum is K
test, 'COW4D&MZ&yTn,Check sum is 6
test,JnDJM>#NfJff\K9|/s4;*#I2-#vH%xq4DOvS]fx|P0l2;1ZJ,Check sum is $
test,&86&l,Check sum is F
test,d ./!wMvazkF4t,Check sum is P
test,EAN+tMw)Nlj/S}z}7r}(p|NubeCzV?78gIxQm`P`y\m,Check sum is W
test,H.wr!]hXm`,Check sum is J
test,kE! c%,Check sum is Y
test,"2scYkfN
M%&r)2UBAjM]lv(A@\xAHpA5m{';ZxP*-/js",Check sum is X
test,A@0<`GMw=W%d*&;;8 LOq*3s`b`	f-\!&|G,Check sum is 3
test,"5bxFfM
 X67/ArQV[>xNmB}^&hIif(.~*2",Check sum is _
test,"p
8|0jXO%?_KTIF""/R}/TW>	JKf#U/",Check sum is #
test,WQ3lBy]3b,Check sum is T
test,"yx	xhWCRk""*o`n",Check sum is Z
test,"Pi8qI7B3Iv|k^~+&z>=U.Dd>~,",Check sum is R
test,"`s!xD0mV^)EB,w",Check sum is 4
test,"M""u\""E]Br\g73	>=J1YlO",Check sum is X
test,7lrw]!RT7`r-t*1{=3=Q*.{o79B7,Check sum is 9
test,Uk.kim2K(gHo,Check sum is R
test,"Amcj\@holw]oC3W,V8b/cG!GlFG6fQVGq'cByR]A1{/#&d,x",Check sum is <
test,TO^%k,Check sum is 1
test,"*~[4]v*o|r w}c%,)Bu]
6",Check sum is 6
test,"coU&sk{*]qz]ONt$7m4
Q5%l(0g58$u_Hl",Check sum is [
test,8bTk|NGi<K'6_kA{DJF-AVMU/Cr.mVch)OQB_FPK'Wirf%:D,Check sum is $
test,nN#^Yx[%w6``8{^BBm\g8##-59V3+PlYWQMbV8+,Check sum is R
test,RJPvKZTp.qA\$+5B^4_96,Check sum is M
test,oNERa>,Check sum is S
test,D!yiFYbJkPPJG(Z0-,Check sum is -
test,"DO{JR(<J2_Jw7bGrK@,?\33faX4}EG6:l)\sT",Check sum is X
test,5np&NK`nbT,Check sum is 6
test,|Ki^mLA0VD]`ZXNz`~boLk:o+-ex,Check sum is -
test,"*sc^aI!h(>G.^0}h	BehL	HR'k+
XV}X~
/e9OAx",Check sum is -
test,"x1 2wEPCj;M!+S\p,b%OfaFAZ.Ix",Check sum is  
test,"#~A;E>MSEBgW(tRH""'[\(d
Ht""n37[0-9HtaR7!.i\WT",Check sum is =
test,"mmG~Dg|
""@?&4eOvw0}	Tl@S}~u|\B/EwrfC-jdSDQa69},I:",Check sum is D
test,ckkwjF9p*CY]A]@-*uJpQV<;,Check sum is N
test,"(@L0G]}QP/HBAue}Szp-rs)52vxYL}j\@""k$e[M7[sJyQg"",Y",Check sum is 1
test,"f9cC-u	&h
#2+/<m	2LF(</B_+Ut_K/	j",Check sum is A
test,"taj!x~5eI""M}EZ9=AM_7^%)A(cJ` sE",Check sum is 8
test,/@]M`@HKm+,Check sum is D
test,"k6,)_]27S5cVKB(?VEY.
n;4n",Check sum is '
test,"/PB<X!3M9+O@<_
o~n$g	A-nDrH8D<~JK:fKy WF$RRv",Check sum is !
test,SF8e<Zot:H0GTx_|:B,Check sum is +
test,RX>VYK)!:63B`UtYdh,Check sum is ?
test,";J3fGnER<zt3UZ{9T0!<[YY3z\+<,}&g,lKfv+TMYgU{""1QE","Check sum is """
test,0@~dn ;r!Y0I})O,Check sum is U
test,")25#;wYr6rqC""-Z7U_NN-fX:",Check sum is A
test,:#&,Check sum is #
test,";	YGFEWA`""@g'k&&Vs",Check sum is 7
test,"%e{ADhp={@I
 BRNR&/`j~dM1?/eoZwmk &?Pb_7",Check sum is X
test,II2S'y\D),Check sum is  
test,6^CF=;WO+fM}%I`Og8O+##:AZ'h[bA~^mNP5.Urxd	+,Check sum is 5
test,vh-3;[Rl;Ry# 70XD2tqpn$d 5lxW'JXcN\D6,Check sum is [
test,B^H@!#n%7`rU ,Check sum is ]
test,P*	g,Check sum is J
test,"ZkCJ>$""d&",Check sum is @
test,~#$H)'_,Check sum is \
test,"p:@J?""w&m",Check sum is ?
test,1dxR>+0,Check sum is X
test,"r]p\Qy4Up8?E2OR.MU6[d|b:w|tEvUm,A^]=Kxsl4",Check sum is I
test," )K^]I-C0N;-1d@sFQ^:PdD?0'1DBFH""<Z968?W4SzU}2",Check sum is R
test,xM,Check sum is %
test,dq_YL[ -)FzCb=iZj8*eS,Check sum is 3
test,C<?q2rN##pp:/ 	A,Check sum is :
test,!0wY6:P*!$kn!I|W}E<T,Check sum is X
test,"Le4y'[|eF a9n1(S-Vv~$5j]\}0,';O;k4PJIbYLaXP.J,3",Check sum is \
test,"(-@l&7pI""@..3Jt_@7/>8B]jTXX&VUtc^D",Check sum is 8
test,G+fO)aWkJ[,Check sum is 8
test,>#5=30Y*VlLR2a&-kpyjARh}Juclg,Check sum is J
test,"f/U%O@N#8?m5;=$3C
Gk",Check sum is V
test,"#-NQt!3@`?bf(HWLt/}^>Xi
7aEo1i6B",Check sum is 6
test,"5{8KQ{U\!0#jrf>NZ@bv8H/UZf""-",Check sum is W
test,l-l!\>z:xUb4{*6|n&}C8J/5TSA5Ms?dsWlB<o8Y%B,Check sum is #
test,8@viQuA>1 #=5KxiH{,Check sum is Q
test,")W:lVW+
M2!TzCv""aq/x$Q\%2S*/;6P",Check sum is ?
test,b{KaMLRPHi8#&,Check sum is V
test,"p&w:,gp""Dq]9OcDLy\(b7-!S)Xqe2OhH5?`14dBYt
0",Check sum is >
test,"""$w~*44HU*QZnj\,mV#J`_c
[!HUo%\<i	OTfp",Check sum is K
test,"jg
@_J[8o
Xf5.~Um",Check sum is Q
test,"#T}'lT*3
-_CP1Ak{/C^=z0",Check sum is P
test,f'=8DiZg{l~66[PlPb,Check sum is *
test,qPG%p^60/1?{D89%PO'!;x;tacnXh&s:'p,Check sum is Z
test,"'@Ekr}x
Mq;&Cc;802wg""m9",Check sum is (
test,"ec-(Wh)4ECJ$-""rIB/",Check sum is J
test,cpep8_mkc\*SRbC-u	r,Check sum is G
test,"]j^D+k~~Fd<4uOD7~,w"";YxMx;nnX;J|?IF	M]/8zT=zv",Check sum is [
test,&j#>\Hr$@;)G2R2,"Check sum is ,"
test,jL:w7	q5~C}t-l	77n*,Check sum is G
test,"b!qD&c6k}0F%4Fc|x`:_#J9U%
A+CLlL{BS|",Check sum is M
test,m':0m	{,Check sum is O
test,"Gb7@QG	mva%X,0f<~AS	]E8J-""8KBK3{l(n92dA,6#",Check sum is C
test,RBmaF4>di|Rfd;W_WPKx@0iI))f&^YaJBcW6`	67kD5PC,Check sum is [
test,YZ~GUNpth'R)X<W<W&R,Check sum is _
test,"%;
]&Vl[Sc'\	ki]r&u3JxPL",Check sum is ;
test,"_rOt,!)fZo",Check sum is Y
test,>Sxeru!+,Check sum is A
test,"hV?Gj@y&L
K_c#H:onW2{Sjc?8n",Check sum is [
test,@r_D`]9$^&`RR:hm]F.u&,Check sum is R
test,"YPWK
S]jr(8N.AlXw2~:f?%OKD^",Check sum is I
test,"XPeUKc)]{D5%;In
g",Check sum is 2
test,ffj0*l,Check sum is \
test,2(o|crF,Check sum is @
test,"(sH]Xp.L`o$,V6+tS)",Check sum is (
test,"Bn[iCy.5V\aOZ@8Z=(P[1!
z.",Check sum is U
test,"""<ih.'K06VO0}+Y,@ou+DW",Check sum is A
test,HeY1(]0t0Obvwk;QV2|XJVgUec`,Check sum is %
test," /`q]-<,r8z=\r@},I5c,}#s;j\",Check sum is +
test,"&Z&l[
O.6VQzMd6R\n\E%QjL@f?q~-,n53U!(Lo&FgaaG2x_37",Check sum is &
test,	h-F#2c1k.lq( (C5kDvmK$A_Y[f$p^wz3 9f\,Check sum is 7
test,"MGqR=,>Q/VYoK8xT* |x*h",Check sum is [
test,-H*V& yP[pi1%7Ng7<6,Check sum is C
test,N7|_\%5HGK,Check sum is P
test,"Os\RYJu=i([en.P}S""W`( 	zL`B2=(m+enC*.	 Gnxnl""1",Check sum is $
test,",#6U2:#&~^om	nE[A1anIs\",Check sum is W
test,"&22,+un$;NK^%",Check sum is _
test,r:\=-e/T	?LAPA<#,Check sum is ?
test,"C}KkSja?P}LA+BY)jGLy3o>@`}oA/wqM#5,ag=8",Check sum is D
test,<1Xd,Check sum is I
test,"39#>H*V*CClGGe,')L|{PQ	fuh, !~KD`",Check sum is J
test,":q)Gh9!;Dq[t)_=ElN
'm~}{1s9lR`,J(r$vToM`>,""",Check sum is 5
test,/>X$RMw|,Check sum is [
test,fe,Check sum is +
test,9prOA{8q@FC&|xb6'YspRiUc,Check sum is @
test,"o)1DNu4?:!EY.>./2m-7]t+:Z-@L/R/LL6
3{s""g:",Check sum is ]
test,k0l w}&3?eD~{ I9\r 3.,Check sum is &
test,"2PNeB`RTI9\~Vsi!t;G	UNF&
!CExU!",Check sum is ;
test,"T&<T$nOKGZfp%hvJo%kN?T:|mgq{/Vk!oHpY,RTG",Check sum is Z
test,e1+I><N@DKd}93#Hu,Check sum is .
test,}z0b*e@@,Check sum is 8
test,"KQsp~nNg/!B,5#>{Z:l
0*4^Um|c",Check sum is &
test,N3qxuM}cQX;N8WG]SK,Check sum is /
test,	^>0ha1i~	05,Check sum is D
test,"|UO6z.""\HORBGc@3eYN`7 gw1D%nB*VDl{|v4fval1""BF#/r.",Check sum is V
test,"$`fjhot19X_EA;g)xw<;w0BymhWv{I>~I""BD1'6Fx:'kZW	",Check sum is ^
test,F1B^U:Q^)5VPWEWTl|A3'oSHp)L|O.X},Check sum is @
test,`<[yPE@trUhV=U\.		,Check sum is L
test,2;GYQ`]	Yk`+RC?h(=d<%(`	G,Check sum is Q
test,'*lw<<-Uvv'P	P:yNkdq<mjo>USFvR)c(Oh,"Check sum is ,"
test,"C:AQY>is]{
'/]1>ZM",Check sum is M
test,"	]wp&qsb0O\Ge'WWs >G_
J",Check sum is @
test,",!pg",Check sum is D
test,]4U3pqcJ/W::D_(]C{+yOk*:B,Check sum is +
test,"]@wr(a .jqI!XjaTJe
s/voD#T](P0?`*""c|,Hl5pSIx\o0~Z:",Check sum is )
test,eLsGr#c&xXr9,Check sum is $
test,]6VN<,Check sum is S
test,7c^:.,Check sum is @
test, o>,Check sum is -
test,"i8:pWxU)XA_0n`yxL{iS{;]{GGx$OBOQOL5n""b1",Check sum is >
test,"T2#LHwB~+O':VYL7{)NrS
LqLW",Check sum is B
test,"\E'ZnZb81![jmB,S$\2>m$'\'XzyxUu5;",Check sum is Q
test,x4+s);-ef,Check sum is F
test,"QFr)6[P2r,:m@SA?L3Z&<G",Check sum is ?
test,"q,V:Y!T8#vZ4|iG&K~>Y;y?	g3*Q;'HKV))Z",Check sum is 4
test,PiE;#E!) K],Check sum is S
test,m>8,Check sum is C
test,"f~}ij2!` bwbN_FGOf,-FL\/R3?N;",Check sum is T
test,.XMCC1^$E#IP &*q8hBbgZuMy#aw,Check sum is I
test,BadIh=;\4(Rbu8G~Jej ?]VB>84hITr5&d+]c0x	_Bl,Check sum is $
test,"Y.#6lLZ""O<n1:79$R4Ys^zCtr6T\(x{4DHM6Q!8[-b_M",Check sum is C
test,"Kp|E2)7Io>pkyX4t<*""dg^+l""!6;/7C#m",Check sum is -
test,dr6]iZ^^i8:-yh.U4*4t,Check sum is :
test,oo2cjkx=,Check sum is ]
test,*8UZh7fr@<$Z?(g,Check sum is 0
test,"R?KYG^,AS""_npVWQ>d]nKiHwO8H>",Check sum is D
test,"7aVmT*Z{%0kE&
tvj[9pDD",Check sum is #
test,"2bV[;""""aU98DV}O&AEXaG#'*+2I{e?Z@LI_",Check sum is $
test,g%l:aRzyP.@,Check sum is 6
test," C1PfRm0.	42OAFkz{WvQ2,PyUK3zS_K1:QoRLb6p}!",Check sum is *
test,"GL)@KYu46,(`43RY[5;0'Z4tw7!Crpw",Check sum is 4
test,N0&V^,Check sum is 8
test,M{0K\(ODXV4+b]]I,"Check sum is ,"
test,Jv0\L,Check sum is 8
test,0S<I,Check sum is (
test,"SiIQ|mnr\El*PdEgfu_R'Q5+M,h2E;x(sK""3xbW$]R7O;b7zy",Check sum is Q
test,"OnFx0ft
V2%",Check sum is \
test,"E[9=2T'
7fP`3q]R#bJzU$!Eoi/BE*n[N)=01",Check sum is K
test,Sx@F;,"Check sum is ,"
test,"BMZ}QR:4F,nvAS[nE0WI<pm5YQ:gT""%N^""",Check sum is !
test,]z>$hMPlo}=bpEV84%AoXP.,Check sum is 7
test,x{|#D*(W&!_ &.?e!rBRPy;e4+9,Check sum is E
test,"#Kvx)hB8Za8!2?>pBj'MJ{AWM/>F$t(q6""j.=/YUk'b",Check sum is &
test,"2Axd|dpkP]-MXe0my@Dm\4yW
j",Check sum is )
test,)=D:QFwgc`L&T4!?NAlD	U?X7XU/WZ\&7BF;nRTleH:d],Check sum is 2
test,[1-K[kxF*pt}sbpQV5`,Check sum is 4
test,"a2
>pO Qz({	:/^V,20
gm,!lobO[%",Check sum is 3
test,9>	lpii'VwT/JHDGD2/=X;gV7OSR),Check sum is (
test,e}1jQH0w ,Check sum is =
test,;u3v\\;3{C(qXzd<ZK`g^,Check sum is 2
test,"@f9JbP4v;B	@zjOk	<cY
D<I?=6a^ut5~v#u6FCfYB^Q-{",Check sum is O
test,"?`+=E0(>hv""Q	,?bLe0>ZoMe66w9oL;G`1=z	?1",Check sum is ]
test,"rOn%?}#`,YcU]0+Uh6+.^z,",Check sum is 8
test,=lte$e`=^p0*JY,Check sum is S
test,"(k""^D/+bp(|8
Bdy/
/FVl8	IG9^
	RwP.A'FN0]v",Check sum is Y
test,t0w!: |cAnP5Coy3{|,Check sum is ^
test,*3![}	,Check sum is ?
test,"FL""G<ct2jT?V%ekG-fMW",Check sum is &
test,"%w.G0_
vf52>b",Check sum is -
test,"yT
WJ9G1-BE6k",Check sum is ^
test,"D?}~	nNxK7
ISL^&SeZ!7$k?Bf9A}WQkbA>dIE- NA: `UM*s",Check sum is %
test,"-0LN.Oq'+#dYNf}kJ^qOg0g"".JhH5i3",Check sum is T
test,"/QNib{P$
V'Im9uSspGt,pHoE{B",Check sum is Y
test,?)7FsN\xK'Inht@KG,Check sum is 1
test,"`j1,ATmgYwR=#rdi&l9s <W&I^fF%:gq`",Check sum is 2
test,"`R3S\!pkHX6hu*/
0JfePF}eKq($7W",Check sum is Y
test,"?U3c8|lcmsA4 6""D`YLu[rC?",Check sum is '
test,63z$:]?w+AB:hrXGo,Check sum is D
test,"cllUH=z""`F%)Ap> _z-2G;",Check sum is N
test,"3!^(S;6(D]bp6YL-Z
K}_vhqh[))36ozz<=2Y4>u\",Check sum is #
test,"+0(ad!6/Cb@r.{0PRe]!kRtk)0ZsNv;dN>n9:=a4\k	\R,I3kd",Check sum is <
test,bK3#*sQ-(GyV(nR`VW#Hq.|39l+Kct(:M'C)mA'lb&3=A?U,"Check sum is ,"
test,"
@E:6yEuoQr|pz;
BLH!sCh",Check sum is D
test,"L].drL^}BW~
",Check sum is U
test,"\}@-/ #X
m+sel&}e`OU+eox4b_8S()	v:jcOm	c",Check sum is X
test,"r8qDuu$7AU +n&8	oAG3h,)R4YWU-'",Check sum is @
test,J4a*>dw^OsMS3Bd:<'rD%8,Check sum is K
test,h.V1AYo63#(X%,Check sum is 7
test,"/,uC, L4iL",Check sum is 4
test,(s|sdz$(F.G/z~AtO-t|kk,Check sum is -
test,%04P,Check sum is 9
test,"k:m$Y/CF2GD@T89J}#,{~QwlwaK0t7b7H",Check sum is K
test,"R-XQH)@""nc#	eiuT|/_Mm7I	j9My:RZ,oGSFy9?rJ",Check sum is 3
test,"i}W{MJQzaZ6I>tT,",Check sum is &
test,0F	=*CZW01,Check sum is [
test,"3*Uo6Dj'C<0G/xw{H9S:9=Bm4P}[ws}.-1HQO;[H""s;",Check sum is 3
test,	~rZV8t}=SU}MbK .!U,Check sum is R
test,"4k8f$e\pe,9_.W{",Check sum is [
test,"""w5(T; sc6)liHW",Check sum is .
test,"1A""dAT~J""R?,A8DPPB),=5hOR52vxER^?1'M`xx:#W~HN",Check sum is I
test,#Ud9,Check sum is 5
test,D(nSw+h[0a%;.hup9aEO[;<Up,Check sum is #
test,".;JNYom-3W%:riTXS9Ih6dm?mPiNM>u?H3OyRPt(
,",Check sum is  
test,"`Il7Ce$X6>3&yY,UsclV1A[>~4i,vXiO,YGWw`ES6f	rM^",Check sum is 4
test,4*Jd36|\JbDq+'2p=HY1R[Y<f1DE%deh=:IxCg],Check sum is H
test,+]ij'$k+:[H;B	),Check sum is (
test,{v.H^FL)adA+C(?g%!mKk:r(Jj,Check sum is S
test,"~rlB_odBK.(O}}{
zjn+8%sh~d<zJnEwjzj8",Check sum is (
test,"""4'?4>N2s""]",Check sum is @
test,"0.$cxDBJDt8`~98SmUf!^z""%QK.>K8Z5
K\0%4F9	
H",Check sum is 5
test,"@,u0j%K5,4/B'l[0|>UE",Check sum is C
test,gAn\{#1e^\9q; QQAenla#fZhQ+LsOXu	7A6~C|$74G[O27,Check sum is G
test,d]AnBE,Check sum is W
test,"dc/9qLM
%S1$J",Check sum is :
test,/	x?=e,Check sum is 1
test,|+9W(V3V5l^iB]W3c/l/05'!2+;b1%V,Check sum is /
test,)<k{\+1,Check sum is #
test,"qDNyB/\|YdI{[T$T*|cb),z0lx{s_xZ7%orn<",Check sum is !
test,_&J,Check sum is /
test,"!F>}@d`""7_7;0V-`FJz^pf,",Check sum is -
test,!NUH7/t;,Check sum is A
test,|O(h'<jt3,Check sum is /
test,x0BXnfb6m85xDGgh*7,Check sum is [
test,"j<#KyAW4<#Q&,2lQ",Check sum is *
test,"'\w`Re}pC}&u8bx*@Q|E["",3xPdr|61kun[RTG",Check sum is :
test,3M,Check sum is  
test,7CU}O,Check sum is ;
test,"&_;gNsy<(%,n0$[uI8JW;4waC",Check sum is 4
test,"s6IcKtw5/=.6>O]tx""DHg=_R azt.hF_p),",Check sum is 8
test,a?K/_a,Check sum is :
test," m~P2s/{FfTRg25o*hcf8z%_6?% m^""0:SP{5#C#",Check sum is W
test,"m?I]35XSY4ph<""F)Y(nu3:/",Check sum is 7
test,:>C<f2n0O(,Check sum is D
test,"[)""l85.~=(0R-[MI2",Check sum is B
test,&lKoX,Check sum is D
test,;y_3zyBuU9#b}/(%$I	M	^WK,Check sum is (
test,VUS[~a8:mi}fZ}MVnH@YBK-Y|,Check sum is [
test,"[)Ivo9n(,3k[7|?bgu]bqU[q",Check sum is G
test,s 3?`	OWbRkcOlw[&[%=C,Check sum is )
test,t-ki3FHhto8n=A,Check sum is E
test,"nKiah&Hl*2^\28OL;v1_CVY
JWi#1H'U_",Check sum is >
test,2 \<_=jog3*QVsb4o39aX,Check sum is G
test,"I""<S_-s)B@X>
Q2%K]+l;]}l[aw$kVxTx",Check sum is (
test,gm3	C	Z8cWK^c1~TO:$=h8I<}m_#	VLlS )L 70H}^pFw9Un,Check sum is $
test,Hq87KQA51a'$K^hAB]%elSPhsP7){3,Check sum is :
test,)A4L}{<Rn~9e`EsJ(OSWP7,Check sum is $
test,"x$pj$y&v[hIanB3{e-dx+Kj7.pTA~41Z}!L*S=;
%]E",Check sum is ?
test,"T&*C)
34it`K](+^(G> E9s|.;<]%""^H]C9)SOli@en/",Check sum is [
test,4e=h]X,Check sum is S
test,Mp1c}Uv);7iE*+@@$#k,Check sum is I
test,97,Check sum is P
test,M=9)iS.ZoCA`A_Iv1eU *vU\eYI[gw	si55c=L_6z(,Check sum is P
test,"Ts_F</.q@P<`S
)#v#0c[[}g}:tI*qq*\
{d8L~
U",Check sum is A
test,#[x'woeBWB>|L3Y'|;{-AGa#2d@V{D,Check sum is 2
test,~qUxGM9AK~WL?s$('K,Check sum is F
test,"J&5eaN\'q6G9I7 
h0oFnRMdv9tc_t};A`Q;hSsVyI",Check sum is /
test,"^gc&|T;z+d+=.Uvc|:Tud,0Jo|pUx1q",Check sum is Y
test,:Hf	89>LsL&T7<J>	sfo)e*c=psl7XeSe:|4,Check sum is N
test,	b'E_+Ts1_+,Check sum is C
test,"5A	'<} 0IB3gQ`1r
w>T-UzA5i!'~PniJfqP/xQ",Check sum is L
test,"%oxF|&w/{9B#3=]xFzh'n,FZNN]9*o","Check sum is ,"
test,"Ezl>""GwFjQ!",Check sum is K
test,"Z'E!sCRn6L>(5GL,U/,63nK@CmiAT nptt%GOodaB';Ym",Check sum is X
test, dGaTS7qY`vIuTbZ9!H50ki,Check sum is 3
test,Jbg3*;l',Check sum is ^
test,"5^g6$iojIm<Twp8""p?64]rq7|5VuW
Yj|mkGfp`",Check sum is >
test," :, 
zfRzj:grp\v",Check sum is ;
test,"v/|h<a8xB]RT3ko+3+i7""2{e$1
r>RVk",Check sum is G
test,nNsAjp<.Ye.*o.,Check sum is G
test,"!`W; n:Vl4wJ(|#O=?xC1Pq=VsCb~C\{5U\)s2+Eb?H""
iVnh",Check sum is B
test,"l]C:/a:AQrHS,m6lM;bU8hOqf<z44H:b7s/k$,u1u]SR7",Check sum is 9
test,yg.7%q)V|Ot}+N4O+NaW9II]!}g,Check sum is P
test,"D4@uoNFH
dN",Check sum is T
test,AH^}ttf^)c,Check sum is <
test,yG,Check sum is  
test,"s}x_N_,xPFCBkt)sqH?'AR""ZY\<.L3E""^x[",Check sum is 2
test,g=h-%91;)Fnc/#R5+) 3<i(7b\-\us9N8|g'\I6Rrq#mz	+xy,Check sum is ^
test,&SLBTT>c~``]<N=bZK,Check sum is Y
test,"b][[TzWK7HT(P1/qp\1L5uZ;L)R2^P:^QF8C4&wcGq|a,ttj)s",Check sum is ]
test,"3
532]8MW=6eK}XB5Kd@_pqU8=",Check sum is X
test,ar,Check sum is 3
test,m4wMa>?%6pVZ'_!,Check sum is E
test,rxe~y*bz}iUn#tKo{1ZOA,Check sum is <
test,1{~YE)?iR_tu#$ ,Check sum is :
test,|cE<2%HV9N)Pj5Anx,Check sum is ;
test,=ni{ h,Check sum is 7
test,"f	&iem#S7	9{""""ju:s	QsC|7%R,n@t7{H[gwu[l#",Check sum is D
test,"hYG8'h/k'0	_j&WBTIE#e=$FUY\[jV%0hQ3CK
W",Check sum is W
test,"ATC-l;(sq0{R[|!bsQ=O+cBxS@
eo1[iJ2z5$*Z5;",Check sum is 0
test,"My}mY10rH,_lh4W*2YF*#oYz0J&R",Check sum is *
test,Skh	$C3&gPy_E>N8`:gAr,Check sum is [
test,+CF[ELYr,Check sum is K
test,"	3I
N^NtEMDk@G/e:?wd.jB`nNoAgf`oPb^&pt*Qiax$3+5)l",Check sum is 2
test,"N<_]nB!sQUQ.4lDsW^Rf_\
Yi*h*$&[2kb;!,{ 
DOg]M1""",Check sum is ^
test,"W\[\[095k""[7`0n/$",Check sum is 3
test,"iw%k)>3?6isAq=Kfn(}|UOAm9}=+XQS>z""2\",Check sum is >
test,"k!v#o3jaX/Mm=v#DxocV;~~wH;\""@w`4[4tPOHTW_o",Check sum is J
test,'7]P,Check sum is +
test,!MR0}|J4D)1ms|:)u`N Gk7I%j=KcLiM!|._3=^F,Check sum is S
test,!k>C8V(uZ@M%as%ET['Rbm?)am3Puc#7u\pf,Check sum is +
test,"gaH BrJnVf~IM'@R/z	
VB;",Check sum is T
test,yC#x`f8M4h,Check sum is ^
test,"wp]z.c~RfB'
_%X	h0Z1C+)t ",Check sum is K
test,"&,M4VRTteZ{<Uqz[k`Q7,g",Check sum is Z
test,"[3uT`RL<l6}!,t/",Check sum is @
test,"V(g=!J,SES;U""|Br]vim[9hm{Z?R#=*\!UD>}",Check sum is 9
test,"(gG$^{LM(p`*GRO~zfTU0k4>?wj`ArN7&!$cpBR,:T",Check sum is .
test,"9vdWS<-pDLK""b@*Kqbx0F!xtP",Check sum is (
test,"[Qd%H{9_d0n$Xl?3W}U{(},	;!$cuh<,:3",Check sum is _
test,"[e1&c?\~|2Oh%5`!Y$Y=,D7Y=0Kj",Check sum is (
test,"00H=^5hQ>lH=8P@dvE!H72^!+!d
 0M5PJFfJ=,w!o0(*",Check sum is F
test,"DL'ICO""dt|a[la0Zu\",Check sum is L
test,"gp$em$9C&3-""|nz(YA""g0\}pWf03KC;3+.P>{8e3cCF+%l]",Check sum is 0
test,"tWI/7?4Xu:dGy*2l""IwBsd>@HmS~K'CIGe",Check sum is )
test,3WYA'=S8#Bmo~2,Check sum is $
test,"@F!
<#'{n5",Check sum is 5
test,3	AmjWUTdPEqXq^'fLi]#Iv	xpJel)T-(,Check sum is $
test,"59	,s;	b]{J$
.s9*LC5%I\|l",Check sum is &
test,{3{y0qAW*()e,Check sum is [
test,H]r6p)wPzJcL>?A$G,Check sum is )
test,m`SIb &}H1w}re%,Check sum is W
test,"-LrU+|M""F|+}|!#CcMFAe	/3XWo",Check sum is H
test,"R+WUUkGs`/g~(xV0'=Jy9RWJT|v+V2W#UWD~Kx{jg~\{"" Ve",Check sum is 2
test,"b
1T~i,We",Check sum is  
test,";?
q[P_+j",Check sum is 4
test,"YOir*{uXZ%mpyK:19=FngXXlZnylOy
(~:=u@,\h%Jb@O",Check sum is .
test,4'3S	Q,Check sum is [
test,"4
o>K4I-J)uxFhk""
vGV%X{lk%=C/E[7`$D*rO&",Check sum is K
test,"""tt7t|
=s""L9# noC=0Yu$uf=A`s&[}h8uR",Check sum is E
test,",o<V&q{rFa,d4>+/Z}=",Check sum is (
test,"aXR@8<tg<TG$yh637@(m^RvZ-5&sP-),S{PYyYEw&N",Check sum is Q
test,|{dLn4YC&#%owHO(-eB('5aMq`xXbmN_Q1.l(A'I,Check sum is 0
test,A?<G8mO~YblI,Check sum is E
test,";BjV4D;9?taO,}*VMC69aDG3(Zw7dY1/`q!?@
u*<i~!",Check sum is ^
test,wjX%[X_H)V|VMvV=2],Check sum is N
test,"{Mr7}bM,yCb5lFY6R)Yptu",Check sum is *
test,0a:5V{R; \qlkYW!o,Check sum is B
test,{jsj,"Check sum is """
test,"<eL
A856V*dM'\5{",Check sum is _
test,J#>GJ9U<#dLN,Check sum is G
test,B}n6FrXxN~72T5;bhvUoCR&(o#XPlFOvOA$=rUr<}8k;I,Check sum is &
test,>S#1,Check sum is E
test,"=
i-8""(2OdorNK3_{q%v3QxTZBG&t|>-u^
2k6",Check sum is [
test,f[WL,Check sum is D
test,"Oj4	CuRW11r<;=D,mH}\2ZCG3ke25a#2Rvxq,:",Check sum is J
test,"f3H0z\.R9bY:<!2'(m,tAK7SV<Li>p`,P5^
x`N",Check sum is J
test,"GIHeGL>5XZURy\L'~7#~U\;e aC/zea >u$`zOY0:t>Qc""h",Check sum is 1
test,1u##^Q2EJ:e!>:vGG6$$&=kBxS%,Check sum is 6
test,"<R&|KP-Wj.2e3vFk]s""",Check sum is *
test,D59/2cbSe9a</d~YL>__o58'FtS7H_]S}*K(^ysl1cO[*,Check sum is N
test,"Njg
x	T5V$O-6J~",Check sum is G
test,"`&[zBk
,ckZ<",Check sum is B
test,"o+,}&MB=DF",Check sum is _
test,8nW5z<md99@$*`%W99^Jk^2}>Gw,Check sum is C
test,"0w{ ,NFy:#>*ehu3G*p^`7%%+9*K55|fAS!dO.KQk~",Check sum is 5
test,Fpe=pQfFk&G|^&'x,Check sum is \
test,"{]7HsD&<7~//L\H%aQ!AM|/M81
Y/^}xR$XB",Check sum is /
test,"[>HYVF@rnR	nk""Y4jflNGjf5z<vY'4U_",Check sum is #
test,"|UMyf#??;h	hP=e\F,V>k7E>Cq8-*8[J:",Check sum is %
test,"vNk$+FZZS1M;4|! ?J""5`y`hC|~J;vx_Jwtx",Check sum is R
test,"BjjQ~+Iam`+q+Rsz=""Qz{A+$b,lD7W(]\_ZB]<m",Check sum is P
test,"NZ/fHU&ZuzS?k:_N(I]""u%jd""4=_MZb+5mQ_I>",Check sum is $
test,4i(j-vaROb&YMl*(x1	tQ\^qmO0G,Check sum is 5
test,MG2qM y>d&H,Check sum is M
test,"J7?^a
1._;,5tYJ 2M",Check sum is 9
test,`\*FmxlWK	,Check sum is H
test,"X=df.bXKpb^R~v37'uA}1:v	s}tG""w_<c++/0;ULe<7!c\0>:6",Check sum is ?
test,K4)Z2dV<ob:$ycC%!uFM@y zE;{L\w,Check sum is S
test,RTXAER4ty z;,"Check sum is ,"
test,>2sPqstXtY(nwe7_u1cWL<N]T@~]uOR-d!l^,"Check sum is ,"
test,;j$,Check sum is )
test,[&6MSGXX	~]*}),"Check sum is """
test,",98,8!R^Wt(nYG';H,Dc;tiq[?'qh?LB?0)%W`)SJin",Check sum is 1
test,"I!5!3$P@,`UG",Check sum is /
test,"ghy!WH;{rM%\J,cF\s4/4+^\]yOVy,L",Check sum is 4
test,<f:xl8|>9~AOf3y_B]sK6kn3<	vW^\nT1F=aRNF,Check sum is 2
test,ohIvv=Y^@Nns-L&s[Te'Q]H,Check sum is R
test,-[`R{*)`Y,Check sum is !
test,M);5Y6NHZhE@zOProf]&4,Check sum is I
test,":	VD*I*4,	M.CO!X}`]HOMnUxt0K`*ctZ",Check sum is L
test,(V'gt$,Check sum is D
test,"e4s$~[7,w.*14a",Check sum is !
test,(|QQty;5	,Check sum is L
test,"atG^;A`>aruD=IA^""BLNT# k1emd",Check sum is L
test,"JySgL(G!$ux^p>]%5$/pz%c""mvBUb-#2	Wv|Y]cX",Check sum is U
test,"8r2DV
OYK*@",Check sum is =
test,MRg#KK9B>Kc`?&|,Check sum is G
test,vnq@,Check sum is 5
test,w&E,Check sum is B
test,xZHG?>2jL)zOQ^8}99R/ZvQ>>zo9A3Q0',Check sum is J
test,"~<)vL8|=xisLs]c^k1
H}>kl J*7/8g?_
55A|\#?y[a4LW",Check sum is Y
test,"91OqDo<vTq8""?eXy!vGD@Yy|q\2<W6^
fkq0!FHcP,9Yl$&[",Check sum is F
test,"k$r(!+H!?I4\oR0J
]KuFODH:bjxAaQWcsY
9[Q L",Check sum is +
test,iDAk$Xw*M,Check sum is #
test,"fS&S.VM.fR	Y1SLO|cV f~_%Np<yL]1zbitX4l,E@N",Check sum is D
test,-!z~Ay)wHQ9;7T/})yIJyD2_,Check sum is G
test,"qv!q@\G	
L+j	]u~='BB$,A",Check sum is B
test,i)<.QT!vXF(uyS\>HEM ,Check sum is 3
test,TQP0sBkPE&I|,Check sum is %
test,	HT@]S@[g`Eag!-*Oog)k=,Check sum is R
test,"	/	a/
m0='kEVJZ@J",Check sum is 0
test,S#//\'ZGY.GoTk,Check sum is T
test,"yW=;l&E'+,uEz",Check sum is 1
test,L-fRuc]Y/dJ5Ju,Check sum is 0
test,"D
].8ayox8;ssXC2vS1x",Check sum is J
test,"cv#m
47__^,>n'9_JvYS=&(	)|m<DDw1tb(",Check sum is -
test,"5YNRqI:	Hv,Ta1SKGq",Check sum is 1
test,P<]K.q'g}qU|Q/g:>K7l,Check sum is M
test,"EIAtrqC;fo.G9:""",Check sum is #
test,"JA51}m\%SA
sCN-F*00[",Check sum is 6
test,"|Et/@B"",my
9U7/
^ VWr;T1j=`w$PI4UWm!F%al",Check sum is @
test,"7]
vyXHAuIe^%]L4({aB^q	_\lX",Check sum is .
test, 76c?*;:H!io?niKW44t8~K,Check sum is D
test,	+fCasgy&GD8$.$_FWx;*D}=#G!p	+Q(,Check sum is O
test,"';yY06lD:""Oi7]8:.:QL=:S=6lr",Check sum is $
test,",H=",Check sum is Q
test,9=o~*q}-oA*K^u0k86SCoeOCu=`	yC Ud3NyjJsDlkx(0'&vVR,"Check sum is ,"
test,PchT3e{,"Check sum is """
test,'9~S,Check sum is Q
test,^d{?P%=ZqW!Z&_l0)+nMPAsF8R3dwl~7#,Check sum is A
test,|X{AX7z@:)53E)	s(>ZCB8g^>af,Check sum is 5
test,e2INz$vqwEON]pq`JO6~]'rg~[h JHjL+Qk^}Fs6,Check sum is N
test,^jx(ua/JXQ,Check sum is @
test,o&b)4Ajshl	Df}c RxBJE\,Check sum is P
test,A<-YC5LQ`kC:opQ`m9SQ4]di7h-Wk	Sx] U6rx8,Check sum is D
test,"MbK$
G@US=w.?TCJp:eN(C^#srV}sO#""S@-""",Check sum is #
test,@fz3/+fjSO `Q}u)4lcX%ceyH@4;oP@#Tc,Check sum is <
test,"</Uj0c&J<U{e,t0huDzCBtJBz0GKA",Check sum is +
test,"y2Y4""Z&ALU.CyMj{mg!!,adgg3OL[(hS",Check sum is Y
test,"5=a@,",Check sum is _
test,",8T`vfBt""Wl@f{jt4~?TqX4G)<VJ0IA[ PI}iFHBff",Check sum is L
test,F:z9qw({2m0.'ZJu2Xfaymqu>]l2DpY8p2]L)`VR,Check sum is 2
test,zBu.1JoBn^pWSGr_AQ,Check sum is ;
test,uVmc_56xROvRE3HG=PN&(Ur\5V:-RWF)	o-U?G	nOAFSG4yJ`j,Check sum is +
test,2O=:{E,Check sum is X
test,rX0j ~&3W/,Check sum is A
test,j	XmGNGcW<u],Check sum is <
test,6:+c<$T6CRKA pn3a,Check sum is ;
test,"'G9hd^)>,Tr|",Check sum is F
test,"@1IZz$>0vfd RYv~|Ob0=""b1DL/s*?(f&",Check sum is ]
test,>CJiUH>,Check sum is /
test,:jAq,Check sum is 6
test,"/Kf'>IHtD;;RsRu?m?:@ai#^n/hc,iTFd",Check sum is [
test,"zmJgF(}uljJ	r.^
j*{fC]1q.=Ik8:EuS<",Check sum is Z
test,"
Qo4
.v>A;#@*psm %h4^.tJk!>d}_6Q%7",Check sum is ;
test,"H6nZ7WTlhsI4$[]~jFG(wZZ.J0\M`FU./QC,cEVu\bS8ek{",Check sum is  
test,e~:jY7VD,Check sum is Q
test,";wq
XPJQs>q,	",Check sum is '
test,"-T=Q4C R><:%YXv<L;XqkZsg!N::g_Km]\5VnEI[3.0<{xU
",Check sum is ^
test,??Ng\;}9'D7#c!!)!emwg 'T43$xM0^x,Check sum is 5
test,"4jE!uDat,OV8 KztMO&pS~[Pde%+-^UJr9",Check sum is 0
test,"4L""`S4Qvofe(/uR`z!i>si[(LCYS;RtI kpW",Check sum is  
test,vH1kL8O8_HTeDf[Yz54~vI0nMWsd6M]EB<o{,Check sum is I
test,j'RzKG	{LUat4jhP8fYZyK(ld*P4ut. h^ER,Check sum is .
test,xWu27rN*qA[dz,"Check sum is """
test,"k9m:9q:>:+Dx$=E*""R4_",Check sum is E
test,M:BR\.M#:t	>J$t.uJ>JXFCZ,Check sum is <
test,"C""q/#	`L/5O,A,~zt\|4}Vb7^=h
5*r#@d;z5!YO",Check sum is E
test,"htiO$*E;9|)AX7:2[C)M4R{=m9y~4,[{_.",Check sum is N
test,8ep>k,Check sum is V
test,uG2b>Cj@!aLH8/F	-+G<!B&D MGQ`J7q#q{oD0!]We^)u`U,Check sum is C
test,f^-zIq.dbx,Check sum is 1
test,"l4""0wU [Oi;Td^2]Kr*rX6&A3.Uq{B'MVb:>8yCcJZ3V%kAo'",Check sum is 2
test,"o$0{:e<t{@>?bb[d}}n(QP;/-B4goIu^\xJOlh>
G6zR",Check sum is *
test,"'4P(|	AoEv,+cm.g""
1myiy+Z@^rh(M3UN#Phmnn&}d
Do'",Check sum is [
test,;yz)Hx`q-N2Z&c?,Check sum is W
test,"oK4""T@	;kpEO3m$g?0E",Check sum is V
test,"B{a	^<*m@D@x~0.A/B~
N5F",Check sum is S
test,".[@~-ev\{z$QLr-X*iT2v;x*}HA1Bm~27J>lY|&o,nn)!Ix","Check sum is """
test,l?y8]V%<l+kE~7jRQ$2?eMgc*7d$f;:sw{'1q'lZ,Check sum is I
test,.:hak|,Check sum is 8
test,R>>z%`NCto,Check sum is !
test,"PG{ BW0Rhmff"":<o*(Yl~x:zW30MyL{S&\ h!=xb^gO	u?!:",Check sum is ^
test,HY@v](:wlPwN,Check sum is .
test,"I$EJn[>Y^+vP/.W,XiDw|qH>B",Check sum is \
test,"=;D[e&,n6qjze$iDRL['M
Q<cGm\%",Check sum is 9
test,q`+Uko2rtWO7iC=5aOXRxTEXrj?S	!'1zoGg97,Check sum is X
test,}Gz;}L:@/HWF9278;##h&>OhOXp4]Y||,Check sum is G
test,{|,Check sum is W
test,"C%|+b(:8uJ4ucktp'*#q#Q	LTl-Izr<""5u",Check sum is ]
test,"D
_-;cDFQ| LCEMX$j@!y?c'5W tr/KmnF[,""9q=12V!tMX",Check sum is )
test,Fj>NRnEL>rM?#}K8ast8h3#*/0a`,Check sum is T
test,^5#wu9'@-G:uS+d,Check sum is '
test,"@B.u@X+xd8DUzpK
|D(W5DMhLJU.FxF#lTD1JXCbI(Wbt~O",Check sum is H
test,"rmU!CI-iywS9q#e^`,",Check sum is 6
test,*#>,Check sum is +
test,"2hn0yk`*EH:!Q0dj58
='Q=VTA",Check sum is Q
test,Etr'&[_6,Check sum is H
test,tHaC:C&/gi;;|ip 7?%J,Check sum is 2
test,"TpTf^,L>qgL8!{I'Q!o`TYD>Lu59Om(6J!",Check sum is >
test,/2lN[vR@=6n5`d+@h6Gug(.V/+;4F<ZEtz#W>&61Kp=w,Check sum is \
test,x($WE8>Epo8B9ro|2>,Check sum is Z
test,/(`A\cp	h'ZgDoTuQn]],Check sum is U
test,4.A	@p`12jhN	LT	;]]b2/}&12}^rJ*2{M)jy/,Check sum is E
test,"+LNyF04QO,*p	Pu-6zj4<cnT<3`f?:mk&",Check sum is D
test,HD'zYae-7?,Check sum is O
test,<y9-:&)R$`c	Wv@m`+%@!`[k	i{v@Ez>Zw,Check sum is (
test,yj! _0?~o\ r'\h+vA>D=TFvt7u%j#o,Check sum is J
test,"4u{Yw%5vS@\P{ RqN@""i\UA4_jUb\[Rb",Check sum is +
test,"h=*,:HbsjVWR&gw|}dXd"">|HO""n*0",Check sum is U
test,SBj	./Qh71cN-?,Check sum is C
test,#&=@Ck\GT[Jq4mM;$e'7`1D:jHE4Bab2,"Check sum is """
test,"rUC!X;=@jz{>sE+
}BsLz8TQV:>T8
Xp?68:",Check sum is M
test,"1;]u]MQu	i>R3#Ua2Nq
K1$*!
=~ijVB;K>XMIE![0Sb/_",Check sum is X
test,w #Ej0BB@eXN>:bErKZv,Check sum is 4
test,"j
Apx&{e$A""E>]D|bUh;pm-%E#tH)< ]FiNbW",Check sum is /
test,#M|0,Check sum is <
test,iy9i%$2?N[K0j,"Check sum is ,"
test,o[k[t@d'&,Check sum is U
test,l(REUVr0.+b0{;3&X;Ya)j(yn>2,Check sum is 1
test,"gr)+)x
O']h`4:q",Check sum is 2
test,Gu&+,Check sum is -
test,"zRyILl""=ZJdWqCOss?P+KF\bLzqcl",Check sum is \
test,Z^H't.,Check sum is )
test,"$yg~@e8q!IjWI63ydCZq9~.UFL$BHXC!V[m""kUfFD,cBZ",Check sum is I
test,"q0L=E[+:Ghb;x7G
mQ\{HDk'vm]v""<\U;%MvV:\KhwQ0{IQ`Y",Check sum is [
test,"""IRx3O",Check sum is W
test,cc,Check sum is &
test,"Uca<mp%{%nqgAwxS9j
69wF",Check sum is 9
test,yyp:m,Check sum is )
test,"#W)#vG/A+1R7j|
)Y=BtUw(+(2{?8*,E<Z6CFYwOvpG:'$",Check sum is I
test,%Q	T]D;6i)7&,Check sum is 4
test,"cFIM?X$Ky@3/^vo1	FTHexMCPRfGu""wb?$",Check sum is .
test,"fi6,,I-*FDcp@QW4""<",Check sum is 4
test,"k[xw	X7P?,5aixf
p""
uXJO0S_<\,X/+pt",Check sum is M
test,"-8dKY5pK[O5y+/%;]
zaf/'&JP",Check sum is M
test,S.Qsw+9m),Check sum is V
test,"W14czK Vto!nnhcnIp|U^tI2N
Ib6Mcf)]W=M^! q",Check sum is 0
test,?iZwfpO6}zkvh,Check sum is 4
test,":h2wZD~R+.l
U|yEm_KmajRaD1.|h/z__%k|-^""lI_9	R	#WS)",Check sum is G
test,"
j+?}ZLQ?t%2xYfGx",Check sum is 2
test,"@sRFcMoS1Y\eqh1""C~U+X9{?{>'21..0?",Check sum is .
test,"2>R)j,L[fMnIFs?nJ)7w:J\m-p8p8EQEz""W*e+a9'",Check sum is L
test," NGO~_xghP`DoiK}3""3>k8^4tbPOi",Check sum is 5
test,X'*D/p0kQ3l[X'HvaK]#r]si%,Check sum is K
test,"J ,HO) 17S7o.b'*<hNNjc]yph7?O@6TJ>#,H8x""Z1H\j-G",Check sum is  
test,":vg\Z'BZv""V2w+~q@ShAewZgnS[_9T=\P",Check sum is +
test,"D!An-W:_y<Lk5tyC )k$Aj~]
N@qwj0MxM5*",Check sum is K
test,"e;T1+y'/(;oUxy4X:c&Aw|z?,	4p#\#Q\EjyD?-	dl|J""=;2
",Check sum is H
test,"u>Rkt ##(s\Ra>!Yw;Ro)~r
uX/Af^D@)f/sii2]%E`",Check sum is C
test,"3jm3t8byZPMOCW5r<_q.)sS?""7l3qx%D9hnY=U'!hTl(1n#BB",Check sum is 5
test,~hq{!.uw,Check sum is -
test,")cH,R&qYq:j ",Check sum is W
test,"s}?u8$J%/z?0M=]Cuz \D/B
_1h8",Check sum is +
test,N$V` Y]&A$Ve%vD4^SpFY0*4U&d=>[F.jaU.XAOx.@U'P],Check sum is 3
test,.$gr}s 0::(	*nf]X42bVE,Check sum is F
test,7)!/~o=\-<>9	0=&h<hs24WDFAxAHR9kw!Ysd61fU>[R/\1St,Check sum is (
test,"-ol0
%O)WX )pG9HJ)u/iVZ1V[+EXCz$3l",Check sum is I
test,"a,e+DiNj-`pe7.e6gF",Check sum is 1
test,"8d:Zb6Or)yNlc3tnanJ

X,b>i""wt2bF'o*ZZ",Check sum is R
test,x1KM]m,Check sum is +
test,Mnnat#L&PX^Uih,Check sum is _
test,"iU{[jCIIpOBXWWqw44<b,7/f6[xM#qHSIC$&H(qz.e0(%KV*Zc",Check sum is .
test,@C|rm-z ii&(P:f:h/yn,Check sum is M
test,"3O"".8]h-u%EYC3!Sv|[Tb!F1AV%kp""""ASAa""}",Check sum is I
test,"3 CF?og^9MP9O<@4Kh 	S`h6x
}d`t3'1","Check sum is ,"
test,:s-sC}SVW[;=4^a-Ts,Check sum is '
test,]=WF`(qj|IwTF[Tahy:yYpjVw	~v/jcR,Check sum is ?
test,egXqd0DF6n]Ei7$R)o<_S`pgp-8H,Check sum is I
test,"7s	i+G6i0WMA^p<,""^8D1t	0Pi5mEO_|""K:n$ik(",Check sum is 1
test,"/u(J9}/s?VJ""
ipfx5L<f$~K$*-:z{",Check sum is J
test,PIC3BV~|L-{VPrWdQ~jR80Ck>uZu~;*&&,Check sum is Z
test,Gmi_-41pN|cKc2$+G:>DZez>PUC39:Qg!u#i5k,Check sum is <
test,"U{bp1yj8wuxe4`#T(@XQ/ w=G&-k|W|?#/8{,fU_8HOtOu
",Check sum is %
test,"yo'<uAGOHx&;\O:!w8fc_<QhHILD/@[#HS{jXe?h
p}y",Check sum is L
test,"+M|v2`zK\sr1,6h",Check sum is ]
test,"'tLDe47:ij%!^
)I`Z&OwJWPy{dUP\",Check sum is 8
test," PY|:Ab#0(XN)z%#ta1""l$	^QnAz@s@V701",Check sum is H
test,"><|^ik=Nu3Rxoj!sL	L}v_Y|	ty&e?,Zq!pd(m>}A_o{SC%",Check sum is ;
test,"Sdtt|R<'ck5,Q%*]a{^v!UulXu6m%vBkJ'<-15V]Et3",Check sum is :
test,Gm0>>U^:w^LnaP%jB)5vm,Check sum is ?
test,jgV,Check sum is G
test,X$6[?iy6U8qlimhLgkh>sR'z,Check sum is V
test,"/C=euv{oz#Z_P9NCj'<^_c`;O`y=mz^*v3u+x%
",Check sum is E
test,)V} g= ,Check sum is @
test,"a3^@3<LqD6	~ \~Q%W+,0/azxE,M4^z,mUfrOVI6?X,fWD}",Check sum is D
test,".n<Uv2rU;*fbrFSG]8 i^_0),M;)D>29jQ	];HHm\|a5?g3S+]",Check sum is 4
test,&okUxy3ta}ox|x'lJumB!i~*\8qS>@2#9_)<E,Check sum is &
test,"""duw/	|:UUA7W~tWPP.|;P>MabR",Check sum is 7
test,`=_U[,Check sum is L
test,A\tQynoH,Check sum is  
test,"
qu/I0 0!O/>t${",Check sum is 8
test,"j3}@p+s 0XZB7Fyqk;|}1^m,",Check sum is :
test,5$Ty0,Check sum is 6
test,"S[<+0,#KYk?(J d2hrRG]Tu ",Check sum is #
test,"x3'x!ot4*OmlR9DDN!-3
O5lnL$V[<rLvogy",Check sum is ^
test,"f}DwhP*`u7wc!1jf	\+Ra%4>:,c$OGF9",Check sum is D
test,"""`Od_SWT:VC,wSMMsEm:=mPD5A""v%(pJS",Check sum is Z
test,Bv7c,Check sum is 2
test," f>""y8UC~B
`Pq6|+P*5sH'zj/G5u@IlCKn:2-",Check sum is 6
test,"#u%&s~Sw.re'!c""x|;%/?w ; ",Check sum is D
test,"M~c3'#(	bpPYtiUYF_%5""	|>L?!Z","Check sum is ,"
test,sR8'LL|{A	Bslk0M,Check sum is &
test,"]m,xDbbPe	W`OE.Dy`~H<Kb!UBrp -kO(v?",Check sum is W
test,qUl.2t L^A%kw[S,Check sum is &
test,"W;G<C9vQ)%wk5Hr*94WPus-#J0BJL;lh,",Check sum is Z
test,"kZuVu^N0py$M}.$:/7#2S8VoXvH<|9BK/rqu+Qx`2""",Check sum is 2
test,"Q&;""S,j*DL{@wO",Check sum is X
test,@9y	Mi#ZbZ:?Qg-S p:Vz{Eu](,Check sum is O
test,"|bWbAb	9MmgQooL9iKF:G0E[$dPH9MQw.X&,az>@zPcM?""",Check sum is 6
test,lX';l=b/Q!}_M%Iw8fPCD6*A,Check sum is V
test,d3D!cc,"Check sum is """
test,"mB<
$:(%r~5@7kE/Pkq9pk$""ecUWJmp>,Q7Bv81",Check sum is /
test,Yh(|gqTI Ozo]}a4d3a2{D6z.O%A2qoS.!8q\Y2G;\wza,Check sum is 1
test,U[|ELEaf+<'~agpy8k+DPe/ET(3}J	k*y\eFNPoY,Check sum is [
test,C$,Check sum is G
test,"jq[-Lx3(*[2c,3XF+x,3kKT;",Check sum is @
test,"T}	PX3?SkBzC>l%^
UXS^z6wRQIGBTK^(Z5y#s2WV$&",Check sum is .
test,fkM2,Check sum is 0
test,"}Q.L""m
s_z=hFl<4N[}%
%CW$,qlc
UM39",Check sum is P
test,X_(CJ^cVgq_ROPgmJ0-VL[H}cAEzNg/	y3]prQ)x5,Check sum is *
test,>6PK6k^*yBsKo	\kwyUoA[j:XY|-LD)gLF93}-\#@kbx,Check sum is *
test,.LS*{k7n7!bxKDjL!`b5	WuD|1EWW~Zy9/LU%xi==$d(,Check sum is 4
test,fX*mRJ9qYDe7[.v:KzddufrpQ4{l?<j#~%a_Z'D%&T#,Check sum is U
test,j	AQ'jQ>Z!v}~=Ab,Check sum is Q
test,glYrm> f2p8|ozNIs22wBo	sw1q.m$7JPD=>8c,Check sum is C
test,"|z,mUAWY:",Check sum is /
test,O]_[[W1~xcU;-iWi)Y,Check sum is *
test,";T;nSB,\@i[9ag1*tda@/]XLFx=tB\>bX1M\B,O>[",Check sum is 3
test,"F=f'""UdnU,RM	y>dZ8<tk=Z",Check sum is A
test,y&>sbhy,Check sum is 3
test,)5tlhvpV2a{h~#?x}'r$sp<g/0W~SL1X7k./2fycomHKgm,"Check sum is """
test,t*YUF89lJG-}`.p7kRCAmhkQQ6cY,Check sum is T
test,fr>b*o6KMMm/3HDL.aG1Qv	#D<zI,Check sum is 0
test,|1xW)m',Check sum is Y
test,"z0^\- [zk"",dpu8+t>	a3OlsMLB6fyGEq	U##Vc`I;N",Check sum is D
test,"KgY;=OFC
j6",Check sum is %
test,8[~56OSq8'^9ec>AD5=,"Check sum is """
test,Zi\{'&,Check sum is G
test,MIuxY[8rGy}2826ulY$F,Check sum is 4
test,2;Zu,Check sum is \
test,Y>A.hW,Check sum is %
test,2q7bTcW?1R	zh,Check sum is W
test,"^)PVV~b""NE_hge:D
U*dr}CH~R |XH",Check sum is <
test,WP{75yPj=?}t.0svU#p>kfNaNd|1j,Check sum is D
test,"@^Z3) ?Eu!9SC""J		)4]W7*]6BM",Check sum is O
test,"+^R	tDY6&`o8rM	
,""5{bY",Check sum is C
test," C[}YpKQ2nhp%6e`%cKh9$`f_?x%""!",Check sum is 4
test,"v^,	+E5XI9MRqBD=&:};",Check sum is S
test,"7A`,Aj3m7GXqv
0:Rpj4V(e5clLTkB#gXv'3q69woJuhPS_",Check sum is U
test,"bgP'{qUe	/I OI""s6u.Q4k,.&|[I=>fu5",Check sum is H
test,"WRT{{J?@{""DA>$dv_>5CJ;#(*5,.4",Check sum is L
test,YI'p7<c)_'/,Check sum is M
test,")rp.c)'|Y_{+e#0{iA_KzZ B/N}HJ}{q
vk]mGoTU","Check sum is ,"
test,h:Nk		<SvZ>3PW6T,Check sum is N
test,"dSz@vV.S]D{
1#8z0`@gPE{j5[",Check sum is K
test,"Fuai(x6""5*%AzK1V9sv*1:KP&^w(,}7cTSUs%w",Check sum is 1
test,"#KY4S|iDV#tS|!f-""$b K%0&IA}aUB",Check sum is T
test,172RF}4Ht,Check sum is ?
test,]{(\vVM>f*g4C3YH TQw~lR)f+Wf&D$FaLB 3,Check sum is Z
test,">X
xFSB/W[fNYZ=GrI?Oe)>4W",Check sum is ?
test,"%q,d6H$iH-W]f^3qbMftoSRQmm_~NAS[[9",Check sum is X
test,f_3Y,Check sum is 1
test,t3PpR&|eNEVg:k[U(A%?x?U5`zZ^,Check sum is %
test,}`kax'0s5I{N1jLQXd>C1T%[!Hfi]$,Check sum is E
test,tSMoFV^N(x34W&tsm,Check sum is C
test,W5_,Check sum is K
test,uYvC]kwR)~A$<juX}NuS45k,Check sum is ^
test,"syUd`AvZ#tu0B""U>L9#SFu5, _`$X&-E-{?:=$Zj5b(5h!ON]'",Check sum is W
test,"+=W'8 'V
kz",Check sum is J
test, 2GTM4Z,Check sum is (
test,xZP's<>uA(o:=F\niyomQ3GJD3)S,Check sum is 0
test,"DJrsp-QgZJm/!o^}	U<N$,]|	-)lyc'W",Check sum is I
test,"gFMb->&(UQG>L|[}<- ""_5APl""8",Check sum is V
test,{B%+])yxVm)19fE`Im#wKjxEL^\eWAfO*8fV$jK?h,Check sum is ]
test,"+,=tC#yr^5Qz:K9`5,S~3oVj",Check sum is I
test,ks'k}9FTRebe l5qXqvJP^3>FBEQ}cP,Check sum is F
test,2#w,"Check sum is ,"
test,GG2Av%L|SA_`Thsk+F:%l=+\BZ Y$d=O3,Check sum is M
test,">,eOYhQ(Ys]il[HLXs;4!^&Ku}}|+dbVg{;@",Check sum is ^
test,#*|A})),Check sum is 9
test,-sh^,Check sum is F
test,Hk9:@7'flT](e%&GO*TC0gCdIHz]g27/4rX#mi,Check sum is 2
test,"jLQ5%Ci,RP?Ruyt",Check sum is .
test,"Bh6	u}d95d:bWy:A&z
1n4=!r53])R;""<qI`vCE)1Q",Check sum is A
test,n++Aez;,Check sum is ?
test,p8#V,Check sum is A
test,aCB,Check sum is F
test,j!8.!8.1-JnwQ,Check sum is 6
test,B*`L%<QwV?2tf_udi.<L%_ed:,Check sum is  
test,"y2!*]R=(q~IM%Y6CmcV}OsQ>""n	O
6CzIO(]YTm.j[z5Nf9""~F",Check sum is +
test,!{=;:QYH\G(Y*UnhMV#P^G3x?,Check sum is >
test,"ZW*@	f^SnHomfx<e;IK}LK""'\7^vu6Q",Check sum is ;
test,^P\Q2[w2>!@jBF,Check sum is B
test,?mN,Check sum is Z
test,>V,Check sum is 4
test,6a~RgT?UGpyeOzS9~{EX}{e.q3~(Eu|Q&Sg*)Wk,Check sum is '
test,N'J[_`-cu}OMo*J[4L'RpkZIm@$M=%mrw.ZELiOL'+rJ(,Check sum is 5
test,"{9?7#,z5LvAcO;
o:S:^_UfyDLa%I$9_NS>b7O",Check sum is K
test,GSI<*Kxc[#W=A,"Check sum is """
test,"SOh7,XP>l:hz%hQw3a!P]k]d'xu%b	rhFD7idIw>o""mTLw\W~_",Check sum is M
test,/j 6W?K%F;s%,Check sum is .
test,5[:@J$S.G(<5~~1=Bm#U@y0xJ2:Z|<kt q6^E,Check sum is <
test,QhN$S,Check sum is ^
test,il.xh?4x5_i]<tRRm3|#~$j',Check sum is N
test,5quo-2Suu!pMi6R/2#Ua,Check sum is O
test,Od?T^!p`w%,Check sum is Q
test,SYop)&MMbSK%gpk%$,Check sum is D
test,"ko5	aR-uJ]5%Q%&Pj""""tj0K`*ST% QM_P&q",Check sum is [
test,_6$gq *;(nV9UGiJ1?4cJd\{)hRr!?$t'+rR8,Check sum is Q
test,n*iqBRGsgk7wu~J&/dOZu$Zj=	j=1<pdfKe.yL:x!MN6k,"Check sum is """
test,"W_P ud]I]XS,t4M;_r%Ts0mO&A1t3WgJ:;e_7""8lO1ecM",Check sum is $
test,"#qFBUJ9K(:16	F\>wI)#Fiv""~\P=}U",Check sum is ]
test,KX,Check sum is C
test,"+Bi(q=.&t+W;Nm
-vbuzjY",Check sum is M
test,"CM3p.r},%&ur$p;6Gdo)I,p0M,u]>	",Check sum is =
test,L4,Check sum is  
test,ydw~kfK7p,Check sum is 5
test,"O[	f4,k^9Ey4I.-t!lztl@s%01*Kh8?E@l7VNWh1N",Check sum is #
test,&o^mBW9Ta5>>_yN x?LtYNT:+|I2Ydo<?|\ogf($)!48,Check sum is I
test,"fH@~kIhG[jv,;r^K]?~A!X6V",Check sum is L
test,ch4T'VD#_05N;?l,Check sum is O
test,*if&>rU3y348$*B2[UI'\|Eu)c>L6X'EF%DYx~Au,Check sum is G
test,"39p!!e,
""C=^$",Check sum is =
test,"CH@xU""gA+EF",Check sum is 8
test,%l/M(|	kd`vg~5)gWfVa< =5@8gz;,Check sum is ?
test,"M:b6;
Sz)}PpU	N",Check sum is #
test,"i[)1>ER1]X_I!w#;;3e\j8cKb=VK{F&
,@L&",Check sum is %
test,cVu~M,Check sum is Y
test,"BERdWIH%2#dKnSIBcJ%[J=y9""9!R(oa5TRB`!sBW"",e",Check sum is C
test,wdTz'/I9_?mpPjz')Vt@5}8d2(2-lTA,Check sum is 2
test,"|+F.*zln%a	z38R(JzE01!pNS23;Qt3VxjuIZKAMu([""Y=.2$A",Check sum is 9
test,sR'CV.84,Check sum is ?
test,}H>7f5c^gY^\}~.r6&n'	6,Check sum is ;
test,K&_uX)=xNm{Ejzlk(,Check sum is 9
test,">[9O,&f8?8Jr:/gX/Ew",Check sum is 7
test,UuEd?^4KoIsLh|= E9Apv2SE\*V2Y-h\f~|G_9tfPO,Check sum is &
test,h%I.b{+yehBldi`d;*8xT.//C,Check sum is )
test,[|cJ])[+XxqV[oz,Check sum is K
test,LfoX?I~%sL%6\LjwSYq	8^K,Check sum is .
test,;Vb*;KKAe1[P5/a?amh9H3/J:/,Check sum is  
test,h8K2E		R!0'U1LtIr~v=s.L:#$Rw,Check sum is G
test," waD""DTkgcZ'`[3\_a&fM?48",Check sum is Z
test,BlYR8Mtc}em,Check sum is $
test,"1>&S*&,gpOQiOZ+3AD.>Xq)i\y_:\Bv2K,+ )[)<!9;vN$Z3mC",Check sum is P
test,"\HILe~y\K$m3E:(""k2'w",Check sum is $
test,"
`;uVQ`E)A#	A[my~v~-Mk<.b",Check sum is A
test,recaFxVPnPB/G'G8\C)ZYHt),Check sum is [
test,tR;7xhlQ8a49=-CxCg5,Check sum is ?
test,`I4qQ]i- 'm;X5hc}ZWen}b(IYQUQ:rh	K,Check sum is B
test,"@
uzw A
l8X{3$xhR\TVq898FYT	<K{1NICEn",Check sum is W
test,n	);0gp1,Check sum is 3
test,b	?tg<.sQe\v=CHj6UP73;a};^&*1-u	+VZOG>5Q^,Check sum is 2
test,6BiXz,Check sum is S
test,",%(wv%{:W/+^g<YHn!zm	Pf'@i#l}",Check sum is D
test,)(@ yCsIxQO]oh,Check sum is U
test,!_Ima':!,Check sum is 9
test,"*/pn&m@p
y",Check sum is ]
test,6}Z[!}\hAKe,Check sum is [
test,"Rf7nIiq""9@qg	1h@%JL`7DJ-V^V	5|%xhf*6xrr<J=1'",Check sum is H
test,"'Lcz""*2nP[R_R52{;KP77MKd","Check sum is ,"
test,#\t;,Check sum is N
test,"ff
v
'*te5*E<_@SJ`g:;9w
}9""NXbPq",Check sum is S
test,"N~_aFm<2$Cq1%5k[xp5!TaP J<zkP;cklQVW^0;0&]n""&w}E",Check sum is 2
test,"I.w}|,Jr[GDl(r;4Ue!;	iffkyEiq3QR*C<=;l?QJ43(",Check sum is -
test,"h[hu~y\#e23qI>3+uP(ujwi<0585iJXog6C8kN9!aH}"";u{#cx",Check sum is &
test,"=,RX,[.",Check sum is (
test,%];VMjde^|$%UU^s^,Check sum is /
test,"aHN*,yD:/tTCPUHnQu<",Check sum is ;
test,qjY0dU,Check sum is =
test,]&F%,Check sum is N
test,"
Sy^&}Y~cK.3NuM8~""35""Y:`+t8z)Wt6-a;3O",Check sum is H
test,sim3r2[Lb1%N}P@_{(n	8{4\njw	%&QPJToW>r9yo##,Check sum is 5
test,",v7n~<y",Check sum is Z
test,"S.	WWN93V/;aNA3Il\OA,Z$t8Th=`",Check sum is E
test,"o^r	'A@bIJ0,1U]\]pf^Aw{I}2tH.C1'teRW$#riQAIio&",Check sum is ^
test,_|j@!=6,Check sum is 9
test,"y|}U9S*[H?Oj~OuR,ZmDY`qFMnt!?;d,?2V&:SOWp
\u.	N5J",Check sum is <
test,~B/e'c<JdgNP=k;9-f)u6qn9JJ4s8yQ>34Bm^#h{d,Check sum is !
test,"CsXc>Fa&n4Z~mBb-^$
HMV
VU; p",Check sum is K
test,"OIx+Jz{.KxD		
Q)p{Tq",Check sum is U
test,"(""Ga2]umgBR.]`EX`JUa`'l|MK1&Qai!YM.ijqy9P`!^s<]o?",Check sum is 3
test,"N._b}kq5g@%Q|[_u5DF}g9`BpG)K~zuPhsi&!S*H)cXI+
N",Check sum is Y
test,~4]-x2	1'l0)]xE	Hs!KC)&]<D,Check sum is %
test,"HN2*>TWOV$<""|*",Check sum is H
test,"$3,g61i?phfX0MIsu>:3Mdunw5-oot!JJ@pD]|",Check sum is I
test,"<ULGKo*
i4",Check sum is O
test,"_%32mBkl!jg#BY&~eTZRMD5""l#_2>h@pq#M,>AJ
_M|:`=",Check sum is E
test,%kMGBuU-v,Check sum is 3
test,9O|ZA2Y~4ud<{Rb,Check sum is @
test,"9{K1fCIo:$ IB%^Y:U.R""~Le7=Cp#E*",Check sum is /
test,"m+,]?b","Check sum is """
test,"JtL_VNC,U0`l>vd0~z|U3k5Y~",Check sum is (
test,"
n%\~/#9@1e|]'^|TzM{)dwPrk6z ?XM8{n|xQf2* =*WBa",Check sum is 6
test,"2jA;	BOJe:w.vQC""`+drixg32J<)Le",Check sum is :
test,OJBY?-gllp},"Check sum is ,"
test,"R&s]{6{j?j|Qs]P@"".g
5r=#(tuP&^l~lD`yCOu\",Check sum is W
test,"38|;.3tX
Oq)@,n_-+Rv!^LJC{:,C",Check sum is 7
test,"9@8/:]7z
n!K$ZfUvDDW~",Check sum is 8
test,"<^}@8{LZ}l+`gF/'rJ.UweDESpLH3PLAZzg&.sD,J'hVNk?@9%",Check sum is I
test,*{eh,Check sum is R
test,t7z:kWDT _Y2UHKWt%,Check sum is ;
test,B^_~<s*(p;'@NAp1K(=#HP	&_W9- soeN,Check sum is K
test,"MIVh
#Bv7TR@itqW.>\7IR{",Check sum is 0
test,"JRIpU0p}tc-:lWi5Gd%]~h

e_}`l1irs lE",Check sum is J
test,"	s.RF""~m$7-;=\1",Check sum is <
test,}{Q{YlJaA;*,Check sum is :
test,]Y}l@{JsdXZBwQu%\YbP_f>L4I	Tem`8`q\4&\!K+Nj8F,Check sum is [
test,"V""~Wp5WJUOnW,",Check sum is H
test,"Y*}KMVj^6Kb/6LA:L|w
gm	_Aq`#SH)MO:Ami!",Check sum is 1
test,L	Pz;&9Xp:*i_(wkNkE2},Check sum is D
test,"jqt#""@+",Check sum is _
test,MJ&@gS/r,Check sum is 8
test,S'T7hmYh,Check sum is ;
test,%H@rsk80Vy,Check sum is T
test,]&G;TP* IN<$W[k4aKBN9b/Y4x:@i4J0xX)$,Check sum is T
test,P@~Ww4F|mId%3Kf4{0)+W&<fX#+j<,Check sum is 3
test,"m$&5 rV*,_h3A(MUgx5+JVX)""D;2h,(	k'pQ6CmO%F",Check sum is :
test,r/I<:\j+mw?ct3->&uB:8,Check sum is X
test,(q(#<%u4vgUe,Check sum is %
test, N)1S_oktlxJ{,Check sum is Q
test,I8]p/ru@7JL5dum\E`MROy}!3(fD0$/v(J'mCsZ.,Check sum is T
test,YGJ6T(szZ8jR\|$<{1Mp~cj^6C7vBGNW)Ga4S1;* z,Check sum is ]
test,}w 3#;jSSZZa[|\b\]nF!%,Check sum is 2
test,==.BM@dHU2}Xu7 <<!y,Check sum is =
test,"y;C/|(p& b+{""`O'85xA]kc]}Pw<""d/c*
T)# wj",Check sum is ;
test,"X:4 Ly)LJ	/
L(]55r",Check sum is 9
test,"5bgNG<x^r9q
NdYOjKku2#D_+PH=D'ofDiTH=q?NPX)vK`1hX",Check sum is 9
test,N|2=[213G<n,Check sum is ;
test,3.4D(,Check sum is !
test,"W$&1ukpw3?QKMTzz3rIa'gct3?$y9gI+8k&AR6GTf""%.%.ST",Check sum is 5
test,"!%Q#cSQ9-auqI,a",Check sum is $
test,`u1SjfjK*$4`3,Check sum is S
test,"Zj2{$+yA6'80HU15T=TsA""pqXf2ieqV>X",Check sum is Y
test,"#t	ZE lG^m.e?28:@ZeWDz<5e,$/$VVB%9#f",Check sum is U
test,"
[H&QvAnKEk",Check sum is $
test,"G	$R""
(^@;Qs_M=\@vT&z<??8>j;bR{aZ",Check sum is E
test,\?qi0;=ns9jwA.J0&KUq_MA,Check sum is E
test,""" ""VA7^v'1	6Dpr6_;B@",Check sum is 5
test,\uOF|`BfK Yftp8/<	o<,Check sum is /
test,O .{I%^,Check sum is D
test,"){Wuz+
BkA(D!
v6[G] ""lDmVCddmfsovdZlI7Tw4W""x1|",Check sum is !
test,",w0mZ9u?)qQ?6+.>0N.@H#",Check sum is 5
test,"/YHgh"",W6L2eC,0N\/",Check sum is 5
test,"IjokE @sMR<+*""pS[h",Check sum is ]
test,lQOJ7UG>xKGJ,Check sum is [
test,"H`R'e2EauZ+x@HLIRC7""m#8,NtdHwWXm?\,AlQja|",Check sum is <
test,C]aQtZ>Q^&P{ovo|ucpdXe:'5E')i/<yc3juZ)~p,Check sum is 5
test,"_p`VdB9oT=%""+N5d SX Zr].^SQ/&2l{JE[l",Check sum is %
test,"Mqm!7\BHc0+^$:@gnEl|N""&BjkM""BsM\#[._D9HuYP",Check sum is -
test,CD]!,Check sum is %
test,"YjCN<9c[yzbvmXGfxQX%o
loLf8z\""X#?Wuf&!x/C1~f""",Check sum is 4
test,}@dN+tj-d0z4 S=D(RF#'qIcdZ,Check sum is  
test,>8x`8$\3whxXuDiUY?Ix|c,Check sum is 7
test,">%tpz74'TMKJj:bG,""e.4[`U/cP*kY|DQjhpWZ}t(4-w",Check sum is  
test,7Rz1a0,Check sum is %
test,"J,~	m_R=i>A",Check sum is  
test,'+!W>u=,Check sum is Z
test,Ht*F0\e.C\;Kd,Check sum is 4
test,"-I[fD(W=A;Z=E?
7#;xc8j2P",Check sum is L
test,T&=&H-)YG#NT98o\@QQ--GqPDC4	=N,Check sum is O
test,"^qXyelXxyr(xeq2NMrL
R$XY}vWx%~c^SxKD
Z{rktf[",Check sum is /
test,.PKgJ`Y3`@~ <$)C,Check sum is P
test,"<,dU&j_Ki!'Y-3HTfV6}Xd$V 4XmW.knC<!%O],6[BBce",Check sum is W
test,"AYg5'mtgW	&{7f[zhV:b/UFD2c/w\=wCk8P,",Check sum is M
test,q;9xAD3k_`U,Check sum is 4
test,".9/FR/YBN""4'Dv]",Check sum is :
test,"PHyr:;	|""v",Check sum is 5
test,n)EbYm,Check sum is $
test,FM5JJRyU3~vbk+$|Oo!Ynno`,Check sum is >
test,"0uyx@Bw$E`u;qq3Wj@ 7~a	
gP""Exbf",Check sum is %
test,RpsO ,Check sum is D
test,"P""['6$~)$K~
lVi#?`+2 Y$emz",Check sum is ?
test,pYZa`LN!?g5HXYw>+:mgdfNambJmN`kW,Check sum is 0
test,"xomCw_
$WQY[pm_dK <N4Zk1JiV.!4I ",Check sum is K
test,"B~R\xl0IKq2g,naM8Q<C]D@S-aZu0B:NlO/oL$qW.7?l",Check sum is <
test,"5f k1RVUlDYdZ|}i4q&B""5mT&{l0s38u+
]! F",Check sum is +
test,"`2O\u5Zqb;Ot|d65>Ona6L&QPRN,d'|sTY*=WXEHJY?:",Check sum is T
test,<W{1rnO*r:mPM}+WUyC&^y,Check sum is ;
test,">`O6)2M#7Pj\Q[JJ""7ivPcMC/H;M-:GO~",Check sum is P
test,sbHGG~^#yJm1`Qr*cgA|J}*CPb7T\]B\@0*VH1-k8(q2I\j,Check sum is Z
test,"1TT]J	>e/y~@e4K8>ac<~ng=,<h;hMuU+nqpC=3m3,.7}",Check sum is A
test,"'Ik+':>'[?2{X'XYlJl;`
/?3qlnd[7=P^X}FPv:",Check sum is R
test,#X,Check sum is [
test,"6]""0Ucggb_m@F(FRIj)/<	<iMkx#zk G1NV'<+0 O5Ljt=",Check sum is 1
test,h]i(hEThrWc ^=,Check sum is F
test,"R[TG'4)@CX_y1*0K@6<""k3rGY:42Lv
'qh
5hy
[",Check sum is *
test,"H0d(1q8A~?)y!8""wH2iSd$I#S8vp6",Check sum is !
test,"P
?(u",Check sum is V
test,w{UE\0[vDqM!,"Check sum is ,"
test,"N.x6fm&OY 
TLNSW",Check sum is -
test,"fH^Y@R]Tlk
n+L
E\B0",Check sum is +
test,"EhjHZ+p%o
`e/5td",Check sum is S
test,"~KukeX3	ZEEytg,P,3T""*}.eeDX;4i	f&G5&aeM",Check sum is (
test,4'>_LZ9qi9eDf/0l}lov<0{{/cjEN;c	ak&w,Check sum is 3
test,"Nc,]2`0jy+<	?PB+PPeTgB`JJ-QH|""~R&H`#Filcpy3NVf",Check sum is *
test,B:?UW8* _8KCEKL%~3eB	)sFs_4[(%;hB!3a/KbG(,Check sum is E
test,8giVO!~#0w)-Q7x12 M!9>!,Check sum is U
test,[m5.,Check sum is K
test,"9cqx[yh?fPzj@Ne>udyz=r/4K6|& \(Z`/d3r,;$WgMR|V_s",Check sum is N
test,"+SKmrm[q3k#""XV;MGDe[C:`NdA}|""W_!N-]/6Y",Check sum is =
test,yT~<$RJ'{N&/[|HDI/\+F=dr/\G'>icJ?iyPI$,Check sum is R
test,"(~+hD(Z_OS5|S""",Check sum is F
test,"f{ K,~R2z&	`v1)",Check sum is 3
test,"s""}}ihCY1h{&n@5	@Kw-tPs8%Hidm>NTVSs96LT,y0",Check sum is '
test,`t}5X`CJbuoN>ksjaB:a'qk[S,Check sum is 4
test,3]chRi.,Check sum is $
test,"$a/W6,Ub&z6&agRX(#LFY_V{31a>W[{9",Check sum is A
test,"I}KWuZ9C""T]0jkWhla>0f",Check sum is K
test,"Q),YFJG9P7sp%g]q:My	Ca<jL&.X-`^`g*",Check sum is Z
test, tE!}1W3QB(RI/E6|<28),Check sum is ]
test,"
3h
i{MgN*^QVy.9/O22j|h>C$B'|-[6*q|o",Check sum is B
test,vZ@8}rB\h~#6d^T>%:Qzh4jnEE`~-(j%VCXR,Check sum is 5
test,"<AEviPzU>
YQ$^+#')	vWh}S/csw*r(QE*7lW{kqK",Check sum is \
test,"x
K+E8",Check sum is U
test,"c>ouIm)^|yI.fG5-%X >7iGE^H@WSfP_KG
x]tT6u.A0",Check sum is L
test,sLQ^CaFBP0xjkN'#*,Check sum is I
test,.rf0_/%]d|f!MDC{WRj&]BJ(m@]SRZ6qQT!qOZ}p,Check sum is #
test,;Z$1HDH`XTow&Y'FWoEA>,Check sum is F
test,P!>G(nMI,Check sum is B
test,"/ fF?9ipu:+"",h] (",Check sum is !
test,"	@dBg	>3&,PZn+Rwg<;.&s",Check sum is 3
test,*S2,Check sum is O
test,"G(cM5ZQ!LXC!6l7pnfBmK|
}}1AzA<NV%&%~",Check sum is Z
test,"K8z3
""[}e}L)f'>b>\L4/=x`L|k\%aelEgK,}cf""V)#qcbN^N",Check sum is 9
test,"2yU}4\`k>RB7
#'p :n0o'KRVn,>x
7",Check sum is W
test,xt<wV+H	m//u\fONR:8tfPS=HQ5Dp8l5FKV~rYu;LJ`'PBtbx*,Check sum is P
test,"oD*b1/mL:cY|q.oJ!k>^LKX0""$Y`.iTk}h!&b]}EK
",Check sum is  
test,|Y'GEwcD(^j6N_D.@ YNpJU@/)*p/_;6ml	_tN9#4(,Check sum is M
test,8]N$AM-& Y.*\tIuM?VcK:c,Check sum is T
test,"0Prb1uL&b<U_E_}3c`d:
lpeC>1P@	:E$BOnP*2,z5",Check sum is R
test,AI4H>;i,Check sum is H
test,"16>_zX<Bg`<]h@% 1@O9x\;)r@qjfudEMv0Nx	yex,",Check sum is G
test,"8!\lr{]|{+FQ2yK,HG}m;r(!x9e",Check sum is +
test,"$ I
7`h@:@	dP[kmk=/D3#s/!`XF:>Q8h.'( Qej4e",Check sum is Q
test,"N@AMa.fP^""k^P",Check sum is Z
test,"~V42m?i(7`h$@'/Mx9skYx
w1)>8*"" z
J2P&3hoJBKB`?Tdy",Check sum is #
test,"ox~51P
5$QwHR?.a(",Check sum is 6
test,"hMn#J:d)6Z \QY5|h91d,Z.<&hb6%K%",Check sum is ?
test,P;%]1V{oCO8(c(dwt]5,Check sum is <
test,"T/|Ge5,.S5C`<d`;=Fv*ZoGMblh;i",Check sum is Z
test,"""_^|'10)Bkb1P{ |;rRWTsLRRf\bi'']ad.)8+0aLG\y",Check sum is P
test,"z$^(V<=!}L($q""l42RgJS
e,!D<DtH&",Check sum is &
test,-e'~WBWa8=veo%z<-d{=,Check sum is K
test,8iQY9H=HC{)n5)n@&f7[>e6	$h,Check sum is ^
test,re7hB}~%p,Check sum is (
test,n6V4ffiHxFGm5_PB>,Check sum is !
test,{v3h_Hh~pLs_o	X@3^\1b]`?~r)|5<UVQhCO1^[~}P,Check sum is D
test,5L	a3|,Check sum is :
test,"?}NjpV9M')He| cPM~E_E0MFi@M#rt,BF`l","Check sum is """
test,?ePXRyCK$K5T#9kjMaMAsg\yJFYypa,Check sum is L
test,:~oR*	*sczxu6C,"Check sum is ,"
test,"0Nu<@|0Y1`xO
ZteL VF%9",Check sum is O
test,~Tw3nd\s$\P}r2#OeX}b)',Check sum is L
test,cjDxhnHk`})e.UKDz\jd_Jc]r<l+sIpI@a_M: !j.Y@3|1,Check sum is O
test,hGP]o})+;#(%QBk$Qp!{DGo4qZ!KTny&4Wu8Pje4L\+<t;SQ,Check sum is Y
test,VG9$D)mu^4^bMOETfqG$u?T}8Qt8\e4	XYr,Check sum is M
test,"P	;KB	[m:
 $~RnSw&X4'W&A^_HI@:Qb8d7G",Check sum is N
test,J+ZW.$61.(gJ',Check sum is -
test,CTQLO,Check sum is #
test,"k@ZJUl""[(VVVYI8OY*[^{^/]/6k",Check sum is 1
test,"CO(LZ'8u'#[&ht7{hfMZ*6aJ9G,G}$
/)W",Check sum is :
test,B<4WXWZ:	=,Check sum is 2
test,"*g*Q#Y){)PKD9,^+J=M",Check sum is V
test,y=7vqdkyH3qMhCg},Check sum is D
test,"v^^*S"" qsEe'ET)#AV`N{u-~
GM<b",Check sum is G
test,Tp?7O3hfrmb?|]yIth{e#1%N+oUli{=a]Q	-JJ}r>msP,Check sum is :
test,G$yJdmA4zQ	QLhQ;0C('-XL;hkoZ]hefO_*?e$xU,Check sum is  
