set,input1,output1
train,,Check sum is  
train,	,Check sum is )
train,"
",Check sum is *
train,"B
","Check sum is ,"
train,"

",Check sum is 4
train,"

















































",Check sum is T
train,                                                  ,Check sum is  
train,ssssssssssssssssssssssssssssssssssssssssssssssssss,Check sum is V
train,"CD
CD
CD
CD
CD
CD
CD
CD
CD
CD
CD
CD
CD
CD
CD
CD
CD",Check sum is 7
train,"x
y x
y x
y x
y x
y x
y x
y x
y x
y x
y x
y x
y x
",Check sum is &
train," 
 
 
 
 
 
 
 
 
 
 
 
 
 
 
 
 
 
 
 
 
 
 
 
 
",Check sum is :
train, ,Check sum is @
train,!,Check sum is A
train,"""",Check sum is B
train,#,Check sum is C
train,$,Check sum is D
train,%,Check sum is E
train,&,Check sum is F
train,',Check sum is G
train,(,Check sum is H
train,),Check sum is I
train,*,Check sum is J
train,+,Check sum is K
train,",",Check sum is L
train,-,Check sum is M
train,.,Check sum is N
train,/,Check sum is O
train,0,Check sum is P
train,1,Check sum is Q
train,2,Check sum is R
train,3,Check sum is S
train,4,Check sum is T
train,5,Check sum is U
train,6,Check sum is V
train,7,Check sum is W
train,8,Check sum is X
train,9,Check sum is Y
train,:,Check sum is Z
train,;,Check sum is [
train,<,Check sum is \
train,=,Check sum is ]
train,>,Check sum is ^
train,?,Check sum is _
train,@,Check sum is  
train,A,Check sum is !
train,B,"Check sum is """
train,C,Check sum is #
train,D,Check sum is $
train,E,Check sum is %
train,F,Check sum is &
train,G,Check sum is '
train,H,Check sum is (
train,I,Check sum is )
train,J,Check sum is *
train,K,Check sum is +
train,L,"Check sum is ,"
train,M,Check sum is -
train,N,Check sum is .
train,O,Check sum is /
train,P,Check sum is 0
train,Q,Check sum is 1
train,R,Check sum is 2
train,S,Check sum is 3
train,T,Check sum is 4
train,U,Check sum is 5
train,V,Check sum is 6
train,W,Check sum is 7
train,X,Check sum is 8
train,Y,Check sum is 9
train,Z,Check sum is :
train,[,Check sum is ;
train,\,Check sum is <
train,],Check sum is =
train,^,Check sum is >
train,_,Check sum is ?
train,`,Check sum is @
train,a,Check sum is A
train,b,Check sum is B
train,c,Check sum is C
train,d,Check sum is D
train,e,Check sum is E
train,f,Check sum is F
train,g,Check sum is G
train,h,Check sum is H
train,i,Check sum is I
train,j,Check sum is J
train,k,Check sum is K
train,l,Check sum is L
train,m,Check sum is M
train,n,Check sum is N
train,o,Check sum is O
train,p,Check sum is P
train,q,Check sum is Q
train,r,Check sum is R
train,s,Check sum is S
train,t,Check sum is T
train,u,Check sum is U
train,v,Check sum is V
train,w,Check sum is W
train,x,Check sum is X
train,y,Check sum is Y
train,z,Check sum is Z
train,{,Check sum is [
train,|,Check sum is \
train,},Check sum is ]
train,~,Check sum is ^
train,L?,Check sum is +
train,"R""",Check sum is T
train,[O,Check sum is J
train,7H,Check sum is _
train,g:,Check sum is A
train,+O,Check sum is Z
train,v%,Check sum is ;
train,jK,Check sum is U
train,p6,Check sum is F
train,Q{,"Check sum is ,"
train,-{,Check sum is H
train,??,Check sum is ^
train,[	,Check sum is D
train,i.,Check sum is 7
train,^M,Check sum is K
train,sg,Check sum is :
train,1],Check sum is .
train,~8,Check sum is V
train,8S,Check sum is +
train,xj,Check sum is B
train,A>,Check sum is _
train,\H,Check sum is D
train,P},Check sum is -
train,1',Check sum is 8
train,Bo,Check sum is Q
train,;%,Check sum is @
train,10,Check sum is A
train,A{,Check sum is \
train,-a,Check sum is .
train,MC,Check sum is 0
train,Z~,Check sum is 8
train,*p,Check sum is :
train,3E,Check sum is X
train,M|,Check sum is )
train,($,"Check sum is ,"
train,'#,Check sum is *
train,`Y,Check sum is Y
train,nN,Check sum is \
train,;v,Check sum is Q
train,;T,Check sum is /
train, g,Check sum is '
train,g|,Check sum is C
train,8`,Check sum is 8
train,I.,Check sum is W
train,Nd,Check sum is R
train,UG,Check sum is <
train, |,Check sum is <
train,A8,Check sum is Y
train,JL,Check sum is 6
train,SL,Check sum is ?
train,Rc,Check sum is U
train,MZ,Check sum is G
train,y5,Check sum is N
train,FD,Check sum is *
train, B,Check sum is B
train,5)f,Check sum is $
train,:S),Check sum is V
train,0mQ,Check sum is N
train,Og^,Check sum is 4
train,']p,Check sum is T
train,?o4,Check sum is B
train,:17,Check sum is B
train,V	L,Check sum is K
train,$Uy,Check sum is R
train,OvN,Check sum is 3
train,Esc,Check sum is ;
train,:E#,Check sum is B
train,"X+""",Check sum is E
train,"V5
",Check sum is 5
train,a8;,Check sum is 4
train,dKE,Check sum is T
train,ms\,Check sum is \
train,	Z7,Check sum is :
train,]<V,Check sum is O
train,qwu,Check sum is =
train,UKH,Check sum is H
train,45X,Check sum is !
train,F#E,Check sum is N
train,>p5,Check sum is C
train,nLD,Check sum is ^
train,a)\,Check sum is F
train,x@X,Check sum is 0
train,]Uh,Check sum is :
train,]+N,Check sum is 6
train,h&c,Check sum is Q
train,{'S,Check sum is U
train,""">M",Check sum is M
train,^DJ,Check sum is L
train,4#.,Check sum is %
train,",T[",Check sum is ;
train,t&),Check sum is #
train,J\0,Check sum is 6
train,fa),Check sum is P
train,OG/,Check sum is %
train,nU(,Check sum is K
train,7yd,Check sum is 4
train,Cl-,Check sum is <
train,v#L,Check sum is E
train,l(/,Check sum is #
train,#>H,Check sum is I
train,p!i,Check sum is Z
train,$yT,Check sum is Q
train,nF6,Check sum is J
train,i].,Check sum is T
train,?Y9,Check sum is 1
train,"CoaFrjsd7%{SjSPplE3rMg:,O",Check sum is R
train,R'v:`]RBsxW&R2F=wc1g<fx}@mA,Check sum is @
train,]5&}yJRzd%KB;|gI1T^:H^Gy}26,Check sum is I
train,"Sc}q""QpA#75C",Check sum is :
train,{9a*TDXCE2-P_	Ho~7Wqelv6ZAZTC!PZ<>)oF$,Check sum is 2
train,"""#z4\u;*_nfu
f1Wzrff(j%@?'pDd""liZ<o;D'%&~Rr;.i)Q",Check sum is Q
train,Ex,Check sum is ]
train,"wIFNuumRtk$Kum`bd+(j}gphj:f9N,B",Check sum is +
train,"84n|Rk'r/n?)5""$\""JR^'kU,i{]Qe[^Y/h",Check sum is 7
train,xcR*$:QPM&$v9Mp`7qO +R,Check sum is -
train,"+Y
RS;DO<""z/S0_AHGd1RP+*hS:['Fq?lx`0~a_
9Bg4",Check sum is %
train,"GM3. e&E^\o#>%#*?o*L!auyf8w:}$x1S2	@UW##
Z\3dRx",Check sum is O
train,Goh	,Check sum is G
train,"z
y5Xk@
>KZzwL%-H30lR\j",Check sum is @
train,yJK>QLH9R0fO)Ig&5xO+*hmqR#xSX946K!!1}nYB,Check sum is V
train,"dAFh?c	""(Uo Y""v88@_%|<Q(Qiq_L0",Check sum is (
train,"ntoM1UR$OHvr_k+Dx*(.,@5",Check sum is K
train,"M2wU
D>v"";.F	+z&oA|TOw[1l",Check sum is P
train,"Z
#nY!@JV
imb{l,2a?^1!n`mZ-K+&>}FG@dWwz,LtdmHh77cP",Check sum is &
train,veAAZ/!T|4>d#1fJ-sw)NH*F,Check sum is W
train,"(Gor(5m^|@wf>vf7""D^T_^vm&$3",Check sum is 7
train,cEqM'Hq__Oa`7[GGZb[6(o0>am'F,Check sum is !
train,"'Jv^aMd4^(jJ(\)
1OMfLij<a<!?^rH*N)Ui",Check sum is ^
train,"LA^yG?=/?F}
vSnJ^i",Check sum is J
train,$o[Sp;.,Check sum is :
train,"Pb=wtP*| &a\EfE	PqF/""0}89'h6+*ISJ*wrh*P` B",Check sum is Y
train,"P5{A""\sL4\[c>air",Check sum is &
train,`o\5le>^L3SY-,Check sum is E
train,""";iq",Check sum is W
train,j8:yD)	S7&5g,Check sum is 7
train,HVZPpfk[hqCFLe,Check sum is W
train,;&:Eeu:`M}_$AXTsfEY#dww36_K'?H,Check sum is [
train,"RidHFP{C8km`)4CdYEe8<;Nf|""Cdw>+O2lF*	q?AP",Check sum is A
train,V}pHcUA1'u'+Ik.Q&RwDj~lM{UT>Xw|y?G:vn<8!apwotLP,Check sum is 0
train,O6pqh+=WZC;4TXCLV:574=FX &|O~8	1RD1SC@60dm>Zv,"Check sum is """
train,2JDoVH,Check sum is -
train,"n
#<BzuDg|5~Ct/BP+UE+!^.0GT&l
",Check sum is >
train,".G=+z5sQ-	n(
yY)",Check sum is A
train,thYs0hT48;WfE	Kl4fqYOl1E|sWvM3F0,Check sum is $
train,"eVW;60U
]#qVy]S=+b?*}*N>x9N?;Z-<2}",Check sum is 3
train,"WiG.qZUzBmPO,4eMZO@KP/'C4,gSU2gX-\Dc`ME46d#utqF",Check sum is ?
train,"+	wp-Tp90}&?F-gXN5,drrzSR[$$%qMBx%;o7'8",Check sum is $
train,"-sP4Y]CDVP3Q~SEK8?`q-{UMBkn""_iHG5",Check sum is '
train,"}g^c,.,8Y:",Check sum is V
train,T(P0V,Check sum is 2
train,"QIr6+]FNVcxW>&(""eAIs2vt	80O	""",Check sum is ]
train,5^=,Check sum is 0
train,T(ZMweR92b_4DnW!7KG@<O6Y>4fO)_RZ4#@1x*fFo/ZoxK5,Check sum is .
train,KKlWb!@$&z8[%P_j\kNKVrcr<1c1?:##t~;S>dG,Check sum is 7
train,"-J,UF&`r*Z2t@su#fQ6h<jQMM|^Y4'\ tX[8xX[Krj[",Check sum is G
train,"4lU)A(""+'=l<rba3_FI=R",Check sum is %
train,NEX(S>UaM.LQ4A!^7H h8-|8(RF(} {Vhs,Check sum is W
train,",-M0l(uilCG)I0+",Check sum is +
train,tM@c$,Check sum is (
train,"prjz-HHU3&4dn'""ig6E'kl9BIQ^",Check sum is \
train,[Fn/yQG,Check sum is /
train,"ei_ ""ixX",Check sum is H
train,W$!CR)_Wk44jSz,Check sum is :
train,==JXO/6mH3,Check sum is X
train,"[zrxsZ,UJ""/t*A]@ekkD",Check sum is C
train,\ U.E1Z31`_t!tHXMcAZaOf6DaW,Check sum is N
train,cy];L)`= C^&R*rNj'4K_G1UAI[E'IExi,Check sum is E
train, KVP_I<<[FkW	tIn&[f~>tGVA+35^h-=(_/gC\6~,Check sum is P
train,"2r7IIyko_IS(k`Zc!OP3%\;,D2.]\Q",Check sum is T
train,ihHb>PZfFptq_V]lC:#4|,Check sum is R
train,<{69H8E9u$Sx[gWWY%Q4`-Qc+mi+\opOBoJI-cinNiSuJ	]_9,Check sum is D
train,Ez	8YFS;7s@s?f2r3kgleDV@SXGARK$,Check sum is W
train,0g^0|!q	wq	'M3Rp.fSy~A,Check sum is U
train,acKI3#o6&s'=4J~!6r?I&Bj>,Check sum is M
train,"vO2on/puf<hfb!uu+!8U,ud6tDT4;v<Vk:sck&<",Check sum is D
train,Dyn6JjIHrDM	/-(,Check sum is V
train,"L;fkrOV:>jSiD}S%}V~vE7u|}o7>!LWZO6V7wzxG}X
",Check sum is :
train,X.d4.?	7,Check sum is +
train,1W.`dx8qI*S-|'7EDmou4nVx5^.N0$ywS,Check sum is 8
train,5-w?2t-^&y<&AQ6jP>`v.zWL2mXDeJ}ROz)P}ymmQ	d}fGV0),Check sum is -
train,b_%&rv4-iRf3Tv2Q,Check sum is V
train,!a,"Check sum is """
train,zgqlB<Ik19Ok8o$2?g~GE@0[U~e`CUyg*,Check sum is &
train,<[,Check sum is 7
train,umglCmV6p''9y,Check sum is A
train,a*AcI|4XorSE38^3BaPu4Hi5,Check sum is W
train,"O['&>] ,OBy)Sm",Check sum is 1
train,~/Q7?xgU k9=e]QNTgo]=`3Ga>HwO!!_BDq,Check sum is M
train,9_dpfC@hNY-PcNT;}i7eY.`m]<'Ihi57CJ>K	5IbH Qj|)),Check sum is M
train,"ZL{/j)Pd=z[mi2z&r~Sz""{Jw&ZuB",Check sum is C
train,"]~~Tl"" AY~R;""m
j7 ~]L5|u	6a$(zW)E<QL5>M: 	wf'~5xi[",Check sum is !
train,",?xDvQ+LuWNW&W5OG_wI|	RO
<qkCL6hY!z$GM}RQY{:h09",Check sum is =
train,HKb9*`=$EHNNUe|LG,Check sum is +
train,4#zq0,Check sum is R
test,!^,Check sum is _
test,\1,Check sum is -
test,zj,Check sum is D
test,)m,Check sum is 6
test,?{,Check sum is Z
test,",}",Check sum is I
test,w%,Check sum is <
test,Ah,Check sum is I
test,KS,Check sum is >
test,*_,Check sum is )
test,	0,Check sum is Y
test,kj,Check sum is 5
test,xW,Check sum is /
test,Sq,Check sum is $
test,Cn,Check sum is Q
test,pE,Check sum is U
test,'O,Check sum is V
test,q{,Check sum is L
test, s,Check sum is 3
test,Oq,Check sum is  
test,RX,Check sum is J
test,",,",Check sum is 8
test,"x
","Check sum is """
test,dT,Check sum is X
test,=@,Check sum is ]
test,c2,Check sum is 5
test,yh,Check sum is A
test,{4,Check sum is O
test,Om,Check sum is \
test,7w,Check sum is N
test,8A,Check sum is Y
test,;e,Check sum is @
test,%P,Check sum is U
test,0o,Check sum is ?
test,E.,Check sum is S
test,qd,Check sum is 5
test,+#,Check sum is .
test,MU,Check sum is B
test,.O,Check sum is ]
test,f%,Check sum is +
test,^h,Check sum is &
test,)C,Check sum is L
test,FR,Check sum is 8
test,CS,Check sum is 6
test,tX,"Check sum is ,"
test,30,Check sum is C
test,fQ,Check sum is W
test,k	,Check sum is T
test,c	,Check sum is L
test,"/,",Check sum is ;
test,+2,Check sum is =
test,mP,Check sum is ]
test,"H
",Check sum is 2
test,2&,Check sum is 8
test,GM,Check sum is 4
test,^u,Check sum is 3
test,C5,Check sum is X
test,1a,Check sum is 2
test,on,Check sum is =
test,r9,Check sum is K
test,		,Check sum is 2
test,j~,Check sum is H
test,7B,Check sum is Y
test,t7,Check sum is K
test,o#,Check sum is 2
test,",X",Check sum is $
test,| ,Check sum is <
test,M?,"Check sum is ,"
test,=[,Check sum is 8
test,o;,Check sum is J
test,s&,Check sum is 9
test,ol,Check sum is ;
test,i%,Check sum is .
test,]B,Check sum is ?
test,E+,Check sum is P
test,Ey,Check sum is ^
test,K[,Check sum is F
test,"P""",Check sum is R
test,+',Check sum is 2
test,n6,Check sum is D
test,{R,Check sum is -
test,?/,Check sum is N
test,i~,Check sum is G
test,O],Check sum is L
test,JM,Check sum is 7
test,+i,Check sum is 4
test,.-,Check sum is ;
test,p\,"Check sum is ,"
test, \,Check sum is \
test,Q0,Check sum is !
test,*T,Check sum is ^
test,SM,Check sum is @
test,ms,Check sum is @
test,Ju,Check sum is _
test,s%,Check sum is 8
test,Sl,Check sum is _
test,k7,Check sum is B
test,"l""",Check sum is .
test,z;,Check sum is U
test,G>,Check sum is %
test,a|,Check sum is =
test,RM,Check sum is ?
test,Oy,Check sum is (
test,y ,Check sum is 9
test,"-,",Check sum is 9
test,ba,Check sum is #
test,ym,Check sum is F
test,O%,Check sum is T
test,/d,Check sum is 3
test,u<,Check sum is Q
test,3z,Check sum is M
test,|w,Check sum is S
test,u-,Check sum is B
test,0A,Check sum is Q
test,F-,Check sum is S
test,#d,Check sum is '
test,-@,Check sum is M
test,AZ,Check sum is ;
test,",1",Check sum is =
test,_3,Check sum is 2
test,@J,Check sum is *
test,Ok,Check sum is Z
test, #,Check sum is #
test,#1,Check sum is 4
test,@T,Check sum is 4
test,AO,Check sum is 0
test,b<,Check sum is >
test,1d,Check sum is 5
test,%0,Check sum is 5
test,&;,Check sum is A
test,Jr,Check sum is \
test,#x,Check sum is ;
test,A	,Check sum is *
test,21,Check sum is C
test,Xf,Check sum is ^
test,Lk,Check sum is W
test,$`,Check sum is $
test,/D,Check sum is S
test,R3,Check sum is %
test,GO,Check sum is 6
test,h[,Check sum is #
test,sd,Check sum is 7
test,"
#",Check sum is M
test,	%,Check sum is N
test,C$,Check sum is G
test,l[,Check sum is '
test,o!,Check sum is 0
test,g;,Check sum is B
test,'7,Check sum is >
test,5|,Check sum is Q
test,.@,Check sum is N
test,/},Check sum is L
test,?%,Check sum is D
test,u!,Check sum is 6
test,Wc,Check sum is Z
test,+P,Check sum is [
test,(+,Check sum is 3
test,*%,Check sum is /
test,JJ,Check sum is 4
test,Z/,Check sum is )
test,@|,Check sum is \
test,a*,Check sum is +
test,\},Check sum is 9
test, j,Check sum is *
test,`r,Check sum is 2
test,[^,Check sum is Y
test,E~,Check sum is #
test,S;,Check sum is .
test,Mj,Check sum is W
test,yu,Check sum is N
test,NT,Check sum is B
test,hW,Check sum is _
test,!r,Check sum is 3
test,Rg,Check sum is Y
test,ar,Check sum is 3
test,z=,Check sum is W
test,(C,Check sum is K
test,D1,Check sum is U
test,I9,"Check sum is """
test,1T,Check sum is %
test,XX,Check sum is P
test,jf,Check sum is 0
test,ZS,Check sum is M
test,6),Check sum is ?
test,"j
",Check sum is T
test,|;,Check sum is W
test,'^,Check sum is %
test,96,Check sum is O
test,"x""",Check sum is :
test,K\,Check sum is G
test,"E
",Check sum is /
test,9P,Check sum is )
test,=g,Check sum is D
test,"k""",Check sum is -
test,wJ,Check sum is !
test,T],Check sum is Q
test,Ru,Check sum is '
test,v{,Check sum is Q
test,Ws,Check sum is *
test,U0,Check sum is %
test,4',Check sum is ;
test,a_,Check sum is  
test,;|,Check sum is W
test,[e,Check sum is  
test, &,Check sum is &
test,W<,Check sum is 3
test,\%,Check sum is !
test,-G,Check sum is T
test,1?,Check sum is P
test,XE,Check sum is =
test,&S,Check sum is Y
test,fp,Check sum is 6
test,p},Check sum is M
test,9Z,Check sum is 3
test, (,Check sum is (
test,7N,Check sum is %
test,*;,Check sum is E
test,PK,Check sum is ;
test,:c,Check sum is =
test,CY,Check sum is <
test,~!,Check sum is ?
test,.4,Check sum is B
test,M?,"Check sum is ,"
test,KO,Check sum is :
test,kG,Check sum is R
test,&a,Check sum is '
test,-H,Check sum is U
test,EN,Check sum is 3
test,[V,Check sum is Q
test,DJ,Check sum is .
test,t~,Check sum is R
test,Q:,Check sum is +
test,TC,Check sum is 7
test,%V,Check sum is [
test,(v,Check sum is >
test,i*,Check sum is 3
test,1(,Check sum is 9
test,(?,Check sum is G
test,<u,Check sum is Q
test,s:,Check sum is M
test,S ,Check sum is S
test,:>,Check sum is X
test,b%,Check sum is '
test,"4
",Check sum is ^
test,?{,Check sum is Z
test,"
^",Check sum is H
test,/=,Check sum is L
test,9U,Check sum is .
test,f#,Check sum is )
test,$~,Check sum is B
test,!3,Check sum is 4
test,ol,Check sum is ;
test,|U,Check sum is 1
test,:z,Check sum is T
test,bZ,Check sum is \
test,m!,Check sum is .
test,xP,Check sum is (
test,nF,Check sum is T
test,2O,Check sum is !
test,%u,Check sum is :
test,dK,Check sum is O
test,"""O",Check sum is Q
test,Lh,Check sum is T
test,g<,Check sum is C
test,"
/",Check sum is Y
test,l5,Check sum is A
test,3Q,Check sum is $
test,ha,Check sum is )
test,BP,Check sum is 2
test,]U,Check sum is R
test,hN,Check sum is V
test,Gv,Check sum is ]
test,ky,Check sum is D
test,L.,Check sum is Z
test,%b,Check sum is '
test,0V,Check sum is &
test,CX,Check sum is ;
test,6*,Check sum is @
test, g,Check sum is '
test,\R,Check sum is N
test,p ,Check sum is 0
test,aK,Check sum is L
test,w],Check sum is 4
test,N0,Check sum is ^
test,8P,Check sum is (
test,Q(,Check sum is Y
test,4y,Check sum is M
test,(w,Check sum is ?
test,X[,Check sum is S
test,xM,Check sum is %
test,OT,Check sum is C
test,q1,Check sum is B
test,zn,Check sum is H
test,*r,Check sum is <
test,6U,Check sum is +
test,EQ,Check sum is 6
test,gx,Check sum is ?
test,+A,Check sum is L
test,.C,Check sum is Q
test,Zm,Check sum is '
test,Ns,Check sum is !
test,d~,Check sum is B
test,?0,Check sum is O
test,6~,Check sum is T
test,@K,Check sum is +
test,S@,Check sum is 3
test,lK,Check sum is W
test,Sc,Check sum is V
test,Ei,Check sum is N
test,}h,Check sum is E
test,'o,Check sum is 6
test,N\,Check sum is J
test, G,Check sum is G
test,K.,Check sum is Y
test,VJ,Check sum is @
test,"I""",Check sum is K
test,gP,Check sum is W
test,Ai,Check sum is J
test,Gp,Check sum is W
test,G&,Check sum is M
test, {,Check sum is ;
test,bH,Check sum is J
test,SS,Check sum is F
test,DG,Check sum is +
test, O,Check sum is O
test,wC,Check sum is Z
test,sG,Check sum is Z
test,Fq,Check sum is W
test,a<,Check sum is =
test,kk,Check sum is 6
test,V2,Check sum is (
test,tY,Check sum is -
test,s:,Check sum is M
test,o?,Check sum is N
test,39,Check sum is L
test,W6,Check sum is -
test,;^,Check sum is 9
test,1y,Check sum is J
test,Jv,Check sum is  
test,.),Check sum is 7
test,O	,Check sum is 8
test,P^,Check sum is N
test,J),Check sum is S
test,+U,Check sum is  
test,->,Check sum is K
test,9Q,Check sum is *
test,yZ,Check sum is 3
test,~-,Check sum is K
test,m@,Check sum is M
test,fR,Check sum is X
test,c-,Check sum is 0
test,dY,Check sum is ]
test,hG,Check sum is O
test,+},Check sum is H
test,19,Check sum is J
test,^3,Check sum is 1
test,"\""",Check sum is ^
test,9L,Check sum is %
test,)/,Check sum is 8
test,"""V",Check sum is X
test,N',Check sum is U
test,p1,Check sum is A
test,4r,Check sum is F
test,~7,Check sum is U
test,AH,Check sum is )
test,Wy,Check sum is 0
test,y6,Check sum is O
test,%?,Check sum is D
test,JO,Check sum is 9
test,4+,Check sum is ?
test,QG,Check sum is 8
test,qW,Check sum is (
test,U[,Check sum is P
test,5Q,Check sum is &
test,#*,Check sum is -
test,rk,Check sum is =
test,Y),"Check sum is """
test,{?,Check sum is Z
test,9P,Check sum is )
test,eu,Check sum is :
test,\y,Check sum is 5
test,~a,Check sum is ?
test,V1,Check sum is '
test,Ru,Check sum is '
test,@P,Check sum is 0
test,eu,Check sum is :
test,g5,Check sum is <
test,rn,Check sum is @
test,xf,Check sum is >
test,O$,Check sum is S
test,.0,Check sum is >
test,pY,Check sum is )
test,>?,Check sum is ]
test,*c,Check sum is -
test,42,Check sum is F
test,{f,Check sum is A
test,r~,Check sum is P
test,",'",Check sum is 3
test,(W,Check sum is _
test,I0,Check sum is Y
test,x7,Check sum is O
test,oz,Check sum is I
test,NL,Check sum is :
test,U},Check sum is 2
test,z.,Check sum is H
test,6-,Check sum is C
test,EG,"Check sum is ,"
test,r#,Check sum is 5
test,uC,Check sum is X
test,Fy,Check sum is _
test,Ds,Check sum is W
test,"S,",Check sum is _
test,~G,Check sum is %
test,B9,Check sum is [
test,@r,Check sum is R
test,rI,Check sum is [
test,_',Check sum is &
test,1d,Check sum is 5
test,>E,Check sum is #
test,Lo,Check sum is [
test,0*,Check sum is :
test,pH,Check sum is X
test,;m,Check sum is H
test,*b,"Check sum is ,"
test,zF,Check sum is  
test,1A,Check sum is R
test,",X",Check sum is $
test,Bg,Check sum is I
test,V^,Check sum is T
test,}d,Check sum is A
test,t^,Check sum is 2
test,sx,Check sum is K
test,"W""",Check sum is Y
test,+(,Check sum is 3
test,6:,Check sum is P
test,QI,Check sum is :
test,{n,Check sum is I
test,	),Check sum is R
test,7F,Check sum is ]
test,m1,Check sum is >
test,+W,"Check sum is """
test,lH,Check sum is T
test,!x,Check sum is 9
test,`!,Check sum is !
test,rL,Check sum is ^
test,hB,Check sum is J
test,Yz,Check sum is 3
test,c_,"Check sum is """
test,HV,Check sum is >
test,-8,Check sum is E
test,8?,Check sum is W
test,k;,Check sum is F
test,gf,Check sum is -
test,\1,Check sum is -
test,x(,Check sum is @
test,?_,Check sum is >
test,'K,Check sum is R
test,y	,"Check sum is """
test,em,Check sum is 2
test,rh,Check sum is :
test,*&,Check sum is 0
test,[9,Check sum is 4
test,<l,Check sum is H
test,9.,Check sum is G
test,29,Check sum is K
test,G[,Check sum is B
test,io,Check sum is 8
test,5x,Check sum is M
test,dU,Check sum is Y
test,Nr,Check sum is  
test,S~,Check sum is 1
test,n*,Check sum is 8
test,^w,Check sum is 5
test,}l,Check sum is I
test,f{,Check sum is A
test,e/,Check sum is 4
test,",B",Check sum is N
test,li,Check sum is 5
test,zp,Check sum is J
test,/\,Check sum is +
test,"(""",Check sum is *
test,M^,Check sum is K
test,'B,Check sum is I
test,TM,Check sum is A
test,<7,Check sum is S
test,2F,Check sum is X
test,tX,"Check sum is ,"
test,r.,Check sum is @
test,RA,Check sum is 3
test,/&,Check sum is 5
test,p^,Check sum is .
test,"""^",Check sum is  
test,hf,Check sum is .
test,KN,Check sum is 9
test,M<,Check sum is )
test,\_,Check sum is [
test,34,Check sum is G
test,@p,Check sum is P
test,oC,Check sum is R
test,H6,Check sum is ^
test,+WA,Check sum is #
test,dQm,Check sum is B
test,Yz:,Check sum is -
test,l8/,Check sum is 3
test,tUe,Check sum is N
test,K!},Check sum is I
test,97$,Check sum is 4
test,L8X,Check sum is <
test,y*P,Check sum is S
test,f	>,Check sum is M
test,;4j,Check sum is 9
test,z!z,Check sum is 5
test,JhA,Check sum is S
test,f-7,Check sum is *
test,#v*,Check sum is #
test,G9!,Check sum is A
test,9il,Check sum is .
test,6rG,Check sum is O
test,Bt ,Check sum is 6
test,Jp5,Check sum is O
test,$Tf,Check sum is >
test,PE$,Check sum is Y
test,Ed8,Check sum is A
test,nm3,Check sum is .
test,-Z@,Check sum is '
test,xwp,Check sum is ?
test,lVa,Check sum is C
test,N^7,Check sum is C
test,qIN,Check sum is (
test,A0$,Check sum is 5
test,x\/,Check sum is #
test,Hoh,Check sum is ?
test,`@v,Check sum is 6
test,S!$,Check sum is 8
test,3/`,"Check sum is """
test,q;H,Check sum is T
test,m+<,Check sum is 4
test,9Lr,Check sum is W
test,~YU,Check sum is L
test,d1#,Check sum is X
test,Y8<,Check sum is -
test,'\x,Check sum is [
test,KMo,Check sum is '
test,_v/,Check sum is $
test,M7/,Check sum is S
test,H@&,Check sum is N
test,`{D,Check sum is ?
test,zXO,Check sum is A
test,x+`,Check sum is #
test,",op",Check sum is +
test,xLT,Check sum is 8
test,\4%,Check sum is U
test,Nad,Check sum is 3
test,H@U,Check sum is =
test,"-y,",Check sum is 2
test,bZQ,Check sum is -
test,gYt,Check sum is T
test,1}j,Check sum is 8
test,E/?,Check sum is S
test,$Mo,Check sum is @
test,o$>,Check sum is 1
test,~nX,Check sum is $
test,3J%,Check sum is B
test,|kG,Check sum is N
test,p68,Check sum is >
test,8'Q,Check sum is P
test,P~&,Check sum is T
test,d[L,Check sum is +
test,1~3,Check sum is B
test,]6J,Check sum is =
test,=8.,Check sum is C
test,of	,Check sum is >
test,"""V-",Check sum is E
test,/yc,Check sum is +
test,!#q,Check sum is U
test,qkJ,Check sum is F
test,Hi|,Check sum is M
test,-<],Check sum is &
test,zc0,Check sum is -
test,Tv6,Check sum is  
test,>B ,Check sum is @
test,:%_,Check sum is ^
test,\00,Check sum is \
test,N| ,Check sum is J
test,j%r,Check sum is !
test,cNb,Check sum is 3
test,CS},Check sum is 3
test,*3z,Check sum is 7
test,:/Y,"Check sum is """
test,S11,Check sum is U
test,#C3,Check sum is 9
test,k!/,Check sum is [
test,.&A,Check sum is 5
test,<f(,Check sum is *
test,_y{,Check sum is 3
test,PJ+,Check sum is %
test,@X?,Check sum is 7
test,"R
[",Check sum is W
test,WP@,Check sum is G
test,?nL,Check sum is Y
test, >*,Check sum is (
test,FkY,Check sum is *
test,wi!,Check sum is !
test,EE>,Check sum is (
test,?wi,Check sum is ?
test,Ey',Check sum is E
test,PgV,Check sum is -
test,?>w,Check sum is T
test,s<x,Check sum is G
test,	1>,Check sum is X
test,}Zt,Check sum is +
test,tB3,Check sum is I
test,)r`,Check sum is [
test,a#^,Check sum is B
test,;m=,Check sum is E
test,"b!
",Check sum is -
test,-#+,Check sum is [
test,MyQ,Check sum is 7
test,ffH,Check sum is 4
test,>Pg,Check sum is U
test,{T?,Check sum is .
test,^R},Check sum is M
test,nb1,Check sum is !
test,r~R,"Check sum is """
test,"f,S",Check sum is E
test,]0S,Check sum is @
test,"t,h",Check sum is (
test,Ik5,Check sum is I
test,?'d,Check sum is *
test,ks4,Check sum is 2
test,?:2,Check sum is K
test,"f
	",Check sum is Y
test,!:f,Check sum is !
test,"W
r",Check sum is 3
test,.L6,Check sum is P
test,Q:6,Check sum is !
test,R[u,Check sum is B
test,{ir,Check sum is 6
test,B	_,Check sum is J
test,EQk,Check sum is !
test,HEu,"Check sum is """
test,*fr,"Check sum is """
test,(*H,Check sum is :
test,Jlp,Check sum is F
test,!).,Check sum is X
test,"r,k",Check sum is )
test,&3E,Check sum is >
test,<qt,Check sum is A
test,<ze,Check sum is ;
test,_Bs,Check sum is 4
test,=`2,Check sum is /
test,;U[,Check sum is K
test,"*
-",Check sum is A
test,IV(,Check sum is '
test,eC#,Check sum is +
test,0:B,Check sum is L
test,|@L,Check sum is (
test,V}$,Check sum is W
test,=]q,Check sum is +
test,$QP,Check sum is %
test,*w5,Check sum is 6
test,Cnx,Check sum is I
test,adt,Check sum is Y
test,*iI,Check sum is <
test,EQC,Check sum is 9
test,^v	,Check sum is =
test,f*|,"Check sum is ,"
test,9>r,Check sum is I
test,XOc,Check sum is *
test,b'Q,Check sum is :
test,%A3,Check sum is 9
test,cmC,Check sum is 3
test,Oc3,Check sum is E
test,ChK,Check sum is V
test,r[\,Check sum is I
test,%WG,Check sum is #
test,6bj,"Check sum is """
test,aQE,Check sum is W
test,7{~,Check sum is P
test,	1M,Check sum is '
test,9\<,Check sum is 1
test,a_>,Check sum is ^
test,HL<,Check sum is 0
test,=-o,Check sum is 9
test,0FL,"Check sum is """
test,z$+,Check sum is )
test, $N,Check sum is 2
test,"r
	",Check sum is %
test,zU ,Check sum is O
test,m(<,Check sum is 1
test,1	1,Check sum is K
test,.-;,Check sum is 6
test,<yI,Check sum is ^
test,<4k,Check sum is ;
test,N -,Check sum is ;
test,B~},Check sum is ]
test,m.},Check sum is 8
test,"
e-",Check sum is <
test,+<*,Check sum is 1
test,A +,"Check sum is ,"
test,#87,Check sum is 2
test,"S)""",Check sum is >
test,F[h,Check sum is )
test,GCD,Check sum is .
test,">""Q",Check sum is Q
test,;q3,Check sum is ?
test,>^},Check sum is 9
test,&(=,Check sum is +
test,B_c,Check sum is $
test,uq_,Check sum is %
test,->G,Check sum is R
test,7;r,Check sum is D
test,zr\,Check sum is (
test,#}o,Check sum is /
test,@XO,Check sum is G
test,'[X,Check sum is :
test,gt6,Check sum is 1
test,8j1,Check sum is 3
test,}^R,Check sum is M
test,68h,Check sum is 6
test,XL(,"Check sum is ,"
test,P_+,Check sum is :
test,0ey,Check sum is .
test,6Nk,Check sum is O
test,"6#
",Check sum is C
test,5q',Check sum is -
test,(w0,Check sum is /
test,cK),Check sum is 7
test,rql,Check sum is /
test,KOh,"Check sum is """
test,w+?,Check sum is A
test,"
I^",Check sum is Q
test,1$5,Check sum is *
test,R :,Check sum is L
test,xdw,Check sum is 3
test,O:E,Check sum is .
test,"""1P",Check sum is C
test,CbO,Check sum is T
test,g$~,Check sum is )
test,vLg,Check sum is I
test,TXG,Check sum is S
test,)2m,Check sum is (
test,nG-,Check sum is B
test,bzO,Check sum is K
test,&yA,Check sum is @
test,3SR,Check sum is 8
test,D{=,Check sum is \
test,ACI,Check sum is -
test,^> ,Check sum is \
test,6=4,Check sum is G
test,"Dy,",Check sum is I
test,@~`,Check sum is >
test,",`x",Check sum is $
test,\fI,Check sum is +
test,phd,Check sum is \
test,%`0,Check sum is U
test,"
>x",Check sum is  
test,'sK,Check sum is E
test,<!&,Check sum is #
test,Jl9,Check sum is O
test,m!/,Check sum is ]
test,3wM,Check sum is W
test,if~,Check sum is -
test,?iC,Check sum is K
test,'pv,Check sum is -
test,<%7,Check sum is 8
test,bqA,Check sum is 4
test,OTA,Check sum is D
test, i!,Check sum is J
test,"@
z",Check sum is $
test,%+	,Check sum is 9
test,>]4,Check sum is /
test,"
7D",Check sum is %
test,+K7,Check sum is M
test,:?S,"Check sum is ,"
test,z`G,Check sum is A
test,KH8,Check sum is +
test,\zd,Check sum is Z
test,43W,Check sum is ^
test,E:B,Check sum is !
test,E)`,Check sum is .
test,aCd,Check sum is (
test, $#,Check sum is G
test,nBM,Check sum is ]
test,5mn,Check sum is 0
test,gQs,Check sum is K
test,NEW,Check sum is J
test,\|:,Check sum is 2
test,U1F,"Check sum is ,"
test,t##,Check sum is Z
test,flr,Check sum is $
test,3[D,Check sum is 2
test,hL*,Check sum is >
test,RiZ,Check sum is 5
test,",;-",Check sum is 4
test,aqc,Check sum is U
test,LE`,Check sum is Q
test,efL,Check sum is 7
test,Lv:,Check sum is \
test,"o,\",Check sum is W
test,m0),Check sum is &
test,I<f,Check sum is K
test,KL`,Check sum is W
test,"H,=",Check sum is Q
test,?zE,Check sum is ^
test,",U~",Check sum is _
test,FB+,Check sum is S
test,w=2,Check sum is F
test,"^|""",Check sum is \
test,9NK,Check sum is 2
test,R>	,Check sum is 9
test,&U),Check sum is D
test,^a8,Check sum is W
test,ia!,Check sum is K
test,"@0
",Check sum is Z
test,Y33,Check sum is _
test,XA{,Check sum is 4
test,mD.,Check sum is ?
test,Vr6,Check sum is ^
test,NCY,Check sum is J
test,4L4,Check sum is T
test,+d|,Check sum is +
test,h5~,Check sum is ;
test,tK	,Check sum is (
test,"
r~",Check sum is Z
test,D't,Check sum is ?
test,$x?,Check sum is ;
test,e_i,Check sum is M
test,8(n,Check sum is .
test,",.\",Check sum is V
test,IAr,Check sum is \
test,;>p,Check sum is I
test,`Gb,Check sum is )
test,`2o,Check sum is !
test,hYc,Check sum is D
test,\=n,Check sum is '
test,":""}",Check sum is 9
test,Mc(,Check sum is 8
test,1+4,Check sum is 0
test,"l
w",Check sum is M
test,n}g,Check sum is 2
test,O9l,Check sum is T
test,gz0,Check sum is 1
test,+#z,Check sum is (
test,",+f",Check sum is ]
test,H+-,Check sum is @
test,\[D,Check sum is [
test,hy8,Check sum is 9
test,#U1,Check sum is I
test,W6d,Check sum is Q
test,f#K,Check sum is 4
test,G!`,Check sum is (
test,$U:,Check sum is S
test,G	_,Check sum is O
test,0Mr,Check sum is O
test,PG%,Check sum is \
test,8pi,Check sum is 1
test,s)r,Check sum is .
test,~o-,Check sum is :
test,./Y,Check sum is V
test,7%j,Check sum is &
test,o7Q,Check sum is W
test,/?<,Check sum is J
test,j[H,Check sum is -
test,|0:,Check sum is F
test,Q8l,Check sum is U
test,V0c,Check sum is I
test,gmM,Check sum is A
test,ypL,Check sum is U
test,]N-,Check sum is 8
test,9cC,Check sum is ?
test,c(:,Check sum is %
test,2Uz,Check sum is !
test,f'j,Check sum is W
test,k5L,Check sum is L
test,S@_,Check sum is R
test,2}!,Check sum is 0
test,Y-+,Check sum is Q
test,?+!,Check sum is +
test,$DR,Check sum is Z
test,UWe,Check sum is 1
test,HEX,Check sum is E
test,G=z,Check sum is ^
test,o2i,Check sum is *
test,;>-,Check sum is F
test,)7c,Check sum is #
test,Krm,Check sum is J
test,Fxk,Check sum is I
test,-^	,Check sum is 4
test,!ss,Check sum is '
test,?((,Check sum is /
test,"O""$",Check sum is 5
test,"/L
",Check sum is %
test,+T:,Check sum is Y
test,o)S,Check sum is K
test,6Y&,Check sum is U
test,"""Dw",Check sum is =
test,>( ,Check sum is &
test,".6
",Check sum is N
test,#ek,Check sum is S
test,"w.
",Check sum is O
test,zUU,Check sum is D
test,#qu,Check sum is )
test,m'k,Check sum is _
test,\<',Check sum is _
test,}Ka,Check sum is I
test,{DF,Check sum is %
test,9mc,Check sum is )
test,f@6,Check sum is <
test,"(
y",Check sum is K
test,gGF,Check sum is T
test,I}V,Check sum is <
test,eNy,Check sum is L
test,eTd,Check sum is =
test,w|h,Check sum is ;
test,vOT,Check sum is 9
test,J.(,Check sum is @
test,^2s,Check sum is #
test,_4J,Check sum is =
test,Wm:,Check sum is ^
test,"@O
",Check sum is 9
test,h'H,Check sum is 7
test,'wQ,Check sum is O
test,d2	,Check sum is ?
test,}`d,Check sum is !
test,>+H,Check sum is Q
test,=6`,Check sum is 3
test,\)C,Check sum is (
test,ve+,Check sum is &
test,lQb,Check sum is ?
test,V-),Check sum is L
test,"|""E",Check sum is C
test,pas,Check sum is $
test,9)Z,Check sum is \
test,Qf/,Check sum is F
test,4.},Check sum is ?
test,`wv,Check sum is -
test,"e[""",Check sum is B
test,"G+
",Check sum is \
test,cWg,Check sum is A
test,<BF,Check sum is $
test,arU,Check sum is H
test,"
@0",Check sum is Z
test,cRA,Check sum is V
test,	uV,Check sum is 4
test,7fv,Check sum is 3
test,aw\,Check sum is T
test,>wM,"Check sum is """
test,:Qb,Check sum is M
test,nD&,Check sum is 8
test,9lY,Check sum is ^
test,vG;,Check sum is X
test,'	>,Check sum is N
test,n[	,Check sum is 2
test,/yT,Check sum is \
test,[$/,Check sum is N
test,bg{,Check sum is $
test,X}U,Check sum is J
test,b~>,Check sum is >
test,2>#,Check sum is 3
test,{pS,Check sum is ^
test,"""R>",Check sum is R
test,Eb%,"Check sum is ,"
test,K=u,Check sum is ]
test,CAk,Check sum is O
test,w4	,Check sum is T
test,"k,;",Check sum is 2
test,iZ%,Check sum is H
test,2g%,Check sum is ^
test,tqi,Check sum is .
test,X{<,Check sum is /
test,)(-,Check sum is ^
test,!pp,Check sum is !
test,io!,Check sum is Y
test,~Mc,Check sum is N
test,$u(,Check sum is !
test,${T,Check sum is S
test,a|j,Check sum is '
test,%}e,Check sum is '
test,47G,Check sum is R
test,Bo`,Check sum is 1
test,l2l,Check sum is *
test,l=2,Check sum is ;
test,~vW,Check sum is +
test,"j},",Check sum is 3
test,.S@,Check sum is !
test,J}:,Check sum is !
test,Qe=,Check sum is S
test,[t],Check sum is L
test,&b&,Check sum is N
test,LKY,Check sum is P
test,|H(,Check sum is L
test,~]&,Check sum is !
test,[:Z,Check sum is O
test,]uL,Check sum is >
test,[24,Check sum is !
test,u+7,Check sum is 7
test,TC4,Check sum is +
test,AsA,Check sum is U
test,F[$,Check sum is %
test,TSyV0 @>P\XFXE[;OEYn38xv$ut,"Check sum is """
test,IX?wuN~SVWr/ljN:V(Oh6jpm2x,Check sum is S
test,pmU-EeGaY_lB73,Check sum is !
test,yMArfUK|nqH CgsyL,Check sum is D
test,"i]@yZZpW
VsvsXFq",Check sum is %
test,"U,2GQVZFpwDx7o""[XlMlc$:sO5sQm/%VoOVJ{Y#pj#o.r?8<YK",Check sum is /
test,h~u%!d-1UKZj%#pcuzC(2K5'!,Check sum is V
test,fv!zM'\tLYu6(?A-#~(p1J5[e,Check sum is )
test,"xp5b`Yq{S]C&sE~.*\<&b
a;1IdRz(9IyH# >B QVF_6suh",Check sum is ;
test,"SD$Q,bEbU['oulOvC[v_DZ8TVoJ\",Check sum is U
test,"n'	(KX$=R&-Ld4,aC<vV7LX&'PQ",Check sum is T
test,"pD[&8Hw_GF""(455*@P[L",Check sum is A
test,WpBaG7C	+pbJt>	a86<yw|`6|$AzGgs(!Ocv*,Check sum is :
test,$1/nd%.ne0#wN*)},Check sum is D
test,<k,Check sum is G
test,"pDG)3c/^ 2q?m?M~'bG%eT2	a-HD_M5N,EEk:4]3DH",Check sum is =
test,"zO.2D|{8_Vw""B0Vv^GbDC/CS kUXJDw}d%AZlS",Check sum is 8
test,ypQ15>ZAf't/~0V9\]NX}`%kA\vjO?_;?3ugKUw+~0w[;Oz,Check sum is K
test,ku3!dsU,Check sum is @
test,"Z^<);\em~""""",Check sum is (
test,"7lef8n(k%
h.g",Check sum is 3
test,"q}pO&'ak<Du`Y:+e2vIZb
*E-v}oxB-SJv7.c\;|<cM<",Check sum is P
test,_xnLG,Check sum is 8
test,"D6Q>(e!ffF$FQ!W?i2`=fALs""uCU^WAVCpU%N!-A8*hRaUC,	",Check sum is H
test,uwc?GY'_/?gm@1@B)2x{2n}lMVpzt!n;R'wa8(/G,Check sum is R
test,"{]z*%6'Z^6{y7S:DD/#Z6XJsfQegQQGN.Dy.""c)3|zgSx",Check sum is _
test,"""-~]xcCLF{0T",Check sum is 9
test,_47%_$JfjPhKaSAo}lB_*n/@O]N+]%^<5O$[ttb&G[xa,Check sum is S
test,"IU(5""7vr'Y",Check sum is \
test,fd:d3G$^,Check sum is D
test,`GV,Check sum is ]
test,"U""4cznZ_xb4 O@du5j",Check sum is D
test,Ofd%;,Check sum is Y
test,"Cat7~a1PXfX];n3g?DhFx5DO""M }9D_	d;zmj>6x",Check sum is C
test,Q ~,Check sum is O
test,"h#	tj|6bV,DzJdsW-X9ufSP""Yc4#E Y\{!8(2Wi$",Check sum is ;
test,G>Z|B`+OCD!:'F0VOaJ5Z[O#6 7E&gPk1lV)N!f|,Check sum is I
test,"y.0%Bud6=9G')B_G+I(mx""?Ky3-S=Rs4(cRT*~T",Check sum is ^
test,"g
H>x0IUdp5Nyqi`)>)",Check sum is 7
test,vF,Check sum is \
test,"W{*""cY1a""*/.l",Check sum is !
test,"rT|y+e69G""_r",Check sum is T
test,BD}P	VR,Check sum is $
test,f;	/g]iH;uN_'fd,Check sum is <
test,"xh
GRwDV;(OIn7nq3v[$nqC0,_bm4YrOWBFf",Check sum is Z
test,8@#'<K<w[,Check sum is 7
test,"4+pY @GYdl&^FU_<v|:*'*E[S48U.At	m_`M$*w(""rw",Check sum is J
test,"
<e""\M!Z}2Vz/D""rfeoM;-V'9c<H?","Check sum is """
test,?&N7xjmUZTkE+~AK,Check sum is A
test,T)m[@:_iLM91Zc}'^Z^xAm!JO.R(xQV.aI10r LAnp,Check sum is >
test,.6	,Check sum is M
test,Sa.sJ|b,Check sum is ]
test,"q^}""b|hb0_1B$e?r%/LZ0GBitz`iSJM={5fs""9SAv'",Check sum is A
test,zAc@ 'G6OS[2hK\@2jRYzV}JlI`T+=VR|ndz[],Check sum is W
test,HriWg9dH!,Check sum is G
test," WU-t]V ,/427C	<=g @Au",Check sum is Z
test,ci0:N^sz`Em9':9x)%Wz9yaN2(t-n[b0M|_iP>Z)Q$yi,Check sum is [
test,"%=y
Cu&EjtHY& P@}Qw\T@eeB+:@:1
}	
(U0s",Check sum is H
test,"yAy5+)OCbp`6xV{-4x?|F(g""mD[0oo\#RmhP`D1){z]cd",Check sum is Q
test,"r,S+)CR7py*""U[@wq[	u!j	lroic~kjj+.D+z=JDfC",Check sum is 7
test,"ve(?NLB(*u6$%vN(cGwa[1rgsS*,R/BD4S*al9GoN3o",Check sum is W
test,"1[F:qF,;Vvmhr5S4L1y5IO2,""KLewfyxi.7Qj_DC6B#*<",Check sum is V
test,u3&P]B$9/4bi^AB<[0!G4QcR*O>\z]2%q`9{ip<}PpS:3)J,Check sum is =
test,KW\1)c{ho,Check sum is -
test,'fR.9+=$Q}N_8^@laPC,Check sum is #
test,"CVYQ{{+1KbZP-XM@>!.,Zc9""

DD2D.p~x7'Az~|;yFyKe",Check sum is K
test,"ASrW^)gs)Y4r6cwI=/}

AVYGu`HSx:hG]uY7W*A?mjD","Check sum is """
test,"M0(JO_5&o9%)=5	|9DhMmF~P\w h""k5$>Gx<a\1>|;",Check sum is U
test,V-V]U5$rIl$w9aQLO\%i>(=ZJU8/>|%mme~q%rj'>&,Check sum is R
test,!/LQ=/}:]w.eY8|_Yo\RlgK4)!!b{,Check sum is S
test,"-`>e@+&XOJ[
qo=*EJ3~w)U[qP_
0HM])'(uD>",Check sum is I
test,]%GXD	_qTT+ETz>*~<)(j`KO3`bmcWVIO#q(v<b+5G[{Jt,Check sum is 0
test,!g?ee9Us{HF5|t@qGXefx!H*0:IE$reF7O',"Check sum is ,"
test,qTy<,Check sum is Z
test,"8q#|LY6F?)KT[Te(i e~Whr4~(.^n=| 	`$Z&zs^	
CJpaI",Check sum is (
test,"P""SDb41OS}Qq+u-H-8]O,KJ+r",Check sum is U
test,"{""7=fdaC)U8S""RJn",Check sum is T
test,"+""H,Z4O9SV,h-4CJ`~BLj-M|$",Check sum is R
test,"
K5Q{PH2@9nphWuYwd5 -$/{>J&y5~4{	($Z>8_$.*N7",Check sum is ]
test,>sLPu6H hh6*Z*:W'#nJ7i\[@{1Ko$<aqi2,Check sum is Q
test,!5Yl*X<Cdm<gAeTgh:=G)	SO)&+0N!>Qn) tuvFn179r,Check sum is P
test,"'R#BS@Zr0)Ets7qL
??e{JA|p)o  !w",Check sum is %
test,h\t5.qvk6Q;o}J,Check sum is E
test,>k{,Check sum is D
test,"y#l?yze7lLj*{0IOr>S~KE'@[{	Z3}$[ibR&.1it
h;jol]g",Check sum is Z
test,"C6FL6ZLCc!yg|3z6!`/n)""N%y7j",Check sum is C
test,<~ZsE0fd*-.EXzwhip!	w&RV+JKD,Check sum is -
test,"xMcK0Z
",Check sum is '
test,aIma,Check sum is X
test,"-]94JPw.""K}s;I[)e|a9s8{5",Check sum is Q
test,"L!!-bw,C\|""Ei-""La,}zvs%2Q|onE-JB
42tp2?nm{5)W@p$g",Check sum is ]
test,Xl%gLyuf~[NVTvjkx9z#omjI	_c1~<MVYV|urR4@`=J,Check sum is !
test,ru2j~{khRQ),Check sum is ;
test,IV <H:*R7ra(J`A(J.F`^K0Y;!k$N|8{%Q,Check sum is L
test,p5C{Ay#.e>*[\af  ;,Check sum is T
test,"e<n00)
zzWG54[avrDlue~`*AvmI|\>--!""X~@}[P",Check sum is Q
test,"0Q
'SkTw<BP*'zGd@4:i4$w,FZ",Check sum is Q
test,"qf_a$2.x4j@]|^DPJ%/,H9R]tLhFi	p_GA8N",Check sum is S
test,",KzR0,P'OYd[",Check sum is ]
test,_(YpEA,Check sum is 6
test,?hg]GgG3fwPB=yKYFYuu{M8uBPJp4alx3b,Check sum is T
test,"nv-f,;yD9i""k}Ro$ZZRR?;i)5&6*kfkLcMr0(ghf
EVxB2%6g",Check sum is 5
test,$/gl	d;\scupwL&nn)?,Check sum is 2
test,~1u$	|NiZd+FE4*Wse*LlEolS?YXQo6oX,Check sum is '
test,z4@\ObxW	V@p06n<vjHU{[G,Check sum is #
test,g'*,Check sum is X
test,"""gH@U;gXOK 4jn13iE8:o<gm%(}*z)X{sP
l4@-3t8$n>",Check sum is <
test,"B;E:m]{_,mqPP3
Jl;D",Check sum is \
test,"oC$:R:KTfAN``3OoU""<2oa7zw]c/H<q=nTY&3>-E
=l(PC?|v2",Check sum is 4
test,Jfu,Check sum is E
test,iY;b;(SyhgNrG[9x>U<pwJvLA,Check sum is S
test,D@j;-X4m9V;3Ak4KqMLPPx&699x[,Check sum is Z
test,"^9UXQf:V2mIadQVqPj;suZA""vd?NKUUByJ-C8khb",Check sum is H
test,_J!`PO{h,Check sum is L
test,"2aaaGU@
M0vF;#&L-v7.-spR~%B@/Zps2	*",Check sum is D
test,"n=6w01s]Uh&jK<A+\h(GY,6^p
!7.
\4t^@|z/J);$",Check sum is X
test,:_C<<y8q>9E{5b,Check sum is $
test,"m	(w0gx9 @XKOSPm4{L/v 
+JqK",Check sum is Z
test,;+>fqiIn+?,Check sum is %
test,"*'	^rtpm~r4uREPp2nQZB`(1,]gunFLmM7`P""qk]""[",Check sum is /
test,C]:u;RrMuDer^!x.Teq_8t8|!=!f5I!mFMC,Check sum is  
test,wVXHj8d$bA\@A))	3WygqvXu*ea`,Check sum is @
test,S`	9k)W;IU	thcS<{pQ,"Check sum is ,"
test,"4Y0u7gkGsxQ
z

""zj
V v)&;UCr6[0Tg'Ouv	","Check sum is ,"
test,"t$bsC#Qc=c*72""Cgna6V:q	3:pI]bC",Check sum is ]
test,m)aAbhD9=:eT;?W)5e3)j>&Q/w+-B&\'d4!p>oz,Check sum is W
test,tax]N;4APwVYY	Dtf/$T1-pGArw.LR:\,Check sum is F
test,"o$GmNN0zCT[K2/cAvZ
.M""A/w",Check sum is M
test,"/aKjub^#TUtO4)0^tU""0Q)s-jtVxj'o^[c46RiXv",Check sum is D
test,"TI\j---q&re^.qT>)X<SOC5X<TJUaWTo""-IAd*lE+8d6",Check sum is 5
test,"'/JTern\A*my;
za9$<c 26#Az'",Check sum is /
test,"R/%2G_%(%-)|>E	1?""jF*zk46jIV",Check sum is 2
test,"=""3wGon-#Gv2w!r$
tq-j",Check sum is @
test,Zv-UnibG,Check sum is 2
test,"Wvn,;34ek:$^7A@)B1e{wc;^:	i-_8k?;'`pR*<_"" )[@#",Check sum is (
test,"ziY$)U$Ak5

=/7s/*	:f)	[-R|*zU$-ri3h ,",Check sum is C
test,"W$_1i>[O+P*E{9
r*]",Check sum is ]
test,"dt6RiAm;+$	#U	*{
iDe:LoE:E7*u",Check sum is ;
test,"Ys+B!9]GdOYxvtWawRZ@) (TDd""(5g<:rB[kSD",Check sum is :
test,">V@R
xZ	y""ID2Az5J.GE""w[9",Check sum is &
test,"VvzepB
SH+7
",Check sum is N
test,"6aNs}P|mtpP+htnF Yo	""p3#8>#		+OoQ%4)yG,7L+",Check sum is 7
test,[O:5cL;#xJ<-uxdL/z,Check sum is 7
test,"]
qh]cbBY;%Sz)>t{W-+ 
h3>.yEP:V(wyfqMU_QPb?}{",Check sum is H
test,"GSLd=g\7
c*Kzn2{UkKG#I?@/Sgo4p7}S#fvXx",Check sum is '
test,`j^e\idM0)j%m61\X~m'T,Check sum is 9
test,ivk)}|+}gOJq;y8%oQn	\t:oBeaL,Check sum is :
test,}AvB:[-H9v<S*h<*v!U1l!vMyrP#:qNBX9KIo(o:ot,Check sum is $
test,}CN)>q.n+lo .hMIb|6	Oy?6|$ZIB;q{Mpo@mPP.$: eK7hy7l,Check sum is J
test,8{0AiVdG4G%$o@iv.UD@X-hzDo,Check sum is !
test,5U\:Y%,Check sum is >
test,"	x:+PRN{xnC;)B
,2 M\F.y&zHl+`>M",Check sum is H
test,"7!+ckd'+/RguS\5,#'. RhAt|	8AGO9&r~JOe8OoAUhC ",Check sum is S
test,0Dq?Een/Cm=81{[qi7RXJ	gF*A}\x0a,Check sum is ?
test,"!/gX/'s;UYjk9Mxr	`pR'(IR<{e_MI)-k,N[dA@mnyX",Check sum is 3
test,"9|A q_v4,Ws.d0Zo6k3'Mb+C/TPJll]<K D5z",Check sum is 5
test,09!&Y%BQ)ft=R2{/e0+:6+<_e.ea3TM)68jq 1CLMj~cmfI];,Check sum is P
test,J~=&YPW{PoZN/D_3j,Check sum is \
test,"/'c=\\nE,v0 IU",Check sum is Q
test,x.iJpq3pg^Lh?hbSs^@OrE9|6oVre5.0,Check sum is C
test,"
p"")`)",Check sum is .
test,"u\<}0;v
!FaH<z1PD\O!","Check sum is ,"
test,"R+$R!5JAzX;,Z6)-xmm|-a+d[;A?}o8dK	+:|v[s",Check sum is U
test,"""Vr--
\04p_8DE?.o",Check sum is Z
test,og%QwW'::&N0M(,Check sum is .
test,"M<VGz-rv
G9c?+ >OMW*&')KryFKd9FH`Q",Check sum is @
test,"deXv
Z_`~.Fne	s'hUJ\`t c:G
88]s[","Check sum is """
test,"XN,fL+$Ohs$EKE9-Rt: *7B)51O!~",Check sum is <
test,"7	z)Gsy1$/p_l53	UNY=J9RwL""^847|",Check sum is V
test,"5F[IXK>z
;Wg_""%{z^ffnw<Xt	6F!{",Check sum is 0
test,wAin\BruRs[G,Check sum is [
test,"np:[2]da%T7$	0
ow'wF{NRmLO bP	%vt?VjHIGCWIyth=",Check sum is !
test,"z&/ZcI,QSHV	A?X?:sxcE |A4?yr?
C{>+C$G(!9
-*Q+6A6",Check sum is 5
test,D[\8(\_`wzH/ ~O-l1}@!Msy2F`iQC')5:<Fn: 0F'#bC2^,Check sum is _
test,"o&F#Zq
uBVsY/",Check sum is ;
test,"cs,h_MXM8n
(t6Y.#%tWj<EDtUtHhU",Check sum is (
test,ZP'<C,Check sum is 0
test,Y70!Q,Check sum is R
test,@8(!_A0Lw6[]Z>b9'	ImVE	s0(/#%lY3,Check sum is Y
test,"s2Y?$:h<
pwJz",Check sum is T
test,t_*_,Check sum is <
test,"""<c}EW^,U2>0qd~>9y{GGiw'B=uZ}Ay'B?9Nym	,] H1JR!}",Check sum is K
test,"o%i5'k,?2DHui__IES&qB@i&9V5GZEj2j{PMx)4OGtj\^7",Check sum is 4
test,"i%d2y	6%`zOv?dsyDyG8mds//Hqytn]fjnl*""rb2b|w<Wmz\_z",Check sum is ^
test,",}ESmT/""C;QUq)%yOE]}n=l(ZpIvJy8o3w1pn_LIr<7]
(]	A5","Check sum is ,"
test,")=H	lpie""k'<E1:Kg/8J+{C|{|,u<",Check sum is =
test,"K""G4\4",Check sum is X
test,bL}}c*@x>0H	M%dj(]y7. vv:4!.>WQ2Z+d,Check sum is 9
test,Jqk,Check sum is F
test,",^xpTbKuk76l	ovDY",Check sum is W
test,2:1,Check sum is =
test,"uzY/^K,-D>3PVOl$z8t>xY8""Ty;gk$\L)'3y5G@",Check sum is @
test,"t+ZbaQYoche7M%Ox""M?i","Check sum is ,"
test,"](o9c{caTZvx3V(,Im	enh?",Check sum is !
test,"'=0!|.g,%VBvnzJ1-GU&",Check sum is W
test,MB`i{-_,Check sum is ?
test,":e$
p",Check sum is ]
test,"3$!g
8fx<y31PM/GO4_Z!N1n
1Wgc<%K6tIN[",Check sum is 9
test,:p9ZB`8L_or}.1!|/w	|h+=Hp=,"Check sum is ,"
test,"YxPG39K4KI+d+k[F""qn dt|cF(<3&{/'?wL=bq)U?",Check sum is H
test,rf6O?cA79jq{=bT'`VOV,Check sum is [
test,"4
L""NL]ro",Check sum is $
test,>d$6Qm81KO,Check sum is ]
test,+62.;V6wNL:jty0`,Check sum is Z
test,'[m5S{}V9BFTZD::|*O-XJr,Check sum is B
test,"v+10L<}<,C
[RG8E6Ho(1%99?	}C/T=*XJ",Check sum is >
test,k~\%[fH*c~$lS@ptE>i~8SRC$J'[:,Check sum is Y
test,'E(A|xib1v9I S.Kk4M$,Check sum is Y
test,"5bM>@	jrbrEeZvy;pWUODF{6`Wso=7>3'Wk,(=K",Check sum is R
test,_4$G,Check sum is ^
test,~&@Cc];ZG2N,Check sum is #
test,"+>;<Dn""RoL8(wG	r&GWdd7+T{ve$dp_.z0sEIOI",Check sum is Z
test,_Z)p26\bV]F}FL*Amw[]PKfQE,Check sum is >
test,JK,Check sum is 5
test,Pz48/02ENN+',Check sum is Z
test,"ZHX#0J(IqpLWG[hdu,S7[aLLKX.	&n",Check sum is G
test,"-D-1	bs&*QkF\*PSPAlg9|!VF,zl(n""",Check sum is (
test,;7cPki:`}1BgqX)fXTbt[d#9&7!s9xIP[rDiU+T1+7eYmN L)q,Check sum is Z
test,"Z9'~n-T
l:\&Z5d,4.XL\B8?[}I%BRhy3qWEC1v.VKBh%%gG",Check sum is I
test,-7\NGn7Rx,Check sum is $
test,N+rR64`O]Pp 7kF<_l|oDJ	=:2V(p<gW4Ru#yJgj2)\ HFyo,Check sum is 4
test,~<w@,Check sum is Q
test,"""7@3#KjQ93w8P}a?!kaEt>_Nc-wIp\rZU
:CmT",Check sum is 3
test,"3D
Q""MIK$HX+RB@mJ,^",Check sum is 9
test,"jm~af-dQo~i|`QcMHOgC]
Xjf52^)",Check sum is O
test,"y;Q.h	dG`SeIcze	Zl7^mqJr1x2Uz\((lr,R:",Check sum is <
test,=L_U<&Ut4eD,Check sum is %
test,"TE;7$MkU,]g~5lo 	Tk1",Check sum is 3
test,"""qirg&]!tbe\IfU'""Af1@4",Check sum is I
test,B-6kDU<uMs20$!@6 ID>Rd}Ov:nl),Check sum is 7
test,"..6w9g\B""`;*<KOb	V':FCE3R5,GWTf/@dzndZgKve",Check sum is X
test,"$N}x'+~T~C(([qpNI5""7Xj?:,(W+xhN.cZK?",Check sum is Q
test,[fu(Muy}M@y1+W!,Check sum is P
test,{F5vfdEzWi\o-R*~xN5|>xmJ0x,Check sum is S
test,"-
k,>T_E!w/`}]D Wb	('Q5m{-I?~-}
%qeO",Check sum is 9
test,8AX5=,Check sum is #
test,#_TC2b{81,Check sum is 1
test,TI6R#n/e(\!YAL3z`s iP@CdLqi,Check sum is [
test,"<	dSf}""l/j[;W<$c7V",Check sum is #
test,"4Ksr2!FbE""<Kdh5}VN#uo5Cg!1lsN",Check sum is 4
test," ]|K
5s-r0&I4Fk.lG=%'a-#Z_G",Check sum is T
test,47j45,Check sum is ^
test,"-(B3UdHUxGAQ11?Rg""	N`C",Check sum is G
test,tc32#iAA,Check sum is *
test,Ez7s-+H[.6CQ|q]s:AWzUJOM46fDoQ_9,"Check sum is ,"
test,rA=Jt_LWmS+KgHo!#<_}IBca-4o;iHd!Ek,Check sum is @
test,"YxeA6Ia%~=y{a9,)x_k%=/",Check sum is M
test,BcjNd/W,Check sum is '
test,"4<&C+$O3CZctzb4l9Di	HU)8Sr*""P:",Check sum is B
test,".<,Lk`deso(`Zv.*K$\mZGjxxy7% GZA+.|Z&2[Y&}",Check sum is P
test,"p9lJ-*@DL_lA>	$+O'bLWR*%fd|ZJ>9.+hf\;_""hrO^Bl'jw-",Check sum is .
test,"HqakNf8aR?m}5oGH>&/V?
^_k
`1ej+RK_%c(8o@8m",Check sum is G
test,"
_(A~GJ5cE`4=Hu@rnGe@#)>b'w`+wq<e(mu?0!T	gLg]/""JO:",Check sum is (
test,"%[b@qES7
~aKICU3.	}OeBB4g/|ZY,cOI",Check sum is V
test,".{[A!xDR""?>m""~7R!I7 Gc+#>S)GDod$H.4x<	l",Check sum is Q
test,"

iE:JQ'6'vcN:_mr1h&,/]q>@EZ7dzAoU}NGA
fIGnse9k8
",Check sum is 8
test,"f$kkp@%<#f_(]]B1!^f>3v""`",Check sum is \
test,")'Z<K.u]v
(2TJcNM8z0clye5k0nPu*0eYhw$",Check sum is 4
test,mn|e2'?z	9R2+@S{(NLtHU_X'.}_ftPf42-=y0vOB>3.,Check sum is W
test,#j`/dQtO\Xhwdq&Su?lhFI{,Check sum is '
test,Y(2hv,Check sum is 1
test,":Xcy>s0^/n~|b_,Ibt!KdU",Check sum is U
test,)i=C	V80w=~VfgYT3teyY0PVk5M[>xgm0*,Check sum is [
test,"ys:YHH95BW	^5tK*p})AV0CI5N<H0#A0xuv]F,C%\^w>) );f5",Check sum is @
test,t`d1V)y?:g?6]`;S[,Check sum is <
test,"pd[a|~Atyd8:Ph9,ahXV+%':j'O",Check sum is S
test," 6.@8|h}}WHTz
0aG21=nY')YM;Nq=o ~gW6",Check sum is ^
test,"NQ^Rl>Y;t7EzM,o#K(
1)j7D/Q]~5>U%d*<""(G!~#P|QMU",Check sum is B
test,"d""W+H",Check sum is 0
test,"0[,p`	+YJ!gD&j0MD	d X% jgPc0y~eLd5",Check sum is :
test,w3nxJkEi:!{c!u_>lobFw|h-/U!XnB-DH;O>>zUu7S79[,Check sum is O
test,"[Rf?.[bmCJ(KE>2cbGS05YMp57>7|+lz`	RaXDit,@fW",Check sum is E
test,kc~5b{<$ym,Check sum is D
test,X]p,Check sum is E
test,t5}g[sK6?_tlK+9{		h &A{,Check sum is  
test,"zp2)fi8`M!,gYi/0	9UaJsQ[OF3bGV5I4WW.o-!",Check sum is !
test,ZFmo'^EizveAEkm.18)$G8cm}3Z]Gsr^&MW#0E_[u|W2,Check sum is <
test,OTK|vfm;-iUKHwc,Check sum is &
test,e|\M}v}DlNzKgM,Check sum is Q
test, >V4*Yp:vYJh(P$7mIDU44[ErW3dNp>H	Gf C_`a>!ja,Check sum is '
test,FDB%C}i,Check sum is :
test,Dz_=01<GJE+#w	K5RmLW>,Check sum is [
test,67KK>n4/O{&8ZZ<aQB!	nx/MKxf#,Check sum is V
test,`D_ yho7hnaQ$cB]	RulL/0FD!3CCQeATx,Check sum is F
test,\9Hm,Check sum is *
test,"6<AStx(dW51@""(WWI3ZRw\	%W]?-zd(f-+XM6|t|a(-mc",Check sum is -
test,")^M.C$s6D2|gl<$wE)=T7I""M5$1s!c#f",Check sum is F
test,ddd}\1m-Y+L<x_<!q|ds~WR,Check sum is [
test,]`0'qcS-sUZVUhwQgxc=!Yt&q\f<&iudQ}[I6wdU[*6,Check sum is B
test,"P`$BMKje9<;7
a",Check sum is /
test,Zr5T{iIFv,Check sum is ^
test,"E9FK%L+W/TTP/TTZ&x>yG&p
wY''V:O3O3FG#Q",Check sum is )
test,"|=^r
jl.!o*)",Check sum is Z
test,"/~<aY5h'y""bf_9;&WeMt/x<fXc_r_SzE",Check sum is &
test,;g0ipM@NeiuAnZ6F*$x-P9Rs	5)zKQskO,Check sum is Y
test,]Etg)_rZFi%ykM9,Check sum is /
test,^UN&x{F:@3BOwE1jK2QT8|d|gcSD,"Check sum is ,"
test,j42,Check sum is 0
test,3V?8O2p	|K+!Q3@	,Check sum is :
test,	G'cj{8,Check sum is W
test,"m_X4
V2~d(sg:?<hm9-.;YC}nrsQ9Z?rj+2vx0v+>L|vr|`K~",Check sum is !
test,39=d\GYT,Check sum is =
test,"?K?)EB+lIo*#Ia{32m!D7m_0$s27syL_1T
{*=9"".'|CSn~k0",Check sum is U
test,"!|/0nOC{.y&Z\,N/1k@{""=qLXwe""weqnV|",Check sum is Y
test,|9252,Check sum is .
test,b Ec-_QN/p~z?),Check sum is 4
test,GH6y!dlCB-w'^&ZZ~6.RiF*Q775+C>7h]pR6j,"Check sum is """
test,QJ}LmW3{qSweV7F'/GL,Check sum is R
test,"Ma
vRqws
@*]
u-Mqs;",Check sum is $
test,Z_#df1l,Check sum is #
test,"+X[""[G,tQIZ(]9W$uP",Check sum is T
test,!)#q+C*LtXN,Check sum is <
test,z@0i&s,Check sum is L
test,qm$',Check sum is I
test,"w<gn,9q\8&@&yY)Y]gDm%OW^[lFk~V0]keK	vsH1S\zrB%h>""4",Check sum is -
test,}MH/p	[VRd1.Fu48vx&R}*w]>0P(i%t=>pz(j7$Y$H)XG;&,Check sum is P
test,"-s$G""^VnRJ 4&n3Cuw*#,W""""Y/Vrm62U9 ",Check sum is <
test,zV,Check sum is 0
test,g#Y%<#hji5jZY%VyLTE=L$[5n~5Ts,Check sum is R
test,"wBvrx74)Epyef'IdI
xe)]Ef}zl={A)0sX(96L",Check sum is ^
test,"'$78q
u)[};(aKmFd"";@""(<^gR,.ci.z79@E7""EZt)WN^",Check sum is F
test,"Ly^oT:^w(Em} !D1b
;}{z@#Q8jDTo/M{ O?",Check sum is =
test,"J90rg`iQPM}3uzV,",Check sum is D
test,S4v,Check sum is ]
test,KkJFq0N_gpU6_!9[m.+w_Z%R#&z,Check sum is Z
test,"$ia
>ofRF1W""WmwhjB^D0<j",Check sum is 4
test,"s4Ho{O~^>Ttpva!+_xF,tr)7C~WCz",Check sum is !
test,"Q9WB-*5)R VuwR(*
6LQ	5%l3{C",Check sum is -
test,B|'jX?3)sj-,"Check sum is ,"
test,"%<Oo&ekw\8KcF%
""eqa6OZq@A
{T|n$qwr#4n?sy",Check sum is >
test,#{BXaBuPoC8VADnm,Check sum is  
test,"8G'9Q
lo7hj.lC*23GK2sma-hOjHx`\d[(",Check sum is  
test,8L8iOU+g(`$Dq/J4h[rJ+&h,Check sum is A
test,p&C\v6Vp,Check sum is G
test,a-<aW1LyRs,Check sum is ]
test,qxNCkG/b)),Check sum is /
test,"+0hn_|}9e>	%6ht&,x$*hYz+d-(z""	",Check sum is !
test,gn,Check sum is 5
test,IsGOU<K%dj0}Xtu19,Check sum is Y
test,iyrV JUxaYjidVL15ML2s-yO8/l%R,Check sum is 7
test,~(4n*EiI.//.]@V1JTV,Check sum is [
test,9C;L\@|L9Fb>Fof_\(C2IyJ8hC9,Check sum is A
test,"Gf(kAJ=>""y)sIsaXfKdc!*|3l,TVr",Check sum is 8
test,"(, U!@NYi+'1ycb4Rnnq!m*=Lk
DBr)d0",Check sum is Y
test,'2qk,Check sum is U
test,"RZpI@hmH,Oc^YS@?,${R-0*alQU,\eU#Yfe ",Check sum is I
test,"X
{~{K",Check sum is A
test,"|k[L.Fbn-m8%-7#zAD""dlv{#pOvkWckQ+I[TA
""x>=Vr}+
jt",Check sum is &
test,"MBi;R9VH+@1|oNK3VM9~$iz.""TP0o>UL]",Check sum is ?
test,"~bi$o4$GO!TD,?:NuniX}w*S,B^	L3,$dH>Y*f2n4M",Check sum is C
test,lA%`4|Dg-]V*rC}^q>.U&E7mgz'5C,Check sum is H
test,>v</kMJ,Check sum is A
test,"+	3)zp7~IN3""7WOWo@VYe/",Check sum is !
test,6wkf?E+@Hhw3R7,Check sum is 0
test,"Q5iL""o"")
Ka=",Check sum is *
test,k$I:,Check sum is 2
test,".5B}c`""MX.
nP+,PtH8hK\&KRI?k@csa=+>hxFHlv+R^",Check sum is *
test,"g%0pGhW_A}[z~-r~6&R^q]`,G}X	kBg,6\jt?d%'9Ch(""%,#",Check sum is +
test,o-,Check sum is <
test,"hJyNP_"";PFz[<o(nsktm7;m?li",Check sum is C
test,"K}zy_\C0
0]",Check sum is  
test,"1eAq;
DZ17^#8h5tv$N*7})Bm?mJTf+X",Check sum is N
test,"XP;)%_ufz6J7\w)'<iV3
H,?'}(nZ2-+4<K7^THD!mm",Check sum is S
test,%'^[%?8pI<~froQI5/<<HE%4Vmjm:9VYJam\kwy<N,"Check sum is ,"
test,"
2~7,sYD6K(:m:A!v1 -8@;Ny6}(1X_]*ct{5xMAI4",Check sum is ;
test,"ieKQ>QV'~IPBUFl9V""ni
a5n 736& 4;p"":7/'E",Check sum is _
test,"iLM""HlJm;7\DNh=\/sTp,8Q}<Od$- ",Check sum is H
test,>29n`:gD	.uonn,Check sum is 3
test,I*As+6'a&U\bv?c,Check sum is A
test,(wU&A9KhkflW\Y0E,Check sum is %
test,"^E?M
s`zY9r|&Z2'j,<$xNWA%{3
)Q=<)5zVJ^mNIv.JM9=Ck",Check sum is \
test,"`ibewZs#jP`[""Cwz6kUk/GmEw 5U[ 4A7;+BHQ[U",Check sum is $
test,t2/,Check sum is 5
test,"lLDFt(w%gZ/""KfM)-\+th+L:79R8ybh.pBUJ~l	(	",Check sum is 4
test,"(7o/igvi3;}e5M<.F\v`g$c=|LR5i 6p8]4^+<ul;C,!=",Check sum is  
test,"
Fw",Check sum is '
test,"K2/O
n",Check sum is S
test,w&Zq@`V<z]uFgBiFVFqi(,Check sum is B
test,"<1h\6ML@yjzW{dv1_ik?KTKL"".^XLFyr.(}AWwsE",Check sum is _
test,%![tNw-8mj[,Check sum is Q
test,"n7BoLL<S5DS6""",Check sum is A
test,"G 0!V.tHjO{,4BAm4w",Check sum is G
test,7*/Vj[c5t,Check sum is W
test,"aUz<( >#gf6QN:U@,c28G@j2~akub&E_d[zdg"";M~sq",Check sum is =
test,4WGG[rE!`nFi#&!wnPpi}5'=|)fW06)i|JIyNB6ksdibH,Check sum is 4
test,"]+""o
r3	a}B20I!*S[{i",Check sum is Y
test,"pSAAR2_YxKcB@p->K*32'_t,l[Q3.Se^= w.",Check sum is 5
test,"ct$Y@
Ju:c%fuEMbNz/(nD#M~35$VTa>/4@yeQn","Check sum is """
test,r*l=Q$?p+yD)#SklM`<%a-=FBkvB>	!g.M,Check sum is 5
test,"=K=|;cwJj2'	d(?82qib~xS>]Dl-@j""0 -d.-~",Check sum is D
test,TqRKIjc F%O,Check sum is 2
test,pQMLL=MDT/:#hYMIQp'4EjbQ0,Check sum is 9
test,t)X4xGL#}zr>H2!T&M^ Ku``aJ-&\~d{2<o|%Ks>grK^V0kD%(,Check sum is 3
test,*O;~5$/M*SRF6nmI:_BYmM1Zz5X^zQ%D<Y|pB3EThb4*@	5,Check sum is ]
test,(dWk2Zwc]h|>qBv,Check sum is <
test,n(t\Y}V~m^$}QK^f]6{yW^qa,Check sum is J
test,"P{/;`W-)?@|.iD}\B h~r	v.7<uXTE""@g7*I#",Check sum is '
test,8^y Z2`Mw!e$)^@KPFr)h1\5'S`1L]{,Check sum is E
test,. yJ'1t.hf(K|OXWYNSQ{u#:W)vcaX3]k,Check sum is K
test,"tsKg""4-",Check sum is <
test,9O.xjy(GAd-z5; e>{Px=u:~JtX5E8H9_X\eF(=(^0l8,Check sum is R
test,y_X_ZH-qT7 c)a^O%z*95&+>j0,Check sum is T
test,"Q:+""k^l$5Tav-WX'3z[mU? +fRr\~I[9",Check sum is )
test,*!cCTb}^NG:$>J3o^vH8^h,Check sum is Y
test,"pwn@	2^.JG(wT0Jj""F	VyO6ZQIE`eq?dDYSQ#_eX
8&Yx7",Check sum is +
test,"
2O""o~(ieh4!sY>#b%AX%tBBCn/5$xZsgG:aN 2Z'(E79g",Check sum is C
test,"$rY +$HRfUx8E<[r~E""a-zDHCbg%M%}n-j1>xr)[",Check sum is L
test,"IWH\3oovLf'	j&7
DBb]/Av>
U%k i~:;fC3DOGQGFj%u",Check sum is J
test,Y_^,Check sum is 6
test,"-""E|]K7H9RTo{HW}]cz6Sf_f(VgSNzGD`SwsFK\!M0&l",Check sum is /
test,"+F""9nC u%.ynbn2HY&2[\Fomr1~RD5dL'zGsc2[ia4=g.^[S`v",Check sum is Y
test,MB',Check sum is V
test," U{bT XEER-T=[M(
|I^lNb`6q]19~P`O;y@s",Check sum is #
test,&J6Nhy1clHz0I?UC\+qF$$?hQ,Check sum is E
test,(7zUVj23]EttM:^D>p0p*\h[K,Check sum is H
test,"/lA=:GiRg'S[%1.Q1%fiFs(^EhZd#W(,db3u>M({",Check sum is ?
test,:|9/,Check sum is >
test,"@h0JNC;:Jm/g,^A6l|kdd?DXYF\HiLgpbg&YI%}as0&~
",Check sum is @
test,"quz4brJoixi6zzxar&rT,s-A2KcjV",Check sum is Y
test,"{:kus5,pW}SzxvuIGP}Ml",Check sum is S
test,jNC|~$GZ.k*,Check sum is ]
test,VsHu/xeT#=eO,Check sum is Z
test,"x	2Duv
\0+%M<|
;db?O$I`gEg?.[
BsvuH""7^%equE",Check sum is L
test,"wA\I},",Check sum is &
test,@vhUpZC|CZ=71,Check sum is ^
test,"l;1593_<VK$)n70|7]qY[[I{`-=j(""_I#h^O7}F""YhM7",Check sum is J
test,1vq,Check sum is 8
test,G1*}/r[aypDHqGj?$]ZO0$1>Jpf6Y	uU,Check sum is !
test,"d""S] q<
Fb6i*Q/<S^+:&mKXz)6yzf 	Enhz
nU",Check sum is #
test,"nw'J1j{RWF+	 {.3F;1k>EACV%*R&}5L`kP`s,3gca:}Blo?Zi",Check sum is 8
test,T@ ,Check sum is T
test,atL1g,Check sum is Y
test,Okrop<?> <^ZqjUol9JCCXW{oIqd8lG:'(AyB*p,Check sum is M
test,3cY6!Ylv&1,Check sum is 8
test,"5wv|N4BF*Wd)e:c*W6:{$f-w	dEJS""z~i's@:UH(&5
`:	.sT:",Check sum is T
test,"s4wi4E
dI`Qq)' 8{BZu0qcd^g""L}mc9um
I=
#_",Check sum is L
test,"s
|DJ]e8",Check sum is !
test,"8geG{#LW0c,})QE",Check sum is '
test,"DX,D#,Z>kc
&6)`mILJm[Jdp(*;+>lq(Q-EZ""X",Check sum is T
test,"Yl_t%|U}d{9?n\p9i|/ F_Dve*lZKrl,0z:DeQkBJv",Check sum is =
test,0;	/lGqgH#-o`byz.@22|qvb\Sh[hUGh(-c`,Check sum is W
test,'0cAO|o.^v>f6[pQinH<a?,Check sum is H
test,"&^kS|5txVmyyF/.~""q{>'D7T$cS\CC@F,.BkF~ak""DY",Check sum is /
test,jRCVSt]_Xx*j\bA,Check sum is [
test,~YUzLl?E`QjTUit|H	gkBIte&Qq^IvR/9fG2.,Check sum is 2
test,"6)	_og)W%RZ+PDAs|V&<z@O OY;~y,Qt]\t\eN8q[rldAKz",Check sum is 1
test,/}mftV.0p$ZMZ)7JV$Ux_1NaHx,Check sum is L
test,"3L@KG[QFr	Zun<xtjjP|KPi{d&I'j(
:XSPm~:\?KU",Check sum is M
test,"{,]|=RKSSG*",Check sum is Q
test,"x^=qDWhpfxD~A?mElT""3:
nNVXYj^XF[BS",Check sum is [
test,"spqnB2R%4MC4sIPd2@Eu?>Yfd""uh",Check sum is @
test,"d&>iu?}*y7=zE+9e,0')eA",Check sum is 3
test,$PoJUi,Check sum is K
test,*'3,Check sum is $
test,lb|bi<=MSWy-Bo,Check sum is <
test,"~iU+HH
E6e?w""it,8Eqr&bbcF",Check sum is U
test,"@9^;z}UgK:UGhr?(4&[
g/{uECA}C|:6",Check sum is A
test,[@cdN1Ka)WKA/SUlj $-::pmP4Ot(?,Check sum is V
test,"kq9!	e,8g3leg?T,y(zy{x7bAg8F&h!fCHMa[",Check sum is (
test,wOk}mJ<>.KxSX3V\H6!p$m@\J)M}a,Check sum is Z
test,}Nw%};as!4I353xW&6#kd:'wil=?XdACTL~|FzS.g},Check sum is Q
test,"H,?e<$<}Gp<[r",Check sum is Q
test,'SZ/	*|7Od|*kE[CqU?`_9&aA^< agF,Check sum is =
test,"/ZGh~?hw13R!HBw/N""01-M",Check sum is F
test,"$ hx,7ZO~gF9x~xZx^C?<fo#wd0",Check sum is S
test,"(Blr;cC<~9hn3x)s5,j+VE<9G[hC","Check sum is ,"
test,"k
K>c$lJ1:	r",Check sum is A
test,]s?3Mnif^vZUKX_repXQx>u~+bD,Check sum is [
test,-W=;i<R?QGxZ`e=0)VvIYa7>K@^AZ+eY]X^~,Check sum is Y
test,sY:MgjlE,Check sum is 5
test,")n ?+{,ZR#nG_^vYI.z%~~mq6I,",Check sum is S
test,"MUDV9sR0LQ]=OAIrE`?QGW3,f?At",Check sum is X
test,"+aUhP(>}	;|Xd`
jkDYkfE,p;AtD=,N",Check sum is Q
test,"q""i1:4=}X/2\,=rCJ'<4",Check sum is I
test,WO%6`7,Check sum is 8
test,h)If-8zwq ;H_XHGPsIyN{sJYkbeu`sm{6.D;R.+r!fS,Check sum is 0
test,OOSQ,"Check sum is """
test,s~3m3IL;h|ea}Ae0iO0o@Yb]^dZxGv/C$j7LIn~N,Check sum is 7
test,"Qy2ubay""	,6<h.6#?iq94/|C",Check sum is 9
test,"M?{C3)|icp\)tlBX8OoaoL@V0l9,M",Check sum is 3
test,",;3#",Check sum is ]
test,-)@HE;6	.OdD>S[,Check sum is N
test,"&ns|N2zM9Dz^9X Fw
q+SCF3$6.2W:*@RU}2",Check sum is -
test,#^%pUTuj'VLTJ;:NN*udrwJhc'=3{\]7U3it?sE}b78VA1m+wV,Check sum is P
test,`ix$RFtSHR;7EzzoKg2EV2os'hXE&dn4@-BF|,Check sum is 4
test,"igrilR1r}yi\ou8 4=wO7m,J",Check sum is 4
test,ekPy9K[fEYP^-CVs!G=dx,Check sum is D
test,"z,d
4-gix#LRb*3RM<-YugVNOgMP6{oe$7df]r@z7XU16zQ",Check sum is Z
test,"Z1cxY?NKbNm/Z
:)3-2=k)p=-S[J*v4ZKa>BHOA0T",Check sum is 5
test,"?~3|I
=+""oq/OG|-v46|.D5C^XD	1.=Kjo86i)s(RP",Check sum is =
test,&41CABT,Check sum is E
test,"N(0cC,|62!Mk-vq2X`](9+gc=yuRAw:vk	2$!bpKR",Check sum is E
test,")&+qNJ0/	,BOi^ov@l[ekBj~fnD6>=_OwX?A
Jo	!4=twoUfQ!",Check sum is  
test,ROsx!5z=J,Check sum is C
test,".Nk@RYj7xqlf!>Q5@.q,</tW&mM6ZL	 %z6j",Check sum is X
test,"+]q0^;xT4cM,Fq
ZN+z?G1*h~X4te""WMv}r;IfXq2n!%U]/",Check sum is ]
test,"1}ASVqiMRi)~'Tqs)1?!wS|>!= (A1N&D(MLT""<CS""`KS*MvY$",Check sum is A
test,2&p,Check sum is (
test,"v#sldh*&:ZiJ6C9,c-B#CHF",Check sum is _
test,NSwuoEE_BJY	_$#ieY$EhUv*iPQsco~SCd<?+?pwXO4jRfX,Check sum is .
test,"ad,=42#4-;:0='7]4|1,0%ft#C:`N",Check sum is _
test,"yIx	n`gFve3Q+fV`k$v
S2RB*u9g9w%42Y'3N6ks39",Check sum is '
test,"Pc~xh>d m50&m=dUPubqf}"" ']QANb)r1Ru?.mI_I<",Check sum is +
test,wg,Check sum is >
test,m6Aj[%l)/vlP'X~&PE#ruM %T];k}n>iJUhi@y3C]wjP8^	8	,Check sum is .
test,&U0&9\^[]_N~VNV6qYcja18S?7\T*,Check sum is ;
test,-J<G1	'#|$e,Check sum is #
test,"7Coz""?=y}@Zy\x6`\.kR60A?l0 ECr[*wJ	2kS5",Check sum is +
test,VjmZw3|yl#khb9\v7,Check sum is L
test,"""NQ	 .Z
dQ%n]oI)","Check sum is """
test,"_
Amz_@6wd;I8{M%qApSAp,#LiGvq8]:'B5a[u.5K2C(a;Me(",Check sum is A
test,";|""fH,fVs6S0t}F_",Check sum is Q
test,"A}{)4]c-1Lx,)'2lHn`gA%@o+TFJkU1+lFmmmj<;C",Check sum is L
test,"F]T l33P-~""x>Kap*J`MRF{+Pi8oEQ`M&l61",Check sum is 3
test,"8
U8e(OS:",Check sum is X
test,DgL+HIE'HBH#e/9DK8kDT_JL<lco;`#z,Check sum is 2
test,]o XM~U(%tovhi&@xA\z\t,Check sum is @
test,C1:c97V[v3WskXNd@h{DbLcv(i(cm2@f *J,Check sum is ]
test,/mHsJ.`3-gb;r,Check sum is %
test,GpawGX1l35U!p^	K9*vgo}7lf81|Zzg:z8,"Check sum is ,"
test,"
@;(UlQ",Check sum is _
test,x_,Check sum is 7
test,l](cAy#KqnY@K76Tvg]~' Y,Check sum is 8
test,nw$+@'G/~KX/7VcI^o|mh<&jW,Check sum is ;
test,Ulr@L\!n5m5AJOH?s7fQz\U^*mo6~vm~GtW^,Check sum is 7
test,J7@DS'XbDH`,Check sum is E
test,KOi(&2@R\1wd	VsaUv,Check sum is [
test,*3}v.NQnH\s{xWD4~~GENe],Check sum is \
test,"4Ns_x^3'""Vt/9u@Eo0\7~jkm8*}z<Bk2Wn\%o}iZRu6p",Check sum is :
test,.sowLg}E!Caob=r$Iq>%~!\,Check sum is ]
test,"R^9UdJE>,Z[H_OK<bVBWt4lqBzn'R`,^$
CJ%JlzcN2rKV",Check sum is V
test,3SwSQd8mf5$X`_FY[ec(95TdF+v`&1Isf;WB<Y'8Qj,Check sum is 3
test,"79T?gw(zVm}QhF)ooiTo	r)XuhE|
\K~~-]\",Check sum is B
test,F=[,Check sum is >
test,"b|lU,|KCK)P.A>Q%f	r)Rf",Check sum is ^
test,"y<#""%rk""[(8m7U""vL`",Check sum is 6
test,<fx|+s.ZN~!_WncbIqw1rqu{pDO$P#mUx;'c:cv4^Ud|:(0	l,Check sum is !
test,;x;,Check sum is N
test,"G""G{7|	j4]BBE@,SS_4zpa*PcD,OIU/8N[i+uF6`p2:>(@(",Check sum is T
test,"#9wTw'R_'O^77+{GId8uF""z+-B%e~#l.1pPJ9F\x#~cbY8?3W*",Check sum is X
test,T_,Check sum is S
test,"qSg{=Z9{b'#<[XKSCd1E#""C|`{F+N<A}> &1'Iaj",Check sum is /
test,~j<xrgVk&rt\w0w3/>	;,Check sum is @
test,Z 9iH(-U?0,Check sum is ]
test,	Tl,Check sum is )
test,"1ltACxA80={-9z_PQ/W|NEJLI1R`4!6ZQHp0n
oKv""Rn",Check sum is -
test,>k:E0FjDZ%)s_K+CcnwE%Af:4N6Sh=YX9d@h_wM:9-1(@,Check sum is 4
test,"l7Pt5pR{Vo:%-98fK:9Zdd4#Kh
kW;%IUK5/	H""R",Check sum is I
test,n#Fz]Ifi<}PF,Check sum is 5
test,"E.Or~Y}kUV?N(oye1,",Check sum is ]
test,";(rZhg""br'/P6x3Q<%q.mRS]S~[F8Zv$",Check sum is 9
test,"xmjl5cj6}M1	 L.uR`OW'+
9(1
gg4};3\",Check sum is ?
test,"()|.V""ge^su]C61/q)!p	uq-^Pn9@<V%-l@a=X0:h",Check sum is O
test,qZ;Z_s7YMRLU2(5;fjH#R/{Hf,Check sum is Q
test,"Qe(lC{=DQ""u0!83'$S0P`*+ |ya'K!bI2u ",Check sum is [
test,$F@}H~:05Mox|U^_c{DGw<r3N:Kx_OLCmP-qKN,Check sum is +
test,p@FW-GO?QJj,Check sum is 4
test,\69?V,Check sum is @
test," r$y< LXoV'F tY^rOnVL<l!(LZ,""Y(\O`C*a,9s+ZB",Check sum is ;
test,?4fB^{:Fne(8{88/qkCY.e;R'e35?o,Check sum is [
test,"|J?_[,Yd|4OZ/<:SKD}+;J;nGht[3s","Check sum is """
test,"5IrM5$}]T
kXRD[7J9&s}6L?g",Check sum is Z
test,"Xr!,9I,-9d?:@>L",Check sum is 2
test,"T
p
5=?p~1cXM&Pt3EnbGId",Check sum is 6
test,"z.ypywH-_	x.#3E""rR1u	<2i}VWf_kH,H*:d$[%N{2",Check sum is (
test,"fuX)R~@#/xBS6&(!c-G'f~}6v2lS 14Z*,h:JGR:#s7l",Check sum is 9
test,"V,
5}[|;I=Xd#PNI`d~%T5/bqYiBsls9$;GpK",Check sum is ^
test,"?M[
W8\X:L[KgN6!qs]RD={K #VstGa3Gz }0=5Cp-1V3<_Gc",Check sum is  
test,"@ZfLF_IAlU bOf,zy^izj""i;3RaRUPc.P:",Check sum is [
test, 8 Ojb'`;c,Check sum is X
test,Jpmz]W\zrm,Check sum is *
test,c`fjy<	^Lf~N)/\? ~),Check sum is G
test,Q<R,Check sum is ?
test,W<.z#R2x_*o2g67((kD,Check sum is 7
test,"o@~O$nR~|p3w,",Check sum is @
test,"M=
%=nZJoiz?Pb)[40",Check sum is S
test,+k@U-}*~'Up\pjb\1s:#60[P\{dl37~e}B0f:dtxdT,Check sum is Z
test,",X>a[tfTh;@jb*",Check sum is %
test,=Sgo*qQP8^-U=(u7=@C1,Check sum is \
test,"^$ GgR>do@-tBhOpmh""12MrLxkd]LZB.TQ?ryGJ",Check sum is \
test," ?dr^gf,(j[QF)pky
s.B$&Q[OMnwwj11U~L",Check sum is 3
test,"~Gw8NX3Pq~2~.@R-vH""",Check sum is )
test,&TN_f(MJO=D(,Check sum is $
test,%%5cx b)[A!rIIOGYdw44p8M,Check sum is M
test,av`bFbrosAF,Check sum is <
test,";I>V:k-<W:d=1EDUFs+z]6CR6dI

lf>%&!q6!s{FNly=o~E",Check sum is ^
test,"dH8QYzo	fSkIOa|eZy183[k*ApF`pQN*@,@",Check sum is 9
test,"8-m[LEGLW1ZkHv~Y#!\mG[?
RPnRUc&%{jc+",Check sum is #
test,"M#j$Bn3BC;LpFdt+1a
\sXv
R4JA*D*qxh`-.",Check sum is >
test,#0` c*zw[,Check sum is L
test,"qEBftTX^z?4Q![.""lDo?:[imPHsOpr\p2d(.FTkAdL+mu\","Check sum is """
test,"*R=>n%JZ%nud&xYRO-Qn{kd9
N]lG4eMl)+",Check sum is O
test,"""7@K",Check sum is D
test,zQthA,Check sum is H
test,KWP[|[k=lr6gS*I<vlweto{Cd\QPWB]8Hf%>?W:t,"Check sum is ,"
test,"5|qxvuLjO5JE5
U'W:<XNyi&F6LV0M;r[r<M)w""*+\	""Z}6Oy",Check sum is 5
test,"GO`,%x8\VwF>K_9~7l\Q1Qf|pr7I",Check sum is ;
test,"sXTTqBd23 H/3fzalki?vfewI=;^B
i*",Check sum is O
test,"-<rg|5H!x@^	,/~",Check sum is 4
test,k^=o`I,Check sum is >
test,]	2s77PEmv=,Check sum is N
test,"p(iE+cz6&GLYwvz73&fSV;l!eJ+q4q@p0OSX+jub""*
A#&",Check sum is Z
test,"oy?mXyb{PNhlw^s5+,0F0EMx%Vn==5 L\I|Z _Z
KZ vi",Check sum is ^
test,A^g),Check sum is O
test,kRB/N%O3X%,Check sum is @
test,Yi=e26OHc5	M:e,Check sum is P
test,a%\jcWvJJjaW[:QmJ{&ksTy_2,Check sum is L
test,"Z<So1[a}]K$n5:KppxC
~~+~NwVDF22U>",Check sum is <
test,S+t&zJ(>1)p=V,Check sum is ?
test,/wU=hcuN,Check sum is &
test,28:&	5ohCh!|;!]ha<sb/1?8<\(gk+b	?Z,Check sum is 2
test,{!~|,Check sum is 6
test,"kNhn/dhVL>""RQ9jOd1lJniY?u,-wI4!y
;~}",Check sum is W
test,[wcbeRvAw&o~_pBy})Y2Z\NT T6tXr^f+fd9m9XR/,Check sum is [
test,*3^F9]j},Check sum is ^
test,"
=;8\dlx&vvSR-3|>[yNq]p< j\QkKyr5Z<.Q_t:S>lD-",Check sum is H
test,P>qLR*|,Check sum is #
test,"*""","Check sum is ,"
test,"F/ 9 XB,1@AN,\#u=!",Check sum is R
test,5C,Check sum is X
test,c]pCgHx&3H{+,Check sum is A
test,"\7m,\I	?yrFInHV""S",Check sum is 4
test,"jbB'QZBp	SZt-}"";",Check sum is #
test,cu=U,Check sum is J
test,"1#SM(""Re~E4bF<_ZQv*(39fl%ioc|?4j93,p'y?6",Check sum is V
test,lw=ms.D\mX3mFJt\d^&4}|LpBG'4XKs/E,Check sum is 2
test,"J""",Check sum is L
test,$f05N~BM&vH4LOnp9`hYfp+mE2.aC},Check sum is I
test,"B*VjbHV6P2
?<[",Check sum is $
test,	gF?T=,Check sum is &
test,"$
dTkxvZ",Check sum is 9
test,"^qB,>kfyf<OKl"" 
HivUCI""n",Check sum is 1
test,"G:2KNz'PO8r!{M,^sL9<Q`QBm`",Check sum is N
test,"E5at,WvLI`Vyo
[[",Check sum is [
test,so+9@o H`}|5_6zNruSKtO5G^)IZRzLV!E,Check sum is *
test,7:`1D]XqxK<+&Q{NK<(PS'0XTWIg}AVPeO;9l!Ayw6gRcu ]%E,Check sum is J
test,"Pp7uyHMLW""""DGC:pVI^,[m%
f@tw~pR5\.oe>\Hau(",Check sum is ]
test,"=/0)U""Y6pCYiLW^0&Cp`NHA 97C^[z2*sEt(Y#i0&2,\%@[L",Check sum is X
test,"JH:_C(8j1(""49D[my= <WZDGFuK",Check sum is  
test,"*SAcaGZB&*i%XvJt!n	`JE7OW(gV
SFS.",Check sum is \
test,"xrz}nD,-d)].Up
I3Sod(z:5_CE&;+}
KKZ
\xseeW",Check sum is B
test,HUYtZd\e	,Check sum is R
test,	}Jd2|/&[,Check sum is 2
test,EHSFY4/>[,Check sum is [
test,"	j|of$}hu\4bTw"",1<M",Check sum is '
test,|x,Check sum is T
test,9/L`/KGxLVM,Check sum is \
test,"Lp""o,4f8JJx~Y bSG'>}",Check sum is L
test,~5pto:n},Check sum is K
test,"Z|:H%IFj	7""6!d,#1	>ek|l|px4Ajn&y",Check sum is B
test,'5|B:)f	nhE[\Z]},Check sum is R
test,olFhc09l,Check sum is !
test,",VKDFl|@2VtF2aLgGV2Ga&rl97IZv&
sG>9e1;:ADRe",Check sum is S
test,"Yk*tVqw<QJkZdd,)\;*OAq1'G!dJ",Check sum is )
test,M`Tx	'{-,Check sum is 1
test,"Ar`>$M]5*tD }wWD1C{*
|3|f<[#A",Check sum is 4
test,"v/3))Wt/i(>=OA0i+""C",Check sum is I
test,"YM*_i ""	5FQegZ#
y-Lpoh)Q&E14cj&.gD$6d ""IS-0Qg?<%p",Check sum is 2
test,G=xe8jj!cekeVx,Check sum is T
test,"Em>{-5O$X,vQxo#uFbVR
_1X>|-z!,HGApfKh
0}.|l`",Check sum is  
test,"VZQY/P6rd8.=_Po3
4a:SNby<c""""&M~qFAn&G	wjF	",Check sum is .
test,@#XoZ0>\YD||}@Q]yp^~y8z?sW#h,Check sum is 2
test,"
L/5NWT6",Check sum is I
test,H!m8)yP8P7pm-xr<17FZRiz.>/r>~;YU,Check sum is >
test, =Z,Check sum is W
test,(sALcEc3H5@9	T`Eo;kOb'!lVJ,Check sum is X
test,W%C*qJ2~b@yRB\#tp7,Check sum is =
test,8]uVjj%x6_Jkvuu$28 GmO74-jR+gd!B,Check sum is 9
test,C; HP)Hj?if(q?>o:=n7R{0iR~0q#]UUe9<!=dz3=,Check sum is '
test,`_)oJQn?KRFz4qW,Check sum is X
test,"^7_NB|JS??R46IY)]1d6hF!m@tlC<Ib
}1",Check sum is (
test,r:t,Check sum is @
test,K[%< mc9M?+g?Z$*}X+gS|Sw =	YFOK{bE,Check sum is V
test,):y.d_r.*7sl44dg(K~EFym	7/$Huag V,Check sum is 0
test,~}5~ GzKpaha#H`Zl_Rb[.&h{X`:psh=SMidp/,Check sum is P
test,9e`J%(E+Y,Check sum is >
test,8qg^HSt>-t>\b'9Zmd7@Fm'ZrbxrQ$	5#3w\@%t)bLi21|,Check sum is @
test,d3]hX}bOugK7yu@lpvYaiL4T[DlaV9*7uZ\Qxg-q,"Check sum is ,"
test,)u	&XbKvT(	|ZiupG(6,Check sum is 6
test,"Q h;Bx~KOZsy)gB#+	2\VF{=B.4
K~ek`",Check sum is >
test,"7T*kZUMium;<c
B_28$:|'}>:nB",Check sum is \
test,"=0oXpm""hyl5:0\@",Check sum is [
test,"b3h~$5)a^$y9yM ,WDq`j8R-{P=p_r-YAyGZ5XL)H%y|",Check sum is _
test,"l}[G$D\[6@'
#dyTZP	Z{.|5X",Check sum is D
test,Z2ac~[U3*V@4+E%2=,Check sum is I
test,#^[%v&&(tf'5!eJ	%G&:~7La/DWlk?K{0BhzIP`6u:07,Check sum is G
test,^{QFt@>?J7d$QMZ'El* 3j0$DB&t+PH0IeR3<hw0,Check sum is &
test,"o wa}-wR`@jYdmYn""p""^>#<yLn
.Ie733",Check sum is Z
test,"_eg>eGnr'_D/}3+WE3/uT2GH`~	L:Uaq5L9AP4/S
}",Check sum is M
test,"F!O{nYY7)r_Ee&aNF|+>x
N_J=v:",Check sum is 2
test,Bv`^5>`]	`-.+{,Check sum is 0
test,c3{k'(:J|Nx+Ov},Check sum is ^
test,f*`'iZv	HWTSK>v7S1T^\L.ccM?TYZb.4Th}sc `l&,Check sum is ?
test,"b)n:oY
Y5zf|SSiu;R""^V.T[(>LD>hqWXp=zY5|(h^3{B",Check sum is ^
test,)uQF11w`u6L.|ZFd1,Check sum is $
test,"oq$JLpBU4>._b
m<,.LS{=4A4,.",Check sum is I
test,"IKSEKkGhTdZ
G",Check sum is T
test,"Si5*I
L2r#,?H10c=ds]DA_#/`}!&Q""?",Check sum is U
test,"GoAAex#6;
r\b2].O?K^w^>\+M}l@LO","Check sum is """
test,"&7m+z,bnb{C3y@DSd@}C""",Check sum is 4
test,LbMm8D*[UC~;*zs r04z,Check sum is !
test,	#BrsN)W5.yH6w3j~=,Check sum is *
test,",83.)",Check sum is N
test,"\v|`:GtSYcR5aNhc9vXkB	JVR,uB	,8Fi%6)R}D~fsE",Check sum is 4
test,"zC
0Xr*]'H?jyTbs=3F.FAJUU1V4EYEV/vW8CoO",Check sum is *
test,"j%^D}<,NHA(Z\
Ur+-Z>W&D,%f+u_NQS>T]w,;B",Check sum is $
test,Y[|	uX Vrv,Check sum is D
test,"(8<>`p2dU	g,l)zA{	:Hf\J
s!nk'@tV#~shbXEl d:@J&%>VL",Check sum is 5
test,tOa,Check sum is D
test,vFyDT,Check sum is -
test,qxNcoA->7^}pTx[Xe?+0 \[o9Ar-cQ^x't8m&l:cO,Check sum is <
test,q@	4SPnh0ajllX+Ig3^B>c\]3&iW`?-3,Check sum is R
test,^	7,Check sum is >
test,gV}`wk7,Check sum is S
test,/9#4&-&Ow(YVW/,Check sum is ;
test,"mhCyqIR9+dNK6XBFzd+ ,#bea|O60a""lQ;UgXfTt6hR2bPI",Check sum is _
test,"uJ&)a,DOIww",Check sum is E
test,2O}zs{)[,Check sum is J
test,{G/ZE@LBf94#P*'=bh\%-]gxCs-08G0QmUtm#fa`v5i9\>,Check sum is -
test,	I68nB~&T1z3FIxw(g#>d h,Check sum is @
test,8Y&uv? )SwCUwt[Aw8MLs,Check sum is .
test,B%*onVt#y[Dk2t8Ve#y%!>pU&={1uhXy-)`s$1jHCcFdW8v3,Check sum is 1
test,">4,P'",Check sum is 5
test,"5!M,xY|[T	7V2ek o''_JaPZ#(^x!yrvqH?5Caq8^",Check sum is O
test,fx7:Mx,Check sum is 4
test,=T-_pC\v4j9#!8\xwn!CQ6hT(XNUc5dGf;AYpX@^vt51#f,Check sum is U
test,"^=DX IXk3I[''C:AN
T/d{`#~2+%wO_/A7""3T#~B",Check sum is ;
test,gz!c:ECuB33-y?TJ\!lu\ff=}E8-:!&f\p|-;wy0Te,Check sum is A
test,"-G""`(	f~Hn+0g
R`:k\jdU%inW	7>xT#Ftpe",Check sum is R
test,z.UxrQ EUYYE6_qvzjT8@:hfg!@7oXu=cc&,Check sum is !
test,<-To+! W,Check sum is O
test,"gznz)Zu~*@*a#RuF^*JK	|CM*`8	{iZzB~AgB0s'Q(H,KE><",Check sum is $
test,"c^={Z.5x7}gC]""^!]*uNU_?{;$eD}Lb,",Check sum is A
test,"w3x""",Check sum is $
test,"3oMaYKXANpD=Er"",5 ^r*/QzqkG4!""'+b(?|",Check sum is +
test,wjxr!>Bw:?Q:/>zA4x,Check sum is [
test,r^,Check sum is 0
test,"<F$tb<oLBwzH7Y1B,.e!	uYf:76O=,e`;(/mpHQ;%6Mrx",Check sum is '
test,"e%vqsNVkF0<lA./5QF]Y!&PAbq`C@k+#%WO`)""j;c?",Check sum is U
test,WQ ~,Check sum is &
test,{RR[9m`#uGN:KXru'T,Check sum is L
test,HZ~<,Check sum is <
test, %e#S_t4{Anf,Check sum is W
test,"(V8=*%R14	Lr}=W]Y:tJUB{Fqep|RC~1,-*Wf&;Oc",Check sum is P
test,|pf/on>cQDM1^W9w1!6a_&M%TiyNu1RpsV'8X_bMbs=;&5	,"Check sum is """
test,"N""<3VY/Z-YFMNvgSOA'f-jm+Tvr&%%""uD",Check sum is !
test,"@|v!4TiT\sXD=CE
""",Check sum is T
test,T_?T{].MEmq}fH(oB6oK\Gb/<]_>e67bb*C3904p1\,Check sum is J
test,",I%_3D""v5)q^LvG<DntjHGq",Check sum is *
test,"QY<~$s2{?0+?X9US'A}=XM""@",Check sum is C
test,"`!=.(@*aMm;CI:nD=*HP!row.""pA2alTC/fP",Check sum is  
test,6VA8`k%r+SO wop@3,Check sum is =
test,0)%+7r19?	4PNx#I,Check sum is Z
test,"N`1AC:|:Oi	b	sD UY+l,W>gO(Mq82",Check sum is B
test,[u$JIXneKNqZ&$Dh_~iH** <mr=b!+a[j5P`1En'|S=a##t,Check sum is 1
test,""":C0f:	nWb,]XOZ8v{{nD[I1kR
4$B:0^O","Check sum is ,"
test,~D*U,Check sum is !
test,"D1,",Check sum is A
test,j@EeqCV])F<3$^Mcr%p~AJIKl_;t>~Mu:x	DHe,Check sum is 3
test,E;$t,Check sum is 8
test,"46sU`0R dn~""4""*q]JRjlBZ	9#""t*D?c|5c}nk;L\2\m.D@AG ",Check sum is O
test,Ti^ho',Check sum is 9
test,"	RTA3\
U:C|'we01P|6E2*d,?Hy A-Z@ql""tXA
g*JY?H#~lrV",Check sum is \
test,")3QNzIXgzz.Xw.'$KQYW~_v!<gv tOz3T\CR50lT`~u$aK,",Check sum is )
test,",Q`K?h",Check sum is /
test,"-otED{Ug%i !nNc4}_iv Boxi=z,T~sa(0f94>X}1!V",Check sum is .
test,`!%4/TLCY8&T7w|p,Check sum is 1
test,>q]!*c;isB8TbaL}Nu,Check sum is N
test,"m/H1Xk!W*ct'>B}K!_:w Y'tT<0)!0Je:j$l;,eL:""EdpIh",Check sum is @
test,"=4YKuN8AeX=w
;S1*U
,c/u+=$hLI`e""FI:xM
};PR",Check sum is I
test,"lXf4yc""|VC",Check sum is Q
test,"jF""q9o?Fzl>,1V",Check sum is '
test,]nHyi{OC9eWoLq6vWlOf;gEU{VrF5sWoQ|	K9Y?P;Dg,Check sum is B
test,##P/m#,Check sum is 5
test,l$w?'*.Y.}5& Zl@x@.]U]tXi,Check sum is T
test,"pb<%[YP9 HoB1R/qQk#"">~&<B+oi/36JE?W",Check sum is -
test,"^h&.u?<8NjiAU_|X
)QRv{",Check sum is S
test,6:N:/1,Check sum is 8
test,;zc,Check sum is 8
test,"	FHK+c/%""""eTON+	-[fp0;v
|^'3	w*MtFUxMM.2-s
^hX/",Check sum is ^
test,QWBn0 YU'{Z]PEoR	[!tiCOb[Mo;phJC8sc6|7Nk!h/>1,Check sum is I
test,"UuLO)""4WzNc|U*;q5{ Vv:wn,JiY&WtCzu2E*!+k>ozFFH",Check sum is V
test,"K[s7,",Check sum is \
test,"|\pB)V^9\B^*:ZlDzKr=a3wmB:2U]Qk4VPTTfI""MMC","Check sum is """
test,<|cGQ~`)GRxR	FI,Check sum is U
test,"+/zykkpjr2Cd\qT2NT_pa""quM )`=?z=(D#u",Check sum is B
test,I7?rxs0{a\ba2{20jx\Rj0DuR)U1f;@i,Check sum is $
test,"Ov5~/mNO[`^""Ul5`_jU;)d|c11B*W//9lU.c$$/0C;%Z)",Check sum is B
test,"JRHNu_,1N<)]UY'i-1.r @*B:V[NnWI{4>X#yOuc",Check sum is *
test,"Afc:@h,i'pMU=nM",Check sum is R
test,"G%OYJ>rG4II
xQt+AP7S|G}E%)?CQLc,<uOD",Check sum is M
test,"E<c""qT*@Bg&--H(}""gk ",Check sum is ?
test,VDj\,Check sum is @
test,Pg>p~^SCmqwl\ol $bfrKsFqGLi&h2>)fB{8[yL3_Z,"Check sum is ,"
test,]g,Check sum is $
test,"9 +!bm9,$]E:	)63P)s228{8CVB@",Check sum is *
test,"[i$bh=""sl^8=LB|E3
J;Peh#^}J6fp",Check sum is %
test,"n.n
U!?fJBbDNk@&pScL:FK\>],.Sv
4^BO",Check sum is $
test,"yJCAOI3x;/U$YNT^URB""[&aS_=&""82{FZ_7$cR9O	Zpe&C!)",Check sum is 1
test,"K,\lNLT+Q",Check sum is I
test,2L;Yz'\yq%!$r/`	7vA[N!po |MGZ7&]/+ibd;=,Check sum is )
test,")i,lD._KBOx&\P(_jfg",Check sum is ?
test,"{bsH\Lm=:>7^4)R`Z-&YO_,KW1Qx/vP=bpML""o6&l",Check sum is X
test,"aPtf	r+@pxHbnnR&nc
H/8 RC?:q",Check sum is  
test,"\&Y 9xTMMz\!<t@l""'CNc
PuxB5b+^;$9'L1S=>@e[&:G6p",Check sum is J
test,P1OKLV/3<z$fLY'j7X*<^.E,Check sum is ;
test,6+{%maaLj#^Ep9-ZN:v4-kdI.=SO3,Check sum is 3
test,"TIyc3[""yhR5tDu'5Y7y4i^jC[t5k#+0'Os+CK#2N_s4V9RXUm",Check sum is ^
test,|0{18Qmkws9SR`XWlVOSd|ZdG@'GrNdyyD_E(@JCMrk%VL,Check sum is K
test,Si(XV(W nc?g_nlo%,Check sum is U
test,HriC]uG`3S$40Tt,Check sum is U
test,")}dmDd9\pWmFwvC (ox~Zmp,F!;u{	O[[",Check sum is .
test,"""S8Q?#Y0v`c5|p",Check sum is #
test,'fT{eS%3(=_Ku-1uE&OHUGT=a>h:[ju8VDnN6aehPDB	OT,Check sum is A
test,"-pgs 706l_sr$K=l(,UxX$oPsYyGlq>-P
]KAv3`q\g`","Check sum is ,"
test,"LD'fS7X}Jx6$xhf+dL_lX<>uFsnZ`abt_5??R
!9 Sr""1@1(^",Check sum is :
test," {4m?bj_z-yd:MR"",i",Check sum is Z
test,"T!va06q;tExTP~VT
'0yaRD,A*XR[{H0Fg%}1YNqpF	/",Check sum is !
test,";Po}=W"".WwV2j",Check sum is ;
test,"ek~Jm[""Hh,<bqsGtO!;&K",Check sum is W
test,%sl4	~Lgz8K,Check sum is O
test,"="" o",Check sum is N
test,"6gdoW[LE:jp4xEB^K;b6,<Hih012g'|3",Check sum is '
test,"@Sm:hO_.`,9pH6o""mF",Check sum is U
test,uVD[Co<^=D2Te?Bp\@,Check sum is O
test,"H[ks25W=SpBwR""G:MWx0G\y'4@97{""[*X#@Jqx
>C5S/B&=CN",Check sum is H
test,(T!odIF[/VfES@q&SCsx#O}&d`8`&e=K8$-Ob=}>0%,Check sum is  
test,<=Xqz<B4Et]TP	,Check sum is Q
test,4_R50OEECkmF,Check sum is $
test,ymwf,Check sum is #
test,&P%r2yF,Check sum is ^
test,)S?,Check sum is [
test,",iS?JFXR-%]",Check sum is 0
test,qW'aX,Check sum is H
test,PWd}t#d+\OgT\7h5'P!,Check sum is <
test,TzgOG	vRXTVYAzMRhfS<Il66SJqoAb~kk	/9Vu-!|g+t$Dvc,Check sum is 0
test,"1LO@,=0nqT^H4&fBFp3])>14qw$feV
lO%0QOF*:1:@'vu",Check sum is @
test,"!I[Z""#0a|E2U%Ks>OM",Check sum is Z
test,dmJ(ZtFpv]( E,Check sum is G
test,[>E,Check sum is >
test,SrBOE=Jx:DZp(hK+xyd,Check sum is ]
test,"+""v",Check sum is #
test,")jK/'P""1uLiQP",Check sum is B
test,"AE
MCmyi{~opS",Check sum is :
test,rjA7j&AK9W),Check sum is I
test,"A#7l6Dz+qP4z""0_p+",Check sum is A
test,J|Vc;l/LNEA:OmmH%r2~RE,Check sum is ^
test,"F^nGg3g`6JK`""wH+?",Check sum is P
test,"50>hG55}ms$zY{hB$.ASr|
VB&\:kwxFdFKw(r'qv4h/_DIx
",Check sum is 4
test,wj>8j5L9I1m`N:h1,Check sum is C
test,"Sz""TTG",Check sum is >
test,g7@lC}aj$+}xLDzix-bhFCaPhAND_,Check sum is /
test,"?m1{vH-G""""Mj|Q)eCF*:E&6ig[Vpz)Yt+Jk`z?hq*",Check sum is +
test,g+jBElBOq,Check sum is Q
test,";cluB+""?,rJH#-S12fm64qKDB
Ha*7s	c",Check sum is U
test,"<;L5m_5FqjP7<VYY""0
[w109\{['>j+XD)&Wam",Check sum is I
test,]0#:W'X[w)4/Xj6CQ	YnJ;/bGR_+>'ePx/X^TbE?-gVu%,Check sum is H
test,"9
OZl\XsDli*","Check sum is """
test,"[EC?.@@.D 272z\Y~I""eKT",Check sum is 9
test,f*r&>j*slk,Check sum is $
test,"Y|/h	2a4H7UeHOx6}e42^yAR+P(!o9D|
'>|_	AHw",Check sum is K
test,jGByY}@j?/v1SxT,Check sum is @
test,wgnu+tEPo7{biytK->:r{FR1oe,Check sum is (
test,UGDrs6Ui[5afdz;q2R'^4'%mhu;`EFm!$9lYq6S*BE4Q0<,Check sum is ?
test,",b$9.jtSL}",Check sum is 3
test,.GD)I@Kz}ES9:q6[qM!2^WW)WObN^INhI'Npm+eI@WAjXL^&2,Check sum is #
test,{@_P ^4,Check sum is <
test,"~M>$)scOFkT\Kh/
C'Jn3lF'-Sa6h7d3pM,0(0pdf",Check sum is N
test,Q[?rWq*HC9nrssA1c;]sdQ,Check sum is N
test,"Q_!uzr>$
;'f^\zo-YSU:>o4i%M21^sg	=2^#l!(vzo6,'dzD",Check sum is  
test,":aE BNy,1FW~PzA>1KU7A",Check sum is 3
test,"Mjv -Z}%%6,V#vD",Check sum is P
test,3[Ci#bTrfYE#hKK_leG`,Check sum is !
test,		lDSfdq}P;L:.|)v+1Gt4Vp]]xM(,Check sum is ?
test,"TOq[+kc},]q4Rwg60",Check sum is I
test,N8.?\.PL+>,"Check sum is """
test,hq*0&p,Check sum is )
test,"QqPB9=5@.,Pdo",Check sum is \
test,Tj	J't	/.BU{xm_jTC'EwE1J,"Check sum is ,"
test,"y8$+RSp*?K@*5:'/-i763e7rH""",Check sum is F
test,"XIhJ41(De[>p]PmHV#+O	p`r8,<11|lDti	F'znHS
JR[`",Check sum is 7
test,Tfju^<t&44ug?hs?w<oOLrc.I?v4D*2;6,Check sum is M
test,]3LTg;<b*|ro8+&jX,"Check sum is """
test,wY6n:XO,Check sum is 5
test,"ULn#+>W)1rvKlg)2tmO49Bg[,&N1r-KO%f""$6'~<iN+U",Check sum is W
test,"ma|j{O^7-'E{^!(kg3'{DvphMI2Cg9A_i3d	35KZ
GXla",Check sum is >
test,"Y{Z03	R{l,?	@?",Check sum is &
test,|M]i)~Y#/1T8)d}u&aR1IK%KU&{,Check sum is A
test, Y[B,Check sum is 6
test,g+9N75LZTfRlgc1Ml *SWM}swB`,Check sum is A
test,"4<NpUj*`~yT>}(!y}@SP
Z1q#9A&k@\	p4",Check sum is <
test,"D^2vSWIu
|Q/""M}jz^
7^9#)m",Check sum is W
test,{[,Check sum is 6
test,_PE).DZWiK`!,Check sum is U
test,|A9,Check sum is V
test,"QaCLNLTMp'v1{ZN,dZtB^__
ytnIy&Hkz}ypp84",Check sum is 5
test,}D_|*,Check sum is &
test,"evS{
.{(*;4$hH aFrw	)/MEf|d0cfb31!{#i",Check sum is !
test,"GV""AtCT #p",Check sum is ^
test,"Os~} Fs<t""(i<Z.QS.^c",Check sum is 0
test,"OX&pJu,}K",Check sum is P
test,"$7_jQ#P`!yYo""T--T",Check sum is .
test,"vD""Sz@'ys;n[(},'21Aw/","Check sum is """
test,"va [CTuIX[!9VMSVu7H8^J""#	Nuyp1~d->i!7oAF.va",Check sum is (
test,"J$[Ev
j-H#I$lx:~] -[A8",Check sum is 7
test,k'cjIqno{Kfs&XW(_),Check sum is :
test,"MYwiHdbGvu
&t$8NNu`u`L@p2ndEd[/9zjF(B~xnzH>j5*",Check sum is Y
test,"n%|^L^AuC9/);Ps_D-uY!fbw4?Go5$
J|FxMAU#$EmhZR'I",Check sum is -
test,+a-z un:'|YNs7W-jG3g&igrrUVMLhv3z&%14 SI,Check sum is (
test,"uXp(An}.c&Xk-'#W &}';XXR7<Y2rLg$O`2Q PdZ""qxH^(p",Check sum is P
test,"?cH-p1rY8""%pEYJWwl3l",Check sum is S
test,Zt +peegV>*7[urN=5s/QfU-9bO\!RN9y+=P,Check sum is ]
test,{_QtEFF6eI,Check sum is 4
test,"SxQM_c.)^=16	Hf,AWBc_,
OG~`u$}HuQ!uOo~0r<r1UMS:U/",Check sum is 7
test,"/M\|N4p.\%<<5xac
Ki6~78ah#%ce",Check sum is 8
test,!^mPc+c<AMr3	 xLq3k: \Z=EhYz9$hMY<,"Check sum is ,"
test,Wd\PVe}	`w}	x(WPjI@!i.oi88PRB.jBH1!vF,Check sum is 3
test,:_XR2((h+!Nq~=?LtEqv,Check sum is >
test,"pDvu}_JwLn-E|Owy.5""	a
ZM[",Check sum is >
test,2?=+A,Check sum is :
test,_o<DQ{#R,Check sum is /
test,wT)8k#I'.3oM'Nj:a7,Check sum is X
test,"pbI`/x>]t'f[z<yHZA
&MJ@aWQId@1",Check sum is 9
test,"*A~WWtwM9]4M>[,I5",Check sum is I
test,Hh-kxN}5^6o/Z?Ss~ea*#kZ3a.F-C\:IfcvP}	U9Q,Check sum is R
test,"coKs.{c6
$mbBftiAvHV-4=re|~o%dRNS4:IYY5eaCz)I_",Check sum is U
test,"hE'971`KO*`7,5=a/M$",Check sum is /
test,"[quV{uuV':'H2QAmm""HTav_93`4	>-)!R""|v[KbC t0le",Check sum is X
test,"]%eUWNY0}Y,eQmQ""fMn>[#S?5	$ Ad[3JPPtrV;t5dJBz-",Check sum is '
test,T'Fk#]+X;KRIZI{gAe3>;6WT^,Check sum is F
test,izt*9 UbUP1.4aC'f'w`	xir^L<v,Check sum is P
test,JG.@.{7%c==1>`>`wSnJ4>L%H@`o+BJ(_aHn{k1yf\Y7(8b'&,Check sum is 0
test,"uf6""]i tT=6sZ(Bzd\}!B>w=9`w#xpW 0r#
tv",Check sum is B
test,".GWj4,;SB:]3g5\%l8'|-t.nzYc>'e,9N;>@&2dBv+5m",Check sum is ^
test,Y5A|!?qL=u]<Au'8#Z<mt_9SAo6XJR,Check sum is G
test,"pO`<Janp%djmaTu
kC<KR=?ZUx",Check sum is B
test,l{47}!hv@H'4V,Check sum is '
test,"C9cpF^C]Ab[ZS8D?
Bn@IBs1YIx^1a1",Check sum is =
test,308L:x:q{Z_G9t,Check sum is L
test,Is-q^xm,Check sum is =
test,Z@;mI:s'fQ9/o*q#@hWV(C{Kl&jK<gN1l6%wI}&vE4}	0,Check sum is I
test,QbVzC%L2-08OhGYyt@jY/\<,"Check sum is ,"
test,fv;`%Y=rI,Check sum is M
test,g\u|,Check sum is T
test,"0,p""+E",Check sum is >
test,%F7)U 4g`ZQyxob[Gn	hzu>4Kh,Check sum is ]
test,{0RQ/+RM-	KNt[c&N(/,Check sum is 3
test,O0CvDUf,Check sum is W
test,")@o&=/629&:3r#6c\v~D&Hqn5}kh*rR8y=s<`GbmX,Z{","Check sum is ,"
test,`.)7CwDoBd:	I,Check sum is -
test,"r5=b#okSgU-=i#\4""/,k+-[gq6_l`VFq~ErI}Gb""P",Check sum is /
test,bAQS,Check sum is '
test,Hbz{|IoZ:`:,Check sum is !
test,"9
k]
CK.WYWWVfVpo,a=f}=z.C|HWXTLL",Check sum is 4
test,`jy1{a0y;A8Yo{\q'b?z#&!jXPqIM4H?vU@X}&nWjagTknq@=k,Check sum is  
test,Oob`iZ]!%[lVuEWkYidyd>!	t4:Va;R7}2n,Check sum is D
test,"#O""1j$O*:,+u
G:FEuHn/ro<""",Check sum is !
test,P~G@68	_nf8@a}?Itn,Check sum is _
test,"t0:l""",Check sum is L
test,")KHoc],y
cAv)L\JWXA$Ov6-J#ImjU",Check sum is M
test,"p<8gsG
np|no.95U\xy,!7['0W94Uy@<(.~IM",Check sum is R
test,"m|oDpAezRBXW:j3|TiaHL!W$!`\>P0^@""!rR0nB8>6'`!FV",Check sum is @
test,"!$2ZWeVe:(2@Jv%@mZ:AhW Yjh;0oL$9[(<o5n=V,i%uhgdsxV",Check sum is 7
test,P&_{l,Check sum is \
test,"UJCv1zYq*Osg5$DdQ:o/*>.qGn
HHgPB'j",Check sum is J
test,"B!9;k	qz,ItMp exB@1%6dyzsG6	kdH`+oa",Check sum is I
test,t}2>_v+yI7k9~Yy*,Check sum is X
test,",Y:2tb:2wa>2I!*@qfx*';z~ $,",Check sum is 2
test,}z}=F,Check sum is W
test,"D	%1W %`w""!]8975C
!!#Yjx3WI?*",Check sum is \
test,"A-1M/
vrXl\o]n.r",Check sum is '
test,Zs7|%[Y=a`0Kb!f+X#ZjJ,Check sum is O
test,"1`hnLqx:x
0",Check sum is (
test,"Eso)X9H]:(eWFl,HF2g%""bGN[}?4*sG(yN(%OJ&(<{g8{@e6",Check sum is E
test,")gQH8"".al!*] c,",Check sum is 5
test,"Qi:dqC6i-F;|dD,z:Rup1MQ(C	_K5An9;Ii1B/XJ!*L.",Check sum is 4
test,"=`.:Aj
s-PPHh""C#TbH\55?d!Kuoy?YiJevLBIlp-F\[PjG",Check sum is F
test,"4O""ys-pHZ!	",Check sum is Z
test,#jO*=>R,Check sum is 3
test,"(O++xuig&2zjS1Q9Dr}'T
A>oPcO43;",Check sum is >
test,ZIW$_\L._3#fKiqm>fPOMk`#_d>:,Check sum is Y
test,H?QLa94|q5Zz0/~RFQHS<%aVn-!ST=Xi9#ZmT`}zo{[8G0,Check sum is $
test,KQ[3@h+zur!*S3H7U9Qzb2,Check sum is ;
test,6/ra_P?gxuk!o$G)$X-<.{!6U'e'?ac'^,Check sum is ^
test,"-A`8ioiZkDR

hCw\",Check sum is T
test,t)8UPP4QD,Check sum is 3
test,)=C9Vm&$`f&BH{,Check sum is @
test,"lg!^)>\dHd)H2Y}-~E~k:|G:""z%y{0aczC.b|	72",Check sum is 2
test,AcwFqTE5[	:(Z ,Check sum is @
test,"E*VY0i$4=Y
-,-qh!^F#3.A,D:Gv`|cK0If7op",Check sum is ^
test,")AK(j`Pr_+ ;Vs|eXUM|""F{1M3F#G<1`XXoR5{Q7:OIp",Check sum is J
test,'>w3IVAJ=!>,Check sum is 5
test,"""4fc8CVUyj;uxiJe~zf[?(dlY*}*-Uba&/!W5Gyn>LV",Check sum is 7
test,:\r7v8sq*nNUG6]:,Check sum is @
test,"MQ=<W
^Zz,BrX:E+Z""FS{ (zLIF4/0Y:MCe6<",Check sum is &
test,"iSjDkY2|`E$L.mwx~Yn%$[$%H/wd|,T-/Z2A.44",Check sum is Z
test,(Q,Check sum is Y
test,";NLC9*L-)O/Tj8Ho,'Q)s{d6_?3a/|75e\>+6jaH3vTwDy~&",Check sum is N
test,R&YkSb})cMSV[O$vQ{`9>V+,Check sum is 8
test,"l$^CG
2iZ(%U[9cg@[\(V;OWf aW`eB@-3D_z[E}E2o",Check sum is 2
