set,input1,output1
train,,Check sum is  
train,	,Check sum is )
train,"
",Check sum is *
train,"B
","Check sum is ,"
train,"

",Check sum is 4
train,"

















































",Check sum is T
train,                                                  ,Check sum is  
train,ssssssssssssssssssssssssssssssssssssssssssssssssss,Check sum is V
train,"CD
CD
CD
CD
CD
CD
CD
CD
CD
CD
CD
CD
CD
CD
CD
CD
CD",Check sum is 7
train,"x
y x
y x
y x
y x
y x
y x
y x
y x
y x
y x
y x
y x
",Check sum is &
train," 
 
 
 
 
 
 
 
 
 
 
 
 
 
 
 
 
 
 
 
 
 
 
 
 
",Check sum is :
train, ,Check sum is @
train,!,Check sum is A
train,"""",Check sum is B
train,#,Check sum is C
train,$,Check sum is D
train,%,Check sum is E
train,&,Check sum is F
train,',Check sum is G
train,(,Check sum is H
train,),Check sum is I
train,*,Check sum is J
train,+,Check sum is K
train,",",Check sum is L
train,-,Check sum is M
train,.,Check sum is N
train,/,Check sum is O
train,0,Check sum is P
train,1,Check sum is Q
train,2,Check sum is R
train,3,Check sum is S
train,4,Check sum is T
train,5,Check sum is U
train,6,Check sum is V
train,7,Check sum is W
train,8,Check sum is X
train,9,Check sum is Y
train,:,Check sum is Z
train,;,Check sum is [
train,<,Check sum is \
train,=,Check sum is ]
train,>,Check sum is ^
train,?,Check sum is _
train,@,Check sum is  
train,A,Check sum is !
train,B,"Check sum is """
train,C,Check sum is #
train,D,Check sum is $
train,E,Check sum is %
train,F,Check sum is &
train,G,Check sum is '
train,H,Check sum is (
train,I,Check sum is )
train,J,Check sum is *
train,K,Check sum is +
train,L,"Check sum is ,"
train,M,Check sum is -
train,N,Check sum is .
train,O,Check sum is /
train,P,Check sum is 0
train,Q,Check sum is 1
train,R,Check sum is 2
train,S,Check sum is 3
train,T,Check sum is 4
train,U,Check sum is 5
train,V,Check sum is 6
train,W,Check sum is 7
train,X,Check sum is 8
train,Y,Check sum is 9
train,Z,Check sum is :
train,[,Check sum is ;
train,\,Check sum is <
train,],Check sum is =
train,^,Check sum is >
train,_,Check sum is ?
train,`,Check sum is @
train,a,Check sum is A
train,b,Check sum is B
train,c,Check sum is C
train,d,Check sum is D
train,e,Check sum is E
train,f,Check sum is F
train,g,Check sum is G
train,h,Check sum is H
train,i,Check sum is I
train,j,Check sum is J
train,k,Check sum is K
train,l,Check sum is L
train,m,Check sum is M
train,n,Check sum is N
train,o,Check sum is O
train,p,Check sum is P
train,q,Check sum is Q
train,r,Check sum is R
train,s,Check sum is S
train,t,Check sum is T
train,u,Check sum is U
train,v,Check sum is V
train,w,Check sum is W
train,x,Check sum is X
train,y,Check sum is Y
train,z,Check sum is Z
train,{,Check sum is [
train,|,Check sum is \
train,},Check sum is ]
train,~,Check sum is ^
train,|',Check sum is C
train,JA,Check sum is +
train,9j,Check sum is C
train,z[,Check sum is 5
train,H*,Check sum is R
train,*?,Check sum is I
train,Rp,"Check sum is """
train,vH,Check sum is ^
train,)\,Check sum is %
train,`l,"Check sum is ,"
train,sy,Check sum is L
train,_;,Check sum is :
train,}J,Check sum is '
train,ks,Check sum is >
train,	q,Check sum is Z
train,i`,Check sum is )
train,0x,Check sum is H
train,",|",Check sum is H
train,2n,Check sum is @
train,t2,Check sum is F
train,aP,Check sum is Q
train,J$,Check sum is N
train,x^,Check sum is 6
train,\e,Check sum is !
train,Bd,Check sum is F
train,N ,Check sum is N
train,cC,Check sum is F
train,RU,Check sum is G
train,C~,Check sum is !
train,UM,Check sum is B
train,%&,Check sum is +
train,&H,Check sum is N
train,y5,Check sum is N
train,6y,Check sum is O
train,^o,Check sum is -
train,z	,Check sum is #
train,yr,Check sum is K
train,	&,Check sum is O
train,$(,"Check sum is ,"
train,;M,Check sum is (
train,be,Check sum is '
train,`u,Check sum is 5
train,uV,Check sum is +
train,-{,Check sum is H
train,U!,Check sum is V
train,Pe,Check sum is U
train,nn,Check sum is <
train,8`,Check sum is 8
train,cQ,Check sum is T
train,&P,Check sum is V
train,x/,Check sum is G
train,1c,Check sum is 4
train,\r,Check sum is .
train,)5,Check sum is >
train,7},Check sum is T
train,"""|T",Check sum is R
train,dsh,Check sum is _
train,\J5,Check sum is ;
train,4=|,Check sum is M
train,;cv,Check sum is 4
train,`.r,Check sum is  
train,_C*,"Check sum is ,"
train,GW$,"Check sum is """
train,<bE,Check sum is C
train,]F-,Check sum is 0
train,mqS,Check sum is Q
train,/LU,Check sum is 0
train,@l0,Check sum is <
train,bGO,Check sum is X
train,\@U,Check sum is Q
train,no',Check sum is $
train,Mq.,Check sum is L
train,H>5,Check sum is [
train,(eI,Check sum is 6
train,"""qZ",Check sum is M
train,n(Y,Check sum is O
train,	_O,Check sum is W
train,^A&,Check sum is %
train,A	V,Check sum is @
train,U9r,Check sum is  
train,2`R,Check sum is D
train,!yA,Check sum is ;
train,3wK,Check sum is U
train,Ld3,Check sum is C
train,;?d,Check sum is >
train,oH?,Check sum is V
train,tbz,Check sum is 0
train,	Qn,Check sum is (
train,AER,Check sum is 8
train,#bL,Check sum is 1
train,deq,Check sum is Z
train,b79,Check sum is 2
train,<py,Check sum is E
train,CvB,Check sum is [
train,3 0,Check sum is #
train,)l{,Check sum is 0
train,9tU,"Check sum is """
train,i|P,Check sum is U
train,sC	,Check sum is _
train,!Hz,Check sum is C
train,#N`,Check sum is 1
train,T/y,Check sum is \
train,E3i,Check sum is A
train,*2^,Check sum is Z
train,E	x,Check sum is &
train,">tc_n6{q,g{} 0?.8S0@]O1p)	hB9&$2PL&Q+QxKa68<t.",Check sum is D
train,"6Ho/b""Fyo""Pp1^v",Check sum is U
train,skHj&zz-3-A:l='+#X6>DfZb/_JTKBM'EMmY/wIU#.N,Check sum is J
train,"O2o`1<""8t,<Pu4a61><[BVnWjV=jSTM5a7$Rb]=G<4u|J1a",Check sum is $
train,"A,~co*`JtJJ'?4W",Check sum is *
train,"[9%,S~",Check sum is V
train, L;c=_ux/OeOQ**8G|RM,Check sum is $
train,"ye:ivRX1FC3Z26;~q.? =`EB<q#9IVHzgDSc(]W)by
6X8",Check sum is F
train,"Ul?N%Op A
hI	,X0:-",Check sum is R
train,"a*B9O4g>m:<hNviNMe 8>,)""^5eP<@=zF_!a<-Z4/biC	 ",Check sum is R
train,5<93rqOh?rxD5	F60uXR*}2$j7c'VUb^%,Check sum is E
train,"i[]""!{f%Wr$4tr'9cW8]bgn
}V",Check sum is T
train,lG	$LOjCZ9.NyA/$C~)nnVH 	w'LDjj$emX]^q6iv|'ZA;1c,Check sum is O
train,#k>=ww9!zSlYxPs}&,Check sum is !
train,JTz)o@gjl!V\a/j-yc6!\-_NC@^,Check sum is Q
train,"tEOi=HUw&?	N\<$^,@OM=J:|4T#%}}z,q",Check sum is ^
train,}82Uk%J>pP,Check sum is 4
train,"Q?'myWnSu!ufU$N
ROAB*N!'B)oV+&V?V%vZB
cW`x^sL{U>",Check sum is %
train,").t\6U
n""s^7p",Check sum is $
train,>1?t,Check sum is B
train,"Y;{M#;od*>wWTgEuh
a%_\ZFIpOY;",Check sum is G
train,XR;_P`h\CN1A;+] 6T/'O(69G[I,Check sum is /
train,"""bX[?#exd!_&Yv)eHGv",Check sum is B
train,49D#j?=K,Check sum is %
train,@n_1k=CnOQN69|(.`)oqYQ@lZSqA>}+,Check sum is *
train,"nW>QGMhY\io-R6*VG!UA=[(v/i(7*,LP~m:",Check sum is 4
train,}#0+/,Check sum is J
train,"c<:>1pJ5F#F8 M0DtVqV35ivf.!OO,{d:o_I",Check sum is &
train,`pZS;U3y~,Check sum is W
train,"XM&<>!x1
&W~cK7 b4
<b(ygFIDz|fy@",Check sum is '
train,IOM%(8<&3]-U[Atd`JF|o1&}2f0z,Check sum is #
train,"\(dZu""$^Y#<~V|QL.PQ?",Check sum is .
train,%h[H<v-'3iLZ\(fC,Check sum is E
train,fWLC]LTqZDlx?xmx,Check sum is 8
train,3z!YXn+5bh]Zce1f`FsAr-T	YfOvwh3&G;D}KyK7^;b,Check sum is #
train,"NFIoGS1pBovA5~8r0aWMO'D/{)TR,N.^.>X	t-Y",Check sum is !
train,DX:I.SND|dEbK~VK^L,Check sum is -
train,Xf#cNKD9jTh-*6xqV9^::T+UaAedvLt,"Check sum is ,"
train,"""\=nwl724&OJ aM-N'-5_Z<hV#!I",Check sum is Z
train,"D~$c@Y
SXi_G,M7>jxw6 ]}qYl&A6WU",Check sum is <
train,"z
Hzz+X%xi",Check sum is )
train,/t3Rn	^&Ehqj,Check sum is K
train,<jar=?J>j;XElUZtI=Me0.`JgJ%y,Check sum is =
train,'-#g- I' 4gO29'\/Z}Xa)Ut+:C{wcSj+evD2w|J:rHiH_N\f,Check sum is +
train,"-k6n4pk:s/?z,T>rWVjxzg	",Check sum is )
train,t@9L|P?z)'Ykf%bG4+58]`qo{B} 3x ,Check sum is 4
train,tInzY)+BMGey(!?Dl%X3gh#-Y%:y,Check sum is ^
train,"]s4_e]""<3GV.Fc3k'4",Check sum is C
train,"rkt Dksc=MTMOGBd`Rmv""*N?QV&_}s+CK{Js
G9@D7]_4wQz",Check sum is /
train,"ewv,9rmYA_;",Check sum is *
train,"sn2($}i5V7Fh}u-E#c,tX[AJy# n2Al~l~jU9V8;Em=z{(5yH",Check sum is Q
train,"#,3Q",Check sum is 3
train,\mr`j3*~{=cRb=MD`*,Check sum is '
train,&8a,Check sum is _
train,A#SJKn79 ooCS.g)#UF63.1.Aqxpku{E*jr8Qk|los,Check sum is N
train,"1}9!T%VVA5$ERUkVTwtV-&Wnoz>IgT.Wg~:]^LPxYK,GK",Check sum is A
train,"Q#L#0~lxJDJ;.\J ""MD~8@rcz%M{KZ*=m5;nJ	l6-;Jt",Check sum is 3
train,owU|w&<w-VNnalC@Xxg$b4G=U\+-m,Check sum is !
train,agq.406%QQi0}&E7B0@,Check sum is R
train,"Q=]k""d ub0_NT-oGgGKS:nrVS>5B#%N>NXq_(",Check sum is =
train,"X}tq4Xl?7,CG,T~2G_D8g|3e	KB",Check sum is !
train,"$%$KQu/r0)'|B<xlp6ylS:p[V*y]izh}X4wB^N-&Iz^q,dKy+0",Check sum is #
train,"LNo([g2/4!L,=nA	
ZBI""5gNk.Tnd[KsK[Zc","Check sum is ,"
train,"S-m+""`;T4(/GX*E%#a6~v/&[Qwgw~]I",Check sum is /
train,"5*b_eLmM6K4sGomWT,",Check sum is M
train,"%Rv""-GZI+}Ewe?",Check sum is N
train,"+6+u#o$*GE;_odn>	dD)BKDbUQ #f""K$]_e|hXu*",Check sum is O
train,CePOlh}$4?2:^H=;eQgix<C<-hW4TL>X	/$(=eL,Check sum is Z
train,";5OsboY#NMtU@/h2F+0
dM(+@vjNE[[6rl7",Check sum is /
train,I`P,Check sum is Y
train,"}],'R)3U:	kuLD)nJ1zFMC!xC=G.6c`Z)B>80.>_;T%5_wSaQ'",Check sum is M
train,T.:cRJGC=xNwS,Check sum is 2
train,"""%89r+`on",Check sum is 2
train,_:BqTVX ~Y$W.,Check sum is N
train,cnav,Check sum is H
train,`2:mOK=]h(wdT0L*=,Check sum is /
train,"Jr9)>,7SJ+",Check sum is '
train,".I|T%U7D92\rywjdf/BeA#""Y3fmi1D)5""Jl6eJ""yWoqWxLf",Check sum is @
train,2]	mZrEv:vC+W~u+[,Check sum is Z
train,:HO,Check sum is 1
train,kCD=O{W(,Check sum is X
train, HE.yeA@u`*NvV91l51_`Gd#lE8f(%`gW9&J1AlK3gC,Check sum is %
train,>YbQ)Tf'Ox0=!Q*My;qX^WHP;ufpxC=-~*_?Ipz!ArG,Check sum is Z
train,"&7%W|n*S;""7-8I&|whCzE*;[ q_LydUm",Check sum is @
train,";ay<mcq""w_RcZk22d('%Ib|lAD+^Ea~gQ^6H>vPbCl
er)",Check sum is X
train,O_Bp~)WCY_u,Check sum is .
train,%ESEJbE$$\)[63iJkZlnx)<WWv69e^,Check sum is )
train,i73Wl>TO\8,Check sum is +
train,BYSQcuZUYz$a[`:}6/4d#O,Check sum is _
test,jR,Check sum is \
test,Vr,Check sum is (
test,ZI,Check sum is C
test,Ad,Check sum is E
test,_=,Check sum is <
test,WL,Check sum is C
test,ON,Check sum is =
test,*M,Check sum is W
test,~j,Check sum is H
test,~q,Check sum is O
test,_T,Check sum is S
test,Zc,Check sum is ]
test,~M,Check sum is +
test,1Y,Check sum is *
test,_|,Check sum is ;
test,Y},Check sum is 6
test,E=,"Check sum is """
test,eM,Check sum is R
test,CL,Check sum is /
test,:/,Check sum is I
test,%\,Check sum is !
test,~|,Check sum is Z
test,z.,Check sum is H
test,WM,Check sum is D
test,[E,Check sum is @
test,Gp,Check sum is W
test,>8,Check sum is V
test,	0,Check sum is Y
test,WI,Check sum is @
test,l%,Check sum is 1
test,ib,Check sum is +
test,u2,Check sum is G
test,`Z,Check sum is Z
test,8),Check sum is A
test,	!,Check sum is J
test,72,Check sum is I
test,Z3,Check sum is -
test,Qa,Check sum is R
test,:/,Check sum is I
test,M+,Check sum is X
test,37,Check sum is J
test,(#,Check sum is +
test,T{,Check sum is /
test,MT,Check sum is A
test,)L,Check sum is U
test,Do,Check sum is S
test,@H,Check sum is (
test,z>,Check sum is X
test,7;,Check sum is R
test,&x,Check sum is >
test,#%,Check sum is (
test,[9,Check sum is 4
test,(_,Check sum is '
test,I2,Check sum is [
test,Pc,Check sum is S
test,+\,Check sum is '
test,wB,Check sum is Y
test,?(,Check sum is G
test,p ,Check sum is 0
test,rv,Check sum is H
test,KQ,Check sum is <
test,Rf,Check sum is X
test,H',Check sum is O
test,Jy,Check sum is #
test,*x,Check sum is B
test,Gd,Check sum is K
test,Nj,Check sum is X
test,"\,",Check sum is (
test,!&,Check sum is '
test,@c,Check sum is C
test,5+,Check sum is @
test,",f",Check sum is 2
test,!T,Check sum is U
test,K),Check sum is T
test,Zg,Check sum is !
test,9I,"Check sum is """
test,1{,Check sum is L
test,ha,Check sum is )
test,v^,Check sum is 4
test,!b,Check sum is #
test,L$,Check sum is P
test,oe,Check sum is 4
test,:a,Check sum is ;
test,Np,Check sum is ^
test,7t,Check sum is K
test,vb,Check sum is 8
test,kB,Check sum is M
test,.l,Check sum is :
test,F',Check sum is M
test,m ,Check sum is -
test,c=,Check sum is @
test,IP,Check sum is 9
test,4!,Check sum is 5
test,$:,Check sum is >
test,hK,Check sum is S
test,rK,Check sum is ]
test,S.,Check sum is !
test,BC,Check sum is %
test,Nm,Check sum is [
test,Q-,Check sum is ^
test,4P,Check sum is $
test,Gw,Check sum is ^
test,P#,Check sum is S
test,-.,Check sum is ;
test,",f",Check sum is 2
test,Ml,Check sum is Y
test,%k,Check sum is 0
test,kv,Check sum is A
test,P3,Check sum is #
test,hs,Check sum is ;
test,T|,Check sum is 0
test,Zu,Check sum is /
test,tQ,Check sum is %
test,"
~",Check sum is (
test,Y	,Check sum is B
test,	^,Check sum is G
test,}m,Check sum is J
test,%3,Check sum is 8
test,p?,Check sum is O
test,!V,Check sum is W
test,r1,Check sum is C
test,",w",Check sum is C
test,A8,Check sum is Y
test,s{,Check sum is N
test,j{,Check sum is E
test,Tl,Check sum is  
test,+9,Check sum is D
test,KB,Check sum is -
test,at,Check sum is 5
test,E+,Check sum is P
test,El,Check sum is Q
test,_Q,Check sum is P
test,	L,Check sum is 5
test,g),Check sum is 0
test,d\,Check sum is  
test,w{,Check sum is R
test,bs,Check sum is 5
test,`\,Check sum is \
test,N#,Check sum is Q
test,jl,Check sum is 6
test,%H,Check sum is M
test,	A,Check sum is *
test,G	,Check sum is 0
test,'?,Check sum is F
test,d<,Check sum is @
test,12,Check sum is C
test,"$
",Check sum is N
test,qb,Check sum is 3
test,OF,Check sum is 5
test,Gt,Check sum is [
test,Tw,Check sum is +
test,v<,Check sum is R
test,U-,"Check sum is """
test,t9,Check sum is M
test,=~,Check sum is [
test,"7""",Check sum is 9
test,lx,Check sum is D
test,	8,Check sum is !
test,`z,Check sum is :
test,}z,Check sum is W
test,YJ,Check sum is C
test,AH,Check sum is )
test,s>,Check sum is Q
test,)M,Check sum is V
test,0N,Check sum is ^
test,3\,Check sum is /
test,>g,Check sum is E
test,#',Check sum is *
test,Fo,Check sum is U
test,8E,Check sum is ]
test,4J,Check sum is ^
test,+<,Check sum is G
test,ys,Check sum is L
test,On,Check sum is ]
test,ks,Check sum is >
test,"P,",Check sum is \
test,"
,",Check sum is V
test,v[,Check sum is 1
test,dH,Check sum is L
test,c(,Check sum is +
test,mU,"Check sum is """
test,Zi,Check sum is #
test,	a,Check sum is J
test,"C
",Check sum is -
test,(1,Check sum is 9
test,^d,"Check sum is """
test,"@,",Check sum is L
test,3 ,Check sum is 3
test,6W,Check sum is -
test,",C",Check sum is O
test,Sw,Check sum is *
test,9b,Check sum is ;
test,w8,Check sum is O
test,M(,Check sum is U
test,5N,Check sum is #
test,tS,Check sum is '
test,9n,Check sum is G
test,f.,Check sum is 4
test,q{,Check sum is L
test,wd,Check sum is ;
test,Tb,Check sum is V
test,"*,",Check sum is 6
test,VX,Check sum is N
test,"b""",Check sum is $
test,U8,Check sum is -
test,6},Check sum is S
test,@p,Check sum is P
test,Rg,Check sum is Y
test,$\,Check sum is  
test,_^,Check sum is ]
test,",
",Check sum is V
test,"""F",Check sum is H
test,mz,Check sum is G
test,lU,Check sum is !
test,"-""",Check sum is /
test,T ,Check sum is T
test,^S,Check sum is Q
test,57,Check sum is L
test,qf,Check sum is 7
test,#M,Check sum is P
test,1),Check sum is :
test,[l,Check sum is '
test,#a,Check sum is $
test,2/,Check sum is A
test,Mx,Check sum is %
test,_D,Check sum is C
test,L(,Check sum is T
test,kJ,Check sum is U
test,9[,Check sum is 4
test,)G,Check sum is P
test, s,Check sum is 3
test,;^,Check sum is 9
test, b,"Check sum is """
test,E9,Check sum is ^
test,e\,Check sum is !
test,pJ,Check sum is Z
test,/4,Check sum is C
test,&=,Check sum is C
test,'-,Check sum is 4
test,d9,Check sum is =
test,84,Check sum is L
test,w!,Check sum is 8
test,?{,Check sum is Z
test,lb,Check sum is .
test,"
+",Check sum is U
test,"u,",Check sum is A
test,}w,Check sum is T
test,kv,Check sum is A
test,"j,",Check sum is 6
test, .,Check sum is .
test,Ao,Check sum is P
test,}u,Check sum is R
test,|M,Check sum is )
test,c?,Check sum is B
test,	=,Check sum is &
test,cO,Check sum is R
test,@1,Check sum is Q
test,3S,Check sum is &
test,zT,Check sum is .
test,nO,Check sum is ]
test,Ek,Check sum is P
test,'l,Check sum is 3
test,N0,Check sum is ^
test,F+,Check sum is Q
test,	R,Check sum is ;
test,J$,Check sum is N
test,lW,Check sum is #
test,un,Check sum is C
test,	@,Check sum is )
test,"
)",Check sum is S
test,-Y,Check sum is &
test,Sv,Check sum is )
test,U],Check sum is R
test,U?,Check sum is 4
test,q4,Check sum is E
test,Xe,Check sum is ]
test,!4,Check sum is 5
test,}Y,Check sum is 6
test,"~""",Check sum is @
test,E%,Check sum is J
test,H0,Check sum is X
test,Q],Check sum is N
test,4A,Check sum is U
test,qO,Check sum is  
test, (,Check sum is (
test,b.,Check sum is 0
test,6B,Check sum is X
test,BV,Check sum is 8
test,di,Check sum is -
test,QW,Check sum is H
test,&Y,Check sum is _
test,Zv,Check sum is 0
test,rL,Check sum is ^
test,y<,Check sum is U
test,n4,Check sum is B
test,_q,Check sum is 0
test,mz,Check sum is G
test,Pv,Check sum is &
test,=W,Check sum is 4
test,&g,Check sum is -
test,*=,Check sum is G
test,"
+",Check sum is U
test,Q0,Check sum is !
test,?3,Check sum is R
test,4Y,Check sum is -
test,.3,Check sum is A
test,e^,Check sum is #
test,%B,Check sum is G
test,Ys,"Check sum is ,"
test,6L,"Check sum is """
test,I!,Check sum is J
test,=~,Check sum is [
test,]s,Check sum is 0
test,H^,Check sum is F
test,Q8,Check sum is )
test,rT,Check sum is &
test,J#,Check sum is M
test,"
!",Check sum is K
test,mE,Check sum is R
test,'7,Check sum is >
test,R;,Check sum is -
test,(1,Check sum is 9
test,aG,Check sum is H
test,R{,Check sum is -
test,9u,Check sum is N
test,|+,Check sum is G
test,-(,Check sum is 5
test,h-,Check sum is 5
test,'*,Check sum is 1
test,7R,Check sum is )
test,yu,Check sum is N
test,~(,Check sum is F
test,9_,Check sum is 8
test,g#,Check sum is *
test,h4,Check sum is <
test,zQ,Check sum is +
test,}1,Check sum is N
test,n%,Check sum is 3
test,Zr,"Check sum is ,"
test,"""o",Check sum is 1
test,'|,Check sum is C
test,@C,Check sum is #
test,ar,Check sum is 3
test,]2,Check sum is /
test,]9,Check sum is 6
test,f/,Check sum is 5
test,	4,Check sum is ]
test,PP,Check sum is @
test,K},Check sum is (
test,6i,Check sum is ?
test,<#,Check sum is ?
test,c0,Check sum is 3
test,Pl,Check sum is \
test,}o,Check sum is L
test,Cr,Check sum is U
test,)t,Check sum is =
test,#y,Check sum is <
test,xi,Check sum is A
test,Gq,Check sum is X
test,"
F",Check sum is 0
test,!s,Check sum is 4
test,)B,Check sum is K
test,YC,Check sum is <
test,c2,Check sum is 5
test,;-,Check sum is H
test,AK,"Check sum is ,"
test,f#,Check sum is )
test,~|,Check sum is Z
test,-S,Check sum is  
test,=D,Check sum is !
test,[G,Check sum is B
test,sB,Check sum is U
test,'9,Check sum is @
test,#;,Check sum is >
test,J+,Check sum is U
test,Qt,Check sum is %
test,-C,Check sum is P
test,q/,Check sum is @
test,!j,Check sum is +
test,"!""",Check sum is #
test,t%,Check sum is 9
test,Zv,Check sum is 0
test,=	,Check sum is &
test,	~,Check sum is '
test,""">",Check sum is @
test,$8,Check sum is <
test,wT,Check sum is +
test,I},Check sum is &
test,3s,Check sum is F
test,wC,Check sum is Z
test,PT,Check sum is D
test,$0,Check sum is 4
test,7$,Check sum is ;
test,2\,Check sum is .
test,z>,Check sum is X
test,",l",Check sum is 8
test,Nx,Check sum is &
test,(x,Check sum is @
test,cl,Check sum is /
test,u$,Check sum is 9
test,L|,Check sum is (
test,Ef,Check sum is K
test,}A,Check sum is ^
test,	V,Check sum is ?
test,@N,Check sum is .
test,49,Check sum is M
test,rd,Check sum is 6
test,`+,Check sum is +
test,oZ,Check sum is )
test,"J,",Check sum is V
test,RP,Check sum is B
test,|G,Check sum is #
test,`w,Check sum is 7
test,"""I",Check sum is K
test,FT,Check sum is :
test,y.,Check sum is G
test,ri,Check sum is ;
test,",$",Check sum is 0
test,L\,Check sum is H
test,aA,Check sum is B
test,(|,Check sum is D
test,n#,Check sum is 1
test,"""9",Check sum is ;
test,#v,Check sum is 9
test,Cf,Check sum is I
test,~f,Check sum is D
test,lq,Check sum is =
test,""",",Check sum is .
test,st,Check sum is G
test,R:,"Check sum is ,"
test,`%,Check sum is %
test,qq,Check sum is B
test,O{,Check sum is *
test,yn,Check sum is G
test,_+,Check sum is *
test,9~,Check sum is W
test,iw,Check sum is @
test,.6,Check sum is D
test,H',Check sum is O
test,~Q,Check sum is /
test,[],Check sum is X
test,.A,Check sum is O
test,VE,Check sum is ;
test,xS,Check sum is +
test,KT,Check sum is ?
test,)l,Check sum is 5
test, O,Check sum is O
test,%S,Check sum is X
test,?m,Check sum is L
test,x',Check sum is ?
test,.b,Check sum is 0
test,%p,Check sum is 5
test,n9,Check sum is G
test,Q),Check sum is Z
test,2d,Check sum is 6
test,"1""",Check sum is 3
test,0`,Check sum is 0
test,.d,Check sum is 2
test,3],Check sum is 0
test,y',Check sum is @
test,Xp,Check sum is (
test,TP,Check sum is D
test,r.,Check sum is @
test,Ht,Check sum is \
test,Ir,Check sum is [
test,+b,Check sum is -
test,-`,Check sum is -
test,E-,Check sum is R
test,qC,Check sum is T
test,9H,Check sum is !
test,>b,Check sum is @
test,Ck,Check sum is N
test,Is,Check sum is \
test,Hk,Check sum is S
test,D|,Check sum is  
test,vM,Check sum is #
test,[u,Check sum is 0
test,` ,Check sum is  
test,:C,Check sum is ]
test,$S,Check sum is W
test,%C,Check sum is H
test,O<,Check sum is +
test,x2,Check sum is J
test,IC,"Check sum is ,"
test,ZK,Check sum is E
test,@$,Check sum is D
test,Vr,Check sum is (
test,Uu,Check sum is *
test,Pi,Check sum is Y
test,b|,Check sum is >
test,:4,Check sum is N
test,:i,Check sum is C
test,Q4,Check sum is %
test,&7,Check sum is =
test,D4,Check sum is X
test,ST,Check sum is G
test,|%,Check sum is A
test,bT,Check sum is V
test,ng,Check sum is 5
test,'-,Check sum is 4
test,bCc,Check sum is (
test,9dM,Check sum is J
test,e \,Check sum is A
test,gZC,Check sum is $
test,N(;,Check sum is Q
test,]vk,Check sum is ^
test,G5%,Check sum is A
test,h)x,Check sum is )
test,s^5,Check sum is &
test,AXR,Check sum is K
test,q7#,Check sum is +
test,F85,Check sum is S
test,8@r,Check sum is J
test,90.,Check sum is 7
test, `w,Check sum is W
test,N ?,Check sum is M
test,c/9,Check sum is +
test,;>W,Check sum is 0
test,Ng},Check sum is R
test,UI],Check sum is [
test,+]),Check sum is Q
test,"""{_",Check sum is \
test,"	
J",Check sum is =
test,&d<,Check sum is &
test,z0&,Check sum is 0
test,6oF,Check sum is K
test,wB1,Check sum is J
test,4$ ,Check sum is X
test,e`n,Check sum is S
test,IfO,Check sum is ^
test,rz8,Check sum is D
test,X9N,Check sum is ?
test,ZX!,Check sum is 3
test,$fD,Check sum is .
test,"'a,",Check sum is T
test,&$t,Check sum is ^
test,9* ,Check sum is #
test,Gv],Check sum is :
test,j{-,Check sum is 2
test,[0},Check sum is (
test,DHh,Check sum is T
test,]wq,Check sum is %
test,'c?,Check sum is )
test,]o^,Check sum is J
test,{Sc,Check sum is Q
test,	8b,Check sum is C
test,>{P,Check sum is )
test,*C3,Check sum is @
test,}X@,Check sum is 5
test,d%E,Check sum is .
test,8S0,Check sum is [
test,I9*,Check sum is L
test,_Z=,Check sum is V
test,!?D,Check sum is D
test,}@8,Check sum is U
test,l5%,Check sum is &
test,E^&,Check sum is )
test,6r	,Check sum is Q
test,_H~,Check sum is E
test,TX&,Check sum is 2
test,i@o,Check sum is 8
test,7[n,Check sum is  
test,2\j,Check sum is X
test,/V:,Check sum is _
test,{:R,Check sum is '
test,D_9,Check sum is <
test,E>	,"Check sum is ,"
test,PL',Check sum is #
test,;HB,Check sum is %
test,Cz;,Check sum is X
test,R4},Check sum is #
test,mpC,Check sum is @
test,%.D,Check sum is 7
test,A-L,Check sum is Z
test,cW!,Check sum is ;
test,'86,Check sum is 5
test,L}H,Check sum is 1
test,"20
",Check sum is L
test,N*B,Check sum is Z
test,'`=,Check sum is $
test,`hI,Check sum is 1
test,!Z{,Check sum is V
test,v6h,Check sum is 4
test,g<),"Check sum is ,"
test,e[j,Check sum is J
test,dkv,Check sum is %
test,V]W,Check sum is *
test,IV9,Check sum is 8
test,*(	,Check sum is ;
test,t[^,Check sum is M
test,DIJ,Check sum is 7
test,\b@,Check sum is ^
test,0-F,Check sum is C
test,2E$,Check sum is ;
test,"
%c",Check sum is 2
test, G!,Check sum is (
test,)8Y,Check sum is Z
test,VgV,Check sum is 3
test,vv3,Check sum is ?
test,!6[,Check sum is R
test,;*V,Check sum is [
test,"
%U",Check sum is $
test,*P^,Check sum is 8
test,$%S,Check sum is <
test,5'O,Check sum is K
test,	[;,Check sum is ?
test,"J,$",Check sum is :
test,/FX,Check sum is -
test,\Nk,Check sum is 5
test,82u,Check sum is ?
test,8fM,Check sum is K
test,=gG,Check sum is K
test,^H;,Check sum is A
test,#ZF,Check sum is #
test,EX.,Check sum is +
test,oBP,Check sum is !
test,"CS
",Check sum is @
test,{'n,Check sum is 0
test,.dl,Check sum is ^
test,+I>,Check sum is R
test,Q[:,Check sum is F
test,(:!,Check sum is #
test,YfG,Check sum is &
test,-$V,Check sum is G
test,t|v,Check sum is F
test,bg<,Check sum is %
test,zZi,Check sum is ]
test,/Pj,Check sum is I
test,l?8,Check sum is C
test,_\;,Check sum is V
test,Mak,Check sum is 9
test,MMo,Check sum is )
test,*~X,Check sum is  
test,kE|,Check sum is L
test,DgU,Check sum is  
test,i]`,Check sum is F
test, ?c,"Check sum is """
test,/8\,Check sum is #
test,l'1,Check sum is $
test,pa=,Check sum is .
test,fe&,Check sum is Q
test,r#(,Check sum is ]
test,(k=,Check sum is 0
test,qWm,Check sum is U
test,lY1,Check sum is V
test,T~U,Check sum is G
test,M8 ,Check sum is E
test,R'@,Check sum is Y
test,A$2,Check sum is 7
test,@@D,Check sum is $
test,Aqz,Check sum is L
test,=zw,Check sum is N
test,0cb,Check sum is U
test,>O>,Check sum is +
test,T<B,Check sum is 2
test,4We,Check sum is P
test,Y9S,Check sum is E
test,9wi,Check sum is 9
test,g>m,Check sum is 2
test,hy/,Check sum is 0
test,Tn=,Check sum is _
test,+W>,Check sum is  
test,.m.,Check sum is )
test,V~~,Check sum is 2
test,b	;,Check sum is F
test,!c),Check sum is M
test,vXf,Check sum is T
test,s^*,Check sum is [
test,12r,Check sum is 5
test,aFG,Check sum is N
test,u: ,Check sum is /
test,[=c,Check sum is [
test,-fQ,Check sum is D
test,mcq,Check sum is !
test,jfI,Check sum is 9
test,7J9,Check sum is Z
test,6kW,Check sum is X
test,)p~,Check sum is 7
test,"J'""",Check sum is 3
test,{6w,Check sum is H
test,\H-,Check sum is 1
test,"""7+",Check sum is $
test,",JJ",Check sum is  
test,#g3,Check sum is ]
test,qXd,Check sum is M
test,"f
x",Check sum is H
test,/}K,Check sum is W
test,9\X,Check sum is M
test,I=K,Check sum is 1
test,Pet,Check sum is I
test,"S,7",Check sum is V
test,sII,Check sum is %
test,ba(,Check sum is K
test,3`a,Check sum is T
test,mJ0,Check sum is G
test,`rD,Check sum is 6
test,>!},Check sum is <
test,$sM,Check sum is D
test,H	K,Check sum is <
test,`xu,Check sum is -
test,G24,Check sum is M
test,x& ,Check sum is ^
test,vi(,Check sum is '
test,29X,Check sum is #
test,|XY,Check sum is M
test,Y^n,Check sum is E
test,M;>,Check sum is &
test,~$T,Check sum is V
test,QwA,Check sum is )
test,y9W,Check sum is )
test,:FJ,Check sum is *
test,W[c,Check sum is 5
test,C)`,"Check sum is ,"
test,"b""Y",Check sum is =
test,frF,Check sum is >
test,yv7,Check sum is F
test,"U""V",Check sum is -
test, 9#,Check sum is \
test,%Do,Check sum is 8
test,{JG,"Check sum is ,"
test,8rh,Check sum is 2
test,F	O,Check sum is >
test,I^_,Check sum is &
test,Fg7,Check sum is D
test,>Df,Check sum is H
test,@og,Check sum is 6
test,BgO,Check sum is X
test,ON/,"Check sum is ,"
test,vH},Check sum is [
test,wM4,Check sum is X
test,[Pk,Check sum is 6
test,"x_,",Check sum is #
test,&/`,Check sum is U
test,#|%,Check sum is $
test,+=g,Check sum is /
test,jQP,Check sum is +
test,gp:,Check sum is 1
test,##P,Check sum is 6
test,c&U,Check sum is >
test,6/.,Check sum is 3
test,0U+,Check sum is P
test,F=;,Check sum is ^
test,RN*,Check sum is *
test,f@s,Check sum is 9
test,fcH,Check sum is 1
test,P'l,Check sum is C
test,:B4,Check sum is P
test,sQL,Check sum is 0
test,8	w,Check sum is X
test,SFd,Check sum is ]
test,0<J,Check sum is V
test,f~N,Check sum is R
test,Qaj,Check sum is <
test,O;%,Check sum is O
test,6wL,Check sum is Y
test,)mV,Check sum is L
test,1zp,Check sum is ;
test,#4j,Check sum is !
test,b6E,Check sum is =
test,">""[",Check sum is [
test,"d\
",Check sum is *
test,H!`,Check sum is )
test,aEj,Check sum is 0
test,}%w,Check sum is 9
test,Y{R,Check sum is F
test,5nY,Check sum is \
test,k 2,Check sum is ]
test,*rH,Check sum is D
test,?El,Check sum is P
test,b>6,Check sum is 6
test,QDp,Check sum is %
test,ELC,Check sum is 4
test,\1h,Check sum is U
test,";,Q",Check sum is X
test,p v,Check sum is &
test,< L,Check sum is H
test,"!9
",Check sum is D
test,_zz,Check sum is 3
test,cAl,Check sum is 0
test,|Dp,Check sum is P
test,gjO,Check sum is @
test,u\~,Check sum is /
test,44},Check sum is E
test,wa6,Check sum is .
test,oUu,Check sum is Y
test,;zs,Check sum is H
test,	ua,Check sum is ?
test,g\>,Check sum is !
test,MKL,Check sum is D
test,'L9,Check sum is L
test,wXg,Check sum is V
test,o>O,Check sum is \
test,p(n,Check sum is &
test,Xiz,Check sum is [
test,b}*,Check sum is )
test,"""BA",Check sum is E
test,{6d,Check sum is 5
test,{&A,Check sum is B
test,Y*%,Check sum is H
test,`*3,Check sum is ]
test,u:;,Check sum is J
test,"Yp""",Check sum is K
test,6s	,Check sum is R
test,"
dM",Check sum is [
test,B)U,Check sum is  
test,2S+,Check sum is P
test,	;a,Check sum is E
test,j=5,Check sum is <
test,@CB,Check sum is %
test,H97,Check sum is X
test,^U\,Check sum is /
test,S8B,Check sum is -
test,PJK,Check sum is E
test,=}L,Check sum is &
test,n_%,Check sum is R
test,^R:,Check sum is J
test,s\o,Check sum is ^
test,@w=,Check sum is T
test,Z\T,Check sum is *
test,xaE,Check sum is >
test,?G),Check sum is O
test,a;L,Check sum is H
test,"=,R",Check sum is [
test,8ft,Check sum is 2
test,.&c,Check sum is W
test,XCm,Check sum is (
test,9*/,Check sum is 2
test,VJd,Check sum is $
test,"""ER",Check sum is Y
test,j$J,Check sum is 8
test,9	m,Check sum is O
test,_\j,Check sum is E
test,sA%,Check sum is 9
test,xhr,Check sum is 2
test,uu:,Check sum is D
test,&;5,Check sum is 6
test,7IR,Check sum is 2
test,d+),Check sum is X
test,"	y
","Check sum is ,"
test,B&R,Check sum is Z
test,^Fo,Check sum is 3
test,RR6,Check sum is :
test,}^4,Check sum is /
test,12b,Check sum is %
test,H/z,Check sum is Q
test,Rc',Check sum is <
test,c]8,Check sum is X
test,\+<,Check sum is #
test,>=~,Check sum is Y
test,HjN,Check sum is  
test,\\%,Check sum is =
test,Z&E,Check sum is %
test,<s-,Check sum is <
test,"72
",Check sum is S
test,:*8,Check sum is <
test,+ZG,"Check sum is ,"
test,;ja,Check sum is &
test,:q>,Check sum is I
test,Jq;,Check sum is V
test,s.{,Check sum is <
test,O%l,Check sum is @
test,FmA,Check sum is T
test,Ui@,Check sum is ^
test,Yc/,Check sum is K
test,w9C,Check sum is S
test,1}|,Check sum is J
test,"k;,",Check sum is 2
test,np<,Check sum is :
test,j/&,Check sum is _
test,cw%,Check sum is _
test,Du\,Check sum is 5
test,\3!,Check sum is P
test,v7z,Check sum is G
test,dD-,Check sum is 5
test,<Jc,Check sum is I
test,Lme,Check sum is >
test,dZ?,Check sum is ]
test,wW:,Check sum is (
test,@UZ,Check sum is O
test,6)%,Check sum is $
test,V42,Check sum is \
test,'$:,Check sum is %
test,8&*,Check sum is (
test,5Pv,Check sum is [
test,;g4,Check sum is 6
test,`!r,Check sum is S
test,3&N,Check sum is G
test,$m	,Check sum is :
test,KIy,Check sum is -
test,DJ1,Check sum is _
test,Zo@,Check sum is )
test,7Gz,Check sum is X
test,".v,",Check sum is 0
test,iK.,Check sum is B
test,:XQ,Check sum is C
test,jB\,Check sum is (
test, 1d,Check sum is U
test,">u
",Check sum is ]
test,%_G,Check sum is +
test,D=x,Check sum is Y
test,F5R,Check sum is -
test,\=T,Check sum is M
test,jVu,Check sum is U
test,-A$,Check sum is 2
test,7	),Check sum is I
test,x^a,Check sum is W
test,"fB,",Check sum is 4
test,+YA,Check sum is %
test,P:+,Check sum is U
test,Tf7,Check sum is Q
test,",#Z",Check sum is I
test,~>7,Check sum is S
test,kc),Check sum is W
test,#k`,Check sum is N
test,>)	,Check sum is P
test,Z.e,Check sum is M
test,'Qz,Check sum is R
test,Bn~,Check sum is N
test,Nyu,Check sum is \
test,lE[,"Check sum is ,"
test,`?1,Check sum is 0
test,'<J,Check sum is M
test,$^k,Check sum is M
test,V'w,Check sum is T
test,Zh-,Check sum is O
test,"\
=",Check sum is C
test,%Y?,Check sum is ]
test,UlN,Check sum is /
test,wZl,Check sum is ]
test,I5Y,Check sum is 7
test,&hJ,Check sum is 8
test,"O
i","Check sum is """
test,ftT,Check sum is N
test,"q""i",Check sum is \
test,",+""",Check sum is Y
test,r#x,Check sum is -
test,r?l,Check sum is =
test,!Mo,Check sum is =
test,n.!,Check sum is ]
test,D7y,Check sum is T
test,}n-,Check sum is 8
test,NGF,Check sum is ;
test,_cv,Check sum is X
test,">""S",Check sum is S
test,59L,Check sum is Z
test,mwu,Check sum is 9
test,w)c,Check sum is #
test,#kT,Check sum is B
test,2]t,Check sum is #
test,p7r,Check sum is 9
test,	L.,Check sum is #
test,!&u,Check sum is \
test,bj!,Check sum is M
test,L+2,Check sum is I
test,p[L,Check sum is 7
test,B I,Check sum is K
test,Rj ,Check sum is <
test,",GX",Check sum is +
test,R /,Check sum is A
test,:dF,Check sum is D
test,q{5,Check sum is A
test,f2X,Check sum is P
test,ZoV,Check sum is ?
test,o G,Check sum is 6
test,=U5,Check sum is '
test,~yj,Check sum is A
test,";
.",Check sum is S
test,Ek3,Check sum is C
test,vik,Check sum is *
test,L[ ,Check sum is '
test,d3$,Check sum is [
test,DyS,Check sum is 0
test,3[D,Check sum is 2
test,dSs,Check sum is J
test,1-1,Check sum is /
test,4[[,Check sum is J
test,1f3,Check sum is *
test,A[',Check sum is #
test, ^r,Check sum is P
test,6)f,Check sum is %
test,lOU,Check sum is 0
test,'?],Check sum is #
test,0t.,Check sum is 2
test,z5h,Check sum is 7
test,O&W,"Check sum is ,"
test,Rpa,Check sum is C
test,zc9,Check sum is 6
test,8B),Check sum is C
test,i7l,"Check sum is ,"
test,!Ic,Check sum is -
test,K-%,Check sum is =
test,s>x,Check sum is I
test,1#~,Check sum is 2
test,#$&,Check sum is M
test,xz2,Check sum is D
test,Mph,Check sum is E
test,"u""&",Check sum is ]
test,"Oc,",Check sum is >
test,";]
",Check sum is B
test,yak,Check sum is %
test,\1P\}V{s%^,Check sum is ]
test,"	|Lg8qD/~d%JL56) [ec}p3,@x^",Check sum is J
test,EZstLJ>sG,Check sum is 4
test,"$H6P%^F]#W}TP(hjf$;VGvzqQx3
p""w>s[F[+h}~J",Check sum is $
test,/2.k}s1@U$yS`vk,Check sum is A
test,"-=haYAB^1v`KMR_nON09@
3$.
GU}y}?59m?jILdbD(xt	Qh \",Check sum is -
test,RD<BC~=7mzy_~[RGw}eg}(Eo,Check sum is 3
test,"1^Q>f&
4H4-3+D@",Check sum is S
test,"/Yt>WNJz!*H6\NFK
FVJR5BV{&`/!W`c=A>diqs)Y ZdvhNm$",Check sum is K
test,";GEis{golk$gwT]fS-.UA,^C`A",Check sum is 6
test,"x&$46#Nhblzb )])\+BhfO[CK
kS=3`83~8l+",Check sum is =
test,D_Xc(_PE!4Nz)tPkm'J9,Check sum is &
test,"hd""YO""$>\?|j:JqA*E)aX'+pFV74
Hz3<9xZ/""L",Check sum is .
test,roi>PGK>K+,Check sum is >
test,"
8;t?8)8Tv5I""*W|?e7fs0[N7]FHyeq	)+*EJVQ;U62A)V?;-<",Check sum is &
test,"Y>_:d	?niZ'wfhh6X;2uVuK	gBK70,",Check sum is W
test,"jxWn
b
.c3pvoS9Ei3FevlAP~JOEg'D	w#""Rj^~v[",Check sum is =
test,;)<kK6cobUr?j-7PI)$+Mx*ZjspMv#,Check sum is A
test,"vY#+lqq?fEFL""e#""+?2$Tg}TJo2V	X^.
`oW:p]knS|","Check sum is ,"
test,OD&f9fU).p/KNME	0CTfBKmo';u@ 5]zR#	Y*%;2/oY{;JHe|,Check sum is )
test,"""k3*847""~9	c'wMK st[,-C'U'P0
",Check sum is S
test,u{,Check sum is P
test,kSb\FD{Pu,Check sum is &
test,ntJ X,Check sum is D
test,Yio[[]i_;//4mc{@g	VKXWiUAu7ym,Check sum is U
test,"nOXC>2rO1[NHtl#PH}[;^6@B<m	vf{FSH!Q++1i{`v%""[",Check sum is N
test,"9RIrK5FWc?""=3w'Yp
L,,XeJP$;q)T&8[X)c'=>/5O
|}U9'",Check sum is Z
test,/&qkhB6Jw42^&dkwx<>}@RYO[hTNq+lL>`j0,Check sum is <
test,"kRRQK9-d5tgd4wS5K:$Uhme z8(+E""`-gX?""Y!Papuv/h^\",Check sum is D
test,?:;{&Hsfj{zrDJ=); H.aRV'cTcO595{.@?>I'ewUF}_t-a7,Check sum is J
test,"/hd	`yy$
t NT0]&tCf`@K~!EF `kK*Vzq~aQ6|s$
-{",Check sum is K
test,]F3l@>z P	g0,Check sum is *
test,aw8hNa$iaV!I{<M<40)fge4Kzk (OxpL{v@%P9-%(3ai&-aT,Check sum is A
test,fS\kL$^	Rxm}?u2x%=;_>[{;4-2eZ#{^Bm8,Check sum is I
test,5;>]fvh[AMu g,Check sum is T
test,"wq+.`_5KHD
&\y]]#-",Check sum is ;
test,"zZjtJgrt)dl=LgYi>2V>#T#~Wyqym2KTE5cE
Mo",Check sum is P
test,"tYH
)Mw","Check sum is ,"
test,"PLgQOER?ShHdSpnAV9N;Qe^D'
hd",Check sum is _
test,"?fdgorpR5k:'&""?P:WXCT{_.L}=)x=",Check sum is 7
test,"kw;=`+*O&INuO}laO)g,W2(D",Check sum is I
test,"l""P<&!8&Y+,L!uRHe(C6b>i]lg|gQm^@_",Check sum is (
test,81CphE@^J^m(w%@cyP<!B~K5hw$Wj|&,Check sum is O
test,x0ZVsTf>]f9g7aL>g]c4BH*4R}67)24-QxPR]l&,Check sum is =
test,UWB*p:d1;HmSv{g2Ohd3|D|Qw#j@?[QiW`P5Qtc:_a,Check sum is U
test,"""a	X/uuD""Vz}(Bdb`_?%_tCDow",Check sum is #
test,csE f7UjIH# 6)%y6%{,Check sum is ^
test," 'sf""5$<Ps?mw+%J0c7W%b1!w\3	'F>&_&@%f*",Check sum is K
test,}&gO(K	_eiib	#Ago<Z,Check sum is F
test,uG$&jS^et4`j,Check sum is X
test,"D9LSY}h_P	*T0~
] ryWDi
i7f^}B )}Vy\H,aNqY+lKF<_M)",Check sum is X
test,3F=PH ,Check sum is N
test,",3VT[ck#L]AV&\2!0{;,N'D;&T8=PiTazhP?3",Check sum is Q
test,qq99i**'(.d-#1 p4,Check sum is W
test,pQwrq[5TON	z^[A,Check sum is 9
test,"[m-XmT	J\];#j?E
4[qgF?*1{`K0]/{EB&GAL	HTURx3Qe+6",Check sum is C
test,"s1@[~C-+:ZPO{za^d""5tq`pY+<cqL7e9PL/w.+g*tq%!Q&*6*",Check sum is \
test,+q>-]#v7M,Check sum is !
test,E:@6;RLHQ/R});#QNs;:f-Su,Check sum is .
test,_zZ4h3-Za5`:6pVR+?r{+]L,Check sum is R
test,m8_=h,Check sum is I
test,"R}QqIf
[n `NDVb""[S*0rw:JlU&+Gk%vzct
BQ|l]M<`H+)=Sh",Check sum is #
test,XkD$(hk?'TKonOD|2}Jg8YAAgNYkv@,Check sum is Y
test,"18aW	:|8.8HzK}0z6(0q,foLVC",Check sum is 7
test,"3u9LxWrDaY""xvRJ8w:4""@bnE{-]}W|z3@<!fs(","Check sum is ,"
test,"\bc)X(QUT[N@H$RVjS=[L5/*AL%#V""9h",Check sum is >
test,mLV~)l'~hWAcnqlc+dP*RXdzM3me;98f|.+ QN(Rl?_a,Check sum is &
test,"dmI/`n4Mh:2%Kkoi""U[y}*cv$4","Check sum is """
test,")2}k6,R	,=`D",Check sum is -
test,"
Ro%
'Y]sod<k(kq$]>vfeh|*xmQ1#jht);w'\q]1SoUYrj",Check sum is /
test,"	nyVR%_ $U6g4QQ\&is*qTb*'h<
\BKu_'Ki(YOe
1C&",Check sum is '
test,;l%J'RF0T,Check sum is 9
test,IHs;\u=t{D8AT${\	J-Nd=:lQj	g]~9E|MIEC%m	Lb0aKEzB^,Check sum is _
test,"(WM%B
4~d""BY2M",Check sum is /
test,[A(z{Z,Check sum is 3
test,fy[V'S$uN!2S.Vq<wwkO@N.nkWw|#w(,Check sum is 1
test,"`/&aT{z`sV&?F.#s,%)hc<k	KDftSA,c%^q~/F",Check sum is ?
test,?=Bm9pE'',Check sum is G
test,"hud*{|CJ{>WSH%ztV
!\}s1f7]",Check sum is E
test,"Ple
9^Fc	j,KH0:5|Ex5ML",Check sum is #
test,~l+/~QGr5y5Vd,Check sum is I
test,"*qt-#6v&f/C.a^:.vi[vEb^D*""QpRtJhI.<yB""L&",Check sum is >
test,"WH02G#YDZikLX^""""Y_~xB)3<hONiDsB#}mA\,8?",Check sum is X
test,"w}Kb?)6[AvaLaO
Sz3lHXU(0%GJdb|~R#V'",Check sum is 9
test,7i,Check sum is @
test,"YPj[T|,(zxVfb<L,[UDWoUTM""EtBJX",Check sum is %
test,Zr{DqTq=bsn_yiO\4te<HQ47II^mqyBG[|uh9ugIxOU]$[)p,Check sum is M
test,gOEY'v]w|(N$,Check sum is ;
test,E%2qpPImS;1.<C3!1J<|DBu#,Check sum is 4
test,\KV#yT$.Jt0L]h4#|8+NxAEDQ);96'x/zbDy9L^(h|efnc(2,Check sum is T
test,"j~i+7G~0p@JdUL4R?@#x\l3K5XVl(eJQ<4t
fu?<i`E8",Check sum is .
test,"8y8ZD<$v#	6]@o3^]S}!'&&*t}K
gNMlXH^S~l",Check sum is V
test,"<f~`o:hBGf[|]7O@%7^!jp\>9h_; {NA#]""kdm0u(",Check sum is 9
test,`IMK,Check sum is !
test,";sh.`,j3",Check sum is M
test,".ezGRSS#2KoX<Ec""GEyHN]vD>O9KnyjAZsd;",Check sum is Z
test,"c/GGTxF0%j""YA?""z ?C%Y]B]",Check sum is D
test,".""
U.bDQf",Check sum is Z
test,TykgoT%>Wut/e9ZYtd#A.6iY2,Check sum is 9
test,x_H .QZ3QDK-=aa7J@44\hm,Check sum is Q
test,qHX2$Xc~c9CcpKGO}lo\-O 1mfT,Check sum is ;
test,B7NGbL;R{L]	;\PLQdX@b,Check sum is 8
test,\!qR6F$%_V87>s8V]<!q-*q&54#.ytf;~M!,Check sum is U
test,AP^6Q:5/W,Check sum is K
test,4jpgPJ?iU)#XClP(z(:2`,Check sum is %
test,OglH@pr`AlcQO)ar_a;&]D0-r,Check sum is I
test,"""e^VrHpp4Q,L25=l58SQR`2n5Ds >=~p[",Check sum is 5
test,"d>5>l""OP--N,f",Check sum is \
test,"mn{:i5T
G>_E=	i3TuTR+j<\%@8Y%$I",Check sum is [
test,uprdaiOfpezTu|>IW<L}:+MPB|d@x3J>N@!^&6v-7.,Check sum is Y
test,"4a
H2G$LlNkWa%zE'1",Check sum is I
test,"bkba?LSKQmwAUz]Rb\BTv@
lH,uG",Check sum is =
test,|E^jw0%4|1YzREU?1&Wi%`@9`F9(7RUB=+[',Check sum is :
test,dw),Check sum is $
test,"MG,q<zyg>
)zs;d(:",Check sum is F
test,ozFhc`v7,Check sum is '
test,A<=I%&J/hHdW	\3c/efc+B^	Iy<	kN_tWbV{3nQ,Check sum is M
test,"m,iO88,7tw!,TrZo|;[?6=j+4,qy'H'q.h^N:5yOt	7|+E;i",Check sum is 2
test,":	F?C|U:\:Q/=C""",Check sum is .
test,"GL'lr5""_ijoajcxuP<MSa8 #|FDo!g?A""WhTeJqD",Check sum is )
test,"_3#iFuzOnb@a*oWUv_@[5P2Hl5F
lWRs)ew!o",Check sum is 5
test,"
Q4	:989HXo} }",Check sum is E
test,"9/
b|(4(TSg-PKF.;W*",Check sum is :
test,[t8)4>l4fDqpqp3/E{,Check sum is 0
test,p_([x\h>I7+MsU$9&_+T,Check sum is M
test,"v#Hi:hU_9dEy9
C2T+w.\D",Check sum is W
test,"mZ:f@jXA8N^XE_\?
qu:wC`%nb@3?x?l",Check sum is S
test,V=pJp-wupPtSPs^F/re:{*HSHJi,Check sum is _
test,_=6'DyHLb]w6iH5dI'-3B'#o9~PW}!eSP.	|4e'A'k)vB_0YZk,Check sum is C
test,Ly}*9RDq~wp40X,Check sum is -
test,*j\uRg7ll}F; )KT%,Check sum is X
test,"
5,]~e:(>vVb""w",Check sum is 2
test,b.6oE2LP,Check sum is (
test,$V-NWd_:_JV\}d,Check sum is %
test,"(v-S*),:b! |w0FihTE.AL.Sndy?_I)q^9dEUa_5MD",Check sum is P
test,"6^z(s>CuxzRo	mFmA8""GN	'A9j	0r3Um9-[",Check sum is @
test,"5N\/K,U{e`#Qt,$v
Ntm?q#r|]mi5~nMRoDJ:CiD",Check sum is <
test,HPJG@|Vnic!'U_pYAR@%:(l@9{7beHRF&WN}{ G%=,Check sum is >
test,"=}
sz)n",Check sum is (
test,2.:7-xQr;[0vz5^)kP8w$ui-_)=yI,Check sum is +
test,eq%AQM19_]NIhB-	WVtWzM,Check sum is V
test,7~OCk	%a.	1,Check sum is I
test,pE&?G}lV:m[{/<.	<I 0mtll$L9vv`H;[/`g,Check sum is 6
test,law;soHN`RmP8*0Nam%,Check sum is Y
test,"riE`|}27G?On:R;R4k7s6rOsj%!BF;""SG\<goMPgLTY`_+(]2""",Check sum is .
test,HkM0q(C,"Check sum is ,"
test,"'1M
2#5ax2s#RWdc6:+UVNu>hRiY 9<I6[
L\4z\lapJ1>Y'Te",Check sum is G
test,"(O
8Z2-p/kybD	&^i4 A^^!LZITk?tb{{2:",Check sum is H
test,kN/1/xM,Check sum is -
test,&(*YJg&$YXD<aPe{;i=3gZJ#Q`6C;#?#m>#|aI=spH,Check sum is 6
test,"ui7_Dy{7	Ic5Maf
v0@]8d[Ryu3nkFt!a.82;	TT",Check sum is Q
test,df|wosThO9qsy>C>0veR^G|66T7ksK6nja_X| X,Check sum is W
test,";}	&X\
u(uG81fG![OtU",Check sum is H
test,"zG+h
bQt2D/#Um6k@=pP[H7-
",Check sum is ^
test,"l{8l5o%}n""S",Check sum is T
test,(@d	A5 3`fOQ:*`?Yyx$#YZ	S2M_e%,Check sum is /
test,h};j,Check sum is *
test,"rOUvQ_""Q#rD&#N;F2[W?A/9{",Check sum is G
test,j63&;b9VZkR:=]k%.lP]'RVEQ[VV!fURUr++,Check sum is >
test,"m5gQq6LkW$$EgBIMCxwzMW}&5?""*8S2L",Check sum is 7
test,"F4>!A4\.*m<
<uS/=exU1KZ0p`v6t/",Check sum is \
test,&[{%lHyYfym[L(kR0Kcj9^][=l8	6m*{gfJ@/%A*,Check sum is >
test,!c70-v:vt:>.0pd,Check sum is <
test,~hJ~d1\Crme;G<U]#6s:`<,Check sum is X
test,BYu]'TfLt#%t`8Z1h$,Check sum is Y
test,"M8v)DkNZe5Savb<zCWYK[^_!W<4*kCdcsT""k`md3]Wuh",Check sum is ]
test,"Rf)
KQ",Check sum is '
test,"CPW&^P+=nve+U\d3/(Ofs~__,*wTK!&MN~YjDKD",Check sum is _
test,"aCn
H5U}v#|@|qnNEJ=K\+Xhupt!b1",Check sum is 4
test,oRiuQ$Jy,Check sum is 7
test,"C{
D]J?!qaXU*73njFA444nWYkL{?/FCN=#S6Em!|x=H`?Rx",Check sum is 4
test,cZ#M6E4,Check sum is <
test,",d\C`a0#[D]V~C)9\6""}F=l!m3PmACiL7?AzU2A=GJu3ig|",Check sum is *
test,#T{~rI<R^cxy@0=	qiEKg,Check sum is R
test,"4'!v*J`nGH;	""",Check sum is I
test,WW&\]5,"Check sum is """
test,"Ii:gOL_ q	"";QU>VD.ld",Check sum is  
test,eE^*'_z{QYM?YX>-t6M#&SfSha5e'aZ,Check sum is 0
test,j/u<cM_JU5h!^+QY[@hZ	w57wV_M'V*{VN}e~*~c,Check sum is <
test,`agT)IT-yG^IcQ{[u?^8NvMf`/H]j3MEioKB]6l[#9uEb!2r[#,Check sum is ^
test,YzUb&JA5p*Bb(GqSj4b,Check sum is A
test,"BO4IOS%%]CgZYZ sB\)kR)""_tPR,0BI0a	hT*n",Check sum is Z
test,+ bY/1MThX3 v:Gb1R[d0^sHye(~6.IW(qmf1'Y{}oUuRO; S~,Check sum is A
test,"5aoJb""jk+J?\6bB",Check sum is 2
test,")};z6)Kfx*]""iO
/1gR$XGQ`kJLqcOb+:9Tm9C;U9D]/=R",Check sum is D
test,k~\<WT2gl:oUC`6=O*UbGRY,Check sum is G
test,"FHM;]zOKvU_t$ vN9S;vx
r1Q*Hv!LU<r>M-`
gb|$",Check sum is #
test,\3&iH^@oe9K#k_k44NAX=B,"Check sum is """
test,"HDcbum$4@M
&? SFPawP~{vE9^J jt!essU]""+",Check sum is V
test," d,Iu",Check sum is N
test,"3#wrbKh)~Q'bP\,U%T _1mgq-O1J/{JUV2-n}+?q:[h;W_c^",Check sum is :
test,.G%1u,Check sum is  
test,NLhUHMT}[_)|K]d,Check sum is H
test,^6f'of)A+iHn0+7pw,Check sum is C
test,"n-ZII[oNLzb7!W?^8cM6|z6i&|5N,OD{:Y;uZ%*RyLzu",Check sum is 7
test,v?64FI$,Check sum is 2
test,	8I>AQn`{la-<D*z:?/PIqTh)kf{[m.9UuGupB'1f)I&,Check sum is A
test,"]]>RO%cY~
5F!`F+JW;.]kp\7%5$U9K/qaOK&p8Pr",Check sum is &
test,"A8p1Wn52rCx<OoOfV~HE3io/x:m4F!;Q
uCL+@:wOP{d",Check sum is K
test,h87;w27P}d9{tR~k\r#X\:+$,Check sum is T
test,"L@u9WD+;w-l1 z@]CX&'
F",Check sum is K
test,"(j0z27d<_
j[NJwG1lF:[z^n..9i/_47""DYLgj+N$CaNU ",Check sum is >
test,UU5t,Check sum is 3
test,k+m,Check sum is #
test,",,3'QqcROW45s~<@KrMf0!_/0pO$c*$n09E~u_#KF",Check sum is :
test,"Gdk9BWkg6];SE	r(.+Q,h4qeZn.1WyI
|i""mDUe:Z/kBN_",Check sum is D
test,"',#WHczXuy$^b}q",Check sum is *
test,"#-d""oD_^3[3|YKVD3i1Ri0D=jT38(FD",Check sum is 5
test,"DNmzCmYZ N<4E}rxa@5(SF23m*M6N""",Check sum is L
test,{XbXt/s.5Q5T4N+54~z4\'O*5|$pAJ,Check sum is N
test,YFHN%3=z+z#WcQ-`xeUom|_~xrkH7DwvUvDLI5/~:B,Check sum is 2
test,LnUjwYI^N3\}I(kz}1JL9HRT!?H=x$O5l9n&\Hq-( uSR>uuUS,Check sum is ]
test,"+	P2<b29_zK#U	Yy3\Q^pdn<sJ?5@DM""U@k2y",Check sum is !
test,"r[#\B,*Ch+""
Q)""cL*10;TI,h(p]mHX\Fn?zJUDc|P",Check sum is %
test,"3XI
Z!!s_NsNnw?",Check sum is _
test,"g@KJ 	w9WKCQ0+QsnVH
*co&_7S
<<@2s#*68.g","Check sum is """
test,"d""m>N}?dXC;i",Check sum is >
test,7%HX/Ew,Check sum is G
test,zw/:c%w#Y~!vA;,Check sum is F
test,o+ g P@&5OBgiWf$GXBwS*tPR3>\S&cn6E`;x7|]y/ ,Check sum is 6
test,+;%,Check sum is +
test,"ucw7,oa!""]).O9~MEhFn4:V0q*X&vs>Z",Check sum is [
test,LE[kTD:zSBT$ SchbG[tXm^J*6g7b,Check sum is S
test,"wk&cx~LtCP9tM$r04P=Kf
nhqbTT/5bYz'u6yxm6Xuo4Y`",Check sum is I
test,#=9[b8D!GKyn`T82{tnfI=-?C,"Check sum is """
test,")0vt:JJfi?*gbD#:f*$:UeJFY""`(&2ZX5",Check sum is M
test,RF;cD1d5W>]|}5 P,Check sum is 4
test,w|4RY~n%7=2sMTs\YQ\	'G;\5HA0zY($*Ich<,Check sum is '
test,]4Morh2T;9,Check sum is A
test,")=V,
kQZw#9sS'g9",Check sum is H
test,"i2M9n,""2;$btiy@yR",Check sum is Q
test,jpJL!o1#a3=8>I(4~k)Y,Check sum is K
test,"s#a~Q%p	c|q~GP2(0,_ODg	~T*khTbTndPLz10=)n}:OR_nDf",Check sum is F
test,MdrA'U4#/b<10jvC9-FZ*akv_\o(f=2+k`aV[k(K+3@8DY,Check sum is Z
test,"M'&""=1cxl+Hzpg\{&+
7wdUJ-yB/D@$aN""k)8,4",Check sum is 4
test,\*MzKWX6jLw@o,Check sum is 9
test,J?w,Check sum is  
test,"g{wW?E]{PY{#9wIY.,ijf4Uyqm^[x9YI",Check sum is D
test,zb@g}\MNC,Check sum is Z
test,x5();'(Yx&M>QQ9p7\r+eEE:l7v,Check sum is '
test,"D	L-""eC(*5W4^`D2V-(R",Check sum is 3
test,"Pt#Qe4YDJ-`7;-=HXXf^
dD~8>x|MrZ,7Hcn]h",Check sum is 1
test,"g>C2P(""74""C&jb-n| _RgK+\AQzHn-(U\1+:S;f",Check sum is I
test,_QtlE%:BLju|E;q*.YX+7h,Check sum is A
test,"+(Oa7<V>UI[k7'@{ixRib7X+VJ:Jg/[ ZM{Oah3R[J,iS1|PQ",Check sum is .
test,N>o sVsx$%'ID?Xh8I	,Check sum is 5
test,"1'atW,HV:~""v4:w.P0;@~>	IM*uqUx*G&{NGT^Y",Check sum is 6
test,E~1~,Check sum is R
test,.Qx	l0#5#O3|-uiP`f@28X=pt0 1:/;U_D>%WhA,Check sum is 9
test,"+pz!`x@U<:fI~-'+M%B!`%CF)kjYv-%9T,/6'","Check sum is ,"
test,"@$f1Xe""1}=@HysZF%LC,x=xo|Kb6]x|!!)=Pm~o?",Check sum is 6
test,"U|1_h4M6jE""o/",Check sum is O
test,*iOL>X,Check sum is $
test,58AX=,Check sum is #
test,B0e++MacNg,Check sum is S
test,N0<s{0|%v[B4v-+UGq)f,Check sum is J
test,B2t/,Check sum is 7
test,0Rq[O-!B[01,Check sum is I
test,"$s.R5qwhUHY_,D\S+*f;k''=6,/4H9(
~TJs>i$yZlUHwc",Check sum is $
test,"+uZ .\\XeWH:e!5U%Z%G7hZ:3X#D#
",Check sum is C
test,hZ_}eorddnuP,Check sum is ?
test,"Rv|FB;X	MpTBL3
rgAm	US[ mPRcRne",Check sum is .
test,vj^DyDq\#Ww]gY+.-5-NWO+3jb9'9x%8b'_32s-hX,Check sum is [
test,{B8i(Mfl1xc,Check sum is Q
test,"HY(fGc~s=Qai}
""",Check sum is +
test,^m.cge@D=Ve_{Qxq9!,Check sum is 2
test,"O VLt
\.7Hnv
uH:""p_f~d_v2e\p$V=Z4K[+b_}N4L&.Wf%",Check sum is &
test,0=HK]R;5Vc4'EE-NL9'-m>J	xLp*cYzT[?@}Q),Check sum is (
test,Kf-lV3K>1RYp,Check sum is H
test,vz!!)<o{-%AM	K-=b5PM(b@l-7Z>!#WZO}(MigtY,Check sum is 8
test,6<8$]XPnk?,Check sum is K
test,Aq*~$A]),Check sum is %
test,"=ii1
G;7lO}yc32ipGs'RQQXzN<Vjw",Check sum is ]
test,[w]8%O+/}24Fh6UX{,Check sum is D
test,"()|5X-<[5[i_ZeR?	Z$wa}/U{#`4Ws7(<k|?<|$PU781""V7$",Check sum is 7
test,"*ORBx.SW>Zx""+eXv=,Q?@{w
=!.iX]J>sTq)hMs",Check sum is =
test,"N+$q{4+zb[t@QjSSAo1jNxE6
W.%;C6)gqO{EGMs",Check sum is _
test,"C<gaJ0+Xr>>.,","Check sum is ,"
test,OH^DZ K@M9[F}Vsd`j\N]Ai*<2|]E)Xy%K%{i']B'T,Check sum is T
test,"&c=bg8`sn):PHNb$\#1X,>J_ UT##dnmQVtT;w/b",Check sum is R
test,"lV)?	SN#dF3zqz""K|uEm^",Check sum is G
test,ZKI_]*+.81q[`YE&4fgkW,Check sum is )
test,"bV?#UTDN,t@)c RUXq_Q|: 0}zxa#N[]#$<RF6]Nno",Check sum is 9
test,"AZ\213E<I9[/0.G
WP,@Q""K.7sX{$;CX{{jL3av4]JJP5eZ",Check sum is >
test,$6'j%w,Check sum is '
test,"ij+-]4p_4U`OUS#Yri{)+NIG ,O}2tE",Check sum is R
test,"vA I>	Mi6hmS
s!ppQ/NsWl	mZ#/+>d6yZ|^5 7V9S|",Check sum is Y
test,z~q)p:F4k\pt25ln)}L#T<,Check sum is '
test,w^9fkqx7Y%P+zKk^}~QQ&_zk/wV[y.a?ZH1W&-2XX|<80X,"Check sum is """
test,V0$Sve!~z/dI,Check sum is -
test,"]koie+gyA\x<3,FB*%Jl'|'M3iO!0Wq^sSwh",Check sum is K
test,d e(*1'WJ/;c($L)Cn{,Check sum is N
test,f2kSh ru!',Check sum is -
test,"AG%cY>
]igOmw'_v!D)]k^GYq~*6}OTzFa",Check sum is Q
test,ypd~ {P\DKmBXgZ2Onhx=O|>],Check sum is ;
test,+)u22\ZWI$X7.&{m`!krmrHJp4x@w(/6|@:U]ct,Check sum is @
test,"94/ 9<v+GQ|Tv_k0J'Nc'X
K3)kO2Bg2",Check sum is #
test,"]{i4*BP""}C",Check sum is 3
test,"{x6;T#gLT7#pBn
",Check sum is F
test,[V,Check sum is Q
test,"S*eXl}1Dn	+6p:8)GvH-%~,OdzGA",Check sum is Q
test,"C!oXE>`w
",Check sum is /
test,dsA,Check sum is 8
test,"{6<wP4/?*]!~A&'Kzz<J,_BUg,FsXMx,A1,yH5gl+=n",Check sum is #
test,S:a^R\!=m'=<h,Check sum is -
test,A4Ds5#@.{(/g,Check sum is K
test,"\Bl2;Y7m!$[|%x0y%QSZ
jb2Ba8'S{ZMg+",Check sum is *
test,"SeFQt>
ryxIvM\T,qfk91=lVt\M?!G113
:Q=	S{N!KE/O",Check sum is  
test,?%,Check sum is D
test,hR%@:n~nm!$nY5i+^,Check sum is 3
test,Gh%!-UC/;]xZ^,Check sum is Q
test,KqHg:g^[GVim_,Check sum is 7
test,"Z>F(KA{=~}L3x)Ci ^(VH""",Check sum is W
test,V|&<duRQw2&WGe|iEM Io!W`.S,Check sum is J
test,"wdi
9IwCp+=eNgzTGh	r$yB8r7Xp6.vM}i Pu7g`QNA","Check sum is ,"
test,"|Y[o4pPUbvRtO'@i;i@7e9=Odq}bYbj=LFiQok<|:i#&;I,?/j",Check sum is 2
test,"C{41tH
",Check sum is I
test,r^0pKY6r=.0L!Jm=V|}siIMb[.RE[4VwqZMF'*)>['R_,Check sum is @
test,",?PAKca}_5?"".;lZE8oP9	43s@l,U$C5Nhxjb+_z9",Check sum is $
test,"Ow3|<o|q\xAu""=a)|CI-.<L4",Check sum is ?
test,"	e}""8S>@{O%Y}V",Check sum is Q
test,"aA5A\PQ*H`}n+!oGAJQ]i =,v=Q\N/S1WbbdpT-CZ?zx",Check sum is >
test, m<F*=q5.S3'\#-iNozVAbm;(DpmT~O,Check sum is .
test,tc7ap$,Check sum is #
test,"J2M@QkF<^f{zd""vGO?>6!AzmNB|v	r2v}hu-I@<ki)",Check sum is \
test,8x4a,Check sum is %
test,+\@6%e#,Check sum is J
test,"U;L&K] gX'UDgkVs!r
y]ip~",Check sum is N
test,"bF4wugU@0!^y=w&<g:'^EyyFG,	@4iQh",Check sum is W
test,%xIpNQ>6<3V<<xgV\d8p>T;U`c>G,Check sum is M
test,"wruH8GQI	L{~""<)-6}{(apyCP""!ZZNUY4D^U""",Check sum is T
test,"F?FUtLH<#{""Gw,ya<",Check sum is D
test,"7biY.?gZ&N426a{1TW~F/Fvt\&1CQ!)REGND]_`;,mI&gp",Check sum is K
test,"}a1{A:r`<7nj	ul`:lWd=jGNkd""k&a	0kHmD`)b",Check sum is T
test,"#ln1Bx3wA{Ddb
9s|98[TWl9Wg}w	T+61S8VevM",Check sum is 0
test,"iZFpj7f1:6!z2O92|/0Q%vIBs~qAP""3f_*",Check sum is Q
test,"tNYHuf!(PJoDVw}{1QN+GR)""O.kv4'yG6_h>:X3shy9",Check sum is ^
test,MP7vets>6Z<We@G{P[uP(8OK>,Check sum is &
test,[cB?;}n@Fpm?XQw'B[7wN8sl3zJRse UylfNp0[Z.[f?H,Check sum is X
test,"|9	{hhe	/S(]'>@Q,VroA_\""EZ/&X0UERnS4_+bqb(9Ee",Check sum is <
test,Qlf@ Eb>qG	&#x'8xkgtS#:W[zYE0AR@2fjAjgPDq4fVNTa#,Check sum is S
test,"?JX'8P{2)&MD5fMy@wE;
mgX'3yV:o",Check sum is ]
test,oRj gN58rj$,Check sum is M
test,"!Z\7Q)5Q3;
|2vE8HausV8l1]U&RRor#NY&N2r_fB",Check sum is I
test,"dc	1,6GZz)",Check sum is G
test,"=Q_dKA
Je%UDrUd`#^DfhE'lXR=/S/I@Xq%Ax=",Check sum is /
test,"5FPpp#/GXVT.{G _ijl,s/)\",Check sum is '
test,at,Check sum is 5
test,xIR,Check sum is 3
test,",:4:>""\/D\ z3U C*8[#t+6j1\r|Wzc",Check sum is R
test,"SK
OYE
:LRC!AE_k_>~~^H%jxiLd&&Q:v=cJEK)Tk(~P&&)W",Check sum is [
test,@TR74.@W*Fg/3Sf@`q[tPYart9AL\MidCM_NB,Check sum is 3
test,".Yq%zZl{*cIQjB=(BW%f
pbQOjih?~ NMa:(V0r=ZQ",Check sum is &
test,"s	8p^bk`|zwUp_I[`)|\Mp~;;l1tDi%229Cm2a'I?Rn
^g",Check sum is W
test,S36n<>W }<-,Check sum is !
test,"!d2R cEkQ.aOUbMl'uof,m7iPn5yXf|Se=3'F.G%xWy$W~",Check sum is ;
test,2me@&0_ElejM0Ru94*g.kl	K_u`}Gk7@I=u{,Check sum is D
test,*85PKKo(X2PxE3,Check sum is >
test,#YE[#~O9#ydDL?B/Xa::P?4dmow<z\7qYx9%GV/}F]:e%x,Check sum is ]
test,c(PKD{~^g&N,Check sum is <
test,"X`a7`klCG]%jyzJ|Z/5X-X4lXU1S5|l
eibt,qS>?9HHjchNh",Check sum is .
test,"GJr<&)Dy5'k5mgJ""nWE8V85BT^		T9zyMhlU#W,O-dx1qhg|",Check sum is S
test,I04gyzhSXf1WEW&e(-U]r1n5I<|=lmXl)O{)@~isQ,Check sum is >
test,"}""Op=?LF",Check sum is L
test,"~%+""<gAk?kcbJYR;2K)?NY{?
R.vMj%oT+	Hi{",Check sum is C
test,"3^5uOlu?E#vKjdt4r/6i*w6MA[q!,~,AuG*&x3~piG88
",Check sum is !
test,"KUk,OJd`@p+q,KW_>74d.R|jAw^k",Check sum is !
test,"swM r#C[>5Re#Xfk.)p7c,&t5, hBl",Check sum is ^
test,=cx<tz?:3gQ-f(/-gQ[XC{/pvC'X-<eCHCIj{a>`,Check sum is &
test,"]:6dB#:hB2vkB^^#""_y(>A_:w%W;9+HRw%	<Xs""hkYg&xXNQL",Check sum is 6
test,\hlLLY+#tqG+{N^-rBv]ff@H%F1q?k,Check sum is L
test,;.i&iDi8qNsB>-7'BHC/V',Check sum is \
test,AS	&VBR`Ge/0t_K?vaX1	Q+W~{,Check sum is J
test,"PGxAt6p_xs8ov^gr
olggy>E$~!)),;)0.=oi(Wn}_&",Check sum is ^
test,"S6>)""oRY8r&_WU	h,^","Check sum is """
test,"E:0A\
r	a:6)@.cn",Check sum is *
test,zdTLt}{If_qc,"Check sum is ,"
test,"sN\u}
GD.X0m",Check sum is '
test,"9p_\$|r]OF#
,@]/|PC[4x NrTY5:hDuLpcAs",Check sum is 3
test,|_R{o,Check sum is 7
test,"inC}Ukv	=ciWAcO
z,i$dWSjyu29%GYf""-",Check sum is Q
test,"8J+{KlDxQ)}awVVeTg""K,#	' O1{V'.OB~Ijg)h:(Jkl.0""y<",Check sum is :
test,"8ry+fv<W5x@ibq^utz9Dx
oyZj+!96:Z_I&A~WG","Check sum is ,"
test,"a^ gkvG[RURaV.l6o+^g)@yeW9s2	OJE]6kQt""wYQg_Ja81ia",Check sum is U
test,".(48vIKU^^{+Q,cc>'%!'8]x",Check sum is E
test,~V81uskh?}(ypIGvx<{r?,Check sum is K
test,33p8,Check sum is .
test,"L.m1`vi/O
=""jR?dsxNZLV3AF06~^2duSxy:%`D~|RGaX",Check sum is L
test,"=!w<RBSh<;KsV,m%Al}R@^iN4g1b,[XOR%~)\Cf;{#FW2b=>iT",Check sum is [
test,"#ycq_R\fypdM=@.hg`Y:G&""f4&b6/>",Check sum is ^
test,"""Squ#;u7O!_
11No<m+|tkv!l+@o%=xtdVxua%",Check sum is D
test,"c	@zz$,&JQ 'KT54NJt|6r+s'xX?j\CL1
|zYty}5-qyq\",Check sum is F
test,"p87hy,MgN&~f<n2GgqsemtyxwLtlA'JL(+/@9",Check sum is Y
test,"sl""O|H@u16`m}d9@ R;!gqX	|0a2 |U'3IHTZ):ba\j	",Check sum is <
test,"?v)U	NXy$E	OF{ 7dG,f",Check sum is Q
test,~l;|kN;6w,"Check sum is """
test,)CK@3A@jq0|P<pLNrAI=e*X<\K|Wm57,Check sum is W
test,"k\`mpL=waW(75prh%fWq,TRmo
r)<bs}s'wb",Check sum is !
test,; *GaG#bjl[[B!.6%il?Db)dvU4kf,Check sum is (
test,H>f6&-sua}[QVy}2[C	W3+b7_$6mwh#4TLsWx/AxoBKcE[pV,Check sum is %
test,"Hb\0M9J
shCpYM121BNDUwMl6I-~&>~3Rh?=\<~S'<",Check sum is R
test,\.q6V~YjY`A1I4kXlD#cR!.G]q,Check sum is ?
test,4F0~`O,Check sum is 7
test,q<ld=ghiiE^A?zpTjDcaED\-<#'<P?[JB,Check sum is X
test,"	w 1	3AM,Jo;4+_""K3H3>jvew [5kE7+v",Check sum is &
test,"+rvI'|CqyG!m6=d!j5tu,m(tb`S7[|H",Check sum is A
test,"A`x.YAy|- ~)gelVEZ,i@k,i<E|8f|fC)|
*8Z)Rk",Check sum is =
test,-~fW,Check sum is H
test,aefA1!!9|ich;@TP)	flWoR{#H,Check sum is J
test,l-^j	G@%u>~#Gzb,Check sum is -
test,F%YDNl,"Check sum is """
test,"I+L[01o&\VOJ bV=~Oq@
	, vG/x9oAm9KxIZ4G3d(b,XZ",Check sum is A
test,"K,JRH\]4-@d4Sg!@n* `;rb,X*&}:.E5TCZ;",Check sum is N
test,gs8Y||Z/2rtJ|.2A,Check sum is K
test,wX,Check sum is /
test,"|'RS2d/N3S8\<'_
U.Lz%]m U",Check sum is N
test,9%R`t	H_T[CH9Mp21M;e2:D),Check sum is -
test,"({ofQ IMqiX8CND~Sw7""BH<kyGP(A/L?%lYvIu",Check sum is A
test,96]BUc8*cU[zV%wvwYP4wLj(=SNizr4^#)Q%\0qpw@Q@,"Check sum is """
test,.DgW0;:V*:7h<!C9-FX<JXfe1l)]woeG7;.2c^Ve!GB*	6,Check sum is 1
test,/^BY,Check sum is H
test,`mYp?GCuK4~*EDPXlAX5rN+n$by;8O%+,Check sum is 0
test,"\C,%>6,m%Wbg:3Y",Check sum is (
test,"x sY5)
YAs6%\J?I.08DWv5wyetzP(N	"",9&)u_
]
ci",Check sum is W
test,pbGt%\c~_1Gs9!sYlR/~?1PEwquQZM,Check sum is D
test,]2C{',Check sum is T
test,"zD],.7k\Q$O@Nh= 7HqP=uv7q,tXB85z]2(tW",Check sum is ]
test,#~7Z1CxmWW%Az%nUE=Md3b9sZ V/=.OyKF%XnU<|;,Check sum is K
test,"A=;
tvQf7m]k`	b)j0u mzJpxn(uB4?zAL@&""+3",Check sum is Y
test,"lGFm52c7yEtx0*""XQ""Z@=sA |M<",Check sum is (
test,"?k;vp&fl,p=,|4+8D{<J0s",Check sum is #
test,`l)],Check sum is 2
test,@gqf4cQEO`:%TFk:m0K.8,Check sum is &
test,~?3g_ko4' JzrEMk$f6_?5Fl2]HL2nf,Check sum is L
test,"j@s
",Check sum is G
test,Mqe,Check sum is C
test,BaZ	\+#m.$#|m8A&F/HKOh,Check sum is 9
test,"!cSShU|W)dSr,)?OMuWVEFDSER",Check sum is 7
test,dj=*M64!qIj d0tGqbtiz1QQ{=nGgQ})4PfBXgE,Check sum is 8
test,"iZ(R{""<q+62*1s?479BF",Check sum is 3
test,Xmf7Rr[M-d#LBHvc([O<~8,Check sum is U
test,['w]I)qMgvMVc,Check sum is I
test,"`YftaG/7*X~Wy8
d",Check sum is 7
test,"Ywe50S4	
xa41fJ~be$aR|w""d<D!,!+WTNQ",Check sum is :
test,".wB|q
0ya4H_.B0)~0x#~[w<K:9""",Check sum is !
test,"M3:o0a+btO""0~S*)7CvJB7R9|WDD50?5nn[
nCxw""J5",Check sum is T
test,"s,&Gm`5M7N6[B>z~]uW:~	4""	k*t",Check sum is [
test,|@}oxop1oE9CeP):<cO3sP,Check sum is <
test,"O=Qya1;
",Check sum is M
test,"yP7TS6/G{s,->(;6""W",Check sum is J
test,"i_	Zdn,o-?kVg18!ue`',1okOsZ+
(4I{Y@yI[",Check sum is U
test,"bO>5\5v
)]
8DmF/5qEu=<O?>c.5wDPfz8;a0z>",Check sum is U
test,?QwCmide_U$n *_)vYfQ0Z?c#,Check sum is 6
test,"HdZ1!rN9R8_8n8w5o5[#+-
",Check sum is (
test,"4!:A^s!)D7G-Za+12!?Rp?/CHaAAH
vuM,s",Check sum is *
test,#uR()S4w4)5%BoZ{yy~}y~Np$?^C&gm.!Qx^bN}`Z';d._;/,Check sum is P
test,&K^VMzv?kHq2	-`_mS.{*XknrPj$]C?C_14P,Check sum is V
test,8DEs`,Check sum is 4
test,"O(V,hFyb-$Lmt>aJ/!Rv%*[%zFr2r'$|ESaI'A""-7k:tW,B",Check sum is [
test,&;Zb~Y24.%@,Check sum is M
test,"+(#S,>;{/o\%.a))7,s~qWHK>37#~YSCh
ojrju]QQ",Check sum is K
test,"|'b=R9-;J hB6X9Zt[""g,~]g	DwEl}aZIrv<kkZ(qE1",Check sum is )
test,d~ls88MP?`,Check sum is M
test,"~0F<C4tt4L'#Lk(K""Lf!E]$q]*d[8w5E[<*$@	&>R}",Check sum is _
test,"-axFc)kqq""a;8NaDc'sEy/",Check sum is X
test,"*L1rC_qb%[t$j\o33Z""jm9Emdt%O(i*?ll@XktogTe;&ri$M",Check sum is 0
test,"^?i1$iKBTH)|?e	Rj|J8O""""3ke(",Check sum is W
test,\|,Check sum is 8
test,"lAx8k1S""{~6g""HG$\*vjxlX!",Check sum is <
test,"EhbaKYN^v^s-Wf
Mm8y8",Check sum is >
test,"@>##jG(UvH&zN*t3XY^{D1~Z!*-F	E1Q/[VgB>'(MNgw""AN~",Check sum is 2
test,"[ i-MS	I%.3;$\P	1KK M/8X\]2=db]}4B:{Ci_~/E`
^G[&",Check sum is 0
test,R2l8C!UaY7W9<XR<A9AZgka8`^xS=$wp5mRC%@cakT8w)e\6g+,Check sum is 5
test,"iG0lEMv""(	JpL*\ :=Xc ?X/OJ/F(iHuMX0L1#y9p#UG",Check sum is =
test,"jemwJ$j17N?vr4\fbE)Xd'EKQ;,]a(GlE[@R`/
qII>$w",Check sum is 9
test,"wvA.Xg'$^.p
",Check sum is L
test,TWjhiIdqg:PuhKqD='1$ZgbdR5i7[}W +gdF-,Check sum is Q
test,"tQSXH$)[=n3ynFjA""1WnIxCz@$7",Check sum is '
test,"rQK""a`a|&t TL-<]iq2x4@/RB#6vu}",Check sum is J
test,"`(qW~*I*n9?+""2O9`E['la35e	GFl8\s",Check sum is B
test,"RC[q;/-35}~&?rR@-k85o)+nL^/A4I73

MfGpV-(wsqz",Check sum is Y
test,G+_b>NG]'U7N,Check sum is D
test,+4 M*H<vtQ7uK:;JNTs1$	v@U,Check sum is I
test,",
-Ilv;5T?lNJW=B}9<@NK2\49G8S	g\c3YcxGM,SFhc4m",Check sum is >
test,]%C.e/akU`c)v(J/lR3>,Check sum is :
test,EE\IeHTN<Ni5z1lO:i| (,Check sum is S
test,/@x&(.`,Check sum is #
test,"DD"":_H]!Ak:a/*P22j=,YbKhr8{}xG1SXysMl""3j|N09v	""3",Check sum is &
test,74o/Wo1%4e/Y{wR/,Check sum is Y
test,"q9<vVm?jrur=""Hmg.O@j2YC1](jB/ZF7/}qa3L#-*B(-Lu",Check sum is (
test,"1YS#:7{,7kbWp>d_L9huse)\B$Mo",Check sum is %
test,w#ym<ClAq(biK*^SxuPecS^a,Check sum is -
test,"HywY3%q</)	Y(G},2l!.GZlOI+$Y6	AK:{sJY+D> {A7`",Check sum is 8
test,"ueJ,L=(ZdND#Rhl:-f:] 'i<<Tk}dURnjvJ""YpO5GDM+;<dN",Check sum is @
test,&lzG\A2~8	YV+]HgjOu6_p&-Yy8=,Check sum is 4
test,??*=FNjCM,Check sum is S
test,9.z-eq_*Np(MFQ-ZlkO[d43pi5^!epFm~_a@$+{$f3%D1,Check sum is ^
test,ya#Bi_w*`o(,Check sum is ?
test,mB1mJ%O_Pr5nwg	Qz9,Check sum is Z
test,"4_[G).@NC+$l
LbZ{oz)B
G?v>KY0!1",Check sum is C
test,ED+/M?cC,Check sum is 5
test,t?-*At|B*'*vU]~bOwd,Check sum is J
test,"""*:C N^.X]JK2s3:{b#c,,",Check sum is :
test,"M])U`:A#B\ g#z>Zr&y{W1N,;GdHcN",Check sum is M
test,"o
8kgQ$Oz-OP3OZM|m2mF?J'=m;u!CGfY|^I?uV;wbR9",Check sum is $
test,"OP	""S5=)%	""K7M}.h;q;G1W`[C	z$%""JXp	JT/Sy3EWN7@mBa_",Check sum is #
test,03%r!F(g&SJQ.*	/t`$/qulo3u'ye$	,Check sum is 6
test,<}FdMe'Cb3,Check sum is 4
test,"$hL3.aO7Dojtv%u|rkI[Lq)ZW
/B/hl62c
o!TcMaL5BFj.#!","Check sum is """
test,U#8M*/TEYJ!\Pl9nlu4;5,Check sum is W
test,"I""AhZ&d",Check sum is X
test,"6j,M(KZ-u{\sB8IrR;O(HZb+wIdZ%P[i=fo",Check sum is #
test,{L E6(V6R#\rd,Check sum is ]
test,"1M<fKKm,Mf~tN7H=<8?!ZDoAp%;ju(r",Check sum is I
test,LCl>QYzs$=->9q(NC(?`7wv^2^'mS;EF,Check sum is %
test,"w	:7za/S4s,'-j*~
<r&:t6rMDI91TP%[Y,9(X(",Check sum is )
test,3}*W,Check sum is Q
test,"f8q{\""#E*E )9nzdsuZ1+d~P)*rBQ",Check sum is 5
test,"W=b>t""z	wi[ynD?:I|Fu\x69",Check sum is O
test,GUgAuU</xY~La}QH,Check sum is +
test,"L5""u>",Check sum is 6
test,"MNYx=	E#zYBl{/`j<CSBJrv -I'K].N/Sc,;9CyU","Check sum is ,"
test,"]%B3)s[V'N[nuyNQ_^S`zb,(",Check sum is O
test,"Ycq+*vRLJ"",Dn44?NH=",Check sum is :
test,OEk,Check sum is _
test,"Ebt!S""(?*;`5-}5",Check sum is Q
test,JpB'tz~nAO\xV6nTGI;H{0< Ykr\3O,Check sum is =
test,"vDMfTS[A<J2rt^D<b)fA%
gR8X8 KV-SgC|YMmk3;^7WRVE=",Check sum is W
test,WC49@$v1,Check sum is 2
test,"sg#s!,o-JI*J})10f,",Check sum is Y
test,1'PtyDy}.#qWHbN,Check sum is @
test,"3yIgmtH61It2g,
d!_I	aEOg""Ck7",Check sum is 1
test,D)S<Bt]7nWy|UD|}8/^etf[?Lz,Check sum is V
test,"}H Yv_)[?wASTB*Ee+c88a(`Q!KEGdyV""/NBS",Check sum is B
test,@Ckg7j:'U!fS;|'vZh,Check sum is <
test,X>yZi;)9EK[pPAVwV4CsRxrIrwRO6B'xI({kb5VD?4UX!(,Check sum is _
test,"Wp,2WC$'UYM""AU^vqQ03*6IyaDmWEo^TQT_ $jTooS<c",Check sum is ]
test,i!VO^[E>?Bn,Check sum is :
test,[jt?wwgbbP,Check sum is A
test,"!+)Q,@<>@>
=]	5dfzYpu{3L5}R7TKEvDX",Check sum is Y
test,"^~QB;-].'^`,\4
bP3*ZyYT_wXt`",Check sum is >
test,"-!g
S2+!\]I!Dd^o,&D?($456@",Check sum is H
test,"kbl\9{H>tl=PAo'k)ho8}uR{Om<\Hi6r?.F2@o.>lGJg,{jTw ","Check sum is """
test,"E1*B:EiXNWi)6\,CTddJ{M?r<^/AfQ1zrJA=Ivfh",Check sum is L
test,"\""AA",Check sum is  
test,*pV:Iqm%htcYK|xJ,Check sum is 7
test,O|J}1=Q]d'[\?Ecl]fo[0^oq=C<gK,Check sum is L
test,"T3B
tS*
t,7U[F)(,@9$dT",Check sum is M
test,P.,Check sum is ^
test,(0e9lhm K	yK_wkQX(P?^t|jLTv}sr,Check sum is  
test,^.\Efi\G7/ :,Check sum is ?
test,Bpx3/	*>WHdX$\{#o>P[2tX;+v7}Y,Check sum is U
test,FMjRR;)<3pv M:cy1;o!]vF,Check sum is R
test,U;=$L0vl{IE3?3S<\zqS|L/_LR2n,Check sum is Z
test,"^E.Q/OC2.L""l*fJ'e(LH\?l@L
2wsFUnlf?8UD{.``6JjITj",Check sum is ]
test,n3#KSF|2R&`k#K4KbHs(5&%TY/w9j3J+-<g`5OeWGdw*Fw,Check sum is B
test,A],Check sum is >
test,"EKX$<[{MJ,j,3uX+F
&w}","Check sum is ,"
test,i!ulRdhIuQ#)=;t SeP`z;#jX+,Check sum is =
test,"_Y(37T*Tf?MGu;ER~""r{<""Y\z",Check sum is V
test,<B4?ZoBsmocQHZS(yL[R&BRki)r ZCt)Vc,Check sum is *
test,fL__`5&uh~K@-^i0:I7:FkCJL#[mA>Y^ll^wU.h>.x,Check sum is 0
test,"iB,o%xxJYX6hj>;`:lf(9e&wNK!#?!6m#5J",Check sum is H
test,_R0`gs^5eMUq(g@sAI2,Check sum is D
test,"M5}@smqZ`WOMGiRA
?)GLp6d+x
Bn0T",Check sum is P
test,"o<_/{.eVdE1(,b_'^bGr*LYi	yAn3-vSO9[2n'h
I.vW",Check sum is >
test,"qzX#/
>7Gr_ovoxp_`",Check sum is G
test,"E-3<s{/Xt[-/AH
W4z\3ghYHP}ZHj:",Check sum is K
test,*)9p,Check sum is \
test,"	Ee]OP?d&^
CUk*Ob36| _HhmeZaFZ.<Q*<O
|u?jGnZ""EYD>",Check sum is D
test,"&Fh9fkN0 r89*oA>]!,4P8me4WL#,KldIAk4g+7Aba_'?ii$a?",Check sum is !
test,"
vPjXa;$uN7RKu{bn+EUEt&",Check sum is -
test,"U$q8#%~Hs5T{y_Yy
S}$_[Z,XVd",Check sum is A
test,"{|=FeE
n0G[ad}u ;,\`vB^rq`
h'><4YQiibHavW6eC9\ar",Check sum is B
test,"5f	A-,=	095f<07QO8BrB!H[7XG
,nh'DrEsJ$_",Check sum is !
test,m5/dO_xwoJ'To]8|,Check sum is &
test,qC6`4	,Check sum is '
test,H_#e,Check sum is O
test,"+F-b'J-=;9;GW^fR{ T?1tO	)qVH]}s,EA\fnE|hZ:|E`",Check sum is N
test,bHh4./4U0U*Pv&UC{|>K[e Dee~,Check sum is +
test,"V+anp{X|!bb^JM~~4^#`QkccZDS[+""t]>z=!1=`.)>E:M
",Check sum is U
test,"1,#)h>h~gZY8*0",Check sum is A
test,">tcB ~`^+
i<'cR	#LOg+C|w`K{)c]
;/YTXymn",Check sum is 4
test,",ANp/OO{	1
<e",Check sum is 8
test,cy!d e*`E+:<,Check sum is 6
test,"*)!gSk4L,`&	:YhC",Check sum is 2
test,4^RR87-h`>t/p:>SCYyjKADm,Check sum is R
test,"s:/s}99va\~NYZ=V7z)EM|X3]$T1Mva^hY4ump
Qgc$t3:`",Check sum is /
test,m)2Er#{	%L)$=xTL1m@,Check sum is 7
test,"W(]
	/l0",Check sum is Z
test,"h]hY+{1]\wbSbua
O=W8@]eJAu@`$=ear~.:#?d1k!Jq~A",Check sum is ]
test,%#pN)nVmgl,Check sum is S
test,"e?ZcRw[p`#G
o^>DcM^2;Mw'1wE9Pzaw",Check sum is &
test,"SS'{{vGzZ;{R
L55h",Check sum is $
test,"#-$oYHX}W>b!T3\*B9<o,[lQ're`&VO+L*'h",Check sum is !
test,khS^G	bN[?Qn\(`Lu$\ BE)>Q-54Gh6(4^E-a^zZ,Check sum is ;
test,v_e3'B`oZP#6pf{d}{,Check sum is 5
test,Y-8-v+*Z*.V[1uCK BTz8I;@CzMyei	(Je&os*l],Check sum is E
test,"?^Wqg[
^@6][rXb&Pu
jJA<VMihvY",Check sum is 2
test,"+B?u.'ag2f\dj*)p4Y""n]}{;%73Dy9bDo@Cl;:=t",Check sum is ?
test,"mSd3ggl;x(-}|J6Xy,5`\RK@VT2aD,X
EVc30_oU)T>J^5/h",Check sum is ?
test,9N{\E}dYvW2jh8dR/<?LI.;w},Check sum is X
test,"""<0_AUgFE)En]R/I&uBF",Check sum is ;
test,"U>$$Ejb8THM\6^e(ID@W%~R""qwC^k.DFf!`zZ^C#f42^(,",Check sum is N
test,"X'0J%Fyryy^e_O2{iT""5EXM^b&1oNRK}^2r6*9C	#n1'~&D",Check sum is #
test,"Bp););&""w`}! 5)nk.TEi'nS3I+	v^ZL",Check sum is 0
test,+T8432`[.8CPH~A=1.oS&FrFOCk83a7BoU`t@,Check sum is G
test,"4
F5+UV""	-,D	,Etp$rE@LGf}j=W}5a$$OQ%_rT}>D",Check sum is (
test,\m]9RV}<ne,Check sum is 3
test,dmyG} a,Check sum is /
test,\zERvx^	TL&U,Check sum is =
test,"(@y
C	OOv47
3	8Hk""$V9_}{B",Check sum is 5
test,"p|2UT_o=G#@G<Hi<i%	nN<,o<U]J	TRG~[]E>	U88Tr8'+F82D",Check sum is /
test,Ln,Check sum is Z
test,"7F|-bwST/Y_NIO<l3SQ,wfp'&A.6(C""}Vrd# g3R]K",Check sum is J
test,7#LHGW^,Check sum is J
test,"GQ1Lw=MQX0>DWPp{
?y#5p[=L+V9orz_~T%=5",Check sum is .
test,u~bO|@$U	;x`|=pV@vvJ2EJoUj7b?m!xaZZg28,Check sum is =
test,"GW?poX=	RT=!V&[f,!.T9~ A=
a9	_",Check sum is +
test,UT^nC0kV?o!gkCF3W;o8`,Check sum is ?
test,"VF}P`8BXG16Os+-?C#'1
tq_h%kDW*H19V;e",Check sum is 3
test,")2@f`zo8m]aDQ*k&yJ
KGCqo+uEm}srEU{&1oK/%'A;",Check sum is 0
test,dQ\lfepYU;}YqCXk',Check sum is 5
test,(41Xj$5ff?F(]kTP-{,Check sum is U
test,"7l &a()neG]$DbHGVB""o)gaa*]um]c56*[sEj\#	'D[A	[",Check sum is 4
test,"%-T>~g!^OxmBNt~q4YJGWhXq""3Qb<$6HK.",Check sum is T
test,"	bA7ZJj^@ICR|o:aQ+S,,",Check sum is :
test,"
MY;yb""c	7iUEbY}5pSttE""KE7",Check sum is 4
test,5SziM5$^l3|d^[g=/>SlDBivu,Check sum is 1
test,DpW+hmFfC,Check sum is Z
test,tLWMMO(-Clq!/nCHO($uk<'~2_9)D\J962GTF:,Check sum is S
test,=i.\ ATeGvKHb2V~}umWMwX rw3zk;Go,Check sum is F
test,`CAtN},Check sum is C
test,o$|h7t~x?,Check sum is 7
test,"VLu'AS""<$]",Check sum is Q
test,"#m%s{L""<v]X=3""8eFF|jgNXch7mdYMG['nu/Wcc,x",Check sum is [
test,"'^p""./K6ekH/L\*Ab.9M9?)Y)FbEsF@/Jh])r%HcVb&",Check sum is U
test,"qzsUD""RTxx	?L:qq",Check sum is ?
test,"A}c$E	
.87XfB
 d,b>whL; aEpup\q-b	8N",Check sum is  
test,"B5dP&Ngb@+[)_{r 8JmT+;G,""j1?mX'T}%zc+FV7",Check sum is 8
test,T7o3X,Check sum is %
test,#	),Check sum is 5
test,"SFVR.+g{*dN:9""F^",Check sum is 1
test,.ZoUt`'OJ0898U,Check sum is .
test,", k`b]OS</\Q6Mh?[Qdd",Check sum is N
test,zM,Check sum is '
test,R4Tp_,Check sum is I
test,WE`gMuOq,Check sum is E
test,[!8,Check sum is T
test,o*-=@PLtaaP%;$G>*[Q	&`-o04g,Check sum is Z
test,n8G@rHTxN.MJ2\p#Yo17 +?G	}' 8&:O]e,Check sum is >
test,".iZGTo*#>""Mw+b-e&|HJ-;<)&={D~5YhQm",Check sum is @
test,TJS`-W_CAOCD(,Check sum is V
test,"ZBA	PI+,86c=O'9=",Check sum is 0
test,"z#r!%ac7Ikt54Pj4WOfHj#I]gEg.IsA1|n!|A&,.H^`~(~j3",Check sum is 4
test,"cjcp\48b|=XtwU	d2
/sWg""q?""6W4'~{'h,'8!3i~M""3",Check sum is P
test,"NQNkTRIE5)6""'+%(J.yG'C",Check sum is #
test,"G`]:gOEG>P""Ks:guQyo8++#Dd6^=Qp%O8 VhW-Q?SI	.Q. 4",Check sum is L
test,"G,9rT4`L-}bw~S;",Check sum is A
test,[*qRlJoZ%'eBz;c0O8qFK_L,Check sum is V
test,"R!N9)zr{N
F,~'",Check sum is Y
test,G?,Check sum is &
test,"rOy5o!+IP4zN=+ XRh$fZ3H ^dD""br#7Or-0
{w1)",Check sum is B
test,RDSyJ6xT |_oPZ?U:T26A.!Ub]DX<*a9,"Check sum is ,"
test,"0IWjuk.sVJ~&"";t5",Check sum is %
test,"#
`rbTGri|""a!-<dKw20/]Gz
k1p
Fs",Check sum is .
test,"\bI?~AAA>oMCYkkYZ%vRF_p[?SHikaiz|s645P&
C4",Check sum is Z
test,:ed_g$Z3RmD.,Check sum is K
test,"Z5V|1=qNj[)2J5{2v	0iY77>oGO0/xxI\o,gF$(PU
\HNr1|]x",Check sum is 9
test,"L86;B%~:F74G&RAiTLC	6
ckE",Check sum is M
test,"am`5ctE3""`Ydsa	Ms]bYHdKpO~y:Ey+J_j%w
TACfV}BugC>C<",Check sum is >
test,"+o7{
K{Uv	Zo6{)}gwL5`*=.Ebt1]A[pBW",Check sum is R
test,W	O')T&dxia,Check sum is ?
test,"}7_,.L)<a%1?5CO8=%du)KfRpB@0BLnl
<+2U2cu ??3O	",Check sum is O
test,[#RT	@v94~Ca1tX`XY#'%KI>c@6${6~xVQf\,Check sum is .
test,"&aX<Li/zc?(n{sBP_VV<Zd8lkMLxc]57u')""Z_",Check sum is B
test,3yZ'd:X32ke>,Check sum is 6
test,q?_U\x,Check sum is X
test,n4)puh,Check sum is 8
test,n8,Check sum is F
test,%4]c>7}L$<9z]9;xgx$O+	Og,Check sum is O
test,".{Nk-mtTxM>X*R4""A
/",Check sum is K
test,A9Ej]	-3;&Hzm>+!,Check sum is )
test,"\ly*>X,GtQ)
Xy=5jx-.HS Pi5U1wZjFU1}ZQA(
z)9o{bh",Check sum is -
test,"[Ht?N-q}
c\ Y&Z;;wXcU]0i)MgZOHe",Check sum is G
test,"x$hQ q\x-uvkH0Ml.OA@,xZB/l6i6G	W'>
Xd^0=^!
","Check sum is """
test,&(9734X8DhS0pfpPY.O$(!a,Check sum is >
test,"5nZOMiZD
y1;B%4TLP`[?\Ok",Check sum is J
test,"9gGj^K'.[o?b,",Check sum is F
test,#'5Sc7BvmkdZv	'X	nSC2zX,Check sum is )
test,\-zG$8GGcO&0Ng,Check sum is Q
test,"nk,^:;}sK07ZNN\/J#(g2<h__<lmKz3UM(l.%;y
U(-)=I",Check sum is X
test,"F:5Ov~<x4~([Rqps_N,W/E[!OB-^La	4esw2",Check sum is N
test,"d ""q.`w{iv=G>TR-e",Check sum is P
test,"MelV[QVM[!ef qTD858nc`8vB""PEt%]",Check sum is F
test,"9l.+UhU_]8UH`]yFD>beVjbW|y{.yq9hD4v?g`I""",Check sum is G
test,"N.b%.nm}OmFGY6,hFNJ",Check sum is 3
test,/SQ^OMxgRe7b*S^% sLkR,Check sum is 8
test,b%)mkKv,Check sum is )
test,"pZ#(}AMn8+j;h
kr1@",Check sum is 6
test,4(a\2<aJWxko J=g-BnVParVz~E]1|+K&,Check sum is X
test,"-K
{\%km4vN?,.A-gz40zBCT0Re
Ri""~5",Check sum is N
test,4v#,Check sum is -
test,",aaqr5ah9/<Lyn?s[ao-rm}G4>/&9K;I
0)(}Qpm+o#h^	",Check sum is D
test,Gox!3oT|	]HbQdP,Check sum is 6
test,"9c,g?dMj-6Cm47qT|-^?4`E3mXH((}^w\rd4q",Check sum is D
test,C\jj&LqVMa#iUr95IZtFf[sq~w8-TX,Check sum is C
test,"f'SH:7h
7e!JW%DclArfe<W""W8AbnwD5RVZYTFOn+4wYa\Ew",Check sum is ^
test,3HjKdki%F33W5-	\#E^C>.yEaaPs,Check sum is /
test,#YaphRhq)}MG_2>\0v=fW4Q70J|N,Check sum is E
test,"g9RmR&
Bm8>!f1IgT+M3}m.5 ~	t[>OawGY6'3",Check sum is %
test,"Femw1 huDgN6+;%MJOO/Sr4wgK}CBVX_@a2uc""F<rCNkG$",Check sum is T
test,"vUIvZ+Yok>p9Pp*975kb[m=&n-AKwA6F:Z{g@a<#U5nYF,x#",Check sum is ?
test,"u]
NU8wGt}CCmJN'12xElV%*3)P",Check sum is U
test,"=e#2|Pvv431]D%=fnJak'W((,k<E|g6",Check sum is S
test,"dGFkVXB GXY&H9@KL7,hF4Fu9q6g*",Check sum is 3
test,"wyJ **.Z""PQ:Hr0?Lh{#*m03ff9(!
IaJ`O|<uT7*:0$H",Check sum is ;
test,;F\Fgk<Z|x}W=yd&=nodzE(mhNINz-.U^27?pnwp?ee(,Check sum is 8
test,(-8?F,Check sum is 2
test,zI~=t^K%rghEtK%;#ZdqF,Check sum is ]
test,b 6cWKZ[`ek67OFv,Check sum is :
test,Vv4o'2.N}ZCl*kNF,Check sum is S
test," 8k|Q9^Hj#y"")>80kdoU8Ggbmn ONPt",Check sum is =
test,"~Ffj4AT.rFyujACI 6R n RSl4!%2,k^rZ52;/]}1A>4m~",Check sum is V
test,"s\=ae<Bt _VDxP=#zX,>#`2I\OV",Check sum is  
test,"43i%1X7'>M
%H@
",Check sum is H
test,l3K=a#$`g_ZcGbB]c+!tF>gULXy,Check sum is Z
test,F~m~{W2[=p;&X4Hd+sWD{Nk^R.}|TP)b#4D,Check sum is B
test,42c[Dw,Check sum is ?
test,"HOf8FeO
buo.i1T.Ng",Check sum is ^
test,"""$ELfiT%EfVrjjx3fF.8""n~7UViwkNU4dA?B8w}b?kNo""| }p{",Check sum is V
test,":.OD[@gy2Z0=[x{r`P5O
"">/0>;e]MbIs8tO>xgPbRJ>.@NN",Check sum is  
test,"Aq+	^=3lQp#BQ/}V`""I\W[1H#!",Check sum is O
test,>HW#Rk,Check sum is ]
test,~Uhv9e:y,"Check sum is """
test,Dr7Fvi}5HTY\4z;Lv*-4#m=Bt,Check sum is .
test,"=cv0k/i	%e''d^]H]RM
Rn+XY+!	&60|>Yl:%vL-@pLj4_WI",Check sum is Z
test, ~/0nO5U*(R\Of,Check sum is Y
test,"5s/
<a]veo^>p_WJvKE($p#9+""V",Check sum is R
test,ouAAuMkDM8YW0B:JgUKkk}|Za/&%O8V,Check sum is J
test,"""p_b# Li#9U}mtr8$Yhn	pn7?<uo{R",Check sum is A
test,YHMfS-#S#Lv./,"Check sum is ,"
test,"iu9yPeg%,F^=3S:T;aa/$=DSoz",Check sum is _
test,"OlMeZ?%vrb$AM5Ff""{z",Check sum is ?
test,"[lI5`7W]^x?V^d""{bPJmJu*!=;tr0Zq$qZ
",Check sum is ?
test,"b<wc={7v5$9wG\^:>k.,b^WB",Check sum is ]
test,:vt^Q>M1^tq#F5pTWrt~~n]O^J;1,Check sum is ;
test,",,Kygd9.b J""/4zz#\""sc",Check sum is *
test,=Jcy8Xb5D)_]-a\,Check sum is =
test,"{GTk*d,?6Vm^	b_~%HHGn5^dd`%MK( Yu{hrB&y9cSS",Check sum is )
test,"K1W7+ y'&Qm^ls:se$EwG""w}Ma3M(?Gr&Kg{DNE",Check sum is =
test,";Mn-0P[S%zo9ls7\]2imn	{SyNL
]wDqj^",Check sum is B
test,`{,Check sum is ;
test,KC4Eyj,Check sum is J
test,:!Q5v{,Check sum is 2
test,Y^8fPeR{ii_0r/Uy=~j?/	KMxr,Check sum is %
test,=Cn\E;|DF?,Check sum is /
test,Let%!Is.rwhOCQ<`bd+.`P~5/lZ2H}ZE8XqOl=Z3ee6K,Check sum is #
test,mAf2C2}38|p$Cbj!o,Check sum is 2
test,{3ov:FyI,Check sum is 5
test,"Ot7era*]:e;A2{e7}1
4O1cCiB@wn`9U",Check sum is M
test,BjV7Y# d}Dc;pIKXr[l;@E<^xRkYYZ#.,Check sum is 9
test,*[$46;?Y`_Q}N~wWb]zRA.o7`&	x7ic^8\,Check sum is I
test,r:7eWm:tV_^WU%z&xC,Check sum is Y
test,2TbtYwf^},Check sum is M
test,"2*|jur8StM\(,I&YQNmWN@$vju;ltO^U*7*g""c",Check sum is K
test,"VY
R8+UV-z!ns7[	:w%/;iQ""td5H^sG0FC
1T@|{	9
#oy$#r$",Check sum is 9
test,Q^K*ae9']2g25yo2{C8&vbja,Check sum is  
test,;+tQ_]$t>I]K1Fq[~O]<G-}`r|6KkNGp?6`,Check sum is <
test,"fz}S
.6
:Q1",Check sum is D
test,"/""`Z8:;",Check sum is X
test,t7r[gX;4M~Th!!zG<fid.,Check sum is -
test,Aq6,Check sum is H
test,"Mtd'ydjN/I47jAVP7Ek-[9
77o<2c6zG ;<]",Check sum is @
test,"mZ{x,g3>Q?8LmHYnT$?&$	5gU?EirbS<S5!ViA{c ?",Check sum is _
test,"E1*0&
\ySy%tULkIY@$\q+L'=q,PRC ^O1n(<lmD",Check sum is C
test,.V@WPK)7<5#39PBl.aCi2]X(JqZ5>;&eWNC2C_g,Check sum is /
test,"<7Lu'dj}A	D~cGAA~UGP}""bL/|\Fq",Check sum is 3
test,R@4,Check sum is &
test,"x@i ""DWx.D{w=O(#\9o5<R38-RKeSCWG(",Check sum is N
test,"r3k83 
Zkqk7R@&ox{lUMT,COf !%B;f5h
",Check sum is -
test,"FFUR`Z,
6r\cBFy""ti:$eL4v@",Check sum is #
test,"UeikB=%}H0F*RI.f~@,m);y>XDa[V6w~B^B?`^1w8N",Check sum is >
test,&5vg/(k@g[KVtsOh3]	>kvd^b-wD`RylVgu`>gU#T&),Check sum is H
test,"tz	xQ,y7pl^?,DyI\IFm)	#N
L	lXZ",Check sum is _
test,"xD!1pVFb:""Y59@$6?^@+C1LH] nJ;s7x",Check sum is ;
test,Gw9T/X>,Check sum is 0
test,n;nwFd?DAT{&rz 8L*`SY$Rw[Vi>V:2vxI\!+Jhi4,Check sum is L
test,"%A;y)\JQV,XK$3Ck7%&1[uB:3k#)E",Check sum is 2
test,)+r?dK'>!Pj95_b6tJspsDeQ!8m]N(6t7r 0u[F,Check sum is Y
test," *h~yZb'paw\C;COtvad]L\VBs[.w%kCs.a+8
:#",Check sum is >
test,~-8nsgFnm<}AV_$U4HjQUR%zU7G<lW4Jb[n9t-l2[(ha,Check sum is P
test,".l@$ 1aWuG]Lpe	""Q4e]`:
`cOOT3|:><W$k",Check sum is 5
test, 4^to,Check sum is 5
test,"TCPTIGTn(""?XJ.6D<csPZ	:0#PNQR:~/@y",Check sum is 3
test,mSorz%8>^Zc7fnQ)p$oVCUJ7X%WB\z[igAT,Check sum is T
test,k0,Check sum is ;
test,MI	,Check sum is ?
test,Z1dhj;R$Hy	bv((2J,Check sum is @
test,"h3Y8
B2A!nsSQp,+",Check sum is 8
test,mm#EqWI7#pV1BvS,Check sum is O
test,IjjA$hmNv:X:5\)=Snv?d1hdJhmS7t>[wba7s':rk}e6k/d5/j,Check sum is Q
test,"?
ud==zL]3fP""WQhs*""z>p4A|w
]o",Check sum is _
test,"70t5_3^~,;Jyz%""bQ>K:",Check sum is ?
test,"ak&<#,""^DGW'XQeHJ*kkC=\W!HO`CycemV5[^	%c8{\#>^v""",Check sum is =
test,H!_hn41n1@,Check sum is B
test,"T@8jZ:/9:LYh?OSsX),*<[sip^nD?BRY7JA",Check sum is %
test,=9gP,Check sum is M
test,N'd s*S<JL|m|sfe,Check sum is >
test,"3z)ws/#9 Am%(&{-}\S(Diq9i,N@6@?BE?dGi:6ko^Ym5",Check sum is T
test,f80VoL\X=fe`lmt]*,Check sum is /
test,?4t;U^<&=g(Q0,Check sum is $
test,km884V|W;neo/W,Check sum is H
test,"s;FP\=""d=/TR-G#j}{mUKnfZnT),M]cVt~C}:m/chM",Check sum is #
test,4kZ`_3t<auYpW%X,Check sum is .
test,p%T>5*l!w7!8,Check sum is :
test,7Saw_gwHC.5VKtx,Check sum is :
test,oZvMpj;#)l,Check sum is 9
test,"BvI$&L}5)#~50Bp""E=#<Ev|NdIz{;IC`g! 0n.nYk_17U",Check sum is ]
test,"%J{z
(=i""=l2vv+",Check sum is 0
test,"agUzk)2$1;m|f{B+xfiSWM_0VgB>Tj>;
",Check sum is O
test,"8ZAZR^Nbk|W~KY/*vrOR_Vwhf#L;,I ",Check sum is (
test,>5-6,Check sum is 6
test,"oH8nFx~4D1Xh)t
*D>Jn""m""NiN'=iepV4fD	`<",Check sum is ^
test,"uNE{fdGYA-jTP%
3@fS",Check sum is $
test,F2?izZlIt1,Check sum is .
test,s0@<;nJ2;V-ZR#5,Check sum is &
test,"%jF|0C6,?HhN]p9ExrgA61^dtN7_AKWS?Eo",Check sum is J
test,"nHE6
n\z",Check sum is _
test,"V`U]mjAk)P$n9Zj0f,%D
'P=\X}5gAe)tyGO
+cj1}<~\KY",Check sum is E
test,"kBjOK	q#vHaAMQbC%r1,L@]BZ*h.wSQ;H-//JqYbp",Check sum is Y
test,b>Tl41G~rxOvlnG75	~\5{k$GJ[nGjD4[Fexo*/@5,Check sum is F
test,a-1p=,Check sum is L
test,".Vt

e:p7>idMK
LTl",Check sum is +
test,"].Yh)Jj5@X>""yi(OS(^t",Check sum is \
test,X5&.U<N6@_Xq<Wgml`UA3iI^KA,Check sum is V
test,C_UVU(9v9Uf$t\<Pls#^,Check sum is -
test,"r6iF'q'AX/G@yroP
"",X<F$Bd4pYGu_9K{#)W",Check sum is %
test,1i@/ks7Rm>vb(ln71jqh}OpJ@M,Check sum is S
test,"X]TP-&$,o!6Xji@2z",Check sum is 9
test,?qpMv	z4k`Y!Rkh%j<d#$f`Kl@`W1GHp,Check sum is >
test,sCbY$Y^?&>4N7!6O>j	js$t{8.No2}CX%Y|blA$w<c>p#|P9,Check sum is U
test,"%onZl9a Q|0=bfk?lt%cC{lH#\N&;Y_<>g*6,Z<M%g)",Check sum is S
test,?kaG\Gn0XlIL4Ezt'R]-D,Check sum is :
test,"v+Om|C5Bq[,2=xKhVU{DAZjrJ!g_UBbdu|jBj
SR8dA46",Check sum is 1
test,"ihI|Y5XeOxH\7$7<:8rI;""Dw9Z`J=ezob",Check sum is )
test,"wjcN@zj4q]]*X\]PCAxAG)""ef}Kw>l0%`qdMXY",Check sum is K
test,"BL<\AJp!j-""BO","Check sum is ,"
test,"""oM2kDI1j%md3wH\Z,eB={4/&J|DTn8a3hGQ'#\$'u?\C2",Check sum is C
test,~gXgn~$'R@d?[BBIxe)(L6EIAES+wMF/:)q3;F,Check sum is [
test,'EL%(:RBTdkbq)@++}7^Zqf0q4-o_,Check sum is ;
test,"B(dx#Bc
q<F8EPm2BNdI ?{@'%+OtA_+HMm8C*qOA!hS9""FR",Check sum is *
test, 3i+dZ}=R,Check sum is Q
test,"*\3i""y#s/<ZHaA<3`Z2:iSul/A _][",Check sum is ;
test,b;_{W&o~>	-lG@oq*wewP4OHXR3D W8I.xc6>dK,Check sum is %
test,"}L0o=8!';}4<vr|q?#SOPS
(j'4<,}]P@6",Check sum is (
test,"+u|Kl ]E~d<V9VqL,b",Check sum is C
test,@]=ui0')KL	Ckt>fbl?{jj#EGT^?X T?^OmB,Check sum is !
test,"oi()R+$xn|9a!LD_\u`}H6+@v^hP=Z`Z!3o""k",Check sum is :
test,}/4D4c3{K,Check sum is T
test,"\k,%j1$D,w:$VsACYYe d&I5",Check sum is H
test,"W
6T",Check sum is K
test,"W
67BhsVwVg:Xe>?Q;+IXi3\.JY7S
j@&,/e`+(=$KjX",Check sum is /
test,	u>5zD4,Check sum is C
test,FJ5!{6>@jwL	OZ~MOCLYgM6<s)# \,Check sum is 7
test,a@0gJx}6[b8PXu.Kh^@5;,Check sum is N
test,d3::aiCT,Check sum is L
test,"j!-2dN4zl"";%+;<Z ",Check sum is 4
test,"N0E<-4/.E8Z?|eXSVOb$[CpI?f(_1PZymd]6\,CF_C<?n#GR^",Check sum is [
test,\+]=UTY&%+Vx4NNQk|>D5))XKNl,Check sum is 5
test,2s=yz1us,Check sum is N
test,"uu>,gql`T0ud-{Q4s&Okijf_V,L6 P/K]/N
PVT5MuhPB",Check sum is J
test,K`|acU>F8ncVJ{@4y!JqAMsE~G{e^0	-2&sa^LQewMv6,Check sum is <
test,jDh/ f;%a-Y`ys7}5L<q3s>3	.^%*!awoiz1 R-',Check sum is ]
test,xeN,Check sum is K
test,"C""49Ts*<WO^;uxa3zN pSox|ZF",Check sum is M
test,;2I.4+ !ZN04oA,Check sum is  
test,;~=H&1J|` iJOrl_H)~RT#^-,Check sum is =
test,dp&vy={X4QE:^OKK13$sH@_*FZn,Check sum is :
test,"CRA+0\72u#^`}h-[YBN|^-M,':'Q-uw",Check sum is 4
test,"_,<P`N.4%6JM&``N|",Check sum is )
test,"""QEpl_Z",Check sum is -
test,"^9
*$n>IY_ERvUbgS%@W~r!0h(2sC=:Uib;",Check sum is A
test,Y=6hk}AaVsnO,Check sum is $
test,#/*k{^(U;vhRJZo$;(u6,Check sum is M
test,q4_x&e-d9\?)6C2Mf.BBu)`Sj:&F{:3J_oWzxGupA\,Check sum is 8
test,"CH"",VPohoYEzR+-z4ENlp37tu4%;#",Check sum is N
test,P3qo\D|eC$(DWD4( kzl4_2sQC&lH&?u\s]Jy{-[}1^'k ,Check sum is /
test,82(r;[aX.4Exjr;%'J aM,Check sum is M
test,Tg9wpVH;7CI!?Wpy[cgbI`zU:vCgoO81EFy$44d*jd,Check sum is #
test,"1ELP\@.EE
W!}M?@~4rj5;+v@3MYo@0_7n%
x-u>	WnK",Check sum is L
test,"CH)3#%?	H""Z{Os78pY[fha",Check sum is Z
test,"@NL{@5z(~lbjgP\7gWC	$<'\K\Ij=E;m)Q{~
pe,v",Check sum is 1
test,VnC9,Check sum is  
test,"_xVc6>,(@x~ ].kl6tNxjJO-`q;Kje""{NW4\-E4HiG^~Ao,w	1",Check sum is O
test,"H>=	QtND.:))_sJeG~:9< {H;cTOE^)CDYy-	nn	""HQ9",Check sum is J
test,q0d(Bvf+-Ed\Yo4#:Sd<J,Check sum is ^
test,"^_JJXs?q8/T7?Py)
kyeM0>DVznU\j64""4HnEI-U",Check sum is @
test,"ai	
-,3ZP-fO/g B!",Check sum is .
test,"\=qF`e	wB;""V*'f&hJ	]~faq*!a#VGnmLr=
KP\x3^3L&1lA",Check sum is $
test,9 _UHSF<@Ytqc=]}>vlPls/p~<~0}=8@~a|D]@T`wOv,Check sum is 6
test,"hvy
sO}R{Q,9F;.!026yph.FM51BP|_l70!hYm	V%1QR<",Check sum is F
test,;6`2)b#dfJ=~YkJv-P@+DCga8hRK>^@7NbbxnyT:08,Check sum is R
test,"PC i!c,gq?1,)	0:0D	7*?",Check sum is Y
test,M.wr8 `bD$^RH*&9z62EM	oe~8	i|W!v@p,Check sum is Z
test,KYmQ9=,Check sum is 8
test,"uZ<xC,M@Go.yZQ$M.FwT ""T-Y>b{jEi.4\;W^*~}yQs",Check sum is 6
test,=&Gs_>8Mg;6P&D>,Check sum is /
test,"7`V&
^%1TWh4<6mRiI'po",Check sum is !
test,f}^g,Check sum is H
test,"yunqDO &*xTp}'25$9-Aqg
%
\@<m	[s*1!E",Check sum is 0
test,">3k8"";V:	Z'c`Zu}wX1Z{.*\ S[3VZ~8.O
^;CA",Check sum is N
test,"(pCqe\zfx<l<*bdaV=$_(uXAp,?/""w}aPtdQH*Z=#72HWK#19k",Check sum is 7
test,"[`A$(,J:: )B*KnS8Y1)?!`PA=lx:Q#o'ub",Check sum is K
test,"`
5vg3wRL~%
XI5xwNgz@0Uk%FvJL-cH6xDNIh",Check sum is 5
test,"Ef`h!e]d
kN}Vq0+4Pkd?;V.dsM\Ut0a@",Check sum is '
test,"Jfa9FCX"".;O28z""*",Check sum is U
test,"sqCY4E5>1""D#%*;-lPQ>tyAxs""T{<k*x^J1kg",Check sum is F
test,w>hgP,Check sum is 4
test,"~KN6n!ex4>NFIpH?e`o]}_(D7:QR0,['p?s+",Check sum is 7
test,;]U$*:5O}4L3>B:8\c7`vf,Check sum is -
test,+_i*?7kb0zFHdbIwwlDm/C}T1X&\,Check sum is  
test,"|o[h_j!<sY\Xzu:A!Hzf
*ci",Check sum is '
test,"q7Vvvp!vF>
~Wv~_/yeot5E]s6[}O} ",Check sum is ;
test,8x^o]D,Check sum is >
test,[H 1`Dd,Check sum is \
test,"Zgg4}""0rBtzrb",Check sum is A
test,-!<%!-!7rQ;;-LpiIA+R7x%,Check sum is [
test,"f_P|$ABcvK""uZ(qy3-YX6=wMa(",Check sum is P
test,Ni`R.uh^WQ+iI>@Fdm+JH=0o9:0Y.c_-n7Ctu,Check sum is O
test,"ra9y~dJjaJN\qN^'^-R)SgZrSE,",Check sum is $
test,j>])n&2'P&-)him:^3YkljzPePr|	vos7fb!m(EClbMks8,Check sum is &
test,"HD~n]d],I\	vU",Check sum is [
test,"&Y12""ePv$gv33,;-(=MXr8;]/&b9ha&>3ksN~n~{uSr69",Check sum is  
test,"h*D/ub#BeN~
;fnvXQciY16QF(K7acOu >`%{",Check sum is =
test,"
gxTl1TJ,""\qG r^TDX0+ps>zPH&U%(>@w;Ul!`g3'nt",Check sum is E
test,OkW'y!V-YoD27F0-UZ}UNAZMDQp,Check sum is I
test,^nG@qj)n$Tuv1?ME8,Check sum is B
test,s3%W,Check sum is B
test,".P[ymQEat' |I2=l>[8
93]JSe0E.;1PET)
)T",Check sum is ?
test,"ZESx.7&vMkiJ""~	2$f sD",Check sum is 2
test,B?,Check sum is !
test,"n8]qNxKosDbjy6OQx`2JcY(<<}B\>w,lKj*;P--!$(;v h`Xv",Check sum is V
test,"F""}<""FRyJvYcRFo(
g|_X[z|""(~P%a(,3/C_|Jj0^8}Ofz","Check sum is ,"
test,"hZVvOK]Q4
moaJ23QJFVok`^;N c$K4Vkm,g@""uw?|zif",Check sum is 1
test,"4XeP'H9=-	0""nOE}=`:at""x)U_Z9lgSO8r\=q","Check sum is ,"
test,".,>};Cu|=x8 ",Check sum is 1
test,bT8BzGkO.MQqL,Check sum is T
test,Dd3<+3pD0/`N<T,Check sum is &
test,&~zsP~1F|r+J49'w,Check sum is $
test,2mdmDiz,Check sum is 7
test,"\aA
')6#qSZe[xX%| f+9y\G>~9vIk	3j-4PW6sm@]%S<p",Check sum is J
test,  A#S<tqbIZb3%3ME|?01*IP;5EH3,Check sum is K
test,"dkN-UXw[p(""K1L'3h1Y	zJ|WL",Check sum is #
test,"kh.c,OxJa\ile&+)^TxraejbaNpDtM",Check sum is D
test,"d-,Ej6:<a0- qOOQ_YD-&E&{$34Ejq:H1sL:@amz{E/U",Check sum is N
test,"V(Ug;""+n I!\
,""Pj$X<'M+&BVl",Check sum is I
test,/K'g,Check sum is (
test,"y$DWRGpkdQ[|-"">>0'R-wN\of",Check sum is /
test,TQdMzha.~<t3`_i1p0|am_DFyV27\94p ).^l[m3qe,Check sum is 7
test,"Z:.ASw
3Md_P%^'[	KULFKRh{Zy>]o}nUS/.zCW?Z%3qQfv<7^",Check sum is K
test,"Z ^<!J_s
mcqn`bta:e9""3r",Check sum is  
test,_wSZK'R<@svDI\=WQ>sY-F~k?,Check sum is ?
test,"Nb:E~dR}ir[E_\[q{c+`""G%Az&$n+/%P}?:E!iRYvx08]ZAYh",Check sum is :
test,g7f{K6E,Check sum is %
test,"p;Npd_LFGp!9""sQ\X2{W-jEL%%lLH>NXbr	C+AhjaK	f/r~g@j",Check sum is L
test,z|4L,Check sum is V
test,"f W02y*%hs!8'h.H3?),@P",Check sum is 7
test,"""Y%v&TVWIE/5j%R)",Check sum is Y
test,c.-Dx_ecsgjTKTnB;t4c15Dg|vYQ_Y;&kaJ%BSSH=,Check sum is \
test,"QxdG|.&BG=0@_DZ$24=$""EruI,s1+S-;MmRl~(",Check sum is -
test,;CbMOads,Check sum is T
test,ut,Check sum is I
test,;c)_9bYy)Tn.Cl=HH!S=L +#qr[7V^u\xLy&?#,Check sum is 2
test,~XSm]w:~	bk8.thKmk#0J[_`;|9co`WolWCYV,Check sum is Q
test,"HW&%U3(iUMTsuKr)S)aC{yf43#d!5@D\
-(xM.T`=f)9Z7",Check sum is !
test,DUDU'7:3PzD/7\j#*&7`z)/OfykZ\g.*R;nk1o2cy,Check sum is U
test,"cQBQ<gcK2xcBUJ6NP2$3] G
|}|PJ&+kq] ",Check sum is J
test,0%tRFp.&f>z-nLbV'E3?1>D|Z921hLrQDZO=pS;CFi)F(/dH,Check sum is H
test,"m""V9; r^s!MlujT}#{\",Check sum is  
test,b	F%mKI,Check sum is 7
test,X&	e=,Check sum is I
test,"amQmrMV!Xa&dOZNbJLurq|`h+Q.+,*}Q""
gni	_""1 ",Check sum is .
test,"Zi""T>v",Check sum is M
test,"?e|/b58	=4H`X4B01gcQ(=]\1b|n4;GwXn""0!>U{u
",Check sum is 8
test,"LP(DHS_4dDe%[5,<p#8my@uJb>IgIjE}*ueAY5_0Z31`t7G",Check sum is '
test,aSI,Check sum is ]
test,S18>R&`>h-cAi5]+)t^f	W4AX(_E1 %gH`)pcGQ,Check sum is B
test,v=]Im$nHD{Jnd|WL}/Tu'Kf6,Check sum is =
test,s9?`=*!VSn:2(V%Tp,Check sum is ]
test,"K<Y~sP""X;,HJ4?jO?E""Wx""@3>q<}]!5EO{s",Check sum is G
test,")930jydM\Ns*,}%dkB`
M2U@W[]2x}H",Check sum is [
test,V2Q6Oy3=s$2]Bz,Check sum is I
test,ei0I.e_kNTG>4kuO`O@4@e571O<Ao)seH.7vHwV;4 T[EO,Check sum is 9
test,"qxy>D2	]Z0cl<dWJtOcEOM^m#*g?R
HyS['w,A:ea{",Check sum is L
test,"Kwhd~~
d&UF~LuuH5&=h06--l;",Check sum is <
test,HxI,Check sum is )
test,"hw744O'/O[P	[6=l!#
J!8%EKV}\,O""5Ogmi$2m05
	sRX5R/e",Check sum is &
test,!YOK	;bBBX%E	8%i|*UZp8wK-g0}68'Rbu|4C`<\kQ6,Check sum is J
test,v]q`1AMX9\FOn@cq `-/\a'9.kZ ;*{;#D~?W__.M8$<=-_I,Check sum is L
