set,input1,output1
train,,Check sum is  
train,	,Check sum is )
train,"
",Check sum is *
train,"B
","Check sum is ,"
train,"

",Check sum is 4
train,"

















































",Check sum is T
train,                                                  ,Check sum is  
train,ssssssssssssssssssssssssssssssssssssssssssssssssss,Check sum is V
train,"CD
CD
CD
CD
CD
CD
CD
CD
CD
CD
CD
CD
CD
CD
CD
CD
CD",Check sum is 7
train,"x
y x
y x
y x
y x
y x
y x
y x
y x
y x
y x
y x
y x
",Check sum is &
train," 
 
 
 
 
 
 
 
 
 
 
 
 
 
 
 
 
 
 
 
 
 
 
 
 
",Check sum is :
train, ,Check sum is @
train,!,Check sum is A
train,"""",Check sum is B
train,#,Check sum is C
train,$,Check sum is D
train,%,Check sum is E
train,&,Check sum is F
train,',Check sum is G
train,(,Check sum is H
train,),Check sum is I
train,*,Check sum is J
train,+,Check sum is K
train,",",Check sum is L
train,-,Check sum is M
train,.,Check sum is N
train,/,Check sum is O
train,0,Check sum is P
train,1,Check sum is Q
train,2,Check sum is R
train,3,Check sum is S
train,4,Check sum is T
train,5,Check sum is U
train,6,Check sum is V
train,7,Check sum is W
train,8,Check sum is X
train,9,Check sum is Y
train,:,Check sum is Z
train,;,Check sum is [
train,<,Check sum is \
train,=,Check sum is ]
train,>,Check sum is ^
train,?,Check sum is _
train,@,Check sum is  
train,A,Check sum is !
train,B,"Check sum is """
train,C,Check sum is #
train,D,Check sum is $
train,E,Check sum is %
train,F,Check sum is &
train,G,Check sum is '
train,H,Check sum is (
train,I,Check sum is )
train,J,Check sum is *
train,K,Check sum is +
train,L,"Check sum is ,"
train,M,Check sum is -
train,N,Check sum is .
train,O,Check sum is /
train,P,Check sum is 0
train,Q,Check sum is 1
train,R,Check sum is 2
train,S,Check sum is 3
train,T,Check sum is 4
train,U,Check sum is 5
train,V,Check sum is 6
train,W,Check sum is 7
train,X,Check sum is 8
train,Y,Check sum is 9
train,Z,Check sum is :
train,[,Check sum is ;
train,\,Check sum is <
train,],Check sum is =
train,^,Check sum is >
train,_,Check sum is ?
train,`,Check sum is @
train,a,Check sum is A
train,b,Check sum is B
train,c,Check sum is C
train,d,Check sum is D
train,e,Check sum is E
train,f,Check sum is F
train,g,Check sum is G
train,h,Check sum is H
train,i,Check sum is I
train,j,Check sum is J
train,k,Check sum is K
train,l,Check sum is L
train,m,Check sum is M
train,n,Check sum is N
train,o,Check sum is O
train,p,Check sum is P
train,q,Check sum is Q
train,r,Check sum is R
train,s,Check sum is S
train,t,Check sum is T
train,u,Check sum is U
train,v,Check sum is V
train,w,Check sum is W
train,x,Check sum is X
train,y,Check sum is Y
train,z,Check sum is Z
train,{,Check sum is [
train,|,Check sum is \
train,},Check sum is ]
train,~,Check sum is ^
train,2|,Check sum is N
train,<u,Check sum is Q
train,&L,Check sum is R
train,CS,Check sum is 6
train,g3,Check sum is :
train,R&,Check sum is X
train,_A,Check sum is @
train,0s,Check sum is C
train,&),Check sum is /
train,G_,Check sum is F
train,09,Check sum is I
train,K),Check sum is T
train,h	,Check sum is Q
train,)>,Check sum is G
train,dQ,Check sum is U
train,st,Check sum is G
train,=a,Check sum is >
train,@D,Check sum is $
train,"v""",Check sum is 8
train,av,Check sum is 7
train,l^,Check sum is *
train,9A,Check sum is Z
train,`P,Check sum is P
train,st,Check sum is G
train,Y},Check sum is 6
train,EM,Check sum is 2
train,"T""",Check sum is V
train,[I,Check sum is D
train,7P,Check sum is '
train,xS,Check sum is +
train,B5,Check sum is W
train,BA,Check sum is #
train,U@,Check sum is 5
train,ZE,Check sum is ?
train,n;,Check sum is I
train,>8,Check sum is V
train,c_,"Check sum is """
train,Nf,Check sum is T
train,42,Check sum is F
train,d.,Check sum is 2
train,t),Check sum is =
train,6k,Check sum is A
train,}8,Check sum is U
train,?:,Check sum is Y
train,$&,Check sum is *
train,n0,Check sum is >
train,ed,Check sum is )
train,)	,Check sum is R
train,9f,Check sum is ?
train,.&,Check sum is 4
train,B9,Check sum is [
train,Q.,Check sum is _
train,]&,Check sum is #
train,AF,Check sum is '
train,h@,Check sum is H
train,rnv,Check sum is 6
train,s.^,Check sum is _
train,6!E,Check sum is <
train,cuG,Check sum is ?
train,;xK,Check sum is ^
train,OC$,Check sum is V
train,@~1,Check sum is O
train,G!@,Check sum is H
train,|[&,Check sum is ]
train,i{],Check sum is !
train,5fd,Check sum is _
train,96E,Check sum is T
train,]|Y,Check sum is R
train,"M""d",Check sum is 3
train,	5],Check sum is ;
train,8l6,Check sum is :
train,O[4,Check sum is >
train,_R0,Check sum is A
train,vp|,Check sum is B
train,|Cy,Check sum is X
train,y=I,Check sum is _
train,R6m,Check sum is U
train,MD\,Check sum is M
train,"F,[",Check sum is -
train,CL ,Check sum is O
train,6GV,Check sum is 3
train,-YL,Check sum is 2
train,bwJ,Check sum is C
train,"
fe",Check sum is 5
train,K{_,Check sum is E
train,w`0,Check sum is '
train,c8Y,Check sum is T
train,Vr~,Check sum is &
train,w+r,Check sum is 4
train,ptp,Check sum is 4
train,aEJ,Check sum is P
train,+`6,Check sum is !
train,/2q,Check sum is 2
train,bqG,Check sum is :
train,"
L6","Check sum is ,"
train,k0x,Check sum is 3
train,"AH,",Check sum is U
train,XQw,Check sum is @
train,>d*,"Check sum is ,"
train,cPk,Check sum is >
train,	m<,Check sum is R
train,&9a,Check sum is  
train,"""o(",Check sum is Y
train,}`r,Check sum is /
train,PeP,Check sum is %
train,"-*n'\c*(foM'""&K8/rv;-GQ	isH/RA-jLh>kMjoKw7E",Check sum is O
train,"3:'+rV"":kpQgwD.}D1hKQ\$*YB
^zt6YG|E+LW!tlE3VH~",Check sum is J
train,"M4$&&p7|0|0^ecI:6]i""zbn!Y#J0:0xms_zWZ]",Check sum is !
train,",Oj",Check sum is E
train,"[lVj7pG`-xNQ.~0!3oCvM@lo6QPw,*,;Dy4El=AgP",Check sum is [
train,"\.6IYq4~(Hu
VY3-T>U{2nhg=>P:f#]SI_\:`)GneW6",Check sum is  
train,~/,Check sum is M
train,&X}D,Check sum is _
train,"b^]Sg)?f*j.'HuF_Q
/5gt	uS<}rL7_""o",Check sum is Y
train,9OdT R*MGn44m':7I=N5Lr_33U:\Lu#PL$KQu7:pBkyzK<NB,Check sum is /
train,"qEV9Xj9:Dt<}ew~""TMN%HUs"".j
W9ve(7Va>8""V|m",Check sum is G
train,Xkc#w|B	nGF(,Check sum is J
train,"YG%iJ0Vm<ST
 qz-b",Check sum is R
train,"m	!DE+=""Cw[Aw0*|1IJ'V` ZSnNbFYnH80",Check sum is 6
train,qH79Z2)PVc)+n`5OaB0r*,Check sum is \
train,"!3K[I)qNju@;ow$Wm	Mtb)u	n'""-	",Check sum is 3
train,"UQ-`emi2
uUASbAlN-V~$1))qLrL$m%",Check sum is ^
train,"2z+:]\,vg^Km.`ZY14uP7B#$$F0BA9=c=dZa@4;sEO",Check sum is <
train,\g#T4e#TGl-PG3qgxi,Check sum is M
train,"uw<p1,y; N9soeZ",Check sum is Q
train,"W8NExt!NZV8O*>x}=<vZT2""=4AG+-}
",Check sum is :
train,;fkZ%^(n_8a6,Check sum is M
train,"l24uc;~+""2=DBorA*sJs?}]7n4T}ho15'E
U8&J*O",Check sum is -
train,"D>'gN!~&a+""`MM{_>U}wv=] 4yo]",Check sum is 5
train,"_t[%!f""kI]sZvX9ds/;H""H",Check sum is 4
train,Cm1Dc1;HpZ}k,Check sum is N
train,":=.mC<p7~y]$e-DbunLxn
j1&,2QU+`Pz",Check sum is A
train,"eyi{1:<6r""ZLW0C~a9v hiPv5R",Check sum is O
train,"(W]O0	xZ0>Tm7Y4_:#Z,[0<F]",Check sum is 5
train,"<,\$CMH%h=h/ _y}fy*>k-D3K'hq4GQ<J[{;?c~Z@85x",Check sum is Y
train,"|\+=QSyP:~
{!;LD",Check sum is 6
train,ZP67{A%1j)`RiH/B=6~R?T#sB}F-kw,Check sum is 0
train,qI'sQMGT4g{	\|Bj.lX.C;L(Ae,Check sum is H
train,u\.-4.KyO#7%PH_<M,Check sum is @
train,"ywvdn/Iy5C/z98o3t 6 E1>i
Y""t=O",Check sum is I
train,xX`m	[PVn3=Ie,Check sum is S
train,Ct&e'>Vz;>y,Check sum is I
train,"""pe&D\HajmJh[]*C+=Gly{>ceylh
XXt0",Check sum is 4
train,kH:8254r+?WCzzy-4FO;^F3&`ZwGSyNX?{u+^JHI,Check sum is .
train,7pdlB5-Fj5%hL\eR#xQP(a7K3ilOe2vThR<wQQ:}AEL|,Check sum is _
train,;%DqOki,Check sum is X
train,Q9CB4eMa2i+([w)_G,Check sum is E
train,jV75`+/;JK%$us}@`l,Check sum is P
train,"""[kiPffq40OIb>'J`9GWyw*QqlE
lDoq1",Check sum is Z
train,"p	C@! on	BQa  O=}Q1b]\+Kdii W?w?SN4UpY^4g}R,4{",Check sum is K
train,~9u^<Ywv0Eujol$V<fv-FwQ]c1W#xP2)]rk))-/_..*,Check sum is C
train,gjl?UY&kzK-AaQfvD~ZBB/9@d4dxU,Check sum is -
train,"D_`KuKp,(^i[E}Q5<i,|':ZLWh=>dTL*Vw;g 2/A9:3JzO",Check sum is B
train,"c&/I
U2=Ci~",Check sum is Y
train,"3)	@,#73EiVb-",Check sum is Q
train,@#;xIuFJ]q1/gE/R-!!@627B>tw,Check sum is X
train,"62}Vwe9^tQ!2pEQ%emnE)DSir,:~Xy--:",Check sum is :
train,"22|<U
nbkOL	V\x8""n%Yk""ci}VHv}nA#BCP2
r0[MS",Check sum is Q
train,8V?B@yu7vdw6'zal%qR=tBJO1ccD@~j?<i?$~[%#},Check sum is E
train,"-I^Q7	{wtgvw(!EdZHvOq7>nLN: 'dc4|i
YO9E+",Check sum is B
train,V}^uJE]@{ x`,Check sum is %
train,D]Z$7]6ZL=_DI_`4s1Vd E_	![H\u;;?BF<L	^xO,Check sum is >
train,*3#XnTTwc.hCHey)$Xx(`T#YgW'&nKiRr{w,Check sum is ?
train,"$ebEcrXJBtbQ\E{+*qf>,""=?l0P-",Check sum is Y
train,"sJDh#oO|Z=7:D08?s^^OC,jR}W|S5;H\Gk(6N-Z*",Check sum is H
train,$@F}}YU@4:VIWR	``|//6\djzzD%.z@H\KK'	\-qSrc,Check sum is <
train,e!KJ6R[A]%`,Check sum is A
train,jFDAn5}}^c4c@{lyU50Wo#	h00	+m5m>0>a$|GfO@1lS~~,Check sum is 6
train,"n	SE""\K<d&*'G-;zO\sbY,;)	D5UkWv @n9'xw2!(",Check sum is H
train,"`n3(
d8
Ko^u<z]X<",Check sum is -
train,pr{.s|5:S,Check sum is \
train,"gPM`""0cZc;cb@A'C[.(%4vA&BTpV",Check sum is $
train,"v51:?n3z){cI;>/1.7b+jrs$
+oHz",Check sum is D
train,"ic(q-gu""])o""s$-R7",Check sum is T
train,"z3bcwcFaFI$21G90fo*g'e
_KuKklTx?rb&A/^BBR22nmk<C",Check sum is (
train,o4iziLe%`}8K{E5.$tTip(4a*$5,Check sum is -
train,=hG,Check sum is L
train,d]Uujl5x;(3,Check sum is D
train,d!DaY,Check sum is #
train,|t?-rtlClbo#u?*dwRG_8bq,Check sum is -
train,6:$gmLM;wlwXq<ri,Check sum is V
train,PhS,Check sum is +
train,$8:KV#X&qR_G4{XV!'uz^$oy,Check sum is _
train,"VMP&,gBn8v7X\~-M[j45ICp1 <(ZJP1yLG28&=Dba	OF3cop",Check sum is D
train,";t++tX3_rv>bC]lAb 9hp+9lQ5OtYf%)bRWVIz/""6va",Check sum is S
train,d^3&,Check sum is ;
train,"v""jO'wF2maUL#6]OdUTHz<]3k-xNO\M7O^Mk
'>XL?x0Tz!d",Check sum is U
train,".pK-P2,d.""itPCY:hA",Check sum is D
train,"8/N6AhgT[ruB;JZ-$<jT6"")'$rEG?NnML$",Check sum is _
train,k1?3MW,Check sum is R
train,"r""_cp<'qbE07",Check sum is H
train,"yB.{evQaBhf$pFAma;""Ps,x/tYgZ
`Wb[?nyI	",Check sum is A
train,"]{40-8cMYPq,ms7hJOw4_.TizE3T",Check sum is J
train,"wqmo*!a#4!
y87H$",Check sum is &
test,<L,Check sum is (
test,au,Check sum is 6
test,e8,Check sum is =
test,rJ,Check sum is \
test,V3,Check sum is )
test,*k,Check sum is 5
test,]e,"Check sum is """
test,H{,Check sum is #
test,ut,Check sum is I
test,re,Check sum is 7
test,hp,Check sum is 8
test,(`,Check sum is (
test,K.,Check sum is Y
test,6C,Check sum is Y
test,"=
",Check sum is '
test,YU,Check sum is N
test,Y-,Check sum is &
test,'),Check sum is 0
test,np,Check sum is >
test,zE,Check sum is _
test,_h,Check sum is '
test,&6,Check sum is <
test,5],Check sum is 2
test,"""e",Check sum is '
test,gD,Check sum is K
test,	J,Check sum is 3
test,0t,Check sum is D
test,4[,Check sum is /
test,N@,Check sum is .
test,71,Check sum is H
test,$f,Check sum is *
test,`m,Check sum is -
test,cL,Check sum is O
test,~\,Check sum is :
test,{F,Check sum is !
test,g!,Check sum is (
test,",l",Check sum is 8
test,WO,Check sum is F
test,#+,Check sum is .
test,M],Check sum is J
test,^C,Check sum is A
test,7F,Check sum is ]
test,_?,Check sum is >
test,YM,Check sum is F
test,'~,Check sum is E
test,uD,Check sum is Y
test,tU,Check sum is )
test,f{,Check sum is A
test,Lt,Check sum is  
test,S_,Check sum is R
test,X@,Check sum is 8
test,%s,Check sum is 8
test,8c,Check sum is ;
test,`B,Check sum is B
test,4W,Check sum is +
test,?G,Check sum is &
test,yz,Check sum is S
test,ex,Check sum is =
test,lF,Check sum is R
test,SX,Check sum is K
test,P\,Check sum is L
test,2T,Check sum is &
test,p	,Check sum is Y
test,u#,Check sum is 8
test,PP,Check sum is @
test,2e,Check sum is 7
test,Cr,Check sum is U
test,]v,Check sum is 3
test,T1,Check sum is %
test,28,Check sum is J
test,`.,Check sum is .
test,Xi,Check sum is !
test,V&,Check sum is \
test,rk,Check sum is =
test,b ,"Check sum is """
test,@	,Check sum is )
test,f	,Check sum is O
test,S!,Check sum is T
test,wW,Check sum is .
test,~E,Check sum is #
test, +,Check sum is +
test,L-,Check sum is Y
test,Bf,Check sum is H
test,A.,Check sum is O
test,mf,Check sum is 3
test,Lc,Check sum is O
test,Y',Check sum is  
test,"G
",Check sum is 1
test,-g,Check sum is 4
test,sK,Check sum is ^
test,57,Check sum is L
test,sm,Check sum is @
test,Sg,Check sum is Z
test,=!,Check sum is >
test,on,Check sum is =
test,"""U",Check sum is W
test,##,Check sum is &
test,0g,Check sum is 7
test,uu,Check sum is J
test,G!,Check sum is H
test,4A,Check sum is U
test,zI,Check sum is #
test,7x,Check sum is O
test,z@,Check sum is Z
test,&Y,Check sum is _
test,8f,Check sum is >
test,6F,Check sum is \
test,^[,Check sum is Y
test,o6,Check sum is E
test,lB,Check sum is N
test,#m,Check sum is 0
test,ik,Check sum is 4
test,Ft,Check sum is Z
test,5$,Check sum is 9
test,m ,Check sum is -
test,%b,Check sum is '
test,zU,Check sum is /
test,>z,Check sum is X
test,it,Check sum is =
test,\',Check sum is #
test,Xs,Check sum is +
test,"""m",Check sum is /
test,|Z,Check sum is 6
test,	v,Check sum is _
test,p4,Check sum is D
test,Y;,Check sum is 4
test,R1,Check sum is #
test,<u,Check sum is Q
test,rv,Check sum is H
test,Wl,Check sum is #
test,3:,Check sum is M
test,&k,Check sum is 1
test,VJ,Check sum is @
test,:@,Check sum is Z
test,6@,Check sum is V
test,u3,Check sum is H
test,"S,",Check sum is _
test,8-,Check sum is E
test,`|,Check sum is <
test,_9,Check sum is 8
test,sB,Check sum is U
test,NP,Check sum is >
test,~ ,Check sum is >
test,yL,Check sum is %
test,|g,Check sum is C
test,@M,Check sum is -
test,B.,Check sum is P
test,7@,Check sum is W
test,1},Check sum is N
test,lx,Check sum is D
test,jt,Check sum is >
test,8c,Check sum is ;
test,e-,Check sum is 2
test,vi,Check sum is ?
test,W2,Check sum is )
test,ah,Check sum is )
test,9*,Check sum is C
test,PQ,Check sum is A
test,UI,Check sum is >
test,W+,"Check sum is """
test,M*,Check sum is W
test,kw,Check sum is B
test,cJ,Check sum is M
test,"E""",Check sum is G
test,~u,Check sum is S
test,>r,Check sum is P
test,r*,Check sum is <
test,;F,Check sum is !
test,TH,Check sum is <
test,/O,Check sum is ^
test,nb,Check sum is 0
test,GC,Check sum is *
test,DF,Check sum is *
test,z`,Check sum is :
test,$3,Check sum is 7
test,",\",Check sum is (
test,"""F",Check sum is H
test,t:,Check sum is N
test,:3,Check sum is M
test,*@,Check sum is J
test,]	,Check sum is F
test,v&,Check sum is <
test,Bb,Check sum is D
test,X^,Check sum is V
test,K2,Check sum is ]
test,|y,Check sum is U
test,{2,Check sum is M
test,n5,Check sum is C
test,w?,Check sum is V
test,c_,"Check sum is """
test,wa,Check sum is 8
test,oX,Check sum is '
test,p4,Check sum is D
test,"6""",Check sum is 8
test,Nd,Check sum is R
test,^C,Check sum is A
test,Ua,Check sum is V
test,Sh,Check sum is [
test,UL,Check sum is A
test,Q	,Check sum is :
test,Zk,Check sum is %
test,_N,Check sum is M
test,6j,Check sum is @
test,]c,Check sum is  
test,V},Check sum is 3
test,DS,Check sum is 7
test,~;,Check sum is Y
test,aX,Check sum is Y
test,[d,Check sum is _
test,$a,Check sum is %
test,*~,Check sum is H
test,+ ,Check sum is +
test,:d,Check sum is >
test,K7,"Check sum is """
test,&k,Check sum is 1
test,-f,Check sum is 3
test,6F,Check sum is \
test,4H,Check sum is \
test,mx,Check sum is E
test,&q,Check sum is 7
test,"
7",Check sum is !
test,~{,Check sum is Y
test,7v,Check sum is M
test,Mn,Check sum is [
test,>H,Check sum is &
test,gg,Check sum is .
test,YI,Check sum is B
test,|1,Check sum is M
test,Ir,Check sum is [
test,q_,Check sum is 0
test,&F,Check sum is L
test,I.,Check sum is W
test,DJ,Check sum is .
test,?\,Check sum is ;
test,%N,Check sum is S
test,8C,Check sum is [
test,r9,Check sum is K
test,\e,Check sum is !
test,H7,Check sum is _
test,ib,Check sum is +
test,"U""",Check sum is W
test,7a,Check sum is 8
test,*-,Check sum is 7
test,"
`",Check sum is J
test,CM,Check sum is 0
test,ct,Check sum is 7
test,\	,Check sum is E
test,l*,Check sum is 6
test,^],Check sum is [
test,8$,Check sum is <
test,:f,Check sum is @
test,"9
",Check sum is #
test,n\,Check sum is *
test,e9,Check sum is >
test,`_,Check sum is _
test,WE,Check sum is <
test,j[,Check sum is %
test,HW,Check sum is ?
test,GE,"Check sum is ,"
test,fY,Check sum is _
test,pB,Check sum is R
test,gg,Check sum is .
test,Rl,Check sum is ^
test,F$,Check sum is J
test,'o,Check sum is 6
test,Zu,Check sum is /
test,Vz,Check sum is 0
test,)	,Check sum is R
test,o9,Check sum is H
test,Be,Check sum is G
test,PI,Check sum is 9
test,fj,Check sum is 0
test,i`,Check sum is )
test,9#,Check sum is <
test,p3,Check sum is C
test,Bl,Check sum is N
test,(M,Check sum is U
test,sd,Check sum is 7
test,KE,Check sum is 0
test,|2,Check sum is N
test,Ji,Check sum is S
test,\f,"Check sum is """
test,JI,Check sum is 3
test,Ts,Check sum is '
test,kW,"Check sum is """
test,-K,Check sum is X
test,Av,Check sum is W
test,I/,Check sum is X
test,_.,Check sum is -
test,g%,"Check sum is ,"
test,lF,Check sum is R
test,TR,Check sum is F
test,cY,Check sum is \
test,';,Check sum is B
test,Ob,Check sum is Q
test,zo,Check sum is I
test,JX,Check sum is B
test,Zu,Check sum is /
test,`Y,Check sum is Y
test,#!,Check sum is $
test,~+,Check sum is I
test,z-,Check sum is G
test,vq,Check sum is G
test,^k,Check sum is )
test,"1
",Check sum is [
test,d~,Check sum is B
test,g_,Check sum is &
test,vL,"Check sum is """
test, 3,Check sum is 3
test,F',Check sum is M
test,\g,Check sum is #
test,Ia,Check sum is J
test,*J,Check sum is T
test,wT,Check sum is +
test,2J,Check sum is \
test,da,Check sum is %
test,VQ,Check sum is G
test,FN,Check sum is 4
test,oG,Check sum is V
test,'*,Check sum is 1
test,IT,Check sum is =
test,(E,Check sum is M
test,WS,Check sum is J
test,C=,Check sum is  
test,o<,Check sum is K
test,ig,Check sum is 0
test,"m
",Check sum is W
test,!3,Check sum is 4
test,;0,Check sum is K
test,DS,Check sum is 7
test,w@,Check sum is W
test,-x,Check sum is E
test,G>,Check sum is %
test,4X,"Check sum is ,"
test,(A,Check sum is I
test,wX,Check sum is /
test,{%,Check sum is @
test,NO,Check sum is =
test,T7,Check sum is +
test,8Z,Check sum is 2
test,}(,Check sum is E
test,]},Check sum is :
test,FH,Check sum is .
test,",h",Check sum is 4
test,^C,Check sum is A
test,Hv,Check sum is ^
test,",V","Check sum is """
test,S?,Check sum is 2
test,f',Check sum is -
test,0m,Check sum is =
test,#n,Check sum is 1
test,Dw,Check sum is [
test,Vy,Check sum is /
test,i+,Check sum is 4
test,]_,Check sum is \
test,jA,Check sum is K
test,ea,Check sum is &
test,9\,Check sum is 5
test,vk,Check sum is A
test,)n,Check sum is 7
test,_{,Check sum is :
test,L ,Check sum is L
test,.`,Check sum is .
test,hJ,Check sum is R
test,a',Check sum is (
test,*1,Check sum is ;
test,3],Check sum is 0
test,G5,Check sum is \
test,}q,Check sum is N
test,[o,Check sum is *
test,*L,Check sum is V
test,3E,Check sum is X
test,uR,Check sum is '
test, m,Check sum is -
test,XP,Check sum is H
test,eJ,Check sum is O
test,f],Check sum is #
test,"
z",Check sum is $
test,Mk,Check sum is X
test,"
2",Check sum is \
test,IL,Check sum is 5
test,",%",Check sum is 1
test,dI,Check sum is M
test,"""$",Check sum is &
test,~c,Check sum is A
test,;4,Check sum is O
test,h?,Check sum is G
test,Hs,Check sum is [
test,"T
",Check sum is >
test,^9,Check sum is 7
test,<%,Check sum is A
test,-j,Check sum is 7
test,"~""",Check sum is @
test,J\,Check sum is F
test,An,Check sum is O
test,]8,Check sum is 5
test,u1,Check sum is F
test,Lt,Check sum is  
test,H/,Check sum is W
test,2&,Check sum is 8
test,4p,Check sum is D
test,fz,Check sum is @
test,*Q,Check sum is [
test,TR,Check sum is F
test,#|,Check sum is ?
test,c~,Check sum is A
test,}!,Check sum is >
test,_4,Check sum is 3
test,M@,Check sum is -
test,W?,Check sum is 6
test,-m,Check sum is :
test,4o,Check sum is C
test,W],Check sum is T
test,kQ,Check sum is \
test,X},Check sum is 5
test,#V,Check sum is Y
test,-g,Check sum is 4
test,e@,Check sum is E
test,ca,Check sum is $
test,]L,Check sum is I
test,nj,Check sum is 8
test,& ,Check sum is &
test,"
a",Check sum is K
test,p	,Check sum is Y
test,+J,Check sum is U
test,k.,Check sum is 9
test,8R,Check sum is *
test,hJ,Check sum is R
test,"k""",Check sum is -
test,iV,Check sum is _
test,xa,Check sum is 9
test,>+,Check sum is I
test,TO,Check sum is C
test,.+,Check sum is 9
test,fk,Check sum is 1
test,Z},Check sum is 7
test,mn,Check sum is ;
test,na,Check sum is /
test,Hf,Check sum is N
test,H|,Check sum is $
test, z,Check sum is :
test,I},Check sum is &
test,o',Check sum is 6
test,t',Check sum is ;
test,1;,Check sum is L
test,CE,Check sum is (
test,3=,Check sum is P
test,"*
",Check sum is T
test,$\,Check sum is  
test,?w,Check sum is V
test,#W,Check sum is Z
test,}1,Check sum is N
test,hx,Check sum is @
test,Kz,Check sum is %
test,7b,Check sum is 9
test,!0,Check sum is 1
test,h[,Check sum is #
test,"r""",Check sum is 4
test,BQ,Check sum is 3
test,$O,Check sum is S
test,rM,Check sum is _
test,1J,Check sum is [
test,_u,Check sum is 4
test,LH,Check sum is 4
test,>A,Check sum is _
test,hL,Check sum is T
test,+*,Check sum is 5
test,oO,Check sum is ^
test,	_,Check sum is H
test,Gz,Check sum is !
test,zd,Check sum is >
test,|Q,Check sum is -
test,xz,Check sum is R
test,*s,Check sum is =
test,Ae,Check sum is F
test,[S,Check sum is N
test,{3,Check sum is N
test,`B,Check sum is B
test,/z,Check sum is I
test,BN,Check sum is 0
test,d7,Check sum is ;
test,K),Check sum is T
test,Z\,Check sum is V
test,	o,Check sum is X
test,ca,Check sum is $
test,CL,Check sum is /
test,Zh,"Check sum is """
test,aC,Check sum is D
test,t.,Check sum is B
test,`D,Check sum is D
test,lD,Check sum is P
test,to,Check sum is C
test,Nw,Check sum is %
test,5m,Check sum is B
test,U>,Check sum is 3
test,"o""",Check sum is 1
test,{B,Check sum is ]
test,&b,Check sum is (
test,V>,Check sum is 4
test,tR,Check sum is &
test,XLd,Check sum is (
test,5oK,Check sum is O
test,uN!,Check sum is D
test,"MQ,",Check sum is *
test,%2T,Check sum is K
test,Rqh,Check sum is K
test,pQO,Check sum is 0
test,bjk,Check sum is W
test,p X,Check sum is H
test,{]6,Check sum is .
test,tY#,Check sum is P
test,i C,"Check sum is ,"
test,gK/,Check sum is A
test,<[f,Check sum is ]
test,Sto,Check sum is V
test,sO$,Check sum is F
test,`dJ,Check sum is .
test,|_<,Check sum is 7
test, 1),Check sum is Z
test,b+D,Check sum is 1
test,zH@,"Check sum is """
test,6>],Check sum is 1
test,Ds|,Check sum is S
test,f\},Check sum is _
test,V!<,Check sum is S
test,0qu,Check sum is 6
test,e<),Check sum is *
test,8~l,Check sum is B
test,}R6,Check sum is %
test,C6G,Check sum is  
test,>5P,Check sum is #
test,bYO,Check sum is *
test,B7C,Check sum is \
test,eIv,Check sum is D
test,@>G,Check sum is %
test,rSe,Check sum is J
test,iS1,Check sum is M
test,90 ,Check sum is )
test,Jo ,Check sum is 9
test,S]U,Check sum is %
test,cHs,Check sum is >
test,M(1,Check sum is F
test,Dlo,Check sum is ?
test,K(.,Check sum is A
test,"$,U",Check sum is E
test,f% ,Check sum is K
test,9D1,Check sum is N
test,*j@,Check sum is 4
test,+ty,Check sum is 8
test,!pX,Check sum is I
test,Abx,Check sum is ;
test,^Xw,Check sum is M
test,{M+,Check sum is S
test,u>*,Check sum is =
test,"""3,",Check sum is !
test,PiC,Check sum is \
test,DFT,Check sum is >
test,TSJ,Check sum is Q
test,|:y,Check sum is O
test,/Om,Check sum is K
test,"h
:",Check sum is L
test,! ;,Check sum is \
test,""",o",Check sum is ]
test,dp/,Check sum is #
test,7%4,Check sum is 0
test,z{5,Check sum is J
test,"x;""",Check sum is 5
test,0G<,Check sum is S
test,:hy,Check sum is ;
test,1hZ,Check sum is S
test,MfD,Check sum is W
test, h],Check sum is E
test,+*k,Check sum is  
test,KiF,Check sum is Z
test,[YO,Check sum is #
test,E-l,Check sum is >
test,S\L,Check sum is [
test,x!&,Check sum is _
test,[&m,Check sum is N
test,~lj,Check sum is 4
test,15a,Check sum is '
test,^CT,Check sum is U
test,"X
=",Check sum is ?
test,+tW,Check sum is V
test,)x0,Check sum is 1
test,z>K,Check sum is #
test,{\(,Check sum is _
test,eMg,Check sum is 9
test,RU},Check sum is D
test,@XW,Check sum is O
test,6oV,Check sum is [
test,Tq',Check sum is L
test,%~6,Check sum is 9
test,8Ee,Check sum is B
test,1Ug,Check sum is M
test,x	r,Check sum is S
test,we~,Check sum is :
test,BQS,Check sum is F
test,o|+,Check sum is 6
test,"2""\",Check sum is P
test,_ >,Check sum is ]
test,"Cy
",Check sum is &
test,JGo,Check sum is  
test,tbs,Check sum is )
test,LTE,Check sum is E
test,|l+,Check sum is 3
test,XnA,Check sum is '
test,VcK,Check sum is $
test,|~s,Check sum is M
test,P?M,Check sum is <
test,/Z&,Check sum is O
test,fU),Check sum is D
test,m/w,Check sum is 3
test,!$.,Check sum is S
test,Re`,Check sum is 7
test,iom,Check sum is %
test,8RJ,Check sum is 4
test,]88,Check sum is -
test,[?%,Check sum is _
test,oeV,Check sum is J
test,G[d,Check sum is &
test,0^	,Check sum is 7
test,~(},Check sum is C
test,L$Z,Check sum is *
test,D(	,Check sum is U
test,ziF,Check sum is I
test,fQQ,Check sum is (
test,	%j,Check sum is 8
test,Z9y,"Check sum is ,"
test,Tj4,Check sum is R
test,;.	,Check sum is R
test,IY;,Check sum is =
test,f	m,Check sum is <
test,.	s,Check sum is J
test,""">`",Check sum is  
test,mZg,Check sum is N
test,>m9,Check sum is D
test,>Y4,Check sum is +
test,6?#,Check sum is 8
test,ji>,Check sum is 1
test,/#A,Check sum is 3
test,7\+,Check sum is ^
test,w0r,Check sum is 9
test,+Rd,Check sum is A
test,k 0,Check sum is [
test,/-Y,Check sum is U
test,J}n,Check sum is U
test,-dN,Check sum is ?
test,B?{,Check sum is \
test,:{j,Check sum is ?
test,P*z,Check sum is T
test,>%t,Check sum is 7
test,k<6,Check sum is =
test,LM(,Check sum is !
test,xLT,Check sum is 8
test,&U[,Check sum is 6
test,@N5,Check sum is #
test,:4<,Check sum is J
test,"h1
",Check sum is C
test,IFg,Check sum is V
test,+]M,Check sum is 5
test,-ja,Check sum is X
test,`6c,Check sum is Y
test,]^6,Check sum is Q
test,wMB,Check sum is &
test,4rI,Check sum is O
test,;_t,Check sum is .
test,i/{,Check sum is 3
test,r7t,Check sum is =
test,2-],Check sum is \
test,O&{,Check sum is P
test,W52,Check sum is ^
test,.am,Check sum is \
test,8fI,Check sum is G
test,ZqB,Check sum is -
test,T2^,Check sum is D
test,A#b,Check sum is &
test,q]V,Check sum is D
test,Wx.,Check sum is ]
test,i^&,Check sum is M
test,DN+,Check sum is ]
test,i8w,Check sum is 8
test,":J""",Check sum is F
test,7e#,Check sum is _
test,T #,Check sum is 7
test,!f&,Check sum is M
test,goS,Check sum is I
test,kbj,Check sum is W
test,qJ[,Check sum is 6
test,lxZ,Check sum is ^
test,IAA,Check sum is +
test,dga,Check sum is L
test,4\J,Check sum is :
test,Xof,Check sum is M
test,O	l,Check sum is $
test,j!s,Check sum is ^
test,gSN,Check sum is (
test,.EP,Check sum is #
test,>V3,Check sum is '
test,4%U,Check sum is N
test,v(<,Check sum is :
test, 	],Check sum is &
test,? ;,Check sum is :
test,xX{,Check sum is +
test,nxQ,Check sum is W
test,N9Q,Check sum is 8
test,i56,Check sum is 4
test,Qu/,Check sum is U
test,-'/,Check sum is #
test, :Z,Check sum is T
test,uHK,Check sum is (
test,?xO,Check sum is &
test,-3?,Check sum is ?
test,Y?t,"Check sum is ,"
test,>Tj,Check sum is \
test,KiQ,Check sum is %
test,fOG,Check sum is \
test,/W|,"Check sum is """
test,Tc#,Check sum is :
test,?4m,Check sum is @
test,1:@,Check sum is K
test,+Y%,Check sum is I
test,L:A,Check sum is '
test,+xQ,Check sum is T
test,[+L,Check sum is 2
test,UKo,Check sum is /
test,p|S,Check sum is _
test,a!J,"Check sum is ,"
test, 3h,Check sum is [
test,Ya1,Check sum is K
test,	n|,Check sum is S
test,8zd,Check sum is 6
test,Ncl,Check sum is =
test,"3~,",Check sum is =
test,*CA,Check sum is N
test,ekZ,Check sum is J
test,dqX,Check sum is M
test,93\,Check sum is (
test,d`U,Check sum is 9
test,X}g,Check sum is \
test,!jq,Check sum is \
test,	Ry,Check sum is 4
test,m^o,Check sum is Z
test,z)S,Check sum is V
test,+p6,Check sum is 1
test,en<,Check sum is /
test,i5r,Check sum is 0
test,ppf,Check sum is &
test,"T,#",Check sum is C
test,0ei,Check sum is ^
test,-E>,Check sum is P
test,".
l",Check sum is D
test,"
BO",Check sum is ;
test,]4 ,Check sum is Q
test,p|t,Check sum is @
test,fXX,Check sum is 6
test,ce(,Check sum is P
test,o].,Check sum is Z
test,7X:,Check sum is )
test,dp=,Check sum is 1
test,b6*,"Check sum is """
test,Kv(,Check sum is I
test,Z*:,Check sum is ^
test,L7W,Check sum is :
test,_f<,Check sum is !
test,k6-,Check sum is .
test,B.f,Check sum is 6
test,&M>,Check sum is Q
test,(K_,Check sum is 2
test,1_c,Check sum is S
test,^e4,Check sum is W
test,2.	,Check sum is I
test,Qg0,Check sum is H
test,E@n,Check sum is S
test,]6~,Check sum is 1
test,:=~,Check sum is U
test,D)X,Check sum is %
test,T`S,Check sum is '
test,",*;",Check sum is 1
test,#%4,Check sum is \
test,4p1,Check sum is 5
test,6pr,Check sum is 8
test,KSR,Check sum is P
test,.\D,Check sum is .
test,@J?,Check sum is )
test,"r,#",Check sum is !
test,SFF,Check sum is ?
test,PTf,Check sum is *
test,h+9,"Check sum is ,"
test,"u,6",Check sum is 7
test,.Ri,Check sum is I
test,YP*,Check sum is 3
test,"H=
",Check sum is /
test,@Gn,Check sum is U
test,I;{,Check sum is _
test,"UB""",Check sum is Y
test,gy),Check sum is )
test,cX	,Check sum is $
test,Z2y,Check sum is %
test,E~3,Check sum is V
test,.#6,Check sum is '
test,"[
U",Check sum is Z
test,5O8,Check sum is \
test,]M?,Check sum is I
test,"n!
",Check sum is 9
test,]Df,Check sum is '
test,>7s,Check sum is H
test,aAs,Check sum is 5
test,N3n,Check sum is O
test,j<e,Check sum is +
test,",eV",Check sum is G
test,i3	,Check sum is E
test,37	,Check sum is S
test,IV|,Check sum is ;
test,E_@,Check sum is D
test,O2I,Check sum is *
test,~B1,Check sum is Q
test,`^],Check sum is ;
test,Pkb,Check sum is =
test,KX7,Check sum is :
test,GG3,Check sum is !
test,"
}J",Check sum is 1
test,CUH,Check sum is @
test,{$-,"Check sum is ,"
test,Q79,Check sum is !
test,M.],Check sum is 8
test,2M8,Check sum is W
test,xj/,Check sum is 1
test,RVB,Check sum is J
test,b^L,"Check sum is ,"
test,NA},"Check sum is ,"
test,S7X,Check sum is B
test,BB`,Check sum is D
test,4NG,Check sum is )
test,ibH,Check sum is 3
test,"""j+",Check sum is W
test,S[r,Check sum is @
test,U|z,Check sum is +
test,"""i?",Check sum is *
test,|&g,Check sum is )
test,	\O,Check sum is T
test, q5,Check sum is &
test,(&m,Check sum is [
test,-:N,Check sum is U
test,]Rx,Check sum is G
test,#}S,Check sum is S
test,6H9,Check sum is W
test,gd3,Check sum is ^
test,yHa,Check sum is B
test,vx[,Check sum is )
test,Q/V,Check sum is 6
test,h?7,Check sum is >
test,O7B,Check sum is (
test,4@!,Check sum is 5
test,hgR,Check sum is A
test,"'9,","Check sum is ,"
test,"&$
",Check sum is 4
test,L{),Check sum is P
test,CAZ,Check sum is >
test,"
Lf",Check sum is \
test,HM#,Check sum is X
test,]qA,Check sum is /
test,Pz2,Check sum is \
test,o;y,Check sum is C
test,DNN,Check sum is @
test,c^^,Check sum is ?
test,M^B,Check sum is M
test,#>K,Check sum is L
test,O&-,Check sum is B
test,`u],Check sum is R
test,RD_,Check sum is U
test,`DH,Check sum is L
test,Kz2,Check sum is W
test,@sd,Check sum is 7
test,R~m,Check sum is ]
test,3bn,Check sum is #
test,"
tD","Check sum is """
test,"Q
2",Check sum is -
test,)+<,Check sum is 0
test,-9),Check sum is /
test,"~
<",Check sum is $
test,fN/,Check sum is C
test,sT{,"Check sum is """
test,"""vf",Check sum is ^
test,BM	,Check sum is 8
test,^}e,Check sum is  
test,eL?,Check sum is P
test,+!&,Check sum is R
test,C-Y,Check sum is )
test,JIn,Check sum is !
test,KwI,Check sum is +
test,9!:,Check sum is 4
test,\bP,Check sum is .
test,awo,Check sum is '
test,LtQ,Check sum is 1
test,);P,Check sum is T
test,"Nd
",Check sum is \
test,q$X,Check sum is M
test,T<~,Check sum is .
test,t58,Check sum is A
test,;=J,"Check sum is """
test,4BT,Check sum is *
test,O/S,Check sum is 1
test,OyD,"Check sum is ,"
test,`O4,Check sum is C
test,sOI,Check sum is +
test,?mF,Check sum is R
test,XFi,Check sum is '
test,eP=,Check sum is R
test,nHL,"Check sum is """
test,;:S,Check sum is (
test,AdW,Check sum is \
test,C*p,Check sum is =
test,;_F,Check sum is @
test,$!D,Check sum is )
test,jzQ,Check sum is U
test,uRD,Check sum is +
test,aEL,Check sum is R
test,o*-,Check sum is &
test,=F$,Check sum is G
test,c&y,"Check sum is """
test,9Y{,Check sum is -
test,!MG,Check sum is U
test,~%T,Check sum is W
test,	k*,Check sum is >
test,i?{,Check sum is C
test,2(	,Check sum is C
test,`OX,Check sum is '
test,lI*,Check sum is ?
test,pOk,Check sum is J
test,"u 
",Check sum is ?
test,fbz,"Check sum is """
test,bb%,Check sum is I
test, 	w,Check sum is @
test,"""3\",Check sum is Q
test,+D`,Check sum is /
test,:2h,Check sum is 4
test,>Y1,Check sum is (
test,py+,Check sum is 4
test,"-d""",Check sum is S
test,1;|,Check sum is H
test,"x5
",Check sum is W
test,CFF,Check sum is /
test,aLT,Check sum is !
test,~x\,Check sum is 2
test,f6b,Check sum is ^
test,t7J,Check sum is U
test,lQ|,Check sum is Y
test,@Uk,Check sum is  
test,8d(,Check sum is $
test,/2},Check sum is >
test,eRb,Check sum is 9
test,JXi,Check sum is +
test,8S!,Check sum is L
test,l]i,Check sum is R
test,]/>,Check sum is *
test,1DG,Check sum is \
test,'HJ,Check sum is Y
test,M$>,Check sum is O
test,1%x,Check sum is .
test,Mqf,Check sum is D
test,ohB,Check sum is 9
test,M]6,Check sum is @
test,"z&
",Check sum is J
test,iQw,Check sum is Q
test,6@O,Check sum is %
test,EiL,Check sum is Z
test,0FJ,Check sum is  
test,)sQ,Check sum is M
test,4Zv,Check sum is $
test,K?t,Check sum is ^
test,c`1,Check sum is T
test,lO6,Check sum is Q
test,"	S
",Check sum is F
test,->A,Check sum is L
test,"
]>",Check sum is E
test,Bb8,Check sum is <
test,"Jo,",Check sum is E
test,wZ5,Check sum is &
test,"g,Y",Check sum is L
test,y1?,Check sum is I
test,IYm,Check sum is /
test,aA',Check sum is )
test,/&*,Check sum is _
test,Z&F,Check sum is &
test,&+u,Check sum is &
test,0Ix,Check sum is Q
test,!<K,Check sum is H
test,;bl,Check sum is )
test,xv},Check sum is K
test,sky,Check sum is 7
test,z#`,Check sum is ]
test,v4j,Check sum is 4
test,d9],Check sum is Z
test,b{#,Check sum is  
test,'`t,Check sum is [
test,e_/,Check sum is S
test,NW7,Check sum is <
test,@wZ,Check sum is 1
test,ck.,Check sum is \
test,"<wnf,.k$a",Check sum is 1
test,"8K;7dQ;]X!3%8:R""T~)(!QO\Or",Check sum is Z
test,V '\&$,Check sum is #
test,",znXxl,*K!FH",Check sum is @
test,"K
w~iV:AL@<U'Iw:(gf!I-oU/[7WM^lfr;A:X",Check sum is G
test,"gTX8]Y3&qct;wZj7QdG'pHn)*Cf~k|;|9u'3eF*Y,4/",Check sum is U
test,k[5OHu,Check sum is '
test,"D67_|\x1{""BjzkT!w@;MgH",Check sum is B
test,"zn9GNhMpt
YWTvAVN)ikzF}^WLcpLwlt`""gBz!",Check sum is O
test,YkH9Iz-/TYC,Check sum is 4
test,/~(l)~J.T7Q<i_'a5,Check sum is ]
test,(wE;O2h,Check sum is (
test,"Z$H\Ar+Y_S7j5N2""'Z2G(
'",Check sum is 6
test,X#?>plbfbRSzRuD#W]WDc'Az]C,Check sum is _
test,w%ui)#>|):#yS/@:eo={5jG-+DdMG4XxK31`C)Q~v8Y'Q)d,Check sum is ;
test," C:-T2([#!	?,>X@qG
eo3Ng#1RR=jsnH",Check sum is G
test,`7ETpn-JRR'J:Z)nPT	8_ 8,Check sum is A
test,"Y\:9Q>'"")X9{,a`{|k4fk""kr,(SfyF,@sbITLs2A3% (^
@",Check sum is L
test,"wzNR^dzgD-ne
I<5X%gq;,.C&K<Y=",Check sum is L
test,?+zDXA&i\DD0ikuk5NF3+@UpEE\ u[,Check sum is :
test,"NI.(tdXfPgLcdiH
Klh@[J_m",Check sum is 8
test,"4v}{/U}$@p,n:w{pe^sX2}-Kb,~'1cFe",Check sum is 4
test,"_)s&)rRqo+[#_ONTMZ3LOtaSe%l*m),o5",Check sum is *
test,EAa,Check sum is G
test,.'B,Check sum is 7
test,Z4`ajB-7tHKVMa`$9&aq@)Z'IqWBMwoc&;&)!ZKc?2w,Check sum is S
test,SG	0/{,Check sum is ]
test,"<~z!V^(--a`^T
0tFqX]wP{bcRh\grmPZz1&=q@6'V(XiE?i",Check sum is M
test,"$E	bP#
4SWFEn_on}<mWwn:M6<$f%`P8<d[A5xWzgg|)",Check sum is #
test,o![A}st,Check sum is 0
test,".&G<r]YA&/S$91NRPk
36A4)O5KqSZ_C=pVY
,g%WpE,lel",Check sum is $
test,"4/clTz``kDGPky
xcUHIR",Check sum is '
test,"g""?|",Check sum is $
test,gIUdubYCE$I?.Y)_M0,Check sum is 9
test,A<qe`6yWO.Gp+;m}V$Lrj,Check sum is ?
test,X%,Check sum is ]
test,"ekK$E}]DipaAjL-N51
\H?F&)O{,^]YdW^8`hP1*s X[qL",Check sum is '
test,XCsE^qk&;,Check sum is N
test,LC@.oAQaRyP.\s[,Check sum is 2
test,"M_'.
MJE-Z>@Uch@{QX",Check sum is P
test,|ojyX,Check sum is F
test,"|qN]WKn@/\W[%Dp$n3? !wt
E2Dr|<nXb=&",Check sum is H
test,">H87SWSq@mq94<w(X,]g1%4=It",Check sum is 5
test,".-/aS!DpaWJn,')w13Rj)IR;ThN0aOP,Peg1kF>1gT0u|;kRV",Check sum is 2
test,G$1o;aHCmoE68%JMym,Check sum is C
test,F'&4|#&P]p&St 	m9A>y*wnd#?HD~)1fZ1xg{=	u5mJ2v,Check sum is P
test,"LpF\8^BjA--TLv\d
",Check sum is ;
test,+k	HL>2:T4sVo}8O+v:pj?,Check sum is 5
test,h r{,Check sum is U
test,I _lL'F)$x{Etp:V.Zk,Check sum is 9
test,u4n%yso?;{._}JCHe0+D%-NKnzh#_L@8,Check sum is P
test,"334
0O<;TRx@DFXgQq>h}C;*']-( 0",Check sum is W
test,6J\p`f=4Hv+d6A\t_[d(D]x5>L_Km`GE%Kc~gl]qlo[,Check sum is @
test,o5FOsagR	JE& wFh759( Zht&,Check sum is 2
test,88eH#eyiY{^l@pf	]5Wa,Check sum is .
test,TKLp+S|rs``FGj\w;~%\]9`)S\#p96?VvnTQyd\m/,Check sum is !
test,|ay+,Check sum is !
test,9^von$L(~2iG:^\},Check sum is 3
test,"%K|;*g,&.|s^4d.",Check sum is +
test,3p#K^1gMQ(b,Check sum is O
test,JZYXc(um:m[X{5::&z`m~E ):[I0k;\:G3vo:;Xax Wd&0,Check sum is Y
test,"B,@AAsb?^ ^Rx	?Ii2} u{3VRr	~	)`y1C,#fXkLtAj9",Check sum is 2
test,N&k@A tw+5#3E,Check sum is F
test,"74@.EtGs73cISW'z	V|.tCMelXa80w^8}p]|	K
/s1;'Q{F/aR",Check sum is &
test,"FagBCVv}""gZ7$5i",Check sum is X
test,\xrm,Check sum is S
test,Z(>yuRTZZ(e*^HU{|,Check sum is Q
test,o{%quH,Check sum is ]
test,jGT/MR.l~+p:0X^(GSb>FXGy'rG>X,Check sum is <
test,"acC^Za]8#Iin^.m	<].hw	*,#4l84tN;q~",Check sum is :
test,"7g +NpFf11>`]h'9:,Gssu/Htnqa$ v\hJ^kC?b;3!{QMAa",Check sum is J
test,[R9ST-Gx!',Check sum is !
test,"=h)v0$&W5<THj8nNh}LB*C[~i
Dq+@'y&kLG",Check sum is 0
test,p6+!l744Li=t~}9`,Check sum is W
test,"%3wOemW 6[\{YnP7fKY3IGW9hwl`U4!g,TgHr",Check sum is 7
test,t^|Ag<?z/zmW9\4{jXs4&,Check sum is K
test,":f	6pI`%duQ9$..T6?noO_{+I~D?P2q}#z
*]e6UmSta))",Check sum is Y
test,")7rNdNmOTF\> !ByR=-\9o%.}iW-""%s!? IYX7",Check sum is F
test,5>6+VK7&5mut|& cm-oU @9^05,Check sum is \
test,"1$C$gj/F_X
M-d>0vU!Tp""
fM46;&m:",Check sum is 0
test,"<]Cx5MUO(@<g=D`H,aZHp2Seh)c{i""@U_??:Rm2p./`15",Check sum is A
test,"h#T'Adn1Ut_ ~*qJe""uAbx96)O*&x`yO5CG3""7V MR)9GX|F",Check sum is &
test,"
""F!/C6G6)a)c1",Check sum is _
test,"(}l""Wn&[n%wA#Wa_0R:OAP[#xd5;'=t$F",Check sum is F
test,}>#$1i1+&j64L^G;	wa#@APjFCb8 ]<p	(eti\uw,Check sum is D
test,f<8/s]^,Check sum is W
test,">""J&NZ/_Fh8rjB@FbCNV6D#__4x{>0hZ/&XN5nAHm7%p<z2L.",Check sum is -
test,"y0_xd""o_t$4]Ozo4/""g;5	cI~`m>vGD2""157cL	I='r([l",Check sum is '
test,]ZZH>'`2d; 1?}ZT}g*7)8&j\V-6g4OymbK;WG;~X?*a),Check sum is /
test,09(,Check sum is 1
test,"Rphw\OmPE+bwSXu
m=RF",Check sum is ^
test,rQqty5.;Fn&<J5$t$jJJr9b+Kd)NeEjKa]BtUe<G3M4Jt,Check sum is N
test,"C=(\Ad7W)Cw5QRUj)vAcsv*n5>5e ""h1*at9q",Check sum is &
test,"_o&77ovI2D'+I/m-*o
/nnY",Check sum is Q
test,"<\w:4$bIg.mg""_GJycWv'Yx""^LZ%^WO^AL6V:s[Y>$rnky",Check sum is U
test,"h2=,an+<8,a#/_.obi[`@bL6=dsgemZ}OD>h",Check sum is 3
test,h7qmT*^8\,Check sum is M
test,"M1UyL&x7"",-ko=i6e",Check sum is #
test,"fgf-$e2Te<WVA\<KoLv_(GYY;4Az""
A-O)COu*3R!yD(kU9m(",Check sum is 8
test,^\L!=:-ggdVNK?b>ynYDF}8	oDE^:hO0Xuv`G=2?rVx`mbB#,Check sum is V
test,z!02r1AZ{E&O+94Z.B[	mDP[XW$f.~{6094S_[}A,Check sum is 0
test,"vLRn%Nt@nj$_0:)@.vWy1fGh3zgj-Q^e""_f?ki#8?@(`O(",Check sum is C
test,"X~\cFc!F{q<m|'m\Zq7{2B~@v$,G{S	Kq3CME=",Check sum is Z
test,u>t,Check sum is G
test,)O,Check sum is X
test,"zC?p[+NF;[C#
CCuzOWEL5?7Kk",Check sum is 9
test,"+8(4W!9VPc6Q4|KUsp}bZc,3*'\$",Check sum is _
test,")qcbi5@=PxgRcAab_

7o~9U1DQhC4,_+4&",Check sum is \
test,KVo9Wv0pW'v,Check sum is J
test,YQt5oUQYXOgv>59PpvkB0(LEYn%Ao4 ]e+uV,Check sum is E
test,\:,Check sum is 6
test,Z8TNU>V6WDk?Q.?kojgI,Check sum is *
test,v68*C<	?k<El&5S5T_56pCQ)ESri_2$,Check sum is #
test,"%{l""ay7EY3$`",Check sum is 4
test,"rf{C:S0Z,?`Z4M@[Nt_%fpYnr](+aB$/~ih{|izOB",Check sum is C
test,i/ ybS,Check sum is F
test,qGxmOHg	uMVGL@s2]Kdct)	H.TQc=)z \-xjU/uq$#>,Check sum is A
test,;N7hIYaC1{EDI93c>cn2kA6BKHFKX):1`-{y3YXojpn3,Check sum is _
test,"i_ M$M]'xCoXnxyP:PgEqOJT./*
Mbn	e",Check sum is +
test,"]5ch7{z'_rqWCay(#Qj<}m%4<dS
Jl0\^9aVsL9o>Tt7I",Check sum is E
test,"%TNYr4g?d/3JfIy
Xx/q[>|ru8~^tZGnTU+r"":2k!)y?",Check sum is R
test,Ps9ftd^PY'T>8R>YTdGC,Check sum is =
test,>]@f)_u}90r1^>k#>>d:##,Check sum is 1
test,'}$_A`JzALiI{_!=03H)W1,Check sum is ?
test,"E?F3;@{4Rc)	vQ3p%` U,MI$;B
QoZGvhyz}<o&$0p<$ J15",Check sum is 3
test,"4i^6L@mQfYqn ,,%/=!;'1sN<b}4;l0yytT""O",Check sum is H
test,I*Dt`KjgN)|)wQI))^:fa%l/G9/:I[FBBiux4b?V{$,Check sum is \
test,a8'Y97tXdxBaqb[<uk#Z;0M,Check sum is 3
test,"p+,'AuJ36/<./@fBrKWN2AQ.]$IC,,i
TH7<""HFgBk+",Check sum is Q
test,"VwTk>6 bp}CynuLt}/rp10{q5'#OnIHk5pBk,#A2gs&u""=$",Check sum is M
test,"*~=qN!m6C0f#""@:m\""lf:
1'p2",Check sum is [
test,80j	)XPux5;+>e+X%0/5-(7+#:~ks,Check sum is #
test,Fl-,Check sum is ?
test,yd9g!],Check sum is [
test,"Xgdu?
-uhLgKdUmtOc*KHD	m}",Check sum is I
test,99,Check sum is R
test,"zo@|<	Q+?6t8:bx]jB[6]Z),c*&.TLP1Z #u7502sl>$L.^K",Check sum is '
test,6wW=#W,Check sum is [
test,!fzx?O,Check sum is '
test,(qt<w+3Xx%B_#UhcbIp%GH3LKd3_zBo?km|{43j{DCgd|y,Check sum is 2
test,"^\V$#d\Cki\RU;FILlE*u?{gBh\4t9M	
;g%",Check sum is &
test,"28xT80L(z-]?
~stRSW'*{xwJ",Check sum is %
test,?6r	=,Check sum is M
test,"3ZY>h!5WgD
6	-K@T;~@b,JHX-M |@_AJ",Check sum is J
test,"k[gubYcQqcj$^,T$-?s<;",Check sum is +
test,"zz(}D	m3iK@]8ZJ>Q""SJ9uR7r/0X2<^[yR",Check sum is 3
test,"eQ?)WvK'Em`+K-d}W,
\6>@}!Wem|Y#>Hoi,=|;X2",Check sum is 7
test,"{,Yr$ueq{=k\L0Fg}^s<kAxjn\cluL:^whL",Check sum is ^
test,im>X&/Q=NaR=hV=SVzEPb]5.r/F/E;O>U-QuYiPiUMO,Check sum is Y
test,D B3ZG{<_??>=pt74x	_,Check sum is X
test,$t~LV96,Check sum is G
test, AJ{hkNz<Jy^tUC8;?/=tiVuO/uP$?O/A&IqwbFM.JIE,Check sum is G
test,"9@DK/u;DnIeX%> ""JLh!]Hk5%?Abr",Check sum is A
test,"!nxT6<hVB69.I
)X
N$t(2Y>j.z]4LdqTk9'7pDEy1##F(4Yz",Check sum is 7
test,"89KcQuI>
e""vr\r!NfB8Q",Check sum is 3
test,l8 Gq_@_VPPwKfw;EtY)U5qC6Kxq^pQ,"Check sum is ,"
test,Oh#@N_/::.Fm$sYF?.FagI-~CR^yuD+w<m?,Check sum is ?
test,. uf53p=8|$ `?[QFaF]w6gi1|s%'fhZ],Check sum is Y
test,"zHQn}GChJa`ry-*]NJj
##Vw|'$:1",Check sum is K
test,"Vh><t#@Cl]5llVF6&H0@QFT,Lzu8K(OtC",Check sum is ;
test,C8$*qZpWy4:(x<1e{B<V$DbxJj3$ddc[tKD:edm$K4DNL]t,Check sum is ;
test,"T""xU&S\vCf}f@{	S#tt,/?uqGRf",Check sum is [
test,"/I:LJ""qkV[Boqvu63mBR;.YMx)q ,n|ZMw|^ZNR6@l	1<4y%{e",Check sum is !
test,"C""R!,",Check sum is $
test,"Yiros>U04^vAe9=NS
V:!&yX",Check sum is 0
test,$<XvNQcy5DA8mjT/F:5NPahIkOF(`H36F},Check sum is 6
test,"~rP&3\
-b$XyB
F	I	",Check sum is P
test,".DUd#a9w-
kP}Diin[x(kEOwXkqvcq2j?$Hm? e<'
7ix(7Azt","Check sum is ,"
test,~%Fc0JIca}=kUpDCC_.bU@+9x0Rcn;2U,Check sum is \
test,"	(I	
z""}W7COh` A.#.a=x-~@z0+",Check sum is $
test,"i kX3mOWTQS|d.""0S(_VK7x",Check sum is 4
test,"g`z&ahwuc#
#Z^Z|]J5ElSNsP\%ztjFT.*uc~6-3",Check sum is %
test,"uN?NBZSR	Me7v?_=ho1
*SFIxeM",Check sum is <
test,"gh {MNI/	Npo,'<}Vqi9cI4!jBCZ_oc3v`:Z%}%ZLj$8N63u6{",Check sum is 0
test,"in-L^?<6;	aq(ix`FoD""8bdKk&\W0$j`^C",Check sum is %
test,6};7mcel!7EeNh)Fg$'3v,Check sum is (
test,b	y!Z	{IrCJO,Check sum is Z
test,"0fm[6Wve;Rx-t!QJCmZw'}?ts\<Z""I",Check sum is 0
test,"""Q|cb'a
6CGFUrBN5M qx3fVkmG9{[kg\,8BZxEiWlZyV&",Check sum is Q
test,hd_A6GfmD6xeVGG|*Q;xf&2_50fB+e,Check sum is ;
test,"
XSZFT<t.zdA9+bMsrstr&JwR,3{&SyF4TkY",Check sum is .
test,9NG^~90*UeHZqCi^''37\@2,Check sum is :
test,";hp7nI	Ywg""4y:okb41",Check sum is K
test,"Q>;Y8fe4pA/K	!aqoh#)E>&kW""",Check sum is Q
test,"zqxa8|TM=8h`}oR^N\s{&luBq*J_a
1",Check sum is S
test,"u!\qqC
_had'PL%VX482]Ovp&%E?6qj7$R$KG?`UI>oV",Check sum is V
test,"TGQzc<'Qtf6X>sP A@3Ph=.uChN+@' ##HofkT/OF\,-",Check sum is 8
test,[@0Czr)x?vjFKs9Rn~B/D9}!5Tpo,Check sum is I
test,"6!j}%SJe2t	[fiKKTWbL[X`T-ty""JzY:n==@~@H0",Check sum is %
test,"*:%qe]{j6""Z^AKrg",Check sum is 6
test,MRhtzS,Check sum is (
test,23${e<M$*u,Check sum is U
test,g&{\l	k[UPjhosp67G;_7Fl1)D#r[Pxie2,Check sum is U
test,i]`w3bg/f'ru,Check sum is \
test,$^5e44	H9$x+jYkrx:vF+0Ivo2w-T?u+`2+SYm.C>?FR$=/,Check sum is A
test,"1qC\B}*X,5)#\[b&#~ml1KqXGYC[",Check sum is K
test,//0{DJ%qj*Hv,Check sum is _
test,"X(}Z&
[ekq>""co?}",Check sum is 1
test,"(nsMQy;5-c3vQS{:j564OM
	ve^[PxzvOhNs
	].BR/&2L;Fz",Check sum is >
test,"OmLb*ZQ/pmZ RYx,dIFPXE2]FIKCXL+1J!TLXQmU",Check sum is 6
test,"	REA4J)>yTWTm&jnT""]6x$17feT1X>8oy[E.w~4""/)J(9c",Check sum is [
test,gnS5:[#j$K8hNm9U[fw!hF}4qR:=U?}E'8;,Check sum is Y
test,"%!S#d01|$u&,oLG*z<|[ hNU""L$",Check sum is >
test,4F;owhK_< Gde8AUHsIjWn,Check sum is :
test,"X4lRqK1C2RzeJN[9Q|_'X`2J//+N#\Spz+vrw
'z_oW9v2Dq
",Check sum is =
test,_y&E8+=xbaz!]R?;*X9<k*N-K|7nVB}eZH,Check sum is Q
test,"3}1{'AOD(Qs,2 YQFO^UR\",Check sum is A
test,w5ClOIDD$I@&`(aPe9n,Check sum is 3
test,=/7&`,Check sum is I
test,"HKp""E*ZQB",Check sum is !
test,zb9{LyF[	=kv?=T,Check sum is M
test,";)Tw~Q4^vm0,Y2H+>H7h)%Y?Ra%E!",Check sum is 6
test,"5mBu[=9piD~JQe_@'9x#&(t)E,52\DPN7~U&*(4K/X<Y",Check sum is ]
test,r!,Check sum is 3
test,"S}
~:V95o'!^E>Fw'E-	39;z&MO",Check sum is P
test,"7LDF,DjXPvC%$gtZkB8Jm!tc/&A1IDEz3g%s4.at",Check sum is 6
test,"	aF::h*2_s""6p\YB(dza6i=Z19)nxy&6!{>ku$","Check sum is """
test,"}VkB0m_H$3J[8&Sguc.M7/0<[]v{,8""hT",Check sum is H
test,"r8fM_2G]5<
z>",Check sum is %
test,"^E7U	F
dN[`=1_	<'XGlcsLcEYTTk,",Check sum is ;
test,"tO^QI/biqG
F~xnhb:",Check sum is E
test,"?PgzII6]y^k""'Q^Q@$mv}@AcA[z|wk
ue/Z4AELQ",Check sum is  
test,"L;#N
!hN>Q425_syJ	N	@];#-&AF\#	XLaWjbX|7wxi""=G&$5.",Check sum is S
test,[w:u4D_[X^<>hF*xL+js'H1.;d|69r^|T5,Check sum is T
test,3$mm%g1$1)HE[JBF_	}vwu,Check sum is M
test,">3M+[q@""#EABb4?};btP&b+<n+bXg11'""<aK/eml'8`]PyU)ZY",Check sum is T
test,"&qeWCkR4er`{0T[>AJuBjz?7>RRz""E(_0j",Check sum is 6
test,"o+V;	yDC`*e}|}
g=?7$U4-\H>J8{5q^;L;al",Check sum is )
test,"bkce4KJi\h0=},)u.$C-$""(|E-0>1GXQ{K^t[:o#3-&bI",Check sum is <
test,"?ix71""Wsy<(r$E?1k^vl4hRjtk$*","Check sum is ,"
test,"KU1r2h\3""\",Check sum is J
test,hGV/{'VO<{{B9+Ar*!6z VAQHe_!4_0pb	U1zZ3~,Check sum is ?
test,E(,Check sum is M
test,1n|q<^%R7T`U7W/!~`mvl7[~F2~+j&ln ,Check sum is C
test,U'!$]zyZeQ;`3oR#I[\e/A!)cW^wD;H_^%G[j|/u,Check sum is 6
test,'/|p8p@Y'<5@y=(pSHz3.G84N r;vdwf Zr0?BULj,"Check sum is ,"
test,"/QAsJuaYqdh7`\zd^;~\cE$$
""Xz0jJyd~E5?9",Check sum is -
test,l%+;,Check sum is W
test,XttKr*'u6'5R*=I`[Ref'7WHp~:wf)f7.NfSa&wP,Check sum is Z
test,BdY_j+/6Tz{J}WHxrfKsL58%com[kBRNQ!MI}mZd5,Check sum is _
test,"@~bTC^0M""MG@*q 	2mRD4`D\l1(QC@",Check sum is .
test,"ntPvW
s|2<Q_zX[G$Uybn.TFNF1L8k`H |h{FBdPA7N5k!00",Check sum is 2
test,bA1p(}&(:71Op+#d(F\PBlgkPeG=R/Q_mW,Check sum is 2
test,"qxJ""",Check sum is 5
test,"<bmCF8fl|Hv5+K?$m/\jEG	aLfo`,b,1%1&~y{v;",Check sum is )
test, vw>nL7pUX|a=jITo8IV3To--M'k7.>=qv[<b1fB)!	DVCRo&9,Check sum is 8
test,"B*JwxA,yfxL{%@kpfrVy88	1af|(2P?r<@k9@-mc8",Check sum is T
test,"upj
M`3==W",Check sum is *
test,o^i{}KxCOF+YI's#m	D/h^9sTz_B,Check sum is =
test,"9""ul3na1 `P*aE}"" `^6%X|&W`GBD+&*)",Check sum is )
test,.;(&Zi5k#fk(Lu,Check sum is W
test,"a,I.i4u,\+;jOa_? \qfLA[4~25E",Check sum is 5
test, \D|E7q!cER/f#6*D-cJai}`722cRa54Tunoi	/L)7FwM		xe,Check sum is G
test,"|PM1RC+.5hQ""/*""/9J|F,=4z8&N~|\nok.&5\",Check sum is ]
test,QC^<'l(.?X;V&uVWn&l\m(m,Check sum is E
test,"ouUB'Tf o0	D,?K1:-P	F^hyV7!;z%'u>#fk 6,",Check sum is L
test,"[Z
l",Check sum is K
test,"5{$ C'm,++'V#7o6+G9RHH9M'w
w",Check sum is [
test,"liHDUJ
m<e[n#@H2*R{mKp{5RG%$n}",Check sum is :
test,0_ .ri8S\AlaqD|l'~5m=W!uT>-uwsqh^MB,Check sum is ?
test,_C;Q12)QW	+4_;EjB<1,"Check sum is """
test,"IQ5A.(""6?o|O17r}H&rO",Check sum is ]
test,"7a,mwQ",Check sum is Y
test,"'m8T 7#0,EDXoi#$|7LXD~
]\[lbQH	`",Check sum is ]
test,25m+B[nc_Ls#Yhf|l]|dKOe=,Check sum is V
test,"	P;\L>w3L9Ff5d,/,i""{JKna,6]",Check sum is >
test,M;>}X>3aJ?8/2WsDbY<3,Check sum is '
test,"%[O=zo'(f0$)<XG)&YxT/2""w`_wL`Zv__siu/]Qw}}ylj",Check sum is .
test,_||G(hD a/2q[JmzdhDY.zu/bFLlph^6qE]pBD|lQcJGg_?M,Check sum is :
test,eem'G#s\KepPZ}b2d{~A;SL~|ComS,Check sum is 6
test,B*?n5Z5kMBtlV=Vdg9@}bF?6mNR,Check sum is +
test,ONsD[[QvWV1m7M;D*W,Check sum is @
test,.S$JAZsnNe2FJ ^tRy],Check sum is Z
test,"=Iz*>8^OGiVL~e""Uqqj$)2HKKx9	r",Check sum is .
test,"j7EmVfW0jb?4 Ht*I#Ffkl

8`sjb",Check sum is U
test,"(*(+uySdM
1K7EJ]ub3!d)q",Check sum is I
test,"SZHCs$sHIRU`s,/_3Yai&|H54A^Qh6&",Check sum is D
test,"L:fn
Dd?K[Tn_SMC2?9;''RNqHXkds%jj5fd
	z<F",Check sum is B
test,#|fwgh$VV)f<p?YNsi<a3{am'?8&,Check sum is U
test,{;T}kA]!4YM/%	,Check sum is H
test,^P;@,Check sum is I
test,2F[wOZzVwK#,Check sum is H
test,"y6+w}""2",Check sum is B
test,",g>iN\>Z	C	QD(;2(H]bQ<5:l	s6d%(Ko4efXOy",Check sum is .
test,">!`K>f= M#wZPZ""^C]k})lv4&Ye$4v}Y( 4E1'xhe1",Check sum is 4
test,"`""m_s+t{II;o.Jxk!yGl$A]cplg:U?}G_vEQG5G""92we7	]""'M",Check sum is #
test,uWs;n@V#,Check sum is A
test,POK^*,Check sum is R
test,7P;^RzRiKZjD1 Vu.,Check sum is $
test,"Z
Q",Check sum is U
test,"""5WWySQbCgfI4g0",Check sum is H
test,"X)H:L&Ka+_$a 8Q)?,izt'&R+4Hvs",Check sum is S
test,~#A.{D`n8?[RxP|>2YWG04lpcmtK'\zds2{u+fiW.e:e,Check sum is T
test,;goKu,Check sum is 1
test,"!3._m3N\[;""vc3",Check sum is O
test,T%<b%4z{-D72(Oo&KHasTW,Check sum is =
test,R68TL!^l|,Check sum is '
test,"#p;.B6w,4`Z3yhe[M$ 29",Check sum is 5
test,~wbB?;XR,Check sum is ]
test,^iQ>1ss1+,Check sum is )
test,"=Xl0GxD,AH7.L-c\""",Check sum is H
test,"{.X^
%_+K=Wv}zzW$cVOx9p8@R1MlL5/|&Hv@<","Check sum is """
test,ndTeKI,Check sum is ?
test,!pcW}/[w>~)8.%4!B_47If7AYn,Check sum is (
test,nXQ2 !%AxIzlU3D5&LK6tDuDf:c&<],Check sum is ^
test,"W+[3l!F,J80a~x9n",Check sum is _
test,"D$5yCP}_""G?""G-Il2u'Eke!<v)Z%Y%78KhOfjb!g:[?/81sJ-",Check sum is 5
test,sL<?ea.g{bHi#sd6EI15_,Check sum is F
test,"""k>P%Vl<qN<O:q;}/(`C]D!YI	X>kq6. hI@')o1",Check sum is I
test,"bnK0;V5$MlY,~NN=f{wSI",Check sum is ^
test,"UlWR DO@T\dtxq<1Gw9X)BRQD\cp^zTTOB ]+];1`dUW+
@>l",Check sum is <
test,~H0%_GL!BO&zN r={/ors@=&mTx.!xl;}= cyk?SOO_{z~2,Check sum is 9
test,N.Lx+)sLwN3P]e*7BTX]sBZz38vILwb6e!&?Sh]IsOk,Check sum is 0
test,"y,iA]KV;%fXxv{7fLb+arqIhw&Ddn?~a&4=*Xe-x;
0?t",Check sum is ;
test,"?:o5m>eVnrP1,Pa4YmI",Check sum is $
test,vY_,Check sum is N
test,"rzzMxrtn""i<F+)Ig",Check sum is 0
test,pZMR+x3a8``$WTI`{z(qPs-=lL$;^'rv::[3f&O?[,Check sum is &
test,"1jq/1rlxW;j9U]aT,+cD/i*!P-1-p",Check sum is *
test,R$^;uFr5?0N3>S\Fit:fcQP'JapI_%,Check sum is D
test,"
r|A,7#%U,[$)hc4kG_]Ak*V7tK!J$5uD9jm<6avy=HJA&",Check sum is A
test,"n~rWD%{zI;'vf,fS6	&A@5i	` Q&[#	B,{[\nrk)b",Check sum is  
test,"KZf&s^mfQ	55SW4UX*,""",Check sum is <
test,"G]E%Hj""7FgW$A%hChlH8-txKZE)tWb?M15F/)*>|	aT",Check sum is Q
test,4J\DoS8i%b`$EI(o),Check sum is :
test,"[tcsSkN	O*i'.q -%,\cYO Jpc=	;&S`vzbf;)W
U?)zc",Check sum is 5
test,"XX(w/%It""i<",Check sum is G
test,O #Ic.7oO<@<m	eH|;,Check sum is S
test,8[6,Check sum is )
test,"o}t$
L0gmI?8}$w{
My4\)~iKM6;P^L?:I",Check sum is F
test, 0O*MQm+r_{Ynsq,Check sum is V
test,=N@HkBXeOj~|!:g9UFj}\6!gl7=a7,Check sum is _
test,!%E75'7vAya,Check sum is F
test,hetJ;e2>_KeS%B`P#X?m #(:S*Xl\s`zX:,Check sum is <
test,"o~zT56F22gHE4Z)TNyoYmcyd,D>Pn",Check sum is W
test,=&(szcs@ZQ$V&*E^-FG'R,Check sum is 9
test,"&hH/R|C[1sV@?br|*>o/N
YH^a,w!_96Gaj",Check sum is <
test,}\ZEA,Check sum is Y
test,>2]@}=%(/ \<.sl]@/~Dy Ro0b)cC0FH_$kg,Check sum is D
test,"]1}Uuo6,p5euQ",Check sum is V
test,JXA[t~H%g?Z:cQz*x5,Check sum is <
test,c3sGCo*,Check sum is L
test,4cDI/%l'{'MrZr,Check sum is X
test,"O,CX_]V%m+,(1Fm""r`LR]H%)	J}+dI+I?}-Zrq8NU>OMt]G",Check sum is Q
test,"=nGh""v1",Check sum is C
test,U-=%-PT<W-u,Check sum is J
test,"E\5cN*
",Check sum is [
test,('&bNvh_)FbwY8q^d8>qe`GCPB>n\#^U-6g%}A8@,Check sum is Y
test,q:b6$DQ<-bv# po28-3[Yq2XEKqno!O2xJb	F|%p#0~o,Check sum is <
test,'<Z$:Xq(^1~BZ~,Check sum is S
test,z|Z6BIGV8zP0xY6|_a*MQZ{,Check sum is  
test,"SA@C=,)./3<9Vl7jk9}Qm9I{/9Bn%J	t|p,bfy",Check sum is *
test,QT/\d,Check sum is 4
test,"w$m+aIt&9,du,[AfGt'rJ$	?B0CWSxRPM~?'>oq3(7",Check sum is '
test,"$7bR
RglZ",Check sum is 8
test,bkA/U<,Check sum is .
test,o^$XR66)`Y#R=c'x%z:>AV^!1J37z,Check sum is I
test,"GnIf#&76vH`$X""h ct_?!Jru#
IVhu]T?-S2z$wn""	_sp",Check sum is @
test,@(.eeED4v!bM@llJ1L6n?%/lNx2_0Gmgs	EOzQw> ,Check sum is W
test,eR+<4)~Z7itj&>VVITc2	=KJDKk0fdel/yZ,Check sum is U
test,"8.""&?Y/",Check sum is U
test,/TxZ3s|N!xxcyz	u:/}sP{]s7xhFS,Check sum is .
test,g+,Check sum is 2
test,"Br/| 2;Pd T/%/	^6]f<Esy""@\C""=#""i'/0-bD!BH*y~",Check sum is 7
test,m 3BsI:x[f{Nvp1-*,Check sum is H
test,d~?,Check sum is A
test,"Y,m)Y]'Iwq&QB%pj$5""]$=4hA%S",Check sum is O
test,"=UYr.6F,!yn^i]`7M.	JFegOB[heSxA.c$	6""ej0d8yJ<@o}Z",Check sum is 1
test,lEPg Od3Xm~)&yhm,Check sum is .
test,"Y""e,xyA?*?7(BIU""o""V.UerdqVWNB|DL$)[6p|=LM>/7<yh3_",Check sum is 9
test,}o.PeMm	Y~OiiG(Y`|~E(DGt45 ha7|^BMOJs?j#i,Check sum is +
test,"AYZ,cFQ8+=h^CP#.2fMyj6Y^,/t2fH",Check sum is (
test,KW,Check sum is B
test,g{k?R<L**u,Check sum is O
test,dNYz|<poK8uAXT .6KA,Check sum is 1
test,"]}Zb*CFFh+e-IncfGilfWgtc@aA%i~;n	|_3q>Sqwp(L
\SXrs",Check sum is ]
test,"(23U`^$@Q>xI@N^}LTUEz2QQeKs[-OV_ra..7rA""Fu!pC",Check sum is ^
test,"E>elQa=;7`||j^z|D]76""@-y;4>)HQ/",Check sum is _
test,/oB@tml/Rjoy4LS1%2rTGVzZ1t\Ej*:$,Check sum is *
test,"+R};|47h3_\eVeFiq
C%",Check sum is D
test,"=<v+A-j@d9E ,Z$<lr
f&eM
6!sxZ=",Check sum is C
test,"mHOso}=eFdJJM >r:POA>nk""""}{&nh26>1`",Check sum is  
test,uleCQ/RyheUo`F-YCr\bxSng {G!KMcB-	Ulc]E\oJ,Check sum is U
test,^=%x%g_:	F,Check sum is L
test,"3PT#f|q %RG;ij+OcJW3Z`lB,r/Du~Ad<+zIgYu}",Check sum is 7
test,(f,Check sum is .
test,"@OWK yK=_]`6,ss:F( GF}<
[`6L>J
a?&t~A*G",Check sum is '
test,"zYws$sY
B9<hon&i~mN:|;=NQ]i49L)ExXi",Check sum is N
test,"}hK&,#ZHsGH ,ZBI]^cD7.""YDTi+IY`VDQ,G#B`D6",Check sum is '
test,"u\,'qy#N8=@YvdOb
g",Check sum is )
test,"]s&;Y(VqmRZ)h
cnDid41l.A#,Te_WXeBe,~RXr(BM,2
0e",Check sum is K
test, 	3>Luf9AN>=v)&$V?Xr@&6{dDB#p;n~QNSF>G.!/_^Enbg/jB,Check sum is 6
test,kNzuM>lfR~G3hbf[r.8xzaA!MLvhYi }uJgAw+6~,Check sum is Z
test,"BW1,OD$l;",Check sum is 4
test,"@kA$24G#c#Wv{bI))c!hImQ57iG""'3",Check sum is V
test,"dp
[0 nX8tsgkVmc@%k4}30tl?",Check sum is I
test,*3U^'B-3+l%,Check sum is 5
test,"DlQA8tq""Z-s]?D",Check sum is ;
test," >d`<\AGA
O",Check sum is <
test,e[_cd!9tIR]&LoMyfzkKMc=i^4#x<J,Check sum is R
test,"?la	,z+v\eD,`Q@4-&_\yoU?HVBro8[tGw=,;F",Check sum is L
test,"B
 j60""oVEO6V",Check sum is #
test,"=vDrFY^RWfU:6t-Q?]p2yH%[y,8]hr4j:?J",Check sum is @
test,)4`op'#2,Check sum is 8
test,"<9HH}11i1<=fw7Z.uE9""P1tw,q?|s",Check sum is ?
test,"I@0,v7G4+HL}#l;Q_]o>X`",Check sum is %
test,~9P}gZSf?I|fdOzzhv`|p-);zw*G850X7U+_}L7O4cR=wI<},Check sum is E
test,DSB<'?R]odBLi9G=	WGb@4RIar	3735:D2/3^/`Q7!fr*4,Check sum is 5
test,w|.PU\DCxQN3+L7&yJAm%Z|Fo,Check sum is H
test,gek2VTk:L3L90;8cfZ0K1dbI#??m4GQ*L.#/#3_7q|ie2,Check sum is F
test,I6`F?%[v\4SDeh*4sj-3`^zgf(C	OS;7,Check sum is V
test,k<{O.dFHbOXp%ba6\@60814YKF.cVmRwt<2H,Check sum is X
test,1{S3S*3Vc#flr=~L6k~6HB]kAA|xIMi|G,Check sum is H
test,{ciLiGf}O?jB#%+33td8VsGVG/Ng/`?T?<.)ts*Huh	,Check sum is -
test,"c\QG.E$3dT>GX*	kf'VFzwA<3s|7MA*W,}Sd!>4zdrBm@",Check sum is %
test,"S>,cED|KfD3s-:{mW$RN1",Check sum is ;
test,"pZ*,b+7,P31)V1B""Gc*<	g=ImxyXt",Check sum is (
test,"&tl
Tw8%9$lBu<LXEEh""\:!",Check sum is C
test,"K<0Al:%&NqY""eA",Check sum is )
test,L-VLmWr,Check sum is 1
test,"nCAzN8eWX9u""/&/\aNn0rsH\SG
U}zIK)n{Z-.vuCLZy]",Check sum is !
test,KUs\>,Check sum is M
test,#{.p7=m!0}a/r,Check sum is M
test,"X'z#s)KA:j8rr4\DZ5Oe4TYPzVH^S
h7IPIA2DQ,",Check sum is 4
test,0c:,Check sum is -
test,"*R2[Fc?0?r9k$0
9sczy}lM;]Fx",Check sum is B
test,(6Pg;G/NbJh0)M-}U&LF,Check sum is %
test,"a,C{[>i%VVo-I",Check sum is #
test,"(TQ)eG.|IX""yy~i8S] nu""KCL95f;GJfH",Check sum is =
test,"h}R3i3@*~RzIf3sgE,
U	6Vn+#[
MDAI[0y!Lyb	",Check sum is L
test,:g>|K(#o^ YiB[uTjgo+Gq,Check sum is I
test,"<<7@ :D7Qvwa(]`Bxv.+B&Bn'cjd^2Qa,pBm>K)3]}=q",Check sum is [
test,?aMKK,Check sum is #
test,>[tIhxGqBI;6 {(R<p&$%f^yBE#/a8$l,Check sum is 9
test,G]tk/qcGkt?*,Check sum is 5
test,"$""N5~|8*.ZraO	~J~2C(;wTQ9f?ds",Check sum is '
test,`Zr{i4.LA3GBssL:=qz1,Check sum is  
test,"LSK&pcn_s,\F{{}hn",Check sum is Z
test,Y6]1B,Check sum is ?
test,"MPr0v[i]""M;4	B.R",Check sum is _
test,"-ERoh#rm50~nJ%W/{,7""!km'`w",Check sum is :
test,v?}'4,Check sum is -
test,\	Ir#6j?2-3*!oq1;(Hzw.&\%NO^5<Uw35{1,Check sum is -
test,@MdH,Check sum is Y
test,>+a}difONW,Check sum is N
test,"n*g{}h#\|XKMLsp!Gt5EL6g<""*NE;i.+=KS",Check sum is K
test,"]#3Ac(Ey|cpXZ_B	Q-^2v)@s)hGVm,MT7> 
V%*gAade.$M[	",Check sum is )
test,#CZB)h.jQP z!4\)@x:(8,Check sum is 2
test,"y%O,srQa@zp3CSj+s^{Iebr*k|	[&e9g*YBoax%0TzwUH",Check sum is J
test,}{_^d'R/ux<.Rzqky@*GtMIA.pE@2F73ot>e,Check sum is  
test,"W]&6qlcD""U=$ *6 :-mSO`(~MF	\c7~NNW$BokXPH~CT&$1D3","Check sum is """
test,&?u)8?_8A(Tke^HMvy8vSh+[yS,Check sum is [
test,"1Pt'.7*Zag[<(,{> CpD\r&a%fn{hZ`x{""8]*\
k=VGg$>Y{Ek",Check sum is _
test,",V $Q/<=I9Y;Ew#km+iraOxp'r1vQ9|",Check sum is P
test,-\,Check sum is )
test,"&f zaivtWFG?(
nL",Check sum is I
test,"<t&xc9?Aw#m
M$ve|$\vo}Y#rtxP9f7$n",Check sum is W
test,WS,Check sum is J
test,Gw:6>1r5rzy4	`G?7$z,Check sum is A
test,wl5i-2tKvwe@QqZWq]|	x}[hC36l60 	<8?gzL ,Check sum is 6
test,yzd>dOLhC!kOfa#Eu[g-W,Check sum is $
test,"'a3:x[,8""#
0/7J}I%FQ\Y6e)'
",Check sum is '
test,)1X*Y=Zg*g3L,Check sum is #
test,"+nlqj,Vg/#6SBg7be	H/P[4cz.HoDTGFO&7TV.4{itr<",Check sum is /
test,SZpxhMN*mmzMgvL&%`G(M6fte#r32Ic!RA@Wm(4I}	PT&(,Check sum is C
test,"
P.!&%R,&04Q",Check sum is -
test,";$xsoOwDM~I]{)& cPt<`e
;}7&E$!7%+zBwbOhCLn_",Check sum is >
test,jY2+X ne{/gB9 >,Check sum is 5
test,"5HgL}>lO6_j19t8NX/`M4?P]lPTqAnK	b@9LKo)#""Z_x:",Check sum is ;
test,"V;\r*L~6^v)&mJq$`,17;	G%E3 Mb*pn|<oU	<~o^t`\z-ok36",Check sum is 1
test,4OTXr-i?LK?op9 [[5X'HfjMzq+H]%,Check sum is S
test,"Ve0EnH[:Rh=j*""TB",Check sum is ^
test,"#9,VNu%|U!vHcG(\$.;ZE:?u
RZpWk6+:P,",Check sum is ]
test,B\o];+AzGeOl9=>,Check sum is F
test,e7U9Q2={w,Check sum is <
test,"QZr5X&vr$Za4Pl	I0~dW	-(B(
	>;7'#C~9nlN-fF@",Check sum is 2
test,"/29!dX
IgoC2^ySt$w Vjvh""5UcPLMo",Check sum is S
test,"m""P+O%2+QinS;*gWb{H.""qTI>^",Check sum is 8
test,)lBUTC9BI|B,Check sum is %
test,";5j+sM[EV-0T(S5YA,G""6S*[Bp6Ufco9G",Check sum is .
test,_TO&q7_;U6Yarwa)65>]XWFyXX?Ch+MpBC>g<`m}wt3km#,Check sum is A
test,HT}\J iA,Check sum is )
test,\<4qUTW3+61Wxj04C,Check sum is B
test,"|}3t^-{OtDEg2,i1	
6",Check sum is :
test,[K/#lt  j,"Check sum is """
test,spE@.xgA{\q.;Z[Zh@rfC/_Opl@4h,Check sum is .
test,"_itW:p/Y{bj{>q$5^@46,	9N%*$cd(""/UF",Check sum is A
test," 7jH6,KHe@ftmr""xf9*|	^2-w'>A%
G@TQ>85W0:Y
$p'~",Check sum is !
test,9pd.bKzM7,Check sum is F
test,EhcAZ5^,Check sum is ^
test,f#YrX_L@>FGj k+4bX'3G2xTwW7\&tQ,Check sum is ;
test,?%p)lzk,Check sum is .
test,)\,Check sum is %
test,"""~!+eM{,F",Check sum is +
test,Kt\zkaO9;$1btzD31p?EoT!,Check sum is )
test,SvO%,Check sum is ]
test,[dvx,Check sum is M
test,"q	`WMRkH
J1JQWO}",Check sum is &
test,I(Mm,Check sum is K
test,U4e)<nNNh@|8%mE_Pa$0gs-#9It~Cpak,Check sum is 1
test,Ng3		HC(Y{qJ-PaG'cj))Sl3	:gll`1/w,Check sum is 2
test,"$	sTX.t-\)USRO{Pa3$sr(rH	l.J4e
Le",Check sum is T
test,7p@0<2rhE$]_D2PDAf;=v=eP$E[6OP,Check sum is N
test,"QK)+B~&k.fXIflCaZ""vap=y
r--%5:0g~,0FC",Check sum is )
test, @+Qi]l_1STse,Check sum is =
test,q7LPvo)k8sVA^0dL^WtAsn;YiJg{GT2Q,Check sum is /
test,ls	z@	o),Check sum is #
test,"2PpI}3Kd
MTf/cL wn_tU_C;iYV%z$bvJB%OhO?KNBc\LKhYDN",Check sum is  
test,qZ}DagNdZ16k7UnLt4@$z,Check sum is ^
test,v&),Check sum is %
test,!e,Check sum is &
test,:5h>S%QYi@}{,Check sum is 8
test,"l\H7b}j!a*mI?=qG,>g:@Aao5R}'S#
M#~V\yB""=.rs:&:l\!",Check sum is ]
test,"\}u#B
kJqIt)y@!",Check sum is C
test,zy,Check sum is S
test,"}(SOU8,IZO",Check sum is R
test,E'aB`DbCBxFcC%ddlr]V;y27K8Cd-_.,Check sum is ]
test,:iL]^kY*Cf.0,Check sum is ?
test,"EYvT/Yvl$Ur%fo=ZL1
d13iS>`QD]q{{!H/U%",Check sum is B
test,@QJBGzKA,Check sum is J
test,"!
kS =I\liH@_F0:wKdDGs:QzF,o!hs8 &^",Check sum is Y
test,"VR<l5 uYJ'""@j`2&K7",Check sum is J
test,"q(=CwV4|Qz`o|
",Check sum is V
test,{YRKaSR6.ceUIH%1.&.,Check sum is A
test,	VmAF5,Check sum is (
test,$X}WPL^r)m<y%,Check sum is L
test,".s1JR
K_3?xx`
rbj$/H>;&&.>",Check sum is X
test,?IEI:1cl;7,"Check sum is """
test,",qS7t>4+I-RHit
d$w	So x#'x^o-wHx8v}(@HG3m",Check sum is &
test,s/! '	_L/,Check sum is M
test,"r()$X,\]pO
[&@b/O~` D""FDjJ}*f",Check sum is ]
test,"<gQWdlAi);u3D	UV_E17&iQv`8@E5.1>Kc pbrAAY""Ho2BRe",Check sum is +
test,"/6>s.TYo)po3dX~lL*%KB""G}/_W:%~.$-2}LB|i@R~* 6d9?",Check sum is >
test,fl;IJDezP,Check sum is 3
test,"3,:'G~\v7IS\+m__i[C",Check sum is C
test,lu$NM>!WwKL]yofjAJT~f]`rE,Check sum is P
test,KKLC ?%)d	^{WRNUBot]viLf}4eQgE&HV,Check sum is .
test,o-j`E3	^qj.Y^{0v2\|,Check sum is P
test,"Fz%!yX1xf!uP>-SO_""BRCPt""|)FC$?",Check sum is H
test,Fv:!+)_^C.,Check sum is 9
test,"|""]n3k	`2MKJ|:?",Check sum is Y
test,8RE<yTB,Check sum is :
test,"-H6{b2^3kT""xN
djEX>~G$:_]bw@sWL7nZ-*aO\m;XVc%f&c'",Check sum is )
test,NYrjA.fgCm*YJ()Ej46}I$;dH.q76 7C&T_2'er6*lS3C	HO,Check sum is ;
test,"0jPw4.&cU6kHydgvj<THblD9h}0{%zQ6.
`",Check sum is ?
test,")m`D0ajDjeu*-@E3/?JQ""uPcAdp=4[qRK""%W>",Check sum is J
test,"znE urx75!tKuY4eLb{*n`$H
^s)gLK\K`R -n4Sj7< ",Check sum is &
test,y5 %%1$dRn>g.DvMLbEj=M4okbc'LBQR<&o$e,Check sum is 7
test,"^k(]^A^f~3@CJnK1BTI;z	sr""Q/blLesl{ nJ'$ZjO","Check sum is ,"
test,";#ot,o\f$.""Ir.,5QC[deNl^WRmDc""a
n",Check sum is D
test,":""?*sBlr9A7)",Check sum is R
test,4)yd_MbP,Check sum is 8
test,	.*;@[zM1f%)1xM*xF-Y1^U*-Xv!gC,Check sum is ;
test,pm#Cwv<P0	$'m/Z\gKXMw:`x,Check sum is R
test,r*lxt]zg2vEp0n\uG)W*258x5gS7:9M+H5egxK#D@)Z#XGg,Check sum is V
test,A;8ka#:+QyOX3$ vUC,Check sum is ^
test,"#kjHFboiXoPP{q+G5+k_lr'VO[8MNe)c,3t
JWsdX",Check sum is E
test,"rY&_iOCfwF%t! 7m{
HFb:.8w2X:u;A_~s|&{#|mteNxLiXv",Check sum is (
test,"1
qE= rhV.lo_*,sf' 
*Nk[pJ5r,k?OTai3KWS[[L
R=U",Check sum is @
test,iQ&S/;z_2,Check sum is H
test,"""*","Check sum is ,"
test,$rfLH?*5FB^\yNl{dwvx`3pV,Check sum is  
test,"H^83aS`s+I)Wjf|ad^	YS/laXR<""iIYZ~s S%% z",Check sum is A
test,"I,\:)'&{AWplFBnfY P]]'q~9G@0v7*#v
3","Check sum is """
test,"Ld/])f]}SCK/w
8|Wrm<|_=qZ6gU~%Y}(T1o8}wdg$OgB",Check sum is 9
test,v@^?H,Check sum is ;
test,"J(RH;WK{~.gYI;p|,:<gV%*!#[R`PWa8licM",Check sum is $
test,"z3$kZ"".5f16]Q4]+#X_m:M8RmTg{1X('Pl;9dz3d1q",Check sum is L
test,"s,52[F}Tf""qzQR}u)?~Q i:hC58iwO
",Check sum is +
test,=m,Check sum is J
test,"c5""&yoRQ'$s8_Y^(WV%/bp0<w",Check sum is 5
test,4kz.(WuYsHT(s+X=5?[,Check sum is -
test,"$G`l@m""jQ	OwMKI%tL1",Check sum is '
test,"pxX+?_--F0u^
sDAj$@OD	_E@Ow$7'SdOwT,",Check sum is !
test,"`M@),8n
;by8;[x'wGpq
fYUy",Check sum is K
test,"d.OoSG<34/FN\/'8x
,,AWV&
*w
h'rHt%\-sg'6z?",Check sum is X
test,Z`\ve#ErR;U,Check sum is M
test,NRRRM9<m!b9(I`[t<W1$,Check sum is W
test,^c-	Hsf&	UF77L,Check sum is <
test,"\ywB,,CecFql42ijJ!H3pzQN\e:'t4s?",Check sum is X
test,"|,BYkmacsJ",Check sum is <
test,"Y$f]
87/x-#'+ilo%7j!GcAZrbjA(IY8MJg,m)}/'I!o!CP""4;",Check sum is D
test,UJ8	GL:GgxK	MpDIX0l,Check sum is E
test,"J\>zPRox
#F(.sH_",Check sum is *
test,"q>L~XdGOpR;4BWw(%,1Qn,FIh!]@{}tVjz<IZl+Vv",Check sum is ^
test,1/[0o_*`gd\SR-EZ'TfU5jEHc<A.Jz/5_LdB:3X#5{4#(eCFN,Check sum is 7
test,pXo1-;Na9+%Qva\Ld~U_\-f6CYx=$s_Jk'^(t. 8B;@_F4T5\d,Check sum is 5
test,Ju2o~ewpYl2F5$/N,Check sum is ]
test,3e>a#_,Check sum is Y
test,I'7O:W,Check sum is '
test,"d`!i>Pzu!mmxZ7XOpnSDM?,",Check sum is C
test,"x6wpy
m|g!""`[CCIH,,lh.%kj8G",Check sum is 0
test,"odJjj.~|4F9Yh&
.Z2|jd]ERmk,kbO%Q6Sh+[yd",Check sum is ?
test,W E5kI&4e#EW'6yTjZ>(CT_.LvW!8MQ*Evn9:7I9)z|V',Check sum is &
test,"sE5F5l \hsp_R8OZ9J=1H]rnmUM<MVng2;9dW,fG-0Q$geb57","Check sum is ,"
test,I~1<XD}zD)?)nwBG4t>tMlnCb?$r_Ri%.'`5U,Check sum is #
test,"|)	f	_ew4k(y&OwLptRNO@VbM.7?;p)""$EF,X{@EuaI",Check sum is 4
test,"r6d9)AAxP78|(^QD(S
ht2\G",Check sum is T
test,"L4,=HxmGR]p+WA-va?vGi_a11~TE",Check sum is A
test,*^C^_]	fh|:{1vK,Check sum is ?
test,o3C/4>uz,Check sum is U
test,"	?Uc\K+mple$k.Eb9qFG&Z;sCbwYD*d""&z 2X+Uq",Check sum is M
test,7Rnl{(;GOYN$KXb>n0!iMTE0o|h)h,Check sum is '
test,",%.\  }*G",Check sum is )
test,"K,4 b](*",Check sum is <
test,"Of3-p""l]vl8uD59PA>>$ YPX^2r(9$l{v]?wk5",Check sum is :
test,_bc@\\]?bUe/Tar+$wend_yA!p(,Check sum is Y
test,q6}<?Ybb!Lyov#> -z#gP+6(2F/'}dG0,Check sum is X
test,V{=A2ZF$,Check sum is %
test,2:&n)3C;oSkA4I9QnWm{.0rm),Check sum is B
test,"h""n$Y|8vDHfW}W~o0r=$c,",Check sum is [
test,"@GyVk14~2dGb8	QaOz{8WZ?)uY
SQ}wY9",Check sum is M
test,=/	4(KWvgF3:8*_<w`[6hJJSz&^nh1:tu+1C=,Check sum is [
test,"#1zfKP4nbW1n7?sCdxMd%Hh,DxX:V4N",Check sum is I
test,"1b
`%%nHM%R_Sl""#Jy	G
{cR",Check sum is Q
test,i/odp:&lt,Check sum is ;
test,"emqE_#hJr5+&Q{->&Z~%P,|wR'uCIF{LQ1J{
T^b	",Check sum is R
test,Wa=(Pu@!3_!RN94$,Check sum is G
test,"S_
KJN|8lGWGEu::~4)1sDQH*7,im8'",Check sum is P
test,hkr'jNS2bZEB/ S0,Check sum is ^
test,"63\	CE8{_#?-EYJccM5(i+/>Wyv21-LY;NJ	yK""(y5",Check sum is C
test,"Q,z{?U{|)o@pw{lvwf)K@z\w<7_8T{7 
 K?Jq5=Y1k-b)@uk$",Check sum is Y
test,TCr=ZgqJv[+9I~Z'A(?d %/X`i<{ovKOb/u*z=F=,Check sum is  
test,[S(hdE4;},Check sum is 3
test,%j7[Ux?xjaAk},Check sum is 9
test,y*;YCG^%^o6,Check sum is '
test,%o,Check sum is 4
test,"pOyRleHO!ZN+^kqP?uv7E)%S7&Fa;`/7I~E,NN0",Check sum is  
test,"{Ra|Kc`^]RGFp=w#If4/GYrD!~e<?D A`%ul\ d0b""i,C#_\",Check sum is 5
test,"M)n3Sc+[)Dv+=x>%q	""4yZh0UG2B3v9~uDH:^6L]o 'G=Z",Check sum is P
test,W/),Check sum is O
test,"q(q`m.,$+at$^:B$c&q[el'fTeKX&!3)fLh^",Check sum is A
test,RQHsRRsxOdB6i1)^%ICzsB)F8:hZ(mWcD,Check sum is /
test,"61MqP*bWZkU7(A/6vDIeL*Iti)2'""p{~1*dcVzV``R`","Check sum is """
test,"<Hr7zmt,!;Ed3	xFz}+NGa2,Ev~r""",Check sum is V
test,"_K2*U6}_A32q0	>'%,<
",Check sum is Y
test,b+{9)s({pWM4 hy5jz#fv^[/Vup*)f@V+;'O5pt;lr#+8V=	p,Check sum is S
test,"qTlQo""eC|2YcQ^9w+'F1=3|](;bnO$D;yS|B-yN5Tl:9YD",Check sum is ^
test,Iawz'9<iS!`.q>-Hf'Sv?gcX$wy6Q/#Tk,Check sum is I
test,j/6WXjuzS~_'KN+pF2w1NXf4PSK6,Check sum is F
test,$jN~q >@nj<e]K2EPz5M;Ag{,Check sum is K
test,ropxG1BAfR{Nr5r	YUujsAI 8bCjv\%02il^CTXui+KcE,Check sum is /
test,i9p*yZMbj|>NK&ifj,Check sum is :
test,"U
j6:t43a\e48)",Check sum is +
test,"%Q&y90tZ Wj}K:o{{]xbYW'|bZ*""3g|Bx",Check sum is V
test,"	u-wTM1$""g^ZyK0L_}ja0-t;zMy:DWz",Check sum is ;
test,"!P52\Ran3p=1
P)&h""&H^v`$^dH',g[^{^OK;H=8}A",Check sum is %
test,"	5uDZ""`k?Z')sZiJ<0a(9R P&",Check sum is ]
test,"*,}M]!*BkXYk3;=obH9>f34^)/*ZqmNc
e&$@[",Check sum is V
test,"Mn]9)9K+K,Cp'mr.)O?rn w",Check sum is U
test,"k9ak-y
!Xr)d#kE:]);FM\<\)X9#i/2+ ?])9A5=Dx{:dz4 j",Check sum is =
test,"$]@:`%E
LcjvH~~xZ'iq,4;PJi",Check sum is 3
test,"%""Db4U|!uILC$&!7*,u'242.uK*siE0 @G)",Check sum is %
test,"GPlKuq)R$G
gON'	(+a[xRLIf*]Ux&s4L'-g{#}EJ""%#/i2",Check sum is R
test,"j.S+6/6?!
Kskw#Axr{(",Check sum is L
test,y9@kzrGckx>qm\8(Gu.^DoG`hRLM[}eSJUI34O\,Check sum is M
test,"&QK4t""","Check sum is ,"
test,&[%z[2oGL!Y2ch/qxn~!a$i!mU;oE,Check sum is +
test,/6s3Evt3pxbM>3i CgCrXX	Pa9!o{^pB,Check sum is ;
test,3~m#Vz%^X8S]N84|EWoWU1&h-!E$:dz@]#v.Nd5s43`{G}zR,Check sum is ?
test,hmEFo,Check sum is /
test,"8HIAJ	~e?YkGJM.""]0&bc[9@_i/(g>
$P}WSzN=h",Check sum is 3
test,"zE83[|,vbvPOaOCXX	[""Y	sNh""6<.5c
a&63",Check sum is B
test,xHaBXg?/;jFovhxU0-qE|!KQ0*-?X nAHZGUj(F}#,Check sum is $
test,"{bDtJ,}{UOeECjqtj3srgN\",Check sum is V
test,"a]7=}1zO.ZbX:a1GU9O|cL3 Je+bDMB
+'`4cE;g",Check sum is B
test,"Q-Ac2
 1dlFYTfT1",Check sum is =
test,H4MjJqUm`?!k|}gO~W>EfP.UC@z_qTWFkn,Check sum is R
test,' ~>=R4!Z-f%73z,Check sum is =
test, t]`.E9Yn6pjy;&[Vy$cQi'=!].rH,Check sum is C
test,"rJYz$GUxfNP,hiW-br4_3
RTGO7C",Check sum is F
test,0lJ`y,Check sum is _
test,)=gKbpl<`D4|j;e4D@Y78a,Check sum is 1
test,", F!)b",Check sum is ^
test,K:ajfB7Zs6c3:3,Check sum is U
test,_wo7:.[*5hyl&=tG)\[-b>V{g[aS&B~{rgk,Check sum is B
test,->u\Vfvqo#@n{WdF6g(nN_sSE?&O1RE%h9,Check sum is (
test,"=a0kA9UD=r,
wpGGd4n#!Y!5oUA*Fg/A^|",Check sum is %
test,$Nj,Check sum is <
test,/Je[|&5!Ipx08xJeb?*fu;n_$moQny>Z+,Check sum is :
test,vS=n%-9u(0irAKUE^6!?aMPS|L_|;qGR/zKF+\d+,Check sum is *
test,k 0N&C<,Check sum is N
test,>Dp22j(x4X,Check sum is L
test,XzUCi{So= &4t.WR:dl%Rl,Check sum is _
test,q!4iw'H^&Qj^S~>UEe1Yom]V >*Dt}:_,Check sum is O
test,7=b^2\JG#&p\51t2RQO).bXl$L;!Mls6dtdw,Check sum is $
test,")%3sKg@WS v1`i|'eKp*3K,u$y",Check sum is )
test,"VOss$#,7-wr	l_dV(UXd7.0T{HAl1>(","Check sum is """
test,s>cV$9>cgb	A\<z89_uh[4,Check sum is )
test,4pe8,Check sum is !
test,O5YZZZ_uDy<NJoD#F|M>8^.h|+j[e%)O:N,Check sum is 5
test,VnHjk~fLcBqs$b/xi8Bh;;o1lNwn:B1mzg{mr7,Check sum is 3
test,"O-8:d""S$Q	,4J `>j'+JVD1&*'aR;NtLbtq	",Check sum is !
test,"Ll&^\jMJLD4JE7,j[FknMP	.)mY",Check sum is V
test,"SWN&v XZ#4@kA=F}?JxSSstF>M(/6fdE8""S}A$>%S",Check sum is I
test,}:5.b2}/ReEl|,Check sum is ^
test,"l]kR""9-[s<SEYciZ/Y{A",Check sum is S
test,M\fA@< >O}N*V-N>sHXXRUi%uBU5Rz1YLn	Fgw-Sn.,Check sum is W
test,3I\c	Yyqx^z?-:<kP^2lPIUOR%tD(NNBU9|o+,Check sum is &
test,iY1So=@Xsx>8>B\3y+dj@lF<QB\zq\ve[7,Check sum is ]
test,"Y'
5DuY1,e\FT$`/@y/@i",Check sum is -
test,|V20&vY,Check sum is I
test,{~>/&PCPL~z)dB9$,Check sum is ?
test,"t\,;YtA%_)l(6",Check sum is \
test,"LDeA,E6~7AZ2?RO:*>H3f{%Pt)uVFM>p",Check sum is ;
test,"WBYN
z0:9'rOcH#@x1[$hxLACJ<=z4$Uxilre;JZ]",Check sum is _
test,sygcYc1gPIdvNo/'2JqFu,Check sum is X
test,"oVA#\}[_""q'<{?BEl-C",Check sum is /
test,*ye}`KEFf+7id9/rVv&`ZOEt'z'	~'QB,Check sum is G
test,",cv`Rm/x%UR9lXW)`{=a;LI^R@	h<vST=!I""B""",Check sum is $
test,VyLH5Fc{-T%IKF!U\Hr5GN,Check sum is 2
test,"4%XG?Z""dhk2E",Check sum is A
test,@ N5=$=RMWfL/wZne0t@Sx+!_l{)408w|Q4QR3!:,Check sum is K
test,=ai&>ivT.[-~6Q]an'u=)~rZ_-91Q\w\2~=PO0' #h<+znc,Check sum is '
test,Q	DlPV0.eDXSN!}3bMZbd~^%L3L+B+,Check sum is T
test,"|8D~%1Xw;2eHSKVs+TX'2F@;+2F,	VE[7w",Check sum is )
test,$|5,Check sum is 5
test,4yUb ,Check sum is $
test,jCm,Check sum is :
test,9aP+Lmk\!N,Check sum is $
test,"C~c""maq",Check sum is %
test,OXHGUjr:	^I7^+K:MNW[x,Check sum is ;
test,"1\
Q&OFJ@*>L@Q>QCcNqE@2?1T_#`",Check sum is #
test,zVsUQv=Nyw>T:b LKGk/sPJ6'oYQHWFSIB,Check sum is F
test,90?bVHOBKsmt+,Check sum is #
test,"%Ch0sii552@\8t?z4=S8,]43""(xUgJOf',~eVB7g*^",Check sum is _
test,"y/V|Ksaf,: ^DU>,#J$Qz2\	",Check sum is 9
test,"%Hb,F!laj",Check sum is 9
test,R<vQuQf%FbtB25W`*3+D,Check sum is N
test,8y?Ps w4EbaP2=C8y{e%SXcT6foy@G^qBKsrKIi?yQR&;8,Check sum is =
test,%b'7(_8G1pBmQ{G97w,Check sum is U
test,"s]u2azF,#[`cQNFlp ",Check sum is F
test,{b(Pd=]0,Check sum is #
test,"qJ:HWyE,ks0S!~O",Check sum is -
test,"
`#J2T'ZFLY{O\1'V+d]mv\`LMlBp0
47mvO8r~5-t",Check sum is T
test,$@weMk,Check sum is X
test,\*zPNY@n DENO)50=z\<dB,Check sum is N
test,t3[)2W>[psr-m+!9{4 (]B}A7F#=S;v:n,Check sum is >
test,7uY!5*bl*H7	;nH.@$tRrOd]fT&83@nxgk,Check sum is 3
test,",M>BZpe6uN$0#y.
)[|C)4p$Gaz>f&Nl9FUc2hX8_hW:kN4",Check sum is )
test,j87n>ADplj.&!QD]N._W,Check sum is I
test,CeuEIjdI{~mzOW<mW*$TT,Check sum is ^
test,"Ck7KH;hMUG)[R\@Z*T,?|'%mS!us%;7`h3",Check sum is <
test,"(;c!o!92!]!bN$}aY
(U(Ub_ rmWtwQW\usLq5mE:{8`gB}cI",Check sum is !
test,"YU>SM9Rj[epl)@Im
T6n$Tg9Vyg**#F'nCrb|{jIcjD3
3r>W",Check sum is G
test,"5P^5qNoyQ'G,V!(l6P)TspP/MxUC2|Um)dyzn<eP]`$z""",Check sum is #
test,o|aXig](;WR\,Check sum is Y
test,kHt-F?uS ?mLaI$PAO	b`7;b)m@kj!K}*(=,Check sum is I
test,"TM,w'||D#8","Check sum is """
test,"}qQ
6=t>2q7F]]}[&%]Dvu|",Check sum is S
test,e9N*~8,"Check sum is ,"
test,=b&a-(wB\\7%sf1fZl|%mp,Check sum is \
test,"c2D}Y""+^B|H",Check sum is @
test,VU	TUKB>U:u>YRsfnyMc!g5;xt4LHo',Check sum is '
test,",] 0rx
ObM!Y-
sers2eQ}h",Check sum is &
test,D.HrQS@HISEPM!N8<Wk0us{>Om{5GX2qTSb>2O,"Check sum is """
test,"t@fhZ-?'kS,=]52C",Check sum is =
test,"IE;MU8:BW@3j,}(e, srwaMRpKGiSsIHyNvw}\",Check sum is  
test,j;XA+C&O.b5^CXuMIV5TIx>dF/fh[dv!@P{C)r,Check sum is N
test,"+S>vyEii^rB
	.-_A2kx)YM0>(YcZWR.lUvD[/E8
d.",Check sum is G
test,}QSVM4s`CA	*B'YUb8	%?MND/(9L[[E,Check sum is 6
test,&fMtH[H(eO2{dZj(e&E,Check sum is A
test,"4^bdTGLN{g,2~2Al pEX]v{1[h:q	
ZO&",Check sum is F
test,v77L}kdsXTR:uTM!R#]%q_4vKy.R<hh7-Y|*[(,Check sum is %
test,M-]S2@@Iy[Vh~%2qupXe]TYUf+9Au.N/K]+Oz,Check sum is %
test,"w:ZFl5=xJ|%""",Check sum is T
test,8%iN&0Nn`g$4RR]c,Check sum is I
test,\!_pw'S,Check sum is ]
test,N:YP0(p,Check sum is Y
test,<q\*ySU7B*<TLFLC4,Check sum is <
test,+Ug^:()Xl8=,Check sum is )
test,";%&nl9Gi
,#
}bP0-3|}05X;Ce g?[a>,JjQ.^Q:{[J=::",Check sum is =
test,(a@,Check sum is )
test,N70$$	SE]A@<g#w@jNn4y,"Check sum is ,"
test,"iYHZ~Z/v}$>PL8=~-Zvi""}*TROUIV4",Check sum is ;
test,"DiC{	I9-$**7hq$Ay4o.%""6wn,$Z`^W,`T",Check sum is ;
test,"Dzk&R +Fp""8",Check sum is \
test,"Mqcs|+zaAF|<h[6X1Sr
Gn2fcSo97p{c	",Check sum is ?
test,"=c@,5Ls+tPhPJBVQOFh$y_^XmsNHa	YC",Check sum is %
test,"BCIpYk#=s#5s@T<!19RckI5!e""K9R@]v8zGu+,ub",Check sum is &
test,"e'gKkF2	4m4@,Scw5UN$""GZnT1""V<x='u:a\%D7u|TquG",Check sum is 8
test,"s$
IF7KL_[Jb-13R`R	IsPe:uz?1Ve(v%>N&C0tbh,_",Check sum is X
test,s]tZLdjEK>GGOF0Yg4^uVoZ3<=q1*_@I]o<ebi^P|mM)F*,Check sum is 4
test,PPrqF:LCXV AXn2Mk`WH>,Check sum is .
test,:Qa@a,Check sum is -
test,XxLV5Sl1vq%Gl7'?8MEm'`!NL}yK*':>Vs+L&VVv7p,Check sum is E
test,gvLYixj?,"Check sum is ,"
test,@Y	i2u>IIHX3I9x&KVT!k&fD7#&n_ZOYK.Z@.8,Check sum is .
test,;\L+K3B>L_Y^!`aGG44L$h%eXkS{,Check sum is Y
test,0TW}b1yj(Rh~aOg6L,Check sum is '
test,"<7""Fk)R?|B@jXsb_88uy+]W6/n<eTpA$q;j",Check sum is D
test,"\tL7WLff~%y6YqBKMR+Z*y<,esWEgff(",Check sum is I
test,"
N/@S
^N(->\;r4SbS-6'}:J5=w9W?R:19kkj`2F",Check sum is Y
test,"$,wm_NTr-9
",Check sum is 7
test,zUaC).. M;UK,Check sum is  
test,"P""	:& <x'0&~_O",Check sum is 8
test,"e]z<Hv""]bIMr`2v/[Jp hKiT",Check sum is [
test,D$z;O}yQ7zT)]FTeks38O>I;T5EX;Dc-X,Check sum is D
test,"Y&tQ}g[v,
!
m~$o||P:y",Check sum is 3
test,"%+~#[=x$z|PT=F8I*F{$)`9c""s3iL	Y,4t;ZNC/@];eB",Check sum is ^
test,"8YkQSkr_8^BG+hSEujDXm'x$t*sP ~,""",Check sum is >
test,"xX(f9jL&I)<bT
)F3]j57uuW",Check sum is W
test,"Ztf,)Mb`Gi:O",Check sum is 1
test,\|M){_ r-vPbw[,Check sum is A
test,e2Cx/eRj`>4Huq{'s!#g3R,Check sum is G
test,"e!Q\0Y|/@""0Q/>OTor(",Check sum is C
test,NjdbA0V?*-r,Check sum is -
test,1>ezf6/M/pS;jGYC\i{wYlg@Rsl6r!].:fm,Check sum is 5
test,"~Y*Mr.,sUO=&G/! 52\f>Ev>%)(2Xu9,NoWNf8Hsf/U+)U",Check sum is 3
test,"hohWT	*:*!Lu,@T-Y=e",Check sum is +
test,&Pho2^:k'a2}gP:jt5 Lo*=z}sW1kw9./UG_W<^3%0L!18/Q,Check sum is S
test,Ni:MIPo}Dj3,Check sum is D
test,"
FB`%94]|\#.n	'-]9<&loRwA&~3rmY*k&,c+`h (aV^+D}0_",Check sum is 6
test,.({z@&o^{C(%_s'JXa>4=.:kzC~47sG#,Check sum is *
test,nGqHlTH)7aG	=;|$`>TK`GUxPOf?\@)G8bLy,Check sum is _
test,[m5.Qbr7![.1	#/ e8L,Check sum is &
test,"4 N^+.N'#B-FH?DU]'y42
q+mv]/Q?GxUd`xb A",Check sum is A
test,"""]<H-g0A4FC	!}""3h[Z\5
av$AYG>{NSD'e}Gk)Vzn*",Check sum is _
test,y=1,Check sum is G
test,"rbVbQ R'"" cs",Check sum is .
test,0 TAanhI6C%$f|r~AvyCoD@8G,Check sum is >
test,"i_duHN,Q|&308yK}",Check sum is R
test,;f1jJ[cXG>ht,Check sum is ]
test,p_e+,Check sum is ?
test,"6F_LwP*,;	C|uzHEmW2/4#1>*%W-WG0~P?EZ(",Check sum is C
test,XSoRJYp.>o5s9=WuWY3AxS@YDy8R'wPQV`^u~wDz<AtFuwD>1j,Check sum is .
test,"|@kp>vo+jY&\GfwvFH.5x&  }Hujj""._iXQF",Check sum is H
test,"wq4wrkH*.J)6lXzUs4#""",Check sum is X
test,I?WI :cR<#>1;yeDI-AqV,Check sum is @
test,QEa%aSgdy'G~I,Check sum is )
test,"g.Mqo4!|]'R%87$i}${,tO{r\4I4~*6X4)Z""KZR",Check sum is 5
test,"KD_oOvpCF
FX""pjFxfv0?nw3[Nu$",Check sum is B
test,"SkVIb}'Oc""2k&SYH=bK{@(;HR 9+pvFT;/)graYeJ",Check sum is I
test,"|r e_a #:H

e7,IXq{&AN'`",Check sum is =
test,"C,h= M^oXU11YgdMfb3dp",Check sum is =
test,F7pZ?](}Z~r^AW-v,Check sum is K
test,htp79B5\-A9Cna4]RbgwP3%s#e_UX;,Check sum is 5
test,/:cF+T3g=K>'6sTyiJ	S~xb<hHnCG[2<i7s&d4j^NQv$[1r,Check sum is R
test,:~Z[s|p_a=K5XM]*M0HwHF%YFncmK0?5,Check sum is P
test,wE#Oc])KISX_,Check sum is U
test,}\I'RQ.#4uOyt1'WS^fw{'Y,Check sum is :
test,"Nai*}[M&F""p&u1'pG#<iO@N9GZ}
_^jnM(vL0Q@0eIF~[(d	",Check sum is T
test,"^Eicl{;fIB;VX`<c_cvX""=b*",Check sum is E
test,U]#^jcTNq==m3bH$yf9c_xvrdI)I@ #PL2?I=PZA gqt]\T@	z,Check sum is 1
test,"/s%C,wEarrz",Check sum is Q
test,s=Q9vxPMA|63?uk[PzH:CWp}	\4L{wGMYD0q@yDi,Check sum is '
test,i$j~n$}@%{L;tE7oN{-<,Check sum is \
test,Cve4-SH,Check sum is :
test,W/7cL#Xp.{xhWU,"Check sum is ,"
test,"8)q(|V>'4-{]f{7whZ^gIU/_,27A\",Check sum is >
test,(f{Z8Np;7h;<ByP'-NwZ%)O>UqVj5EX,Check sum is ;
test,:Bf<IEXC&zC<ESCeJ@2Z(H>6oS65i-5nLoYYC/TYen]$V11,Check sum is >
test,"5ZTG4ZT4&D]I,S	[*YwqUXJ5{>
XXGJjsl",Check sum is 7
test,"zt4*@OUs$h8
WH&3Z0b\8x#x1z[n*a\BW'_%|q`;YQtX",Check sum is 9
test,+ge)@mO}Uv7+^>,Check sum is B
test,"v8KW>=f<822.bLY!GuXl90Y&WZMxDrB&,p:S,#t",Check sum is '
test,"K3CSO^ P[0V@JY!U|4'#)]Ts!$mv}UGd9~hju9""S-@)4+9",Check sum is Q
test,gPkPy:O<7e]zXQY<8:w1OXOY.Cr#zBy#}{tLkrE9)	S,Check sum is  
test," WBCY+{""9Ci8
yb.b^+9~imh""(G6.)|n@",Check sum is U
test,K8o&O,Check sum is G
test,2h'T$9^N~1-|@C2l2:#,Check sum is F
test,"Q46+%E	NvHB,bUU&M8M]8CZ^i1X2 *;/WMtCNmjK[O""|._~",Check sum is =
test,".*+Qr{{H{2'ajk7t""a%BwlX[u",Check sum is N
test,]rklI>t1z,"Check sum is ,"
test,{W.kcq<(F{`;RCq3PA7HR35~,Check sum is  
test,?&G,Check sum is L
test,"LCs 	*(PN$<R,%ct@
$Ae)Or .w:#$({Ef~d39_2&Z('",Check sum is U
test,u;e_*+Xd[  5cFr6gi5Z]f*5L`2,Check sum is %
test,pcyg)rs3y0J	#/dl0Nz/nB'YSoK,Check sum is V
test,"*W x(or""6lq9P`",Check sum is  
test,"P5ov3P5wJ-Mes+qTf>V!|C3pj,isvhV=<IP""#Gz^P|p",Check sum is Z
test,h.5{On,Check sum is #
test,"XRB#p W4YuIy7e&
OLDdY {\^MHT}||@aFnCkM4!z*eotSi2",Check sum is 4
test,uT>G7^W*gI{,Check sum is /
test,89-Nr<-_,Check sum is F
test,G5+;N\h!I~fY{Q	vJxu,Check sum is =
test,N.EJx[-FggE\^P]_\c,Check sum is I
test,"P""b
>0b)EjXEWd5$'LMd+Gg0w676h !",Check sum is G
test,")t(""2>/9#
2!:(FLVq<l5t0IsEZNlRb.XH1g|] KA",Check sum is O
test,Fe'#t$Cc>7oDhb:[C7a%}a#S-heTGSMRl@x,Check sum is Y
test,IqAQL3eFOG*E	jsSGu)UVN9:NSX XF&Ay[Bn_}vp,Check sum is I
test,;Fl&4G^J2]7%c_>h(R6^J)l8qo4m(3TWzy vs.uPUYU,Check sum is G
test,	bb'by^La+_JfEk>.?rh.RPMel_AX!bR3`EN<20DJ,Check sum is 6
test,pM-Oy_0`3\Vz,Check sum is  
test,"f{b""]pTa?:e/Q]TBSUcstVx>NOBDK/rYGo",Check sum is 4
test,.]T+pwfbxMid2a^S;<$I<D)E#86myq~RiR['~.mugpSWnVV,Check sum is _
test,aLD]bzS+h Q'*eL`:nsT3,Check sum is %
test,wUr:78U)/(fYX>Ge>.;1%BKl,Check sum is S
test,T}P_U]$Vh|&~%l	qN`[8sHV	H0>cy,Check sum is L
test,"{n=1Ioe
9F}hW2.WiL	`Fm[7O%O/n.{Q""Ga(5,Bz>%O,",Check sum is :
test,"G\~^z:]dh$*w@P,g,D|89

.[I//EsC;>@WN`_ q%}A#iXRgf",Check sum is T
test,"/UELM>5)\%qc:xNhE7w[W>zGdE6C;[L2WXtOA	,;e
D ,[%",Check sum is W
test,"0Mu[zzj4}.,pf{zSP|5LUZeLRj>p6`*I2e'@d0}0jnY\p-ou",Check sum is !
test,"-:%fhC|(I""",Check sum is L
test,RWv9N-D(g`eZi,Check sum is N
test,TI%_7Yl	`;wtW,Check sum is #
test,"x9yJ""PRLjbqMv	T1?^Fli6sm?SK	c+QX$i:'g?P}4K",Check sum is =
test,{A]AnUql{~R	^' %	B%sL.=67=.,Check sum is *
test,d7ojcq'/K0)VK7A=m*<GiJXAln1Qlrc;,Check sum is 6
test,"PEJ~ssQ""'",Check sum is =
test,LU'*.datpd,Check sum is M
test,Cb#B;0!w|*/4	B-,Check sum is .
test,"Q//j.:y,",Check sum is F
test,ZEJH/?Lq>_3hd6KY=N:?JR>PG*Fw,Check sum is N
test,Wim(?C%>Ff)Jf$mC#1%!+2?M10,Check sum is W
test,#0J{*$MH{}&o/S,Check sum is *
test,yDBq~Z Dglhi/P$^U=z{6.KTYFX],Check sum is O
test,|O&HAxpz2xKf{y,Check sum is K
test,X1MppO !oe5UHKH3k9eW'_a_2mon+,Check sum is _
test,"+:#G.JWoV
D=x^fB.2ls",Check sum is K
test,;w+Xbv}kv5 vi8Krt,Check sum is (
test,"
i&@[PlWvtUv*5cQV",Check sum is E
test,[g~o\O1I?dsn1j	9 3x|# %c-;=ov\1t`aceRPxVO,Check sum is :
test,"9?5g;`$]+AQZ
&KoN
D97#	&]VoBA7&G^<B&",Check sum is :
test,">'%X^""Xv3v",Check sum is 9
test,"vhz 4U2{E~]""^lOrnY4^2Fe6>['s9q*-=",Check sum is 8
test,"J9|$pO}'/14i%0[0'm})Br.l6tvKC~PSFw,R+&<D+",Check sum is Q
test,"tufyMQn""m=Sz0+&|0>HSg52yp5E""_JakIwJ",Check sum is %
test,"""VQm*Ohe",Check sum is \
test,-z]g m,Check sum is X
test,"#?[Rd!8>]X\i`gt6&jG]# $^rq^l4o6vH[Ir Q PC,~%",Check sum is [
test,kb2d,Check sum is C
test,"e(4	b*oY~<CW""(BPdjbJS[VONw- B9",Check sum is H
test,"ljq >""@",Check sum is '
test,NT7%&kU>)?$^*\Bu	_rj3?ejj7a	m6*On,Check sum is C
test,!/P}vL9ERRRO?jIYl|mmBSJEp?1,Check sum is S
test,R p@6%pFI8p,Check sum is D
test,"a)ds$x~c~8(8=,)X6o9'1z*H;+`Nh{M
|R1&G5^Y/U",Check sum is J
test,t8IovxU7dimm%~[[/1!*~\,Check sum is C
test,<]y}a0,Check sum is @
test,q<9;02aMuUCV;#=,Check sum is O
test,"<A	u R|4P""VrBiq_ l@
mEzdbnT@Sr|k(f_B(@cr]A1[g",Check sum is %
test,"=,tibg@*NyfWG",Check sum is $
test,"=[/DV0vB+N8B$S7l3]4	~,UPU(""`$Fy_(H:^niX[V",Check sum is ;
test,x!u`=s!	wa1[hg%1(^#x$=Eq*@fvQ'A$I#`Wd,Check sum is S
test,zRf](3U95hIaF%^R8_k b({,Check sum is !
test,yPa,Check sum is J
test,"lyqWl7
2~=*qEs\zs?1p!&%4)C]ts!N%q1y=SP(",Check sum is *
test,"&SRErVV}KTW	]I3emw9=dh""0E(Rg#b",Check sum is +
test,	*.1Wy-hE&.d%nK,Check sum is 2
test,"I1F<dFq+nS3Og0cr""_",Check sum is R
test,"Ye`5b~I_r:rM""HKu	6s=60dCFI~W2","Check sum is """
test,t	%!g`k!zLApWT]6N=*n3+&pK\]|%'Ek,Check sum is >
test,q{XX	5Xq),"Check sum is ,"
test,X1J~V } 3JvGAu~C`HLY',Check sum is )
test,"OPb!o^Vn""Ea$ZCfdiA2MP",Check sum is _
test,oB:X*zy%jLX5t<.)BBOR]b\Uj	#HG{VHXVaFo@0P0v)x7!,Check sum is %
test,"
<uvf*^fwwmIvmZ4AVSopQUANn%&FnEqMFYq]Y4#""+9]k&DhO}",Check sum is 1
test,"[xLblmj'BP67[$
%C<HPS\^,fe",Check sum is S
test,$6K?1)Tz+I@iIDpW,Check sum is ]
test,Fc>Cz%}5O(>fIH!v:Nne0?kl B]SVB1ryo&ejl^U}n,Check sum is 3
test,{ro,Check sum is <
test,",n;K9-/0vc#)*a&]&7D$K-P""%?o.",Check sum is (
test,hIiVE-{Pkzd^(}_m<D_nkU  ]L\\8cz/2?xzF0_er#gN_t.,Check sum is ?
test,"/
",Check sum is Y
test,"V9	MnlgI0N
M>S%I=rcGtn:$WT2>5wqc[s",Check sum is %
test,\VCMjjQ%5/bo!PI=!NAQ*quXkIhS:H=aW,Check sum is '
test,"~:lcVBw~Om1]RpBAD);Ridfey(xKSy7J""`~E2qzVvF*",Check sum is $
test,y.``zP#~ywY&@4F{X(g}XMm]Z]k- _H#L2*m/+bh_>M*7$,Check sum is J
test,"VJ*#1I=m:O2g%@
X|8n#3OrP. p",Check sum is !
test,s'2&}JY>?Pv/1l4?v$W8W	HaT_,Check sum is Y
test,")F%#]vX=OP2-JKY,GCiB9rz2_d",Check sum is &
test,"vR q	@>_,8xG'U}tLiktsnrq`Ok`peC@ ~.",Check sum is %
test,"]ezYT=t7>6""yF4g",Check sum is !
test,"0@k3fv,DjiAfUp_><NAIxtX_gRNV
Y}D`BmMQn%zAUq[Y",Check sum is C
test,J_p7`l)]	],Check sum is (
test,"BHY;N~ce.8DJ%sPWPP1W6:4abfirGq@""8Ydi""FO",Check sum is D
test,)!DCWG*j#-=6K<4{Br>J]4bL.hwKo,Check sum is ^
test,#.R.h_4u}c	71NXNg~eUmi=EJ\9B,Check sum is >
test,(CxDALsEMCOylTn5~3i`yl3[@W&D.vm|:~qP=|zdzzLH%,Check sum is ?
test,{pA\4g7$kr)EUgKo5b[ewsX,Check sum is 8
test,&u*|^,Check sum is ?
test,"v
qQO?f;CHcaj-Un7`Ip	y+cX'Q
o::fV[lM/;*{iH",Check sum is '
test,"z[,T/qZ1Hbh*a5eP&(bI",Check sum is  
test,"g^
K}FJXv5(yXq^$5N_V
",Check sum is 8
test,"<`
)]",Check sum is L
test,"2 dO~4:x]?$jcqLtjW;;VX-
fHObM,pST",Check sum is R
test,"a,)ck!%[3b)p^5UHuw-9p%T:",Check sum is X
test,"{WNelOL0""o,*:Z>!6'w",Check sum is J
test,.L\9HdW)Jtd!1>w%,Check sum is )
test,"*b"" ""$`b/k*:?UI2R	V(][eCI",Check sum is E
test,f~0=gHki~IV)drO	)!p	}I,Check sum is 1
test,"_vsj5VCb|3,ibJ:!c_i*.qe`ZS_M>~[}/9>,>",Check sum is C
test,"c""{W6j""-f uM
L7(#DpDhf^z[,%/uDq=<q""<)",Check sum is Z
test,S?W7mQWWoN[r^O&P6R[S&i,Check sum is ^
test,"4	`\P,P{AHNP@dhQ+8Ad)gL'Eo1gW:'?/$0o)VIQNhNg -Yx",Check sum is F
test,i:b6e%I\	OHa22!1TXD'w{t0EQ F^7I#as7E=6 <Oq,Check sum is J
test,r\a[2	PGcWiX&oX\,Check sum is @
test,A~(vGs5&Iu0h%z_gLay!;r0i2li[}w[^FG.Lsv?UUuo,Check sum is &
test, Qvu>hdd<Wma6,Check sum is A
test,"WKV-X`
#mybOi%8jRC""c~db-; wT&\cNc3==casT",Check sum is 0
test,U?],Check sum is Q
test,`paw|~r_Y,"Check sum is ,"
test,"v$9T$Q87`Ef""h&ci/""L~i./%;3^RZ)1?p^Db/d8V;;D-M",Check sum is R
test,O\>u`)sN|Mk9R9Xq,Check sum is I
test,"t2UwCe7kZh,P${mri\3B.vu:Ve%<w5h5w;",Check sum is <
test,URCM<h`>UkvO+t,Check sum is =
test,"kN""$NSmW",Check sum is D
test,=9Sg7v@VqpA>l}?*KfP,Check sum is F
test,3V{O{JR0n16QHjE][,Check sum is O
