set,input1,output1
train,,Check sum is  
train,	,Check sum is )
train,"
",Check sum is *
train,"B
","Check sum is ,"
train,"

",Check sum is 4
train,"

















































",Check sum is T
train,                                                  ,Check sum is  
train,ssssssssssssssssssssssssssssssssssssssssssssssssss,Check sum is V
train,"CD
CD
CD
CD
CD
CD
CD
CD
CD
CD
CD
CD
CD
CD
CD
CD
CD",Check sum is 7
train,"x
y x
y x
y x
y x
y x
y x
y x
y x
y x
y x
y x
y x
",Check sum is &
train," 
 
 
 
 
 
 
 
 
 
 
 
 
 
 
 
 
 
 
 
 
 
 
 
 
",Check sum is :
train, ,Check sum is @
train,!,Check sum is A
train,"""",Check sum is B
train,#,Check sum is C
train,$,Check sum is D
train,%,Check sum is E
train,&,Check sum is F
train,',Check sum is G
train,(,Check sum is H
train,),Check sum is I
train,*,Check sum is J
train,+,Check sum is K
train,",",Check sum is L
train,-,Check sum is M
train,.,Check sum is N
train,/,Check sum is O
train,0,Check sum is P
train,1,Check sum is Q
train,2,Check sum is R
train,3,Check sum is S
train,4,Check sum is T
train,5,Check sum is U
train,6,Check sum is V
train,7,Check sum is W
train,8,Check sum is X
train,9,Check sum is Y
train,:,Check sum is Z
train,;,Check sum is [
train,<,Check sum is \
train,=,Check sum is ]
train,>,Check sum is ^
train,?,Check sum is _
train,@,Check sum is  
train,A,Check sum is !
train,B,"Check sum is """
train,C,Check sum is #
train,D,Check sum is $
train,E,Check sum is %
train,F,Check sum is &
train,G,Check sum is '
train,H,Check sum is (
train,I,Check sum is )
train,J,Check sum is *
train,K,Check sum is +
train,L,"Check sum is ,"
train,M,Check sum is -
train,N,Check sum is .
train,O,Check sum is /
train,P,Check sum is 0
train,Q,Check sum is 1
train,R,Check sum is 2
train,S,Check sum is 3
train,T,Check sum is 4
train,U,Check sum is 5
train,V,Check sum is 6
train,W,Check sum is 7
train,X,Check sum is 8
train,Y,Check sum is 9
train,Z,Check sum is :
train,[,Check sum is ;
train,\,Check sum is <
train,],Check sum is =
train,^,Check sum is >
train,_,Check sum is ?
train,`,Check sum is @
train,a,Check sum is A
train,b,Check sum is B
train,c,Check sum is C
train,d,Check sum is D
train,e,Check sum is E
train,f,Check sum is F
train,g,Check sum is G
train,h,Check sum is H
train,i,Check sum is I
train,j,Check sum is J
train,k,Check sum is K
train,l,Check sum is L
train,m,Check sum is M
train,n,Check sum is N
train,o,Check sum is O
train,p,Check sum is P
train,q,Check sum is Q
train,r,Check sum is R
train,s,Check sum is S
train,t,Check sum is T
train,u,Check sum is U
train,v,Check sum is V
train,w,Check sum is W
train,x,Check sum is X
train,y,Check sum is Y
train,z,Check sum is Z
train,{,Check sum is [
train,|,Check sum is \
train,},Check sum is ]
train,~,Check sum is ^
train,03,Check sum is C
train,NT,Check sum is B
train,l[,Check sum is '
train,C2,Check sum is U
train,V],Check sum is S
train,Q),Check sum is Z
train,G!,Check sum is H
train,"r
",Check sum is \
train,Q\,Check sum is M
train,Ey,Check sum is ^
train,dq,Check sum is 5
train,$c,Check sum is '
train,|#,Check sum is ?
train,"_,",Check sum is +
train,}`,Check sum is =
train,mU,"Check sum is """
train,>i,Check sum is G
train,5|,Check sum is Q
train,F;,Check sum is !
train,vn,Check sum is D
train,c3,Check sum is 6
train,j4,Check sum is >
train,"6,",Check sum is B
train,V\,Check sum is R
train,7X,Check sum is /
train,N#,Check sum is Q
train,C%,Check sum is H
train,\a,Check sum is ]
train,}\,Check sum is 9
train,ji,Check sum is 3
train,$C,Check sum is G
train,G	,Check sum is 0
train,RW,Check sum is I
train,3.,Check sum is A
train,)E,Check sum is N
train,=*,Check sum is G
train,$1,Check sum is 5
train,rg,Check sum is 9
train,N9,Check sum is '
train,yZ,Check sum is 3
train,Gy,Check sum is  
train,I/,Check sum is X
train,UT,Check sum is I
train,{`,Check sum is ;
train,fq,Check sum is 7
train,B+,Check sum is M
train,A\,Check sum is =
train,sW,Check sum is *
train,UZ,Check sum is O
train,Mw,Check sum is $
train,	q,Check sum is Z
train,S&,Check sum is Y
train,.k,Check sum is 9
train,CJ,Check sum is -
train,/`,Check sum is /
train,J#(,Check sum is 5
train,0K-,Check sum is H
train,Pde,Check sum is 9
train,:;4,Check sum is I
train,9 e,Check sum is ^
train,y]L,Check sum is B
train,DG&,Check sum is Q
train,9%6,Check sum is 4
train,g6X,Check sum is U
train,oY-,Check sum is U
train,xvj,Check sum is 8
train,4cI,Check sum is @
train,v3J,Check sum is S
train,Cml,Check sum is <
train,1-&,Check sum is $
train,1n},Check sum is <
train,+6V,Check sum is W
train,3I@,Check sum is \
train,"!m,",Check sum is Z
train,<T[,Check sum is K
train,Ogy,Check sum is O
train,n13,Check sum is 2
train,l=	,Check sum is R
train,^~N,Check sum is J
train,FS9,Check sum is 2
train,-6A,Check sum is D
train,V3>,Check sum is '
train,i/7,Check sum is /
train,wIX,Check sum is 8
train,7:s,Check sum is D
train,(Tu,Check sum is Q
train,a~o,Check sum is .
train,HNw,Check sum is -
train,{N~,Check sum is '
train,OCi,Check sum is [
train,QU\,"Check sum is """
train,rwo,Check sum is 8
train,-&k,Check sum is ^
train,6^I,Check sum is =
train,-	y,Check sum is O
train, NO,Check sum is ]
train,:-(,Check sum is /
train,$*k,Check sum is Y
train,u+],Check sum is ]
train,keV,Check sum is F
train,wQ3,Check sum is [
train,9#R,Check sum is N
train,QW(,Check sum is 0
train,zRh,Check sum is T
train,Byp,Check sum is K
train,3dG]_/=bE#2-{ @0^v+*-RPMCE*$J9[I8LZv#R~R_,Check sum is T
train,"i^<""<8vh_Qy?@	o89;a0)[/.K!nf+	",Check sum is I
train,"Uv,/\.WB""	",Check sum is T
train,"[}|)WSr583gA8|^L'mT<0r{P<n
p%6QP6Y|AR{G=",Check sum is -
train,"""hc",Check sum is M
train,$;+c$2xS1LeA$/Z,Check sum is >
train,"6ojDT,KPIbw!",Check sum is Q
train,-%bp,Check sum is D
train,"MJ7t>f H1,X9jr^qH!<TnC;$N1a58T&""2QVow0-HvT&MeZPjk",Check sum is >
train,#0?!/)%d79+[v|d*Qj,Check sum is %
train, 7i	3FU/:S)uf8Q@7KTUv<>>7tl[xrGkSd-,Check sum is K
train,o:i	XKRT8(k .7|_E	$gm_,Check sum is T
train,"N""?iC6$!/LN,$ck>	C^u8)9^hgg<KiUse0
<Nb@s\X`""Z_#",Check sum is 0
train,",sJ2W4!_tdI+",Check sum is R
train,~gM1|`08MQaZH.~u*p@&[Q.n	d'-vm],Check sum is R
train,~*iXp`dpXEy^_5vPW8,Check sum is J
train,IyjC$%Yhz>*Dk.%)M@EPi:3V$Q,Check sum is )
train,SX&yJH^>gC-l,Check sum is [
train,bnd',Check sum is ;
train,"Wt2{JAw&;Tgc/L}:xt""^",Check sum is 7
train,"u0dL6
`x:=c",Check sum is '
train,0l$ST,Check sum is G
train,YuJ7.L,Check sum is )
train,"=&7VObZ-J~:b@5&M-N]CE7
\+",Check sum is <
train,"=v!\%
OK9Gy	",Check sum is [
train,SH/=}<!,Check sum is A
train,OooSQ`lA89}	2FZwF~naRxA%ksU_6C0eO$Ab>aVtec ,Check sum is H
train,"dgA}(#erwSuTBChC
{Y^Xw3[le}@A6M1BDWlASsBS2!o%
",Check sum is @
train,"/Hw[4\!28w<|eSg{U*i4}t,Y",Check sum is _
train,;bGxz2t9V@1Q_R1--J#<z|)D|uQB 6,Check sum is O
train,)?,Check sum is H
train,x'TL5Zwv{8%0T%K.l,Check sum is A
train,"OU(qY,\x^]xDbZ'<il*9,}:DeqNWUnkkdi4aip6UT &uIWYvvy",Check sum is 2
train,+UNV*B$9I9%(\s4Y0$zzl]'p`upzV qwtUt~R@5,Check sum is ?
train,_#_mIuh/g3@dYIYVYd,Check sum is O
train," =3ZK50?zz&	Psi,)=`RG-O=(B%_",Check sum is :
train,"#
hq'p%[BOq",Check sum is ?
train,U9%7)_0emJPzy9;rID,Check sum is T
train,"/mxDS/^a!kh
9Xi=lkV]b`",Check sum is :
train,m4nSE75n1felRcR%1vY,Check sum is 5
train,"^/t+&4lmhY5c,J))#:C1QFOW-N6=i4-:|u@23v,",Check sum is X
train,"tCF5*$EgTd,{sl'P:@E3UEXkpn#;",Check sum is L
train,5:nQlJa_-fxsLG#,Check sum is 8
train,2I0Li$?',Check sum is J
train,gt=5@4#BH+r-DZ2<ij~Qe=5th,Check sum is 9
train,"M1+on3f#;E9A""M]8{kG<%$""TFL{ mNDdC{a(tCP""m:d)^Z",Check sum is 4
train,"!7}$9;@,GELF
M&}F9@2VLt;['-1",Check sum is 3
train,=Tt7]>v	>\C(N%q^LJ9tO#5,Check sum is '
train,"T&Z@qpa+*8%gL""",Check sum is =
train,M#&> T~xfnmF%6\CN7G^GeH32,"Check sum is """
train,"MSd46I_JT,iL8]0ML4?B3z@-_J(n^w^RM!vL""",Check sum is 8
train,"m Kf65f*6p.,?R(aE^FkJRoA3W<F@\:fx5",Check sum is H
train,%SHzc(pB n12%^L:<c,Check sum is 0
train,Be!GUNA>S|v;-\Lp?O	kaoDn7i7AE2q	+bqb,Check sum is C
train,"pU3z	#v^k
y&-""h!hkyB:FUxOWn5F:nn",Check sum is >
train,"h6^JW\,d6?n&<;i(A,!)o%Se1u+",Check sum is N
train,^mQ PVxrywJ;{IP8#Pwi,Check sum is @
train,"A,L-F
>| Sl""c>?Z/]/XEG",Check sum is *
train,"^TD2<a-4KTXGe4'.lI,L/ARcy=]L|Wf:d%?i&|h(l&"";kWJlfM",Check sum is S
train,"1yEMD)3\1I$UmheYIgZ9{w5
4CU ~n3T^8EHP5>D0e.>&Zj",Check sum is F
train,"wybGPYcJunpL?6,wYh!TVrJ0u#(&O?NcECqF3iu",Check sum is 3
train,"ojPkdk CdBs.4~Ij^NvX=<e$l,W1@*)
+lCuM0!cG","Check sum is """
train,"2Hv,IBA;s^AzPRr]K%-",Check sum is ]
train,jy#K_@ e_ix5Kn0_%^S5,Check sum is ]
train,"/E?k>!32=mW_
8x6R7	$G[qt19-#""%$oS%&!QJ+7I^fp",Check sum is \
train,dT|,Check sum is T
train,z!,Check sum is ;
train,oRq9zSP,Check sum is (
train,"mXsFY""?47fjI!pmkMTpR[or`d",Check sum is (
train,v?,Check sum is U
train,{ Sn:b)f/p,Check sum is F
train,"wYxKL]j""jgHFMHYXtJ%_x^w!R;s QXFw);;V#bBOy
PaK",Check sum is M
train, yc>(	'F(jLqG[i	a2gy~<\1G+R'i,Check sum is )
train,FT%3`H[S}a8:(doSjy1c*]kK1u0$)lAp8fC,Check sum is [
train,&-WoSppf-,Check sum is ?
train,"-f,^6rm\;hbzODm>q#C?melh&|Jy_XWGL/z2{wX:",Check sum is L
train,"j
f!&<s6*b	a5C2Wi5}tRJlq%OVaTSbjsitJ;\D~ZE	?) FPa",Check sum is ]
train,7Ra?=0# 7 #c@z*]Z)u5{+s'*Z*jJ0M-SUCaX'fmTH`D'1(M	,Check sum is D
train,aT,Check sum is U
train,)zbr7vfkl)K6ooJ8\V#H-y,Check sum is N
train,r\N1P5a=Gl b@`c!}Hgk*z~U\~V	=,Check sum is -
train,"R][%v<J[j	@tp?E5^O,r3
 ,%?YiRdf`4uQ",Check sum is &
train,"6o??I0*w<3(~[TBs:)_bhOS,^:K""]Q)L5E",Check sum is R
train,"41H
	:cZhw",Check sum is 6
train,"@+G#k,viB~FHvS@]Z>*pE',=K0;=PM4+:^F<[.R|'}",Check sum is *
train,ql>^?rHE]aVjB\yzj*~vUaDY{wcyKrmok0&L]mA/pIDDuw,Check sum is \
train,$8.gWS<du~FrMH>Ly?vA{k88+Ik-9H{OW,Check sum is X
train,)86;TL,Check sum is R
train,}3Ir/v+1a.!+#fU6A$uxg,Check sum is 4
test,m4,Check sum is A
test,\f,"Check sum is """
test,NL,Check sum is :
test,xA,Check sum is Y
test,YQ,Check sum is J
test,zD,Check sum is ^
test,[t,Check sum is /
test,ve,Check sum is ;
test,y&,Check sum is ?
test,(b,Check sum is *
test,+W,"Check sum is """
test,| ,Check sum is <
test,rf,Check sum is 8
test,z+,Check sum is E
test,Zb,Check sum is \
test,DN,Check sum is 2
test,M=,Check sum is *
test,Y;,Check sum is 4
test,(;,Check sum is C
test,~F,Check sum is $
test,`4,Check sum is 4
test,gy,Check sum is @
test,Y>,Check sum is 7
test,G1,Check sum is X
test,[L,Check sum is G
test,/R,Check sum is !
test,NF,Check sum is 4
test,h[,Check sum is #
test,!b,Check sum is #
test,Mk,Check sum is X
test,i6,Check sum is ?
test,ST,Check sum is G
test,M^,Check sum is K
test,P%,Check sum is U
test,k^,Check sum is )
test,5S,Check sum is (
test,T^,Check sum is R
test,Fq,Check sum is W
test,1G,Check sum is X
test,!a,"Check sum is """
test,Z=,Check sum is 7
test,Mv,Check sum is #
test,/=,Check sum is L
test,"""""",Check sum is $
test,_`,Check sum is _
test,% ,Check sum is %
test,-U,"Check sum is """
test,3=,Check sum is P
test,mn,Check sum is ;
test,JK,Check sum is 5
test,xU,Check sum is -
test,vY,Check sum is /
test,A0,Check sum is Q
test,DW,Check sum is ;
test,jA,Check sum is K
test,iR,Check sum is [
test,Oz,Check sum is )
test,W:,Check sum is 1
test,%J,Check sum is O
test,Ff,Check sum is L
test,Bl,Check sum is N
test,m:,Check sum is G
test,ny,Check sum is G
test,"},",Check sum is I
test,I^,Check sum is G
test,+g,Check sum is 2
test,:g,Check sum is A
test,?T,Check sum is 3
test,yo,Check sum is H
test,fA,Check sum is G
test,-q,Check sum is >
test,",H",Check sum is T
test,o!,Check sum is 0
test,5o,Check sum is D
test,da,Check sum is %
test,+t,Check sum is ?
test,2o,Check sum is A
test,P:,Check sum is *
test,6m,Check sum is C
test,<%,Check sum is A
test,Av,Check sum is W
test,$1,Check sum is 5
test,P|,"Check sum is ,"
test,}],Check sum is :
test,g.,Check sum is 5
test,KT,Check sum is ?
test,S+,Check sum is ^
test,%D,Check sum is I
test,fQ,Check sum is W
test,:	,Check sum is #
test,lm,Check sum is 9
test,3u,Check sum is H
test,nU,Check sum is #
test,-$,Check sum is 1
test,-V,Check sum is #
test,pv,Check sum is F
test,Hv,Check sum is ^
test,wj,Check sum is A
test,k0,Check sum is ;
test,u^,Check sum is 3
test,7K,"Check sum is """
test,r;,Check sum is M
test,30,Check sum is C
test,)h,Check sum is 1
test,1B,Check sum is S
test,Db,Check sum is F
test,%L,Check sum is Q
test,bB,Check sum is D
test,kh,Check sum is 3
test,d4,Check sum is 8
test,in,Check sum is 7
test,a;,Check sum is <
test,p9,Check sum is I
test,C/,Check sum is R
test,-O,Check sum is \
test,uP,Check sum is %
test,S],Check sum is P
test,\),Check sum is %
test,)r,Check sum is ;
test,Q|,Check sum is -
test,?5,Check sum is T
test,)U,Check sum is ^
test,Bv,Check sum is X
test,P),Check sum is Y
test,-M,Check sum is Z
test,tZ,Check sum is .
test,x;,Check sum is S
test,L|,Check sum is (
test,]~,Check sum is ;
test,O$,Check sum is S
test,gP,Check sum is W
test,*>,Check sum is H
test,"
,",Check sum is V
test,pI,Check sum is Y
test,2p,Check sum is B
test,SG,Check sum is :
test,m|,Check sum is I
test,>P,Check sum is .
test,E+,Check sum is P
test,{P,Check sum is +
test,AF,Check sum is '
test,Ro,Check sum is !
test,Bg,Check sum is I
test,@$,Check sum is D
test,l0,Check sum is <
test,iB,Check sum is K
test,;4,Check sum is O
test,<w,Check sum is S
test,"a
",Check sum is K
test,O',Check sum is V
test,JZ,Check sum is D
test,<},Check sum is Y
test,ox,Check sum is G
test,86,Check sum is N
test,^_,Check sum is ]
test,7j,Check sum is A
test,ud,Check sum is 9
test,B<,Check sum is ^
test,Mi,Check sum is V
test,2L,Check sum is ^
test,/W,Check sum is &
test,)b,Check sum is +
test,YX,Check sum is Q
test,Kw,"Check sum is """
test,oE,Check sum is T
test,}_,Check sum is <
test,Wu,"Check sum is ,"
test,3j,Check sum is =
test,'`,Check sum is '
test,(4,Check sum is <
test,Dv,Check sum is Z
test,3g,Check sum is :
test,zD,Check sum is ^
test,|*,Check sum is F
test,)3,Check sum is <
test,2<,Check sum is N
test,}f,Check sum is C
test,s(,Check sum is ;
test,o<,Check sum is K
test,[q,"Check sum is ,"
test,|2,Check sum is N
test,o|,Check sum is K
test,:[,Check sum is 5
test,Z*,Check sum is $
test,[	,Check sum is D
test,ce,Check sum is (
test,>	,Check sum is '
test,oA,Check sum is P
test,<j,Check sum is F
test,I!,Check sum is J
test,r^,Check sum is 0
test,Y%,Check sum is ^
test,(5,Check sum is =
test,m3,Check sum is @
test,sA,Check sum is T
test,"Z""",Check sum is \
test,|3,Check sum is O
test,`0,Check sum is 0
test,V~,Check sum is 4
test,8N,Check sum is &
test,C	,"Check sum is ,"
test,RP,Check sum is B
test,26,Check sum is H
test,hu,Check sum is =
test,sf,Check sum is 9
test,HZ,Check sum is B
test,""">",Check sum is @
test,v=,Check sum is S
test,S9,"Check sum is ,"
test,_D,Check sum is C
test,4=,Check sum is Q
test,vl,Check sum is B
test,uh,Check sum is =
test,LO,Check sum is ;
test,H6,Check sum is ^
test,uV,Check sum is +
test,J2,Check sum is \
test,3^,Check sum is 1
test,iP,Check sum is Y
test,HT,Check sum is <
test,)w,Check sum is @
test,YA,Check sum is :
test,M0,Check sum is ]
test,@X,Check sum is 8
test,F\,Check sum is B
test,kg,Check sum is 2
test,o',Check sum is 6
test,t6,Check sum is J
test,	k,Check sum is T
test,_#,"Check sum is """
test,D},Check sum is !
test,?),Check sum is H
test,d8,Check sum is <
test,/^,Check sum is -
test,%R,Check sum is W
test,0B,Check sum is R
test,]|,Check sum is 9
test,he,Check sum is -
test,(f,Check sum is .
test,T>,Check sum is 2
test,Rb,Check sum is T
test,|b,Check sum is >
test,iS,Check sum is \
test,DV,Check sum is :
test,]E,Check sum is B
test,~',Check sum is E
test,$V,Check sum is Z
test,6J,Check sum is  
test,A$,Check sum is E
test,i$,Check sum is -
test,at,Check sum is 5
test,ug,Check sum is <
test,kO,Check sum is Z
test,QU,Check sum is F
test,v	,Check sum is _
test,KR,Check sum is =
test,b',Check sum is )
test,_:,Check sum is 9
test,*.,Check sum is 8
test,s%,Check sum is 8
test,zJ,Check sum is $
test,:=,Check sum is W
test,Y|,Check sum is 5
test,"""L",Check sum is N
test,6;,Check sum is Q
test,PS,Check sum is C
test,50,Check sum is E
test,x7,Check sum is O
test,G.,Check sum is U
test,}t,Check sum is Q
test,`~,Check sum is >
test,en,Check sum is 3
test,|o,Check sum is K
test,2_,Check sum is 1
test,G),Check sum is P
test,^0,Check sum is .
test,hB,Check sum is J
test,S%,Check sum is X
test,H',Check sum is O
test,Aa,Check sum is B
test,r[,Check sum is -
test,sQ,Check sum is $
test,"k""",Check sum is -
test,*F,Check sum is P
test,{q,Check sum is L
test,-Q,Check sum is ^
test,T(,Check sum is \
test,2!,Check sum is 3
test,?c,Check sum is B
test,O0,Check sum is _
test,\v,Check sum is 2
test,1#,Check sum is 4
test,#~,Check sum is A
test,'4,Check sum is ;
test,OK,Check sum is :
test,",<",Check sum is H
test,YR,Check sum is K
test,*U,Check sum is _
test,8f,Check sum is >
test,8o,Check sum is G
test,q~,Check sum is O
test,N{,Check sum is )
test,Yw,Check sum is 0
test,|~,Check sum is Z
test,d+,Check sum is /
test,V*,Check sum is  
test,>i,Check sum is G
test,/d,Check sum is 3
test,TC,Check sum is 7
test,nL,Check sum is Z
test,tV,Check sum is *
test,on,Check sum is =
test,P>,Check sum is .
test,`x,Check sum is 8
test,	l,Check sum is U
test,P6,Check sum is &
test,AK,"Check sum is ,"
test,\9,Check sum is 5
test,tX,"Check sum is ,"
test,_>,Check sum is =
test,=Z,Check sum is 7
test,~(,Check sum is F
test,%),Check sum is .
test,.+,Check sum is 9
test,n<,Check sum is J
test, F,Check sum is F
test,`I,Check sum is I
test,=U,Check sum is 2
test,wq,Check sum is H
test,yD,Check sum is ]
test,`7,Check sum is 7
test,X/,Check sum is '
test,]n,Check sum is +
test,r},Check sum is O
test,6d,Check sum is :
test,eD,Check sum is I
test,5a,Check sum is 6
test,-.,Check sum is ;
test,gJ,Check sum is Q
test,/Q,Check sum is  
test,w9,Check sum is P
test,9X,Check sum is 1
test,'J,Check sum is Q
test,qK,Check sum is \
test,L8,Check sum is $
test,"{""",Check sum is =
test,",#",Check sum is /
test,E?,Check sum is $
test,XQ,Check sum is I
test,l;,Check sum is G
test,7@,Check sum is W
test,	2,Check sum is [
test,"
j",Check sum is T
test,/N,Check sum is ]
test,~0,Check sum is N
test,gW,Check sum is ^
test,r$,Check sum is 6
test,o^,Check sum is -
test,f5,Check sum is ;
test,eg,"Check sum is ,"
test,w ,Check sum is 7
test,jJ,Check sum is T
test,0 ,Check sum is 0
test,^p,Check sum is .
test,c$,Check sum is '
test,)y,Check sum is B
test,uS,Check sum is (
test,so,Check sum is B
test,(U,Check sum is ]
test,BR,Check sum is 4
test,sF,Check sum is Y
test,i#,"Check sum is ,"
test,$c,Check sum is '
test,in,Check sum is 7
test,ic,"Check sum is ,"
test,iO,Check sum is X
test,%L,Check sum is Q
test,Q*,Check sum is [
test,ng,Check sum is 5
test,T.,"Check sum is """
test,iy,Check sum is B
test,z',Check sum is A
test,9N,Check sum is '
test,~y,Check sum is W
test,z2,Check sum is L
test,d6,Check sum is :
test,VZ,Check sum is P
test,'R,Check sum is Y
test,ZV,Check sum is P
test,f/,Check sum is 5
test,]4,Check sum is 1
test,Ev,Check sum is [
test,"^
",Check sum is H
test,V?,Check sum is 5
test,`',Check sum is '
test,Sh,Check sum is [
test,{X,Check sum is 3
test,GP,Check sum is 7
test,WA,Check sum is 8
test,DV,Check sum is :
test,f.,Check sum is 4
test,I|,Check sum is %
test, d,Check sum is $
test,xg,Check sum is ?
test,XD,Check sum is <
test,gn,Check sum is 5
test,$/,Check sum is 3
test,r4,Check sum is F
test,?R,Check sum is 1
test,{x,Check sum is S
test,*G,Check sum is Q
test,p.,Check sum is >
test,+h,Check sum is 3
test,em,Check sum is 2
test,<[,Check sum is 7
test,1Q,"Check sum is """
test,"I,",Check sum is U
test,3H,Check sum is [
test,;W,Check sum is 2
test,=/,Check sum is L
test,'},Check sum is D
test,`#,Check sum is #
test,}b,Check sum is ?
test,k7,Check sum is B
test,SQ,Check sum is D
test,sd,Check sum is 7
test,oV,Check sum is %
test,5.,Check sum is C
test,Y.,Check sum is '
test,A5,Check sum is V
test,gr,Check sum is 9
test,$},Check sum is A
test, 8,Check sum is 8
test,q!,Check sum is 2
test,4+,Check sum is ?
test,2Z,"Check sum is ,"
test,!),Check sum is *
test,Sz,Check sum is -
test,Er,Check sum is W
test,"R,",Check sum is ^
test,W1,Check sum is (
test,|A,Check sum is ]
test,l*,Check sum is 6
test,i%,Check sum is .
test,q/,Check sum is @
test,"
r",Check sum is \
test,%`,Check sum is %
test,^},Check sum is ;
test,q2,Check sum is C
test,i~,Check sum is G
test,9^,Check sum is 7
test,%Q,Check sum is V
test,	;,Check sum is $
test,TH,Check sum is <
test,_{,Check sum is :
test,R4,Check sum is &
test,(o,Check sum is 7
test,Id,Check sum is M
test,gj,Check sum is 1
test,9;,Check sum is T
test,w#,Check sum is :
test,f*,Check sum is 0
test,	z,Check sum is #
test,;<,Check sum is W
test,6`,Check sum is 6
test,Q],Check sum is N
test,"""P",Check sum is R
test,C>,Check sum is !
test,"n""",Check sum is 0
test,;w,Check sum is R
test,Z4,Check sum is .
test,%l,Check sum is 1
test,X6,Check sum is .
test,"c""",Check sum is %
test, ^,Check sum is ^
test,3m,Check sum is @
test,8z,Check sum is R
test,Ya,Check sum is Z
test,1H,Check sum is Y
test,Fg,Check sum is M
test,R],Check sum is O
test,	r,Check sum is [
test,^B,Check sum is @
test,JN,Check sum is 8
test,w^,Check sum is 5
test,hC,Check sum is K
test,4f,Check sum is :
test,A$,Check sum is E
test,9#,Check sum is <
test,ec,Check sum is (
test,rZ,"Check sum is ,"
test,~U,Check sum is 3
test,j4,Check sum is >
test,HS,Check sum is ;
test,8<,Check sum is T
test,(F,Check sum is N
test,Gy,Check sum is  
test,2~,Check sum is P
test,+',Check sum is 2
test,W-,Check sum is $
test,EAq,Check sum is W
test,1uG,Check sum is M
test,O=t,Check sum is  
test,q9`,Check sum is *
test,n6s,Check sum is 7
test,m}M,Check sum is W
test,XxM,Check sum is =
test,o?o,Check sum is =
test,9-	,Check sum is O
test,Y_?,Check sum is W
test,g2n,Check sum is '
test,fY@,Check sum is _
test,WFi,Check sum is &
test,.Y`,Check sum is G
test,22y,Check sum is =
test,>my,Check sum is D
test,M	p,Check sum is &
test,=dV,Check sum is W
test,tPz,Check sum is ^
test, [j,Check sum is E
test,ktN,Check sum is M
test,*Jz,Check sum is N
test,"""wD",Check sum is =
test,?'K,Check sum is Q
test,Uk@,Check sum is  
test,^y},Check sum is 4
test,"""6o",Check sum is '
test,6a),Check sum is  
test,/c',Check sum is Y
test,MGC,Check sum is 7
test,|qY,Check sum is &
test,Oh],Check sum is 4
test,pW ,Check sum is G
test,In^,Check sum is 5
test,;$P,Check sum is O
test,^i5,Check sum is \
test,"
;M",Check sum is 2
test,I}/,Check sum is U
test,"/>
",Check sum is W
test,?Lx,Check sum is #
test,X=~,Check sum is 3
test,?h8,Check sum is ?
test,SX.,Check sum is 9
test,:7X,Check sum is )
test,":,I",Check sum is O
test,TXg,Check sum is 3
test,TAM,Check sum is B
test,-DF,Check sum is W
test,Ub.,Check sum is E
test,JLj,Check sum is  
test,B{@,Check sum is ]
test,mj<,Check sum is 3
test,V4.,Check sum is X
test,+f$,Check sum is U
test,ZMl,Check sum is 3
test,f<l,Check sum is .
test,FRd,Check sum is \
test,o7#,Check sum is )
test,)t	,Check sum is F
test,|ko,Check sum is 6
test,rkv,Check sum is 3
test,HE@,Check sum is -
test,"g
/",Check sum is @
test,bhg,Check sum is Q
test,Gr^,Check sum is 7
test,rh~,Check sum is 8
test,;WY,Check sum is K
test,2wm,Check sum is 6
test,Tn ,Check sum is B
test,MsS,Check sum is 3
test,~Y-,Check sum is $
test,()4,Check sum is %
test,;8C,Check sum is V
test,R0L,Check sum is .
test,UYs,Check sum is A
test,Bt7,Check sum is M
test,1oI,Check sum is I
test,QIq,Check sum is +
test,95K,Check sum is Y
test,%~g,Check sum is *
test,~Qs,"Check sum is """
test,A@/,Check sum is P
test,&g#,Check sum is P
test,kdl,Check sum is [
test,f ],Check sum is C
test,ItC,Check sum is  
test,Td},Check sum is U
test,t1=,Check sum is B
test,"2f,",Check sum is $
test,6N%,Check sum is I
test,A#g,Check sum is +
test,=|B,Check sum is [
test,N	&,Check sum is ]
test,jkI,Check sum is >
test,aTz,Check sum is O
test,<Pa,Check sum is M
test,K1s,Check sum is O
test,}cp,Check sum is 0
test,GLl,Check sum is _
test,UJ5,Check sum is 4
test,",N;",Check sum is U
test,llX,Check sum is P
test,j7I,Check sum is J
test,*3s,Check sum is 0
test,mkT,Check sum is L
test,Wso,Check sum is Y
test,AmI,Check sum is W
test,-NV,Check sum is 1
test,'@],Check sum is $
test,u-	,Check sum is K
test,&/u,Check sum is *
test,"S,M","Check sum is ,"
test,"//
",Check sum is H
test,Uj9,Check sum is X
test,"""Zr",Check sum is N
test,bTF,Check sum is \
test,2gM,Check sum is F
test,@T*,Check sum is ^
test,X29,Check sum is #
test,Y=|,Check sum is 2
test,QQv,Check sum is 8
test,frv,Check sum is .
test,Z!#,Check sum is >
test,:aE,Check sum is @
test,Max,Check sum is F
test,"Ps""",Check sum is E
test,49`,Check sum is -
test,)vc,"Check sum is """
test,"T""]",Check sum is 3
test,{sH,Check sum is V
test,y3W,Check sum is #
test,XcZ,Check sum is 5
test,1jw,Check sum is 2
test,$bw,Check sum is ]
test,M]|,Check sum is F
test, i$,Check sum is M
test,g $,Check sum is K
test, ]V,Check sum is 3
test,|=s,Check sum is L
test,Q-y,Check sum is W
test,",T/",Check sum is O
test,KOt,Check sum is .
test,TUV,Check sum is _
test,%==,Check sum is ?
test,oI{,Check sum is S
test,|~(,Check sum is B
test,x0;,Check sum is C
test,eI$,Check sum is 2
test,#U~,Check sum is V
test,9Lj,Check sum is O
test,_MH,Check sum is T
test,5A*,Check sum is @
test,x]7,"Check sum is ,"
test,(u`,Check sum is ]
test,-+{,Check sum is 3
test,h3Z,Check sum is U
test,23s,Check sum is 8
test,(K),Check sum is <
test,rB4,Check sum is H
test,"Qi""",Check sum is <
test,o_M,Check sum is ;
test,-d<,Check sum is -
test,`KT,Check sum is _
test,sfp,Check sum is )
test,S\',Check sum is 6
test,^ a,Check sum is ?
test,lp;,Check sum is 7
test,geT,Check sum is @
test,[\O,Check sum is &
test,A[<,Check sum is 8
test,5NV,Check sum is 9
test,{:s,Check sum is H
test,N7T,Check sum is 9
test,<fO,Check sum is Q
test,",X
",Check sum is .
test,t<o,Check sum is ?
test,SB3,Check sum is (
test,:&y,Check sum is 9
test,^O2,Check sum is ?
test,]&n,Check sum is Q
test,V$',Check sum is A
test,lh/,Check sum is #
test,J^+,Check sum is 3
test,BRs,Check sum is '
test,L8G,Check sum is +
test,VX>,Check sum is L
test,3J<,Check sum is Y
test,16&,Check sum is -
test,&4j,Check sum is $
test,Vxi,Check sum is W
test,AuT,Check sum is *
test,n~_,Check sum is +
test,R[w,Check sum is D
test,"
Eb",Check sum is Q
test,M]	,Check sum is S
test,;iq,Check sum is 5
test,eW>,Check sum is Z
test,5HX,Check sum is 5
test,6s5,Check sum is >
test,0+Q,Check sum is L
test,Qd:,Check sum is O
test,6eY,Check sum is T
test,P`o,Check sum is ?
test,tSY,Check sum is @
test,{V{,"Check sum is ,"
test,]LG,Check sum is P
test,+~i,Check sum is 2
test,5tj,Check sum is 3
test,.Aq,Check sum is @
test,; G,Check sum is B
test,sNC,Check sum is $
test,E+$,Check sum is 4
test,o^2,Check sum is _
test,		],Check sum is O
test,2n(,Check sum is (
test,dil,Check sum is Y
test,:nT,Check sum is \
test, KL,Check sum is W
test,$jZ,Check sum is H
test,owY,Check sum is _
test,7KN,Check sum is 0
test,?N',Check sum is T
test,P7l,Check sum is S
test,CAY,Check sum is =
test,?{%,Check sum is ?
test,|*],Check sum is #
test,Q(),Check sum is B
test,)&k,Check sum is Z
test,=\j,Check sum is #
test,&|z,Check sum is <
test,"""HQ",Check sum is [
test,Qia,Check sum is ;
test,V$u,Check sum is O
test,A@H,Check sum is )
test,Bjo,Check sum is ;
test,c?J,Check sum is L
test,RF],Check sum is U
test,"""}x",Check sum is 7
test,:9^,Check sum is 1
test,a_G,Check sum is '
test,pQv,Check sum is W
test,WP;,Check sum is B
test,Dh%,Check sum is 1
test,cNk,Check sum is <
test,"
IE",Check sum is 8
test,&8_,Check sum is ]
test,MF`,Check sum is S
test,3}9,Check sum is I
test,p6K,Check sum is Q
test,3R#,Check sum is H
test,_^u,Check sum is R
test,"""f4",Check sum is \
test,vbb,Check sum is Z
test,7sx,Check sum is B
test,(#t,Check sum is _
test,",3P",Check sum is O
test,?ow,Check sum is E
test,oq%,Check sum is %
test,]]s,Check sum is M
test,<p*,Check sum is 6
test,O@*,Check sum is Y
test,"@U""",Check sum is W
test,PK4,Check sum is /
test,LL=,Check sum is 5
test,e+z,Check sum is *
test,;bC,Check sum is @
test,"S,|",Check sum is [
test,<.M,Check sum is W
test,a]c,Check sum is A
test,r;_,"Check sum is ,"
test,<R-,Check sum is [
test,"""ge",Check sum is N
test, sH,Check sum is ;
test,T`T,Check sum is (
test,F7_,Check sum is <
test,OH7,Check sum is .
test,w/$,Check sum is *
test,ruR,Check sum is Y
test,Tc.,Check sum is E
test,/Pk,Check sum is J
test,bT7,Check sum is M
test,BPo,Check sum is !
test,Yn^,Check sum is E
test,{f ,Check sum is !
test,s3>,Check sum is D
test,	iQ,Check sum is #
test,z>),Check sum is A
test,;0N,Check sum is Y
test,]TS,Check sum is $
test,d{s,Check sum is 2
test,0Wa,Check sum is H
test,9~O,Check sum is &
test,Z3+,Check sum is X
test,yYP,Check sum is B
test,)8E,Check sum is F
test,eq|,Check sum is 2
test,?;u,Check sum is O
test,90{,Check sum is D
test,V43,Check sum is ]
test,;M~,Check sum is &
test,0A<,Check sum is M
test,"e""C",Check sum is *
test,hiL,Check sum is =
test,c{U,Check sum is S
test,"F5,",Check sum is G
test,?Sf,Check sum is X
test,"_
Y","Check sum is """
test,H-a,Check sum is 6
test,?*W,Check sum is  
test,EB>,Check sum is %
test,-v<,Check sum is ?
test,)vk,Check sum is *
test,r&n,Check sum is &
test,0X@,Check sum is (
test,"y""R",Check sum is M
test,R<v,Check sum is $
test,ac=,Check sum is !
test,F\m,Check sum is /
test,;(q,Check sum is 4
test,\^F,Check sum is  
test,:BK,Check sum is '
test,*p_,Check sum is Y
test,"x3,",Check sum is 7
test,Tj:,Check sum is X
test,")U,",Check sum is J
test,yzm,Check sum is @
test,DsO,Check sum is &
test,gw',Check sum is %
test,)9H,Check sum is J
test,!(@,Check sum is )
test,PQ<,Check sum is =
test,9`2,Check sum is +
test,@Ab,Check sum is C
test,pj@,Check sum is :
test,t#H,Check sum is ?
test,mgt,Check sum is (
test,/0',Check sum is &
test,+|+,Check sum is 2
test,i}4,Check sum is :
test,~	},Check sum is $
test,E)\,Check sum is *
test,a<z,Check sum is 7
test,AA ,Check sum is B
test,..>,Check sum is :
test,y-C,Check sum is I
test,K9d,Check sum is H
test,	#l,Check sum is 8
test,.Dt,Check sum is F
test,cel,Check sum is T
test,CpY,"Check sum is ,"
test,uGD,Check sum is  
test,2^R,Check sum is B
test, zN,Check sum is H
test,	Y2,Check sum is 4
test,c#i,Check sum is O
test,|=.,Check sum is G
test,X\>,Check sum is R
test,T5e,Check sum is N
test,&Rv,Check sum is N
test,O[9,Check sum is C
test,''-,Check sum is [
test,s-W,Check sum is W
test,nW2,Check sum is W
test,4f0,Check sum is *
test,-9_,Check sum is %
test,B+4,Check sum is A
test,z=#,Check sum is :
test,BCh,Check sum is M
test,|ML,Check sum is 5
test,mkh,Check sum is  
test,q$P,Check sum is E
test,u(q,Check sum is .
test,/2Y,Check sum is Z
test,.]O,Check sum is :
test,8j&,Check sum is (
test,"vk""",Check sum is #
test,>@i,Check sum is G
test,v+8,Check sum is 9
test,2*Z,Check sum is V
test,m+;,Check sum is 3
test,lzL,Check sum is R
test,H%2,Check sum is ?
test,@ur,Check sum is G
test,F|$,Check sum is F
test,B@L,Check sum is .
test,7R$,Check sum is M
test,8z1,Check sum is C
test,~U=,Check sum is 0
test,qso,Check sum is 3
test,"[<
",Check sum is A
test,s.W,Check sum is X
test,&C.,Check sum is 7
test,!ji,Check sum is T
test,MMZ,Check sum is T
test,{u9,Check sum is I
test,].u,Check sum is  
test,	r],Check sum is 8
test,a.C,Check sum is 2
test, 1j,Check sum is [
test,|UP,Check sum is A
test,[ux,Check sum is (
test,$>N,Check sum is P
test,Kwv,Check sum is X
test,(rs,Check sum is -
test,ovp,Check sum is 5
test, i&,Check sum is O
test,ykh,"Check sum is ,"
test,o9+,Check sum is 3
test,./e,"Check sum is """
test,$t@,Check sum is 8
test,tt-,Check sum is 5
test,J<K,Check sum is 1
test,BU=,Check sum is 4
test,Si0,Check sum is L
test,>1d,Check sum is 3
test,"7R
",Check sum is 3
test,Lau,Check sum is B
test,",FJ",Check sum is \
test,b-8,Check sum is '
test,{Lt,Check sum is [
test,F6W,Check sum is 3
test,.$?,Check sum is 1
test,f7},Check sum is :
test,wEu,Check sum is Q
test,s&$,Check sum is ]
test,xnJ,Check sum is P
test,fZE,Check sum is %
test,g_u,Check sum is [
test,wgN,Check sum is L
test,"
Y1",Check sum is 4
test,'wY,Check sum is W
test,Vy{,Check sum is *
test,@a!,"Check sum is """
test,&Qd,Check sum is ;
test,M$<,Check sum is M
test,u;H,Check sum is X
test,#(4,Check sum is _
test,VSE,Check sum is N
test,jZ7,Check sum is [
test,DRP,Check sum is F
test,4f%,Check sum is _
test,YQy,Check sum is C
test,a9N,Check sum is H
test,E(v,Check sum is C
test,I:&,Check sum is I
test,"`""5",Check sum is W
test,uby,Check sum is 0
test,. ~,"Check sum is ,"
test,"
Wx",Check sum is 9
test,U@M,Check sum is B
test,0!o,Check sum is  
test,R'4,Check sum is M
test,qrr,Check sum is 5
test,S{u,Check sum is #
test,h~=,Check sum is C
test,kM8,Check sum is P
test,3#L,Check sum is B
test,".,[",Check sum is U
test,3vQ,Check sum is Z
test,JvM,Check sum is -
test,49#,Check sum is 0
test,gFS,Check sum is  
test,n6|,Check sum is @
test,:ng,Check sum is /
test,c:b,Check sum is _
test,I	l,Check sum is ^
test,iB{,Check sum is F
test,K]-,Check sum is 5
test,)ox,Check sum is 0
test,3N ,Check sum is A
test,was,Check sum is +
test,q #,Check sum is T
test,Dv',Check sum is A
test,#XF,Check sum is !
test,hk7,Check sum is *
test,NnT,Check sum is 0
test,T<X,Check sum is H
test,J8^,Check sum is @
test,! ),Check sum is J
test,jJ),Check sum is =
test,"""YI",Check sum is $
test,2v#,Check sum is +
test,^)x,Check sum is _
test,q `,Check sum is Q
test,"HA""",Check sum is K
test,1zA,Check sum is L
test,1`},Check sum is .
test,(WH,Check sum is '
test,8q*,Check sum is 3
test,"6""	",Check sum is A
test,",JI",Check sum is _
test,]&',Check sum is J
test,wDj,Check sum is E
test,[bz,Check sum is W
test,#&d,Check sum is M
test,F^|,Check sum is @
test,$ >,"Check sum is """
test,OQc,Check sum is #
test,<(-,Check sum is 1
test,->U,Check sum is  
test,"gxzy,*@
? ??-H|vK**d`H<i_-s!aea>1
-,V~0B! ",Check sum is F
test,"sGS|qJ^>h`~rKg~z!raMc*gE4E#pdEXILMwNjRs[|M2~^,L4cO",Check sum is O
test,{$a:Xc#];	||E~RR,Check sum is 8
test,"o^'t`;Z1VQ; Z5W,IEl%>O~a$LfwdIQa::g}<y",Check sum is F
test,LpLp$F tC[(-j/f@!MJw\,Check sum is S
test,.B,Check sum is P
test,"C;T+e,bVu2u$b^	N$o(Z_z6ypxX,n`N;^3ASmo<w",Check sum is Q
test,".D6yZ1o=iYSzF\;QRQ*J.Nk	BbUJqLio?x]V_
zCXq`yz`",Check sum is  
test,"}f.]3}@AP#Q)2:(I,H PbR&'m#dqnzT9)3&t`ZShftge	~N",Check sum is .
test,"p@[,qmFQ_5,8%b->s9Ll(#VLfqOl)T L9)6",Check sum is Z
test,"eea{h *wU2tl!X8#h(@Fv""-Et;G9",Check sum is 9
test,J2Z<LIrsVT,Check sum is V
test,)+8d`gIL26?./'8bm<G2m2sF<&Nx3hXiQ*$~tU`t1]Z`<,Check sum is -
test,"m[UrWokg%C}%Y`)o\(.fk=B[<<fcSJ*~k*IM9?""'""_vnu",Check sum is K
test,">gpl+9N|g(S=E{F44N""uOj*3$XCRZy&_;k0Z#C)E|QM'",Check sum is E
test,"ptR&FZ6Vw//Y?""Guv5[Cjg7`vbrNS#o~",Check sum is _
test,(C_|sV1v)dL !_TGYG2\{`jd:6,Check sum is 1
test,w;DV9-a I.A}i|(:>Ya*,Check sum is 1
test,}=jET)CS?l.p[.^Zj)&x^<qUp=&\Gv.1-WK)a$|MhD5Vy,Check sum is 8
test,":/i""S}#T3;GsE""hEr`rJSK	w-~iVUz{V	b}",Check sum is 5
test,",j7og_tt?tN
{
ulAfnG{k",Check sum is =
test,GlmN}!K}>~^wRD-\41FI%VP|m0s,Check sum is /
test,"EE{T ;\6w2WBAsCMno!;""$/.&dUiW(uLE1*9/?i+1[",Check sum is 7
test,"#%=""lA)U:k;;_Zf`1p0Towe""p<&wxoE4+l,1lsq-,N",Check sum is 2
test,"m?""iI4.2A,2H{SQ`""}(L?pe""]e^vY@	F~.}ZpjA|)M_j%T!G{Z",Check sum is 0
test,"*xb9""",Check sum is ?
test,YC9w}\LLc7wq!DWo+h@Ej:~|+_,Check sum is J
test,FBjTCZ:Jb((Hg1dDN!_A1gwub9+t<I/Asm,Check sum is #
test,e9'wc cHiOLe#1b~Se)<HY8'Sz:5-%,Check sum is R
test,"T#zVp)7i5naWp""x,r",Check sum is #
test,)>P>d5:p\@qmOk*P56g2~E_[%^G9xId,Check sum is /
test,@|m!t5'vAls=,Check sum is M
test,8?MzO'C.Uxe])i&|~74Ru,Check sum is 8
test,"xlrwe6#\O g<>Z+W9Y,V{B",Check sum is D
test,~A$?;UD,Check sum is V
test,"
K3;XN1vyr#QxTx#il'|Ibe8tb",Check sum is L
test,|({O?)X=&OGHj%;b.)Q)+>WzqH2o(x,Check sum is @
test,BJWT)kcDj2SZdhQ$.h[w.2 GwN8F2wiZ,Check sum is :
test,"
Z0A_-F).|-h-EJn~5958v\",Check sum is D
test,"mlo q6Z4""r^Qbxd_V^f`a"")~QoUE5M
n6ML9O*.u,%sPK9_E>",Check sum is 3
test,"[@th/{c@$5C?JiqG|-qTs)s;""*	)PD >tc\snMajBuA&W[^[Gl",Check sum is :
test,>mF[JZ`#N?me}sk)\Pr\jn:ST3R'3|;6lK0qTJ29,Check sum is V
test,:foD7m_E{/M EwR2twN}s|]`w}#U0z*yta~scq>`9kH,Check sum is Q
test,">H0l!`WmZY0""v""~~;S""HWsq""Tp$YCz;6Q#",Check sum is X
test,?UApD2!,Check sum is <
test,"[zvDedG/
U:i@9$evrd?k""3r,Oh!P'p(HrAA5	C'<WrF:<Q",Check sum is 8
test,"h""DQ	$B? HpJgA\	bOL:n6-GtB|FUl:5kSa<O0QBpq?D10w9e",Check sum is Z
test,";bc#Hui_dUq7$\'%
q;",Check sum is +
test,"0}mn,e_2w>Cw{E?9[\ozy,+qjEJ",Check sum is K
test,"~CB4R.s2""{4qid]'HLn;P}9'bCyVN@Fk3G9$",Check sum is C
test,Y/\d&::q.b5@s+5w:]M(!ndGIl+.!b{}+=8,Check sum is 1
test,"6iQV'vL4
wf|2[-z,m<,Klq4bfON2q",Check sum is ?
test,"_W
ZYU)x
0%iPp,HR",Check sum is W
test,"wB{rCjssP?@iN""<M@;93",Check sum is 1
test,"Xwxk4M2@rh
W6-Jrr!E>Ua6D^v`V	{[)%|7-VpP",Check sum is R
test,"7{.q)c)NO7F{UR0&-B+Go+$dcb""TebaFRcIkFQ8noyAsY.[",Check sum is H
test,1nL4u:uHFHT1U!0XT1y7zR{dIm,Check sum is R
test,lqByv1<B<|vuSkQ@S1,Check sum is S
test,"rN_d(+p|-CVXa[nly#ObFH [c
",Check sum is Y
test,";vRJt8dpb*YqB
dz\^SyqO_h|9R;JyIx!]TGa?-8\Fg-?oq",Check sum is 3
test,"-f 0O(~-H<w1)`dh:;H:1,
v<A2/U/#h",Check sum is '
test,-ZPLZ)jc}9DSmCp -Ap2^D$^fa]&7?@ATo	Z9[,Check sum is O
test,u@0,Check sum is E
test,"t]wT7?NxFRY>ga;Ur1\[$ c7cp-Q@1HahuM><IX:6LINM,f-",Check sum is F
test,Npe8OYzbls gD3evQAIrA,Check sum is E
test,">>I\Q."":>=#AFQ/)'dw5z:a',c,e&7N`RZCg",Check sum is ^
test,"'h<qrM-YGJ/7Vps.%
S*^]<8]8",Check sum is /
test,	eX`Ri4Od,Check sum is (
test,"2#GO\|U)RtgMNtGr aO;7{m
tcr;|Pj:UwouzdjIYrWpJJ&'Mb",Check sum is !
test,[Z[\E),Check sum is :
test,")60k@A=kY_}Uz\R$@^DRi,#92*w HJ$;%OEn?_y",Check sum is  
test,"%k,~SwbqF{f7XKG#'j",Check sum is 3
test,"7RJL"")Yo]h{.='[@!CGSb4t""m?(",Check sum is =
test,"t`.z.pt~N<2#Jd`+dl[	#@+^p46r30y,#",Check sum is [
test,"5 |q|_P$V)H(%	sB0LW ow$ZgWBfmH{^m
?
V""~^iA7L\Sa",Check sum is _
test,"'q('s3.y[wJ
 
IsI!11dD^""Sj'2f3!{",Check sum is _
test,"I/i)
V3}A.VB8Xb;u>D`{mQy_V<]R[MUs7D6@""X)aTO4iY",Check sum is U
test,h_j$I6U^6fS*hYMN$#KG9C;k;24c,Check sum is [
test,b+-mw[*CkFG~yC6j7J)(Abpk,Check sum is (
test,"YU1?0;/&-PT,5Fuv\a~",Check sum is \
test,"}Qzbv)	OJJ	wZ}@N>4
h",Check sum is ^
test,T$FcODg ,Check sum is [
test,"L/Lj)ll{}Zo	7YFG;lYmuG*h&CPxI~hRh[q@)LkM|,i)XS","Check sum is ,"
test,"ouDv6GY7*,lPsG""]sLP_!tD'5D+b9{[,fh",Check sum is S
test,gAvWua VAF-]p^D{Yk@upR,Check sum is :
test,n?XtE:7c!zX+)!r	1%XGBN,Check sum is Z
test,"}
",Check sum is '
test,8A*&X8lL}WsN`[I9<9g)1B=g0a{cd^R[=8>UU,Check sum is Z
test,y>'&qc=r[`}y,Check sum is X
test,qkb\ZCA3z%(|WDLp|<`L[.Z}oG`)c,Check sum is K
test,"xIYEn~5Dht3XR""
[G.",Check sum is Y
test,0 OF=jbh},Check sum is 3
test," @x6e^z0,VAB68y/-PeIZ9TxN ^\AHCM6+IihU:",Check sum is K
test,"X\e>H4Spk$;fE1SUs-Q3wH	@.z!A-)
S:%l:8",Check sum is *
test,"H4j7t'26Ubx_	6rL'O*%||]2?TZoudrcWsdu0 ezP)""6Fad",Check sum is O
test,")E~#1t}}[lN*JK
[4oa:y'qLWkiaD]eW
",Check sum is U
test,&F`&?1V\Aej4R~}i,Check sum is .
test,2`bKmWM'J.d&irF3+/e#4c.c5z;&v6,Check sum is 3
test,|Hs[Ot!U+uW0Lu}bu_#eI'fHM$egCy<'<$f\Pi.Ax`4$,Check sum is B
test,Oj*n+TS_+El8,Check sum is 6
test,"G
`b",Check sum is 3
test,ToeE<SB*,Check sum is H
test,"n*Y""x.6~l{{Z}fEopA]tSJ10W",Check sum is 7
test,"O{fL^,U0N+Oz;3[c8@%z""j
_|O\.",Check sum is :
test,"G

T4 0
cUs]zdUKnd)tT*8.r-G{rkGN)ENC#4",Check sum is _
test,P{YUAN#n&tj.1>LbN,Check sum is V
test,B9^v,Check sum is /
test,rWZ&{c,Check sum is G
test,'NF,Check sum is [
test,",8@B?n{zh",Check sum is P
test,".zxW
""WWMO)N;	^e3R9y s3ESl",Check sum is L
test,qn&peE',Check sum is &
test,6i<v<t]-o,Check sum is Z
test,"4eHr},*LpbcjL
6Rvc~v`&gVI-5/]s{F!]n-U)u,/2W/#(r",Check sum is &
test,hFMdSK_dvD3A,Check sum is N
test,"?6y}!,Dt>0~\3g",Check sum is 2
test,;V[fYtW,Check sum is V
test,"V=$V`qHK*c
L>&&K$)`XCb39-;",Check sum is G
test,\@QV^#=_q]Y2y@oB3P1z5)b`9/)UliXvy<;[pnDCV8l~(	\M{&,Check sum is =
test,tWcrI3 y;Vq78zfVR^b-=3<k-Qh,Check sum is 8
test,"F>/(^BE@U+zEem0p#4
N [sXB",Check sum is H
test,[FTZd!sgBl=qY,Check sum is C
test,"VxeT@.\SZ@L)Mz+Hm)],Iph;&Qg|s^f",Check sum is Y
test,"c8q:cY46Dx,%zq8k@ANe8W;#GiwK;",Check sum is 5
test,.9=;+@$+	JEp[=H2J|2Y6y7Lbm_LejP KyR~,Check sum is #
test,^;wG1tLJ(:LY$,Check sum is ]
test,Yq!3.F2`/BIk,Check sum is )
test,"FLJIc\S1""D)(hWR%C#(b#WfpVKiF}",Check sum is B
test,ZwEx>=IAhx1n#.n+iz?5t,Check sum is '
test,"!3fwAS e7;r}
kT1.=
V{?!Wdy]&2hM",Check sum is I
test,"ow5}w%\-?;5)}}{?'c?V^WViSP_{`2?~
",Check sum is R
test,2$jP0V@mEFggFe]v%DH|8E:8<6U/^?)lKnT|M\!=u9,Check sum is <
test,">+V\A
n~3]	\@3,JaHX)bd]2LOcQmGuC9tA@7^Ph$xN!)WYGUl",Check sum is 1
test,;%.?1HvT0*Mf5hfGIpu71>l'08F2 yThFk,Check sum is T
test,(N2#`U:c;_FfvMWFXo=sqq6jqPCz,Check sum is Z
test,7uqL3x{:{4$	xr,Check sum is /
test,"N0oY&/C_,-@J8F0*J\8t).p1ECgtZp/Je+TS:?&PZ{",Check sum is C
test,v1:cB`Ea1v+WBM|j$8S/DC^=*!ovJo%/j?,Check sum is 0
test,">>a
jNg;\*v^`C?.8^K\zVXF/5a>5_wbY%C	dE%+H%",Check sum is V
test,3Afpf1	?1+&C+,Check sum is 9
test,"_S)iscz@t2H'N+|r	hM<KbSm""KKDQ&,Y/+\@if4Yk}y/",Check sum is 1
test,P53&'(|lCREXEh2omTG:'+	><XFf,Check sum is P
test,\M#PSc^P$|xcs1iBIC~53G Nr[EttZ&%:}_Xn<?u~,Check sum is :
test,"Ha#1)]Fg@iJNnff88v)OP(ot!4_""/k~{b/7)CFih",Check sum is 8
test,_I$)niw4.\5f%k06tD.<,Check sum is T
test,a}zScV>*C-4E0f,Check sum is +
test,"XB""k
v;QG#D",Check sum is A
test,my`!Cqn9|,Check sum is ^
test,"VrQxy12$sx""t^}hhOs	$8G.+y@]p6oR_jEaQquIm v",Check sum is S
test,	$Gjriy-(}M<wuj^zu	,Check sum is Y
test,}-O<weg|XRkU>Zc1nx|B*E*OeTHeRp 12y}p'T,Check sum is B
test,Zw7a}TL-ar?#a'g?#f8~'1|*3B&,Check sum is N
test,"tUB%r0KA#Godtr!X28""ju-bS^]LDpyF#Pkf",Check sum is %
test,"n9d],ZArX=Sp;XUeV52irp,dt3h7lkOQCCYiE0b*gXQ0{+<%!6","Check sum is """
test,"zHE/2h7	F7\8SLA_R..4NpA1u#*	k*(l9K$GlVqsRxP
/ QW",Check sum is 6
test,"B>,LFVukXgtz9Mh>C/'A	em/1]tt&<",Check sum is )
test,"u~}KC}(
XO'c_3c!8",Check sum is L
test,9_:W=y=\\R du(AbC,Check sum is M
test," +2#Fg4""yinQeGZrsT9[STz",Check sum is X
test,"05KoEP
adu'	k[tvp._]y<nO^ws=G'zk@? @ b<",Check sum is 9
test,"9CFh,P~+cc44}
-Gcn]NFs=m:S^rD+i}	lY",Check sum is 7
test,7-K0:9u8+-Vu]vd6SIa	~N,Check sum is A
test,"S\|E ~k@~36a&y+IP
",Check sum is N
test,f<{LJMByI!j8j048K9IEK,Check sum is J
test,`vk:jbu TS4&9AU*k]yn,Check sum is %
test,46Y7'M ^,Check sum is L
test,"U%CfZq/u6wt|j6$Zdo{X-4/2C 5,|)@v",Check sum is 4
test,"k0	SY|cj>|1""KM!XhmnEX9sG}@XP{RmO~b>~Pkhu97/oJrT\",Check sum is F
test,"kE2k{iPqY!w,zL
i6x?V&j\i^]`6ofim[ o)lq
H|""fBR(cs",Check sum is T
test,"cEGEA4ix%KC~C!7HDycL,'baii;m9 v;,11?5H	ec<>P@KA",Check sum is 5
test,"Q,}c%""HP[	QiA'~LFD`u",Check sum is K
test,"[Rz|E6, &*$M",Check sum is K
test,"VA\!i{u4	3V-Iv RN_$JST,QQ?Ea2#An
P#||S}<:W&%3gxx",Check sum is Q
test,"5Njg 5^AdpyYSKD<A<yc[qU6},3fFr0{""G6}",Check sum is ]
test,U|VJ&L8xsj6(&Q_m`u8_,Check sum is ]
test,2A9QWfAS/<,Check sum is Y
test," ""TaF>0})@zhR4suqHTm~d%(T"";u9{OB$a9}\jn""|","Check sum is """
test,"!!=
/JF#_MW",Check sum is N
test,_6,Check sum is 5
test,+WE',Check sum is N
test,"1l	w|=?kB'sZ3r!RYZ""Q""l*=\oKnd2o^*e$HT^4(",Check sum is 9
test,"WW;c0xJ>GujM =r%4m\gvU=K-r$ILJ,6P? &1""koN~",Check sum is L
test," /X(=XLaO-(
N|""[4\'K!`C ^!",Check sum is K
test,"#WT]N83U!F61a\""kX>u>*;B5OaN-:[OD~"",x9	>=^'""<}AT",Check sum is _
test,";I8z_	A'
#S..C;
QgEsqCe1",Check sum is D
test,co~8iPLm+m]iiJ$R_-r15!ErOWtw+\@OEfh/@p0eNW,Check sum is 0
test,";+?#]t$SUJ3ERO~|`)`VH""jKUdeM]$2`",Check sum is >
test,"
W_qWP9<",Check sum is -
test,"t,FZ\TqF5k&u",Check sum is B
test,$:oU6')8~Jq#*@Ol(M#56MeYD1Sk,Check sum is B
test,"AFUH0e%780,yj7P7F",Check sum is 0
test,",KK*V&7G$)DIA#f1.muT[zKklIGF&$Io_{nnyA1&VI4
#C;`C3",Check sum is )
test,"a%.J&sK06JgfGM2k%D""@>~jW",Check sum is 8
test,"/avuQ
ndO&-	M =z x/cS}",Check sum is Q
test,"i}|%}`S&=U	Q-S\
K;1m=Um9Yl3CQMdv",Check sum is ^
test,<)o6I~!ySK_a{z'2LI,Check sum is L
test,"?.anh0H&6:D""1MeI",Check sum is $
test,"^\0wYZwI|6n'|bU 5Xx[,	77|`{p$",Check sum is <
test,[	\qOnEcvi[9C,"Check sum is ,"
test,'&,Check sum is -
test,"eMi,v
sUhe6mD78c69r4A%q.#LfT",Check sum is 8
test,dbG,Check sum is -
test,"3'=?}B3	QX&
W]brWgF9R,y/",Check sum is 5
test,"u]KP(l|I.>GV,4n;Db'H4
3L/(",Check sum is !
test,"O
^7U,@xzZ=nk.9Wu",Check sum is $
test,"ld~YNTw@`MG(1L!TzUC;,",Check sum is '
test,{9'p,Check sum is +
test,"=SX/FDpE>
LQI$L",Check sum is T
test,+)#9L aRvP*{?GMt:l1/\$l9M9,Check sum is R
test,u{<T8|!s?T9Z1sJ#CPj)zJjt'JQ(~FWyudP/)K599(Y,Check sum is Y
test,-HGJMu,Check sum is (
test,"am	X41-V,K=,o]AR",Check sum is 6
test,Y*1.,Check sum is B
test,@s$S2s&-jFvq2GPH,Check sum is *
test,"Lb~JW 67CV1M9;DfL^JN	Y	Kz^vXJz
(dBB_",Check sum is J
test,"#j(wF,^2`",Check sum is .
test,",@",Check sum is L
test,"JdB$r7E 0O[!dN#2.W:UHE*1dJR2RhO\Fe[<S*D""<!'d",Check sum is $
test,"rBZ{S^D*=$hkO.?K05;,",Check sum is O
test,\1:S,Check sum is :
test,"_lV8[:X@B4K""",Check sum is I
test,"Rt&T(S6ZO&8xDOWtvNGU30`TkU		\nk@SI^0_Pl sspT<""LBN",Check sum is 5
test,I**IT\X>F_e0uxiln:vsy&8z`G4u<,Check sum is 6
test,62wh@m:lBZ7q,Check sum is >
test,{j.gJ[R7gX1SN.==]C7047KS[)Q7	*,Check sum is P
test,"OR6*+0#X RR QXEGw
rh9LWc5I_xX4zd+Fc!I",Check sum is '
test,"+~,Uj^$|	c1<CKnq}1h}+I>K1THj]{",Check sum is W
test,BID^,Check sum is M
test,"@mB-JuE`myQwEzz|Ivd.6:){q
imd]S",Check sum is M
test,gl)T?`eWU<UsW#0Epmf*+se@u,Check sum is 8
test,"zI|ZY*vaKneBz
gC",Check sum is !
test,"p+WO
UAEzkSgr0nGY	nZA0=L	}	. u6'J~q28c:",Check sum is O
test,"x.PA{n}#llPWmrw""s6Jx#-#@?l>j=k6M@Q1FJ)",Check sum is .
test,qD,Check sum is U
test,?f*}s,Check sum is _
test,X>nflKIyI^#	TOz@ ,Check sum is S
test,:ktCImk4Z!I|5Ir<-),Check sum is S
test,OaFvz'`yn!sVA,Check sum is _
test,l`Yb]	cEnH('zNd3q(vjPM_WO:,Check sum is .
test,y7cy!{0G0<ZqT7(Od,Check sum is \
test,l%,Check sum is 1
test,"T/yf&v|jd{,`""aKI[=;gf5	y/JXT>XO I=hE5{{g*uT@w7J",Check sum is 7
test,\T'iy#Uqr|5>W,Check sum is :
test,b'6uz|z5,Check sum is 9
test,8+2lKR/Tv=RVPoD}OQ&ZUgSAsEHF)/P,Check sum is :
test,	BCb-J>4l~6$,Check sum is =
test,"X4*""09cc_m
,tX +&?riqlxfnd/f3/	ORuBux",Check sum is R
test,v\,Check sum is 2
test,IB,Check sum is +
test,"x;TxMuf3ECno{mvhC9&Xgm"" e>>~cGQUq^'t*50Qv(*}k",Check sum is ^
test,b{$.L73^OmhQ(>wAFk,Check sum is '
test,"xGgFS~/(\ZvB+S1N	^Dz""PyB0e#:U23k`h);:YmI|bqYSs8",Check sum is #
test,UUqaVIB89o/1,Check sum is =
test,MiXO9,Check sum is 6
test,C#dhgb2/Omf(T>{q9y>w=>8XtO+hs6-WNnL_CblHQdsJ,Check sum is +
test,]EJMW{)2zoBJ%j*8>[bcfboN&nB+tfF%w#WV^JlaFTCD,Check sum is 2
test,"2Ox(Dq93Cv/92FK0lX,]",Check sum is C
test,pR3,Check sum is U
test,5L,Check sum is !
test,2j|0Gt%k`:|t^D,Check sum is _
test,">ME5U/s""(WH	
;Av.kaJ$v5,9mX~y`Ik<)$&(Mu)C3:F",Check sum is J
test,".[""c:yEKewk }DAS.j",Check sum is E
test,"hRqgP
4*hz815XvK03u5hV",Check sum is N
test,rU/v%0#`l`<Sepq'GH/oA^==rI= ,Check sum is J
test,;f#u,Check sum is Y
test,"';.+""Ws]'B01f|hT<;a(`4DQAsWyRZxaLST
",Check sum is ;
test,"v~`~=Rnsaah#F02m5X&LV""oKJK",Check sum is J
test,"` C3_hdu3l!2Lp:,o0 !",Check sum is *
test,"x""'`S",Check sum is T
test,qHg)!n<xxnS+&,Check sum is 6
test,;]8SbpqcK;,Check sum is /
test,-#%V^-W:\#FCg)P,Check sum is /
test,=njMaS	zqcQe{	]5D:3	`'_]\etr,Check sum is =
test,"y'e"";<}",Check sum is ;
test,s>#D3;@efZ5'2dIN~uEhP$Am&SmL*r9QARX6;t{,Check sum is 9
test,"c{nR7Sv5D""uSZh'D*1d3",Check sum is @
test,:ISdwSZ(_0^::REGb,Check sum is G
test,")`tt0J(mHS#`Q:}J&&Yfrel**IMuB=`=E6mN""K$fCA+/nj3Ej0",Check sum is N
test,JRY.,Check sum is C
test,":42-UA=ZQ-""j@  A:hV",Check sum is ]
test,&'u/Y,Check sum is *
test,"vLxz_i.{;a;7b	DP {,'Ai8g7fZT^Yq`eX@kH84",Check sum is 8
test,"Es=9t-]dq2}Hr/[6<.^bE,w]&x^}22&|",Check sum is 8
test,db5u@fxX]**oVPN$=%xy0!t3k^,Check sum is R
test,?/,Check sum is N
test,"]]:4r`-K%;iCW<{mj0(VHf~ck,`YXEd$T Of6tv2? }!O]c",Check sum is <
test,"45Y{ct`>~g;r97rPs)*V8{#7T1b,7=3""D6;Mh0{U",Check sum is E
test,"D#wzS2OQw$h2GyD/v` @,LE
kc),+,A{}_",Check sum is T
test,E|'*gvTB~j:0Y=0Q,Check sum is N
test,"C4J1^3/@5,Q",Check sum is D
test,0*4w.xcmA?z*f:1WXgfw,Check sum is C
test,WHtx0^P/u$N:TcjMPG,Check sum is ^
test,ShKnHj3,Check sum is 9
test,shq!%gAsR]=^,Check sum is W
test,"l,qw""%C%r_,&dX)M)o]!{>)8Iy7Ad+QedT",Check sum is K
test,"9{ kqMAd&Z9Uu0t9ORPtWY""KO_2-Np&w{	EY;SJ,",Check sum is 2
test,?Y7dR~5hpvj[r?/Cv;~+h}5@2.j;_9|sxuHT,Check sum is W
test,"%zG&Bpc[}kU#6K9yinL{|N+ZI@oDO?edagK/%78uq3v6bT
Q",Check sum is [
test,5j|-AiS{8g!-,Check sum is M
test,".c^]4[K
=c |""3ktRTFVX21S!",Check sum is 1
test,"R4E&{9,M[&Y<QR#~$",Check sum is <
test,THM`v&NuY\vg`,Check sum is :
test,K?/oaU nzCS) YD,Check sum is B
test,"XNbdd{N)t%w)0\Gbu:wP""7$`zD
!",Check sum is L
test,8#GcJ|sM>LC%-1TacLftk8=%n?0(ts803GInefQ)zNd.:,Check sum is \
test,"g[rlR%$	h,LkTr3`PY6XMW$8:Q"">/Jx{HW9b[faFXP",Check sum is  
test,"0uL:@}$C,c.fvi5eG\/",Check sum is ]
test,H3PU<t	,Check sum is 9
test,"DAu[>ev(y-+#@5';#""Kx4SUn>wY<{O,)<+=W>1ckHEgDb.(]M",Check sum is N
test,y\,Check sum is 5
test,">ST-=ACnY;3X k;oVfBMviR!C`eP_g
:WL=QbKvpO",Check sum is G
test,=K,Check sum is (
test,"u<c6HBi&D]0BRr$:x
U7QxmqJiKAl?t-}j[3N7'",Check sum is Y
test,"~(5
c?""GwxO`VEDCh;cP! ]""81.db@LYRk|e$NQnH|D;}u)\:",Check sum is +
test,h*VLU[^nLrxM/o2W#eei%_f?,Check sum is 9
test,"_l(8w""Utv&P?F'X4uAqDemcr.FNpkUCeQby.Q`""",Check sum is *
test,"Jl(|1UDsr:$""|]2s84v	Cir""0\m1Q{Ue\d]y9f",Check sum is 7
test,[WFH%+EX`bek)O:B':Ewt`SP `Bc@`XpWa^IO<;CM%pvi<dOu6,Check sum is 7
test,")]D!	8ub}kVIKXzP@rM;GV.\hNeIE.=9u!v$,FL3",Check sum is &
test,"_A@y(:chJ>E
EX8'<qJ}	+3.q|,YmT[",Check sum is P
test,jz;grz3~HL(9Nhvz)3Dx1Mllk@$Z~cM#d'*B IAUko|c~&a_o,Check sum is H
test," FG)eIpA\{>/g~`)a,T	QNg~>I,HK<;3Eq~wU=1m8g9*Wh3mc",Check sum is D
test,"Q'>' n#dS@e9#gXcuQDUcQE9ih?}!'k('C,lVF.*4nKZ ""RE",Check sum is W
test,"E]IJEXK&?""2"":)#NBZ!rl4i>vS](gs4m0",Check sum is [
test,x'jkw>Nlrtl1ixF}wtKmu	TvUZ4h_%q8+3o'i,Check sum is *
test,]j.55AH^{RDKXN]>/EXYD}lz;&v^|,Check sum is @
test,2NGQ>^*G9&AN{xORA33 :N'5'xae0%*[iyD,Check sum is W
test,c:Hh};%l@ BMK<NPV,Check sum is  
test,"OxML\
S_Q7w
R2",Check sum is %
test,6D7d$vE1]'fY[ <'p\\@a|HpE9g,Check sum is H
test,"C}62i/u)H.p$$f`Ux&t$??K+
W",Check sum is R
test,"@Ei[#pn
z-$y@T@N=SSUvw&M;#",Check sum is P
test,m6^QOak,Check sum is M
test,CBi]_Azj*-1y	N>M,Check sum is R
test,aECpfLbv47}Z<,Check sum is A
test,"!I	4\<;X
(S}k6+8ril>f{`aGNlI:h",Check sum is K
test,FIh z-^\.yQ'B@J=$Dv6!YwYA/|j-e:$FC,Check sum is -
test,"K{-3ec.>Lk=9Wq
7pnsD>
!xuU/%>Wlcc",Check sum is K
test,"rw[""6n;h;@BU*V8hpXn4^",Check sum is G
test,+iN!ztWde~[T,Check sum is ^
test,{&l:hM%ig@W<!.K=L%R,Check sum is >
test,"X%sCW {^@j1!,",Check sum is K
test,yb[[R)Q5j5)y]cN9G3'mdE4pM ryaf:UHmuofS,Check sum is U
test,-vXKkqXB.y{'AB_SDj?J}/,Check sum is =
test,"],:s7.Zus]y~'J1bELC:]+ogE`+Oz4};v~9fjl^xqQi9(!YJB",Check sum is W
test,"X$""y:B",Check sum is 3
test,"N/r""s,I{a_NWE:F$<RZC>\_m]E^<cE]+C~5,70",Check sum is (
test,+vt:*/9gu,Check sum is ]
test,"G8\v03z_- *&<X7-~ym/4*~v+dd(r2 
<+?{jQ1|@~0T|",Check sum is W
test,-Q90oSU?N{pkeYoyEK0eEPdqJb)Wrg`qtefRhy:~+,Check sum is !
test,"}""g),m!BUPh|fq#}'`(~@o^i=*r$""?ote>)n""}]PTV0\Q ",Check sum is \
test,(k*3)qI}.~rHaW{Zc~ M7D_#&t*: J3s`'tV,Check sum is M
test,"E@PGzHXvu73iyYl)q)QxPT3d8n[IGQ`{17]|t}F&"":#b6c",Check sum is .
test,('TTK.m,Check sum is =
test, NiEqR3S1VwbP	UoGr&ubF@V,Check sum is T
test,qID/8,Check sum is E
test,"FRLBDP~zxFNj	/rt$},liIRMNV~js>",Check sum is -
test,"VrO{7'q(f^F
}u FuPu
 :}?'JH<3B&YIR'komM#Mw)h}H""8@H",Check sum is M
test,3-Q(+( @Vc'}(cdM|v oZBgS>H}{b-^y,Check sum is @
test,"!?-bW6U3Qp|\""qCcz|P~sMV'2{ U!""ii3}6lN",Check sum is N
test,"R
S:",Check sum is I
test,"3(i84j*7c2iYSHK~F<$rl>_X.
",Check sum is G
test,"_G8W:hV
WVjJq mL?@",Check sum is A
test,"zjbdaZZn.[?4C:VZL-V)x6L(G2(WPO%hIgs=W,fA",Check sum is >
test,"+?Q*\X5IJ,g2#ysE,3i~@QkDm$_~ZZ.~z+v48mAq_?I$c",Check sum is B
test,Grc?cD`=_bQE[qdXZw}'!rB!~*vakUB6!UQJN6F|Q,Check sum is (
test,"o#ymOSe;A*YO4K?I,MG$",Check sum is X
test,"0FZ0%%Z	h0v9@dRixs$c?^j5`>]iCq7Rrkau,q'",Check sum is 9
test,"#U$!F}lU%P)R%%6$y
",Check sum is 8
test,"c>3q20b.',kkL)[F",Check sum is V
test,"v.	$j`35hC%?SUd'&d(%&6unrksY2I`(1""N!|wz*?""SQ`O?",Check sum is 3
test,"&CUo_5
>';%{-	rM9-Cdv>*_",Check sum is *
test,"
%;E/Te1:PoLG`{
D{vM:9y^'/%Et*5B'A+2Tv",Check sum is I
test,"(j0)UtA6`~>>md]yF
&wh~",Check sum is _
test, ]Ez'1NV6>Ra,Check sum is ?
test,8/f_k1ZK[FwT{iB{7r,Check sum is C
test,"T
E{_{",Check sum is X
test,"!""[+ u^e8	b@ju",Check sum is C
test,"B_
n74<~<F,MoY>+fS8(=r?>86u=xRsyvJ+HM{A	>[D|2~E",Check sum is 8
test,"+1 Q[EGD%Z?,UBoC",Check sum is K
test,~=ApZ,Check sum is &
test,566@$O:[c^?qi(Ve5k]Y),Check sum is E
test," 0
2I",Check sum is 5
test,P9#ma,Check sum is Z
test,|Vz0AlA*To{g'j1<*/%S.XI!y2AYBYk{#|ts,Check sum is $
test,"X(o7:V]O]2$?N6[p?
A-;",Check sum is 5
test,"3i|(s;.8XWZ.?QFF4Bep}s'A>|
G{v",Check sum is &
test,FG32qG@!$vI6u+=.VKlb6aC]X&nu\Z\x1>'3rv,Check sum is Q
test,"v(,:Huq$GlyIT#""s4]G*ghN\L/}6BnOqSECA4tt-FVoUd""`u",Check sum is 0
test,un|Okb=Yt{\kW^,Check sum is \
test,"cgS:N<%tGE(-) *Rm$kiA7O\	l
*OP;3lmiC\^",Check sum is =
test,t(1V-ncZl}\&`|v>f,Check sum is <
test,"UDs*pV)gmrD9hHIw#4GBXQ	bH8Z,70e-%>*EO<q6EVazK?qIyH",Check sum is *
test,"]0j,cs)[DsR4Y<Pv8H|s{4,O",Check sum is N
test,"(
LF
^zrER|Sns<gjp1#T+)$9T*MOX1$SPA<pL",Check sum is 8
test,\n6U5*m^vCW.V=h=U	&oCfSeb=x,Check sum is @
test,mji=oJ|sjZTBj_F?N,Check sum is ;
test,@8@,Check sum is X
test, _wR0h{om)rYNVF+BxMaK3Fu1LW Q:+,Check sum is +
test,Jm%T,Check sum is P
test,"2J9~`y+{D?:xt8g,@i&D[Do-W*@5c!{",Check sum is I
test,qhi!9asE]DkW&L%F\FY))3vAj*A|,Check sum is ]
test,"l3flPFAP&+H?km{^&Pf(`|""",Check sum is C
test,={qa2'ecX+*l=76 s][je`r6Hve]cm,Check sum is @
test,WJs!bu=RR4royWxS Z-0KArm|R$,Check sum is 1
test,"-XP&
ZrWd/#,{E{)g",Check sum is 5
test,"lDhf	t'	s0$C\6TQonpd20b>N3""}oP$G
,`{>4S0A[Wnr$",Check sum is F
test,"Z=n'V#X""$+HT)fgz+S hYLQQn	y<<T_h",Check sum is *
test,=#am(V^{DR),Check sum is $
test,T7,Check sum is +
test,"j|BM=L)6fl=)(
;CiPO	\u|QcgH&<1z	9@",Check sum is 5
test,hncXsk|oW%cgaKy}c{gKt580l5(u}n?2tIW0N's);qM|f];/AI,Check sum is ^
test,"*76ZF2^p/t[*a,22^\RS8Hr@rT#	,cFSURHKm-",Check sum is /
test,0v=*9=C)*p`~s7Kw5<-[=~:jo~Ibpx6!r`)@[f?mbGY,Check sum is L
test,"1k]./n]
(;
p&Dlj|<&%~![|Ll*e)G",Check sum is X
test,{[zJ1qYi0Wda#x*-KB(=tDp+>oTU;s0#,Check sum is 8
test,"~^C4""FKLFC&|",Check sum is ]
test,"QjPBVeN.K	(H""iw)Aep9;u	(|6kVI@=tvW_ecj.!CRJ~z= ",Check sum is Q
test,"xB1\OlyY|9|`g_/	
T",Check sum is !
test,(4&x	69A>Xr@,Check sum is [
test,"6jwSZ?l'[RN[@m`(}Hw-Q^}-[`ia~A)m
\g2t",Check sum is P
test,"E<J`isH_7g/""G$:9SEI	ay^{Ic",Check sum is $
test,"s""QE0s.;kxVj2S.F*Wahp*+sa?VA7S",Check sum is 6
test,QHS-dJI*,Check sum is Z
test,"BDrA5 2p-22yXD$1CSkt""4D#[F5{pay",Check sum is X
test,"pLj""hVE",Check sum is +
test,"8""|",Check sum is 6
test,"1Q|6Z""I
@7Vp",Check sum is  
test,"T9&kk*6)8=c%9tm{ARP
[-QV/o5W1`+ih",Check sum is W
test,_E<WzPw~&,Check sum is <
test,"0{</39wA:g|SO5k
Mx3DL)_/^.fqx"" (uw6-=WxV2,fU",Check sum is Q
test,84=WC;vm|;C#]):$H\s\U,Check sum is J
test,\&d|S8'$D11yrToqkm^9m4z<_EAuSBy6t(,Check sum is ]
test,"?#bHvwVHyG 
utgx
d1HBcY""\}:dGJ\5r	BLOz@.3'~6$]K^",Check sum is A
test,|tZ\0=]S.3n\w-n6+j5xr&Bch_ &|!t4VC_BJ+0<#]iJSE,Check sum is M
test,"hqR'XK#gC`n)6	$[F9ijU2
F?Az0M,",Check sum is #
test,zor:,Check sum is 5
test,"B+nJ+/,Cbknv""[z3=U\RR*[",Check sum is @
test,"|Qb&<M|11uUw-YH:aT3:GSZ2	2uqNjeE,~",Check sum is Z
test,"R""-!?S!""/""D/Gt-rDeQ\;",Check sum is &
test,;P,Check sum is +
test,"`D<z2%g	E'*Q:x>M077
Tur+9D8Gi0]v4""""WS=",Check sum is :
test,w3nv+vtpJ2[&~3'6|PS]x2#/k>D.1fQ)k,Check sum is M
test,")]&AM~tNoQo>&;S'	7JbrX0Bc?qTv46W4$~so:n;1jhBYR
#D",Check sum is $
test,"q(j1H},L*rW}`b$=PvJHF],^kW8?H/R`'=Wnx","Check sum is ,"
test,"_""vYuavvOY""]< `]c9",Check sum is N
test,"|HYm,l/z9\G~3!P6p}[g0Ub5k2B)Y{gb?.&XMH_72h6(]'S",Check sum is 4
test,{;!,Check sum is 7
test,0:Gb1#,Check sum is G
test,/H$6V/`gha$ZIz$fCh^K[?Fldp:$HHZtcY/PNjBPH,Check sum is N
test,"Q<@!2FRr/oOI16`e[_?N>
i1 B{UeQ7:8{d)",Check sum is .
test,"&?2z'n55(_|__7O8oi1r0!_VHu}k/sTq3""uh35!,ZCr{lI","Check sum is """
test,"?_J (O
bLth8LO-75DT)% kjH_LHciKIm-C5ijAJkN6.;",Check sum is ]
test,l[Af~1_W$Ud,Check sum is P
test,"K<DjX*\,^>3T;dQ5Os<p< iKokRNTF^~6uLLXnN|2:z",Check sum is N
test,t79pep	K2?]x;`jJ/:>k(T$/`Fz\NgWmnT,Check sum is J
test,!N?nyC:TzSdLy09HPpAUH:V3*71\a8aH_VnmT>of)Ha}tN,Check sum is F
test,B%zw,Check sum is 8
test,1O2Y_y]8+Go7Rmh%mGNhVM5dd\[:mNbTi*8AAR.9@wQ`Z,Check sum is 0
test,>1~K,Check sum is X
test,"8 !2P87NA2}S""7])|m",Check sum is #
test,T0vbfcV'lyV*>d)9`a Xe\4	4I#{Cmor%\P[,Check sum is :
test,I!VP	d%1Ewp.!P{EKDr2V%NfxcBf`Ov,Check sum is H
test,"nF#6h,?gu:XqU7kzL84",Check sum is H
test,12j9R|uIvZ;s9z},Check sum is  
test,"sIbt\dO8PN!EWGp6lc
_Z""O""$""k	V0?c-WXau$9^iA]:##!Jm,",Check sum is @
test,"eV=M.JH?*U$sU.E#K&C~>fxE6\W@c{F$=zU[<W*NQ
%%Q91t'",Check sum is V
test,NH[s-5kN~sm+IU]w?++3h`E=,"Check sum is ,"
test,"G[g4ti2#(Qo,p?s,X_II@avjy;`TG'|""{g L1uZ+
9",Check sum is +
test,YmhkMk'`powQa`|s,Check sum is O
test,-fhN.\h4IrMG XB xO2bo{'&^mS_0rVJEd7,Check sum is )
test,"5j3Q@gA-MvP6z7o$z6j?*gq;ES/[/g<8,%vQf7owZ+",Check sum is G
test,{311XBS+1asS:=cRx\fzvo~4l*Gga*|9Dzn<a{[: zry,Check sum is 9
test,`5')p,Check sum is 5
test,Fhq,Check sum is ?
test,RyvETCKQgxcudw#7N]$6OP}[(Xt,Check sum is 5
test,".po~(doABjg4bT?DK-%H0%`sOM,^",Check sum is Z
test,"+ytI7Y
F0O7I4mKsI

|<9+H@3EZc#_d5zwKy&",Check sum is +
test,Q&A1,Check sum is I
test,Uog1A;$!QYf{$bnCszS`6z,Check sum is O
test,"!O\z &OgIoPZ}0\v^yxNr,",Check sum is >
test,"qjd[z~V:IYf9G
HN?GYEg[Bow3p~t$t%me*",Check sum is F
test,yOT-R-%}q fdc` hp.,Check sum is N
test,"g87;z}9UFgmv1,7<.SyKuh'I7$wM&]T,M. /ukhA@v[sK[",Check sum is G
test,"G]HsZ4MVMA}+(;J[lz~ P<WDUV2&mq%.\v
m-d!uY2JK  J",Check sum is '
test,nR}y[b-{w;pG*Glap!]G,Check sum is W
test,"yq&<""C({MiI__S1m4E1E",Check sum is Q
test,O'13e?0e<Zky,Check sum is -
test,f6/pbv8s0zf<Tmxz2K=/YkC;|Y)a3IRL9)u)F7t*I%K[,Check sum is 0
test,0N:H<7h1c}Z2R`5u(g95UM.H|9JyU+!vr8A^ 2[-V,Check sum is Q
test,"&""9
u""bj$PwG`",Check sum is  
test,"eU>
yv-npDZ!!+k 2NJ@3DIi sN;A",Check sum is B
test,"V`iK6;nR$KklZ&fPf&j
Ks!gI}q!!YHt',d-""Yc",Check sum is M
test,"rOlX\ x3P<N;f@PG=vr><WfOS\/r[-^w4gz
UG,E`",Check sum is B
test,".jlo<hG:d|7g, Dy",Check sum is ?
test,"Dz^woBgmm/o#	F;[@WjqGUd'""#Mk""PM<(	gF",Check sum is :
test,"AC""14.!x;op^xf=Ot?$~v!z|H4{2f YD""nT&ez]C74v<1hs",Check sum is 4
test,L p@zxYZz\p,Check sum is '
test,"<;6B3aOd=zQU""W""x>
AR[oT*x@@^/eWszk=`iROy*O8+:G[
",Check sum is $
test,"RLz&l^k&Y h
QtX;aC1jeX]'/7Wqh^Iy{<1SF'M(;\C",Check sum is )
test,U}r],Check sum is A
test,"BWvLqM3\->9gd&mK
[JXA!<w",Check sum is 1
test,"'STtZ%(ni[4G0	^('qzN?)(8	aJIvu!d8C$I}7Yr,rM",Check sum is \
test,"Rc&l*ZChN
",Check sum is .
test,-7{Yo@\JpYt4_V,Check sum is S
test,"LW;u<@Qk_
3rG
DWbhe$k1^uj",Check sum is Q
test,"-f@)GTU -+fh~f-^%O5
*}""WX""ek,Lw2@'F7R",Check sum is 5
test,ASsSf U,Check sum is U
test,D_ H2Qlr|$axp(G,Check sum is $
test,"Q+<%,}ES(PE ""Ua]BY{\",Check sum is B
test,@=''K$y,Check sum is S
test,"^.V|OF Gs4rB0dH]M@	(s,",Check sum is +
test,"{.1S.8m>7ac	aiJL jl%H,E(p%gBKg.A8G)GR	",Check sum is '
test,)w],Check sum is ]
test,?.$8C`0W;n,Check sum is <
test,"13lo-SV`
gVWf
;k' DvlJ8P@9v`ODBi{F*!F",Check sum is '
test,7QmHluiH tJX=w0P-lf`n0us&f<f,"Check sum is ,"
test,">?y}G>*NP,<:\0\?dL""HY37WA
GXD':","Check sum is ,"
test,1HKFnij3mE>%S\K=%{Ct^'B,Check sum is H
test,syFw@s7%H>Oy=Tp,Check sum is '
test,~&D[zLebt&<`M~$[1	?NeF'X:V|{knbZ_l,Check sum is H
test,m`2L,Check sum is +
test,"4P,L3t",Check sum is C
test,"-o& -!x5U,ml?*wa;O~UZ=sj[gh~p:F-PvT3~W:KKO{B~v",Check sum is  
test,ky|gjOaWWg8^m)(L>\FpM^YlIal*8*,Check sum is X
test,"+CZO
V;",Check sum is R
test,"%""X^[UK/U{6(ok}P8fgh",Check sum is I
test,"K<-w7v""",Check sum is Z
test,"bk['tGq<v~c.?|)~>L0#2:+D},Y6yuv%>~|",Check sum is /
test,"/H{{\1	`$Hy{x^+{lC4b9?%2P
<1",Check sum is :
test,aH+K\>a`fq$W!G@[y]GjL75;Xr:Yn<flBV!`gN^jQ$`I8`-,Check sum is ;
test,"QKb2&v<#J93(J?z9JNK xmL,IpR4bmX$[",Check sum is *
test,h8YF\!kEimToK).+C]@gz`+KzV?<2CHti	/,Check sum is &
test,O_<utcC.iENYz,Check sum is V
test,U_	]&/'d3}K?-2&_7h|a`GBb)9Bp,Check sum is S
test,",IM[#z1}&vF-%\#mQ&sd^BzF\wY9]2:",Check sum is D
test,/U)D@2tN41]t#Nyz!b*u,Check sum is A
test,&]:dCL,Check sum is P
test,}= e)=yyv,Check sum is -
test,"v}#g)
UKkqsm#f28iN|eQD-ck JpAC.9nS<%zn[",Check sum is 1
test,wOP!	p.-@LsL^7==-;5tugz!Mg!,"Check sum is """
test,]P%)AbJ}4<\j(#3|yRu,Check sum is 5
test,f{)M/veB	b 7~Q<7S5j G{~Dxp<!$,Check sum is F
test,"z22Hh(G{z&y?=M~,L#?Q,(aED:>)^.",Check sum is N
test,4:*K7w,Check sum is 1
test,";?3cS5x!zDY2u[C^a\:0""+)!}T4#zD.jlC'S8",Check sum is (
test,")Jvir,JSPIQ k5%#	zo*\T!0mmNQ	&",Check sum is $
test,*=~i<;C,Check sum is (
test,"@H	,b@*#<+
P	m{<JN4z#
a#EB%6KJzo~-c[",Check sum is :
test,k*Iar<*$NW}c;%D-~i)5s.<!X\,Check sum is (
test,"QFj_4^vx-2-4(J	`:,]si;uO)^tB)4bT",Check sum is I
test,"a:!H`doP+,'^9<u-Vt&q",Check sum is ;
test,"
AyaN3W'u\tbB(b ym{
Q@KrG]",Check sum is 4
test,VV| 8zzvC0Iuexyg@QRu,Check sum is P
test,_[`s4!x@l4#sD=xLL_w`(c,Check sum is B
test,"J2$t!
lF)",Check sum is :
test,"y#O5C+6s3REi/muj
w{;O-V(HNfcd5-,QZ]g	O""%H.>",Check sum is I
test,"+#dWu*w[xEq^g~Ate-$7!5,(j0G~YP+g]$gm7Db9Lzg",Check sum is I
test,wqlE5 =b]ciVE_73s?0#_G4:Yv^4XS&i,Check sum is .
test,"""[x]I",Check sum is ;
test,"^~Yo3,ZGXp4WG/]@WQ`	;M/m{thF|lPU<V3<Pt55d",Check sum is \
test,KEN-FfN:_J9h` a'vC,Check sum is *
test,"SxJ/$
rls	zxK'<fY+GrV8:",Check sum is 7
test,"XU<PJ2I9OBsr@xWR{6/[5d:ZE""6J``C;IR7:%Ufl",Check sum is S
test,<(H!o4VipqXoQ{Q588WXMdW4(L*pyi9,Check sum is M
test,"9+q3+@""CI:+""N
/fApGE[td^v$#K",Check sum is K
test,)b3G/nmpsp|^KB0^Fh/4a,Check sum is )
test,"@:u( 5d#EpP^p
fz`w'J5dk,v>+{8OI|3Q'$(D",Check sum is )
test,*sw,Check sum is 4
test,"p	(jXvyc[3+unT%l])R;|XUZLAjGEKwjid6+51+
I",Check sum is -
test,"S8ng0^(cf
J]{l,WhzSY1aJ(7f[e>mz,8fOq<_]",Check sum is 0
test,]n$88K)X+7C9X{[V)$r,"Check sum is ,"
test, wmd-~OE}jPA]:qe3v3=6T?bgwRhq}k,Check sum is !
test,"[J(u$0zQrx5>(,+u#`S3	$b:o""pL}A}[Q5Rx1{tdw=",Check sum is O
test,wgd LZI&5!9,Check sum is &
test,"""vn&!R53		`uCF+	o@$",Check sum is ^
test,"L7K'(""",Check sum is _
test,[?M4)b zs$y	Y_y</[\w_M,Check sum is /
test,#v+XKH:7T l-~7K.aOy{)r(aW,Check sum is Z
test,q'k#Y3&VFA'Qbs+=}cGJECU$}|s?HN5wZn__3/qE^,Check sum is %
test,"6NmBXS::'E+e{`	*.k=""</y""O20TDKdS~	L",Check sum is X
test,"Ou-3m9s
=q$",Check sum is 9
test,`1Pd=*A4nk?M,Check sum is &
test,Yzs,Check sum is &
test,;e-nzKfoS a?4>@V,Check sum is P
test,"M W_m5[TK)'pwfkMeDth/^
N,GYnBnnxJ!0QjzC{AHs",Check sum is 8
test,O@v2S,Check sum is *
test,"""i]m",Check sum is 5
test,07q JJ{V%:E*?5(9IP+k9Qo&S<@e DnV@Ag rtG$Z} 4V>o/,Check sum is @
test,"Ad]4Jm""}^GC|%p'C:Wl;NRn6eo,K&>\u<G	vVbDyLe`h",Check sum is ;
test,C*d^7hxD[v{W/EXL0oeSQ'ai-,Check sum is +
test,"_8?:Jr4@qv~7`z^lq@}
N|SB",Check sum is 7
test,@#pEq9JI|o%ROj(KO'vUTo^oC%_,Check sum is [
test,"EzL_<dCfmh*,fR7pJJ]/ ItB/r2`K@3;3zPeEu2&KzyySApU!,",Check sum is Y
test,"""VYIyRU-97H(<1KabSuo$Xt0wnT)Dvken+ <$:5_f$h~D+rb+",Check sum is *
test,"Z 9fF<JAwhJ
e<L}DsCW?,cx~%N9t:",Check sum is R
test, plSahL^\RT#,Check sum is G
test,"?)j]m#O1mj0|H4tUHW;M,Q""ip6l/`NoLT<_55[gLL""7ryW'K",Check sum is @
test,y<~USrJ{~(,Check sum is X
test,l<'~!?wDyE|(uS^%n*_WK$THilJCUp{jl>)eM'iNR},Check sum is L
test,C46;qDOFHC.`YMW=r/ql>?=*p	S/|1sah{c,Check sum is I
test,"tj,gbLM_u5B&V4_ggg5[rr:hJ",Check sum is ;
test,"FZXW;itNzo/""&[/fNHRvt+Aeh",Check sum is 0
test,"""	-#y*$BLHPth:X(.TJogH-	8F~T{ih0R^0%|Xv5iq",Check sum is (
test,"JX\'""J^a:VF5Dr89[	_	VQ",Check sum is U
test,]FG:l6d,Check sum is J
test,"Fn&~9{vfCg)[un]onz'r]xv}9<yAA\""B!0	Py{Oy5&-n<c}=M",Check sum is  
test,"gU@r&|
v

=3Qsk`+;*=(O\	_f}B",Check sum is 0
test,xR&,Check sum is P
test,Pva.,Check sum is 5
test,yR:`G5KE?P1wl>31Xv4c&?vsb+.BL3Wr+rD:,Check sum is )
test,"b}<""7B.h}3PErDQd&7jmAgKk!Ay73,2`xRvq9
wd;",Check sum is ;
test,;v^R;	,Check sum is E
test,"T0y5?.>SJ^=gt]e
I""TNU8.\.I1tl>6i}@}o,?{15E",Check sum is _
test,UL~MSh&}2Gbx>`6,Check sum is Q
test,"S.dPw5!3DBb9'zd[XI5-,zduvCLza<_EF""kh5V!",Check sum is ?
test,"K$-|kP%S.]|""b6l]s 2>G|/lw|eW?3JcR)7jhS0~2HF]ab",Check sum is I
test,#bW6,Check sum is 2
test,P(pEW.`(^&0x5mTuK[J^,Check sum is ?
test,&IA+gMl[w-,Check sum is Z
test,H9Y2*)] d=Qp`fxD*=;B7D4*l|AZoX,Check sum is '
test,"y	74jJLxAfv.:+7
LW
(s6d=|_""OCOs=Jv",Check sum is #
test,"FXsv)@QnC,##(mb9)FKK6r%I^f.",Check sum is A
test,"J&^,TtZ",Check sum is <
test,"$a:SH7LT""[mt(",Check sum is W
test,ZF2M,Check sum is ?
test,)kNQ~ixDpaF=|T#O<[\U'bzBA0`CK,Check sum is 8
test,8_QzwQ4vb1[$8B^>%9_18~|Ig7U7p[ CA_4Uy|e[[}`Qi,Check sum is -
test,F~K,Check sum is /
test,":*HmneW\Q[]U9W.%~OB1.|nl'AwD2i8yRX2gar,]M",Check sum is _
test,"I(0(.DQpoX""6hwx(5\",Check sum is K
test,	$?f}(I sHcf)qC!\i2[dE:{XM&~JDl9\&M_?b,Check sum is =
test,"Z87*0jh,&CwXe{,>\w8L>ibhw<?5$At&=\._|xXh&Dfx8EM",Check sum is ]
test,"i}`5+]#YXMZa<wpZ,[u++2EAkoIM+`Qh'-pZ XqX-~$jo",Check sum is A
test,"gqDYkD<XlkNA+M[$~HDL|g>,5=M:&g(+%$[:'qS|b9K3Z",Check sum is )
test,"*""{2V\lk6`h8g,N)ry;1C_
VQfA'H""ax4;t:",Check sum is :
test,"mJ.y!#Lu1t55eu20c
m>md6^zl}@OXoo44\y#?J+/?[Dxm",Check sum is 9
test,(uTCS,Check sum is '
test,"Z]:|Z;""hJ`5;dNp/Y[g6_+HZ(i,R",Check sum is #
test,"sOECIOO)nwm|%]Tx,XDsxr4Z;5/I9bD|of'G}&^g?iGBT-m",Check sum is V
test,9(X3dvoE6D%-Ys6,Check sum is (
test,"V+QvPEjg&""$v(L`%\
+o+vy|!L""B[xTy>",Check sum is .
test,?]zMefcz?G ?$~&lYMvwLjwmBJo1[51nYTv-G\1F7G1,Check sum is %
test,"!1Zg8.!_~HBUg2NLZyQel,",Check sum is J
test,"bH-?Fp7F!]JHbV7/6Uc
28;%3G8y9v%.=MMv",Check sum is S
test,"KW:,IB%.L|G[~r< =1L52A,--=LhjB^,|_Ex3P#t(HNC%V;QaW",Check sum is =
test,"k#=*$""kpe*BNrWh70_<@c12jiG""MxG`~:,k$L/+#cn""
Gf)Ls\",Check sum is  
test,"p\=HjH%+Z>VAB\cy
9/$[kVi)H5,",Check sum is I
test,DMj,Check sum is [
test,"FF Khx
$k""q&pol[h7X",Check sum is &
test,"^cs`y.C
zaxB'rKdPf+#-gq}iE",Check sum is 9
test,T8z_/cwV~TR?,Check sum is G
test,I3mT_NHzm1O9s6<WS[Y!dZj0J8vt@Ny<Ha^qMOZl$roH+,Check sum is /
test,+# {Rf:Uy0i,"Check sum is """
test,A0wY8A=*D_[V +pYj~`9iFJPDnB(B_8p4,Check sum is L
test,"<}&.9L9`I
*>np[ \<~|Nh[S1IoYt~'$UC","Check sum is ,"
test,"3b9;+""~6nZDws5W]}z6kO",Check sum is 0
test,"2=
2i-#&mW4$8",Check sum is >
test,iW/*2us6,Check sum is I
test,g*	g[Q,Check sum is M
test,;LYFJ7iI%Vi>U_9qZ<kqW9	v[{vjE,Check sum is 5
test,"Y)7o#A5l6(UZfhf,rL[.eW}!
I5/2oh'WK==BP7ox(t]N",Check sum is U
test,vgq';|-PI3@N04b,Check sum is Y
test,'5;-)Gh hDqd<!Ite4,Check sum is P
test,(1W,Check sum is P
test,"mu
m~04u)i+	uZtE|MC0,nkr)8\lpni,K~N>iv\MTnY)S0_SN",Check sum is Q
test,7a%EJ2V?Us	kkhs<w	yfUt27l_oQF ,Check sum is 3
test,19*[a:]1&v!nr,Check sum is U
test,r{~hl'mT`AbAqhNmB8saSEqo/mBu:;@+x6cu!P,Check sum is O
test,=JelfQ0$pZ@zRQYo 4z-AfP%S13; -:jaY ,Check sum is F
test,"(5-b6wCb
-!E(aC{4)Q_\+sNFS]=FC;""3L\tx~hP~~2cMas",Check sum is _
test,H3-tg{F`t9ZeXsba7CAenB`3I{)4W?2&H`B]@%H^zs<},Check sum is (
test,-'hb9nbI$^lV`o,Check sum is #
test,D$th9,Check sum is ]
test,";z/Yf*
H?2$NoeCf:qViI.j}xK[1-{nC",Check sum is O
test,W2^O4b&]apV0tzeYnJR|ts,Check sum is _
test,r/;&Mnd.UtxNICvW4S.;?&?>ou#@Y,Check sum is I
test,"3}qYus\+zc"" `GBzT^",Check sum is =
test,"}las.H7s9B?mW,^e6 DgJCND[$M'KvR4)8:7
gTz",Check sum is U
test,"$RDqz
 ",Check sum is /
test,!l+=w'r%CDw &)GtEx8RqFKCuQvRh;'7P;JZaqP85N:Ys=>lwI,Check sum is F
test,qrO^C7$uL*oc%@Vlf-]6S<g&sv5S>fGz'vN^nVlAc8,Check sum is _
test,";~x_
aX@j",Check sum is ]
test,"qWgpH$m<#""lqsd#==T`s-6s/d7:>&e4d/e*-bWWM'w>1g~%7","Check sum is """
test,$g2P#_ara`6ZrRnUI5o(toWWnadOT#,Check sum is 9
test,",B!C",Check sum is 2
test,G_|}dde,"Check sum is ,"
test,>^b|8fqm]2H!],Check sum is +
test,%P</^uR6E	z+Q(eM$V -oZeV(P4]nY<l%h=$X<,Check sum is >
test,"V94RulT['.[Wo547::	IdzO3)4}'->{%?',@Sdm.""!9VcG!]&",Check sum is Q
test,5F1R}y/a%kf,Check sum is Z
test,iWsl5TN*&dg*35gc@RTZiILlru;iP q5cx|=g=,Check sum is P
test,"7Z*sj2ZzEZ\*141D1Y)0	bOW_Lo HV)F>&r<.*c""^SH%",Check sum is E
test,"[SrS]KaJeKpBT^x.aN,hy&Q:",Check sum is M
test,v-X619z%Gxd56i?]8i<j'tx}_'/,Check sum is 9
test,?.Dta,Check sum is &
test,"*
K+{M6oI",Check sum is @
test,rQ:Gs%zN_,Check sum is #
test,VoOj5N>1h=0Nkh,Check sum is F
test,S<Lv|CK4R}ZD,Check sum is \
test,n+d#4a|1y:OMN/M}c}sL[@#u{f,Check sum is K
test,"=@7t""Y}B|j6y{zLAz
M",Check sum is *
test,B5w2H^!#^_QjwLB,Check sum is '
test,"Zt(VkQP>;q(H5S*2jh\9=6z,1G+hODy<:UPd2Xl>q##k4rwA",Check sum is @
test,>eU|`plel<q;',Check sum is 0
test,"hXO@C[)uEoT\V	go7k@c[=f$:_
9L+M>1\EG(|>hR8",Check sum is 6
test,"Fslb"">1J9o	o6+a\/imC[""}.GDSQ

GyV)\z.iwgfi|i",Check sum is 1
test,.a2mUep6Wg]$RnqFH4Vi0:/t@2:*,Check sum is B
test,"^]cfM04o1<>5+,Am 
N?6m
5]zGdbMB,9YG*tK7gE [Qx",Check sum is J
test,"&mR,v0",Check sum is W
test,"hYYCSR2k[+ROVa|
2p60/'#8,BK5<X/:sqN<CO)%gW|HD~aNxh",Check sum is (
test,}$WkB)O)`#vA	(% '[,Check sum is X
test,"->G4&*v%
A~\	aBM@i{\lbTs_K	bH^heFpQ'XI",Check sum is ;
test,%t+l/9R%Z9,Check sum is B
test,"
`)4o)l	4u3VI{lOx*a8]aNl[z%~a1_=qR:h`]og);",Check sum is Z
test,"TW,	ex(#",Check sum is (
test,"fsFv!(cl	`DIwhv,/<H5*H|)AH3",Check sum is ?
test,"bla[lu0y3M(jE~IFKKj 5aLG?^i,p>E]cG",Check sum is M
test,CND=d%XzZz^'#^uq=R,Check sum is \
test,SnEz9Yo/h~f 6s-}'|%mncO=ux9#q,Check sum is [
test,"QHyi`W0M|=X[vY^r<`1-R?m5P/7u{&gp"" )F+3KMVIinry.",Check sum is  
test,:#Q~Q_KLt_Z#+}q(JV`%|.w?jlZgC?!<T80IXV,Check sum is R
test,rNbIY/hIxWzQQ`:,Check sum is I
test,vTiV;p`~	DSXl6gj_,Check sum is <
test,"oE
?Z{<>{(xmP oM^Y.GZ",Check sum is &
test,?w)*u,Check sum is ^
test,V8$,Check sum is R
test,&6VbSup_O41kd|aV=${,Check sum is ]
test,#Hbt	R{cj3r\q)`\@k9=9aQUalyIOB,Check sum is \
test,"|I$,Gyz""PeK>c6>Mn4p+L3$^@s`.qf^bHc0SV@WPHus0w]?12	",Check sum is S
test,"#wN6lXip&=Z%Zv_LUn8J;q4:K!?qppOUb,/:Xy@`",Check sum is _
test,_A^,Check sum is ^
test,SM`)=;[)j,Check sum is /
test,"
=$?MbvnPJn5_1yA<[McH",Check sum is 3
test,"wec""&%bD.K{n>{n1","Check sum is ,"
test,vLL(/99+m,Check sum is O
test,O:dP-,Check sum is J
test,"|3^j5c""",Check sum is Q
test,<@(OU&UnqH}bW.P8F4U+YPOnhW'[(-m|MyzaLn<8<|<_HMfp),Check sum is K
test,_1qieh1bo*aC}prT5k^ZAaYRcyqJneAQP$,Check sum is /
test,U+?!Wlp7i1Z	1Vo7Eee,Check sum is #
test,3_fH*Q,Check sum is [
test,"n$6GE(dK'm\/v3($K]mYLj5""i#
78uNJ~",Check sum is *
test,W%Mdlv(\%+R`cz/i<,Check sum is &
test,II<YUpcHP5^T^sR&V/m67j2[:OJF,Check sum is &
test,"^MBK
z+xQ
fi\H",Check sum is M
test,"lAy)r1qZ/-by)C.""X_.AB3!>8<kCp8\k$,dB{EE",Check sum is V
test,",ic@U""du[*-%,!T#.6v$*utQ~&x`zozN<:
L6')nK)8YkK",Check sum is M
test,";iQ.	ysfPnHC,0/A#afG3<L9a%Gvj:&,1PS:q7#[XJT2Z9B",Check sum is B
test,D$Tw-fv.8,Check sum is B
test,"I.cqgJTu""FzZjHNq]CN7+s8SNF",Check sum is 4
test,Ny~ HwFP]+s-:t<^jlgU>z,Check sum is T
test,sgM(NkIrZm-qYaaIxfO.j7Q,Check sum is 9
test,"TZ6V* VOE#6pJ+/0;Uq1yQ9Hik)ZN%-b}?koG0w)xcB7H2>],r",Check sum is 5
test,"yMj+""y|g050>>}H!",Check sum is 0
test,3u_V^s}bMi^jGA:S=x\4~Q'$}K#Y%D|J3H;?wb P[,Check sum is +
test,"lU""k46YrwVs]1$1Rfp)=aA(CWHf `-Rie
y3q^<^xm",Check sum is 7
test,"&Sb=$Oz0Z2
'p]gck[DF#[{AZ3;LSrY~srf-4",Check sum is O
test,GTO!|k?ZDp<PaSSnnxVW~u!=,Check sum is D
test,"{rQ3in\]|bf1J""#;@y'!HzXD>4T1%BN[fn7(Z*rx}m|>e6Tu",Check sum is /
test,W*?4#+Kn]]DQO:r18W2UJO0|!)/K<\R0IJxFzVnA<xu,Check sum is H
test,"vR# @Z)	1Zf}o!-[4M#qdV)tV&Xe)+D-@
<.I=Phgc",Check sum is #
test,&QpEID<|[Wb.RgEoMhv@(n*1[<Cg,Check sum is ]
test,"D>>2YUZ28zi4;=+Ln&QR,#FW*Il	P2\f9XEE],K=;",Check sum is @
test,"iTf5@5'/agy}9?5M/7CZ.GJ<;y0Py]~JhjgO(@!
A7}9!Y<FN`",Check sum is >
test,5	!#FebU7u,Check sum is 0
test,3U3i=dYyBT=VH63]0!	k9xwF51gB0?#oQ5akx:b]J4q1,Check sum is T
test,EwV-Zg$6E-/:oPr,Check sum is F
test,C=up<Bl;*1'o,Check sum is [
test,KN:]PH,Check sum is (
test,&+&K\-U,Check sum is @
test,"Tr\B'
95s*,{kiH!S_m_Hz:xo",Check sum is E
test,oJ6?oBXNhS0>K`,Check sum is 9
test,lz,Check sum is F
test,X!?YDJY,Check sum is X
test,xV-Q{'T\,Check sum is >
test,"*D_jn&|GrI
5	WsC&d<",Check sum is D
test,"#BJ5~(1OuAS+3b2,:^ 8WTed`gE7lMZ",Check sum is K
test,l3^M+@]A2y.OIBi4HZTSH@/t{,Check sum is 2
test,^ E=e)T)x\99[TDMD'zx_*<D7c^2%j*i3zIb,Check sum is ;
test,"s^X{#bhSNMX<'v2PE!]YwSU	?k5
0@Cr6 +l3Li_JW",Check sum is 9
test,9!s]KW?Sf7W'{Ly,Check sum is Y
test,"rjRq6k$HKS?:{A|52d#5@5aj,`'IL$",Check sum is *
test,s}/n&jiX]4y**^,Check sum is :
test,"U!t;Pk`Pm3IF8D\;aZ
qKZKt%+6&",Check sum is 8
test,$x;EwmM_hw/,Check sum is Z
test,#}-,Check sum is -
test,"+""oC	iJfm.-*5tga\Q",Check sum is Q
test,&#75^`{A N9&azsmC,Check sum is Z
test,'J.3z(y7SipLR\gez,Check sum is 0
test,"C\t0l~T""LL:}(SBv7E+s'^V3>=Wbf:g",Check sum is (
test,d	#Q+<1{%|ao,Check sum is E
test,"6_M~QD/|\l+kx7L>/eA)cIJR1c;qCqoh]}mi(Zu N	 z@,m",Check sum is 9
test,"8	Mc3X!(37I`6:.#[1WAK13f}crSlB?	ikg""",Check sum is *
test,x .d`RfAl6R2aqjIqEJ?]:,Check sum is $
test,BE+p/6$,Check sum is K
test,"l'.p1H)
sfO5%9""DfnASe,873bgusc5adS\+Z[",Check sum is V
test,K35,Check sum is S
test,")kX =p)y`""s",Check sum is 0
test,"}w
s3>uZO=	4}nz5Tf8vwa0F*}F@
BQ\I'D(yxg<z^@8t~]:|Z",Check sum is /
test,FycFyDqRr#U/) d] 1`3f8e[V=%%<(=Z[XKIiW!!/)NsG,Check sum is .
test,%s4ULd~&G!::;s>,Check sum is ]
test,i4BNmVpmgO*~8,Check sum is C
test,"#F1x9;hw\`@a5oi42DGZq}z	1zSX|R7&W
Cda",Check sum is U
test,X'\+MI?,Check sum is ;
test,"
:DM^&",Check sum is 9
test,DiXXTF,Check sum is W
test,~ H-,Check sum is 3
test,"@
V2""'/]qX%DvN""?c",Check sum is A
test,"9
V#P15w/EfCV& *zyo1I0:[oyUMA",Check sum is X
test,"C#GCfkr/
[
Wi",Check sum is 1
test,p	,Check sum is Y
test,X( B)o4PtM:\T+3Ak=dl0(IuGW.R6hU}|i;{`VC3R>Q!FZ.H,Check sum is #
test,"
lW'2mXx	;>6y_;EVqxb+H0G3	 {0VO
w",Check sum is K
test,g^ eJ|C;T8r2lt#*\C%^L+mMhGWsqsW/06,Check sum is '
test,"0d:#l7q_#E""",Check sum is N
test,9bUZOdb,Check sum is ?
test,.`q@v{Pznr)j<i/!MI:Id3,Check sum is 2
test,"\,$nV}L<JVh	^	lXo1wffDluRb8s
C>t6@9>E 3%&s<7`",Check sum is M
test,!TDr<:f%,Check sum is L
test,"*ZAf~SQ-=,U-MHM",Check sum is '
test,pUm[S%$#7!pL,Check sum is @
test,";~d3HJwb5[h5P
vOUQ",Check sum is M
test,"+Z1d<u:!EudhO` s$b"">9R*J~=J&Ei6E*h GXJR",Check sum is 4
test,"'=%D$g2^JGv6yiG_s=%""h`$!x<H% IA(5I",Check sum is B
test,B$YcA6A(!`A1_nlp]|0\#i,Check sum is /
test,"abU)&VSFI!`W<)t~&Q)
!
:@,gMo?EqI2'&]%`zDLY|^GqWB",Check sum is 9
test,%%rcf4k'XNc#,Check sum is W
test,"d%K{
[E'n5K]"" 3oBQw",Check sum is 9
test,",&un/=t8sr?ZG~)D""#!~4#}R-B",Check sum is V
test,"uLP{5%0`M.V
r;ly3G)fgV!9%1tU,%,",Check sum is ?
test,",?MFBy0:a	sFa5)Qn#|Kg(/Vyd!5",Check sum is U
test,"Nl
$N4OI%""8w.*o:h5s1Z2n("",:X@9*)/6!'Z%duyY0hW+lq$0",Check sum is J
test,">!Iy~7 G-ixAYQmK9pMt6C'MG'vKPw,|H:,k[Wl(","Check sum is """
test,"9O	0}uB}j%9[c{0gtV&lZ-u=46;4Hf$z8t{9""VJI",Check sum is O
test,#{:2zaHiZ_!Q,Check sum is !
test,"qr<3""tji4	y)GlMy9A
}X#I
o4w_
[h{Z7}
KT`",Check sum is Z
test,"_$eaa*Dog
TT""5eP	Nd2afk5GcR",Check sum is \
test,JZS=UZ1h@7gw#6]B;3w..L_$e.ouDR3j(v5t,Check sum is *
test,M'z}WZBayl|5VTV,Check sum is 5
test,"%t;H}[wyd\""~anQtyISF'i*+0P%@,BcY""4K",Check sum is (
test,vmGxrB0H>e=>>2,Check sum is <
test,='9Y4F9R?K~~5x	,Check sum is W
test,hql	@;;lh,Check sum is 8
test,T'cy6~]+OXdB)wEpBq},Check sum is E
test,"$6m'puG9l92z],]9xv8iLoh>0",Check sum is C
test,O7ykUo]:Dk)}aocdCF,Check sum is Z
test,"i,h:]cT",Check sum is +
test,1#.Tq}^fB	(L,Check sum is '
test,"IRf/!w_CEn*FS+3WJ,~_;9",Check sum is <
test,"BN
(A`!0jfU:IlJ
 G#7)""'9m",Check sum is U
test,"8'aDkL!RvH@=&v,",Check sum is Q
test,"$40M[""$x?kQquA=",Check sum is -
test,XEepXq;V_VDi|,Check sum is J
test,"dX;,BGVQO4wNkmOB,ha",Check sum is Y
test,"""]/W",Check sum is %
test,z;)!;s'b3a \4Gm,Check sum is N
test,?	T!j,Check sum is G
test,"Z""%\od|.o^VxDo?~[*5`g(-1TN.!""2aJ~=(	g/!A!r:3~",Check sum is >
test,"f19{:F.9$i,
/Ih~+t.""Qj%&nm,oDd#>9n""d)#_Vw:y:SQiF+",Check sum is 7
test,"N<Vh\e~""j8q&pM'rD$r""B0\?;'",Check sum is C
test,"=]*g,E0s",Check sum is _
test,|I(w;N>%pK;yp,Check sum is O
test,!Y#H,Check sum is E
test,.feb($=J0NKK^Abt2Gw)ggSba_P~yee`D/M=}PrG*R?j0:7=y,Check sum is #
test,"wB[Xm	:c_""%
+
P;&x)q[p'K""6u@o{Eve<lKsbDFjLR$5Sg'8",Check sum is '
test,zsJ?M|q7pa6H+XQ+MfXd)i.eGmfh,Check sum is +
test,"Lk|x0*g""Ax%{fAQGW(!3s",Check sum is L
test,DS\M<n44+3~;Z:R	|&'$v/\g3n#YhdBbL89wHbn&S`#,"Check sum is """
test,"WNsVJaT9Zt""bInD*",Check sum is =
test,"KX^aGUaCm3)_x5j<,R_uO*G|JbkK{*l9VzaL`Ce&'z//##>h",Check sum is M
test,R},Check sum is /
test,".pNP0:m;}fWW'VZn9l&R:FFF$-$h""Nw`",Check sum is Q
test,"-b\Nga$,gJnY%$YI",Check sum is T
test,"t5xkee""",Check sum is X
test,"g.$R)I$!S5
+=",Check sum is \
test,VNQGMV2Rz<XbCC'%r.8\K,Check sum is D
test,k:V@C	-#`-o*p:U.EFM@Lp3}U:^qkg=zVYlV7sB[,Check sum is -
test,"G%uT#k)X!B*uVXm4'	}B,F)R#}@5k[;z",Check sum is !
test,"%jn3Tw43fhw:`Nl<9.!5d13!zn?^gUk""($Fw##QWqee",Check sum is =
test,C7V1@bKG(NB% &#y5.B,Check sum is 9
test, !Hox\&{nz,Check sum is 5
test,o&aW>IWm@Rfr|2%`&[lFV]{AK(d*i!+,Check sum is -
test,WRdS4qDs6-R~kt63Y$6uK2@n4D]4n+T'Z.c9^+Wc^ldJ,Check sum is &
test,"b)<d?ej6*`43><c"" PudBQ1j'vq",Check sum is D
test,PSt,Check sum is 7
test,?C*1Jcsf;(pfvc4KYbv.YfPo66g'd/e^	p&*a!u/P:Yw~XdD,Check sum is H
test,_M~TJO>0=n-'Z-,Check sum is +
test,"Cb<|;Ptft""@",Check sum is 8
test,oeA^)ZvABIEZI)80Kp(GS,Check sum is N
test,=pm+[BLh;92y(OGxuG/W|N5L4,Check sum is L
test," Q3+7P
Cn~993;Nuq+5lqE05=7:$-E&Sz<tkGu(&",Check sum is F
test,wh>k{`Lbk6oybf}Y,Check sum is X
test,"]zX2Fyw.|""fc7&=SD?%3w}c`s]i]NCP",Check sum is B
test,"V2Yjb(q(7VSA{_o:)?.(0sG ##\""CQWg""Td@g",Check sum is Q
test,"j=J14T$Q,k+Y)`Ly",Check sum is (
test,"$X	aXB@U2Jq,Rq9/9r2x&mb](*.b)IOy{6_wik\k
)	fD",Check sum is D
test,T{Vc 4+Q,Check sum is 8
test,"J
JQ(YdrDD+<Z",Check sum is /
test,G~qE*,Check sum is E
test,"d+	OR)!1[a
{.(^68L
0#oFCTir~3|Q",Check sum is E
test,"1W,1(cd*rJ?d`-\o9}
*ZXXrZ#.]X",Check sum is [
test,"N?Fztlb 
_",Check sum is 8
test,"bren1""Ga",Check sum is B
test,J9WPsWPMw&	3_-*hIq?r?Q(W:1)$K{q7Ssue'jE>bhj,Check sum is 0
test,"dL@S\5{57qG-,=GFf2T@U+z+7XzK;_|DwIbKH{<ASqIOBl","Check sum is ,"
test,Lhtf1s,Check sum is R
test,"8.oWsvO'FB]NRCJs7+aW NT,",Check sum is 8
test,"JfFX}!7u
Ve?tvoY-x5YsK*!1>(1j<",Check sum is X
test,7v:8)Lf\!o$eM8&,Check sum is :
test,"{y3Sdl[68/;p]
Pbu
;).GU_Nhk",Check sum is S
test,nol@&]y,Check sum is %
test,nxc>Rl#r7)]qF,Check sum is .
test,"\Qg7;VMhCA;?G&o $MYBpPn3^6D6C2a
}}""l#'UAzeId",Check sum is :
test,"j3]#b/jN,&4OQ\I;4.rF!Q,mK1BP`g|C`lm(xEM	icv4/Ap+",Check sum is :
test,?3\Rr={A/Va<]|.7a0w`1D`Qm[E,Check sum is &
test,4!cy~PltQ?5EjW.Hc4%)Ynvw@K(/ep~H bc9,Check sum is 4
test,"0VNVPIrtV,Ww$tjR8YRc5^g=#e2 ;rM;x$e",Check sum is :
test,"alBMtO8:,|~577Dulai.BWrYZ~(fs+AXMlB5n]2avte4",Check sum is )
test,"
qXwD7UxwbVY<",Check sum is 6
test,"+ pogk
g;	i5jf6=z ,/x3l+o)	i{",Check sum is .
test,Cz}poGqNY&R9b;UwI6p_a,Check sum is !
test,M7+-q/,Check sum is \
test,"fNakX=#<	^!kANdt2Uf8'QCi?9[LHr"",s~-3H.{!"">3$",Check sum is 8
test,S?'aw<dv2:x	erb(CgU.~+rBa@aYA$Z~rO9,Check sum is 1
test,f{0QXAd= NU%SB^_;warfV?,Check sum is 6
test,#xs:eA P(4|p n=	Vs|rr'VYwp,Check sum is @
test,"
\m1$//]dj_axVzn[^(g7nK[-8X""giV",Check sum is _
test,"I)S]:Br	0b6""-%#iQA?E@B3GIKt &fM",Check sum is T
test,.'8UA9#	r,Check sum is Z
test,"
`0w.=k}lw(
%k$Fhat_Pzf$EJ$zb",Check sum is R
test,^U^HMV.?,Check sum is I
test,Je:6E	7bC<wfw5e-s_5l,Check sum is 3
test,R.Z{tu571qA6peSZBWvFn[v,Check sum is 9
test,"+>RFE =Xs#x2sO**2;Imw~""lMdhJ$1E->.5/G",Check sum is X
test,"Q?A&vW$dxmSgL:DvS""9mnNU!SDhs",Check sum is J
test,"U""A[II>?]L` /<	}%
||dho""fXGkl)",Check sum is %
test,@TX-v$7th3W~oz=5dU)P;/6gi+9r{=YT~?@3nY Rrm$ f,Check sum is X
test,"9J!im2&8""`Vo5[;fpl$^{m'T[/vr}:wv^%!]uL<yw!dniDJtjk",Check sum is Z
test,u/4r,Check sum is *
test,f#Hh}%'>*gTpIcOVG-,Check sum is :
test,"g;`QTq52>&B&/f3A@w
d4^eQ$-:En",Check sum is _
test,d7-Wn4UPGr}J87eh1q((avHW+XfcZxMD>F-y	j:z,Check sum is *
test,"17,$4)gxb	<8CkSF+YP30+\?""VGS=,N	6H*gu{rv",Check sum is 0
test,ait-TgI{V$a/Y#D>eWj^BwfF%@)`'%ob>=_I[yHP%R!#L8x,Check sum is L
test,sBFtAk3{kHh,Check sum is D
test,v'6luC@c]o,Check sum is F
test,ayH	Jam*K@Oy,Check sum is  
test,"`:u+'_?1=w=zBO8WZ:=2LCur;+94.vydv.>oLK)!h;.
b3U",Check sum is _
test,pGtABezqzhP3Dl25iK[1]@,Check sum is 7
test,";C32K@K3""2v0@eLEhlm01L3wGb""gK p;_j]uV
",Check sum is W
test,#u6!B:k>*:.\kl]g`k pt`3,Check sum is _
test,"`btO+z(YlFT</gV7#+ekqY 0An
FMd]8X)GblJ{:*PR",Check sum is N
test,"w/ab
|~H->xfi8%;aoEE_n",Check sum is F
test,"{Ag]Qm?tz(X},G ",Check sum is [
test,"enPG`F]zqT2MjmBooh<D*, wTj1{J0b?Q#",Check sum is P
test,}V#=$W4qD|wQs(Mj}GG!7:]8]rYR*g2[dp2tX*9iF,Check sum is ;
test,"X#7Y[.$e9f_Wrj9=keKR
~",Check sum is Y
test,"U85H0` y++\?|
5:LAz;I[{I4
pU5)I4K",Check sum is L
test,"c]HU<c+R^0y@AA'EO""	C\[V]:ULJOjy",Check sum is L
test,"edD""4oN+Haf5Bk7)t}T.V{E",Check sum is E
test,}'bU+o9j8:J_ZN]OtK@C)BKv>4} ++;{O82<jNKHP',Check sum is '
test,"	HuK']@\=W9&`,{wA;0[e)lpc%vq$:>4AO$1cu"":nVRYO",Check sum is I
test,"l3tl+NzWWa,=)iG&L!}/fg(IDS&",Check sum is ]
test,"u,LScYCKjWz",Check sum is %
test,"vXzA[eU(lj=\
`g
O<r}[dO,-he?$~pdZ)^y",Check sum is -
test,:RWh[>#kmC+}Lg $,Check sum is !
test,".691P1lD~3X?/ ,8L||n+Bq??7",Check sum is _
test,"^0_+6pC6t.;09'\~?`wh;WcsJqqbTJXr`h!X..)Z,yxS9.
:",Check sum is 5
test,"9r9Z1,y9zqu^_j!wG?Y1A:6@T;KA#o*NJX8-ffDFSj",Check sum is L
test,".hn' o:yr#OH/""|\{eXLyAa?,;",Check sum is '
test,"D]a[nzF$t,<$=`7 Kq>9=8:dADJ'",Check sum is ?
test,a_2zernn,Check sum is ?
test,)CY jr;D<Fr[8m6 ,Check sum is *
test,yv,Check sum is O
test,Sov?h0TYp\L?QUoXdE]Jxaq<EAIX0Yy%[$,Check sum is C
test,'97$ycF:__-KDv[T!-+03E8KrWKNIx|Nf.enX pT@v,Check sum is @
test,"NoM8""Lqeab4O{
R1B;0|o<l}""$d""t-gQsB1m>2""&a>$,wk'rm ",Check sum is X
test,BiCFWkO~,Check sum is #
test,HK)Y*Eq5HLa%E9894&zKs`2.)zu+@gAWT3eNi'}!}AXpx'Cb,Check sum is Y
test,"\Ed>`GGW929x7:9!MdhG$0ko5O),GW6[3?5",Check sum is L
test,"x""7",Check sum is 1
test,a$`T?dBh4WQI+ML\18!vo'?ip/\ud9ldQ~;Nh1yg?g 7,Check sum is T
test,".b(@Vy+t%)""D?BQ4	nPh`]+%F#}ELU.Kov2O#To:4(-i9s",Check sum is %
test,xj	E8,Check sum is H
test,"-<4+7|-_
/g",Check sum is G
test,"mWYw=)?C\>FqA}4fAt,q]0ly`Y\0}HZ8[Dp'2%*",Check sum is \
test,"X~g81_5(W:S`f]L0^	I,).0	N'ji0\P)Vmke-H@RDU~'	",Check sum is _
test,"/W@-v.W}#m"";z'{@4dUmDHHp*G\",Check sum is ?
test,.t]\+u,Check sum is [
test,">#B5H
3E]yi!!JfvDRB)4+Bm&ji=r",Check sum is  
test,"wGt}41DYK9Zk:MIJF)p]
:",Check sum is 4
test,"P3	,Hup1c'|!Hm{2
X_,4,",Check sum is L
test,"TF/?""bAnN;}Tf-S['Rr w<X
[55/*=&P:;a<",Check sum is 9
test,"n5fB1BOn^""""h-Aj,:|UNalsas",Check sum is V
test,"jB^
a6ueA?vM@U!C3#EW2vD",Check sum is ?
test,l*Ecp+N,Check sum is G
test,"\=>UF+t7?{)gF; 
>/MukO%xa5S$	v@*Eii~Xq. l'zj T*&+",Check sum is +
test,"VW?Mq3gYP[
M	3D}M)$",Check sum is V
test,"v(BzBe!.9[RNgtjYGY9FR\ge{t3d)k<Q+,RD&WsXb",Check sum is Y
