set,input1,output1
train,,Check sum is  
train,	,Check sum is )
train,"
",Check sum is *
train,"B
","Check sum is ,"
train,"

",Check sum is 4
train,"

















































",Check sum is T
train,                                                  ,Check sum is  
train,ssssssssssssssssssssssssssssssssssssssssssssssssss,Check sum is V
train,"CD
CD
CD
CD
CD
CD
CD
CD
CD
CD
CD
CD
CD
CD
CD
CD
CD",Check sum is 7
train,"x
y x
y x
y x
y x
y x
y x
y x
y x
y x
y x
y x
y x
",Check sum is &
train," 
 
 
 
 
 
 
 
 
 
 
 
 
 
 
 
 
 
 
 
 
 
 
 
 
",Check sum is :
train, ,Check sum is @
train,!,Check sum is A
train,"""",Check sum is B
train,#,Check sum is C
train,$,Check sum is D
train,%,Check sum is E
train,&,Check sum is F
train,',Check sum is G
train,(,Check sum is H
train,),Check sum is I
train,*,Check sum is J
train,+,Check sum is K
train,",",Check sum is L
train,-,Check sum is M
train,.,Check sum is N
train,/,Check sum is O
train,0,Check sum is P
train,1,Check sum is Q
train,2,Check sum is R
train,3,Check sum is S
train,4,Check sum is T
train,5,Check sum is U
train,6,Check sum is V
train,7,Check sum is W
train,8,Check sum is X
train,9,Check sum is Y
train,:,Check sum is Z
train,;,Check sum is [
train,<,Check sum is \
train,=,Check sum is ]
train,>,Check sum is ^
train,?,Check sum is _
train,@,Check sum is  
train,A,Check sum is !
train,B,"Check sum is """
train,C,Check sum is #
train,D,Check sum is $
train,E,Check sum is %
train,F,Check sum is &
train,G,Check sum is '
train,H,Check sum is (
train,I,Check sum is )
train,J,Check sum is *
train,K,Check sum is +
train,L,"Check sum is ,"
train,M,Check sum is -
train,N,Check sum is .
train,O,Check sum is /
train,P,Check sum is 0
train,Q,Check sum is 1
train,R,Check sum is 2
train,S,Check sum is 3
train,T,Check sum is 4
train,U,Check sum is 5
train,V,Check sum is 6
train,W,Check sum is 7
train,X,Check sum is 8
train,Y,Check sum is 9
train,Z,Check sum is :
train,[,Check sum is ;
train,\,Check sum is <
train,],Check sum is =
train,^,Check sum is >
train,_,Check sum is ?
train,`,Check sum is @
train,a,Check sum is A
train,b,Check sum is B
train,c,Check sum is C
train,d,Check sum is D
train,e,Check sum is E
train,f,Check sum is F
train,g,Check sum is G
train,h,Check sum is H
train,i,Check sum is I
train,j,Check sum is J
train,k,Check sum is K
train,l,Check sum is L
train,m,Check sum is M
train,n,Check sum is N
train,o,Check sum is O
train,p,Check sum is P
train,q,Check sum is Q
train,r,Check sum is R
train,s,Check sum is S
train,t,Check sum is T
train,u,Check sum is U
train,v,Check sum is V
train,w,Check sum is W
train,x,Check sum is X
train,y,Check sum is Y
train,z,Check sum is Z
train,{,Check sum is [
train,|,Check sum is \
train,},Check sum is ]
train,~,Check sum is ^
train,a8,Check sum is 9
train,5},Check sum is R
train,)A,Check sum is J
train,Ws,Check sum is *
train,MX,Check sum is E
train,<m,Check sum is I
train,J2,Check sum is \
train,Y2,Check sum is +
train,bt,Check sum is 6
train,LU,Check sum is A
train,BI,Check sum is +
train,.*,Check sum is 8
train,]U,Check sum is R
train,i^,Check sum is '
train,\:,Check sum is 6
train,r],Check sum is /
train,C%,Check sum is H
train,L6,"Check sum is """
train,Dl,Check sum is P
train,D4,Check sum is X
train,cP,Check sum is S
train,	2,Check sum is [
train,26,Check sum is H
train,BJ,"Check sum is ,"
train,#h,Check sum is +
train,:&,Check sum is @
train,O3,"Check sum is """
train,{8,Check sum is S
train,7},Check sum is T
train,K=,Check sum is (
train,)q,Check sum is :
train,'i,Check sum is 0
train,M:,Check sum is '
train,3=,Check sum is P
train,cz,Check sum is =
train,sY,"Check sum is ,"
train,ou,Check sum is D
train,qU,Check sum is &
train,U6,Check sum is +
train,r[,Check sum is -
train,5-,Check sum is B
train,EY,Check sum is >
train,N9,Check sum is '
train,uo,Check sum is D
train,|0,Check sum is L
train,>r,Check sum is P
train,-*,Check sum is 7
train,@5,Check sum is U
train,dZ,Check sum is ^
train,PX,Check sum is H
train,5	,Check sum is ^
train,Rh,Check sum is Z
train,7 ,Check sum is 7
train,J},Check sum is '
train,.C,Check sum is Q
train,TPe,Check sum is )
train,Fku,Check sum is F
train,B>?,Check sum is _
train,F{g,Check sum is H
train,b	.,Check sum is 9
train,mLG,Check sum is  
train,KSD,Check sum is B
train,J)(,Check sum is ;
train,hb@,Check sum is *
train,<as,Check sum is 0
train,`F',Check sum is -
train,lRM,Check sum is +
train,"^""6",Check sum is V
train,pV},Check sum is #
train,"$8,",Check sum is (
train,p:3,Check sum is =
train,J}[,Check sum is B
train,aWX,Check sum is 0
train,1?5,Check sum is E
train,Li>,Check sum is S
train,"C""-",Check sum is 2
train,"`
n",Check sum is 8
train,3Hr,Check sum is M
train,]'1,Check sum is U
train,YP=,Check sum is F
train,zkM,Check sum is R
train,')6,Check sum is &
train,"py,",Check sum is 5
train,"1;,",Check sum is 8
train,zDP,Check sum is .
train,@\{,Check sum is 7
train,0q+,"Check sum is ,"
train,[d\,Check sum is ;
train,-=p,Check sum is :
train,<3r,Check sum is A
train,[Hs,Check sum is 6
train,4D(,Check sum is @
train,+me,Check sum is ]
train,!h:,Check sum is #
train,sw9,Check sum is C
train,"
)[",Check sum is .
train,e]:,Check sum is \
train,v4T,Check sum is ^
train,c0O,Check sum is B
train,Z$y,Check sum is W
train,87/,Check sum is >
train,l~d,Check sum is .
train,"!N""",Check sum is 1
train,8Aa,Check sum is :
train,p!3,Check sum is $
train,{j(8Hy:Z9T/peRlZi631)uSF[R,Check sum is J
train,&1*<)+,Check sum is 1
train,6o97E6X8dtzsmuVPwqE&,Check sum is  
train,cyR^\;()7tN.p[,Check sum is F
train,T80*1Wq#RUFIFVtre|TI)uoW.,Check sum is *
train,",$:C7_>y%HWrT",Check sum is D
train,"P&,'-'y6)&",Check sum is ;
train,ZCP7`M@	!Oj0BpAa;4(E\fX;4CIw^Sy7AE*ik.17:ej,Check sum is D
train,"h>E,Su,{5CMS ]Ss=cCy[:rer\(>F.%!|!K2hrZupAgkjiou^7",Check sum is I
train,$0 J_X?uL+Z*nKxPMW{R,Check sum is 6
train,nT=`[WIS{K,Check sum is S
train,"?d(`p2=UYY<UMzW<E8@5v,kRw,Mx&sS@CT`BF2[$""",Check sum is S
train,DXT/NDc~O+-j{ld'[2YJ{;w *($Rw3j,Check sum is N
train,"`\LHfJ:MZYR""	pNc",Check sum is 8
train,"Io}g}VE#e56/{Jz_W?	fI@\8^z'\nKhBRU&r:&FB""~ll{",Check sum is N
train,"T$G3}ms1gmhsm.Tao)[yDVe<f1s^nwS5riH8(>,`(7|F",Check sum is I
train,pe=|_hE0-	E5,Check sum is Z
train,Xa|.J15324G`3u:%Fea,Check sum is F
train,=1FD%Ag\gk`403lL.,Check sum is 0
train,Dt87,Check sum is G
train,"&V{dC!w~""B`K,S?{N3
?e[ Q'!dS2Xv	^h7UX0jV?u>rWV]",Check sum is '
train,"2bK-&0lz+%%9vJ,9NC8B",Check sum is F
train,"$7A-iwit7|)o)'Mc):""|E
0i3",Check sum is M
train,"1,
?",Check sum is F
train,"mO|3Q
\
V(]IbAx\N'@nhuLpS#w-DYl"" ;]0",Check sum is P
train,~\!-_wDcsC }Q*@zx4+6?WNGu$(LV]T>t?|DqXh4a37@Vw},Check sum is D
train,"ligQwls>-=S-B]7s
RFQaTM7Py}T'3!b8b]XiU}7",Check sum is X
train,Wfj,Check sum is G
train,">]m1nphyocYO/?jD{-4;]og/'#^P%
5e>P67r,YFp",Check sum is P
train,kxW'(Q=cp#OBK70'jg%1o,Check sum is -
train,"/]B2nU>pt'W2;Cp""hF$C]\jb?397!|`$&",Check sum is H
train,e<,Check sum is A
train,>((y?R>#,Check sum is Y
train,f~]m`PXu |xdb4`R(NA?	k;0,Check sum is  
train,\P,Check sum is L
train,<AonrE$Ld]_5</jVX!dZQf BXYSAW:}FN2hY9JoQah,Check sum is W
train,o*5%RuY[q-|6Q%05*\VI>ds;anPnGy.ykC|,Check sum is L
train,"8#Inm`L&bWi#
PKs~m}	o#}d78M2NQl",Check sum is +
train,{4DT9/Z,Check sum is )
train,",X!lFYr->olMHGfN@8uu	Lq4I#(>ZZ1UvVP~LEDWGeG
}",Check sum is @
train,"FVMg55owIjFQO\/E= ,7j4@f=Mr$zFKd{JMA4q[fl9h",Check sum is B
train,"%)FYa""mzq9z*8])X>F(@g:d<Dj5WtUlDy0QPED+",Check sum is 9
train,"%wAH-S#,??Iu|^,rbJd)q1r.",Check sum is C
train,"mC=&
COZ-1'
N%JoI<mGw9].Uhe1M~m[j209 t^.!9hSyy/",Check sum is Y
train,"|C4Ob'ixh I,_;Dfd7/tp_aJ",Check sum is E
train,"gzXP1#)_Ej[lN""4gnj~Dz!i}^+! o`Yy{pR_80-M	1",Check sum is D
train,G|W|<w',Check sum is P
train,"
..${Q3'""'a4 ^8x0'Ffi	""D-y1B~^hdm4jj:I7u`c*",Check sum is I
train,AO\3_4QG,Check sum is *
train,"okqb5]VzT~'TmM1#PMxqf{)SU$
f%YG$sl*8",Check sum is @
train,"_)0l4! o),[V' np_P|P8u%mD?8Nw~i=D4,Bon}gf]mTs60",Check sum is 5
train,M[DjkhZ!869a7D,Check sum is G
train,",6CvY>\z""$J	UwQdLg:(f1Fj4Y.NR%sTNUB-7Y07F$""S%,=6&",Check sum is 7
train,C6*j'-{,Check sum is <
train,"*;CFo5XFprjE!3liy47tu?VX+"":VsAcJPi!%n#D",Check sum is V
train,"Pce""0{#>*4)5tp#ojgW~S?y""kb",Check sum is 8
train,"ZXy*E+vu@a&>GhyUMm]862*vb}6lHU^(fu""4;#SKH",Check sum is B
train,[%>;i+IusG7f|(E|2\t*Q.ns+`%x/1X'lRM:@e{)X ,Check sum is @
train,"UwR},_rJ.yqw0#<oE!iL]""Ih<sCl",Check sum is 8
train,H($N<e,Check sum is #
train,	w{8oc8&	R`qQME(|VPPB{y,"Check sum is """
train,">u]oNi<qhTkyiv-48H7].=L/
wsUcxob",Check sum is R
train,;]<tS\aALqjsUHcD&)<PLGa=q%N6vBH>,Check sum is ;
train,"2;{7ECf(B=ub9""?hNS5L&OaH{(",Check sum is P
train,MR&R84xP/6	tK~m'z?xV,Check sum is 1
train,"I,f6TbX!Q
o_cQov}\T	^g>{fn	tFTH N",Check sum is 7
train,"	jTc`jAjDws.tdWsBe]{<k3MS|
Ws_*`\vX<Lg",Check sum is H
train,A>23zF fi);2W`1%{CI6oQsVgkYzHHO,Check sum is  
train,"l+q5>_V~J`+CkwcW84U]p
Y+[s","Check sum is ,"
train,"QR|,,`",Check sum is 7
train,r}u[wBNkK O*L#]W&-m*+Pd]&m- -$yhORhw7k{3A,Check sum is !
train,Y1;nfg,Check sum is  
train,uYNmsNz8(sV]rZ6/Sh!8Jo,Check sum is (
train,(NcX`SdB+,Check sum is U
train,~~5_]tXF&x}9l(IE%,Check sum is :
train,=i&`j>g I<H,Check sum is H
train,"9iiVfy^u }Df)3
QS:1$Ny&SX'.v",Check sum is 6
train,d<-yER!:X<-JT[pFW#,Check sum is B
train,"-RSz9br2Lxq5\8O""U$E=p(RV=v1U}e
d>6WZ9aI",Check sum is &
train,Y2:,Check sum is %
train,@I*wFw6P=&E}`IQi<K}`_YqF!AFX;+{%!?hZWa[phe,Check sum is  
train,"9
Xy&i`eJQt)\5Ofcr.%X8[+!?xx*DW/U0p",Check sum is =
train,"N@*}-Bap2_""{sI?tsHQ6#A0,BUFXICQ&3sXn",Check sum is X
train,&^:am9$}GdJLKAige5.qyo{2>}O%vmXi,Check sum is D
train,"B""Mt8dSV:=HN$u_k{KTt#)4_*2b&JwQi_Bqz,p""",Check sum is P
train,&i[5A#KCUW0IxlrUX	RlNsS8Wc{,Check sum is !
train,"
m'eiYB?|nR$HdNnos6e[_)<iu#D<JEWnl' He<.5""K",Check sum is K
train,"9~sm>GV=U^GqklkZF=Yr> |""i%s	""	H0dx=H""E'mV<F",Check sum is A
train,"ko=yP[VHp`M#T>Sz@
XM(~/#6';6`'u^"">S8o@KB}!!$",Check sum is 1
test,/.,Check sum is =
test,EQ,Check sum is 6
test,;2,Check sum is M
test,;J,Check sum is %
test,	-,Check sum is V
test,"
6",Check sum is  
test,Vj,Check sum is  
test,FD,Check sum is *
test,a#,Check sum is $
test,:s,Check sum is M
test,^N,Check sum is L
test,07,Check sum is G
test,kH,Check sum is S
test,za,Check sum is ;
test,96,Check sum is O
test,Dg,Check sum is K
test,g',Check sum is .
test,BB,Check sum is $
test,rS,Check sum is %
test,Xz,Check sum is 2
test,*$,Check sum is .
test,:|,Check sum is V
test,=8,Check sum is U
test,`t,Check sum is 4
test,St,Check sum is '
test,oE,Check sum is T
test,RI,Check sum is ;
test,^{,Check sum is 9
test,y$,Check sum is =
test,_/,Check sum is .
test,!U,Check sum is V
test,x',Check sum is ?
test,yq,Check sum is J
test, ],Check sum is ]
test,`_,Check sum is _
test,-q,Check sum is >
test,>$,Check sum is B
test,Rp,"Check sum is """
test,Lo,Check sum is [
test,0g,Check sum is 7
test,zX,Check sum is 2
test,JC,Check sum is -
test,3V,Check sum is )
test, *,Check sum is *
test,nW,Check sum is %
test,w6,Check sum is M
test,mw,Check sum is D
test,"""j","Check sum is ,"
test,'X,Check sum is _
test,]m,Check sum is *
test,%I,Check sum is N
test,J6,Check sum is  
test,ZW,Check sum is Q
test,Qq,"Check sum is """
test,?p,Check sum is O
test,x',Check sum is ?
test, J,Check sum is J
test,";""",Check sum is =
test,yn,Check sum is G
test,t!,Check sum is 5
test,^;,Check sum is 9
test,7},Check sum is T
test,J:,Check sum is $
test,Lp,Check sum is \
test,%b,Check sum is '
test,Hq,Check sum is Y
test,2`,Check sum is 2
test,/S,"Check sum is """
test,P(,Check sum is X
test,ba,Check sum is #
test,.),Check sum is 7
test,Ax,Check sum is Y
test,wI,Check sum is  
test,QT,Check sum is E
test,KW,Check sum is B
test,Dw,Check sum is [
test,jo,Check sum is 9
test,Ea,Check sum is F
test,<0,Check sum is L
test,1',Check sum is 8
test,`K,Check sum is K
test,>o,Check sum is M
test,6A,Check sum is W
test,k_,Check sum is *
test,z6,Check sum is P
test,t1,Check sum is E
test,Vg,Check sum is ]
test,5.,Check sum is C
test,J/,Check sum is Y
test,`e,Check sum is %
test,1A,Check sum is R
test,>f,Check sum is D
test,\T,Check sum is P
test,oe,Check sum is 4
test,i9,Check sum is B
test,&P,Check sum is V
test,.V,Check sum is $
test,I1,Check sum is Z
test,p[,Check sum is +
test,#D,Check sum is G
test,_E,Check sum is D
test,`X,Check sum is X
test,";""",Check sum is =
test,1?,Check sum is P
test,'O,Check sum is V
test,hV,Check sum is ^
test,K(,Check sum is S
test,A	,Check sum is *
test,ZD,Check sum is >
test,yr,Check sum is K
test,H8,Check sum is  
test,nK,Check sum is Y
test,y4,Check sum is M
test,8h,Check sum is @
test,\G,Check sum is C
test,Ql,Check sum is ]
test,(>,Check sum is F
test,"f
",Check sum is P
test,lU,Check sum is !
test,]v,Check sum is 3
test,OT,Check sum is C
test,ld,Check sum is 0
test,3L,Check sum is _
test,X%,Check sum is ]
test,{/,Check sum is J
test,hM,Check sum is U
test,=t,Check sum is Q
test,h`,Check sum is (
test,)k,Check sum is 4
test,5X,Check sum is -
test,U5,Check sum is *
test,:],Check sum is 7
test,",8",Check sum is D
test,% ,Check sum is %
test,se,Check sum is 8
test,/X,Check sum is '
test,Ve,Check sum is [
test,7x,Check sum is O
test,$8,Check sum is <
test,;Q,"Check sum is ,"
test,"
a",Check sum is K
test,gp,Check sum is 7
test,tI,Check sum is ]
test,3>,Check sum is Q
test,Nr,Check sum is  
test,O8,Check sum is '
test,5_,Check sum is 4
test,2D,Check sum is V
test,zL,Check sum is &
test,Oo,Check sum is ^
test,#e,Check sum is (
test,l!,Check sum is -
test,;&,Check sum is A
test,#I,Check sum is L
test,OI,Check sum is 8
test,Lv,"Check sum is """
test,<d,Check sum is @
test,",~",Check sum is J
test,.6,Check sum is D
test,zB,Check sum is \
test,o*,Check sum is 9
test,*:,Check sum is D
test,gw,Check sum is >
test,"|,",Check sum is H
test,!J,Check sum is K
test,wr,Check sum is I
test,y>,Check sum is W
test,eu,Check sum is :
test,fu,Check sum is ;
test,ZG,Check sum is A
test,K',Check sum is R
test,Z~,Check sum is 8
test,~n,Check sum is L
test,tk,Check sum is ?
test,m&,Check sum is 3
test,{4,Check sum is O
test,i.,Check sum is 7
test,d0,Check sum is 4
test,O*,Check sum is Y
test,ED,Check sum is )
test,&#,Check sum is )
test,?5,Check sum is T
test,wT,Check sum is +
test,JX,Check sum is B
test,"9
",Check sum is #
test,n@,Check sum is N
test,vu,Check sum is K
test,j>,Check sum is H
test,M/,Check sum is \
test,[@,Check sum is ;
test,*l,Check sum is 6
test,'d,Check sum is +
test,hz,Check sum is B
test,VW,Check sum is M
test,sD,Check sum is W
test,@j,Check sum is J
test,FW,Check sum is =
test,=],Check sum is :
test,YP,Check sum is I
test,o),Check sum is 8
test,6K,Check sum is !
test,50,Check sum is E
test,~V,Check sum is 4
test,"?""",Check sum is A
test,Di,Check sum is M
test,rG,Check sum is Y
test,6@,Check sum is V
test,md,Check sum is 1
test,\.,Check sum is *
test,s.,Check sum is A
test,+~,Check sum is I
test,eS,Check sum is X
test,cl,Check sum is /
test, 9,Check sum is 9
test,;g,Check sum is B
test,}+,Check sum is H
test,G.,Check sum is U
test,^a,Check sum is _
test,lo,Check sum is ;
test,ij,Check sum is 3
test,iY,"Check sum is """
test,M;,Check sum is (
test,>k,Check sum is I
test,1`,Check sum is 1
test,uw,Check sum is L
test,\r,Check sum is .
test,"
_",Check sum is I
test,^5,Check sum is 3
test,"o,",Check sum is ;
test,Kf,Check sum is Q
test,AO,Check sum is 0
test,?6,Check sum is U
test,#|,Check sum is ?
test,Xx,Check sum is 0
test,"Y
",Check sum is C
test,9s,Check sum is L
test,5C,Check sum is X
test,RA,Check sum is 3
test,R+,Check sum is ]
test,UR,Check sum is G
test,yp,Check sum is I
test,{s,Check sum is N
test,ep,Check sum is 5
test,Ic,Check sum is L
test,vz,Check sum is P
test,.F,Check sum is T
test,#$,Check sum is '
test,&^,Check sum is $
test,a4,Check sum is 5
test,"""F",Check sum is H
test,O~,Check sum is -
test,t\,Check sum is 0
test,"q,",Check sum is =
test,}f,Check sum is C
test,JO,Check sum is 9
test,)w,Check sum is @
test,7D,Check sum is [
test,rB,Check sum is T
test,%@,Check sum is E
test,_p,Check sum is /
test,`8,Check sum is 8
test,[T,Check sum is O
test,0=,Check sum is M
test,wj,Check sum is A
test,Kd,Check sum is O
test,"Q
",Check sum is ;
test,&p,Check sum is 6
test,i8,Check sum is A
test,Vv,"Check sum is ,"
test,"""\",Check sum is ^
test,"P,",Check sum is \
test,=	,Check sum is &
test,'6,Check sum is =
test,?U,Check sum is 4
test,9;,Check sum is T
test,Z+,Check sum is %
test,G1,Check sum is X
test,8D,Check sum is \
test,dr,Check sum is 6
test,G-,Check sum is T
test,WF,Check sum is =
test,Lu,Check sum is !
test,6t,Check sum is J
test,q?,Check sum is P
test,/p,Check sum is ?
test,qI,Check sum is Z
test,-?,Check sum is L
test,}:,Check sum is W
test,wW,Check sum is .
test,.W,Check sum is %
test,mu,Check sum is B
test,*b,"Check sum is ,"
test,R;,Check sum is -
test,La,Check sum is M
test,Q>,Check sum is /
test,EQ,Check sum is 6
test,"B
","Check sum is ,"
test,/;,Check sum is J
test,&v,Check sum is <
test,rS,Check sum is %
test,`f,Check sum is &
test,$m,Check sum is 1
test,s9,Check sum is L
test, !,Check sum is !
test,EO,Check sum is 4
test,1},Check sum is N
test,3Y,"Check sum is ,"
test,"
+",Check sum is U
test,!',Check sum is (
test,b|,Check sum is >
test,Se,Check sum is X
test,YW,Check sum is P
test,[f,Check sum is !
test,`m,Check sum is -
test,l[,Check sum is '
test,sF,Check sum is Y
test,1%,Check sum is 6
test,bX,Check sum is Z
test,M(,Check sum is U
test,ze,Check sum is ?
test,qP,Check sum is !
test,d\,Check sum is  
test,Yb,Check sum is [
test,C',Check sum is J
test,U?,Check sum is 4
test,in,Check sum is 7
test,@S,Check sum is 3
test,j9,Check sum is C
test,BT,Check sum is 6
test,@[,Check sum is ;
test,F],Check sum is C
test,ye,Check sum is >
test,#{,Check sum is >
test,Bc,Check sum is E
test,=q,Check sum is N
test,ak,"Check sum is ,"
test,V#,Check sum is Y
test,Dt,Check sum is X
test,hF,Check sum is N
test,ow,Check sum is F
test,5$,Check sum is 9
test,`;,Check sum is ;
test,o&,Check sum is 5
test,K',Check sum is R
test,SI,Check sum is <
test,@:,Check sum is Z
test,PT,Check sum is D
test,{T,Check sum is /
test,@E,Check sum is %
test,di,Check sum is -
test,=K,Check sum is (
test,2~,Check sum is P
test,Z1,Check sum is +
test,)B,Check sum is K
test,E8,Check sum is ]
test,) ,Check sum is )
test,ve,Check sum is ;
test,`7,Check sum is 7
test,my,Check sum is F
test,-},Check sum is J
test,b*,"Check sum is ,"
test,EA,Check sum is &
test,J[,Check sum is E
test,>s,Check sum is Q
test,!Z,Check sum is [
test,j0,Check sum is :
test,#f,Check sum is )
test,<`,Check sum is <
test,"%,",Check sum is 1
test,k	,Check sum is T
test,&2,Check sum is 8
test,FG,Check sum is -
test,"^,",Check sum is *
test,~y,Check sum is W
test,<e,Check sum is A
test,i~,Check sum is G
test,Gs,Check sum is Z
test,T?,Check sum is 3
test,7:,Check sum is Q
test,B5,Check sum is W
test,C6,Check sum is Y
test,).,Check sum is 7
test,xj,Check sum is B
test,$7,Check sum is ;
test,._,Check sum is -
test,ZB,Check sum is <
test,=[,Check sum is 8
test,Dv,Check sum is Z
test,Hb,Check sum is J
test,J$,Check sum is N
test,_5,Check sum is 4
test,"
J",Check sum is 4
test,"{,",Check sum is G
test,rc,Check sum is 5
test,<-,Check sum is I
test,w',Check sum is >
test,L?,Check sum is +
test, Y,Check sum is Y
test,k},Check sum is H
test,De,Check sum is I
test,6n,Check sum is D
test,?[,Check sum is :
test,Z1,Check sum is +
test,7&,Check sum is =
test,l[,Check sum is '
test,62,Check sum is H
test,T0,Check sum is $
test,&u,Check sum is ;
test,:V,Check sum is 0
test,<!,Check sum is =
test,f0,Check sum is 6
test,L7,Check sum is #
test,<+,Check sum is G
test,4x,Check sum is L
test,4C,Check sum is W
test,&7,Check sum is =
test,s@,Check sum is S
test,`i,Check sum is )
test,ox,Check sum is G
test,"5,",Check sum is A
test,bE,Check sum is G
test,d},Check sum is A
test,wc,Check sum is :
test,vJ,Check sum is  
test,G*,Check sum is Q
test,jg,Check sum is 1
test,{k,Check sum is F
test,`;,Check sum is ;
test,^e,Check sum is #
test,`;,Check sum is ;
test,\+,Check sum is '
test,4O,Check sum is #
test,&-,Check sum is 3
test,^d,"Check sum is """
test,uA,Check sum is V
test,<U,Check sum is 1
test,!N,Check sum is O
test,yQ,Check sum is *
test,5T,Check sum is )
test,7K,"Check sum is """
test,/S,"Check sum is """
test,W@,Check sum is 7
test,s	,Check sum is \
test,(w,Check sum is ?
test,"""<",Check sum is >
test,2C,Check sum is U
test,fy,Check sum is ?
test,"
)",Check sum is S
test,gw,Check sum is >
test,Q8,Check sum is )
test,'a,Check sum is (
test,(2,Check sum is :
test,);,Check sum is D
test,St,Check sum is '
test,US,Check sum is H
test,pL,Check sum is \
test,Eq,Check sum is V
test,|A,Check sum is ]
test,pZ,Check sum is *
test,%5,Check sum is :
test,=M,Check sum is *
test,",9",Check sum is E
test,*A,Check sum is K
test,'v,Check sum is =
test,;k,Check sum is F
test,[y,Check sum is 4
test,2},Check sum is O
test,Fh,Check sum is N
test,`',Check sum is '
test,kn,Check sum is 9
test,"w,",Check sum is C
test,nL,Check sum is Z
test,e<,Check sum is A
test,Qy,Check sum is *
test,G@,Check sum is '
test,`W,Check sum is W
test,aF,Check sum is G
test,ra,Check sum is 3
test,Wh,Check sum is _
test,Ti,Check sum is ]
test,A7,Check sum is X
test,6N,Check sum is $
test,d6,Check sum is :
test,",b",Check sum is .
test,ur,Check sum is G
test,bd,Check sum is &
test,r>,Check sum is P
test,(k,Check sum is 3
test,5U,Check sum is *
test,=z,Check sum is W
test,/e,Check sum is 4
test,t5,Check sum is I
test,tM,Check sum is !
test,"i""",Check sum is +
test,E^,Check sum is C
test,)E,Check sum is N
test,fw,Check sum is =
test,lM,Check sum is Y
test,bi,Check sum is +
test,3{,Check sum is N
test,bk\,Check sum is I
test,OA',Check sum is W
test,xyA,Check sum is R
test,Ho=,Check sum is T
test,V;~,Check sum is /
test,Vp&,Check sum is L
test,"<$
",Check sum is J
test,7u#,Check sum is /
test,GW1,Check sum is /
test,pmv,Check sum is 3
test,X\p,Check sum is D
test,wD~,Check sum is Y
test,1k	,Check sum is E
test,w\i,Check sum is \
test,C_y,Check sum is ;
test,OOn,"Check sum is ,"
test,oyt,Check sum is <
test,!y{,Check sum is 5
test,S%u,Check sum is M
test,"$+
",Check sum is 9
test,J ^,Check sum is (
test,S/H,Check sum is *
test,[07,"Check sum is """
test,Yf0,Check sum is O
test,a%Y,Check sum is ?
test, Gw,Check sum is >
test,zCy,Check sum is V
test,l)h,Check sum is ]
test,Dm0,Check sum is A
test,1*5,Check sum is 0
test,9MJ,Check sum is 0
test,`Of,Check sum is 5
test,Bc2,Check sum is 7
test,vsw,Check sum is @
test,N]F,Check sum is Q
test,=fn,Check sum is 1
test,wms,Check sum is 7
test,5|2,Check sum is C
test,=A@,Check sum is ^
test,+@8,Check sum is C
test,0L?,Check sum is [
test,oRa,Check sum is B
test,N`R,Check sum is  
test,<[d,Check sum is [
test,516,Check sum is <
test,vLC,Check sum is %
test,H}J,Check sum is /
test,rbS,Check sum is G
test,F! ,Check sum is '
test,=sz,Check sum is J
test,M94,Check sum is Z
test,=hB,Check sum is G
test,`u~,Check sum is 3
test,CSu,Check sum is +
test,",^(",Check sum is R
test,@o3,Check sum is B
test,dES,Check sum is \
test,m6y,Check sum is <
test,k? ,Check sum is *
test,"o^
",Check sum is 7
test,/\>,Check sum is )
test,>O{,Check sum is (
test,prI,Check sum is K
test,[Qo,Check sum is ;
test,E2m,Check sum is D
test,L3`,Check sum is ?
test,I=d,Check sum is J
test,fR0,Check sum is H
test,|2f,Check sum is 4
test,JV},Check sum is =
test,@2y,Check sum is K
test,+dU,Check sum is D
test,5r5,Check sum is <
test,%XP,Check sum is -
test,aTn,Check sum is C
test,aWv,Check sum is N
test,Gq2,Check sum is J
test,\NS,Check sum is ]
test,P&v,Check sum is L
test,c-F,Check sum is 6
test,_(P,Check sum is 7
test,+|s,Check sum is :
test,"j,X",Check sum is N
test,Ia/,Check sum is 9
test,L{!,Check sum is H
test,nwj,Check sum is /
test,M+N,Check sum is &
test,@)n,Check sum is 7
test,zUS,Check sum is B
test,Ad&,Check sum is +
test,"= 
",Check sum is G
test,#Nc,Check sum is 4
test,=$j,Check sum is +
test,JBR,Check sum is >
test,EKj,Check sum is Z
test,#!1,Check sum is U
test,(e>,Check sum is +
test,66e,Check sum is 1
test,aQD,Check sum is V
test,v4-,Check sum is 7
test,mN.,Check sum is I
test,"S.""",Check sum is C
test,j^h,Check sum is P
test,WA},Check sum is 5
test,/VA,Check sum is &
test,"R,|",Check sum is Z
test,!DM,Check sum is R
test,zo?,Check sum is H
test,#B<,Check sum is A
test,qVG,Check sum is .
test,"Z,2",Check sum is X
test,JvP,Check sum is 0
test,^@S,Check sum is Q
test,Wdf,Check sum is A
test,Qq),Check sum is K
test,B^I,Check sum is I
test,C|~,Check sum is ]
test,Ih6,Check sum is G
test,2qh,Check sum is +
test,Tz),Check sum is W
test,Pz%,Check sum is O
test,"|c""",Check sum is !
test,dyx,Check sum is 5
test,{+V,Check sum is \
test,0l7,Check sum is 3
test,}z	,Check sum is  
test,^=5,Check sum is 0
test,OiN,Check sum is &
test,+Tq,Check sum is P
test,d4t,"Check sum is ,"
test,0TQ,Check sum is 5
test,W[Z,"Check sum is ,"
test,@+8,Check sum is C
test,!G:,Check sum is B
test,K^9,Check sum is B
test,D7q,Check sum is L
test,OuY,Check sum is =
test,_jv,Check sum is _
test,"#W""",Check sum is <
test, .t,"Check sum is """
test,-`m,Check sum is Z
test,"&$,",Check sum is V
test,2G|,Check sum is U
test, {`,Check sum is [
test,USE,Check sum is M
test,pTr,Check sum is V
test,T=L,Check sum is =
test,U|j,Check sum is [
test,XqX,Check sum is A
test,bY#,Check sum is >
test,m40,Check sum is 1
test,'K7,Check sum is I
test,BRQ,Check sum is E
test,gn5,Check sum is *
test,"X,r",Check sum is V
test,?KG,Check sum is 1
test,aZ$,Check sum is ?
test,AEn,Check sum is T
test,~!h,Check sum is '
test,C9n,Check sum is J
test,GPk,"Check sum is """
test,j	w,Check sum is J
test,"
9?","Check sum is """
test,QNn,Check sum is -
test,#z+,Check sum is (
test,"J,;",Check sum is Q
test,C%A,Check sum is I
test,p\',Check sum is S
test,/Q ,Check sum is @
test,"s,k",Check sum is *
test,J	~,Check sum is 1
test,|bQ,Check sum is O
test,qeu,Check sum is +
test,4M^,Check sum is ?
test,nU#,Check sum is F
test,-YC,Check sum is )
test,bQh,Check sum is ;
test,\	U,Check sum is Z
test,4nE,Check sum is G
test,mlX,Check sum is Q
test,NA;,Check sum is *
test,=eG,Check sum is I
test,P`@,Check sum is P
test,!a),Check sum is K
test,'lp,Check sum is #
test,"(""C",Check sum is -
test,"?/,",Check sum is :
test,"	.
",Check sum is !
test,=j-,Check sum is 4
test,FN0,Check sum is $
test,0X{,Check sum is #
test,oDT,Check sum is '
test,SMO,Check sum is O
test,=Zg,Check sum is ^
test,H	v,Check sum is '
test,:IT,Check sum is 7
test,(~[,Check sum is !
test,KW#,Check sum is %
test,	\_,Check sum is $
test,m{R,Check sum is Z
test,Au;,Check sum is Q
test,"&
z",Check sum is J
test,='),Check sum is -
test,3C#,Check sum is 9
test,^KS,Check sum is \
test,=4],Check sum is .
test,)Q',Check sum is A
test,o?Q,Check sum is _
test,+0;,Check sum is 6
test,yrL,Check sum is W
test,<}s,Check sum is L
test,"m"")",Check sum is X
test,CyI,Check sum is %
test,W@4,Check sum is +
test,X(H,Check sum is (
test,r`z,"Check sum is ,"
test,U~',Check sum is Z
test,}OY,Check sum is E
test,A3;,Check sum is O
test,` 5,Check sum is U
test,%OH,Check sum is \
test,Y.N,Check sum is 5
test,?z1,Check sum is J
test,"""1(",Check sum is [
test,)	R,Check sum is $
test,-S',Check sum is G
test,]LI,Check sum is R
test,ZG;,Check sum is <
test,8{4,Check sum is G
test,O`o,Check sum is >
test,KT:,Check sum is 9
test,d>R,Check sum is T
test,C/k,Check sum is =
test,adD,Check sum is )
test,/$c,Check sum is V
test,W=j,Check sum is ^
test,)QC,Check sum is ]
test,v q,Check sum is '
test,",rF",Check sum is D
test,$a@,Check sum is %
test,pvS,Check sum is Y
test,C2S,Check sum is (
test,vbg,Check sum is _
test,9.B,Check sum is I
test,\S!,Check sum is 0
test,A'f,Check sum is .
test,RRu,Check sum is 9
test,gtt,Check sum is /
test,45j,Check sum is 3
test,4@N,"Check sum is """
test,bR#,Check sum is 7
test,:^8,Check sum is 0
test,HH!,Check sum is Q
test,fVi,Check sum is E
test,:}_,Check sum is 6
test,1L7,Check sum is T
test,PkC,Check sum is ^
test,"f""-",Check sum is U
test,8^B,Check sum is 8
test,6at,Check sum is +
test,cr&,Check sum is [
test,IR=,Check sum is 8
test,| v,Check sum is 2
test,n_d,Check sum is Q
test,8+f,Check sum is )
test,$7.,Check sum is )
test,{I7,Check sum is [
test,Gz=,Check sum is ^
test,@p.,Check sum is >
test,5w=,Check sum is I
test,#HC,Check sum is N
test,&z4,Check sum is 4
test,kZk,Check sum is P
test,#T8,Check sum is O
test,H^(,Check sum is .
test,mfR,Check sum is E
test,d|i,Check sum is )
test,N`6,Check sum is D
test,NN1,Check sum is -
test,D+A,Check sum is P
test,'$[,Check sum is F
test,2WS,Check sum is <
test,Bl4,Check sum is B
test,Nj),Check sum is A
test,0@z,Check sum is J
test,"
lx",Check sum is N
test,%~I,Check sum is L
test,r(v,Check sum is 0
test,>9f,Check sum is =
test,|7y,Check sum is L
test,K/	,Check sum is #
test,42T,Check sum is Z
test,gt[,Check sum is V
test,	Gh,Check sum is X
test,Y9#,Check sum is U
test,X9y,Check sum is *
test,?&G,Check sum is L
test,apa,Check sum is R
test,R9l,Check sum is W
test,W&j,Check sum is G
test,vE!,Check sum is <
test,5T),Check sum is R
test,x5y,Check sum is F
test,4s7,Check sum is >
test,e =,"Check sum is """
test,s-f,Check sum is &
test,IoN,Check sum is &
test,\_c,Check sum is >
test,F~7,Check sum is [
test,*?^,Check sum is '
test,"\t,",Check sum is \
test,AI+,Check sum is U
test,qz?,Check sum is J
test,o`M,Check sum is <
test,Kv[,Check sum is <
test,~8_,Check sum is 5
test,Y{>,Check sum is 2
test,XyL,Check sum is =
test,(sc,Check sum is ^
test,rpg,Check sum is )
test,x	N,Check sum is /
test,rjK,Check sum is G
test,$FN,Check sum is X
test,}Zq,Check sum is (
test,5hi,Check sum is &
test,n7!,Check sum is &
test,+Gu,Check sum is G
test,/N^,Check sum is ;
test,tct,Check sum is +
test,.b-,Check sum is ]
test,9A:,Check sum is T
test,"7
t",Check sum is U
test,7*J,Check sum is K
test,Fz_,Check sum is ?
test,"s`,",Check sum is _
test,_pO,Check sum is >
test,!]{,Check sum is Y
test,"5{
",Check sum is Z
test,",Y(",Check sum is M
test,`{g,"Check sum is """
test,u[P,Check sum is @
test,rta,Check sum is '
test,QT/,Check sum is 4
test,SsX,Check sum is >
test,PW],Check sum is $
test,K~',Check sum is P
test,|M7,Check sum is  
test,2k{,Check sum is 8
test,whP,Check sum is O
test,NoN,Check sum is +
test,yHf,Check sum is G
test,v):,Check sum is 9
test,65^,Check sum is )
test,BG4,Check sum is ]
test,*Z ,Check sum is D
test,p~E,Check sum is S
test,RJf,"Check sum is """
test,hC_,Check sum is *
test,$WA,Check sum is \
test,Neb,Check sum is 5
test,Q<f,Check sum is S
test,QfY,Check sum is 0
test,~ic,Check sum is *
test,lt8,Check sum is 8
test,",xj",Check sum is .
test,SAw,Check sum is +
test,\2z,Check sum is (
test,<GM,Check sum is 0
test,tHZ,Check sum is 6
test,l5S,Check sum is T
test,6vG,Check sum is S
test,;|E,Check sum is \
test,ocF,Check sum is 8
test,faP,Check sum is 7
test,&x:,Check sum is 8
test,QF^,Check sum is U
test,[pe,Check sum is P
test,+~3,Check sum is <
test, }V,Check sum is S
test,}LN,Check sum is 7
test,|CD,Check sum is #
test,QYs,Check sum is =
test,"%,h",Check sum is Y
test,?N%,Check sum is R
test,a3!,Check sum is U
test,cnH,Check sum is 9
test,vN},Check sum is !
test,VDK,Check sum is E
test,Oda,Check sum is 4
test,j+<,Check sum is 1
test,F~k,Check sum is O
test,R:=,Check sum is )
test,1O%,Check sum is E
test,r[u,"Check sum is """
test,9tW,Check sum is $
test,VO+,Check sum is 0
test,igO,Check sum is ?
test,_Y1,Check sum is I
test,Inf,Check sum is =
test,:}3,Check sum is J
test,~_Q,Check sum is N
test,1ci,Check sum is ]
test,BnH,Check sum is X
test,eTo,Check sum is H
test,	lX,Check sum is -
test,Gd/,Check sum is :
test, 3p,Check sum is #
test,eBQ,Check sum is X
test,EZY,Check sum is X
test,Z=w,Check sum is .
test,YCy,Check sum is 5
test,s1O,Check sum is S
test,? ',Check sum is &
test,&px,Check sum is .
test, vg,Check sum is ]
test,"
y^",Check sum is A
test,g$/,Check sum is Z
test,f|{,Check sum is =
test,quY,Check sum is _
test,D`U,Check sum is Y
test,`OD,Check sum is S
test,"`>
",Check sum is H
test,p\^,Check sum is J
test,y9u,Check sum is G
test,?rc,Check sum is 4
test,$nm,Check sum is _
test,d0#,Check sum is W
test,D|j,Check sum is J
test,WUd,Check sum is 0
test,c;],Check sum is [
test,$t9,Check sum is 1
test,IJH,Check sum is ;
test,"
MC",Check sum is :
test,Q${,Check sum is P
test,dF^,Check sum is (
test,YX_,Check sum is 0
test, BI,Check sum is K
test,1yt,Check sum is >
test,DY%,"Check sum is """
test, M},Check sum is J
test,qgM,Check sum is E
test,x-e,Check sum is *
test,ZbG,Check sum is #
test,_<N,Check sum is I
test,2$F,Check sum is <
test,u.W,Check sum is Z
test,",Fw",Check sum is I
test,55K,Check sum is U
test,b>z,Check sum is :
test,g`E,"Check sum is ,"
test,'L&,Check sum is 9
test,egP,Check sum is <
test,t4^,Check sum is &
test,".X,",Check sum is R
test,E04,Check sum is I
test,8sf,Check sum is 1
test,X.e,Check sum is K
test,B#n,Check sum is 3
test,|cl,Check sum is +
test,1/F,Check sum is F
test,ky8,Check sum is <
test,rRn,Check sum is R
test,cW(,Check sum is B
test,",d2","Check sum is """
test, O:,Check sum is I
test,"[),",Check sum is P
test,?./,Check sum is <
test,&Kj,Check sum is ;
test,fFO,Check sum is [
test,"7 
",Check sum is A
test,G2x,Check sum is Q
test,:_D,Check sum is =
test,il8,Check sum is -
test,./=,Check sum is :
test,"
'D",Check sum is U
test,jo;,Check sum is 4
test,%y[,Check sum is Y
test,if;,Check sum is *
test,&(G,Check sum is 5
test,9WT,Check sum is D
test,*O6,Check sum is O
test,bXe,Check sum is ?
test,9!>,Check sum is 8
test,"
6|",Check sum is \
test,WGx,Check sum is 6
test,`xu,Check sum is -
test,T4_,Check sum is G
test,j@T,Check sum is ^
test,#z&,Check sum is #
test,~Y=,Check sum is 4
test,0pA,Check sum is A
test,xj<,Check sum is >
test,CqU,Check sum is )
test,<3t,Check sum is C
test,{/H,Check sum is R
test,vxu,Check sum is C
test,OrT,Check sum is 5
test,pHU,Check sum is -
test,q(!,Check sum is Z
test,"'M,",Check sum is @
test,"Ap`;{a5{ieLWuB48Z{</ 2VK-M-BLpaFd8jLT,x!Q1]Uv,[kE$",Check sum is ;
test,"![AhH5WQDm^kpM2.v,\;m;\UtZeW",Check sum is ]
test,"e;udq4Fl]|S;prr	wJ%,y3'N/O{FpfsW*>7tOLx;9*O'?",Check sum is ?
test,^{a%y@>UPmGL<%L2}]]L!$~Gps}stJi?N<{*8CgK,Check sum is \
test,"D:fuAwn@Bg
smv|k&u`>XqcNgb!8",Check sum is $
test,"9b!M=m_|w4A=38ETIa@.h\M1$r	b%E>
",Check sum is (
test,5[B$8BQ}'AN{Jz=9'`T,Check sum is $
test,ryv~BsG1`4G5Yae4Xe]y1!F^d0?i2,Check sum is F
test,"Syx[UmwZgOL[mq>Qljd
^177.x?k$dI9PB`L!,lW	mu0L;T>m_",Check sum is E
test,<r<SyS	,Check sum is 2
test,&amF-jg9!l@!0<6,Check sum is !
test,8-f,Check sum is +
test,Jl]NGc!u7#Y>q]S,Check sum is S
test,C ]x#F;,Check sum is <
test,(RipO{HO+g';:^^v^k_Le|20gVHw&d.DfQ8@`N,Check sum is @
test,"R'8OQo
JTU|004-:7'e_?!^G	swnFnPvh`6@:Gf",Check sum is ;
test,"Yf:`*$V'0tit	]Qj""Ja\+t{",Check sum is )
test,dcywi|cROSuhu/u:1(,Check sum is \
test,"f2""
nl+WS*b[WD:q0Q<KN??:W6]u_	_!Ex1K""C,1V",Check sum is &
test,"3Qv""P cE8bjzSPk",Check sum is  
test,Cr]Q	vhl^a\-:c'U-XcE	6V<^q7Lrf^I0@s+[,Check sum is /
test,xEegYFu<f71ZKif{u1y(Fb$ )0N7uy/CA-fjT$[DA,Check sum is =
test,-<JWF,Check sum is 0
test,"250]qV;bnieYx4G*+,RM^vx~3wqy^8{%9,!D)",Check sum is '
test,(]\fzw.>&;(E,Check sum is R
test,smm*{@D}]/,Check sum is _
test,le5Lvu7tn1G(0{A[~	k&EsA],Check sum is K
test,"p)
fE6Ki`#gU<x:",Check sum is E
test,gL|9jYFWD`rD5E?boq>J'v-&tAG^CoF/a,Check sum is W
test,b|/2 <8E1LtL~EU9^M?w M|e 1`AY(,Check sum is (
test,vp6@,Check sum is <
test,":nXeGe/ax),ARbwuL8y^]D",Check sum is +
test,",_zys)d|G|pY/j`+9_H",Check sum is *
test,-%H>IN0nf-&2xJ2#sic1 ARg!yio,Check sum is +
test,"5VU""gTK.O_08\K	&[7Kb1$l^J?]",Check sum is F
test,a<o.#<NUY?P;oeS,Check sum is &
test,"&4E6RPqz+8%XV{o	{,Y9$3ZfUly]H&iO[.:Dz=>J^VYkVt8T",Check sum is L
test,". /=k;t	VCCSH#%5VBy~d""",Check sum is F
test,"cb?.CnT<,fzt=+S",Check sum is N
test,hRcOh@=	D:#M\rah\ul5AcqUX#OXD.]+,Check sum is 7
test,qH)3iGT(O?B,Check sum is 1
test,</ab70sR5a1ym \hIvJ~?jpHsE'H,Check sum is Z
test,"By$%WE""fGO&||_a{m/g,p*_Hv?zF",Check sum is \
test,"Zv(Jx}IL^7l!;o>]0""Tux#a'3efkH",Check sum is B
test,"&iz!$g`I1,3j|7]HoqJKSe'[*%\~(M",Check sum is ]
test,"ztP71fcCZHP(QE~5w0*+Cox	i6^Q(?$""c@T{4 (f<ZZ!a5F]P|",Check sum is I
test,"	q_zO[egtYt*;[]a|]EC,B1/fJvCfTl^L",Check sum is P
test,*ojmdkiIw!+psG3F1)P8f~oNm[\cv<?gvXfqEA6<5q;i,Check sum is @
test,"
@-+6B\%>	O#OfT>=D!vPT$ {wBY2^	jlv Xy",Check sum is ^
test,",gh`cs16<5""xN}uzO:&R_""-(EED#	+eOZ	j|/H([D x].	",Check sum is  
test,"ekGH@n
A8.$(Ko[moMKGV~U?h@}i",Check sum is 0
test,"KAE``j7?9Zc=6<a !oIf)_
QC""os>q@k]4Yu",Check sum is Y
test,[vx#wG0Zc33WA.+sg8ey$+Xyd+i,Check sum is V
test,	rdcm*8{y_Vxh@gf|~o_}>FPG(brN+;%	 Z_K W,Check sum is  
test,"5<f
=`Z^%.Z6.WEN;KD)DFsg=:Er`s>2",Check sum is Y
test,"2:(""OtH ,{ mj4A",Check sum is T
test,+ZGP'k;p;M=B;aC!yT|P{>dssW0Qllkz$nLC@~@pdlbbh/I]f},Check sum is 4
test,"p;t){jq2<Uq
 .KN",Check sum is #
test,"W1yQ,-QC""ug[:nqRuN]",Check sum is C
test,k#,Check sum is .
test,"bW`-3^_#[7S0Su@2=*K3nL[0W7No""5>eVl",Check sum is 9
test,I01x^	O|`SsLjwt8bRdd9GX$537|rgIM~.,Check sum is !
test,[zE-yt{5J]Pk'[.Z)/M=Jzm:G<1,Check sum is 1
test,161qy!k.P@F]T.LE+,Check sum is M
test,"H-
zuA$OG-CO&H>BJ",Check sum is @
test,",pfopIy[w2N29:wTnjoQ",Check sum is ]
test,"0yTpAFX3AEGq!m]-
;Kmi""]KX""a9n'$fz0Oz$zA.G _",Check sum is ^
test,"<4`<-
n g*k""i&Qm%",Check sum is A
test,d>/4I5fUP,Check sum is .
test,"5~lmj'	r`d
%D0hmGt]""v=o>xwx!74Y@gMH""
Ij
R:7!E?
Ao",Check sum is !
test,@	oZ9Rs+Sv|7S1R[K~-{X3!8<~6enX,Check sum is 8
test,"n""$R}31W`Qz1>\/sSlp}f@{IzCf,o)?Wm&f@RDlJGw""6",Check sum is $
test,"m
91CUvub,pr[I]wlOO",Check sum is 6
test,"rK#=zPO.Z`~,(LB|",Check sum is Z
test,zS>/ZKHTkwS9t #3\<tOZ,Check sum is (
test,=o,Check sum is L
test,Y8}|}+j|EqGP^*)x(b'=1&Rx&k6fesH,Check sum is J
test,	1B/,Check sum is K
test,C!C3$HE<S?-w24#N|rKw=`,Check sum is A
test,"/Ve?j-MW?2\t@R~;3""S^}S-A"">Y=9D=fbKKjTB_j&QL{",Check sum is )
test,tgOPF~kj_#]^B	`ig5~jr8;s`,Check sum is @
test,"hCL$q8
(!q>5=.J>bvaKk\""RmR",Check sum is L
test, |iL5	LIA`D8D,Check sum is %
test,w)1U&GXOUwb9,Check sum is A
test,"""LT'4",Check sum is =
test,"W5b+ux+5s.W$j6%8L7F(0:!DBK1_Rh<H|~cJ
nJ|qJ_Z%UN",Check sum is [
test,"b7*P5W,:e""!fR83l+TVs|:`da
sTp""""Gu",Check sum is @
test,"HgF3Yyo!""an6^uU{",Check sum is 4
test,"fn^0	VW:P<{~X1,0A`",Check sum is =
test,"i~"";ycc0q+:^{jviu'IhZjdEjK)WxMY~l}/<;""	",Check sum is P
test,_41q&:jV=sp<MLL;G47(%=L5{ JL=pi4p+G[_:zg;XS1?,Check sum is 6
test,"2YR`DAn!'xdk5R,F:R`020QY",Check sum is @
test,n:>YTW0w_;-\bizC?={qLlBMf42EV,Check sum is 2
test,"q**fc'v<B=/6Vn0YzKX0%p `$04\,Um |CZ
F ",Check sum is U
test,"d7Kyldo,(556lkEVJ;A9TDAm%#PA",Check sum is B
test,S`)I[f6;\JW kx||^D,Check sum is Q
test,Lt90i*./Q\p^piGdGolckQ>r2 ]QD[;Wh-SW5778,Check sum is 4
test,",F]	!I X= ~)k8_ra]ZPY8]k	{XcihZAy.pm>0JVMhk",Check sum is 0
test,|O@Q$upcli}`}LU`A=:M-=CA,Check sum is K
test,[{/Ol{r)$'B;?6kNU5e^rxw!jBRH3iJ0RilV,Check sum is T
test,"r;zxG_iZI`npJ	!$_!mTf'IC,SsYghH",Check sum is C
test,3m[B&4\wTaYjYH=#eDumgfkE%]|Z%Q)S,Check sum is U
test,"C<1""9|F`&",Check sum is 3
test,xD$.AfSG{RxE$6R[EN`9c98G=3afo_3,Check sum is ?
test,",9Z}[ni\$V;Ur~~'X8)mEXL63Q=uUu",Check sum is N
test,"$\_
tGKIT5",Check sum is !
test,uLU,Check sum is 6
test,"3'E}|@~b~;`F~,>NY]DFk[y%PSV@J!D~J*0	~6[""|*l",Check sum is '
test,zDttx\gsx{!R,Check sum is Z
test,"Ye$6!T^853C|eLy-`7^`Q(""%BBId'_0lya7",Check sum is :
test,~w>l_b~H8Lg;l/;G2JJk1{)r1jL-U3A?PPyCWC'[3Dr>V[,Check sum is -
test,Jt]+=@pO^]U[//S-N[1$\Fq,Check sum is <
test,"z&MT}O~=
Hq9O5s.iH+f	L`?1ZS M",Check sum is J
test,:CDYu+THWagQM%@EkAqM,Check sum is G
test,"v$[UJvxuvh@6O(Nkk1lHJMwZf)Dd>U7!z,Z5$8",Check sum is F
test,"{NW]DWv]#Sz.2';tsBp@*#jun{&c:o	[3UWN'^:ol/Y,x",Check sum is 4
test,L?;iaZgxR?etw%qbVLm\']:Fm<Lne{3O(*',Check sum is /
test,"D9e8[S=c<6rl
1j<+k%lKXXf-2 :",Check sum is :
test,W~dW'3l<nl)(KZU9IS(q+X'.B&|vZ-KMF,Check sum is \
test,"xS
2c)5cj'iU<s.pR'h b\#TG^dS
Rv2SH",Check sum is X
test,(J3b#D!WkB,Check sum is 3
test,"nADM<3J{h""Bxl
LuH84
H)>j2",Check sum is X
test,IIV4(Q-2+W/p}{,Check sum is -
test,d4qHz8U/Q|,Check sum is 4
test,"W2U""j$PZ.esZd?;XrAzj+S*~\d%w~y]_y0gJ3!6",Check sum is ^
test,ANy]DE_m9Q}nS+j!%o'/FS#We(0YkyDj@|gUp,Check sum is %
test,"	7<e,Di!-+3S,@xf/R%0sJP:DfVP{HxVa)-:(",Check sum is :
test,KV^hRs;m.:]kf1ox byW})D/Gypz,Check sum is 7
test,"z)Y_<ynal	]~{Jh?Iwe|:y;Iy5P%(
""?Ex	%--,V&~g2",Check sum is M
test,"^
qiEGf#.Y?8}PYibAS!N$|MQ}
]+5) CI-DdO\Yvp",Check sum is ?
test,"vk{S*V%lVv
Ze:{|>* ~:n9M""Y$LUbce7?^$ZTd?'",Check sum is 4
test,B$h^_=f,Check sum is N
test,=XR8l<Eh@WkKPx!M:{`pWTMtguT8LJz& B~Y@k+ocN{4mwh\m,Check sum is Y
test,7KVXy+a%z(fNjqXH6cY|Elglx~XvgB'_,Check sum is 0
test,;];jCwa]i;D#,Check sum is  
test,_]6c\3/@cd <:cJ;H,Check sum is @
test,"AEbz zmx
)R)JA<i<D@h^V
@@D&Xz|
Z!g",Check sum is )
test,"BcMW-i0U};+c`^8Pg
`D,tR e0>G l_z}$P_tQESV",Check sum is 9
test,"
|7Y Y*@(?Y$~Tu|PA",Check sum is Q
test,"1Y""hCJ^DnnG*7ntv(_Z",Check sum is  
test,HS~R\!7_mtU%l,Check sum is %
test,U)\YXoY<ax0R+2L%[FGA,Check sum is A
test,"#3zv*^^33)+We_5!eK&U,w8soPjmL&d!M326B <F-0!7&tC	U",Check sum is 9
test,"*hS3?'10F""QO[z6",Check sum is R
test,"o%MW`:sE&r""=n4`R,`8~vRAC+iLC$B",Check sum is L
test,"A8HG-~_yv`R}}QyIdLax^TZ:cF_#A,W8gXK\+.zb
U; 
hE","Check sum is """
test,"a$
\$RH1",Check sum is :
test,CBtP-T wd*z hjuaym.T6,Check sum is /
test,6$htlw/#{,Check sum is F
test,"3""XO%/Wo|%KHW0Dc(",Check sum is @
test,OQ'OJCGn.:'%=FV3QvCn,Check sum is 0
test,"a'8,H",Check sum is T
test,_YJ@D_,Check sum is E
test,jk57TZrv,Check sum is 7
test,"
!4k+R	",Check sum is 0
test,z}Y}-!e>	'e%$&rrAd>,Check sum is )
test,"V,05s}t\=	Rk.xET6H[-xHa!u	$Fs@7Y",Check sum is <
test,"o&eILP:-
",Check sum is 0
test,	?_u,Check sum is <
test,"Ov>2]89LGK?SeF X.T<W{,$0$9\69o@Yw?mZ:Jq0Z;Mv@oxz",Check sum is Q
test,Z}qGG4bd un&T3U5x	16,Check sum is R
test,#FG%D%tnx&Zw&Tmu9h.6C\@|vw,Check sum is X
test,":#l&3E0VK:W=q8<2CFj,_o8\op|!$5sQ&2~W^4&=e	6wG<NE9i",Check sum is L
test,)O4DY,Check sum is )
test,~}`~q.IK7GJZU9tveIMo-H1XK|	\Bj~=c$IbM:j<P`x,Check sum is H
test,uan2q8uPg8N&!MbNN:_e	ZFP<Pw`.L)<@jMjQNL:<U,Check sum is S
test,"s_6dv]X?^O[GQs	yfQy*TGH4W&z_jEh
0*JFcYu(Xgc",Check sum is X
test,"{Y'QPl5P>Z-mC'zlsE'I>80?HxB,mcrr%an]*",Check sum is Y
test,"ipNrBaweAX~=C0^5+@$Z9Vy8(VizDV1v*
CKc8;URC",Check sum is _
test,x`o?ok>p2#Qi-Pr2'ByJ*%^e9Df)va_NUsg.Z#'Y,Check sum is F
test,]Qnjh},Check sum is K
test,<s@EQox,Check sum is L
test,<nJ/#^sub\!ae5:?SuMFt}`yr0gZQ6s2y-TyP1{]J,Check sum is I
test,"{J8f=ZV;+W_:(i""aZieD3nVzdW",Check sum is 2
test,"E:}hYV\TQC-	.7+[vt^Mxwp{3 e2""C#gIEY}!K h",Check sum is 8
test,y{QC@YPn7\+2]LS#(#'%#+y?8fKcv,Check sum is -
test,"Ivf~	h1W#Uu""9&`",Check sum is J
test,"V8
jEA5QrR",Check sum is 2
test,Dk.2`tO'r9j+^,Check sum is W
test,"H%
oh<|",Check sum is &
test,\}yQP7S[9<1%oz.z4JC9 s$a,Check sum is &
test,"Km*7]78osGFb8tzGaj30oMpK
=Z~']B",Check sum is M
test,"Q5rT0utGSM
`3Vh`',tJt%<;gHJ\P1A-v	Xoe[T{j_olpf$C",Check sum is B
test,"xvQY;pb4l]7l}XMV fc<6'0{c7M!>v~""kL_hh@
=;HBpeg{;",Check sum is J
test,"b3BD
#X$_rWe\BG8XX0K	g,cw",Check sum is /
test,"!]{Nz]<,v3u'YubJ=q]rA?I3/pfpc'c+Lt
y_z|{I5p","Check sum is ,"
test,"Uj`+E+$rt}DgP{{lB""","Check sum is """
test,"|M4YdggF`1][@!tB1atPIoZEYwapQiN50k>,a,bvT21]",Check sum is W
test,>NkONx{-A9*nZe!Qi3AL^~)}O^GvD	F,Check sum is ?
test,"[RfM >[22""
IC%FPB>qa `fiq=JVvz9_r*V)M
Fuebb
L67",Check sum is  
test,"qdFQsp5bXIv4SEK?2si~vc^
J-64Pz]K)EQ5""K_<H",Check sum is W
test,"`P	s|l,JJ<&jG",Check sum is G
test,"\ImCKmO
x:hBqvJpL5NH8Rnx&SYI~?H*",Check sum is T
test,?8	*,Check sum is J
test,dsgL;zRVAc4^55(dS{-l;w)\YNsSW,Check sum is U
test,":E,GcP5QEaR7n[N-(OT1Z""ZCH$s(;D",Check sum is Y
test,/[0<76lCLA8a,Check sum is X
test,"L
q--RQJmZ",Check sum is 5
test,"h9c)n-8x}&=46q""\0>[$?nB1}b}X1=JO",Check sum is Y
test,)i:F:h5K,Check sum is T
test,"dw^Q%x
1v(gn0	\mP_]@V&FpbxD",Check sum is S
test,xsJ5-K!3TqOe^yE,Check sum is +
test,"e$x0COn""_](vuATLVoH+@GRlWvX)=WNuK'9|)F0Xj",Check sum is M
test,":\~)mH~~nzWCHcT;)!J`5eOH
Sf 9%1Qs/)c0:m&EolXaK",Check sum is A
test,Q;2uK,Check sum is ^
test,Hc,Check sum is K
test,S{XI9{0t'q)r:pp{9E*?	Xg+VOyj9,Check sum is J
test,"D<TN1u3a:#
`v2-]d6;M|L""{:""d=6z_-tVi29gdeo};",Check sum is *
test,:|Ea7	yRV=,Check sum is Z
test,`*}<>tMg!#hQg+`Q5ib4(]7W}<j=CPHX~,Check sum is !
test,"WE2|^H=|%i,T8IK;=*MH:q
NUoy$Y#u#lBRDd0;$I47j6)]62",Check sum is K
test,7'J|E_5`*)x,Check sum is H
test,/d|WV UntM.QMsnRSN m,Check sum is -
test,"""m3?",Check sum is !
test,4F>,Check sum is X
test,<Vp8^DO.T,Check sum is M
test,"=CthQ7yBZL7s	M&XH9""_Q+|	/Nk-a%E
$y/HdkQls",Check sum is #
test, s{>s_^uSFE.:oDgP_/epn |F9D6d\c@4^h$U\l,Check sum is E
test,mb!#GXc|:,Check sum is +
test,"""{`
,nR",Check sum is S
test,"ka(JRHed""",Check sum is #
test,"m*Cb5i?!c7S}kiI8]""Gof@J?a:oTWJ`-Yos?C&!8.9]?j_R;",Check sum is ^
test,"K	""Ww^}/
h2s5tC4RLP",Check sum is S
test,S|\ %C*!@4TR8]'XOo	R4hQZM^^U_*if?+N+<e]L4}YdY,Check sum is V
test,M;hu,Check sum is E
test,"6yVC""gq7^nZeK",Check sum is /
test,7!F77Cp~lM?ZRz=B7@k>z-,Check sum is A
test,"5BSE""NYu |Mg@|iza)Egtgr,wT0d]k]zz ",Check sum is #
test,"EGW6lMNF3$aD9C\\O3-H#ik=3V\#36^8rd|Ez""Es|iev",Check sum is S
test,Upl)AuY'e-~Y#[,Check sum is W
test,"z,Kk|RcYU",Check sum is [
test,oI\r^	cUMjk;>'Hx\w>pd9QN7Vx%R?Eg95di*rUI	\,Check sum is E
test,"[N#%55}+W(N9PgAu$B`xE""$/#'[sE{.}B(
nwn}X^4v",Check sum is 5
test,"WIC{3k=Z""Ah>^C\9GJpC5hZg'|;",Check sum is 2
test,"(9O7mv0m0 9
ChucU*E*h",Check sum is 3
test,@w$eKRLC#tDDh]fsKb:o.Y;(MO|=|T@vo,Check sum is S
test,z>=zVA:q4Tlv0P-8x?'=Cyd1)#j0dUGm\,Check sum is ;
test,dpM{3@z5`U@M=Z	,Check sum is @
test,xaXq{3+[2t`C28LIEEP6's,Check sum is (
test,"hC'ncQK+^SC5$+/$nj7gOziiG
NHH\-a!s(	:=d	omP?~",Check sum is Q
test,"aS&\	:?,HBr""tc,e&)c}iS]()XK|&!8'eS<71V{g:kYk",Check sum is %
test,X-$%Hc5A8'l_[s-_	/{Ju+}X	+Lxl_ Z(2H^G,Check sum is I
test,"t8-$Aq'D9]@uV
OR",Check sum is F
test,"`={s'JzadkKu:;l<dm.P8[)_07A*.vH~Wq.>uQM0!0.w""",Check sum is X
test,dHh4*7=U'JHK^g,Check sum is $
test,dSRV(HH,Check sum is 7
test,kHWG6f,Check sum is M
test,*pj<\q=qKyP&A6/O^!J	Di8Y{l=^Q:oqhg_h2,Check sum is O
test,'?b&}$0x$^vl%+5Kz0d[)rzFr,Check sum is A
test,ep?G<Q[u	L2eZ,Check sum is ^
test,ud\q,Check sum is F
test,"y\@\}""Q%	x3*eWUG*U'c8",Check sum is ]
test,	_ScP#dR%Y3,Check sum is X
test,"<:c;""i<wbxgde(Lef""5
Hj3AMh1-&g^J$.ZwKjqv5y}E
",Check sum is C
test,"O[iUr`!eOZ
$g:}kJ",Check sum is J
test,_J#Buvrd `6hatX+t;H2K:,Check sum is S
test,N=Cm]7]-eFZTLY+:$c#XY#kz#8,Check sum is Z
test,"_-=pC{Mt+,*2oA>rJt^){Ky5Da",Check sum is I
test,"#L:|$u
hD-1O^+CT",Check sum is !
test,0Ktj+,Check sum is $
test,1wQb$ELe	f{Dk)?Nm2T77wmu ae|6,Check sum is 6
test,"bj6mT/IwmiQ'I??/S#GE*Xlp""m	ZDA\X;j@;=X._*+",Check sum is 8
test,H<-#>-i(>t0_P.3 KY&h-]LpTt+(6Ga6EeGT,Check sum is .
test,'kTT.'w2VD`Ae2,Check sum is *
test,ueAG\5hO1[{U%Z,Check sum is %
test,osJ}')#Vg|\E2.p]S=Cpce&I6)VS`k,Check sum is P
test,"*Aa""",Check sum is N
test,a3va,Check sum is K
test,]~Tx?)Hr8r~}b-s=weoS}Gy77NBM=eicZ?hUZc@[]n8fyt;%L^,Check sum is /
test,Ty,Check sum is -
test,p3W5@O4rhKl/5Uh9OVkvNR1L`LwhNHD> doP>%,Check sum is )
test,C}r`W&MPJb ':`v^$ThJ5	h1vO`SAZ~+hV!y,Check sum is B
test,rJ\$)JT:}hU;,Check sum is R
test,K!~iBz7d+dyK?8~YMiO<fU)4vr[[,"Check sum is """
test,"]!""di.VRHu]urxiJ,(Q""E^myr89ag",Check sum is J
test,EV6<4E-!_UI+=[	f'?(p[.dc ,Check sum is Q
test,h2Thf32gUyJ9-1<t3mi<0vRy'36=M,Check sum is W
test,"MRzxRymy
KQZoBDjU[kpV Z",Check sum is \
test,":=cAuMki'nY%uy?&tCg~<Wj%$(3,IK0-+~_a-t7%]	 s",Check sum is 0
test,c1Iy)|[iWDO]l]Y&NSO%WiMr,Check sum is B
test,"+ss;aE6.IQ+DmS1C_I
h%wZH*hdGcp<N(V?@>=;<q",Check sum is E
test,"F',{GwU'n H",Check sum is D
test,"fvc)NI%nuB;JmP4UjA5:KE&#BMj{C<s<K:[?2""ps",Check sum is _
test,"W'edqw""r7f29wuQN@BkjHY2?:0?&M
j
-F}=9",Check sum is _
test,a?R]H.L7nbxh2IK~;:){H6cBvQiFy	N,Check sum is ^
test,"@7ysp0R$/Mes.8'co)N(=|EA<iye""%]w",Check sum is H
test,\~,Check sum is :
test,9=vi_6helS L	cTvz70yN+'SX-y+|O^+w)U8MG&\RIs6J}1,Check sum is A
test,1AAi	M^cpQK0S=&TVkHk,Check sum is M
test,"Ty~9
6}d=o:	6EE;.V$8Q}J:^8JM^'j^",Check sum is [
test,ODQQkhw ,Check sum is ?
test,]'Zo)WBl6rTO:A)1,Check sum is ;
test,"&B""{m2	+5QktgeT6ES}0",Check sum is 8
test,"PSv)hPttqy17EI
#=3vPm8m^Pgug&.Z ^s/@|j/C_.",Check sum is ;
test,"gCMb_L>nSGde7C.=#""[MOq^'YiX-OVe$?~L$awRrxz(w_`N",Check sum is &
test,+N,Check sum is Y
test,"BW;\(
IaQ=EPiZ#'YP1vlRo9fkH}J')QV7",Check sum is  
test,"b?YPMq48eI2.:<,>,T5=hRn>^uEK$?""UC",Check sum is Z
test,OL49$.9,Check sum is 3
test,g|WNZGJ(&Cm|}ac0L{()1fx)V,Check sum is $
test,"elI""`w-"",*dk(#=AA",Check sum is 1
test,"+	,L58LuBLjj4v0RHN4V`?}!Z};\T.fh/OQk|P+`akMZ17jv?",Check sum is .
test,">&`|TU=[,M,025W=M+K5cQUelj[+""/Vi_SfH
",Check sum is -
test,4&Fmzp,Check sum is W
test,[JSK5>'&hu,Check sum is @
test,)G/,Check sum is ?
test,"iEUog=,cT'>$A[)5ovSdW3 }e:&,8s",Check sum is ;
test,oR	fvA@SX~WYYAj,Check sum is $
test,"J%:[St^,?6$@3z3DvT
""]NV0_bl'@)M A[T7+wuvg",Check sum is ^
test,"y9y$C)
k)][\pr6
T!}
z]8P",Check sum is J
test,"p?;	xm2_X[KfU,B|]~HR+ihBOjD2,'%3+",Check sum is $
test,"m<nw$BshDg2b7]u-=/x~@-[-a!~Zc?xW +y}J),oY0GRwq\",Check sum is ;
test,"v C9f)-shBsuA$""SD,1jb#%$}c1stFE%-Oq",Check sum is ;
test,"&LE3D1<A@[&*""(YM94CcT(I&A.E.b1#aJWXec2c^J",Check sum is L
test,Y<3)d|YI8e})*=,Check sum is =
test,OC.k0;a1>pzn!A% ok*'a&(%LV/!1UL*nqBc:,Check sum is 0
test,"=;H)qX.9rV`~>(<C:z,:p6*",Check sum is .
test,"/yK5k-k=0aVfe
)z1x[5@E|W	",Check sum is A
test,QDaE4?+kvIn,Check sum is Q
test,"mb'Mu]T}v""AX=A,4p",Check sum is E
test,+1zcvl!#{btMMGepUONs46}aq*x2\.hAg%3Z!if>uZ`E'j5,"Check sum is ,"
test,"),!	c",Check sum is B
test,"/Xxwo!~v$88""b$\I+|@b{4:+tcbA(wWp9Yc7u",Check sum is Y
test,yw	>,Check sum is W
test,V)$W}B3q+\xC-rQn,Check sum is ]
test,2^v6B#@-,Check sum is .
test,b0ZC6>~~4\AOk/w$t	grc%n6:eAO1&~v!Be*}+L,Check sum is 6
test,"IkCr2%X<h8f
T
w|@H",Check sum is ]
test,",b%IW.57o+pZ<w}W3[<A:;[oBZ{sX'vq#EknUUvuC*xIiM?t",Check sum is _
test,"(:}_k6%{MKsX1qZAzg9pvIf!o,J,$_>nXtehdL",Check sum is X
test,"G
|EzL""D#$?WZ",Check sum is U
test,+F>%)r@@@B\M@	Bz.UzYC>v>,Check sum is J
test,y>-'}$phv3[!xc@6IRI,Check sum is >
test,/ez=N`'Y@ E6(BB%,Check sum is E
test,"#c{%)""?i>""",Check sum is Y
test,"
<d}ycHcyQdF_kbg0@+bk""/hr 8>:.YOg&L2T:Eu],$+W%",Check sum is 5
test,le&lz>v0BVWD	gy\N':#O.R:PqdK=NMvp_	9(@zTgM),Check sum is V
test,"VKXUpPo1nB/-@L:/C@:T'(27H-,~G6XZq2Hx	cY&3",Check sum is '
test,!}@XiMe6yk9|lq+p\rEJ\O5D5A8#^oPp	BbHQ,Check sum is ]
test,CKHjLT+s9S&; 3Mz\1O_$LAQ3>f;qlA#*TQ9$h|!2dxGykRmf,Check sum is D
test,"k|cz)>MSy		5#~I(Zsz,aW#Z2F;/~EaPdvav.t&E&V,j]l5",Check sum is I
test,G3}yK1]69Jdn{[Z1=YH|Yl^xg:pZuOq,Check sum is *
test,v#f&ZWXUB6:,Check sum is U
test,I74cXmb1h{8%:~%rLpe]oyeA1>,Check sum is Y
test,oJ4k)`Ea^9u	U1_?QuaD7IW5*%l14vSW@4n,Check sum is 9
test,"xB8:YpLa7?[6
Pc|ifDY:Wi]r<
V
k4dc#LGS@<`0mfbJ}e",Check sum is 9
test,z0gvBV9%S~H,Check sum is 6
test,Yfc,Check sum is B
test,"aW?F87`a%X,rRzqM|{SP/vZm*F!z~7<WJ*<Hai2",Check sum is ?
test,FF5@A<d,Check sum is B
test,"DWX9U}y,~bA;=^7",Check sum is 1
test,Osj-0c:XP$dk2Mg@^?|Rr<An%M/)B=oi5@s,Check sum is X
test,"dze[yK=@4R(fn*fp?t}'rOE@E=~,9)]l",Check sum is 5
test,"IK&\boTBkjZqU])&+tTMNn7AF2VVW0(|'0.GM'
\R;EI.X6gE~",Check sum is (
test,"FJnL""P.1fmbxZ4^\N=#]7I	\	",Check sum is )
test,t1CcNy=^}HiI[HXr gc_->ApIMUs=s:\Ca#CyiS`r~Stw,Check sum is G
test,t($ccNRCJ6I9B8de$5'Or5+,Check sum is /
test,"
=zWZs=G7bOtl985B:!jdrX+)e9Ot",Check sum is !
test,">zBo<8lqF'B)eR
f7q]:{fp""
I(AF_Hy}Bg5
r&[",Check sum is E
test,V{SeVP~,Check sum is M
test,"Dbi.3WA
Bu@zaKS","Check sum is """
test,"m|hx{d|9H
!&;$[Hs	%91M	",Check sum is 9
test,"s*|S.. 2`6n""8MPn?qlmhONViOyjC'`\[",Check sum is #
test,"8/+^%&c7aFG@1tY-l__ PdJ""g.Dj,",Check sum is '
test,![MAjaBw=5%A|5#!qFre>C1gI c	e)QQ'(;\GZSx0&,Check sum is O
test,"D8A;`Ou.|dZBl3l_5j
^$d	",Check sum is (
test,BqEu<30,"Check sum is ,"
test,"2bk:ZobLGyZ!XvM=gi=PA w^5+lVzR!%.+j""lRc(Q",Check sum is )
test,"|-:?B<$3t?+VT)C-y;uU;`o>w^Aj
,YinnLP",Check sum is .
test,::ddK8MN03X\%^PWB@V5;o*8%NP}_`_P@= ;{2`495,Check sum is I
test,C<A;e,Check sum is @
test,tWBD~V@QY_|-mhb*u>zv,Check sum is ;
test,TcdkSNZ6(!J*L6Z,Check sum is 0
test,"zZV>]#.""wlbh*	d-o1d",Check sum is M
test,"g	OdRCw>""KC",Check sum is =
test,"{vhk{We2{??b/;]y''a=n""I78""*);-5V",Check sum is D
test,"m c+6!nr~'dG!4$\;PGjw/7ydQ1#""[xm.6_G/t6\R",Check sum is %
test,"C6,i\qEh2-vn",Check sum is +
test,"(DC/oO_1yLW4@9z7/#G5t|^Z^$9H8%7{rSr4,LO{",Check sum is ;
test,"QYm\VZ;n;j:N=""J^!EgG]EB.=0Y)0R",Check sum is 7
test,AOlTf>;w9zsCwjj1R9dhe,Check sum is '
test,"c,Mt$U
4a[M>mm5#)Tj`;0h%",Check sum is _
test,}T?:*HNVNF^jz*,Check sum is @
test,{|Aq,Check sum is I
test,]1K_ .9F&Nm~=+R	5<v2XkawD(p,Check sum is W
test,"Wd
.{Kj,2>_bd	t4=6eNHSuR",Check sum is =
test,A!zSCz(,Check sum is 4
test,S<v,Check sum is %
test,WZp_<*X4tHiYBB]<=z1&L+$=!wf:c)CMxlJpq%,Check sum is [
test,"H4e
27UQIo_U^O<Z ha>f*VF",Check sum is \
test,")pbMia/cCoe	
nsQJwo=9T7!3>Yq~t~U",Check sum is 2
test,";
<}(IY	Yp8e=6
[nLn,h`,y|=d$etjTuvxkC)V""
<""$[",Check sum is !
test,"r7rk
Ip;~,8dyUQ[|rgXd^3C{1 tWt",Check sum is T
test,Q~Ce2:_.#|X{ub)=c:1E&PUv:E+K5a)}	-h	/-p`z$mNzg,Check sum is Q
test,jr;)X*^$')j;Xie1P,Check sum is @
test,M2Zzz-_N#5U1fPkqwry/ni7Ico`4|3p$gWF\X`,Check sum is  
test,"/7Yyd$pu+	e.q5bhN
8x2&-/Y#dJ'b^Xxv",Check sum is O
test,"x(jJY*hmG]`M/2La>`1X""4WT9_)}yi",Check sum is 3
test, Edt,Check sum is ]
test,vrf8od2,Check sum is +
test,{!y,Check sum is 5
test,hr^(6h5~a9FiR87jpm#^><%?4mU8SJLyHOr83M:,Check sum is L
test,":?b
{r\=",Check sum is K
test,* WqO/  W*XS~,Check sum is Z
test,uTYN$,Check sum is 4
test,",)zokx[T/*4WW9X%P('rJM&g\CBC*2}ObLUZwH]
{)OMcO<J4h",Check sum is 9
test,"&lhLnSSYDG@(!?1CRP*?zgj=
sj'9Up o	",Check sum is Q
test,idfx={PkU9%Q2xcUWI&a>B%qN<y -Q[rP&#D(hx/;!&? r_7,Check sum is L
test,"k`lC;Ui'j]S^wY
WEcT(! LVjxZ<>R2!je""]",Check sum is S
test,7&zqCHw~Y\7-'/~r	Jh*l74#obn`\[qubXg;Pi&,Check sum is ]
test,<l@%E<I]A-T2k+,Check sum is ^
test,",\D'Iq	_(r~dbqn7kmp:^f;aF<=+4",Check sum is )
test,"c[	}XES l&J M&p<?.<DT	l1j/`A.""[`",Check sum is ;
test,"\J0D>r	` YxV^G/;:,Iy:/aN]O28ezjj9ph3`4DD2G",Check sum is K
test,"rDJm{6$x,Ilj= uc)0H	d6.+(HFb7b%3U]~-O8",Check sum is $
test,Ei<Th+\Z~uEcv,Check sum is 8
test,"6a^BXl5Oy&lUa` -c>#|=OiF>>""lG>66m>)",Check sum is W
test,"\D7*(x^,K5vbcU@nqeI,v|(	T:dbAPtg
r""pfDk?! {`y",Check sum is .
test,"|\|v?g*?[HE}W/GKs1u@&Y~A4x""W:X*{0tP	Z",Check sum is @
test,T/gzgaf,Check sum is 2
test,"w=KVjVb4?(b
7`y",Check sum is .
test,":?r01$[eTYju~FoQ	yucwbw0m;|^
srFP%E1!z4G
'eH%",Check sum is 5
test,"""
e9\""x2{]Q1vn$~i%`VI Nib(~S{;6`+oUQ3@:hJvf",Check sum is 8
test,";ERbbLL.\69s}a5D%tal+bLx){\3p<^ Au"".6.YL@5pUtP=>I",Check sum is 6
test,aSg1 q8Qw;RE{{]%;<#S_xAvwpX1L	Qry1z,Check sum is .
test," Yn)i- xLhDd$-n	;	Zr|T.2Ny,<_R;UH`hq&9Mp{e",Check sum is /
test,"N
4`GS! *M0Yx_hUJI0",Check sum is >
test,"I4e]bxE;cXRy1A[>2q\""Qk%%%0Nykx2';/rq!v)x@",Check sum is N
test,"_y	5q
",Check sum is 1
test,"VF/)_
Pz$wnB`|",Check sum is .
test,"(4/""Vr:^p""PQ>V2|)
di_7HLp6D&j}za?.Kfd*]K",Check sum is 2
test,",}fsGF#mvOTLa.AbPYK~	a",Check sum is 2
test,"[-/E#8	A[bH[2h)mVp
V/;^PGGU{,b7|)@X",Check sum is /
test,"$nP3wB
;j_pWT5-/V=IlY@0zL4?hj2*kRW	",Check sum is =
test,"`-]~xR~""%*vF!Pr9&G7Mc}g[M}Vroq	I.0+7	~LhoS1L",Check sum is *
test,3oc]\>A)^9R;~hZY_-*Kp\.:%cis,Check sum is \
test,"fkssaqDcfl9 79N*+g@`3dv""sSVtRMO{BCT6`{{$",Check sum is F
test,:h~I<Q/C\|,Check sum is  
test,"XT!3(apM(coAb>
""88Op=eD",Check sum is B
test,"&weMMe dO
7(a>G3R",Check sum is H
test,	F:/uy~TfO#,Check sum is 0
test,"8$,~X>",Check sum is <
test,"?urmvDyHp*x@1Nm[^XcGQi:
k~jiF&",Check sum is M
test,:jP,Check sum is T
test,"Y`!K?~0Giwy5ULL>W70`<tM
:x;K};wZ/pl~nR>914}0l",Check sum is V
test,cbzz4K{|]|f](vB]w;4$<2/l#f].YN4F$jHZl~wxeC6w!/LN,Check sum is 8
test,"Ub)'OJd<s:=}[\5P, M k4'*n
SA",Check sum is 8
test,"[h
n F1=DrUkW.1nif7\HxUFjG",Check sum is 7
test,b^L8<{I1$7@j:M7xv};_,Check sum is ]
test,"lp]BaHm-=Vy(K>TiiFBfUcGM"".kj>jqvz|soAZ5mF",Check sum is J
test,"Y+^i-=
dUL^T9 ]C!+'XNIZ3A&KC4zA/6D@VO2@t",Check sum is V
test,"t hhV\lMc/\kQp"".	'R?mJlEdD]d>B/;amFcV:O",Check sum is +
test,[&hWrH#9OLx5ng=mf2,Check sum is U
test,"9rzhR\)6=kHdrY7H1)tsN(s!9""ua 2n2j-kkONu'$",Check sum is P
test,"s#~I@ zALFWTN>
Jsx",Check sum is  
test,\-#J.|=WfDST,Check sum is %
test,"	ZLK/cxcGIt'kog!],*d_Ij=3mD`I Jyez8$),tt","Check sum is """
test,`@gBN15/F>|FJ=i\p/d:D<?<_ _Rr#{UO	_e5VO>DO,Check sum is 2
test,/vdjn&x-x8p|t(gj.=r0{lIB}!0DL(h?p5k1w#e6c,Check sum is Z
test,I\4ikd:1tA,Check sum is Q
test,jF2xS]4v%zI,Check sum is <
test,"Z;=""	V"")",Check sum is >
test,"`<n.[""5dQD:",Check sum is =
test,"/7+qEfe@7&D(u[8!NAa~u`2Xx=[[8qx
6,2~s[p7s",Check sum is A
test,"kD606b{dZR]u:){4sa>W,""3b+5'ccn_, 6$-1!-(BG}W6ng XE",Check sum is A
test,"UCg""!k*h |<ss3LK.",Check sum is U
test,"Q1% I1vf}``K	//Cjx\yonK!clImG:\B
ua>uH@IVe",Check sum is 2
test,"b/Uus,o+""l;/!)",Check sum is 6
test,=~lt|g:C@#]E\lC<f``@(-US(ow+]w~)t\-DP6Pm[oSAo,Check sum is O
test,x74O^1`~,Check sum is ?
test,:0mu}XZ}d,Check sum is <
test,"Z>ktx%,1:,l}G=POz4Ss!BX11.#&LykR+pr)_2QfU""!",Check sum is #
test,l`E0sd%8	$J?ps{Gz0&q=]y0P(f0-nvWz?,Check sum is #
test,2RsghdE!gvzKU1,Check sum is X
test,"k)&o+&? }=uigZ75oz>#U""'",Check sum is &
test,4Xss!8*8=u+|)-]Bg'T)A@6AjY[F~kkix!^]45q,Check sum is -
test,"bk*
@?
A}3oS8Fg>6G3y
hREjCz#U5>UoNM`*II7-p(qj",Check sum is V
test,"VFgbnGnEn[mJ(`w# =tYbDj32~eV$$,xU	u!	y_l>",Check sum is R
test,%`WRdJDBsl'hMJt=,Check sum is 8
test,"iW}\JXu1G.N,=(3+",Check sum is 3
test,"U2[&]AT""pnk?5qi;/wdE-T 3}302OiOU&Hhx\y8?@zT!",Check sum is (
test,"<`PJxfZxaxl:+Zu#J=pd@?""s#",Check sum is 4
test,$kw|r3]CJ&I*VSNd	? A*uc.fyV7Uecrd=kop/+#c,Check sum is D
test,I$r/x{rSRRczN yC b|>P^<AZ+}|Yq$TE]E,Check sum is _
test,}Jy{=q:q12A9$d\{L4olx!D+,Check sum is S
test,"zlv_8'p1
-B[41h#H",Check sum is '
test,rpM[3|E5w>G)Kj]r:,Check sum is 6
test,#|?_&U40sL*p|-t&PIa	$,Check sum is ?
test,"??2F;G/AyPtC
?9g)Hv6i!lxcI[[< ",Check sum is :
test,YP:YMF*_A.VwV9,Check sum is C
test,"q`C5H8a9#Lvhh.\t|/Rb~UnW&DpfoO,6DXIi",Check sum is [
test,"1+cO iQ	oe-X/,mT",Check sum is F
test,;lA>u!c,Check sum is ?
test,]	J;#w,Check sum is %
test,"Uk24/>
	m#O*pE[nIAaQt/l7-",Check sum is <
test,"e%;I""M""-(7",Check sum is K
test,6T9A7($b(@,Check sum is 1
test,ke}[0B<`c&80Ex}86L7#$V8A(,Check sum is 0
test,"2H*mA+<1

B}M\ZnydliM]++s WI!lFAv~r$;-3","Check sum is ,"
test," ""JX';vIZIV:jYfla'xg/QGoVr""D>8jfi8{<hE",Check sum is C
test,/4P3C`WHgW$WH3T=<?W9	+9,Check sum is E
test,"
^;PaC",Check sum is 7
test,"dlUTW_C2j-R>+m;@<6[5(zo@V""|%N>meT",Check sum is \
test,9><VN,Check sum is 7
test,'h	k}Sf.:/,Check sum is 0
test,":j@3W(-usA2Uc/)h|5GtyM&C|""N{&+3iwDJ|/H{Z.6s",Check sum is I
test,`xT7g04vz.S$Hz`>^n,Check sum is O
test,}@#tS^LL4gED/J#H7[U>09M\'-^wi}:n;7B(|&:\La)oyj[,Check sum is J
test,";!Jmsuh ""=F(,6gd1D\,|N7~d""N",Check sum is -
test,?+X5TxL6}9j2_O_#n2Fl~`c<Iq3$'pRa,Check sum is Q
test,n1,Check sum is ?
test,^*@Nx\Ms<glI#! 5.at)slLT|kKKMXOe0)qZQ4go{,Check sum is 6
test,GA.)B,Check sum is A
test,"c	hdc3M)-:0|sAk9192\dP6r,C>)FR*_Q!T5FfFB47(A",Check sum is ]
test,"
4iJm3O;3Adiu{a;R)\uY]TGp;rlHN$zv",Check sum is X
test,!/jbjOg|`fk$C9?h#a[3GUd.H~<	7Ac`R>,Check sum is &
test,"VMdsut
|Ee!YvMuJN!1'h~F5uCVK",Check sum is 0
test,"j)ra6%v.3OERjNW?b:A,i:",Check sum is X
test,"mn+k_f#!OGjD;485Fd&Ltg@N9khN,Ws=}zNmL",Check sum is J
test,^]kD,Check sum is J
test,GUEY|7l4kQ'?$>jj#y1>M{@lunCM3*cnGCKFGwuC3<:,Check sum is _
test,"s5cr'>F2D""PsR4o>u",Check sum is K
test,"3x49SX|.0n|[qQXA/"":z.@g}x7)`9F( ",Check sum is 3
test,HuXxe[fU$E\vP7t>oHOxHY)54;\j(~t@>$h?<v,Check sum is #
test,{O\,Check sum is F
test,"_TO8{VGGd &,Vf'W(a",Check sum is R
test,Ii0;+4|`c&cl;}RRYBD,Check sum is K
test,"]>;0g;4@|q714	c{
m&!\#IOmz_ UF!C|GPT4~]jndp2_E_D",Check sum is A
test,W@JSf<,Check sum is 6
test,"nuF}ayx+~lZt\>m3*
5k5@]1!6p|,? 2;_9!m""2",Check sum is A
test,"#q}d=`FdcQ!|G)aaH[
eDqL0r""cCvKJP7{zOVWxg?!jXF",Check sum is &
test,1xET[(5uhXc'3t 	qsgh{`DR *b$zMF8~ gBB3,Check sum is ^
test,"RB.2<,IB3iOHM4*y)UT&)]G ?A7MdKj^v",Check sum is 4
test,`W*J%&%^w,Check sum is P
test,{SKOsrpl<?Q+kt:^2.24bJ|o^G8m0f!S._[XS$xXVE>tF6*,"Check sum is """
test,"6}I?v#vEg$&,&AzNQtf
gU-@f%KE5RAt*L",Check sum is &
test,"hZQN1""h#2\P=Otm",Check sum is *
test,#Aq7UEId8RoA&6pefeyH{EzegXO[54,Check sum is [
test,1?XZAi1V I\,Check sum is 8
test,"'3\0Z
/ZWYU#t78$oseH#GWIH	Amu~$w~t5&Z",Check sum is /
test,">vJ
%",Check sum is M
test,"^QYH
Rrh;b|g6

p^,3O","Check sum is ,"
test, Ev##&z'8kD,Check sum is /
test,"@,Mkgs/rIDm.V,9v8",Check sum is P
test,"FqH-4vEPGE=9kcZ;f""U9Fw)(V^8G_ji",Check sum is 9
test,J.R2IW,Check sum is <
test,rOYUZQ2.uo4LF0+ywf})/da5b 	z|qb=d$| uT%G,Check sum is .
test,"_:nA{NFCec0.36v]Ad
J.J%?Fbm+e%0Qc[+SGN&!",Check sum is T
test,~u*u|#B2|TX0l/!1\z-4~abq,Check sum is 3
test,"R(p~\/$x/T}v0Y8F9t s9<#Y02>6=a0+hmW!oY{sA
W`H",Check sum is 9
test,mEv(8[T[p(u	GusP~,Check sum is E
test,:x]	g~q*ww}!5[xl%&7EXdO~PcKTL5~p$1L2z4ex4aVTM,Check sum is 3
test,Mj@l.4V5` o=VH{~	G}bMN^	>^$rfx,Check sum is 4
test,bvMjqO5R~^oPHb:HbI=yc,Check sum is A
test,?`+mFK	-70l/ w	SLQOWJcHw	+< \HLTg01mwgzq^>C-Tf,Check sum is Z
test,"g.pqa(vX%6-P 17UNvn:F:7<qy,GXnEiq3/%?HZ@W",Check sum is B
test,"4hL}igs/zS\NzY3%WHae,4Lr+}GW~l$s\",Check sum is ?
test,"4d  ,_e
>Pw-p]VA'>GE3d]clqcD+=m	RL_vI~/,^d\",Check sum is %
test,";""zG63r7WO7r.[&sYxNRs""O4G	#{Gl.U%]]OaFiM
i*",Check sum is V
test,"v.|]]CTVi!b.
]uFGX",Check sum is B
test,8&V8~yofWy.JmK?NlkD6(WD!GL,Check sum is -
test,#Jp9 *zm&Ibb1,Check sum is K
test,[4hh9YE;)|~l8>T>pMTXcW`2;,Check sum is X
test,$TQ0G-1]Jg6vP:Qc.,Check sum is $
test,"K!KI:MAUJ3&j+Mu&Jt':RC9Tl+~gyZ^XD""Lh",Check sum is =
test,.kU%N^u_<Im*H\bGS2up.qyI$5)Ni#y@@<]p^.,Check sum is Q
test,"}A|
,cs~`1[>6lC>gc""n",Check sum is K
test,HlfZ!F=<	,Check sum is =
test,!O(loj4Bz{s,Check sum is [
test,"8R]R2&]D	<
kQn`}K?W1\x",Check sum is N
test,*w>9DB&axNUTO<$BLw y;OImjR!4	%\ -Wv%g`,"Check sum is """
test,"|jaW_Av""U#.u#D<	oVeG(*Ww",Check sum is N
test,d3AD?Mb-B+k=!&tI$%>,Check sum is 7
test,LX[C.~rPj6~$H5LT^5|Qa,Check sum is 0
test,"D2)q/*g*?=xG,$HR}:V).x$[z3TX
NzW@q=cf;s",Check sum is A
test,ZfUSV),Check sum is G
test,"J;B!-p!1,Dox+X1.E4wg>c	avU@g3p:F_Gj!t6(W)06sc+oz",Check sum is :
test,<GIO!V}FFjLS:,Check sum is >
test,amM[\PF66n-Ep~78_Za8XCj	|s!QsDzHzv_3sKOkA:1=,Check sum is N
test,7T8^;!>P^a|.^Q,Check sum is C
test,"fJ:IA;P}>|j-<q,])u]1_7PBL
~.0RQ*VV2z",Check sum is N
test,^rWtQM!yR+,Check sum is 0
test,"~;(W8BB
H:3z",Check sum is M
test,"+N$v3~GmQvO(6jJ=Sz{$Qkc'5y$YCk%}.0O""0",Check sum is )
test,"[@J@T5Q=JKK(bTq""1/g_GKR:",Check sum is 1
test,/`|!fOPNRqK3  >_q,Check sum is .
test,at-q_~$,Check sum is T
test,"vYDMglB|U"";tOw,AE+dauDO%v/OdJ0;#dY",Check sum is 9
test,":n,_@d6XAS|$<jR9w8O]__
5D^D%zI~""UAQ/Z""9:m2$(wZ",Check sum is 1
test,!|njyK5,Check sum is N
test,",9U-ZB}!`{w)Dmm9E",Check sum is X
test,`A.@kz:/<UBv<?M*,Check sum is 8
test,?bM(0zK3@EpX}b)^a8RO;aC^?C@+F_/59,Check sum is 7
test,C1CB#Y&#k4VV`,Check sum is I
test,"^Hh? .Y<!uW54rGVbOoG"">$m@%Ti0I'4e)fys]\t=ctm:]",Check sum is (
test,06P(Gi5,Check sum is #
test,"'s,	?RAS+j*FU'&9oX=zO.Ea,A
A",Check sum is M
test,"=Z|,I.n3}(dXQY:,sQ%bM",Check sum is @
test,dPg~SsU2:,Check sum is @
test,@Z9tb/Y=ZL.'{\1,Check sum is Q
test,#J$gTy]x1jZ5Tvr'4i gyO~5q'W)mT$fgWjlo+i4m#Qa-:OA;,Check sum is H
test,E^P:RJ=D?`%nc}t[f-*U*GPI'D,Check sum is R
test,"q[EK?I:vD4FPi6b:X,c5__&0c*Z	>GuhT2L@6m pH",Check sum is L
test,";?
#!JgW0S u:FT-}v;.O:RP",Check sum is P
test, HtF`f/k1=yPd<C0~BCg]+ ,Check sum is >
test,kU^dkB11T#~L-&<Bx7-^.>10kQ6k.+u~RN{*!k=o>B,Check sum is 0
test,-Ik]jM(9V412#ZeF,Check sum is K
test,M\I	IC=d@k@T$.?L9T<1,Check sum is ^
test,)*<J&T|J~[,Check sum is R
test,"b=dtna~2^+`Cy,",Check sum is '
test,"77X}'	WP#1fk>d,o{9
J)mJ+tN>;)np0>wX')PpZDIKID3W",Check sum is G
test,\>!8(TYbp;I5Vi~U/oVp5oCdrJ,Check sum is 0
test,s7;yw9H$(!rj S	n?81%W};[G9,Check sum is  
test,e;ku9\AOWtRw}e'(7KxoL DlI,Check sum is X
test,"!zSk/WHZDnPZu$=*G /+k'NHW)b_33{~9}5P""9Z)^",Check sum is =
test,"][""dR-h#""J]-Mi3	{5B/!`$9/,olQJa`5GQj<dm^F",Check sum is I
test,XluP@$ wq,Check sum is U
test," 

<wzk]z]s!*7?$5KFw8Qo:/9gXeX-B8",Check sum is 2
test,"2\wq}#?qn/B$BBZq&Yct<(jq,p!/Eg7gsJJg2l!/.
;#0!x6",Check sum is 4
test,	pJaet,Check sum is ]
test,".h0r1;~S*_
a3",Check sum is <
test,^|KHI:u2@>$C\L;6ZyjC'g?uj_/Q hj`$~W#={\f	r\/fk,Check sum is ?
test,S8,Check sum is +
test,j`_i8!fiN	U.hWLCVmUq2.O1Z.bb6TmuqYc>@,Check sum is N
test,7Nr@W	/^bd\a#s%|N $8GeYkI&^s,Check sum is 8
test,"{*])
.7? I_+x~ebId!8gFa=",Check sum is :
test,xNPXQ^htZ!f_i4}kXe)JE={kIl'^Hkm$A_()wHfQ%^CQx4kMtK,Check sum is U
test,"U#VGkQn
/4++xF{<(Q[kZf96M$[}|S(S\
]d j'|;A^",Check sum is F
test,").;,*.&-\`(TuI2gGG>>R8]uT*HfrP.'NP4WL3F<t_X7
m#c",Check sum is J
test,"tb
3C#^5}a4A9'>Mu",Check sum is _
test,"/_5DRHP>Gb
ta7\~\vw7='
,1~$X:A\>_J6(G&`RNSHb&",Check sum is Y
test,{4,Check sum is O
test,Pi:;Mj{Xmie1n>2'^OmC9bm,Check sum is .
test,"sf:Tp_""4i
Bt!K,^z&L/;1@i^er",Check sum is 0
test,x;.PJ,Check sum is [
test,Y.s222DR7{lq>wJF7X9$~<7:W6,Check sum is >
test,Ttkq)~C:?@<bQk4br_z3bY8@/,Check sum is 7
test,iYMe|\,"Check sum is ,"
test,"B4dR&[v@DINU[3ydkQYH""",Check sum is ]
test,"cKn\LTJ/Bn2	RjiSuNf@""vE",Check sum is Z
test,~I%]J<D)	W,Check sum is <
test,":3P	@
V*^G[I(TBu=?(@p]",Check sum is ]
test,lGBvx1:hbn+?P-b<u#ne2	}lG$\j\Pqpbgw_B@xy@$,Check sum is .
test,7LK <*tm#k n\JK;rv[Aqh;:$gVs},Check sum is @
test,"+jG;W}.Y}o)-2k&HCJ""/_lX""qj
",Check sum is '
test,Wkb7zMOMsr@ O`!B3;YbM:r+,Check sum is B
test,"4`X=_PPM5019] ""##/_](K.^>*Y",Check sum is 4
test,"D-@""HlE-'';RB/Z#(SI'eRFo&)l0/7DnMM",Check sum is V
test,&dNwzV+Y	 UL03vyh,Check sum is G
test,"7Pj4K{n9\)s,GK)/F{_$dLP
XX((Fvw&\(giMaZWFun\_Fz|N4",Check sum is <
test,"+DQ	D%^
4@+BoWN",Check sum is /
test,"b3If/mklazw8S= S(^9;h__jLgl<
8Es2yL	^tV?(al",Check sum is _
test,NO-p'Vu_,Check sum is +
test,}$YoX,Check sum is !
test,"""LA6}K{sv=1QFQ806:DPzctLTpZ[rOg+ ",Check sum is <
test,",#$[~0w\tX}rW:BJvUHz^K;U}X,
Pe]55wnQ
qL4X",Check sum is ]
test,""",{~'Q({^7W9eeMTUZv.x",Check sum is ]
test,do^MkmKl]MpX>aD$%PG+;GPQhB=@!7kedsg,Check sum is =
test,oU:<@9`8!/Wuz*Ce9<Q=,Check sum is V
test,FTC uy`#Q4+lIA4|(Iw;'h*X&}E,Check sum is @
test,)!\BKrHg!@JFk7\@@~8OnH\D69-IN\b0^?	+.j?	P=`13r6R c,Check sum is ^
test,mP=N~ZFv/QcG]%rA+'mGJlPlxp'R:c!IH8^X8~j1)1!\Fkqr,Check sum is -
test,]L,Check sum is I
test,+M4TeN61Jh_QN4jD7EI,Check sum is Q
test,"#P2K17H[bd#w""-9:qI|1+fNsb~H5,z6CZhRO",Check sum is U
test,"G+"">:Jssh(4CQ7GEvWV~)%!",Check sum is G
test,"!!^^!# O0L 	XR
ZDu)&_",Check sum is +
test,"O57'{|uc5dA\O	i$oi7(:2c@Z165F[0(T3Lg""BUgx.6x",Check sum is O
test,CL{*ZrJ3X<qg8MAi8elG	,Check sum is Q
test,?ZWJiJ.}s,Check sum is +
test,"o;Gr=x(?kJ0p].C0 *RI'E%944"" M>[>*[v<ilhe",Check sum is H
test,egu,Check sum is !
test,"'i
yi Q",Check sum is M
test,)0L*gDC+ACncp5j/I@IJ6p,Check sum is ]
test,"?
czA>=U8uu`
%CfBn==MFN:",Check sum is 6
test,G1jv$g(#-P2[|qXwF3'z@y\bA|,"Check sum is """
test,0H2%sfd#&@,Check sum is 5
test,slOkTh,Check sum is 5
test,H@;xBAKGl7*Tbz[qDvk{m	5t]m95,Check sum is 0
test,"{}58)A~Url1S9	e@s7yaf[0
h%/<",Check sum is B
test,"mym%.5Z`lXs8Egm}g$q$+3NlXTB>{}D;nj		,/",Check sum is Z
test,zmvrMB,Check sum is >
test,"V/s}a SLbLeA}[~^t|b)<,{k.Vf=g",Check sum is T
test,"!c,ft9JtR39	pz6}>OE",Check sum is W
test,"^,
`w~9F/+J:n
JYHu",Check sum is >
test,"^t&fbC>:`ltwi,V{+=9.RKhD8""7`>g9;zkS;_F#+%pk H:i ",Check sum is +
test,VjC_l]\YgqD+hmcG!GlL@FxD>h\,Check sum is *
test,"cj""-evYab){MAyD~'{ph",Check sum is Z
test,GuzWd	<C3g6-|96noIm;33maYz 0.*J#*[y-%Ak),Check sum is P
test,jY/Ix4!{Z+qBP;5nazt)h1#f=F8 M.`{6 7-}})rHr>-p)d,Check sum is E
test,KUr[>>!sx(!agU-]Zg{(EW1]~~F0dM3	!\/.FJ,Check sum is \
test,"a0x2	+VxT""9\(HN2Bdx. )B""14L/GKG>`""A,Q",Check sum is H
test,Ti&F3`5\SJl|Q7w4Q~7:LOOn,Check sum is =
test,IPO!{{(3B}U9!?m,Check sum is T
test,"+j-l3Oz)Kn0.x-Tog>+\z&W/iy$2IeKk)h,*\F.^d",Check sum is Y
test,zkJ6F,Check sum is K
test,>Iqq+*Q)bs^wxc_60Ycsf>&}gkX/=$;t*#qPz#',Check sum is S
test,2	S&{|>5t!zHOBJWI9sy,Check sum is 5
test,|^,Check sum is :
test,2q),"Check sum is ,"
test,\`H|?>jC9B~NANLZn7`7jL[K]O>v@qx~EL< xk{-r,Check sum is O
test,"sg.OpAzQ{f/Q/X^
r2a,Qd9","Check sum is """
test,kdF>6#3%^`U_FvOZ5JKg>stW[!lV_h24IO_PRk.'[L5,Check sum is H
test,"Or""AsM[	SG%wLbF{Q	<6oV$aKmGn|",Check sum is L
test,yJ}QVqoq]&^87BTP]y!rOp<`7.MNk[4%]P,Check sum is ^
test,"Y_0l&81<q}oLm.ak0$Ma6+K(62/	Pb\k#Iy^
=we",Check sum is $
test,?~U&R4+]P'0*d,Check sum is [
test,"5b40c}e2^G&yk

#8	)U
8n}b2q{dxLE%[M",Check sum is ^
test,"h|V=d*ZJ?=VI-Mr!5+=xRl_F;EG2up
oPy[xM\<s",Check sum is 4
test,"Idf&eZRx,h=FsxF1722}Qv#>(",Check sum is C
test,"y,`z:J1iz;i.W|^et221M\.9=?r/~# ",Check sum is V
test,T/R%')vOdV`nZ:lUo\K;{<5jyGD/gy,Check sum is F
test,"aN!'C6+`+~Aj
",Check sum is 9
test,"aWB1A)g
HeQj1r@o>DDkk$w2 z0qax*)r8
5#@jF(V7NqO) j7",Check sum is Y
test,"v5QNr;4>@.08E/&*_pr@9D""p9Z=(17fk
",Check sum is .
test,rI+Zu?#mca/,Check sum is W
test,"RcXj""L",Check sum is E
test,"L]YS+Qb:lN/oxB^K5["",Dw=Kr}om=.R
I4xN}L",Check sum is G
test,\w<w5~a	r47BjBG<O14\x)gj;xBDT'qN^K;p*m9W_Osk[,Check sum is (
test,vMh'}914hDhxBRe~G#60dN+y*h3B]1D/7mE']Z$8F5NKw$,Check sum is P
test,*0VYs s3ZV'>Sd\.!?,Check sum is X
test,";7HZq?""fZE;DzzVFjA=?9` YX~{&se]z/9",Check sum is !
test,"S,/	+ly=|Mx&BN4|O~?6?oQ.Y"":n}wc",Check sum is 4
test,AVH$-QSBz_Zh'/e<X?:-3%H_x\SVcJ|xpJ,Check sum is ]
test,"qntgAZ`}\^y9EBMznX}<F!Nr.V:;6d?NI
TtVq""T|[V:k",Check sum is <
test,0]`D-t1huavYAcq)FJV5r)Zc^0b7lkgTEJX1wa}blJ,Check sum is _
test,"g`4x|}@/}f`FRMk,myWvB@GMb3I>g>",Check sum is D
test,"iDiq
p{&",Check sum is B
test,"KSk$k)uOGL;-(o/,R",Check sum is $
test,"X=nC""GSYO=-rR!IV%ruZ|y<eFM*fkXP",Check sum is *
test,"sUY]*vM*+MD,4[F5_\pSFV5)WkAbl>',d<vIACI`%B",Check sum is 4
test,"]`+4su	r=<QhggVY5e[<:?K^,q?P$.$k!n:",Check sum is 7
test,XO[AD:BZBGfp{(bJRbo\O%cBK\^Xs>a=R2C/b%;N|=luvG,Check sum is L
test,?o+Hz:IEfs?K5nDhIm.QUlhr'\)VzWOwvj,Check sum is >
test,"[mcseceq[>lsp#Pdju""x
Uy|d	C-fC;l	5",Check sum is S
test,"djQS>""BiwxLjC%*RELkb.ZKK3JU_=",Check sum is P
test,"t|]N.=!f#>v,EW$I3","Check sum is ,"
test,^uh?Q$\esvzF/8m8|ng,Check sum is V
test,"!jc
MT;6",Check sum is *
test,+Kh]@Ob..U(oYu<dFrVv7)A,Check sum is '
test,7@bgBN/K%9K4'f	o{<G<5%^IUm~ZZ$<_\vI)RO#Z&AO	XE,Check sum is 8
test,"1*$LIBSX
`sMBDXrTjEYf\b3#Cy&pBYo</#=NU4",Check sum is /
test,"90
x(9pqBoWvO7=qf_?",Check sum is C
test,~}'xv1D	q?rR%PImxtR/O)\kKW_cyqAc	~Jp9la4:`e%4Kp:,Check sum is 3
test,_n4f8pkLS-PWcX,Check sum is H
test,8gzw&.)ObR`M6,Check sum is S
test,\)zLG>\#,Check sum is /
test,"/ENGN#2ApUbxb2zFpy<c(c RQGh&3?FL(d@y	,_@,ZYu[>",Check sum is 5
test,bsDEUfVie~	yyLno9I-GmJ^K!*IWAi@9A)Mq%O4|I6~,"Check sum is ,"
test,[76aMGV~\/U\,Check sum is -
test,P*,Check sum is Z
test,"fKs-xs19yo
z_q^05lF(lRfh8 oOh;~L+ad|
fa0zwbNLK/Sf",Check sum is ;
test,YSXelsS_%9H^E/S`#^	,Check sum is O
test,2c4E=y,Check sum is $
test,f~n4+8{p,Check sum is 4
test,"mU,C9J/Vn$ % S64x|820ylQf,u$G{M}\g0C}(e",Check sum is H
test,"+F#
E6CWb",Check sum is 5
test,"iKGN)7C`x)n.to
pz8/LM7cy{B4x5iwG(""?u",Check sum is V
test,"{#?h!U7x1WEuBBNfaaE>u**LTo)9%o
{'[z]bk\1ee}:p	9jH",Check sum is 4
test,",C>xqMpY_crok	h\4I:/`]k45)X%vOR53U4QdK9",Check sum is E
test,"^\l?7OA*f)0->,0[obp""0d2)/6i8:P3)",Check sum is U
test,wGBfY89ES2xlXb3[x,Check sum is >
test,_uSCk#a5+>f7= -IQIRB=,Check sum is 2
test,"Z63ywL[:ehLxFnzmR&u/P4i:YgLiJjR'|tsF!U,V",Check sum is &
test,"\)B^=xj-,/u`6&V",Check sum is 3
test,"-c:X`oM 9""30WcB}%]LX2xoh~rQuZdr{^v	o&",Check sum is /
test,"cFB@Y*]6_pl+QQ!kv{+
G#\@<pORx:Q;3L|`elu%C:=*,",Check sum is B
test,"|5r5daly=g+Xp#7B@5	HH+k%\PCEZL2~{[+B S%o
l",Check sum is (
test,"""~jljPm0R!A?pU)b",Check sum is 0
test,Byba.{!6KOh 7jub4<)G%#__[AXGsMD,Check sum is ]
test,".ZMc&;!7,)P^d&`0\*0g&",Check sum is 1
test,".[zf$xQ]~w3An?+,R[mMB6#)r[Q6""r|4<w~_}&T",Check sum is J
test,"v(TG9xl461$NMtWlv""Yp$XRP@Z	?5{P",Check sum is (
test,WN-gvO3S}[[^ehVPN{.87'1d\,Check sum is &
test,)(+_vd:1Hj=TcV,Check sum is <
test,"-0i	!/TX,KR?
",Check sum is =
test,Nke]pcllfBJ\aQEN=piG^c\Xk~ktb|J90;&-]r:fQ&H'ZlEIp\,Check sum is G
test,"b#>|XWFv&^d,i`{u\8x;",Check sum is ^
test,"Tw(+1/j{fyh14hOe
dGA4x
]5_1X'Z&^6Sb(5y",Check sum is 7
test,"n!""55
1VAoUPtGu!",Check sum is 2
test,:VBY.s4+;7kW.O^X{Na\wzo!3X!?=u.,Check sum is D
test,"h17{5g'n,*L	v~]~yE?Nq
}Aw)Cn &5Pm*_8&",Check sum is J
test,N3~c>:q{oa,Check sum is 6
test,"uw,>b-VE,~kx|2u5Fk+eQd
6Xn_;0",Check sum is K
test,9]3Os]p.n-HDzWy;61#X`9g;j	E@&M_g.,Check sum is N
test,"Q6
g}*S?vY54]{j	uwr>RbT*nr7#@V_K$A+w w",Check sum is :
test,8mZ}GEn%9^k$#L|i,Check sum is 5
test,"An,TW2o2)P6Ht]; M@vjpn/;bk!$X",Check sum is ;
test,"i}$L9l2%yI-/=1ynh?^
Xt",Check sum is @
test,nH]PcF(,Check sum is T
test,"YR""?(R0q8kK8-at1Wo7",Check sum is ]
test,<LM:wGP#l,Check sum is L
test,gmgB'0pst;^.;}}$Ie,Check sum is Y
test,OXN\~;qqtef`[y<Dla\\C+bH&Al LLDb=jvE/f,Check sum is D
test,"F2oXzcwt[`3(_YU ,syP.zQN",Check sum is Y
test,",<_)/u	<O]QbQU4B`pV",Check sum is Z
test,"`BI
yBz7ofG0cRP-ON*\1Ts""c[h7Lf
+^+-~sa2",Check sum is :
test,&}roJtJ^r#mZz_vu[NodJ zZo4f]N0FXw^'?	b,Check sum is L
test,"}C@>,,Gy,nA~",Check sum is O
test,"Z apxNt\d68/&I}&JME3jN(u4:
c#mVqQ^ui",Check sum is 7
test,q{v)m,Check sum is X
test,O0X1Nzdc34Vw&,Check sum is Q
test,"s""^ZuCW&ZS APc*4L2!_nW&3KIE16.a%j4uiS-CN+~/ji@6?",Check sum is >
test,"Td@wrZ5=-'_wR[.e
p(-aZ}Vr+Z#L'Z]L.GbNa8;]vu2(""",Check sum is !
test," &-,{fpo5""",Check sum is V
test,}<j,Check sum is C
test,"YDUOB:#XH+cGA]z
NKWy.'Vj^",Check sum is 3
test,".*hs4K:EDk7/~b(y+('aSxJ/DgH%nD6V^/RJ8""JD_o\>",Check sum is U
test,L@OHYaz}z+S)u;s{m66IDVf,Check sum is U
test,"@I3GQ/VOx3x^G>$""4)~krht_K  ZEo?!&adN9om.jw>8]:%u#",Check sum is '
test,a7Y,Check sum is Q
test,j>B6i,Check sum is )
test,XxZ,Check sum is J
test,K%`*!Ozm	ZV,Check sum is *
test,]I7D9,Check sum is :
test,H:%Xk2NiI,Check sum is <
test,zd'<eqg~TY~>)Nx4JB~/s,Check sum is T
test,"v\:vd,H~JPAg-,!Sceivr!Lxl)`Md@",Check sum is +
test,"%_Ap_	)wisaI	>q]`,""D-y<$+2btq-",Check sum is A
test,Z)'r]#DFVNyhmFS5')f#&<n%VkFJ,Check sum is %
test,"y]h
Ndw`M.fU]Q+M\5
d?:",Check sum is E
test,G>gss1OV$)}#,Check sum is 5
test,h\4=,Check sum is U
test,"xCl&BPmh4>v[ .iQj	<C%&pATM Re&+|*0<g</)3r,QL\D&""",Check sum is 9
test,"J[
)v?),H8",Check sum is B
test,"OF#d~xA,'F6dV-1Mfz^_MX<(gA
{SL>b@",Check sum is 9
test,"j2x4LpitSOo/q,K{eM]k}cn""'I,,w(dk#J
",Check sum is ;
test,"aGm+9^s m#|#L{""u/i>|aM0o@xq%.kP""kmkD",Check sum is V
test,xu`IQQ(,Check sum is @
test,2jJZ:cy5*0INi/qxw!,Check sum is 5
test,"Tj~%5&{o!)6m]j9k\$]IfUEucTG>J},loAD",Check sum is H
test,iEEZTRT.]xhm^3A\`>g|7>K,Check sum is .
test,"bE_Uu-;ZV>5b<jDOA
[",Check sum is <
test,`TMkIT-)Hj,Check sum is 1
test,"I~wa*|>D>Aw*tH06]T""w62wAZ5o[NWL7A`[40ba",Check sum is 7
test,-HR^1&Z+!24Kjxx9C)-s~/H&0!PHS*.}+,Check sum is )
test,:L ,Check sum is F
test,.~X6,Check sum is Z
test,\H\s,Check sum is S
test,"-Hhw7XcX[1cR_u?0eT^Fd7g[D|E^3*@mq4bOSS=i
=""Y",Check sum is M
test,EmdB;!T%]8V){7GsN/yp=buD`]tVjwX@+8;xwpS,Check sum is [
test,GE`G,Check sum is S
test,6xkUYnU7c[YQ9Yr>W=JoS!MrshZYY,Check sum is 2
test,"b,rhu4Hdl=F!6l",Check sum is O
test,"J`wbB+DrL	8D[?Rc>\x""eI6vK}O-nVM#","Check sum is ,"
test,".@E""=bQRon=SA-!",Check sum is 3
test,")G,D*Viz5k	=myr<yre_+(pneBKic6Q?RRk]ks{Rl?gL%""",Check sum is =
test,"Mp
^(cW}[q9`6l6""c&(`].j)B&%7s"".SaTJ#`fDk8*",Check sum is E
test,fz6Q8rOQ>0&fjwRV-&G}/.|xjel!JFY hZdc-,Check sum is W
test,h%R%&}g%hnnn,Check sum is E
test,=2E;4=QUWDw`)l\y	!1/+h,Check sum is _
test,cI',Check sum is 3
test,h(<+Q(Vu0eR| w1=.,Check sum is 1
test,"V|""!rN/[",Check sum is ?
test,"`nv^kR@QnKNiL0-X(m""81io&",Check sum is _
test,"xWMNv!CGr>R'
]<EF,dd<Yd20.U>KJW{ps~-\I","Check sum is ,"
test,4PMiG|7VisAX&15I\R&/}5,Check sum is )
test,"5b4,v+l}}Og}_
v<yg",Check sum is L
test,FFuk^z&l$AU/{+NxU}MQa!sFiw+XN[TK,Check sum is !
test,1U5OnsEfOyAHO3WJm+\;(-o,Check sum is ]
test,kmxcI/{y~=6nw6l_Q=#S&LNR4`c]=hFu(v?}k,Check sum is %
test,"a~""$PR@]|$Wbs/	q.6`WIohYGL*p&MvxpCribptC~k-0Om1",Check sum is %
test,"DOhS#Sx	""A",Check sum is H
test,(X?pR\$*K8,Check sum is N
test,"pb`3G96go7kI*1)'AGV$*uXsashYfx_[""VcaT",Check sum is P
test,"Ele}([OmBjgX_4r26,5l9z7C%Hl13EY*?Jw/[QfZ}1<1",Check sum is ?
test,rEzm&t[P_N7hISEm,Check sum is ]
test,"xHq/ux X^\Cn%G""1T)F~6OX?[p2_&$kcSzCt1RF",Check sum is -
test,6{q\!k0,Check sum is Z
test,CD_y q5solO7r,Check sum is K
test,^a,Check sum is _
test,"5aSCxHw
7|E@(?Fc5qq~zT;Ap\BY>U6zJy4q!,V;U,""u	.]os",Check sum is 2
test,830 q,Check sum is L
test,yRC7Do,Check sum is X
test,H2~~2gC4,Check sum is &
test,"!H!ChR.*ea
;s2XfDi&-nSf""FX/C-Ye^E6gUj7@yRb",Check sum is T
test,UH!^S;(Hco,Check sum is L
test,"=E$+""6XJtKS-]GS8KG@+%B",Check sum is =
test,@p(H*#[z,"Check sum is """
test,cGM210Q*P~4f]5|$4)$eAwp*'<'yYk(v?$+,Check sum is *
test,"r^G3(T
f_Xuh[cR1%5yV/os9Xt8DyZxV#C/f-c$Cq>",Check sum is (
test,"i1DAtzX#
uU J]uMPLX?8}Q1e''","Check sum is """
test,"NC-5%8OCL	1oczO.]z""?FCuhl.
zv",Check sum is C
test,"-4_""E\i(9UG^5t*;d$u+Cr,UpBl8v`t",Check sum is 3
test,"tah_RsCqcI)WU6C;+^j""wX[CpjOG(G#J	fI41",Check sum is U
test,/3le,Check sum is S
test,/IeS<Pu2-vs8k0?6TEZ~_U'j|+\j#1Q[5j}P=KP'_!upK3D3,Check sum is I
test,e:9pq=PHNDgy>0=2}	mu=+,Check sum is M
test,"sUnq	ca:t
TM=wRGnl.c5)Y8d+G ]",Check sum is '
test,(MS^bIvi=[L8;W1\Yx%pS2,Check sum is 6
test,">0KGj0/W>@Us*(!J$,N@V:ikw_Y$aQBOi@a12;K'(sg",Check sum is 7
test,[y821(:;j{rsj\R`/l&F,Check sum is 5
test,"z)um4*`q{$fvY,eg\*.%I\q|$",Check sum is /
test,"?|(J8	1*2? (f2eYuXy,duk5/crms)(^:eX[kn?M:?zTL/",Check sum is /
test,"
g!
]5nv{#=4#Ky=E",Check sum is *
test,$a02&` }}o=@b>|LL0c#v(Y,Check sum is 4
test,q<^Y4~yKelk9.s>	,Check sum is W
test,sc1n@[k5PyNyc)!W\=<MB+T=\pNZklmpRv,Check sum is 4
test,"D ghr}Q}FK}""C><(e=a_a@f'1''c&/
Sg_E",Check sum is T
test,"SZHG
r*1!6-Ya8",Check sum is )
test,ZzrHKY	W#9s4Tw.g3`q}a8Lccp!F_bnm	>/pv|.0sd,Check sum is A
test,x6#f#]>Ar2;CPeZf,Check sum is -
test,"WDq=Fcl'/599*h{IzS+,#9s$25""p9409}M)
WWfn_=~NRT'T?;",Check sum is 9
test,Q^<%!m&O4Hu!i816I	,Check sum is _
test,"cV$
_",Check sum is &
test,"-W@?@QY"">-JW
F""LfR~PWUV(vw",Check sum is V
test,&>[Q].\bm	`;0	%)]j=9F,Check sum is T
test,"3K^_Eh\6Xt7nM/bA@n
0z/7*",Check sum is \
test,3[Gtq!ns:Z]`9!w5Rx ~'Ssqk7qFlt'|U,Check sum is *
test,uE$Z3r,Check sum is =
test,Wy$fh|+Bv,Check sum is A
test,KTT_>$-\=^?9svE~sfZ7m,Check sum is 3
test,=6 o|[XINGXkZS7?blh#9$ZPZrM,Check sum is N
test,"v 9$}055@vwO,{A4!*:'R^jkOs,w$tvz\ZZaL`Z;%
('\U",Check sum is A
test,"gc=WBa=nn|g-7,	/4?yQ","Check sum is """
test,"ns#""",Check sum is F
test,"s&v/c\	%Ls""_(dO$ET&ug>M*	"";'K<H\",Check sum is R
test,"3f3\ 7ZNrx*8w$~~MlF\yCmis1!)},}8+G*XD",Check sum is [
test,Bv	rq%]p(O#},Check sum is M
test,;yS~X7HVY+Qk9Lt9,Check sum is D
test,"v@d|&~""x<IAqhdTFF@+hSS|aLc_FKeV9W,w dF/]J!",Check sum is ;
test,"L6)KmIX&2X
>=M<$#>E","Check sum is ,"
test,"1$1(M	=rg|kWD]kV<*fv{6]u9 Q{Zl}3]GQP02r{""zAfc}",Check sum is 1
test,"RWzokUPZk{\tZ[4Y7<dLR	.([#9UR(Q""Tf1N^!'+AXb#8.	",Check sum is 8
test,"_pkh	oVjFQ(5kKw{&zW7cWyQ
",Check sum is R
test,"2UWSK)B.0|@DG,POO=YBfGnpCl88aJ(/]GVK3WO+",Check sum is S
test,-YQX4c9c%v$	]j[[,Check sum is G
test,"XX9YsH?([/<w91g!{EX.<?isX&(wlQ!>O'
KiT1uX[}JC4",Check sum is (
test,"+wXqj[D-b4{OqN!C}?9IGsZN9S
*o;zcol]#
(#t",Check sum is O
test,"0+inIn5-O'4( BdUtA""pE2RxG*+]B
D",Check sum is )
test,js|;8giR\32i\#yET)o<i1qG5cV.	lC~//tPiw&jpIWJFW)Dt,Check sum is +
test,"o-U-:?K|IiMU1%/|(g\gg	9SLLpx8:tpe0$!T""#>~Mj",Check sum is ]
test,"t^[v
*fqd9i>4w$Yx;H=w<ta!9b+",Check sum is !
test,.[EaZ69,Check sum is X
test, ETZ[.lCYz3,Check sum is 1
test,a!p6PC,Check sum is [
test,4QdWm}a\78&\e2`pI}\'?&4gx.,Check sum is N
test,BL}$da3Icsc] zNIIB&oh*8rYW,Check sum is #
test,GSa`,Check sum is ;
test,Gs:)OG{A	Gg!VxXDzV,Check sum is !
test,"o#|_c4!2=BjZk=G:u1xn$8fUR.v/L~>Zf|d""ejXUDus@9@",Check sum is V
test,"z_9^~n/@WB!bsW_Qg-n06>o0Z,*""C|Xv""nt'c*L_4QxsCe",Check sum is  
test,!X*q(9B%0V5{),Check sum is [
test,UL -GKNV$+TS`GGs#n4;pN1:CgUA79q],Check sum is B
test,gD 3rQ[^LYW(MQ<wt,Check sum is C
test,f-j<bM^],Check sum is C
test,qd.]}jj5	G:7X{AO>7*`CYs=n!8^iu)8(^+4kf/xJs1 ]4[F&I,Check sum is %
test,"YD_9L4~%)]G0vfKbM.Oc[m-_vlT]HpI""zv|*55!|D6I}F3kH+#",Check sum is L
test,MC&P2pF+i	{yx&U^V`0dr5+Uy:.iju,Check sum is J
test,HE[}$CC',Check sum is V
test,"U5/m!7S
{G:J+Eq-O""y~e'U",Check sum is X
test,">JT{1H8iJ?x&FU5u\flo1I&KWrim"">s",Check sum is 7
test,:\U,Check sum is K
test,"x.N8y)s"">={+xB%	s[)rw
2PP/d$SfU+4}Coog~x3@Y",Check sum is 3
test,"""t]whm5~lg bGyyaXHs0+J7]hD`1XH",Check sum is *
test,M:WH$ !nt Vc-kXQ;dNvb#f=NAhT[3`}A?-+P]_1&J_<hi,Check sum is Y
test,"f9e,_z1L=yvf
A",Check sum is C
test,"XOl@Damgon$Q]`2Ae	+R""([hV](E$vj]q""h","Check sum is """
test,\S US*[&4`uxrIaM2&S/ny0rmpG!as*u2~P,Check sum is G
test,*S7>0>klKf ] [UeE,Check sum is ?
test,"n'
51k+"" RV
)",Check sum is X
test,"%
'Pul051o`FTr)ejXXV-9gA:.!K_x9@li
>)|",Check sum is J
test,"OaRyk=q|QEb\ w:wj""Z`0",Check sum is B
test,",""~}zIQC3TBsq0""j",Check sum is )
test,.5IN(IfiCkcC:Y\V`A/jDXdo6{y,Check sum is F
test,"x6B2RUVpd&})
:c{-=*eFZ6U
P3V,)d5AZn4e<UpP/4twZY",Check sum is *
test,P!PL.:MvCXUnfdI?,Check sum is H
test,	H8>!2|A/N(68nKr*,Check sum is _
test,"JF1SQLVp%qT!J
\0_kkD",Check sum is ;
test,=HRagYcNH.A7E8|3V7Za^I,Check sum is R
test,S(RUh-q$?'WFBT`x`e?[iA,Check sum is &
test,X|*i4:J7%\Q,Check sum is H
test,z%d{x!9fjg]n:3m#q(8_,Check sum is _
test,Gd8DgH3r;Kv3GL8,Check sum is U
test,+tR_Hc[,Check sum is 6
test,'x=%~oDaba.)pC#DMh#,Check sum is ?
test,# {~vLEPS~A|4N9F3:GL]	NI&lne:yzr<?m:S,Check sum is 8
test,n9,Check sum is G
test,caj%A#(9u#E}d/0 ]1\99}#_/tpLz,Check sum is )
test,wo}`zm^mh!UEw95W6:>&q@4hX[}6sj}=g>9CcZKy,Check sum is 4
test,Y^+a=,Check sum is  
test,5vh6N,Check sum is 7
test,"$i$p C46{F&F<Vk_$*p,`qjRDT |60U\;f%LiM0pU1",Check sum is G
test,"O?pL7^}e2Ne0}|k,x1:Tq;+",Check sum is T
test,"R-Z_,vO>ZE`4 hx&sn:g-U",Check sum is $
test,"d|{Z+,""gJdg}!""D!0zuxrrKH#wWJ=`jW$ Cv,i",Check sum is (
test,JLr[OX}O8/pUFJ,Check sum is 2
test,"R""[Is~sej81|=o$Xd *GW}W6aGAsQ[",Check sum is V
test,"C3z""}`i`NUQ4nNzL::&dTn@Dga<CBd|",Check sum is /
test,"*FXOsE-E
Ij$TT%S@>YCG(z=>00R4Jx8<S!CTjbF",Check sum is Y
test,"c_SGrywBg""9mhX""",Check sum is 1
test,n[,Check sum is )
test,"Br76PZ4o(""B%(7,.]%*1ba,H\~XdG[>TK9m6iC
C",Check sum is 6
test,"`8LCTi#bREsi=Cp'(ZkgL0f,xey/K=l{YA
JD",Check sum is [
test,-E-.sp,Check sum is P
test,"@j
m.*eQGn`Z	9VAMcMb|LqZa.#x0Yy-rjs O_",Check sum is ?
test,"G}1""[:-?t`o::ZRBVy~2.qf
Z6rFx^h",Check sum is 1
test,"qt0	8#,bVp*h|<YkZ,BXL%!rpc?LLJw1+:o<#4ZUY+KW/+la6e",Check sum is 9
test,""":sY*z_}Beq~wnER""-8Y*pDhIfa%,'Q:|OOWes",Check sum is \
test,"$()4f;D,%i+'ikz27d`G1['XBn%%2YfWWT+N6'3",Check sum is =
