set,input1,output1
train,,Check sum is  
train,	,Check sum is )
train,"
",Check sum is *
train,"B
","Check sum is ,"
train,"

",Check sum is 4
train,"

















































",Check sum is T
train,                                                  ,Check sum is  
train,ssssssssssssssssssssssssssssssssssssssssssssssssss,Check sum is V
train,"CD
CD
CD
CD
CD
CD
CD
CD
CD
CD
CD
CD
CD
CD
CD
CD
CD",Check sum is 7
train,"x
y x
y x
y x
y x
y x
y x
y x
y x
y x
y x
y x
y x
",Check sum is &
train," 
 
 
 
 
 
 
 
 
 
 
 
 
 
 
 
 
 
 
 
 
 
 
 
 
",Check sum is :
train, ,Check sum is @
train,!,Check sum is A
train,"""",Check sum is B
train,#,Check sum is C
train,$,Check sum is D
train,%,Check sum is E
train,&,Check sum is F
train,',Check sum is G
train,(,Check sum is H
train,),Check sum is I
train,*,Check sum is J
train,+,Check sum is K
train,",",Check sum is L
train,-,Check sum is M
train,.,Check sum is N
train,/,Check sum is O
train,0,Check sum is P
train,1,Check sum is Q
train,2,Check sum is R
train,3,Check sum is S
train,4,Check sum is T
train,5,Check sum is U
train,6,Check sum is V
train,7,Check sum is W
train,8,Check sum is X
train,9,Check sum is Y
train,:,Check sum is Z
train,;,Check sum is [
train,<,Check sum is \
train,=,Check sum is ]
train,>,Check sum is ^
train,?,Check sum is _
train,@,Check sum is  
train,A,Check sum is !
train,B,"Check sum is """
train,C,Check sum is #
train,D,Check sum is $
train,E,Check sum is %
train,F,Check sum is &
train,G,Check sum is '
train,H,Check sum is (
train,I,Check sum is )
train,J,Check sum is *
train,K,Check sum is +
train,L,"Check sum is ,"
train,M,Check sum is -
train,N,Check sum is .
train,O,Check sum is /
train,P,Check sum is 0
train,Q,Check sum is 1
train,R,Check sum is 2
train,S,Check sum is 3
train,T,Check sum is 4
train,U,Check sum is 5
train,V,Check sum is 6
train,W,Check sum is 7
train,X,Check sum is 8
train,Y,Check sum is 9
train,Z,Check sum is :
train,[,Check sum is ;
train,\,Check sum is <
train,],Check sum is =
train,^,Check sum is >
train,_,Check sum is ?
train,`,Check sum is @
train,a,Check sum is A
train,b,Check sum is B
train,c,Check sum is C
train,d,Check sum is D
train,e,Check sum is E
train,f,Check sum is F
train,g,Check sum is G
train,h,Check sum is H
train,i,Check sum is I
train,j,Check sum is J
train,k,Check sum is K
train,l,Check sum is L
train,m,Check sum is M
train,n,Check sum is N
train,o,Check sum is O
train,p,Check sum is P
train,q,Check sum is Q
train,r,Check sum is R
train,s,Check sum is S
train,t,Check sum is T
train,u,Check sum is U
train,v,Check sum is V
train,w,Check sum is W
train,x,Check sum is X
train,y,Check sum is Y
train,z,Check sum is Z
train,{,Check sum is [
train,|,Check sum is \
train,},Check sum is ]
train,~,Check sum is ^
train,",/",Check sum is ;
train, b,"Check sum is """
train,"[""",Check sum is ]
train,z;,Check sum is U
train,Zh,"Check sum is """
train,3b,Check sum is 5
train,!4,Check sum is 5
train,Zo,Check sum is )
train,F',Check sum is M
train,x(,Check sum is @
train,91,Check sum is J
train,sR,Check sum is %
train,2@,Check sum is R
train,N6,Check sum is $
train,Nr,Check sum is  
train, P,Check sum is P
train,K3,Check sum is ^
train,Px,Check sum is (
train,@x,Check sum is X
train,tl,Check sum is @
train,$e,Check sum is )
train,)7,Check sum is @
train,7W,Check sum is .
train,Ng,Check sum is U
train,5~,Check sum is S
train,PI,Check sum is 9
train,1a,Check sum is 2
train,49,Check sum is M
train,"!,",Check sum is -
train,py,Check sum is I
train,w2,Check sum is I
train,rA,Check sum is S
train,Ph,Check sum is X
train,G;,"Check sum is """
train,;;,Check sum is V
train,-V,Check sum is #
train,ji,Check sum is 3
train,G-,Check sum is T
train,	$,Check sum is M
train,lc,Check sum is /
train,dj,Check sum is .
train,?b,Check sum is A
train,yU,Check sum is .
train,`2,Check sum is 2
train,l),Check sum is 5
train,ez,Check sum is ?
train,M),Check sum is V
train,p4,Check sum is D
train,1q,Check sum is B
train,[n,Check sum is )
train,'V,Check sum is ]
train,Qf,Check sum is W
train,bM,Check sum is O
train,#A,Check sum is D
train,ZC,Check sum is =
train,VSc,"Check sum is ,"
train,($b,Check sum is N
train,X*+,Check sum is M
train,8we,Check sum is 4
train,+l~,Check sum is 5
train,]'L,Check sum is 0
train,p0`,Check sum is  
train, 0C,Check sum is 3
train,HYt,Check sum is 5
train,8ni,Check sum is /
train,5PD,Check sum is )
train,~[R,Check sum is K
train,UIS,Check sum is Q
train,z!u,Check sum is 0
train,I 	,Check sum is R
train,[$#,Check sum is B
train,'.N,Check sum is C
train,H	N,Check sum is ?
train,\w$,Check sum is W
train,O4',Check sum is J
train,_rk,Check sum is \
train,WB2,Check sum is +
train,"N"" ",Check sum is 0
train,%;i,Check sum is )
train,3.K,Check sum is L
train,WCx,Check sum is 2
train,}U7,Check sum is )
train,	^X,Check sum is _
train,0E3,Check sum is H
train,g:5,Check sum is 6
train,5c[,Check sum is S
train,nY9,Check sum is  
train,Cu1,Check sum is I
train,8{',Check sum is :
train,I`W,Check sum is  
train,@*},Check sum is G
train,V:M,Check sum is =
train,@L|,Check sum is (
train,|K-,Check sum is T
train,VA&,Check sum is ]
train,2nS,Check sum is S
train,"g:,",Check sum is -
train,Ie*,Check sum is 8
train,H\f,Check sum is *
train,"Z`""",Check sum is <
train,;.{,Check sum is D
train,I6z,Check sum is Y
train,+h=,Check sum is 0
train,4(v,Check sum is 2
train,{%!,Check sum is !
train,"FJAh>uk&""
,$s~feNGC=<(<nsZFRAh+(KuW1x4/sSM-nRl",Check sum is (
train,"@N1Fx3q7#aubzK;?SAfvvb!OknAVN0'Io,+&^",Check sum is 2
train,"eZa^T_{&
$",Check sum is  
train,H?MAQ5S{sIqv1,Check sum is ]
train,N*=d`fc4};x v~^,Check sum is 8
train,"E3
Bd/7;tIg/%	`c\Wh,Am/v.ll5",Check sum is B
train,"CZ>~O)*R03e@drsf^VR7cUHb(r]
*;dyfs*""GRpyVz",Check sum is =
train,"_
	3#aRRLPMM+/- tD",Check sum is B
train,"YFU""-T[dBPS|tlSlaCV'!G=Q98wKaVoh405=",Check sum is $
train, <,Check sum is <
train,{.3`JY,Check sum is ?
train,]b((Yr;dpa0\>7#LiPI)$w-v'I#[Sz+-%S,Check sum is N
train,fRW	:vMzBrt|VSiHLnjGr]C/c_xDNV]5 jkx,Check sum is :
train," Z ""@\u2 ($A[CG;]'I]ITr",Check sum is %
train,y}M6<[lS_Z5+#sAP/ [/auWB)WlNOEvZv?B]_aJPZBg6Nme,Check sum is \
train,")bww1-^
WX%wld#d+_M	zk",Check sum is F
train,8qw0DJo|>~8F-$qgPcKuS[RWrB?C,Check sum is L
train,"_V7KSe<y7doU'Vx6DY$TQno(
W5%#]Nz",Check sum is <
train,"mE9
^i~osx<634$!",Check sum is R
train,}wy<,Check sum is I
train,"_VYlw!vlhV=AmGMu>fn4jrn/RK;E>` \|&[""M^82BPtO_JM6m",Check sum is ^
train,")j8vl2(hORK8_+Wq.b3W#:+\ks&t(Y`0""Xnmi\8HB79rS",Check sum is ]
train,AkNDG]_tsD~I<(nx]>,Check sum is 8
train,"]=hdWG6Mjqt""[26FV
Q?a6XW ",Check sum is 7
train,"8H5\%:$'(4hhlx&""@f=5fPK+^)<",Check sum is :
train,"""D
'03e+Zf(f3L{mE<4_hGvbv/<-en!7	ro9",Check sum is V
train,iLC	N&Ew+3#! glHZyaZ.Zs,Check sum is 7
train,K[2?#%<V=	 +]\$iY,Check sum is A
train,+4I@Q,Check sum is Y
train,"{-,DTlsu5cz{",Check sum is -
train,"4jsnp!gEU
MZdm[Ju=#~""xnX>jCk~bc5kKm81I0~1=",Check sum is J
train,R+>N%Hj*qYUi}dgW`ie!cEH0J,Check sum is J
train,nox-4@s76Vht*c9+~W1gp <Cs#jlObd,Check sum is V
train,pr=A+y;,Check sum is _
train,"st%
,;`(",Check sum is %
train,~P\,Check sum is J
train,"4\,Yf/,oUZv%3
2LZ6ovn9gWcwiF}z<I~q>^k%lXEyZt",Check sum is 4
train,).XcfvHI19x`wOqV1`0qK2J,Check sum is '
train,"u
E(33@W3u2}j|?9Ot@cmyU",Check sum is _
train,"J v,QU!1
#o><a)pl9FN",Check sum is -
train,"G<>3!@-?kTGCD}JFZ}Pc5muWz[E""L~;=V8a/9q_)",Check sum is A
train,"AJw
Jt46WLW`4v5n+#2ta
Yg(wS]-U-/:M'Nxe_#J/LwW!""Fw",Check sum is 5
train,"'}b4C%*	y1Fh9aTy,J+_s2r`}+*pBZ9_\,lKgJMui]Tle",Check sum is >
train,WM]V)dL9w~0;;=f3o#B4`O.q~RI'\{|-P~y,Check sum is W
train,"=8EL}5dl1/~9oA:""WF]Du$3-Ssm]I!%s2WL+4O%Q'3rH6J4",Check sum is U
train,wX,Check sum is /
train,"L)^a
:X@Lj][ea3);?%?po0d`~nAxE%Ea]F$",Check sum is -
train,n@kh):^ilypi7xHbRno0J|2[-=?L.?G'={84rM\Z,Check sum is =
train,*0s(-$NqR4<,Check sum is '
train,"uH>eR,(2t_JEF!p{#ggoV{t}M 71]JJ7Ze+jh",Check sum is '
train,"qf(+_c4AJmfSwp,^hbfCnPF1_W$zKYXTvc/$XyYcc",Check sum is J
train,"/b; m-8jl]	)-,|$\7*6YfT}~0*x
0ib|",Check sum is P
train,"`71P:<,aeUg# 5U",Check sum is )
train,+(CX}w+Op]6tcP{NUu5NG\QLtf,Check sum is V
train,")#Yox/ &K}eK*V""Z5lLQuZ2sk`x{YJz@@
LY|(1 (,?3?7wS",Check sum is L
train,};-Nqz$&cS&[\,Check sum is [
train,k30(smBrVHiM?GrF^-~+0L\(y,Check sum is )
train,]YVWEnb%`7%5jy9O]89XX\^w 'HE\,Check sum is 8
train,mtEH]uRb7.-`=.	y:=	7'.k|ZJ]Z`UI'tJ=oF1N{r	~BK,Check sum is V
train,93E dl|JlFiF@	e}gn%(&oP,Check sum is Z
train,K:=#:GNz3 Jc[JFNnUd\0txej,Check sum is 5
train,)u-%}LUb8ny,Check sum is /
train,7Kx[vm%\o4nw,Check sum is !
train,"RL!~|e202CoL,61o,~rTrAWfCB*Otag8:&6w'I>u^%QU",Check sum is =
train,e*0	.	h.p	B+8D-),Check sum is -
train,"/>u*QuLz@5bfdJ
HkZQT`+s@",Check sum is ]
train,"h}+ka9^;l5i@Z0&g)0V]83kZ~;nu{K""Ltj
	zqu(DRp-x=a",Check sum is =
train,Pq&:4[[ +n%R,Check sum is [
train,")8rH
2lA&v4&5dz3(UG8`eU90v@q?\<z/
%qYo1-w^",Check sum is !
train,"+v""YiBY",Check sum is @
train,mg`Lf3s^sR},Check sum is L
train,D.odxKCA.v'	\N1K|C-OwK|YB!fsd`,Check sum is 8
train,"(JkkJG`Mf""Z{7KLm7@Q(+3#b?5'ig{G-:]][\w-nyE9",Check sum is _
train,\aiC(,Check sum is 1
train,"*O@X'Id#}#v^U5KSm{-<de9xOC=K""{q",Check sum is 7
train,"$hz cOCH.L8pjxJw+/8W""/CO}sIC",Check sum is P
train,1iX1Rka'.@O.q	Pn%:yP>?4{R@DC;`quYQD;Pns,Check sum is 3
train,"NJ""d`r^},`eGwS5oh.HJ	o%QbTTC$};= ",Check sum is -
train,b0#Wyaw&}&rcD[\IZc@z`4iO3z9ZL~e.=Z-Mr5I1vC,Check sum is *
train,"
TdB7K2Gkth17>T>	(!Qp5KW?>d7-V:1Usd",Check sum is :
train,ar[VE(`?c5&K|VuJGT;@QpuI,Check sum is _
train,9~)(y4h+ypL:{#B0,Check sum is '
train,"2AN9aU#YK^OvV!
y]gB13
>6?3:lU	UW6g",Check sum is [
train," /BN;Bn%$T4u6,L:(@jiF$+Ga",Check sum is P
train,"*i'zkm:3N&\Fa""8Y{*)+?Va.J
i.o dywS
]'.O3t4",Check sum is '
train,"<7$u
xr-?zq_'|G?H_6_8RZ'9u}17i@$rGq3_Y#`",Check sum is >
train,"uF:18Wu6K5o""Tz43TK3(Z&[]4pE|QRSr`'4/Pc^Dy+xPL0^qc",Check sum is ^
train,I!1w~ UZTgc1'9Eef`nj0{'cQd%s( #!8`e&jeQE:DKGRb,Check sum is P
train,"M.
{",Check sum is  
test,8b,Check sum is :
test,	<,Check sum is %
test,;-,Check sum is H
test,{:,Check sum is U
test,gQ,Check sum is X
test,9(,Check sum is A
test,hj,Check sum is 2
test,y.,Check sum is G
test,wo,Check sum is F
test,<],Check sum is 9
test,%[,Check sum is  
test,9y,Check sum is R
test,pz,Check sum is J
test,!A,Check sum is B
test,ox,Check sum is G
test,q7,Check sum is H
test,{J,Check sum is %
test,0f,Check sum is 6
test,wA,Check sum is X
test,~Q,Check sum is /
test,Ww,Check sum is .
test,o%,Check sum is 4
test,",^",Check sum is *
test,:&,Check sum is @
test,k6,Check sum is A
test,2y,Check sum is K
test,.V,Check sum is $
test,XI,Check sum is A
test,@C,Check sum is #
test,1O,Check sum is  
test,j ,Check sum is *
test,80,Check sum is H
test,1k,Check sum is <
test,^?,Check sum is =
test,N_,Check sum is M
test,]z,Check sum is 7
test,"n,",Check sum is :
test,57,Check sum is L
test,xK,Check sum is #
test,Il,Check sum is U
test,If,Check sum is O
test,K1,Check sum is \
test,$n,Check sum is 2
test,yQ,Check sum is *
test,$x,Check sum is <
test,X;,Check sum is 3
test,^l,Check sum is *
test,@$,Check sum is D
test,p5,Check sum is E
test,t=,Check sum is Q
test,GQ,Check sum is 8
test,US,Check sum is H
test,LO,Check sum is ;
test,ON,Check sum is =
test,=),Check sum is F
test,",0",Check sum is <
test,;l,Check sum is G
test,oW,Check sum is &
test,4W,Check sum is +
test,o?,Check sum is N
test,`U,Check sum is U
test,XY,Check sum is Q
test,Y),"Check sum is """
test, a,Check sum is !
test,A7,Check sum is X
test,dG,Check sum is K
test,:W,Check sum is 1
test,P',Check sum is W
test,lX,Check sum is $
test,E=,"Check sum is """
test,5K,Check sum is  
test,\h,Check sum is $
test,4p,Check sum is D
test,B ,Check sum is B
test,X_,Check sum is W
test,U<,Check sum is 1
test,ZW,Check sum is Q
test,z\,Check sum is 6
test,TC,Check sum is 7
test,xc,Check sum is ;
test,nn,Check sum is <
test,YD,Check sum is =
test,%1,Check sum is 6
test,7W,Check sum is .
test,Q;,"Check sum is ,"
test,;=,Check sum is X
test,~},Check sum is [
test,i),Check sum is 2
test,n^,"Check sum is ,"
test,Sa,Check sum is T
test,:],Check sum is 7
test,&\,"Check sum is """
test,x{,Check sum is S
test,Xi,Check sum is !
test,P0,Check sum is  
test,5;,Check sum is P
test,7X,Check sum is /
test,>`,Check sum is >
test,?.,Check sum is M
test,|Y,Check sum is 5
test,ZG,Check sum is A
test,x],Check sum is 5
test,=z,Check sum is W
test,kn,Check sum is 9
test,1G,Check sum is X
test,FE,Check sum is +
test,5d,Check sum is 9
test,6),Check sum is ?
test,5k,Check sum is @
test,cs,Check sum is 6
test,L},Check sum is )
test,#C,Check sum is F
test,Ji,Check sum is S
test,<!,Check sum is =
test,>|,Check sum is Z
test,PM,Check sum is =
test,NA,Check sum is /
test,We,Check sum is \
test,"
	",Check sum is 3
test,C	,"Check sum is ,"
test,BL,Check sum is .
test,<0,Check sum is L
test,&e,Check sum is +
test,9(,Check sum is A
test,Z=,Check sum is 7
test,br,Check sum is 4
test,48,Check sum is L
test,5i,Check sum is >
test,yl,Check sum is E
test,g	,Check sum is P
test,^>,Check sum is <
test,*[,Check sum is %
test,",u",Check sum is A
test,T&,Check sum is Z
test,>8,Check sum is V
test,\f,"Check sum is """
test,=F,Check sum is #
test,%X,Check sum is ]
test,"""J",Check sum is L
test,@m,Check sum is M
test,65,Check sum is K
test,x@,Check sum is X
test,*5,Check sum is ?
test,]5,Check sum is 2
test,nw,Check sum is E
test,@R,Check sum is 2
test,V;,Check sum is 1
test,`1,Check sum is 1
test,IO,Check sum is 8
test,nX,Check sum is &
test,=%,Check sum is B
test,w%,Check sum is <
test,e@,Check sum is E
test,VX,Check sum is N
test,\e,Check sum is !
test,QP,Check sum is A
test, F,Check sum is F
test,@*,Check sum is J
test,ef,Check sum is +
test,/Q,Check sum is  
test,/[,Check sum is *
test,Db,Check sum is F
test,93,Check sum is L
test,l	,Check sum is U
test,0z,Check sum is J
test,Pm,Check sum is ]
test,eE,Check sum is J
test,3:,Check sum is M
test,6\,Check sum is 2
test,8n,Check sum is F
test,dY,Check sum is ]
test,/X,Check sum is '
test,M6,Check sum is #
test,",q",Check sum is =
test,M\,Check sum is I
test,8G,Check sum is _
test,r6,Check sum is H
test,"
}",Check sum is '
test,~U,Check sum is 3
test,}},Check sum is Z
test,t],Check sum is 1
test,4n,Check sum is B
test,Im,Check sum is V
test,p&,Check sum is 6
test,HW,Check sum is ?
test,c7,Check sum is :
test,+W,"Check sum is """
test,9y,Check sum is R
test,vJ,Check sum is  
test,YQ,Check sum is J
test,rw,Check sum is I
test,QJ,Check sum is ;
test,?r,Check sum is Q
test,TB,Check sum is 6
test,Jp,Check sum is Z
test,Lm,Check sum is Y
test,k~,Check sum is I
test,a',Check sum is (
test,=/,Check sum is L
test,-~,Check sum is K
test,aX,Check sum is Y
test,<c,Check sum is ?
test,7-,Check sum is D
test,_i,Check sum is (
test,r4,Check sum is F
test,",h",Check sum is 4
test,W\,Check sum is S
test,8B,Check sum is Z
test,N8,Check sum is &
test,XZ,Check sum is R
test,5J,Check sum is _
test,j`,Check sum is *
test,Bo,Check sum is Q
test,(l,Check sum is 4
test,*j,Check sum is 4
test,L^,Check sum is J
test,a;,Check sum is <
test,0o,Check sum is ?
test,LP,Check sum is <
test,l5,Check sum is A
test,>b,Check sum is @
test,D ,Check sum is D
test,~=,Check sum is [
test,Y3,"Check sum is ,"
test,E7,Check sum is \
test,Jy,Check sum is #
test,f ,Check sum is &
test,"(""",Check sum is *
test,a/,Check sum is 0
test,"f
",Check sum is P
test,@4,Check sum is T
test,0/,Check sum is ?
test,=C,Check sum is  
test,NW,Check sum is E
test,zd,Check sum is >
test,'f,Check sum is -
test,~Q,Check sum is /
test,H.,Check sum is V
test,$e,Check sum is )
test,sL,Check sum is _
test,<',Check sum is C
test,+b,Check sum is -
test,c+,Check sum is .
test,2G,Check sum is Y
test,6$,Check sum is :
test,2P,"Check sum is """
test,p_,Check sum is /
test,IK,Check sum is 4
test,gK,Check sum is R
test,8z,Check sum is R
test,#!,Check sum is $
test,*x,Check sum is B
test,Bh,Check sum is J
test,]?,Check sum is <
test,	Z,Check sum is C
test,?t,Check sum is S
test,bl,Check sum is .
test,8~,Check sum is V
test,kj,Check sum is 5
test,z(,Check sum is B
test,.=,Check sum is K
test,`O,Check sum is O
test,4g,Check sum is ;
test,&',Check sum is -
test,'(,Check sum is /
test,e],"Check sum is """
test,On,Check sum is ]
test,i~,Check sum is G
test,LS,Check sum is ?
test,TM,Check sum is A
test,u=,Check sum is R
test,jf,Check sum is 0
test,||,Check sum is X
test,.=,Check sum is K
test,qT,Check sum is %
test,!H,Check sum is I
test,v7,Check sum is M
test,f|,Check sum is B
test,Kn,Check sum is Y
test,En,Check sum is S
test,o<,Check sum is K
test,;w,Check sum is R
test,%[,Check sum is  
test,"P""",Check sum is R
test,z<,Check sum is V
test,hV,Check sum is ^
test,aA,Check sum is B
test,I3,Check sum is \
test,4Y,Check sum is -
test,O|,Check sum is +
test,+r,Check sum is =
test,uX,Check sum is -
test,2i,Check sum is ;
test,"|
",Check sum is &
test,@k,Check sum is K
test,39,Check sum is L
test,wV,Check sum is -
test,Vr,Check sum is (
test,|X,Check sum is 4
test,"""u",Check sum is 7
test,jt,Check sum is >
test,xp,Check sum is H
test,!',Check sum is (
test,vj,Check sum is @
test,wz,Check sum is Q
test,;p,Check sum is K
test,g8,Check sum is ?
test,?',Check sum is F
test,wF,Check sum is ]
test,^7,Check sum is 5
test,Aq,Check sum is R
test,%8,Check sum is =
test,",V","Check sum is """
test,`q,Check sum is 1
test,_j,Check sum is )
test,}>,Check sum is [
test,0T,Check sum is $
test,<V,Check sum is 2
test,yk,Check sum is D
test,q&,Check sum is 7
test,j[,Check sum is %
test,)v,Check sum is ?
test,_i,Check sum is (
test,CE,Check sum is (
test,-Y,Check sum is &
test,fu,Check sum is ;
test,@#,Check sum is C
test,I},Check sum is &
test,5:,Check sum is O
test,I4,Check sum is ]
test,tG,Check sum is [
test,?=,Check sum is \
test,5n,Check sum is C
test,WD,Check sum is ;
test,$1,Check sum is 5
test,mJ,Check sum is W
test,"I""",Check sum is K
test,(A,Check sum is I
test,gm,Check sum is 4
test,l1,Check sum is =
test,xr,Check sum is J
test,e_,Check sum is $
test,1E,Check sum is V
test,ai,Check sum is *
test,H},Check sum is %
test,f\,"Check sum is """
test,pV,Check sum is &
test,T*,Check sum is ^
test,"2,",Check sum is >
test,'{,Check sum is B
test,sT,Check sum is '
test,|^,Check sum is :
test,?-,Check sum is L
test,"i
",Check sum is S
test,	J,Check sum is 3
test,$p,Check sum is 4
test,}x,Check sum is U
test,;2,Check sum is M
test,#.,Check sum is 1
test,Bs,Check sum is U
test,Jk,Check sum is U
test,7T,Check sum is +
test,u\,Check sum is 1
test,P?,Check sum is /
test,s-,Check sum is @
test,U ,Check sum is U
test,/	,Check sum is X
test,	S,Check sum is <
test,g:,Check sum is A
test,<N,Check sum is *
test,ir,Check sum is ;
test,6n,Check sum is D
test,)-,Check sum is 6
test,o(,Check sum is 7
test,UN,Check sum is C
test,	>,Check sum is '
test,"G,",Check sum is S
test,qc,Check sum is 4
test,yi,Check sum is B
test,BQ,Check sum is 3
test,Vt,Check sum is *
test,@E,Check sum is %
test,);,Check sum is D
test,Cu,Check sum is X
test,H(,Check sum is P
test,]Y,Check sum is V
test,'0,Check sum is 7
test,x$,Check sum is <
test,B!,Check sum is C
test,Wo,Check sum is &
test,^6,Check sum is 4
test,2O,Check sum is !
test,aE,Check sum is F
test,M),Check sum is V
test,mI,Check sum is V
test,4>,Check sum is R
test,m:,Check sum is G
test,"""{",Check sum is =
test,Vz,Check sum is 0
test,; ,Check sum is ;
test,^8,Check sum is 6
test,bU,Check sum is W
test,sQ,Check sum is $
test,>F,Check sum is $
test,E>,Check sum is #
test,x1,Check sum is I
test,1v,Check sum is G
test,js,Check sum is =
test,@?,Check sum is _
test,UE,Check sum is :
test,-C,Check sum is P
test,u<,Check sum is Q
test,CT,Check sum is 7
test,A?,Check sum is  
test,h{,Check sum is C
test,&a,Check sum is '
test,/^,Check sum is -
test,Is,Check sum is \
test,*k,Check sum is 5
test,j2,Check sum is <
test,#`,Check sum is #
test,do,Check sum is 3
test,c^,Check sum is !
test,"A
",Check sum is +
test,C-,Check sum is P
test,[.,Check sum is )
test,"""A",Check sum is C
test,z5,Check sum is O
test,#F,Check sum is I
test,Au,Check sum is V
test,@v,Check sum is V
test,~+,Check sum is I
test,^(,Check sum is &
test,_B,Check sum is A
test,8P,Check sum is (
test,b5,Check sum is 7
test,@%,Check sum is E
test,/C,Check sum is R
test,60,Check sum is F
test,$-,Check sum is 1
test,;J,Check sum is %
test,"G
",Check sum is 1
test,PF,Check sum is 6
test,Q#,Check sum is T
test,	M,Check sum is 6
test,=a,Check sum is >
test,$j,Check sum is .
test,5~,Check sum is S
test,Bs,Check sum is U
test,&!,Check sum is '
test,1|,Check sum is M
test,aK,Check sum is L
test,OZ,Check sum is I
test,q:,Check sum is K
test,:},Check sum is W
test,BK,Check sum is -
test,xW,Check sum is /
test,}*,Check sum is G
test,P*,Check sum is Z
test,":
",Check sum is $
test,3?,Check sum is R
test,OO,Check sum is >
test,Y$,Check sum is ]
test,`},Check sum is =
test,=:,Check sum is W
test,#~,Check sum is A
test,s5,Check sum is H
test,fL,Check sum is R
test,5A,Check sum is V
test,-{,Check sum is H
test,k&,Check sum is 1
test,"A
",Check sum is +
test,n$,Check sum is 2
test,`k,Check sum is +
test, o,Check sum is /
test,>b,Check sum is @
test,4T,Check sum is (
test, J,Check sum is J
test,"',",Check sum is 3
test,a_,Check sum is  
test,2u,Check sum is G
test,M!,Check sum is N
test,y.,Check sum is G
test,#;,Check sum is >
test,rn,Check sum is @
test,x7,Check sum is O
test,{t,Check sum is O
test,#F,Check sum is I
test,==,Check sum is Z
test,0o,Check sum is ?
test,Hi,Check sum is Q
test,Js,Check sum is ]
test,"
6",Check sum is  
test,o|,Check sum is K
test,yZ,Check sum is 3
test,K.,Check sum is Y
test,?*,Check sum is I
test,bT,Check sum is V
test,ai,Check sum is *
test,E&,Check sum is K
test,|tU,Check sum is %
test,zP3,Check sum is ]
test,_S~,Check sum is P
test,*2N,Check sum is J
test,+4<,Check sum is ;
test,K<M,Check sum is 4
test,<)E,Check sum is J
test,[Gd,Check sum is &
test,]Ws,Check sum is G
test,/!i,Check sum is Y
test,c#*,Check sum is P
test,g6H,Check sum is E
test,][L,Check sum is $
test,Nnq,Check sum is M
test,"7,`",Check sum is #
test,2l2,Check sum is 0
test,VUN,Check sum is Y
test,M`B,Check sum is O
test, oy,Check sum is (
test,"*F,",Check sum is <
test,}H2,Check sum is W
test,D:p,Check sum is N
test,9!-,Check sum is '
test,hPi,Check sum is A
test,7v/,Check sum is <
test,5bN,Check sum is E
test,y8F,Check sum is W
test,PM8,Check sum is 5
test,?|m,Check sum is H
test,Yon,Check sum is V
test,NF ,Check sum is T
test,J&6,Check sum is F
test,{2=,Check sum is J
test,z88,Check sum is J
test,psO,Check sum is R
test,"hj
",Check sum is <
test,n;?,Check sum is H
test,"
g%",Check sum is 6
test,-G{,Check sum is O
test,@I|,Check sum is %
test,2mA,Check sum is @
test,G:$,Check sum is E
test,ML3,"Check sum is ,"
test,Q^-,Check sum is <
test,x5f,Check sum is 3
test,1rI,Check sum is L
test,"Y>,",Check sum is #
test,",Ya",Check sum is F
test,g=G,Check sum is K
test,bd8,Check sum is ^
test,Tu*,Check sum is S
test,dD@,Check sum is H
test,CbW,Check sum is \
test,22U,Check sum is Y
test,>fU,Check sum is Y
test,Rcd,Check sum is 9
test,%8{,Check sum is 8
test,nii,Check sum is  
test,:(:,Check sum is <
test,"""//",Check sum is  
test,8fi,Check sum is '
test,cu.,Check sum is &
test,FzC,Check sum is #
test,/b_,Check sum is P
test,Yul,Check sum is Z
test,LtI,Check sum is )
test,NXc,Check sum is )
test,".,;",Check sum is 5
test,"""<w",Check sum is 5
test,+8$,Check sum is '
test,"U[,",Check sum is <
test,aH:,Check sum is C
test,L[c,Check sum is *
test,-9g,Check sum is -
test,i:l,Check sum is /
test,$\F,Check sum is &
test,H)S,Check sum is $
test,.WD,Check sum is )
test,s6w,Check sum is @
test,!RI,Check sum is \
test,NeV,Check sum is )
test,?tx,Check sum is K
test,% I,Check sum is .
test, |R,Check sum is N
test,O_^,"Check sum is ,"
test,X@K,Check sum is C
test,D/	,Check sum is \
test,6ec,Check sum is ^
test,)8M,Check sum is N
test,V1G,Check sum is .
test,K}1,Check sum is Y
test,=ql,Check sum is :
test,]dq,Check sum is R
test,US;,Check sum is C
test,l3L,Check sum is K
test,L$v,Check sum is F
test,p6},Check sum is C
test,1%E,Check sum is ;
test,=G!,Check sum is E
test,&o(,Check sum is ]
test,BYY,Check sum is T
test,(J2,Check sum is D
test,wt+,Check sum is 6
test,^9^,Check sum is U
test,]o+,Check sum is W
test,ed;,Check sum is $
test,0bN,Check sum is @
test,-qx,Check sum is 6
test,=6O,"Check sum is """
test,-}f,Check sum is 0
test,sy>,Check sum is J
test,"s""2",Check sum is '
test,"
GY",Check sum is J
test,.%M,Check sum is @
test,8}	,Check sum is ^
test,;Vn,Check sum is _
test,=}3,Check sum is M
test,EX{,Check sum is 8
test,Zq\,Check sum is G
test,jf6,Check sum is &
test,EPt,Check sum is )
test,:ke,Check sum is *
test,"Ca
",Check sum is N
test,L6B,Check sum is $
test,&nc,Check sum is W
test,pO0,Check sum is O
test,!_m,Check sum is M
test,"$
y",Check sum is G
test,N<L,Check sum is 6
test,xw/,Check sum is >
test,K2T,Check sum is 1
test,"""30",Check sum is %
test,P_q,Check sum is @
test,.ye,"Check sum is ,"
test,I)	,Check sum is [
test,"
c+",Check sum is 8
test,""",1",Check sum is _
test,"""6r",Check sum is *
test,eDj,Check sum is 3
test,rO:,Check sum is [
test,"mo,",Check sum is (
test,VP/,Check sum is 5
test,3y},Check sum is I
test,)i&,Check sum is X
test,^7b,Check sum is W
test,>qv,Check sum is E
test,"Qv,",Check sum is S
test,lwl,Check sum is /
test,wR ,Check sum is I
test,"
]b",Check sum is )
test,a?I,Check sum is I
test,TNN,Check sum is P
test,"""'3",Check sum is \
test,QFH,Check sum is ?
test,dnD,Check sum is 6
test,=wZ,Check sum is .
test,+k3,Check sum is )
test,iy[,Check sum is ]
test,kFw,Check sum is H
test,-BY,Check sum is (
test,"""a-",Check sum is P
test,H?/,Check sum is V
test,!c+,Check sum is O
test,K&`,Check sum is 1
test,_Ki,Check sum is 3
test,;Mu,Check sum is ]
test,!}|,Check sum is :
test,H.X,Check sum is .
test,7d&,Check sum is !
test,h+H,Check sum is ;
test,`Wb,Check sum is 9
test,$jA,Check sum is /
test,$nU,Check sum is G
test,tOa,Check sum is D
test,.}+,Check sum is 6
test,Fr},Check sum is U
test,$9b,Check sum is _
test,oV{,Check sum is  
test,&6w,Check sum is 3
test,)UX,Check sum is 6
test,^n0,Check sum is \
test,AL*,Check sum is W
test,iXZ,Check sum is ;
test,_ u,Check sum is T
test,LmJ,Check sum is #
test,PN[,Check sum is Y
test,"G""k",Check sum is 4
test,CvP,Check sum is )
test,y(x,Check sum is 9
test,-Qa,Check sum is ?
test,Ijs,Check sum is F
test,9I),Check sum is K
test,z=R,Check sum is )
test,G[:,Check sum is <
test,	z7,Check sum is Z
test,mhe,Check sum is Z
test,j*1,Check sum is %
test,d|_,Check sum is _
test,7kP,Check sum is R
test,ZNe,Check sum is -
test,+k),Check sum is _
test,;sf,Check sum is 4
test,@wj,Check sum is A
test, +9,Check sum is $
test,:@d,Check sum is >
test,8#5,Check sum is 0
test,W!F,Check sum is ^
test,OY`,Check sum is (
test,\x3,Check sum is '
test,)f{,Check sum is *
test,Bn?,Check sum is O
test,zDQ,Check sum is /
test, LQ,Check sum is ]
test,s)-,Check sum is )
test,ulE,Check sum is F
test,v}d,Check sum is 7
test,*\1,Check sum is W
test,4_f,Check sum is Y
test,G`<,Check sum is C
test,q	',Check sum is A
test,u x,Check sum is -
test,"""(4",Check sum is ^
test,n6T,Check sum is X
test,[RA,Check sum is N
test,3{B,Check sum is P
test,oNw,Check sum is T
test,"Zf
",Check sum is *
test,r$7,Check sum is -
test,@%7,Check sum is <
test,./B,Check sum is ?
test,N!x,Check sum is G
test,GNw,"Check sum is ,"
test,J];,Check sum is B
test,2aC,Check sum is 6
test,!DT,Check sum is Y
test,v]K,Check sum is >
test,HVR,Check sum is P
test,e(z,Check sum is '
test,[rj,Check sum is W
test,?zu,Check sum is N
test,..],Check sum is Y
test,QFh,Check sum is _
test,%!@,Check sum is &
test,@Vo,Check sum is %
test,dUF,Check sum is _
test,[w/,Check sum is !
test,P!F,Check sum is W
test,Y}O,Check sum is E
test,ch?,Check sum is *
test,\9b,Check sum is W
test,tR.,Check sum is T
test,Ecm,Check sum is 5
test,TNv,Check sum is 8
test,Ri>,Check sum is Y
test,lEE,Check sum is V
test,"*D
",Check sum is X
test,FD(,Check sum is R
test,m@V,Check sum is #
test,	%],Check sum is +
test,DAB,Check sum is '
test,F[G,Check sum is H
test,`4*,Check sum is ^
test,bNJ,Check sum is Z
test,gj2,Check sum is #
test,wd),Check sum is $
test,Gn],Check sum is 2
test,"G""<",Check sum is E
test,h>	,Check sum is O
test,"P&,",Check sum is B
test,"Ds,",Check sum is C
test,M)x,Check sum is N
test,qkv,Check sum is 2
test,>\a,Check sum is [
test,"*t,",Check sum is *
test,W'd,Check sum is B
test,~}N,Check sum is )
test,f;+,"Check sum is ,"
test,J(Y,Check sum is +
test,Ii$,Check sum is 6
test,Y&u,Check sum is T
test,\Z4,Check sum is J
test,p:X,"Check sum is """
test,3%_,Check sum is W
test,T'y,Check sum is T
test,MOm,Check sum is )
test,G[l,Check sum is .
test,J~x,Check sum is  
test,L-\,Check sum is 5
test,%4k,Check sum is $
test,0p],Check sum is ]
test,>@	,Check sum is '
test,R>K,Check sum is ;
test,hbS,Check sum is =
test,IQh,"Check sum is """
test,P2=,Check sum is _
test,Q*%,Check sum is @
test,z/Q,Check sum is Z
test,q	E,Check sum is _
test,<xX,"Check sum is ,"
test,"N
7",Check sum is /
test,1jM,Check sum is H
test,\Ep,Check sum is 1
test,jo-,Check sum is &
test,o9m,Check sum is 5
test,nIo,Check sum is F
test,(_j,Check sum is Q
test,$/W,Check sum is J
test,5Wd,Check sum is P
test,In4,Check sum is K
test,%OH,Check sum is \
test,:Q4,Check sum is _
test,(8F,Check sum is F
test,S~X,Check sum is I
test,IfQ,Check sum is  
test,7+h,Check sum is *
test,gVM,Check sum is *
test,",]G",Check sum is 0
test,yI+,Check sum is M
test,e7K,Check sum is G
test,2?w,Check sum is H
test,kX~,Check sum is !
test,m.f,Check sum is !
test,p^|,Check sum is *
test,>gf,Check sum is +
test,8T#,Check sum is O
test,l`],Check sum is I
test,+ix,"Check sum is ,"
test,1:|,Check sum is G
test,L 1,Check sum is =
test,>Zt,"Check sum is ,"
test,:	4,Check sum is W
test,D*G,Check sum is U
test,pyE,Check sum is N
test,q w,Check sum is (
test,"	g
",Check sum is Z
test,ZxI,Check sum is ;
test,EXF,Check sum is C
test,?);,Check sum is C
test,YQo,Check sum is 9
test,txA,Check sum is M
test,9t~,Check sum is K
test,-Mp,Check sum is J
test,NP4,Check sum is 2
test,u7e,Check sum is 1
test,cZ(,Check sum is E
test,K[5,Check sum is ;
test,X>4,Check sum is *
test,0Fd,Check sum is :
test,".O
",Check sum is '
test,P?8,Check sum is '
test,]D=,Check sum is >
test,GQq,Check sum is )
test,kz~,Check sum is C
test, l8,Check sum is $
test,",t-",Check sum is -
test,x)k,"Check sum is ,"
test,rd6,"Check sum is ,"
test,?+p,Check sum is :
test,f>N,Check sum is R
test,#Ja,Check sum is .
test,R{d,Check sum is Q
test,QO*,Check sum is *
test,{<K,"Check sum is """
test,7K^,Check sum is @
test,y<K,Check sum is  
test,@!w,Check sum is 8
test,;1p,Check sum is <
test,;nU,Check sum is ^
test,Ztr,Check sum is  
test,>a7,Check sum is 6
test,rv8,Check sum is @
test,bkz,Check sum is '
test,inf,Check sum is ]
test,\M6,Check sum is ?
test,-kj,"Check sum is """
test,}%%,Check sum is '
test,E#%,Check sum is -
test,>Vz,Check sum is .
test,.!2,Check sum is !
test, 3=,Check sum is 0
test,_Kv,Check sum is @
test,2$V,Check sum is L
test,Y|B,Check sum is 7
test,it.,Check sum is +
test,"H_""",Check sum is )
test,/pX,Check sum is W
test,57Z,Check sum is &
test,S5$,Check sum is L
test,;ja,Check sum is &
test,kXc,Check sum is F
test,DvL,Check sum is &
test,@=H,Check sum is %
test,-8[,Check sum is  
test,i%5,Check sum is #
test,Mc/,Check sum is ?
test,	[G,Check sum is K
test,n93,Check sum is :
test,BBx,Check sum is \
test,g^	,Check sum is .
test,O=y,Check sum is %
test,@LR,Check sum is >
test,`vM,Check sum is C
test,T3m,Check sum is T
test, g-,Check sum is T
test,1`M,Check sum is >
test,@Kn,Check sum is Y
test,wE:,Check sum is V
test,de ,Check sum is I
test,FMy,"Check sum is ,"
test,v'},Check sum is :
test,>\w,Check sum is 1
test,ANg,Check sum is V
test,0ft,Check sum is *
test,Ddg,Check sum is /
test,['y,Check sum is [
test,SLw,Check sum is 6
test,Q%D,Check sum is Z
test,'bX,Check sum is A
test,6]:,Check sum is -
test,x9S,Check sum is $
test, WB,Check sum is Y
test,''R,Check sum is @
test,Oj0,Check sum is I
test,Wgk,Check sum is I
test,f'9,Check sum is &
test,~A%,Check sum is D
test,^02,Check sum is  
test,e	T,"Check sum is """
test,#98,Check sum is 4
test,~}N,Check sum is )
test,->o,Check sum is :
test,JaM,Check sum is X
test,H:u,Check sum is W
test,mqa,Check sum is _
test,J2Z,Check sum is 6
test,(zL,Check sum is N
test,O8E,"Check sum is ,"
test,z.;,Check sum is C
test,JkC,Check sum is X
test,&d6,Check sum is  
test,.f>,Check sum is 2
test,}Iv,Check sum is \
test,a1?,Check sum is 1
test,;ju,Check sum is :
test,"""<+",Check sum is )
test,{*3,Check sum is 8
test,H|y,Check sum is ]
test,<\~,Check sum is 6
test,DG&,Check sum is Q
test,GT\,Check sum is W
test,!H',Check sum is 0
test,%9#,Check sum is !
test,3bx,Check sum is -
test,J1@,Check sum is [
test,f?+,Check sum is 0
test,"a`
",Check sum is +
test,Fyw,Check sum is V
test,/G*,Check sum is @
test,;XJ,Check sum is =
test,K)M,Check sum is !
test,Cu>,Check sum is V
test,tyR,Check sum is _
test,rU1,Check sum is X
test,hE8,Check sum is E
test,5Fa,Check sum is <
test,zDw,Check sum is U
test,(?U,Check sum is \
test,Sow,Check sum is Y
test,;\A,Check sum is 8
test,e ;,Check sum is  
test,OLr,Check sum is -
test,t1s,Check sum is 8
test,cnD,Check sum is 5
test,ZS/,Check sum is <
test,bR6,Check sum is J
test,gXw,Check sum is V
test,%PU,Check sum is *
test,>Bs,Check sum is S
test,:c_,Check sum is \
test,{F$,Check sum is E
test,p-',Check sum is $
test,'VZ,Check sum is 7
test,i{y,Check sum is =
test,lx7,Check sum is ;
test,[{$,Check sum is Z
test,}R^,Check sum is M
test,Wi`,Check sum is @
test,7y0,Check sum is @
test,kd;,Check sum is *
test,pE6,Check sum is K
test,{xu,Check sum is H
test,6n\,Check sum is  
test,';u,Check sum is 7
test,z;s,Check sum is H
test,nNz,Check sum is V
test,6|p,Check sum is B
test,@#|,Check sum is ?
test,-=#,Check sum is -
test,NgL,Check sum is !
test,)l{,Check sum is 0
test,"dYN/=eg0V`:^6gA/X
(M:ZRfu^:[	*DD'N9I PEo]$_*(.C3rT",Check sum is +
test,"ijw<4#,W1b}8kwDD$o*c9>nW}6Z}jzEPCzMbtT, h>",Check sum is 7
test,"<9rLYq68QV3#Xt:MD""XZ`	*^",Check sum is $
test,"g\1(JQ.Y5ZP&4F;Y*3Ep0(u[8qWn4FS&.2y^o'JQLmopdZ
O",Check sum is #
test,x*PFc)9NzY7]2JT-A]]nM/f1D[j1-he|So=wM]J>Bh,Check sum is M
test,"~jR&E7*AD=_gk0u4h)V
W_PYsoB8?_>O`""r@",Check sum is =
test,"iG,&+H{;lDiYe8^B0*#0c",Check sum is J
test,gVKa3/|?O.|)*f}dmCrV_ARe6,Check sum is >
test,^'^of+#')u6_v$Ky!H:)CzXz%=-9$,Check sum is %
test,BGd>Qu0t4:Xc',Check sum is E
test,"(j+-W$,u0|QCy$\On*k^kOcpETQ
1u/o;]>~5e\FvdI?",Check sum is F
test,"Q6M$\`^	n+
ZsMDQ'u",Check sum is )
test,'[m$jiOax-(O;#LNM _)*n,Check sum is W
test,"*GqNqkuP-3""1}Bglgy)	wt(-%` ${FU",Check sum is '
test,9uX;.*h>! gbd0,Check sum is =
test,"%lQx$z.c>w^Wbh*'pK;Phs _(g-Y
z5@9W$T*2t",Check sum is 4
test,"##
iZL:7gMtw+^V} L#/B{@%q0A)v",Check sum is L
test,H7,Check sum is _
test,"f,5A%f3Syxa",Check sum is K
test,"w5]\hGyh1(=rIv\wp&Gj=t`[oT=Sl^uE^2z;>,",Check sum is (
test,"C$e!%HA3>9,y`Pm@oiTK^p","Check sum is ,"
test,"Ai^eWU:l1<[
9z}EEpqrrs}q*n*:FsG#XZKW^nY[h(;	N
Ld",Check sum is  
test,?.P:b7c,Check sum is S
test,Ff:t4,Check sum is .
test,"*Ed+gWS<,YoF=""q	<K8uG @e8|aC",Check sum is V
test,"`Tl!tAo,*^!57VCz9%@$ma%%e^xbF<",Check sum is R
test,@8VIjM*~B&B}&B$WiqH=wDdT9iR,Check sum is &
test,z$CV~}GaGWe,Check sum is =
test,"R);"" UZ=+	ptMa%-=oxzXjd9l@ZzGjCw",Check sum is D
test,yjpy?h-$-.3x	[aW%GP$f1k'M nVO~49Q|:j2fTNA,Check sum is &
test,"jAV337;B%2'TWdJbIF,.[2%gR&14~(j=L","Check sum is ,"
test,q5:_,Check sum is _
test,"wYzaBq{N~DdbD`'Ci[q_?m!,#
jy nF2=q@)63;T0<P0I",Check sum is D
test,744P3EN2`bkoiO1,Check sum is L
test,"]Z+R-c,49ko5}0G;4Sy"">;gu]*]-ZPa+2|G5^OPg-D(y@nUR",Check sum is .
test,"3E7eIm(gYx73b|u!H\fmyQ4!I]x G~}pDzt'RUVwOuQ
wR~",Check sum is !
test,"5#\zYAU%PS)w]amKEwzyhW5#X?,Rzd#1gm~",Check sum is :
test,"""E~+d393GA9UoiSFOD u+",Check sum is M
test,"N&hL^n5LVRc_)	@+<'He""8Ya6+\
`$0 ",Check sum is [
test,"yZW2Jp\aa Q=S""@+$z=p}%&W`c$Z1u@7IZi$?_s",Check sum is +
test,"Hc(BP6b[XylL*7*%/1+DyRv""
DIUM\S",Check sum is K
test,"EAn\8-D131hPgM()uD*Q2v(343S%$~6T|,>",Check sum is S
test,"J6c*[C;TkY=%0S400p>!|m""NeQj;]U61DCqlo%Q2r+#eN",Check sum is !
test,"?Mi!x
V|x,%?Ce21h?9+CJ",Check sum is 5
test,NRg5ww9)M#et=mR<qiY.f44IA%B,Check sum is M
test,"uS$SJ#d%BT
/J8Wf|Nwanj:QOLE#F6`o,[-~$1la<[|-:6Q",Check sum is K
test,J9)_NUU^3R>PIj0Pu>CW4*JCTWO=I}O iF]	3,Check sum is 3
test,8Ls@9ZsXi!,Check sum is ?
test,"\	2basWZ+)<*#9vdK,PKS3-VnYNEBXNP",Check sum is ;
test,r9,Check sum is K
test,pB;frC,Check sum is (
test,"^Az$
ZXvsq}pANV6hvE3_*XS|3._{2	C-MphtNX",Check sum is &
test,"\=[~b3Pw-|""|(	Q""	/%QaT:-=4p pa^n'[A::9i;/d[v_P
i",Check sum is [
test,"*CN2
Q>265e{	$_i~	""IW3>o|^aE!	B6*m9X~:q8k-J;NY",Check sum is 0
test,"5X
1)x12tKZf2v(B.<WtnP",Check sum is 0
test,q`R;_q,Check sum is N
test,"puM aB%_E7
i:",Check sum is B
test,",ollWAv #:Nf&9?s</+)\v*",Check sum is ^
test,[kql (=`6zQ+K[oU-*xe*MciE,Check sum is :
test,"X\`	>1A,Nf:}\[yHAN/
F\o/Z=P
W/UkW<Ky0}tzuKa$US8",Check sum is R
test,~/d5ZnROW-N,Check sum is !
test,x3^7U@8r`!el+u18OyN^tvR5*,Check sum is I
test,"KR^?SYW$!_	@6MpSR.3m
Oo.B&5`q~HrO",Check sum is [
test,;^'8UG-v@Q1._},Check sum is #
test,"
$Q\gk/5R,Mvqa9cuc{NR QCCrX",Check sum is T
test,"0Sj#1Rf$-9c`$
",Check sum is T
test,PO7C_XV+&! F>f{<)my~7 T7_+[WK]{Etm5Kmc,Check sum is =
test,"TGUG{Nc)	t}Ll?	C0""$3f	7!A",Check sum is Z
test,"0S t	b,3""-aD{5pq8/iFyI-2",Check sum is =
test,#r_]>,Check sum is /
test,_G(lZj=P5=^=:	wF 97}#KGoEBF8,Check sum is .
test,"
D5D<@~JZ.PWmz5gbo)""y>$q B{4c1D?Qt(Avv",Check sum is G
test,TvZd)cC2rp!MKj)a-2MT^!>d5w?}?c*@=@,Check sum is J
test,"C	p-,4pcW5!!,JQW\W7.fZkg*`^Ob99W",Check sum is 4
test,"4Ux
;8qR51V#t|]A_X@Hh5'7sS&$W,.kV",Check sum is J
test,"|OJp""oq_BofP",Check sum is -
test,"9UzB3i-[$($JP).Di/!+].4M  )'Bcs&V
:?W&Xf",Check sum is E
test,TX:,Check sum is F
test,"""=oD07=/m1-HA""a
xr
x
<d#vz\*>iXAB7",Check sum is N
test,2i*ek]nMt^iwPu=}4U+<|bCs~CDN,Check sum is U
test,!@X>Qu;5hv<w1(bvdQsxNa0?`t&@'S5PfG>,Check sum is 1
test,"%X[8e\1i+t,!L^Y]`@o=<TV5D4",Check sum is 6
test,"
zb#Y	 ~DmF#F3ZW~",Check sum is +
test,"KI&1ZCp	&
x8nd!S=ZZ0%!J;Gr}AG{31(;c;)p",Check sum is *
test,"hvcX<W/r,&nlZi|rP",Check sum is Z
test,~-B,Check sum is M
test,L4U:9,Check sum is (
test,b[,Check sum is ]
test,"uvO/VbXrQ6n7G	TU/~""; HGTr'b,Ho>Z>R`9=h*(S$[Q3V?pH",Check sum is 6
test,F(plyw,Check sum is Z
test,Q4,Check sum is %
test,"
/U:X&!HNW;<fBAmJX?O'^p?!Rel	+3^e!cx@Jh}X'K';kg]
P",Check sum is 3
test,"Z[yV46-tXBn:D&2SeDJR}Oe#T]Q~Wl@FqR4XMm""Zr`nsT0",Check sum is >
test,"S(K#T7rh+`W: KCM, dPM=`>oo7|Ac_
nr3Lt:yroA~p",Check sum is !
test,".
 c3y)r@#4",Check sum is 9
test,']Jm3D#)J. \4p-i#*N>,Check sum is %
test,"^-]0E% 	,2!E*9h?`ODz$VLQiz!cEX`%5my=xi8':
f#OE/<&",Check sum is 0
test,lv24y]wF&um6*14C*y>->OD^34M^,Check sum is Z
test,"oJ9{[2qOerDDx:V	""CPDJQkp\ipy",Check sum is '
test,GD9Rg0p{SP?Z,Check sum is 4
test,"r/2gLXS+1bnK2^g
WbT1Elk)|l9hRMxh)N{]k",Check sum is N
test,"y{qO]rf%[2%t@5'yTL]ER&@RJ2NeYxc0]o=uf
|x%9aWf^vbT",Check sum is 0
test,"thu+\VXXM?,R.L\",Check sum is ^
test,<^.a>h,Check sum is /
test,"t7,w.II+:5!ph|>&QG;H2y,8#O?{	bCZL-CDIn4OoE(;
j`oW4",Check sum is ^
test,"Xx1uAZ+d@Lp*/""UD:82J\1(""Nre",Check sum is :
test,"}x %
<I""l0@(F",Check sum is U
test,";6&l;#$oqE,*q,#knO*SI[-t ywlTogu!Fhe461lv>v<qA'f0G",Check sum is <
test,"x?4ln ]hS9|%0KKG]#Xm,L3d2du'T 
1F",Check sum is ?
test,*KDG)wSD`	s/qu.,Check sum is 6
test,c6&o?+n3LO2N/;o;] V0Gm%n6wiJ,Check sum is 2
test,"0q[]6TD,xxFRURCD*Hv1",Check sum is B
test,"L1I,]R2W*<%=4VBz%6a=qZ""gW+|.Fj>'R`k9vl",Check sum is ^
test,"T|>Y		sU`C=X\1-HI?Fyk`)p`ijlC""gXaY	>F1g)q7Ae",Check sum is _
test,"czKu ""5f0iiR7~X,h<%>sBlUA_VUbJ}kz,CKtJ	h8<+8|he 2",Check sum is X
test,"A""t0Pq/\{AAX^$@mIC7Pzpq-]2L1<7s8/jS8s",Check sum is S
test,"&ar<5rqu|""MzO7K\n.E'>b_",Check sum is ;
test,bA0$,Check sum is W
test,wra6Iuk$1,Check sum is ^
test,"g,9!i<",Check sum is 2
test,m[YL5Ig,Check sum is 2
test,8 = lVyTb2W,Check sum is O
test,",?w}!6nl0,SKg]	&j$R`",Check sum is ]
test,"JWN)`p<sjpBZs)QC]S2dr.k1	O,(]7kpo[wZvRMw}#8
6m;",Check sum is !
test," JubFxV;fj9jj.0V
}ak1r6@(8rfvE]]=",Check sum is W
test,"p0E0t_M-nQjz-<tmtl<<ku[I9,yfUMW`Dhp:P",Check sum is N
test,"C,_R4Q2+aJN-baS^S_MNDeV;pk7$/m~]6AvO9	
?3~( ;~",Check sum is )
test,"cOdLgC-Q_QHVmhxm3=f0Y+ly7j5I,^01",Check sum is +
test,U|)] o[:J{XeGSnR#s`pRl^YpAgN}$u,Check sum is N
test,"=J8fE"" 3^b
x%97>0@'|D}eue=r~A6aB?,tP|r9G",Check sum is K
test,EN,Check sum is 3
test,"shVC{""I/oT363/l\&~hk IHgi3",Check sum is *
test,T$BfcE0?_,Check sum is 6
test,"a2F@sPq2z8wE!^k""*<s'iO5J!]c4:&$0.yaJ!C'1",Check sum is '
test,"*"":z]e{}Kh&2GgD",Check sum is W
test,"R?FB:\6c]|wfN#4j+30=wh;mpB_#
?eO\pQt",Check sum is A
test,2qM/2}-~O]:)UQ|kO1*;jFPORUk<=,Check sum is 4
test,"CsF3""BX0	){Qaxig","Check sum is """
test, Q5t2:W0/6,Check sum is R
test,Bg,Check sum is I
test,07}I4:rp'#S\G0Yx	,Check sum is '
test,"f~cXEC2o[/+[y5|D?{;MlnxW,4l",Check sum is ]
test,}2[^=r13g)@AE*mF+@Ng7zDOwknaEu0,Check sum is M
test,"5e/[_ 6,CH	CLq|005'-=mpzS`kt",Check sum is D
test,",9M$.\e4#-]N7~2Y{ hC^}
Q#qJV~#5|K+B,3f!c(r
PaZ>d",Check sum is (
test,"T@p
q)`+4UU)pbit]iA	b[8S""-6PF8V;N7T4Jf6'umn/#aU",Check sum is 7
test,i~G.=y8]W>{D-XzPF]q <C.jqy5	mE;	a|`J@,Check sum is Z
test,Z=0NMXZCr#,Check sum is L
test,"lR,nqub0bW<`WuXC\{Z'l>&p>x<uReXD*sMz/7$)wZ<OhH
1M@",Check sum is )
test,6.,Check sum is D
test,"N$E^7@&+1,R Ei5}aEZh5\9AcF5`w+e",Check sum is $
test,bhXA^D,Check sum is %
test,_+?tDRa+BF'/,Check sum is ]
test,}NFO,Check sum is @
test,sn6I,Check sum is @
test,FC]U	Y=bb|@%iS^ugq\71k,Check sum is 5
test,w]H<w4P@&lE+`EVH,Check sum is 8
test,"?V&Q~9v$fnvf$mk1$WT^fRKv_	0tUR|HI^jmlh{bC
F",Check sum is 9
test,rERfH}u>68j,Check sum is _
test,!or(T)|$,Check sum is '
test,"Q]WF8Mh
 7aGI PZ4Lx<O""wU	xl;OI",Check sum is %
test,L=Zw|1m'H5mFuD,Check sum is $
test,"""1 ",Check sum is S
test,"T'T)zyV`0&\`^~@'Tn+U},E2	n<O7dN`JPp_gd]nD)`rS_",Check sum is 3
test,"j^;O!Im}'t^+,C~\ZD]",Check sum is .
test,"pP9[.^I([%Y#Twy0L6
8}*c97",Check sum is _
test,3<p!w52YCE6paRb3,Check sum is M
test,"QC^_QHvG'rr(z8,(O.
76J:TJT!OBKs#wGpZ+Gci&^jV^GE",Check sum is 1
test,"L,
\<!P<G=%y`6 gTn`OWu|V/C?#",Check sum is I
test,"E""7d8x@{IvC P/l~o>/YrcW1r^8
{Bto#KP?{X	IT`",Check sum is 2
test,"""tPMOIS}j9+L5t)zh!&q/w",Check sum is '
test,"C!CZh;Yq$dA1JrXca;4[ma@phJU8OvC[XU\O,3",Check sum is A
test,BKTSRc{<bTVL9R+j1H6a!Npl=7{pm_plm,Check sum is G
test,Dh H>&v'&LrT,Check sum is -
test,"l}6CxB|<a7V""eG$GAG",Check sum is #
test,"E7ao/C#L,#%IR#z<bm7MFi^jfu|:HT[48""pR/r",Check sum is 8
test,"9+]OrFn""y&^4z*1swdO'oT6?y|A{K]WGS/p
	n9^n\p3	tZIf",Check sum is .
test,"I`MT#}MAUq:c8-""gA.iaOMi55mi=;g",Check sum is F
test,+o'cRKUfF,"Check sum is """
test,"
qgAn3+J56Y{yg[ZKs%z.#{;mGnvai
Y^UL%`fOiX71.OF}mc}",Check sum is E
test,g}EV=,Check sum is \
test,"x,VM$mm61_e*~mSwc?WG-",Check sum is \
test,"cS4a3+Lz
77""fg\YIsPwjNn",Check sum is T
test,"4+)cQv89Q5,<U3e#xnwF:&p;6`:vo|F PT<_CzJ",Check sum is L
test,"}cQl+Kz9$~AY8yeWXD,",Check sum is W
test,YVk#38KgW&,Check sum is 7
test,"A}t$#R~(X'""!Gr;KSRj:/@""z$	W5,'-Fzhszba51&,v	w",Check sum is %
test,2oA{R=zG/ewsJf,Check sum is ;
test,a0fI;O;!3jzI`PeAd{z;}A1}AB_Py7mnhaTDS1%us_+,Check sum is 5
test,"ype5+Xb]S{~uGsVbI\.>>'CL.g_9\B!rC""gVSS",Check sum is C
test,HVQZE$ <_EC3>H3nlkGQGF_0f,Check sum is  
test,"G3ww;H+(|%[cjg4""h#oly%l",Check sum is T
test,"8(zFRE^dZOJo`,q6,NE;uc9{{&.ZO?X,W
IO%T'0Cbcu}&+mw.",Check sum is U
test,~7_xF`:1(f[`=gSIB&,Check sum is .
test,"-*~\?Ba|xo2:!@nwd8{B""aPfKhRa4k+<
mi0>s_Y2ttf7",Check sum is 6
test,`^4hp=SRV{wU,Check sum is )
test,#.@89Nvw-gi`c ,Check sum is =
test,q|4#h6 ?p`4bM7cQ>q)O,Check sum is &
test,";~1>M^'zKrZ1J*4`XD.A8I}w7=E""dE4&zi~l",Check sum is O
test,'Ze464HX)YJag.IB4%z i4m:(H67 ?XslrE,Check sum is 2
test,"lZ[AN,l,r :YHijU""M<O vbS}z9S!C'_]![U,gA	>",Check sum is $
test,"ET*""vr.2|8Wd)<bl	#MA&3:8|uY1]",Check sum is L
test,"onf=H
""\%2F'fO)4d~I'~KX B$H8ci<.u[n",Check sum is 3
test,1n.8u0TUOo?Mln}DLSi;'sZ/'H#VS;&KbK;lr?ycGS,Check sum is  
test,";2d,",Check sum is ]
test,"Sqy-HE5\>,&`#\8U?x&K<x`Q)a""8kwd""&OCDtODq$\pN/",Check sum is ^
test,"i(w0jqnLf""~",Check sum is 3
test,HnA,Check sum is W
test,wSLr?<V[u,Check sum is I
test,"O1b(>E+m=y!i@%TBi]zY>B7hI,o<*+qgey4S4V{",Check sum is /
test,be`Y<je#l:U@IuYj,Check sum is J
test,"BTwGT'{W[eJ1	},N""F!`Fa4MY?8Pjw$%",Check sum is W
test,"/IF*HORC@;ZyO\.j5""H#B+vR`lcXvs=y","Check sum is """
test,"$7lgBI=T3`.p4n_,3)EXQV	Qq?8i}0(IIo#BJ+",Check sum is C
test,aqs<;8bdm7C),Check sum is *
test," =$28ss<j'a!.Otg|k+_,9vF",Check sum is *
test,r:yS,Check sum is X
test,0f8{YfJY}>:P,Check sum is P
test,lIV,Check sum is +
test,YVk++6l0c|*5@ySw=Zf1;/Duel-p%,Check sum is G
test,"W&}q}`y	6E'F!Uq02ds)H,?4hy""9!Z%'w",Check sum is <
test,=mlT0n?	NJZ8_\QvNPb83tNg(!fL,Check sum is +
test,6gpah=lX<Sg~/%^_w_BZc]e[uJ=bp$+K&UPn,Check sum is O
test,"M[#""Wo0)KPCT|k?p|\@^",Check sum is *
test,"?YKSh#@-i^F,",Check sum is G
test,"-'E'?(]fsu~q+e(z,Zz4r&>#6uy",Check sum is $
test,LnW-bQ TIwYnJ3p,Check sum is 9
test,JJ0is LW9t&pC,Check sum is I
test,"ct*bsXB^
z$u`IN;9kk0?PL
*U==H|?:L",Check sum is #
test,"oM}ffMnZ&]k
FNxiilJRum]	}|k5Ep7!SG
BsYAVX$!11H)y*M",Check sum is /
test,AHO9~k?/Hd,Check sum is 4
test,"""u=SCh-lf/""jH+
@MO",Check sum is E
test,"'wkE$>jzePHK.cj$c7VH|;(EZp!XC`'#HY=
aYZHi",Check sum is T
test,"OBn)4
Ye7%I.-ic#/dP%w9Ko.8nIji%JBn~mJ",Check sum is )
test,oMXx:A:/mS`G$/^ X,Check sum is  
test,4)9nGR$xs8s17SgW Ws2#T,Check sum is C
test,5oa//dp6K]G{CXWP$;jQ,Check sum is S
test,n0V,Check sum is T
test,4z@Kb~V1A4<lWm}8Y:juuBD#HeWI/GYpI3*1gw] ,Check sum is $
test,;n :>,Check sum is !
test,F3DaYwFhA4qQ$c<GJDhY,Check sum is L
test,?N0)jjo73,Check sum is 3
test,B;cd.^#r$y%&ry5KO`r{zFwQ,Check sum is <
test,"'B&""7(@a",Check sum is Q
test,YJ'OOC&I/3$N[ZTFbwx 	J 9`. fzAbqX73A4Ed'vy|$}(,Check sum is W
test,"H8.g2-=4!Z;j&,A>.:ZT-]_6-?[{j-NF2qu",Check sum is 0
test,"m+Q\YlU3!
n)[Lm.&y8J%byw*!RoNluqlD*""""""0vSx0a%w`?=+",Check sum is _
test,OusMz~u<?,Check sum is L
test,"m_lO)sj
IVQ7j12dne""`m&
e",Check sum is &
test,= =S@K+.-'	g_=s.o(h9lv`>v@-W*5cK,Check sum is 1
test,"n|lhKU6$sN[XR<e@'5GUO""A-B]D",Check sum is 9
test,gk]~:HGc`o1r`Fx>!XrmW)hP>v,Check sum is K
test,E~W3Y\^*:J/N:!N,Check sum is T
test,"Zv2mZW%t`1U~8#Oo=%S[)hIMJ3))y=:PJpb[""QM7DP2`?MlF",Check sum is .
test,?y0xU,Check sum is U
test,"eZBh9k6#V{EZ@p(gqc;D#qNO (v@/#a|}2wp&""p/t4c8%Dko\(",Check sum is -
test,"DRVMg<-
""7l'B5Lj-D	DFXc'<yB .j
""'}Cd|)lF,1nMR+=Z",Check sum is [
test,"{wB4GPt-fzGmG i^GU6pSr3//8.~%h(Jj8,<wJa",Check sum is )
test," ^jJj 
""He6qL*YGuL9<w0b",Check sum is 1
test,g]7OVK$8nx@7)yl{&m%MSpA/ExwwI%g{xoOzI[,Check sum is T
test,"<]	*d;h""]@:x >Z",Check sum is \
test,VDvoRA'XX,Check sum is I
test,">@VoHvi=tV3GEn9=2d!h>t!'q_M'F1]A"")t{6ZzlN",Check sum is $
test,F{X}(j.QPn74(3bC3KzJO~[]G]s,Check sum is N
test,"3PFz*B)^Ah!c!aw
@N7o2l-+>*5$ptkFY	##]Y}",Check sum is !
test,M-448$\X%v3`@|u,Check sum is 1
test,Vpfm{`aa<&&l9f`u0vr(8_=w9<^c6ahZi5Wbci-Oax`v5f/.'R,Check sum is W
test,1\0qL'-A O}c0Lgm/y,Check sum is 6
test,&k>Nv*d'dIu0Ea>)DC8`xu6Q<PR8,Check sum is 0
test,"@ZDY,(Ab@WZAH",Check sum is H
test,"Q|=iA^)#A{$e<
*sc
=L~~g}t8.~=t!a""OvYg)FD8IQ7",Check sum is *
test,"awK$K#Vz'B3$N9s{>CKHq6syF4b)9~ts
Fu]s	Y_",Check sum is :
test,"qaezw#2!l""Ah47",Check sum is  
test,#3g9,Check sum is V
test,"C?2B>L[Lh=mOGl0gVw+<H@[=@Obn{2JcchyMC[\E*K_""",Check sum is E
test,5b0nGH+I~pt1'C{]FL,Check sum is ?
test,">.!zG%uef0
{",Check sum is H
test,@M}-,Check sum is W
test,"qZ40!r)tC^6z${O+Q,lX|+",Check sum is Q
test,"y+g3!F:qa)T-zHy(_9TCs1Y/sPVlk\5w""	G&VS\",Check sum is N
test,"7ZLaNa6o,zjjfc?)w)Qqx;FI@_@,[SAm}c<Gbc!{+?1e	i",Check sum is ^
test,NFRtR%/H-D7bh-KFK}jaDmcJxfchdcw>1lW%%ju>K,Check sum is T
test,"s/N0{\Uob3~5XW:U#w/(M<@clc2A:^.""T}Y6,:Zy`LWd,}]t","Check sum is """
test,h<'b}jr9f;: PGdca)PKQUD$W]]P!>=sFN8}85@A\hy:iI,Check sum is ;
test,"soT'1IbHe)y6z.HEyaynmXU&8!
n0I2kEV",Check sum is V
test,5yTIp:dpF$^VuEt\dy;(BC/,Check sum is E
test,%[<V,Check sum is 2
test,"5O?CT+8h,FSy(MZpghBc~Zp}n^Ogu:hm/PPtJk5>{t/v""K",Check sum is -
test,"9[tqS.hw`GrSpX,IAd",Check sum is G
test,giiMz~$IYx|1dT2B3vD<q4:,Check sum is =
test,`]mnEn%@<=Am3>9Ny	}rQ9jnr<-w,Check sum is T
test,+.NHXt6X	huR1ZB*qyY,Check sum is [
test,~jy1V_z-P/0CiRwtc\Z~[gL4/+'9`e,Check sum is >
test,??j6Dd5}Cr:7=} 5bN 	a~(|a)exB*,Check sum is <
test,"f-w^((	GOWGbL*]SN1:qY""j~^U
@",Check sum is '
test,Zxb;d(,Check sum is [
test,"FJ2En9U""C 18kLT:E}_C'Vmqaq '",Check sum is .
test,"L^ jepkp))DX]>lzk>ZB,Ceo6>^ZMs",Check sum is '
test,"gg#]$pzzD	EL{4CQvYy""X=P8'Hdj0_I.	,	",Check sum is _
test,"$El/A
4VJ!M
o/8QU~A!n&Nc",Check sum is \
test,"{HWs:`02 +]%3^Q
}E]ppZe*DVO-}",Check sum is ]
test,DBZ__1C|	;C%cBa*C	-(YQN#iY{9]X?`D^,Check sum is 2
test,nl<6,"Check sum is ,"
test,"}g~U_1q9A""-N5ws=u-dFMI5K&SVFo:jvz/\iFr
<v[b",Check sum is *
test,?2oH#MG '0	FTMO<wu2L]vPX~K}OKt_'GW3,Check sum is A
test,"'9IY{$ZCx,wK']gO(Y-il%sd&rKfHPJ^5?9$R",Check sum is )
test,"@=la-,&L00 Zt&J\=
ZGQI(byC<Xm]w!>2kyR}SNh{'FYS """,Check sum is O
test,RTx@ =x/DABw$I-/t]X?BrT9(LisbS6A)<uEQHWl,Check sum is )
test,p!sp}1ivbT,Check sum is W
test,TcDqV=7ik2M2ERB:/=?Wi>?5bU{*:PL:,Check sum is 7
test,"m(f!""
mu8y9Z uA>=4dqgh +ys^V&b`Rxs4_9\n",Check sum is ]
test,"oW<5`z;}:*b?&PfnU""+e<yCbk:?qGgu1)4>",Check sum is ]
test,"?7g""w)Sd Z[EOJc9Eu7`M7CEBrexN",Check sum is A
test,=*,Check sum is G
test,"zC)c(V`Ku=p_L,	M9S~(/L4p2:/p*il|z7d5d2
aKvw*A*",Check sum is P
test,"h(dm?d&I5DSn3-Y0bC4%UPZK befXs|ogK
B3T$H",Check sum is 2
test,"{:	jS|`AGkLm=N1IRAWJ?Z	1NXuWAhmX#Po5.
g",Check sum is E
test,A/JncRam_Vf2pqC@r7AXz$3h9{5>cxA2l8Id0m	Yw*1m(RGUD,Check sum is U
test,":/8X%.H
@ ]e0V0-p?,wIYRzK.mg
	",Check sum is #
test,{vD$fmrl1|s*)h,Check sum is E
test,4g\^`,Check sum is U
test,"T-4-6	px[z^=+A|,eUm7o\+iMh.E(7 ",Check sum is Q
test,"Dzd:sr%V~Jg,",Check sum is 7
test,viod}'~L|\8\#	X,Check sum is 0
test,)nY+YZ<s+@zxk,Check sum is %
test,_~,Check sum is =
test,"'&2YMA
S4qGG
 8~x.3GcADF:f$2\De]E%`8&uXxMY",Check sum is /
test,"*}z+x&:fo\Ia}+;:7 8TX5y`G`
94++fbU#jXvJ8eGuR:;,k
",Check sum is <
test,R2.2G2*/x|=Z=A,Check sum is _
test,&RgIQ,Check sum is Y
test,"q\Io^5M7~q4j[M8IgN|%vvOQ
m",Check sum is K
test," NdczM4>GcxMAA6Dg
??|",Check sum is $
test,3KA|,Check sum is [
test,"-~,NZJ(} tY",Check sum is ;
test,"==""z$nl
e(*0&t3knCg	 \-+g@+cn2""	k~3G=v^*|+ \GFd4L!",Check sum is %
test,"u;U""{*%	*]3YS!^M9,)",Check sum is Z
test,	/)CNHrff8fHp9r@hP4@/GgGmM_WEFL,Check sum is 0
test,$$$A&,Check sum is 3
test,}kZ}_(,Check sum is &
test,q%!h&@ac|gD(1hE#[&MA5{8%Sy`(2SlZ1!m'J@,Check sum is $
test,"%kh;O$5eF	6+,SSf",Check sum is H
test,e8	@NXqrG+mwHr*sjP,Check sum is 6
test,b!_ G[<.z(uBr}efQbqDnB^c;ipe`t{,"Check sum is """
test,"l=fWPg#&5p=gLdLAx%+i&7rm24D1([_Qw!""",Check sum is A
test,"N'dr$B[JP[uCP}eO$2 ^1d8%

6|1&e)x)?",Check sum is +
test,M1U==@<8,Check sum is !
test,HPqt0}usMSBfV5e2Hz$	I`YAsDEl.Y{Yf[fYgo8**,Check sum is 3
test,"m~qEn&kyk]XEb
""]t;3#;d)c}
&]_	1Srv26$ms7`5K$",Check sum is >
test,"Dq<WFI(@Yc_(S	N{-AD^`,632hpVJ%_lbe1tRs<",Check sum is S
test,-8{TM-}]Pu__:Rt$tnG*a>a.]NP.~tQj,Check sum is &
test,"i&In<0uw7i'izFf1xX\m
TSInE~T
a~aNyE	_.f",Check sum is /
test,6e=|DT*A6Z4{R&I%%nL7YXL,Check sum is /
test,HJ79`IiNC$rC\m(f3|gUI%5D*s,Check sum is $
test,tCoWjz;o?\Fk0,Check sum is '
test,;!;(d\},Check sum is \
test,Las,Check sum is @
test,"0rmqL|*kXmpV31A9z@vzy8~\F,	$;`5;(3vb::","Check sum is ,"
test,IoZtkO/[79.,Check sum is H
test,"2$bg""Ci}O.WYKgS>sT:%iQ[	'pLO:!A",Check sum is L
test,"M~iM
""mo7eNw>Y=rU-WQ2pS1gDjRp~lq3BgC*FC`mu4",Check sum is Z
test,"YPKlpDS|)?cZiB}6jM	38,x-K",Check sum is M
test,"f3ss`a_6X2
.-sm9{c",Check sum is [
test,zA6Xu8RUEk$^R#3![a'LsJd>R ga%M8,Check sum is *
test,"x.My)&o-oS$db""mk>RlYx/ 7\Ko",Check sum is F
test,[/>u8/t\U,Check sum is )
test,")VX,7%X]K<0Jo$}NIRwoWhu@MW2f=5M^",Check sum is !
test,"Xkg_JILD= nIzew9xpr)[))ux8%.AA
_<KLYqp*e &qwAoXt",Check sum is H
test,"T{Xc$TAud2@95h?n2HR~vpC
)M39r>""v",Check sum is X
test,(!f*V,Check sum is O
test,"l
,4",Check sum is 6
test,5yDLH`B?X<ckr\\?!,Check sum is 3
test,"#sUn\KENea6X,(B?&QN9a7a>WS7E4zm2mK2H	x",Check sum is 7
test,"CeNl9ouXFvB]1
NGiQV{ugw-jFP8ic3xK)ml]Qy{kG?5zX",Check sum is C
test,"!do%V$A]""1CP/RRbR%IDhN^/I_?n",Check sum is H
test,m3nYT_@ds{ovafx7Zc,Check sum is $
test,"y""8x8v"")KG4vhCpV1o;:S_rf,ks#`=J08Ai>;t+f1%~Gd&~",Check sum is 7
test,XK>R6:g%kx0J,"Check sum is ,"
test,"""tG_5+*U39\Ecl^v
q:`",Check sum is @
test,"(d]Hc+quYH;F0""ZCek>^",Check sum is B
test,t6%em!cX_'DEbJen}Zz%TB4udFi>rPk9_ HGz4`-b0Pe_y?,Check sum is >
test,"ar(MI9
^<h>D?+y	a
w|Z(""0g5",Check sum is 2
test,")wP<2A+x^
K:6q,4*",Check sum is @
test,X(|D;u('C<ll;f6|[.3 +;jy<_Xe>[8K/6},Check sum is D
test,u@GDhgWg^~%v^qL	tBZ~9Ig8{H]p]4kx3)3N $^R,Check sum is L
test,:(^+W wi`\p2\C[9Pg?[}L_B}h++\ubb>o,Check sum is +
test,"shI#uA*bvoW)Cq,nRfKpr@@d1yH$,;uPQL!4`5Iu&+$Lg6/@:",Check sum is 3
test,y%Ox?A@_2gh\yZF7&oJ1=OE,Check sum is 2
test,"?#+Z2*,l$a?]i;:& K/azUS;0-alzZQ	Qi}%/r`XQFKTp5F",Check sum is &
test,"Q	Mr8t2ppVm_#DpX4]l_:piY?Q.XBK=~1e:`%?wv
.{Vk?Zp","Check sum is ,"
test,D&CL,Check sum is Y
test,"9
!A]O&w 99_3$9Ix^:b@:d{eY#H8lg>jTNIqamWXJsiWvG",Check sum is R
test,q*#&D-PPa/pC#~YubNGA6_QfaV+5,"Check sum is """
test,)$-pSI T[>eB.E{<=8,Check sum is 9
test,"@^qO ah{b+y	,47D#u%/a`fm?z88S_BAS[\1a60;V_.y",Check sum is C
test,z lO@6Hr0]Tt,Check sum is :
test,	ygQp7eG92,Check sum is X
test,V>0,Check sum is $
test,p%)Q,Check sum is /
test,2W[\/9R]Y$6@oZikIH8],Check sum is -
test,"HK,0Q7k&Xp>b+R)pr",Check sum is X
test,"&x8e:Q[g)A >O5
}!F}Y%",Check sum is ]
test,;OJ\G,Check sum is W
test,2S8qwQ{G$,Check sum is <
test,9DJXq<noHaUN&Vy}N1#@[I[oOOXJ}=9[O:.idc	H6o`Gu#]8],Check sum is 3
test, s[9'^S!V\$j~b:$'~pbEz$pK}u)6\j9= 3@Vw/<Jpw,Check sum is \
test,"?IM!\&o^m
`;u6P47{ioWA",Check sum is H
test,"$~`A6`y.	o_,tg<7/0 f#0c->#W",Check sum is 1
test,"/^${(t;1\m
1}9[r4dn4",Check sum is U
test,"H$},_?&f(>,J3i!h6`GYCD
/6_~I9LBgypik0fL!",Check sum is  
test,?~3C[j!+Hb,Check sum is N
test,pCi$'kJY3FjQk,Check sum is 4
test,"8s,$@=I
h,\4cyX?6-=Bou^S4qsEEp4",Check sum is ?
test,Go`DY,Check sum is S
test,W2t#Ckx'Nw;,Check sum is M
test,":{R]Jx^/{Zn#c:@bm&_Kl3kPaCpK-P
G)Eu",Check sum is _
test,"L{jeD$50i=v>$^XKVP,*{ivW8u",Check sum is \
test,"/Ol2@RRtsU0W~?Qt3#[eKdlW#o8som:s\K@""(._
A",Check sum is <
test,"O?]js-`S3LS,$oO:^<",Check sum is <
test,*5da{%0ll?;YpBz:9,Check sum is ^
test,"}
",Check sum is '
test,_	]*5<M9Prl,Check sum is 4
test,"-|DuoELWdP4r""-i-'G#3N*Lg=^{zA-",Check sum is E
test,z=MtY7,Check sum is (
test,E:!o#Iw(Rj;y#G.S%D[< -Edy+kaNw9(w,Check sum is X
test,Hr9[R,Check sum is @
test,6s$Ila<u@:{7%?xzJ!kLlgl,Check sum is W
test,^~iBRb4K:G,Check sum is [
test,"8b_o?,7G%ZWG",Check sum is N
test,"YvUqP#*U#^;Eg@2""P47""h1ys,H^RlusgF@i&{dg3^)V#3y5^",Check sum is 1
test,AE+<Dh*,Check sum is #
test,"A	6^_#n/#XO.!wyH;U4b$""Sq",Check sum is ^
test,"QNXS,0Q.|C",Check sum is D
test,"Q2S+b7re%:R&q_&C:*OZd{V[/to4rKW2jxe
c@ae1? (Y",Check sum is U
test,"@Vm+1
Ht
g",Check sum is 6
test,"sMBmnTy*?^}>=,o8)gw=@mQ@D~e#$#EV3>_>/B
pC8cGU6j7J",Check sum is ^
test,S*o gsmpV5lVwnw?/,Check sum is :
test,"""iG	N*#'oZ#V}	3UgkC\2UPQ\[HcdpS@X9 $.5&+=U\(",Check sum is N
test,"Cn	0v#	$ibh tJ:	){{J;{,]",Check sum is L
test,:zB`Y~|HPY-LU[9k$<VpqH+f'onm,Check sum is (
test,.aR	zyh#qH/Vz,Check sum is @
test,%<	0]ehm/@di1ZytcJsmO<=4^z81vl#rC(oe}7HH<OOO8,Check sum is *
test,K`6OHlR-N5dDE;%m6[NUZyo3D,Check sum is -
test,D=|/}O8.#4o*t&N;+Se}zDL5jYPcpHSp*4NE Jg,Check sum is #
test,<9]{O';:ZwDAQ4&C_yF{a`68MY<Ih3{DaE<,Check sum is K
test,"#&uQTq_qt+G+hL){&d#s.W7,aCWDk+-b7%O9\b);iB8D.o@C",Check sum is &
test,"Ux#,3nV&D3I,Cqu&E| PPrO@]#~Er;B'GVF[n+7LP,j",Check sum is /
test,"j!o^kvq1/QanTN'XN$%
|ak.ba5oNs,6c@Koq$r! 5b/zOyA",Check sum is :
test,"AuU_KS.mo$t;Gum|T3qOCIXi&[0)i}HQ#T9UJ"",?y.AdoE",Check sum is 3
test,"$nfV_[:-OLwrSs4EV{knOK
",Check sum is  
test,r<1)[X.F$iWqj+,Check sum is 9
test,"3(*#/vy}<jv1d(
%,:JX{	HI`L~	i%$g~m38JN6x+#",Check sum is >
test,"Pe*@'K5p)S/SJX .'CVz,\8#8VXu",Check sum is <
test,z42T@=B:0*900Z2zwHbrcT~FTXin@Hak@+={E_U4o5B{I],Check sum is B
test,"D7C}F+j]TG$D
d1!*""L.Et	g	i<'mey vU|$U",Check sum is E
test,(HzId	Pr$2W.&L#Os,Check sum is 4
test,"pVO[,J1CD`pMryM%/1",Check sum is X
test,"vQIZlRmAE8z[.<f\jngtm,
q=	{6B$)=yG$fQUGPj9Lc q/B",Check sum is Y
test,*\X2|2tF?IWX>MN#NnX,Check sum is _
test,B8+yA0nbCrSs4Fk~IP^YGoPx,Check sum is +
test,"NX""HV
=t$dc}Z0DcNMQA8_TETK*b/iu:)2@|(r	S",Check sum is 6
test,WchG3tX|+RrVS0J,Check sum is V
test,"5mxhq}c{P.)k2WbtLOr~36f}26'8R_-1R""zRAc.DQ}XM&>3","Check sum is ,"
test,fseK^3O7!W7u?}O=nBZ_eXc7;Pcj}@7`;3{EGcv+RSwY:,Check sum is @
test,"*3duH?=nUmSeF""(Zfm9wQsd5=\<RwY3j':",Check sum is A
test,"fQcX#Mh$R(	VyZ2wL.FHbMoO9
,zEem?(w`qLvX5r/-+""3DhbF",Check sum is 8
test,qCnRs<	>RF'cL65:x5[Q@t_<{!.C43lwz)NiNv6,Check sum is 0
test,K$o/2_+m{%,Check sum is 6
test,e`r7i[&iSw3)U9FyKbO*d$	XYnr71I}0JH&`}2	y,Check sum is C
test,'Bym@;b /^jF^Mq,Check sum is E
test,(x|k)2Em~r QxI-Sb<.kQP5o\t3dN]cs E<5e,Check sum is 5
test,",a->o}/4JD\^k@lnbSWI:18\`at(OtGfe",Check sum is :
test,VJ=YFW	'?F$=sOnZ6;Dk=,Check sum is 0
test,Jlq]@@+'ri,Check sum is Q
test,"Ywn<()O?ZN>U;{,j? B+aeyZ""Y9""03",Check sum is ^
test,"$HXZFo'=&VVA;4Z`9GPwPc8QTJO<+i7F!M`e>
9:!`sr
JssJ",Check sum is (
test,mha7~-c*,Check sum is E
test,Q|`,Check sum is M
test,.kVY(Ly5c'|ui7@Q2uI oH+LYB=,Check sum is L
test,HGGr\X-R(<DEV[3EY{_n#~(vu):,Check sum is )
test,"s
~xkgmVgtj;^QQyX#n	/3u{bHD*uvL*F",Check sum is $
test,"mE=FM_/,|Lk!FE,m>",Check sum is R
test,"E)$M|f%GO	
XZ:g?L`1]",Check sum is ;
test,	*pTO}wozWhD5YiB8q	KM.7`%E>v>6}?dj;rjsL ,Check sum is  
test,2@[:y@6%!\Xn(yu\&,Check sum is V
test,>j?Wye`hiP8ix!VW~!O,Check sum is R
test,- ,Check sum is -
test,&fg,Check sum is S
test,"<an9ET4""&A'MZ*}_M{dNcIS|?U
-(sbmHOh",Check sum is 7
test,"UjfTOm!8($I&.Czo\?\wcF;^""&|[}!U,[BsiR[,`oC@!fqIG",Check sum is ]
test,"L,z1}",Check sum is @
test,"Xxwk
-3N7",Check sum is A
test,"GLF[=7ujqPcK8`cjK,D",Check sum is 6
test,"~Xr6R'6.K$d*z'2pd7V[0Xx#+9.""hx86dHA4i^pk",Check sum is /
test,"RML4(H{;EVm""mQ>!AFe/[@zViADS`b:+>X'07""|s*^%fI?5K",Check sum is *
test,\RK\!IHZm!XT!vRaGFOrJtCwa},Check sum is )
test,"4.zQPVf4z""tDTSUF97?xY:5pcWp+fOCgd",Check sum is Z
test,"jWXh7
]r?`H",Check sum is X
test,".X^g@),aWgDAUjena ~b]/wRb']nGu$QVC^KtH<l|E3x*lv4f",Check sum is )
test,"(e?[""#=x8dZlQ`?p-TYDNc7p
k&_kqCL3*Qzn,S'EQi-",Check sum is F
test,-!F6YB#{(/d I9o{X,Check sum is B
test,Am<J3vm^`m~]23jT$l{',Check sum is E
test,yyD}VSs#<'`dQSwsmh|7_;B3=`=uV'sJ5Uhl~Cn`Ih+Fc ]:,Check sum is P
test,"CRbY|
J']BC^@r!\TXq33\M\}Hxo_O}a&0H#",Check sum is W
test,"
n7n",Check sum is =
test,3-2	mh.,Check sum is >
test,"J EFB^I7K_/uaL$J@Z<h1I'>c;YyL
%y6Q
>T}v8PC_Bq~F?eU",Check sum is O
test,"A(rdn\4UB3ZwkFRK9#zzT""",Check sum is L
test,")~H
<i3VrT 2H
xq""]M7E`",Check sum is B
test,N]F!LE7bo9+:v,Check sum is _
test,Sc2wA63,Check sum is )
test,"(={Qk6Adb^o`dWOB?pz?
W~`uFu#D
7
x{{3`4,G1PG75vU%",Check sum is G
test,zZ(AeiH=MArqU$d$,"Check sum is """
test,vSID8QsuVrXVLVlC,Check sum is .
test,"		/D}T[eI2R.fMgi;?El=F>[;7YrPvVB;x[\K|3""4bR>cv",Check sum is [
test,"KeFy$jK27kf8 -=FrJ8,N}@ZC*&8",Check sum is :
test,"_=6s[

LU_#6{E?% ZM}Ow",Check sum is [
test,")C@WL@.,}?j-""(",Check sum is &
test,ICxuhS!*lB_<+0Bo1,Check sum is %
test,(Z=,Check sum is _
test,"rNu=+""|eX}.%<H","Check sum is ,"
test,|Q`\,Check sum is )
test,e)LZ`T_}~XT+EU}.q,Check sum is /
test,g0oXq3S\:I)!Z:V~Bm3M,Check sum is 5
test,zWK$KvKhsuv3)8`;j1[:oMJH	b?x0vKh|'Oz'Vio,Check sum is [
test,EDx%tYfdp*EJRH{'4OkLT?,Check sum is O
test,"`GQXIJ2?8).i9{s
H1Z;",Check sum is +
test,pIqPdIVaRua	`^I&NJn5*[K ,Check sum is G
test,"+cB0E]P12q+J^^=D""lZsz%BgrkzI/EPN^b%,.Xk4",Check sum is #
test, >BN}wLCiLVEo(%Y$p/]RR3|<~Jo:;^2,Check sum is !
test,"plIKKo+-$,[z;",Check sum is B
test,"YP;yZ4n-7eRfkBwRuj!-]m;0X'
~""iR4",Check sum is *
test,"aEeZ42""j-^~dzl@mHP",Check sum is O
test,"bAye,}9'&	-@:_c4
mN/UySVC$*~4Tg<Xyg =^$	MY",Check sum is !
test,")?5F@vR0Pe#Gc[D:h9G;i$!.G'o,&B",Check sum is F
test,"k~O`r""y
riX	O""Y",Check sum is U
test,"BX0G/.;~""9BN(w@oAM4!}\",Check sum is <
test,"|ZhVtFRAu3A]&fgs4[_nSt1""
<9 N&f78Q`e+7",Check sum is C
test,"h|u&$V	_oQ,JMfRD""U=6=0oaJK",Check sum is <
test,vs'!W>\MJPB(,Check sum is S
test,"NV|`LTIKXR%&gF<24Rbf,!{#X;=@^,cJE",Check sum is )
test," >{YTcIbJI6=s?l9BR,+d`K(laHEn",Check sum is ;
test,6Ja.5FrQQ*hix;+6'wQ+,Check sum is '
test,pe-Iv,Check sum is !
test,"Ms6SzxB
24\{eD`a:Y7dw$<""kD>`k}'(aniwu L5UF*[c",Check sum is A
test,c_|=MJ<ZO	@\Z|^d+	.,Check sum is 6
test,"+bM`""+DKxg",Check sum is U
test,"dc. NG(7M>k%9""j",Check sum is I
test,wN%._JfG4&bMuUeF#jJjI1)L6E%Fxqu\j7,Check sum is =
test,"}6ac%PC ""i ak<j#x-.m'aYbN|M6xO]L4Hjbb#95]V^ETC\(",Check sum is [
test,nVU+@UlmVN[rah\s1kK0sYe>5t)61,Check sum is Z
test,"E\bji<^+""\{4rbqG=q$)B!*3+|EyfUz[	smgX*auj%_~#1",Check sum is L
test,U(S[R(0 A=TeE0\V[$#NaXK,Check sum is '
test,"9){W} 9vUZLr w2""$N(N*n",Check sum is 8
test,"'s5
2L{s_4&^K4JQWT:",Check sum is ;
test,Vx7kceNH6~&7{zNB9UC;L{%4v+5<HmNN~}.,Check sum is <
test,kJ	3Z(Go1r],Check sum is I
test,"ES\Ar8R~
",Check sum is Y
test,"/h)MNX;CxN y""r(u3>4#w~f5W6",Check sum is F
test,"!""u.zWU>WZ0p",Check sum is ;
test,"\%o_Azo!\@qkO}bJ|0nSG6p/SNp.rw=Nk
-bNf",Check sum is ^
test,">&uZ}Uj#~*@}gyZ<zk[]
",Check sum is 4
test,8YB&;WVt)Ak~B1OQ$,Check sum is ?
test,"3TQ
6I	",Check sum is J
test,vp\oFS\>o+	LrZOvJ.HW(No)Wz$,Check sum is ^
test,p;vO-jM6	oA=FD{RBb	|:-j%k6[,Check sum is R
test,"p;<Y\=-.N{'M4E^p%
?D*D^<X+<m~(\(<m*#<""X<w",Check sum is G
test,"w&F2|#V/-
o""",Check sum is !
test,D	wG]E~nS,Check sum is L
test,"_A*N-O@`9a\""60/%qA$@kPL/ JUm F=~,g)j#94	hgR",Check sum is _
test,"TYA""*c7)'|Dz:J{
|j\^qZ)o$b0 ~U,W%JHaNC/[+n",Check sum is B
test,X+UTR7fjhQPbdN	j3?vgk.Fhs?5;<Tiw/OjPJ3|'`,Check sum is U
test,Aue-GS)MF,Check sum is >
test,*B)Ev8RiWsrgry>taDsi	Sn(FkHIim7;Hc,Check sum is K
test,"0dsb<us+q""(pmL
D0Wm<5eka,>KP[b","Check sum is """
test,zW6@K?&TzoG1\2pL,Check sum is V
test,"
mW.Ao^2L",Check sum is (
test,"zN+Ys9)B'D'!0s""pz8^],b-!{[!w M",Check sum is O
test,"hD""RYcs-WzK6R`;1+X2$j",Check sum is O
test,"
7ZBv",Check sum is 3
test,;:fa:gT:o]*C,Check sum is D
test,"$Ir8E\* t7>[%<Ww4Yc""%7Mu_Dyh3D5Z:t1]{0a",Check sum is W
test,"2#""8,H0vKTTbow%&TE,R",Check sum is F
test,"o
nAw@o?yV;R(.vL5*zO	1Zhsr<
G",Check sum is 7
test,"Gb45X+
	`0hLoIOgr","Check sum is ,"
test,"qV<""sIHrYQnnXK`",Check sum is D
test,	67FvX(?lro{+N`	+-,Check sum is S
test,"v-BaM6(U=UqPEgk.d}%x,ytapB9(",Check sum is I
test,WSvl,"Check sum is ,"
test,"(!1;+G8# Ur,pB~@?",Check sum is $
test,G-ip	NR2|Q5%Up<ThQ._FdW1#cc,Check sum is %
test,`*kuoRdvAPz,Check sum is 0
test,"lbKxdAB""A|u.
S8m1)eA",Check sum is \
test,g7#Zb9Kgu[K,Check sum is #
test,"3NBOp(x>G{zt5ub$P	.8T!(`fsXOD>
 ~gR[9N>h",Check sum is G
test,b:,Check sum is <
test,S~lXjS@k[wsd*vEM?,Check sum is 7
test,C`IZW,Check sum is =
test,")l> !_mIx=v').)
$0H) Q&5	""	g}S(='D JfaE>z|EKqCV,",Check sum is !
test,!b#s*D$+:2'<yg?,Check sum is $
test,p11Q&|pdZ3lN$w-JCdmv&j4m&21loz&],Check sum is .
test,D^DWcIA8YrBc()oKbg@1Ucb7N:T+7 u{ZS?=P4,Check sum is C
test,1j|5~qfEO,Check sum is U
test,"2rm*
5
U=6?",Check sum is +
test,"-mIkVX$IKlUdL``_T""*\{k3x=8V",Check sum is <
test,"Fl@	MuILW*j4	""YlNQ~7it$Lm*f&(1t1A\n""YN|~",Check sum is Q
test,"L_#63U^MxC&K_v""L	Pd+y$ge4I
).2Rr=UQ2K(X",Check sum is K
test,HfAFt2p,Check sum is +
test,LUN,Check sum is O
test,"N*d&3q=-_F tI?A#=mb7YW&Ci!@.""n.3('X",Check sum is A
test,CQlX,Check sum is 8
test,"HO8c$rFD""|%F4]=z7	6,9XivoT2
H?;",Check sum is V
test,"*JHx3H((0PT*U>MXxibh{4e/s5,#usnTbP%%~>#~",Check sum is =
test,"`7:BjU0'H1
$Xh*t9?sr""2_sFW0*^[P'yI{6",Check sum is +
test,__t1yB9>C,Check sum is 8
test,XOB>lz>R1PM)J	AJ^!X;	yk(:`\<vVG`,Check sum is ^
test,"Lh'8)Q$r""/!+;
KT<""\ZW:9~7{P","Check sum is """
test,mdEd	JGn_3QzcdW1z,Check sum is H
test,"=QJzL0[T""W%3;O*p.YQ? sr-/$U/u$",Check sum is K
test,"UqJswNxfs,#^30TZzA2L%HY+s~~!8!!1ABL{QEIR17<%",Check sum is  
test,<U,Check sum is 1
test,+'{H,Check sum is 5
test,{pi0#,Check sum is G
test,kU\y&%CuV2>H#\@vqMTJfpZk:I2t\7I/OQ;-eL,Check sum is _
test,"tM6s.rI&LXZZ
|qSk\[YkX}`""f&vvLjhP<$rwC",Check sum is *
test,"[fg_By\T}mycC2gZB/""kMG2aBxfY:mRYz6d5zUuE[~g0TLg$5|",Check sum is \
test,"g7""",Check sum is  
test,z1-fG_K6?9Tcp`,Check sum is D
test,V7|qr7V\:'f,Check sum is <
test,TVJK.9>U$?Ax{yUd#GB+rbn\,Check sum is W
test,"|]NWsUj6	6P1X,+ceDw#pI^o:c\Qw[Ype21`h,",Check sum is B
test,$w1[+&$X<zPI+DAE,Check sum is X
test,"	!5gtl(
GW_1bjp~J.&u~N}2/wBfOFE+4",Check sum is 5
test,"+AwplUf0P*;bjc @Ayd?xMAw=K""S3mGd",Check sum is 0
test,"bE#Kk
Ym'H]g?k-",Check sum is :
test,"XhF~oWzy*NqZ!W^CHpKF!t-Xh;9s93-,z^f/",Check sum is ]
test,"RPJoOwH$J#m@YcoMA^
sJZ2!p7Nq=i~MD1v ",Check sum is 4
test,"-MPeE%Y,",Check sum is >
test,ZEgRL46W/{;<yMH%.AB(CD^:[jsw+K,Check sum is 6
test,o35PQLydQ07KP4qB	,Check sum is D
test,"h[zTD	WNdGQh]pD\(ZD?U5LPCp=I+yXbp<AuFn<z6b@N$x?,_",Check sum is N
test,"<is!V&}7'PS 7J^Dy7orC%!
[R:7CB?i-u}{d/hN_",Check sum is G
test,#$(e8WR?@,Check sum is T
test,+)b	G,Check sum is &
test,"lh.NT""NEL(hcHK{11So)	y4[Uv5R=Ct,`B",Check sum is 8
test,"wrwo N
xH<yKC\@-siYstxb[3XVz\G0qp@DtY(n",Check sum is :
test,"^ofEho1$-0je
&E||(niGKRtNK-fW(S  >W\",Check sum is #
test,PTHQX&;Ra0oRE,Check sum is ?
test,jgKJ-R	,Check sum is N
test,"obG>b?2<bq)
e6G/,S!/(zE9da*RsA",Check sum is @
test,b<I}~)j@n9eS]CB]A+E	`8=n5Yj_`v*gU;MeSE=f'V1Jp,Check sum is S
test,L}MhCw\NE5,Check sum is <
test,"(1+upD /Vi\^C""/g'+mh2Rda)""{Jm/ws",Check sum is V
test,"D%yW$S@G6?D1e=2z?m_5:o_DJ|6Y6.
U3!^7w;D",Check sum is R
test,5T-v{!bN27Lo']/ObCCPV@b_Ui4TQZNNX\OtvM'aP\qgR; V,Check sum is #
test,n4Ia)]'n$e)$Zv,Check sum is -
test,|8YrY6?b>hG7o	~G<`359/tWMy;;!uGY}e2mn!_$2,Check sum is ^
test,d%k,Check sum is T
test,9'A*<*M5Nw7Fwa5;Q|U;Geu,Check sum is [
test,2c#}[lm0Et.{NRhI7.f]q<:i`6`Vu:#7NfyJ,Check sum is 0
test,"|;%g2,+qWuf>ZHM}Wg
s",Check sum is 4
test,;g,Check sum is B
test,"+f~+:%.'P-e73-KC&bx]G$pl
q??yUt53nxP>N",Check sum is ^
test,"kY
CbU\a3g9'c%{$^MbvKV_aN><uik?EG#.*D%DBC$gF`",Check sum is $
test,"$se86kw5"":DM%Mya> ""CKK2a_mts#19HW^eu4",Check sum is Q
test,"aB3o'/jP	lZ;,(Tj'-XQ",Check sum is N
test,"@wI]u_MoC@TU=Z8'~gA$i4a<<::,s=_p)",Check sum is 7
test,483!|?2#D3<P?\S_IQCy|8{R/-6`^DSjY0f:v'VL,Check sum is P
test,"RXfW2|z4]; L$[""Y&*bS?+Ql+4zWIAF*^H{~%",Check sum is ;
test,"9$P{n_
SaO#}",Check sum is B
test,&Zmu~eXb:Pyh$h(%_OgnVSU,Check sum is $
test,1joUZ64mD^htt!8I(k@Z_21IJ/n65,Check sum is N
test,])r;@gg,Check sum is !
test,",&on8P!J(IGYYvV_=|svb!A	u2$c:$Gi+VsKvuVJkl/~u<*%",Check sum is P
test,`L@OB,Check sum is ]
test,tHMNNLjJ4EQn5mj^,Check sum is '
test,;ZO ,Check sum is $
test,"\ygw&	x=B1=x^Md3v! DhW`(,YgX[Xus_!J6e@p[",Check sum is 2
test,rLi4Z],Check sum is 2
test,"~""t&>xpon9Sf/r{
@`=?w4qqP_N0OS	?OG",Check sum is K
test,e	B't\[d+.aX@`}3~8tPv	ozXRm)Nt3,Check sum is ?
test,kRgYc1HZ`Ucns2dKIa,Check sum is W
test,"UIgZ/ha0]X(:NwD5O
e8'TN)p?`[x2>q",Check sum is '
test,"6xsriu&-\HiZqMjlUXPM:YTgp|x.HQN#}T?""D;A}<6JI`+aqDH",Check sum is 0
test,Q;vteM{:V,Check sum is S
test,cuM{,Check sum is @
test,S+hez[V40b^oR0cJ$b)I6f,"Check sum is ,"
test,:mtrDwu|F4=w%P$B	L%1l=P'98h1bghV\Zoa 'x7(n	,Check sum is Y
test,"'
SB7k|inx5#TL;",Check sum is F
test,gjv')+_V{Rlh(	8_;,Check sum is ;
test,"1a 0|>hfQPB yhSEQN70p3#&mNzRb+:|ft(B""1",Check sum is Y
test,"GNw{E;,f|&0rxB<",Check sum is 3
test,%B;gg\u1 <A+>~vx,Check sum is D
test,"ti9u~o[fC
=tP~,`H]",Check sum is V
test,"Nc^}Dk,LDhr75$.|>YU@{V'&b3&$s`,6~",Check sum is G
test,654KJ,Check sum is T
test,X|+[,Check sum is :
test,a2_+'zF!7jwNU|~?\PXO)(jO`65N}zQ;sTf~,Check sum is ]
test,"94*JrpuW""dwbnmL
c2F\r>)M3&.q#1; b	yxtvz0/3hN6A8T\=",Check sum is '
test,"CD@,z:*p;96DS~wDd\",Check sum is [
test,"!6mM5o/P_Z4)\,(B!=Z(_6BTBP`?~g(s",Check sum is X
test,"$'rAZwG
V6pmPS~*1a(,` LinjuftNV-,o+tHD/@rY>b)MA%V",Check sum is Y
test,b)A^>ei,Check sum is V
test,"N:h}<{gT(Q3X&|Tv>`Yd_'KH|u[""p^",Check sum is _
test,@A,Check sum is !
test,"lHI?""TJ	U""Nyp$M#=T fe",Check sum is #
test,fakI,Check sum is [
test,KD85SZ^V9!)W,Check sum is W
test,|@,Check sum is \
test,4#RezI\g.AquN6a#U,Check sum is &
test,")Vgv3m,4NlvzG}#\5TW6YN3j0uc~slnp9aYdO(x5Qm_",Check sum is ^
test,"[-
)Zb
Wc:J4Jg\Di""",Check sum is /
test,li-;d:Z,Check sum is U
test,"m-; 
YggS{kkV-h",Check sum is U
test," ^:""y"".#o]J$s7;1xyY;
Y)0",Check sum is 7
test,e;4G_-9J[ z4%yScgx,Check sum is &
test,h>F,Check sum is L
test,q;ez&(p/,Check sum is X
test,"%p]|lUG&*GS[vo\%Vedc	M'<w""l)4me<qS",Check sum is 0
test,GZpHC	M7O	C1lirEe-JL7\jX`QSkY&Z~qXd9I`8>K3t'6wA%|,Check sum is Q
test,"G;o#u#Hm_I""Tz]hZB	;o,2L3c	",Check sum is 6
test,:@,Check sum is Z
test,%~Pbu&peJB/`rZ*+3~.6mMA~@HdoRXX,Check sum is L
test,"\Ou+ZVe\%yz""0>?z9
@ \c",Check sum is _
test,"Z,2CneB-8L=Ou1#cLR=?Ec5
9'VV>yw]7iHSb4|Wr:gA8)\",Check sum is &
test,ub2 9-J=B+$mY,Check sum is M
test,"zg[J3hpXu\=,kz-\Iz6[4G^0GZCzy?",Check sum is $
test,">O[Yo_))Nhe""'SbW(""Nc","Check sum is ,"
test,OM!D8uU>	ip7zYK;9v?0:_\U-eatt,Check sum is V
test,q1SP,Check sum is %
test,](B{3EW,Check sum is 1
test,j#JU'q{x-)jpT~WVFB`$z1,Check sum is =
test,"hbHos+=])""y)ve`x~cJYhRh*>hj|0W
*N \&;b9o,aWc=R1=\>",Check sum is #
test,"^@WCAyu(MtVxvULk|
Z}HQ",Check sum is 6
test,"^[)/""Y3FXmuST4\{1uSv47*S=2q",Check sum is H
test,zxkv8=\ga*Sx&*BH/USrM5>sT0|,Check sum is W
test,g;	=toR-'V^bIaSUbb>'6?%`ozEQ7%zZ%&N:d%,Check sum is '
test,"n,Vp>e7V",Check sum is 0
test,"""ZuQ(1L>SBrV<5
Le78l",Check sum is )
test,Op`mfc<u%}6aoRn/&'cc	$RB8U4v\|EX/~K/9Mtb+pm5<OEV,Check sum is #
test,2j;#q0U,Check sum is P
test,"
Np PEueWcfS(L'3Y`",Check sum is 1
test,}p,Check sum is M
test,~F=F$ed8x&\.?@cAo(;W?YrSYEKG3qCqD7$P3<no5i~4g;ic?,Check sum is ]
test,4+N>SeN|bDY<Z!'DcF,Check sum is W
test,Rkm]=j)kC$j|Fg+wP,Check sum is N
test,<[ji-<QpQMm@Z}?TfDU,Check sum is (
test,"7
5j]{CNkHCx6I|
LdAWv89<YOk?l""K/-	",Check sum is W
test,"
FjXb	79%p0iGKvUz@_8sb;V#i~2YAq-0_GB0&fQ8h>hG%",Check sum is Z
test,Xx,Check sum is 0
test,":sA6Z;h>~6Q5QhE8_I>K00$Q!1
7Q$=X~PdtaL]Vz3",Check sum is E
test,"Ix1?&q(m0#JC-x;hiv^&
d~4,r:d]t)z
`D*CrD99
IAu",Check sum is $
test,"P/6lVs3PA}o;oyA=#qsg ODhHI!{Z	#{[]
",Check sum is T
test,>$[2Lh6kRDLWS6qk82<QIDJOvO	?)-ek{7S,Check sum is W
test,"cCj	,`r:27lEg9ng0tUw> @i(:z.J",Check sum is K
test,M#]/([>{$LgrV.v`67sN?+66;!uyy_Op#TT,Check sum is +
test,"rT$R
qo""j%kRcm??bfW)/mHiv2+r*F	Hb9",Check sum is 8
test,"feiA-arv),wr	lTEJ.c6-(fzV_",Check sum is R
test,"l<0$($2nz:&v
G!;Lt3Wn:nG,iaX&Tj6`,BvXVE:MW",Check sum is )
test,3j=HJrluoiCtL8PufU\N-14hd[5J6p:d$l`jXzD#>h^\w_2[,Check sum is .
test,M|].k>7T8-`gFG8E)}8	/,Check sum is 4
test,>$u?,Check sum is 6
test,lMhiSa3wBu#8 |r5@gT_ToARg^Ex=0r2ct[H5|,Check sum is K
test,=>R67p;E&LVu=CIfwi~-zfAWBV=%bq,Check sum is F
test,"8Ou&}Bpk
1>Y^9P^e(*@ VCj5%fkRA
LS'g6kgN8.Pg_t",Check sum is H
test,0$@S,Check sum is G
test,"@,kOvcFW",Check sum is <
test,"
9i3vt>n{'t(54W>Vn(@blEvl@T0P3x<CtKtwkJQF0GN8*5",Check sum is B
test,"NRhtv""JPdPU3G\uDW""YAM;i\hLOAiBT[66gY!Gq?@QK6b<{H",Check sum is [
test,"RxZ
|fTQ[3]ShQW7P<<3'Y6.w^`?td|z}gca'YdT8q0O",Check sum is C
test,URPB/dGpeoGS ~-! ?`(qt0n'5[v7]/r_+m0j;I!)+(v*]Rz,Check sum is D
test,j@G)wS@2Y4>,Check sum is A
test,"dZ!H:?yOsNa/8}XlX!WyJAUEW;?""V-H3'jv#'N.za",Check sum is Y
test,tVv}c[HG	IcQ{G5Z:	]b,Check sum is C
test,W<esNssXx0F76f{]L&eZ;Z-|x:74,Check sum is <
test,"&9LF=&U0Aqo%9.8tk#z7MO""0^C@qO|\wYv#{?,+
p1L;I3iQ
q",Check sum is U
test,"J/#rO-uAkiVh P
yjKx9dS KJBi' )Jb'",Check sum is %
test,"U2~j|`(a[A""UgT7",Check sum is 9
test,$'n5(XA	/(n<;ny y;xDrzy]^,Check sum is +
test,"Wz?VKj ?C""T`k6.A2?y_",Check sum is L
test,U>}-h5c r >ds%((Q r_bof Ti<-8Y+,Check sum is T
test,"(9,@;	C<;b|}Pn3p,['IaiZ4#6	BC:4z.Dq""",Check sum is J
test,::}C^a==|/|\vd@gWQUgaz;S>YBXAdg,Check sum is [
test,"D;DDs3w,Qnd:x)!-<gp",Check sum is O
test,t\,Check sum is 0
test,"tYUbJ0,R9NBJ\T^vfGH#5B-V<N]ZS,Dy3Kg4y?C	?St",Check sum is %
test,"v
F8:
/c=?>JZC!d}^!k:p(T~w?0.",Check sum is 9
test,"NMEAf""t<i;v(lK/qV#WQ$Nd!",Check sum is *
test,"30{,DR#ehaCh9b~{sA@y~,e>	r!S1B","Check sum is ,"
test,"YF>1TSrmkZBbxIe\Z~Q|kjxHMW.G,Qky""Y\JN$J|OZ	(_)j<ZX",Check sum is &
test,"%J)""u<",Check sum is K
test,"T/[*b:w,$
9da.	4L=?l>w>DZ9'Kj^Y}VXJB[69MG0Fc",Check sum is =
test,Q!>rTPJ`SV{ia[9U,Check sum is '
test,M %SS`1dJ'bWjG2L,Check sum is &
test,"1gIQ&""(Rb%zsf* /D0=h",Check sum is @
test,Z!t?/tXKF'\]3Dy,Check sum is *
test,$>G>B-6y:>lW[55wK}y:f.Q*Na]{`N~@*5l#2#)(!Lg3=,Check sum is 1
test,)nYve2!${u5,Check sum is G
test,"~7Wd	UIDD^/Q_rF;CcuuF^.cm Wn7E%)mJ[8Hk
g",Check sum is >
test,"dl
zC*w2cexdj|=^`/%
",Check sum is -
test,"Y4
4b%H\>aw0X$Vt3b?\i2~Y[ '`OI(Mr9mnAzPGjJEVp*",Check sum is T
test,bmv,Check sum is %
test,RQ+>1+!n{S!}^4Gg-8YFvwXnV ruO?,Check sum is %
test,zmXe46-/@`7AyZL/\GzL6vrmkm,Check sum is <
test,"M+U&M
fUpJ:F%T/mGpW_W|j'cx",Check sum is  
test,"O"",A:X4!tV%'z
1",Check sum is 0
test,(\YYk`oZq~\iEA}nL;-pkg8sJ2$;D&>zkW@1zD-~O'cDSTo,Check sum is <
test,yw~q51g,Check sum is L
test," X&F3Gy
fu
piNnJJ%6:|'Nu",Check sum is J
test,^e CnrW%8H&^=X'kGNzvE_-Dp+#2~k,Check sum is @
test,Y[)'~vZ!k&2w$#m#=![d?,Check sum is @
test,":v["" {8N
WX29nwtUh=}QCJ",Check sum is @
test,"Pu5z5.4GWvOC.BdOqctPbKk96B""pfC;JE<DU9&{Ec-S>",Check sum is /
test,"9 p2t^/5W(C-y<+VP5""",Check sum is ]
test,nLFmacc*Y!N>%pkVlTcr&3;b~s-qY RUK)iQP._'df>v>Q8^Dl,Check sum is 9
test,"-^ITRhiI}m{&,Yj?B;",Check sum is *
test,R&`6v}M9,Check sum is '
test,9@tQ|6#,Check sum is 3
test,yyy=e2n]zP6*31E_$$/,Check sum is S
test,"KC!oSAK^%x?t,hS 6J<U:4[tR<?"".",Check sum is =
test,]	3cZeX,Check sum is 3
test,"\	|;vky-,wE?zkaV)
LJMr4SelTzrzXf;RoN*F5:LF_gJt6",Check sum is S
test,"e[ ""Z~IpBMI(w2^qR$Fb",Check sum is I
test, tn$ipikM>c{>;>CF	@,Check sum is %
test,"~(Lq$Q~0P*S(s0\7gZd""pwa8q7(|",Check sum is $
test,"fn_?XJ 4|&_Ru.s+;(w/l#Km0""V+ki@R}l)@1Vcrice",Check sum is D
test,joZ1u[~nTDL;<v^h_52hgG?y	rhG}qnGsl?+5F]-=M5!H6_Hkm,Check sum is #
test,d\RmxL.trN)u,Check sum is #
test,"uhiMdg_Q7A
uC>h@V5t<D*0^AN6@s}][Yw}:K2qn,{&~CE",Check sum is (
test,"eQQ|AOV]p9_096&r2(OGHOB(4U|B!,9	;IBq",Check sum is #
test,_^kwPRgPWUBO[jrNVU|M7Al<JJ	Ce0Pft/w.wPa`mQ:wyP@9u{,Check sum is J
test,"\}eLhN/4RW,?+X]<N*vAsPl,UUK.XSB",Check sum is M
test,D~:_WA]9zjOX{W,Check sum is F
test,{_N|d*HNs	s:.[%SG-:FDZ7w),Check sum is ;
test,;V*%HoQz,Check sum is B
test,"OpFN7.>$9=0QjjSp1G,xKdyjk]2[JA)xx}S64Vo	NJ",Check sum is O
test,z{5,Check sum is J
test,"6dF+'r'I7eV{[@AQm""}H	I'PY0`S^r]E^i7vl:S5=Uwh","Check sum is ,"
test,)4&`.`o?3yCE*.e[Ba_1P95*+'t	2=MDA,Check sum is 6
test,|Gp#h	_%e>${A]^OEacT5`@2i{,Check sum is @
test,"orqQSfnKsS&x//(yZF
&H:D&`vWT%2	GKBy~",Check sum is @
test,$`#Q`MBri[~lOrJ8XN)N!=)u8u5w',Check sum is C
test,f#JI,Check sum is <
test,"
eU7U9qWs",Check sum is $
test,l)%({BNmjeoVloWp#9+Gm*\+^QqwxUf]q\P2#Yo;HSXY/[/V,Check sum is S
test,"a3Wa*Qx3.w[GGP
Sa@V6{+}",Check sum is ]
test,Zngb!$!dej*4;wbVDt35P	=QOI[R%'Zfji[I~W,Check sum is 6
test,"utL
.],xZ.2ZwX@VSLfNF3W*.P;7}Lam>",Check sum is Y
test,"jC
r.hSvqP>]*|8qR{QeD7*b[c{z5/TvXYa3J3&",Check sum is &
test,"'-7Ybq6dUa+_)\,jO=TN[/9.,Y/sF",Check sum is X
test,Hi,Check sum is Q
test,"AyP$[rHazHx}CGG*],3I	-F438U%
n01N",Check sum is 7
test,;{(xJu.Nony`F*'r@F*PU(aUd&_T.(,Check sum is 6
test,:cr]U5n{^2EuO$|X|2:oG(1=|i'@t),Check sum is -
test,DCHki]ej.'1Kh@	kro|4b2,Check sum is A
test,=dE|b#fg5VsfO$}Rz0g_`TLX8QBT;ZkY&#Mrm4;b,Check sum is @
test,5kJ_!W'C?vdCpSqW[*,Check sum is 7
test,"P(ts0@1pBmcWmqInfwSyN9r0L-G
OUC:@z)k7U
m11~'|L",Check sum is +
test,"4+?(IR'[T/Ud,M8&eaUI]Dkyf)6sy0jC>c",Check sum is .
test,$%(\ydx_oaR'WF&?	`f@OTQyY;O0Bx[[Zy7Ea.H{$@t,Check sum is $
test,?c>%_=Z)d$(U-7vw^Rl,Check sum is 6
test,"O2/7)Fqhn%y+M-C/'(QZQ`
S,`ZI'I",Check sum is Y
test,JEj?6q <d&O)aHT,Check sum is Z
test,'r_FcvCWT|'Q};5Pm+e#F,Check sum is <
test,#8{k]Z`>GP{3U0[Xd]C ~[U pp\.OL,Check sum is *
test,6F?M5RnQB,Check sum is 0
test,A/C4Pnc^,Check sum is F
test,"(`49|w~_kh'XRNP,+@1..uG:\%8Kcrt8d(DmJ{",Check sum is H
test,FcGDlR5p|Sxv8jWl(wU~&#*}\n/}S Xk%,Check sum is L
test,1m9rP%@{=3l*SPkS&?XTV]	2k8[S8<io*f*dsk?g&ZaXu,"Check sum is ,"
test,=/ 7'6&o'X'n0K>B1<eXSz3xJJ{HG; i6 |GtB,Check sum is 7
test,"s7U}V}oy|~|!Djl+Iv`IQq'g Q./df4H4
,zn
c=j83~xn!*Y",Check sum is X
test,L	[6>N-i}Gb,Check sum is N
test,"#)
_(oZd$Rz{DbNLJPllG3Xu(lh	tmT}0",Check sum is 5
test,"ptZM:HAfc
JH-t53
/LSh%.+eW[p",Check sum is !
test,"Wb=Oz
m	
P=pD}Jq*YK*q@C=GuVu\z'4Ty",Check sum is P
test,"YTrb` ~9Oxa1qSOb._*el B#;aaPH3kXR6K<Ve5lX[
",Check sum is &
test,";,Uwzt-3y_;bN
]BUo^r",Check sum is !
test,%=1(&|_	q!T'gSK#0]ZS)@qLk}r(]dKQ	)/wy<TR\ lyTB V,Check sum is 9
test,#DN#y/ooMq2,Check sum is .
test,wgs|1`]k:T^OYHZmK#;E*6&}5aad+Etn94|Xb6v.,Check sum is D
test,"PRfd>Hq6!,KSN)Xr}Grmj' {s",Check sum is '
test,"0oiO
"";`Z'}c7VV7.to]Ob`",Check sum is 8
test,"P,YLDrB<.W3IVlY0\T- ;Ha?3c?|",Check sum is 2
test,} D|LeN!(ic~2@:nKU'|wv EnBkMFmeJ>Eq,Check sum is <
test,"~QAh]v$`FR$B752M(Lq=236$Q}>\@#rSIKPMi$""x-",Check sum is N
test,WTuG!mIKKg{E U'b,Check sum is Y
test,",^z %x '=InB",Check sum is ^
test,5sNiBPw\IBHh}/9KoTnBi:!i \pM,Check sum is (
test,"*""D",Check sum is 0
test,_L6K[{Nww!G)He,Check sum is \
test,"&.$LWD!jl}z`olg52-zuU}B
v[o,J8i6h!Hc8]M8",Check sum is K
test,tqDeqK5kN*uXdc|M}!j*HM2.p}mhnu0} J%h,Check sum is O
test,"'YctQ`n /CA0{(>p:`7kjL?%Zb
OD\}C~",Check sum is 3
test,P_E(/['c[a5HI,Check sum is R
test,"?Uq,kjy8'z70""O}k:HF",Check sum is @
test,!ib'T:<%uxJ_(-rpr@5Ga*Q$unFL=,Check sum is O
test,!@_O^GP5/Tna,Check sum is +
test,X|87;:+gVxqUm]h7IY:^BYjYvw5Uh\QsjriY29FC*Py/r,Check sum is $
test,0]tJH;',Check sum is U
test,x4Xu!_GEsl,Check sum is D
test,f|5ydKg,Check sum is F
test,"TL1+aD39_)zUr,iy1q=nm*yV.Kk2yZH
qM",Check sum is 0
test,"\]aTqFH}i!X4Sj	B|%^m@kq/i`0gPFei.wuvZ.""6m7*sxe4'",Check sum is L
test,T{,Check sum is /
test,Al:P,Check sum is W
test,_8,Check sum is 7
test,@&B$(<+Ib0&,Check sum is <
test,FhI#e)3 Min_?J(vkW/;xUbOb)'T2jiI;M,Check sum is K
test,"h,c^u<K>]%`F#=SMEj>m6n2;p
J_bE
?1U]SKE\Tp9~dj^*,",Check sum is 4
test,"
$@O%^]Jt\=L u|~):?+${9KTE/",Check sum is '
test,"`Wf[s'1=p|ELSsg@""%r(xr%'Oas^dHj5tG04TDF(Z","Check sum is ,"
test,",Ra2/\Tu",Check sum is E
test,".XcIJv{{o/QaB?
	LF	EzXh*yPReEg[k~b",Check sum is B
test,u0>n|w}uNU814,Check sum is V
test,"^(jF_@t'r_{hF\&:
jj6x=;J2p[Z~01{;SM7Mcl",Check sum is 3
test,"&dJV;jGW26ayI7Q,T@m&Asx_avc7DF8j;[[",Check sum is L
test,"""PF<b!8x?EM^gVi8",Check sum is T
test,"(dyTc8
))5j<u,(}l<`.)7o0KK2g",Check sum is 5
test,"6>s,A1IEv3nwc>VDoCzIcr!G",Check sum is .
test,"$&vI$##Jj8m5z8K{8RK""V|f[Wky$5.`(
3u^rYsA/rB~@xA",Check sum is V
test,"/=""5k""b![?>ssB6Y94g*f,oOI+:PJ$	mcT",Check sum is )
test,lo1g^5gX!.q[,Check sum is @
test,"W=""VDUIZc",Check sum is K
test,jBH.6#[tUmDL<S/NNmj(r?kURxXui=<bV[J0]kX5wUL?!,Check sum is Y
test,Q[CFpIG,Check sum is U
test,"Q8""?40uQ	96&imNzz#mT`5'BIR^ <^MMX#.cRRO)7Yo`W",Check sum is 7
test,"?JureT#p(_
V2wTxEnJyoE-]zV|2o'_m69",Check sum is ;
test,".tfd}}7)CeiAs@}A>{-lb&C:|b`Jjq~O0f}JSLs8>8
\u>",Check sum is &
test,"lt""Y85_<r6S_Y
@%9w~#~9?'804ga_LrUp3%mipkr[0&K\(",Check sum is T
test,w[,Check sum is 2
test,LwI)~rD3$,Check sum is  
test,Hb{4(E36KbS'60o$5V_%a~Q)P6fcB<7oCNum(%7zjG93.d-H(,Check sum is G
test,"}Ey}u~cwEo8G_,y`fQQO4{6rUcokRPx%iwxDP/J8#kY",Check sum is ?
test,J)pE[6D	}P+6~>M*W,Check sum is ^
test,z4Vjd9&WS9[^xWtk;MQI9`-!>`x7iSIU`]]WaZ[lg}`HZ~y,Check sum is [
test,`gL/,"Check sum is """
test,"cm_n/ ?J836(FX6	,<c%t2OmUD4l7bZ""p7JP&_",Check sum is !
test,"0KMzM~uNY7 B}LJx+""|s  (3vw~'P",Check sum is &
test,%GQ~6S[jkC,Check sum is W
test,2dBr7^,Check sum is ?
test,v9P2xF!#B$g0d,Check sum is 4
test,iZy?Vtjl4Xb]ZU}sTx		c~..Hr*`D&*!du@.Do,Check sum is 3
test,"C	ekFn^u-D@""
`^2RCaBb@GNZ%?",Check sum is =
test,"Iw6Wj@~hVM0|(O\NW//ZeH`}h7""jbUGI=~It[*p3g2(&w8Rd4F",Check sum is ^
test,mh,Check sum is 5
test,5=;	2pN!I2h<,Check sum is F
test,vh_9hL!:7S>gd,Check sum is 8
test,"#XJw',S=3s5LIKC7",Check sum is 4
test,"%Co""E1"" `,)4W`rm-;d0,'E
~""Y=8iiMm",Check sum is (
test,"x-*
b L]",Check sum is $
test,<=^}> ;jR6Ux=$Cho1r%2Fcg=b*lFh4Q,Check sum is 9
test,a%37Lsg?z#NWTbYuw~\G)@'gT&rH;oDB)S|sOe,Check sum is M
test,_Zx6Ik\x2o[LrUQDj${2`TCUP)bL,Check sum is !
test,"p4;)_,f|bc*}fL5?.eNx5FArrGi4`T,
:x""=It+r&8P~",Check sum is E
test,"""D#$5eq>vXY&VPGS2~|&Dn[3ja*E8)$4:M""3",Check sum is D
test,"BgI8d^vc]IJqB}Q#MT
+.KJ\1\iIa",Check sum is N
test,"@8A1[u?f.*:*y<M#Jr)mA?/e,F_xeq~.J'5^`PP	iE}PL",Check sum is %
test,y	OuAelFSUL,Check sum is 2
test,"=6i%%gd
7ZJx(AlA[",Check sum is _
test,):?|C6S?i,Check sum is 2
test,"rUIo& #:=xEg|bWd6',[s}nQymDVL",Check sum is [
test,u69OF<Uu) -%-;-*RVG>1H~c=UDx@	,Check sum is W
test,HkGMu5 9Av_i#76)tYteM\GU,Check sum is M
test,}4V+b|Rb<p=I)1JiV,Check sum is 9
test,Ar7tS,Check sum is Q
test,"2Y(s'Y
koW|p:`""pe6QJBaSA#	NI:4FC|P",Check sum is L
test,"=x	Ha~Y
|lZ""TYR,:	u^=:_zA(vl175
}E/xZ1_z'F$[?v",Check sum is =
test,"_,2;}`kn#/{		>qeH@~;<#jF_",Check sum is 0
test,"H'[^Qcy/4,sgEr>[.L,2|	fW<VZi(rsW#g%5Djej","Check sum is """
test,"WudSuJ,v4>y+!	&rvUt|we[BJzB{k",Check sum is <
test,">(;l|#2'LO""d,BG;94DXo
U:lg\{?A}$)P",Check sum is K
test,"6,t!'E?	z}",Check sum is B
test,:XWvO<_VBjJAoj?&^h<L%!\&n/Qbu@wML,Check sum is _
test,+O,Check sum is Z
test,R@,Check sum is 2
test,[0Wi'6-GOU*RU$Eip-Il@m0x{Fv9}uhh>z]3mmO?4!N,Check sum is /
test,)xH|I#%!t0i!ziMFst>J{D-3p\A#}gjp$-PE,Check sum is =
test,jwUzIPX 6lMchyy@TY9kFVijJ|(A],Check sum is Y
test,r~/5CWGq;,Check sum is A
test,.@0ZtVOEYUOmfoV'	g0G8`9$ws7UQ/6p 	Ni3@n'6Kv_o_Rf4,"Check sum is """
test,RxZvSwk-j6ft)3lSA(4ZbstFP:PbUM##C|J@L!h1e4c,Check sum is &
test,uV0.}o#F/8Fz|,Check sum is A
test,YBD1g,Check sum is W
test,"c7PDl.0a!)[HSXW-+reU0BvV""ij$tV",Check sum is M
test,'Dg0j#iu'}4Vsy/,Check sum is V
test,"B-bU*SiM!5y
/",Check sum is A
test,^*Lrwt{@j>FL`'7aiU[>x	ib`-\{7VA^c<bgCh74:N7;,Check sum is P
test,g=cQ6Z478U	=JF,Check sum is V
test,(TJK!,Check sum is R
test,"Ee?<*5QR7
w#Umd3RL /&#b9wa:i'e?<RZ",Check sum is :
test,"#L9N)hY:TKn0DT#[J
]SonU'lwPvhA{(DK)/Kmq{'<h@FJk,g!",Check sum is $
test,"|/Y
0by]Ob `Ax/7 mB1)-<in{8Lp{po].5:VI[d?kf3|",Check sum is /
test,&8+!D3T&r-F}urKMr?KZ)l9'|@b!-$,Check sum is 7
test,"E}t\ 6n_'w2WJ)}3NW&-\jHKI
c$wb}",Check sum is  
test,*OUGO5J2<:'f#{an/dburL9fi[y^|(WaZJCG<u@A3y3t,Check sum is V
test,"`).YkDWX[D#O}w/[[YDZJp7i\=9O
<pUX:gt894",Check sum is G
test,Oj$r.Xsz]h(=CyLurpQ1A]-2kH,Check sum is ]
test,C1B1rywqszqS9EiT['P#xi.,Check sum is J
test,",>~M@R+5eXM.a',",Check sum is 3
test,Pv,Check sum is &
