set,input1,output1
train,,Check sum is  
train,	,Check sum is )
train,"
",Check sum is *
train,"B
","Check sum is ,"
train,"

",Check sum is 4
train,"

















































",Check sum is T
train,                                                  ,Check sum is  
train,ssssssssssssssssssssssssssssssssssssssssssssssssss,Check sum is V
train,"CD
CD
CD
CD
CD
CD
CD
CD
CD
CD
CD
CD
CD
CD
CD
CD
CD",Check sum is 7
train,"x
y x
y x
y x
y x
y x
y x
y x
y x
y x
y x
y x
y x
",Check sum is &
train," 
 
 
 
 
 
 
 
 
 
 
 
 
 
 
 
 
 
 
 
 
 
 
 
 
",Check sum is :
train, ,Check sum is @
train,!,Check sum is A
train,"""",Check sum is B
train,#,Check sum is C
train,$,Check sum is D
train,%,Check sum is E
train,&,Check sum is F
train,',Check sum is G
train,(,Check sum is H
train,),Check sum is I
train,*,Check sum is J
train,+,Check sum is K
train,",",Check sum is L
train,-,Check sum is M
train,.,Check sum is N
train,/,Check sum is O
train,0,Check sum is P
train,1,Check sum is Q
train,2,Check sum is R
train,3,Check sum is S
train,4,Check sum is T
train,5,Check sum is U
train,6,Check sum is V
train,7,Check sum is W
train,8,Check sum is X
train,9,Check sum is Y
train,:,Check sum is Z
train,;,Check sum is [
train,<,Check sum is \
train,=,Check sum is ]
train,>,Check sum is ^
train,?,Check sum is _
train,@,Check sum is  
train,A,Check sum is !
train,B,"Check sum is """
train,C,Check sum is #
train,D,Check sum is $
train,E,Check sum is %
train,F,Check sum is &
train,G,Check sum is '
train,H,Check sum is (
train,I,Check sum is )
train,J,Check sum is *
train,K,Check sum is +
train,L,"Check sum is ,"
train,M,Check sum is -
train,N,Check sum is .
train,O,Check sum is /
train,P,Check sum is 0
train,Q,Check sum is 1
train,R,Check sum is 2
train,S,Check sum is 3
train,T,Check sum is 4
train,U,Check sum is 5
train,V,Check sum is 6
train,W,Check sum is 7
train,X,Check sum is 8
train,Y,Check sum is 9
train,Z,Check sum is :
train,[,Check sum is ;
train,\,Check sum is <
train,],Check sum is =
train,^,Check sum is >
train,_,Check sum is ?
train,`,Check sum is @
train,a,Check sum is A
train,b,Check sum is B
train,c,Check sum is C
train,d,Check sum is D
train,e,Check sum is E
train,f,Check sum is F
train,g,Check sum is G
train,h,Check sum is H
train,i,Check sum is I
train,j,Check sum is J
train,k,Check sum is K
train,l,Check sum is L
train,m,Check sum is M
train,n,Check sum is N
train,o,Check sum is O
train,p,Check sum is P
train,q,Check sum is Q
train,r,Check sum is R
train,s,Check sum is S
train,t,Check sum is T
train,u,Check sum is U
train,v,Check sum is V
train,w,Check sum is W
train,x,Check sum is X
train,y,Check sum is Y
train,z,Check sum is Z
train,{,Check sum is [
train,|,Check sum is \
train,},Check sum is ]
train,~,Check sum is ^
train,)[,Check sum is $
train,0\,"Check sum is ,"
train,U ,Check sum is U
train,2f,Check sum is 8
train,L-,Check sum is Y
train,	o,Check sum is X
train, ],Check sum is ]
train,~e,Check sum is C
train,lB,Check sum is N
train,",<",Check sum is H
train,im,Check sum is 6
train,Lb,Check sum is N
train,pZ,Check sum is *
train,"""+",Check sum is -
train,:*,Check sum is D
train,3o,Check sum is B
train,N	,Check sum is 7
train,(L,Check sum is T
train,K%,Check sum is P
train,'X,Check sum is _
train,{:,Check sum is U
train,8@,Check sum is X
train,`t,Check sum is 4
train,k',Check sum is 2
train,	&,Check sum is O
train,%P,Check sum is U
train,T+,Check sum is _
train,R(,Check sum is Z
train,'N,Check sum is U
train,+B,Check sum is M
train,#S,Check sum is V
train,o	,Check sum is X
train,c},Check sum is @
train,*U,Check sum is _
train,;N,Check sum is )
train,!z,Check sum is ;
train,3H,Check sum is [
train,hi,Check sum is 1
train,(A,Check sum is I
train,*b,"Check sum is ,"
train,k;,Check sum is F
train,zL,Check sum is &
train,"""/",Check sum is 1
train,.u,Check sum is C
train,X},Check sum is 5
train,<p,Check sum is L
train,+n,Check sum is 9
train,%C,Check sum is H
train,]c,Check sum is  
train,2~,Check sum is P
train,h>,Check sum is F
train,:J,Check sum is $
train,Cz,Check sum is ]
train,zL,Check sum is &
train,6|,Check sum is R
train,/^',Check sum is T
train,"""zL",Check sum is H
train,"C
&",Check sum is S
train,vSm,Check sum is V
train,Wlb,Check sum is E
train,_Ts,Check sum is F
train,>Z+,Check sum is #
train,c]8,Check sum is X
train,4jz,Check sum is 8
train,ze	,Check sum is H
train,Oy@,Check sum is (
train,gK|,Check sum is N
train,wvZ,Check sum is '
train,3>Z,Check sum is +
train,G?@,Check sum is &
train,"RO
",Check sum is K
train,bor,Check sum is #
train,jn7,Check sum is /
train,Q&[,Check sum is 2
train,bgY,Check sum is B
train,v+i,Check sum is *
train,gV~,Check sum is [
train,(B*,Check sum is 4
train,P=4,Check sum is !
train,)}d,Check sum is *
train,uaW,Check sum is M
train,#0G,Check sum is :
train,/W`,Check sum is F
train,|0V,"Check sum is """
train,o@q,Check sum is @
train,UmM,Check sum is /
train,!q^,Check sum is P
train,KD&,Check sum is U
train,$>j,"Check sum is ,"
train,}=4,Check sum is N
train,65z,Check sum is E
train,sN6,Check sum is W
train,}nR,Check sum is ]
train,"&l""",Check sum is T
train,qZ?,Check sum is *
train,$~e,Check sum is '
train,Vp*,Check sum is P
train,uRM,Check sum is 4
train, O7,Check sum is F
train,Sy7,Check sum is #
train,pn!,Check sum is _
train,`|_,Check sum is [
train,loi,Check sum is $
train,L< ,Check sum is H
train,P_Q,Check sum is  
train,\i3<v__fZcjP[ILaafF9 +ob19]hS7\xjQ_+|q~TGr,"Check sum is """
train,RZr.6FHrJ.%#Y:\m8|J;e( YELrMtTmJ,Check sum is L
train,@sZz#mZgPEc&Np,Check sum is T
train,Dm+Z6i4&rCTv0QsJri?oBUfpr0lQhM#De\3Z.oT}Q`^lq,Check sum is %
train,~t/#aD7;CsK,Check sum is <
train,"<""S(=(W3	wg.uKt>60d-Zs7N+#QKU!%X:+Yp~iT7""Jt=j
P/xC",Check sum is @
train,SX:2/q)w,Check sum is 7
train,c~hVwbNR>v)yn,Check sum is <
train,"PzZfa
""i5G !<~Rf

=X Q#YAckZnNb#3[WBf_mf;Na/&f\",Check sum is O
train,"a;H,Y`%)""<j2(1VI=So)u9]K7G""C(b5uL`%a",Check sum is 0
train,"ZSuzF1*tBr""-\xo8/]W7d)drlf",Check sum is ^
train,>l*zK}|T@Q]nk~wuV_RXqt,Check sum is ;
train,"&?(ZWZQ~~3%&-Z=.@Z$v|9IY%""`""]hy`$]",Check sum is (
train,"N'g""#qre#Y${s'""QCNVXrTB|pT/AL=cQ$~#",Check sum is *
train,HM<]?B&\]#FB<G~Jv|\_*N,Check sum is I
train,Zyqo(|-qPgKQ^Ha,Check sum is /
train,"RRooPJ-t<NudX{w94-W\A%o+,G{	""~?O#&`lKxOk[",Check sum is )
train,!$Sf_gv>p+?t%%^cg,Check sum is X
train,H)9C%]0@2a4s8yQg*```=n37/Hgw&^YT'0O:,Check sum is '
train,"fv)|2<ivh1&`TZEE.JfQ2=^g;!zH[
	]&/",Check sum is &
train,"HOitLc KN .Q5$>^9(.eK1""Qo80tD
lS/Ak=:m",Check sum is J
train,"W^M.mS1`a]f&BDH|C|C?G2l}.oWlxaLQ]yF2,e4=K4R:T`",Check sum is =
train,"eZ3Tc6Wp
wQbq#",Check sum is N
train,jij=`!npVJ,Check sum is Y
train,a&p	Od7.znpgz!X#E'4dmY[}Tb^}KvC'LamB-&3$?Qu,Check sum is 6
train,"&rH=!UG)""Y0
x>aB).{FwEb:AtuXUZooX5hUsd>R=|7<v8`",Check sum is [
train,!)cm0Kl5CXtF\~IBW{fx)<Me?,Check sum is V
train,"(61CarA,@+`},:6/Mcx#~[P3.\
OJVg0X}}C3",Check sum is N
train,%&?w)Bq5:`(X>Skp|jIte0:3P?^5,Check sum is ?
train,":
zb""jf%I:Ix+[PJ_ZKN-,|,\rMpD6PAbOXa
A)RT",Check sum is (
train,"R<""B^ IVnHk
W.d:snQt,J'""U{}d1b{T[R`+5p",Check sum is R
train,"<eX`sIXqbd0t6A|V""0KyD,HrSI;@N",Check sum is V
train,"kd""[XvRj0x\Xzh",Check sum is 4
train,"lHMM""2`<1Z- BGXBTj?5Q@t`q[6L mi,gkWfQ",Check sum is @
train,"1K	fM/bdv>R%c*_.]$Q(|8Qu)frp5S""
I*Wup)&",Check sum is )
train,w7WWG&X-*]89)I2xE`q!JJ2Vr2?oerVtnaX0tet.++,Check sum is 0
train,"b#883V-?q7`l\i#1r!P3#
VD8h>Cs;/!S",Check sum is &
train,HX}x;8J;s,Check sum is  
train,}7A`/a?n a#Tj<,Check sum is P
train,[_n?;z+Ap$ST?zadH$_)7ne8hB,Check sum is A
train,"wzJn882$}Slajjmj$93s$s.h9eFvrH@,kjHI%`)X#)))",Check sum is Q
train,b!!ccE=),Check sum is 5
train,"F}fsU.#QOGaf,90^\][8:Gw#Lv,w[/a^",Check sum is X
train,5LDcqa;!%X`c%!SvhQ,Check sum is >
train,"\2""Snja""GY&m:Znq8?p60.G]A`*o(s1JWLYt{2opNYp.K2",Check sum is Q
train,"]wmZ2u@~
nf0RlLD-2M&AxU8FkNvL|`e,9KYkv%d4Ll$",Check sum is Y
train,"^{q1c@V xNaT\\z\7]<vG#h7s<'c?q
62,>;9sV@E8_",Check sum is *
train,eLd9},Check sum is +
train,"~yR}{E$'[83[t(l#hI}
_5~ql.XA^7%n",Check sum is S
train,"~'hKQ5b.""$<M!MI8[-GJ*9%|)9x+gcP",Check sum is H
train,p3\ll0M3&c@(GGShDdbRiz^<xI!=,Check sum is Y
train,"=""%]l/DDEBa1YNks[DFmm8!J0#K c|}eV|k ",Check sum is @
train,"iaolMyg.^_uqruV1.jO&w_FH@X?^-b {Oe;3""Tp,UVnsg",Check sum is (
train,c&v+EsxeG=*#&,Check sum is V
train,"J?5[KNqyTtaILb}j*#/w
]<L|r	W`]C$d8G(G_E""'.j<YLk*&9",Check sum is C
train,]mQ_V\Fp.%%dyfY'S&	,Check sum is ?
train,c=P6s1G=avS,Check sum is X
train,"]m0rSL@JY~;IR'vMC\yS'^>N !8k,'t#""DXUrmP}Q",Check sum is &
train,"KGHtOH#.$,Ig1;1Dea;6FE[;OmHIn8/C~?09AZ4ctE",Check sum is E
train,~:%}mw=z(>+vztReaswwO@n9QuiizF+x9:NsNvbrM]sXFi,Check sum is $
train,+VX]*Ern\_shId,Check sum is (
train,%Q,Check sum is V
train,zi2_,Check sum is T
train,UM uy;9 -,Check sum is Q
train,t47[W{rJO[-wTJ8x0#r0G1DN+06fl`*:|$~mrl,Check sum is S
train,"([Cy-tlmS> BQIF3ujJ3d^X'$9rb
pY-MN.|	Usc! :bLwb;",Check sum is #
train,LkH_W(z{f=Z}PM+Jo]Z	d%dn}%7f,Check sum is G
train,"3URC3jz%P:~M+G#
0$}@>z4P_>S&bOtON~.%",Check sum is #
train,`$,Check sum is $
train,"?U$)|+<5>f]r0w&""]f=v-P1",Check sum is _
train,"DgY{6/T4&!_,? ",Check sum is =
train,BDljB9k-hKy^Mp7#sFlseoQ93_HoB-d(7C5E7f_CV),Check sum is \
train,"})o#1>y,Qo*M",Check sum is #
train,"JJh|~`]yaRI""",Check sum is *
train,s1LE.&]5%Yb,Check sum is [
train,"),={ku[CZ[:6[k",Check sum is V
train,"*ND~cn>)JDm5Xa}t@uvPr(6/a	L)ck0A*U~x
e`D",Check sum is L
train,"
>(gwUbk=I|7LoKO0ou6L,A6QZ",Check sum is B
train,"m1vuPT<3}OBP
""H<W5~qgj4[",Check sum is %
train,WD&cFQ$8.?8Vj!ho!|L@N.M~xn<R+tu>o`9L5XwXh_x~BTR,Check sum is _
train,b@Ih#MLp%g1<u*yE5LzFA.W`{gNY_5,Check sum is 9
train,RK.tFc,Check sum is H
train,"5:=r[U3mQ9\GI~,Q-^hc86gW[ll1IbYC
Up?,K{WC=_j4u-ppK",Check sum is M
train,;?,Check sum is Z
train,Au3/`SZ|D$BTYPd,Check sum is L
train,e!Z	@O68G,Check sum is M
train,"ptTX~n7a+U~g1&1,D,/QOcI
!joqGvYI",Check sum is L
train,(ZDN%y~?S5,Check sum is W
train,7DMmii$[$Gn~]~=.w:Ge!D,Check sum is E
test,6B,Check sum is X
test,",J",Check sum is V
test,<w,Check sum is S
test,q ,Check sum is 1
test,mM,Check sum is Z
test,eI,Check sum is N
test,W;,Check sum is 2
test,to,Check sum is C
test,Ts,Check sum is '
test,L9,Check sum is %
test,qs,Check sum is D
test,KJ,Check sum is 5
test,U$,Check sum is Y
test,_c,"Check sum is """
test,#b,Check sum is %
test,O$,Check sum is S
test,?5,Check sum is T
test,E?,Check sum is $
test,bI,Check sum is K
test,DT,Check sum is 8
test,?~,Check sum is ]
test,V1,Check sum is '
test,oD,Check sum is S
test,h;,Check sum is C
test,2?,Check sum is Q
test,vm,Check sum is C
test,"
d",Check sum is N
test,SK,Check sum is >
test,6n,Check sum is D
test,?),Check sum is H
test,Q\,Check sum is M
test,e3,Check sum is 8
test,Hj,Check sum is R
test,Vc,Check sum is Y
test,~B,Check sum is  
test,vj,Check sum is @
test,D=,Check sum is !
test,!p,Check sum is 1
test,w	,Check sum is  
test,qI,Check sum is Z
test,"e""",Check sum is '
test,d<,Check sum is @
test,Fz,Check sum is  
test,Uf,Check sum is [
test,Q5,Check sum is &
test,",K",Check sum is W
test,@j,Check sum is J
test,Q`,Check sum is Q
test,RX,Check sum is J
test,y|,Check sum is U
test,7Z,Check sum is 1
test,",$",Check sum is 0
test,TI,Check sum is =
test,p},Check sum is M
test,%M,Check sum is R
test,:n,Check sum is H
test,N-,Check sum is [
test,<2,Check sum is N
test,*y,Check sum is C
test,&\,"Check sum is """
test,kW,"Check sum is """
test,HI,Check sum is 1
test,fI,Check sum is O
test,a/,Check sum is 0
test,*w,Check sum is A
test,lm,Check sum is 9
test,NV,Check sum is D
test,~=,Check sum is [
test,U|,Check sum is 1
test,jx,Check sum is B
test,rX,Check sum is *
test,$%,Check sum is )
test,Rx,Check sum is *
test,2X,Check sum is *
test,o],"Check sum is ,"
test,t|,Check sum is P
test,"
E",Check sum is /
test,s>,Check sum is Q
test,w5,Check sum is L
test,es,Check sum is 8
test,%!,Check sum is &
test,TX,Check sum is L
test,.q,Check sum is ?
test,%~,Check sum is C
test,*d,Check sum is .
test,4E,Check sum is Y
test,"^
",Check sum is H
test,KT,Check sum is ?
test,kB,Check sum is M
test,^k,Check sum is )
test,YB,Check sum is ;
test,eq,Check sum is 6
test,lL,Check sum is X
test,Aw,Check sum is X
test,r\,Check sum is .
test,"c
",Check sum is M
test,6v,Check sum is L
test,_Y,Check sum is X
test,'M,Check sum is T
test,fT,Check sum is Z
test,cc,Check sum is &
test,|(,Check sum is D
test,d?,Check sum is C
test,E2,Check sum is W
test,7U,"Check sum is ,"
test,]i,Check sum is &
test, (,Check sum is (
test,53,Check sum is H
test,:j,Check sum is D
test,kS,Check sum is ^
test,N',Check sum is U
test,",&",Check sum is 2
test,"""T",Check sum is V
test,0F,Check sum is V
test,9A,Check sum is Z
test,*~,Check sum is H
test,s^,Check sum is 1
test,kt,Check sum is ?
test,Ii,Check sum is R
test,?-,Check sum is L
test,+_,Check sum is *
test,G8,Check sum is _
test,`B,Check sum is B
test,ED,Check sum is )
test,SS,Check sum is F
test,FZ,Check sum is @
test,b7,Check sum is 9
test,1.,Check sum is ?
test,Pn,Check sum is ^
test,e8,Check sum is =
test,I3,Check sum is \
test,0n,Check sum is >
test,M1,Check sum is ^
test,|+,Check sum is G
test,Oy,Check sum is (
test,")""",Check sum is +
test,La,Check sum is M
test,:>,Check sum is X
test,7',Check sum is >
test,"
s",Check sum is ]
test,e%,Check sum is *
test,.+,Check sum is 9
test,G8,Check sum is _
test,*2,Check sum is <
test,I.,Check sum is W
test,M>,Check sum is +
test,b|,Check sum is >
test,"a
",Check sum is K
test,{b,Check sum is =
test,kV,Check sum is !
test,;0,Check sum is K
test,"""v",Check sum is 8
test,n7,Check sum is E
test,c ,Check sum is #
test,[S,Check sum is N
test,UE,Check sum is :
test,QF,Check sum is 7
test,bd,Check sum is &
test,YJ,Check sum is C
test,D[,Check sum is ?
test,SZ,Check sum is M
test,;\,Check sum is 7
test,yb,Check sum is ;
test,Be,Check sum is G
test,b*,"Check sum is ,"
test,(o,Check sum is 7
test,1A,Check sum is R
test,06,Check sum is F
test,kx,Check sum is C
test,Hp,Check sum is X
test,Nz,Check sum is (
test,=e,Check sum is B
test,l.,Check sum is :
test,b!,Check sum is #
test,J^,Check sum is H
test,N>,"Check sum is ,"
test,0:,Check sum is J
test,BO,Check sum is 1
test,/k,Check sum is :
test,#:,Check sum is =
test,Gj,Check sum is Q
test,(A,Check sum is I
test,"D,",Check sum is P
test,\:,Check sum is 6
test,PU,Check sum is E
test,Yx,Check sum is 1
test,D8,Check sum is \
test,^^,Check sum is \
test,Qe,Check sum is V
test,;A,Check sum is \
test,@g,Check sum is G
test,WA,Check sum is 8
test,Jq,Check sum is [
test,"u
",Check sum is _
test,j#,Check sum is -
test,#r,Check sum is 5
test,.E,Check sum is S
test,p{,Check sum is K
test,A|,Check sum is ]
test,<	,Check sum is %
test,9 ,Check sum is 9
test,Q=,Check sum is .
test,qS,Check sum is $
test,.8,Check sum is F
test,O+,Check sum is Z
test,|L,Check sum is (
test,bi,Check sum is +
test,Ny,Check sum is '
test,L},Check sum is )
test,/v,Check sum is E
test,$|,Check sum is @
test,=o,Check sum is L
test,p8,Check sum is H
test,l/,Check sum is ;
test,3*,Check sum is =
test,|3,Check sum is O
test,DZ,Check sum is >
test,(F,Check sum is N
test,)L,Check sum is U
test,:3,Check sum is M
test,Bg,Check sum is I
test,6q,Check sum is G
test,`u,Check sum is 5
test,l*,Check sum is 6
test,`r,Check sum is 2
test,PE,Check sum is 5
test,kX,Check sum is #
test,F7,Check sum is ]
test,Aq,Check sum is R
test,WC,Check sum is :
test,'D,Check sum is K
test,tJ,Check sum is ^
test,2>,Check sum is P
test,:',Check sum is A
test,cr,Check sum is 5
test,rF,Check sum is X
test,E5,Check sum is Z
test,"k""",Check sum is -
test,DZ,Check sum is >
test,?w,Check sum is V
test,l6,Check sum is B
test,	N,Check sum is 7
test,[y,Check sum is 4
test,R.,Check sum is  
test,F3,Check sum is Y
test,v ,Check sum is 6
test,+B,Check sum is M
test,E5,Check sum is Z
test,+D,Check sum is O
test,L},Check sum is )
test,I_,Check sum is H
test,xA,Check sum is Y
test,rI,Check sum is [
test,p	,Check sum is Y
test,qp,Check sum is A
test,.;,Check sum is I
test,/p,Check sum is ?
test,k>,Check sum is I
test,[u,Check sum is 0
test,l),Check sum is 5
test,'],Check sum is $
test,U2,Check sum is '
test,"""T",Check sum is V
test,>z,Check sum is X
test,7I,Check sum is  
test,un,Check sum is C
test,	Y,Check sum is B
test,Ek,Check sum is P
test,	9,"Check sum is """
test,EL,Check sum is 1
test,Z{,Check sum is 5
test,l{,Check sum is G
test,x^,Check sum is 6
test,ji,Check sum is 3
test,L4,Check sum is  
test,9I,"Check sum is """
test,k8,Check sum is C
test,#W,Check sum is Z
test,!!,"Check sum is """
test,B',Check sum is I
test,rR,Check sum is $
test,+8,Check sum is C
test,eq,Check sum is 6
test,E&,Check sum is K
test,E	,Check sum is .
test,g	,Check sum is P
test,+6,Check sum is A
test,c ,Check sum is #
test,v%,Check sum is ;
test,Zp,Check sum is *
test,zk,Check sum is E
test,_\,Check sum is [
test,"p""",Check sum is 2
test,x_,Check sum is 7
test,U=,Check sum is 2
test,Bx,Check sum is Z
test,nE,Check sum is S
test,$g,Check sum is +
test,-o,Check sum is <
test,#s,Check sum is 6
test,zw,Check sum is Q
test,.~,Check sum is L
test,Wk,"Check sum is """
test,e=,Check sum is B
test,>c,Check sum is A
test,]:,Check sum is 7
test,g!,Check sum is (
test,oq,Check sum is @
test,NV,Check sum is D
test,hY,Check sum is !
test,x|,Check sum is T
test,R_,Check sum is Q
test,f+,Check sum is 1
test,!p,Check sum is 1
test,~j,Check sum is H
test,]Z,Check sum is W
test,(c,Check sum is +
test,I7,Check sum is  
test,FD,Check sum is *
test,D<,Check sum is  
test,G0,Check sum is W
test,"Z,",Check sum is &
test,1e,Check sum is 6
test,?@,Check sum is _
test,{-,Check sum is H
test,#n,Check sum is 1
test,3l,Check sum is ?
test,*4,Check sum is >
test,0*,Check sum is :
test,s~,Check sum is Q
test,[3,Check sum is .
test,;L,Check sum is '
test,S ,Check sum is S
test,]+,Check sum is (
test,J&,Check sum is P
test,f!,Check sum is '
test,n:,Check sum is H
test,\R,Check sum is N
test,W%,Check sum is \
test,EF,Check sum is +
test,.J,Check sum is X
test,41,Check sum is E
test,_V,Check sum is U
test,UG,Check sum is <
test,s=,Check sum is P
test,Y?,Check sum is 8
test,%x,Check sum is =
test,rW,Check sum is )
test,kh,Check sum is 3
test,^D,Check sum is B
test,?!,Check sum is @
test,s0,Check sum is C
test,=6,Check sum is S
test,l$,Check sum is 0
test,NI,Check sum is 7
test,`#,Check sum is #
test,Lh,Check sum is T
test,xt,Check sum is L
test,J!,Check sum is K
test,]*,Check sum is '
test,;G,"Check sum is """
test,T*,Check sum is ^
test,S},Check sum is 0
test,l|,Check sum is H
test,}\,Check sum is 9
test,)h,Check sum is 1
test,9I,"Check sum is """
test,\a,Check sum is ]
test,6t,Check sum is J
test,-M,Check sum is Z
test,bg,Check sum is )
test,{B,Check sum is ]
test,Up,Check sum is %
test,u+,Check sum is @
test,)~,Check sum is G
test,Ag,Check sum is H
test,|I,Check sum is %
test,!8,Check sum is 9
test,ch,Check sum is +
test,wV,Check sum is -
test,Ng,Check sum is U
test,ek,Check sum is 0
test,9i,Check sum is B
test,Vp,Check sum is &
test,GU,Check sum is <
test,`?,Check sum is ?
test,gB,Check sum is I
test,L],Check sum is I
test,U9,Check sum is .
test,cW,Check sum is Z
test,3w,Check sum is J
test,]*,Check sum is '
test,on,Check sum is =
test,>w,Check sum is U
test,W-,Check sum is $
test,?+,Check sum is J
test,"9""",Check sum is ;
test,Rp,"Check sum is """
test,+5,Check sum is @
test,(t,Check sum is <
test,/y,Check sum is H
test,4h,Check sum is <
test,i>,Check sum is G
test,F^,Check sum is D
test,6>,Check sum is T
test,t6,Check sum is J
test,mf,Check sum is 3
test,hG,Check sum is O
test,v`,Check sum is 6
test,R!,Check sum is S
test,{],Check sum is 8
test,ju,Check sum is ?
test,CR,Check sum is 5
test,-P,Check sum is ]
test,c*,Check sum is -
test,"""M",Check sum is O
test,$),Check sum is -
test,o!,Check sum is 0
test,39,Check sum is L
test,GP,Check sum is 7
test, x,Check sum is 8
test,ZC,Check sum is =
test,w3,Check sum is J
test,)[,Check sum is $
test,Bh,Check sum is J
test,li,Check sum is 5
test,p8,Check sum is H
test,cZ,Check sum is ]
test,Jd,Check sum is N
test,%O,Check sum is T
test,f	,Check sum is O
test,uH,Check sum is ]
test,9f,Check sum is ?
test,~t,Check sum is R
test,b0,Check sum is 2
test,r?,Check sum is Q
test,+E,Check sum is P
test,7A,Check sum is X
test,:-,Check sum is G
test,ns,Check sum is A
test,^(,Check sum is &
test,(0,Check sum is 8
test,qR,Check sum is #
test,Bs,Check sum is U
test,=E,"Check sum is """
test,Qr,Check sum is #
test,|4,Check sum is P
test,JC,Check sum is -
test,K(,Check sum is S
test,t7,Check sum is K
test,6 ,Check sum is 6
test,tf,Check sum is :
test,G+,Check sum is R
test,^\,Check sum is Z
test, X,Check sum is X
test,A~,Check sum is _
test,`o,Check sum is /
test,Q0,Check sum is !
test,3N,Check sum is !
test,+/,Check sum is :
test,/D,Check sum is S
test,",J",Check sum is V
test,5.,Check sum is C
test,#?,Check sum is B
test,Wn,Check sum is %
test,$),Check sum is -
test,"""z",Check sum is <
test,):,Check sum is C
test,vX,Check sum is .
test,D8,Check sum is \
test,	R,Check sum is ;
test,wi,Check sum is @
test,X',Check sum is _
test,?),Check sum is H
test,~*,Check sum is H
test,<6,Check sum is R
test,A4,Check sum is U
test,k\,Check sum is '
test,V7,Check sum is -
test,Ud,Check sum is Y
test,C8,Check sum is [
test,:K,Check sum is %
test,sn,Check sum is A
test,r>,Check sum is P
test,z:,Check sum is T
test,ZC,Check sum is =
test,&M,Check sum is S
test,Xy,Check sum is 1
test,Bz,Check sum is \
test,!t,Check sum is 5
test,j$,Check sum is .
test,B.,Check sum is P
test,p9,Check sum is I
test,3D,Check sum is W
test,oc,Check sum is 2
test,op,Check sum is ?
test,>l,Check sum is J
test,s},Check sum is P
test,UE,Check sum is :
test,+G,Check sum is R
test,Y7A,Check sum is 1
test,._{,Check sum is (
test,2Ne,Check sum is E
test,cTo,Check sum is F
test,HwZ,Check sum is 9
test,jH~,Check sum is P
test,Oe:,Check sum is N
test,os),Check sum is +
test,TPT,Check sum is X
test,3XB,Check sum is -
test,iTm,Check sum is J
test,lEw,Check sum is H
test,u3[,Check sum is #
test,ZlY,Check sum is ?
test,$X;,Check sum is W
test,"$,F",Check sum is 6
test,"?T,",Check sum is _
test,Gu	,Check sum is %
test,	CO,Check sum is ;
test,k'm,Check sum is _
test,b[c,Check sum is @
test,>V9,Check sum is -
test,1qj,"Check sum is ,"
test,NMH,Check sum is C
test, C5,Check sum is 8
test,Py#,Check sum is L
test,~AK,Check sum is *
test,wg{,Check sum is 9
test,0h~,Check sum is 6
test,"
U4",Check sum is 3
test,OQ1,Check sum is 1
test,"J"".",Check sum is :
test,j9C,Check sum is F
test,M;P,Check sum is 8
test,t:z,Check sum is H
test,KZ.,Check sum is 3
test,rq},Check sum is @
test,?D8,Check sum is [
test,g'~,"Check sum is ,"
test,p[K,Check sum is 6
test,uU>,Check sum is (
test,=(4,Check sum is 9
test,5Lr,Check sum is S
test,N^M,Check sum is Y
test,cR_,Check sum is 4
test,qw:,Check sum is B
test,rru,Check sum is 9
test,bEy,Check sum is @
test,	!(,Check sum is 2
test,e:d,Check sum is #
test,!l#,Check sum is P
test,RnW,Check sum is 7
test,]bo,Check sum is N
test,"<
N",Check sum is 4
test,&xZ,Check sum is X
test,[\(,Check sum is ?
test,OF-,"Check sum is """
test,?'T,Check sum is Z
test,Tq=,"Check sum is """
test,?d5,Check sum is 8
test,Rke,Check sum is B
test,eqc,Check sum is Y
test,tgA,Check sum is <
test,p0T,Check sum is T
test,*on,Check sum is '
test,+2+,Check sum is (
test,9i ,"Check sum is """
test,&h4,"Check sum is """
test,Ys@,"Check sum is ,"
test,yGY,Check sum is 9
test,N9 ,Check sum is G
test,Dc/,Check sum is 6
test,r;w,Check sum is D
test,eNv,Check sum is I
test,"OR""",Check sum is #
test,pLe,Check sum is A
test,"l,'",Check sum is _
test,H}y,Check sum is ^
test,cuE,Check sum is =
test,${P,Check sum is O
test,d[5,Check sum is T
test,90>,Check sum is G
test,MWt,Check sum is 8
test, FF,Check sum is L
test,^?*,Check sum is '
test,=<],Check sum is 6
test,o8$,Check sum is +
test,"
71",Check sum is R
test,}9&,Check sum is <
test,"I,1",Check sum is F
test,V2G,Check sum is /
test,%1n,Check sum is $
test,.Ji,Check sum is A
test,87F,Check sum is U
test,+5+,Check sum is +
test,CL=,"Check sum is ,"
test,PRi,Check sum is +
test,6OR,Check sum is 7
test,`:c,Check sum is ]
test,Z]F,Check sum is ]
test,2;{,Check sum is H
test,i|s,Check sum is 8
test,4^[,Check sum is M
test,3nq,Check sum is 2
test,$__,Check sum is B
test,8J@,"Check sum is """
test,*9y,Check sum is <
test,y.8,Check sum is ?
test,KHJ,Check sum is =
test,@iy,Check sum is B
test,lzw,Check sum is =
test,zsH,Check sum is U
test,$&?,Check sum is )
test,6`f,Check sum is \
test,\$j,Check sum is J
test,`>[,Check sum is Y
test,W_I,Check sum is _
test,^JO,Check sum is W
test,8nz,Check sum is @
test,0Zb,Check sum is L
test,kWR,Check sum is 4
test,';-,Check sum is /
test,zA-,Check sum is H
test,HS;,Check sum is 6
test,0s_,"Check sum is """
test,]		,Check sum is O
test,WfJ,Check sum is '
test,&\r,Check sum is T
test,FXA,Check sum is ?
test,j0~,Check sum is 8
test,.o	,Check sum is F
test,$`l,Check sum is P
test,_8/,Check sum is &
test,fRm,Check sum is E
test,[yy,Check sum is -
test,46&,Check sum is 0
test,gye,Check sum is %
test,"""~7",Check sum is 7
test,S$N,Check sum is %
test,}.<,Check sum is G
test,]bF,Check sum is %
test,NFu,Check sum is )
test,4Jx,Check sum is V
test,k6x,Check sum is 9
test,31g,Check sum is +
test,	U+,Check sum is )
test,Kn9,Check sum is R
test,#x^,Check sum is Y
test,X6&,Check sum is T
test,LD_,Check sum is O
test,BK6,Check sum is #
test,Rq=,Check sum is  
test,*?t,Check sum is =
test,\!0,Check sum is M
test,>mI,Check sum is T
test,`+g,Check sum is R
test,5+$,Check sum is $
test,pIS,"Check sum is ,"
test,"p=,",Check sum is 9
test,rvl,Check sum is 4
test,!Ol,Check sum is <
test,QvT,Check sum is ;
test,_yy,Check sum is 1
test,9aX,Check sum is R
test,S/c,Check sum is E
test,n]>,Check sum is )
test,(j4,Check sum is &
test,<jo,Check sum is 5
test,_.$,Check sum is Q
test,>MT,Check sum is ?
test,"
X ","Check sum is """
test,Z0V,Check sum is @
test,9i&,Check sum is (
test,:FJ,Check sum is *
test,X8B,Check sum is 2
test,LT.,Check sum is .
test,@T~,Check sum is 2
test,SD8,Check sum is /
test,Mg<,Check sum is P
test,F~|,Check sum is  
test,XT1,Check sum is =
test,G^	,Check sum is N
test,iIw,Check sum is I
test,d5K,Check sum is D
test,)#j,Check sum is V
test,nrg,Check sum is '
test,~{U,Check sum is .
test,wJe,Check sum is F
test,G8X,Check sum is 7
test,i=	,Check sum is O
test,}V6,Check sum is )
test,2T3,Check sum is Y
test,|Uw,Check sum is (
test,"x~
",Check sum is  
test,4>r,Check sum is D
test,O&y,Check sum is N
test,*a8,Check sum is #
test,L`@,Check sum is L
test,3Hs,Check sum is N
test,V_o,Check sum is D
test,*Ur,Check sum is Q
test,UX},Check sum is J
test,"e,\",Check sum is M
test,XMf,Check sum is +
test,"6b""",Check sum is Z
test,*d	,Check sum is 7
test,ev	,Check sum is D
test,cM;,Check sum is K
test,G<U,Check sum is 8
test,"
y,",Check sum is O
test,f[;,Check sum is \
test,3Ci,Check sum is ?
test,7kO,Check sum is Q
test,}bs,Check sum is 2
test,D`|,Check sum is @
test,@#d,Check sum is '
test,1cN,Check sum is B
test,D {,Check sum is ?
test,*~;,Check sum is C
test,`'!,Check sum is H
test,D H,Check sum is L
test,TSu,Check sum is <
test,&P(,Check sum is >
test,S2@,Check sum is %
test,K=9,Check sum is !
test,-V(,Check sum is K
test,QyE,Check sum is /
test,@[e,Check sum is  
test,0x|,Check sum is D
test,lFJ,Check sum is \
test,v3A,Check sum is J
test,G;=,Check sum is _
test,c8@,Check sum is ;
test,pQo,Check sum is P
test,UpJ,Check sum is /
test,GN0,Check sum is %
test,n/P,Check sum is M
test,uAo,Check sum is E
test,b]9,Check sum is X
test,'mp,Check sum is $
test,As>,Check sum is R
test,D'H,Check sum is S
test,O\7,Check sum is B
test,<bz,Check sum is 8
test,K<W,Check sum is >
test,57s,Check sum is ?
test,^GU,Check sum is Z
test,h7Z,Check sum is Y
test,lj0,Check sum is &
test,XOt,Check sum is ;
test,"Q,v",Check sum is S
test,SH|,Check sum is 7
test,"9
B",Check sum is %
test,7^t,Check sum is )
test,I%Z,Check sum is (
test,4l<,Check sum is <
test,X2],Check sum is G
test,gw{,Check sum is 9
test,4(5,Check sum is 1
test,IBL,Check sum is 7
test,[E4,Check sum is 4
test,h2e,Check sum is _
test,!2j,Check sum is ]
test,OLU,Check sum is P
test,1NQ,Check sum is 0
test,TeH,Check sum is !
test,]%y,Check sum is [
test,#lg,Check sum is V
test,vM8,Check sum is [
test,}uN,Check sum is  
test,tJ|,Check sum is Z
test,yPZ,Check sum is C
test,h%Z,Check sum is G
test,LOW,Check sum is R
test,#Cx,Check sum is >
test,T@;,Check sum is /
test,	o<,Check sum is T
test,CTN,Check sum is E
test,;w4,Check sum is F
test,	6u,Check sum is T
test,/Ko,Check sum is I
test,NhE,Check sum is [
test,"/

",Check sum is #
test,\z%,Check sum is [
test,"F
V",Check sum is F
test,|#h,Check sum is '
test,s6|,Check sum is E
test,Kq),Check sum is E
test,"`p
",Check sum is :
test,9+>,Check sum is B
test,>YU,Check sum is L
test,{K0,Check sum is V
test,@^O,Check sum is M
test,!'M,Check sum is 5
test,{Au,Check sum is Q
test,%_(,Check sum is L
test,CZb,Check sum is _
test,+kA,Check sum is 7
test,QIo,Check sum is )
test,5fL,Check sum is G
test,D+ ,Check sum is /
test, Zb,Check sum is <
test,2<d,Check sum is 2
test,]P.,Check sum is ;
test,r4f,"Check sum is ,"
test,FDW,Check sum is A
test,*0I,Check sum is C
test,GSK,Check sum is E
test,!)L,Check sum is 6
test,r)+,Check sum is &
test,58I,Check sum is V
test,;	<,Check sum is  
test,4V`,Check sum is J
test,YK^,"Check sum is """
test,/jb,Check sum is [
test,(b#,Check sum is M
test,^`?,Check sum is ]
test,:\F,Check sum is <
test,A-6,Check sum is D
test,",f^",Check sum is P
test,YOa,Check sum is )
test,iY0,Check sum is R
test,E? ,Check sum is D
test, '8,Check sum is _
test,Bk=,Check sum is J
test,"D0""",Check sum is 6
test,"4	
",Check sum is '
test,n0a,Check sum is _
test,+C ,Check sum is .
test,]	M,Check sum is S
test,Wbe,Check sum is >
test,"t
v",Check sum is T
test,*Yy,Check sum is \
test,mBh,Check sum is 7
test,o)@,Check sum is 8
test,	ao,Check sum is 9
test,g{2,Check sum is 4
test,pCT,Check sum is '
test,Q5$,Check sum is J
test,FRJ,Check sum is B
test,<$W,Check sum is W
test,bFq,Check sum is 9
test,af[,Check sum is B
test,3qc,Check sum is '
test,.!6,Check sum is %
test,| e,Check sum is !
test,R0',Check sum is I
test,N^\,Check sum is (
test,=}	,Check sum is #
test,5ok,Check sum is /
test,>OP,Check sum is =
test,6j-,Check sum is -
test,iJ*,Check sum is =
test,".A""",Check sum is 1
test,PmZ,Check sum is 7
test,|/o,Check sum is :
test,ABw,Check sum is Z
test,Gpz,Check sum is Q
test,PCO,Check sum is B
test,B^9,Check sum is 9
test,I?K,Check sum is 3
test,"p'""",Check sum is Y
test,9P',Check sum is P
test,phM,Check sum is E
test,=x	,Check sum is ^
test,rch,Check sum is ]
test,K<^,Check sum is E
test,aT{,Check sum is P
test,%~|,Check sum is ?
test,"WQ
",Check sum is R
test,k!+,Check sum is W
test,|ZN,Check sum is D
test,F82,Check sum is P
test,EZF,Check sum is E
test,~x?,Check sum is U
test,"p,C",Check sum is ?
test,.ef,Check sum is Y
test,akE,Check sum is 1
test, bf,Check sum is H
test,Ayy,Check sum is S
test,3py,Check sum is <
test,-&Z,Check sum is M
test,/c^,Check sum is P
test,vKl,Check sum is M
test,.	g,Check sum is >
test,$em,Check sum is V
test,c9/,Check sum is +
test,D;],Check sum is <
test,Xa{,Check sum is T
test,ruE,Check sum is L
test,A]W,Check sum is U
test,$&K,Check sum is 5
test,6$_,Check sum is Y
test,"""^r",Check sum is R
test,0`	,Check sum is 9
test,|Aq,Check sum is N
test,dU>,Check sum is W
test,_4E,Check sum is 8
test,NbJ,Check sum is Z
test,5lm,Check sum is .
test,.	:,Check sum is Q
test,]\7,Check sum is P
test,$Uf,Check sum is ?
test,1+o,Check sum is +
test,;YB,Check sum is 6
test,(!C,"Check sum is ,"
test,"B
Y",Check sum is E
test,#Uk,Check sum is C
test,0^|,Check sum is *
test,WYz,Check sum is J
test,U|&,Check sum is W
test,>uW,Check sum is *
test,9gh,Check sum is (
test,~>A,Check sum is ]
test,N%t,Check sum is G
test,a#%,Check sum is I
test,N?N,Check sum is ;
test,+'m,Check sum is _
test,7{K,Check sum is ]
test,re.,Check sum is %
test,=6:,Check sum is M
test,p!E,Check sum is 6
test,Tkg,Check sum is F
test,S}v,Check sum is &
test,"@
_",Check sum is I
test,ET ,Check sum is Y
test,i1$,Check sum is ^
test,mIf,Check sum is <
test,cSH,Check sum is ^
test,JaP,Check sum is [
test,	c\,Check sum is (
test,a<g,Check sum is $
test,3o+,Check sum is -
test,L_B,Check sum is M
test,[V3,Check sum is D
test,23x,Check sum is =
test,M{!,Check sum is I
test,wVs,Check sum is  
test,'i&,Check sum is V
test,EMH,Check sum is :
test,(m},Check sum is 2
test,b9i,Check sum is $
test,{4@,Check sum is O
test,"?""W",Check sum is X
test,mU2,Check sum is T
test,".""c",Check sum is S
test,#Br,Check sum is 7
test,oIS,Check sum is +
test,o/b,Check sum is  
test,TNq,Check sum is 3
test,4 ?,Check sum is 3
test,UYM,Check sum is [
test,7Wy,Check sum is '
test,D+a,Check sum is 0
test,;S>,"Check sum is ,"
test,KW/,Check sum is 1
test,[_t,Check sum is N
test,IFo,Check sum is ^
test,#wo,Check sum is )
test,KE8,Check sum is (
test,.Tv,Check sum is X
test,M~@,Check sum is +
test,E+9,Check sum is I
test,"]m""",Check sum is L
test,rwi,Check sum is 2
test,9Ia,Check sum is C
test,'X-,Check sum is L
test,xoL,Check sum is S
test,uL@,Check sum is !
test,$._,Check sum is Q
test,DY>,Check sum is ;
test,3E	,Check sum is !
test,`%Q,Check sum is 6
test,uA.,Check sum is D
test,si+,Check sum is '
test,o<.,Check sum is 9
test,u$u,Check sum is .
test,Ll+,Check sum is C
test,M_M,Check sum is Y
test,)A2,Check sum is <
test,)=g,Check sum is -
test,t*a,Check sum is _
test,D3H,Check sum is _
test,gwQ,Check sum is O
test,AxP,Check sum is )
test,fl2,Check sum is $
test,Y27,"Check sum is """
test,`z@,Check sum is :
test,8x5,Check sum is E
test,}7M,Check sum is !
test,Tt#,Check sum is K
test,	;R,Check sum is 6
test,qqI,Check sum is K
test,cJ?,Check sum is L
test,#?|,Check sum is >
test,;s-,Check sum is ;
test,|TZ,Check sum is J
test,[Vu,Check sum is F
test,m/p,"Check sum is ,"
test,]	P,Check sum is V
test,Z<2[ A'mTr`U)#C#zgESzWQ,Check sum is @
test,"sgkRms]%PDk:eC1OYe:N)#BU7<Uw@4U@~B; nKs!Q9Y,:V",Check sum is 2
test,"|F/(rNc?/4r5,o-<718I%",Check sum is 7
test,"0R%)!|3kSV78yoC8q, 3J)lgnb73(I",Check sum is G
test,q>3H$*pH$_Z@Q.k/r=a6Gdk7VnyQZb?wUB6U:Ukv%wO,Check sum is V
test,"1|>`TvUe|>""oL.P1R&2AJ4#q0N5Dz@",Check sum is #
test,+T7[.VxJnuBCYuZT,Check sum is [
test,",79eWwIcZDtTE0}d%	4",Check sum is 9
test,"VH""~%1_TWX*gRe!DJ:U(\SBVY8+m/T",Check sum is 7
test,l:g5#)_	Ej/(:y;mxc2B87pYi$X-`d%WdW,Check sum is K
test,"|ov5J{$~U2aQYfNu""*;|1\46%M*a5HoS49BUu=xq 'a#Z/jx",Check sum is #
test,"T;<hUh yPuKD\,%k[Sj$0V z~;@gk;",Check sum is 7
test,0InbMPpbc0A7ZPHM*S|~vYB**s %?Us/z)'2ez3XiyRYGVqiSd,Check sum is M
test,;V}>&L,Check sum is ^
test,X>pUx;r?H7vN0,Check sum is R
test,y/;fgiUxH?]PnPNA38{q_UJ)U,Check sum is Z
test,Azt~?&rwh5DFe(SU,Check sum is 7
test,\^~z2WwnM{Ljx&ENgM*GcAKQSd;S,Check sum is Y
test,hYZ^+9\v38.G=@P!6;e0@ ZMSt/n7b5y7f2^'6Y_=yXr!uV2,Check sum is 5
test,{;!>61VBx~V)W k(Y.'5X7r7<qP,Check sum is K
test,Ud%V-^3+%7K[J2fj+`a^O]ryOM,Check sum is H
test,"#F>5]$wVe8DrhwFt&,.
Ihscf4Q",Check sum is 2
test,<YgNc|FqYyM]z,Check sum is 6
test,"Sz.fl^}\cM!yy
*~&>g@%Hz_as/o
~G$V,BO	",Check sum is +
test,"^GNMuT)(zJ43F!39
 MG\B*gKW6c+W$@9/#e{FH=",Check sum is <
test,"T<9""2rj?MoTxX+""Wv9*1)^| }9T	)'8sJbikNk*YE']",Check sum is \
test,"r_hbA""krB$I;nz6zS;6dZojr)~HK3bg:GrW
w",Check sum is K
test,"Qb/xq('BT'0
m1}.3z
`>P@;Yq|a%Ckc	gFt42}8
%",Check sum is +
test,"[,a6?xtE5",Check sum is #
test,"X""02p<iXobdr
M9(:/-?ycJqD&9(0sdF:E[&xd<1)Sk0","Check sum is ,"
test,vA|[x1];J8i,Check sum is Z
test,"lhva/""l Pf.1Zp",Check sum is G
test,"_?DM.)W-Uw3wsmcD W#(m~P0,gqY?#Ko#,",Check sum is \
test,"Cl03[Wta>?%rX""il",Check sum is \
test,rV5o5&X@JblVSOp{lG+odg4d-er/@./+	]>R@]\O>MYQ_	HDu%,Check sum is &
test,".opay65QI1C8>|_U
T[;#~\}f~:e",Check sum is W
test,"=?(0LZ'e$<hl} 6N{)1i>G^%V%uF\(KzuQa[/
",Check sum is ;
test,j]fU$pTw$l,Check sum is Q
test,t]` =u|NcS(`,Check sum is +
test,(OI7A?)'{QiJtKeAq^|mpe/	.iO;Z,Check sum is K
test,yR^v8-D.S(O: 6,Check sum is 0
test,Eh3#{*Yd<}	2MmQtm(>KMFH&EX!19RP,Check sum is !
test,"2wIxXJ]
*uwkZg`>E4e&shSufKg6uI$g]<gDZzZ-8{}h8O3B""",Check sum is F
test,?(^w{2O@E@21R;pC-,Check sum is -
test,ewqvn$*{O&cfp,Check sum is H
test,"B`bs/	s_
gERv9u7H=	mD:vaPT~|Bw;4",Check sum is Z
test,">W`>lH}mfCi @*NQOKu
Iuh	XJjrv|(,::.j[XG@3",Check sum is 1
test,"WA%0<ly(L.""VBin",Check sum is !
test," h!JAC/}
bL	wTbMa5wSxqq",Check sum is 8
test,&$%Ycxucl<bz/ $aQsfW0v&G,Check sum is G
test,Iz2DT,Check sum is -
test,v~+2t05opa1u'h6eWt[c_PA!3{(x\)?MVoF;NW[#lj,Check sum is R
test,u@_JT12U*9^^7}B\q\Z]6q5Zb,Check sum is W
test,Zlv%d9eM(^3*Sl-sQxn[8KJW|AV,Check sum is [
test,mmH,Check sum is B
test,k_,Check sum is *
test,*)BuD 2dAgVYg~Np9c^gJK,Check sum is T
test,"@&Spm$p,r&uVrgls;7O,*",Check sum is (
test,"r~91
2MR\)9=m",Check sum is =
test,~Dlo~Z5GGJP/:4;%ojoP%hi#A%h2sU1s-!,Check sum is Z
test,"i""-?aIiOKKL*XFliw3vp1jN4L&@]_",Check sum is S
test,"-S-'Ab1xZ[	)?W=0mtA	E- Do4'-`>Bu""t/k",Check sum is '
test,6L+Z^^ic,Check sum is /
test,",lXv'p:ckw<;}AxHgj)'\rrIgWRGV6-xUT<sKhYqiTKc%E9P",Check sum is 6
test,"""!",Check sum is #
test,JK%3b1uSf+Y7y3,Check sum is 5
test,Ni`*|(1	PM,Check sum is \
test,"biQ^WEfNN|v-[Jju3q]Y
qJAl.r-MMzVa	=>`(lMs:>2Nx?ai",Check sum is 0
test,"c>}ezss)oa{*""8x
0",Check sum is -
test,"@<@A</`N\*R3sf3-`OhI^Avf<)GbgW)0>7PN;
-Ds#27%G",Check sum is .
test,"\`>ew""\Lg[~P}shB*{ZUz$om)J%nRCN$ND""V1YVb&KFQkK",Check sum is O
test,D]1$f!0wo)Q}nxoZy<qS7U,Check sum is ^
test,"#6-G%3r_o0o/'eBxvR+dk_v~,6",Check sum is P
test,265ng#Q-x\Er	Y28:1Wza,Check sum is '
test,"
Jx?/N/?6H{""(s-bYqc+,~4",Check sum is Q
test,"KvBtW=A5}A[;twEq,9I	m~*o0C@LfgI'VG}I(LykHb{&BGW<fk",Check sum is @
test,<n.10G0,Check sum is P
test,k}=`1P7_qpVJ1g	Nh,Check sum is T
test,Zrs~NHCi\q[,Check sum is G
test,[$35rCs]-WOh,Check sum is G
test,96,Check sum is O
test,"BV-""Y.5!C;)e?UiywuAZ`8'fU7]GA",Check sum is C
test,I[kz;[a5V$iF$,"Check sum is """
test,"Sb""G4{$A [X8/~\n 7Q",Check sum is <
test,"wUQ>""5Zs
sA'Trt5JEopdPz`;sC&kk5bT-K",Check sum is ?
test,"WK@E}8q""('<nQTB*/=JE&K'C)
}/%/"";,ZO1XFHpsAO06V`x",Check sum is 2
test,$Z}0q@/ONG4@;Chn:];r-,Check sum is H
test,"/)*i/t,/M2%K!\|$-f%i6b1>9v1CT[gf5wJ9x?@z1b",Check sum is O
test,")%60(""Rhp",Check sum is H
test,4q	Hk%Wse+#<^=WgASO3c3$>cf0Npvfm	|sm',Check sum is R
test,9/fJN*n$8l'c[=,Check sum is H
test,Dzr};Hj:m?D0e.K{2:(h5@bu$r,Check sum is K
test,77Zw+;3i*oj-K|}.gJTNDZUH&Oj{}8JQ?t,Check sum is .
test,"=F%v&
JK7C=E][",Check sum is 7
test,1~%pP{deq723e1+5,Check sum is ;
test,"0,pj!@D",Check sum is ;
test,|UuW?+uPNg$JUB/HmUN#I2;1cEq)tuJ{U0GZTb^8s_$\c,Check sum is N
test,Ilkd8SWl[`CQ&ZLEqICG:;Q u5ccJ+Io4g[,Check sum is O
test,(j~5v`WjhaZ~kjc.ZsYC<H5,Check sum is %
test,"Rz1""Lmf( nD5
)_0OXX	5<<{1W6o'J)*IW`v?]",Check sum is B
test,"oQncQ)2-}`UB<
2@c31Q.uV5$G]!pN~lB</i5>i",Check sum is ?
test,"~=# A""YHUyvc%/|=P^E]9\",Check sum is ;
test,DH}Z>oBr<nsPIQ,Check sum is +
test,"<6D.]&*]g""h<.V.b 7E$;	G5A?q&hIvLfdmqLIw|()J
5}SP",Check sum is C
test,9}PcA$qp;+qOWTW=UR$,Check sum is ?
test,S|.2ZLlhnD3XvGdn'*=@#,Check sum is F
test,"E)
>
_copVt!&9""6u~X/mR[Jb(	",Check sum is T
test,"asa\4/FE""fd)S;i(SB4eQU^wc
G/",Check sum is _
test,?t)Eg%Kxc?-bI?hK7d0^ek8YW/WVZ zkha,Check sum is !
test,"Y_3<rl?X{z	~*:h~9NecsQkE""FA""(7dNsST""dTL|#Mt",Check sum is A
test,"#?MmCNpBGi1(]lG_99sa6zm:jjWr
",Check sum is ;
test,"iQ<g?Oo	
hO^	+7,&1wj4BtHFXw@}DT?61{OtN",Check sum is ?
test,"(Z5Z^Dc({@6kJaW!5,kv|Y	amCihSCHj2-<)Ohe=@h","Check sum is ,"
test,XOvNfq7 h|j[\,Check sum is >
test,"bSun$u~k
$G,kWCl?""@z",Check sum is '
test,:Ow:lCH;Sk5?bB@3!)0e>,Check sum is 2
test,ze0 4g'+c}p'-?}XEBg8)^vo\s,Check sum is U
test,"[fMwWEUz1[FRPeM+=b[[yLHTG%
",Check sum is M
test,"4K)6wx:6&}h&<""*]",Check sum is 3
test,t?[9:M@x~[Y.	DGfg;I_H/k[ >4;LuS@|+ll8+/3F[gIv,Check sum is 3
test,J/DDWkQjl]XnebEgh^k@]47e8@Z='akc]LWt,Check sum is W
test,"%Zkzkp^X=5;{7:-ZQ*<w/Z
rr",Check sum is Z
test,ZkSzy>w88qj0N+NOZ~@W(+oNs7,Check sum is Z
test,"
9FIKnxNAvd3c_7:GiK7*b$9;%1g\MT\7sk\}4@GPvn;<x	VF",Check sum is O
test,Y/M$|aUXMJ</ihl4A3h51DAN0:#1>:ob9_f,Check sum is 0
test,"G-GS>s*$N0<*>_g{%8mX2Z7""&){JUDa",Check sum is %
test,"/d=
0~XM1.b|-",Check sum is 7
test,'=^,"Check sum is """
test,;czX|gHfMX)k{QD-1JJn3k;6>&7YE*yW2,Check sum is >
test,/H4N{IF9iyW=uPeJj>,Check sum is .
test,"c~.%1,'`s6xCKS`!k1FXX)B	ts8M|hYEjLbQ>*QG@7vF@",Check sum is K
test,iOsMf_!CFo`RdVB4,Check sum is X
test,"TuO>h@`
-f;xxkC>-Qf)!0aPS*P-Sk",Check sum is 9
test,@~ZsB,Check sum is -
test,"
\jEPkaqG+VsoAh/pz3h""2')wg9ra%EnLdagZb*(O",Check sum is D
test,2L66xe\$3,Check sum is Z
test,"
6a(&tj2Nwkb$):W<JE<.3{8huqvd,uhoX%;:y-&Ggdl]CB0>T",Check sum is *
test,7RM?NcIQugDCVIZiLYg   sQ,Check sum is 5
test,"CVcEL%&=!.fl(~JFI}JTH;bT+Y_j2Px	{x,l(=F:I0ev.",Check sum is +
test,"FK7WnwALAe\)""J2K3
""oJ&[K>1G`=CP",Check sum is O
test,3aO{~lrnklwQ69IY,Check sum is 8
test,<-\>R'Md|p^)I$,Check sum is -
test,PS[:^=4Z2	V]FgDt/:_7+b@17;b?ME#Y>[?}f,Check sum is -
test,%6s|`YbFpFZK].^dx_S<;yVBa3k<I4j!CFq,"Check sum is """
test,"]7iGu{xy(-wx/0sPHUaK_deo:gchU+^Fd]=9\oExu{VB=C,zX",Check sum is  
test,$:5,Check sum is 3
test,".""/+)M~oN<!.[}7t[vlW!!c""{pH",Check sum is W
test,"sz*{LFM'=,JC$",Check sum is R
test,uV&a3*yMb@gyz%6(J\wCN,Check sum is B
test,"f>zu""K.G2Xl,",Check sum is 7
test,"f,""Z>BKhv_L&L4JcDOQrPJYgT!Y<G",Check sum is V
test,g\Q#9>)uF	;bP:,"Check sum is """
test,"$pDL-7P7viSSD\E_c6:MC'~O""6Tr]@z$Z-f+@a",Check sum is !
test,C@#{f)DS,Check sum is '
test,/y5sbR=q]tXSrUi-FMW9{}pk#0h3'IXWw:*[KJazz'*UM/,Check sum is 0
test,"u>:}#uZ""Xu",Check sum is +
test,"[n%BC#]~$#W+#fuiH|HzNj}~22T~K^T9i	@""%-7>)x6!J",Check sum is C
test,"h8h)^
QFw",Check sum is G
test,&jZ,Check sum is J
test,KJ}M/Q#,"Check sum is """
test,")O.`GI2#_bnwzG6S|eYYRK @""){@h^Pmz""IL",Check sum is E
test,"TmcPHj0TGf!N>Q\QJf^uw3'kteU[#l1/Lir$g)
FC?zY
-",Check sum is P
test,WAd:J)1I2JS>7R:ytT.e;|R8`9dQ;,Check sum is 1
test,"?\0Cb,73r2}nR8yIT8M*$-Nvh?lcD#,4p<_ P",Check sum is Q
test,"%L p\nZ_||T>}SC|+yI
rA.@>N$CpZhX",Check sum is R
test,"UHFD&CGFFbua5Qv~EP|D2bV)Smtowy
=Y)05bpbd12",Check sum is Y
test,"Ikc*j?W7O6NsVV!MF)pCS({.=VTF
wQY",Check sum is V
test,"&d&~ZgC]R%""dgKb3D#B\h+dR`-p7
zh7aA'fKUUY",Check sum is U
test,NwZg,Check sum is &
test,8+S]	FrR(J|O`J/?L<YBXd8d=KA,Check sum is _
test,"xW8f;(h`Ock/(""OhVe2d_[m5ru5=C!i~ZWSDt%*<vx*8i1]=nR",Check sum is !
test,"S`""
u.t;5tIz` tNGb8w-;mZps<Jzr/H[+!;(.Re",Check sum is A
test,"9J[Y?Gwo6A., %
QV|bQg:",Check sum is Z
test,"A6o9lD:O
Sl|I--i&B
e_[9c@",Check sum is 6
test,i3xk-rqvQZ[$'#e`L.nY4m5qgL3^Hirl1L|R,Check sum is D
test,$oS%xG:s<{~um#@P3G\/w; T85=Z4}3u#gs7 3ses3v,Check sum is $
test,"V?\W[c&$]0|~w9C@zSS(Cue8""j{",Check sum is N
test,"MyMQb;G_Vo%9t =c]-
5;v",Check sum is X
test,"z]OlNuFr/mN	Tw6Xo-s=Pg4t7}F&t:I8k`*Vw|ZEDQ""dn",Check sum is Y
test,p0K g2friMIuynFVt:w4}QT3c)n,Check sum is ;
test,".KM'8PD^,:+bg:~	v<XPQ+",Check sum is (
test,"[aRX[4`lF7&k	O+""HVS!k$sXodz*&9 U82B&\X)!8O^8[",Check sum is S
test,0 k<mcH&N;gw$8,Check sum is X
test,"6 lZn#""7LZi\r9;#F-7R	$Z%h9Oy>sB/$Bn' ",Check sum is (
test,"&v(05(!w_?+bU(9M[,22Ie!V?^Dbw*Nhzod	S",Check sum is J
test,?tTk |1C|E'M&[1eB,Check sum is 0
test,"""{EP0M3-	3GYk)z=*""bj)xWf#&![RMS)","Check sum is ,"
test,"iVFmMiTOPG<
mk~hrusxWyn+<u$`?<=Akgz&w&oZ#TyRbbh65`",Check sum is @
test,*+mx0|0dD5FMGcgu1?9qB,Check sum is H
test,"DjSY4Fb@?LD3s""sJ-22XzZ%""=4=R`(ir1!7WG$Msf",Check sum is B
test,"8JA>(
:}s2G1qef<{HHR8@*:SW{[4;;ajPsdBe",Check sum is [
test,|T0F[v3wyk`]/i/@3tmr?y!g#-1@uv.cIdX0a3<,Check sum is Q
test,"!3\<|[""=&}krgv{V<Gvk0m3",Check sum is $
test,"nz,_alI)4O=)|x""
~cpIu""v~6wu9",Check sum is [
test,"""5O%Xtcj-N	gD.v6q^Xs)2kby=$V3%Rmc",Check sum is 9
test,"K48~WP]v]>[%UHyb;V,xrmC|G:6@7",Check sum is #
test,!*w spZS2j4eN2z3=%	~2boS`X|=fqa]-~`XF4\dp[dF5&,Check sum is &
test,"0H&76@/.mA2z|:>K$,o4q(JjlU0D",Check sum is V
test,"$0OE2I$I.tF!Z0F%kGo|T|)$od"":iW;xecvQY-y5~\e@{6N",Check sum is K
test,"^2-KM1Xa!Wu _Dp|y@K~=?rGS',v2l9BpLH,BZw+k?.",Check sum is -
test,z6g6ocq6,Check sum is &
test,"%Hak>wasDOBi \,W*=g",Check sum is -
test,] 	WpE`UI-LK.X!Z-eJ/dr|KE72,Check sum is K
test,MLe Z;bP4ueBTB.CrS^$`g8,"Check sum is """
test,"[3+iqX({
:vRTU<xZZtuQhV91X-?C""HG_^fpQvB",Check sum is A
test,"QCQS@B!gtw^Y]\s)4w=NoxUM	,	.*9`u`-pd#q-v$PkQ~",Check sum is B
test,[B#IH#H?`3\avxsK8vl5ch]e!5@#p^dk5,Check sum is >
test,"VFWe,omTDj#ny||C",Check sum is G
test,">]#_d.
+-9AOZ($d&L.n+eo,b
pG.rx$3z5Hs4></#4v0)|la+",Check sum is 0
test,"q/B3G	]<PBK?<_6X#b""U7 5H3]@na;[MY7!*iB<)YY:SRsI",Check sum is -
test,^x:Y6YS;tSZ	BN8{O,"Check sum is """
test,4|=my*+svDo,Check sum is $
test,"#~7""0pew}jI`po>h%uO-sc_x^%l0#'%&|{_<M0g1Q7",Check sum is Q
test,sphc6QM{H#j+,Check sum is ]
test,6bp,Check sum is (
test,2P\saC%WH>Z$bDP,Check sum is K
test,J8	25&.=^x*,Check sum is #
test,f@x,Check sum is >
test,"
.GI2qGV2A#r	LUA|v ]E;23>R8EdG0=4i",Check sum is 1
test,"0_?A^$%B|aGJ>.xI,^Q	l.FhYQa1b* 3<L",Check sum is B
test,"~H,R.(V",Check sum is P
test,.QJ;S;M%}m!>$AUqKNL?J9+Nze${lN(	sN[p,Check sum is -
test,`DH6$.}'u%J#5Mv>D'nxspCyA:1Zm0P0>qlW'n!2a,Check sum is C
test,J1K1u6tLeaxWJ k-V8-oWe6D8>My8a/3;<=fiu:C?qU,Check sum is *
test,<9^A',Check sum is [
test,KOrIY8eY3,Check sum is 7
test,tN9,Check sum is [
test,KCQ 96C)wK}qrj}yCS^ip)'$tQoyrhMXN!y ^t>a5u|W8l[/1E,Check sum is C
test,n}.JpIy(6BjTA}5Dgvy )<,Check sum is %
test,P7` h1	i!|E)A;$,Check sum is ]
test,mb_bD08}yT&6a),Check sum is L
test,"p%<|*Bx*
$YHfi>dpa",Check sum is L
test,.'/=.t:#',Check sum is G
test,g<!,Check sum is $
test,tyz5j2>[]ym Q~bU2'Eu^t>yy)]fIwT5MH_o<9\U	]BGn>Oa,Check sum is 8
test,7 Yj!,Check sum is [
test,"^?l,wn",Check sum is :
test,)Q36PB58B)Y~/<4E[5bV4b'b~(8,Check sum is -
test,OhQ%hZn+?CWZvn''hC?<VF,Check sum is O
test,eChF^C0r1;d2q>>Q8hktiNC-,Check sum is _
test,BkwA2C)'8R(i,Check sum is %
test,@a$c2G),Check sum is *
test,U3,Check sum is (
test,"./
2^he]ETXsp)v[0W1he
Ah",Check sum is G
test,"U1_v-i<S]!I@,%X^",Check sum is .
test,jy,Check sum is C
test,Sog32_&\?6[r4YH,Check sum is &
test,"u;~B!	Z/=^]p~8
0u*<]#jm#?`",Check sum is O
test,{mT=<2,Check sum is G
test,"0w@,.g/7R
""(?uo!
w
m;R*|=U0I9J.@sAw`9$U|7={f
4ss+",Check sum is \
test,QF,Check sum is 7
test,]cPz:,Check sum is $
test,"$z^s\pb_TE/VZ @7@[z#mY}Z3a2}M,B! R=$#6xPh89gQw#AB3",Check sum is 4
test,"YL=RD[`+yoLJ]%]O`J+5[Df%)aT/I
nt%DrV&mb",Check sum is F
test,"ozbur""~j~r""a{.gqj5f3j,",Check sum is ^
test,q&UWoi@d@Z_,Check sum is X
test,"YfY`XTh&=*x 
H<bz%^d$u56+Q|t(8&_i'Z+sip9ztp<\;zIt",Check sum is 9
test,nt_SzAe<[!C_95`4>%=5?V1ttN6@%=Lkf:&e~,Check sum is 9
test,"1+e""%XeG&Y3GFV_T0c6q`'{C:Pg",Check sum is $
test,"IMH'!j^).FW/x6\!'JDF[of=dj""4-GcpXEqK	}eyQGlS&V",Check sum is ?
test,"bl}IzPYD\6ysAn]xw,$9I9tu0l9={(B6Qochz&2&dH_$I	JGJ5",Check sum is I
test,3:EVjgtK!!Jzr,Check sum is 0
test,"ef&&W#K|xzt.8=E+BoO>*Q,)2)'$eZEq!1RDQ""vKJ|qV",Check sum is C
test,"""Wc|",Check sum is 8
test,BcC)dg5misjab,Check sum is '
test,"cie%	6W)@IX:(RpP'J0
`UQyIV<#SC[,S$<7D?",Check sum is <
test,"
-.#%z-Wv*HjOiz""CmA'<6S",Check sum is N
test,!AHw7,Check sum is 8
test,xwbSZzHLXP9/KPQb9|lXj-%LpDm	JF8j',Check sum is N
test,"??ZW/DVqd'	QH O@C(c=78p<%~l0RWjxZ ""@;)aN+x8jm9",Check sum is /
test,"x0QaP*B8Sxunr*
OVm",Check sum is T
test,+B6ym!F~dP5onFJD>b>4GSd7)|#~9e,Check sum is S
test,"oE~h>b=
Y9 F2'ENiiB/A?qtD1WDa>*yWvd'}9b",Check sum is /
test,"|7zvDD[f,jEzTFRc_qz",Check sum is :
test,6M_XVz=6X?Y,Check sum is M
test,Uvd[* $V5!x1vmQD pb}{NG.f*Cq47,Check sum is A
test,"p]2Pt^e8.Wrf
d!J u?,|}gkyQ{Z]q/9VJ p",Check sum is $
test,"7<xcIbi4)R)_O|fC[fR,Aqr$V0(0C""TbQ8cQco",Check sum is <
test,"Xu.&y%h@,c;8l]g2 h",Check sum is 3
test,3~*|D.,Check sum is )
test,"jMGP6\gS'}sPW['zMioBGw1,Lmn|U4PmRC6Rtt%%J.`?f3JKv",Check sum is )
test,K_6z)b>.> ZUOUQDKtg4d*.O&C5/RP6@VqWL,Check sum is +
test,"HR4*Dy""k)<yKqBUJdp*Q(g_1,ikJF\4P!O%b-,ya@W",Check sum is <
test, 0,Check sum is 0
test,	=y.;,Check sum is H
test,9{,Check sum is T
test,m n(#:O)	MVc`B(\N$,Check sum is ?
test,"1%f[-e+C""Fa|?'h7&Q;q&a!^9*T""",Check sum is C
test,"=	{,9U;]YQVDwUyQ",Check sum is M
test,Q_'?H!B~w{6hmi_?VQ d8S]Bt%Gf4AYb7~M,Check sum is 0
test,"|""E5TUN?%sK]&""(|cZ,bB=%i9I",Check sum is 4
test,"w,*w)NUpFi$4Em}<JM_tH+?{6%gMxYZ);^GY:`z",Check sum is Y
test,"{5ajMb	k|$:j Ko
@% C-u0=7
C$*F+",Check sum is @
test,4W1m6~7#U|nlFZOy(*,Check sum is <
test,rvdnfe32IO+],Check sum is *
test,"^y5)
7]&_~zdeF7>fYFgFCX",Check sum is A
test,".VlL	F.rowp17)XxY
G0^S3[5H$=id]'5v\2obJ*;,",Check sum is /
test,^??Y9G=$@>X{Xp.8#W^n>Jg1_,Check sum is :
test,"Q2.	!ZPRUYZ!ApFW`{5W)AIj	ryY|.,={6=iiV!l-}",Check sum is _
test,",l4%[l`oL@KtadDC}eGxaN",Check sum is N
test,"6=%llGwnC_H-IM3
+`^X\G(m",Check sum is _
test,'}m	n=4Zf`g\3^tS2Rv@.N,Check sum is J
test,C!#W'J	Jl\!A?;!/T;vz,Check sum is 5
test,{=0g^Zg?Uu2F2]=1i5N3O)>u`j*!&,Check sum is Q
test,{6oKwTo~3EMmMAo_[3XwO~#T8Jc~aPO(+{|R,Check sum is 1
test,1J_NNb/{x,Check sum is Z
test,"okW-A)8It\C#""o{>Nps?=ncKo3\HU8KVy~I!M",Check sum is T
test,"nvOv3AU5O)QN816%1{w@w2B<1(g\T4\PQHA9\Qi{""t8~","Check sum is ,"
test,&Xq%UX>!VQu+8nkf=p86{gA 0\p,Check sum is X
test,5_Us'(IFWJmEkGQDHQnk]-` *Yq}M,Check sum is .
test,4!dz[pb,Check sum is @
test,Z+'KcQZAI:'$6%}B[q#Kn=&O.*s2kr,Check sum is B
test,cgU$LP,Check sum is ?
test,Ngs\OL^,Check sum is ]
test,J&skLV3~Ex/g7Zn,Check sum is S
test,iD_ZL^ZJ2_Lm^aWvtC,Check sum is !
test,+mMB6h72h0bi&+~;8,Check sum is 3
test,mk{Sa5{30,Check sum is :
test,1e|i~w5,Check sum is E
test,]MI$-j>F		W	cm5It+t'`MtK)ww,Check sum is O
test,(x6J`rp/x4*U9>S'-V(Hmv=swZ:)z~%8p0 `Oe	-!:GP'{{gl,Check sum is H
test,FH,Check sum is .
test,""" |",Check sum is ^
test,<Vyf&2(pQ1ZIR(/Pm,Check sum is L
test,Rwp}Y%{0#g[7aTA	+-sr@7ni6mLb,Check sum is 6
test,"j5tVh3V1JLB&WOP`auRh|fG2(u""chH6b
0#
V{5q:
r",Check sum is (
test,1{*,Check sum is 6
test,%=_\q1	k&FeJ@nx7	G2Otlq7Dz]HPe:cI8 '6,Check sum is W
test,"BFsII[jC'|w\#)D

d:/9/@?cQ'k^fsw}e9",Check sum is R
test,"4=WUqs! ""
e]qMTVU1A&",Check sum is %
test,"/AYSo-7`!A@_k|e6QKssGoj<Izs~GZ4I?V""l0Jt6-=$>sl",Check sum is T
test,-INGrCgy,Check sum is @
test,lC}w%GVo.orsu7^U*0<yREWJo{w&NpCytA?gUBHl_u1f(,Check sum is V
test,w[7,Check sum is )
test,",+NZk""SO'nZEI7UQ])0/zM$.j$Z
h.k;.gaGy>2Q",Check sum is K
test,"?OW7J'eu5
uxsQ`K@xuaqe9wM*'z:NQym(m ;]o ",Check sum is )
test,"Dye*WyfL""0Xeu{4K5wj &nsS&2dmrkwiM}Ol`o
`KcT+,",Check sum is 9
test,6x`1NC?,Check sum is /
test,"s]da|'m Qk>FWUPS>S7qEB9V""'Uc!b:drT};\FyFf(5iU1K",Check sum is A
test,h`0z,Check sum is R
test,"lN9""DP",Check sum is I
test,1)&bs,Check sum is 5
test,"Y}	^)
J""NyPT}\m%fpL+k#:oL+UQ}C""?v ]L9;V",Check sum is ]
test,"9 Sc_.s?v)""U4$i+wB0G@Xn$7b(",Check sum is K
test,XVz3z~kn0WP^ 1c,Check sum is 5
test,[\O0dDJ+Yw7f1-q>taivS`5&?nZ5(:lFvO	.-NSb9GZd,Check sum is )
test,dRnf'm)<SKY${/]_1J-71+/c,Check sum is 1
test,*3jT0\[Y@M+|IsH'{ |r/~,Check sum is P
test,"-""U0ksk@Cz7N >{L-J7ri4\M+ g	YB];$aIDkkb*J%$zsvaI",Check sum is L
test,Vww	\rCYsZ'|H]xcgh>^VDO?_Z;y^C!2.lfeUmfz,Check sum is B
test,"urnK""","Check sum is """
test,"Utf#=!xm,3n98Zlo4oNuYd%EF-q""w",Check sum is 2
test,>t]#,Check sum is R
test,"kh;ZfO7>e0'^,UDBJ~+ocPxtXnNOtp",Check sum is [
test,"\e""42mfMb;;.wW]eyE
2<7n8Doj][:Zw",Check sum is R
test,"U/X/@?N;a0|""/-:&&+TSgN^=@",Check sum is &
test,"E]:\{TTo$FYqln+%+*\,4n 
c[aoP#GZ4|	""v&a",Check sum is +
test,"C#7le3cb""d}_\NGZyJ""AJZ*4,g7jJ2%oF_hK30-} J~bq{&w",Check sum is W
test,"kzb<;Il)=o""IlJ>\9n)sV!5R",Check sum is $
test,V11H?N40XpYUhC*Dwc{aC{*T5,Check sum is G
test,<MQ#^;^gD&|\Dy#l`aIP>V;QTPNTan}ZAEE&}	%1uQxC}RT9,Check sum is Y
test,a?alUp$I_C,Check sum is !
test,"ZuzUK""/^%W07$.</]kS",Check sum is 3
test,|@*0,Check sum is 6
test,Opr7*y|_~|,Check sum is @
test,".$,faM",Check sum is 2
test,"Bw@lKRtED#/R-p>8F;{cwU>I""W`#42s;j5h-,~ypYr+Idoz>sR",Check sum is .
test,Vp,Check sum is &
test,">T~JK
P0sdb-=vU>90",Check sum is $
test,"?6tD(uhv#*,z^@q|_9d
mGh|[)^?j;^w4Gnj,
/V(~zf[I""",Check sum is Y
test,s^M#C,Check sum is $
test,"	|yOr ""O7HUcwsgu}k$.N!K{MqT~","Check sum is ,"
test,"@Ld"">?@1ler9BGT#L3tW-arvPO+.n[*	TbzX!9,#l!N#V",Check sum is U
test,"B)>T6Xmu9
\WX-7lO9ttthy=z}$)n%xif$V	N|d,c LgRM[^&",Check sum is \
test, P4Brkr<+E,Check sum is A
test,!wAr[/ 	=v _RTu9+}lSrGp+F^QbyZ,Check sum is I
test,"/E!uDp4yt+VHJ&""/!O\)""D$
vc$A+""",Check sum is ]
test,"j*jdoJV#CS24Ly~pyg""0_K8&l6sO>fw)hYHYqa;n?yLa=EZ",Check sum is #
test,K>RLtjSmQU2m Pt:$$#:mTJ7Cl L4oz#v;88z,Check sum is %
test,V![>,Check sum is 0
test,"&86@pq.cURC`G,!*zeg[<a{""# c8QsWh",Check sum is *
test,[(Pu0XJ',Check sum is !
test,&+/UKs`}'U2BZkrRfLh*yI%TD|TQCfC,Check sum is Y
test,43u`I)3N5HQj-QgY{a!?H?G),Check sum is 8
test,}[2SKOJjuLjnxH?,Check sum is #
test,|;rTT,Check sum is 1
test,kTl8E0M~pFr`,Check sum is K
test,7K?@nS	6cs&?DR_G]9UWIR].QCLg{h$$!pwkKckJ> ,Check sum is &
test,"$MPy|IC""EW3[m8e6z=],Plmm|f\}d^g*u,^	NLQ54",Check sum is .
test,)(!6R`kY3dbtC?3 fc@IA>R9,Check sum is \
test,"z|`~f(Z(ly(c`DK
qA~X""c[yMZH)>KD\O OlcvyMAWxHb)TW",Check sum is &
test,iAMWY*R=~RkB	yx,Check sum is 7
test,q)rj<CI<SY7Te>uQ#9EKwg48OT8I~,Check sum is R
test,u:Tx5#ekqO(D&($oI	,"Check sum is """
test,"0>=,%kT?a9",Check sum is 4
test,L>T*]$[oLir;rCw+mpx9k6e<4GLi'\V,Check sum is E
test,gVT{($/JM@E^kZ~YoH	P$c,Check sum is T
test,"e+sE3+
",Check sum is P
test,"I,R.,KS6%]'16y1b;&d	}<(:bS)b",Check sum is Z
test,L]zZj^wi9Q#2a,Check sum is E
test,">L("",i Q};K|E<:KCF#~""i>3
fLgEJZ7b|TE1okk",Check sum is U
test,WJ^hAPaNwbj@kpez,Check sum is D
test,*$S#Pf{&|(Vv]Z/g/~[8YH`L,Check sum is E
test,"ztN	))QT2j#&c""ftNv`d$ttaQ,%w)OY\	>qM",Check sum is  
test,"*k
""Zeqmr35{^x|*;QSc^7`ZfZS_v",Check sum is H
test,"\I@I%u8'#zWXkFi0`_p\s%O|"";A=upk_c]0%$9 ",Check sum is '
test,4T`,Check sum is H
test,"j sI6J>5~U3b)Byl:&I4E?4EhN],oG9(/JlR4|`",Check sum is H
test,"~y6*KUG(~FT
&",Check sum is N
test,"{)iQFDo<F8ax]9vy6Q5;a|9:UT2Ck)	Z!vQ,YT`';$K|z$.",Check sum is %
test,}2S?:Bg0e,Check sum is Y
test,6&ns]a5Y#<,Check sum is H
test,"m,)	p
u|$4
j},$id&g1?+]	Q;/Cv}zu&d
",Check sum is >
test,OIrEr\|J3&Y?69AP9Csb8@D.bqf-,Check sum is U
test,";e% v4UT4Z'31Kw;;	 J@xJkB.4(VkCJFlX)$#FIu""",Check sum is C
test,"jn*=Y,Qz{",Check sum is *
test,nZ+I1I'{!K5A@9~L,Check sum is ]
test,"8WARQM.Y\,ecv)jw+yn s-Rz_l??C9LR@6JsDcu1_GfiKO0",Check sum is 7
test,"{gHB$nl{^Za@p/qG,9 .bAx",Check sum is C
test,w0lY uUAjoYV4],Check sum is P
test,"?>wKP;,buOb)Xa+Z`1)EWOWcz*Im8W`""c(4t\X,""RSFW ",Check sum is &
test,k0jW92q7U5aKksNJ?Y9Y1K/97M$ ~qx3HbQ6b.h,Check sum is T
test,ouvB2l$.w	$pHLF+m!,Check sum is S
test,"LU]u\ [I
q_x/",Check sum is 4
test,>J3DQd\b6&8G?DG`fg/WtPI]8^,Check sum is *
test,f-h),Check sum is D
test,"T^eKZv%$VobVs2Q
wR+s\+""	wTK&>""GY.})
&Tl4fL w1x4c",Check sum is .
test,[;5g;Al@^MW	{tUKO$(7XP[?cdp,Check sum is _
test,x*9FVRsFG[`tIQu3?fu6MR|N'J~,Check sum is B
test,")c\fr7O*A=-L4}333FW^b~A}:\glk&4*mxc;;
2v3~+",Check sum is N
test,6Obs!l_-vy+V9uof,Check sum is F
test,"[U4#|KgK!52k!g
1]mZHJ|:Oy8R,sSP_V",Check sum is K
test,m(v&X0 RAR0qkp`C6]3eJk{v'@W.	0u[R}P-v#=gvC Iy*1,Check sum is B
test,^Itk0oH%7(~(H(R9qV&OU@,Check sum is C
test,J!<WNX=,Check sum is A
test,"fc.L^<6tg""1B%.Jv4^W*@=vbTj{3Cc95GMtQJf4P^kw?Y/b:/",Check sum is =
test,H U;mD%<^n%mRX.09DHo,Check sum is D
test,:{aDWiB@J\HqPV5PU@9uQ~B;}YJ6+~5kLVq `(4ZnO,Check sum is :
test,5',Check sum is <
test,&|k}qypa)5AE.a9D406~CF@&,Check sum is \
test,"FHB9h&RBg_w#n	Uyo6
(A",Check sum is H
test,"VU	[""o6<S@y5>(d\C 6c2",Check sum is G
test,jZT9,Check sum is 1
test,:3)l]KC$$	yO Y]ql_k}h(SJI6Sn2XX>Sw&$C)6,Check sum is #
test,R.^P/1wOzy,Check sum is '
test,"zlj_r{>F_r32H'+`-wCJ83^\[<=&FV02!!Y}=/Vdn
#.6Hq#>",Check sum is U
test,n{;ua8V-TZ8f?irs$$t(fvopph]I_{(jSH)I*B5X>9,Check sum is 4
test,MM;K2qaj'F|Gqp,Check sum is ?
test,l;l]\lL*H_1<|,Check sum is ^
test,"MP,}B&b2p""77nt<(P.+DH#@9""
\gb{Q7K_D0bm* *dvLYg[MAi",Check sum is &
test,"B{ +jTIv:'PPXQ?<!
10;B1sPt",Check sum is ;
test,"n.M0wI!'UK""RYEr0;{j /fE#J:ivXdBT!|* a",Check sum is O
test,}*,Check sum is G
test,AyvMqWk4V5yOosQ,Check sum is J
test,"SA4]?
+HBhMEU.!uHq",Check sum is O
test,JYaX)#KK~m5;lrscQr	T3L~pEp(?3x!rH~^vCh5UvY@;M,Check sum is :
test,"LuTfu@*4)ol~;""7H&)uzGlySzXG=K",Check sum is *
test,".vZd}q|45""0
TZ@",Check sum is _
test,"fochc=ZKzmw{fCwF>fih><kJ(P|m
SP:4/s/>70uU&*b')",Check sum is &
test,"7(r5,i42]CYLS@h@gJ|UWge0.2:*	vo[4Rw;c5BB-J@	;Ng)B",Check sum is 2
test,u*DBj*0qZw}k8-@heX:J;r-<QsWumO\=AIU:-ay,Check sum is \
test,$iOp,"Check sum is ,"
test,".r""REcHBveA:l4lR
bLfHo2-w1}*G	X$Z*2",Check sum is _
test,^	2H,Check sum is A
test,yMLN$hJ-3@8	TklB/Yw %xy9Wsm%)`,Check sum is 7
test,"pQIeie]<5@(JZ!V@0Lup*	R{Y%&I
",Check sum is F
test,&D,Check sum is J
test,C_'XPHeKcDNaq_9'cDWn|sy3DA=y;kn_,Check sum is D
test,? C23]w S$=ickz,Check sum is @
test,"T!G`0z#;wD0|rqn
<2CsS~.{ORNr
1s1sGbdRvlK5	+Y5Qnh",Check sum is A
test,"-O0;h:Td^Qi [kypXJC6)a<,eez\#bIa_*7d@p@^*bpc>6n:",Check sum is Q
test,em^HNd3nOHbY.,Check sum is +
test,"dW
z(.8d{!S, QA)>D\aM
}ue<J	a$k",Check sum is 3
test,FIu&,Check sum is J
test,"d`E
)8a'GMKI|y*}qp}C!]/{n{L6V;1LEWQ F*c>Sb7","Check sum is ,"
test,87uaz&YUyi|!@{ +^%Hh8^#zc5<ph~1@cXp,Check sum is $
test,rwMiEo.D ]6t?a9&.ch,Check sum is D
test,p.3[;n-@avVp=E;!#})=go ,Check sum is Y
test,	@|(`&N8<m_{~Qt <>=A5 ,Check sum is L
test,N	)#	9M?%%yK5[U`oPH7|Sn0\p,Check sum is [
test,iU,Check sum is ^
test,Qw&|Z*GHBQ7V;9$E%,Check sum is ?
test,w `7L}QIKnD4,"Check sum is """
test,\+it}'k-z`^=EwYGsNkH5@hIw=	,Check sum is (
test,jHn,Check sum is @
test,1g*-m(*Wfn1,Check sum is *
test,LBB9,Check sum is )
test,"!5U95H=""d:cn&+e/`}$\",Check sum is Q
test,zTK_zQ++EN7Z[c>`ehWU$e9,Check sum is 4
test,z>{KZ87$X,Check sum is #
test,ufcA!GG,Check sum is N
test,tryy<mSGfl^QT%!VjW3y^s]f,Check sum is -
test,y2.,Check sum is 9
test,I=mRNkRmW:=|ZNwa}eOAwTs<YK9,Check sum is 0
test,"I0Oj&WX]Li~""0;Vi|CJ",Check sum is L
test,knWhcbVlV Jq;R%_4q--L* Ah#?&JZL#l?]l:i &AZd~,Check sum is 4
test, L,Check sum is L
test,7&,Check sum is =
test,"FxKp	:o,H:5pVE8Tx<,teI]9vA14~gv",Check sum is T
test,"FC#[?f?gN'6y=~&2@*Xo f#uz}cg80
;KVwb*T/;ubeRX5cX!`",Check sum is _
test,"(m<+jdkP.Ub|Rmi$P7$`6m""IdJq1,8ffBQ}`L~jsrJ6",Check sum is 4
test,)I~t#a&S'|P\W'E)*<%}CVP3u`P,Check sum is E
test,p:PF[)CG	bU,Check sum is .
test,"&ukV?b:icE
",Check sum is 2
test,"FxDs0Q'4,TF'Fe",Check sum is I
test,"l_JZT\b- \rq''QX<WlCT[,;l=axopBc!
Js",Check sum is *
test,"""=9  Yp;VM""LXgg5j)q3n_=Fdw-*",Check sum is !
test,"||pU,'4w#)",Check sum is '
test,"}{ll!?_^c
",Check sum is :
test,~~D	YWH*`<n'S9,Check sum is H
test,"[sb@	IR'$)Ed1GR
]]URb}6""",Check sum is =
test,qn`L--z'`@xs9Y~!G'4(rk\QL7/>QAu>~odqTlH?>),Check sum is [
test,"(
z[AQ!|Z](JO8,mWu\P\RO1",Check sum is E
test,0lS88L-iRphk=~Omdh.$<'A_,Check sum is N
test,"Zp
#X	*}
FgKRK;Cx\m$t&}n,_m.~_z(C~S)0",Check sum is 8
test,"XNR7v7ypCn,7z~7yqv%f1	!",Check sum is .
test,pye,Check sum is .
test,"p4JQpw{[L,#=%n\+XWI?1%nak`sZUqbWuRaBjB+uYU",Check sum is %
test,-vGTdBN8t_xv(T@(Lj6	V&X42FH*x,Check sum is N
test,z \kTLRXK@bxu( n`nwkq<./&7.mq0XjW0C1lR8l5c,Check sum is %
test,vGr<lWj!	0,Check sum is R
test,"?+;e~
BZx~
| *$,@q1;%(tRWRV",Check sum is S
test,\X<GM'Q=j\-D]9H)+JTy2LQ&yU/^HzK=L`I2 /i3< B-E61qge,Check sum is 9
test,"H+]PjT]d5}NznFhmE,a,U
T]Sc*.%Uw/",Check sum is >
test,"
?$R[.#,-K)y7jlL2",Check sum is \
test,"
Kfq`*wT+",Check sum is L
test,aWJ:.2}f2m0D%TO13x>/nvvA:a)*Y	[OI3,Check sum is T
test,qZ I_\sAN,Check sum is Q
test,"rJQSL'YbSH,IRHg5Q5<=IGY_vA.NE`oZ<b.beinkb*FGx",Check sum is B
test,"=:DD#BgaNI Be:
1jD[#vd",Check sum is %
test,j&ul;4$rrP~mi)H^f{yq{mC-I:,Check sum is !
test,edFFu~\o:^d[PC9V=Za}AXa,Check sum is [
test,g(&3+Bj>_4,Check sum is 0
test,>U7COtg+YIyg?7,Check sum is :
test,+eJTE.o<rr%\Q>w+,Check sum is B
test,"$""|rKuVAK",Check sum is 6
test,npcp8Ba	/|R5	bo=gcyy0>,Check sum is (
test,"j+
	o}e`KR8`",Check sum is .
test,I0,Check sum is Y
test,"$""tp4oU! R],l,I#c;V2}_pcS6e7y9'7/*",Check sum is E
test,"c^%>b0~3Y;-phgO2?vUkX

c^:Nk6y@ #rrrS",Check sum is 8
test,"^|tQX8KWk/e#h{u.|<S$5zUMs;M>#
m( )y?NbzJ",Check sum is I
test,"tvP\$HTkku{7/
[$m'h>-FtYr%O9}7So|",Check sum is 6
test,3=$QucGZVL,Check sum is  
test,QM:`7O?mU~t/^BT~L~SIh;Wx	}`_Y,Check sum is (
test,"aY\4Epor_LNN5#bG2X2E<RX8|zzh>O]<\(/{ 
?H*m[+[hyRiB",Check sum is Z
test,Q#VRBs^|=Y,Check sum is !
test,";{3R:>Iy;'@ZRt'jtb6}i""hjA",Check sum is O
test,mjrKrfom{41vq`&Ptk,Check sum is $
test,`Y|^!jk wV39Gg}-K	Y18qLA.\\aRciE)\ ,Check sum is =
test,"GlUk6W6r?""^7"" 4}%k)+_k(Bz;k?ktX",Check sum is _
test,$\iS6ryf,Check sum is #
test,#X[z=k.oN40mb?c%()F`}Ii-Au7,Check sum is =
test,"c,SQJuQclDtFla*q""3gv_R!j*xt]K|s2,wVI2Sd<YV+X CB g:",Check sum is $
test,9i.|vMsZ8V^ ,Check sum is H
test,e  9)S,Check sum is :
test,"g`o^-qRkeAMwz,dAU@'_qjj`>j?wL*:En#+F. rL)QL",Check sum is +
test,@;1IN,Check sum is #
test,y+^jOxpe)';5\;+xK/UuNj<K+uaT#,Check sum is ]
test,"wp,<@+#dR/^52oJ`z\L#6Kpyp<z2\5&T5$S~nbnp	""AU!",Check sum is L
test,qkAC,Check sum is @
test,5l4*P\,Check sum is K
test,II YkEK,Check sum is &
test,jjy}z*L)d;`_yY[y4sT.n3r,Check sum is C
test,"]QBi'yZmnpQGVNG~%jt3[7ERypz\@ckJyyD
YK]vaN)l\",Check sum is L
test,+x>[s~W_N*qKOd?,Check sum is )
test,"^uLTF+,jT\=D3z^csg {aAQO6XbZR`r8adg)!_|)*%",Check sum is _
test,{y:LEH7F4wRbmJ'}U`>?m LFb;N*-V,Check sum is G
test,"73_{*&k""]yqC$%,t*&vRmAZ\.{86K1X&=^u""hcMV",Check sum is !
test,VSa?,Check sum is )
test,"3.!d?,m=V}x?h%zrw ?k-|2K|Zs7W9}C+saf/5O~'#PH9",Check sum is F
test,"lc
/C'/)vMqjY*#""K)ZTx?o{^Y?&h0 KkRJx*>fi,:acBo
",Check sum is M
test,K:B?gcop&)iZRA~CH8wpWUjmIL,Check sum is 4
test,"2Iy9~`v`?X
,zlgr/
pa",Check sum is W
test,OmD,Check sum is  
test,"dPx[=%0O;$`Zm`Ucu,E(z,/k3O7DVu(IY{niZecSo",Check sum is <
test,"_!{L'['PU%oin,qu!A4DO=/{vx C$",Check sum is 7
test,WUP9Q,Check sum is &
test,^+/NB,Check sum is (
test,"fp$RJlSUpk=PKN$Na
",Check sum is (
test,")^7WV#$N2iuxh,u-:J*Pt%qVq9UBSvjaC^pL&AM^uK|oAf&",Check sum is 8
test,eVEI+!PkQ6qA(vO'l>dx'5<='eKa\,"Check sum is ,"
test,"~7qQ.L3fJ3*l,#FI=iI+G0.mJuQe(MM",Check sum is >
test,_S*cr:A,Check sum is L
test,"@aA53#Of~!"";hU#&WJF]G%wU.rR;5","Check sum is """
test,Ov8?-e8`/_2_<jodc'`yLG5/u55<d| iqXP9mp,Check sum is +
test,"
N1l
fX952Kh`8P[nL",Check sum is -
test,")r!FA!}pvCHm9)lc~rK5)j,>hju=e9|G${Rc}j=H4",Check sum is V
test,kIXXvjC7t]R>2DqBIUSG.a)xu1_]z(&<R*0|:Rro~a!um,Check sum is -
test,"oIAv,|a;QfR4iIfE3b@CAO&f5KOnOH'",Check sum is \
test,Fv1Xd,Check sum is I
test,"w	c4B@l{,k9|r9",Check sum is W
test,"	TASZ~TCqN3mRy""D",Check sum is P
test,JO<XER#3z0(X	_3EaG$,Check sum is P
test,6u{+!f,Check sum is 8
test,"j/Y:m.u`f}
.",Check sum is W
test,%}`_K;)Wg.Q0*mM~^\u/8R>%GPTR2(6~$R[zHh><KkU,Check sum is U
test,E<v8G[L9	fK(k0e?,Check sum is W
test,uqVD[*tvW_:,Check sum is ?
test,"+><U`'U,{o-\+QiW~	>(",Check sum is >
test,'PdP])>VB]in)u'y6V{lo,Check sum is ;
test,7aq-7hniiG,Check sum is <
test,"}.9'T `aa>CKP<@X
=|gwB3Q/lvyQA&""Nq?d(xX6]Z$n4:=",Check sum is @
test,"+k1+:2pJi90+E]i>HWbZ&/[
A	pU""Ky^Ffid",Check sum is _
test,X ,Check sum is X
test,",QI-lBF",Check sum is G
test,"5Zf*((L;^6S$0c-dYsZvC4G$48/M,Lz7$A49[Z$?",Check sum is >
test,*[gI(od EMx=9@tmnn<?HH0Wo~$,Check sum is P
test,"5YZ=.oI7K/3x$r/;U]rB;Nr}9|@b>(-%&T""79",Check sum is @
test,"ps	Jrf8&w!\j	,14Z0zq#RP0fHb Tjbv7p",Check sum is [
test,Wrb]GBbB-4JXM3ET3OK)G(,Check sum is V
test,"rfxMHI7\OMJ
Z",Check sum is +
test,"-&yn/VlZnW\(!""CXkrYPkSeiYV= M+zru*o4=w+Y$&C5m~8",Check sum is -
test,C8,Check sum is [
test,6xFw0,Check sum is ;
test,"70`=T7@J.J;GE[^UA+L/iA
Olj""sfPKh4D\-",Check sum is E
test,2 \,Check sum is N
test,l-L()yL7=paEFkZ)]X FBwTtbF,Check sum is ]
test,~)u^`,Check sum is :
test,"7OTPQ9wAirmKZ1FBG(=M^x]{_]X:8L[=,u3",Check sum is W
test,"(j!_O$0(&&{;HoJgxsO5NTvmP(2k`#jrp
z3{",Check sum is 1
test,"q5X_u6AR5&4`$6XLu(a8Fxb_}j)T)51Ih""WAR8 vRv+Vv9#",Check sum is 6
test,"(_u00w""PH=GvM[^6P^Ec~xX:`q9
a/ [",Check sum is  
test,eJsjpR(J|uyMTBpNNbRv1oX`X(Nx!\3Es$0JY#xPx HsyOFM,Check sum is 9
test,"lQK73}Y5	(9A*\Hkt7\vUHV>LZ*OS,My`zc3O' ",Check sum is Y
test,zwkvUs*M7TH9pk;	[jm0^ZUdSr,Check sum is 4
test,"Dc5
gIe",Check sum is [
test,bt;M[W+pEw.s+TQ}!U<YD;,Check sum is ?
test,"x,y",Check sum is =
test,pp$KyZ4$]4VBF-%Y7*PM,Check sum is 2
test,"6,SMW{,P)d#Ag:cj]8'S9&#ViM&{JAP""Hm.""IIGg zIv#",Check sum is K
test,dKY'Xr:-|E#gB(O}IKfi8X4Fua/+88UT8\Peo@bA,Check sum is R
test,F#;y}[P=?u	607t@,Check sum is 0
test,*I,Check sum is S
test,"W%=HR0I9""dKD'&@+\b 1zQ?S	YHY""",Check sum is C
test,"A?8
W*6&BN",Check sum is O
test,"fQCL3Q0F2vw\<JQ880.=z
{PvaIP?$F?l0]CF",Check sum is &
test,"KLF""e98zv|rwg<\p&'H9;G/OS[]5~}Z`UvH0",Check sum is ?
test,-0AAZlAM>u&q[_^vC,Check sum is .
test,",ew7i[9>1?",Check sum is J
test,%4|\t9H<c\?-tBKqyCnt@Mb2M&cnF!X>4Ejs,Check sum is 5
test,"INMn5S&U5swgI{v!IXPSI/)<G>*""0xj6m`R#	~9&P W",Check sum is ?
test,*FOE+;_+BF69lL]x$MwC)=kpnLuGcXkR9S~,Check sum is <
test,o8zI\h0H-IanJ2Z,Check sum is !
test,"n]2*zC8V{>,Fl#:'' ",Check sum is 4
test,tVdriVi=ckH9$065g/tn&{pG\K#qN(eQX#|sh#|_|!R;,Check sum is $
test,3j'Yb'$z{ef`J8xasAZb<|'px3lToh'@?Z;~OtNepA,Check sum is F
test,xT.Kqua^.)#	KJ`~\5Ut*3{1xc~L9,Check sum is A
test,jN	j7oYdTYfj_Ui8z;f,Check sum is [
test,)-,Check sum is 6
test,"vij>m 8{9^CMhpxa#_
FwG~.Gb*'{#Gs4gQ;?(YR<GZjD",Check sum is Q
test,[^qjRDv.TE 6]H3A av9jRPRy6_#IP,Check sum is N
test,"8
{< 471YccB}g;e?RUp,U?+=E1_z@RoTQ""w",Check sum is F
test,3+@aybDs?/pY^%o75`*bJo,Check sum is +
test,M4&^:kjDGyvn%R5e,Check sum is -
test,<k-o0ydE7P77E6D4jQm!0yr^rk7eA\NicwFr3?l$pp,Check sum is  
test,d*)uUv9U,Check sum is %
test,Zc0o1)g&g5MK,Check sum is W
test,"x-Y!L-S4
^~\Lw$&(sidJK3?M!%;M6EDanzY1XW>(7",Check sum is 6
test,>sCId_#W#~Y7Sc8X4,Check sum is E
test,~1,Check sum is O
test,"!lH&THnc2[3`RU""&4zW;1jCwu",Check sum is !
test,"n""A!GK@/~
ph/D",Check sum is &
test,"vr.f7m_-n<!IO.`zS/xtEV?
w!j!^",Check sum is J
test,K{QDqo83F5?,Check sum is @
test,"a]Hzuj,0",Check sum is [
test,*~EM{UY;8F#5~%RF`Dc9ZA>a5]R,Check sum is -
test,e4*,Check sum is #
test,<OYU0r/]c&,Check sum is P
test,%6^jgv4,Check sum is T
test,"*@d)y!a|9eP$BW@OJs
=kawp2x[k2Os<6[[ad]21",Check sum is P
test,"NDE0tsVSx-|Yyd
It",Check sum is U
test,A[J$YqG}5zYdio5;.1PAlj,Check sum is 2
test,R05,Check sum is W
test,"(;^tTd	[y>s
",Check sum is %
test,"`s0=	*Q
m<={;/HrRl@s1MVTlZrOFd-",Check sum is *
test,"a(=#f?'[En(=Aqu3+DQ:y[kt'S\*-&jqC#@I*pSzx]*yR.@""y",Check sum is &
test,"{,gxKI%R	""LT*ZuM!K\~SzP6tn.f&v\9}C{|<~B6g18kwC?",Check sum is _
test,(I0Zvu35}Q=*[^},Check sum is Y
test,"#9Te\LI^oiY$?J4x,,K@A/O&Clu",Check sum is :
test,"Qjg;4~;hL\[F[c[].
BH<TuT:P|Up$=HI$fZ~njl[!!Z",Check sum is F
test,"age
\;OYp""",Check sum is (
test,Tg_V7fx,Check sum is %
test,"|@aLtOTBK>/]luXC)
vlqDuAPkm:^""OSA8!>Sf|MZqq)j",Check sum is  
test,"$$;*Pt(k,3rA|&Z$~uAj2XEV	5K1v'_0puHV-Hf]%QxO[",Check sum is R
test,l30c6dw#,Check sum is F
test,[P22: oFi (7iHueoxUNEe&sfpezy;mN,"Check sum is """
test,R:/'LM+M{6V6H3RH<*rS#BL( mL{rWj:n??{KR9(TZ**-Nw,Check sum is C
test,"4>2a
t?w?(}J+eiV]>	r!$N bf_~>SR{PF}o^JF%Feq v`}I",Check sum is O
test,6-v%trhKCW5,Check sum is F
test,"a""&""+c.~Ki7)WGGG!VjmQQfkZ<6><T#$#iuJ5snUGZQG}",Check sum is 3
test,"%PJO1N}"">rz~6O|N`k-b!RBK#ah<sO`",Check sum is '
test,hGx*6 Ff4}I-DNP_<7@wC}vVMZJ.#x9KUfB>e;0YNf}I?/#,Check sum is >
test,MQp#x-M+q]'b;fb9su,Check sum is )
test,")3.FLPp<NDm]*0@s] zcw.4N2-QwuM_zVN
|nP6yC+",Check sum is )
test,"RG*/y>+|""VP{YRqLk?JO^rd^",Check sum is 0
test,"`,2JHc2Ft	?Z(VhFAQzu(.z_\'~,""4.t*3%Y1J%/BCXDR}F#C",Check sum is (
test,"@
or4qqA$,Tc&",Check sum is O
test,"kvO9|7JzNK0t
^Vd l
",Check sum is 5
test,C{e+%?I^p(UOC7,Check sum is /
test,I;s,Check sum is W
test,BAga__gDv5l0Qv$?ulp=oc,Check sum is %
test,"Oljz=vD\-7""k{IMc",Check sum is 7
test,"S0
Nc\K6YY.!:'*][{=vA m5mz\r3""I9O",Check sum is K
test,YRj]M#S1&+=Kc*&%,Check sum is 7
test,"'6o!]6aL,7H(x#xN[i",Check sum is E
test,M`0y5M#59 y[6%u^7d{B\CLr]?N.&p*%IPR&	X,Check sum is O
test,"=aWT[S
yc?{#)'-@B	h8B[Sx].KVt	e(Rq4odv",Check sum is  
test,D#dpTAv/Mt ,Check sum is 6
test,8?9A	8V'jB4	2*^ul{p~=7sbLc#	F/v>/ZVWwDDopYaM),Check sum is M
test,!|.:{=,Check sum is ]
test,"
+.ZW@rm=t1e1gjK1EJ0e/O`pu.k#T[+{mg][).i3K-}",Check sum is D
test,"]H07fb|Q`=$z.q9=F""/pH,3J]7On]ss`>""d#
QNJ!GKOP5",Check sum is ^
test,"mv5Lh,K.?(N`J[0,`oC5K-KQ1SvD* QLRdB=-",Check sum is I
test,"Wc7m^
@cXm$",Check sum is 2
test,udI\4>#2Ur<73>aG,Check sum is 8
test,"H2LW}9c,rw|i",Check sum is P
test,"u]lk;J0x,iI98A5Ixa2!#A$`:1BHv[ n!;g",Check sum is /
test,"8ii#gVasUN|p
osEVbYZv=opk	rzTQK#s03",Check sum is $
test,/*SGgU3,Check sum is B
test,Ys|e.[`d^!gWE:?Yka|d	,Check sum is #
test,*UJb~a0(vq~qZhCM]I2Gft/RUIP,Check sum is R
test,"Wx0cvD/:ay-8PJ7/N-""QPeIqYN",Check sum is (
test,"(M	PcyP\ZocO<s32m*s.gWq0mA%G&%Vu!E""P93",Check sum is P
test,0dr\C`*,Check sum is O
test,"""0tk'VH4=ce$h[]|$",Check sum is 3
test,">%""?H'J(Z",Check sum is _
test,"E0X3	""7 5@8yk",Check sum is 3
test,"VFzbbF|Z,)	\[=3=L^qc|lUMOAt?""mR;
'>+q>1.[u>Z}
e:",Check sum is 5
test,"@,fW:Q7VM3FRS
YwcCO>p",Check sum is I
test,"J(%yM8[_RI<,S#m:=K
y/]W -:--37]AJ2JU%x",Check sum is ^
test,5@(; .LY#I-wcW~%.JEZh9P&a	[QJB|Pp*TDH+gx)J,Check sum is +
test,f.iMkTy8|*&B7~~ssXD'7nOT?S}!-,Check sum is )
test,S_3YbmQ[J;u21NN/o)&|k),Check sum is O
test,"5$}b(Sr2|1K\^.!MHxj{ay2obM@&^yt
bt\2`97zwrUUe",Check sum is 5
test,"-f6]r%u[HdZ3""yFkp4bZCRXEBPX{`irAZqB|5'&1jVdy",Check sum is >
test,PMh\$Z]W;DOXNz0.Vv!|e0nNV$P'2q*H7Ir~,Check sum is /
test,"i5IEaO_y/wZEcj'xo6(#Gr*P*hGgD![}'ki['g$#,r2
x`LB",Check sum is P
test,"8""dT",Check sum is 2
test,~M\_skCOVoN9']]W_a#sw	0h!n*_}4ohd-bdMwa$)Cf6+1e,Check sum is Q
test,K)D5vNsq{>5F'G53>HZ_s qO;,Check sum is L
test,fU=!O>B6E5{&,Check sum is Y
test,">+Irz`)ZoX|
@fwqLI`inGJ",Check sum is Y
test,5N7R'0$QD-H@Dx|3,Check sum is \
test,>[rjd6z,Check sum is )
test,"T/_IBjQGZ9
8",Check sum is $
test,0zG$i+Xa|]EFlWp{5oU,Check sum is M
test,"-Sk
O
K[",Check sum is T
test,+g#I]$/ZH3	;(a	J}e	T|/MyJ;8I1Q{'*a9,Check sum is !
test,"1&0nG>Y]XoOI;YSltbJ_2X)KIN3qH,5R	&j5Veg,nP4;0",Check sum is .
test,"XSO7X=~BAx#es9#Z""`|.dgV3vq""N`-/c	i>",Check sum is 6
test,B(Um[`V))%K8h4gQAFKf~@`~NQ,Check sum is ^
test,YkvnB|8!1((sT-BAJpf^YU{*y#wRw6CoIw-YhC |e,Check sum is ^
test,jW{<W>8#<a[u>.\,Check sum is =
test,"Xs@{b\K31izK""s)>iyZ/]wp\^ 3	;{45",Check sum is !
test,mzO~zHfjgT;.5DitM@=DaUIj,Check sum is W
test,"K4S
>}.]C}<QfLE<ms&h_a:VE`_b_Ad(,{U![qtUserZ9+ggT",Check sum is .
test,"JVsz@ln-cvVV'`5	<]=sS^1>Q	!w$1i4{
Qw1c4X(",Check sum is  
test,qh-bdwUVpVWWgBP=Y%9E&``-V`2[_,Check sum is )
test,S	/c	Y<ey@g%u9#N	,Check sum is >
test,"/<NM03S}P|o#]6?9cuS2
9c-lm.Se",Check sum is 1
test,"AK?3.}7DdZ6KAAmISPI{8Sou
`2mhQM4ckQ	S0r",Check sum is 1
test,{8o,Check sum is B
test," _OkU""TV5lQ<D@Dk
o;4 Bm	G_4v(D1m
&~""mVJ",Check sum is R
test,"*v((+f[&b%^nt^bOqo=Um""lQy66lC^SqJ<o?",Check sum is  
test,~-]E|w64u_]WF',Check sum is ?
test,0u$aGX?i/x~L|Vs4q;/,Check sum is V
test,Kp[=[KW!=g`0b'#(,Check sum is Y
test,Rb z_FsFzYT+s?VUJyGjd zFvlXOh<ILip'},Check sum is 2
test,"#?tpBHa8m6Sb@,9",Check sum is F
test,='3{y,Check sum is +
test,"P^zZZB!usOwz[~6JRh""veS<{,U{xue+6Pl_S	$9<[S",Check sum is N
test,"sxgR*e3s}#aq}NJ<""jknv=aF[+&pe=nRfN-7xK<K3g",Check sum is 5
test,"%<'PE<t)(- +
8#cD2Nf%canLV`pZ*~a~?k$;<#+",Check sum is %
test,"0u)jdQ+ksbS%*3LiFfKGbzV(]W!\0N?I,q4?@19'C@)%]",Check sum is  
test,A!Q(K!N\$6uPf?x:AJm	d1:g?Hq<7.p@n(dJA|F?$,Check sum is 1
test,vkFLmCRX(~aqc,Check sum is H
test,"{_yzCpS?IL1LP1x\80xH7H-0:ed8_m/
""i6GO;0+",Check sum is J
test,"o'GiruqPUqYt&6Ie016wgIs]\'uX@~(:RK(@FTCQ6""",Check sum is 4
test,5< G!,Check sum is Y
test,j#21(y@#Kx6D~>#ab&9xaXBLr_,"Check sum is """
test,"r,l\fBcY q/[[8,M
:",Check sum is U
test,";Z>of&H]ip	B??+H>!?GDtT=""&;dI^MvI?hN#hhWy-~9{|",Check sum is C
test,"0g(	lA nj	7=QObe$
5?@$	*du.
3=~!{'FD~qJX{#>",Check sum is #
test,"""O
MK52=>",Check sum is U
test,Jz(7Yb~q,Check sum is -
test,"psDly<XiK<i][xG`>y&^dHBS<i05wg-""BQ",Check sum is 6
test,"W,M1!n`J2_N{Mm%j_At3b?/P} 1[.c'tW1+jz",Check sum is P
test,"Cg|
3/P _(Qt![sFMKORb+%H7Xqsbc(G	v/DHM\ks",Check sum is >
test,"w]=0Ih,U3oQD/<Zs<D&}qP3H;f~F8AeK",Check sum is /
test,(TRMjs/KQkE!%kl0O	kzGhZgc=V(#>/\Lgm<51^|'6(F'0tr,Check sum is ;
test,.($5xY.	RezR$$a*lXO%9,Check sum is ^
test,"TYr7^wBW`iZ nw81t a]/B4s@(hI!!S^S,(4&i",Check sum is U
test,:LZd0B8l.hBY%Tz	$,Check sum is K
test,")	#++Czwq:e'
BG9hHx%n",Check sum is =
test,0ZdX=fid,Check sum is V
test,"iZU3hI#(Vpcbu(=jk^QuKt:#MWb$pS[IK=Iw	W
O+6",Check sum is T
test,"{\3pGUPc^Ym&\4f4nvD2v#[G""+w%""9\?nsR<O EE-P)x'E",Check sum is C
test,NNLl3i,Check sum is P
test,"~JwxL% g<@|#y9o(K2If,c""G",Check sum is W
test,?	Rv{K3O5:EmZ/ ;ftZA3(W.h~S<cuS2&IeE8NI<e6,Check sum is #
test,"m`~?yfOV6seW%){6M^e7rPf9A|:Dc6''M|]`d,Na~,)|Ev1",Check sum is \
test,9X)H)q[<M>>tI}%tU/?~%U%Zl4'm}xI;n<\<SZTf~>i,Check sum is $
test,"dx`eG2Q8Vok5mfo?Fi,tr|wOT=kb=C1veT^PZm:E",Check sum is ^
test,mjJh!?5WGEJw!>l\HfJ |W??,Check sum is 2
test,"?9^e3jnKjmP_;&%dC$E$V)6:;ezz
c""",Check sum is C
test,3-x1C__Fhoc%wTr*AV44|bJ,Check sum is ]
test,ZLN)3D{.iIRM<{fzUQKQh,Check sum is /
test,jTxX]mi jF^/P*P1c,Check sum is \
test,"jTVYo(tUZ)hM7z^YWW
vuVlma[# +yXd$lmp%i""h?7-",Check sum is &
test,".^<6'QrYytMh""~uHMt**Uc=ec{x",Check sum is %
test,"o,6x!
I#p\U[I-Lnpo'",Check sum is 2
test,9lCZ]o,Check sum is .
test,"NrkTx}lSsgCdbhrK)c/SVn]}hZ;FzW(q@a7j	]&wb	UZh,vJ",Check sum is '
test,uuNPVY:JWH]Zb]J,Check sum is :
test,"zlEo~(qCb	i->|$ayfSs+>B@4w$td5il8WYQ$Xi
h'!*H_y,",Check sum is #
test,H-`OF],Check sum is '
test,"qqLxdC%l
a>~&DUqaUBRofiXiUV{^W;t;r",Check sum is U
test,w6pO7koz+Cac;0,Check sum is 4
test,".PCuPX`v{V2sf8uc""Aq0-ynLPSsc",Check sum is ]
test,#gx+6 ?}#^Jowvna7gT,Check sum is G
test,u^N2Mb?BPwy^]#oBHK{Q,Check sum is Q
test,"e_gQm#*<!PjI;$KC9q9v(hWfeFVQ$n=D,H]",Check sum is ?
test,>gB&rdap)JjV,Check sum is G
test,C<vj37i&.aU:-1?o?N>)B/Oz&Y}qPlNw5p 7*n|8e!u|,Check sum is =
test,"|/.>-_:J+v2\I;
2E8zr#YD!",Check sum is @
test,"v?kKm%,[EelS928u,5F.F^ZKY\;j>,",Check sum is G
test,ILaL*ld4H,Check sum is X
test,*#u KK>re{`\ H+DqtZ(2v&`bPoh#,Check sum is <
test,s'!{BOQA&q1LOHI,Check sum is -
test,;j|9 b|t;{;neKpDp&^]voow14cP9bbkvp5&^K+!HW5-z,Check sum is <
test,m;54nCKcxjg)~_!AUtQM`z!BHW.oxy&1bt]&^\ a*yp`,Check sum is 0
test,iqJv3F!]oF,Check sum is &
test,"""y3",Check sum is .
test,@(p5k:>NJ lG?i~zvi'D>VL;2t),Check sum is O
test,Nrv(xGF0#G{p[+Ns`h46ZM]{8*eV|}7iRr<bow^e7AB-P<a-H7,Check sum is A
test,"dG}b]Z""A@@hZ>vOLN	 C.UF[Gh%#+cOfnYv3cE;4\8",Check sum is H
test,~R!%^F,Check sum is Z
test,3mT*0|X?%w c)g4L,Check sum is 0
test,"}#V$""}z97dsy",Check sum is S
test,DyD&1L~pU=fo.*,Check sum is 1
test,"=M1[<{#GU?+*A
s8",Check sum is 6
test,"ZT[yr;;^!r![Eqjc&xD
M2;p'LpTozc-r\,Jget3,`	Mv?",Check sum is N
test,;e0d5~tBtn??	W..X@5\`K,Check sum is -
test,"|Kc9fF""EPKKGgq5(Fx|:G:Q xW
 ]8d_u&^gKD",Check sum is ^
test,y-hf-6+,"Check sum is """
test,<]lxL#itN}M5|3<7,Check sum is X
test,"T=|(
rBh^txso2/GCE0hXO]tw",Check sum is ^
test,"S;C3Pl?W?[cE<$VrZG&4!
F?3O",Check sum is M
test,"-ZD] WT""O b,DI1REP]3KG",Check sum is 9
test,"RZQj]N+?iBc:yc:/A7nq,_",Check sum is K
test,akjNAMLZC`l)`Y,Check sum is I
test,"mQJ_tLT9^0&@H2o++WdI	""pK(g0Fi%D3VH-iiFH`Fr3=",Check sum is .
test,"T*co^nX+.3lIQcQ
>SN79GAEOvbG_",Check sum is M
test,g)d#3v^zQKwa<ebBmc|av,Check sum is T
test,Oewdt2{#X}CW7,Check sum is Y
test,"YYXlc~
",Check sum is A
test,"'r,cb",Check sum is *
test,"y*r""1Y)7SdA&""ye()4!v([2
U'L&Y$b>;oVaQR6UEu4(8","Check sum is """
test,"ktP,+ @pbmMir1yE3lAeovC\.\ipN{,<",Check sum is 9
test,"oh
2h'Z,+d&|A)PgyIhD;Ms[$>T/-9)!N}]T9t ~TnIv",Check sum is ;
test,Gevr/Lj7j-'\lZ!w3RL|>_G<n.a:l&,Check sum is >
test,">1_S<P*K_,E!7]H",Check sum is O
test,".

"">|5E?$4?2bL	NWJ#_i C",Check sum is 4
test,	U}A{WwW1^q_h,Check sum is #
test,"Bjlc\baCX_
!B.*z1xsYao5/B,G[7",Check sum is #
test,!%F5z'Cck|Jos2KX1QxT/U&at.vPYOrn'&L.|,Check sum is \
test,"I.g1qm#n`^@$ojI2G?+$km:8DZ1AZ!voKF:a,95hbs!28}t0!%",Check sum is X
test,"]Qa+S
X.
n/{PBfM. ZC/uu]PQ3,_*+oG!:v$ #s?\A`%!;",Check sum is W
test,"6+
IGe^fpgXu}&[bW6	yM.`B+!p
	^e",Check sum is F
test,"	GnFRm"";V`S8z-""WuZDoA(mk|(U#(
Q*",Check sum is -
test,"b
';OTAdK%&!A6`%(.SO$",Check sum is E
test,"C2""O*F!GDelm(7)':o1BV=$1<xJ$@M",Check sum is B
test,"#O&V,6d@uXhu>",Check sum is <
test,=w#l-Q@A3,Check sum is U
test,A9.th&1oWq$_fAGn!a_D?-,"Check sum is """
test,",.!uNMgdE*t5OQu.`2~",Check sum is !
test,^q<lNiL*,Check sum is D
test,"
fw4*(e<	D5Eg9O!uVh8nyZJf=HPq^xH_nDcp])YA",Check sum is I
test,de3g&7SFxu*yJ~32gzwP:+w3:k1U.O;kC&X,Check sum is <
test,dsQw;tBT+QK`vvo'K_7IU,"Check sum is ,"
test,"C~=>bygG%3A""S2lfFU&T\,.>^6 TK*ku",Check sum is ]
test,541SwF}^kD3l>,Check sum is 1
test,"
>4/)$2""X	JTe",Check sum is P
test,z[N2W,Check sum is L
test,"\AQ&a'gNk@],9QZ{(N\3^J`dAicVvYE[
o",Check sum is @
test,"tB\G#Kmi(HJHBc+KpM*8PF*?\< ?}*P(.g&0ZmY8=)PNFk|V
","Check sum is """
test,"D^c@[nv:Besn'heU@6<AD#+,8ar}	NQUC+R""8x",Check sum is 7
test,"f@o{cV
.NU",Check sum is D
test,FD;5*%C9ys29^,Check sum is Z
test,$\m)#O-71(R8$>W.-;eaf5K!@=,Check sum is H
test,"rc})/m#
`Wi\}y|CQD	",Check sum is 3
test,"Y>[9
1as[R",Check sum is G
test,"LEarTf$28Lr#k\:kh.,UBY`xy}-K37Y.*RWNT*u1@5	5qI]",Check sum is Q
test,"YyFI;}e8Q{pV/:k] vlzT""Q^ ",Check sum is Z
test,"B
f5Pv",Check sum is M
test,q\MZn]T5]VU,Check sum is 0
test,"=e='*Z[gI~S->5n(0vc)=}whJ\
yhtd4TO9_hrfPL@Q;cpq",Check sum is K
test,"lLWs)ps@i`3@;d!""awsAdBd3$[Zp!&
l?O x2M7^ue7Nzc3cd",Check sum is K
test,"aqM=fn7
DWj",Check sum is V
test, e8DH,Check sum is )
test,mK|N@;s%Q<uCX,Check sum is R
test,"\-I:QOIwl/c
b#{)""^=Xn",Check sum is @
test,{c;	dmxj._^CORg6$D+J.70!,Check sum is 4
test,-%2i\A:{+^7w7>) K9F<_xst,Check sum is X
test,"F
s*scIg,Uhohw-[`Y#l0kJ\Z>*uAr9ij
""%b/G[x",Check sum is M
test,&9 0q]sT/C6NK>;r-Y,Check sum is V
test,||Te,Check sum is Q
test,"v?}v]:^U@""h]ZM R",Check sum is R
test,)sI>t=h39rR!s 5o,Check sum is $
test,",N[9#w!-0Pv9s",Check sum is 8
test,"Ga5~R`n8G}@WFP>EZd,tD3pcM@M)",Check sum is 2
test,"OndCqVKn>e;8P(Ht,D2H}+  MY,b<(?|nf=d3J2lwBNb ({2",Check sum is !
test,"j8c;^.Q-n/o Jck""M7?b{D2FUL^UF?No2%w*5Qx",Check sum is 8
test,e&w?T4h<N,Check sum is [
test,	HyL!z.\Tc?S(mFC,Check sum is B
test,JS ( ;\pYGg2,Check sum is %
test,"3XqD3YHzt"",s&#2e?5,x?n|.{}oOX`H<m",Check sum is Q
test,"VRmAc`\4J>3b0lr&X""><HouHJYWN1|BgzMLOnh|ThY#",Check sum is L
test,-j)(G,Check sum is O
test,"!I=6Eq0,F{+.O?GQ5aUCj",Check sum is '
test,q)|^,Check sum is T
test,")}IGe:Z|1B+3V?{oa
HG[X(fg9HrE6KR",Check sum is H
test,V./4sWAQ:.~Z#N  z0`g 	LhuZmQc,Check sum is R
test,3X}s}uVl_)c%(E(	|OnWY	rtae=MTnE`9L,Check sum is Q
test,&O$lQ,Check sum is 6
test,)A6,Check sum is @
test,"j	?>;O[|E.5
]}@'Wbjqr:&,3#iTg'8P,&2	`.ZEvnR
@s
x.",Check sum is <
test,n%Ku*Z'Iri}*:D<0_q+#,Check sum is 1
test,o$.UR0P]%O:fgd.{RsQ]fbp:oYmO6?7+!g^zn,Check sum is ;
test,"8=NwahZc,=#++5mwvRf(3R},>*Gh",Check sum is 6
test,^:Em+W,"Check sum is ,"
test,"
GQiJ3byq=6DlR(4ro""^/t&J|d76xmSUfa('q+=5V6O1H",Check sum is K
test,t<(\F4Kh[YzZ%'Kyf7QUEN0=oHPNPSu	p,Check sum is B
test,BaklFwUh,Check sum is T
test,q=	;QH!>^$2w]zG0TU-v.1%/I_{!{Auk2pFeyn]5ah,Check sum is 1
test,"""A	l%}lgy
K3Pn,|wh r5n|",Check sum is $
test,!n=P>?I4E8gON(=Yux5R acCp	e:,Check sum is (
test,"""~iYL,[d.U_!&x[bc|/)1#E7K|rZs-18@yH=dmS",Check sum is \
test,"?W2ckJ`CQ~fKg;v1G2.j/b{xZG""",Check sum is D
test,"y0;$PP7*bi""B%	M*CKi",Check sum is 4
test,"8MHF}~wFG9r
HHRoa5j",Check sum is 8
test,"^dK/F=PyoGRkPd;o<R-,i4OvI",Check sum is K
test,j8U\0	X>q@5%1c)H?	_a`EE4'_n,"Check sum is ,"
test,b{*Jpr#sM1O'~,Check sum is [
test,!o4R~T2ji>Y8]I|-]k >DED{$,Check sum is =
test,"[kSmYbf~
CR`<9i#f9a\{Ce;=R0Fx	6	0jH\MyU24",Check sum is C
test,EZY9	T)!AiVYxc^.z2,Check sum is $
test,"N &#}Z~!+=E&GA| v>a!-)HS5T,1T)",Check sum is N
test,Kv+8]- 9>a3K2t>|@tqVV3?6A['~sM+,Check sum is I
test,"\yQw
Qp^Er!M`*z;'<^",Check sum is K
test,"{tpEIh;*h/<W0*lY(Jg(.^i~p""p",Check sum is Y
test,"|89o.S/oF%]y,4; ,l_zf7%r
(fn94aW@q_s)b(0Df",Check sum is 7
test,R#J4d,Check sum is 7
test,"8+G
+1];D=p+CQ8Bp6X^fH	CMb}kTYpF':#6-XT7s]JZ",Check sum is @
test,"gMa	dZZK""KBwrb/w*3H^|M;\;6/3TZB%R<-",Check sum is G
test,x5.,Check sum is ;
test,"j<
;0:W]5P'h {<CLyEY)& V+J8I{R^|v:",Check sum is L
test,"pL5]R
7^(;w}%{>={ILj}#^c&m+QY{tT,",Check sum is C
test,"v
_ElLY~31$	ewQ+H$D_xH2}Uos7+	r)qN/",Check sum is %
test,"<^4s[J\""A=:skQ",Check sum is +
test,"P}rXgvU<J$'H?a$[892S.;XVin@ZN)lBm}Sn}Cd{G<T?__
:J",Check sum is 0
test,"mU}rY4+S
>@B
yr?
{0}BQ-vSU
J[ca;/cEgl",Check sum is B
test,"4^
aZ$wz_P7KRRMjc`+7,xd&+}	",Check sum is \
test,"CX.5""kG&8IR+O6""kqx,4h'",Check sum is @
test,"]zR8@ iMNkfWL/$_^G{mt"" \B(",Check sum is T
test,"-:X%#J_"":Gt~dbLs<lN|bD8=xp^-308",Check sum is E
test,"^K&s-w
cK`]CmX(m]wQD.=AHMzN:ibavW""",Check sum is _
test,?%^9}Ch['gKN%/|8Z@zxW5xK0cKo&?gdu{* ^VS,Check sum is &
test,E<Fb,Check sum is I
test,yclAZO%+?lhx=|*FdU~gXq,Check sum is =
test,"^VE6`.II@By9Uq~
r=T)w(",Check sum is <
test,"9`Cv+)wJ	S""\}XtGC__Cip;`f*=((%C/@\/XRappq",Check sum is D
test,==Ep9E/qnL	8391{2idla%/,Check sum is  
test,mnyA'A/u7.9#xRYr#x_^ab,Check sum is 2
test,L!'#-	[apu mf:0!/?-aPr5%M	{{DVo#X,Check sum is T
test,"Ow_{uz6!3TW)T@o1^=~*v=?9+mE5!M|:X,",Check sum is )
test,"KB08!ll)zHzilf.f8-Ik)""#-*",Check sum is  
test,"?={4aAp,Hm,f>&C
G0T{ob",Check sum is X
test,O3Vy,Check sum is 1
test,XZ(7)TV@6*ggKU|bG\)ju}uA@CR:P)TB%@?PC(,Check sum is K
test,"9?
1+XMo",Check sum is R
test,"jbZ b,&&E@Z>1/v	>5V4JqH
AHj&",Check sum is _
test,"Sod]utqV1ay2qO,/Js\H8|o!dVP`vGM",Check sum is D
test,"haB	Dx@
",Check sum is :
test,IL.LW:!]5<tD4VL4M$^	ArS4QsHt@SlAlA'G,Check sum is ^
test,7~-w.z@0H}Y'|tZ9K8&+6	nB{i]d4K5_i$VAw8UQ{,Check sum is H
test,zB:-I[uC_z@pKn,Check sum is !
test,"0VQ{&t8}7
Yj4-W6JramF?S1SncharogjZJaJ0x-4lL0XIDjdY",Check sum is 1
test,"Yls;g{{w53Ap;z3j.]|%l|i\bQ%&Fqu?GW""dE5P9d6wJi",Check sum is ?
test,if{'SS%GR=g,Check sum is Y
test,"=uM=Zd*61Vw""
1 &<05{y?_0}tm^9O|esPH(
i5)yewoC'V-@",Check sum is X
test,")hWP6j\Q{Z[F>+[_|#aH+,FavDz Y<A8CRb%""Jq[=wCJf",Check sum is !
test,G/`7,Check sum is -
test,@S,Check sum is 3
test,"Q""kb?:M/0XO^KM","Check sum is """
test,"
.UShzn=>DAnw.""H7G""B&9B73AaZKNH}hJl:8|:JM<Jw31",Check sum is R
test,C8fY,Check sum is Z
test,QO6PcUe~mQ~JX;LLx]pv,Check sum is M
test,#`.b],Check sum is P
