set,input1,output1
train,,Check sum is  
train,	,Check sum is )
train,"
",Check sum is *
train,"B
","Check sum is ,"
train,"

",Check sum is 4
train,"

















































",Check sum is T
train,                                                  ,Check sum is  
train,ssssssssssssssssssssssssssssssssssssssssssssssssss,Check sum is V
train,"CD
CD
CD
CD
CD
CD
CD
CD
CD
CD
CD
CD
CD
CD
CD
CD
CD",Check sum is 7
train,"x
y x
y x
y x
y x
y x
y x
y x
y x
y x
y x
y x
y x
",Check sum is &
train," 
 
 
 
 
 
 
 
 
 
 
 
 
 
 
 
 
 
 
 
 
 
 
 
 
",Check sum is :
train, ,Check sum is @
train,!,Check sum is A
train,"""",Check sum is B
train,#,Check sum is C
train,$,Check sum is D
train,%,Check sum is E
train,&,Check sum is F
train,',Check sum is G
train,(,Check sum is H
train,),Check sum is I
train,*,Check sum is J
train,+,Check sum is K
train,",",Check sum is L
train,-,Check sum is M
train,.,Check sum is N
train,/,Check sum is O
train,0,Check sum is P
train,1,Check sum is Q
train,2,Check sum is R
train,3,Check sum is S
train,4,Check sum is T
train,5,Check sum is U
train,6,Check sum is V
train,7,Check sum is W
train,8,Check sum is X
train,9,Check sum is Y
train,:,Check sum is Z
train,;,Check sum is [
train,<,Check sum is \
train,=,Check sum is ]
train,>,Check sum is ^
train,?,Check sum is _
train,@,Check sum is  
train,A,Check sum is !
train,B,"Check sum is """
train,C,Check sum is #
train,D,Check sum is $
train,E,Check sum is %
train,F,Check sum is &
train,G,Check sum is '
train,H,Check sum is (
train,I,Check sum is )
train,J,Check sum is *
train,K,Check sum is +
train,L,"Check sum is ,"
train,M,Check sum is -
train,N,Check sum is .
train,O,Check sum is /
train,P,Check sum is 0
train,Q,Check sum is 1
train,R,Check sum is 2
train,S,Check sum is 3
train,T,Check sum is 4
train,U,Check sum is 5
train,V,Check sum is 6
train,W,Check sum is 7
train,X,Check sum is 8
train,Y,Check sum is 9
train,Z,Check sum is :
train,[,Check sum is ;
train,\,Check sum is <
train,],Check sum is =
train,^,Check sum is >
train,_,Check sum is ?
train,`,Check sum is @
train,a,Check sum is A
train,b,Check sum is B
train,c,Check sum is C
train,d,Check sum is D
train,e,Check sum is E
train,f,Check sum is F
train,g,Check sum is G
train,h,Check sum is H
train,i,Check sum is I
train,j,Check sum is J
train,k,Check sum is K
train,l,Check sum is L
train,m,Check sum is M
train,n,Check sum is N
train,o,Check sum is O
train,p,Check sum is P
train,q,Check sum is Q
train,r,Check sum is R
train,s,Check sum is S
train,t,Check sum is T
train,u,Check sum is U
train,v,Check sum is V
train,w,Check sum is W
train,x,Check sum is X
train,y,Check sum is Y
train,z,Check sum is Z
train,{,Check sum is [
train,|,Check sum is \
train,},Check sum is ]
train,~,Check sum is ^
train,!\,Check sum is ]
train,s(,Check sum is ;
train,h4,Check sum is <
train,lw,Check sum is C
train,kE,Check sum is P
train,AM,Check sum is .
train,sx,Check sum is K
train,n2,Check sum is @
train,@u,Check sum is U
train,+5,Check sum is @
train,~>,Check sum is \
train,rJ,Check sum is \
train,]3,Check sum is 0
train,xY,Check sum is 1
train,1d,Check sum is 5
train,T0,Check sum is $
train,Z\,Check sum is V
train,H-,Check sum is U
train,+Z,Check sum is %
train,4p,Check sum is D
train,^F,Check sum is D
train,P/,Check sum is _
train,{#,Check sum is >
train,pZ,Check sum is *
train,i<,Check sum is E
train,Jk,Check sum is U
train,<=,Check sum is Y
train,y(,Check sum is A
train,YT,Check sum is M
train,)l,Check sum is 5
train,':,Check sum is A
train,K(,Check sum is S
train,4~,Check sum is R
train,",H",Check sum is T
train,0&,Check sum is 6
train,T7,Check sum is +
train,2k,Check sum is =
train,Qk,Check sum is \
train,2z,Check sum is L
train,fi,Check sum is /
train,n],Check sum is +
train,K*,Check sum is U
train,g$,Check sum is +
train,T=,Check sum is 1
train,]a,Check sum is ^
train,Oy,Check sum is (
train,=6,Check sum is S
train,uM,"Check sum is """
train,AB,Check sum is #
train,36,Check sum is I
train,$A,Check sum is E
train,wZ,Check sum is 1
train,+m,Check sum is 8
train,<|,Check sum is X
train,Q=,Check sum is .
train,Hhq,Check sum is A
train,T g,Check sum is ;
train,wf\,Check sum is Y
train,NOo,"Check sum is ,"
train,<{M,Check sum is $
train,0*b,Check sum is \
train,3tm,Check sum is 4
train,\_f,Check sum is A
train,|.0,Check sum is :
train,o:4,Check sum is =
train,_8s,Check sum is *
train,"Q,G",Check sum is $
train,;)o,Check sum is 3
train,d7-,Check sum is (
train,YhG,Check sum is (
train, r5,Check sum is '
train,g5m,Check sum is )
train,*#0,Check sum is ]
train,"L,O",Check sum is '
train,WKp,Check sum is 2
train,ZSF,Check sum is S
train,"<
o",Check sum is U
train,}?m,Check sum is I
train,iEq,Check sum is ?
train,r&E,Check sum is =
train,XyO,Check sum is @
train,'	],Check sum is -
train,3'5,Check sum is /
train,V37,Check sum is  
train,xy],Check sum is .
train,Zvu,Check sum is %
train,iuu,Check sum is 3
train,",#=","Check sum is ,"
train,SY`,"Check sum is ,"
train,:XC,Check sum is 5
train,9L%,Check sum is J
train,"
\x",Check sum is >
train,v'Z,Check sum is W
train,^mJ,Check sum is 5
train,`r ,Check sum is R
train,[qn,Check sum is Z
train,3vW,Check sum is  
train,^J(,Check sum is 0
train,C-T,Check sum is $
train,m9Q,Check sum is W
train,j)e,Check sum is X
train,[w2,Check sum is $
train,%A',Check sum is -
train,)>8,Check sum is ?
train,v!+,"Check sum is """
train,"MOqVh^""G$>t*/&r|Zv8UR't=mG
K@~jdwC1A",Check sum is =
train,"9bXb=AZfJ$zw8|
bHXl,.,iE0/&q!@'",Check sum is 0
train,><yCz]Wk6`6,Check sum is ;
train,"*Z
BS=-t3K>2vFm*7;l,`x2ds,hj6<X[^Gf7ZqB",Check sum is ?
train,~\Bx:y^ra[C%Zl\J]`g8/WNY,Check sum is P
train,f.s0]*{stx2nR9,Check sum is #
train,S 2!=9$HR;/mD~/5MC%v`?v)e)Rb_TJKS3\l6(,Check sum is 6
train,c^p.gzmo,Check sum is <
train,L;G-q.|Ogd[,Check sum is +
train,E$t{N7WwqIG]WvowVh1,Check sum is K
train,"MvGNwv-}""<WdUFyJk>z*n\Ub3Ia{
A",Check sum is 7
train,;1w3VL*)xr.l=>]tl,Check sum is '
train,[6!E#,Check sum is :
train,"r&;n:c=tW&a-!YtUz\x^H{hG
,g""-tr=R<i\/9ME70G2J",Check sum is !
train,"*YLv9z<
W/W*:/gL#hu'*{",Check sum is M
train,"crmy}Y<8v(ZG(|Odb.^;bLt""%bvwS^QM",Check sum is +
train,"f%>*9\kStZYvH}:L`u-g:?w}_+B@
clNq,A%l
3}`?@",Check sum is _
train,Bh$I(v,Check sum is U
train,#PI%6ew3g>ZdnW1z]x*)Q<FX['$Ksgs;9fC1$!)=p:sT,Check sum is T
train,0?R\X{g2Ax~u;.(?E Lj>{77{	q9Y@JH4FZo	fg	L-t3?3D~)6,Check sum is U
train,"Xi9a3nGf#mR?j16u::,U1<T-peg&>V>)]",Check sum is M
train,"Ag&d9a8/E:g?KmoOjarNY^4XhC
/6BM*E{l=JHX,?<4N=Rh
|",Check sum is H
train,"l(F{]oDVr+02ZHm?[@4%P&=dd:
'`^Qx9k|Q~,&Jez'JZ&iAD_",Check sum is 1
train,"|ke2b1I9 ZP7(,wOUjpDJ1""q5M5w?PoHUq{0tof9<9=<2mUf-",Check sum is +
train,"S1qeTvxs`O~<mk2;\NdOo|]])jY""G:JD)AY",Check sum is ?
train,Yyxu!.@MP1,Check sum is <
train,"=TJ$`:'*s	=LeSBVB*|wuFi#
ab(Bz""mAmj<QjINYG",Check sum is K
train,"*zdnKQ^#@b<F45BNk<X0W2
GF>`a2C/=v%=n+`FExKhi",Check sum is /
train,shX~(An1gUg+7bhh;V(p2O.yVL:E*$zm#p,Check sum is J
train,"""G>)ONz$*BokCMTfaa+&Mj~ ^bq""iO0'%#/Zf#5myhr$)1b",Check sum is 4
train,"~iDeyO51
Kz{I9>B{R(Cg
Pglb",Check sum is X
train,'N	5KGZ5*WoT]5V2Cx&|S.czN?s7lkv)DB>iB+U,Check sum is )
train,"F8 l""LHu	175r|z<$/iKO$7>^W?6xN&",Check sum is $
train,hZMHgC_ ,Check sum is  
train,"f,sf-s@RV5n5[B;JPR-V~85\F){+k&Ck
`M	!,k2",Check sum is 7
train,P$=J+6Lgkwms;xz,Check sum is ^
train,"	`Hu@ioD
zP Plc#d_",Check sum is [
train,"B5I%b\`vv6Q)4T^bECKka^\t:KC4x(
HiY]#|A",Check sum is A
train,"UqE*
}Vq:S5HNJ
Lni-K]-(i!	SgY[",Check sum is ]
train,VdGA_1K(]Oha&jo0 ,Check sum is )
train,"!\~O77w 
Y3",Check sum is E
train,=H5,Check sum is Z
train,"""3[hb[vAyBt%ws0jPgRR#	^3j",Check sum is F
train,/+P=WDTu)^v}+,Check sum is P
train,8U.`bAA,Check sum is _
train,"nSK=JbzhYFe;'/p0vzQ\#y0.aDuo^`yW
CYPq*1Mq",Check sum is Z
train,"&.N?o !hvlQl?!
}X%pk""@Z

}>vYqniayD{c=fv>Bfs].",Check sum is R
train,^vRp)M,"Check sum is ,"
train,JNXVno884t'ev\|sO][G5@u7JgXk(GB>z,Check sum is 4
train,"Fbu6
Y6<7+wEJ""+0@#Tq;%\58zdNwQd1I}?l.",Check sum is &
train,)'-{	/?no^5~&*%I,Check sum is ;
train,"Mg~&CF(*
P|?=B+lxr>o&D)B#",Check sum is M
train,8>[>zJ+Ada)DIctcqBwZ,Check sum is X
train,&^_@c=Sg},Check sum is Z
train,}<$U$|i3 t0&fZ,Check sum is 8
train, ]MJR[6e,Check sum is <
train,"o3={nN*}]fz=T77FU8+,s)!y{r&52CO6",Check sum is ;
train,"""hfq;6~==mQ^!nLH!ldNa",Check sum is I
train,"m+5FHwsM;|y\F%9; 
SY",Check sum is 3
train,"Tsxi_xD
=L{Qaobv!d<V3o?T*A.)Q(yi4L<Yi'^gM-	I,%g",Check sum is A
train,mmbEllO]iW?51?.@N.4YlL|,Check sum is 4
train,"V@&B?.GI(C-@x_m>w"",A",Check sum is ;
train,"""}4uBk	;m<bzjp|k%iVu",Check sum is 8
train,Lg9N$J]mcYc6(]t$C<y&X,Check sum is :
train,"aCfZv	8
(\R$?cXR 9}C]*;,^U",Check sum is E
train,"^'&-\[$=_
Q\`Ujb7;""qqc=X3W/l1#B5v",Check sum is ;
train,"C}5.J2s]iC|@f0d""oIT\aj'=f6y",Check sum is ?
train,TFPe\_^3#6	6Qeh?;Z8~(_,Check sum is B
train,`QarL83ZzUs+,"Check sum is """
train,"iXZ(8G&c3,45Sy|'eGNQ:SQm%3c(c(J['_cDTSV",Check sum is 5
train,% ,Check sum is %
train,">$,aev?g>	tm",Check sum is 8
train,[ob,Check sum is L
train,"-dbb6J1]I
Qe`Ln4+h,a:@%rW)'ARQHAMaCjVx	:",Check sum is K
train,"T&,:/?/R",Check sum is /
train,"b
r8;)XB-Lc
ixBn^fTi8!LmG",Check sum is E
train,"Re*=k;!dQbw$~]$Bin,n`fcg2$9VPjUMP51O6;",Check sum is 0
train,^0<	0.hN|D/{N5]c^)vt@G)xu@.p_[U4m.cFy,Check sum is  
train,	/>l^l3tszE~0OP:cs4-E68S{^|LTTG[f$BgY,Check sum is  
train,	9Cson[/_,Check sum is ^
train,"D UaZ9
6MaMzBY4*phbD/ln/5gq;,""Fp!
H,
ROn.Fj#[>$P",Check sum is C
train,"[lF
,I8@S*!;S",Check sum is P
train,ykTO[9v?_x^p6cf*N~b)k_-OqhO5.&,Check sum is L
train,"#hh^"".V<Z8$N01!@%t_bh!H;,U\!OT|r""",Check sum is 0
train,%+kw	? ?vOK{,Check sum is D
train,"1""nw5;)	!6)]J	a)[@#C@W =iW|rClhL+,7!Gnv`Z	V8!lEJ",Check sum is A
train,FMV(XD,Check sum is M
train,wiC}JCWw@n4&R!N+uQP|0b 2m{ Bpj9HTM&Gy@,Check sum is 1
train,"
!	6t@@1sPu_bS:nG=1O:OQvS=D9",Check sum is D
test,	 ,Check sum is I
test,:>,Check sum is X
test,lq,Check sum is =
test,z8,Check sum is R
test,c6,Check sum is 9
test,{e,Check sum is @
test,/F,Check sum is U
test,0X,Check sum is (
test,cp,Check sum is 3
test,OF,Check sum is 5
test,H5,Check sum is ]
test,Nq,Check sum is _
test,D8,Check sum is \
test,Xw,Check sum is /
test,-H,Check sum is U
test,	],Check sum is F
test,Qy,Check sum is *
test,X5,Check sum is -
test,",4",Check sum is @
test,jc,Check sum is -
test,D.,Check sum is R
test,~v,Check sum is T
test,+I,Check sum is T
test,&$,Check sum is *
test,(2,Check sum is :
test,nx,Check sum is F
test,ov,Check sum is E
test,LW,Check sum is C
test,)_,Check sum is (
test,2i,Check sum is ;
test,2k,Check sum is =
test,N+,Check sum is Y
test,b`,"Check sum is """
test,;r,Check sum is M
test,JH,Check sum is 2
test,\*,Check sum is &
test,r>,Check sum is P
test,Oe,Check sum is T
test,|z,Check sum is V
test,/@,Check sum is O
test,Ux,Check sum is -
test,*Y,Check sum is #
test,x4,Check sum is L
test,F ,Check sum is F
test,=z,Check sum is W
test,'A,Check sum is H
test,Ql,Check sum is ]
test,&b,Check sum is (
test,0A,Check sum is Q
test,=[,Check sum is 8
test,o7,Check sum is F
test,AP,Check sum is 1
test,Xb,Check sum is Z
test,=Z,Check sum is 7
test,"p,",Check sum is <
test,Mb,Check sum is O
test,o?,Check sum is N
test,in,Check sum is 7
test,Fv,Check sum is \
test,1A,Check sum is R
test,S9,"Check sum is ,"
test,>4,Check sum is R
test,ep,Check sum is 5
test,/B,Check sum is Q
test,~F,Check sum is $
test,_o,Check sum is .
test,Y3,"Check sum is ,"
test,bX,Check sum is Z
test,S],Check sum is P
test,Nx,Check sum is &
test,L&,Check sum is R
test,(2,Check sum is :
test,S),Check sum is \
test,{.,Check sum is I
test,p],Check sum is -
test,"""1",Check sum is 3
test,v+,Check sum is A
test,vb,Check sum is 8
test,H+,Check sum is S
test,"""D",Check sum is F
test,Zw,Check sum is 1
test,u@,Check sum is U
test,N[,Check sum is I
test,~6,Check sum is T
test,r;,Check sum is M
test,y8,Check sum is Q
test,`&,Check sum is &
test,>M,Check sum is +
test,|R,Check sum is .
test,",3",Check sum is ?
test, l,"Check sum is ,"
test,"h""",Check sum is *
test,<N,Check sum is *
test,}W,Check sum is 4
test,l#,Check sum is /
test,L7,Check sum is #
test,-~,Check sum is K
test,]W,Check sum is T
test,+5,Check sum is @
test,*\,Check sum is &
test, L,Check sum is L
test,==,Check sum is Z
test,[k,Check sum is &
test,S),Check sum is \
test,"!,",Check sum is -
test,VO,Check sum is E
test,3S,Check sum is &
test,cD,Check sum is G
test,pS,Check sum is #
test,*i,Check sum is 3
test,Z?,Check sum is 9
test,oM,Check sum is \
test,ne,Check sum is 3
test,x ,Check sum is 8
test,|Z,Check sum is 6
test,?!,Check sum is @
test,~3,Check sum is Q
test,qu,Check sum is F
test,"p""",Check sum is 2
test,Bn,Check sum is P
test,4f,Check sum is :
test,MO,Check sum is <
test,+},Check sum is H
test,`6,Check sum is 6
test,i ,Check sum is )
test,Q*,Check sum is [
test,Dj,Check sum is N
test,"}
",Check sum is '
test,].,Check sum is +
test,N{,Check sum is )
test,*_,Check sum is )
test,I;,Check sum is $
test,a!,"Check sum is """
test,x7,Check sum is O
test,I^,Check sum is G
test,"""5",Check sum is 7
test,r5,Check sum is G
test,cz,Check sum is =
test,8*,Check sum is B
test,kO,Check sum is Z
test,6',Check sum is =
test,|+,Check sum is G
test,Lx,Check sum is $
test,UP,Check sum is E
test,ti,Check sum is =
test,",4",Check sum is @
test,@\,Check sum is <
test,-8,Check sum is E
test,wZ,Check sum is 1
test,Z},Check sum is 7
test,jz,Check sum is D
test,<l,Check sum is H
test,lS,Check sum is _
test,CF,Check sum is )
test,s^,Check sum is 1
test,E/,Check sum is T
test,",(",Check sum is 4
test,eL,Check sum is Q
test,;(,Check sum is C
test,:x,Check sum is R
test,P~,Check sum is .
test,`',Check sum is '
test,T%,Check sum is Y
test,?\,Check sum is ;
test,AC,Check sum is $
test,6j,Check sum is @
test,pA,Check sum is Q
test,?H,Check sum is '
test,"{
",Check sum is %
test,8E,Check sum is ]
test,_a,Check sum is  
test,pH,Check sum is X
test,s\,Check sum is /
test,%`,Check sum is %
test,&K,Check sum is Q
test,%J,Check sum is O
test,UY,Check sum is N
test,JG,Check sum is 1
test,*z,Check sum is D
test,y_,Check sum is 8
test,i ,Check sum is )
test,YY,Check sum is R
test,kf,Check sum is 1
test,6O,Check sum is %
test,q/,Check sum is @
test,<),Check sum is E
test,pt,Check sum is D
test,|%,Check sum is A
test,s`,Check sum is 3
test,ZS,Check sum is M
test,KZ,Check sum is E
test,	4,Check sum is ]
test,p<,Check sum is L
test,VM,Check sum is C
test,3:,Check sum is M
test,"L""",Check sum is N
test,+},Check sum is H
test,UI,Check sum is >
test,JW,Check sum is A
test,AI,Check sum is *
test,#r,Check sum is 5
test,"""$",Check sum is &
test,l#,Check sum is /
test,Y|,Check sum is 5
test,UU,Check sum is J
test,6?,Check sum is U
test,WY,Check sum is P
test,iD,Check sum is M
test,	N,Check sum is 7
test,_u,Check sum is 4
test,%&,Check sum is +
test,9M,Check sum is &
test,B8,Check sum is Z
test,QF,Check sum is 7
test,"W,",Check sum is #
test,S%,Check sum is X
test,M.,Check sum is [
test,s.,Check sum is A
test,3S,Check sum is &
test,x0,Check sum is H
test, k,Check sum is +
test,t9,Check sum is M
test,Fu,Check sum is [
test,/o,Check sum is >
test,4I,Check sum is ]
test,>1,Check sum is O
test,5=,Check sum is R
test,y#,Check sum is <
test,@M,Check sum is -
test,""";",Check sum is =
test,e&,Check sum is +
test,s/,Check sum is B
test,")
",Check sum is S
test,de,Check sum is )
test,e?,Check sum is D
test,"q
",Check sum is [
test,Jm,Check sum is W
test,XA,Check sum is 9
test,Sv,Check sum is )
test,s-,Check sum is @
test,2',Check sum is 9
test,d?,Check sum is C
test,"""v",Check sum is 8
test,M',Check sum is T
test,07,Check sum is G
test,&n,Check sum is 4
test,H>,Check sum is &
test,4L,Check sum is  
test,p%,Check sum is 5
test,Zz,Check sum is 4
test,k6,Check sum is A
test,0h,Check sum is 8
test,Jl,Check sum is V
test,+.,Check sum is 9
test,qz,Check sum is K
test,Wh,Check sum is _
test,6 ,Check sum is 6
test,2M,Check sum is _
test,t2,Check sum is F
test,Je,Check sum is O
test,(d,"Check sum is ,"
test,1`,Check sum is 1
test,Lc,Check sum is O
test,",2",Check sum is >
test,<d,Check sum is @
test,v:,Check sum is P
test,"""t",Check sum is 6
test,Lu,Check sum is !
test,#	,Check sum is L
test,H;,Check sum is #
test,#U,Check sum is X
test,~/,Check sum is M
test,lV,"Check sum is """
test,B1,Check sum is S
test,U],Check sum is R
test,>5,Check sum is S
test,R^,Check sum is P
test,Hz,"Check sum is """
test,y:,Check sum is S
test,+*,Check sum is 5
test,AA,"Check sum is """
test,57,Check sum is L
test,(G,Check sum is O
test,#E,Check sum is H
test,^%,Check sum is #
test,yA,Check sum is Z
test,z3,Check sum is M
test,Tg,Check sum is [
test,-|,Check sum is I
test,eG,Check sum is L
test,F},Check sum is #
test,uN,Check sum is #
test,uL,Check sum is !
test,:9,Check sum is S
test,Z',Check sum is !
test,i	,Check sum is R
test,d@,Check sum is D
test,0y,Check sum is I
test,lX,Check sum is $
test,&O,Check sum is U
test,.\,Check sum is *
test,z%,Check sum is ?
test,hY,Check sum is !
test,r<,Check sum is N
test,RD,Check sum is 6
test,Y4,Check sum is -
test,Z],Check sum is W
test,>	,Check sum is '
test,S[,Check sum is N
test,/m,Check sum is <
test,/l,Check sum is ;
test,"
b",Check sum is L
test,}1,Check sum is N
test,GP,Check sum is 7
test,42,Check sum is F
test,A*,Check sum is K
test,<u,Check sum is Q
test,%t,Check sum is 9
test,kr,Check sum is =
test,W3,Check sum is *
test,. ,Check sum is .
test,pT,Check sum is $
test,Am,Check sum is N
test,I&,Check sum is O
test,k),Check sum is 4
test,H1,Check sum is Y
test,"
y",Check sum is #
test,(3,Check sum is ;
test,hg,Check sum is /
test,F<,"Check sum is """
test,y.,Check sum is G
test,=u,Check sum is R
test,~j,Check sum is H
test,q3,Check sum is D
test,}R,Check sum is /
test,(:,Check sum is B
test,]},Check sum is :
test,3+,Check sum is >
test,q),Check sum is :
test,)E,Check sum is N
test,">,",Check sum is J
test,qz,Check sum is K
test,5R,Check sum is '
test,	*,Check sum is S
test,|A,Check sum is ]
test,d3,Check sum is 7
test,N),Check sum is W
test,OZ,Check sum is I
test,Vh,Check sum is ^
test,3*,Check sum is =
test,a{,Check sum is <
test,KU,Check sum is @
test," 
",Check sum is J
test,yD,Check sum is ]
test,0	,Check sum is Y
test,FQ,Check sum is 7
test,(?,Check sum is G
test,"4""",Check sum is 6
test,Pp,Check sum is  
test,0F,Check sum is V
test,Lm,Check sum is Y
test,+J,Check sum is U
test,^2,Check sum is 0
test,+U,Check sum is  
test,|x,Check sum is T
test,Gp,Check sum is W
test,}2,Check sum is O
test,Xq,Check sum is )
test,l3,Check sum is ?
test,Go,Check sum is V
test,Eh,Check sum is M
test,#5,Check sum is 8
test,^k,Check sum is )
test,8;,Check sum is S
test,U^,Check sum is S
test,Q_,Check sum is P
test,qv,Check sum is G
test,h4,Check sum is <
test,z%,Check sum is ?
test,w\,Check sum is 3
test,QA,Check sum is 2
test,YU,Check sum is N
test,AR,Check sum is 3
test,6J,Check sum is  
test,^F,Check sum is D
test,"
N",Check sum is 8
test,	j,Check sum is S
test,I;,Check sum is $
test,ps,Check sum is C
test,X9,Check sum is 1
test,=m,Check sum is J
test,}),Check sum is F
test,:V,Check sum is 0
test,86,Check sum is N
test,Qf,Check sum is W
test,29,Check sum is K
test,YJ,Check sum is C
test,"
%",Check sum is O
test,*.,Check sum is 8
test,gP,Check sum is W
test,"
I",Check sum is 3
test,'&,Check sum is -
test,h_,Check sum is '
test,_%,Check sum is $
test,$?,Check sum is C
test,SG,Check sum is :
test,w7,Check sum is N
test,w},Check sum is T
test,2X,Check sum is *
test,f7,Check sum is =
test,(],Check sum is %
test,&~,Check sum is D
test,E/,Check sum is T
test,!d,Check sum is %
test,+g,Check sum is 2
test,?Q,Check sum is 0
test,.`,Check sum is .
test,$\,Check sum is  
test,W8,Check sum is /
test,:~,Check sum is X
test,Gt,Check sum is [
test,+d,Check sum is /
test,q.,Check sum is ?
test,'4,Check sum is ;
test,	),Check sum is R
test,$b,Check sum is &
test,X:,Check sum is 2
test,I5,Check sum is ^
test,<A,Check sum is ]
test,nW,Check sum is %
test,3q,Check sum is D
test,HH,Check sum is 0
test,4|,Check sum is P
test,iI,Check sum is R
test,=3,Check sum is P
test,R2,Check sum is $
test,wu,Check sum is L
test,<i,Check sum is E
test,@W,Check sum is 7
test,{D,Check sum is _
test,Xm,Check sum is %
test,X$,Check sum is \
test,Bb,Check sum is D
test,F5,Check sum is [
test,}J,Check sum is '
test,DT,Check sum is 8
test,73,Check sum is J
test,U3,Check sum is (
test,>d,Check sum is B
test,:3,Check sum is M
test,`^,Check sum is ^
test,f6,Check sum is <
test,k7,Check sum is B
test,P0,Check sum is  
test,Iv,Check sum is _
test,|$,Check sum is @
test,w	,Check sum is  
test,7@,Check sum is W
test,o',Check sum is 6
test,aY,Check sum is Z
test,rH,Check sum is Z
test,Q_,Check sum is P
test,Y:,Check sum is 3
test,E/,Check sum is T
test,(e,Check sum is -
test,r0,Check sum is B
test,LS,Check sum is ?
test,GL,Check sum is 3
test,S7,Check sum is *
test,Y5,Check sum is .
test,/R,Check sum is !
test,Ek,Check sum is P
test,EO,Check sum is 4
test,ZZ,Check sum is T
test,/h,Check sum is 7
test,"2""",Check sum is 4
test,oL,Check sum is [
test,L`,Check sum is L
test,}T,Check sum is 1
test,NR,Check sum is @
test,fr,Check sum is 8
test,"'""",Check sum is )
test,FM,Check sum is 3
test,$<,Check sum is @
test,Ji,Check sum is S
test,1|,Check sum is M
test,>j,Check sum is H
test,;C,Check sum is ^
test,$n,Check sum is 2
test,v:,Check sum is P
test,VQ,Check sum is G
test,j	,Check sum is S
test,xD,Check sum is \
test,xO,Check sum is '
test,N4,"Check sum is """
test,";,",Check sum is G
test,E(,Check sum is M
test,<x,Check sum is T
test,q|,Check sum is M
test,",^",Check sum is *
test,2xc,Check sum is -
test,F<:,Check sum is \
test,]WB,Check sum is V
test,^1E,Check sum is 4
test,"
:j",Check sum is N
test,i'v,Check sum is &
test,/'y,Check sum is /
test,)s},Check sum is 9
test,",+u","Check sum is ,"
test,)wM,Check sum is M
test,o8v,Check sum is =
test,<3/,Check sum is >
test,S}t,Check sum is $
test,h_a,Check sum is H
test,^RP,Check sum is  
test,9	a,Check sum is C
test,Q|q,Check sum is ^
test,r(u,Check sum is /
test,kl*,Check sum is !
test,\nS,Check sum is =
test,r_?,Check sum is 0
test,z6M,Check sum is ]
test,tK.,Check sum is M
test,"X
A",Check sum is C
test,NU%,Check sum is (
test,P7_,Check sum is F
test,xY>,Check sum is /
test,<2*,Check sum is 8
test,SEW,Check sum is O
test,+'(,Check sum is Z
test,"\""A",Check sum is _
test,Qoc,Check sum is C
test,#gt,Check sum is ^
test,/@c,Check sum is 2
test,~F2,Check sum is V
test,@Q$,Check sum is U
test,:Nt,Check sum is \
test,F7`,Check sum is =
test,:Cx,Check sum is U
test,M-h,Check sum is B
test,ffS,Check sum is ?
test,"4,C",Check sum is C
test,);s,Check sum is 7
test,>d$,Check sum is &
test,A7@,Check sum is X
test,CRG,Check sum is <
test,UOx,Check sum is <
test,-|M,Check sum is V
test,ZUa,Check sum is 0
test,M#l,Check sum is <
test,-D/,Check sum is @
test,/k6,Check sum is 0
test,^)L,Check sum is 3
test,yX0,Check sum is !
test,0 !,Check sum is Q
test,B<C,Check sum is !
test,AH(,Check sum is Q
test,kl6,Check sum is -
test,.3@,Check sum is A
test, Pt,Check sum is D
test,"9,)",Check sum is .
test,1e4,Check sum is *
test,49(,Check sum is 5
test,3_w,Check sum is )
test,*<R,Check sum is X
test,<B_,Check sum is =
test,AyP,Check sum is *
test,)` ,Check sum is I
test,EUN,Check sum is H
test,*UB,Check sum is !
test,2-8,Check sum is 7
test,0`j,Check sum is Z
test,Z0n,Check sum is X
test,;jB,Check sum is G
test,AwI,Check sum is !
test,co*,Check sum is \
test,HiO,Check sum is  
test,Nf2,Check sum is F
test,-?e,Check sum is 1
test,">"">",Check sum is >
test,YR<,Check sum is G
test,iO3,Check sum is K
test,"%""]",Check sum is D
test,w:m,Check sum is >
test,K]c,Check sum is +
test,~>T,Check sum is 0
test,qvF,Check sum is M
test,\y;,Check sum is 0
test,"
*@",Check sum is T
test,Vsu,Check sum is ^
test,oBp,Check sum is A
test,]fO,Check sum is 2
test,7Fz,Check sum is W
test,hc[,Check sum is F
test,Bfj,Check sum is 2
test,okp,Check sum is *
test,qGC,Check sum is [
test,dC7,Check sum is >
test,}P<,Check sum is )
test,*=a,Check sum is (
test,nI),Check sum is @
test,	m|,Check sum is R
test,`X2,Check sum is J
test,vDn,Check sum is H
test,aQ^,Check sum is 0
test,aa:,Check sum is \
test,fJW,Check sum is '
test,#e(,Check sum is P
test,M]A,Check sum is K
test,:W4,Check sum is %
test,[kP,Check sum is 6
test,=g6,Check sum is :
test,[g\,Check sum is >
test,h-e,Check sum is Z
test,*hr,Check sum is $
test,39w,Check sum is C
test,.F4,Check sum is H
test,F$0,Check sum is :
test,t7),Check sum is 4
test,:DB,Check sum is  
test,A\/,"Check sum is ,"
test,sp;,Check sum is >
test,t\{,Check sum is +
test,"""hH",Check sum is 2
test,S'j,Check sum is D
test,A<X,Check sum is 5
test,*M|,Check sum is S
test,VFI,Check sum is E
test,&+.,Check sum is _
test,}a6,Check sum is 4
test,}LJ,Check sum is 3
test,1sw,Check sum is ;
test,(Nw,Check sum is M
test,15(,Check sum is .
test,_ub,Check sum is V
test,"[',",Check sum is N
test,MN$,Check sum is _
test,	PY,Check sum is R
test,l)j,Check sum is _
test,XEH,Check sum is E
test,3W^,Check sum is H
test,I5c,Check sum is A
test,ufP,Check sum is K
test,"(m
",Check sum is ?
test,~Sw,Check sum is (
test,nyg,Check sum is .
test,!]/,Check sum is M
test,FS ,Check sum is Y
test,8rn,Check sum is 8
test,>p',Check sum is 5
test,nWm,Check sum is R
test,"""0A",Check sum is 3
test,rd7,Check sum is -
test,`t+,Check sum is _
test,zPH,Check sum is 2
test,rxg,Check sum is 1
test,1H7,Check sum is P
test,5=h,Check sum is :
test,	rV,Check sum is 1
test,DqF,Check sum is [
test,y&Y,Check sum is X
test,?|a,Check sum is <
test,X?C,Check sum is :
test,{;1,Check sum is G
test,hgG,Check sum is 6
test,Fb2,Check sum is :
test,umq,Check sum is 3
test,"H""]",Check sum is '
test,jxR,Check sum is T
test,(4K,Check sum is G
test,vrt,Check sum is <
test,70W,Check sum is ^
test,@($,"Check sum is ,"
test,^i),Check sum is P
test,Y+b,Check sum is F
test,JS|,Check sum is 9
test,fO/,Check sum is D
test,Mb|,Check sum is K
test,/S?,Check sum is !
test,[_$,Check sum is >
test,4*j,Check sum is (
test,i!t,Check sum is ^
test,[Jr,Check sum is 7
test,(Rq,Check sum is K
test,^o.,Check sum is [
test,A:u,Check sum is P
test,CSt,Check sum is *
test,&^Z,Check sum is >
test,N<2,Check sum is \
test,!EZ,Check sum is  
test,<^C,Check sum is =
test,%I5,Check sum is C
test,RDL,Check sum is B
test,",HX","Check sum is ,"
test,UkV,Check sum is 6
test, Bv,Check sum is 8
test,~bq,Check sum is 1
test,"T,h",Check sum is H
test,RiU,Check sum is 0
test,j}K,Check sum is R
test,-9R,Check sum is X
test,I/$,Check sum is <
test,++V,Check sum is L
test,tc&,Check sum is ]
test,IMX,Check sum is N
test,njK,Check sum is C
test,=n2,Check sum is =
test,"JV
",Check sum is J
test,-aQ,Check sum is ?
test,m/X,Check sum is T
test,McI,Check sum is Y
test,r P,Check sum is B
test,zJ?,Check sum is #
test,Ot`,Check sum is C
test,pO/,Check sum is N
test,p`o,Check sum is _
test,*~],Check sum is %
test,CwS,Check sum is -
test,<E$,Check sum is E
test,?$|,Check sum is ?
test,@(b,Check sum is *
test,sKC,Check sum is !
test,6Kx,Check sum is Y
test,"
1:",Check sum is U
test,Qh_,Check sum is 8
test,j T,Check sum is >
test,! >,Check sum is _
test,HWJ,Check sum is I
test,=n7,Check sum is B
test,B&Q,Check sum is Y
test,}Sd,Check sum is T
test,F!z,Check sum is A
test,Wac,Check sum is ;
test,MB0,Check sum is _
test,	g3,Check sum is C
test,pDQ,Check sum is %
test,z;K,Check sum is  
test,{nu,Check sum is >
test,qqr,Check sum is 4
test,]Vn,Check sum is A
test,BF+,Check sum is S
test,UB(,Check sum is _
test,"%,-",Check sum is ^
test,^[b,Check sum is ;
test,thf,"Check sum is """
test,h~>,Check sum is D
test,Te{,Check sum is T
test,r-A,Check sum is @
test,H 3,Check sum is ;
test,\^4,Check sum is N
test,^T?,Check sum is Q
test,Eq|,Check sum is R
test,"6m""",Check sum is %
test,n00,Check sum is .
test,3N*,Check sum is K
test,g! ,Check sum is H
test,CH4,Check sum is _
test,\dX,Check sum is 8
test,;NO,Check sum is 8
test,3nk,"Check sum is ,"
test,"J""m",Check sum is 9
test,D\ ,Check sum is  
test,$@U,Check sum is Y
test,l.^,Check sum is X
test,iPP,Check sum is )
test,{]*,"Check sum is """
test,}>_,Check sum is :
test,9Kk,Check sum is O
test,~f:,Check sum is >
test,ok ,Check sum is Z
test,se*,"Check sum is """
test,zvM,Check sum is ]
test,:Bh,Check sum is D
test,"""JU",Check sum is !
test,=#3,Check sum is 3
test,v(&,Check sum is $
test,?3n,Check sum is @
test,|S6,Check sum is %
test,2d],Check sum is S
test,VU5,Check sum is @
test,"""!e",Check sum is H
test,"Y?""",Check sum is Z
test,zNV,Check sum is >
test,;CY,Check sum is 7
test,'gJ,Check sum is 8
test,[^4,Check sum is M
test,L_@,Check sum is K
test,d|&,Check sum is &
test,tGR,Check sum is -
test, K`,Check sum is +
test,IY*,"Check sum is ,"
test,n_',Check sum is T
test,&L!,Check sum is 3
test,"""B'",Check sum is +
test,Zi%,Check sum is H
test,7*%,Check sum is &
test,n 	,Check sum is 7
test,#p},Check sum is 0
test,<E:,Check sum is [
test,c@^,Check sum is !
test,h{s,Check sum is 6
test,Z)$,Check sum is G
test,0z],Check sum is '
test,=Tg,Check sum is X
test,yMV,Check sum is <
test,OQR,Check sum is R
test,Rt#,Check sum is I
test,2:I,Check sum is U
test,^xo,Check sum is %
test,u%9,Check sum is 3
test,&vd,Check sum is  
test, 5D,Check sum is 9
test,%ap,Check sum is V
test,!xx,Check sum is 1
test,ds ,Check sum is W
test,<)Y,Check sum is ^
test,t&D,Check sum is >
test,4~{,Check sum is M
test,.Ih,Check sum is ?
test,p60,Check sum is 6
test,`s2,Check sum is %
test,|X ,Check sum is T
test,({n,Check sum is 1
test,;vs,Check sum is D
test,&(j,Check sum is X
test,!Tj,Check sum is ?
test,	 e,Check sum is .
test,+0<,Check sum is 7
test,Q{h,Check sum is T
test,at%,Check sum is Z
test,uI),Check sum is G
test,uZr,Check sum is !
test,BA3,Check sum is V
test,3bR,Check sum is G
test,*xh,Check sum is *
test,vGS,Check sum is 0
test,c	/,Check sum is ;
test,?2X,Check sum is )
test,~Ur,Check sum is %
test,vEG,"Check sum is """
test,!Gx,Check sum is @
test,7]s,Check sum is '
test,|zK,Check sum is !
test,{w[,Check sum is -
test,R@',Check sum is Y
test,}|5,Check sum is N
test,{(	,Check sum is L
test,Ivg,Check sum is F
test,oKC,Check sum is ]
test,Cj9,Check sum is F
test,bV2,Check sum is J
test,a4F,Check sum is ;
test,(I5,Check sum is F
test,#|',Check sum is &
test,)_m,Check sum is U
test,D)q,Check sum is >
test,t~%,Check sum is 7
test,h7m,"Check sum is ,"
test,.N),Check sum is E
test,+1x,Check sum is 4
test,vP!,Check sum is G
test,vRl,Check sum is T
test,",h'",Check sum is [
test,0L ,Check sum is <
test,K9v,Check sum is Z
test,B!',Check sum is *
test,d_F,Check sum is )
test,J1Z,Check sum is 5
test,5}	,Check sum is [
test,<;<,Check sum is S
test,"""r*",Check sum is ^
test,Ts\,Check sum is C
test,G%i,Check sum is 5
test,%Ia,Check sum is /
test,F:5,Check sum is U
test,x2-,Check sum is 7
test,9=z,Check sum is P
test,A)-,Check sum is 7
test,T.q,Check sum is S
test,.\[,Check sum is E
test,><Z,Check sum is 4
test,", 
",Check sum is 6
test,py_,Check sum is (
test,A5j,Check sum is @
test,=%@,Check sum is B
test,r)B,Check sum is =
test,"
Aj",Check sum is U
test,"C`""",Check sum is %
test,# 5,Check sum is X
test,sXj,Check sum is U
test,Ww|,Check sum is *
test,@_e,Check sum is $
test,3Yw,Check sum is #
test,d|m,Check sum is -
test,v6W,Check sum is #
test,"v
Q",Check sum is 1
test,+jt,Check sum is )
test,$kp,Check sum is _
test,>%F,Check sum is I
test,zhT,Check sum is V
test,:(3,Check sum is 5
test,}/!,Check sum is -
test,HG_,Check sum is N
test,vcJ,Check sum is C
test,J&C,Check sum is S
test,JC|,Check sum is )
test,AH;,Check sum is $
test,A[y,Check sum is 5
test,pY>,Check sum is '
test,[je,Check sum is J
test,*a),Check sum is T
test,)co,Check sum is [
test,r{Q,Check sum is ^
test,R3=,"Check sum is """
test,y[s,Check sum is '
test,hSw,Check sum is R
test,#G~,Check sum is H
test,:by,Check sum is 5
test,| w,Check sum is 3
test,"ov,",Check sum is 1
test,h_ ,Check sum is G
test,A+A,Check sum is M
test,?La,Check sum is L
test,"
-9",Check sum is P
test,}HL,Check sum is 1
test,F*`,Check sum is 0
test,Zes,Check sum is R
test,n)(,Check sum is _
test,ZZN,"Check sum is """
test,]xQ,Check sum is F
test,_fw,Check sum is \
test,4ht,Check sum is 0
test,U#y,Check sum is Q
test,4I7,Check sum is T
test,R71,Check sum is Z
test,wT\,Check sum is G
test,/lA,Check sum is <
test,iXO,Check sum is 0
test,zE7,Check sum is V
test,Ob(,Check sum is 9
test,bv5,Check sum is -
test,RLh,Check sum is &
test,0.O,Check sum is M
test,..`,Check sum is \
test,"9k
",Check sum is N
test,Mr ,Check sum is ?
test,;YZ,Check sum is N
test,9rF,Check sum is Q
test,_KT,Check sum is ^
test,w]9,Check sum is -
test,hzA,Check sum is C
test,I22,Check sum is M
test,u6m,Check sum is 8
test,r#I,Check sum is >
test,6Vj,Check sum is V
test,=h&,Check sum is +
test,">l
",Check sum is T
test,w7v,Check sum is D
test,YIv,Check sum is 8
test,-~;,Check sum is F
test,%D],Check sum is &
test,	Lg,Check sum is \
test,vlc,Check sum is %
test,DCs,Check sum is Z
test,6#=,Check sum is 6
test,N/[,Check sum is 8
test,]#.,Check sum is N
test,4QB,Check sum is '
test,fKU,Check sum is &
test,	=B,Check sum is (
test,949,Check sum is F
test,ji;,Check sum is .
test,^z-,Check sum is %
test,a$d,Check sum is I
test,|a$,Check sum is !
test,q*W,Check sum is R
test,pIh,Check sum is A
test,yz3,Check sum is F
test,y>+,Check sum is B
test,rY2,Check sum is ]
test,_f^,Check sum is C
test,8[&,Check sum is Y
test,C`r,Check sum is 5
test,*+	,Check sum is >
test,QoI,Check sum is )
test,Wk9,Check sum is [
test,akM,Check sum is 9
test,oo6,Check sum is 4
test,E^!,Check sum is $
test,+=K,Check sum is S
test,F&K,Check sum is W
test,X;r,Check sum is %
test,a?3,Check sum is 3
test,nYu,Check sum is \
test,x&K,Check sum is I
test,X4A,Check sum is -
test,ERD,Check sum is ;
test,"^a,",Check sum is K
test,"v,_",Check sum is !
test,GM3,Check sum is '
test,">9k>0I AJG,(,O5fA\$<a@&PTvkVxIcpayaw7lDXS",Check sum is L
test,&w*#Mt{DQ7&?;BbRf2`(KzU:#o+iQO&1EJe,Check sum is -
test,L- KXJ%X*w7,Check sum is ;
test,"Y})J;*zS/F1*b?G]Fa]9_aY-*m<7biEWII(Y
km",Check sum is Y
test,nCqP,Check sum is R
test,n=?{6h &7C!n>A1<>hvbvUb?|GWT\~[U$lu,Check sum is E
test,"~P2}P
q.5yssuV?w|:>2\gnT-J28RO=*4y	I$pm{rdh\",Check sum is T
test,"&E,2PMQ8",Check sum is O
test,6\%BZQHzA5;;D/f[kx@r3jG)&*it1&KIA,Check sum is !
test, !>9_Q#(wZX{'w*5,Check sum is 4
test,"b~\<.:FZ;WBvRZ)\y2pW|""1s2w9X?oD^M|loHUX"",sY_QS",Check sum is O
test,"%^/@Z|w
>521xsHk>?HjM[h c`Zxs",Check sum is D
test,b:Jl9_)LA,Check sum is @
test,"IcRn1T?5ZV1\*e@da4O:hNi]q+g""6<][""ZiGSgY/9W`)~5mE",Check sum is J
test,"@[vR:G4>#9D^8#!Qr{\E>""N=
TE2;nF%DM2 2J{<Xd4@iaek",Check sum is C
test,FjNZ/M3Nm.kaV!Z4_FEn,Check sum is 9
test,'B?x,Check sum is @
test,|@qNy|V.m]<uPX|)Vf[$F[{Gtnc,Check sum is ?
test,"?euq-,k8^4/WXZNxR",Check sum is H
test,ufR?J1V;*n<92aT!zL,Check sum is 3
test,"
~WW{K0~Ej6us",Check sum is W
test,"/i7<NAq.T[<c/}X/>h%938""}?GP0<E9JG7",Check sum is 0
test,"`-bC7M
",Check sum is  
test,":)\v/qS""
/.~*F""_4div/zdX'[>v^m=E:
l",Check sum is O
test,j=?(,Check sum is .
test,l\%Ak?*NP !=#P72[WFqt8',Check sum is V
test,"vch4|}4SapNce8#L4%}m&o^ued""[$5jd[
#1a/;!HMi1\?pg&",Check sum is '
test,n$5	tYuF r_J[z-Owx5h^(SYLW?f^d'>S.p_&#)trjbQ	:Fa>,Check sum is ^
test,EV%#uus{1%,Check sum is 1
test,+;lXr)e6vXL,Check sum is Z
test,"6U}5'0q,fDPAX",Check sum is $
test,"a4MVPg%GAS?Md, e->$#0!`kpiAn|?qqhZ.h?if+$B[",Check sum is 5
test,"}}MuM:#B06IB)KGZa`>)3V#v ""I""1;biEl",Check sum is -
test,K?sj+hKzISv2+])_mIkCcIL<,Check sum is K
test,"xQK'""<|wX@q.rI|wPJ22""c\79\^]L^rt/O~K0R",Check sum is P
test,"kg$b.(,wbNVpH",Check sum is /
test,"X~ZK$3GHt""1x+si}QfRw5SwJp/5;~gE#1SH6I>zBob@1UtNu",Check sum is <
test,"G%0-,93~Et;i<l>'#br?#A<>;DS'P8	FS7TT)SK>Te",Check sum is =
test,"[;#IY9=wwV3O.9ZcJh&ur2PiBka,VFWCwx?/.d6	^	",Check sum is J
test,A2ciG}%;sD:W/!	Hho,Check sum is C
test,"Q""7^e\r%tE",Check sum is 9
test,"PdJ\%
G&",Check sum is V
test,9<zNn$jiE+dr1,Check sum is 9
test,"	u{;SKO,`&r%,|E&'?~33
u}6)bc[/8h1	'tW9d[Tr*\T	;W",Check sum is P
test,kdwzjIiWmhh#80;rk'gU}4PQdE	*lD/?kqa-[n;,Check sum is P
test,"3Q?'K07Tx +3QquN	X-U""&D-Z-$N
|A[Z*w.""Fu|",Check sum is D
test,GYh-]exrtqC0^9W\sW}_qZ{)IUM?5-z-Y`}I=,Check sum is '
test,"_u+KZhmoW*:L""2`Ag\cJwM>L!{[5}B:k'G`",Check sum is  
test,Ea2BU$^ 4[~C,Check sum is A
test,"IT<uG(W*9^qXu""`u;|p8xDN{KSy,CQ3\x""x]uXorYM?]I",Check sum is \
test,"EK(%bq:v!RZX3O]=,|=T$+3 rMo}}\ HmW6r/]jzM",Check sum is 1
test,p{%GaNCbqaU$h|f3H1N2|bK~[=<@#aup- 5:='=a}:d79Ur~DW,Check sum is Y
test,pEnGb63!KxgkQmUZjzLlI4,Check sum is Q
test,<g1\&$YUtdR.<18}V[xdR`n?-H:O{Z<,Check sum is =
test,"%MF\3:S{cpn/ N,DG^z[T6U!<F=",Check sum is 6
test,"@uD8+q4eubK^2;L=/""`?C{MtQqA:WO%||
UH#m'_w@iX",Check sum is  
test,nN+i#>$6\{YjZ\,Check sum is ;
test,"F;`DWa?deo2\2$#3	$
6O-*@7@E",Check sum is =
test,"""v/v8y:""_tq3O(j~,u=",Check sum is ^
test,0wE$,Check sum is 0
test,gxW#CSx?.-x\8~>5-NfX-_u[qC):3=!?SwIY@h]9|,Check sum is @
test,"4yKW""V^0CE/v8~kN[$m",Check sum is =
test,"IgoZ'l<bD4qv)cp
N_>oZv$Sl5)yA",Check sum is T
test,;.Y,"Check sum is """
test,t('BoV!_lp5Vu-,Check sum is 3
test,"O_!'?LTWp;o?H1Iy@+R""Y{E`{)wrSt (ZP{E>wwA1",Check sum is \
test,?4%#-65Tk\6P0$;`Ws;s3n;%u,Check sum is 1
test,"kRnTR;	%d#oeU""i)S|.CTjJTM",Check sum is '
test,VK_rt=:^ZL^Mmy*,Check sum is <
test,"	6BYPr9E{ NC d-<?	Gm@U1~iCa,p&i 8<m",Check sum is L
test,"6""Ff boA!AW?iye:",Check sum is O
test,"4""*~:\v.*cdW""1oz/O6KX6",Check sum is )
test,mxs.6Uv+SIm:o`i1}CLg&j` uljfF%%A gFP(2kAaGZR,Check sum is :
test,B:K90V\MgX\xkMK,Check sum is %
test,l%X|S//#%|<s[_oFO7$Caj8x;cbp,Check sum is 0
test,"(G%R""q
}",Check sum is  
test,u`bcY>FYk4Am	F#Au!O]/'U[(knN,Check sum is G
test,"N8Y""):<]xez>Zk|h< ^_P)!M<41=AH~LdXZ]i",Check sum is (
test,"
B6^#ya4bXEWGqLOR5`|gmzjP_:XJH<Zc	""uwI5+2\mp""iF",Check sum is =
test,"kYd8;Ti
7fItVX#XYHmgQ0#(Y(3	WWhD
a&)`y~=-Y|_yro{?M",Check sum is -
test,+#]`q&RbHM-j[H*?x.YvP\xUi.'%(,Check sum is '
test,"v/Jpc8c_B5V&S&~f^~pT=3K8,Zi,aoG
1%",Check sum is Q
test,~6-,Check sum is A
test,"
C	aOOZ",Check sum is O
test,"0_`IpQ#LdKXPg{5^Wn~qaumJ>(%br2N	""""@|!dyc
{>f",Check sum is G
test,zOSo>e42BHk$,Check sum is M
test,"Cc.^LT^LLli=Fh1'p	rj3*Le0PZX],=ITAP74*",Check sum is ^
test,"AGKwHVV;_c6wE%""l5m6""+GsGX",Check sum is >
test,"jEy{:}Z'\S1#Sn{b-p0@n~vfnN 1m2Jwl
g?9E0& +[$m",Check sum is E
test,"TYMQe|WKRAZHZ>Y&WUM l,g?DJg~9K?ok\f B|t(\LSdu%C9	`",Check sum is ;
test,ow	.h	9Lq6{2oH`n,Check sum is L
test,"TDDko-m+]'i<M;""\{&pX\69:s/^O=qVz-,-3KoQ?MCu",Check sum is M
test,"""{|6,(t n\0;iN&K
p""0u-1tp""VrO_F}1",Check sum is C
test,"r_wx@AK$Zhg
!0b6azL&negYOBA?",Check sum is ]
test,"c`y88^3d%,PB,G	0-f%Mc<TnNd.i7~'~$]<'",Check sum is =
test,N`rZ*933u8A`cid	c(JFZjR'#i+yR-,Check sum is 1
test,"QrYg<6C)Sren<{4RO3\[GWW""4KfH=uVOhC%}8*8",Check sum is Q
test,-@HUlQ?P,Check sum is 6
test,"\gVQ.5O,3WUToF#+iK?[	iJh+q@i9yFIQE}$/UEWyfT",Check sum is  
test,"H0,B1x",Check sum is /
test,"w0se*|b[lg4S	>N[\gw+,38Q5_{LhT4KOF'c^","Check sum is ,"
test,8*}*yf23Y;ab.p1,Check sum is S
test,8rWT_m,Check sum is A
test,4em.T	Go=/U7CbJV,Check sum is $
test,G=HTUQHC$8TSI5HfULb~poeB]QL+Av5rfdH+P?mRQ:qpH,Check sum is )
test,"Y?|'g#hD8&slRcxJ~|93E,Qu[2O	ORlM$@}#x$lM
:wwAyp",Check sum is V
test,6*t!,Check sum is U
test,Bk#;gnxZCJym)e-j`^NjU{n{ Dwu`6gb)q?/Q6Xi3i],Check sum is Q
test,Kjh4M0A6T8'/>w#Q>Nvf,Check sum is X
test,f;&}Oopx%K7(ByX[m.qn~s;poJ<NPk:6,Check sum is K
test,"=lT1D?O2I0' s>vR1
=>maE",Check sum is T
test,"K_-H?""5DQ`~aG'sB?%Yd_y M~Osl;YsV(Jdq_[SoGCxBt",Check sum is 6
test,"rUD_YNAh2;2gQ1^""V&Z?QC0o[Z6XyOXS\3ywx1j3)2",Check sum is @
test,"JAm/?
+0
3KKwa!-rk'zd26i?AC9(
P%V2.O;NtLYQ",Check sum is 2
test,"L&k""\n?WgtI~/;LyH
i%",Check sum is 0
test,"jUy""<3U!<F.ZdaQ>X/*)?hAK(Li/I-67%jR!Vg#B$""i""=",Check sum is +
test,"b.|R6^5R$lWfwMR?/|.?03yz+uy0#zYL,ZfB4I""U""8WEJo_|",Check sum is  
test,",8CC:o$[aO>75yX<oJb",Check sum is 4
test,"J?$Hs6
ct~dPdNLMO 8=$vKrSi*?6Y",Check sum is K
test,tqkeAcR%$T:y'}U.6k(^1(=^1&*n,Check sum is L
test,riyALr}-k2;de> .cEwG(A[]AXRdk6F)+8[y,Check sum is '
test,"\z/% )+A]?GW""WWIW,`7trTgiugx5	ZYYQi&*s0b",Check sum is #
test,"Qk'~pbK%BU86x-?	*6>~YB7u""!J4}CQH~d&8J3|uT2",Check sum is &
test,:BC_Ow+H,Check sum is 7
test,a?HjRC!CH$@&fWQ|ZN(3k4n,Check sum is W
test,$Lb&6ZO2#'QLSJU37z0|+ZU%k>Lht/^h]'?x Eh,Check sum is _
test,"2`_R*YzCU-rg`
d@dzeR 9 ym",Check sum is @
test,T{:-|3|3;F.kgLC'j6xTL[{A:[-Oc~<dlYM#`fz4Suoo}2dm,Check sum is [
test,"mt	YX&l4d]G""{PDiJi""X,8lNG	K%>tk'=Sk",Check sum is -
test,1N[&)uCf3w!+XPSjs/|w	S&k35rr(*`4dH>_'GJ=BJ,Check sum is @
test,"|'3**d""%I0RR%ixb; ,Gt;4,Mn5gsz!+QPV9W	le>gY7%","Check sum is """
test,"$|Dh<52b78ZxKRJ4W!tz@|>s@TCva9KWLj]<0'W""Ee",Check sum is 2
test,R)Q# BBiGuNCh$GSrQge[D,Check sum is =
test,`j5C$Q$}4J3S?/,Check sum is *
test,"kVfdg0js_S3gD51ny9Vh^O`U	:?}|p`/LIINxQS7hP#Zry""ALv",Check sum is S
test,ueY(fnJ.MDW,Check sum is /
test,"2
3WvV3uF'Vk:y#%C",Check sum is F
test,J0@3,Check sum is M
test,"Q^XW,67""5D-YhwEKg1Up|m|",Check sum is )
test,"XIf,j(EUQ3 q",Check sum is T
test,"~;m<%ms-L@dV,!W/^2_u]Yk{<rWyjk=moXW",Check sum is (
test,"D<F-!""UwN,V#7fojhd--U-e:$51I
.{WH6:mRNEPSe]jo9>I",Check sum is 7
test,"|,D%6SS+anbTEC{CrHBi_l8gX{VjFNrI!'*,Yo<NNO==p",Check sum is +
test,5a-(^?F?_sU/H${I8hcH4z,"Check sum is ,"
test,"GsBx)GVdI+{f0%r]D1N,+%s?ku\zp~4(",Check sum is (
test,"']L

Rl?#",Check sum is $
test,>S&,Check sum is W
test,"57_ny@8y]+4""0:Y
cBTLG7Fxi>ecX}",Check sum is 3
test,"S/])ao;
F",Check sum is C
test,?!XRlgftE'ZdStaL@ \/<j;|ckAI5;,Check sum is E
test,z-=t.Q|K5x~2.a#RhGII/{FdX`A`s,Check sum is @
test,"XBW>i4ErBExmrdXsa1qk=c,\YpyX`9""rdH",Check sum is 9
test,Ch Egv_I|78ZzMK~w&yJ=}>;<|BUM1Q8Qb94180RLopO,Check sum is 8
test,"Z+/E'=
2`G1p^l2",Check sum is =
test,Fs/U0?	PBqu  )jS(w o[=/CCga}4rG2eqccb3,Check sum is C
test,"V/p-K;C,G,VUvE'b),]|OFJIjT`5]Fa{8",Check sum is 9
test,y|,Check sum is U
test,mG\2&*s<xt%(v;g*LUGv P\,Check sum is F
test,"<_vlE?RZ
5mTXOA.gr:P|kh|BWkIR}U8Xj/0e#Jm|uX",Check sum is #
test,/d'9LRkP/PgaCs@<}w~v_ffgZK>L*,Check sum is 8
test,:!s)!#,Check sum is [
test,"b=yF]/#""D~GP.iGd""%hK$BJ4&q<w[",Check sum is -
test,"%%S!S[^#m""=3hYmD*OBBHLSQ!hQgFC*:Z;E\V+p<}\:<9!5
","Check sum is ,"
test,_ew~qf3}]TQ,"Check sum is """
test,"A(
OT7-I3+N$p3lYHxRVj~5]FDh",Check sum is /
test,_i_V&@YML1_T:<REpzhhQoUk*7%Y=rbwS,Check sum is Z
test,"#`_r
J7}a<aSye]bF}UC4f>:Qi4",Check sum is E
test,!n!Ukb)#[gh{N;!\;X)/6Q]ZM;{u<\,"Check sum is """
test,iN=f<|6tZ|q< ,Check sum is ?
test,S1hV'	650,Check sum is -
test,~n}L+hjT(	h6{D_k2Hk	pyI5Y/ga(`	J?Ad)')[	S+qtZ<7HC,Check sum is :
test,Bef5Z5Brhyz6P`J,Check sum is 0
test,"@	""m]1K/Z}))?Y'p%JqSM@l""	[!",Check sum is +
test,b>*8j?0=kKflI[p?(\+xdoHL18%kQ2[>Yz5%{Pd)!J2^W,Check sum is M
test,".|;W|-{b,~Iil-xk,Ca5>i<$B""@m A\=
BH0G&?7 xAAi",Check sum is ;
test,"C""To:P ^kB3ba4`qwL84IS@_7{7",Check sum is K
test,"'c/Wxv6A@zG^H)s>|fV|@Q8)yZ7U^$OU;j}Jk,/~V](HZ",Check sum is .
test,pkS,Check sum is N
test,"	NFXq	I,w*>1ge@4
 a1H9m
",Check sum is H
test,"z-8#L	*9-N|2o:TQIK!#'R;S;wANwO?@!9 X,}x3T;P@Tz1",Check sum is :
test,"U1gLjpIiLef6x""PJ't$!",Check sum is F
test,"K[3P$sk!qFLs3-n7[*-6]bpvtC<COCM4	.Foh1e&!=Ti,q",Check sum is E
test,"=8vF,	R8lxS?S0/i4IVrEMj@5=	otA]@ (0{Cl`4j[(w`;",Check sum is S
test,"rAWn{fkItkrx .KRw
x'dM3%!]>6G<",Check sum is ?
test,"	cq%P4u:tZKi:u2\ |""j)(_ka""Y_l.4
V.L`u]-%e:H\VA-9p",Check sum is .
test,W+PEzeps]{)%ui(,Check sum is %
test,"sFZ	y.<VT]4aHk&=
!pd22}t:Xk,g_(rZ[eI`L|uK}z\I",Check sum is U
test,"'l]o0vo/Qrs_
""k86~m}%",Check sum is *
test,"t^{Y}+<Jk,deIk3c.K`s[*OL2S3Rd5Q+",Check sum is )
test,"9ms+zq6ak>KRm@A;m&a1_r|l3@5jyJF=PS:y""[~>
9;UnzR^c",Check sum is (
test,#]rUxje;rELz?v$}oY#qIJe ,Check sum is 0
test,"/&?3v	&Rcj,USF4Q7$%jAC",Check sum is 8
test,"4DDo7(R;DvIWVr+*nzd02?\8_&O:qwm*u:S|
x6",Check sum is 2
test,";DS~D\
H>|(:O#Ndl",Check sum is N
test,"r>a>s`N2,mEsX,djyI2$5d:{=x:' 15",Check sum is '
test,)!3a,Check sum is >
test,"G6_p|3Of<W]/Gwg
=|*2\
Z&Qt sKm,T//t",Check sum is ;
test,\U&pqgVP47igi>H-&jHJY!Ac_u'140ai#n)=qZ'GPr.$x,Check sum is R
test,hcE6hj]<^-uR`:ye[j<	.4-Qt[_Fz=lCYWlAuwEDd%9fmYY,Check sum is 8
test,"RB2XUDzN8-}uS""KuHYnh(|0",Check sum is 6
test,"f56Jgb.=.p];SU*B),LY4 RI`A'A>H[,S$!-7	Csc&",Check sum is <
test,"=NhIvMU4nSo,/IML+WlS}xU""",Check sum is B
test,s(\F&]h^93{dY5s,Check sum is 2
test,"XfhJe\>z.s
BW`J]`^OiG5RLF/vdoxdwbHtg$)q}E",Check sum is :
test,"NV;1KeTsL$:)OL<E'0b$""%;e",Check sum is Z
test,HGK6g:{3(2,Check sum is Y
test,"QVh0[(""Z )7DnW",Check sum is '
test,")niGF HcdTKnJ#v{s? `T		i0 L;,h C",Check sum is V
test,"6Yirbk@jBx`g
4oH=giAD:TR'OKiKOmyW;Z}Ta$U",Check sum is *
test,"ktcrp}c- 1M	pa!UGa""Vp
5v6:
=)a",Check sum is E
test,"L-N;A|E	KM*?:z3-fkT_M1,.pp",Check sum is >
test,"q:T8Toq2ck0&wN&/-`KgT{:Yn)+g;,-2q\.q6UE",Check sum is G
test,")3p(S""rQ-c`G1ywN
$6Me]33WJ","Check sum is ,"
test,m+PYQN7cu/@%H,Check sum is +
test,"uu$8)#w_ :PlDXr]pcu[f{*1'A<,+M.|F}=/'W~_U",Check sum is 9
test,fhHT2(,Check sum is $
test,Dy:2-?`JBV)NQZsihd 1ml9eDmJi\?A~NGO0,Check sum is [
test,"p.
Bv}@f}tu5ERV4nidKNW*y""j(zs^1hjSswK.uP",Check sum is *
test,"i	hH
*54&sDa(:]/dI:A""6s33qE/g_nGoS	",Check sum is O
test,\O7+,Check sum is -
test,"+1RRqx!X{$c~_oRJ^;B.#*1P""qiF	>``",Check sum is L
test,"Elxj</j$FNut_Cb!&r
=gB*$FG@`H",Check sum is Y
test,"Hu""lM1p?p_<*uB']0+y1x^Zk:'>^/D=h""KzJ",Check sum is .
test,ZC74):_ZffC^A#,Check sum is U
test,S	{|Tr\^LtG,Check sum is :
test,Ek6LW2=H{gt_Pjmt*=K5?dW+;=aow,Check sum is ;
test,}5|s{!lVLFw&[w0pPqHJefpLGLgT&5#X'^Zq9{'t,Check sum is ]
test,59	k,Check sum is B
test,L |33~HLiQ-YlQEPU<qX7D8Z[.)9Y,Check sum is =
test,)5 EX9S\=$ VsqT>,Check sum is 0
test,"NC|RY""Xjb0\o*QAd~Dmqi'sXS&CF5N",Check sum is 9
test,*SU|^-oD .$S,Check sum is 1
test,Nq,Check sum is _
test,"L^ARSL7<J=]Y10[$U_cmt/
2(. #DPq9A-t^R_-'?c`Z""?-)",Check sum is ^
test,m9 l,Check sum is R
test,";BH!qrkruh2DL]u.23|;$,",Check sum is Q
test,"[>iJ""tW*Dlk=.	",Check sum is R
test,"-Nd-1nKo,[<=>iZ
\","Check sum is ,"
test,Df0}X@g,Check sum is 6
test,">'~5OnsH`[z"" UK]v%jI)uw0Ra2} CrwL;%DkyMc",Check sum is )
test,Wlu(3@r}7mHUC	^]Zk5H1uHy|!>G_b}+\W)*snt~Ui,Check sum is 5
test,"4sdAocMN4[*
Z=9XpZZH\(BdS5Y""yEI3:)^`5il*+^<",Check sum is 1
test,NdB,Check sum is T
test,e&z	F,Check sum is 4
test,y+qHXR/~6R)_1p(*|jT#.#QF[pKy.^ooY 1,Check sum is ?
test,"@A\xjI7C2,CfCmJ,sxb,|J&",Check sum is 4
test,>	PgpVY{Xf'Um+I:1q=)?Mc~pFfT|d(UGqa,Check sum is (
test,?a,Check sum is @
test,"K/9\Bq0-8]}tN?>=7iw9pd""({hhyvRu2[Cm:?Z",Check sum is L
test,9:#7+(p?%$5XLMGM8C5mXu	!8ih<!,"Check sum is ,"
test,|v)i*9QC<7!8Nu78,Check sum is Y
test,"d2*AxrCDt`^(z~zG~ngnEcU@c}tv|kKp""s:}!Ty6M",Check sum is L
test,"*e@nK6hxNHWC""4KiX.}YjW*c3vW9C^;=LKgmJ9Y"")",Check sum is F
test,"#w.~P*\/bjYY""s^@-s>NqI_mJ""aM1\",Check sum is 5
test,"U~Z jU&8).: (?_9:^""cNUpKKGyfO",Check sum is 5
test,"K
Ut2$DN7J-)?B660j",Check sum is D
test,kj$.3D2jNd]~8@Hm(	D8_hOM'r_Ij=unE=m idWkD_.LaqK`:,Check sum is !
test,",+(hB[~!M&ub>9X!Pu6P0Z$$R+YL|~f-v""g
K<8oJh*pGG@",Check sum is Z
test,"+*
	@IRaj/WYpb\3#1/&e""3",Check sum is Q
test,kNfW-vA+eHwRke\NLP,Check sum is 1
test,"~h3""Hj]-6iYi{5De",Check sum is Q
test,"!}@=jG f;q
~#zvMz=FnZlD@glhNs0LS?q,fn32qBq",Check sum is ?
test,"A
Fu=h'b\I=9`aSQUh``",Check sum is Q
test,1HDL/dvdz6ydJyp{^ ma]YZK7S,Check sum is B
test,"b0%dOc:""m|7>T1/.!0",Check sum is Z
test,Yhb5CKxk@Hw6$U:DqU-689ob)6&~0Nlw`_!H1E!,Check sum is #
test,".	YGC/Cyis=Z|_D""r i|/=kA!U1EG",Check sum is [
test,AIT'fl|Fl,Check sum is %
test,q6>Eq\u`Hqy:AVp+^ct,Check sum is ?
test,9BFv^|GGE,Check sum is D
test,"g""^PIAG,H#=(GKFo*KE_gar]?F!Lxu",Check sum is :
test,iQS[C(rD.<^^/K[|*^ZgG,Check sum is 0
test,"ZeT*o~*0=/ 6?'GQK7A2&U,n:1HCZ\[0~)",Check sum is L
test,L*cv+kaOrx17`_DZ=D[2tEdK/MMEg/[+I(27{ww,Check sum is G
test,"7mc9L-)nw@""N=ihz6
[2Tp<o{E!`(Pm@x",Check sum is 9
test,"`FI	W:E&SSa>@9yB
Xb9	tK / @EgvrB2N4twWY-yKd",Check sum is ;
test,"\6
`/p<^~GR;d0s<=/iucH*V6T\",Check sum is E
test,"ZedM9s{""x\(FdroVEf*yN2HGW0+[x",Check sum is X
test,"(% :
;(}yf>|9G30H2NQQg)",Check sum is '
test,"{G)M7jfQ`""j#x bJH+Mv[q]0.  Y9|v~jt",Check sum is  
test,"_,
OyGoJ_+S",Check sum is Z
test,~ur=+>_Jqz!Sx!3Oqb_@|[!+[5<=9In	v$ow[T\+RpZaSa,Check sum is L
test,">0,C|:0<{/""5=a?x<bC",Check sum is V
test,r[+Pd.$_wZi[WXy.H/_2S:SdUf	:1t[p\R,Check sum is P
test,u	jDqR;#<bS{7L7],Check sum is 0
test,"u,adLk""X@0!7,z",Check sum is %
test,"9r
;l7""d^CG[plx!g]H7*6ja^R1[mfuq3xC;nC)VkROQ",Check sum is J
test,9^qx&MX0^AeT!zGEE+i4;C*'yz-,Check sum is V
test,"D87ESjQGb1ZS*tz""@OA]"" /",Check sum is E
test,b'im|_} U	m%1HLt*[tBg92{';ubXU/(,Check sum is %
test,l%,Check sum is 1
test,"I?|(	-)EZ2O_f+;TA>'0&P$0Z0,+%Z",Check sum is J
test,"
[q.I&XF)O: }
C6u0rR[J""?J
MO\1>JMn3DI qkH	Z}GyXxA.",Check sum is U
test,"=HducwSB{%=<VDl!-6o[B|f$vC,UY=1n6Tk]=",Check sum is  
test,"4	0 lT0.'-o2*Yk/
7$LmV8t+<Mojl2<#D{`?\b-`hn",Check sum is F
test,"+%)!^?]IOWPx8.XNh8y3fv~&
]",Check sum is *
test,"m;h*gC`@q!YMx4aB(:5lL+uHP""quF{`l",Check sum is G
test,B*/E)] b	Hsr!)j^aGL-,Check sum is 1
test,"Kw ^J_M
kf6\63rbDI{57",Check sum is 4
test,UvLLNBO}u\%-AdXGe	c&,Check sum is =
test,y# f[exr,"Check sum is ,"
test,Xt?H7,Check sum is *
test,"a~^^c_z&XSmfM~eHg33i<}*.(@zDbo=,ePcu$ wdfYE",Check sum is *
test,"U8%	Eta}`'b$	H)Bd? i?0{`D}D20J#,o}{I:J0W","Check sum is ,"
test,[{M!SKq)&%*I;Z'-'D?8/>`9={g,Check sum is J
test,*ejj[wT\5rWB|,Check sum is A
test,YQShL9ka%dUpXv|^>OMj1v^ |K	!73q	1Uahiq=V#]`oK>`,Check sum is >
test,"`(7(ZGifc	f
c\",Check sum is R
test,`HKPI3}V0%P+z@3khO :U1+wBlNmnU.|fB(h},Check sum is ^
test,"+ImcB?JB3a1d
C;,7LGu=1O""","Check sum is ,"
test,WT<M,Check sum is T
test,v;?K[0zGhpVdWy-Gqv$kO,Check sum is B
test,!kj*T8VC0<(`9V[8 ER>w%XnPpBFcFzA$L3ky|X_W.,Check sum is =
test,rGU,Check sum is .
test,"5rcv#U1;<f(<Hk*o'3&]TMjaRi8gNn9_K`
yG,FAbZ""}|h",Check sum is 4
test,Iq.dLm-`p@e1kab0N`m5GYk-4H[|_0,Check sum is @
test,"^h~W!4nd(L6&{K+k~W$wRFca@l<p@""""	-GSH'&&r0QS?K61V",Check sum is N
test,"?""wm{(Vhq=o,
!Ao	,laJD@T,p<N?eQ?WqpR?l),$s@",Check sum is I
test,"e@8D2,;",Check sum is Z
test,RNb4vpq4AXU*mE]j$HydWy=dr-i[5m,Check sum is 1
test,dP7Z4<+='U[3<bC$K)dAL+d3mQ^lC+tydGzPy;;`,Check sum is Z
test,"o-xg>Tkb~X[_g'NI,Qf#Ao/=""RxP 1'g0dP5BCjh/""-A",Check sum is [
test,"~eGOM#({aBC@.6|z""eXHL(t3mPY8",Check sum is <
test,"DUX<aN2?+97HT?.f<(5|gTGO
VZ[f(EU<\,Kar""Doq,i1",Check sum is H
test,"RLp[k[XLWb<\b'_7~Dg8b-}VH|,h y}uc(/vwA\DS9",Check sum is ]
test,z!jzAp]]/_5k#NC?01o+Oqvwv/*t'>+e:EI4/,Check sum is 6
test,Mq_}-Z`g^|l,Check sum is N
test,"+:w	,	;",Check sum is 5
test,JCXVb.4wH%8G}p$,Check sum is S
test,"UQ""u*(U<v[x(]5|_!>rP&f[#3k5lGY`$FTL)L",Check sum is G
test,"|,`D=y!QK aw=$#^W|<a	{t5(Qynh3bx`#bKEWP!",Check sum is (
test,sB)-knimNht<q88W9lWH= :w2m_62G xNh8k*Q{8Jd%0<,Check sum is U
test,"x&eK)gl4/)W@""%1EPE",Check sum is _
test,] N0Oo]1_Ar?>*G)~l3S||R,Check sum is J
test,gNw}1kr'>wE~`7vi&*Pz[iQ!D0R`Si\l,Check sum is &
test,yo,Check sum is H
test,cu{Q6%,Check sum is _
test,"`""","Check sum is """
test,"(T3z}hql[,XH)t< M\gZU.}~DWC2c[",Check sum is !
test,",!	7MZlfa<G+\2QkH4t",Check sum is /
test,7!Okr4S# Mia}4e)N6,Check sum is H
test,"Jc+h9W+m	Ny5mYV,NrMfXb@yPBa\TkU:'a,;`D;eu",Check sum is @
test,<[pNO8NuSAP[:p{X#Z%%Kr#,"Check sum is """
test,"]5,rEE[O,qi7IQ/[",Check sum is %
test,qwzL)-6}t@mY[K*&;-#,Check sum is R
test,"f`""PJr,}HjJ$9
nNY4c0@rUo0`[b",Check sum is ?
test,m`X*,Check sum is /
test,MK1<jU&Er6'kvd'm8;.,Check sum is X
test,"	[Yy-Iph:Da%osHCaj<a
p",Check sum is 7
test,F#'oxg}z1nePj.,Check sum is !
test,X>/Gb#q\gcn,Check sum is 6
test,EMx> 370|!Wr0DZ=}(=W\;>$j}ZWloM31](^azBun.~-m(/Q,Check sum is :
test,"vY!4B^u|sWsNtVZ,:Z >""/*,Jzbu*bynqr,Vw'B97",Check sum is L
test,"Ys&`z b.f'DH'JvB	AOz],N%n5ukV""BW",Check sum is A
test,"2L9`DQ(HBF&\
_ohhwHk7""k86rDZ/LHX""RX
zR1:}M?j_])~",Check sum is X
test,{?-3LiW:c]V.|o_,Check sum is N
test,Qv%v?N-'@]^	.,Check sum is U
test,|{G,Check sum is ^
test,!pt/!(Y>kWn-=!Kore>RmvZtDiXV6N,Check sum is  
test,"Y%9""0gei{{P[R$d5_iPy~",Check sum is ]
test,#qyX64B[wjFH;ZKE%S0L,Check sum is T
test,"-MT#2bT}O~=FL'5gsEwZW6:<=W%>&0Xi<t+3 eAux?n?k""eA3",Check sum is B
test,"J
Gws2yp@`OjC#X5o8]""5(qM@
Dpa$TnXEe*YfEp~V]_",Check sum is B
test,7NQfbr Jm/2!JIp+gB. ZvZk$8U,Check sum is 4
test,"w-,=*W^9w6Q] `52""h> ",Check sum is /
test,"&)
bhi~
eu{+BOQ'a * '[ELlvZ X,h;xm,4ze=
Vx{.E)hF",Check sum is \
test,aF5*\5,Check sum is 7
test,QlvL\f/%]PK55k-!*_Q(@z=i/}#FC:<%RP,Check sum is G
test," ,7G)emY-I_@.<\q|.	G0(RBo`T_xcOC9(!c0$hw=qny",Check sum is L
test,"O,z+-wvXx*xNolIO1]TCwuH^*0tv91n.OhM{125x8=wtOh",Check sum is 4
test,E@){7~Ws	69	t]{usP4{fB.mSB.CxEf9{Ek:=m,Check sum is 0
test,";jyfWd/^
ZEkYGhU1TVij_s
""su%""qp",Check sum is Y
test,QA{EH7C~wV#|ebuALP}4<bs~/xsL\Ta|,Check sum is *
test,"vx5k*2edi{V%A-_
nPGV}$s1J2#5M<Y5nwv*p%Wu7'}XEt;%BX",Check sum is  
test,fK\K/H[yt|4s{AP8Ok'*jA^bt/,Check sum is 7
test,"+9;Q[t	J)Eg}Y0jj** fu/_H);,S{in`aPu&3",Check sum is Z
test,3hO3)b<S1# ep2NAX6R/cq)SHwXrf5mJM/oL,Check sum is R
test,"[=|}h0)/V
AxD",Check sum is >
test,m]YS|>a885j0K8_#G bu	,Check sum is <
test,|4Et]M!@bBh,Check sum is  
test,"n0^i[% hxI;HYM'`y)p
VL@'9Uf3,yd4#*-<d",Check sum is !
test,cLvjMTq%/)&DO,Check sum is 7
test,(A,Check sum is I
test,"P"";|Melku?\kd!,#m$ VIA",Check sum is 2
test,;>\Pi=[qCd,Check sum is ^
test,78Od[e<<	soQS>CR=f\@w.DM2[EL`}Ivw)Q5E,Check sum is 6
test,"yZ5
ZI'tXa|>ga{.#(s+]3",Check sum is M
test,""" M0UVHEblT:=k(}|`:[pdcSm^
UcVi6wmN={kym<y(L])g",Check sum is N
test,"?:%?B""ri1a0Z-Jh6Va5l:l",Check sum is +
test,"$T|>88-;E'+U(!SCrOBG^bXw
ksn",Check sum is $
test,asjP,Check sum is .
test,Hat_ARz?>$Ad	7]~N{J%AS,Check sum is V
test,/<MOZ+55zcXarC]@,Check sum is >
test,1 S)N,Check sum is ;
test,R-#wZ)34-=qH}mS,Check sum is C
test,")fIyB	uH[0C
h,kBG`&SC3ZB""j|eEQUNYQA+5:JJX",Check sum is [
test,"	F:/1
h)O6^@26r-Z3=7@dAl""xV0,~|.",Check sum is T
test,KF3mUN8fU4&Sw-=R`|8Sq_7Au9Fvy_JAE,Check sum is H
test,".l$=
0k-w#\D,N_	QTA0tX+I0=",Check sum is L
test,c-!uWUu+q	HSqM|*4&v+mh}	Ea[,"Check sum is """
test,N-mr\Q,Check sum is '
test,"@Y8$+G5HmC""+
F$ah$y{P'qV=d96)d",Check sum is 1
test,Pz,Check sum is *
test,"V.
{oAHj	!*&Cyv}@fJZz[U[Wt/u-A43JTTK{M`9>G#(",Check sum is 5
test,B?$/S,Check sum is G
test,"fc0@'0VV
H)Fbbmj`_=\,e6	([#E",Check sum is K
test,g|8<^m3\O*3D3X,Check sum is L
test,"F]J3b7'V/Z#,5^(",Check sum is )
test,"Mw?p)~nH""`
f~,)[r(wS8p}5-B@JsN(",Check sum is 0
test,",~3u!8tuY7r]^%5#|-$B->q#S?8(QG2h",Check sum is  
test,"|>: uK]ADF76Sf(Tyz+6N.~p""aEy.",Check sum is +
test,<b5n=rAz|.:(le>Ko6pS[|bF?+h$Jc=[n,Check sum is A
test,yDD[G<,Check sum is ?
test,t[kRc$qpMex:D3V,Check sum is E
test,"LBb,ndo",Check sum is =
test,AG~Np5p(a|:,Check sum is H
test,54MS_Z3@NMZ\X8hRyA;v(bMPA0uaM@'Vcv8_N}5y[L; 6{@S,Check sum is B
test,h]/2Ho.uWu(KPSAQk<b,Check sum is ]
test,"Vukl2x#dU~c2nVOO&xY~qk-&6""<96(5PP(G
`O=qI4s`/",Check sum is 6
test,MxCQ$;izQqe1mrS ~~,Check sum is !
test,"R?%cSUh(XX`y
k&yyPvZ
ly^DJ(3._9f'C5OJ*a=",Check sum is I
test,"_""?Y?Imw|/hFEjB~0rwSM&91!
d^\lq]l+N#]x5zwX~|E>FFQo",Check sum is ]
test,"4W+""[TE_#D+~>/hU$(~9CTkJ;}W+0+<?OG]QfS<`hn<B\t V2",Check sum is I
test,A&`_0Xcnz_KbIU&cMCG-IUQp*:[%a#A^G5qQ\~ Cn,Check sum is _
test,8Pa%J@TTK]);1hKa.LNtKn4PV&6:hR+NMl/e/,Check sum is E
test,"z9_\r#$,fQ6=F7Ldf<2b^
|@,*:Xvm8!m	%Ke",Check sum is S
test,"\crwoJ/e oApWyd
<Q7>5LOYa.FP",Check sum is #
test,"~wiG{,8?
{nXZ3I
y",Check sum is G
test,y!p$*v'ox,Check sum is <
test,p\7A!hOTYgR5/r!bT1HidcI,Check sum is A
test,'d0i:lBmwX`575,Check sum is )
test,"z(e,&9+c6`fwZpbdUW1pb	ii7b
xr4Ur8WW	Uy8	%V3g",Check sum is (
test,"@ba)i9U
&~	'cCYbe.X)\P6""$#E}$4KtW0ZK6 -|",Check sum is %
test,UO,Check sum is D
test,"(?	PR^8sA9`,O#0r`YbN&""/9QbX3Qo2N0%8tYV,w",Check sum is ?
test,"::b!B
t_7VvEK\4xJ$?\*+	E&C9'J}w&Ml1_8",Check sum is +
test,ht	nOnS7ZXmR~GUW@f`L>k4U-3,Check sum is @
test,_0,Check sum is /
test,s0;%0dh&,Check sum is E
test,G pX>l s[fS?Yk*i{\`Jd|},Check sum is T
test,VE2syiLt<O$$#YTx]&s[N<kb| j-VEv:VWEkV,Check sum is 6
test,cwY;}<XlBx,Check sum is E
test,{?NfjY8mBIFpik7>Wh,Check sum is ?
test,"2i36/Y@;\CH'd/lTC	[Zk'
HN*o9A3?ew	",Check sum is %
test,6c o<^26/LZkSPW_,Check sum is #
test,Tbeu86r.9|h TT*g^WmcuI <)QTk|}gy@?@,Check sum is $
test,"t.e[B2UJQK?D-ql#Q!./=E'[I6@3
",Check sum is 0
test,)<Fz)+nj V)<q@xFqL	9ux.N+LP{r8e`_>Ce@H^OEeFAm,"Check sum is ,"
test,qEnT(l'Rud,Check sum is >
test,I}hzTeqK5S\w\9C\TPnx<$O5,Check sum is :
test,"Zz:?ep`{=$T@{`,]N\<B",Check sum is ^
test,"p(3F)&q2f+WT6.mXe""!#LGa9|IS+9-n
TkE$s\,i&.W Zu",Check sum is G
test,0+ %&WjmZmOsI`l[Q 	7Dq~{ =wf?^l[]|!]l,Check sum is M
test,+P	.XOfq3>z?d6%c/	vUw%<B{OYe,Check sum is A
test,"bSk)>
-TO3",Check sum is 4
test,"1!}n-3kYV3r.'@4w,il*OI-0s\~\Oq^m}zi'y:}|lCrT_K]l~",Check sum is )
test,"#)>,NJ
8
7JeCfLDPz60x1M;ah4=:qOF",Check sum is 4
test,R[~QYY6q,Check sum is 5
test,ml.U8gMw/V`VPEo}dd&Q8AmS1b|_:y|1\b0%P{^<(b/k/{	,Check sum is 0
test,"`7|>!/1Jv""g 2K(i",Check sum is )
test,"7+l
I@LS:;BfSjfZgcau>en|9%",Check sum is E
test,g4FpSL}%Ic,Check sum is ^
test,"RC+rZ
1B2X<'0|!Y",Check sum is <
test,L>*g'm165*!ile,Check sum is 0
test,"|xP]VvC`,OjxR5r\S}fqK%0U,&q<waT-\""_s6#it=w?7_7`98",Check sum is -
test,"da'( ,Q(hF6%,9	csm0J*u:oJ43!#(,",Check sum is >
test,")ynWZ[+'""K0<[	V;",Check sum is \
test,"2t}BoqII'$)K+,@9UNfa",Check sum is 0
test,"""LFz%w^__N!A	,-&@?A(bLTv",Check sum is ^
test,"4[:3
	=qGLFS}CmsUomrc,dxT$e",Check sum is T
test,]Gnjo,Check sum is K
test,"S	[sR;17ARzn72W5""GAU3k",Check sum is L
test,Gxz<3#>rZevLPbBjphVE9PO\R8ZbWKbs3,Check sum is Q
test,oiOs^6(2p,Check sum is X
test,bd}pp?WNK(t#lfQb,Check sum is 6
test,"G[[W""-Z	vC80>I|PNBkW`7",Check sum is C
test,:1N,Check sum is Y
test,"uU2>~h 
Vb,O
cJZj	G{{&Fb-.)iFy> m%_""w+.xiC",Check sum is =
test,"S%wwIHdA TkjMqo>NjITrc)s'$e\,h",Check sum is V
test,"C-AL}odvCD""zh#%Y",Check sum is O
test,"cvS""7ky-h(pH-z:Ni}gE&/&lB</Md",Check sum is D
test,&mZl7|OnTD@	kc:aN`c`D{(^ahs/o&M$8b/^Ee-$c=%,Check sum is A
test,"<P^>FcWf=I/,$8,l[r?PvFbVWrIYD*PH%",Check sum is )
test,"HR`j|vrqR^v3',{Mi7P4jU
.(Q55d
",Check sum is 9
test,{w3Ng,Check sum is :
test,"I4ZB}N%nGD*wWv
VFI(nRPKn14,aLBf5q<JUq7h1bi{w",Check sum is U
test,"Aa&&t/;}WT/E
,	/8	",Check sum is 7
test,4s,Check sum is G
test,wrB[>IW~7Cq^N}gz~$hRQ85T^8tw2GG\I9p[pexN |H~,Check sum is L
test,B_L0kKe	$SBWid;Psr,Check sum is .
test,e-nJD>YTI5O,Check sum is &
test,"IKOyi+r|{vsYf=v>6(fw(
3J6|!oz]{]/W~$)$7_Tx",Check sum is D
test,".C6h<bygVY9%C^""1",Check sum is .
test,"@""_a2s
k>H?WE.Ll5Uff<h
=[rz@",Check sum is +
test,"GXd|I
*",Check sum is \
test,"	s^'riOor~*?0}R61MY""H*f[r+ae*D8
T8&fr<V",Check sum is #
test,"'k%abj[sFu*H8#,""R749UD!;h%IY	`\1GvM8G=dtjG|f.C2WM",Check sum is 0
test,&DL\VpCyc|QP&RY	zWTkY4#Nlb&NL+x{_% ,"Check sum is ,"
test,/o.FN{JK5]ep{WoAlXeR'A_^mEMYIR!kf5%F}!**&~:!l!A<#,Check sum is <
test,"t?O}7
>VMp@g,jh`pGyb8\lN;-C;<-Fi?FIMi",Check sum is X
test,zn=\V}x$H,Check sum is X
test,"_FC{Zd@w[jCso93W;U0UfT,5,J",Check sum is K
test,"2X1B&i""t%Cd)|?s*i~gc~M`$8N!f y(6u""}Lno`w=""){>P*","Check sum is """
test,"8HM/o1TQ#8P""/>:cqJ9T;
^$?><ipc4ObaF;AV+",Check sum is E
test,",fxsga@$y{(&",Check sum is K
test,"A^CUCy{ZG6Y.gOU-
kb/$n0k""b3k v.S!^#yrMil""&fr3$d(",Check sum is B
test,",`&T!o	V>KBL","Check sum is ,"
test,mVFRVKJ8F)\/9{+k|Irx{9bgHk|F.rkfRDY7oqiw',Check sum is A
test,"b=l*""W_nb""F=fU{OXDf,[tZ	),vO+iX",Check sum is M
test,aPn3e_w9)le(4%^9Y,Check sum is Q
test,"o2@(tEb@.Dk05LLK@L3wl""%6Z:P`",Check sum is L
test,YW:x'p{51'FA]/_7b\ /^$!S1j:N!vz'N>BBV},Check sum is K
test,nu9;c3H7P[9^/E2^$uY	@^EO+O43-=WZf$]x!,Check sum is ;
test,p6).NQxx0Be_ ,Check sum is B
test,?P,Check sum is /
test,"zVqP1L[oz#.?r%L\Qu!PRWZ	Rf
%.""<9''N]1",Check sum is Z
test,";Qbxk(fCj
osx1_U5-i_?;hCZN=[}<s8/>I3Z!xy(k",Check sum is P
test,[;B?,Check sum is 7
test,"!`X#e=qn[[ ^qyLeivEfoWTwaH{$R
f",Check sum is Q
test,J2=>uo1`*_cFo,Check sum is -
test,"TfN0d:
~JmG0?",Check sum is +
test,"gV#,QsjbL",Check sum is H
test,#uZIP=>RRjE?&*[<pc	;Z9^egFG,Check sum is @
test,"&iL&e!Cdhb>$
6{W%Itd.I_VBl%B-O9UE`[%*Kev:b-i",Check sum is D
test,"q{l>$UnG[m""O$,]='""Hn1kzM2Ob*qLG0U",Check sum is ?
test,"r3	yDyY7E
N6UnBmc",Check sum is <
test,uCK.m9awHlm0{jOM$=,Check sum is B
test,"9	nZw62{`dU/DX,,*aI[ctG P",Check sum is =
test,"+W(IVrC0$~b0vO?7^R:6Q:P!,3p9|vi QP=Xzm",Check sum is 9
test,p_^|ctv,Check sum is V
test,"YEh<q\HT{Y<N?l$
'2AY|_eS3qg-:8O3u.Y0V",Check sum is 6
test,")!P>[_[J""5nz[15NXdmOAqELOev%1x%+#F:uk",Check sum is +
test,"cM',,_rJg]C}EII39*iBSai+n.FaO #",Check sum is #
test,"Z]K""Xg^/Edrqd2dbQgkP/zx^vtW",Check sum is +
test,"7ym+c]QP`uUl:=i^)""",Check sum is (
test,"@0,o2=SqZUY8.[w8> -Fl&{|kleF""tzcQ-b",Check sum is E
test,"q~Wk,`$_O4Twm9n
8VavW]kj!U9hE7/2H	h[y5,]F|/",Check sum is *
test,"`?`7gB'LJsBCs>P*i
#SF&-**^bxtWwV",Check sum is E
test,1vRa8[:_C5,Check sum is ^
test,>qf.:&5Asf	n.:t#XfhF2b3+D}vH,Check sum is %
test,">tM+GGv/4}`o[%6vGc@LsGD,+Zxi]]Q7S-66&|",Check sum is ?
test,IXKQT,Check sum is 1
test,N08h%Q~xp}#ty:4kUNt*zT:g,Check sum is 0
test,"O&iF5N'%
",Check sum is ]
test,"=a,}Yh%U[QsboZ8fVi_^$N=+9i52fGB^",Check sum is 6
test,OWX@	r$:k7K`A->]_,"Check sum is ,"
test,"<D""8W(_:>F926B8VAso : &G*Wd%	Z%)1kBu:CLI",Check sum is 1
test,"&x
d>bv$Y9""n
dpFH4k+q6y36#n2>DgY]JSX&A#lhsE}O#b",Check sum is E
test,".>+#'I%`xLjN.70sd7
>EXyTKRl8y,",Check sum is F
test,N*-m/? [r0sE[rtHhIPcjBe;\26VeeRF6+^hx,Check sum is I
test,}z#F:5Ip0w{4{,Check sum is 9
test,#rBTEqdn^(Y``e<}:,Check sum is J
test,",*(b%`j7jCFxm/H
:qyQ
]O",Check sum is *
test,cP	h%B:Z^uf_	y\+z3B1JW}O,Check sum is -
test,D~5x`4:9xmg2V9dW>C-k6z1zoA[,Check sum is ]
test,k6W@2C\}l9LujP58~Jx+JA>v?,Check sum is \
test,"J6+5SN)\Q,LCq}uX\Qc<OBHAF/{jc xd60()`^1X}R",Check sum is Y
test,"V+aP29vHnH@wrBy\?_fGYv_QG>l9iEEm,tLOx&ml<Fz'`-",Check sum is '
test,"K?}.8p</[
!,F8V)Z8Q%}g",Check sum is C
test,-!_BF5/j!cxa1}dI%*jbQGY&yNe I%`s6wx,Check sum is ?
test,`D Px5,Check sum is !
test,"*}""3=&\[]/Vie,]>%%u2,<oh](m&Xz3TT\ixlt",Check sum is ?
test,Q_+p}NEP=J,Check sum is R
test,tx%)w@9JDS_,Check sum is J
test,"pOyg/?~;T>gSnI)071}""",Check sum is I
test,"MFj52CZD:v}\/],iLi	e@-{-8L;WF{>aZ>,dw*d !Z/;",Check sum is /
test,%9Y,Check sum is W
test,r[X`e'jB#rl?p_2w;_9Tl	H0z@VtEX^qDru^A#v.q]}%,Check sum is Z
test,`49&#W*tW6P4v1#TeM_i@zR:<gpVhD9t,Check sum is \
test,@i3U<RUh%bPH$~[),Check sum is !
test,",oA6Ume48HQQxlc5z dl>",Check sum is S
test,~}LDC>vL:#=PjuXc)/]*CJ'L.`$^vO]miWZGU={$ix',Check sum is J
test,.~,Check sum is L
test,",h5UJC`}0Jd45LkoGhc4f}\@o9oG;@Fj'r*+r",Check sum is C
test,q#qS,Check sum is 8
test,bj#{,Check sum is J
test,x8,Check sum is P
test,"/XU.l`!yv=_<Gax~@L.$XK@yQg]tV,JJ'p%",Check sum is Q
test,z11u8nI<KOd2,Check sum is L
test,J__//Ty7m\FojK[`ZVc,Check sum is K
test,",JnVe^",Check sum is ]
test,?\0k_VRqI9q=$YBil8'1)Z=M+7t{U|P,Check sum is !
test,"jZ
=?B}!tn
<syac#H-P)~",Check sum is 1
test,"Gl>L,=",Check sum is F
test,"^8'%6vs2I""{Wmj",Check sum is '
test,"$7427~\PdC
&(-#
vug5+6naVO",Check sum is 7
test,")""4	>aV6K{A1F&BS",Check sum is L
test,"zl]}ekU9|hu1b	FJ:hA3ht
uBO",Check sum is E
test,"oiQE5GYzEm<-gMXG~y\()C$x6Yt&=[5wCoi,: Obek2i$9MsQ",Check sum is &
test,=3Suz,Check sum is R
test,"U2BAM{17]""(",Check sum is A
test,'4,Check sum is ;
test,)C~{?/:i[!3z|iv.;tp^?7>f,Check sum is _
test,^5joo  `M)7,Check sum is H
test,"7ARyaj&L)txq@RV,&-RTey'I&|htRS
F>wMXx,F`p	v^Y/",Check sum is -
test,"_+A3}	$XROY""7=M[hqw5(0dJ|}D<X]HA9eE,5",Check sum is ^
test,"'2t$u0]alb2\$,zQc",Check sum is N
test,",4~;L#BR! y`;5	0K#\*s3<0|G,	]1y+",Check sum is /
test,`q EyrKF'pJ5]QS;-UJ+)G<9@X/|%,Check sum is (
test,"S+ji8@{$U$xZklj.*Y,C+b",Check sum is A
test,"V}@6(n,]9mtr%<+dY -mZUzTCY=30H/('""6w-LeVqf6)",Check sum is O
test,"dLz4?Vo-k""!*ec~scE$DxW,BSE,
3	',jSuH",Check sum is $
test,"$y(BMcB;{&.=	P< rV	 {1UC0WwQ""BAF JuM;V
",Check sum is K
test,)c	xo7qbQZq|nj:U&MP?1<QuR;UxxiZ:k|`Ug)A ^_t,Check sum is '
test,"/4:3ePXkikSnqo
I>M""F<~AK`Ibl0VfOhF1",Check sum is :
test,0	`QCm!_jj3C0j\ Y)}B<8S~<u,Check sum is Q
test,"=U*9(-IK8]I(r]Ul""&4U!r%pu{^++i2<;ocB3J>NqKX/",Check sum is #
test,eR$6@l\e4,Check sum is R
test,"]_xC%J{@&?gtbJ@""x4$DT",Check sum is 7
test,"7]E&,?Zm	mTWZOm=",Check sum is E
test,"bWhw-D_0GnP,fIT;5Wcs5gma{,Cb ;!^""+m
go5BGq<7",Check sum is U
test,"|Xq!a
N[MHE4NxW]]`:jENIm6<
-Y9'}B>b0Cv-:c+}\+u",Check sum is $
test,o=5walvc.SXk~?XL66;!,Check sum is K
test,"QR/.eCU
?uUkN1)KL&nWl~^Ur1u7h\^{k",Check sum is 9
test,"*'$!E/;&:m,YtLaEW",Check sum is 4
test,udaB8UCoLD^}u	MQiR2`S$;mY/A0Iab\i~lkZ[,"Check sum is """
test,"Hg""DVs>sP,Dz@g",Check sum is P
test,"KL%T0psn,aXMWD",Check sum is >
test,"(4!x|SN?[
FQA@JB!`*}rN8s8[ep(Vy!pEz`rQDc)Ms",Check sum is /
test,"{g:15xje%JDnANPZd,{V*{
`Yx=k$~Y{$a",Check sum is '
test,"e*egR'<Eg@'z2$7a<HP%{.
v {",Check sum is (
test,a=@G3P_oHt]4Pue7+7'j6l@\=y7TF~(1Whf>L7NHD],Check sum is 0
test,tEG}q{L;Y6),Check sum is H
test,pXLi(pHydwWgn B-,Check sum is L
test,}#~a=|$9yT([Mv(:($5O:@40$W~ObaxXm0]BBAytSMi&T2Q{.i,Check sum is 7
test,"8#uu:wQU&""SflOGW^	Q 7)T\3Uvo],",Check sum is 4
test,"Ts2
]Q@c:\W>,C9w?xp1Qf",Check sum is M
test,.z}8*FDvVqn`qNl> +cZgE3L&%>IclORf,Check sum is @
test,"'?`
^*Vi<+e-'v8
K
+<TytviNnPYB",Check sum is R
test,b5ZOe=AU-K3:gXj!CZ5;stY1'oI,Check sum is $
test,qH7b@-1'F2a2U`s]Kv=RD]?m	{-3dQ b{T@R5,Check sum is U
test,"
nZOXU-Yk>%",Check sum is B
test,"A^//D:
xr noK26H%","Check sum is ,"
test,Aw3q5Z,Check sum is K
test,"/zv~!,2SU;5!TG1b'VX;;Gs""*EV\`irD`,{Yt(Zcze]!{",Check sum is ;
test,"uS#_Rpt?~}&AT7Aa,p_oeb09JR+ngEp	8",Check sum is Z
test,"||+AM0NRwW
g,$S;,7m~:,r,%/v",Check sum is Z
test,s/B}^-C)`UvpRqmDu[?hR,Check sum is P
test,")
J=/0
_4hMzcyJkjc-jQ/%}+pJ;H",Check sum is D
test,EFxEy:SJ[@(T3`Ogv L8l~'!W`%[,Check sum is [
test,"WuvGP""
nO\W21Q#'/5e3Z
:GO""FbT4",Check sum is U
test,"!-+x""0Sn3/l[4""0 @",Check sum is 3
test,"0myCm)EQeN.Vp?F',Qzv|b]$~; 	Rlkp-;9|gF1>;",Check sum is 3
test,_RiSh*^>,Check sum is ;
test,"?Us3-U<QJitkHzqaRD3>mjmPmZC,a$&)nQygl",Check sum is ?
test,"_NH-wBB`FS`/j!
0'X002j{^.AixfX#&6agJ/J",Check sum is 6
test,"Ll]g0n%?P,T$\JhPqi8xcS_",Check sum is O
test,"HFQ$ t=PcW	M
	b",Check sum is I
test,"):9t%GB3#N^""g:<xu&0UZ!qbSfv",Check sum is 4
test,"UQaLZ~2F%zIha;)RvY~
JPBwv0y(mr&%",Check sum is E
test,"iD~i z374AA
{pt&k.7$gv2?^(Il*zqPU",Check sum is 4
test,hF-,Check sum is ;
test,"6'2aOIe;|c	y.M6]W)[,O_J#8jp~[fg",Check sum is Q
test,"FbO-;3V7P?Xr[f^6C""-+/'`^+0G$e[OAp*.aUW{J",Check sum is .
test,bw%,Check sum is ^
test,"/Bt2y]K|	NF)B}mrm1bLRo_K.5Q)FrxzIcVWw5
@p
',>,",Check sum is <
test,"p]W&>wt:UV0V]l%pd0,v,UCtiengl^!%)as#r^jH-*MMG",Check sum is W
test,"[=nyj_iWu$mF(Wo8|ux9D[7a,",Check sum is _
test,"4
Et408av:T
Y_5w0[ay\A@IP",Check sum is !
test,"5\""H,nHGFz;3hj",Check sum is D
test,"M2pz{H;a6:""<;:\kV`+P>hz+~5T",Check sum is 5
test,s{hp&Yzm=<b =i&_S y)T6#(yrQ4J_25@L(NKlC}nd,Check sum is '
test,"^C'K8Z6n$g;Z J""6O($#P>EvxItSqib?Wf!&#V01))QH",Check sum is ^
test,"<=kUqns{]7G6{#
R=^Rw""Q].q(xe2[
o^4|(""N"";+[",Check sum is X
test,"'wY jPO.skzRzu]1c[8""yf0m>S8}}za4G6O",Check sum is G
test,g{e3~M24F.he[SP*WRP8E)TO!,Check sum is W
test,"tUF-j0{?0^R#e\5?wE[y_,`G$C,",Check sum is =
test,x1,Check sum is I
test,fb>gN3G	H'Z	1EhCpr/(U,Check sum is _
test,"J7ysW<dkv^,Xk$;tH!f.~Al=IE*^B	lyoss$5l}29#/D&",Check sum is .
test,{tiJT-\	L-/bn[uC3PISEJtjln	dNPKU&G#=;xb<MH,Check sum is 7
test,735.us;{77e)/Q]7=5@GhR8P,Check sum is V
test,ic!GyW'X,Check sum is #
test,"P%V])8i9>,V8Cd[C^z*u7HOF=S|X X2'H*p~_sX]W
8wX",Check sum is W
test,"#( pxe[.-&j[eac~,Tx%*,?",Check sum is R
test,-4U/&Nw.N;LDwX/C4`ON6T;$S,Check sum is %
test,Y0gUk,Check sum is P
test,"!G)8qh3(:>/=GTo>TzJW
<",Check sum is >
test,R9z#}&{\M=b@M,Check sum is ;
test,I>,Check sum is '
test,'3%,Check sum is _
test,;-1I3[ ,Check sum is 0
test,"OWmt*0-9 7HGmN]Tlb""	./NYF",Check sum is <
test,Qp+Rfc({)!%:yb2bK,Check sum is -
test,"!gc,(#n\=6(",Check sum is '
test,/m)*tMIU55Q6za[*nUS*n^7p&	`oNrE7`j,Check sum is 6
test,S|p \aY\kHDC	\87&#r:tjnA,Check sum is A
test,St=	8qRMF.%iQ_Q5515M;wPRyY'Kd0Pn?0?vV,Check sum is 9
test,< ,Check sum is <
test,H]+EWpW[0u|,Check sum is O
test,"	RIeCJ""/KN2@7$A`ueQ\&SPH""gJ",Check sum is 9
test,>v{@W8Rk-tHO;ylm&T/	#s(2+^bfo!=)nd5Lm/.zA,Check sum is !
test,"^=IV-Wg3Nwi;`{mtHh1,Up;M!\&zgyx4j{7""tEujdZ&'",Check sum is A
test,M&$je~M/vzfUeCoBh_gA4I,Check sum is 0
test,"^f}FgMT'0dM0bkktyEr-*:(ViQ""17""'",Check sum is _
test,!Mh{qTUH+CwYGF&c;R-*BJ:}f3U/L>GBTc<kAl|,Check sum is E
test,:rwTC_x>iLdS]89D~nB,Check sum is [
test,":?ycOO?8i}?oOLx9-N{&T""-{YuV,X)B1>^m)hjRG'R.~w",Check sum is !
test,"60/pm4jyqX\'D^L3q eYy'c~Yp}""""{w!$s7pt{YRds	XL&UhEz",Check sum is A
test,=ujZ&&\;2hsY'F;7k,Check sum is )
test,1=BY=\-LPN$qToVV*AYc/(mci<_$GAl>	Z?LA:& $Z,Check sum is 2
test,"aE""",Check sum is (
test,!}u[D#$gZ#I;MU:h`pG6VtY0fqg,Check sum is #
test,Dwr`<iw0UK!aFyt,Check sum is N
test,G'@(_',Check sum is <
test,"d""_~On4i6qw^v]:'
~$~zyJ>tg s5aGv",Check sum is 3
test,G-=*\.1BRuUgo5MtL_gL&xO,Check sum is +
test,:|^`3,Check sum is G
test,"""G>qi'sx-kV.79QG#,	c`q~0;.*g!X\2!BN(0#JBte
:d|""@r&",Check sum is A
test,"4@0,hNRvxQd4Z'.=AvkKPx
	_a7",Check sum is :
test,"	C@sYSvqUhEo\ltt`bQNyP>BGxT,*Y0\k/6+K>S)Qk `Kr",Check sum is D
test,"_CVA5Z2
6uHp /nJ",Check sum is N
test,I!BN%[*MA.@TW481je7wy:kJFTXx4SZ,Check sum is 8
test,"+2Vpr9d,d=:|q7Gs:B>k'1WM\O%7h>87f:g6G=GtdrdB:y",Check sum is _
test,"(L""k]q5a8m(2VP_KM",Check sum is !
test,~G x$g9KIF{bPp>T`E^mAy/	/Yb7sRk3l8Q-xSF,Check sum is #
test,"+f8O},!]8o""L.Ky
M>u5W:W Y_X",Check sum is =
test,UibP.;_@Z~S]bh j	,Check sum is =
test,"T[>@""Y]XVlt\IlCeV",Check sum is B
test,")}Hh4$p:<5uXb""if?:sR?{%Wa*n<9!CiM=a",Check sum is #
test,9U[-,Check sum is 6
test,RD+Q,Check sum is 2
test,"wJMu6F.Uu'k4<p-7j[""sG@mF""/xrM
>y[hA2",Check sum is @
test,dK_JbNsVA:>Q!Q?uxU73$Fy/URj/XHB`1mVlOmjaxwn&PUU),Check sum is 9
test,szb,Check sum is /
test,{A:FnUQwBm/5>V2d1iVbry\E$$WJM]R[}.J1PlW3,Check sum is .
test,'s^! Y,Check sum is 2
test,"Om5	J#YSa%r,",Check sum is W
test,"Xutu?{fu E""5l#Kkq;&",Check sum is >
test,"`cQM2|M,df^Vggx3c;w{d""zA)f7G",Check sum is =
test,"`4
	#~gsX^boohD\ds()?3;",Check sum is U
test,`.c =*19P?t!z[gssBbFS-m|,Check sum is [
test,-T_k>9gH9X5>I>)3:,Check sum is 2
test,wnSKFu(00DRc}!uK|pF11\,Check sum is -
test,"aMG%huFiH_UDf{^1Uj`^x{#gw%`h#nzLQm	

M%6md|",Check sum is ;
test,%?XCP869k#f$nF.-p/Ku:q,Check sum is G
test,"XTj<b5Qr,9*2P;b044|agB+n",Check sum is 1
test,rakDFMtnEeK?G4	z|%,Check sum is *
test,s5(#Y5gY?BZ47b/*p/P.C,Check sum is B
test,3oO{_YztxpF5<~(]{eY{\e?r5)%g,Check sum is $
test,"""}gqToJ^_Z~j'G
VWtwxS}hUV})4/S`@yCcJZvd m",Check sum is 4
test,"lC[]""zQn65LI$M&KAW%SIXVQ""?Gu",Check sum is 9
test,>$~nA$,Check sum is S
test,"hOh]`HFu(l(PbY_j_q+bv_T|toovT$8ca^6kqC#9*(Yp=""H",Check sum is ^
test,"[(qqN>_%pa!/r^[J2s;q*T[B,C<M&""OB+",Check sum is S
test,"@\~`I'Qvi@
p__ba6EZN",Check sum is X
test,"\'[u;UT
g\ATLL&HF^M[>:",Check sum is C
test,"!)1A6\Bd8OPk%|vVH[z]mm)NwXAnA,",Check sum is 9
test,"$0O1Z%S>""v""*A6gh	.",Check sum is %
test,FeS+5mW<@;UT5G{FP'VuLYE9>`Z$W,Check sum is 7
test,FXOf$M	EDl(sTKJ;Z@^@?,Check sum is X
test,v/t~_4XSR}_Nng=psSK]Kk<)9%Ye&>#@ruQT&$Wzc!ts0,Check sum is !
test,qn]wI{Bu+*yL	N'JZEmU)J2\WFe%n##,Check sum is -
test,"rAL4A8\]*{Mb1mvj)tHY1V.""
DaN.0Ruu",Check sum is C
test,"ZN|4L/!7
~|pg-""<ki",Check sum is E
test,.>rt);}?U:`fVqX nd|xy]}\0D;IP8,Check sum is [
test,H[2%zp1XC-vZ'=iG6}V`-,Check sum is 7
test,b-Q,Check sum is @
test,"^$dX\\`NKzU L-OqG""xXr[{2",Check sum is *
test,"haAE>yavv9$jB-)t:B:t""",Check sum is R
test,"YpoQ+U9qQt\+T|	mD],lyACY?[",Check sum is N
test,"f(%09($,ZN1ijDXo0rXHb+*iG1+oh<v",Check sum is 9
test,"59gfp>a;*F&+8_""ckjaeU5/i{sFCi!msCuyr0!",Check sum is T
test,/CH.cL;a<N|s6(R7{Jg{h\'-8Hnn@9?kR^sd=2G$Sm,Check sum is R
test,Pm#/kaX@$l>ue]h/W2M,Check sum is E
test,"z$_$}1w0z~_yh[d""?a<!-}F aDz-{+Cac",Check sum is 5
test,\8/<,Check sum is _
test,ze&B\,Check sum is C
test,"'=vnh,Nt1_PvdJ*Cg]M_",Check sum is _
test,"1v/sgRjbV`+twY0(EP\R%[w^ZJp/p
{n$cL-]v",Check sum is <
test,"B>[4\+h=yS,B	V[#NCifd._`Yps,pA.B&`Y!.yw	3aUg!
AT*U","Check sum is """
test," Q1a""2	r7i8E<Gs2",Check sum is 7
test,JTk_Z/Ax1h;-V'1B}ko`-)t`e(GyX,Check sum is A
test,"2f~Xv!<$>#K}iI!""'
PMHt4wv41r@55O1F}oTI|jX@Q(",Check sum is U
test,"s]tQM""{k@O6&j5DxHT]s#T,pdtfn RvdWe:h",Check sum is %
test,".wF`79IEBw)v006HP?rs
?qr`)2{r$s!qzU",Check sum is _
test,"N%q-toL39Oq3E6M-&
w4JTCve",Check sum is K
test,]\.4No$zEMd0&.D%#DA*xYP7s}]Zu|b# ,Check sum is  
test,"(Oq;<)X%>>l<DA'VWFE6_R
B_o",Check sum is .
test,"{Xw
*zxcEuI",Check sum is 6
test,s.`f,Check sum is G
test,r VP7uh+,Check sum is W
test,}9GU+M	CX~`yN#Be))xA6dl4&bYMJwaA7_Dz<oC[-HgDE4D6r,Check sum is 5
test,"bGY>Z$xW,/Q?wl0HIx1g0+b	U~Qtf!ih\MK~'W|A%rU'",Check sum is B
test,".z!0jh42o/2MPs`n
A""iH""%JJY0_f\[p)$[?SOS|",Check sum is E
test,">rMK$-DT<-7G7%Xj_=P~""taqb#Kl!zf5g{O+!wD)y-]2I10h",Check sum is B
test,esf\*>AJRfMMe37djWi},Check sum is Y
test,"e(vw'r?~D?S(`R_RI$<y$PZj-,\'9""Gd7gPGZWf=pp{",Check sum is 1
test,"rql2(
p'z1N%^1RK""4
7^""+,VBBmP$FX"",Skou\"")""*",Check sum is ^
test," N
#\LD=z)vJ@5p","Check sum is ,"
test,#TH,Check sum is _
test,"$,y|
h1< 7!*_6a>uOONO`sLgnC){ifCoLj3cl$^HS",Check sum is ;
test,"fWp#A(fL""Jf*D=ubhC?l?lN<}B8/kTiw-.",Check sum is J
test,"r/!U+#MH HI|9kd=~QAdycC\iZ=9h!~yI#
@~@9daA@l/&8",Check sum is  
test,"c+ ap""ui%Vm'S!R:J*{LR""",Check sum is ]
test,"t?`NpuU?D(n5""eWWW;x7%/W/E7vm8ln+$Um*9B#'i9)m;L[",Check sum is $
test,l${C]#h;+58l|T&,Check sum is K
test,|]x0[N) j8,Check sum is 5
test,d:Rd)`+QbybM,Check sum is C
test,Hen4gSy/-7$$%7=Cqm-,Check sum is $
test,`VEeN|=b3vk*c(x(XG$UPSml16UOx	~i,Check sum is Y
test,`w>:OUtzX4KW2^3ta8y-{s^g,Check sum is X
test,")Z:iLSo\N
a?~'n`p>+)	%F0G",Check sum is H
test,"[=Z,l\~I,9^J1\KY",Check sum is K
test,&),Check sum is /
test,w%FZ_w],Check sum is O
test,os&)O	+Zw$Q$FvXJQRo,Check sum is .
test,"n1G4>$PVI
7mW[vuw[\?",Check sum is C
test,[QeHz2sBFD+Gd'kl ,Check sum is X
test,l-27]w3hLV*|E{.14)?Ir Eb1b]_0>:o90lP/5b3P@+_dM,Check sum is %
test,"q,6/2-)to8bUef.G9s;c7I_|fA4bg[
",Check sum is *
test,ze'g,Check sum is M
test,"'61<B-,5XdDl[,z(} B""|",Check sum is L
test,"Qez8{g
gQ;%(^TIH|(gN@B;ATU{OS>Sk/aH6|#E#zT0",Check sum is #
test,{u4$>4|	f!KN-f:40h=C$R7zy.*~i~bO,Check sum is &
test,"unigvED?y{?N""Rhnu.w]%gXs^p<YBEX+if_:TUl6u-}VP3",Check sum is B
test,[L#i=L4UhAs7>o?~?jw|If63MpmmQ2)'RglZRiAD& ,Check sum is E
test,"yE&eqCL6{*ieg6,p]EjqFG?S+)-`[t",Check sum is W
test,"(G='t`vuJ7"")15%p(""W+VIq_jf0@w
U",Check sum is J
test,"Od	7^(s2+|IRh,_lk%wxM%>Y:NQbNSY6O",Check sum is !
test,@l,Check sum is L
test,%5D$z+,Check sum is G
test,\	~{tn72Ns'c]CTh8Q+Nz,"Check sum is ,"
test,"
j56s[gs!NqMzAC)0rk2u\	yh|mnXz4I<)@_ti5!7",Check sum is I
test,vfHobwkR+GdLD[n+Ef\9.D0x#|	T({`h^`U%:aG$e)([^H,Check sum is Y
test,1.2ZdUbljM9w-1;T;VL;peykRs\buZ,Check sum is I
test,"e4{N""E"":mBM`nN
TeGZa6Mn~Uo*p	4*R*l_2`oYgR>u9",Check sum is \
test,"y4V}<eCPP	^px7K',%|ubA{xsHPs7_k~bk6!c,%L]e6",Check sum is M
test,"|,B*}xv;M5",Check sum is \
test,",J4i0C""vf `o6'3\kp)",Check sum is C
test,<y@*Kkt0Ik@ U_c;,Check sum is ?
test,7wD\;1 hp8t'd/s0=ZP,Check sum is B
test,"^7T	y!Yv/@r""hKwVGh*WIQ^8JZkWf,yM""EMYl1V+LR7",Check sum is \
test,"9l%Ubi""ES2XFU481q",Check sum is 7
test,"fou]TX= +EFF.shYJ$7|AnIO""[Z%jN:\v
n",Check sum is N
test,"*mddN`y}VjL!$lH4_3N[Bt01W\/Dm7[""tI9jlr_,u?^_$@;",Check sum is N
test,mfKJL,Check sum is T
test,"|s6:""+3|nM~So&!HgmtL<r<5/B*1US4QlK^Qt|-",Check sum is 4
test,"%h`~HFSBw*!f]<{9y-epnqS,{",Check sum is 7
test,) LC+Mm5^#V,Check sum is )
test,"fg,msZ|79JZlN\\>b19i]IUWvW&zSbh4Z{+4'K=r`Cn)d",Check sum is K
test,"LS4rrl""x350G\mQ?6b.HAh.u	""H","Check sum is """
test,mbH~eODGFE=}=c:0srMH@*PLh&.(6i:hE>eu=g(D,Check sum is U
test,K_Akg@m,Check sum is J
test,W-f*uq\1j,Check sum is Q
test,"|.{<	Cx.e3NQ=1/F|N:X/a|K:q{f\t
yr/##	v=(WVL`",Check sum is C
test,">`u30r\ms~*}Il{-CyUEy7~UMOM!}c0F;q/:4N
&,2b",Check sum is F
test,p&[t!\jbYG,Check sum is .
test,j}+.Gj	wo\dxVnk9B1#,Check sum is 6
test,")`9Y-o
J3g_U.h!Ity>yxc=nEP*MVX-vN}TqF\?p#Z.wIUDe E",Check sum is /
test,"Ha6hqJnEPTXV}k)Ox<D8=3W%U4>NGAoe#p<N	5c4WCT9wq""",Check sum is 7
test,"ze4(A|)+H03k|g8,pX@.?CG[6SZ%Oaa?|0di",Check sum is 4
test,"6Gig)VAdtJ+D}
M{A",Check sum is N
test,yg xaZ`cS%%Q4,Check sum is 8
test,"vdARH`n-iOAw\((0Sf-p b0Q>&xDT`""yD5h4ywa;@iX?",Check sum is E
test,e!X)[(EAOm,"Check sum is ,"
test,"G8mw-_
Fe{)g[T_~fS3VH\a&#\nCf8y",Check sum is O
test,ThL-VyYb,Check sum is _
test,"cGyV!UgM+QFM?NCqs&Y&u&|>*\HC}>VX,!PWQ+?Z/x`",Check sum is J
test,")	,~I",Check sum is E
test,%Yb}YB',Check sum is ?
test,"j0=+WK!+BwgZ""}f7Er(~g/e?k14@",Check sum is -
test,QHJ(T&F5?XZhzxz,Check sum is %
test,=Mtg!-rvF*@<~'~I	-Q,Check sum is Z
test," %
l4J2hd?!Kf-F%",Check sum is @
test," G==j
jw5qBw^G~AJA-7/?zxldZ.XD$?Vpch#CB
R U",Check sum is I
test,]/5#X` !mx+X7b`mpb}L[78goCmE,Check sum is ;
test,Z=v,Check sum is -
test,:\qt4MNOOu,Check sum is =
test,"fS{16@c7jLUkshcvrx,mV#",Check sum is ;
test,"pAYYW0g,mke'6>^KA`qoD",Check sum is #
test,TZ}AL)x6W61y;7UPZp20zb	Vkb4K+p}smLE<xaVdp,Check sum is 8
test,"qT?QJWDobbMI]<e(1<
Qg5vc[{fvT)dGpkH*c?WbO",Check sum is W
test,"*IH@7	sdx8wm>c
6K'W\:6JJ#SE	_)Ko@9+T +cuO/h,",Check sum is C
test,0QOZiD%7bWc,Check sum is /
test,";DMR;Se\*Q$1
 h@m5FzR7mHH#4S?*B|0cT6/&}Wql'J.n&B",Check sum is @
test,!lh@KVSIIc k(0(C?D,Check sum is O
test,C;n<k(ODMC|i(_k0B,Check sum is G
test,a\[W]mO*9zK[AP;{xe4bY&w<Qo[{G.KC+,Check sum is [
test,"#<C;4	K'BdBMs%
n/
4mR;_%ahWp+I\#Cq3G2*QR8,""",Check sum is R
test,";l]$5Ah
av8(p=1YE4Kw_a}	&_;A)2b11bjDj4",Check sum is -
test,7+gL([Vi!*Jf?*2,Check sum is M
test,HJMgprIF([S|~N@7X	WtEBBUw,Check sum is -
test,"HcZ4,;uV^M%3d\Qn0S;P}8NY$DE2VJwO<U""0yX!jt",Check sum is /
test,$&[Q*v7)xJ0BKm$%ixNvR%#'<lzM=%5:x:S1s:T),Check sum is Q
test,"N%k""h}1C//:$4O~D5Cw2]wxQuZ]L5#g etGcI^4&)uF
",Check sum is A
test,"<{`vt/qJl?fq0""]j0!VLYyt7}2lIw@3VX*;]-{`zh;\	
)wIAI",Check sum is [
test,"iqbnJ5<*l9'~6'qo_aN!""8#/m",Check sum is >
test,"h
hXmY-IAx{D:/b;3z{\'H",Check sum is ?
test,"iebN)nZ@hsI-o(rs+U]9
KC!s( p""/;Q848B~",Check sum is W
test,^)~bD9r\s~Q-Gk!;QB_,Check sum is A
test,&Qh[(*@>:6lL`A0Av2wh,Check sum is +
test,"U9{9b%SB,iaM=P.J%iL|=JCc5G.>sd/Fz_)""e\ofz`",Check sum is Q
test,E<-TPV4J^agNrpCf>/i_\75t}w`BGN	efA}#(i(oiB&pbj,Check sum is K
test,";r5WzbRR!
vPWDyVUcmpb8A",Check sum is $
test,B(+8;Rp<AT&qhP,Check sum is J
test,"}b.{g8FFMQ(wQX|e''~
g",Check sum is W
test,"@;k>`)_T	JLNF""y%=qw}2NW~PHlHP",Check sum is F
test,"C0nX@M0w/dM^\H7bB
Q",Check sum is %
test,"f8@2#t^'5$/UO/l]});
%<56n*Oktg8Q7o1?T!u
F'8=",Check sum is I
test,yo~SWuCrk	h*H}FB;y_uL,Check sum is A
test,"Fm= 74rWi$)>""v\*^s1VFBz5VdcD!*+n",Check sum is J
test,"%B\hDfsIml'T;J&@IvRU^NY^u,68JNONM",Check sum is J
test,"rjHM%RT t$8xaPpDmZABqV3iq&j:jZ-2U7q`k]KudYOy+^""d",Check sum is -
test,",c`7p4YSwNTSCdS\""C)4Eeq'O*xaoS}yR7UsszpCspV",Check sum is P
test,"D{A)\\b[z|""xq62(r@'VNo.ev=",Check sum is A
test,"qHq""p",Check sum is \
test,"_YNiO60J^YA\ecMkgQbA)IZN_C1V?Zi,EgA+a}2/fQQ",Check sum is M
test,&x:gP6R|9h4DC'N!}f$^EB,Check sum is Q
test,"!?-wHX?F?ZB6]1;{

^m,?Asgc",Check sum is &
test,"Ci+YiJ;
Zy[g{zrWZ%",Check sum is Z
test,k8t/eNP'|K),Check sum is @
test,"4
yM10ID486D0=hcMj$<:6R`[4~1K",Check sum is 2
test,"N.RvW6
Jsjs-<-M~co0/`?2+7+{N~d!y':&ftJ4;,jl3)[uJJD",Check sum is *
test,"ug>e).&.6 f""{>""Mr/4>@blnaiwt!!H8x~M[MMK*7[j",Check sum is ?
test,4tLrV|{&GEx.cCDYwB~E	J^.=|8s#m.5Ztp,Check sum is ^
test,zva2GA~Ob7GM?'x,Check sum is C
test,ZBUuG<C4,Check sum is @
test,"uLSv]qk6x[WQ*1$OCiEc8niMHa7okWJE^""DLoQf*M]
O,xyTkf",Check sum is W
test,"T2iJM#f(8r5G,R[OV|&~F+P'JXJf[x;DoF#",Check sum is ?
test,"RU-N*f=
Zu}$<47[yjs}s]+@",Check sum is Y
test,".sk)8d?NGhXBbk+vf4G6
vI}
`rwzRbyHCryB	}\tV@E&JHm",Check sum is Z
test,"hj
iEL>l2ScudQh5zu+|y&;]{K)N""z:OVZa:^asX8&xNdJ;)K/",Check sum is C
test,['h^s@Fw>,Check sum is V
test,"ES?~LrO4uw'u&""B=>zwT?r$(.Z=#~RyP+Idu2W/h!	j&Qd|1",Check sum is O
test,E(iJi&&Aa+ljxom!<~)OLE,Check sum is P
test,"_g""]J23+\`UdQRv,6J\MEXV'&SuM^W?\6lq?Zr,T",Check sum is %
test,Y!NR&B{fnU\,"Check sum is """
test,X|CTW o'z!+rFCRug4OZK4iqI]fVj-~?%d}qA|},Check sum is $
test,"\5+meWv)<""W<-F.@HwE&",Check sum is  
test,"i}#	72>Y^.
MS`:]?fS>_<{L@jy6Ta~m[",Check sum is K
test,7\-R!({-i1WlUQw,Check sum is ]
test,"L;\k!Z/SiA (M>8.EB9aNo<h]]VS]QyP5*D0+nh"";:eg<}g:U",Check sum is P
test,"P2KRkQVNMcc($SOt^mCI3?ny6}@miLq
",Check sum is T
test,"[|[
z/u~ _`+NiL36\=!H@qR;FX:lEpv",Check sum is ]
test,xb;3v_9Y~,Check sum is M
test,"(xIn[7*--
cjLpiWQrfZrzQEmLM.hlqO_GFBe>{MAdA`Y8ve/>",Check sum is %
test,"=<*,\aL.ryNl^'4y$#v=Lo6eD7:uj4Cx",Check sum is P
test,"	G`d6V>kaw~h j!?@bD+"",J;{D0
acFi7	#:{pMvYH#2)",Check sum is K
test,(_#$e/0fhfzC;C}zR][h)c:6AC,Check sum is J
test,fZ?mGEYM^(L,Check sum is P
test,ATD_nmb-,Check sum is B
test,H#iK5CV/])#EnIs#Q,Check sum is H
test,~q,Check sum is O
test,"}c_}>]eb}4i)6,:	)u!Sjqii!/~z:T1","Check sum is ,"
test,)xMk,Check sum is 9
test,xc7tLmRU-bo#x\~9,Check sum is 2
test,"r]~r*zs>S
=7&Km#A%3%A:Q""A|h",Check sum is W
test,"C44=1-,JJ=~.z#Z'6b%oqu:s""GF[h~IlJx.1uR:
5",Check sum is 2
test,"`Y-&87jW=ffT?u$):/N,	z`.;cay",Check sum is &
test,OyzvIU.bn,Check sum is 4
test,;T_XF^`|j1[?eyy;z0*&Mi]<2>Cr\X/EVH,Check sum is !
test,v|77<Q+J:KGT{~qz,Check sum is F
test,/:vWqGW}lHHg^>#)P>iK2et?H*@,Check sum is +
test,Gm0]Vk=LYIJ.^)	q64`U%],Check sum is '
test,tF~nZD=vy54^L~7G7o\PCv;uG?WW>,Check sum is L
test,8G~h0'o@aqO1b?AONk`5c/A>^ij0otP(4D1nFD9O,Check sum is R
test,"aG#h
H	sYWbP",Check sum is C
test,"QCpLUts`Qb}?B9wuug_{}p }""U|A+%)bb1h?I|0lj",Check sum is 6
test,"%[)ZPyE6|
x<-FpKe\v'L
HeH+i7/-
 oM2cmxmnes`uvkG!7Z",Check sum is !
test,"c&S./""9
1>+b
MV?!}I43Ub/^Up.#XN<cpNz8",Check sum is C
test,$E*(#uQd22wpN'J*U:CP/;8*kyo*t}!n]K$,Check sum is S
test,"S
rL.L[TZ'SlV`6AiH_KV3-m",Check sum is O
test,HD,"Check sum is ,"
test,"lpKb|Vb8A&GHt3""sX,FI&&5AkSfs0hK21#(",Check sum is D
test,"{ZCs5p{IbTR,|vJlNvw_pqFwmIP*QS7=.l>y",Check sum is A
test,PV9J8+ih9F(K;\wt8/ldy.\*c'J&IX(rli3Ce^w93,Check sum is ;
test,"K'gRT|JjQ3
;S|to_t(",Check sum is E
test,"s""ZXIvRd3R-`qk,{",Check sum is 1
test,"jkYsu
Vg`1'",Check sum is 5
test,">$:#YX}DSHv+
53DeLus@}`K//W^11)G1y+{j~gm~^\93\^\l",Check sum is [
test,A6;(;YO0?ptUfFyVrNMauE6jL3+ ~aao&nnjql@p,Check sum is :
test,r/AZ;PDDbT.AUQX2Lsohr=i,Check sum is 2
test,8$WYh~F~i'7VEB`ro3v{VG%eMy9^f6T,Check sum is S
test,"+<\YG	<(D-Fp2x""eWg}""3ih/*4W_[Hmx3tY)D [*DHw;
	&",Check sum is =
test,DULr!Rd,Check sum is N
test,o`-(lDhK#z]S0Rr0z{un,Check sum is 0
test,"<8De~j@,e 3tvhr~Ycdb-6spi'IKBPuN1~lex(x~?dUp zv5",Check sum is O
test,3Bj `9q,Check sum is )
test,"0
k!#L8xp2kPZ]=Q0Ef%jwR*=i,",Check sum is V
test,"pKIS%,((Je.ckTO:K|C""cW8kK:'wgMsIY%Rc{""?!U|I?rZ{ S",Check sum is ?
test,If9Fsu,Check sum is 6
test,"Y2;9
BlP$",Check sum is K
test,~DgcObmSA<.Zn.?IX:2Da`{]'725ZD4;CpwQ1&<,Check sum is G
test,"Z#a9(70!%B{|T_YCt,'J",Check sum is %
test,;&`!sJa,Check sum is  
test,"8oOlB-]tZjbfPO,h0& C#ISf lytk,M|U
~o<Ww@/{vewD$*O{",Check sum is &
test,"U<sa%<4Yvqxf""{",Check sum is U
test,0xFObyACp<wI,Check sum is (
test,"dsh""Gq(y13u[k!IX%Q#3e~NpMvd9&qnth)",Check sum is R
test,#ik6`<,Check sum is )
test,P`v,Check sum is F
test,@]dt>}OOpk.oRk}p4B):Emd2LIPBI,Check sum is !
test,"A
bgdF9O0Uh",Check sum is S
test,",y;0#yY&D\vZNk/bm9Z_PMV)o",Check sum is /
test,"qT
k^Ih0WO0[X,	b&A7j.}S\jmXEmFEJ}(novY_",Check sum is A
test,"=9>St-0Z&z""v8&pDTx0QnZ	jB,v|L~u4a!VUs8&I	HP&",Check sum is E
test,"G?-LwGk==H	Ou2R|8r]u~9]#	nyAowqk7-fgz}%*9o&J0,",Check sum is (
test,"nt<=L&8 X<B[2L@i~""!LPD~7AG>t>.B[[""nX+",Check sum is $
test,"c ;;*	a7W1;U<@
.4'c^:J:G",Check sum is Q
