set,input1,output1
train,,Check sum is  
train,	,Check sum is )
train,"
",Check sum is *
train,"B
","Check sum is ,"
train,"

",Check sum is 4
train,"

















































",Check sum is T
train,                                                  ,Check sum is  
train,ssssssssssssssssssssssssssssssssssssssssssssssssss,Check sum is V
train,"CD
CD
CD
CD
CD
CD
CD
CD
CD
CD
CD
CD
CD
CD
CD
CD
CD",Check sum is 7
train,"x
y x
y x
y x
y x
y x
y x
y x
y x
y x
y x
y x
y x
",Check sum is &
train," 
 
 
 
 
 
 
 
 
 
 
 
 
 
 
 
 
 
 
 
 
 
 
 
 
",Check sum is :
train, ,Check sum is @
train,!,Check sum is A
train,"""",Check sum is B
train,#,Check sum is C
train,$,Check sum is D
train,%,Check sum is E
train,&,Check sum is F
train,',Check sum is G
train,(,Check sum is H
train,),Check sum is I
train,*,Check sum is J
train,+,Check sum is K
train,",",Check sum is L
train,-,Check sum is M
train,.,Check sum is N
train,/,Check sum is O
train,0,Check sum is P
train,1,Check sum is Q
train,2,Check sum is R
train,3,Check sum is S
train,4,Check sum is T
train,5,Check sum is U
train,6,Check sum is V
train,7,Check sum is W
train,8,Check sum is X
train,9,Check sum is Y
train,:,Check sum is Z
train,;,Check sum is [
train,<,Check sum is \
train,=,Check sum is ]
train,>,Check sum is ^
train,?,Check sum is _
train,@,Check sum is  
train,A,Check sum is !
train,B,"Check sum is """
train,C,Check sum is #
train,D,Check sum is $
train,E,Check sum is %
train,F,Check sum is &
train,G,Check sum is '
train,H,Check sum is (
train,I,Check sum is )
train,J,Check sum is *
train,K,Check sum is +
train,L,"Check sum is ,"
train,M,Check sum is -
train,N,Check sum is .
train,O,Check sum is /
train,P,Check sum is 0
train,Q,Check sum is 1
train,R,Check sum is 2
train,S,Check sum is 3
train,T,Check sum is 4
train,U,Check sum is 5
train,V,Check sum is 6
train,W,Check sum is 7
train,X,Check sum is 8
train,Y,Check sum is 9
train,Z,Check sum is :
train,[,Check sum is ;
train,\,Check sum is <
train,],Check sum is =
train,^,Check sum is >
train,_,Check sum is ?
train,`,Check sum is @
train,a,Check sum is A
train,b,Check sum is B
train,c,Check sum is C
train,d,Check sum is D
train,e,Check sum is E
train,f,Check sum is F
train,g,Check sum is G
train,h,Check sum is H
train,i,Check sum is I
train,j,Check sum is J
train,k,Check sum is K
train,l,Check sum is L
train,m,Check sum is M
train,n,Check sum is N
train,o,Check sum is O
train,p,Check sum is P
train,q,Check sum is Q
train,r,Check sum is R
train,s,Check sum is S
train,t,Check sum is T
train,u,Check sum is U
train,v,Check sum is V
train,w,Check sum is W
train,x,Check sum is X
train,y,Check sum is Y
train,z,Check sum is Z
train,{,Check sum is [
train,|,Check sum is \
train,},Check sum is ]
train,~,Check sum is ^
train,"
{",Check sum is %
train,PM,Check sum is =
train,p^,Check sum is .
train,d-,Check sum is 1
train,?o,Check sum is N
train,qV,Check sum is '
train,D;,Check sum is _
train,b%,Check sum is '
train,R.,Check sum is  
train,#@,Check sum is C
train,"
f",Check sum is P
train,&Z,Check sum is  
train,;b,Check sum is =
train,-h,Check sum is 5
train,(L,Check sum is T
train,$C,Check sum is G
train,Zx,Check sum is 2
train,W?,Check sum is 6
train,>.,Check sum is L
train,Bo,Check sum is Q
train,G!,Check sum is H
train,ob,Check sum is 1
train,WE,Check sum is <
train,tP,Check sum is $
train,Sf,Check sum is Y
train,(W,Check sum is _
train,~n,Check sum is L
train,:x,Check sum is R
train, c,Check sum is #
train,-8,Check sum is E
train,/J,Check sum is Y
train,_],Check sum is \
train,II,Check sum is 2
train,d\,Check sum is  
train,81,Check sum is I
train,PW,Check sum is G
train,;J,Check sum is %
train,Q1,"Check sum is """
train,Qx,Check sum is )
train,Xy,Check sum is 1
train,QS,Check sum is D
train,(%,Check sum is -
train,>K,Check sum is )
train,`<,Check sum is <
train,B#,Check sum is E
train,Oe,Check sum is T
train,HD,"Check sum is ,"
train,:B,Check sum is \
train,:d,Check sum is >
train,)',Check sum is 0
train,El,Check sum is Q
train,u\,Check sum is 1
train,kk,Check sum is 6
train,<',Check sum is C
train,_c,"Check sum is """
train,V%/,Check sum is J
train,X(N,Check sum is .
train,/{.,Check sum is 8
train,TMm,Check sum is .
train,fg?,"Check sum is ,"
train,_jL,Check sum is 5
train,[&:,Check sum is [
train,-C[,Check sum is +
train,*nu,Check sum is -
train,i0~,Check sum is 7
train,p}o,Check sum is <
train,H6U,Check sum is 3
train,6p4,Check sum is :
train,	<<,Check sum is !
train,S[<,Check sum is J
train,+:@,Check sum is E
train,"z""{",Check sum is 7
train,K-(,Check sum is @
train,?>(,Check sum is E
train,7wK,Check sum is Y
train,tbi,Check sum is _
train,46.,Check sum is 8
train,M6f,Check sum is I
train,sa/,Check sum is #
train,"&""_",Check sum is G
train,"q'""",Check sum is Z
train,_2P,Check sum is A
train,yN4,Check sum is [
train,[Ux,Check sum is H
train,ayC,Check sum is =
train,^/#,Check sum is P
train,DGz,Check sum is %
train,4&+,Check sum is %
train,B}8,Check sum is W
train,Tm{,Check sum is \
train,	5|,Check sum is Z
train,_.T,Check sum is A
train,@n2,Check sum is @
train,Ho),Check sum is @
train,a$	,Check sum is .
train,G1F,Check sum is ^
train,:cY,Check sum is V
train,pTj,Check sum is N
train,"""gO",Check sum is 8
train,PP&,Check sum is &
train,M*m,Check sum is D
train,~9o,Check sum is F
train,>D;,Check sum is ]
train,>Ue,Check sum is X
train,X05,Check sum is ]
train,"6KRx3I63((;,G5BhT1D$O^_3kPai^aa7Cq.h",Check sum is ?
train,"Zpor.e=KD{e3y 30
z<Yu~=A/?H-0`JgV",Check sum is =
train,"O}KjrCGS	.j2a,s=lc'l7D#F#2I",Check sum is $
train,^:19N,Check sum is 0
train,"JyYUa%04lClp$rl`-E
n	`TeRIAYlp/!8tUA@	Y\,s!,*i""",Check sum is 6
train,d&A7.3O2A_2wHsV\7u\Ck4E&c=Z4GgZKwEE:7lq/t,Check sum is B
train,(S)i#o8{^(3!R<6nkv0/+cAt,Check sum is A
train,Gri.2CS=]iW@NcZ9}B&,Check sum is ;
train,cXrxZ*47RXIr+ng	fFX=tzuyidGa!vGm>P/ UzQ[jA=v,Check sum is 5
train,"4_Ux\.Q>%TezebG]l1$m0'JzB9kr*Q]k3p>0Pgw?(7y+N,I|~",Check sum is >
train,"$>:%2/Q^B~U3N<?$V+J
@R:""lHRx>d[M}0}|Cx,fVdbJ:D!(dZ",Check sum is O
train,2s-M\HYEj=/]23lI t4XsE90I~I<R%FhJm6T|C,Check sum is @
train,zGjqhj4U,Check sum is W
train,"-d~k)~j}TxG] .T<8XQ&\*xBO(rc""""",Check sum is M
train,Qql2x8,Check sum is 0
train,%r-{,Check sum is _
train,bhc!3Lr`LlcIuX|R6}%0e9_}A$3d8Nu w}<(@<-a#,Check sum is \
train,"@"",F>L1-6T=II ",Check sum is U
train,"~b0?If5p%Y[=oj"",m*fEZkh$x#\L:[{",Check sum is &
train,"P`@{	lcTf]G4&yJy$JW}k""QG;yC>_3$z}fmc8J+<eB0X]
",Check sum is U
train,"0XHmO]CNy6jOBc6IC2&f#)(y9QhQ?~//-_!MO{03oRim)F
1z/",Check sum is C
train,"?/,w+X6M6X`rCD@qTce[`oTi&uMfL'$OO?S"".G&1#4~	",Check sum is 3
train,wf$t	5{!'n@3^U|&#Xs3;>ci/VgbIx,Check sum is A
train,"*i$hX@xRbgxyl4c;aL,32PK-",Check sum is _
train,FN:*7i{][4-IXz|8;H+%!Fm>HSO`d5e=sGW8XHc3,Check sum is D
train,eup/\~f,Check sum is Y
train,"pT:R:#
bZ`Xc?buf5jIW-",Check sum is V
train,"C.7tQ566x!|((Ont""q_SIGxWq>T&S9c1X8|tqm$#r3X=;
6p",Check sum is ;
train,"r&ckzEkF(B~Ed,]0bSvsO!9^X>^aLI",Check sum is O
train,=RX.,Check sum is 5
train,"jo6D[|f[VO6l4rF]+&Qjlvq\yE.uR7M%A""84#T$y,$/e",Check sum is 9
train,JI+~a,Check sum is =
train,	$,Check sum is M
train,"""2<O5MOOBO",Check sum is 0
train,$Y)f93E@h@V)W@_d*sWG!J]hF5QDMD&Z:+/Ir)<!vy,Check sum is .
train,0flocSx{k#L?U{+XBrv,Check sum is P
train,"&s7k70yPo531pPy*skfh
a:n!^B l",Check sum is B
train,d_K|g;+P,Check sum is G
train,"uboRKp0wU5,|kukW=Pi3!LB",Check sum is F
train,(3l@@Cs6!6dy[_7!%,Check sum is >
train,zs?xqFYPfz Dzf&QN{sA!e>&L8K7lJA,Check sum is #
train,"<+iG-5j|rU2Yv:H""5@7!TB	kX:<i)Jt\} z|^#",Check sum is P
train,o[M{cAM,Check sum is #
train,"-TSDj|U{,kN@BK!M(t""Zc_`ZUR#|Gr",Check sum is !
train,"
_;zhXfSt3n_W_D>>#_ok#N5~",Check sum is !
train,n|g&,Check sum is W
train,r|wEi4z_<|d(R<2;>,Check sum is =
train,F'7l_C[X8F\\,Check sum is ;
train,PpA5t$>7P;`-H'OTOOz1gh3~>e.;S8J\(>fCo.WvI,Check sum is U
train,yym_qZ-FCXQyh-H'o0h*Y42x[.yPQhLXd	nbv]Baw%h,Check sum is S
train,_I($9.6#=i^E|`c{qdvCpY5;?68;749}k-KOJP0)PV(G*Sa;E,Check sum is ?
train,"ZMr	!KuQM""^mVV+U~Gee#v03F`E;jb{CLU7PXaE;}i",Check sum is \
train,"my]~t<j\A
g,PjeC*E]G",Check sum is *
train,$+sczByIWyIZ,Check sum is 6
train,"*.64}X<8 LsZ|]qE5W~ml/}nPb""1[l:UF+?",Check sum is ;
train,7#ZIe,Check sum is B
train,"]5e06,3w-0x_`So|hmN=YH;!O{p-{[LUN3~-E`",Check sum is 1
train,"9%2rIN8Dd$eC#]qXR~D_1rJ`a%/
3Z9.1I}n9I/g0U^k?poe",Check sum is /
train,"F)dAqc	-osS6%[#!?c%r#Q<8D@5W,+/'",Check sum is K
train,?eio[IpE `gowPh|{%tHl!qEMYQ,Check sum is L
train,2uRESosDHAxbL0P#X@:F:aj%D*I_WK#{}mb+So+Crr4>L0,Check sum is :
train,.?]F|ES TT\>-H!HNv&#,Check sum is Q
train,"wUL*{5
j7`=~EL8KnUF|%s;D",Check sum is H
train,"D,ycXWU#8yUHCm5[a",Check sum is B
train,JR'lo 4;zD&;X>1GN{q>J8f#3JGOa@IePLi]g:aAoqBd#h#B,Check sum is :
train,"D)o
iY5{s1rK.i?-Qi",Check sum is V
train,!OH?Gql,Check sum is ;
train,Vw2v	Ic){H?gI,Check sum is %
train,$$i0w8hVvlRn{m!rM$;+TmBnL>'C2mJ%JNvB8,Check sum is ]
train,@; 5_m	,Check sum is E
train,"4P	^iBy]Dq{vO:[11M(DK\!,",Check sum is %
train, {UVS3W13en.(f/?~i|G)	|lu'M6jy'aN4~C*|VQG#d x0{<N6,Check sum is S
train,U{\&t	3e/WUcv,Check sum is ;
train,zm'u>;F;;Ms,Check sum is X
train,"q}=D+53}|pp0d/y0=P%XgQ1$QC1EwL
Dr",Check sum is K
train,?*,Check sum is I
train,")Z:
e~Kuou[	%/	ujUP*n6}0p""#OQDgHh19to""jO!",Check sum is '
train,"TgL}>$PJ>0(7X 95C0""7lkdr
91G],B+7Si7kGi'9;O!\",Check sum is )
train, V8),Check sum is 7
train,o& y?)q^}0WD&$lsKs,Check sum is 4
train,!@?&T?,Check sum is 9
train,"RiKUL""-eZ/IaZ=NDjw2D.m'9o",Check sum is X
train,'$sJLTgxc;I9k_,Check sum is Q
train,jlZCAWp$k0 ]ap/WdL,Check sum is ^
train,"$BGW
:
3^TlO(60/ k""d4z(*j	]+X,$unQv%C",Check sum is U
train,?j&P!r!OR#ta?Q+*ou|18vvZG*#7A!WC^)MCqz3YF(^.h~e,Check sum is Z
train,"*o|y2X2P\!za:4EVL \HDCt*{j'8,>9g&ZOA.'I89q#d[",Check sum is P
train," nUF^G'`""MiO(\4IQ</kBDL>9xyDaOH9""Id	Q[nC#`7:1jr=H.",Check sum is \
train,0`,Check sum is 0
test,ql,Check sum is =
test,%i,Check sum is .
test,:S,Check sum is -
test,E7,Check sum is \
test,<f,Check sum is B
test,rx,Check sum is J
test,0F,Check sum is V
test,u!,Check sum is 6
test,=<,Check sum is Y
test,?^,Check sum is =
test,.g,Check sum is 5
test,rg,Check sum is 9
test,~Y,Check sum is 7
test,Z',Check sum is !
test,a\,Check sum is ]
test,3-,Check sum is @
test,4d,Check sum is 8
test,hC,Check sum is K
test,_|,Check sum is ;
test,[f,Check sum is !
test,|C,Check sum is _
test,dD,Check sum is H
test,xr,Check sum is J
test,tT,Check sum is (
test,Hj,Check sum is R
test,",~",Check sum is J
test,j	,Check sum is S
test,yF,Check sum is _
test,4-,Check sum is A
test,2u,Check sum is G
test,h{,Check sum is C
test,""",",Check sum is .
test,a>,Check sum is ?
test,j!,Check sum is +
test,*b,"Check sum is ,"
test,XI,Check sum is A
test,r),Check sum is ;
test,E>,Check sum is #
test,om,Check sum is <
test,rd,Check sum is 6
test,"""X",Check sum is Z
test,C!,Check sum is D
test,>B,Check sum is  
test,G>,Check sum is %
test,Jd,Check sum is N
test,;w,Check sum is R
test,+^,Check sum is )
test,A#,Check sum is D
test,3_,Check sum is 2
test,zU,Check sum is /
test, E,Check sum is E
test,^4,Check sum is 2
test,7X,Check sum is /
test,"g
",Check sum is Q
test,u],Check sum is 2
test,7~,Check sum is U
test,^B,Check sum is @
test,nD,Check sum is R
test,QP,Check sum is A
test,QT,Check sum is E
test,mA,Check sum is N
test,>.,Check sum is L
test,&3,Check sum is 9
test,|$,Check sum is @
test,\l,Check sum is (
test,AW,Check sum is 8
test,1%,Check sum is 6
test,w3,Check sum is J
test,8j,Check sum is B
test,zd,Check sum is >
test,k$,Check sum is /
test,Cb,Check sum is E
test,j3,Check sum is =
test,Bw,Check sum is Y
test,q',Check sum is 8
test,{v,Check sum is Q
test,7_,Check sum is 6
test,8K,Check sum is #
test,	J,Check sum is 3
test,--,Check sum is :
test,YT,Check sum is M
test,$G,Check sum is K
test,Tt,Check sum is (
test,}8,Check sum is U
test,t^,Check sum is 2
test,z/,Check sum is I
test,'?,Check sum is F
test,_s,Check sum is 2
test,fA,Check sum is G
test,)6,Check sum is ?
test,jg,Check sum is 1
test,(I,Check sum is Q
test,gg,Check sum is .
test,aJ,Check sum is K
test,[3,Check sum is .
test,K$,Check sum is O
test,+F,Check sum is Q
test,Ma,Check sum is N
test,ig,Check sum is 0
test,	T,Check sum is =
test,}3,Check sum is P
test,&q,Check sum is 7
test,+b,Check sum is -
test,J4,Check sum is ^
test,8T,"Check sum is ,"
test,nL,Check sum is Z
test,+4,Check sum is ?
test,`P,Check sum is P
test,s{,Check sum is N
test,It,Check sum is ]
test,tm,Check sum is A
test,0\,"Check sum is ,"
test,o$,Check sum is 3
test,"g
",Check sum is Q
test,IN,Check sum is 7
test,1.,Check sum is ?
test,sk,Check sum is >
test,Ft,Check sum is Z
test,kT,Check sum is _
test,y>,Check sum is W
test,%Y,Check sum is ^
test,:3,Check sum is M
test,B@,"Check sum is """
test,y*,Check sum is C
test,^?,Check sum is =
test,TQ,Check sum is E
test,JF,Check sum is 0
test,C$,Check sum is G
test,d4,Check sum is 8
test,:h,Check sum is B
test,L(,Check sum is T
test,jk,Check sum is 5
test,D),Check sum is M
test,9r,Check sum is K
test,lz,Check sum is F
test,|&,Check sum is B
test,[<,Check sum is 7
test,Eg,Check sum is L
test,Rk,Check sum is ]
test,dL,Check sum is P
test,r.,Check sum is @
test,LF,Check sum is 2
test,fm,Check sum is 3
test,90,Check sum is I
test,ne,Check sum is 3
test,At,Check sum is U
test,",D",Check sum is P
test,f},Check sum is C
test,",w",Check sum is C
test,.(,Check sum is 6
test,cJ,Check sum is M
test,s8,Check sum is K
test,pn,Check sum is >
test,\F,Check sum is B
test,"
t",Check sum is ^
test,m),Check sum is 6
test,0d,Check sum is 4
test,3Z,Check sum is -
test,:q,Check sum is K
test,U:,Check sum is /
test,_.,Check sum is -
test,>I,Check sum is '
test,=e,Check sum is B
test,o5,Check sum is D
test,*o,Check sum is 9
test,Q_,Check sum is P
test,"""`","Check sum is """
test,v],Check sum is 3
test,Cj,Check sum is M
test,J{,Check sum is %
test,N{,Check sum is )
test,	<,Check sum is %
test,j9,Check sum is C
test,/\,Check sum is +
test,n},Check sum is K
test,x(,Check sum is @
test,",Q",Check sum is ]
test,@&,Check sum is F
test,?8,Check sum is W
test,@c,Check sum is C
test,$q,Check sum is 5
test,T_,Check sum is S
test,{R,Check sum is -
test,Hd,Check sum is L
test,h;,Check sum is C
test,e%,Check sum is *
test,jt,Check sum is >
test,oP,Check sum is _
test,nD,Check sum is R
test,u6,Check sum is K
test,ou,Check sum is D
test,jm,Check sum is 7
test,"
	",Check sum is 3
test,Ro,Check sum is !
test,^z,Check sum is 8
test,"2""",Check sum is 4
test,[.,Check sum is )
test,tI,Check sum is ]
test,Jj,Check sum is T
test,3.,Check sum is A
test,|j,Check sum is F
test,xD,Check sum is \
test,Po,Check sum is _
test,g%,"Check sum is ,"
test,#I,Check sum is L
test,@},Check sum is ]
test,3Y,"Check sum is ,"
test,J$,Check sum is N
test,iw,Check sum is @
test,!b,Check sum is #
test,<d,Check sum is @
test,*V,Check sum is  
test,".
",Check sum is X
test,?|,Check sum is [
test,?9,Check sum is X
test,"
.",Check sum is X
test,N[,Check sum is I
test,S],Check sum is P
test,8I,Check sum is !
test,}0,Check sum is M
test,x.,Check sum is F
test,(I,Check sum is Q
test,2`,Check sum is 2
test,&o,Check sum is 5
test,m>,Check sum is K
test,T/,Check sum is #
test,}d,Check sum is A
test,QO,Check sum is @
test,Qm,Check sum is ^
test,ie,Check sum is .
test,6R,Check sum is (
test,)1,Check sum is :
test,an,Check sum is /
test,/=,Check sum is L
test,>=,Check sum is [
test,b\,Check sum is ^
test,r\,Check sum is .
test, 8,Check sum is 8
test,8@,Check sum is X
test,Ol,Check sum is [
test,"
j",Check sum is T
test,+9,Check sum is D
test,6_,Check sum is 5
test,~(,Check sum is F
test,#x,Check sum is ;
test,Kj,Check sum is U
test,3l,Check sum is ?
test,q4,Check sum is E
test,'-,Check sum is 4
test,Ow,Check sum is &
test,1s,Check sum is D
test,7',Check sum is >
test,'g,Check sum is .
test,br,Check sum is 4
test,-1,Check sum is >
test,N2,Check sum is  
test,~t,Check sum is R
test,z2,Check sum is L
test,9R,Check sum is +
test, %,Check sum is %
test,r3,Check sum is E
test,/s,Check sum is B
test,p4,Check sum is D
test,Rl,Check sum is ^
test,"""i",Check sum is +
test,7-,Check sum is D
test,Sr,Check sum is %
test,4~,Check sum is R
test,EC,Check sum is (
test,nL,Check sum is Z
test,Y-,Check sum is &
test,M~,Check sum is +
test,{O,Check sum is *
test,/L,Check sum is [
test,/\,Check sum is +
test,m),Check sum is 6
test,h\,Check sum is $
test,(_,Check sum is '
test,9u,Check sum is N
test,s{,Check sum is N
test,DE,Check sum is )
test,K;,Check sum is &
test,/~,Check sum is M
test,Yr,Check sum is +
test,/^,Check sum is -
test,k$,Check sum is /
test,"X""",Check sum is Z
test,qH,Check sum is Y
test,0v,Check sum is F
test,rC,Check sum is U
test,&;,Check sum is A
test,(n,Check sum is 6
test,",R",Check sum is ^
test,th,Check sum is <
test,0P,Check sum is  
test,ke,Check sum is 0
test,O	,Check sum is 8
test, I,Check sum is I
test,"K
",Check sum is 5
test,Zq,Check sum is +
test,`G,Check sum is G
test,:K,Check sum is %
test,Po,Check sum is _
test,dR,Check sum is V
test,go,Check sum is 6
test,|X,Check sum is 4
test,f{,Check sum is A
test,*u,Check sum is ?
test,zu,Check sum is O
test,gr,Check sum is 9
test,"
&",Check sum is P
test,wR,Check sum is )
test,Ne,Check sum is S
test,"j
",Check sum is T
test,PH,Check sum is 8
test,=5,Check sum is R
test,f?,Check sum is E
test,o?,Check sum is N
test,P5,Check sum is %
test,Ys,"Check sum is ,"
test,-m,Check sum is :
test,#<,Check sum is ?
test,i4,Check sum is =
test,	%,Check sum is N
test,5V,Check sum is +
test,L=,Check sum is )
test,>R,Check sum is 0
test,Ft,Check sum is Z
test,yG,Check sum is  
test,gD,Check sum is K
test,hE,Check sum is M
test,o<,Check sum is K
test,*/,Check sum is 9
test,yV,Check sum is /
test,xb,Check sum is :
test,|d,Check sum is @
test,|%,Check sum is A
test, $,Check sum is $
test,!B,Check sum is C
test,wk,Check sum is B
test,"""N",Check sum is P
test, n,Check sum is .
test,_q,Check sum is 0
test,7\,Check sum is 3
test,)/,Check sum is 8
test,Ca,Check sum is D
test,2\,Check sum is .
test,Al,Check sum is M
test,&',Check sum is -
test,Ru,Check sum is '
test,fy,Check sum is ?
test,@C,Check sum is #
test,L(,Check sum is T
test,@<,Check sum is \
test,(D,Check sum is L
test,yo,Check sum is H
test,`S,Check sum is S
test,",y",Check sum is E
test,?h,Check sum is G
test,EP,Check sum is 5
test,$:,Check sum is >
test,?F,Check sum is %
test,Vf,Check sum is \
test,(J,Check sum is R
test,+8,Check sum is C
test,gD,Check sum is K
test,o(,Check sum is 7
test,R\,Check sum is N
test,UL,Check sum is A
test,dZ,Check sum is ^
test,D/,Check sum is S
test,);,Check sum is D
test,|0,Check sum is L
test,<:,Check sum is V
test,^-,Check sum is +
test,5',Check sum is <
test,'H,Check sum is O
test,h8,Check sum is @
test,gN,Check sum is U
test,gW,Check sum is ^
test,wY,Check sum is 0
test,5`,Check sum is 5
test,WT,Check sum is K
test,qK,Check sum is \
test,.L,Check sum is Z
test,+g,Check sum is 2
test,i[,Check sum is $
test,pK,Check sum is [
test,ei,Check sum is .
test,C4,Check sum is W
test,#n,Check sum is 1
test,jd,Check sum is .
test,-*,Check sum is 7
test,n%,Check sum is 3
test,zP,Check sum is *
test,f@,Check sum is F
test,|+,Check sum is G
test,Ii,Check sum is R
test,:J,Check sum is $
test,dy,Check sum is =
test,	q,Check sum is Z
test,JA,Check sum is +
test,YS,Check sum is L
test,;&,Check sum is A
test,#_,"Check sum is """
test,w*,Check sum is A
test, V,Check sum is V
test,iL,Check sum is U
test,f!,Check sum is '
test,bw,Check sum is 9
test,Jz,Check sum is $
test,3?,Check sum is R
test,N',Check sum is U
test,"7
",Check sum is !
test,ZR,Check sum is L
test,!|,Check sum is =
test,'B,Check sum is I
test,+G,Check sum is R
test,MD,Check sum is 1
test,2*,Check sum is <
test,00,Check sum is @
test,"h,",Check sum is 4
test,l&,Check sum is 2
test,*z,Check sum is D
test,RA,Check sum is 3
test,XW,Check sum is O
test,QK,Check sum is <
test,_},Check sum is <
test,V-,Check sum is #
test,RK,Check sum is =
test,j&,Check sum is 0
test,C3,Check sum is V
test,"j
",Check sum is T
test,\!,Check sum is ]
test,A9,Check sum is Z
test,Ih,Check sum is Q
test,f0,Check sum is 6
test,pZ,Check sum is *
test,)6,Check sum is ?
test,<4,Check sum is P
test,~@,Check sum is ^
test,;o,Check sum is J
test,"[
",Check sum is E
test,xl,Check sum is D
test,6y,Check sum is O
test,2Z,"Check sum is ,"
test,3f,Check sum is 9
test,5|,Check sum is Q
test,v$,Check sum is :
test,lE,Check sum is Q
test,-B,Check sum is O
test,&E,Check sum is K
test,OP,Check sum is ?
test,`C,Check sum is C
test,:g,Check sum is A
test,Rt,Check sum is &
test,XO,Check sum is G
test,up,Check sum is E
test,x&,Check sum is >
test,y1,Check sum is J
test,5O,Check sum is $
test,0R,"Check sum is """
test,uo,Check sum is D
test,[*,Check sum is %
test,tt,Check sum is H
test,ab,Check sum is #
test,G3,Check sum is Z
test,Jr,Check sum is \
test,GM,Check sum is 4
test,)*,Check sum is 3
test,sV,Check sum is )
test,z7,Check sum is Q
test,ka,"Check sum is ,"
test,%~,Check sum is C
test,2],Check sum is /
test,"H,",Check sum is T
test,0j,Check sum is :
test,]~,Check sum is ;
test,l8,Check sum is D
test,9=,Check sum is V
test,j3,Check sum is =
test,8n,Check sum is F
test,cY,Check sum is \
test,<G,Check sum is #
test,@8,Check sum is X
test,i7,Check sum is @
test,"8,",Check sum is D
test,+N,Check sum is Y
test,:),Check sum is C
test,lL,Check sum is X
test,xf,Check sum is >
test,Sc,Check sum is V
test,	o,Check sum is X
test,(d,"Check sum is ,"
test,He,Check sum is M
test,"H,",Check sum is T
test,eF,Check sum is K
test,9 ,Check sum is 9
test,Ev,Check sum is [
test,19,Check sum is J
test,8i9,Check sum is :
test,?)3,Check sum is ;
test,l\T,Check sum is <
test,evM,Check sum is H
test,xX*,Check sum is Z
test,cAN,Check sum is R
test,EG	,Check sum is 5
test,n@{,Check sum is I
test,c>[,Check sum is \
test,lv1,Check sum is 3
test,jq2,Check sum is -
test,:=B,Check sum is Y
test,FG],Check sum is J
test,^N_,Check sum is +
test,\4D,Check sum is 4
test,-$e,Check sum is V
test,$w<,Check sum is 7
test,'\P,Check sum is 3
test,[\8,Check sum is O
test,C8>,Check sum is Y
test,"
DW",Check sum is E
test,s^[,Check sum is L
test,iKh,Check sum is <
test,-%6,Check sum is (
test,u3N,Check sum is V
test,"y;,",Check sum is @
test,mO-,Check sum is I
test,}\!,Check sum is Z
test,uV#,Check sum is N
test,iv},Check sum is <
test,Nh/,Check sum is E
test,CF|,Check sum is %
test,)Qb,Check sum is <
test,I>s,Check sum is Z
test,x|o,Check sum is C
test,L[h,Check sum is /
test,msa,Check sum is !
test,2'#,Check sum is \
test,YGC,Check sum is C
test,u5Z,Check sum is $
test,OMg,Check sum is #
test,J(P,"Check sum is """
test,j	{,Check sum is N
test,ba~,Check sum is !
test,"QZ,",Check sum is 7
test,+EF,Check sum is V
test,_	f,Check sum is .
test,0n ,Check sum is ^
test,a?i,Check sum is )
test,HcM,Check sum is X
test,"]x""",Check sum is W
test,O'g,Check sum is =
test,)Ng,Check sum is >
test,cPJ,Check sum is ]
test,eh*,Check sum is W
test,!x0,Check sum is )
test,dv	,Check sum is C
test,;9h,Check sum is <
test,QN>,Check sum is =
test,jrQ,Check sum is M
test,$r$,Check sum is Z
test,q?|,Check sum is L
test,U5z,Check sum is $
test,HMm,"Check sum is """
test,"""VO",Check sum is '
test,Qm6,Check sum is T
test,VPE,Check sum is K
test,/-|,Check sum is 8
test,;T},"Check sum is ,"
test,?6u,Check sum is J
test,oFz,Check sum is O
test,lle,Check sum is ]
test,e_$,Check sum is H
test,FxR,Check sum is 0
test,n!_,Check sum is N
test,0p2,Check sum is 2
test,&8u,Check sum is 3
test,",Nd",Check sum is >
test,\-Z,Check sum is C
test,j#?,"Check sum is ,"
test,"""6g",Check sum is _
test,bC{,Check sum is @
test,_x*,Check sum is !
test,9&},Check sum is <
test,5rP,Check sum is W
test,WGk,Check sum is )
test,"Re
",Check sum is !
test,Utj,Check sum is S
test,"@
U",Check sum is ?
test,oG;,Check sum is Q
test,"
tZ",Check sum is 8
test,Q-#,Check sum is A
test,$JG,Check sum is U
test,4&],Check sum is W
test,s~Z,Check sum is +
test,"
s}",Check sum is Z
test,P|e,Check sum is Q
test,MOL,Check sum is H
test,SRH,Check sum is M
test,2mZ,Check sum is Y
test,di ,Check sum is M
test,HBP,Check sum is :
test,5:	,Check sum is X
test,-o\,Check sum is X
test,)du,"Check sum is """
test,9Gv,Check sum is V
test,m/>,Check sum is :
test,f^},Check sum is !
test,E2u,Check sum is L
test,o[),Check sum is S
test,k.7,Check sum is 0
test,<'~,Check sum is A
test,",!`",Check sum is M
test,Y^s,Check sum is J
test,jIg,Check sum is :
test,"""E;",Check sum is B
test,",R/",Check sum is M
test,!d:,Check sum is _
test,TKj,Check sum is )
test,/?I,Check sum is W
test,=js,Check sum is :
test,QB>,Check sum is 1
test,vN~,"Check sum is """
test,Bmo,Check sum is >
test,7m{,Check sum is ?
test,0[r,Check sum is ]
test,")m
",Check sum is @
test,&Wg,Check sum is D
test,W^A,Check sum is V
test,\2h,Check sum is V
test,UD],Check sum is V
test,wd_,Check sum is Z
test,r|E,Check sum is S
test,zoU,Check sum is ^
test,|aK,Check sum is H
test, B ,"Check sum is """
test,?/q,Check sum is ?
test,"""wA",Check sum is :
test,&Q8,Check sum is O
test,[s`,Check sum is N
test,u#f,Check sum is ^
test,1_],Check sum is M
test,?sZ,"Check sum is ,"
test,5Og,Check sum is K
test,SxZ,Check sum is E
test,z09,Check sum is C
test,5*<,Check sum is ;
test, 	s,Check sum is <
test,TaG,Check sum is \
test,a@U,Check sum is V
test,66&,Check sum is 2
test,6tE,Check sum is O
test,T=8,Check sum is )
test,eq+,Check sum is !
test,`J;,Check sum is E
test,SRh,Check sum is -
test,i1_,Check sum is Y
test,I<G,"Check sum is ,"
test,)lT,Check sum is I
test,yo~,Check sum is F
test,I71,Check sum is Q
test,iI),Check sum is ;
test,d+$,Check sum is S
test,zR_,Check sum is K
test,JvE,Check sum is %
test,`8D,Check sum is <
test,Xru,Check sum is _
test,.o2,Check sum is /
test,toS,Check sum is V
test,/`R,Check sum is A
test, sy,"Check sum is ,"
test,tA8,Check sum is M
test,n!i,Check sum is X
test,"y""U",Check sum is P
test,"G""S",Check sum is \
test,kTM,"Check sum is ,"
test,"74,",Check sum is 7
test,%]*,Check sum is L
test,_7A,Check sum is 7
test,"7?
",Check sum is  
test,n-{,Check sum is 6
test,1Ke,Check sum is A
test,"
qq",Check sum is L
test,"6
2",Check sum is R
test,<	A,Check sum is &
test,M^Y,Check sum is $
test,QX/,Check sum is 8
test,"""@;",Check sum is =
test,5wa,Check sum is -
test,(&<,Check sum is *
test,K9	,Check sum is -
test,C~),Check sum is J
test,":"">",Check sum is :
test,6v8,Check sum is D
test,>=$,Check sum is ?
test,x9$,Check sum is 5
test,T:a,Check sum is O
test,#1k,Check sum is _
test,1)N,Check sum is H
test,B5b,Check sum is 9
test,lo5,Check sum is 0
test,v>0,Check sum is D
test,'Y',Check sum is G
test,{mD,Check sum is L
test,j![,Check sum is F
test,EK{,Check sum is +
test,8G),Check sum is H
test,M:[,Check sum is B
test,"Z?
",Check sum is C
test,3QF,Check sum is *
test,{4A,Check sum is P
test,gJm,Check sum is >
test,uv{,Check sum is F
test,)'k,Check sum is [
test,Cko,Check sum is =
test,"*	""",Check sum is 5
test,">,B",Check sum is L
test,"D""%",Check sum is +
test,^7e,Check sum is Z
test,@BN,Check sum is 0
test,uMj,Check sum is L
test,zT_,Check sum is M
test,D{&,Check sum is E
test,f?<,Check sum is A
test,	\y,Check sum is >
test,53x,Check sum is @
test,s;!,Check sum is /
test,}#X,Check sum is X
test,vn-,Check sum is 1
test,^Qr,Check sum is A
test,yrs,Check sum is >
test,zQ_,Check sum is J
test,4r4,Check sum is :
test,7=.,Check sum is B
test,\}:,Check sum is 3
test,kqR,Check sum is N
test,B79,Check sum is R
test,hYK,"Check sum is ,"
test,.p~,Check sum is <
test,xg7,Check sum is 6
test,c w,Check sum is Z
test,Lka,Check sum is 8
test,RCJ,Check sum is ?
test,C1A,Check sum is U
test,"
?q",Check sum is Z
test,Kbm,Check sum is :
test,~Gv,Check sum is [
test,jg.,Check sum is _
test,vQi,Check sum is P
test,lIf,Check sum is ;
test,k9Y,Check sum is ]
test,KeE,Check sum is U
test,^gl,Check sum is Q
test,G{Z,Check sum is <
test,^%z,Check sum is ]
test,Y|+,Check sum is  
test,mWQ,Check sum is 5
test,#ne,Check sum is V
test,bc\,Check sum is A
test,E|R,Check sum is 3
test,C<6,Check sum is U
test,3sx,Check sum is >
test,'0C,Check sum is :
test,CUJ,Check sum is B
test,:TK,Check sum is 9
test,-Ad,Check sum is 2
test,B$&,"Check sum is ,"
test,qj{,Check sum is 6
test,sE],Check sum is 5
test,8[t,Check sum is '
test,8}K,Check sum is  
test,IWm,Check sum is -
test,O1x,Check sum is X
test,_`=,Check sum is \
test,Skq,Check sum is O
test,=WU,Check sum is I
test,hr1,Check sum is +
test,"L,Q",Check sum is )
test,CiA,Check sum is M
test,la^,Check sum is K
test,)qB,Check sum is <
test,"u,=",Check sum is >
test,"L3
",Check sum is )
test,x!$,Check sum is ]
test,"\R
",Check sum is X
test,"_,.",Check sum is Y
test,H*u,Check sum is G
test,Yv+,Check sum is Z
test,5_8,"Check sum is ,"
test,xO8,Check sum is _
test,Ms},Check sum is ]
test,(fO,Check sum is =
test,IVv,Check sum is 5
test,Sk&,Check sum is D
test,"s,g",Check sum is &
test,[\A,Check sum is X
test,"""6;",Check sum is 3
test,"""C ",Check sum is %
test,_];,Check sum is W
test,"g%""",Check sum is N
test,5i/,Check sum is -
test,vK',Check sum is H
test,[M^,Check sum is &
test,z+^,Check sum is #
test,nY/,Check sum is V
test,-K-,Check sum is E
test,I.f,Check sum is =
test,"q
J",Check sum is %
test,Jb],Check sum is )
test,![+,Check sum is G
test,*sZ,Check sum is W
test,U>T,Check sum is G
test,yx4,Check sum is E
test,$bh,Check sum is N
test,.Bl,Check sum is <
test,I6B,Check sum is !
test,4(;,Check sum is 7
test,5	b,Check sum is @
test,v.g,Check sum is +
test,",ro",Check sum is -
test,/n[,Check sum is X
test,rjR,Check sum is N
test,BZ\,Check sum is X
test,Z\8,Check sum is N
test,Lqb,Check sum is ?
test,)rD,Check sum is ?
test,r3z,Check sum is ?
test,[Wu,Check sum is G
test,i=D,Check sum is J
test,)[k,Check sum is O
test,t7$,Check sum is /
test,r=b,Check sum is 1
test,YpV,Check sum is ?
test,"Yp
",Check sum is 3
test,"38,",Check sum is 7
test,jHJ,Check sum is \
test,myp,Check sum is 6
test,"u,0",Check sum is 1
test,Na%,Check sum is 4
test,3Q},Check sum is !
test,bs<,Check sum is 1
test,iK:,Check sum is N
test,Re`,Check sum is 7
test,dqs,Check sum is (
test,P-e,Check sum is B
test,O 1,Check sum is @
test,#Dg,Check sum is .
test,)h:,Check sum is +
test,TyK,Check sum is 8
test,_XQ,Check sum is (
test,fi	,Check sum is 8
test,H:},Check sum is _
test,$ $,Check sum is H
test,~uD,Check sum is W
test,"Uz,",Check sum is [
test,lgN,Check sum is A
test,Y\x,Check sum is M
test,L<_,Check sum is G
test,lbp,Check sum is ^
test,|J_,Check sum is E
test,Y>g,Check sum is ^
test,3$v,Check sum is -
test,mN9,Check sum is T
test,=oc,Check sum is /
test,SUX,Check sum is  
test,":@""",Check sum is <
test,;?>,Check sum is X
test,_Rb,Check sum is 3
test,|UF,Check sum is 7
test,4;`,Check sum is /
test,.{Q,Check sum is Z
test,.HK,Check sum is !
test,$Cr,Check sum is 9
test,b'a,Check sum is J
test,?M$,Check sum is P
test,PfV,"Check sum is ,"
test,m1I,Check sum is G
test,J@b,Check sum is L
test,qzs,Check sum is >
test,&CT,Check sum is ]
test,bEj,Check sum is 1
test,iOn,Check sum is F
test,cQu,Check sum is I
test,`Iz,Check sum is C
test,sCr,Check sum is H
test,p7I,Check sum is P
test,c!+,Check sum is O
test,fv~,Check sum is :
test,Sk8,Check sum is V
test,*4c,Check sum is !
test,_OV,Check sum is $
test,/MT,Check sum is 0
test,91?,Check sum is I
test,t+[,Check sum is Z
test,18t,Check sum is =
test,n/u,Check sum is 2
test,6]8,Check sum is +
test,Ggc,Check sum is 1
test,4*e,Check sum is #
test,T{S,Check sum is B
test,B+-,Check sum is :
test,|.=,Check sum is G
test,}IF,"Check sum is ,"
test,N:9,Check sum is !
test,.'m,"Check sum is """
test,p-i,Check sum is &
test,_bo,Check sum is P
test,\(1,Check sum is U
test,Inz,Check sum is Q
test,Anx,Check sum is G
test,5CO,Check sum is '
test,"k:,",Check sum is 1
test,"kY,",Check sum is P
test,lp\,Check sum is X
test,N(C,Check sum is Y
test,D#_,Check sum is &
test,+q6,Check sum is 2
test,]9;,Check sum is 1
test,W0z,Check sum is !
test,i\ ,Check sum is E
test,y*A,Check sum is D
test,_p8,Check sum is '
test,L;E,"Check sum is ,"
test,vu>,Check sum is I
test,M	L,Check sum is B
test,B)X,Check sum is #
test,w8&,Check sum is 5
test,9'},Check sum is =
test,L>!,Check sum is K
test,"$,J",Check sum is :
test,!0Y,Check sum is J
test,NR~,Check sum is >
test,m@|,Check sum is I
test,/'c,Check sum is Y
test,4/Z,Check sum is ]
test,%=p,Check sum is 2
test,7 	,Check sum is @
test,^~6,Check sum is 2
test,J[o,Check sum is 4
test,iyR,Check sum is T
test,/VZ,Check sum is ?
test,}J*,Check sum is Q
test,?J#,Check sum is L
test,'C',Check sum is 1
test,G&Q,Check sum is ^
test,c;!,Check sum is _
test,4g-,Check sum is (
test,QrH,Check sum is +
test,5o3,Check sum is 7
test,",D7",Check sum is G
test,^PK,Check sum is Y
test,""" *",Check sum is L
test,ncS,Check sum is D
test,a09,Check sum is *
test,<2#,Check sum is 1
test,[b3,Check sum is P
test,"Al
",Check sum is W
test,iYJ,"Check sum is ,"
test,A1Q,Check sum is #
test,9&	,Check sum is H
test,K+;,Check sum is Q
test,4)#,Check sum is  
test,lmB,Check sum is ;
test,va#,Check sum is Z
test,F)`,Check sum is /
test,%^D,Check sum is '
test,"rZ""",Check sum is N
test,$5.,Check sum is '
test,yrB,Check sum is M
test,`Sd,Check sum is 7
test,	!2,Check sum is <
test,"et
",Check sum is C
test,Ne',Check sum is :
test,D-P,Check sum is !
test,H{$,Check sum is G
test,JUW,Check sum is V
test,BV/,Check sum is '
test,IoA,Check sum is Y
test,Drs,Check sum is I
test,2$+,Check sum is !
test,v&3,Check sum is /
test,Ak8,Check sum is D
test,y<$,Check sum is 9
test,e>S,Check sum is V
test,8Te,Check sum is Q
test,ykI,Check sum is M
test,MOi,Check sum is %
test,"2
t",Check sum is P
test,z=g,Check sum is >
test,!?;,Check sum is ;
test,M\',Check sum is 0
test,7U',Check sum is S
test,mgC,Check sum is 7
test,2UJ,Check sum is 1
test,(SV,Check sum is 1
test,p=D,Check sum is Q
test,'xP,Check sum is O
test,|sC,Check sum is R
test,+;3,Check sum is 9
test,:x^,Check sum is 0
test,"VAugsp""64V:nCIv+#xQnqdy8G",Check sum is T
test,"WRJ|u%UbHZCB""a+[G}<Yz~]S:f#6+YMw
$""	_J+_{)^",Check sum is  
test,}/tG|xO{^oeCH,Check sum is B
test,"$yP5>SHD/pv_7Bwz:NI0MALND5d TH<gk#m*fhu
B",Check sum is V
test,WZ@xj#cR0=z5wy\n,Check sum is !
test,"U*
ri",Check sum is D
test,"N BVD9H{;Ap*PslB6}iv7PfCK2#h3cP/t]yT""y&?+ADljx",Check sum is (
test,"A[)t
",Check sum is #
test,!d3F\NcbL+h~q=E/C?ZsEo.ws>.a,Check sum is 4
test,"CY>46.s!	&,hDRU~'7:d%QNLI!vCB(",Check sum is +
test,"lB/O?ZVzbtH|g&CVMFuH^Hh_}| TrJ==nVd
X{BZPCri",Check sum is $
test,"qcN` rKZSn?2;M5?q#*]
/gR/F%=vo{u$n}d]_	@,[Yte'>",Check sum is V
test,g/,Check sum is 6
test,z}Npp77Ja!,Check sum is ?
test,"
!-xBH%Xa/NF!gL^:/Dd	-kS?cWhk?QMhP",Check sum is 3
test,!ChF?t&Y7Jzeg6|yMHDHk<NkB,Check sum is Y
test,"f*xk	E5G,B/(r^\8c>&%T(oiKdO>#FuW=%1qs[",Check sum is I
test,w833^C&=h0^Wi\zU5y|8D?,Check sum is ?
test,a(G$.,Check sum is B
test,"(S3Pya""uk9K_s,o~hb(}}.",Check sum is C
test,e*i6 fy%`7)r5},Check sum is V
test,"T=aMs$y_d?0f<^+,uI( |_dEcOxp@""s",Check sum is 1
test,C Y#j+IFd-)>yL:}/+S7:w?welmoVRjKHhm{>	D9-&noP^xym1,Check sum is 5
test,7R4`]\]ws`@VKx,Check sum is 6
test,cK>'f/S<[wcMq_]7&5(uqCFF{r8o,Check sum is I
test,U$Y:{NK,Check sum is @
test,m5x)~'q6AQ-d<`?A]K,Check sum is V
test,bW4,Check sum is M
test,#J`wpO%*oz!iK+,Check sum is [
test,[lht+o)	7%xgv?ewi#&!>7k#{][=Bd-D,Check sum is 8
test,"9(""|M~DhB",Check sum is X
test, B>c^p0rfmf}s61Q[,Check sum is O
test,w'ij$=qG$Sm0;m{^AyXksC:,"Check sum is ,"
test,"%1qpshq9Di0[)*DS;2(I,\oWCDdV|\A4:/Nw]El?NST",Check sum is (
test,"f@5t
dx~;e[9W",Check sum is ^
test,",s2e=	o#}ex
I:O&OQ;72i	Diu""gf	""dkOC",Check sum is ]
test,^9t7N8F@s=Z5G2^zd,"Check sum is """
test,l;J6.N0H,Check sum is ;
test,<mU?%llIAs6}M260IG^l1//J	~uo]ts9\lP,"Check sum is """
test,xQU,Check sum is >
test,"5a$CrYv=37Paa
L5~;c\l`}Q%DxO}qf{|VX",Check sum is ]
test,"
S@<4Pw<""qd'2=5[';	\dB#3QU_J[eeh^+}Zii%=MR0Xm-Pp]_",Check sum is =
test,WKn1WC`B*np1dbLQWuXy,Check sum is V
test,"	ZO""uHB#N{m	6ClD""^Y%O*TI+d4;jp5w9Kh5@a&e#87+S",Check sum is 3
test,"Nmx""
AK@9s$dT618rS6HRb~O2xR	7IUQ *JyyQN2bTV+",Check sum is /
test,1XFeDu@E~$.wgH}	gAYkf`_G{/,Check sum is P
test,"y\0i4KTVhX9dAMbZa>JItXH'r>x> w&LJxwj<=jE	jL3,",Check sum is #
test,"&	S}$SY5(0:?pJ,#PbwQo:@;WYI0+V6mz/[B",Check sum is /
test,"gV4+<c)UVbA_974[[4/\k&+rMg5<""cnL 8Td'<]`?+%Kd",Check sum is J
test,"Ua&W3xIDz Pkb9\_t;t/}NEqM%""20",Check sum is ?
test,JVgLedny*Pt-c<7qCt#J\;O,Check sum is O
test,L&M%A`7 =Age6s>{J_p|+$v%,Check sum is '
test,"?/\RnjztoyphSuf]4@d,L|nOYabV",Check sum is H
test,"Le$r|xUL 
P
i_l,Xu|*itR",Check sum is B
test,"W
V5M&m@kOx,*,lFi",Check sum is ;
test,"DBbOZH#6{`'W,z8Oo@P<Xg5f3W~qh",Check sum is N
test,fNP	YF3P,Check sum is O
test,O	%<\C_,Check sum is W
test,f:g	K	(H-a0mK-kylUIM1a<Ts_!5I)aKJu;A{j7k,Check sum is <
test,b?,Check sum is A
test,GCK@<x1uK7.+,Check sum is *
test,Jq!C@\KHnYj.cL3qEZEo)vDrV,Check sum is ^
test,F_eyS_.QQ1h6\.GU*=;0J*ac['\_2=at*=B,Check sum is N
test,zC./1(H1&7wcVT8wSg]8h lh$GAwUs:F@8ZB8Z@IfA[][(,Check sum is C
test,IFg,Check sum is V
test, g;9N{g?q<'@\|1:Wh,Check sum is  
test,t-95{WsK^	1aV,Check sum is N
test,ro<nt]$eFkbjAy,Check sum is <
test,"In
y",Check sum is Z
test,"oa[DIZb
5(N7j7?;NI6kDXYM<QO>Mdpv%z
b12VMZ",Check sum is 1
test,vvZ)ByS>	U'|^'=[>pg$0F5]o3;kZAgP7\29?(8_J.4,Check sum is <
test,E<FX*HO7HOueD`|RaXZwdWOuu-	.4S6H2w640]CF#}0T/hx,Check sum is ]
test,	lP]Hh@ZC(vJ,Check sum is 7
test,dA`q,Check sum is V
test,P_Xi&aQ(2%E8m3,Check sum is D
test,SamO}>`B{4v4;Q+3f`9-z&E3	4uI^,Check sum is M
test,KI:|&Uo{e]pq]2VZsm9	o ~F{d,Check sum is E
test,}.J+4@'sa4YO^_lA }|!*qm<W	wMa3e#TUr]vk.d}:}VFs1K	{,Check sum is !
test,1nO&G7x8pooi}:Yi[f[,Check sum is .
test,.2K51O?=t/{`n|Hkq,Check sum is H
test,<8XhHl9p2)ZC?]E~qx!^~GM;'k#WVM.;?Q#Xs,Check sum is S
test,";n\?/^58n0J;hk>3;ssg
7zGi%'$mR-O	L,mc ^
#0'z0",Check sum is  
test,"svA""9]wo|><ynHc",Check sum is 0
test,"-4Q,rRb1W~#wo&<
bS3q
wc[lK:h=u/zjO",Check sum is $
test,_e9gV`@YA9A,Check sum is N
test,_yn`142}9)C.Ug0*do&2,Check sum is .
test,IcaO+2CK*?A]O,Check sum is =
test,"sTQI$BLAf8V)S<Wex3[#ucH%p""xsM,q",Check sum is 1
test,"~@[m (""",Check sum is P
test,"`n4-VuQkpGp,}\eNRu^$s[!>F3yc|ZNy7xy",Check sum is E
test,mrj2^+Fz7ilux	dnx6,Check sum is &
test,C\	!]u7hs;ew7JbZ$MW?dkC3R$`Nm`\<*|,Check sum is \
test,"Jd7Sj2a;'t[w&},btP$:%{6s&(fl_l=t+XD32XdL",Check sum is )
test,2#vZ#eclLR>CP-!I8KyM@:q]Z|Kl({wrE9<m{V7+q[`9a(,Check sum is T
test,J!LvoMyRt#c|c\D%Cv<.@NTcNU,Check sum is =
test,c4d6skN*#vgIpZX_,Check sum is 1
test,"$w@#k)	4GoSN]!xGdzH]5]10R1)
NoY#{#atg%@gm!d^VX}(Y",Check sum is J
test,"zRpH6n+jrfXBM,?g.dNv?cy~etKtNL~7Rd]s;:G-_bOH<6d]",Check sum is >
test,"
.{5!?~P9.p	wG-.fP<!l,g JfLCH56B7
#\IP`K doC>3Y0^",Check sum is '
test,6eVV13pP$8us5:;6tb_[!8*ry&k$>m\9\%F11)Gn@6w^,Check sum is 4
test,t3I*f;N[{a7W?R ey&{y4wt2W<WF\!emHUy$b,Check sum is C
test,"G]D5T&;I0[pL%'_s-,b1Y^I6!:7^(g^@`r@y>aki(H{%}3",Check sum is ]
test,9m]J8N}1W.x299%/;NE-xOEcb&MAO,Check sum is %
test,k]D?ol)U%WJRi|	=u,Check sum is <
test,4d`PFr5CXz^z~kr ~%=)Pb%LUMuzwbc)>Z-,Check sum is $
test,"
rPJ=:H?NAjUM%xvn<LLmr*ceUM+		I",Check sum is ]
test,"D'A5x\ne^.3Hy)/Al)Ur\|HKQISFIS
""])NLFpf<T'G2",Check sum is /
test,=5u'1Ug^WQDRpm0`'4b4S^UNSki3^w5q)._bd,Check sum is :
test,2p*/Jb(5~Z,Check sum is <
test,^|dTQY,Check sum is \
test,v1,Check sum is G
test,"{mN~OTySVs`\7oGl6U,w9U^w^|`Qsz9cYnA&j*>""Y",Check sum is A
test,7U,"Check sum is ,"
test,"dB!#JRqWm;enFI?vgV_""@1p#\|%;R]0Bz'v/^""y tln",Check sum is 5
test,@?R?</df*czI'Y4':T%_rFL8},Check sum is [
test,?n4KNz[)5;xy\5y;iyjwx#]?|e:q)9u&br)Fcd,Check sum is K
test,&k<LS4}8B `\,Check sum is S
test,pJJ:'T>K&,Check sum is H
test,d]HUSUu|%<,Check sum is 8
test,??CNH@T%YG#f~Hs,Check sum is R
test,7+i]h/H)tpk1!F,Check sum is 7
test,"V^k^|&CA9(bF=""7u&Pxc	cEP<bb",Check sum is )
test,1u7BGvk9}Y\%IBi:fx+py6Qo0Ey6t,Check sum is %
test,[C\_n}+ q	g1~a{{H<~yt:AUT}^5	BINnY;foL1n,Check sum is ]
test,"EFT9bH6*l""Z.jW4ky(!o|+ Lw_QXWWgX<'2WSl",Check sum is S
test,"le~J0,b[P>z",Check sum is Z
test,"6.cs	|ZCg5tK7.l,RRzk}@>HBJ'+$#tO",Check sum is H
test,"{[R_&+,{_3(.R*(uwYPcvkxy<Bl",Check sum is _
test,7|~$JS-s,Check sum is 2
test,"f'
Dv:zgVgUxRUgV>vU\_Qq`C~o4*	9_ *",Check sum is Y
test,W_8XU%xKFF@GtE,Check sum is /
test,"bNImfF{ep_Dl;F~0N]2UW!ZM2PtbV	?,-&d(TtiOV",Check sum is (
test,@b;lHQ%<,Check sum is #
test,"7>U5NX\""",Check sum is C
test,"86(<c^n\f$]G2nHg ""&$+&%r",Check sum is .
test,"[`[b&]K4]
",Check sum is A
test,-Xnv{Gs/Bqt--NP3vBJ7Z	0`z{;^,Check sum is 9
test,uK1)	o7yM+ZvHNC\rwVz?l&5U+wpuKqFZ\n!AgL*,Check sum is _
test,rP8/,Check sum is I
test,"7Hu
=j/zh
;[",Check sum is 6
test,HrV%,Check sum is U
test,"ZhQmC""vZK h\y""lZvh.{Yq	(`9s~)<L","Check sum is """
test,17Y}f+e9ZO,Check sum is 6
test,6	K.,Check sum is X
test,quKA]e	bpBAMm8)T+.Dby#W|8x4Ryfu8Q6f48u|m1NQTTRk,Check sum is =
test,CYj}OG,Check sum is 9
test,"~*,].yi;eD@~MFL(.#Jm
O+s~]=8V{!z1Uqo%9r1","Check sum is ,"
test,(SwclS!]S8,Check sum is =
test,FHX|*uo#x~[m\3Dzpn-@4,Check sum is =
test,"=rosb)e]M'8gaQt7L>
_P$,F",Check sum is G
test,OLz(au.I5$iKA[2wc{GIwQP0HXB4HdU#jCA>ur,Check sum is ?
test,))U%g20)G`r)qq6I_!.1](A$m!a-_~9#,Check sum is _
test,";gHlk@W?
y$o",Check sum is M
test,"	\=nD-wh;m* JQDE(|	2v%=
IWy@7GhR[5\iJ$3?0_/tHy",Check sum is P
test,"fE~/km>tHfOAR-vF=zb""a(>3OU",Check sum is T
test,IdcKy3yuv,Check sum is K
test,"j%d/AY,,i",Check sum is ]
test,"
?R}{-@
<2{138",Check sum is /
test,P:2,Check sum is \
test,LwP*=`zxbOEuN'+|?];2!k5C*!-kv.q[^QVR7Oav,Check sum is G
test,\hjrOcYo2A<z~9u_eq?tt a,"Check sum is ,"
test,xhAf1lsgc5cJH2N,Check sum is +
test,Y*>{Ts&!=XZ&%^[d,Check sum is A
test,?MO_HTg}+@`?>4:S@Zj7~^ex5,Check sum is L
test,";g=Os:({,rW~m&nl!Ze",Check sum is ^
test,"gV8W[Q](cQCjgNo
>F$45VS""Czs-",Check sum is %
test,c_|NTs}{l=Iab_<%x;!a]9)qb{#tT(rZ,Check sum is A
test,"dq
C!<w8,$]\dpy",Check sum is $
test,"^y&L#|oPRrqjr""[
XCtc(DzPR<{_Jc$&=",Check sum is #
test,|='_V^1Ry`rF`!	 P*\i2.}dpb}DdQ43o(]*,Check sum is ^
test,"BJa6b=~JrS?YY6=W!(V-l)}0za"")c;3cCNRm`F9HE""nyK
5a(",Check sum is *
test,.7G^<+aGet<>	 Gwo?.c	)Ro*8.P=$1No,Check sum is T
test,"
G/YFtFl,l9~{zc@Kw~W]YZe
z~(n9Uv",Check sum is 4
test,37<Eo91y|gV=[aPEUj7/k,Check sum is 4
test,"M%'Q""PJ
E1(cNc>Vb1",Check sum is )
test,_bbjp7&D5$|Q[iz8i$1*2}UdPz,Check sum is 4
test,+D`5<YVde.tb]P]GH1<,"Check sum is """
test,D87'h{V2$<3LqdT6YF!N}W`'dx)i'T^nPfN\%,Check sum is F
test,5L)ios#p>j?Z~#`.MUHXIM:icdI0< R<Ko<@S7vhSOa)={q:6X,Check sum is 8
test,{E'LkBL1|7?enL[Eexq *0H;P.:X,Check sum is I
test,"1
=+ll[w&]D6`=^C0arv%<;R JEo?,d\gA	?@|Gdti0f8dnvTY",Check sum is O
test,Q@cLupYd+T_I*hAj[FRi%}dx.a_c6w dAg,Check sum is *
test,&4u~4r{\j;oOgw]L]1nY-;C\]F{94,Check sum is ;
test,"""IP3DPsW5(F%p9tigh6Q?r*d~;$llO`T""",Check sum is )
test,"_d`oFp""ZJt}uL*U$;1(6I4",Check sum is J
test,"l$#%?Wf_mt;3,d<Y_&e>q'R^	d*3",Check sum is A
test,"q7nosFVEdXE
=+Y:QxfZtKW1&'E?<]t@nrr",Check sum is ?
test,"UbFEgIiV
!>pB!WWNu [my[ptE:X\uLA.xjB,dKx;5U!;pN[",Check sum is 2
test,"|2[A'8d)I5bY;Y1T\~re0|""LK/4F=@?w^@!/ezCCY
n!-",Check sum is L
test,"hF'DX6lpI~b9sq-wM)BC""|yiL&1GoI(z8M'$=/1=,|Z6l=",Check sum is W
test,"Jl
4	@\^En?jC#0!pA~xfz/S|MiP{",Check sum is 0
test,X:L[!	-6*FjIy}4hQG9 B(y+yi,Check sum is <
test,>y]U:lk^9.~	~@~$=9n'Is#h6Mb+)5]9-kv#%'@erUw3kyd/,Check sum is &
test,fe6,Check sum is !
test,w}l5f?#h	!8.N~?J4h{THC,Check sum is @
test,"XH.[u ze]#
~\GzhheZzyk|9~v]9$Y",Check sum is K
test,p!f/X+b=1(+/h7A=%j)qOC6sGJ:OO%+3UAmeyW;^m,Check sum is F
test,"2y]P8Y}`D	0F[G"">t)j;tA|mId.I8;R`rf;qs?>mZ\-%?*",Check sum is &
test,"i%]8Sdt(6|Qx`Sw`]:]M
Iu.V_/xh\,k,|GmY",Check sum is >
test,"[+ut}3Od:OCn,`|Z6XO&W%",Check sum is M
test,i9i,Check sum is +
test,"*V0uT,uos`K9TquJcYe8#/-4>4+t|wkPG",Check sum is V
test,"V}+O2bH<*:D%]//"".c)[+tY@S~CoS=g:?H - 9(p#mAhlL",Check sum is &
test,"&@<1lZyGilNUA-I'	gu/eE]&:zt<YxV>4l<z,O",Check sum is *
test,]i4BL>IhPN}P6zrl!K,Check sum is <
test,5k|vrbOQ,Check sum is &
test,	`0'Dk6Ye~MP4,Check sum is R
test,wZND[yAisY^64 '&g-`3>b`5oFlPh0NL&D4X:,Check sum is 1
test,}_I{,Check sum is @
test,mhaYU1oFIXPSqS|,Check sum is .
test,"'Ge""E	C(KJV(`_;(U(xi8",Check sum is Y
test,"';~#c&X-5XP1wig o?^obev/yMd#z_m	j""[=EfU`3",Check sum is  
test,"-76xZGgk22Lc""	'YD	^\)pNHr_0Dwa&M=z;$&LF	.O",Check sum is =
test,G/,Check sum is V
test,!L]HUYS?,Check sum is 2
test,"|9/BQKc\Nk]+#KO#b]2,0MZdEx~8(~\n6\R3Vo|^r9)jlC&<",Check sum is B
test,"vHs5
?G`O^f9_&?H!W\N",Check sum is 0
test,]}4i'tK'XiX:Z((9A[OFyf)E'aTjl+9)u!PSF MG_^_im/(V|t,Check sum is Y
test,L #(WVcS,Check sum is :
test,"PU,JSSq|uFd.Y=RaW5`I5~={{2	
{3H3++C/C",Check sum is 8
test,"7|o_I"">Faq!?>OA^L+u|wIgt1cB>Ob@`v"":",Check sum is (
test,&__'BE){ensAoKZgWYrz@UN3}Xd+zr0I0pO>5~YC|{u,Check sum is ;
test,.WoFb<!`Tbz/	L(,Check sum is U
test,"Z&FOD<^zkw4L`6s,xZ\4zAxyc?zU7TRvk-y",Check sum is G
test,E0n&RITwp|ch,Check sum is F
test,E	:JHn8>WF3/K!<-8-58H}4R?q:T,Check sum is M
test,">VI{nWw=YBe+A.ElKk\:n!l#4	xeE#i
[>_m'u5e",Check sum is 6
test,"	Q>,r`\FG\r&7~ebobR<n@YCG>[CS6v00wkR%Ua",Check sum is I
test,O\Ud?=)\TV#s<%U\@,Check sum is W
test,c>{Dg,Check sum is '
test,"5Cyc 3+$|JnWEfD2A=T,z><,""8LtX]	",Check sum is 8
test,P^_]*hNsRz-RX=;{Z|'VFFQ{(-ee,Check sum is =
test,"3.jmQqnt(fPZR42{J[WJ_/@5G)C(Q 9'_vM6	)
5J(",Check sum is W
test,JYCE1q/<e^i>^XTmM8ANJy^8Z3#V@N@n1&jI@@C,Check sum is 5
test,"yq/.I-0sZ2dOpH&}i{=)^L#yx[C90,-x""""E2dm1F_",Check sum is \
test,|/UZ2,"Check sum is ,"
test,"
EZ {cw#D",Check sum is %
test,"{
~S124I\|u@UT8+liQ(X771VL_Y)j6WoMJ20Wl*&oVc&Q",Check sum is H
test,"J3nhpQ
 ",Check sum is ^
test,ulxfp'8,Check sum is .
test,"0?d,@2#@3h0OQV1Nu4>H'~|$Fbure
}x",Check sum is [
test,"yIYbfD?/+a`J""k&.jP^cWvlf$ zzUAZ:]Rzwnso'$WD~C]V5[E",Check sum is '
test,uw@@LSZe>K,Check sum is 3
test,"
Y=z0W[,9",Check sum is A
test,";^xS/H/zq>P&,n\=d<*q",Check sum is 7
test,*b#Q\O	.}jx=jK>eAuU7Fscc,Check sum is 7
test,"PH$a!
Y^}Lbre.!	-=L 	eNYhxB${DEq]",Check sum is <
test,"Hd>5jH{v,aI-<uwFRWJKt[P'v|s^.$S'""",Check sum is H
test,";I0ozz) D,(bq%+5c3@j4 %",Check sum is )
test,"M%!@|g'ku^.^Qx3K9M~mkaE?H47\-^q{,A*PI	""B4",Check sum is &
test,"sucn<+bxk""",Check sum is '
test,"2fKl23N,luM;jfS|.tMY!z.doiZ>Lo_&Jm^+qq38aR8:Zzt",Check sum is 5
test,<3}CA\r\+l+],Check sum is Y
test,;oncDU{TX^,Check sum is 9
test,":&!oV4Z/+l#?q*e6Z-2tP^qjDB)9%@MGgn&0ol26R#3""dARP",Check sum is (
test,@@ g1)O2W|4=1&?5!-L16Y	UZF4%a`TMnbPY$@4,Check sum is 5
test,"w_x(r|	*{yK$$9M3n#+[0@T]Pq+i6Ekd-q/Hy^A^!]""4>11/&","Check sum is """
test,Glibm>@,Check sum is I
test,M1ji=>Dem6zx ,Check sum is J
test,<C@<;dTD:7o\-^HET RkiX0d>'&Nh6mMpa,Check sum is .
test,""".5@'ZuI{iz7RM6f xkN)<3",Check sum is ]
test,"**`KU1A	""J6V)VmN<xI34<k","Check sum is ,"
test,"Spzr`bm,M:3{@fF 6q4Ga02	",Check sum is Y
test,5-f*S*#OTY=/{tr8.(,Check sum is I
test,"U:TPP
	p	LbSz`n=7i	@R'",Check sum is W
test,/E	Yy;b[Y\ b.Ck/`nU<F_9(vyq,Check sum is .
test,"8z$yG
{1ujXVPv4eJj0=BJ['gzR(Xc",Check sum is ]
test,"7.kccB8_EUBZsP3.H^_vC'WZ|[ejiVGb%1~!,+{!X",Check sum is M
test,k&!V]X'1L1Qb(7K+g+CS!uQREbe&r6essEchRZ^n}C_\`,Check sum is #
test,sc69&#QNK'	;]&`sV,Check sum is /
test,3+Bma58<,Check sum is 7
test,"g/tH_&UvB'""iW-VtS7$SF;=Ga=/>7%X cKE$rK8t~#d",Check sum is .
test,&JXAfBF[$McPv(h ,Check sum is <
test,(!E4QR[0ob#\,Check sum is  
test,t^Q%z'Jl</]O?P}bfePx.thBsE7#)h(ThY.m\H,Check sum is B
test,Jn?mP?)umcL~4`l89h?F}q:UP4m)B/t}dNW5,Check sum is  
test,"#6u\z=7p~xe	~~6\J
q-K$dhRlc\KhuIXN%'C1'",Check sum is B
test,"Qd7<""$Y'}l>kqVR_c)?D*];|Ts$/zO/",Check sum is 7
test,_	6F3S#E<4eP+!>y}$@&nPk&(|2`_	`Ms}Y,Check sum is D
test,AKF=Rv7RH9#zbT!p3j,Check sum is B
test,?yCcTL:]c]Bg]iMxQmBXX1y862V]HI+pwli!je)%U3,Check sum is T
test,"LwEE|liFS8{JKu[2@\1 3z}Ev@JBqP,OIvl f\m5t $>R",Check sum is 2
test,"5
PoGIrsEJxh 9~1>OmalEe2",Check sum is -
test,"ut{x9I,c|rNr)tqiRlj.MU&m#D Z2q\j=E5SV_",Check sum is F
test,B	 h)CNI]`c6EEuJjziF:l.IAkQ>HG_0~s-Q}%f,Check sum is U
test,"M0PkRN^I~^6[N.IP	|r?BJ~
Fq""h_BV|^Y~InH",Check sum is S
test,e_o:ftCuY(AMO&r,Check sum is U
test,"	;j;GY,x""/x+=]qRe>X4BX]FMAX},COh2:",Check sum is ?
test,"To_un(Y&<p(<7?/KXIhjF	G~{\`$(ac ;,U?m","Check sum is """
test,"e;,","Check sum is ,"
test,cU^..Ul`Ev?*\(`?X 3kK$TlHjjQHVO>8H^;R,Check sum is B
test,ngH-wd{;^orCqa3W4f9ue\z2n#wE]i#ZnwBN!vcsw,Check sum is 7
test,"G :\zga/r/;?gEHjba1Zdih:~x^>
",Check sum is  
test,&H'^I!K7\A)}WP,Check sum is )
test,Gb,Check sum is I
test,{Mga)Bm	:/M5UJl)Hz[;iqu0N)C)9)MvM,Check sum is \
test,"/z n.Jpb)O#xPfz]""""Eg&a4","Check sum is ,"
test,"<:6n3BdK Y~T
&]",Check sum is 6
test,"*e*oPp76e""vU_Lcj%;.SqLK?-G;L2G'K`!((%mMrw-hPmB{K",Check sum is @
test," o'u3fUF~*u'l@JpU8u@SX&x
@m
UbxQ{x[F+`H2MH'D&0jTEs",Check sum is Z
test,=R.AVx s~K^M<j$Q^mM~w7HBQJ,Check sum is 7
test,	fc;>Zg/<KS7z@~&z`ln-@,Check sum is +
test,F3uAgG,Check sum is =
test,k6:|l,Check sum is #
test,Ryw,"Check sum is """
test,{@=+EB&iN\t?eAoT[j8Q,Check sum is -
test,=&$$S ,Check sum is >
test,"eK\oKu.qYyxj
\[7-",Check sum is S
test,fw8z#O<&<5ZQ-:{f\^]|2,"Check sum is ,"
test,vOZ5|sg?)B>;Nq6FuyHa{0H,Check sum is 2
test,l?F~gM&w.@,Check sum is N
test,$.Y]^]I2-FP!?cap),Check sum is ^
test,"h b""X$jO$'6cn_>",Check sum is P
test,v/13-.~MQ4fRO=9q{eA6On-AtqhRNmf/~,Check sum is 1
test,60OT4PQ3I)f~&K!xk+2o<f%;>wizef~s!Zn\kBe{,Check sum is 0
test,Z	r@dxAsNQxfHW_[Z.i,Check sum is L
test,4}/@J54$n;cxTfHbM3%*0=r<zsY9)6T]>*bHr*yv^v$n*L`_,Check sum is 0
test,"JzMAl24iVS,,)e@""C: +m$kjpk""e
\M]np.)lzrR2/Oz@.V,""",Check sum is Y
test,]!6G3o]62p1~4,Check sum is U
test,deB&;e6JJa2,Check sum is N
test,"5}uHHzk\QFxAO:~
ZkD ozq%",Check sum is !
test,"a
W?pN",Check sum is _
test,Xa'$1:EB+M-::I2?v,Check sum is _
test,vOq&)8MUqO*`Q7T^Z5	4:N8h}V:TX$XPb',Check sum is E
test,W:r,Check sum is #
test,"mG^Ua8Cw+|J04""OBdZT=C3Lf	w);TA^%VPrO",Check sum is <
test,"qQot:ZNbWsUiXB,VtKJnQ$]25Y!)",Check sum is @
test,"tJ|^FWt5I#HH(G.n,3%jW5l#h90Zc3wGDYeRTR*VATms2}%46",Check sum is :
test,"QRQ@N[=5&c
ykPz%IB0N5}oXx(""",Check sum is Y
test,L7yv?iIONKeyP	?#nRsX/$fIx<&iyJ&TP8J%U4k;#,Check sum is Z
test,"^9
\)2aUdpUh;jCnh+5E","Check sum is """
test,P11QV?lCFY zZhAv%:g:n'3-:d$9AMhVs,Check sum is H
test,F73O{FJgQ*Rk=]dTzTNo/U-x>|J[`(,Check sum is 6
test,1bfKHJV(w5jP]Xw$	f14wcW{2lqGX!dJeC.OH>M/8&4G0,Check sum is W
test,_(k5a0<zx,Check sum is F
test,RJ_R@*|R?d6a]W9y|gb4uq,Check sum is $
test,sj)^Fa~!6J,Check sum is J
test,")).|wNdcm5n*,A
s",Check sum is L
test,j9p2},"Check sum is """
test,ujr|r32FY	OqX1B5Df,Check sum is V
test,"9
{9[:X`;5G[vo",Check sum is [
test,;qNoAZ?!p[,Check sum is O
test,B	!#zL+c\v) 0=3saB`sF`4p ,Check sum is Q
test,"@.GF_o4.S|7-
a5Ko@5){RwkeI6]
PMZCDPg@wOLwAR",Check sum is A
test,"TqZVpo)	1[2\Ran]z6
W2vRK\R",Check sum is B
test,*(~~Sf*Km/4r,Check sum is ^
test,c!pi#NIx\%)~bT!x> #	m0l7 1:V)\T1,Check sum is [
test,"-VOC5o.>e8+2""oKP[18rUzu7[0J
H_HW5$`5& 4~L5Js(62X{0",Check sum is 8
test,"""M`9q_fe~]Y&{l^^k{X3Rnte/&1",Check sum is P
test,-d%	Du,Check sum is X
test,"fwxluV<?1?Y~.DX2.b163Z_7G{ms^5z/LM""a
3q]epra",Check sum is 1
test,"_amXxd9""j",Check sum is F
test,"y*#;G+'S(?sI?(
E61v]R8K{%D@F7fSwtPBM$w:lmD/yoe[O",Check sum is 1
test,W|,Check sum is 3
test,;gqENqF:1>Jp^:Zq8Wg`xMb@*VYrA!p,Check sum is ]
test,.T,"Check sum is """
test,~mUPPr{-=`i`c<BpR}99e7Nk:YO(nUK#,"Check sum is """
test,KkU*v1\nYR(h*SE6lVh$/	PH=krgq99,Check sum is ;
test,Ch3&4Y[:G=@b	rsSE{	|-X>,Check sum is 5
test,"xUX_W|r<tB){|'""-3
ah/or",Check sum is G
test,"G.m_7=HMP#z:Mu0pLU^^]kY8.vP1h\.=N+ejR
y",Check sum is Z
test,(L?y,Check sum is L
test,"y
cd{~}*<U6K-V,{y[;NEv,>BSb ",Check sum is _
test,/]ist16DD	[A,Check sum is P
test,/mwe&($<)-GcmWmbU}~K.|	|S1Neyu,Check sum is H
test,M*hn	8L4Auc+f<(	6H?/p}f,Check sum is D
test,">xW:~Abg,UGa?K\B%_D6gQJ3",Check sum is 3
test,"_w#VY%J\=?(D,?hm(zMA
7OrU3*$QZ'F(jR:~Xjgx(6;5",Check sum is &
test,amzF.ut('';u0VHuU=LY2i6OnWRi{+tt^kA)}1~t8PO|L~VKO,Check sum is 3
test,M.qfF/lA=,Check sum is Q
test,`! HHC,Check sum is T
test,6`-l1h{}}?Mr!E[*X~^79,Check sum is *
test,"?aqNKG&M.6h0yB<=0+pi
?}V(Ih?chMexr@$_",Check sum is F
test,"-&N#GNWo3eWb
+E("", ",Check sum is  
test,uHw@39A,Check sum is A
test,"s@yHkX&oSdfD@6i|dRgH,",Check sum is 9
test,">;+/r w-'qp
P<7L""~8}_lWIP5L",Check sum is [
test,Rl8L0,Check sum is R
test,"eG\a8t
q0L|`5AD{""5Bs I)tnHoK&pkO ",Check sum is /
test,"pJC~\4AA*+j5{vCI_!8@At. j/od5_,.BjyDjw>0/",Check sum is Z
test,"zrp_2Mg!,]*^q
lcg$",Check sum is H
test,"
n7d mZ0~=Tf/M_v+(~
&(0qj#{
LIp}6r]< m#""<vv^""""",Check sum is K
test,"C!,~5;Q*%SAlwA=?",Check sum is 2
test,"5stlJ`d
oi~",Check sum is V
test,"{, @^7F~ad(mIqY&_IS6n+?FFcaO-FIr4P|\1w",Check sum is -
test,"Ls;@DPp
zpL",Check sum is ^
test,"}Qq.'	0hi/KNoI9IDy!wwJ,GY @O
b*o~XT@v_{d])[X",Check sum is -
test,4{u[w?f:5IOupj}-l	 Xjm.QWIpn}&wt}_@gz6idT=_)PQoe,Check sum is X
test,"/y,(dlbx""hXb5{
\goXQ	[zT*%&6g",Check sum is #
test,"&
9NyK0WZ${nG",Check sum is P
test,"{~BG$96i
H",Check sum is 0
test," -A, t~D&$,D9Y|]V ""J|rOyHhf{nnH!\t(1ylL",Check sum is ]
test,"""-t\!1c,M,LbL@Zt%ers(9E[J]C",Check sum is ;
test,"5xW,e?YKI",Check sum is !
test,"a4tk|4j]1P<<@11EA_""yi2dqD Tt",Check sum is B
test,UqJ^I'ocdCH~AvZ1obR_Z^{I3-,Check sum is ]
test,(`F.[H)_--XS2*,Check sum is (
test,`kRh&,Check sum is K
test,"(8S+fW#\89,M.w\?DBI;\i.AZO@Y.D@z>N""Be>nep-$-h:rt","Check sum is ,"
test,"-q}>/9{rl0*PMOh&K a,2TrA&6U",Check sum is 0
test,"pG~=<nN-J^\
YK
OG3r^}cpUhAkwB]m`Ql/""Et]V@9y|d>|5A",Check sum is $
test,h^C[O	Grk$\-x6`4'_,Check sum is 5
test,"(HG1O!N>""O3mJR7HR.-K((*(*{5+^dh""ZXtJeG	Q$8",Check sum is -
test,5^lh9C8WT(6,Check sum is D
test,;'+B_^4=H#1)Z<in1,Check sum is @
test,U/4p,Check sum is H
test,lO'&<lj^\,Check sum is 4
test,"TQGe,@r[t=cyiQZzuB_RJ#!lwY)p;
N;muFb",Check sum is (
test,ov+,Check sum is 0
test,"[9_""ZVR!2+dJ5:SmFZKjvor/Nl	m`}n!*a",Check sum is T
test,'T&+I4,Check sum is )
test,K?1X-W`l@F-/Q#mpFc	<	Fc%`G'dx!Bd5k\k1!|{,Check sum is \
test,"q8@:7Qm7`=*
%{pP	b",Check sum is K
test,"TR8vRGqj-[\9EtXF0xrJA#Ln[MG .0T
$:
Zq",Check sum is \
test,"j0|Nb-s5i$j#ZrA^'>_SDa/lW#(g""
I	E==T3Uh2{lYE4lk",Check sum is #
test,"V
f{|'r2mhID&`_ OUT	tDnF4",Check sum is 0
test,"l_GzExu=mMmjx##cxn~l!V%vf}Jy5.4,7u$oJ'MgZvp-mgmG",Check sum is 1
test,F?|a<4eEh@9rQ5,Check sum is 5
test,F_M	B]54xknaIW',Check sum is \
test,"V7g|:~F)FBD/>Ry Q,?{C3
{g/|QqU52SX#S]d\",Check sum is [
test,$3UstJ]>9;\=_`,Check sum is $
test,O^R|f`xqks,Check sum is (
test,b1q8&#,Check sum is %
test,"M!gZs$We1;z^dJ21!
e",Check sum is G
test,F9~oZ~zZ,Check sum is 8
test,z)^!vL$;YBhbT00=C`,Check sum is \
test,oX476[0wf+y\,Check sum is 0
test,7m@OCHdT!U3q62_@^,Check sum is U
test,]Xw?$x+h,Check sum is :
test,=sx3;,Check sum is 6
test,"Q=*K;0d},",Check sum is [
test,O.SO>a5P{1eVcN9H,Check sum is <
test,uX3mMS$rmn]9MAGF%k`#,"Check sum is """
test,M$K	eEk4	C|k,Check sum is !
test,&CRp	lTS=-DI=%nH;,Check sum is 1
test,";iN8/0Ol`%""+QMU,fv*4G:qa	\;a}FSs?4DKA?
vWw69,s",Check sum is J
test,"a,^",Check sum is K
test,"S8q)Df75H#Wo,D1qa>'x""tU>2qIG'6""8D",Check sum is 3
test,"hLD9Q]rdo|n.#8{w=d7Llcd,Azas &H;wstJu8hNo",Check sum is >
test,y G;^ZQ|;xXaFUh_O5lqeC'JA\.y#\0+Jjf,Check sum is @
test,"Y\/$
(SMoN7syw/54F_l\#[y""PFh3xjk4pn<k$3j(#jB0kEuS",Check sum is F
test,q cf1ystd]@,Check sum is L
test,"JFAL,p'",Check sum is @
test,GTwKX#7[^tyBu**iDs,Check sum is @
test,"U$D-!VG}.N%L]6'x@..grp]Yj9^Pd$6(O qi#VRM^
C%E","Check sum is ,"
test,7{3Vap<KNI##9:#43_%Zj(Bn,Check sum is -
test,T1u#a-	Yw	p{	o!qsZJ*JlIUgWSkl,Check sum is _
test,"V^95:-UW4,A",Check sum is 6
test,"@
%`<E&ayb^tt]<QF@1yt",Check sum is &
test,"o_u""LMOnbY6`P3qB=;V`""VT-M))T6
lq'%",Check sum is %
test,"xJR@IRWdHzT.	\^LQL\~m_
?pKtlVL_-=Y:I`?A",Check sum is +
test,"YYMQ.?3r[0N]vbd*)q0]^@""Tsh.txy(b183<15",Check sum is O
test,"Ad`DYg-shPp%<,i",Check sum is '
test,"La;;+wda""",Check sum is L
test,?Q,Check sum is 0
test,*vv$JUqp&w0CBR*GJ9`hXL`-~] NNf.D/c'rBpd(weH[Q{,Check sum is N
test,L}PSB{O|1#P#e	JewN|HC{gCH	p3:L:wn2s',Check sum is N
test,X_h8+mfadMyp&'LtjF'BukPHKHo&Q30JW:3)_,Check sum is @
test,Q=?^kK<x]A,Check sum is S
test,5B]/-yE&{8hf_uSBj,Check sum is H
test,"wRp8=`iZ}\
eW9XV=uko]hZEu?vj$VIY3J_d{:]o>SF^M",Check sum is Z
test,"zd|[Nd4ZZKSl&lNGBALI/wyIomHD2lz,&	n""""Z\SE3 ^j\",Check sum is 2
test,"gxN{&x\x""",Check sum is \
test,"1:me& _wkTDZYg^^M
LBw",Check sum is .
test,)_3M`N,Check sum is V
test,",xFY.aVT!`I}1NBRfAj{Ypy6V@k55^asX#",Check sum is R
test,1V,Check sum is '
test,]E5+*74h%/	J&7e'(6%^e5&qi{T'Jq}U_@,Check sum is L
test,PU:J0aCz#`,Check sum is Z
test,"I^9kQSUw}|my""PA9iL+Dd}pMyU",Check sum is 6
test,"74^^,P_+i2]\CM",Check sum is 1
test,";O$o<HsFkdTW,bJT0Ax*<_b$Gl	K7A*g)@7\+I,pRB",Check sum is D
test,"CN:	`Gq>vtTqX;WQD<""jKvz",Check sum is ;
test,"+0vgRGI}r
;P58hC",Check sum is V
test,"2	O(s?YB
@XJUWnj""bgJ{x9",Check sum is 0
test,w<;<P,Check sum is Z
test,"q&jC,:jSU?$-@&$+_D9I9,>S0{Uz2r'6>W=DA&P#,{LD2I'!)i",Check sum is 3
test,"r,?Ky.J@0lO-vc`1=l5N3 Q""	?XfSCM4KSuk6&O A",Check sum is T
test,"dq'W)>""()1\>5*B\c?f]_!!7LH4^v})of""LMFztlCffl	KQp",Check sum is T
test,s%Y+v425nemnxO>u!X`3'i4z,Check sum is ?
test,"3f+:,*7[(:lHzZ]!;A*.OQs0DPJG51)[S5zk9v",Check sum is 0
test,"Sdc?]K-}RG>U+^XX2
","Check sum is ,"
test,x_o5rQ/OjNv:r{^Pc6U92CWK%)J(zQ;)l,Check sum is 8
test,"!Qz#,1;/iHf'=4}t=?wDhw)&/<}cJ *AJ|-^RQ!IRu?[!ee",Check sum is E
test,hifxu&E,Check sum is /
test,"GD/FloUN{e7%,W",Check sum is ]
test,BNwP@87}laMc+f./=,Check sum is K
test,^HQb4y+fUAmEt*$4b;8o,Check sum is 9
test,".<j{#6B d|%})_t.2W?z9zr,W3puN@46",Check sum is P
test,}I1|B&h,Check sum is #
test,"0r}Fp]y89PT%,",Check sum is 1
test,k1)NlwiNXi7F`B2Qg`W2tW^MqvOqcL02w/L0,Check sum is P
test,MVuJ0,Check sum is 2
test,"	~A<Gq*;,I*zC""",Check sum is ?
test,"0n'2VgOz	m{2""P>n F9~!ZWo:c{:	PeK
W%Rsx%y_I8#G];",Check sum is Z
test,"w+)=UN(zyMeukmzq""T>G",Check sum is K
test,"j""p9|Gaqdhe68s6Cu
/PBlY^j-<?$",Check sum is N
test,hbYE&<smV_ {FBBs\m^(MneL!\^~K0tg%Y6mB+&B#>guRK},Check sum is N
test,`uE#,Check sum is ]
test,"""v@Vb <IS[*jbvg*YV)OY#;S",Check sum is 1
test,"$nELChV3;Qc1 `.qSNBhny<;o,$ebt",Check sum is Y
test,"uwZ,u6&dwgdj\-7""Y'(",Check sum is =
test,"Wj2%0[qF=:&q6=g6u&@6
P*o8DO3U< sQ1L<Iw-<a5 wt2k",Check sum is /
test,"P`Mm,h$3X;yN@.6pioULC912>YAbG;m^BaWihGL'",Check sum is G
test,"Bu~puk$#I4LpX6M|5|L,M2",Check sum is $
test,n_$7)^*3|=ZY[lHJ&mk+t&VWuUVZkmxu#lATtL6Y-,Check sum is @
test,"2uXM8,hyu]Fh:>u!HU!+W@{""M8
$",Check sum is O
test,"AQ<@Z\3f#JYO[4%ho""FdIl9t[r1I$A\pjCYIHj",Check sum is D
test,/|xXj8],Check sum is Z
test,(>!pafu797/FSV5<5_),Check sum is F
test,"zL""9;DXrm;uy'%s1Cr3^Cq2=Ul-low 8\
v",Check sum is -
test,\1P*,Check sum is '
test,"!@CPA+ltfbzm)bsFpuIyt-""g.St$BiMGcw+k8W",Check sum is ;
test,"-_xK-MnQlaYo}F'1Oc8jBlB	LG<x0]e&]p;xJP,",Check sum is J
test,r/t D@xP-[):B#%`L'ai,Check sum is 3
test,"+@fO4F{	>)T]d|`6 J%*LNai[FaF>:d
J^.>w*'.*6li:/L$",Check sum is /
test,"$GPE2P'xim>CGd_9)!*'Y0~""E C[d)6@!g]4i",Check sum is '
test,"R3Q;/9@X^
H& sfzSKf%J~k6Vax[8W_	",Check sum is M
test,"coa'a""L8>+F#uu4}	u	/ucFS6$Xyx *
 $FIEZ8YQ,V	5t",Check sum is T
test,"{Z""I''AK\`_",Check sum is U
test,"0qtiH_%R#Cf|'&cFLM%k{^YMJ%8Wd+XO
+r_nZdM",Check sum is U
test,"8-?bQ9 P}dhY(J#GQD'p3\\,=dyrz_-Lg!eC owKQ!t9F""Tym",Check sum is A
test,"xIpV'8c""h>NE;x6",Check sum is -
test,zMjs	xQoj}4,Check sum is  
test,Yu-0V3Km,Check sum is L
test,cTHq@Zl<LW!AH&F%&A|eN:?\h,Check sum is C
test,"G2K8r*<`pUL^f!k
u.J$]PAK2rrXOfv=l$,t,",Check sum is ;
test,}6-PoD#WkI5gDqh2nwH,Check sum is I
test,"%, Wn'F*|I|&3",Check sum is G
test,%Anf|'IkfRezn,Check sum is 6
test,|5-yPnW`A$v]rtEcfG*pjy`|UnF/]agz&SV,Check sum is ^
test,".]4|R%UrB]rNqFK,Y\kFA$1Q[?\oRVy7",Check sum is 0
test,"BM~w,iyA=jsa+wJB8G3v8Gld14:/5/8_UY(1/4I|Izv Fh*d",Check sum is  
test,"2!'^0F_\m^#,/p9;E-tBo}v!g",Check sum is (
test,YB!WV,Check sum is I
test,"L;ybcvvD""42qNE{= '$U>O{fyPcU%8
AijOn$d,'e",Check sum is @
test,"%<
zd:?Ah_]+w/cmP*D
(gQN	W/|xsu='!)#",Check sum is Z
test,"^G/GO]z3t""",Check sum is *
test,"kT6O7xf * UH--U9Po,jd{WBk{($R$kVysTil+Ipm]_/3","Check sum is """
test,"i1""}xgUT",Check sum is !
test,]?b'u6`ZOh9^7XQX0(Ure*&J8etlb/C3,Check sum is R
test,v~A2ebu`<<~ps-`o3,Check sum is +
test,"oxmgXl?)M{xl
D[=xl\",Check sum is Y
test,e| cM=)O]DPYs{P^>:aKD:9g.;uoLj ,Check sum is Q
test,i$98sadqS>B,Check sum is Z
test,8Af+N>#2y7cbr@!\DPaF@E[:/ pX,Check sum is [
test,@EX:<'#=	8Jfoo_z\_'=,Check sum is A
test,"Ng'{,#Iw",Check sum is F
test,"&bI3m'ktD+~Q~X#!U^f1FV!u`71Z.HO,d0_=;t'1xfK19F",Check sum is N
test,"h^vc,~)1",Check sum is C
test,"[/UD	!ICtF0[dd2""0E$*zGm#Em/&PktpI	R=Lbp^0r",Check sum is S
test,gbw+b!E$  '$GyquJzH,Check sum is 4
test,"_?% x4hH^,9eR5AMGZ%<
;$d\lqw(;`Ze:HKLBJ",Check sum is B
test,	uv$:PIc>-v[{bdMpoXyTgDz!c},"Check sum is """
test,"sFGb7={:Kt^/FbF=S,g3RZCCaTwK]>7",Check sum is 6
test,-WvR%r&gG7|v9tAryj_T:w$(% 	\#B<,Check sum is >
test,i[tFY,Check sum is 7
test,"pk5%`{fUpW-=%&>.dxUyG&{c
0NGo%#'K8'	Ly,HZa%iP",Check sum is :
test,"mD~`4""^j0=d7jJRKXqF'",Check sum is \
test,ouw/y,Check sum is #
test,"V	Cev}Q,GY4AbCoPdeCr2*	Z- FHn1",Check sum is G
test,"CYi?+HY<PN""<ix*)w,RE8,K(xVGW|w+S8GkaFnmo",Check sum is %
test,I }tK=W7[oK28al(uA[o?hj@m/=<sJS)*uAe,Check sum is (
test,c1?ZXr33XnoI;49m:#v_rfr'aso`B[=sy\1iVlfB/pG,"Check sum is """
test,!ooDGOhSOi{r,Check sum is Y
test,au_.Vl;? XojZpV%ye9Y4'{q&,Check sum is 2
test,"
<Xf		A@{^&,tot	Bp3b$84${;R&{]JMr",Check sum is L
test,"cr0AeSC=a?_?	1""R9xak&K_oB#?8OcYg2`7Or<7!drt-0AV$
",Check sum is ^
test,"(Z{P*,.HNMrV8R(;s32w#w!)IAL7ONQ@s:=+LBPdEBKx5&Ro",Check sum is 4
test,"YHd=,*""x-f",Check sum is %
test,")Hb
f*3&[67{n",Check sum is W
test,"qCS(}t94	""^kUu@ (	4hfEC|&eE|_DV3vq;Vm\T833H]`@^EP",Check sum is %
test,UFvI/a&?mU+xU0p?C[idou)[#Zr@!e:#NZWXi,Check sum is -
test,"{z94f<""",Check sum is F
test,")4T?iz;
!
 0\%/""5c&|&zLk1",Check sum is G
test,$CK*%#Ku1b R6->.>.2~77YO[J%x9M~G,Check sum is W
test,g +|$%/lF),Check sum is !
test,">X=QKDgn_u7k|{;>iSP|'6'[$Iyqe[H)sD,!Mmd#rpJN)",Check sum is %
test,"d%lCc4-\mlXI'TAQ-# ;l""rMZ_8moeZTHJ+	w]0[+""BE|""U!",Check sum is $
test,ms7MwJM\n?zwc+bB{ sp(LU>?LrQ9>1XQ/JA,Check sum is \
test,"A%CQA@6D5+6QEp~FjU#Uq|-YFAb>
]F fqe4`r={^",Check sum is +
test,WZ?Z>7y~ Ksi9xIsRLZz}X,Check sum is Q
test,"'\6ePQYHdR1G?xM)|b}g~8
y}U.""Z	cOxO
$l.p6Im",Check sum is 8
test,"?J
=>y
z`n:*""=PQK""ffefW%Zm0",Check sum is T
test,4`x|5aBziXp?EWu??8 iyuG#pTce:`^n6/W~'l:&F.,Check sum is %
test,9R( n/%W4F>$G	<X#'z[@y_?QZG],Check sum is Q
test,_DJ['{&}xazE6x\72ep!o[> rPm!3^W4~yz {M;~zw_,Check sum is $
test,"eU:pP'uh2K0w8$F,}[2)v&7'rL?=",Check sum is 1
test,_bhT;yE^i:/,Check sum is F
test,"xqp
'(u5WVWBRdL3.gT94Wtmc^(|~Vn~7uURvch+>",Check sum is '
test,"Yl0`
ko;8x0F",Check sum is :
test,_Ia8|ss`-/Aq#-EQ\<Z{GdqgN${'Xo0v1,Check sum is 9
test,"7	i`
4Xl1Y ^k~|rGrAaj2XL~EEhJg]og)zf
UcQ9E%bSTqw",Check sum is )
test,C%uS:?>].Y%W9j6zpyQ;L?Y~E4q_P0L9jcz-q,Check sum is D
test,"j-m9?$0
W;gC Lx_S\fQC!]dWl/}VPF2glU6",Check sum is /
test,"`	q&900P8A&wiyvj}O9@1^/""--SG^R]wk;F""-?0 D",Check sum is L
test,n%PJ-<,Check sum is 6
test,}%nTDD.()UXp'T`Hl}U+W3G,Check sum is E
test,"]e%ym[1eY_yE]bGs2px?, ,q;v<g39j[3E'G",Check sum is :
test,"&8h+sY?Cp,""yKBdg{x^OZ`<J.)WY13",Check sum is 9
test,`o,Check sum is /
test,"+Fvyfa{5C1""",Check sum is M
test,"hJ590ewtBwB(vow
gQz5M
/vPY{P",Check sum is  
test,"0wU/+^']8NGP(J=S""X<UYhh$'wAv_NW",Check sum is (
test,"YQ6Kg_""+	Lwd",Check sum is N
test,"v`PK+$!2hS!]tJ	TNb8}Pu&GE}@#Gzu;[!$
uX01IMn*o)	",Check sum is [
test,"FU9
 T]y*b2&TH_@)""vy",Check sum is !
test," s?[(NQ$?1vrtbvR__?SrS>#ZcPZ3
^B/=;ZQ_'Q`?Gr0ttqZ-",Check sum is 9
test,#OC*;Q	lB*#_4t2(9,Check sum is )
test,"BeDfBHn4w%DUeP""ZL|$%vyLUp;",Check sum is O
test,.ih+Nn<N1Z-+hSu`j+MJHwDG%uHmj-A59$%Spg.G/,Check sum is %
test,"*6crFrm?FrI^^i_d"";N;M.=BjpU",Check sum is 1
test,6%}rD?IY^Jcx!%,Check sum is X
test,}[a2}&jEWp#M;z,Check sum is I
test,";~H`yJlx5cBw
?Ak;'fRU]W!;}hT,@lwPOWW Q",Check sum is 3
test,"];73CzTp>#g{;WNP#%>H.HD^,XFkF;K5<fztIf",Check sum is 1
test,"t	#R~VFDJ@LGjBQ'>tB6U~Ni%Z6D@^[Q,P$f",Check sum is .
test,"E!%5=TLbMO%FLUm:N^;J8Im0u;[=zr:C	SCg0m'$/o/7/*""",Check sum is [
test,55uX?aZuc`[F~BU]r!'p,Check sum is F
test,(Hwjnli cp~xB|hOsdu[4?-V!R_D:PX-)B`^[NIoF,Check sum is $
test,"e\x9h,r%kY2n&+_:fG@TZJd$/bbI#kBZ6'Y%,#g}","Check sum is ,"
test,Ry[#4}F$,Check sum is D
test,)@RP7YN|}WQJRM+,Check sum is >
test,4/s,Check sum is 6
test,")Jf;`uMq0k8B M.`(ud{SH&c<{ow,};|M77hg",Check sum is >
test,"(r+}""v^CDX5	jpp#7.,P&nAz%gQP2b\q6.H4",Check sum is @
test,"Mg
w]*W.zK	wGqM{kt'7*3~':emPx}h;rR?Y#9lEct!AX8y.n",Check sum is  
test,7`T}agY<mPgeXC]b,Check sum is H
test,[J%Hju@L,Check sum is ]
test,l!&_}B:r]fG&~lt<;*8?!dk*=1)P@BJI0\M5n3Sz9# Hdk,Check sum is (
test,$jnY~JZFeOy7F,Check sum is G
test,"0g,eu],@xlb^7ik6nm5BOPE	9%g+H B ",Check sum is $
test,"zu0&xB~\W<N_""g@06jXky#Uh1/LXm$3",Check sum is 6
test,Ym.ray!MH0Gr9,Check sum is 8
test,"	j+JPDz8=NV"")/2D7~HoVN,",Check sum is [
test,Wy#4x.K`_f6tN$?512,Check sum is P
test,"S:Beo,1U~H&6INlE4b!x+^t9wc3>=Vz@Xl>",Check sum is ^
test,UM!V7$x[=buzJ;h:=dvW\},Check sum is #
test,"""b3
.*w5XO$-K[5NU4qSo9WhW/0!-5::5g1o""b!dB[",Check sum is I
test,%1C&OSo3,Check sum is #
test,"5$cEn=kPR=~p$z|.yD{L2i%""BCsB%(=R!$t#&L`S",Check sum is I
test,"j!|~]9rO2y .!?[;,#VX7PQYOiyxJdtN4leXQ_YF'>i_9}5",Check sum is 6
test,\\7YPOp5-Z`,Check sum is S
test,5ifsyNC,Check sum is !
test,LZXH1ws:,Check sum is ;
test,Co1+Azk.<=,Check sum is ;
test,!^mU>O](uVun:w7~d^vyAP(swb~hW+,Check sum is %
test,"5o~ffipW)L-2gQ\,V{Ex6tF%Qpe|4aJB$UWceJ!H({54m@',",Check sum is O
test,"}91]m8l(:r'4/(sp	;Hg437RL GR,| e0kY-Bn @",Check sum is $
test,&pX|4!),Check sum is H
test,"SP&-els7
7^L0PaMT-|#8w#*e'xvp@H:xohT46Nc",Check sum is 0
test,"m.cnN
<OKoiL'NO<D6g+pV=e]k=NW*:@aqX40{zY\",Check sum is X
test,"d/7b,Lr13 ;J[PG?8(fJz/^A5M	Eh?vB.Af""_(;cwJ[NX?",Check sum is T
test,"s""fI.MO~;v$""fzx.Y<Zk|-_",Check sum is K
test,"t,0#
H]T",Check sum is V
test,xKqYv<r4'D;nzk>Qa'V^FcSKg.f3D<!e;)oxvbB,Check sum is )
test,~m:FaJAc%	KyJLz,Check sum is \
test,"Xw1v5%Ve(nbq=kf	N HY.C!Ansx	6PD$EgLp
fPa<_#9lCc",Check sum is /
test,"}#*{+4|xun',\@dk0E*H}9^CF",Check sum is ]
test,"O2L+kgalsls(+\?B&r[aixr&
f8_(eQ?ca$",Check sum is R
test,"k8%KtiFi
u_3WgP5RfPWI3q*:	mJ$:_dhm;p?1A[J%P~MFXO",Check sum is '
test,PH{bmf1,Check sum is Y
test,"x>P/,G_y:of
l>?=k*2.jC""IO]IwIRibF",Check sum is D
test,Q6.G],Check sum is 9
test,"}Yjf/:M""ge(sJ{9!""",Check sum is F
test,^s971iH?gFs2w{HU^Y9&h5P(,Check sum is N
test,R'wHWCDG,Check sum is =
test, xz%\HMB*1,Check sum is %
test,"*Ov+a`
",Check sum is E
test,MD.\}>,Check sum is 6
test,"&*AZJEVhJ$'j#`}w b-S2eph:
,RZDQ?	=^",Check sum is S
test,f/j5q<_Q9I3_8}QA45npR,Check sum is %
test,fPwNgq:qaXlc3qH-|14GbW,Check sum is  
test,"""\?_Z}fbFM:AHmmDKbI.kCWjO<M@-=)oUajI7n""~",Check sum is *
test,5nFVP-Z<H-6&79<O} q<*jIlN,Check sum is _
test,ltn,Check sum is .
test,"
Bxlrd2O	,'4~4 )$+-])hD",Check sum is  
test,"sR=i5s_dYu
rdFPLe ^@WeXR0TJ@akpVA_4<6R5MajsE6b[[
",Check sum is $
test,"F_GX2:XNh""L.2>2G;1&wzGUDk5'AS2uvshlG#bg?%",Check sum is \
test,"q(R,*p1M
it:Oib'y<`68d""gXD>{5Q>0@""1>{J\~=5SoVKL",Check sum is ;
test,"({_3YEO^,m;6#mKF;O
",Check sum is _
test,)4,Check sum is =
test,"'oa(EhS(8@7F9>\:O #'gt:P[(>:czW
v[yv:S(1p&ZY7",Check sum is &
test,f<z,Check sum is <
test,"g	^?Oe5#XNZrkwA*h5+!D$8 r[XFLsKp,U",Check sum is G
test,"8lpM&=b""'_XEi\zl9\/zS .$&",Check sum is _
test,"9x$]'thO*D4;}=sIw=9Mrp)F9Y7Tnk<y	""ziL",Check sum is G
test,"IhDshjED-me""f=
;hH	
2I;;*p{`#.pVM$5y`*n_S|]a",Check sum is /
test,6F[(xCW	q?,Check sum is *
test,P+vx]Osu?M>pXH^YEW[;2ck7\<^/-sI-saA'-n-}g|zwc,Check sum is J
test,"jVf?yX^|)K&4F8JKy`<etEAo:F-;UKFdj""B>&ewA@",Check sum is 5
test,C[h`n Bv}wa\C~D@f+>h=l{5,Check sum is R
test,"ZD+|{z	""T><xU);922r@_\wrAT",Check sum is L
test,"f:>M:ftgY$:L-=e5N<-mIor_}=Q|T66UYU*bTW.$J.S""b[qz-",Check sum is O
test,3kI#']f,Check sum is T
test,xIqoe#m)sqbLml;[eS_,Check sum is 7
test,"}G=;:`?=YSZ\euCm7/ANE=K^`eQ.TufS{yk_l|hoacRq@~,a",Check sum is S
test,(PuVm{GiDrv:: F>1b,Check sum is R
test,BIExr<y[qQYCxlLCQ6lIxex`Iv/_#Hfcf!p.A%A\,Check sum is U
test,"-ALy\':QKV\>?gz_C/j~vkuUGC*ci@3;OpS
""lCsZ_m~T",Check sum is &
test,)Zs'3O9`Lr)t08Bl,Check sum is I
test,H;]0a!G6?=tY^q->tGtTWiS,Check sum is H
test,":R~ecmcRT-E~ W
Xi<4@wPxzK",Check sum is N
test,7gGT9d56ac)m)\ag\DYJkv|[s5!=E=,Check sum is K
test,NJ-JYbI=RpxJ7?vB(F!81	_j-`!6A2OSm.,Check sum is @
test,T90|7ksR\`T9;Y|	0?@|i	o~#omv'k_u`X~I+8R4z%&r,Check sum is &
test,(u>`d0pe(I1~@f:@^G6D1qw	3 K,Check sum is #
test,"tQlRFY/f[As&lJ
Sz$X!5V-&g+M`2Kwmt`",Check sum is H
test,"NUP.eI3,[|	C](MRAi~(Fh2Eh'Ex""/lkuN",Check sum is A
test,"
P29Y<b+-%)$$;h""^s7yN,(W[""~eH ' kHj+Dg",Check sum is K
test,"{!}|oKSy\PSL-qVYR,9c?dTbvhbJ9D*i.5",Check sum is C
test,2>BLU3]g|B-Xk,Check sum is X
test,"lH!SIZ_AAj3:mpx`A~
hqf`zM]\N5R0~_Jy9OB - ZJ)Zt",Check sum is 7
test," ]r_n8MILo(L]	,,DZMn>ut0&|RCG?R}$|",Check sum is 3
test,N[;Nq4hG-1V6Zj0;mW8t&,Check sum is U
test,"G>E0Nq_hR83C@p
l4&Q^); =&'VD	5@LQ\DsTVn|n6i6ljy",Check sum is K
test,iQW<m0/Uh^]t2		kS62M9|5KREIqe9_ilXn[D?,Check sum is X
test,"x
Bia1<k{RS.><QPon @a`qvr(!U+>nwJzzCbjF",Check sum is E
test,".	#Z]A	lwY).nt!X\2Ac}+e""@al,?F1CO},hMB",Check sum is +
test,"9vB=;)i7BbSf[Yv9.,%aHS0S=$~2JR`f_>e{:p
gz26o}<RzA",Check sum is 2
test,"^B?0' [m:=hZc'^FBx4+J]rNJs0#m-T 
n",Check sum is ;
test,"~o<Uq[@c=:$hg!""WFcNTbO4|sN%<%",Check sum is D
test,|G?7D\\g53_f$aH-P3,Check sum is &
test,*w0*Q>+Sfjj Da<WS'.v9cjabp9gX6PVw6(V-S>7`6@]r,Check sum is *
test,o})]9[@uDS!YC8b=)'nZ~,Check sum is \
test,"Pl
gen@&+<`%c*@WuuY@",Check sum is Y
test,"e]5M,",Check sum is P
test,ui}P%;W#rPHYZVkN{@?#d4%c)/Gsl<z,"Check sum is """
test,"3,""=qT?Dr9",Check sum is Q
test,yV}=]4M/D)r7rk28VD5/,Check sum is Q
test,"""Uln`&Y~w",Check sum is E
test,"*N]RfK
4mw80vpm,4vs*\n1",Check sum is C
test,"F#0!kesZ!,OY ;D14*ss_NT<E=h]0",Check sum is 4
test,'~>O$B7P8Oe9XOIdN.94H)M9,Check sum is X
test,sh>D.f>]av[rM,Check sum is ]
test,}%Ok:\7tu#6Q)@~^0,Check sum is Q
test,k_cdL>d0[WEmme@hf_ZuqPONj,Check sum is I
test,Q]SefWw'Z{.ac`KhX_ld.a2=Cym]c,Check sum is )
test,>z0b.it12yhh;XZfE{;e|:,Check sum is J
test,?-I2G?T%JTt*A`g,Check sum is J
test,9BZy+vH7GKm,Check sum is M
test,"{q8]n=9\hc-2'+}^c_|],`9d\-",Check sum is E
test,"skWi8Ty@j';\Vw[&A.L
5n$zS_Qd&nKHr-Mny)9s'xzF",Check sum is T
test,"5nE?Lwfm^]Kl*%i|	kdGUZzwX.,|@$FipPv';a-wmJG11j",Check sum is *
test,.BoiZ~>	yOoh^M\A2q4k?,Check sum is /
test,"	FRdt)L
@;-1aa;oF6	PN@QjFnrkN6j5VS4l",Check sum is 8
test,imuaMv[mm-GjEE'1A:NN,Check sum is [
test,\2,Check sum is .
test,"I!m|1\f\))Q-e
W+pc",Check sum is V
test,YTCpPm,Check sum is =
test,Ge[2ee{n]	LD<IHE@mTdy,Check sum is 2
test,"tW+scM{S' O1m6)_,=5D""a{%mw","Check sum is """
test,mD'!HT4b-m9n]1Ck2w:{6q2\AQfB.SN!dcN;fkn_da	*,Check sum is +
test,"5m_Bg#kn?f.k]4lgn-D7pmnv""zPN9u^t;x:r_&-G}0~r(.",Check sum is D
test,"l3Y~}r1{Y""19mZ^_8,ru:q}@SED9aN2}.
pK^i!r
NqTWqHzsg",Check sum is N
test,XY}p:NXA!U8,Check sum is M
test,"i4m3-DRUy,yhgze""h]]4Rz ",Check sum is %
test,1\Wi(qPb}O~!?^F,Check sum is F
test,"=k|""<!_6Q5aPI{TE6,JjOgZ
~kOe{~DAZb",Check sum is 3
test,z)m 1z,Check sum is ;
test,"
?G?BYuZ 
B*Qt]ju~7/Ar<%</um;3F`en=c)d36Mtg",Check sum is Z
test,MY^<q5g;\L:0'nn0X?q?:]e,Check sum is 0
test,"CA\R>e&NmFTa&weHmG%#;Xr?m^PI?^7
",Check sum is ]
test,m70:_5CfhPc)+$[V'`)LjN4u\,Check sum is (
test,"Ra6:sXR	23@/fWN*""Rz;/XuvQvJ7",Check sum is U
test,"9{]S-vQ`kZ[3:~+Re8f^&J8G""pSCT","Check sum is ,"
test,"d$g^ryQ?	MW!/>.2uK8Q_9c8'""C|=^o0O)j-S_}\",Check sum is [
test,@uY&ONXl2fd^3Gz[i,Check sum is G
test,"_R-h`o
K.Je6?^MWH]iaK1
u,~v2S}*-	A=C?",Check sum is J
test,"U}x+MjX>EJ^pI?\AqT_]np~rk:vJJUUEN9tF\n\vx8e,",Check sum is /
test,<	H,Check sum is -
test,"j|3c0u<^Dj_<?
@=CmD?I2(c-}\!gwS%y.!8*
u80)&IZ@:=",Check sum is Z
test,;aq[:H%FD^y/ `LuRkKr|uSL'7E/zE=b7+E{AreE`1T	a,Check sum is H
test,">szd<wI,nl=)=c@,Uxb""x67}:Hn{VAN0ir(,Qt0Ajy%.",Check sum is 1
test,;*Gh	&V	52cl&?E{m}DQ(,Check sum is D
test,+EfK._a%eAqEO.6j&	d,Check sum is  
test,"Dvv`JEoi>_""vJT qaVQuUJ2'IU(ypd?SIT5Vh++!%",Check sum is A
test,"6fjsuX@-)[I%#bVSWu=
8<-Iu~VUfoBQkzFBbEgn$%Jhf0@&",Check sum is V
test,&H$uZ?;szN#,Check sum is Y
test,}q'an4DbIWh<.^PRKegmY(44H}L)7}3e%(iZ=ceEP%XVFeC,Check sum is .
test,"8>O4FO{$l7=[1)\m7YmME:Me_/""U,8t[ZTMiRBy,",Check sum is ;
test,"|/,j:-0",Check sum is 8
test,"
?$tA0}~eN/cuu]8[@i+8@0*|B4/jVo>\5P~Etl",Check sum is D
test,"YUjwqoa
 ]_\WQ kBoGL<.zs#T/a8QQYG4eEk$9y-h^UUC2x",Check sum is *
test,[O`u;u=^(,Check sum is R
test,^FSl6lXQ/qAS+tsilT+,Check sum is (
test,k9+!5+*qyc9LV/Z)T`,Check sum is (
test,o2 &+|a$W3GcSCN*Km&9,Check sum is L
test,4y=7PA7C>L}8&6%Q	vqBq8)E\B6baxW',Check sum is 3
test,dc>~XMKbf{,Check sum is V
test,"j6U6,7`{|J;4r ",Check sum is P
test,%EqoaJoz4Yr<,Check sum is 9
test,ZHLh*:kKyO3a&CfnHe-|5G6kmwY=5b3+EYB]b@c,Check sum is M
test,"/=#E).fLd6KW!3`raA5{lyFa48 !4sum<~E*|-
's*hHpF",Check sum is 9
test,?p,Check sum is O
test,"E6W
`u]:CPo%F-L/XN3a""gCTj!4}ct",Check sum is *
test,"?0{xc%N%`e|<=M
!W?z@1On)V/_DPPA:tEmY",Check sum is X
test,"g,8v(56K=TVMo9ID~f#G!q@I=g(] &",Check sum is @
test,"2Sj1,-`""]A)i",Check sum is K
test,"8mM%""I(Y2",Check sum is U
test,L^~|2!,Check sum is W
test,@R/'^IuN~uv]K!XNTn_1#VLyAQ=iwHeD<4GMsKnT- j|,Check sum is 1
test,<{Cj.d2;d*T	eUII#St-9Rw,Check sum is S
test,Sm%+@qwA*Lp36kU/(U9l,Check sum is 9
test,"C,:On-]PNwW0Av4:)!eD'CPr#Qs/D'",Check sum is 1
test,">un*
p(2owRo;.fj<RCidAxk},WoYs7d*G+jnix""@eUz2&,PG",Check sum is =
test,"E5R\%[pGewq2`ez""!+	Z
mXSL+z63U!@Q$d	K$b^P 1>9%",Check sum is N
test,Z?\_>q(/c'aP),Check sum is ^
test,"r)]FALfVvw0d]VM	TZViW1U>\h6Xp,X2i;Z",Check sum is /
test,f1_c` !:_|X194Kz+}rPHz%t1X6Dn3|H9|4}]3H]vs4W[!+$,Check sum is 1
test,"9fCj?X~#grJ1CxrR0 qluy$v""9*wj""&c5H?@;94",Check sum is !
test,".a+M_pph;Co,Aa\@8",Check sum is ]
test,"N(!)g4,v*hnz]>!?X;B0",Check sum is W
test,"JM,I
knonc5HoeE2,<,T",Check sum is ?
test,jB?{E	*y4b,Check sum is M
test,x	Cp+o3rt+k}	wwCm(9aSY|,Check sum is +
test,"`M[{|Q&_-/k'p`+Uh-#OsNif9'(PSCd
UGN7h!B*",Check sum is <
test,"I,=tLEV]e~>h}>bRG-YT~yGO `yg5'2y=^WWZ)tA",Check sum is X
test,c_yp^KTYz,Check sum is [
test,RCmxsm-irCHG}(?S]X%R~}z'I'i1iSBr'S>+_,Check sum is O
test,"*q4=-vWqD~bH	n,$&!BGE0G>dr;4c}@+]XWV@kM~WZkET",Check sum is 1
test,"m4s47V=5Ax:NxI&]
kPe9dKg7A+<qw82Z1",Check sum is !
test,gCcJJP}		~?#3BIaZ{ f[>j4%2i;%,Check sum is Q
test,"@.bVSV_t#O""h23$ SIhK/s(
MQeONca1;L-F3G",Check sum is S
test,f/5*F'5PAc\	],"Check sum is ,"
test,"5/zyKCCfYNiH8B$;K9
I1e/C#
_$%#w",Check sum is -
test,"s'~1\1/nAS9gmdWD =f/Ms)uq1+1x,~n#W%RB"":ux%Xb","Check sum is ,"
test,")Yg""{CI3Y",Check sum is >
test,VM(h|,Check sum is O
test,",LN?	egw",Check sum is 1
test,"gA]a3$!mDU	EA{
O	heCGbU4@/r/dB1",Check sum is Y
test,"Cqy18$#KXO=;#UbiJI>+aan&Hp?u[}Pndi3Exz$%K+4<,Q",Check sum is !
test,~MT$6._]w}I&~YMz*eE,Check sum is X
test,"z;D<e$7_%XR6i8JjHW?I6.qE-/
/mMAp!CH",Check sum is ;
test,h8oPkIdL(\'NH(L,Check sum is X
test,"a,k]f5O?wT0)R	,}z`0Cc1d'twT)o k*hF4;EoB2d70",Check sum is N
test,kgyWhP^	$Qthkn)v/^Eq[{k@-M;lXNXbvGu,Check sum is !
test,a7!f5Wh	/UR,Check sum is R
test, G<PB;A(Q3U-Tcwn,Check sum is [
test,8cODXA,Check sum is '
test,"2DV%'kA-MT)@7ow[e,yC6s-S~F
b>}NPd\",Check sum is R
test,"s&KaAGqzLi ?U.%,	bU(G%bw2$",Check sum is C
test,ki.1]!pVTs@eM[>gaux+6`aE~qt-kCq,Check sum is 4
test,a+.dKg2RWJ	k+mR@vpL?J17Tq[!V#9,Check sum is I
test,%BcJjY< ^/0eW'81o0_R,"Check sum is ,"
test,yLDzSc(D2yLK)I_VSVk4	],Check sum is \
test,"*oUiq-To/P1K{g""G;#a;hgs/j\tD3B0pV/ODK,n&!fn'
Ly/T",Check sum is -
test,"Wf pP=a-s{EHg_`BEexm/dgmNp
%%t}cRh]>Z
Bh1",Check sum is [
test,"5K|3J7,~oSPe}J`",Check sum is X
test,I@tHu.`20-0]9bNIF8vv5Xk(d6dd)DPQ^/RqBiBGa,Check sum is U
test,LVjIbB).NxTT^OZ[!qM8y$}H=c&uCLYA'w)RTO*|j,Check sum is )
test,"zGtXRJs^.cZ(f""%",Check sum is Z
test,"TBf	X.(ng>%hlGyYa=e,
u? U=}3X,|,z-oYIM2.<g5%:""",Check sum is 1
test,4q?9^cB|$HC{u`5h/W)l9lQ6AY@$<`=kgEn>55F?vG'X;^,Check sum is =
test,4GCc)KO>~rNhjttdt3,Check sum is E
test,"S5;ETIv
Bw4zU4{TLO]_?gkncE",Check sum is B
test,eObcT>#!G,Check sum is 6
test,"&te<fy=!4_*3j 2[OAuN-B-dA8IqLUfI1d$""S
3",Check sum is  
test,m9r8X|&e,Check sum is O
test,"#d~8AH3IzVs_g?G{?,T}t#q*d		L7-?tEna.DwpZh`+~6{",Check sum is \
test,yaFh`q,Check sum is 9
test,"]nJYdF0X\+o_M2;W|/*i/WQSH
/u?9L^s-~",Check sum is D
test,MLZ9,Check sum is L
test,L_G=f2|IJU,Check sum is K
test,"2QJxk^FgRhz)q	FP67d.nm6K:`sNxAYl
",Check sum is F
test,">?!	VTy']g \]
u::qm\_WWD/M$p0(
M<X""]B+9v[1s$	BOLw",Check sum is Z
test,"=hgT=R8v8!weT""<@/l)EL0JTbWxMguB`UWnvf-",Check sum is &
test,"WH/WH""BIJs0_tPHwDC--
",Check sum is 4
test,"S;/FM]j$;df.)V,(/E8-OGoni#|[R]s|_G8T,E^ !",Check sum is 0
test,oYR~m?6LG2_O,Check sum is M
test,"},QGUJL.Ir]",Check sum is R
test,uA>Ozz<bwr,Check sum is ^
test,s<*vF9a._V3,Check sum is %
test,ASf)I,Check sum is L
test,3 /6yA(K>WNtV?41|h{j8Q\,Check sum is D
test,"D?vlx$h:$Ij6>
'#oQnQB@._%-+E\VyCX",Check sum is 8
test,aH=~,Check sum is D
test,">#Y-,Nqbp
rxv3n=bz./5=BX{",Check sum is L
test,"j	U:7}""-0dVS""	NV[VQ5c8#cn#Jsi6Rd4Zn,5`4M""e",Check sum is 1
test,#&Vt$}[\K^#<?zd='c?@Ex{bDYc'w,Check sum is .
test,"G/{`?*Q`HpEmClZMH3h?*=:IQ""y}YNj-.L""J9",Check sum is ]
test,9BsLIrLY,Check sum is :
test,+SZ0AI4Ct&D*ax|~d,Check sum is (
test,"hB Q
>nIc1UUDw[-",Check sum is ;
test,!7#ZBAjwye/2,Check sum is X
test,7xF4oy1q-l.6OVP&[&,"Check sum is ,"
test,"qcA70W<+>(8kW<_G\#R:Q=
hNG?'Pw<x
Q9Pm	BQU~ddlB fR",Check sum is +
test,"ct,uFv7cu+tJB2i",Check sum is )
test,"~?(p6ZswI@:)>Ie=9n|Pg""eiX}Upwnige`e3Ig+DN_G*+Sj:T",Check sum is -
test,"A.3E""Yc:F#4^$\okVH@E6!RR#A'z``j~iT.%'3nYC]u}qI.y",Check sum is #
test,W^>N@oT1tVgY/)16,Check sum is ^
test,ao;`E:U0%YF/]'tPRL]x`&?M.G0U}uq,"Check sum is ,"
test,6i0U'c$\_Nbv-7<y$Wax@	,Check sum is I
test,"c50nhD(N!Stk#XqcaBvDUS&`b25z g""r{z>:dMAj+5:v*V0Wjt",Check sum is A
test,1R-_nbH|,Check sum is C
test,"	%YN.atW,{\DJHq",Check sum is Y
test,"LP5=WNjr_3%B-g(iI`JYrE<""S",Check sum is A
test,";u'AYJ q(Cc?*:fsa!%h'[~_apz0}8{D4T b7fX+&zX,v(RU",Check sum is &
test,Z@3)*GJ0<#*,Check sum is J
test,"""jIP@",Check sum is E
test,C=iRKFc:<eR9@-g:'7Losa#[,Check sum is .
test,]Q3&Q^~=u%%uX}oy{FQQ<h+85F|JA.*'jpqf9nZI2,Check sum is Z
test,b/R|ysX|cX6!t.m*IeZS]DXJQ`WDZ!34,Check sum is V
test,"j&l`ie6f4`>jE7(|N#4k)?78[3,O{&@]wP",Check sum is 7
test,"{6	;R#,BZ;]$0ePuKZe%Vxpu33",Check sum is 0
test,"V&Jg	RE]WK}5BmX,OzKf/\GWt2i2",Check sum is 5
test,O+}3V<SoDDsSX7ZI	H@$!]g?g-\n,Check sum is U
test,"`ZiLEwj0[W,:or`T%xdB4T<D;(DGU T]>pAS)F;dC%",Check sum is )
test,Fb%1nw!v~<067c\$	~5;>4|lQQc(@ROyi,Check sum is U
test,"2E<C^\x 3fRgD`2"")q~
,]v4Ln
;jzq<'",Check sum is >
test,Ju;,Check sum is Z
test,"%NDe6j_h^S8HX3X[k~l9bwo'3cN\--HGJCM'!W4""|D34Jwy9",Check sum is !
test,"*heBLy,|C(!z L{>1(""CPH6_1~
)Uj",Check sum is =
test,"lB
pU8y+Dh2",Check sum is W
test,"d^C@'2\4I$ $%{%J!#3BA""8Bba@OUJ",Check sum is U
test,"[;!KoyEza`uV@g-tcpw3FHE{AV)34=IJGh=c;\zNGO,B",Check sum is Q
test,02L(2AT@/VL,Check sum is N
test,"Tg,Td'uSya:6+W({X cfTdMa?g",Check sum is *
test,"}<d/C4ol]SS=he^i tP?9|{/m(8EEavNSL|]-a"" Ue25",Check sum is 9
test,?n,Check sum is M
test,5D4C/>[{]qp	:SMvYBo%=9D6>)'0Zc*J.&0S*7_eAHmcZa[,Check sum is #
test,"=	r?,P-[SC;CI	]-+(-#h={}",Check sum is K
test,"J!r4y>w, /:h{J+<iD 2C@",Check sum is *
test,"GAWV=V8.a4{y|_3	
w5",Check sum is $
test,"h7EW8vu^|_2N,Bg",Check sum is L
test,U04j+cW|&O>GP7K%Fbg0SE{#*W,Check sum is K
test,_}JYm}X0o-(X6=;or!L3,Check sum is \
test,"d$pJt:,a{We0 &@QU8L(i'Ltcn~,%5%	<'UKK",Check sum is =
test,"9J	?.Z}*""YuUYGlX'
g1W",Check sum is #
test,R;,Check sum is -
test,qlSfI95fW;,Check sum is %
test,"~
w>_h2r%Tu`7.)",Check sum is $
test,".o C?`*L,8'{~",Check sum is 9
test, >aBX3/3%:qFuO&	8x`+0OT(4QZiE&?aTl%,Check sum is E
test,"m(8L@Jt9-H~n2]'2!t{$f]""tul|jo9UT7N 
/|E&k{o$f",Check sum is B
test,"4Wf2g[gwcX5Gjl9CAU
k
RKwI2.^fA\k~+$z#lRsZL/%3P","Check sum is """
test,"HB6YW	*GmLCu)>tU}|`1|[(3&b,mqr|K68\ksGuf)IZ""}",Check sum is '
test,"NX""%p9lGEZ`K6J4?nN
H h33m%S)9",Check sum is )
test,"3\}U ncG& O'pnw0d,{/$",Check sum is X
test,cCAwg\',Check sum is (
test,"Fc($;72#Qm""<',JF}",Check sum is X
test,v;zrV'QA/<Y>c./^{B:%^]h7WhbjbXm+9mmdr!qZPl=hap&,"Check sum is ,"
test,"(op;vwN+@)Z0I$P<-:[nWR/Dii""%JY'",Check sum is #
test,"M"" ,P>c)8/w;4vFhoKs[r<l%",Check sum is -
test,m\; CuBuoA@{jhC}]U@cix~&rjR		 sz;)Pr,Check sum is =
test,<:OG4,Check sum is  
test,U|yMZ],Check sum is .
test,"""B+?sk3*dvk(TLkx~'~S",Check sum is O
test,"5X5l""y6iB<HFK+bE'(-A3BQrxz(9G",Check sum is @
test,"u!YE'74!bLTiCod1x9v:n.Lh918/,+%(cJf&.Yd",Check sum is C
test,"@;oyW1a""YKzfY;`|bx)0?{FEcb>vL\~`w",Check sum is 0
test,"f3(O1;s'VDj7wIpS,k",Check sum is K
test,>DF](w,Check sum is $
test,j%(:leO^&2kjnlY>NW.,Check sum is @
test,"w4""BxzrV6lpgixrfIls6pm;(_,,|n	If\(cz{",Check sum is .
test,&4.3~]P$:?wA,Check sum is [
test,L2qV./T;B[4bD hRPXzH<^cA=567,Check sum is )
test,"6zG|	<Qa-4Rq3C
!""A11T1\L,uf
V!7aI^n}9","Check sum is ,"
test,"8M4w>mvxLZK[f%'S OtJ-7NzK6""H2(5(uIyH",Check sum is 4
test,"`xMWeDwGI@IyeP=G#E:=_,!DI=",Check sum is \
test,"""(2xUTA8qal	y
#{QWDH5|MAX=@Plu{7B
e",Check sum is :
test,"3D_+mip
J#&sa+n",Check sum is 1
test,YM!	%4>J$D&,Check sum is _
test,p&+:,Check sum is [
test,Ug~0wOgQ\Z{\J~tkx;y~!SXR,Check sum is D
test,/U$k>vG|Pmsx#2?]sz.2/^fRu/.0ev9g,Check sum is R
test,%P@`VmbVJUf?!r_% -R+r0,Check sum is 7
test,qd/<zlgNE=<e^w,Check sum is 3
test,k6&L,Check sum is 3
test,"NxXS>%y
od@MPt11&#|&=",Check sum is %
test,"vA>>""qe|{47\_c)0AhpE^2b19MporGo&U
gq-N{YFFcp4N|b",Check sum is ]
test,`*$yYR?5@]4|ftFi;z:FJ0v8,Check sum is Y
test,PoBylwPx~U#8~:!aSI [ti)F'=jH*^4F^f*N#<Nw=G,Check sum is L
test,$sO^.*RV*'r.'..!,Check sum is 9
test,"6%IC&j9Ap5O\jmQ8
g$_Hi),^",Check sum is Y
test,	y_QB/n~'<	0,Check sum is K
test,"u:J#,!-Sil_?VOT|%,AxL ",Check sum is '
test,u];h9~RDUgo:y'5.vTH@_U~$a\:Vd~X6({q'%we$Xl_g|}>,Check sum is P
test,"NAU1k.||-wK|zQC""LF FmyJ>n9x-.9.p#|",Check sum is 7
test,"vLhu]I_8rL^j8>YVc,rj	@Tw2mPDO}?XB+NHb^",Check sum is ?
test,"G|j7/s	<kmJDU4<Gh#g(?Lyz>ZhU""& *0Y/",Check sum is T
test,"@STn""hA{F47Qt}2Ck->D*PpeJOn?D.",Check sum is D
test,QQ3N|\!GCw&o5$/i_Wa?s7\nNXb1N&\*TY EV1,Check sum is Y
test,"07cTG,$z#:B	't""j=[G&6GajZ~xj:/7MPM9",Check sum is (
test,h?vw{Vo\rO>j	z%/hdI,Check sum is %
test,"X	;N+@8!F$`U!E[K,pO70mQ!@H(j6Ndj9^OwbSZcn4 CK-#Ze",Check sum is D
test,"xB_BI(FA=
S{\dS$i!%-FvhD.)",Check sum is Z
test,"=<Dc,i%pbp1CW6v)TuC@qA&bl`gw!Qo&pnNTB?tkQXtpd
FK",Check sum is ?
test,"O6NCSXn2""Bo5ja+<%`XjFMFIJP<<dp",Check sum is J
test,Vid%Bw=H3=Nx(_1,Check sum is T
test,9M,Check sum is &
test,"c7<8|u1
V[qU)YqNZNa",Check sum is [
test,"5pfJ# ;W,\",Check sum is R
test,Q1S#!ZYZZASL9cN\(`5]jX,"Check sum is """
test,"Ai8{<s~[$c"",qbR#
K@M3E",Check sum is <
test,"t  	g-IbTFK0^.@e9,U@dQ5B[\	",Check sum is H
test,[`I%v|50f]RAiSF)[ \>|De{k<5wyt,Check sum is V
test,>u;M2 !)xQ,Check sum is @
test,E*]cagsy6C8,Check sum is 4
test,!5JT;He(UGz,Check sum is :
