set,input1,output1
train,,Check sum is  
train,	,Check sum is )
train,"
",Check sum is *
train,"B
","Check sum is ,"
train,"

",Check sum is 4
train,"

















































",Check sum is T
train,                                                  ,Check sum is  
train,ssssssssssssssssssssssssssssssssssssssssssssssssss,Check sum is V
train,"CD
CD
CD
CD
CD
CD
CD
CD
CD
CD
CD
CD
CD
CD
CD
CD
CD",Check sum is 7
train,"x
y x
y x
y x
y x
y x
y x
y x
y x
y x
y x
y x
y x
",Check sum is &
train," 
 
 
 
 
 
 
 
 
 
 
 
 
 
 
 
 
 
 
 
 
 
 
 
 
",Check sum is :
train, ,Check sum is @
train,!,Check sum is A
train,"""",Check sum is B
train,#,Check sum is C
train,$,Check sum is D
train,%,Check sum is E
train,&,Check sum is F
train,',Check sum is G
train,(,Check sum is H
train,),Check sum is I
train,*,Check sum is J
train,+,Check sum is K
train,",",Check sum is L
train,-,Check sum is M
train,.,Check sum is N
train,/,Check sum is O
train,0,Check sum is P
train,1,Check sum is Q
train,2,Check sum is R
train,3,Check sum is S
train,4,Check sum is T
train,5,Check sum is U
train,6,Check sum is V
train,7,Check sum is W
train,8,Check sum is X
train,9,Check sum is Y
train,:,Check sum is Z
train,;,Check sum is [
train,<,Check sum is \
train,=,Check sum is ]
train,>,Check sum is ^
train,?,Check sum is _
train,@,Check sum is  
train,A,Check sum is !
train,B,"Check sum is """
train,C,Check sum is #
train,D,Check sum is $
train,E,Check sum is %
train,F,Check sum is &
train,G,Check sum is '
train,H,Check sum is (
train,I,Check sum is )
train,J,Check sum is *
train,K,Check sum is +
train,L,"Check sum is ,"
train,M,Check sum is -
train,N,Check sum is .
train,O,Check sum is /
train,P,Check sum is 0
train,Q,Check sum is 1
train,R,Check sum is 2
train,S,Check sum is 3
train,T,Check sum is 4
train,U,Check sum is 5
train,V,Check sum is 6
train,W,Check sum is 7
train,X,Check sum is 8
train,Y,Check sum is 9
train,Z,Check sum is :
train,[,Check sum is ;
train,\,Check sum is <
train,],Check sum is =
train,^,Check sum is >
train,_,Check sum is ?
train,`,Check sum is @
train,a,Check sum is A
train,b,Check sum is B
train,c,Check sum is C
train,d,Check sum is D
train,e,Check sum is E
train,f,Check sum is F
train,g,Check sum is G
train,h,Check sum is H
train,i,Check sum is I
train,j,Check sum is J
train,k,Check sum is K
train,l,Check sum is L
train,m,Check sum is M
train,n,Check sum is N
train,o,Check sum is O
train,p,Check sum is P
train,q,Check sum is Q
train,r,Check sum is R
train,s,Check sum is S
train,t,Check sum is T
train,u,Check sum is U
train,v,Check sum is V
train,w,Check sum is W
train,x,Check sum is X
train,y,Check sum is Y
train,z,Check sum is Z
train,{,Check sum is [
train,|,Check sum is \
train,},Check sum is ]
train,~,Check sum is ^
train,"6""",Check sum is 8
train,#+,Check sum is .
train,{y,Check sum is T
train,&6,Check sum is <
train,\K,Check sum is G
train,(G,Check sum is O
train,`H,Check sum is H
train,qv,Check sum is G
train,"
2",Check sum is \
train,/],"Check sum is ,"
train,4w,Check sum is K
train,",B",Check sum is N
train,'C,Check sum is J
train,",s",Check sum is ?
train,Y7,Check sum is 0
train,wZ,Check sum is 1
train,!3,Check sum is 4
train,Y),"Check sum is """
train,<;,Check sum is W
train,w;,Check sum is R
train,yR,Check sum is +
train,nX,Check sum is &
train,(:,Check sum is B
train,Or,Check sum is !
train,1a,Check sum is 2
train,vi,Check sum is ?
train,A=,Check sum is ^
train,7k,Check sum is B
train,66,Check sum is L
train,&i,Check sum is /
train,S],Check sum is P
train,e*,Check sum is /
train,eZ,Check sum is _
train,",T",Check sum is  
train,qJ,Check sum is [
train,gV,Check sum is ]
train,+-,Check sum is 8
train,5T,Check sum is )
train,Rk,Check sum is ]
train,9a,Check sum is :
train,e8,Check sum is =
train,1],Check sum is .
train,{I,Check sum is $
train,YG,Check sum is @
train,?@,Check sum is _
train,XW,Check sum is O
train,we,Check sum is <
train,k0,Check sum is ;
train,z},Check sum is W
train,WZ,Check sum is Q
train,Nk,Check sum is Y
train,GF,Check sum is -
train,M<,Check sum is )
train,.3,Check sum is A
train,;),Check sum is D
train,X&(,Check sum is F
train,E.},Check sum is P
train,"^,e",Check sum is O
train,YS=,Check sum is I
train,luX,Check sum is Y
train,h3f,Check sum is !
train,:5t,Check sum is C
train,H9Y,Check sum is :
train,r.},Check sum is =
train,[Y),Check sum is =
train,b)7,"Check sum is """
train,WC#,Check sum is ]
train,VmY,Check sum is <
train,"RL
",Check sum is H
train,C+H,Check sum is V
train,t8%,Check sum is 1
train,Q=I,Check sum is 7
train,hZR,Check sum is 4
train,gJa,Check sum is 2
train,%[p,Check sum is P
train,:@`,Check sum is :
train,2kN,Check sum is K
train,	sJ,Check sum is &
train,edJ,Check sum is 3
train,bNo,Check sum is ?
train,"n
D",Check sum is \
train,>2\,"Check sum is ,"
train,{4d,Check sum is 3
train,%&b,Check sum is M
train,`0+,Check sum is [
train,70*,Check sum is 1
train,><L,Check sum is &
train,Mzc,Check sum is J
train,ey	,Check sum is G
train,z9T,Check sum is '
train,%j ,Check sum is O
train,$)5,"Check sum is """
train,=Z),Check sum is  
train,1L%,Check sum is B
train,Biu,Check sum is @
train,;{I,Check sum is _
train, 6L,Check sum is B
train,:3z,Check sum is G
train,)u<,Check sum is :
train,OxM,Check sum is 4
train,f3>,Check sum is 7
train,m;u,Check sum is =
train,e:y,Check sum is 8
train,7H=,Check sum is \
train,+=h,Check sum is 0
train,"l };fP+wg""2=y?bx,Qx{;E]z%mc%PHl>d+qga+a",Check sum is =
train,d/XAgjT^.5)od<M5,"Check sum is ,"
train,3w:,Check sum is D
train,"4-5j?|zorvst/TkZ
K",Check sum is 0
train,H=# n~xt8&,Check sum is ^
train,";r rymeLrY#3O%+S<T;^7E[ s
6dQ*VhJp
`A7@!fD-*f&~",Check sum is A
train,"ZP#,&7x
s3""Z[eJ=/O|r}A?q<7""zO",Check sum is Y
train,GXz\;|`0@lLEnI3Vf(Xz1}>n>$P@aBUt)&s}iWg|n;!~ry	,Check sum is O
train,"E
QM \c""6VoEJ<yfN1kPT4\6pLB~ng2#QB?fa2.KK3",Check sum is /
train,f]kYx	Kz-}w]R$9D	:Wop,Check sum is W
train,"I&^Nf'lg-mZ_g>8\IaXbMQ,M`nl{U	APjz",Check sum is *
train,r[yJg5QD4|jCT<MOg77W$Ab3EFIL#u|*,Check sum is .
train,"AD&^Oa-?]<n	{+2d,_P\H76KgR1RMY9lD/$LeAZLj2",Check sum is Z
train,"L-hq""5ho	.'oZw>av6&5_8&k",Check sum is L
train,oXI+Nstsu>RGt(^TOo2=0.0wH+=nvziAig7My!K.1,Check sum is _
train,_ -?JaoM,Check sum is 2
train,nwG%B2P+D8*\DYIE,Check sum is M
train, vo[km 1^&BYHnTr:Yo ,Check sum is &
train,djE?z	/5J /'DZq%TQ0kO(qMc;BRb.,Check sum is D
train,6B?bviI=m	q0L`1HqK;K	o1^VqS	,Check sum is F
train,";8vY 59+R""U&GTmRnIbvU293d>bPc)S_+=oslZv8",Check sum is 6
train,"'KbZ(:gC[O5VQy'p?QQ7>sv,0F6\5+BLAO{hp3",Check sum is '
train,X4=dwZXYKc;Bxu<*>Rb'K,Check sum is 1
train,",VxmWY/ns\^))w)(",Check sum is [
train,vSLbj~?z_dYl_Hi>2fStTU*.[cbU8211(+E 1pgE	,Check sum is =
train,">@|s-Gh6T
 yWi:",Check sum is P
train,":x9*YpbTh2L>hhK^0^`iCTQ*D
NpE>l?Oc_>+~2E?\[$",Check sum is =
train,@5b7>a]8b#9V4),Check sum is S
train,"!oij;xG?HWv+xyIfchiGtGZj.;KK h><ad#,p0xynv	4:J'",Check sum is H
train,"z97;""27h[5H^'
Q^)0",Check sum is '
train,"!/e |4_,~[sQ]63wM~<g9ug|UC/TGO",Check sum is :
train,"Gy)-
<Iy;nId7B-cJ`I[c&kYGiv@i+yxT#ZzZV%KnOsb#YW",Check sum is 3
train,"h	-NR"")=gDgXl+*u)MhVMM|",Check sum is P
train,#\{A>7e.eaoB8'~mcf&1Jc}l[&FJ,Check sum is +
train,"QX=rI@gK^.W1$EEIbL6+gKnqk~UCf:E,2kq\>WPR|ObIj{+7",Check sum is N
train,"N69UsJ]}7/H`wB,UWt}t79I
i)y_",Check sum is :
train,"2FAV@Yah!]+iU@]J?U\OHOO,s",Check sum is #
train,1	9?~nNkmEgp,Check sum is @
train,E!gp9Dk7CDA8,Check sum is <
train,'{|s$1R!Qyv>)c,Check sum is C
train,"[_NU]w.`Dh]i7b];!PLV'oOOX3-q3BKE""c*W8kvv",Check sum is L
train,d[t-#%]*DEh*Yx9j\J,Check sum is D
train,";3Oax``ot5eEb$D!MT>QRQ)ph54:Zpw""3I~`B GY",Check sum is Y
train,"
/JF*Hvgl1",Check sum is U
train,]f8dju*2:^wo6#ux/gD&~;E5SP;!BL]\k*^L]1fHceQZ@*sYc,Check sum is >
train,"p6e7Yx*kGD32)ctsZreo	
x\",Check sum is 2
train,P4s,Check sum is W
train,)?&P$vQ-Xh.~JjlVRK3bk,Check sum is U
train,"IE--<eB+	,]q;-'e4*W.Yr",Check sum is ;
train," ]k(;~qwL{w8eLw@	/Q7\rIq,W3?Wv>(5~~GS",Check sum is *
train,"l84QoU'>c""7}6X",Check sum is 9
train,-JaP}1Tq!*% <fs,Check sum is  
train,"YE(E\:R,.P7Tx}#_3CQ
\C",Check sum is /
train,	]21'*rd.a1R\o4],Check sum is >
train,}<Z,Check sum is 3
train,"/Pr""u[",Check sum is C
train,BdF5/mY_<(|iy8,Check sum is O
train,az'%X$~)19m*Jib'W]M[,Check sum is C
train,+&Fk/n]T+zaeL$N,Check sum is Y
train,")ShY+'B^|'^$;$s^}AyzY$TaA'9nUtJ&F-}$""IE|.k	",Check sum is 1
train,"W%h
v9/N&Z~|CGI%;!1L*;/`!B'H3hm4r*cyJ",Check sum is I
train,l#f7Rdg1,Check sum is Z
train,"5T[vhqA5!|WYv|QY
pf|)Hh",Check sum is '
train,I@%,Check sum is N
train,_/+jtq	aOCF3UT#KY	,Check sum is V
train,vL|knsD )H?(2M)L92zO1,Check sum is ?
train,"W@NdY&E}}>KkeaV
e(Y^MbH?un!|.;J+DQ
",Check sum is 8
train,Y+&,Check sum is J
train,iEmdB1cKB ; ^`_kwAD7J{+jM1d,Check sum is 4
train,"ibp/eS<W=N1j'	zLO""+AV$]0n.+",Check sum is \
train,3C'9;O#j}bM`',Check sum is @
train,"y,^",Check sum is #
train,AA[,Check sum is =
train,g	b#dH|SYtp1z^jgOgy~pfW|skf-r3Un+C>g#mmiuz,Check sum is >
train,"\CSqg~;IQ
j}1t@;	pW@k	!cPD L5y7RLiAtW n+l",Check sum is 3
train,JYE-uWb^LRFTp65(TP/{%hX&KhN@#-,Check sum is &
train,"B`A#{""+w",Check sum is %
train,1h!P_?`GExC{AH1f82SYU\?koxaxWw2(Zv_|FS?U+'+b,Check sum is Z
train,"p<<f|nj
>:01'OzVTyNXRfr{[s",Check sum is Q
train,"ynXe7USPTo..Q>i`^io7~d:O ,%G7][z_z1	",Check sum is 6
train,"Gx@1H!H^Lic8%LWbIey ""f)1F|!~'E3wrqXqFEpq
L}(11b[)",Check sum is T
train,CPrQsHmFb[>Obr/0<DS<^oK~~&\/]v,Check sum is H
train,UH\,Check sum is Y
train,e\wR*|U{NaW]B+BUPtut,Check sum is 4
train,"/o+;<#A\,#in""tpzt",Check sum is :
train,"Mq.k#m=0DL
]:kQ&Q0	q6]o1Ou%6R{X?P",Check sum is H
train,"(aA\!ZV
!/y/m",Check sum is F
train,"_`WERpNe
,_m[sO1A,sh;",Check sum is C
train,rdwB2IM,Check sum is 7
test,~#,Check sum is A
test,/l,Check sum is ;
test,>6,Check sum is T
test,$C,Check sum is G
test,+C,Check sum is N
test,Dv,Check sum is Z
test,^W,Check sum is U
test,[C,Check sum is >
test,;l,Check sum is G
test,T[,Check sum is O
test,Xl,Check sum is $
test,",d",Check sum is 0
test,T?,Check sum is 3
test,7=,Check sum is T
test,(Q,Check sum is Y
test,sC,Check sum is V
test,b',Check sum is )
test,QE,Check sum is 6
test,l!,Check sum is -
test,qZ,Check sum is +
test,)B,Check sum is K
test,Ny,Check sum is '
test,Vb,Check sum is X
test,7\,Check sum is 3
test,"
O",Check sum is 9
test,",y",Check sum is E
test,/V,Check sum is %
test,@_,Check sum is ?
test,_g,Check sum is &
test,B#,Check sum is E
test,_0,Check sum is /
test,c0,Check sum is 3
test,RU,Check sum is G
test,w4,Check sum is K
test,09,Check sum is I
test,?',Check sum is F
test,IK,Check sum is 4
test,Wk,"Check sum is """
test,mK,Check sum is X
test,E	,Check sum is .
test,d9,Check sum is =
test,+*,Check sum is 5
test,5x,Check sum is M
test,bS,Check sum is U
test,vj,Check sum is @
test,0A,Check sum is Q
test,(h,Check sum is 0
test,1x,Check sum is I
test,"[
",Check sum is E
test,'9,Check sum is @
test,.6,Check sum is D
test,=N,Check sum is +
test,E#,Check sum is H
test,07,Check sum is G
test,M&,Check sum is S
test,3G,Check sum is Z
test,%	,Check sum is N
test,1a,Check sum is 2
test, N,Check sum is N
test,{J,Check sum is %
test,Xx,Check sum is 0
test,"_
",Check sum is I
test,+*,Check sum is 5
test,}s,Check sum is P
test,`h,Check sum is (
test,Mp,Check sum is ]
test,_[,Check sum is Z
test,Hx,Check sum is  
test,WO,Check sum is F
test,ql,Check sum is =
test,B>,Check sum is  
test,t),Check sum is =
test,pi,Check sum is 9
test,sd,Check sum is 7
test,R$,Check sum is V
test,Ml,Check sum is Y
test,wI,Check sum is  
test,~z,Check sum is X
test,m[,Check sum is (
test,6F,Check sum is \
test,~?,Check sum is ]
test,!i,Check sum is *
test,1h,Check sum is 9
test,Q\,Check sum is M
test,Em,Check sum is R
test,0h,Check sum is 8
test,(!,Check sum is )
test,w&,Check sum is =
test,5+,Check sum is @
test,N[,Check sum is I
test,3],Check sum is 0
test,6},Check sum is S
test,ju,Check sum is ?
test,x<,Check sum is T
test,ha,Check sum is )
test,O(,Check sum is W
test,	G,Check sum is 0
test,t|,Check sum is P
test,i),Check sum is 2
test,Nh,Check sum is V
test,TJ,Check sum is >
test,zx,Check sum is R
test,c),"Check sum is ,"
test,""">",Check sum is @
test,"
q",Check sum is [
test,wR,Check sum is )
test, b,"Check sum is """
test,*f,Check sum is 0
test,5{,Check sum is P
test,d`,Check sum is $
test,qS,Check sum is $
test,~@,Check sum is ^
test,>4,Check sum is R
test,C~,Check sum is !
test,H&,Check sum is N
test,"
T",Check sum is >
test,p;,Check sum is K
test,Qc,Check sum is T
test,6<,Check sum is R
test,T),Check sum is ]
test,VF,Check sum is <
test,h?,Check sum is G
test,KT,Check sum is ?
test,	d,Check sum is M
test, Y,Check sum is Y
test,sk,Check sum is >
test,/j,Check sum is 9
test,F^,Check sum is D
test,I(,Check sum is Q
test,20,Check sum is B
test,4E,Check sum is Y
test,b_,Check sum is !
test,W#,Check sum is Z
test,Cw,Check sum is Z
test,?Y,Check sum is 8
test,lc,Check sum is /
test,mj,Check sum is 7
test,t!,Check sum is 5
test,!S,Check sum is T
test,P%,Check sum is U
test,kQ,Check sum is \
test,|Q,Check sum is -
test,/d,Check sum is 3
test,io,Check sum is 8
test,9\,Check sum is 5
test,-j,Check sum is 7
test,C[,Check sum is >
test,4a,Check sum is 5
test,U1,Check sum is &
test,q%,Check sum is 6
test,4n,Check sum is B
test,1t,Check sum is E
test,G?,Check sum is &
test,E~,Check sum is #
test,F[,Check sum is A
test,X),Check sum is !
test,x	,Check sum is !
test,3=,Check sum is P
test,	r,Check sum is [
test,b.,Check sum is 0
test,8},Check sum is U
test,N[,Check sum is I
test,Of,Check sum is U
test,EO,Check sum is 4
test,NY,Check sum is G
test,(c,Check sum is +
test,"H""",Check sum is J
test,fW,Check sum is ]
test,QQ,Check sum is B
test,$1,Check sum is 5
test,WX,Check sum is O
test,y\,Check sum is 5
test,dl,Check sum is 0
test,D.,Check sum is R
test,A8,Check sum is Y
test,;',Check sum is B
test,"F""",Check sum is H
test,y<,Check sum is U
test,@>,Check sum is ^
test,s;,Check sum is N
test,%w,Check sum is <
test,",%",Check sum is 1
test,3+,Check sum is >
test,:N,Check sum is (
test,|L,Check sum is (
test,cP,Check sum is S
test,kV,Check sum is !
test, W,Check sum is W
test,?',Check sum is F
test,[E,Check sum is @
test,9X,Check sum is 1
test,(8,Check sum is @
test,Vf,Check sum is \
test,cy,Check sum is <
test,Q(,Check sum is Y
test,F~,Check sum is $
test,$V,Check sum is Z
test,u9,Check sum is N
test,U%,Check sum is Z
test,i],Check sum is &
test,4*,Check sum is >
test,Q',Check sum is X
test,@Q,Check sum is 1
test,?\,Check sum is ;
test,|3,Check sum is O
test,'!,Check sum is (
test,D%,Check sum is I
test,wJ,Check sum is !
test,mU,"Check sum is """
test,ge,"Check sum is ,"
test,~=,Check sum is [
test,e~,Check sum is C
test,">
",Check sum is (
test,eQ,Check sum is V
test,m.,Check sum is ;
test,Mt,Check sum is !
test,W],Check sum is T
test,y3,Check sum is L
test,")""",Check sum is +
test,pk,Check sum is ;
test,"""f",Check sum is (
test,@Z,Check sum is :
test,KR,Check sum is =
test,*!,Check sum is +
test,UQ,Check sum is F
test,6;,Check sum is Q
test,d^,"Check sum is """
test,nG,Check sum is U
test,`&,Check sum is &
test,=y,Check sum is V
test,~8,Check sum is V
test,.8,Check sum is F
test,u:,Check sum is O
test,"
K",Check sum is 5
test,:D,Check sum is ^
test,Te,Check sum is Y
test,2p,Check sum is B
test,j:,Check sum is D
test, \,Check sum is \
test,nq,Check sum is ?
test,68,Check sum is N
test, &,Check sum is &
test,*o,Check sum is 9
test,0q,Check sum is A
test,wI,Check sum is  
test,af,Check sum is '
test,.},Check sum is K
test,'e,"Check sum is ,"
test,C!,Check sum is D
test,t3,Check sum is G
test,4%,Check sum is 9
test,T<,Check sum is 0
test,sb,Check sum is 5
test,m5,Check sum is B
test,Y-,Check sum is &
test,Lz,Check sum is &
test,;L,Check sum is '
test,R>,Check sum is 0
test,>s,Check sum is Q
test,?c,Check sum is B
test,:D,Check sum is ^
test,3P,Check sum is #
test,7*,Check sum is A
test,MG,Check sum is 4
test,{&,Check sum is A
test,?T,Check sum is 3
test,m>,Check sum is K
test,@g,Check sum is G
test,DN,Check sum is 2
test,Or,Check sum is !
test,23,Check sum is E
test, /,Check sum is /
test,DC,Check sum is '
test,d&,Check sum is *
test,<V,Check sum is 2
test,kl,Check sum is 7
test,Z!,Check sum is [
test,Qg,Check sum is X
test,eR,Check sum is W
test,F0,Check sum is V
test,ZA,Check sum is ;
test,[.,Check sum is )
test,Y$,Check sum is ]
test,I*,Check sum is S
test,LV,Check sum is B
test,vZ,Check sum is 0
test,8M,Check sum is %
test,ol,Check sum is ;
test,Cx,Check sum is [
test,5&,Check sum is ;
test,dC,Check sum is G
test,7^,Check sum is 5
test,+P,Check sum is [
test,Vj,Check sum is  
test,uu,Check sum is J
test,@G,Check sum is '
test,Zq,Check sum is +
test,9H,Check sum is !
test,S|,Check sum is /
test,bV,Check sum is X
test,_D,Check sum is C
test,"J,",Check sum is V
test,)@,Check sum is I
test,3%,Check sum is 8
test,d-,Check sum is 1
test,E8,Check sum is ]
test,;6,Check sum is Q
test,RW,Check sum is I
test,kf,Check sum is 1
test,L>,Check sum is *
test,rH,Check sum is Z
test,fk,Check sum is 1
test,nE,Check sum is S
test,)w,Check sum is @
test,wZ,Check sum is 1
test,}C,Check sum is  
test,^@,Check sum is >
test,vn,Check sum is D
test,Dh,Check sum is L
test,zX,Check sum is 2
test,AE,Check sum is &
test,U&,Check sum is [
test,/`,Check sum is /
test,aQ,Check sum is R
test,B^,Check sum is @
test,cP,Check sum is S
test,""";",Check sum is =
test,G4,Check sum is [
test,jY,Check sum is #
test,Df,Check sum is J
test,j%,Check sum is /
test,gN,Check sum is U
test,	j,Check sum is S
test,)Z,Check sum is #
test,8A,Check sum is Y
test,jr,Check sum is <
test,an,Check sum is /
test,9g,Check sum is @
test,zy,Check sum is S
test,~W,Check sum is 5
test,=(,Check sum is E
test,`l,"Check sum is ,"
test,n<,Check sum is J
test,;w,Check sum is R
test,yd,Check sum is =
test,mA,Check sum is N
test, h,Check sum is (
test,D},Check sum is !
test,yC,Check sum is \
test,+a,"Check sum is ,"
test,WP,Check sum is G
test,B),Check sum is K
test,DB,Check sum is &
test,)r,Check sum is ;
test,L>,Check sum is *
test,(L,Check sum is T
test,Fn,Check sum is T
test,/|,Check sum is K
test,H{,Check sum is #
test,#G,Check sum is J
test,b\,Check sum is ^
test,H$,Check sum is L
test,qb,Check sum is 3
test,lj,Check sum is 6
test,f3,Check sum is 9
test,y7,Check sum is P
test,mo,Check sum is <
test,"
V",Check sum is @
test,9k,Check sum is D
test,=f,Check sum is C
test, C,Check sum is C
test,V^,Check sum is T
test,"
o",Check sum is Y
test,dG,Check sum is K
test,C],Check sum is @
test,g9,Check sum is @
test,)u,Check sum is >
test,(c,Check sum is +
test,0(,Check sum is 8
test,ch,Check sum is +
test,l},Check sum is I
test,sn,Check sum is A
test,7K,"Check sum is """
test,6.,Check sum is D
test,>?,Check sum is ]
test,k ,Check sum is +
test,@#,Check sum is C
test,LR,Check sum is >
test,[U,Check sum is P
test,3x,Check sum is K
test,a),Check sum is *
test,;4,Check sum is O
test,Wm,Check sum is $
test,xa,Check sum is 9
test,~m,Check sum is K
test,7_,Check sum is 6
test,N*,Check sum is X
test,y0,Check sum is I
test,%O,Check sum is T
test,=C,Check sum is  
test,o4,Check sum is C
test,8b,Check sum is :
test,FV,Check sum is <
test,J&,Check sum is P
test,JW,Check sum is A
test,E6,Check sum is [
test,P0,Check sum is  
test,"
E",Check sum is /
test,J{,Check sum is %
test,1Z,Check sum is +
test,#L,Check sum is O
test,:6,Check sum is P
test,qh,Check sum is 9
test,^},Check sum is ;
test,8:,Check sum is R
test,"""P",Check sum is R
test,"""Q",Check sum is S
test,Dk,Check sum is O
test,g3,Check sum is :
test,"
e",Check sum is O
test,:[,Check sum is 5
test,AQ,Check sum is 2
test,^+,Check sum is )
test,<J,Check sum is &
test,7},Check sum is T
test,[8,Check sum is 3
test,=>,Check sum is [
test,w3,Check sum is J
test,Ej,Check sum is O
test,"}""",Check sum is ?
test,Fe,Check sum is K
test,6U,Check sum is +
test,D[,Check sum is ?
test,(%,Check sum is -
test,~G,Check sum is %
test,]%,"Check sum is """
test,X;,Check sum is 3
test,l$,Check sum is 0
test,^5,Check sum is 3
test,e.,Check sum is 3
test,R4,Check sum is &
test,MM,Check sum is :
test,OC,Check sum is 2
test,2Q,Check sum is #
test,<J,Check sum is &
test,3],Check sum is 0
test,ft,Check sum is :
test,_-,"Check sum is ,"
test,1=,Check sum is N
test,/&,Check sum is 5
test,XW,Check sum is O
test,);,Check sum is D
test,6b,Check sum is 8
test,;{,Check sum is V
test, p,Check sum is 0
test,8r,Check sum is J
test,Bl,Check sum is N
test,"}
",Check sum is '
test,):,Check sum is C
test,]*,Check sum is '
test,k6,Check sum is A
test,"""Y",Check sum is [
test,t|,Check sum is P
test,`G,Check sum is G
test,F@,Check sum is &
test,FR,Check sum is 8
test,hB,Check sum is J
test,&S,Check sum is Y
test,pP,Check sum is  
test,3?,Check sum is R
test,f{,Check sum is A
test,wV,Check sum is -
test,Ln,Check sum is Z
test,1>,Check sum is O
test,hz,Check sum is B
test,NR,Check sum is @
test,yZ,Check sum is 3
test,f1,Check sum is 7
test,'H,Check sum is O
test,3%,Check sum is 8
test,3:,Check sum is M
test,fE,Check sum is K
test, p,Check sum is 0
test,q;,Check sum is L
test,X!,Check sum is Y
test, Z,Check sum is Z
test,"\
",Check sum is F
test,jR,Check sum is \
test,nv,Check sum is D
test,<j,Check sum is F
test,BC,Check sum is %
test,<H,Check sum is $
test,Z^,Check sum is X
test,4U,Check sum is )
test,a>,Check sum is ?
test,K0,Check sum is [
test,Bs,Check sum is U
test,-_,"Check sum is ,"
test,ha,Check sum is )
test,	M,Check sum is 6
test,QJ[,Check sum is V
test,"-,8",Check sum is 1
test,z\h,Check sum is ^
test,Bc^,Check sum is #
test,k*4,Check sum is )
test,dt4,"Check sum is ,"
test,.hc,Check sum is Y
test,Afe,"Check sum is ,"
test,B}~,Check sum is ]
test,M6`,Check sum is C
test,=b&,Check sum is %
test,W>P,Check sum is E
test,o}S,Check sum is _
test,JvF,Check sum is &
test,}5h,Check sum is :
test,"+)""",Check sum is V
test,N&s,Check sum is G
test,)J%,Check sum is 8
test,8Y@,Check sum is 1
test,F 5,Check sum is ;
test,T(W,Check sum is 3
test,"A)
",Check sum is T
test,9*>,Check sum is A
test,!6-,Check sum is $
test,B^S,Check sum is S
test,!d.,Check sum is S
test,W]+,Check sum is ?
test,3/c,Check sum is %
test,Ia;,Check sum is E
test,cM9,Check sum is I
test,yag,Check sum is !
test,WaZ,Check sum is 2
test,\pO,Check sum is ;
test,"
i~",Check sum is Q
test," o
",Check sum is 9
test,YO.,Check sum is 6
test,[6n,Check sum is _
test,kUZ,Check sum is :
test,jBj,Check sum is 6
test,gVM,Check sum is *
test,o@3,Check sum is B
test,2&g,Check sum is _
test,MBD,Check sum is 3
test,%0~,Check sum is 3
test,",*\",Check sum is R
test,20Z,Check sum is \
test,B>~,Check sum is ^
test,|+2,Check sum is 9
test,*pC,Check sum is =
test,t4A,Check sum is I
test,+R;,Check sum is X
test,)$0,Check sum is ]
test,@_T,Check sum is S
test,8/H,Check sum is O
test,=8z,Check sum is O
test,_Fp,Check sum is 5
test,V_G,Check sum is \
test,",Jz",Check sum is P
test,pz$,Check sum is .
test,/.`,Check sum is ]
test,Of\,Check sum is 1
test,]}:,Check sum is 4
test,0}O,Check sum is \
test,Q },Check sum is N
test,wCa,Check sum is ;
test,5QN,Check sum is 4
test,~B/,Check sum is O
test,uyN,Check sum is \
test,)J.,Check sum is A
test,b;y,Check sum is 6
test, DS,Check sum is W
test,<	!,Check sum is F
test,"mZ,",Check sum is S
test, \n,Check sum is J
test, $G,Check sum is +
test,uA$,Check sum is :
test,"C
f",Check sum is S
test,"v""r",Check sum is *
test,EBy,Check sum is  
test,#Hy,Check sum is D
test,[qv,"Check sum is """
test,{sB,Check sum is P
test,<+H,Check sum is O
test,p^J,Check sum is 8
test,iwJ,Check sum is J
test,JR:,Check sum is 6
test,V>b,Check sum is V
test,"=;,",Check sum is D
test,n!m,Check sum is \
test,B(x,Check sum is B
test,Uai,Check sum is ?
test,+rl,Check sum is )
test,o@_,Check sum is .
test,(Bf,Check sum is 0
test,-_r,Check sum is ^
test,dJp,Check sum is >
test,KZu,Check sum is :
test,/e4,Check sum is (
test,+>),Check sum is 2
test,z)],Check sum is  
test,0$b,Check sum is V
test,1-o,Check sum is -
test,6Dn,Check sum is H
test,"k
,",Check sum is A
test,v;J,Check sum is [
test,4#k,"Check sum is """
test,",_w","Check sum is """
test,BF	,Check sum is 1
test,]\s,Check sum is L
test,nx.,Check sum is 4
test,:tt,Check sum is B
test,R7<,Check sum is %
test,*po,Check sum is )
test,aOX,Check sum is (
test,>l#,Check sum is -
test,E4i,Check sum is B
test,"""((",Check sum is R
test,GW|,Check sum is :
test,\'&,Check sum is I
test,g0],Check sum is T
test,KM],Check sum is U
test,O<',Check sum is R
test,wu#,Check sum is /
test, YK,Check sum is $
test,",q\",Check sum is Y
test,VE&,Check sum is !
test,kC!,Check sum is /
test,:jJ,Check sum is N
test,[8U,Check sum is H
test,2Y4,Check sum is _
test,9;`,Check sum is 4
test,](;,Check sum is  
test,H3>,Check sum is Y
test,3j3,Check sum is 0
test,Zj;,Check sum is _
test,K9B,Check sum is &
test,<2L,Check sum is Z
test,DYl,Check sum is )
test,w-^,"Check sum is """
test,.BV,Check sum is &
test,+NZ,Check sum is 3
test,	5G,Check sum is %
test,K)G,Check sum is [
test,d*j,Check sum is X
test,S6~,Check sum is '
test,|*R,Check sum is X
test,x<A,Check sum is U
test,"	,4",Check sum is I
test,@$=,Check sum is A
test,9Fn,Check sum is M
test,W\k,Check sum is >
test,[ 4,Check sum is O
test,sgc,Check sum is ]
test,+Rm,Check sum is J
test,SWi,Check sum is 3
test,bzM,Check sum is I
test,"M<,",Check sum is U
test,#DL,Check sum is S
test,"
YK",Check sum is N
test,u5D,Check sum is N
test,"j,G",Check sum is =
test,";|
",Check sum is !
test,<dh,Check sum is (
test,/Cu,Check sum is G
test,17j,Check sum is 2
test,60a,Check sum is '
test,2YB,Check sum is -
test,MV(,Check sum is +
test,6:.,Check sum is >
test,wM=,Check sum is !
test,J|Y,Check sum is ?
test,Dwe,Check sum is @
test,_xo,Check sum is &
test,r;t,Check sum is A
test,[]t,Check sum is L
test,C$>,Check sum is E
test,/Cv,Check sum is H
test,DHH,Check sum is 4
test,"s&""",Check sum is [
test,b$v,Check sum is \
test,:t%,Check sum is 3
test,G>J,Check sum is /
test,"t
X",Check sum is 6
test,"(}
",Check sum is O
test,LqP,Check sum is -
test,bgr,Check sum is [
test,)kM,Check sum is A
test,YNp,Check sum is 7
test,GO4,Check sum is *
test,/GZ,Check sum is 0
test,t(U,Check sum is Q
test,(s$,Check sum is _
test,?3R,Check sum is $
test,5^K,Check sum is >
test,lsS,Check sum is R
test,"""iN",Check sum is 9
test,Q	=,Check sum is 7
test,'mq,Check sum is %
test,m*),Check sum is  
test,*sr,Check sum is /
test,/UZ,Check sum is >
test,*x%,Check sum is '
test,B]S,Check sum is R
test,_Ny,Check sum is F
test,_Q/,Check sum is ?
test,X6Z,Check sum is H
test,E_g,Check sum is +
test,rzP,Check sum is \
test,jRG,Check sum is #
test,d6g,Check sum is !
test,cE?,Check sum is G
test,0j.,Check sum is (
test,_Rp,Check sum is A
test,S	f,"Check sum is """
test,"!N
",Check sum is Y
test,;Yr,Check sum is &
test,J{),Check sum is N
test,LwE,Check sum is (
test,MoD,Check sum is  
test,rV4,Check sum is \
test,)z',Check sum is *
test,Z_A,Check sum is Z
test,?#$,Check sum is &
test,'LI,Check sum is \
test,[F+,"Check sum is ,"
test,xEl,Check sum is I
test,8m9,Check sum is >
test,?mR,Check sum is ^
test,jRP,"Check sum is ,"
test,/Uy,Check sum is ]
test,:?U,Check sum is .
test,uB{,Check sum is R
test,f-d,Check sum is W
test,_qr,"Check sum is """
test,	mk,Check sum is A
test,D8a,Check sum is =
test,VZ:,Check sum is J
test,",8\",Check sum is  
test,wYK,Check sum is ;
test,BPO,Check sum is A
test,t8U,Check sum is !
test,{!),Check sum is %
test,'R[,Check sum is 4
test,efH,Check sum is 3
test,u	',Check sum is E
test,b=C,Check sum is B
test,`o6,Check sum is %
test,)o*,"Check sum is """
test,huU,Check sum is R
test,&1&,Check sum is ]
test,":B
",Check sum is &
test,gVp,Check sum is M
test,<zR,Check sum is (
test,5T],Check sum is F
test,okJ,Check sum is D
test,?a(,Check sum is (
test,R.n,Check sum is N
test,J`m,Check sum is 7
test,gYC,Check sum is #
test,ipl,Check sum is %
test,RJE,Check sum is A
test,x89,Check sum is I
test,\N6,Check sum is @
test,nP*,Check sum is H
test,"-c,",Check sum is \
test,[P),Check sum is 4
test,Lbx,Check sum is F
test,=89,Check sum is N
test,3={,Check sum is K
test,2QQ,Check sum is 4
test,EL.,Check sum is _
test,D_u,Check sum is 8
test,",*!",Check sum is W
test,hY&,Check sum is G
test,5^F,Check sum is 9
test,WSQ,Check sum is [
test,vvG,Check sum is S
test,Vje,Check sum is E
test,5)P,Check sum is N
test,YCR,Check sum is N
test,OwS,Check sum is 9
test,<2%,Check sum is 3
test,4k|,Check sum is ;
test,Da),Check sum is .
test,TS*,Check sum is 1
test,~$m,Check sum is /
test,U1w,Check sum is ]
test,EX:,Check sum is 7
test,"
.%",Check sum is =
test,"kN,",Check sum is E
test,\69,Check sum is +
test,"""#$",Check sum is I
test,f&|,Check sum is (
test,"
Y/",Check sum is 2
test,0}w,Check sum is D
test,RAA,Check sum is 4
test,Py8,Check sum is !
test,Jvm,Check sum is M
test,Iq%,Check sum is ?
test,"(,>",Check sum is 2
test,^!h,Check sum is G
test,Ij\,Check sum is /
test,?#.,Check sum is 0
test,i_z,"Check sum is """
test,wf;,Check sum is 8
test,?Ah,Check sum is H
test,;6s,Check sum is D
test,*[z,Check sum is _
test,"=	,",Check sum is R
test,MBS,Check sum is B
test,tqI,Check sum is N
test,Md{,Check sum is L
test,w\*,Check sum is ]
test,Z*-,Check sum is Q
test,"?""k","Check sum is ,"
test,m%n,Check sum is  
test,d!_,Check sum is D
test,!X8,Check sum is Q
test,3T=,Check sum is $
test,u=3,Check sum is E
test,D[u,Check sum is 4
test,y7_,Check sum is /
test,UT1,Check sum is :
test,"
Mh",Check sum is _
test,`(G,Check sum is /
test,"
=X",Check sum is ?
test,[U;,Check sum is K
test,Zc6,Check sum is S
test,VZk,Check sum is ;
test,-5#,Check sum is %
test,84a,Check sum is -
test,$>$,Check sum is &
test,56Y,Check sum is $
test,//$,"Check sum is """
test,XZt,Check sum is F
test,LH?,Check sum is 3
test,EJb,Check sum is Q
test,"e5
",Check sum is D
test,"
0^",Check sum is 8
test,AF ,Check sum is G
test,:QG,Check sum is 2
test,T}C,Check sum is 4
test,{ (,Check sum is #
test,\IZ,Check sum is _
test,ffY,Check sum is E
test,VF(,Check sum is $
test,%w%,Check sum is !
test,""",G",Check sum is 5
test,;T/,Check sum is ^
test,	z],Check sum is @
test,79*,Check sum is :
test, xA,Check sum is 9
test,wd>,Check sum is 9
test,-/>,Check sum is :
test,891,Check sum is B
test,!V#,Check sum is :
test,Ue_,Check sum is 9
test,9I-,Check sum is O
test,MrO,Check sum is .
test,(qJ,Check sum is C
test,yDl,Check sum is I
test,b2;,Check sum is /
test,8+/,Check sum is 2
test,P|B,Check sum is .
test,+A*,Check sum is 6
test,HX@,Check sum is @
test,sv3,Check sum is <
test,80!,Check sum is )
test,n6i,Check sum is -
test,Be^,Check sum is %
test,;W<,Check sum is .
test,}R2,Check sum is !
test,h<=,Check sum is A
test,",Pm",Check sum is I
test,"!,}",Check sum is *
test,uUJ,Check sum is 4
test,R+r,Check sum is O
test," ^,",Check sum is J
test,:hB,Check sum is D
test,g 3,Check sum is Z
test,"+<
",Check sum is Q
test,Ceq,Check sum is 9
test,Z:d,Check sum is X
test,xW1,Check sum is  
test,;=A,Check sum is Y
test,P9@,Check sum is )
test,;_h,"Check sum is """
test,"z+""",Check sum is '
test,3DF,Check sum is ]
test,xeE,Check sum is B
test,VUe,Check sum is 0
test,e	3,Check sum is A
test,QIc,Check sum is ]
test,yV=,"Check sum is ,"
test,ta3,Check sum is (
test,-9i,Check sum is /
test,mv_,"Check sum is """
test,ciT,Check sum is @
test,C<q,Check sum is P
test,Zp>,Check sum is (
test,M7W,Check sum is ;
test,rZp,Check sum is \
test,"l%
",Check sum is ;
test,I-g,Check sum is =
test,(X|,Check sum is \
test,HFl,Check sum is Z
test,+6T,Check sum is U
test,wI<,Check sum is \
test, I),Check sum is 2
test,95H,Check sum is V
test,B+S,Check sum is  
test,w!`,Check sum is X
test,ZS9,Check sum is F
test,zfP,Check sum is P
test,]RA,Check sum is P
test,TG\,Check sum is W
test,]2T,Check sum is C
test,uqC,Check sum is I
test,9.J,Check sum is Q
test,`aQ,Check sum is 2
test,~~^,Check sum is :
test,8$],Check sum is Y
test,r(P,Check sum is J
test,"9	,",Check sum is N
test,NAq,Check sum is  
test,+at,Check sum is  
test,"""{N",Check sum is K
test,POv,Check sum is 5
test,Y{C,Check sum is 7
test,TZ8,Check sum is F
test,o65,Check sum is :
test,d?=,Check sum is @
test,#T9,Check sum is P
test,CV0,Check sum is )
test,/Tf,Check sum is I
test,Twg,Check sum is R
test,WOC,Check sum is I
test,y>	,Check sum is  
test,f[^,Check sum is ?
test,B$+,Check sum is 1
test,dgM,Check sum is 8
test,-8+,Check sum is 0
test,_EZ,Check sum is ^
test,~C=,Check sum is ^
test,dIl,Check sum is 9
test,Sd$,Check sum is ;
test,{Hc,Check sum is F
test,f$@,Check sum is *
test,	OZ,Check sum is R
test,"dG""",Check sum is -
test,!|F,Check sum is C
test,^0D,Check sum is 2
test,J2q,Check sum is M
test,]FL,Check sum is O
test,mxK,Check sum is P
test,Ka),Check sum is 5
test,<U`,Check sum is Q
test,F*_,Check sum is /
test, G<,Check sum is C
test,xE?,Check sum is \
test,/l7,Check sum is 2
test,>[T,Check sum is M
test,D59,Check sum is R
test,dj5,Check sum is #
test,Po>,Check sum is ]
test,Lzp,Check sum is V
test,]1	,Check sum is 7
test,	A],Check sum is G
test,N*h,Check sum is @
test,%>a,Check sum is $
test,w8u,Check sum is D
test,",\3",Check sum is [
test,!^},Check sum is \
test,8'|,Check sum is ;
test,dgB,Check sum is -
test,><W,Check sum is 1
test,oo',Check sum is %
test,L}A,Check sum is *
test,{Wy,Check sum is +
test,Ea<,Check sum is B
test,U	:,Check sum is 8
test,YYM,Check sum is _
test,i[%,Check sum is I
test,<L',Check sum is O
test,q-t,Check sum is 2
test,B6g,Check sum is ?
test, 	g,Check sum is 0
test,UWr,Check sum is >
test,WE8,Check sum is 4
test,\`6,Check sum is R
test,ufy,Check sum is 4
test,R-.,Check sum is M
test,YG	,Check sum is I
test,?{b,Check sum is <
test,x;s,Check sum is F
test,",S2",Check sum is Q
test,/m	,Check sum is E
test,7|i,Check sum is <
test,Hfc,Check sum is 1
test,"N-
",Check sum is %
test,"$6g|a0*1Y, eic-EA	zv=xw9%P'519",Check sum is +
test,"$Z-W2g*>[Y2R	e6rceT?+Z[T]kUUV)C
8L0$6a)",Check sum is V
test,"b$MX""j.K(.KmX<t%W","Check sum is """
test,Bj@9o&${ L~?Yu?m29gb	,Check sum is Y
test,"K1~%ZD:bR'|{1vuLu{w2""",Check sum is L
test,"17V?:RT
*!Y=@Y",Check sum is A
test,"+KZtZmG_%VE
maRE8TiXs
vB`P",Check sum is 2
test,"o~~2o^+""3s(b`ZKqB<pC",Check sum is .
test,"GS,KH",Check sum is 9
test,"OG+9TrQ64XV+U`KH<YBJ1sTv\z-;\/PG	DBRo@j;C8""<UZ%uc",Check sum is %
test,"dv([d*P+t&_PJh1,	Mjo4L",Check sum is M
test,"24au%<>s}^D{3?s`(:[/5CBa,8	Ao<Oic",Check sum is H
test,"scE]kq\,x?J&_mLuhzn2@&I,}C@QMFT>AO9O'nd6l4?AN<D!S>",Check sum is *
test,"N;YXj@gn:*3 ^)y
5t7p?'+",Check sum is ;
test,"
T}#W&76g8DyK3!eaDf`l;6w)>*Zz6`LR3~9jsyO[CYiE+oIz",Check sum is Q
test,_8+FqeU,Check sum is S
test,OR&EmKAf$8W	 me~#ITZOekz<dh,Check sum is 2
test,"?jm~qstP|YgW;
",Check sum is 4
test,"""yhLd(RP`^@u_#d",Check sum is 6
test,"	k(dF;RgnKA<I}""h%!A1f(/$'H/",Check sum is W
test,"\""M4mU7@u.F",Check sum is A
test,E2e/NHc$b	5,Check sum is (
test,+YHsJBx})s^(Hv\.>20q3r`P0'Rs\)*zhy/Su0+qH,Check sum is !
test,"
9Jha'Br{(f <",Check sum is 6
test,#A<\LP	*c9hg`4fXuV)o6jugw(8?VphwPDHAhxIbccJ,Check sum is :
test,"f39m|4KI<iFLPU<,.k,<GiX}:""&E=Z!ia5vH0'7'<2o",Check sum is ;
test,NUL^vt?tF}}s]gdh95ELY*p/Bik,Check sum is D
test,\oS4G%q!l%t,Check sum is 5
test,"k4oTe#UKgK,Dpcw)1+0}}cvk0zcy3B&w[b:l?4",Check sum is 7
test,4VD x[^&l^,Check sum is /
test,Y Y.]P*mnm'Hwcr_M`pk*,Check sum is K
test,"v
hB<L!b_t}ul(,:fLTVYd
4JY^LEhRVkisC/wb
w",Check sum is  
test,E7citioTJ4JQ/e'h,Check sum is D
test,4>6,Check sum is H
test,BA	2wTdg,Check sum is 4
test, 0(m+~-_9z2e~O,Check sum is Q
test,"k#/\ 1""yZP\hldPc3E@LHXAY4ZrpAd^!\3QW@	?q)'",Check sum is (
test,"LoOcTFLTTs?Rwl@Pv""55EOUs8sIa!!nYZ",Check sum is (
test,">R *g,VJlETAN&3LsP(vpK$pt|N}Jd'##E&KMH.%,%*[i",Check sum is I
test,~\Jy0=i}O?EjJ	.^MWG(G4	]CBUl-.40(,Check sum is M
test,"I
+",Check sum is ^
test,}Q#*#L&Cw94Ek<&k}0m?WYXO>j1\Q(K_Pl+a^4PM-g,Check sum is G
test,"\bN0`/AQIVy]rB*1UXcS[uti71C
o9>","Check sum is ,"
test,eBJ`P,Check sum is A
test,:F!3z!SQSo+f }^HWN,Check sum is .
test,HU$@Q3r}PpV_[,Check sum is $
test,%;kxI2'ZV7OGTkCq=,Check sum is 2
test,"n0?;QVYL`l""SBH@&+X_8b@^7|+xm8])E dlll
 2l",Check sum is %
test,Z=[;n^N*0p2lw)+pc~YF5Bkdgb,Check sum is Y
test,"yND	>pby<W}uuJ_+4#_77:r};GWe'@l>$GD+
sX&",Check sum is <
test,"z0lYJ<xjb`z,p5AGZgLD`yo[Ehw!DY4c'aHX
)(~}oFZyW",Check sum is V
test,"?;hB|Ilw
ec<w*uc}(mibYaEU&",Check sum is J
test,^G%	,Check sum is 3
test,I^u[)bA]l0RvbC:L,Check sum is O
test,"o;G;	(^c&Ruf56{}u](
}T4DKm&",Check sum is _
test,^)M[+>J3	z\WgB9hNtq ,Check sum is H
test,"];qhHPt*F,X|yM",Check sum is S
test,|Ug$$Uge}Od2G!{[3E^8	ghJ[D@<,"Check sum is ,"
test," Krw	B0vA%!mkt2z,+ICZZ 
}V",Check sum is 8
test,9k=s37A=R:|kvu8$e6$UZw'ug:s%^y1`aycw4 q,Check sum is 1
test,"@+""PA=u;AXa#2H%gy9jsK)2
#(l:8{E[rk*u97",Check sum is =
test,50cFXvBJ7,Check sum is ?
test,JQ~LiD0-8-HZK;,Check sum is \
test,ol7>)v6f[:e,Check sum is %
test,"pA'io>""? CNi",Check sum is I
test,"gNY 4JB""|A>6V&3;b6CY2:,n(7
FW&eT7]Vmgi[7xEco",Check sum is 2
test,"pfToC>I-+0)^OhHuOx/rt[:b.+UP|T}Y,<1^1.}Ef}
H",Check sum is J
test,W'@R;g.8op?]M4J#V?U,Check sum is K
test,@BTz^%:;OoK#y2B<%Rj<v1aAV40v	E1X,Check sum is *
test,Z^	hZkWk?%;.rR6OnS`D-jz7	#OvK9~:#<tgN#@nZ,Check sum is 3
test,l]ft;%IScr\|t]clJ7^|S?s/#mGAs(=A$MBFwxL}[:3,Check sum is E
test,"ZwDyw2
T*AVJg]	}zNpHc^I\\~;CR+&c't+Fk",Check sum is E
test,"niu1x,9E^0'c4jp",Check sum is %
test,5|,Check sum is Q
test,"^t{(Em!TU{\B<5]rNL _X_=r0I&	xV@cIlRDv:""3BG",Check sum is [
test,"_<:NpG'C'H8""Iy5S?l""L8Hb?I8X[S2Dk~fqO{",Check sum is 8
test,>!$)h'Q4#,Check sum is C
test,TvA&FRs%JJ,Check sum is U
test,s\%>/= -QYM@8{19L[4	i0,Check sum is \
test,"z)Vp""0V|)&rpxoeYI5|F#|#1A%x;1",Check sum is @
test,"OfKw[^""`@bis6@zK!","Check sum is ,"
test,:(unr5wCGUuSg@zQ,Check sum is \
test,lnH@PlE<S?}F,Check sum is T
test,"q)s<,z}E2C*}m2lN_>Qh~\vo1`Cr:>DuQfgW8'",Check sum is &
test,Ft!0+cDNgwD6X@x+TwKn5pa)J^h|EfnQRT;T43-Cr5(,"Check sum is """
test,"#nU3{{]3/Qp7rm,lLXGo@oSR-pVJ>ZV",Check sum is 6
test,"l'_PH%[?L&HAtynx3s=
jJh*j(.(=k!0SWZI2` ,,<~_
Q\",Check sum is 2
test,j0} 2)Xsr,Check sum is /
test,"i?cB%K}7N1M3.#`H-I1,tM:n5o~/X",Check sum is .
test,"S)jDCEZ~GIwL~sQ78#q""nP4z ir#	7Ph{>",Check sum is _
test,"f&,`X/B+I3A|eS`h",Check sum is %
test,"g)<gv=t%
&E+YTJdh._L^A}GGPq?o'@O@ic
-h#h-Z07}1($",Check sum is H
test,")iCnx0""|58U64r",Check sum is G
test,IM33T&P_,Check sum is E
test,"~ipP8-(@eB%oAu).{M_i*wZ""HpVCq>c#tcWoMJt",Check sum is 7
test,"m&qCIjqy{=-]LzDjW+2f$AZYV =}KRX68.%,
MP2a7",Check sum is /
test,"o9H0E~SCa3""M;H'vTU5{+	dK1`",Check sum is I
test,"Sd@KFTcKL|J&-1+LP`Mb/D
/nk+a	T-Nq%66
MbPyT}c""",Check sum is Y
test,O|g]fM3K,Check sum is  
test,"RSmx#dJ,'le442qpWU(]lPETBI=}""f6tGjYz^q",Check sum is *
test,~!',Check sum is &
test,t#J08+\9P(*+@T}HH0)YYM%}'AM'^<>0l[TmWDsO	U=!C1.VJ,Check sum is X
test,"c rV}XxSL->Gf~5Tr-e5P0<k=/,)jbgxKP1pM?R	aF#hg>TA_0",Check sum is  
test,z#t/)Am3=!Q*-vlWLa[Z+,Check sum is 6
test,nZAUU_=e`U?<`,Check sum is $
test,i!*BP`.r4')4M1+Y/3yt+<n `+5de,Check sum is -
test,"iwa,&;}*6Clj[7?
7rIwB	I._S96Vbr",Check sum is 5
test,"zW#SUH<&c$|ibXDl]yZU%evHd
]3)8MK=^De1}J0","Check sum is ,"
test,;W#h,Check sum is =
test,5'$6^[lvV\1UM*OcELPmu,Check sum is U
test,\#e?E^HZ3,Check sum is ;
test,^%F2j6;2($jz@K,Check sum is #
test,"%Y_
|R	kb}Mr==g",Check sum is H
test,"FI]Adi0Gp6+jjqCFX7&U}}
^""-/3;4)Z13VHEW_",Check sum is <
test,@qtF7g;>a;/mqW63w`]nWDPR=lEq=J+r7v8_7M).,Check sum is L
test,tUM+48n$r;+H6d,Check sum is Y
test,"b6i^~LLJ3e$E8{:m"">q>a}[%!-YPp-@j""f|",Check sum is )
test,w!M5bsU$;jr~{ 7tw	&1cF,Check sum is #
test,"RxC
RMKRQ)P1.
odm4)Jq
RDnz?+EYAC>cMUo(	</K#IO l",Check sum is 2
test,$xO*lF'j-+,Check sum is P
test,1bzCi6`F,Check sum is 5
test,"^uUZpG3t%7_
Ab4kEE36a;vRM_0A#)QXMRAX$ot^U2",Check sum is T
test,t%,Check sum is 9
test,jHb@DyCe`41q*i{,Check sum is ]
test,c%o$N5xd,Check sum is Z
test,"k!^5@A%-{2zxz5 P,?}E0bF-0u]6 ~#",Check sum is ;
test,zFr/G^PP)+x*`$'ldd,Check sum is [
test,uK[Omb*y>Ls^UXj>y$%cFl95,Check sum is 1
test,"7Muz1}4Sop#20lAp
fh=Mhh`b
1KdQN\3V{	T2.+",Check sum is N
test,"p)Oc,=dN]eiQ	N|a
Fee",Check sum is P
test,c1LTR9uiA+_Ec-1UA,Check sum is $
test,ZeOT[8~_*hG[1)Kd-T Y -0>7zQ:1%?4@!'_mN,Check sum is K
test,"}6r>""Qc8;9mtYqElZnY
 ~'}90U.'_RnQEn1Zqn%",Check sum is S
test,"M-x&.ZY&5#nsfOB""3JF7Q*c>lZ_U!/Ym,]Azk~F\sVrLBIk",Check sum is C
test,"^-8'c5p<ArA
[oQ^hW0}W50FgMQaIv1=(,hr'AR/6g7",Check sum is 1
test,"$*L,A22E",Check sum is P
test,"y	3zqB:FO*$6&bp'm0ni$\-""GkRg+)$J4`^~*i3",Check sum is Z
test,#	[lb(W,Check sum is 4
test,8@,Check sum is X
test,H4??@:~8Mtbb\G#_99A1Y98 JpH94?<0fAbR%U%Z:GK,Check sum is <
test,q	[fWq` L,Check sum is /
test,Kqz\rA=f,Check sum is H
test,y12#QkN}=HgU}Eu0x*|X9cl&hA@KY'm79,Check sum is C
test,U{HS,Check sum is K
test,"Y.8}AA=\%`|
G]KZ##_+*G{A",Check sum is H
test,"p`^[6&KT>p}GG=[,?\,K48.k>!R;x_A'WYIhc",Check sum is '
test,w-y(sWqg !7)7x[|GO^sClc,Check sum is '
test,'IOsam0yml,"Check sum is """
test,;xs8s-eb	,Check sum is .
test,c`q*	)Ee7q+shCg=WQ~;f-L?TIV#5pou&l`$0$\9.@0('e~*,Check sum is F
test,BiJ ~.~\mf.DAez6k-?*8'!*^|RzoV,"Check sum is ,"
test,Ia-\sdd@NedpSG8'XxQXJD.+,Check sum is .
test,@QdGD>=GIUYDmy]C/&}(UlhG yJy<W=Y?,Check sum is Q
test,"QwRyWjk=GWX\X3xj)g;NBy}o,#k,~k""Y&W?",Check sum is !
test,"yPo,t\Pl",Check sum is P
test,b2DC?a,Check sum is [
test,\2v,Check sum is $
test,65YA{\,Check sum is <
test,"f'
_0f/nnD>
MbV*>Pu7Z7yQ5LP3%~yxR9<rU(S}M~9",Check sum is )
test,",NerHl	H
9TrDE\>eIdWQ_l-P`#
f* ",Check sum is !
test,"+Und];Q7Jk9xD[+%vn2~]?/4G=`7<dyxv+,[D-~i(60d~ )Pf",Check sum is U
test,Apz\A+1Gs$l4xN*X8[2`[Rw,Check sum is S
test,"n$#1N}HT!tko#%hewn:+ 
GixGs
is{uSo[`9(",Check sum is ;
test,G`x8@\m_$xE!r#E%`)-xIp|%/lw|@C,Check sum is 9
test,"3SB^xD>Czt04g)9,`a:@CFd[hU",Check sum is J
test,0x[4~i>5j,Check sum is [
test,]F{Xr4&6_>&IHJ,Check sum is 6
test,"bbluiv#Z!E4
\;\QPa`,",Check sum is F
test,"YvuU-O""<XU@X$:;/m4Q",Check sum is R
test,rE	#@4@Ms$chP/3k;em8Jy%Bm8g-sy,Check sum is W
test,"tmplsZn:h@? r&l% GnecA3VRR~]i?N[<
v K0\
];*d(o;G",Check sum is 5
test,"xFWV
}qni4WVaw5",Check sum is H
test,$(.wldI=qp>Xc9#,Check sum is ]
test,"&XJc+L$T?;
[P5tJ6Ww6VvZO8he6yj)-M.!OS$>$T;H",Check sum is Z
test,nJw7m,Check sum is 3
test,`R4+}TL\#P{G 8%oE.sL@M2,Check sum is <
test,a-?^	gg?!|vwl_s=\v.U}BUTZ~E	C3f,Check sum is %
test,"^-
TY(5#IZl'$2NK,]g_ZO(et,~""Yr/\B!9X>%r[F!3",Check sum is  
test,"hYgi@@FW{;yGDR[Zx u{PA6CkM@
uuQ]0c",Check sum is N
test,"BPa
c62C~&40PUxML4~TG""""hC}R	%~Q1=
5Cm!;&y",Check sum is I
test,"A#y5iSm$C=.[svO}/`m^Na G
o[mM[Pq!YJ3a",Check sum is /
test,<xK=}W-EW-Bm?k+oj_<aRzOiPf *r$k0+?OL#)=CzFj^a2:{&D,Check sum is ?
test,v@h,Check sum is >
test,"U{,3s.o{;@MAX.Ueq#4L}_6qn",Check sum is (
test,]~%fPCyOwzufK1=Jgk$#/G>bQg2&7*|q5[fqPok,Check sum is N
test,*^tD^r!,Check sum is Q
test,"S^/e)eu$HW7o1uN@0	D`IDrc&*~a of,*",Check sum is >
test,%[t&Xw&^xZ3,Check sum is R
test,"A|Cba?,Z_#cDXP",Check sum is 9
test,"""2b5<Pc(Q|yWkY1 ",Check sum is T
test,"/mF""\[]NFuq0Oq>)54MT-rp)`X8.Jy W?gSH{YI|3CSM",Check sum is S
test,"VkXsdN`x)uSso1~MQ&HU;""~[lC35-I08A1a",Check sum is W
test,GkB^+)`W5# |_lO51 _0~^nXSxfVQN6TOu0U?U';aHhRZ1GT`,Check sum is Z
test,"t2_1IAI1\.u.rY4=J#Umr|57/'Ld9n_$T-NU0J!n*~,Y=1N8",Check sum is J
test,"WWz*rGw0_a|~V:!=^>GpZd^\$c^ ""","Check sum is ,"
test,")Y}""sn5`X{h?#Bm1O]hSI,9u@)`	BT",Check sum is &
test,"S[Qd]m/$,9",Check sum is E
test,`f_Ze~2q\Kn^ gHye,Check sum is E
test,"r7=""bh`#uC
]X/^j5e3sHC]t8(M'Zu*O",Check sum is [
test,"Dtyb)5q@sphA
~StjRhhX1_de-/p>l/SsyX,Yd81&7",Check sum is E
test,1Fq=!Fn2mkrCU@Hj&=78n/q^2EfX>i{,Check sum is 5
test,HN<&eK=q%oBH]%+D3J#n5&>gt^`Id1'JPEVa,Check sum is  
test,72d3hqPEDmxfnhB`dYTI]N Nr,Check sum is :
test,/ ndpoy!9k;9N)Lp,Check sum is E
test,"-L{>+A^(cy\d&(v@GwI'u18cg`HKqPc
2zx!.PL$I :FIL;",Check sum is G
test,0=xVt;z^`Nv&9*%hm5En4,Check sum is %
test,guqemhMUnVJy?<pUO/,Check sum is N
test,!(D5f{QQ|'f8^qacm^}e%,Check sum is K
test,":Z/'Y7rg'G[
`HoKPVYQ{mm,U+Wa#DtP'XI1Yb%Xxu!!-
%PjY",Check sum is +
test,a$i,Check sum is N
test,&\: luDjKX[s@r;C@;Kxpx_B{MWZ,"Check sum is ,"
test,V@=AB<B%+lk9k8],Check sum is T
test,"9Nj>-,vDN GRF`~i&rbplMmm""};8`rD>9q*S,","Check sum is ,"
test,"se;Q!1
(0jY~X",Check sum is Q
test,vJ:lLwO3]CH^oLE.pr6|vB[eG'G!N,Check sum is /
test,IJT})RC*~D'!@JLx'/-v9K,Check sum is A
test,"qOl{f3lBHp_L-}qJH,cB=OdN8",Check sum is %
test,".)w0qA=Zgf&*
",Check sum is N
test,rCu-Rm6LBNDQv1wh})2_&E.QL,Check sum is P
test,1/k{LrB4!2ml ..>LnI`&j*+9p\+'tJg4WQEGJ@,Check sum is 6
test,"m4+^fdn4\iC_gW =i$gCf)p/7}l/qc*}hKE;""",Check sum is <
test,"g4&ezr%@xnU#x>{	~c/&O,""qz}5E<$
u",Check sum is C
test,JY0O_1'*}_P,Check sum is O
test,M'<QX!|X,Check sum is .
test,4bAHz]8Q:lpy(c$evlfQ'wO-9,Check sum is .
test,}n\Rz_g;*=i5[!DM8>4,Check sum is 0
test,m'CXM]awcC1y6,Check sum is W
test,M(+Mp4!je3l%PWUO. 6dy>F;6(,Check sum is .
test,"%k;)7/,.?<WraKn_""Un",Check sum is 6
test,:#mH7}xIzhct&8\uqj60. eqH7Q6.x:>2,Check sum is J
test,7hE-,Check sum is 1
test,"0""<f ;+*""C,",Check sum is U
test,"<Qkx#h]""YreE^V$	$1=ffgA	;>|*WYNR9yu&LHK-",Check sum is G
test,Ysdw~AFN$,Check sum is >
test,b71\Nt#eqYvkej)Hqnec'C-I	&/+D~?|z,Check sum is B
test,{zND!Opk7N~=n|Na09-BzbXfl'[SJw;L_b391vrz]Z,Check sum is =
test,"bk}-8t!Q
<~ol",Check sum is T
test,j3sl/B0Zb4<Neb:UHjpGaM7/h8|%{AoU%M,Check sum is =
test,"H<j'mV4E/&@2bG!c{0SBocEN
n&RW"":DoP*.rU3Bd'",Check sum is O
test,"[w@zaFjLKD@2O
_n+V!n<wSXxnuGW]0C7adNf;VSK",Check sum is F
test,p;a%u/,Check sum is 5
test,"im27<6[<4),U
=0N(R[VsPeT=Q[lP7
KoYcW9Z1#",Check sum is L
test,jV6JyLG%C1*CPP*8928BLf]].V\WD}{q,Check sum is )
test,"_f~}(*HE\FOX|~Hv=~7>h3hGu>||5:$j\b4h%8JeU#veJ\
/",Check sum is :
test,s_gg5,Check sum is 5
test,"tqn{c
he
p","Check sum is """
test,"izGXlC>4v.dx,KoP%$}v15-vR_pz:cO9dwxN(X~aw?N",Check sum is B
test,"+KIoN(qw
v\wtBW[
C",Check sum is 4
test,"q,3MdsH9'c!*D=\A>&|3R#C?b:{jv}	zm	?",Check sum is >
test,"/z
d@I",Check sum is @
test,"X9?biXAX-	'JMXIdAxvZ\&1@>Yh;Gr%;""ovXLM`wm7C\*#Y&yC",Check sum is N
test,8YTsB~`MOn/BA)|<Xv&~w:?ol-&,Check sum is E
test,"4,pSA)5wb>KM
=>8	PX!ZJb7U8x","Check sum is """
test,"U_h>NUdp-*1FD*.D=R_B*(b\,$/,=l	CN0S6s2x	a}a[.->'*",Check sum is 0
test,"QU?P(GCQ]9'$MN'f|
'.NA?_Q5*Krm",Check sum is C
test,4)LQQS,Check sum is >
test,"p)dS""8sN>ck:S	?UrH$",Check sum is _
test,"cgdkZYG7Xjgf PiXU86O4`;:zz37G""'uz%",Check sum is G
test,ws=!_(	[&-k?bG}`X^,Check sum is L
test,[u~,Check sum is .
test,pF%iMPMdJ^%9n(Mq!d*,Check sum is ;
test,\QAFPrUu0U!gOao~p$v$6sT9=MlZ2c]~I.,Check sum is %
test,`T'^)XHvv\4o!Z\]v;J2o<	ey%MaXgSv(8s,Check sum is .
test,lY_p4IBm2+5,Check sum is 2
test,zWK3{?T,Check sum is =
test,~z48=@A3CH)@',Check sum is P
test,wxQ'5&?dvTjd>Ln24zx.,Check sum is [
test,"P@V
'Tc'iYcoKB'rUad[S81}uN!p]""y2H(_kU^yk-",Check sum is 9
test,"'K=|3I
rKa/c|ASPs]	[VG",Check sum is 2
test,"Qy-|0A_Q
}!|@.w8g'Lf<nLn
g=_4jwsU*_3-H#Wvso",Check sum is F
test,*[_\>M)|[D5VW	\z&+3dmM4m-9 )U,Check sum is 7
test,"}})tI;	,Dc`~-RN=GlOpj.%",Check sum is .
test,">1tv-MucT{7vK.Hk*~bRC#CR's+zPZn&&U
dSxMIn3, lK",Check sum is 5
test,(uPcE-PrP,Check sum is 4
test,YN?[r.@mY(dTa[Q'.AarJ(e>g_Vh_Zzlzf$mKbn:Pnjx>0M(:,Check sum is X
test,"[o8T;(b\~u^tTtE>_v$cEmNW+""!noEC",Check sum is -
test,"jt9[=e
G\YvwV]`Wu(C`u",Check sum is F
test,"IqD7SRaF;yuFQ(b{gOAB5kL`=<D}03[(eF$
rr",Check sum is H
test,"	G5x<cuQXQIU1t4RSI""hR","Check sum is ,"
test,"kuD7E6vAiYm>m12W=""xx-FA^}Xr(nZxMEdo]eTtJt",Check sum is >
test,XU[2sQ.`mb?X|U?b^r,Check sum is T
test,b2b85|l!na=7^a,Check sum is N
test,"w/T8V~7#3P%PT$ZS
~",Check sum is %
test,7ny?0->g2eBjx4Rd<we)w5*,Check sum is ;
test,"]z:c
m%m<!ZY2UZ++u""vq?qNF6}UCRGCY!OewtC;zEIErI)F#q",Check sum is /
test,xil^0qHYi%j&tlSm*  ZKa g>=2umr-R	)<gfRfG,Check sum is <
test,_UQK},Check sum is -
test,"U!$u{j'GF&<a=	9NT""U%c	7S0KDB~z--%hI-JB<#ed(04*>f)^",Check sum is )
test,"AX~C3!FDB_c	s )VX#=@F""[",Check sum is 2
test,TZ.x,Check sum is 4
test,HV<>.Gb1>EX7A3,Check sum is F
test,"+%^%i$o*PLC?|-r;DfRi+0QJr5/19h@%Xp""o&B5",Check sum is +
test,"f'\62WqhO9t7q([,zM	AjF+",Check sum is  
test,^?);Ia-8,Check sum is 0
test,".5&33eRu}%AD!z$?(z'L}""[3Esi1n<^6M|_u'sk{zmy9k^",Check sum is 1
test,"NfP*g$rAV)IA
^,@X5;_",Check sum is P
test,PM!jiI),Check sum is #
test,"tF*<]""",Check sum is ?
test,"J	)4am9&3`~yG,|",Check sum is 6
test,"i-I"".p(/w[lVlG""9dk/uGMdZTaAlKt	+
dJak",Check sum is V
test,"T-/lZk7x8vO65wUmhrc,[mhc7fy#=e9{:'nEh#}/^{	",Check sum is I
test,I.<jQmg$,Check sum is F
test,Vn&7{	e.3J_`cF0/getRI5?Y,Check sum is D
test,npX.xKH.;xA;P&#{u<Oql6M?kO6R><JCCDBC;b|-i@.pU:	,Check sum is Y
test,"z}N44^l#g1,|{+=NzNaax0[G",Check sum is ?
test,"fSJgL&
6s~|kO~-0s6""L3",Check sum is H
test,"Hx6(>cKbnT+A:W9
TB'&qJ%j-",Check sum is (
test,$E\	N0,"Check sum is ,"
test,"m<{;ew
*aFaK@*	5gA6^5e$oa}oGywx!RP~\pyHF|7",Check sum is 6
test,"4:	>%u)6f*@/B""!w9FXjw$3D%
[V|b",Check sum is Z
test,0n\e$o],Check sum is /
test,O6dxXsK([9X%||1.-AR<A7p={Q>\uG%P/,Check sum is N
test,"
l",Check sum is V
test,"T[Ut}jgzIb	K$;
bGeef+Q;:{$I
PGMsttDw$BQ-\",Check sum is >
test,~Z`q,Check sum is I
test,~4%$mQj~/et6H m	3~D&(l-<m.C%z/d,Check sum is E
test,"cPhXc
DXkqC<^@dh",Check sum is !
test,"J}9AQ-_r\|*EqF,~dgQyjAY",Check sum is 1
test,";r;]Lfsl}""vnff{aqE65+Kl&@76,7}<1C`k$+",Check sum is !
test,"cUOE^LO5+STgK:J=Qp
xdA>Y",Check sum is ^
test,EIFY0\z^5'i<K=on	i]U1&r	Cv f,Check sum is L
test,z{lL<A_OiNf,Check sum is U
test,"DA&+.NrJVrJvYh""xR\'z8q}?wQpI|",Check sum is B
test,4vIYmM~wjX,Check sum is ]
test,"XBKMqk.|/^|gU<5?

S",Check sum is 4
test,X%cA+r:h1ucBiqh>z-V{KR!	Il\F4dPu(;43I.IGK\XTx*;,Check sum is ?
test,F=oQ	X<	c#-cqLs:9<AWU:Jhr\nxoyfL)EmRkQ,Check sum is N
test,"f;AVauc7x0B3@bAUkicj|joWIFR.
",Check sum is C
test,Pgrf#R)Ph,Check sum is E
test,"iZ^h8S$rD{
""L*n':$+d}$qLOn
0 >h1Y-Av#\:	K2A)LOr","Check sum is ,"
test,S99@F$4GXi7IFDt(A(s],Check sum is *
test,Vnse,Check sum is <
test,k.>PDWdMht{A iT0<yz+Bzsl-tBhHr;s7~9o!,Check sum is ^
test,"pq.!r?='&na]ns:XX""x>:Ua",Check sum is J
test,"TT&=jQw4
34""@C<HN",Check sum is 9
test,"bdM/,*1(t`",Check sum is %
test,"I''x5py%vCg_,? $YmkG2Y$`""",Check sum is I
test,"U
n/W
b]]N$3C Ia!|Vu7t?u^5R(Ys*""'Dc2@",Check sum is 7
test,zoOn.A*!,Check sum is @
test,@Lo)LE/o[8M,Check sum is S
test,v~WeO8gG~LNW+>+;;Fv(>B]3`q5ms[nw4MC,Check sum is \
test,"S2SqW/e,G	sq:bu*1B{ontWHv|Pk`S/mo""I_%fJ",Check sum is W
test,"J!W$qe{'<.NM87|oDC-]sFk70w0sK\hj+{euX
	\G	>L,[Q-2",Check sum is $
test,"Z!^`[G/lgy<""*$DBu`tK",Check sum is <
test,g@Sb?\;Q}^F]#|?lx'`&F ^.1JAip,Check sum is W
test,qbZ6X[v*&jCIr,Check sum is $
test,"0ZME,l6F4haJ`3tr	Y",Check sum is 2
test,]I@Zm9Q^zG')Cx)E4v1`6VS`9?,Check sum is !
test,xl|RPze'zFB%][ek,Check sum is W
test,"7F_V%W7z|q1s$+\gVkRz;\vvA@~;1e""%//6=Ew(Jzp^3F",Check sum is I
test,Ez:h},Check sum is >
test,"m5
<s<.UY68y^:Um*{)","Check sum is """
test,*k(ehV3}q8lIv>Eg@,Check sum is .
test,"XCK=,Sr[ &`5z5	","Check sum is """
test,wV(_V`H,Check sum is 2
test,W!N4cB5+U#DIzkKlW2G/r #>316,Check sum is L
test,8oC1xXvwsD &q1p+Kgo| ;uDv}_]gIgp$qE,Check sum is 3
test,pw~72hZ]gz]IUpLqdk9tk{mt.+v58:WLsb,Check sum is G
test,"]	 #pn F,5{%a(OM8o]FaD","Check sum is """
test,"obS#dn*Wp
'#B4pW",Check sum is ;
test,";'nP3#$~YS5!Te.o7%/ds(~RB""Xl'W!KC4+I",Check sum is '
test,"ayt$
9,zfD*_1{PSmIr3'9[M",Check sum is  
test,?y6}hZ$yZV:Wr1yBK_pf8hUYQ	EFt,Check sum is 0
test,"9'sShS%Xpm*-)A3${k
 +\^v)YY)dJN?PBs7Yc-6:nSBs1_",Check sum is 8
test,"*zR[C@kHU~t?9d2t| QP,\_44<[8pFR4MdO",Check sum is G
test,"p?6X~c.#=(+ev$?
H%z3y$DsO,yS;2KyYl.n]q=07a/	V",Check sum is O
test,VlA&ES&/i=8(~?	XXZpur4?ckjn'mC9k]-DEZ,Check sum is $
test,"x|zsHLp3Zi86P@mi!NmSiem""3OAlhB",Check sum is 4
test,"_^to`vzd_8tX	6=O}hn
y~!:g|i]E=Nj.m'G",Check sum is =
test,"pH:1%DK$hHzgbaU0T88ae@^p6u2
&$:Fy;qQMS&pimkZQh(S",Check sum is 8
test,5eRo:'5W)EtqVC#k9$Y;r,Check sum is E
test,0]j#=B^&7l	zh:Mgs>E._V`=b3svRpDo9Y]0i}{I0sM5.,Check sum is >
test,"
e.wB",Check sum is 6
test,"6%`Osk3#;Q`4G.Z~v.R3uwZQ~Ux2L;)FpE,t(|We^G",Check sum is X
test,/T6,Check sum is Y
test,"xz'0e V0qS(##,$-GW?W*(7O`r>qj?WN$bW%BZctCBolOPTB",Check sum is H
test,"xC1IttIszzaz:6:F&V	2+)c#l~;dR^mY
Esm`IL&>|<",Check sum is H
test,Iyi7G3[o 0M&'N80,Check sum is &
test,MMZ.nyyulJUrJp.F5oe ica{3b`N[i+M3@,Check sum is E
test,"OC9pYd2!s'!nh1Gz)|@}rXhaMBYSOiDY*Kfp:jaE9dG;
tR}b",Check sum is V
test,7k9|=,Check sum is 4
test,"y[ZDN~AAegv_L X9Mg)_kGUE`))~Edu{u^-""`4j",Check sum is /
test,"f<xKH, ;V0u6}`+6q9'n>s1KfmJnZ9u[`)>VLJ!p?",Check sum is  
test,"s>(	Wn |9wMq\ZhP(<h2.UbVIbVnMu6(R#|G(r{o ,(()/p",Check sum is '
test,%pP]hl%9bD~Pjg0U}8/k?W-j-q2E&y,Check sum is N
test,&=zJ?YJ0yD\EM6+~Ho*V'!gX21D*/pz}zjWmvD<o~z&wy _y,Check sum is [
test,.!Jxx;C1,Check sum is X
test, A3R=j^|vK9MS|$k<K4,Check sum is '
test,"	@#`9Xft=K7W	juUyL gCc~jgD>77=>r5Q@`fh""8V","Check sum is ,"
test,'ooC0oQYFWplt3*DSn$ySXOMtA}?3_,Check sum is '
test,"Vcw
)<`T?*
$""t#-/,)A^xf d	F7g'+QcbIds{|\(6Y",Check sum is 4
test,"O3~(U+)-nq,:""Q#Fm","Check sum is ,"
test,Ia<Xog$AV] 2n-wV_mWDRp,Check sum is /
test,XH<B=Y\}T*3S,Check sum is 1
test,+pKk?,Check sum is 0
test,-k9=u]uq;~GQDi9c& 7EbW=oli,Check sum is <
test,_	uG)vm@h$|GPN|Q!A:E6WJa[ZvA(S|Kyc{fm,Check sum is ;
test,"A)g<!{T9T7FVP
i-)1c5oI1+'wI
0zG~p?o",Check sum is 1
test,",vg4dn{oDVcs1:G}-FO$",Check sum is ^
test,"0<\9{ xqi^H<2RDNq)q~[1zhv""/",Check sum is D
test,">'cnQ>W 4`J;,
X",Check sum is C
test,s2?NNwh'|KJ!,Check sum is X
test,"Wk\g&8.	 Y4f_2e0\Y)j!N6-:
p",Check sum is A
test,"^B`Dc^""ngw7hf)xmA=gB0YXB""]",Check sum is /
test,yxRhh}4P)FiYRS;`Z WBd['^/	/f]L*6g]UIX/L*_6p:.[f$e,Check sum is (
test,",.P`[,8m'U&Cc1j?JH>89WF+x@0R.E++7vB~uB",Check sum is (
test,8p9D]yr5 ]	8M,Check sum is M
test,"5rA+pT^*1pTNbOip1'""_6lS)`zV|@vdg;qE",Check sum is !
test,"""-ELYivzeAjzBtK_?5]f^*x%|u:(G",Check sum is R
test,"|KNwWv""e!8LI	@4A^ol(x<Jvh	r	y]Pn""?WiV}k2&VXCgU",Check sum is %
test,|wE4*7t03'h\A9&_2.m.H,Check sum is 1
test,"NQ""`WhXqk5]YNm2*78!My|j5HW&:J+&.^;'u&W2f<l_",Check sum is @
test,"+yP@""A0^<ADM",Check sum is S
test,=MK3! (1;gh[g|MZD.ZIM4}5#H$.U#kli)mVX\:Z=,Check sum is _
test,"`dVzJ:%Z~=~fyr9vz""Hk;}>+u=I1$oY=	@",Check sum is >
test,"$
.d/EU^D7QT",Check sum is '
test,^Hy,Check sum is ?
test,o^p~`,Check sum is ;
test,"L`vou}rRbZT#*FR+mIPOO*IJ;}EZ&jPW|kuEB>,nc@@Ba>M[<?",Check sum is X
test,pq_OncG)Nr}!Fa^]>0.&,Check sum is 2
test,"MO$5

 HQ<h16`pikEO[\a",Check sum is =
test,}m>>i>9W`jE_z.@rPo ^@_Jh@_H(C-mz+l@t@Q3]Q]Eg/h>$,Check sum is 8
test,<L:k`Wf>~ZZ^R[Gh`tyW=t	,Check sum is 2
test,}Z	.	 3=Ap]L**	{dmi##=8e-atk#B;twR[JQi}qVx\eiU6,Check sum is -
test,o<fNd:-131i<663uA(Hs$ODyzHvq1~KGAQOqS~b/ |WG_f}=,Check sum is C
test,"Xx8b!HX""~_.VGK.OUu  
ZF@{`nHh32!",Check sum is P
test,/!C,Check sum is 3
test,"bOs@(8f_lbXhQ1""tA;QxD:DG6W#|",Check sum is I
test,"z;{Qgh7=]*!""<Th&za4c]w,7N:Bb",Check sum is !
test,KGw+,Check sum is T
test,"
qURlIhUoCRqZio=XPtG@{T	Li.",Check sum is 6
test, ~]Ma2f;LPWyt}4we7O	z[Rc_Ib2g iL%_Y:=a{en_=t,Check sum is -
test,"""HM*`Ty3'n[(!fd$`{]F!S9[[",Check sum is )
test,")4 yC.Rpy[G'
K/^+	OZ qnaQOD|CL{:Yq+",Check sum is C
test,"^E`Z <${Xpr'DdJcKgg[C]4P'j8D}~GY,^bA",Check sum is [
test,0NbJiepx8:G,Check sum is 9
test,"myr OSV8{""E/#jI`ef]A1Z p6m3+s(z6AJ}Wn%~fH7U%v",Check sum is $
test,1/G&[on(s|dU%Emx>Z4_%W3,Check sum is ^
test,EF/t,Check sum is N
test,^Fz4@:eE>2,Check sum is F
test,"7!kg$9OT`lnhEch0
>Vma*R",Check sum is T
test,"CUf$~_9/H|Go>63`9gYh""i8Q*.?>9cKW{d-",Check sum is \
test,"_YoTyl	
T/@9\RlrlW%BC5F",Check sum is C
test,2iVp^Oi@+R'z,Check sum is 5
test,+^s})__K+@5.WS)}i3Q!^Ho;t	EOo,Check sum is G
test,fw T\HkH'<,Check sum is +
test,w_ly#>dBWq<A:GM-0,Check sum is R
test,"K%){v9@qX>s&(2U,p1~P&1(V4HT5qK/j-^rcT/l8@A0w[doT",Check sum is -
test,(=k]n@#;_t?/PkyzUk,Check sum is H
test,"fvYE6Q-2!,A""Tu%S<XvIa3tMeQQz=LbwKD%kWN`y5I""",Check sum is 9
test,w])9,Check sum is V
test,gc=3!\w+C4tTL;P-A59&'~;$;!:vdR|,Check sum is S
test,)Ej1[=q/LVS,Check sum is V
test,	`,Check sum is I
test,"m.:~s ! TQsQD	SH!g~/nJyv,9OGfgi""F&f	5!+|",Check sum is _
test,DXe\eO1,"Check sum is """
test,T]4\ajN$#|gB98<)^Q0J,Check sum is %
test,^s_G13\!6Pf`=we[b.,Check sum is H
test,"wG546jlm)//jlO%k~E/EA>I#z\6uHJoRD{NlCs
k",Check sum is V
test,"}4H3
ngsQd?jZ*+fn]T",Check sum is 0
test,KId6KPMC@wk7,Check sum is R
test,"g|Mv`{ ;iG??Dqx~f?E#""pP.R.*Tx
",Check sum is 2
test,"pn|9l8UWDt0	0z0Z)g&>i`zuK8,YZ)VB'g):>a-r534cX",Check sum is =
test,"^S:r]cEoXw+(ANJO0a^G?8,L}P >D7I/0VouO'WH_l4H0""4(",Check sum is 2
test,G'26);PwvJ ?,Check sum is @
test,"&oRAKc9u]O`KA
[y""E63l YL""AdVKoW@",Check sum is I
test,"v""9NF",Check sum is E
test,}%sIO4O#WfVBn4F\x,Check sum is D
test,"[d	dPBtg=(tDFD-2=KB5,C5y3gDsZ,.RZ7yZ(
0E6",Check sum is 3
test,k=$G$8/ vM4gXwPk,Check sum is F
test,"ua(L'7+}3""?0@{.i J9=\IcYDIWau0H\o",Check sum is D
test,"@""uR4?y8$QTCZ2G&v$X6_><y}~p3*YvytX/T6c*6H*S4VHZ",Check sum is 5
test,w&VsOA7{_!.dHWDiei'DYFM93nr>Lv,Check sum is W
test,"86dM)}=Q;=2pW&,;|X/xBW'&aB;
0>?Mb'{^S'#+Eq",Check sum is T
test,"R6%Q,B>u|[6A""",Check sum is /
test,s	<#F+s=w;spP[lW{B	RO> PMY@N+b,Check sum is 5
test,"LGHq&~\""R[q%5MHeGgIf!M]\bipE]5vfrR}v",Check sum is )
test,wb39Q58&< ]istJt@i,Check sum is 9
test,",[",Check sum is '
test,":QWEzL.7sUjgAbm;l1#<8<#Ee>A5M k]fUQ|V H
fQp2",Check sum is %
test,u*^I	09cpuy,Check sum is Y
test,)j}J]xCeXjiOYpUo8G 	!<h21b}{\dkO7ztmI0WFA|=>?}w/,Check sum is $
test,SZs%xg6,Check sum is :
test,"0!A,w+f?IN)
]Fg~Xz{",Check sum is D
test,"dIad,UYc:QYr)u+B%&^WBz_,~",Check sum is 5
test,";:-xb""'u.
q]LPyU{.~&je{VE]xs44E :!VIw0Oz>}5",Check sum is +
test,"xr:_rOD1eI;*yy$2FI3@}h;tBny[xQGXlq
&elyOK",Check sum is '
test,"^W^!\nauXW H
[8s`C#o%ilf^",Check sum is N
test,"Y=.^*v/b*UHt8
y'qD
K?v7$*/Td]C$z>"",""<1EHkmCb}<r<Hv",Check sum is C
test,"59
;z@!7lzXM<O{wkoK=l&v",Check sum is W
test,F9X`,Check sum is W
test,>)a#C-RsvV,Check sum is L
test,GAAz;P`q5/`)=wY)(--qYhIX,Check sum is 7
test,rNx%_5$G2B$Fi>1=m=,Check sum is Y
test,h4&]	oYr 5Er/eos?-xf}|PYkN^T R'a2R[UA%sT	B|Y8+,Check sum is 9
test,"%z3xpU5H>YPupOK!o0n?;mf-98(YqL'FT""'E",Check sum is 8
test,"A!""Lf|g>~3D2'fE""f!",Check sum is Y
test,q|#5B;<0U7$A,Check sum is ?
test,:7UoZ7.Uum!aR	|=S,Check sum is 4
test,";""TUM{>I]2G9vczSBq.6wZ}1h8L&c| >jH&^Q`73\8)[c~N_",Check sum is F
test,"i3,6JH@,=6._TQk%",Check sum is Q
test,:4{|xD_IN,Check sum is 7
test,".H%Dm2w6cz2Buy>e]fvWthSmry87R)cih8+DGW""Xb</mi",Check sum is D
test,"C""5fCOFPd,y}Ou&{F)m	",Check sum is X
test,"8H,G>7<\oA&7)UX	X}9Eve)is.P",Check sum is =
test,"ugt2:$*wO)+a|ha*{S	&NT@{~%l`
JOQ<JFy%[l,|",Check sum is *
test,"{Nq	Si|L(@`H
xcvc;p1	R)` >&}dHj:D+)t-@
",Check sum is I
test,""":M",Check sum is I
test,{~SvvOqaCra&VNwXpw3YCkk,Check sum is 4
test,"z%b7)/Mqn]btlyNs""nY-yGm	No#F3_tH-P>k",Check sum is [
test,F)g/91=*Cmp=[ZN3#,"Check sum is ,"
test,E*,Check sum is O
test,"hlJ^-8.e)ll0(H	_(#\3u&:N7B'pf""+AeA",Check sum is D
test,/!\po.LTw-4F,Check sum is W
test,"G]Rf+1&=MGtG5
=8;]GqN2gibX>fjSu=QD|7E,h42zx",Check sum is $
test,"G=>IgNF>Y8[u3##iV
H>9/4ABA7p\PP$iA=s?~%@kzgc-%Z",Check sum is K
test,)j$v|$aP;Llrk_{Re5$7&o~C$*8-B!@$;jK0XON$,Check sum is X
test,F1,Check sum is W
test,"_rBbj)T6x.a6>g/XWwyc
P7|G#2B",Check sum is 0
test,sMI;/1L. #iUf=OC2[Q%B[F:.1I'l|:>YQ9h~ Y,Check sum is E
test,^|G`&/]i7lG`i`rs^aB\J`rql<N&B[a7s5x,Check sum is O
test,z/5Y7Tt~&`|,Check sum is V
test,%|Jv/J.-S&!P^66 VePx,"Check sum is ,"
test,NzEJuKYu>hEq8S@cAwcyZ,Check sum is =
test,"|=<R,W}0Jvj0y[w	gv~mVV/!ck@j",Check sum is A
test,TBqCX[pR[2>g,Check sum is Q
test,=`j%-`0kr]xtO{~	,Check sum is @
test,+$H8CiKnJG	xwPy|nrE1i:yC9>#8DY,Check sum is F
test,"rplqq--W7AiU^0df*Mcv>,mxE",Check sum is 3
test,4xJ=<-WUp|c{d1>J,Check sum is O
test,"HIqx%ln_ gASGHA)[{UR5m`Ds*P
rrH&*Qa",Check sum is 4
test,+|94QNB7>Zu[1[AIrc>1q;a5)&]D>m,Check sum is +
test,"8
+o",Check sum is <
test,"`riT5gCc""R|R\J4O0Nyf5R",Check sum is @
test,Ahpj%,Check sum is H
test,OssUFCZ!?>F}x-.K/x!llv%Z-P'_LiPS37E8Z-,Check sum is *
test,df[)geTi{TAoLh2D*zn!g13oN$5cSekF7BT,Check sum is M
test,PrHUCq4q <yE35p/j%G~6o2aPtx6173,Check sum is R
test,"' ^2z
OibxiS`_='v""u[:d~zeh(rR$WH(",Check sum is N
test,"V&X|q)|_zz:bJ-:eI0SXApT_<Rn]\d%)04w-?yTwQ<-cV`5G'""",Check sum is ]
test,"E?T;uqj|eU[9(	HKB!|v7""jnMz#woZ",Check sum is A
test,"_3`j""}]+_&l(S$%| GJVK4QO@P.{m:hyHPAWsj=_{=
",Check sum is &
test,3V4=%5'Yj4)+4brYP1b*m[c#D52/=Y-o}xt$7f,Check sum is X
test,"M/g;""cW{W
m@VBJ2.AKo
kP44]-A'p^W#6^v",Check sum is Q
test,"^wI&+{ese@,6{k)C=o\b`:T)g?mV!aI1d!ot}hw_H{~H0J",Check sum is G
test,"hdXBCZB}bpB.Hq87hq)G4%
oU3X)rqzO(~zCW,Z_",Check sum is ;
test,;vs)sfWM}/uGHKkI*oA3Dz2{s,Check sum is D
test,j<Z.`%,Check sum is S
test,"
#R$c&nJ8Iu<2:kByZMS8Kb^$J.Ae",Check sum is G
test,"^LG./H<I%yW*HUq-""^@*\ZMcJ@'<4#{ke`%",Check sum is 9
test,bjB_*P}Q1N4!uE.Z,Check sum is +
test,8-52fzN&iLi2'|RFc$ZY#Z[&v+:~IbJI)W=V-,Check sum is Z
test,&V,Check sum is \
test,"JGMDbS_? ^Xr""2%'",Check sum is =
test,<'w/kJ9oIj=@kzzw(mZS~^nQkw'_y9<,Check sum is ?
test,"m3[~#:*#
yOYKau:DD!",Check sum is 2
test,"gRFW` Snx`c
0kESr{EBx:6
Z6U
4ue5>l%OHV}+:Oc",Check sum is W
test,"C1==UfR3E][So[MX|lN2%U;+9KO@RCUVVn'JgA,0""J`F]S=!",Check sum is A
test,I}{O?$fAwMe6A/Vf4.VY2,Check sum is H
test,"=_/8}PYO;1YEr,",Check sum is @
test,"N;<d*k	+h]c	VTw)S,L-Vh22?eO|@fV5K",Check sum is R
test,",5	%X$~e7b(GPz}_'T%0wG99T|BVIb?zI)pW=*,#UbY4.On%*+",Check sum is  
test,"_hv&	*Q^De:%*x,;vc|~~8]&%.B|Mr{~shN2d~]YWIH8:",Check sum is X
test,8 Oi0yLW*}k	4,Check sum is K
test,"J&&Ms23!cN""b",Check sum is 1
test,"r&_Mu/4hF'"",j[f""1@_Y+M2m","Check sum is ,"
test,"F =4YZ9A""cP%WQ%sC4WkphHbBNcdY.6uWX?i{Ci""0d^Ics",Check sum is S
test,"~x!Xf&M,Zmw? )lv-5nS",Check sum is _
test,"""#j&s)WF ""&f&V46","Check sum is """
test,R&gF?/`\=mEXwxjQk)}KKe494V'<]d:Cm<%(A9_,Check sum is S
test,"Fm*`BufaiZV,(rNoz=u_0sG8.=r,{@;KakntX69",Check sum is #
test,iLO**]B/_]a9eQ:=d6}zg>_Q;f.pBnw1$'eq/T,Check sum is *
test,FS?`.ts<8J7k>kU`)g<)%zkzGt1lor#6&]maY^:BFFuU#=~Jy,Check sum is 1
test,Am@Q;_g8Rt:8eJf;XDT,Check sum is P
test,"3p^6O
E#8d<_AT\h""LP	blA`Q7ap\XUOyb",Check sum is *
test,"\I`j/^6CHy+c#i2""i|x	]#",Check sum is *
test,*p2G4?'$:%])]G>L{|q`>EX,Check sum is '
test,"k""Xf!&Ka",Check sum is ^
test,"qE""1}""FCLlcKW5wBbVpJkBU
<&m|;h|	Kf^8:
#08",Check sum is C
test,";
N?U'tC""<$z~dext&zy'n{k'KQ' ",Check sum is 2
test,y52?,Check sum is ?
test,+V.ZCtx(u]b,Check sum is 4
test,y$iFN()AWZlq	TL,Check sum is C
test,K]06/5[ciQe*wvPLU3gp9n{4f8E,Check sum is :
test,<Tu&/auxN$u{\z]R,Check sum is /
test,7&\Uq,Check sum is _
test,"	6cr|q5_-N29[/
.[&G@_wI(B_LYdG:|zuo",Check sum is 1
test,"Sn! 5MyP$X`KUyu2FD	nN+DydVx&YFeQG""[l1cJ",Check sum is ;
test,"4_V_cP??lciPKpCkoS@C
v)jIinHZ",Check sum is $
test,"E@g&qxQ g`RT,DOPwUaWD)iUWy}",Check sum is D
test,s5uYuDLJJZ8qG8%h 0,Check sum is N
test,"_U&-~|//um+h,^#`^\ts2V9=g+KnRMiU;;$p,",Check sum is >
test,1bIod!~mgr_g.B(7x0zorr,Check sum is >
test,"++
`FTnw\#*Zj""Jqd,s5/D=[[~n{#e=\|""(V3!z}G6",Check sum is 3
test,"""%;5tmya&Q1|S<@HSA-vL3Daj7&4+J8mbZn=U`;K[Ms6L",Check sum is <
test,z0roY{F~xYv:5$JzQ]6!(>/so)T97>446LHW,Check sum is Q
test,7TYWEGS:L,Check sum is @
test,jKQBP@go,Check sum is N
test,"X1;'=BF1,zK) U=l<
u",Check sum is 4
test,7Whhp,Check sum is .
test,@g}Cj%^<3s:;aqi2N05	,Check sum is 4
test,"/=6WFz,*76gnEB",Check sum is 8
test,N)1Eb_VEC6S],Check sum is R
test,RRU(/>qR7Hq>>F:w[z#$%',Check sum is <
test,"a/7(T,XK]F;|(f9G6Fn+thB0vBG}pD%@}dWE i1UNPYS3",Check sum is [
test,"(j`#9%eEMX?b$p1I_v $%5{aNJN^'x[f6DP+VCp@""19/,",Check sum is )
test,;	>ExI'm^]%%G:&,Check sum is (
test,"`|,gFIf|c.1W%Tj!	V-IL<PXSD#Fvg!bv9$u[
",Check sum is /
test,%Fd_,Check sum is N
test,"w""39eGyWdh9qKRO5;UIn=64zPHtg/",Check sum is B
test,&|kCo3eC's RK+A6l`_!.&3hK4F,Check sum is 3
test,Y_S,Check sum is +
test,y<eI,Check sum is C
test,Wu\;PS'!Qj@,Check sum is )
test,"~B 7,6QAv+{W$L",Check sum is N
test,DvB576Fg@s4EM[?$nyOA(~eBKYFX&(/`RO&uFSV<D,Check sum is 0
test,"YmP""6YG_.5+SFE9",Check sum is 2
test,B]h3$s4$w^5+e!]4A{Fz<O&Dxwosz_n(5W+vBtlg<m ^f,Check sum is I
test,"A.K:^k0XDiTo6f*NuH+J,ZN?",Check sum is .
test,"C5	2?&':E:1uRptx{Xo\
b	F`!.yWN$Te\UM!MeZ
C>7J;_j_",Check sum is I
test,"iK#3V TMYSVh?DJkC:]""MpIxY	alt:D|^tq.P*aRU",Check sum is -
test,QbF$'!\@hbL#M y~>gh82yr=<:e./lG/}su,Check sum is \
test,'G~*e*q-q+0LGZWH8w~dDS0eisqK],Check sum is -
test,`N4f/3!|_UrBk.#X[,Check sum is >
test,+#,Check sum is .
test,hT/>TSI.	=55!<J YIsF#rm6U8JYib:x@IHPxs9,Check sum is #
test,0ad`zb6~aO0|14-WQ=Ol0J1Dpg.lEe9n(TYUQma$@b,Check sum is S
test," :4Q,GR3)A9{$Q:Tvs-.@dq$%- !GiJn+D0KNz2'n/cgB(#sr)",Check sum is ]
test,~FR,Check sum is 6
test,"):_()ZM,r>",Check sum is 6
test,"WMip5?W!qF<rk#""gCvhM MxV"".o`j3~h$MzO}JC",Check sum is T
test,en>0JGbT`9?Mnog_S]mGvg4xwYq81gvM-$IPwROjp<,Check sum is I
test,"1M8hEm8F3,1@<-cB6?H",Check sum is I
test,"Z[o !6Xri',DM",Check sum is R
test,okh1P%@_,Check sum is '
test,[1L-p#YhHoS0=uP*,Check sum is _
test,'G4h_Kd0!}W1,Check sum is N
test,"AY99VkyUxF""M/67&sIGCw/eM[oSdq6",Check sum is 0
test,"|nYo; D98=};c9wphUJS]fJ{Xp6S`k[a7M""i~U  b4%",Check sum is 1
test,VkH_h]aSD6	Z,Check sum is ^
test,iJt(-hly,Check sum is )
test,(HFb\R%]j EYmc,Check sum is  
test,6$#w>']+~[8T#AX,"Check sum is """
test,"4!x
u","Check sum is ,"
test,6=f%Q.6B#+,Check sum is #
test,d|47(#~*:ALJK9$OzBm^1{pUDB;CYcr0@na*WC;Oc)-$,Check sum is :
test,"U#d^@a<9
iW.K&^Of9a""6xDqjrZ",Check sum is A
test,Q{ePaA);_nNKXr{7Vh2 \$,Check sum is Y
test,"!#,p6Kp+
= K1'&rs}>4]",Check sum is =
test,B:0,Check sum is L
test,D5UFz}j6m's	h#ZwJV7jM'A<pXiwIKD{4:PG@CE`]{z,Check sum is #
test,"Ib#BJa#Y_PDm#K3DrETe?U|cDIW""~%",Check sum is (
test,"
#=$(2G\av_kwf[[cZBY)>X/iNH'.J!1B+%a2",Check sum is :
test,"`-xP/
*[9	FO<9m^~8
ul+fd~x0-&qP	.Rq`",Check sum is 4
test,+:KN);{+D5,Check sum is !
test,"JA~(?CO3v3Hn,I!PaSF3B,c{MNoir^M5^%C}YaE6@>jI~9!",Check sum is Y
test,"*m'3z{)K.lPR6Is8
@0^9Xw`w, *)",Check sum is 6
test,"fIe!&GK06~JS6-J-,dm`P8W4-o8vH",Check sum is *
test,#f})5Bhbo:HZw6;-oZ#d ^7vnl1Pz:ITIzu={{JyFiUQQM+-@V,Check sum is &
test,"-4;0a#@itb9}-rk*,irS~l$+B\eVXk,W	3w",Check sum is >
test,"rKFh<T=P8iE`-n1|Si:nF+`>l+C:\ksO?jJ7IhH#<Z,]Mo%Yx^",Check sum is ;
test,;XX:RRAR4W\6,Check sum is Y
test,o'@?-U>Iz~?u$/,Check sum is =
test,"+$q:XBHcL\Aq(
:K-FMXwKc",Check sum is -
test,"HI^V,E>|_TDB(e)aVg^m""~\",Check sum is $
test,"R3Oz
8m{\?
O;7=$^PG?$r'J$nw!&Ac""ty	 `F9TLNr||",Check sum is =
test,"X!Vo	p,hD""u&u#lz6	{evdqpTAsZ6txUO#<r-\`9]APym",Check sum is 3
test,YKVE,Check sum is _
test,"KI
px}Y9Gow,F]%\rQT	p(yd[","Check sum is """
test,;I.0]Ws @H$(lraK]$e .8ub>B,Check sum is *
test,|uA{goaB!LyK`!Czb.TF9HLGj.vQMm,Check sum is L
test,"$y{W""bR!/yar]d!^]Mz
xJKxmu1 1FHVG3dT""
&Dalw{|p""EPi",Check sum is O
test,.{U6#ZqfPE7s fM3Y#\F=)y@f-Bu\P@<[aTm79H@*c),Check sum is G
test,"L+
t^^[","Check sum is ,"
test,o85Lv#58dFqpqOCEg\2=RJUXylRHC,Check sum is ^
test,"A_=oQc`ak{W\d .K,	d
8H!/3lzhA{Sx6u?m=-DB",Check sum is 9
test,"D=j|yyG?z
kWqLu-",Check sum is $
test,&(sQwLZXN)d&kO\SX~r9},Check sum is O
test,~j1!*,Check sum is D
test,".2Ero@vV1""lPKNa!>""",Check sum is <
test,"E]Dm>:]=|?~NLcW8J
*t&W%kzn&""V",Check sum is O
test,"h_T}rdbNj. '
xsK&emZ",Check sum is /
test,M5G!/ec@@aCpY/'O!7{G<mT,Check sum is *
test,"
MuM=V1=N3`J2P+A(kBrs|\EE)l",Check sum is D
test,%z_'7]oxg&6{xQ{t5tb-	C{'^|+TTw_,Check sum is _
test,"q)Kn),wPES4H|@?Qr""04)$&_",Check sum is 9
test,"AFV
@H9|z^2JY",Check sum is 1
test,"fQ\SiJR{MZ
fFbhXmUWZ	8'>_/*(E]<O/z*)5um",Check sum is >
test,"heG/""CguZgeLh#W3$cBbw>xfyl4f+cN",Check sum is D
test,LA?Hf:,Check sum is T
test,F^d;,Check sum is #
test,"$6\jK<	2~7RU54!qQ?7U&z^aikYv~
Kx~elKV4brz",Check sum is 4
test,""">c=]irqi",Check sum is 2
test,"`>|5'~\A""e[t&NRqh",Check sum is &
test,"Ob\SG'y_#QELo%O`
n('<1HRe?6",Check sum is 6
test,"UJ3]`dM}MYU\""7'[3:&1E^&KP(f 7KdN`9Y1S2Z1~t<d0=%i",Check sum is Y
test,wZ}9yU -akx'zCB#[C)Jy9,Check sum is R
test,*uA.Pf| SQ]4[79,Check sum is @
test,HZCR3/	|,Check sum is >
test,"&9m]-`c)jq,	IgToJ8Bicf+?ie?}Ka9s+Io'>dI""tO;B<}Dw2",Check sum is $
test,u<IV85xAfaMicrYwo+\WQl|\4,Check sum is N
test,ke5(IC?dq:c7hl8z_v}(WrZA-NLfo=LF2^s 9?`B,Check sum is M
test,")}y1
4]eh",Check sum is X
test,"y.TT/s=L_{u""}Lg4w_5w;6q",Check sum is S
test,"inMJhu$Hf]:Z8e`G""b\3Smte`_1""1JS#u",Check sum is V
test,"%Nt8b>*c'@iF<LX77AfO:m^NE1*7O]T31`%y'lgOOK,/-YUw","Check sum is """
test,"|dv`dy&nOuIi ~rEpDCe$F1U#c3"")-:%{"" 6Cuo[rr6QD~",Check sum is P
test,"
X%oo,2#*",Check sum is 0
test,"J{x_#s,ft2D7>*+~.EPz|Z
$D",Check sum is [
test,VI6V8s5sST,Check sum is E
test,"`%$1`d
Zb#'ootHq9_zWstYaC3Jc<:E",Check sum is A
test,"#aY5lq""r{&",Check sum is D
test,"WN;2b1|OyPuemo{
AF\PUyTh.F1[`pQg&-g^8F`xcz4",Check sum is X
test,"	
^eQm&%",Check sum is ?
test,"L=).Z|pL1,Fgn(bT$@YH%$0`ZtX/F.-4''L[V#b_]'8ng7m",Check sum is T
test,sz32,Check sum is 2
test,-]_}IDjl/}:2zzrIL4tt%>]l,Check sum is D
test,>rQ!BL?zD_9/d0Ts#u9&rDbl<%@[nq)]7[rq|,Check sum is <
test,;U[wJ#`/vPLY+`)~1M3b_R]&5l:L<3YFg,Check sum is >
test,Td1F>Vf<+iFK32<nmke)xr\'9n:Y,Check sum is F
test,">	N1WL~CwKj)dGk~o0cL&n9
}~^HG?	}KOds>-_s85	",Check sum is )
test,"	iNQR  c|;'w;LNM9WVqv^+O
S>__Pt%o",Check sum is 3
test,DAchxU_DT>w6eyJ*9X>F_*4~psP1)Sa,Check sum is B
test,:+||nSjsC,Check sum is ^
test,"yP;$5ghq,;",Check sum is $
test,"z:fi,]@w5
(tU",Check sum is S
test,"30)`vH:n\QeR*RI_H=}/Vy}5J5/_:,d""UW'd",Check sum is \
test,"wJ)q7:#F""d%i:%:{v e;6}C.hTl'[m25?|9yjf",Check sum is R
test,"*%][T,>",Check sum is %
test,6LQa 9.+jj(|e5~:k,Check sum is ;
test,"L	,;ag)",Check sum is M
test,)NDdYd]}6,Check sum is L
test,"89\huNZViaSR2
P`Vt~o
WNb8{W?""A.#8k.G(AVIOx7",Check sum is F
test,"q,EJa>zNuHy#?Se;LBw.pltI{&o	mza",Check sum is +
test,"k]Z
Q'56%~I7oncA)cm",Check sum is L
test,"aGOcha)E<JpbWPyt49A""H\(T?j+b?mjmOCs+&II@-<v11<",Check sum is +
test,ET1!e+|FDI@GTc=^%Im_aJ6wJ[,Check sum is :
test,utIYs95a#)_Y,Check sum is 1
test,"d])qm~RaKb&<kw~=**mRQU=,%",Check sum is L
test,.C<2ooL%S7K1.$-m3d=!gj	qr9-E=,Check sum is Z
test,"[)mo""{I\hQRg	",Check sum is =
test,b`h'R;UIP	,Check sum is 5
test,"_4{a-
bwQ)k^sd;~cT31#{S6"" iqSMtf~Hp`<F+Y.d#B
",Check sum is '
test,-1.XAaK=+U9`:UUyoJam@h eP]R:V/hmOcR,Check sum is /
test,@.U-#omy~TEqh;299,Check sum is W
test,"cR?""%lGKCs?",Check sum is N
test,"%=yx'~Vse%dQ@/z;Y3GFljzkw""u",Check sum is &
test,M5 VhE*oP?9rcZNHng4LObb`sAmRuw6RjRd	oO#[,Check sum is ?
test,"l)U.%8^&(L]||I.-y*Qd$p/%/4VQC"".(Kxn,M",Check sum is 5
test,"3ajY8vfTDY75#sOX1PZVRcY:yLk2T,j",Check sum is *
test,"J4-LWKB|mM<6[5P={AkY3i|8;EV"" A@JnZw}aSMMX}k[GLf",Check sum is Q
test,.LY@-&Do;?Ho9g,Check sum is J
test,g=y_,Check sum is \
test,hjXZDh&,Check sum is 6
test,{SmsOd.O,Check sum is >
test,"""F@I;*5wcU,ck""jQ*",Check sum is [
test,"4di
q{lA^lu#O]G,rVN)zT9^7f8*",Check sum is (
test,@<8htU5>pgf;Oc[$#jbenSz@'E~KsEE`*`,Check sum is L
test,un1^v`~g9N,Check sum is T
test,"J?VC9GjO@s~OMX,/G/%`\w.Ozy(:@",Check sum is [
test,"OwVu''yS0Cy(vAl*xq^VL~A(gd+c+W+z7""d0TG~",Check sum is B
test,T%yOqC(xt&Ui]fGn@! 5O&^|,Check sum is J
test,P%H+],Check sum is %
test,MOy_	qb))N*e$?+(}AH_~-#a>,Check sum is '
test,"aSy@7*vj%""""u< _z]pk41;.0h]Rkns[eJu6",Check sum is /
test,"6l.lpM_(up75`wjB.xyXN}S0b
W)+ggOIjeQmHmhoZ",Check sum is )
test,`WRQu+&Z`bgw'.gb(G}c/Y,Check sum is /
test,"di]#%Xw5.x,{",Check sum is #
test,0VgahuJ%c2Y,Check sum is (
test,";<zBeQ9([w7%v	bfpH/,_I<[GymE@#Y4BZ^aa}d2C%Bw\$Oui",Check sum is 0
test,"T;om]dzvdBb<dZ=X<3[
DF4 z&?W 0[ l*gy
""[a",Check sum is $
test,"r}Qs	6*S,`z""*I,4,W'zio.GZU[",Check sum is E
test,"UThzx7pd-
77M\^\&lGZXk+{LD^{FKjSZ)mB9""""H6",Check sum is 6
test,"2BUS}`n3#=biiUI%&O&9z9`,PCAiv j9(K+/",Check sum is '
test,M#7rY}4z2xcr7%q,Check sum is I
test,S_>O,Check sum is _
test,"*2YzRw3nqM;qL=YD
1[=hCuzAW4Z |Cwj6N*0FUUXo_Cx#",Check sum is .
test,"}?[&ufDtflcJ#,>h",Check sum is $
test,&1Ooz&H/([$H;8S2	r-wa=/AD	~7V#W,Check sum is 2
test,/G[Lca,Check sum is A
test,t\Uuv,Check sum is 0
test,"3la^j^v'SKi7_M6fj*;kV""r_1yeMbu7\-p.O""w*:&c1+]/M9",Check sum is @
test,"_C""K&91yZirXj-qR;
srO ",Check sum is 8
test,"
 ~R osr?(sM!4o?@ve	gl[4qK>]X&Z=cy",Check sum is F
test,"S&DmWI!84dM7t;=@6/wqgOpg""o0S{1D|R0U/mW",Check sum is /
test,;H2Ys+5b6*DwLOVx$>CvQ,Check sum is S
test,"V0u0=2>
s{#",Check sum is S
test,"*\n4FBMVzb+DudjkxVG""M~i",Check sum is W
test,"aEt!+""y8ctdd\X]%=p:yrjEhhRd`]T	ED b`oE",Check sum is .
test,"=y?4$'ET^5G]s&iK)/Z{9UZ{?*ZA^n!Bbs-F KjsX1fb
JN^,?",Check sum is @
test,"7~D%7	@M17'CpW$l_JZeGH'8u*+Km'QTo	j8t0F!,ir6mR/+0(",Check sum is +
test,*X1jS/f32KsZnG:P.kg)~e0XL39y;l=`Qr5&^OczoAN<>,Check sum is J
test,"myW4
dXdX%(",Check sum is  
test,"Mv
ra:S&MrtlWF""!;Z HFEa$<3@k-\*=",Check sum is I
test,HZ-MbHr.p kg|9=%MMm,Check sum is F
test,r\$%J}*ixti,Check sum is &
test,"|iFbYdGueSAp7hsOO^o2I7*2tB2Jet]We,>yJih""0%DXz",Check sum is I
test,"
K]X-

hb@+ZDMY/.EUh Ezl%~d!l#60-(",Check sum is @
test,$9EdJ3]q1I,Check sum is +
test,"fBj`y[j>?dnmGVnfa(H\9+Kpt`""n%",Check sum is R
test,"IM2sj4[1;
MN?'DH{",Check sum is R
test,{(wgO}K7(u,Check sum is L
test,"roj
jck]:TM[/""x""))<&vq""cYQu=6fz0`;X6RPI(YqF8>ze",Check sum is N
test,"=EWA~h`-,ct<K~Nh^1Gd((\F*p<(bn\*E</]4|)|;#X
~~M@",Check sum is V
test,%d`L	O\\,Check sum is %
test,M(:z':7!	xP~jJ,Check sum is E
test,"[?7F5dg:-CIh2L( ZUe
k@3H""",Check sum is >
test,"]""21H<*2{",Check sum is ]
test,/:sd}1`NMbIMBmzg2PQw#a,Check sum is _
test,1R=~MF2fM}~fF/m)*F,Check sum is 2
test,&eR^%ZRzUMx!0_uWZe-XKkJz+d)fnb$DH'66CAO\.i,Check sum is 1
test,|RJnvNzXL.=~Th,Check sum is -
test,"KJaOxVK5<
}?M{z-t(X]Gl,2pUB=/*Lv_L%e4M0W>GtHiY=g",Check sum is I
test,"iO1""WYFk$!#	o^b=Fu{g+Mt",Check sum is 2
test,"*WD)I`003}*q19K6k.fF=U%|ne/,J_55A`'2""/3yIj",Check sum is 0
test,"<(S)[[S|nb9(}`4[Dmv6v 5_XP8>')XATA^""hL`a2""y`9n",Check sum is N
test,"\
-<x(W/R%(2=+Xz;i:h	IJs%~L2}EoUrjsPF",Check sum is A
test,XuRmwrkwg`2=dYJ$#20d,Check sum is A
test,"	xrCyn=Sfkal%'m5D|8@XI
$t0u0|_2R4$>1\3dUGHLFzD85",Check sum is #
test,"Leh${J9)<k)%(pl=l8v,5?+t:	&Wxuve",Check sum is [
test,<-.r#LId|AMB`Z+{C7y6,Check sum is Z
test,"O1u,!","Check sum is """
test,kdHs _E+ESW+$SHSUA?OrH8gs=caToI.,Check sum is 0
test,"6T,t?aV\];PB=v}}p/lH9)Iki+YQ1MzeQIt->Z)g4",Check sum is N
test,?U+[JIr\sYO!Tg4.,Check sum is 4
test,"n!+e*	(:r,>(/,(
(OY3g$t	[G\[Ssi?|y?LB0>t`+Dy
ON",Check sum is J
test,"B
(R#ZNI=='%lcQ`d}K!""$YNq	j'N",Check sum is S
test,{$PC9yabHt^u0N6V(*@8F5AEQ3,Check sum is /
test,"]nQP?)jcEi\=&.,_d=
AO""8a",Check sum is ]
test,E4<K[4\^-e1D	}^CUp-K@>/CGP8%-guV-65z'AX]%i,Check sum is T
test,"TL1(R`ZNN/O9K*LS?~mD#oW'u]!k
Zm,K7vl1l)Gqg0_",Check sum is =
test,jj.OTp^=*Leas!qLJ'I'gq:b7o=chqC1jU=#Fua'pFpOj_,Check sum is %
test,hk.h|MptcGY?'4,Check sum is S
test,"\8Mrsi)}vq=_lS&JY
(
FZc47mKn",Check sum is P
test,".Cau%
%SmtUaXKb6Xk x9hI}D}v
BUL8:/cTh+:c_&=om{h}",Check sum is L
test,/iQCbh,Check sum is V
test,f'+ipX#_Zk6V QJ$s5+po(.	74ztc-nWeT+Ojj^vE(ALbb,Check sum is S
test,+/,Check sum is :
test,",O2sDKsEi,HM<Q}5Yh[jxP,wl",Check sum is M
test,YsUB4!SyA}%H_CMkv%1s!qyjgyn#|[x/J!`#j$oh,Check sum is _
test,"|BZ ""V{7XJ@ySdOCnw/=w}x",Check sum is #
test,"J	F69libIBs\ F""usPU;!zjQ<tIu@Vt#Z<AnMb@&,NXsv{",Check sum is J
test,"znwpbXCbr8R1%""xj	6Hy""wB\BM6!c0c),oy/)l6!Q",Check sum is  
test,"Xc""VJjzbROr\93nP}",Check sum is 9
test,^=k:	x0'UJo	,Check sum is O
test,e+Q4#l%DlvvLoUVh	f>AI0y<uW]Rec/[`d}`8IPq%y#;s4;,Check sum is =
test,")^TePA+{>GJ.DqCi,TZH$r%",Check sum is R
test,f=3m> ,Check sum is A
test, g-u|i;PUU,Check sum is #
test,"
>7`%Hs<L1z[{eL""x*xUKUyDG",Check sum is N
test,af.iqN%NIO[{,Check sum is ^
test,"wT]
pB9N8eDUem",Check sum is S
test,"+t}lh@x
lCY\&:waXsL+J#Y	+""uIE7=Y^",Check sum is :
test,v\',Check sum is Y
test,"q.ck?Hx""-]P]i(@ux[lVI",Check sum is I
test,";gvxtPV`LC#Ro&1kiI`M`@5t(s\[GQz
Gjo1",Check sum is F
test,}tV=-,Check sum is Q
test,^ux}B;b)kh0UEeSNC,Check sum is V
test,"Gem<B*hyINLF -n'	N^-,~^;13iHmCM'A`B:AJ'}",Check sum is 7
test,F6l^V,Check sum is <
test,pW<Gu1.c{#iku[,Check sum is #
test,|!{OjH,Check sum is 9
test,"(	}#>vYaXA]PxM\O$g,hjEk5=yZq~",Check sum is B
test,6x$5.2unj	FP0N{G9QZ\bVZ& [<DId8;lj4fB5P#,Check sum is  
test,lo@L/(4tGg}Yc,Check sum is -
test,B[<9QeAue4Zi 8)<jEKSo,Check sum is 3
test,"bAcW/unW[Hk
LfDAP.N,dZ[cn?#+
",Check sum is .
test,\|u?gQn%S4cM_KJFBk:n>d,Check sum is _
test,Um~a_gd<ymLlz7LxZ,Check sum is T
test,"m>*""$E\+s|={s].XFe<;V=wpmyjg'(4~RR:B",Check sum is 8
test,"g	aYni_}eCP((:VmpbCeS4}4>,a1HXJN 7'K^
b;4{!Zj(S|A",Check sum is B
test,"1+m1""i QL4~1bOipxvvXo#u%o|b22IOT
dL>Z~3",Check sum is W
test,P.C0 I@),Check sum is #
test,X9Zv5G,Check sum is =
test,"`f+B%>t
JIqnk#iFkwPOEu@#EC5/(|QY,",Check sum is '
test,p'fL)~o}*D'6RBUA%i?&0&	]6Il,Check sum is K
test,wXqEQ~$5au(eTJ,Check sum is N
test,"A:W}$""9HZeb5p b#}^Vgt:N{u_M@F~nX@mV<!oq&%RLf7",Check sum is !
test,"ChqQjG_tI/Hh?'II!uk,Q	^p=!H7""`B63IU!Fj Hq",Check sum is X
test,"9e\BuL@
;BSJ{3c=]DpN/O`",Check sum is L
test,"X77tXDsv{+#/v{y|k%We2-+hbzJx`eo_zD{cTb6,=|Zhj)S",Check sum is A
test,"@FQ.N""HZ",Check sum is 7
test,"\:U;/ZBR'RkM#C,j-i""XWb&I(""T'#j",Check sum is Z
test,"yR
x9L~@h{yA]F?cLggkL18"")w40peF!L
:",Check sum is >
test,s	9%i,Check sum is #
test,o-*`JT7^~L<mw\0}b(g:W*/8BGv|6&TFz@ishEI ]/,Check sum is (
test,b/#(E3;'i'rozhypf\}T,Check sum is %
test,"N*?2Rf/+\6""$Yx,ntMRs|srCB(""9@}+Jod*uTJf"" ""aqt4T",Check sum is '
test,"gukFDazE,N%4QJDaAJz^O e|",Check sum is W
test,"~*~+?ki|}qeKmw1@""1>~nE$'r^",Check sum is P
test,"~9v+0c*kA2Yct}EAN$,zmeavi`!7",Check sum is (
test,"QxLZY@],_",Check sum is P
test,}ua\~lA|E8J;v5Kry${D	q>2b+ed\X^}i,Check sum is 4
test,"7OvYLlo[s,/",Check sum is E
test,"89\;~ `ag""j3A?wP0vw}$9|/0P$t4Z!{rqpw Fo	qr'!'j`{/",Check sum is F
test,L72dQ68F$k+,Check sum is 8
test,w?$,Check sum is :
test,"z`re6YAE$Exz""},_uG)
RzL]D@wuTXF.Cx",Check sum is Z
test,%$q+CnqE`2hr^s `Rb_$#nuYIRa#).gy,Check sum is U
test,cbaA(hph{II|d,Check sum is \
test,">+OO~-L3Z
^@I[+@4JmHjX2o W]'M%X",Check sum is =
test,"g*k?QD<Pz.9,E93R@/$qa#]
""g/TJD8e4mbQV [K-O6gT",Check sum is O
test,"
u@l}Az*0_|I91glEbdQop(o,?V0m}+t:>#=9~}Ed
|];b",Check sum is ?
test,"@<""@0yn.q^G.) 8",Check sum is H
test,pN[L?pCG0-,Check sum is [
test,sQ],Check sum is A
test,"C-6
5]B7oUF6<;1Ve;pho/A*-4Ul?_t^n!u9-s;c",Check sum is '
test,"FI%%,TRQ7(1y{bw
wj<zbvY@",Check sum is K
test,H?^y}aQtF*nWrnc_T5 	L)yv|`>6>YZ;q!/6s;qg/8PbR9,Check sum is +
test,"& F-d>U{-,SXSncAf813+HBOgb6UI2r}AQxc,|\wx",Check sum is X
test,"g?b$IbjLhLJ""B:<Jgd^E7kOFHFT]A~Mot%}rfL",Check sum is (
test,:H!+(F1{-'Yg,Check sum is \
test,.@*@R9dK9vi,Check sum is J
test,")(afJ9,[i""h*%\3\?P""7i>4+A$F96)?op!n3wfT{D",Check sum is 0
test,Oy]m,Check sum is 2
test,"`%VD*;p#$EpGz3=qucQ5N
RS5)O6",Check sum is 0
test,3V9F5Ivw 'C)+`9&$5'UT|8kTePfLd;M%^qz>M8:BaU;g,Check sum is $
test,"\pu
d5nFAdmh{>?yJI.!6S;eAb6lw:DUAO[a""(|#/9Wfhx/1\",Check sum is 3
test,:Mx+,Check sum is J
test,[6M?2\(y>N,Check sum is 8
test,/r{t^Cya`78q#8c,Check sum is )
test,"2QXv<@.t xbCEye>an4zH*8S~r""#}""H4~`^5mJm|5D.NC2=65>",Check sum is X
test,"]i3B^)qLBz@2AHS Z3+""Ru/]n9eu",Check sum is 7
test,E7m,Check sum is I
test,"*@;|C>>4HW`9@m|4rNA8*Z+y""`cjf$h{!
RS!#6s",Check sum is #
test,"eX j+w|I$
ROYq.q-fj:bl3YMCk+",Check sum is =
test,\ib\XE7,Check sum is 7
test,"dDDIo9Vk
Sc6[>f""9}a~",Check sum is *
test,<b=k38$,Check sum is 5
test,~v6s?Lb,Check sum is *
test,"K;""@D<jGB$:N#DT%4r>7&
qh",Check sum is +
test,^m&!	4}IIES,Check sum is V
test,"OVp:2W{)!bVYk0""oQRAg",Check sum is E
test,"?p	jr=}!mQx|K]mk(R|DEA#X""Rw	p[*(EUU!B(gRf7!6U=]Yl",Check sum is (
test,e$>s7Bh/t\;]f!*zHjfd\	<^dy.,Check sum is C
test,"A3BVCk$o'~23DP7(4l:Zu3_/""(Oq	J^""""@
eER9rjpc.b{",Check sum is L
test,"!zi':L(Nv
G~6MY#{M.(M|Y^",Check sum is )
test,OhU,"Check sum is ,"
test,"ID0^BMV9JQ<d3s'y!mobIj<L\ X!`""=:*jJ,T_",Check sum is _
test,kW*',Check sum is 3
test,"Kp,5n=(Rq0v^/KG`0t2qRP:N8*aV<soNzlr9-1
q_Zw%d*HbP)",Check sum is ]
test,"=A
?Q`T+A' Y%9LJ""K'RTf#~H9U{4JG-06rN*K'6eJ<8FV",Check sum is '
test,"J&oHxydu~BO
MKq~LJEC<6Zc[@}\w;e-{Dd`?",Check sum is 8
test,"J<{r|D3Hj@,eL	M*
z",Check sum is Y
test,V}C(U$n{X*=xJqll^8Y//mw dETt;R,Check sum is Y
test,"McvhR_
nyDe$i&i,iIaAh.)&|^GtBEL571CvAk\K|IK V[","Check sum is ,"
test,7-rchf&TUW</!,Check sum is Y
test,6l~.o`CmMfrW_vZtSZW<K6XI6}5O^PARYpv-p>n<%,Check sum is O
test,voHzOcz%@fR|HbKPY>	6iLx -v%L}l[*yxPs.`1w$x/0,Check sum is [
test,"?<gsah]9;fbo!!""-0@u5rDgV`Mj$t	sr^#6hwI:vYhv|}MiM3T",Check sum is J
test,=juQ,Check sum is M
test,7bNy@(<1 |m}z8Nb(X{u,Check sum is -
test,"e{vrA0:_2Cz,B$X7D^QkI~iB76^f*%v@""Wn0ZpfX^^~a0 @7r",Check sum is ;
test,"l6%+9-ka8,Wmh#sU",Check sum is ?
test,"_C_ Hzm6zVBk~DKKufL+r?FA$=z
b&6S[@e_7~%9",Check sum is -
test,"sZ-,l8xS[D@#<Si4!KBC,?w6F",Check sum is 2
test,|.,Check sum is J
test,"DR8x;kd5L?:?w=
9/$O",Check sum is B
test,OU#0jmWfXUkj-al9~E9Tr+/x{7tvO]Op>c?g8,Check sum is :
test,"O:+^|au4I;UI;{)+0ZCr{>/R,:+\Dy_2~U8*3jY+",Check sum is .
test,qJUSX r*q=,Check sum is E
test,"l?s""PO/9O$(@gL,]	4Pun\k
R6$)T
l

1	5d",Check sum is E
test,"h*b,knC""|,XD-:qU,J""kMX@AB%14^X_m<3.3oy[3ya",Check sum is F
test,"bAB>fvn~e3vQ\(;FV	]2XlWUv
hsCs3m)-F5lr=_f-
*IO4",Check sum is \
test,83HwM$DdQat[>Md>V-@j^qFv,Check sum is I
test,;n7/%#vD@TJ=J=4/\)\0i,Check sum is 0
test,c[!:.`i094cP}5_f}cp(X39x,Check sum is +
test,"""Y:^?1	`T|2
oFOhc61}j",Check sum is 5
test,"ux[.a@vDY'vjoSaWNrXr(MT/<anX.	

.w
",Check sum is *
test,O+~k5X:,Check sum is J
test,Z5ZSR,Check sum is .
test,~2FcO4`v/(*0O4RDs:&Oyf}S.lLt(pb~Ln^,Check sum is W
test,"cQdOpdiJ<S)/m> )IX341SSC, h0{6Q5'qM	4>iEfQ{",Check sum is &
test,".
|P~'vq~t;jQ!g%RJZTS<,_U^'$T!Hc)m<Jpc""^I1f",Check sum is V
test,"g`ajq5XVeUj$9SC^MR7*2KrD	-
)q|?28MVnf$e
",Check sum is 7
test,"6OI!""$@W)eVlgE OyRb)84pg5~2=<\;se*1M?!:",Check sum is ?
test,"-+eO5' ]$B=2Y4bqk_&n
D2+ZlXp+wwqR-u'",Check sum is 6
test,"}s	Fe/_,2wVs",Check sum is 0
test,"6QaYZ3RGa1!t#"">#2""6ty:#48RSyD|9Z{C*3beF 6Lvmd^",Check sum is 4
test,T59NAs`Fyi{1KNL9:s)[,Check sum is '
test,d>IeB,Check sum is 2
test,:\u%aKF\YX]aM0y\RW+!d+{,Check sum is ^
test,"CuMR<wuDow?=9%}=Yi4,/2vR2S4",Check sum is !
test,wR1mRXfJy4&>cmp,Check sum is 2
test,"{,v5)%2aH/G\B%f9Ul`$qnwSw_Q'hy#RNo
Z{'",Check sum is H
test,"Le)j}	ezq7f""G/",Check sum is /
test,l^pX{32.	,Check sum is I
test,Z7MJSxHtFLZz8f.{X->+*6SkZ wW:	\C6y~@,Check sum is _
test,"^|}dx:1`;Dym_w	Pv}M1h:""WXM9A=9d",Check sum is 7
test,1uv>,Check sum is :
test,O^ww.ANpmov2vUs+.B,Check sum is E
test,"8nBzJT,uJZr7AJF)kpwCQ=:vRant",Check sum is 0
test,O@5	gYxm$*}~JS190,Check sum is R
test,vrWh,Check sum is G
test,SMp)i'fMs=VzR-}3(O0xvZ2B[,Check sum is I
test,T-x!6\aynT5:4J-5`#llIH\$FE/P?b)j2c&Y&w6|h1UT\,"Check sum is """
test,Y-~9b:H\3YLY?5_1'bLd:Whnu|^KH/'p@m,Check sum is G
test,FC^Mk},Check sum is <
test,"},V[x[Lpr0p8KjlS1+bu;Mj6nx&""A(Is9C*UMLO1?
'",Check sum is 9
test,"C90E=2@adf	qL3GL^[$`8geFgK0zT,2Z[Gr:.","Check sum is """
