set,input1,output1
train,,Check sum is  
train,	,Check sum is )
train,"
",Check sum is *
train,"B
","Check sum is ,"
train,"

",Check sum is 4
train,"

















































",Check sum is T
train,                                                  ,Check sum is  
train,ssssssssssssssssssssssssssssssssssssssssssssssssss,Check sum is V
train,"CD
CD
CD
CD
CD
CD
CD
CD
CD
CD
CD
CD
CD
CD
CD
CD
CD",Check sum is 7
train,"x
y x
y x
y x
y x
y x
y x
y x
y x
y x
y x
y x
y x
",Check sum is &
train," 
 
 
 
 
 
 
 
 
 
 
 
 
 
 
 
 
 
 
 
 
 
 
 
 
",Check sum is :
train, ,Check sum is @
train,!,Check sum is A
train,"""",Check sum is B
train,#,Check sum is C
train,$,Check sum is D
train,%,Check sum is E
train,&,Check sum is F
train,',Check sum is G
train,(,Check sum is H
train,),Check sum is I
train,*,Check sum is J
train,+,Check sum is K
train,",",Check sum is L
train,-,Check sum is M
train,.,Check sum is N
train,/,Check sum is O
train,0,Check sum is P
train,1,Check sum is Q
train,2,Check sum is R
train,3,Check sum is S
train,4,Check sum is T
train,5,Check sum is U
train,6,Check sum is V
train,7,Check sum is W
train,8,Check sum is X
train,9,Check sum is Y
train,:,Check sum is Z
train,;,Check sum is [
train,<,Check sum is \
train,=,Check sum is ]
train,>,Check sum is ^
train,?,Check sum is _
train,@,Check sum is  
train,A,Check sum is !
train,B,"Check sum is """
train,C,Check sum is #
train,D,Check sum is $
train,E,Check sum is %
train,F,Check sum is &
train,G,Check sum is '
train,H,Check sum is (
train,I,Check sum is )
train,J,Check sum is *
train,K,Check sum is +
train,L,"Check sum is ,"
train,M,Check sum is -
train,N,Check sum is .
train,O,Check sum is /
train,P,Check sum is 0
train,Q,Check sum is 1
train,R,Check sum is 2
train,S,Check sum is 3
train,T,Check sum is 4
train,U,Check sum is 5
train,V,Check sum is 6
train,W,Check sum is 7
train,X,Check sum is 8
train,Y,Check sum is 9
train,Z,Check sum is :
train,[,Check sum is ;
train,\,Check sum is <
train,],Check sum is =
train,^,Check sum is >
train,_,Check sum is ?
train,`,Check sum is @
train,a,Check sum is A
train,b,Check sum is B
train,c,Check sum is C
train,d,Check sum is D
train,e,Check sum is E
train,f,Check sum is F
train,g,Check sum is G
train,h,Check sum is H
train,i,Check sum is I
train,j,Check sum is J
train,k,Check sum is K
train,l,Check sum is L
train,m,Check sum is M
train,n,Check sum is N
train,o,Check sum is O
train,p,Check sum is P
train,q,Check sum is Q
train,r,Check sum is R
train,s,Check sum is S
train,t,Check sum is T
train,u,Check sum is U
train,v,Check sum is V
train,w,Check sum is W
train,x,Check sum is X
train,y,Check sum is Y
train,z,Check sum is Z
train,{,Check sum is [
train,|,Check sum is \
train,},Check sum is ]
train,~,Check sum is ^
train,j],Check sum is '
train,",j",Check sum is 6
train,NI,Check sum is 7
train,a',Check sum is (
train,<B,Check sum is ^
train,u|,Check sum is Q
train,O(,Check sum is W
train,=j,Check sum is G
train,@0,Check sum is P
train,Vj,Check sum is  
train,b[,Check sum is ]
train,Gz,Check sum is !
train,Cb,Check sum is E
train,Ky,Check sum is $
train,Kk,Check sum is V
train,W	,Check sum is @
train,G(,Check sum is O
train,r#,Check sum is 5
train,ek,Check sum is 0
train,M6,Check sum is #
train,j9,Check sum is C
train,9',Check sum is @
train,Jj,Check sum is T
train,DN,Check sum is 2
train,c.,Check sum is 1
train,-d,Check sum is 1
train,%H,Check sum is M
train,]v,Check sum is 3
train,wu,Check sum is L
train,CO,Check sum is 2
train,"5,",Check sum is A
train,o=,Check sum is L
train,xJ,"Check sum is """
train,ND,Check sum is 2
train,SN,Check sum is A
train,kC,Check sum is N
train,Nm,Check sum is [
train,gw,Check sum is >
train,lE,Check sum is Q
train,Yl,Check sum is %
train,Il,Check sum is U
train,u ,Check sum is 5
train,x6,Check sum is N
train,_?,Check sum is >
train,d8,Check sum is <
train,F	,Check sum is /
train,4(,Check sum is <
train,X;,Check sum is 3
train,h	,Check sum is Q
train,cL,Check sum is O
train,^g,Check sum is %
train,4o,Check sum is C
train,P5,Check sum is %
train,o3,Check sum is B
train,"U""",Check sum is W
train,vTz,Check sum is $
train,	c3,Check sum is ?
train,_$3,Check sum is V
train,7Uy,Check sum is %
train,"""o/",Check sum is  
train,xQ|,Check sum is %
train,7@q,Check sum is H
train,"W:,",Check sum is ]
train,wT\,Check sum is G
train,	)u,Check sum is G
train,?8J,Check sum is !
train,kNC,Check sum is \
train,4/[,Check sum is ^
train,Bu/,Check sum is F
train,G^H,Check sum is M
train,"
Dn",Check sum is \
train,b}<,Check sum is ;
train,DW1,"Check sum is ,"
train,gqW,Check sum is O
train,%5A,Check sum is ;
train,G(w,Check sum is F
train,&U5,Check sum is P
train,5>B,Check sum is U
train,jqy,Check sum is 4
train,T=),Check sum is Z
train,SmM,Check sum is -
train,OfI,Check sum is ^
train,o#6,Check sum is (
train,b|&,Check sum is $
train,th3,Check sum is /
train,/M+,Check sum is G
train,M]0,Check sum is :
train,vVA,Check sum is -
train,"
HU",Check sum is G
train,Q{{,Check sum is '
train,!NE,Check sum is T
train,"l
$",Check sum is :
train,bG),Check sum is 2
train,LW.,Check sum is 1
train,$~t,Check sum is 6
train,}|%,Check sum is >
train,C;x,Check sum is V
train,"<,`",Check sum is (
train,Gsk,Check sum is E
train,W&y,Check sum is V
train,G3N,Check sum is (
train,(Mm,Check sum is B
train,E!S,Check sum is Y
train,7x1,Check sum is @
train,?SJ,Check sum is <
train,"YoBv.Rg
}i""},<iE)>""^W	OX5",Check sum is O
train,xm$qu/w2o4DmU2o`3Y[I?/p 7L6|=dBxYV@h,Check sum is &
train,j1+21;vDT&?I25;b5K~T|RZ=5L,Check sum is <
train,"h4e`""b{n4/[R'B#\57xXxW]B",Check sum is P
train,"j@Mz],W>	A.nnE:,E5b^""8y0jMwNE","Check sum is ,"
train,v.|{UVx*9`MGBA^BQw_Cgl!CIh4Zvc,Check sum is Q
train,"E:Zj=2	ad0q~*GdDdr]	^I8HnikYvw&-zj^
Dz`oPBH",Check sum is I
train,5AAL1y!FEsR\ig2RN,Check sum is <
train,"LkG>(=t;s]>AV=2X5c.rP,$.w_+1{?uxvj|}>@yy[dlHcZ[HX*",Check sum is Y
train,[={7|iZ,Check sum is )
train,"E,@J%QSi~",Check sum is K
train,l:	/h\oE3wc	u^`ba^2/	(h5Y#YOiu1<Ob=u&A{nzIDNIK/(,Check sum is 1
train,"a,DC#~==Ok_~*s)sv]G#1r,",Check sum is +
train,7JvS&<?C0,Check sum is >
train,"	'>4H	X&`["")za",Check sum is 2
train,"&t>)~q	@Ec6T9MN5g=7I""~",Check sum is X
train,J2?&*1,Check sum is \
train,"8KD!uld{MD,<8tS1#K7F:Y8x@p{c",Check sum is -
train,BGbPqVfjC9FWnC3!0KsP_(8,Check sum is M
train,"2u
M./-b~XW:a",Check sum is R
train,"tb=dqjW, ~:[c^2;PcMT""7JM(aW=Q	NBHYYV/c;s,LqH>G\",Check sum is C
train,+7x5hL17_$K6`J5d@+>C%kiis2LfdN6?U\<;kCGX,Check sum is S
train,"J
f.C(2\)e\,SRt*fb5`pCtdq/va@O|?~L%D!XIw+^3u;i%A",Check sum is *
train,KYv\bpg1P'Nd!cRS/'/i)QJ~{',Check sum is $
train,"s\$Ex1zs._/'vNIkn@AU6amLVfrHG""LH5q!hA_CNgmb*_a0q",Check sum is 1
train,"SGX;u$.1wy8atC|}OO|s/
))8p{Fh\",Check sum is C
train,C@,Check sum is #
train,]Ut<*o@7O[5U#}\cwj%r?Vp<i{pQ ~K|)b.13e>r0;O,Check sum is T
train,"nOO>VJq$oLTQ),p$4a	9sX.krY)",Check sum is W
train,c	)sO	ZJ?h/-_CR/D5k+R=UYYXa8pq]cqNcwO,Check sum is )
train,"Y""9gx
WzU:hV9prD3U,Y<u?b];8@gVb])Esg&En(bJ",Check sum is Z
train,<E(iLLk	(CPW+)GUSxJ`}BVCi/ZX6]gv,Check sum is G
train,"r<]u S{j!^(fjb"";%yM`KU~T.N_/a	o~G
y)#,B)&&&}!\jq",Check sum is @
train,9Bj#w=n{G \p:k_L%f@EjmrXI,Check sum is B
train,"Hm}h3,3EGYLWPp7",Check sum is K
train,"}5""FPw.DjzYiP$pAC1 s RQ;EZH!;1b0?XcP%",Check sum is 8
train,"Z#v3TqV-}OJjW!X_&2D96DPQ`J?""_=oNgHs#v/",Check sum is ;
train,",s)Y{^X
u-ePWZB#eQjBc-1j4.be+Mtl;`daE9a3|	58",Check sum is [
train,Ik)(K{92tUB,Check sum is !
train,nwT{ov!LyG6c%ZlL3rp,Check sum is K
train,?xQd31>ePx9YnEFdCC#&4FF`r|WUG1_W6J/-9HvNV*_@7@Dj,Check sum is &
train,Kl\ C_=BW+[*!'p5#i b[w~TW<Hi(&99k!Y[rQ.sYa,Check sum is <
train,-!%1>{L3 CNlieo8,Check sum is N
train,"qw}zl30eF}njxS,[Y%]A[5PX)?wel>h2!WzV:	?MRm5ZgL",Check sum is T
train,/Vq?\\vX]S8A\0pY$Ut/@d?|P:n=4CU aJn[P,Check sum is 9
train,"+s}
P*{!)\F(",Check sum is N
train,8@D)e ;)@9u{.A$byYV#5Ma9zBnYGo`vv`KneD!D\/'Rip_{Q,Check sum is '
train,&VW@Vj]*=t,Check sum is +
train,"!OeR6`$H?O7_.V#GB<T$yR'<c#o	8)@wqj""RPl",Check sum is  
train,"+V""P/rcu~HC!T^>5}N\s)kx6g",Check sum is ^
train,7k&K##EJr6}X;9n:~{TpKFc<,Check sum is N
train,\y:p7AhW ]H?^vm[b6Uv1?n3g3j]p5hB2,Check sum is L
train,"h/?7{?>zx/NC93o<n08,l7*T0rs>`",Check sum is D
train,":O~D40ys2s(4?
Zd0<APA8*;uXn@u1V7",Check sum is L
train,"fo@hq\T0OUk
9Rf%nEYpg;Etd;?",Check sum is R
train,"M%=""eU",Check sum is +
train,"V)G
sFDf	
E1;8hX9t$udOo9",Check sum is 0
train,7Fa?,Check sum is =
train,"SUal0n)+Y
 &oHU/A","Check sum is ,"
train,"rU]$Go-+}S{9^lFH!n!J'l)J
[7pYAV?HVw`wltfH3W",Check sum is Q
train,"K9fb0{M8sjkbn,wQ}	&]ZN~wzZXl[+qPpQL""m",Check sum is I
train,?{gD&AK-p@R/iK1oN\aPR^DVYJ@5xKZpV+<IZoV2,Check sum is J
train,"EZ=/z=rFM^e&L/|TxIqL,Z-!.!p3n[tL[N-b?J}!$!QQ#/5[c",Check sum is 3
train,$-5|v*:Ix~nOyP$;<ClOru>P67`8,Check sum is T
train,g\*HzJfd{~f|_}ZYZQR9=.37Q)m Y`VX/2N)&v{7F-:]#N,Check sum is '
train,"9/s|&d`sPX
-w(f$E/'""j",Check sum is C
train,"u=X*@ZGpxPCgcoY
F4v]2C",Check sum is N
train,"F4u0LWEI,K:\#kW6L-6`wn-Kl",Check sum is 0
train,#[c_\E,Check sum is A
train,"vt/Y/Jk&o+gjlM""s
;>&E}\5
X2:M!",Check sum is M
train,bE))YP<%~WN&XT/qM4@lB9[DwxA:u(,Check sum is F
train,"Lp""+
cq|W^q9`<~xj!m}kn?Eg<ae:x3NmaZ4B1Nsj=fNSBn4",Check sum is D
train,twyEtOsh'B<o -jYw.j6x,Check sum is H
train,"]"".LT3jVX!Fo@bxFnB^6?T4\Pu%, XN-ic{s",Check sum is X
train,"Aa^qLtY?@R*cGey
+<WeqAF`;b",Check sum is O
train,1>*r&_k^>ZMX6l3 ,Check sum is +
train,"<E[[@7?_b
..ih.)g`OS#	V",Check sum is G
train,-0O q&~Ndf y$g,Check sum is =
train,"EfkU+m+s	fY1LdZnVgD->""{F9|KC"")l+q:nxwt_J
TA&HQKjN/",Check sum is [
train,"ypL:XYNPwN36Nir'ENmjc""4qKFN,l",Check sum is '
train,"%)VtE8vb_Wmbj[""of_)4 eHST@_0xD!'",Check sum is Q
train,ZJ/!6[o}bN],Check sum is ^
train,`/z	B2~!X8:Sza'.</KL,Check sum is T
train,oC\[,Check sum is I
train,"C2#(5/Erf1r9iC<x+`fDxBU-[Ov'I{@kf'/""p1alT",Check sum is $
train,.g#^nT4NCp4CGF {G|x.`Y`QCJV'e2Z~1ZL\Hg,Check sum is :
train,"\d+C4^Yoh
i11|6	}p""""",Check sum is Q
train,oqF6+,Check sum is '
train,1Z4+;'#C&KK2G'J6Cb$'VnH5_Gz?S:9df#(S,"Check sum is ,"
test,EA,Check sum is &
test,$r,Check sum is 6
test,!R,Check sum is S
test,Jy,Check sum is #
test,>2,Check sum is P
test,W4,Check sum is +
test,cP,Check sum is S
test,e(,Check sum is -
test,^&,Check sum is $
test,| ,Check sum is <
test,OK,Check sum is :
test,Y},Check sum is 6
test,N!,Check sum is O
test, :,Check sum is :
test,VK,Check sum is A
test,"?
",Check sum is )
test,#$,Check sum is '
test,vH,Check sum is ^
test,r/,Check sum is A
test,xt,Check sum is L
test,"""l",Check sum is .
test," ""","Check sum is """
test,:t,Check sum is N
test,4V,Check sum is *
test,>H,Check sum is &
test,Af,Check sum is G
test,`r,Check sum is 2
test,Qq,"Check sum is """
test,QV,Check sum is G
test,"y
",Check sum is #
test,%C,Check sum is H
test,GL,Check sum is 3
test,kW,"Check sum is """
test,Wm,Check sum is $
test,#w,Check sum is :
test,D&,Check sum is J
test,G[,Check sum is B
test,"
m",Check sum is W
test,cN,Check sum is Q
test,0],Check sum is -
test,1v,Check sum is G
test,R7,Check sum is )
test,~n,Check sum is L
test,]R,Check sum is O
test,#+,Check sum is .
test,JK,Check sum is 5
test,;n,Check sum is I
test,A8,Check sum is Y
test,xB,Check sum is Z
test,sg,Check sum is :
test,%A,Check sum is F
test,_&,Check sum is %
test,&1,Check sum is 7
test,'y,Check sum is @
test,|:,Check sum is V
test,v7,Check sum is M
test,1*,Check sum is ;
test,'D,Check sum is K
test,?_,Check sum is >
test,7Z,Check sum is 1
test,>=,Check sum is [
test,m*,Check sum is 7
test,Xe,Check sum is ]
test,"}
",Check sum is '
test,x^,Check sum is 6
test,<#,Check sum is ?
test,+:,Check sum is E
test,EK,Check sum is 0
test,7L,Check sum is #
test,za,Check sum is ;
test,|$,Check sum is @
test,)h,Check sum is 1
test,w',Check sum is >
test,<g,Check sum is C
test,)n,Check sum is 7
test,(:,Check sum is B
test,PL,Check sum is <
test,'x,Check sum is ?
test,S%,Check sum is X
test, P,Check sum is P
test,lj,Check sum is 6
test,nt,Check sum is B
test,37,Check sum is J
test,$i,Check sum is -
test,M$,Check sum is Q
test, >,Check sum is >
test,"
3",Check sum is ]
test,YE,Check sum is >
test,qW,Check sum is (
test,Yl,Check sum is %
test,qg,Check sum is 8
test,7!,Check sum is 8
test,	!,Check sum is J
test,d%,Check sum is )
test,A/,Check sum is P
test,wu,Check sum is L
test,}),Check sum is F
test,5:,Check sum is O
test,"
R",Check sum is <
test,+w,Check sum is B
test,Pn,Check sum is ^
test,(=,Check sum is E
test,bv,Check sum is 8
test,R%,Check sum is W
test,EY,Check sum is >
test,vh,Check sum is >
test,pr,Check sum is B
test,'x,Check sum is ?
test,xy,Check sum is Q
test,-<,Check sum is I
test,]G,Check sum is D
test,4Z,Check sum is .
test,a},Check sum is >
test,5C,Check sum is X
test,+Q,Check sum is \
test,{Z,Check sum is 5
test,k{,Check sum is F
test,ro,Check sum is A
test,'8,Check sum is ?
test,I<,Check sum is %
test,k4,Check sum is ?
test,g8,Check sum is ?
test,6$,Check sum is :
test,t[,Check sum is /
test,f#,Check sum is )
test,	\,Check sum is E
test,R*,Check sum is \
test,{e,Check sum is @
test,S&,Check sum is Y
test,K4,Check sum is _
test,~',Check sum is E
test,ER,Check sum is 7
test,4\,Check sum is 0
test,"U
",Check sum is ?
test,k;,Check sum is F
test,@p,Check sum is P
test,mF,Check sum is S
test,pw,Check sum is G
test,:',Check sum is A
test,s),Check sum is <
test,2;,Check sum is M
test,y:,Check sum is S
test,-n,Check sum is ;
test,-J,Check sum is W
test,ZK,Check sum is E
test,Hc,Check sum is K
test,jS,Check sum is ]
test,D~,"Check sum is """
test,nI,Check sum is W
test,sw,Check sum is J
test,3{,Check sum is N
test,W!,Check sum is X
test,A7,Check sum is X
test,oY,Check sum is (
test,6e,Check sum is ;
test,@',Check sum is G
test,>R,Check sum is 0
test,OI,Check sum is 8
test,\E,Check sum is A
test,v/,Check sum is E
test,@|,Check sum is \
test,]?,Check sum is <
test,5G,Check sum is \
test,J/,Check sum is Y
test,n+,Check sum is 9
test,u=,Check sum is R
test,Wp,Check sum is '
test,zb,Check sum is <
test,^|,Check sum is :
test,P%,Check sum is U
test,oj,Check sum is 9
test,n~,Check sum is L
test,W#,Check sum is Z
test,zl,Check sum is F
test,tW,Check sum is +
test,	w,Check sum is  
test,Gd,Check sum is K
test,|K,Check sum is '
test,0H,Check sum is X
test,|$,Check sum is @
test,x*,Check sum is B
test,VY,Check sum is O
test,&},Check sum is C
test,f{,Check sum is A
test,'h,Check sum is /
test,Lw,Check sum is #
test,;f,Check sum is A
test,xk,Check sum is C
test,EU,Check sum is :
test,8#,Check sum is ;
test,x{,Check sum is S
test,6.,Check sum is D
test,3O,"Check sum is """
test,MJ,Check sum is 7
test,NR,Check sum is @
test,N$,Check sum is R
test,WC,Check sum is :
test,aI,Check sum is J
test,'!,Check sum is (
test,7Q,Check sum is (
test,LY,Check sum is E
test,<`,Check sum is <
test,NF,Check sum is 4
test,?3,Check sum is R
test,vd,Check sum is :
test,&?,Check sum is E
test,e+,Check sum is 0
test,g(,Check sum is /
test,RH,Check sum is :
test,.4,Check sum is B
test,qf,Check sum is 7
test,o(,Check sum is 7
test,s3,Check sum is F
test,Ok,Check sum is Z
test,dz,Check sum is >
test,@m,Check sum is M
test,Vs,Check sum is )
test,O	,Check sum is 8
test,iG,Check sum is P
test,$G,Check sum is K
test,Wr,Check sum is )
test,2%,Check sum is 7
test,"""u",Check sum is 7
test,"
x","Check sum is """
test,~a,Check sum is ?
test,q\,Check sum is -
test,Kf,Check sum is Q
test,+2,Check sum is =
test,i<,Check sum is E
test,gK,Check sum is R
test,c0,Check sum is 3
test,@[,Check sum is ;
test, H,Check sum is H
test,[`,Check sum is [
test,QM,Check sum is >
test,rQ,Check sum is #
test,]>,Check sum is ;
test,o-,Check sum is <
test,]Z,Check sum is W
test,&8,Check sum is >
test,*z,Check sum is D
test,FM,Check sum is 3
test,+ ,Check sum is +
test,#U,Check sum is X
test,mZ,Check sum is '
test,YX,Check sum is Q
test,Op,Check sum is _
test,Bd,Check sum is F
test,"
+",Check sum is U
test,"n
",Check sum is X
test,"`,","Check sum is ,"
test,hZ,"Check sum is """
test, Q,Check sum is Q
test,G[,Check sum is B
test,qI,Check sum is Z
test,!B,Check sum is C
test,s2,Check sum is E
test,2J,Check sum is \
test,o\,Check sum is +
test,^A,Check sum is ?
test,	B,Check sum is +
test,M',Check sum is T
test,VK,Check sum is A
test,gk,Check sum is 2
test,(v,Check sum is >
test,W4,Check sum is +
test,%/,Check sum is 4
test,%#,Check sum is (
test,"v""",Check sum is 8
test,G:,Check sum is !
test,R*,Check sum is \
test,|[,Check sum is 7
test,zQ,Check sum is +
test,4m,Check sum is A
test,y\,Check sum is 5
test,"A""",Check sum is C
test,2+,Check sum is =
test,#D,Check sum is G
test,gl,Check sum is 3
test,&F,Check sum is L
test,!|,Check sum is =
test,{},Check sum is X
test,P#,Check sum is S
test,eW,Check sum is \
test,W&,Check sum is ]
test,S@,Check sum is 3
test,"0,",Check sum is <
test,qr,Check sum is C
test,H$,Check sum is L
test,+$,Check sum is /
test,YE,Check sum is >
test,s1,Check sum is D
test,fM,Check sum is S
test,_\,Check sum is [
test,KL,Check sum is 7
test,+r,Check sum is =
test,Qf,Check sum is W
test,)6,Check sum is ?
test,	o,Check sum is X
test,t1,Check sum is E
test,",_",Check sum is +
test,} ,Check sum is =
test,m/,Check sum is <
test,;i,Check sum is D
test,iL,Check sum is U
test,'n,Check sum is 5
test,!Y,Check sum is Z
test,$b,Check sum is &
test,'q,Check sum is 8
test,9*,Check sum is C
test,PY,Check sum is I
test,X;,Check sum is 3
test,Gj,Check sum is Q
test,zq,Check sum is K
test,>T,Check sum is 2
test,sA,Check sum is T
test,]1,Check sum is .
test,fQ,Check sum is W
test,0G,Check sum is W
test,Z},Check sum is 7
test,Na,Check sum is O
test,fW,Check sum is ]
test,6/,Check sum is E
test,YI,Check sum is B
test,=>,Check sum is [
test,m#,Check sum is 0
test,Tp,Check sum is $
test,w5,Check sum is L
test,Z>,Check sum is 8
test,VI,Check sum is ?
test,G?,Check sum is &
test,~d,Check sum is B
test,m9,Check sum is F
test,%z,Check sum is ?
test,::,Check sum is T
test,~_,Check sum is =
test,p$,Check sum is 4
test,SZ,Check sum is M
test,2),Check sum is ;
test,2x,Check sum is J
test,@F,Check sum is &
test,e{,Check sum is @
test,E*,Check sum is O
test,b%,Check sum is '
test,nf,Check sum is 4
test,Rs,Check sum is %
test,5a,Check sum is 6
test,U&,Check sum is [
test,\H,Check sum is D
test,%U,Check sum is Z
test,'!,Check sum is (
test,yl,Check sum is E
test,Qq,"Check sum is """
test,mS,Check sum is  
test,3!,Check sum is 4
test,2N,Check sum is  
test,"k""",Check sum is -
test,`3,Check sum is 3
test,"""7",Check sum is 9
test,\;,Check sum is 7
test,n+,Check sum is 9
test,uX,Check sum is -
test,\u,Check sum is 1
test,s),Check sum is <
test,D!,Check sum is E
test,-h,Check sum is 5
test,.5,Check sum is C
test,<o,Check sum is K
test,FY,Check sum is ?
test,>%,Check sum is C
test,0x,Check sum is H
test,",g",Check sum is 3
test,"Y""",Check sum is [
test,^e,Check sum is #
test,he,Check sum is -
test,Sh,Check sum is [
test,GQ,Check sum is 8
test,e`,Check sum is %
test,Hr,Check sum is Z
test,\},Check sum is 9
test,7<,Check sum is S
test,m_,"Check sum is ,"
test,>G,Check sum is %
test,sp,Check sum is C
test,6J,Check sum is  
test,YP,Check sum is I
test,Rz,"Check sum is ,"
test,mW,Check sum is $
test,{N,Check sum is )
test,:C,Check sum is ]
test,"F""",Check sum is H
test,RT,Check sum is F
test,vL,"Check sum is """
test,Tp,Check sum is $
test,ID,Check sum is -
test,!1,Check sum is 2
test,f),Check sum is /
test,I~,Check sum is '
test,QJ,Check sum is ;
test,#>,Check sum is A
test,lf,Check sum is 2
test,mf,Check sum is 3
test,b ,"Check sum is """
test,<-,Check sum is I
test,r#,Check sum is 5
test,S*,Check sum is ]
test,J-,Check sum is W
test,:},Check sum is W
test,$f,Check sum is *
test,bN,Check sum is P
test,+[,Check sum is &
test,<v,Check sum is R
test,:>,Check sum is X
test,&_,Check sum is %
test,6#,Check sum is 9
test,BU,Check sum is 7
test,u(,Check sum is =
test,^O,Check sum is M
test,8t,Check sum is L
test,m:,Check sum is G
test,n9,Check sum is G
test,eE,Check sum is J
test,Vg,Check sum is ]
test,ZU,Check sum is O
test,"k
",Check sum is U
test,a`,Check sum is !
test,M4,Check sum is !
test,}I,Check sum is &
test,G],Check sum is D
test,IH,Check sum is 1
test,[f,Check sum is !
test,qO,Check sum is  
test,X;,Check sum is 3
test,T_,Check sum is S
test,5=,Check sum is R
test,p&,Check sum is 6
test,hC,Check sum is K
test,(r,Check sum is :
test,GT,Check sum is ;
test,ny,Check sum is G
test,[*,Check sum is %
test,XS,Check sum is K
test,/d,Check sum is 3
test,+E,Check sum is P
test,gG,Check sum is N
test,8E,Check sum is ]
test,lS,Check sum is _
test,	=,Check sum is &
test,:t,Check sum is N
test,2G,Check sum is Y
test,(D,Check sum is L
test,&E,Check sum is K
test,BA,Check sum is #
test,.o,Check sum is =
test,cR,Check sum is U
test,Q=,Check sum is .
test,q#,Check sum is 4
test,eu,Check sum is :
test, Z,Check sum is Z
test,Fi,Check sum is O
test,&2,Check sum is 8
test,#W,Check sum is Z
test,+_,Check sum is *
test,>J,Check sum is (
test,-c,Check sum is 0
test,;],Check sum is 8
test,>4,Check sum is R
test,bv,Check sum is 8
test,",B",Check sum is N
test,M4,Check sum is !
test,Jc,Check sum is M
test,"{,",Check sum is G
test,""".",Check sum is 0
test,QX,Check sum is I
test,~5,Check sum is S
test,S/,"Check sum is """
test,-\,Check sum is )
test,90,Check sum is I
test,%{,Check sum is @
test,`X,Check sum is X
test,a_,Check sum is  
test,"c""",Check sum is %
test,66,Check sum is L
test,jM,Check sum is W
test,]C,Check sum is @
test,ap,Check sum is 1
test,?A,Check sum is  
test,=),Check sum is F
test,",Q",Check sum is ]
test,Qs,Check sum is $
test,lo,Check sum is ;
test,<$,Check sum is @
test,hf,Check sum is .
test,*f,Check sum is 0
test,_r,Check sum is 1
test,`	,Check sum is I
test,9Z,Check sum is 3
test,tj,Check sum is >
test,!I,Check sum is J
test,Z?,Check sum is 9
test,BRX,Check sum is L
test,P$%,Check sum is 9
test,R=f,Check sum is U
test,}[_,Check sum is W
test,s83,Check sum is >
test,-X3,Check sum is X
test,;Mu,Check sum is ]
test,1e5,Check sum is +
test,tn8,Check sum is :
test,Er2,Check sum is I
test,y U,Check sum is N
test,8@?,Check sum is W
test,\B	,Check sum is G
test,Ctq,Check sum is H
test,]8(,Check sum is ]
test,"%
p",Check sum is ?
test,:+{,Check sum is @
test,cG3,Check sum is =
test,{Vn,Check sum is _
test,BY ,Check sum is [
test,joH,Check sum is A
test,TrG,Check sum is -
test,8xW,Check sum is '
test,swH,Check sum is R
test,"
f'",Check sum is 7
test,"Y:""",Check sum is U
test,}f?,Check sum is B
test,}	),Check sum is O
test,db;,Check sum is !
test,~%7,Check sum is :
test,hwA,Check sum is @
test,8:?,Check sum is Q
test,t\8,Check sum is (
test,4FH,"Check sum is """
test,~JE,Check sum is -
test,z-6,Check sum is =
test,Q*a,Check sum is <
test,0w&,Check sum is -
test,+|E,Check sum is L
test,?vG,Check sum is \
test,h4-,Check sum is )
test,c	1,Check sum is =
test,Sn',Check sum is H
test,eZh,Check sum is G
test,DCS,Check sum is :
test,@~D,"Check sum is """
test,<gK,Check sum is N
test,aC!,Check sum is %
test,?ED,Check sum is (
test,:v5,Check sum is E
test,"d,T",Check sum is D
test,`;~,Check sum is 9
test,VAK,Check sum is B
test,im ,Check sum is V
test,~h-,Check sum is 3
test,"KR,",Check sum is )
test,@H:,"Check sum is """
test,Npt,Check sum is R
test,"j
a",Check sum is 5
test,@}B,Check sum is _
test,;v5,Check sum is F
test,3dM,Check sum is D
test,S*V,Check sum is 3
test,o2R,Check sum is S
test,+M-,Check sum is E
test,/!1,Check sum is !
test,:NR,Check sum is :
test,LC/,Check sum is ^
test,>VB,Check sum is 6
test,"q<
",Check sum is W
test,|^s,Check sum is -
test,)[B,Check sum is &
test,"
b&",Check sum is 2
test,Ox>,Check sum is %
test,",-Z",Check sum is S
test,q z,Check sum is +
test,xf9,Check sum is 7
test,(55,Check sum is 2
test,SQ`,Check sum is $
test,YL<,Check sum is A
test,j}*,Check sum is 1
test,:j#,Check sum is '
test,S\a,Check sum is 0
test,&ID,Check sum is S
test,A	U,Check sum is ?
test,`xm,Check sum is %
test,u)E,Check sum is C
test,Ndh,Check sum is :
test,0-e,"Check sum is """
test,LUq,Check sum is 2
test,"n
F",Check sum is ^
test,$Pp,Check sum is D
test,"O""?",Check sum is P
test,>Lq,Check sum is [
test,gM#,Check sum is 7
test,|?J,Check sum is %
test,.pK,Check sum is I
test,*jO,Check sum is C
test,'lb,Check sum is U
test,z;y,Check sum is N
test,EPC,Check sum is 8
test,5U.,Check sum is X
test,\[b,Check sum is 9
test,a'R,Check sum is :
test,vck,Check sum is $
test,bQG,Check sum is Z
test,|Bx,Check sum is V
test,kFi,Check sum is :
test,0DR,Check sum is &
test,~/K,Check sum is X
test,80$,"Check sum is ,"
test,$vK,Check sum is E
test,8AD,Check sum is ]
test,IQh,"Check sum is """
test,3V	,Check sum is 2
test,wYL,Check sum is <
test,s~r,Check sum is C
test,r|R,Check sum is  
test,5A%,Check sum is ;
test,UjQ,Check sum is 0
test,=~],Check sum is 8
test,Eo#,Check sum is 7
test,"""o0",Check sum is !
test,Szd,Check sum is Q
test,	\5,Check sum is :
test,"|
""",Check sum is H
test,lNR,"Check sum is ,"
test,JK~,Check sum is 3
test,|VW,Check sum is I
test,"mk,",Check sum is $
test,a*z,Check sum is %
test,3;:,Check sum is H
test,@}8,Check sum is U
test,ow5,Check sum is ;
test,qlY,Check sum is V
test,JN',Check sum is _
test,|Uf,Check sum is W
test,{8	,Check sum is \
test,k@X,Check sum is #
test,B}N,Check sum is -
test,d=a,"Check sum is """
test,a6X,Check sum is O
test,=~%,Check sum is @
test,FCx,Check sum is !
test,`?0,Check sum is /
test,6BX,Check sum is 0
test,l8B,Check sum is F
test,W/ ,Check sum is F
test,T5|,Check sum is %
test,15M,Check sum is S
test,dkc,Check sum is R
test,"5:
",Check sum is Y
test,$|F,Check sum is F
test,	L?,Check sum is 4
test, j[,Check sum is E
test,^IK,Check sum is R
test,'bu,Check sum is ^
test,V_M,"Check sum is """
test,%	m,Check sum is ;
test,w+6,Check sum is 8
test,Mw?,Check sum is #
test,"i
:",Check sum is M
test,EPe,Check sum is Z
test,gqL,Check sum is D
test,YS.,Check sum is :
test,Ex_,Check sum is <
test,Nj@,Check sum is X
test,3k*,Check sum is (
test,"mo,",Check sum is (
test,U3U,Check sum is =
test,JYq,Check sum is 4
test,8]j,Check sum is _
test,LN<,Check sum is 6
test,Se|,Check sum is T
test,:{:,Check sum is O
test,5$j,Check sum is #
test,&V[,Check sum is 7
test,{H},Check sum is  
test,(] ,Check sum is E
test,^Xj,Check sum is @
test,JQs,Check sum is .
test,E`v,Check sum is ;
test,tM`,Check sum is A
test,*cx,Check sum is %
test,]jS,Check sum is :
test,QG[,Check sum is S
test,]M ,Check sum is *
test,%-R,Check sum is D
test,	G0,Check sum is  
test,^p-,Check sum is [
test," ""0",Check sum is R
test,AR0,Check sum is #
test,"-,f",Check sum is _
test,Gdv,Check sum is A
test,MuJ,"Check sum is ,"
test,	?1,Check sum is Y
test,gRT,Check sum is -
test,:Qe,Check sum is P
test,j*T,Check sum is H
test,;-K,Check sum is S
test,icf,Check sum is R
test,KUu,Check sum is 5
test,ZAy,Check sum is 4
test,/B!,Check sum is 2
test,Q8T,Check sum is =
test,CK=,Check sum is +
test,pR),Check sum is K
test,'1H,Check sum is @
test,:b',Check sum is #
test,%Rt,Check sum is K
test,4M7,Check sum is X
test,[WI,Check sum is [
test,:-V,Check sum is ]
test,QY>,Check sum is H
test,"et""",Check sum is [
test,F(9,Check sum is G
test,dOs,Check sum is F
test,Nw>,Check sum is #
test,	)_,Check sum is 1
test,<4^,Check sum is .
test,	V-,"Check sum is ,"
test,Qy[,Check sum is E
test,"U""9",Check sum is P
test,}#Z,Check sum is Z
test,QbW,Check sum is *
test,{t.,Check sum is =
test,G[@,Check sum is B
test,/ic,Check sum is [
test,aJ9,Check sum is D
test,[7W,Check sum is I
test,	h#,Check sum is 4
test,Z~j,"Check sum is """
test,36[,Check sum is $
test,nTX,Check sum is :
test,"8""e",Check sum is _
test,oH:,Check sum is Q
test,0;),Check sum is 4
test,b/9,Check sum is *
test,":
)",Check sum is M
test,|k\,Check sum is #
test,1_4,Check sum is $
test,Hz>,Check sum is  
test,@b@,Check sum is B
test,JS>,Check sum is ;
test,"V""h",Check sum is @
test,gRM,Check sum is &
test,"%2
",Check sum is A
test,xWY,Check sum is H
test,"1
9",Check sum is T
test,t w,Check sum is +
test,5L),Check sum is J
test,5|T,Check sum is %
test,=(Y,Check sum is ^
test,E*&,Check sum is 5
test,<l2,Check sum is :
test,_ll,Check sum is W
test,""";r",Check sum is /
test,8K%,Check sum is H
test,a|3,Check sum is 0
test,"=},",Check sum is F
test,	0k,Check sum is D
test,OTk,Check sum is .
test,< z,Check sum is 6
test,)4f,Check sum is #
test,<w>,Check sum is Q
test,A6Q,Check sum is (
test,T}+,Check sum is \
test,;7Q,Check sum is #
test,!|),Check sum is &
test,6ct,Check sum is -
test,8B\,Check sum is 6
test,>I ,Check sum is G
test,UlN,Check sum is /
test,"""Ny",Check sum is I
test,K2?,Check sum is \
test,",HG",Check sum is [
test,`H',Check sum is /
test,f@f,"Check sum is ,"
test,|ID,Check sum is )
test,t	z,Check sum is W
test,jPt,Check sum is N
test,%1M,Check sum is C
test,	%p,Check sum is >
test,"
ZA",Check sum is E
test,%.m,Check sum is  
test,-4P,Check sum is Q
test,8l@,Check sum is D
test,P2B,Check sum is $
test,vwJ,Check sum is W
test,"m""z",Check sum is )
test,32f,Check sum is +
test,{`;,Check sum is 6
test,",#*",Check sum is Y
test,0}~,Check sum is K
test,H6r,Check sum is P
test,8m0,Check sum is 5
test,i4!,Check sum is ^
test,",%X",Check sum is I
test,TQ9,Check sum is >
test,(!Z,Check sum is C
test,?{A,Check sum is [
test,}&p,Check sum is 3
test,"""ee",Check sum is L
test,2-5,Check sum is 4
test,b7y,Check sum is 2
test,Xv),Check sum is W
test,4.y,Check sum is ;
test,N)},Check sum is T
test,/;_,Check sum is )
test,c7*,Check sum is $
test,!D;,Check sum is @
test,b-p,Check sum is _
test,I7O,Check sum is /
test,"w
3",Check sum is T
test,"ZN""",Check sum is *
test,xm?,Check sum is D
test,9F?,Check sum is ^
test,0SL,Check sum is /
test,fUk,Check sum is F
test,<i$,Check sum is )
test,7!j,"Check sum is """
test,{N&,Check sum is O
test,_'Z,Check sum is @
test,B&F,Check sum is N
test,RA4,Check sum is '
test,Ud#,Check sum is <
test,[l!,Check sum is H
test,'zZ,Check sum is [
test,%48,Check sum is 1
test,S~G,Check sum is 8
test,Y^[,Check sum is 2
test,CHK,Check sum is 6
test,>8@,Check sum is V
test,wRI,Check sum is 2
test,/w#,Check sum is )
test,]`s,Check sum is P
test, o9,Check sum is (
test,*r	,Check sum is E
test,!~u,Check sum is 4
test,lc',Check sum is V
test,vb+,Check sum is #
test,jIA,Check sum is T
test,"o,7",Check sum is 2
test,f##,Check sum is L
test,yj-,Check sum is 0
test,o]X,Check sum is D
test,TyE,Check sum is 2
test,`#`,Check sum is C
test,"""<X",Check sum is V
test,Nqs,Check sum is R
test,K{ ,Check sum is F
test,"b<
",Check sum is H
test,"M(""",Check sum is 7
test,?P',Check sum is V
test,4Ij,Check sum is G
test,[yA,Check sum is 5
test,5Kq,Check sum is Q
test,IQH,Check sum is B
test,c#-,Check sum is S
test,zhb,Check sum is $
test,\T8,Check sum is H
test,.T[,Check sum is =
test,|\},Check sum is 5
test,7gU,Check sum is S
test,oS(,Check sum is J
test,a=(,Check sum is &
test,n=h,Check sum is 3
test, >P,Check sum is N
test,6[/,Check sum is  
test,I]9,Check sum is ?
test,B2w,Check sum is K
test,g\K,Check sum is .
test,wl),"Check sum is ,"
test,"fg
",Check sum is 7
test,&Qj,Check sum is A
test,"""W2",Check sum is K
test,BI:,Check sum is %
test,[#:,Check sum is X
test,PW4,Check sum is ;
test,\6&,Check sum is X
test,e0q,Check sum is &
test,.|r,Check sum is <
test,nb{,Check sum is +
test,"<,v",Check sum is >
test,V`&,Check sum is <
test,o\`,Check sum is K
test,UqT,Check sum is :
test,I2/,Check sum is J
test,:XN,Check sum is @
test,B@$,Check sum is F
test,Wo(,Check sum is N
test,] +,Check sum is H
test,QBB,Check sum is 5
test,q\c,Check sum is P
test,?J	,Check sum is 2
test,]Ya,Check sum is 7
test,8A},Check sum is V
test,UYl,Check sum is :
test,4oB,Check sum is E
test,qdg,Check sum is \
test,% Z,Check sum is ?
test,=(_,Check sum is $
test,=CS,Check sum is 3
test,~rG,Check sum is W
test,"K
+",Check sum is  
test,++4,Check sum is *
test,5X/,Check sum is \
test,G)i,Check sum is 9
test,XpW,Check sum is ?
test,~vU,Check sum is )
test,/e/,Check sum is #
test,LR1,Check sum is /
test,8gb,Check sum is !
test,T6D,Check sum is .
test,>L`,Check sum is J
test,tjc,Check sum is !
test,K:!,Check sum is F
test,bzw,Check sum is 3
test,7wZ,Check sum is (
test,]'\,Check sum is @
test,qx>,Check sum is G
test,Ui%,Check sum is C
test,Pv~,Check sum is $
test,-Es,Check sum is E
test,Bc9,Check sum is >
test,@Vy,Check sum is /
test,aq>,Check sum is 0
test,YK*,Check sum is .
test,oOd,Check sum is B
test,?@Z,Check sum is 9
test,9Tv,Check sum is #
test,okW,Check sum is Q
test,*l6,"Check sum is ,"
test,\<R,Check sum is J
test,633,Check sum is <
test,DH^,Check sum is J
test,ulv,Check sum is 7
test,7MY,Check sum is =
test,dz@,Check sum is >
test,Sy5,Check sum is !
test,.0U,Check sum is S
test,>'Q,Check sum is V
test,c	#,Check sum is /
test,o-],Check sum is Y
test,lL1,Check sum is I
test,mW;,Check sum is _
test,}A=,Check sum is [
test,0S;,Check sum is ^
test,tD\,Check sum is 4
test,_(>,Check sum is %
test,{)`,Check sum is $
test,R+1,Check sum is N
test,"""'k",Check sum is T
test,``g,Check sum is G
test,SbQ,Check sum is &
test,?aS,Check sum is S
test,olY,Check sum is T
test,f&&,Check sum is R
test,#};,Check sum is ;
test,Rz`,Check sum is L
test,"p
U",Check sum is /
test,0wH,Check sum is O
test,	&C,Check sum is R
test,ptd,Check sum is (
test,_@I,Check sum is H
test,7%c,Check sum is _
test,l#2,Check sum is !
test,7jh,Check sum is )
test,|>I,Check sum is #
test,&-T,Check sum is G
test,EK{,Check sum is +
test,Bb=,Check sum is A
test,pU-,Check sum is R
test,Ix5,Check sum is V
test,oD9,Check sum is L
test,7;T,Check sum is &
test,cP6,Check sum is I
test,"T;""",Check sum is Q
test,"yi,",Check sum is .
test,}Z\,Check sum is S
test,j-G,Check sum is >
test,#[o,Check sum is M
test,Y98,Check sum is *
test,sv7,Check sum is @
test,"Ss
",Check sum is 0
test,6sv,Check sum is ?
test,.5J,Check sum is M
test,B;O,"Check sum is ,"
test,AWK,Check sum is C
test,"L""+",Check sum is 9
test,j4d,"Check sum is """
test,~lO,Check sum is Y
test,N=`,Check sum is K
test,-l:,Check sum is 3
test,=SW,Check sum is G
test,D'I,Check sum is T
test,-P^,Check sum is ;
test,	tW,Check sum is 4
test,Cmf,Check sum is 6
test,%ny,"Check sum is ,"
test,xu25Czg&Mle_ESB<9d':BGT-c9]aVe8c8GsARPAZ,Check sum is 9
test,6iE l\Gd7epCG[$PXw%oAx#]\7*T|CDiqW%RCGl;~,Check sum is C
test,"]|URkId,SE% '0t}7qne^qy`","Check sum is ,"
test,"WRi1*bccFDQ=jJL>uU:+d5xP-L(yZ
R3GJIc",Check sum is [
test,uVK3zC8G<	B,"Check sum is ,"
test,P+j}2=~zf8H]-tjE,Check sum is <
test,"34d0Yf?cds,^\Y",Check sum is R
test,HP\|sgP_;>rWiJnE%z=e	&%m-4BG4x|LOz])krCTlEj,Check sum is ?
test,Lf'ZPCmq%c2?r]o6-A*}(HMjkp#F?G1yQh2VS%	p3rXU,Check sum is %
test,"<#eH%QvVk)""[Qr`Htiw]M/P;LCU:B[Q{NXBgzIq^TojCi6}-<a",Check sum is  
test,"nidOq]AV,[aw`vx",Check sum is <
test,"z+m7yz_]Jg?&#YEuR|({,32<Y1-;/axq	^O3RLl*)iV`3u9_g@",Check sum is Y
test,$FL}sYDn.CzWS^F;?n/?$Z	)c,Check sum is 3
test,LwX,Check sum is ;
test,"u""m6[|e6d:(}
ce-vPh$Wr4iU;m0A_	4L",Check sum is \
test,"'*w1KC8?""?ZNy{O{8gy!1\C1O*qo0fpH&NQC!l	)J",Check sum is W
test,wb-ZT_cQ,Check sum is '
test,"'Do;L<Hm`UY!cv>yxHZ8jz#vP8y*,|O]VS}Yt;3mPme?v~a\.*",Check sum is 7
test,Wk@+e4a=dJ,Check sum is 2
test,"a #Il:1cHdxOi`^E~alE""by3Vu4#]iW $PdF#T`qB8}'(",Check sum is 1
test,"*fGH_^a*,@se|o,nrjP{~J`a0NKO'<=XIox-p4T",Check sum is %
test,H1C ,Check sum is <
test,"T^O=16""v;SHU&<lbS",Check sum is K
test,"(i>Ty)H|S@Y'mCU]>o5bI
CGWf_",Check sum is [
test,v?S^ei,Check sum is T
test,"	jCn3F3_.]R""7`l>FEt0KwxnZw,D68;4u(90ZP:xA""FNGkIl'",Check sum is +
test,":fz5
q:@1buQ
ZC*i",Check sum is 7
test,"3xjz""A23E^AE<NO{tNm;lj4[P <z;cb]\6{2~>vm6cwg.o\",Check sum is T
test,"R9OLC6aQuM% ?JNn
Y",Check sum is  
test,Maqpn6XYUD7}W0*6>ELl,Check sum is 3
test,"+c9^xM_;f2CK""SAkGb]6no@2e14I\`n@Tw@ U*@B$G%",Check sum is /
test,"6rJ0%i'0qM""\r>&dgJR[6k8",Check sum is T
test,"&nWJW:!PT{A`,PJ?1{eF1x<u1KG:KSs>u'm",Check sum is R
test,H=YTdjI!-hTdt*,Check sum is 5
test,kMN?Nai@	4s_[.cF^INIl}<XQ_3p}fj[6,Check sum is *
test,"AxB
(
<tPu%% wqA uCUv|*aFT;YIWzD<D",Check sum is U
test,D2<6m]8T0jjn(wa(NW<MY#(&%R<z	Q[oAKL,Check sum is Y
test,"f~+=$KW,+M^/N!-aa~UR#T&*FA<}#,	`zXVh8j",Check sum is W
test,"0NzR*~JErG)N/eo!=`Ji
3+,Zz6Y",Check sum is <
test,"l5w,UB;-~``fqPfClBx5Q8hT[Eq-3:|arC&6[v?j$z)S",Check sum is >
test,"o:dA~OB|D""b!)b#	Ry)tAKf`'4 k#{qSv*:]H
XVZws#$MZg!",Check sum is L
test,"iGbQ>.
PgF""M}+X$6f/",Check sum is T
test,[	>jDJ*sdE5-I=>+H3}W4Ja-hU}cJMno.<'D J^y&z-+;I,Check sum is O
test,k+jZ(Wh,Check sum is !
test,"eSPZ:Y""
9sR.k5",Check sum is M
test,;dq,Check sum is 0
test,[}C.06@cAvKGU^1qW~Yy`[V}ds,Check sum is \
test,"i!/Q@KuDgwOF?7R.9L@=qR&;.b[#g|ihl6bz]I`T@
`f\",Check sum is C
test,I	XO%-Y:B:ilCIo@d[fM,Check sum is <
test,";&GkNEr7!4LU~peLFY}Bx<)5?-Ii&ZUXZ
Z;",Check sum is 8
test,"w~`vIFw.RBC 9oaV#p-E""YnCZ{||$",Check sum is W
test,"n5Q0X/[kH_h\${f,}P`E`fIl5y:f6zzRuI","Check sum is """
test,"!X-gp%4t`Z/eN~c.,p"")[Z&Cs#!F8e?T_ZWIG",Check sum is '
test,6Ff,Check sum is B
test,"{O<tK@)np]`)a]>iegk(ms`>dESQBYn""o0q
4lC1_/eZIBa]",Check sum is P
test,"~Q15)UXMTiw[z!,-,Rp^atOiE8 R",Check sum is C
test,"_`po~;9hq.wWZ[MH@dxIMYo2""LP)+h",Check sum is 5
test,H=9b4+P$oTyrp'\~W,Check sum is I
test,x4]FIf+S=L#,Check sum is H
test,"V<`5g)j|TiQcSs90vPhu*=(+`wP ttNyWF
#""Z1{","Check sum is """
test,.bdMY[fAk>47b)FVThhM(5l2,Check sum is #
test,"7?J

5RTS[N9`U`7&nd`j<pd IU[<YrS0!
Rm*$,E",Check sum is .
test,By1/cT,Check sum is 2
test,Z:Erh=G6IgCE0Z}kfvO:L9!_:&K,Check sum is L
test,"v.9U$->Fn;U+Z~a]Nve/*-;aE
;(o+jluqtVzgl,>}/KP3qz",Check sum is _
test,o`4,Check sum is #
test,1.<c4kSkVn4k#O2!6ngF_^c3|8% $:`_ht1O`nI4s,Check sum is 7
test,"-|""T3|<G/U{rXu7zm",Check sum is M
test,"^kjLbc$Ha,HimS59vfz?Lk\y""}^QDY9]'D~j<""bG",Check sum is 8
test,e6\4uw'Fx{~b.\@uIN4@Z__'rSPG5a'Jh._g,Check sum is ?
test,"R[1YSy|oR>U,2W",Check sum is (
test,"OmpAqJnvO[CV,:oc& JWx|'e",Check sum is N
test,":9f)Y\[_"",)/AE=;
^9YR7Ok)58'l)!!)#lq",Check sum is /
test,P//)yJUk-ti#v77uxYh6gFq4LI+&va>Chd&uqEcGk^(,Check sum is 7
test,"^/odKpNmv#%:
gr.T[L <T%",Check sum is O
test,";lb i,r#A<3P'z'1FuIm5IQY[kraHAdmI.qRx",Check sum is *
test,1phy)yK}hjD&V,Check sum is ^
test,":1emv>Vqg,bIPvP	fMl<c[(q`J&/T`p\/?H)V	GbJKZO%P}ew",Check sum is Y
test,"a.q""3TR\fZp+CrcF)GZDFC^ykt`9Ga#{",Check sum is \
test,"Oj6m.FodxYs'c,P@Q3h$;:-_B ;-niI[BzP6f,6RIW
",Check sum is )
test,"m@21-
?%AE3-7(c8,k%B2xfIB.F#gz}..Pr%\vz13'",Check sum is S
test,"z;,FC<#@1]5p",Check sum is \
test,"1e\=ANc G50aSy2g!J5,B
4?|Ban~c<BD%_v3JY?}8MI%",Check sum is M
test,"6VJ*CDx+!\~7Uh*""s_TYv`2t}y;6x!f",Check sum is &
test,"=T?9W-c4\x#ZC`r.-FZC=`ES+83Hl^""K",Check sum is 2
test,@2k1i%={kSlsE3q,Check sum is :
test,th:,Check sum is 6
test,"N!3/'7$Uz'NI ~WTPJx0g""_%m2ro6F/Q""oAI$ml<BH=
",Check sum is 9
test,nd,Check sum is 2
test,cDXD@M`^\x0,Check sum is 2
test,qe'Ap.4@MMEc@Y\9,Check sum is  
test,	JQwr6g1_MGML/d)Ky,Check sum is G
test,ehF,Check sum is 3
test,"]Nf[
tCI&Fd$_H3I{
M.=J&YTKM|: d77>y?L
+8`Ea",Check sum is <
test,"7zCR
7^ .B<=Ao7dw-U",Check sum is R
test,"3K8:2i$;GR;V=6$fn{Js3W\$8""]Rh4?<*r9).p%=-(SK",Check sum is 2
test,"sXu-H[T
'R#l<cr
oZer&iC)E#$?",Check sum is W
test,[~l5),Check sum is C
test," Hg,G\c
T""4Gk;	ED^/m	JmEPY)qVq4
",Check sum is [
test,S->3`{wPPXA	:t'G1oH.z!-P}w<m[`.d,Check sum is Y
test,3uSLt<jto]MQC$,Check sum is F
test,"aHfyoK8Z[B-[#igfKO	;5-8XNJu
C5W)QWC%|",Check sum is ]
test,"<O%0NodVTv?{ua#,Kku(5D%\|MLv/#vXZr=R:+",Check sum is X
test,P!46}v%,Check sum is S
test,"""q;;n
-Oy2{73",Check sum is -
test,7a[#`t:zVH?\`bFIJSO%0?{kG=5T7Q`!3B{XC}0kXDZ	J^H,Check sum is V
test,0P`,Check sum is @
test,dK&].D_BTf~$kr+Q	e|,Check sum is D
test,RAgzr~@Bl5Edn15,Check sum is $
test,)E$?b>GAt<8qU~5Sgmh@brC-vB27#vTSf(i,Check sum is %
test,$sDws#Naz23>'l#QEVOc-q1:S%#Ur[-=n_0,Check sum is U
test,~EuL7'bJ>^wO<p6cS,Check sum is (
test,i}NQ]&tYsG{Cm%PiF=6,Check sum is 1
test,cZH/!d2zC8Sw@EDc^x3,Check sum is ?
test,3}18HmLp\~[#$J}4,Check sum is !
test,"^Tu/.9FYS2\a|)h05kmIq,039x*+	89'Z4Tf",Check sum is @
test,"Z>:Cp~P Cm 82S[nrsiyZw>6 mH<Hvr#vj~M{^<,g4$",Check sum is D
test,W{uk-1+18Vw>,Check sum is O
test,"dyF)p&H{%I+KwQI0MN<u3EwId,\/\e	",Check sum is S
test,"""p/FV)(as.aUqAk)&?5,G	(+,Tit7`",Check sum is )
test,"?rM\'""9tBS/@0HB]	<y'U}y&LMr
MJoDzR'r l",Check sum is 1
test,*Jx+1',Check sum is O
test,"x6s(vJ3b]!zXU&a@s#m
IeDqw;j*4d/g*p_}a+=nJr#_K;ED",Check sum is H
test,":sBL#6EQd
9n1QI47)
`)q+D^/bpryiN!UPJBk~",Check sum is -
test,>76,Check sum is K
test,"2/!v:~']L^MqHA,2e_^<)~^cM`13v[iS",Check sum is G
test,V1b m+u^){cUe48N{7TK'H;_A(-&;;AseLOq,Check sum is @
test,H^$<8^CK>rK-V<s	ZzoeqtmUyT[kyjd2;=bl7=?Uel[%P@=,Check sum is G
test,"XK(?&5LBatnO@>,zP?jpT",Check sum is F
test,}zKpM{q#y}Yq%@N=yh,Check sum is ?
test,"el|b)nvjz)4	;4NPgUC~ZuET[7OShP
m6DkBFqZ<rDu~Dnckld",Check sum is (
test,U79qKYxTVmx^]yfy_Y(9z4,Check sum is [
test,T$PYghZ'dFNg`apl/O`DY8f!6*>?WAC;a\>!T0NuI,Check sum is &
test,|\92Vz5wW+@K{\a'yn1O	+w.#,Check sum is .
test,"Jv$WDJ
pgN0i(;$AT\{Tb
",Check sum is $
test,\NXIl`nU)>_Lz :ij$#$`;mA< P0uh.`'p'utg;,Check sum is 7
test,"~<""MVK
|*W Go2H&(#I~#obi~{!ST<
MZ",Check sum is D
test,">oL(ZHZIK9^+&37Ae6na5K,%SeF3:'<Z<o",Check sum is 2
test,"NPtb^KC+mwcii""r?'p UY9j",Check sum is _
test,"Er9~|Sv
z\|q(k'8l/\3N! X.	c4N8^#Yx`4^=\zT","Check sum is """
test,"RD5YG&bJA7Qa%=\jv}jZB:5Uy4T9H:0f>""/dcH']V""",Check sum is X
test,c:Qb'/}T# V&0wNEsL,Check sum is O
test,"tlBW&kVba""XR03^",Check sum is P
test,"Wsb""''fL61I??q.9?""S|u-	f&n%Gb< 1OV }`H[",Check sum is )
test,^\EEUbW~{,Check sum is +
test,"|)l`,M\>-?;U):~Z",Check sum is [
test,"p	# eiy
@g{dj$Pz;6%xvxX7;cDHdqP",Check sum is %
test,%74DY$gEWXo,Check sum is ;
test,",Ir^+(oW&g",Check sum is K
test,4KC5/NA;Gy$egBj}!OUq;GwlId&E,Check sum is \
test,O]rfeY&UbS2v9,Check sum is 3
test,"4Y+}y,#.b'q8}b9238*xrOiwn;rD&aG/7`L[8h0gx?;xY",Check sum is I
test,"oS0w!;wTd:.?<
 
K	&V[V+e8cS(M;6N8,",Check sum is B
test,"Jw
FsP9hN'K	NEls\/}Bk-cVa1",Check sum is =
test,"Y,;",Check sum is  
test,k&I(R]!MxL;#:sXlw.f-8a98&*:? (Ce{h[I,Check sum is T
test,H_~4mrWl?I=4K^j_=j+o}GD*FPT'0gyfy@DZ,Check sum is W
test,.^4T	M9L\5j DM`[pp|8A|a@>\0ExhONEEh}>*?]UGpJ`Rp\Rt,Check sum is A
test,}X$	wAKw],Check sum is 9
test,6\u&h,Check sum is 5
test,|gg$ij9+w8y=.z7/ju{`2h6yw@ :l*e]?T~,Check sum is 5
test,	;yblrHT&T&F:mk\NT9qI>d<'C]bh+n0))$}9C:#;Y@>0Z,Check sum is B
test,-PgHQ?#:!Ni/V,Check sum is V
test,h7:Ie^#DgZK?c,Check sum is Z
test,4^[PVko&opjc'd1#+EC,Check sum is 1
test,"&x7Myd	M@M~{jQI)O""""z32+%O=@'-,Qk
,1	.tZ?^0\bPM
!",Check sum is 1
test,"~1iGRj.ZT:_d
yvF:>p7Ee`6~Hv##zqTs]<D~&14p~m0c",Check sum is :
test,"qR{.+{5~-Xpi	J%i8!0:|R&""S}",Check sum is M
test,|Nk+bz;Y0@gbig!I,Check sum is #
test,O8X.W,Check sum is D
test,\	XWD,Check sum is 8
test,"&a8p~?*|&dR<J17j+N%Y.z1'4,yOMpul2ky{
",Check sum is >
test,"V"" vM2G1f*I{)oe=~HIZCEZ]aR_",Check sum is -
test,"y
(ua0}MH+py1s*`ZA(5BG#f(hhv|Gw@'",Check sum is >
test,p}r@'hDOLa,Check sum is N
test,"X""_h^E|#{C&i<	ggdh2I_iletWYW[w",Check sum is 0
test,"AJsb2ucr""0U;@RDP",Check sum is D
test,"#	l~a$, ak""SkyV*V(Y:tH^""?kn8^ksef^NM'",Check sum is 0
test,`rd=PcCtv=),Check sum is Y
test,&<LIBhS)8'%Y00YIZCc#ZB,Check sum is [
test,QD9lC/|e,Check sum is -
test,"Ds4SZ^LV{Bifq@j
}@h""4w?;?ir.'5",Check sum is 9
test,c]xt,Check sum is L
test,"M,E?I4a!VfLxg)$'ga--fY=qJep9v[!_b(""e*c4>l
9s~g<Ey",Check sum is @
test,+1G+E0F)JV>vX[.,Check sum is G
test,HlZN}Uoegl(D^'k``l%*+W<DH,Check sum is V
test,_*9q)1c$e$wAt=>@F\D$K:cOe7>#L;^00I{/2',Check sum is 3
test,;_qm*I]e ,Check sum is -
test,"gK""[${xg""&N_*Xa8]T",Check sum is N
test,"YZCNke,
E:BG_;7""<[~Nyt,""rp/Ko$1e.x.3U-4nx",Check sum is +
test,a#.'-&pJ_#*,Check sum is 2
test,gKa0d]$,Check sum is H
test,@1{I	h*pgb0PGE&:z,Check sum is O
test,"{PC%8+bQ$'""r-)c'&)'R`o	*Y:G~,8P8j&9POK+*wsS]",Check sum is X
test,"\#Z|)PDrq-5&8+E,.tI.yk!.yH,Ss1Te(K\
",Check sum is 3
test,eNT:!=^#@wv-ugRZmXEj>VpAv,Check sum is Q
test,"""""s""%l:
?aO7xll%6\E1?vu`n",Check sum is )
test,"Jl~,O;0IF:}QOtp5';;JJp#xrI&",Check sum is V
test,B0n]/jZIMo,Check sum is U
test,2sj'QddW$k@(C|.No}r>ljE:@qkHtr`^WG6f{ngGk5h(oW,Check sum is 8
test,%ayso7QwpD!|,Check sum is Q
test,"|Y$G2tJ[0hF3P1
O[ht8~'!$_L0QVci,#r['
bz\v-h@DA9j",Check sum is 5
test,O4H1]36pi8V/[,Check sum is S
test,"ZT4,0|3{yT)$V&xrBq{$z|uBzr""~s",Check sum is F
test,+X#Qd8n>p.P	~'VXF/^75_(,Check sum is /
test,:*\YbWJhyJ*)b(ThuZDEF.<I[+af,Check sum is ^
test,"4)N4yY[cq-T[6
WD1f"")xMj",Check sum is H
test,T^,Check sum is R
test,"'
CgV[c`",Check sum is /
test,"k(O""V-a# DK6bU,=""rPm",Check sum is A
test,sD*,Check sum is A
test,6=*sb4$&2+^y+,Check sum is /
test,"?eqA
9vz0_JhbM&2
z",Check sum is 5
test,"H~S<H3E
D1{TY8URv",Check sum is 1
test,"-<t9vzg.j&l6
(Bo#(8WI7DiB8b",Check sum is 3
test,YdVVT'nxFl1SQ}e<DwL_d5,Check sum is N
test,yVy05|}ta.,Check sum is I
test,T6looS>dCLI2F,Check sum is 9
test,{<Fi_&=*nrylkpnWT,Check sum is +
test,6%oEU4:<mrjkEB?'2+,"Check sum is ,"
test,xAvKQ`1coSD0SI6t!rnJOw7r8&;@	<4(hqDNwhK,Check sum is $
test,$`2?wS7&(ToJLH G`~w{X1Zad>z0!;	z4p3B'>32ZbMU@BX',Check sum is -
test,"vRsPe""R;w^G~yVEkWUXdLwn2EF-+*W	-MC7
O@Q^#{6",Check sum is  
test,"8+qr:""0;c|lVx'Fvck5in2|ggYSR[dXqzI<%y","Check sum is """
test,"koaK3#!K@'PMpLKmeB*6%	i^
CgK@	216#",Check sum is  
test,"8gO.ks""5jv3n%H|QwEX[DyH}%Sp>",Check sum is C
test,l[qsyT#`0*w||^rj,Check sum is ^
test,"g4RkesV%az?>, D ]yUhG<W^17JkAc(!S`%<Z",Check sum is V
test,"bwsUR?dX
EJM/kIur4nY}I.~B8l{l0yz",Check sum is [
test,",vwOVnwrYC4f?i*|_<T(A""#ws""v,na[TFYO1|i!6t
9l",Check sum is @
test,$I93$^Upyl?X,Check sum is <
test,WT0D@W .E=_~`2D,Check sum is Y
test,"M4 pMUAE		osbU
[%[
Jj2JCuA_@$W{6]F e8u	+4S
h",Check sum is )
test,pvmmc>azVjo,Check sum is K
test,I9:Iy/e1>1RT+c^d;6<;5C,Check sum is (
test,OYG1Xl ~F/6%)NV8@rVX/.'MAs5;9{,Check sum is @
test,c'$Oad^r 9&:xPYn/1F)!km{5@hB:jjW ~|pHm`G8,Check sum is _
test,=}D`;X!&gEOHHBWx sB$w'*ZIJbHr(1\;w_),Check sum is -
test,")&h116gM7Gr.&V	bbBIK&r!QJsC5/?I07:D]hyfOI""O#!h",Check sum is T
test,"lw+hwoY\""]x",Check sum is (
test,"}BLn3@@?Y1/geE w>A1Q
E!^	Bgn|k7dKH4 {H""vf@2B$C`TT*",Check sum is R
test,"2$8Ix5gbz:V8vEF_`ZIt_)J""",Check sum is :
test,J.TpG{!JuL4W>Yvt,Check sum is V
test,"oMrQXNQYtf
\[e2-Z#""J%6'LIAj!",Check sum is Z
test,"oG?e-A1w=G9E!4n`{`1vANhD8f\5Z
|?6/G@+PY9nqHm",Check sum is M
test,"{e2{,^iXu;g=j&66^Y	s-<RC3CLncov1UW]_",Check sum is J
test,"KE"".'8@w0J,3]@1J|CL",Check sum is R
test,J-QX`e6`>7+n%t\<AM`d%.7OK`,Check sum is 0
test,>C g90>HL*.Mpa.	:]G=$b{d,Check sum is P
test,g@}g,Check sum is +
test,"_b$=SjPfp
Dpa~1|MB'""T",Check sum is [
test,"X\yA|ML,<)L|P/Z""{",Check sum is 2
test,2>jXwIP}wqw$k&{aWJ~IT,Check sum is K
test,<pMFiE=d	uPUKGPQu}6(<,Check sum is P
test,"N DQtG\ E[a3c~8wXe:h	*TZ-_)5D_DPbV<l$D?,gvO*JK4$Ud",Check sum is .
test,"4,n}5(cvD.`q3`O0UG",Check sum is R
test,TB8-<+tjt^,Check sum is 2
test,a){~2)swU!:zI`cNNz=`A6rdi,Check sum is G
test,"q]d,\r!u\"",3(P0V.[znpWv{.%g5m@>L Da}M""@S6dzm",Check sum is Q
test,"Us5""3/#iSLG4Q",Check sum is X
test,"Ir3|:DsL,snm;q",Check sum is -
test,"f~,[1hI_k@J>)[T!AbmU@8CEx.",Check sum is C
test,15K/6AYO|-&zHt=:ES&(GR/i=;UMvcOESe,Check sum is 1
test,"k^pJVCl*m0%0_O?@5XB""5G$B-WMbO	K",Check sum is Z
test,"|,#jGMB]!t##YgvNB9\A;k84_Ple`",Check sum is 1
test,L/#+c,Check sum is L
test,";w#^OKo}""Le~XDr3!&F[z79S22FYJXHF""CU8|-`)L&D",Check sum is ]
test,Eho,Check sum is <
test,"E^I#Ubh?w' ;~UoW75*""""eo~w$Cj%KHb%OPn-0T",Check sum is P
test,"fw+J
rDj",Check sum is \
test,"UV45?;A~I=
h<^e;T7,V^=<1pgbtT<0",Check sum is !
test,">+Jccr|N5T%""/xOk=&XN	lSvt^6-yRss
_r",Check sum is N
test,"VLBx#TYlfI
~?ASli",Check sum is W
test,|+*kgGr~0&N'v7H7eap%@\?F61Vlu%f0\hq.QZb*(,Check sum is H
test,"	vA{Qjp""	}a&~Ku;LO3Lt<J"";)+	'T$:1wMb1)!z0T@%e9/|",Check sum is S
test,"R-!P_2eyRg,:COx,Eid&U$""b>2 a0e}Vg*.",Check sum is !
test,"~RN""lR"",
T'{${:""U2{0!_[6Rm/",Check sum is X
test,"yNPhXq?RU	NvGCdk*/0>#R3e=q`[%d,k",Check sum is Q
test,"3ua(GtaV9:3@:X3:<)^|995;yIe-bQN:7
6 )Z:P3jon:",Check sum is 0
test,"[Kf""		r)~ 7
X0Idf[B`;H[~%Dw	%,""h=SfU7SE","Check sum is ,"
test,"',gNN2gXwXG#}cef;=VCrzt'>WO(/0;",Check sum is I
test,c'{	08cP1+.~T cS}Rtf,Check sum is $
test,"U9@\(SCEq/[
cP_hF~k""Yu",Check sum is +
test,"t+ ,-k?2",Check sum is T
test,S|z^M(s7C`'dUK !#1>bgqy6$S#p>/HGk9Z3,Check sum is '
test,flZH/2vCBcXt*v\;x,Check sum is N
test,__K{eP	_%<DDJ73nDQ?Mtt]j1 p%t+]Ba!,Check sum is B
test,+W.sS:Wr?7L:03_Rk`N %;TE)s6^rXLi[[#,Check sum is #
test,"~t5a;l.[U0}_%HM,*(}*K).RPCpX|}5VrDR",Check sum is 3
test,2'%@Sp	nv58	mZ*/qs)~o84l!,Check sum is W
test,"MpI]l99
VF3&h
/}/	"";Yw3M/hu3;os3uzw0"" CcjW2DU$cJB",Check sum is O
test,"	|D	JN` l$z;TyZ8@""",Check sum is P
test,"S2]""uM@Nq%",Check sum is J
test,9p^%V;#Fv_)2}iZKf!)'5H~;h'x)A+*9>L..C ^-,Check sum is !
test,"
v<SfFdu^_H:
fHTod-1RN`*M@",Check sum is '
test,"lPv^!=C
:pOvvWRpwdb+U4Z",Check sum is $
test,*lX_' t,Check sum is (
test,"|6b}(!M""4RFIwY7V^[/EypC<yA+m/a
`YC3^O,~","Check sum is """
test,"C<""tv ^=3xI0R",Check sum is \
test,",^	2 cyoRtS;'x\B;(!*DnY^VMso6n3Hd7A5@mH5pfw7K",Check sum is &
test,!},Check sum is >
test,zrh,Check sum is 4
test,ys@Z/g?,Check sum is ;
test,aLUx dUdQ6gbijl9x_p8<9(nZrvrB5},Check sum is Q
test,",N-7&_.kL~zA)+tW|iBmpe\m#D3L&cZ+:|1tj)sD$~&(s{dw",Check sum is D
test,"~i?8&1~\"">QMQHnmH<Ja}xe&fF'C}O?+p	M>&?O",Check sum is T
test,"kk,~>uB~bs}D%#/`*K(#8ak@7'~cn4z9",Check sum is X
test,"#<p?LMUNip
1vyHuawu?p0""",Check sum is 8
test,;C2	&S;4K):]R8%Qrmd-z+{-g\yXGGv,Check sum is !
test,0E*yd?t!D$|^pR4	B#)z`m/h%s@o0w?U'}%!bR,Check sum is =
test,"EI6UW[vyd^1m
%e5k48'm&;dQ+TB'
@X'?3Zp",Check sum is 1
test,"h(k|x~CXoRQ&}u9DrOA!iW8*:.V%v
I$DC%2!i'H}i5/80QWm",Check sum is B
test,cI+X hO^YFkWLD9 /Y}k,Check sum is >
test,"A$;gST@:v9PyN/dw2^(
k!e",Check sum is K
test,"aUjJSz}Q-v\q%y-"" 71I [}=I >I$$Gd70D?R
:kv[2K=",Check sum is !
test,"ZbjGm,%PK%Ygywh>D(!8>9!P v",Check sum is $
test,^sCn]!D`@^CUQo4kvxlMhnw#W8~CYtq )s~]c>1kB}cen ,Check sum is '
test,pr/Xp=BTiD:CZ),Check sum is 9
test,	tEB\[,Check sum is [
test,"I'!P:""mI,/~[STKEh,AxiCm4=6L+=!",Check sum is  
test,R.)[E~i`^1xP=9)X,Check sum is >
test,#&1VUmIXp7>A=)t$((-/e/_bT5Qr7D*9r5,Check sum is I
test,"b(v%tE8Eglo?Ep]njsot1W\(Hp{.QH	^TqA$I%
-",Check sum is 8
test,"/z&3@v#{J7lA<Wv3,	Ezo{LLZQ",Check sum is A
test,Y	0H>W	CoM!31g\-3[.LZ7t	H;,Check sum is %
test,]K}DhDHcipGrYl8i@#&MC(7c;ZE#UBw,Check sum is >
test,t+Y#	0.1>,Check sum is Q
test,@xEiZCNPeqN$N:~CBnI,Check sum is K
test,"U*ZV? '`axm8gr)lqw# e}9K$MPAN;zA3HYD
34Qg3p%(",Check sum is )
test,JmFYGRype	'=hqy,Check sum is \
test,	0IGCyv[ozCl<8A(4JrcN1,Check sum is =
test,';txe~/Uphztp>]<Vk'L9;L7yYFNv	k-,Check sum is J
test,wu[f=[$,Check sum is I
test,"( d.8%e]t+]=;??uv$=0#Me6;wF^-{/A{`Gh""mTx8#""3",Check sum is U
test,"7=xF%PvE9I]Xk=Z5D|]V[C(5>p+X#(4`U6""5v",Check sum is F
test,"|VeI<C#7=
K(Z<pu#XP2wu2 LGNTbNu.:""1)Jv~W#xE'b@yjQ",Check sum is Y
test,"5+T8_BRtj]#""
Y{	VP	(tFLNaI?ppv1_Vu,j4DFJ!",Check sum is *
test,"3""ENxRmFv0?&D"")6vO';?tKZ|-]}p<
{/dK5$I",Check sum is H
test,"JF69[G.	dogb""7DwvAZUmLC:[?pN\A4(ok;T{'Fc",Check sum is I
test,"6C935Vy
w=YV",Check sum is 6
test,C[6_/567M(,Check sum is Y
test,"6flLE,m:gcI}+x],9)#BQ}F
yYS&(
zB1",Check sum is W
test,"5-	J]1VHMWhngp,Z>I>84M&;F)1",Check sum is W
test,"Z_)g~,.ivnC/>uT*B5MeKvX'C$D'#	#2NP(R",Check sum is E
test, j	p'^!	ZHDv-38gaL?Z,Check sum is 3
test,4ZXO,Check sum is U
test,"xyNH;g\G\8""/c0qZFv6jODkzJS",Check sum is  
test,"""G",Check sum is I
test,"
Hk[=;`bylT fyNNj0x|@~KHqerhtKG?R7dm",Check sum is 4
test,`}Sl9.hl[VXSIOV(w&vXL;]C:3,Check sum is (
test,">xt""u
E^},8*!0Ci",Check sum is V
test,+p),Check sum is $
test,Fu6aYGq%C?kvO}h\?VWR-=N{M#?+%2>[,Check sum is V
test,M	(*VjmhsV:5[#sar#H=Vy,Check sum is P
test,"v/ZtBHG@C+Q,o<K9!9ebE;]g%.</",Check sum is !
test,"|8
{#O/-qT50wdgVT#\&db5",Check sum is ]
test,"%<VK4Ful9_6G+v{!58B<%ak~;b
4",Check sum is D
test,;X3AwNk!N	%htxY/63KKB&`H(x#]o3C_U4 \T,Check sum is \
test,"3sHMigJ-M""b;J6`r-_P*e>}C4q=@",Check sum is K
test,s6l$eLCPQ{90q;$6F bH+CG=K*{,Check sum is J
test,"WS>~FJv;t|ifbZVhi`""X~\b%gzce|0iZdE8@;J PeZ",Check sum is Q
test,KVT=7.!vJb-L'Pa%HRn1CJ1},Check sum is $
test,89n |B+m!N6M\@n,Check sum is 1
test,"6)OP
Ii",Check sum is Z
test,iOScMXgw3&A=+.!nc\EAz{,Check sum is J
test,"@w8[zxipMB%;,xE]",Check sum is *
test,Dfc;KI_H IwS}a?S<HL$50>6DO[Cj&j=a_(U;?	Bo,"Check sum is ,"
test,"eRZk}L,U`O_I",Check sum is =
test,Ay.~tO91,Check sum is 3
test,"udA4C+q[ 9>K,d6A4XA",Check sum is ^
test,x{P@z=@.+7$#9Ba;Vv/K{XtT]<aTYt(6g[>':z,Check sum is =
test,_Q}K05 r_G2k_nU*P,Check sum is .
test,"8)E(	WRqI]>'&>F,Bqx&Qqgv[{\w\//~aRP;$-w",Check sum is I
test,"Lt9d>-j8}@80n|,",Check sum is E
test,"6T(wMLBzb|<KE8R gR1.,Wd&]N$.62x8hz>",Check sum is L
test,[G~8k{=pwNT:dZLoCa5X2g-8iy-d5g<LB~rH,Check sum is W
test,"vf	X
MR@}}-F,lAvu@FeumRw9%",Check sum is +
test,"*'vsH6|V%\*Em~xSxYrd<;l?h[@*zqxi
~$![~\)1,S{@ 	",Check sum is Q
test,"
N,.[	_Ho2iB*.<[tBMh",Check sum is C
test,"dLbCa7!7+`4kbKXjy=I=hq[<-'BD,P	k-/WneGJ",Check sum is K
test,F*i0-<}^edJ]:T}+;R-y{C8#@e[RDlDl5XHsUw{w^)agt+I;!,Check sum is *
test,T&b+nindjy]knW1t2	)1IT}6Dja0,Check sum is I
test,"*\j[\+9w \,zVL\Z""yGv#9a~7)fHTh=K z",Check sum is [
test,SB)g@w,Check sum is <
test,"Db(QQ=sZ.|dn(8""vow;Ov#7{G4F7'T",Check sum is <
test,7:Y_n:R{>1)oivkr	Khpw ?~~Y^*:<v,Check sum is L
test,ph*^`-BEtaZNT1iT$2$}j,Check sum is 4
test,n-nAJ*ili<r&	b)ogvc@+d2/e/AFI(]Ak),Check sum is !
test,)ai3'18Y\El`%_91 OFBY(*39,Check sum is X
test,"VFh{EpksgH%K&oRKEqCeE6""9$5ck,4Lh",Check sum is 2
test,Cm['5$w)Q8W!1upQ-><[-]/&Xbk5sSeEv?{|Cf	U:'Q-],Check sum is M
test,"W4t!tqc[|l,K`P@'|(xOI=a`fwn)NC(n8AkQoS@_KU~};@G",Check sum is Y
test,fzTG51#.DfO*a9C[QOeQA\/AYgG,Check sum is W
test,p`lR|;l*uWj9X+7*Tsi	``O{}Dy]2p_)um{u,Check sum is $
test,"oQEDk/*nhP`fE
%",Check sum is M
test,_yR(QC%4S2wQp?b_\,Check sum is 8
test,"mK(d3lFfJF!4^$&`jry)s<1sMu^mQrbfg_FRxkUB/qvv
Tc.m|",Check sum is A
test,k@;yW +7f,Check sum is >
test,^_)IeHn4:e`oP<r.ub$nw?	00KQ9/7b$j*	5Nku}!+u|L}YT,Check sum is 1
test,")[cN{<NG/Zk>%JP~7^6f/MEp6(ft?4IVW<N0d;]ifh@i
",Check sum is 3
test,cu9gW]yDSS;GJiLjU^UjXvZyA'4CK%U,Check sum is Q
test,w$A \` ,Check sum is 8
test,",tm`a$ve()azs1""y ={H/c&_$aMx6%4 w9JZFH:*",Check sum is N
test,"
<cn?gs;&j|'9{Xxq$^U6:Q0{",Check sum is 6
test,~=>1cqb7M8X!p,Check sum is %
test,k7ZrY'V!]m,Check sum is O
test,3%{*6H,Check sum is [
test,"q]Jx^kQnTJ1-Q
270(\
{r`fwcxaN33",Check sum is P
test,"ghh0w}FJfc@'`'6qPkQK1[<""J?Q/iChN?T|(sib+qQqmqnac5",Check sum is -
test,"3-,ssKdGEzj39k'@.&pF_fCH'uFjuqW0",Check sum is B
test,"N[^x4I/_j\XWIw9Bej3ju	)6^.4{qb#<,[eQ'R",Check sum is F
test,pK~l ;VcdOw,Check sum is C
test,"CWi&
9v3w
H+4!Bb7",Check sum is Y
test,.B;fe0J;,Check sum is K
test,"{fTbEh
9Y'Tcq=B^I~)QBF",Check sum is 5
test,"]J]|r(#h>A4Sg\@BW2?,""^%p:,",Check sum is ?
test,"0KIl!P#zURSfg9t$C9r: Tl,Nn",Check sum is &
test,"G.6g
R?,+$2f""sz2R-G2o3ew'ub NA{vvW539",Check sum is #
test,"\j85J>dkK}&b
O;d^F
gdN175(7#i*",Check sum is +
test,"&1UdZlFjSgDHg(tx8~%4Z""emf_d&,D?XVS-2H",Check sum is *
test,"8,n_53?4m.g-D%c%mRO)""	""cm&.U:Lh-YS",Check sum is P
test,"kl._""iM}2~>=R3S1*p)CFu|<Lp",Check sum is B
test,G'G	gM:i/a		\}US`d=&7l[{]`?}CWTg&I@rB8(8F\G~x~s,Check sum is Q
test,"T[|M TP,,=W$ ZI60F.",Check sum is I
test,"OR,.+A=wB",Check sum is =
test,".zQy5aO1yi42JXr#EY:Q'SPQ,E.z2)E~^6vRS-",Check sum is >
test,X zL',Check sum is E
test,"d
",Check sum is N
test,e'OSpwC3b<3P3-R]dLezm#eE\~t\nDAf/Z,Check sum is 0
test,"`^6KrQzTxk>w7NMaMGKG1{(DK&q<$R3X_1%0oO6
s xi**KsV",Check sum is W
test,_{-=cnzX[Ok*`l4,Check sum is F
test,5&Acj`E#T~HpAavO,Check sum is B
test,"#+k}C)n^n7Y_]8_{?<=*P` `ReE)U&zCMpzb
!fY<{,;6Ky",Check sum is $
test,Yr:'5;,Check sum is <
test,"GTBtHe
ZZ{VjqP2O4	K$J)M]9KhnT1L$ [@P8OKzeX3w%",Check sum is T
test,"Aa1F
&h>
%Tl|r3K
$z(~?k)^BA!zI<64,
SaFd",Check sum is J
test,=MGLQ45$v-aO\nY'sRcDIJJ[$rC5`oZGhDfK^Rm=.io*74x~AV,Check sum is 9
test,"=,957NOa#21b""jRx)_ZYRfT66",Check sum is ]
test,"F;u$3U(h|7""RM31$YYs: ""5sIyD$9FX%{r3~5*8%rdR%i",Check sum is M
test,mUDEK~==''u3TeixlJdZo 9qTzS:T7}v51e*e@}%DoD<LouY,Check sum is <
test,"oi/VT4ta+/=90IoK3EbB!W
T_TyM>",Check sum is F
test,",>2'n%l!6WVXs?}p0J,r/V:Go",Check sum is *
test,^|Djiu:B#Vo}u7Bz5I-vo_,Check sum is >
test,"]\j{reC@}]Gi|Lmpi2l4L.Ts%/|Tmtd""I6sL2",Check sum is >
test,uYV}b6k7im~6Y^RAYB4q!@=ysBLnVnOPm}Z,Check sum is <
test,"x#xa0FMqw@l! S$n<6Yor&_/_ ,hy
 8-\",Check sum is (
test,|@j0,Check sum is 6
test,"
&t""!?)\G*zQ""""lI",Check sum is @
test,"KA0/N\So,z/O'pnv:7O| l[3OQm_:;X#",Check sum is H
test,"_Y
\%dq{f5nU	v)",Check sum is 9
test,"vxU@n8!)z5?$	DSEoBzG	1(G@z(-7H_7:X""V4 nJq",Check sum is P
test,"_a],Xn]r
*0}}wN{h\Ace'?p""_i	Kr?5,T~Soe;&]^y%	",Check sum is K
test,"6T*\Aie;+c}}VN@[=Q,(Pfn94<Y",Check sum is I
test,"C~7KeJVW eH\3#8$s;+-e}1>.^mz%'O]HD\hXw>raKpk
WZ	7=",Check sum is *
test,xJ'oP6?if|T/3uEH5HS) XwE.k!q~b,Check sum is 8
test,"$M8KFF8oATxq{\""2ER",Check sum is G
test,=KV\__,Check sum is X
test,"ub1Q43NRn$Bn%,'W~7|2NaGDTAkV0j",Check sum is ^
test,3{Q@,Check sum is _
test,"*11(|&	8X

.jw_!&1(",Check sum is 1
test,^?\!cz[9miFM|(s(De1M2B>]<'F,Check sum is 2
test,P_&gZ@|rQU[uQXp:S$YAzhVF2+Y+tB\Eij0x,Check sum is /
test,")
QotWpWD#MfIr?I\u
hsi%]MbJ%x*{ppUG)S4j~""^viAg",Check sum is 9
test,"rq`Qe#""6MD]s#6KB+4Pl|}G",Check sum is 6
test,"(G '/}j=z,""oYI5/5N""C",Check sum is N
test,Qi<kb9&?Sd,Check sum is 8
test,+I (<T; d[LL<t8QA!	#j/@H')[sau|PCL\	Jf`Uly?zy3,Check sum is )
test,b/0,Check sum is !
test,Pp=NW,Check sum is B
test,"Q,29Y6=frFR4(,9~O^`k=8*+Dwlp}[rCM=r4C[",Check sum is 7
test,3.%k8Gj-rqHFcY`8tu S{o,Check sum is 2
test,Nn{:_&H3I,Check sum is Z
test,^-QJcP)*,Check sum is L
test,"MqQa.i/\}L
6x}h%LG~1^}:}2XDi0(3",Check sum is S
test,~N<a::w{iW(;q0,Check sum is 3
test,>?N//cUVGw,Check sum is U
test,"{P;i`s\IB/oIS]UAG>u^z+]PX=ix^7%<y]9e,","Check sum is ,"
test,"M`=*x,`T;O?WeKXNl0<L;<Q",Check sum is .
test,"2Pb^xh(l;p	}@d8(UUG
<_=0!:DyF9	WpW.`MO.9GJGW",Check sum is L
test,"dQKd:P)+m*PDz$oG_""xOptJuV","Check sum is """
test,A#@(+702R.,Check sum is 0
test,"f?=?@BvoRV|AhXNey []RiBzZ g[s!^dZRE`Hx,(:O60j<M",Check sum is !
test,"0["")G l~2	9FjYw6VNk/[dY|.qS4=xF7""
 ~d@",Check sum is I
test,"cF
2~:fQ!.`aU+Yc:pc`%pB.)Y",Check sum is 4
test,"HC
K0e5Jg	E/.Y0'Xpwj fgsAd3?0s<w3xVQ,$`$u",Check sum is '
test,VXlWG-N0qKNJI:79E1gcpR7=,Check sum is @
test,Qhf$CU~vKN&<*_5TG,Check sum is C
test,"R |R	[lQbB[
}d-JlP$Q#9$73,<$z4",Check sum is 7
test,]4d,Check sum is U
test,")yhkk.Fwf&oV T_+0J
0'P`_3 Q^UT6LvXSoz2F#W?*UX",Check sum is #
test,mI3==Hs;PT<mFRJiiP3r	,Check sum is 8
test,"! y@?2=+?egjF
\e5vt
'Ck	",Check sum is @
test,{tKD2@V+LN(rm+kWNj[ov1#,Check sum is +
test,}r9/J<vboLue{#4TE);C]6&YU,Check sum is #
test,P#=Vw{~+j):'{Z]nNSH3,Check sum is 1
test,4igk8`(`{ k<(dD_,Check sum is  
test,7|.t[M f@d}p~Y!b o6s/_%r+Ms,Check sum is V
test,!8t7d-,Check sum is 5
test,Dr7mbgb@p	d&Tt%6h;=55.{PJ(K+t,Check sum is *
test,^L p`%SgkmKFW>ib4molnmWE|TbT1McJziW|_{,Check sum is V
test,GQ.Zia2Y4nf4BaUf,Check sum is /
test,":mz
h",Check sum is 3
test,">V5
'""C5dVS7HF""k~|iB(/1T=R\z'[j)A&
K
WZnHxvG#W}6	",Check sum is &
test,"[J9FA?D_vlh*[ZgVh`2nh7UolI5(yBYC
Py]",Check sum is 1
test,"w;	q1d6VWD;'oE,|mS",Check sum is F
test,GL@;!j7bH$X+ac/X9,Check sum is E
test,>UHCI*`6hUk|Ns0efR(s& >!:	Zk'8to<_@2s`KlQH	4<T.t+,Check sum is M
test,"eEacZZ@/w$4""aq<7<~DUTq#ZZ	;lQ^g",Check sum is \
test,yO8q<_=w*OtrBs)uP9V6y QcfUYwF,Check sum is E
test,"9!5e)r<'4sD""au2i@t{TLL{>S&:^^	
(>$""'653G{9={",Check sum is J
test,@}yP5.v_9oF04we0/296/,Check sum is ;
test,Ru-8OV,Check sum is 1
test,"
.k&hL @iGj=9K>|&/MR8_?}_!kT>
0
}w,xF3hG",Check sum is Z
test,"0/paq\|UH3e	[#`cj4jLXdI@6?Qk8v Rm)nT :F""c4	VJ",Check sum is \
test,"7\HzNHj5""_)eO0o{ZpU!?.D|\VTu[zOIm ]Pq","Check sum is """
test,W*`+H/;dBW9VQ\9V!.dPw}<q#@<d%kz)^.n3(Rd,Check sum is K
test,"dk%`KswnZwWI%6\,2yu+}
w""o\(l",Check sum is 5
test,;[-	A\Ooo9m]1~BQ4.th*7_z	3^ogasn[b.M,Check sum is ]
test,"62>hd	2)Qd?()Z""#K\\JyYNI3(	
8j|5	[3Y~nQfm7^lM",Check sum is _
test,v? 2o]#;P$tkHl%PTReC),Check sum is D
test,"eX]m0#xqGzp4;oY3*`!v3O9\tt
DU&|fsnJ:Mk""
<",Check sum is N
test,"|U#c.""oi;? )/s*{>2BiOZuW""m6oEgGr{",Check sum is M
test,"
S_+",Check sum is G
test,"y+,6ean.3i=Sxj}!$w(1KbXh/zi1y6UqYN|Mo.[",Check sum is 5
test," ?L2J:A	N8p!b&);s#a
<O",Check sum is Z
test,"3J,:x/k(i4Xi-R/ap,jq'1",Check sum is 9
test,UEAQi#94Tt\uWI9?,Check sum is 6
test,t3KwXw3/tTeH0N-pytpIEye4qN'?{'rx,Check sum is 8
test,"q
W-'dl?`o\pssJ.xeYO4ue.\(H?.uL""maMQ .XRYMf",Check sum is [
test,"BA^pmr%
<<P[1$o!}",Check sum is D
test,"7LnM.X9_aq|/7*Y~H7AGLI9=IXOzqzMs(s`
RY69/",Check sum is &
test,NcYQrXy1uKu34Yo\hVw!okORm+(I+%h(zl1c,Check sum is #
test,"i
[OZ>",Check sum is U
test,	_K	XNU?|~#rQPUs\bg.WP0\2P;	XC0c{)L dzd,Check sum is Z
test,uiVY7=yFB1HDU0? ?k#d[$EEG2+JT'n(,Check sum is <
test,GqjO]nCGpd^[A]AN#0xW,Check sum is B
test,"!_F2WTIa.8l9EW
]",Check sum is ;
test,1ufY*g[3WtL,Check sum is ;
test,"}4FAaweW+3!I}
(h9T>!zsK^_6pb7]PYAdpE!Zm",Check sum is 3
test,"60q91\z\FE PUu|#]eo>vc?_
Kw",Check sum is )
test,MExy88ET;rRGcPELO~(H*D4$-.b2zw`Y/7O'1oE,Check sum is S
test,"4|V5>vtDcslSc%8MS<B[7:{""0M*A&Ey^(G7.c",Check sum is D
test,3TNA?`oP(^(/X<a,Check sum is &
test,"3cN47~|}|TXbQp(W	""
",Check sum is %
test,BUKyb-]<o^>wV7.?}~!{SA)eg<i:f=okmme)		;1v,Check sum is 7
test,"kUPF""$+F$
nmpHD6uaFpn>""I#lR~+o8TYs,4a3 )ekS&2l",Check sum is @
test,h&	G?`X+q}+e/0m($D~J:cqA#<J<E,Check sum is ;
test,"K>6-,;Y71I",Check sum is =
test,b((~E{gIS7s)s5JZu,Check sum is '
test,40nw,Check sum is )
test,"""(5>o'm;jT4sE_G2dFBHL IEr",Check sum is =
test,10',Check sum is (
test,"#k	.d3NGB>6E2;~<>sL\?m,5""i/",Check sum is S
test,"m~Y_=DMHy
X`KsA]KWL3y2}@k-PTN}e",Check sum is %
test,E;QLep~5@x1n`?_O$nCu}5rg-^>M)'*5VZDLIf9F-z+GR'*,Check sum is -
test,<C!eq3jcN>F KPkM`G>J},Check sum is G
test,:!vkEL/S)-ZqLr[s~`,Check sum is :
test,"'xV,.5z5I<D5,fxcI",Check sum is G
test,8ue5P\xiX\.ErnLmMH/H2.'I~k8nSfF&g,Check sum is +
test,"oYsa<!)1
Atd
",Check sum is  
test,",gL9(W6>'SUyAU(r.0psB^-",Check sum is 1
test,"`M[?pr>^]o7
/rQqMgfH?X^z;_0",Check sum is 0
test,"aa/@SB+C""0 Y#G>ohn(XK}X<Hs:",Check sum is ]
test,"Ok`Za
C <|WZF_Q)/J8iOK.Fa5C)C(",Check sum is ?
test,=rG~gA^Cs,Check sum is P
test,ow#g!o(#3n+,Check sum is 7
test,]z|A:R=K]a_#j Vd;'Z1pN,Check sum is 7
test,7[GpURY{:Bmmsj 97	D,Check sum is 4
test,"1fAtj+sO-JE	e
H }rF1!zK:Dy:DpkH`	(j(FUL",Check sum is M
test,Q`'gj^,Check sum is '
test,{M:acFL[$'CtfkAOooTIN[:lW0uBwWS,Check sum is _
test,n.<d&@:5Q62v4 3XR*YH9pm&D8>MB27I;ck]Ns3,Check sum is -
test,")KJ<i-_0jD?$:h-r8f,R+~eArumR{/W;Ik:gi^&f`5X",Check sum is 3
test,"UqL#kE:7piCN^#e#A
?1eA+#23V/Vb.!yl^5$%aQp#wxnn{[ !",Check sum is 1
test,ih2P?JO{=DL#{CjRs,Check sum is #
test,<%u,Check sum is 6
test,*e[L>$z@BWLi9Y?ZxU,Check sum is 8
test,"/!3LF5Yw5\qK Yxv/,}$;hq7k|&RV?F\p(]3
<*pB)=v",Check sum is 1
test,q)Xa:e~gITi>RCvc%6%ZWkh3,Check sum is  
test,!wj!tzoPj$8^G=O%zPVzU(r'-wKH\(kat,Check sum is 7
test,"x;%5GvY>iUW(S.[ HC|]6;4g9hlT
",Check sum is U
test,)@$A~VDW7YKXV,Check sum is &
test,+HF20PCpJ2~/T<he44ZEQA=EEE} T<44|Lpjgzl~,Check sum is +
test,")YS}8PE(W<Vd2BxF|T$Q]bbkgz2^XXiQaR`jXt]^*{@p/7uJ,o",Check sum is +
test,"]'mDW
T[)tzT cvLT#{EMpQ9",Check sum is S
test,9~oW$mz-qMu,Check sum is H
test,0?(*c%FZ*<1,Check sum is  
test,t8<G_Xgg,Check sum is T
test,"g{]> X5TY)8TU*#*_3&[/##kEM	v4""$d;	$Ht9{z@r""0ce*","Check sum is """
test,v-3n`#}(J,Check sum is V
test,2EOe+G?BT*r~H#lGrnmvdyK'bh=%tl$i,Check sum is 5
test,#aYc/47	vHlC,Check sum is 0
test,FqA@-b+@:w&D>CqYu0t8,Check sum is I
test,	Cra3!Dgotm(;,Check sum is 1
test,"2Pg/!]vIn/RfoY3TjeW>:<h(ig?a^7?G	m
l`7u.",Check sum is 4
test,OTb11-oN2yq 5[LPkXDam#J/oS,Check sum is L
test,W!_0^,Check sum is E
test,"bE\r/=r{]+8	$t)RXNNu+'s
-",Check sum is /
test,+RM>Hr+:/gcJg&A!]^6DnknIcB	j!,Check sum is 7
test,BKHt,Check sum is )
test,")!=!yS7m6W-rR5v[gg>N*;+D5Vx$lDBJQuC0+=
",Check sum is 8
test,"s	 
@Ht>s",Check sum is 3
test,n6w@z!=eoU#4uz@9*wXTW!iP7_R0O&Hz{?iTrgyZ(8j4V(,Check sum is '
test,"""k:UV: E	+}B}+O5X/Q:N.""STOAg+NINF`[:<(I",Check sum is V
test,L=N;`8s5|	M:3U]~{iP5n,Check sum is 8
test,(nrXwCrTZrMax00`tMvB>[##;Z|z=\amTi*2|+Q,Check sum is M
test,cT2U,Check sum is ^
test,"7lfvYe}S6""IHf[UP",Check sum is <
test,"xChZ!h?6=5Dj|A#;-UI3f?F+3-;c8) P	@""*Rb""<XKPDj_G<",Check sum is #
test,I ,Check sum is I
test,"j]xFOwd7Zg;'qA,I[kF_cPNI>3@Hv{X",Check sum is G
test,"%PD,*",Check sum is /
test,Y\kC'qFuA,Check sum is W
test,u\hyHB-jNf0Od+ 9\v1phyPOMK|yXFwl.d'DKWG{YH|@|6,Check sum is ?
test,t]~HEfh,Check sum is J
test,:6~X]ur+k_D^U~28F\$pF{?x;_Ts_7>/,Check sum is P
test,"Z4{yVUwf""-8F	7P@M8)yMgG[+PFX1',R.+fFQ~a'0mJ#g j7J",Check sum is K
test,B #YV`-gFqd+7)/~vu>@;x.~Z~/Tg@2~dN$(Q18,Check sum is M
test,zD?Z.8!^66Rmv!H,Check sum is &
test,")$D[O\RRlj;?w
K'H;{Zka]rq(Y.',Fh Ao>t",Check sum is 4
test,"
^\#Q{TG_R-~G@oG@1`~^QgDc]*>+}p?%D/XhdS",Check sum is >
test,"1h?=C>L(kTkWn1}B9Dq'aM9:_
'{PH1xvG#(]8&[$nW)zfbR#|",Check sum is .
test,"F'WF5<o0f!8
A<?L#>Bw^w*tGC-6^BodgsyBMB/*BOh!.B)",Check sum is (
test,"l1lUU{y'=I}I$Y,b^c?azLwg3$%*",Check sum is 0
test,2qnt^+-S,Check sum is .
test,"~XLK*v)|J::@tp"",\#	*&k, zN9!%&vmRCk^k1 ",Check sum is ;
test,"g@9~UZ
MI""H:]q	~[O?A|^%/hAje;565g3C~$!@J\7
j","Check sum is """
test,"a)U}H[a	WHk~|aRWi?lFw?$)@,7~_jS/XGE""B<",Check sum is $
test,wGF,Check sum is $
test,"u	!+RYr*ErJ-~n%;`<CE3/@U[	WiY<62SNK_MPY""V[",Check sum is ;
test,"wpiwl,jdI&H`P=;a2v:V|sd,T*eGU6RGSWeELf)2:mlb81g$t",Check sum is P
test,htw{a?qyE8oP<;j<VRJ6t=ws&H ;C&T]L',Check sum is *
test,"0MU;XITGdXXDj&>;a}'qiTuaWvHdhLUNVN
&mB^|FyW1yP3Yb4",Check sum is 2
test,eFtamWT2u'*{<k$&I/yqVQes?foZ8P,Check sum is 3
test,"[~f""{irv",Check sum is M
test,.aIXUr	,Check sum is  
test,|z^t9yik5Dfb'7c?xj}j	{PfI<ul(oJ%X|4$v9XZ{O=5F(+,Check sum is @
test,89203wD>	;m^x_9igll3Jo3GACjt&e0H,Check sum is 1
test,nZ&w14aT@1,Check sum is P
test,"1h.,ZBibT~4g7vM+YGE `0I{7!bJSD6Q""""\25)&x] x",Check sum is J
test,"?h,Dt[(h|hL&z/YTcc])^>a9DyRe@!='[,z",Check sum is >
test,_>Tl:YF!(sq-tr,Check sum is V
test,"Aa^E,5p()Xt%lDWd*sMH+&^Nba`""%&v,
a,(",Check sum is C
test,"3m8sf+NG4etVPk}G.dB=($E8kWs"",PX9",Check sum is 1
test,"PO$}H!`du~wQ.<t$eXIC(~`,wy^usU,/6\Nft",Check sum is %
test,i?jH`f{,Check sum is ;
test,$llcrUs)I%1GwsB]QAs,Check sum is V
test,",-,d5A/eFgW^",Check sum is 5
test,gO,Check sum is V
test,>b#s7 M9[MQ1,Check sum is ]
test,"y=K;'8T.)8w~j""+S|:#]qkE	P	N",Check sum is $
test,"@Kk	""hUu",Check sum is 3
test,"6xuj'}<7}l^.H*A
:""",Check sum is R
test," jX
zc|\*N0ZGmg]rU79 K",Check sum is ]
test,"%.0zO/lj=%Pm5G\B5UR]/yq^^bv]	RvG^f#dq8
]P;)Hgt",Check sum is 7
test,"Y8aGe?[{b9*h+/# B_2""b]k
0`{Q=&L",Check sum is Q
test,]HG{C4cNG2uYxKtYTb'W3,Check sum is -
test,"hmXY)Y]#`""A4# %uU>",Check sum is O
test,"+B8nQL""Bjr*+vfxpw'CWVh0'y6V<SA#67O!k)E;",Check sum is _
test,"[oLq>
]EajS~}cJ@VK[!1GuGj
g
Tfs=^x",Check sum is M
test,_X>.VDP-,Check sum is Z
test,-9Ji<n8/@_s&7-O*r MC*JzC~$JnxWe=0}g}Yhun	1U*.h_Or^,Check sum is ?
test,",Uitj YV:,[iacgDhb6]S;EdB`",Check sum is F
test,+T7mb];'XAq.@gws-mo~eTs$j5*U:%!cV4,Check sum is O
test,w/'q%p)(/\B@)9l1-o.[n^s`=5Dk,Check sum is 5
test,"bSJ&eo""cR'2F'/Mf[9$&SNUY/m%n&Q[|'qQ;u|3",Check sum is J
test,"BS0=#g,sU#c`	,Z{PSqXt~~b7_*V	uW5 69Wo?i7uTMu^IY?","Check sum is ,"
test,E*E,Check sum is T
test,"b""a)c_%<",Check sum is Q
test,"''o
['#	PE""nJ>xZ`",Check sum is 4
test,#jg4E0,Check sum is =
test,"Nj4bXXt8b]EW^VDcNxZf,e:cK:9Hc`s4p'7Y\7",Check sum is ^
test,Q)Xn<RZJGX~2g.H	Dn!/V	e2]x@3^|l1)L7h@ZZ=&!ZW5b,Check sum is R
test,W(IxE0MhQ -:P#z^,Check sum is -
test,"WS'|tCnmr,q^#T=Usvg/C
th#/OGhEYr0}GXt(cK Ecm(",Check sum is 0
test,dM\%o4$OP42,Check sum is ^
test,"%V=anP}z.aZ<j+@F$pVMA,:DdwMlIlK",Check sum is $
test,"#UxoNs/Xk!4*,lD,^}[a&Uh46T|;GF,ENI",Check sum is =
test,"se
B*/C
\v@",Check sum is <
test,&/t@,Check sum is )
test,"+l0;XtqGi'\O0$5e
&-G",Check sum is 3
test,n[8Tr6,Check sum is ]
test,"mC&F((""xgi_3Szo%q'}2sW<!az/MUiUKiRt.",Check sum is )
test,";sSq0e38xQ""0\Km+R*N}!0F>=
VOlx2!TIh)z
(96",Check sum is 4
test,hbbu&zF`1,Check sum is 8
test,"7YY:5(
Wpn&vb5*&	9Yj(haU9@",Check sum is &
test,r(c2%;5|HT,Check sum is <
test,"\""g]AJmOyBf7j=G1<$)1]qBs:{\to/h",Check sum is (
test,"@I87@+,&L7uju~}5{m5.@*!lPELJ4q63c&cu6.a{`",Check sum is X
test,9h\Jo{4_T:^$A2M)s_RF]y5_?)A~t26+,Check sum is _
test,"hmhc:4Qa
M\B5GY'-Wdyz{X}A>mNZ""8Z1",Check sum is 5
test,-5~y\8 &-<+l?$,Check sum is 6
test,"Lwy:H^Il zXK_(,K))}N7J~	4)*$f$nB<H=b",Check sum is Y
test,[zV @74.+[Pb!Vt!<sJL<E&a/!6n]I0#d,Check sum is &
test,"st No>6Cv(G?\&:#;YJxR
]vY`F+_<S]",Check sum is X
test,\(tip`Q\@ov|Dw2_,Check sum is +
test,-'N(,Check sum is *
test,g!G,Check sum is /
test,Q]l8t#9P!0/|+,Check sum is 9
test,",VmHqJ|4Z)anTju*H4",Check sum is -
test,ANM;J~3f	-8`AINiCBp-im,Check sum is _
test,:*gI*~RgpSwyAS]Fp8ayrQ}t=1#-yZTeru'n/h['[ rzr`;<1_,Check sum is T
test,"ApBeLkF*n)dGK,!nSCgyfgvPr?B""o:T3gn).6Tx
M~#_0HYE%T",Check sum is I
test,]yU#?s?QK@ff,Check sum is G
test,%_Jcr,Check sum is C
test,uzZIAce,Check sum is ;
test,rQ yTla,Check sum is ]
test,6Hj:'q'	sC5oNA#IQCzvi3qJvW8XR2R4M,Check sum is .
test,{2!]S!A`9oV#^CV}uBsi8c;T,Check sum is 2
test,"GN&>lCz{Uhxe 0/""SorDD LCvVK
k9Vps}X",Check sum is 6
test,ZGU?(Lt	x~V!	EzOyA8R`Onx>l^Ri$%By0~YIW,Check sum is Q
test,	J|aCro0n:C`Svj9c~U/kp:<#:,Check sum is .
test,"$|}R}U*D.K6],KX.G/xb7U"".z",Check sum is >
test,& F|kE&i2,Check sum is Y
test,"9u2]RW8|nFu$`NTkY:X,]61V$QS (6",Check sum is +
test,"JK""=P7T;Dl5fM
06LpXB :\<yCLO_`V-Q5S	]3H/s )+2z}MbF",Check sum is A
test,l&/ FiI$,Check sum is ]
test,j-GTNnNn /q~:[!Fj/Vk1zpkSvV~,Check sum is A
test,5Z%if](@,Check sum is (
test,aO(qIySddfNgu#L|T	,Check sum is ^
test,"a,d[i)WG|Ru/+O>0-H3~.JuvN|;]?|4H_mP^B",Check sum is T
test,%U>|\%JbQzCt,Check sum is C
test,!C$=}M+O>]~1,Check sum is 3
test,"]KAjNeoYS2<'xb0P?:?~c\o#.)',a~p6rC",Check sum is [
test,zR,"Check sum is ,"
test,"mZzm|r.>3zD%% ;-x
aOIR/>+""XN,/k",Check sum is ^
test,K |2OFo=6[9%/<hW$ho3FxKkk8$HF6Qva*EOvGD-$rJ|,Check sum is 0
test,S@JM{P_	'}=%W5aN	,Check sum is G
test,"9GPUr7aM/Ji|CaK=ol$2u
{_{D	PDMed^",Check sum is @
test,"M.<y<I9wc~.B/""ddwwnZxy,>U^6{U
*;oY",Check sum is 0
test,"Wh-Q~,5",Check sum is <
test,";ed4, HANz.u2BG7Z",Check sum is $
test,"M1T@[U ]zg^8QY;f1q1hO*3L\N6OmFKo
9TI+<	OTAo l ""lW",Check sum is $
test,3Q0& Mc?o'~e(z$F=(]\SG3c?'1Gd/&K^D-I\_FL/z[@`7\`,Check sum is :
test,"8B\hH96>&(%C%:z?\z	liut(q
V7_|HZU{y/0	?,yga",Check sum is H
test,"<
&{wGU/Id]E?1
Ri
RBMS?""+sY@y2C$v4V14kP6&9",Check sum is *
test,"H85<4~.6:3 7G=;""JoC]+^p6MQ1.
bG",Check sum is D
test,G)U>,Check sum is #
test,R9l?y %RJ9`r,Check sum is ;
test,"g{f c `%~AM(r^?I={#:n=,K",Check sum is S
test,U1/D*tF?g[v\Xfz'Za7OL,Check sum is <
test,TY3$9,Check sum is ]
test,"T~z{d_\u>oM0,_\J
bmH8i(D<t""ULENN7	}QKj:<X^im7",Check sum is T
test,}A/jgif9,Check sum is &
test,"f)X4-^oaes*&Wp1:Ca?k31!zU	c?^L<
",Check sum is -
test,slW'GJ,Check sum is N
test,"S$)xn+xFT3}&N0cT
HF",Check sum is F
test,$	,Check sum is M
test,"Y$]VT*a>0)wQvp_ !&#t^9W>7\""pP/e,eYl^$?^Ts",Check sum is B
test,#u,Check sum is 8
test,i%RuTt(crA&1QC9'2j*@,Check sum is L
test,"+\mc7?ni_{H8fPn *P,Q",Check sum is Y
test,A!E &/4Uqeu	2,Check sum is K
test,"UOf090FK&ci_(f=[#;^ibmQ_<T(G0""/O",Check sum is >
test,"F4np,
VD:",Check sum is B
test,"""oYn	y""=Rt)KG%-+	<"":wX`(hH 
@X4J1fv`JEUp",Check sum is @
test,"DqGK~""I,3xu4j7P3$g@6N;]b>EZX$}@#}%0KHYQ3j","Check sum is """
test,"v=H)wHo],$0?EUQ6F2Gj]#?I&LlQdx&FHHbl/sUNC-",Check sum is *
test,GmwKs=cf fW!>nMHY{d=(}\y9*I?;1Bb5r,Check sum is _
test,"Pd6>~o><nwFzM#+OkN>""&OYW#= pfe)l1o(Mq?$l[?+gd]",Check sum is N
test,glD6Kmz^Do}AR=#{^ktNQWwHWG.Jx.)0qVy=,Check sum is _
test,)R-fk@G4#aHVo]c@f=i<wZR}i,Check sum is 6
test,"9jr#8dvU!_YDu3
!:L1s`~t,n %5f",Check sum is %
test,"0,}i.mWwL]G(\Wl_wr&FP7ht36{;ih
=8$E8`&v-u\zjR^n)",Check sum is N
test,"%Hy2Q =
3A.e.8!=up,-{(0vAsFy&f_T|G@7>4Fbr",Check sum is :
test,-b,Check sum is /
test,o#j,Check sum is \
test,eFRFRD5l2K.i_SO4|GXLd)>cR.kLS,Check sum is B
test,"|v?v#TQF8w,4o@#(^Ka=lZ=4\-qMAfo=18k;y$f",Check sum is H
test,1qc:x!oJ94u3rO#+7B51p&.Tb{103+6V,Check sum is 4
test,*t1[MbY+{Ymu* (l+UZ+US'=r!6u|M8kQZsq5jX~<:Vgd!~Q,Check sum is W
test,GW~Q5l*d?>VyU^M:hpa	*]U2xVr^~|o>re@}87;3xw;$0[O*h,Check sum is B
test,"L`!1VhL^qoMoBVe65I<)
 R*?4'>?ACue4Ec""m",Check sum is >
test,47+%cpxH	,Check sum is 7
test,UdU{K+)OT6v4`')n,Check sum is )
test,"9twg~\ra'q3]YvVM%HUJyB5Ty8-WV""2'o;R1b?d,Qlz7",Check sum is T
test,"
KWhFsL}(",Check sum is ^
test,^*Bx6Kdby,"Check sum is """
test,"}DM_4R5D8%K6i#mc<\7U,zS)g;~z6p|YQe_t?9o0oV",Check sum is F
test,"_u=Y9H@qy/H/,19D]b%\/FL)Im3dq*_",Check sum is &
test,[Hh	P11,Check sum is &
test,mck&!e<;uRB#zcD&B;wqF%X+.s_6},Check sum is 7
test,nfFvetyNC.ZA3z*@G.,Check sum is (
test,"gr]6U&gvz7wv31ci+:%T&3,j_f",Check sum is D
test,G<:MQM,Check sum is H
test,"2xf@4z|MPw	q|3C
j52!O&x+nLIJ- ",Check sum is H
test,".{ah:dcYZ.*B,}~",Check sum is G
test,]',Check sum is $
test,wT}\PIZ/[msFM'S,Check sum is .
test,"4% 6JZw
To<*3Lw!Xb>l...^KK""",Check sum is 8
test,)	a=jGI1jjfoj;FZt|\({a[!lqsQ33)De+*v9?uFEfB*`#NV:;,Check sum is _
test,"<|Ut76<uhwtC[$J)!L{%f!`nSMJ
pS%tsMg",Check sum is  
test,~HNGP$|A!b#Vh}$/?$pD	3@gvT3[Rz,Check sum is >
test,"1c:G,xW!W1@;Hp)""}vvu P 8wQt`:C9$_",Check sum is R
test,WaPq\8d}b57HvX?$d,Check sum is 9
test,9EH0(h(UlKsvC(Q?A.8aciS&S9ky(Tbc1n,Check sum is [
test,\\C@tXZ	YQ9f+^+CM8O#xOm&qbr&&`2Bz,Check sum is :
test,84?>v~Af^6a@ tc>7kUOfZE7'`M >F$?o!,Check sum is ;
test,"NcRzmzB_a.H1 '{LK)/9
U2TL=6",Check sum is ;
test,"'uTH%o3;-/
a2	v}B#9DmRV.cV'Ir_$`	-",Check sum is (
test,"	\}q{o""$G7f",Check sum is G
test,Ea`\VE@g?o}GrRLjp	MGK13CkK;(54i2!;NO>{T'PU@!;,Check sum is :
test,;GvQOq+6Ch~w+i38C<W{2Oz5PP5&ec}(DWq	r_6AG8ssct*;,Check sum is P
test,	~|U76Ce,Check sum is M
test,"v=GwbA&Xzk7?rm~Qf[u~n@)>ku)e,.rR}LrX2NYm:zO Bmf",Check sum is !
test,.;3vIErqMl<d3[Ai.wMS:ZcV:myV,Check sum is <
test,+0oAAAax6.]Qv`Z6SdgG>[Lh'!sH}.,Check sum is ^
test,|;*,Check sum is A
test,"5.Ojgyq5_zobAih\c@T\
1<",Check sum is $
test,"5IyAspv.[12nm!,Z&+",Check sum is 0
test,"vBg$>E!bVs'@K(Zxb|R`=2@5l0""D)I2jCOB(Uq7&wtq",Check sum is ]
test,"UNR""{xt",Check sum is ^
test,"c*l%tXl<`	HlR	t@,%P?3LPyx7T
K3",Check sum is Q
test,"ewiAPHx.~9eGa7]B^2>
2wI<n%|:uCoEOe= ",Check sum is J
test,gWri!XF0Nt3l] GXn\WZTE}zE},Check sum is 2
test,"@}r~_1B$fxni$Pff5""Qp/j]\3'>iN_
i
p",Check sum is =
test,aF`q+qo`h> yoP2BRNvQ(WD6O&,Check sum is J
test,M2HlyC{22A,Check sum is /
test,"yTvBBFT5?%%	ceY6ZS[W(q99""J5L",Check sum is 6
test,"W:5w[xq""P3Exg|Tu7*O+ie>Mh",Check sum is K
test,"1J~Db*xUAnAiV$Go|
enqiP(6ab0]P=g(:Lzp",Check sum is <
test,"BTV:{1-&AjdT)W][ja_W96B),5Ur3eFW",Check sum is X
test,\x{*pbnCK&ta)<dKd_`Xs-i^457?&k+/)HK;u,Check sum is N
test,"%Q+xG+oKiIoS\?meiF""Cz;w3on}7xSU =",Check sum is G
test,'VudsR,Check sum is ;
test,"(:,FUc6o~WeTQSFo8[mBzZ;-YBvZWR,;3]Vy7A=X""{Nqg%Xu",Check sum is R
test,"=*eA}EO]kPe'M,8bG}%]AeSp]^%G`8FX",Check sum is A
test,"+c6 h6}S+{i&`~0{`_
14l;E-_7:2MUH""n[k_F",Check sum is ^
test,"jC9Vk{j 	|atQ=|q=V>gT!=>|k&%\(M/ ~,X,M.0$",Check sum is X
test,"(\</qLrwzz<X/X
~tDwf+X6n\S+H|
,b!e+$|pkyfF._",Check sum is \
test,Vb,Check sum is X
test,'6SVl^;J%85<1;!W* |!-e%a6j?@,Check sum is E
test,"z~p<Te[(y""^X]Rn(MX+k>^Ofh z\\^L3:B8L",Check sum is 9
test,>|	q]r=E)Xxe-I&iZWkpir.+!-SEL'9QOPowDz{,Check sum is )
test,Ley;DEd]`LK]Q]wlQ6m{|z/g-l!??X)h^TPgw2\erH>,Check sum is [
test,ZM[PsYFzcZ2t8-2T$~_K&?I7?	6GS<QJ<i|6R[f,Check sum is V
test,"V--7""5eOQ",Check sum is #
test,Q<YJPO$?A,Check sum is S
test,][P1Z<,Check sum is /
test,"p{;(s""'RS^yO/	G-*LJvy",Check sum is P
test,z8{,Check sum is M
test,OJWMdhLzA#B,Check sum is U
test,".n=]}%)P1%]f<D~>L(l<CKh
y(havO~ofLMk8$FRQK<lW/>AX",Check sum is =
test,}Kfl=$RExE1&zg'HZrp9q ~2@>	t+ rB:#_,Check sum is B
test,x;APB,Check sum is &
test,]X	G'n;K~;*^~5g&/]WDj:w)nIiMrKJ)npH@D8-q9_?AD=-9+,Check sum is 3
test,"/7UAlYO6v{;o+K""h	*""",Check sum is V
test,"*S$?~lUtv
GP*:Iy",Check sum is 0
test,"_^oy>5""rh0|^zpc}F:s=f2vT\rN%':9G3""0""C$",Check sum is J
test,"Q<a\?)8~^\?'@b2sdd3,4hu!K{Wr^~azdIf.iN#",Check sum is )
test,d[>|y/2k>@m,Check sum is I
test,oH1EVeaVt1],Check sum is A
test,l0A{\I~+ES,Check sum is ^
test,Q?7\,Check sum is C
test,`_Qurq{KSp~RB>#-)O :4qJ?{Xs,Check sum is 7
test,"A>J(S&SF	\EhFF
\H}4Lo*HM@y%{6""	]3.,3}DD]cKK",Check sum is L
test,.F}l!{v 6hY},Check sum is #
test,LRgF%{!>3ef\bDaS,Check sum is ^
test,QL-,Check sum is *
test,C&<Mq~rs~PqoG:IQb9qq;af98mo3Crw,Check sum is Z
test,!vM[U=OF!g}<`D;nGWj8RA/''gEmlLh9@2v(eFnP\J|h`xu,Check sum is &
test,"|\,4XZ~MjS*",Check sum is <
test,Fs0=zTtT}3{8K!6MQFp<&,Check sum is W
test,"''NS7Z,'&H6r$psY2hqcw1r@_]'8I	|`gqu$MV?S
NB~B&l1T~",Check sum is O
test,2wy1S	IMGcAjl^{?EU,Check sum is X
test,I1L\N4:1B_bZvJaSQ'ZakM',Check sum is R
test,"%pvueU=RSJG#,PoL?\-]g.](=\v*>L",Check sum is )
test,"ueAr
f,fz(fnXB@8H~yN]ZU>%9}|}}Ybf}{H	H8t!",Check sum is ^
test,"""=U",Check sum is T
test,"@wh4{6a>\]`
KCbj:RPvV}RJ8",Check sum is 9
test,)ZBPQw[@O12qoaQWQ}yKi_,Check sum is M
test,peg[XVg||&&~Z:c1}\!@^=#l_e!P,Check sum is O
test,"_&A =SVE
~q",Check sum is *
test,aHoc~?a+6W|c3Gk48s`9L?IpR0x'|X,Check sum is &
test,"K?W

,d?n8T0p,xN;g+jND:=h(#NZCdGXLe$.~L'25>mn, ",Check sum is Q
test,"Vg7
GtHS='w	xljFTeDXS*u\8hkmysAL)H5*fh*fXL5\g]iMW",Check sum is 4
test,"""%M;WchC]n:$RUQ,]5Ymk",Check sum is $
test,"O	KP!H?t7JS9pYv6
y6",Check sum is *
test,"
V,iH %[?)v~4/nX4/8s`B\8?/V(?6~&Eb)kS%32CI>/M$YMo""",Check sum is D
test,"4#Z><Aog8(FUnedC
THE<y41QneF.",Check sum is 4
test,"$/ncXoj
#k*qY+]./G(B&N$M-Ouu&mLuz",Check sum is 0
test,"LGO""K-*",Check sum is F
test,"K4!v|QPL@r1#/K4yn\R
K[	N	_MlaUYs'|!C",Check sum is Y
test,FUd\w79Qoz,Check sum is \
test,"SGdyKH-I|d5XuVf5;4v,YIN",Check sum is 4
test,s]`D78V,Check sum is Y
test,"a`IW(
<OAkqF#PE6
)u@c$aF,\?6bo5~=q$zX	}MqqKwrCg
",Check sum is '
test,P	\_/xXP98BB7{HK,Check sum is =
test,"1
#dY7 ~LE-W]YylqF{5",Check sum is '
test,'Cpk,Check sum is %
test,"GY~W\Vhbi t,MC",Check sum is J
test,"\{@w1uGfg<O*I!	<gDkc5G(#oid}qN-x91
UgLHS2T+~BCdL",Check sum is $
test,9cP.J^0ZeakJf0 h)'UWr:P{)p `!P{	j:Uk.KL_,Check sum is N
test,"#@v^""j+N	am}smk@r~=Mxd6	
oCrC^hB;X9M?GA)",Check sum is R
test,"F
wfhc%	]*YZh	JW+?q71	e0U",Check sum is H
test,U1`QRG}[~X}Ml9V578HLwJ[VCO8Sa+N%<`a5+V.|}m#+Nq_,Check sum is \
test,[S1t`0C#s,Check sum is \
test,mE@3+wi+QYU2-a6ZE2xngqxFe,"Check sum is """
test,"Mr,,VW(p3$Gq2F'_F9|)'.3>U=FDJ X~{Xb\|U3'Rs[",Check sum is +
test,"IbqFs?%y`5LNTbJa.j%!SJq""UY
 Z","Check sum is """
test,PAE{5 gmCK3`(eYa3Nl':r0{brCttW2D*hdLLX'_,Check sum is %
test,upe.l8HU8,Check sum is Q
test,"WZHuq&kKRm]cI&{\r?,DLoi",Check sum is %
test,"S]]c`fyt=W)
 C3635M/i3TNn&""44hQQb
&xW8,g0Y)E`v[o<",Check sum is _
test,"8n5i%
msE""&.Pqu@=4JZv6uXc",Check sum is U
test,"C1h(#Af9b2~k""8?L;0hNo{Q	*|)4~'y
~PPGI?&)x{z",Check sum is B
test,!2>bQsw%v:,Check sum is #
test,-sLfPPq9DPm#6RZWXP,Check sum is A
test,!0?*Za(J9JMDJiD([qr`',Check sum is ?
test,!f9\z;b53Hx]]x=/{:VC%_F,Check sum is 1
test,[t2;%)~Xh@J6qGA2(0ik;RLs:;	1+=#YI6w9D4m|gD~9@(,Check sum is 8
test,"bUw2QUm>)&H0>bM_&lEL{		5gR^{^[N,G",Check sum is U
test,"ujizUF4,#AN#bX.(<LU564*uXEdrW,/2bvt?)S17Sh",Check sum is ^
test,"i!a/|1 J|Q*Ig:-Pk45[EL3
k\$aO/[p^\-+vDm8'Xe|3zaY",Check sum is 9
test,]*4}jb<krjyO_JVOX[?MD>GD{P=<HOIZ(mj\k!m7_B,Check sum is 3
test,[QwQ4envutW_dxHyQ6rb^kyr$8xH4t&+,Check sum is 1
test,KgmLVE2Ndm(UAU#02Oaq:&s/xzge2*be!54u72%'#Jnv@\kN,Check sum is -
test,"1r>^MA!F5]=DO|kL5{6~`1>0gcVXDg""~@]5A1LUe2{a",Check sum is '
test,"JMvo@HGL,se""eMfQr",Check sum is 8
test,"Sc9#/(hl}i$6$Yd/lRo4,i3FH%:`@'4?ITpyp]MRG n/AO",Check sum is C
test,"n=s\pKw7NitAM""%!k4",Check sum is C
test,J.@LVo^2p,Check sum is )
test,|p,Check sum is L
test,+yMuTq[-rH1_grH,Check sum is >
test,W<W6Pxwd[g41=o$2(E,Check sum is 9
test,"VZ~wIyAs.:Ws-fecwAJ+^\K~uf

~c(3n*",Check sum is ;
test,"K[*L""Xl:X",Check sum is 4
test,"-c&VH>""U#/Tp`N;<XHD",Check sum is H
test,"J}yzDA&p,M3QX~ugEK4@U{R}Wi}p_p<
q",Check sum is :
test,'j,Check sum is 1
test,"T8m p0e
<)Ry<>\_qafJ!{F)JB_<IlS^2vXMM-Ga.n&&
w~V",Check sum is 3
test,"1(nO9pq*P;|
giJNL! R=Wcw_d~WXvLjQF#u",Check sum is K
test,.9faBE)z,Check sum is 8
test,"V(j`ox2Ww-d""d:5bIF41Q37Q8{Xt.qH`4	o\ ei$z",Check sum is Q
test,F4vTk@=_WXz@ccQ&g.r,Check sum is X
test,&l*'pMZKl7XzZ>xJ5#r[=k! UVwQ,Check sum is 5
test,"
-Cf0C""cv~W`6&FKT99b-stm>8RN1a=%goNC",Check sum is *
test,"KCt=w_XC@UW/=$r,%19)~8|*QrNz*CWXweB
%99Y}m",Check sum is '
test,u~@~zF%4x>sgw<1S,Check sum is 1
test,iwj^egDy=c7Yb'EKE/)_T#*eCTg,Check sum is Z
test,"jZ;cCb`CVj[VSc69=q|;

K@XbGGWnWrY{5zK_6,k&pV(<mM",Check sum is >
test,rJrSQWA?,Check sum is I
test,"*=`v`<`
)	h""tW_LOg)H._
Eb>lMr5d@",Check sum is <
test,S.Z8w)ucl,Check sum is W
test,x!G}s?)=L&k=Tdnvs|V!,Check sum is 1
test,"x`J`V<H|=V55Eil=4dU(,l2",Check sum is +
test,2Z2{I4Q<3mF>,Check sum is G
test,"A9/A{~e8%-IFu
BAj*@""cb9Qs)>z(6oD{..\2BHJYa*",Check sum is J
test,"cH:aJh2?mFm$_#-
Tpx>@kiSu*iXCtb'Iz'kJ{')3p:aX`tI",Check sum is $
test,.Kiy'#R$uuK\KWy8_<UPo5NEP7m*G<$8	B=5.bq,Check sum is Q
test,]=adjGr<3TPJMb@'q .	cGVVgF@q]tQ,Check sum is 3
test,"t{eoTb
6t#dS{4>fR9f]e$h[B>>4J2",Check sum is B
test,Ss?9Rw;,"Check sum is """
test,2w49J)	9Ul!l^KaR$Y)L7xpx4Zl8q=%y#hhPh/UUvUQ.>QCR ,Check sum is .
test,"Xrgk;tHw.?	9z	G(BRy|3#lx8M,G]3,MUgwP",Check sum is R
test,P %#1Q7z3|Z8,Check sum is L
test,"Z>-pzVE n
YL
qp%QA^qri,&6TUD|ll6:","Check sum is ,"
test,"?ouV
6*`y	t)sH]x",Check sum is R
test,"<aQxPa{NGijGz KYC.+PW\L}SUe	Xi+2mT>(oKNxi@yJhu(H~""",Check sum is ;
test,O.F6,Check sum is Y
test,6bGN{R$iPt|-To`7@=s5xbrAR[1Ej_Uu3cS	?+,Check sum is 2
test,8Y8bz>f~k{C)dDWuvJtD9n?C=-lJ)D^_]9;egA/9,Check sum is ^
test,qV-IX$,Check sum is Y
test,"01qvFreDu\S=t6))rV [C=uT+.=dp`'""Jz]Y}w1",Check sum is $
test,p#6{6wM.O	=Y~p4'C,Check sum is F
test,"p,2{.r",Check sum is I
test,"Y\>C+0
0=6'(S7""",Check sum is Y
test,UVJ~*3e^ 7mI1K3N,Check sum is =
test,"4>&?Z1jc5vl6mEQ/	*n,kW$!iZEd^@pH_9K2'|93zLEh",Check sum is ;
test,iR\5qu9~hV4>S8-.B5+M5mFW,Check sum is M
test,KJ,Check sum is 5
test,"I^7V.P3o{Qoxv\/t8	1`B1YJ"":MLp3oRtI}s0-",Check sum is '
test,Gs,Check sum is Z
test,"I	.2;JdP{.}x9Rgg#5K,n9eusc6/
vQ(w\J|S
<]",Check sum is U
test,MMWgSp:$4_rY7k:QR|3{Gr0~Y=De*qk+(Tp9;BI|,Check sum is ^
test,"tB*J9Cl~}wm$sYykMyBGsdcHEox,Zx'`,.>r6%3-w1(",Check sum is <
test,['Zz^grr!$e|nXU!. l_	,Check sum is #
test,$*~Z,Check sum is F
test,Ux3mmI4N-dq9[6uo)-cP~MGr(JaU,Check sum is *
test,OHE*U;RI`$}bg.~%IE);biH#oNcpeD,Check sum is M
test,'^,Check sum is %
test,!LO\r@`63;ubB,Check sum is G
test,SY[.]d3;%sg	-x`.QzsbLo:c	~O{@v6Ef3}PfO,Check sum is T
test,"J5
*Yy 76ybtp7wpSrO~	Erm	h",Check sum is ?
test,"P;-0z!lD8]zw?\Y,",Check sum is 9
test,"T13PVeQL_,5AT_> LgT*u$GbuI	jXlM+c+>(>Y",Check sum is =
test,"wOilui[eRk93Q""1MB<rgO
U=L",Check sum is A
test,6'-\HePFtLqQG2Hjyn%=DFDrgrzctFJzu&@XFoS*FDY%@r,Check sum is R
test,wiVrnAWOk,Check sum is H
test,7UO,Check sum is ;
test,"1~<%|=!uJuzNy6us`r<rHGh9Pe,<",Check sum is *
test,H?|]pYTAQ|pV3\$WEJxw}>j+F,Check sum is O
test,"G'Z""hp`qN
0b<F~	l=L<@Gma!Ut|XuF^KZy`p1/1YKG",Check sum is -
test,S$?e'\O7G'F^$mwy~,Check sum is U
test,"2|^u0
'/8&u]n)IV%}aOX|T~FT/a
fYuKCS*jf-a 7<pWQ,",Check sum is 7
test,+/)D!-)&2\wGPq_~(SVfSS:AaFq|yP'cdidA#>51!-B/>S_kVr,Check sum is H
test,"UN!7wv20=24>
F7nYN{TN%+^q7""|j),aD0`AV$,""zVf	Q(I
I!",Check sum is *
test,]\xY,Check sum is *
test,"G*4""$P-WzN<U=vh@9",Check sum is L
test,";-z""			NSU$\{1nY.""<Y\_DT$]>4Od@ZZ=U!F7<Z&:#F",Check sum is I
