set,input1,output1
train,,Check sum is  
train,	,Check sum is )
train,"
",Check sum is *
train,"B
","Check sum is ,"
train,"

",Check sum is 4
train,"

















































",Check sum is T
train,                                                  ,Check sum is  
train,ssssssssssssssssssssssssssssssssssssssssssssssssss,Check sum is V
train,"CD
CD
CD
CD
CD
CD
CD
CD
CD
CD
CD
CD
CD
CD
CD
CD
CD",Check sum is 7
train,"x
y x
y x
y x
y x
y x
y x
y x
y x
y x
y x
y x
y x
",Check sum is &
train," 
 
 
 
 
 
 
 
 
 
 
 
 
 
 
 
 
 
 
 
 
 
 
 
 
",Check sum is :
train, ,Check sum is @
train,!,Check sum is A
train,"""",Check sum is B
train,#,Check sum is C
train,$,Check sum is D
train,%,Check sum is E
train,&,Check sum is F
train,',Check sum is G
train,(,Check sum is H
train,),Check sum is I
train,*,Check sum is J
train,+,Check sum is K
train,",",Check sum is L
train,-,Check sum is M
train,.,Check sum is N
train,/,Check sum is O
train,0,Check sum is P
train,1,Check sum is Q
train,2,Check sum is R
train,3,Check sum is S
train,4,Check sum is T
train,5,Check sum is U
train,6,Check sum is V
train,7,Check sum is W
train,8,Check sum is X
train,9,Check sum is Y
train,:,Check sum is Z
train,;,Check sum is [
train,<,Check sum is \
train,=,Check sum is ]
train,>,Check sum is ^
train,?,Check sum is _
train,@,Check sum is  
train,A,Check sum is !
train,B,"Check sum is """
train,C,Check sum is #
train,D,Check sum is $
train,E,Check sum is %
train,F,Check sum is &
train,G,Check sum is '
train,H,Check sum is (
train,I,Check sum is )
train,J,Check sum is *
train,K,Check sum is +
train,L,"Check sum is ,"
train,M,Check sum is -
train,N,Check sum is .
train,O,Check sum is /
train,P,Check sum is 0
train,Q,Check sum is 1
train,R,Check sum is 2
train,S,Check sum is 3
train,T,Check sum is 4
train,U,Check sum is 5
train,V,Check sum is 6
train,W,Check sum is 7
train,X,Check sum is 8
train,Y,Check sum is 9
train,Z,Check sum is :
train,[,Check sum is ;
train,\,Check sum is <
train,],Check sum is =
train,^,Check sum is >
train,_,Check sum is ?
train,`,Check sum is @
train,a,Check sum is A
train,b,Check sum is B
train,c,Check sum is C
train,d,Check sum is D
train,e,Check sum is E
train,f,Check sum is F
train,g,Check sum is G
train,h,Check sum is H
train,i,Check sum is I
train,j,Check sum is J
train,k,Check sum is K
train,l,Check sum is L
train,m,Check sum is M
train,n,Check sum is N
train,o,Check sum is O
train,p,Check sum is P
train,q,Check sum is Q
train,r,Check sum is R
train,s,Check sum is S
train,t,Check sum is T
train,u,Check sum is U
train,v,Check sum is V
train,w,Check sum is W
train,x,Check sum is X
train,y,Check sum is Y
train,z,Check sum is Z
train,{,Check sum is [
train,|,Check sum is \
train,},Check sum is ]
train,~,Check sum is ^
train,	s,Check sum is \
train,)a,Check sum is *
train,L!,Check sum is M
train,EO,Check sum is 4
train,"b""",Check sum is $
train,?	,Check sum is (
train,V*,Check sum is  
train,z8,Check sum is R
train,gC,Check sum is J
train,n6,Check sum is D
train,3[,Check sum is .
train,-O,Check sum is \
train,cK,Check sum is N
train,NW,Check sum is E
train,19,Check sum is J
train,{=,Check sum is X
train,_g,Check sum is &
train,Vp,Check sum is &
train,9%,Check sum is >
train,`C,Check sum is C
train,@C,Check sum is #
train,s[,Check sum is .
train,aD,Check sum is E
train,bX,Check sum is Z
train,6d,Check sum is :
train,nw,Check sum is E
train,0m,Check sum is =
train,"R""",Check sum is T
train,>v,Check sum is T
train,&Q,Check sum is W
train,j@,Check sum is J
train,ke,Check sum is 0
train,qo,Check sum is @
train,8/,Check sum is G
train,%q,Check sum is 6
train,6m,Check sum is C
train,QW,Check sum is H
train,H3,Check sum is [
train,$},Check sum is A
train,\.,Check sum is *
train,( ,Check sum is (
train,AA,"Check sum is """
train,Ll,Check sum is X
train,%>,Check sum is C
train,ET,Check sum is 9
train,~F,Check sum is $
train,ic,"Check sum is ,"
train,3n,Check sum is A
train,K6,Check sum is !
train,>`,Check sum is >
train,b\,Check sum is ^
train,Pk,Check sum is [
train,PC,Check sum is 3
train,[|,Check sum is 7
train,;s,Check sum is N
train,|qI,Check sum is V
train,1`I,Check sum is :
train,"R
0","Check sum is ,"
train,(Sd,Check sum is ?
train,5vG,Check sum is R
train,#PR,Check sum is %
train,NG$,Check sum is Y
train,]Rs,Check sum is B
train,S_6,Check sum is H
train,(vH,Check sum is F
train,:Pe,Check sum is O
train,O9R,Check sum is :
train,o0V,Check sum is U
train,sPe,Check sum is H
train,Fav,Check sum is =
train,%C',Check sum is /
train,]YR,Check sum is (
train,3f&,Check sum is _
train,]h5,Check sum is Z
train,X8@,Check sum is 0
train,U($,Check sum is A
train,9MB,Check sum is (
train,g}3,Check sum is 7
train,)_y,Check sum is !
train,J{~,Check sum is #
train,o6f,Check sum is +
train,gIo,Check sum is ?
train,b6K,Check sum is C
train,AHc,Check sum is L
train,*y=,Check sum is @
train,3}Y,Check sum is )
train,V1I,Check sum is 0
train,Py7,Check sum is  
train,R\`,Check sum is .
train,B%;,Check sum is B
train,E'7,Check sum is C
train,I=H,Check sum is .
train,aUi,Check sum is ?
train,\3H,Check sum is 7
train,6P;,Check sum is !
train,`y-,Check sum is &
train,qPl,Check sum is M
train,$g|,Check sum is '
train,VxI,Check sum is 7
train,uo],Check sum is !
train,{gN,Check sum is P
train,9l<,Check sum is A
train,z p,Check sum is *
train,uss,Check sum is ;
train,"HQ,",Check sum is %
train,"U)qSMzkfQ|y;{.0->fJK&(Vs)jKgbl$&^fZJ'
JV)ikC!",Check sum is H
train,"(1zRL3Y""*E6Zp$|.q\3G4Tx&RKk267o",Check sum is ?
train,:wq8U3|'Crv\p@&retLa'&F^lWk*qbS|g.9d2D	nFia(sm`jeD,Check sum is O
train,3S,Check sum is &
train,>xiDc2Z c/TH1o-cv#Q#h=g	B]{#c+_(AC1#,Check sum is <
train,a	TccG=l(xQ\R%4H,Check sum is T
train,"@<6%hee'`DcB0rC6p+	cM;eC!:5G&:,P}Ij/5\|{8elH!I",Check sum is @
train,"7N/A)?Bj""+(QP,v=y'9!wo%lv0[}\A3;du",Check sum is 1
train,*phtH%L?6ey1up`	'+YT8`O2@/ ~Pte=?Sp:RnE)_==kR4&wD!,"Check sum is """
train,S0B]L6M619KZ5*<^BfNMP6hIq'f},Check sum is D
train,"9H`I$ Rb196S17@C,4/]hMW7UF5.#+@S^`'	Zf2Oks%	SYm6",Check sum is 8
train,"XXlTWA1OB7+@W\^m""+bxw+vm$Q0)O",Check sum is S
train,"_&~xf)	~,</(E""sem-4_WtA\\5u,D^7@L~Wki1",Check sum is 5
train,NB*+&wD;)|cI6B>mM_G	$f,Check sum is [
train,XtVOaTFq:~@x9t3W5)J)QQ$dGpSZb#^V^49f	9BeF,Check sum is \
train,$MHeS}Ccm)k2%,Check sum is L
train,"8^K.ThbxkSMJW,].u*b$@^
mqrff8",Check sum is I
train,:[JtL2mmi]S,Check sum is $
train,"~\PM^n4XXo
}
LulGX'QXi<A(",Check sum is 1
train,l	(VaQY(&TCe&gEbH,Check sum is $
train,"h!9A^hs _j*VTt%LHT^=8Rdyu2A,Zm2x8lS?Pu\H5h`G29c",Check sum is R
train,K\g)/*qZ]lV*+.1X.=T)}4X,Check sum is W
train,W|}),Check sum is Y
train,Br0gfekIG<.~OwmKyk&b	z,Check sum is F
train,"Rnx9\v,R.nhiW2uQ$L-/2 2c~nKxg*b=d<%g-a#] *-)~ _}",Check sum is C
train,"fjd*v""@g-ooUN<5:z`qM_1%i=w5U~GKx [Z9kB75%HH%8u<:*""",Check sum is B
train,"<Lm=,""	9?::y60GNli;jI""4ug_,Ssr,7Bx8S *SSZM@e%+ D",Check sum is Y
train,"z
1QHmjEA
!8r=
:a+)i	8""6KD@Fd2{1C(eMyS>dky",Check sum is ^
train,C[K$&HdD-J	?zgqj#NZa,Check sum is *
train,"9!v
",Check sum is :
train,"*
%ta3P@Jq@J
V:MK_TX/q9	DqL<Ao(W7FP]K{G5U;v",Check sum is S
train,".#),cq$_aal&WF18Dv2h&	FAa8~G!x8-|A5QLlI%as",Check sum is Z
train,"L@R5c5#7q9^$`NsOG:9/7)i6DQjxa
Y",Check sum is $
train," IH,zHAoD^8C]3AR.?(#c O:]F|:G",Check sum is S
train,8*b4ng{TlKAhvgc*,Check sum is F
train,"UusNy""4(,{;etJ]lIr$",Check sum is O
train,"@;W~:0	?<)45<^$
f&c-e+Y-=q<m+,H)eWKO9X!Nr('W@
.R.B",Check sum is 1
train,"[3+y,UlH.2&O{""J,VOH=LbaS,yRP2l,pC5[3X@#T",Check sum is Q
train,at}u:ZOnU1fY+,Check sum is (
train,"08<f;x#W^G_	m&$*b*4E|""w",Check sum is _
train,yNg@aW%~#R[e!q\4),Check sum is )
train,.*N8Oh%_2#9/blAL*c'J!0-*wcDI:HVrB)>NUC6U<w]}#6H^.F,Check sum is B
train,"/'`-={}[2|cH7hOhq^LO=ro'a`~s,)o_<S&O,}(1q<",Check sum is 9
train,J&IW0Vq`|(:*H9^-@S3!{tCyf=|`Z&6o+,Check sum is <
train,P1~,Check sum is _
train,"Hlx<?w,UI?)
[}_w>9e/Pb}<5[!cpz?NzLbXn`S#!	1<5X[O",Check sum is ;
train,"St(A^Wy2='gYFf-:kS=*T|?""CesIC",Check sum is $
train,"b,L${-,`HQoaB]q
!R\THb&Jj>""LCw0:j",Check sum is 6
train,"Xjkt}LwlmR%yMqz9V1IZ8-r%p%R{
w$""I)g]}&\NOFKsy",Check sum is Y
train,"v~e,jyO+2",Check sum is 4
train,i6ZJrln;<3:r/i5I4lty#X)ED=k+[,Check sum is C
train,"?
Klmq#\v.A4
y]",Check sum is 6
train,"X|^LV2K1rSiq-%#Te`acU""I(zT&g>1yX0doqm:((",Check sum is A
train,~8p$\7*wQhdnlp*!x9L; A-2se<\IT?>SJD:^~dT6(]T#l%;@,Check sum is ?
train,xd~$>,Check sum is \
train,"KU%L>)lW/_t,HZx~{-irK`1W MBL{r1",Check sum is 0
train,"TZw""*Rb`x\)'O@",Check sum is X
train,"th5*dU5EH(Fa1/Mu9{nc[m.u4O3PxP$ztoJ#7GzG(-=.l,""","Check sum is ,"
train,"08[g'nm_@vk64O$6^aK9""mRG8qk@i%/L06% {^D/6J7m",Check sum is B
train,"^uB,B\V5vj !Q32&:x:\T]g$ASz/J{K>T[i#MtpAB7c?+!>",Check sum is (
train,"P:K""=CFQCa<g$
#>I(1K%=`Go.bf[r=9~;r~l.v",Check sum is [
train,`LZ_5mPw%;P}*d.j~NOF!DbfTX,Check sum is ;
train,"}OwTp,x-]""C""#wH/DI3BK^j6_MMcJ&",Check sum is D
train,">gqszX0B;l'Om`s>iP[5v
gu",Check sum is -
train,"""%3fTc\X3}w5jo<Gf.T32 hB6A7@M",Check sum is 5
train,78'{,Check sum is 1
train,"jrTd=
x1\8UK:W%{|\APvf;~FA67yu:9	AYzrpGlfQ4N",Check sum is G
train,"b
Do-]rBM",Check sum is J
train,F*\U`Rqf'DSRg~13WA%)PWkPp-MhL50N2t4E Sx)6}-5,Check sum is D
train,%14Lh,Check sum is ^
train,vhIGw<8?Vo4xe'B@(dEL_pQ`T.vIU5.ry~)!AU9d@m;_,Check sum is :
train,>5c=3[g+efy,Check sum is W
train,X1t2IF&,Check sum is D
train, #&vN,Check sum is M
train,"h[%bLSf{loz&w""|]pQ#m!<L_Ur*G|C$x`x&\$Hc","Check sum is ,"
train,";fOE06I
",Check sum is N
train,"yCdr Jj@S	xHu\VcafHBu+bn'rGfxK&o_lk""wPb}",Check sum is I
train,"""Pl""Y} ""a9kC5jx{r\*Ns)eZQ4qC
eY!c",Check sum is 8
train,lPX8K>oYOF8d&GWQGhp]I22Jo6f~/~QR1,Check sum is @
train,!p=:dA>6S&Fp{S8PF@Ru.,Check sum is A
train,a|.\Ul#Ft.?8BY3lgg-,Check sum is ?
train,"\$wt0g0`~r9e:3Pc@,mC[AMIB!xYW^KubSL",Check sum is X
train,"Xb*BqkWS!HVXw8Pev""#TAe""tW/x
-/{wK(OBP]",Check sum is Y
train,!gzpRT/`<o1$?Aeta.e-@?,Check sum is @
train,"q.D~G#)Ijm/ZSM|u@""/5cr2l-x""a[1B1TtX#;J",Check sum is 6
train,"?)e0Q%sO
q/^No.(HZ@Cbn])""X6Gexe^L08=j}nB?6%x)",Check sum is E
train,CbGm0%uDacSt@{JKOF.aaD%>T?LTMT],Check sum is ?
train,"C$~,%rA`5j>@JY%Q",Check sum is _
train,\-MbAczuxiZ0+_g3B4%PjxpV*TZHe-ub|H,Check sum is Z
test,vB,Check sum is X
test,[W,Check sum is R
test,",G",Check sum is S
test,Hy,Check sum is !
test,/.,Check sum is =
test,"R,",Check sum is ^
test,}a,Check sum is >
test,'W,Check sum is ^
test,aU,Check sum is V
test,vT,Check sum is *
test,t!,Check sum is 5
test,h	,Check sum is Q
test,qI,Check sum is Z
test,51,Check sum is F
test,!c,Check sum is $
test,/M,Check sum is \
test,39,Check sum is L
test,{$,Check sum is ?
test,Pr,"Check sum is """
test,\c,Check sum is _
test,i;,Check sum is D
test,#A,Check sum is D
test,\o,Check sum is +
test,rl,Check sum is >
test,VK,Check sum is A
test,jK,Check sum is U
test,t[,Check sum is /
test,UR,Check sum is G
test,*x,Check sum is B
test,<y,Check sum is U
test,+G,Check sum is R
test,qN,Check sum is _
test,&},Check sum is C
test,l},Check sum is I
test,Y\,Check sum is U
test,S$,Check sum is W
test,D$,Check sum is H
test,L),Check sum is U
test,;p,Check sum is K
test,/{,Check sum is J
test,9j,Check sum is C
test,^O,Check sum is M
test,2Y,Check sum is +
test,o(,Check sum is 7
test,d/,Check sum is 3
test,yE,Check sum is ^
test,${,Check sum is ?
test,ka,"Check sum is ,"
test,(v,Check sum is >
test,UT,Check sum is I
test,^T,Check sum is R
test,4d,Check sum is 8
test,=I,Check sum is &
test,)d,Check sum is -
test,"Q,",Check sum is ]
test,($,"Check sum is ,"
test,3<,Check sum is O
test,.I,Check sum is W
test,9z,Check sum is S
test,@D,Check sum is $
test,<|,Check sum is X
test,(Q,Check sum is Y
test,*{,Check sum is E
test,la,Check sum is -
test,g?,Check sum is F
test,_p,Check sum is /
test,:	,Check sum is #
test,25,Check sum is G
test,^a,Check sum is _
test,us,Check sum is H
test,d<,Check sum is @
test,5Z,Check sum is /
test,|},Check sum is Y
test,";,",Check sum is G
test,u-,Check sum is B
test,TM,Check sum is A
test,D$,Check sum is H
test,6:,Check sum is P
test,&e,Check sum is +
test,"<""",Check sum is >
test,]0,Check sum is -
test,"l""",Check sum is .
test,*>,Check sum is H
test,2/,Check sum is A
test,aj,Check sum is +
test,Y+,Check sum is $
test,;0,Check sum is K
test,xC,Check sum is [
test,WN,Check sum is E
test,*i,Check sum is 3
test,x\,Check sum is 4
test,-],Check sum is *
test,Nc,Check sum is Q
test,6-,Check sum is C
test,<-,Check sum is I
test,_x,Check sum is 7
test,"
!",Check sum is K
test,e~,Check sum is C
test,&{,Check sum is A
test,q#,Check sum is 4
test,~>,Check sum is \
test,5-,Check sum is B
test,",K",Check sum is W
test,$^,"Check sum is """
test,c/,Check sum is 2
test,)*,Check sum is 3
test,)=,Check sum is F
test,0>,Check sum is N
test,OV,Check sum is E
test,2r,Check sum is D
test,jC,Check sum is M
test,|s,Check sum is O
test,vi,Check sum is ?
test,t7,Check sum is K
test,]m,Check sum is *
test,JA,Check sum is +
test,ho,Check sum is 7
test,j7,Check sum is A
test,c!,Check sum is $
test,T3,Check sum is '
test,@d,Check sum is D
test,7{,Check sum is R
test,o},Check sum is L
test,"""j","Check sum is ,"
test,Wd,Check sum is [
test,I^,Check sum is G
test,km,Check sum is 8
test,{$,Check sum is ?
test,bp,Check sum is 2
test,nb,Check sum is 0
test,j(,Check sum is 2
test,;r,Check sum is M
test,>.,Check sum is L
test,PA,Check sum is 1
test,-7,Check sum is D
test,W$,Check sum is [
test,?.,Check sum is M
test, z,Check sum is :
test,k@,Check sum is K
test,.~,Check sum is L
test,}`,Check sum is =
test,=F,Check sum is #
test,UF,Check sum is ;
test,Xq,Check sum is )
test,Z|,Check sum is 6
test,;Z,Check sum is 5
test,Nd,Check sum is R
test,F/,Check sum is U
test,Po,Check sum is _
test,(B,Check sum is J
test,@$,Check sum is D
test,`L,Check sum is L
test,	5,Check sum is ^
test,t-,Check sum is A
test,J@,Check sum is *
test,wr,Check sum is I
test,=	,Check sum is &
test,\@,Check sum is <
test,Y=,Check sum is 6
test,6(,Check sum is >
test,xz,Check sum is R
test,>C,Check sum is !
test,Y<,Check sum is 5
test,3N,Check sum is !
test, E,Check sum is E
test,*h,Check sum is 2
test,Xg,Check sum is _
test,IP,Check sum is 9
test,a>,Check sum is ?
test,>G,Check sum is %
test,|L,Check sum is (
test,h',Check sum is /
test,8i,Check sum is A
test,Jt,Check sum is ^
test,W4,Check sum is +
test,iy,Check sum is B
test,$L,Check sum is P
test,y^,Check sum is 7
test,a	,Check sum is J
test,qw,Check sum is H
test,uv,Check sum is K
test,;J,Check sum is %
test,?M,"Check sum is ,"
test,.<,Check sum is J
test,v',Check sum is =
test,@P,Check sum is 0
test,3#,Check sum is 6
test,hV,Check sum is ^
test,	],Check sum is F
test,Od,Check sum is S
test,=|,Check sum is Y
test,Ov,Check sum is %
test,r(,Check sum is :
test,am,Check sum is .
test,)u,Check sum is >
test,-A,Check sum is N
test,}	,Check sum is &
test,"""%",Check sum is '
test,$F,Check sum is J
test,0W,Check sum is '
test,Vz,Check sum is 0
test,u9,Check sum is N
test,e|,Check sum is A
test,N+,Check sum is Y
test,p-,Check sum is =
test,"),",Check sum is 5
test,sN,Check sum is !
test,=?,Check sum is \
test,/Y,Check sum is (
test,ek,Check sum is 0
test,1],Check sum is .
test,d#,Check sum is '
test,Me,Check sum is R
test,gv,Check sum is =
test,@i,Check sum is I
test,0F,Check sum is V
test,@C,Check sum is #
test,`T,Check sum is T
test,|Y,Check sum is 5
test,.T,"Check sum is """
test,s|,Check sum is O
test,TI,Check sum is =
test,5g,Check sum is <
test,#$,Check sum is '
test,oD,Check sum is S
test,_B,Check sum is A
test,;~,Check sum is Y
test,)h,Check sum is 1
test,	V,Check sum is ?
test,:>,Check sum is X
test,cA,Check sum is D
test,T~,Check sum is 2
test,_	,Check sum is H
test,\>,Check sum is :
test,t+,Check sum is ?
test,DT,Check sum is 8
test,i],Check sum is &
test,e ,Check sum is %
test,"""I",Check sum is K
test,jK,Check sum is U
test,Ea,Check sum is F
test,ED,Check sum is )
test,Oh,Check sum is W
test,+R,Check sum is ]
test,GP,Check sum is 7
test,d_,Check sum is #
test,6=,Check sum is S
test,s$,Check sum is 7
test,#g,Check sum is *
test,.m,Check sum is ;
test,hr,Check sum is :
test,/A,Check sum is P
test,L%,Check sum is Q
test,QU,Check sum is F
test,FP,Check sum is 6
test,1X,Check sum is )
test,xI,Check sum is !
test,7d,Check sum is ;
test,	2,Check sum is [
test,Un,Check sum is #
test,c=,Check sum is @
test,/M,Check sum is \
test,*7,Check sum is A
test,g+,Check sum is 2
test,$9,Check sum is =
test,XY,Check sum is Q
test,0L,Check sum is \
test,my,Check sum is F
test,+=,Check sum is H
test,Rq,Check sum is #
test,gR,Check sum is Y
test,:3,Check sum is M
test,L>,Check sum is *
test,tZ,Check sum is .
test,Lk,Check sum is W
test,\c,Check sum is _
test,?6,Check sum is U
test,sp,Check sum is C
test,J<,Check sum is &
test,pR,"Check sum is """
test,bA,Check sum is C
test,Gt,Check sum is [
test,A	,Check sum is *
test,O/,Check sum is ^
test,v<,Check sum is R
test,M\,Check sum is I
test,-o,Check sum is <
test,~1,Check sum is O
test,;0,Check sum is K
test,o@,Check sum is O
test,yP,Check sum is )
test,zb,Check sum is <
test,/y,Check sum is H
test,G8,Check sum is _
test,L{,Check sum is '
test,zv,Check sum is P
test,m:,Check sum is G
test,M9,Check sum is &
test,B3,Check sum is U
test,gS,Check sum is Z
test,!N,Check sum is O
test,5x,Check sum is M
test,jt,Check sum is >
test,`	,Check sum is I
test,uK,Check sum is  
test,AF,Check sum is '
test,tX,"Check sum is ,"
test,/U,Check sum is $
test,]Z,Check sum is W
test,ko,Check sum is :
test,8F,Check sum is ^
test,0),Check sum is 9
test,UN,Check sum is C
test,8k,Check sum is C
test,Wa,Check sum is X
test,(%,Check sum is -
test,CW,Check sum is :
test,:V,Check sum is 0
test,|0,Check sum is L
test,ip,Check sum is 9
test,sj,Check sum is =
test,IN,Check sum is 7
test,aw,Check sum is 8
test,Lt,Check sum is  
test,H$,Check sum is L
test,Fi,Check sum is O
test,\F,Check sum is B
test,x~,Check sum is V
test,x3,Check sum is K
test,hk,Check sum is 3
test,Dy,Check sum is ]
test,rH,Check sum is Z
test,|-,Check sum is I
test,s\,Check sum is /
test,+-,Check sum is 8
test,aW,Check sum is X
test,-{,Check sum is H
test,:&,Check sum is @
test,?w,Check sum is V
test,$V,Check sum is Z
test,i`,Check sum is )
test,*B,Check sum is L
test,.5,Check sum is C
test,3L,Check sum is _
test,#?,Check sum is B
test,J|,Check sum is &
test,89,Check sum is Q
test,;J,Check sum is %
test,`L,Check sum is L
test,Ae,Check sum is F
test,o%,Check sum is 4
test,9l,Check sum is E
test,9_,Check sum is 8
test,aO,Check sum is P
test,O(,Check sum is W
test,QB,Check sum is 3
test,v=,Check sum is S
test,y_,Check sum is 8
test,0v,Check sum is F
test,W],Check sum is T
test,",m",Check sum is 9
test,P&,Check sum is V
test,*%,Check sum is /
test,S8,Check sum is +
test,Pz,Check sum is *
test,K?,Check sum is *
test,#`,Check sum is #
test,&i,Check sum is /
test,({,Check sum is C
test,1{,Check sum is L
test,lT,Check sum is  
test,6J,Check sum is  
test,o(,Check sum is 7
test,)[,Check sum is $
test,5j,Check sum is ?
test,:F,Check sum is  
test,5	,Check sum is ^
test,t=,Check sum is Q
test,Y#,Check sum is \
test,#Y,Check sum is \
test,Gi,Check sum is P
test,A&,Check sum is G
test,"'
",Check sum is Q
test,2V,Check sum is (
test,1f,Check sum is 7
test,U=,Check sum is 2
test,8g,Check sum is ?
test,n;,Check sum is I
test,"2,",Check sum is >
test,Rf,Check sum is X
test,"a""",Check sum is #
test,{a,Check sum is <
test,vW,Check sum is -
test,n',Check sum is 5
test,Rl,Check sum is ^
test,[V,Check sum is Q
test,`2,Check sum is 2
test,VB,Check sum is 8
test,"s
",Check sum is ]
test,L#,Check sum is O
test,to,Check sum is C
test,~2,Check sum is P
test,J),Check sum is S
test,rQ,Check sum is #
test,2K,Check sum is ]
test,mR,Check sum is _
test,h%,Check sum is -
test,*n,Check sum is 8
test,.$,Check sum is 2
test,~p,Check sum is N
test,_l,Check sum is +
test,JK,Check sum is 5
test,NB,Check sum is 0
test,&`,Check sum is &
test,g(,Check sum is /
test,4N,"Check sum is """
test,:5,Check sum is O
test,(/,Check sum is 7
test,vj,Check sum is @
test,QU,Check sum is F
test,Qv,Check sum is '
test,Jp,Check sum is Z
test,d4,Check sum is 8
test,?w,Check sum is V
test,wk,Check sum is B
test,@X,Check sum is 8
test,*w,Check sum is A
test,A.,Check sum is O
test,U_,Check sum is T
test,Z	,Check sum is C
test,#f,Check sum is )
test,5q,Check sum is F
test,~y,Check sum is W
test,aw,Check sum is 8
test,U1,Check sum is &
test,B-,Check sum is O
test,i/,Check sum is 8
test,4S,Check sum is '
test,w*,Check sum is A
test,6*,Check sum is @
test,"
g",Check sum is Q
test,"
'",Check sum is Q
test,",]",Check sum is )
test,{q,Check sum is L
test, h,Check sum is (
test,k1,Check sum is <
test,;5,Check sum is P
test,E`,Check sum is E
test,6L,"Check sum is """
test,IL,Check sum is 5
test,lD,Check sum is P
test,];,Check sum is 8
test,L<,Check sum is (
test,eI,Check sum is N
test,Xf,Check sum is ^
test,7 ,Check sum is 7
test,cx,Check sum is ;
test,fH,Check sum is N
test,)&,Check sum is /
test,o},Check sum is L
test,K*,Check sum is U
test,e0,Check sum is 5
test,"8""",Check sum is :
test,4N,"Check sum is """
test,k*,Check sum is 5
test,4s,Check sum is G
test,Ii,Check sum is R
test,81,Check sum is I
test,Xk,Check sum is #
test,N%,Check sum is S
test,Kl,Check sum is W
test,h~,Check sum is F
test,@X,Check sum is 8
test,wA,Check sum is X
test,3 ,Check sum is 3
test,t3,Check sum is G
test,j5,Check sum is ?
test,=<,Check sum is Y
test,jX,"Check sum is """
test,ab,Check sum is #
test,"&""",Check sum is (
test,Wg,Check sum is ^
test,K:,Check sum is %
test,V1,Check sum is '
test,)s,Check sum is <
test,.(,Check sum is 6
test,40,Check sum is D
test,dQ,Check sum is U
test,q^,Check sum is /
test,g\,Check sum is #
test,)=,Check sum is F
test, :,Check sum is :
test,.t,Check sum is B
test,i>,Check sum is G
test,pn,Check sum is >
test,[2,Check sum is -
test,?r,Check sum is Q
test,gA,Check sum is H
test,6k,Check sum is A
test,5@,Check sum is U
test,NW&,Check sum is +
test,")""-",Check sum is X
test,${e,Check sum is $
test,:Pw,Check sum is !
test,ya_,Check sum is Y
test,UL.,Check sum is /
test,v57,Check sum is B
test,dEP,Check sum is Y
test,J]m,Check sum is 4
test,[3a,Check sum is O
test,-**,Check sum is !
test,"F"",",Check sum is 4
test,~1i,Check sum is 8
test,8Td,Check sum is P
test,m?k,Check sum is 7
test,]fJ,Check sum is -
test,\@/,Check sum is +
test,RkR,Check sum is /
test,/|1,Check sum is <
test,J$3,Check sum is A
test,P2[,Check sum is =
test,ZzT,Check sum is H
test,\It,Check sum is 9
test,8uY,Check sum is &
test,xTx,Check sum is $
test,nhZ,Check sum is P
test,"
sR",Check sum is /
test,Bup,Check sum is G
test,JvK,Check sum is +
test,&8V,Check sum is T
test,x`a,Check sum is Y
test,<i5,Check sum is :
test,6eF,Check sum is A
test,.68,Check sum is <
test,Ftp,Check sum is J
test,5${,Check sum is 4
test,&4K,Check sum is E
test,0KJ,Check sum is %
test,{~B,Check sum is [
test,&7:,Check sum is 7
test,VF;,Check sum is 7
test,X*g,Check sum is I
test,p#i,Check sum is \
test,z.4,Check sum is <
test,kTM,"Check sum is ,"
test,iDp,Check sum is =
test,`G~,Check sum is E
test,Le`,Check sum is 1
test,d+/,Check sum is ^
test,U9),Check sum is W
test,i;E,Check sum is I
test,opK,Check sum is J
test,BZ5,Check sum is 1
test,e~J,Check sum is M
test,O[E,Check sum is O
test,iOn,Check sum is F
test,SkR,Check sum is 0
test,~ry,Check sum is I
test,U}d,Check sum is V
test,?yM,Check sum is %
test,\|i,Check sum is !
test,"~M,",Check sum is W
test,A-i,Check sum is 7
test,5wn,Check sum is :
test,^=1,"Check sum is ,"
test,L+E,Check sum is \
test,th	,Check sum is E
test,gz{,Check sum is <
test,-Tf,Check sum is G
test,k2\,Check sum is Y
test,\]3,Check sum is L
test,Bq`,Check sum is 3
test,"{~,",Check sum is E
test,!j0,Check sum is [
test,)9n,Check sum is 0
test,/$@,Check sum is 3
test,1M	,Check sum is '
test,Jhq,Check sum is C
test,|V<,Check sum is .
test,7N{,Check sum is  
test,oe`,Check sum is T
test,saf,Check sum is Z
test,y~3,Check sum is J
test,o]c,Check sum is O
test,rMj,Check sum is I
test,[r@,Check sum is -
test,<fV,Check sum is X
test,X+R,Check sum is 5
test,ICV,Check sum is B
test,x~A,Check sum is W
test,n\R,Check sum is <
test,swX,"Check sum is """
test,'oM,Check sum is C
test,Z[>,Check sum is S
test,xY+,Check sum is \
test,"yv""",Check sum is 1
test,xlZ,Check sum is ^
test,-Rr,Check sum is Q
test,w6s,Check sum is @
test,Nx!,Check sum is G
test,"C,]","Check sum is ,"
test,bmy,Check sum is (
test,f9a,Check sum is  
test,]Im,Check sum is 3
test,/ub,Check sum is &
test,JjY,Check sum is -
test,4l&,Check sum is &
test,y^3,Check sum is *
test,|qU,"Check sum is """
test,8:m,Check sum is ?
test,"\o
",Check sum is 5
test,A./,Check sum is >
test,B./,Check sum is ?
test,E(|,Check sum is I
test,"""@}",Check sum is ?
test,`%n,Check sum is S
test,c.t,Check sum is %
test,TT*,Check sum is 2
test,:`s,Check sum is -
test,;n),Check sum is 2
test,^p=,Check sum is +
test,`6:,Check sum is 0
test,U)A,Check sum is _
test,4]',Check sum is X
test,"
!;",Check sum is F
test,[	R,Check sum is V
test,	w<,Check sum is \
test,dSB,Check sum is Y
test,$`L,Check sum is 0
test,Jqf,Check sum is A
test,}xa,Check sum is 6
test,iRH,Check sum is #
test,+B9,Check sum is F
test,<oA,Check sum is L
test,n.},Check sum is 9
test,EuR,"Check sum is ,"
test,gsi,Check sum is #
test,^xi,Check sum is _
test,lx\,Check sum is  
test,oD!,Check sum is 4
test,ui+,Check sum is )
test,J7F,Check sum is '
test,)a1,Check sum is [
test,XQ.,Check sum is 7
test,/v',"Check sum is ,"
test,=/-,Check sum is 9
test,})h,Check sum is .
test,(#U,Check sum is @
test,;*l,Check sum is 1
test,-54,Check sum is 6
test,2!7,Check sum is *
test,}~a,Check sum is <
test,.Jn,Check sum is F
test,sI=,Check sum is Y
test,L3w,Check sum is V
test,=aJ,Check sum is H
test,`O8,Check sum is G
test,|:y,Check sum is O
test,'a ,Check sum is H
test,	}R,Check sum is 8
test,c K,Check sum is .
test,xO^,Check sum is E
test,@mG,Check sum is T
test,6xz,Check sum is H
test,xKz,Check sum is ]
test,t>5,Check sum is G
test,y3-,Check sum is 9
test,*[1,Check sum is V
test,A${,Check sum is @
test,KOI,Check sum is C
test,iL ,Check sum is 5
test,2-#,"Check sum is """
test,5]J,Check sum is <
test,`?.,Check sum is -
test,<8Y,Check sum is -
test,TK},Check sum is <
test,a4C,Check sum is 8
test,\Sf,Check sum is 5
test,"""(<",Check sum is &
test,U3E,Check sum is -
test,J^3,Check sum is ;
test,n-w,Check sum is 2
test,"x^,","Check sum is """
test,%<b,Check sum is #
test,AY$,Check sum is ^
test,X1|,Check sum is %
test,i	:,Check sum is L
test,ze0,Check sum is /
test,;bj,Check sum is '
test,U*#,Check sum is B
test,<CG,Check sum is &
test,#6_,Check sum is X
test,AQ.,Check sum is  
test,iCk,Check sum is 7
test,4X8,Check sum is $
test,L7),Check sum is L
test,@Yn,Check sum is '
test,uP:,Check sum is _
test,Fk;,Check sum is L
test,axE,Check sum is >
test,jX[,Check sum is =
test,fY!,Check sum is @
test,*8T,Check sum is V
test,dMW,Check sum is (
test,sM$,Check sum is D
test,+AE,Check sum is Q
test, Nh,Check sum is 6
test,(lW,Check sum is K
test,9mg,Check sum is -
test,x)M,Check sum is N
test,>!n,Check sum is -
test,En{,Check sum is N
test,85Z,Check sum is '
test,BA6,Check sum is Y
test,X$8,Check sum is T
test,Gu/,Check sum is K
test,t5M,Check sum is V
test,<zt,Check sum is J
test,8w5,Check sum is D
test,']C,Check sum is '
test,3e|,Check sum is 4
test,^GP,Check sum is U
test,@jq,Check sum is ;
test,@\=,Check sum is 9
test,"3
i",Check sum is F
test,HWS,Check sum is R
test,",4\",Check sum is \
test,6_-,"Check sum is """
test, \I,Check sum is %
test,"-;""",Check sum is *
test,mOi,Check sum is E
test,"""4+",Check sum is !
test,>{H,Check sum is !
test,"Df
",Check sum is T
test,7	8,Check sum is X
test,{HK,Check sum is .
test,hxN,Check sum is N
test,"Mh""",Check sum is 7
test,"0m""",Check sum is _
test,g+p,"Check sum is """
test,@ #,Check sum is #
test,8m ,Check sum is %
test,"""/h",Check sum is Y
test,zs9,Check sum is F
test,TYM,Check sum is Z
test,xSp,Check sum is [
test,@jP,Check sum is Z
test,iM=,Check sum is S
test,W3	,Check sum is 3
test,0_!,Check sum is P
test,>op,Check sum is =
test,"
8y",Check sum is [
test,$I!,Check sum is .
test,GTu,Check sum is 0
test,W~<,Check sum is 1
test,r[V,Check sum is C
test,"
d/",Check sum is =
test,1:V,Check sum is !
test,}#m,Check sum is -
test,1 d,Check sum is U
test,]3Y,Check sum is I
test,'8O,Check sum is N
test,([>,Check sum is !
test,37P,Check sum is Z
test,GI=,Check sum is -
test,7py,Check sum is @
test,So-,Check sum is O
test,ziB,Check sum is E
test,_H^,Check sum is %
test,S#6,Check sum is L
test,	Ow,Check sum is /
test,[ov,Check sum is  
test,Sx9,Check sum is $
test,yyP,"Check sum is """
test,k#K,Check sum is 9
test,3+J,Check sum is H
test,""";)",Check sum is &
test,{qu,Check sum is A
test,`yx,Check sum is 1
test,SYM,Check sum is Y
test,=x?,Check sum is T
test,n(~,Check sum is 4
test,5\ ,Check sum is Q
test,58<,Check sum is I
test,%I	,Check sum is W
test,@ec,Check sum is (
test,? U,Check sum is T
test,4hm,Check sum is )
test,#cR,Check sum is 8
test,xIm,Check sum is N
test,gIQ,Check sum is !
test,r	3,Check sum is N
test,TQX,Check sum is ]
test,34t,Check sum is ;
test,"""E0",Check sum is 7
test,0&R,Check sum is H
test,FW3,Check sum is 0
test,(UW,Check sum is 4
test,kHa,Check sum is 4
test,3X2,Check sum is ]
test,&B],Check sum is %
test,"tg
",Check sum is E
test,VJI,Check sum is I
test,"7,#",Check sum is &
test,\:e,Check sum is [
test,Jz\,Check sum is @
test,"Np,",Check sum is J
test,~#`,Check sum is !
test,KDK,Check sum is :
test,4[H,Check sum is 7
test,mGa,Check sum is 5
test,L_$,Check sum is /
test,>W\,Check sum is Q
test,"h,p",Check sum is $
test,	i8,Check sum is J
test,qf0,Check sum is '
test,s/z,Check sum is <
test,+#$,Check sum is R
test,*WR,Check sum is 3
test,"t,#",Check sum is #
test,W`d,Check sum is ;
test,(D`,"Check sum is ,"
test,",U(",Check sum is I
test,4Kg,Check sum is F
test,Szy,Check sum is &
test,*Qc,Check sum is >
test,MMc,Check sum is ]
test,9LU,Check sum is :
test,J_2,Check sum is ;
test,J$E,Check sum is S
test,X]S,Check sum is (
test,|l},Check sum is E
test,|N\,Check sum is F
test,2|@,Check sum is N
test,p)E,Check sum is >
test,65Q,Check sum is \
test,ZIM,Check sum is P
test,@-a,Check sum is .
test,[&h,Check sum is I
test,I6C,"Check sum is """
test,Pi ,Check sum is 9
test,!i/,Check sum is Y
test,Z\n,Check sum is D
test,A &,Check sum is '
test,;%',Check sum is '
test,?W4,Check sum is *
test,L5',Check sum is H
test,#KG,Check sum is U
test,X;9,"Check sum is ,"
test,F0@,Check sum is V
test,+:t,Check sum is 9
test,/kf,Check sum is  
test,F[A,Check sum is B
test,f>h,"Check sum is ,"
test,T_y,Check sum is L
test,rM_,Check sum is >
test,(m1,Check sum is &
test,qKP,"Check sum is ,"
test,12u,Check sum is 8
test, m],Check sum is J
test,p/q,Check sum is 0
test,)U9,Check sum is W
test,.t5,Check sum is 7
test,h`s,Check sum is [
test,~sl,Check sum is =
test,V|T,Check sum is F
test,)!2,Check sum is \
test,",p@",Check sum is <
test,/rZ,Check sum is [
test,lU3,Check sum is T
test,$9Q,Check sum is N
test,"
5G",Check sum is &
test,?<*,Check sum is E
test,R^R,"Check sum is """
test,CKN,Check sum is <
test,vgF,Check sum is C
test,[J?,Check sum is D
test,@fW,Check sum is ]
test,?k<,Check sum is F
test,z\O,Check sum is E
test,v_%,Check sum is Z
test,[9%,Check sum is Y
test,+'*,Check sum is \
test,.zj,Check sum is 2
test,>:P,Check sum is (
test,|+i,Check sum is 0
test,"""rJ",Check sum is >
test,pPT,Check sum is 4
test,T&p,Check sum is J
test,;?7,Check sum is Q
test,aLo,Check sum is <
test,aQC,Check sum is U
test,}Nv,Check sum is !
test,Aux,Check sum is N
test,|^u,Check sum is /
test,--@,Check sum is :
test,e-C,Check sum is 5
test,jZ>,"Check sum is """
test,]VK,Check sum is ^
test,pyG,Check sum is P
test,{:t,Check sum is I
test,4X7,Check sum is #
test,BDY,Check sum is ?
test,z8h,Check sum is :
test,.uW,Check sum is Z
test,B#Y,Check sum is ^
test,M2*,Check sum is I
test,'`k,Check sum is R
test,w'i,Check sum is '
test,o3D,Check sum is F
test,OR},Check sum is >
test,Gy#,Check sum is C
test,s8Q,Check sum is \
test,g$i,Check sum is T
test,jg#,Check sum is T
test,g`7,Check sum is ^
test,"e[
",Check sum is *
test,a;?,Check sum is ;
test,6a-,Check sum is $
test,gY~,Check sum is ^
test,Hw/,Check sum is N
test,.3N,Check sum is O
test,aIJ,Check sum is T
test,9W+,Check sum is [
test,$8K,Check sum is G
test,@hv,Check sum is >
test,GJ{,"Check sum is ,"
test,=7E,Check sum is Y
test,.FP,Check sum is $
test,W!),Check sum is A
test,:Ds,Check sum is Q
test,R@b,Check sum is T
test,"tm
",Check sum is K
test,?8C,Check sum is Z
test,"j""S",Check sum is ?
test,87g,Check sum is 6
test,a@o,Check sum is 0
test,tp~,Check sum is B
test,cB~,Check sum is C
test,k$R,Check sum is A
test,o)),Check sum is !
test,C_&,Check sum is (
test,0qW,Check sum is X
test,v A,Check sum is 7
test,D_x,Check sum is ;
test,1^.,Check sum is ]
test,?ia,Check sum is )
test,=Vh,Check sum is [
test,Myy,Check sum is _
test,=J@,Check sum is '
test,UX-,Check sum is :
test,Nzb,Check sum is J
test,qC1,Check sum is E
test,@jA,Check sum is K
test,"p=
",Check sum is W
test,B/~,Check sum is O
test,0FA,Check sum is W
test,2V),Check sum is Q
test,:-l,Check sum is 3
test,x*i,Check sum is +
test,}Ub,Check sum is T
test,Cd3,Check sum is :
test,Z3.,Check sum is [
test,qC:,Check sum is N
test,Y? ,Check sum is X
test,8Y{,"Check sum is ,"
test,O^H,Check sum is U
test,A ~,Check sum is ?
test,x*4,Check sum is 6
test,%1R,Check sum is H
test,xBl,Check sum is F
test,WS=,Check sum is G
test,5y+,Check sum is 9
test,-5\,Check sum is ^
test,"""]k",Check sum is J
test,^^f,Check sum is B
test,"""fF",Check sum is .
test,j_O,Check sum is 8
test,!\y,Check sum is V
test,uVw,"Check sum is """
test,.n-,Check sum is )
test,a8I,Check sum is B
test,h-{,Check sum is 0
test,RzK,Check sum is 7
test, ).,Check sum is W
test,Ay%,Check sum is ?
test,z27,Check sum is C
test,",->",Check sum is 7
test,R4L,Check sum is 2
test,+.x,Check sum is 1
test,QTF,Check sum is K
test,E/?,Check sum is S
test,fAr,Check sum is 9
test,h~m,Check sum is 3
test,=-:,Check sum is D
test,x^X,Check sum is N
test,&Px,Check sum is N
test,gW},Check sum is [
test,BAU,Check sum is 8
test,"p},",Check sum is 9
test,"=+SS]62XH0t	l>(T

1X3E4s-0=ehXzf/XUG7Rp",Check sum is ]
test,"o'O[
k&9HAMSHH>^LD^""nvB[b
P*|8wUJHRvl#@",Check sum is )
test,"R%J.GY,Sd=#RQ9qOQ*H/v+|
q~$SrTa]A;Gm4o& -",Check sum is W
test,xG0Eh),Check sum is %
test,~:>luQM0(7)*ELtg!\,Check sum is  
test,"4#BqsgpfAK-Aa\i..hc>I]5e,{$$vzL#(]dgZd@{j+/0",Check sum is *
test,"K8!?	`2BP2i/\]!]zE,)}@jM",Check sum is 9
test,Wn~+<NZo|Dle,Check sum is 2
test,"U*l2T/cdX#{zK|FY3bH`C$L)	}E!Z(xx^fV.9 BRaa,",Check sum is 7
test,"*2Ki
Cpzr$+rP0-X`UlWw,%S'J1/06f",Check sum is O
test,rTChut|p57=#v%Yv'$wS[Wh^n b!`$h$OT3>,Check sum is ^
test,U9i3'MJ)'emm,Check sum is W
test,7-V$.3t4gLE)=;p\d/%u>uUq ?D,Check sum is 5
test,$uS cQ= |3aXisE,Check sum is F
test,"SwM94S-fQT0,pX1Xf* %N6I""IA!DX	5Q.Q|vQk",Check sum is #
test,n;>,Check sum is G
test,C6jmzLWrl<AmWgTBdi*I}2Xsr,Check sum is U
test,:a,Check sum is ;
test,"'{>*mpJE6Ia=nBh$X8Ui9D>|IoxnZLvcgbK;V},y_GZ~uBzp",Check sum is 7
test,"oZNw#X@$dISh,{.<N`*BKsAW//RBQ,Uhlr",Check sum is @
test,*~{zp{nm;zOW~r`j_p	wa6aA=pH{;KQ_E7i+m`,Check sum is #
test,=fc	FM#{kyxc>x^8.3H,Check sum is T
test, 0&@+#!7apNyJIV~NhC\,Check sum is P
test,"2{b}
s2d8_IX+ sdaV`{3m+>K7z\_aYq&",Check sum is <
test,5Z9tR:U3emio8[G8|Omx9C=Oo,Check sum is S
test,S>/}Eg6x0h,Check sum is O
test,";GR
92e~RWX(kIQ13}
lRZ$	W6<h,@:wN}&^X_.","Check sum is ,"
test,"nf>|U[},fwd3UwcP?8qI}j-aqH.WpoKY-#Qk",Check sum is -
test,J.=M1L*2-U<a*&,Check sum is *
test,2w,Check sum is I
test,"
2nLkhj/lP{H:uq7y/LC+s/	75L[Y",Check sum is Q
test,"aD\RTnx.*-/4~:vB""m-t.iY{BjO
h	",Check sum is V
test,^gNX7,Check sum is B
test,axNpIp/f[A+9SApphd0^rz$w/wiCKS5E~/[7!Da,Check sum is I
test,"no""",Check sum is _
test,"p*C@z92k[_-rjE\UxHu!c[YH8^n,Agq(R;KZVJ=N[rUWrGNR",Check sum is [
test,V&sme.?t%0XTv@l	(WNnP|y,Check sum is .
test,D2:s,Check sum is C
test,"*<<^
>Q(/(Sn\87XfLK>&59o.mCS9o	1)?VlsX#H'es",Check sum is L
test,"2n3~4_
PJ`UQ~^AZ9`$","Check sum is """
test,"aE	N#_4bEl:,iL{M)dg6x'",Check sum is R
test,o^+3o!,Check sum is [
test,G9U(O+,Check sum is W
test,1=E&1jtB7IIyVx5,Check sum is O
test,"(%b
K$&y4E3Wl@4)
f(	Tl",Check sum is T
test,Am)-R.EW=5G>p	opjI_(RKoS2DY0FS2/yd5*,Check sum is ]
test,>jeW)hG.5y0LEp6	LVCDT0F}W MB7bB~eynNO^L+d/,Check sum is H
test,#LE1x3zme5Q,Check sum is B
test,"4s""_,-m\!edCvk,,W(9Is;)4HndhSa}O`d.at@f>",Check sum is I
test,fCto!znc,Check sum is X
test,"dpM5u7B}""]Hst|,(L%_)+~IaEl@08'0v",Check sum is Q
test,"
3",Check sum is ]
test,"b=-0:]Zatyw,1Uuo|.`Pd	dP",Check sum is #
test,j1IkZ:h%+XF,Check sum is Y
test,"hmuvlKWF\|s,Rn2X7SujHSG)f3hKIf1	+	`@B'i,5B	Pa	-c}b",Check sum is Y
test,"(z`E+>$"";6BXK\)\(-k_GfIZR88f:ZZit=Ega)^",Check sum is @
test,.*M$,Check sum is )
test,"
""DbvT#N*	[[9Z",Check sum is )
test,#te{,Check sum is W
test,"X{gzv^aI
m6qEb3Q} [tE!v^/j|",Check sum is V
test,",u""!X(91<}(q",Check sum is @
test,4+ue|E!BAz08x,Check sum is X
test,"}Rt
zh	T`fB,E'9C*D=CmhOt=$M3",Check sum is /
test,6j#A'wInD6>G@Vak,Check sum is Z
test,"8@=+KvJ$Q~g`mk%LN{dV
+)b/;k5a5 ",Check sum is Q
test,"
Nxr{pA:O$[lZ6\AkEp",Check sum is O
test,UYbB+6RPc6 E;xSzp=);Y9vse[1!wJL ^B,Check sum is ^
test,"$Q?tO-~:b4}bT?kM(i[OI2.L0""em+8Pt+|Zv&y",Check sum is M
test,"o[&,g&Yy`R-&Rd^<w""oq#s-E5dNHO<",Check sum is +
test," 5~VO5&9BF:B\cl{~<mcAiq""V%1m(5FeCo[	 ",Check sum is 4
test,"#I"""">,+PIUt4VRCE8j7?iz^	1^7HX\pCwn6Qf? g",Check sum is Z
test,"*02L^bbEVP2l%,Z(Fv|J@'3 0N1ZOSnBYe,Bq-'}LV<;wPt3",Check sum is B
test,"64t.V*""jdVxVv~%'9~",Check sum is 7
test,"K=%;2,|gNq8z%Eb' L[sc""c",Check sum is O
test,DdCz7TG4j>t/{,Check sum is Q
test,"0Zxdc=JQ,8S+F",Check sum is )
test,GM|w0{Z,"Check sum is ,"
test,"WcH/,p:#@ {a{>bO{1H?P.T2c7-nQH>""$PV$@[gtCLu""E;N1+S",Check sum is \
test,"uX41^KE~7bF,H!*,_8Ys1*/-C$Sv#I'bru/2i+s",Check sum is V
test,"Zf+T~<@;@+#>pe Q9|	\xAEo],P{
>bEBgGCd`:kT]~!nz",Check sum is D
test,"Eys[(#k20Hlx	*?
","Check sum is ,"
test,+=@=7W[GK~*P,Check sum is 8
test,"V
d\WF5O{K%D%H^,J_!\{$6x_;",Check sum is T
test,"-Ma*[}nAy[,y\",Check sum is A
test,"Jz""(VbFz,#[0x!gI	$L",Check sum is B
test,w-)%:5U,Check sum is V
test,"#""Oa`",Check sum is 5
test,"_RDbQ4(|6:? n0/:{
 O/ ;/>g;TyI(k""3,N>.E7B:4",Check sum is S
test,0ts,Check sum is 7
test,-D	L@EvirGf24,Check sum is O
test,Y@	lFRj%26QSv^3I'p;Y]ml1&F<T{1qENN<%qkz(PUw-7vF,Check sum is X
test,"ip'Xh
xf1PniMkFwf
6\9Rgxu<-*!PGy|-rXf	D~>qEw1",Check sum is :
test,sx,Check sum is K
test,"-!kO{XgIF%QwJg%N`Ez=;o&~KMLN,	dJS/zj`M=b@3-{&G>",Check sum is 9
test,t[S%_o,Check sum is 5
test,"Tb0bq5Io""a8A9hjT:J,W",Check sum is (
test,"h\f*HK&5>o13/f2zv:9DGr):e""{pP^zZG$D6zAF",Check sum is W
test,"nh&\ 4`vK_q	@ U#2`0y}vAKsB>pV\u-mw""%D]PlwsTG",Check sum is \
test,"[v;\(d;ND""",Check sum is C
test,"mr?#e~U"")OWtzQ!zZPU)FedmOBx$|QO`W_;|'""FB",Check sum is /
test,Jr2>o=l7uh}[~~}@Lx@g%(tV5:P??6c:}V@NQ9Sp.2(#(,Check sum is \
test,!^e[]Un%H=Km]jTn4 9O,Check sum is F
test,"%ePCq""Gc\e\""(_>9PQV*!V|9nHx?MF%6df	",Check sum is 2
test,"2jnPC=_G*}b	Fy}s%,!!|\X}
wo",Check sum is Q
test,"6N%9lx
oZOB	IB",Check sum is ^
test,57tVa<1,Check sum is $
test,"MwKd=;yk}XqSU%UK,""cD\WPa kog",Check sum is \
test,58=[|{(W<t,Check sum is K
test,"%xh[ED=X&o'x)B*?<>	5E""F""FH5n3fN-+)A",Check sum is G
test,",E6BPngo~mq\-dAdjvt\D>01",Check sum is ^
test,:_IX%6~5|&:&JOZI%!zZT66J,Check sum is J
test,F	C~n3s_4Cv.|0-I(+G,Check sum is :
test," 1nBK<B\H?_!s7j}&%g.C
%*3bw""_L}DS]TfM!Ni",Check sum is C
test,"Tn>Kd|z%%2""AjI Y#I4#1d@rl^A_9""1CiJE}U2q1T};8",Check sum is 5
test,"qdCS`N12)	Nec8Q^v,&3y7@uv;UMc",Check sum is !
test,Uz3-E!&,Check sum is [
test,mcJ@F<JspG[,Check sum is K
test,",QN%H1$aV@6CSqO]iC]zs3=B$Mdhxh3
4",Check sum is C
test,"=+WI""MK:SDq{_()$T,5dh;l0&p{	]?9F9(

qZvqhWMt""tu",Check sum is 2
test,sjES\0F,Check sum is '
test,"Pxq0`j2"" G68r]H=g=y<d7j""",Check sum is P
test," )`]A|Rb_Ou2]riAYz75
o04",Check sum is A
test,0h@s5[l[F}xnIH$Qz4s`P?/dmwLmT[~XkG<gI,Check sum is T
test,|'4V1bISk(Y9?4MMk,Check sum is Y
test,dB(B$;F])8u9.ifsu:6r-;s,Check sum is #
test,AaK(NHO;{P&kS+d_bQ1s(wU,Check sum is =
test,"Ll<X3F3~!Q
{i1B#[]~N(
M me(slGPL6;e+1-<]liB""I(O#, ",Check sum is K
test,B}BZPI5]`/Vqh7B6S/ =>ZYy)g~+#s,Check sum is +
test,-kaHY6h::[-,Check sum is T
test,b!$uiw<?_3UJ/3[p6y HH-P,Check sum is Q
test,"KkdHJdfGY~X@QdZ4Y&v9~ECw-@obb}%C?G,^U _zZ'v~-:v",Check sum is /
test,SR\ XGt% a,Check sum is :
test,MWoQ-ug<j8z>KVVsiyG#U'[8Mi,Check sum is ^
test,RBL7fjRQVLT	;t|}+x-f[xNG#b\O{m9A,Check sum is A
test,I;,Check sum is $
test,"OG""?3y5cN`gL7uQ~4jNWAU,*s75w]]w,EkW5rH	JU",Check sum is 7
test,a;K_n[{h4Ok-bcXjQ9'GOonKIJ #Ux7dnNVb'x_,Check sum is S
test,"sNx@gcogzQS4tR,[j&D7,A
c}wu2R{E?3"",i	k$m",Check sum is X
test,"1^	|2c.cv^W`)<^eCWcijRcSXL ]PmDhpp""}/1z/orwS","Check sum is """
test,X7\X96'C-S,Check sum is <
test,OEF?A`&]m%ozr5Sy_*E!x}6(R~;m,Check sum is E
test,mdab2[aoM)acJLeF<Y=+-MDU>?4wK,Check sum is O
test,qG((fxLyju[sEh*>?,Check sum is L
test,"gS`.:GCu9JaU)(m&	0X]Zi6qN^{2Yv03p-$QsF?0	Q9]w)T""5i",Check sum is ?
test,qo_E%%%KSjE>	&`nd%PLuHC,Check sum is @
test,"'k^?\*F4r~ Rf=Rr+dCH	~LTn
gTy!",Check sum is &
test,M?vs%:+/=	n3~[&~,Check sum is 2
test,Gp,Check sum is W
test,F3::N6	i::w*o[mNP4O5~%,Check sum is H
test,.iPFC(#'Rd}T>cO8,Check sum is 1
test,">_vOXA{N/@
_}",Check sum is 9
test,"F\DBFB:?R;%Zq,_Z.:DQ_}2?vm8",Check sum is P
test,"0r7/35p]qKB=gq@,T!:d\&~l~[9",Check sum is -
test,N=zGe)H<`W%&6D;NLgl/V\Eb#|O;-b$z,Check sum is @
test,"P=B""~uZT",Check sum is 2
test,	>nq#})`2JWYxB]h>7{Zy$T	Y(,Check sum is _
test,0SWxJPfp8?YR,Check sum is D
test,KOA-	(rmZ,Check sum is R
test,"w^As{N	VP~`6)z
N/nB@Y%1NlLYKq_-P:r;wk",Check sum is >
test,O](#;V:4atXtbPu*{%f,Check sum is N
test,"ji~g(l6)_a=O`m
Lqe|^CvZBL36n03|z]'m","Check sum is ,"
test,"x?$[zN4;~A]`$'""8cM)JTDTas,`sI4:
R'&eSa1>2",Check sum is *
test,=gva9fyz?{:r5dK,Check sum is 7
test,F{V:6eMCCC14+sIK)8y/4Pt6vHJ\,Check sum is T
test,^T]Jh%Ba-2h$Nw?Hz,Check sum is Z
test,	+	lPxTiiH&4NZmW]DK%xe>VxutWe:]#lEm,Check sum is <
test,&Dx0NH4!spH)#+8,Check sum is 7
test,"D?SoJL2El4-u/]QbhqP{a58d
oAx}gv'NFR371V",Check sum is S
test,g%LWq6R_oj~0.Ng1izxB<H,Check sum is #
test,"C V'MrI)FfY;thJk7	i;@R&?SA""I+}Y;"")&{	8`y_p#",Check sum is P
test,3<kT:v's2dun0DOo[bQ3!YI4Zt_dJ0&}7&,Check sum is F
test,F;:_[S;;Lkf@}&	_^`U]YEt8wTdN=+ItJ3mE8>,Check sum is G
test,"6`e^
4\iV.(n|H9oed8	",Check sum is L
test,"#TT`rHPZ%^@`
j/lQTq5d~fD?FGy7W13
I};H%",Check sum is '
test,"-,ozXDlB
H9OS;ueEPuu{1@%l^+o=J->ZZD D",Check sum is 0
test,!GY@9#5Frv/.nQo67XIAwUXVpyR`qyOeLF9+wz%	yG_NB,Check sum is 1
test,"l*3l;YdxX$B0E %8,_T]lAZ}t8",Check sum is !
test,",H+5Y!FrA?f	=QtR&?;l:)vZ_vm&#",Check sum is 3
test,"Tl.IS
ThDSYiFF
`""p,3*@",Check sum is Z
test,"m7)oJ\p`<0'$TXa.?:\fSOCk+w,ofY(qkiAw#Q/Z-=e<8k",Check sum is [
test,"-ApDd,;qx>^c
!1ztXDQU?M{h{-6IAE7moGHh]<7=(/",Check sum is K
test,"B1gtUyP;l##%l(CUilfHVH:m&z6T""2dAe}1$Qv;<%o;SU0%f""(",Check sum is &
test,"jxtF%|L:7>{DM}*D%)[8M	6Vxe~J8c&wz""j q+	^nW""",Check sum is ?
test,M!Pr%6TQv	ru7T#L{tUoGe@Bd~nWG~b[t_U@'R?',Check sum is A
test,W`6d?8.QSB$Yph> :R* Z||#,Check sum is :
test,"U83XbD@QWJa}pY]
H7\x]q[",Check sum is Z
test,H2%-aTptn[T0]W>LWXB_Dxb~-lDIYjw2G@,Check sum is U
test,"e#[:-DOFp|)Q`pFW^Pt""IDKW(}!g%i2jdw&~ F""F7	6.J0UDa[",Check sum is  
test,";-8% h#D{*w^bW9!>::C55)	jR9,z#^~",Check sum is L
test,D0HZ}D>3fXVw24oSkIp1Lf RCB&0vY=,Check sum is ;
test,oOLzW:-%,Check sum is G
test,"Fpp""@z\rU 	6IMYqmQ;:0v5J~2BW/-:hJ*""O;a%mSL9\B^t",Check sum is >
test,"Xgmuq35]R(<S7!%o
$Hy*^Pzp",Check sum is ]
test,mYj!p,Check sum is !
test,~8j1y&Qe/7_N,Check sum is Y
test,"	Giu98BO2E7sCBWK<\|T~94p9V[,r2-=!""	;_?",Check sum is $
test,"	N5!$'\#:p
_tlj+)-74""36pF)zq\}Qx48{i(7hi",Check sum is W
test,3M|A,Check sum is ]
test,"t@]23C""{(lkR]a#HhA#{4Hkb
P&GR/",Check sum is H
test,"X[XY	l-p
VkY010kUg+DH/oCfuX6^; 8 xK]keAWs\P"")7|pEM",Check sum is +
test,@@9k0i,Check sum is ]
test,"j Yo$/Hy#1<mC7)
dbn""(C{xPbx@W` X5Vq0",Check sum is )
test,"M(%gNkF}P0,s<J4|oBE</HV0aY}E`iJ%7@{Xh",Check sum is G
test,"4""#uWESoG!-/yL\cF9(R",Check sum is -
test,"ciA_CY5;
HQ)W\yA",Check sum is Q
test,"hu]Z`652@JAr9la[*~H+;UV@jp)drBqT(dXRm4,6 e",Check sum is .
test,"J.7
!q|at>]]ecG/z? A'i\C.@\`tc2Y",Check sum is G
test,QrT]v SS2+fWjC`@UO?	3,Check sum is V
test,:|w3jtR^Mymfo2+Dr `Bn03@AH/>7ct|%,Check sum is !
test,FcF9l4w.,Check sum is M
test,Tp:Q^=>IT|bVNa|@nZsHE6jZcax,Check sum is B
test,"uz)g@rP2R1p@#?*$0d;gD%)Cj4DCd`,E ",Check sum is ;
test,"sqq}M
^8\v
Y?cgV,jvvF#)l2~H-=rtK9EaF$>'O",Check sum is C
test,R&!og,Check sum is O
test,Un|.o:!40 +rNwkOzeb;(`Ebmo4^Uk$^m96bh,Check sum is 8
test,"#5	y(3RLz.sLR0Kgi:8k{
T8c{]44jD,5K20s/",Check sum is &
test,&>5)Z^?\\G%	\g[Z~N,Check sum is J
test, 	,Check sum is I
test,C[qJruJ^rsLP>pw{FZ3ZF!ok<^|d<gm%yvi-,Check sum is K
test,lx0^DJgp3'Ju-,Check sum is =
test,x3A,Check sum is L
test,"EW,]z|\:|6w$j}	]D|o-;F|Qpg[&$kvR9Up;LU_;=|",Check sum is 1
test,9qcNZFT Sa	Bj^k[>kOu2F?D8`t*[,Check sum is U
test,	tVXytRc-5b)0bv\lU,Check sum is ?
test,")q[YVP*_F0 RAW.;A#J(ZOUH^m~0taW~*\c
hN:s^|:
v
	W",Check sum is Y
test,"&_x-Ui9QV""=kNN,fz$p5P{*RLpqeX]-x;1Q ''5WC",Check sum is P
test,"lV!ILQ8;VX""w*uH
 w!u-Su7Dxl",Check sum is U
test,"${U/{ ?U~*mZLu=\n9wW.9
4I^",Check sum is <
test,d3<[-Rkz18NmZXX}ggI:+[i=`L7e	Pu<n7)	?,Check sum is B
test,"H<L:?/	F+""d?Kt_@Z!9v-H\mnHG)=17:PJv,0JQ&k/r.po<'",Check sum is K
test,Xc,Check sum is [
test,";AQleJi\o.cSCD1q
B;'_P6P+L`7?D",Check sum is =
test,1}jLU+V.=j|/rr`t~rq=;@05{,Check sum is K
test,3uznuc%#I'e-AogmUjV:,Check sum is %
test,Ej-8c7`[_QY!68(M4'eCt'A9e,Check sum is S
test,87t{gHOtKA<(m#d7`#yP\5mZwzAyCc	7Qbh#Wi	7pcWd9,Check sum is E
test,".[ji)1	zc&%#,J?mbM:Ro{nb_2Rh~",Check sum is J
test,"X!V8x/U<DtW(fz#a.p$4FI$@x@(1
nP*!vDcw.WM)S`?,I",Check sum is =
test,"0Va^.9*rQZS;#bXg1mB3;{i41b""pH0Gt",Check sum is #
test,=Ocph{Y`GvymAVRogyuQ_Hxiq*j1Q2+tP3$@,Check sum is C
test,6K	z2peio<aq,Check sum is Q
test," Q""CM=ZyaKt40hJ17E-J>$wNrAS0J8",Check sum is L
test,"9C|:_{,
hc(gZ""^R$H|Gh",Check sum is ?
test,Yd?mS=nD.<;%i-nO^2Z,Check sum is R
test,"-f=Xn*{
7h1z`RB,
<;;I}rY[]9l
gimH|Ii>ykz.
$3R=.P",Check sum is .
test,b~-yhvdvKs_<;?d2a],Check sum is E
test," {""MT*tcJ}",Check sum is F
test,"%E2Qv}u=#'f)R|0
:CeWH=o#/",Check sum is R
test,"jX""K~|	I;ksicS",Check sum is S
test,xCj`QkBcHo''[Q6FSC~j((J-Lu2RYb4,"Check sum is ,"
test,"Hj-/m:<,Q{n@nNs+B8J6_^]hr`g VMKw
&{&V~`(tE|WAze(",Check sum is L
test,&qF!o2\Rpt},Check sum is N
test,8).5YiG5Ry%\/;9[z-yJ	,Check sum is _
test,[T{. \=b>vBb%|02+B]ke&V 7_6 )9m,Check sum is _
test,"`#De7AwV4?=g6&M%]v9>c~""K.
`Q76_J,Gcjd3",Check sum is $
test,"2P^7z
!~#{.rl/Pm8dF
ca:7y",Check sum is J
test,"`WcpH`']t%+6srbSy--v(WyWq,<v_B)}Zz2wivGx6fT]Ke\",Check sum is L
test,"""UM3Y}V`:lt?-,H?!EE?tL].\`Hr	T[RKx",Check sum is T
test,"tF/0=]Q`}.&4C %D!\Bu'>Ho>,Wa?YeGTN?zZIP)c4G!",Check sum is A
test,86}*LZ	44X;Gd#yBs;Vud<,Check sum is A
test,d.sv-gyD`qRMSRnKxxK,Check sum is 5
test,<0s.s	Ld4z$^H3U6*:&s&m,Check sum is _
test,S>VpV:Dwl,Check sum is .
test,5f,Check sum is ;
test,7CmeKJ9tVfwUe8xGLM~,Check sum is )
test,"@0P48, T","Check sum is ,"
test,"hBL1DZH	U0{
F5C%Od/;CL,/HLxKZ+m1h|og4<]V,
-Tnte",Check sum is ?
test,"p|]Xx
T\<x:MDtGT-8+sxmCQ`G",Check sum is $
test,"Ug:\,N%fSRB(ze",Check sum is %
test,<}ant0]m),Check sum is ?
test,"xmN;"":aEA1UsBT""DZ+?f3q",Check sum is T
test,=?a$tnDA.1,Check sum is '
test,"RW.Mnbny2Q{L8a)(a""aEh'~B8Uj",Check sum is ^
test,"`
-y(~\$;]P",Check sum is >
test,"sW'i,:",Check sum is  
test,")~6gZz++g*5RTDkY%C
cvq4k/ ","Check sum is ,"
test,":LBS,{MUr7\@i o/^
O%
.b",Check sum is &
test,+8d/^.z+=eODyI9rApBjK`v.,Check sum is U
test,"&_i*8+=; T6)<s+""Y39..C w]&+",Check sum is K
test,UH/&p]eN\&N&*iy_QKQ_N=m}8Ju,Check sum is +
test,"Y	tYMR/`+t`
o(0OI7f+#g6+~FqSmS{halO}hpXEp%mn[",Check sum is \
test,mP<ZshWBB2mQ-A*NEQ\rY}sEED=TiI[&*5E=8R,Check sum is )
test,"RJSJm*gJr^	e
-=^""FDDHZYIsx5r_{	GKI{/%sUZ2bC#0AlK",Check sum is H
test,"Q:7>nI
ozhR\O>kl;""I`:$<2Hj^&Wic2}oXL{JT.IwoR p",Check sum is I
test,7l#)'/EyOpJV tY,Check sum is /
test,"}cD6s!i%00Hs}[POIqhS
:0WF[e33?YD<",Check sum is 2
test,"-GsP,)Qa$$mu",Check sum is H
test,dn'VZgWHpn-a`}9Y\G:RoqjaKBf >KZ*mK/8;vWP,Check sum is [
test,#ZCaIXV!.77$ZnSFwe,Check sum is V
test,0*:~V$\%g,Check sum is T
test,"y0R?\$ q""uhoX""GUYfxu&l""",Check sum is O
test,23M]QsGwV4+!->n2[Niz*pjsZR-kr~*tIb,Check sum is R
test,wo,Check sum is F
test,"+Dx6zK6zX{0jt_C0vr5h>4YxL#q9M<wX_,FK2]|",Check sum is E
test,Sm.1{7<|?aUrQ}3<`%G0	5e\jDcJZ	:A}C5w5mc9w*4<FX?,Check sum is Y
test,%nC2#Y	U#)`cH6N,Check sum is ]
test,"u:nmQ#y6E*TEfa!SKt.P2_q/_GTx#FZ	Cc
LN""0@)Jf`",Check sum is Q
test,Bf,Check sum is H
test,",s<{y$\v7aWK[1+=@i",Check sum is <
test,"	FZ^r
#%}uBN>hq@zP0O",Check sum is M
test,"Y,",Check sum is %
test,"DIsOj*b2,h+b@((&C-Q",Check sum is /
test,""")PJcjK75\2},d<>mqm#=509e_8qd&:#[&<hdUa1K>OW",Check sum is Z
test,QR_,"Check sum is """
test,"4P@<?aWf'ySe?%1i;Pz
v
y.?dnI (nH#F5
=W?KNW|o[.}@",Check sum is =
test,":w:;r5Nni^F4\9,')^H_W>e)o7d5iUMCem[P^/G+o",Check sum is [
test,\1O_S@sw I,Check sum is A
test,n7{;gTul3p6KeiWA5;dydPkF|iFuNu,Check sum is 6
test,"KjW_1!? [D\ z^.IqFE
V45JXw~0`c}4",Check sum is &
test,"`+}YQGJuem,I#:3HEZ|d~]wTfs|<*!dR1h~|3|Au_rB.`)Vuy{",Check sum is /
test,"YiX3OuC`36Ek:,Y%*Z_We~)=npx0d3Jp6b4hf",Check sum is E
test,"AE7bU3~j|;xQ,I8w{dONmDC%[Pc?:y*v ?a",Check sum is H
test,"Z4e_I'1a!)cVf"" Vk]USV_+:}&j:DI	%kmT]wjr7",Check sum is T
test,]r{zXCzQF-a`Ce3]F/Q9ZqYhNU	DbQJ&9>K9Tv,Check sum is Y
test,(4*z	p,Check sum is Y
test,"IXzQT,~6%w+Ql(.[g4-)",Check sum is &
test,hpo,Check sum is '
test,"lwjJm/ #SC.?M\;	
^Rw@'+{zQ'ui]z|!{!",Check sum is $
test,VkLS=v\y={_~1r`HM $|De!l@!	YHR4@D,Check sum is @
test,A\wh$kRohdoHB \0P\FbcXcuVq7xp:,Check sum is $
test,"*@+9},V3h~[(\|,<_VXGY+`9*/{2U6L2iH{Ms",Check sum is 5
test,"_vQid\=lw8{Nc9U'fE4;I.V
5ePo\QIWV0)}W\T&9,pi
dWE",Check sum is  
test,"t9NT1t%dH5G

Go|tAe7""ZT{M	s)oX|O>If?|~a",Check sum is N
test,"5oUgT\54,p#M2m,3:3&z",Check sum is 0
test,"}Lvw5""pp!To8
PP=b(>71ED&n6	?T?q&2C[ZR@p=Q#","Check sum is """
test,BK2Cj^qa}h70=m\96h	To;}%U	{B,Check sum is )
test,"
g	~5eD92#VtJ&|1^j{`Z-h p@asQ",Check sum is 2
test,"LeE!AU[B+\(
!
' Zg(ifE|)(w",Check sum is V
test,!aTAFtZb(KX8,Check sum is 0
test,pD2,Check sum is F
test,q@,Check sum is Q
test,"I .,UF^C<hoXg	0ceCqiaj`pG""i2CpK","Check sum is ,"
test,A-85;dMn7/\S=Vl,Check sum is )
test,Pkm,Check sum is H
test,"eu'
N'm>#.4y9l""7Q6",Check sum is N
test,"h;z+y}1/SEnyu^XmPgH47PP:nY]h~#0<""zxTrjS/4,$,@N",Check sum is 6
test,8qQ/?/,Check sum is 7
test,EE~f{BB@	<eTR.WND\{qC_MGbT[O-*\jFpM_M^V[0.#// }0hi,Check sum is *
test,yPcvL]33?f!u3$~$+&uVs oiw8#&!WFIw`j@MC~2}Y6<`,Check sum is 4
test,"P
'=`Q^rZu*<WLd1';-o#	pJK>Va2D1,~-dU",Check sum is '
test,LAQV'gBDM;I2(GP) {`Buyw,Check sum is 5
test,"K[,_{
m
Q,a/3G)DM4#",Check sum is %
test,"#U5,ki{11S)a=B26>Tt#kDKgV^~&@/",Check sum is ?
test,oi0KXB+I+$9s%(Nj6;G\9f!H*/EzXF/&	6,Check sum is '
test,Bqf@+,Check sum is $
test,"a-s6\.cBJ=jS/x[""""`FW-<-I|MO	rx_,%r\K[h3+#[5/1Wku",Check sum is +
test,BXcP0+Ve;{RQAB8l%TiQ8y&,Check sum is M
test,"IsrnS~RQbRO-!f=/([qZUXv%fp*AcP`7%v""M\^ni
+ ~D",Check sum is &
test,"UZ~.#e^^uow'
[6EIMyjL|k@ WQMHQzWox!V4zd@zz4;0:8@%B",Check sum is (
test,"K%r7G5le%!8t&c:NrResI[p,Rm?
)Oq9hv,gYjSI|6z",Check sum is K
test,X}R9!=cE	fc|,Check sum is T
test,"7hI'6I'~C2}Tpc\S&`0G	lr}\HK/1}uWR`Z7}cJWC
(\^D",Check sum is K
test,"<w@>%o5T@>22yITv5Y|_~26ZU,,6:0%,3sLtk%C#b
Fjm%0",Check sum is ]
test,;4:2RHTQh,"Check sum is """
test,"7
EO1qf,nM+0'CfrvpQ",Check sum is 8
test,JaL{aJ,Check sum is =
test,":M;^} q.""3+Dg0tZlc{5*bKJc.QHDxmo_t&""1NF""rOwPT!I1",Check sum is @
test,"8iMs<>Soxb~;> #,",Check sum is =
test,"vLHD'doyls.2DKn?rbs\g""[34es(I-:.i!SKf",Check sum is 6
test,ls@-zO27/,Check sum is M
test,"cTS];qlEf<AgIx]Z
f#Wz!",Check sum is +
test,"j`p!8!ks1k-I6z'D""",Check sum is A
test,0wA,Check sum is H
test,``3hfq/s34///J UIy:OY!ngFvT#$F}j$Z	YgM,Check sum is Y
test,"h&yVJA,\Wb#1zn{HLct?>QD*",Check sum is '
test,"F}fp-r}_h)1i,rTiw7u",Check sum is ]
test,"@h>#
vZa,mV s<gS
|Pr\EGhr64/a
`%Q;fpYe:?a0!",Check sum is :
test,"n>jCb:,?Fc[GZk?J,#.""#2}FY7Pshc1,zpwjb	|4X7^",Check sum is ^
test,"b$q6
1NxP_P",Check sum is M
test,TS%D4j*,Check sum is 8
test,p/X<viGLGor@nYLmPTjf]ggM(?H%[WR!U?>?GuM@,"Check sum is ,"
test,"#dtz""\!K`F\R%~uW^I3	\J<q|C){EV",Check sum is 6
test,unQ7hz^^ggWAX9OTwxw97GoZO,Check sum is 8
test,"$`rJd'+.q_~f|?nKLIk0IK6'p EgDfD]0O(mx;??g`,]ltfYJ",Check sum is R
test,^yuILaw(UH8FMt_#QJF>s/9*yyp8r.&,Check sum is #
test,"SP^%(R

	!JMdCy",Check sum is 5
test,k;xcDcj,Check sum is 2
test,"E]J/P@/l @`@rAgJI;B
,<5F+B2yz9V[W76@lh(]);#av&g",Check sum is A
test,"Gz9
[LIJ</98Yp~](O<-c7%Ok0Cl/Xj5aU*",Check sum is \
test,"
E5d`3Ri@i2IO
F6
~R+r9)g0I5b])2e6^~B",Check sum is P
test,\<|W%@>v]ID_TR>,Check sum is Q
test,xqnvGSA=P!ehob%o9Svv$.7Y/wt,Check sum is \
test,}y>JB7p(%IQU]T,Check sum is 4
test,"QE t +
R)mQe3<#\g?wWH,<M!%AL)zw!j",Check sum is T
test,}2=ruB2&UyY/V5g t,Check sum is )
test,"4<3(\(=* ,MI+o",Check sum is R
test,"2;3bPvf<+:b$et
+sAXulWs	[r]\im3<5X&d=1J8;7tx~}W",Check sum is E
test,"""'br7M=(",Check sum is &
test,R^Y@rj^hFQ0+&k,Check sum is N
test,"atV10,yO}Dn
]N#O	f7mW~ePX`9j/2+",Check sum is :
test,1PI$F,Check sum is T
test,"#""IwcD>p3e-/\Zg56I	m=`~x>d4P/uR",Check sum is $
test,vc1_Yz7rq?Vi<^6*9;gerBblSDFetk$,Check sum is 5
test,	F,Check sum is /
test,G$>Ee[D*s<OMmqb]sP8?H+|C9CJH<$	j,Check sum is 1
test,uolDI}n,Check sum is (
test,O_KAmx,Check sum is ?
test,"8~q0q`?xIyoqV&iAu(mY*fi!7V,t3cDAS4v",Check sum is I
test,"YT	<i`Pi]!HzVw94B Fiw$E*9!(-%	u8
M92<",Check sum is 1
test,\r`OJk&&5v-E,Check sum is ;
test,kdD1>1$r?F$oYAv}qJ_Y(rSHeF![wEA=`@]Tg!Dm1,Check sum is R
test,?<~)wm.R+x$^8PEUTq(~o,Check sum is G
test,`UChe+WoL),Check sum is K
test,"7Byq+=	=v]JX_V,	
ilW6cNh%$3=irGf8",Check sum is N
test,'G#(*Zg'<)IlBGIs#vu#A,Check sum is <
test,"vEL^""(&'Cu 0_VDt16",Check sum is 8
test,B 2c)Ps3hR!pxs*\_4-,Check sum is 2
test,tw&W\@]ao1?[xq[x4ot1pk<hu8OG?rum<STQ[eO(%vT,Check sum is O
test,"?GzK@9[fYIf+o;/3(Ks_EMbS1dB})\""!e\AG1GKu1rgx.:^k",Check sum is @
test,b^l2-sBE;G6|D;*9,Check sum is ;
test,"-cz		7F] MHMnh=[Mp|w&xA@DDnn#
H9wc:Sy",Check sum is G
test,"31Cz	0_-qvKdJ)K}UR8S|""\K O>KTAk(S9",Check sum is :
test,c11s*eR=W,Check sum is M
test,bx15x!Mc-5p6;U?OzJIK9r6'qo$jJ.,Check sum is U
test,Qs?<0[8BxjXJF.EXk/$o1M),Check sum is M
test,)NRg$k{7_FKbIt l&FW-W~S*x\,Check sum is B
test,;p>xjWf;GEV,Check sum is E
test,F9,Check sum is _
test,pD[pP@L9O3L:;`ELOu=5wj[t4GzaO\G]AwudQK'		,Check sum is Y
test,"YjoUf~B.Y_@|/m""+nGIGLz#glAZlp&h",Check sum is ^
test,7@UdGEP\,Check sum is H
test," ^%@""(.zV{&f/&Gqt@Up(?3Lbt w,_j]EH|'n7kVd>4",Check sum is )
test,"x7N	
9#(P1Flt*CH1TfoHB""|TSB+)n&0..",Check sum is /
test,"Ag<+L0pe'!gK68Z'4iO=;0?:Sgb {.gl{
XHi&7T{",Check sum is (
test,EE}N2N-\xt{g$X_@(n Fr$@,Check sum is 9
test,"#U,H9hOh!	^","Check sum is ,"
test,"Z!Up0eYW6m99vwGNca<,",Check sum is (
test,"]\Ba@0R
G6:Syd""Kj.?"")76?G8U%d
=-12$\xU}%`w'/Q7V1",Check sum is I
test,QS-yZ~c,Check sum is %
test,"\6m/vs4he5AJ4ui'""q6MoT *m5	""1,2Kt|C2S0yiN?",Check sum is R
test,"Z	X=v""[SZ.gUpBFh)[@$4\",Check sum is :
test,;:@CNVP8\J4GYXo,Check sum is E
test,"S^mI9e+=FqWVqw*S9P:U,])3
;L&",Check sum is J
test,:1#s[Rm2mjsgnZ^tC^,Check sum is Y
test,L?;B=}#,Check sum is E
test,"/1?1Oi.U""(4u0R&O/-c)v7	BtGi",Check sum is Y
test,"1^k#HAs/Fp,rn)5C`ULT
N	!<VSWMv",Check sum is !
test,2v9,Check sum is A
test,Z<vQ0tqN4~~yfiKnipW4)G8Hrji(1qUA4QFKA:[7V,Check sum is C
test,c-HOsk;^m_^jmr}/,Check sum is ]
test,q~WQUD11JFl%NV.?COe|7e(83{XUx<OlH,Check sum is %
test,")@`ryInNqJn8*8,R9:IgOiup4:Z.",Check sum is P
test,"uI=<7Fv-Y'ZS Jw$(cGR,)4",Check sum is V
test,"xGm#qg.yD
`Lvok+1|Z",Check sum is *
test,Fi<fm$@TvDY4:?,Check sum is V
test,/8(yKP|Jhl9CwtP%-o/ (Pui$jHmrpT)JT?,Check sum is 9
test,"v""w,8#H5Lw	^DY p cFLDHuqlS;3=[6yO68e",Check sum is '
test,"x[lQl*qD>O[vg{9	*fubuTDyP',rmU|y",Check sum is 6
test,#n^*T.CGJyN,Check sum is V
test,"b}S~j	S^
@wMP:!""b",Check sum is 1
test,^<_IUq,Check sum is (
test,)wjN2'a*fT?QeHgZl=HGU@7:Hy5yXJ,Check sum is #
test,f!U2		<n,Check sum is *
test,"6^1*I#_wW""~O
G5Aubcma1dPPZk=/Zz:kHW@5IA%O",Check sum is W
test,5V>5&y@,Check sum is =
test,"""I\L",Check sum is 3
test,"s85M
^JvwVJU0Us.dl}x2#X",Check sum is 9
test,"biLK]O8\?~AB<V/Sttxm=D5mdU?,d6K&MaU@!l8A\A""
iF",Check sum is 6
test,LhU,Check sum is )
test,"
jj6?rt(Z\		}+Rw(mBc.ShI'@~2Va;sj`^JPk%/$CN(Ds1ns",Check sum is I
test,	(3v	}D),Check sum is -
test,+w>lT/Mb';9~`+is6fp/^D0>#/=*,"Check sum is """
test,54UdbAVi:i%03r;|61->.A}R=D9?o useU$CNavp>hL]|W,Check sum is P
test,"AoL>^tsA18-X"",-mB:1wS""sg&g[",Check sum is Q
test,"]}p1^,CK!K|KsJ`aup\`BUH	",Check sum is -
test,"7uM,=k\M6*q_x#2@~s4{^2=0\yBc?7h.<Hr:",Check sum is &
test,M/5?}-T~L h6W>DB2'	^solQ1I(N{YTKS#v0+dpEz+OD'uJCF,Check sum is :
test,lT7aO=0y_KTqT-lz*~>5x5i<I ^h,Check sum is _
test,ZcJ|P\,Check sum is O
test,"E~L>/`3c(2)PUgv-W/|
x:\.@/
",Check sum is E
test,"G+sOe#09ujZ;n4qL"")yv<dItt_	l",Check sum is 7
test,"Gi,r}cP5C!\=8=$Z}Q<Pg.}^bPU",Check sum is T
test,0C^,Check sum is 1
test,"i`XwF~cQ*]	D-co&""N",Check sum is Y
test,-'U6y/~!xXMq6,Check sum is J
test,"4	'YF<I*6;$_q>S4:/,1u381UxO]lW{2g$Y6",Check sum is V
test,"w7|g{S4bcP5XF7cq&9LzL0+qCQy/9`E|'N>9k7
h'w20O\",Check sum is $
test,Oj|n{p)QeR:JDU8k ,Check sum is ?
test,XF51X`4Y&|\zP^Fm#vd%R?eI^~E?(/;kA,Check sum is A
test,"X-5`5""he@=S""R'I\7Km{fTis0>aK2rXC`& ]	Z|x",Check sum is !
test,"~J
>q5]>}<,'",Check sum is =
test,b=K  `XGmQTw'[/,Check sum is C
test,d\Pl.!r }g)#CP29`le X21b,Check sum is Y
test,"kVj1$QUsqJ`B!4N'fp.`h
<g.E4f^Lx?CKB+",Check sum is B
test,!2tPb8w}';AVl^DeMbL\qA:=:/?@Y,Check sum is 2
test,\`C,Check sum is _
test,JQiToB(Ag0l<Q1@rLJ(fX5Z/;@,Check sum is :
test,"\w ZC8k0E9gEh2Ep6qjP;5k,pq+m1}[-B*l2	[>#D7",Check sum is ]
test,"jx3!A_pv[b/'eB$A1d9E.K7Y_~IwmK4""VA?7y]4^",Check sum is 7
test,FpF-	fmY&y9%T<	LU;t8u$/!9D,Check sum is B
test,	a6Mw0ze)*ous,Check sum is =
test,pz*BA*Wk><{Yke~)&Mx]^[ (^!GThDWmof>cum^xC[fn),Check sum is D
test,"}{bD"",*Km4$~+Lz}pm]4DHL	DI$Y0-o()oQ9^C>
.R",Check sum is J
test,]t29UW}(q&ex<BM*c),"Check sum is """
test,"	o]/D1?=""(~ nx(=QiTs+xXGwCBbU@TFa",Check sum is 9
test,v_8wb@'UzJ&}qN.AwTETyky,Check sum is X
test,[P5~]>m4a-W&(AwQ#U8zvgo8'	V&)6VzL]cGz?nY,Check sum is R
test,/@?mLGdy8K0S?$,Check sum is T
test,"9V
!K@1r4V",Check sum is R
test,"XJ$|`1FW]8
QkzY	Z9|h8r45qAI.Q70N/>*Q HY[",Check sum is D
test,"cN ^)MJ:
S{?3b/7\#uF[sDn|C)w.oG0!",Check sum is )
test,p&a[|-6!47}z?au:	3XR=KLixB=1|jo:r_GP-A},Check sum is P
test,"*P&B9B)""GjmX#NJQZ Vp""AScBffG6]7IW^<e6e""x",Check sum is V
test,!7ngMr^}Zl0K0BAECiiN,Check sum is C
test,"n?""GOkoUf
uRkWd)@aDRUwE?bJ&mQAEu)s(A+	hhu-l",Check sum is #
test,AyLpDn/*lJ*71'8t/Hbe![>O}E9p?@;)\HpT|\,Check sum is Q
test,}3,Check sum is P
test,aJV:,Check sum is [
test,e&!g6/R{'9RYlg7/[[<c,Check sum is >
test,:0O,Check sum is Y
test,NO2+kSvhcTRiM>\6e4_r]tmpQ&l7hZnb<fIZtjVS1N>Kx%*m,Check sum is Q
test,c&,Check sum is )
test,"EHk&""Nu3,20,,)/y1,N8lP4=ED<S2A(""h,@>D6wsW=>:MS}A",Check sum is R
test,"!~uJv.P3_	.KB}9/VF""Tcj	1A{tR}a|u#:",Check sum is 4
test,"F)a$jZuLa4*	d|>GPIkP, 'o>L#Vx_&=A#oPL?{oW",Check sum is (
test,b3U+]eg_93>ohV*#>{mR52>@Z|$UK5Lk+N|o$B [E^M!g,Check sum is A
test,V?is$~\Pc)nO8{?>;Z:mB1LJ+,Check sum is H
test,"EW
Coa)lh|w",Check sum is I
test,{/fVY2~`./bo,Check sum is ]
test,dWIk%~vfi',Check sum is ^
test,vz't@d?Pi:ChG;wv7bnU:#8xNE.9csZXw,Check sum is =
test,]\zS'X?HKpT,Check sum is ;
test,"n'qq]M$vJ$%P=|39Gy6E,9_A%U&Qd5E!8e`;G-=ARf@;wS",Check sum is :
test,:nO@Wt$4Ckfw\th1`,Check sum is N
test,S@HpJ_I,Check sum is ]
test,M1lX;Y$C.'oj3@`-GKH<3R?DS,Check sum is <
test,R+}Z6IIl)(SD-i+d6)pri<$FMt6k<8n,Check sum is I
test,"NBylX{WLnR`uleWvb|(
.",Check sum is <
test,vx5`hvo,Check sum is 0
test,"9OZ.F
6R:LF~^~np'Wbv1Nw!)(N!x9 ",Check sum is J
test,Z*]|SqKeFL}P+m6]ikld4u<*X	Bh{y^y$;3,Check sum is V
test,E![D0Mj+{{]sw$,Check sum is X
test,"Yi>e""/Hmt|$Kg_d/>QlXC^O3#",Check sum is \
test,~G1O~3rO	BX@:.=PT=]XY@{1@Y,Check sum is S
test,JqJf@Hn4NVM}HvMd@=9u1j2QAWKXWe>ZJpC,Check sum is '
test,"ftzeQHHSbZ(jRPk|`4o0'h?T`,i!:
(yEaJ~lN;U#;;$,IV\",Check sum is P
test,"&3^H,b66#H$SD\V.7x)UQ-\U{!\X!O<2n_I=L9t0",Check sum is %
test,5jtyf%ZY;f',Check sum is 2
test,SR[,Check sum is  
test,"""qbSBG'hlot:fZ=C	",Check sum is R
test,zc'QNH4.qdj6vw!|n],Check sum is 7
test,=w;.Y5>'-qIjwYnZ-t35(LvbGWB8A\g(.k1{'/,Check sum is M
test,"BL1UYk7&S5'Di,+|AH3}0SHC2)H[%SA.|\`M>wCU",Check sum is B
test,kb9BgOBP<#P	RX0_CYf' ]EqpC(@W<8pkgi(,Check sum is 6
test,(xpf`w_P,Check sum is \
test,"ZQAXeHoJPD"";Wfjt:-MBff%mo,tOIk`P[@",Check sum is G
test,"FX=%(@PY""0'BF+Z&^U|ePI.:&FB4|7.!8fbsl	",Check sum is >
test,sbo;5=}N!n_-K[ZB;K*F}D'P 	2s?yf_	|)0m@/6<mQ| x*u,Check sum is O
test,"6d~4,Lt",Check sum is X
test,( a4ZO]MxA.5PVENudT;h!9thaUR>SCE=ac5]pQ,Check sum is  
test,"JF@>=E{Jc)J7j&/+t%fL:1ZIZ ;g>nj(p4U.,",Check sum is 2
test,oQcb.8Mf[ 8qaq1jT\`@uY?DG,Check sum is 7
test,"j,)p6QOn~{(&oRh`A+Ie",Check sum is =
test,\d	Fykv7-6vt}.	$g1caIt<JLL1F*QPGo(,Check sum is <
test,"""@?&wb%24fWh&xqRn)WG4z_jv",Check sum is 3
test,Q=a	ZJF>tT,Check sum is H
test,"v:?dw 8qdK3=<G\^z.q<sDl;,Z8(;aRr!LfZA?aFH4	}R&",Check sum is V
test,"vPq
diLVn!'JtDf^{>Z6E
s<9tkl b""c};!(<7c3h|(z`s*}.",Check sum is V
test,/PK|k,Check sum is Q
test,Iz,Check sum is #
test,"I'@Y/G!k-lq-:F""rM`VZ~;""MiC$*lb!""P@
<oj""<Y {/m
=",Check sum is *
test,6o'\W#MK]?#i88\9>*87;9&;o)7Xi,Check sum is C
test,"0XU+NU6{&hqwcP
;/",Check sum is Y
test,"zRbtqqI3zzfbn_3)I![f'xZ "";(tO2",Check sum is C
test,C?[{h	hn<vd,Check sum is U
test,"A?LKK{CXNdp""9w",Check sum is L
test,W#jh_[]_7ZHZLX,Check sum is 9
test,"NR_OEbNSq<,h*a$aVW(^brK",Check sum is Y
test,naQz:y(SW[U$2}K!~gFDL,Check sum is )
test,?ql9_	LP7G1#\gKV/15[G,Check sum is &
test,"boIM*:G{K`DJ""DM,AB\",Check sum is $
test,ze,Check sum is ?
test,72?g)gd^2EZ@r.0u|8gdI,Check sum is _
test,t.Q|Kj;+'iCT6[T[Q/$-7R$AB&,Check sum is 8
test,gelXPybIRf'm8fpg4K9,Check sum is ]
test,"nFl\_w|*(i=
5gKcz3WsD",Check sum is 5
test,R6YD=esH5y{`4:]qH325k,Check sum is 4
test,5AME;3IV8,Check sum is -
test,"4#k""sbJ`0R&Yq^%4NE1?_qC>7;VFj\z
Dl>>.4",Check sum is &
test,"PN_\gvoYD{u7Lu/qE.>&m|~Zg
_{I:~.U66
yp #&c
`",Check sum is &
test,"Erx#O0GNg'%6@js^1!ZBO\T
fcjRY}a&8q>",Check sum is *
test,"$ul$r'^p6W\,ju{
@qBR IPh",Check sum is O
test,"<5Ry<%uKEY\;;m`d2IX""Cb;WeE/^`:@;yW3hpD",Check sum is 5
test,H1>'sf?pj~,Check sum is .
test,"05Yg&
]1R0@obqX8yuUZ_tc<>y""EL]#",Check sum is P
test,"EwmNGZ]9ZziyIK[O=3k9jn-RR
FSKDpCK<%sSkg?t+{
?GH",Check sum is Y
test,FS%~)2zd,Check sum is U
test,"~3Zu;/98z3/a!Xb,'X
I5Z u#bQKbC;:A)`,P$	Bg>W wa",Check sum is Y
test,"s FkSl`uvb*V
PqS]#6[9*","Check sum is """
test,D&`E<0LvX.@x6bReT[d10NY>f4Yr}cac7uwm%-|EI,Check sum is 8
test,"(0LEs#A`19%P%>!8m|*&]xphMoRol;Y-[[;|OB=nc|>?,yE",Check sum is Z
test,nth-RIz|iHOPMMe{$2m(m#rSG<HF7o@,Check sum is )
test,"shh=""PH<|tFh'3dO#|az[|y1kl0}oerGP+L5icojla7^$P""Rr",Check sum is *
test,i:L-TJsH:HlJ	C01zx#YbN(.h7VB||0/x|u!,Check sum is F
test,"y,""<d#J:Hu)4D|U9u62r)P|Ab
T",Check sum is [
test,"|VsQMwr3
f6:JVbC&d{vS^/jLBnawxeO9Q]<7@rP480:?|K.",Check sum is /
test,qP7/Dm0G%x34Xz}6dIVLA!*_p^8m)|CChpm/9vo,"Check sum is """
test,hlrB!}\cJi0E_/rc;yvG:%dc)_N6Q)HhOum2TNHjY<fr,Check sum is A
test,rt<)0r*(yLi:0X?VQmD5jl5b@\V*)a+kiDT0tiIp]XuzW\)jr,Check sum is '
test,b>wRd*[~>)Qul\Uc,Check sum is ]
test,"#I|1}h)|Fe~j6dy*g`$fL""z&6cAtr@$u,nax,",Check sum is *
test,"C8zJk9qrQH2""!k&i,+fm""yT>J3t,,|A|.uj.0zPW)
",Check sum is F
test,2l}),Check sum is $
test,S*8x>NH\G4JlUcE]1#|rN}/a2,Check sum is W
test,"3),&#51gd]zJe&90OYA:=>%?+'>LO=K<6Jj	l\|k,wR",Check sum is ?
test,/>d;C6Z5yqWhyA|`3XE,Check sum is C
test,"Zw9SUt	tU""c=QNCC^[#\@\T>d\ebGu:T",Check sum is 6
test,"r}""""y@PmxE=7}FEbux>EU]Gn99BDXup!4;ar?>m\7c7lkXR[^",Check sum is $
test,"T
cSz`oDvv
7/+4Tz",Check sum is J
test,"2nJ{7_Z9s{;#=dY1@JID1]x	xFeV?}^,`ZOTS4!jH",Check sum is A
test,v=k,Check sum is >
test,"~3enuE|L/.`g3pu8`v{6""n'--e]h*%)rT9WL-s,*mV:@,#q",Check sum is )
test,K'S8. :g[7m)xaJK-Y6Za5p5sg~ `7)[.s!/#xmt3v,Check sum is \
test,"6~""+rV~O4c""h{K;qP9(",Check sum is :
test,*cr|-;r?oACd-bk'Q%j5>z023y?~0.	<Eg1R~Q8v,Check sum is S
test,N:ldXd	[E1X)}pi<|'TQE vcS*F-p[/',Check sum is 8
test,V^&Ds,Check sum is 1
test,^3<'	M3;	9D g7q%h!#+vD(M4Ty`4(!AqS$,Check sum is ?
test,"NH*NUhN$:T8NJ:.sEb,6N7?",Check sum is #
test,"OAlPSA]<mA*]3G""FZn
e"" v?AG",Check sum is &
test,9&[HP lU_IySM;zf?d^U+Et;.8/,Check sum is 9
test,Cl.4ixe(9 OIUI.54K5c]x?m!5DE_?z.	b7T1/Cx5m{+pui5,Check sum is *
test,W0Kai6TU/:~jr7^aY=xMnsg@wJ$Y,Check sum is 5
test,(=Z,Check sum is _
test,O9sx{@>ZKk:2K['8}nqb -F.KGd#phL{{m|=L%),Check sum is ?
test,"NV77'-Kv`+=+Bk?pz-],
@KWr620
7?p4
XUeLKF*&",Check sum is )
test,BFM5#gq:(_}%fx^v`2h{/ZE^Tg99U*q7.tv,Check sum is G
test,nVcc)8ZVu/<[,Check sum is 6
test,XiW#2XUgv,Check sum is W
test,4sYOz02o;DaoV'l#`^&:YTcRKc	H:nij/g,Check sum is %
test,"3@@WE+94G+uQO>]K\J_J:%ZXS!Ng3<T&,_M7)|.S
psc""dO",Check sum is @
test,"--apnEAC'wnMa;+'C-A,J",Check sum is 0
test,":qd|,+4[#Xg(=[B@O\8}rYfG)NJ",Check sum is N
test,"kk3)XTmi9#6%_3n`6?sB~$dH7@
l%ZljM~vzc3jak&<A?#",Check sum is 1
test,"~JNWa%52Sv""$|IKhbvj`-B1'd'*gtuogw0.^:@Hk)r9HpW",Check sum is H
test,W?4XKZe]GUr{FzO[F^^xtO+$1:d6X~A2_q~'`0$j~,Check sum is G
test,q>rpl	Z_8[N27,Check sum is )
test,#Y0{N%+,Check sum is %
test,"ddO(x::M_BT'n,2nvt6Kd}d*,I sUiZ.r2^Z)Yc nRQk~63",Check sum is Z
test,BDf{W)	Y[p.o)Crj,Check sum is Y
test,5B5YlcNZf36Q}.q-??O-X,Check sum is W
test,p~:Ks\*_?T - VY6<$2	V>,Check sum is ?
test,MoW1e,Check sum is I
test,B(jNV%SDOcR*L/n^X2d,Check sum is 7
test,.tnD,Check sum is 4
test,"/Ve+R1q{^&E""?a~_X`SzVE3Bm'	Qs@YG1*TPOv%bMa]%Af2gk",Check sum is H
test,7jh7l7gHd@?`Cii@aC4|9`%FB>,"Check sum is """
test,"sSl.Ti@Ami,J7;9xBo:I_%GmO4",Check sum is \
test,"||,k""68<p`7a
qv^9BgrYnm:2npq",Check sum is 5
test,}[hFT$SN-\GIAhXB?&	WQq97p=t6*u@Q=Df,Check sum is @
test,"Z2to0u\p$	YA%Z6_-FBsJ6~:Xt,",Check sum is 3
test,ok|64x'C/8#;`_v_^(nG<%QvJUW'-e'(-3nGue?>,Check sum is (
test,"J`N4D2R%u3.({{)UpDS]7BD
N/e5. dnm.)_c6zvk1#lX",Check sum is <
test,p;^7V#_Y8I-k^!E,Check sum is .
test,#*	L_{W%Uj	IP~	Ve/rm|)_[S{q,Check sum is '
test,\.)H.O8,Check sum is P
test,"'Ji/oiyP,Q!MuMxR]hi_0{/eH Yf^%9]8RcYq+gW8>o#",Check sum is 5
test,VY&]k#[Y&S<[8Qdg){ZLf`:e<5,Check sum is X
test,Ne+sYc,Check sum is -
test,"ncLvysnN-o}SZ\@_(wzT!}>,""\D\pln}iI2ER31D",Check sum is Y
test,"V	`|1E#]1"":>L^""{N@Ddll""P2",Check sum is U
test,  l35OR^'\3cS`Bk!z&%=!GTlt`EHr#p,Check sum is ]
test,j/?00tez3)Shb'2Z8Q,Check sum is  
test,"Uvkl<o"";!JfN|&<e-k7j}^cb",Check sum is E
test,_$P~?X=Jn*9%oOchGblV_QFtFlNV/G3Q\vwZ.VGVrmH_2,Check sum is /
test,"	 bdA,~nE|ux-	g""UIf*R?R""a)w!j`60%.L'c^p",Check sum is Q
test,9L(cB72.O }R@$6+%R ,Check sum is #
test,g(^hX2E#5X[,Check sum is O
test,"#%(Jj,YO
>)*2v'!7K3:H
^	f	'O-cVbzph*&2757KPtXU
G",Check sum is <
test,'hv\eA[I,Check sum is K
test,p&,Check sum is 6
test,"~W|?V""{[(ov nM:]lml!YRt=E\~lm
JGZ5U3?O
kn",Check sum is Z
test,}% I:Z.~\;Jc(@`j)xFdl>(s8$=?J7k,Check sum is 5
test,"@c
SN_`?r:n",Check sum is F
test,"Hc{0uFMm?C%nkCv_aN""0i7`_;e_@3iqbC6hu8:)J=",Check sum is I
test,"G\>8yOnG5B}F6=Iy&DhNS08WuN_yOF,152",Check sum is K
test,-|,Check sum is I
test,":P{k N_\'{8K$^$ohHZL-R.kczBr#PKo+""?kR6lL	2\pu:y",Check sum is E
test,Gh	bh!4xssQ~tW@7Y+8tKo!zzB.,Check sum is U
test,i]Fk,Check sum is W
test,fk8*bJ18xj#,Check sum is -
test,^L(4;'f'npsl341.@rxD/'W/{&|*{;?WoBmIl-/,Check sum is $
test,[b.Vj2NXQ\rNjs_z ,Check sum is &
test,"""6]/7%JEblhGBK",Check sum is 9
test,"F/o. }lfS""7S@E0I,?N)3uf!ly7MD=(wEjeuS.@Yy:Y4)nGWc",Check sum is 3
test,0m	,Check sum is F
test,"q	4!UKB;fO""3|Ca[f+BM\&/P$;f]:K yD2>|PI_r8A E",Check sum is *
test,"W8@{MK[nUfa.-)jYrLd\bm
i{8Lb",Check sum is O
test,NnIFqkfiA3M,Check sum is W
test,wS#u\yH+S}L$k-W;6~&t7[G=~hFU($wz-0Xih,Check sum is \
test,a#FW }aA|iQ5\FCMm|u=Gk;8jbwKN.=a	a#2c6C,Check sum is  
test,LRZB4'9>a,Check sum is M
test,P.>e5kVFQkD~?{	\vJ)z\rM.V7i,Check sum is <
test,)bvJFL,Check sum is =
test,"""Eo_U""u)%Tc'8DKfliQch2?ah_+.zMgO",Check sum is :
test,OA^?(kBfty(5-,Check sum is ?
test,"EmpBU.:[GsYl)Q|Xmm~s%(Y@.[{y3""}_!",Check sum is )
test,In%<feOx/ l(	 ,Check sum is V
test,"nz
+:(Q&=C?^J<6^Qky8d2bglWV5y
'wE9",Check sum is F
test,"/UA,",Check sum is Q
test,"<Ru	^/-ruc
2oS<c04R",Check sum is C
test,wwnVln^5Sz::M=9 Icc;.hp*GA,Check sum is %
test,uS,Check sum is (
test,Bt+3:|,Check sum is *
test,m6i,"Check sum is ,"
test," ZYJ
jx(BB%%HNsTS=q?IBn*m,f3x",Check sum is I
test,"evUXQ,ru#\l\""yH/HVif",Check sum is R
test,"NQMV$#n2mb$AC1'/<wEPcA5z<""XDm?\h""$Pd<{[u-p&r",Check sum is B
test,"]$`1wpZ?
HV5Xd\ ?R	$/u6mr0W""pcM""!",Check sum is J
test,"po>,UH#T@^3)odl{G&LXa{<;@=@""*nR
*Joa3yrg/Wu|",Check sum is (
test,'Y@]1#{W,Check sum is #
test,> RE[-q7e,Check sum is *
test,-=	|~pP_xl]TDdNn7*A[ZTf`FzLNZP,Check sum is Z
test,[	Q+%~^fooKK<	2	:irD(q>=*	ai1f&W,Check sum is Y
test,":v<
Z""""1sKZR;nx""+Vua_p(ZAA}(",Check sum is !
test,":*D!#?SfKv;g4 \8i""c",Check sum is =
test,"UP?	W9^w\eUZjD&WU*WM
SCQ@,/UO|o:~kE]\&""_$rb9kUjHX",Check sum is N
test,"CA""Kh-o,?z)`9:$*-%@gNpuRw`+;:)1dqRKtMD xs",Check sum is U
test,$O^;b,Check sum is N
test,rVp=#x*cw$^.^H7/[B!61P/&nsk@}T,Check sum is W
test,"
!|=4,1aKtl$kV",Check sum is F
test,d)!?b_$p@lK?fHo_H@prNq*FbtRCpTFORlcHFce>la,Check sum is 3
test,\]C&<J7HYRL`4b{<]#M	feKkE:5ob,Check sum is G
test,"_6V'@*t<7bF*z,#%5o+vv[1/glV%(U|\L",Check sum is (
test,"^$mGMP$5}[kg+""6'$(9zc^'r2y$sa{Y)<",Check sum is U
test,"v+r1AS&-T4y,|:)kU6bQ<`	-$&-6>n!-z5vEWCV?)pll",Check sum is C
test,c)g!1_le@t4mnzHL}0hIYl;*4b;F09,Check sum is .
test,_vY 93'_$NYwL,Check sum is .
test,3Y2t]fqVJ ]bq&ioXH4`R!@{:a^!xrGCp_%PDE	+Wr-,Check sum is [
test,;t8y^,Check sum is ^
test,LTzqKAL H|t2BG(L-rFY10h5eT=m ##z0.$wd!v.c|O{hSS,"Check sum is """
test,A\&SJHU'l(#;5,Check sum is +
test,"y=Lb#-N81w>*$QN,_~	<",Check sum is ;
test,@';%5^y^u,Check sum is F
test,"n]/'ep.RO|Op2R
boD`<rxO{\JRW","Check sum is """
test,5|_uKkT_~/7wJ*uN;4KGNig)GGYQBFppKan',Check sum is I
test,h_v1-tK!(xD:Pq(qd'PnDq,Check sum is Q
test,"Wf>!N*y_EmJ%4IFv&n:tQyA=>:u8QsZX,M`|CESg[hkE8j
",Check sum is A
test,"J.K_P:z)8%|""K	0/z(C d,6}WKTjpT__nHBr_a^W|-Ir!.",Check sum is Y
test,9n:N-oW'2J4F.sn]w,Check sum is B
test,"T#L""*",Check sum is /
test,E&=fOd*ig$efxEZel*.B;('#iP3M4-g`'dPDBJS:i; ,Check sum is V
test,f.lRCb,Check sum is W
test,M&l|V+4'b!.|}j[y)?7f5k`VO7Re?B;,Check sum is S
test,"v%>~,g6KnL%	0'8JzUF*",Check sum is K
test,<^X|;$#7[MH}YtI8Lj|>C>AbY\4#(NY>a`.d}0=K/R4Ru,Check sum is 3
test,"p_'`NS:Et\b/W[#4_
2;Vv","Check sum is """
test,"^atAZ((nh#_BSQf""K",Check sum is O
test,"""Vhhav}9RZ$wY)ko_HR.",Check sum is ?
test,"Ob?i'k++_J_ 0>1[ |_`iK4|fz""8~m	Z(uma""y",Check sum is P
test,L9$P	yd,Check sum is ?
test,W67s2JrHwq+oryasO@Vj:Lrz.dP(gD.LO;{F}'YCa#8,Check sum is E
test,&v#!F)a#4]giE,Check sum is Y
test,GW,Check sum is >
test,jh_6}[HO1Q,Check sum is 8
test,"/YQ?D',ur4
Wz680cmU!8bM^sMyFYv7\L?@F1(",Check sum is 9
test,aM2qT{_z :PlKIk8MT.epd,Check sum is .
test,'I,Check sum is P
test,"&o'tE5^\>ekd C	d'8aL/v[E'OTm
Hdw.lmsd^",Check sum is 7
test,s`G*C[tq%[a_w,Check sum is ^
test,"'+H/1""^#t~_w~*^;TLkm:u|/K!K0?%&nJ	",Check sum is J
test,"-	""qn",Check sum is W
test,"G)yn""2*@	Y:T)@NnXAh**-o7z{%<6;,MBkua<[,?($ u>,",Check sum is B
test,"stu'R%f	}mhVU>7UX]>($j6ct+\`TgbNX""c9NY+[5e3Gy
m&{",Check sum is @
test,xLXQ{/_$VZ~!]ctNf,Check sum is 1
test,GX{p@m	8;cW~4`!!\4p}K(p~;{KiY,Check sum is B
test,"t%J0(P@64!Wz4-N&A^;w
m S!e(Uhf;Vyv7I<Q93A/o2?^4",Check sum is C
test,i4T|#(!n1?vMrP3}g~^,Check sum is O
test,"H(B%h#\q'!)@C_7&~p6""oy*X]^6;]LQ;?BPc",Check sum is D
test,"p=Qf	:*y89R?2ctQ?rCmaN[*#HZ4Pq15dcoR""K^*@BZZsg\",Check sum is $
test,"5V.jOmf""'e?'r>rB""d{zT!<C8
{|;qH}7!?YIUiiMn@'Y",Check sum is Q
test,KSrY2RX},"Check sum is """
test,"#Nz}E,LO""+B",Check sum is #
test,"Eznp<v
s~""\b
ZSasc$	CVrx2^/mE3GY#",Check sum is O
test,;/3}u.m-:l7,Check sum is T
test,"}R_(;r(@~,rP&d]9pf{ol""/83`CKU.-",Check sum is ]
test,"]vd;R{|nAh%[LmzeREY}dM&Cj9.F'gq
;ID{A#/PC9",Check sum is S
test,Iw|.lS3I&&b0Lu,Check sum is $
test,"-	Ti^=HXm	QF;}$1sD""};N.4B ?d6;F~lWG;1.-zF8@0}pY","Check sum is """
test,"%|WA&""vd{;,&P`[>0pX<e595hvo~7'L}v*",Check sum is Z
test,0}y$069S6gb,Check sum is [
test,"p-KQhK
V\""LUPkby6cp.TuMb#;Z~;@3(l;j>n`;a",Check sum is U
test,;z+l'``e@cMX?(^?B]	5j>\_ r.<W*B\1=/]Egc]pDq,Check sum is *
test,wu}~9AphzVG(lcUdx}.tqJE>nE,Check sum is (
test,q^~,Check sum is -
test,"[efSFK
@Bl2 l
SNlu{CU""t>I)7|u{PK(`r|m3u5r",Check sum is 5
test,dI2@VNc,Check sum is F
test,"/w\{VFNn2
#",Check sum is T
test,"!Zo9uE""a7QxtI~.q'",Check sum is A
test,">to0aD4	A=^a
G9h_kW<,x3]Ji",Check sum is F
test,"t]r*eT%$$
pQMN+XQr1(qT=Hp2#mQn5	S",Check sum is D
test,xEIDK`_8^ciH`EFin5\;}N[K>T,Check sum is /
test,"I[b3m@s|D
FnDs^<AQp	s",Check sum is F
test,8tQMH)oFxhCfqm~qUgKiX%G6>qTuMO31<is3[=w^v~$}m,Check sum is B
test,"qRVCJ=.u|,CB
huB
~ElJV3'N 0LbZ",Check sum is U
test,"vJtkq)I(=H3fB3Qg'
(oi*T[8",Check sum is W
test,"D[1#y\3C?.l%ia=
",Check sum is -
test,"3gfUo,V,c1`sAggQ+^cWI(""A3",Check sum is #
test,"6E#sXup_""LE`@",Check sum is  
test,fR@l*^7Vg~VM~0aPo,Check sum is /
test,"Alh~?n#{,@9w!gG4C#@sN*N6:kO^xA'7~)AQ2@qxUt4bQ",Check sum is _
test,|hZF!UD eGLo#[Hi&<z*,Check sum is Z
test,"B)cU~kM$)_4B@x0\iv|j#Y Jg	KB7LDD9KywFeR,QRo",Check sum is A
test,"4.syHP20bJrt26BAw;J{g3lJLn< 
xA>+&Wx~oVopy",Check sum is >
test,"ps|HTmC?$ 	""FNAcH	.w5`(.$ie[E	Cp",Check sum is  
test,Bd`O/g;O\,Check sum is 1
test,"t2O!gZX6,39}x7fL[GfyYArP[wv3l 0",Check sum is O
test,"dewa@|N<,^j=P!y2}4(k1My~EGH0,y{",Check sum is 1
test,"/UcA
h@[3Jch
9x
<JRmeAOD$]]D6[c<(ID",Check sum is '
test,o*Z&fb	q3-&})>0.rS~cE(='`,Check sum is Z
test,"L3g.#%6Ou+^t
)He{y1}H	s^!7 )x'	*?g?#V~2{h0R",Check sum is =
test,"x;gg""*<-CF&U@",Check sum is Z
test,">}\v?""_[pn<RN`v",Check sum is X
test,mdl5;u=m4W$~(b{),Check sum is G
test,@hxI&;%z`E6Z%*5/x>|NuTzK(#,Check sum is J
test,jZE_k^s!)}O$sspG J)Zf241A4(-3s645{,Check sum is O
test,jd;yYkiVmT],Check sum is C
test,"HK80VMbA^WJ0O)K2 |IA4x\[0L76XK7Dj	4OMbk^%df#Qro
^$",Check sum is S
test,"$>	@!9#x9R-OPNy""nR'",Check sum is '
test,"S*_{,>|`0N*	c-w<0L+mza'\5;p'7 xVe|e>4L;vTDZljwfL",Check sum is 5
test,"}qYpF,c(G(K
v&KOd[",Check sum is M
test,"yGQRB:
Qk28{{]i?8nG>6='8F",Check sum is -
test,"Mm/|\m&|D%FnjC$v(/I/ZQ-gDWlOJG}XuOqb)
s_~N",Check sum is F
test,"
z_8):8A6|k6Ed DF/AH]\2q!p27wp8C",Check sum is -
test,"l'~]::n|,pf
+@&""aN?b 9f1|Z]~nogD&`
3cM[y	^/D(`q2""5",Check sum is G
test,u$Wr<r3w	IJ`nN>py,Check sum is 9
test,6N6f7L8g'd[52j39Q(]Y`tY*,Check sum is K
test,"<h5r7ep~|$Mv?):	,h+\IJ	j7dzaIVWbQ_Zyf-+VXy.O",Check sum is W
test,;gFEPa4u%-Q<?THD(CyX,Check sum is !
test,ldNesP&S#5t 09TQa8,Check sum is 2
test,"l<>+V|XZ@4Y:kZv
ETk@MC~h_&(fmdu[pcX^K/;B_3p+i",Check sum is E
test,%<J9Y<G(_,Check sum is '
test,"EdN
#k",Check sum is /
test,"U^]>i0*&RHs	hQ_`,{g1'Cv?0(kOR}*r9Nu,bqL5;U",Check sum is L
test,mk}!3RWS|j:LTfR;1EQx,Check sum is 7
test,"Ck\-8j/EJ{""H^FlK<d>Qud.+k_,i =B2I!",Check sum is 2
test,"TGJn@p=	ngH""eO4w']WP PB#	.uI""_}5 &/`=(",Check sum is )
test,"!kPiuMSFJc

-{)dMVW H&4xCoUO/A(ttJuoXymN""'",Check sum is C
test,"B|dQ~xE> ad=/]S@>""*MU{ppBsa/T~-	Czt2QDIzO4t",Check sum is S
test,"Np2Jmg3,Mc3Ldi""xQG]8",Check sum is P
test,2a9#^u PT]VC$R wA	Rpz5+L7@-J,Check sum is I
test,T=pmt_KR~6!Oq,Check sum is S
test,"93+_B0FTg (;gr<_hh _3J8
kGuTR8RIu*I8ch]SdHzMU(",Check sum is 9
test,"k/I,k
o6r:ND/aZ45$mk3B>E`{
m3y8ldT!1#*QfF5UJ5Zn",Check sum is U
test,"hpH 0k	>8Y""",Check sum is 5
test,"mlX<ch{3
gGC_&	:fD?RWU	t0\	uUL??!G""u,nQl67p",Check sum is I
test,6.WnMk6Gb#|_9(ErT	6(#hrV2?l8|:L2dK?%p,Check sum is P
test,"dIT7pf7j)vh:XW`0/h{
u3#2pZexI::K\N",Check sum is A
test,"wt@qp,fLP2C{C o?2aZOowx'R
=.zu^4;`& {H&;K#S",Check sum is *
test,7LMs\O6&A;v>t]:_nj)69g,Check sum is [
test,c}T,Check sum is T
test,e)*jmP6{tc85IZyOt/>$V43NI\..l|D,Check sum is \
test,/F{XgTkq:+:-,Check sum is K
test,I~`;JN5Lao:ZA1F`V +]3g,Check sum is /
test,"'3-=
}5{J7n>y18I`%*E'_OVc@OM!}tbB,:tbQUbr",Check sum is =
test,l),Check sum is 5
test,"Pu(K""[b v+""R$[7[;&aqs;&]aE^5M-'i_9C",Check sum is ?
test,3vTC%H]ER0]3zsa#+[W,Check sum is O
test,}@q~!gVFwoIoG<F	h7+WKlZR[JumW*t9]`m{Dzmx2Lt,Check sum is S
test,n7%f?8w(7Lw/Yg/6Z])_yN.C!Uq/H,Check sum is I
test,"}Y*`tg&hb]b/j&q>k_4HGeLP!P9	|3&lI=eao,]c]o|1@",Check sum is Z
test,1#Bx3GtzK9IL	sJ.~>$nB0BdR,Check sum is [
test,"A+WX!r(""yMqimhgWXS19tI>R8QKF.;o~.|	#!R",Check sum is &
test,"9M4VDG>T\+n,oq}>eT5FY?4Sq:0 ']Lu4xefU1ZQr|KHO",Check sum is T
test,"]q0	91+XB(!cM	g/{ ,NJdbMNHa""Y5H#",Check sum is 2
test,HBtrb{o*MhQdze=Pt7sDpE,Check sum is 3
test,"#)~@h&>dng4cmIT3iFP86=)""|iOM[R`",Check sum is F
test,^Mv\)<|Y=~i<hCUtwN4so^	d!M;K3J5i%+}tas47Kv$,Check sum is E
test,M	qgv3I4tQM_N3;nZBM,Check sum is 8
test,"Qu-tz?~i!I`
$e<RwMQU8G!`2U*
q!~qWE}sRC	?Zph6D
KV\n",Check sum is B
test,":fgx4X>kI*uXwc]B(l7!uwi,VvE",Check sum is K
test,X:v4QH`s@+HLntk(V(D<8$N#n3F@s	fAt eW.'V4\4D0h%,Check sum is Q
test,"p\a&90a@<Um3E9hlLA,aA\PcjDkq4",Check sum is (
test,"){MNcVg3$AE!|:NBl1""SLFzjdEJ TWP1{:ksSY/KE7FxWcFf",Check sum is #
test,":uZ""i\j6vS0UDe:#~}erg",Check sum is =
test,"}f3hp""xR&o0kEj",Check sum is Y
test,^[Sw]xjCyn{E3DYXsr^<:;U?=R/?-kb},Check sum is 0
test,[X>a9Q$^8t$g1z[H$hq4.h1meiGPj}<,Check sum is 0
test,|//]Ol%{3t,Check sum is Y
test,"Dcs@Wu
w$&h~:^*?x7+4gHzHm8UB#$vQ$<AKn,Ls|XpR",Check sum is \
test,J*nMA|5b5*hV\`=#i}+`)xN,Check sum is <
test,bTyx|Zwi]$cMe%DQrd-Pe$6cKmMWZt$Lv<27|E9.BS-u,Check sum is V
test,NNao,Check sum is L
test,",lOW>ZNpeB]#(1dV]4`.!Xl>*UGcwu!W&
t^, im_{%>",Check sum is ^
test,@Vmy+$96~z.byV@569	57k;wje[y\@n,Check sum is T
test,^jwo4&2&K[<z${R7X`iq@[>:!R:I^!4Byn3,Check sum is .
test,O?^,Check sum is L
test,"7#n+E-CTEy|b""g3lO65=)]Y#9gs(BSf",Check sum is O
test,"Ob`ae1#P(72TR9De1zrq9uTUY7q
I+GOjo#Dfa`+uq",Check sum is &
test,O>v*D,Check sum is Q
test,"\q2BU$_F:%x|O+i,+q5(s1\l)4{8H7_h=+'h&cl!}(h8<B h",Check sum is 4
test,BhX(7{g1_>f<p9kHp,Check sum is _
test,"!M~4dNO~	""",Check sum is *
test,"\UgBX4JP5#+&N~-R-[FY-V}t04IGT1%__,",Check sum is 7
test,V<9C[>`>*[m?EH,Check sum is #
test,"&;q${t	+;n3*1B(P8hFT@TR&%uiS3A""`7t}hwEs1`	pd&?""x%",Check sum is M
test,"Uv+b
v=Ok'_]?'nP\91i4~3'-UrfRx!7h?lW0Bil^ n",Check sum is J
test,">v.6(_2hq+jH,~4$E",Check sum is .
test,>w#8,Check sum is 0
test,"h+zE,5<5(3q_['_4aI>8>{_f_[\|a`V.,",Check sum is %
test,",lDe&V]Tr-G,]_;F|R jp]>2ndyAZ*&D","Check sum is ,"
test,>u0G{tK	2%=6:Z$%j<I*4.,Check sum is /
test,"		q6d]$suLfA77C""Ff{+uBtytLlKkXU,d@t-*wM\","Check sum is ,"
test,| gGK3T1WO5=cWC2%i'FFq` takX,Check sum is >
test,"2+&aSTuB~""g8x8E",Check sum is V
test,}e[5u+ii_8^zuDL%<^z9*HI_%o4,Check sum is L
test,\s],Check sum is L
test,"81'iO(,8AILE^ )[!?b9M{""}\37dw_Lrvfw>KmJ",Check sum is D
test,"C~KqRcrt>qwtg+54~$
|oQNQ)*X5:b%|p",Check sum is !
test,"pJ
OuJ3[^\>d+0em4Kni`vy'",Check sum is U
test,"D#,`o5\K X$
Xb9)hX$6+""p$1w",Check sum is C
test,c/QL,Check sum is O
test,"V}Ui.jgj]cKz,3x~}""UxF_x9v- dUYqq~X6",Check sum is 9
test,qtA&,"Check sum is ,"
test,q~GxWdd'*bG+<41J'mH>i},Check sum is =
test,"`=-f.Nf\""j=8)yHw\JVF)V+k`H\B",Check sum is M
test,'M8v(3r{,Check sum is J
test,k8F:cK@B(5?l 9=pKB{jg0jJE-Uu>C\46w>v(vcv+E~+9I&,Check sum is $
test,W	^vbauu}O;z	>LvTh7a>YW{'L$^2gYv5B1VK|-#J,Check sum is D
test,"lNp!-^bP`a
vH^IPLaJ?S<YF",Check sum is L
test,uP9?QDSr6^0-XP-wbr)rfx0A7itY'j=Y> <R,Check sum is 2
test,L5N`:=,Check sum is F
test,g[uw@k;p,Check sum is $
test,\=IuS4f+E4It	P:.l,Check sum is 2
test,mK,Check sum is X
test,:[!kRA`ueL+!>]r	Eh '8fjl|lb]w,Check sum is B
test,z(4zk&0|2_Ir/o|Tln4`adk]oPHh%[u,Check sum is F
test,/nS'&u1j#3S}UKiFlhBY.gPX$4dPd,Check sum is >
test,"Z@t}f{>%mAQi|OimQ]hd,H6n?",Check sum is I
test,x&=!o<(tv^MLzgVztLRiF;3'8qBNEen*xN,Check sum is X
test,"b]""	o>n9",Check sum is ^
test,p8tit{07ev	ERF>ulUFb:^;|3j$i	9$pirb,Check sum is $
test,9/z\U7*gy456X<$-VwMz*36*r5=\&1+IaU:PZtbTg&H ,Check sum is M
test,"~:sz""p=~`]R",Check sum is !
test,+S/\}(an{3Z&s'zY_t5N-c>Ygb\CAu,Check sum is S
test,"_d+X~Q~c~$)v	Mi?58Q9va&[
!I",Check sum is X
test,"m
;yc1eiT[tz""Z#\B&NKC[([;20~.N<?3
""2AMO/^ZS4O_",Check sum is C
test,"bQ
R3ncm6gom>sj&H$C}hIKgCgc#8{f;]w""_+",Check sum is -
test,"}vl1r'&NDn[*Y	-iD_AlP]<-|kz E1DI
1D2owWFtSN_(][PS",Check sum is A
test,"Y}H.n`""(1k",Check sum is  
test,"
6E+&dUJ*'*&RX%`g;NDLjK",Check sum is >
test,hWsBsDZ?[5k498z<t$xi7O#][SgIC>PXB`i7@b,Check sum is $
test,"NR#AIZP~E""zN#|yR7-\Dkz]\fJE^qe9M8Vbrm7Ddj#m4H",Check sum is #
test,"pM%WICMXp,iE'N;/\i2t/%##7~fP6""</.M}7*#","Check sum is """
test,"*:<S]|dta)?
$R9xrC&BHL<Of}O3""& j;","Check sum is ,"
test,"%x[-""""pd2.|'Z6gWD>jP/s,=A=Hv;bw",Check sum is E
test,w:_{^/YxG[5|$}eNs(fQh]ZaPl{qwpl_>%Y-}J+S'dM2[~,Check sum is -
test,(j:6jgF?05zz3fj<3=96PpOnnC!ITcZSMRT,Check sum is ^
test,0izdGqP3#i=z$`cZSEsTG|=f,Check sum is [
test,"(xV?.q_,{C;C]4R0sM;",Check sum is I
test,"#aR47T4TAFhw{<'g37q
s!O[.Wz@y{",Check sum is >
test,{	U-zWw0X59+zBx(KFW.a7 G1KBu&Ut3[~%&nV`0>DVk;r_N6m,Check sum is M
test,pE8B(;=IXEm%<&NG#K`7GoLfpU~),Check sum is 7
test,"{X,((,RfEGR@3
7U6C?8+?Lt0,#C/u<o6`p  WiGDX9?VM&",Check sum is O
test,",g%(C",Check sum is C
test,NV[cG/e}Du[,Check sum is .
test,"3A+I xAvwx}!,Ty""",Check sum is ?
test,+Je/? ICSq{t)t%f&jVeSfsiDcG#HuAQhirqu&	CGA(HC,Check sum is E
test,"pu4
",Check sum is C
test,[EOx#>	*}YM09{l]o,Check sum is Z
test,da7M1,Check sum is Z
test,7nfnV	 &0&`([P&j0Z<Tb-0,Check sum is 0
test,2rlC_XOi5_c/,Check sum is H
test,"dM9Vgp1\KdKUxZM!b!6n^JPoolmQ77jU-Ot4	#5_8(%""W",Check sum is I
test,"1uE<!Z3m( _U9nho.?+{,8jD 	?GL9|4;Bu",Check sum is W
test,?]jjE/`:v<O\PL~sYP}/<wijOex=gk;[LJ3D_=8,Check sum is U
test,"Df""U""{^sm=U^n^w""",Check sum is 1
test,"T%b)Xm""o""g	\1*?168@Ad2$O_(",Check sum is 2
test,klm{<'	58<`,Check sum is T
test,"!Xc ;tTSX*qRySwe$:5k?tD,",Check sum is @
test,"1ol""
6",Check sum is N
test,"XtE=+N
t1C:=r?*",Check sum is +
test,)cb*qwPLEr,Check sum is 3
test,{	X&#Cl@R;7;,Check sum is 3
test,"#)*N""l;XoI`gHF[UibOYxsHZ/v]GUYiL)#",Check sum is :
test,"%([/K""A_	tmaDg8?hmRB",Check sum is Z
test,^aEKZrc'D$wvv>1Hp-\ 	epvS,Check sum is G
test,>Ls]rK{xK|f,Check sum is W
test,"X,Qq*|/O",Check sum is J
test,"Xwt7!>)|3|ke@>g3y+CPHM'5V,U",Check sum is 4
test,bs~txEu%N(`E(GorU`wmA}{07(~*&jv,Check sum is 8
test,"	/525l)K*.b*d""",Check sum is >
test,q}@kx+gn;,"Check sum is ,"
test,:Z%K-3&YL2p'cG,Check sum is B
test,"93(GwCCIs>XHr;`Q
G0=xpGI#z@0Q8+!M",Check sum is U
test,"*Kp
Y~mri6dRF%bXs",Check sum is 2
test,	7kfKp,"Check sum is ,"
test,ZQxEZ+`*y1*9(E.;,Check sum is :
test,"d4
s<
+;bVe^9p>k>aI ;+fUvQOeI66 ",Check sum is '
test,"f $t	?/tr\CYC,M_.St9W",Check sum is 3
test,m^WE	l>'W5!E}/>kBFyON'G	saCz ]11>&9).Vb/.yZZ1\M],Check sum is Z
test,"[JmxSvCa_^=HS<\>1fNO~W9jT+t5h|%xb<]\70/P/Oed,O",Check sum is V
test, bc>(shi^n9U6.4x*cWId;Y,Check sum is >
test,|]{^S4	p]|loB Jj	 N&dTspUH<C:,Check sum is *
test,"[7tA\Fo},Vz~/2",Check sum is P
test,"<Cs;<=A$1""pe""M\aBu>tYl%m'.{IF@}|FEWKP",Check sum is T
test,"	l=Z?kAp?s'^ 8Ox6	,*	X&h%V^uf=M0mYR+Cs(OnIS",Check sum is I
test,3)	~c]!e~fx1jucWp}$t<)wA8~_0a2N,Check sum is 7
test,"TT^[3?kcjY&Vf\rxEFR""lvvpjB=Pt`gO|vc{	3C@^n8u""}e""U",Check sum is 9
test,"rm`{;#b$""h5N",Check sum is K
