set,input1,output1
train,,Check sum is  
train,	,Check sum is )
train,"
",Check sum is *
train,"B
","Check sum is ,"
train,"

",Check sum is 4
train,"

















































",Check sum is T
train,                                                  ,Check sum is  
train,ssssssssssssssssssssssssssssssssssssssssssssssssss,Check sum is V
train,"CD
CD
CD
CD
CD
CD
CD
CD
CD
CD
CD
CD
CD
CD
CD
CD
CD",Check sum is 7
train,"x
y x
y x
y x
y x
y x
y x
y x
y x
y x
y x
y x
y x
",Check sum is &
train," 
 
 
 
 
 
 
 
 
 
 
 
 
 
 
 
 
 
 
 
 
 
 
 
 
",Check sum is :
train, ,Check sum is @
train,!,Check sum is A
train,"""",Check sum is B
train,#,Check sum is C
train,$,Check sum is D
train,%,Check sum is E
train,&,Check sum is F
train,',Check sum is G
train,(,Check sum is H
train,),Check sum is I
train,*,Check sum is J
train,+,Check sum is K
train,",",Check sum is L
train,-,Check sum is M
train,.,Check sum is N
train,/,Check sum is O
train,0,Check sum is P
train,1,Check sum is Q
train,2,Check sum is R
train,3,Check sum is S
train,4,Check sum is T
train,5,Check sum is U
train,6,Check sum is V
train,7,Check sum is W
train,8,Check sum is X
train,9,Check sum is Y
train,:,Check sum is Z
train,;,Check sum is [
train,<,Check sum is \
train,=,Check sum is ]
train,>,Check sum is ^
train,?,Check sum is _
train,@,Check sum is  
train,A,Check sum is !
train,B,"Check sum is """
train,C,Check sum is #
train,D,Check sum is $
train,E,Check sum is %
train,F,Check sum is &
train,G,Check sum is '
train,H,Check sum is (
train,I,Check sum is )
train,J,Check sum is *
train,K,Check sum is +
train,L,"Check sum is ,"
train,M,Check sum is -
train,N,Check sum is .
train,O,Check sum is /
train,P,Check sum is 0
train,Q,Check sum is 1
train,R,Check sum is 2
train,S,Check sum is 3
train,T,Check sum is 4
train,U,Check sum is 5
train,V,Check sum is 6
train,W,Check sum is 7
train,X,Check sum is 8
train,Y,Check sum is 9
train,Z,Check sum is :
train,[,Check sum is ;
train,\,Check sum is <
train,],Check sum is =
train,^,Check sum is >
train,_,Check sum is ?
train,`,Check sum is @
train,a,Check sum is A
train,b,Check sum is B
train,c,Check sum is C
train,d,Check sum is D
train,e,Check sum is E
train,f,Check sum is F
train,g,Check sum is G
train,h,Check sum is H
train,i,Check sum is I
train,j,Check sum is J
train,k,Check sum is K
train,l,Check sum is L
train,m,Check sum is M
train,n,Check sum is N
train,o,Check sum is O
train,p,Check sum is P
train,q,Check sum is Q
train,r,Check sum is R
train,s,Check sum is S
train,t,Check sum is T
train,u,Check sum is U
train,v,Check sum is V
train,w,Check sum is W
train,x,Check sum is X
train,y,Check sum is Y
train,z,Check sum is Z
train,{,Check sum is [
train,|,Check sum is \
train,},Check sum is ]
train,~,Check sum is ^
train,)f,Check sum is /
train,YX,Check sum is Q
train,'%,"Check sum is ,"
train,?!,Check sum is @
train,.4,Check sum is B
train,RR,Check sum is D
train,e@,Check sum is E
train,L8,Check sum is $
train,Tk,Check sum is _
train,Ob,Check sum is Q
train,	I,Check sum is 2
train,tH,Check sum is \
train,7R,Check sum is )
train,"
q",Check sum is [
train,9&,Check sum is ?
train,Y@,Check sum is 9
train,U7,"Check sum is ,"
train,T0,Check sum is $
train,n},Check sum is K
train,UW,Check sum is L
train,(R,Check sum is Z
train,fj,Check sum is 0
train,uN,Check sum is #
train,u#,Check sum is 8
train,VN,Check sum is D
train,+<,Check sum is G
train,~K,Check sum is )
train,Bt,Check sum is V
train,9r,Check sum is K
train,>{,Check sum is Y
train,i.,Check sum is 7
train,0z,Check sum is J
train,]J,Check sum is G
train,4`,Check sum is 4
train,!$,Check sum is %
train,sU,Check sum is (
train,88,Check sum is P
train,6s,Check sum is I
train,",t",Check sum is @
train,=b,Check sum is ?
train,GG,Check sum is .
train,YP,Check sum is I
train,L=,Check sum is )
train,}Z,Check sum is 7
train,5/,Check sum is D
train,g/,Check sum is 6
train,&C,Check sum is I
train,+G,Check sum is R
train,g7,Check sum is >
train,z{,Check sum is U
train,<{,Check sum is W
train,DL,Check sum is 0
train,"
r",Check sum is \
train,^c,Check sum is !
train,aM,Check sum is N
train,sUK,Check sum is 3
train,.|d,Check sum is .
train,Y1 ,Check sum is J
train,!mt,"Check sum is """
train,Y2V,Check sum is A
train,\Z$,Check sum is :
train,"
Sq",Check sum is .
train,z?S,"Check sum is ,"
train,W}P,Check sum is D
train,nGl,Check sum is A
train,",yj",Check sum is /
train,"C:
",Check sum is '
train,+83,Check sum is 6
train,0yf,Check sum is /
train,l[-,Check sum is T
train,wtK,Check sum is V
train,~; ,Check sum is 9
train,T;D,Check sum is 3
train,8GK,Check sum is *
train,9fl,Check sum is +
train,iz=,Check sum is @
train,2.>,Check sum is >
train,BT=,Check sum is 3
train,E*	,Check sum is X
train,dkw,Check sum is &
train,}aX,Check sum is V
train,Eh1,Check sum is >
train,S9),Check sum is U
train,V)@,Check sum is _
train,"dt""",Check sum is Z
train,>6q,Check sum is E
train,r =,Check sum is /
train,}.x,Check sum is C
train,\2w,Check sum is %
train,2Lz,Check sum is X
train,^(T,Check sum is :
train,"0,|",Check sum is 8
train,O!},Check sum is M
train,eJs,Check sum is B
train,`*{,Check sum is %
train,]0h,Check sum is U
train,Wa7,Check sum is O
train,z!D,Check sum is ?
train,r~:,Check sum is J
train,a+|,Check sum is (
train,B<N,"Check sum is ,"
train,"o,:",Check sum is 5
train,F+;,Check sum is L
train,Dyr,Check sum is O
train,HK<,Check sum is /
train,"	OxLXLC(+LQp [S%0m``i^=pc
,LKjYq0T1",Check sum is  
train,"BTj55[,8x7'.{e{y	5.NMGWDq[fcL_#Befp",Check sum is *
train,"nLb{	M+/mWC`($R'XO7sL1/?r+yEOCrIn""",Check sum is G
train,D&YbglT:`v|K=p5S&b1qT,Check sum is 6
train,d;$1lXL2c,Check sum is 9
train,fb}Mm,Check sum is _
train,WG+\d]hM}f/|14+N5|&W,Check sum is U
train,"ya:XpA5R$ I0&	^PCV\Eun,^F8-8Z,%>3MfxLCY",Check sum is W
train,V],Check sum is S
train,!A(gFeT31;}_vZMtq;&Gj+Js.O,Check sum is D
train,"ze3X\Uki^5b83%
ejp5(|-|*qx~92MAfK:;b",Check sum is 1
train,@l	^v,Check sum is )
train,",w`.1ceU1uA	r0Pe1",Check sum is W
train,%bLTx=_5'H,Check sum is ?
train,"\r{""iz*>wY[XvYlgUYMJDf'wdDevgN8d]I2+",Check sum is _
train,pnnmgp/q!hm1inCow5d&8FCxCGRK4~LmoFC,Check sum is 9
train,TM6F]$sCwBthg,Check sum is 0
train,"<|XtUN:8rJ""@c}%*UZ`E's>*|x,IsaQ,V}I;*""i","Check sum is """
train,/Uv?'3;GGw6EXLG=RA'-t([VzPMYUr!t%$85n$o kQ,Check sum is )
train,\5sK#y!/N@}]&$|iIZ^(:B,Check sum is W
train,bcw5WMV;!C{_\'6hoii.,Check sum is T
train,:'C>!m[RR(d9<;%l'@6S]DF5qV}?9V:ac9vUCfFz-xcy,Check sum is &
train,DB59g=v\2M;HTgF(fDfcr]D1+H@(N,Check sum is U
train,L)YG:\L#|hNTB$VlYfORbA_M,Check sum is W
train,"]""^?HT{t>Jd?m3q|?J(gdIj1Z_s?Sg@ge
\ToESz",Check sum is K
train,"^<=F/^37O&~B3#l_~T$fXH7WS,
v7N",Check sum is X
train,"tADP=?9>c2"",bWq",Check sum is )
train,"lGcut{3_T,dy),6+ITk.(WlJ.",Check sum is X
train,"B2o*{t5'Rr;;""iM9y""/@BTcDx-U",Check sum is D
train,"&Oibwey
	&p",Check sum is ^
train,"ZIi;wfNwqBx/>w\,P`,;*#ZUueMs4",Check sum is A
train,TlO{8jROOekXPU012G%,Check sum is H
train,"j4	g)#&#PAO` \\wJ/ETau+L'p""\M~MI'FCq	nR""n>5n",Check sum is B
train,n34}K=8GC{pCENOF2nY^n& ^UF/J\ ?HWQLo#3Y7{	u_ENo,Check sum is 5
train,"|,8kj!=",Check sum is 3
train,"2=a3/^2bLVb~EC(u,",Check sum is W
train,x/Sr$r!1XUg},Check sum is E
train,%yy\ga5Y,Check sum is )
train,"hy0$v(Nv6i`M,x3Bv(2k2j^t'BH5f",Check sum is Q
train,"dH,sR	VP_Ywt>'W#c
<}y11pw1uZ]2\",Check sum is A
train,"4a@4?_Z!3d(ZR<d?ly2wBN5oD.^nw+))fv>|"";L	Cd!Mk D@*@",Check sum is V
train,"*eNU6O-
	8",Check sum is O
train,"n6U8aD;pIn+djPK=tgzlkmfUB)L1/V.V5PlU7]$DCZKMI[Eo,i",Check sum is R
train,";6S,:E]ig_[-kF_CzoE]T&+J[nR-SSG=^ajud[i",Check sum is (
train,"s49m>oIa)!z\I:5D	1<&+mLKw8JFUn&bw?`n+bB?

r$lkf",Check sum is .
train,Oy.X'sR><E^,Check sum is 7
train,"tW-)AU-c""f$_aY8#uM(;","Check sum is ,"
train,\ciQ'+NCgr''!wGM*jYy-%j,Check sum is 1
train,".eojlU[fdV@}5'1Zes(s&
F4GR-<-Wg",Check sum is 6
train,*NnWNy,Check sum is $
train,"SLl036jzp!Y;~Tu+tV
l",Check sum is ?
train,";~2r94H%iwfj!3z/&/}puRb]S@O/&h$C#""'
!2l@DJ>'C\""",Check sum is ;
train,eQ0Nyib%Gtk\OK,Check sum is Y
train,"\(,
	hWys1u^fToLUmS5zY-76	""0,% ||^r",Check sum is R
train,"b`N)g9g,MJ9Ok}Ec",Check sum is ;
train,-KG(9v-Hw3iVq#?xE[,Check sum is ?
train,"pM9xMrBX>&\mnzHBglCB#mwO6<""nL0.RO
5ir|n9_f?z",Check sum is <
train,"ct`@x4AQx0Y5vLw{OTFzMu1u$}N.qeQ	A
1zR]}YKA>}M",Check sum is &
train,Q'unwG#\,Check sum is 8
train,\}U1t0F5ydAc|wgaq>Pr\V^B20- ak4m|'V4c.~q=Ti8N18,Check sum is O
train,	2DBO,Check sum is 0
train,":Al_*iJH9Z^HN<h8,
6URAR: sHlc",Check sum is 8
train,":llNlo0vZ6*""dEqbl",Check sum is E
train,"}
du/7Z@J?G*(%7hMYhFr","Check sum is ,"
train,"lc+Yf^_!yKDUUY^eCjfGQVv2M+	b""^GIP",Check sum is 1
train,"@@X=4<PO}9FoaiB	G@|liugR[(%Q5NOJAll.h;X.#n
d(",Check sum is 6
train,"oh x{6\IW@]di5rg<MW\o|KYEcxM&(,$[iyz xr;""*}*sW",Check sum is C
train,"42]h1IS(Hp=L^b=%qNZtn]*P'r+DjB""SCs?QoE>wuUu@y.",Check sum is 3
train,:3Qc12aiGYF2lh`_oynu2^bv.Q|<;wyW<+T>9;Y<;<d=,Check sum is _
train,"oq
hbWc	N""/5}8Vv33c!uCUEK1T#r",Check sum is M
train,jT.j-zix]R][BF	LqR,Check sum is E
train,8jxA,Check sum is ;
train,_lCK.U?>uMMz|k-SiJd{)6a:,Check sum is 5
train,")-Q%
'zM}ZD|",Check sum is ;
train,O:ggt[<dfFQ]!%Y|I).z8}S(<,Check sum is !
train,"!*/+>(SN_M\EAQG"".iC/t^
qVLY@	/8aB/t!B.*X
",Check sum is 8
train,"%XiqITu
IXzt]F<3vzjpwg8`<7O~qUT9rH5O]OHDfL",Check sum is /
train,7v	@2L}ulh)7VAe+~.MQuV2me,Check sum is :
train,"#j$E8R.RJSb,@b#{*rI0D+RO
QYue|Q:[Nu""-y8HW",Check sum is B
train,%e<?39;w *0(@E47I+))0x~PNfows{ln1YuD<>nm,Check sum is K
train,$;veD[5`DU[cWX$;c|,Check sum is R
train,z=v FM/!v{{y/Kjxt2K2E	Rj&r7x7!wf,Check sum is :
train,(-d@/Oiuy	N}|iH|N.jHG(>+nzbA_0Q3]|S,Check sum is ;
train,"""{QxmvCc@O|Dk;8[%Q	*vX )X/	|hCWNFx2;b	",Check sum is I
train,"(ii
A;X-6{0]MOIX|xwn{.[4 7V==to)x=VMtDXdSUr1",Check sum is ;
train,(vnfDPNN &S=3F+0j}I9q$ ,Check sum is J
train,-OB^x`X&qSf,Check sum is <
train,"Gm""9tBU
y'bu;Er[u_x>XpZt4YSsS>F9zR	!1DXG]w?9",Check sum is !
train,o&VcG_$B2!?(pEp #,Check sum is \
test,5*,Check sum is ?
test,C|,Check sum is _
test,#p,Check sum is 3
test,",5",Check sum is A
test,0G,Check sum is W
test,pB,Check sum is R
test,+u,Check sum is @
test,dh,"Check sum is ,"
test,s;,Check sum is N
test,.P,Check sum is ^
test,l`,"Check sum is ,"
test,+j,Check sum is 5
test,~Z,Check sum is 8
test,pX,Check sum is (
test,p{,Check sum is K
test,)S,Check sum is \
test,EE,Check sum is *
test,{&,Check sum is A
test,(B,Check sum is J
test,"t,",Check sum is @
test,Y;,Check sum is 4
test,)1,Check sum is :
test,Y\,Check sum is U
test,q.,Check sum is ?
test,O~,Check sum is -
test,D#,Check sum is G
test,",_",Check sum is +
test,:4,Check sum is N
test,}O,"Check sum is ,"
test,jJ,Check sum is T
test,e?,Check sum is D
test,8P,Check sum is (
test,nv,Check sum is D
test,mJ,Check sum is W
test,OJ,Check sum is 9
test,rn,Check sum is @
test,"""Z",Check sum is \
test,I`,Check sum is I
test,(.,Check sum is 6
test,nU,Check sum is #
test,xf,Check sum is >
test,xl,Check sum is D
test,<n,Check sum is J
test,Oy,Check sum is (
test,`',Check sum is '
test,XI,Check sum is A
test,.7,Check sum is E
test,>U,Check sum is 3
test,<o,Check sum is K
test,Sh,Check sum is [
test,_o,Check sum is .
test,q8,Check sum is I
test,H1,Check sum is Y
test,"_
",Check sum is I
test,}l,Check sum is I
test,[7,Check sum is 2
test,M',Check sum is T
test,EW,Check sum is <
test,1P,Check sum is !
test,{O,Check sum is *
test,:q,Check sum is K
test,cH,Check sum is K
test,YC,Check sum is <
test,/q,Check sum is @
test,x9,Check sum is Q
test,-J,Check sum is W
test,"I""",Check sum is K
test,:T,Check sum is .
test,3F,Check sum is Y
test,=g,Check sum is D
test,PP,Check sum is @
test,!n,Check sum is /
test,<X,Check sum is 4
test,r1,Check sum is C
test,4l,Check sum is @
test,sp,Check sum is C
test,CT,Check sum is 7
test,;u,Check sum is P
test,N$,Check sum is R
test,X^,Check sum is V
test,hj,Check sum is 2
test,eG,Check sum is L
test,@A,Check sum is !
test,--,Check sum is :
test,=0,Check sum is M
test,lj,Check sum is 6
test,~{,Check sum is Y
test,*y,Check sum is C
test,Um,"Check sum is """
test,j8,Check sum is B
test,C	,"Check sum is ,"
test,:b,Check sum is <
test,r	,Check sum is [
test,Ky,Check sum is $
test,tH,Check sum is \
test,--,Check sum is :
test,'M,Check sum is T
test,rg,Check sum is 9
test,"""x",Check sum is :
test,J/,Check sum is Y
test,Zd,Check sum is ^
test,I9,"Check sum is """
test,mn,Check sum is ;
test,]\,Check sum is Y
test,xx,Check sum is P
test,al,Check sum is -
test,H>,Check sum is &
test,\:,Check sum is 6
test,3#,Check sum is 6
test,![,Check sum is \
test,tV,Check sum is *
test,e*,Check sum is /
test,In,Check sum is W
test,XA,Check sum is 9
test,(},Check sum is E
test,vs,Check sum is I
test,nw,Check sum is E
test,aW,Check sum is X
test,F.,Check sum is T
test,{X,Check sum is 3
test,u*,Check sum is ?
test,&@,Check sum is F
test,AY,Check sum is :
test,"""c",Check sum is %
test,",)",Check sum is 5
test,W(,Check sum is _
test,p5,Check sum is E
test,ZX,Check sum is R
test,*B,Check sum is L
test,W!,Check sum is X
test,l+,Check sum is 7
test,d(,"Check sum is ,"
test,)n,Check sum is 7
test,`=,Check sum is =
test,Sk,Check sum is ^
test,7	,Check sum is  
test,uE,Check sum is Z
test,a0,Check sum is 1
test,4=,Check sum is Q
test,\|,Check sum is 8
test,-U,"Check sum is """
test,ow,Check sum is F
test,@X,Check sum is 8
test,&|,Check sum is B
test,A^,Check sum is ?
test,x),Check sum is A
test,~Z,Check sum is 8
test,1v,Check sum is G
test,Di,Check sum is M
test,h+,Check sum is 3
test,hY,Check sum is !
test,"W,",Check sum is #
test,$.,Check sum is 2
test,aN,Check sum is O
test,"""j","Check sum is ,"
test,:Y,Check sum is 3
test,=z,Check sum is W
test,DD,Check sum is (
test,:l,Check sum is F
test,Vv,"Check sum is ,"
test,K#,Check sum is N
test,4Q,Check sum is %
test,@a,Check sum is A
test,Yj,Check sum is #
test,EW,Check sum is <
test,D1,Check sum is U
test,|^,Check sum is :
test,Tx,"Check sum is ,"
test,wS,Check sum is *
test,t4,Check sum is H
test,TJ,Check sum is >
test,G5,Check sum is \
test,n2,Check sum is @
test,;],Check sum is 8
test,?E,Check sum is $
test,",T",Check sum is  
test,%y,Check sum is >
test,"""C",Check sum is E
test,;1,Check sum is L
test,OJ,Check sum is 9
test,:1,Check sum is K
test,s;,Check sum is N
test,[z,Check sum is 5
test,CU,Check sum is 8
test,\o,Check sum is +
test,0V,Check sum is &
test,{d,Check sum is ?
test,Iw,Check sum is  
test,E3,Check sum is X
test,)|,Check sum is E
test,tf,Check sum is :
test,%{,Check sum is @
test,=m,Check sum is J
test,"A""",Check sum is C
test,"
S",Check sum is =
test,._,Check sum is -
test,"
k",Check sum is U
test,uT,Check sum is )
test,y~,Check sum is W
test,j2,Check sum is <
test,?a,Check sum is @
test,lM,Check sum is Y
test,2b,Check sum is 4
test,&1,Check sum is 7
test,\&,"Check sum is """
test,",m",Check sum is 9
test,'[,"Check sum is """
test,_%,Check sum is $
test,b&,Check sum is (
test,0I,Check sum is Y
test,J(,Check sum is R
test,sE,Check sum is X
test,>Y,Check sum is 7
test,s6,Check sum is I
test,y ,Check sum is 9
test,K2,Check sum is ]
test,"b""",Check sum is $
test,"
'",Check sum is Q
test,"
C",Check sum is -
test,<#,Check sum is ?
test,hs,Check sum is ;
test,?l,Check sum is K
test,z],Check sum is 7
test,%{,Check sum is @
test,Eu,Check sum is Z
test,\@,Check sum is <
test,JR,Check sum is <
test,"y,",Check sum is E
test, F,Check sum is F
test,kr,Check sum is =
test,%G,Check sum is L
test,)1,Check sum is :
test,Eh,Check sum is M
test,j^,Check sum is (
test,m3,Check sum is @
test,ZD,Check sum is >
test,\.,Check sum is *
test,6h,Check sum is >
test,Yc,Check sum is \
test,W&,Check sum is ]
test,kF,Check sum is Q
test,Wg,Check sum is ^
test,k~,Check sum is I
test,C<,Check sum is _
test, e,Check sum is %
test,",6",Check sum is B
test,zc,Check sum is =
test,a(,Check sum is )
test,<z,Check sum is V
test,&w,Check sum is =
test,ru,Check sum is G
test,RC,Check sum is 5
test,4u,Check sum is I
test,"m
",Check sum is W
test,;@,Check sum is [
test,D6,Check sum is Z
test,g_,Check sum is &
test,Z),Check sum is #
test,-#,Check sum is 0
test,]~,Check sum is ;
test,jk,Check sum is 5
test,"""3",Check sum is 5
test,'`,Check sum is '
test,nu,Check sum is C
test,a[,Check sum is \
test,a;,Check sum is <
test,]r,Check sum is /
test,	V,Check sum is ?
test,ZG,Check sum is A
test,yB,Check sum is [
test,($,"Check sum is ,"
test,",A",Check sum is M
test,w:,Check sum is Q
test,:c,Check sum is =
test,g2,Check sum is 9
test,7),Check sum is @
test,Nd,Check sum is R
test,M*,Check sum is W
test,n6,Check sum is D
test,xv,Check sum is N
test,#i,"Check sum is ,"
test,{ ,Check sum is ;
test,'X,Check sum is _
test,}@,Check sum is ]
test,wz,Check sum is Q
test,xs,Check sum is K
test,/\,Check sum is +
test,iW,Check sum is  
test,"E""",Check sum is G
test,f8,Check sum is >
test,R9,Check sum is +
test,-N,Check sum is [
test,d	,Check sum is M
test,`+,Check sum is +
test,}k,Check sum is H
test,AK,"Check sum is ,"
test,'p,Check sum is 7
test,+:,Check sum is E
test,:',Check sum is A
test,TN,Check sum is B
test,v%,Check sum is ;
test,w>,Check sum is U
test,^y,Check sum is 7
test,O2,Check sum is !
test,=z,Check sum is W
test,0t,Check sum is D
test,<V,Check sum is 2
test,KD,Check sum is /
test, ],Check sum is ]
test,:B,Check sum is \
test,Z>,Check sum is 8
test,^*,Check sum is (
test,"1,",Check sum is =
test,:},Check sum is W
test,P?,Check sum is /
test,(k,Check sum is 3
test,}],Check sum is :
test,H_,Check sum is G
test,'5,Check sum is <
test,L8,Check sum is $
test,V_,Check sum is U
test,/C,Check sum is R
test,(q,Check sum is 9
test,$A,Check sum is E
test,UJ,Check sum is ?
test,+Y,Check sum is $
test,O ,Check sum is O
test,m<,Check sum is I
test,l$,Check sum is 0
test,|S,Check sum is /
test,oI,Check sum is X
test,H/,Check sum is W
test,Q!,Check sum is R
test,8x,Check sum is P
test,W3,Check sum is *
test,MD,Check sum is 1
test,k{,Check sum is F
test,e/,Check sum is 4
test,s:,Check sum is M
test,Eb,Check sum is G
test,X3,Check sum is +
test,q	,Check sum is Z
test,O4,Check sum is #
test,7K,"Check sum is """
test,4t,Check sum is H
test,=	,Check sum is &
test,[Y,Check sum is T
test,dj,Check sum is .
test,Rb,Check sum is T
test,aw,Check sum is 8
test,aL,Check sum is M
test,k%,Check sum is 0
test,d&,Check sum is *
test,N\,Check sum is J
test,!k,"Check sum is ,"
test,+H,Check sum is S
test,YD,Check sum is =
test,aK,Check sum is L
test,3C,Check sum is V
test,|-,Check sum is I
test,ch,Check sum is +
test,Kr,Check sum is ]
test,KO,Check sum is :
test,R-,Check sum is _
test,`P,Check sum is P
test,Bf,Check sum is H
test,L6,"Check sum is """
test,Va,Check sum is W
test,|#,Check sum is ?
test,K],Check sum is H
test,$Q,Check sum is U
test,jW,Check sum is !
test,nO,Check sum is ]
test,"K
",Check sum is 5
test,./,Check sum is =
test,Vd,Check sum is Z
test,!],Check sum is ^
test,pf,Check sum is 6
test,e0,Check sum is 5
test,&U,Check sum is [
test,<p,Check sum is L
test,#S,Check sum is V
test,9\,Check sum is 5
test,5B,Check sum is W
test,=o,Check sum is L
test,PR,Check sum is B
test,0k,Check sum is ;
test,q8,Check sum is I
test,r=,Check sum is O
test,Pq,Check sum is !
test,"
^",Check sum is H
test,q1,Check sum is B
test,H7,Check sum is _
test,M4,Check sum is !
test,c ,Check sum is #
test,Hd,Check sum is L
test,Sm,Check sum is  
test,R#,Check sum is U
test,VD,Check sum is :
test,|h,Check sum is D
test,Vw,Check sum is -
test,BC,Check sum is %
test,Tg,Check sum is [
test,-s,Check sum is @
test,.m,Check sum is ;
test,!&,Check sum is '
test,Yj,Check sum is #
test,Z),Check sum is #
test,C&,Check sum is I
test,L{,Check sum is '
test,s2,Check sum is E
test,rM,Check sum is _
test,Y4,Check sum is -
test,=t,Check sum is Q
test,bX,Check sum is Z
test,"h""",Check sum is *
test,WY,Check sum is P
test,}R,Check sum is /
test,HT,Check sum is <
test,jV,Check sum is  
test,>j,Check sum is H
test,{!,Check sum is <
test,",X",Check sum is $
test,C4,Check sum is W
test,s.,Check sum is A
test,"=""",Check sum is ?
test, S,Check sum is S
test,6),Check sum is ?
test,!0,Check sum is 1
test,#k,Check sum is .
test,PJ,Check sum is :
test,r4,Check sum is F
test,E`,Check sum is E
test,x},Check sum is U
test,XC,Check sum is ;
test,8 ,Check sum is 8
test,Ah,Check sum is I
test,X4,"Check sum is ,"
test,VK,Check sum is A
test,CP,Check sum is 3
test,"M,",Check sum is Y
test,H',Check sum is O
test,HS,Check sum is ;
test,bn,Check sum is 0
test,z(,Check sum is B
test,U ,Check sum is U
test,X/,Check sum is '
test,2=,Check sum is O
test,>',Check sum is E
test,A&,Check sum is G
test, a,Check sum is !
test,sa,Check sum is 4
test,Vg,Check sum is ]
test,#r,Check sum is 5
test,Il,Check sum is U
test,vb,Check sum is 8
test,dE,Check sum is I
test,/#,Check sum is 2
test,|0,Check sum is L
test,S.,Check sum is !
test,`D,Check sum is D
test,_(,Check sum is '
test,v6,Check sum is L
test,y%,Check sum is >
test,Nc,Check sum is Q
test,<D,Check sum is  
test,*8,Check sum is B
test,=%,Check sum is B
test,VZ,Check sum is P
test,2#,Check sum is 5
test,jq,Check sum is ;
test,2G,Check sum is Y
test,l3,Check sum is ?
test,n0,Check sum is >
test,em,Check sum is 2
test,HI,Check sum is 1
test,$P,Check sum is T
test,\w,Check sum is 3
test,m&,Check sum is 3
test,Y?,Check sum is 8
test,yD,Check sum is ]
test,4{,Check sum is O
test,jA,Check sum is K
test,Kl,Check sum is W
test,Xp,Check sum is (
test,)U,Check sum is ^
test,$b,Check sum is &
test,wu,Check sum is L
test,#^,Check sum is !
test,AY,Check sum is :
test,Y5,Check sum is .
test,;M,Check sum is (
test,$n,Check sum is 2
test,aQ,Check sum is R
test,0b,Check sum is 2
test,T<,Check sum is 0
test,-K,Check sum is X
test,"
*",Check sum is T
test,\v,Check sum is 2
test,H ,Check sum is H
test,AUO,Check sum is E
test,hLU,Check sum is )
test,Cu{,Check sum is S
test,"+:,",Check sum is 1
test,"0,;",Check sum is 7
test,|oy,Check sum is D
test,/IA,Check sum is Y
test,	W^,Check sum is ^
test,6ug,Check sum is 2
test,zYX,Check sum is K
test,Q@\,Check sum is M
test,6s9,Check sum is B
test,u'r,Check sum is .
test,] ?,Check sum is \
test,g:T,Check sum is U
test,"""~$",Check sum is $
test,}gs,Check sum is 7
test,v/F,Check sum is K
test,Z}M,Check sum is D
test,4`),Check sum is ]
test,8f&,Check sum is $
test,%d^,Check sum is G
test,uHk,Check sum is H
test,4!s,Check sum is (
test,+wb,Check sum is $
test,#^h,Check sum is I
test,X'<,Check sum is [
test,%QF,Check sum is \
test,~5|,Check sum is O
test,"G2""",Check sum is ;
test,}N!,Check sum is L
test,3iw,Check sum is 3
test,w>M,"Check sum is """
test,e&c,Check sum is N
test,5rP,Check sum is W
test,)gk,Check sum is [
test,A/\,"Check sum is ,"
test,jpL,Check sum is F
test,DXy,Check sum is 5
test,$jv,Check sum is $
test,a!S,Check sum is 5
test,hGk,Check sum is :
test,\cp,Check sum is O
test,~*Z,"Check sum is """
test,f7H,Check sum is E
test,$dQ,Check sum is 9
test,Owy,Check sum is _
test,S'D,Check sum is ^
test,"X""H","Check sum is """
test,VV;,Check sum is G
test,=z&,Check sum is =
test,2JH,Check sum is $
test,TkO,Check sum is .
test,b=|,Check sum is ;
test,sL$,Check sum is C
test,u_u,Check sum is )
test,6L:,Check sum is \
test,T!|,Check sum is Q
test,=hx,Check sum is =
test,0lA,Check sum is =
test,<Bw,Check sum is U
test,!_@,Check sum is  
test,'yM,Check sum is M
test,{K{,Check sum is !
test,ul&,Check sum is '
test,-c	,Check sum is 9
test,?4#,Check sum is 6
test,"R""T",Check sum is (
test,Eu),Check sum is C
test,}:u,Check sum is L
test,y.m,Check sum is 4
test,~Cu,Check sum is V
test,Lak,Check sum is 8
test,9;<,Check sum is P
test,B9j,Check sum is E
test,$S=,Check sum is T
test,)#J,Check sum is 6
test,"_"":",Check sum is [
test,hz[,Check sum is ]
test,(dL,Check sum is 8
test,EpA,Check sum is V
test,uEO,Check sum is )
test,F(7,Check sum is E
test,~X$,Check sum is Z
test,>vI,Check sum is ]
test,CW7,Check sum is 1
test,"M,p",Check sum is I
test,DHq,Check sum is ]
test,^xv,"Check sum is ,"
test,2m2,Check sum is 1
test,9`<,Check sum is 5
test,/f&,Check sum is [
test,_cB,Check sum is $
test,*(f,Check sum is X
test,TV#,Check sum is -
test,CyS,Check sum is /
test,gPn,Check sum is E
test,MG=,Check sum is 1
test,or-,Check sum is .
test,$R<,Check sum is R
test,Ljb,Check sum is 8
test,k4;,Check sum is :
test,<$z,Check sum is :
test,2Q#,Check sum is F
test,N4&,Check sum is H
test,@2N,Check sum is  
test,(f$,Check sum is R
test,Q|X,Check sum is E
test,:%l,Check sum is +
test,d'&,Check sum is Q
test,9cf,"Check sum is """
test,30~,Check sum is A
test,=Ci,Check sum is I
test,*V',Check sum is G
test,"""s7","Check sum is ,"
test,ot9,Check sum is <
test,sZE,Check sum is 2
test,DiP,Check sum is ]
test,@~N,"Check sum is ,"
test,j{8,Check sum is =
test,#(F,Check sum is 1
test,g+:,"Check sum is ,"
test,"t""v","Check sum is ,"
test,4kj,Check sum is )
test,u*n,Check sum is -
test,`yt,Check sum is -
test,r2/,Check sum is 3
test,uK~,Check sum is ^
test,/N=,Check sum is Z
test,+NL,Check sum is %
test,ApJ,Check sum is [
test,82V,Check sum is  
test,y?Q,Check sum is )
test,Y|R,Check sum is G
test,r6	,Check sum is Q
test,%	a,Check sum is /
test,r]&,Check sum is U
test, *T,Check sum is >
test,P_D,Check sum is S
test,J(9,Check sum is K
test,!i-,Check sum is W
test,Z<o,Check sum is %
test,.rt,Check sum is 4
test,+th,Check sum is '
test,~u7,Check sum is J
test,X9k,Check sum is \
test,%BP,Check sum is W
test,5T2,Check sum is [
test,9&j,Check sum is )
test,z9A,Check sum is T
test,'l-,Check sum is  
test,57h,Check sum is 4
test,OWb,Check sum is (
test,Ff+,Check sum is 7
test,NbT,Check sum is $
test,"
<>",Check sum is $
test,?+S,Check sum is ]
test,tYD,Check sum is 1
test,14i,Check sum is .
test,{{3,Check sum is I
test,?o$,Check sum is 2
test,k:	,Check sum is N
test,O`g,Check sum is 6
test,zA4,Check sum is O
test,G#2,Check sum is <
test,",/j",Check sum is %
test,":,k",Check sum is 1
test,6B',Check sum is ?
test,r(r,"Check sum is ,"
test,N%R,Check sum is %
test,JUU,Check sum is T
test,3CW,Check sum is -
test,M|(,Check sum is Q
test,Q;*,Check sum is V
test, a0,Check sum is Q
test,wIK,Check sum is +
test,[BY,Check sum is V
test,2!b,Check sum is U
test,HKb,Check sum is U
test,)8a,"Check sum is """
test,! Z,Check sum is ;
test,JKz,Check sum is /
test,9D9,Check sum is V
test,}2c,Check sum is 2
test,]?p,"Check sum is ,"
test, }D,Check sum is A
test,l>M,Check sum is W
test,=>N,Check sum is )
test,rj0,"Check sum is ,"
test,m/<,Check sum is 8
test,\bF,Check sum is $
test,"Mi
",Check sum is  
test,"/
.",Check sum is G
test,-r;,Check sum is :
test,24y,Check sum is ?
test,=?J,Check sum is &
test,fsd,Check sum is ]
test,">""7",Check sum is 7
test,:'N,Check sum is O
test,*K3,Check sum is H
test,{;v,Check sum is L
test,~H-,Check sum is S
test,vLW,Check sum is 9
test,FYr,Check sum is 1
test,oDc,Check sum is 6
test,x6<,Check sum is J
test,[^},Check sum is V
test,i[],Check sum is A
test,a/Y,Check sum is I
test,Xb2,Check sum is L
test,UJ5,Check sum is 4
test,R?G,Check sum is 8
test,ZYk,Check sum is >
test,log,"Check sum is """
test,a@*,Check sum is +
test,:7@,Check sum is Q
test,*_*,Check sum is S
test,1?_,Check sum is /
test,`XO,Check sum is '
test,Ua8,Check sum is N
test,"
]D",Check sum is K
test,DTZ,Check sum is R
test,xG%,Check sum is D
test,G(r,Check sum is A
test,$G',Check sum is 2
test,ZE4,Check sum is 3
test,NTW,Check sum is Y
test,o`_,Check sum is N
test,:X7,Check sum is )
test,"Ps""",Check sum is E
test,(r>,Check sum is 8
test,w >,Check sum is 5
test,9lg,"Check sum is ,"
test,"""ZR",Check sum is .
test,&F`,"Check sum is ,"
test,0N;,Check sum is Y
test,K6U,Check sum is 6
test, ~i,Check sum is '
test,#LS,"Check sum is """
test,Ya=,Check sum is W
test,9w*,Check sum is :
test,j-+,"Check sum is """
test,@KN,Check sum is 9
test,iTF,Check sum is #
test,|c<,Check sum is ;
test,"5$,",Check sum is %
test,[~q,Check sum is *
test,0+	,Check sum is D
test,@dl,Check sum is 0
test,ZdT,Check sum is 2
test,${m,"Check sum is ,"
test,RrK,Check sum is /
test,YJ&,Check sum is )
test,iUv,Check sum is T
test,fwR,Check sum is O
test,9W],Check sum is M
test,vg3,Check sum is 0
test,:He,Check sum is G
test,{;[,Check sum is 1
test,0j(,"Check sum is """
test,27@,Check sum is I
test,-Hz,Check sum is O
test,US+,Check sum is 3
test,A+?,Check sum is K
test, :^,Check sum is X
test,QbL,Check sum is _
test,i@`,Check sum is )
test,OC1,Check sum is #
test,SaO,Check sum is #
test,}HW,Check sum is <
test,ef	,Check sum is 4
test,Rk9,Check sum is V
test,",	V",Check sum is +
test,"""7}",Check sum is 6
test,dx&,"Check sum is """
test,UDY,Check sum is R
test,Dc*,Check sum is 1
test,Lt@,Check sum is  
test,"L,Q",Check sum is )
test,~m(,Check sum is 3
test,Y]X,Check sum is .
test,t6s,Check sum is =
test,E>U,Check sum is 8
test,"""8a",Check sum is [
test,W}{,Check sum is /
test,UA~,Check sum is 4
test,g#k,Check sum is U
test,.UX,Check sum is ;
test,xql,Check sum is 5
test,{tI,Check sum is X
test,Js	,Check sum is &
test,!&o,Check sum is V
test,Djo,Check sum is =
test,sS',Check sum is M
test,Yi7,Check sum is Y
test,'~~,Check sum is C
test,Cz!,Check sum is >
test,"=[
",Check sum is B
test,mym,Check sum is 3
test,thC,Check sum is ?
test,mD5,Check sum is F
test,0KV,Check sum is 1
test,>_D,Check sum is A
test,B6u,Check sum is M
test, <g,Check sum is #
test,6j7,Check sum is 7
test,F53,Check sum is N
test,+pm,Check sum is (
test,"},.",Check sum is 7
test,qWx,Check sum is  
test,'q:,Check sum is 2
test,a:8,Check sum is 3
test,Tu&,Check sum is O
test,S)R,Check sum is .
test,&4j,Check sum is $
test,tu+,Check sum is 4
test,Tc+,Check sum is B
test,"
/l",Check sum is E
test,]gC,Check sum is '
test,hY/,Check sum is P
test,",T
",Check sum is *
test,$9q,Check sum is .
test,Ic7,Check sum is C
test,h/P,Check sum is G
test,X+y,Check sum is \
test,S7y,Check sum is #
test,#{J,Check sum is H
test,Byg,Check sum is B
test,H}&,Check sum is K
test,fV;,Check sum is W
test,p8d,"Check sum is ,"
test,ggo,Check sum is ]
test,('R,Check sum is A
test,`l),Check sum is U
test,)u',Check sum is %
test,JP],Check sum is W
test,[j{,Check sum is  
test,P#0,Check sum is C
test,Pp!,Check sum is A
test,Q%~,Check sum is T
test,+-),Check sum is !
test,E^I,Check sum is L
test,Ct{,Check sum is R
test,46z,Check sum is D
test, I2,Check sum is ;
test,Bky,Check sum is F
test,XyG,Check sum is 8
test,WF6,Check sum is 3
test,j'A,Check sum is 2
test,*R&,Check sum is B
test,7VF,Check sum is 3
test,?}E,Check sum is !
test,=xl,Check sum is A
test,a@	,Check sum is J
test,(Bp,Check sum is :
test,<{^,Check sum is 5
test,'TG,"Check sum is """
test,*vb,"Check sum is """
test,oE`,Check sum is 4
test,p!w,Check sum is (
test,.'9,Check sum is .
test,9? ,Check sum is 8
test,>2/,Check sum is ?
test,n9],Check sum is $
test,iBH,Check sum is S
test,g?B,Check sum is H
test,qxT,Check sum is ]
test,GNv,Check sum is +
test,E!o,Check sum is 5
test,"<l""",Check sum is *
test,Fhg,Check sum is 5
test,[-t,Check sum is \
test,w'Y,Check sum is W
test,oI2,Check sum is J
test,$2L,Check sum is B
test,iyh,Check sum is *
test,"""a*",Check sum is M
test,N`f,Check sum is 4
test,>Td,Check sum is V
test,1$x,Check sum is -
test,H(),Check sum is 9
test,sOj,Check sum is L
test,t91,Check sum is >
test,=tV,Check sum is '
test,5~l,Check sum is ?
test,DYv,Check sum is 3
test,~\p,Check sum is *
test,0JX,Check sum is 2
test,"
ei",Check sum is 8
test,	i4,Check sum is F
test,JKA,Check sum is 6
test,.wf,Check sum is +
test,Jl$,Check sum is :
test,"h@,",Check sum is 4
test,4lN,Check sum is N
test,jsU,Check sum is R
test,-T{,Check sum is \
test,7k9,Check sum is ;
test,5{*,Check sum is :
test,CQ\,Check sum is P
test,l({,Check sum is /
test,Nc?,Check sum is P
test,",=1",Check sum is :
test,@/-,Check sum is <
test,L_Q,Check sum is \
test,1t!,Check sum is &
test,]uA,Check sum is 3
test,bb~,"Check sum is """
test,"B,@",Check sum is N
test,`!z,Check sum is [
test,1mB,Check sum is @
test,8gx,Check sum is 7
test,8V=,Check sum is +
test,U}^,Check sum is P
test,GiR,"Check sum is """
test,g>n,Check sum is 3
test,gxN,Check sum is M
test,4Jw,Check sum is U
test, Yq,Check sum is J
test,'`D,Check sum is +
test,Zf?,Check sum is _
test,0+v,Check sum is 1
test,vO ,Check sum is E
test,eA(,Check sum is .
test,U/:,Check sum is ^
test,Nb<,Check sum is L
test,MJA,Check sum is 8
test,X=G,Check sum is <
test,wq+,Check sum is 3
test,@k3,Check sum is >
test,.KO,Check sum is (
test,&R%,Check sum is =
test,ALy,Check sum is &
test,H2_,Check sum is 9
test,Un<,Check sum is _
test,.bb,Check sum is R
test,",RD","Check sum is """
test,KWN,Check sum is P
test,nZR,Check sum is :
test,PgN,Check sum is %
test,`jU,Check sum is ?
test,rq^,Check sum is !
test,}t=,Check sum is N
test,$@',Check sum is +
test,"E""@",Check sum is G
test,"H""C",Check sum is M
test,PhZ,Check sum is 2
test,E(#,Check sum is 0
test,-{_,Check sum is '
test,4#L,Check sum is C
test,"3c
",Check sum is @
test,&.:,Check sum is .
test,=*<,Check sum is C
test,"A, ",Check sum is -
test,n%s,Check sum is &
test,GzW,Check sum is 8
test,TN~,Check sum is @
test,1c],Check sum is Q
test,:rb,Check sum is .
test,<%j,Check sum is +
test,/v`,Check sum is %
test,L&k,Check sum is =
test,N%a,Check sum is 4
test,;0e,Check sum is 0
test,"""fe",Check sum is M
test,2%-,Check sum is $
test,}3l,Check sum is <
test,Clo,Check sum is >
test,!!4,Check sum is V
test,fD0,Check sum is :
test,",	&",Check sum is ;
test,+OM,Check sum is '
test,Q7Y,Check sum is A
test,{Hg,Check sum is J
test,)VC,"Check sum is """
test,]4w,Check sum is (
test,x	x,Check sum is Y
test,"EE""",Check sum is L
test,7fz,Check sum is 7
test,rNO,Check sum is /
test, A.,Check sum is /
test,;SN,Check sum is <
test,	w},Check sum is ]
test,[H},Check sum is @
test,"t,!",Check sum is !
test,f\g,Check sum is I
test,JTL,Check sum is J
test,5)!,Check sum is _
test,yZP,Check sum is C
test,R<B,Check sum is 0
test,eSX,Check sum is 0
test,p7f,Check sum is -
test,H4k,Check sum is G
test,"""yM",Check sum is H
test,B0[,Check sum is -
test,eQ9,Check sum is O
test,Ub-,Check sum is D
test,IG1,Check sum is !
test,A$M,Check sum is R
test,"
_c","Check sum is ,"
test,PKgUEoz9,Check sum is ^
test,|^~FS~q%6?+DQn<U VobgD/l[QbJvg]H(Iud	,Check sum is S
test,"}Z[M%IoVM]#Jrfb&k	7| Z4={Abt/f``-	Blluo1V""z	`",Check sum is B
test,5U:%[~h>mR_+vU`9$#-BV>&G,"Check sum is ,"
test,fbYsRi!,Check sum is P
test,_@,Check sum is ?
test,"P?z/""jyZ	NC]uV""F%<5DL5]=|Uio_`xcoteSm;D(cq'",Check sum is C
test,ENXvX2R0*VdP,Check sum is A
test,iAnttIJ.F_KsRa3CwVH8.++:`/`_PR=q$'*H:;K>il/ }C\,Check sum is Q
test,"2xYq`ry>Jr71]/fN	R'=gx=
0",Check sum is V
test,JyG#ty7mxh+5?qL|GGB!gUjx,Check sum is %
test,")Fx-~,1{#Kf|T8-O<8H1@qL0ppI3\ Z0h.nf",Check sum is H
test,"{ltCCV""=>B#%][Bd<i#OxBy,;*=TAOETh'JX
","Check sum is ,"
test,">o=IJ[!a_msX3dI7hbe1VR~w:.qDyJY""	<QZ?DT:4",Check sum is 5
test,"f8t
q5Xsc	tR;*MRxmnWD",Check sum is Q
test,"""P	!<
_G#UwB|1",Check sum is F
test,"r&\
/|mA*!f2}Fm_1<1o,U`""Ms1PTdC
",Check sum is ?
test,"(r.
i]?>&7QpV,e~|8/n}]ntENV=/(_zI|v3,<AQW?",Check sum is Y
test,J(0,Check sum is B
test,ySV$D9,Check sum is #
test,O@BaJ1YcWzR+BrG,Check sum is R
test,"K`""m]n] 7;0q6Cdm4,V</",Check sum is  
test,"}<K'	""u0L,E;A|o'^r!	~E1@<PSKf'DI(`&r]{jAfh:rxH9BSV",Check sum is Y
test,eK`${cFk4U,"Check sum is ,"
test,dlW)AC/M}3\k*cUL{wu>U1LoQ,Check sum is L
test,DGmd5i>>$jGUs0S#{K^8,Check sum is 5
test,`V$(;s+|&6,Check sum is S
test,"we>qmq$!&FWtr%YsQ
UNCgwg`]DFE}maf}}=1X",Check sum is +
test,"NSMw^|>vBj*d!q75o69V6%9Hk;da,&{",Check sum is S
test,E<Eaxw|tn~?bK,Check sum is >
test,1k7XV	mP=_t3{?ytOD:^ZfEh5OIp$v]$Ph'H,Check sum is (
test,"[ b
y	kg.!{,S;~SxOaN$	Bqq1",Check sum is (
test,"33e1-e9;t%@x/B~""&3<dn8m_Emm",Check sum is N
test,"OZ _5Q
(+TOj!}oequ'c0	r",Check sum is E
test,"O}\k*EdxVBaO=ob1Sw,eTe?*eat+lZNI-,`tCORvCqfC(_",Check sum is /
test,%lkTAs}c4GbM{|IGM&#),Check sum is 4
test,Pi	bq6_@,Check sum is J
test,"NLu	|A""bx $K98m6ExOAx1/,DxmH]jX5.&	hR@UBq5YY$j@dC",Check sum is %
test,D{3hl+eNUT1\78	_|8Z[MgyS9IH7,Check sum is ;
test,"
6\<m^",Check sum is C
test,gc1'YS9jv	GWr,Check sum is  
test,"-hrW{CFV^e8|Cp
p,y[*q&r?[hq7eNlzW*
koEi0c"",42J{u[w",Check sum is X
test,"76Rjz,H5i^q;9aw?(_Z-RcWu^4""o3-J~gnh!5_	Ru<wjW",Check sum is ?
test,"
gY7DyJ(GP7bi_0%R",Check sum is /
test,DM&st.dXi-`J$:oK}bp&jiV{2L/b,Check sum is (
test,"tBs=]	7t+b&ePW.>9,'kL	(+hdciT	?P|{u",Check sum is Q
test,"p**F'd89~$!!e$5$%o/=o\`r$hcWkY.dXwgr:oTXj`%>
^F",Check sum is =
test,"8)i@mh	f2MdQ99*-W|ijV'LAyilL0;Sm{KT2gnQ4p
}+chyS]w",Check sum is S
test,"og.BzYpe-7;K~88l""}",Check sum is 1
test,.\Zl{~lpD:b>AX%v^C4,"Check sum is ,"
test,"|J_yYBjLy6y {l5z]sG},_azfrwjLIIeiil5PuniE!rr
`m!'",Check sum is [
test,"K%whV>'K>i-1iZX#tl""i\j:>ufdU =pyqt[",Check sum is ;
test,"ikLaXO$""3s(<NS$o$=w",Check sum is $
test,r\lhP0VZi,Check sum is [
test,ozb$%/2f!8R}Lp _;o,Check sum is H
test,"5vCwq[w|\n#9aGmYw6V!I(U
78fW{xG?cknD d6{!+aLX<LbSb",Check sum is V
test,"WeRjn3J4MwA5'n/i,WTNJ_O`Vig{FsY|",Check sum is J
test,Je%aR{yc?=E$.,Check sum is Q
test,"8u@N>Wt8~>sM>""<SN+C2r>f6mkpU	fny[DeNOY]y(""veFL$_",Check sum is >
test,B@*)_8dbsI:Ge l;>U@4*Eng$urK	}JQ24C	F,Check sum is 5
test,4m<5|Rj#sJ2Y7n,Check sum is :
test,":[Uh&
W;On9<;-F%(IT 'FM,%8eOjz
 &JKzi2",Check sum is 3
test,"qu""D{+uYF{,Gf@)jl^|sZU2(SeP*8%d_uV8l.KdRTcb^fU:",Check sum is +
test,%83 _-qV,Check sum is #
test, -*74a>`bNyys=B>!,Check sum is 4
test,+|n(Yq;,"Check sum is """
test,{|}3%H0B==Zy%P0L.J<ZN)>,Check sum is '
test,:PdR'kgQca*&,Check sum is >
test,"L+M72x#SU;E{R5<3I:88&f=D$!<MTa2a:Wlkx}5C\(@""s\xK",Check sum is $
test,]gO#/<?q,Check sum is 1
test,Xd(e`R	6 0//G-5c4%MNHADf[+[,Check sum is \
test,"yTp,vD+*
.m8Y\Cj`m&)^k:s2`S^k25>",Check sum is <
test,"Ti+H$wI4S@r9{z\R,%H&!(]BP`2n",Check sum is @
test,"^l4:?z0A
\*%X.KrbxXL6+ZCb(R",Check sum is R
test,w|$,Check sum is 7
test,HWb&{p?f_hE$*eQ,Check sum is '
test,OC-AQ<xq$/8,Check sum is !
test,.Fso8G@!2b61h9P	dr9YYB(kZ7qw ,Check sum is :
test,"%>	90MlE Yam""ypq-P+S;;>T}QJL	8yTQ",Check sum is <
test,R!.c@9J2<*MlawvD,Check sum is J
test,8PR^kT+=4I:zQ,Check sum is A
test,=8{%/xD(5<J{M> |7`M9HY'H0(zA'ag`q-apN#OF$^L>TX5),Check sum is ?
test,xlY:1?.yYoPk){&<d:PXf1[Y[Oh@r!@b}!,Check sum is -
test,"2fHL'6U{
uhn	3(=Oz]4?_3ZVNsuT:mx=o4;vJatz\p""NQ}",Check sum is '
test,V5RAcHU|Q	=AV>d	x{2N~%Yk[2~;_q&~	/[LQl%:qfK-H:/NA,Check sum is 1
test,"xQwCc$o3\iD'I; !}?5p3%p%vuXA\K&I8'. ""L{.1=kbUB-","Check sum is ,"
test,"]}iO{0h(EiD56<MS""[n{K2",Check sum is I
test,HH>Rt='[#*p-lZ,Check sum is #
test,"iF~nUv8T<?(zX%FsKK7][Z)nI5t>4(fC1167o]q#
#O4>C>Lx",Check sum is 2
test,p<h=`2 k!yAX9E?:p5=}3'&pLzrh.L)%be_]Oc,Check sum is $
test,W!WV0RYm8),Check sum is .
test,"Bn[ho]F(r
QX4\i$Ol<6D}XFMM	YTOf8[yfkX0jaw{",Check sum is B
test,}T%+2: rkfp9},Check sum is 6
test,"Jh\J4+>1NXv`+:uhm>y{
Eh,A0^32,
F67M:{KanK5,EjsEii",Check sum is $
test,7KPJ}Jk!]>u[F`dI%Dm*.P8/Zn3v,Check sum is #
test,"i!C$_KexZ?i@^S'
W}S0):?it_]7Ir;W-!U*;w""	Z+|TXWnK",Check sum is 9
test,"/yVhzg*T;,25",Check sum is 3
test,1)ywpjyQ$Hq:sRXrmPyl?Z(,Check sum is W
test,"@+q5
DXUa%V6KHj,L/.h(IsZzQU~VkMs",Check sum is U
test,"SDm[ Dk""dk^-(C^S)SH0/	J?<o 2z""Un",Check sum is 7
test,"v!-*c;1
Y`%=Yq-{SI+Eo:ESx;d^?X6",Check sum is C
test,"Y#""4!Gw|/6kNhZVh mQdA]Y.]Rgw5
VUcW	",Check sum is L
test,"oMMi
 ]S","Check sum is ,"
test,"FBzJ-_*=|/D,IBE3XJka+g-a?_F/=E|&+#
EMdqZP$`nB]be",Check sum is C
test,WUt/7nt5D/ C2+b>n	;s\`Y|+`Y5<$2V'PM]g|f}(gR@+y U(?,Check sum is O
test,\rF &,Check sum is :
test,"}Y=]&eDm,
qpZ6mbP'%%CClmABhEV{v>hM;x*6[Z2wS0?y7,2",Check sum is M
test,"4tzZ{E""ZE+1EbGmU2[fQMrn#uQ_+wNo1U-c",Check sum is W
test,6 ][`CyJ2WY><lVF{l_|$k+m_Hptax~,Check sum is C
test,y)NN,Check sum is ^
test,"hgvXjy<3Q,z5*I(+4aKmM""t",Check sum is 1
test,"33dl""rTUQNz[hA>Y-gZwemv]i./YH4'{Ge",Check sum is :
test,"uw(Aip/g;0:vF+hp?+ZM+8-r~EG^ N	 (MawiBIq
-",Check sum is C
test,zJ@6_22}Q*o),Check sum is -
test,"mEh*T-4K.dx@u<mU,}zjK~|?0c!",Check sum is &
test,"OMI>:c0{L:.NRt~{`
T",Check sum is J
test,"A8,-ENfs2W@|_,8%'S_T-x",Check sum is ]
test,"_I0C!:C&gaN\
KptXG\26",Check sum is M
test,=p*p~02)lj-DM:,Check sum is >
test,!Sq2JyD)-2],Check sum is #
test,i(|i?s2Ey1Bo)KngP,Check sum is 3
test,"""awwOVR.hm#V!
;lOeA xky4OMJWL%eA3b;/p)/Nv@on{P	z",Check sum is E
test,"X	E-#BEgKDZ""Clm$>z0",Check sum is 7
test,"Q-~1dmYpbToQ.,ILGS[Z9D[r/K|Yv5",Check sum is _
test,Mie)skc5PnAHP}w~}jw$22~@R,Check sum is Y
test,"*qj_Z/8! \=9I21c

Ffa,Yz6T1Frf$",Check sum is D
test,]\~+>e$KBj{],Check sum is X
test,(m$?yX w?7#~0[7ubu8c<\hAG,Check sum is H
test,l_8MQI2b.KL#[luh+gz7P8$-Qy` r	IWb\-}Cw,Check sum is M
test,!mY(BM,Check sum is >
test,'tM?j'I2y[aP;*_;y89zx d#<3E`Ot,Check sum is 1
test,E+!Po$dvh&7aE9|^a^RGCydzW~)znMR5)qPb!8L(eZ)l,Check sum is E
test,"(I(E%D:	BG22,j3:hP?	jlB+@Si	LNcK[mQj",Check sum is -
test,!R,Check sum is S
test,",{i|_mk;#R2s,O Om,s.%4><(M"";Gi",Check sum is 1
test,}O~$#X-]>MUzPC:>fB/hLj?,"Check sum is ,"
test,WBDr[P.igC=BS/&YoP!UbD^DAo{_vGF,Check sum is %
test,"8)""+Je[qp0
_%n],xmp1k3]BN	l 3]j){pLQn_s\J'",Check sum is L
test,"T,Y.pFI.Cg54e\k|f[Jtm('0v|G%Mo;D%Nx-I,Z{%vOO(CU+y",Check sum is R
test,"""2Aqs{~X+>1hU;+~5[2	@^""sltk<.>_+y	gU'*-HkI8^Zwk(",Check sum is R
test,; {*&<hM5 rkv'|whhWV7s&J@ 	t@'<A&z?E2?u!Oyv5,Check sum is /
test,"#WmVLqX9W 
+$Oo'2!9<]o,<;33?S(Wb\BJ;OyR-`",Check sum is :
test,*TBeNM:U(Yr6qi4L^&9:@Ys|4+,Check sum is P
test,"]0nhC-wg
",Check sum is [
test,",'L[7O>}Eu*Hhvg_Mdz|E.#]Pc2]+i%Q$^#~,ARld'",Check sum is *
test,t/G~#}7`}Zh,Check sum is >
test,"p;*#^pxsx3>2dci{A	+(^;/W@e'41Z,VypK::2n{&}S",Check sum is Y
test,"Fpd~Ui]{xn!>dz @|@B+
}{B!x:QF{_=8MBt}<}Z`4.$O",Check sum is ?
test,"0Ovr%1	`O2c
pR147OwpKOj",Check sum is L
test,Yxbb/F~IP$<?fuh),Check sum is L
test,ul@d$vMva%,Check sum is H
test,PjiH@||eH'x1E)+9rk,Check sum is /
test,"
5s*:~?&-b?pa#OMI^er	2P",Check sum is @
test,s/sCu&>dp:u)a5RC0TgYwr(ICv*[+6gKKVv,Check sum is .
test,"#u;o,&?:GtE']@ABY/BMRdO
4P/INB#z U5J6&6S:M<",Check sum is _
test,"JeZ'2'^+:egaeN""[""8-9P`R?.].X1eA",Check sum is 2
test,"2Jn}A)RpO,""_*bP}=wow9<6[X[(bm@^ILqpqTxYUOL=""@B.Y",Check sum is T
test,"E>#
zdV>/GhS>	O{c+TX%3R~v|B'|`u29&+Ot0",Check sum is A
test,wLwh/GB(ul39H):`,Check sum is :
test,"7(QN_cI9I*7}+
ZS
<w>i!~oo5_USWX
~	mQ",Check sum is F
test,QImH%FM l-B]FFMz(E?yS1BRT1+~]'Q v3/[iykHTs2*o}JP,Check sum is #
test,}6Qm	06#.N$s8.W!Ay,Check sum is N
test,"cd0#|BnTr~9

o`
Fw(C>.9.mURXLSo~L#{01h7y)B]Jn82c",Check sum is 3
test,"~iq/Q2Y0skF_-1\CtHX1#1zP&Tc^l
J~32<Ty:MqOv!ryTk",Check sum is E
test,^->LZ_(%e0q!(!1+mI_?;6|,Check sum is H
test,uQrdT}3M_7kOB\~GgX(E)(=j}Z\%BI'r=eb*F1sY4I,Check sum is N
test,"8/v<b""!6@8/ta)n3rEU`tby|*'0>	\Kuno{M:k^&\%Jvh=0.X ",Check sum is ?
test,"jhBh#+]6v@1G./$f,HWY5@7thV@k#'l9AoM~oJ<",Check sum is ^
test,b~KbLBZLu70ONFVm,Check sum is #
test,qMxB\0CWhQrTLx$Tn[?oKW~V(B3.Ybap4h5X.,Check sum is T
test,"Bz-JGjY5_^'JbeWwbB'FF-k;"" 7Xt1$`o}&T5",Check sum is T
test,?2	H^$6f1z\`9vjr4Nf%6)d:&ig/q6k)vBGE,Check sum is  
test,"6x&1Ux|	=""6K%k e`HzCL.MA=Zman<j[RJmhFb{xp",Check sum is )
test,"[:.|}w<U.nH
=^-j]L&'Mk;<Cp#3#k?%c	",Check sum is P
test,"dvvY$G>Z@sH4eX3Qn1yI&e
b::aIV!~2kT5n95JhZvm)",Check sum is A
test,"+YuyD4x#.,Q
4[?-V7k@/g/	gI)9i}	tsPOx:_-jdI:#x",Check sum is L
test,"3to&vqY/W6.m_TGFB2=n@y|fkJ[@+c
:Y",Check sum is (
test,Dsj%tIg/x!,Check sum is R
test,"vm
5*~:K>h(:9=LJAM`""uSEd.<VQIsc7/E",Check sum is _
test,"L61ZR6f""^kn}xF.w\&",Check sum is V
test,B)?5,Check sum is ?
test,@W9DOu^4KeG{tZ`f>Kgko#v>P#7ZRiQ/@X|9Vuu[-/dFv(,Check sum is <
test,"3h=z6~EZ2gDJa 6s`/h^FI""HJ^GD*R~y",Check sum is J
test,Qyf>6SqxGb5@;v_.j,Check sum is F
test,"`eCCfXd${%48{""]3x~}QTs<4b2<Mf5/MZ0	tDC ",Check sum is G
test,"/2""Oq?*gT`K`R,",Check sum is P
test,"YJE9
f*""ownS*#l	0w3%Q-+",Check sum is N
test,";[BpM8pS""|!)3RwO#s4b6JVO%(Z",Check sum is [
test,"RwGDXh?(ms\c]Gi""QqcCtr7",Check sum is .
test,R5V=lWWaU&nv7OU.$X>TN;9g!F{	8R*j,Check sum is ]
test,"d;s""",Check sum is T
test,<m|*@M9,Check sum is 5
test,/i6<DdZMpB~8.6ZEl!^Kq)./L3jkA;a-(IiK,Check sum is T
test,)*O&%*+&8TWGrXM4vt=><A=6	pD9qF<XM>{46br%p=#_},Check sum is (
test,"^""ZNlhrC-I",Check sum is G
test,$9uHuZ/53yp	~1zH3@/l&aG0]yerE;]GF[Q&Wl)UBE.-x7+wc ,Check sum is /
test,_kXTI	,Check sum is (
test,Zk#Y x	m.L<YJ(kcYZ2tWh d@<(,Check sum is >
test,"X3
Zdz",Check sum is -
test,g2IY,Check sum is [
test,"]z+C!<5I}YQUT7y0k\a^,::Gu
REzo:b42r~e4.85x",Check sum is :
test,Ju3':t,Check sum is '
test,"We>7;j
k&\ M(L-5j&?4Ec\WIo?]:%BA$NdP
>3mfL""Bp",Check sum is X
test,HJ\N9&U{1aHP	-itm	YBXisB/-G2G,Check sum is +
test,"e(,o9wZ))^,\j-N:}t@x
r~mN'8M	yE",Check sum is :
test,?QPZw-,Check sum is >
test,9HOEn}JL?U#@U;N)Z.ge\-E3t:,Check sum is 7
test,Ox,Check sum is '
test,"6~ j+a^Qk`_P2DjHxX1Uw:
K{0",Check sum is B
test,Vi{!LFHg};7,Check sum is +
test,"(<
W[q{8%@DI",Check sum is V
test,zsg8.kR@LE,Check sum is (
test,{#lcMZh)={ree]JwP%mx*)A_?80P#l}Uo'2Hm/9t9%w,Check sum is *
test,"H-ov)zUsYDl9WOK8j!l_]cv! gB8,O0*S'=K Sas",Check sum is \
test,"oT7^C
v\UU[Y:U?2(]
Qxz[U]95Wyd[xF1~t,OVn",Check sum is 1
test,":.%J@8BpdVs0~yb4:1	;""GvU4V0H6_8'+0HM_sAW?dn:>""<Nk",Check sum is ^
test,"xQZDX_G;luqnz[WMD2CtGmI42y	>,!>9;[sp;6J!. &q",Check sum is G
test,"HSg7)f#=~6
7WVkWb0
Ze/pjAQ	VD(K}OH6n%#\/??j",Check sum is +
test,"*g{csHvb:O3VgEHYgepSug	{3O~
z|`|C<FN$#7I",Check sum is &
test,"-400	@\""VfWKB^?J6t",Check sum is Y
test,"L4KrQ?ozMhSNvv,",Check sum is D
test,"{eVx+""+Tb/r}hCS~,_7fiZVLy$C}^3G\c&~ag",Check sum is C
test,wIt{\oT|a#KBhm2Uxf>d1'|K6M<6fB>[`]L#,Check sum is X
test,: _.7RcEX5wP_KR,Check sum is H
test,"wI""It6Pf:}","Check sum is """
test,"i],7>Xw@.v=~Hl4(4+Te",Check sum is ]
test,"'	h?Wn$|TMkEOSF,]jyH Uh>[b@}	=GG-&B<",Check sum is C
test,"0\68eP""yzaWb* wKb\CsmE?[""|__3rqS	1kyL""Y",Check sum is 4
test,TJwYG{}gft\%\zz1\nS	 gC:\fg[u,Check sum is 3
test,"rI-t,q#]Ee)L~0CLX
DlpUx5}&WAX	lv!4a0Zf",Check sum is ]
test,J?Bk#DB0?zVO]k,Check sum is U
test,"5z9
#$a=
O+3OpK2;D~L,Z#YG",Check sum is <
test,"_<wU5Q={T4|Be"".P	KwK	>(YUX",Check sum is [
test,U8WZWk	G-,Check sum is ]
test,"/*^\~,7/knef?Bi.Ea'@-9}h;,_[Z y:yMYd",Check sum is (
test,"@fA*5)S,Y
}[m3ei#",Check sum is Z
test,`0bY/Nm5<>$89,Check sum is Y
test,"Yc:jNxjDM9vH$""1)3E6=""MX*MfQ9Lw",Check sum is 4
test,"My5$""58DLF?uJdu-7801%6\H|t	",Check sum is 0
test,"0^y}x<Al/)-x~hQRdMu{

p[,5Bkllb",Check sum is S
test,"(&4j?\h}""hCm+Vv;R""(@[D4`aN>0;k&}i{~{%]uTmso{P^JvX[",Check sum is @
test,"uU5cu""`F*P82B%Qqxc5SEJ""tES,",Check sum is X
test,nh%j-z].GK,Check sum is I
test,"4AjrJdRCz""9Qc)`;G	_8T",Check sum is <
test,'CUHb@/tLM,Check sum is E
test,"C!s {%30hgsjwB#L(12g7.9Gc%$esO&Nq""zJUGVb)P",Check sum is 0
test,"EVe""BSu(i`dUw;T(KVqk
b.""JRmkBT#n@}~DTBY4zNS,Tzqh",Check sum is H
test,.eaCw=f@.5cjt/w@oe+T830;YzK,Check sum is B
test,"J%lI	:oQgh8""B~20C>7uiV",Check sum is >
test,U5@,Check sum is *
test,"3qay;OO'4/xCf,689\@^w(>wq",Check sum is 4
test,e)|EdFj zYk[YN%8eGg[*-AY2NwhCGqfNwd&z8'Nk{H]i_da,Check sum is -
test,"Na,3xjyAUZ}t o`t#",Check sum is 0
test,"Y_!04I^uTIX*FXzu
$",Check sum is S
test,j7'FY]QERkS,Check sum is J
test,[${DDX;1:Jy!w,Check sum is ;
test,m-kXNr)`:(@cKy7s 'ft?d4/IKt/7|EK[\gW\,Check sum is +
test,rd~X_aR[)+,Check sum is M
test,Pc41NL-4!P!E#)cN6,Check sum is =
test,rrxP`Bby0R~,Check sum is I
test,Kc,Check sum is N
test,/5oZ\Y&Wjz-Yu{xRS),Check sum is _
test,"l,G9w$9e9I5T,V4$%""RS(Z$6@?yyf{IJagza*4T^?DDt*BTUP:",Check sum is P
test,"D0zsn%m	#B<c0q1
",Check sum is *
test,"u7l|I
t16@OVP 7z'&(zZeypxC1_nhtA|T@=A':3=8Ta",Check sum is !
test,Ax%?:},Check sum is 4
test,")i'dvh0A`G:($e6=U
wWt@[yY[o^^3%P>B z\QiG P4	AOv",Check sum is 7
test,"t
0>''C:n3$z$	ZYN[q;lWiCOO(UIz9G|Gs=>4ku.(",Check sum is 3
test,"YA7JO1""hd^r5 ) ",Check sum is W
test,e!uUSqH7	8BsTos2/Y4XkV34q_k%j<d=%RU(O0H_95NvEX,Check sum is ]
test,"-iDy7YJkf6Q\1#43{w
7i	9,+[
",Check sum is V
test,oMvwNsD;oNM2QrUR2^Qs7dHbQ(V!)2ECzP44ZLNV,Check sum is W
test,T[YhKU9=9$Pqk+4U/nh~a,Check sum is G
test,"1WMg8qG()+""'rX`\P]0f",Check sum is Z
test,jXR,Check sum is 4
test,"S >qDQ'gplEQIZ	wXk3<RD'9-17+
^{XE80MQ?n:<f.""F+1,t>",Check sum is A
test,"4w9ioCq VElXc
hCn
go3ow9Zh!nZ",Check sum is 2
test,"`(<2+)UC~[~]""^!W0	Neh%BXL2eHfFDHq2n",Check sum is 5
test,"|/ ,`-9[VO'P*",Check sum is >
test,"sw*5F5:Q	i&~H_Ix(f]n{u\"";o=6VfD.7pRv;	",Check sum is 2
test,"ng""slDpn>8'NY4v/,@%1\(rXAe&",Check sum is Q
test,"z,uf+1Ayk ;mE""jo
|)8OkXo",Check sum is R
test,"Y@kg#k7nkjm'v(pfn{zdx,-eY!FEepk|UX';",Check sum is (
test,"F&f7zjjD'R{ (6,R`9,V?\#$YNLY.N`prQ+$]~lSGD14b/",Check sum is -
test,"+CL>,/+RC`@hoYsHZnp,/5]:n58$@%",Check sum is A
test,8aD	w}I#V%={O[bK!PCa\3nb )kS#=wp*~X@Xe&jyY:h\DU>?,Check sum is %
test,UOok%VEnC-+u+op!nUQHQw<n;P>y!wZ(k#`,Check sum is _
test,"70HbXCO8#""UKSiJ\-V1WmPCcg5}SA_;x""F",Check sum is /
test,"Bk4}*c&u@
Ey[z`#",Check sum is F
test,"'ZCs8t_y a-r7Nl&6*TA,N?2+WD8vP[",Check sum is Q
test,rF3mL3]F<_y{D<nS&JqkyLMh1!WpA^8Uoh>&,Check sum is 0
test,Id>i|1yAdaA [p!\pN OU1	.3n9{Y?Y;=[eEw<v)B,Check sum is J
test,Pn!eL7t,Check sum is [
test,"]	_*E_{{.i""A)|qbz@
RI~Cr(R-Jo",Check sum is M
test,6xA3.+r{sI=vaq;fJA/`S4cI8N.Va>,Check sum is  
test,r:/84'zHLC3RS,Check sum is 7
test,??Ide17pR?D;.J^sB$&,Check sum is -
test,x 5xZ'<`b`VZZ*u ;v4&H$62Dp3ye{fVVFm<1;Y>x0j,Check sum is B
test,"EG*YT^y u"")_hg1wC'X",Check sum is R
test,T(sUIm)Y|F[Q5,Check sum is ?
test," =<V4L^;I< [y&FK+X,aoA[f|='",Check sum is 9
test,\zw'H+LD-99,Check sum is 6
test,K^bzruk&Ed' i%$6]fk>;&OYX/knW?s1hphEuiM@,Check sum is 4
test,"}fS,@> ",Check sum is  
test,"V5BD,y.{nt&cNFHZ",Check sum is  
test,"Wp_[{SYx!
,(vgE?Va""M)|5`1RLhnxVTwo.hg> N,LUWrw5",Check sum is X
test,"{F]55v^EAXemg/WU""Si	)cD~kyH""Y]9",Check sum is  
test,rA!s$a!,Check sum is M
test,I}j-N.6BF	l^~Nb,Check sum is 8
test,"-D<Xa<`IdR}J$3~ptW(lOHt4j`!F.4
,m",Check sum is A
test,rn,Check sum is @
test,yKfjL4aB_+V%N&`e@6{a5+Iy4=S:x&[xtf&g,Check sum is _
test,"ohky
=PBSzYD`p?UiK-#/-0]qZ5P0yXA",Check sum is A
test,bQvL-bQHT;,Check sum is L
test,"	D\vH6YZNuL>5:N7p2,E""bS^q~ZdpQUF.T8cwV","Check sum is ,"
test,Q1_mNNw>oau+);g/,Check sum is )
test,=NKDXfURQ4jt4ew]']mssd0Ik@G<)6xD|7s1D,Check sum is G
test,"6Q(6>\8~Y|Vf}~w|tL{ge,zi/D_m07zosRX;|y}@f~Pj4",Check sum is U
test,";>,wPCat+AgCjRx<Em,`C!3)R9`C420i03ei",Check sum is F
test,"4Ysh.Eb*eJyxw/u0Tq|B~,2.e6",Check sum is Z
test,"+MZ(BuixBuQGyr=F""ARRDhCz4)tE],*y`|ZL; P5",Check sum is C
test,"l$nZQ,R@eR""Qt9A!4fO)y:YJ=#Q-ZH+k""a@#>F4",Check sum is \
test,"\	%RnWO,g?}4ZH+z4(z_MG_~-n",Check sum is [
test,>V.4Ne,Check sum is I
test,"\5p#Gla
^T#M@qLwMRb1
`^Se0^hjaUbALy",Check sum is (
test,tRLu>,Check sum is %
test,"Mab &*jlFox?to
!!ZzCKinG:{<l78 )=;-^,E6W=JEtEM9Cdf",Check sum is ?
test,"\&!Vo_i)v	5~4.RLfEAuf	PU_A-e@Eu&[k9!F

a;E?oZ'zf7",Check sum is S
test,z-z-(,Check sum is V
test,#W.5D_er)kD[A0M;1F),Check sum is C
test,}A{8~ I7Hi t80pm)&PT{`F2Q`\--no70)Kp?9yd$^W#pkoQ,Check sum is :
test,33HJ;P:UjQ/xHk,Check sum is G
test,"YR(;_'R
qd8/>i8j=QT4hIT
q5dNLCoxrSA",Check sum is N
test,"9JSe9^MiUBm!$e?yGS,N
>""3%^Mjgbqc}K%yVSZB}2:",Check sum is *
test,"$fJ6Yh~=BmDjq@QK$FCZ6$'""*.[obZlJQ+",Check sum is J
test,`xn&Dki`rK,Check sum is A
test,76p*'_bOPv=,Check sum is !
test,C2Be,Check sum is <
test,WvQm&nb*- !@;(-1N~]1S#hYC!>{$/be|	%.YObQca:X?#,Check sum is -
test,"i@*Klo,",Check sum is E
test,.d{zLZ)D,Check sum is :
test,^lxPZ\b;jeAJWT//`8clPn\mD`,Check sum is :
test,dp9p=	gl/e.NjHRC{Q\CL d6#qj v	[G]o[+-2iQt3Hv,Check sum is M
test,AA,"Check sum is """
test,9Kgr5`ih0/:u[N=vVPOQa\Q>AKwg9PZ,"Check sum is ,"
test, '*ufF@4*(Te\:,Check sum is G
test," {J7lv^mLeAuom~XQD!bwl&7@'""d=Z|,9Q.4",Check sum is 2
test,"s@p[^H#)t70},cz)@PcQkx",Check sum is A
test,)(rW=	4`P:)}q:k:A!b3tX}[za2o~,Check sum is )
test,"Ko	f`]b[}V	,c&J*",Check sum is H
test,"T+C;0XyTU>Z,UIo:
rVi7ta0",Check sum is I
test,"""j14`0,Ve):$!r\U%dUv#b_SL,[",Check sum is 1
test,b|J;<&nu92`kF<BBz&(a7y[)m8e7 (DBf'Y,Check sum is V
test,RN81[,Check sum is D
test,"$a5G,vq6_dyA""#-{wE@3~Bz&?b1`i,d&@SNS",Check sum is (
test,<PS,Check sum is ?
test,ai1Kb.OEd\i	_!=Zvriea>+5?ogJI>L>jYBA698xC/,Check sum is O
test,Uh-JXZV&8UgYjA<IJ|,Check sum is E
test,8LkdZw6+=t(;}U$H<)bBDVI&@hyvp'Memtwv-8gKD,Check sum is R
test,AmzW1@DvSTQIB9uaz B*@	_w:	7C3V: [lFMUw`^bqMz,Check sum is _
test,"U.s'K{n
~k8G>Da\eG8q/N-G
1?=6~v87`@t08J ",Check sum is ^
test,"x=xNPf,>)~","Check sum is """
test,"t;<Ci[O2}&#so1^-VaiS
{gH	?M(",Check sum is [
test,"PK2~m@6%ZWw 8P
T5':<F5'*x2O|.XR_iS
#^^",Check sum is P
test,`[>^]&@1{{JK?p	J889-Dn_4kxfZOC,Check sum is H
test,"S$HU/gbfnO?9RXij(h)K9""= #!C	W7z30&F$Sdavzn_3k2YHh",Check sum is 9
test,um,Check sum is B
test,",ty:8bD@_yNVEs|WY=!;F[#[+_C!GQuqt",Check sum is I
test,"+Q/(p
c?xi} 7x],q4B&68<*PkF6C^G+$~$Ix,JyR_uQV5",Check sum is (
test,%B%E+AV)MXM,Check sum is N
test,"rC})bm:4""J-R9@5U+u#['A,",Check sum is X
test,"1t9,|
QGn	,S
c[l:@zZ@WU~mMc|hPfv\e$Xb>",Check sum is 4
test,[ #ge,Check sum is J
test,;<Of6k[luEb@*|Sd*qyM{Z5><,Check sum is R
test,9Pl,Check sum is U
test,9'c`_,"Check sum is """
test,"s.Mb=O""*egazKX8\wR$U/Vj^* ",Check sum is ?
test,"/5v9*lO]lH y8}
%%'Ovw",Check sum is .
test,"`+8(1LI5]'1I_h j:""3FinCO?f+",Check sum is #
test,jlwbO/i,Check sum is 6
test,i..);'k9dm{e;/>}dufq)	20TgSE,Check sum is A
test,"aMN{;at~pQ`)W,l.y[}1jr&)%!rMlWl~#uK'\Q","Check sum is """
test,"ssO*3R-BU#kQke]z	 KAeX0""z0zWUwbcd}J) F7B]@4	As~,",Check sum is I
test,"r,4[8?Jj~{l$P[WAKP,AK8>bp[&IgmZv=!B>G[&x0
9&",Check sum is D
test,"cJPw(I(/@\N8=0evv}{HZ ,kcX=@6g'+O iYla~8AxE9x",Check sum is W
test,QxAr1@Sn6DB84|USpYTWNV!yh)zd,Check sum is ;
test,"AfW4@x%}irxa*m(,",Check sum is K
test,"XJ,q1Zh9])P)5AUu:s,q&'~X2Z2",Check sum is 5
test,"*-D,%T1w\",Check sum is $
test,"Jk.QoY,c'}Lw@TDCuBH6n;O	rh&yS
Jud-f'F",Check sum is \
test,a&=ZQ,Check sum is O
test,ORF-`-Syh?8Cq q8YKp+9L,Check sum is -
test,">Yy77`YXn*	-XoKR#ioG~^~h(e9M=
GC2n",Check sum is )
test,":#5<sECK,k2/fh}g[j^4NUESjiS\)k=",Check sum is C
test,<;h[ylIYN(?8d7z\<c%];LbW,Check sum is  
test,wB.7baD?K,Check sum is O
test,c|O\,Check sum is *
test,@+{9IN,Check sum is V
test,Z{G1DQ0rPAV4B 2c|yvl_60+LNMmG}\HJr,Check sum is 5
test,"$TA0eoN?L89JK^GS$%G?jvI>_O'.""{a>St)o#?(Y~&9lx^WA","Check sum is """
test,IU!u3}p;;&xc%oj,Check sum is )
test,"3!AwIH,Eh%2+}3efUl|(sRGeg% )+qQ+~iKMT",Check sum is )
test,nQlzZf9G@Hhknh+^gNPeWr4t7-?`M,Check sum is *
test,H:s*~%\ZB()gj2Cu'AB\*?APw %4%,Check sum is ;
test,"j<<F{vN`>IqNct{
=|rXIqgQm$",Check sum is O
test,xrad-h*]@_,Check sum is J
test,)'A3 ,Check sum is D
test,u	EU?wvgrdZ55YK5p*K	%!^*8P\)bCOb_1 VZJNI'B!,Check sum is (
test,!}:gBa #*Oor{,Check sum is Z
test,"(hoW	^1y<Ti9mG~6xUxB
K*eO'&w.K/h8J%1_p",Check sum is V
test,.9EwD1T*w4CP,Check sum is 4
test,",>.nud:Y*4oQ#|*-oDticU^:t6Fj}33Bo>lf",Check sum is D
test,">YOw4\'L1V%o""X%/s""='P%c7!X",Check sum is *
test,"Mh#e\C&{TYC6,E'",Check sum is [
test,"L'}P(9	yI_m}p""W-Iz	(ur",Check sum is F
test,"ZOD,5m#55",Check sum is (
test,"hBH_""MHN\TB!5xFBt*=oCvkPNZ,od/6",Check sum is H
test,"c0SO[$m0Uu<X,.HCgN""8""]S
R!xqVHs]",Check sum is )
test,"tS%es|L-n<p&?3P:%.<[<'5""_{;{~#%P`tF",Check sum is 9
test,C10n1m*`@rhudh~[L,Check sum is Z
test,"4Ts5o8.DM10p<{h,d`Dof:P>/",Check sum is &
test,"~Rwu""Dv",Check sum is 8
test,"3+5c9FYVQP[
{|=	NKKsRspdtGf	f.+P+O{dC4L\Pgk$G",Check sum is 5
test,"-iy7;A%t""[X,$1P)3=e\=?=m}
2<{[^g",Check sum is 1
test,"%[}R-ue""X:~/#Q""Cz,I]",Check sum is <
test,"[k<H;gH*5BIa8RQw>s
	lDo",Check sum is T
test,"""/EU;G;@N",Check sum is V
test,"LQD@AacIUA-rP(NM%Bi%Zv~uCc2]P""'bUifSJ",Check sum is @
test,"2Rx=OK$T~6'i{2t,YOn^j917APC[g+7/ej=vP,l;",Check sum is G
test,"{.lD,ex'u1_MF""6ny ln",Check sum is :
test,"E{
Y+:E^e`xfZ6	_r8rF#q""#\muy",Check sum is X
test,rH[d}yEW)iiq#!`KAjDmr=3ZNh8i9o,Check sum is ]
test,"6]zaX=/3FlYCePv@AqG&]/RJAr`=H	Q1Z>l-/,",Check sum is 4
test,"+q,d'Ic",Check sum is _
test,"4he~}-
x)a$G!BgZR1-s/uBm'H0wS36>N%Sd}+pfE4J	!;	Hu
",Check sum is J
test,"^?)sfnEp7rHi(qlU?-f#-Cmrjj,e|XP8Byh;'i+ mQ(?:",Check sum is 3
test,$\ENF:A',Check sum is [
test,"@+[@TVIp_
l7d0J$Ms~i?)lYy>SLCdKZ,k7e",Check sum is @
test,"NUf""/K^z<;",Check sum is T
test,]kl}!~&~1'(YZgnm.P+n2==MHm^38,Check sum is W
test,"%^cE Y*HWxT4;[h""Q	XA#h9Bn_""[-ogE+ccV2?T",Check sum is D
test,"UA7nw@e'o~^g&\BBRc8RW	~Cv_xbGvN7
-hp[KbH",Check sum is F
test,hKCcc2V,Check sum is $
test,pf`H	#?@>8)G,Check sum is /
test,lHWM5rK	|K\W\qzKW4\a9,Check sum is @
test,"a!; x}53JP9YBdjXA1ow-4
c_4v\_xt+/UwyIQ>#` Nh=S",Check sum is $
test,^Bg1hW(z=<k3CKy`dsT,"Check sum is """
test,0_Y3z.8kVzMg,Check sum is J
test,LAUPU5+r=n{/\WOXtrX91ne'ttaNi1d?,Check sum is ^
test,"NJTL+3
c.^@V8(:a(9~Gn*608ssL!xWzNn 1l BRHoDG&A",Check sum is N
test,"MbXL1
tu:&+k#B.]8Z[}Mi >+vS`2[&9CsV;'F^\%_dHjaj",Check sum is N
test,"~&_:^G`)o""].cWwY} 1t CA>	uH?$O=Fqwvmh*xLmWHw",Check sum is 4
test,"u}ohp?,>2|K*`+}zY+9R['=t!myw\q:}Ei GEHgfy",Check sum is S
test,Bx(UI&!TpI^}1ClVhFGEX!2L@vmj4Hd7jh5dTb$7.ovY2t<pI,Check sum is ]
test,RIRrZcot&|&#_.g>)Ye+,Check sum is N
test,{C3L6~u	f,Check sum is 5
test,"oU,744o{a/!:q8o:7*",Check sum is 7
test,"/5*d[yc`~O""Etx^
vw>@G>$1A}di/(U*:3",Check sum is D
test,"^Y#qbh<dRuGBK	dD'@O
=|",Check sum is Z
test,"?*xO[}}i(,ruF<K",Check sum is V
test,c_\~*^ds68k=L\gf=|z^ol^_qKDi{^S=2^4&[h~,Check sum is L
test,Q7vHH>MR,Check sum is K
test,:.$6u,Check sum is W
test,1G,Check sum is X
test,k e7)./1BA6kiz \{VifI8	nOl4gY'*pU9JN-xe8cG~p6bntF,Check sum is I
test,lC6!J|owiwb$+m]CC/z>|Z2gK{0W' I]a~,"Check sum is """
test,"Hqxg&3|6'o.=odWu
KGP~hhFX}X_PBod>2tsw4)S5n-';",Check sum is D
test,+?8wj_d|Pvld_A)e`4l n7w=z>%,Check sum is <
test,?5O;J6y,Check sum is W
test,"""h`A5fh>_p.b0o\\UE.c[7L<p|",Check sum is 3
test,"1sUQQ(?~c$l	nz
?V`*8`6",Check sum is ;
test,4v9+&9/,Check sum is <
test,la={tN)!:Jvd16+^p)Snc@}-CAv#mC,Check sum is 3
test,9xw6d!/#WjWzqx~E+3LS+hnV,Check sum is '
test,?t,Check sum is S
test,"C{L[<G^U_^kd2[""B",Check sum is 8
test,Ux,Check sum is -
test,R?k#S%+s{C <DLlIxz#*p\42SnO,Check sum is 5
test,a+fC_E_~ly,Check sum is ;
test, \7as$EKDMYyCYb4N]E,Check sum is  
test,G	/.J,Check sum is W
test,"Si|*lBL#-EsU1Z'KVj9nN3>%|7+{\%pw[PZRkv,SP% Q",Check sum is ?
test,6XZo$iA`1^d? lCihuvhN0lljJwP}G;31tJ}8.t%y,Check sum is 1
test,"UY2EZfJ#vvk@oK#@BHhCl5xGJq:
LD(Q6@!$0s",Check sum is !
test,^k]#uATN<fzP6Ww[2pO;q2e@kkTSv;zdRa~z\vhv#W,Check sum is !
test,"*=)0+ %ebLwgyM*
_?9. u,4KQ8a""?C>y/}$B&?39/?",Check sum is V
test,"5JF'7ItoiZ?%`G_
~+2m]~-H}p""v 4?:b-af]v_YbLeBW",Check sum is ]
test,"""LP",Check sum is ^
test,":[R?/57br%U;o@0:n`Dw]z?;/?l!|tJ7
-67:]k|^O16",Check sum is ?
test,pxKB~cVtf}x1,Check sum is L
test,:p.AsgH?vSp~0tplp.A8X!Y0$saD&+*B6,Check sum is Y
test,WYsODKY7rwE,Check sum is _
test,qg,Check sum is 8
test,"l""-h#E",Check sum is +
test,2sW.]\F&owbHE)2,Check sum is _
test,>d[;PP<K#([H7/p9ARK@gga568&Q4%l,Check sum is (
test,":U?Rw;C}/JWA,$J_,7xs3k#?	1T!&YHq14[fC?9{j|2'",Check sum is L
test,}+E?-[Z4Ir>;Q5)F,Check sum is K
test,+PkU\l>,Check sum is !
test,"@dmLiC
/d%@+,\0,",Check sum is :
test,"O,|mN:7J	=~cTc+KsR`i3>@5&:5Ls}!",Check sum is G
test,"m^%l""PWm>gQy2:jN",Check sum is E
test,60`K;DIUWl=h9\EEp#[cx8[j#5!5xg`J,Check sum is R
test,(6[]gH^BZ,Check sum is _
test,"UP""u""""r^L|S:ax8D0~dB<CxE*",Check sum is T
test,"jL>^s4*QWBpTF0\ea
/23`s\Bq;&Q",Check sum is ;
test,%^JU.7$~)j},Check sum is Y
test,?)-SJs+	h\CM{a1699OrbhW K,Check sum is O
test,"'l4}W2XG%
/'$KJu5H):MGD	7T	",Check sum is T
test,"q_i@X]);L91jA59*2<>	(2=R]x?\Le	X[:5sn
6Pa~85lNz ",Check sum is &
test,",^/iPGtN'5zA#a}:= PlTWZ5R[iA5C",Check sum is O
test,"Af|OT!'-/E:@3:x0cpn""VTJ;[b}$:]tY?r]""nb(A%Od1	17&",Check sum is ;
test,?28N_t>oc=3,Check sum is *
test,"Zs=!u~l!~|Hg}]XvN
'D6tXa",Check sum is B
test,"wN$<[c+YBgtQNy""z[oA<<<3Tp+[",Check sum is T
test,	lcQV=A6)/JM$c&G[ H,Check sum is 9
test,"@#W6>E:I]nh*^Pb/2&C]/,KW'P\4TxgySKCQ",Check sum is L
test,")#p
L271W|@6?2ri_c!0My4%T>gA",Check sum is M
test,gQ?i87N>n)lO7TMY@-z.Qt2Te	68`	m,Check sum is P
test,"R:1'3FQ?
 4\_@",Check sum is &
test,"
_/%,8A.2d'T[D6*1HQpO""4z*VZU5)xs[3@T[\j3-m|&?""",Check sum is $
test,lXB7W<QiENQQ8Q?d7=I><k#VL>0{fT$pl/5-ni~hL)O <cp-0+,Check sum is ^
test,_vAKmM<A^IE7CTRfu9fHRfOlTQ9~x=cY[ HJ,Check sum is S
test,"8DHkq1""[M@pIoOQMKDuSY,CG}<C2$guH%",Check sum is Q
test,Is?S#bJlU?$	Vn,Check sum is .
test,"IYLXaFHyq?RM+o0$:1r
q",Check sum is #
test,	ww;#<}|Q6e_Ci l:7,Check sum is ^
test,*x{_mv4hZ,Check sum is 5
test,"kt,}",Check sum is (
test,"m^Yw	zt^.(yE{0sPb<yNd\Q_,vFB",Check sum is Q
test,8V!]\s,Check sum is ;
test,yD:\bJVb4,Check sum is K
test,2xQ,Check sum is [
test,$8~n|yJaGr(	~;bnOFS,Check sum is #
test,[sW&8t\zw,Check sum is $
test,#A)mJkw|qXIojm}$DOvu,Check sum is 9
test,)k8R<R}sZ?f;lxFz,Check sum is Z
test,"e(U~:1y:8HDBrEE_e@h,D?w*h=)[",Check sum is E
test,"7NRO,?FhM1fMa	H(H%z>eVQoifY%-e+I0;9>	",Check sum is H
test,%~Z0l>|o1['WtzUGFt'9'O,Check sum is F
test,O.Jq<ms.*',Check sum is 3
test,Z_a,Check sum is :
test,".,qY$Z#1|`>fxc`':yCR<y\09JAK]F^t3Pt:>e",Check sum is Y
test,wY@bAi!Em9MAwZhF!C/hlUV	kj(c]<G g)R@%1u8^|7%9i,Check sum is M
test,2xw,Check sum is A
test,so07>+YZx4(E&?^]jF,Check sum is .
test,$pvIW^,Check sum is (
test,Ai%WRQq,Check sum is Z
test,^a{:fCc)ML9 mZ]C,"Check sum is """
test,--{,Check sum is 5
test,"2.$((ReV:,%y< 9&WLhe%YR%i",Check sum is N
test,;@!YnLpx[e7Tno(5V,Check sum is R
test,_\@Tq_?f- OJmq&^)ch4FYE>[e4FC=lQ<HI@\frIpy^hk,Check sum is Q
test,^J@ptQ(ocg]m04	e~TyP1q]kKhX\,Check sum is &
test,+lz`hD}a'64]3^yjS,Check sum is P
test,h>0Yj,Check sum is 9
test,rru6S&T1ABy.RO_KXu6/T- #Lgrxi[ {5w=rH|f_pW,Check sum is ?
test,"5.~mZ4bWw|( *ys$N./x/mTLC9!_.8,H,i|m5~.w	1",Check sum is /
test,"iK,GwFHaGteiH(",Check sum is &
test,"ILA3{4w=&'YDetJi3+6Wqebr`dK${.reu*>.x;""
1]vdcr`",Check sum is Q
test,8M^8<M_cJ)Atk:)?B2a7:}MVUk3)I-,Check sum is 3
test,"+hA)A;0
4migqO<Q^Osb]i'_~UG'MygCH2h(&&1~",Check sum is U
test,"yF~~mYIo_|@nArKU""tv!LmCH~V",Check sum is :
test,"mHKVE""oCAw
HGsRK(6I3J{=GN~]bi']
[%l`",Check sum is !
test,UYymS\,Check sum is #
test,"4f#>@Sa~%B!Wahs]z-4%F,-)[[rH$8r9f={%&g^|D/	jH-",Check sum is I
test,"S7pz	/h >Tn!jH	)N%[G6xqf_tIv>.""-w*p""Jf",Check sum is #
test,j7p;Gu?O8J`E]Qh-=<d$Gdw`,Check sum is #
test,o\AegpgBCWF%PDivWEPBbpowDT8O!s1O~miQD4(l^0CHyN<,Check sum is /
test,iKy@Sbm+bZ6	[lmp&5c'S@8}j+M :L,Check sum is .
test,"=1`OX
QB$R~Ngc",Check sum is >
test,"(_8wQ%[nd;.!""4K",Check sum is $
test,bmJ,Check sum is 9
test,_Y,Check sum is X
test,"TkU""2$	5e\E#jdXvy)no
-_nP",Check sum is B
test,"
&3QMnKiRi/,Y.P^0W""}}%BH6jEn5 v%rX%u3[<]+Apq",Check sum is ;
test,$YGVF3	@vjN,Check sum is *
test,"N7Er,TT;
s",Check sum is (
test,4yj]J\,Check sum is :
test,(q=:;reE>eZ4hVT,Check sum is J
test,ssD,Check sum is J
test,O1Q~/K.PvXIJvH}927}J p$a\/zkwc`	OT'I{E7V	9<D39,Check sum is B
test,(#JQ*Ywv VsUx%B+d,"Check sum is """
test,"o*Z
9xTQWTPEC^",Check sum is T
test,"	ze,m^_%Y",Check sum is \
test,"4u	/xD]@t~
Jiimi*o'.NI{Fy1!O""",Check sum is J
test,kYGi`Do8,Check sum is _
test,"6}!E-s^'j,",Check sum is 4
test,"'+"":0;)PR;bW`1hkh",Check sum is D
test,Zs]N'r\Y$G]0-nvh,Check sum is W
test,"aVpx'B(NgEW~_&Y""]4/E~$x",Check sum is >
test,"""4:FmrRM`	~=*?Xlxfc#8|ve?|_W,5}P|A5=dPet^>
7d-9",Check sum is :
test,"2z3nHsV(:LdCQNd=x.NfldO=^r5WY ,n%y1,3|)6XGF",Check sum is &
test,"x[2LP&}q|T%lrAq2!]MS=/S6Zh?I
Pr*",Check sum is _
test,"n""=&%z!IF]zm{+O5QIu$uC?vp@s-F|5Gt/",Check sum is !
test,d'/{:=)- t!,Check sum is W
test,=	,Check sum is &
test,"/%+w+
'tQrQ3`.F",Check sum is A
test,",OB]	[B<}to\?6y=ut:r!t	?M!^e6{WbKK]>",Check sum is A
test,GC-x_c4`nZ +,Check sum is 8
test,"u{}w+5<Z3k 
2)p3'!v+$lLGeAyB@!R|
X>0@cmuQ&",Check sum is (
test,"	QrW!fS|Ew.L:;2x$6f{(Y<`Kl*UTnRb|#*#!))rTM,_",Check sum is /
test,"hVH7($oBJA`z-:r2E,OX>GEG|0.Wa|n",Check sum is /
test,",{uA'*=@Ts8fCLfTrh>}?:i|*lP#Y{pIU",Check sum is W
test,"ryiqRz&^)?;R""",Check sum is L
test,bYIzq*P;,Check sum is D
test,`6;,Check sum is 1
test,k\9auKSPIPP6wD%u_x duv*E0zCg.,Check sum is O
test,"WvrMPVZH{
|x{9,h&IX-@XH",Check sum is I
test,UKC}r1zB,Check sum is _
test,t~xew(vTp*MaH>=]*k,Check sum is U
test,"6e""s%j<A
!;5[}He;YfNH'o5CZ/",Check sum is #
test,DYiP|wO{xFet,Check sum is J
test,1Hd'j2Zd|w`_$iF{2=iB~1b9S?,Check sum is 4
test,"'W2ee(^%-1m8oMH45^OmaD_l3]J	,aT?NDb1E","Check sum is ,"
test,z.;i8zQFAu1Wc9Tc'{l]=T}&m<kPn&Ky1$]D#d[x>R(M+OH,Check sum is 8
test,"ub/3
Mb7(7*&<_""L^Zt[uk
*gI$AXWdS0hdh*L
z/AFjm",Check sum is B
test,"HSFe@>kUKvaG""fDK[I~=$4_SF4Lf",Check sum is 9
test,4a]viU#~oZ,Check sum is 0
test,"{A|K&6ErpJn""B\bI@h5d\TYx?`rL""L",Check sum is V
test,"VfkI2n
yYL`M4NEl3,xbTZqJ^ArWk4c",Check sum is D
test,?{nw/y)|b%*2.BP-*go*3M3(JH&hxw2?ywG/,Check sum is G
test,"JaKf\hH^Kvk"";Wv(>gepyJ<8W0Ab{OHZ)V 9",Check sum is C
test,"4T!	`s,]T;^q]>~^uVgBjCrk:WOvOwz",Check sum is W
test, |S5$x0dRN,Check sum is T
test,"p}N;V-$XR9wmEAKoqM_A-""i",Check sum is Z
test,">,>\(!MhB""mKb",Check sum is  
test,"XKQ
$uDjO45NlHt\'^;#<l""'pteD~HvX?$TQ0g",Check sum is C
test,"P""",Check sum is R
test,kP*;`	GT8^N+k*{ YH[l)23;=)T7PWXp)dd,Check sum is E
test,"xET
t@Fm6dyOH$=@Pswx:n((-|fOPGwoBd,>",Check sum is B
test,nOoA/O14FGSg*1chn00ymCerQjmV}~Yvx tjOzD,Check sum is 6
test,"o61/IR	^lq
yB5tz ./O9r3pamm~z- }- ym[/4B0cP!^`bxEa",Check sum is 8
test,"TsGVT5C}~G73yrlt0oi,Ic0e5+SJ1:S5rd",Check sum is B
test,x[3NyGe[RJBY8,Check sum is #
test,V>:	Y;Iuc8A@u5?+4kVO,Check sum is =
test,"3{=+""Q4@A#S1@=_",Check sum is !
test,"DLeruQXLTSPK>=r
d*v9",Check sum is '
test,"r[;s{""?<B#+5C~K8-U|BCs'kl08nEe1W]B'{0XH8",Check sum is A
test,3H,Check sum is [
test,/y-XWw+,Check sum is F
test,"wayl+x0,307J4,i>hKsHz1H/",Check sum is W
test,"_ 4QhG=0z}`8?Bi}V65]W_`W
=rH2 Ozx_V?cY1@",Check sum is 6
test,"!jao~Xtk-X
gM	 FwzO;}j6C:j<l7=Lm)KB:""CsapbhT",Check sum is -
test,"Bis`=
5",Check sum is Z
test,"tE!3:U1`"">01eF?]0xd! jS`gPN$?v8N-h",Check sum is 8
test,"ZF?53N9T~hjno\pn
!@mDwI0-:|q2#u0StV\(Q-;&0",Check sum is 3
test,_MCf>vU&U+bX^=N!b(,Check sum is 2
test,Iv!'kL@R$71wKk:MY,Check sum is I
test,"	QF""8@7<$h>	_&8HNl qT""(P~ jWZa~BaqE21sL",Check sum is 1
test,oFm[dd$2x&$0]lt?ftk,Check sum is .
test,"hy}; j2qn.Pw1G""X#Qhua\
[tG,J7U@.^f';XMX",Check sum is <
test,"Gw~*K_T+YasTq[mPwR)86c~kDKMV.vd*r""([X$*",Check sum is F
test,"Z|$,
~20	yr""~n'PJ)2snFYBVF5`/&
>BuE]Zv3(@p7",Check sum is I
test,"+""v{Tixi)rX??M^4%g3![nYa`af7",Check sum is M
test,R#u)R%0Ds%.TQo_y^	iU5vAwXz;gR 2m,Check sum is ]
test,"cix`~^(e=1sF`a'2n} *H&0H38""cx[(i=ufP;600",Check sum is V
test,-\,Check sum is )
test,"qrAWE\?/lG#~(Xru#6&""TJe:5?7]DAHGs#A2[RPX+ ]?",Check sum is $
test,"w""_@/omFE}`,""q",Check sum is J
test,N(?],Check sum is 2
test,pT4yKIQ_%Jp27TLXLG)`J0,Check sum is +
test,j5)*6~lJga>bWoo,Check sum is Y
test,R*%ZmK7dOb,Check sum is _
test,"zK
W[LV*>ekU/OI'6-B.NS0{mo%]}",Check sum is 8
test,"S,_Q3a#iEQ
nV8-B>6S=gyYLxdN	f j$_",Check sum is )
test,|8lBg{=l`r3bI\,Check sum is Y
test,K1J:E)6AP'}.r@d/UGU,Check sum is ]
test,"9P s
pVPXFs2x78	u	W|nD|,S$JA|	WS\oa/J'vn2uE {Zy]:0",Check sum is <
test,pN%,Check sum is C
test,7Bk-!U>e!N<4x5x]P/*	<;=H&hi2!dmBX?Z@~X,Check sum is =
test,#mRgh~p UU9vb^,Check sum is 8
test,][kW)h3{]}mbp	i/}4*`Hz<Z'nlVEc:MY`R!5MxwknxA,Check sum is [
test,"Bpp)/0FLHy6>rN;<Wd;m
P35NCzp0^ke_",Check sum is %
test,kjWA)LI2K	AVdu,Check sum is A
test,"XcB+pE>9]=D9
	[]|MU6JA$v5M z",Check sum is +
test,"HNb2LwOA{i}XLT8PK,b.PbM+BRbd4
}K@)[$(",Check sum is _
test,2H>}X8XO~?`\xIQh;%h@E6 9EE@3sbew(MK]F%G%Q,Check sum is N
test,fO7CXbt=$AxvDE		?,Check sum is '
test,mkqGy2mqO;a@t<N/<}',Check sum is 1
test,"aKmxwR\vLiy!yIDE*COl$:SmUS-i?rqQE QmxSY^i,eu",Check sum is 1
test,"tDB$Omn]>6Z&c_bLxFA*""1N9=)b|_Y*gY<M)9?",Check sum is <
test,"MhHys~\ne/h+p.\g3q}
8\D|HuT0a_p`;hH<c",Check sum is 3
test,"$ii.
<qrJs",Check sum is *
test,"M_qN7~g6/-
'",Check sum is *
test,"z}AXF#0>i%a jOxxfrh;v[}:&Yb&'e	D?4""~
,",Check sum is +
test,"5s}""FWz;Ck>6#x	_==B",Check sum is Z
test,DP~[;j5tqw'cK.9w3{^#A4.hrYv{A$y	rik8R1dLx-.|[&,Check sum is T
test,!1c^&>FT&4^#g1Ej9DJxR\=fmv %]*3V(8,Check sum is ;
test,"v*hbme|@!+A5|ej=`SMtym'^'!(6
W(^<",Check sum is J
test,Yvcc+/F.* V/a86,Check sum is !
test,"""f|(!L@4qTj kKl>cY|zg|",Check sum is 1
test,j6^=mZL;f!=: 3Ts(mxp(G|m~BaI$y@,Check sum is ]
test,%syZqDdojE76vhz:`5TR$6sc4Bf<luJC:nl+k WMX}6O}8c3,Check sum is E
test,"aj=\gikp{!/+q\}^$tl""cL4T^e""zYb5x@W{TGd0/TSPax&",Check sum is W
test,0<X?-WAeh&L-~$6;+5_O'z=Q E,Check sum is I
test,IJ8K`<D{4MSaR9q_p3}lnn* CL55EP_6HyIB>rCJejt,Check sum is B
test,"1l~z_ ""X[6U)D7JX,~qN;lM;P3d99%}Ds&}/JU/L	7LKc\r^",Check sum is 6
test,"z,,V#e4QcC|i8l%	qJ7h(C",Check sum is 7
test,"T[)_-&m-}#uar^k:U:>bm)kiz0x[2KjC
!P~,$)sA>CmbBz",Check sum is !
test,pJ%ucC9UD%AmR[:{fX#):~iQoYzc,Check sum is B
test,"
3d",Check sum is A
test," p(w,'qqXb=V\7t6z4.6W]:",Check sum is N
test,"N,CPU!WDW-UFa]/X81Y6i>3y|",Check sum is )
test,"o6+hXSfQg~|r
-H|pC]&t""GQ$IfzbH`1RZQbN%",Check sum is F
test,2`],Check sum is O
test,`mXlb.( #E][KCa>E@Q,"Check sum is ,"
test,"^xt-vC?5Ap8""jB,]c""i>9:EAOV;gk2nV:bYy",Check sum is ?
test,"CXpeo""/r-DC^,v,gLBg,(\}(3Z~&}Fx=+]j9""Hh:;hGex"";JYK",Check sum is E
test,n T2W]2LJK'7YQTg9R21gBnR~r0o/-,Check sum is @
test,";	h;a>hUz.qW*""co<cc(/EO&(}u*",Check sum is H
test,"fz	JkgK|]RrS!mG>y@
j)3~n]l{xH"",S?7E",Check sum is H
test,"YT}~dqkUshV[?=g2T<""",Check sum is 0
test,v>OjZqV3VWp$,"Check sum is """
test,W{6tRYGutsz~%*nZzn7,Check sum is X
test,dg=ASQW*rmC*~8c-bT=m,Check sum is @
test,"0>z~bb]*OZ)lR_fQ{3S9b&tf?PBF""$&-@sC:",Check sum is 3
test,jTaLp}H;~uH*;,Check sum is [
test," F""~aduu]/^)weYE9[!	78A{
gq^U6E0;bH16LW?FZO8OE",Check sum is 4
test,#rSXr3~5H0$rE,Check sum is K
test,"r?DB`c-v__J!%n!`8n~`v*XLX&_d:\KJh!
j^NhIf<yj",Check sum is M
test,"GC?:""?2JDw8dkD""jP7G_3U8xAD
y~!/C+!~JE{'E/8-^!",Check sum is #
test,7Tf%~.!.~OzBj8/HHa3n<@	kQpY2)[\D%~9^tpG,"Check sum is """
test,"7L2-TWtG|_6WfE]z.wzs'FMxb8Q4R
 /",Check sum is  
test,O]tB/a,Check sum is R
test,UUw>/# \!%G&SdONzC,Check sum is Q
test,"-,;m$[zGwP"":i<MR(oz6J",Check sum is Y
test,	fm.`rAd19cCjE_7n(	:QHo>W8rJCl05 s!?xA,Check sum is  
test,EP8$c1?PM>R>cM2Fkg'&TNbtzD{r(MP|2Vf$qp	^#]i>}5,Check sum is -
test,ncVUU~VX{/n[hTs^&-4,Check sum is $
test,"9Wy
8""wI\[;4GZc{kAVJ)=#eAUffQ	0 Nse4?e+nK",Check sum is Z
test,^:.3ENqwf[r>\+*@)\kjfn(-)$,Check sum is F
test,}*%-VJd`}Z7@C fmJaVHmR\:[d0YGc@,Check sum is Q
test,"""lf09.&}H|{h7arX2)>Wz:L85>wb HXR&%-Rl",Check sum is S
test,">)T<B'gy	$+pxdNMH#81mVK3:>:2+$#cKj$L0l,",Check sum is Z
test,"Z'9-.imV?Ie&,",Check sum is  
test,"WHBl;}P, qfl[:?:j(d8+ZN$;&^3v`4y%>|>uD}e-PV",Check sum is 7
test,Lj9LqRk:o_AZ7\S\<>%'*@E7|5jnNS@1,Check sum is 5
test,:pwE_,Check sum is %
test,"L3T.0HD45W""(i?q",Check sum is @
test,li 'OP1atdF_p;@Z?9F)w<^8+_ayK%KlSW^M	Vx;1 ~,Check sum is  
test,[4Z,Check sum is I
test,"?4:;_^]I	s`}dlTR+b#FUvgnx,kymdKs{E!@h8}<!""",Check sum is $
test," Go""$@%\;/+=dE\6:",Check sum is D
test,"=;0	yG?""z!U8qxu	Il)FU(icWnhfWZ}xvX/7x",Check sum is S
test,"a2:m+SlTeSZ~4*oDq-CL5tyR<h^`aq
0",Check sum is H
test," `tJA/eY\`NSD)',d|x&m/RM@,aCRd<!",Check sum is E
test,"W0kwuZaM MiB
BDhA#",Check sum is :
test,`	)_^Y5j:FDd~X,Check sum is %
test,a\hMI.,Check sum is I
test,+u rcpVp!) k%)@o`Gb*L2U!`n[Md+BKsr-s[Eb*@&\zr,Check sum is U
test,j5(W.=}331	#/R_91P;uV,Check sum is I
test,"9AHM0`bMx8qDOci-B2j]A*~gk:biDp=k/'lG""]v
BZZs!s
!","Check sum is """
test,o<P/,Check sum is J
test,WH{%Lm&59aZWl,Check sum is *
test,#f[:#^,Check sum is ?
test,tngUGM03V,Check sum is K
test,"=DMzn	aDQ[^X~@ :Ge
K3e,R-Xg
",Check sum is K
test,"-2YQ?j|j+,zjd8W=",Check sum is #
test,yU$x;tchZ$ {#s,Check sum is 3
test,UYd{rVWQo@	@%|Sf:AL,Check sum is 6
test,"""lB+I*hP ",Check sum is &
test,:m<NSjXb[WaT&+7IVL<L,Check sum is *
test,"62[""KPGjf17y{1cUi?X~,frI:yQ}~/j;&)(NRz",Check sum is +
test,oHRa[r;	&[ThwN>>`i|Pd;}+Hde9vZ95K%K[mTT?\W,Check sum is Z
test,^Y|1kW,Check sum is F
test,"Pcw6k
4gXuWj>",Check sum is \
test,qsUHw>E+:atDz1RAx%%xfOEW#%snF,Check sum is Q
test,"M!F,5}W=K7d^[Xtg] <fH1&LD2p1Nuv#XN>G[hs
/",Check sum is /
test,"JXjZ	_IMr }Z0r1K<(B
/lTmx
m]9vo(lN|x7zEWIN",Check sum is ;
test,"XAKy8 XI$!#N&2*<k\V\SKoE
	iiO2ZT<q%1:E+ae]?oj;","Check sum is ,"
test,"%c .@^I//wwu`U'<NF?uk0YG,=9V)0o6rG""R(zlHZ",Check sum is L
test,J&/3%U!R)4{Q8=@`{,Check sum is X
test,i#So0;/=Je@|;yN1M5Qe>.,Check sum is G
test,"""PO4M4E][	/uJ.?6oG]5""&5",Check sum is 2
test,"1jh,A)]~eH/sG0ubM3OEnvHiBB`X-FtVfDXs1\o@!YV|xD5",Check sum is A
test,"7y:O5_S;OeD*jY|wx{=N^6,%mlhJE'H,Q7&J1-[qW",Check sum is Z
test,?^g2kZobxHmCN(Ez],Check sum is .
test,XRn4,"Check sum is ,"
test,rY-e#~F3#G,Check sum is A
test,"97""RYTh~X*~",Check sum is W
test,"""VBDE?~t",Check sum is T
test,"))DC9-&2`y#?p	M5rVQ`EAeXt;ia?^)Q$zumJf
WFm_Dm~`Rq",Check sum is .
test,"-
wYIsyl0S/0y:	JrqM[B{Y9hBXIc8_nx`*]",Check sum is \
test,lC,Check sum is O
test,""")}KH/kQ{_h"",KGt)birl!WxR5Kt&T](BLRTx)(RI,s",Check sum is :
test,(p.],Check sum is C
test,cd>hqa-Ff})uuAK(k#,Check sum is J
test,"J&hj/Mz""^ue]pv*4)52M[giS<r~^El`GJ]c}
g=g(",Check sum is T
test,%!r^e{OxK>eEfkg0,Check sum is 8
test,"`wFaYZ)gP]X
p5CW&aUiyxDvbTdXFBI=",Check sum is _
test,"[$tWit,F))Sqx#xhsHW^4n4;y@",Check sum is D
test,`qgOlM	bYC.fvqElb3JZ]>4Wl,Check sum is ^
test,DU Vk;KQ8G$MB%}Bg{Qgw6@)VY7)N!1G%,Check sum is R
test,$<w1,Check sum is (
test,"|,M-7EH",Check sum is F
test,"
3;ax~t^#A'9*",Check sum is /
test,qz!e?]Ujah8PagJ.kpd,Check sum is <
test,VxAh2WI-Lf,Check sum is H
test,"j""r*%wL}F)([KcuvJ",Check sum is B
test,p~3w3U'X_^]$OFpzVM}d%(c:vP!jG^o8,Check sum is G
test,"MP""n2I'H{=q	A`1gER]LzT#ta{bydo#*`oM",Check sum is :
test,"j)h""='tgL507yP*x}x(3i!L`Fc`iUv@TGqwh)w>fD0p5{u59>(",Check sum is ^
test,TjL%FcVBV^H5:5?^)	_AL,Check sum is +
test,c%g84,Check sum is ;
test,H\fxRDH!m0+L3IS|R%FiOrkKB>X 4 >b-<a.$]k9G	ty>T,Check sum is 5
test,"W[i
Z%|+@4#",Check sum is B
test,"xx9{Q {NKj	O""E-*'Ndy%Vt7
N({d~We""_w",Check sum is R
test,"_Gn'_pLz)U=$*SxkG)3,y 8	n=""6%t}wJf@_y	k!G5kZyl",Check sum is +
test,JeK28|	J@woE/jN{/l+K$w?;A c}pN7 oTL@#tBpqo|+4%,Check sum is T
test,c?ry!S2h9q{f/z|'{kO/o~PGCy1=#un$#3zanw~l;'_1,Check sum is @
test,"JR(:	K\ e|9cozZs<fJp^+VZ7A=9#Zsk,(",Check sum is S
test,"=L|u:^cIWQ~K""/jFM|{F&dZovyVX",Check sum is J
test,|VRn05vLb5	Vi'AOX4]vpB{gtXl[JeK7vQUuA?w{+a~,Check sum is 3
test,2l12K3P,Check sum is /
test,"|kX}2{P%g}UTqXRWk&""+KOKH9Laqk'pW1h""mGAeM",Check sum is Z
test,Cm19A5DGSS%qi-HHMWzh+#-4bi-87{ 3qyw2>%ku< 2]Fly/,"Check sum is """
test,"1/Qc)M=U+""8X(N@UEd!Ykrz>i%.,CPLW	E)Zb)f?4!|t!W",Check sum is 8
test,"Hv
-myNI,loMR9q~5:	5C;2_c~fq}c9Oq2q?TN0\Wp$8J",Check sum is *
test,"]W'hR5J\ nWQqxd^t=snrk32
\:*GSV;)Bl;6",Check sum is B
test,"!d""-+@_(?'=6yx?g!l3rGLIq/ltD_;&",Check sum is (
test,U'AW		Z[.4%h)!J<]{cw,"Check sum is ,"
test,S==(Ld2]o-r=3G}fgOG]9LYWA{UH^z^:2dj,Check sum is T
test,"O/?,D}wG5iy_]_ar(\Kr{BPZK7",Check sum is 7
test,0[zVXdaA.O=0buzX 1BgmAr27,Check sum is /
test,"@.Dj8#3>&|@K,/D*7v.>@_VV""8flIEn`!",Check sum is K
test,x}\?m	IUFC~VE!a,Check sum is (
test,",(n{$E4>8Ybk_{E|DYQhE%wF&uxbG`jHT]",Check sum is -
test,"X3y'&=rEpc8;!Kk)
],d(@wphX",Check sum is 1
test,z3901dq;aCI}k+E[,Check sum is W
test,40[}F#~%l|24,Check sum is 6
test,&]vEXBF2[F$R09Sc_fCZB,Check sum is J
test,"y!P)2F]	yw
4e;FQ}mRZn/@zlVS	=8`{3`>(_Rn<%'\u",Check sum is B
test,"a=(:hXeo	X?@Z',j.0PPK+_1",Check sum is /
test,8?,Check sum is W
test,"IbxJ\{S,B(|
e*fDqo`'1}~+Fr;Fx$+=tThm9Q",Check sum is .
test,QeE,Check sum is [
test,"D URis""~+N_z6J.&Wd+78gq|0x-&u8bKV1O^c9jo",Check sum is 4
test,7G_Q,Check sum is N
test,|.]5%yBrLaktVLLP,Check sum is 8
test,"MY+S:YT;,[o@\""|<tr>,\wQO$$NU1
'5+hy",Check sum is #
test,",a>cxk-MKj`6^*=@p]LteBX\6@*p:iQn0PMP",Check sum is 2
test,@rZUa)aW84Bs,Check sum is $
test,"~G^w{
""",Check sum is !
test,"[aTISnF)*5 Ve.?T=h?[3An	|,)hc!|?""[D6)Ql
;9s, 7MP",Check sum is 4
test,"5p~x+~UV^&~EGD4.IY4x9fY`	a%_`
c=:|FnTmTI/K\g>(",Check sum is L
test,Pl5j{^,Check sum is T
test,"QkxC]VWJ
",Check sum is 5
test,"A1j/2(i,]rsGx8$bu'[=I4a
Ld",Check sum is %
test,"i
2<o3Kvmwmd9k'4ADfC>$e*7-=I>3 <J}9",Check sum is .
test,'j1H@fBl^OO7Um{'pkHs,Check sum is +
test,"7a'e<Fhd]'w2ARh}\[c{#MsotOZu'Q
e3ciI0b|v<y",Check sum is X
test,Z*m	>\Z=eH3QGEO>eP,Check sum is J
test,~EtCQ|TV/AY,Check sum is Z
test,"y [0QrbTxnZur,qJ",Check sum is K
test,^l&@(&oo{0ukKnK,Check sum is K
test,",fQgs'qzX:VNc#Ve9c,<)rbvE\hSd?(\;p($$1xm",Check sum is Q
test,gsXK|tBl`~d|:yZ\C%i]~8%YGOWR7/5,Check sum is ^
test,HEb#Uc?E[%Pv[f,Check sum is 5
test,|sA	 *,Check sum is #
test,"a@|nX,QCqHcxH+L]  @ L'/W*UEMM@2blBbZAaQo7Ws|D",Check sum is K
test,}+Yv$!wpF$BW0mvd`y{R!IF~thi,Check sum is V
test,~ZK1A,Check sum is 5
test,[5D$mq(MmN6b,Check sum is >
test,"""iI""i@7""EexVr",Check sum is B
test,"Py`Y^pi?{(<*|""Hu~ykU]^o:gS*X 9%JPke@`6a",Check sum is 2
test,^ARy<Kvw?X[],Check sum is M
test,YTCgYqWNmnQz(rI{:?<N*cPT4,Check sum is R
test,",(,*g6nS.;u|^mM$YIZD&u);KJ-p",Check sum is /
test,Qd![[C~V}l*j.xr2{\#J5g~8WN68'~rd<,Check sum is *
test,"Q}dip
f/VkxnoP*fd
bi""e",Check sum is @
test,/k)D7O|V<lLRlE,Check sum is 6
test,Go4T	[|@S[kI*LUAK,Check sum is 7
test,=|[(&+)CG-*xYOKQ/W$`,Check sum is =
test,lg=[r7V84d,Check sum is Z
test,"J:]Ge0_IayOT*,)zVI&\",Check sum is \
test,L^<Q|R=mX)rnX-_N,"Check sum is """
test,_UROpoc,Check sum is 7
test,$b*G9&vP?W&l`YH.*^FQC\QG`1\,Check sum is V
test,_cqSCD1c,Check sum is A
test,"G""{ ""yQ^&STK;!Ep6/G""Bpgg<!",Check sum is B
test,"E11S~7/FN,:J`ZI%5^1P`",Check sum is ^
test,/FwSH[ S}1&B(g:O_i^Y06Z~O-2B*Zj-jR'rC|YmbIURaPX6Fq,Check sum is M
test,O+6@^Pzt/Cj<z0o_:ihlW^f1`7zq^V^+vR$x#1TIT%SR|_l&,Check sum is ^
test,.sK\L,Check sum is 4
test,"m2U]2GQQ*74=bz8196
U?.FL`T66dBFyK",Check sum is @
test,Pyes@T)H;R/$udm|yi6Y58,Check sum is F
test,"l=KRRg&2`s!pA"":|r)Yy	(2l``^vd$/9dhi%s6I",Check sum is @
test,"8#%/*&&Z""eB",Check sum is (
test,"3o>podoZ/
-xa>X<uOVo@ {""-/VWF~Ly/eW<`8G-lK3;Jo",Check sum is F
test,"R9,Fmh7*>_T:>$'9gT5(38[1~bY
""MRqBfe1su.Zl%dU",Check sum is <
test,"?qG9kOf:}`c}FBc-K
8^`_T0?k
]sC",Check sum is 4
test,"""`+Kzq""p
5WQX@y5XF yq:G%J6h.4!kS;<4&^!T*COW",Check sum is 0
test,"
3lY(%rk""S#ETbP.]J",Check sum is D
test,ueqjm[#kZsF8&@j+?tF+J@3nHA,Check sum is I
test,`g Y^L:u`91&NL>4Nd}syH[,Check sum is 3
test,"$6&K#^U90;A?}#	6&nG/uErI1VIc]l
""\=2RYN",Check sum is /
test,"QC
T$l!DCs{=w;""F""*<G}>X	5	ept.O?iE(hvS6l",Check sum is &
test,"*\K&qu),g4)]9of\`4rUcU:deUC&OE&Z#[?y5tH#q",Check sum is @
test,"_DlN0qv""M7&~*}>9uK",Check sum is <
test,"ypq^| i{rPJ=$Ya4%;/TDR1+62vNetlU&""{,^y[*Bn",Check sum is I
test,KE3O<PK7Iv*?wW9M<zZ4T8fD%b<,Check sum is 9
test,b{iw[kq 0	~q,Check sum is \
test,xfg46)|*4N0l?	Ts82U7OWCKV$voeO]rx,Check sum is O
test,"Fb=S@l%B*8m:!X/.hXe,d6{v`?3L",Check sum is D
test,",&G8DRS<}VcG)>h]q;Am!FK",Check sum is K
test,:WGX[9caX.=8O7[gNJ}@KfC'C,Check sum is ^
test,"-hOeHhpeo_)50u-OqGAK%J).8{*,",Check sum is N
test,"I(GJ-J~P.7uDfe$(W]KBd#@72N0#|B,{VYXY",Check sum is 3
test,PX$,"Check sum is ,"
test,g>2-,Check sum is $
test,hYp_LTL?&3#C5.U#d#Pb=P1nM9@c!zn0iL)@z,Check sum is T
test,8'9!a%ZcAxc/M8\<5[,Check sum is T
test,h{uzanao}LpWe.ODH-!Fp!K2+scRl5Z>BsA@D%99UwyCTVfv*R,Check sum is X
test,"1QrqVj ]E|^r9|""""CHnx",Check sum is =
test,6@xu.WqCkw)W5MM%{/O;%/flX=KRQ	e]S;#aA,Check sum is M
test,".+O,9F&WT!.vA~v4^imYZ",Check sum is Y
test,"b#+oH""<[6pGDqsZoW7O{i$}IdvNR[|h!u(zS",Check sum is M
test,"K}9gGqb]N^8T?'$r_3U),A\s(d\aI}nZ:3_r_ e<8e7mgeH",Check sum is I
test,"_UJfrGoe#]x:Dv1$}j<p*J@$!j;""Jnf4tYI]*Vbu#>{d<>RZPk","Check sum is """
test,"NR3={g5Se]uD<
)k[3^P'^0@3){o\C7sWMsc]CCZ)CkdRn",Check sum is !
test,?B%!?j*kaDT\mz%>=IE #=v@9;*PXH*xZ3^mpx,Check sum is 5
test,"U|,?.BqZ`
dQUD",Check sum is O
test,"w{_o4MWG
~R`CP3=8rcQg
iVGnDp/7H{",Check sum is \
test,"t Ye4fU1U,[}3*k +n=[HEv>iz){;N3OBVS6Bp",Check sum is *
test,"Pn""S|,=wd/
n[s=lU*zzdo}!k)^M}`U^{<u,.SZ#[+$_6h",Check sum is !
test,"""vM#]Z>G(d/Y}n@",Check sum is #
test,"sZ$J:[;J8iQ: Tk9
CLnJF1$|>n4?",Check sum is @
test,"[>Lo7-Ey""EDt*-VS+rPR[ an9G:YakDSQpl_3-R^,5Fl",Check sum is #
test,$gva@YAj'oDqfJrwl6F,Check sum is R
test,"z""Akz!8o>j7E@I2	&:2wTTM\DQs.eXxcmM#[*'U$t",Check sum is 0
test,"!C-}
'9jQ!M=)2x=,M(GEH$?{~AppHv~m
)vw~eX ",Check sum is $
test,7|3X=!	4:Iht2-Nk.U	^Yuva,Check sum is ?
test,"bGaBC^5,iAJp1. \sFYosAf5",Check sum is =
test,7'VbGT9;770+]{8:&R2H,Check sum is J
test,"/Z9,|.2]	@KuXa%pOqv{Jd^!vdp&{z+p0?b|JKqjV5>4`vR@6",Check sum is T
test,4D0(*Z,Check sum is 4
test,"lR;X,",Check sum is ]
test,"%7<:[|hu""Q:uaAx+	7",Check sum is M
test,"]vBgy$}L)>]Zv;<D8z""1PZEir	9u)gY|	!",Check sum is &
test,AZ~&g}EjpO\,Check sum is M
test,Z'H,Check sum is )
test,"w4~_4 ~Z}Jz`_c_,CUJ\%/t7",Check sum is ?
test,":/{Mz,wS]{[F$[kodc4]Z""|RQl@!/~nNd;c$	=He",Check sum is U
test,"4~<$""AL\FXS8-ox7!lX5Hh9	6[""yj)",Check sum is <
test,w983`!n5(_Sa,Check sum is Z
test,D&8T?9h5C&NL)h9YrZEjuU!B3al;,Check sum is 4
test,"8WZ3E;NZ((ky}Og0^'Yl)Y	;Ee?V@E?BPW
*f1>1iT",Check sum is .
test,"-\%Km4TE6J0
E
%/PNF=dyOQR;",Check sum is [
test,"E{~xtI<G	j	/_XImz!{"",:4@J+f",Check sum is [
test,"j""+Hq|{HQp0;",Check sum is ;
test,[KoCNfc:c^5;hX ?p\T2|r70'Z1nd#PO,Check sum is F
test,"k16'A5AV*%o0renbpGK4vR*Yg+= 0&#m""C",Check sum is 6
test,"HUtq
yP4FOW$(uECIJeI!@3$/B,BXBA%h){ xT<#^F_5O",Check sum is T
test,"}nIf6+*[	C$$rp#e:AHb1bW;B,(0H",Check sum is 6
test,"JXm[!DuGR$:[kdRP:4""C;y:G_^Jt.d)YT%q+!5NPx=",Check sum is <
test,"%zaL2 7J:H&`B-CQbE*~F_-	bgG7n]P&
",Check sum is F
test,JlPMG>Xj`\,Check sum is 6
test,ps*J,Check sum is 7
test,":^U]3@qv+N\,-e%VU?dnn}K=zq)&m,""I",Check sum is )
test,23URSvdD0{W}gnaRt}''6,Check sum is Y
test,VeQ|^ /j?+R \H<vNM^F(%g}Zbx[.3sk}Ya2b,Check sum is :
test,CrZ<wN9 `P8?~7u*D,Check sum is H
test,ZqSje|CKM&.,Check sum is 8
test,"|lhD""%'A`V?m!<J4tDP74eW	kA24& PgRm0R2d]YCV",Check sum is M
test,"[!PR,}KJPx9)$a,^ng1KW}o{jMdh",Check sum is G
test,"""xOz3~;",Check sum is /
test,"Hdk8*lF/""dbszGc*_32h(S^|^b&bodk&\Xk+ky HzV[_'	2",Check sum is R
test,"mQNKS{=0,}6<n	",Check sum is D
test,AtJPt E<q;WpC,Check sum is :
test,"zVxVnvZk!d9E]EleNXUY'R[v:We+[?Vl:owpK""_}w({]LH)",Check sum is E
test,"|q{X#k)fq77h""?jY	AVK1i%~m)@",Check sum is &
test,"""b{0``k!}F=SF3",Check sum is '
test,"qK71B*R/.q<'G:v>lsw6T_/eOFNO5p'5
	eS""+o{rpSVD!k)",Check sum is 4
test,!8U/,Check sum is =
test,"#	C[80=DR(>[Kv;'$:Eb\Bem6lx^Yl5.,4JWE9'7",Check sum is ;
test,"%%/,^y(w(Vi\svMG:5@8A	u;IZ:fp9\v",Check sum is Z
test,c.rb$CLv'0&za;zYC/,Check sum is F
test, Hf)',Check sum is >
test,"N}Sq@]W] $+/#zK9'eD':I,d =)H",Check sum is W
test,Ee`7+T:4TG,Check sum is )
test,dg/t,Check sum is N
test,"=\pkE
Y/d",Check sum is O
test,h;+_d'@P.sQ#u{&wt+Ba;9@+(b32hd0oJ(3	,Check sum is 3
test,"::p&JDqq5IgL-%I$;""-((E",Check sum is )
test,$B?U(1G~2x '4&k %wP 1Q`}|GQ,Check sum is M
test,"|O,W V7Ko.O\e?eKEV{0J+a^$r6d!)",Check sum is 6
test,5tx6cMA\6p#KO,Check sum is '
test,'W|@%VymDHj&Y)2YSscmD[8V`wiA6o@.yNVK,Check sum is #
test,/2e$2/W),Check sum is +
test,"yjX%X9bWn<;eg""S_W",Check sum is &
test,"r1c*""#c`Qt",Check sum is ]
test,"[Rc o|{35mi9J1VP\	2\6\VYrOAI-t|I $,""",Check sum is E
test,rr10|iG+ T}5*],Check sum is )
test,"Hm^(rW3ouIpD9R""Sjc<H@gKu9NlSCFAKtDdw0)<{oN&&j",Check sum is !
test,wTC1	J'P:+qyl(bOI!,Check sum is '
test,A0>d9aO8 &`d1&pT<0]Sa,Check sum is 6
test,K<Rd'St>6wB\\/<W<1R'Fj|p23?{PqEe!z;0j!H:3E<mlW&+h,Check sum is .
test,"$#eyJ,cSY}$yqWBI9M5hZJz,W",Check sum is ;
test,"p9`,.Q!X*K 1nPicJL",Check sum is 3
