set,input1,output1
train,,Check sum is  
train,	,Check sum is )
train,"
",Check sum is *
train,"B
","Check sum is ,"
train,"

",Check sum is 4
train,"

















































",Check sum is T
train,                                                  ,Check sum is  
train,ssssssssssssssssssssssssssssssssssssssssssssssssss,Check sum is V
train,"CD
CD
CD
CD
CD
CD
CD
CD
CD
CD
CD
CD
CD
CD
CD
CD
CD",Check sum is 7
train,"x
y x
y x
y x
y x
y x
y x
y x
y x
y x
y x
y x
y x
",Check sum is &
train," 
 
 
 
 
 
 
 
 
 
 
 
 
 
 
 
 
 
 
 
 
 
 
 
 
",Check sum is :
train, ,Check sum is @
train,!,Check sum is A
train,"""",Check sum is B
train,#,Check sum is C
train,$,Check sum is D
train,%,Check sum is E
train,&,Check sum is F
train,',Check sum is G
train,(,Check sum is H
train,),Check sum is I
train,*,Check sum is J
train,+,Check sum is K
train,",",Check sum is L
train,-,Check sum is M
train,.,Check sum is N
train,/,Check sum is O
train,0,Check sum is P
train,1,Check sum is Q
train,2,Check sum is R
train,3,Check sum is S
train,4,Check sum is T
train,5,Check sum is U
train,6,Check sum is V
train,7,Check sum is W
train,8,Check sum is X
train,9,Check sum is Y
train,:,Check sum is Z
train,;,Check sum is [
train,<,Check sum is \
train,=,Check sum is ]
train,>,Check sum is ^
train,?,Check sum is _
train,@,Check sum is  
train,A,Check sum is !
train,B,"Check sum is """
train,C,Check sum is #
train,D,Check sum is $
train,E,Check sum is %
train,F,Check sum is &
train,G,Check sum is '
train,H,Check sum is (
train,I,Check sum is )
train,J,Check sum is *
train,K,Check sum is +
train,L,"Check sum is ,"
train,M,Check sum is -
train,N,Check sum is .
train,O,Check sum is /
train,P,Check sum is 0
train,Q,Check sum is 1
train,R,Check sum is 2
train,S,Check sum is 3
train,T,Check sum is 4
train,U,Check sum is 5
train,V,Check sum is 6
train,W,Check sum is 7
train,X,Check sum is 8
train,Y,Check sum is 9
train,Z,Check sum is :
train,[,Check sum is ;
train,\,Check sum is <
train,],Check sum is =
train,^,Check sum is >
train,_,Check sum is ?
train,`,Check sum is @
train,a,Check sum is A
train,b,Check sum is B
train,c,Check sum is C
train,d,Check sum is D
train,e,Check sum is E
train,f,Check sum is F
train,g,Check sum is G
train,h,Check sum is H
train,i,Check sum is I
train,j,Check sum is J
train,k,Check sum is K
train,l,Check sum is L
train,m,Check sum is M
train,n,Check sum is N
train,o,Check sum is O
train,p,Check sum is P
train,q,Check sum is Q
train,r,Check sum is R
train,s,Check sum is S
train,t,Check sum is T
train,u,Check sum is U
train,v,Check sum is V
train,w,Check sum is W
train,x,Check sum is X
train,y,Check sum is Y
train,z,Check sum is Z
train,{,Check sum is [
train,|,Check sum is \
train,},Check sum is ]
train,~,Check sum is ^
train,"g""",Check sum is )
train,h:,Check sum is B
train,AB,Check sum is #
train,%K,Check sum is P
train,32,Check sum is E
train,7_,Check sum is 6
train,w:,Check sum is Q
train,$	,Check sum is M
train,s*,Check sum is =
train,@#,Check sum is C
train,rg,Check sum is 9
train,x8,Check sum is P
train,?N,Check sum is -
train,|0,Check sum is L
train,_-,"Check sum is ,"
train,|>,Check sum is Z
train,"g""",Check sum is )
train,x8,Check sum is P
train,`U,Check sum is U
train,yP,Check sum is )
train,`:,Check sum is :
train,9<,Check sum is U
train,F1,Check sum is W
train,%+,Check sum is 0
train,<z,Check sum is V
train,+},Check sum is H
train,FJ,Check sum is 0
train,Lg,Check sum is S
train,Nw,Check sum is %
train,8/,Check sum is G
train,HG,Check sum is /
train,DH,"Check sum is ,"
train,G`,Check sum is G
train,YN,Check sum is G
train,12,Check sum is C
train,{p,Check sum is K
train,t\,Check sum is 0
train,x+,Check sum is C
train,or,Check sum is A
train,}2,Check sum is O
train,*#,Check sum is -
train,(f,Check sum is .
train,)-,Check sum is 6
train,3!,Check sum is 4
train,tb,Check sum is 6
train,>g,Check sum is E
train,gr,Check sum is 9
train,I-,Check sum is V
train,WS,Check sum is J
train,E@,Check sum is %
train,"O,",Check sum is [
train,9	,"Check sum is """
train,eZ,Check sum is _
train,|P,"Check sum is ,"
train,W{,Check sum is 2
train,'G2,Check sum is @
train,B2t,Check sum is H
train,<w ,Check sum is 3
train,m&),Check sum is \
train,p8P,Check sum is X
train,"3""d",Check sum is Y
train,	IY,Check sum is K
train,"""n""",Check sum is R
train,0Uf,Check sum is K
train,*Vk,Check sum is K
train,3N*,Check sum is K
train,q_',Check sum is W
train,H	x,Check sum is )
train,~-:,Check sum is E
train,a<_,Check sum is \
train,8|X,"Check sum is ,"
train,Q%*,Check sum is @
train,4rJ,Check sum is P
train,_e+,Check sum is O
train,-d),Check sum is Z
train,?.#,Check sum is 0
train,t.Y,Check sum is [
train,_r',Check sum is X
train,/KF,Check sum is  
train,N/1,Check sum is N
train,E^h,Check sum is +
train,6(},Check sum is ;
train,apD,Check sum is 5
train,L(},Check sum is Q
train,Y9;,Check sum is -
train,sZp,Check sum is ]
train,	b%,Check sum is 0
train,/rE,Check sum is F
train,jp[,Check sum is U
train,mV\,Check sum is ?
train,DVU,Check sum is O
train,Clt,Check sum is C
train,vQT,Check sum is ;
train,<Fa,Check sum is C
train,Kg/,Check sum is A
train,nPF,Check sum is $
train,sT0,Check sum is W
train,'Ar,Check sum is :
train, {u,Check sum is 0
train,FR],Check sum is U
train,\T0,Check sum is @
train,bZf,Check sum is B
train,W\\,Check sum is /
train,RGj,Check sum is #
train,"""Y'",Check sum is B
train,)lC\Kh+dU+bW,Check sum is O
train,f[q#d{KC)W'YO@z'p)qvCbyE]g9@Sv!+D(?(%M$0,Check sum is  
train,+SO`Y	$./4[52Fy:X?cl ,Check sum is %
train,v<!/R[,Check sum is O
train,";,hZTGG
2Lh%J!,!LFt;b	'z	3yOCn3",Check sum is -
train,"At>[97lzf`NR#$A@[aSNb<,Fc4=i0PbHF$	`],?Rq1",Check sum is U
train,"!1:Ex|{tPzE;k""4OTFQp;.;CCG? 4} k|p4g+h	<FB5",Check sum is 1
train,b~4]g/`,Check sum is G
train,h@^(++90[vt#G#N]}q]IJ,Check sum is (
train,@#oHHT.x	Ov/ndBBsIkX-Uh'p<tk1O	rCAyA,Check sum is #
train,"Z#N=*XZ(2FRkcyk
{q(&<adJHn't_N0LDbX:r\.op3l",Check sum is #
train,5ueM,Check sum is <
train,U^P4I'O,Check sum is V
train,L@{ZL1Gcg+*Y5R#yD/pt^<AnjA|VEB2!e1g]z%I<}'>'I?#DL2,Check sum is K
train,>s7F*cn2|d]S&.,Check sum is _
train,1r3OhJf7-Z;|;cXHW)irHl?,Check sum is ^
train,"E+1QhL`eUmcTc V$Ml|mz.oH9	3Dk: ,%9|Vv };Xb#",Check sum is G
train,"}qp&3qlF:[U3E$@>&Y@?,%*nR!xUs""iT=7M4	:k#r",Check sum is /
train,uk-,Check sum is -
train,"{Y2u/5~=1>.q$?y(Nr`4fq
l@1(N
3K1gEt""c{[Sa6Yg3~",Check sum is #
train,\l|1IJH,Check sum is 0
train,>h	gY8D55)wfSj\*uv55^QgW,Check sum is @
train,"?XKC
{FKqt>;1z=T:""|<U03#M'6kKWQP|pryz",Check sum is M
train,"Jmt3t3\G*Am=`V'I""IL ;o%sKA>j'dzP",Check sum is %
train,$lH[?QiF]e-qrv([#]%Kgi4\3.mYS+r9Xj;\(>4Sr	6q$qA<9O,Check sum is ?
train,"U
K;bTU#rb0^{i3T""xp5#U
(!""g04|r\$HKxf]F]Y3VP+|",Check sum is /
train,]8ev_]exYeUR;,Check sum is I
train,<wF3FG;\N+zz*E=B$XY0,Check sum is P
train,{i,Check sum is D
train,"v^aN,NO)&,!wi*ouWNe	Z0Q<_J",Check sum is I
train,W QeK}npd3V?S2~~$}M[%),Check sum is 7
train,41F-sh,Check sum is S
train,"~~1GC?iQXZ{p!,d5(9#{8*^@asH|3l4_
j(s+|ZHiB6'\ $R",Check sum is .
train,+8?pu9m0TY[D GiOX=zop6D44^AF@VF*\3%,Check sum is W
train,]96FoFFYgs&h=&w*ED=^ n|jDb2/]yG,Check sum is .
train,"C &qLjJZ8Ml>:Hl{a""KgU""X
(Y%}Y=G(L-bsj/;Yvv !",Check sum is *
train,"<=w?j6'!$?OtTz :M\2IIIuE
,=u-cC^DY*Z=/iGKso&u!?s<~",Check sum is  
train,n<vFnlvK,Check sum is !
train,fno,Check sum is #
train,Lh},Check sum is Q
train,"v]~Q	W,Ao",Check sum is >
train,Hx?%GXk8+~P56m`4x1q<V[_uuRT	>,Check sum is (
train,"3T[O9 ##0E;iZ<""	]\h_8I_Pb@puzXy#;7pM1;)] p,DB'D*t=",Check sum is X
train,zV!.[lO,Check sum is U
train,+{}l(zS<Of'A,Check sum is =
train,"o<1#fmn,UvBi/{xM?{@T`4,rrK",Check sum is .
train,i#CjklnM|3!;@3\#M<N,Check sum is ?
train,TD1=w|+cI,Check sum is 0
train,"2F9:1`{_tc,HqV;.7 E",Check sum is M
train,SQg<st@W@@ d7*B70r,Check sum is %
train,jWM8J1Mz[m9TI(y;;{#UBEuX^~,Check sum is @
train,wZ:bQAyu%]DAE:GFRa.aP&vZZ,Check sum is B
train,"Y
d4^`j(Eg+Y&wA63U]+/QS(g|)N(>`<2p<Nzy@4,{}0.h",Check sum is S
train,iF(:%gxfE,Check sum is  
train,"!~V?Q\')aGB8&!M@jk6,U*-9QnlT;!W4dRXMRDj$.>OZKX",Check sum is @
train,6vm~}'?I,Check sum is #
train,"A{
D,(ul0V1Wy~0P>,d'tP^+)w4@	^&=a5C38fM`Rs*2~",Check sum is :
train,>c@-}B~R-wUP3t^\z'5hf9fY,Check sum is C
train,"8eqR*0^L,",Check sum is 0
train,"l/XTo,6.@	 zpri&,nZsn;G",Check sum is Q
train,")@Xf3#ph,T@5TtXv1EyDd",Check sum is W
train,"
B
60(=}M-TG|'+y|$",Check sum is :
train,"WU1Eh""QW=ble<lfs{o]Rd","Check sum is """
train,"
7T[\R:OliejJ`~suT'Kqkbsx()H}C=7",Check sum is 7
train,W$tahE,Check sum is ]
train,8&KW62<4p,Check sum is (
train,"B1,rbD^iaPP'o4\J9,L Iks~f7ZM`[K$LP",Check sum is O
train,"{,/_8&|",Check sum is /
train,^%fHICJ,Check sum is '
train,"p3Vj
c'q(Rm=^ze?VUU3}B~Gab/t2,\z3n=x",Check sum is O
train,"@b	u`Q9ZAWuZL~Mq* wZsTZId#s)^b2bT6
bMtU",Check sum is ;
train,;xV /D>)]]}'=A$LoIZ~,Check sum is ?
train,Qc),Check sum is =
train,^HO!/#K3E.G]/,Check sum is L
train,"oT2_CtV7r}t4D:*:%]:hGosPK-c,J4A;E'x""]Mca?zy*CVp",Check sum is (
train,"J2yfZ9O<HA<PyfJmGI/wUz""sm5ZX@>Vg""bN.",Check sum is -
train,S}udb50y*:^8L+kGj6,Check sum is L
train,=SaLvM?)Q5w$>[,Check sum is B
train,\x&#HyD;77Ffg;[67G7eY9e5:UQ-Hzs(*,Check sum is $
train,"Sf~?x}3VC	wac20jEZ9%,1\:(JbLMwM*,o)PygaZ&.C1	",Check sum is 2
train,"!`-t[O-%eY%k,dbEO)#zA7^9bM*X^a$m-uSO @aA1G|5>e1c",Check sum is N
train,"Yul=u+NC_)[Vud;
7(SSEEy=",Check sum is $
train,d9U,Check sum is R
train,"oaGl{,[F7{)@>LE%)h?;rP=>GD	cV&w|",Check sum is (
train,"{k;mb/=%#l""",Check sum is R
train,"P'Hc*A'+
zUi<yEcTc&(iqid7\;/I",Check sum is P
train,"y;w`cox t9^Q&#"":}Z",Check sum is -
train,"uYb;1Cv $%p *:8U0K=nbk,CGNgABjj3(Q",Check sum is @
train,"s8)&;h,BI!@JSGjsP^!]?{[Q,6(l",Check sum is ^
test,be,Check sum is '
test,A$,Check sum is E
test,Hc,Check sum is K
test,4q,Check sum is E
test,(),Check sum is 1
test,/(,Check sum is 7
test,	[,Check sum is D
test,wG,Check sum is ^
test,JG,Check sum is 1
test,Tc,Check sum is W
test,bu,Check sum is 7
test,z:,Check sum is T
test,@i,Check sum is I
test,zE,Check sum is _
test,	l,Check sum is U
test,no,Check sum is =
test,2a,Check sum is 3
test,mq,Check sum is >
test,2g,Check sum is 9
test,9P,Check sum is )
test,iw,Check sum is @
test,97,Check sum is P
test,3[,Check sum is .
test,Sj,Check sum is ]
test,f],Check sum is #
test,Zl,Check sum is &
test,Oc,Check sum is R
test,`D,Check sum is D
test,qq,Check sum is B
test,U9,Check sum is .
test,rU,Check sum is '
test,3i,Check sum is <
test,7K,"Check sum is """
test,Sd,Check sum is W
test,3 ,Check sum is 3
test,=7,Check sum is T
test,1$,Check sum is 5
test,aC,Check sum is D
test, C,Check sum is C
test,Ko,Check sum is Z
test,?f,Check sum is E
test,2},Check sum is O
test,Ii,Check sum is R
test,Pf,Check sum is V
test,?~,Check sum is ]
test,0E,Check sum is U
test,}P,Check sum is -
test,?B,Check sum is !
test,^G,Check sum is E
test,w`,Check sum is 7
test,"*
",Check sum is T
test,rE,Check sum is W
test,H6,Check sum is ^
test,)[,Check sum is $
test,:Y,Check sum is 3
test,4{,Check sum is O
test,]#,Check sum is  
test,E9,Check sum is ^
test,#*,Check sum is -
test,\Y,Check sum is U
test,2{,Check sum is M
test,	E,Check sum is .
test,7+,Check sum is B
test,.x,Check sum is F
test,	{,Check sum is $
test,Kt,Check sum is _
test,Uk,Check sum is  
test,2_,Check sum is 1
test,QA,Check sum is 2
test,~f,Check sum is D
test,jk,Check sum is 5
test,sG,Check sum is Z
test,D ,Check sum is D
test, M,Check sum is M
test,>!,Check sum is ?
test,)E,Check sum is N
test,!I,Check sum is J
test,T$,Check sum is X
test,s>,Check sum is Q
test,>',Check sum is E
test,b+,Check sum is -
test,8y,Check sum is Q
test,b!,Check sum is #
test,#&,Check sum is )
test,AK,"Check sum is ,"
test,(],Check sum is %
test,f{,Check sum is A
test,$E,Check sum is I
test,W`,Check sum is W
test,?e,Check sum is D
test,	],Check sum is F
test,_h,Check sum is '
test,WI,Check sum is @
test,&t,Check sum is :
test,R@,Check sum is 2
test,^:,Check sum is 8
test,ch,Check sum is +
test,jb,"Check sum is ,"
test,=F,Check sum is #
test,jI,Check sum is S
test,HJ,Check sum is 2
test,Ue,Check sum is Z
test,z@,Check sum is Z
test,SS,Check sum is F
test,^I,Check sum is G
test,(^,Check sum is &
test,Uq,Check sum is &
test,J:,Check sum is $
test,WV,Check sum is M
test,zi,Check sum is C
test,XV,Check sum is N
test,6;,Check sum is Q
test,2c,Check sum is 5
test,-n,Check sum is ;
test,t-,Check sum is A
test,9o,Check sum is H
test,"$,",Check sum is 0
test,I.,Check sum is W
test,pY,Check sum is )
test,;H,Check sum is #
test,&s,Check sum is 9
test,It,Check sum is ]
test,5k,Check sum is @
test,Ih,Check sum is Q
test,<O,Check sum is +
test,5-,Check sum is B
test,Rd,Check sum is V
test,E!,Check sum is F
test,^^,Check sum is \
test,=n,Check sum is K
test,g~,Check sum is E
test,",4",Check sum is @
test,gR,Check sum is Y
test,q6,Check sum is G
test,98,Check sum is Q
test,Ey,Check sum is ^
test,	f,Check sum is O
test,3I,Check sum is \
test,1r,Check sum is C
test,58,Check sum is M
test,AE,Check sum is &
test,7z,Check sum is Q
test,E~,Check sum is #
test, T,Check sum is T
test,]e,"Check sum is """
test,aM,Check sum is N
test,	j,Check sum is S
test,MK,Check sum is 8
test,4n,Check sum is B
test,Fx,Check sum is ^
test,f/,Check sum is 5
test,t\,Check sum is 0
test,X3,Check sum is +
test,"
C",Check sum is -
test,T),Check sum is ]
test,3c,Check sum is 6
test,sw,Check sum is J
test,k5,Check sum is @
test,g$,Check sum is +
test,VY,Check sum is O
test,?t,Check sum is S
test,rS,Check sum is %
test,%c,Check sum is (
test,7k,Check sum is B
test,4i,Check sum is =
test,_],Check sum is \
test,ag,Check sum is (
test,Y;,Check sum is 4
test,w2,Check sum is I
test,Vy,Check sum is /
test,$d,Check sum is (
test,<l,Check sum is H
test,t0,Check sum is D
test,g),Check sum is 0
test,y\,Check sum is 5
test,8d,Check sum is <
test,p2,Check sum is B
test,"
`",Check sum is J
test,!],Check sum is ^
test,G@,Check sum is '
test,+:,Check sum is E
test,<6,Check sum is R
test,fV,Check sum is \
test,Lf,Check sum is R
test,S2,Check sum is %
test,z\,Check sum is 6
test,]k,Check sum is (
test,sZ,Check sum is -
test,qB,Check sum is S
test,t},Check sum is Q
test,K!,Check sum is L
test,:d,Check sum is >
test,!_,Check sum is  
test,J?,Check sum is )
test,BU,Check sum is 7
test,th,Check sum is <
test,=+,Check sum is H
test,J7,Check sum is !
test,Q',Check sum is X
test,>^,Check sum is <
test,(Z,"Check sum is """
test,9;,Check sum is T
test,&(,Check sum is .
test,0;,Check sum is K
test,V2,Check sum is (
test,h9,Check sum is A
test,@j,Check sum is J
test, },Check sum is =
test,)_,Check sum is (
test,$H,Check sum is L
test,ba,Check sum is #
test,"K""",Check sum is M
test,&s,Check sum is 9
test,+ ,Check sum is +
test,\&,"Check sum is """
test,2w,Check sum is I
test,eu,Check sum is :
test,gL,Check sum is S
test,A},Check sum is ^
test,[$,Check sum is _
test,d@,Check sum is D
test,[	,Check sum is D
test,"
,",Check sum is V
test,dc,Check sum is '
test,H-,Check sum is U
test,6^,Check sum is 4
test,]c,Check sum is  
test,lr,Check sum is >
test,VU,Check sum is K
test,EA,Check sum is &
test,[0,Check sum is +
test,	*,Check sum is S
test,~8,Check sum is V
test,D	,Check sum is -
test,o8,Check sum is G
test,55,Check sum is J
test,!x,Check sum is 9
test,2	,Check sum is [
test,_-,"Check sum is ,"
test,?.,Check sum is M
test,"""O",Check sum is Q
test,wd,Check sum is ;
test,#q,Check sum is 4
test,cY,Check sum is \
test,L7,Check sum is #
test,|t,Check sum is P
test,cO,Check sum is R
test,^	,Check sum is G
test,[l,Check sum is '
test,LA,Check sum is -
test,`|,Check sum is <
test,{$,Check sum is ?
test,Ca,Check sum is D
test,Km,Check sum is X
test,!u,Check sum is 6
test,;L,Check sum is '
test,`6,Check sum is 6
test,<c,Check sum is ?
test,uK,Check sum is  
test,k^,Check sum is )
test,"%,",Check sum is 1
test,"x,",Check sum is D
test,P:,Check sum is *
test,Vc,Check sum is Y
test,"?,",Check sum is K
test,0E,Check sum is U
test,N!,Check sum is O
test,qo,Check sum is @
test,"""a",Check sum is #
test,WD,Check sum is ;
test,"O,",Check sum is [
test,[L,Check sum is G
test,"
`",Check sum is J
test,0l,Check sum is <
test,^>,Check sum is <
test,&4,Check sum is :
test,"S
",Check sum is =
test,U|,Check sum is 1
test,^b,Check sum is  
test,h3,Check sum is ;
test,Qx,Check sum is )
test,w~,Check sum is U
test,tW,Check sum is +
test,!=,Check sum is >
test,YU,Check sum is N
test,~	,Check sum is '
test,	H,Check sum is 1
test,)^,Check sum is '
test,4.,Check sum is B
test,VJ,Check sum is @
test,#C,Check sum is F
test,Nb,Check sum is P
test,K},Check sum is (
test,Rf,Check sum is X
test,3~,Check sum is Q
test,!E,Check sum is F
test,b),Check sum is +
test,"h
",Check sum is R
test,/G,Check sum is V
test,;i,Check sum is D
test,:o,Check sum is I
test,(l,Check sum is 4
test,4J,Check sum is ^
test,T+,Check sum is _
test,um,Check sum is B
test,!/,Check sum is 0
test,J(,Check sum is R
test,D3,Check sum is W
test,t	,Check sum is ]
test,"
%",Check sum is O
test,	$,Check sum is M
test,5w,Check sum is L
test,.#,Check sum is 1
test,`M,Check sum is M
test,CE,Check sum is (
test,!&,Check sum is '
test,=h,Check sum is E
test,Vv,"Check sum is ,"
test,4_,Check sum is 3
test,kq,Check sum is <
test,"Q""",Check sum is S
test,|v,Check sum is R
test,E2,Check sum is W
test,g$,Check sum is +
test,.],Check sum is +
test,9],Check sum is 6
test,?m,Check sum is L
test,\x,Check sum is 4
test,c7,Check sum is :
test,{;,Check sum is V
test,hq,Check sum is 9
test,UB,Check sum is 7
test,}G,Check sum is $
test,_X,Check sum is W
test,sv,Check sum is I
test,'',Check sum is .
test,[v,Check sum is 1
test,Q\,Check sum is M
test,T(,Check sum is \
test,M=,Check sum is *
test,!+,"Check sum is ,"
test,i&,Check sum is /
test,<9,Check sum is U
test,zD,Check sum is ^
test,0@,Check sum is P
test,F&,Check sum is L
test,]F,Check sum is C
test,M#,Check sum is P
test,zP,Check sum is *
test,8=,Check sum is U
test,4!,Check sum is 5
test,"T""",Check sum is V
test,~$,Check sum is B
test,"""j","Check sum is ,"
test,6 ,Check sum is 6
test,r&,Check sum is 8
test,}*,Check sum is G
test,y~,Check sum is W
test,"
\",Check sum is F
test,-T,Check sum is !
test,WL,Check sum is C
test,EP,Check sum is 5
test,;.,Check sum is I
test,x+,Check sum is C
test,tb,Check sum is 6
test,(K,Check sum is S
test,?',Check sum is F
test,+B,Check sum is M
test,X@,Check sum is 8
test,!y,Check sum is :
test,2g,Check sum is 9
test,;e,Check sum is @
test,Ar,Check sum is S
test,	k,Check sum is T
test,6W,Check sum is -
test,H=,Check sum is %
test,kA,Check sum is L
test,Fx,Check sum is ^
test,t.,Check sum is B
test,[[,Check sum is V
test,&N,Check sum is T
test,	P,Check sum is 9
test,K-,Check sum is X
test,j3,Check sum is =
test,6f,Check sum is <
test,@v,Check sum is V
test,Z/,Check sum is )
test,(6,Check sum is >
test,;0,Check sum is K
test,PK,Check sum is ;
test,uT,Check sum is )
test,c-,Check sum is 0
test,	u,Check sum is ^
test,B ,Check sum is B
test,.U,Check sum is #
test,={,Check sum is X
test,]1,Check sum is .
test,Fn,Check sum is T
test,Bu,Check sum is W
test,*i,Check sum is 3
test,H\,Check sum is D
test,yd,Check sum is =
test,v0,Check sum is F
test,<:,Check sum is V
test,G_,Check sum is F
test,P?,Check sum is /
test,Lo,Check sum is [
test,bL,Check sum is N
test,k|,Check sum is G
test,sG,Check sum is Z
test,X|,Check sum is 4
test,&K,Check sum is Q
test,0F,Check sum is V
test,9?,Check sum is X
test,S~,Check sum is 1
test,bL,Check sum is N
test,O(,Check sum is W
test,1j,Check sum is ;
test,:!,Check sum is ;
test,gT,Check sum is [
test,'~,Check sum is E
test,Bx,Check sum is Z
test,L],Check sum is I
test,g~,Check sum is E
test,"""_",Check sum is !
test,HB,Check sum is *
test,'.,Check sum is 5
test,#M,Check sum is P
test,+%,Check sum is 0
test,YT,Check sum is M
test,AI,Check sum is *
test,_s,Check sum is 2
test,"q,",Check sum is =
test,9V,Check sum is /
test,:f,Check sum is @
test,[w,Check sum is 2
test,"i""",Check sum is +
test,"k
",Check sum is U
test,*d,Check sum is .
test,w4,Check sum is K
test,Bb,Check sum is D
test,C',Check sum is J
test,Qr,Check sum is #
test,Q],Check sum is N
test,Ou,Check sum is $
test,Vo,Check sum is %
test,cQ,Check sum is T
test,~y,Check sum is W
test,HY,Check sum is A
test,:?,Check sum is Y
test,)],Check sum is &
test,ZM,Check sum is G
test,iw,Check sum is @
test,'O,Check sum is V
test,)U,Check sum is ^
test,no,Check sum is =
test,\E,Check sum is A
test,(h,Check sum is 0
test,D_,Check sum is C
test,jH,Check sum is R
test,IA,Check sum is *
test,I:,Check sum is #
test,@Z,Check sum is :
test,WA,Check sum is 8
test,Il,Check sum is U
test,rc,Check sum is 5
test,Zr,"Check sum is ,"
test,)r,Check sum is ;
test,:j,Check sum is D
test,Y[,Check sum is T
test,7q,Check sum is H
test,QW,Check sum is H
test,A	,Check sum is *
test,0-,Check sum is =
test,>1,Check sum is O
test,gb,Check sum is )
test,5-,Check sum is B
test,eA,Check sum is F
test,rU,Check sum is '
test,Ow,Check sum is &
test,P ,Check sum is P
test,lt,Check sum is @
test,'H,Check sum is O
test,b>,Check sum is @
test,",e",Check sum is 1
test,<},Check sum is Y
test,S2,Check sum is %
test,8d,Check sum is <
test,-$,Check sum is 1
test,gj,Check sum is 1
test,7Z,Check sum is 1
test,u&,Check sum is ;
test,S3,Check sum is &
test,.s,Check sum is A
test,"-""",Check sum is /
test,Ll,Check sum is X
test,EN,Check sum is 3
test,25,Check sum is G
test,B7,Check sum is Y
test,j#,Check sum is -
test,"B""I",Check sum is M
test,q:@,Check sum is K
test,Nb$,Check sum is 4
test,":,,",Check sum is 2
test,a{Z,Check sum is V
test,"_],",Check sum is H
test,kU\,Check sum is <
test,d(f,Check sum is R
test,?wA,Check sum is W
test,"I""<",Check sum is G
test,ehZ,Check sum is G
test,ej<,Check sum is +
test,B#{,Check sum is @
test,@> ,Check sum is >
test,3*_,Check sum is \
test,"""-=","Check sum is ,"
test,=N2,Check sum is ]
test,#dQ,Check sum is 8
test,$1&,Check sum is [
test,$c3,Check sum is Z
test,BJv,"Check sum is """
test,a9 ,Check sum is Z
test,eC`,Check sum is (
test,1Z6,Check sum is !
test,y'*,Check sum is *
test,"L-
",Check sum is #
test,"&,	",Check sum is ;
test,4<S,Check sum is #
test,Kug,Check sum is G
test,_Q[,Check sum is +
test,rGx,Check sum is Q
test,SMY,Check sum is Y
test,5<a,Check sum is 2
test,duk,Check sum is $
test,~:$,Check sum is <
test,2nd,Check sum is $
test,e!F,"Check sum is ,"
test,|xE,Check sum is Y
test,;ks,Check sum is 9
test,"+,*",Check sum is !
test,CJP,Check sum is =
test,">
=",Check sum is %
test,jW9,Check sum is Z
test,50?,Check sum is D
test,i1Z,Check sum is T
test,TUP,Check sum is Y
test,(>q,Check sum is 7
test,$Xg,Check sum is C
test,:iN,Check sum is Q
test,^ {,Check sum is Y
test,%_E,Check sum is )
test,F@~,Check sum is $
test,Z|Z,Check sum is P
test,	Ge,Check sum is U
test,_rx,Check sum is )
test,?J9,"Check sum is """
test,!zW,Check sum is R
test,j4~,Check sum is <
test,\6`,Check sum is R
test,|4b,Check sum is 2
test,dz6,Check sum is 4
test,a|^,Check sum is [
test,djh,Check sum is V
test,7pl,Check sum is 3
test,\<q,Check sum is )
test,/6$,Check sum is )
test,HAN,Check sum is 7
test,l;[,"Check sum is """
test,zvC,Check sum is S
test,%M!,Check sum is 3
test,utO,Check sum is X
test,2H<,Check sum is V
test,YfN,Check sum is -
test,91t,Check sum is >
test,)Sk,Check sum is G
test,FFU,Check sum is A
test,UnL,Check sum is /
test,LOc,Check sum is ^
test,3Sv,Check sum is \
test,All,Check sum is 9
test,un6,Check sum is 9
test,HdD,Check sum is P
test,V58,Check sum is #
test,s6G,Check sum is P
test,E'h,Check sum is 4
test,?3p,Check sum is B
test,'<$,Check sum is '
test,tIZ,Check sum is 7
test,mX~,Check sum is #
test,3hN,Check sum is I
test,Po=,Check sum is \
test,F00,Check sum is F
test,w%E,Check sum is A
test,}!g,Check sum is %
test,ZX:,Check sum is L
test,.>e,Check sum is 1
test,j=C,Check sum is J
test,>fP,Check sum is T
test,u#[,Check sum is S
test,YCD,Check sum is @
test,iKK,Check sum is _
test,lDY,Check sum is )
test,)[e,Check sum is I
test,&EB,Check sum is M
test,!Ic,Check sum is -
test,!Nu,Check sum is D
test,l@~,Check sum is J
test,"S,F",Check sum is %
test,#= ,Check sum is  
test,.}@,Check sum is K
test,3Rr,Check sum is W
test,	2s,Check sum is N
test,0Hu,Check sum is M
test,pn3,Check sum is 1
test,x]M,Check sum is B
test,r@O,Check sum is !
test,05H,Check sum is M
test,NVO,Check sum is S
test,hE	,Check sum is V
test,W&l,Check sum is I
test,uq_,Check sum is %
test,S}m,Check sum is ]
test,rX:,Check sum is $
test,	P$,Check sum is ]
test,Hi4,Check sum is E
test,zl_,Check sum is %
test,Zzv,Check sum is *
test,s$4,Check sum is +
test,a.9,Check sum is (
test,a<f,Check sum is #
test,C}i,Check sum is I
test,O	e,Check sum is ]
test,RCr,Check sum is '
test,:w[,"Check sum is ,"
test,q9h,Check sum is 2
test,qlM,Check sum is J
test,<`a,Check sum is ]
test,"""))",Check sum is T
test,6~d,Check sum is 8
test,!NZ,Check sum is )
test,;^/,Check sum is (
test,OHv,Check sum is -
test,p62,Check sum is 8
test,cps,Check sum is &
test,yZ0,Check sum is #
test,[D5,Check sum is 4
test,s+<,Check sum is :
test,*Th,Check sum is F
test,%4&,Check sum is _
test,L#T,Check sum is #
test,|s+,Check sum is :
test,"gt,",Check sum is '
test,)rD,Check sum is ?
test,Cq~,Check sum is R
test,'d~,Check sum is )
test,+n9,Check sum is 2
test,_ZI,"Check sum is """
test,=Bj,Check sum is I
test,Cty,Check sum is P
test,LqB,Check sum is _
test,6!t,Check sum is +
test,o1s,Check sum is 3
test,	\M,Check sum is R
test,71 ,Check sum is (
test,",WX",Check sum is ;
test,9~[,Check sum is 2
test,"T""e",Check sum is ;
test,Tge,Check sum is @
test,=Hi,Check sum is N
test,"""H>",Check sum is H
test,"!,%",Check sum is R
test,"[>,",Check sum is %
test,"""x-",Check sum is '
test,b|x,Check sum is 6
test,9`m,Check sum is &
test,mbV,Check sum is E
test,>;',Check sum is @
test,/r4,Check sum is 5
test,eqw,Check sum is -
test,D90,Check sum is M
test,6;u,Check sum is F
test,>o{,Check sum is H
test,`!=,Check sum is ^
test,p|Y,Check sum is %
test,}UG,Check sum is 9
test,5qu,Check sum is ;
test,9W;,Check sum is +
test,X}u,Check sum is *
test,_vm,"Check sum is """
test,P$Y,Check sum is -
test,=1~,Check sum is L
test,|/ ,Check sum is +
test,2e#,Check sum is Z
test,'%#,Check sum is O
test,har,Check sum is [
test,bo=,Check sum is .
test,jye,Check sum is (
test,2ry,Check sum is =
test, %6,Check sum is [
test,QLM,Check sum is J
test,bpc,Check sum is U
test,"
\9",Check sum is ?
test,jRH,Check sum is $
test,"dy,",Check sum is )
test,n;O,Check sum is X
test,dim,Check sum is Z
test,8j>,Check sum is @
test,"fm
",Check sum is =
test,cT],Check sum is 4
test,!jY,Check sum is D
test,"w
d",Check sum is E
test,Gy:,Check sum is Z
test,"S,p",Check sum is O
test,_C	,Check sum is K
test,' #,Check sum is J
test,6z@,Check sum is P
test,QU{,Check sum is A
test,KUs,Check sum is 3
test,*3^,Check sum is [
test,u8g,Check sum is 4
test,/].,Check sum is Z
test,"sK,",Check sum is J
test,N7),Check sum is N
test,"o""I",Check sum is :
test,jwM,Check sum is N
test,Qy(,Check sum is R
test,.!k,Check sum is Z
test,e0o,Check sum is $
test,OHi,Check sum is  
test,z|G,Check sum is ]
test,IyH,Check sum is *
test,VB!,Check sum is Y
test,t3|,Check sum is C
test,y-`,Check sum is &
test,>%/,Check sum is 2
test,^|U,Check sum is O
test, (C,Check sum is +
test,Gva,Check sum is >
test,)<r,Check sum is 7
test,KCZ,Check sum is H
test,E`h,Check sum is -
test,n(~,Check sum is 4
test,Sg>,Check sum is X
test,5`j,Check sum is _
test,hgK,Check sum is :
test,"*,6","Check sum is ,"
test,K_c,Check sum is -
test,RYh,Check sum is 3
test,>\5,Check sum is /
test,tfv,Check sum is 0
test,lIh,Check sum is =
test,(:%,Check sum is '
test,"9>
",Check sum is !
test,0_O,Check sum is >
test,"/}""",Check sum is .
test,_Vy,Check sum is N
test,m%-,Check sum is _
test,}gp,Check sum is 4
test,0C	,Check sum is \
test,KC\,Check sum is J
test,"iu
",Check sum is H
test,&ZC,Check sum is #
test,6xC,Check sum is Q
test,@aG,Check sum is H
test,B0s,Check sum is E
test,Tja,Check sum is ?
test,"m'""",Check sum is V
test,mJ%,Check sum is <
test,1aC,Check sum is 5
test,G1u,Check sum is M
test,Dzv,Check sum is T
test,QWL,Check sum is T
test,I8[,Check sum is <
test,Zok,Check sum is T
test,FIs,"Check sum is """
test,F\4,Check sum is 6
test,Df{,Check sum is E
test,><d,Check sum is >
test,Y'R,Check sum is 2
test,3]h,Check sum is X
test,'hZ,Check sum is I
test,Nj5,Check sum is M
test,"""10",Check sum is #
test,"V,`",Check sum is B
test,8\+,Check sum is _
test,EZ!,Check sum is  
test,"^,1",Check sum is [
test,bB#,Check sum is '
test, .\,Check sum is J
test,<v ,Check sum is 2
test,YQx,Check sum is B
test,#lq,Check sum is  
test,Uky,Check sum is Y
test,hTc,Check sum is ?
test,$) ,Check sum is M
test,|9Q,Check sum is &
test,$d7,Check sum is _
test,_{1,Check sum is +
test,#^l,Check sum is M
test,VU[,Check sum is &
test,"a0
",Check sum is ;
test,!TU,Check sum is *
test,q\`,Check sum is M
test,+3=,Check sum is ;
test,hxu,Check sum is 5
test,-E\,Check sum is .
test,ch;,Check sum is &
test,E6Z,Check sum is 5
test,QCR,Check sum is F
test,'%y,Check sum is %
test,|pd,Check sum is 0
test,FDf,Check sum is P
test,G9L,"Check sum is ,"
test,A6r,Check sum is I
test,bj`,Check sum is L
test,QQ:,Check sum is <
test,HFa,Check sum is O
test,^$},Check sum is _
test,}zo,Check sum is F
test,6C],Check sum is 6
test,",F1",Check sum is C
test,har,Check sum is [
test,$71,"Check sum is ,"
test,:/Q,Check sum is Z
test,3{r,Check sum is @
test,O	k,Check sum is #
test,jFh,Check sum is 8
test,C=K,Check sum is +
test,rB3,Check sum is G
test,;Gr,Check sum is T
test,(Q?,Check sum is X
test,3\0,Check sum is _
test,Um0,Check sum is R
test,]`s,Check sum is P
test,-|L,Check sum is U
test,}xQ,Check sum is &
test,^m>,Check sum is )
test,	st,Check sum is P
test,i+%,Check sum is Y
test,#?u,Check sum is 7
test,E26,Check sum is M
test,An/,Check sum is >
test,)K`,Check sum is 4
test,ZBZ,Check sum is V
test,;$f,Check sum is %
test,Uu\,Check sum is F
test,^ K,Check sum is )
test,Jsj,Check sum is G
test,pRk,Check sum is M
test,+W],Check sum is ?
test,/}n,Check sum is :
test,1Mz,Check sum is X
test,^QY,Check sum is (
test,Z~2,Check sum is *
test,SOH,Check sum is J
test,b9U,Check sum is P
test,VV<,Check sum is H
test,uz*,Check sum is 9
test,t:=,Check sum is K
test,S=+,Check sum is [
test,.C>,Check sum is O
test,X(_,Check sum is ?
test,A(J,Check sum is S
test,:TJ,Check sum is 8
test,3TP,Check sum is 7
test,-D	,Check sum is Z
test,<e0,Check sum is 1
test,_:},Check sum is 6
test,;gZ,Check sum is \
test,^}4,Check sum is /
test,}zp,Check sum is G
test,.oa,Check sum is ^
test,P}B,Check sum is /
test,jqW,Check sum is R
test,HAz,Check sum is #
test,[0A,"Check sum is ,"
test,#?@,Check sum is B
test,YE	,Check sum is G
test,PD>,Check sum is 2
test,TKj,Check sum is )
test,"""rH",Check sum is <
test,:d3,Check sum is 1
test,"1e""",Check sum is X
test,E)&,Check sum is 4
test,qB7,Check sum is J
test,"N4""",Check sum is D
test,T2S,Check sum is 9
test,;=A,Check sum is Y
test,K]k,Check sum is 3
test,N1<,Check sum is [
test,edm,Check sum is V
test,a5I,Check sum is ?
test,&XD,"Check sum is """
test,>YP,Check sum is G
test,~%u,Check sum is 8
test,mB=,Check sum is L
test,>K|,Check sum is %
test,m@u,Check sum is B
test,JJ5,Check sum is )
test,KuU,Check sum is 5
test,1-y,Check sum is 7
test,%[u,Check sum is U
test,0I/,Check sum is H
test,&kQ,Check sum is B
test,)oo,Check sum is '
test,L.V,Check sum is 0
test,n^Z,Check sum is F
test,lE*,Check sum is ;
test,h_~,Check sum is %
test,Q8a,Check sum is J
test,U70,Check sum is \
test,K(2,Check sum is E
test,4Eu,Check sum is N
test,)m<,Check sum is 2
test,K]&,Check sum is .
test,A;[,Check sum is 7
test,[3|,Check sum is *
test,\ai,Check sum is F
test,'hp,Check sum is _
test,Gv/,Check sum is L
test,b5B,Check sum is 9
test,a8`,Check sum is Y
test,R?G,Check sum is 8
test,G3>,Check sum is X
test,Tix,Check sum is U
test,Ks;,Check sum is Y
test,By0,Check sum is K
test,3#w,Check sum is -
test,_ov,Check sum is $
test,Nk),Check sum is B
test,"NS
",Check sum is K
test,/dq,Check sum is $
test,NQe,Check sum is $
test,_:F,Check sum is ?
test,).u,"Check sum is ,"
test,nyw,Check sum is >
test,<*],Check sum is #
test,Pot,Check sum is S
test,(Bl,Check sum is 6
test,;}3,Check sum is K
test,{nx,Check sum is A
test,"zf""","Check sum is """
test,	qu,Check sum is O
test,H73,Check sum is R
test,w^(,Check sum is ]
test,T{',Check sum is V
test,'VH,Check sum is %
test,0'@,Check sum is 7
test,xM6,Check sum is [
test,2X*,Check sum is T
test,K)b,Check sum is 6
test,6cZ,Check sum is S
test,C6h,Check sum is A
test,Mcg,Check sum is 7
test,w;g,Check sum is 9
test,NWK,Check sum is P
test,)GS,Check sum is #
test,[ZL,Check sum is !
test,B+#,Check sum is 0
test,mU>,Check sum is  
test,*'M,Check sum is >
test,e/o,Check sum is #
test,ngs,Check sum is (
test,RkB,Check sum is _
test,GtT,Check sum is /
test,\Kc,Check sum is *
test,v`3,Check sum is )
test,XMP,Check sum is U
test,;/^,Check sum is (
test,&sn,Check sum is '
test,V|:,"Check sum is ,"
test,rzQ,Check sum is ]
test,_M_,Check sum is +
test,`tT,Check sum is H
test,\b6,Check sum is T
test,OX$,Check sum is +
test,a1',Check sum is Y
test,=1?,Check sum is M
test,}(`,Check sum is %
test,.?n,Check sum is ;
test,yEu,Check sum is S
test,6zs,Check sum is C
test,1hB,Check sum is ;
test,[C3,Check sum is 1
test,Mfn,Check sum is A
test,Lnu,Check sum is O
test,.F!,Check sum is 5
test,R8+,Check sum is U
test,"2|
",Check sum is X
test,GSD,Check sum is >
test,P~s,Check sum is !
test,Q?i,Check sum is Y
test,V9Q,Check sum is @
test,bAd,Check sum is '
test,aCr,Check sum is 6
test,F^2,Check sum is 6
test,v8M,Check sum is [
test,x|1,Check sum is E
test,"
#l",Check sum is 9
test,!3w,Check sum is +
test,"_]qd""(*1]/69s&;'2Pb%ekF71Uf.?e&??5""lLc",Check sum is 6
test,pDw7[@mW|2~'	rCGW)y,Check sum is 2
test,"E9SdWaHF\M]Ow`b4!W""&",Check sum is ]
test,~L`NnvfP`BsQi-)pbC[gf|ahW[,Check sum is K
test,0Ryf[On%8gdKPQg!{uao/aURw,Check sum is #
test,hiK5[#CODh99W+!6##>w[9iv|'a2qzxCW?t#l0EJ{=HO5gVRo{,Check sum is W
test,#T/R-d9hD2mb#iC8lmi{!)r``yY_*#X&zFbmB,Check sum is \
test,j2Pc/@@n?~8Q.9=JO9Q%'s>P7dlTAZ	NE7Cb	|,Check sum is Y
test,N;>*JUfTe,Check sum is O
test,"W,
{B>^",Check sum is F
test,IM(Wrn`Q,Check sum is F
test,&ST|q%ABmt\P$8%meah?9x-8b/zf(a<	0;]F%D$,Check sum is Z
test,R4RACVg{7JyI@ ,Check sum is W
test,"Ftl,MA,2""?}b""&s~,yF3Upv]vY[V0/P9",Check sum is 5
test,9w&&on Y9xmKVlb*XRLPE$wrO?_4w!'f}XxlQ]:)5,Check sum is F
test,"pwkT~]x**a,8",Check sum is 2
test,;&wpN y*t(HRg`Y_T+twAt#Ai'F},Check sum is D
test,"B?%gX<de4l8Zb0Z5ew+FI{3'%2S|"",L<ZOxSy0LKAx)%(ev0;",Check sum is -
test,"]uwkT;1xvR=(M)u.Wg""'M=|b%,[r	;;L:Qs7;H;DBBv:",Check sum is U
test,Bm-[`Yt;lKx2?d5']5?*|LF:Mp5ySlo)_#_37d^n`&K4?t,Check sum is W
test,`)LVUu.,Check sum is C
test,"N
QGlpDU;+lmp
~H8~|<",Check sum is 2
test,4x_pyAHQ$G%,Check sum is >
test,sTv_i47HHAh\O9l~902=2%Q#m3\\Y^g.g&d4r,Check sum is 5
test,"lnIFC(Rm(
""'5W?
K`
JWaMmh`}2.}n)B",Check sum is /
test,"$d<`[=XLP
UR2LRa""QO$|l\,d	i>80JhR",Check sum is H
test,"J;1rk
F7",Check sum is :
test,>8t9URE*C,Check sum is \
test,"p/`3,""X""p#'yLXT(?Y16NJe5~X""FN=z$iMqa~PD]gP]!IG3",Check sum is 4
test,]`ZIbPVn<l=^j&/T1\_!0/n$,Check sum is J
test,BXj3_4OfaQ[RCcC zdYf^~0|&,Check sum is R
test,]D\R[r-S,Check sum is <
test,V\-kYXpWa9A70R8qg	q]I~}?5Af7X^`I[8+!FY`6i{ ,Check sum is *
test,eT|1$.!Ho!*,Check sum is ;
test,]pJQqMwDH/o:JX^S*7v.{6wvS8Y\_N@W+;t3B320TO,"Check sum is """
test,k>,Check sum is I
test,"L""\4Y07lVksbQUn<3xM|T]R/;udYxqFmiG0LbehP tdd7+XtxO",Check sum is [
test,"+Qx%h.s4""H(RB		+MW`<,W)t.",Check sum is '
test,"Op7f^IsF
H""ptB+",Check sum is !
test,"Nv
AylwiWjLq.F/a6","Check sum is ,"
test,0:sVX\2CGZ0wnz%Aogt8^1%`	!pn*X,Check sum is 2
test,lC C_Ix,Check sum is R
test,"PSy
<C""",Check sum is '
test," 8MuGhph9YaV.\DTn`ZwTuKS>Iz,V6itHb:H-",Check sum is !
test,"v,705""r|iFNNM]L 
T>b/2wP}*_e#c&
|VG^	S/",Check sum is X
test,"W0iOr*R%v<g?.CQxe'Z9<odzGZ-gp
|'SjJ%1on",Check sum is 8
test,"n/7
tT*=(y:|@",Check sum is D
test,"N{yn{{{5.'&GFXR4-\
Gq2'V7+|.3JJ~tcER!""",Check sum is X
test,"{4l#*k$=dNJqU{uoO	bh^
p	_pV:G~`|ZX))t",Check sum is 0
test,"9t%b@)bthl,}vCS#wvVtMqA8]>\$N=dK{[d<F$e",Check sum is G
test,G#]EHtJ'`HNNzGR_Us XDKayPZ|5{Wln-~<`7a*}[,Check sum is  
test,9m++ Wb]bG0sS w1(T,Check sum is 5
test,"xW""e1is h*#6O;+^ny_J'O(Lb[dq1).1^SAVm(YJm6-!+x6y`{",Check sum is D
test,Q<+;iqAY3CA7RB9,Check sum is B
test,"[(6F^	;%bC""lt<M/DQemG9LBakb	HQy",Check sum is C
test,"(:MF?b	$rzDj ""6^X8kck0	@",Check sum is U
test,",`ZReG8-'",Check sum is P
test,=4*3M^'AHgQ	?La	!F&]4Q:^_]N,Check sum is P
test,S}%8}7>/Fe<~Gdy8w,Check sum is &
test,qOM$ApaL!Y,Check sum is )
test,"<Ar'+/m04) /U(^Irp]AW;4t9sYV5{Hn+A]z%1
",Check sum is [
test,b.&&RF'>cz+ff41S-%a*WfS0w[uJ%d/Y\`&&[/],Check sum is 3
test,vR{,Check sum is #
test,8E*9^QR6>>auHA5_Uyo;sX^&IHt,Check sum is 2
test,"f2Ja>""_Fy",Check sum is !
test,YQ16+e+L=PBCX#H39{x>P9PdS,Check sum is :
test,".T;{2)!cV=,('JA`@*""
c}z.5wYx~* dNjJLOvJsI}&",Check sum is 3
test,"=)a|.;7tu\q+!?h%5-`)l'jVR-)Ds!tgOr,Zj_8YhBKe@r",Check sum is W
test,6TL2+(),Check sum is $
test,"kX"")tqN%>PzbN?oS|sb)7",Check sum is 0
test,"<?#!k#tNS""i:!Z&wYQ?eu4_!8eb4}gt2&c<-^ejb7NH7mXp",Check sum is M
test,"PG}!m':{`'^iq|Sp9S{:eNh_sZLMSoX%_{Ca
1
",Check sum is ?
test,YK.ny|x1XKkQqE]k}CTxq`L@QZlQFCkSxf),Check sum is :
test,"S\gADo<]\jw, #$xhx0 )i@]7""Cc]h#*\w_+$t)r@jI",Check sum is >
test,|ED,Check sum is %
test,"c^&BE723fmZ\Z	tYHG
;MZQ9EUip	PZr'VL;^:#
.!I'1",Check sum is 9
test,>m5V('-*qsr	,Check sum is [
test,"-2+&`hzORl{O<Uz~	~,6w~",Check sum is P
test,X|	O_lT|~}6k) RcY=6CW,Check sum is '
test,"iP'^xdf	
ax}9iL3bIJdUu9fvT5O 7rX6'",Check sum is 8
test,2j!Omd.'9NFUnYDul59a`-+rS6Ul7'clQTwu.&mx{]thr=-d,Check sum is N
test,<>Ys,Check sum is &
test,"[""UE[>mj17lpGzXl5IhV(osN0Y0",Check sum is =
test,"QI`7^aJs=k3=S3?3v%d{./$^|zVQU)F;(~.(
@|990",Check sum is 6
test,"`1#U?P*8w5#2,bFb*N@=`5e*0=L,E~j^O-s6",Check sum is ?
test,"Qb$+uZ:=`GSaxGV&""F>R=yKZ*[7b@1(Lg3vXZ}fv+qc
",Check sum is 8
test,xWGZ`E1tMywgv0'[+Eqso)7jNQ,Check sum is R
test,LT;w?3:w_{{W``_@CEW~.:>x)W,Check sum is [
test,"bU|i:`3a^`'~4W%z7HwZ-G*p@v95SQXzN%,=4X	Z?/",Check sum is (
test,"MLV/be`m1\mq~SkpE|W,*'+",Check sum is )
test,"D@q$>6\[[yIXQsg~$~Q!=.X^Yoh~o"".>j:m_?1j","Check sum is ,"
test,"mIy-M<Aec5Ax)b9$y9+<0ob,a^+xfH'h4$O?^",Check sum is M
test,"""3(sG>eoA.iW)C	dNu*L}4ksZB=\\ub2G{)j91OJ6
tsj6LjB",Check sum is *
test,mR,Check sum is _
test,"#*6AT1si""<&upw |$J.M,PBSzltp[Eypb1V37![bb#",Check sum is D
test,?3R,Check sum is $
test,".*7-sEk-
5hMG Vvou;W??na(_x=hqoR&",Check sum is R
test,"9}%Gp6?,NeY}i3vr
%=S8,ls+6y Lquq
 3J:",Check sum is  
test,"F|>NFPvW5b:p>$F{[5lI,|;s",Check sum is P
test,"b7P?z?PBq>'f5""",Check sum is &
test,"0<ID|X
!^+8
38zOGKxQ,&",Check sum is D
test,B*j$/_HdNd.u@\gE2]DGv'AtbS1vY?$>us,Check sum is [
test,CL 1H=6tMnm,Check sum is W
test,e	w=g,Check sum is )
test,"X{.an`(~#<Z QeY&_bFnI~7
o4n*
`UHqDi^=
V",Check sum is \
test,"5WFNiPv2}*L+gIYDYIV7SH{m%r!',vHKNId>v)%gP[k",Check sum is L
test,"|kNFV/,RU
V /W$p	dF_ZeECm2:nt;o15;6L3{OU}`	0bYQQ~",Check sum is 1
test,@.-Xb7ZQT@?1i}gF3K;3$O,Check sum is M
test,"2N{)""']a	%V/*T8I)}*<#pcF8M,?N[v8s",Check sum is ?
test,",1<Qo2Ko[o-pd~K:Z+6etv)g.<|}",Check sum is 0
test,"jA wwCWV:D9+[)C=Hs);%Z	r.KO`
ntRp0T[j!",Check sum is H
test,V}v@,Check sum is )
test,"&WTM)X}!n8RRotmyfOHgpsZ""pUc\|j T+%~S	CJ;7.Ty7g	.",Check sum is J
test,"A`8!(ibz	Z
Rtrev{Ujxh?J""-0lza`""r
~iT*Ky(Px{V
w_",Check sum is 8
test,IK=&Q 9}!2xwfuqOI+tgv~;-m;>,"Check sum is ,"
test,"ON;}EtYmz2CW@R[Z""E",Check sum is (
test,QV[t/Y2cYiX,Check sum is M
test,"""7qdy!@dM@g_4?g#:
c<VrlmH_""Npx,kP5T))Y:Xht",Check sum is (
test,"jPTz1T;LHl888TUaNXZ9/pDcTu8w""n1`Zv",Check sum is B
test,3F>fh	!(,Check sum is 7
test,nD|_3Dyh2BZ.:E:TA<,Check sum is K
test,A*u8,Check sum is 8
test,",%U 9qoSg?,5|Cd<)$Z5?8~X.EP	#
eC",Check sum is B
test,x6M&q\h@~??2Z!9^&tsC,Check sum is F
test,"G&cCbut?ne,7UB~s,",Check sum is '
test,"hB:+sbP Eh,1""L:'f"":;B9Qyp(>.""~G",Check sum is :
test,+%to,Check sum is S
test,"	1YLDbI(D[b706C.~u3,",Check sum is 7
test,"C\itt&kw
Rl@UIqN4",Check sum is 1
test,4Y9!P<5M>lIarLD$/%n!fmJHmPLC,Check sum is #
test,Vidgad,Check sum is /
test,"gcrXv!t`7-r`Z,""Q|_N8#}QJ2`,MQ~@!U",Check sum is :
test,"/J[Ae$nntMkVVIELq'""F$Zu",Check sum is ?
test,V	!?./u%Arm+HY\wCvq1RXO\l.Hb^L[=UP'6PK~0[,Check sum is 1
test,"+/-\61@,+Pz""jrJ^LT9mm2bfUAYAFM	GZr,jD",Check sum is W
test,=\brC~Zrx'nI!>i,Check sum is 8
test,sD>KFk{[lUT's=,Check sum is S
test,"lW[vj@D=m	+\0 )@J+m3c aTKASbM""v-vBWlPd;]!-]9d|2",Check sum is 2
test,"hR kfWaY2swQ^f)kM`,D;W16~UFwL\	 h?r@<h	e",Check sum is C
test,"+Cvb$ 8uJ.JsSs]""PUTUJvmO%zS6",Check sum is C
test,"`'(@?^t{+Y4h3,^""~=<$zLao)l.",Check sum is N
test,]rv68/2o`onhIEE|c&<K1qb##6]Ap#()r>+|69xtRh@wZ,Check sum is &
test,}-F%\=&$h(2	'-YDmH}ePWge@F[Qn/NDU,Check sum is T
test,!0D)e4],Check sum is T
test,+AsX.]>,Check sum is  
test,"g
t*w]OLr&#X4|3I2$PH",Check sum is K
test,"5u;v=I1AuLs,
<2a[vvUQGRPN+xBqI3E\?c&""",Check sum is -
test,"HqkJyF""|sVZ(o}l`(mJ	",Check sum is V
test,"5gL!U+v@Pcqm}lno,e
X(\#B3Z\dq<>{7",Check sum is <
test,-xdA`pDnxRN%{gt{o,Check sum is )
test,"v$^\jPw?[u
`QUeC:3)+Q]Z~u{>.C|j-
DjU@{((6|Z+-~#",Check sum is B
test,9\{z3gs|!]:6a#o'j_	uDP'RtBE2&c-,Check sum is 2
test,"U;h|tcM~TN3+
",Check sum is @
test,`	@Z|4,Check sum is S
test,)55ka}n:gP6TQMY,Check sum is \
test,UVz5?	R8:<0Yje,Check sum is Z
test,Dz z1GaS)w,Check sum is D
test,"O8BN,\ )z%v#7tmMqSI",Check sum is 2
test,"?""1`!`d\-;B9`@=3I6q	m!",Check sum is M
test,"+z/D(HH,""hn5 FlA",Check sum is \
test,w[.X'0EIQ$H[ 'YZrY@l##~f.f2'0-,Check sum is Z
test,<qG~^qZ,Check sum is ;
test,"IrK5\fF+zwQ6$u\[AkIkn_CFF_

<+Ca",Check sum is P
test,<Q~i9I8,Check sum is N
test,"pL0{22YG/jopzv[_w*O,M:.
c9._Le@')3Hi*AEka@/0{:gGC",Check sum is W
test,"|%ZQlVk&4lpcmQTP[$T,2t_SPuWc sL[XYu oYIk*K^VrU",Check sum is V
test,"!|,",Check sum is )
test,-_F]7	Sw@R):69hs'Cg~<i#rocZ,Check sum is M
test,"E 72D,yk4t1n.",Check sum is 7
test,"""!0kt`FC",Check sum is [
test,B8FT/h+Y=S,Check sum is _
test,"N""JG*C-9",Check sum is 4
test,"}%_Yb73@FjBjH-E
<!~n:vChW""-X'<l$|~jh-}H",Check sum is 9
test,"4(q\.Mf>VTS	'+L&Kv7NXsWw/lp:K4l=Yk,zqmh",Check sum is .
test,hkLXSifh9_A~7~L%^eK=]!/4~2jS)kY!BZnz{@1OD,Check sum is H
test,fBD#zgtWZP,Check sum is E
test,HQ+NGl0X]sb%^LucI>R+ni1;9/,Check sum is 5
test,"@""qKoK1SbtVd?.Ss*yS?",Check sum is 4
test,t]Y9cxalJV#\EkThrfm*$oN8=z{RfN=!	]Zn,Check sum is B
test,;R{lgB&R#xM!h!;C/c>/8,Check sum is <
test,"ig|}Qm}Y:ceIX360tr,:@e
q>SR(OC^B`",Check sum is B
test,%j:Y_T{y_\{{oC1WoxIGD,Check sum is O
test,"*tk`/Km=	.,6:jNq`6$h>mEM.wmZRH",Check sum is N
test,n&B]WE#o&.H1C7@M15Q~Pz{pxvl_ckJIRU?Ti&|FAZEexUL,Check sum is B
test,%C?7Xx?4p's,Check sum is K
test,@F	on	)gylTB|cUv,Check sum is J
test,[<_Y;CGU,Check sum is I
test,"bQ,|DJAW`[oQQ5""}G:LUDLuGDiGI1.-$.g
w ",Check sum is R
test,"6nU{R;WSM&V	GPF;i`whRq6#@-+2#s&RY[}s#m:OcB	Pe}""E6Y",Check sum is $
test,"8#Q@Yt
*4(z#Me&B=}x_|3m'[^p?nCBSa4.p1.Pia]2RPd",Check sum is #
test,"Cu0o[g1qan|.qQa=X`sB	MwA67%
btU&sk1|%kb4^rhyk5p",Check sum is N
test,"3
qUR@;D)1<Qbs;KiC0gKab(ZKc!.I^-@i",Check sum is C
test,	io^];.IFJg,Check sum is %
test,"d*Fcdpak0V.^ic|$W6KMVjEU'+8vEHqL>""StkP""0",Check sum is 2
test,"Q^\$Fd%25
m/B\D~JH#bKhzaxc3ENWK8#*Y",Check sum is Q
test,@C<t5%~iI{'}^A626_f,Check sum is >
test,"`|rdgV`ACNs@fja},m>v#9a]RK6%)cRQKG]8I_VLmg_n?'.",Check sum is V
test,"(_iTWw	jvFw{:dGfCt""u/.ra%A`b8{\,k",Check sum is *
test,"F0_9'*?:2Mf7+bLO\Y7eE
vs`H'",Check sum is T
test,hO{Ni +'1<5Fy_!0577:U	]bHiSP2w>#%&r,Check sum is !
test,"K^}AT\/dROY	#&zu*WYTa/Y'@{:+$997~H^,9>te|S{UJ3jp^",Check sum is $
test,"	X|W""oj+LGz*2HM4kZEY;>S\>O:
Q05S<um=7",Check sum is #
test,i}xqFvE^Y]C)E5o4cAS{[;>o|FX|@$ud;[x,Check sum is #
test,rZ8V,Check sum is :
test,c=|.Da<0VId*b<}w,Check sum is :
test,"UQxZptE_h60
:GTg8nr#t]>|	P>",Check sum is Q
test,"&6E@\o8>rUTjbd?r?v{6S0lsL*~OT#Q"".}aL;UAD,7((,Y{",Check sum is S
test,"JsQbb$v]k$;dwiBf^Dz9/yw]nT	%B:<UZOqNb u,L=
!3c.aU^",Check sum is D
test,xJrP8>@H<<bNy U|zZ0bm>wEs,Check sum is 4
test,ot9^%C,Check sum is B
test,$;=1o7!reCy,Check sum is G
test,jF]Bp`w@o:GMdLa';]CP~ 5E( N9;a{{a,Check sum is 0
test, 3*$I'/1:m<{]44n)H2%sal>@A(MvZjA]?F2>o>yOo$HJ>,Check sum is C
test,'Pmk^}d77,Check sum is \
test,C5PTG?0u|_c@5,Check sum is Z
test,"b0@_""dz\",Check sum is -
test,D(B`@ztjE	1NYG\WH&jz<z:lq_9`lq2#Ca#9X&tLN,Check sum is ;
test,"tRD9kD)W]REC~8=[0:3:3Q1ivHvA0+ZNe[16@{8,",Check sum is J
test,b(kStd',Check sum is '
test,$J/-/kjP#n9xRX.Al#PBzx07,Check sum is S
test,$fU'CmT#hK7[r<{U\Qe1RnfG\,Check sum is \
test,"9'\X'! IkzUFJsM%Ql,lsd#e=E,",Check sum is 6
test,"SCZW?{riC2:vVs!^9""kYuUzxW75&Zw&Z&""UshoH=*N{^g:",Check sum is \
test,@X^?W,"Check sum is ,"
test,89FxL)zyOa~U>/cI0(fr3{M,Check sum is >
test,o3j~6zn$uK8w,Check sum is [
test,=x:XcsJ~vSq`9e<=xGSU,Check sum is ]
test,!:PosqZ'kaeg,Check sum is 7
test,G!o)nBDs}<l>^_Q],Check sum is U
test,1D7./89,Check sum is Z
test,"j'2UY{Ny=w][UD8-92b<6Z@<HP4B2lq/Ads]f,b^9",Check sum is ^
test,4O.n,Check sum is ?
test,"IY@-kv+XePs?'cgX
Uk-ruM4QO)!bj{-bk@zr6v4Gf",Check sum is F
test," 3tKdj,/ZB~4SJ|?1X<J=OPE}PE5",Check sum is 8
test,;VaT\ci'	;!Rw_wmpb38cH-iEN+Yf^OB.Or`:/i=bkk3RS^,Check sum is \
test,"8{Y1g]`5`xsU6,fsf::tMQ<xRwXt&qD+p*_ s",Check sum is X
test,th1K(,Check sum is  
test,"4;
s^d8d|oB\cc\]0$,XMM
8:4KR^TrTh#	y""6BG6z",Check sum is G
test,"R	P^np@H&&GPnU[3Y9#a""eJV Um*ACt;,Ir/]foYfZ{]P
",Check sum is R
test,"@8:J$m+P4H^D:_DFqG,N-rTTPF<X""$2a#-/!I<",Check sum is J
test,"P+hQw>Y][\6	3+s|GeDL.0x5""
\xAycRA",Check sum is 9
test,"a
0.",Check sum is )
test, 2|)GKnLYunEw(Qa0,Check sum is %
test,"ZO9!$
_6+PXkjL<dv*z%e14%8PA<y?!{NC%!.",Check sum is F
test,"sf]o2vAmi!/l$%$,U	!>|AST2[SH_a	D",Check sum is /
test,XY70)DXvW=Ag,Check sum is /
test,"3uS
>w
kd",Check sum is 3
test,"PJ.' E9+;,m<ROsn",Check sum is *
test,9{Rz]kHyum@SZ@.(aU_	%XmEq5g:[Z/JlqlhIs8-mB,Check sum is Q
test,"a<MC
Cx1t""qFMVvWXwLX*3h",Check sum is 8
test,KzhI	08(J&s}/%,Check sum is #
test,<RN& M,Check sum is O
test,Z9(/mZ	+QX,Check sum is .
test,"^iQrP)r/Fczg>r""z;!qG6=ID:-)NV*i++""kC3apXe",Check sum is \
test,JiM.D$:9$jb-)@rj,Check sum is K
test,iZ(]-0K?!JT:OB,Check sum is Y
test,*i,Check sum is 3
test,jM1 |),Check sum is M
test,"j.ZISrAWB4N/4|J;~L'_txmU	FDb;w%~wV^v
G{ |-AT",Check sum is 3
test,"kKohtO;59R45,;o+x55QigX>=FXWcXhe!DyX%",Check sum is C
test,t>%<l?Z!%82.iW08B?=(qXWD<xtv5cpt1+yO-zZnKyVp!,Check sum is  
test,";	KTjRE|NNtHG%(p=,}(7",Check sum is !
test,"UvPoH""ZMJb""eDe|1O')IS5w4azxyJWg*}K'{)'=up&MhQB",Check sum is '
test,"@6|;=	>=K&
C=x'XzB}78S\!JN.n:4sqg',S{
d",Check sum is 4
test,"C"" )DhybS6K/Q8/UUXQbpZ_@sf90}SLEHkcC1Z+,W(-^9hd5",Check sum is P
test,"lXgw,kuOl(I}G}HesTB-1UJ'_{n:/C& u:|s@E7duF[|T2",Check sum is %
test,5vp^7|mFC|Q(':g%_+(j'w/P	jRHL4:gL+iLM:7?V<N6[mh,Check sum is :
test,WyxdU6I\+)zI>R}ln:^MUQfN'#p3,Check sum is &
test,"6""T\r9lNmPl7:I",Check sum is 0
test,"+%Gn~i##6!zgAX8-nYSB;& IA17""*u?:[$zP9s`yu3ZG",Check sum is (
test,"89X'vy(
=(s6Zn7XV3:nm>BDd_",Check sum is ;
test,"E	4G[1\""MB&Xw#cn=Scl9PXFi$/]9*qzY",Check sum is 1
test,'0n}4a3*zU=Q~E kCx	Ag_\zl4eqK;b{q76{shO|)A5,Check sum is W
test,"
_T7",Check sum is T
test,]s ,Check sum is P
test,zf9J;Ee(o<99D!rTFdtn. yPEmTQ(-`lT!a1%v?4Y_s:oZmDE,"Check sum is ,"
test," G6+cB""h<?7w6q>c>W.yVN]zaW:v:5:bG",Check sum is 9
test,"so,|@'C_UKH'pMbpMy0a^fG$92N({dq,iifc:W5g",Check sum is <
test,`PCMEpQGYkGoGMsR*(B2[Fv@]Y},Check sum is P
test,"~$J1[P	T'VGCO[qUyVnnf9$q:R
b')t$P*D!(^7	]C",Check sum is @
test,"Y]T,,na[J>b,3kIg:ya#m<x(x#g",Check sum is R
test,"MM)7b4hJJ8}W6#%I2[)z}8l$exN&xU9E
;dLv-5yZ4v",Check sum is Z
test,jB/&-V.8Zei\n)*Q[r}U6%0In/KJx&C,Check sum is &
test,"O}9LH6e1(1LV$
fX<cx",Check sum is C
test,"7.GO@5u{q	!+"",~",Check sum is R
test,6wO%&rTV.M8Hn4Xu,Check sum is -
test,]F0;Kf9qj6[OUfn.!raID&Z,Check sum is +
test,DQwpPzXc|bLBA,Check sum is N
test,"o ""\FrEvZ`JiiRgps*ycar5K{%;Z",Check sum is  
test,wT#<o}Va,Check sum is -
test,2]Q,Check sum is @
test,"3b3L?d*Lm9hUGY@bT$	Cm}C)nzR
'o)-GnI[69'b}PH6q|DcE",Check sum is 1
test,"7L!4F
el9M31ZVF&w0LT_u",Check sum is :
test,"
2~&d",Check sum is $
test,#0MM#A+8vQ\rEbSNUnUg,Check sum is 0
test,$ QtPa/tWb6`dtWH]KL,Check sum is 7
test,?ZK7?GpmwPaB1an,Check sum is H
test,;<XX5	?zJdWH#$E}bIfq;s,Check sum is D
test,-4nEICM7N_3,Check sum is $
test,"$CK;~3.RDH
-jgy#(
wSv,6@8H	C{\<-2",Check sum is @
test,*WIpop<\838[Tw%X}Do[HX,Check sum is B
test,0bt}9vS	,Check sum is .
test,"U+i);,gd	;*p8s""e<c?-g",Check sum is &
test,1n/y},Check sum is $
test,"~.(W^a9$),""2m,F-D'{RY$C_iQ}W)",Check sum is *
test,"LXG
3N|[	}1kR]@, :GQVM=8_PV
3+&R)=@6q;Npgwa",Check sum is ^
test,"iCdl@T.H%N""/*hV&Gi7Z-Uuw\o,4rL}Ydb'mKM9 RcQ%",Check sum is \
test,j31mf*,Check sum is +
test,"ExP~!*-yQuBWE\iT=)""=1KcV x(gJ'+H8Op(hKvAzNuk\ 2Xp}",Check sum is B
test,"dXbMo! m:mSh'""-VMAVi&kJ",Check sum is >
test,x&GE{+`)}PUFl,Check sum is M
test,BY|(W9(V[nTEm77Fs[EG{7<ts@,Check sum is _
test,"I}N+k=l>K""ea(W94I0r7.8*)opg?Ip*0n}[[du5|v$",Check sum is H
test,"`YsarfExux2aY_9X
4n[Z`3?(e",Check sum is K
test,"9Q:oUp5\S""[^",Check sum is W
test,"GGN<cc--}'Sl,]ABVu-gXres^VzP\y1QM]0\Syjh[xo*3@)E}R",Check sum is M
test,VB/m,Check sum is T
test,&DMwe<9k0)B_r-$_V#6ZBUNV^KlJbgpVuN3>,Check sum is U
test,|oH)VL9V!k%D'U6/%7g1N?a_^9Sb,Check sum is P
test,"@^SnADW<h:xH4j1`,j)v!Yv
@V9e",Check sum is K
test,"3w/H8A""[VWz
W pQ9k0Gan;{7sEU4OSe|WtQsS",Check sum is ]
test,"F`)NN'3yV~@(+8SH2.,x7t\kXn",Check sum is T
test,"\97zgi_^K-""4",Check sum is A
test,"QQYc7}UK,^
K_""p","Check sum is """
test,",SY
v|fsq^P&tkafjsyFT3[%",Check sum is [
test,";LV8k,TW`cLj:#h>CZ%0!6!@@:d)dsQR""u9xwm7
_Je",Check sum is Y
test,(et*j#.@%Cp|UBDtZ5OG\,Check sum is *
test,@i*?i;]i,Check sum is \
test,",""pEsQs1Yyyx!}YuX#",Check sum is 5
test,"Mqu7a%wa
,3YNX|
5svC+	r]AjXk%r@^ T=TB",Check sum is $
test,DKNf6$nm0C5D0bO[43dfYe)s63W@,Check sum is K
test,PHD>/$<)9YJU#C`b*g\9CM+A,Check sum is -
test,!G3MAoSy\(QP-w${NC9uc2},Check sum is =
test,S9r4O	e**N5(-^s%;^B],Check sum is )
test,3S_ [!G,Check sum is (
test,"lvJEr*r}YPxDp=
U]X`)pH!+i!-6;h	Ga.2`Ja]%7if$c*q,@",Check sum is Q
test,"~m/p3I,U8=tAtDfj:O,S?/2wTLEC",Check sum is  
test,"VkblmtJ9n1_*{GvCbgu1wa0""(""F3Y",Check sum is +
test,#r=Ew7lMf3E}9fI-wd rdomZ,Check sum is U
test,"/Ib; ;PS3YL>tMkO|wE}v9#H265
m%\T=-_s^![k",Check sum is =
test,*O$1;Y}}Ti!7IJO9-^\5FN@IJ+RvE\=.P^I',Check sum is L
test,"3>mBO6/+/IsG(QJrF,
H&3|j/R_omkzh-!|]1d`nQr1hFW`hR&",Check sum is U
test,J.{WXP\:L/eDe#1,Check sum is E
test,`R'_@mFmkh6$6$*DrE~mN`lgkrv>%~RsM,Check sum is V
test,yx82DE,Check sum is D
test,"%S%|^VTkK>M,<x3e`:<7>MZ	mK"",z#Miatxg{_j&QwenB> 8I",Check sum is (
test,Ve.#*ATtQ=9	]B}]NSwmnLj,Check sum is Q
test,"T/ZgWP@m*SAo%@,+n`tFr{!T""j}X?|!gHZJ",Check sum is [
test,"""X&r0-?
8[&ZOjP5#,y:2_%wO)GIpMXv~q}r",Check sum is I
test,{SWQ:,Check sum is P
test,==Y(?.[0<q_LP>4(el_vq)I]bJOH|qDnv*N?:eK)FIQl^q,Check sum is 8
test,"t^[dO%Hm9q,R[	R-7M
:FT6EK={<k4wX""g",Check sum is 8
test,"OmGSX)Dm(ZF,nz+^6AUgmA6",Check sum is $
test,"EAIe3 ${I~U,yUxs	nE[9i
6Abo	2?kuq>$P,RF:r#%erp",Check sum is N
test,"Kp@:ZJ7Q*X(i7:HX9t,k1SBTNZW\):SVn\^<u
4U.",Check sum is D
test,"GDu2&]L_[dk#:_""",Check sum is H
test,jueWjgcV hbo1a.,Check sum is ^
test,"6?Qe 4r`9
VZ<8fdw7XbUtm6p^VwH{;^D'R
 4QFG
g_M",Check sum is C
test,"N""a||nr)YZ	j 3k39{~3fnu1D(r	MGb;oy^fQ7E/r:Ds",Check sum is K
test,">D^lZ\hs$,
:>SM*VkMmTScVUhR5""}n Nl-oMWaERBr7~",Check sum is @
test,^uW^qlp	rMtqr*,Check sum is >
test,"Pimb7#LTkmz-i,qu,<~;Q9P<c\%3p,bWu.v0j|\",Check sum is J
test,"%)&Te{9f&w*xCm<aYLDKx/6nKbBr@
x0wr7FG",Check sum is 2
test,lu;:vH6IJB$[}O4'lxeW]'[(O:,Check sum is U
test,"I,)}nu}5P}BD$Z]Gxki#w{b>@]kb@<i",Check sum is U
test,"`/4/,A`=VW>CM/Kti",Check sum is .
test,">R#[u(]1
+(y'E4q^$p
UI'=2'if",Check sum is &
test,ZhZv.S-]ZVEj4v,Check sum is F
test,"[jI'1SLDtSk6LA""8(_5W2",Check sum is =
test,"<Vj>#r5^}]gFRI&n-Y7
/ywFg8",Check sum is C
test,*%>zg!dja8i3rTGF%f&#)Inil*!|Z,Check sum is /
test,"ab0J/8{.:P <5d'`S~v^5$x2
",Check sum is %
test,fHB02>t{.t2<S-@Czl	J 8Lqe0D~rgapk_@ni[pEiCt,Check sum is R
test,"+'!_2CH98[
A0R\u0q?*	14b)Ky	,",Check sum is U
test,"~J2C<^Er:Wm.u+E}K0Btt7243,5RVMK:DN",Check sum is ^
test,Gx\5|i3)`#:&]?8khpBrD7&jvY,Check sum is 9
test,"7S6S@T>5l^NY-|+^VUeopXtL) #fh_LSB
!9wn]~",Check sum is B
test,":ei0Yl""x	X= Ydi>/@M)]?c8""A2",Check sum is J
test,"!B*l_<WZY,\q|_][Ki.gL;;
%[8
lQqi&",Check sum is ^
test,7SXq9LeVt3Em+]UE!de~jP!s'-#1L7''4.0,Check sum is /
test,IrbGx~:4,Check sum is (
test,"xFa%<U3bHL\R&Tx5M-p]J9)zQhteX""%p0x&?Pzjn(_U\Xhh",Check sum is P
test,"
gAeV/7(rXw!""h3JBM1mYzLn}wX|O^<",Check sum is /
test,CZk1RIp'[>d,Check sum is H
test,INjB,Check sum is #
test,CywzX+~@HE16I0>,Check sum is 9
test,"h!4rbECcE
(1@)}YJ]b{C<uja)ZJog""''RII|Yl^Z,","Check sum is """
test,O	VtL2a(<{8kSAHQV6JJ:oH%kHjBDE{bR,Check sum is ]
test,"G^7x]]Pc,46a#mf""D?)$%wXO>
m2sOxCQ8Nju	",Check sum is &
test,DuEM)ZVeq:X&X1oY/m<{hirt8k,Check sum is P
test,"7X""yb!!{rAn]qB~w",Check sum is O
test,30Rp@f}QwxSlc)P.`(2tNF2uHGoORZfq/d',Check sum is $
test,"?kBjvTFV?$0@^!)#I:o,Ah#'P *{V a-<lEXnp:T/e1{",Check sum is U
test,E~L.`fv75V/Jk&	N\'SGAQq9XF5n,Check sum is V
test,"4PhRe0Eyq2m.^,]<|a
G|U,7e;]}So",Check sum is 0
test,AV	?cO,Check sum is 1
test,"C@Z\y}O?lA,.J
{er	
kAT([7S@h-:<",Check sum is 5
test,",BdY	xp8C?Zt-4~;fW%ZM*",Check sum is Q
test,2CGbx:_wAm`^KZWDrH5e5,Check sum is ;
test,@^yPMcQHlJI.zu1lq#=jEU A[uZN{zODW$!:aU;4#,Check sum is ]
test,"&?E00V,|1J$Ts&o%)5X~fO|p@-{QUV|>D0EPx_d",Check sum is ?
test,"-B^!d
otX7_!o([ P'",Check sum is 7
test, +pP	c*		?u-G%k6%&yu<GS9%qaT,Check sum is T
test,fzKXBkVFg[bN[p`T[^VZRnI_[S,Check sum is \
test,d@4HT,Check sum is T
test,"hBu}XM2,Hwu|0it",Check sum is <
test,FvXY=1Nfk#P(,Check sum is 5
test,Pbn||?X_X%F`,Check sum is Q
test,_x#,Check sum is Z
test,bmM0pdd*(t)%I|5:hjY5|A:J|/pN*<	`G~8l%fnX,Check sum is ?
test,"ft#<'q}B8""ZM4l-SE._]u/8pO1A37{1*W$.&Q_Df:^A71$[A^L",Check sum is !
test,"@XsGvB3_P
p2X-9Xk(y""""Dpc0dr^R>fL-h(WSX% =~Ej",Check sum is I
test,",'g2@PMNCV",Check sum is P
test,'b(y>qolXp9S`,Check sum is H
test,"zI[(qX%Y\E/7BqZ+k<=,92BTtQ\LZ+cq 
Y\VE=/b$qE!Pw",Check sum is M
test, B ,"Check sum is """
test,b;M{vpQ>B:tYV+`HaBqj5gh+3hMipsn!=,Check sum is Y
test,57*}.=OO,Check sum is <
test,"e$4gZ4eep_z*s#3w&""tOLZqF1;cc>{!.1.]",Check sum is -
test,"*{wuA9WclYp9s>TU/,&(;",Check sum is Q
test,"GC2g[u!>"" ~at(?~X?]sLox[Kv.oTk@_",Check sum is ]
test,P|sw,Check sum is V
test,wcEY#RaoY~HC1a[A$DlRr1hp}X[L\Kor&S4$Am,Check sum is Q
test,NQbts4?}Tn'o&$y1%k1qpx	E6w?,Check sum is X
test,y	]\^o9-b.,Check sum is ^
test,"
qVZ
6PyH2U]!i7{x3",Check sum is '
test,"CA<j[`0
I;irpNQWE]I_/tKF^BXx7l)",Check sum is >
test,1o=dmnb	LPli,Check sum is X
test,"Z$Fb&|f/98~9>^U<3`I4Y<=~i'K;E.oSqY9n,0",Check sum is J
test,-'gy<^$0WtK_(5@6'RrZ;9JHxF6,Check sum is I
test,"Bn*;S/g')isGTY``w P]0
XN`@/te{$08jb)w3YX3h$",Check sum is  
test,CeKwAaxCoM}u`kdnA%aZ3q/C-F+dUDjC0`bg/vaRVJe42},Check sum is J
test,ovCbs8-.uA*>?Jz&8*Z,Check sum is 3
test,7II.jU!$E<e=>:lKD)lH\,Check sum is *
test,.Y)mN}_^`Z.<ZYw=0qC3)F#;$}lX|ooVqptp!~VB]r9Kg98<>,Check sum is *
test,"L+}zD+W1D*)oTQp50gLy&6}^,>mm{3psc_",Check sum is ?
test,X!1u$$B^*<4nQ,Check sum is @
test,mWT?-VcBnK+auND5<Jc.R0*${+HYRb1S2),Check sum is !
test,uSk,Check sum is S
test,B`w=BIA`|}Q`sh'Q~{#L9`kFgH3hlz# <I6/4 4,Check sum is 6
test,C|yIW2D2&j}wlkg^>`?>Z@uIk;j!_)	ZCR,Check sum is $
test,~QmL5v[y(o	HDt3(E)$UgR;%~,Check sum is  
test,"A2
Lrt!D=*tEh1Fjk|\	2G~H-|;Abjpc@""",Check sum is N
test,;<}Y|3F\&8fTBe\2e:~',Check sum is O
test,]Vn'$PnDD@k'K>/o{5-0/	z@pe,Check sum is _
test,"3^[$;}g4a&G}ZqeJx=A^a}3ZIadk_J*JS+
",Check sum is %
test,O[ou*Z,Check sum is 2
test,WQz:oHTza@r!|X,Check sum is I
test,"!9{/S2+e9<HVg+acm'@r&fGr\H|e#,r8CG",Check sum is 5
test,K\!)@>s~3v||b],Check sum is  
test,aU9.1,Check sum is .
test,":SV4""@ `lc(<q$%Ox",Check sum is M
test,^yt\+,Check sum is 2
test,>]22(-1$Q6!*wp5zAd2P<)FP d[$#GV%?a;A,Check sum is W
test,eBe9WieNp0JK5	%H,Check sum is 8
test,"m+""(Cl<POL]bsO[m##&b65=WJzf9xlq{r6d>DJl|RnDuyPJ@:@",Check sum is '
test,QLHO1B[>c2eq.qb&eLohRf/+Uq50J.M<k\fX,Check sum is =
test,"E=}
AnXOd:(lA/2ib5mk$@H;!^q:q?O*7pW;Y}ZW-{z42.[y^",Check sum is M
test,"4wl}kj.JVpKVN7?Ds KU7RYFsH8:B^[F+'C2d^!vThHdHoGV,",Check sum is A
test,"%DOd80""7;3AEdO'2""gX{1
L: Ktb0;",Check sum is F
test,L2mFVP&`f:L~,Check sum is '
test,	+Kn\0,Check sum is Y
test,"9]{dGh	-}nnHF*@G+N,$8G3P
l/'^l\Uk;=`t5yCCw+H^F:W,",Check sum is Z
test,[|?@[>=/JRu^ z	_>q$N,Check sum is M
test,"
K",Check sum is 5
test,"_*9Z<-1
j;62"",Vw{",Check sum is C
test,Jq(/oGz&]jq{l7Lh.7V<4Wb={F]	$?,Check sum is =
test,&#IlqD,Check sum is S
test,LLnaJRU$*=6;^j3<f4RpE2,Check sum is >
test,<ic^	:hi0~X9BF\w,Check sum is 4
test,"g\jb
~1c$\wlf
)9bM`-Ud",Check sum is 5
test,i7yO4BC;)5~#7,Check sum is 2
test,")dC""$W	",Check sum is V
test,"{}z<E'"">U~",Check sum is -
test,"}F@4z)!aZaJCPTGe=b6eDi?)^{K?zN,}W~^jxdr","Check sum is """
test,"Z%|L3o O!?""q~`""RE%x|=!>ee$:xaD?M3V %^C[kHO+])7u$",Check sum is U
test,"D7rm2yDPlt5!cHJ;|a0+T~
}5",Check sum is %
test,"4iBU;,c4T73PkU?E=uk9x2dIq\/_+-+~,&?l[6wXcXYS{","Check sum is ,"
test,"]6#	$l,o>$V=W`fe""H!aT",Check sum is A
test,*}]48h,Check sum is 8
test,"!sN`t vSA$DM01a<T1m|x}1k I,",Check sum is G
test,c%0Q{Lv6SUwD[gkM\	Ej,Check sum is M
test,";YKAf
xmU&aip|<.]HRu]w.o""",Check sum is /
test,"x,sRfm3C}/2BSF	@t\BCQ\<X JGcl .}3')",Check sum is 8
test,"0@""Es8i[+D_daJp0joC$vM9FB",Check sum is '
test,kp_?'a]3KB	4\WLi36|t_C^J% tK6W,Check sum is W
test,Iy3{kA87ry\:ga1l0cI&UtVg%! -gEyiKb1qwZ,Check sum is Z
test,"U+<.U6Y4C)7@2Ul0%Zi6hwZU&
J.rqg{T]CthDu^]hZ(NU7fr,",Check sum is M
test,MUfCUNpWxqbY,Check sum is 9
test,O^+Tv/JFsK4u?'$,Check sum is 2
test,"jcc}Hd6d]^%q: oLrk^
s[.(ks%1h,G$&_9[Hu~3Mt*YiyjGI",Check sum is <
test,^nJtvgt_$gy7uhU5 z<d-ohTFl0K{c_mDkk&}wrc7e%x,Check sum is '
test,<+e,"Check sum is ,"
test,s{_}1.hHXmZx+,Check sum is ;
test,"6q/LU73|<N<6\JG.~wx |pZVJAS
7]90v	z{Lj_m",Check sum is X
test,|v4UU=las,Check sum is -
test,"^|y{(SI""T_|>$N|",Check sum is /
test,"bnh\m)u$H~N;h]TI*VXzV3fGaqxd1,",Check sum is '
test,"[x1zvJ0bpfJ""Z]biU?HIgYi7RW","Check sum is """
test,"T\%Io3(S*[i.[t%ZT*1""8NEt/U",Check sum is Y
test,"N""(XZ[ j|3OE_`f@[ bw-kd",Check sum is G
test,DfTir9ubeqL&|R,Check sum is _
test,7Mh.747:QHT3BO`4l/e,Check sum is [
test,"Z<Tv9,?i0U~;IK|8^vc9N,G K*9H?FVq^O	BQ?	;p","Check sum is """
test,"?IyyY<5q""7TX@!F~jT{M9V!Y4$NcDPpVE/",Check sum is %
test,"5Q|x&LS=""B6ydW.Z5Mk MHd2Gb8,o[ >m:CoW-\#2I \P)",Check sum is +
test,tK>pR{<':kX:#-A0>xI	RuK=ql	?Dab5^t+.,Check sum is X
test,"fq""R:n!,\<DWi2k/ynIqpSV*""w=5|FLV",Check sum is [
test,k34Mb^G_kMSHN~{GmSCfa[pQ@rImBFTr2/_>f e\I]}vM$6l6S,Check sum is \
test,:X<#JZ5/RuWsqDKD),Check sum is W
test,"XsE
Y`I:iS'9Bo
^OUR@iP6<o/4
f!zg",Check sum is P
test,6OC|0(58S]&Dg$)Yy5H{C<	<::Huuaoi*&$+/bw`>@kLv,Check sum is V
test,/N+we,Check sum is $
test,ao<ij[,Check sum is Z
test,"5=(!\_lU4vd|n|6u^=v[	0]qW(!>jGQz69~eVE E(,-2rB/+`",Check sum is 6
test,cw,Check sum is :
test,-l,Check sum is 9
test,J}ViPJ ypM{>ib^ go!(;c,Check sum is U
test,"6{R:ex}\""rFYZ3",Check sum is S
test,"f#NEWy	:8Qk23LNTdm,wah%_	3e	#*L3KMNeF[L7!p@1s>",Check sum is /
test,"P>j.g2ZB(GS& Q.y2`X+taWn,,X]RW9",Check sum is Y
test,~\(+&Kskj*Q3DX7ED9,Check sum is I
test,|k#S*P#%lA$y6\T'(yK@)s@Ca,Check sum is B
test,`sgDyX(T/[E97RL{0@V'Y5:feKEloioeZP4Tv'A,Check sum is ;
test,"DUoO?H&,(DX`VD6Z	+",Check sum is R
test,{o+	ijy8@I/B}`?. -q'hBT}?^$g+NrxOjUu6VNz5i,Check sum is &
test,"'0mmDG>16&P|j8<&cgy5%9}]L^3t
@
	U9!hI4]",Check sum is F
test,"
('P\A(",Check sum is N
test,	X0}E7-.~SXa04JJ*L,Check sum is =
test,!~RV?`>`n-P EV>2q}v{izcL!eAH:sQb,Check sum is Z
test,"A?'nWlK_ :L\K|sa.
0M&VeU^WXO|-s7/oCBZ{DI3$b=]",Check sum is 1
test,v0Ft*oG%xj,Check sum is '
test,MUi <Lu1w(r,Check sum is J
test,"%@&!Zn\R9&}?#2T
dA{n
$:m=l+*C/I'Q~m)",Check sum is 8
test,+WdA_OG+JVs<|%,Check sum is W
test,",vs'1\g}B*>.\o4=1xI5q8",Check sum is 1
test,u?=.t$`*xHe$:0[\(N&Y&dfTeBjq\Mvx\>-cE=,Check sum is I
test,"$eS	zy.<	?*1=?vRmu	=+_B(j_U2G%,nFd%0kt{G$^j^M'",Check sum is Y
test,"q@NZNM=nyPOGTU<h1nb6P  j6M0bCP""9BZB8NJSSikQon<%w",Check sum is M
test,"d,%C|JYeA?",Check sum is \
test,"iqj:2K+~5{!)R;US^nA`/O
WnJ@""WOd",Check sum is #
test,"GrI>OQ|IU}\7Ev$DmXzpin_o~tnF>.F@""0e!$mMp{	NJFT",Check sum is U
test,o$>GY]R7PlC,Check sum is 6
test,g9K)H@TrWsG,Check sum is S
test,)O2iu~1~,Check sum is U
test,rG1s_K(DOeC{wIci!~G_hQ{P	$11?,Check sum is (
test,)?SEJJ.o50K]/JM,Check sum is $
test,"iCi""P9I{=9(d0",Check sum is V
test,"i$za0OfiJ?j
lsJ.\Nhw
(%N,yY1.#!Rg:QvW]OA~",Check sum is 5
test,"8a>wvQ>oGW`Y*e}	=m20i,sYP]P",Check sum is 8
test,~.o6Or{	>TebfC,Check sum is 8
test,&Y1q9}4q*#cNY)A6~6Vf=4w)~-ybQ=&n-,Check sum is )
test,"U%M15&;]B!k|H1M_vVa>+oD,ScJi",Check sum is X
test,"
jhmMQp~3k",Check sum is S
test,uExDe1'hRAWSd&0,Check sum is 2
test,"/6IA_	%w""q+",Check sum is Q
test,"i4BVtMhbz9|Y&Y#,",Check sum is 6
test,"u]w, qY):c%|sI>MOJ0l#b)G(hct",Check sum is >
test,GAi)	0UW2]r+XA0#~m%*~S8lC>Hp,Check sum is _
test,"U@0t0;DB}v5iwo!""#Ko5c3v_+o	of- 
'.{y("">UUZYSwyfr",Check sum is Y
test,{#uT`EvU@':C,Check sum is [
test,-	=^9<4GwWdSDDd^M5f{6+,Check sum is 4
test,t?l:,Check sum is 9
test,"Z8Kh.JjJ #vzntq|[LD#Kl
xOt%KmbTVFUGS`o7uiIS 8_F\",Check sum is T
test,&8/i	\pacFNm}QK12eJ6GwmgG:sA;A_m(YgnNkFtg 7PARedA',Check sum is ;
test,-m_9Uf:25MyV}q&ExGsnVS(cZ9X[2dL=? J.EUu!B,Check sum is %
test,"3yTRv?l-T:bd,ec9f	6Erc	~k_""HO:t>2Pi79JGBJ8mI=	","Check sum is """
test,"P,6F^f7Ck5P=",Check sum is C
test,"r2
$d:y
8LToe!	DWfM&ufN?*2du<9n",Check sum is ]
test,40,Check sum is D
test,"""Yb~R",Check sum is M
test,J}'OB-23cu:f,Check sum is )
test,"D[0goUr$X@-a(N5#k""*J9_m0}(-$U%;IUZ4r:^ne ?",Check sum is -
test,E*4InJ%13'\(4;'&LkOOC`2',Check sum is E
test,"4+-j;>6b~6Gp,$","Check sum is """
test,maxMLIjZ3(d&ZQ,Check sum is \
test,"^d2~a~r)q@#R?;^@dPCCx:{Z65+,NO
ppA?]qw",Check sum is Y
test,"/wX$8V
9eYdM9W",Check sum is R
test,Hc	k,Check sum is ?
test,"]	_ap|Sy""G'zH.BF$bs3",Check sum is 2
test,6!X-bf+F$K#]D,Check sum is (
test,d15ULE:O*^.`r<nKN>/(T.uae$2{OYai=$|p9~91~Yv Y|,Check sum is )
test,]U3e{X%-B65p%tES}@\`^@5=umFACg;hprB&h,Check sum is N
test,GmMgws(b@&0 ^h5J{VWz?	mMxTFKMfA;,Check sum is '
test,vwqX.^AX3>fYL-AoyXyqSF^,Check sum is F
test,"a{A@l3y8L{%PO`< ;@y<M1,W=;qdZ+i",Check sum is @
test,"32[7@AdN
R:%(k\Nb[zK#()",Check sum is 8
test,"cNf"")z?P5;tcqgC`&0_?9U)",Check sum is 8
test,186+D	V33U3 _\{ZwD~IpQteNw)3xOhdXX|dn	;iR]TzWIKgZ,Check sum is O
test,"_Nf7b|\bJ5aL&Jo5""hwU83y(T?H/Ma!",Check sum is A
test,YNfj32{d,Check sum is [
test,";Z](96~`I0~~R/PP8VI\}VbK([!&,A7IUvkyy",Check sum is /
test,U'.kb#Mj,Check sum is 1
test,",D}V{YZtv~ebJ",Check sum is J
test,"e|h-~I(@<&^`b^mF""mgA3lJkV`",Check sum is Y
test,Q[Lh2D7C`Y0IYP_+^$tnd<2Ln.p~Q/Ew'@LbyRv'WB,Check sum is 3
test,"N$OExn#$wQ=?fIp.Ekr_I,Tc.S/",Check sum is A
test,VbC,Check sum is [
test,"\GEFPFS~a|z9g}Bu$
) YM
0`D5;[Wv;v	{kxM4i",Check sum is 5
test,@-Nyo;%E\yX-znu&0oGj_YVp?+0xpV,Check sum is +
test,"TvDY
Vky@2K+""#Yj'0.	u@+HkU1e[(iRy*""3bKgt~$S
H",Check sum is L
test,P$IE^xDAHmT4yCA~d[< jK/m8@=j?za5SBW9<a]6W-)lpS<5jE,Check sum is  
test,"6d
]",Check sum is !
test,{uKv: 9yvyq2^'	dADE6`9O /,Check sum is X
test,".Uj| BR(QE""o?FeKD1Vv(GrQLo<8o)C^V#684S",Check sum is J
test,"NQ1o_{v c!Ohlb
Z#fc =|zt&%&P;il!D*rJ0
*U~
h8Sd",Check sum is #
test,'B7\'uCRa^/KS,Check sum is Y
test,c	oa|CW45:$H{l/VG6]\~$_<IfzfJDmWd{&\-*,Check sum is 9
test,517XVK,Check sum is 6
test,"
]V=^`^so{fT!#>.G""+EPwDQ3j8{vy'V!v?I19jkm{Se~p:C^",Check sum is 5
test,7[SQ8\,Check sum is *
test,1LsL,Check sum is \
test,"!	^ID
%KtU E	=1{H;o3\ghUQSZ>of;.er1O!8K*ckA.x!9Sl",Check sum is !
test,=bD_WZ#c+>iBetN!2pYNBxS^X-4#@7MM;,Check sum is Q
test,b`aH|:qtD{| };<9:7oDPu&N:@K`Wgm:-b3^'xxyS ;40@X,Check sum is /
test,$HXM$ad\,Check sum is 6
test,"V<aN
	eM9}ZnVGfIVM0(@l0hZk1""olR6
Z-",Check sum is ;
test,"&J(,)4`<Gk}.iW%re@1EC2
r!cI6^b",Check sum is  
test,Q%$j'bj}Kr+r@,Check sum is .
test,"(o&L}yH
N-Q5;",Check sum is -
test,"QD ;bFoR6pzw
`;A@p*PMq'l&i5ZhqHjBT",Check sum is 0
test,"OIA,r5=S7K",Check sum is ^
test,"(`F7T-ev'PO~Iz2oC3.GRT,5nI+c8LH(|w1HR""(p(1+X",Check sum is (
test,+D ,Check sum is /
test,%axMl\	kk.?~AaN {v*RI0j Nari`XJn,Check sum is 7
test,"6:DwtPSOeQ	""(PiJdDuqx	vBP`6I!ocSQL?",Check sum is U
test,"&Aiw~`,'^|~vw!T7((bY:NOU",Check sum is @
test,}qFnNWvqDzp{#,Check sum is Z
test,"/lFE=.t#sRG&!m=ovaLmji,""k)f78:IFa3j6	a3j+a?L",Check sum is )
test,N^NnuV,Check sum is S
test,"Y%]V|%DS)Z.(]U'6$.$WZZ\Yl
s:U,H.5A&s+IK^h$TS\",Check sum is <
test,-_O&7/m_NTl|_'Z[,Check sum is X
test,"r
l{&2>w?",Check sum is O
test,*n?L*RZ,Check sum is Y
test,Bis/w\<w$Mv=S\R1pXhoU\@Hg9i1fGh,Check sum is 0
test,"=	:{==:@Xdc/];/eRP*@<9FBY,3so}~Hi",Check sum is X
test,"{343,d-}",Check sum is /
test,"Y
[^8/ 2FQQxq",Check sum is F
test,(estk1*$>n{_J>2mE.7xq,Check sum is >
test,-t0nS]m	`.I{8Pe?B,Check sum is E
test,"Tbx`/AA11{z.28
T;",Check sum is '
test,"h[}5'8ZuY=gOd2""eF}9>$kSvray"".",Check sum is Z
test,]G_9s#\O^CZyb^M1,Check sum is O
test,"=V(lO	!Vh-x\Cl;^?RlN4MwH=5R;Qxu
GsSXzBW5!]",Check sum is D
test,mP,Check sum is ]
test,"7)CgUC5""n""CnB=]EMJGu]$,+cR,_wlcf",Check sum is R
test,",CLhY*te r%,)RR_ 4b0b\#*GK	S%X2BOg[>@4Z",Check sum is [
test,"mMVL^Qm
; [G""Y)9%tb2r;/P3Nj|]",Check sum is Y
test,JrW&xxn\VT>v*%Z|Y|<A/Qz8,Check sum is Z
test,"WK>Ax.$J'`	qJ~h1V""O/P(B",Check sum is '
test,"h_#VmK776>}S)m%Wa""fkS",Check sum is C
test,R1G&k$Q'*U9k	xZ0ZD'1AW_R`Y=H j5Bs\ooY8yE$&wc;YiK`,Check sum is K
test,0T.`k5`^c*	ORz<*MV|v/<*u`?iEJ@>X-,Check sum is  
test,x3O[,Check sum is 5
test,M#EfD %->n4KQ]B:i6A(}YGiJ]1@L6AmAO]E`\O/)<gH,Check sum is \
test,JMEm&ECHrRpgGkBqJ#tqLkv9,Check sum is W
test,"sLe1tr%.0va'Tg""D]LK%",Check sum is V
test,"=h-h?FdEo-5{7%=<tdcs#O
63D4ix4]FFhbb",Check sum is ^
test,"Q`kMNUpb91V	7tYTi|^\XyjiK,\Wi9ImKdc~u<>>^L{X=C",Check sum is ^
test,z{;#x-!t(G}2m`Yf0'o3\F-7Gd4j#/j*12z%1a*E+W,Check sum is J
test,~D'7< 	Ny%Dmi,Check sum is +
test,"X%R8=tQ*`QfG^*Vu1;\2""-ht07[vnDIG""fp.]<i?Y%",Check sum is H
test,m>)VlH7\qK>5%K{hg,Check sum is :
test,#`/ZL5c`V$kjdl,Check sum is O
test,"ndJ_[xZipZHy7V@C*E
Mk2/3vj>\=aF3","Check sum is """
test,"&:(k`gX?bJ^)
]w<",Check sum is >
test,"y""pt'ty)#.0Y $i[
l
[pcV""=;q2Q",Check sum is P
test,t<UAE^bBK_Dfc/C{&y57@svxh?z	u=NE,"Check sum is ,"
test,G(9,Check sum is H
test,&j2yl*dwY`?PskP9t\4~Wq^c&Ld5,Check sum is Q
test,saO[*lk,Check sum is _
test,"z0f #ovUtvDV
Q8;UM{,IYKexlw.4Ka)3C","Check sum is """
test,"1~T!^,HL<=DG[SIB0Mmj&D{5'}|:;KZ3n0$m'_t_&R7",Check sum is 1
test,REGQ-M<YO1'.B?_G3u'NXv{?U)@=Y,Check sum is S
test,'2m5'v<jVBG^a2>|?-wHcKa)}?,Check sum is G
test,"?xuTxi*0.jB+z8^ia<I#7,(A_@yuwk>8|tjw:UBf",Check sum is [
test," zt\
B~-pm99~JdJbq9;X'aMu!l])B,",Check sum is 0
test,"*dUh[K#Ue5T.cQ+|0i=Q.ef{,|-Nd_,_?>$a0]5#X",Check sum is K
test,"a^z?D,5L1[9}F{VpjVyvXFyb<?>",Check sum is 3
test,"
Er<Q",Check sum is .
test,"SKrr4qKD US-E
Buz\-lbprgS}/rEgD^v#|5B^`K{+}}>",Check sum is ]
test,K6F^{W8{Rje,Check sum is +
test,"r,KTg""]eL{IHd&&]HI/^C{G:MyCM
H>95W",Check sum is U
test,>{#*N1d?}}n,Check sum is 0
test,+p8g;6f,Check sum is 1
test,";CT
(
g#(h:)msU\e~IncZ:PR]m*Kj",Check sum is X
test,<LEE0VYwR	MSF=tnoRseO/Hl5\0,Check sum is 4
test,"
*W;",Check sum is &
test,$#>q5b%?YDF*Z+p?/ycpQ<P-?N6TF<1([U|lHJ em',Check sum is L
test,"WGRPo@H{6ElG`|/tt3Iy,?#GFo/0v[C PdN~o4veIM+a",Check sum is %
test,"p;&w
-0#H",Check sum is :
test,fD}`1|R8.z@bS5|~pQ.cD XZ%-d&[_I:FWW*-=,Check sum is 3
test,"BIU9AQ""",Check sum is -
test,_>*&L,Check sum is Y
test,";qB2>a	}u3( zPyxvP""#X&75![8h#{\Y7.",Check sum is Y
test,.o=\@+~^Mnu`H(	7Zk4?5krbN{k^Vq,"Check sum is """
test,"tf(W|J9@
Wue2OI;. O",Check sum is U
test,"`MMb<kwnzuUdn<>AWt]V#hPIHp*""b(Qmb",Check sum is )
test,e/U(FM+@}#X[vn_4-ru|,Check sum is I
test,"]s<sw<J{b`,#
d2&^AZqsHp;0x.pMN%q>=g\r?HK",Check sum is 7
test,"#Q,*0.|0Iex0",Check sum is J
test,"R~;P#4y'v_%9<%zS7!wGYp D
=*TX-2aeK?]-X(jAZ",Check sum is 1
test,"<7<KWl?pOCcaVq3y;a""sYtYKgp=2y ?og]Cky(VR*",Check sum is )
test,"J{'!E6{Hh~}]U!=kDu<""[m?LscU(,	C\$!!",Check sum is @
test,x)5!	'$D::htKMR^]}MrLE}uKH^cg~q-,Check sum is :
test,"f'S_YrJDqp9""S!.u*8aVL7;&",Check sum is H
test,>k8[6kDx*Kn>of>!ik`)vsO7XGw/t?,Check sum is R
test,Y)y)rpC71zAAd3y&V,Check sum is Y
test,"6x/?clYo[NvBLmu#B~(OA30^lH#
NY`mH|ez",Check sum is 6
test,%Z<4	D!Gq8(K.SL$[#$?92,Check sum is ]
test,=s?SkRT,Check sum is 3
test,(n>C\Y/MLfnF$wVKR>Gb%{&)?I8Gp-49.L-,Check sum is *
test,"|[SR$|@v0""0z~R",Check sum is >
test,NYxAR;'^vA	?//gX;w) c|tPoYd,Check sum is 8
test,"	$""4?
CD0kn;\JUp/dal7",Check sum is 9
test,"ns#JKYSZeC	}kB
Y]T\4Ny&yht(~J&Od1PbOx",Check sum is 3
test,"h6Hq\Ign7*)kWern ,*Wj:wHQV;R%jaT",Check sum is *
test,"Y+.I5Viv!)(""17{eh(QRt
k\<>	},?!	V}",Check sum is A
test,"jX'gh8@D~c?08;(J""Fr%b.@.};tb!b7w69	<[j!",Check sum is _
test,"@)E6ON""@R1RJA	""s",Check sum is A
test,"tHjyMAQjM/_2cT
cvQ?\4Q=0'@D""[|T_4q>FE",Check sum is R
test,"D,bzg`}Bg)5_0{0ZRba""G!>2~D]Pl--hMkkID]t",Check sum is 8
test,u5#F]Td5N+9?x9<J!E}P#4y'W6A\^^WC+WrEX,Check sum is  
test,2Gh]6i5<Xo=cA6	8%J]{w>*,Check sum is 3
test,"~,PPEO8Yz]rjor34`6BX|XJQ5(k*Nu	d>H{.1
$Zk42>`(",Check sum is J
test,"%$B""i62y^gQ",Check sum is -
test,*9]iM~39X_B-z@.ux,Check sum is ;
test,"#(D=o4J.Cg94dmaYZG3El r_-_x?.ZSh""dLY",Check sum is P
test,~bviAr`K7JX]I&O5zT:L45#w<mJae5 2eA<4Q/,Check sum is S
test,n{uR*o)BHT%s^?lBB\t992,Check sum is I
test,gN7AAmY%D,Check sum is =
test,"#i~*O77'flC""~
4/1]szy:lOPs'2/8Gh",Check sum is 5
test,"eB7b
seq:U7eL?O[XL&Rw*98
?Ty*d<
rRd",Check sum is S
test,"d.F$vC1>\Vd=93w7P]J""JA=Fx*=	mP=;pP	M~+3bHB QO%",Check sum is 8
test,"L^&ha<GQ!>Wf
lYeL8",Check sum is !
test,"nx![O2Gf
Rz""""X6vZX){sM^W+z)w]""At=R",Check sum is !
test,"Hd^UDJ&rHK
""PT/K",Check sum is B
test,",pSsiA5U(o lZC(<4EQdm*c[}9q6X[/XuknJx]Q./9 0mM/o",Check sum is 0
test,BdnS$>0+7C+z[&n^C1;h4)$,Check sum is H
test,(9G;Sh%~6|\#sI(;#^TSdqGy},Check sum is +
test,%TuXbWBnoz4J`Cu*kYLODlbe>Y,Check sum is %
test,_*'pLneD0`#[b2,Check sum is E
test,")a`k
`.nH]*'Gx)E	Inl)jY",Check sum is 6
test,"DJw{x8LwV""'WK<cD_(T,V!CY4w0Q*_7o@3wd""X",Check sum is 4
test,"L?NVMULZ,",Check sum is C
test,",]}Bl-!!*
A'+>zb,!u^+W!26(icR2z",Check sum is A
test,<CrPp^K;(Y869't5bt#8e qQ!o6[bb`G+]$ ,Check sum is =
test,"JQtr*TvI7ztyq2G0HXQ?
s5Bj[-rq0=:7",Check sum is -
test,", ;37LYM'(6.C5(+c{lI8^;xoXvU@#K",Check sum is ]
test,"h>x~:l7Vg]}<i+HB?3unPKZ6uH<|0<%r+.p'xij4-YW4^/&f,",Check sum is G
test,"#mkP2h$F
HMu	""EYOnCU
Q1\:75.BU!Yjw%f;""j(",Check sum is I
test,"43=O
.8-$@r)JUZ>i @| 
K5
E>SG^`'fl4",Check sum is '
test,"q]ps!C
v3l'e1VNFGMG{&",Check sum is 7
test,[{4j7~Qy2R0),Check sum is 0
test,VUY~K/l[MNL[A\IAqBVJ3A\L`3qp%.OG/(k2=L(dn<E1,Check sum is A
test,Y@8Qa#GYWptWSNRfAH#/$%cT+4ztss$O@jM#Vs(?J-,Check sum is S
test,"\=N+NX)fR--]}q:`O"")1T>=0*I%9$",Check sum is 7
test,mHCJ,"Check sum is """
test,\%G5[LoHAN!mYv^EgTq*J_=XgZ$Pl{FKr	JkOS,Check sum is ]
test,"zn4
""yRz,{7+}IGJ?7MSY",Check sum is <
test,"OM/hN}oCNCu""z_yh&T7nWSo`K|onne[ES",Check sum is 4
test,.=b|<st{\(QV;W*,Check sum is .
test,"y{4#H;17XZ=
'",Check sum is 6
test,"2~;NhEu8hp^m\hN3hVNvjr_#E]8
q",Check sum is P
test,"\/mhwh|N5<jwyCU~fJ<t0[	^S(il""2~5\C7y=\&$X"">(",Check sum is E
test,"c1kgZj0ha7_)h
*p-4a
o|OEswD=HShJ\S~SK*CGjB41E",Check sum is &
test,Os,"Check sum is """
test,:l~C|gs,Check sum is ]
test,"wSKY09wS_lD/J6g*K!)^+""ps",Check sum is 3
test,"OS+rU\XIOG7K1ARvASY,i?]ro/Hssu!QZIWAh",Check sum is )
test,jY,Check sum is #
test,"r	qE={Dx?1r/x~E{{1k\8VKwj;U0
3XfT^=%!z9ZYuT{a9",Check sum is -
test,QInxv` 71GL.<%}p!R0,Check sum is 0
test,"tNqDQw648#( ""1
<$Y""<$`g\Hvp|;166x >6WX$G]Rtc>CH",Check sum is ^
test,h0Hf5@7u[%TYhb,Check sum is >
test,"QZ	-d^7YP)RP""yNjvmrVP~~m",Check sum is %
test,3SrbK{|4`\stnYL#W56;o!AK$}r?QoK;3 B!0Z]xG=4,Check sum is G
test,<DJ+>T$IKB%j8XO)y;KVmLk~2XLefG)Wm|SUhaGIu,Check sum is 6
test,SV}G5SOSsDGhv9!cYBgsyPo-]0vQxTLS	U0d,Check sum is [
test,vs)gF9e},Check sum is :
test,`?LiLYS[Ln]!:7Gz'1E109;XPkf0/J}+	FGv35l^GRtu^,Check sum is K
test,"Ny+(dF8--6%.L_""k(8*Sm26TrvZJFz}F;7TA[7W7l	",Check sum is (
test,?;,Check sum is Z
test,($e.w]b<uy?L@qros@yC:4SOyx7LF*>PO\AR!`eR6_r,Check sum is *
test,*xl%7w1C?)B{:u>N!|'O)\L,Check sum is 9
test,"7"">QW[t^#sg\*! R[S?Bwt.{pD8",Check sum is Q
test,"N""Mb@A	/1g&mp]^V{s!w|u7O>Jl;9F+-'&*)^dZBelwX	5@<",Check sum is ?
test,"2DXFZD0""L]xkAOE	`^Rf	r",Check sum is ?
test,K5:\r`HN,Check sum is ^
test,7ux-}r7\0~CsJoPHBbOul7k?CZ.,Check sum is (
test,|4oBvGjb@cCiC*nRr?sEfUF`.',Check sum is %
test,"s}qI^kI|Utd"";cUPEnAfcuUJJgeox4{e",Check sum is L
test,",0WUrrtN 'r^cZsf{Yl>Qu	WZQgj.@hcbXy",Check sum is G
test,ut<7:g85,Check sum is J
test,"M6m6uW|^v6[3m<y;}|N07X]""roz`qXo",Check sum is ;
test,"g%2@/&g+go]~^|sJty{O""KKPo1#%L'A(Gy8",Check sum is H
test,"V`Pm0c|HY7?m7}!('	t\`<`(tKd
5LZ*Kgt_h1",Check sum is W
test,"(}7}yqt3!cB,^0QRI+""&FQ~u1yvB=",Check sum is R
test,"3SpI`pS}Onjr+8^*xl56zP]""6JDnsZaIT..S^+ag<ZP^_vE>.G",Check sum is )
test,X_Zq.0)tsq>w`P\5,Check sum is 7
test,+N*Kbg4. E$w]&`.r{ouugQw3hEB_~BVcQ-<//gj,"Check sum is """
test,y=NKkAXql64+|)ka0gm@,Check sum is Z
test,"Zg9AO4CS_&zDY'\<!,q",Check sum is M
test,*smuRD~.]1	'PYRo]BQ{#C@@,Check sum is Z
test,:+?W;&KX$A7spu}I)?,Check sum is A
test,^[!5idn]'7x,Check sum is ]
test,7.b	~[9q}%<roU=#|k1wKVu~5$'EveQsLo^/bEN:hKn',Check sum is -
test, avnqyTY|W]c,Check sum is /
test,"et]
vvz|V0,)7tQ",Check sum is Y
test,"+E5F^.}8G;g}XFeYFO;	(i*
.PmtdU;N6aTDH",Check sum is D
test,wqRP*7q;Xu7dUcS'kK2<igLR:p-(H[rKfe$c{?kRJ[bV!7,Check sum is @
test,"vYbR&Y\]]jw	Y
3H=Z8v|,*e@\*&,/x+(N",Check sum is \
test,mosSB 5,Check sum is Y
test,"8(^R;6,<6b$[o$OuE}",Check sum is 9
test,"U:$RU\m7T9D_=t..O;3XuuRb[y09X&^K*E'L0Mj
vtM",Check sum is X
test,"a Hg,{oyznc-J-%!uivbeMt<\!~Ixh;S3H",Check sum is Y
test,"UkKU!E/an3{huUb-wK?g|Y0T
n:}{vx","Check sum is ,"
test,"7pJ`(eo0Dn,9bC;H	it{K|7LuLc{f'U9Ca.B80]S?Z5zC",Check sum is 8
test,"|TQP&v1)({&-<C07?R,b7mT#,jf7I6",Check sum is O
test,"0ze97_`8W19>`h+u]S=Te
6__P]*XB[8&sF(","Check sum is ,"
test,gyHNu{dEXFc=Mmol@q,Check sum is 3
test,3=b>Z~,Check sum is H
test,1G%!:/(E=R|)BWXz0IM?DNr`j+%H3.?<u.#*{C,Check sum is H
test,"AuW(>UB20,P_Oy8ai?;taIuL#R#2JiPq{VOi:2",Check sum is =
test,8:|gJtR+RY7>[Ibu(,Check sum is 3
test,"85nUMxEPdG%ICZDR&d5Od7Za7mx>1\:Z]^[,Nvhfvi",Check sum is H
test,"8PH$6xyZ%$t[:
""*Cx",Check sum is 8
test,"%$1dU""qQavW~_~cda|0q6$ :~rbG5<9*C.dgt8,n%<#6^1",Check sum is 1
test,"Gw9G::LO5m9M:?W^=d5-1$-w1NP
$Q<`+k6vQ?>",Check sum is 9
test,ZQ.ZF<jU,Check sum is T
test,LGc.,Check sum is D
test,"v_qPi}g?.""8`=cJ'Q=jh:m9HXwz*^#hP",Check sum is /
test,	VAm5hh1iG?a6weVJN_kd 2=s*WP?b~=;~=D*?[$BV -.P$,Check sum is 9
test,L}Hj#tWr23,Check sum is  
test,&oG[iA_u $y8R;haP,Check sum is 0
test,"HkW/[XdaSlswx hf3c4I(0[\Z3NPkN_PiGGBHXs""_.",Check sum is P
test,~6?pTgx6^]vTm@bJdtc_!>c{GB!,Check sum is K
test,"hfbjd=e\qxiHD""YFkE-~sIIsOqdtDa/9Y?cNW0R07Wiq+o4s:",Check sum is (
test,oZT2yV=VeU{rzckOe}8c)6b-	]ye|NRcv45?=DDq,Check sum is Q
test,"}h}F,i""&d]-@YGd+qDV7\*qn C.",Check sum is :
test,`E3ieVxEkCA_LR$[rE3${C*M-$a8yIr}rw%a}Mx,Check sum is S
test,"b[UlUcPE[38/IsufQ\K8~@yF#xxBhk,Ry(' +LV;pnB1+KSs'r",Check sum is  
test,"'Gy!<MpM[gs.i-VX,ZbrqN7@H	%_eDUy+{",Check sum is W
test,"i8GW}	,zLG>!87iJ5|j;t14#oE3^*1kGs5D5I4O/<ZvozS5l\D",Check sum is (
test,"ki~""u[~lU9eM",Check sum is N
test,".0a5K^
X>*a=N+iO.fAtZunF=1->{)",Check sum is _
test,bL~JcV4	@iKNygCCX(Z-,Check sum is ;
test,(A%u.N(~s*=J'C}3,Check sum is C
test,"'?6m(=^:SE&4i{FT ~xDYEt,_rJ""`&^*",Check sum is 9
test,)G6|jc){F<yDot:![d&Ca>1&jmPURS~0,Check sum is ]
test," ,\t8>(#e","Check sum is """
test,PML=Dr\k3Oi.`WZY'^/,Check sum is :
test,"Fz7rg[ev<1<X~KZE\N8@ '!#|ssw
>Scm",Check sum is @
test,"mY{5\""!X&sSqH])U;+P1k,5`1Ep@",Check sum is F
test,"\J;9gXbt)X:8sBVP}Owip5,{XtW,xCcGNri|Z={",Check sum is @
test,"-F!V<Vz`CN0=UrVG|E%c1doe>nC.K&JWXMD""V?xq@L{E$nuHa",Check sum is >
test,"`!J8AKxhC\yhzE1Ilj++Kj-m8h:85*6lHTh=1gf|%WT,~>",Check sum is I
test,"VlqIkWqFT""\| Vn+&cZ:wR@B/V8/PJ%",Check sum is E
test,"_B).bc^F87|q7,6tFT",Check sum is D
test,"/#2I}v=~C^>Qw,VKlW3LSwQfcC 7E$g,v
GfEv",Check sum is 3
test,4~Iii,Check sum is -
test,"nYMy?V@JJ4tD!f!m!(\9$|QI|*4{I@FG0a""",Check sum is M
test,"jodFz#?
:VCSnNDjQ='rPx9NMa0z/>AV,~9%8<",Check sum is '
test,"ubo1ZHx
y/5V[w;$D$\TbnL",Check sum is S
test,O0Q,Check sum is 0
test,u^#,Check sum is V
test,"UihwXwv-pR$AdWiy7$xpuc%g8x,|""bn1+
@7rsvHr|WUsi@h",Check sum is B
test,ReHUi#6'/Haq,Check sum is &
test,Fa4aB	'1a?g}P.lE?1XNlK&_wx<VEDym_Yo|vP`,Check sum is =
test,"28zZqr(-9;xSJ9T~Yt>#,|G. 'Bx]hv""x>CIuJRjJ8~J""",Check sum is <
test,(pVD?rKQD--%G{p3rzJ~}w3m`V2	w`C~hm,Check sum is -
test,"6yh&yCL#27U'@BJ26iaH{JoJ^;_,hKj_[e",Check sum is Q
test,QOUa^R*<{@%sAk?|G4)^e~xbmw&>5z{wo/80Xx7@xe&^zS,Check sum is )
test,"Gz8VjBrW)1zY""]%d^V",Check sum is M
test,#:0gz?a.S'oQI?)ESlWiFP=sple-l,Check sum is +
test,ST9@RBJ6_,Check sum is 3
test,f$pSKELvxY&F>>O/FK.HwuSB`	_W:?S(GudA_QA,Check sum is #
test,MI#t^@A2{d`dK7[BAh03Ozwz=|70!:sIt#tANw)i.;?,Check sum is (
test,"D=,/GlN[p`gt	@K9q*FmY}5""",Check sum is K
test,")-i.3Pcr[js1	Q
	?/k-QS+|gMpBO>uozo5=TH&",Check sum is @
test,p+|v5v7mbq<L`P+}6NdQKi!JUx$ nQ>-5 *]pL+<E<A,Check sum is C
test,"h0SI8c]T}],va",Check sum is =
test,Nzr)}yT-0V/HpVJj~nVI.k#wUuhR]{,Check sum is K
test,"P+>NZZ8]CG?Rr,o l)tn&k""Y<[""adPi)f@""Hgh`huf",Check sum is ]
test,"+]mO@n{S4w{~&31uz92-u7K.F&K^
=S&w{&8",Check sum is _
test,lbpCF 98>V0D2O8s'P=kmE<x&sd`W5`pxS7nME/x6lw,"Check sum is ,"
test,"`1GGSQ	>.d0U""o2""IE",Check sum is 4
test,"
dQi62(Q~,",Check sum is S
test,"eze`G-}[:6(=2MNZ #31	Nb+}'4XVP{`b<[""~Fkua]id'}t-yz",Check sum is J
test,`nV\J7?q-nq7m!7?'d$q^{\`D[t`Cw[Qax/H~4Kxli@v;Uvc,Check sum is _
test,"K{Zv`T"")_GaSE7TPOmq
PfJ>M&iR?zk@O$hvU]\Zz:",Check sum is #
test,|{P4!4Vd|5j{cLV[e{L!0ZVoKp,Check sum is 7
test,"@hNspv@?|>D&""h39-0YsK4I5| v$DH\}{s=ym6~![""%",Check sum is Q
test,"MH\:tdDs,aH_F+=pvYny99HzY@kRmhUHaTyt9",Check sum is 9
test,"\mX	Uynax.)#L<0MRygN""w;Rn6z6",Check sum is X
test,":}/KLd$
*y	[y>>2$;i91S(dXh4p]@n""z	",Check sum is B
test,"6e&P
Dk]d*HbfPeA0",Check sum is K
test,"NDQ4Tgaz=>YiIb-g .tG##[6f2""6Wn]u3!2%K$24bN&Pn]qJ",Check sum is \
test,zd,Check sum is >
test,"""a;DiP]8V:#9ezHjS",Check sum is @
test,:yhc[,Check sum is 9
test,\bq1.9@BqP\_,Check sum is %
test,"srIYz!
J$ywq\U,K$=I*]1!>t:F}joyHR{r*[",Check sum is S
test,"}D^jl_*6""C%-[@fq",Check sum is =
test,"5	k>Lyd/,zleF'	]qgaX>+-}ncUx$$",Check sum is 3
test,"B8:rgcm""w+$HSX]-/L?[ B
*s7DTIvgq+b",Check sum is 3
test,"Mb)^j_A,R,Z1=hGC	IIL~U]L]vRs8",Check sum is 7
test,o]#Y}a(t>}.c~XX+~vF,Check sum is A
test,1 ;4%X-,Check sum is J
test,/{U`U?$%|JqeRWU](C]rys0]j	U#y>2\4{,Check sum is %
test,"K""Aygx[J'^Xd",Check sum is L
test,`}92GZ{vwJy?imP;G2+F)x7XA>mC$\a]LfJc`3>^8B`J^<q,Check sum is X
test,"Ih^(T/:q_> ""?",Check sum is #
test,.0'},"Check sum is """
test,=}ow6{DsYv!q_N-/!`xbm=-|I:&|W]])F,Check sum is %
test,@BQA}KLY^?v>hYXJ6uBh~zi9YHoAK~TJx](/QUzXc6}g,Check sum is ]
test,1jT;E*^tS*NdzssH,"Check sum is """
test,F0zhXcM-d0WaBDYoaHu,Check sum is %
test,SJB5FJ\mk5;S\e!kXW\,Check sum is S
test,"GW	ae8pRr7]BP\H/S)sui7'Y>R;,5'zQ-x",Check sum is 9
test,@&q'3t)`I:&.h3;`8GkfS[fY	1Pqs|oRd,Check sum is '
test,"d;r\K	z~;4#&\w?Uu	)nDGe,8z",Check sum is [
test," |,a[	kzv;q?ufj9;0	2!""(\8Nt~Yx",Check sum is '
test,c#stCq~k-]E9#*n)Mwt-|[	.$M\[>K`C3UXW*p=~KS>,Check sum is E
test,UP;?G,Check sum is F
test,hLqdp*Z%oI0@?qt|m87,Check sum is &
test,<AHX:QddU\bXt&xJGapI-Zcb\	P?~0Xx)1:d,Check sum is .
test,"fZVdm!/$Sb""!<XBgv""5L`b8<",Check sum is ?
test,EZ0gkz-Uv	?o	dIp=l!%xm9c60zRx:H|kw	69~;]8yn:Soz,Check sum is -
test,2E27)!);xyC7uAw._{}tJ1zRla,Check sum is S
test,4=HH.H>|xlcdxAe2JQ\N]QN5#jAXL4;/4,Check sum is F
test,"B'L-R/);M#
q/S""zTCsEYI\-9{l'k_x	$@",Check sum is  
test,Ajaw]^DZG> ,Check sum is !
test,"f""KqYViC5@8
Ca5^~EMimOQgyhz'm1
 YI`sc(Z1Mg}Xy#SA@$",Check sum is L
test,"hR8lSZx|JxPUmnJr* Z?zAWAoF.V""t
l	8jZ",Check sum is ]
test,"c>0E-Ee!sJ<UHF@w_Pe//eK!iS?N|L9kKacI$"">hv:?","Check sum is ,"
test,~aNS#mml,Check sum is I
test,CawYjMB,Check sum is M
test,Dt*P])H5ih$t=Y]/-4!6C|),Check sum is @
test,"B~,XZ
InYEnMV)",Check sum is W
test,"K|Q""(Ue*4~>K3HbG$u4AE|-}*sm=B|1bVp;vrAk",Check sum is +
test,6ZlN&(	Xx,Check sum is Q
test,[J}yQuxtpxnT6VS9Pr,Check sum is 1
test,"Ox~`
5v#XsS.jh
%. )Lk",Check sum is X
test,"#ne7o_)LL]Qx?C`'\hZ%Yxx)v_z,[FWs@NsSf1`<&iV$jA;0)N",Check sum is C
test,"3x60$%$ny&\d?})u|ht
&j^?",Check sum is T
test,sY<4$BfkQ-G.H4M)j[EB,Check sum is D
test,U/d!mpP^MNz,Check sum is I
test,"Rc:M4,^N'C0u<yO-",Check sum is (
test,"AU(XcEl	
DSO~E\=|2Z)Da",Check sum is 5
test,"5}'W.gf@YYLDT,8,aR\q	V",Check sum is P
test,"BK1!})yGN69g,JPq:]z~_w(W;ct0",Check sum is &
test,0:b7vQ\~$\vbH<Ve-MRHA`n{	^#~zW^=	@pc}0$S)x{,Check sum is I
test,ZGA?\<xO*<WW,Check sum is 4
test,"_	>*UxZ""@M)d=)|WxC<$Fuz*=*H,R?-)%%z<;8Z|""Q@UWy",Check sum is )
test,"2o65*:PQ;Xe:&7Wm_%py<=M5
XX?ggPc{)u\Z*Cy.Z6uY",Check sum is '
test,^id	K3kK,Check sum is H
test,"Y~Dx./*m0PTGM:,'bqX6z*BbWrNlY",Check sum is !
test,"6SOnO""ht@:	ME9JsB!Xd)r,kB>D8>uJ ]aIO",Check sum is >
test,R}hzmO[%(~)jtqWS8:a>ly|zB(D3fS%-zq_;RVo:%j9LPo~,Check sum is T
test,3 Zgv1$>z,Check sum is 7
test,"WczmamJwD}jy@/s,.C(~'-,""Eh635Awy@ i@",Check sum is @
test,"?v -7@<px,Doo\tRGzPK+J(8TEjl",Check sum is M
test,"9[}Z^Tdvb%B\C,$lR\WA",Check sum is A
test,"1t/pUVza|xvg2WryV>P=5g>~rKBpu$Q""=Ko@@S",Check sum is -
test,"e<;w
",Check sum is =
test,^y()/n?h#bv,Check sum is G
test,")XIHW&xD,m+t(68Ey*#",Check sum is D
test,"BXt@>Mke?l9<(]c]w[,Z[3aB;6
E,>k~G.3",Check sum is 2
test,"'5!yBMY@9n""]o",Check sum is S
test,"s8U
%QqUJKx&dz'%_\Q- R}(X,t u^<MA""QRVp!""A/",Check sum is F
test,VXWEVi\2@E@FpqD(i	.'fU6f75>!XkgJytGUU~2*},Check sum is !
test,"9\/VU.fm<*JVpk{(fVnAN27M""z9<=f*BAZ,Nk{v S$4.kn9|w",Check sum is R
test,7-4Q$P%ug\1k\^N9%@l`?aC,Check sum is K
test,"h	E
Ws`K]7nA",Check sum is X
test,Ag?6	Y:/X	`Ai_dHX*ELO3tN--EY0+5Zt,Check sum is +
test,"h?.cbr%,U{}d;.4	j!)0{{tr..p|olo(",Check sum is N
test,"[uj^-1s>zE,>tvC']+}';!#uBx.pf@G7/27I]
Y8b<HN$",Check sum is Q
test,"TX9P2u#7VE2d\=
,y'/2KZ&dd~|@=Ap$choJh~xCS3Q\",Check sum is N
test, HalUjJqd>.,Check sum is _
test,y0}*g:cOCH18E$^!,Check sum is _
test,"z?Wj~G){h	!aW`!\,6oD)IC
?D4<kS)|ibN#~{@,0!L",Check sum is R
test,"kw,[Z}f!l1}xbl.zH7WDQI/a>	2*4[nh	naX#7ntFJe""u",Check sum is 3
test,YBv$N1Vho<_X8@L&R*|GdyQb/Q/#f,Check sum is %
test, T1n[HtPv	'-h~#;9okIZT1O}k$j6j+j#p1$x^D=L[^qKF,"Check sum is ,"
test,bR0]B,Check sum is #
test,{d(~&QH</;=jGkaPr&MB`{qUp,Check sum is L
test,?5Zmx c=/y A04KEjVd{`}pJS92	2;+\e@ZL>##t\`#	j,Check sum is V
test,$62	izm)+^en,Check sum is J
test,"%,~;L	Z):.FNZkr5 QdVT7Vk
y67|_:6:",Check sum is V
test,"|,.>'_D]:%	'l<V)fDA4|x+x H>@y",Check sum is &
test,"<""raXBy?d}6bRi)iNx$T3fuZn",Check sum is =
test,"5XxoI|r5wqj;?CN<O/mH@M%AUl^`, uvjf.Jj#wwd.N76EMv|9",Check sum is B
test, r[VlR38J,Check sum is V
test,*/g<};&B4-2*0zw1Mkvc&8Ck0|q!pl E?,Check sum is &
test,q<{.$z6!/f{I|6zx[r+bj{ef%}&};3[}KxumcdctB`B:3,Check sum is Q
test,`t,Check sum is 4
test,RF/pfnLQ'`g,Check sum is 6
test,"^O6+Xd$mp\N[0@IC8cNSOrbTA:vL&+Gn4_d:z,ql",Check sum is V
test,"pl]v8&s
f{X!,&wJ",Check sum is W
