set,input1,output1
train,,Check sum is  
train,	,Check sum is )
train,"
",Check sum is *
train,"B
","Check sum is ,"
train,"

",Check sum is 4
train,"

















































",Check sum is T
train,                                                  ,Check sum is  
train,ssssssssssssssssssssssssssssssssssssssssssssssssss,Check sum is V
train,"CD
CD
CD
CD
CD
CD
CD
CD
CD
CD
CD
CD
CD
CD
CD
CD
CD",Check sum is 7
train,"x
y x
y x
y x
y x
y x
y x
y x
y x
y x
y x
y x
y x
",Check sum is &
train," 
 
 
 
 
 
 
 
 
 
 
 
 
 
 
 
 
 
 
 
 
 
 
 
 
",Check sum is :
train, ,Check sum is @
train,!,Check sum is A
train,"""",Check sum is B
train,#,Check sum is C
train,$,Check sum is D
train,%,Check sum is E
train,&,Check sum is F
train,',Check sum is G
train,(,Check sum is H
train,),Check sum is I
train,*,Check sum is J
train,+,Check sum is K
train,",",Check sum is L
train,-,Check sum is M
train,.,Check sum is N
train,/,Check sum is O
train,0,Check sum is P
train,1,Check sum is Q
train,2,Check sum is R
train,3,Check sum is S
train,4,Check sum is T
train,5,Check sum is U
train,6,Check sum is V
train,7,Check sum is W
train,8,Check sum is X
train,9,Check sum is Y
train,:,Check sum is Z
train,;,Check sum is [
train,<,Check sum is \
train,=,Check sum is ]
train,>,Check sum is ^
train,?,Check sum is _
train,@,Check sum is  
train,A,Check sum is !
train,B,"Check sum is """
train,C,Check sum is #
train,D,Check sum is $
train,E,Check sum is %
train,F,Check sum is &
train,G,Check sum is '
train,H,Check sum is (
train,I,Check sum is )
train,J,Check sum is *
train,K,Check sum is +
train,L,"Check sum is ,"
train,M,Check sum is -
train,N,Check sum is .
train,O,Check sum is /
train,P,Check sum is 0
train,Q,Check sum is 1
train,R,Check sum is 2
train,S,Check sum is 3
train,T,Check sum is 4
train,U,Check sum is 5
train,V,Check sum is 6
train,W,Check sum is 7
train,X,Check sum is 8
train,Y,Check sum is 9
train,Z,Check sum is :
train,[,Check sum is ;
train,\,Check sum is <
train,],Check sum is =
train,^,Check sum is >
train,_,Check sum is ?
train,`,Check sum is @
train,a,Check sum is A
train,b,Check sum is B
train,c,Check sum is C
train,d,Check sum is D
train,e,Check sum is E
train,f,Check sum is F
train,g,Check sum is G
train,h,Check sum is H
train,i,Check sum is I
train,j,Check sum is J
train,k,Check sum is K
train,l,Check sum is L
train,m,Check sum is M
train,n,Check sum is N
train,o,Check sum is O
train,p,Check sum is P
train,q,Check sum is Q
train,r,Check sum is R
train,s,Check sum is S
train,t,Check sum is T
train,u,Check sum is U
train,v,Check sum is V
train,w,Check sum is W
train,x,Check sum is X
train,y,Check sum is Y
train,z,Check sum is Z
train,{,Check sum is [
train,|,Check sum is \
train,},Check sum is ]
train,~,Check sum is ^
train,(m,Check sum is 5
train,{%,Check sum is @
train,g=,Check sum is D
train,LJ,Check sum is 6
train, 0,Check sum is 0
train,.S,Check sum is !
train,/T,Check sum is #
train,3r,Check sum is E
train,iB,Check sum is K
train,SB,Check sum is 5
train,Qh,Check sum is Y
train,gw,Check sum is >
train,:P,Check sum is *
train,"q
",Check sum is [
train,H[,Check sum is C
train,4z,Check sum is N
train,<R,Check sum is .
train,S=,Check sum is 0
train,eh,Check sum is -
train,8A,Check sum is Y
train,aT,Check sum is U
train,%E,Check sum is J
train,0=,Check sum is M
train, x,Check sum is 8
train,|^,Check sum is :
train,:],Check sum is 7
train,w%,Check sum is <
train,07,Check sum is G
train,'{,Check sum is B
train,@R,Check sum is 2
train,6t,Check sum is J
train,y;,Check sum is T
train,#/,Check sum is 2
train,l%,Check sum is 1
train,1B,Check sum is S
train,L1,Check sum is ]
train,y-,Check sum is F
train,&3,Check sum is 9
train,-n,Check sum is ;
train,U;,Check sum is 0
train,jG,Check sum is Q
train,;#,Check sum is >
train,Xh,Check sum is  
train,CJ,Check sum is -
train,Dc,Check sum is G
train,c	,Check sum is L
train,Yf,Check sum is _
train,	?,Check sum is (
train,=!,Check sum is >
train,MR,Check sum is ?
train,$I,Check sum is M
train,U\,Check sum is Q
train,i8,Check sum is A
train,Mv,Check sum is #
train,'I,Check sum is P
train,con,Check sum is  
train,tD>,Check sum is V
train,2tY,Check sum is _
train,Ur`,Check sum is G
train,b+r,Check sum is _
train,nyV,Check sum is ]
train,S}_,Check sum is O
train,H&B,Check sum is P
train,tJA,Check sum is _
train,X2E,Check sum is /
train,"|^""",Check sum is \
train,3E;,Check sum is S
train,"gL,",Check sum is ?
train,"^F,",Check sum is 0
train,Q6B,Check sum is )
train,Fy+,Check sum is J
train,!>v,Check sum is 5
train,0-W,Check sum is T
train,am`,Check sum is N
train,""")B",Check sum is -
train,G&0,Check sum is =
train,;ab,Check sum is ^
train,00d,Check sum is $
train,`#],Check sum is @
train,	uK,Check sum is )
train,={J,"Check sum is """
train,Qc2,Check sum is F
train,:%$,Check sum is #
train,%3n,Check sum is &
train,Bjl,Check sum is 8
train,"a.""",Check sum is Q
train,wSd,Check sum is N
train,p]z,Check sum is '
train,awB,Check sum is :
train,.d|,Check sum is .
train,q8w,Check sum is @
train,&6{,Check sum is 7
train,)Hd,Check sum is 5
train,C3^,Check sum is 4
train,`FW,Check sum is ]
train,4|_,Check sum is /
train,kj0,Check sum is %
train,BGg,Check sum is P
train,"S`
",Check sum is ]
train,^$j,Check sum is L
train,W<G,Check sum is :
train,^(V,Check sum is <
train,Uh-,Check sum is J
train,M}M,Check sum is 7
train,:`:,Check sum is 4
train,"FQ3Zc'cT
w0nK`b}>,rD3iiBA`%D1;",Check sum is K
train,"er4Z@TFB"".g%|F",Check sum is ?
train,"+rI
7OX]bv5VirN CDXQR4e,w5ex0@upZuumc@-]a|bb5MpQa",Check sum is ?
train,"V$,|2
4N&gE=kA",Check sum is ;
train,"l^)>e{@PfHIbr
u^Qp)J#<n<3ql9?)'Qb=#",Check sum is Q
train,me9V3kOj.0pXan,Check sum is M
train,bHL	bJrOiIW_&#)+pc\G+=PXw8,Check sum is F
train,x#4rb'3yL~YtI,Check sum is 6
train,"
\d.""_tFeaJL%@
Lh''	?ZP",Check sum is R
train,"i?l~I/SZc/h=y#3WGS#eT0)baMU*k
8yce%",Check sum is %
train,"Ok\Y>m]uVRcxZ@yR]+5gEu*GX[GdPdEh(P~6$Y:?!'O6J,6\G=",Check sum is =
train,Pi`3'</5F>	MeJne:rgJ'A}?S7?A#V*|l[U{[dWDcoQj+g?B5,Check sum is ?
train,"X
!/2})d]Ios{pKsnB""z'z1Rm@c8etj}>&/>nN)>k
'08.MA",Check sum is +
train,P}h[>zSC'-K	gOhPP@%{h$,Check sum is P
train,"!0LB,,(Y|&|aJ-ADEvWNq#5?Vl~ze2f)ft",Check sum is 5
train,"eWO]rri$ie4!:8w'|T,bD#U9",Check sum is ?
train,;aYZwh|K;>,Check sum is N
train,:N\,Check sum is D
train,"ZQ7kn2""wRk",Check sum is #
train,"`oZ_LO^QDay&'V{(D}Pm5[I,(n
&]\<",Check sum is T
train,"R$3K3nC51%<33^(
l:FGe^#c{m[eE-L}B!=",Check sum is 4
train,"@^F\@N\=zp-0J(UC}yWQ^p/dunYdt
?b^e",Check sum is Y
train,")x#fv""]F9m|s v0MY<#<>RWB",Check sum is J
train,"U.%[S#A\IBF[HSDd""rY+*NBRXcw",Check sum is ;
train,M'Ja.2$Fz @K-KE{BSxn<>t89-M*c%~HfAb7NP[~LU_Xi-t(,Check sum is 3
train,"q=@=~WYo/Ah	Pw""6:V/`8""w.=hQ|iXmDfGVs3C%3;5'uZ",Check sum is T
train,"0+%ZuPLT
*]F|eluC]8sOl7""SPey3V/k~Dhh@#",Check sum is 0
train,"Q7e|SO cKV
0<+t#U/c7:hTm*%r9eo_RPb'k^B",Check sum is +
train,"P{i@\\>Zr""dm	c;`Mpj(fqrX<j%M&y4AP9> r~(v~2wfU+` c
",Check sum is [
train,Rq5l:=}`ux&<sZdl6Pb{n|B~.+2-nsA]*wpR	^eB,Check sum is 9
train,">Xwb""}i>EepX""*Eq|ETL;B""=s1gM!'F""6;~~EfZM",Check sum is M
train,b3~^TNK~7cC-_NzH,Check sum is 5
train,"ujCxp6c
;g_wz^>|m@MNLtLn	y]p6\':F!C5Zd5)",Check sum is V
train,RP7SwATB,Check sum is Z
train,[}@]iF}dUV	*4xYw-3[M:b!X>!#),Check sum is G
train,3`[^Ga,Check sum is T
train, $nkv,Check sum is 3
train,Y7}h4}a(_.lUgoT@qb{bT4`8L{,Check sum is ^
train,`BVx_A(YzXy*IUE<_gbPW{{S@7S+mt	),Check sum is %
train,"I)j7+e@uD-W64
$3XGucz9Fd^^)%Y^L","Check sum is ,"
train,")U~DX/7e0_*'\r;5532_!nj1}5'&hQ:j&.u/;fCp'""?ty",Check sum is !
train,"d*6w(LJ#lNV<<iX+s+o+L#$cU""6YT87",Check sum is '
train,JM	d:vvLE1y(msz||Gzj6rupJ,Check sum is A
train,"*!zlpysM,Snw(""5@F*?x{_Sg",Check sum is X
train,"Lw7K~u.:4weFFpk<Ln&@@P30ImmC\\}GOs<"":^Lxxjd@Wj|",Check sum is '
train,"
Za/0\K\|5B,_Sm:S?s4Y5<9o~r/\%q:pbd }'}RjzB4g#}o",Check sum is N
train,"e,]~4;lT
:xLT",Check sum is W
train,04$/`D(Ue( us4,Check sum is A
train,)qj`,Check sum is D
train,]q.UkKCCZh# :7,Check sum is #
train,"CDWrNVqmfP;!Z""6w8_;",Check sum is ?
train,9U7tgNAD!-|{c,Check sum is ;
train,f{O:	1fclL9D[q,Check sum is N
train,"S%r!FgE8VU,u*9Y<fi3.?PZJ:",Check sum is 6
train,"AxST{aeGzrtM47$Z1\V}N[Dxn7
r/;
m+JJrr.#rAct0",Check sum is S
train,"M{nv>6O\d,h?VHE5Zha7* #@%[p8Mo^cX/sI' )efo/`!*9H",Check sum is .
train,"l5Y#""ksHw	s9|6x<",Check sum is W
train,)2Ik?|fITt0>{,Check sum is J
train,"NaT^`mAmU9 2JWcxF1%T\
tEK'83IE0U,sW~0]",Check sum is X
train,Tn&>kBp,Check sum is #
train,@y{GXPe_;C6`M7NX}K2osc(,"Check sum is ,"
train,"T)s+Nm``""	=n t",Check sum is  
train,ag=?n7P5V-,Check sum is Q
train,3M`9q}W3T<9e4q>uk{oBMK-,Check sum is S
train,3JWG 1!Qp6[E,Check sum is D
train,"{KRs0WN]tvs?kp^bpC}y
OU: N}&{1;E<!d6{yBq9=A-|S	t.O",Check sum is -
train,mcJ{eo,Check sum is I
train,"8)Z+]nh&1S		.>-bLYc8Q!Ygg$KqQ{""A3qfB",Check sum is $
train,"3; H$(LG
L%GO%$qcdn	",Check sum is ^
train,"@xjS;)gl]
:b4M&mIVL*$?LG$2oZR}f)	rI aSYBsP>[:",Check sum is 4
train,F2sYGKli*-~-0y5|y5IFYo:dOo`Z9;+-'3]qr	Hn0$Jh{(D,Check sum is T
train,:5]F:C,Check sum is /
train,"6;M{	
P	e, dI~1VTpe,N>&z`n",Check sum is 7
train,f#_Nay=An78vS}xGoYD/y5'h]Nc3@DbeHKw':o|gJA^,Check sum is :
train,"wB*yt@q>""%6j",Check sum is F
train,"CB=9#%>r=Z}]$sPh9S@'D42j}|T<t>k;cqv'6,=[+@",Check sum is Q
train,WArz?,Check sum is #
train,"fPg< ~AE7]PETSe0GQP};2g1B`""o$2iu1+q!K{GUS4s",Check sum is ]
train,sGT#4pEz ou`,Check sum is X
train,"7Q[q""|n)j0G}lIVr%Em!42I@H",Check sum is 3
train,k[E-j.{[4,Check sum is :
train,"U:Q!]9{stE{v>(3c%pdT""y_+.`9S%4BVoGx90X5]",Check sum is I
train,_'VJT%nIa:=|%x%yHG,Check sum is T
train,"Tt1!b9*o^mR8~
o",Check sum is :
train,"""nQ8mrP[ j4(Yr'y]([IQFR7bU2\E{dkb`6E+\7","Check sum is ,"
train,"J[N@E+%tZBJP-!Ms+O""6Z^N$0,%!U[9FU9RtMD97:_8,b7",Check sum is X
train,"KPwvlL?gktey.&`}}tOK<~""#e&<;6	:~0",Check sum is '
train,q7i{>uQSY%6aM{Ng2pn-7%Gv=`|sN'	:H@}_#>jfWj+&,Check sum is V
train,"	rmC(jgCBd#zbw<a9'R/=??rR,oN,1",Check sum is &
test,#),"Check sum is ,"
test,"k
",Check sum is U
test,*w,Check sum is A
test,ks,Check sum is >
test,z3,Check sum is M
test,r#,Check sum is 5
test,B*,Check sum is L
test,a|,Check sum is =
test,/l,Check sum is ;
test,l.,Check sum is :
test,tc,Check sum is 7
test,l$,Check sum is 0
test,C/,Check sum is R
test,BP,Check sum is 2
test,'p,Check sum is 7
test,AY,Check sum is :
test,NP,Check sum is >
test,1l,Check sum is =
test,^n,"Check sum is ,"
test,n\,Check sum is *
test,8~,Check sum is V
test,Pm,Check sum is ]
test,N0,Check sum is ^
test,GO,Check sum is 6
test,S3,Check sum is &
test,4(,Check sum is <
test,	),Check sum is R
test,?4,Check sum is S
test,M+,Check sum is X
test,|s,Check sum is O
test,{7,Check sum is R
test,<|,Check sum is X
test,?[,Check sum is :
test,;;,Check sum is V
test,A9,Check sum is Z
test,;x,Check sum is S
test,Ue,Check sum is Z
test,QW,Check sum is H
test,"y
",Check sum is #
test,1~,Check sum is O
test,q{,Check sum is L
test,s?,Check sum is R
test,#q,Check sum is 4
test,N],Check sum is K
test,_R,Check sum is Q
test,ub,Check sum is 7
test,bI,Check sum is K
test,ep,Check sum is 5
test,db,Check sum is &
test,O>,Check sum is -
test,xZ,Check sum is 2
test,@<,Check sum is \
test,B',Check sum is I
test,k9,Check sum is D
test,}+,Check sum is H
test,oV,Check sum is %
test,"""x",Check sum is :
test,]m,Check sum is *
test,hv,Check sum is >
test,`\,Check sum is \
test,~c,Check sum is A
test,ic,"Check sum is ,"
test,"
1",Check sum is [
test,"
{",Check sum is %
test,P5,Check sum is %
test,MO,Check sum is <
test,IC,"Check sum is ,"
test,$#,Check sum is '
test,\V,Check sum is R
test,r},Check sum is O
test,7m,Check sum is D
test,.J,Check sum is X
test,bL,Check sum is N
test,'2,Check sum is 9
test,~Y,Check sum is 7
test,]k,Check sum is (
test,	X,Check sum is A
test,  ,Check sum is  
test,|*,Check sum is F
test,U ,Check sum is U
test,jL,Check sum is V
test,$u,Check sum is 9
test,Mq,Check sum is ^
test,0L,Check sum is \
test,=-,Check sum is J
test,Hk,Check sum is S
test,"""o",Check sum is 1
test,}M,Check sum is *
test,(m,Check sum is 5
test,}r,Check sum is O
test,B!,Check sum is C
test,I<,Check sum is %
test,] ,Check sum is ]
test,Uh,Check sum is ]
test,27,Check sum is I
test,nE,Check sum is S
test,Ex,Check sum is ]
test,-!,Check sum is .
test,?N,Check sum is -
test,_R,Check sum is Q
test,Lz,Check sum is &
test,\9,Check sum is 5
test,IP,Check sum is 9
test,hG,Check sum is O
test,",n",Check sum is :
test,MI,Check sum is 6
test,k ,Check sum is +
test,`!,Check sum is !
test,#c,Check sum is &
test,XL,Check sum is D
test,Oh,Check sum is W
test,Jy,Check sum is #
test,o',Check sum is 6
test,>I,Check sum is '
test,gM,Check sum is T
test,0?,Check sum is O
test,wB,Check sum is Y
test,w.,Check sum is E
test,vR,Check sum is (
test,F ,Check sum is F
test,)t,Check sum is =
test,]`,Check sum is ]
test,bf,Check sum is (
test,i@,Check sum is I
test,Y>,Check sum is 7
test,~S,Check sum is 1
test,Sy,"Check sum is ,"
test,Qq,"Check sum is """
test,Dp,Check sum is T
test,KZ,Check sum is E
test,IM,Check sum is 6
test,/d,Check sum is 3
test,T>,Check sum is 2
test,=r,Check sum is O
test,eZ,Check sum is _
test,o\,Check sum is +
test,dl,Check sum is 0
test,}c,Check sum is @
test,Kc,Check sum is N
test,*g,Check sum is 1
test,[`,Check sum is [
test,j!,Check sum is +
test,Q+,Check sum is \
test,A ,Check sum is A
test,	p,Check sum is Y
test,'F,Check sum is M
test,el,Check sum is 1
test,wz,Check sum is Q
test,"g,",Check sum is 3
test,(4,Check sum is <
test,q[,"Check sum is ,"
test,zT,Check sum is .
test,~U,Check sum is 3
test,_s,Check sum is 2
test,`B,Check sum is B
test,J',Check sum is Q
test,?s,Check sum is R
test,8',Check sum is ?
test,io,Check sum is 8
test,h|,Check sum is D
test,t9,Check sum is M
test,76,Check sum is M
test,B),Check sum is K
test,"n,",Check sum is :
test,fv,Check sum is <
test,hH,Check sum is P
test,{},Check sum is X
test,fc,Check sum is )
test,",C",Check sum is O
test,0M,Check sum is ]
test,K*,Check sum is U
test,qX,Check sum is )
test,0~,Check sum is N
test,l`,"Check sum is ,"
test,?v,Check sum is U
test,09,Check sum is I
test,6z,Check sum is P
test,}c,Check sum is @
test,-A,Check sum is N
test,<d,Check sum is @
test,qV,Check sum is '
test,sn,Check sum is A
test,X	,Check sum is A
test,MB,Check sum is /
test,vS,Check sum is )
test,+	,Check sum is T
test,iq,Check sum is :
test,"h""",Check sum is *
test,MR,Check sum is ?
test,{3,Check sum is N
test,yW,Check sum is 0
test,fI,Check sum is O
test,vL,"Check sum is """
test,31,Check sum is D
test,~F,Check sum is $
test,Z9,Check sum is 3
test, n,Check sum is .
test,:6,Check sum is P
test,._,Check sum is -
test,^G,Check sum is E
test,"(""",Check sum is *
test,V	,Check sum is ?
test,/a,Check sum is 0
test,f&,"Check sum is ,"
test,sF,Check sum is Y
test,il,Check sum is 5
test,ih,Check sum is 1
test,{},Check sum is X
test,"3
",Check sum is ]
test,tF,Check sum is Z
test,+<,Check sum is G
test,<s,Check sum is O
test,$:,Check sum is >
test,;<,Check sum is W
test,`[,Check sum is [
test,Cu,Check sum is X
test,Ks,Check sum is ^
test,#7,Check sum is :
test,4(,Check sum is <
test,$^,"Check sum is """
test,J},Check sum is '
test,m;,Check sum is H
test,)|,Check sum is E
test,[H,Check sum is C
test,*/,Check sum is 9
test,W6,Check sum is -
test,3w,Check sum is J
test,M~,Check sum is +
test, 5,Check sum is 5
test,(c,Check sum is +
test,f],Check sum is #
test,R4,Check sum is &
test,Eg,Check sum is L
test,E*,Check sum is O
test,p;,Check sum is K
test,"""j","Check sum is ,"
test,X0,Check sum is (
test,N.,Check sum is \
test,Bb,Check sum is D
test,"%""",Check sum is '
test,*[,Check sum is %
test,"
]",Check sum is G
test,%L,Check sum is Q
test,tY,Check sum is -
test,78,Check sum is O
test,/W,Check sum is &
test,.t,Check sum is B
test,@z,Check sum is Z
test,kC,Check sum is N
test,R0,"Check sum is """
test,u*,Check sum is ?
test,E\,Check sum is A
test,;b,Check sum is =
test,2J,Check sum is \
test,~7,Check sum is U
test,Ud,Check sum is Y
test,vJ,Check sum is  
test,>.,Check sum is L
test,%2,Check sum is 7
test, D,Check sum is D
test,Nr,Check sum is  
test,{c,Check sum is >
test,`A,Check sum is A
test,fw,Check sum is =
test,{/,Check sum is J
test,&x,Check sum is >
test,W~,Check sum is 5
test,35,Check sum is H
test,B],Check sum is ?
test,{8,Check sum is S
test,J-,Check sum is W
test,(Z,"Check sum is """
test,zV,Check sum is 0
test,>[,Check sum is 9
test,S:,Check sum is -
test,a',Check sum is (
test,F8,Check sum is ^
test,=a,Check sum is >
test,D2,Check sum is V
test,L:,Check sum is &
test,XJ,Check sum is B
test,!),Check sum is *
test,@F,Check sum is &
test,H$,Check sum is L
test,{),Check sum is D
test,xo,Check sum is G
test,m\,Check sum is )
test,dx,Check sum is <
test,b>,Check sum is @
test,n),Check sum is 7
test,)c,"Check sum is ,"
test,$3,Check sum is 7
test,*G,Check sum is Q
test,yg,Check sum is @
test,J),Check sum is S
test,"},",Check sum is I
test,'],Check sum is $
test,MS,Check sum is @
test,&B,Check sum is H
test,]c,Check sum is  
test,*j,Check sum is 4
test,&D,Check sum is J
test,ZA,Check sum is ;
test,Dk,Check sum is O
test,X],Check sum is U
test,&{,Check sum is A
test,{Q,"Check sum is ,"
test,cG,Check sum is J
test,4G,Check sum is [
test,f=,Check sum is C
test,w},Check sum is T
test,DU,Check sum is 9
test,=S,Check sum is 0
test,!S,Check sum is T
test,&H,Check sum is N
test,W~,Check sum is 5
test,OU,Check sum is D
test,f_,Check sum is %
test,cs,Check sum is 6
test,;},Check sum is X
test,?n,Check sum is M
test,BR,Check sum is 4
test,1Q,"Check sum is """
test,0B,Check sum is R
test,@4,Check sum is T
test,iH,Check sum is Q
test,v8,Check sum is N
test,xE,Check sum is ]
test,gl,Check sum is 3
test,(L,Check sum is T
test,uj,Check sum is ?
test,`W,Check sum is W
test,#(,Check sum is +
test,|U,Check sum is 1
test,Pb,Check sum is R
test,3:,Check sum is M
test,&o,Check sum is 5
test,e{,Check sum is @
test,F;,Check sum is !
test,7|,Check sum is S
test,f},Check sum is C
test,5q,Check sum is F
test,d;,Check sum is ?
test,D5,Check sum is Y
test,7T,Check sum is +
test,*p,Check sum is :
test,e},Check sum is B
test,f;,Check sum is A
test,bM,Check sum is O
test,hw,Check sum is ?
test,	k,Check sum is T
test,ZW,Check sum is Q
test,i|,Check sum is E
test,PY,Check sum is I
test,7>,Check sum is U
test,iy,Check sum is B
test,Rq,Check sum is #
test,_-,"Check sum is ,"
test,E	,Check sum is .
test,/M,Check sum is \
test,lN,Check sum is Z
test,1a,Check sum is 2
test,m?,Check sum is L
test,GA,Check sum is (
test,@W,Check sum is 7
test,r},Check sum is O
test,"
o",Check sum is Y
test,<C,Check sum is _
test,)x,Check sum is A
test,17,Check sum is H
test,<b,Check sum is >
test,=3,Check sum is P
test,$O,Check sum is S
test,07,Check sum is G
test,F/,Check sum is U
test,0m,Check sum is =
test,|;,Check sum is W
test,{e,Check sum is @
test,P	,Check sum is 9
test,%u,Check sum is :
test,"5""",Check sum is 7
test,<^,Check sum is :
test,)N,Check sum is W
test,&I,Check sum is O
test,du,Check sum is 9
test,Za,Check sum is [
test,;m,Check sum is H
test,\&,"Check sum is """
test,$k,Check sum is /
test,VW,Check sum is M
test,jL,Check sum is V
test,Nw,Check sum is %
test,"""*","Check sum is ,"
test,\d,Check sum is  
test,n_,Check sum is -
test,HG,Check sum is /
test,>x,Check sum is V
test,r],Check sum is /
test,v^,Check sum is 4
test,k|,Check sum is G
test,rX,Check sum is *
test,RO,Check sum is A
test,Uo,Check sum is $
test,0o,Check sum is ?
test,8],Check sum is 5
test,4 ,Check sum is 4
test,Fm,Check sum is S
test,%',"Check sum is ,"
test,#:,Check sum is =
test,Ym,Check sum is &
test,E{,Check sum is  
test,|X,Check sum is 4
test,WZ,Check sum is Q
test,Af,Check sum is G
test,S{,Check sum is .
test,:&,Check sum is @
test,dl,Check sum is 0
test,mO,Check sum is \
test,wY,Check sum is 0
test,%*,Check sum is /
test,pf,Check sum is 6
test,_i,Check sum is (
test,SW,Check sum is J
test,2=,Check sum is O
test,^R,Check sum is P
test,*:,Check sum is D
test,3E,Check sum is X
test,-<,Check sum is I
test,F!,Check sum is G
test,+f,Check sum is 1
test,PE,Check sum is 5
test,]t,Check sum is 1
test,6F,Check sum is \
test,Ez,Check sum is _
test,}p,Check sum is M
test,L4,Check sum is  
test,&a,Check sum is '
test,hH,Check sum is P
test,Z`,Check sum is Z
test,Z%,Check sum is _
test,zP,Check sum is *
test,x7,Check sum is O
test,^|,Check sum is :
test,;=,Check sum is X
test,>1,Check sum is O
test,cQ,Check sum is T
test,t3,Check sum is G
test,^Z,Check sum is X
test,p},Check sum is M
test,u;,Check sum is P
test,aB,Check sum is C
test,$z,Check sum is >
test,1~,Check sum is O
test,!t,Check sum is 5
test,c+,Check sum is .
test,_v,Check sum is 5
test,a9,Check sum is :
test,aN,Check sum is O
test,(3,Check sum is ;
test,!t,Check sum is 5
test,w!,Check sum is 8
test,{\,Check sum is 7
test,A#,Check sum is D
test,9S,"Check sum is ,"
test,$3,Check sum is 7
test,mo,Check sum is <
test,?4,Check sum is S
test,$/,Check sum is 3
test,4@,Check sum is T
test,m-,Check sum is :
test,%%,Check sum is *
test,zt,Check sum is N
test,"""u",Check sum is 7
test,VV,Check sum is L
test,<P,"Check sum is ,"
test,<_,Check sum is ;
test,[f,Check sum is !
test,"(,",Check sum is 4
test,&6,Check sum is <
test,Sa,Check sum is T
test,>6,Check sum is T
test,zU,Check sum is /
test,6_,Check sum is 5
test,Jx,"Check sum is """
test,T ,Check sum is T
test,a@,Check sum is A
test,"$
",Check sum is N
test,B+,Check sum is M
test,",>",Check sum is J
test,P',Check sum is W
test,4X,"Check sum is ,"
test,NZ,Check sum is H
test,jG,Check sum is Q
test,}8,Check sum is U
test,	~,Check sum is '
test,a|,Check sum is =
test,0F,Check sum is V
test,X6,Check sum is .
test,k1,Check sum is <
test,so,Check sum is B
test,^1\,Check sum is K
test,r$i,Check sum is _
test,`cA,Check sum is $
test,B	3,Check sum is ^
test,"b
P",Check sum is \
test,F0:,Check sum is P
test,a}a,Check sum is _
test,02q,Check sum is 3
test,	7[,Check sum is ;
test,|a1,Check sum is .
test,gTb,Check sum is =
test,thu,Check sum is 1
test,=0&,Check sum is 3
test,q~W,Check sum is &
test,o}T,Check sum is  
test,|k;,Check sum is B
test,yCu,Check sum is Q
test,'rf,Check sum is _
test,F'I,Check sum is V
test,n)7,Check sum is .
test,A`d,Check sum is %
test,\ 7,Check sum is S
test,61n,Check sum is 5
test,;pa,"Check sum is ,"
test,-C/,Check sum is ?
test,0X8,Check sum is  
test,>%I,Check sum is L
test,_Q3,Check sum is C
test,u6Q,Check sum is \
test,pyP,Check sum is Y
test,bgC,"Check sum is ,"
test,"R9
",Check sum is 5
test,S)$,Check sum is @
test,"Eg
",Check sum is V
test,"ud,",Check sum is %
test,/BO,Check sum is  
test,[$#,Check sum is B
test,ley,Check sum is *
test,FS|,Check sum is 5
test,d^G,Check sum is )
test,mOB,Check sum is ^
test,g4\,Check sum is W
test,$Yh,Check sum is E
test,",Zz",Check sum is  
test,v|8,Check sum is J
test,-W8,Check sum is \
test,MmF,Check sum is  
test,\th,Check sum is X
test,P[ ,Check sum is +
test,<kT,Check sum is [
test,"&
i",Check sum is 9
test,kcV,Check sum is D
test,^Cb,Check sum is #
test,Q7g,Check sum is O
test,S}Y,Check sum is I
test,soT,Check sum is V
test,`m9,Check sum is &
test,z8#,Check sum is 5
test,zd},Check sum is ;
test,wpZ,Check sum is !
test,j6o,Check sum is /
test,j7A,Check sum is B
test,",p^",Check sum is Z
test,l={,Check sum is D
test,`k|,Check sum is '
test,Hug,Check sum is D
test,b3M,Check sum is B
test,"Lw,",Check sum is O
test,`i$,Check sum is M
test,"(C,",Check sum is 7
test,(6_,Check sum is ]
test,E*j,Check sum is 9
test,L)r,Check sum is G
test,{7F,Check sum is X
test,"PA,",Check sum is ]
test,db_,Check sum is E
test,"I,&",Check sum is ;
test,rN\,Check sum is <
test,XSP,Check sum is [
test,<4n,Check sum is >
test,(Tm,Check sum is I
test,z={,Check sum is R
test,lsV,Check sum is U
test,SDj,Check sum is !
test,Y\L,Check sum is !
test,+!@,"Check sum is ,"
test,w=i,Check sum is =
test,BZD,Check sum is @
test,n1Z,Check sum is Y
test,!tw,"Check sum is ,"
test,|DM,Check sum is -
test,"X<
",Check sum is >
test,\&_,Check sum is A
test,>	K,Check sum is 2
test,:mi,Check sum is 0
test,B.?,Check sum is O
test,%d{,Check sum is $
test,;_M,Check sum is G
test,A)q,Check sum is ;
test,T%O,Check sum is (
test, m@,Check sum is -
test,=c7,Check sum is 7
test,qN;,Check sum is Z
test,0%|,Check sum is 1
test,9*`,Check sum is #
test,~s	,Check sum is Z
test,.\>,Check sum is (
test,_H`,Check sum is '
test,@+	,Check sum is T
test,ipy,Check sum is 2
test,ZH	,Check sum is K
test,31l,Check sum is 0
test,z'],Check sum is ^
test,C:p,Check sum is M
test,Lr ,Check sum is >
test,N 3,Check sum is A
test,c?5,Check sum is 7
test,-~7,Check sum is B
test,AsZ,Check sum is .
test,I(z,Check sum is K
test,C0(,Check sum is ;
test,o`V,Check sum is E
test,"]
+",Check sum is 2
test,B'q,Check sum is :
test,4yY,Check sum is &
test,}n3,Check sum is >
test,z\p,Check sum is &
test,4Xf,Check sum is R
test,5j^,Check sum is ]
test,p3<,Check sum is ?
test,*`L,Check sum is 6
test,U-9,Check sum is [
test,"~W,",Check sum is !
test,~/Y,Check sum is &
test,F]6,Check sum is 9
test,El5,Check sum is F
test,pWO,Check sum is 6
test,2vq,Check sum is 9
test,;&E,Check sum is F
test,"?=""",Check sum is >
test,X2q,Check sum is [
test,o ),Check sum is X
test,l[$,Check sum is K
test,%=6,Check sum is 8
test,Mt*,Check sum is K
test,>4&,Check sum is 8
test,Fb!,Check sum is )
test,MYa,Check sum is '
test,X#1,Check sum is L
test,kY!,Check sum is E
test,Rbu,Check sum is I
test,H>S,Check sum is 9
test,gl$,Check sum is W
test,Cx ,Check sum is ;
test,NS	,Check sum is J
test,zU5,Check sum is $
test,W.D,Check sum is )
test,+2*,Check sum is '
test,;_:,Check sum is 4
test,"*""M",Check sum is 9
test,"M#
",Check sum is Z
test,N~b,Check sum is N
test,J42,Check sum is P
test,0z2,Check sum is <
test,uCY,Check sum is 1
test,Bx2,Check sum is L
test,'T/,Check sum is J
test,z(P,Check sum is R
test,E&],Check sum is (
test,38],Check sum is (
test, (i,Check sum is Q
test,z>Z,Check sum is 2
test,",7l",Check sum is /
test,O^=,Check sum is J
test,&}S,Check sum is V
test,mm9,Check sum is 3
test,B^\,Check sum is \
test,@ %,Check sum is %
test,1M[,Check sum is 9
test,w\#,Check sum is V
test,].i,Check sum is T
test,Sz{,Check sum is (
test,DjQ,Check sum is _
test,kE5,Check sum is E
test,X-',Check sum is L
test,)[p,Check sum is T
test,*	W,Check sum is *
test,S99,Check sum is %
test,+J?,Check sum is T
test,Co%,Check sum is 7
test,F:U,Check sum is 5
test,"
ax",Check sum is C
test,Q!L,Check sum is ^
test,f> ,Check sum is $
test,%{L,Check sum is L
test,IU>,Check sum is <
test,$/0,Check sum is #
test,!+X,Check sum is D
test,ol5,Check sum is 0
test,ul@,Check sum is A
test,AX:,Check sum is 3
test,8A?,Check sum is X
test,5)O,Check sum is M
test, \A,Check sum is ]
test,KDF,Check sum is 5
test,)W0,Check sum is P
test,lY3,Check sum is X
test,TXq,Check sum is =
test,Mxg,Check sum is L
test,:PG,Check sum is 1
test,lR=,Check sum is [
test,K\c,Check sum is *
test,DwC,Check sum is ^
test,n)s,Check sum is *
test,S3V,Check sum is <
test,Kco,Check sum is =
test,[$+,Check sum is J
test,rcI,Check sum is >
test,%6 ,Check sum is [
test,gMt,Check sum is H
test,S'`,Check sum is :
test,I/4,Check sum is L
test,Vd/,Check sum is I
test,pJj,Check sum is D
test,	\0,Check sum is 5
test,E+6,Check sum is F
test,h<~,Check sum is B
test,<iY,Check sum is ^
test,~ma,"Check sum is ,"
test,`?G,Check sum is F
test,`JK,Check sum is U
test,C]g,Check sum is '
test,[pz,Check sum is %
test,y(Y,Check sum is Z
test,n+R,Check sum is K
test,g'P,Check sum is >
test,	+6,Check sum is J
test,Oj@,Check sum is Y
test,!SN,"Check sum is """
test,Iu1,Check sum is O
test,-^u,Check sum is  
test,O*;,Check sum is T
test,:T|,Check sum is *
test,D\y,Check sum is 9
test,x42,Check sum is >
test,CzX,Check sum is 5
test,'3O,Check sum is I
test,$oq,Check sum is $
test,81c,"Check sum is ,"
test,-.M,Check sum is H
test,"<""z",Check sum is 8
test,aw+,Check sum is #
test,K-(,Check sum is @
test,%|i,Check sum is *
test,:kE,Check sum is J
test,.}',Check sum is 2
test,3]s,Check sum is #
test,}T[,Check sum is L
test,*Ez,Check sum is I
test,/P\,Check sum is ;
test,n|;,Check sum is E
test,L?d,Check sum is O
test,(gA,Check sum is 0
test,yml,Check sum is 2
test,nV<,Check sum is  
test,"5
w",Check sum is V
test,Ugx,Check sum is T
test,(*b,Check sum is T
test,#=O,Check sum is O
test,ols,Check sum is .
test,R-\,Check sum is ;
test,"H,;",Check sum is O
test,t3%,"Check sum is ,"
test,)<e,Check sum is *
test,XJ',Check sum is )
test,6\?,Check sum is 1
test,8- ,Check sum is %
test,!|1,Check sum is .
test,GN<,Check sum is 1
test,:;1,Check sum is F
test,0yl,Check sum is 5
test,]2i,Check sum is X
test,>u5,Check sum is H
test,Hff,Check sum is 4
test,L)K,Check sum is  
test,Dek,Check sum is 4
test,&\#,Check sum is E
test,	=s,Check sum is Y
test,"o""K",Check sum is <
test,F;k,Check sum is L
test,[(P,Check sum is 3
test,{uC,Check sum is S
test,uB6,Check sum is M
test,!=x,Check sum is 6
test,da ,Check sum is E
test,"v""h",Check sum is  
test,Rni,Check sum is I
test,<T:,Check sum is *
test,`_!,Check sum is @
test,%x_,Check sum is \
test,Ojy,Check sum is R
test,"ER
",Check sum is A
test,hS1,Check sum is L
test,k-d,Check sum is \
test,\XI,Check sum is ]
test,))M,Check sum is ?
test,qNw,Check sum is V
test,@=],Check sum is :
test,*SP,Check sum is -
test,\XA,Check sum is U
test,"H#""",Check sum is -
test,x)@,Check sum is A
test,o]Z,Check sum is F
test,u%n,Check sum is (
test,"5""}",Check sum is 4
test,	L>,Check sum is 3
test,tz},Check sum is K
test,F)[,Check sum is *
test,*~6,Check sum is >
test,mR*,Check sum is I
test,Y4),Check sum is V
test,2#l,Check sum is !
test,5@Z,Check sum is /
test,"i>""",Check sum is )
test,PKk,Check sum is &
test,.Av,Check sum is E
test,#SA,Check sum is W
test,G)e,Check sum is 5
test,oP\,Check sum is ;
test,^!5,Check sum is T
test,Y~e,Check sum is \
test,Aw.,Check sum is F
test,"1a,",Check sum is ^
test,S89,Check sum is $
test,7M7,Check sum is [
test,]`',Check sum is D
test,Y{M,Check sum is A
test,>	h,Check sum is O
test,nHL,"Check sum is """
test,&iV,Check sum is E
test,cmb,Check sum is R
test,+y=,Check sum is A
test,p%d,Check sum is Y
test,=O#,Check sum is O
test,T.L,Check sum is .
test,d4T,Check sum is L
test,mZ(,Check sum is O
test,4a ,Check sum is U
test,>\l,Check sum is &
test,~7n,Check sum is C
test,duK,Check sum is D
test,B{e,Check sum is B
test,nB_,Check sum is /
test, &@,Check sum is &
test,Mb	,Check sum is X
test,}^},Check sum is 8
test,PdL,Check sum is  
test,7e},Check sum is 9
test,5W	,Check sum is 5
test,0>B,Check sum is P
test,vn4,Check sum is 8
test,mwW,Check sum is [
test,n$<,Check sum is .
test,Uxq,Check sum is ^
test,@q@,Check sum is Q
test,E9H,Check sum is &
test,oaU,Check sum is E
test,35p,Check sum is 8
test,(!:,Check sum is #
test,SKB,Check sum is @
test,b:6,Check sum is 2
test,z\N,Check sum is D
test,J~\,Check sum is D
test,z7c,Check sum is 4
test,M3s,Check sum is S
test,_FV,Check sum is [
test,V|',Check sum is Y
test, 8),Check sum is !
test,8\|,Check sum is 0
test, e0,Check sum is U
test,5et,Check sum is .
test,eYY,Check sum is 7
test,w|E,Check sum is X
test,ZbP,"Check sum is ,"
test,73&,Check sum is 0
test,"|,s",Check sum is ;
test,$2*,Check sum is  
test,RM',Check sum is &
test,"-g""",Check sum is V
test,Ruq,Check sum is X
test,"d,q",Check sum is !
test,\Mv,Check sum is ?
test,TN',Check sum is )
test,4aB,Check sum is 7
test,ZnQ,Check sum is 9
test,"
.{",Check sum is S
test,1X`,Check sum is I
test,k#F,Check sum is 4
test,&/o,Check sum is $
test,jS&,Check sum is C
test,.7R,Check sum is W
test,J1>,Check sum is Y
test,[ul,Check sum is \
test,g6k,Check sum is (
test,0z},Check sum is G
test,X;b,Check sum is U
test,J9C,Check sum is &
test,`k>,Check sum is )
test,']s,Check sum is W
test,	ib,Check sum is 4
test,nqE,Check sum is D
test,[s5,Check sum is #
test,Q?i,Check sum is Y
test,V[S,Check sum is $
test,BOC,Check sum is 4
test,2ve,Check sum is -
test,005,Check sum is 5
test,CAp,Check sum is T
test,mtg,Check sum is (
test,+yP,Check sum is T
test,z>B,Check sum is Z
test,oIg,Check sum is ?
test,##:,Check sum is  
test,aE-,Check sum is 3
test,{%!,Check sum is !
test,2	M,Check sum is (
test,R7w,Check sum is  
test,oqf,Check sum is &
test,p#U,Check sum is H
test,"""ks",Check sum is  
test,X!7,Check sum is P
test,^;z,Check sum is 3
test,~MW,Check sum is B
test,<C<,Check sum is [
test,i<y,Check sum is >
test,[6?,Check sum is 0
test,9PF,Check sum is /
test,GPR,Check sum is I
test,&BQ,Check sum is Y
test,:$g,Check sum is %
test,$p_,Check sum is S
test,/4Q,Check sum is T
test,M@6,Check sum is #
test,YOp,Check sum is 8
test,"'
p",Check sum is A
test,a d,Check sum is E
test,t5T,Check sum is ]
test,F=2,Check sum is U
test,p4=,Check sum is A
test,vL8,Check sum is Z
test,uK+,Check sum is K
test,)<o,Check sum is 4
test,ZU:,Check sum is I
test,rj%,Check sum is !
test,:\o,Check sum is %
test,%gS,Check sum is ?
test,DDy,Check sum is !
test,wlA,Check sum is D
test,D#4,Check sum is ;
test,69Y,Check sum is (
test,:m=,Check sum is D
test,D*k,Check sum is 9
test,"b`""",Check sum is D
test,V]t,Check sum is G
test,",82",Check sum is 6
test,f=_,"Check sum is """
test,!5Q,Check sum is G
test,b*C,Check sum is /
test,lJ-,Check sum is C
test,REn,Check sum is %
test,{_L,Check sum is F
test,|(z,Check sum is >
test,ggL,Check sum is :
test,Ax>,Check sum is W
test,vcu,Check sum is .
test,':r,Check sum is 3
test,Mi<,Check sum is R
test, ]\,Check sum is 9
test,_&D,Check sum is )
test,IY#,Check sum is %
test,<o=,Check sum is H
test,'pb,Check sum is Y
test,I}K,Check sum is 1
test,_N\,Check sum is )
test,"!
+",Check sum is 6
test,;h#,Check sum is &
test,"{{""",Check sum is 8
test,%ZK,Check sum is *
test,pG<,Check sum is S
test,lPW,Check sum is 3
test, di,Check sum is M
test,EvD,Check sum is _
test,yx),Check sum is :
test,9-/,Check sum is 5
test,	fG,Check sum is V
test,an5,Check sum is $
test,"
4n",Check sum is L
test,"2
d",Check sum is @
test,)tQ,Check sum is N
test,i~',Check sum is .
test,|4,Check sum is P
test,"N>
/z4PXS2BPSde@`hWD+1g6!25mrD_/GaqYA4_VmP>0ks-}",Check sum is R
test,"^6v-[|UxA>+yDsx,GQ 
=n!cs`_UF5* ",Check sum is 6
test,}:,Check sum is W
test,F3 	oUCaC?9wqUus}>szj_WPnh7Z&(oDkJX Y7)z,Check sum is *
test,"V ^ M%FLl-Mi{II;&e:(a\CN\jje|je^h:fcmQ""4""B:",Check sum is E
test,&@1('u;HdzP> jH|kpAHlq9X=,Check sum is G
test,aMW	n2nrR;v~d&VphEI,Check sum is 5
test,"wR-$w=G<0,:A",Check sum is H
test,"\lC2IU8[2KQf@2LYf;_""Y:j^,E<=P{rby)Rka*""4C","Check sum is """
test,M_L.#92|fjS'H{dXX <&0zIPUkRr3_H|KR,Check sum is -
test,">nb'Tj@\dYPt`3:~={T!WEBV+Yr
hW!V",Check sum is R
test,"qC;
CAa!,pt^l,F{1]C)K].E3'QD0p+A",Check sum is 6
test,"
|y#""Zyy`	5wZ*xhn=m|ty%_vuwU}]e~M<`XK",Check sum is .
test,"u
2h,^s9V&}D
m
#ela3f:`",Check sum is 5
test,Ke84|;Pmyn	nU9YoAJeV4LN5X|)LE0c=,Check sum is K
test," <REL[\MD1CXV
#!n",Check sum is E
test,"1,'(Jg*u36v./4La&KoL9j<+s","Check sum is """
test,Rp9<(!uccP2`;{W,Check sum is J
test,"ML
T[Kbtb",Check sum is 5
test,"TLWd?#X	H(&0xtmhZ1Y-Co%b>FIY&at{16+""E2h_`wgUl_oDS",Check sum is A
test,"i[=l,}|K'oytM!Qu?#[Y;nrGbJpd?`umLQGIlW.2UGS]e""W",Check sum is '
test,"Y$S4;BlT,l",Check sum is 9
test,"5ct.0~
_OQnEA",Check sum is E
test,"cU6wLyV;f9j4D5I""Y/h7zT{;lbtB3`R_0;Iy3	vgzpa2[21TfH",Check sum is 2
test,"f*F^f
",Check sum is D
test,Q^rq_:Y,Check sum is $
test,1	AYs5T9MD^qvt^4-/.M7,Check sum is S
test,%YPJ`$a#?:`-Et@%>gpG,Check sum is @
test,"6I2H%6tI)k""Yd{cztX[g\.xq[h  ""aU;(+hkrxjPDE;)E",Check sum is O
test,g\3^93LP;,Check sum is 7
test,"{EF,f
14b{^","Check sum is """
test,l}(EkDwR)'\!xB)m8?&,Check sum is (
test,"t^~E^H;yDUgnZ@WT0>-aQ
nU`$(L@~b>oMF""\FT~j.`#m+F",Check sum is C
test,|a Ma1o,Check sum is +
test,"W62f)1iz=Msv=nT0Z{yN4,\?",Check sum is ;
test,"""l[-""T{",Check sum is '
test,t:Tm$Wu25^I[%#.M^yV44a	hJq~!P~}G+Dt!%/,Check sum is V
test,"	#n]S<5[7=o4]vC,	W`""n*Q:{9HMJ?[.	S/_Rx;fRR&l",Check sum is :
test,V`rPsaSrn\\@4l,Check sum is 7
test,"a6YHsU
o{FV)x"",n>-w<a?
N`u$20&rCA",Check sum is Z
test,F/=,Check sum is R
test,"o!9~!	Cs7SX:,<$%aHrB}#'_wC6\ak~a6h{]af1",Check sum is <
test,"uRvW7:/i7JC
0D@U(OB}V5R*:Rh+",Check sum is 0
test,"A2Bp:~jW]!y[a'
qkhRt6*vst|}&d^zUq`^j",Check sum is 2
test,"fEu,rh",Check sum is F
test,U$2PU$]O(\B#xv),Check sum is @
test, C	AQ4IoGZM9bG^\!d9M]P&[`~?kg$,Check sum is  
test,";2}S#!7]j`Z,#WlW;arEC",Check sum is X
test,?Xz2NIM'EY'thn[6![Bd9H,Check sum is 1
test,"""yt6;nJLrA%*;R""}3""^
RSce#T AmDO{n\~TR~Mho.:L",Check sum is S
test,"]+hSReRQ)-4V3wjX0v
	r8fFH",Check sum is  
test,"u~h-$SQ1.rdN1(P""=",Check sum is ;
test,%I*VSDB;S)-D)Tp\)7g\lz0La,Check sum is >
test,"u#4*,4#uA^$`MX%V|""@<^57F~s(/zLqY,;(*o[ d(A7gtiw|'",Check sum is X
test,kvNWHR=$)v?D(iq*J,Check sum is 9
test,"8/mcKT>Z<cY{B8Q@1t[	qoYn)w\K<gDX?|L|zz:@1mq[""5]5",Check sum is F
test,"Epj<ao:+vzN	yn-g#&p
2nf*0>J=ylT-^PSj-4Y^~",Check sum is A
test," 
|S_l]RT\t=uv48'5P>O6R5k/EK",Check sum is +
test,"j}!a[aP\|^(ni
D#R<JG{_",Check sum is 4
test,JMs}Af~gPG<9o&Kw7(6J9z-X'TlZg DfXv#BV,Check sum is (
test,".]05hi]xAJ5/Kb=?a7R4nV,L2$-)#BHqwzw-*2G.pau=",Check sum is [
test,P{3V21O(K9ft]o`-b0h&iL}'[(FkFS]HBGd<q*apZ9U_u`,Check sum is !
test,E}lPMU(EuXMB73Gb,Check sum is \
test,"K:is@fi9(/\zYz,KCW]{ImW!'M'!t\2(Nos98~;)bhQAgnjQ",Check sum is 5
test,F8aMg;'Nm,Check sum is P
test,"#
|R/ KC!$>KIno'GxVqVA`aYG5P.cpzrz9z,FNIchi%=M{2",Check sum is I
test,P({.lP]~^9)Ht8_!kZ8LB{aAHF+m8qOen4O?JPhnow]sk,Check sum is 8
test,&pc#emB?Q:0X#_)Np?OtKx/9fx5U %zEh^Nd{f~pW,Check sum is B
test,"{gp-2*qPiQP<HK	@@qh.n%m	tqzGpDJCN~-P,L&gAOf@OG9J",Check sum is 2
test,"4	HPTqCRy?2i\M,ktFv""gYfJiveayMoLx	8dVXCY%}rQdVd,",Check sum is  
test,"*9.[@\=|+;+/9jC+{Cz%`m</E,",Check sum is 8
test,"2.MhQWSQ-;RTn**DS5H""1JC\-aA:A	C_y]Q",Check sum is =
test,"!aGc1Y2""	9aA;i1577Nh8]aBz%Oq]Lq>j~Kza",Check sum is 9
test,>N&9(u?,Check sum is '
test,"OF""",Check sum is W
test,[vZGicv*hc0~$w	,Check sum is [
test,a]F'kfsGZc<).1{jo`YHN/<!OUoTiOL&!L>]*,Check sum is I
test,"
b	eiWm'*	m",Check sum is .
test,^;>a-JG|t2tY+Tf<,Check sum is &
test,"~s1FN|nuEK!d|Q6EAzI\1
R~ibRb>?E#xvFb+J""`g7Wk0jV+h",Check sum is Q
test,"L=z|Ti_""A",Check sum is ^
test,2F3l8,Check sum is /
test,"wcNzHIC\
Lh9a_^"".M1),Va",Check sum is !
test,"Tu3?JOk/VPvTd}aFZD%""DYf uwPZm W",Check sum is H
test,"$	""<}hU/O\PFk&znVd6rI",Check sum is 9
test,MoraETro8q,Check sum is R
test,">b?	
?,,7qOG-",Check sum is T
test,"4\e@1(_hd_4+dPOid9IpKw:LhNs)6k=!MI'&""Z#0",Check sum is $
test,"i<ox>BS	&m8z.s+/El1JVIiv'
wYZOh[k/[Ux>l_a",Check sum is K
test,"ss_?""2a;as9|`z;W$@?y\r;5/Dq>s!Kse%qq=C<\cG|y,
<","Check sum is ,"
test,gf5,"Check sum is """
test,Uh%bOpKhaG?[z2.<aH\eQ-0oH,Check sum is =
test,MAnB)aX81>!]V^o,Check sum is H
test,/Xv-[!|BujyTy#bScb_3B1A<	c!/9g$<{ELyrs+,Check sum is Y
test,Edn:<	;hf@UP,Check sum is $
test,aU,Check sum is V
test,".WQU]`2+l7iIIxpk]$'=yAk,;(",Check sum is /
test,"+0-tRztCraN8`pJ7(dJ37x5Hgt,H${'6VDUv}X7	",Check sum is C
test,<t3:vW+zGlg1c:ugr!6,Check sum is <
test,\k8*c;+;W&&,Check sum is 0
test,"""<gw
o5o/kS,4)0",Check sum is _
test,6m2xnuf;_T!*ii4i,Check sum is ^
test,"zmP_kJa]	>Mpxm -
C[_'R$*I}lo8N)OW0N3=08?L\_A",Check sum is @
test,}c[H0hYldm:ElnEc$V2SZ85IT$=a!)]v8^OHA}`w,Check sum is V
test,	.;O]W<Uw779cY*Q3AA,Check sum is 0
test,"ZZA((JXOt-` V?}+eIVfHEWr`\*""xg'9XR7)Q{RoW y$?O",Check sum is 4
test,"yzbJ}SvINfa,?(<p+26@_Gvc2		2arQO<XX_RRoI",Check sum is D
test,z$~a-Z;fAyaXu~<IiQM`	e,Check sum is E
test,#DAk:ofSq,Check sum is F
test,RVv0Q )tuJZl-<W%A,Check sum is '
test,V8I4^-TJzQ)Lg',"Check sum is """
test,"r]U;2U19,s/2IXOUB<>HA_B
q>Rk<	661YtO0(9;w#j",Check sum is _
test,~y:19	Y=VI,Check sum is 9
test,"cWhJZ<w>""",Check sum is 9
test,"\5C25)1!,b)$e=fo-V.:L -?""2g1 dg`/Ar]Q0","Check sum is """
test,"<""_o'l_{@Rf]qy .1<#~""cb#RzG'rj4o0{cNQM}{ykIQ)m^5:Z",Check sum is D
test,"^M-$y.
NZ`c^&8W}C_HO;+0->(#m$UejP'""U|{[mg]JT$#cP",Check sum is K
test,}q)f~aX2413k~U~V5Z\,Check sum is [
test,:XG/x^rrva-k%c$E@*B1'vo9m9'Bkd7qtgr1,Check sum is (
test,"K/j}qI3CCN&l_PX!""~Z
ucRj	DJ``vp{^4(0a[",Check sum is 2
test,A5,Check sum is V
test,Je?{z1VaFk]*+,Check sum is N
test," L&s>^Vf?FlI'B8""F
a-HJY6:b:MPs2Bi#Vdt/sL",Check sum is ;
test,d},Check sum is A
test,"ethoaz{(C6wE;O-61=P&:: ,8",Check sum is L
test,"-Ec?MXy@G&Ovkn	&6,$9?0GIwww6Nbw|%j=pEf	TYc*w-Cu",Check sum is N
test,>&52W;yhvsU6zG1\!T_>zVvH,Check sum is @
test,"|a3-Q""v&1t=H$&",Check sum is  
test,5in.850a] }}cFSH,Check sum is S
test,"M>oE	`:LN?hvw2mrqReGCmr>1sIe
g60n VlD*|qy.!sC","Check sum is """
test,"cfBA""<$^NYYoD,{{W`KUNR",Check sum is X
test,G9w*&,Check sum is '
test,Ek1gxv){/DCk58OeYZ9~'%YwF|IMUY>,Check sum is F
test,"Jv6WS^}&_M8i^,u4u7agYR5MZptl R@>oI
+EL@J",Check sum is D
test,_bbQ|J<=O;p0P ,Check sum is -
test,"B3oyN&8d8?$nB,Gw#o6Li8Z4y",Check sum is >
test,"N V]P>{x!ukDRhB)-Bvng
yH`l",Check sum is =
test,R]5D=Hck$[uG9!_R(,Check sum is I
test,"Q{4mn1\68
x|$vht_	wj]XYj~R0|1kwd ?L",Check sum is I
test,JPrP,Check sum is <
test,.vvZ8q,Check sum is =
test,cF6B9^b,Check sum is :
test,q1)'A76+5i$ENsVt!bR{iO0h,Check sum is ]
test,"-A|%${X:	9{r;""EF5:9T0lo",Check sum is >
test,aT2M}jcnaqC$S*CHeu{:8P<]4-}qK1h[h,Check sum is 3
test,"!R/WvtC+S:&[""a+xg&",Check sum is 2
test,"eL,[hD!@7JEkQ{zHXUmgaop%>\&$FXFtw#H)@b",Check sum is 3
test,"W)?)#0^;<,W%nU'~];I*(12V;Mmt<*&F",Check sum is '
test,"X<$J=:U,q""3@RMB&a@e*dn 1euwo$9nDN`",Check sum is 7
test,&HHV}vi4NbbV4y_)>>,Check sum is U
test,"l""K=e2c?@,B*/u""	<PX8^_\t+cN><sr-*Bl'/l3@fO%DU[,Ii",Check sum is  
test,Bvr]FYUZQ,Check sum is F
test,wi6(O./OHH4e]#<=[_LoH|p!i{\ECK	idx,Check sum is &
test,7nI(@(<0;,Check sum is E
test,"JpS3	lBLP@R$;F]
{_~: PFsn9RZz'_3cL=wWmA)}G>6#",Check sum is >
test,	2{||P*~Px7 E0'ZCgp0]VBvw8z%Hn7dtoTWW9]'DD&b+k6,Check sum is -
test,"d#7Q,s",Check sum is N
test,s4}au	0%6M[~k|n<,Check sum is %
test,Pf,Check sum is V
test,X'1D7/w0-s1e\O2|i_(rcddMAM$|Z@e%@[0`//v4v]B`+JW,Check sum is P
test,y1,Check sum is J
test,"Wt\=y7|[
5KAxNR&5e$EA]!WQ",Check sum is >
test,")2F,9).Tt|i;'C%w!XZyS#P",Check sum is =
test,H5Y'Pb!4\fz?<?8{u[qjX'qY-d]uvuY&}.I!ih]S:rn5,Check sum is 3
test,"]x5mDcwp<or_3z"":UoVQU&+L\mD",Check sum is T
test,As#rAG_)%0J,Check sum is X
test,tyK xWj~;SX6,Check sum is K
test,x6}H^B5Vh~,Check sum is $
test,"+Jbg~hpy*CY{{Drg%@I*lkUXiV5}Xe,kF>dK",Check sum is Z
test,",Q?""vh_	",Check sum is D
test,Sw^cx_ohwvpvd,Check sum is P
test,"2'<M89U""|""PX C'EFH@=!><rK2ztzRQ",Check sum is _
test,"q,2uVIuZUp:
CyDg2o",Check sum is #
test,}h2<;p8U4(Wg*@1@sc=oqW}L+:0r[\`8rzz/ViSgSW}?t^,Check sum is O
test,>Q=^[CG@*)aOQ%?|FNw*^}]16Muc,Check sum is \
test,"6}?`0""yb:)P>](-'f",Check sum is O
test,"@A	r;;5YBU:+-,dc#N SxzKLC_$KJ hW	;sE
LbZ",Check sum is 1
test,@YS p~=SdjmD7~yCFA:#y>,Check sum is 5
test,i_I*h;~J8!2~y6_ i0$,Check sum is :
test,",_$H'	D'A*.""&LS.CW+)hR0E^",Check sum is [
test,n.9FnU53w	xD}nJRFQ,Check sum is @
test,e:&}+e#KbFEh<(~fkKB)#Dsm(fUpmyNkv_z8?C{,Check sum is [
test,~'-OwCl;0{F',Check sum is :
test,"""l&XDYEm.Em[bssb""H57_[` v3v{gnl:xw#14FI/6j:5xB^",Check sum is !
test,"Fy6Q*=>yN_D ?.D<AoY=Z[uA2
VJ/3`u01k'7MP>p5B",Check sum is 2
test,"lutHua?'h>,IziP
JBIvZ[{>*.^Jb3qKns",Check sum is <
test,",\};)Y`M>|Q-@R&7xe.`N;
>of",Check sum is G
test,"Q$=.faN
TT*I[#@GExTrlOK",Check sum is H
test,"9{jT2"":TtV1=""[#u3i06)U
6S?8P)XJ!`W@iwv%\GVGn@]i",Check sum is -
test,"!g7	,9.*%pp=,A&,.*g0Zv|&,hD-U4AH{
$6c",Check sum is  
test,|RA!K Fbf`[0\!/.,Check sum is N
test,QZm1BPIu2,Check sum is +
test,"I ? ""R(>8Kb3SX_4""c'd@If",Check sum is W
test,"UEH""+j!U<WN~a`0MgK {:$0M_EBH6&lZ-\p-,1Ud",Check sum is @
test,kB,Check sum is M
test,N^@wb->?8b6$.KXq3@Y:vM/&(-I#F sO,Check sum is L
test,"$&I?sqYBcF[Ud*\6wg8WK
90T2kByg1",Check sum is Y
test,"qF}S*qQFB3PUF'KZ#q!7G""=IXj L{e",Check sum is .
test,"Xm	@Nq_su&%oJ6
+P<vvph&KDRq~Y
",Check sum is L
test,"""R*_!@*nd|cXJC{AnPjbuja!2.0?1D",Check sum is )
test,"EF1GNjzf"":cT",Check sum is N
test,"{l xrJH42Y-hT(R\635^M3}I{k
:sx}{xh\","Check sum is ,"
test,"Rb[<D5L,",Check sum is \
test,"
fq!q9}ETQAX/e,HZ1D770a_z9)+[",Check sum is #
test,Rp6&5'9m]ftrzOs,Check sum is %
test,_z#O%|,Check sum is L
test,"tq
a	+wH""$$3",Check sum is @
test,"B8xq%8$0UQTO*u	@~^l)W`-s7rar
HE ",Check sum is  
test,[WzJbaL_mVtK5%gVo{GPMDG+unQ))8#t/b_!B,Check sum is I
test,"U%x%Pxb-YPqAPX1
x#s_Yx
q^%|PN!|7eg4HN;^Oe",Check sum is Y
test, >i6eeL,Check sum is 3
test,"K69~18y*FR)zR""]?k(C",Check sum is E
test,x4Dlj~5@~0	?}l$MTGEG!%Df:Ik>zi,Check sum is O
test,'Yk4fv-y	6TBggtwf0,Check sum is %
test,",6 Q?8jQM6l1E1`",Check sum is [
test,~@,Check sum is ^
test,iX,Check sum is !
test,"^+2WrjdG:dr>0Lt:m|(q(CP'""LKW%nZBy|zBR I&;z6ZW{",Check sum is =
test,"j\Z{x\M]?oIFA^g[qtx;ZNe	2+go8""",Check sum is R
test,ekat54!,Check sum is O
test,K;Gd	o?K0b*t'&GxvfRhHO1FSn,Check sum is 4
test,"o@rk*y-!f)""ygcXJxD""2Unof.'dqxAY0kK $(}4",Check sum is Z
test,Gp\==vJcGp6QGtQI}Qny}I$m!&yG$`8`;rXX,Check sum is /
test,MoJjK T}Ii'$9fVldb^fpwosw!)D-mQ/Z7#%mde[FRRIA3V}z,Check sum is :
test,*?_'Wjb69Fk1WN(2bW>n?0F__HI*;EL~,Check sum is _
test,"Dgf
FpnOP*""5e3XY""0P@qQ[$""uF 3w--
#}`Hh	HP{;g<3XX",Check sum is C
test,ndm/+{P/|&Yp3n05&(XtO4D{D~{,Check sum is =
test,eZ71Z	}/s?'VJ?=[HM>-})L5X7V[YzYB3[,Check sum is I
test,\) cnf]_s!$ 48)/)~LgF7`JtQG8tI[ya15Op,Check sum is 0
test,6X&2snyk.xQYEJV15Vx2lOV+ph_uWdp9Kt4S{#ks1IIK,Check sum is B
test,=h{7yC'IWy!g3WrREs6	39OmIYTIkPU}m*i)kj,Check sum is 2
test,"(L;=9&l`L^.aHLb;+{Dl,T",Check sum is 7
test,*]`4bGCXUu'=4'#HX$]/i8cXWB\,Check sum is L
test,".~&GQI57,JeaHwa\>D+I",Check sum is -
test,Xl8<^='Umh:hEh2kh_1B#zq<tElat7V`1]i},Check sum is O
test," _:sO)#
{ <~no8[Eb",Check sum is ]
test,"w=ysnAK+vjokOA(X/G]zHU*1q@+G\$s'65a&O
o",Check sum is +
test,Bu	e!a^%KkeXh|@NaWW]Q;@auY?e$~`DG8p=),Check sum is U
test,40eL<X[7nsY}p:vj47dC~Mr1^{fU;:n]ei5j//~m ,Check sum is F
test,u	w:!,Check sum is 0
test,"zDtlf""2
	}C.P",Check sum is I
test,"4A$0do{n""o]$<IC\~T1",Check sum is ^
test,"DC
O%Ft)I*DVi<fxWQvqB;<Mro yEB^y`UV7a@LN""_`= +",Check sum is +
test,%3L8+0Lv%{S,Check sum is L
test,",R=rct.)&ZytdpZ3GrYBo7D_A?nJWx!t0CO(4UnL",Check sum is /
test,"VgHMEEHT[8).i2>5pqaS6%
5aRf(l	TPqV!s1y
N/-o8O~$L3""",Check sum is K
test,"
|U5]Xj#9Y7H8",Check sum is ;
test,Q_]A/v+|-9iyIN	W;mwXr._|p'[w,Check sum is T
test,"F]
MgzTI0""N>Zl g3%[U|+@B$F a =_",Check sum is [
test,?o=w,Check sum is B
test,"TjL,#6U0Ju2R2C
uzm'qZ7\sk",Check sum is 5
test,"
<9R8`3cW6
d;V;m.JgaH/&b$WQ
|""9]czeo*]HYr3j",Check sum is D
test,"L|S94#l
YfM1?C0{{6#",Check sum is ?
test,2sr3/0	,Check sum is R
test,/tc/q?kk^,Check sum is 9
test,"4( ~i/YVKg4Tm3qbYqO!K
KW_qE	cHd=@r&aBJ<Ol!;",Check sum is A
test,"6uVjGR,>i7|o8Tn#!>S#>zw7Q:KP~~>(6E+;8W",Check sum is )
test,PD&`Abw]$*!cI:&uz5m/,"Check sum is ,"
test,0HdT,Check sum is P
test,i.g/[	MPj h,Check sum is @
test,"$Ih^O3<#-o7DdE[12Fa2YZ:LMw	cd'`l@SX`Tpk$c	 "" vY",Check sum is F
test,"U,
8R[~ n[~Kquh@62tLy##R
H;sv+#*2NDT9E",Check sum is K
test,"""cOR}`'+% C|vW(o!Hx$k?bH\Z%x6?85AR;!\M|PvN14Y.",Check sum is ?
test,"}(P;T3w&t&CU!"".dXNK|e""z(>Xh	#kdpW6dguS{Yj
I",Check sum is +
test,? t^mm&x & %pP5wFA @2:ZdYFs[8|!UR5,Check sum is /
test,/HdbW,Check sum is 4
test,T]<]iw&&>d8Je~{dG[|X:Q6`=R,"Check sum is """
test,c\;2G(M 2L#~=oD',Check sum is ^
test,p[,Check sum is +
test,W2w{W,Check sum is 2
test,"i""tnnkgqNbJc#",Check sum is >
test,8.J	=G.H;TD<K1dC;~J>{].$t5C{P82@pS]\J 7iFi~y-(,Check sum is R
test,"Y#,@om7]yor",Check sum is R
test,"5+|$\&`qOTe]
""j5gQd8h}<!	 ([4)p+h8K	+$DK",Check sum is /
test,"!Kk!A}mi{}*[!t%j(>A&pUl,""J~cNv4Vau@A<<O{IR9A>>^",Check sum is Z
test,xPVIX_H{vFyD8[%!Ebe,Check sum is _
test,"Ibxz2NNM6(h v2.:7):SF,z",Check sum is '
test,"Bw3cDEy]b]Yqz6IL<.e^Ruz1*C50{`GV9R3XLSl!!gDvKb""Ub",Check sum is O
test,B!+yJ%,Check sum is V
test,"""^Ql",Check sum is ]
test,"""6hRjQ4jHm1424|HNL|GM>8vi3_G
m2'<:FjdvEt(2",Check sum is J
test,"Z;;;g
#D1uucpnQ",Check sum is 0
test,"MI\lLdb0Sc ~NpD[(|Uekx,-@^;=W^F7Vyhrncoh",Check sum is $
test,"SK&<nbHn.s&ObHdVznwL*nD),9sx97a8.j3",Check sum is 4
test," 54ZjVcz
'""
;*$X;x2
:<@p$qZ|ms",Check sum is >
test,t!`$Qok-WK'[lbyFL>,Check sum is L
test,2$kZ-B<Fq)j}O[S6<.e/c cd'}LE	2v?=\(3D\ww@miaAL}?M,Check sum is \
test,"-|.?j$]8Dk4<W0H7UY+l%$pp5w>m=&NEky8 6}\
g@QP%M",Check sum is H
test,"DrN-9""R{t+b1",Check sum is +
test,"9""a,S0'RN	dI",Check sum is H
test,7bMV`q60VW6^E_c%_d6-zQ)_ayi[>+~tV#Qv,Check sum is 2
test,"V1\zhQw~NiH/""S2x>&%)V;Eb6& YSTAMQY]R2",Check sum is 7
test,"k}8JN4%,Z>?B2D$cBQ+8[wu^pQT&_4W7B'""M",Check sum is B
test,"p""S3+H78&GV;osZ",Check sum is T
test,"Rl""0+`dWOsLOi2-VX*q[_xf]!h^WyN9JB#LJG,@7_tPU",Check sum is >
test,IpLbp,Check sum is 7
test,o%_|1`(|z<:)BFOFAL5q;)[{`d8f(vRL!PLltjak,Check sum is X
test,ODM\L'*[	dYV*EX35S[,Check sum is M
test,"k}\wV?[@9 Nze521#	`9P%C/yz
((rAE&",Check sum is @
test,_L3l]n@		>8K+a<W6A%LVZ#CoQ[Bl;69{W,Check sum is *
test,;-@|{WoVal}`_DB6S}CE@)8,Check sum is Y
test,"H$nf3s^?Ok;	m0b40Gn0}:1N`2d]'^Qsy%Q#\""_#!}",Check sum is +
test,"BBEAFy_CY(vplF?4r@<ie]UX,mttE",Check sum is #
test,"7E_(vV,F]x4 'pXPeJ
-|{TL0Y1hLH;oEnw0MZ*\,r",Check sum is K
test,Z@,Check sum is :
test,WbDsklA/a4E^%p@?Z|1%<S&p2>=HuCuOIFnjup=w#XcqAR[],Check sum is ?
test,6yx>#j<d\d^Ml5>+xShKBd=gU%Sm*_79->&tKC),Check sum is ^
test,!>_+|rKll<_8D0hNK$Me)JA`y!&<p{n6##\7,Check sum is 0
test,"hgT>	{7a(4`E%J""*ppsqt vy!^qm']0zU.0)_8",Check sum is ^
test,".sf
}",Check sum is .
test,ScC0Qk~?&T0$u6[7{@6%~&(CN{k@l,Check sum is R
test,/B.jx&Tle!r{$&wS$A+,Check sum is ^
test,"E
ijUEoii0z#^xX#Z
qL\Ry/es""c{",Check sum is J
test,"y!hZslV0.@ql{:$
SxoV8$B(!W'-B!V eZVnv0",Check sum is 3
test,"0oh5*U
flC9~h+BNqLEYwGW0a__)CI",Check sum is H
test,"m9OX#dCS;y^[2hsHol2wh9 D'v
HD(O<7\92['Kh*>2E5c
jX",Check sum is 1
test,"`
:Dfuj\VNW",Check sum is $
test,&-N{1(}!> T]>%C20fEC*$^I{~\\-_3$`,Check sum is !
test,"3DSN#Q5c,N2$E1~ou6QUSv""BW3e2fVb=jEf{fe#0u",Check sum is T
test,|r`ImF%%f/U%0u#etWC9gbVTV^Ve?AL.&Z{`,Check sum is .
test,"H)0ka5,?w=r@""& *=7&\%'	vJ09AQR5&I]+Zq4kuGXHC*",Check sum is \
test,"H0*1jnl4U*oVM!pQn(QQBtYs(!p^E-$zW@2%40Xz[,w&Iw.",Check sum is 5
test,"DZn>-km=""M}X/J+iI|R",Check sum is T
test,"i wpugA;~Pj~k$XbQ2WN7i""99mt",Check sum is $
test,b\&TwmrA[>T#_i?/|szEcs=Q.^	`'\2yuT&-\MeM K`,"Check sum is ,"
test,"Sn(-""`\&kA^Pci/b5C{F",Check sum is *
test,@-J/u,Check sum is ;
test,",t)",Check sum is )
test,`$ `LRBbf,Check sum is L
test,PqR7_!^'5R,Check sum is 6
test,210,Check sum is 3
test,"e]iWA2i>w0u7]
",Check sum is 6
test,"$Fx@Y^0vaYB{7bC	i'xPP!B
J_l",Check sum is %
test,"oaZr_y,T, nB5Ik""X&378`4PAX",Check sum is 8
test,k\`@dY?cm-$Z!T_,Check sum is R
test,c:<mKRG'Y!T0';<YU]SS~(Va-,Check sum is H
test,"OVS2Q oO-&X(Wj3#5.5""h
|4 ;'GtQNBY^]n=Dpd0JW",Check sum is E
test,w\	FI)E`7J,Check sum is Z
test,j-lvIH$a\i]d#MRH,Check sum is ?
test,O_n	>B9u~,Check sum is 1
test,"HhvsY^hvs/M[fvA""KC",Check sum is %
test,XA?3;A5>:S+UDi]0,Check sum is !
test,"	r0""$",Check sum is Q
test,"/5Zx1J@P=c~s,T_'v8SRK];?z:!Zn9?fj=r^Qp&xT&OoZ",Check sum is P
test,D[P#~1_Zrl2Gb0eP`kp\}pxE}_$:}A]>nt,Check sum is .
test,"A -[7/""bJ)DQJ>bxpk\jk,)4S'Y%M5","Check sum is ,"
test,h@D>vB:M_R*6\g,Check sum is ]
test,d9/,"Check sum is ,"
test,"NFfTG,geKuP	oedS.uDF~yW?Db~=q8%6sefKcBQlQ","Check sum is ,"
test,"A
$|A1uw6qov""~Jyf%`qgDs.|KaT%|F}&bg",Check sum is O
test,6px~J(GS. {Jgl7 u@Lv@\+Kv~'V +,Check sum is J
test,?5c(?v=|?Y.2nhEsI9,Check sum is U
test,"b?av^h~>"":kDB[\rI",Check sum is Y
test,|U{qTU[*o)WH=1Nc?m#>i5LxRzF92b-)-u%._3JR,Check sum is (
test,",]",Check sum is )
test,k\R5=V4c)p,Check sum is 1
test,:}E$,Check sum is @
test,-~fa-pti`oZl,Check sum is !
test,-]^.DXssKmqvP74B*QLPI{gTySR*GnvhQ5cgw|,Check sum is H
test,{p;Pw,Check sum is M
test,"ql`#,yBN>{hmk1,;WZpl 9O_l#$|f8Aj\",Check sum is .
test,.y/a?Sr4:}g1QSuTza/bzda,Check sum is 6
test,p93l'N4>{/9`JIPs~^P' GXq5e35C([VDL<p;Ie:0=nM2P\@C,Check sum is 1
test,"m=m#vTT
Ja^Z>;j4i[uEp8);[Q1`",Check sum is C
test,"dA~Hr]z{asJ [/ 2)Tq:qPy(FYrf161
U1:&S'n",Check sum is Z
test,1R2i_?W;iYaV|,Check sum is #
test,"L[d;N$cvVC5u^#r
",Check sum is 1
test,"[V)bX=d4J`6)B
[2*KNN *UT/AG",Check sum is &
test,"5FDt-:-K,!CHohC2HN);!
$0{#p",Check sum is ]
test,"}4D5
eW(P5]=yCA7n\u",Check sum is J
test,^x8,Check sum is .
test,M6;hPYl7)&n',Check sum is 6
test,"eP=|FKqiEkLy""dHaMpbJ@@!#aFLHst+|mB07qfvS",Check sum is I
test,"<z{l2@PcuGq,-|xS2GC[u	^)""5yE",Check sum is  
test,"?|0&A!()WZx1faS
grV",Check sum is Q
test,aCU:eZz,Check sum is L
test,")) 9xs4(AoeW/I%lHHjO#b(vk"";|DBTn^l[XEHo$H6J",Check sum is $
test,"n)""!hYwi;{3,T6=Q0804;G/(5#l{YWa9>?",Check sum is 3
test,"j VD:
&;SS813vDA*6Hsp0(:qkF?Y!FM8a",Check sum is J
test,"xGb_.e3
S)U*Ul&1A_]^ms4d)m:\z)H""=T",Check sum is  
test,"(V_O+^D.tD
H#Y?",Check sum is L
test,H9(c!HT?)'uk36Rv@ObP7.,Check sum is /
test,_z-n?RUh,"Check sum is """
test,(v`W%w.<OeA~[PFcq5ZSu?O.@:H1DLJ3_LncvwQiTJc%]8R\m,Check sum is ?
test,>=W~\(9o,Check sum is \
test,"JUnF9$nfZ0,MHGYy",Check sum is H
test,"aAt X4TlWf7eKikmXPgl_ac]g[^aKD90j6LQP,RU]",Check sum is 8
test,KlIccNVT{%Pk'Z3!`[a&zPR'X~V2lOLocn,Check sum is 8
test,"pv&zPlb7-YEx!Eoh' w%iK""?NH3o$N/.pY=2#Fc",Check sum is >
test,"1'-8ADi|Ba*,A3ytOl""a\?#R",Check sum is /
test,.5yH=y@ZQ`z|(=M?qn|u$3OYFse6%N+,Check sum is -
test,"rCZJ#i""
VD!)Xbp=2q$W1R:\ExIrHfgg?|*",Check sum is L
test,"Itz^(A76aCyyV5,<by;2Fo)m]mAGpF",Check sum is /
test,N0sH(.Vh/~,Check sum is Z
test,X0+R?w9;>G,Check sum is T
test,"NTmE3= B;]bHGG-VwEh5q9;3""IkK`]XuA",Check sum is 6
test,nP[$,Check sum is ]
test,KAw:axL?D,Check sum is E
test,5Ch71P67G6dhwL>H BzHqQDUM.z8X1,"Check sum is ,"
test,"TKg]>[lFZmfn)4ko""auo+	oj>h]/e]Wi",Check sum is H
test,"cl,WJ4:-p)\]#Sf{Up
7PR4",Check sum is \
test,pT-OLY^P5x4o'-dZus&S[=IDb=\]I!?0!PrWqgL.,Check sum is X
test,1/|pw,Check sum is #
test,a@I,Check sum is J
test,"&%ox8U
+')!Nt(",Check sum is /
test,"Y5Gl@O	a$y(`?Y_1'k68:zEM_	`c@1w@
P3OMdNVe2KRLj^)S",Check sum is 5
test,"fV_eSX{84JCaXgc*&CsN#
q?-=QfZ]>c~-ti",Check sum is 4
test,"74sj~H[8Sk8k~5(9~,Jj",Check sum is T
test,"""%3]eu+_j@*#.t?K'n3V7!",Check sum is 4
test,"9Ke%ldi.BmuFcf{v
$WWq*	)[E?Ai+F_Ofp].7n|ZiA_O[:f<A",Check sum is 6
test,PY/q;\7gk-x5_``Pb ;3M	.5,Check sum is ;
test,"m""7u/q~wsMr_$|F",Check sum is '
test,"&yodt{^]S+qA@p5T q6#zN1,f<Q&[FO'%&b+275",Check sum is Z
test,|5f{Lx!_Pvr9k,Check sum is R
test,mDI,Check sum is Z
test,"^~p i)]jh:Vw5
Ze,
*s0JN$Auxs n^CzTPG,Pdb!V",Check sum is ?
test,"fjfU:h|tVw
W<'xu|-}vpTQD/n^j73;=""1#>KM,",Check sum is /
test,p2G,Check sum is I
test,HA-fmr<WlX]96r)yECb.z{[5k7i,Check sum is :
test,~`%z	*gP:ZCBhi*jK	F};Kb.U|H=n,Check sum is 6
test,5EnXC]co=>,Check sum is M
test,"xWE8s+jf'VKG	wv~x\a.}2:wS >xt4-3 q&eclE,(hiS	/",Check sum is 1
test,"~GdF)m<,bPWkB|8f&; v0s__'{WZD7@h'ri",Check sum is -
test,\_(e7vCP7v/;;%2NNFSin/tY</syfa@2wt{m/TdiVD-BToVB>W,Check sum is E
test,Zt%Tf/l>_PH)+hV7{Hb}JrhZIK6L(AgC\v5Jd{C/b<)_LX_,Check sum is :
test,!cp_zh_-;Fui236NW6zUS_T,Check sum is K
test,"sI,[q.%pZfH:EEZXz7{&u2/y}yH}Nr>(WV/MK<i$GC^ssu",Check sum is W
test,"&rE6RQvzVc~I#ShygU7K_H)OiT'r@G""kaL5`1",Check sum is W
test,4nDl3DhH,Check sum is Y
test,"%#9y_J?][gwgWsFBk!?""n#'7^Z7}<uE",Check sum is O
test,kp| u,Check sum is L
test,>jF#	}Czp,Check sum is $
test,"oj+Og""bTH*YE/DARfs]
@~(7q4oaC`0[3godVDzb(Kn9",Check sum is E
test,"@Hx`7
nZAF|d+C1^]f'I;UO}b,,`?b%",Check sum is \
test,Wgya{6=H{C'y	gW1qO%dY]T{?y@J8|85HmJhH,Check sum is $
test,y#Jn}?d-2H|$8x\g07,Check sum is 5
test,p\CW h'>$3tYT1tZ,Check sum is *
test,",?Dz2$~CwcVO1(aGW\:k$JwQ",Check sum is .
test,"en4 I6QW`9YIH&nUh!.,yF",Check sum is <
test,"/]RNj1iV=
tjY]3#x+4_Qlhf7UYr}vbk.zBH;QFV+(qwKc",Check sum is 2
test,MET9l,Check sum is +
test,"O<Pg""
/H*<NGz*2;=hCx0P1'ri>9oOL}/""2q72U",Check sum is T
test,9F'[`<*v4XmKk+\0(uo+bgxByI_],Check sum is ;
test,YS#c5;[|xCJg:L%qlq$(05->w[:+b]*dq&Ss,Check sum is ;
test,">\i(=UQ~zF	:SY?cfKC""uWh_y",Check sum is _
test,`nTjy\zzdD,Check sum is ]
test,*4E*VA|,Check sum is @
test,"0|""ob 
<X\@1<O{NF`&"" iy@+|Yc57?CI_H8Ou/-.x.",Check sum is ;
test,"^GIG{0*(4@q/hj};z//-1
M1NPBDg1	/SOk",Check sum is /
test,"s""lToJcyB.]![.pZfr=R;,xm~m!Skd2K`K58	[ex",Check sum is B
test,"2A`*9!NUvxL5z8&,Fc-
ry.R9r<(m+1q2K",Check sum is ^
test,"XmS@""HDXq",Check sum is /
test,"KqIK/p.u=1tUI09@sXF,$m",Check sum is )
test,"x:L9&z08.#pmPms+LRv@i_""(C1m6m",Check sum is R
test,"8W\3Qvsv[Bcf^JD
fN
6NUwt9%417pm""  DU}L",Check sum is '
test,?v	;'PG1KV	lWiSjdLqj8	PH^H_ Zi5/N$yipChQ8f,Check sum is )
test,Uu\u~+I,Check sum is -
test,"Wt\<61;^C+5_g""AkW`",Check sum is 1
test,"#,_[,D 9
}*0'*reA@tn""4C
)RZS)-'Ye>D",Check sum is &
test,OwM4!W.)[7&7CtRz}r>0@tiBXC* &YkQrh=3RsRzavP|;j,Check sum is '
test,"g/_yQ""IG}[>`""=

pmUuM{",Check sum is )
test,"OF[ .IY|^x<&v0i(]q4NFb!tY1ilO'6B_6
@F8) 5pD)&C",Check sum is &
test,ALR2A#j$gV32*AQ6OutD,Check sum is 3
test,BIDZee+?Li_D6|F?_}d4,Check sum is @
test,|d+k:(1w{V!AD:4GU9AR%bS{#D%:iNwC-K,Check sum is 1
test,"(C}	a\A!
uV?,::K\|BU",Check sum is ^
test,=|y@3U~XtHB,Check sum is .
test,"J^h)V8/fLmmoH7&7WBBJWz^L|lSb{ah>PIczb	""mMl",Check sum is U
test,2Iln<B'TA$3Ymf>3xCEW8,Check sum is 2
test,"C|x.p8Eb69x]cn6K*Jg<AR""/5M']h
9",Check sum is V
test," 5(T[6{$
q.`&N1,*r#rM`1q@'dN&.S~qbY9)d",Check sum is +
test,+P>,Check sum is Y
test,4rSTHk'![@Q.pbjDJkk#m@p,"Check sum is """
test,nykN,Check sum is @
test,"**so?\J(.8m#s~t0H5Y`W\K
5|{w8p",Check sum is 7
test,"CA8Z u3*TA32&1(,~w\Rz&%PDD!2+[4M@
=S.3|",Check sum is ^
test,ed7-ihJl{|LSX0wnNm%Pl7K;hKP,Check sum is 3
test,jRHeOUuurB@$Y]oZSawEV_R3Gs[-A;m7dLIwv2ej0Rn3%,Check sum is )
test,HxWy^]4AiK931mZjYc2h`W#H#j]MBOSld	8,Check sum is F
test,"	ke"";Ap",Check sum is G
test,FY-MXs(C*!7{p=ci.{ eA^qX>GwjFqy+L#OQNK%H3Px-rJGXXW,Check sum is C
test,fwhzwU_aQSxi1,Check sum is !
test,"g@f3-QyJV1#4R$ *]:
b[Q1kh1'jL5Pl",Check sum is 1
test,"Rcjmp'dUEa.Vj1ACw#""*
O#atK>6}BgnsYK</ys%;Vvb",Check sum is K
test,"wap_,7'8:EPx""2&%",Check sum is /
test,F1N&,Check sum is K
test,Cuip:MBq:|J?QFmcL6p-am|tn<GGo(s0PZc,Check sum is -
test,@Fpx,Check sum is N
test,"}=W;2[""lxzZw(M)|FFuMT.7Pcp+xJd:%mQt]=_8\deuR0",Check sum is =
test,"?:RP_&Nu_bX
8<R?/bFm`,z=qisv",Check sum is 5
test,"""U=k/0;NkHa0<k2	
#B#S",Check sum is 2
test,51'pQ&foo,Check sum is X
test,"X}^=5)^}i01upzC
8""r;70g9bsdj@3q""HpMxD[QeI
)1_v&:UD",Check sum is C
test,9xN\.r~s[3mn!6=%UQUN<B,Check sum is 5
test,"D-""m3tgXrcXSky,Yo""`yfwF5:",Check sum is +
test,"q*pE-S|C[:yLP,[UqR",Check sum is 8
test,"
I.Os@uBe
Pic?aL|me+{$xCR5UXA?R?Lt$?uh",Check sum is )
test,"]Bf<""fn3RQ",Check sum is -
test,`?|AU3C	$znkaoCdStV5%^,Check sum is S
test,AxGi=-4WlDe!4IU~t&EA-;,Check sum is L
test,"@w)*l7@B<=Zb""X/i:
x^^QX",Check sum is 7
test,"^qUl/})AeH=KBc~jYa""e}r,5(Oa&TrQ[",Check sum is I
test,XErw;k\#Vtn;v>Amk:t?}[`G<8LQWJ(M,Check sum is ^
test,v~|d[|Cn,Check sum is <
test,"'H6=HoX9Qyu\wd$.}1ur5$,","Check sum is ,"
test,6S}hEnI,Check sum is J
test,^RXOZpt<LqQkae7'.GX2{ s#mOb|hOC1^-{,Check sum is I
test,"igP'_EW4>RXg;U9Cur-Qez	27du\9*0(AqJn
hJjv,>*mbF7k)",Check sum is Q
test,6Al?tV9QlMY'FE,Check sum is Z
test,Q+MpD8-TNpC=tvX%^i|<EuT:]C,"Check sum is """
test,"bq<MU%(1B,mt}+\UfL.hrm/	A{Gr/:S	&F[RA.CUplUtUCfx #",Check sum is N
test,S%aji-]Qs,Check sum is Z
test,U\@D[X4qFMgVJX9,Check sum is X
test,"0GLe'TeP7VE+z	C$""%)ZB+aLrP]#CQ!4=#5J?fI2K\k{*b%][~",Check sum is !
test,FC&jrr_1HL+4^~6p ,Check sum is B
test,"cM'_""zbTEmxsBT7Dw/#s,c,*y{r4JRRl|",Check sum is '
test,"<#.^~^WIy!{\T?),;u}>r",Check sum is =
test,"#Jk0[lavg.{mUe\	JB6UwT%Q2&w$PLsy#S@B'V:MQfdOs"";q;u",Check sum is L
test,"h?IGNy)j %#wPUTyb3<S>6.Jeonv?""J]c-8;\
On@BO?5",Check sum is =
test,"ZNBASOQ2*aZi|2#X|M-sT3A^'Q,*smadmvI3W",Check sum is _
test,QDWGQ\BZ3s8IA#$SCSn z?k=lxR-/9c,Check sum is Q
test,"HhG46|]9|s%E&6/#@{m}tob6a:o
Q,<im9m.	0}'",Check sum is N
test,b'-D.0>J+5@*J.9CjE*>W~*u=z,Check sum is @
test,Mj/Q#.uemG'?>{2usi\bw*y'<va'2(8I;6MU]l]&7,Check sum is B
test,"6yPwgSe7la-	<3rl[+
lq*
iY;BSU`pz?NZY7<nTrIa",Check sum is _
test,7-t42B`DYu@E{	MQ<P;#+YM$ 9Ar>,"Check sum is """
test,"L&O$B%""^}vs..F{v=lce3 x8*^`QF0cpu]BYo@d%6",Check sum is 6
test,":.0u4i[Qi9l&""fk4BgP1%YKPVzNH0S,v9cg,cn5'
IYE)",Check sum is U
test,"e{*o""%3ANZE5(/\(71:?Sofgp",Check sum is 1
test,"c:D1WgW
y.d`F54$(T>!E""g@",Check sum is 8
test,"`&-ouA?V)RMS:L#+M(52Tl4dy:
[[i.Dz#CQ!bH^,	ec\G&#w",Check sum is 8
test,FBSM`ik[(mG(m{8A8i>psOk\T1fT9aFAYP	<1_2y5&n,Check sum is &
test,"y[1qc& >Sf6
[jiml_j!YDm\+<|hlMtiuP!&l?/?mvgnuh?o9-",Check sum is <
test,"2$BiVu2TQoX_,ojyLI2o6=4LkbZ0lRH%Z#KU.~^pbs",Check sum is >
test,"tKd||3r|[@'JML?
}Xhobb7?.q7f'}%^",Check sum is S
test,*pw0gVaBNGQ,Check sum is '
test,";?n><,/JrY^4CcRQ\nL#oT!",Check sum is *
test,"KFsS/H&D>])2va}VT!^=x(b,,TO{01q)Fa'eMXi{/KK&[66Q	",Check sum is C
test,Ung0]R2xcl 7z0M7$jUiYx|5cFIDX%L^v<_#b:.'Qd,"Check sum is ,"
test,"^CX
+CtC+SXCTMe(V;Wzk+x	fXyR]1^NavRN/FxD3;3+""|",Check sum is ]
test,"xG&Ml%z:V&sU_<!#1cDN(z+U	""%P
}=",Check sum is &
test,">r&s'%J}q9a.i*(HtE{F/UKg,",Check sum is T
test,xri{k~ry03,Check sum is %
test,"9w|D12qNK""zkC""V6{mLw:V2I""~JM9jb5r]",Check sum is +
test,!!53iLq>sDh)u-`ym;?V$P$x\@3:ItwQz]_-vs&{K}:Lm+Wo,Check sum is %
test,9qV'+G!,Check sum is Z
test,"9q;9b9C>b@<
	lB{,29YeBfz[AZ,gi}\w7/W&y}CZq/v\5-z",Check sum is 1
test,"&1? 
'#%
g8aN45#%BlQpwcq4,ppnQBDk^1.",Check sum is ?
test,"pK0:oGbv.~)1%""[SeAaF@."";ChJhK}]f",Check sum is N
test,"GR5C!uchY[yP1s
h|",Check sum is !
test,";~tIVpZ'4-3J[as=:bCy^p
3QWx",Check sum is *
test,"sfas#N@""uzCi""71&""j9Sa)STSX>Lm",Check sum is V
test,"QzvvPZmms8K,u[S^}&a5|eQeJ>66w!$FXMv=MV[
^rP(e^",Check sum is /
test,"jzyfka0Tu?
pgYo\A]j2n""aD&<sw;	']e<)# BH",Check sum is F
test,"LXz+;#$E<_~lyAi*Zv=CIC^7BX7\Z]U,+mio2)=_\a	aM{f06'",Check sum is !
test,"8,4 f)Y-`Y]IW\LPs1O
4r",Check sum is >
test,DXFF~IX\|-,"Check sum is ,"
test,"eowcMj_,5DIs/7HDw|Y-7|3w$[oqi\)I$",Check sum is G
test,";c6+at-PAE:8:3|59$N3gC""8fNyc&sME]PW	1waIO,R",Check sum is P
test," *FJ=8wRn~<B8 wytqQyB,",Check sum is G
test,"ZH~GF.s
f""\IV1adtTLPe+^1I&jv4,aXWjrYh? s.#~x0<",Check sum is U
test,"
5T8sxzY:4ilz:@DpuplC Te6cJ5%0Na_",Check sum is <
test,"'esqhWvVtP5""m@?cw`eR0>n(N&=+g%+ 6kM[L:p3cUl70\Q]",Check sum is Q
test,"y(;/	/P_N+1H(,jpu",Check sum is '
test,")n6%yfZAa3?Tg,WG",Check sum is $
test,tc	mk>,Check sum is V
test, 4+`a#;1xa!dxx#,Check sum is  
test,"""M=",Check sum is L
test, x7B|W,Check sum is D
test,8c7izK;NU<,Check sum is :
test,"G<L\a%E8d((TrT""
cLXL|",Check sum is W
test,l6r	_vvZKvYgS8{JGys	:JR|<kI	8J):paw/Hd3mn)cZM,Check sum is C
test, C+s=[D6fhoS,Check sum is C
test,"3tl4t;a 
=QK]\`V<R^%~/)vH58r)`t]pqTd(=R{ZQ+m%x",Check sum is 2
test,"U,hW ciMOhn",Check sum is >
test,"|;,	#d>NIa23J+=5ih+;kR&0h9p_w.dE'gs0X?{AD2h;2Fcg",Check sum is <
test,]sbFD}zM-Kb(e``at:8oQuXf,Check sum is A
test,"1MFrZyU
5Z,7V^yq""sPS[~9:5@<ZzfrzF
",Check sum is C
test,{u5dGzF df>k4}xldpui(D)o,Check sum is N
test,"Epnt1-mD{*kYFQzy""{-SEfD/xjR(I*S>knQhD|s0p.aJ@,D",Check sum is B
test,>u9F%ExBcGby,Check sum is ;
test,",X`,"":19,W<;1g|gi({{,F`~u~'cN.!pE*g{fC}FF	o1]s",Check sum is H
test,p<Uaky-S<aN=cBvFW#,Check sum is )
test,"ybtlk*f#Q	=DwKKui	fY#DS)YzP &Q8g
2jtAC\M $]ofd",Check sum is $
test,"In>j,<#l)>pa;&	'C|$`	a","Check sum is ,"
test,"V:O>)gIxP4yMZ%ujFK-Stz+CeC""7TWbO*x5%mV]j7y,qx",Check sum is K
test,\]{~V	F,Check sum is 7
test,"e5FsY[?E\na,3+i&~40[+#Lyob#`,%x5Ffp~",Check sum is +
test,"""du{o.?,XLK+4u-)Y%RU&\d
K#W)c3Qdt",Check sum is 9
test,q|4-8E-k.f1,Check sum is H
test,"[vYl?.'f5m)a`R,c2+T,"".",Check sum is J
test," 1BnO %?}lD*fF[nl-?L2+$;ae_g:RiNr,-Gg>F[N;D9bSf",Check sum is (
test,%Gc)MC;!W6%fbXz5Gi,Check sum is 5
test,=Wbrfrj3'Nz>)U%Je<Z,Check sum is R
test,"O65i
jj/0,MRc!e$=paFUIB&m[v;\`i;",Check sum is K
test,"wh6UG%""8-2pCOScfmZi	pAv1""B?)Q
F~D5i(,|i&LRNFyM6y",Check sum is 1
test,((Kb$nzUC;,Check sum is <
test,zIo	(IG 5 S&Lhu,Check sum is *
test,"CUWp7X;,ZpPwAi2'S9+K>l{",Check sum is 0
test,Ki{*Om,Check sum is 5
test,\(s4fheF4%bjAp1',Check sum is 2
test,"\rt,Q6FPK",Check sum is 6
test,"gU&fdw3@{0n	gEL57{6""E`-GP0qy",Check sum is R
test,"FO=YM'MBFWm(D<?$g9@m!vWC>K.sv`|},`!@1[UJ$1)g",Check sum is W
test,";/X}pz""F^~K=|^TtSZQ:_kQJ^>A 7",Check sum is H
test,"xjqt	giS263=I#JsF,nNPo^pzXJEc)7B=",Check sum is 2
test,8d';X}=f}]m*#^?}E78i8:duR-8,Check sum is #
test,"ZH{IRwIMUCuy7Z
:E	do(`",Check sum is )
test,"5e#>	Y<(|""[m_k|-",Check sum is :
test,"7QV;HcHi~v^c;G8o.e1.
",Check sum is /
test,"nuNND@n+3SFE'*(RC~
",Check sum is #
test, M[:i/$N9s{KWNH<m3,Check sum is '
test,PW,Check sum is G
test,"/YF[1<0a+sQ""c0%9g@tJ:<3u+69E?",Check sum is *
test,"7{(94]A$a?IkZ*Kp/VT
(2a]}FnT?	W]^sGd>",Check sum is 2
test,nkR	%}nXLY?|S`ILz|Cx]r7r[upv:dy<O1=Ro,Check sum is T
test,d#(:Sw8IrQ80|Beom8jTXvc+vcCJ3)Ioqnek8{O^U,Check sum is .
test,x>65)UKH#%nZcs^2dunOB6~s1+~,Check sum is !
test,"5O6z-F^ncXh) &r~0.P9R'2l+npLr5cg>Wej,e@""8n]o5",Check sum is W
test,"r:$,30W]$;=_/s4$i",Check sum is Q
test,3`&KIPqIu]IUG,Check sum is .
test,$mep+g>CLZ.h	X 9#ff?M!]dj/;K>L-QWEtaS7~e(,Check sum is Y
test,"xf""!;Q4)R?Rx?Ny@[MRLItGpHR+T",Check sum is ^
test,|y %d};?1,Check sum is &
test,j+499S(E#:V]8&[VYgNnCfp=mQ2NEq:(34(!GBy9Lf>',Check sum is $
test,"RggT1VE,{\271E*!xu",Check sum is :
test,D-P`)B4/ay}2o[Bm@T,Check sum is %
test,"4kO,?+n+~se}TMf5	w43}N%'",Check sum is J
test,}Q(:#TYIo(#P{+X,Check sum is 1
test,H;~;q&&2Y/$	8|(+Q9Ze0[$Mn%A,Check sum is  
test,Swr,Check sum is \
test,m7D,Check sum is H
test,"LsE[48KXPhEo$P5YC}*ppFt,e3wFpfTm1_P",Check sum is 8
test,BM:+u,Check sum is I
test,"M#5.{/v~
n<
T8
:pU(X?e",Check sum is H
test,"HzJFivad.}h/5,2$y0fD+;C",Check sum is K
test,gwhuh37u8&,Check sum is @
test,I>sv)2tmYY&[bx3:}/,Check sum is 2
test,"bPpd
xR8Bfhej#f{M","Check sum is """
test,"+4ZE!r~G]	ub1{xqmOmeg.nr;S!L
pO!tU",Check sum is 9
test,"bvfIQo?^Sj? EPEb""0e`KT*-Z+R]G4A! n(sPC
Q{dyni$",Check sum is $
test,/'o{wS{*3o^:mIF&GS)d]ufCF+WVqt_nC2gH:F|,Check sum is =
test,oj?'h@{,Check sum is B
test,\RJxa`8zAf	e,Check sum is X
test,"B{f^@)3(Oq;B,fHfbE(_ryS;|W",Check sum is \
test,dbQ6P,Check sum is =
test,"&#D81bA8`AFfE!gU)H*Z_?_R5H0*F(!^WMkZS!+Ryh+iXYbM
x",Check sum is Y
test,w*g8d!=<E|Z%7Vgrec,Check sum is L
test,"Td,Y=vt8ypWu/Ee(H3/BUGf+5>l-,:4",Check sum is 1
test,tWM77`]>Ay!fjxbTqzDGMg`w<3(-):']'U\e=sFNKyfZ+eh,Check sum is #
test,"l<Ud;t$f\4iSO<w|	vc,?StZHMd\rT%1y)m(G}J7H`}:<F+%",Check sum is P
test,dCejnHYn%r?dNFo,Check sum is P
test,/o&.wHFK~,Check sum is  
test,"t.}Y>45fzv|fDe_lZo
qva$n""CJ_z#q_`\L	!que-.gQ",Check sum is #
test,Pk1VV6i	'(0,Check sum is _
test,"r^#|)wDuMRIW\_6:}[]m~Yw	]k~3T/Y""$(5BX5bfC#"" ",Check sum is B
test,"Y7@VO1t1&N
fn-6N$ptXQ[H,1by)bz~%pE",Check sum is W
test,"zG,B3+b=W{}_#hGsqQ8dVebWr^G>u",Check sum is [
test,1[[qHtFOU'Pw46.p,Check sum is T
test,"k>rY>Yf$^vl5aX)OG,!0LT[4JrHyb*Pw	kbY.",Check sum is ;
test,"}$*E07QN\<9<&roG""XpP",Check sum is K
test,PGf&Os0M/[g1~,"Check sum is """
test,vmypd!y9w}TU9MFLXpKI,Check sum is 4
test,"}^nsf,Od,;(O-","Check sum is ,"
test,h!8<7qy;0Sm^h T6=i(OMuV,Check sum is N
test,"& H=r*e)^&	mSaU,N^4HRM@)4C5=cz~F",Check sum is >
test,"DybT+psZ?kxx\)Wk h""/U~%FT^4$X]D g(B_v.FI_}6",Check sum is K
test,"}\djZbM`R$R M&soDIU>+`\:<Z,HxF,j",Check sum is L
test,jMN^PLY>CCBeb,Check sum is E
test,K;)ZN/r,Check sum is X
test,"v'Ye""{D@hgjv(yr3!V._a-jv<b)VGcC^q6c@j0>YNe;",Check sum is T
test,Z$,Check sum is ^
test,"""*)<Ujrm^;~-me'@`)<TFY \qvJ0Vt6Y*vI",Check sum is C
test,"n^?o?!*2zW>l#E+LzhE_IZ-VFn[<%
9>f?z?N",Check sum is 9
test,"e""_O5ZU?",Check sum is 8
test,JI8^>	6GA+(9q|'go0XmcN%w(/|0+UI,Check sum is R
test,"1at#Q}
#bn _pMD/|~~	IL\-]>@yk""AVP#sXG=\",Check sum is 8
test,i\Sf'6}J} cl G1>p,Check sum is 4
test,"evLjsG$F=H_~K&V>,Wpy_#\gIX7Y:qij:0Wj^w",Check sum is \
test,"zl5E%N<5j4<1U?[:EB*t}=Rpv9S-""",Check sum is J
test,"/9iM
0F2/	""kk /)H3E9H7pu6\`V",Check sum is =
test,6x8\M3\lmc>opUG1MF;92+tpExy9[arX.pJ`by,Check sum is D
test,zVm2+[(`bCQ8fIYoT*@/92Ew<@]K3\4XO-,Check sum is Q
test,]yA,Check sum is 7
test,>J=1eWb'<	iS^I\Qy<SO#vV~-[?T5Oyw1<01v;l _3f,Check sum is F
test,"
Z",Check sum is D
test,"rj ,||=OoU}~$2hM0ooiJ+}b1X'@&>eXMahh*b5Y""","Check sum is ,"
test,"cH5\IU]7BY7fbo,~/f""##
[}zbwrFA98M15kv{TjjZIr>oim","Check sum is ,"
test,I%gSZ` nm<.kWwAW1l8q%%/Pe)ee%h4m+51|Y:,Check sum is -
test,"""-iS#m",Check sum is ;
test,o;(pva#`%	zB2hzgTF)nXb,Check sum is L
test,"[mR5-,",Check sum is H
test,03L>F%_BijRx,Check sum is 6
test,"LPeCq/kv,}HR 3[|'^%&2f6E~1}j5_k,g<r5Pk>Q:I6vb6dpS%",Check sum is ]
test,ZHn[@Gbl4# U+^;<,"Check sum is ,"
test,9%r?rhCAUWhlB\-l_emW#)hd :+8K}L},Check sum is 2
test,"ax,^_u@UbO/3UD?])K&A]?m|=,h)XtnhQ-n!",Check sum is =
test,"	TEk2""HBJ{&:~v[`wLbNNQVQk_ppLj0/T~`CI.i.g",Check sum is A
test,xkh1xVo%$z|	 6*i+7	9Qy,Check sum is 8
test,"#wEP'
D,?S><)&-8pHv~0"":<rTsT""*rxf7Z",Check sum is ^
test,"S6FyeECYip?4E)O>]R""q
L<T|n|.",Check sum is 1
test,"`6=5-0
r~?-dwPU%Xgz8n.7W",Check sum is +
test,W6iuot_ZL\zsy5\	> N~&,Check sum is _
test,c8,Check sum is ;
test,"\7HLJQUmZo%/2`BwaoSG|`""f#Qd
4V0'8EZcdkv+%-zJ@/",Check sum is L
test,~T5I85&Rx-QlPsD	HNI]`.Je18,Check sum is )
test,M!,Check sum is N
test,q2,Check sum is C
test,"n|2wFI6xXDICa,Cw{`|DRQx",Check sum is U
test,.nb.U~v/;:11=hBV^,Check sum is 6
test,"l
x`?9IPPM	s<;>&:o/16E&TCJdk_gU.e",Check sum is ;
test,"))!.de?D'>SvWxE?j\g7d
78~QR_XX%7R}t%hmBe",Check sum is ?
test,lH2Ae6,"Check sum is """
test,+>_':bbun~JsaRM$#3}Ex7S+KbuE$[,Check sum is :
test,]org?4(7K@,"Check sum is """
test,"MJo""[lf2.ut^09Ys~JK=yh5'jVI-h9L=	..Mu",Check sum is %
test,"V""D1RIm'X[Ml""Jq<",Check sum is A
test,_qwxka Ljjb88\7YideS@%d=82$pJOsLXPm',Check sum is F
test,"L(Pj[kFve|suI,_pUBo['mHq$lLG",Check sum is .
test,;NqyMOor1p7NkgUg~#K,Check sum is 0
test,	#9APH		3W_KUWL@~%.E~<a4jCZ%x1QOL`T,Check sum is 6
test,"([N2cux0GB#ro s$AO}\*t
o>9qhN",Check sum is E
test," &F$l/[#re%tB	tMbb""t:)p",Check sum is R
test,%V:(f?n\& \7oGPhS745KwvqoBe/)Bz]ZR{Vy^,Check sum is *
test,"2	}L
#ey",Check sum is /
test,"_	T+B|!tOq,099nh@&H7;v?Gl.GU'=a",Check sum is U
test,suRV;$iJ%u?DB69SoU?y_Fj,Check sum is .
test,*	0uM-whJ=bFhNn,Check sum is $
test,"R:AgL{
&4mFOq6.$dzclJ'w%vyBjtl5X'lr|6\V'obV,3Q}mV",Check sum is #
test,$YHd=C;Rb@,Check sum is 8
test,%G>bkFcMk,Check sum is 8
test,"T!-GJK~\G|
cZ,/-nBYTGkTtt0nsYxh?C@OGK6uRp",Check sum is /
test,"@,nVrhbD%&5` *k3jH?t$!jF~3QE1b!#e8&n?k3sp	fmX.",Check sum is #
test,-yaQGqzv,Check sum is  
test,"b:&WDQY};""sKSH}(Ej",Check sum is .
test,zO'x;LA'G_XfX&,Check sum is Y
test,",Y	H3Mr-L(~J6;k_%K)0qhGJMoa=oLt",Check sum is H
test,"SndQA5ySEM<`_$""=[QSkNpq[Mol{",Check sum is ?
test,oh)d0+{\a5 ;S`h>qT*/YmjxA>m,Check sum is 2
test,")VymzhPw""jr)!RgjLb\l[s",Check sum is ]
test,kz	KLw/~s,Check sum is <
test,"NRg3YCo44.gM[M|s
v:R`R8V |HwJ
udz<TZb(I`*A|Nu.gzs",Check sum is ]
test,"2P	962|JE97pWV?
/2MOYWe
zGQ_<
I\yPS[A589ZJ,",Check sum is S
test,kU&Yz^SWb{_Vh5!u_F*34b%)M&`,Check sum is _
test,n\}	gl?$HJQ(S NW+\	YKoW2Hvsw8\},Check sum is .
test,!$__XP8Jg>SYfIT>*/kJ^zKT/!5N ,Check sum is W
test,Vb}*U.G+`i&[V,Check sum is T
test,"s%Z$j
T3fa'c",Check sum is B
test,-!aYuO/l5Z=Pzx3zf'	#BbmbT0\2jc]mh]~&x	_]5-pe2Q&@{,Check sum is X
test,!eLtHN2kw;D(;y+@<3eK^P?95)O`-fNBqN@,Check sum is J
test,"*Vs!Y`=X3(oZhv9/=H{_5^D,<B\d\*~kJMU#",Check sum is J
test,n)P\87@eBb`</rhl8h[Hc<lL7x3r3s[%|]BuAH;<0(M,Check sum is 5
test,[(C,Check sum is &
test,Skf' '\|,Check sum is J
test,"s]De,p1~
vb:-b6{Jxa`ua
-s]k@eYOC:/+",Check sum is /
test,"Nb,\m9waZPt?$t#",Check sum is .
test,BSEVYpywFX3[ddYjS,Check sum is S
test,N*I?SSON; vV.T'yArBVbZ,Check sum is 3
test,@.+QGT5ihEj.Oc,Check sum is :
test,"pQ	p2W2.>/AnjR%!tgiSu5	Zb]]{eXKzb/uqr6]`Ic+%""(",Check sum is @
test,f<`KJ]n~*Saqb5?x,Check sum is ]
test,"7KP?>9""tS&-",Check sum is $
test,(K QkCX,Check sum is J
test,cPy,Check sum is L
test,"]L0 0j,bapH\rlE$Zxv}#&Tt8#]&V0k&!l9>?j\GUKdu);yVO",Check sum is S
test,1.'gjdz~W7u,Check sum is V
test,"
} FJ`xGiU;.dsL)h1^Y1_8%Nr",Check sum is &
test,d0X#}WL(jlvS,Check sum is V
test,"%9aAldBl:ir/\PrB)k2Ry7$@T	J
U3aJO2C?VsCW6",Check sum is .
test,"a>|=vLJHd$0V?k2\\]C&3<Q""yyc.9w&No
F8Z^""*",Check sum is 8
test,V/F3*V+(o,Check sum is  
test,/qB{BR`%#n,Check sum is '
test,"{,`",Check sum is '
test,"w;[<zoP""	>1eDzgMWUc9a
{tgi:xN5",Check sum is :
test,O>HOF$%ZtP~2{LN#I_)6k8]PV4}Z-$x$p]al~Q[_H,Check sum is )
test,"	NMjgk\)\S""5k<`46_KNez:pKqg#\?/5Gn7
;",Check sum is 3
test,Z@!XAa| (q>Q/kV/z~c9.B51,"Check sum is """
test,E}WH,Check sum is A
test,JV,Check sum is @
test,:%FHU'&]imf|H,Check sum is L
test,gEbf8HNK4K_(FC^w^Gu^:u:YeZT]#,Check sum is ^
test,"\>W43qAlKk/}R`pl,&iZP;#9;&",Check sum is #
test,"&*ugS5=|wHE4P~6<D|)T#{l@0.;H]g,$`dz)x$g2",Check sum is ]
test,Rgl re5`;@Hwg=gAja7M,Check sum is &
test,"z(^<t,,",Check sum is (
test,k4Qf)SZSG];e>WJUT{F?,Check sum is +
test,b37dYdcML`3l7P)WUsq8,Check sum is @
test,";f&/+r/}00gGgI}t8DZ(d,?fCqV;v@tJ2","Check sum is ,"
test,3IZjNo,Check sum is ]
test,"	x!>0_rzq:gZIu~?4V'j7:qk;>z,Q]22B py8{{$3[",Check sum is &
test,F`bPF~}xC'~Y/=QGwn&},Check sum is >
test,'rIM}M}X%%us=_&JrOfCk46AbWzm%<Mc,Check sum is ]
test,;7)yb{;4>@BNhpKF(o.L|,Check sum is D
test,d!M`d-/w<0/)%;$t5,Check sum is :
test,";n/jd^E?eC|yy_""iu?n-",Check sum is 7
test,"N6A,V:!-.!wFcw:fsX/vMj'U6IAIC5.GH?Q1Q""FEye",Check sum is 3
test,-Tv/]$[',Check sum is I
test,LTm1?p<vxvE6E/Aq?$u*GxYrPjZ-Oz*r	2},Check sum is 8
test,	%EKR2zK _a,Check sum is G
test,"n]!Hj'$;4J$0)LC}),
Y:=}|",Check sum is 3
test,"(LrSgj=h'8iFFoA MLAO
'NA ocal",Check sum is [
test,"vfag+ hTF[hmf""5{h0pY4",Check sum is N
test,"yF :Erf?aPzg
~""F<'u7HtitDUOvzUos*",Check sum is 8
test,3i-U. f(	e-{r(^Y*r`k.dG,Check sum is A
test,"j	& 9'C
``m",Check sum is 3
test,"l"")Q3lC;l3F4yLqPAt?uxS|2CTl=DDMSq""",Check sum is A
test,c4KPg8@#}^FbO#~~/|,Check sum is 0
test,S=OG,Check sum is F
test,"'OvQZ_LMfS9	Dj1@LH&^sjf02Z,d{DEt+uC(i/^Lc Z;,",Check sum is 9
test,F'CS9%oQ650p\Si.[I A\HlTj~SiDh@RVtumU!x.rY6X%3,Check sum is V
test,"Eb.ln*|Iv ri]+A^)Y9i""#BGR6%3bJJx>M^AT1Z%)Y\){1",Check sum is 7
test,6O4nR7z^tRKUxxB2ecBUQeh1,Check sum is  
test,	S?f8wvzUct#Z;Qp Es7!^[h\yVzd>T=,Check sum is N
test,">f iO14$TKsj7W*``GMf~`>6n'iA!#uU3u;UB$vA)l~@
@",Check sum is $
test,"8
sG/`()Bbk>rnRR	+M$]|hp.RD\<	Mut6]*5=\!/5@OL",Check sum is )
test,P$4SQzJ3L406>Xu	,Check sum is ]
test,"zpo_%d97eSCGdt3&w<])I)v\a=v=""c,h5&!_|#L?FI[o",Check sum is I
test,C3Zp2c6,Check sum is +
test,R>-1qC_G{.YUS&WQ%4.$,Check sum is K
test,"-#z!O+swYf
 Jbkvv8,q$t78zS""UMFP#V(ZyXhdZal
Igs",Check sum is J
test,'%'2<`)4Ex2,Check sum is -
test,";bW
	Hpy$,0f_R}BSDE8RlziaG-l\vqL[Q'`~U"";p",Check sum is F
test,"{
X)\Bj#XCD\#30Z-i. 	R:c;",Check sum is C
test,8 ~aAB_RE#_t>5T_#w![WRaKGAip6O{|eBHL!IOcy,Check sum is D
test,"
{=5Q2o9F7!",Check sum is  
test,[MD8~6z%MM%=>M*\5xqVLi3jD[JOP-mv,Check sum is B
test,JvW''qvU71,Check sum is )
test,r9+`U/,Check sum is Z
test,"&2&	fxq4qkuP+TGA0xaDX9ssQu(""Q@fSWi",Check sum is 0
test, R!w_+A,Check sum is 5
test,k*`Y[s)pJ,Check sum is _
test,"/:""=5]>LqOg]gF/0-A:`r5",Check sum is C
test,"Z9F|d~D&$YP:W.l;1wV|d'^@TN&'Wk_|6"")",Check sum is $
test,TBX*fY1Js'rk!supa|iM)g$L?FpYt#^'w>O(Zd61WVNp >uG,Check sum is 5
test,CTzRuN^OYKF>;{EIDkVVni-*&HM4\Itvb,Check sum is H
test,66U/)e,Check sum is ^
test,"h<EO<L!C""PtY<+K0:b",Check sum is A
test,<&9<+~ngf^L>0K,Check sum is >
test,@/f,Check sum is 5
test,"0m~;N`&[Z{=~
n#5_`.uul77	_'SD=[D>mXD[;}""",Check sum is 4
test,"iM;l<,o1^o%=lROxJ]QqqQ?K3U%hJc_d%|~^",Check sum is 0
test,"?nj1E!lLAO2~J&""[	8%e,Prq($)5f(m Fi~Q?3['{2v",Check sum is 7
test,";81!q""Yip3:@",Check sum is W
test,"\+9~A<sm+Eqka4*|,)<",Check sum is S
test,"3J>Tw!B'=yHK1""_BQ$q[LRMa@qdw-q-lqLVeT--=",Check sum is  
test,v!!dBS>@'uL7+p7m38)bE_\TS6Lrm Q .Vui9Bq_?@A-`,Check sum is 6
test,"qX@sSkB#08RAuYhW8DMF,MenvD v}	4>_`x-.^d.CF'CV<CWpJ",Check sum is E
test,"S`N6<&wJ
vFhS(kv UC|54+'+(LMt;",Check sum is N
test,"YrY+lz(q.)1-#r/!T,HF/fWQo(g#_4`>V	>SQ0~RQBs%pzP",Check sum is K
test,",V/wBM>3P$le<A){`#+fZ3(zo4pW]<u$Fs<	i~2D5@i",Check sum is F
test,"+~*?+""?[m($",Check sum is R
test,"FwhJj'[:""""kZ+!Y=8aF^J1=LXBsq8x>e",Check sum is 2
test,)55.<>D)wF>2bRg\/!|#,Check sum is [
test,"o
_l]f|cY+eFboqBM]!AE(|",Check sum is .
test,"Ip:^^(WRG:xt9""G^r	@jzr$1\WB9.W^",Check sum is D
test,"qV=>'
AUowu4	xdS",Check sum is 0
test," n)Uc#k3
t'sJ\%y	rGJrgyh'lI')M*no%7{FXKIIJ'sPy.1K4",Check sum is O
test,)8#5OqYVg<HoKFJO<YO2;Pgh[5`+B%\@;272,Check sum is 0
test,6+/3)uHhR&8v|}B$}!,Check sum is T
test,"@)4UsbQs>uNwqD}}8PcjyFsn{
FM
;j? ",Check sum is -
test,"TwIuG~r3\D9MU!@.UzJ7#w@Yw`BZ\$<u6ZRBW`O|
&16*6""jq",Check sum is ^
test,_6NollF Z}'V[=',Check sum is C
test,"A,8s=%R^UV9uqcP[tja5oV""^<nk$\>`KL].F'pl	^]?_&Bq{4R",Check sum is 5
test,"V@|0[ De2
t}{}3
Tv_=ax!^pl+?'G^Rp{QJIF@2MQb",Check sum is Q
test,uyxj	^k,Check sum is B
test,"+5CxY&xO+p7<3@93cizF45 ,BbH,Z]O9lQD#s$",Check sum is A
test,"J
L\83,Bt)Hr/2xv88+P3c",Check sum is \
test,3oYY,Check sum is 4
test,oRf,Check sum is G
test,"<#MfP0:VbK)p?/(`?n1xS%XHvEY
npAhyvX-*eU(tw]t,.1[",Check sum is 3
test,"YT!w3U@""56ROAw>^Pr7y6_",Check sum is 6
test,";cD,a]9~(.^t>#PI+@cYLwnl,(UQ%r`O5LB}+CM0q)8'c",Check sum is P
test,<.})3tk*HTj#a%~~ir?KZ)k9'CaUUI-V,Check sum is $
test,j9r\&sD8tM8G`)Qhdt;n&Ph{Z-<yKc=h\ruskp=A<qHJ@_>CF,Check sum is E
test,#c(n\Ri)GOrHQFIvp_I3XDX?,Check sum is  
test,6a_dpG#[Y,Check sum is H
test,:)\yt-H	WCtGc!*NA0X+<}Nouv-)CEzs,Check sum is ;
test,"qQc f	l G@3LB>Mo>&W]]ustI6M'""^3E]vx%:xK-zY(A(A3B",Check sum is R
test,"3f2^hjZW
30.t-rJAQ~gbo(h$/1NKpqG!&_C_xAdB|",Check sum is D
test,IC}]=!6B,Check sum is \
test,%mc&qJ|#h&c=VmDj.<axjUEVR77`^4qT-#jD7M9Za^@myv}yQ,Check sum is ?
test,"gKIs!Rrf-<;_R}FD.tR(@kQ86'""DBn#AByjmK!4|~)@s<+",Check sum is K
test,Xe,Check sum is ]
test,gOzaV7TPM87,Check sum is ^
test,"}""
Vp-cH$s-hVqp.APO+PMg1UM(5kzI#PXw3<=pPlU+l(sR_
",Check sum is A
test,%H+Pq2>Q1DT&Qx;h,Check sum is U
test,"*p&iCb$M0*3[,LyO",Check sum is G
test,"iF|9""V{	Wm(~83},ny,7R9n]U>M(",Check sum is &
test,"_clLZnD<0Yv/pd	t;F^A[
##+@UI""{.16tP~GB7",Check sum is )
test,}+l-T_.3BvY|	^-1f0wl>R6nc2OR&	|*T,Check sum is S
test,",L",Check sum is X
test,-!]*,Check sum is 5
test,"XW-VaYEUhj`u\Ht""<S>bfB",Check sum is ^
test,?r:f`(d_n(y*h[e#B.s@ce2-FTI2Lwanknq=HzF,Check sum is @
test,"\eMM;A):|Z|a.
t0r;!tI~.E?R:d{KI`]}R",Check sum is /
test,wv?T.TyRGV5CG`9AOXHP5R#,Check sum is L
test,DKaDxW%1G`T0rC}a}o,Check sum is #
test,qk;De;[l2,Check sum is T
test,"B$YAD~\blV1zjhy]
S}87u)*3,/++C~|6VpPjelQD4#-r8'7",Check sum is O
test,"`m2	CYx'E`q,%XJAQ+?\j%.PYyi2I>P0:++<=ERz"":d;",Check sum is Z
test,"^^)G""4_WBJ`}@'CWrw`HSnnKTLsI~'4
`t#b;mS8h`u7B!&
""~",Check sum is ?
test,uH%$:&@f0-WPe1c 7\,Check sum is \
test,"s1H(7|~O|q.5*R7ZtT
32`<""}xu/HnNk2UEgA8",Check sum is :
test,"IQ0FW""+YZkEDu~
)RaDt)!fGW,kY&P+hdfpCCG'~hNUi",Check sum is 3
test,"2k?8|}\q""hwD-94G(	h%b H<	V!$",Check sum is H
test,P.H6fY.|_e;zeFRbzshB)*_Hf2D'S7/ro7T#/B8CMUzVG{7A,Check sum is Q
test,[zo	t*:D< /4#HBZFB})NbPkcilVF$3	M,Check sum is )
test,W5tDPpW	Vl\#{M3=|?`QCg~<V6}|*uOn,Check sum is .
test,"N((iIpeArZg[8rt
9|}7
rz\=v9]p^\b 2s.ZBQ:iM7",Check sum is S
test,"xf%<,!{]6x$HM~}
QS,NA""]u:O9",Check sum is E
test,h{C;OOuEk5AH0vE)D`(o2G,Check sum is J
test,"aF@2=CkTJ5m.E?`pQnf{$z{|ep,D6",Check sum is V
test,29ru,Check sum is 2
test,&pE5W::{Varn7 Q%YSG:)vg]relmr4]cbA^-pH:,Check sum is  
test,*swF*,Check sum is $
test,Q/vYO*0V`&!8<^W_p1J0/1![>DoFaC,Check sum is /
test,JgoLva.?9yQf_lZ)Aq**,Check sum is M
test,"w)Hrs>-TRJ	?'.*zEH;xz#A4m.aE,}R}pp_Du",Check sum is L
test,M9l,Check sum is R
test,S&?}>%#npV4,Check sum is C
test,"$n&MT&1\r6N+JHc|SME=}fO.AHy>Cz-Y_Z@X9o;~N
<(	Q1B",Check sum is >
test,"B+=s0Hq>sB9lCv)my%lDA,o yh\:R=9QBfjVfD~T^OVg^R",Check sum is %
test,@nbtbW!$s,Check sum is U
test,"{AP4wks?Ge?Vf'I>M=>>x1+BnPb""_z\",Check sum is \
test,"Gcd0;a*\c#^]l_r&QIB=LT}~
4
l)>70y|CGY#*d*3*!/jxz",Check sum is V
test,WK	)K:0!ncM.%,Check sum is ;
test,"oPwD7Nnw}.BE*
im=Hp,#3)~>[e?f",Check sum is A
test,"j\0{?fJ""s]009\{p78w@h",Check sum is  
test,fEDg4LGSV8#HqkA8fl*1j1o%A|$zE,Check sum is Z
test,"x*N
e(v(J3+7K`Jr}Bv*P`?QhrN:mmqkHKj0BSHgz",Check sum is -
test,"{(bNnm&M_#;c	Rg.?Q""c$qP.Sk);!"";]cVa*/.>:9!",Check sum is )
test,"BoyQ8/Ow^5;=@+*0<d
gNDRYhru9M Ll,Y/`M_$:D]",Check sum is R
test,[y]fjU:zcC{p1g+lR+pKSG6,Check sum is 2
test,"qa
V60sD]=F1g}5~&]:a%",Check sum is Z
test,Hox.C7!Z( 0v0ME<JI$gIViZ<[z^[3GD#S&gXau`R|N],Check sum is 0
test,xte|9SGaOSusqS&LOUMBZ\{B	+D9WqRG1WP5-,Check sum is S
test,"v.BhWO5D5)k9u~Z'p,UbJjT'_b	Ah]",Check sum is U
test,";;XzU!T,V",Check sum is 4
test, T&/P*cH);mD%w#ds>`sX;B$,Check sum is C
test,"~%a+=3	`?k0%g4;d-|,",Check sum is 6
test,ll%:XnmyPK}4KY4jx1w[i&1n(,"Check sum is """
test,"~wO2[f;[U2qA0/BG_O,n_\<|i1fS.cXxP9NUO|t0f2BmF
`",Check sum is O
test,w=xl!N/X$SMa!>XACj8}A;3|]kc,Check sum is C
test,n\j-,Check sum is A
test,ht~KKOzP[;zQ+?hAwRs}jA,Check sum is A
test,w)| ]m+F(@g2:fQm?2ATg/,Check sum is R
test,9U,Check sum is .
test,'t,Check sum is ;
test,~?'pvVQ	VdcZTXG4(s*p+Jcx8n,Check sum is #
test,i	l)W``/WEo,Check sum is 8
test,"K?O2`KS""{*^",Check sum is N
test,"mS_!/=.jI""Fu(Q5\""]ez_O4d;
p""Jj%)5RtL(4l8n/N@y
Cp_",Check sum is X
test,@OLyEHO56W~IaiB8,Check sum is ]
test,H~7XT$fT	pjy]vGmgdf	N5k&&VWU3MRwSL/&&=sdm,Check sum is $
test,K0h>,Check sum is A
test,;)>m1`^1qowv;H,Check sum is _
test,"og.
<@-",Check sum is W
test,[l'HC]6FvZp EP-AP'@&-<7~,Check sum is P
test,"J1Mq*4i~w7~iqmRj9P3L)*& 5zaBgHX""oB",Check sum is Z
test,auvI4;#cjcfmP;N+}IS&fi-qhu$-R-1Zknqb@o2,Check sum is ?
test,";
U'h\%,k=:)e",Check sum is &
test,wuQ[k'd%9K,Check sum is W
test,U5rv4 6I;:R<bH+|&d}Yom5#3XbaE|d,Check sum is @
test,"H5=*RA2[93G?&}/n* ;g!K:4\{z=,\""",Check sum is T
test,&wY:z&9`C!+3\S_FuI\n;=	i7EfWFM 9&,Check sum is \
test,NU%,Check sum is (
test,[bGJ^9`- V\T(QNv>;x;Q3xcBQ(ZO}V,Check sum is 7
test,"|d_C7VzO
zN",Check sum is J
test,"6&qNTnJ-""/ULe",Check sum is K
test,|-!)OEl]UE-bmXZI@m?^,Check sum is K
test,"ng/Un->H{i#%T
",Check sum is $
test,ad*] .6_;cI`2xea! &@p`mznWM,Check sum is 6
test,"2H .W!/ty))MOVB|l&o!/0eBsdxKx,z/gEeK!%bh",Check sum is 9
test,"|9y`Tmlh,OR.N)i	x>IJ>r9C)*Dg]""CFlqc^?",Check sum is ?
test,=&fRfz@IO8mRRW;r;'SU^-eUOAr,Check sum is Q
test,3QcJ0L,Check sum is M
test,"),^yl6|T}C QsA#]4akU:w]I'xf>.}y4T.2xZ",Check sum is 0
test,"PerTXI.2Edmuh<znIR:SnJBC:""	
8",Check sum is ?
test,?=g[4&2tPm\IhD563RS6pyGt<_t&wQo&f1,Check sum is 2
test,<K}.\k(Yu ,Check sum is /
test,je8h&o3P\v8-=b>P6GX&^wf`(,Check sum is I
test,Kw{`_M:t7fN~H/oe:~^9u%=?StljcW|}A{	TI=5%,Check sum is 9
test,VIA?]R>?+Rb1iiwznJN[lZb(,Check sum is /
test,"$B$<xI6RBp}A7g:5{7oP~7>Z\9FQh""gW}=20h@/O&ee%dG<E",Check sum is !
test,"Ipn%
qJ}H3K3PovGr/AM]
#1sK\a(Iq[w*",Check sum is &
test,{],Check sum is 8
test,[cQv24ptuYMD{HEQ=Ua0]OZ2jV>^\H9[zCf	-}],Check sum is I
test,5rQC|E~,Check sum is Z
test,u0,Check sum is E
test,4OTD'sA]==\*m g*:YvW4!h,Check sum is .
test,"{{8@2*l'Qx,	ios]r2`*p><	$;y9sTbS'NQ}~'{b|]z
",Check sum is 3
test,"d2
lRMbfP	w5}b^	~miiE",Check sum is  
test,$<h#ELzV8S~*#aL<M]06,Check sum is ;
test,"`B-""#RTbsvmW7FZN]5\!7S
 yF&",Check sum is 6
test,F%bp7!j#<^{m-lQ#K(r@zqZd:7QG	%n[M8;q%'l0#[A,Check sum is 7
test,XK>,Check sum is A
test,Y!?5*><y,Check sum is +
test,"*J\bJt[_ldd,{)]9s67 dAY""gH}e#BmbQH%&5ROj=1[&nMJ",Check sum is !
test,"{I~sovg;RKmb6{i""6:>o?$r*0=fQDdbZE~;|s|Ts2yCv-F0s",Check sum is R
