set,input1,output1
train,,Check sum is  
train,	,Check sum is )
train,"
",Check sum is *
train,"B
","Check sum is ,"
train,"

",Check sum is 4
train,"

















































",Check sum is T
train,                                                  ,Check sum is  
train,ssssssssssssssssssssssssssssssssssssssssssssssssss,Check sum is V
train,"CD
CD
CD
CD
CD
CD
CD
CD
CD
CD
CD
CD
CD
CD
CD
CD
CD",Check sum is 7
train,"x
y x
y x
y x
y x
y x
y x
y x
y x
y x
y x
y x
y x
",Check sum is &
train," 
 
 
 
 
 
 
 
 
 
 
 
 
 
 
 
 
 
 
 
 
 
 
 
 
",Check sum is :
train, ,Check sum is @
train,!,Check sum is A
train,"""",Check sum is B
train,#,Check sum is C
train,$,Check sum is D
train,%,Check sum is E
train,&,Check sum is F
train,',Check sum is G
train,(,Check sum is H
train,),Check sum is I
train,*,Check sum is J
train,+,Check sum is K
train,",",Check sum is L
train,-,Check sum is M
train,.,Check sum is N
train,/,Check sum is O
train,0,Check sum is P
train,1,Check sum is Q
train,2,Check sum is R
train,3,Check sum is S
train,4,Check sum is T
train,5,Check sum is U
train,6,Check sum is V
train,7,Check sum is W
train,8,Check sum is X
train,9,Check sum is Y
train,:,Check sum is Z
train,;,Check sum is [
train,<,Check sum is \
train,=,Check sum is ]
train,>,Check sum is ^
train,?,Check sum is _
train,@,Check sum is  
train,A,Check sum is !
train,B,"Check sum is """
train,C,Check sum is #
train,D,Check sum is $
train,E,Check sum is %
train,F,Check sum is &
train,G,Check sum is '
train,H,Check sum is (
train,I,Check sum is )
train,J,Check sum is *
train,K,Check sum is +
train,L,"Check sum is ,"
train,M,Check sum is -
train,N,Check sum is .
train,O,Check sum is /
train,P,Check sum is 0
train,Q,Check sum is 1
train,R,Check sum is 2
train,S,Check sum is 3
train,T,Check sum is 4
train,U,Check sum is 5
train,V,Check sum is 6
train,W,Check sum is 7
train,X,Check sum is 8
train,Y,Check sum is 9
train,Z,Check sum is :
train,[,Check sum is ;
train,\,Check sum is <
train,],Check sum is =
train,^,Check sum is >
train,_,Check sum is ?
train,`,Check sum is @
train,a,Check sum is A
train,b,Check sum is B
train,c,Check sum is C
train,d,Check sum is D
train,e,Check sum is E
train,f,Check sum is F
train,g,Check sum is G
train,h,Check sum is H
train,i,Check sum is I
train,j,Check sum is J
train,k,Check sum is K
train,l,Check sum is L
train,m,Check sum is M
train,n,Check sum is N
train,o,Check sum is O
train,p,Check sum is P
train,q,Check sum is Q
train,r,Check sum is R
train,s,Check sum is S
train,t,Check sum is T
train,u,Check sum is U
train,v,Check sum is V
train,w,Check sum is W
train,x,Check sum is X
train,y,Check sum is Y
train,z,Check sum is Z
train,{,Check sum is [
train,|,Check sum is \
train,},Check sum is ]
train,~,Check sum is ^
train,A9,Check sum is Z
train,f0,Check sum is 6
train,^q,Check sum is /
train,b3,Check sum is 5
train,ld,Check sum is 0
train,1*,Check sum is ;
train,:N,Check sum is (
train,A~,Check sum is _
train,ep,Check sum is 5
train,"
F",Check sum is 0
train,uE,Check sum is Z
train,\b,Check sum is ^
train,uB,Check sum is W
train,EF,Check sum is +
train,1$,Check sum is 5
train,w9,Check sum is P
train,"""e",Check sum is '
train,5h,Check sum is =
train,?^,Check sum is =
train,%^,Check sum is #
train,\y,Check sum is 5
train,n~,Check sum is L
train,~D,"Check sum is """
train,`O,Check sum is O
train,*],Check sum is '
train,3T,Check sum is '
train,e],"Check sum is """
train,6b,Check sum is 8
train,zd,Check sum is >
train,2_,Check sum is 1
train,Ob,Check sum is Q
train, ),Check sum is )
train,+B,Check sum is M
train,*-,Check sum is 7
train,:p,Check sum is J
train,:l,Check sum is F
train,Iu,Check sum is ^
train,:#,Check sum is =
train,:O,Check sum is )
train,~S,Check sum is 1
train,@Q,Check sum is 1
train,o4,Check sum is C
train,Za,Check sum is [
train,OF,Check sum is 5
train,qA,Check sum is R
train,vU,Check sum is +
train,ah,Check sum is )
train,<8,Check sum is T
train,	j,Check sum is S
train,Ke,Check sum is P
train, H,Check sum is H
train,LQ,Check sum is =
train,%c,Check sum is (
train,9~,Check sum is W
train,L`,Check sum is L
train,+3z,Check sum is 8
train,MMV,Check sum is P
train,@r^,Check sum is 0
train,'_?,Check sum is %
train,)yF,Check sum is H
train,uBq,Check sum is H
train,",;~",Check sum is E
train,"5""A",Check sum is 8
train,ep/,Check sum is $
train,E1#,Check sum is 9
train,}T7,Check sum is (
train,s6s,Check sum is <
train,>fr,Check sum is 6
train,/>H,Check sum is U
train,7g ,Check sum is ^
train,!sH,Check sum is <
train,PiE,Check sum is ^
train,{	~,"Check sum is """
train,|Wx,Check sum is +
train,+yp,Check sum is 4
train,	{+,Check sum is O
train,M=T,Check sum is >
train,J4W,Check sum is 5
train,V;u,Check sum is &
train,",!\",Check sum is I
train,=AL,Check sum is *
train,-$7,Check sum is (
train,e!n,Check sum is T
train,ivB,Check sum is A
train,y 	,Check sum is B
train,)E6,Check sum is D
train,aI\,Check sum is &
train,b\*,Check sum is H
train,WWc,Check sum is 1
train,?g=,Check sum is C
train,gmI,Check sum is =
train,'^*,Check sum is O
train,"<,T",Check sum is \
train,W+`,Check sum is B
train,K]9,Check sum is A
train,0)&,Check sum is _
train,C%q,Check sum is 9
train,t(\,Check sum is X
train,JC1,Check sum is ^
train,yG},Check sum is ]
train,T/6,Check sum is Y
train,"^""r",Check sum is R
train,X91,"Check sum is """
train,vV ,Check sum is L
train,'.5,Check sum is *
train,]tbOuKz;~(\mAcbMPA7C+z,Check sum is I
train,Uj\'Ov+UKyH,Check sum is 3
train,"gtv,J%]bc%R!Y+
d",Check sum is 8
train,"3]""xN,.++MW yHp+kp}~*kY","Check sum is ,"
train,"?gR^Xud/#h7}B)ZtwF<U%,B'Kq^:O1\cb`Ky@:M>lz?I&RJ",Check sum is $
train,"2oJ8Nzib
'Mvn([['fq}Rd	steeWR	P	kxa;PE..7Au",Check sum is )
train,";ze mSqAyb]%m&'K<+)-im,MDuw=.#(jd7[;!}@2'Qa",Check sum is $
train,"u |rX^""sJ^1
m	`k&1//576{X7qp8b",Check sum is .
train,@%k^(96E:C,Check sum is '
train,"bM
_uTd;0J<OQ{ j3",Check sum is .
train,"YS[+h	Se{9^<
#Sc4.p7=}{	0
O	Rp8~T]lq-ijh(N""8
}",Check sum is J
train,\%b&Rc}l14'};,Check sum is K
train,ec7R5rs,Check sum is K
train,"aH^!-pli	naKw'DJ%>,,(rIe\)kR~b",Check sum is .
train,"i/9^eCk*:vEdCH_d'#s2XXRGd""`ujv",Check sum is &
train,"yxmaS ""Au-$3T",Check sum is B
train,"KQAD'Y{LG#fUl[t
E m 55qYU;*U'$ZHH]>T",Check sum is K
train,"t}Z_+Q,2G2o?aV""=&+9w`g ^mZ,	)L9o",Check sum is @
train,"h?Q""_+3{ GuJiLXS8gg=SE2iu'LN$S",Check sum is [
train,"4A6}n|-""qJ3",Check sum is /
train,#n5pIv)jDu3FDFi#p(Qe$I-\',Check sum is [
train,"tN0`3>:?G[
\K%6+wQ	j""PlVj0`=o[z_k~& tle8",Check sum is *
train,i93a'2!\	Lk60rbVMJW#F`d$c	.	TrE66d4g-@,Check sum is A
train,e(6A~Sb,Check sum is W
train,"0~f_!,Y++%rBad;}OJ)hvN~)BiO$*%DZ;S?QiOj+",Check sum is 0
train,"	qv4R
V!'g__`^hyL=[lS'G #'(tOg0#^OH(-A*@",Check sum is W
train,lC	~2^L:W@m[Lgh_;)@$qnlVd4_sH!^t1p,Check sum is 4
train,"cNW}"";""%wcuD&[!@/
@. e:!F2NK\o:G:79%zv1wySPzK[C`x",Check sum is  
train,"
ufeYN2Q`]`7=""K:",Check sum is L
train,"DwH-zv.6M@Pp@D*W~h08qi
@}J<+~`OIr0S,+LW;PxGb",Check sum is '
train,*],Check sum is '
train,"O/?.kgf<
2OLM*{5<tn1}8.Ti^yLB\iYoEZ",Check sum is =
train,"v9""*LVwwQC
 Qk",Check sum is %
train,!M_7t.|S.Lh}5J?n9nk	maC,Check sum is L
train,h>:w`kX\Fy$:\$A0,Check sum is D
train,ktc?_hh@4ThrSDaEdbv7ok/<I(+WN=,Check sum is %
train,"6FsP>5F.8_iO?g'=#r	(#,5B\d
=|4'~",Check sum is G
train,1|p[]|/w}TuJ{^K]`Dmk-^!,Check sum is P
train,fmkT4d(bCw/F,Check sum is C
train,"ATP'jFHU=<<F[kh*^3TNP,\6m>68~#x}!hTqNG?LR?",Check sum is ;
train,qt-5n6m{@&*e/)pIMx-Wo*{DRg	Z:w\,Check sum is C
train,ho.;;Gsa3qVSC/lNw9	_K\cv9qNt{(<{.w42cK[9q(,Check sum is 3
train,"B%1|)Ll47%/s>bsf/Y'!@8+0X}uX_nH2&Kv?Me,yC""",Check sum is .
train,"O""C>BC|'QW>gX",Check sum is _
train,rCG+hk*$X^{Eye:U	9!si)]C,Check sum is S
train,/P6/thwJ$'.,Check sum is Z
train,"8tyg/|fjni]\o^El/]=lO
(C",Check sum is .
train,"L<fR-^NFI2-}Ljdh$@,`B %}k{	ef:}",Check sum is K
train,Dxa))q|:y2W|,Check sum is 4
train,%OqYyBn'2ONrr+KTzSiFM|6Lb/E BUD4|(|,Check sum is W
train,"]Kzix{g|u!Ex3wT;1T$i`SQV""rHA@?,OT)ic(nS%c_WK)k",Check sum is _
train,`1fF43R !/sat72{.:NL%6GpsG,Check sum is @
train,">9o<_<<o=Lj$&v5#^QnG6wB>Dz]6igU,\o9G\
b`R7fYOQ",Check sum is !
train,"A,8~s)Y)A:%Qbe,BquNq5wj?bU+Q@S/1=|>>/(0;9_5",Check sum is +
train,",])#=%p!9z4 tTilP:",Check sum is V
train,"`"">`6JA{,'xU4Rb&GQ{7@>Fkavi",Check sum is #
train," =&Uh\	sV|D~U5sz+w1[*\""HS:y*UH+O&^\uux",Check sum is *
train,"B:w'cMg0%eixm9Xt`=)+`,.9s'ggFX#IF\&Q",Check sum is M
train,K	/+*(,Check sum is  
train,"|aW^9U?b<NOwJn01_Z|-nY	
]WDeLdyL;-$b",Check sum is F
train,"eG}SfwvhZu
 [8^dV!=N*ncNW##x}7=iLuBDz",Check sum is  
train,"G#\{Kh^XM
~GVcfjnDwr4n\X5",Check sum is U
train,".k{UTU_JbU
NO<msaofHNrQQ,Lzb4j<@hOdZBz:qYtfDg_Dqw0",Check sum is X
train,B^(SVBz1 pit)gN,Check sum is I
train,)n(xi,Check sum is @
train,"""""tW1p;Bcu>%g< ZH1h_<fl5=)
j&T",Check sum is <
train,d}i}m\R7@U53~a</1Eu <pE,Check sum is <
train,"y8(CE`@i<T[)2o7LC\~Q_oz]""",Check sum is 7
train,XlTwu6n'*WpVSO^	M(w5o8Im$z7!=tXRSOEXc`,Check sum is P
train,"c,/w""-}d-",Check sum is 2
train,"?4}#""HhL+f}}FYv5>M@I+F\%VBE",Check sum is I
train,"=7q""9r:a[3
G[$G$RU	oI;m`",Check sum is &
train,P`S.vva?G2	;?B/R`zX1JNqXt+nW&BmqX'FD#@|*XNu*g j&*j,Check sum is L
train,AWHQ0U'l3,Check sum is \
train,n5	2~JovM;-pZ{:}'RfJ*RFI9Z1WR[H!;%LwMQ\A.(;m,Check sum is ]
train,1RV8	.V6$sQw=FyZ5? 9Q ?-Arb,Check sum is (
train,"b""&72Rrb%O;v?Cg&Ult^p}",Check sum is M
train,"*8v
VjrvuP_/x4U0f
S0feq;;Q'q",Check sum is <
train,"27%=^XHIuR9n%q)W(Nb|%_a7^{C?W21#2pvkbf=M$<`I&`5k""",Check sum is D
train,1u<s,Check sum is 5
train,6 SUcN,Check sum is O
train,*Yq#=gR,Check sum is -
train,"GxPIK,)]m'XU|2YZTJE",Check sum is :
train,"/aOKC=:!KoTEIN$s%YKk1
7,tW	?G~MGp~",Check sum is R
train,"Ueoq41QWm.Qdm|qKU/JR!<MP9qBh =6dQ]9os_g0v*
",Check sum is J
train,"3.8^;.d)4,2ovzG=&~
Iq""4y(\V^	9eC~1`RQyNnk!4-",Check sum is /
train,+OX2@!T %	(,Check sum is O
train,o:#H,Check sum is 4
train,"E
J|L>a",Check sum is  
test,K},Check sum is (
test,p|,Check sum is L
test,g#,Check sum is *
test,G9,Check sum is  
test,0P,Check sum is  
test,:y,Check sum is S
test,MH,Check sum is 5
test,l|,Check sum is H
test,C=,Check sum is  
test,_W,Check sum is V
test,o},Check sum is L
test,!V,Check sum is W
test,Re,Check sum is W
test,yc,Check sum is <
test,#/,Check sum is 2
test,GJ,Check sum is 1
test,38,Check sum is K
test,%`,Check sum is %
test,(f,Check sum is .
test,Fn,Check sum is T
test,(1,Check sum is 9
test,H#,Check sum is K
test,0V,Check sum is &
test,Yq,Check sum is *
test,F<,"Check sum is """
test,EF,Check sum is +
test,em,Check sum is 2
test,E#,Check sum is H
test,dZ,Check sum is ^
test,JR,Check sum is <
test,ps,Check sum is C
test,}s,Check sum is P
test,ME,Check sum is 2
test,Cu,Check sum is X
test,xF,Check sum is ^
test,0@,Check sum is P
test,3i,Check sum is <
test,NK,Check sum is 9
test,S%,Check sum is X
test,(!,Check sum is )
test,hj,Check sum is 2
test,x{,Check sum is S
test,i',Check sum is 0
test,9@,Check sum is Y
test,1A,Check sum is R
test,E5,Check sum is Z
test,KW,Check sum is B
test,Q2,Check sum is #
test,)V,Check sum is _
test,$*,Check sum is .
test,~u,Check sum is S
test,i/,Check sum is 8
test,u`,Check sum is 5
test,kl,Check sum is 7
test,VN,Check sum is D
test,@=,Check sum is ]
test,B(,Check sum is J
test,Re,Check sum is W
test,83,Check sum is K
test,-],Check sum is *
test,Sb,Check sum is U
test,3y,Check sum is L
test,`S,Check sum is S
test,WN,Check sum is E
test,'.,Check sum is 5
test,1A,Check sum is R
test,{^,Check sum is 9
test,0P,Check sum is  
test,";,",Check sum is G
test,;s,Check sum is N
test,m7,Check sum is D
test,;w,Check sum is R
test,{`,Check sum is ;
test,$3,Check sum is 7
test,o(,Check sum is 7
test,	V,Check sum is ?
test,ys,Check sum is L
test,4^,Check sum is 2
test,FN,Check sum is 4
test,ir,Check sum is ;
test,	3,Check sum is \
test,(.,Check sum is 6
test,@r,Check sum is R
test,~_,Check sum is =
test,=A,Check sum is ^
test,Us,Check sum is (
test,e5,Check sum is :
test,2~,Check sum is P
test,&T,Check sum is Z
test,`*,Check sum is *
test,F#,Check sum is I
test,6V,"Check sum is ,"
test,`>,Check sum is >
test,EJ,Check sum is /
test,Zf,Check sum is  
test,'-,Check sum is 4
test,l?,Check sum is K
test,n<,Check sum is J
test,(@,Check sum is H
test,<w,Check sum is S
test,?&,Check sum is E
test,NF,Check sum is 4
test,MO,Check sum is <
test,h6,Check sum is >
test,HC,Check sum is +
test,"
V",Check sum is @
test,kI,Check sum is T
test,"""
",Check sum is L
test,vc,Check sum is 9
test, \,Check sum is \
test,l',Check sum is 3
test,OC,Check sum is 2
test,JI,Check sum is 3
test,di,Check sum is -
test,0w,Check sum is G
test,/V,Check sum is %
test,	k,Check sum is T
test,"""J",Check sum is L
test,gf,Check sum is -
test,/9,Check sum is H
test,~2,Check sum is P
test,J!,Check sum is K
test,ze,Check sum is ?
test,"5
",Check sum is _
test,V#,Check sum is Y
test,3k,Check sum is >
test,8B,Check sum is Z
test,",j",Check sum is 6
test,m<,Check sum is I
test,26,Check sum is H
test,QS,Check sum is D
test,r:,Check sum is L
test,=D,Check sum is !
test,I4,Check sum is ]
test,Ov,Check sum is %
test,3E,Check sum is X
test,m4,Check sum is A
test,M+,Check sum is X
test,p`,Check sum is 0
test,.b,Check sum is 0
test,"
)",Check sum is S
test,=.,Check sum is K
test,70,Check sum is G
test,Oi,Check sum is X
test,nL,Check sum is Z
test,Nr,Check sum is  
test,Uk,Check sum is  
test,kO,Check sum is Z
test,g<,Check sum is C
test,7I,Check sum is  
test,C1,Check sum is T
test,.X,Check sum is &
test,$],Check sum is !
test,(K,Check sum is S
test,)4,Check sum is =
test,5R,Check sum is '
test,G3,Check sum is Z
test,sB,Check sum is U
test,JF,Check sum is 0
test,q&,Check sum is 7
test,/$,Check sum is 3
test,i{,Check sum is D
test,4<,Check sum is P
test,gU,Check sum is \
test, >,Check sum is >
test,aL,Check sum is M
test,s1,Check sum is D
test,fw,Check sum is =
test,rC,Check sum is U
test,&%,Check sum is +
test,9;,Check sum is T
test,WV,Check sum is M
test,R;,Check sum is -
test, P,Check sum is P
test,tg,Check sum is ;
test,Cl,Check sum is O
test,[d,Check sum is _
test,=~,Check sum is [
test,&g,Check sum is -
test,#?,Check sum is B
test,"""_",Check sum is !
test,`2,Check sum is 2
test,^ ,Check sum is ^
test,?q,Check sum is P
test,6!,Check sum is 7
test,Xo,Check sum is '
test,;*,Check sum is E
test,Xw,Check sum is /
test,B*,Check sum is L
test,6?,Check sum is U
test,$',Check sum is +
test,"K
",Check sum is 5
test,uo,Check sum is D
test,)B,Check sum is K
test,]F,Check sum is C
test,~&,Check sum is D
test,"
L",Check sum is 6
test,aP,Check sum is Q
test,Kd,Check sum is O
test,/N,Check sum is ]
test,N/,Check sum is ]
test,",\",Check sum is (
test,m6,Check sum is C
test,'N,Check sum is U
test,6E,Check sum is [
test,0a,Check sum is 1
test,L9,Check sum is %
test,#S,Check sum is V
test,DT,Check sum is 8
test,6{,Check sum is Q
test,TD,Check sum is 8
test,Yi,"Check sum is """
test,;@,Check sum is [
test,p_,Check sum is /
test, =,Check sum is =
test,&B,Check sum is H
test,l+,Check sum is 7
test,u9,Check sum is N
test,#n,Check sum is 1
test,jx,Check sum is B
test,C~,Check sum is !
test,g9,Check sum is @
test,jZ,Check sum is $
test,UN,Check sum is C
test,@7,Check sum is W
test,*l,Check sum is 6
test,rj,Check sum is <
test,].,Check sum is +
test,M+,Check sum is X
test,JS,Check sum is =
test,6w,Check sum is M
test,:!,Check sum is ;
test,27,Check sum is I
test,lz,Check sum is F
test,=c,Check sum is @
test,(G,Check sum is O
test,S^,Check sum is Q
test,'+,Check sum is 2
test,5[,Check sum is 0
test,K@,Check sum is +
test,^z,Check sum is 8
test,m7,Check sum is D
test,Q<,Check sum is -
test,zW,Check sum is 1
test,Hs,Check sum is [
test,oO,Check sum is ^
test,:&,Check sum is @
test,"""""",Check sum is $
test,b',Check sum is )
test,vO,Check sum is %
test,b>,Check sum is @
test,h(,Check sum is 0
test,_',Check sum is &
test,@z,Check sum is Z
test,[^,Check sum is Y
test,dX,Check sum is \
test,JR,Check sum is <
test,_a,Check sum is  
test,[m,Check sum is (
test,\a,Check sum is ]
test,	t,Check sum is ]
test,}Y,Check sum is 6
test,t/,Check sum is C
test,@9,Check sum is Y
test,	^,Check sum is G
test,sj,Check sum is =
test,E|,Check sum is !
test,5z,Check sum is O
test,[_,Check sum is Z
test,E$,Check sum is I
test,[J,Check sum is E
test,~h,Check sum is F
test,R/,Check sum is !
test,kV,Check sum is !
test,zX,Check sum is 2
test,'*,Check sum is 1
test,JJ,Check sum is 4
test,-0,Check sum is =
test,lj,Check sum is 6
test,JM,Check sum is 7
test,QX,Check sum is I
test,",l",Check sum is 8
test,lO,Check sum is [
test,s^,Check sum is 1
test,NE,Check sum is 3
test,Dw,Check sum is [
test,@h,Check sum is H
test,<;,Check sum is W
test,eW,Check sum is \
test,An,Check sum is O
test,OW,Check sum is F
test,@_,Check sum is ?
test,/Y,Check sum is (
test,.1,Check sum is ?
test,4c,Check sum is 7
test,3X,Check sum is +
test,TZ,Check sum is N
test,bR,Check sum is T
test,QS,Check sum is D
test,"=""",Check sum is ?
test,a1,Check sum is 2
test,qW,Check sum is (
test,lA,Check sum is M
test,q.,Check sum is ?
test,fi,Check sum is /
test,T?,Check sum is 3
test,`/,Check sum is /
test,{?,Check sum is Z
test,?u,Check sum is T
test,oQ,Check sum is  
test,'R,Check sum is Y
test,J	,Check sum is 3
test,F4,Check sum is Z
test,F6,Check sum is \
test,ce,Check sum is (
test,.4,Check sum is B
test,dh,"Check sum is ,"
test,<E,Check sum is !
test,?0,Check sum is O
test,Q1,"Check sum is """
test,'!,Check sum is (
test,Tn,"Check sum is """
test,1N,Check sum is _
test,%f,Check sum is +
test,E',Check sum is L
test,zu,Check sum is O
test,SP,Check sum is C
test,rs,Check sum is E
test,kW,"Check sum is """
test,Rm,Check sum is _
test,1c,Check sum is 4
test,7X,Check sum is /
test,yS,"Check sum is ,"
test,hz,Check sum is B
test,",X",Check sum is $
test,w_,Check sum is 6
test,j@,Check sum is J
test,2S,Check sum is %
test,pu,Check sum is E
test,G1,Check sum is X
test,Xb,Check sum is Z
test,)J,Check sum is S
test,u[,Check sum is 0
test,Cb,Check sum is E
test,'w,Check sum is >
test,d5,Check sum is 9
test,=Z,Check sum is 7
test,=h,Check sum is E
test,{G,"Check sum is """
test,LT,Check sum is @
test,{^,Check sum is 9
test,r],Check sum is /
test,~N,"Check sum is ,"
test,O ,Check sum is O
test,-#,Check sum is 0
test,~s,Check sum is Q
test,~%,Check sum is C
test,-<,Check sum is I
test,'c,Check sum is *
test,tc,Check sum is 7
test,YG,Check sum is @
test,"!""",Check sum is #
test,0Z,Check sum is *
test,*U,Check sum is _
test,\X,Check sum is T
test,'L,Check sum is S
test,z},Check sum is W
test,>l,Check sum is J
test,\E,Check sum is A
test,Vp,Check sum is &
test,?|,Check sum is [
test,"
&",Check sum is P
test,Yv,Check sum is /
test,%F,Check sum is K
test,|E,Check sum is !
test,q],Check sum is .
test,7B,Check sum is Y
test,{P,Check sum is +
test,dW,Check sum is [
test,<S,Check sum is /
test,~?,Check sum is ]
test,Pn,Check sum is ^
test,jM,Check sum is W
test,LX,Check sum is D
test,0=,Check sum is M
test,{v,Check sum is Q
test,h7,Check sum is ?
test,`l,"Check sum is ,"
test,Of,Check sum is U
test,&C,Check sum is I
test,"`
",Check sum is J
test,=x,Check sum is U
test,|#,Check sum is ?
test,",>",Check sum is J
test,~-,Check sum is K
test,yE,Check sum is ^
test,_V,Check sum is U
test,T~,Check sum is 2
test,!o,Check sum is 0
test,G~,Check sum is %
test,_T,Check sum is S
test,~r,Check sum is P
test,.B,Check sum is P
test,"U,",Check sum is !
test,@l,Check sum is L
test,cx,Check sum is ;
test,Ai,Check sum is J
test,Do,Check sum is S
test,|2,Check sum is N
test,T#,Check sum is W
test,Sy,"Check sum is ,"
test,Bp,Check sum is R
test,_|,Check sum is ;
test,}(,Check sum is E
test,"=""",Check sum is ?
test,^:,Check sum is 8
test,iy,Check sum is B
test,E],Check sum is B
test, e,Check sum is %
test,6\,Check sum is 2
test,54,Check sum is I
test,ZB,Check sum is <
test,n7,Check sum is E
test,NG,Check sum is 5
test,Sa,Check sum is T
test,2k,Check sum is =
test,@*,Check sum is J
test,-V,Check sum is #
test,:?,Check sum is Y
test,#+,Check sum is .
test,e ,Check sum is %
test,>},Check sum is [
test,W?,Check sum is 6
test,w4,Check sum is K
test,v3,Check sum is I
test,gj,Check sum is 1
test,-4,Check sum is A
test,|<,Check sum is X
test,tk,Check sum is ?
test,f7,Check sum is =
test,T_,Check sum is S
test,fw,Check sum is =
test,9O,Check sum is (
test,R3,Check sum is %
test,!X,Check sum is Y
test,G`,Check sum is G
test,6o,Check sum is E
test,od,Check sum is 3
test,KL,Check sum is 7
test,2^,Check sum is 0
test,%$,Check sum is )
test,:K,Check sum is %
test,t#,Check sum is 7
test,+J,Check sum is U
test,"""_",Check sum is !
test,",E",Check sum is Q
test,EO,Check sum is 4
test,a#,Check sum is $
test,",
",Check sum is V
test,K%,Check sum is P
test,@5,Check sum is U
test,NT,Check sum is B
test,m&,Check sum is 3
test,I^,Check sum is G
test,cj,Check sum is -
test,nq,Check sum is ?
test,ou,Check sum is D
test,w},Check sum is T
test,i-,Check sum is 6
test,b/,Check sum is 1
test,+p,Check sum is ;
test,rR,Check sum is $
test,sf,Check sum is 9
test,Y:,Check sum is 3
test,~3,Check sum is Q
test,Cq,Check sum is T
test,Hh,Check sum is P
test,r;,Check sum is M
test,%>,Check sum is C
test,gI,Check sum is P
test,1t,Check sum is E
test,|<,Check sum is X
test,Lx,Check sum is $
test,(R,Check sum is Z
test,^X,Check sum is V
test,\!,Check sum is ]
test,>_,Check sum is =
test,\l,Check sum is (
test,DE,Check sum is )
test,M7,Check sum is $
test,In,Check sum is W
test,O1,Check sum is  
test,Df,Check sum is J
test,+#,Check sum is .
test,1^,Check sum is /
test,2f,Check sum is 8
test,x2,Check sum is J
test,n?,Check sum is M
test,|H,Check sum is $
test,;e,Check sum is @
test,*iB,Check sum is 5
test,"3n,",Check sum is -
test,^cC,Check sum is $
test,9^7,Check sum is .
test,|5S,Check sum is $
test,.k:,Check sum is 3
test,{yJ,Check sum is ^
test,Cj},Check sum is J
test,#o@,Check sum is 2
test,S.+,Check sum is L
test,Ms^,Check sum is >
test,x^b,Check sum is X
test,j(N,Check sum is @
test,?QN,Check sum is >
test,X5.,Check sum is [
test,<'>,Check sum is A
test,p/&,Check sum is %
test,5jd,Check sum is #
test,K=<,Check sum is $
test,F#X,Check sum is !
test,P6x,Check sum is ^
test,"K""?",Check sum is L
test,(~\,"Check sum is """
test,"
v)",Check sum is I
test,(aQ,Check sum is :
test,s%O,Check sum is G
test,%S[,Check sum is 3
test,D>(,Check sum is J
test,g$K,Check sum is 6
test,7vJ,Check sum is W
test,"W
\",Check sum is ]
test,g=i,Check sum is -
test,}~G,"Check sum is """
test,0F&,Check sum is <
test,Gj\,Check sum is -
test,Q^r,Check sum is A
test,ME9,Check sum is +
test,rKn,Check sum is K
test,%\|,Check sum is ]
test,r6S,Check sum is [
test,#4l,Check sum is #
test,R;w,Check sum is $
test,'A9,Check sum is A
test,TaD,Check sum is Y
test,g[9,Check sum is [
test,6(m,Check sum is +
test,"U
H",Check sum is G
test,LdS,Check sum is #
test,\;D,Check sum is ;
test,5Id,Check sum is B
test,&D	,Check sum is S
test,B.1,Check sum is A
test,"<(,",Check sum is 0
test,hEu,Check sum is B
test,Aa),Check sum is +
test,u{d,Check sum is 4
test,GsH,"Check sum is """
test,S@#,Check sum is V
test,k86,Check sum is 9
test,vp\,"Check sum is """
test,`rs,Check sum is %
test,+I{,Check sum is O
test,Rd0,Check sum is F
test,taq,Check sum is &
test,#s8,Check sum is .
test,-i!,Check sum is W
test,`9E,Check sum is >
test,xSP,Check sum is ;
test,&c/,Check sum is X
test,"{,)",Check sum is 0
test,gM	,Check sum is ]
test,):O,Check sum is R
test,~@9,Check sum is W
test,a`|,Check sum is ]
test,|Q2,Check sum is _
test,:=K,"Check sum is """
test,Ir3,Check sum is N
test,tmo,Check sum is 0
test,x3$,Check sum is /
test,dT3,Check sum is K
test,lf_,Check sum is Q
test,AzJ,Check sum is %
test,9HH,Check sum is )
test,]vD,Check sum is 7
test,KUw,Check sum is 7
test,[Wi,Check sum is ;
test,~TW,Check sum is I
test,6w8,Check sum is E
test,jQW,Check sum is 2
test,D>9,Check sum is [
test,(*u,Check sum is '
test,ff\,Check sum is H
test,"8u
",Check sum is W
test,'a|,Check sum is $
test,*w],Check sum is ^
test,"oN""",Check sum is ?
test,O	b,Check sum is Z
test,"+y,",Check sum is 0
test,(pa,Check sum is Y
test,nSN,Check sum is /
test,ATj,Check sum is _
test,.[>,Check sum is '
test,_-z,Check sum is &
test,d4T,Check sum is L
test,7q7,Check sum is ?
test,pC&,Check sum is 9
test,;#e,Check sum is #
test,EG<,Check sum is (
test,"1,a",Check sum is ^
test,	b+,Check sum is 6
test,o&i,Check sum is ^
test,Ac2,Check sum is 6
test,"
CA",Check sum is .
test,Z}b,Check sum is Y
test,9Pz,Check sum is #
test,^&b,Check sum is F
test,HKb,Check sum is U
test,2~X,Check sum is (
test,C_6,Check sum is 8
test,fHE,Check sum is S
test,pbv,Check sum is (
test,e`O,Check sum is 4
test,EGi,Check sum is U
test,T T,Check sum is (
test,S8X,Check sum is C
test,IJs,Check sum is &
test,9}j,Check sum is @
test,~+Q,Check sum is Z
test,qVp,Check sum is W
test,yhb,Check sum is #
test,T.&,Check sum is H
test,!e:,Check sum is  
test,8W!,Check sum is P
test,puk,Check sum is 0
test,tg1,"Check sum is ,"
test,ZzH,Check sum is <
test,"
b=",Check sum is I
test,iNM,Check sum is $
test,`($,Check sum is L
test,mp<,Check sum is 9
test,H1M,Check sum is &
test,s*B,Check sum is ?
test,:nz,Check sum is B
test,uU?,Check sum is )
test,Pm?,Check sum is \
test,hc!,Check sum is L
test,ug!,Check sum is ]
test,xdh,Check sum is $
test,9$g,Check sum is $
test,>aF,Check sum is E
test,><8,Check sum is R
test,"H""u",Check sum is ?
test,[^C,Check sum is \
test,H=D,Check sum is )
test,8s	,Check sum is T
test,r+7,Check sum is 4
test,0y1,Check sum is :
test,t]Y,Check sum is J
test,\rF,Check sum is 4
test,{Nl,Check sum is U
test,o@C,Check sum is R
test,SJ;,Check sum is 8
test,(Q;,Check sum is T
test,zq3,Check sum is >
test,#OF,Check sum is X
test,%!f,Check sum is L
test,"-t
",Check sum is K
test,|yJ,Check sum is _
test,-\/,Check sum is X
test,-<z,Check sum is C
test,_4_,Check sum is R
test,ybh,Check sum is #
test,\GK,Check sum is N
test,"
2G",Check sum is #
test,/{F,Check sum is P
test,}As,Check sum is Q
test,"M,'",Check sum is @
test,sI},Check sum is Y
test,I&_,Check sum is .
test,gh!,Check sum is P
test,x]F,Check sum is ;
test,d7%,Check sum is  
test,"{,F",Check sum is M
test,Jxr,Check sum is T
test,;/#,Check sum is -
test,$*),Check sum is W
test,Qn=,Check sum is \
test,	{-,Check sum is Q
test,B;\,Check sum is 9
test,*It,Check sum is G
test,+.r,Check sum is +
test,D56,Check sum is O
test,hEY,Check sum is &
test,K ?,Check sum is J
test,)&r,Check sum is !
test,.ft,Check sum is (
test,<:=,Check sum is S
test,UB!,Check sum is X
test,",y5",Check sum is :
test,ryT,Check sum is _
test,['.,Check sum is P
test,=d2,Check sum is 3
test,jDJ,Check sum is X
test,dC;,Check sum is B
test,($o,Check sum is [
test,% 2,Check sum is W
test,Fx{,Check sum is Y
test,;EV,Check sum is 6
test,X9?,Check sum is 0
test,)}l,Check sum is 2
test,"iU,",Check sum is J
test,B{m,Check sum is J
test,APa,Check sum is R
test,L%	,Check sum is Z
test,oB~,Check sum is O
test,J)',Check sum is :
test,uOw,Check sum is [
test,jl%,Check sum is [
test,Og&,Check sum is <
test,%Ah,Check sum is .
test,b~C,Check sum is C
test,Sy0,Check sum is \
test,?BJ,Check sum is +
test,04+,Check sum is /
test,t0O,Check sum is S
test,h30,Check sum is +
test,l:4,Check sum is :
test,^lw,Check sum is !
test,UZ5,Check sum is D
test,zR^,Check sum is J
test,iq:,Check sum is 4
test,",^e",Check sum is O
test,4df,Check sum is ^
test,N9V,Check sum is =
test,p_b,Check sum is Q
test,"""~3",Check sum is 3
test,i'N,Check sum is >
test,t)[,Check sum is X
test,N<@,Check sum is *
test,or^,Check sum is _
test,Xjk,Check sum is M
test,!BB,Check sum is E
test,ifb,Check sum is Q
test,KcV,Check sum is $
test,}K3,Check sum is [
test,v	P,Check sum is /
test,"%
5",Check sum is D
test,|gb,Check sum is %
test,HhJ,Check sum is Z
test,%<g,Check sum is (
test,"`

",Check sum is T
test,gA4,Check sum is <
test,v%{,Check sum is 6
test,]S$,Check sum is 4
test,8:=,Check sum is O
test,KmG,Check sum is _
test,f_3,Check sum is X
test,edP,Check sum is 9
test,0D ,Check sum is 4
test,i$n,Check sum is [
test,"C,]","Check sum is ,"
test,szZ,Check sum is '
test,"""JO",Check sum is [
test,":""q",Check sum is -
test,J	L,Check sum is ?
test,6x\,Check sum is *
test,QrC,Check sum is &
test,iSU,Check sum is 1
test,`{_,Check sum is Z
test,-^G,Check sum is 2
test,nl-,Check sum is '
test,~Cd,Check sum is E
test,Bav,Check sum is 9
test,@	m,Check sum is V
test,(f-,Check sum is [
test,o+_,Check sum is Y
test,Ic#,Check sum is /
test,tIP,Check sum is -
test,v e,Check sum is [
test,.Zg,Check sum is O
test,`7C,Check sum is :
test,X \,Check sum is 4
test,~EX,Check sum is ;
test,FPv,"Check sum is ,"
test,Gr9,Check sum is R
test,X80,Check sum is  
test,0F_,Check sum is 5
test,qR;,Check sum is ^
test,gR ,Check sum is 9
test,c8p,Check sum is +
test,+zl,Check sum is 1
test,`%Y,Check sum is >
test,e'>,Check sum is *
test,neQ,Check sum is D
test,+4Q,Check sum is P
test,8>D,Check sum is Z
test,z@(,Check sum is B
test,",E0",Check sum is A
test,Gjk,Check sum is <
test,"{|,",Check sum is C
test,qM.,Check sum is L
test,;x\,Check sum is /
test,Dp),Check sum is =
test,eLV,Check sum is '
test,ibJ,Check sum is 5
test,A*	,Check sum is T
test,=O6,"Check sum is """
test,A`#,Check sum is $
test,UCD,Check sum is <
test,m&\,Check sum is O
test,"`	,",Check sum is 5
test,I0&,Check sum is ?
test,>'T,Check sum is Y
test,2|h,Check sum is 6
test,(Zg,Check sum is I
test,_YU,Check sum is -
test,W^J,Check sum is _
test,6x6,Check sum is D
test,QZa,"Check sum is ,"
test,~oN,Check sum is [
test,&jT,Check sum is D
test,GD),Check sum is T
test,BXm,Check sum is '
test,'I.,Check sum is >
test,PQ3,Check sum is 4
test,&k5,Check sum is &
test,adq,Check sum is V
test,H?D,Check sum is +
test,7-x,Check sum is <
test,uL5,Check sum is V
test,V8@,Check sum is .
test,g		,Check sum is Y
test,".,h","Check sum is """
test,FX6,Check sum is 4
test,xZ0,"Check sum is """
test,JRf,"Check sum is """
test,'qA,Check sum is 9
test,]ZN,Check sum is %
test,}mG,Check sum is Q
test, d_,Check sum is C
test,ha>,Check sum is '
test,qsn,Check sum is 2
test,",%^",Check sum is O
test,O?*,Check sum is X
test,zs#,Check sum is 0
test,T*T,Check sum is 2
test,ay@,Check sum is :
test,UKg,Check sum is '
test,t/e,Check sum is (
test,JEY,Check sum is H
test,8w-,Check sum is <
test,Ecc,Check sum is +
test,rc?,Check sum is 4
test,Ibt,Check sum is ?
test,POZ,Check sum is Y
test,G;3,Check sum is U
test,8vv,Check sum is D
test,&X;,Check sum is Y
test,p93,Check sum is <
test,QJD,Check sum is ?
test,Mxb,Check sum is G
test,\Bq,Check sum is /
test,-kN,Check sum is F
test,YIp,Check sum is 2
test,"
_#","Check sum is ,"
test,~xe,Check sum is ;
test,H^S,Check sum is Y
test,C)*,Check sum is 6
test,TS4,Check sum is ;
test,3]	,Check sum is 9
test,e]H,Check sum is *
test,A>T,Check sum is 3
test,Fbr,Check sum is :
test,N*H,Check sum is  
test,=_T,Check sum is P
test,P&P,Check sum is &
test,b+i,Check sum is V
test,0w8,Check sum is ?
test,iNO,Check sum is &
test,>KW,Check sum is @
test,3}Y,Check sum is )
test,aEG,Check sum is M
test,8wB,Check sum is Q
test,"I"")",Check sum is 4
test,|[n,Check sum is %
test,"Zl,",Check sum is R
test,A4R,Check sum is '
test,!2\,Check sum is O
test,/8A,Check sum is H
test,7.8,Check sum is =
test,vso,Check sum is 8
test,T>y,Check sum is +
test,xNu,Check sum is [
test,.'h,Check sum is ]
test,_:G,Check sum is @
test,Bi.,Check sum is 9
test,M1l,Check sum is J
test,fPF,Check sum is \
test,",9F",Check sum is K
test,y^<,Check sum is 3
test,j0{,Check sum is 5
test,[q8,Check sum is $
test,CkB,Check sum is P
test,""">[",Check sum is [
test,Kk?,Check sum is U
test,VW#,Check sum is 0
test,=H\,Check sum is A
test,N_X,Check sum is %
test,|L`,Check sum is H
test,m%S,Check sum is E
test,UU$,Check sum is .
test,xw/,Check sum is >
test,Y*L,Check sum is /
test,w	%,Check sum is E
test,/R;,Check sum is \
test,uyz,Check sum is H
test,cyZ,Check sum is V
test,vnh,"Check sum is ,"
test,<	F,Check sum is +
test,I0r,Check sum is K
test,LEX,Check sum is I
test,3m_,Check sum is _
test,T3v,Check sum is ]
test,.'B,Check sum is 7
test,"""X%",Check sum is ?
test,[;N,Check sum is D
test,?5Q,Check sum is %
test,z}},Check sum is T
test,3nw,Check sum is 8
test,jbW,Check sum is C
test,r4H,Check sum is N
test,Too,Check sum is R
test,bgd,Check sum is M
test,d{%,Check sum is $
test,C	L,Check sum is 8
test,5XG,Check sum is 4
test,]ck,Check sum is K
test,b6@,Check sum is 8
test,<z\,Check sum is 2
test,i7H,Check sum is H
test,QiZ,Check sum is 4
test,AM!,Check sum is O
test,q~#,Check sum is 2
test,:_/,Check sum is (
test,o0C,Check sum is B
test,!6`,Check sum is W
test,4.U,Check sum is W
test,db8,Check sum is ^
test,>[S,Check sum is L
test,"I,!",Check sum is 6
test,Wz>,Check sum is /
test,iht,Check sum is %
test,P@j,Check sum is Z
test,m`l,Check sum is Y
test,f0>,Check sum is 4
test,!#S,Check sum is 7
test,Z5R,Check sum is A
test,?6[,Check sum is 0
test,"y, ",Check sum is %
test,iaf,Check sum is P
test,"Z,z",Check sum is  
test,acW,Check sum is ;
test,hcx,Check sum is #
test,[j#,Check sum is H
test,9Rg,Check sum is R
test,3pn,Check sum is 1
test,i2L,Check sum is G
test,lW5,Check sum is X
test,E=A,Check sum is #
test,64z,Check sum is D
test,o2?,Check sum is @
test,ZbU,Check sum is 1
test,*(_,Check sum is Q
test,e=~,Check sum is @
test,-gg,Check sum is [
test,^aO,Check sum is .
test,RXY,Check sum is #
test,t5 ,Check sum is )
test,aHU,Check sum is ^
test,/p	,Check sum is H
test,QkY,Check sum is 5
test,j|Y,Check sum is _
test,cH`,Check sum is +
test,!ua,Check sum is W
test,Y/V,Check sum is >
test,/ #,Check sum is R
test,zJK,Check sum is /
test,/ j,Check sum is Y
test,"x;
",Check sum is ]
test,Xrr,Check sum is \
test,Fb\,Check sum is $
test,`cF,Check sum is )
test,"""y+",Check sum is &
test,|/B,Check sum is M
test,"-,	",Check sum is B
test,rp-,Check sum is /
test,oQG,Check sum is '
test,+L0,Check sum is G
test,'0u,"Check sum is ,"
test,?){,Check sum is C
test,"2yPMo>P<a+7XCm,p&c+kz!Z[",Check sum is 7
test,"-a&NF%xmd`.=,	Rd[k^{DxN&n >q},",Check sum is A
test,"hOmW$""mc",Check sum is 1
test,nUU$HA0H,Check sum is ]
test,Lp#VWv:*@+T@^&M~T>t_ucn7ZF6q81vo^_HIv-Af0crh,Check sum is P
test,"J`[QrmNCE=/Y((}}	'WD>L]g9f{l6,A4~u)x2;P&ju",Check sum is F
test,_5,Check sum is 4
test,eUx2V0e/,Check sum is ^
test,+/+x`^(0!/F^N!(,Check sum is >
test,"W""}W75u%uTM-cwe+vh:>Q;y=3wObWD&]f[",Check sum is 2
test,P(#pm+kaQ_A|bL3';ZOdYQYde-*R/95Hin9*,Check sum is  
test,)thPVfMM Ck4cj9.bc#Si|=qcjqcd	}y{+34mtRa7f},Check sum is N
test,8*9UIe&8vn67rq3lt),Check sum is L
test,Mm1,Check sum is K
test,"{0V3a-n]n/krliAY3.$z\]tbt|uUpk4""I@A|DI%I",Check sum is P
test,>#A(:;(m[p5eX<;ytvr%5&~bS3o(R_UbV%{!),"Check sum is """
test,"m""/D?$z'WJx%UI?H
JpFE"";!n&99I_'[Cy$`ap#la3;94)",Check sum is K
test,!9,Check sum is :
test,QM[s^4l[Pz=QJe36RWI`,Check sum is '
test,0X2#,Check sum is =
test,"RUF*C 4'T`wVc3}I,#phX4zI`xxt@{;u",Check sum is 7
test,"zJ!'z(X.o@a3|?^
=[W3gPq[BK@5B\Z	Z~pKp@Eh%oy`.~> }",Check sum is F
test,pw,Check sum is G
test,mx,Check sum is E
test,D[+k=2bB[Rer4,Check sum is  
test,"v608<tr""#E9W(=*<ns F52
-_e",Check sum is $
test,'9 HKL,Check sum is ?
test,"d8,T]:?[iFhM5A)gQ
]7MNpgxN$m4o1l+SX2}\1Xj$8IH1u\VM",Check sum is 5
test,L>albmn!t+JS+Ph)-,Check sum is J
test,p:SRv#VU=u/lub?88R6),Check sum is 7
test,"""?p*'TsYN
\C""Lxj;0^wM!K_#_M:'h/98OR]]_\}_-Q",Check sum is )
test,"8G,p7]!k35cF^w2y?gI&DL-?d4TxN",Check sum is /
test,]U(!q{#pd1_8:HO01)Y5Z14g`G65	(.U	[,Check sum is ?
test,I1sSOm-/Z~3R`s9asg6bG}G+K}f80b]#,"Check sum is """
test,"~2RwvGIZ:BxwM&\Z(SjQSZ+,j]t9o(2X32]et	,?Wq<eB4S",Check sum is ]
test,YQ,Check sum is J
test,"IaZw.(rbHRK.1<CFN_Q	O=2F<F
v",Check sum is [
test,"5[XSQN.uh,@'-ZC3]xsjyi6ENy/L",Check sum is &
test,"UM~M_Gf""R]@TbO:$[,oy0""M	:%&9-Gmfx46#Kp<;1Wa@9]ir]X",Check sum is /
test,JKe/7b#){1a50\OwX#LxDq,Check sum is 6
test,KD&`aj&T!m!awQ|D	rSq9,Check sum is J
test,"v;S_^NP}\.)OU,6<ZxO
U11e=h+hEv.6,<xOlq?'8Fx~9E(9",Check sum is T
test,"ilOO^5Ts,#vTU_YE&r4T/d",Check sum is K
test,"?""vEW-BipVv%bbi~[`o(3jfBk+O2",Check sum is %
test,W''8uH&+,Check sum is K
test,R ^@>{,Check sum is )
test," 6u[lp0N;/:
38e[%+3?<L$SXU4qK9$Ikmg$t{mYOHJ,","Check sum is """
test,aeW,Check sum is =
test,"I"")86
kE+H0w^ydOCQpl+DpwXp+ N",Check sum is '
test,";(n<:O4ES_lS""}@=p$'\hj:wK(XMT,",Check sum is .
test,S1\Ol,Check sum is ;
test,"y$(,",Check sum is Q
test,"w%g7//Nw
&<J",Check sum is 3
test,"7Wj+vpcw_'6Y`&.""h1w5L`1Q?nK~TR. ",Check sum is K
test,"@!@K	<g7S-6='h=2tU@$#W.be6a3>TBWNl""'",Check sum is 4
test,"`)IhVU@^\d{NHV9q;(iP99J$@ja""#",Check sum is @
test,"sj>xx5p8c4(iR|d.S
S%djtr$}!Q>3Y.ATYxn!@XsN!&5HdE",Check sum is _
test,jj,Check sum is 4
test,|agu :6w,Check sum is  
test,C5k=3bQi|Vf.ULIf,Check sum is E
test,(fMmOc^mAC6!1~]UV4!s/cXLbZz5=~{WV*QRxp;HE*Uwr,Check sum is (
test,6#.L|(t^1mGOI,Check sum is &
test,"~TH
m+h99ixkno",Check sum is _
test,9?@ZP}}SS6?.2##+H|s0b)@zv|k	OY,"Check sum is """
test,"y(fhJ/r5,Fb*([""hy}\f[MF! E#",Check sum is I
test,iPN0M$g}]w@6g5IMi-KKkL`K!w.3O/2*z/~8(;cpEc$ER,Check sum is A
test,as q)h@,Check sum is V
test,"`E66{""g'A>W?0@7y6	2&xd#;
V^B","Check sum is """
test,"
.h!q8H3
~",Check sum is M
test,QBDh~zC,Check sum is Z
test,\hVenUEw42W]7q`A!3zE?K&L01f^B0_|O&07kW@L'Q<7{,Check sum is R
test,"[Tz;A=kM+l7t""Jn[aQ\Ufo'l$4wlocu1qvZ-UoR-3,j[f",Check sum is *
test,"?%\6<rbnYHk[ 74
s~$pY_$3)ZQ@",Check sum is 8
test,"s6
opqJk2;b[5/G\B7zQf-c!{79j>;7k?6S$U'Z2|""A;0",Check sum is R
test,ikG- ?;p4uN%mn/8o%q?eGo*F4nhyY=8,Check sum is 0
test,"_u*Ps
B};S""h%!*ARlp7r<d1ddr`ww8X@>9I",Check sum is 3
test,"tR""?GA3UBu#09N]@X(N<Ec0U
0Ub
u?O",Check sum is :
test,#WOpM[^_Zw;M5G!e,Check sum is Y
test,^FE(HdWud,Check sum is M
test,"8hYr;nY\\l'f8 1cbejDC
d!R|A|%KN",Check sum is :
test,W*)<pTWS'>#:RAe!Cvfms'3_AsOpGv/NMMhB^,Check sum is V
test,%K	m^0@<,Check sum is P
test,"~emsZ0u-- qKHb!
QCZ;G$?I)HQ""xPsJY1Zu",Check sum is K
test,Mtt)|?9ne?I..FYEE/Wc&Bwk9dO}NQ*cH;{<8e,Check sum is 1
test,"FzR#Vf?Cm!`)Hlh4#""\DUB.b
p+#P>\H]s>2^B9%qU)Q`[47",Check sum is $
test,J1op]8VxqhvhWX5BiM,Check sum is 0
test,"xJpO&eVI{|8ZG2""$d(lf<k|j U')1HtGV`ShKTD>9@ ","Check sum is """
test,"qe1g!MBKduf*5:z0jvL	S0tH'z2H?
Xa}t6pI(#P

0JO^'D",Check sum is =
test,6y>0xQi.-1_S;LB:'(NHT9<b-7p}[B[:Di$|}22)S,Check sum is -
test,"?q|om;Zx~d
eboT4|-uBxnK>XE~\MNWNBp\&#-yE2{451]",Check sum is K
test,"#5Vmb6dRJA9%IfJ2g<Gj
|g'n:(`m|E<^e""kLw6B",Check sum is *
test,"
]8/<\/FT$PLHW%a4w22](jUj#Iag M:N{\XIZj/K:4Uslz","Check sum is ,"
test,"<C""hYYf0Z/qL)-BYojY37lgwL,{{xOG@+REF",Check sum is R
test,"A~r'}cLS%I~/3BwSq!""",Check sum is E
test,"ENZc""yLotdI]I ",Check sum is -
test,"N<Q;Q6+Z
^OLZ[}H)7Ns)^}CZ,za_e@n`yuR&f|fe&QeekZ",Check sum is 3
test,":Eg<8JIIc-M$-Orx[	_xfy9	A
vMoq*",Check sum is 1
test,"}&nzJZJK8
vd!Ulh#x9R,C+ )oE
Bo.V,D,|7O[<Yu",Check sum is I
test,"Bf@36kr?[70p9S""ec7K<>	TWuGI?",Check sum is )
test,*$|Wo0o!-rTWY/.TBaT(6txZS5?@PIv=x#Lje',Check sum is O
test,"h""Jem-w],YctS{:",Check sum is +
test,"	c)/$/Dkm>P<p;NXRN<Jk![`L67O,)iSrb:",Check sum is B
test,"^a""oKQ!~!-oj r<_""'",Check sum is H
test,$rJrz!Q(J4Czge)RFZ,Check sum is (
test,7$,Check sum is ;
test,"x@Ce3~lp!XvnGU|`~P""bVE;G\",Check sum is -
test,p[wct'PdI,Check sum is ]
test,t-e,Check sum is &
test,"_nH{xv>Mr&A1>KG-Nqj*""A^^s+c+:M0qSI\qE",Check sum is $
test,VxpSPFW=P={Gm]gp@L!2	@AvnXhFFzs\HRzC`0>m|*8oy,Check sum is E
test,"""9?5AF*ZlF{",Check sum is '
test,"$FdQH6F#o6vv[A@{X*Or:9b*vB""UUua	KtN<,5/qB",Check sum is ?
test,"&_SjX^LO3\?7~(>4^;w,9xv)",Check sum is \
test,=fS-5Z-w^$$1	$<+o2<'fk4\xA0D*O:=,Check sum is #
test,"G'\,A]!5>=&\^L =rVi%SF7ln_IT 1Rtc:*U",Check sum is =
test,tpm-?RCi-)MI,Check sum is G
test,VX,Check sum is N
test,?+1fOqJ44l66`%ibCtXqF*+,Check sum is V
test,s%un\=wY5Yn8}qgWq,Check sum is U
test,"oolvy4]/_a""Z mk6Q\z,A]",Check sum is 4
test,^OtTbN4t1YCYpT%HkZJUu	R*K8PnZ&_<Rj>Pm [r3\:y_.,Check sum is 1
test,".""4AB}&Fkva=!0iYnLR@u(S&K-	7c)Dy~W<ad~Y^P~1",Check sum is O
test,[woRy,"Check sum is ,"
test,X)}G~l(;S),Check sum is .
test,&sapp?N,Check sum is G
test,"k=Z#/A${g*!,.r""<9:",Check sum is #
test,}p} a&|{>y+,Check sum is J
test,"%~B,;C;A/5x6HCH|'>a^J
 OA%bs",Check sum is .
test,"?m~1 !(6]sWkFCNw""dm~D'?|>;]	?""+g",Check sum is #
test," t^lPA=E
{_~sy#rm/ Dg!+Ke^#\jbI>""Ho,EW	~L{@u8$",Check sum is G
test,b'gT?e];|A3LouyA[cVO.9k}LifV.Th]~,"Check sum is """
test,(7_<Wvv~e\>9|#>!fS_gR,"Check sum is """
test,bRC+O]%U8Kj~:qXPs,Check sum is Y
test,"NgL^HLJ""Gm^[=$>qJj3gfxQ7;5/WA""Md!",Check sum is [
test,"A4er!]rfd\@X~ !	Lh""3l690Q9v$",Check sum is Z
test,"e*DO7IvVAI43W$S}h""E:",Check sum is S
test,\lMCWxJgr0Z8TE+HokqHKJb:	R,Check sum is W
test,"Q-SFsu.*,}?^/47W	T5(t7KdJ:9/hDjk_FX*A,#q=TQ=m `I","Check sum is ,"
test,"
l[YVb,f8S0qu	JQ:; e0*-X[lg
0#uh=l;Xp:{Rd]G-+G",Check sum is 4
test,"]VEXwPN$IXz64RjpT0g_wbff9purioUu$d,GCu",Check sum is .
test,1X7eS[)xWJ,Check sum is 5
test,Je_[R,Check sum is [
test,	0^f<oda@-s;n?I+\fY{fq{^#f.,Check sum is F
test,"j
+h8Jwf~vEi5w|wUHPV<D#z&woUI]z1AYlhB\,",Check sum is Q
test,Ha`TrWYAA25%}#lQ>WG2uW7KP[H[t:%ShM,Check sum is O
test,G~H8G-Fr5WF	u6r=PbMH?Ol1$RH,Check sum is 6
test,oV,Check sum is %
test,"UoI,SIcFVB9*7[acKYGuP5?	gd0]lpg
M27
0j~8c",Check sum is 4
test,>LSrWS eg|UU7d}@{h!/F]BVe,Check sum is V
test,gs6,Check sum is 0
test,"OK_IN=6h}{xZSMfR?Kp""~Bu""Vyf_jpr&C1Z",Check sum is 4
test,nE2S@T-6/g&TAij<+,Check sum is Z
test,"F}HLFz\vg}	jM5=
x\HzZ%#wq0",Check sum is 9
test,"=d54>Mkif? gwbM0BF|sy[J:@-Z/OM1/l?
QHYa+",Check sum is ?
test,-	fY'@_\635&J&,Check sum is +
test,"kM.;s(ht3
W0SGde1|TC%?t7'>83[i",Check sum is F
test,O`f^`-ZJXDDwuSN`T#4+5Cfl~vrazdy9?d'[N&7X,Check sum is 0
test,"/B`Gt3D8/c{Nrw>W?""R,xEXB\cUe""$n5M-",Check sum is F
test,"al`{M?SGeZi<yRV?""K<Uq]7",Check sum is 5
test,"pNgiedllwD7T)^RKr.	@VFdM~#R""H@:X",Check sum is ^
test,"O'uj;8|oHw=(
iEik+mE@k=t6DC8C,j_i'+-z*r55uoGUl",Check sum is =
test,Jh$W1vE4d0*HSX8M4P'z+(pA$mb4C6M{AHr>@H+@`',Check sum is '
test,Ab0knj`H9bkllLDWv_z$Ljl*W_;*X,Check sum is U
test,"<l)2@
GL	38c.jtdZ6C{s;_?=Gzn~731NoT'ckDv!H",Check sum is O
test,"#rn7@M""r#&+1",Check sum is  
test,O!&%7]~D,Check sum is 1
test,}Ad&j5_-G?u1eQ{Q+A\s<i#f4t_eIM<c+VB1@,Check sum is ?
test,"
_FjD@I|0FE[,_{*@7e,`W1F'6-R:uVd	;I	c?j",Check sum is %
test,"{\?/7L2Q;\^6!""4<FIPH/J4N-(woynhd}]b';A;L",Check sum is ?
test,"Vn*TR4aG
eC""Z]C`d3us6.-H\kl+HF*~X]^g%wqlY.D",Check sum is (
test,&7z1Jn,Check sum is  
test,"SQrKBHzmPO^zlW8l3`/(oa$;O+#M
+",Check sum is H
test,"07Ar~.rIw	
U""r\s?","Check sum is """
test,"SvfvTM'_<8}km;""q,[XgjC)[Dyu'fO|",Check sum is D
test,"\N?)diE&suQk']kJ)=f3eK=h
Tg""-luL-R.{-",Check sum is 1
test,kA_S3W1U*7l[a3Arsm@^O{jt<	,Check sum is (
test,"nA 	vSBp,3MW/P=f!%(kBZfGlVMN5VrlC	rM'PFp(*-i",Check sum is  
test,fch/Q!f#xhy?THXnWDD?L08Xx[Dwvi~mA,Check sum is 8
test,U=;@wqkK,Check sum is K
test,".kjNub?RMxT,Dnk\r6.
\g^m:gQhTj",Check sum is ]
test,"G wwPIU)w,KeiPKz\S	Nk",Check sum is N
test,/Yg5G__,Check sum is I
test,h/BY2$=f$60Wj1~'F<+1CkGAlU<i65?gj;]D(=!// y,Check sum is :
test,^Y63o,Check sum is /
test,M`d1k_bj;:+mD4 DFs,Check sum is Z
test,aft~i`%+sBL43?k2akhONmes,Check sum is L
test,"IQ(FjnZ88d#}=rKl?3#uGSg$ln
spGW- 5PFt^o6b0:",Check sum is #
test,x1~O\F~n$6l1T\'9VHDiE0w?t6YL95,Check sum is ^
test,"]w9{^NEUZU'""l{e",Check sum is 2
test,)1?8-P 4cX:}Qore*1B1I>MaFSPXx`>hIhi,Check sum is '
test,'JR*^B7O%ne;>8,Check sum is \
test,"W/1f2fL{1Q>=O21,68q2l;0$%ld'E_7@\",Check sum is V
test,"}}F'YPr
FvTG\&S}`B&L-v;wfs3[/h@2]=3NftPB4x.h|e;Hz",Check sum is U
test,"i#G-k6""\""5q3y4D_42[
D=K	dFl%",Check sum is %
test,"xz_$	Pk~s`D^k >(N,o4lXiH$",Check sum is 3
test,"VF<F(g
|bl",Check sum is !
test,"qRvlUdLn,rXo",Check sum is ]
test,"/YIke6@L$~Z~O*H0<X!5tCwNPk
 (sVNO]<l^2i",Check sum is E
test,afa,Check sum is H
test,"_hR+^=6r""|{>?8GL&'",Check sum is U
test,"sF`1<dMu'h1,$q3?{Z#JF{7;Vj+W.U""HM8y/4",Check sum is D
test,"@g.*&mDvgaP}CqVr6[n5q8m6BuNV D
Gy*UVw/@^kVfo1%<I",Check sum is P
test,^=DFo36f_p'~0Lda/jK,Check sum is \
test,"z,(`hD5:VV|,",Check sum is =
test,"6FOK:*1az9Ms-X0|hb&rF)>2p7gQo(z9oGjF|h X
&)eZ",Check sum is T
test,"'k@-{3cw,s($R+XW#Z'-",Check sum is O
test,"80x{8bq'6Trfv$I{{DWvcAAj
%8Mk{oFs1",Check sum is ;
test,O'[1C%F/rf+#q5~*{/D~~eE~FG]4`nLe0>9T-i]W\@Fo,Check sum is 8
test,3`==gg}#s#W:j\{y(,Check sum is $
test,#>t/6{;Sapp'3&2M6e`U4Uw4}a^XsO[ZY2LxH(ffC _,Check sum is ?
test,*_I['?q)Ftnvh,Check sum is S
test,KfUeKN)Is@()nmiF0w4nYxUV-x8&,"Check sum is ,"
test,C4 qRC#?9V YyW#:	@<A+Z	u\8V)(z,Check sum is R
test,"
+j<  _",Check sum is Z
test,56,Check sum is K
test,"-""
WufmI",Check sum is !
test,{|nN6HG+?LjPE8yQot>Y9-q`)G$tAC,Check sum is L
test,o	lR_}KaXOr|0qY{=t1~%NMu)fv,Check sum is B
test,Ka#9v)5@6`gx<GdE}k>F8uK9X,Check sum is R
test,F*'xn$0!CMdJ!5<{6-3\>judsf,Check sum is )
test,"Kd6z,N/7=bI#r""""j2_BCSf7qXmu67kb9	",Check sum is 7
test,"8[{oE)x*Q}Y)IF(^ E""~UxiH&O73PF!hMXH:G",Check sum is A
test,"e=3$f8D:}lcl_YAr;TwDjTt32COS
T_}",Check sum is X
test,D^^f.S<I8;IFFKO0eJ1:,Check sum is 8
test,D%,Check sum is I
test,<;W*qQlKv6}}i\B|iK1Diw zX7}9:d5/U4kmU(-]Q0(V,Check sum is K
test,"g:ADsZ7m-jN@,JCI>)NvC0",Check sum is <
test,j6Xo8lIAeD{!P$j|C=$;Fq# _uM	&#NrL[[TtWo u	T,"Check sum is """
test,6bm1Cw;(25TVT5[K==nh5Y2Y(S1]=[A6NT,Check sum is V
test,"_Ug<SrFA{k@{c;,%dzTQ_b<v?5vab
inZqm^j_/AA0M82|8",Check sum is B
test,",L
$ynxK\@$]uC`XIV)TQsDV_&snd{YJS-",Check sum is _
test,f7d}e+ M,Check sum is [
test,B%	DK{ORL(k:fs\$G=GS}~T,Check sum is Z
test,":GUWW,1C8vQR<
""88T^X,`g)	e=z1\GP?qA/om)*Rg	h0ej)z+","Check sum is """
test,1l8wz>W/TEV<*'z#%zk	';u4Z%_yCN[L-Ad$b,Check sum is H
test,"+v'?y<`
Z-PE""D^\8Ac5Vb}K9W!0",Check sum is 4
test,dV}HmxMj/u!$,Check sum is $
test,"u4aA2)X_hGMvRu5gZ Dvzj%cWAr=
9D~QqEA_\{Dm?\i]",Check sum is N
test,"2f=^5
$6k^gfJL:4u>nyU|6XZ)sT?",Check sum is H
test,92yh&rS*<G?}(]5:J1K3^P7\{j!He?Ki,Check sum is T
test,"szeRpQFVoHQWr""7k=- ,+q2m	6>:",Check sum is ^
test,tt4O9H-A@Q#_936yYrbX#U7?=b,Check sum is :
test,"xEY2e'9ORxs7SRMCTQg$Yn(*>&lY)S%C,HJV]0,{ eyV""^opYU",Check sum is $
test,"@VHL86]~`fTi""fRgX\c+#0(i.J<_e	s `r	o[8O$LqI",Check sum is '
test,";\B-%}/]kAzirn|BM0t>*qT32ZAU,{CYE:oPB",Check sum is 7
test,eVE*!-rfRR}W&K((M;PklJ-+ej3OwYVAT-*`e\,Check sum is >
test,"hGY(~^eAz9,]Y:$x78'}W0<+*I0[G`dZ",Check sum is !
test,OlHJsf?X\lEnC~6Yw52$'*0w^tiu,Check sum is R
test,-OY.RXG(CFr)jm&l,Check sum is I
test,"PMan8vf%o
h8BNgVG)*7)nrsxm)k?F(&mp	7""mPv)A<A=t7Jk",Check sum is :
test,"YQQi]6G.^IrW]
G)XQ{Ta/U&6&\2Z",Check sum is Z
test,i#l'|!83299\A*|ylR4_D!;FjWEzU^Rp=Cm&L1Z1oo?i{n,Check sum is ]
test,"-F LgqVLyy3J[,2vQGf	FZ'5""I8%DhVn",Check sum is R
test,>+!4mA!w,Check sum is $
test,"1
zEyAmE$L:~""~l!]n^dFYcz2Exd",Check sum is 7
test,"NlcL~t
}%6lY\C",Check sum is A
test,"J@0K%Y2KiVp
@9v/\'e\&>n[\	}y3S{?,feeEP0 bZ]%|",Check sum is >
test,`n\B/A[3T$/CGF3\}CvV8/&,Check sum is )
test,"c,^f0<WU``V=!\Wwc7&Wd;T{k_S:Y"":anC.*;",Check sum is _
test,Qy`<,Check sum is F
test,"<]imY|9
j)yo$k>8c@#0T-8I:!6]	0	4W>xN'j2q(Ra;0""j=m",Check sum is N
test,OrVHkV@}@;KkU:y,Check sum is 6
test,.=ipgvU<aWZ,Check sum is $
test,($ij( t)b5hn@q^I <O)	GX]~,Check sum is @
test,.99'cm$nG{)5k%L$\KTMEcz~lKFS1tEyyJ<{,Check sum is >
test,"6.+ {b_>S<52Rb,vx'c`t`4FyI]n5q+S>Lg$!g3r",Check sum is 8
test,"y8I>M9""';Q1L<*Vp`l3Sr?mWQ^C	K4	[lh[ 2NpR<IclVBy",Check sum is 7
test,"A}?a'i]7Q}c,-'{11&|dPQE'L|0wWU1G0ru}>*pMbi+bKo=f41",Check sum is )
test,"G?^GbDqpjs9Zxx_sY$uT[<h>3D$@
i.ub9;?@\GuajL|C/",Check sum is *
test,"L_x~n(g; j,T2[:",Check sum is J
test,"i2,]lCsR5+1j!ly7}twQbMDR`jMP",Check sum is U
test,"|O9ad2i:?'c27}
*(&OFV5~b~):5k-nf&W!@}-",Check sum is 9
test,"K+I5[Q[,l.!*@k'<'OR VR.Z9",Check sum is K
test,"@/~UwU8)w,:3?l6$^%Fj 'Ir)j","Check sum is ,"
test,*t2I(|Sb)o%vl,Check sum is 1
test,"I|KXiPQNV8LP!x6b&LAw[|Gm`W4MX%>pwb.L|""{}V",Check sum is R
test,"@rD"">jD:oHu8R>cGoN%kwp5&Q9SPL+*~ ]E_2V]]1A5IP HlJZ",Check sum is 2
test,3yI0UVaH4wdJGI>PJj}!,"Check sum is """
test,"#!5kx'zT\gy\Ap8T,' +_P~3A;>|]D^",Check sum is 9
test,">xn[.2 N@%[o{'i	R[Ae=]""!pCv""DtJ",Check sum is -
test,"k>(Zt4g
C@l6g""x/2M|zH#Z.BT^A?H#':[-U5K(e5V+",Check sum is A
test,%.>='458~R3%_'\edn$k=9Ct1ltMW,Check sum is (
test,Xh2]~KJESpN]4C,"Check sum is ,"
test,iLvh&1FUduw,Check sum is 5
test,oT,Check sum is #
test,u\d.j;yG<%(i;V&c=)4u#Fe$~|-{.=*x7|+,Check sum is B
test,\jG@Pf[ex+}hwhGpk+BxeKC$CMNJ*C1'a7}b-vq,Check sum is  
test,aDcur%-hSd8G{5l?jYjJ3'-c,Check sum is ;
test,LFOUNT3R/U&9hJZzm]d-JMT0f.9\>Q,Check sum is T
test,"{oKfH#b?5fg>nAd|F%^#_J,	K(?iqJnXlP/7_nnAmG <vz",Check sum is Z
test,"Q#=WGr^>WFvX78C4mujg0p7hz?L5'(kra|.&?z,4ye-DH2c&",Check sum is B
test,4kP7O{,Check sum is P
test,<Yevl:'p=Lwr%T1pdH~QE7,Check sum is P
test,"NgP""eT9k|AF
s-@ne,-{1KD0KpawY{~-L	d<",Check sum is /
test,"N^3n o$W""!Mo^k1?zk KEwTD^D{R'=XI VYP#QVE",Check sum is 5
test,"mthkz)Q /	iCJ??h_Xrq}""{s&tpb",Check sum is O
test,"v<	h+,]HDVS=xCFnF.=^pm^","Check sum is """
test,g12(F55!! 2/j7gnJcdp,Check sum is <
test,"fHkFSU0m0-""2dr[XQb
sq%o""M5Rg}c;\UXpk,[",Check sum is V
test,"2{'HB=!~O?[	a 9?sS^U/4TbG
(C",Check sum is S
test,*]@06<HFP0TT^D51~7Q.x-,Check sum is  
test,h_X:n		L*ARX5#d(hr,Check sum is X
test,"-3""c*9QcS(MUdy^DW3m9B%iD7almo 8""(zK]K{=oRzo;7u2Qn",Check sum is %
test,DG*b#_#)QSLRD,Check sum is K
test,"
*jPF!,RWf~Zc$$-c|K	{A#?~2z}h6V.tA
*GW",Check sum is A
test,"|J{Z!&PmU@-B?,yF [m&f<4	EN_#:/tbwRO-c9",Check sum is O
test,"RG>fe@_wrOa;X7<QF']@<*Nb""4kE^mBu4!)s5r",Check sum is Q
test,dk\o]!z*0HPCn?q)nY4>:ro~	_wt,Check sum is S
test,dD5l1NZG1eNvri(l: L])9D(f{SQi+t@1K21c<aGf+)l,Check sum is <
test,*#B`aLJ/OI7,Check sum is D
test,"""[	jp+7|KsD~_3^PTA0R6oKvxLCwC3KX.Yl",Check sum is %
test,"fjE=EXU<1>XfWCGR?a1KWVo$l,z8K#{WZujytn!$AKd%7u1}]m",Check sum is 8
test,s0|,Check sum is ?
test,"?hqWjV9w_%W+T0512Xn*LeFO'VSYF`
G/&:~Sz7=P",Check sum is U
test,n]Hg bOFC[1tu}E$Q:\pKf,Check sum is W
test,I_~MNiy4O>t~&{,Check sum is W
test,43N=]j]}gY]7gS>K1,Check sum is ;
test,DXq)s,Check sum is I
test,"""lN..D3//W:~*HPkj=XXM|Ly<Z8l}5^h;KX",Check sum is ^
test,o+?|o7D:qvaD'#lH,Check sum is #
test,"lf]k\42?1y
b|1UHnaf=s|$+2",Check sum is =
test,0ON-{Uet&$f>@|xuDA_,Check sum is >
test,"XC""7U[ax0F52MG5?j\Z-OF.o_2XA",Check sum is +
test,"_|B/@MA""~9?){5Q%X:t",Check sum is '
test,|@5y]D}iN)eZhB4G>tjmE|c@a^EjT4aM+6bg{`I|,Check sum is G
test,"<f+/iA[yoUI+ZP@m$NM9`?vk[jaQ3N5hA
Dt0",Check sum is )
test,'d9KH[eMK>r|lJlr8?q1|*cv[b*,Check sum is N
test,"]G<PGU5AU=.687)
v4._*J(ifTOO",Check sum is N
test,"""""F=a#1""WjT^U(`dqJt
A!B%|q&~j{l+{'UVz&",Check sum is .
test,K/='|_b:$QiBiIl5xKZ+@mS	(!sto)#>}7f;s`HZ?Y{a,Check sum is  
test,"s
~xn8ks@T`%sA72WV)9",Check sum is \
test,"xA>l((sbks*SlD%m4,	J!",Check sum is Y
test,"c5<ma}!yl>BiTJujF_~~M
fa
/Eb_",Check sum is )
test,aHh7CsjmA8Tc,Check sum is %
test,",KIMZQej",Check sum is '
test,`ZP% }yHh7W.|9p;$D+QGY21:o{\E,Check sum is ]
test,"x\xvkH0IZ0""{Ls."";p9 G5`U7sU?h",Check sum is _
test,/VM5WNeU5dG9?rh3,Check sum is +
test,R#rh<\V+GtO3,Check sum is E
test,9<<K` ,Check sum is \
test,;DD#tXR}*YHq118S7z{^wM1q8I-9;6(Pz@OOac`BS4zWY,Check sum is 9
test,A}?768:Zw+e%	n>GP%/.L-+/fP){foqwj.J,Check sum is \
test,"$x6($I8/R}jP9 ^<.Ly2xoJg|AP*WoR`rX.
",Check sum is X
test,"=gTAUvfFyxaJBAw	djmC7t/""0O24[#p&
8xpHS%B9",Check sum is G
test,WtG-jBf.h)MiV[kSC;'G?o7UoYin2JUc7thRV9FD*,Check sum is 6
test,"r
+i!MwYl9>cc""+plgx8o[OGGq$[NUcL<*/gZp]M5u]*(",Check sum is I
test,"^L Z_
]o [<[G@ny-fD=Fz6g",Check sum is *
test,"=um!tl,}16(`+]c",Check sum is C
test,7'Crc-YI@lH5dzL>D'!0W*=)(,Check sum is A
test,"G,[",Check sum is .
test,RL~-Lve^OdI^-)4D.S1	4SpVREF<*uMP/_Z,Check sum is [
test,UoZ]zKqI')*$3p}$>K8G4Su%+#XCc9SU$NKIcH&_5,Check sum is =
test,"Del}rM>vQ|nJ9/\vqK\^5P4Y]ViP<k"")w&I|","Check sum is ,"
test,"NVt
OJa+uEl.I
A,u_O_OX
v#Rq03[""3BTT`l{B:(",Check sum is 2
test,/R+	@ZMhYo,"Check sum is ,"
test,"~L-&fWLF5KjQ,9
3h[Qio
`1j""2wj^^(K,",Check sum is *
test,e)BeLC,Check sum is $
test,"/]ktO-e-
_!d92D@%-{f,yEd7pT+)7VZN
>9G!0iB1",Check sum is 0
test,"*2GaVM$<""F[LNv(Yv`",Check sum is Q
test,"d*%NswTqP
Cr>2]h](js~iT,|W8I%Dnd,",Check sum is X
test,g:|r7^I8,Check sum is E
test,W{|=,Check sum is +
test,:W`%LiNH%:@IlN:,Check sum is ]
test,E3,Check sum is X
test,"l""TeMHv>	J@(HD.LC1X$jYI7CF:Kd+4%x`c|X$	ej",Check sum is %
test,"|&6I0N~""fMp[lS7B/Z;_3Bb W
=AL|O1|z>h4ePB,\q*+~",Check sum is )
test,"]a(~FnrC9Fav1X/spKneOLah,_M&PncJLP5Q6_`",Check sum is  
test,554vS'$fsf0Xf(D!5-7OzG83#I}BBj&b>o/1_fE#G2D\6?>,Check sum is E
test,"Wf?ckC9dv""'\[]<""3M2#rigtG	",Check sum is V
test,?dyQg+k1~-,Check sum is &
test,4:2a(0C]*|L?b7Mu#$v;=MEW,Check sum is C
test,p}D#~Tl',Check sum is Y
test,"6KY{Fqg[hB%C)A\(kEyk%
/""Ao%Ev>=lZm21|+L7	({<2",Check sum is '
test,eI*mLT8hc4b{_,Check sum is 8
test,"]zl}gNFU_
9Oh7F\:cj]l?.a@,^u;.n",Check sum is V
test,;S\[,Check sum is %
test,Of16c6(>bAyLK ~Xz,Check sum is ^
test,"YS9 n!	(Da,(E+Z",Check sum is (
test,pN0Z88&?\O/0r+(t|t9yFD`#n:)RT7BKF/kP/&NTG$+u,Check sum is \
test,RdRZ!TYsJl9zeeFWNZ9yi[lE`,Check sum is B
test,"t0
l'D+OHQDu_XYn^zP*y<V{$*Y
3}pdeue!FNb&",Check sum is 8
test,"P$N(8nz^J!IplAj""thExi2.F	!PLE4&;8NhMpej",Check sum is '
test,=npce`!l{4`H2Icp,Check sum is U
test,"6""15Dw/tR|37vGgRBoTzC_+Mh(P2Z<IiP=<""	ctvZQkA.^u$P",Check sum is *
test,2FS<Ms3n|rY1nWtS?hZXO(^XS::y6Gf%:@;YaE+^'#L`,Check sum is M
test,"4:%K6fK1X\D\|x$XeI2
TP$",Check sum is L
test,Ru:~{uUwXRp~,Check sum is 3
test,-2]]dUoH{`n(d!P)\3o_W>+?OWo6EiY_zZPd ,Check sum is M
test,"4ZdWm&@A-[qH+rm}Zi
",Check sum is R
test,"P%,cV3^.`9-G*9h?CM",Check sum is  
test,_29guMK,Check sum is ^
test,"G7$JzgIe_""g?Fs",Check sum is ;
test,",jMG>e#
XO08T1T",Check sum is B
test,"0Kp&fSI?.3
ucE8:tX6",Check sum is .
test,F%Od]V shZ,Check sum is F
test,@wc?Zr_d`7(B]Om\%-.Kv<%fZhoDn;y,Check sum is ]
test,"rL-of>;SQ`\yt>}2b.M#Hx^|0\XF
:MF]YJ3O1,6M?e5",Check sum is )
test,=4^)0\		C*	xm;4Akp.NnSmgCM6eoSYB{`9ytxxsvIQ4danx,Check sum is H
test,Lx@t1Nc!>,Check sum is Y
test,"P~
GiE6s$B@o",Check sum is +
test,".585	~lJ$Xg&VGfb/Wl!4HoU}4JWeC7q'""Oqs@,S._@S'cbD(",Check sum is C
test,"U8/DP,OJ'G7NIfTH6dg`!8VJlR$inE<DWA0'L",Check sum is F
test,"e/,gm@$ar)sAn=)a5c&Usn8zq.A<ip#?>%b
",Check sum is I
test,"[Uqe;[w IG=MO""<e	R}?n98b7?aBsA/UW@`.^",Check sum is +
test,H+e8=,Check sum is -
test,>e/I%Dd2M[s+_LAW%{V*YM)\Ri^%R,Check sum is ^
test,tB!a)*.qtE\N;:AkAo,Check sum is >
test,"vU:M-""$",Check sum is %
test,+m-u;;LjQB;KKG]c,Check sum is 1
test,"T%d9=D
,G2x_J8&zPm(dhPOEGlJn_n:?mlL^7",Check sum is _
test,+	l%y4R7tr|H~;?o,"Check sum is ,"
test,"0m3O,#K[&G(SA*hUOtf
x$h(m`",Check sum is 0
test,Yb?=vQ,Check sum is ^
test,"
0V7naaFI_`a:#GM#N>lBdcIIs",Check sum is  
test,w8EYH-[olIQ=-j8Hk,Check sum is 1
test,1cYdqxp+fTQZ:,Check sum is T
test,f5!(d%	2kgX$f=%Tt95,Check sum is T
test,",wgb<CER|/r>46~IG"".BR#6wl<Fi*]d.,?]?s9$&dv8ZK0",Check sum is =
test,"Jlz""Bs&265qpb:{0\uxWx6Z{5A[l3#I]+2[23g",Check sum is 2
test,b	r,Check sum is =
test,"iSE:%cEa,MqEv4SFv3;1mO0>/x( kNw/Pv WWaT
VlYZ=.",Check sum is ;
test,fl	E+nC,Check sum is \
test,v2qF]x$MYv8awJ%CVr`X%%l8Z@,Check sum is ^
test,Ud3$dn:oYsWn);$q~M[{~MNM%Y,Check sum is :
test,&?.ibdMQ_Ag$V,Check sum is A
test,"p{;fc_PrT]m6gPulSr3ITr%""a*&4(inszPW>tOA2.0,5kE",Check sum is E
test,"|.}/xQ#,2ZD5?or",Check sum is 3
test,len%Z-,Check sum is K
test,^w|1j R..qtz3fb|mspE;`D'QM,Check sum is )
test, Bx <6(~IkpZQaZa`aD6y5zqZhuc~XdN,Check sum is S
test,~8,Check sum is V
test,[s@HgGAcbzy|6nJj2OtCHVd|Dyal,Check sum is 1
test,W:^e7Q'I*!4@Ns|Ea Md@?Vd6.%aBprG`TY5X,Check sum is G
test,"N+O\F`#vum
""E30fa<)cY9nZa<A6dm|m:	6zuI",Check sum is !
test,"rgNw'PUQo|a>zH9_@H;,,H	w;CMS8>aG<""",Check sum is <
test,"c[,SgWZ}j[KsNsu0PQY&]B
^bu 3oUzhV.+",Check sum is A
test,[@\s{;*L\*<V0Yl68U+uGMC\(sEsnW+bK=1),Check sum is  
test,pR0,Check sum is R
test,"{>_'nS2LfS,_6k-=c0",Check sum is @
test,4-:1dB$!,Check sum is W
test,"yVLk""F+tL%	N:;ZO",Check sum is S
test,-$:H!Lq;Yy[L=Of]Ll2^G*,Check sum is M
test,"^HANt@g0=<143A-Ya-ACD,>0$@;uM#n[KAR9e&",Check sum is W
test,[0:+].d7:lA=X+g,Check sum is D
test,"b]D""5$",Check sum is ^
test,"l]A:x*ZUp ^|9M?on%kpl]x:<T:IQzP
p0j1j1
hMpp4r",Check sum is O
test,tBkP2AuDu,Check sum is 2
test,"f""FfuQZPvk;]",Check sum is =
test,E+aJ./6$jC	G/,Check sum is ^
test,"f]? d1Xw9g
-
]O""c""B@%S(YXwO,MawZvc#hjy=""",Check sum is D
test,q%ROG1xGFt.iN(/`1e\67,Check sum is C
test,8L.G;S|W[`s[SrU$t<x|R,Check sum is 7
test,{<i~#\?@hn:nZpe8+m7u/[+JYmTyJO/bda,Check sum is &
test,@[<#^6Xr*~rA^8JrQ5]O^h@vzDU,Check sum is &
test,]S`w\78,Check sum is 2
test,}knQ]A$&Hs.]PI7VC,Check sum is ^
test,";,&Ns/i66=Vq0k$`85@Gk6Q+H7LY3l(.T<CPOCbd)qwxne~w",Check sum is K
test,"Nq?Q0m'
 hF@0_b?feDIwAR\E!HkuoZ;hz~",Check sum is +
test,pg3d7-:a7FicI/\]K+OZk99[(&,"Check sum is ,"
test,"W'CEZ8,)T"":zO|XznXxvF cr4Z([wxrOr +h",Check sum is )
test,"87X_OyRxAk<dKU^j9t]9\PY""@#	zQJw=N",Check sum is 9
test,"\}/XtpkA(iyR){oAc}	
b-X9:wntX; D",Check sum is ]
test,0	s-+./GjWLe[N6?~nU3~b,"Check sum is ,"
test,97$nndA8*xh6:t~A|Z .#1>TP3b);._/(E,Check sum is V
test,"!@$`.#w{?""=F#	/""Gw	`|;/Z3,I
",Check sum is B
test,"	P`[,nm1>07",Check sum is Q
test,w20+}dAOc{N~,Check sum is ?
test,JHJ^J#,Check sum is G
test,Y+?25	CFs	TdMBR:V^=/Y,Check sum is $
test,"8DPP7Y&Br3y\mVGE~ei@tKy>/$ZE""r*'y>-glG
|5n L(^",Check sum is /
test,IL:o1,Check sum is O
test,Ft+(vBN,Check sum is 3
test,"ZH^2m?wCh?*I7^n{Lb]\|{faQ;""s7tdun:_=K",Check sum is )
test,"H-kfTLJ2""sLR.ej2@-#r2dtO=*,!V
:P]Y6sH4s!u-FhVq	F",Check sum is 2
test,FRf;e8fmy.7SuLieo17P,Check sum is 0
test,j ,Check sum is *
test,"?EzX@VcNx|w"":;d(2.!ec%_7J""",Check sum is ;
test,"J/TS6O
JxUu!Hta~/K~2k-TG^_/T9FN@gtWzG;",Check sum is /
test,v:HRT?SfS$LK0ZHJe?y{}'Y$ gp8`5irS,Check sum is K
test,q ?X`/]iC>0<2~WIYhf]s/ha%qUw,Check sum is +
test,<Ja]t dNvX%AAasQd%?/NxRdL]B3lV)HPBCM'wZ%X,Check sum is _
test,SMOxl;^}.Fb/X\){#R|3_ADP]heX#K4,"Check sum is """
test,!spV,Check sum is :
test,i8HOK|JoIUN*,Check sum is .
test,sPI!ugl2mzL<4YMJ,Check sum is Z
test,g)vZqMB<	w|}7G0[>hJ+.4=v+'Uh)O#C(Q?Sn#fSy!0Ym	<LJb,Check sum is =
test,685|6|7!,Check sum is I
test,"hOGRpb1]v~6#zY>9]J?C0KA$3mHH
hih2g;P}#QP&TRdZ%.",Check sum is %
test,"z,'vu9KTi,tLmO-V37	F",Check sum is =
test,"U0=;#D)/,uiv\b*3=J1s_.I7<DFJp/FB*f.",Check sum is $
test,",UAf.,(]6ZO(P]urt)XzKxb6-;cxPLL>LW=W~IU*wc)-a
~",Check sum is K
test,"~_[k{uc]fas-`%R9DP,w-Pd)1%([?pPTkMI/fQm?x~A",Check sum is !
test,AE]b}\g,Check sum is %
test,J:o+.cbx6kECjv(oSi7Zk)v7)YX287@qv}w.KQ:Lx !&h>3r2,Check sum is Y
test,"=F6`ekwDrao!|/xOR{	""	jIu`&~d",Check sum is *
test,)r|MZEVp1q9zavY8o{!^,Check sum is O
test,"g:sfe]#]rT-f^
m&=>Y8P1&>^z]QFlS!'5c<""8UW",Check sum is N
test,<.dM	]BrX#gy7@=@{T?ZV(peOwB,Check sum is '
test,/z{DFZFOQ?ipu+7yS:tEC*7a+<7N,Check sum is -
test,"`+73g.Jy
ORUs'pz35\1$Vv\LY",Check sum is W
test,",C%=+*##5f*LP=",Check sum is *
test,"S,gAUG+P ?[l0rAj;s>tAolZ{b6]1@z_P5",Check sum is &
test,\!t~k=&Eby5/UFl8(*/rMc/@8=CFD+S{&ygi\QfQe,Check sum is %
test,"QqA[(Qv~oSr)
ChVxQpc|>l
}6|$[fPnutB<",Check sum is X
test,B1D+8.x5	,Check sum is ^
test,`Do\,Check sum is O
test,}>=>TLoi2j3h!U@/N=w&w/p_loA=<dab\P&Yikf,Check sum is (
test,".g:Lh9Bi]a+""(5z$):y![V5Vk=",Check sum is .
test,"$eX@0DABNv-&%0 XTUa{AL""b|\OyKk8Fj1VD~TfX8r7","Check sum is ,"
test,N	,Check sum is 7
test,"t%7q=Ff+YWwK']Okj1F_dRl/4{}{K	cW)h
XTT/LBB2Azmo_",Check sum is -
test,\qjPf0m'w0$qo<fx-:'itv-H{\h&Y,Check sum is *
test,"[19""J>7 oH\VqQB3a_@ vrDp&3#Uf5rqXw.U[|oR{lB@[<Nd L",Check sum is Y
test,601UALdk#oX&hp!/iPGX	-5]?8e*$+:bG[%~5;VN|YPqd}P,Check sum is Q
test,SNf,Check sum is '
test,lXta4+J<#Ep?xbXr'v<',Check sum is Y
test,48Y\bEg,Check sum is O
test,QFX SQ,Check sum is S
test,""">k%;vXv0[>vTb>sk__4^pL@}GC+UN2A^yAP4",Check sum is P
test,"'9gv!""H.>lCz\,`Z]G*Wd>ZmM=PsaC!4\po9n[6i}","Check sum is ,"
test,U$jK7VZ?65NGT(j?JM-px,Check sum is E
test,<?qrM}zG\V`O(06WUJoPt+LZ;]CaK#r biC3mlWsfVKgf),Check sum is O
test,}To%_dNNKCRazF9) 6ht$DH HVZ:uyS&_W/zN 2,Check sum is !
test,"RNAX&T11Xgk{^6b,
Df#k}CTQ""K+-&OQ0Z*jh",Check sum is 4
test,{9R??H3L({hHen<<,Check sum is I
test,";3""aC^XSV9yh?.=wl&~I)Uz}`D2O<E r)e ]x;Q8sB3:$;xb^",Check sum is 4
test,"7 47|S3Dn\!(tm_va@|,qh$	3#e%}l>lqJg3o[\<yI,Y[:c.`",Check sum is 7
test,\E8Yq8)<u:Yzpa]<1*RXylpYS0Q'|>6+;]bnK5z,Check sum is 7
test,M;0o9D: LhA,Check sum is S
test,"h""a
!wx!l<t\
n>",Check sum is 4
test,bJA95`,Check sum is [
test,Nxg	;]dD,Check sum is V
test,"'ufE8~{];mcQ7H]N@n,iyS5W0-n9",Check sum is Z
test,F7@gUt!TDzutbpb1RyYtU=meXXTrDE:Fc,"Check sum is ,"
test,di00]1oCGbOL)29M~=tY~>ab#,Check sum is \
test,qbL]AlXe:pU(NJsx0RH%,Check sum is _
test,bEM.$l}2%kvxFtRT?WX^m)(W4I14x,Check sum is Z
test,";-rRRknD5	<{=cct;\54NhC`6
D?0Th8""'=x;&Anw'@]Yk",Check sum is 4
test,^sM;%<y.,Check sum is A
test,"b

vC@	o1iq:L	hy(o-0|2 Z`A0J9:G5x)gfhum",Check sum is  
test,4])^tY/jkAC*:#,Check sum is T
test,"G)_
N|6D[YI+`'QHR,]FX@rP-H&@D1.",Check sum is >
test,"(pSVdddX%(]Al	Tzt""2#xmS#G3dv$F~se|q;fFk[FzoI!E",Check sum is %
test,"Vh==$Ty]{lvq32{$vBYi,|;FlK9SJ{!QFKl\}",Check sum is +
test,[$&[Hxr|;_YkZ*/Yti2kW@:mzs,Check sum is ]
test,"Hx%,Yvj,",Check sum is V
test,9fpe|3GnP[A^89P|K&f+t`kXm5=PG#)2Brp{SwP,Check sum is E
test,NvYHiJ~W@)kS2%S1Kk0,Check sum is 5
test,hmwY,Check sum is E
test,cFg^i?Js_.IF4	qG]yr=+H4	*U))>jW}:ko'E|MJ$,Check sum is =
test,MV*O; Q,Check sum is (
test,"zN=F!U""B]i!]63`
A<MY	WT O!d!",Check sum is H
test,"U|ZH=6q#k)	!I`0vr~jlZc	i-wxtau""",Check sum is $
test,0{ s[U62<|<nVE,Check sum is 3
test,!?Qychh@6sc7p_T{<6Y]>0xImxE~do@:D_HG+X,Check sum is _
test,"
o8>y
{:H(",Check sum is 7
test, ]%X>ES97rXnmMDOSy\O,Check sum is \
test,#`5JM K4N$=-iCm8N1%0.[!iO#B|t9#:q5X#I'2>*C.,Check sum is 8
test,e\.tv>ZQT3A+?~T1,Check sum is W
test,/=rX/,Check sum is E
test,sTelYPKB<>q_x|q@ I	(j-L}MdLzb(`-I),Check sum is W
test,fvYY[R^f.F}[,Check sum is +
test,L#f<^$veV'G20OKKn^5c~e:Gu.,Check sum is D
test,"eDQRr}	tXwB0r|T7v?'c~6n76,R^JPxx",Check sum is F
test,")
oX^9=PujXrEJ",Check sum is 6
test,"St@93<
tR%8T~4$C<;8r",Check sum is J
test,N5VWb6@I)/>\Qh	>t5,Check sum is L
test,"u`J`TP*`Og:{?DOG BtgRx&j	+y['so^]fu""s\<=)Mh'{F7B",Check sum is 8
test,V=ul/;'{s+KBvSo`R}9smTe;m(Wf#p*i_(0tNv,Check sum is &
test,"24#P:B2X+?bf7D+@H7+2[0_=hqoo(cxXVrFod""N",Check sum is =
test,"kwi8	a\eKtJn_c
|h=Bf*3$p*V!\	Q3	,)y?",Check sum is +
test,"L1MAcH MBe<~
/es",Check sum is 5
test,"Oy-^QL0OL""uMGWb(ri0_",Check sum is Q
test,OTk%XNn=q'n,Check sum is *
test,":mUh$nQQZ4-]cJ&j[lc@	I
Gk>x)B
%u",Check sum is J
test,"~K.xY/+b<ni?0Fi,\8@p]`^}%*t*!79r4,:RRv:H$p]#sPZ",Check sum is 4
test,"j|<ZBj7v(U8q*~R_j_h#>0O3N@*?""|9.",Check sum is 4
test,",n#Hda]Z",Check sum is !
test,"_,j@^\GETyx!w.,0c	+
	.L6MoYXDnbs;^VD1P&OA>V",Check sum is N
test,5G:/vro4%tC3(riKk}&.;,Check sum is $
test,WYnH3.qmXfbnkn4q,Check sum is Q
test,pBDe,Check sum is ;
test,Q0R1'u,Check sum is @
test,"C*
H!9/7R$q@FQGf40S`	,B8!)7G ",Check sum is 8
test,h	FF;	:%,Check sum is @
test,"?jAVAO<ln'(<N_A05B}xd&lfK0$Ymm?z[WVeQzPm>t""goU",Check sum is 6
test,Y	7qWx	Yf;	$:,Check sum is #
test,"RDnD6wE.]	'=@`V7MbZ^m
hU_BWXV`d8~K@OAqgww=hji",Check sum is S
test,"P5T/OZM""^6P&9\O~uq",Check sum is R
test,#RAp*X@yL*T#c~}`c[GNAxk|>&ju?xgH:,Check sum is B
test,"}<n%N,h|Y	*0r	ATv%4So$en?",Check sum is ]
test,"@f8],x1[T;BD)1'dWb~?gTykU_\/ucu8?gv",Check sum is :
test,"RAsot5M@@^?
tg4k\>Cy*X:9C",Check sum is :
test,"!P$prt2RIjov
",Check sum is 1
test,)d,Check sum is -
test,ezr5Z%Z`SU`,Check sum is '
test,"Dsr[JmMoU;qYX`-L^az}@k.}2-V\%hbnK=6Lu-.KvHs""&-6`",Check sum is =
test,*=f8zjy+>}AU+osM{Q`/n3dGPw.c^UU1M+5&0{rY,Check sum is Y
test,HPd,Check sum is \
test,"o5\$G!LgX(,X`Z1$lJ {eO
pedlC3h
6?c-",Check sum is S
test,MmF=2of	k1}dX0q;$E'Cs{Sw%C)Di\,Check sum is C
test,o)aV*e	.<	#46T,Check sum is [
test,"W""543ZCF&",Check sum is >
test,0r>J,Check sum is J
test,"/L*}
Zv</ ::)OV3m$0hnhfYu
O<B&-R4g]9Z4	P_8",Check sum is :
test,"V!=Ep
;=4/&S_#GZ",Check sum is J
test,"_""awE[|j,#""",Check sum is 0
test,r;U)'S}Np%*l*F'\QJ[w*C{.UlOU,Check sum is V
test,"V~*EnXoxn9r::!Z?DIXeK {""u4n	g	AZ#v",Check sum is -
test,)_su2L%$$ez<HuR},"Check sum is """
test,0juE op@Xc0Ea*,Check sum is .
test,-e_Zh^uR5eF(+,Check sum is +
test,`	T69;){*6<%	3u=U~v,Check sum is #
test,"*y'8e``RsuK(,+f>BjF?1Zp&,iHB_S!,FZ>e	a)w#WGRaKS}#",Check sum is ^
test,"t6w+q`""	o,,]^^N",Check sum is V
test,iNG	u]#ePllB'o+y(I v(XvG]s+oH=.|x@27mB8D7Yy={{,Check sum is J
test,"wZDE=	z>66I#;u
wpys=<>`C+t",Check sum is V
test,rJN-*+-H mQ~,Check sum is =
test,"-hc,[WtvgfS''^%*%0(rTe=CA>wV^Dn}LvZ",Check sum is X
test,"tY*""wL+lAf]H",Check sum is _
test,(R$+C=[T[s<&KPO51i_{cJiQR}C,Check sum is T
test,"5#L6z
h[x
G""\\+o5LtwHW~j34G(fyVy=K;(mbK\y.Ve_[0","Check sum is """
test,Xmh#]i,Check sum is 6
test,Et,Check sum is Y
test,D8NogX',Check sum is ?
test,"a&sg,uk-1|V4RcpLAzT~",Check sum is /
test,	WEpS&-n,Check sum is I
test,;2&=8j?2VIq3F|I>$RM&,Check sum is 8
test,"ad""+l!R0`|G>	[op>2kp~q/#yuRl;dMmLb,H",Check sum is X
test,K<J${ 4,Check sum is $
test,"2g.<S#}hY'~INZ""|~"" uc9@",Check sum is \
test,29!o,Check sum is [
test,qYGG]b0S|<bjH`v{{sF,Check sum is K
test,g!cEurYPBwv7S_%PCt8YL0|SCP@EG:g|7:5GP(3[P:dN~d*,Check sum is 7
test,#3a &TtslYivRUK4AE[j,Check sum is -
test,OrAc<QC[G~N@?,Check sum is B
test,"1\A-
YJQvz!Ar-SO/8kND'7A=wXo%KuKa;+)]"":FZG",Check sum is *
test,"^hd|>HWgW>Z@sR:Q2t^,|oDX~uk,",Check sum is J
test,p|)V#4k1So.dW[k$zcW[]dRD)*,Check sum is L
test,ED!	-TS!?KL{&,Check sum is ?
test,o.*`l~Y7}1'hnmm'M0@`?:z7d~:ww3 L&nVU^=-8NFhTq,Check sum is ]
test,<xl'#?[dS\?<cG.GvXnh;ies@2sol,Check sum is 1
test,ry,Check sum is K
test,57VJ'EGN],Check sum is J
test,+8{3`5t#$jF6,Check sum is '
test,$mEm;Y\0JdSgQO*,Check sum is 5
test,"6qqc{kk*vj1DIe]BRb2W,v
l""""",Check sum is Q
test,"9%dmb1rcGF[6&sHv`d
*Rg*=.V""""ke'
Nz1;RF!2nnFh*m0Nf",Check sum is 1
test,Y_:#,Check sum is 5
test,?Cn0zf=Y-h7FAmI,Check sum is ?
test,&M,Check sum is S
test,"#/2KLFt[,x:D",Check sum is 2
test,P(/7I9HK>4ujwb}2=}V)#-,Check sum is 5
test,]pYsA(,"Check sum is """
test,"'xk-9`y.y_Wg""3(
GLEgC",Check sum is 6
test,if-!rcyMG~0id/a,Check sum is *
test,"iV;d#Y^3v4AD""	}yUKs<",Check sum is *
test,"~j`3i&5r1@.A]5Qzgeb{_<^,p>h#,lY^wNPaF?",Check sum is _
test,&''m^lro8gaucN!u,Check sum is (
test,O>tym	cO Ra4u,Check sum is >
test,JcE:CNMI:#B,Check sum is R
test,"ab$hvY^Qz+d,'P+la?16*8'.~\t*h	EKi,cZH^AxE8dlH,b8c|",Check sum is R
test,P]>?1Nf1llr2A.7U,Check sum is W
test,"N,^=9-""pH@@=I
k+Ja/i;yB|CJ3<ROJ*om UCng0(9N{\",Check sum is @
test,">hjy_&#bkl;(gpZwFz=H
AUue
(SL~A]"",W G d@",Check sum is Q
test,m%( zGe,Check sum is  
test,8(\x}mslbih&Ge1ifW{bsLk2d6p	dhDu,Check sum is J
test,"wfpHb_v49L(8K""blC$yW6",Check sum is -
test,"D;!,&z')K5gq.a >!QZK~f@M:4|(kmx\1IB7FT-AiZ",Check sum is %
test,2-9jV>F,Check sum is <
test,"dgYGza""Rv2.Z~6$pCZ>C",Check sum is 0
test,"}t}^Zi~w%&py6f{4J$:;,R.=OA,k$",Check sum is :
test,"l.t1,G=Fsf'21#<Kn  XB);",Check sum is N
test,"9bN=c<P:QX,%8{t",Check sum is P
test,65K:T2Ce~z77?+<fLJ*yrz>Nx!Kxy&6,Check sum is R
test,"Qs+,m/tnfC>*#y4c/D&}H~FK<ER$-!loW-&PPo,tLdj_zMYXK",Check sum is _
test,"%kc/%|u%jj[ThbKz_aC)!s=h*QWJv=&)` 
HNDnC<+~D|8Y5",Check sum is R
test,tJUnGQwa/}Sxo=z]aYr[3urNm,Check sum is '
test,KSjk?6f^~-p=*@KjN',Check sum is 8
test,:b[GmO2!G,Check sum is 4
test,@q9H_S_N'qJLsXfw-x>SS#;@Q;r!<cW,Check sum is C
test,XWu}C]&(7g[^m,Check sum is 3
test,"$fW`yIa0=fcZ^>_}Fl)LgaDsTl1Rx[^s2j)xq""7M",Check sum is -
test,wjNEuG	,Check sum is Y
test,"bG	lk9/+9b(Fuel
R	FcDEy}_0n]olW=(!Wf)fKCzp8_",Check sum is E
test,C<C~L[B	Je^ETHE7Ie~A:T{Y,Check sum is K
test,pj#2^*{G!{X,Check sum is M
test,O2FZd#9Ah'nBo^(k!{\uAwlnti}m?a+ZhZ,Check sum is N
test,=g/C,Check sum is 6
test,"Q*(;x@zk
""7Dl!(XK(/?L@xG(T!nlYy",Check sum is D
test,:o1l-F8@ZJS\Un:_Fp	8NAy0@tUv:LVAv,Check sum is A
test,4|# SOvjfzEng80}n=?lp^)5A*qn	I1,Check sum is C
test,"a1;9>q)hxc1
Rtz)",Check sum is %
test,7Rlc]-,Check sum is B
test,"0
z;26[O;E@xoTR
GCOKxx^y<o-aAJP~GydXfuKTF",Check sum is 1
test,"PCKDO7hTx-:[wz6vs`zs""@?j/a`lU\$BP->e9%dx2",Check sum is %
test,kKPR1g;H->4Zr,Check sum is >
test,$4D6eE; =Pbn)PaAhH:W&JJ.[`,Check sum is S
test,"EgeTjAQ018[D1>.""Xi-qFA84[)9Y7?]d%DEr\.sg34*u>",Check sum is _
test,:'\EH2#XBD;*U(xK,Check sum is B
test,YZ:jNxR$eUiXVrh2,Check sum is P
test,DLFj$:fkt1^39w/:!PY	*62<)q=Tq,Check sum is [
test,WoCLR7(w1ZDYwC]s,Check sum is O
test,XB!R@}HKM5/}\ oz Kf~E' {!,Check sum is G
test,"J0K	>s<:oZ*97G(3VCTVtH^.9M,M>i<TTE
]*r8l!hRg2>ir",Check sum is (
test,"}\t-m`C""FpT!\",Check sum is S
test,"lpE'lO|C|I*)$*~oJ@
T=@)$",Check sum is '
test,"\|9I
REKHy!Up:7d5:_iltEA7^},F",Check sum is C
test,"w0D:*9$X_c,r#wqsh$\L,q^}!+[S*ZTDAA4XVMKH^&g&4U","Check sum is """
test,"=]|f9:VAv^=2`GS,.sG4",Check sum is +
test,"\ZR/
F@Rek{NX`BzT#'J_Vy2-Ab8KOYo30h9_/ Jh",Check sum is \
test,"K^GoAS3`v2y\;J}Rg-2dP/yQm*>""i&0HBIGAx",Check sum is 3
test,"= 9Q+29?I<RSBh+GK)6|Yf>Z{g .hn,r1nh-q~0o=hMUm3Yj+Q",Check sum is +
test,"2VbRzd@a|FNeR2n7=W-r 	JSu>?>-j= j~K?\AU6>Ka""W{",Check sum is N
test,w6HBnz$f&h	,Check sum is  
test,bR{qJ3D9\>C,Check sum is W
test,"
NU@ckF
kg]D%C%h)mpq4Q.x",Check sum is 5
test," i'/N+Cb#X-g?3me]SYL[
""1mw?"")",Check sum is +
test,"H;T'sJqY {wvVD%9b<s<`5G&>""
XtZ/!?8yf )%h_8v",Check sum is M
test,"B;WcMcd0SlfT6	p?w XeZS*[3J:%{rK#i8)u5a3hww""Y&$RL",Check sum is @
test,"(3vK`b8Q-poNW'
4W>Q+L0MZ6G95y@Mr	803*'FKa",Check sum is [
test,55)]BkT][D7NOu\y&o`H&Kf!wRw,Check sum is  
test,"#iUrarm

-ABl
0Aezw)XAWkJ{RyR3",Check sum is M
test, z~tw9u=N8/>\U@S#xzzs;L_)Mw=8,Check sum is O
test,b;@T`^11I@f,Check sum is  
test,"1d>FU|#

3yiGpB>ZJC,Pb[(Kx",Check sum is X
test,zI:g9omAl${%c|$yY~v/g>gZ7zbCGzwg-g=+[!%W^j1@0[,Check sum is U
test,"S,VPw#xd^^X1Uz|v8/+[oGUnPojyLi+8h<pWz|7 l{4%H/9
",Check sum is S
test, B7PWA<Ty']7zdxT0Y<Z&x5[lxWw)*>19z:Ix\,Check sum is Z
test,H4MMK>w66T,Check sum is 6
test,"""^&fLbC Rnb9c7Ve:JW#hGk
.,k=Vu-,.@`<>QfbvZV0(Z",Check sum is .
test,Vt,Check sum is *
test,"3	)q> JzjE,affvP%rU	eymQ",Check sum is 7
test,-W,Check sum is $
test,"F}/,|miAv'B=~t`\
6c",Check sum is >
test,"Ob7j_jgT	)Ft5ww,b",Check sum is S
test,Ed31	,Check sum is 6
test,"S#6h N:\},%aDQMFc^.'y",Check sum is ^
test,@1Gy7q)xfu{aZ'ACnk,Check sum is /
test,"_###4;fafox`,?\d>0~P?94s >/Nv	+f$M;f2;u`5:",Check sum is ?
test,"(AN>X`wAJg\?v,10{\},%
59",Check sum is 1
test,suc^t%46]WTCFIIxXOe>m,Check sum is ^
test,",YD_:_4
i0l)NrhBa.tkp DO|,De9-yG<J|	a0!K
CM%",Check sum is F
test,"H""e5Ynbff6ooe7t2""hDJ
gY&vN+g<C8q",Check sum is 5
test,IBQC'nyt/%y_W}MQs.?p)`n6 5WIaHTKun!jX=Hecn`>c7	,Check sum is [
test,"3E[ z~>lkB""=Tg@IFA9$W3U]]OLe6E97iwG%v)V""c""kF+C~LjM",Check sum is 5
test,"OU~(BsF$##4B{#WV*i@,OYU8(s?]w_",Check sum is Q
test,}a>oEuE*::N,Check sum is V
test,"m%9=-
Ldt0A94RJ /`B(X~","Check sum is ,"
test,"='ub*K(B	,b8#.fe",Check sum is %
test,",;,0<!V",Check sum is V
test,Gx,Check sum is _
test,9>U;-_o77T8mJ,Check sum is S
test,j&Jn'.<^Ic^	,Check sum is *
test,@p-_Pp@X?|oc-Sr{*Fs`D,Check sum is 5
test,"QG!'9HJ]]Ez R	Fu9\! 1{NK{4vLAB,Zh?j<D|
E]",Check sum is H
test,z>sC {o=bw,Check sum is .
test,u3ZZ?]AH}Lav;`<x<,Check sum is L
test,|pP{IcUjH,Check sum is J
test,"i/F'%+Jvc""XTuLRpY5U2ywb1",Check sum is A
test,sQ!;E>EC}!=%[IM|2c'.L	?px0M-Hmk,Check sum is (
test,nZ1nDO`x]SY!G;77[QXt!Xj9hTH4x11=[Mhe<4fkO|Y<C{,Check sum is C
test,lyVRlyqv0!hI70E,Check sum is '
test,v+2Yfft[Ob{lcL tn6x%][]p,Check sum is H
test,-s@z2s5	WmqE	EYX6nX|9kpT**{{aiX_=KX^-2b(qR9,Check sum is $
test,3h/?zXyOFs,Check sum is <
test,^Ry5{A\/aC+MJE+MT(XL~)vlAh?17/.Pr/l,Check sum is [
test,`Oh	U<=qc8XDnEyYp[C\x,Check sum is ]
test,V;xFN>oxi6`s_'2M}6	Q|Vqr(:$'mum\SQ&7Iu/5{qO1d0F%Nf,Check sum is 5
test,R0%<{zOrU^}=o[q	G1XH+/?-r{~6qo9[Z-r|7iZC8G1,Check sum is ?
test,f\s]/+/pQ~}ySfzo?g.BSi2)|)S\ZeZYG-ECX2?b8HFJ,Check sum is <
test,	R&m0L,Check sum is J
test,"Db[=g)3C#XJ.y6tVd^R,xWd?%q'k
:""d",Check sum is 4
test,"@
re#Eu;=z{Idw7|58=z&o-Fo(]P[4/|by>^@=n{Z0R
",Check sum is O
test,"Mp
ev8:y(A$E%zf[=D.J",Check sum is X
test,bs![Nh<v_Xa@n7abi,Check sum is B
test,"A]S<h09s,0tCjvBGh4A%z'INlO",Check sum is B
test,"])/_""}l.-""r-rKUtm+",Check sum is 9
test,AZ>M28,Check sum is 0
test,"gyZka=0[Ff}Qr&'
,9tSr3@8w@&\Yl3~:BnYMVi?X",Check sum is O
test,"31QuOf6
A&#=",Check sum is F
test,4+;\J<&T)yqXL}@\5c$&VQ|4p>Y%bY|N$l9YRd\8u):,Check sum is T
test,"O""RrK5h	\J*bT&t	|]:-&oI|6""T%@:p
\/	]sd(S`",Check sum is 1
test,"/#nOMP|^7jDoyz^1#e@""y`XbY:Nu|(?lKTW4THz",Check sum is ^
test,]	S@<m:=UX SFb,Check sum is A
test,")KPq=mVp6iz^8J)rHXB^*Ig%DB&:%\m	,qzB,R}\<}?HlQUa$:",Check sum is 6
test,s1G2lvT,Check sum is 3
test," /L4O~Iqgmde?'yV@1v'=OhA9[q&f<,y()9	'P>go-~",Check sum is F
test,~uDXfK8 QU7o.`)&e,Check sum is F
test,<-FS)R<%T\8sw9Ag>~IMn~l<r *#j*+Yt)aw)N!,Check sum is [
test,KYE3.|S,Check sum is 9
test,"sG'``4BqR,sZxYS7]1@Ma;!j`\Mtl(.NZU1VBsyh-v%}^sN-Kj",Check sum is /
test,"M%d/\f8iL+6BGZ,,:Q,+""Ti;*&aD OrjIP3",Check sum is 8
test,)_lL8gH#4~/-D3Y.\/_Im]8s^Y6aEXVTwls	k4wa'6lS,Check sum is %
test,}BZF5IkSsLp$c!Y\3(X,Check sum is :
test,"a?K=)|Eg	B8U2mKlG1Q`
He_P",Check sum is V
test,r0V4.vey&.dia#a>/9 sB~Q[f^,Check sum is =
test,";l<%We:u(N1	%jD4`Js""0",Check sum is 9
test,"+<""y_DOAY.NRk%IU:R=qm2M",Check sum is P
test,"YutN;#e.B	,/w,
{ye",Check sum is M
test,OXD}:(iNvl{4L o>a	O+vaW']Fd$v-5:I_.5,Check sum is L
test,")WB a#""/t<j}",Check sum is .
test,"A?_)&QQ'@p;?,bi!]q6)8",Check sum is >
test,"	P^kf]@qL
:VEH4tna:",Check sum is Z
test,7uj]Z	pn3Fy'gdLF^!|,Check sum is E
test,"C..4o}^BQR.\_ak|%O~@fsi+==):`6y1Pc
d`Xi",Check sum is Q
test,"1zC)_[jUl


=/iho'5eFi)N,x8tr!Yebx`Myec@?fs=;?=:44",Check sum is $
test,"Kd:rG3pB	vyn-m%C)rCz1~TOvGjU+7}sv hO>,FZ5",Check sum is S
test,Zaq2*\zC/vMIVM?M\|ye<wf7FlU#oRGu)dOQ'j~#.\nC[U=,Check sum is _
test,^5xwAWyHXo5uZ+?=XEs8]r/WeWh_l%tp~:F-t*T,Check sum is _
test,"?v=^#$zTk""8Pj><-7FEaETwsod@m
g%p@BNNKR",Check sum is R
test,"92&Zi*?Di66r0yJe,o	mzop(buiz",Check sum is L
test,"YZ)SIeXl""G^>keJ,d>-Akqr|`.(bI!6""ml-ulG=DO",Check sum is >
test,"fpA?`(#&L$'&}l
2L[",Check sum is P
test,"5^^#Wp%d""~G-F""BW+n@X'^dD	j	$P2h{|<c-",Check sum is D
test,"Sa}x	HTDG}rMn(-%les+q{Cg\ajT,Hb+`EWKqZR,dtDuI%v",Check sum is #
test,#<ssb,Check sum is G
test,"_	80zE	J>3#e9&dA<@,z/pPdc`Pc+(NnF*5x98y.]-6",Check sum is .
test,"hcj6_
<1k{\&sH>v5+#KCp_~mJ/[6Zj	@KIYY4",Check sum is T
test,q!,Check sum is 2
test,"+{>_!Z*efshKWp@'@wW_0JKhmnGIce#m8.v.apyVt>i,y_",Check sum is M
test,Cn914Em^t{osP2`L_k=cjdBv5SrF+)0p>KS c,Check sum is A
test,x/)^+(A)sgsY'\CVmRGJ,Check sum is ]
test,"z'z$b#
Uv",Check sum is 9
test,{D}95,Check sum is J
test,"?8~a""s+
7hSqrby1'f)Wt2``i)^CF&]{db}MX",Check sum is 3
test,6YI0UTAO^ k,Check sum is J
test,.~wkS,Check sum is A
test,ZI'`iep3m7bb@^\ \,Check sum is Y
test,WI40KEZ/i)H6l35)AI+ry!~!	 >}a!1SBL7Nqe{-s!`,Check sum is Y
test,|{&,Check sum is =
test,/=[A$BP+}f64i~o|a#yb$OB:YNf8QXR>N@3cqIC,Check sum is U
test,"Kc
",Check sum is X
test,G4_qZ4u,Check sum is .
test,"kZ]""B|^Lg57=8=""L9q",Check sum is )
test,l2J,Check sum is H
test,wuXB,Check sum is &
test,"gB(""2m^^,A-#VXdMhjRd#8EINA%*]w)5 \fP@",Check sum is =
test,"]-;,@OC\cN.Ps^fHD
C90FLiZ~_kY((brz",Check sum is ;
test,"2S'* aA>gbDLwswk..o9]W#+HM0)u,_gQ|2pkzv)m?<`GYw",Check sum is H
test,Rf&Vg!~vbq<J[DTk.T1Z%,Check sum is 9
test,-_+Qy<.aMTwfQ%'+rH<_qnka#;joI#klFk=:e_tm/;,Check sum is #
test,`Jq9o2KHC,Check sum is +
test,"i>w%+F7Xw'n,h,H\/.kck'L.6=T
G.dQWcI[jgVb","Check sum is ,"
test,0mhd|F}klkM5Ya<;byu-66&#,Check sum is /
test,;8)V+TdW{^;9tK(f%u %#C7OqlJ&=D@bbSZ'XTs>u,Check sum is )
test,3Yu@>1BKpx}J6*V~tTb>gOi+,Check sum is 2
test,"* (d
6HrlOAdl-cSS+(kj""TkQ`M",Check sum is 9
test,p2P?f/3}HhTjz=LQ$5Lx_@/,Check sum is C
test,RsNT1wmn@Z,Check sum is $
test,"b.Gah
!8'YMYWx{)HiP,4 U$%'}h_+`L*X]gk 3j",Check sum is K
test,@xqAm/ag}u\+7V}e+2.BT~>Rbq8u;[$WIC+em&,Check sum is E
test,"u]!ox?IQ$7:-yff?*d0q""sX)nny8<k(",Check sum is :
test,6F)C^KN6q{1r?=QrVwkr3\Z$%c-e6rK}MUn4|gCrl,Check sum is L
test,"""__yM]v29kgwho/ `	Em?f&{4^WU\hTvC@m~VS%`XC 2
\ZH~O",Check sum is >
test,7<6T4,Check sum is Q
test,"IxUQybhr@z%$Gni0O3!,UP_BZ~~dT3'{|-(",Check sum is V
test,"JyK4FegpOYru5T]""nG Afu5S~mm(smx@CWAN/KCV[kE+s_<",Check sum is L
test,	Bo3$nWEM?]7,Check sum is [
test,)np%KZiw2iO=8Qrc.-V%)op[0/}kYH1.,Check sum is V
test,"hy>uA44v$!)vG%m2[`l9$IuRI'E""U9?!N z
0fpn",Check sum is A
test,6'WLO9eTg9.E+o:R(YDAsL5uW2,Check sum is R
test,"1e`3Crn"";l5cts`/_s=Z^L&\0raD 4+:A",Check sum is Y
test,Ee]D.CR\	su[~P8S2(Ua't$?#,Check sum is  
test,lRC*xewdCS>B\0m7Lj}AIo*6,Check sum is U
test,"%!Z33p6[
$>cS
4,{Ff*vw]}a0	.EcH?lS*-]3`IfFe;|",Check sum is Y
test,zLN<YX.q;S2Ms&'eclb5.H;3d{	~Z*bFl ei,Check sum is (
test,")_wF{)4
y.H^ch-l",Check sum is 8
test,'Wc&`5K2UHO5xsV $/BVD14%N$m1b]XV5DP/,Check sum is )
test,ng#:(m ~hrKD;5-qrm]pwp<nd1T]aAc,Check sum is D
test,.RocvX,Check sum is @
test,"5]+(s||1LYDu,<V3BvVN_2",Check sum is ]
test,"r:% N==K@{DYgyvJc{T;SGb)	r,/uU8Av5G,%c",Check sum is -
test,jNFGB2XW<o@GJyI%I?ku2[RmbB|B#Y7KO-p~$G',Check sum is ;
test,"]
!qBP`Grj`Rr88P{O&",Check sum is B
test,({W}T/#8pOrmlnQ+'sYWx3aL1jCU1DXMf74N3	x(,Check sum is S
test,@G-X<i9K=NG k|#\dw,Check sum is H
test,"~~$I@M/nmiWjnj/Zl!fmkg{g#Y{X""eND<@y+/&",Check sum is \
test,"	GR?""6g !^{4noF)=8F@5	9v\SZzM@""ezEDL
uQC,",Check sum is '
test,"c#\|8P""o-@+'6Ul!u<_7~""XM>DDeHzzQz\m",Check sum is 5
test,1fi?m?\IM/7dRnOy.Ads]qqI6heaBL@{T9X[RI>M>NRUdM,Check sum is T
test,";Q];{T%|7Asd,",Check sum is /
test,"V{vsJ`7hcHo2""7{a""#
	]1E1F+\~TxeeemBO*",Check sum is .
test,XCIpT=}lU`Ea>&p8?,Check sum is T
test,ErY,Check sum is 0
test,"|4""Sv!xV2xwrgCyJfmjJ*",Check sum is [
test,}+~^w@zyvze5WR}HlH*xI%:@{k`*[7az~t@O,"Check sum is """
test,"ZQ2Z7x+sM}Pu
:y`~?+^tDsvZ.",Check sum is ?
test,\8;-xa,Check sum is 5
test,|Xaj,Check sum is ?
test,1F&G.lc,Check sum is A
test,",w.4SW;,5@^no:9<F7KjL""z55zDTD-(""z0S,",Check sum is O
test,"8K	+_WG,FBC%=8_",Check sum is D
test,dWqQ2%q%ZgOI~A?p,Check sum is Q
test,nA8*Y4[^`:pKrp(pbR S^gSBSj(h__*~bjR(,Check sum is @
test,:4	S:zHpm$F0nm%+5LhcO.?Fvof$03GdtrD!H7dc,Check sum is $
test,X[Yo<}`b|}02G,Check sum is 8
test,"ndTTE{gg@m2[#wqWM`]TSNv)	cN?uSFiv2,Y<*g",Check sum is L
test,"')qoBP:g'{
Wm/,",Check sum is N
test,"[	qb<0}t""	6a0L",Check sum is 2
test,"^LATP @Jyw8G5HiVs>&5#,vwj@)JMf.U",Check sum is _
test,Xq118MJPZUyhu,Check sum is /
test,"<BiBt	=cv_.5uV@^RpO5P{/8nVSP;-0~iYA,]x",Check sum is @
test,"}J[zN*~&V9/w.)SrM2%L0IuH*lp%Pjk86azV""TX~2LQM3_(Mh",Check sum is U
test,"#2N&gSL2j:a0:)/~vn
-TJ>9	hof%Lb16.Fy!",Check sum is $
test,":}=!oHj1`cDN
{QYJecu+af5 '91Z*",Check sum is .
test,C:*~B.gQYA##,Check sum is M
test,"yPq
ob*Q~B 'wdM|(&IC\9;2j",Check sum is !
test,"Nu;L79Q4 
}\[#-EF>L<RGr-EzTH-2bJ""5<,Nox0]x)N?8~c<",Check sum is @
test,"%Z3[r_KLJ+WiPf`('8glr#h'.$uW
wM}A2	f;u5",Check sum is N
test,"Tngo"">C1usPcm^6]0(r4Y40~t?y(!T.\e?ADsXZohCJ'bQ<7",Check sum is P
test,"&y5s$bD;
E'XYj@yxb&|{.",Check sum is [
test,"3BG~bH%i/5Z5K?$Q{{ bdvll(u9@g\5N]bQ}+}pLP.,|bSl",Check sum is B
test,tgOR;	,Check sum is  
test,SWaws20-6,Check sum is Z
test,}dx/Q|ogPjWBH,Check sum is &
test,"X-jhC/_/&3I#rA}}aj6/J\
Iqh]_#CZL""RmN@~i5M(}N%p",Check sum is S
test,~j#F:;|TZ#7v4^+E;T`EQ9RyikiF<u=$G\)pY{8LHY<Ew4,Check sum is !
test,"_}*G	*G/TtI#W{`vDLm.Lt4Q;k_+""@vX\9N",Check sum is %
test,"BEdLie^SJt}53\65]@D*O	5Hy\.>1G
[p(BK&1udGo`*}!Q-",Check sum is /
test,b=%'_%{	0*I[HlmMHz8($v!yvpJO7ryi=*He9cp>iNPy$D,Check sum is %
test,"zsq/o98hwm
Ml|n$(&NE&Qg}^4#SSYY",Check sum is 3
test,0yXQ;Smr(,Check sum is G
test,t;4Nmzoiy>c-I@KqCVFJ(C<~l*3#hxX}T`h7z@Srrc7cI0cp,Check sum is X
test,&3WDO,Check sum is #
test,"=C3k9`(J["",.L~Q3 iikmHCL",Check sum is O
test,vd4~!!D^_VL7PbE';>oO#D9)Oad7q c-p],Check sum is _
test,_B!3n1 o@VZ3,Check sum is &
test,b !]gGdg{jV4TYIpou\3M^@\]D,Check sum is I
test,Ra?{B5'N`/US\X;eYZUsE48tz-%tUrC[yN(V{/ gg	,Check sum is /
test,#%{L#0!zjWk04	X;n4,Check sum is +
test,"|J2]vt*Mp9me0w5a787m:;TW31]KOlfp39]IK"" <T3\X_ni{z",Check sum is _
test,>hgXT_T$FXYnp?>}\i;Hx<5,Check sum is 0
test,b4+!%#mk@8hS[E#%_f v8b<zac&u{Ze5HD9&hv{~*IJ'TG,Check sum is 7
test,",Z70osEOD<tnHQ'hBrN1x |S&c<+m",Check sum is D
test,M!\491e{+^wQKyG,Check sum is D
test,/A	I*{7CPslFtKxd4XM/J!$,Check sum is (
test,"*w}Uk*z!N=Ca5eUCi-G1,x,fY5^OgT/XEN6~ltY1mT??E&I",Check sum is I
test,OVBxKNyQP>2hZPs}O<tdaT./cb}e SvgMU~Zx*?~I,Check sum is 2
test,"ip%zD|#fz_
F\nbKmcs?y3#m5G*moerJD7
x#aa}kc
",Check sum is Y
test,-JSHJ,Check sum is <
test,".`tv-hk'MsmioEN)4=wB#z{""/u""%Lx
3;0OX M?MNj|""~",Check sum is /
test,J4(_,Check sum is %
test,"~>xAz0M`m(2CSa8_ZJ/BE`DJgOSczH!T
je",Check sum is E
test,"D3!*;M+Z,{__",Check sum is T
test,@T}@R4Z!?_2B[Pp>iNRY3C8c20Y4:8Z*NTCTqvW*PJ,Check sum is 0
test,"Bb[l#q,tHQQ",Check sum is )
test,f?4iwiTXg=B.kA=(k,Check sum is >
test,N*Y/p[F]J*j>xmGA_	ul_,Check sum is ?
test,"bXa^VKtDmAf>B?{0+MbIl1bZy""H)",Check sum is 8
test,DS~m|{4on,Check sum is *
test,P9?dzN7.CI(z[q7z1vNCn&\[io1U&~SHtVP}Z9f)l!3BDEH\Ii,Check sum is ^
test,Vb%A6gvz}j_fJ>41vVL@#3edbVv:ISC~6<?8X??V/f,Check sum is J
test,"hCJQG''u`8Q,%FKs%!?mt511EUpE  ,hK^xjT",Check sum is -
test,'lO?x[hq~m,Check sum is X
test,"TYN#w.Rq-xvnVAZi!:3DMd8"">oU3[Lr""eOEkxD$][8.",Check sum is 8
test,".SA""$-r8s\LG#6$&t
5a""
tfu.cqHb[OjN/7_lJ}g/QC#Xoe",Check sum is R
test,X}m9`FHPd+#D2SddJ8-<,Check sum is G
test,@pB,Check sum is R
test,"7G7T4 le-O'-*]jqyV^Wm[&^MdZ[h,g4",Check sum is %
test,"nD@&a75xw~	2i6lVBAFeO'{(A=`2^f)QP
Rg
YW.:U<-@~}mq",Check sum is /
test,An \o7L}=0~d6QMy]	8x}3A|FHC;\%,Check sum is &
test,"s$.""iC^9ZP<^z5?_nv	h]cT""/k\_=%%7'dYzqW%e,lk","Check sum is ,"
test,A2|%8,"Check sum is ,"
test,"kh|Az,,K` U'	o&<IBZ8oK2M*s=6QXC7`zd
",Check sum is 4
test,.9bHhm5>>D#s*0T{`q[GO4w;=,Check sum is _
test,"XeC#?iEul8NwlD6Rzex,]#!2qE.NQ2|7}e	{vz=-giNS'fw",Check sum is 9
test,.W,Check sum is %
test,;|Rg6sm!)b'tf.BXbUi+pw3,Check sum is @
test,"u~=CxXiD.*jL+c""D7)ru|>VG#h0/K
6jF3'hch-U,)OuH=,Pw",Check sum is 5
test,Du\M{}wU&-f,Check sum is ?
test,bkaBt\`@-ic(	TNZm)Skj1f}J[+YKVi*| eEI,Check sum is $
test,"LKS()gFhJ\HE5X c@8-.]B""d",Check sum is +
test,Cf_n|bv7,Check sum is !
test,h!C)e;`IYI91NE.Uw:zJ-bHc'__j*!OYyFJd8Om??~wj*Ne{,Check sum is G
test,"""*	RP;9Tx",Check sum is W
test," D{-zAK6uK""|}(.c9YP	fq",Check sum is >
test,lP'.d1)i'l4|k{&}k>Qv1wb>A,Check sum is ]
test,", BCPg33+|A_]cs&Rwr(_wnTaO&]AJ3$",Check sum is >
test,XsL|E=( NI.=/%Un ?0Sgr,Check sum is Q
test,F8Y*4n?I-X^$cjnii1R#T#J^H`53_ub^Etm^mH,Check sum is A
test,"Grs
mM`iQ{_?BI	""U'8bwt^?hy|j+fPH4",Check sum is ;
test,"/I8(eW]p_t2*.D~  b&7-mR.iZs7SRRe]3$=X0^
l!\j?: |q",Check sum is <
test,"+K+Z""pH8g6%Byo3+~{?6bzojeB5oYi<;H?%)Tf&3Bi_
?\F",Check sum is ;
test,|Gj[P\#Nl12k43B#^?UU0Z0ZB'hLrd2L,Check sum is W
test,.;EdYeYGD_6.LC`t%9ko(xr &9Bs%m$txS?Mv%wK/_GYD^,Check sum is &
test,"/%nDVnYd&c}(Q/r-9%;+ubeHL2W#?,lb5Z:;+c",Check sum is ?
test,"{zGT""S4<X]Rj QfIx'T/",Check sum is H
test,"a:45Cta~=c~yV1w#>b7]NpG$l. ?7""G`",Check sum is H
test,UMJ`G6WXUo{2:L*J*5g}>4,Check sum is 8
test,J$s!rWUBr3	!=3i3D8rWj?u8pD%8QurN3Gd/cJeV~l_,Check sum is M
test,"`XnIbg""dL@||Ofn>&Kx}j3x2'zMq!gl%TSz0Oln~[Lu",Check sum is <
test,"FSDIedF}E.JqW
'(p!@}[9\ErxL|ne	(:Hl>M>;x#|7# .'Gz",Check sum is B
test,%pvupQ.AM7z[5,Check sum is ^
test,$XtW3v,Check sum is P
test,I|8[bPz8|iN)&(Wm$R+,Check sum is +
test,"de
EOcFp[*v[Tx?]=!} BzM82k]dc88YE'zO}mMb'OXv",Check sum is 6
test,rjNr(%+0\6plC^&dBY%,Check sum is =
test,fPUIr-Qovx?f,Check sum is &
test,vVj,Check sum is V
