set,input1,output1
train,,Check sum is  
train,	,Check sum is )
train,"
",Check sum is *
train,"B
","Check sum is ,"
train,"

",Check sum is 4
train,"

















































",Check sum is T
train,                                                  ,Check sum is  
train,ssssssssssssssssssssssssssssssssssssssssssssssssss,Check sum is V
train,"CD
CD
CD
CD
CD
CD
CD
CD
CD
CD
CD
CD
CD
CD
CD
CD
CD",Check sum is 7
train,"x
y x
y x
y x
y x
y x
y x
y x
y x
y x
y x
y x
y x
",Check sum is &
train," 
 
 
 
 
 
 
 
 
 
 
 
 
 
 
 
 
 
 
 
 
 
 
 
 
",Check sum is :
train, ,Check sum is @
train,!,Check sum is A
train,"""",Check sum is B
train,#,Check sum is C
train,$,Check sum is D
train,%,Check sum is E
train,&,Check sum is F
train,',Check sum is G
train,(,Check sum is H
train,),Check sum is I
train,*,Check sum is J
train,+,Check sum is K
train,",",Check sum is L
train,-,Check sum is M
train,.,Check sum is N
train,/,Check sum is O
train,0,Check sum is P
train,1,Check sum is Q
train,2,Check sum is R
train,3,Check sum is S
train,4,Check sum is T
train,5,Check sum is U
train,6,Check sum is V
train,7,Check sum is W
train,8,Check sum is X
train,9,Check sum is Y
train,:,Check sum is Z
train,;,Check sum is [
train,<,Check sum is \
train,=,Check sum is ]
train,>,Check sum is ^
train,?,Check sum is _
train,@,Check sum is  
train,A,Check sum is !
train,B,"Check sum is """
train,C,Check sum is #
train,D,Check sum is $
train,E,Check sum is %
train,F,Check sum is &
train,G,Check sum is '
train,H,Check sum is (
train,I,Check sum is )
train,J,Check sum is *
train,K,Check sum is +
train,L,"Check sum is ,"
train,M,Check sum is -
train,N,Check sum is .
train,O,Check sum is /
train,P,Check sum is 0
train,Q,Check sum is 1
train,R,Check sum is 2
train,S,Check sum is 3
train,T,Check sum is 4
train,U,Check sum is 5
train,V,Check sum is 6
train,W,Check sum is 7
train,X,Check sum is 8
train,Y,Check sum is 9
train,Z,Check sum is :
train,[,Check sum is ;
train,\,Check sum is <
train,],Check sum is =
train,^,Check sum is >
train,_,Check sum is ?
train,`,Check sum is @
train,a,Check sum is A
train,b,Check sum is B
train,c,Check sum is C
train,d,Check sum is D
train,e,Check sum is E
train,f,Check sum is F
train,g,Check sum is G
train,h,Check sum is H
train,i,Check sum is I
train,j,Check sum is J
train,k,Check sum is K
train,l,Check sum is L
train,m,Check sum is M
train,n,Check sum is N
train,o,Check sum is O
train,p,Check sum is P
train,q,Check sum is Q
train,r,Check sum is R
train,s,Check sum is S
train,t,Check sum is T
train,u,Check sum is U
train,v,Check sum is V
train,w,Check sum is W
train,x,Check sum is X
train,y,Check sum is Y
train,z,Check sum is Z
train,{,Check sum is [
train,|,Check sum is \
train,},Check sum is ]
train,~,Check sum is ^
train,yH,Check sum is !
train,lq,Check sum is =
train,|!,Check sum is =
train,em,Check sum is 2
train,IM,Check sum is 6
train,v=,Check sum is S
train,kS,Check sum is ^
train,)H,Check sum is Q
train,e.,Check sum is 3
train,nf,Check sum is 4
train,8),Check sum is A
train,7e,Check sum is <
train,23,Check sum is E
train,U`,Check sum is U
train,Jf,Check sum is P
train,^6,Check sum is 4
train,kZ,Check sum is %
train,ph,Check sum is 8
train,J',Check sum is Q
train,Ry,Check sum is +
train,(B,Check sum is J
train,	\,Check sum is E
train,_;,Check sum is :
train,HB,Check sum is *
train,{\,Check sum is 7
train,B0,Check sum is R
train,HU,Check sum is =
train,~K,Check sum is )
train,XV,Check sum is N
train,rb,Check sum is 4
train,hz,Check sum is B
train,[@,Check sum is ;
train,~+,Check sum is I
train,"z""",Check sum is <
train,UA,Check sum is 6
train,"
=",Check sum is '
train,T$,Check sum is X
train,|C,Check sum is _
train,c/,Check sum is 2
train,NI,Check sum is 7
train,ji,Check sum is 3
train,S0,Check sum is #
train,t',Check sum is ;
train,ka,"Check sum is ,"
train,B{,Check sum is ]
train,uF,Check sum is [
train,Z(,"Check sum is """
train,t\,Check sum is 0
train,:B,Check sum is \
train,C{,Check sum is ^
train,4L,Check sum is  
train,Z`,Check sum is Z
train,mR,Check sum is _
train,d_,Check sum is #
train,x^,Check sum is 6
train,3f?,Check sum is 8
train,gN(,Check sum is =
train,M`@,Check sum is M
train,W1:,"Check sum is """
train,70p,Check sum is 7
train,"R|""",Check sum is P
train,-o1,Check sum is -
train,Zug,Check sum is V
train,a'h,Check sum is P
train,AYv,Check sum is 0
train,)IS,Check sum is %
train,gTl,Check sum is G
train,&%[,Check sum is F
train,~0D,Check sum is R
train,"J,\",Check sum is 2
train,",g<",Check sum is /
train,77B,Check sum is P
train,G$(,Check sum is 3
train,.6T,Check sum is X
train,tu+,Check sum is 4
train,34X,Check sum is _
train,*5L,Check sum is K
train,&4:,Check sum is 4
train,"""63",Check sum is +
train,_AS,Check sum is S
train,Me^,Check sum is 0
train,~m2,Check sum is =
train,C!9,Check sum is =
train,^9R,Check sum is I
train,ymJ,Check sum is P
train,a)A,Check sum is +
train,z~y,Check sum is Q
train,E}I,Check sum is +
train,[=v,Check sum is .
train,NU1,Check sum is 4
train,Hf!,Check sum is /
train,QO4,Check sum is 4
train,4qZ,Check sum is _
train,?+I,Check sum is S
train,fs9,Check sum is 2
train,",Q1",Check sum is N
train,h?W,Check sum is ^
train,|>@,Check sum is Z
train,^!C,"Check sum is """
train,"Q,p",Check sum is M
train,v<2,Check sum is D
train,",!`",Check sum is M
train,V#x,Check sum is Q
train,)`u,Check sum is ^
train,imt,Check sum is *
train,"M{jF\2LHou+xhk&rhuE4se@hCN	m=nioZ[ppN,*00IYCj",Check sum is 4
train,"/K""Z,|6%qjsqN9%.A1#_}n_~C%Y",Check sum is /
train,iZ^#0&[utCC6v/kqdTj+c@A/I:h.~xh2`!S~a%s,Check sum is O
train,Q{-/(NIC/vtcfOt,Check sum is /
train,"|+Z]B<z]!j,SN"";16kH`
h::TsVLe",Check sum is 6
train,Q|,Check sum is -
train,"/HMD GH``}Z""7A?)WC)2npz!&-t,`HU0r~{",Check sum is )
train,"}nIJj>^#/5""]mQ8Sdd@\op[x)WW8si]3(;u
NslQ7""",Check sum is =
train,"/;edi(IX5289mz""]_","Check sum is """
train,"wF'^&KB'zwa
O#jzu~S.rKA:b=H",Check sum is A
train,";qEO0"";XIU[n,U(K""p(!tKhls6WnTF^! 7yH",Check sum is -
train,#W#)h'du[,Check sum is )
train,IJ,Check sum is 3
train,;MU,Check sum is =
train,")y
Zhgs^7D7.4G/S",Check sum is #
train,"E!kGy'G+NX5y&-""=qk2L1T>kK]
H9:x6S3%Wr
0!k",Check sum is -
train,ZKLK64z(tXQ'Dll*>yU^tL*i9^em*k>-S?w7^~.S}9=Q,Check sum is 9
train,	^4?;Bk{3Xp}V#rB	5OK>o.JC,Check sum is B
train,P2u'o,Check sum is -
train,a?e}U=$/@.ku i^O3,Check sum is >
train,)f#?f15UZb>Of3szfj9 ?$*=,Check sum is 4
train,4jA9,Check sum is 8
train,"Ktzg>W?:^LixG=;qt}g
\'YFzy*Yr{$2J""",Check sum is 2
train,W0]%.A]E>	?yr,Check sum is +
train,"0Y/jiT~8tokP>e$^^}3LrM5+PM(""UYjy(gzNz:b9W-@g=",Check sum is 7
train,KBWE7h2g9aBqgbBy!:r{=fh,Check sum is %
train,"0!EA{rl/*M7ZH;_!\l[
5~G_td0)QUN\",Check sum is Q
train,"%\m7r!M{:L*Gz3
""d\~x1 N/aJiuCqsUC `Bn/",Check sum is [
train,"J6dn<
K*H*l",Check sum is K
train,")5Z#mDc;7JM
Ca4
qhEZO'cXp_5[:kn2	X2r9TD+AGH&#zgi ?",Check sum is T
train,"'t%*G8jP_Z5U	u{D{""cf7a(%2V-Ss""K	iy",Check sum is !
train,"[k0@_@,.$&33?",Check sum is >
train,"""NK	x+g0bo^@Hi'L~
g	kyy-3'w'!!",Check sum is -
train,:I,Check sum is #
train,"G#GO""{@!C.r\_M-",Check sum is 6
train,"
br	}]r=%(2",Check sum is O
train,Z['yo,Check sum is $
train,"jxA""SF]zyA\Q`eL<6[?[mj3ZTT@
+4I",Check sum is 2
train,6EiN jroj6se7eM&S}Qh-%iC^vx}8;D[,Check sum is &
train,&6%FHUN+61}3<8,Check sum is H
train,""",N|S]);iKtt
Ey03Q)T>>
f9gMv@AB6CX^","Check sum is """
train,ERSf]&V2@,Check sum is ;
train,(Ph52khrkC4^]pE^Q,Check sum is -
train,PJ~+42By0RSV:2f)dR=igCgy].e.<),Check sum is S
train,LH![H/[$G1Cn|b0f5,Check sum is 8
train,XZ[2v|cH}D2Zv_KkL9	EXx_-hrY#,Check sum is Y
train,"n&=n
>O&^!<P
~",Check sum is /
train,"EoR
-HG3zR5=$TJg!Q",Check sum is 8
train,"W\q(UVN@hNK$enI96u=P%	1z2c@,i+nNH[>~uUn",Check sum is X
train,"
UNu9%9%7QT",Check sum is Z
train,"A8!S<?Y,vJNZa!e q%f3{w,$%Wk,bpy},7",Check sum is +
train,"	^TZ~PO{:Q0	$9~1lzA>~^sd ~t;,!Nx#`S}j?_Xhc]R",Check sum is B
train,Z[,Check sum is U
train,"v<_rCBpss^]&X,W[Q|!/CK
n",Check sum is 8
train,H5MF$gvUpKK?3r	PVBh\Tj0pp%s4},Check sum is <
train,"VK64PITvrgC.}+
L|:e,<P^@",Check sum is G
train,",;3T9+",Check sum is 2
train,~FsIQ,Check sum is 1
train,f-\_@=Wx2R^0#lRt?2:oiD,Check sum is (
train,"buHk""|<V05sCg^%Gr!<eSVw[WDb.a2HL/X{ieP:tuJ$0m;)	2",Check sum is T
train,")7""arDut+'KR%#Y`@t||Vgm MQ7=4",Check sum is N
train,"aGypH<p;l4Av,;",Check sum is ^
train,xg8QOneHl)),Check sum is 0
train,ox	E*sf(2qk?o%Y,Check sum is :
train,"'lc27/jiEVz1U+m2l8;	u""_$y9M",Check sum is '
train,fe=R%1NT]85o@UD ,Check sum is $
train,Q:#~yc,Check sum is (
train,(c=YU~}c]mgXYW]{j5TP3Ds_0|z-6i@D U)9/Wi::UQH-hA5,Check sum is :
train,>	|J78:ICUbo[UJU:0nLM0<bF`aE=jhLt@Ps4Q,Check sum is 9
train,*Y{R1&A.enQMW9>a)6HUFV!9e1KXy,Check sum is :
train,k{s6V4,Check sum is 9
train,"mhze62""t0F^%~(JV_5mk6ic\)kk@c*",Check sum is '
train,"dk26kQi\Xb,fZvn'5q[uou_	8cT",Check sum is :
train,"O^<i|,3",Check sum is M
train,>U[Lc0?t;k}='RVYg,Check sum is O
train,J/h'w+!){Ev(]Um3@oCT )EY$XvCigZug+,Check sum is W
train,D|R[n!%?q\B%[5y[tD(q#%[CjW(,Check sum is 8
train,":Kz;0,`|A;)2qS$#r(`(*]S_HMe[R[y",Check sum is J
train,P-G]p(k}VFj(GTO>c)_Dt	pyYTp3?K:'@uTBI3k SSX<h(P=,Check sum is P
train,"&lm;qtkT-`
iR_)^*`msg%2IcbdtI\",Check sum is )
train,I-;*,Check sum is ;
train,"h#Dr6U\T7>)%
p5=&E.*-;~L$_5B7mN*fNf${#<{{Adn",Check sum is 7
train,tfpu24Z6'Ze,Check sum is ;
train,[v|G%Z&|u)Atrr>!Fv Og|?&)Wie.rx\Xg*dp3iZd!= %!tn2d,Check sum is 3
train,XBRZf@e?V?6( Jb^#N/KD%]]<^k,Check sum is  
train,:\,Check sum is 6
train,"K_vnP:@,",Check sum is $
train,"X%xr]/_5`S/p""",Check sum is [
train,(G%SQL+>j7L=1',Check sum is O
test,4W,Check sum is +
test,lq,Check sum is =
test,zS,Check sum is -
test,</,Check sum is K
test,x2,Check sum is J
test,KE,Check sum is 0
test,"v,",Check sum is B
test,^$,"Check sum is """
test,4],Check sum is 1
test,_\,Check sum is [
test,EM,Check sum is 2
test,yF,Check sum is _
test,QO,Check sum is @
test,d},Check sum is A
test,]C,Check sum is @
test,5{,Check sum is P
test,"
r",Check sum is \
test,&z,Check sum is @
test,5[,Check sum is 0
test,{[,Check sum is 6
test,ts,Check sum is G
test,om,Check sum is <
test,E/,Check sum is T
test,VZ,Check sum is P
test,iH,Check sum is Q
test,X],Check sum is U
test,34,Check sum is G
test,c%,Check sum is (
test,"Y
",Check sum is C
test,S!,Check sum is T
test,!3,Check sum is 4
test,(],Check sum is %
test,dX,Check sum is \
test,q+,Check sum is <
test,SM,Check sum is @
test,0&,Check sum is 6
test,"""6",Check sum is 8
test,w3,Check sum is J
test,k~,Check sum is I
test,B.,Check sum is P
test,q[,"Check sum is ,"
test,Gi,Check sum is P
test,bF,Check sum is H
test,$F,Check sum is J
test,:),Check sum is C
test,([,Check sum is #
test,pT,Check sum is $
test,4	,Check sum is ]
test,(q,Check sum is 9
test,Jv,Check sum is  
test,"M
",Check sum is 7
test,jG,Check sum is Q
test,oo,Check sum is >
test,KH,Check sum is 3
test,Pc,Check sum is S
test,x],Check sum is 5
test,z_,Check sum is 9
test,hk,Check sum is 3
test,?v,Check sum is U
test,6a,Check sum is 7
test,ah,Check sum is )
test,3},Check sum is P
test,"6,",Check sum is B
test,}),Check sum is F
test,.},Check sum is K
test,SP,Check sum is C
test,u0,Check sum is E
test,+`,Check sum is +
test,jW,Check sum is !
test,DV,Check sum is :
test,Tz,Check sum is .
test,"""R",Check sum is T
test,(0,Check sum is 8
test,"|""",Check sum is >
test,t8,Check sum is L
test,XL,Check sum is D
test,b!,Check sum is #
test, s,Check sum is 3
test,=8,Check sum is U
test,	/,Check sum is X
test,Y),"Check sum is """
test,0-,Check sum is =
test,:^,Check sum is 8
test,~:,Check sum is X
test,"""~",Check sum is @
test,4B,Check sum is V
test,WY,Check sum is P
test,_),Check sum is (
test,1),Check sum is :
test,*C,Check sum is M
test,rd,Check sum is 6
test,-3,Check sum is @
test,kf,Check sum is 1
test,7I,Check sum is  
test,.G,Check sum is U
test,{U,Check sum is 0
test,-O,Check sum is \
test,<E,Check sum is !
test,D>,"Check sum is """
test,cB,Check sum is E
test,2h,Check sum is :
test,S!,Check sum is T
test,OP,Check sum is ?
test,>4,Check sum is R
test,}Z,Check sum is 7
test,~P,Check sum is .
test,Kl,Check sum is W
test,#m,Check sum is 0
test,U(,Check sum is ]
test,;h,Check sum is C
test,)>,Check sum is G
test,.4,Check sum is B
test,{M,Check sum is (
test,xM,Check sum is %
test,^p,Check sum is .
test,*m,Check sum is 7
test,Ri,Check sum is [
test,pz,Check sum is J
test,IO,Check sum is 8
test,G ,Check sum is G
test,7W,Check sum is .
test,C\,Check sum is ?
test,.w,Check sum is E
test,}<,Check sum is Y
test,]=,Check sum is :
test,V\,Check sum is R
test,A:,Check sum is [
test,2t,Check sum is F
test,?M,"Check sum is ,"
test,cz,Check sum is =
test,Ij,Check sum is S
test,]<,Check sum is 9
test,4g,Check sum is ;
test,)N,Check sum is W
test,rW,Check sum is )
test,;{,Check sum is V
test,"
(",Check sum is R
test,|S,Check sum is /
test,6v,Check sum is L
test,&Z,Check sum is  
test,s?,Check sum is R
test,@M,Check sum is -
test,}B,Check sum is _
test,",R",Check sum is ^
test,5$,Check sum is 9
test,cZ,Check sum is ]
test,#!,Check sum is $
test,QA,Check sum is 2
test,5|,Check sum is Q
test,	f,Check sum is O
test,"(
",Check sum is R
test,T4,Check sum is (
test,	r,Check sum is [
test,Uf,Check sum is [
test,Xr,Check sum is *
test,I?,Check sum is (
test,9P,Check sum is )
test,=L,Check sum is )
test,nY,Check sum is '
test,DW,Check sum is ;
test,wd,Check sum is ;
test,w	,Check sum is  
test,eu,Check sum is :
test,}+,Check sum is H
test,v>,Check sum is T
test,Lv,"Check sum is """
test,9-,Check sum is F
test,+\,Check sum is '
test,Ug,Check sum is \
test,=S,Check sum is 0
test,@Q,Check sum is 1
test,NE,Check sum is 3
test,7h,Check sum is ?
test,D\,Check sum is @
test,d7,Check sum is ;
test,jH,Check sum is R
test,o<,Check sum is K
test,a*,Check sum is +
test,"V""",Check sum is X
test,$N,Check sum is R
test,8*,Check sum is B
test,-c,Check sum is 0
test,"'""",Check sum is )
test,w9,Check sum is P
test,P#,Check sum is S
test,"w""",Check sum is 9
test,|',Check sum is C
test,Tz,Check sum is .
test,\\,Check sum is X
test,{n,Check sum is I
test,rj,Check sum is <
test,ug,Check sum is <
test,B0,Check sum is R
test,(5,Check sum is =
test,mo,Check sum is <
test,rQ,Check sum is #
test,86,Check sum is N
test,tr,Check sum is F
test,Sh,Check sum is [
test,t(,Check sum is <
test,8#,Check sum is ;
test,"<""",Check sum is >
test,cn,Check sum is 1
test,"h,",Check sum is 4
test,kX,Check sum is #
test,lc,Check sum is /
test,9B,Check sum is [
test,ux,Check sum is M
test,"
L",Check sum is 6
test,`*,Check sum is *
test,",t",Check sum is @
test,dX,Check sum is \
test,g;,Check sum is B
test,"+
",Check sum is U
test,>e,Check sum is C
test,~l,Check sum is J
test,"
^",Check sum is H
test,;_,Check sum is :
test,vA,Check sum is W
test,?x,Check sum is W
test,0c,Check sum is 3
test,IA,Check sum is *
test,|Q,Check sum is -
test,"
+",Check sum is U
test,o8,Check sum is G
test,Na,Check sum is O
test,Ur,Check sum is '
test,_b,Check sum is !
test,Qt,Check sum is %
test,F4,Check sum is Z
test,Fs,Check sum is Y
test,A5,Check sum is V
test,y+,Check sum is D
test,Od,Check sum is S
test,^b,Check sum is  
test,\{,Check sum is 7
test,+(,Check sum is 3
test,~^,Check sum is <
test, $,Check sum is $
test,B ,Check sum is B
test,is,Check sum is <
test,J7,Check sum is !
test,|i,Check sum is E
test,bl,Check sum is .
test,qo,Check sum is @
test,~`,Check sum is >
test,O@,Check sum is /
test,pE,Check sum is U
test,"Q""",Check sum is S
test,p1,Check sum is A
test,z>,Check sum is X
test,tN,"Check sum is """
test,~#,Check sum is A
test,BM,Check sum is /
test,|E,Check sum is !
test,&I,Check sum is O
test,"
.",Check sum is X
test,RQ,Check sum is C
test,(v,Check sum is >
test,z0,Check sum is J
test,?Q,Check sum is 0
test,]',Check sum is $
test,ba,Check sum is #
test,L&,Check sum is R
test,7B,Check sum is Y
test,5],Check sum is 2
test,sf,Check sum is 9
test,_2,Check sum is 1
test,@k,Check sum is K
test,*l,Check sum is 6
test,u(,Check sum is =
test,ki,Check sum is 4
test,YU,Check sum is N
test,"3,",Check sum is ?
test,Db,Check sum is F
test,re,Check sum is 7
test,kO,Check sum is Z
test,V\,Check sum is R
test,=k,Check sum is H
test,oy,Check sum is H
test,'B,Check sum is I
test,9F,Check sum is _
test,\8,Check sum is 4
test,lp,Check sum is <
test,5B,Check sum is W
test,"
,",Check sum is V
test,U8,Check sum is -
test,kl,Check sum is 7
test,f*,Check sum is 0
test,wB,Check sum is Y
test,HZ,Check sum is B
test,$@,Check sum is D
test,"""V",Check sum is X
test,+l,Check sum is 7
test,h/,Check sum is 7
test,b[,Check sum is ]
test,75,Check sum is L
test,tt,Check sum is H
test,zd,Check sum is >
test,o2,Check sum is A
test,AU,Check sum is 6
test,"`""","Check sum is """
test,>R,Check sum is 0
test,/C,Check sum is R
test,xu,Check sum is M
test,@U,Check sum is 5
test, O,Check sum is O
test,9&,Check sum is ?
test,9/,Check sum is H
test,B<,Check sum is ^
test,A},Check sum is ^
test,)j,Check sum is 3
test,MG,Check sum is 4
test,8),Check sum is A
test,"T,",Check sum is  
test,OB,Check sum is 1
test,[I,Check sum is D
test,uM,"Check sum is """
test,<V,Check sum is 2
test,:<,Check sum is V
test,Z',Check sum is !
test,\z,Check sum is 6
test,mq,Check sum is >
test,ll,Check sum is 8
test,o2,Check sum is A
test,B2,Check sum is T
test,7n,Check sum is E
test,Rw,Check sum is )
test,",-",Check sum is 9
test,V$,Check sum is Z
test,WG,Check sum is >
test,=b,Check sum is ?
test,'|,Check sum is C
test,nd,Check sum is 2
test, 9,Check sum is 9
test,	(,Check sum is Q
test,KY,Check sum is D
test,1],Check sum is .
test,y<,Check sum is U
test,A ,Check sum is A
test,sE,Check sum is X
test,g0,Check sum is 7
test,S\,Check sum is O
test,\1,Check sum is -
test,"m
",Check sum is W
test,'n,Check sum is 5
test,+7,Check sum is B
test,E;,Check sum is  
test,8(,Check sum is @
test,p9,Check sum is I
test,>~,Check sum is \
test,b9,Check sum is ;
test,:J,Check sum is $
test,2*,Check sum is <
test,Ik,Check sum is T
test,Je,Check sum is O
test,]],Check sum is Z
test,W},Check sum is 4
test,[e,Check sum is  
test,yn,Check sum is G
test,K.,Check sum is Y
test,M[,Check sum is H
test,4:,Check sum is N
test,To,Check sum is #
test,<~,Check sum is Z
test,X0,Check sum is (
test,YL,Check sum is E
test,u`,Check sum is 5
test,hD,Check sum is L
test,i},Check sum is F
test,M	,Check sum is 6
test,^H,Check sum is F
test,Hd,Check sum is L
test,p9,Check sum is I
test,W},Check sum is 4
test,#i,"Check sum is ,"
test,!t,Check sum is 5
test,"
V",Check sum is @
test,;A,Check sum is \
test,5p,Check sum is E
test,#8,Check sum is ;
test,Qy,Check sum is *
test,9h,Check sum is A
test,`~,Check sum is >
test,{2,Check sum is M
test,9W,Check sum is 0
test,_j,Check sum is )
test,CO,Check sum is 2
test,+#,Check sum is .
test,_S,Check sum is R
test,Le,Check sum is Q
test,G1,Check sum is X
test,bE,Check sum is G
test,Y(,Check sum is !
test,[1,"Check sum is ,"
test,c],Check sum is  
test,_X,Check sum is W
test,} ,Check sum is =
test,$#,Check sum is '
test,vg,Check sum is =
test,-Z,Check sum is '
test,PV,Check sum is F
test,'f,Check sum is -
test,@;,Check sum is [
test,CO,Check sum is 2
test,!2,Check sum is 3
test,$r,Check sum is 6
test,	8,Check sum is !
test,iA,Check sum is J
test,/^,Check sum is -
test,^X,Check sum is V
test,m.,Check sum is ;
test,{>,Check sum is Y
test,+x,Check sum is C
test,O%,Check sum is T
test,[b,Check sum is ]
test,( ,Check sum is (
test,im,Check sum is 6
test,l=,Check sum is I
test,B>,Check sum is  
test,'/,Check sum is 6
test,"
)",Check sum is S
test,ia,Check sum is *
test,.V,Check sum is $
test,>_,Check sum is =
test,Ug,Check sum is \
test,cb,Check sum is %
test,WF,Check sum is =
test,"
7",Check sum is !
test,",W",Check sum is #
test,a5,Check sum is 6
test,#F,Check sum is I
test,fo,Check sum is 5
test,(5,Check sum is =
test,K\,Check sum is G
test,E;,Check sum is  
test,w	,Check sum is  
test,6F,Check sum is \
test,[O,Check sum is J
test,H@,Check sum is (
test,OQ,Check sum is @
test,'%,"Check sum is ,"
test,.^,"Check sum is ,"
test,hZ,"Check sum is """
test,x.,Check sum is F
test,6+,Check sum is A
test,:~,Check sum is X
test,nA,Check sum is O
test,y3,Check sum is L
test,`+,Check sum is +
test,>C,Check sum is !
test,Z>,Check sum is 8
test,nv,Check sum is D
test,fY,Check sum is _
test,]F,Check sum is C
test,nB,Check sum is P
test,+A,Check sum is L
test,qf,Check sum is 7
test,wx,Check sum is O
test,Te,Check sum is Y
test,:I,Check sum is #
test,f4,Check sum is :
test,qf,Check sum is 7
test,jc,Check sum is -
test,47,Check sum is K
test,K3,Check sum is ^
test,c:,Check sum is =
test,!p,Check sum is 1
test,ZO,Check sum is I
test,K1,Check sum is \
test,	r,Check sum is [
test,(=,Check sum is E
test,%b,Check sum is '
test,QS,Check sum is D
test,tg,Check sum is ;
test,7y,Check sum is P
test,_f,Check sum is %
test,	V,Check sum is ?
test, p,Check sum is 0
test,]v,Check sum is 3
test,"r""",Check sum is 4
test,"G
",Check sum is 1
test,y},Check sum is V
test,~a,Check sum is ?
test,5z,Check sum is O
test,<=,Check sum is Y
test,BX,Check sum is :
test,26,Check sum is H
test,Ua,Check sum is V
test,zh,Check sum is B
test,^h,Check sum is &
test,h],Check sum is %
test,X0,Check sum is (
test,rp,Check sum is B
test,`N,Check sum is N
test,r9,Check sum is K
test,x7,Check sum is O
test,TU,Check sum is I
test,t7,Check sum is K
test,2e,Check sum is 7
test,2gU,Check sum is N
test,|S),Check sum is X
test,;c5,Check sum is 3
test,OsC,Check sum is %
test,(]d,Check sum is I
test,R*V,Check sum is 2
test,mn#,Check sum is ^
test,0kI,Check sum is D
test,M	;,Check sum is 1
test,(Rp,Check sum is J
test,(si,Check sum is $
test,`~l,Check sum is *
test,[;R,Check sum is H
test,=m2,Check sum is <
test,P^{,Check sum is I
test,"A""|",Check sum is ?
test,mVB,Check sum is %
test,&%W,Check sum is B
test,z#\,Check sum is Y
test,MN+,Check sum is &
test,fFO,Check sum is [
test,H|`,Check sum is D
test,8Wy,Check sum is (
test," ""1",Check sum is S
test,",wq",Check sum is 4
test,"S
$",Check sum is !
test,8^7,Check sum is -
test,Bsa,Check sum is 6
test,9p$,Check sum is -
test,E)P,Check sum is ^
test,TZ5,Check sum is C
test,Cu@,Check sum is X
test,"""l""",Check sum is P
test,]y`,Check sum is V
test,f0 ,Check sum is V
test,FT],Check sum is W
test,EJ-,Check sum is \
test,G+y,Check sum is K
test,",U(",Check sum is I
test,Da:,Check sum is ?
test,<?X,Check sum is 3
test,x:s,Check sum is E
test,nf%,Check sum is Y
test,U<{,"Check sum is ,"
test,%df,Check sum is O
test,"Vp
",Check sum is 0
test,".	,",Check sum is C
test,"""Gf",Check sum is /
test,t#W,Check sum is N
test,v:q,Check sum is A
test,>)s,Check sum is :
test,2/W,Check sum is X
test,<u;,Check sum is L
test,1y9,Check sum is C
test,D=\,Check sum is =
test,"J
'",Check sum is [
test,(yY,Check sum is Z
test,y9D,Check sum is V
test,:_7,Check sum is 0
test,`fL,Check sum is 2
test,BB],Check sum is A
test,wu.,Check sum is :
test,K(8,Check sum is K
test, {O,Check sum is J
test,	j~,Check sum is Q
test,d%j,Check sum is S
test,h#.,Check sum is Y
test,ZHT,Check sum is V
test,.;1,Check sum is :
test,4JE,Check sum is #
test,E[y,Check sum is 9
test,+Z<,Check sum is !
test,&37,Check sum is 0
test,6T8,"Check sum is """
test,wn3,Check sum is 8
test,TaO,Check sum is $
test,wSi,Check sum is S
test,]Bl,Check sum is +
test,RYy,Check sum is D
test,RiE,Check sum is  
test,&0#,Check sum is Y
test,Cb9,Check sum is >
test,*z`,Check sum is $
test, FA,Check sum is G
test,":
b",Check sum is F
test,"2
1",Check sum is M
test,"""H.",Check sum is 8
test,XFn,"Check sum is ,"
test,2P^,Check sum is @
test,XT=,Check sum is I
test,)j6,Check sum is )
test,/y`,Check sum is (
test,25`,Check sum is '
test,> /,Check sum is -
test,*D},Check sum is K
test,ZYR,Check sum is %
test,"Iv
",Check sum is )
test,i |,Check sum is %
test,^C.,Check sum is /
test,^'[,Check sum is @
test,5>M,Check sum is  
test,D7Z,Check sum is 5
test,Ol.,Check sum is I
test,[$I,Check sum is (
test,n'8,Check sum is -
test,"ob,",Check sum is ]
test, 9|,Check sum is 5
test,@Sf,Check sum is Y
test,!P*,Check sum is ;
test,d2	,Check sum is ?
test,"J/
",Check sum is #
test,"_~
",Check sum is G
test,Eb$,Check sum is +
test,>cT,Check sum is U
test,O^F,Check sum is S
test,TF!,Check sum is [
test,aLT,Check sum is !
test,W-\,Check sum is @
test,POn,Check sum is -
test,$g&,Check sum is Q
test,\{a,Check sum is X
test,=6s,Check sum is F
test,-7_,Check sum is #
test,MKm,Check sum is %
test,/6K,Check sum is P
test,xBA,Check sum is [
test,CUA,Check sum is 9
test,o1m,Check sum is -
test,$O),Check sum is <
test,%C5,Check sum is =
test,3k!,Check sum is _
test,K)H,Check sum is \
test,ue\,Check sum is V
test,",sw",Check sum is 6
test,F$:,Check sum is D
test,e4*,Check sum is #
test,L{N,Check sum is 5
test,'?s,Check sum is 9
test,"P,k",Check sum is G
test,e	R,Check sum is  
test,"}M,",Check sum is V
test,[cX,Check sum is 6
test,=E(,Check sum is J
test,qZ2,Check sum is ]
test,ojK,Check sum is D
test,PiB,Check sum is [
test,*$$,Check sum is R
test,0IG,Check sum is  
test,OpZ,Check sum is 9
test,Sud,Check sum is L
test,)5:,Check sum is 8
test,3?8,Check sum is J
test,B6t,Check sum is L
test, ~',Check sum is %
test,{o&,Check sum is 0
test,iQR,"Check sum is ,"
test,m>x,Check sum is C
test,$`A,Check sum is %
test,sDG,Check sum is ^
test,"2,}",Check sum is ;
test,Sde,Check sum is <
test,+Ya,Check sum is E
test,	Ic,Check sum is U
test,c[q,Check sum is O
test,"t
 ",Check sum is >
test,Bit,Check sum is ?
test,0?%,Check sum is 4
test,/ta,Check sum is $
test,E:r,Check sum is Q
test,2W:,Check sum is #
test,=ja,Check sum is (
test,CQ-,Check sum is !
test,g&r,Check sum is _
test,PXP,Check sum is X
test,Fv2,Check sum is N
test,R<t,"Check sum is """
test,/P3,Check sum is R
test, FL,Check sum is R
test,NTv,Check sum is 8
test,"2=
",Check sum is Y
test,p5B,Check sum is G
test,a8e,Check sum is ^
test,YZN,Check sum is !
test,W#4,Check sum is N
test,m^o,Check sum is Z
test,1WA,Check sum is )
test,B_L,Check sum is M
test,@'n,Check sum is 5
test,S{D,Check sum is 2
test,Oon,Check sum is L
test,3PC,Check sum is &
test,v%(,Check sum is #
test,`3Q,Check sum is D
test,{?E,Check sum is _
test,i}v,Check sum is <
test,ZY#,Check sum is 6
test,"
,w",Check sum is M
test,xE',Check sum is D
test,n)E,Check sum is <
test,L0v,Check sum is R
test,n\5,Check sum is _
test,"wd
",Check sum is E
test,z0d,Check sum is .
test,_QB,Check sum is R
test,.FY,Check sum is -
test,*<V,Check sum is \
test,p#?,Check sum is 2
test,mn',"Check sum is """
test,`oD,Check sum is 3
test,ZKZ,Check sum is _
test,*h^,Check sum is P
test,N{U,Check sum is >
test,tYw,Check sum is $
test,AG(,Check sum is P
test,]T-,Check sum is >
test,&y(,Check sum is '
test,tmG,Check sum is H
test,VJ\,Check sum is \
test,]{B,Check sum is :
test,nW),Check sum is N
test,A7(,Check sum is @
test,Z<q,Check sum is '
test,HEX,Check sum is E
test,r3.,Check sum is 3
test,eMi,Check sum is ;
test,d@	,Check sum is M
test,'m ,Check sum is T
test,"N,(",Check sum is B
test,94/,Check sum is <
test,/au,Check sum is %
test,>Yx,Check sum is /
test,",$_",Check sum is O
test,#KX,Check sum is &
test,E#=,Check sum is E
test,6{Y,Check sum is *
test,"P""]",Check sum is /
test,(Ii,Check sum is :
test,\}<,Check sum is 5
test,"l, ",Check sum is X
test,"g
2",Check sum is C
test,c%K,Check sum is 3
test,B(z,Check sum is D
test,IhW,Check sum is (
test,#7?,Check sum is 9
test,P`{,Check sum is K
test,WN.,Check sum is 3
test,}^J,Check sum is E
test,$'z,Check sum is %
test,x#5,Check sum is 0
test,#RI,Check sum is ^
test,NaS,"Check sum is """
test,u)n,"Check sum is ,"
test,p+d,Check sum is _
test,AU#,Check sum is Y
test,"A(""",Check sum is +
test,^d3,Check sum is U
test,Dwa,Check sum is <
test,"=0
",Check sum is W
test,f7!,Check sum is ^
test,Bc&,Check sum is +
test,:6v,Check sum is F
test,K#W,Check sum is %
test,<G/,Check sum is R
test,U\],Check sum is .
test,"
%7",Check sum is F
test,3zt,Check sum is A
test,QPD,Check sum is E
test,;=h,Check sum is @
test,\~.,Check sum is (
test,yQ|,Check sum is &
test,sj#,Check sum is  
test,E?j,Check sum is N
test,'(=,"Check sum is ,"
test,	`8,Check sum is A
test,o<L,Check sum is W
test,]|n,Check sum is '
test,^j?,Check sum is '
test,~L6,Check sum is  
test,4EG,Check sum is  
test,Qf.,Check sum is E
test,Lzk,Check sum is Q
test,G`A,Check sum is H
test,Euy,Check sum is S
test,yv\,Check sum is +
test,"e
v",Check sum is E
test,7A&,Check sum is >
test,""",M",Check sum is ;
test,"
AY",Check sum is D
test,: &,Check sum is  
test,R]6,Check sum is E
test,UH2,Check sum is /
test,zr`,"Check sum is ,"
test,w_Z,Check sum is P
test,^P},Check sum is K
test,`1N,Check sum is ?
test,Sea,Check sum is 9
test,}%g,Check sum is )
test,m2p,Check sum is /
test,V_L,Check sum is !
test,^3	,Check sum is :
test,qF?,Check sum is V
test,?+S,Check sum is ]
test,$%s,Check sum is \
test,(i>,Check sum is /
test,3%r,Check sum is *
test,{D',Check sum is F
test,Gm-,Check sum is A
test,Pxw,Check sum is _
test,".
C",Check sum is [
test,X	9,Check sum is :
test,iYt,Check sum is V
test,0M?,Check sum is \
test,T8v,"Check sum is """
test,8vE,Check sum is S
test,1^L,Check sum is ;
test,YV/,Check sum is >
test,Z} ,Check sum is W
test,bNr,Check sum is B
test,#(],Check sum is H
test,LZ2,Check sum is 8
test,"\|
",Check sum is B
test,;nu,Check sum is >
test,?Tm,Check sum is  
test,ssP,Check sum is V
test,{_2,"Check sum is ,"
test,LZj,Check sum is 0
test,"
XK",Check sum is M
test,PR!,Check sum is #
test,7f),Check sum is &
test,WKw,Check sum is 9
test,\G9,Check sum is <
test,Iu1,Check sum is O
test,S	Z,Check sum is V
test,e(Z,Check sum is G
test,g@`,Check sum is '
test,'K@,Check sum is R
test,q:p,Check sum is ;
test,hAW,Check sum is  
test,w8y,Check sum is H
test,|\L,Check sum is D
test,"b,I",Check sum is 7
test,A>e,Check sum is D
test,uY0,Check sum is ^
test,:'X,Check sum is Y
test,eS:,Check sum is R
test,6	n,Check sum is M
test,6Ri,Check sum is Q
test,"^O,",Check sum is 9
test,Hp],Check sum is 5
test,"q;
",Check sum is V
test,D4~,Check sum is V
test,&v*,Check sum is &
test,7un,Check sum is :
test,Xi=,Check sum is ^
test,*Rv,Check sum is R
test,e&#,Check sum is N
test,(64,Check sum is 2
test,u_@,Check sum is 4
test,+#D,Check sum is 2
test,)\*,Check sum is O
test,8{l,Check sum is ?
test,4ki,Check sum is (
test,|hW,Check sum is [
test,&)[,Check sum is J
test,"@S,",Check sum is _
test,SdP,Check sum is '
test,!TC,Check sum is X
test,t.c,Check sum is %
test,L+F,Check sum is ]
test,3vT,Check sum is ]
test,<)5,Check sum is :
test,jWv,Check sum is W
test,A1C,Check sum is U
test,V*_,Check sum is ?
test,bt$,Check sum is Z
test,f<?,Check sum is A
test,~x=,Check sum is S
test,_'.,Check sum is T
test,USH,Check sum is P
test,_4u,Check sum is (
test,hUI,Check sum is &
test,Ll*,Check sum is B
test,"*
(",Check sum is <
test,`7P,Check sum is G
test,>%z,Check sum is =
test,N/8,Check sum is U
test,&)-,Check sum is \
test,+Uy,Check sum is Y
test,5Oc,Check sum is G
test,",_P",Check sum is ;
test,cS&,Check sum is <
test,{oX,"Check sum is """
test,?hy,Check sum is @
test,`!-,Check sum is N
test,^	6,Check sum is =
test,^bs,Check sum is S
test,DJe,Check sum is S
test,o\9,Check sum is $
test,K}v,Check sum is ^
test,Km8,Check sum is P
test,>1y,Check sum is H
test,p[#,Check sum is N
test,x>*,Check sum is @
test,|/D,Check sum is O
test,Hq{,Check sum is T
test,r[q,Check sum is ^
test,{Z[,Check sum is P
test,lu0,Check sum is 1
test,!v&,Check sum is ]
test,KI>,Check sum is 2
test,onI,Check sum is F
test,[-A,Check sum is )
test,"{
N",Check sum is 3
test,H<&,Check sum is J
test,x<L,Check sum is  
test,*f3,Check sum is #
test,",8k",Check sum is /
test,H?p,Check sum is W
test,	9i,Check sum is K
test,Xu),Check sum is V
test,"""g%",Check sum is N
test,R&.,Check sum is F
test,L\W,Check sum is _
test,6ix,Check sum is 7
test,aF?,Check sum is F
test,"\d
",Check sum is *
test,G3S,Check sum is -
test,FY(,Check sum is '
test,d>V,Check sum is X
test,-/l,Check sum is (
test,"f
:",Check sum is J
test,"""H.",Check sum is 8
test,"~1""",Check sum is 1
test,hXf,Check sum is F
test,\Cf,Check sum is %
test,dyw,Check sum is 4
test,W Y,Check sum is 0
test,"x:
",Check sum is \
test,%EU,Check sum is _
test,~[y,Check sum is 2
test,;w],Check sum is /
test,u'?,Check sum is ;
test,iG	,Check sum is Y
test,4`n,"Check sum is """
test,g:h,Check sum is )
test,bfP,Check sum is 8
test,S\n,Check sum is =
test,	;G,Check sum is +
test,&	>,Check sum is M
test,{gy,Check sum is ;
test,:NI,Check sum is 1
test,'MQ,Check sum is %
test,IGB,Check sum is 2
test,tRT,Check sum is :
test, K5,Check sum is @
test,T8T,Check sum is @
test,1mg,Check sum is %
test,}B_,Check sum is >
test,6(',Check sum is %
test,er7,Check sum is .
test,t	y,Check sum is V
test,nE(,Check sum is ;
test,*<J,Check sum is P
test,R9X,Check sum is C
test,3!c,Check sum is W
test,:d0,Check sum is .
test,%A{,Check sum is A
test,^>^,Check sum is Z
test,#FT,Check sum is ]
test,G{9,Check sum is [
test,7o~,Check sum is D
test,D+&,Check sum is 5
test,vzZ,Check sum is *
test,UVB,Check sum is M
test,{[E,Check sum is ;
test,8Rj,Check sum is T
test,S[4,Check sum is B
test,R>s,Check sum is #
test,YB+,Check sum is &
test,s@],Check sum is 0
test,b}G,Check sum is F
test,Lfv,Check sum is H
test, Q<,Check sum is M
test,e?V,Check sum is Z
test,#pF,Check sum is 9
test,P_c,Check sum is 2
test,X'`,Check sum is ?
test,fhw,Check sum is %
test,YAx,Check sum is 2
test,V^r,Check sum is F
test,`}`,Check sum is ]
test,?XN,Check sum is E
test,zQ<,Check sum is '
test,' ],Check sum is D
test,Md3,Check sum is D
test,|9',Check sum is <
test,uu},Check sum is G
test,J/a,Check sum is :
test,&5W,Check sum is R
test,s{<,Check sum is J
test,t3x:nU__PJ?6>(zG.C!LbZFl	^^|H$~;W2UuUy@,Check sum is C
test,"<j}KQ/8~M|i xpUTe3ICMsj
W'{6rrGE&D|nUGe2  V+>3%",Check sum is <
test,"(,YK%>-/kn$j	G-l|o",Check sum is R
test,"^fq""",Check sum is 7
test,H7	 VG#/4OC-G.qCnt1%m5I<OA#~PpLE?;+6=\g,Check sum is O
test,"""nIZ'zj?QNHK1!6hDF
;`dl]}B%+^c^gU
",Check sum is O
test,"lG(<<@""
8H?706	sIU(y6N|$mXs5.
oyd~V",Check sum is _
test,<h C%q~Xcs?Un^$CZV,Check sum is  
test,UJ(n$g~\AhQsb~+X3Vm@ngY6TzvG~s>e),"Check sum is ,"
test,-?wS}z],Check sum is *
test,h\GCog;D&l<8P[s	aucchjn^N'rz:x80hy>^:ospyY,Check sum is @
test,"cz~'#r}6Ks1p{]L#rI0x
*m	G}pud	?)W^""",Check sum is 2
test,CN!X1i+,Check sum is /
test,Yqz@|Jz}uHU\6frHv bITZ]MB e85BcD+m^xW%,Check sum is E
test,"Y!T)M\a@
j!NJj|K!O[9po]WK=[Z",Check sum is S
test,"F>h
\i",Check sum is [
test,"/>kA4/C,",Check sum is K
test,	O-X<p9PZ[~N\aVM!~RdRP9*lXb@Qoy}GnC$#h9<_xerXA\Fq^,Check sum is ]
test,"$gvluNJ.^0#*""P@-NeV=}uO^X3qrr
/CSbTQ>G-0gt.JCU",Check sum is *
test,"9E(5bf^|OO""&^~Y`j#7q?>^""V:JlRK^Ygx`ir	""Jkv\2}q",Check sum is P
test,'xv\N!SmTO{!YD(@6,Check sum is :
test,"SR]BDv'""2]z4d|P#K%M'eC",Check sum is C
test,&d'W@yyd7L\Q( d?Rj#p2r6A@ZD-7D!F-!:!,Check sum is Y
test,"3w<()~_0WUQ[/,{U8",Check sum is _
test,p{{v04st'7G:Z`Wu,"Check sum is ,"
test,"~}\f+?(I[U38
Q6e7(O:-s}|x=|dZ2*,l@:c'ge.P}7_""?",Check sum is /
test,L[ywIX a'jjXvJI:6$,Check sum is I
test,"T;5n02;0Z1Sh`.iNyzHQO+O*]""4g	<r,_`VMkxU",Check sum is @
test,"EJ	zIMa`\{~WZeJi+1o}h@*%k@a,<r3Yt-&)",Check sum is H
test," i:_""ozFA",Check sum is T
test,"CDB:S4 u
\'m$JJkx9{/RbHo4Nk@4I{i8ixV*'l+{})T:",Check sum is 6
test,"5a^#S3X
U@b
Ec7E""I52CE'yhi5K`o$6n99tEq@""d;WRhFcv",Check sum is 3
test,"=YjN%W3^St{Tw;+
Q;5|0Ve.J",Check sum is X
test,"j sAd]I))t[1DbT		Sb}SY\8&7[H-
FUtj",Check sum is (
test,DcAAiYniFd*Z,Check sum is P
test,"p4=Ex2bJ/=/@	@y/_K@#W3M
OX-?8RlQX",Check sum is H
test,@L}UJ,Check sum is H
test, [wHPDI,Check sum is 7
test,"MJ9.I7RPp!OCXi=C]IA])o+f ^Y~-(s|(
f2aGIft5-Z8nLBS",Check sum is B
test,"ItS>w7	XDv)U.CrD jan,.GysThP_j_9eRV:_MmfEtiX\z,",Check sum is 1
test,E=b'Y+W:y(',Check sum is H
test,"rM;in]zM""rPvigi	|%Z.qv8T+Lo+",Check sum is ^
test,"[$GWK1cSR
",Check sum is K
test,>/:scCA(XHS+({gxIGm'v`bT6?,Check sum is N
test,"z(CJxQOl[{8{*,rg$ogw0)EAk*7t&y}&SCgo4LR	hg3E'",Check sum is R
test,%tZn z,Check sum is [
test,"fhD
""S4:,{	9""ZN3@!y",Check sum is _
test,".M	I>~Ow
,|2X`|>Qw)KBVTA,l/	d6Q@nkchb",Check sum is /
test,W;1lOzKkMEl7A,Check sum is D
test,"x2ZTq|3=#ZG-Fu}ag>g1VK;4F4.	D~~IA""L|\'`
4
",Check sum is <
test,@]HmSw7)]3[xW0`95c~V2d hdX*j8,Check sum is 1
test,i& t5RjD<MVX %t|}yPw]XP!e$,Check sum is P
test,">FM	qY,)xQ<6/3[$CUKsZaG#NpCpf&B",Check sum is /
test,"L@o8_kom3LK,Q(p;/H\Stgz9@4w",Check sum is 2
test,"XF6\up(q,f),A",Check sum is 6
test,Uw`o4ab#?[FZf&?P?us	_3OuW?xjv}np5$3F8LD4w/!B(?!l|X,Check sum is X
test,"b[P@E	Y,[rTPfI:i'qur`qzZ!WiI2<xXgY+-DPf2,-f$}/\T-",Check sum is ?
test,	2,Check sum is [
test,c|kMF=MlyPpksvxsuk>*U!9h{AwB8*:AtF,Check sum is V
test,"9y)rYFo<'$1j~L|""/Enhr m1O{`GxBEe",Check sum is T
test,"Sfaj=iW
Gnt0r62R2U`+bnhtYwSoeOpl'LJ",Check sum is M
test,?52bf)r$Fo{|C)x]*hEM?c3&,Check sum is Y
test,%W,Check sum is \
test,mrxPy;y+ewDRi	P9	kU}ovi;!5hyych1Ib{Mvm6\y,Check sum is (
test,(AqKR_%av,Check sum is 2
test,"]FLQsDJh|e:<v#g+2C#8gfy-	,H5",Check sum is @
test,_VPjU`M{i,Check sum is 5
test,"W*~pE(2!7gO,!jF<",Check sum is 5
test,o!MAyM2XdX%:pK,Check sum is $
test,'Y3LZv7^bJwpxo8{@Pat_!+IV,Check sum is  
test,{Gr9qBQ*,Check sum is ;
test,q+dCb{t1SBCn-.+0C~,"Check sum is """
test," yE'|Mq""&qKha=uLh7*JAfkO",Check sum is ^
test,r>\pBIDpWn;<,Check sum is W
test,hd6 ;L7K.OEW! J$'DX,Check sum is V
test,DxyBTB,Check sum is -
test,uj2,Check sum is 1
test,Q<V!\]&fgB_b2VP{'pd[#x#mvOPO(|n#YI#X!R=C,Check sum is P
test,"zV@nN-;o1jFGH21~&>z*Sl?	r82[HAQEt}
x`wx|NXb5]A^ta",Check sum is E
test,SC p{	n~X i*+x@,Check sum is $
test,Ut?6|jMdeKlte%n2`|8).x*'F);5'^z&<gSg/6<(AGU>,Check sum is (
test,b|im&(jd9Lt/gy5j*xyPLhHX,Check sum is V
test,WMtC90u,Check sum is Y
test,LGPs;!I~v|o6j-e^ i>qc;Fgudx9Vc/8=3|h'p,"Check sum is """
test,"w_v2NV#I^2&phv""'%ws%k7E};+fETS$~PJ*S7HaU1",Check sum is *
test,7`b*R0^QL+h:,Check sum is M
test,	wG<$+%lrpG:e*Ym{Dg@l9>k%KK(nR7X,Check sum is !
test,"*N:\J+F+;[yw&rzm(""V0egv ^'5HWDMT@%%bi~~IDM&)2",Check sum is 5
test,"GZihja#mre'8}=[<fI4I,RhmW=@'=t|m.H2#y/EUHD`#Mv",Check sum is '
test,h\k-48w{G}:{g,Check sum is :
test,GEu<zu'B_sqH/C6hTz@G4m[BKga:2T1+W:_<j:3VAVq,Check sum is 3
test,_~	T%'Pxr Eea+8@y(8I,Check sum is P
test,8)wvjvkl4K9Ou,Check sum is !
test,@Y\ 7+2]XnAysW/q#Cy,Check sum is /
test,3qlg83wp<{`G%sERl9$.:d *_GSt5!{_/zb[(R,Check sum is R
test,rK`:?fk`i{P3$_,Check sum is Q
test,"n-;D[@1(,AMT+dy)T{aDHdwQ}hTdZgQ)",Check sum is -
test," sR.D	`cY
LL;nI|LX(Q`;eYYJ3{sA0`HwghW}i'Pk(y-t|P",Check sum is 2
test,-#WmX&.h6^Qsuf,Check sum is ;
test,"o}r""*3\",Check sum is Y
test,"o) .TZ; 3'nSWP|s+x N)Tu]gFw<x,P37|/H37yFJ",Check sum is D
test,"Q}gV`?~vNd,x-%2K'-@~_2q7:\=e[x#,3/gu0k$R][G
",Check sum is  
test,"A@9;0&\3""vwZF!$T-|p",Check sum is [
test,"\<}GO%T1F&\KqoWCG]{1@CW
dBB",Check sum is ^
test,"pK>H@fq,YUUk<?r|RKhnS662Oo:&t.\$~oL",Check sum is X
test,"~
vv,C_#@4B-DV*y 9",Check sum is >
test,"kS+Y	8&f9Ms8lu""Jg((iO>iI?)?ZqHAJq1{",Check sum is .
test,Vdh4CSuyqq,Check sum is \
test,nPxyjYc2xxoFKoh+NUn<,Check sum is &
test,($ GP>0P:27,Check sum is D
test,"V
k+Uc>gM>\&Xp<jY6|HO\GS8w@.?>_/{gf*v~,?Z*|",Check sum is ?
test,Pj74d*raFx}L\Tkv.lk6J3O}2QnMk,Check sum is +
test,"/CHGA	UZ""82PY~G
#",Check sum is A
test,"JMx.lCWk9{dF}zDbTVB:
%7~YRW",Check sum is U
test,"	5rg*$#L3[
a+ntC2mV3mjNm,?4>>CSst",Check sum is O
test,"2s*0 
ag(@|-VL4@z""y!	f3><$zWB/ *b",Check sum is \
test,D3Jio`\es/R-V%G@hPN|'G!\$c,Check sum is 1
test,"~P-zQtL""~|$xG:Kd0UA.?oFRpz(g",Check sum is A
test,"JZ[A% 7cJB`*'""QOu;",Check sum is .
test,"ngQtL!`0@jKPX*JK,",Check sum is ?
test,"Q}NhKQ/T	B4+eY#Cy(7%g*/,(""8
Jq(IS5e*a|c[c1aW4w[1",Check sum is '
test,J$7;:Ln3WB~{V@>Sve682>L6yW;:SsC	u+`Pq!3JTE-d`SY,Check sum is G
test,"z >AB<eQjYyU?HCrBS/U=*GS#(]_ OPt,SJ|ud#s",Check sum is B
test,"`4rHPr`|kB>a<i:'{V^s[,/""SN2&R	?fI]""wXEQZ",Check sum is X
test,"}BcY}<s=&&=m	y\!I7j""Z?s*8-",Check sum is  
test,"&LR5WB?s&Y
>>/;>,&?!pz>>_*tXo-kgalV""RbN(b",Check sum is =
test,"::z]f]c54&8i3 *tSF""5bW(,?A#TOyw	P%htQc",Check sum is 3
test,`!d`?\=Q33CB[1JGGb}`PIh2x,Check sum is G
test,"DS
4?l!.V	iQf[`C","Check sum is ,"
test,N|0s4R967#!'&;II5L}*1u{@wms6zz,Check sum is !
test,"G|#, ;U2d)C#5ZBO2cA(
#D~>-dKXb_W}uG4zJ;",Check sum is J
test,}87B,Check sum is N
test,"/ Ty\^Sga(]IW9Os=5_""\5Wbz7MQv%2I\",Check sum is /
test,"4>$Q}e<{{O<2f&
FR1!!B@X1._%*2u'bger3%s}9x0!",Check sum is X
test,\iE{YaUUNz`</	~k.Wr0]{1*B,Check sum is *
test,yHvz!{7'%pfZ2K,Check sum is ]
test,"
aax",Check sum is $
test,_YtPP[7l%(Z+y^p;}1&]6@vej}Y\V=1qez@ 8,Check sum is H
test,"
3#YLX:~DI.Ir^]j)UXuc",Check sum is >
test,t HumMc2[*:)#[674y,Check sum is @
test,mLGMZZ,Check sum is !
test,BHBhu|A$}u!a2,Check sum is P
test,7u{orjeU}KB#nl/Aa;][%.Ul.q%n93>7\0R%P/,Check sum is @
test,"]- 5QD
=MxM&0g,2$IFRi \Hd197PUws7i<x`1H<Q""LJM-b\ov",Check sum is ]
test,"-|[Gh*g%VlK!&j4""KPQWQ_	m(Rm(",Check sum is U
test,"q/09C$vLoAqRT`3p""k/_/d1>9O",Check sum is A
test,B93a+<[2LQ,Check sum is @
test,"H&,'LuTmq#j!:x1Kp).=",Check sum is 4
test,*u@ADYQ=*Tk@ \p]$tD2.]&8@f,Check sum is :
test,Dd\Jy!)K[p,Check sum is G
test,"m/{K'bjRWS)~*K1l5L^/t.!/OkL$IG0W`C^Kx`7,",Check sum is 2
test,"#N+o|Sc*,cp[YI 3L-BHw*WBx<VVb'({",Check sum is _
test,5VgSk{6:%$tg3 PzM8N\?Ufjw=Ga!^7~wsKO6QLK'Z]dh<%;u,Check sum is <
test,]wCv+C5/ef(_	Zr-(7<#`k w/gI'*Ml,Check sum is \
test,"d2}$|X.hE|""D}gd",Check sum is 0
test,|X!8x+Oz|B^`<YTy$@C0[{pp5I,"Check sum is """
test,]H8,Check sum is =
test,+#tXM'p6a)X`PPP ,Check sum is &
test,"/62zjJcU=v`qci/N	pjjh=DeM~:_.B,~0	I@ye0&F[p",Check sum is J
test,"2+
[*c$~XSZD\L:`""Dj<n.q
&}ae0a6qEhCt.vw%V@:uf[A:4",Check sum is 9
test,"t.hg`E&:V+5fV*Lvw[|)EtC!|41$
ZH+aC^Cs't",Check sum is 7
test,"r/Jyn}a;P0^N7(|AQ:z6""/+2cbN\5JY;|uM",Check sum is <
test,_#IyBw2aoH!3i,Check sum is $
test,"avPp_I
",Check sum is )
test,"&
EuuWH(,""dg|(A`u|GazK]cJ;",Check sum is G
test,?.H$A8n-r[7%-|zT`CmaKZ#UN5uMpNT,Check sum is R
test,cO/,Check sum is A
test,Q=,Check sum is .
test,*y8Xnd,Check sum is %
test,"tju,C!'",Check sum is *
test,9l4uog2x:t,Check sum is \
test,"BK+x^f\5	MQ)~gUO,.| S8snT",Check sum is 4
test,9.?]A	W^^tm2)	K4,Check sum is D
test,"	?'Ljjr#r}=-VNnY9%@oN-p\UxC	TpN?u^8""3",Check sum is &
test,FKyP@?'k}n|,Check sum is 2
test,WkS^)8E^rF[}u,Check sum is \
test,bP*ME0|gkyN>2O!8	jUp,Check sum is #
test,@ZD`3fKsu\	s;i,Check sum is &
test,"@C:""`y

PD",Check sum is @
test,QB	Cin-dL`bkx_TL,Check sum is W
test,E4oRl)ZkH1 rbjl/UxISPS*B2KHiFHR`L.LdAh[,Check sum is :
test,";A)dSI`#0D=""5x!W!T/>SY8<u[Q6]7EegBw^LdVsUJ7Z\I@^O<",Check sum is L
test,*:d}5c#j,Check sum is J
test,8_Xy?62.jMGU>U%wgm;^5Cq8OH>~x#]Cid^?n}uzJ,Check sum is I
test,"'ccotr0.#v	cdAWGl,mK%pge _=Mul""",Check sum is E
test,"R7>E.{NP|""4Y9?.RxmxsF7`;cM",Check sum is .
test,"D%Zay""2",Check sum is Q
test,S+?d,Check sum is A
test,Ek'l?R)k|oD136Ij|lo1?R^cswDV~5 D>,Check sum is 7
test,"]e63)Yk~;AjC$%6 Suoq
",Check sum is 0
test,{)NNw*C@o[@/d1k.5;<ifn_K5,Check sum is 3
test,3{]akn(i<I38;?6O,Check sum is %
test,=>`*TN~ZRry#FXL/xPNB(4HT.4#e.{HSEtPc	1bzkz,Check sum is =
test,LngKVPJZ,Check sum is V
test,Uy$l :{Y^zNqnp	a@Ma0Go<,Check sum is [
test,)?p,Check sum is 8
test,"kC90z43*A^wR2Glp"";|",Check sum is X
test,q3# <N<<5,Check sum is >
test,"V#%zn:Ce6KZ$R0,a 1",Check sum is '
test,u$Emjj30_U,Check sum is V
test,"kBXM_-t<n'md	fo.Er*c),r` <'V.o`",Check sum is !
test,"""AMYA!E
%-3H'>PoGq;6{nc^i;;PD",Check sum is Q
test,"Cc jvU4&3UQ3~g~h^D8h
xFSr0$V#ehD",Check sum is 9
test,"FD.5vl%UvZ""NUO+ZP8}
n$L.cPu]I-zS;'64 >p&`3qaG",Check sum is !
test,"hstm>-ha${8
)K	
g_VZ|?n(",Check sum is ?
test,I)nD)Y`ze@}0g[m~k3]D/KCPl$%]xz}*+X:,Check sum is S
test,"ZI[""6wAh2y
tYe$-T-",Check sum is O
test,"(-wf$1yVo53&:r=4?ll&u]]""M",Check sum is +
test,"G(oW!\+c	9	Jv_@V,^e%\<l`P#JXq,,Exm rfoOuENJ0@",Check sum is X
test,7aL(Mlt*jQEy2n,Check sum is \
test,"u#3&n!#D}[NY@1^""",Check sum is 7
test,S' U@8Sx!|V,Check sum is E
test,"v
x`[5Zbpo}	8g4kB!V",Check sum is  
test,;Y{W?l*]@3z.<+/sTr)	#b>Qt\]aSeZ\>/g,Check sum is 8
test,"&dg@k/|CZrgJ+v9gn-
*031)>}dH!YEcJhS#QJ,z",Check sum is &
test,"pT>5pB)	g,\V8eUMDn^UNj?^:P%cS}I7[gr4\W.)_e#aNl!",Check sum is 0
test,"*v`#""}FuT6",Check sum is '
test,"T`5f,<c'.f^LG9fnj0Q34.?t8Kw7{Ui^!k",Check sum is :
test,"Pb)g&U!I""5c",Check sum is A
test,"HAT2TaxV)c>n,2F:HV",Check sum is &
test,"8T3XH_6;V[s"">s^w9W ~),Xzy]Zy@VC\0X",Check sum is V
test,mX?=Y@-d&+Df$Uyjv,Check sum is X
test,}K5.\1_sp`h?(,Check sum is I
test,"t^3WR(:?VQmP;;G.,x+I5=]A4!3.V&	F?Ai+Aw",Check sum is 3
test,QX/,Check sum is 8
test,"-.oC4a;hE>S7H,O",Check sum is 5
test,"}[zZpFY 5FQ=T |b	
4h>*N6I>Ggn0IH?{z%{w~D{	nV;P",Check sum is 5
test,"
6H""UDS q>GnbvkAXd`P*wQpQqz}?",Check sum is D
test,8NozBnZ-9i#s}:)XG&|)HSlw,Check sum is F
test,qZ53\FN	U/([ ~mc7NwDT)y2VabHH-?=,Check sum is ;
test,)Jz`,Check sum is -
test,`@G	r	5N{~\O~,Check sum is 0
test,"OyIrW3*e$9G^dUU2.I|9Md)!f,BN|4/",Check sum is &
test,"3KL*rw~Z9""o`+PdES~J[<bAOOD>Dt?:>~v",Check sum is ;
test,"j""CdH{8']\7!",Check sum is F
test,3xhe,Check sum is X
test,8L%,Check sum is I
test,"r*GJD,wZ0yEmZ_#gd-RUrIO",Check sum is .
test,TM5A0.*d]J+wdMzQw4+Ws0I[=7]rQY3~x,Check sum is 2
test,"A%I=+-mCuo:/!Q"" p8
\\aU@^\",Check sum is /
test,"v,1U v'R#",Check sum is :
test,"8
('ipjtp		<lpAc:CSy.z8
0T$:IW7q3Wzcp]xl}b^@*%|vz",Check sum is S
test,zrf#mR[R.!EEv	`@X3$EOqo\FPWQ/C>n>(?grn#+gLMM,Check sum is [
test,LVGNe)2rjUx,Check sum is @
test,"7P4 d_}yL-Wl%=o
1_W iLSJNGEAvAN+NKnW3Rn-t",Check sum is !
test,Aa	hXP~e\*NL MAV#$Q,Check sum is :
test,m{JWTO* r,Check sum is H
test,rtREuInlYFSg}E)$oEZo\D,Check sum is :
test," /9yqcF
iBS#bCP 9z(J@,0\/VAZ~cz#pZ8L8<9\Qy",Check sum is W
test,zd-9EMP>yR@7EXbwS=5q$|K,Check sum is ]
test,"{fOgkljW'}\|aZ/JI|=AJ7j<C9{Qg]*I?}8X|'|)
8TE_[l&",Check sum is #
test,VCh:B|P#2-%QTU[Vjt\+Y!!CaSv@\+Ld x>i2*,Check sum is :
test,"Gr?, US&c8^8i)",Check sum is 5
test,EQ/U!wH{:EmlH /6GaJa>mY,Check sum is Q
test,zStr~+2q:b9gbv-u6Z=Aw@+zMVKns4&T!>+qU^Yt+#A,Check sum is F
test,"kSg|w~TkKs0&1k3_Z
0Y'O4WYB",Check sum is @
test,"=CW:md;sOhj=>Cv~Vju|(b+d,m!^gNRHF^rPP",Check sum is *
test,"ln'e15u0c?WH{Ilp!,?K .kzD`%7V\	@w4l-24il",Check sum is 6
test,W  1	)g8,Check sum is 9
test,"niIJm;~""/z",Check sum is ;
test,kO=;z^V%`( }W]f,Check sum is $
test,v:8F)1Zil,Check sum is W
test,;R)azPGZi+X0Y/RaL81Jnm;+<7?.qpE\KUpQ,Check sum is <
test,",t
Z'LPm-%.Z+ZqH1$fD;B",Check sum is (
test,"I}?(Mf:}wCqJ!ElO0(r[3a{xqQly.=VC)M#v
9]w2$e^",Check sum is #
test,U-.,Check sum is P
test,sg>%,Check sum is ]
test,eNU{IaCQ.x32Mch0Lj]4giHE\B*LH=&MCkfXS`Xs9+)wE,Check sum is W
test,?#@@]=Sw$-PuoQB;Idw!01O>z>}Z3joCH|Z(RkKQ:3EJ=u,Check sum is W
test,"C**-iwBD{	CK,,T\1>=`wBR-bh8UW$$cc|6h&M5B@Hf*4ax(Q",Check sum is F
test,"*S!K@!7Z$`'u.2
~{8J>%.`6ZkDZ{0J/OuXI5(T)7hm",Check sum is 9
test,"b6|UIk^~*?o@aZRES~i!>wii@$}|.~<gZd}
T",Check sum is *
test,z*tf,Check sum is ^
test,[Ka=WNPr`Os-hv^8se,Check sum is &
test,">z""SQ&rL+""lyYsy8OId*N`3B_oZ
$C3O""M",Check sum is D
test,Ier=`eCyxh0~Mbm7-Y5xtp)(0,Check sum is 7
test,+u]P.,Check sum is [
test,"3YGah$aYnq;?iSB#}Lbcot	wvRwo?OUu(	 \S]_<*eheMpa"".|",Check sum is I
test,U3-3-R/+-mqAex3)LvshkDKRXH9YUkKMi	}pyD6y]?#4a,Check sum is 8
test,1]Xs$NxX$7S@Qt9RT\y; nyFmT%n,Check sum is >
test,L[)sP<WevYK?[`$X^Ho-6	`B h,Check sum is &
test,L7xzY^!*($Tg7WHjAx,Check sum is W
test,"	Ny\6Y
HjW3y![Ia,3K%3S`/aK-43c22v}N&WJf&Oz}24)0s).",Check sum is N
test,"']Vg
.OzTQ)-~;`>Bes}p",Check sum is ;
test,"Owaw Fuq/{QG&-IR,Eke)",Check sum is $
test,'wvoadIN=`dN!?|z4a,Check sum is 9
test,"B/-PAxBRk(oM:H(d<Q2=#Yj[eK6`uy[G^G<W<VX$\E)""",Check sum is =
test,"Ge:dx
tmLiN7KBZ'\h",Check sum is Y
test,"=_b[&
oS
9[.E]MY\xp}60%}zC+&",Check sum is V
test,"Tir$BP#a;E5^E[;:~pH4,1",Check sum is 8
test,;	\|(3B\P6C0+j-&C58b=}x'y,Check sum is :
test,h&/-o;nCK),Check sum is Y
test,"//W{hxXMc$# :t%Je""u(",Check sum is  
test,`lbb<yxm^vA<sS8Bpn,Check sum is 9
test,W72,Check sum is  
test,"PN/Rt[d]W[[2m&}OH(k|3{%^`#E,",Check sum is )
test,bP,Check sum is R
test,|dqm[9M{<Cck4Q,Check sum is L
test,"KSw<b='}xhLnfaV.Qxy5\}wG{F2
>(?$Fvi_7}{%R",Check sum is W
test,"nmSy/X""{VJEq!r\71",Check sum is X
test,`;,Check sum is ;
test,!_;o6h	_Y<\r,Check sum is 3
test,"(=U G\@d
b&>7bXb92{F)0MR($&M@.9?N-CU",Check sum is @
test,pLLcl>j;|@sIY~r?;]g!s&iw7^z{|iAdTfCuJ,Check sum is C
test,"N6,M[|hWbF~zJ{[O	*$NPs/M<<SgzDgVk[o	'
",Check sum is B
test,"_	'4&sNAA6
[OY/L_Dq/G@Ac}AzwD0`^:fGv	Awo;*",Check sum is K
test,"Waa<7k1/l?McrL_8\SR![-=p9*^6PB[{""m7n	MY#65R]v<38e",Check sum is ?
test,"Vr._9-uR$Mtl8wO+WS283O7,UeR8
`nlJ!]/rTk=R\H^fC3=#",Check sum is R
test,p@i9	{DIV>H)7I|\<q*E*,Check sum is &
test,"w='GN`%u?V:Y\P6{LlE*l>X_tvJmaB<=t~@
B/bz|@]2cCl",Check sum is :
test,bAQi,Check sum is =
test,wIe'Mh}7'mZ/~=3Q=#,Check sum is Q
test,"\6k2dAO-6+:
;'8jHV""""4D3kPJc[azJ|VgX.S^>|",Check sum is 8
test,mzQ\F^1_Ou84p*6	-!>T!?+Rgp/|r~[-N2afnG].9r_pI,Check sum is 2
test,:n8N v`vQ(b,Check sum is U
test,m*}2;Dk8+Hs>)(kxEA<Zfl/$c[|w0xY\ `,Check sum is /
test,"xIGw'	rMlb-{C1/T7,BGMxHz'r""\#;#k<5t)b5qI$I9~]~A&,","Check sum is """
test,"p|>k}10m=E:thy]pdC`SIX2/Flbr5_yBzJJ'UROiI.Pp -
WZ","Check sum is """
test,; 9o` *>?[[y	a	f9t/|[	|pb,Check sum is \
test,WAVS*G7K}jf%]vnf91qXmOjTVMUn5pIX.d	7i$6,Check sum is [
test,=y7Xln!],Check sum is =
test,4.LF,Check sum is T
test,Ytlw	<ajmfXq,Check sum is <
test,"`Ct[;!2|G|S=%/@Z3RQ
lB[d4,rphI/L2ho2_%QR7[gMQ:`",Check sum is +
test,"{%n_Ys9-rZ>GX 
=oG3EH",Check sum is E
test,+T16U4-/_'_HOB	b5Y|}-Eo,Check sum is <
test,VHorzwn&-<;T#pY<,Check sum is D
test,"
b9rvuz1N'""m![Sj""=HLcL?~H[Tye^f(+
O",Check sum is .
test,pvB&q'B,Check sum is H
test,"t\m\+hao<M	zjSnq.ZJM#&6t2uG3d""o9LPf-	/VCRNfx""'","Check sum is ,"
test,"C	dXK5ENsX^PxVHxSH
Fx]fZh""1",Check sum is =
test,l`KcW*{:lJ;G[ew@y+&Ye~ :RxIHZ\!,Check sum is Q
test,"YTe,FcCt2R*q:w""o",Check sum is _
test,-r7H}F{!g#Q}Yc\&V!1M11@,Check sum is J
test,Dau?8YPq48m~s3,Check sum is H
test,"a7p)QY!""@E&$4{^TNqbIq",Check sum is I
test,@ey`R<t<;K%yaq	0}M{`hh{,Check sum is ;
test,J+Ge7}4=QG8@=6]\336{I9)0lt@S~@B:<2j LjK_6!q,Check sum is !
test,"x5B l~
xLi?+dqD1I90To^[|||rL""iUB	,0o2sUw",Check sum is K
test,>D3WLeaQ/c[wigZux[Y?$,Check sum is !
test,?Q(iY@Q]\vODnEp(	@5nHmK5\s%wv&L',Check sum is S
test,0},Check sum is M
test,"^=RZEEBA$Z%L)yRiO1dS2""QF=		UdQq|0b",Check sum is :
test,$iym,Check sum is S
test,+7muj6_PtBj_3I)?d3H#-'XWJK:kMU,Check sum is 7
test,(k,Check sum is 3
test,"-+^\nVK:K1KlE H}d_'LQ~Kvbu*,#Muhs`C",Check sum is .
test,"Y~BAVc\?U\d:siRD
)",Check sum is B
test,"PmS*Gb
>i",Check sum is 4
test,)MB	,Check sum is !
test,"R]fbk3$c50cc)#|;,cP,",Check sum is 5
test,"o;>,kbdoW",Check sum is +
test,"6XxKDhlNL(q/U]6P4|""v(zz4.>:E@L5{n?3nN@",Check sum is >
test,",fO:9lYye",Check sum is W
test,	J#Diyd51@ $-K8?+[{U=CVZ;qp#$9RkW,Check sum is /
test,=Ka,Check sum is I
test,	LwL.xyVldQmST%F=;(WO=N?(7OnX;y! `pH)H=b4J>k'9\,Check sum is Q
test,lKW?99F5`(f>`O56$*7xUlyy^Q9W+1 cF&V5cW3/?ORI;R86Rf,Check sum is ]
test,gxVAS/m_=A]Wu0%,Check sum is  
test,",qdT&zCT@YtK'Tf^{8",Check sum is 6
test,"/A!%^!x-Edw0bb/A1z?{N>""2kc;7Jv9\)iS! ",Check sum is >
test,"	n""{x7.\
mb{k&/DU8[[ofoL'UP5084m4Gt
5HF&3O",Check sum is F
test,tRdY {upDMe+N9!2~i@5:[Z#T<Fch0svwW}\gO)),Check sum is 5
test,"Xtq	T@u\oc
H|Y</	Z@t0d/N
zzM","Check sum is """
test,Y`omF4So8.4kb*_EI%{1.c~(|.slu(puZYCph7|>xQY,Check sum is #
test,x},Check sum is U
test,"XmC11b/|_c}DT
O33S@",Check sum is @
test,"=y8_MFkX{Rg),VlK",Check sum is Y
test,wsp;R>#Ib^?#mDe-	[{+NN$%n52K>;,Check sum is ^
test,"_L$$$)TSTjukv+E:d!7Ps8V(t;ArFJ=K9/`,\XevPHvYsu9",Check sum is ?
test,tHu@#,Check sum is 4
test,x`m1(3vlmv7k>WI!i	Gt@,Check sum is D
test,w_#q{FJrTm GES}mY{;)qb@'_}rtJ:q%M\TUmxI,Check sum is ?
test,4'4{*cp,Check sum is '
test,"F v\F0]Zq""~9>,.{;AKVj RJNHHZ	E+>/!1$",Check sum is 9
test,U]]by_E[ c(_<2{a0:_MdbBCWu0A:lTOg~#n8r{KQz,Check sum is 5
test,"+Ge>`fIJp$[}L%] swdxvY;6T>m4k`Jj,240qf",Check sum is 9
test,"?|*
`CQt.m}{ez#.(Y)0I?=IPp#(kmbOo1r6G`yED%o",Check sum is ;
test,ydsCOYw,Check sum is R
test,"*r
e0[-L",Check sum is /
test,kV	+p:hv@aisVqi$^oiYL%=	Fjn/w%S73b{,Check sum is 7
test,"4
}xVa0A?30!~z""UPQnu'h &qc%gFq+",Check sum is H
test,"p,+0 Adkf
7]~MFj/ ",Check sum is U
test,@C,Check sum is #
test,h'5gj.mFH.dJg]WOe[H={t00[M;,Check sum is [
test,5K+M13:i1N7Sgzd!?I\ReG	+aJl	w1x	yH.?G0'hHSQVjP/My,Check sum is R
test,"^g6FlR($S^%[gz#'43
@gXgmPP",Check sum is +
test,"EL5t^h2vV4Ic.""\^X:E	f0@6FzQ!kd,6}Kr@m?y",Check sum is 6
test,"3`\N9XE|^,M]O:q	75qYWNiPE|N*dPIKTGc6HS",Check sum is J
test,"eL""MA]]VSWc;6Vy(8f",Check sum is $
test,"[7
#@MwS)%59""<?	@]5&R(`fE7oZ",Check sum is U
test,">ze%Lkf38n:dsGtjsvG9bmS!;5K,M1]G~q]7S",Check sum is Y
test,z_n.LAw}N8tlM1uw[f=DtkwD_x=Df|,Check sum is <
test,6|H1p<g5DOnDf#{PnS4kIo`,Check sum is $
test,"N]fHJGL`
o>>mIaxxS|e\At. @{*K:0@qAt;H7",Check sum is ?
test,>.SX?!i	;v|pdVNsQ/E+,Check sum is Q
test,"]
ee9S!Z5fi.""| f~q:P
Iv198e9",Check sum is 0
test,"6euA7r<{x\Ef][B%xg'>bCiBDbcsK>)kL^aN""%",Check sum is <
test,n'}FK3s/GaOHrPkWz0v=^w`^C,Check sum is N
test,h+jp$/L#X!qpigggdUkMSE~,Check sum is N
test," ,n']v,""8=
|fI\c7eS8yBEvf8`z7w,toz@[^lS@4}pkv",Check sum is Q
test,t)jxrU:{::tg.cMA\i&^|)5(L@NQD*(Gdm::&fVXx,Check sum is S
test,"?R4YE,4[mij	'{	cs+W_",Check sum is )
test,tfHhH!<+p9>||k:qu!flB>/zF<jMhvmv&Sz/K,Check sum is '
test,"V22QFD?4rX,5z5IJ?'hAoG GK}`uT'q""CWU'h",Check sum is *
test,"|3.m!B\>F_>7'	;Vc A2N_sj.mI""TaD4KIV",Check sum is _
test,"^_AP{r>'wi 4>d
ENrlqI^1(l.iA$Hti4P!X,\yS-v4n}P",Check sum is 2
test,"SQp;|UI""@>[`x!detfnnVevp%ibt@Q2UwmKTM$_Rb	9","Check sum is """
test,Fu$St*4F6O$=yLPB7C(JOuh,Check sum is ?
test,j`]F.ue}HE(Bf}UA,Check sum is B
test,ew_M!Vm,Check sum is L
test,ksdLD(n]lq:8u-u2UF`D)Hcy),Check sum is 2
test,"s<:DxB*+Y-	YUt+>A:k!6
q24m{E`:Idp&\RFdlhPAA)Q_CXa",Check sum is 1
test,@C%1)v?u(!KU|AF%<;#%D,Check sum is  
test,nH9Tgnd~7sct'C2b7-Mmxy#b)5oD`I?Q{jB$`OioBp%[,Check sum is ;
test,'U'/~R3>r<a|q.exLdmsH@naM/y,Check sum is V
test,"o5Q-v!
>R)%}y,d]kE:iyiL{^]$Dho#<s_FOnNru)","Check sum is ,"
test,~v_.L&,Check sum is S
test,"\-}TL2])fQqX?\t&9""3>
c,88S*{+	&DbM-4[Ui5lEh@ 0i",Check sum is N
test,yO{+~DE^ Ew,Check sum is O
test,;X$K f1`CI6)F1yy>6yU,Check sum is O
test,XFUn	jVmOE,Check sum is K
test,"7c`u1;@f(F60tPK5?\dcjANY5
r$6ea2) kn#B+$F1]",Check sum is Z
test,?TLr$dUXDKNW,Check sum is Z
test,II/2jT8.?tHx*I[9y_6K>,Check sum is H
test,	C0BHCw{W[j+|:M%EV5e$v^)I~nD$p[,Check sum is H
test,"'`uZN.kAK#]TSaT.'(,9t?Nr+
aw{L4k[7:vii>=PJPYw~",Check sum is T
test,Iz'UG0*{XTkRyFl{u4I@)36iutZHsq,Check sum is &
test,"a0l.mho;htc`V!
U?U$;Ai+",Check sum is G
test,-D0'T,Check sum is <
test,4kb,Check sum is !
test,eI^Dm?jo#G0!1X,Check sum is 9
test,"TYrj
BJZ7yWO<=Qq}n>k*+)&~@Y)D",Check sum is &
test,"8TE@%M=HjzpJ,*+bf",Check sum is O
test,QX	>G,Check sum is W
test,".!$`+rFA""Idp1S@sRp}Wh<VCU5G!jg gi(h[ggx,?)<2;2",Check sum is 3
test,"5+y9%mm`Gql)	Dm%,4+R3K",Check sum is X
test,"I
>!j>W%/v:q\,f[",Check sum is O
test,D%r$W+,Check sum is !
test,"%HY""~*x^v<V~`h9]~{kT7ogXby%US45	6Q%;/[@Nv~WA","Check sum is ,"
test,~6yR>PP]BIl34wJZ}c,Check sum is 3
test,VU\=hmgyV^>l:R)b2[-&?FPB,Check sum is E
test,8DQz~W4.|T]mdk;V?t3-x\fg/un,Check sum is ^
test, iG0O-bv*aGVDKv:c*<q*fP/),Check sum is M
test,C<LB51_[N,Check sum is [
test,"""D LabSPw$mnt21	9fdEMx5OL4)	p7c(9uh1k-\",Check sum is ^
test,"7>""%?)O'0acT",Check sum is B
test,")DwX''ub%)R@F%%`?T	^5|+f/	P7)+~,m =IuD",Check sum is V
test,U;,Check sum is 0
test,NwL4Q,Check sum is 6
test,"1Wl7
vVH",Check sum is )
test,p~1l,Check sum is +
test,gLE)q[2$,Check sum is #
test,"#f_6)(6F1""~%VpSk@(	.z}",Check sum is [
test,	ceD(7u.IP-N!G|x#F}rO_q[,Check sum is 9
test,"w+
_B4rkTMSaCnj0FsuqSnr67V5T#Sv<'YsT>YuE);L3w64",Check sum is @
test,/NRh,Check sum is W
test,e6IC(r*_DbTaySI0dx^b|~Nn,Check sum is \
test,"Hq14
;]By&z qoD""
wnuFi!MUE|L `
",Check sum is N
test,?'`jTC,Check sum is '
test,O{i.K)oI;1Fc3&a&m=T`}5aN?98v%vMyuBq!5LS`6Lzr,Check sum is S
test,'h>3i;>IM=xNG3qncuf#.WSP$x,Check sum is Y
test,"""9'xt+@'mGidi:-Y&}!C",Check sum is Q
test,VkT\RW*h`7(!1{L|ybtQk-]aQS^_~,Check sum is 5
test,)B[2>TL{gN$7=s*u)TQncZ,Check sum is I
test,"
/eVP",Check sum is $
test,o4kI4sQF\n'Djp}G'.VE!Y~iKUvTw)R<qo-UL,Check sum is _
test,"
WPZBQ?F~	kY	1$#K]m-uSBybNAV|2Qky[`sVH""d'>?Y[0H7b",Check sum is 9
test,_qq>,Check sum is _
test,"|e-
4+f%4FM::p/XF8*kg0=?kmoK<=La{""M6QFE2&+
AMeO`",Check sum is ]
test,3o.7LXkcHWal8-3,Check sum is ]
test,v{A|s/6e<34jNhBE`K[zvQBjF0,Check sum is >
test,"N])EptA3Y4[_m""?gl]NsoNe",Check sum is 9
test,K%U.<sWowyVY#*[|nb,Check sum is [
test,2*QoPE[%lM\!_,Check sum is &
test,"w3s_ .Bf9,%+UBWq^^Z]Z(FyW/GOh^P(&)ic}fpf5c>AF",Check sum is %
test,"8=Zfw#,3Hw!JloGmwD5+#'I^n%x$^R#c8u8mK W_d+1&8/r)",Check sum is S
test,d	Ma#mV(Pld~c\G}ph1	qL\'6=wh,Check sum is N
test,"vO~LBJ[:hMZ3xUs#V+1""Y/TK3T|A=qJg+xj$GI2.)syCD?>r!",Check sum is  
test,"Ya]MgVYiBK[Q>$d`g8Hj,fOy.|@u6I?[>euSr.'+vv.e_H\",Check sum is $
test,u|,Check sum is Q
test,H3B$z/2vbhkyC#VFR,Check sum is T
test,eg[B<rK-{p	7|3]I[O95A'M|,Check sum is 8
test,M	H[ksnsw+1q,Check sum is \
test,516oPGOaMV99Q-^LVhd=,Check sum is N
test,1B>C8hFD>,Check sum is <
test,"Tsx[Hpk	g&taHBej`
#K
#i&CgdJ5CD%S%hq""DOM~(Ma16S",Check sum is O
test,"wkl>xj\s|{dHlq""/:tQLq/i~\Fyz=$IrR>PePx3p9i83",Check sum is .
test,w}cx;2l~bJ!uM/dG0!K*i,Check sum is ^
test,ogDnvspD0^|K,Check sum is Z
test,3C_wHIin,Check sum is T
test,?We%,Check sum is @
test,p0<9/bJgKy9o6$4m_((gYI1.5GJcU:,Check sum is -
test,Is'oGO*S9 G^N%},Check sum is 3
test,IrEdK%mnS(@lW	|@,Check sum is R
test,+q`RO]+FDZJI`N~6Kbdm|a`,Check sum is Y
test,:0k	h_!4P,Check sum is *
test,dzv57A&{,Check sum is B
test,"YR~z?:C{NL%l[o^#
 RbW#uEdE B
H:",Check sum is Y
test,=!N	Y|52i$]>;<KUYzV].pA)]p)48-!O@2A5G.,Check sum is :
test,"=VH+4gm3Z5[us5[OJ(KRL>zJm#rEM}(bO""Bq'B)A1y.G@Fj:-N",Check sum is E
test,"%\]F8y&'^TC'!eW;\w+,jzmV.P?xa ,
_2&B?n(	r",Check sum is <
test,"Thm@F| ozBSLU
Gw>6&*78W`)I3""s'Q_*_L^:*c",Check sum is G
test,"y_L62t?/6p;BZ~!l@Hih
ElQ)o_=_+A?L*%3 <eG%",Check sum is 4
test,';&/Jb|:BS:vt0ED(g*3O^>q*|0bge*N,Check sum is /
test,r9lw7BGq_jkqQJRTloueHN5|y%nbZkMPXUg0A)0:.N w5eoe,Check sum is *
test,"[BHzxIYss1:zd!]C0,A`eE1(nTK`NN8H)YSx",Check sum is _
test,"v^""5~|8R=O)",Check sum is D
test,2Rgl{GU+	,Check sum is B
test,"fBj')JRyfh""2SMd+d;Cwh]%_R3AmtW,[qD<r3j6[T'",Check sum is [
test,"Rr>x?s?^	(txt7Mcn4!f0;Xi~GVRpX3v<,	$%,-^wW""~j#0T",Check sum is D
test,h.5}|=_HMm6%m.vm;AIv>R40*eef}=6wyf+Dpz\6=zX,Check sum is $
test,:P%iY;:m-M|Rp_6LjvZ[Q?MsK{<j<jkM5W!be)L,Check sum is $
test,;P![l,Check sum is S
test,XQ[]o`K|XiWt:0U?WCZ IQ~F5]_0'<J2xGb21,Check sum is W
test,";)[fc0%*>m""-Xhu9^<ctuGMitz2B~%I{",Check sum is ;
test,"""lV6!=z*$8_q)EEFdl/i0e+w^EeCb,l?H|>)[RU",Check sum is 1
test,-D|pWZ; ,Check sum is I
test,`qhGnH~Hh4;K^`se52bpF}1@TE>(&?Du,Check sum is ^
test,"UY,(RQ%><g;c  (-w8A",Check sum is .
test,iGK@U;zl'-%IO}Py4%*Q=rsYtz,Check sum is %
test,"N<Z,z;ttB]}-F",Check sum is \
test,C`ZVqj1X\p f#	oT4)[Q?!2F@?o7V]:Hdq7X5Pa(),Check sum is .
test,2Y,Check sum is +
test,"zd.9dt'9i)Bsm]g_,^z/3/x<?dDw'j;Hd",Check sum is S
test,P&7${3A,Check sum is  
test,"Hy<^TK}#Zf}""5	#k",Check sum is %
test,"{kt5cojp7xEQBv,$Gp+&Y;n6k/$Q^l{/::PT`g@o",Check sum is 9
test,'pX9qn<%gUaP~ZKJUx~M_LV~Qn!!,Check sum is :
test,	]KO}aE:k&Cc%deaVZp%7[KFSik\& N~P,Check sum is P
test,">9M%J}""v|ha.zw1e!!JcAJ	55",Check sum is O
test,3xaUHQph1.I,Check sum is Z
test,"s?M6^/.RTo@?=
U0-Rv+;$,^S+0P*&G3
EXn3^oAO_1xn%
Hc@",Check sum is 6
test,'NC~YxEYqgq ^iE)kjD0&]_za,Check sum is )
test,$	r@Zi'tUGV|,Check sum is K
test,c-V#;r^Nx!X1Go4QlQ]	&{k6'L~WNS8>l@s#d5wo.;Fr,Check sum is E
test,Ne0uV0*2<Z	(}uPB0|9P,Check sum is Z
test,"2!+rXYB;D?4""P(",Check sum is O
test,>{:=	dDR7Rsp]WOk_wkogb74,Check sum is Q
test,">UjI/G<L`DMKM.i^7?mO3)DF;y
pS",Check sum is ;
test,?$=IHlHv ~]zHY!zB!yls$^Hrk6>veWHCew%y!7m4~/A,Check sum is  
test,"O}xkIO/.NU{@QuJg7P/d)#r?Qi	Q0&pu,$/6dkDl
""A'v7",Check sum is 4
test,"A9A""'lw}$]%mI8@Jo",Check sum is Q
test,}:J(e,Check sum is .
test,u_LR<b5}no,Check sum is ?
test,?	5NI[5o3KlM,Check sum is *
test,yKf,Check sum is J
test,"_'\*@m(?QBY7RcX8`acinV1uV{
9",Check sum is 3
test,"MjRaNZ]@i8!Ls/o?c(fWJCex!
>7V 5S0?0!T",Check sum is Q
test,"NWz""DF9u4inpaK,5%TT@_:a7GX,""%;|i`",Check sum is 1
test,"%F:Lpa6QqD@I9mw$)B4^R,QS#5mj$r##t@rGvz{2O/W
iz/Ta",Check sum is B
test,"i d""b<2<Zlb_kPj	m6JZqrobVE\2>;3C)wz7{5]@AN3q97X+{",Check sum is B
test,N]96,Check sum is :
test,"z9pg8QTBxA)c""M>$j1,\><#0a
U@n",Check sum is =
test,",[J/:/qyN	T`./MKiHt86",Check sum is F
test,"F~-bt(Oe&@{ghA-{_cg*G}^Fk%|O""m.5",Check sum is $
test, rtsg`uX4[bb-iinzjJ}?c8\,Check sum is N
test,"QlMX&,tk\7o",Check sum is 5
test,"xs;iU+ZwCc""r3T &t?>	_~*&y",Check sum is '
test,"L.""s|C	mK'Hq/?p3TA :",Check sum is O
test, YK~8iCXYCo65`^,Check sum is R
test,"dR6&!m<=B930b{|yuBz:emh""5|*g|;bY[X+]Jet=Tac(gn$",Check sum is 8
test,"bah4""Bhvj!Cq",Check sum is @
test,K	Ep<`*2n4LJvziqA.`PFQ3zxH*@O3=^(=pOfn,Check sum is E
test,"8c1w7,T>W>oXY/NR/pqS%G+|sXdgqN|Ebl",Check sum is 6
test,yaZLTz0i[YXA=wsNoG$x8d1,Check sum is (
test,"b[*,!!/$LaY@W?Q	}eT.
s9z>_YRSVPZw;|D""DvL7""H,@",Check sum is T
test,\fn#ohDi$oQ[!,Check sum is W
test,(u`BKG$,Check sum is U
test,nlUu5M+,Check sum is 1
test,"NIFZ>aB""UWPA#.	Zom`)G3""'_]pcBB_7g@S
G\S&E9{",Check sum is 5
test,"0~
yWlwH-o""ef&%yPU:5\I]/#5A`*v""/'[skDyaZ1",Check sum is X
test,=}AJ5avl:fBsX}+iely,Check sum is %
test,"8vr;4`Z,5M+l
lR`%eC?AEgRb|&GrnNaEU_1<Lc}QP}-=Iq",Check sum is O
test,L#1,Check sum is @
test,8;#R1,Check sum is 9
test,M/P4i{lxn0;ww*Sn]]!e&A]7>\/qzM.z@Oc955,Check sum is S
test,1%Lk,Check sum is -
test,"vIT,E1z4y+ 9B'Up#Pmb)l2vfi
3",Check sum is 9
test,"@B8!
""_C",Check sum is I
test,Q2?%2~bU6[?,Check sum is >
test,"v8Zfu*S(6Vz?+OCd+J Sgl}A@~T%JQ,s$\gA,x;--`~",Check sum is 7
test,'\>	,Check sum is *
test,"F?]&>_.j%Th8\v9auVYPZd{^CZn?UNx""|a(K=x	4P'/u",Check sum is Q
test,Z7&kSpHFB~P-hHom_d|G&K],Check sum is 0
test,"-c;""O8B5j2DOd@H&0hj59/An+>Yp",Check sum is L
test,"Rps:}
V;EQ[E\9A@\m1-$w8nf}S!@mqz|4A#^J	:(sq*vXb",Check sum is /
test,$OGhsM<xec>rN:'r.y/^2oOG'Yy'b(,Check sum is $
test,"
/cL*%7ZgEMqp7:)X*S,\O+aK.j4a}G{g!ZA4","Check sum is """
test,lh| ,Check sum is P
test,"&H%
~/Yy2Fq=Rf9NCMJ#(A\F[G6~~s^.c_!1F5-",Check sum is 8
test,"Y;k/:QldZ-GN)?hx
l( et[`Wv5GbU\!$<}/K,$",Check sum is C
test,"5+$&;T<5TOc""Q'@teTdmPrS|<}+Mk)}|qWyl'%8",Check sum is (
test,"""@|~Bf6QcNlBw^1	K'|A23b9|x,aI
tRc\N}?2y4*",Check sum is 4
test,"LuxK4!""[},yFWi+f",Check sum is /
test,]8AV)Z]^q2m6hOe#A,Check sum is P
test,c8)QJ|NHQ>4Y&+=H]4}od.-4im@mD-|gV3+'acqpT:,Check sum is X
test,"c<jKW,2J9/6!0","Check sum is """
test,"lvA{P
R?7S/^]DNg!GTU$k> ~3@71~!MZy}w{]jru(",Check sum is 1
test,Ma p,Check sum is ^
test,"(""D,;L9-!pHB.ZB<	 sO&Ww[Fc""",Check sum is -
test,wb%PS9]/0VVo!&gHv(b\o,Check sum is R
test,Pw,Check sum is '
test,";dzYipBbW9$vZ5P_15]rC:&,eZj~)CjI+f",Check sum is R
test,":N0p
M,7	zyZdaoyAe{J406PO~:v9	",Check sum is Y
test,D4b	VbDZ8H<#	`@qW5p'X OZ~/R&,Check sum is ;
test,vz0-,Check sum is -
test,_;fTMmH Wf8w~=[7?B6WoTPmASloV1n.VZ3VAnE,Check sum is \
test,DEIx*[!Xh,Check sum is P
test,}P.xw:'u=Q$|.;VguC+,Check sum is W
test,|@gNsF,Check sum is J
test,";]l""",Check sum is F
test,o;+YYKR2W7nR465y-pt78/ i)3_>D,Check sum is Q
test,"Xd(._] 9m~3R)qM\wm_Tj;Q?#C`R^C1i{6gY*
#35U}",Check sum is [
test,6|l^$z,Check sum is :
test,"(|!""3L[$7",Check sum is <
test," oR,_f	'/L$<|*-""+ja]GcK6:8_+p)KA",Check sum is Q
test,"&( +
6	L,	w{(qaqtV?+_N<",Check sum is =
test,"Rb{Ov
bq( )s4w?ni
:",Check sum is Z
test,rAAL3D4y25SlG@b@yrD,Check sum is B
test,"4Jf-,2c(%nA",Check sum is .
test,"HKxAIe]Z}<G[Vh&j0Fa%8>DTH<lT?kr
@Ex~GXM""4m&4'",Check sum is Y
test,Pg497_pDE9x{?R,Check sum is P
test,	QNp`fz	d7D:XizccJiq*<)_!D0{ c#L-&4gLEQV,Check sum is U
test,(g{fX+p&&Jx-LR,Check sum is \
test,.+ymW(JO`/ZxtNrT6I71,Check sum is G
test,"Lmo2BKW-=""7E^M?-R`X&9?^~'?HR7_`qn~HV|",Check sum is .
test,$SM[%B,Check sum is &
test,"H+
J.""v.F:`LXJ#]rd{K7Zy,]<{",Check sum is O
test,"t)y06mtYRKY.Z16hfhM(c g""|K(jh`Srj/['x^
?f",Check sum is 8
test,jYVu0Sjs1Dx(%{.Eb/zLNej9v@Sf[w.s;,Check sum is @
test,".6:,&b;	w9O 	Hh7VKwW0x|EU",Check sum is 2
test,"7_9; 55fC*6M I9XTm7`GK
9q6 NM0
sS!7Q?)%U>",Check sum is \
test,CNzI{`gAD C,Check sum is ^
test,Wq.VuH*/)H=q,Check sum is !
test,"bzw^-	Q5;B$h51B^
<N*",Check sum is Z
test,"eq'(_)6m$P}YI""t~sHEs}+2a+	>P]cPjW:j[\KipV_",Check sum is L
test,">nv.,3uQsvQY;$TXDJA/4",Check sum is %
test, 'ih(Y[=7`GwXqt5+RI1`Xy=z{G	2ij<p$2):oT,Check sum is /
test,nxtO+5%2S=S<D:i@Yv^b\,Check sum is 1
test,F	FQ_SFP;DP_?2G \3J1GrDC2of4rx`Zb\0,Check sum is +
test,];,Check sum is 8
test,"CM
Ezi	IoVM~<^<|}({5hI2rV.3",Check sum is 7
test,|8o+oef8%_XKmq@ae>Ds>}Ep4S)97E*Y!Sjy#w>Hntw0,Check sum is 8
test,"=N,sitxa!MfMqB!/K\;1j{2^GGuc_OZooW!/I+.",Check sum is A
test,"nfsMR^4u88`-N<+FVM&$_{,IZY+ZZth@;bA?pAi@p{,of_E6/",Check sum is [
test,"xa@q6CBn91'P""Bx|3n')4o3URc.l2<=Q0R7`CKe!(er}lf1",Check sum is _
test,.65^v 8$'5~70y2G:J,Check sum is @
test,"42};@eB+GoRF|Y$Vn""Xj/
 -&}=0f$!X*=\V+?yhu8IYc",Check sum is .
test,";""CpvJuq&YlKW""P",Check sum is U
test,"oM""yrY9[W;!?o{x+y7G5}S?9qH0\d=tI'ib/hAdQy#f;ooM",Check sum is S
test,q.BQhC&L4\;jwCKYDZB8ny?	Y7-[$H6iAn$lo1fcBsc[Wv{WS,Check sum is 9
test,"[7jt_!QjuBc C.;D/S^QeS?{5D~;	_)|!hClA,n
j#7m",Check sum is %
test,#$8?5QWrN]Z4`,Check sum is F
test,{I5DaOY/yr?*T,Check sum is =
test,"[4](6pH<\to}Fe!&%hK%=kEKs\`""",Check sum is R
test,"OT)
RmT[/ R$Y3$j<^",Check sum is ]
test,"??P!<;R:p<U.s9I{YWx~4{y#TvX1F!Fmv^|=P""rM~mMeuN( ",Check sum is 5
test,x1AWQ/%!~Uu#A37HkT:}/=8L,Check sum is +
test,Gc()qK	~[(%pmC37avn\2G,Check sum is *
test,"jq!p

l0 /y`+ymPHa""`\;X\^R2,M_Cl",Check sum is $
test,Sw`]\HJ],Check sum is 2
test,tKMk	Y3o}@p57QMl|$d5ISLLM0!b*A-jcp`7|T,Check sum is '
test,\l|t[[njql%6rjN}UqB^0dh@	3$P]g+}+?,Check sum is -
test,"6""'Xgcft$iN|.et#e&CvD@,1UtAtCuaGVx$#oN1	AF\td7Qf",Check sum is T
test,"t	""p|CXaUiR789P%F$2F3@`!i%c97-]@g",Check sum is <
test,"7C
.]eW0QjrSqJ~kTW&Y*U""r&x:2C(	lKZ|pAf2<""",Check sum is .
test,"dO)KIY}vX1?d:oi-AHybcx,$,>l8w/qQcyQ#.S$a|\nt",Check sum is \
test,"',K}""}rr+\P2iwe!f6>*ycX_>7j""qJZ:_oRiW",Check sum is 4
test,"!~nm-
tbi.",Check sum is >
test,P~ CG{n-j:{J<pYE+od~PP]X:wJ]fwQ,Check sum is 8
test,",/]}LXx;P0bu~JJ>SL=""Zs/l''^A",Check sum is &
test,\)W,Check sum is <
test,i`xuD[b&mI}u,Check sum is %
test,J{7m[5Gy,Check sum is Y
test,?'0G=o5Cl(SRBB2)*?NE.#n!.pV>7Y,Check sum is W
test,"&G#GAQ[$K;J%?nr2<xK/De(Q-GDo
F-0,}X{}Og.",Check sum is O
test,"H 
Q1ea.!hvN9T=uhsnZw",Check sum is .
test,"n`zs!vZ a,C)))50jsS;d.+^@(3l",Check sum is )
test,O!b{=~r/3-tG5M^m[!sH*=8eileu&C|,Check sum is @
test,U*[N:06`PL,Check sum is $
test,"7l wj%EM^h""EfVwC1W==>mkjH/6""hjD",Check sum is E
test,Xov>wyZa~%7n,Check sum is N
test,"eUDc5q\7Knry8u$i
wN",Check sum is '
test,Iss5g	tqe$k17-dGN3Gv`s<T9lS:Ol6UH^,Check sum is L
test,"Paa}rR|MGLd,A'f-L3bOaP	t:1Y`$pOOLO:0Fad_-L9~=",Check sum is *
test,vG6x<aJ6c*[$%#Y8&G'k;8>0&.95e}+{p2&dy,Check sum is \
test,"OO""!3",Check sum is 4
test,KgQ=L')cEMD0LcT.n?@T?u;t|xd50xC,Check sum is 2
test,Ur@)Gg@2`Wl(1Ld$tkY+J1&un0?jY<),Check sum is >
test,"NfI""JlTLU2+{E*|<I/G?]l`\","Check sum is ,"
test,"Pz$ Yh#=enVK[Ul3X`T*;	;+""*-IQscpA/
U,",Check sum is F
test,1q,Check sum is B
test,4+|ZbrhTT*[^=*z2F,Check sum is 5
test,y\%3VYr1-,Check sum is L
test,"""dc.wUJU","Check sum is """
test,&Y{+Wo6$S_.mIs5-6mt4DMxjwdMBe58rpr;dzFsB|B,Check sum is 0
test,(+wttN*Wq!GAQ(:d~Z!86=TpM*:(<r*=I[+:%`N(%,Check sum is Q
test,")1=~>Xb
1!.8
T1KOs'y<XG#[m^_@uZi!d2aq~{
",Check sum is 2
test,"|uA5@Ewej""(",Check sum is \
test,",	S+R.d{)<>4Z  p|A99z^o>qx6w\L->",Check sum is 0
test,?ED9LO]sRe(Dj3A9'C;q)d>,Check sum is '
test,y6Pf],"Check sum is """
test,"{h3i+>65o
; cQLq&,v
xFR N=1:v_yq
lE4w,?11}}",Check sum is \
test,"	vbOUvR}h%]E.A
9bPL6<45( tv!nYJFlU3
@TMT8Bo`7>X",Check sum is W
test,/=	/r%Cn5m.3b](BEf-,Check sum is P
test,VQMl,Check sum is @
test,"MxZa
r&<",Check sum is >
test,"o:24dz$L)O*5
~hqtL2~R66P?afl\",Check sum is A
test,gR72Z6lnm=Yt`I(V*UA,Check sum is J
test,"6gyUf`\>$M1Zni5zsR6ZG,f}|];iNbH<XE4""j0Z4?E",Check sum is (
test,"~TFqear+&,g<p,;BT1Q<3HswSH!lx1","Check sum is """
test,qjlV[=7^g<,Check sum is M
test,Z*PM%5^Z!6}>(x?*ru,Check sum is U
test,";TW_}]o
a_n",Check sum is &
test,ML(aWbBKQIk/u'{l~,Check sum is =
test,"8H@F#$#4=dj@p>G]Y0,83{8,Ab,tzy
NJU?""2mHKED",Check sum is )
test,	#!uq4g^poDkJ^<`T1I`2oZ&H#xV091a,Check sum is !
test,9TLuG)YQ[~YmZivnWsBtqkjur?Y9E{Op%.s$,Check sum is 5
test,]s2[nOUrS{|Y*9,Check sum is G
test,"H$Id""Fm#",Check sum is 1
test,"nnUa6g_Ww7""bbZ!3O`*a?Rea~",Check sum is V
test,"c-55-i""_",Check sum is 1
test,&F$r+RO`ya5wqp,Check sum is 5
test,[E,Check sum is @
test,"]&K}:x17k`zwrc~lUI+\~vA}6d,
q4	S8A_.iyu=U",Check sum is W
test,"W%.hkq8-(7APMMAdP^{""}",Check sum is *
test,"d'i~(%HQD	izU,h}
uXSeMpJ8xk_[_P\0e",Check sum is Y
test,"yfH,IZQ1\^""`",Check sum is T
test,r[pS`dBA9k1m	TWl?n<Wa[tx;<xOUG={}P,Check sum is  
test,iXnGt|H^	)u(5Usa7*mI,Check sum is 0
test,%T6XO#S+@d5xWf:tiUFtpeX><F`V,Check sum is .
test,"zFSmVIJ<.RSw2=C$y'""i>_ONCpa)rT=2[h7",Check sum is 6
test,"b4E2%g,2wy7:OCQ
6qr
8\?:NuRh$6Phou45",Check sum is 1
test,&5+}C_k.x^{{XHdL]Qc:40,Check sum is )
test,"$hR8KGZbh,b'^j3o$'>#K
NzaB:>1SwcIr=J,",Check sum is ;
test,$ h})h-*~,Check sum is /
test,w*=nHV[jr_4SQ8FxOH@D^ITnYWE;)On),Check sum is 1
test,Ce%mq,Check sum is K
test,"B[ *UTU//lK0mV;wC3<W5g(""\a#%Q#
""?%O,Qt",Check sum is 7
test,"_SlcPI>8iWUxL#YKjj)5_i1}pPR/I,7'",Check sum is L
test,\l{JC_,Check sum is O
test,"#^kSQoC&10@2fqY:7<w7cCU""z:7&",Check sum is T
test,1h?+}S.kTMAN?h3;JxEy#v{k,Check sum is P
test,"{Mwe5RP(U6VdSb-162\q7^-g
k0Ua1bl+A! /RUCR +9'%# )Y",Check sum is @
test,E0^nA-di)Apqa ,Check sum is (
test,"gB(Bu\XLc)~#""NgV
&8cbbM8gL}""",Check sum is (
test,"+Hes+Nke"".}*gpiR{0C
d=/Q6
FZR2n|VWN%' *Tt@m`{r",Check sum is 7
test,"%\.Ldl~;>
0&tz&}U7)8*Z(CQZB|t*/Ve|@!F5ZUV*,PLp,p",Check sum is ;
test,uv:*5F>{0Yh#-*aK(,"Check sum is """
test,4N\<WJ-j=I6Y:,Check sum is A
test,55d0F,Check sum is $
test,%pcVX3J!=5^JgO;~7iI07<2YAy&%Rsz3,Check sum is ;
test,"`{'CJxsH|-@)pd{j2aCG~MPc81&XBzJ~|HgFQ=5/Ib:""",Check sum is ]
test,*8;~oImO!,Check sum is P
test,"j|OjrM[?PMR""yb%l |
+3\S4)f_",Check sum is *
test,"s~E;D$_	Abi=JFjN;
n;ztr$_T>g(6FWYHY}",Check sum is .
test,"Td9RBbhL~C Mr""rd~=*@}fAOgl!-8(","Check sum is ,"
test,"P:g)l:!/ZCi!8:Wh{)D0F,bcdtBY:E(@k,.lP#\@#] F)}[",Check sum is X
test,.Oh4W	=v]M:,Check sum is 0
test,"tuvS&j2^Us39+	isv>n|[(x#n@QX^3=},.'gjZ|^?p&4B",Check sum is %
test,[x20&iA!t5Iy+ab]u5_7HhF5T,Check sum is ;
test,"[PP""
3v-$~CI#.>78JMvJ",Check sum is  
test,"]}c
:mkexqq'};(F,l&!aiP=ruM]	wx[3
4<h~3rnud0a';*",Check sum is ;
test,= 2),Check sum is X
test,"QV49s*H l<!Yl7F#&DQRG3o;}2]y,B|>""*n-S2\j)n""??
",Check sum is 8
test,"gvv?kqC
-
cC)NCTYPY+=h&!&NgW*Uwrw+tD=",Check sum is P
test,"Q}x3ylE6Z0#~!7I2+B69tTuTl%xVTO\""""g\csa4sL$3Sj",Check sum is G
test,jZx!PxI A&4A)*!b%FZ27U8l|wW[,"Check sum is ,"
test,",V8^&KD<[xl\O11B}Js\Q7}apbWbMDdAbR""E(;_Pu]h7",Check sum is R
test,GMlm0aTE7S33JYu8RE,Check sum is N
test,@HCk,Check sum is V
test,"fu*<4.D=nX	u {+,,Q\`w{/h",Check sum is <
test,"(Q<10>XK<]wv(.AAeJ=!]oM'_b)el/79
8`+j3	",Check sum is O
test,vWL$Ppl,Check sum is I
test,"l=c/[Q5+MhoDN=	qB%)uy<=O'Z_n
eu,FyW.n <Gd:q",Check sum is \
test,q:[.4Y)^g_|t)lRa	~bof+-(w,Check sum is [
test,b\zFaHEhP>U^/`#jQqztOL:-*S\av`@vtFvFdd	,Check sum is P
test,"1
<m9g|/gZ`@[755EHEPTxF7m:dIt+oKs[""fM<SeG-8hF,!m",Check sum is /
test,"vuu%c5$Ug&)-omBB2p$4tya]tl	yIDlUDnMr,E*d8'b	Dxc",Check sum is '
test,Wh++@j	'*VBk.-k:N%7swxW|S`lqqemkN_,Check sum is F
test,)<PJvrNob,Check sum is &
test,#+9wy9|=8~20z_Q,Check sum is K
test,M-,Check sum is Z
test,g'u{)k}VjMe?:h/mpB0r1Pc@#yB7B^Jyg n^4Oq|Qh'~<,Check sum is +
test,_o cc_k^wp**)AwmDTsN^g{:Q]9,Check sum is ?
test,"Dx+g\sD7v9CO[Lj/}Z@p9	UihqTdJeY$`xOC{z
ti!IM",Check sum is :
test,",04[s,	%WUN`l8%4*M",Check sum is &
test,O)YR~!o+?e<6l  >M-pk6Sr~gBK<9AB5jv,Check sum is K
test,"*`Yymb $,_=l;8lMF.uJi|rg[h6L4lCaw,u'VOQv]@*Q9WJ8iy",Check sum is  
test,)H'],Check sum is U
test,-Hu:Xxk*1H8/RMkC2^jdZRt&]>a-xY=EtL+fRczQMbQ>]%[-,Check sum is O
test,"'dB~QWM(Wgx,{ZO,Dja'",Check sum is 0
test,"
/\1;P{a'QqN",Check sum is D
test,"Qmwixd8--fwM0Uhj(<u[oT, 7tJ?ZS^",Check sum is /
test,"""Tx]*$'q=y:({|",Check sum is  
test,FSnw74G>T`ZY-}BUW#p,Check sum is  
test,`\_}yIZgK,Check sum is F
test,lP(0tiI@-QuLnByA,Check sum is C
test,"ed6}u""",Check sum is 3
test,"
X,q]}Ts	"" +U>SE:%nKL'f",Check sum is R
test,Q}V52	,Check sum is 4
test,"`""56>x<hmW_""<!'!<[ZmjH3a(=Yc^qhEN""?!","Check sum is """
test,}2ox.vRBw^0FNx&y},Check sum is [
test,"NWAA#)UY,3vG5HkmM`AVTC8!YHCu.",Check sum is -
test,"8	m3,E~gx5]M5irmd1SmFtTxg)nG	%",Check sum is 9
test,"T=w/=~r%FY7C5v!Mp;8[=Ntadtm,+E+KxqbKn	rB/{H",Check sum is C
test,"&lJLe|W0kW+jqK""N_]mJAk}",Check sum is O
test,"z~ZzTa^5*%rb.%WW
Lt;[}pO3@Yb","Check sum is """
test,"Y6i,^DT<!Fs?@n",Check sum is =
test,!Yw(F;z^>%Y_E0\*jSXr3-Zt,Check sum is ]
test,"@o0mFMo6kOH""D)jx%vB@",Check sum is 4
test,"#\,Kj%ZqFM<,6lmjjpe9t%CKeP@F2S)S 0*sVkX	~9{|&y@'-",Check sum is /
test,"<#ll5Vdi*Gd(IL3s[Le
o]I`5Bj'8oi][0xQbh",Check sum is E
test,"Tf\$OQYF~k,'O sKytY4D[j-Mz|9/EzWQ;*jvLO.",Check sum is R
test,"*PB""j8GK3te",Check sum is >
test,B#	,Check sum is N
test,"p{FfHN8[7!""B+:ia
!Y$}5}Tu
w5Dbq
W9sCC",Check sum is K
test,U<}[N$tFrc!iQ[`Ko^Lk0{^S kdWUR,Check sum is 8
test,rhpo3U4Njz/E,Check sum is ;
test,"_>M]T)z"":qXcaXV_^T`$",Check sum is J
test,+CpMc>Y!z,Check sum is  
test,qt?3g`L3i^~w^Dc&Vc,Check sum is ]
test,"<!zGi6"">q{#Ri;	S6#ki&,j",Check sum is G
test,"B""(0Rp	>+k8H/OaQ-",Check sum is X
test,"i*""[|""08uw^8s46o<",Check sum is @
test,"pQorz#x;}mM5}Vw8|V#D;7jXz!mJM]
+.WvM.&7MI!W',Xt_gT",Check sum is 8
test," vQC`7Mtz9qGgny)BRd :'M;HU
t(@Tm5HD",Check sum is J
test,"Eo-(Ip`\%}EDF-Ji)1[DTTQ
um?(.33$*""pQp
!|Bi1Tv~%""=",Check sum is 8
test,Cu`D)POY3T2v\ppuEs+Bg%V~y:l]-BGS84#>By,Check sum is O
test,$o2J~T5XKD*0~K`'3	LBLR?^+,Check sum is 7
test,Fq7&=Rz1geOdm{N,Check sum is #
test,Mo0.b=Pc7+I-YMW`	]&ER]kAJhaP`eOu,Check sum is Y
test,RPV2-!=lb3uZjfz&H?+5?V?N^{8frJ,Check sum is Q
test,"@4HN$-3Gr6,qpe\bX0;|ArCa9^Y(=$JRd",Check sum is \
test,"Pf]aA19Mz`ez@ZTc>)D`Qd],",Check sum is _
test,">#>}""ZBLDf.u@_:lg@a!sDH=$oLbyR	",Check sum is R
test,"\t="")J!sg)$4`CmgFRBUK[",Check sum is J
test,*uG').? d$3.`Db|F{,Check sum is O
test,oPi{{,Check sum is >
test,"+,!gUH_5%S7CvH<\",Check sum is 8
test,)iu8.WyI*`D=r,Check sum is #
test,rmsp3{8U#tAGpANiRVFdj%W\6N5,Check sum is 1
test,Z[F@aiEy/q<,Check sum is ?
test,"1}qs*av5ic:,ZjVK!tS$]I|FK",Check sum is >
test,"TRit5],OzXr:42Y_x",Check sum is D
test,"o*GRD0c|(QX6Pu|,e5B:XfjZk96sV",Check sum is T
test,"""~[nq/2_c{<wFcJN<z<,6I%=j",Check sum is 5
test,%BaFEwPWR8.:,Check sum is C
test,"Pp;xP~^3
kbd]tjIvx!wx""h'`(1",Check sum is Y
test,")Q5:d5Awmp'ag%)9yo#&2E'B|zG9MMQM""O]zA""1rj`)pDC",Check sum is $
test,)Huwp{(:.;T'sLw),Check sum is M
test,|oV-y5H#1ozA@~G+70)Tj>5GDDVVNb,Check sum is ^
test,dKhC\?.Y|=lmhw[Jt~hD,Check sum is P
test,"TP/Y8""UQbc&\jRaK_.B",Check sum is J
test,"=%W, [yiB#",Check sum is G
test,<9sw.,Check sum is -
test,VHCsA'bs5tV3Q&S`=9,Check sum is C
test,cW{J0]wV9,Check sum is 2
test,' #=m2%[$a		i]cZFB,Check sum is H
test,u2dhC3s^Pa3@q,Check sum is /
test,`7,Check sum is 7
test,"qJE3Qs]FuB	r.|^>3\+UPWv-c!N=(y{/9xD^
?@cG|iM
5C",Check sum is _
test,$5$~p7/~#CJeg7w)sg.0/es<Y-y$M'zNH]Rbd,Check sum is Y
test,q>$FJx8ywy~GSI'PAU-GGS+n,Check sum is 1
test,"8MDhV#wbsZp,{O?gGNh	Rt\6~*#}jr{},f[NW",Check sum is H
test,"*FCu\n&v}*uh
J4$/E",Check sum is R
test,"nY=27%
$`}0x4f?>IJgH;6eAq1z%S5
y8'g",Check sum is '
test,EUM\r)>7$7eFQ}E\iDFp,Check sum is K
test,Ov|qvoDhq#d-#8DA]&(Hv{4})9=sdTu!g8,Check sum is <
test,W8G9x@go6Y|k	g]).,Check sum is W
test,"B|]fheRQ&(%h]GSt{&,gl""W>	5zd	f#-#snJn</hKD80",Check sum is O
test,"3o
we?*;*_SCwH}EZ\L9{J*1iZK[SI6pF w:xU",Check sum is V
test,",7slTWS^a",Check sum is _
test,TXu@d?HVt%i&\>\*sFdP?KWyo_M4,Check sum is  
test,"
<rs(0F.x~0hY{.kY(",Check sum is S
test,4TD!,Check sum is M
test,"d9.)9hm	w""\-_	u;qw 6xo6%kyrZLb	_"".:ttt5S",Check sum is Y
test,'.FI/)8!t6hG%lgL@Vp6w:,Check sum is ?
test,"<_(RG9L*@Mgw5GVa65*zA	A
(dM r		vY{	dh)3m8",Check sum is J
test,0CUH`Ae4'-]=EXmPlyfCr3{R$]Z^v2,Check sum is S
test,"BxIVc@~JJ
xv;QZbr58,;cEu[FCy{LCj)?RCQq`|`,l%b",Check sum is <
test,nBDhsWR]|`Ix3z!L|gS.;)9>2+I-p+V>|<3(8(cpw),Check sum is S
test,"ZS1Rt=] ^UNG;[?09""+",Check sum is Q
test,"u8
8v<S1<'moUv""PJjO3i<(hz_/&6",Check sum is P
test,"P@""1e6t
B
L6'",Check sum is Q
test,"ysv<3WiqP{&q,YO<LsY*P2(NLL(TJ8X;",Check sum is 7
test,"g=oXVS(ef<XoC@!1
0Q|UMv9+@TjH1%-NCJmI	^M7a5OZ#S]It",Check sum is V
test,5yX1HU.ad@\*g,Check sum is T
test,9Nb+];}Pjl:`33qAp2#&8]{dq8(JNh6B?{Oqk],Check sum is K
test,"OvF?'o6?yA!FS($;5vvpj,LI","Check sum is ,"
test,"""	rM+,~+",Check sum is J
test,"R8""c?r""mp^P[V(E""jno/",Check sum is C
test,"_K;vj8EVsW(Y
cl\P""fAf%4#!~5Sr~^!ZK;",Check sum is )
test,"_eI%LpYr#9i_a1]_a'#5$*c%A-t^#J<5#8}EL?a*D@""J^M^",Check sum is K
test,"|@a[Y*q	jzF,UYK++GnG:33z8e:/`1rOI`	_*a|'bN*mTOA",Check sum is R
test,x%o@,"Check sum is ,"
test,"t {LpvZNnf<l*YA1DgW&p~,:=A|XT7a'@xt<s7
w!",Check sum is O
test,"qbV
r(Rb2g7",Check sum is 1
test,Kq!*F?r,Check sum is ^
test,"Vs#mQu])le%24:Te0D6^(m{`Mebeh5""R",Check sum is V
test,:+mx\`S~0q/$`nz3SlC>,Check sum is &
test,IIzkDFi5wmm	#nzAr.0sbU?gfyEKRJ(b^/_.4QLENebbd,Check sum is %
test,-+,Check sum is 8
test,@fkw*E>F{X}tSt=c=xh(p;!9bGk2}&Y[l,Check sum is Y
test,"5_V))Mp-iE]NV\Splkf8eP@"")MA.s~/R""",Check sum is Y
test,ju[gzNC7mc,Check sum is S
test,"T|t~p|KZY@.+D0pvkBpI'\mXLA0N^T&P9Y_7h%HMQ,S;/t",Check sum is X
test,_	+&kVHHasoDnj.@(wfl73AOKFG!W	`-3zbI*VBS<+Q[^B{QVi,Check sum is 3
test,ND3+sAKul@r&2Wfnw.,Check sum is J
test,^50NMX2Arrju,Check sum is L
test,".Sv;iB_RJsD'#fNGOA9]puC(DT.aRxz!"")N	h-RW[rj7@24zE!",Check sum is J
test,"*z7=I_>ZfSWX3-a@tmL
:QY5b5J5I$#K7Vx/p!!u<r:B",Check sum is '
test,"-[p2W5zqX t#J>0VCyV,):]FnW(Wa~gwxGu",Check sum is W
test,"""	|ThK5	.Vvem)|w?+{[_|47+B$W-r_NQ-=juG&",Check sum is 5
test,"ccch""fmM;AJ1!~a5aQD(E	phHFxi&{Ur}s $&)P3;'1D!W[b-",Check sum is 9
test,aq? D4N4'Dp3g,Check sum is @
test,"$_""hFNvMUj;Q0xH$%Lgnz;;#;@<WN7lcSecH)L",Check sum is 6
test,"ZVS*ay3""Tl",Check sum is <
test,"{?ocKV.""t+'T"":cV,_*EmX7V `K,djYC6En]K0w'O.p]Lm(e_",Check sum is G
test,gE10pb]XY=,Check sum is J
test,AZoGqyn8DC'_}M^9ZyC/!Z	1rF,Check sum is !
test,"	Y*V[kgaa,q?NR|]jp&88cY1Y)a.pN6vMt",Check sum is _
test,"l1|BLzdwb_Kl@f8p*_
:IJ$v2B'zw=<]0sma%;",Check sum is O
test,VRsEQJLf<AVPC,Check sum is 3
test,in3Bp?D7,Check sum is V
test,"9U2`h_	HPv7
+A""mK4)H2B,OUE$@[%9Ju(Xp-#z[vo<xkK&=&",Check sum is \
test,"W(bl)V8i(""A<_>~IzS@",Check sum is E
test,"!]=v1W02CL""'I!wDZ*\$PXVJU5YZ5#:jNR4~}",Check sum is L
test,++,Check sum is 6
test,"XoKXY`XoAhy`4'cb'`o(lg2R=O/2F""o?QVo-c>[H_)3LQ",Check sum is C
test,y/<7,Check sum is ;
test,XdR(wBB0fOb,Check sum is X
test,.%A|N> SxZ-KGf4^%uSfh{/adS];@_'%>hrWJ&{88.~?;	,Check sum is 1
test,"HcR5bdI
8_B""/",Check sum is U
test,~aT7v`V,Check sum is 6
test,[Xlos,Check sum is !
test,1=V|N)hbO)ff|!	,Check sum is K
test,"y%
Qm[#Ej#a{v",Check sum is (
test,"x0r'|m:u;6iNj-'i6G^
p\pW6O4xMmt0",Check sum is O
test,o$,Check sum is 3
test,"<bIWA7Hg&apf}}oPN]=gBV@F+,GHb\h6(Rm=leKhwmu",Check sum is K
test,c#	P|lj6i/bPE0`?lhGBo><vwZ#H$jETNh{2,Check sum is '
test,C*uPgqhd$B{sJ.0+s|{'xh}:IaV,Check sum is E
test,"=#m4YH8uzN\8jH5f!
D?3~ICE'nP#;,'G,hEUf};IeB|",Check sum is ]
test,"7x|rb^<E\Ya,_<ufPx*Zed",Check sum is K
test,"b>xD		b|0fY:""rN>tsvsv>M 
>Y^d4H;qHclFh0p>>",Check sum is R
test,":To@2/9IZ^Z{WzU,C","Check sum is """
test,q}s!*6?)d|L<z+ 5*FXbh|ND,"Check sum is ,"
test,t6@bQjFA,Check sum is .
test,HXU}VQ~ey,Check sum is U
test,"ciWo((=
*j};ZZBizonmsY0xU]un&by8C>h;.#=","Check sum is ,"
test,H3w|-9.jVh];/cjl6:,Check sum is :
test,"o,1& {k.Z.1ij\7BXy$BABndz2U]rze
T{Y\9%Bb+@G;m_/!-",Check sum is (
test,Q(pcvbPEuW<L&Fj8W.&NWP#hy}P8,Check sum is $
test,Kf	bP8\Bez	'/n.=.V5;-n%`Y,Check sum is &
test,"|SAlt7YD}
\SY@.zCb[IgW","Check sum is """
test,"|,mfbpf	}
s%|v-`%fdbaat7G/A5f 40/VE=ro?h)WCd^Aia",Check sum is -
test,"5/XcT)L0<*OsT*yYRUsfFk='
L",Check sum is [
test,W$B3fahxk_K|C0mZ7{ZUjF*<D,Check sum is =
test,")C
=gx`VXh5-e%pj6BU",Check sum is ;
test,04SuUO#$,Check sum is 7
test,"c""@j%~8R<[8W^*+=N ""jKN""u",Check sum is <
test,"H*DpqXsbZ?-W	HWuZnD6Q-XXnD{E2l""%3",Check sum is X
test,":'sxZ	,`e",Check sum is @
test,SY>w@S0\0OB@,Check sum is !
test,\.T5E>xND^mUNSP.C8O5j1,Check sum is Y
test,"@o%`^U8:N
#X",Check sum is L
test,js_l4JgD:b,Check sum is M
test,">1n""KH@[-WJPUSW]
(ioezHN7$gH",Check sum is P
test,"\TW]&Fqzal+,B|Lpx{\53",Check sum is 0
test,AV< DKp/tI{m4|QBWZ&,Check sum is @
test,"p@G
	[=qqd<3`yjOl",Check sum is 5
test,UycM	B=Jy4+Avw4d7YLwV,Check sum is 7
test,"X$~,Q*zP(	|F81=lESG.{16+%j",Check sum is 9
test,"yR-Eot
hrl-O0X9sQ;50Va@OZn&CEfPvvE6VAm",Check sum is N
test,LAMSOR@Ci5+9r+%hKtAg }hqVCNkY,Check sum is %
test,"t%|%;XW$,*L[
;{C
D~OUt&X[%",Check sum is J
test,"Zc4^L^Z{49=v
|tTI",Check sum is %
test,"9>H$PaAp	t@n,sV[bd!%l[pl+I?<aoJLv[B4[~g""",Check sum is M
test,ghx~wQ VRq,Check sum is &
test,",'mDeD;_Pv>=sv4)3;A7\_!ri1DA	f;/yW$qso7dv!M!IO",Check sum is Y
test,"*L%"")$/Eh7Y0>/$_3vp",Check sum is O
test,"ty-3{*;#E|J,K}",Check sum is /
test,Va{ow6	n,Check sum is %
test,"EPkr4l$i+d2>j ,nS.ioUr0|.zo,'9C",Check sum is T
test,"L[<_K#AY/>lBg	9gX*Zw$MB:GgsX`Aw=EA""",Check sum is K
test,dK7N*'R)KK{y#L[ 8cwBj%Rb9j,Check sum is N
test,"m:3""<='{5g+AI}ua4Ti*C'jR+""ao!",Check sum is Z
test,"H2X=pA{D+Ni[46hHpE""`",Check sum is -
test,S)QSuEE%FEoZ)eJ=e}k^xZcOH{JAl%f^,Check sum is _
test,">r 0`C&hCzfSL$(UTd""`ns{F+DcKrP0""=U\F*-@3sgxOVT",Check sum is J
test,"lT^wXcLo%OnZ}<;|~XdAn8[>r|IRVlII \
",Check sum is 4
test,"|m:W G:<@A//Yd:9G<aG</PX""=$""W\Sfh",Check sum is =
test,6.fTQ4jxGInzTgI,Check sum is !
test,>~~4\;|>Rnu^RnUH3,Check sum is B
test,"*Mzz-FB,L _sV#GK^.f3]T
&4!n+#rOG27",Check sum is =
test,"+2F
8V$hBk9ctIOsY/F^S+_)]+qrSs1Y/O]pgY`j",Check sum is 1
test,"pQB]g]V
K1Q5<","Check sum is """
test,"V	gWDP@ )0uinj.,^oR}*V%1o4N[~W	kCpR!.*V%7",Check sum is Q
