set,input1,output1
train,,Check sum is  
train,	,Check sum is )
train,"
",Check sum is *
train,"B
","Check sum is ,"
train,"

",Check sum is 4
train,"

















































",Check sum is T
train,                                                  ,Check sum is  
train,ssssssssssssssssssssssssssssssssssssssssssssssssss,Check sum is V
train,"CD
CD
CD
CD
CD
CD
CD
CD
CD
CD
CD
CD
CD
CD
CD
CD
CD",Check sum is 7
train,"x
y x
y x
y x
y x
y x
y x
y x
y x
y x
y x
y x
y x
",Check sum is &
train," 
 
 
 
 
 
 
 
 
 
 
 
 
 
 
 
 
 
 
 
 
 
 
 
 
",Check sum is :
train, ,Check sum is @
train,!,Check sum is A
train,"""",Check sum is B
train,#,Check sum is C
train,$,Check sum is D
train,%,Check sum is E
train,&,Check sum is F
train,',Check sum is G
train,(,Check sum is H
train,),Check sum is I
train,*,Check sum is J
train,+,Check sum is K
train,",",Check sum is L
train,-,Check sum is M
train,.,Check sum is N
train,/,Check sum is O
train,0,Check sum is P
train,1,Check sum is Q
train,2,Check sum is R
train,3,Check sum is S
train,4,Check sum is T
train,5,Check sum is U
train,6,Check sum is V
train,7,Check sum is W
train,8,Check sum is X
train,9,Check sum is Y
train,:,Check sum is Z
train,;,Check sum is [
train,<,Check sum is \
train,=,Check sum is ]
train,>,Check sum is ^
train,?,Check sum is _
train,@,Check sum is  
train,A,Check sum is !
train,B,"Check sum is """
train,C,Check sum is #
train,D,Check sum is $
train,E,Check sum is %
train,F,Check sum is &
train,G,Check sum is '
train,H,Check sum is (
train,I,Check sum is )
train,J,Check sum is *
train,K,Check sum is +
train,L,"Check sum is ,"
train,M,Check sum is -
train,N,Check sum is .
train,O,Check sum is /
train,P,Check sum is 0
train,Q,Check sum is 1
train,R,Check sum is 2
train,S,Check sum is 3
train,T,Check sum is 4
train,U,Check sum is 5
train,V,Check sum is 6
train,W,Check sum is 7
train,X,Check sum is 8
train,Y,Check sum is 9
train,Z,Check sum is :
train,[,Check sum is ;
train,\,Check sum is <
train,],Check sum is =
train,^,Check sum is >
train,_,Check sum is ?
train,`,Check sum is @
train,a,Check sum is A
train,b,Check sum is B
train,c,Check sum is C
train,d,Check sum is D
train,e,Check sum is E
train,f,Check sum is F
train,g,Check sum is G
train,h,Check sum is H
train,i,Check sum is I
train,j,Check sum is J
train,k,Check sum is K
train,l,Check sum is L
train,m,Check sum is M
train,n,Check sum is N
train,o,Check sum is O
train,p,Check sum is P
train,q,Check sum is Q
train,r,Check sum is R
train,s,Check sum is S
train,t,Check sum is T
train,u,Check sum is U
train,v,Check sum is V
train,w,Check sum is W
train,x,Check sum is X
train,y,Check sum is Y
train,z,Check sum is Z
train,{,Check sum is [
train,|,Check sum is \
train,},Check sum is ]
train,~,Check sum is ^
train,H\,Check sum is D
train,;J,Check sum is %
train,Z?,Check sum is 9
train,f?,Check sum is E
train,%>,Check sum is C
train,kM,Check sum is X
train,"""R",Check sum is T
train,1@,Check sum is Q
train,A~,Check sum is _
train,)m,Check sum is 6
train,KM,Check sum is 8
train,3D,Check sum is W
train,4t,Check sum is H
train,Q2,Check sum is #
train,Cn,Check sum is Q
train,~X,Check sum is 6
train,3-,Check sum is @
train,=|,Check sum is Y
train,eT,Check sum is Y
train,Uu,Check sum is *
train,8h,Check sum is @
train,97,Check sum is P
train,s%,Check sum is 8
train,iW,Check sum is  
train,hi,Check sum is 1
train,"N""",Check sum is P
train,g|,Check sum is C
train,IN,Check sum is 7
train,F$,Check sum is J
train,"""|",Check sum is >
train,D8,Check sum is \
train,/],"Check sum is ,"
train,uY,Check sum is .
train,=2,Check sum is O
train,6x,Check sum is N
train,Ra,Check sum is S
train,"""F",Check sum is H
train,WX,Check sum is O
train,mm,Check sum is :
train,w\,Check sum is 3
train,2	,Check sum is [
train,dI,Check sum is M
train,sx,Check sum is K
train,",s",Check sum is ?
train,j\,Check sum is &
train,GW,Check sum is >
train,--,Check sum is :
train,Vy,Check sum is /
train,jd,Check sum is .
train,fa,Check sum is '
train,gV,Check sum is ]
train,e`,Check sum is %
train,:p,Check sum is J
train,EJ,Check sum is /
train,W],Check sum is T
train,\>^,Check sum is X
train,7}/,Check sum is C
train,`};,Check sum is 8
train,]9],Check sum is S
train,)1},Check sum is 7
train,NQJ,Check sum is I
train,r?n,Check sum is ?
train, ^p,Check sum is N
train,G8^,Check sum is =
train,KM5,Check sum is -
train,2u5,Check sum is <
train,+>A,Check sum is J
train,Yj4,Check sum is W
train,",=	",Check sum is R
train,Zwy,Check sum is *
train,={5,Check sum is M
train,brW,Check sum is K
train,p1>,Check sum is ?
train,iW3,Check sum is S
train,$O!,Check sum is 4
train,Ld{,Check sum is K
train,vdx,Check sum is 2
train,]@a,Check sum is ^
train,w-%,Check sum is )
train,"D,Z",Check sum is *
train,K?t,Check sum is ^
train,=fL,Check sum is O
train,4N1,Check sum is S
train,LL^,Check sum is V
train,w&>,Check sum is ;
train,lu=,Check sum is >
train,u0/,Check sum is 4
train,E|F,Check sum is '
train,'Iw,Check sum is G
train, ]m,Check sum is J
train,-QP,Check sum is .
train,gg\,Check sum is J
train,xC6,Check sum is Q
train,#pI,Check sum is <
train,opF,Check sum is E
train,=h#,Check sum is (
train,\eo,Check sum is P
train,"@6""",Check sum is 8
train,`#d,Check sum is G
train,_7#,Check sum is Y
train,kzA,Check sum is F
train,%Zf,Check sum is E
train,",u!","Check sum is """
train,2Qv,Check sum is Y
train,'P>,Check sum is U
train,"W@2mt0""h9IuoW",Check sum is A
train,"^	)A*
xx!uA:k",Check sum is Q
train,Ctay4f_\pzN?ufQlB0@.\6&pl,Check sum is I
train,zH6v.,Check sum is <
train,XqV1KBG`7x{0-DPM`f3Y0Q|j,Check sum is E
train,"NRWI#7DZp5]kr-Kk<|zLQG^Bs0[ijfFpWk'""",Check sum is H
train, #^CNH|SM7<a1iu`:=Vq,Check sum is 7
train,"bL#bwo
 }^'4*O^Lew",Check sum is X
train,"`i:t/obr1e#o`td(U'I3Wq>$5{`##I#4dte
m-+$dIT':vX$y\",Check sum is B
train,"L
%#.","Check sum is ,"
train,$':abS>gAJ,Check sum is +
train,Z66Cr90-kYl(,Check sum is I
train,"fA5	&(j:h6u
XB( ,k 7iI9\D5+g}	D?$",Check sum is #
train,}6*T~lU_t_[ZYxp+`1@^&ITg{CL/W-z%YA(>mAiXJSs&1],Check sum is K
train,o{L%N	*T\_:,Check sum is E
train,v/;)I2.cc,Check sum is X
train,"Lr""7Zw.2GQX9*	{j D2V;!R
k.%w4SG[ygy@poatgER}",Check sum is 3
train,"cm6bGgCR}IF_sRa@7Y<IUiGA<N,c9tp
I
5O7/;^K",Check sum is X
train,-Klj%ew+bn*80]jetf,Check sum is B
train,"h=PJK1@b
L(UzWJ-IJrA
V2dn47?^SsFra0RUd",Check sum is $
train,"O""UMMnBG&RmnwaXt\JfDCgD-4FoH|w=#5k't8+~s2",Check sum is ^
train,sP_6,Check sum is 8
train,L5!l(aq,Check sum is (
train,"P4y^k[m!9x%	!""JXbO0&1?~i]NsI<3xwg+xe)f(",Check sum is \
train,"a""3peWC6#x!Yn}>T]]g,d",Check sum is >
train,>sE<D>cNc#}JVy->R+zVDc9empzl<,Check sum is ]
train,f I*}Ty,Check sum is #
train,"LwM-
`?k!IvyfW91S\9fcxcz+Miq)8f+?!",Check sum is [
train,"w\,&q+",Check sum is !
train,Ijb`5\G,Check sum is -
train,"ZC"">4(}{|J'.@SR1sc+RVJI][YdE 7I#""yEG@S0NQm\(PR5_.d",Check sum is ]
train,:-OsBawvS/S;q';p0zDV)pNat83n,Check sum is E
train,",czv@?/hlw.q8j	b<+>o|%HN>+F]QX*	PK{u2=""'*yJ@<",Check sum is #
train,CN_z{a |HLr]c -i,Check sum is >
train,"P#Fu;c[Xr2	

uH:em70k
=_-O%+.}a=4~%/z",Check sum is 6
train,~1*1`ENg&:L~,Check sum is .
train,"beu}7nB-^x((u^Xl7g""L>J<b:HH]^YYM6B",Check sum is X
train,"\2AC[Tu+e$E[;8Psh6O1TrmHEhqo$h3M*1wo,F*=eZm2>",Check sum is H
train,"T>UEMVP;ve!U82Cp,Q0(gn!?yAbl",Check sum is :
train,[+1vhe,Check sum is Z
train,I%zr@m4m&vH1nha}kqZy:>ppY$,Check sum is U
train,"|VTQ"";>ns>|P;zlo9	MA@
~]e,K(b",Check sum is H
train,"6?\\L*::
btG3b,
ce(E{2;
Ji+;q|k]\_oX=",Check sum is ]
train,]g:Y,Check sum is 7
train,A4^oTf,Check sum is \
train,"RosJ0{oGO~,K/VGUbI-Wf-GoIQ<x=c`6|L16rh",Check sum is )
train,"m^`Cx""",Check sum is (
train,"""k<=.B~~)t3E //M$Jx?,jV!4J8(81_M",Check sum is W
train,"Pcv'o]Y??zc1 '8K_?4;aM`gn<zXw%,O_.$7A]^bLxS+:3G>'",Check sum is !
train,F!Ymul0%szD j;`9UTs(=g:,Check sum is 4
train,"K7q w_0,	2PjpdpU|CF,1,gm$	>y_;M/Y_+)Er'Q<gYL~?",Check sum is O
train,"h[8
(D4z&l{J,B(6m*,n>	G4c%=M{kBz	$7",Check sum is -
train,"ij~$Bt,QU*p}a]Q4,[K$,{\s4,	vPPx sF>|Y?D'5W7gab,[Y",Check sum is =
train,"4oe
@mK)I",Check sum is \
train,i :i[@R8H@8Q<]H1	eoQaxL~_P^<,Check sum is .
train,"BJ$v#|;($-!Pc?^(oV@}|zxH5jd!*:Y,}Y3DQy",Check sum is N
train,B7Bt+{Xc8BsSXghImL>),Check sum is @
train,"^BWfzW]HFq!]knnpp:grfBGD
JqoaNb)WT0X_",Check sum is U
train,R3K}]R<b~]NV(x[^o.4}%{,Check sum is @
train,cl_NMB=mKPUO'~6y^Z}-n.MXoz-:{bd.%,Check sum is /
train,"y0B-V[^=2ez*
rLPKeu",Check sum is <
train,G.I3F*EjaDOpH,Check sum is \
train,%J<;;;=_?2FFgf,"Check sum is """
train,"KQ%>e3vR,j	'}uVMDqda.6jirhe8*^1<,o",Check sum is R
train,"P?=kc8?&7iKVcFU_zOeZXiC`|DvC/J=dxM-%DyWc`v}
Ti%otR",Check sum is 6
train,z2-2ls<rz$o/R[m<tTt7:W|5RK05Mt)x2I,Check sum is ^
train,4>SG5BLpl:LUcL#LZklr.$?Np,Check sum is 6
train,"iic8Jc+#cN{)b\~rhQ{Zo
wag",Check sum is Q
train,"$_Zv.%Y""^N>CD>G@jcY}>	>;",Check sum is Z
train,jQn^G&(mo(\$D#UI?y,Check sum is =
train,"dKInW(Q#0N5E96[zpRiq(o5GI_wWq'Q3""O",Check sum is '
train,"GCcyqhVh`	H%,&""{U4tTGP)WutVGgx\",Check sum is K
train,dt+fzS}QT2,Check sum is *
train,"wm$R$l+h^O,",Check sum is 6
train,"mh?=}+Z2uy~Egkn?2}""d^lX%F.",Check sum is E
train,y/KYEk0O7zLeUL$Z&D6'cG*qns,Check sum is I
train,"7P0Cs8gT,VjJfd<Rq,4:9lCOD	~l!Y?ok""({]Y4""BSb=Ao18",Check sum is 8
train,"+8	wu^x|<s""j(aa0=6^!k~j/lCfm8iDxp] qX1",Check sum is Y
train,"(3r<P*yFr\gWNKdg`fBl6^hY,V7=#",Check sum is 4
train,bAUlBwq-VWPaiW:^	Q0z 	fN5L=tINxbH}KPM~,Check sum is @
train,l&,Check sum is 2
train,?-,Check sum is L
train,I$,Check sum is M
train,"kX019
S\g
}De$pjy
",Check sum is N
train,"ax*jAFF7Q%&=X+j,\<?JJJ-B|",Check sum is #
train,yob=2g~S1F,Check sum is H
train,^)aQ*{aua.-gC%WXmH}iy9,Check sum is [
train,"a
B^P!"" O5/locHM~ipL",Check sum is G
train,W:S) cq4w+>aAREtvsdYFN\iqy:=GYM~u,"Check sum is """
test,RW,Check sum is I
test,=~,Check sum is [
test,)8,Check sum is A
test,-X,Check sum is %
test,GO,Check sum is 6
test,~{,Check sum is Y
test,&j,Check sum is 0
test,",}",Check sum is I
test,j=,Check sum is G
test,=1,Check sum is N
test,]s,Check sum is 0
test,7z,Check sum is Q
test,Qq,"Check sum is """
test,*D,Check sum is N
test,3@,Check sum is S
test,pp,Check sum is @
test,5d,Check sum is 9
test,[A,Check sum is <
test,Pb,Check sum is R
test,28,Check sum is J
test,'1,Check sum is 8
test,#3,Check sum is 6
test,E6,Check sum is [
test,-*,Check sum is 7
test,Vg,Check sum is ]
test,:k,Check sum is E
test,4	,Check sum is ]
test,ge,"Check sum is ,"
test,",m",Check sum is 9
test,'1,Check sum is 8
test,",/",Check sum is ;
test,Uw,"Check sum is ,"
test,O~,Check sum is -
test,q-,Check sum is >
test,JS,Check sum is =
test,:K,Check sum is %
test,vi,Check sum is ?
test,lW,Check sum is #
test,1/,Check sum is @
test,H3,Check sum is [
test,G_,Check sum is F
test,+?,Check sum is J
test,do,Check sum is 3
test,FP,Check sum is 6
test,KP,Check sum is ;
test,e[,Check sum is  
test,s7,Check sum is J
test,:u,Check sum is O
test,l5,Check sum is A
test,N`,Check sum is N
test,5e,Check sum is :
test,1#,Check sum is 4
test,K1,Check sum is \
test,\G,Check sum is C
test,*_,Check sum is )
test,:9,Check sum is S
test,~u,Check sum is S
test,JL,Check sum is 6
test,0m,Check sum is =
test,8?,Check sum is W
test,4M,Check sum is !
test,.w,Check sum is E
test,N	,Check sum is 7
test,Z[,Check sum is U
test,wh,Check sum is ?
test,zM,Check sum is '
test,Qz,Check sum is +
test,6i,Check sum is ?
test,!A,Check sum is B
test,fv,Check sum is <
test,sf,Check sum is 9
test,)y,Check sum is B
test,kh,Check sum is 3
test,Kw,"Check sum is """
test,&/,Check sum is 5
test,"
	",Check sum is 3
test,0\,"Check sum is ,"
test,1&,Check sum is 7
test,-s,Check sum is @
test,P],Check sum is M
test,}G,Check sum is $
test,d7,Check sum is ;
test,Ha,Check sum is I
test,YK,Check sum is D
test,0X,Check sum is (
test,1i,Check sum is :
test,_b,Check sum is !
test,"
C",Check sum is -
test,)v,Check sum is ?
test,e~,Check sum is C
test,uG,Check sum is \
test,"""[",Check sum is ]
test, ^,Check sum is ^
test,O?,Check sum is .
test,U	,Check sum is >
test,(9,Check sum is A
test,"'
",Check sum is Q
test,|y,Check sum is U
test,D1,Check sum is U
test,et,Check sum is 9
test,H$,Check sum is L
test,^P,Check sum is N
test,CO,Check sum is 2
test,0J,Check sum is Z
test,z9,Check sum is S
test,x.,Check sum is F
test,I_,Check sum is H
test,qH,Check sum is Y
test,gH,Check sum is O
test,Ls,Check sum is _
test,gg,Check sum is .
test,F!,Check sum is G
test,i&,Check sum is /
test,%c,Check sum is (
test,?7,Check sum is V
test,VV,Check sum is L
test,Vp,Check sum is &
test,6j,Check sum is @
test,iX,Check sum is !
test,e4,Check sum is 9
test,C@,Check sum is #
test,S2,Check sum is %
test,[{,Check sum is 6
test,z*,Check sum is D
test,m[,Check sum is (
test,KA,"Check sum is ,"
test,XO,Check sum is G
test,/V,Check sum is %
test,@;,Check sum is [
test,]?,Check sum is <
test,Py,Check sum is )
test,be,Check sum is '
test,:M,Check sum is '
test,Ym,Check sum is &
test,-X,Check sum is %
test,"),",Check sum is 5
test,_),Check sum is (
test,0<,Check sum is L
test,/m,Check sum is <
test,JQ,Check sum is ;
test,82,Check sum is J
test,>-,Check sum is K
test,wG,Check sum is ^
test,KR,Check sum is =
test,	B,Check sum is +
test,/e,Check sum is 4
test,uF,Check sum is [
test,aC,Check sum is D
test,Y(,Check sum is !
test,PG,Check sum is 7
test,7Z,Check sum is 1
test,+z,Check sum is E
test,J<,Check sum is &
test,5r,Check sum is G
test,Kj,Check sum is U
test,^9,Check sum is 7
test, *,Check sum is *
test,/?,Check sum is N
test,X/,Check sum is '
test,Zn,Check sum is (
test,6_,Check sum is 5
test,Fu,Check sum is [
test,kJ,Check sum is U
test,([,Check sum is #
test,x3,Check sum is K
test,F1,Check sum is W
test,"""""",Check sum is $
test,Mh,Check sum is U
test,>2,Check sum is P
test,ZW,Check sum is Q
test,#4,Check sum is 7
test,O|,Check sum is +
test,t$,Check sum is 8
test,uw,Check sum is L
test,FG,Check sum is -
test,8e,Check sum is =
test,Gv,Check sum is ]
test,Ht,Check sum is \
test,qN,Check sum is _
test,4H,Check sum is \
test,@w,Check sum is W
test,%V,Check sum is [
test,'q,Check sum is 8
test,.C,Check sum is Q
test,O(,Check sum is W
test,N.,Check sum is \
test,Xx,Check sum is 0
test,f~,Check sum is D
test,>3,Check sum is Q
test,[H,Check sum is C
test,&p,Check sum is 6
test,lx,Check sum is D
test,eO,Check sum is T
test,jz,Check sum is D
test,];,Check sum is 8
test,0Z,Check sum is *
test,VL,Check sum is B
test,kC,Check sum is N
test,Fw,Check sum is ]
test,]k,Check sum is (
test,;o,Check sum is J
test,IB,Check sum is +
test,$.,Check sum is 2
test,ug,Check sum is <
test,[-,Check sum is (
test,"N,",Check sum is Z
test,&I,Check sum is O
test,/9,Check sum is H
test,z5,Check sum is O
test,t$,Check sum is 8
test,bT,Check sum is V
test,=2,Check sum is O
test,{g,Check sum is B
test,OA,Check sum is 0
test,WF,Check sum is =
test,S:,Check sum is -
test,2_,Check sum is 1
test,c|,Check sum is ?
test,{w,Check sum is R
test,(;,Check sum is C
test,KO,Check sum is :
test, Z,Check sum is Z
test,Ko,Check sum is Z
test,g*,Check sum is 1
test,m|,Check sum is I
test,}(,Check sum is E
test,a+,"Check sum is ,"
test,Mo,Check sum is \
test,{7,Check sum is R
test,M`,Check sum is M
test,(',Check sum is /
test,"
f",Check sum is P
test,pk,Check sum is ;
test,0+,Check sum is ;
test,n|,Check sum is J
test,"U
",Check sum is ?
test,SN,Check sum is A
test,<f,Check sum is B
test,M>,Check sum is +
test, $,Check sum is $
test,Z^,Check sum is X
test,<^,Check sum is :
test,Q&,Check sum is W
test,#O,Check sum is R
test,D8,Check sum is \
test,$^,"Check sum is """
test,YS,Check sum is L
test,vM,Check sum is #
test,=\,Check sum is 9
test,3],Check sum is 0
test,lk,Check sum is 7
test,!8,Check sum is 9
test,AP,Check sum is 1
test,t ,Check sum is 4
test,Sj,Check sum is ]
test,Vf,Check sum is \
test,%0,Check sum is 5
test,!g,Check sum is (
test,jv,Check sum is @
test,+K,Check sum is V
test,sL,Check sum is _
test,Gn,Check sum is U
test,L5,Check sum is !
test,5h,Check sum is =
test,U<,Check sum is 1
test,$U,Check sum is Y
test,P-,Check sum is ]
test,KC,Check sum is .
test,ES,Check sum is 8
test,6U,Check sum is +
test,iV,Check sum is _
test,*k,Check sum is 5
test,m_,"Check sum is ,"
test,OZ,Check sum is I
test,U@,Check sum is 5
test,Cg,Check sum is J
test,g7,Check sum is >
test,*P,Check sum is Z
test,%L,Check sum is Q
test,"R
",Check sum is <
test,.b,Check sum is 0
test,; ,Check sum is ;
test,",F",Check sum is R
test,@z,Check sum is Z
test,r#,Check sum is 5
test,ix,Check sum is A
test,7~,Check sum is U
test,&],Check sum is #
test,;^,Check sum is 9
test,#k,Check sum is .
test,-k,Check sum is 8
test,wr,Check sum is I
test,y],Check sum is 6
test,u<,Check sum is Q
test, M,Check sum is M
test,dc,Check sum is '
test,6V,"Check sum is ,"
test,Hr,Check sum is Z
test,+N,Check sum is Y
test,Ft,Check sum is Z
test,0v,Check sum is F
test,Hd,Check sum is L
test,=],Check sum is :
test,h8,Check sum is @
test,"m,",Check sum is 9
test,*a,Check sum is +
test,p&,Check sum is 6
test,Zg,Check sum is !
test,_9,Check sum is 8
test,Z.,Check sum is (
test,g{,Check sum is B
test,TT,Check sum is H
test,)A,Check sum is J
test,^l,Check sum is *
test,"1
",Check sum is [
test,&|,Check sum is B
test,5V,Check sum is +
test,~),Check sum is G
test,CN,Check sum is 1
test,TO,Check sum is C
test,|m,Check sum is I
test,yi,Check sum is B
test,A],Check sum is >
test,VQ,Check sum is G
test,Sd,Check sum is W
test,TV,Check sum is J
test,K#,Check sum is N
test,`c,Check sum is #
test,<~,Check sum is Z
test,z4,Check sum is N
test,T8,"Check sum is ,"
test,Gz,Check sum is !
test,4C,Check sum is W
test,O>,Check sum is -
test,"8,",Check sum is D
test,dS,Check sum is W
test,E&,Check sum is K
test,i#,"Check sum is ,"
test,w6,Check sum is M
test,+],Check sum is (
test,_/,Check sum is .
test,}q,Check sum is N
test,2a,Check sum is 3
test,"=""",Check sum is ?
test,A|,Check sum is ]
test,P{,Check sum is +
test,-m,Check sum is :
test,vq,Check sum is G
test,/H,Check sum is W
test,=p,Check sum is M
test,@4,Check sum is T
test,H>,Check sum is &
test,sc,Check sum is 6
test,m',Check sum is 4
test, x,Check sum is 8
test,Jk,Check sum is U
test,]K,Check sum is H
test,M~,Check sum is +
test,^s,Check sum is 1
test,Ts,Check sum is '
test, ?,Check sum is ?
test,WI,Check sum is @
test,GT,Check sum is ;
test,36,Check sum is I
test,zY,Check sum is 3
test,/e,Check sum is 4
test,1G,Check sum is X
test,P2,"Check sum is """
test,!n,Check sum is /
test,~Y,Check sum is 7
test,O^,Check sum is M
test,E@,Check sum is %
test,NH,Check sum is 6
test,KT,Check sum is ?
test,-o,Check sum is <
test,X=,Check sum is 5
test,RG,Check sum is 9
test,!(,Check sum is )
test,i',Check sum is 0
test,Ux,Check sum is -
test,JF,Check sum is 0
test,%T,Check sum is Y
test,^},Check sum is ;
test,!k,"Check sum is ,"
test,c[,Check sum is ^
test,v ,Check sum is 6
test,zq,Check sum is K
test,0O,Check sum is _
test,Ez,Check sum is _
test,Di,Check sum is M
test,eE,Check sum is J
test,|4,Check sum is P
test,Z',Check sum is !
test,-D,Check sum is Q
test,",*",Check sum is 6
test,N#,Check sum is Q
test,\&,"Check sum is """
test,h;,Check sum is C
test,YR,Check sum is K
test,X],Check sum is U
test,rj,Check sum is <
test, ],Check sum is ]
test,eI,Check sum is N
test,?.,Check sum is M
test,r`,Check sum is 2
test,#E,Check sum is H
test,+o,Check sum is :
test,^),Check sum is '
test,]z,Check sum is 7
test,"F,",Check sum is R
test,d^,"Check sum is """
test,]w,Check sum is 4
test,*o,Check sum is 9
test,5q,Check sum is F
test,|S,Check sum is /
test,t\,Check sum is 0
test,}',Check sum is D
test, U,Check sum is U
test,H^,Check sum is F
test,@k,Check sum is K
test,w4,Check sum is K
test,\M,Check sum is I
test,Y&,Check sum is _
test,YD,Check sum is =
test,i6,Check sum is ?
test,{:,Check sum is U
test,/r,Check sum is A
test,3j,Check sum is =
test,{2,Check sum is M
test,Fy,Check sum is _
test,_D,Check sum is C
test,0p,Check sum is @
test,.9,Check sum is G
test,C',Check sum is J
test,5;,Check sum is P
test,Qp,Check sum is !
test,)D,Check sum is M
test,xH,Check sum is  
test,S\,Check sum is O
test,"E""",Check sum is G
test,0j,Check sum is :
test,$i,Check sum is -
test,fT,Check sum is Z
test,yv,Check sum is O
test,0l,Check sum is <
test,c/,Check sum is 2
test,nN,Check sum is \
test,"M,",Check sum is Y
test,kI,Check sum is T
test,Mx,Check sum is %
test,~F,Check sum is $
test,n|,Check sum is J
test,rP,"Check sum is """
test,w%,Check sum is <
test,NL,Check sum is :
test,{U,Check sum is 0
test,)1,Check sum is :
test,eR,Check sum is W
test,bT,Check sum is V
test,ib,Check sum is +
test,;7,Check sum is R
test,C<,Check sum is _
test,:%,Check sum is ?
test,u!,Check sum is 6
test,AD,Check sum is %
test,[2,Check sum is -
test,S=,Check sum is 0
test,bz,Check sum is <
test,6$,Check sum is :
test,"8""",Check sum is :
test,y',Check sum is @
test,nQ,Check sum is _
test,<T,Check sum is 0
test,xe,Check sum is =
test,N~,"Check sum is ,"
test,rZ,"Check sum is ,"
test,Kc,Check sum is N
test,QN,Check sum is ?
test,l.,Check sum is :
test,<$,Check sum is @
test,84,Check sum is L
test,pz,Check sum is J
test,l7,Check sum is C
test,i	,Check sum is R
test,87,Check sum is O
test,M#,Check sum is P
test,m4,Check sum is A
test,mP,Check sum is ]
test,E?,Check sum is $
test,"u
",Check sum is _
test,3:,Check sum is M
test,@e,Check sum is E
test,"
H",Check sum is 2
test,Qw,Check sum is (
test,r%,Check sum is 7
test,MY,Check sum is F
test,P@,Check sum is 0
test,=I,Check sum is &
test,l6,Check sum is B
test,Yq,Check sum is *
test,~.d,Check sum is 0
test, 'O,Check sum is 6
test,",w9",Check sum is <
test,cC{,Check sum is A
test,>zz,Check sum is R
test,"b@""",Check sum is $
test,KZu,Check sum is :
test,Is/,Check sum is K
test,}fZ,Check sum is ]
test,v 5,Check sum is +
test,9kI,Check sum is M
test,u5j,Check sum is 4
test,R@_,Check sum is Q
test,tYx,Check sum is %
test,kip,Check sum is $
test, dr,Check sum is V
test,}/6,Check sum is B
test,AjL,Check sum is W
test,Ty~,Check sum is +
test,"eM,",Check sum is >
test,'5h,Check sum is $
test,NKJ,Check sum is C
test,O=x,Check sum is $
test,*Vz,Check sum is Z
test,!T0,Check sum is E
test,"rd,","Check sum is """
test,/|\,Check sum is '
test,\oP,Check sum is ;
test,=sF,Check sum is V
test,RZK,Check sum is W
test,s:/,Check sum is <
test,wc7,Check sum is 1
test,LYy,Check sum is >
test,B4X,Check sum is .
test,Wk.,Check sum is P
test,[#P,Check sum is .
test,\5w,Check sum is (
test,|cQ,Check sum is P
test,CIG,Check sum is 3
test,"zx
",Check sum is \
test,RUJ,Check sum is Q
test,3:w,Check sum is D
test,ez/,Check sum is .
test,n	Q,Check sum is (
test,_[M,Check sum is '
test,xTX,Check sum is D
test,Fn*,Check sum is >
test,>&`,Check sum is $
test,liR,Check sum is G
test,ds!,Check sum is X
test,Y	+,Check sum is -
test,3A>,Check sum is R
test,xH&,Check sum is F
test,[Gi,Check sum is +
test,rY?,Check sum is *
test,ItV,Check sum is 3
test,@*e,Check sum is /
test,u5N,Check sum is X
test,i3M,Check sum is I
test,q#F,Check sum is :
test,{5],Check sum is -
test,y&M,Check sum is L
test,&:5,Check sum is 5
test,?Q9,Check sum is )
test,",>l",Check sum is 6
test,U|x,Check sum is )
test,iO1,Check sum is I
test,b%H,Check sum is /
test,fs.,Check sum is '
test,o@h,Check sum is 7
test,'8&,Check sum is %
test,z{5,Check sum is J
test,B3e,Check sum is :
test,dHs,Check sum is ?
test,\6V,Check sum is H
test,%t4,Check sum is -
test,?de,Check sum is (
test,BQ4,Check sum is '
test,AUk,Check sum is !
test,",Nq",Check sum is K
test,](9,Check sum is ^
test, (n,Check sum is V
test,H8B,"Check sum is """
test,7XP,Check sum is ?
test,"""gn",Check sum is W
test,fnA,Check sum is 5
test,SJ-,Check sum is *
test,"""iV",Check sum is A
test,{ ?,Check sum is :
test,`cE,Check sum is (
test,@+&,Check sum is 1
test,fED,Check sum is O
test,8q.,Check sum is 7
test,H]F,Check sum is K
test,El!,Check sum is 2
test,"
5f",Check sum is E
test,Rr{,Check sum is _
test,l2],Check sum is [
test,J*{,Check sum is O
test,XPu,Check sum is =
test,~o:,Check sum is G
test,z=W,Check sum is .
test,r)T,Check sum is O
test,",Zn",Check sum is T
test,Nlg,Check sum is A
test,_vz,Check sum is /
test,IWU,Check sum is U
test,{f#,Check sum is $
test,#3Z,Check sum is P
test,~0o,Check sum is =
test,u1I,Check sum is O
test,(`O,Check sum is 7
test,"[U,",Check sum is <
test,q}U,Check sum is #
test,Jg\,Check sum is -
test,C#|,Check sum is B
test,=T$,Check sum is U
test,ZP`,Check sum is *
test,xcw,Check sum is 2
test,m*7,Check sum is .
test,wM!,Check sum is E
test,hVW,Check sum is 5
test,5VP,Check sum is ;
test,49N,Check sum is [
test,G({,Check sum is J
test,WQ',Check sum is /
test,B<a,Check sum is ?
test,;/_,Check sum is )
test,THT,Check sum is P
test,r(I,Check sum is C
test,&g2,Check sum is _
test,5'I,Check sum is E
test,YZF,Check sum is Y
test,mP:,Check sum is W
test,*	H,Check sum is [
test,9B@,Check sum is [
test,w!i,Check sum is !
test,ptc,Check sum is '
test,qdL,Check sum is A
test,<	],Check sum is B
test,"G,5",Check sum is H
test,yp@,Check sum is I
test,!ho,Check sum is X
test,Xsq,Check sum is \
test,Z^r,Check sum is J
test,	]E,Check sum is K
test,V^<,Check sum is P
test,yS7,Check sum is #
test,",J^",Check sum is 4
test,s83,Check sum is >
test,]D;,Check sum is <
test,9!S,Check sum is M
test,<' ,Check sum is #
test,9GG,Check sum is '
test,j%=,"Check sum is ,"
test,`C>,Check sum is A
test,4we,Check sum is 0
test,",wo",Check sum is 2
test,!fa,Check sum is H
test,`zL,Check sum is F
test,B2W,Check sum is +
test,[8U,Check sum is H
test,ze3,Check sum is 2
test,&hJ,Check sum is 8
test,C%-,Check sum is 5
test,hJ0,Check sum is B
test,Jh ,Check sum is 2
test,Fjl,Check sum is <
test,mI/,Check sum is E
test,"=e""",Check sum is $
test,m*%,Check sum is \
test,S>7,Check sum is (
test,{;o,Check sum is E
test,j);,Check sum is .
test,ZI7,Check sum is :
test,"
F""",Check sum is R
test,F)U,Check sum is $
test,wP6,Check sum is ]
test,cSo,Check sum is E
test,uf',"Check sum is """
test,C1|,Check sum is P
test,A9u,Check sum is O
test,EQ],Check sum is S
test,if~,Check sum is -
test, u;,Check sum is 0
test,435,Check sum is <
test,[0J,Check sum is 5
test,0r8,Check sum is :
test,h%<,Check sum is )
test,={o,Check sum is G
test,#Q8,Check sum is L
test,!Ba,Check sum is $
test,"@
}",Check sum is '
test,"	V""",Check sum is !
test,42k,Check sum is 1
test,9kt,Check sum is 8
test,"
4B",Check sum is  
test,5k	,Check sum is I
test,	@^,Check sum is G
test,|5m,Check sum is >
test,)/0,Check sum is (
test,ylE,Check sum is J
test,Ok`,Check sum is :
test,/;?,Check sum is I
test,)aa,Check sum is K
test,Iop,Check sum is H
test,F+ ,Check sum is 1
test,3iK,Check sum is G
test,"""$1",Check sum is W
test,?lp,Check sum is ;
test,-;z,Check sum is B
test,5L(,Check sum is I
test,ikc,Check sum is W
test,Y(*,Check sum is K
test,9gd,Check sum is $
test,` x,Check sum is X
test,RSn,Check sum is 3
test,Q96,Check sum is  
test,]lh,Check sum is Q
test,hHN,Check sum is ^
test,hh;,Check sum is +
test,NLq,Check sum is +
test,-!y,Check sum is '
test,"""!`",Check sum is C
test,U'(,Check sum is D
test,(-|,Check sum is 1
test,HOk,"Check sum is """
test,-qt,Check sum is 2
test,JH.,Check sum is  
test,eLX,Check sum is )
test,"
o|",Check sum is U
test,t.R,Check sum is T
test,a0J,Check sum is ;
test,L:*,Check sum is P
test,b d,Check sum is F
test,"""U`",Check sum is 7
test,(9=,Check sum is >
test,?D],Check sum is @
test,11O,Check sum is Q
test,mNm,Check sum is H
test,s/C,Check sum is E
test,f^@,Check sum is $
test,CQD,Check sum is 8
test,VQ`,Check sum is '
test,~$],Check sum is _
test,SEK,Check sum is C
test, M=,Check sum is J
test,t(7,Check sum is 3
test,XX<,Check sum is L
test,u&I,Check sum is D
test,'#3,Check sum is ]
test, 1y,Check sum is *
test,`!s,Check sum is T
test,#TD,Check sum is [
test,+/t,Check sum is .
test,6pM,Check sum is S
test,"`
k",Check sum is 5
test,g5z,Check sum is 6
test,4o@,Check sum is C
test,_8N,Check sum is E
test,i13,Check sum is -
test,4P#,Check sum is G
test,"1""i",Check sum is \
test,{)q,Check sum is 5
test,cOa,Check sum is 3
test,-L?,Check sum is X
test,"d,t",Check sum is $
test,6vf,Check sum is 2
test,KG~,Check sum is 0
test,ng3,Check sum is (
test,|d),Check sum is )
test,>nX,Check sum is $
test,+_;,Check sum is %
test,"2'
",Check sum is C
test,fd(,Check sum is R
test,Vdo,Check sum is I
test,kwG,Check sum is I
test,iMA,Check sum is W
test,4R(,Check sum is N
test,\@e,Check sum is !
test,>MJ,Check sum is 5
test,cUn,Check sum is F
test,Y+P,Check sum is 4
test,=tx,Check sum is I
test,mB$,Check sum is 3
test,;2r,Check sum is ?
test,roV,Check sum is W
test,APT,Check sum is E
test,S~V,Check sum is G
test,SlL,Check sum is +
test,"i
C",Check sum is V
test,Ko{,Check sum is U
test,RQp,Check sum is 3
test,|SY,Check sum is H
test,?tn,Check sum is A
test,|^K,Check sum is E
test,j8Z,Check sum is \
test,m7#,Check sum is '
test,E*l,Check sum is ;
test,N[O,Check sum is X
test,K	W,Check sum is K
test,`'U,Check sum is <
test,]<;,Check sum is 4
test,x;c,Check sum is 6
test,mT#,Check sum is D
test,n/^,Check sum is [
test,a1N,Check sum is @
test,Ao#,Check sum is 3
test,",	X",Check sum is -
test,hy|,Check sum is =
test,'\Y,Check sum is <
test,87j,Check sum is 9
test,"
jZ",Check sum is .
test,mZw,Check sum is ^
test,ced,Check sum is L
test,ea8,Check sum is ^
test,&Mn,Check sum is A
test,JG7,Check sum is (
test,?m5,Check sum is A
test,j-<,Check sum is 3
test,J&e,Check sum is 5
test,xaQ,Check sum is J
test,Q*{,Check sum is V
test,#~o,Check sum is 0
test,eHU,"Check sum is """
test,0@r,Check sum is B
test, c-,Check sum is P
test,W'.,Check sum is L
test,WBt,Check sum is -
test,noL,Check sum is I
test,).K,Check sum is B
test,Ro+,Check sum is L
test,OBP,Check sum is A
test,7E-,Check sum is I
test,"f!
",Check sum is 1
test,]'M,Check sum is 1
test,YdF,Check sum is #
test,Z]G,Check sum is ^
test,>)U,Check sum is \
test,L	/,Check sum is $
test,F3h,Check sum is A
test,aD<,Check sum is A
test,%Pp,Check sum is E
test,`@S,Check sum is S
test,L&z,Check sum is L
test,"*,z",Check sum is 0
test,#E ,Check sum is (
test,"""Rq",Check sum is E
test,"6C""",Check sum is ;
test,M-\,Check sum is 6
test,SZH,Check sum is U
test,%*n,Check sum is ]
test,x>C,Check sum is Y
test,~/6,Check sum is C
test,9}K,Check sum is !
test,}-w,Check sum is A
test,q46,Check sum is ;
test,}<(,Check sum is A
test,;?q,Check sum is K
test,l^3,Check sum is ]
test,3^N,Check sum is ?
test,38D,Check sum is O
test,"d,O",Check sum is ?
test,Qj3,Check sum is N
test,[lP,Check sum is 7
test,Tb4,Check sum is J
test,hrH,Check sum is B
test,$rj,Check sum is  
test,^#1,Check sum is R
test,&w*,Check sum is '
test,aT(,Check sum is =
test,9X{,"Check sum is ,"
test,ZO|,Check sum is E
test,RgU,Check sum is .
test,M?`,Check sum is L
test,~22,Check sum is B
test,U>',Check sum is Z
test,k!y,Check sum is %
test,|3q,Check sum is @
test,r~i,Check sum is 9
test,%)4,"Check sum is """
test,xY=,Check sum is .
test,}jO,Check sum is V
test,>Ov,Check sum is #
test,rP#,Check sum is E
test,}mQ,Check sum is [
test,XAQ,Check sum is J
test,N6*,Check sum is N
test,ZV_,Check sum is /
test,xZZ,Check sum is L
test,M)i,Check sum is ?
test,Q8v,Check sum is _
test,"c
h",Check sum is 5
test,#<>,Check sum is =
test,rIL,Check sum is '
test,9-#,Check sum is )
test,o@O,Check sum is ^
test,>2K,Check sum is [
test,"1e,","Check sum is """
test,!R5,Check sum is H
test,~S`,Check sum is Q
test,Ccr,Check sum is 8
test,76W,Check sum is $
test,Gm8,Check sum is L
test, ME,Check sum is R
test,J0b,Check sum is <
test,"[q,",Check sum is X
test,"
e9",Check sum is H
test,	KM,Check sum is A
test,Uy3,Check sum is !
test,A8F,Check sum is _
test,"
o\",Check sum is 5
test,:x.,Check sum is @
test,weQ,Check sum is M
test,E$!,Check sum is *
test,5bw,Check sum is .
test,[\R,Check sum is )
test,~o<,Check sum is I
test,rAA,Check sum is T
test,(V+,Check sum is I
test,k.1,Check sum is *
test,t9p,Check sum is =
test,K{*,Check sum is P
test,LA\,Check sum is I
test,>ZA,Check sum is 9
test,v@=,Check sum is S
test,;w+,Check sum is =
test,J\ ,Check sum is &
test,.\I,Check sum is 3
test,1C{,Check sum is O
test,""">	",Check sum is I
test,l88,Check sum is <
test,61#,Check sum is *
test,5oo,Check sum is 3
test,6Z(,Check sum is X
test,H.*,Check sum is @
test,"""13",Check sum is &
test,\{),Check sum is  
test,3z_,"Check sum is ,"
test,lHl,Check sum is @
test,B6>,Check sum is V
test,ws&,Check sum is 0
test,5w3,Check sum is ?
test,BM%,Check sum is T
test,q3A,Check sum is E
test,wL|,Check sum is _
test,O$A,Check sum is T
test,H5m,Check sum is J
test,CA_,Check sum is C
test,v #,Check sum is Y
test,AI=,Check sum is '
test,E{U,Check sum is 5
test,\{k,"Check sum is """
test,%i+,Check sum is Y
test,8kt,Check sum is 7
test,q7	,Check sum is Q
test,=T#,Check sum is T
test,Q[_,Check sum is +
test,GW1,Check sum is /
test,3|R,Check sum is !
test,C>m,Check sum is N
test,dkm,Check sum is \
test,+h[,Check sum is N
test,Wf),Check sum is F
test,!ZV,Check sum is 1
test,zZI,Check sum is =
test,/No,Check sum is L
test,K.-,Check sum is F
test,<3S,"Check sum is """
test,a8l,Check sum is %
test,b~	,Check sum is I
test,Hc1,Check sum is <
test,}}X,Check sum is 2
test, w_,Check sum is V
test,TJ6,Check sum is 4
test,3RC,Check sum is (
test,~rP,Check sum is  
test,2u8,Check sum is ?
test,d.3,Check sum is %
test,oWI,Check sum is /
test,%7|,Check sum is 8
test,/n ,Check sum is ]
test,z:+,Check sum is ?
test,h|>,Check sum is B
test,mM:,Check sum is T
test,#(:,Check sum is %
test,'y+,Check sum is +
test,m#y,Check sum is )
test,%o1,Check sum is %
test,?35,Check sum is G
test,?)1,Check sum is 9
test,V*+,Check sum is K
test,FjP,Check sum is  
test,"^
U",Check sum is ]
test,c.c,Check sum is T
test,})G,Check sum is M
test,1fa,Check sum is X
test,({%,Check sum is (
test,~)#,Check sum is *
test,i4A,Check sum is >
test,FSTBm*3xvkt(I4+%jj4&D.&*7f22,Check sum is L
test,"-H\;"") &z",Check sum is 7
test,@Fvw$q0R,Check sum is *
test,"Ndk>1p|UDzpog
yfx'$2GE`H4v|>",Check sum is '
test,"' 8M()_LTp1,e,XYYy4Enp^DZ'xb@B",Check sum is 3
test,"k5+""H",Check sum is U
test,Ot!(T`5!Lm]RGwqrgP&.#S-Io},"Check sum is """
test,(Pfa=ahf,Check sum is K
test,"$nYI2'^Q5btuU1DhW)>I4Bp$f""tNu.Nzm@5	ErCi)aOn;{?",Check sum is ^
test,>7G'oI0(2Z?xJObT,Check sum is %
test,"S@F3cu3:zblBxg+
Sgy
lKa*LeFY3U
4.}	'M4hS4U",Check sum is D
test,&']qJf{	ivOo+,Check sum is 7
test,"%NX,*()x_",Check sum is )
test,"\GhlY@m-UYT7~""|_
_0EP&:c3Fe}:K%$Pan""\c^qEt6'c<zP",Check sum is &
test,oG,Check sum is V
test,"*
_*&Cm?GL_{0+v(0vx9~",Check sum is -
test,"Qa,Pkt(""6l4r;C2!mWH
:cOTr5sro>;Z1#SHf9o",Check sum is 1
test,0ux&G/,Check sum is Y
test,"8Uniufr^viMi0Ol 
9KI""VJ;B!{l3hx",Check sum is @
test,WX(EepDOL[t<5,Check sum is 0
test,HIaH85j4#lGy</0AEL3S&N x,Check sum is 3
test,5QSbU.,Check sum is ^
test,M	X~U?hi;jL.m}>d((+2M6,Check sum is L
test,_L:D$@+;b^ 57kesRR]Bv*(TZ[qMw=xELF?GIeH+p_X vGJD,Check sum is 0
test,".oML<LiEbIi!+];8@""""`RI*sCpUmy<FX${;	\^
XS%^7j8v	",Check sum is M
test,/TK>[Ywp`R>~d$JIvSL-xp4<Td57V6|%gtWx@2nq=H%N'],Check sum is 2
test,Q`\ |L4(GU#RsE{0VB923 nR(uNs!.+:8ipATF*I}e,Check sum is N
test,W7,Check sum is .
test,.6(,"Check sum is ,"
test,y#,Check sum is <
test,J!0Z/-^)$A%_	_MEzGdY{l)4$r56nf}3b\gy/;#DW&U_fL,Check sum is 4
test,d_5,Check sum is X
test,E(z}k}k*!,"Check sum is """
test,&So\2X&,Check sum is T
test,"5{61VwE)@94;@!j`F*z
x3vYr]N#,\P3+sc
",Check sum is I
test,l>gr&t|[.yY(;U`V?uu|B}211r,"Check sum is ,"
test,"lpoQQI$IKnhX,}vleK9rtw3RPgcWf7')=)ag\7",Check sum is 1
test,"3e
m i'b9",Check sum is :
test,u6$4}z{oXZ@`T5mV+,Check sum is M
test,ud&B{.	tk'!mpppa]CIxip|7,Check sum is E
test,"Qb,e""6D95`7",Check sum is E
test,"dDrn6s?jZ*aj|[~e1d}48KZ:7""H#ulh",Check sum is -
test,!_CkN~cp-f2vWh%~H[!&,Check sum is 4
test,"K~a]$z*?S 	gL)/Q(d*H1W$nd&,?>!oR3",Check sum is &
test,"opu@(! |*[Sm,g`ql(,Z2L~r
",Check sum is T
test,+_D~k0/f1&Jr-ZL?n'<N/JoKANr3A:A6	H,Check sum is J
test,*e<3n5.-EZ^r`p--RR%Lc/;Bf=P,Check sum is L
test,2*%lQ+CK0.,Check sum is 5
test,"%P-X[4kycT P~IE\*,?
upFp{dp_::[eVT;C9I$BHm7$(]-4Uc",Check sum is 6
test,"2RCZ7v!e1'JORS_a9k%sm@iZ&D$nz/9S
_4,ExQ&",Check sum is $
test,0Q%T7=T1#`wDqOc44<wj2,Check sum is +
test,"Oq	Vlou8D|J""Otyrv",Check sum is W
test,zcH{,Check sum is @
test,=aW9nED:<(nFVi|n6y-f/EK(K,Check sum is 4
test,"=Yc;	>iy"".`1>H5D#| Uxt6-`R$@0w]h=WT$r",Check sum is @
test,:7,Check sum is Q
test,1eZiNM!0c$l-Tla	o.h4+IUDt6]sfWAoA	TM,Check sum is G
test,"?\6V!0\sGa"":iL9MD",Check sum is *
test,K5RDa4R\0:3ynNzcyJB<J9)~`-,Check sum is  
test,>T2]oGX6g}3O1oV@S9nj2=6,Check sum is *
test,"66d<|#8&i*DuB""qHd>%CDnxdwm\RxnM#3",Check sum is E
test,Q$^dEp)@'Nc*/F,"Check sum is ,"
test,EOl2;z]2,Check sum is V
test,j~Z%h fG'Z`)!CS9[,Check sum is Q
test,W[Cq-u,Check sum is (
test,"qv;{@F""""1]0'\ S_::z,<#I=cLm-9h-#7vP&-VyQ{",Check sum is >
test,",SeQbgWRVJ3J#g]e6R64K9g$S_L'",Check sum is V
test,"K&(>a7>dA0FB""D%MG	X'L'ukB^;
wu:sgIH/z{*#/C_t17FY`m",Check sum is $
test,"O8scpR,l7c\}hg:iUtXt.a=eT^P3=v/3G",Check sum is S
test,[|,Check sum is 7
test,iqy*#)T!0w4%#PX	W,Check sum is I
test,bCwErQ+PPl~*]`e-M8,Check sum is 7
test,VTei^|ww#4VyJx8#jGvm,Check sum is 7
test,2G%{LQ	cn^[F<+-rN.[N,Check sum is Z
test,xm^ERbj%2 [8?,Check sum is O
test,"OCu
if	1G",Check sum is A
test,"@*1bO_`5{'{7/s>v""8vW3`CM\gdHc n%ch:xGb",Check sum is ?
test,"-)@uc (Faauh3 1}|,+_",Check sum is .
test,v8c(+,Check sum is D
test,"&ytg(7tZ/eM=c~7.,><xj*;W^rZ|X#=aDoaHK@
",Check sum is _
test,s-}M=	P}i5lN:V2=88ih\,Check sum is Q
test,CAuvl8du,Check sum is L
test,"tN}8x0JOZy1x+48U
.ATc	NOdhF2a",Check sum is ;
test,sE&k2*ai:k	{`6C6o)M\%9@=.dAyurP,Check sum is &
test,"qQe_i/(T#k""7}Zt!YCRL8%$j_Xt#Xk]3;[=+Y4I+:(",Check sum is 4
test,T'4tgZ7ks	<:)6?5b9xC,Check sum is A
test,`y(YZ? _2070.6g_?k+{^It30	DjFhyn-$0w,Check sum is W
test,	](TsUZnl<g!n2;	Fr1s{t|:+)Q[}?I3/k	P%pMX,Check sum is L
test,"P.84kM~H/7&)[$Hj]Un:Bvq8,H`z:hFy):St|u=S60ksVr+\",Check sum is V
test,"~+Tu,#3Z-co	#0r1 oH@@=ANAK).ii""nu8
z",Check sum is E
test,Cb` X ,Check sum is =
test,"IN}~e:1t)q,GHL*@@[X._",Check sum is A
test,"9h}1{$c|MrpKyF:0e*W]U(0q
PP<4#!/-^;<gZ1lG:j",Check sum is I
test,",gNRv2?kV/\jE[2f[3E@K!x;BOhi @>b@;d/`E|/$%g3",Check sum is =
test,;0U9bhm,Check sum is P
test,v6II@NZ V	v8kC!DI`vl,Check sum is Q
test,"'vYYyuge17y89}\!oQ}*!NG0As7`y{)~v|\iW~<,/(",Check sum is 3
test,"%=&52xq6*$3\QL$
|*GSP	uHv$kM",Check sum is >
test,C&S_+HMx=v0Qx'O38.oMTfh2#{(^apP~#M+eX#J8,Check sum is >
test,"
=.`Bey5rN",Check sum is J
test,"?G g)+P3[etRy&^4g_p;I9{,QDVg}3pBP+*IXt;8r*a	Vct""6M",Check sum is N
test,[30cq],Check sum is O
test,"EDh[IrL?	""51-^WLy3_XinX]O(`R0""G]Y3*Mu]",Check sum is T
test,":}!,7^MO",Check sum is U
test,A>mzi[?!IM!)zA6r5`,Check sum is B
test,?ejVbvw} =L6PQ<*>4__olo%'wE#D(tnmSFJi}[PIgD\h,Check sum is B
test,"!Ey<xlI8(
<&UK.O;9	[Nk}",Check sum is _
test,;xJ*[#Y2d2@sn E2X{&}$	-i,Check sum is W
test,"mG,:",Check sum is :
test,"\zaTZ)YG|,
YnsK8ez85HOxQHJv9o1I,w,-~DJ87l5 
F",Check sum is [
test,"z=j+""= #KfGj=""IiG|5D.Z2Tgr",Check sum is $
test,7xfZ;mYBSs7,Check sum is O
test,Kl?JoF	u)p?ny%|AM4Inwo,Check sum is R
test,T:&@1loq!,Check sum is 2
test,"7P<KCE'/vS\OD]/
r}l=G:|Ax,q~=7;+t",Check sum is Q
test,zGO{rD9r,Check sum is L
test,"%[26:160@zf&5t?l{5w,<LM3O2u7h",Check sum is #
test,al,Check sum is -
test,"I8!D#jv_<4?{ yRy6Xs.>s,<+",Check sum is )
test,"j0,0U#rPZ_7K9E9Ovi9@`vT|nrt^OydphM5j}f{Zry",Check sum is T
test,.	b4K*	Z82zNcl(N;,Check sum is 7
test,"4~I r|la5`I+I	FDRj**b awL&s@035j+v^0g
W/|pGD}",Check sum is F
test,s$aH9/5lSt?-3rw]p o|,Check sum is P
test,"GNWLVpaw'6Jin""{f",Check sum is 7
test,"dEyQ8U""X0
~Z"""">)FDrYY0kUt*cYfk	P#1n.[Vz,kl",Check sum is W
test,$;,Check sum is ?
test,+}u:xv%3q{<e=,Check sum is G
test,"M-,29Q:_-GwJm{w.q'z$",Check sum is S
test,.:nDs~}?c.~yzN,Check sum is 7
test,"(UjTfLUawD""1^",Check sum is /
test,"zwDqD}MODSD->Oje#lGz$L1Xzz^IuO|]m:M]m16h4r*s=
S9",Check sum is +
test,"OHonQJm (<'-0
MkA@t",Check sum is [
test,"[MGxMSKAF-aZ79SzyvD^^u1'[/6=(p""^7IPFg-4m%9GM","Check sum is ,"
test,"|9B4?:s,`-]W",Check sum is $
test,">YN,4",Check sum is %
test,"p|
zL8u\44S""eA=(",Check sum is M
test,"@a=*]GrgjB""@
2,9Tz_PvScQiPdLI\dQN9=yl{0Ux""uQe	,",Check sum is 4
test,Ob,Check sum is Q
test,GL.5'BqMcR-9@K/|~;/,Check sum is 6
test," ii7A	AK
f. ""${K",Check sum is )
test,OIybS9,Check sum is _
test,` Wu<i;ND~_zE=~sv?E^XT,"Check sum is ,"
test,E_+uWm/^Gg]$lfbS'lle*i|e:CUdU5aM/m<,Check sum is I
test,"KwE1""E_hN	d2!84pq:la
O",Check sum is A
test,"]]2pM""-1ektbX)Lq-S-~\	Ari*oVA`,~[8ERko=wC",Check sum is N
test,9O Z2o*)	@!a-h{2T|],Check sum is P
test,"%"";","Check sum is """
test,"uXCM""L:M.
^=Nt.F`FD+k",Check sum is ;
test,"z6ukDh+99}r,,V PX^x17`i/ok""h.E8P]aMjve",Check sum is C
test,"ea*QilO.M&Zi+?B3}EX7&8Y-nP(|lOD,t _""4i;`93/om",Check sum is N
test,"ND"".F8Qt6xz7Fg=|YutdfKfY/m",Check sum is <
test,?~j>,Check sum is E
test,"c>]ojf2,R[)PN^Q\`bEmNe'0WNSX*x:<Qp`",Check sum is A
test,|OVZA^2?yB&Y5;2	t,Check sum is D
test,"
)Sq0y""P>4~^pff;Fr?;J3-""^>jsJL",Check sum is D
test,v93:PI}'2Xx>7!,Check sum is Q
test,"
-WRdf[)wLK+B",Check sum is I
test,Yxb[9-o^3YTiE:c@C*krj2I,Check sum is ;
test,"?{zmOJf^97]ui9Fb<W\4?2&F8@8*z/	c(
AB1w	p=K",Check sum is 7
test,'sGA~Cvj,Check sum is #
test,"Fy>J6x`ZJI7p{R
?=5M.~Yn",Check sum is Q
test,"vMKb`V	V18G'X(gMAuLE}B$:L5yc6Uue')pAc`f
",Check sum is J
test,<w)7<nYvwR)13,Check sum is B
test,?y`MAm/Dq3p}U,Check sum is L
test,~i@p0,Check sum is '
test,kk!f}/Dd;EEm>`U-TD`!N[,Check sum is %
test,";('hkA-G^B""fj@ 
hE4>&9Wv$r~BGV""K*",Check sum is C
test,"7sj:$aem]YJ!G7<trV,^/A@=	jU6YEV",Check sum is E
test,"
a/_4]H-ksmM7=d]I6KqZS<Hh'0`G\zA(:_Y@(-1-~-",Check sum is M
test,">9nmy)WNh?bLV2kU ak_EMw|XiY ,*&W,	|=kh,t!kj`On4",Check sum is [
test,";$a.hMHdD\UQBb(uLCL/gPBkg 		; (9E""a>|_KdslDJU(M4i
",Check sum is '
test,	C	91j'exfEsr,Check sum is ]
test,@}h{JFOR!Dst\|o1(PP+;Ae#4/_Nt068zh/}&,Check sum is B
test,c?2x`#zSlmtvl*.UQE4nXbq]p4sMid5b,Check sum is  
test,"'os5<kQFT_PHDyJ>Z	
Y?hC[/JC1fkU`
",Check sum is 4
test,"~0f	8p4R8w{@e$-~aeoi C+XG^'&{rg@^tL8>SYh,?D",Check sum is *
test,"M9=0{?9F< $',=_c?!Q}^aXo?XlC2 We}$NWw q",Check sum is 4
test,"yP`PU51b""""k=VCVXEK$Xa %A9TPQd~H$DZ",Check sum is 6
test,~cj|i$#b,Check sum is 9
test,Jug ?!6Z9:^GvXo^)!Q3PpLunZPOm]},Check sum is F
test,xz_M}.__V$vL,Check sum is #
test,"5<]R9CCtl),1`:m<xcnz#-]t:#m",Check sum is V
test,"y((s}tA
v\1QXbM)ghqRy@_ErQOKgc10d9",Check sum is 0
test,0n}tkLv=*s/HVXNY%'RZVRwvrIuN{!gJy*8B[/} q,Check sum is O
test,IT^,Check sum is [
test,"fx7CMqqpgd3C,-EC$Q}={tI>A-*DN|. c5ciW`?a[r?V6gj",Check sum is 6
test,"@@wT)|,",Check sum is <
test,"grV@/1yqo=6MW""<[	+p.gJg*ZHs_",Check sum is  
test,"f(b+BwoBd]l{.u#,}+!""G
;>i.p""YXWZEq`C(*y;$w",Check sum is 9
test,!ua:)&&R,Check sum is X
test,"\vD;WxIa+Ab[W5r""xFX8Xruz=Kh6u",Check sum is U
test,"j$g #mP/M+3UV""u.`2J~KH;8Tw%KHp?#
Ag`",Check sum is &
test,"?p~n)OK\cL|$g8ghHEY!%1^q0!'""%1d}#S@ ^Cz$:jV,3Ixe}w",Check sum is \
test,"mG""RGS~Rc#[dv
5-Q	<FE-4/rtQU<eP",Check sum is G
test,"Ui)k>'{MC7+Y<n h[`.`KJm[^w,>2z-S/t\a8~~,u^$",Check sum is W
test,"
,EAKRc?cK`wJC.T;?o8JZM;7?Dr	 O])V1UssGtou0oXt]Eg6",Check sum is 1
test,"8E^yWk[	dKj2'!q[dX^d3,",Check sum is V
test,UCL83Kbky+FZCOAQ>2|-8MiblL#12m-`^GRDlqTq@M%|NU<,Check sum is :
test,g-,Check sum is 4
test,"f:A""x5&5",Check sum is +
test,bri=}p),Check sum is 0
test,"}F7`U\x`!'	t&$"";!s`>P>12>Ur\U0C<_h8,*qLKqZm_",Check sum is +
test,_k	wT[{FofRQ:f;f:\$/C|MF4$6m]Utrzu8-,Check sum is 5
test,"'iWR#6""VlU1lo",Check sum is 7
test,"^
8>H~.$2R-^/~hg(P!TU'#r`\hyi%e8<z
Om",Check sum is #
test,"LBGax	qa_
Axn",Check sum is 9
test,H^&qcr\rK4Su8=~iWFzq,Check sum is +
test,|)ACvm >^2)*V4P+2=eIMc\WOK,Check sum is L
test,"8c0Clg;D]PNt,KAVyp+",Check sum is Q
test,*Jx'CtI/s,Check sum is U
test,EnDm,Check sum is D
test,[X)6B	rkOUY%ZwfT.jj#XBsUZmv=~Y,Check sum is _
test,"A= EbKj(^,FF[rZ""D5gpq
\c=To)mkW5^H$t]c~&!i7[AM=Y",Check sum is Z
test,"$
TBr
$m1g""0EWF;{s*""g(9r,Y%KNTNIcp55~,",Check sum is A
test,wVxxEFGl>$mPnZ$wEd$S;?w\b*>u	mLSwA>+q#,Check sum is S
test,#Y'&naL<AFA7aYwh|O	97^TYD]vm)plM/%,Check sum is Q
test,Pk*igV=JpXmt ;fJg2u$,Check sum is X
test,"S""wzdoyT(0&1p/se ""iNo7eyn1$\3$",Check sum is ?
test,":sgpHZz?+4=RM;2M:pO!"">",Check sum is .
test,"Ybfh)+a$
Z6Tge0Q=)v$EnifAGm",Check sum is 4
test,"N4hia0=)\Ps=G(BN{o\c5h[PmxwS/Xm:f@
~#s",Check sum is W
test,"`q :qv\qn&mk!eHuE'9""h""
",Check sum is I
test,BD#^FWR~1DIU,Check sum is '
test,$rCi\y#^e4$[+Ovo]xQ>t(\S2gQ8?J}N,Check sum is T
test,;g5d}9$H`J7H\4y3d BQ,Check sum is 9
test,"3.%sZd%9IoL-!'Bu4SbFr/>VwUM*O""uZD""",Check sum is 2
test,"UIb/-o;)'zm8RB"")`na	ROa{""[ED>*(gvXWOlrCL8""v{?&<- ",Check sum is @
test,AylI$	{;3Vt2bl_,Check sum is N
test,<&}ww|JyJ+;VA{mGKHL^Fp[nV869ta^:C;e{s3z^fJ#:msJ[B,Check sum is 8
test,"ZOAf""B&2vsDrZ_-#F`1Mb(Y
4;T#.iM}
|k_1M9Y8",Check sum is D
test,"/u-a]\ )(]K!?$HWQ9VF5-2m=ZryBi'EuSXcF""BzCt0sQ",Check sum is Y
test,"<Sf#h[Q% !j!A,l:$""AJ9cT%qdh
4flf[CLV
EO*b&",Check sum is 9
test,o?<[gX?l?t% Q#/l8w,Check sum is E
test,WboO4cXl>PSJ8,Check sum is U
test,#8Q\or,Check sum is I
test,"BD\V?Yc""M
5^Gyf>l,
#}LJR^ny`X_oR'k",Check sum is \
test,`u!N2y]AON&P;(},Check sum is  
test,"\
i<]P9'f-'g<X5DO(sh)(j<",Check sum is /
test,\:,Check sum is 6
test,c6KGCK5,Check sum is N
test,u%#kt\CaPn;'iYk#S^V$	>MzD-V*	$QNtI|5wh1,Check sum is  
test,"OEr3alh!-fx0xB=\t*Xd,wJW~HGl4Lw?+MY`P|RvAz(w*?_",Check sum is 1
test,@9=c-.t0$8JqM-1h]w,Check sum is 6
test,b+fm $W/(CcQt)C,Check sum is I
test,"WLoGrTPB*Az W!MCGFX\JKUg9l	^trQo
C#cm#{pULRF6_",Check sum is >
test,bi%s(%+<I|0#\[\9:&mFXL\6P?|.[y>+B	mqn_?,Check sum is O
test,"CBLA2+	7$T *Y{3,Y[
",Check sum is B
test,v4SDrEcykNz?`>UaIQ&,Check sum is :
test,"{(t	j4*X,B*eR\y.<t
`:owLhc${_4(-X++,aWXhwWf1",Check sum is A
test,"2>]nuo8.&qN+:uCwU(q'%P*A((h<Z}}PG(,O`# VL4ke",Check sum is ^
test,"w	!msego6:_x	Mr~WD4Yzo~=Io[x7x54,	W7BJnk",Check sum is @
test,"21&j""<<N:5I `%.ax<
.g&S)+%","Check sum is ,"
test,=?H.0oX%y?Q-(J`K[}WF-1w,Check sum is K
test,+	$_!	@g<@Ue5vz+X:NW,Check sum is %
test,Mb#juY,Check sum is *
test,"$)Ef130w""gk$PN~nb7u5/'-k%KEG",Check sum is 2
test,"PY_,e4B8=``kMyq'tk~#tL::P ltj4l~n9\{V1yG[G",Check sum is  
test,bR/@ThaEZNeX.8xqB;i1)!a<+Agbq4sh{w`,Check sum is ^
test,":GnM FUKOAB""}iPJ<`;nv57 9?M >HZ<9~44ugPv;ohjm9gKe",Check sum is X
test,F9IhF,Check sum is V
test,"z,/s+x5^Z:dwMTchJXF Vp",Check sum is G
test,dE6w)!zWY\MoM#+j6uJz$!RPHRSi H-,Check sum is H
test,AW(2_t[,Check sum is @
test,<J-yb+F%}0u-$$,Check sum is [
test,JYNd[8MctW5B,Check sum is :
test,"=s[{/m?`""%,t[FV4q)z",Check sum is G
test,+d:$y4LK',Check sum is 8
test,=98RF>6|Y_w'-7N[hK8rtn,Check sum is 8
test,SDkFPv	b<K+$WJ:d>K,Check sum is 7
test,w#1?~2_N5}m,Check sum is &
test,"u6mq
oS 	o+nA;p?SA$,8Ve",Check sum is (
test,"`b;;-na@9X_s;RZve{;4	ETtfz+ntA;=\-VO/q
",Check sum is 7
test,o{c]&W+{,Check sum is -
test,`q_\~X[3\1,Check sum is ]
test,"H'-d&\+^,3oW),M$>IM(CqnHydSl2civBAT%1uS'0RQLKtFZO",Check sum is 5
test,H\-lEPXuw57,"Check sum is """
test,"i>@G
zMuVp",Check sum is Z
test,3I~}av?s~0rh%9l{'9QtdD2V^MpTUmj~	-,Check sum is Q
test,@kXLKLdo[.	lTRSr5U4*21m@wfYqcrdQ8u,Check sum is X
test,"k|`L%gYfbfv~l
h
z_m3irijm}
Q[5t14G^'sP_)e9","Check sum is ,"
test,"DH\;:,$WShN_``R",Check sum is ^
test,isd^W~Guk&f92PxYDszoF=Qr+9f~|-_7,Check sum is ?
test,"@DHe<*R""",Check sum is +
test,"N9Aebp)#Q01
n,ua",Check sum is W
test,"c!?,x/>3?d*GwcST%g'eP-QN&]	r^Bv|NPJ",Check sum is (
test,"B;YiC=d|@-uAc;Pv$icO\EF09n5
",Check sum is B
test,"P-XjjBRj4havkAYcBmD	cyR5i-)jo8!Ln,UrX7]
%",Check sum is :
test,)]M,Check sum is 3
test,"j[]ro""G{$5"" <XTx41rr{Bb6#ZE(n>d#.SBE_<	Tc<",Check sum is \
test,",kT}%",Check sum is -
test,"[	?fP1B)3F-,n-;t	V;xi(m51`?",Check sum is F
test,nF7j|6,Check sum is '
test,"}vGsOW""x	?,ih1`Xj`^.Db?PfwuZ`wx5KP;e$6H-n %#l5*",Check sum is !
test,"L%')u)h4=M&[snml53""@Df""WEFsE4",Check sum is D
test,")[J1cd]UGOJJe,i0VIislK	QW!k7UV-9aa{r9nKzd5FF68+.7",Check sum is !
test,"Ndnw#7qWvh	l!7Cx0~jT
ON:`z%)",Check sum is 4
test,S.|!'IJKeBs; C^v,Check sum is O
test,-uI4|CIkF84P,Check sum is 4
test,4#,Check sum is 7
test,%@XxePAu!9(#,Check sum is %
test,"6~VgZd`t)w_k-nA!f\!r4	>Kn
",Check sum is ]
test,"D)tIa.]C(5NA@~wyN""|T<U)ohuBB[>2+%IjbE':?]TuRmNY'",Check sum is %
test,"$)lE`s	K#~h<37:wyLt(8cm/|w8]XCR_d""",Check sum is W
test,"wIRlcnS2,	m^\wQ
2LRF}!/^=6{Ld",Check sum is A
test,?jw|QCO 2^	YrR%OEg};D_ xhA.rq(wE'YuSko,Check sum is H
test,"CijtyUM
y1&",Check sum is _
test,";GNm>hOrQpRv*DR2R@n
n",Check sum is 7
test,"M6""}Ie	M=G[H}}*]Oot""e._\N)0_|",Check sum is R
test,"Xdr=L	I~br `_*f_~0x,S*",Check sum is X
test,>KbudXEuhR^9a,Check sum is (
test,")f70C&_-`S@\)A6GSaoLZGS%	yk+qr ,Y{hCDkOpz~& fN,K|","Check sum is """
test,"9~`@or5v3b,ga",Check sum is L
test,"tsPB_+;ML%C4|\6U8{J$JutpVq,kpnFrs8CFUB-9iB+xHtxi",Check sum is J
test,"6Pquy>m7+'[O$#'g S""q+CSxs959",Check sum is Q
test,"Q,>i\F<~%_,6Vd>wNx<'\&",Check sum is  
test,Aja~xkJ=$nR.f!QqM&BXYj!=LADa97W,Check sum is V
test,+!_&ckQC1<5*P;ufrYT4E$/aCRl[US3[*;b7sQ#PFoK=T,Check sum is )
test,"XL OE+""Lj=Ob.#OJG&hkO+j8$8`",Check sum is +
test,u5ZxG~fEz5c_E)(FH$~9Hxj:22- xz	&MUH;,Check sum is W
test,r9Z%!6mnM}>fj,Check sum is T
test,oHdQ,Check sum is L
test,3Z\P+T>?-LLU@wrk[Z,Check sum is 8
test,"U.DQgH*\YK/nfee*"",7Y^JL.Hi1	-ID#""T*Hk>&?bQx/Q^8j",Check sum is 1
test,@+uKzryd[@J DR3Q,Check sum is 3
test,:4N]c6*h[_].iCSbS} DnfPlB|y#snXq=3,Check sum is B
test,a2Q^x$g]33vIoVV`M{Vz0EVnVlLn#e/$*G*$mlm,Check sum is O
test,"f\&Q;
7+77;1L;N}r}V]C<",Check sum is M
test,"g5g'5r&
NAQvx*FR
si3.2""WI+MBQ<E6\9G_rfFch!`s-j[S9",Check sum is D
test,B5	Cx.66:Ui3>Rt'w[>M_z?pB]RMU!hdV2RXdyheo`,Check sum is [
test,CeU]Gfi	=o@O&Cq2lO;nX3~(3*CEr(f||zHp-@5Jk'I,Check sum is K
test,"0:k,M7	fvbwjc-tZ/=
y@"">;ie",Check sum is C
test,4Qh&&[^dxC<[aF)y^8D=r{&<H@RM?L*K,Check sum is ^
test,"!'	gv8N<3f+8&D
(~dbD4eq/M}",Check sum is 3
test,"p[kuw8<o""vyQPOB]l,qz#%'W4>",Check sum is @
test,"TXs""OOeuZpr3",Check sum is H
test,"V D4
v:AF,U7jd\""Qb 6u$sAdx",Check sum is E
test,"Amw
{3Z.ORa}""3'C~RqoMDw*aVsdTeo4$dlMJo7]j6",Check sum is =
test,"4e]B%SheNnoTc+|4VFl,BRD<5pt",Check sum is ;
test,OA,Check sum is 0
test,"]/T5aOZgN]XUC
Co05!y,es[aMyptLn	",Check sum is )
test,"w7Nz#
<kSwF^
","Check sum is """
test,\*0`xT5lK%5{Y_!qR%t.4,Check sum is Z
test,.w+_*KFHuuUfE%=gH-D-KM98WvZz(;G'Ts2~e<P[,Check sum is )
test,^sJ)2,Check sum is V
test,"F?S[R5Y""Aeh@ Q0c3f=
&2-J&{]2b=XE60YABZDu U6=5",Check sum is 4
test,2RkzSK%{X-,Check sum is L
test,"	H.:W{<{""
/CbU+t=+:C(0q|j~!#>6+s'&_}Ioc-$:>",Check sum is K
test,2q16~1}Lc=oPEwhpB<F87anqxauO4#X:,Check sum is N
test,"oUDFsL]basbW(~ApJ4yhgNd|YR\lKX_9NECA|d>=:,b%itY
",Check sum is Q
test,"Ryf""PLQU:*XeF3~{?8fa}9(*s#2crh3p9( Y:p iRr-`]Q ","Check sum is """
test,"j~xdp$q(jTz8TgjUC~MH,|&B2,1{%
2L2:E~}iqz{~j",Check sum is ;
test,"z8mT	`J(
+}`8Nb=-",Check sum is R
test,"kp!eTcVEM`Q<6MFwhfM-3MgwI'9)&GEBEmQ/51So.%B+T
X",Check sum is I
test,|A%7)FE4ZrF<K:,Check sum is 4
test,Vwjskz]Zpo,Check sum is E
test,"Np!	6},u",Check sum is \
test,",'Kj&<P0:#	rTLn$""V",Check sum is L
test,"GFC)U)M]dV5vKeKzlxs-Q n|@p>Cj-JuP6\""Q'vp|",Check sum is _
test,5l)pxaw]K)7vH8DxObug3/7,Check sum is J
test,"2OBgUsmfhKwT:.%SyfL]CWz'=l9>=*x?i,dt",Check sum is 1
test,Q4Gf}LA41>>?[|gg[RS	EOSm)	>o,Check sum is ]
test,+1R;KG,Check sum is [
test,f@~hL)9z5Fv,Check sum is E
test,B*jYKX&um~,Check sum is 8
test,2_.,Check sum is _
test,co\od%9H\!xv,Check sum is 2
test,<+(7B`7n;|L4jh,Check sum is 6
test,"pT)Lh~!W#4wFu""kl/G-Yt&pM_<df%@t*H<,*}4A`r",Check sum is R
test,"=:f
vGMQ01,]uuY;m
7rYG:`~r!{/
)PnY:|/?GBwi'",Check sum is ]
test,'[.?]SW%75(^E xh-E,Check sum is $
test,"KVeq	<}X{{Qpl,:'il-:y_\:C=M)&6M81",Check sum is S
test,"Z\of@$)_y1Ep?|KL&ofD""_ZUjrBO]og7qhbsT{Q=%T2Ep !lh",Check sum is N
test,cD//}[d#,Check sum is D
test,"g'FMF,ivyG2j0^Y0&mYa{Q%
^$J:[1w
\y*szQ2na",Check sum is ^
test,0>;Q)JYSuX:0G,Check sum is 7
test,"O2}74	Z##!}rs!TrHFd
Dm%*RR4^;*6ef6:&",Check sum is J
test," VTM(srUt
[afKp<QAjfua~jDy2"",
9>G/0t/0A}>N'=",Check sum is 5
test,"hW*I[M8f>W""KY19:pV;k1iO[~~<?$JVHI3hSQrH6YbKU",Check sum is ]
test,"||jUR,Cd,h8	LMk`sbSd""k",Check sum is N
test,"H,-Iw!)RP-7+a9a[%J'	.Nmd	-
 1)",Check sum is 8
test,"M!>)%b6RrO)k#\IfT0?CqtN;4j-O%*rE@@2l?""+NcX426",Check sum is *
test,9Aia?H15IPlj'pX'	GrI5/rcTL%g3[f11hyJfJIWkU$y,Check sum is 4
test,"T
:%",Check sum is ]
test,&VW<WcO4TBFyYnoNWm?DUFlL6rj(tHIz,Check sum is X
test,Bk28?\1~TXByTZXd}=FCy,Check sum is N
test,&}'5VT*O,Check sum is B
test,"?NDsqH'A_B,Ms~",Check sum is P
test,"czb$z [5
Sb{(@Ds}h"";mOe>PEX",Check sum is T
test,qlHtk#LG6JCxeO.(9yz]5,Check sum is ]
test,"w/T3f""_uEAEb10jmnk8],3ta'U#FSza^",Check sum is !
test,"..niz=q""9x{PI58TN3""!_R[OV*0K
z^b754mQ=1}zJ:",Check sum is H
test,64qpulr2/	]'i[Y0j+u6I*CU^i7`gDV,Check sum is #
test,"pv\blZ	,f*g	p\66",Check sum is 7
test,"x\U$_eV=-m\uO]IeY4W4i^?6TK;
0%SmDH(|/t>y",Check sum is  
test,"=W$@lL*>s|oz<}&DVLst?p-,OH	0]d!Fjb>",Check sum is F
test,"P
",Check sum is :
test,"H'BoP&}'|""js>EgE.sI,Txa",Check sum is G
test,ioE9F2#IB7v`;,Check sum is $
test,U$a,Check sum is :
test,v9N5RjonWx^i)u`tt:9;[{V_b^dV,Check sum is Z
test,"yL5(@L,",Check sum is :
test,"i{LI%mUJ8@G,s1/6.%R8",Check sum is [
test,"'^M(La$-""Zd!k<:Z4y2eX	%Pdzk)ErK@$AmM",Check sum is A
test,"
+<E\Rqx{!'X\6a:6qT&>IBA9<H",Check sum is ]
test,"?a	kx(VKkF=2+^/
F< NrzNzz3pq7j/c.Kya'MvJShVn-=m",Check sum is Y
test,g~pkW[vcZF|vl+ 	^^q_&qll{w5,Check sum is _
test,"""W[	FlZ%=*
",Check sum is _
test,p{L!'L5(4)mQy[^2z!+L/e	?NRQ~@|^m&&{,Check sum is 2
test,"X;2j9LyQ nO5V{x/Ka7|2""fc%
c-PA",Check sum is 4
test,"IVRB`!7$X}AdQ9fk<f|da/m	!=pYaV""m""00vtL@Lv^_l*E",Check sum is K
test,"oal&7W8mDSjAgyFG^Crz 
#gnz00R|Fk:",Check sum is &
test,"w2fKEGf""2A4=6LF",Check sum is :
test,r[<NDE,Check sum is @
test,"\)_[IE
l=v",Check sum is V
test,"{xBGB~VNG>qN0+%Um2)p;<mR<3Ra5'O$&.~l^,#lu352'2Z",Check sum is Q
test,"\Fw(Z*G+FOR(h'N,",Check sum is /
test,f'=Vt:j8~8x4,Check sum is 2
test,"sq)%ACg6,k6CA]p~RBgu rwG0",Check sum is ?
test,"10)
UcPGIVt+qqKqDC@",Check sum is &
test,4\JrdVUp4%8mV1eC*k2+RnJrB,Check sum is H
test,;E:1s%h /=[5,Check sum is '
test,j:}Y 2P;,Check sum is 7
test,BKV}de<kY,Check sum is I
test,J{Coa]9n,Check sum is <
test,"Ls}}
\%[AEkYX|B5;4uM ""7@e'VxK\U:!R!QYOt%N?*MT",Check sum is L
test,"w7M\9soc/Bt;T	w$oL{1<~*0K!q""R+;^`|BE>dM+t$l",Check sum is ^
test,q=(G,Check sum is =
test,"ang;6,x0=Gd?F*r|UrY_35qhN|b*!sk",Check sum is 5
test,J]7czxi-Y0K [Z,Check sum is R
test,".[!UxBD6b`!~Bc84dbk*f)(\5U#
cW'4wuO",Check sum is :
test,"2)!Wi
I7$J",Check sum is T
test,"2}n,|KSVge+aC$*e""AWZ#avbBr$#q:gIV:$:SrDKK",Check sum is :
test,Ib%P#XV,Check sum is Q
test,"r)<K?K\57|AYxyXG
oz^j$CpRWb7:/ UdL7n(p!0Fs""XY_`GH",Check sum is D
test,"M|"".|Y%$3S*b>^hm#_s )c(BNHIN[% R%998MjJs\""{9j%",Check sum is H
test,]rcM=[mFSFvL$],Check sum is F
test,"HAb/7/QU""V.W",Check sum is C
test,ydECa 7NBVChi5_4KA=: Q,Check sum is 3
test,"O[0taPg[ND IX$&""ZaC& %}%af&xA1Fe/ub,jJSz&)X[/3,",Check sum is 0
test,Y$r.pa;bu3_&;vD0/Z0k/_*<V ,Check sum is K
test,"5""B0z5R:Os",Check sum is &
test,wC{2=v,Check sum is :
test,"UNMM,v|
g\P0qwDcp>1/Alh1-km;&\qd{=*f",Check sum is J
test,^uEPGjS	%P]&d'5hB6d7wpRD\$A-s,Check sum is &
test,"%^ks2;o:RGT9Sb""	2fhDYK&:>h
Kl9,+vfA2^G8M",Check sum is U
test,$>S.e&,Check sum is N
test,"Cu""MU<P}\H5(eyB""4]\(T3^O1sR9~Q$\",Check sum is /
test,z`{?%7RmKQfDSu ;K4ksxmPwXrd]b'U$gYuirM,Check sum is +
test,gQ'L*dr,Check sum is K
test,HAaEO(_.E,Check sum is X
test,"JP6AwG 56#Jp}az6,5ax#2#$xb,,	?iRd",Check sum is T
test,vCm%Z?A<.Bjn_q3WTb ?M],"Check sum is """
test,"~I0Bf:8:Cz2VIJc| BC""GV29U!",Check sum is '
test,"tI18]\{=m""?WyHj;3$JRcxjk}ujOw=7?P'W",Check sum is H
test,"s2) 1J\!
cz s]f5a+szN>/P~OR;e.no%D|Fx!VWZchZY=?",Check sum is K
test,<U_.0P*,Check sum is (
test,"_v,fkN5",Check sum is 5
test,A.9jB\,Check sum is P
test,@7,Check sum is W
test,"J<HZgRz5~fv^Y2^]9v`-PLn>\8r;_RSq<~].Q iw]z,s<8",Check sum is (
test,MKbU.W110E=tx}#{dQQ9_i=1Wz3f>C1m.V>os/[d6\jF,Check sum is !
test,"OV0xq
,%dg6)L22G@o""]<)vJ",Check sum is -
test,">DycTI(6jDlt""`ZU$0S.Y#""_0Gh",Check sum is )
test,J\vlo,Check sum is W
test,S+-E4,Check sum is D
test,"CbsJ>;~s5H
0=[JJji","Check sum is """
test,"wa,@asJ`1O`/ <geiF~4$-(~",Check sum is 1
test,">N>	WkL^&1/}*=]Y?h""Wkz0l",Check sum is  
test,=s.,Check sum is >
test,Fe:+%`3,Check sum is (
test,"{),Jq\(D",Check sum is 3
test,"cZUH5Bs7p
HA{nIah`+Yy[Fn}Smr(Xe?~!@^G>M&(H4q{FO",Check sum is 2
test,W-,Check sum is $
test,"I#nR@]L@2%Kt',S?gV+R#[3)&'Z1C",Check sum is _
test,ap<4hz. 6<:pI,Check sum is 6
test,"u	(?YB9 y:pk!f*]z#+E g,+!",Check sum is !
test,I(t6$@{t&4?slPyo^9 ou)A7s2$3 W<D5w|#PL#jG2.$5o!H,Check sum is 9
test,":U7.p6ta5fb
V\6B0""+8\c\PO>9-Pw7|~^#.YKlsrC!
",Check sum is ]
test,8C	.}u7uY&8*HHVT-V7{!xruDt/OwIy.9Hl|et+b^r`?gx+M,Check sum is 2
test,V	,Check sum is ?
test,"lG?cJrg~$tesedN?t_	|6<|`,sP$j#Ua%7?n);SgX&e'J;k",Check sum is 9
test,"AF"",14`pnIPi*gey>of2`X>5[5THE",Check sum is *
test,GF#v&BMv5l ng(,Check sum is /
test,"#1}}#YP01u`r.v]:#+Oq1x'L""OdZ_b",Check sum is 7
test,JNVasp;@_Vk{5gUHj,Check sum is K
test,"J]<?6ZlYL:|j>""O>26ReT:y;)Us0vi&3u<g,C$k5P~68IG",Check sum is A
test,fa}z(%ie7yVKir}WB/JxY6MULWV,Check sum is V
test,"{v(Ap)Ly1
6@}li35;d|-DCj",Check sum is <
test,*3z@=$MBz<CM!5X)j,Check sum is .
test,<$Hl6=|*,Check sum is M
test,]292X.;quSFf0aOPv29APMU,Check sum is D
test,H7HxnP}C:	N0LFs{syaCs=VWix;Mcd$.B,Check sum is O
test,"6<SF;B5wuOO{l 8Tx9
^!T}5F,(3)E\\;+,,j$|JB<S9)",Check sum is 2
test,"y?""O1XG2<G+[h<?h#-",Check sum is /
test,"`i+F*
1[P",Check sum is *
test,"W""4:Q6TT3#>0",Check sum is :
test,XE,Check sum is =
test,"N*
wG0",Check sum is P
test,^}oU=b-#P0ZK,Check sum is S
test,"	DsATTvL3gG
4^*Meu|QNZ:;M4XriO{}@;@U@Z8Y",Check sum is 9
test,"b0sD(fT*@Z5|F3,+bzX<S^HD-wu'^ OJ}C)e;Sz9,G",Check sum is V
test,4##;l,Check sum is A
test,"d2(14c(DJf=c(]sPd>V2]\JCTo_g~MVh#uO,p*kUC\	u=x",Check sum is +
test,[Rl/~niJ10xiVy`weG;X[,Check sum is I
test,"I+cRzMzLW5T	q/IieE2	z""xKgF<	6y",Check sum is 6
test,uU|fVjFRP@MWm{mETDKM,"Check sum is """
test,>!|1	^ROz%tmO|sM\:Xu,"Check sum is """
test,"!>`v;I}D Y:wb)>Bo;v'a~-Tn^
,",Check sum is 8
test,|L7,Check sum is _
test,"k(aF[cc< B2zP3N
m~g]a~16Hthm8M0SfS\%Yf*S{-",Check sum is L
test,@naU+)F[iV#SIu[wK[]Kl3xK,Check sum is .
test,xb:i>hpvzy;0+Aa1+yjLg+'DS8O&,Check sum is \
test,"ml3O4T+c /?t:XVWUD""rqr,	j*?RyW!Kw6I6p|@K",Check sum is [
test,f~&<5AX\,Check sum is P
test,"J ""q51NVOAm=P.",Check sum is _
test,A{Nl.|/Jx/Zg?5Et^1R	R*Mh.\$,Check sum is W
test,"M41,/.`L#/Uw#gXXVEH6ATZM;)AQVdBuga&2",Check sum is ;
test,6`j,Check sum is  
test,"kS\wV2,e`SUl
bRG0sKt}-8c!!/'s",Check sum is 5
test,"jA}nL?N/5@5T);c""CAMSutVQ4TD:n~5PUnxMAY,PW*'?8=""~aE",Check sum is P
test,fx*1/E~iX.5c=Hz	HE7X3,Check sum is )
test,"^<MMMj7{Rc
L#7p<)[E\/7",Check sum is Y
test,B+a+\bFel~XQuhuN!,Check sum is V
test,2azK<cN]OLt(W7YT>qf>5Z]PZQ#S,Check sum is $
test,"rU;b'
	%G6@
|96UNG2V5o6&?BvF_KW",Check sum is E
test,]-{8-fgemAju/))CA2_e(|U}23,Check sum is _
test,h&lE0j`L(P|dga\aY$'ZHnD!E`,Check sum is @
test,!mV\%K6+^$IyrA@it<)S_!,Check sum is =
test,~k,Check sum is I
test,"B.YD!;$tIT_$tG'c:unjN!,FOYd*",Check sum is $
test,'WcTmlTK-7gQzNz~K**}hu{W'~ >qtt{Rl,Check sum is I
test,"C#;e{I+g8rsuopYn'+F"";@u%k+&bSmq'usv	Tq|",Check sum is !
test,5Vw3dm4C_ ow,Check sum is B
test,"5M0OHp*(Qm%.e~-5/90kQuky}2	$I<QgKv|4""N}8",Check sum is ]
test,"szwVnzD	. &zv
_qpf-{.th,	fK
M:uB",Check sum is C
test,"5f8]My.jUF]11[YB%S6m9O^^h4zA*Om
pOL}5v6gx","Check sum is ,"
test,"VVb9>%9)`N9,m/l<]I[m""B]KVle""o(Dx$Dm2exD/0ZI",Check sum is C
test,"G|K_a?A'J6s	,*rZ8cY0y71r5Yo[G.",Check sum is 7
test,7N:|~}0M1VRU-_,Check sum is M
test,":*1
[wCR!,v_[r",Check sum is U
test,{[)ql%puDG^;'_r{I)St%nSh,Check sum is $
test,"PlZC<3F\UD	""mj]I3{EiEx@m0y	r#RlNd>IanPp'52,G'0",Check sum is 6
test,:%ErnsTytS0TdVKu%\LBC	qIF+M,Check sum is <
test,'|&n	_0$?3[E5'B^0SWlbLXON`+,Check sum is U
test,"tSl7nPVY#QsMh&Vf%t 3BO3ufHd$N1,=MY3+$L`>2T/Ye
",Check sum is G
test,XDUb!0M{9Q.B]T-k;Oy H9	DHiD7,"Check sum is ,"
test,yXJUpF}t%I~,Check sum is #
test,xY	aCk/LR#=-S|0Q %bAhoI,Check sum is ;
test,/{V\}B#O6Zmt+Fhfdjz9N7H=<Z!!U/X23&pa,Check sum is 8
test,"yA)""2]r6],)boxc>B3",Check sum is -
test,"-
$t`lTo'(<KTtsar=-TSrpF\YNLxi""xS1x~*Bh3{}DtC?xRB0",Check sum is T
test,XpKl1nya>q>}Vx'=n<Pnuj.%TsM){ P/%QC(z8|5,Check sum is )
test,"Ow!~Dm=q242;h	JU7Ew%
_6OONj%4!@?",Check sum is M
test,"y
H<g&O%<1$]=7&",Check sum is 0
test,+6g,Check sum is (
test,"XRjx
XJ{Y^Y5($#Ajk](a""N",Check sum is 3
test,"P,vsE&/X",Check sum is 7
test,"9,*(&~4EtK9v#>F@
Do/-5""_&^/{:
KS6DhE#G]_[",Check sum is P
test,MD>'0'67O?U5ePO!O|;Je4\:,Check sum is V
test,"J:
?Gl(93=R:'V0:W",Check sum is ;
test,"){n.fl5v%>V}N/k^6wV;k
Fo",Check sum is A
test,.{#9?@2/0ZDM,Check sum is  
test,":4:a),]yin' trU+{1m",Check sum is 1
test,"Ob'GE|yGV-rXIn
YZ",Check sum is A
test,";NWBM81[Psyo#E93	g\K;sgod8v&c]z~c""<-KYXIC#bL57",Check sum is P
test,c<ZFIZ|)dL\n6Bn_8P7Xa{q u,Check sum is _
test,.pGB,Check sum is G
test,NVTb2vb3XWfJxe};.KtZ~Y_aP2O,Check sum is Z
test,48yS)a$&sY1C9gj{2,Check sum is #
test,y`rQiP-~,Check sum is  
test,"&CzSw`YH^Z2QwH,aEdJI/pRQ{ffyO","Check sum is """
test,D2i'N<l Ce6?*:XfG[d[ :_sIP9XDn6wyU_|]SGQ7X\yZ&J{)9,Check sum is M
test,=NY,Check sum is D
test,"BVM1)T1M&
>85""",Check sum is .
test,"Q~Z/w]qJ
R*VJ1m6C>v2bQ]",Check sum is :
test,_z3L6c*-9	1^CRz<_5B8M_&|?W~{?,Check sum is .
test,>|+<3;kdY4^,Check sum is )
test,OFGij*4pO/T:Oz+,Check sum is ]
test,"JbK:R[\w6:h6|W7oi),%fb.`& K","Check sum is """
test,"Fr6.Rx>""1@Al61x3f""%~8dKAtN-|YqO:Ni;*K&N=/*W",Check sum is /
test,/l%ng,Check sum is 5
test,"""FzPgbD%=",Check sum is A
test,<}<S3tAO*0x0'C:T^S&,Check sum is 0
test,"emtbry`ei#=bVb,<2+0#?tuq>q{r`e^+ujlC]lSc'E?r^#b""5",Check sum is Z
test,">u0T]m.R
]S#]?gI<)Y_aeg<>yk$^L_:L7}.Y",Check sum is  
test,"1[RMykZTQ
yz
8 ",Check sum is M
test,"On%)u&<+>_3e/F4JSnS3m
nuK",Check sum is A
test,^2Yg~UiP%,Check sum is !
test,<q%2JRVS*z+nX8'6,Check sum is S
test,"@]W	Fv"")Wh*CeEXt~@N:qJx3#3r}89F>r,	dt@",Check sum is +
test,"~'c6*abN EYJ|@,4X2Y%""u*4WtClNo`=hHJg;",Check sum is *
test,#C	rM2u*~3@pJucg2eQ&VF}Ks,Check sum is .
test,"aL@'Ei)3*UKag]:1sH(5MXMUsTd[%d}d[2fr0U|
}$NPe",Check sum is ;
test,"92EMBbG++5u%,U} '{a*
q.Uf$T4UNd1*.~Pd8;`o,N",Check sum is F
test,oZ??xDE8\z,Check sum is 6
test,"41Zwe""z|8EY@6i_f
H]9}zX$@U
K",Check sum is R
test,b751?l.8|ImSgju <Cp ,Check sum is *
test,",jqQQ7nCtH""C2u:-
7ReI*)f#OWi{3V",Check sum is P
test,Lb8fi7oo.0R}GdI<7.8z/41?Vt),Check sum is $
test,"Ba~iMU^.~`V2ua3Iu_EX5&KzG/	m[f!{h.)
I6qkfZKkC",Check sum is G
test,"Fw""?w|.X}csh%4YDAvbRPO5x=bSQh\
0/MY]sQ-i5+9Cjl\t",Check sum is .
test,\T]#s%}J,Check sum is /
test,9W_Reof[s_xOb+#UYf%q/bOuZG\P0u%g}b s`8<z}),"Check sum is """
test,I_7q^D~@pSpe`WWQC{nxZA!!7qPg,Check sum is '
test,SxAO?Q_3WU,Check sum is I
test,"aO)luL=o*0M
kF2<Kx\ZEs<``J`[ObFFVfVV$1.lrGd",Check sum is E
test,"%F:'1	&
.^nd<)le|Kgv'A61{rF>m_'\94(s,E""gi5",Check sum is =
test,"s8'	;_c
,>BC,);t$En[4",Check sum is [
test,"(LC
Tnu/D?fUj_UeRM~O&8wI=5i{J",Check sum is 2
test,"I4o|m>jU
~siX:BC5^|JPg3*z|$b7[My41Ywz!9Onw1",Check sum is \
test,"4v&],iLw`m84FC$
,mR-Bx<'$y^cX]wYF ?#N-Pyy",Check sum is 2
test,"rMc5?{yC^LLq',`{ygfT}_ecYX(1lmH",Check sum is +
test,gP4,Check sum is K
test,"	k'wS)f7ne5+F gT""wp~g;wI;7CmoyWhB9]Er<.{5u",Check sum is /
test,"/San	:`Wz:I=57FAI]<7B<N9$.qJ
Yx",Check sum is ^
test,6/j7jR[]s,Check sum is M
test,pzx}T}qHWfpts'X,Check sum is \
test,}.PG4j,Check sum is @
test,"7BpH*
a2_EP, nrw9Yas",Check sum is U
test,"ax`a)iw
d@+H?3Pqqa$SCj	aLc$]r:p)]:w~F$l@,Az",Check sum is 5
test,":k=@L-1,?7rbp""",Check sum is 4
test,"wbP0!2uNE{
;%<",Check sum is 5
test,&s/Z)bGm}bZE&,Check sum is %
test,:mwsDl!89#KhNz,Check sum is Q
test,"!YaZAWp?zHiJF^1(tbZF+Yq:	#VtDx2Bq^,",Check sum is T
test,"&J'zw|!=XoLED:`nru_'PUj&RN^02?	,ps,g'\},fddIn3dm@",Check sum is '
test,"%(L~48""6Q:dY/i`0",Check sum is +
test,R3o/ Sx?[<W^'psu>NZZrg)V/	c\hhG81^>_qr	U&wPL4ay6,Check sum is @
test,"xg{)*E?+$,>~ h9='-E,M~VO~7=l|F#{S*19U78\>WpA{",Check sum is A
test,iqcPs;q4#v.3Hum%j,Check sum is 3
test,CXa5\$(RaqQt^Ghbva q{ZCBuJS?,Check sum is $
test,0p1\-1G$951/ts4pz{2}}mo;M):YNp? 85@O|h4roYCk1).e,Check sum is 6
test,5_ #-bV[Dgw,Check sum is Y
test,*B('&UyyGT|v5 ,Check sum is *
test,BmTR:Jm^S{-.AT$`R,Check sum is X
test,"qUL*~7z
f8
H0#|[tKm-(A)xM;2",Check sum is L
test,<1Jmxx`oba,Check sum is F
test,":05DB*N:TvVZw,:.g)jH|%m~Qj~p.IcW4wQ1x;68Ye",Check sum is 0
test,"_T^nNzZs}IAR. ,X:$z'W? }kGJG)]$D'}",Check sum is &
test,LL@lZ'e,Check sum is J
test,#JH j{m{dg,Check sum is M
test,=DP>A@O:#*qa-(j^_V]XP0bN	hjMmZ,Check sum is >
test,"\+.Kr&Q4cfAsBC'P
]1uw3\n,@CH?>?%6Cgm:Vjoe",Check sum is *
test,|	_ly~*:MXo89pz	gYt\K)=)0}<]$vu02E`Im dsZ0:g;O,Check sum is +
test,"/5N.Y{,+_Q2nEzMxRo6/",Check sum is %
test,D={s;1Am|'p<F_}^vQ=9uAG_viSVkI:Il)J8Qi5q/,Check sum is 6
test,=tD{?'7kPZ@\jp_&S	WVa-4D5j},Check sum is (
test,"QJj,8bX6|""fdY1+5'2tD'QRa)N>0!4nk""Wm%U@qBwG?[k",Check sum is 0
test,LGc0P(D1I1:UU&\x,Check sum is K
test,0|brZfFawrsZISoJmbhjc#2Kx+~.dw\'rp.~*)S_G,Check sum is =
test,6g;<bjp(u4iL:++/mN5kk,Check sum is ;
test,"[>X
zq'&R<}Tf-P	?3.GD1Sb.",Check sum is ]
test,FkL}QVkZZLa1=mg`Z;cwOE9rEV|h:r@Fqc{$zOfj;,Check sum is U
test,_u>`%SPsg+:Uc0<,Check sum is =
test,/Y\)-^Jks.uzOeW0uKJvzDfB{<c~0|~,Check sum is  
test,";aa9>XeQ;j_9_f\\!{rHz:$b,",Check sum is X
test,"S*	Jc:7*w0|uMl:1p?a['q
Wd8#er_t_ ]t.PP&m(7)%<0R",Check sum is S
test,";+ $""Y",Check sum is E
test,"s1ny_`|M<tp?sB@Xe	 '$<3D""7A)Drx0
\",Check sum is 2
test,\ZsBX^ic5<h@r;t}bhnvW,Check sum is I
test,`hOh)`A:&,Check sum is I
test,"'KT2<Pvc._,4efml[3 `)w^3W'Qu#Q+V1*mb0_:Nbo""%R$Rg",Check sum is N
test," Ra,xw(tnSs[9OI<<,P2'G1""kEH@+}QO$c",Check sum is 8
test,"` :ZT 7S[M	I85 0(Ov* >7zv)Q:!""!1X)UI;~%J~kp",Check sum is .
test,9`g)v1;(<>E|,Check sum is N
test,"I+)V,_",Check sum is ^
test,Sw-!,Check sum is 8
test,;y273:d1SJ2t`!=#aqoza'[<jnqhx7IR3;+3sj,Check sum is !
test,'D!U{ra~ql2A]]wj1BI#G8T)H4Q?,Check sum is _
test,[|b2<iT	e%2		s69%j%/by?baY/=hf,Check sum is P
test,""",s1,45	RpO&GxI<?qs3Gn )6q+I_opX}",Check sum is -
test,fc0}Bc(n5#7mQ?^UOF,Check sum is %
test,	?H|[rm@@:3|!mkEP,Check sum is ]
test,"#+'z1i_3HxQV6$T5FMC{0>4:
(qBFDm!|sGK-@qz 7Fg3L",Check sum is K
test,"b)_E/DUW.""asuZ",Check sum is !
test,[mb n	'8nqx4$ez=)Y(Q*!,Check sum is Q
test,"Hl4p5,+K<=Dpe9HU&Go1.gaAFf0k]]Iob",Check sum is V
test,"t
wQ`ulbhwSH$G$s+XGdB)v#cAS={p)w",Check sum is 6
test,FD,Check sum is *
test,",y<F4*S	 ",Check sum is !
test,"q%F5P*	!}o
}<V",Check sum is Z
test,[f,Check sum is !
test,Ji)i.4EdOk`,Check sum is J
test,"9`
9jPMz>wsaf+]Y",Check sum is M
test,"t{q'qy$0Qi""46&o4Vk|NSNw	U	",Check sum is >
test,"
[,0 ",Check sum is A
test,gu6K8,Check sum is 5
test,_MxU,Check sum is Y
test,u[WTmPmVlisAIQ Y,Check sum is 7
test,%#P}y!wMR<Zbs <CEFtba,Check sum is 1
test,"$Ece1Ff(A*-)BZ53c
",Check sum is H
test,"(Jvj.nE<IaV-~vT.C|
l-^JsP<@Jdrbn\9",Check sum is @
test,"	d!t0:!d*zCPP08E$2RRA4^2L,ns<!4b)hSB'fS',k",Check sum is T
test,6aUp,Check sum is <
test,ZnS=7,Check sum is /
test,mg/6786.G@o/^X~(5sP.S,Check sum is &
test,"ibHYPyk
?/9eC+i""<{DhK1f]/U",Check sum is 5
test,Syv&,Check sum is H
test,"t""J,Sq}@wKPSm]v5KLl3hkJ]f7|9-]U@Mv	^""Z}`\9Da:%i",Check sum is -
test,"dD8[ f1F[<
fgvOEs{`2FfR.
\m",Check sum is O
test,}<,Check sum is Y
test,"^2t,j=-IoDx;cYX<svAn?w8@e}dQlH9da`MA",Check sum is  
test,rj=FRLe++4X7!-K+.@FEF<OazRt	5v$A,Check sum is #
test,"cKBH[0I#~QvlfgE/cY}$/P 
JjTQD.#wX`xcKh'q/URajr7[",Check sum is /
test,:Tp:rJ$qe|>(z_)QQ7i78]b'0 Su-YqEMVczHV+~8\zXLK,Check sum is !
test,"$zSB#,Qk	/",Check sum is V
test,"LYQ%fLcn%T'1?
B9256J@Bn jaJ[4<,@*tAZF5DxFTRh",Check sum is Z
test,mpf%_y?aLen^1jnI85lEW3wf,Check sum is T
test,"Vp98e}nm> j345CNL-cI]N`&jh5o,qBj]'D@0",Check sum is V
test,"kSv{zM5
!.%0Zr7Tn0sN,l5L8tX[C1)9ewjvOJ$trZrI\yLb$h",Check sum is @
test,BNBXo@<T^-=KyJ0EYzaA'BE,Check sum is 7
test,)ZM&Bg?Uc/c9L}b'w!'lWA9_w23rDo'Hl(t2pP,Check sum is X
test,[j_Yk>@,Check sum is F
test,"71=}iUL~$.yaI`_yb#+grz\DGj?Fx){GhGwk""ZF/EI2 dK,Zw",Check sum is A
test,WNReQ1_x1 j'19@'B	,Check sum is S
test,"k!P%4?wHGr@""~H%IChL8y_7@O{KM}""p",Check sum is Q
test,"mRRwKEQoq,}p3/2R7sW\s]q5|J`9	V'~y</5",Check sum is 7
test,"uZP,}N",Check sum is 6
test,"D@l-c(l0E_,9h0
jw0=:xI",Check sum is X
test,s4!AoL3&/]%7eJ%uz,Check sum is (
test,"EogTKdQH#hEuP4xa3.*9.nRC
X9x9o^Ec!AA4C",Check sum is I
test," do]3'8:#2B4x)MB<Ldf
G{uR
=M*BfX>}#Bxn\`Z)",Check sum is _
test,"h$MxP|S\Zz(pfR""8^=,",Check sum is 1
test,"*xEw,",Check sum is *
test,"!#?pV 'zH	dgV$?b~cW""mF-/kd 1D",Check sum is .
test,|\c5#4GhYa!-:<Sb|2fEXIQ,Check sum is T
test,Qt@L09wKPqB;FEu~M}drk^cQF3,Check sum is .
test,"fEzR[=Eo^V>	aLd2b^Ll6""NX,-\)bA;<bV.Y^_;jFfX\BjQ",Check sum is M
test,"X6
~	P8.JHV^BA7^o0&]keU$RZLF	H	u-y",Check sum is 1
test,"0&UJUFmHu,p?dQLUeI`",Check sum is Y
test,E\@!u~D(~),Check sum is (
test,"
C""DqE~H;o",Check sum is 9
test,+_/K?ZBbXHT8Bkmu/m4r.Hn%	,Check sum is 0
test,"s;m Su#i;g{w`
-{%:=q6P2VZ[DQSGlM;!]_3Rt7R>+R,",Check sum is N
test,"7dTk0X9Z'B)C	)-UK>4,*iI E2XxJ;zr/Oa#G]X^CE^Q'9t&`",Check sum is (
test,<m[15f\,Check sum is L
test,"""{?v",Check sum is 2
test,W0_o;t0luzM,Check sum is <
test,"b(]1+kXcz?gfV4.
e{cH0LCC4#ke))_p],7]eTX[B",Check sum is 1
test,w%I	`(,Check sum is V
test,"y>@G36
Y	<2*K:N8;""~utjfQ53Nf`TS7P7j_2N>[	3^QB",Check sum is +
test,9\f>S^>t93MBj,Check sum is !
test,S	{[HpYv:-rM(g652Wyv{S'v,Check sum is \
test,9WM:M[`U0qLf	mML9^HCU@8	^a,Check sum is -
test,"pme`Z-Lr1>	Ji(*Eqg{ Cc,=A{+|",Check sum is .
test,Z-.Ie<kjmeJtXLxpke/]8HwHmtum*[NU,Check sum is 6
test,"+-[J#O0J,G",Check sum is <
test,|f}O,Check sum is N
test,">k%Q]>*""DG8B>%ub=k)vOlQaB:qN#YQZVfmwMz+p,X-J/QBc8",Check sum is U
test,"9^]E?;7.BL
",Check sum is P
test,"Ru	xly]F*lGC0+@22<s7Qy
+&)c %U8Q*FDnRq[",Check sum is I
test,"Z6_[)Bz35	X6^PXWy|
l.oa3b.94>:s^ {X~^",Check sum is \
test,^jEo5hf}KX,Check sum is ?
test,"q7*5w.:9d[@
y.6*H;>l}=#^7t:k>0QRvn];UOGoYc_ex""}!.T",Check sum is (
test,"@\dU4t`%P\Rdecb J8N1n/Bxnc=wpN^M+Vx+3i	
",Check sum is '
test,3N[#a2_?NtC1_,Check sum is %
test,"vzj4}\ulmfB:X7!
>R^$7h|K	K/>9dHZt+H6M+",Check sum is >
test,"cQ
CtA;
B2,J&8O",Check sum is 2
test,"FPW#oO%g@9Kt
~3KMt}HE=R2nOf,P&w",Check sum is @
test,)Z06/2sP+;J,Check sum is ]
test,q96>1]_JF`{,Check sum is V
test,"B1I#P-gRxB,FRytV|PV1!Ob6`a6{?",Check sum is B
test,'b7HsTEBtr,Check sum is \
test,}pHf\Ce8|S-,Check sum is 3
test,"42q.||(XR7(zo-}_:RNU6
w|lK#x!JMS|uWewaY$",Check sum is A
test,^8ja?U&,Check sum is ;
test, 2Qy[N:l6A|63HEpv+rC	@;:j.Xg0RfCy,Check sum is 3
test,qm:$&1*_AK$47ThaZ+B{,Check sum is 6
test,"Lr(}""slpxMfr0mBf9E2XxMx#E{	p!#q","Check sum is ,"
test,"U`\xI""1J(>%p'+X@.<dm0yDQ5H\ZeVC1Q.~()",Check sum is ]
test,"Y'/XV*N~8hg&7IeHO.TnOQ)vw6=oy*X}|
W3sIsx\) ^aV.I`",Check sum is $
test,"q*T=CiK{2pR( \Q
p|CW 9bIR,#^:@0F	Yq]jf)it2B`+~9GVS",Check sum is V
test,"~Nd?![=&,/eC6=0t[6QU*gt!Q? bJl",Check sum is -
test,0-tqVI *oMp74@=RY/uT>{%#ky \7$,Check sum is >
test,JY31:_eBz0SCq2'4F_&~Rv~b:D-=V= ?*,Check sum is Z
test,"X~Q4_/p=hX
fc;O'LSYZ-pw-/^Hc",Check sum is E
test,?eeAV0hCMP5DF,Check sum is 7
test,/ gXhyn-)Q.9UDutgKX+o+cTtE`7Us.20LoHjdst@EA+{+,Check sum is J
test,"x
5EILa=""AO
+3
at&9B9Lg-Hx$'^{/|~\",Check sum is +
test,K6q`C5_9	V{p/?w,Check sum is 1
test,T1&Rwt$N&xQ,Check sum is )
test,"7Ic!9eU)V	s`&x9czb,73	'+NFM0e?$R	x^#`#u+Z",Check sum is #
test,"Am|pTCaw9
""?&g&IPSMm64U-8jVovFJKH@[W6",Check sum is :
test,"A-`A ]-#v;A5X;w!=$>>-t&z,hJDMK}}",Check sum is  
test,"
[T.\;",Check sum is ^
test,[m[&g%$);t,Check sum is 1
test,"""~py3}^{",Check sum is 2
test,:N#+n)o8	$'-8,Check sum is -
test,"l-;Tf|EvE"";;~HKn6@F	GoTABtYQG@r,2WQL!)+j''",Check sum is )
test,")}/}nVtF<QOd[xbk!E.YP,O",Check sum is H
test,"""GfHMB7F^FX
dp'_&uf*Y6>o4&L;8iwV*2%tnBTT5oB",Check sum is L
test,0}[?&,Check sum is M
test,"^zqHBGz{OF1
+)w&E%(q",Check sum is 3
test,"
avpI<
'@S{~)(M\@9[4Fk",Check sum is &
test,T\MP#%)|a{u5@2~1EcnUQ=2,"Check sum is ,"
test,"'qIVc^hd3J.xD5##MHg5Hs
b 6	RQ4C`C}=Lv6}=",Check sum is &
test,"@p_JWgK?`,g^",Check sum is R
test,v`%,Check sum is [
test,?tGimQd^C,Check sum is F
test,?*#W'5N2$,Check sum is C
test,nsHa<ZU.AG):^ U.by7&5z,Check sum is V
test,"+H""^^(~vWo3r""sqmo@<IU",Check sum is 4
test,"[>	DY_mhk""Au",Check sum is V
test,"*E>zF|
!X>yP/b~]:amk(:l,+R[
xxZw}~Q^VSW{",Check sum is 4
test,"NOS0{[M[
)+$x'QC/o""8AhiO!$#_</L.q(-Wn^Lq()Wn	SE)",Check sum is >
test,>4Bny,Check sum is ;
test,"uLOX*'cl[/GC\H/R,kakTPWJ",Check sum is I
test,"+ZI2Z_I!ty5y{6Of""-?)58o4$	*;)U",Check sum is [
test,"Q(Mf{j9veJ}Xi?v+""",Check sum is O
test,^lA:`,Check sum is E
test,"vg@H='	UP19!-
+9b:%ploxv/ZO>7

# .\]25WN?.",Check sum is ;
test,"1ri
;<mz#'sOs;9:/ztl@iN%Mj)",Check sum is F
test,C~zew,Check sum is 7
test,"QQsb#@nam#@}<2=#*1f.L	^T&.7GAd3Kw1`d%.z+	|,2O",Check sum is %
test,cm\M_LI>q?h?pF4	}y8	&i~=ojqloe1LW7Gzg4En,Check sum is :
test,"8VUaD Q,&:dY{%W49Cy",Check sum is B
test,oR.w|L,Check sum is N
test,jK)-4j)}[r./FacH8n.25>)|/8:;$9(s,Check sum is ]
test,"3LDb|PUnm6JjX""!0uF-yaX<&D)HnEWs_U&faYc~-f!!W|m ]6",Check sum is G
test,"k,\e-$$B`&Qe* [oGh	;;	!(",Check sum is ?
test,"2X
YSWjvNcP_9n'ye7ihW*z1",Check sum is W
test,N!{#MvcFlr>v]cdqbz)0BsG]PE)Co\7D26,Check sum is =
test,"xJ@0ioj(C
#DKHuaQNQBQ.V!3=BsP7Jw_T4>q	[m",Check sum is U
test,!HGo*TTA	<N.W	/<1<	6pa_]Z467K2MA4,Check sum is Q
test,+Uh5u5a,Check sum is H
test,j\c]+?AY#l>,Check sum is 7
test,"F^VE	/yN/;{2>,,_o{-wQEMR#-'5+	K<t]",Check sum is %
test,lWy/5g Udbi7Wfw#ldJVU(;gv||,Check sum is V
test,ahDs@*U,Check sum is _
test,"!=o
|xIXv';G^@P2uf- ~UzM/9N$2}~iI.Qj4p;4X
p""",Check sum is 6
test,Z{ON8ZoIN]jx.Y_Y@FVEVc}Y7en#Z1Z[Z_,Check sum is >
test,Oi >'::%+8t89 xv,Check sum is L
test,"y,*@T	W!w!<pS!TzU4""Ymw9KRU{
sL{",Check sum is \
test,GQ_Kt!A<_[;	:RW9,Check sum is N
test,"Y{+J'<L[;J%Vc@geM	@sJwSO%X;Upbyxbo_,I#U|",Check sum is 7
test,"aOo3Ah@x&3Q,W`I5((XA)jZ=L^~:/}{""qs6hJ!MOx~~Z",Check sum is 3
test,&i-FM(ODWFL0iCR)vGR	9R .b4{nL8?;gZG4@WWgU+*Q,Check sum is $
test,"!7Z
3??hsK
jLkqx^0u%` S9'#R@GkWR-f
$48
i+",Check sum is =
test,"Z?sc	=UBBo
K5",Check sum is '
test,;9SXjg5U0N;E14it]3#5k>P.~+M,Check sum is _
test,{oG}[kb,Check sum is 6
test,1OT	korEy1#U5lsEeT%piw'f	Y,Check sum is &
test,pE	,Check sum is ^
test,"@ zX&\1X!ea""b|1k1pzc:qM1
NPfEe@H=N",Check sum is R
test,"5c'`K\oX5^Z+bs$UQ',w",Check sum is .
test,"saN
L$	qw\:q{'v@	H\Fw2eAn%0>`	_M%J}{+gY&""9",Check sum is 7
test,":tW@z	dE8#Nf&mamrQ'9<iu>=@K=-[J5;	qTYn	Xw*um""/+h~1",Check sum is O
test,ZBj<K$YdfVCGs)/zyqm0h_DJI|43YAaeX['xuW.E~h	ar\,Check sum is 0
test,K9v^ZFa	Li']<DDO`cJp8d%EGu$Sk;K0B^p<x-9KS/TJ	X,Check sum is [
test,"
582ochm,sX}4;ubVLkLGjz ",Check sum is N
test,"S#y0 5S.fZMV%da?O,QN4j ujB)O,}/9,9`,J{1 D#fE'`cH8",Check sum is &
test,S-mq99[Dl-N$@F2=}g4*2%esJJ=MzCnY?:9hr5EVDj-`IO_~KZ,Check sum is S
test,"lXCMz,lG>o%u",Check sum is T
test,"}r.	E&*p+d*#`;?P,Mx<*IDEg",Check sum is !
test,"^M%h/{sSXdr%xbc&Bb,5Q.	Kt/6",Check sum is /
test,"D*HZkl\f^bnsZ6or""cjm1yw'|~`PWzg3yf6z(lNScV-",Check sum is >
test,";yIm{+gC#u'&I&""Vq7t:]ALzy	6`m<NC;\I{6=U`tNr",Check sum is )
test,"mSGoZ[NPu3kePL-l^hwj|Pz+""a",Check sum is 1
test,"YR/,5F%}L~+Y1UCP(O0~n|O|V""@=wWblLT
}P'RP%",Check sum is :
test,Q)5*6D9]g	(aQ.,Check sum is A
test,%o(06J=O[u{|a*R9;$fu#94,Check sum is ?
test,";6*`6H	L[Ufb`yI@5qB
y:
 /J{v~I9",Check sum is A
test,7a(#cLMt_u<,Check sum is C
test,"~2
p9",Check sum is C
test,vami,Check sum is M
test,f1i1OVrXz,Check sum is :
test,:vIT}eR<?`%4!]$g^o!91:KZm$~$TDI.Ie&q8/,Check sum is C
test,"Fmq|<vGxRe9@,$fSrLKJm#=/&a",Check sum is @
test,"`KPUp?r2l@\#i\quW>/$\T:!{]""31\s0gwqaQ>",Check sum is (
test,u!SH#mWX/;zFY;/.=(rX!.AQ/7en,Check sum is 4
test,"JR
iQY;",Check sum is T
test,"
toi'>> '7",Check sum is W
test,'E-nsSWJSLdO@AEEtOglWrCO8z@tLP,Check sum is ^
test,=>|pDYLX?kf{4xv-5l$,Check sum is '
test,G8aQps\,Check sum is P
test,&Mq_(!=p_x1n{I%5T+CH&\F;Ujt`,Check sum is M
test,"J3v0Q>L(!z5:P
+\ul#em",Check sum is G
test,"FrW!%vjY@M@>8
02s6x6	Z3z;]u=39Lq:C(H|\)F",Check sum is +
test,P8D	J?f>mGmei'=U;d)N,Check sum is  
test,"~E@uNVThU_r5UF=f'UUKe
@R;Rc5;I?}8D~]a}8",Check sum is @
test,Qq>03H.WsB-iGsVy+RH=ojV(Xo%][sn,Check sum is B
test,"`aA]#`jx
yIEyYiEUEAU#6u",Check sum is 3
test," <k<lbKiHBG%m,yQM`~@ 'h<XC""{	?9j[D{\uyG'S^l75>",Check sum is P
test,1yKgY[3lH(kqjO,Check sum is T
test,"4
ZD,^f473",Check sum is J
test,")K0VW<F|Ec7qaD+s"",0\%R52$.GKcbQVt",Check sum is >
test,"~P4*UGQ	%C]C`HQN
m.!bB>j3[(*{""#+9Oo\=Oks",Check sum is +
test,"rg0L%Q&&,gd8))n",Check sum is &
test,l<$R~[ZpQ,Check sum is 2
test,@Zyy1zy3,Check sum is C
test,"W=T)4g""Po,e(szc%XwM/&7(Z`e=H}}^p6~pk\",Check sum is B
test,6yiK` AgbCRFO`TxtAP&%(F{&u*8VA?gLiMHwp.n	QKj?iLcm<,Check sum is 2
test,"f@X2Hhrz*m=8V8Vr8Bp57Y;L$.""_!pjiNEuN0}~G`^y9boj*",Check sum is X
test,"9Lj5goS?X5;+`""X@$XtAtZz8Gl$E>1I>)Ftkz_. =g1t]'AW<",Check sum is R
test,2w:J<2tr&Kl1u,Check sum is $
test,")w8w40-,u=}iQJ2tu,w54n ",Check sum is T
test,"![f+,CY",Check sum is 5
test,HWn'YIU!.N\8pEjK2S`pF(&@V Hq E 37se9#>,Check sum is _
test,"3""2=:
",Check sum is (
test,pm,Check sum is =
test,PNetzu<m+E2x$9(#@iS{PjI`*#Dz}N'F.b1MMt2_I|,Check sum is 3
test,",4GPWXyZdy~2s/ Cc.:@B(^KL?H@Ne0O",Check sum is N
test,<sRf6n:^S9IcJA; ,Check sum is !
test,":I
JjYiRk6VqqX+\E9""r g@vxcnZTwy=yXc*cy96",Check sum is I
test,"U/70h""|{+]6>V)u93<G#oRIjao)F.HIdn0	E/@5~E$%4/lki",Check sum is #
test,H	coK(CkQfmxu&n&(ok_V/D#,Check sum is <
test,=RUZc}uk\6$%*.$5sHcNG!7-(E$i0X(,Check sum is L
test,Y``xG#&39'Z,Check sum is .
test,"[!}HW=<= lM,IS_PYf%T[j~mQq`&R]",Check sum is ]
test,"qx2<
CX0]%}#O6{cO#B[D-Cw3{c!0J;9Hh?JN0&]`3",Check sum is 8
test,&34,Check sum is -
test,"$y#3?}L`;1C!pKj}X_w&v=Y~t8S
UrnO. +PaC",Check sum is E
test,>]HWc.h;K$]s&[7^&u\.fWDB;nN,Check sum is B
test,"*/o (#S#*Ssx;81oLYq6|tl<W
4z(cQ5~3",Check sum is 9
test,"J4:7mD:;AnJt'4LgB,wBup """,Check sum is >
test,"r<o4Ac3[dwI8]a\)
#4r53=ZJ",Check sum is ^
test,"RQh<E.9/{=n.t""TOy4].tzMU$
7/-1/!#|)%",Check sum is F
test,#Ph1#`s[@OR!*VtUy5*418J7C7S4ydrFuEp(?hOe',Check sum is (
test,)YJ ,Check sum is L
test,"\J$/NQckf)t+p	;!,Ey",Check sum is 3
test,rn!Q|Ke(Tb_zQ v}_!M*RA+.8-\+f5wf*3=H,"Check sum is """
test,"|(;NTtrRB!F|
i{W5	JbB~'r24YE73N""bLzFvE",Check sum is M
test,"|f
3<5~>.|Y9\UwqyUW8`7(Bi:hrc",Check sum is ?
test,/|UWN%pLUOS^jow!,"Check sum is ,"
test,">16?rgl
*2h1",Check sum is H
test, U]?lJ:4^@*8,Check sum is U
test,BOGF@#S8,"Check sum is ,"
test,"Qjuv+jB_xq,2U2$*Li19^5v2Dkj5R@G0s",Check sum is <
test,T{t.2u,Check sum is 8
test,"TX(5=T:h-g)uI w#f wPR}
C6gl2Y !}?b+V",Check sum is .
test,"eEVMrFHkczH_cdeRMKu""l+Ik/e)&?t_9
BQ=wxDl3x  Ch;0X",Check sum is T
test,"{L""HOxw
(lH&D	_7mDT/2l.uRt-b/Gjv4IU7Z(*LW7Nv}C4VWw",Check sum is I
test,"CS<<MW	}I+A.o5HH^a."":k5BQyd-:)K:i{-J:z{mD3X]VeC",Check sum is >
test,weG3RI\uPl\@m0!l]s	SYo*oK@K;#2Ri^0,Check sum is  
test,nfMnWgfUqNqr-@l,Check sum is #
test,WM{(vd`%$J=.[_5ue{r9D[,Check sum is -
test,"K.B.\kex
6zi=[Yk!?vttqDok}B|kG<A}eZC
'WY,",Check sum is /
test,}k`#P,Check sum is [
test,".o8&WK2Uf1bt,A`Xu4R7	>o~0B
}/f,=kEET",Check sum is <
test,"z\:`ocS\S_O1R05sz""~>?By^Dj^qe+C",Check sum is -
test,"x^^q(nr+K]QoT!tg89uN;0
R
OC,=2Av
d<>G3}F",Check sum is >
test,NOTC({#=jhX[81K9c[gP'aRZE$,Check sum is [
test,\	FlnAmt[tM(#qiB Z/m,Check sum is  
test,*1<sk?rIs,Check sum is B
test,"D79W7l-)\QB^os
>@""y5njM?D",Check sum is S
test,"A9/T^V3L+}OQ=t7(4HCfK#:{ZhznOegjou,jfz_d[""]",Check sum is V
test,U~yE%M+1GM6,Check sum is I
test,"w>qTAb-p\@}{Hvvpj
(}SS",Check sum is Q
test,"t/vyMF	W'm0,z
'f?4N8_{$XL d]q@K[[",Check sum is T
test,"w9U,K *CY8Gka]y",Check sum is #
test,"3Vq>	R.+Y|RePT+3h6t""H_r6Di!",Check sum is +
test,"Na<9w(1
__SZf*Jm{Oc%Mz9h$""-Y#SSS",Check sum is 2
test,:6Y|.N-mQ^,Check sum is *
test,&r/Ni6x4|6T,Check sum is F
test,!Ju/&$pTQhZB4v`.-m$,Check sum is H
test,"g__U50kTH_0r~@!)s""fh5ZX",Check sum is Y
test,"=
9/gqt7Hs /NUdj;? e=>W3P",Check sum is !
test,"QM3tS&^/-!DR]""~Oa<eAwO+	kIB%/KFM=D[Y.ac&Sy\=",Check sum is 2
test,u	50cb$Yj;+C:/PTG82CG$8I7V<zIF{sT,Check sum is Y
test,BJKJ8t?@)9uK^!=MM6bjwF>b@-t)J dD,Check sum is _
test,"0r4,L1#Krl(""+i-$Xp","Check sum is """
test,"U|HkS-_!`|lwKz2#?)8""w{SGz`B#}L90zHUkITVOj}_u5+",Check sum is [
test,\Du}/EH\1ns]}6X>{<?Tl7pDuEW5r|m),Check sum is -
test,_.o:\H&]n69Qp*V[e,Check sum is [
test,"JqH,5AexlWvjUXD=o*;Ea}vav[(*b2 a)","Check sum is """
test,"rt%-(/8]}AXK]<!Fb{j""{o\e/_4Wy1OV}5>x[s[AHl.%<}G[,=",Check sum is >
test,"Jy!DcL{ie$~PrKikF,&fB",Check sum is C
test,oSAC$2t.R1,Check sum is !
test," s96<qX{K03v,FG",Check sum is ?
test,Q4._EJO$!?Pb9Z	-_#<,Check sum is M
test,"6\-.h;qM-Uu-[=NEx)}.)<oMB'oiMj5d2ZH#l|AKE7,;1JZ",Check sum is ^
test,up^MRg);C14=P)ndMQ\2-'{639!^rv+Sixi&r,Check sum is !
test,CO,Check sum is 2
test,",@62x>.6Tl`~fS
3\=:!$l ]{_-[OD`4>,U
1	",Check sum is /
test,7n_,Check sum is $
test,RSRpo-=Eo$*=%7 eSCJ\<}_|QAm}/;]On%mq@l]}?A,Check sum is Y
test,"GjVWl3tdna}#C;1),J""i_5Iq!Y,[@1mf(%4b<|_:iw^r""P#",Check sum is I
test,2lS'.<\Se,Check sum is 6
test,\K`PK}NjYJW2O{?#|R'&YZ5{[,Check sum is (
test,"#`S3+X&""]im-q	M ]9mzt'",Check sum is S
test,M2g:yu3HdMm+Bi cH'ENoX@a(0dB,Check sum is H
test,"{M""l*dmBdef@_\*\dSvt~=gkp#I)LXwKxz%VPr",Check sum is +
test,"1)waJ&/W'a?	_GMut6F{~?[q@My
=5@.a)k	2'9WC1LHM1RG(",Check sum is R
test,"MyFcp!^}x?Z+cUDM}RxQ3V{rkpb
RXgi",Check sum is O
test,"ng/GQoi\$C*1lsbo-H,>/2d?9P
XK,H 7ZF
$B",Check sum is V
test,"n+pcST:<4Y[P$9q-#~] )ZVocJ_/Jaux@g6 [S:*6Lq,t.Ym}",Check sum is (
test,l|QEB?;_kOX}/QoiVRO;qHa)9xv;xYPwPgX[__>,Check sum is 5
test,;iq,Check sum is 5
test,"cF,p:qh>kPdr;O1sL!cY<47o""",Check sum is V
test,"p/zQ {a62HmVRgN^')ciHlN[dW~Eev9`}""Q""
5O\B5fA",Check sum is #
test,d{,Check sum is ?
test,"~/',+TpNuiRej ./;eqR}>VL
Ezu'mIZec+=|6YEL@i315",Check sum is \
test,{Uhn{ialpB]8H &h=f]'._ec/,Check sum is _
test,"`>^5E[`Z9vML!w-AY!F,Yr3O{*H@",Check sum is _
test,"`z
@eC3f~R9&k\LURN2/e9ice7;]q}	N_U",Check sum is 4
test,",nh[Bn^!_=!3vKRA
$COL$pwHK?un@
?",Check sum is E
test,QQ3Vh^%C9%!-w`_p;iJc+I:{aVBb+Sz/\Ywrg2,Check sum is >
test,A_c`jCANab@wbNGee3,Check sum is -
test,jte,Check sum is #
test,n0gKX%l[,Check sum is 4
