set,input1,output1
train,,Check sum is  
train,	,Check sum is )
train,"
",Check sum is *
train,"B
","Check sum is ,"
train,"

",Check sum is 4
train,"

















































",Check sum is T
train,                                                  ,Check sum is  
train,ssssssssssssssssssssssssssssssssssssssssssssssssss,Check sum is V
train,"CD
CD
CD
CD
CD
CD
CD
CD
CD
CD
CD
CD
CD
CD
CD
CD
CD",Check sum is 7
train,"x
y x
y x
y x
y x
y x
y x
y x
y x
y x
y x
y x
y x
",Check sum is &
train," 
 
 
 
 
 
 
 
 
 
 
 
 
 
 
 
 
 
 
 
 
 
 
 
 
",Check sum is :
train, ,Check sum is @
train,!,Check sum is A
train,"""",Check sum is B
train,#,Check sum is C
train,$,Check sum is D
train,%,Check sum is E
train,&,Check sum is F
train,',Check sum is G
train,(,Check sum is H
train,),Check sum is I
train,*,Check sum is J
train,+,Check sum is K
train,",",Check sum is L
train,-,Check sum is M
train,.,Check sum is N
train,/,Check sum is O
train,0,Check sum is P
train,1,Check sum is Q
train,2,Check sum is R
train,3,Check sum is S
train,4,Check sum is T
train,5,Check sum is U
train,6,Check sum is V
train,7,Check sum is W
train,8,Check sum is X
train,9,Check sum is Y
train,:,Check sum is Z
train,;,Check sum is [
train,<,Check sum is \
train,=,Check sum is ]
train,>,Check sum is ^
train,?,Check sum is _
train,@,Check sum is  
train,A,Check sum is !
train,B,"Check sum is """
train,C,Check sum is #
train,D,Check sum is $
train,E,Check sum is %
train,F,Check sum is &
train,G,Check sum is '
train,H,Check sum is (
train,I,Check sum is )
train,J,Check sum is *
train,K,Check sum is +
train,L,"Check sum is ,"
train,M,Check sum is -
train,N,Check sum is .
train,O,Check sum is /
train,P,Check sum is 0
train,Q,Check sum is 1
train,R,Check sum is 2
train,S,Check sum is 3
train,T,Check sum is 4
train,U,Check sum is 5
train,V,Check sum is 6
train,W,Check sum is 7
train,X,Check sum is 8
train,Y,Check sum is 9
train,Z,Check sum is :
train,[,Check sum is ;
train,\,Check sum is <
train,],Check sum is =
train,^,Check sum is >
train,_,Check sum is ?
train,`,Check sum is @
train,a,Check sum is A
train,b,Check sum is B
train,c,Check sum is C
train,d,Check sum is D
train,e,Check sum is E
train,f,Check sum is F
train,g,Check sum is G
train,h,Check sum is H
train,i,Check sum is I
train,j,Check sum is J
train,k,Check sum is K
train,l,Check sum is L
train,m,Check sum is M
train,n,Check sum is N
train,o,Check sum is O
train,p,Check sum is P
train,q,Check sum is Q
train,r,Check sum is R
train,s,Check sum is S
train,t,Check sum is T
train,u,Check sum is U
train,v,Check sum is V
train,w,Check sum is W
train,x,Check sum is X
train,y,Check sum is Y
train,z,Check sum is Z
train,{,Check sum is [
train,|,Check sum is \
train,},Check sum is ]
train,~,Check sum is ^
train,Js,Check sum is ]
train,W-,Check sum is $
train,(k,Check sum is 3
train,`;,Check sum is ;
train,W.,Check sum is %
train,Hi,Check sum is Q
train,a],Check sum is ^
train,!~,Check sum is ?
train,Tu,Check sum is )
train,"
Q",Check sum is ;
train,Sd,Check sum is W
train,[_,Check sum is Z
train,W?,Check sum is 6
train,D2,Check sum is V
train,:G,Check sum is !
train,)w,Check sum is @
train,01,Check sum is A
train,l5,Check sum is A
train,!C,Check sum is D
train,bp,Check sum is 2
train,30,Check sum is C
train,AD,Check sum is %
train,R7,Check sum is )
train,Yv,Check sum is /
train,lO,Check sum is [
train,	p,Check sum is Y
train,g1,Check sum is 8
train,je,Check sum is /
train,Fu,Check sum is [
train,[t,Check sum is /
train,"""N",Check sum is P
train,;f,Check sum is A
train,ca,Check sum is $
train,Bi,Check sum is K
train,;H,Check sum is #
train,oQ,Check sum is  
train,%%,Check sum is *
train,~x,Check sum is V
train,Om,Check sum is \
train,8?,Check sum is W
train,<I,Check sum is %
train,G[,Check sum is B
train,Mf,Check sum is S
train,",$",Check sum is 0
train,"?
",Check sum is )
train, a,Check sum is !
train,1Z,Check sum is +
train,[_,Check sum is Z
train,`x,Check sum is 8
train,1V,Check sum is '
train,l\,Check sum is (
train,xQ,Check sum is )
train,DE,Check sum is )
train,ux,Check sum is M
train,0U,Check sum is %
train,69q,Check sum is @
train,I	3,Check sum is %
train,N^3,Check sum is ?
train,zdQ,Check sum is O
train,fyO,Check sum is N
train,=%^,Check sum is  
train,",r9",Check sum is 7
train,DaC,Check sum is H
train,~MP,Check sum is ;
train,FxM,Check sum is +
train,qOU,Check sum is 5
train,`~4,Check sum is 2
train,17Q,Check sum is Y
train,\7e,Check sum is X
train,!g-,Check sum is U
train,	u ,Check sum is >
train,3s(,Check sum is .
train,dsn,Check sum is %
train,$U',Check sum is @
train,!!t,Check sum is V
train,49K,Check sum is X
train,vcN,Check sum is G
train,b)i,Check sum is T
train,J.],Check sum is 5
train,8<c,Check sum is 7
train, O ,Check sum is /
train,W*1,Check sum is R
train,	`!,Check sum is *
train," G,",Check sum is 3
train,SD/,Check sum is &
train,akO,Check sum is ;
train,THY,Check sum is U
train,A`b,Check sum is #
train,"|j
",Check sum is P
train,{#(,Check sum is &
train,?Cc,Check sum is E
train,"
TA",Check sum is ?
train,H:z,Check sum is \
train,j$R,Check sum is @
train,bN	,Check sum is Y
train,!L7,Check sum is D
train,^D8,Check sum is :
train,*q],Check sum is X
train,qk`,Check sum is \
train,OQC,Check sum is C
train,I+',Check sum is ;
train,hAm,Check sum is 6
train,>Ol,Check sum is Y
train,[jZ,Check sum is ?
train,"rU
",Check sum is 1
train,"=Qjge8MQstb,!Y n1-Y-s oP>mE2""*|wbpx8xNZhQ",Check sum is )
train,"$3:z_""[",Check sum is G
train,p=,Check sum is M
train,4KS!&n{Lm:5[oI1*3}@0^fi`FHZY=E~.cO^F],Check sum is G
train,"7u\)
#}x@DDnTHi4NO2zNj'\GlXJDoy/VJ}Z3*{\8Fv",Check sum is 5
train,C	8>vH?,Check sum is _
train,"hH;a/L9j,@|8%U=?r1m.3X4v+(u[",Check sum is 6
train,"0HLuQ91>+/]Zx#efV'e_.P{r$|
Z)","Check sum is """
train,`T~e;c2_6^(!.8:SK<VBY[0:>,Check sum is 1
train,X-\gTv&Y/|m(ryEhy3t`	:)eM5r,Check sum is N
train,"ER2%Jkp=VryQk,z*e{|v-a.+V",Check sum is L
train,"U~0`@U?7H{65Yd4""zP*?L\R?0",Check sum is +
train,wLIE)eA>%Zgv@A+S9et7X2evFm5oV_2x\0EV&,Check sum is J
train,~e~#l]!+=Jt$*92<u#Zs;<=<7=ul9},Check sum is I
train,"OwD+o`6_a1rGt{EK7@U%b5,V )eq@YiJJ~7eV#(jL>]`Dv",Check sum is (
train,"'hWU;M3o'O 3G<tf:}ri-Zm<,l<R*rQy^h?S
[w*&",Check sum is =
train,>cM3'$f(RgqA]1d#mNTm*zYje^[?hE0ug#,Check sum is 6
train,"Wu38v8k}`sln=w{M5Kp4g~U^\Bn""7\.
kM9J?&/",Check sum is Z
train,"(k2<Cjl<Y6+$!+<`+*%
%FH}",Check sum is 0
train,"\6	 %2k}V5hd-5V""T[0b91i&nYXi8wcG@6kKb(Ui.s",Check sum is ;
train,"oingoMc``BBVyY,&(+<.Ea]t2MBv%tTPHN\Z1]:T=""7OeQLU<",Check sum is 2
train,"rV,Hf<q2}e`*|",Check sum is I
train,o/},Check sum is ;
train,")@nc!vU
NhJNcG[&elAj9sJcaJSmE4.48,4Jxm@s/$QY{>@P",Check sum is $
train,"t 3	X8T#8lusd5SjD""J-d5uHH
%;\K,i)i>5i`",Check sum is H
train,"VT1$lR""#""GC':-yWYXf(W?wx/",Check sum is _
train,"h_UUjD&t%m2M_pdg	@gJJ^0wGO 0jY9BSxk)5X\5
",Check sum is 8
train,"t|P-mGI5{H.e*/P\qwh!J-XN
VGNwTIbfk{'<6L|M_JS>C-
",Check sum is A
train,@1oE4^:N8I'(xdKo')_	B.p1#!>~,Check sum is N
train,"62}Hk:q@D_Ycu7
[eOG'6A+XO)u
4M

.[rg`MSA""V",Check sum is V
train,\[/>H&2.<j#n~KrVA(%Q4ac'Ig+W.)+T$&$d'e3P7{&Ri{Ua,Check sum is E
train,"Q-Zc( SZh/Tp0RKXghFdH9Z{>/-;<{2ne)	8lp""~[*Gq",Check sum is S
train,}2|k+#je,Check sum is S
train,"Sp`Oy!]H:XF,C[%@~/-z@8aY6Lq$Q2K&T_&xX""	,(|ONA;MRB",Check sum is G
train,etk8[L2@&f;rL B{wV,Check sum is $
train,"*kON
]gx0_#wv>w 
Giwp%91M1@PruWaY@{[n",Check sum is F
train,"	/Pi2GMn@oLI^Dy""J	H:KdV$z0B7J#R:!08XL<@Gq",Check sum is A
train,lZ@,Check sum is &
train,"tcj*ZI#{K,!y&j#>7\2YU&",Check sum is '
train,"dkR
GZ""""w`KXBZ5@v&",Check sum is W
train, .<7	x =\zv5v,Check sum is 6
train,VT$}`OhPrt{zZD]J\fX~-)$y&+}[8|ka?'&tR,Check sum is 8
train,"RStWPMm&Zk3}7!7|vzoyz1lyV2faZhK1DDVE""oA",Check sum is *
train,IK5n1,Check sum is H
train,oQ22?{n6*Wk,Check sum is N
train,")H8
Xel""%nf&4f0i=M-tEVe}+vl",Check sum is %
train,"e!c\6x]GC|""jVY&W|4""06*Lj_3f k(TLbB6c|})",Check sum is 0
train,"""=*J{hTPAQ>?vET!c-.=""+<p\}-O5ITxvc$l",Check sum is 5
train,"XB,u8G	lrAwV`@iQ;nOK>wE[ %C_PpRI:.""U[m3zKDO9-",Check sum is [
train,sP@>HiLg)%bw^I@m!/rG+qd&~>8mQ,Check sum is !
train,"'+PGJJDJ<HT]1_
EG6k33",Check sum is M
train,3t@<QH	tG\r%j~ 5FIU!Du'gd&,Check sum is &
train,/Y!`!96!d`;FAi,Check sum is I
train,"XIDI""Amr5LdRT,(+|7ceE&pV?N",Check sum is S
train,"=B	wG[C	#$~ONh3bGoF""{",Check sum is E
train,"
'x/>|q6ku: X~Ez/%n?2sB",Check sum is P
train,"yL7[7n|n_w/m}#@
oKGp	(}r""BY",Check sum is 0
train,`GbmS%)v,Check sum is -
train,"}#4tA^DHHm'iye!
th21Mt/^J9fQ	%v	!s}Q'	O2",Check sum is (
train,"ML@i?@1>cG6_jZTdRN_M"";$o-m""I7v/.aYJ}d&Gv9`$]""f#<|",Check sum is [
train,.VER,Check sum is ;
train,?i\Fc-D_-dJ|-#01Sd/,Check sum is K
train,!&:Tla,Check sum is B
train,"|B |
&gbf",Check sum is Y
train,"5ErllM1]c
UH	;hD3f7Ob!88xo.2Vkb",Check sum is 5
train,]['4KDGa1[X//dLP`zAi)|U2pdFvV!g,Check sum is J
train,"vPR>x1m""Z?U2&3cMKnbLZ>n
uX-7=K:S5Y4U;;v*6|	n",Check sum is *
train,"fpAt
T]k+]cCP@AO53Q?Aep	{u	Xs[Mk",Check sum is M
train,4DMg~K_%A|F;k<KUnL$'`uOhQ)sNa,Check sum is K
train,Snk\lfAf2rv*%^;\,Check sum is ?
train,"[B0^0S%mEe/Gm(F-f3!SO+w5M@_QK,,exA|",Check sum is 5
train,"6MwZ:L=H6-p_""Q",Check sum is $
train,"""z0F*E)%s-MWeOI+""(Xu~Bqp94Hy_nm:{*v",Check sum is P
train,ErM:1f;,Check sum is 0
train,"G#$"",8\3U;_\78:_:<&p'{}K]d1%
tdY?vD",Check sum is W
train,"W,+MCNfFOz&N/'9{	l#0",Check sum is '
train,"-%-6&lfrhcX,u; S\:P:~R=b",Check sum is @
train,"yxhICW$zu6G4d(,dcAc",Check sum is C
train,@m,Check sum is M
train,"^:u})#0:(UCN	<`Tk!#kCE	J,N--""[",Check sum is -
train,"8b-|W5
g",Check sum is  
train,(u,Check sum is =
train,l5,Check sum is A
train,"f5fj`J^X,Z;}*#zioXZma{w:RwZG#WB~N\r[",Check sum is O
train,"1 g/&_u,O1 P$eNp}tfh@P{s	n)z%4zppaQ",Check sum is  
train,"n!U5*P{7K'bIerU!DO-k#B6""CO bDNu6qW;Y)/]4KS&.Yzb#&f",Check sum is #
train,6:h|,Check sum is 4
train,"7{a!;i5a6WN)vk5,)e","Check sum is """
train,l't>&,Check sum is K
test,"
N",Check sum is 8
test,}q,Check sum is N
test,nU,Check sum is #
test,iB,Check sum is K
test,I;,Check sum is $
test,jh,Check sum is 2
test,6_,Check sum is 5
test,X!,Check sum is Y
test,j_,Check sum is )
test,E[,Check sum is @
test,tl,Check sum is @
test,:J,Check sum is $
test,!W,Check sum is X
test,ZI,Check sum is C
test,PH,Check sum is 8
test,L$,Check sum is P
test,P<,"Check sum is ,"
test,H1,Check sum is Y
test,;1,Check sum is L
test,_4,Check sum is 3
test,GI,Check sum is 0
test,-W,Check sum is $
test,	R,Check sum is ;
test,^r,Check sum is 0
test,#l,Check sum is /
test,7>,Check sum is U
test,36,Check sum is I
test,<>,Check sum is Z
test,ot,Check sum is C
test,jZ,Check sum is $
test,(6,Check sum is >
test,*=,Check sum is G
test,cl,Check sum is /
test,h@,Check sum is H
test,M^,Check sum is K
test,]E,Check sum is B
test,-r,Check sum is ?
test,gX,Check sum is _
test,sE,Check sum is X
test,.X,Check sum is &
test,w5,Check sum is L
test,'2,Check sum is 9
test,5<,Check sum is Q
test,VA,Check sum is 7
test,X9,Check sum is 1
test,mz,Check sum is G
test,{1,Check sum is L
test,"W
",Check sum is A
test,#9,Check sum is <
test,UL,Check sum is A
test,sW,Check sum is *
test,L6,"Check sum is """
test,24,Check sum is F
test,F5,Check sum is [
test,+f,Check sum is 1
test,JA,Check sum is +
test,Az,Check sum is [
test,v4,Check sum is J
test,WE,Check sum is <
test,HW,Check sum is ?
test,Gw,Check sum is ^
test,e ,Check sum is %
test,L~,Check sum is *
test,-{,Check sum is H
test,F%,Check sum is K
test, ?,Check sum is ?
test,r@,Check sum is R
test,c0,Check sum is 3
test,N-,Check sum is [
test,s',Check sum is :
test,$],Check sum is !
test,iU,Check sum is ^
test,e>,Check sum is C
test,+E,Check sum is P
test,PB,Check sum is 2
test,K_,Check sum is J
test,D?,Check sum is #
test,yF,Check sum is _
test,"7,",Check sum is C
test,(k,Check sum is 3
test,x^,Check sum is 6
test,aD,Check sum is E
test,D~,"Check sum is """
test,`c,Check sum is #
test,Ac,Check sum is D
test,F4,Check sum is Z
test,_4,Check sum is 3
test,9#,Check sum is <
test,Gs,Check sum is Z
test,"V
",Check sum is @
test,9Q,Check sum is *
test,|N,Check sum is *
test,:v,Check sum is P
test,f~,Check sum is D
test,#O,Check sum is R
test,g7,Check sum is >
test,b',Check sum is )
test,Gz,Check sum is !
test,Xh,Check sum is  
test,hI,Check sum is Q
test,>	,Check sum is '
test,E=,"Check sum is """
test,H ,Check sum is H
test,Yp,Check sum is )
test,-=,Check sum is J
test,-;,Check sum is H
test,K/,Check sum is Z
test,s	,Check sum is \
test,YS,Check sum is L
test,%\,Check sum is !
test,f<,Check sum is B
test,""">",Check sum is @
test,/^,Check sum is -
test,qf,Check sum is 7
test,Q[,Check sum is L
test,kC,Check sum is N
test,7t,Check sum is K
test,a0,Check sum is 1
test,Tm,Check sum is !
test,AZ,Check sum is ;
test,Pj,Check sum is Z
test,wZ,Check sum is 1
test,We,Check sum is \
test,0z,Check sum is J
test,	>,Check sum is '
test,OC,Check sum is 2
test,O\,Check sum is K
test,OC,Check sum is 2
test,<(,Check sum is D
test,"$,",Check sum is 0
test,Z5,Check sum is /
test,9T,Check sum is -
test,_r,Check sum is 1
test,=y,Check sum is V
test,:b,Check sum is <
test,V@,Check sum is 6
test,_k,Check sum is *
test,sd,Check sum is 7
test,B+,Check sum is M
test,jz,Check sum is D
test,T ,Check sum is T
test,a-,Check sum is .
test,A/,Check sum is P
test,}.,Check sum is K
test,]I,Check sum is F
test,=i,Check sum is F
test,q;,Check sum is L
test,<U,Check sum is 1
test,UI,Check sum is >
test,gM,Check sum is T
test,4P,Check sum is $
test,E4,Check sum is Y
test,X3,Check sum is +
test,y^,Check sum is 7
test,D|,Check sum is  
test,;7,Check sum is R
test,to,Check sum is C
test,wt,Check sum is K
test,Ey,Check sum is ^
test,-c,Check sum is 0
test,	#,Check sum is L
test,v.,Check sum is D
test,%s,Check sum is 8
test,yA,Check sum is Z
test,}U,Check sum is 2
test,@w,Check sum is W
test,pz,Check sum is J
test,%	,Check sum is N
test,?j,Check sum is I
test,/S,"Check sum is """
test,Px,Check sum is (
test,m],Check sum is *
test,5g,Check sum is <
test,!N,Check sum is O
test,tC,Check sum is W
test,F%,Check sum is K
test,}{,Check sum is X
test,*#,Check sum is -
test,!u,Check sum is 6
test,'j,Check sum is 1
test,)<,Check sum is E
test,	_,Check sum is H
test,JT,Check sum is >
test,.s,Check sum is A
test,%/,Check sum is 4
test,iN,Check sum is W
test,4r,Check sum is F
test,E$,Check sum is I
test,$n,Check sum is 2
test,*`,Check sum is *
test,#j,Check sum is -
test,"
,",Check sum is V
test,dB,Check sum is F
test,O6,Check sum is %
test,N8,Check sum is &
test,~u,Check sum is S
test,Gn,Check sum is U
test,}|,Check sum is Y
test,|W,Check sum is 3
test,#s,Check sum is 6
test,|a,Check sum is =
test,?h,Check sum is G
test,<7,Check sum is S
test,km,Check sum is 8
test,P@,Check sum is 0
test,p6,Check sum is F
test,"T
",Check sum is >
test,cB,Check sum is E
test,"v,",Check sum is B
test,9o,Check sum is H
test,(l,Check sum is 4
test,{!,Check sum is <
test,Wy,Check sum is 0
test,0i,Check sum is 9
test,m6,Check sum is C
test,B),Check sum is K
test,",2",Check sum is >
test,RL,Check sum is >
test,Nw,Check sum is %
test,8&,Check sum is >
test,pv,Check sum is F
test,Db,Check sum is F
test,QS,Check sum is D
test,nh,Check sum is 6
test,[1,"Check sum is ,"
test,(l,Check sum is 4
test,G<,Check sum is #
test,KK,Check sum is 6
test,u[,Check sum is 0
test,gU,Check sum is \
test,'|,Check sum is C
test,EG,"Check sum is ,"
test,!S,Check sum is T
test,Dm,Check sum is Q
test,fl,Check sum is 2
test,Re,Check sum is W
test,|D,Check sum is  
test,R:,"Check sum is ,"
test,[[,Check sum is V
test,)P,Check sum is Y
test,s ,Check sum is 3
test,	Q,Check sum is :
test,Q+,Check sum is \
test,"""|",Check sum is >
test,DX,Check sum is <
test,]m,Check sum is *
test,7v,Check sum is M
test,\J,Check sum is F
test,^d,"Check sum is """
test,$i,Check sum is -
test,md,Check sum is 1
test,cA,Check sum is D
test,B4,Check sum is V
test,	A,Check sum is *
test,&Q,Check sum is W
test,Z<,Check sum is 6
test,&d,Check sum is *
test,tP,Check sum is $
test,3=,Check sum is P
test,pe,Check sum is 5
test,+B,Check sum is M
test, B,Check sum is B
test,]p,Check sum is -
test,gY,Check sum is  
test,rl,Check sum is >
test,$U,Check sum is Y
test,1#,Check sum is 4
test,",|",Check sum is H
test,Eq,Check sum is V
test,3+,Check sum is >
test,\^,Check sum is Z
test,kJ,Check sum is U
test,It,Check sum is ]
test,_H,Check sum is G
test,Xf,Check sum is ^
test,rq,Check sum is C
test,?	,Check sum is (
test,ie,Check sum is .
test,0J,Check sum is Z
test,`<,Check sum is <
test,"
S",Check sum is =
test,)z,Check sum is C
test,Ws,Check sum is *
test,6!,Check sum is 7
test,"
m",Check sum is W
test,YJ,Check sum is C
test,"7
",Check sum is !
test,pC,Check sum is S
test,<0,Check sum is L
test,r`,Check sum is 2
test,:W,Check sum is 1
test,"=,",Check sum is I
test,I ,Check sum is I
test,v4,Check sum is J
test,bF,Check sum is H
test,+x,Check sum is C
test,\h,Check sum is $
test,eE,Check sum is J
test,1|,Check sum is M
test,o\,Check sum is +
test,&`,Check sum is &
test,LY,Check sum is E
test,`@,Check sum is @
test,&M,Check sum is S
test,r',Check sum is 9
test,T[,Check sum is O
test,.m,Check sum is ;
test,Yo,Check sum is (
test,KR,Check sum is =
test,uY,Check sum is .
test,a@,Check sum is A
test,5R,Check sum is '
test,`q,Check sum is 1
test,*A,Check sum is K
test,#3,Check sum is 6
test,lP,Check sum is \
test,	=,Check sum is &
test,"""3",Check sum is 5
test,>-,Check sum is K
test,o*,Check sum is 9
test,?t,Check sum is S
test,Of,Check sum is U
test,{c,Check sum is >
test,&?,Check sum is E
test,>G,Check sum is %
test,!_,Check sum is  
test,XA,Check sum is 9
test,nK,Check sum is Y
test,p;,Check sum is K
test,J4,Check sum is ^
test,;`,Check sum is ;
test,(h,Check sum is 0
test,P],Check sum is M
test,sF,Check sum is Y
test,Yi,"Check sum is """
test,T^,Check sum is R
test,i7,Check sum is @
test,3s,Check sum is F
test,yT,Check sum is -
test,gK,Check sum is R
test,mz,Check sum is G
test,g4,Check sum is ;
test,DP,Check sum is 4
test,_z,Check sum is 9
test,5~,Check sum is S
test,fN,Check sum is T
test,-],Check sum is *
test,"J""",Check sum is L
test,W@,Check sum is 7
test,C/,Check sum is R
test,~t,Check sum is R
test,AG,Check sum is (
test,cL,Check sum is O
test,LD,Check sum is 0
test,Dq,Check sum is U
test,Y1,Check sum is *
test,>z,Check sum is X
test,j1,Check sum is ;
test,|D,Check sum is  
test,]3,Check sum is 0
test,8T,"Check sum is ,"
test,SK,Check sum is >
test,k8,Check sum is C
test,<Z,Check sum is 6
test,&p,Check sum is 6
test,{1,Check sum is L
test,<P,"Check sum is ,"
test,:},Check sum is W
test,j%,Check sum is /
test,;x,Check sum is S
test,}F,Check sum is #
test,7 ,Check sum is 7
test,So,"Check sum is """
test,(Y,Check sum is !
test,Ux,Check sum is -
test,pN,Check sum is ^
test,eO,Check sum is T
test,ue,Check sum is :
test,wb,Check sum is 9
test,%G,Check sum is L
test,"s,",Check sum is ?
test,I:,Check sum is #
test,l_,Check sum is +
test,$},Check sum is A
test,%W,Check sum is \
test,_X,Check sum is W
test,)l,Check sum is 5
test,<~,Check sum is Z
test,!F,Check sum is G
test,*g,Check sum is 1
test,JW,Check sum is A
test,pR,"Check sum is """
test,kg,Check sum is 2
test,Z#,Check sum is ]
test,2$,Check sum is 6
test,TA,Check sum is 5
test,l:,Check sum is F
test,"""H",Check sum is J
test,_C,Check sum is B
test,t$,Check sum is 8
test,QG,Check sum is 8
test,HH,Check sum is 0
test,]K,Check sum is H
test, @,Check sum is @
test,^i,Check sum is '
test,f:,Check sum is @
test,@u,Check sum is U
test,&V,Check sum is \
test,lt,Check sum is @
test,"
Q",Check sum is ;
test,"|,",Check sum is H
test,Gx,Check sum is _
test,~_,Check sum is =
test,H(,Check sum is P
test,A#,Check sum is D
test,>/,Check sum is M
test,r7,Check sum is I
test,@G,Check sum is '
test,rL,Check sum is ^
test,)g,Check sum is 0
test,?_,Check sum is >
test,)',Check sum is 0
test,>0,Check sum is N
test,`*,Check sum is *
test,*p,Check sum is :
test,-1,Check sum is >
test,H),Check sum is Q
test,Of,Check sum is U
test,6c,Check sum is 9
test,aM,Check sum is N
test,jd,Check sum is .
test,Ki,Check sum is T
test,\4,Check sum is 0
test,l8,Check sum is D
test,A>,Check sum is _
test,;.,Check sum is I
test,pI,Check sum is Y
test,q.,Check sum is ?
test,uu,Check sum is J
test,}*,Check sum is G
test,"D
",Check sum is .
test,a;,Check sum is <
test,~N,"Check sum is ,"
test,+h,Check sum is 3
test,FX,Check sum is >
test,02,Check sum is B
test,Wm,Check sum is $
test,JF,Check sum is 0
test,:',Check sum is A
test,jN,Check sum is X
test,L	,Check sum is 5
test,C>,Check sum is !
test,#Y,Check sum is \
test,H/,Check sum is W
test,m[,Check sum is (
test,y$,Check sum is =
test,",b",Check sum is .
test,p~,Check sum is N
test,pp,Check sum is @
test,9%,Check sum is >
test,a+,"Check sum is ,"
test,*T,Check sum is ^
test,SE,Check sum is 8
test,[L,Check sum is G
test, W,Check sum is W
test," ""","Check sum is """
test,"\,",Check sum is (
test,RX,Check sum is J
test,R},Check sum is /
test,eg,"Check sum is ,"
test,2~,Check sum is P
test,kV,Check sum is !
test,"i,",Check sum is 5
test,CX,Check sum is ;
test,0O,Check sum is _
test,Jz,Check sum is $
test,\~,Check sum is :
test,lC,Check sum is O
test,t1,Check sum is E
test,"""A",Check sum is C
test,{%,Check sum is @
test,\B,Check sum is >
test,K\,Check sum is G
test,|U,Check sum is 1
test,1a,Check sum is 2
test,r0,Check sum is B
test,qE,Check sum is V
test,?T,Check sum is 3
test, %,Check sum is %
test,RN,Check sum is @
test,"H,",Check sum is T
test,_U,Check sum is T
test,>@,Check sum is ^
test,x},Check sum is U
test,V1,Check sum is '
test,ue,Check sum is :
test,/@,Check sum is O
test,AJ,Check sum is +
test,kt,Check sum is ?
test,hO,Check sum is W
test,aQD,Check sum is V
test,D>Z,Check sum is <
test,"R
""",Check sum is ^
test,j<~,Check sum is D
test,BOu,Check sum is &
test,$Pc,Check sum is 7
test,P'6,Check sum is M
test,"
=_",Check sum is F
test,3+I,Check sum is G
test,`5%,Check sum is Z
test,eWS,Check sum is /
test,_qa,Check sum is Q
test,]hU,Check sum is :
test,;9!,Check sum is 5
test,Z \,Check sum is 6
test,B[?,Check sum is <
test,Mu3,Check sum is U
test,TLH,Check sum is H
test,/-V,Check sum is R
test,)=1,Check sum is 7
test,]~G,Check sum is B
test,9x;,Check sum is L
test,]1q,Check sum is _
test,U>`,Check sum is S
test,dVg,Check sum is A
test,oO1,Check sum is O
test,"""L`",Check sum is .
test,H_;,Check sum is B
test,:P0,Check sum is Z
test,)kn,"Check sum is """
test,TUw,Check sum is @
test,@3?,Check sum is R
test,\k},Check sum is $
test,|f&,Check sum is (
test,"""K.",Check sum is ;
test,%tw,Check sum is 0
test,"""kR",Check sum is ?
test,F$g,Check sum is 1
test,goe,Check sum is [
test,CYJ,Check sum is F
test,xq-,Check sum is 6
test,S}:,Check sum is *
test,Mq{,Check sum is Y
test,e&R,Check sum is =
test,D4v,Check sum is N
test,`:T,Check sum is N
test,",3e",Check sum is $
test,7)Q,Check sum is Q
test,.}~,Check sum is I
test,V`z,Check sum is P
test,AbG,Check sum is J
test,|yi,Check sum is >
test,z<U,Check sum is +
test,4D%,Check sum is =
test,qC!,Check sum is 5
test,h|r,Check sum is 6
test,Dpv,Check sum is J
test,*Z{,Check sum is _
test,`^Q,Check sum is /
test,@wk,Check sum is B
test,_.J,Check sum is 7
test,"
k?",Check sum is T
test,",|h",Check sum is 0
test,Dp:,Check sum is N
test,`2I,Check sum is ;
test,ZDS,Check sum is Q
test,X_N,Check sum is %
test,i2H,Check sum is C
test,zN',Check sum is O
test,yPF,Check sum is /
test,)\[,Check sum is @
test,]]R,"Check sum is ,"
test,u<t,Check sum is E
test,%Y ,Check sum is >
test,1\;,Check sum is (
test,{wn,Check sum is @
test,dq.,Check sum is #
test,Oul,Check sum is P
test,_^L,Check sum is )
test,@Px,Check sum is (
test,Z@{,Check sum is 5
test,Lb4,Check sum is B
test,KO ,Check sum is Z
test,]h(,Check sum is M
test,bVu,Check sum is M
test,:Xq,Check sum is #
test,7h&,Check sum is %
test,w+j,"Check sum is ,"
test,L$e,Check sum is 5
test,Nkk,Check sum is D
test,FGa,Check sum is N
test,=]E,Check sum is ?
test,"tZ
",Check sum is 8
test,n9Q,Check sum is X
test,!e0,Check sum is V
test,"|
v",Check sum is \
test,'6~,Check sum is ;
test,'B5,Check sum is >
test,=ft,Check sum is 7
test,J0q,Check sum is K
test,91i,Check sum is 3
test,"u
T",Check sum is 3
test,@7q,Check sum is H
test,v-6,Check sum is 9
test,5}w,Check sum is I
test,zmH,Check sum is O
test,"Mk
","Check sum is """
test,B5;,Check sum is R
test,1*A,Check sum is <
test,V%l,Check sum is G
test,g!;,Check sum is #
test,[9h,Check sum is \
test,vU;,Check sum is &
test,4r\,"Check sum is """
test,!e@,Check sum is &
test,5Ky,Check sum is Y
test,^*$,Check sum is L
test,Ra!,Check sum is 4
test,E9r,Check sum is P
test,^U6,Check sum is I
test,43+,Check sum is 2
test,",k*",Check sum is !
test,"gm""",Check sum is V
test,e3T,Check sum is L
test,kqu,Check sum is 1
test,G~+,Check sum is P
test,Q14,Check sum is V
test,sp<,Check sum is ?
test,>fv,Check sum is :
test, 1u,Check sum is &
test,?o#,Check sum is 1
test,[d&,Check sum is E
test,+:+,Check sum is 0
test,ap<,Check sum is -
test,q^E,Check sum is 4
test,pu4,Check sum is 9
test,FSe,Check sum is ^
test,1f-,Check sum is $
test,MkI,Check sum is !
test,}6.,Check sum is A
test,Kpl,Check sum is G
test,Ls`,Check sum is ?
test,q	Z,Check sum is 4
test,4np,Check sum is 2
test,"""qh",Check sum is [
test,K=[,Check sum is C
test,mDW,Check sum is (
test,_fN,Check sum is 3
test,pF[,Check sum is 1
test,b@$,Check sum is &
test,C1i,Check sum is =
test,7#G,Check sum is A
test,]O4,Check sum is @
test,=xJ,Check sum is _
test,TAg,Check sum is \
test,BM:,Check sum is )
test,"qt""",Check sum is '
test,EpQ,Check sum is &
test,8o0,Check sum is 7
test,*/6,Check sum is /
test,IYQ,Check sum is S
test,]E|,Check sum is >
test,'6v,Check sum is 3
test,"u`
",Check sum is ?
test,~-9,Check sum is D
test,cfU,Check sum is >
test,F>^,Check sum is B
test,"+,_",Check sum is V
test,S'I,Check sum is #
test,	&(,Check sum is 7
test,CV0,Check sum is )
test,;5',Check sum is 7
test,`@t,Check sum is 4
test,ymj,Check sum is 0
test,.w7,Check sum is <
test,d*0,Check sum is ^
test,rU},Check sum is $
test,pm!,Check sum is ^
test,Fcq,Check sum is :
test,"$'""",Check sum is M
test,_(z,Check sum is !
test,LG[,Check sum is N
test,[h|,Check sum is _
test,]LR,Check sum is [
test,yNN,Check sum is 5
test,Pzg,Check sum is Q
test,U~q,Check sum is $
test,mr+,Check sum is *
test,dR7,Check sum is M
test,pK=,Check sum is X
test,3&V,Check sum is O
test,2]$,Check sum is S
test,O#	,Check sum is [
test,QSh,"Check sum is ,"
test,6i),Check sum is (
test,?Y_,Check sum is W
test,5N:,Check sum is ]
test,$wg,"Check sum is """
test,\E4,Check sum is 5
test,JYg,Check sum is *
test,yx5,Check sum is F
test,@]l,Check sum is )
test,;($,Check sum is '
test,")U""",Check sum is @
test,k-z,Check sum is 2
test,2r$,Check sum is (
test,(Bi,Check sum is 3
test,OKP,Check sum is J
test,6wS,Check sum is  
test,JB>,Check sum is *
test,Y4E,Check sum is 2
test,I0j,Check sum is C
test,3qM,Check sum is Q
test,.Ud,Check sum is G
test,Fff,Check sum is 2
test,D**,Check sum is 8
test,wTQ,Check sum is <
test,7/.,Check sum is 4
test,"Q$""",Check sum is 7
test,7X(,Check sum is W
test,n>E,Check sum is Q
test,]'D,Check sum is (
test,"C""s",Check sum is 8
test,1v{,Check sum is B
test,vQo,Check sum is V
test, q#,Check sum is T
test,=yY,Check sum is /
test,wSq,Check sum is [
test,'6[,Check sum is X
test,}nR,Check sum is ]
test,bi9,Check sum is $
test,aG.,Check sum is 6
test,QAv,Check sum is (
test,T3U,Check sum is <
test,n[C,"Check sum is ,"
test,UJA,Check sum is @
test,"Tk""",Check sum is A
test,"""HN",Check sum is X
test,<Dl,Check sum is L
test,&=G,Check sum is J
test,[)F,Check sum is *
test,d-!,Check sum is R
test,Ku>,Check sum is ^
test,9`Y,Check sum is R
test,_Q~,Check sum is N
test,(!9,"Check sum is """
test,-2t,Check sum is 3
test,"""qB",Check sum is 5
test,"il
",Check sum is ?
test,+CP,Check sum is ^
test,+= ,Check sum is (
test,"l,i",Check sum is !
test,v&a,Check sum is ]
test,{ch,Check sum is &
test,[l+,Check sum is R
test,c}1,Check sum is 1
test,(1?,Check sum is 8
test,2a@,Check sum is 3
test,4-(,Check sum is )
test,OQ},Check sum is =
test,	BQ,Check sum is <
test,ZJQ,Check sum is U
test,[+d,Check sum is J
test,^\O,Check sum is )
test,>.(,Check sum is 4
test,PhP,Check sum is (
test,5Xr,Check sum is _
test,g*n,Check sum is _
test,xBg,Check sum is A
test,j-B,Check sum is 9
test,N2g,Check sum is G
test,}`!,Check sum is ^
test,!UE,Check sum is [
test,^h`,Check sum is F
test,L*V,"Check sum is ,"
test,ElL,Check sum is ]
test,V?F,Check sum is ;
test,RO{,Check sum is <
test,;:$,Check sum is 9
test,7Xh,Check sum is W
test,8GM,"Check sum is ,"
test,DG*,Check sum is U
test,N3\,Check sum is =
test,/cC,Check sum is 5
test,'0g,Check sum is ^
test,Dl.,Check sum is >
test,MxO,Check sum is 4
test,O)7,Check sum is O
test,:R\,Check sum is H
test,W%6,Check sum is R
test,1Jc,Check sum is >
test,I.Z,Check sum is 1
test,"""if",Check sum is Q
test,iY5,Check sum is W
test,Dm9,Check sum is J
test,^xj,Check sum is  
test,+T~,Check sum is ]
test,_:5,Check sum is .
test,QjD,Check sum is _
test,lLV,Check sum is .
test,"""&8",Check sum is  
test,adu,Check sum is Z
test,wR=,Check sum is &
test,CX@,Check sum is ;
test,"F=""",Check sum is E
test,7u],Check sum is )
test,>T+,Check sum is ]
test,n7v,Check sum is ;
test,jSe,Check sum is B
test,%J?,Check sum is N
test,hAn,Check sum is 7
test,6&a,Check sum is ]
test, 8X,Check sum is P
test,._9,Check sum is &
test,ql\,Check sum is Y
test,Y]j,Check sum is @
test,'sw,Check sum is 1
test,QD.,Check sum is #
test,g\p,Check sum is S
test,Ok/,Check sum is I
test,g;>,Check sum is @
test,aUb,Check sum is 8
test,2V9,Check sum is !
test,Mwk,Check sum is O
test,>8g,Check sum is =
test,9$d,Check sum is !
test,"gA
",Check sum is R
test,aZ1,Check sum is L
test,\q/,Check sum is \
test,eqq,Check sum is '
test,X8e,Check sum is U
test,[7W,Check sum is I
test, HI,Check sum is Q
test,V	F,Check sum is E
test,Mr#,Check sum is B
test,'&7,Check sum is $
test,^kX,Check sum is A
test,2|6,Check sum is D
test,f(E,Check sum is 3
test,=sY,Check sum is )
test,\t/,Check sum is _
test,[.o,Check sum is X
test,"[b
",Check sum is '
test,uFd,Check sum is ?
test,{f{,Check sum is <
test,qe5,Check sum is +
test,G.\,Check sum is 1
test,jg[,Check sum is L
test,u]2,Check sum is $
test,m}C,Check sum is M
test,Agt,Check sum is <
test,!)!,Check sum is K
test,g|*,Check sum is -
test,B8l,Check sum is F
test,4<=,Check sum is M
test,=+ ,Check sum is (
test,h-w,"Check sum is ,"
test,H$b,Check sum is .
test,)o#,Check sum is [
test,#%{,Check sum is #
test,/j8,Check sum is 1
test,Maf,Check sum is 4
test,z93,Check sum is F
test,=OE,Check sum is 1
test,\9-,"Check sum is """
test,5\u,Check sum is &
test,j5],Check sum is \
test,\98,Check sum is -
test,"""mw",Check sum is &
test,kgN,Check sum is @
test,"~b""","Check sum is """
test,|b-,Check sum is +
test,WiW,Check sum is 7
test,a6s,Check sum is *
test,~o.,Check sum is ;
test,"~
w",Check sum is _
test,G6>,Check sum is [
test,R;g,Check sum is T
test,KwT,Check sum is 6
test,YxN,Check sum is ?
test,GZZ,Check sum is [
test,\Ch,Check sum is '
test,ne_,Check sum is R
test,>*E,Check sum is M
test,_eD,Check sum is (
test,12S,Check sum is V
test,z|q,Check sum is G
test,COf,Check sum is X
test,o4W,Check sum is Z
test,G^M,Check sum is R
test, Rv,Check sum is H
test,w9?,Check sum is O
test, 97,Check sum is 0
test,"@;""",Check sum is =
test,"0@
",Check sum is Z
test,Lms,Check sum is L
test,j#<,Check sum is )
test,]YM,Check sum is #
test,$^5,Check sum is W
test,XBJ,Check sum is D
test,(Z<,Check sum is ^
test,(Hb,Check sum is 2
test,O?~,"Check sum is ,"
test,h >,Check sum is &
test,p*W,Check sum is Q
test,D5H,Check sum is !
test,mz!,Check sum is (
test,EGe,Check sum is Q
test,.dg,Check sum is Y
test,J+E,Check sum is Z
test,84B,Check sum is N
test,H&:,Check sum is H
test,T:;,Check sum is )
test,Y:c,Check sum is V
test,8i;,Check sum is <
test,uPb,Check sum is G
test,3K4,Check sum is R
test,1oU,Check sum is U
test,v=O,"Check sum is """
test,wBY,Check sum is 2
test,?RS,Check sum is D
test,]c[,Check sum is ;
test,\TM,Check sum is ]
test,fRP,Check sum is (
test,Sgc,Check sum is =
test,A8E,Check sum is ^
test,OZY,"Check sum is """
test,D;[,Check sum is :
test,RPQ,Check sum is S
test,muK,Check sum is M
test,N(V,"Check sum is ,"
test,)So,Check sum is K
test,<%V,Check sum is W
test,$t@,Check sum is 8
test,bN1,Check sum is A
test,$9~,Check sum is ;
test,:T],Check sum is K
test,F|`,Check sum is B
test,/D/,Check sum is B
test,"'}""",Check sum is &
test,"
9Q",Check sum is 4
test,;bu,Check sum is 2
test,3BA,Check sum is V
test,'@o,Check sum is 6
test,k|S,Check sum is Z
test,uu|,Check sum is F
test,Q=c,Check sum is Q
test,\r`,Check sum is N
test,[y),Check sum is ]
test,plc,Check sum is _
test,1-m,Check sum is +
test,JM|,Check sum is 3
test,"|#""",Check sum is !
test,/kn,Check sum is (
test,z5K,Check sum is Z
test,P`X,Check sum is (
test,10I,Check sum is J
test,*\v,Check sum is \
test,"^7
",Check sum is ?
test,H_~,Check sum is E
test,bN!,Check sum is 1
test,7)#,Check sum is #
test,d]s,Check sum is T
test,"9_
",Check sum is B
test,)Y+,Check sum is M
test,Op`,Check sum is ?
test,fF&,Check sum is 2
test, t\,Check sum is P
test,kcP,Check sum is >
test,}DL,Check sum is -
test,x?;,Check sum is R
test,:0Y,Check sum is #
test,=z&,Check sum is =
test,/jS,Check sum is L
test,(Gm,Check sum is <
test,wf ,Check sum is ]
test,``p,Check sum is P
test,6d>,Check sum is 8
test,	[[,Check sum is _
test,A7i,Check sum is A
test,LEa,Check sum is R
test,TbL,"Check sum is """
test,Y(<,Check sum is ]
test,""" }",Check sum is _
test,~2O,Check sum is _
test,'f*,Check sum is W
test,`N	,Check sum is W
test,";
l",Check sum is Q
test,G/g,Check sum is =
test,E[X,Check sum is X
test,"|
A",Check sum is '
test,dm:,Check sum is +
test,"mX
",Check sum is /
test,(B ,Check sum is *
test,d`X,Check sum is <
test,f2-,Check sum is %
test,W },Check sum is T
test,`N ,Check sum is .
test,"""ZV",Check sum is 2
test,D;c,Check sum is B
test,"O+J"":""#s8uK5[_!UrJ)I%G\p=v{da",Check sum is .
test,Nu[2x+>_N5=PVaZE|tU,Check sum is [
test,r^~Xv,Check sum is <
test,"2lp1
IlMgqhg$lodHC	MxI;w1>""q:=E;E?l ii[x.",Check sum is %
test,GnoH	)?mJ@	jLlRF(84z@DVuN@imZK .S<zz4*ybt~.rB&1,Check sum is R
test,"&Mr7'{8t^MzBV
3Z![[vWh?M1=JCJ$?;b;zGnA<(",Check sum is J
test,d^CZD2u*a=#bCVNlH+z\)$$zu?s<B,Check sum is #
test,"KMm=`i(C&~KN
>-O.3""`^26eQ/'!C?Ly",Check sum is 4
test,"4=v'+g?dFhDzGsdn>VM'_	kpU}2viTjw0.?R7@R332?Kv""|-$",Check sum is =
test,WqrGCw@^Z(7.O9cB),Check sum is 6
test,"D,Kx:tb-|li1>jYdog""(bAn&h8\M7+",Check sum is 9
test,"58U&ao""~2eo.{7a[K\Kk f",Check sum is =
test,-	Q]hk\AJ##U9L?,Check sum is ]
test,U$9Iu?,Check sum is O
test,|4?br,Check sum is #
test,o@b8	 ~I;`kdD20Z#,Check sum is &
test,5=>WF?sV]Wb~ p`IV%]K:_SW=F~TuF7]kr.l+-74c{gG&O,Check sum is G
test,"_PK2""(#198J-0JrM^^_Nn}771vzZKI
n9:UW+",Check sum is ^
test,"4x[M&9YlKGR3hP8DR""{aR$[zCrA\k{nPL8=hTOD5#sQm",Check sum is M
test,tu5,Check sum is >
test,dvKc9q'PL~yQ>:3	^hz)=<YRVYOX8{n'O,Check sum is K
test,"aE];O,1^283$S:5KRQG3$f|q[",Check sum is %
test,V\0I%`Q^RM@,Check sum is ^
test,"H!=9Z*X
|K<jo",Check sum is A
test,"1~/q7P2rk_=3""|lwl-,[C&!t7yFD60I>J[R}7z",Check sum is ?
test,"K`i53a7t7K'	(l:#ejeDC;T_8rZ~f3g4Cm%L^\He^by<S
#s&",Check sum is @
test,"AiFrjrtbbdZqIp8SrmF:WS~~A@]
qV;!Q8-1-`F1Dy=Puq#",Check sum is W
test,bwOHnj<\`P3}54oiJ0+#L i,Check sum is >
test,"}2L|qR^lZ\@1,Y+~,0ZokuRVZu4yOy%",Check sum is O
test,"],r>pM8A(AzC'Q}*PEXzNRYdX*bJRoye&%g LP",Check sum is S
test,",:'C)ZU"">btHMi9rQ (",Check sum is @
test,CDFc^2%lLKK^r;!1Zi{K+=w/?td2+H\'c,Check sum is )
test,\8N3jn,Check sum is M
test,nri$B6)f,Check sum is T
test,A*A!  MGv2(>:A=l<=Dp@X\&b2,Check sum is N
test,"vc'Hs3zc""u~a;Wa|S!M G*4J,F",Check sum is R
test,DQE}*Vp2Fp[$Q+YBB}e'4^~ ,Check sum is  
test,"Q0eF#M~BWfz2]oT%K.y8LqTE}Y$'%2&xtRlTL
^q?QkdgTv:Z",Check sum is O
test,9zW;#$}+4oc`hx6=3~4%>!W'\QYt{kMG'.4|6}b~U,Check sum is U
test,hxP.Z;fJ@KdO|$G:gm>\6`m*?q_Rx14_ 9nY''#|Jm_`h,Check sum is E
test,7P.p'QkVGe1N:4Xg]Mz6G%9hKP\W`C0K,Check sum is )
test,dH)Y}R)2.#i#tks*fF_:J=c1^xERc%`>M]t\#:],Check sum is 8
test,2V$&fiX9Lz $1/Vj/bS}fYx @sXhe5|@l0G(8ND-[THw3#8* ,Check sum is E
test,1]NlR_RimL~5QcC2+soHQ;c?f;yL- &6!^(j !`=v|E$j5,Check sum is $
test," <U!,B9%,)XugNt4mkBvG]jYIL""vhj$q""9gxhe<v",Check sum is A
test,"#1v
9$^ ||$cCJ",Check sum is [
test,FQ`qk7},Check sum is '
test,'-{	xT>R !E0ieV1:?',Check sum is ?
test,"wv4J+mK
-",Check sum is %
test,"Dg(}\W,;h4mL
t?vT|if}$-(.Mn2RR?""Q'",Check sum is ?
test,X{t3~%kc=L^*If1(/^eaq&d^Y/T!0-rZu}U>,Check sum is ;
test,pi7hgh'RT[2Qf-5|wplD{|nsw#U,Check sum is 4
test,>v.;)U~<g7,Check sum is S
test,ML8xE,Check sum is .
test,our7-|{<{`6,Check sum is ^
test,K@?#F]voysmXY{zj}ym@I-95	-~xF9#Iwrc,Check sum is (
test,"0V|~B7(I#5U85@p0t`\<DP6).q,4F`",Check sum is H
test,yz3-FxmF?XVsqAsQ~r4H}c'>VIgVPv64Hn(|^11,Check sum is Q
test,".l*\>.h#O L
""4c<y@gET	|\;Og#9#{mn<^L;q"",c\lzxv",Check sum is D
test,Gg$eVN,Check sum is ;
test,"""JC-_Y@:q3##[tGZ%O7UZs#	#+=BSAib7	SEo^q9",Check sum is <
test,Mqltx'# GU z1;Y9npcovX]LP,Check sum is K
test,"uts}w/Hs:ms^.R<+}Y
A3)z{M`(2Y",Check sum is K
test,"|}-%0qP<"")Lz>8BOvSHYd>&","Check sum is """
test,"Y	m7m^A\95?|=\F1VP'`R.>9%'MGo,S(ZQd@'Q]",Check sum is E
test,Yccy(:ObtS)oTtfYEtQ]Up;p4E:kK&|ZHjvu iaP	f];6<B,Check sum is ?
test,"yL
g*.Wr",Check sum is 7
test,7\mn$ZLPbU!4oj	<s60q{'Q@rCH,Check sum is L
test,"MNJj|Q;Iz	kX1A^,^s",Check sum is S
test,"}
SE7Ev8-be>[/h|%)d:NK#]E""?Q,c27bYCp?A9oa0.",Check sum is R
test,#7,Check sum is :
test,"+UIR$1XI	3r0!vmnOAstB
,h!
HL,%3@1Q@",Check sum is ]
test,-YJ<o<]Y(AE;4wbA$]KUGWh@6/&9V,Check sum is E
test,"*{2PG#)eja7.8+5wuPS0""1hK",Check sum is L
test,Q.[N4y,Check sum is 5
test,"@J38gb!a`)L
9Ck;*BVCdw/4'eaXCb8~It+](?",Check sum is 0
test,"-v9>
T|G%\exT2E~Q ^LE_GWO8;;/Ra>'_zQtsZS",Check sum is !
test,LPJ%Xh2_gZz0=m,Check sum is Q
test,P1#00)/6v*,Check sum is R
test,"P?}IvC,v)6MJ",Check sum is F
test,#Q!>\v,Check sum is E
test,">?""3&8A18",Check sum is :
test,"fEUi{/r/?3wbsav1@pj""<yh2",Check sum is %
test,"QMFSgG%{K3q!AOHPn_P*-v(|,",Check sum is W
test,9BixgQ=e 69RD)pn9#346qm,Check sum is Y
test,";3M2nF\fW\;6)B0v1
WTKQG+XTaOzn\f'",Check sum is Y
test,Te9Ojk_,Check sum is U
test,ifw*,Check sum is P
test,M&=!	^-UAfNdq 	Utiis-f>@9,Check sum is %
test,"\8qY|ZT,hE",Check sum is A
test,"cW52uuU1zn2""[`u}T
|&:1qW~Ou/6563ak|p
Ft, =[bNL3",Check sum is !
test,J{SJk[I`	?hJ,Check sum is +
test,"|/Ev*?@~cL""y.cVdfCg""#",Check sum is W
test,XcEo,Check sum is O
test,4`pKhj%z1!G/,Check sum is (
test,"?665_a
TZRKo)mKQ)s)IJ!_,mbP
.GL4b6o#
A1[hP_Lm",Check sum is )
test,"K|Zl a; )}ws""K#,]{S<.%%~iz,V2=U2#",Check sum is 0
test,"
X_iN}^l%['kRN2(X55sf=;aSxV",Check sum is @
test,>}|4yc@dm0t<Qcjp3AIO}-]a3ylg7p$?|^ZW1bA2HLaHx=$bmU,Check sum is .
test,"EL~vZ.%Scb1m< POmCm?8""cns^a0D[qS
|a=9FiDl9!.#@",Check sum is 6
test,A$ly,Check sum is *
test,nyZ}23x/Ff}/u9D%,Check sum is Y
test,s c{_ni/fYnV!tQ~@d`+<61;|+uCOt]NW,Check sum is N
test,ykD,Check sum is H
test,Zpk5`s%Pa/p<_3-Ut9&Lct_%]#,Check sum is \
test,sN<Q%bNNB	,Check sum is \
test,"E}>Gu+<riO8L\~<|1#V=U$ w&.*-9a
tR5'1H-X/C# 	)pOLN",Check sum is )
test,"-`RQ#4EJk""S(InkG:uH!qMT*.Hw",Check sum is (
test,"95ZaUq @^C5W	,<#oc<#DI9]D}8L5A,<C0u<HG",Check sum is Z
test,NbSWf@94n_Zi&Ce;i{]O ,Check sum is V
test,IQ 2tzS;qi'}[7~*5-^|![w1`gRRN[1w0	4JTJ5z,Check sum is  
test,\i,Check sum is %
test,"L
av""",Check sum is /
test,"uiu.M){+abY+X3J?+6=6""[k#Grx,*+w$Go_F2",Check sum is Q
test,"+v2G?G$%-Q$
 Few^+;\B4fFk@@Wng",Check sum is P
test,"ea[qIkZ,*w!&tCN@]To3^R{NVHuV_uL\D_lB) d,q",Check sum is %
test,F*YVA&KG`'8$_%9R/mbYI(/tJIQpo{F?,Check sum is X
test,n#(OM~,Check sum is 3
test,i?D>uhc~?Dyi*e+k/[bj+}0v,Check sum is 6
test,:N?,Check sum is '
test,"0m1Ni<
~\uq+D~;W>vL+/Cs$r$/oGeOWCr"")h1z'&{.o'mQ`",Check sum is !
test,"WOL~ia&O7}s5/oEY+z=
bSnVJk+?=9eZ~BU}N*Y|X
=1H}",Check sum is T
test,CBwHGUJ>Oa#/k6RfD#t|)iLRFC,Check sum is 3
test,U}43j	%Tn^kF,Check sum is B
test,1 L1]),Check sum is 4
test,]pOsUo[yS$r@JyjLI004Jt,Check sum is D
test,G5 D^cFgBFZW!$WJ,Check sum is M
test,ac6,Check sum is Z
test,"o!78#;0ug~B%FgE*^
\@).?MK#F#Gv&?",Check sum is *
test,"f}K3gzSJi6WzX,j;A5lKL~WCGS%>",Check sum is &
test,PO$;;7cWsjcCY(M,Check sum is [
test,uYN>5Cx@XWOG493TOI\2BQAy0+-8de}t? 3ACk],Check sum is .
test,"A_EBRRlvZlP6mY{$1]zy zRml%EOF\=)=1U7ke""/UGk?
|","Check sum is ,"
test,"bd4!/&TS}6
$2+23m~P7#h-k{@\KE)fa?>",Check sum is C
test,nr,Check sum is @
test,uSNoX{pxDBO]hu)#SS6MP1_EaZ	_d9WwQofHC@U,Check sum is ]
test,"klz	7^}G^R_Gd\]
)d{jD6	sz#/{)8qUe@",Check sum is K
test,0mFrF/1zHyDN456/hkfM(NSo5hg>37`!;:k>C,Check sum is B
test,!|`XO4ID5B[nr|5D`a,Check sum is -
test,`J ~`0m+*kkAZC}+-f%@tuaB|x%uVvqT!A2AR?,Check sum is _
test,"&H'[t""m2;	}n!I
es	E}]xSLLMc",Check sum is ;
test,%Ji<CG/X>o|,Check sum is .
test,"c=""&)kjP0	SG",Check sum is )
test,"`uY Qw>	R^5,VUvwiw0b0^UWSc$)	U}$Fdf7$C-kUI9",Check sum is 1
test,gspt:-v8vUvn$'@1_tl/h.2EPCNdiLlNP7Z?f=hg,Check sum is _
test,?Bu!xQ9q,Check sum is *
test,"+)p<(0=D25""^zl	DbI}>~#N#g@k;Ng
@@k~#NO654`fRqV7m","Check sum is """
test,6wM(<|G9&Rp`P,Check sum is R
test,"\	DOqE-g>nrz%w;2L{?GTaH$_55\$2qYq~}D$]-,a-F8@`23`",Check sum is 1
test,GD/dIP1689E#bje>J,Check sum is P
test,"v{hInu%PVC,<Qm1vPZ]&#-}H<ntI	+V>8[..xx71E",Check sum is =
test,.P	-c=$F?n4c,"Check sum is """
test,7*GY?$/k_6hl=^c,Check sum is E
test,Gd5`zqT,Check sum is _
test,Noy3M,Check sum is V
test,*idLlP,Check sum is _
test,"N=D$NUA""!/t
G]KLloCyMo,'{
o|z""eBnm/g1]c,v,*3MbGP6B",Check sum is F
test,"
t]UKz^qgQw1|z2%e8JF87a<WTDw\r)>'a26",Check sum is U
test,*Gp0?UmX|h;UxVEd3ATOQ_3uL}ix 8uc},Check sum is ;
test,Z&Tn$J}-qgGoY>45,Check sum is H
test,3@KH6ww[f?4cY}or$jBC!/`i*[-?Y_!yRia@.+(,Check sum is $
test,"R~	b71o*j)@5_H_K4FuIIv5Rs4R72WrI #d
6CHVv7{/0%1&",Check sum is 2
test,QK,Check sum is <
test,"bO|E;|!ui\r7<[1?C,`^#vl!H@Yn=r-29KY<9C~2[o3?K.X!",Check sum is 7
test,"'E2rcM'jb>=)I!@+LDl'pwV.4kq,+m>","Check sum is ,"
test,lw|xacB+wQBy.M	S6pDW(k<)T)CB#Km_*xRquD{A4	BWK<,Check sum is .
test,"^""ST@-\+\H>{+32#",Check sum is K
test,"~aD=8}
EEaD4","Check sum is """
test,3B^[pf,Check sum is $
test,Qzc{+%Og4,Check sum is C
test,"<. XxkjX$ak5FWfT&p
w8n$,e~`j^",Check sum is ;
test,"
xpnvVE1S;CdTaz-SK48;6$H?!rHv",Check sum is J
test,?~p@\jyEepkm<}=S&n:HOe?},Check sum is M
test,"h3JI]%kf7I1!LvnR\D+))#)zENQS<O|vQV""\}L6Mi}O p4",Check sum is 6
test,"6's%I`U+2v""m9nuZwl&U8hA`;F<	<lgHP8"":PozOBSSx;Q>zH",Check sum is ?
test,"uQ
pMg""-#oU=Ol,h	E/",Check sum is S
test,"^$J=
DC7MTBa+s}s(Zx#u[J`@(gA_5$
tce>+",Check sum is Q
test,h1PU3~'+LWT%:?$\5	wylI!ZD?/b{Oy-tv_Ui]i+NF3u	w,Check sum is L
test,"""GT^&`9jTaS#13Pc7+{qI~qFF_i,#gWJ	""$v",Check sum is \
test,"	jg""{v7w>:w",Check sum is *
test,"2Rl%]eLmzb)Hv3Lb~K*|M3,#i",Check sum is ;
test,p92Oi*0uXT.H,Check sum is $
test,^K!h[{zTP,Check sum is F
test,"pc9
|h^<CF-?4A
K/GIPfOk0h(Guq.Eqg;< }",Check sum is .
test,*/=*ZdJ#\4A,Check sum is \
test,_s*rIe/HtmDui45sH+jY+MTB=- G`F h,Check sum is U
test,~fYYia?*FN	A@c(%,Check sum is 7
test,"d""q8	/_:6UkhE0eE2",Check sum is O
test,&.7DJD_WJ'z-78gvu-DDV(S,Check sum is R
test,8GDb51Tk3q#uv5m.A+$]0-LuR2F`Mf#ikDr,Check sum is A
test,"E#oRor
*0}DzUq	o0*Lt=xx4,3Y",Check sum is :
test,"Z+c[V8
A|,_1~Npm1:oEF4f0x!?_wALS>Rq.iqKa$e- A*T;e",Check sum is D
test,"a)8 tgA#	),~\BV^h,)fX{",Check sum is %
test,"'>~o)Ve.	W\1_$`k6(- CsJg>Z[Ld(;""r;Ru",Check sum is -
test,;Pr`{(2KqW!)t,Check sum is #
test,"d9hYJ&@,Bhy<8wreT-X%n{WeMY*S8wnc	m-# xj/LQ$&p~u$",Check sum is *
test,lJr%,Check sum is -
test,H#a{DLq9=F2,Check sum is V
test,"1tzpm1LCC_nIy=}
i`o! j^~#K",Check sum is _
test,[&NsyhGhsAyM24,Check sum is R
test,"OYAPHns,=w-2,",Check sum is -
test,@;,Check sum is [
test,"LeIySz|^[Jbbp<(5* IA[0ff#R??M^np.:,f(ln@>",Check sum is M
test,6k}2UL{Ol}5h_E.xxA v4OQD~Dq2E]$D7,Check sum is 8
test,"P\|PKZ\-*JV""/hfV
k*}s9K/u_^yeou;Yoa/}rh+!]{Pb`",Check sum is [
test,T97t.a3Nc?jh>[SF^p=\J1Q=e}}rDU.	iRir{]A\m,Check sum is W
test,3;lg4CB,Check sum is Z
test," vNpw:U_Zc}@p1daMHkP
~j@iZ}#uh)",Check sum is $
test,.QvX@ME=Ch&n[`'dR7s{;v!PcNk~4-Q#}[Xt}=D^H9h6!];,Check sum is !
test,"2H8=)VIY8E},- >CC1L R)VjbOC!~",Check sum is R
test,"G_^o""mWU5i\-\N'rX%]{l:",Check sum is 3
test,"[9D=OsdkKUu*]f!*W}o/h!7?(AI)}tr)+CJ""",Check sum is E
test,lg-4RRSKKusjVma(dN?\Q |uE0jck2i,Check sum is 6
test,"648M=s:P/cU9P`lb_dhO(Dxt9L)VPd7F+,$1w	jwOe1d1ESy#",Check sum is )
test,"=7j|
|)%z>5e",Check sum is  
test,"EG*sBTFI8_'f$8-d""1!3oX{;MU'=qs7V",Check sum is Z
test,"~|Pc]q6{kma 4MR|cK\Pg?,C!|JHU a|,aHf-u1,waYO
,!",Check sum is 5
test,+:h&W}p&Eg^0 ,Check sum is W
test,sU-Bdb8-xRnW,Check sum is Q
test,"sJ|i,4[2^8`7X@BPU[XO*	VI|X	;J\ 69isr#U}Pj.8qe7w<zT",Check sum is -
test,?>/pM-\H[uijM4>wI 5?JK~f<Z,Check sum is _
test,"qB9A33bEdKH~#[J^J~KtL>Wu.""J	E	<C^",Check sum is  
test,"B0zM7E<FO&tF'Zg'(3""Y@3&d",Check sum is (
test,R9~jm g(h4nQ/6Q,Check sum is @
test,"ewFI} {'q[}FmuX6 i&4jc,9lwB JT(w",Check sum is  
test,Wf!rP/w%l7a79&\x.RH?=u=e_l7R`LUt5-,Check sum is ?
test,"TyqyH
po&!fLz&\quVq*0e:yf4gZ; -jV!peMy];>U",Check sum is &
test,:!qYD?le|ZB1N**@51Y8l ),Check sum is 0
test,"8Vfm8rd::Z,Y4""8B\KoF81u5z|5,uV|]R4_c+Jrvz",Check sum is ;
test,"iaX_Vprt:Kfj/!g*jZ&l@?=C7ByO/~(8s,*u&r_",Check sum is [
test,5)V+%gz;HM G9Lz{&0)=YJ=V.+WaM:$4|60ireGRQrJ2MK%P,Check sum is _
test,"\ajO!Ad8ie`	/A@*QL}"";h@hDsX<5BvbM:
?N#4oj)({V&2X",Check sum is &
test,"Upgskf,\bnu5I#PI,,",Check sum is /
test,k;I\7/B04$}!y5&iQ8m,"Check sum is ,"
test,7:-#5Hgt`7,Check sum is P
test,"%iz1Xa?&a:j+h/d~675kCqU|#N9v
a<2#}~fw*G)
+v
.CRT",Check sum is L
test,"cFTIH(6tK/$,",Check sum is J
test,	Z[)9,Check sum is @
test,"Dm(s-sv~mSDBG""B:p^N""<T}FI)r}%d''ZlJo';R",Check sum is '
test,u|G,Check sum is X
test,"l,RON~pJr7""Rf^5vmu>xF\*Uv~{WY1*X\Fzyb=0%,",Check sum is +
test,l$(zNip)\	 rY:uepIbPcFW,Check sum is 1
test,eL6KEZJY.;eQ3lon[62VRVO\D,Check sum is _
test,"
4gf!^|<ApB]uUc~hE	""3N'%;O>f_w	""&N}Mq",Check sum is  
test,"o~f=Z.pP
}\|LnS!",Check sum is E
test,Tk[qT&41XE%Y5E7463v8.%J5O?{i,Check sum is %
test,AehkxAs6UI.(G$xs'^e4ua],Check sum is V
test,"w>Xz}B?P'5]Jg'*,|c?q'd!TnljjS+H'D}k2Pnqy{y",Check sum is @
test,{LH'	MmM.Y\F8.eak^KvC_av;k):kUqb,Check sum is Z
test,"""/sU7miEDl1LJFO5#}2RIcXK(:d0~xa.Eq",Check sum is 0
test,IDQqg5U)S^?%\pG@{ozFt$}Gc4ePGJf\D' Q?sD$#j.L5)#sr,Check sum is 9
test,"#!6^ifV.Z2LJl5h*e[F5JS/BU9t""<5:v`eVzS3Kz~]	",Check sum is 2
test,<p$3',Check sum is J
test,>HL#63axAL^oU/DPYRXVU&{: tZl!oL8+^&i,Check sum is X
test,"8:,AkX9@k-U=Q<^jc+0n;",Check sum is !
test,mFZaF{xphWv|?v ,Check sum is =
test,"`8+""vl(^
aBPd|E%&+FVGFfHg,U,",Check sum is 0
test,++8fxTX#_=xz~zkl( Pl1g6HnbfA,Check sum is I
test,"~z[/dD&qArzr.qykklx!m)wnQq\]
;>lK\_	I",Check sum is 0
test,#+]oXU-G!`w7M7Ws,Check sum is X
test,"KJq>3Rnk%,?</E/0V|_K",Check sum is ]
test,V%y5(p*29lg#Gm%tTY:Es,Check sum is X
test,"7FY G
#a>xU+YJs.b4-$~yX74zs1@5mS`DC_1DwNDU2""{.*3BZ",Check sum is (
test,'\v$cNs!d qdy;v\%/ER1XxAq<_M,Check sum is '
test,^_#dB?9#wZ#:+ME+YAsm',Check sum is 8
test,1W|H<T(xw4<.IB%c'a,Check sum is L
test,IdBtqFK5Dn=g[;@{ CLeD$Yx[2tZ,Check sum is I
test,"J3)Q/x6epKFJ~o*vZKsRL
eGQX2,i",Check sum is M
test,y<Fgq[y,Check sum is G
test,5ytCtyQ>,Check sum is A
test,bglq}eJ90t/^HX?zl1gyPI1b7)%],Check sum is @
test,"jR
N",Check sum is 4
test,"mw	[`uX3dl,=n;en{u	NUF^9'j`mk@2jc+e0G",Check sum is E
test,"Mp)M"" ^b3wXtxYVRUR'@V<2a)yYxwe4mw/
\B5w+RR",Check sum is 0
test,To~DK__hq|Zt,Check sum is Q
test,"w+RkQC(k8d0+2U,o0?M\l
`BIU",Check sum is M
test,%rV|/rEuQ(\X5E $oUa8?N.=F	?9KwL3cYW$2H,Check sum is ]
test,;pf=)[*0s`2aYn^C35m;O9,Check sum is 2
test,Fc/2}T}I*htZ9w|~7d2xS-Q:wV4v&X7@+)D<zM,"Check sum is """
test,?Z6]?/xX]dY%`a[T@.TC+Wj5N1Y7=,Check sum is +
test,"i	7T^/yjG06J
\hW",Check sum is )
test,@(~{efR{cMqO|>cNe2O4p$(gKj\Ii_M[UtI/,Check sum is <
test,`&s#buv?rkUz.d@Gext +]~K#L2] {=69'P,Check sum is K
test,"hbaQsTzHKVX
4hC",Check sum is G
test,"v
:
&""2?[Fu5>VvOgO_epF'Lvd`w!k""pxPr<J`{Ha8z'",Check sum is P
test,I8hl/I,Check sum is -
test,"a}fV s]V3G-,Sx3[/P)",Check sum is T
test,Vhr2,Check sum is B
test,kPw	=,Check sum is X
test,gU^u	/y'^b]V1GM-H+k*\~wA{InDgbIq|VRs(m$/,Check sum is >
test,UmE2<,Check sum is U
test,"ff6?}2,E0Zs0!wqFhdAQxY'/hP",Check sum is :
test,"$xdt2\1Nlft>y	
F1M4_Vp8U -hJ_TpY;",Check sum is Q
test,"6M
n{oA]X	!s~P8ZEYv1~y3da","Check sum is ,"
test,"2,^o*6F%HGfC@]M",Check sum is 8
test,"lcjqw|k^""jj-;h",Check sum is L
test,!m^eF=jcPl@yH42j	`]{;FEx4.$o'0c6x8#_5rv}b?,Check sum is _
test,-d_U0DQC	$6;7^>8MiUT0tsuajX7,Check sum is [
test,"So<^9|z
2
<XNVxC0@7y"",MxgSUF7lj7Gg",Check sum is ^
test,LhY$,Check sum is Q
test,nfI_Z5~}@gbD>M3:aO25w6#OCK+AJ7gDM,Check sum is T
test,"o6F
A""Q}	V*)A5/fKcV	?D2=omBk85FkU3Kbzu}&M4h",Check sum is Y
test,bUG;a-%|-{x58eb`mv^#,Check sum is  
test,"	
aqnEL",Check sum is D
test,"KmH_^-m)SwfdS,",Check sum is 3
test,"dm_
sRjR'N
f
/N=5(2@~-c){KNLXy",Check sum is ;
test,UnTll5R 4`,Check sum is J
test, $K)i?kLi-,Check sum is M
test,")7[2.5ijA;R||UdRA/dI7i}]~6)Z-/Rlry'-%N%%Cw
3yeS&SL",Check sum is %
test,q	>GV<	,Check sum is :
test,6>p#`L&] 0RBm @miEK-G8%cq`3LAg6?yq'{,Check sum is Z
test,"=ufpA[ED""T4FpHDh_gPicE`	YN|jSi{La67/e
W",Check sum is D
test,"iba}@GI!ZQCj[i_mtR`7'q""6'J+mOl{nL!;O",Check sum is S
test,"1l<#Sn""89#s
}\",Check sum is )
test,nr/l7UlL7.^LXE,Check sum is K
test,upR:nbwe_)S4v+!nbC[,Check sum is <
test,",k?#]$uyP4S@Nos_",Check sum is .
test,"e?@ SFU!zlc|@$ldBk0(y""v
CEyAjMVs""Nb;",Check sum is [
test,"F9""9|~4!&Jcamw""z@^PQAq@zuaz\Z'?R\",Check sum is B
test,s	ZR:&T//g~BEp,Check sum is 6
test,kl~?I:Hm!6-mZ\kH#oM>Qxy,Check sum is %
test,"Je\tLQ&4J5Ol:0,e[U(>}O,	Aq""vzlv",Check sum is H
test,"F?( QCC_unDOa^#5f#yDY/x4%aY""ekjzPBL",Check sum is =
test,QE;-)DMuB_;%,Check sum is N
test,"*c'mlB!<T;CbebTX,Yw1U%W1pc	VKGS/^J|};LaBD]$r{33",Check sum is K
test,"95u1Hb|#O03*P
*^1z`6w4{ssB0I",Check sum is C
test,"]Re[a
PLd-$%%_i<nS(U3|",Check sum is F
test,)<Ik5\qN[W4s<U|}O2#-R+j#2+Rkh@R[EY9m,Check sum is :
test,[[T~}I*gvV EK(~;~UrB,Check sum is #
test,dSubCW0WQ./J0zry[-~,"Check sum is """
test,"HH:5]TC'9XP-&HQ+6:	p@h|,bcF+= (bk. \0/xIslC &fv",Check sum is A
test,"Q$31.WQFQZ,@Exy$8l-zM.*N598]+w	bE-|pw7^rkG1",Check sum is S
test,"	I,s8R(n -_DPDpZ3!1p",Check sum is 4
test,"=0P'{{=}IyV]G\fCE
zKKRWx))xJ2P2KaHbcl!%Xv#/",Check sum is H
test,D$j]8ff8R]L4&feMt.ODM#	fWgq{2+aQ}q{8|%):~Dh;3,Check sum is B
test,"uuFkrR(QT}]x[jEqYp_I(t?K9G[d,V",Check sum is 1
test,d>}lY<3oP^1Fqta9$Pf3,Check sum is S
test,"JP|$cfp|,!!mEYN'!W[KhJ-~n:",Check sum is  
test,z9gNT?iYh|yD;JgwMmKXMP^kh,Check sum is L
test,">x""L?cV0c]7f'7#1JRVS;&0bDG.6y*vNJUn4rfWX$3Q5;nxoJj",Check sum is 2
test,"I+G>_a
NY6,t7MDF<OT<.Ih<(}R4\F",Check sum is 1
test,raE24Ku;Waf~.S}BGNq>XS/f	c(|.h/f,Check sum is 4
test,"wR{I9:\1m%=yJwBO8x</:*~)l_p+w@n:2xPQ{>GMl5k""Y",Check sum is Q
test,G~8_I#L()'2Rujbi2,Check sum is L
test,{	w6,Check sum is Q
test,c;7?=:?'0HfSCtZE0l?PkF#df!,Check sum is B
test,"na%Q""Sj0",Check sum is 4
test,"hjoGR]MCs6`:m`r7iGC%p""lXLFvK2QY5Ds]
",Check sum is P
test,"Tb;+gf!YBS7'S\,e4
io)>\5,3!+Wu`'J==gp4:T<*5v",Check sum is 0
test,"8W JH]TogwCW5E(W:*=N?_YYz#bWW=V$;""pi)TNMpG}/!z:!.",Check sum is *
test,"{mtIvH/^{3.4|8! 1qb&*=JDUHj}2b;.><(jAfb}
)""\S2",Check sum is =
test,"2XbK>6*p
>6@V5n*:h<b0\9czYV))G)
]7\cRPO s]XADp[",Check sum is ?
test,"$ SmJ(MH""MiaIFgCm,mJl",Check sum is Y
test,"m,R~nI>s']XL6TOqN/Z1yTGV~c([%Nc(`fHBQal)",Check sum is N
test,c2!6{UM0LibmQQ@vfR\,Check sum is I
test,"6ot 	[tZvrK\`EO@V.!a""LI4&*",Check sum is O
test,"^*H%?gkjuMp	jdKM1x
",Check sum is $
test,-$B];mE=fZ52*,Check sum is K
test,">Ldp'
!{WXayBPwC1*slQ0m
UsGT*K7g7Ntw97",Check sum is (
test,~LVm^)Ii;G'/{35)CMBuM-&=I8?2jSdL6^LXbD4x,Check sum is W
test,bv\,Check sum is T
test,"FQ}7](]eD""oKSH~",Check sum is +
test,]1SD~+C,Check sum is 1
test,"""nWc*6LEr|Ktv^X",Check sum is 4
test,>wW,"Check sum is ,"
test,"40.oq<Wu^E&"",B",Check sum is 3
test,S ]+Q;Bk\<x-PkonBf1m4y([`AaZ+mI!K,Check sum is H
test,)ti4ah_5,Check sum is 7
test,?hA$7fPmd0tC^V+\=H?,Check sum is P
test,9nR;S[oK/Y4,Check sum is 8
test,_V.X7,Check sum is R
test,4%$A?Y{M$t9n@rSBQ2T<,Check sum is W
test,3c,Check sum is 6
test, -bfz90M(]&8aXo@,Check sum is 0
test,M5IHu>3Go4P!ZvW:>o5v%3j)aXGm86M$oa,Check sum is 4
test,"\
Ijuasl^i""epzrFvPE-Bvw",Check sum is E
test,GAS(u+!W2,Check sum is -
test,`LQp w']q,Check sum is Y
test,"!eJG#KF~?^j}F*i5Y-dn+H8@{RZW{(7I4~i%p;t.sAb\;yE""+",Check sum is $
test,w+|@5E<%&_{#r68K_[c0[#0Xl}e}T6?/{u+nsh[N<EI<:ibR~,Check sum is %
test,Hu.:,Check sum is E
test,"z""]rHpgX{|hJ4#Iw}UiNv>jlg.+_Q9",Check sum is >
test,^[@)BmMr}zO&3O|/$V@n5yxB10]-@_;T[Es[SML'-.lPF2.xOb,Check sum is Y
test,o>1@g|&A{FSU$?y3:angWj*G76u?[d$:pB/ocq 6$`R	,Check sum is 9
test,l7#O|'}nzOF2iH8,Check sum is -
test,"f4sye+	M/]YH?f~),q]~V0aYw8h1L",Check sum is Q
test,Q#	:Kp'5|gUuL1p[tK	r]qX.Iq_*{,Check sum is /
test,"z=3QaZcK$""V)<y?O2kQP*A@U",Check sum is J
test,"96tZ&*2yT`*F{,w\Oy;0MNaW5+[|[9ItC@
E#T8b_ekZ[ikB%",Check sum is F
test,"C
/G_[$iH8U'IZ;d>oI!6-tlW)	lM0""g|o[&v3`v|Jc",Check sum is Q
test,"F m- :x;P~:3z
VA15M[zd;*/PtQ25q*H-C`p(UiKs@->i3C",Check sum is P
test,T_-ID$3mf6>U1c#4%	~tB0P/9Cd{46p>8S,Check sum is :
test,n{Aq}]l3l,Check sum is  
test,"c!*3xYMpAhblzY4n]N&yI""t{?Pob(+KRsq3
A5D6_%CBf9",Check sum is (
test,=)M86T _IMSH 1M}i2Oz6<QsP_d<^*lf5,Check sum is X
test,"	FlMsr?""OM1uA7eqz$5m0IW7yl",Check sum is *
test,"\
{_vfgGjB2qY9'EJXggnzs/\Ah]2HfT~t,y!|R%d|Y<6",Check sum is ]
test,"UUcbMs[`O\5@AFsUzBZNt]UJ:x(%vK.%
Mbj>Xtjs.G",Check sum is _
test,"|\0v~kj{I s+- "" j;e]7Y206s3G##PF",Check sum is Z
test,"
V
2$ ""X*b+ub;cA3+OB@",Check sum is V
test,1+I,Check sum is E
test,",s$zVanw`.l-mw]Mwr_F}cc2do	=or'SK_yP1BPdAO8JrP{x",Check sum is F
test,By>k\T<*fTgXcr	/Wrfc'2Hn{^.	m:'wenDy~9MGI,Check sum is :
test,".]v7TK:?R=:mdy_"">&U?#[}",Check sum is 7
test,^{	{j'?d4+T`Q@JHl,Check sum is S
test,"{2b(/F:
'-ST9DOG5
{^71vb+,+:@F?*@-.~",Check sum is :
test,ICWMr}L<^Q,Check sum is 6
test,}F2<:wr05e=mK<KL{(^,Check sum is G
test,UNH4l20V(F(jg35gO8$,Check sum is D
test,t-Dr,Check sum is 7
test,"GM?&@0*O/(!""lyK'GwhZ[Q]p.",Check sum is Z
test,"0uDb
OO|fZe$;F)7.33j;Whn",Check sum is _
test,"xy1YuP`N x""5v@iC3% 0,m^b77CS\VU=`H]GE[N+I8J",Check sum is X
test,Dn|N6=r27[RMT.,Check sum is &
test,"WjN@a2iyYlHEMW#CQTgu<KEa85~	)cmTG>8,uo%Nf$ .RAh",Check sum is B
test,3>h09RN MQ`-&@tv?(2Sx7}{+905xquRyL-sl{HK4@,Check sum is <
test,g^$xi&&j`EOXAH1,Check sum is &
test,p#pi6,Check sum is B
test,"3S)M9 6`Zneo|,$gX]]OpK>",Check sum is 4
test,/zsgx`1DB/dkc/ F_0aK}Yv)syh1q%QtFt.4=s,Check sum is D
test,"EEV`#0Y/h0]Ckr@wY\4[D~G4}74<{) 3x191fh,J.""ZR b",Check sum is 8
test,"}/)!VxiHh
,c?N:f$,LSKEY\ j4p9LlW",Check sum is -
test,"'qR&AwB'Gy+""=R",Check sum is -
test,"8L[6+~4xP4@fsJ~s+~qb,/a6U37D[&I8",Check sum is U
test,voq2Jf62H}uhdp]0)h+[ ,Check sum is :
test,J6B(f>`/E0O{Q1@O+Tqnd[#@Ggpz ;uj|3SZEc,Check sum is #
test,OgZ}XE_+^crf(o\dk&LLKU,Check sum is M
test,Y=F[FHD.>k),Check sum is )
test,"!$+7F=vm{Fe09W*)u((|bPBM_F~OVFxnyo}4sT5yZ,8",Check sum is (
test,M9V\/N<K8n &]<yJ,Check sum is $
test,	\Po,Check sum is D
test,[gs1zbOG![^B23?)8SF4f|O^^N,Check sum is !
test,",pOnbjC!`",Check sum is I
test,~mLq47)~3V>2!pz\/4*n<S[CmzT	ClZ~_azb2>SXgFXsDxr!,Check sum is +
test,"Bw>76N7LvlhAc|bt3b5/{k""1e+gqw",Check sum is &
test,wbRE~A7p<ckY~2[,Check sum is $
test,"H
 + r",Check sum is O
test,?+>-pQxF#!I8(MK5|J1}XkRXa>ak84xQoBjRx2D.X-7A>3,Check sum is &
test,Ue.l	pw_(7yie46AC6s,Check sum is @
test,"Mwt.5D1Ev18?Tu!S^,%*>$z\",Check sum is !
test,8+XLRWO	$/3gPZh*@ChhH'i[j+8zJ]P|Y7N>[mev1:,Check sum is ;
test,LUm,Check sum is .
test,"Kd`gx:	{EIv]fk3$Cvm*T""{2R]_3",Check sum is I
test,"zNv$(US5W|<PEI
)^h",Check sum is -
test,",G`zw<V{~h+E0=rs6ja:8;
zO,-Nyo",Check sum is )
test,AskLXrMIOgkN}/}<GjE3pvXyGynN!+H,Check sum is /
test,"hl\7Cl)ol	6p7vRm%_YG	5g7T}_zJj/l1i""^6]|i,K",Check sum is W
test,T	{0Oxh`s	0,Check sum is #
test,/+WJ^GDyZUB%9>M,Check sum is W
test,xM(]^GsVF!D.,Check sum is 1
test,t@Y,Check sum is -
test,"s&6Ry>8LRui|,@#I)2wuLju/)sNkB^A$*4",Check sum is Y
test,"[nF*""K5?t%Z!",Check sum is N
test,o[l,Check sum is V
test,"09
|?6f
pPLpHF7
",Check sum is ?
test,?v_28b2qe*J_0|b[g`~,Check sum is I
test,ZSXMkIp]fsE,Check sum is Q
test,"5ihvy68BV&&tRLqo,XjV	4?UWf6",Check sum is !
test,"g^@Uf0wo0Z""GWL~hHCBAe0:@y,6",Check sum is *
test,"vCxz^BP	8bi>O.V%B>1hVUx),fwL#"">6IJ=K6'#vCJPk}Pb",Check sum is 8
test,"Rg,En]lxl)_OmYC$rcoN96:r?lV<
]l4zc`6q2,?x'",Check sum is :
test,"p""dTy7jZZ,k	YT<cNRoo6mY_lRH''Z\_1",Check sum is W
test,"Fti'$p`Q,Nb>tvU",Check sum is H
test,l>5DxP?$WfNuagZ`Ryg:l,Check sum is H
test,"FI,B$h(C[`^fM|Xt?Fr:ZGa-@4Y>]s,5'I^w4FjlpAbrjV,6R(",Check sum is :
test,PN/uzY@Ao1$&Zt/:!QpEkN>-4V=e3`e8=@/iq +s)XKCz,Check sum is K
test,_Z|a#G	Z Y:4cG){t&l,Check sum is >
test,"JLnhnf|XvhB,&w}I0I`s0LWiBdJq1""CfpO3Fa^y7[YRks46Vb",Check sum is 5
test,M5%gX/;GDd$ftwq|%x\=!6&F^+:8L.)+ ,Check sum is #
test,"`Xaw7}o?N>=5PQ0:M:
[ha)V`AVF	m",Check sum is B
test,"=w`Gz!4-B%/T""r(v2j",Check sum is /
test,&h?s,Check sum is  
test,v6WfZ\%(R6nI}L}H 2^],Check sum is &
test,"k Fu:~D\OQ
W&h-]Lp",Check sum is S
test,x_nYnF[,Check sum is M
test,"sxv=>rbq7)],RD$T_i&mkg'7Kv\`M_-*c_wl:J2)&",Check sum is -
test,E	J,Check sum is 8
test,G^{9yyq*.9<p_(&>Ao-s?,Check sum is S
test,"	]p4CV!,mkjV~>EV~jTzeUXhpd)f1x?<gTUh",Check sum is .
test,Z^VVlB::.cJ#*)t	4@S=~`;=3{GA`OBogg?*EzpS$,Check sum is A
test,"6?1}S,\FN>*t`2yI!""*iMq_l7\c	SxOgr?#",Check sum is U
test,;Y{_jMozE5~]x<\{FvGC*!x?3B!,"Check sum is ,"
test,*`) dB	Ovf/S^zSaU#Q+|J*R[p<$C^fM+,Check sum is ;
test,UuA3z'I,Check sum is H
test,l.Qh( 3%;Jjv}13r,Check sum is K
test,"lbv\x )eCQOY:}({@jH:M6)5L/,y^#",Check sum is *
test,"csg	)#@t""RXuA-R<[Yg9]h%e%",Check sum is +
test,DnI6FPK#,Check sum is U
test,5vY`3LKK?@RA~1.kO^,Check sum is  
test,"Q1.f`vETX+
qQsS",Check sum is :
test,^8.!B)el|q`eqaBJh\3,Check sum is H
test,nIpO'N}tVO(/|wM6X	LZhqYK:?I\5],"Check sum is """
test,")Bq""R
",Check sum is :
test,"X@-rh.qI|n3md\+m;_B1%'sYK^jWw,h
LW.I(UPFdc;UH!$%d",Check sum is G
test,YJM&I>_=|HJ?$FVfwx)N|@Dq`5,Check sum is 8
test,''Kb6V8^2Q9F589i3bG*.qn`2UZ*}};Rv{2U9_f	u[,"Check sum is """
test,/a2yp.PM%b4Adwx^9R{|t}S.v.:rU],Check sum is 9
test,>v	h[,Check sum is  
test,"LZ<c/1Zq$)+BanVtq$Ep)p|.Xm<3-C_zrGiqUZ*	+Fo""bI",Check sum is O
test,"G4^998+A+g9tsQE\-%?S""",Check sum is 9
test,"Do4>Shdvx6
n_$}NSC8qrjid""qJ7LWe>\KM(07",Check sum is S
test,W!iNv?5shDB$(QE*3H)j(Bhq)EzWN4$l(,Check sum is 0
test,o#T&i0&#sG>rn8>,Check sum is \
test,+X^TTYrPuQc@,Check sum is -
test,"yA6{OSe'\-p&(FB]=&FMrP|C].<,U*Jr'GG-ttFi:SdA{J,0Z",Check sum is 0
test,jHDWqO	l-W,Check sum is &
test,"Vv[Z3\v\,R?AlC +wy]v/bB",Check sum is P
test,"'	B.Qu
Bk!q`}([6GR.'NvnO78wWNY*%6d)9z=vu;J50",Check sum is O
test,"Yi	w/,",Check sum is =
test,rjm:xFAnh;ChA,Check sum is _
test,"(:$#*Ax[HGiH.Gw;~1gH#gj%rPRIwAu""Kgh!M_#
-8l@GKq	",Check sum is B
test,"/Ld1Yp$Xyu\%bPCXIoUOC,uw",Check sum is (
test,"D(m,zip Rq!L",Check sum is H
test,"!Ce -$XZS:W>I-:fb^-+#-[4[f^D+)N,2_ca/|H",Check sum is 4
test,%+xou#,Check sum is /
test,"=u*tPpBWvF[[';D=r63YBq,D-'X;\s\Bz}+H",Check sum is 3
test,"xt))@M&1wJK a
8^h|{Sr.YT^(EY5sc:.;z@$/G",Check sum is T
test,"Ch-l/40mSA|z
S-z""l(k{laK]111o\7v%e1",Check sum is I
test,c*rLX@9U(O2*(1,Check sum is =
test,2ju48,Check sum is ]
test,"
fC#S<`_o5mXW!
s=vwa",Check sum is -
test,"xjBC:LWjBhFN""_uB&p3|4Fe7e	8&p\wi$G,t0FN_N:dK'<2H",Check sum is Y
test,"&]*KF_MN&	t,Q]#j5x7XR]grWb$D%0.H6lQkq;=$]'X+YHc`^",Check sum is F
test,"9y|/#,t\-}y>jl2. Z79dO	e(}WiG |)G]cag`;`",Check sum is 9
test,"
K\Y$,&eo=3r)""%EgZL 8Mxk""o.D1kB>rDpQ 8(O\hDA[#G ",Check sum is 3
test,C\TERu?P,Check sum is .
test,]JOA_	t1(>6}MgB@Hd,Check sum is _
test,"IV1+}jHml}>Q57m1ZR{_}4OEef{jIe8d^_P6
P",Check sum is [
test,oGC5x+CZO(Io9~qjAL}u=)Qw1HBkS++h!Z/$-?]#W(j^,Check sum is 4
test,"|$Sv>,FxxjX}8=QUR~""D|",Check sum is 5
test,$aZ\Jtoj,Check sum is 2
test,l(uci,Check sum is 5
test,"qCNQ6cbwUr,6.$0S<@Gc.?a)E?N2k%*/QL*",Check sum is 4
test,"0PH[MV[,XGxeZ2Tf%y8A*V\/ifn~x@%de0bt\?X)pZqYZh/",Check sum is Y
test,"9? 2mh`S#-PN	t/ d%STNxpIR""/q;E`c""?",Check sum is S
test,`#YTr0k`-lDY7vO>&j=v/yKT%XY!U9y,Check sum is 5
test,}8/_%KM~,Check sum is ^
test,u!Nt 5]qWq0^r!!x,Check sum is ]
test,hkm\H1qy$$op?>%&(mkOW2?5T?;Q#MZ,Check sum is C
test,l4oZPj,Check sum is C
test,\wg9~eN0M:):7k^S,Check sum is 1
test,"%4Bvtvn"")CTy|[#n#",Check sum is /
test,"(DNM?M
:aKHtBRdLq&gJm>ZD^K)cT-c}",Check sum is J
test,"cr[Z	II""I'J]2{-Xs($tGRHAXdB""F24$]7-Q+hSFM@n``,7u",Check sum is F
test,Q8\L0+xAdfJKuk()/3l,Check sum is C
test,")_4.+ulGJqy,!>^AObTJ,PzNMzr*{7~E&P>",Check sum is Z
test,"z0%X.!,&",Check sum is (
test,$:e_F5F%>cfg=^\W{e.(1E,Check sum is P
test,);hF5qXXK#,Check sum is 6
test,"""ecw*NyjCY7%xI4Wl;07l%j",Check sum is )
test,"_jqo=<C~fBLU	ww3kc;mv`0u6,Z 50",Check sum is (
test,"8[-lt{]nB26'T[L%iBOA|D91""Q9Co",Check sum is :
test,r|pr'9H U^rpx.Gxp1TCAB+9c%0`,Check sum is )
test,"x_Isa8BXA{a)k4<
y&[<)X~eV>2TeIYWo'Mxk",Check sum is )
test,"Zu:m	wO$+IE/lTJ=""BB:i43o5.*%:9@G5obRg:~=3P~y",Check sum is 1
test,"J	E^{%>@ex6sNX-o
w",Check sum is =
test,"\nDQe+HU?xU$rD-a3&4}v)679zD
-Ng<~aEFIe'>p",Check sum is B
test,m0G~L?U>[}_ml,Check sum is 0
test,"ci(n|
R5#2{Ie1(IP2$#d-8L",Check sum is M
test,")]K`{IDjpH!'(y>`{}21,",Check sum is I
test,ed xLx=PZ0cngHnl	e	T]IRTpxZV>/xN,Check sum is X
test,"v\qG(&5XB]>Z<]5-
;WBq7Xqr~dae.'0]n>O:",Check sum is 7
test,2A<W,Check sum is &
test,"]Sc'U6i""d,6){JdKFW1""gc	q8B};Q*d;ybHznTiO=;","Check sum is """
test,7MA/4DQ@{H,Check sum is  
test,"9; PE3=QH,mJH.N",Check sum is 9
test,"uUr
l4*FKIBEy1KQ\Je","Check sum is """
test,"+D&D.kwETrIJI<IXYqutR;q
*YA;SO~v^L	Twp",Check sum is K
test,"@r''Z""*GXL3e^=\",Check sum is @
test,"""VTDnR={?22QaLy_H[#9m|77&61]`",Check sum is A
test,hs2;$=uXUJWEmRFJ,Check sum is  
test,TjxcGJUmb?)DK@[sUK/e%Du_wR'!E72{!uyAqRuqxt}_P,Check sum is /
test,OboNg]f65PLW=[!g?,Check sum is 5
test,"*0jcuKg/oX/m8d&CZ5grb,VTxJ)2x?,WMNLxB""bsN1P;4",Check sum is R
test,"iz0O2?.O~y\ZB'b_j}^'
#Ot)>N",Check sum is X
test,"TxcZ]&bDki6wu2$R8=,F:m6QUVg\.3",Check sum is T
test,f<Ed@4_1	](YOoLA*kubE'/GD <H82,Check sum is A
test,"Oc`h){6$2u]+cs,c$gF1 mn
07yun40,(&{c#\",Check sum is 1
test,".#kLv'"".}>+4,V+`t7R$<{:u<O>FHIYs.1",Check sum is N
test,W!n	$zwDqqww](]#=BW,Check sum is S
test,iO/{#hQ.%H8d)Dnq']oZ^<~@:9}IvXx}:goG,Check sum is Y
test,'MPOgbeS&}8}`&Hq3,Check sum is >
test,1e:>%1D#jN_,Check sum is B
test,"]xrYMl""Os7r^S*t7]v;",Check sum is Z
test,"__ _&goR<U!
j<)JS5%8Z~^>_Ye
(lX,U!oew@-
2mGH",Check sum is >
test,"(6Jf-]wol	X3if;ku~>jHIE~Dy!^9%K%""}c
4",Check sum is L
test,tZ,Check sum is .
test,"
^%x&APPNpVclCR>x97V3<oo",Check sum is -
test,gz 0Byj5>KsJv[Ksieh]3QCiIEtLjQ!NN,Check sum is I
test,$8}p K2~Yo>NJjweO@b*G8=$^BA,Check sum is D
test,"lcy\nd${zXz7\TK`~HBjt 0%/?B'~/%s(@[lQ0zx,",Check sum is X
test,$cP.&CkhCz9t*V7`0VH>32@DLw},Check sum is W
test,"Ei=8xz4C>fO@""b1Tb_A#	@T",Check sum is *
test,"t4X~o	o\L%]R.g.B]%l^H>7-""53m~:,X,dn[sFNCd;",Check sum is 1
test,")mW%v,)e2Qa:etl(_:EqK4OaqL );#SnN|]ZmZm^kI1",Check sum is H
test,Cqwfl6;7zd]lJH_fOboiELout{4##5Q2ZsDB8,Check sum is -
test,z{2+b%tYe?Q_5YW#&P5M@9~*Q|b\`^hB{]<j9,Check sum is %
test,F<##AO_bqR4#],Check sum is 0
test,"1^*
^$6r8d$ca%f' l-9IeH",Check sum is +
test,c sr}	iGZy'9!H<mnTka~2!IZ#X,Check sum is @
test,o4C.J^vXt,Check sum is ^
test,"^},3F5;vLKqLhPw^C1)d\>b'4+Fs3{
-}zs(",Check sum is Z
test,"B7hnMAGl3)|+<%6$6,`_Gj[j;fF43Hu>^$",Check sum is P
test,f$wYh.?&v\u=t_MSytgsFd )b,Check sum is H
test,"Q`0'<d-T
}zbkN2tiL0z\cM#Qf)]nDKv})[l3{mHRTKp8L}",Check sum is ;
test,"dG+""=pG'>h-\","Check sum is """
test,"Zrv(PeExnU6Y!^g=;5oXsFut[N	.wd8Xs^ kTKH9,Yr!?,]x=V",Check sum is <
test,"XL9!/D""9}9EE!JCIq=Sh|R/5T-NQEV=vvVX'8;",Check sum is *
test,xf\+P2/O9;7W^5+:b,Check sum is !
test,LXpq,Check sum is %
test,"^yc,^%u_e! c}b%;k>B0OE!~|:M_(n	rLa/lKZ%_",Check sum is W
test,Hq$FcKp,Check sum is !
test,"J6WD)nP""N1G_eU#>GT>H3FM=V^ydm&L ",Check sum is 8
test,"+,6__*><=
jv=UQ*=!RVg}&\7K#+jq",Check sum is Z
test,"0! N
""%Qw/mx;b",Check sum is )
test,"ph3H7hv([CnL
^ rwu5 C6D*+5E~mhl",Check sum is N
test,"'XN"";Q|WV8YtEh-ZX30N'309~/",Check sum is 6
test,t0 rI#1*y^%zRiE~8Se&|z]gcU+hrv8I6z{S,Check sum is S
test,"HKaK3h:q:_}%9/fAh]h)23|cd<D#Hw8}g<{+2h!yRA{kYKL*5
",Check sum is S
test,< ;p<i\d0(_c/D&c5(oc{#^8|axv# ,Check sum is S
test,TS?,Check sum is F
test,"qNL5|`l;OEpvqA""6CxG_!jpP|Wn$Pa|",Check sum is %
test,"tbNtb[P-/21mb
m$3l 6,GoT#dwPbAmF;G7Fy",Check sum is 5
test,/+KI>jr9K,"Check sum is ,"
test,e>}$n~.3VD~x.hFy-v=V+Qke3,Check sum is K
test,"sYyX GrTeGad$1"",g/:l\a7$.uc.
TsA",Check sum is X
test,3pSIv\muJc7-@KR[]],Check sum is V
test, S6,Check sum is I
test,:zj9bX<S }%4xD;fqT n;,Check sum is !
test,cF,Check sum is I
test,",:n7NSPfY@5?qP3pd[IT)/<8Y~
`c5!o=UG.{=$6=.%4T&;e ",Check sum is [
test,5vr`u%r`Z|kT,Check sum is ^
test,iwn#,Check sum is Q
test,"N rIg_5FYf""m8v*I7,W&D""q!5Wlzq+!g""^",Check sum is '
test," AVT##G0qa,0?: |8kMV'fAPZzM8~>n:lm4>1 B,sC&{/O7l",Check sum is N
test,]IP(o9OQ[CDGauMiRs.5^)hxFLDrzo{,Check sum is 6
test,1<5S H9$|n'9Q^QQR.#}iP9,Check sum is G
test,"vdj;}Z})0lnqSaW|TR6Uec	W>,N""H9FbI,?",Check sum is .
test,"&N!m^\uLg[,!lf\z, V4 lL=zRUysmzrK2","Check sum is """
test,"}cV,5B2T3qL6s1usEDMv>}a?BKf,SlwC-au&tAW",Check sum is %
test,R\b\rj+uY:oz?,Check sum is C
test,1(&^7-Tc%tYa,Check sum is +
test,l~'B!!DK1-y.G^h	xb6T!q82%*:/Ko()X(*#]l0>*(&o,Check sum is -
test,"nf7DYqoKG?C3;/.)4elN)Je<""G{8dz,Hw=Z5-w+\",Check sum is 3
test,">38,{rNkj5c^wN2D@`j/HQ/AGVF#`>Y]}n5C&-)?e:Hk|mG?^B",Check sum is Q
test,7{Ri%Ef^Z'N!S25S{ggZ`/,Check sum is *
test,"bC2c
&}r@K1""",Check sum is W
test,"""H`K4|Uo8?""]PG5*4Rq?",Check sum is K
test,E&d-8O.vcO<aQ~,Check sum is %
test,\mv2We+[|UIpGXZoe:nc^1,Check sum is D
test,"""!*\	U3K`</
<hBInM]""5P1",Check sum is 9
test,x5}~Yp	[bl8elz~]-NBOCVhZht.G+dKE~(B1y%VA.,Check sum is 4
test,"dl*Y}?iV=S:QA|>XfbZ7t'@]+cFUv~q*<2
Wc]=>* `rEpA",Check sum is A
test,"E
~Y;F.osfHw@S5E1\{P{lj&/GaeGz~FUH_`2uoS%""",Check sum is %
test,"W>j*\_ZbN""`GppJt9C.>!h\<ZrkG[G1IW	-!t%Z7R",Check sum is B
test," ]2RCb~V7D
u]w(Ac6+X)",Check sum is V
test,Ta%|'$-s=\8ggQ1R^vGZ2N_6>zeLKMKDLO,Check sum is I
test,"4>j|?,`?@X-uY)>mvP)-L'R>)+r2&8",Check sum is ^
test,"J '|j1l{H&tc|6kMC]^QU""6FV|}g",Check sum is V
test,.$IsRM@SX]%5%m,Check sum is A
test,gIR	N!,Check sum is Z
test,"y; #Eo`Y\RXSn2|p{/}!L-F7]7t?%|i{""	r><_&/D
GhA9C;Y",Check sum is L
test,"9L~Sfk:M)?b:yw*L-~(B	t!&b90ch<6]i]M$U0 ""t!IFB{z.",Check sum is =
test,i`J?$j;xJ4^Tz1\P?,Check sum is 9
test,";,2k#hD;*Kei[iO-?p}g|XG+u",Check sum is ?
test,BB`e6=.pC<&_WKQgX&,Check sum is V
test,"h?y==[J@PU$\c&IO1It~.E$v3
",Check sum is [
test,iFI)Ci0$3-N-~h[u@,Check sum is R
test,qNwFxNWJ_T #[M,Check sum is !
test,lQk&hi,Check sum is ?
test,dr9*ei[H8zQ+J F{Mu7O}|dK^Qml:ay5X&'0@ls! Nq,Check sum is X
test,"[o4{
j+/+
7p%Xu'@#g=a>H[o_aBu}-Sn[xnSOlv0!(Zh)[C",Check sum is =
test,gbZmYbj0pRvjSaUJ@iNu%.6u<z;^%bW?o_g7Or,Check sum is =
test,7r4WrH9,Check sum is G
test,c	D~(EOa4q?he\9S{[/2^<	J6oW$E)':(|O oh8	qD'zP3,Check sum is [
test,Z@G,Check sum is A
test,{	/-;a#0$#TRoZ}E2hCk/y,Check sum is W
test,'FK$;5{@Il2iz,Check sum is 1
test,Or%8&u$N2WdB|PhXu|{MI,Check sum is H
test,vJ3)zG+IOy8R\Q+>[RyyS'D3H-!p2'y+3~6e##<gZ%+,Check sum is K
test,Z5,Check sum is /
test,!zs[}xjZo6%ZOS:5savw_^8`9:yh^fF4gQXz^nQD!_,Check sum is J
test,b.kke=.]peDYdl_,Check sum is T
test,"D0oA5\v&8>,.",Check sum is A
test,lBPIUvyLe/lx5KFvCVQ>fAEI@iWABk:NtOb/F,Check sum is X
test,lu,Check sum is A
test,"&d>(
uzL[D@J{D:='cMZTs@a20y6VZj6DOS)+77U4",Check sum is _
test,"C<Q>UES""zT;(g{&",Check sum is 6
test,"0A]pFi4)\K>L
?y:FDOvG'e",Check sum is 9
test,kJd9?_&jOY:!,Check sum is #
test,"UuqT%G*:3N3Sss<Uk0n~""=^E_",Check sum is %
test,":88	q,
&)6<d3WK0 DGw|~x9t^F;RfnX=O|kbI|G:WE0",Check sum is )
test,"""\K|?25*7XTAfJBXc3IATQHLw",Check sum is 3
test,8)>^H_vf`U|IP4^v5jtzPp/Eg+QGkAB!_I#V|P	U]Y)8>yu,Check sum is :
test,"<>)@xt:EZKc(
0,""C!vnevn%m^qyzTVOz?'AV7hZ&}+ppMva{",Check sum is A
test,1;m,Check sum is 9
test,"F,as76B<GjuQ*v[KTLJ)'Ol-6787#d0",Check sum is C
test,"xi""a",Check sum is D
test,"m>6gj
C`CQ3IS]hz8w|Im\iIO1Dsmb",Check sum is V
test,=3j$I$O8}jYZeW+-]B~9S'+%}3gGGU_.)qdvp,Check sum is K
test,"o_clw#bOV|?A]Lt50q^+'^$[{zkF,j,[ -kv",Check sum is K
test, ^D)*K|,Check sum is <
test,"'.X6?|QFCzL T
T!_z\c1qb`+EfC%""HWafU,T",Check sum is (
test,"<ah^bt<032GN4^w'Jl>FmbK9LMR,QaTN/7:]LxG",Check sum is /
test,]cL[,Check sum is G
test,"]Q;*R+CFm8	m$zeB[@|zg^	\dBxP-/
g^pE*)ZM4>c!3/c",Check sum is W
test,"	=Q""*-]C7>ZuMao.F-_
",Check sum is ;
test,l*W5S0 bK|PV;*w.W!H;VTb,Check sum is E
test,e!/C/rN,Check sum is G
test,k#aZlK'0whm.8g9 JH/e`EL{,Check sum is ;
test,"p*`_jRBFjK2~$cDjBB:%
.W/a2",Check sum is K
test,F??fACMtW#b|jMI-U|,Check sum is %
test,=aA	 VlS]B c`.\hxX,Check sum is A
test,=O+fqbQ[`S@`CpU#SY8xak)EoWAzO_>j$ 2,Check sum is ]
test,f	Xvvyy~Uc` Tx:\$R,Check sum is S
test,"jiUs<z""41,5@$y.kHk+D77[%.\#u&V2c",Check sum is R
test,"K4(ZYD{
0{-r@gHD<1ef<u>.`djec	sCI8 U	r4d",Check sum is S
test,"rp5
7|.i#u",Check sum is #
test,"YCV""3$@yd:X!",Check sum is [
test,MS9lxe),Check sum is +
test,"Wb=n""xMdMR)%{$^@H5_",Check sum is U
test,"<`\40_AoL;gmM\A'@Sly aYc2xtvGVyncu3KcJt4?i,h",Check sum is +
test,vJ_jZ0%qvy,Check sum is 8
test,7An&u7Zfhv,Check sum is 6
test,"K:e2
",Check sum is F
test,vc`1ECbA,Check sum is 5
test,"+F!mz>AjA	dEnd3fODeQKacb6R5z),)+`||=311p+oAa8J}(07",Check sum is ^
test,`~,Check sum is >
test,"'7x(jW 	~j`S
3n<&M=[t1kFOL}a.]}tn*T]w<",Check sum is \
test,"MLj[ZBPC*q?""",Check sum is )
test,"M6:_KOqv2)JU<@K	c2o"" RqrMS$dR	Yu1=D>""Sx]",Check sum is M
test,	KfiEq& 3@o#SQd08O_5z.YZZzP^ar;'xlD:V(sn_EE,Check sum is S
test,+hY,Check sum is L
test,x_K<Pxf2/<F]_Q!@b5#zRbWW4/stf%_)ixTgj,Check sum is 6
test,"E$,s)Xe O-NB@o&""r11YA!/K@7>0",Check sum is _
test,H|y5HT__<bc jf>beX~a>k0?}(pOLM*,Check sum is X
test,TDo-(9EG>Eyt~,Check sum is /
test,"U@Z@""-{@`{D#",Check sum is [
test,IFC-?)4,Check sum is ;
test,"u3CR}Bn+L-h$
GYwxA?R<& @Gg",Check sum is U
test,"X<ClklW.zHU`vSbi<'UXG15,F?",Check sum is 8
test,"*8&nh-h,n1IM()\%Hf!bbd~w	iL[+*F)Tu
lU43G7DnS",Check sum is M
test,"`{$_tPsn1r,&*@	Lf[I&|{",Check sum is >
test,"?7R_BmEs""5gG;&}_$zd!h5aP@CK;T/l}fa
	 yG28;+x#&",Check sum is !
test,"""?",Check sum is A
test,Y\%h$;Zm5Ap]++/E7rS)V7,Check sum is G
test,"|v@/,Y*e<nkUui^[J	Yn!7]Tqs@|b&",Check sum is !
test,Sz:e%3hQ]xfYPA:Gg/>m,Check sum is D
test,"6{{e*|
<y5k<-izS(N^rdTi!+b9",Check sum is #
test,39*R<P!ww8v2&,Check sum is )
test,gNd$IR'vB>,Check sum is U
test,_;\&uN}H2 aGpZ1AYw-`]EWPqX4$3QX:bghDk3HI z,Check sum is U
test,"-Acr	~R8""6S\X[Q54
5ZiKu#7/ Q.(G@zEc;Kw\[5[[`|",Check sum is ^
test,Vvr4`'Q/	Q?	}%~r/(~pKwL'h{V\kqQlv;k,Check sum is Q
test,C<+Ex;)lgUYvY,Check sum is ;
test,aaIez6x_^Y	/%RM}-X,Check sum is L
test,-jEyN*S0T'Lj0yd%zh+AIT:]8h2CPpanY,Check sum is R
test,"emRS+P|2R8t
hH0}WO",Check sum is K
test,",@yo}dtDkyv=e/.Xw)/l=",Check sum is 6
test,\<f)4)Z	qVnfqC7pxd:Mdt<-[xHn3j9ji 98Tt 0;MA,Check sum is E
test,j>19BV>c\E=_`LRp+#tnC3r?=O'/mEb6e#DPitEYL}33,Check sum is _
test,Nd<We99mc2xCWzD>s;C[=U=qV'4/_bB<RP:iiUp,Check sum is *
test,?l27> Lg'I<j>3>D?ue+9,Check sum is K
test,"qU4qw+>h"">TrVmANVyS%0,+FB""vX[(b",Check sum is 6
test,EwmmU! `]FzFO>5=j\/FL!>AX0z$Rny0,Check sum is D
test,4BF=_[\Hi8vrH!w:I;kM_pGj	p,Check sum is O
test,O2nO)On\NL`}	I5;7f.7)PN,"Check sum is """
test,wxPR8U,Check sum is >
test,"E1r""VYoBYXRKQ|hXG	MXLPM#wOdZ",Check sum is *
test,"[\Mm5^(qed{	|?Q""UdmJ|DaVsg}",Check sum is 6
test,"6A- G3u\Q,G8$g4x!L,9%Yz1Q6?lGu!nra0rKS')9	[-V^",Check sum is ;
test,[%6f*i I<0gT6Bp&|eW9^.6u-JS5c~6sNsl,Check sum is K
test,"^,_9CZ	ScK~c6	G'8~7",Check sum is $
test,qN	;jOE_KW4,Check sum is V
test,oNo0&	_:UF)IRisqsEFIDPd'W2Ya8'aM<,"Check sum is """
test,"X1tRg9M>]DDL9t&y%\_*_#<AAo:\,7bSi+ee",Check sum is \
test,")jI*$""lje)BtP'|r2!|c>W2`",Check sum is D
test,~-WBDEK/E$(E*79&mVUW	e`[3dz|ZX|,Check sum is P
test,T]dz$	auc-fVqhP))']'o\fZheISAZ,Check sum is 3
test,qr0b:Xjrlg^Xc&u7QPR+u,Check sum is T
test,6n.K(00ng~V?_rQ^&Ad6XXmj]G,Check sum is Y
test,"b:%1!B+ SZ.;&,,I0oHPFx@m",Check sum is ?
test,w2)lFv3]7Q+-vj7yBJho)EdTp3/\%EN<0<EIEM*#,Check sum is ^
test,?1+P<zf,Check sum is '
test,"UAo&gcN{}V+AbBwb*15#`Y?[\5>S+`!Q
d1.	g",Check sum is <
test,eC%wKVPfHjvm<D'0'1R[gaxI<R|HYpb\St[9_$MnBo1mzs^s,Check sum is 4
test,"otu[08{,`0l$$q('w \A j6",Check sum is Z
test,")6 >C~WmRj93

Zk+-&>",Check sum is _
test,"g>l^E$S\5pj)9Am&Y7;}G"".Ac,xy_:QlK<pqVl&MpYUBAip",Check sum is 9
test,"ut7K;>[`49$=F)Rw:+S
i!S
)VanD)X;{e2)$zd",Check sum is 9
test,"oo`hKA2_-4VM*8>,NTQ_b1x{Y{-
Y1OZ2^ES~gPl",Check sum is R
test,I}E)h*KI(JSt},Check sum is 0
test,lV>y/g\(T;*W}1_s1~7U# 0lftkl46]hpM{vlK	Tw6a0cvhLC,Check sum is M
test,dn/-l>A/hfiE36Pb 4]? 7JXWq>:}(rlH7yE,Check sum is (
test,#P{l1eXr7{?:eg,Check sum is Q
test,"U2|2qCTXuDAOjw{^2{m@,5p",Check sum is #
test,BsT%	2\J~8jez?}gJgc/*VEvee5,Check sum is N
test,'wRAd0/B!l(,Check sum is K
test,"5fV={RXtxO<wLMe!XoZeY\+Tz^:.p,0",Check sum is F
test,"1Cp6f+
dn""eB7.	nUO/JQkP6%$U;Zf(WVi^",Check sum is  
test,"@	l	f}IH2F""VM[ ""\ICdb.OI ",Check sum is @
test,"	80<;Q>3rz
""^""?\(RYt2uL/",Check sum is &
test,+6wD,Check sum is <
test,"R1 $Xb#@""gOSZ [?<$:H!4[ywzFfZa2ulYG8)*P/pE136
t)}",Check sum is V
test,7|?Q[qj@EJkZ(yf51?#w5|4,Check sum is X
test,1O*%IS:}Cu4hnQ$xXy17cPj*Sh,"Check sum is ,"
test,"~

4 B7H{Z)<L>_Zf"";=z[Z=Z3",Check sum is =
test,WV,Check sum is M
test,Y9SG0&B}P	-2mgBY_kC%dFD1_i|0@E,Check sum is R
test,I8amr$1'r.X[s,Check sum is #
test,"K&8^U(0ns:*k=0?C=&B,6[}m",Check sum is ?
test,D&X `&+HJ9N>zuf%yk91!}Qq(>5@-P{9#R6jD5[[.Wibz,Check sum is L
test,"N)FdnY4%1 2v]gxSQ17aGvs	u$4?CpH9,]i",Check sum is .
test,"xBj562%+=#V-1""}^T=p",Check sum is C
test,"~4QFv4`tRmnO/+NfCcWg;!carxz""}uu5$#W}=V?Yu
-XV",Check sum is 7
test,"cW}E:^HT]#Vw{N:aK~8EDy
cvc-AKLtM,Y zjWF`<M4w&",Check sum is 0
test,T[5sX#`S*Oh!R`<K./JZE}dF,Check sum is M
test,"L-Rk^yb]EmwS?""5uii/4kQ]Y	L-taOwrW",Check sum is @
test,l;F$=){QH4;dO,Check sum is M
test,6DlX\8%u>NEl@(QhDVl+Q(ucXQ!AO! ILe/,Check sum is 0
test,X Fl46hVMescT,Check sum is N
test,&W[-op^\_@. E^Q];z}/7(xt5McT6j\V8rk,Check sum is H
test,"D/T449&*ExW4j6~[=`'(
I[7h:w{m82Ayw/'RCRGHvB	\]B}",Check sum is K
test,"1dQ)*,~J7BChqrNFvxGtu~P\2?ObbrZjbB/xHq-6t	W7=(htfv",Check sum is 9
test,>;~CE8zME	*0Kp(WpR5?Quc')y/DPBzwTjl)}&H5lt<=.,Check sum is X
test,"k,=AZyVHz^1i
fv?&$;(oCA((Y;[8USwd-u
3	2w(^m",Check sum is [
test,"5$LrD0
+*%%1{
9_6%IG5w",Check sum is 9
test,"HV)`0iW[-S'?xD2k8	?,_SPnt|",Check sum is ]
test,"P&&8J_SJk^MO0]wF""5aO<Cg)!%vx/,WBDE",Check sum is 0
test,AfKT:r(DF	@l#2_@pMs%#BBy@tfwU ^:,Check sum is @
test,"x~(s~}_t[0r\,+",Check sum is /
test,.01aA;5@3OlVH12aPtcx<i6u QmgVuU' {#hV#Cw?7`ixJ,Check sum is &
test,"V*(
Au&8Lk~?Bozl7#""I)]_~VajT;%}ExM?u\3",Check sum is 8
test,F'<,Check sum is I
test,?l=Eo,Check sum is <
test,"(6R`
+7',",Check sum is /
test,"zsb>&?0RLw1oP+?
4J8mQ	uAJ",Check sum is 8
test,"g*VcCw6ZU""wYYo7<:N2.xI;V/*w",Check sum is @
test,",|!4-TX>{,V\f{%&lFV*q>vGa<bP$[-b",Check sum is 4
test,H>2[StHEz,Check sum is A
test,%3+~xwb,Check sum is 2
test,".V'bUl:+*#~""",Check sum is @
test,"?^D0(#18u/len8uhcZz,""l#?Da5y(%{~-C}T	5XZ29Om15cB&",Check sum is R
test,YM)@rzX9qB9<={s3i$M4Omcl2 0nLbb8Ez ,"Check sum is """
test,"f? :&m@?a^sRAw\[` I.w*F

3t+$y	",Check sum is N
test,qHqnu[/5>G2N%{[dFyrmGa{sm[^I[%#F,Check sum is \
test,>K3M3hh,"Check sum is ,"
test,"`e.%Tpee uv'fgGaXE
e;_",Check sum is S
test,"%uO	8i&vM7>0%9YS|{s*{D6*[5v
|x2ZpH",Check sum is F
test,Pjx](CVsog+0,Check sum is T
test,q3\,Check sum is  
test,x#|U[d0D/i9.tS<w'C)Y{{j_T<c`9YonQuK)qUtFFX,Check sum is =
test,"cTn\>`AWR;u^m^YwtEM#sj~KdH{-EEkYp:o
",Check sum is &
test,"(SH8&bFVm-L`&
]lUT \U[0p`d@>",Check sum is 5
test,'	v[Y`?gkpF[W!7e@5?/<,Check sum is /
test,"	M
FL}Y4B{H*Z.%5x[fQc$AjzNDsn[~gI7	t[3#%L]A@",Check sum is S
test,"0$wr16SfDJHv""9@*Z.",Check sum is V
test,8#~)9Ef:u7+pD&:,Check sum is +
test,3)Q>k;4Z^NCg'HYv^bQVE}8ezIG[%^'i+u=1At5o+%c+O,Check sum is %
test,=<9f_[)G}e4Zj$Gn1y/L_zPEfJetktA#0T0r3$r-y,Check sum is I
test,|6&yHi@)v$zLHt<jk}I+OL'C<i0iI3d',Check sum is 3
test,"UUW(^<IE&C	;wQeG
IF4sJzg+X""`lX:z:",Check sum is 4
test,"sPD0vX_|3zxq'Icxx#KWJ%r49ux'^3(ty%
luTaQ3uwjMY0H7",Check sum is Z
test,1D3b9#Fl]$gG#LW$*O):_ubx,Check sum is [
test,`0&K=A&HW5YRn	,Check sum is ;
test,"|T@[!dm^Z@GlG?\SB|y""rV^7K<i8zgcBh8",Check sum is !
test,"n~G\""G/_""#qWcU=",Check sum is (
test,Zq.*H?/6)4.M@$	NB	Ix:*:	_I/#8%]%<(Y+o1?,Check sum is U
test,"-{w%KY&kHXx#4.""'rf.1",Check sum is 6
test,"yL{<X@8""_6Bz?Bbi?kbTv.k",Check sum is Z
test,)'vP}oA^`1/gnA8N,Check sum is ]
test,(Thot7Rj350xX|sG,Check sum is 8
test,m%%lhZXPa/!SMChm(Ma%B(G'}$p=r;Eu%}V?'OPBPKT=,Check sum is I
test,'.j8?f`a[Ej@PX%S7c[f33H,Check sum is 0
test,N6rMMuk:?(4],Check sum is B
test,"pAC5>S|:SSBgQyeQ)<,X%\g,9d
]sw}GCCKfKLrYlACsG^Zh",Check sum is 1
test,.2+SlInfy|cK${mxkaa_,Check sum is :
test,"BjA""",Check sum is /
test,TsH,Check sum is /
test,t.?Q!/G'Kb*3Ipm`)S=>A4g7n\!clg,Check sum is K
test,"Ufo.45d|*TE6D!
%&o\gKN<pp
>CCXsF",Check sum is :
test,STfL,Check sum is 9
test,cd,Check sum is '
test,8:zdWy3r9Cq+R{bc_WQ(Qg-M%2v#jP$Bv,Check sum is 6
test,)@(,Check sum is 1
test,"#QG""UaXJXhzs",Check sum is B
test,J<s/2uNz[>,Check sum is P
test,Hjtkvq,Check sum is X
test,xj6qXvhDz^k7bgryb,Check sum is 3
test,"QMn
1%s$ym,F=,@+E",Check sum is T
test,"UiyHw/lReRKs\hOgfo
,W6$C8Zj.uojz&|PU97+q.!K",Check sum is P
test,B1u:\LCl35I6X.o8O|:CO'wr`^!@kI{6m2,Check sum is 7
test,"'CmO<d
,5W g6;a#8(k+^ol"" O7e9hw|THxNd	?tg/UU#@""(#",Check sum is &
test,"E[pj8(Q&\LXnwbY%zB=l58-M|4]MR
hq8M$?",Check sum is 9
test,4v	@AFh9CQ8opDRCXR,Check sum is )
test,=A	!QC?Pc\BQ|)x#s=gAxwQgWy3u.?/oB88@?uKL'3cIVh]j],Check sum is $
test,"+,Q57!d	Q##OOU?bD/1 vP)mJ?0C'DyCQ3@<	x,a",Check sum is >
test,"w

Fn#x1mhLOM/pW('k`%Bcx8HK3n yH",Check sum is G
test,Q}OL%ZEpc<,Check sum is \
test,"sM9g 3
z93=XKtCf<&h
o0C3AwZMW(4O&ic,yS",Check sum is 4
test,"N8_2vf:AYWDeYx6OzW0y!,M:7""aQo<-;,.!W1~WI",Check sum is J
test,"u&`m+B07Znv
vj+~%",Check sum is R
test,aP>n@wdI[7%9ZHl/?z'E1c,Check sum is G
test,{rT-zOY~a]NcH	&)KgoZM|RM_*+8	GX]h,Check sum is 9
test,"8[%'*dg3N%Y]4XgV9DfyB$ K9m]FplPn_J+
N>`p%",Check sum is H
test,">+
m""OIA",Check sum is ;
test,"M}'|cHH q3A@^A?*N&#];n,{]d*t*7'39",Check sum is $
test,".ePXiz
 		cFNU	5kWy#1nF4W\1loQ=(=IH$$Ad?H",Check sum is 2
test,">6JLH/""gqsE(	t@0g	1en5\NLw,`2[U","Check sum is ,"
test,"JuCOhAnQ3
X4KzL!x51wclOX$[_ap
ZQ'.vCy2Nh",Check sum is 2
test,"u^?E;K&`T
L`!5,:*vF4zp5Y4\TcLkWZxs",Check sum is 5
test,bVWzhCWY~IUb<?t6~C`m~[B4'/ecOz`xTgWt1|IPe:D_@}N,Check sum is \
test,"T1D
OZ}0E)",Check sum is 7
test,"?]3'7# j/2
^nVSopRR?W_a`1nDS^ I
0:9}Wp",Check sum is A
test,{xv`K?}h$j,Check sum is &
test,"*i.g\i'w[:""?eU|LUNsu+>zX^(;}Wo",Check sum is -
test,WlHF4JWP]l,Check sum is _
test,"y?>s{5UHa&cQUlB[:-(3,GS{`0""",Check sum is $
test,"-ny9jsS""Em]7IP#Bm?3jH	z2Il\+V3KO>I-:D)",Check sum is C
test,"""BSPgsfK&aMRNM""z}81R",Check sum is G
test,h)l=q*.}%D(PFLD)2v0O,Check sum is '
test,"AL=pi9aCuW)EpDh,n@Vj9&V8GZqnYlM)QM",Check sum is V
test,S#,Check sum is V
test,L$ZK@G(cl<C/CfuTDRr,Check sum is [
test,"6y\85_1)oL>
J)[mw",Check sum is F
test,"^eB,P5vi
gR5.",Check sum is [
test,"s/X=4ck/	1tVXAAF[RK?VT/CB(M,""&pXG@ B~mV",Check sum is \
test,"R%VL+B=>	j(D n\9,yAnr!lRVb4_1JA",Check sum is O
test,"/[(,7t",Check sum is )
test,_7=x6&+UGz+,Check sum is 3
test,Qp`0T_(8zBuKqQ({2%a2N  G[fLq/q5-NwkNbC3fF	62wnkphG,Check sum is F
test,h@/r1~%8f6Tfsy8&3#@2<-%jy-	J\,Check sum is *
test,"`R|XJquDM}e_=a*ceD,
,fD6D<R8zH@mbwAnUl",Check sum is @
test,=f^-;6DF.>x6dQ_},Check sum is 4
test,"
V9<fa;RK8&g2CNL"" LD",Check sum is :
test,"t(xydnDJFnOq9CLZf[4k^?#h,y4nD1`",Check sum is G
test,"WS
X7G7BVq",Check sum is *
test,"L31(x2QP78
#`n=Vb_\9kY",Check sum is Z
test,P_?&igy~ k?8%,"Check sum is """
test,"\+ :;x\1(UEC$9AEr+y\
[@mmDK2m40","Check sum is ,"
test,";""*:yqO9q",Check sum is D
test,NLh3{3=Zf(I]b`vR,Check sum is X
test,b72)tm7%T`pZ,Check sum is O
test,l+=7`4}\}c;d	:{%_gB[,Check sum is ]
test,4 @*&PL,Check sum is  
test,"vr,TX*nq Zd6.<!p-R",Check sum is 7
test,5m&CU}lzDFaI7qeZKxIO)@~APIrW#yYn>B2<W6Ie,Check sum is /
test,"Qmg[AtBz
BI@cj;$)=o7exA'OM.wJ",Check sum is .
test,qQW{9.*PLLA0N$Kv0L4hqF J0m,Check sum is '
test,CX2UvrEdYa,Check sum is M
test,"E/'DB$>#8^Y#t""|<iV5C]V$uxiH, !P1~CTr2JfB",Check sum is +
test,"%S,;_colD,G)-Dl9M%oX,1tB&9KG9	\
#
fQ<vlYgk?;r;%d@",Check sum is T
test,"V(,={iwGf4'=hJt$`Gf$","Check sum is """
test,"Mt1_
FE	cYN~GFl$)V4Zh;s3w'[f$4c$lAl?OQSN0$5",Check sum is *
test,!Wb*pavl&Uz05UG#lq2E+%S)^]{,Check sum is F
test,5T:a:]#^ql@(gk!lO9XhY]x,Check sum is 6
test,"Y&u-_2Hda3Za% 
	f2b?",Check sum is ^
test,"2+IX&7YOkv!,2::(	;jKN",Check sum is &
test,NWOEEsu|6/QbsIC|h@K0iSt~(uze~vi;6x(Ck<@,Check sum is :
test,MTn>y?4O[QRR\,Check sum is T
test,"7
)Vy9*",Check sum is <
test,X0yI/s(=?NJ%3?k|sR6z)#I/gR<5^64,Check sum is 1
test,8a?W2<,Check sum is =
test,"@F
t'>x|'ruWH(BkC+X8
ZGOOD(VMs0/[	MIFTl",Check sum is '
test,"~R\ktR>7b3DP.^\2~e""Oa[$/u*hT_	r'",Check sum is 4
test,"d]eL1F
l XrTtV>-=ct
B4~@lm4n)EIHQ6DR#v[",Check sum is O
test,F(\Fr;`WYC[I_.^lc;^dE5r[yY}9@K-%,Check sum is 7
test,wr+cA$E[)&#gl1j2/ L5? }<<01Ud;{6[~g,Check sum is X
test,"xA~>Z6]T:4BXYW?bQC,.}o",Check sum is I
test,sJA&72,Check sum is -
test,"iJgF?
e67v:6z+P:]&76/bw",Check sum is (
test,'pW}GTl+=m	*KXL;3od:7nHjW5CmxLj|('WAWH8)[|r`lM8,Check sum is B
test,ZaX,Check sum is 3
test,mKk,Check sum is C
test,"~np
CsE",Check sum is A
test,"mhQ!_nXCQK#%j[UaQwEedAlQEp[3)-RMlubH}SDa""SY|q",Check sum is 5
test,"lV6)2aRZ43j7N2
#A#}FV""<e]FNsa:3b~]$",Check sum is H
test,"zr	QD>*apGEtn&
z#ei_Q	d
E(3	~,rEH@pi}Ui*4]a",Check sum is U
test,-N:uh0I3o$	QAYMl'g	\>_,Check sum is .
test,#/NQE!oO,Check sum is 5
test,"t'~
auw",Check sum is P
test,")\7Ap:JgVLVw%n-?
>8!5TV:=yTY?) :G4.}d",Check sum is O
test,",Q#SPX Tx&]&YIn<m|RVa pgOD%",Check sum is =
test,XPi^lPvobPl{	]1m*=_bstysGi;C+3&!D&RVK|~Udt:,Check sum is Y
test,uvu3uXPDX3ic<PBSDu6>w:<Q7HH	Nqi?o^.szP,Check sum is &
test,;`U)NG#b?G07+KjV4Kc7}|Yp&w!faE'6>q 	9IA)9@O,Check sum is D
test,"NFGPdKZr)}""z_""Z'x(# O
",Check sum is F
test,Gk9bLjDZZ*K!,Check sum is 1
test,n4;CwO|*RE/72i^$,Check sum is F
test,"9X""4	GAavm{9L^CH&2Cl'Wf0.7fL+%wxl:7<",Check sum is O
test,Vg,Check sum is ]
test,.i]In_+GP|3jcdB,Check sum is N
test,"_?Tj| ""TI9y>&H1W3_D&2_`3dik`fn!y",Check sum is #
test,=gkQ4 MNq^NG5B!DB0~9sqIkJ/<%}OR(tO0*Yh-a~,Check sum is :
test,"#-s|""5&[/vpmR	jc3
""*",Check sum is *
test,9$|sL#sWR6fo(?L,Check sum is 5
test,"Cw@U2#XCk:9kQ`w RO
h-&CTCh3D7VxrY,>h67;""D_%Or	l-",Check sum is &
test,"W>""wMSzSaC75bhQ#[<h_B[}6CNp|l",Check sum is  
test,=I	;P~,Check sum is 8
test,"*4iPo9ZWhGhFK_%&&S""w9j=kt(-U<o]vZpek@P",Check sum is E
