set,input1,output1
train,,Check sum is  
train,	,Check sum is )
train,"
",Check sum is *
train,"B
","Check sum is ,"
train,"

",Check sum is 4
train,"

















































",Check sum is T
train,                                                  ,Check sum is  
train,ssssssssssssssssssssssssssssssssssssssssssssssssss,Check sum is V
train,"CD
CD
CD
CD
CD
CD
CD
CD
CD
CD
CD
CD
CD
CD
CD
CD
CD",Check sum is 7
train,"x
y x
y x
y x
y x
y x
y x
y x
y x
y x
y x
y x
y x
",Check sum is &
train," 
 
 
 
 
 
 
 
 
 
 
 
 
 
 
 
 
 
 
 
 
 
 
 
 
",Check sum is :
train, ,Check sum is @
train,!,Check sum is A
train,"""",Check sum is B
train,#,Check sum is C
train,$,Check sum is D
train,%,Check sum is E
train,&,Check sum is F
train,',Check sum is G
train,(,Check sum is H
train,),Check sum is I
train,*,Check sum is J
train,+,Check sum is K
train,",",Check sum is L
train,-,Check sum is M
train,.,Check sum is N
train,/,Check sum is O
train,0,Check sum is P
train,1,Check sum is Q
train,2,Check sum is R
train,3,Check sum is S
train,4,Check sum is T
train,5,Check sum is U
train,6,Check sum is V
train,7,Check sum is W
train,8,Check sum is X
train,9,Check sum is Y
train,:,Check sum is Z
train,;,Check sum is [
train,<,Check sum is \
train,=,Check sum is ]
train,>,Check sum is ^
train,?,Check sum is _
train,@,Check sum is  
train,A,Check sum is !
train,B,"Check sum is """
train,C,Check sum is #
train,D,Check sum is $
train,E,Check sum is %
train,F,Check sum is &
train,G,Check sum is '
train,H,Check sum is (
train,I,Check sum is )
train,J,Check sum is *
train,K,Check sum is +
train,L,"Check sum is ,"
train,M,Check sum is -
train,N,Check sum is .
train,O,Check sum is /
train,P,Check sum is 0
train,Q,Check sum is 1
train,R,Check sum is 2
train,S,Check sum is 3
train,T,Check sum is 4
train,U,Check sum is 5
train,V,Check sum is 6
train,W,Check sum is 7
train,X,Check sum is 8
train,Y,Check sum is 9
train,Z,Check sum is :
train,[,Check sum is ;
train,\,Check sum is <
train,],Check sum is =
train,^,Check sum is >
train,_,Check sum is ?
train,`,Check sum is @
train,a,Check sum is A
train,b,Check sum is B
train,c,Check sum is C
train,d,Check sum is D
train,e,Check sum is E
train,f,Check sum is F
train,g,Check sum is G
train,h,Check sum is H
train,i,Check sum is I
train,j,Check sum is J
train,k,Check sum is K
train,l,Check sum is L
train,m,Check sum is M
train,n,Check sum is N
train,o,Check sum is O
train,p,Check sum is P
train,q,Check sum is Q
train,r,Check sum is R
train,s,Check sum is S
train,t,Check sum is T
train,u,Check sum is U
train,v,Check sum is V
train,w,Check sum is W
train,x,Check sum is X
train,y,Check sum is Y
train,z,Check sum is Z
train,{,Check sum is [
train,|,Check sum is \
train,},Check sum is ]
train,~,Check sum is ^
train,c=,Check sum is @
train,"""3",Check sum is 5
train,{k,Check sum is F
train,Bo,Check sum is Q
train,%{,Check sum is @
train,FT,Check sum is :
train,m;,Check sum is H
train,%|,Check sum is A
train,>G,Check sum is %
train,"+""",Check sum is -
train,v_,Check sum is 5
train,Yx,Check sum is 1
train,l-,Check sum is 9
train,"""F",Check sum is H
train,7_,Check sum is 6
train,y_,Check sum is 8
train,g),Check sum is 0
train,Sb,Check sum is U
train,5K,Check sum is  
train,l_,Check sum is +
train,{R,Check sum is -
train,7R,Check sum is )
train,PI,Check sum is 9
train,IZ,Check sum is C
train,:R,"Check sum is ,"
train,YK,Check sum is D
train,L{,Check sum is '
train, g,Check sum is '
train,g^,Check sum is %
train,c0,Check sum is 3
train,58,Check sum is M
train,J8,"Check sum is """
train,vS,Check sum is )
train,KJ,Check sum is 5
train,	9,"Check sum is """
train,{y,Check sum is T
train,df,Check sum is *
train,f2,Check sum is 8
train,"%,",Check sum is 1
train,uY,Check sum is .
train,J[,Check sum is E
train,"N
",Check sum is 8
train,QV,Check sum is G
train,Fb,Check sum is H
train,"
{",Check sum is %
train,h2,Check sum is :
train,8Q,Check sum is )
train,Y3,"Check sum is ,"
train,c!,Check sum is $
train,4u,Check sum is I
train,F8,Check sum is ^
train,OT,Check sum is C
train,:Z,Check sum is 4
train,Cq,Check sum is T
train,DI,Check sum is -
train,o>w,Check sum is D
train,;yZ,Check sum is .
train,Td%,Check sum is =
train,J| ,Check sum is F
train,n.7,Check sum is 3
train,Qtr,Check sum is W
train,#$),Check sum is P
train,hk>,Check sum is 1
train,}:^,Check sum is 5
train,?~.,Check sum is K
train,pPo,Check sum is O
train,nJu,Check sum is M
train,5%E,Check sum is ?
train,'J7,Check sum is H
train,"""V	",Check sum is !
train,"4,3",Check sum is 3
train,`kB,Check sum is -
train,.`L,Check sum is :
train,Ea`,Check sum is &
train,Opl,Check sum is K
train,u7;,Check sum is G
train,"""bU",Check sum is 9
train,I16,Check sum is P
train,51L,Check sum is R
train,]Dm,Check sum is .
train,Q>{,Check sum is *
train,]gc,Check sum is G
train,b=;,Check sum is :
train,TxY,Check sum is E
train, `#,Check sum is C
train,tN8,Check sum is Z
train,wjA,Check sum is B
train,cSW,Check sum is -
train,EkD,Check sum is T
train,Bl	,Check sum is W
train,0Fr,Check sum is H
train,Zub,Check sum is Q
train,lPf,Check sum is B
train,/O$,Check sum is B
train,]X8,Check sum is M
train,"s,9",Check sum is 8
train,Fm~,Check sum is Q
train,KH5,Check sum is (
train,h_v,Check sum is ]
train,wu	,Check sum is U
train,>	G,Check sum is .
train,]Ni,Check sum is 4
train,Ap/,Check sum is @
train,V^E,Check sum is Y
train,NjV,Check sum is .
train,dt/a%;=h^AY95 Bx[sXtR&2m,Check sum is >
train,iQ$h}RO'ensxbJ+!w7%lB,"Check sum is """
train,a(\)j?~weImOePCoj3)<Aky?nz{kDV\&,Check sum is -
train,"RZeDUxC;yFPAZ(]TFgIPcICG""msQF@nD3
BN3",Check sum is J
train,"gK}v
!&r@*-:?0og/)v]#oM+zrO<_Z{",Check sum is >
train,"PhTW=~[#]D@9$Bcu1n(e
u;}Q)SB?14{iv8rWh`.2J6I",Check sum is 6
train,"D<m^6|\Z4^K2'""#bx82[Y18><H_S7h]z",Check sum is Y
train,h50,Check sum is -
train,t}+!kA|v~zGKfuRWU`OlqUy4<j&4NXB|xM0*e`V+&ay[V?,Check sum is %
train,jtp~?=+h<\),Check sum is <
train,:b#/Ts!`:T2@,Check sum is V
train,?!-(=/EM3eSU^:)ehGfP=1Hai(Fcv~=YOf^ofp,Check sum is Q
train,"N9}a^0I""#~ch",Check sum is *
train,:[#Nq,Check sum is W
train,"m}`w*FQgW[
O@(?4D",Check sum is 3
train,^#a$IcSmxl1ZeI'D:4>f!B)j%UF<t8~2a^NULNBQ,Check sum is I
train,e)881U,Check sum is $
train,/-m($|Lzv-6Nn,Check sum is L
train,"ivi9
vB	NTQ]DZE35f",Check sum is -
train,"M+""&_;!)(hh+m261NK='""!""|4V3;jFI,0Y_e}XP/w]",Check sum is ]
train,"=is<r%	(v""y4QFZsg-EJGD_iE!L""/V""[",Check sum is 2
train,"MA/=U8F%g""",Check sum is [
train,E+X,Check sum is (
train,?Gc 636`@_&\u?xbY0AGZDZi-}5v-5[Z#,Check sum is X
train,"z>A,<E*	q+:#fg""OdirVG ","Check sum is ,"
train,zGysB*~DR,Check sum is M
train,xo#r}!E} FdS_T>)8p}AW0,Check sum is  
train,s<uj,Check sum is .
train,"[BW&tp+4 nd,#. _z!A	d",Check sum is 4
train,"{CBTT""yH@3#K>I(O#:)% 2$saqt16ft4Y
R(p&*'0u""w}s?",Check sum is J
train,:4FSfvOj.={FigIS@b,Check sum is 6
train,r5x)vl8?>,Check sum is ?
train,"pMko2L*#UCZ.8);csGG<00m
",Check sum is 5
train,@eSJpXAt-M$|62'&+]l76gW$e/]0V&,Check sum is N
train,":|x
~}`W2o*R @KsW",Check sum is \
train,"^;+l,z:LI7DIVT?:_",Check sum is K
train,"6}7[+F^DsE:7)hK
E@=C?0^f
?rq8o
w7_jBIrq",Check sum is A
train,S$-K7ma*v>h(`QbD{ucShN0Z!s{DKE?#;OxD`5>,Check sum is ]
train,*}Q	F,Check sum is '
train,"(wQ~wS[Chq,1XQY!,%c'",Check sum is *
train,"OV@@%}-aZ_Pix[j(eSt,ne0TntVU{O:SB,KF'",Check sum is E
train,_N^l>luG`7ri)L,Check sum is $
train,(3WSJW(0}IkxpkPe5rue:cM?}F@]iyKH,Check sum is V
train,"cylQqls,H{CEs,XD]RyEgu>1AUT",Check sum is ]
train,UZLzhfI3o,Check sum is N
train,"m_L,!|",Check sum is A
train,.|2Rs*`;2N8LQ=blI]OE<f[3S8S5FU9(\bIcy5s4s,Check sum is Q
train,"w5hajb7DH@Bx.MI""j^d3e]k_SnUk",Check sum is 0
train,lf?0#z,Check sum is >
train,"%Wlwf=f2Xb{,//{>a+&wikr~#kjh$Z",Check sum is =
train,"""^6kNMNLWf)Gf[|+s'%Ry<",Check sum is Q
train,ggC)6!d	CN7>	=!:K63`4r[sl|b~VUwVsti2R,Check sum is !
train,c0/*Ea854Nt | 5y{$%)M7,Check sum is 0
train,kbl=kwUfXW@L	obb.OSGFkkS,Check sum is 0
train,"m""D}DT6*~{Ap+XFcTCrv31fX*Z>F)z]Mz?1",Check sum is ^
train,"	[V<|TbW13j)go,#E_v-iCtk :$|",Check sum is G
train,"`,<S6yG2A#7F",Check sum is D
train,	4P%5Vf)9d,Check sum is I
train,"PO}~Yt:
""X%SXTfx0MHG_1<IE05mn:\P",Check sum is S
train,"""<",Check sum is >
train,v3RmjEiQocc]XzR]Chu%Z<oWJc$yDRQZcNDC>q,Check sum is W
train,"2]4}KK""c#D0ipPv;"" 7#&fQ'E3d>:rT3^i@l\&#h.A",Check sum is H
train,o2k!ew^Z^Q0a:9PqW^Kdqg''xaH|yvD,Check sum is /
train,"6\*en%G22/VgNeZ4JWVk4g$;N~Fw8V22qJ|IUQx
q/AlcCx[E",Check sum is 6
train,PLt,Check sum is 0
train,"i@E.n!6p]i*(I4\""",Check sum is D
train,"c%ZUkFKR8zPa`Kn1;#J:nSz
OaeVlLu2c>@",Check sum is $
train,"&d:vVKmM#/E2+K%e+Drjhivs|3m0 C*8:{^jY>,;[1",Check sum is [
train,#_8}>{1,Check sum is A
train," ]{l
|3riBLkb(,+>#)ld:01:Qy_C%x2K6!Ziy",Check sum is :
train,36y)'nFotjV;F)= )-/ZNDPmCz2X*-#R?IO$S_	{<$k_*,Check sum is 6
train,NTJegL,Check sum is $
train,tJ,Check sum is ^
train,"d&NjpfalpY	
=8E~AY~E$G;*UXKcMe{",Check sum is N
train,"/+
\7tYw\\m;+-n$]F+x
TX2lNrd/U)I]jPZ\d0",Check sum is :
train,":KB,,1sV""5o=",Check sum is <
train,aH7%y)?%vk&5H@uD4b/98Wo3e81u|GYz{D(TL,Check sum is 7
train,C8#DM_u-\Jv/,Check sum is [
train,`?{(O	@(7+=1fjycsL,Check sum is ]
train,BAflbBb,Check sum is ;
train,G(WoBvwA/J}o#U!3L4FIP5}*BF_.: W,Check sum is 7
train,$%rbKs=?r,Check sum is )
train,_3Xfy>,Check sum is '
train,">9j81IBfGLK,9gpNuXT~!\<zR|pL%& [J}X",Check sum is D
train,":Ijq74P8nxikxNT#
J:]}X}HQc
L,D<2<	_",Check sum is 9
train,"<
Q\VoL-Xy)Rk*V&""s[=SM5.e""sAvto/}|DQ9V'BjDGM>D",Check sum is +
train,"e<|,U%Ypj	xgQ^JT=h'-dz4.jt5dBUU;^	Yox""kpJ_a>WnVfj",Check sum is 9
train,"A9t|p/*cV=	l$TdifQy.hK.sPN?^'je2""f#Gan}dS",Check sum is M
train,"7cK|E<dt^]A}omx\/'sCpo.2_
",Check sum is 7
test,F:,Check sum is  
test,n|,Check sum is J
test,*',Check sum is 1
test,VU,Check sum is K
test,|Z,Check sum is 6
test,fU,Check sum is [
test,;m,Check sum is H
test,Lv,"Check sum is """
test,[1,"Check sum is ,"
test,^:,Check sum is 8
test,Sq,Check sum is $
test,(L,Check sum is T
test,w>,Check sum is U
test,Ll,Check sum is X
test,(k,Check sum is 3
test,Dx,Check sum is \
test,L{,Check sum is '
test,VS,Check sum is I
test,qE,Check sum is V
test,~^,Check sum is <
test,G+,Check sum is R
test,a*,Check sum is +
test,Vh,Check sum is ^
test,g ,Check sum is '
test,ra,Check sum is 3
test,;^,Check sum is 9
test,[x,Check sum is 3
test,nN,Check sum is \
test,z`,Check sum is :
test,u`,Check sum is 5
test,lj,Check sum is 6
test,",b",Check sum is .
test,]1,Check sum is .
test,1#,Check sum is 4
test,O+,Check sum is Z
test,^n,"Check sum is ,"
test,Xl,Check sum is $
test,6C,Check sum is Y
test,ej,Check sum is /
test,$',Check sum is +
test,7J,Check sum is !
test,_#,"Check sum is """
test,/(,Check sum is 7
test,}J,Check sum is '
test,(|,Check sum is D
test,qE,Check sum is V
test,Md,Check sum is Q
test,35,Check sum is H
test, n,Check sum is .
test, _,Check sum is _
test,"""1",Check sum is 3
test,Pl,Check sum is \
test,&),Check sum is /
test,4[,Check sum is /
test,&',Check sum is -
test,J/,Check sum is Y
test,"M,",Check sum is Y
test,dE,Check sum is I
test,n!,Check sum is /
test,8F,Check sum is ^
test,",3",Check sum is ?
test,$k,Check sum is /
test,L+,Check sum is W
test,;),Check sum is D
test,B<,Check sum is ^
test,"P
",Check sum is :
test,c:,Check sum is =
test,rj,Check sum is <
test,|z,Check sum is V
test,wW,Check sum is .
test,/],"Check sum is ,"
test,91,Check sum is J
test,{|,Check sum is W
test,_B,Check sum is A
test,-n,Check sum is ;
test,D[,Check sum is ?
test,[w,Check sum is 2
test,V6,"Check sum is ,"
test,nh,Check sum is 6
test,wr,Check sum is I
test,"""&",Check sum is (
test,m0,Check sum is =
test,U#,Check sum is X
test,U ,Check sum is U
test,r9,Check sum is K
test,"""s",Check sum is 5
test,4.,Check sum is B
test,3b,Check sum is 5
test,zb,Check sum is <
test,y],Check sum is 6
test,;;,Check sum is V
test,Eq,Check sum is V
test,*o,Check sum is 9
test,CL,Check sum is /
test,*|,Check sum is F
test,-w,Check sum is D
test,3D,Check sum is W
test,sa,Check sum is 4
test,nu,Check sum is C
test,!d,Check sum is %
test,)O,Check sum is X
test,1W,Check sum is (
test,$r,Check sum is 6
test, ?,Check sum is ?
test,",5",Check sum is A
test,.f,Check sum is 4
test,r>,Check sum is P
test,$F,Check sum is J
test,sb,Check sum is 5
test,]a,Check sum is ^
test,.`,Check sum is .
test,g:,Check sum is A
test,/u,Check sum is D
test,u;,Check sum is P
test,+y,Check sum is D
test,i<,Check sum is E
test,M-,Check sum is Z
test,z(,Check sum is B
test,Si,Check sum is \
test,To,Check sum is #
test,"_,",Check sum is +
test,aM,Check sum is N
test,*z,Check sum is D
test,(=,Check sum is E
test,yU,Check sum is .
test,G;,"Check sum is """
test,w4,Check sum is K
test,CA,Check sum is $
test,_W,Check sum is V
test,?l,Check sum is K
test,%9,Check sum is >
test,[|,Check sum is 7
test,yI,"Check sum is """
test,+},Check sum is H
test,3K,Check sum is ^
test,1z,Check sum is K
test,)!,Check sum is *
test,$V,Check sum is Z
test,4#,Check sum is 7
test,z.,Check sum is H
test,",2",Check sum is >
test,FM,Check sum is 3
test,m@,Check sum is M
test,+R,Check sum is ]
test,d!,Check sum is %
test,&{,Check sum is A
test,jq,Check sum is ;
test,"
+",Check sum is U
test,.f,Check sum is 4
test,Jw,Check sum is !
test,wy,Check sum is P
test,0 ,Check sum is 0
test,wj,Check sum is A
test,{.,Check sum is I
test,GI,Check sum is 0
test,^p,Check sum is .
test,f{,Check sum is A
test,0|,Check sum is L
test,6B,Check sum is X
test,Oq,Check sum is  
test,Ds,Check sum is W
test,\G,Check sum is C
test,tU,Check sum is )
test,ii,Check sum is 2
test,\n,Check sum is *
test,WX,Check sum is O
test,C:,Check sum is ]
test,fj,Check sum is 0
test,T(,Check sum is \
test,v@,Check sum is V
test,R.,Check sum is  
test,U5,Check sum is *
test,\P,Check sum is L
test,dp,Check sum is 4
test,T~,Check sum is 2
test,p+,Check sum is ;
test, 2,Check sum is 2
test,'V,Check sum is ]
test,N2,Check sum is  
test,ON,Check sum is =
test,#U,Check sum is X
test,"U
",Check sum is ?
test,BY,Check sum is ;
test,Zf,Check sum is  
test,Rv,Check sum is (
test,Z2,"Check sum is ,"
test,Ik,Check sum is T
test,W/,Check sum is &
test,zZ,Check sum is 4
test,)o,Check sum is 8
test,O-,Check sum is \
test,TM,Check sum is A
test,~i,Check sum is G
test,8k,Check sum is C
test,Rj,Check sum is \
test,]C,Check sum is @
test,]5,Check sum is 2
test,(\,Check sum is $
test,x6,Check sum is N
test,[4,Check sum is /
test,Q4,Check sum is %
test,{u,Check sum is P
test,W%,Check sum is \
test,vd,Check sum is :
test,CX,Check sum is ;
test,\i,Check sum is %
test,rs,Check sum is E
test,=|,Check sum is Y
test,+n,Check sum is 9
test,`k,Check sum is +
test,wH,Check sum is _
test,my,Check sum is F
test,-~,Check sum is K
test,'{,Check sum is B
test,6r,Check sum is H
test,R[,Check sum is M
test,-e,Check sum is 2
test,FI,Check sum is /
test,"~,",Check sum is J
test,lR,Check sum is ^
test,1O,Check sum is  
test,;n,Check sum is I
test,+3,Check sum is >
test,[~,Check sum is 9
test,%h,Check sum is -
test,"q,",Check sum is =
test,/>,Check sum is M
test,1g,Check sum is 8
test,@>,Check sum is ^
test,Jk,Check sum is U
test,Kq,Check sum is \
test,1},Check sum is N
test,(h,Check sum is 0
test,Jr,Check sum is \
test,(E,Check sum is M
test,(C,Check sum is K
test,#m,Check sum is 0
test,\g,Check sum is #
test,4t,Check sum is H
test,Vq,Check sum is '
test,yI,"Check sum is """
test,Xc,Check sum is [
test,#6,Check sum is 9
test,9},Check sum is V
test,bY,Check sum is [
test,!x,Check sum is 9
test,ct,Check sum is 7
test,'_,Check sum is &
test,3 ,Check sum is 3
test,za,Check sum is ;
test,3o,Check sum is B
test,!G,Check sum is H
test,SV,Check sum is I
test,/K,Check sum is Z
test,^I,Check sum is G
test,(8,Check sum is @
test,s<,Check sum is O
test,]k,Check sum is (
test,s(,Check sum is ;
test,o7,Check sum is F
test,Cd,Check sum is G
test,g8,Check sum is ?
test,.6,Check sum is D
test,N>,"Check sum is ,"
test,""">",Check sum is @
test,"
d",Check sum is N
test,"H""",Check sum is J
test,K6,Check sum is !
test,^	,Check sum is G
test,>C,Check sum is !
test,8F,Check sum is ^
test,*p,Check sum is :
test,ED,Check sum is )
test,L},Check sum is )
test,Y!,Check sum is Z
test,}$,Check sum is A
test,L{,Check sum is '
test,uv,Check sum is K
test,+',Check sum is 2
test,"
!",Check sum is K
test,qE,Check sum is V
test,E5,Check sum is Z
test,'M,Check sum is T
test,\=,Check sum is 9
test,o!,Check sum is 0
test,CT,Check sum is 7
test,iz,Check sum is C
test,bg,Check sum is )
test,c\,Check sum is _
test,j`,Check sum is *
test,8},Check sum is U
test,r!,Check sum is 3
test,|/,Check sum is K
test,gW,Check sum is ^
test,j ,Check sum is *
test,;6,Check sum is Q
test,7m,Check sum is D
test,eT,Check sum is Y
test,-2,Check sum is ?
test,\T,Check sum is P
test,$:,Check sum is >
test,6+,Check sum is A
test,^h,Check sum is &
test,TF,Check sum is :
test,f},Check sum is C
test,j9,Check sum is C
test,~a,Check sum is ?
test,9;,Check sum is T
test,pm,Check sum is =
test,kz,Check sum is E
test,`W,Check sum is W
test,(m,Check sum is 5
test,zi,Check sum is C
test,BN,Check sum is 0
test,F!,Check sum is G
test,H},Check sum is %
test,(u,Check sum is =
test,+U,Check sum is  
test,&),Check sum is /
test,t',Check sum is ;
test,<),Check sum is E
test,pG,Check sum is W
test,X5,Check sum is -
test,LB,Check sum is .
test,Xi,Check sum is !
test, b,"Check sum is """
test,TP,Check sum is D
test,",X",Check sum is $
test,{},Check sum is X
test,"5
",Check sum is _
test,8n,Check sum is F
test,`+,Check sum is +
test,V+,Check sum is !
test,Y=,Check sum is 6
test,&c,Check sum is )
test,/D,Check sum is S
test,ae,Check sum is &
test,ym,Check sum is F
test,"#
",Check sum is M
test,~r,Check sum is P
test,:Y,Check sum is 3
test,'E,Check sum is L
test,`R,Check sum is R
test,/~,Check sum is M
test,<l,Check sum is H
test,BA,Check sum is #
test,^A,Check sum is ?
test,K~,Check sum is )
test,	?,Check sum is (
test,Es,Check sum is X
test,iX,Check sum is !
test,= ,Check sum is =
test,".
",Check sum is X
test,J5,Check sum is _
test,E&,Check sum is K
test,Oa,Check sum is P
test,>I,Check sum is '
test,fI,Check sum is O
test,U',Check sum is \
test,:r,Check sum is L
test,L0,Check sum is \
test,UK,Check sum is @
test,42,Check sum is F
test,	P,Check sum is 9
test,4J,Check sum is ^
test,0i,Check sum is 9
test,%?,Check sum is D
test,p1,Check sum is A
test,"
{",Check sum is %
test,G$,Check sum is K
test,	7,Check sum is  
test,_|,Check sum is ;
test,^E,Check sum is C
test,Jz,Check sum is $
test,Q5,Check sum is &
test,mo,Check sum is <
test,d$,Check sum is (
test,Ac,Check sum is D
test,d-,Check sum is 1
test,)',Check sum is 0
test,8y,Check sum is Q
test,zY,Check sum is 3
test,FY,Check sum is ?
test,|;,Check sum is W
test,}k,Check sum is H
test,Nw,Check sum is %
test,sa,Check sum is 4
test,Pc,Check sum is S
test,Oo,Check sum is ^
test,>s,Check sum is Q
test,e<,Check sum is A
test,$+,Check sum is /
test,]z,Check sum is 7
test,P>,Check sum is .
test,.J,Check sum is X
test,Z#,Check sum is ]
test,]*,Check sum is '
test,{q,Check sum is L
test,22,Check sum is D
test,BG,Check sum is )
test,|?,Check sum is [
test,f:,Check sum is @
test,:q,Check sum is K
test,G{,"Check sum is """
test,.;,Check sum is I
test,4K,Check sum is _
test,*;,Check sum is E
test,r&,Check sum is 8
test,pR,"Check sum is """
test,+~,Check sum is I
test, +,Check sum is +
test,_n,Check sum is -
test,~9,Check sum is W
test,vP,Check sum is &
test,8~,Check sum is V
test,j3,Check sum is =
test,;$,Check sum is ?
test,bO,Check sum is Q
test,Qi,Check sum is Z
test,&<,Check sum is B
test,?o,Check sum is N
test,QJ,Check sum is ;
test, 9,Check sum is 9
test,uH,Check sum is ]
test,"!
",Check sum is K
test,@/,Check sum is O
test,KR,Check sum is =
test,t',Check sum is ;
test,B!,Check sum is C
test,^R,Check sum is P
test,gN,Check sum is U
test,[C,Check sum is >
test,_),Check sum is (
test,\C,Check sum is ?
test,|Y,Check sum is 5
test,.{,Check sum is I
test,&&,"Check sum is ,"
test,EX,Check sum is =
test,	},Check sum is &
test,^g,Check sum is %
test,T&,Check sum is Z
test,6',Check sum is =
test,WV,Check sum is M
test,"
i",Check sum is S
test,TT,Check sum is H
test,`C,Check sum is C
test,n-,Check sum is ;
test,6?,Check sum is U
test,[$,Check sum is _
test,0u,Check sum is E
test,3X,Check sum is +
test,yD,Check sum is ]
test,Bg,Check sum is I
test,#l,Check sum is /
test,71,Check sum is H
test,A_,Check sum is @
test,1t,Check sum is E
test,!%,Check sum is &
test,G8,Check sum is _
test,AB,Check sum is #
test,@-,Check sum is M
test,N|,Check sum is *
test,.R,Check sum is  
test,6K,Check sum is !
test,n	,Check sum is W
test,cv,Check sum is 9
test,kg,Check sum is 2
test,1:,Check sum is K
test,D|,Check sum is  
test,'g,Check sum is .
test,s;,Check sum is N
test,TB,Check sum is 6
test,.:,Check sum is H
test,h7,Check sum is ?
test,q5,Check sum is F
test,K/,Check sum is Z
test,XP,Check sum is H
test,<^,Check sum is :
test,	M,Check sum is 6
test,An,Check sum is O
test,CS,Check sum is 6
test,eo,Check sum is 4
test,/s,Check sum is B
test,<),Check sum is E
test,"=,",Check sum is I
test,b%,Check sum is '
test,96,Check sum is O
test,I$,Check sum is M
test,(;,Check sum is C
test,]`,Check sum is ]
test,m(,Check sum is 5
test,p*,Check sum is :
test,Sh,Check sum is [
test,\6,Check sum is 2
test,`^,Check sum is ^
test,KQ,Check sum is <
test,?P,Check sum is /
test,2 ,Check sum is 2
test,/n,Check sum is =
test,B.,Check sum is P
test,h5j,Check sum is '
test,\~',Check sum is !
test,!!j,Check sum is L
test,sIV,Check sum is 2
test,J)z,Check sum is M
test,6g*,Check sum is '
test,"""8e",Check sum is _
test,:(9,Check sum is ;
test,]M`,Check sum is *
test,q@m,Check sum is >
test,\cQ,Check sum is 0
test,I7i,Check sum is I
test,`uv,Check sum is +
test,=:f,Check sum is =
test,=t0,Check sum is A
test,F|9,Check sum is [
test,WIz,Check sum is :
test,'R_,Check sum is 8
test,K|0,Check sum is W
test, hO,Check sum is 7
test,"/
}",Check sum is V
test,}y|,Check sum is R
test,&y%,Check sum is $
test,P7\,Check sum is C
test,4zQ,Check sum is _
test,\u/,Check sum is  
test,"ei,",Check sum is Z
test,bT*,Check sum is @
test,0nt,Check sum is 2
test,"Gw,",Check sum is J
test,-<*,Check sum is 3
test,^]g,Check sum is B
test,"T""_",Check sum is 5
test,tF+,Check sum is E
test,>Lt,Check sum is ^
test,NtC,Check sum is %
test,F[q,Check sum is 2
test,-Y5,Check sum is [
test,N)O,Check sum is &
test,	vs,Check sum is R
test,5*n,Check sum is -
test,{\i,Check sum is  
test,`.^,Check sum is L
test,=Fk,Check sum is N
test,cBS,Check sum is X
test,?AC,Check sum is #
test,@=j,Check sum is G
test,E[g,Check sum is '
test,Ec$,"Check sum is ,"
test,Z]Z,Check sum is 1
test,\3B,Check sum is 1
test,%zy,Check sum is 8
test,yHd,Check sum is E
test,95r,Check sum is @
test,8qf,Check sum is /
test,cIe,Check sum is 1
test,vzQ,Check sum is !
test,lC2,Check sum is A
test,'\O,Check sum is 2
test,HWY,Check sum is X
test,P<u,Check sum is !
test,"
3m",Check sum is J
test,:;d,Check sum is 9
test,lA#,Check sum is 0
test,(aC,"Check sum is ,"
test,s5x,Check sum is @
test,5G[,Check sum is 7
test,C[i,Check sum is '
test,"L'""",Check sum is 5
test,|(2,Check sum is 6
test,$KL,Check sum is [
test,nQ5,Check sum is T
test,BZO,Check sum is K
test,5cE,Check sum is =
test,zF],Check sum is =
test,u6*,Check sum is 5
test,](i,Check sum is N
test,o-4,Check sum is 0
test,/_q,Check sum is _
test,f@9,Check sum is ?
test,R];,Check sum is J
test,nlO,Check sum is I
test,pxN,Check sum is V
test,"I""/",Check sum is :
test,'~},Check sum is B
test,eb{,"Check sum is """
test,k/l,Check sum is &
test,=7F,Check sum is Z
test,L7L,Check sum is /
test,RWD,Check sum is M
test,2~/,Check sum is ?
test,1hY,Check sum is R
test,R8$,Check sum is N
test,G v,Check sum is =
test,"cc,",Check sum is R
test,3NM,Check sum is .
test,G	9,Check sum is )
test,pb`,Check sum is R
test,@lV,"Check sum is """
test,Qc{,Check sum is O
test,F}},Check sum is  
test,"""Xy",Check sum is S
test,Q~u,Check sum is $
test,e.g,Check sum is Z
test,`S{,Check sum is N
test,jF!,Check sum is 1
test,RyC,Check sum is .
test,"3
$",Check sum is A
test,UzP,Check sum is ?
test,6N7,Check sum is [
test,CvI,"Check sum is """
test,+XI,"Check sum is ,"
test,ax:,Check sum is 3
test,!8},Check sum is 6
test,rpd,Check sum is &
test,y9W,Check sum is )
test,&Bd,"Check sum is ,"
test,zJ2,Check sum is V
test,:Bg,Check sum is C
test,%!.,Check sum is T
test,qE',Check sum is =
test,;(r,Check sum is 5
test,gqe,Check sum is ]
test,WJA,Check sum is B
test,f*h,Check sum is X
test,RKk,Check sum is (
test,}$T,Check sum is U
test,hq4,Check sum is -
test,bM_,Check sum is .
test,gpW,Check sum is N
test,JHR,Check sum is D
test,a2[,Check sum is N
test,M+@,Check sum is X
test,9/&,Check sum is .
test,?6f,Check sum is ;
test,AN*,Check sum is Y
test,BBM,Check sum is 1
test,?V?,Check sum is 4
test,+yR,Check sum is V
test,FcZ,Check sum is #
test,8>0,Check sum is F
test,9BO,Check sum is *
test,.1 ,Check sum is _
test,5AX,Check sum is .
test,LRa,Check sum is _
test,3`9,"Check sum is ,"
test,A]o,Check sum is -
test,.0j,Check sum is (
test,M%w,Check sum is I
test,67@,Check sum is M
test,"B""s",Check sum is 7
test,K{7,Check sum is ]
test,Mkq,Check sum is I
test,@=],Check sum is :
test,O&n,Check sum is C
test,kIp,Check sum is D
test,Ag#,Check sum is +
test,FOj,Check sum is _
test,R*p,Check sum is L
test,!+E,Check sum is 1
test,!#},Check sum is !
test,OwT,Check sum is :
test,Bi-,Check sum is 8
test,F15,Check sum is L
test,s8n,Check sum is 9
test,b}.,Check sum is -
test,_.^,Check sum is K
test,S!<,Check sum is P
test,{|q,Check sum is H
test,"^""7",Check sum is W
test,[K^,Check sum is $
test,@#*,Check sum is -
test,BC(,Check sum is M
test,u%m,Check sum is '
test,V:7,Check sum is '
test,[$>,Check sum is ]
test,mUT,Check sum is 6
test,b;n,Check sum is +
test,'y},Check sum is =
test,W)=,Check sum is ]
test,<8m,Check sum is A
test,?35,Check sum is G
test,hHY,Check sum is )
test,L e,Check sum is 1
test,o(<,Check sum is 3
test,"""{f",Check sum is #
test,(le,Check sum is Y
test,D+6,Check sum is E
test,edq,Check sum is Z
test,/%5,Check sum is )
test,y4n,Check sum is ;
test,6jw,Check sum is 7
test,|B},Check sum is [
test,84g,Check sum is 3
test,ER ,Check sum is W
test,WW],Check sum is +
test,@wJ,Check sum is !
test,	JQ,Check sum is D
test,$$3,Check sum is [
test,O\ ,Check sum is +
test,	zu,Check sum is X
test,s~1,Check sum is B
test,U	z,Check sum is 8
test,xK=,Check sum is  
test,gcf,Check sum is P
test,L[O,Check sum is V
test,bEL,Check sum is S
test,"R
W",Check sum is S
test,bMT,Check sum is #
test,sd_,Check sum is V
test,NpZ,Check sum is 8
test,K?[,Check sum is E
test,f=w,Check sum is :
test,jmx,Check sum is /
test,M_k,Check sum is 7
test,!7=,Check sum is 5
test,ItM,Check sum is *
test,<oN,Check sum is Y
test,"d
3",Check sum is A
test,"""]-",Check sum is L
test,6Hy,Check sum is W
test,g2U,Check sum is N
test,P|l,Check sum is X
test,",rl",Check sum is *
test,"{,H",Check sum is O
test,gX`,Check sum is ?
test,"""J8",Check sum is D
test,1CW,Check sum is +
test,"
9R",Check sum is 5
test,u\G,Check sum is 8
test,81 ,Check sum is )
test,(Hx,Check sum is H
test,3cj,Check sum is  
test,"B,[",Check sum is )
test,pz[,Check sum is %
test,x]o,Check sum is $
test,UqQ,Check sum is 7
test,$]@,Check sum is !
test,({Y,Check sum is \
test,~Yn,Check sum is %
test,ob},Check sum is .
test,_11,Check sum is !
test,5Sz,"Check sum is """
test,hf5,Check sum is #
test,8%{,Check sum is 8
test,&4.,Check sum is (
test,ne3,Check sum is &
test,u]},Check sum is /
test,<~e,Check sum is ?
test,-Re,Check sum is D
test,su\,Check sum is $
test,ivK,Check sum is J
test,t't,Check sum is /
test,&K3,Check sum is D
test,mq$,"Check sum is """
test,XzO,Check sum is A
test,h:<,Check sum is >
test,a'`,Check sum is H
test,}K?,Check sum is '
test,~\B,Check sum is <
test,yu#,Check sum is 1
test,KFs,Check sum is $
test,9Wo,Check sum is _
test,d7E,Check sum is @
test,+5-,Check sum is -
test,2r],Check sum is !
test,Wh<,Check sum is [
test,a)F,Check sum is 0
test,J)1,Check sum is D
test,P#_,Check sum is 2
test,>8g,Check sum is =
test,q f,Check sum is W
test,"#""q",Check sum is V
test,A96,Check sum is P
test,imq,Check sum is '
test, Pl,Check sum is <
test,`l;,Check sum is '
test,9c$,Check sum is  
test,/>A,Check sum is N
test,!PV,Check sum is '
test,<.4,Check sum is >
test,tX+,Check sum is W
test,Z4J,Check sum is 8
test,"
{B",Check sum is '
test,=WO,Check sum is C
test,hJ!,Check sum is 3
test,xLb,Check sum is F
test,JFi,Check sum is Y
test,]D~,Check sum is ?
test,"W9""",Check sum is R
test,s 5,Check sum is (
test,y!*,Check sum is $
test,V+_,Check sum is @
test,QgN,Check sum is &
test,"a""m",Check sum is P
test,/|N,Check sum is Y
test,"Vg
",Check sum is '
test,Kt<,Check sum is [
test,U&t,Check sum is O
test,ACL,Check sum is 0
test, h|,Check sum is $
test,aWY,Check sum is 1
test,9+},Check sum is A
test,6Aa,Check sum is 8
test,	21,Check sum is L
test,"06""",Check sum is (
test,O03,Check sum is R
test,!Ld,Check sum is 1
test,Wd[,Check sum is 6
test,!7H,Check sum is @
test,qDc,Check sum is 8
test,T*:,Check sum is X
test,x`1,Check sum is )
test,:*%,Check sum is )
test,{V#,Check sum is T
test,W\g,Check sum is :
test,{(O,Check sum is R
test,K0:,Check sum is U
test,c>+,"Check sum is ,"
test,?~O,"Check sum is ,"
test,Mg9,Check sum is M
test,tmZ,Check sum is [
test,<F6,Check sum is X
test,hi~,Check sum is /
test,.9r,Check sum is 9
test,>b4,Check sum is 4
test,ZAF,Check sum is A
test,<f+,Check sum is -
test,;]_,Check sum is W
test,G{M,Check sum is /
test,n1C,Check sum is B
test,=Dh,Check sum is I
test,q2_,"Check sum is """
test,0nc,Check sum is !
test,lt^,Check sum is ^
test,g!_,Check sum is G
test,V(@,Check sum is ^
test,{62,Check sum is C
test,v.@,Check sum is D
test,xW ,Check sum is O
test,UIj,Check sum is (
test,t9_,"Check sum is ,"
test,0-i,Check sum is &
test,1N0,Check sum is O
test,v	^,Check sum is =
test,g&	,Check sum is 6
test,0No,Check sum is M
test,%P5,Check sum is J
test,/]U,Check sum is A
test,"
5v",Check sum is U
test,h!_,Check sum is H
test,d4],Check sum is U
test,"lJ""",Check sum is 8
test,3N7,Check sum is X
test,l-V,Check sum is O
test,@[*,Check sum is %
test,"N_""",Check sum is /
test,Ivs,Check sum is R
test,|uq,Check sum is B
test,;Ff,Check sum is G
test,k!&,Check sum is R
test,""":8",Check sum is 4
test,"n""P",Check sum is @
test,"^X""",Check sum is 8
test,9JY,Check sum is <
test,/Ej,Check sum is >
test,ilP,Check sum is E
test,m-^,Check sum is X
test,MPj,Check sum is '
test,D/^,Check sum is 1
test,px3,Check sum is ;
test,"o7""",Check sum is (
test,[I/,Check sum is 3
test,w6x,Check sum is E
test,XZH,Check sum is Z
test,4j`,Check sum is ^
test,eG%,Check sum is 1
test,u]d,Check sum is V
test,'rI,Check sum is B
test,x!^,Check sum is W
test,0Ou,Check sum is T
test,ZL-,Check sum is 3
test,4zo,Check sum is =
test,I(=,Check sum is N
test,_O>,Check sum is L
test,G|&,Check sum is I
test,$_A,Check sum is $
test,eO],Check sum is 1
test,?2;,Check sum is L
test,E0o,Check sum is D
test,;jI,Check sum is N
test,VIJ,Check sum is I
test,sRO,Check sum is 4
test,:Fs,Check sum is S
test,N{x,Check sum is !
test,(>S,Check sum is Y
test,+H.,Check sum is A
test,#?8,Check sum is :
test,98f,Check sum is 7
test,7uB,Check sum is N
test,!Vg,Check sum is >
test,rCV,Check sum is +
test,"M*,",Check sum is C
test,`EM,Check sum is R
test,_r^,Check sum is O
test,XA4,Check sum is -
test,tOj,Check sum is M
test,9I^,Check sum is @
test,w0k,Check sum is 2
test,bLd,Check sum is 2
test,x=K,Check sum is  
test,@e|,Check sum is A
test,g%<,Check sum is (
test,atW,Check sum is L
test,7r),Check sum is 2
test,SO_,Check sum is !
test,!MX,Check sum is &
test,",`=",Check sum is )
test,gEW,Check sum is #
test," >,",Check sum is *
test,t-$,Check sum is %
test,Wo2,Check sum is X
test,9Bz,Check sum is U
test,v';,Check sum is 8
test,2Cf,Check sum is ;
test,`Ge,"Check sum is ,"
test,L|',Check sum is O
test,$$(,Check sum is P
test,4r ,Check sum is &
test,VS=,Check sum is F
test,kZj,Check sum is O
test,m7D,Check sum is H
test,kB8,Check sum is E
test,5~E,Check sum is X
test,0[G,Check sum is 2
test,FYK,Check sum is J
test,3'),Check sum is #
test,%3.,Check sum is &
test,YLl,Check sum is 1
test,<#T,Check sum is S
test,g9@,Check sum is @
test,eim,Check sum is [
test,$my,Check sum is *
test,"""dQ",Check sum is 7
test,vt*,Check sum is 4
test,U8>,Check sum is +
test,q$E,Check sum is :
test,G[3,Check sum is 5
test,.S&,Check sum is G
test,7d},Check sum is 8
test,S4q,Check sum is X
test,`QB,Check sum is S
test,(av,Check sum is _
test,+Hm,Check sum is @
test,",*_",Check sum is U
test,Xh@,Check sum is  
test,/$S,Check sum is F
test,!c$,Check sum is H
test,.u),"Check sum is ,"
test,'DA,Check sum is L
test,L*p,Check sum is F
test,POG,Check sum is F
test,eih,Check sum is V
test,v0s,Check sum is 9
test,Yw[,Check sum is K
test,~%S,Check sum is V
test,Xw ,Check sum is O
test,EQD,Check sum is :
test,Hoy,Check sum is P
test,Ako,Check sum is ;
test,Snn,Check sum is O
test,poM,Check sum is L
test,\vr,Check sum is $
test,{AX,Check sum is 4
test,#cm,Check sum is S
test,K__,Check sum is )
test,N^),Check sum is 5
test,9A9,Check sum is S
test,kDA,Check sum is P
test,cR!,Check sum is 6
test,nw7,Check sum is <
test,hr<,Check sum is 6
test,r]S,Check sum is B
test,XWL,Check sum is [
test,zFS,Check sum is 3
test,(2',Check sum is !
test,H7{,Check sum is Z
test,SPU,Check sum is X
test,$VT,Check sum is .
test,R~b,Check sum is R
test,%.},Check sum is 0
test,F1d,Check sum is ;
test,Cv5,Check sum is N
test,xHX,Check sum is 8
test,Ooa,Check sum is ?
test,xmE,Check sum is J
test,w:g,Check sum is 8
test,pR=,Check sum is _
test,C#m,Check sum is 3
test,.oQ,Check sum is N
test,LLnEkAt%0[,Check sum is ;
test,M	,Check sum is 6
test,aA@b7cXun]y,Check sum is O
test,e2k$U1O3gy*21\r'VvP,Check sum is L
test,"y/Sj^G}[)w
xq[|fzqb_sH~0zCJ0UW86R",Check sum is J
test,i6TgI3g,Check sum is ]
test,aP@UvZpmj0a`o;mdkcba8VC=5oa$Z>u7oeU,Check sum is ^
test,"O(V1s=:	~+:3E`5:@40HRMnE""MfSq94009]{l",Check sum is \
test,"]*,_\Itf&L[P5,?s#ix'pZ_2D|o",Check sum is V
test,+(`/.pjbhNS;2s,Check sum is U
test," -$z%zoWj,nc?|4ubLL*zK:H*",Check sum is P
test,Op'E,Check sum is K
test,QcVw4b_!uu7BDn'WAh(Dm1.n{{68nTXIF:uA7{^t,Check sum is Z
test,"=XKaVVLXp|O[fOi/""hu_fml;QL]og!
	i]/9$VP35ZPk`",Check sum is E
test,!Y/}@7aY*'byr6c?Yl/*jf',Check sum is B
test,U{A~d%J#x,Check sum is ]
test,eYcgX`0+j*+<:StWgy >	g^,Check sum is Z
test,">S2%_OKvx""}K|+-ZDk#;(Cy<M$H>!s5cEk))v:B{QTDZ",Check sum is I
test,"p'4fsH**K&
K5",Check sum is [
test,wOs'4eE/nq%\O ,Check sum is \
test,H[,Check sum is C
test,(D[JV01p,Check sum is X
test,".	*)qjR?Jn:+M6P""j'g H`zBHY![[<1mv","Check sum is ,"
test,"&f1OW~n8%]HHn|Z0<|A#10_	gK}dhoVps""wTeiaNz*i)9M",Check sum is [
test,6j.S|I&38	pYC7HZU{:7:6?p40$#Yz=A|Y,Check sum is 6
test,H)EbD2& Xnn5eV5]%GV&F:;{'(Xob,Check sum is @
test,"ePo5S>B=oBlKHmT
4h!/ohg3{6Ho/`]
/.~p^EP< >I",Check sum is  
test,m9|1lp,Check sum is O
test,5-D}K@n[>O_.-k{XFE,Check sum is '
test,"8QW""::zHW$%CYOOh",Check sum is Z
test,s9hB1&uQiy]<l<]*vb8U@UuDEcw%*\22i7:2z,Check sum is $
test,f1X?y+]PrE=N-8[~EI}`+N	yZy@vAg+U,Check sum is 6
test,2w	a^g/qJ.^fpM\.$	S{!`h,Check sum is ?
test,/F&k)G,Check sum is V
test,5`f1g3FOS[,Check sum is )
test,#MmT-Cm?0	^3.Em%(s2;y\'JS:PLn(+f,Check sum is Z
test,ny>VD{#9mhKv%ozklvo,Check sum is V
test,/=sh-tw}uOF+b,Check sum is S
test,`QO3H=p,Check sum is H
test,?6L.'+@kZ4o/}}!\+}NkNq)<}xW2;lmz15+1p,Check sum is 2
test,]@OcoA	:T_1ht,"Check sum is """
test,"kY#H<6iR,\ICFJmrWT4fJ=;7",Check sum is =
test,"/\;h.dK%Um<P06?W&hw, 6-C+6pywBinyCY3
 P|",Check sum is )
test,",V`v1|5*/f.:m!.EeD#;E@k[T=6bud]*$
kfHo>/YT+pelQq",Check sum is [
test,BP]5iIr<qxaODkEZ:2Bq]]TK'mW>C|,Check sum is +
test,G{$.? &B.?Vc?Akfg7Os\izfnP99foPmJZEIS_&0l$er!bj<,Check sum is C
test,m\,Check sum is )
test,".IEAS\
]GXG	XMuRc	DHu",Check sum is ;
test,BRIjSZm(iE+`^o%k*!z2Ns@.mTF^J_HwP*aA3(gY=	fCQ9/GJ>,Check sum is  
test,HzwPRXHayW(4ew}.md&C>	7Rn0Ys}W],Check sum is T
test,"Z5{T@dNb?`.nT)gAIcJH	
Oo@J9X^?cm",Check sum is I
test,^Eg>\U44;iRb|?)d.ke$Onn'YP]fD,Check sum is E
test,"3#7%v/,S=rlrU,aY9	\7zgm^,U)Sp6=
",Check sum is )
test,"Us|n2 K7w`(N3""0p0JoI	vW0[)a@Lwfg=uN",Check sum is U
test,c@$`N,Check sum is U
test,"nhWt{Or|b`
F%1}A#XeKOK,""kNS$Ou/`x",Check sum is -
test,"Ee2tv4[#Ppij GiS.@3Q<xE^cwzb
lI""!/}F]",Check sum is ^
test,"PdL0ct\mR:""\*e]W-f{UX=B.(I.",Check sum is D
test,}@T)]-,Check sum is $
test,"#uPYx=avU#L+-Z`(\Uhy+#G#
W",Check sum is V
test,"D,~yYQJP0s%aZNE-ru",Check sum is 5
test,H#Yxz%*`.!(_yG']$Ca2R:DYvU9{+~:'F.q,Check sum is 0
test,"TA	H>im^
sR;!t;N`T:&A'-\(r",Check sum is ?
test,irf8D`?,Check sum is <
test,",PV_]=~M+yqDM[[p&qrq:",Check sum is 6
test,-lTE%h%<)!;D,Check sum is I
test,1lni!+vcKru ,Check sum is K
test,"uW=5?N	RD5]qQ%i,Wj;&OdZ3oL_Cpd35'u'O`&b",Check sum is M
test,<+a8z74j7.#y:r2h%i&32wBrb'q*yg?,Check sum is =
test,CiE]aOnztN^M'Y*pT;UFV:&=jB,Check sum is V
test,/<TM/z]P(:zLq0aPnMUCeo+(wR<8GqBVaT@=~qNaa,Check sum is 4
test,+k2zOEzpE(0[=2xQn3	CxnV)8:oi.jb#>oz=D,Check sum is 1
test,"<B2K/]te\n*>	nj2xH)mMuky6.ANm1$,:,#1=Gs7^|{*qH2d0",Check sum is H
test," g{Oh@+4E""Flc{AK4eMvc1~~KsXhc4!&@,shj =g""v[k6d(YDc",Check sum is X
test,".
QedXm-39h95\owE8TLNZ &8
B*r}{]KMG#l)""nMNE|W8mB",Check sum is )
test,rQd|EQ_Nl/y/rXNH{$G[!<Ao0&2$xiYxCi,Check sum is A
test,"#Vh1
OchSzW&]5T5^p,Y&R*tL]6jU*w3g/D:mlEs",Check sum is ;
test,fgi9jsE}]6X!#&-xv,Check sum is ^
test,"e4Klop	k/%Z
OkNPGS>zp?AMg2n(G&_F+""4e~Co`A<K&rDT",Check sum is Q
test,"Ak3M:!/oBuFocz@n6N?wMl[cv
hDcHfpb%H|5",Check sum is Z
test,"8Bv=QlBb|8*v+FJ8lgM~UBUA\
`,uPs&EE^'T)~4f(id*P",Check sum is #
test,A|^nM,Check sum is 6
test,"J~9E$+.YpGZ9{l
A1""yaHQr~u_a\,oZ",Check sum is 4
test,q~'WH:.W^XAxy,Check sum is <
test,vpW+/.[_(B);`,Check sum is M
test,M4bGN:B5j=ua^vi8qTWz(voutUV.z1IX6`1,Check sum is 3
test,1Bdo>wLb[1&a,Check sum is \
test,"e:'
Q@pX!&+N5u76}(0(:gw5^C!.=/mA7!N7X",Check sum is )
test,AF\xP<QYIxz.3-Hb:3 :x>mx`Fa-X,Check sum is R
test,"8l.<QmvS:YUEw?:
Qd-&rn1W-bVj[Xg",Check sum is 5
test,~821)P#t2vEt]6yO?Q({3xfz}RLl({H5^w(LBO~JX1Gz+a,"Check sum is """
test,"&F{3)Oja?%,iqQlo",Check sum is S
test,"#7,;=w4y~)XCt=C
z?3BnZZfD	7:LzPp)GX>+S|1yyPSaBA@*	",Check sum is Y
test,LAq,Check sum is ^
test,"JI
{3![""]ac Y^]x:yg!",Check sum is Q
test,Va+*@	gM:~:HV4_*J3w#2Xb,Check sum is 9
test,"""pwKc5}K@	}}pTx!a=kF",Check sum is C
test,u+*uT$GzWh]?_G$R+>X#-e|l'=W!W7!vr8kYOxw\STJr,Check sum is Y
test,-iM:)\4/e(|+|8_o^V)jT*[HM{GP{/c>?Cvmd7t;d3Cu@&S,Check sum is $
test,f2i_vQT9~;`(XS+QBBDM&tnT1,Check sum is ^
test,S),Check sum is \
test,\ObkPP	t|`M}VWt \*4a,Check sum is 7
test,P2O|h<#/Md&2	YNkLC,Check sum is V
test,['6j,Check sum is B
test,"[KL""A",Check sum is 5
test,"p$C""<FE7{OVBsF\S=WBPNTDU.S%VU0q/f}
_x&^",Check sum is +
test,":$M~sSwxi-bk""YR$t*Gg9i>Uj#MoI5[ow'u_",Check sum is V
test,",V;u;""RMb~i#|K(pb{F",Check sum is <
test,}<|'mG}wzu1X)I,Check sum is N
test,"M!R=f6|,gc"":1avc|N,bj-~\5+q\+$8RU%0",Check sum is +
test,3\k,Check sum is Z
test,"@C*}jpuKT""*riqO6O-f322?@i41ZP!",Check sum is &
test,"jmVfnzjdJC	0v
(K5P^f'*",Check sum is <
test,diHA{|`?t(nrDR*iBkUsc,Check sum is I
test,"_DZWp'gbIfb3{lcYHq%8""b3p",Check sum is 8
test,"R|7,N'H'fPfNsW+I0H.ch]xB9=Oylg",Check sum is 6
test,(o\}!]?wQ%S:7$TiO2p@@g]h9o{^&5e,Check sum is =
test,"tU=-zd|&n8Q,zAp`_zI$'+BQyv",Check sum is [
test,&]2;irZ\_h|*$Kf;	/l#Y@9~@lRP@[>+O,Check sum is V
test,)\AQ*UZmeoO&2#$6/S]`X,Check sum is L
test,-S9OOm,Check sum is $
test,"4Az,_s7<b&^{fW",Check sum is ^
test,"%`mfkx2dn}Gb$'N)fGiSn9a""Z%H=O8_Q@yD
`a",Check sum is ]
test,",/y|ZObLriBH|rd>4hV}(2~",Check sum is C
test,"4M-U&
8""*G+qe82D!q](i,$!5.*G}$B$@ixE|#",Check sum is ^
test,"kA1(=S;W
5\exX$4*op8T9NN0",Check sum is I
test,":<sx%Gaj)a70&B
TD&",Check sum is Y
test,"%ra|?+F',zAz]Hm 	~: Gd\-~nRe%7s^y""/7'N|>boU([xk",Check sum is _
test,j	!6!TdZ+\3]2Uu},Check sum is -
test,i\_2eY/esVyg_;v<~cEev#D><8x)]Bm-E/.9'U,Check sum is H
test,"Z(<q(]JGBsqyw+g/ {r~7AZj\4@0YF
6$f'Jy}On~&",Check sum is 4
test,"(Hb!EoQC.{ua

kbj')@S]K'd'OUw<#c.",Check sum is -
test,"GpS1,:A/,/Et`""`%Uy4~~<$MXR;G=4",Check sum is T
test,9aXG`OV3^~SJ>6RCB;!LAY:s($,Check sum is P
test,"S>RFM2{py+eAa+*FF0u6
w^rbF `6aRy )xlVMt_U}",Check sum is *
test,"0.F+Fe[ {Y,UR?zw0k4}x.y",Check sum is W
test,"$!""G>W~16+&Jmp",Check sum is @
test,"Sx?c&*""_#2BTT?07'v{n-",Check sum is 6
test,#-aB,Check sum is S
test,Kr6qJr80f'BtUB_8,Check sum is Y
test,ijLuWqd!<ar3X*'2z	};&ddrGT+'=sQt6mPk-)uo!,Check sum is T
test,"xFb#""E.>&',\lPf`y5;e-}F;	|1MGO3Dx!VO)C0)eF	##xy%",Check sum is )
test,"f],Hw3X~3Ccv;L]$e
FO&15hW7Sly>a:3_8G/@}R$K6,nkW
}",Check sum is \
test,"A7<Vuqn!<9lNTq=t#:#5cQVKr""e$,Fx8hT[`pZ",Check sum is N
test,< U<'%_xp2oDP1?Y:%-B,"Check sum is ,"
test,rC6v)b8iy,Check sum is &
test,"N>ec	""#I*+""et-I? ]?q6ClFD-mKD""/""ZsGAtCb79u<",Check sum is W
test,"|9fD|""gxtvJiI2b	Yl{eQl",Check sum is !
test,tsQ%8&8`zxUTy+rsjzp|vJzp8M)bD,Check sum is %
test,%>!y<=\^ZwA%Q]3;|kRM|z7,Check sum is V
test,"N;NNgbwPZ]wOhJ-bI8
|/hSH6""",Check sum is $
test,"vl,pMFUx,1=6G3?k(QC~Q61v1UKFU!h}u~9~sC]Ic1:",Check sum is  
test,v$0^|^u:[zj9HJaKkx,Check sum is *
test,ZO?6xT/eH^t9# >8]tqB_(+(]@U	1^B/,Check sum is C
test,"5U>%b=qOl{#HaO;bY ymNg/KB8y!-0&f""i^1ur",Check sum is W
test,"~=%'^=&Y->f6M=a}S9H^v,0CoxK^el",Check sum is X
test,@9-WY]$5MTv/H<X?B x[gF?r_ko`jMV0S%$Ir,Check sum is M
test,1[i-m9G3(4=E@6ivi#tR#/c'P>~XHx_Af'H>CJsnOpPm\,Check sum is  
test,c2o[-7Bjl9s,Check sum is '
test,X9!(O*own3ks>5Cp.-,Check sum is Y
test,"0<fk{S[
52CWfF0HIIbdwo<t&5_'>9T/Yf2KaTX",Check sum is G
test,"bwj#[8(WMdRrjKh,9[D$N`\nV<%k4nLM0karG",Check sum is \
test,";,F'Z6u",Check sum is 9
test,"*nfRJG72/}z2(Y;s,a#cW#u,nt[wh1C`J:DgS;@",Check sum is L
test,"`&SEe+.HEmR
2gq_	uor]kC,i_hhLN`yPB|",Check sum is *
test,f0vL44xb418g+s\/q,Check sum is X
test,O*7<Q6snlTdW	BG`Dqd^b3Zj?+pJGN#mM`R][I.)fs%R@-?,Check sum is M
test,|sB g15~JKjo.08IBG{yML&7-[yB~\*5,Check sum is 8
test,";cWzA>tSA'Od~3#ZuRVxOKzUk""Y?K>!JnL{x\p",Check sum is .
test,"q;{H%m[]?0QC]hWe{eW<
r	[
}_mguWqeXH%,)",Check sum is &
test,s'j	LLUQG&r`<'9L!w_^E'YU}AVD8-KMp9}. |e1T,Check sum is 0
test,"0)7; <3=YUm %
a",Check sum is B
test,"pvzphq@z;rh7(V+3/h""
Twi`rFaMmQV)cuOBvLM~'/N",Check sum is ?
test,"%WL~sh~\
LtEk#?bY|C:oRW7I",Check sum is C
test,O8\ Twh.=)+PthnPaC^'},Check sum is %
test,>IF6lnN(~$iwF~ItSx -ZI_SKg5(-*,Check sum is I
test,"qC6oNK	I'""BE\""{Q=QBc6 j]3PQY|31#~!cFCKKh",Check sum is G
test,"0;l6rx6|LgnF
:g>A!wg;",Check sum is T
test,WJ>@Kt.2h/:.klW:v)X&[ ^\,Check sum is W
test,"29=#>bEnXl5_^IYR:t""H5""9+QisP",Check sum is 8
test,m/Q,Check sum is M
test,"H^LrjuiKq-aXy|Mgk{NqI>WUFt+v""6B&h%S~^",Check sum is F
test,Pc[S&5*8+!~U'~0)3	;`Jx3	9@(f'c\nBG&U2dF:R,Check sum is 7
test,"7`D$]nnkg|Q\vDTP1,)
OZ&{h%/_ n1DSS OV=",Check sum is Q
test,"@]6\""mOtI{4^$=J$as-O0T!dsm`hv",Check sum is =
test,bEZb[If*BS~0d[BTP,Check sum is _
test,"dSgEGk8;$a| g,e""\R""$\S39n",Check sum is  
test,"O7!8B""nGuJ#`OnJt/YS:jYjpC@@z5;9>9""3k>aQ6m62]M",Check sum is I
test,"f5BJ@Ur36/E\RAvCBjvR3t9l,= ",Check sum is \
test,"%V'@i5wI i[%qtxA,6>E$YP=8>9CR/88P^Qh3wY7d,a7","Check sum is """
test,"#M1chZYD}Xo/#9=A,*3BhZcm'M0v}SeC1U?(xm$VfF 	f9",Check sum is ?
test,"@PAo{5a9`E87@RbYw;0(TV@E
0GXSkSL4+gZ~Ax8F[t1*7L",Check sum is <
test,j	#J,Check sum is @
test,Jx-zRz{iv^zHj0M-!C!yqH6^,Check sum is .
test,'D2&_Z_htgh0Hp9gfaGOg4o?.Pu~leT33X5a4.@0O;59,Check sum is H
test,"!8EI,WC[
dpi;hu3Z}k	1D	X-N.@I]E%VZyWX]%6IYVo",Check sum is K
test,"
+\lWLc<S{f4AC2M?@BXcUI)B=GNhl)
W",Check sum is ?
test,"GD{Ns)65iU>""",Check sum is Y
test,"6%,",Check sum is '
test,"r*m}{'Y>=)?^7dX:Z[<b!b,u<_%&","Check sum is ,"
test,m^C;[Wqt>IH#]7GAgeHrZlzlD+=Ofp1$X'y:Y,Check sum is 1
test,"Y,1+z0JR<_;x
XhERjaB:x,Gg|~]j'B[!`\1~u'<Ymek7e)7",Check sum is J
test,"{:D5d,Yk0M",Check sum is _
test,"2	(h:{kv%R#O:mHHA
5^2c(M6s$@==r<UgqS>f`KP?5",Check sum is Q
test,"B}]r
Y')7A:hC]U-5..l5Z5F]GT",Check sum is \
test,"I5pb:Ot
T^dgNT",Check sum is V
test,}YA$*zwWRYVk?^7lGVVqCV,Check sum is 6
test,"!Vz1+@)6^(\,!UwZI;MLL",Check sum is J
test,"n!Q[+A|)Labp^[-]
~b1""L6B",Check sum is /
test,"<Xm\PF2=F""5,![>%u0_g.FAX'>j/\",Check sum is <
test,UWt:*;Nkgm)ekCS7tJVk\w5gee-mT0=H~,Check sum is K
test,hnXx5`;kU?cW'#.RB}6F;kuX,Check sum is G
test,"vh""|SgN%b,lZ
a%/p9{F9J",Check sum is I
test,Jwt!Ag>W\\KAQZohjn@ \G,Check sum is T
test,=o{;Cr-,Check sum is $
test,6Tu#zC8*m\B,"Check sum is ,"
test,"
n+9>d.eLQbTzLOvM1R5sgMmb1(Ob5H3^`R|)",Check sum is 9
test,"z,d,'3 )x|""QW8",Check sum is /
test,"9Ljs
7[/+*bu",Check sum is 9
test,"7h""yT
4(:u^M0 ,XK\FTwC&tw@",Check sum is N
test,"@xV>op;Ttt,r9|_G rfJ$FCQu@9XfICvIdDgD9>N\R;grS",Check sum is _
test,"9e5Er#ynwAJg,PL
'nv\NYz3{Z(SY<[i~
EEtzQpP|f4~h$",Check sum is D
test,@~r;E#9+s@q&{B^DGyL,Check sum is L
test,"-6} 
m/Gt2c5'2"");@23h",Check sum is 7
test,	^iKf07M]gZ{*o*nkb	O!X];pXk(JhDN>,Check sum is 2
test,-@,Check sum is M
test,@\Ug,Check sum is 8
test,"v^[`w8p\#Cl}C;hNU:(3mp2o_Tpb&Eb=[,(G]2B,",Check sum is W
test,""" 'U\.+&7eG	44#;fQw\SaVTr8Bg,pOXMC(KFR 7z",Check sum is U
test,.YrrY;Ty d`}:/9pGfxHy-+g4s(|g,Check sum is 6
test,"Dq ov4kR4ltlv4qW^l|K%JHi\&xw~94nB@[4x?
QukSC",Check sum is Q
test,oTwq]^}(0e(l2Fm(&,Check sum is G
test,"$DC	n'I/~t;K`)x*
_bym""`Y}cq(!",Check sum is *
test,#l,Check sum is /
test,2dQFItS~bz$jPuyF.0)3gE,Check sum is /
test,"tL3LJ<	ADw!,1zb( as4k",Check sum is ?
test,yn-X0H`NZ L:e&%NJTs0o>~Gz9,Check sum is V
test,"d`s7Xt|3etNpoXzGs[ SR#UF=""8evZ%FX	>7""8ks?s; g[>",Check sum is K
test,\-918U647?Ds64r^\ZSyGiBR>jO*HD[_-Yhtd6k^ZNN7C5b,Check sum is *
test,z%iMLKi>,Check sum is 3
test,"Cp/q8x)3O9a`sS
F)7J",Check sum is H
test,"vN77l>}UQuj^u[,+7_]kJ1F!",Check sum is C
test,"Gf,D{~,]sxX<|kKlQo%TL0~1$3M",Check sum is $
test,"\xw""T	.RxBw&`}.Uu",Check sum is V
test,1;' o]Dk69_d&v3,Check sum is O
test,{5 T0{Zv!aBk@sc,Check sum is D
test,VAG?xK+B5J6,"Check sum is """
test,"E0FwKPfa}2RirAuf\ui%:iuS""Cv?IuhnZ<Uha+:O7""""mz]Z3@E",Check sum is ]
test,"<BsGuN:>cH`f""C^|:Q@MOi55v=yyluElY%h<2YD&QBb:j2",Check sum is V
test,DEUm-jocx%y0{{4,Check sum is D
test,y#/&$N@,Check sum is C
test,peS![&}+,Check sum is R
test,QE,Check sum is 6
test,"
""(F5Vs(ZME_JQPQ]jC@pa\gy7~[_ jStW1G.9",Check sum is 4
test,%H)L>!DaB(6dfj5Q+9jugWPz:1\p &G$om.FI U1_[Un0>Wc'q,Check sum is O
test,"	Ll""q	+ nt}`,)GRZBGu~^U/{oz+ Xk",Check sum is _
test,bZWv|Y,Check sum is >
test,":,E4/9N){9nbPj09G?!FR4'+1 sAw",Check sum is F
test,38^	m,Check sum is _
test,"UCv E58*Qo&9 ,|2UuAF@*",Check sum is >
test,Tw<n8xIJ%H8IUK,Check sum is &
test,~V,Check sum is 4
test,l Ycej^q;WJX<- 6YaWNO=k;p,Check sum is :
test,!d,Check sum is %
test,S#6!,Check sum is -
test,:i|A6F`N_O'jf,Check sum is O
test,1]]p	kt<ei}k|CMY5#u[sm) Gvb>,Check sum is (
test,"sW0C%2h-s,?@_B5=l5beU+Lx?8`6PKjjr""+%",Check sum is F
test,"sOi~GXeT=r;r%-9}iYJHY&*_5e;tf/[sYY0_B""mOb",Check sum is P
test,"]}%YjNL
W08#%^q25wx\;=zQB%9`g|dr^1pHKi#,byqu",Check sum is U
test,NOzHGvH$p;VS?d;gev^_\<	bq,Check sum is M
test,"<&2Zy[$lmE[-qu,|Jc_Ff=lpRGK;I:)t9&l)/Yi}wHn!",Check sum is :
test,+>3W0{0Y1[8 ,Check sum is +
test,#3g,Check sum is ]
test,"IcNiQ8FNc@kP%h""X<eQ	x8ZNyuR@><:Sn1p",Check sum is .
test,!<]*,Check sum is D
test,"%
pX2Q+~",Check sum is C
test,"Jc
Aorp?_q'T~l`r?=OpMjB=teq'~@$|cg",Check sum is 9
test,"SFlT_4$#7`yC7(q`]s
",Check sum is 0
test,"k4PG@\6QKk LTpAH,-,sn? r$JCT&j`l(4NEbwvJo'
3",Check sum is [
test,">\wSxJb#iR>E(]OJ^,P>X.^3l{]-\",Check sum is #
test,"35
""pB>9l/oImi&h))KjENetJ2g&D8@;<:",Check sum is =
test,[7Va-{]Dt'{@tS%;6H=],Check sum is G
test,}C;)77:msPEV:Si!L]UP/sY}x8T~@ex;C%`,Check sum is 6
test,"+(F,3<x!SCW28!H{Hxd-h?5>,kmgJYg$}x8Z
zG+;4b7""",Check sum is S
test,*@?8 l<c91}{ +_PoZfe6f>,Check sum is 6
test,4$b_0=;!/,Check sum is 1
test,29t>tZ^C`*\5[nLA?+OJ?7^vSTK=k7(,Check sum is #
test,")T+uKS{.5_#j0X)FHuX-zS
ZfmH(J$_2RYQ8NP0AH[&J",Check sum is '
test,M7iD'zxTXa?!,Check sum is W
test,"hp5	?,Xz{u[+@v!P^_#",Check sum is 0
test,mN|fAp/,Check sum is ]
test,Z|[W-@Xu=(U)Gp*P*du2*	<qoqJaNdVs%\1z/+|,Check sum is S
test,Cgz	~**u8M(^mz4-y7\P_,"Check sum is """
test,)d5m&O?_\aD&Z]!B,Check sum is #
test,0p',Check sum is '
test,"sFd(i8rPLLB9=M<o,d8cJX&Q8x|Xw",Check sum is O
test,1z]BJC(`|Jb<=^3:YFqq_;LmRZsO^= u5FhmV^t V1(9e-reC,Check sum is I
test,::wZ,Check sum is %
test,"Sz5n4=7E,UdmE",Check sum is T
test,"N9M{y@,ZGR&^`&/}vuaoskccZ	7zYg$K*%%CR']","Check sum is ,"
test,cAeV%s\DU8RNq&r71,Check sum is U
test,"h50_#YA(Qw*oHP/R
gxh=KtVpO9.k*`r!Fx	'EhDb><2+?HyA",Check sum is U
test,4&KdOrjDZ_1%5^3%THzBRt,Check sum is 0
test,H>; wN~aY6>^KVY>>=C<.;SY'2z.fiJ4q)KE-N,Check sum is J
test,"$d[AC,Bp",Check sum is %
test,ZqHLE@e,Check sum is )
test,3Ri`zO_gv#;=9g],Check sum is K
test,.\hViDZ5X|Za'7jo`.W,Check sum is O
test,}\cfU`:KfL%{-AT!Q)}8ayI70)z+|fsQ`_,Check sum is ]
test,R/W;e 0cq`Uyhv4NSpe5(,Check sum is O
test,Y`gn,Check sum is .
test,}=~.S5|_,Check sum is )
test,6X^frk1,Check sum is @
test,":%aEiC2:=U""_,ji5[B,wp>g;jdXXd""%~!~Co>dN#Zgv",Check sum is V
test,JVjC>H7-,Check sum is W
test,"P;6Q*fbCx=IP,[2EA",Check sum is 4
test,"D""^p|DO
od=Bg\e7`&qx+|q:>w$Xb",Check sum is 2
test,N\aVgt-pL5}uD~^/F%,Check sum is &
test,&Yt_3k,Check sum is P
test,"C""`J =",Check sum is L
test," B<y%~)*xL:^`b/P(sQ
)8}IV>&[9bX/(p:C83,ig>|.6%O;/",Check sum is V
test," Ra.<&YI!9wx3{Vy!^
ab-?^[#",Check sum is ?
test,';/uH6yx|cv&e =xe.f8%::o<,Check sum is ?
test,HRs_Fr[R!o4,Check sum is 5
test,ot[o,Check sum is M
test,^q#;Y,Check sum is &
test,^	AZl,Check sum is N
test,V.P0|x!	v$Br=D'J-3,"Check sum is """
test,"-p5aj<f^/
RDQ8(9_qU)'`i$D>@b[CMWNhB2}",Check sum is %
test,xosHEWe_h}9;!+W6=,Check sum is Q
test,"3gn	q,Y95_
~xT",Check sum is H
test,Njpu,Check sum is =
test,UpQ5>Pm*,Check sum is P
test,TR@4)UxG7 C&<5Bp=KMX}]'Jg&(%=DL$[!Y>=_(e}%=%zPA7eY,Check sum is ]
test,5$HSFWax%*ii,Check sum is +
test,o0s(I	`.*LHk!Ve+,Check sum is *
test,P9HRN7RFAs|w,Check sum is G
test,O:0}F\=!'h]>~Sj(q$tfq(1T{r~egj#ZAH`,Check sum is 7
test,d)'B&ONm$V%I{9Z;nlXnJh`R10,Check sum is \
test,"v+%;%u/V""|w7d",Check sum is 0
test,"eW,,C59pA%UO&Ld0$	*f
KF!;fj#)i4jk8jG8G	;c>qZ$x",Check sum is [
test,".U^#FhJ,wJ$)kmQ?=",Check sum is ;
test,(0wX@BFpcrCL2.7V0Zm	TgI=&)e^;X[|*L!IihutIoFmO\,Check sum is =
test,?o3,Check sum is A
test,c5p>GIQg=,Check sum is +
test,"H@ ""}r$qJAkcD41I{E!CX8| M",Check sum is V
test,"zC$P)
v8""3ilZVn#>q	@\\9[]k<-2",Check sum is D
test,"L`axY4VO|,b/hG[?;L|!KWr$Ps'>!g[}l`F~v3""l(
1-",Check sum is T
test,>*MSP*|=?	'>%VkLc1ci'Cl\r5({Pb,Check sum is H
test,"bi
",Check sum is 5
test,"#c0px&RW!6zrtY#cK;1|2`x8PKM2#B;,8",Check sum is 6
test,5[<*L>NB[v:`vej3oc0?sv&a@lK4,Check sum is /
test,TFf$5{2m;	.EXO!qaO/d08[-[>k7,Check sum is 1
test,"rc1R:yC%Ml.:,/5x-g~kAHA#/Alq|SoAg2(H}&~",Check sum is \
test,"52<f-s
$)$d!6AnZg]Wjcre%D;f @	-",Check sum is '
test,"}\flYnk:c0e"" s;>w,6]R0p6n?YWa~iqC)t(X`ig0wu",Check sum is =
test,"W|kMR"";#[huZ%NI.""zu+m-7}~
n=!o(AEv.:xKF{UH:G{)y",Check sum is Q
test,wu]xPe,Check sum is V
test,";b?k3}2#j%7Gq%DMk7O""&O:p0vLFSY(dh*|'. !Nwom7",Check sum is >
test,V#CO,Check sum is +
test,*]UH{I.V,Check sum is L
test,zq><Kk!}+,Check sum is D
test,R2iXm]migNHGO>Tw,Check sum is !
test,e=R)!~40L]4^,Check sum is ;
test,"E?M[!DG~tcX`p !8GzT.O`NC *zKD
o)O16QI w7G",Check sum is K
test,"@xQOJ437_Xf6""B@Px""xOh?`
:)3u	y=)z17!+9C4BBP4S1Ct$Y",Check sum is *
test,"E>SMMlAFBgyk{""81!(2bwdLd",Check sum is >
test,"+!}L""2)""1&JUJ",Check sum is T
test,	2.*=q-[BI|q`9_Si=,Check sum is R
test,q/pHo_~l(v_MGK]=`=aQCWK;,Check sum is U
test,"""Cz	Vg63L^7+U2\Y:/v(i;4X*`hzyzQ61%""<E",Check sum is L
test,")4""x=9E
8kdp&vf16C|8&4Li?%\O0IQ1/O",Check sum is J
test,";+0#6+kx(|3#2\6st D9	)""x&-!Bj{H1ODm8$7Z|WShVim ",Check sum is F
test,"D52z(Y&	o
GA1V;v		q[q WB2JELA3'BI]|?^",Check sum is _
test,",?UTN\|c $1iX",Check sum is 3
test,9H~fPR^W\vz{s6	#IZnc6+8{VVZ-CbLtkOcd3aHo!{ls,Check sum is _
test,"ok6z(X!=<vMyeq:3WT
>JzMzdU}6g",Check sum is T
test,"S.M1(""+$Q^HJ_TAar4JIGR,O6bf*HZUd =).dzFOOq|}",Check sum is >
test,".M9>uhThvk2y{G%
ar\URi(7@C",Check sum is I
test,a^=nhn%&c{3CohDCR,Check sum is /
test,ODeVR@(<w@t(Uwow!6S:o,Check sum is <
test,VPs)7,Check sum is Y
test,b`!s,Check sum is 6
test,9'bfPf^p%5g!+@P!Lr,Check sum is H
test,"FsH-hUvhy|vfC""G",Check sum is &
test,"jB\$l6iu7^b97Kw-@RPATE~D"":8\
,L&4ip,Ibv7",Check sum is I
test,"LuM&R>5Us+00M,W Q5ZOu?>$Qy2DT)\~ZH|_v'
ayurc5",Check sum is 5
test,"aM 9tBB9j)fjE8i\,ZCA3N+l/H`^/=u~dUs&&*t",Check sum is I
test,gmQ`yRH(W=5Bcw/.;-,Check sum is J
test,"6)]_ql)/)DOF""v4`\nl(tA*9c> ",Check sum is U
test,Nuve5[\(G!q	$FAQ4V$?kZ]w=Z-L3+a)qm;Zzrt'l,Check sum is T
test,"wbSmw?],""_K!$l2",Check sum is '
test,q-`*8*BDJ6He~#,Check sum is >
test,"|s(EMD}%""-m)]o@#ycVjt
5	pn",Check sum is 9
test,"rj^iI`~,@FGuFp`V=iyRTzh"">WwyWxC81~1io2GJ",Check sum is W
test,"Dk4b(B,t}o(R 2f^1yG7<OBB/""v)cm;Tm_~Xe=7a\",Check sum is )
test,"h3Zn]PBX:S""d|.GbZ?z*Jv
%LT<:}b>Y@E&`XV};",Check sum is Y
test,"t7jOYgHzJ='+M+O#?W(u633WQ;Fo1ke
",Check sum is ;
test,"*.H^`x""T)*",Check sum is ?
test,cS`<,Check sum is 2
test,"&n1c&rCn{mJ, ^DO<#Ou0&T19:Pv|q^le2N6]l",Check sum is R
test,gi.wRpE,Check sum is \
test,uN O,Check sum is R
test,0q$cBnv#vWD6rov<L,Check sum is 7
test,"+X}eM-QC7v,k =gMYp&M!lu=%z^-w9LMcn|C%ProN{Y(",Check sum is F
test,"Rnf.Q}Y@GKT!1In!RjdlECA?e1	Kd?!*LZ].FC""L",Check sum is ?
test,1/9lq-	|2WM5X1JgN,Check sum is [
test,&~I9,Check sum is F
test,"7yibkm2]6D%1Yc~snUBB,_%9qmRD\paI
OjQl""",Check sum is ;
test,Zk98Q[kIB*L+ZA0a*BfFipfLI-,Check sum is ^
test,YiZsaP	t`[4&,Check sum is 2
test,D)sGTpYZlz@P`d&d #sVJO]|Bd`]zdaZdjaGsK CQVw~c6,Check sum is H
test,2 pyo?8?|,Check sum is <
test,"a*o$.o=Kr%\>fYipcl""LZmq1oAxWBsqS]yN7}R]&8h5",Check sum is L
test,]<9qL xorjq:[+RG& !`U%v1rS&,Check sum is /
test,ug55,Check sum is &
test,D;x:EMTrv@eE5d?,Check sum is !
test,"^.An|""5$2sI{M0amHJg}b6&#24ci}|sd+HHaRFV6",Check sum is _
test,"t9}\PpF\R-Wb)=Ioe{'4.}>5&xaE4j4p
7>nd{_{eD=wxT_",Check sum is +
test,"pbl6QW_D}={_c^t].^gEGlEJi
[OQ)",Check sum is V
test,oUfN5c2<9p|+I;IQ1kOhI>~	ftky}Ncn&P0vk%Ynhb6VQ)|,Check sum is F
test,"q&K~Sh4~T+YZ\z?tA2NLT>q]=E!-rA)~Gdi3Yik
1d",Check sum is R
test,"}O,\8)6'2|WYD<?o6&%M6g'`+[%0{,yU>h}g",Check sum is J
test,"TR/&v`SD1zuiO$6I(|""?}[hQ?;UTJ@lT",Check sum is F
test,MWj2+NG/@El>K)a:!)w+}\sh79E8SR!F&^]Z,Check sum is !
test,">WoIL	6*0h
i(Vx:)n-wZ3G}
",Check sum is 3
test,"]H([7t`#NU
pC3-U c<sB3<JHZ`jd`|v{H""""EU\
[nkO4C",Check sum is [
test,9e,Check sum is >
test,}0Z@PK},Check sum is ?
test,"Vs_QMPXvbB3Bn@=
",Check sum is R
test,"@SW&F[B+	:(|mvwX!g,IG{9dbL8 n<TXgJ;B",Check sum is =
test,6gA\`#?w'Y,Check sum is S
test,"{IYw?.xF3kt&{x++Z~F9V,/a",Check sum is I
test,#W;Pkb0'*-T]OS6u=cDo8.HM~,Check sum is *
test,"k]N$>Nz\TY,",Check sum is U
test,"r<[tl+P""X8T""-tfAgX>(p:/(V76Tq',6v:`""%.i-UQt",Check sum is  
test,"%:#/F/^:0)LvOYpMUU2;$#I,(fbJq4
NtjS~0""",Check sum is )
test,")hWP!0zFh0,V}a<J>",Check sum is %
test,H.,Check sum is V
test,l7|)EiM5%FJJ&:ct,Check sum is N
test,%@Ez;^j Jf9a#9%SC,Check sum is H
test,"2y.2d>AmK3g: 8Kz<wTm~n""(",Check sum is !
test,3!m*j#D,Check sum is \
test,)2GE.MZ;1oR~	n'kKPBj,Check sum is W
test,"ibb|e>b93
*o\,,q:wf/7z?,28:K3TpqL4c~u![s|B.uT",Check sum is 5
test,=F](F$^W,Check sum is G
test,Z&I,Check sum is )
test,1HYH@QM\X}@=CMBO+D#eYh~Vg-B-,Check sum is 6
test,hb iq?Z,Check sum is =
test,"jD0j9m;0\(PNZKeb)[""=IJ",Check sum is =
test,"LoGhvaE5GW0UR>^uP)vr=RD=J_3)B$uNcuC0%2~m""'!.m",Check sum is R
test,X6!n)l;~{kO>`>@0LJ-nr-kc}-?/[ie,Check sum is +
test,a1#zA	1,Check sum is J
test,F6_\`)L2I6ragr{Jsfmdw }*p#l2kA_PRocsG{n~F27<F,Check sum is 8
test,x^_fbZQzj\,Check sum is H
test,+!B$:h,Check sum is 4
test,#hT,Check sum is ?
test,^<d(mYw2*_F%h@,Check sum is Q
test,[`CwAGZ.M)76_C<%-=&B`1JTpQWwc==G9[U%,Check sum is M
test,"p/W7[[>r3 aAn?CQp5rbU
UrY;8N_wao'Iq`+Q 7z`B>",Check sum is 6
test,"YQq %F`V7Ch`a &9099g32dhOeV`M|nsB,r#H",Check sum is 7
test,KgZoYM48Z ,Check sum is '
test,2 #02nlvR-'vOvy)^.~h1*p<]>	CfcNy{`.-+$cx*#IW0;'|,Check sum is U
test,"VJ=/s0VR_""	:gvx)t]>	1	${!rA~	BpUIZ;` 8[q6*",Check sum is N
test,"{IUi""L M~#(c'.2R	VXo Dq	&1cFf]e%aD
x W=Y~i+_EFz(",Check sum is %
test,*r3j7K64KH[<8p,Check sum is W
test,")Ki0%,mV-a<Rt6I\
T",Check sum is J
test,"4r"" )NpjCYDZ%%s""S^a",Check sum is D
test,"-""('\M!AWwP+2p%V]",Check sum is L
test,"q~U}d,^suAt}W?ujg!t.6v^.B3mN_<5.\W`MP\J)_1N&l",Check sum is ]
test,O}GP0L,Check sum is ?
test,"=#}	e6:DRX[	A?h,D$p,RtCv=",Check sum is A
test,"'6xB1;wu\-\><$k*	e_I:T""H*K 68kr(iQ0cjnz^sum+p@t&",Check sum is D
test,s#s#w26,Check sum is +
test,"cL*cMaq+Xvab9_6>U(+il:w~Pe,{",Check sum is K
test,"X}}2Umm)$}&1,wG0c!",Check sum is R
test,Pn@%pIKg=Io,Check sum is #
test,"[x	Oe]tk*X6?h)
zh,rMm|VxNJ0dLU",Check sum is O
test,",u.kUHu*!>9sBGqzt55iw5>
CD*\$K*A!5rcC/l!\HDx",Check sum is A
test,"mpNWIau(.6,FqIX$O3={ck0l uU6h_a(S7Wv'b*tg AU|{7",Check sum is R
test,O5mkT!gPd!x$vUc/{,Check sum is !
test,Jr.=yld03]>GYDJtCgE=mHmkO0FLNZG>_,Check sum is F
test,"(zc@A.:k0,.(IxTE",Check sum is E
test,"4}.9>.+Hh%f5z3""		4-Qq-VPk""nbJe'LS",Check sum is (
test,3i,Check sum is <
test,U?SE XSi~q0xn;t#<,Check sum is S
test,QJ|^Hz7]$XW#5`v)_E?#&ChW|rS	`EmN),Check sum is V
test,Voe#n{-	-xWQ	]~obxxQB@@H}C] $>i9jswo_6%gG6vcVUnA,Check sum is .
test,>(	J\K/QH/<u(,Check sum is P
test,"@9S""1}",Check sum is <
test,P:|+`~#Y>ZoP3T.i,Check sum is  
test,"<""	i3,8xDtiBIa'B%9FMzU
$s|W[={/1:=_v9*:-?cV&'4{$",Check sum is J
test,D*cX<KXPQR4{Hy,Check sum is K
test,#W*LC$}@?!X?lmL-FwV16XzZ\ECkcWS$uC+VM,Check sum is )
test,"]IkmB*HvCcn=+-%cFKd:s%G%C)h;	[5TxZ(,q",Check sum is ?
test,iG]Vj4T4gaS7;hmq+:Q%ZJ,Check sum is ;
test,(R.n3jf$S|Sefi_0d(;43}}9~,Check sum is !
test,"=hZ(VjeRmZDw<p
f<&!@`W.s|(au[ME`6SQ",Check sum is X
test,aDb@AFDa@p`cDnoz,Check sum is !
test,"bAvp8{hZ[0Eq.Z,K2V6KQV:*=:{=fkr.Lw^QVyi?P1t[PxWX/?",Check sum is 0
test,"	7FFcD,Me/7yw?""",Check sum is (
test,"5S;CqB?g^g!h&DPOmDN
`wm!is]uft{e<+1uT~Bai81Sol",Check sum is .
test,x*D9R[:_*fU^GB5^/m&qjzCDDoG/)8,Check sum is L
test,"B,ko%]w_$-v$69fJiC",Check sum is 6
test,":v3Ro+g|G7z4A""?{Au^i/D]@}Te{S2~Kwz)Xnd/cmpei`#	W",Check sum is K
test,"F5[a(6P>=G
NoNQRiR!Qg``/Q.k.&YWCKxTd%S2",Check sum is X
test,"IXe<""}0n*e!|=`",Check sum is (
test,"3
w%EVkU{o|l8^Zn-G@3a~3$L;",Check sum is (
test,U/Ves-2+.s]\9L&2yTastv|0wD,Check sum is E
test,";7A%mb!Y5p TSA']frhV:y\j#Ez-Ejqn
A_1b]i:cE2",Check sum is 5
test,\8~FH12l	:o,Check sum is A
test,"8i?#%U;Vwop@h'fv'g7^p~byDd;+y""L
f?!1",Check sum is Q
test,88Fq%RGZHx=yu4aq,Check sum is P
test,x1h^lagsnt?>+,Check sum is @
test,uKgAl|EL^*F	s:=Sl,Check sum is A
test,"C`` g4"" ",Check sum is  
test,amx.UzRh7Mkr^~Up+qo@=b*t'>M,Check sum is Y
test,D:!T=_9XDrJ|Zc##\p83sgA7.]> `!wS,Check sum is <
test,"K|arY$LyfO&Hj;DHY* vhjcO""^vU)FGw*b`yyTLGW'(8$G",Check sum is 3
test,x{3]8k;IV2Ay,Check sum is L
test,dNvn:N%qa,Check sum is 5
test,"A=1 |s:(3M>w6*9E_3=5*=1}]|@2(i.QsRt61o'E#ZjE""*/*",Check sum is S
test,fi&+%B\t9El`G<Ka]$TOG.4m3O?x	DN2q,Check sum is !
test,9$Y	/j,Check sum is 8
test,MnUotPih&'FkaBTgh`enZ8tmj' {: TT@7%/DSjGo'1,Check sum is &
test,KLFqR^I&E1/l\Q9-B]P-I3SGHgaUf>OaQ,Check sum is -
test,Tb,Check sum is V
test,NU5/,Check sum is '
test,"B=
""3FW=cZakf<v{u",Check sum is )
test,$M~nQ4?Lq;2,Check sum is +
test,"sFG>R8CpvE/M
>7z`xiDz",Check sum is J
test,"M&YDG.w/L?;Nr&t~&Qyw""fbUu|yBR0*",Check sum is '
test,b};^h(]`vf8&VlXQt8d^yJ*2K9&%5=hvD|ER2eDnRxj)L@f,Check sum is %
test,i^[lr]J\lg!F:0q	,Check sum is A
test,[	}:0#uW#3ktTs\[d_11,Check sum is 2
test,'-OSeoFa)V8h	Ua+6>6,Check sum is D
test,aBwQLKi#?I;	S:>bxP*~s&9g)0,Check sum is )
test,"
VT]FLQ",Check sum is T
test,")4E
's1cNPXr-]}no<V{",Check sum is S
test,da$tuj]O{7,Check sum is :
test,P=%YHUL{,Check sum is O
test,q^8D5s<{`Q*o  _G~Ho\X/l+`'zz= gf(r!8|?R0n[fj$Z`mu,Check sum is W
test,"RxNG5/a]j[:]NgQqO',XU0|SS-#'8_@bW3/	+5zm69O6nd=h.h",Check sum is O
test,"%@/;)/+e9^d,w7","Check sum is ,"
test,"0
}96OIRnD:W)R$cPF .{_d6-IP",Check sum is S
test,>NDx)S&6jx*b4s*L4%aoskGZ8,Check sum is +
test,<lC*},Check sum is 2
test,[c8:UNW@9xxbri>,Check sum is .
test,xw1^1`nfjWum.$Bz*QHM;vcGPa]l\!>V%;O0.5#T ,Check sum is C
test,"t MT0D[-74eLoztcT rf1I*LR1GT|+M~S71&GK,=>8",Check sum is K
test,*{`BEWCeI,Check sum is 4
test,*N|8Y?+i&/#9cKsdsIjdQvQ\+D!cVP,Check sum is E
test,"<5""y&Kl:zOc\",Check sum is K
test,"q::$9bn$v4mQ,_`(I[0>=(B	|2FBIP_ .",Check sum is O
test,#7?<.F#6yK,Check sum is F
test,"%`$bHy8(	;g""Mf",Check sum is L
test,":h1/=$Z]Uv=A\/Lx!qv
En+Z<`f
?",Check sum is '
test,"kaSp
^E6bK=-Gu_v>U+=3X1{*eyel""s",Check sum is Z
test,"]rt0
T]E)E%",Check sum is &
test,"}E|eJesd8(1GL>EL0g\>B<""Ih
St",Check sum is O
test,BP$T~@1<~XBWR8sGeSUZoGbLrR,Check sum is W
test,"R_""f`y~`pG>9}a&;FR",Check sum is U
test,E=Y*_c2U-l[4@e]SE<{*iWb'~F|	f{?w,Check sum is :
test,",{RhS,eL%qdx5*	n_I7k?HGZf1/2V{-Q@g:?0""k",Check sum is O
test,U^dOJWnr=,Check sum is D
test,CN\?YYtL,Check sum is >
test,b{}EC/ ,Check sum is Q
test,"EXRmcI-Dl7Z?Y""tdU[XN.9N^t55GvB}W",Check sum is B
test,"FV2Rq?%5&?![}<V#}B92g6R /y^uT""AJJ",Check sum is \
test,JLH]A6_nv}suZ4gM&^Whur,Check sum is &
test,"ou{}9].fDqpoA,qlViQtNq_SWXwl0;!hJ2EH_5Yd3PI5",Check sum is Z
test,"O#,{uAzu5l<-5%i""d_QyM8lIf5L2",Check sum is -
test,jMOZ*D:q^i>yN2|;{U1eN9U,Check sum is P
test,. _,Check sum is M
test,"SY;-k
rMfNx?0vd%X;+YwC680P5Z3gSe&E/:+wGj%M",Check sum is ;
test,m64e\``Q6Hx:bxU?dHPK,Check sum is .
test,JZN((8v	W. zaGGXykJE/@Kq,Check sum is ]
test,&q 3FFn3})&dR@bX[0+k[.pYPi4.m4Bj_u.dcpt838OhK5,Check sum is U
test,"gvXB(EL>Fjw~=Cb;+C4xW)
rgQO<6xs\}mCex
	g;4Z",Check sum is 3
test,AM)]p]~Ah[P?T0+,Check sum is A
test,eM$Fmg.CP2,Check sum is C
test,"[x,4_0s
	pD5gSFW""{^9",Check sum is \
test,"MS|v}1,77.wkVA/YxxI_""2D~e%GRPT",Check sum is ^
test,$RQw-rv,Check sum is 3
test,AxMRh[oS8?:,Check sum is .
test,? #`~%30Th36CP)FA)ZJojzk8TTX]&	DAN+a?G|	N,Check sum is 7
test,A',Check sum is H
test,Y*qcsM`U9c'a3Z7)<B1!cR!ukR^,Check sum is 3
test,f?tM8|5KJB,Check sum is F
test,EoF5W,Check sum is &
test,"$;|6`OU]{Qx
6nq5[]N'Ugg	cm\C]K.;g",Check sum is *
test,"&yw""m",Check sum is E
test,"#]
?5/~td~>$9#m3@CHL
PP)BI!jB",Check sum is A
test,NEHX,Check sum is S
test,"%Q,>B|G[hYP)bX)J<>t",Check sum is 5
test,}P:tUau_}rJPJ0V,Check sum is >
test,"<""{wJTnxPk`XGD<m_eDto5Za)d3vE78V@aTB/0<ov",Check sum is -
test,"3CAKRtStAf-D6><=62#

h`1]Lm~}",Check sum is ]
test,"yoATN#`K-n~wFW
)P	Ci""NF#d",Check sum is [
test,TZ]6kQV)UE!aG&G;@C!C7ppv}g?nL/pj`cm4g_(R)tG).Z^x,Check sum is P
test,"'Ob2vb#\)""$%0""#<5]]Cty>'d,'nXpl_aFX9q68bs+o*Ef",Check sum is ]
test,"dfc
|V'kDPhkEr",Check sum is Y
test,\uGz}?Cyz,Check sum is $
test,"8uq5wwsZL-e-g,7[X=czUh""_d0q}af@WP",Check sum is >
test,4ZsXB_?nE%eA=sDyHW/*7vDIkiJGNYrX(>+%-,Check sum is /
test,"F@;feF\Vr,E ,XH:~5xM))_Pu(",Check sum is C
test,WJL5]M&aXbXW.vvlFGT8Z3&W)@%8q'Ha38#)HaE,Check sum is 1
test,"00YzA.cDu
",Check sum is (
test,"0AP*gWaZB)?+,)Q",Check sum is ?
test,TvY:X./r.nsL0J,Check sum is 9
test,"0b:z+Ey
{<.@}	i,`$u",Check sum is R
test,"I""]K|
%/f&0;q,@E ,1kU>xcy.&",Check sum is I
test,"3:%StRVeN?%38 9P;;]\L= h""/",Check sum is ]
test,"oy""o(#t R7H,\+84c*\oW",Check sum is W
test,"g\Z<h*J9p/qe,&Gt(EEzlY}V!8'N8	b@/IQd_C",Check sum is T
test,"=Ys+QK.R{V7MD.wF*HN@
HZ/R7Zu0I?W`>@dM Kq|U)M>4>CQ*",Check sum is V
test,m+NKCP;3N@'Wr5D|YRd!),Check sum is ^
test,%#z,"Check sum is """
test,#xMfO%=%	D1(bT##kb27!LoLjF 5<Mpp[X&P,Check sum is [
test,"]|&+kwl438QjHtJpJu%7pS%Bil1JKgRzB7WN2)#Iid@9,A<%",Check sum is 4
test,#|yNv>-_wrNazg=YkC932p2../v10:%,Check sum is D
test,"Y#&K/Tn]Vw=b&vg'm@u6E""+N{8%O6t1hb>[",Check sum is N
test,#!d%B-Ins[_oizx=Z%XSF*($EO1fvo*&k6,Check sum is .
test,]T'x;pb@\UD1^,Check sum is A
test,"|4?5|n	W""h0edAC|'Kffi1jfupA+L",Check sum is V
test,"0ypu>i6?>}%1a,&)2-	`lS*	T9;Wik:8f~{",Check sum is 5
test,"3.\4EdMPfc9oRC4^9X8*g	rzc)w2
9X",Check sum is N
test,"11s~N,q*;-fs}mg8c6gd)(tAb%O&/'\)Cc_dO2(ukiF^G{vgAQ",Check sum is C
test,"+a.51D' Y*C@p$6>""2AvbAPQ",Check sum is (
test,">`,AWA>gGn6VmIbN0E*",Check sum is .
test,J<aj6%bL)9>.Ob=>&`,Check sum is :
test,T_.aJ-o%Ljp&X76{23 ^heO?-j)i-,Check sum is M
test,8](~,Check sum is [
test,"D$@=K0FMe>egNy<>F^G_as~3sq1
9jF{<zpbJB'B",Check sum is R
test,	\O|iekYYK&ZzsW&SLuue`P2`M	5Jj20)Tw@ mRLA*th1-(PW,Check sum is T
test,r7G22,Check sum is 4
test,"O^,1{')DOp""WC**qEY(ox5 P.",Check sum is 9
test,"^?""W6t%eQ]j#.
_}fwPtC%h4-j8n}R!tR>T*1iU;5~%hOJ",Check sum is P
test,Ir,Check sum is [
test,vNpen?$nrI'p`;<p15	3MW3w_~N)vguWxjs>@yM(,Check sum is ?
test,ri-IMU;;,Check sum is I
test,5dcz|0,Check sum is B
test,"+9Q0da""r 8j5kt{w&C~0'zDWqQ~u<7In0wmXdDE@cY-VcBq",Check sum is F
test,"w,JB>",Check sum is M
test,w&s.GJ#<,Check sum is N
test,"]-=zm\1[w
{tWi`ozsS",Check sum is 5
test,"j2)ys|2]Q=+pC""mm^k{BO
XY]O\h0QMUKvogMBl@",Check sum is 9
test,{S<a2_<y4IUgFBIV![ G+mk`rS c7^:2/;z'o%*#:e$bV/-,Check sum is C
test,$42O,Check sum is 9
test,"PU{6>~-*iPoFa}Dd$5i/F++^;_WwYO""q2X/|vPMoLE",Check sum is S
test,A5)l~kkF7M,Check sum is I
test,"+,92^U;^[gFF6NL,fQ[![J+.aY4W[W*BJ",Check sum is V
test,8oT:NH,Check sum is +
test,"O""}xUu!d*%TmZ)v_:e)4Sc;69Xi|~?_p;g(}T,eFfa{/~EZERK",Check sum is D
test,k{.)2hQYm8g,Check sum is -
test,kOgp?WztmhD=s,Check sum is >
test,sj%=,Check sum is _
test,#/k3Q <nE@|ZJ714;8t1:MU+n7]MZA_8TKUqS,Check sum is D
test,4rU} 'i{Xj_;W?q'2v's,Check sum is O
test,t bIJ*^b0fzK5'7,Check sum is A
test,@JULZP/y$Qt>.e7^qUC$Tg|<D82$U358e{}CC>BS5Q4Xq^R%e,Check sum is F
test,0R7i'L*K$~,Check sum is L
test,XnW,Check sum is =
test,"x(.udvy	QokN""lK9I}}]'k?
HV",Check sum is #
test,5LGf~<paN$V;*,Check sum is F
test,"6bx	""}h0R`,",Check sum is N
test,JHOp-be{S*K3	8(,Check sum is D
test,"]Q#}""h)%e/`7&6Mq{'gp/jHKB]<;IhwaCST+c)",Check sum is 0
test,"sIh}ccN{\t""O=2#nP	9RW~Xod BKA/:L`A4
z?
3?uSk",Check sum is _
test,p5hu`GlBl9NE]dve_rUrn:TpOR(_{XTv=!,Check sum is 2
test,-x(xWfw+Z~g(M987*oNJ4Obs'#Efp(R<S`<3aGwzR@AG-(,Check sum is .
test,kh,Check sum is 3
test,"!BS|~!:yuI*`\/uOQ/TG>{n=l[$M81VA6|;jk5]j2556
",Check sum is L
test,^v${7m,Check sum is 7
test,G3wn8D	VfUN/v{$|U(=S2~7,Check sum is W
test,",0q4dt%)HpDI""2gVuz3_pOtHGc	wIEs{BiC%Xw+H<,",Check sum is <
test,"kcM(,tPT[#GGd*q+ w;co+(AD*",Check sum is C
test,"CgU}m\^?6:<) I.$bqRw>	0e@w""""GW3s+ze|3Cf9x""~F)kDp5D",Check sum is C
test,"\1>Quliwe!y)=LpzX(?\""H`Ig$uIxzCU$,hIcz@",Check sum is 7
test,.6k,Check sum is /
test, ikN``hV%0{a,Check sum is Q
test,"|1
YN|* <];|^|mat.Cg@EEV
#vWL9`N0",Check sum is E
test,"Dx}l]p`[,]""8/!mxk$l8k`NF?@1$T=$;
}(",Check sum is *
test,"8uW%j'DdwH""$EbaG@ 4H%T9_hS1B2^>HA`o1jw1zuO#",Check sum is ;
test,"b7f"",p_&QPZ]^ 5kLB(o=nBrK]os^+C7P3V7L_}5_TYL
B#O","Check sum is ,"
test,xOCXTJ{&~BO-Z$4FNgIyv __2m[VJh&6j3\n&`3!`hH,Check sum is /
test,"C\#%]9Ji8pUc[bm$&U	MX;`T-xRwSawLS>,qdaCR/KSo$\/@;",Check sum is )
test,"w0?>P)qC1P#y2<ACV/EF(0<2*~wPa)k	8Cg1Y\Z,L,",Check sum is I
test,"<""Dn=,/	y^K]Gd	DLvMwtn>bE.#>rN,I&-k0){3[",Check sum is 9
test,d[Hn+7,Check sum is 7
test,:%,Check sum is ?
test,"1c		t>%fkzm%^Nvc
8rZ}$pZ
kQ)tYmRfG)FE:~",Check sum is L
test,"wI>Cw1cXg[Gtk.
$M|7.y$~RLe1J#4UlWVo5\R""atIqZT",Check sum is E
test,^mBVlp_@0nYI=-lw7ly4u[,Check sum is +
test,"PC2,$EbrP3gtW5/W@.>b-On
l~)4g !U*I;ob\~""mO4C\4_",Check sum is !
test,""")|I!v#",Check sum is *
test,"TY?X$[mFmP.I[Ji<6$>(0),&2vv",Check sum is ]
test,">?$dfWx^fLCU66C;	ZW/z+{w].yAsO!Xm6y
s}T<&9Ie.l.",Check sum is '
test,";p6<*E+5vKSE\EaaXRrVo~>%kL`f}'\4
E4wt2",Check sum is [
test,If <	qRvx%)/(<C2|_/4|,Check sum is 5
test,"J)wM=(Z3BUUpbA]c-HiMgloAwS
4YR
ZBGhQ'|T38>m7aJU",Check sum is S
test,|5DH>sj#qt<_]gC$;RvnVxW9.)rCaGtRg,Check sum is 6
test,"1""y@,F6t./~alpu Mo|) A%]8~b",Check sum is Q
test,"4danl'.h}iY'pc
n&y?4<1@D",Check sum is $
test,{R\L.w.CF2 |.RO,Check sum is N
test,Z~:;`Lg<U{MFp~lgq'cu9,Check sum is I
test,L23>&0=$ H?rYQaNh}jo&+E|:>,Check sum is @
test,"+LaQqd,+h^MP%",Check sum is =
test,~n?:w(>gL?u@jZ]w`6,Check sum is 7
test,.96ltFu,Check sum is X
test,We%	qECNdd*'EC.SbdyCJ 0%cP!)}iP4h)1,Check sum is ]
test,"|vHF],U^8RuiTO;?jF'@""YXa@4h}JtA9@>pD2q_%)}",Check sum is <
test,",w`~HHdL84?;l;"" ,2",Check sum is N
test,":_ttln0S""aZ.<g
{<U$1t@/'-xtgd1U QI	mo,*H( ",Check sum is P
test,"-r%
M+.<Pi<$iKEaC4f_+ZGi^3sOWdGZ-)@RAPfEG|9",Check sum is C
test,z|,Check sum is V
test,Z\a,Check sum is 7
test,"[""jlx9)l:UO8gS(",Check sum is 1
test,"VDK)p41Of1H^hj*K//X6';;lKG-D2^Fl[9qy_!N%;345
c=",Check sum is B
test,"'T~dB=:m}'zN8d
DrHSXtS ay ?zt!By0`uWig?q2i`",Check sum is _
test,",4l
o>nE\SAE-h L""fcT*jMC|f&ND*WD>",Check sum is L
test,/Ps\0FrKIc3YDDS1J'FGi9Ya~[C~j,Check sum is C
test,"S (T.>""?x1Qi",Check sum is ?
test,"@}vs&OYxuNNUI'4HDjD, 7Iy:h",Check sum is 7
test,r^@I9$^Xpu^t{q=Fr|:.eX6.$M3fK#iCT>2,Check sum is Q
test,ocR,Check sum is D
test,"&JuACK{
&Q#f)tO<!*8d}u"""")2-=IVA,IgW&KCf5F1=PC$3*",Check sum is M
test,"W3jI>Qc|.u@LZD`h7lo""C>-%7;q]REA(U1",Check sum is -
test,dNBXHl-(RWTQJ?D7YH*=%GAwG|v$Y3,Check sum is \
test,"7J+2s},6	l4'/""zL",Check sum is 7
test,"^:?/V#!(6)YO|. xVIX4=^
{|BGMA",Check sum is O
test,"'5-fLo6OCHO,j}`9~ 0Caz;lbiyt%h=K[{""4oEBKhsn8D",Check sum is '
test,_'AGp5\#Hg/v(5gnw_=r3m}g%HXumj7,Check sum is )
test,"TuEScBf4]&+=j*}<Q4U""i[UT$wV|1+c=f'&_{Vwh$Ge`S*E",Check sum is >
test,"'#a@:,E""?W<*6>&IwKYy4/*p4'cFW%_5a.G+DF7W'",Check sum is \
test,xi,Check sum is A
test,"""RB'n 8Dh$6.yE#OmK)wz<	i#,U:sIgirQ<v/!",Check sum is V
test,hk7KEwY+CUU;RkE&T,Check sum is Y
test,LwM]TOJg,Check sum is !
test,"X,0yW0X|3wI#@1m0]L^""(mp4|53H&|_@j}""5YwQ_K {m","Check sum is ,"
test,"Yi
zBV$>H
d{+p:B>l?MblG:-\M4KoJ9j8#Ud$	)_""PT	G}",Check sum is :
test,Y[<6EJ>_UpzAw'U,Check sum is %
test,"0 .-}XFq<<8EXS:g(,z}~.	MM,J7",Check sum is _
test,"^#T(S	Qo
rQ[x$2x=#)_%5JE8TkVEW^?=L?Io/)X^`","Check sum is ,"
test,"5%3
fyRd4+jlCIgs;@-`pL&R
DwM?[%XFzIQRUz`p;F{^waz",Check sum is C
test,LR[m=USV8ef$<~y]`A2Ka@?Ume,Check sum is ]
test,"XqPvKFy[-X=s
2jc)Qe&a!Xj9U7`pz",Check sum is *
test,Fl13y@m$iHBq32#'?0.MmcFx<av;FM:+o)6dZY\:nB05,Check sum is !
test,"
{t9w]mZ-`6+60[S?",Check sum is .
test,"wxy&nJe
|:.u:Q0XI)l]",Check sum is <
test,"lUO%K/V
d Zh[LfR(0mW%qaes;b|f~h+JGu",Check sum is U
test,"jpC"",uo_""""n5""u4RT",Check sum is &
test,",|
-fqs9Em?BEaA%%	Sto""[=",Check sum is _
test,Y~Qjh!}oXpvneAx(Q7(,Check sum is I
test,7xM,Check sum is \
test,"uN/&Ap7l[%xf<WW[5c ,BkM[*q5rO;F_^s{8{$YZ'",Check sum is V
test,"7
A}",Check sum is _
test,"s9bxZ@!
O&H9!Bz~qc)8c\.{Q0e9_A",Check sum is X
test,"+t)?,BVs3G	Xq|q:c':]bs",Check sum is G
test,"#&RMyZR9H!I=(u,X3:[eU	wbzZ5g%Y9/AVsS!j?k|",Check sum is >
test,/a~tUa cT/YoI7!)PCn6)O4)4&&_~FAk,Check sum is K
test,"lhf0)1@oGpI> 	""!I	u3""7P1[K$1@g[Z^",Check sum is F
test,gTpJ6jLU^|$>=8*B.f:gQoRN,Check sum is H
test,InX'no+Yc*:Hd+j;??`.'b0B)K61@HY6fXb`x=4wvIL={,Check sum is V
test,E<a=0!OYfU:7CHrVQY=;'&,Check sum is &
test,s:`ta4!A y	](Za7^(cC=m:]t0ChkDunN&F^-3,Check sum is 7
test,\MoY#Y$8N;cTtGfAl{EW(.N?p\YAr5:n,Check sum is &
test,"{APaL ZVz>?okgs+|
iD",Check sum is 2
test,lM%*m\};(E5!~oyHfN]\?{'xCI,"Check sum is ,"
test,h{Q/}UU]+\.GUZ8,Check sum is *
test,27%q(<o%,Check sum is W
test,"C
MR9uRR[J0F-b]t6RB(w^|c6@\""",Check sum is 3
test,"jQrcE8z&uOFm,.UdHjjNQKX*%cuOh S41",Check sum is +
test,",Uc|c6 9McM{ie5(,CiWhR)",Check sum is '
test,6pztVm-*Mp.4U,Check sum is B
test,t@YQ{m#?`3O}_|	+{h{\3ekL|1?4~f$]J]1ydL|{g;Q`:,Check sum is I
test,"'f@RQJHUQ,{:T{P2gKzM$*r8:",Check sum is %
test,"4W7bf2kUAo>7P
""tAIqQ-V",Check sum is @
test,"jG:eGt98ys3V &PR\4e5g
 m7282TrmW!Uv$.=$p",Check sum is M
test,^W}n,Check sum is @
test,30yQ=Wm75,Check sum is :
test,|ENm#3x!JcuzXXe5rnX,Check sum is )
test,9GrM=	2]{,Check sum is /
test,"G^Y[O""AOD1/3>L",Check sum is [
test,"[
%7:kQzxSCSYV&|G",Check sum is J
test,TOrv!9rwa(EH_^%T9s~n,Check sum is R
test,9d+_lh~,Check sum is Y
test,LYL>uDr+P$\>@bNjwdFo%@zB%+8H*_a9d't^E>y!2^],Check sum is X
test,"c.r.(WNT*vX_J	5)yI4,c1e[+K	PaSTXejD_l--r#","Check sum is ,"
test,"r<OMcce3$T%Ew|sx?IDd(WwX=[(*LL:U
Z$l'j9Wm",Check sum is Y
test,b-?{,Check sum is )
test,Xf,Check sum is ^
test,F3*hGoZBp,Check sum is -
test,".,,Yb'5!w._,\/,MY3({2
~wxv4q.]Q,",Check sum is M
test,[b\y<s9@~PmO2!!^x~J\BP1;\QS;|Sv'>#`L_f,Check sum is I
test,wBO8G0w*zP~!j1l+9z1,Check sum is 7
test,2#py 8kNWEclL,Check sum is &
test,J+We=P_{IpI[^f:,Check sum is S
test,-1%b|vQAV-G#gf<OnW,Check sum is S
test,U;j*Zi}=#X7xPT2D SdQxZjfBe$Kn8gY$,Check sum is /
test,"l\TTzz+4MRx'!`a.j={1#LkFp%a[T""vNK[\",Check sum is 1
test,a6HOEE-kO~<c=L5uc\LK^U>j1`+dT,Check sum is 4
test,"Ej.k0RFB/HtyL	?KW""^4
_+3
5y""6Km.V#	<",Check sum is ;
test,"A-NR7BCya8rr5 ; ]5!+
T<<G2vjr9f'|G=",Check sum is U
test,"`0dEA]HqS>nQ!V<,N",Check sum is -
test,8[];Lc]5e2)UCY$Rm.mMi|vV|w6_HNHG>mHW]'.cZ1V2K;	{Q{,Check sum is .
test,"we9CS5`,t H&zib][/pQDf(J *xS","Check sum is ,"
test,Tm\_Ps,Check sum is _
test,"b8>a3P`
o=K)X",Check sum is >
test,"Y	!gY4ByQ
,.}p%numg2%$-#/g!yY%X
5K|G4","Check sum is """
test,"2mp-
~r})#mv$N;OKm:8g]AC/~8TPVhp&h~5x>JA7*",Check sum is J
test,[J%>/,Check sum is W
test,~W4Xz4ov2=;=Ma+ ?qy`l807iVRAh,Check sum is B
test,XcI:ehm?Q/4Q`}Z,Check sum is S
test,s9B%gbWBENrjg}$47,Check sum is 7
test,S{w)ed|8yV!zh|aQV#A _a2v;	ctH?S7-;GR4atPh%j,Check sum is J
test,s;1BZn8.]khg'*:_9(4n/'\2L&{,Check sum is D
test,32d\nra2,Check sum is 8
test,"np<nbrOl3XoOSnrb|h.+v@
,""+J*:	egvYL`'H]x",Check sum is M
test,Eum!|/U5dN+h6t|Hdg],Check sum is 8
test,ns%,Check sum is &
test,:&JzJ9;-PVBq/Wv}Z>i`:`%c]#,Check sum is D
test,~z!#+cd4#p9iB^{ir(i0O1x!QQZFhT:W<'|Wi1<,"Check sum is """
test,"72v3k%]4dKbFa#{~chR	DrqQ#""G0",Check sum is A
test,"R7Ud:e^c`iK!%ZW&""=@cV4;>,[((N*XyXu@pLV=ap]Of
",Check sum is !
test,%NJbd(/`}Ob,Check sum is H
test,"(xL|*hwR4*(Fo9e!""|;Q\%+4cdX_KK_+`)^J@4IFTE)Ed0AVw\",Check sum is >
test,"|\OxZ1""#&-fRH-jt=.`CXcV/m| %>];9+x>.",Check sum is G
test,"<D;_y .:vW}.WdT)B;mj>|ID5TZ&5p""]Qu'2U+L]@7",Check sum is 2
test,70y[!k!%0r4Q9mK~Z3;R|w(,Check sum is 8
test,"BQC
>$=uJ!f(3~>&-Az#c$yF0_#>]3~W80",Check sum is 0
test,"4cfH[A%e-S>}R^ZtR72{%{pjD>y$%

	q>rX",Check sum is N
test,G3Q#,Check sum is N
test,X=-a='!=RNF&P~<k,Check sum is F
test,"TJT-=EsQ8
41~W(D0{R[d#6_fuE
8GNE",Check sum is ]
test,",%r).TC[xfX","Check sum is """
test,"):vh,",Check sum is M
test,1d?u$p^M59Ua,Check sum is L
test,8#hzyq<^onDTvCgLy,Check sum is ;
test,Np7Px(| A{X-T&Hjq^{()I.8r'dO290qAT?)6Mf	sm6ujn5,Check sum is 7
test,x[<n,Check sum is ]
test,"Pq 9}Rm)liv,APs,_k>/[U5","Check sum is """
test,"l,@P%*D%uTa]*p-%I'5f9Lox",Check sum is *
test,Ac#VZ$A{Dl,Check sum is '
test,"S
z'7q),",Check sum is [
test,"H_yv`[0`""Q[*q%iLEEVr/tVmMwic,O4Q>po^W[5
]fO",Check sum is J
test,8`tm0OE_97 De[kkBDYSQW)}2@*!_qv\,Check sum is E
test,"h>"":y4aafaKR24-T6%",Check sum is 7
test,"Q,q3l)52O%xB .7|Hoyx$",Check sum is 8
test,"X.Jh4,+.&0$a!mDi:UO&",Check sum is +
test,*7n9,Check sum is (
test,"/E	;Ccu=]""i_Kc(GRmZNDMX%Edaa""X3w^1)AzTf[8NK%\qKg",Check sum is U
test, tH`sV`d}!*^NEcwp=N,Check sum is 7
test,FZXa\O8/geFFB`'}y,"Check sum is """
test,"JYqTw
>mGnCyH[>T/JpBlW|Yic,\>?#v{/er_;/D",Check sum is U
test,"U?=,@a0|dV:oKmB@luA	CA HrXIR	kvR",Check sum is ?
test,":f.wS_~xSkY.7Jm++H+I7e""o$`_z7Zzf>ucU""D	p9&",Check sum is 6
test,"II,hjZ&AA=]?T4#@zqK["":1""8}7
j}isP0#JDbmYG1G}P}>",Check sum is O
test,+v*	q0pD,Check sum is I
test,"!O,}",Check sum is 9
test,"dwFVC%y<{4,%1U?8T1B({GkdcQEd7qc{E&",Check sum is ?
test,W&B$!kO+'|H2@Krx-<3|(p`^zKh>o4ZFTw)$VuF,Check sum is  
test,Sc;,Check sum is Q
test,@'<ibvOZUz	'@Fe$KD+$!s.Q:.[,Check sum is /
test,q@ -4Y=!!4M8G`?j]A%oyNA|V	t=xN5OZ?a9;-tWL+vXZ&wT,Check sum is 9
test,"QUI{1
JPT&=PMA&}`nSmz/1= !wn%jLwX#?HeK/9AG6F#aiRfq",Check sum is (
test,6P`gd/XvS?@S%N/Eo?IAv*D5EC!4wHExGk?,Check sum is 5
test,BQpp9$E|,Check sum is 1
test,"XL\)h$;s3U7\~.5+#HH/M,yw.rP|?1	LToY&.Y}","Check sum is ,"
test,"s6!Rx0Q;Ca2)A}^Pa
@@-$'9HVd8iW+G(j`e`]8Q?6a{S1",Check sum is U
test,\%~J5ugYQ\$ZAG#9e1,Check sum is 8
test,"[H8OYG'|e
u&3sMkQe6Zxr*",Check sum is O
test,H{]vm6a_pO<*zL	K3Z|Z3.J#4Q;0=![wEgK+,Check sum is K
test,H{ce8:-A$pD^tKN{Ic,Check sum is 5
test,IOuq^JxJi2?U?;jbT59$Q;*Af=)+(gD6,Check sum is Z
test,6v,Check sum is L
test,"vgD""bF+SX7~LD.9
<7t@YQ""@@6W;|Gr^nR""",Check sum is G
test,l-9/$.mKhUoq1xPE:wdn5W,Check sum is U
test,"
1ng]>_!",Check sum is K
test,"7@w,3i,:",Check sum is <
test,"6W	Vtu!S
}i[",Check sum is 4
test,"K$c.fo49j0@G
>
I4DB|'Z
PO""\Jl5Af[c|i",Check sum is 1
test,/Hn2Z3h,"Check sum is ,"
test,"K&W""	Mvz#2%\
",Check sum is 0
test,"|NcMs.^AyLfmX'|7+{cK)[y=|>^Tgw,{-
$^k",Check sum is G
test,"ed'^Y%:kFxg.n@\3v&V+""k ",Check sum is +
test,14{byth q]DY-3yZ6!^',Check sum is Q
test,uQqD?9`48Zr%v'/=BFk,Check sum is L
test,"vLiSk!oO(k*x?vt$b<~F-syi _01xoP""kpz!f;",Check sum is ^
test,6i#[xg/g`?`#!)3gl,Check sum is $
test,/`,Check sum is /
test,"BaU7gW>83Qr	Y~^uw(
<zRA*\q3",Check sum is H
test,"S@~SG-
K""{^pO< (q9F7Zz43to7|Mt	F1}_8,<",Check sum is @
test,h;5HTsYr)s6!83dcQ@Bk]je0QS],Check sum is R
test,"q4*`NLV\hB?k?piZLL]gYuKQ\:k.d7v_D@<O
dmf;KHt!(",Check sum is !
test,"~;TA$	0z3uy
JR7?pKOV
H",Check sum is 4
test,"""C'tQIKN$*!q1"":H2yemZURM]",Check sum is 0
test,{KYWz~@m:D|g`>%H^xNVc,Check sum is D
test,"H3,X?im)RC$8^yRoG.
Irc@>pn",Check sum is _
test,"f'Z/kG^UsS&
1]bwewA<WxO/#^\kvWn(Z#/XsDdh'nGznH'v",Check sum is 9
test,+ei	(Hq5\3W_,Check sum is =
test,"i
?%&w2'E.Z/q$M1i7Di}.l-kV}",Check sum is K
test,"cI?I.'XyDYwf~B,",Check sum is  
test,"R'GPJ,`7uMy",Check sum is 8
test,2VKh{02,Check sum is 8
test,)Pf-;`_>xA:_=44<0U<*'.dVmFrUO9 	LnitI],Check sum is 9
test,Q\4[J,Check sum is &
test,"T7xJ
e2.uJ8Ij7whu=.pz5	O7
Jm[-",Check sum is S
test,z>mn+z<u~i<Bv|;|k<bazxt=[RkM,Check sum is I
test,"+)tQF(b,B^/z""<oV~tuK:$",Check sum is 1
test,"MxJ<#xpZES41_>Km:U
@",Check sum is ;
test,"h[W""V4B",Check sum is (
test,J a|%_5Lc+'$Jy!nIPIaip17,Check sum is [
test,"].(s
&^{b?l#VE+Uy9OP*#O",Check sum is G
test,"c->>,8l8\DZ!3_|)U\j<?ckI[;|:KeOCp\SrK/IzjP",Check sum is I
test,"Hq)5mNFq""PFZla
;~s8f<B7B>S?rNHYkta3^W?ftgn",Check sum is Z
test,K7j+Jxfg3Q~,Check sum is H
test,Jh:,Check sum is L
test,",iG${Mt lGP:]P",Check sum is &
test,"0gqc
-0eMs;z4i5e`)EyN982.a>",Check sum is H
test,"m&{Z sMm""!;Q!`bI""evL%e6.e#
<2rA~pqS}b?yP`'R@?",Check sum is +
test,i[[OhjOP3=CBNsA4g.wJm=t]~{:,Check sum is .
test,Es,Check sum is X
test,"HN<r9	3lvJ
zSQ9}3\	+wmfhE07gy",Check sum is $
test,"s6Ug*!I
""""&>/u),m1U2t-n{)Pld""Y&1",Check sum is N
test,eTU >c6,Check sum is %
test,"$%ZkCpIQorv>>y&i#>
xgt2-9|zVe54}P*R [8iNUFzgC",Check sum is 8
test,iaBjK,Check sum is !
test,PZ2)W=,Check sum is 9
test,Gd,Check sum is K
test,y!d	,Check sum is '
test,N@rMq{H\nUS#Xg~{z,Check sum is (
test,"7KQsd]~5A]3dA{r}+9oFU6qV|~A3yb,^}u:1A6H	GBP[x\::",Check sum is Y
test,"|,p7Bam/1/]OXdF>{<0l~9k?-b\jnyNw|V]1:,r(E~{8!!uC0",Check sum is /
test,]8*I)?)\akLg+-_Ks~HhM$sYj73<}2X8!,Check sum is $
test,"nB&b
dhT5|^.s#$K_v\?SL,/DKRX.)Il`""2YNT::ddN","Check sum is ,"
test,"
DU:z-6#YsRl_x^zRi-AMIK~]P",Check sum is +
test,jJ3,Check sum is G
test,"/.q0T<7Q""=81wKb&_]7Yk.Eg}ASD",Check sum is .
test,M%X=VqA[,Check sum is J
test,s<S*.xIsyoH%?c<T+b[*O4e',Check sum is V
test,"UCQbVz.qnW?Yv""2Jts21n|mX!t,Fe:J<U1e(E2HL87Vr",Check sum is E
test,"u|^lH'}iF7F(5-VHC&\Q)Q[b`y'Ttz
biygnHA",Check sum is V
test,^xmfQ,Check sum is Z
test,"t|O-?	=l(qS\2=:Se?vKH,<",Check sum is V
test,"nl""rZnb",Check sum is 8
test,-$l,Check sum is ]
test,"*#'b\Zr&$3Lp1j&Qu\{#<f{]Q7MWkIQgR
2IizNn)sg-k",Check sum is ;
test,"-dsRX5z/ocP`	Ge]%^@XT,;LC})JP@PZP5z_w&L=%%nB;yLyB/",Check sum is 7
test,s2Z,Check sum is _
test,",jD\D$R,[",Check sum is W
test,"""t1DOk&%<pwqQF\*1K:=x:	7FGIHB#_d",Check sum is L
test,"3S4b.%=Y\e(PQ5)=E.s,G+\/Jnr7^[/5ol?PdA6}TAkY?x|",Check sum is %
test,"fdj'Gg}XI)Y2|Ra*>]9
/[lDs2""**MF
mM?2r",Check sum is A
test,"8%xI_])JF)`d/VyTle*4><I7`TJ`~Wx:P0Pb@!.	'\R$""V(,7r",Check sum is 8
test,pz$8H	qoiiF~W}f~,Check sum is %
test,|w~% oh,Check sum is -
test,:2`[b!?<|L)OzrY2&Flel7(z^&7`9W/A%,Check sum is >
test,"yop[hz\.B$q+Q_%s#4zR;5pKi4h#~O,]tSM1	}B","Check sum is """
test,"
9j|\Xh=8($^4s:oP",Check sum is $
test,"W9K\p F^[
)o/bmnN<[m'!Df51C",Check sum is !
test,"r7xE
V}p7H'>ub,v2!co'aL!	7^#~",Check sum is I
test,N|dy>{s+F,Check sum is $
test,lh2;JVl+5)t}5&*<S7:cUE8Jy4vQj_(,Check sum is P
test,"0f,
3|~#tZ",Check sum is J
test,(xs{yS%[W,Check sum is Q
test,"=_2~>#Y	O, Wo}KA-4WCjCJtI.n
F-\`s8{P3Qci",Check sum is #
test,"kn4dguVjR,#Dso+NV~RYg-M#r9_/';C",Check sum is N
test,2[2k|WKR 	X/)3u?TsciCNMnjitO2,Check sum is !
test,"^*uX).M>zWq}F""6b}tm,hlWc	!G|x#6|pgSEu?6'h3j%+y",Check sum is 6
test,"k,>DWyv:c%2XK{@(iSftm;g?7)|[.",Check sum is B
test,":Jc""pWu\f""g9	\BWH]",Check sum is L
test,N-/Y,Check sum is #
test,	EaX(T;ze4{?|YTUB9_+`	CSJyL{9yf,Check sum is O
test,"Sno`\3.E%x_S7{E
dK)?eNyM
.wz?isF.i+04-k&8/1t*",Check sum is 6
test,^w&a|au]/v;Pr/aM.D+byi4d_LQ8 YN0!T@\},Check sum is \
test,K\	7b?)HB %};MF#vm\~/e10@{;.&&[Q6fiy,Check sum is Z
test,R+}6>igg3QuY1\1,Check sum is U
test,<IU!LH8|KXJ^ t\i#sis:5J$<+YX 5*fK87sflj,Check sum is <
test,?bs`Sf%3HI~lGy$1IX%;XbJeP,Check sum is /
test,"MT	3-	GIkZd?w-7_M#rqb5
Mp.5%4B,fc\! SH~,UN|mqoU7ch",Check sum is .
test,"M$U.ve6DO[
D_X,",Check sum is D
test,"T>KpsY&mA8d4Mb,]G8${WZJAADc%+<<",Check sum is _
test,")n6}bCj\{k|>dr	A#XNz+!+mlJR\_&Q
[N8c",Check sum is D
test,"6y+}Lr=""@plc#t)(BFMLR'4Q",Check sum is Z
test,v#BdoxPF@0vwt#bGH	yd,Check sum is '
test,"UE8-+G""$H",Check sum is _
test,lp,Check sum is <
test,"Rz""6?oI^'!=.}_J`
]1VtAo!
",Check sum is O
test,^u'vV.l*G@|9C$,Check sum is M
test,|pEH#YMEU,Check sum is <
test,T&Jb\,"Check sum is """
test,",9>ZQ2Z=koI/lX(rlAof&t5a!v]<G",Check sum is P
test,J#+-[j3T:qv./>?~,Check sum is *
test,'#JbT?@J4R+83{jLBN]Sht2p`V2=,Check sum is #
test,"4J`4h"" C$p2Uv		80,hBMAcP$m
 pTXuZ""gVd",Check sum is *
test,vQ9A`=j8`IU,Check sum is ^
test,"b,dSlG",Check sum is X
test,g0V,Check sum is M
