set,input1,output1
train,,Check sum is  
train,	,Check sum is )
train,"
",Check sum is *
train,"B
","Check sum is ,"
train,"

",Check sum is 4
train,"

















































",Check sum is T
train,                                                  ,Check sum is  
train,ssssssssssssssssssssssssssssssssssssssssssssssssss,Check sum is V
train,"CD
CD
CD
CD
CD
CD
CD
CD
CD
CD
CD
CD
CD
CD
CD
CD
CD",Check sum is 7
train,"x
y x
y x
y x
y x
y x
y x
y x
y x
y x
y x
y x
y x
",Check sum is &
train," 
 
 
 
 
 
 
 
 
 
 
 
 
 
 
 
 
 
 
 
 
 
 
 
 
",Check sum is :
train, ,Check sum is @
train,!,Check sum is A
train,"""",Check sum is B
train,#,Check sum is C
train,$,Check sum is D
train,%,Check sum is E
train,&,Check sum is F
train,',Check sum is G
train,(,Check sum is H
train,),Check sum is I
train,*,Check sum is J
train,+,Check sum is K
train,",",Check sum is L
train,-,Check sum is M
train,.,Check sum is N
train,/,Check sum is O
train,0,Check sum is P
train,1,Check sum is Q
train,2,Check sum is R
train,3,Check sum is S
train,4,Check sum is T
train,5,Check sum is U
train,6,Check sum is V
train,7,Check sum is W
train,8,Check sum is X
train,9,Check sum is Y
train,:,Check sum is Z
train,;,Check sum is [
train,<,Check sum is \
train,=,Check sum is ]
train,>,Check sum is ^
train,?,Check sum is _
train,@,Check sum is  
train,A,Check sum is !
train,B,"Check sum is """
train,C,Check sum is #
train,D,Check sum is $
train,E,Check sum is %
train,F,Check sum is &
train,G,Check sum is '
train,H,Check sum is (
train,I,Check sum is )
train,J,Check sum is *
train,K,Check sum is +
train,L,"Check sum is ,"
train,M,Check sum is -
train,N,Check sum is .
train,O,Check sum is /
train,P,Check sum is 0
train,Q,Check sum is 1
train,R,Check sum is 2
train,S,Check sum is 3
train,T,Check sum is 4
train,U,Check sum is 5
train,V,Check sum is 6
train,W,Check sum is 7
train,X,Check sum is 8
train,Y,Check sum is 9
train,Z,Check sum is :
train,[,Check sum is ;
train,\,Check sum is <
train,],Check sum is =
train,^,Check sum is >
train,_,Check sum is ?
train,`,Check sum is @
train,a,Check sum is A
train,b,Check sum is B
train,c,Check sum is C
train,d,Check sum is D
train,e,Check sum is E
train,f,Check sum is F
train,g,Check sum is G
train,h,Check sum is H
train,i,Check sum is I
train,j,Check sum is J
train,k,Check sum is K
train,l,Check sum is L
train,m,Check sum is M
train,n,Check sum is N
train,o,Check sum is O
train,p,Check sum is P
train,q,Check sum is Q
train,r,Check sum is R
train,s,Check sum is S
train,t,Check sum is T
train,u,Check sum is U
train,v,Check sum is V
train,w,Check sum is W
train,x,Check sum is X
train,y,Check sum is Y
train,z,Check sum is Z
train,{,Check sum is [
train,|,Check sum is \
train,},Check sum is ]
train,~,Check sum is ^
train,	n,Check sum is W
train, <,Check sum is <
train,t],Check sum is 1
train,w},Check sum is T
train,"x
","Check sum is """
train,FV,Check sum is <
train,&X,Check sum is ^
train,	J,Check sum is 3
train,ld,Check sum is 0
train,Xj,"Check sum is """
train,A\,Check sum is =
train," ""","Check sum is """
train,6d,Check sum is :
train,H-,Check sum is U
train,j ,Check sum is *
train,K@,Check sum is +
train,Ee,Check sum is J
train,^V,Check sum is T
train,EA,Check sum is &
train,cU,Check sum is X
train,'],Check sum is $
train,<&,Check sum is B
train,*k,Check sum is 5
train,Ih,Check sum is Q
train,<m,Check sum is I
train,IZ,Check sum is C
train,;u,Check sum is P
train,0a,Check sum is 1
train,3X,Check sum is +
train,(%,Check sum is -
train,";,",Check sum is G
train,7M,Check sum is $
train,`o,Check sum is /
train,AW,Check sum is 8
train,WG,Check sum is >
train,iS,Check sum is \
train,\b,Check sum is ^
train,v;,Check sum is Q
train,s.,Check sum is A
train,EO,Check sum is 4
train,vW,Check sum is -
train,W6,Check sum is -
train,^X,Check sum is V
train,2 ,Check sum is 2
train, 1,Check sum is 1
train,m{,Check sum is H
train,wP,Check sum is '
train,-0,Check sum is =
train,Yd,Check sum is ]
train,}U,Check sum is 2
train,(k,Check sum is 3
train,!),Check sum is *
train,}M,Check sum is *
train,'',Check sum is .
train,&c,Check sum is )
train,NTV,Check sum is X
train,f+m,Check sum is ^
train,-bc,Check sum is R
train,tT^,Check sum is F
train,WT6,Check sum is A
train,"2K
",Check sum is '
train,g~5,Check sum is :
train,GrI,"Check sum is """
train,"""KK",Check sum is X
train,c}z,Check sum is :
train,$[W,Check sum is 6
train,"
4F",Check sum is $
train,'~?,Check sum is D
train,`xw,Check sum is /
train,i{B,Check sum is F
train,0 W,Check sum is G
train,wtD,Check sum is O
train,"N""P",Check sum is  
train,)X%,Check sum is F
train,%hf,Check sum is S
train,Ywp,Check sum is  
train,D^5,Check sum is 7
train,2E),Check sum is @
train,8vQ,Check sum is _
train,UU$,Check sum is .
train,0p9,Check sum is 9
train,	]4,Check sum is :
train,FK9,Check sum is *
train,x?$,Check sum is ;
train,pTk,Check sum is O
train,R7^,Check sum is G
train,"w7,",Check sum is :
train,rM',Check sum is F
train,YbO,Check sum is *
train,Yu|,Check sum is *
train,=Sq,Check sum is !
train,=tA,Check sum is R
train,!b},Check sum is  
train,|td,Check sum is 4
train,KIX,Check sum is L
train,>3/,Check sum is @
train,uAc,Check sum is 9
train,\d4,Check sum is T
train,Pec,Check sum is 8
train,J[7,Check sum is <
train,!<u,Check sum is 2
train,Za%,Check sum is @
train,u;|,Check sum is L
train,94M,Check sum is Z
train,TRL,Check sum is R
train,4jzICsOnQJtAw@jTKr8hy=~!=TY[Fd,Check sum is Z
train,"
}}2ZQ05>QkOw#za@3*%Tr3]`",Check sum is \
train,xEZ_1=/a8*WJcPW$7_?-ppT^A?2tT3y*K&LyX6,Check sum is -
train,`%6R^-6{]6/+TP*f`,Check sum is *
train,"JNhQ7`_)*0IW.<|`<J
&-q%rlgMM=-N1LK,f/e?b2]",Check sum is >
train,@D!G0vzl`0Y-JxPbA&-;MHykn;9y5r;-,Check sum is T
train,"o`9;f~6~tl?Sm]HY-r=\m<],+aODqU=pb%joh/Xy5]",Check sum is .
train,"W&	c6w""j~,k
9K\B6v|oyp;xX{Kx0=M?~L!(WX",Check sum is G
train,MzT*]%rl4,Check sum is 9
train,;<Y%x>lX6JrfGOL,Check sum is I
train,IQjK0W@2JzWcsvp,Check sum is ?
train,"c""(GAMjJ0s5j'wb[Ld<{Yk3P?siE':Z?FV2WEvO%XtzW4|5i*>","Check sum is """
train,_~*_F:O:cDC1,Check sum is *
train,iZ*b,Check sum is /
train,/5,Check sum is D
train,LQqS(B>	P btG	!`Rtk0[U=>C.dd{,Check sum is I
train,l$fik-i`9mL,Check sum is R
train,"Qu;;ksRz1~33@``Z)@G$y<
C<2%+AKYYYLA
2X86'LO7=+4lla",Check sum is =
train,V|uo5O)D K3Rzjf	YO$/JoHwW	{4\YKV:-,Check sum is I
train,79Cf`0SPLoLya/Sy	/'t(%{@,Check sum is #
train,"`4s7r[PV3,6,85Z{",Check sum is T
train,88UpSZM#['_Lliwj<2YUvd`&]=xYkq6:E,Check sum is M
train,k|6p>b[m<GIFM:]QjC,Check sum is I
train,"uDddujM~h/>1E]6Yg)-4=UJ\Z~jc;/5Kcmfa>r0
$JD3:b",Check sum is <
train,t}j+0}YNn1q[6D0ave=V/(R(i}ysd;4)yL:smi[,Check sum is  
train,2:[A7tJ	[8|QxXVyt9GA~NpmE$](/,Check sum is  
train,y~.a|>uj8Gy6<VJe%e/DMkMJnd>=~0<($6v,Check sum is )
train,"^L{?'?8M!fOB$;-5>Krc""j \/s.%j_q0h5--^-a-",Check sum is ]
train,"WLXzdK*,=]0ykd8b*}!V.MDCIzfm|K!K;d	E\;}-y/",Check sum is E
train,4Hn]>.w\]eqUe3~s,Check sum is 7
train,">.,,msZ@
KhI0lY`d+&zd*#a
Rs?4=*9k)lje_P<tQ+L5UX",Check sum is 4
train,"v2j>kohTUX?4
s.H* zfF|xcA9:c}d",Check sum is X
train,"(u~<)2SL?
JSCMH",Check sum is /
train,Hl&'w-?ti4jEB?,Check sum is E
train,"i(u{HFiH:K .jbCp*vHQ	iLK:2O=w3""s	5(%XXv[,uf",Check sum is >
train,"94RGLAbnp;v-h-tcJ[
.J!O(#IEd=f>E]_(1f$a|7o n	&(3",Check sum is 1
train,"d&5 h(L}<,LLFRm;(FhVye.Xu/1
Ka$eVZ$v']9E05_(dG",Check sum is _
train,"!~u7sWtBp,;78>/4nCgF\]?S2&",Check sum is S
train,"X1xr}0\236""<v{@@`_7YW","Check sum is ,"
train,w;<?z#X_Hr|vC-n#*S$,Check sum is /
train,"/>p2PEj>R$4^syf^u9r%]=-^.w!%5g<<,9]x?TJ",Check sum is $
train,"N}OWe^-`*VIy,;muQ	}',0IZ g^",Check sum is N
train,".zp='Q_I<<6-N
r",Check sum is :
train,:-uzF{J]T\z+y&c'\izDk6aMl-[]xJq{6 ?_9	0b,Check sum is 5
train,<k#I SDd,Check sum is N
train,f@,Check sum is F
train,"G5?& 7h'zg|j>H6V+B~=o}xvg^.4^VYSbiV
|",Check sum is 0
train,R.MeHuB_/2{&xMP%AO01GBD[{s%{v%L&yE1Q{-jn4#Xjc>+f,Check sum is +
train,ZJnZ ,"Check sum is ,"
train,`pZ1'2]aD7#&T#+vk1%,Check sum is /
train,"18Yiqxu
OC,(J<6\EV",Check sum is L
train,(;rlF3)s ,Check sum is V
train,"c*},ZaGZZ6b2qVW_;*",Check sum is 8
train,"$]wLo-EU5{RSTZ""R=REpL9qr@+NhIVBm$SCL$	$|QN]*~'",Check sum is J
train,"j\;2gZXtb?L.01P@`G
iDq`i4qAv1/{in",Check sum is R
train,"T8q	zN}z,/$CFyn!||D(j]/m&w;}c(ybkL=vBLfjL8sF6:6","Check sum is """
train,}(;bS\2/Qr.|23^hA6o?|;%V@N,Check sum is /
train,"X-,9 LZyD""Jwa+""?F4Ji
CdMDO#?(0PFeR3%L6=/giX",Check sum is P
train,"CH79L(GwrqN,|Al",Check sum is S
train,U-3fDqL[;;5^,Check sum is  
train,g#Gy*!]a~t|_ePi{'\y<0/@dzSj;ENy7KqetcF02,Check sum is )
train,"A>i%@'}BlwFM*CB,_J$Yd5\Qll4#1a\I""PP{9y]Ku{",Check sum is =
train,m2z?3&)+d|p,Check sum is 5
train,"Ue*.	(,H",Check sum is W
train,"""o9'x@*n;)GSzsf 38Iug> wMm~",Check sum is /
train,(4hlxZ\*_,Check sum is G
train,}l^[Eg^R	Nq0#MC<L{0Q'>]dZ6\,Check sum is _
train,"?B=47oBaLw5<dVyk,3m;%78j&TtZp*%FA[FTe3z:Xy",Check sum is R
train,E6&C\dbl5e,"Check sum is ,"
train,_=4QikRP:lH|_&aj,Check sum is 1
train,0=V=^Wvndkf6]'!M,Check sum is V
train,C& :Sa	Ig@$y,Check sum is -
train,^i7ANW.l8P9=$9xKGUY/,Check sum is  
train,"a#}8wE
/|\Y[\FBY*""8",Check sum is [
train,"!CZ73lP#Pr,Rh>!",Check sum is .
train,jK9C+,Check sum is <
train,@EM&ysY#.d$GX%]~L6Mq	tc}9AA6lGk?i{@,Check sum is $
train,"
!NIG86MCdolKCV2sDaas~y2_pnI&O *Q1zVEGu_j;T`",Check sum is !
train,"$~wMw5v`Jm{h|v?Y^r2_hBT-<+G,>Dsi<>|_=3I",Check sum is >
train,%0+P<1%MClKb%QI)WXWFm%#~:N;k5gG*a^}^F'x8/,Check sum is 3
train,'1hIu8e|d0x2	WNx@nb^{'UC:QWyf_W}.iSJx,Check sum is #
train,@|^h1+\-)KW^fmJfJWX-@vf}}p/r!XA%Tk\c,Check sum is ]
train,"P8h |)Jc*2QL'AGOf8*AkM&\JFSDuiI,u#WXQ7.(""5q",Check sum is #
train,F3b^v[pi,Check sum is C
train,"$,F|1;Ua .wY`FV85Kw
OZ]:M",Check sum is 4
train,"93LrF	k1U2RCp[Q/>f-?i_8q6IL,=nX'(R)M8zK
{A\3bw*s",Check sum is 6
train,",N;agso3g8Ln|CkEq.IN
ojbp",Check sum is %
train,u=8VXW;m6bMiUse^&ZYN#TOZSG	z>8y{32V4Ji0PEbS,Check sum is :
train,v9e,Check sum is 4
test, 3,Check sum is 3
test,9i,Check sum is B
test,Kg,Check sum is R
test,	;,Check sum is $
test,qd,Check sum is 5
test,Or,Check sum is !
test,<*,Check sum is F
test,F;,Check sum is !
test,F%,Check sum is K
test,M_,Check sum is L
test,%N,Check sum is S
test,Ep,Check sum is U
test,_*,Check sum is )
test,S6,Check sum is )
test,cj,Check sum is -
test,u{,Check sum is P
test,.a,Check sum is /
test,Wb,Check sum is Y
test,=t,Check sum is Q
test, `,Check sum is  
test,	},Check sum is &
test,2<,Check sum is N
test,#[,Check sum is ^
test,BE,Check sum is '
test,@v,Check sum is V
test,(	,Check sum is Q
test,Fe,Check sum is K
test,kO,Check sum is Z
test,6z,Check sum is P
test,}[,Check sum is 8
test,j	,Check sum is S
test,% ,Check sum is %
test,JZ,Check sum is D
test,7\,Check sum is 3
test,X(,Check sum is  
test,_;,Check sum is :
test,e0,Check sum is 5
test,aL,Check sum is M
test,da,Check sum is %
test,^	,Check sum is G
test,nM,Check sum is [
test,EB,Check sum is '
test,^W,Check sum is U
test,l=,Check sum is I
test,q1,Check sum is B
test,D),Check sum is M
test,44,Check sum is H
test,xq,Check sum is I
test,:],Check sum is 7
test,~~,Check sum is \
test,"""u",Check sum is 7
test,O`,Check sum is O
test,=M,Check sum is *
test,Ti,Check sum is ]
test,Zd,Check sum is ^
test,]8,Check sum is 5
test,Z(,"Check sum is """
test,:4,Check sum is N
test,1I,Check sum is Z
test,4m,Check sum is A
test,<e,Check sum is A
test,U/,Check sum is $
test,#F,Check sum is I
test,u\,Check sum is 1
test,U#,Check sum is X
test,dg,Check sum is +
test,6%,Check sum is ;
test,qX,Check sum is )
test,$J,Check sum is N
test,N?,Check sum is -
test,#=,Check sum is @
test,1E,Check sum is V
test,((,Check sum is 0
test,k%,Check sum is 0
test,+c,Check sum is .
test,3~,Check sum is Q
test,N;,Check sum is )
test,uA,Check sum is V
test,PU,Check sum is E
test,*1,Check sum is ;
test,Xc,Check sum is [
test,i3,Check sum is <
test,.p,Check sum is >
test,_u,Check sum is 4
test,FW,Check sum is =
test,"""r",Check sum is 4
test,8H,Check sum is  
test,"\""",Check sum is ^
test,G/,Check sum is V
test,&Q,Check sum is W
test,;4,Check sum is O
test,WM,Check sum is D
test,tA,Check sum is U
test,_6,Check sum is 5
test,P8,Check sum is (
test,%2,Check sum is 7
test,ua,Check sum is 6
test,ZQ,Check sum is K
test,7l,Check sum is C
test,=b,Check sum is ?
test,K1,Check sum is \
test,dp,Check sum is 4
test,V),Check sum is _
test,/y,Check sum is H
test,%5,Check sum is :
test,!4,Check sum is 5
test,u|,Check sum is Q
test,b0,Check sum is 2
test,F6,Check sum is \
test,-.,Check sum is ;
test,aT,Check sum is U
test,"
b",Check sum is L
test,'q,Check sum is 8
test,__,Check sum is ^
test,:?,Check sum is Y
test,(!,Check sum is )
test,G@,Check sum is '
test,RW,Check sum is I
test,k?,Check sum is J
test,e1,Check sum is 6
test,_*,Check sum is )
test,r\,Check sum is .
test,z},Check sum is W
test,Iu,Check sum is ^
test,i},Check sum is F
test,]g,Check sum is $
test,Z\,Check sum is V
test,n~,Check sum is L
test,jS,Check sum is ]
test,?6,Check sum is U
test,[n,Check sum is )
test,xy,Check sum is Q
test,"""E",Check sum is G
test,`s,Check sum is 3
test,q=,Check sum is N
test,cm,Check sum is 0
test,_9,Check sum is 8
test,cY,Check sum is \
test,8x,Check sum is P
test,}`,Check sum is =
test,Z-,Check sum is '
test,Cg,Check sum is J
test,"Q,",Check sum is ]
test,T&,Check sum is Z
test,",
",Check sum is V
test,h=,Check sum is E
test,QX,Check sum is I
test,uG,Check sum is \
test,6h,Check sum is >
test,9{,Check sum is T
test,r.,Check sum is @
test,;b,Check sum is =
test,In,Check sum is W
test,fG,Check sum is M
test,~i,Check sum is G
test,To,Check sum is #
test,S3,Check sum is &
test,Wp,Check sum is '
test,^@,Check sum is >
test,ao,Check sum is 0
test,q>,Check sum is O
test,k	,Check sum is T
test,]a,Check sum is ^
test,GV,Check sum is =
test,up,Check sum is E
test,D*,Check sum is N
test,un,Check sum is C
test,%E,Check sum is J
test,@z,Check sum is Z
test,"""l",Check sum is .
test,/',Check sum is 6
test,3],Check sum is 0
test,^$,"Check sum is """
test,AC,Check sum is $
test,g<,Check sum is C
test,iB,Check sum is K
test,\j,Check sum is &
test,_@,Check sum is ?
test,|M,Check sum is )
test,Y;,Check sum is 4
test,'L,Check sum is S
test,'',Check sum is .
test,/ ,Check sum is /
test,bz,Check sum is <
test,:K,Check sum is %
test,mr,Check sum is ?
test,K=,Check sum is (
test,"O,",Check sum is [
test,Xi,Check sum is !
test,Xw,Check sum is /
test,F`,Check sum is F
test,ol,Check sum is ;
test,}h,Check sum is E
test,``,Check sum is  
test,	V,Check sum is ?
test,.e,Check sum is 3
test,~B,Check sum is  
test,Du,Check sum is Y
test,M%,Check sum is R
test,;	,Check sum is $
test,zq,Check sum is K
test,cm,Check sum is 0
test,ud,Check sum is 9
test,:i,Check sum is C
test,M2,Check sum is _
test,Q<,Check sum is -
test,%m,Check sum is 2
test,I0,Check sum is Y
test,=%,Check sum is B
test,F|,"Check sum is """
test,$_,Check sum is #
test,Sd,Check sum is W
test,dr,Check sum is 6
test,Qz,Check sum is +
test,M|,Check sum is )
test,@Z,Check sum is :
test,Ru,Check sum is '
test,GQ,Check sum is 8
test,op,Check sum is ?
test,OQ,Check sum is @
test,yN,Check sum is '
test,Y4,Check sum is -
test,o	,Check sum is X
test,8[,Check sum is 3
test,Ij,Check sum is S
test,\y,Check sum is 5
test,uk,Check sum is @
test,;|,Check sum is W
test,_l,Check sum is +
test,xN,Check sum is &
test,@V,Check sum is 6
test,&r,Check sum is 8
test,DT,Check sum is 8
test,58,Check sum is M
test,KC,Check sum is .
test,.3,Check sum is A
test,GI,Check sum is 0
test,?p,Check sum is O
test,c},Check sum is @
test,yj,Check sum is C
test,nw,Check sum is E
test,zH,"Check sum is """
test,r},Check sum is O
test,A5,Check sum is V
test,+',Check sum is 2
test,'h,Check sum is /
test,=V,Check sum is 3
test,/],"Check sum is ,"
test,;z,Check sum is U
test,wu,Check sum is L
test,)N,Check sum is W
test,s#,Check sum is 6
test,Y~,Check sum is 7
test,G	,Check sum is 0
test,"
>",Check sum is (
test,:l,Check sum is F
test,u7,Check sum is L
test,U-,"Check sum is """
test,NI,Check sum is 7
test,l.,Check sum is :
test,lO,Check sum is [
test,k#,Check sum is .
test,l.,Check sum is :
test,:{,Check sum is U
test,X5,Check sum is -
test,WY,Check sum is P
test,u ,Check sum is 5
test,|A,Check sum is ]
test,Ie,Check sum is N
test,n@,Check sum is N
test,{1,Check sum is L
test,"g
",Check sum is Q
test,oo,Check sum is >
test,L;,Check sum is '
test,Bp,Check sum is R
test,]+,Check sum is (
test,UJ,Check sum is ?
test,\n,Check sum is *
test,* ,Check sum is *
test,5F,Check sum is [
test,iJ,Check sum is S
test,)(,Check sum is 1
test,M\,Check sum is I
test,"""E",Check sum is G
test,-Q,Check sum is ^
test,V#,Check sum is Y
test,Ma,Check sum is N
test,BQ,Check sum is 3
test,pm,Check sum is =
test,@C,Check sum is #
test,!},Check sum is >
test,]\,Check sum is Y
test,!r,Check sum is 3
test,np,Check sum is >
test,7n,Check sum is E
test,zB,Check sum is \
test,7h,Check sum is ?
test,H	,Check sum is 1
test,AX,Check sum is 9
test,Zm,Check sum is '
test,c|,Check sum is ?
test,PS,Check sum is C
test,8a,Check sum is 9
test,zx,Check sum is R
test,>f,Check sum is D
test,qo,Check sum is @
test,c?,Check sum is B
test,6`,Check sum is 6
test,:T,Check sum is .
test,b3,Check sum is 5
test,[l,Check sum is '
test,]~,Check sum is ;
test,",;",Check sum is G
test,i?,Check sum is H
test,i4,Check sum is =
test,Qa,Check sum is R
test,8I,Check sum is !
test,y$,Check sum is =
test,=^,Check sum is ;
test,"1""",Check sum is 3
test,tn,Check sum is B
test,7C,Check sum is Z
test,`E,Check sum is E
test,1w,Check sum is H
test,0<,Check sum is L
test,F0,Check sum is V
test,/S,"Check sum is """
test,f%,Check sum is +
test,9y,Check sum is R
test,36,Check sum is I
test,pK,Check sum is [
test,TI,Check sum is =
test,U',Check sum is \
test,}Y,Check sum is 6
test,$y,Check sum is =
test,\y,Check sum is 5
test,JQ,Check sum is ;
test,x+,Check sum is C
test,ra,Check sum is 3
test,0O,Check sum is _
test,i8,Check sum is A
test,*4,Check sum is >
test,9h,Check sum is A
test,Fc,Check sum is I
test,=',Check sum is D
test,"
1",Check sum is [
test, c,Check sum is #
test,~B,Check sum is  
test,f*,Check sum is 0
test,{',Check sum is B
test,	h,Check sum is Q
test,;z,Check sum is U
test,">
",Check sum is (
test,zo,Check sum is I
test,1|,Check sum is M
test,^l,Check sum is *
test,X&,Check sum is ^
test,<%,Check sum is A
test,^9,Check sum is 7
test,xx,Check sum is P
test,Y~,Check sum is 7
test,}7,Check sum is T
test,mU,"Check sum is """
test,f$,Check sum is *
test,)9,Check sum is B
test,2B,Check sum is T
test,"
0",Check sum is Z
test,r3,Check sum is E
test,)d,Check sum is -
test,{],Check sum is 8
test,uW,"Check sum is ,"
test,tF,Check sum is Z
test,3j,Check sum is =
test,KL,Check sum is 7
test,8J,"Check sum is """
test,`J,Check sum is J
test,OP,Check sum is ?
test,LD,Check sum is 0
test,?p,Check sum is O
test,~e,Check sum is C
test,Cu,Check sum is X
test,4e,Check sum is 9
test,P ,Check sum is P
test,`Q,Check sum is Q
test,?_,Check sum is >
test,Ue,Check sum is Z
test,ly,Check sum is E
test,3W,Check sum is *
test,+U,Check sum is  
test,N~,"Check sum is ,"
test,<D,Check sum is  
test,yP,Check sum is )
test,b+,Check sum is -
test,G>,Check sum is %
test,||,Check sum is X
test,#M,Check sum is P
test,jc,Check sum is -
test,@O,Check sum is /
test,AT,Check sum is 5
test,[V,Check sum is Q
test,I@,Check sum is )
test,7:,Check sum is Q
test,t\,Check sum is 0
test,SL,Check sum is ?
test,Cj,Check sum is M
test,z\,Check sum is 6
test,a3,Check sum is 4
test,"""l",Check sum is .
test,t],Check sum is 1
test,oP,Check sum is _
test,Is,Check sum is \
test,rK,Check sum is ]
test,vd,Check sum is :
test,)6,Check sum is ?
test,tT,Check sum is (
test,QC,Check sum is 4
test,OB,Check sum is 1
test,GU,Check sum is <
test,<Z,Check sum is 6
test,'#,Check sum is *
test,/K,Check sum is Z
test,C	,"Check sum is ,"
test,18,Check sum is I
test,uJ,Check sum is _
test,Be,Check sum is G
test,M?,"Check sum is ,"
test,x~,Check sum is V
test,7u,Check sum is L
test,|E,Check sum is !
test,I!,Check sum is J
test,VN,Check sum is D
test,o@,Check sum is O
test,oz,Check sum is I
test,&/,Check sum is 5
test,X.,Check sum is &
test,>P,Check sum is .
test,Le,Check sum is Q
test,Py,Check sum is )
test,21,Check sum is C
test,\!,Check sum is ]
test,te,Check sum is 9
test,",$",Check sum is 0
test,M\,Check sum is I
test,VK,Check sum is A
test,;3,Check sum is N
test,A2,Check sum is S
test,	},Check sum is &
test,*N,Check sum is X
test,(k,Check sum is 3
test,@&,Check sum is F
test,qT,Check sum is %
test,g_,Check sum is &
test,aA,Check sum is B
test,u6,Check sum is K
test,bK,Check sum is M
test,s-,Check sum is @
test,Q&,Check sum is W
test,b>,Check sum is @
test,"6""",Check sum is 8
test,gM,Check sum is T
test,"x
","Check sum is """
test,xk,Check sum is C
test,F/,Check sum is U
test,=B,Check sum is _
test,}f,Check sum is C
test,f3,Check sum is 9
test,'O,Check sum is V
test, K,Check sum is K
test,y:,Check sum is S
test,Dk,Check sum is O
test,/@,Check sum is O
test,R8,Check sum is *
test,1G,Check sum is X
test,%m,Check sum is 2
test,!s,Check sum is 4
test,;f,Check sum is A
test,w1,Check sum is H
test,8M,Check sum is %
test,-x,Check sum is E
test,2&,Check sum is 8
test,|c,Check sum is ?
test,mO,Check sum is \
test,Bq,Check sum is S
test,Q;,"Check sum is ,"
test,p9,Check sum is I
test,en,Check sum is 3
test,NZ,Check sum is H
test,+\,Check sum is '
test,>$,Check sum is B
test,#?,Check sum is B
test,Jp,Check sum is Z
test,Tt,Check sum is (
test,I9,"Check sum is """
test,"
b",Check sum is L
test,gg,Check sum is .
test,k@,Check sum is K
test,"_""",Check sum is !
test,3+,Check sum is >
test,:6,Check sum is P
test,69,Check sum is O
test,"""'7",Check sum is  
test,@Br,Check sum is T
test,+I ,Check sum is 4
test,v?r,Check sum is G
test,I0M,Check sum is &
test,<:H,Check sum is ^
test,~9 ,Check sum is 7
test,`zE,Check sum is ?
test,!Uv,Check sum is L
test,qAW,Check sum is )
test,oDH,Check sum is [
test,z*.,Check sum is 2
test,E	`,Check sum is N
test,PCW,Check sum is J
test,c]J,Check sum is *
test,l_m,Check sum is X
test,=}`,Check sum is :
test,"Nn""",Check sum is >
test,2p#,Check sum is %
test,@e},Check sum is B
test,?./,Check sum is <
test,x>%,Check sum is ;
test,FRe,Check sum is ]
test,2yR,Check sum is ]
test,go',Check sum is ]
test,HTB,Check sum is >
test,q[2,Check sum is ^
test,RLJ,Check sum is H
test,JrU,Check sum is 1
test,|UL,Check sum is =
test,Dz%,Check sum is C
test,{Z#,Check sum is X
test,K[(,Check sum is .
test,R>a,Check sum is Q
test,Kfj,Check sum is ;
test,gY`,Check sum is @
test,s|*,Check sum is 9
test,lCQ,Check sum is  
test,<_Z,Check sum is U
test,_`r,Check sum is Q
test,(-5,Check sum is *
test,":,f","Check sum is ,"
test,!4M,Check sum is B
test,7Uh,Check sum is T
test,jKU,Check sum is *
test,+{i,Check sum is /
test,"q(,",Check sum is %
test,-OR,Check sum is .
test,j? ,Check sum is )
test,s~b,Check sum is 3
test,"&v""",Check sum is ^
test,DJ{,Check sum is )
test,r}F,Check sum is U
test,K8(,Check sum is K
test,r^N,Check sum is >
test,hC#,Check sum is .
test,!'d,Check sum is L
test,ODM,Check sum is @
test,~5',Check sum is :
test,Yt4,Check sum is !
test,F5s,Check sum is N
test,8d?,Check sum is ;
test,;/%,Check sum is /
test,pGZ,Check sum is 1
test,PiJ,Check sum is #
test,", """,Check sum is N
test,",:=",Check sum is C
test,GR_,Check sum is X
test,FLn,Check sum is  
test,iWN,Check sum is .
test,RGX,Check sum is Q
test,tix,Check sum is 5
test,&*e,Check sum is U
test,JCV,Check sum is C
test,IgH,Check sum is X
test,)I	,Check sum is [
test,BVA,Check sum is 9
test,a(f,Check sum is O
test,IJR,Check sum is E
test,$$@,Check sum is (
test,f:Q,Check sum is Q
test,79d,Check sum is 4
test,"r""C",Check sum is 7
test,:aL,Check sum is G
test,P07,Check sum is W
test,<;8,Check sum is O
test,s+_,Check sum is ]
test,hjq,Check sum is #
test,:(6,Check sum is 8
test,(<j,Check sum is .
test,{.c,"Check sum is ,"
test,L*!,Check sum is 7
test, #C,Check sum is &
test,D8w,Check sum is S
test,?A ,Check sum is @
test," ,~",Check sum is *
test,2%c,Check sum is Z
test,|45,Check sum is E
test,&-u,Check sum is (
test,6GZ,Check sum is 7
test,yNV,Check sum is =
test,6'h,Check sum is %
test,Sj5,Check sum is R
test,9}:,Check sum is P
test,p]t,Check sum is !
test,"4P""",Check sum is F
test,"d\""",Check sum is B
test,[~	,Check sum is B
test,)Nx,Check sum is O
test,;B#,Check sum is @
test,"-
>",Check sum is U
test,"(A,",Check sum is 5
test,8Qa,Check sum is J
test,|]r,Check sum is +
test,{KF,"Check sum is ,"
test,eur,"Check sum is ,"
test,|:o,Check sum is E
test,d-*,Check sum is [
test,cU$,Check sum is <
test,0'S,Check sum is J
test,k.\,Check sum is U
test,e+R,Check sum is B
test,P<>,Check sum is *
test,vXn,Check sum is \
test,%DW,Check sum is  
test,SZL,Check sum is Y
test,{m$,"Check sum is ,"
test,C-|,Check sum is L
test,M%	,Check sum is [
test,ZW8,Check sum is I
test,#?n,Check sum is 0
test,cPw,Check sum is J
test,A!`,"Check sum is """
test,{e@,Check sum is @
test,q6@,Check sum is G
test,-p?,Check sum is <
test,LK;,Check sum is 2
test,i%7,Check sum is %
test,SBO,Check sum is D
test,1 y,Check sum is *
test,l	(,Check sum is =
test,$#q,Check sum is X
test,>G1,Check sum is V
test,"
""T",Check sum is  
test,x%^,Check sum is [
test,'L ,Check sum is 3
test,t.:,Check sum is <
test,":,D",Check sum is J
test,D3f,Check sum is =
test,_'m,Check sum is S
test,t/=,Check sum is @
test,"wk,",Check sum is .
test,UT6,Check sum is ?
test,h5|,Check sum is 9
test,4RG,Check sum is -
test,d/T,Check sum is G
test,"
EF",Check sum is 5
test,^bX,Check sum is 8
test,)px,Check sum is 1
test,"Z,f",Check sum is L
test,p(?,Check sum is 7
test,>|D,Check sum is ^
test,"O>
",Check sum is 7
test,_Ti,Check sum is <
test,lZj,Check sum is P
test,{_3,Check sum is -
test,"0
:",Check sum is T
test,;g2,Check sum is 4
test,YR`,Check sum is +
test,$4%,Check sum is ]
test,bBw,Check sum is ;
test,P{X,Check sum is C
test,u1^,Check sum is $
test,xO`,Check sum is G
test,[t?,Check sum is .
test,xua,Check sum is .
test,xlh,"Check sum is ,"
test,_r*,Check sum is [
test,|=x,Check sum is Q
test,ooZ,Check sum is X
test,~Je,Check sum is M
test,DI0,Check sum is ]
test,;_.,Check sum is (
test,; q,"Check sum is ,"
test,Kq:,Check sum is V
test,LzS,Check sum is 9
test,X1n,Check sum is W
test, rV,Check sum is H
test,1%Y,Check sum is O
test,msa,Check sum is !
test,&}H,Check sum is K
test,A]7,Check sum is 5
test,C W,Check sum is Z
test,??A,Check sum is _
test,Fmp,Check sum is C
test,Mn$,Check sum is ?
test,a)Z,Check sum is D
test,yRk,Check sum is V
test,4jt,Check sum is 2
test,i$#,Check sum is P
test,gxE,Check sum is D
test,Va5,Check sum is L
test,mH[,Check sum is 0
test,p=L,Check sum is Y
test,?*M,Check sum is V
test,"%7
",Check sum is F
test,XGz,Check sum is 9
test,Pn<,Check sum is Z
test,jI_,Check sum is 2
test,>@<,Check sum is Z
test,hv|,Check sum is :
test,\wo,"Check sum is """
test,|Ni,Check sum is S
test,@Q=,Check sum is .
test,6.1,Check sum is 5
test,cmL,Check sum is <
test,ED^,Check sum is G
test,9v4,Check sum is C
test,<J>,Check sum is $
test,WSN,Check sum is X
test,i$u,"Check sum is """
test,OJC,Check sum is <
test,LX4,Check sum is 8
test,W\@,Check sum is S
test,((E,Check sum is 5
test,"+'
",Check sum is <
test,"qe""",Check sum is X
test,;\7,Check sum is .
test,mai,Check sum is W
test,"e
-",Check sum is <
test,=aj,Check sum is (
test,"9e""",Check sum is  
test,HsM,Check sum is (
test,_M{,Check sum is G
test,4)P,Check sum is M
test,Ho-,Check sum is D
test,{me,Check sum is -
test,Zu2,Check sum is !
test,Ai	,Check sum is S
test,W~*,Check sum is _
test,Z#a,Check sum is >
test,+13,Check sum is /
test,"R""Q",Check sum is %
test,	ub,Check sum is @
test,b &,Check sum is H
test,H^-,Check sum is 3
test,?Nm,Check sum is Z
test,UCA,Check sum is 9
test,`<>,Check sum is :
test,{~K,Check sum is $
test,|Cy,Check sum is X
test,[`8,Check sum is S
test,U7X,Check sum is D
test,WsT,Check sum is >
test,V~\,Check sum is P
test,$:&,Check sum is $
test,"G
x",Check sum is )
test,6k;,Check sum is <
test,+}y,Check sum is A
test,'N_,Check sum is 4
test,	|9,Check sum is ^
test,xa@,Check sum is 9
test,./r,Check sum is /
test,}{ ,Check sum is 8
test,8u},Check sum is J
test,^S',Check sum is 8
test,?pr,Check sum is A
test,{Wi,Check sum is [
test,!Ws,Check sum is K
test,9m6,Check sum is <
test,5{	,Check sum is Y
test,]VX,Check sum is +
test,w$O,Check sum is J
test,:%(,Check sum is '
test,s0{,Check sum is >
test,vHT,Check sum is 2
test,~_b,Check sum is _
test,J.$,Check sum is <
test,3O{,Check sum is ]
test,2O1,Check sum is R
test,;|9,Check sum is P
test,+Dg,Check sum is 6
test,%z9,Check sum is 8
test,;}n,Check sum is F
test,/Q],Check sum is =
test,+8},Check sum is @
test,^:|,Check sum is 4
test,>Hj,Check sum is P
test,~(=,Check sum is C
test,RyL,Check sum is 7
test,TA},Check sum is 2
test,f:m,Check sum is -
test,2<j,Check sum is 8
test,"S,&",Check sum is E
test,0K<,Check sum is W
test,4{R,Check sum is !
test,"u""3",Check sum is *
test,q_{,Check sum is +
test,z!\,Check sum is W
test,"M,F",Check sum is _
test,P==,Check sum is *
test,};s,Check sum is K
test,"k""""",Check sum is O
test,Lr#,Check sum is A
test,Z8w,Check sum is )
test,gQ+,Check sum is C
test,>=c,Check sum is >
test,\K#,Check sum is *
test,J/[,Check sum is 4
test,yMB,Check sum is (
test,DPw,Check sum is +
test,k?J,Check sum is T
test,c)^,Check sum is J
test,"
(u",Check sum is G
test, [7,Check sum is R
test,^UP,Check sum is #
test,R5`,Check sum is G
test,b&A,Check sum is )
test,<Y!,Check sum is V
test,"R,Q",Check sum is /
test,T|6,Check sum is &
test,JK=,Check sum is 2
test,"
K~",Check sum is 3
test,W#c,Check sum is =
test,"""TK",Check sum is !
test,;33,Check sum is A
test,Ak],Check sum is )
test,FSq,Check sum is *
test,U_t,Check sum is H
test,eLS,Check sum is $
test,n1v,Check sum is 5
test,?f?,Check sum is D
test,5Pd,Check sum is I
test,hbk,Check sum is U
test,jnl,Check sum is $
test,j-H,Check sum is ?
test,8.:,Check sum is @
test,"~""O",Check sum is O
test,"""cM",Check sum is 2
test,""",Q",Check sum is ?
test,NiC,Check sum is Z
test,q}j,Check sum is 8
test,)\J,Check sum is /
test,?CB,Check sum is $
test,U t,Check sum is I
test,Y\;,Check sum is P
test,?6~,Check sum is S
test,;~N,Check sum is '
test,x<:,Check sum is N
test,ZlS,Check sum is 9
test,PI?,Check sum is 8
test,'G/,Check sum is =
test,;p^,Check sum is )
test, sO,Check sum is B
test,^U|,Check sum is O
test,9zA,Check sum is T
test,VhG,Check sum is %
test,.NR,Check sum is .
test,7J>,Check sum is _
test,QH3,"Check sum is ,"
test,)$&,Check sum is S
test,)X>,Check sum is _
test,;_0,Check sum is *
test,Vjt,Check sum is T
test,NLL,Check sum is F
test,W=w,Check sum is +
test,]$|,Check sum is ]
test,n]%,Check sum is P
test,]39,Check sum is )
test,^FC,Check sum is G
test,j*Y,Check sum is M
test,}{M,Check sum is %
test,zka,Check sum is &
test,<N?,Check sum is )
test,rui,Check sum is 0
test,*.a,Check sum is Y
test,YU^,"Check sum is ,"
test,3$Q,Check sum is H
test,L9M,Check sum is 2
test,jC@,Check sum is M
test,"4P""",Check sum is F
test,"u
c",Check sum is B
test,{pT,Check sum is _
test,",]h",Check sum is Q
test,)YH,Check sum is *
test,l(#,Check sum is W
test,ghR,Check sum is A
test,"p'
",Check sum is A
test,)P;,Check sum is T
test,+L/,Check sum is F
test,/oK,Check sum is I
test,Gxe,Check sum is D
test,yV\,Check sum is K
test,Cw-,Check sum is G
test,v6u,Check sum is A
test,c&:,Check sum is #
test,'EO,Check sum is [
test,p~D,Check sum is R
test,+q0,"Check sum is ,"
test,Lb3,Check sum is A
test,"<,~",Check sum is F
test,+h=,Check sum is 0
test,FCY,Check sum is B
test,>[T,Check sum is M
test,ur^,Check sum is %
test,3<~,Check sum is M
test,8jA,Check sum is C
test,h_2,Check sum is Y
test,6vF,Check sum is R
test,}I3,Check sum is Y
test,Sl*,Check sum is I
test,nwE,Check sum is J
test,Ei-,Check sum is ;
test,"k,h",Check sum is _
test,PSC,Check sum is F
test,PIA,Check sum is :
test,#+-,Check sum is [
test,@JV,Check sum is @
test,+e0,Check sum is  
test,B(+,Check sum is 5
test,R{~,Check sum is +
test,kH+,Check sum is >
test,UM`,"Check sum is """
test,mtt,Check sum is 5
test,xcT,Check sum is O
test,?K],Check sum is G
test,zJ@,Check sum is $
test,{]&,Check sum is ^
test,5:_,Check sum is .
test,j*',Check sum is [
test,g5[,Check sum is W
test,!+c,Check sum is O
test,[^b,Check sum is ;
test,8RQ,Check sum is ;
test,8/g,Check sum is .
test,	GN,Check sum is >
test,D9Y,Check sum is 6
test,nB&,Check sum is 6
test,X!S,"Check sum is ,"
test,;xi,Check sum is <
test,)8Z,Check sum is [
test,kh!,Check sum is T
test,dMA,Check sum is R
test,nUG,Check sum is *
test,N!g,Check sum is 6
test,Ukx,Check sum is X
test,ywW,Check sum is '
test,RCJ,Check sum is ?
test,(ZC,Check sum is %
test,vmd,Check sum is '
test,wML,Check sum is 0
test,6B),Check sum is A
test,(12,Check sum is +
test,X|V,Check sum is J
test,tSI,Check sum is 0
test,{.!,Check sum is *
test,Ho',Check sum is >
test,3Hk,Check sum is F
test,>)P,Check sum is W
test,+E],Check sum is -
test,[sC,Check sum is 1
test,PDf,Check sum is Z
test,*D?,Check sum is M
test,"
D5",Check sum is #
test,WUi,Check sum is 5
test,xH_,Check sum is ?
test,$r},Check sum is 3
test,"E
q",Check sum is  
test,.0L,Check sum is J
test,D/F,Check sum is Y
test,?o4,Check sum is B
test,8C!,Check sum is <
test,SOA,Check sum is C
test,BYn,Check sum is )
test,LHa,Check sum is U
test,4~K,Check sum is ]
test, ak,Check sum is L
test,{O ,Check sum is J
test,YK/,Check sum is 3
test,~;_,Check sum is 8
test,bss,Check sum is (
test,PQ%,Check sum is &
test,rc%,Check sum is Z
test,z?S,"Check sum is ,"
test,(2i,Check sum is #
test,^jJ,Check sum is 2
test,(_t,Check sum is [
test,lnI,Check sum is C
test,8A1,Check sum is J
test,\N ,Check sum is *
test,XVH,Check sum is V
test,F6;,Check sum is W
test,oxw,Check sum is >
test,bnU,Check sum is E
test,p:',Check sum is 1
test,8A%,Check sum is >
test,"g
,",Check sum is =
test,Qg$,Check sum is <
test,iqU,Check sum is O
test,W$^,Check sum is 9
test,xiM_PQ/l$0!.	{E*yMXNT[VQG'T/8	Q 3tHVmTXX5Y,Check sum is (
test,ekeFU~:!~{lE%BLez 8~,Check sum is [
test,"C}jpal}Ev0mF5sw{nf~=^$`skK~93W9MsYbY43#k;tN,..n",Check sum is L
test,"A+e(v=
!P4.B8nR]kW2okBck,url95""H(#}rgLVfBx",Check sum is X
test,BIZ#;$	m~o,Check sum is *
test,#k),Check sum is W
test,"Fm<""?OYf[PW'gU}_/f9qE-gjo;,t-b\r$?A|~X",Check sum is ^
test,qZ#oe=eK\EfbjHm0`&sd_o+a]R{3J&cfqo,Check sum is 4
test,"C9""6f*
J{>x""$FeIQqDo+=VQ%K$P0Z1]+U8IJk;>eH<xpff[",Check sum is *
test,>y9exlu4%_j%76x<]k2U-WUm)~,Check sum is 2
test,p#,Check sum is 3
test,nk'\\&INp8S32DnUV)@QQr@C,Check sum is R
test,"@b``LPJW H4<x,OeiH,\\9h(~QSn!;*bNhanTKRa*]",Check sum is #
test,CW7Y2w$\GJ{:,Check sum is 9
test,fpP^.;!Q,Check sum is ?
test,"d [Ngb?)X%""LFs5[3JP",Check sum is ?
test,akhvAfcE^oZjIxnp(yYoVG15o-J6T8`3[y(x,Check sum is $
test,.6WA.R,Check sum is \
test,"8V^""\|t	7	j`r
",Check sum is I
test,"#uJ),227L	jaytiFM%$}PGkL
*(VZutl?ubtHMb",Check sum is 1
test,"Y#^;sUI<*P`g	_h&Z WB^hCv#A7hQ%$q:z
qUV!e",Check sum is 9
test,"
tD i3;}U;|WCK!4.d*q^Z}",Check sum is >
test,]%xHAE=?<;LSzm5v{f5Kx,Check sum is %
test,DEP!B]*V,Check sum is 9
test,"fUA)l*n!4f6zO(y&?""i	+<Q",Check sum is U
test,lEs_/DD=}rIngCZ:}#-A%Om[l~vwA&JI,Check sum is V
test,Z?t0i[IgF*} nc,Check sum is /
test,"qY""S9",Check sum is X
test,)yH,Check sum is J
test,"DpODg8Ai_{i,u@]!	G:bn>n40+""Ksw=qj_X{%Bv",Check sum is %
test,Q5}+5xB&tLk+(A]TH&M,Check sum is N
test,_aUab4ss>A_^j&7N-Gf@`)kvor&{B?	)8K;L$9H_X,Check sum is B
test,l+&j_x1`BqPnk[Zv?I{,Check sum is 9
test,"UvX[u .7G0X(
",Check sum is Y
test,"]	X{DiId69QxQ/x2Ka,g<ehwvL",Check sum is V
test,"lr =dHXjzj/?Vuf+#&y<,ab
DsmkD,M;H4=N6}J]|
P5'07As",Check sum is #
test,}m^TxK,Check sum is ?
test,"|p@kZ
n,TH0vt9}9n$RYWp|80Q7",Check sum is J
test,\B,Check sum is >
test,"lcfPmcuk>M3Gg]Ca,_r""zt#3/W6	Zl",Check sum is 0
test,")'QK`2s^x%mDG@j/*1"":Y#o5)QH3a;~",Check sum is C
test,QjWgYvf0U,Check sum is S
test,"J+~\xtkk *
>F:Qdb5[1U$z*nxGi~i-W",Check sum is 9
test,jYT),Check sum is  
test,"tw>27]q2`uTtzTi_m@h=f;AtL<=*7+""+NRzt|\*WF_	/jry""",Check sum is &
test,";pH#}+V""Lxq|d	=J9{\hMZ,`)A]Iwi",Check sum is V
test,"Cb
'xV6%P83Y{""~E,;C|^A$",Check sum is <
test,C\~c?@-90{gxqnA5byZ|	iEMn'H?Mija	atjw,Check sum is 5
test,{hKwAv,Check sum is <
test,"@Yq9Fr<<Ir.leyfkR6^/LGy]KcN^hdraQe`V&7.vZ"",",Check sum is #
test,"n
e]pc5E(sRdA|Ug",Check sum is 1
test, i^KD;6Z,Check sum is !
test,"@zQ~eI1z`THE?uh+)$DVKB""@reKB\c3?nR*{DV_0%h",Check sum is P
test,"n?_8;E'=nfAf\|$4p%9*7""C`M^alr6L""5T+~xAYQx",Check sum is B
test,<=k#r9,Check sum is R
test,f3Anz&&),Check sum is W
test,"KM
Fw|:@G_I""(8tA:pxw>LRWm!VB",Check sum is M
test,Ep'GhXY'(10!<4J/\{[N	Mf^&=rZs'u,Check sum is .
test,/pk08,Check sum is R
test,oHo`*yn,Check sum is 7
test,iUdLq%c,Check sum is G
test,d>MQ\I9,Check sum is >
test,K:Unp0FmJ9XCnLfJPvp`4u]cL55/7r{U306Ol3!sq)tZw,Check sum is Z
test,"VtN:ArP
E
}>(?}iN%fz+z?EXh^y&",Check sum is O
test,"qs}| =I+b:N5[5
U]g^.BM;8n4
+G](slV|\t':ur)sD8r]R",Check sum is S
test,7S2$n]D)P;t0/R:,"Check sum is """
test,"V.EVB(Aa|j4uSM(UW9_#|$H*@,oN/K<\CC#=}S",Check sum is L
test,o^GMh],Check sum is F
test,"]_OPr,? ;D",Check sum is 7
test,&q@&a03D(]=Z)#?PJt*,Check sum is D
test,$%P6FR&=%qWRa!??(2,Check sum is C
test,Rg1jJ%uR)nu;JgI(A/eK_$s3jcz+ZOFX,Check sum is U
test, Tw\vSXm4GRpyi=UGPM>-a;T{&$,Check sum is *
test,]:CoV,Check sum is ?
test,]/Ih,Check sum is ]
test,"?j0@CTQIR:G;+h^$nSjA!yG0\iO\""ybF3DWpr",Check sum is -
test,"#t	*SB].""!`Vs^nJJ+0U[D'TaixZf!?'0o*k46i_E[2",Check sum is !
test,"U@_{(wS8&P'9^k9?`Ohm;8(-]zls>+_""!'moFtu{o?q%s",Check sum is A
test,"Fl*-C=*K+FTD4K>+"">W0qD*s$~oR<& ""iL..fkx*Aj",Check sum is >
test,N.c-C&PGjE!95:.u}}BUCI%6rq`9P	TyBQwufHNR;vwR(<J),Check sum is ?
test,zm6!,Check sum is ^
test,"4zWWgmFpW	@\RQu<?	?Q$Fz lTnTb""}.hla:3i%vL,uA0Q1c<+",Check sum is 3
test,&u:%pDOnpTvM)9yfp*_*=PVl*K,Check sum is :
test,7/=h;Fc[h=5Zz$+0t		!tBhO .Wty0p}90jZg|,Check sum is *
test,`r7Q%}Ei}=7oD%iXLh,Check sum is H
test,>;2aduNe.oW|$8Q~A*UA^0%&QogGhhyp@,Check sum is T
test,efdBH#[@,Check sum is W
test,"`HS=MIeO,2Nr
Y0VLM:=2:3-H<EPIBA_bm.l!I(xA3+>",Check sum is Y
test,"
{a\OMd>ly&	|:M/`.M{E0S@ayxap1",Check sum is X
test,"?""C*xY~j}[6P#3r\9'g,e",Check sum is A
test,"!0svPPoF?<,T|0E",Check sum is [
test,",i-L.",Check sum is \
test,9>(bZsnNAoFEB50.<`I	,Check sum is (
test,"{uOC)=O7n!dsxEv?{1'E|J +t8xk4Z""-O+.@T""^5\=_""Di",Check sum is 3
test,"k8=l!>k[n#3Xz_8""(-#bjf`x2o4i~E1Qr@+W8T4y",Check sum is R
test,"8mo^D[Bn0u?*6t6bq`JTYjcxMr""P\0I4-nICY",Check sum is 8
test,"R_}9>)PWb!<c+fc
%wMsZJ)b@T:7",Check sum is E
test,"ziHg9~24)iF?l4:k\S}M;w`x}L0R*SYN[zP}\=|VN~BA~m1M[""",Check sum is _
test,"e!
Dqs	J\:TQptfT~<Q$pG8WZM8]|R3OLav>ysQbf5QVM`$'|:",Check sum is 5
test,Oww(|Mp/E6-1H+oMO:;E\Q,Check sum is +
test,"B,`48pGKb5`FCyno.,vj!;5U``sT[cD1`30",Check sum is O
test,NrxG$'ly}!dTmc,Check sum is 5
test,"UE""YK=RMX*|(C	+{}1w]NQ+(|$da""_E>EEf 2DBH#iqs",Check sum is Q
test,"6
&\d%Xh}0a&)|3Wz|9Y)
^2T@t*:",Check sum is E
test,"KBdi(ZE|@^/J=zf[tu?'wBEC'70%QnV6ln=3(uM,j;	A8Yv'!",Check sum is 8
test,"0-l(iVmJc[}XS>
*",Check sum is _
test,"kY!(QcYLeeUUz.
DZBVd{ 5Kz-",Check sum is H
test,"b9m:
,er",Check sum is /
test,Mrp&1BqC^n1!vVD{)xcc%c-<,Check sum is ]
test,Kg3n/MW>X![& o-3f?>6=s{7Q7^[G;V1eoon,Check sum is #
test,qi{O ,Check sum is $
test,?c~sAAP,Check sum is E
test,"(VyOo~]`79?dgt'u6	IycY.e=c/+EkI-hebt9$
y7>{NV#",Check sum is D
test,@z4H'_r?~$n(c@pbF#II~N:DQkn^2S{>I@}B$,Check sum is 1
test,Shm$7}_\]y8ZeUnkV*n*TDh.mMp6&wrHW=\3TNnaD8moF&p/,Check sum is J
test,"rGV6
eZ?W'Kvn'Bs[{P&l3\Nk^[""4.|R*7P2:>bd7s",Check sum is L
test,<iDvhS5n03jM,Check sum is 7
test,.ZIZ>L5E&~x,Check sum is +
test,2Db[7x+Eke(S3):1\l+P(2!,Check sum is B
test,2+qZ1Yu3[_K\ E\KhLFqJ>d  qvI.TG#oHg^6Rsi# 2GvUY,Check sum is Z
test,<_v!YLg4+n:0IU9ZA8X([e$OY,Check sum is K
test,",'pz.u	Ze}_}LTmU?3",Check sum is 5
test,"]dZS'y,ZR6",Check sum is <
test,"xH,5{k\4B6co]}YL*mIN6 $(\-`rjy-
|<TI~",Check sum is X
test,BxKUPV/Hd|	I( $t9>C~l2[PYVm{,Check sum is A
test,r8x<o3v-YXdS23c{/KIh@C!-*MH\q|=~	`,Check sum is V
test,V+zMOYB]@<|BWnBx[?QC3g*5g<4kv$l@5|6Mpw#,Check sum is U
test,' _\OAAJ(=&cN(3X@%C>TwTf!L}7[7FB4<^2:tD,Check sum is D
test,"*z/4[H)t{
r.UIQ<<<|	a@/Mf",Check sum is 7
test,"]'Y""J$\kyy*i<B4aiJ-Z0\WV7[hPh3E}NI;",Check sum is X
test,"]	Il0S*r""U$3{
a]'kw|z@4dzL~-",Check sum is 3
test,m^C	,Check sum is 7
test,M.'<D1EY~/Rl4`hia;yI[k-Lb&Z<=1*Xy,Check sum is E
test,hV-+)XL&ughLePekD8.!C4r.=si}y@?waUBsYm+5f,Check sum is \
test," y<M@Y5.n2""3J9
]O$2a*/svt""aSx	/f!`x_1",Check sum is N
test,&O*$o9_doWb#,Check sum is Y
test,wy%P9'OGF#.,Check sum is R
test,[}D*#o%(-?S&d< Qar:IS:2,Check sum is P
test,"::ws6D+'Bgxei$c_,2Kw<G};}qAQB'^.Di}krX",Check sum is N
test,4$d8Pt{v`*cTJ8TF,Check sum is &
test,"=Y	7t$F(""O0W07g=A;FzG(|w:9H}7ZU&]IpdAiUnVhd;;U",Check sum is 5
test,"cE'v?vD\GFIq\RO]D(co[
9jrYt",Check sum is  
test,M)4E<#hw2PFm]*@BMG,Check sum is _
test,"pjULl!Wszpr8OCT?+G""iW""IcW0PoY0lV8",Check sum is V
test,"	2tl zTHWd%""vJ	t8
Ep#'8@`o",Check sum is 8
test,R2$<r;aL=H5H[VG<,Check sum is T
test,"Sv@!OE@/d^M=<kH*Yh<M;dW""",Check sum is T
test,"kOz5:,OaGX2:|ivV",Check sum is [
test,"
)lk2(}rxkmD]z.&2%z`R$xWCHZdJ",Check sum is ;
test,|j;lRwCCZjOx<jd8N*zd;zaPgtGGg!eF	D\uu@z~&sm~Yps,"Check sum is ,"
test,"Qf1*,Ly&pd",Check sum is ]
test,"4Srz*wRu|JC4p]*g""g%3mJN@Vfey4fZ @t&R;3^\I^T1",Check sum is *
test,"`ls!}Gg/XGn]nF?3tbf.VFD9yi&;\\!kU5a^
@GfL",Check sum is @
test,=QY,Check sum is G
test,"lO*acf*""`(\X+wI&P!.WwwjXH",Check sum is 6
test," 447,)>J-{p~Qy,#WU$S",Check sum is N
test,"[O[3Qpe.}C^>KWN$QA`+[;Y`"")o=\1",Check sum is L
test,W-3Cv)wy:Mwy?8[n%I>[Z&,Check sum is '
test,Wm5,Check sum is Y
test,]~d$L?43<D;,Check sum is 0
test,zG	e~d59{<Xbqvzt,Check sum is %
test,"L\~a57c_U4u5k`!1Bm
KD#1ExJ{QJg
KWicF%3P9x
ZKk",Check sum is 6
test,%Oz5waHLXa9F1T^c,Check sum is -
test,")$4\9rEw$86nj1G_w=,F$C6VYjRAE%pvL(37z>%;g	(;C",Check sum is 0
test,bXqA]na,Check sum is 8
test,wFD*Z~&7`cWOd4vX]@.IZ)v3MJ:b0M#] t| }{rNhvjO,Check sum is >
test,TY>({~B:4n^X:B{rWrOwYCcto,Check sum is Z
test,"$SApC-cy]`>vbr+}aDw_M[`\?Q
_	Ti7B*M3V*9\s4y",Check sum is 7
test,"AQH,?FoOkr`Iu_D_$Ac\ild7:*",Check sum is ^
test,b%Ovrv8=Sa2R5:PsgQ8Y%aE/|,Check sum is 2
test,")-M,-Oy+cCEuzY{6,u%^hu""o-swkC:'ZS$:kB",Check sum is #
test,%(t	[6KVnY^eim'39R,Check sum is !
test,C}6pPmcyt6qx,Check sum is 2
test,",)wu So""U5~\hc65C:~+m8gN2TH,2#S`P$Pj8Whl^w22^d#fxo",Check sum is =
test,"#(` 8x,""k`4A*1+8p-)",Check sum is -
test,y),Check sum is B
test,dwiR[Q9E&jIH<C(l(,Check sum is <
test,"a?jt`jmd+QJ>,>0^bIS{(3xb0o""|VA7`v+`p=%.jF6+<7MQdu",Check sum is J
test,"?si')yXo*~}!+{. .d~mn45f):krW"" CBb($(b@",Check sum is U
test,Xy].k!(l0'}AFv Qy{Y4b*X;[)EY.8/Q 2m13hEH:~[,Check sum is 1
test,"W4biuN-[MCAcUh!Vj!Jp+ /-wSe_,hNzL<y/u/LRT$EK=N",Check sum is D
test,)y3p-4?^h:`t.`xoq%\v^M2,Check sum is S
test,5n_u6%LvA*; &fy.,Check sum is -
test,	*=b4,Check sum is &
test,]>MN7j{3>?$T|v{i`O\AC&f5]3n8'ZC2p v R!Es ~W<oY,Check sum is 6
test,wa,Check sum is 8
test,$X*g#y%c3FSUhOE*V!<5T<Kk'pG}P,Check sum is 1
test,0*9@e1kyB4\Q-\,Check sum is Y
test,"[/*y%b,AzGtLCZ!^M_f1|mtLV^06",Check sum is $
test,jAQ|~O-:m`raMUfWS+P,Check sum is Y
test,$LrV,Check sum is X
test,aOji5g}m$idX,Check sum is 2
test,"`0Dvm""--F>TxP/(V%tEB_E",Check sum is $
test,HxQ3Z6[Ja;QZw-(_)t&?V+En>,Check sum is ?
test,(%p8}:v9ng]7jjHN$v,Check sum is (
test,"[:"";>Dy|{,dT	CS?1W{T""va2tY""h@S(E}KjXP",Check sum is 9
test,sZS|Q'7,Check sum is +
test,"n5Mjf""{<R_""13zdpxchS+VXr	!d8{ej",Check sum is /
test,"uK`ao
u<j\[+E-W/~&}pGS R^@, !2V)[f|i>(=0?/5",Check sum is D
test,",y-d? -+2",Check sum is ?
test,"Mm3Zw'gs"",*q?F]*Ir!TwbV",Check sum is 3
test,"64k6^`+ECe ~0_#S[>EKY[fBUMM3UVY.7Rxy%^&.vh@""	b3pFR",Check sum is 4
test,"$XM*v{H_g*yZ>G;Pl/LQp7ljP|L31
< Dn?`kh8o)G~:wVuwF",Check sum is (
test,"%t}W OzC]! P]QAy-w	 Kl[p!VD1IrH4cw#Il(d0cK+""4?a",Check sum is >
test,"1|vDddf07yJ<K;
vP4J*b;pT",Check sum is :
test,(^&(>GHS+K=~,Check sum is E
test,"_G;b""lWV",Check sum is ^
test,"C)uxzf*Me9b{lhh}6l,{27|hNdq",Check sum is =
test,$RA,Check sum is W
test,<EtP+g&SuUA?`1bS_=r=p/$h]]u`%,Check sum is *
test,7uA^XlR9c/I8q	TN(]P)ONaX.,Check sum is +
test,"F)yX
PBCnS5%`|pAJ-@:'(A\ub",Check sum is [
test,a(Y&?,Check sum is '
test,"	k^ 5G\ K1Z 
szRR;",Check sum is V
test,C(JmPOG.%X~UzR|ie6F&K~`Y&^J[pMfyIBvQcuonap&K-z,Check sum is U
test,"fPgB${)~xT,*jB
La&E\",Check sum is Q
test,"0g>6aXpPN$o-&LJLd
(,\=O/
gTht BXHHm#bn$wbFr",Check sum is S
test,"{Fq}tYkLx""vIoj@(J:p",Check sum is !
test,[.H7\sq\LTV{UH/-0?mKo	:56h?V`<>&K1,Check sum is +
test,2GW(Xku5`T{q\,Check sum is A
test,Z]K'1ZN,"Check sum is """
test,"5BKIE;DE*X	uMP<
K9T:%7\l;o",Check sum is 7
test,"=?7NBkfe\
3Z(m",Check sum is !
test,y`An{yz~!BC'w-l?UX@$@;GY{jja(?<rW4T;nT|F,Check sum is ?
test,"
{a	u,(]P0CDmu#""n ",Check sum is 1
test,ah]i&t)V)U_EG7sgLsH#e!GhT!'!v4gIc2v6)%/=GC5eX}lB`m,Check sum is '
test,Gwv_U-4)!]{d}(7t,Check sum is ?
test,"E'+-uOu;.S}RB^],8Gs(,j1wHE>lvF'S [f?n&GX""q#{",Check sum is Z
test,J8,"Check sum is """
test,99O~joc.\/Y6d,Check sum is G
test,t-3Z_GwV:IP TSvXE7#KK@[YuYw++J),Check sum is  
test,"<{rr-bja_[uff\
!-']E""X)Z&tTHn2!rq|iK",Check sum is T
test,"}Gbu~t3]8rn)$H.+C%B;,G9&949$cp",Check sum is W
test,&@$~Lx!BF1%~ O!3XD vBB^R=}/Uv}8`	Ex&7AW-AJ},Check sum is K
test,[8xf/f;+<]=[W]n5qJa%V']n7J><~I	z68Ow,Check sum is V
test,Tw``knZ|U-C,Check sum is _
test,"?uB_
""g[U_4eFZ^)Kf<beAVrij4?nR{",Check sum is U
test,6mq%9d1JsG&<'marjfc[0<(;6kMECp%1gSe>=tbHK,Check sum is P
test,v^;PiDO+$9hjJO|mp/ySzl/1},Check sum is E
test,iqn%;RY'`}K+,Check sum is -
test,"*_	[1R]qb!gj
H.!HIR;KIgL1hFc'BrWY]zL;_""Y	",Check sum is F
test,H!,Check sum is I
test,!ve:l]zZx+-;le1b91nHD~:}b0d_^25Jf*yrz\,Check sum is 0
test,nKpCqcyx6,Check sum is G
test,"/ZuD6D*	Z]V5Tf;d}KEyJ|/MW0[\V
I5]V&Tu\~",Check sum is J
test,"|%B""e6k'9|4w+@G'vh7e:3`~(e5wuDc|L	itj^C9 ~""@VeT>",Check sum is $
test,#!]MhhG2e*_/5xD445)8'aorv>6,Check sum is 6
test,jT^ 0iM`#})rYZjh,"Check sum is """
test,}GG\<.C`h#0,Check sum is O
test,"#~3[2Br^bk
'>|w6&o}W$%:?f5tD,pb\-BgV)'T[I=N,7y",Check sum is +
test,:'F[{FKL0a9B;dZDFEwWhT%YD@S}j58X<	.sf$|mE,Check sum is 7
test,"01""*Jd|HCKaBY}3AxGX~NKub j#	i<fCzGi.EE",Check sum is %
test,"0s=X#@6(~,hfK!r_<=sgR#""",Check sum is 8
test,z;/4tu)knX}Aa?h*\[h}W)vc,Check sum is  
test,zjA^h,Check sum is K
test,"Oh""3<PGMW?ir;y=D),<(93le(,4&!jV",Check sum is 7
test,aE/ +5X~W.h\.zKoxiJUBUq\w,Check sum is Q
test,"2""Th[x3|#B/%&o?XW|""xy3C7H: ]cZB7-g,h",Check sum is G
test,"{Yi#s^2$Ex06q:^eb(2?wYj#D""/p:",Check sum is O
test,"ZH)k1Jke1J4[YW(;GB.zzKssTDm1	X7*H""2",Check sum is .
test,"gZ""~yB$	10~Q""8 /D2-v`!&a{J-Ye5cgpJ]#)ag#riP1I<",Check sum is A
test,"'==DZMx>*v:j:&zj@k^F)&lfD,l>0%",Check sum is I
test,"@)`yCF)|E|k17L/qW6P#6]=lN}0Jb(y\oA>""B-]RZFyc",Check sum is Z
test,N#)n+Yv< =<VZZFx2~TDt+\!RV	fu%,Check sum is T
test,"*J26?%J1Mrm;8,yQpZULS1",Check sum is _
test,"	mJ*k@]jP{E},,s",Check sum is T
test,@4pFMmWp/>|[rB)[,Check sum is G
test,"0l(Br*%+
6_<M'~?d+i6v9-ns|IO{nKdJ3La6@/|S~v.0r/~",Check sum is D
test,+I@nNh'EJR|_^cMZYkr/C9VE7\ymwL%Ig&eirL-WM8>W>+X9,Check sum is Z
test,"+22/''+'p!W%d8*6N
p8	d",Check sum is 4
test,"!g
2_%i",Check sum is Q
test,"vb\|w
rTSFN*Wo^Uo",Check sum is P
test,Nyh|HE)ag+M.0Q!L<!rk#4&S!iAK/I<rhyG,Check sum is K
test,"L);T4{%A _j""AGp4&@
Rq\]/7+Dz]",Check sum is H
test,"o!,-2HTnid:cuqu8iv	Yz",Check sum is =
test,"a+4pri""kgJRmI~",Check sum is /
test,"nuo
|/VJC
r}]R",Check sum is 2
test,=l3Kr,Check sum is 9
test,3.[XJ%,Check sum is #
test,n\M]af)cAGd	\ixv_O,Check sum is =
test,9~j#.aTj7?)},Check sum is M
test,I:UF2eJ{YE*EU\EM4fh*Sm8UU5f_#`<y2z:eT[5A~,Check sum is X
test,"6M8}`
t|mKAP_)ll0bfTHG[#",Check sum is 4
test,"LoI\V
ekLWU3coxJ]$`",Check sum is P
test," ~~8T[z1wU!,qLH
*4=A![!YwH'o:luy`",Check sum is Q
test,[v=,Check sum is .
test,5#y,Check sum is 1
test,"fxs'U9cl|O
d)jsnn9.SH",Check sum is R
test,OVcJ\gLk]b,Check sum is +
test,gMXd<pbykx,Check sum is :
test,"\z)C>qiqPG%^v/>0	,t,ob'~;H
",Check sum is 0
test,"OtTP,71b$0^jc5<<dxpLQks|AALX^\v",Check sum is B
test,}C]7u\_J@cgtyZr,Check sum is 1
test,l`pI2)G8Lc`>dX,Check sum is H
test,"/l(A|*?]y\n},rALk ",Check sum is \
test,"+7`$
n	Sb'Erie@efz!
Ha&TkTt):>Mf>SA)Hs
",Check sum is B
test,"H""4""",Check sum is  
test,"M/pJ=~;]fHCN[K<L[0nI""8$oFUXbzG'_F^glYzX",Check sum is C
test,c67'^/7g~p''V7J_MO&IaJi0}d$EhuOoR2HnM?3Z6,Check sum is 1
test,"~Eiks/\
=	5poMq>mdDY~9AH<>=`_D#y",Check sum is Y
test,"845^@T<}$lB:m^<$Hm%LO~),zt`
""Nqp",Check sum is T
test,1X}4H>+h*/kk+gc_l6qD5p\wKSqsI$hpc&JrWs(zF,Check sum is C
test,")%]8Pp}0h`4iD0<-,MTU]EWv)Q}soeFQ&HS",Check sum is Y
test,/}m$ix'n/x	iK$Q&n\+1Nf`{Bp<4v,Check sum is _
test,	</OX:WPk/@d-<#X.ii,Check sum is >
test,"
{O9lf<",Check sum is ;
test,XH;jy,Check sum is ^
test,mhn0a57rxwav&)cY;%?-C	!Tbo[z@buW@PB/l&,Check sum is W
test,"6}.k
mcGu	DV9F&",Check sum is J
test,"=Gq8),GdDvp,| w*M~",Check sum is +
test,wm^$ ,Check sum is &
test,"fF"">%*R[HCrWx	``OG5qO""UQ,(vK{I8^O^","Check sum is ,"
test,"L|U\37_r,H&LD#gx7jmv<Tj8E:!|0W4Z^1HONaqv h",Check sum is +
test,"mo%x	*\mKc7#$nUsCh,z",Check sum is H
test,WF?l)i^pMGxze!SaC	X&MTM;LJ,Check sum is Q
test,"oU?;P;JBch7#3oKR9$+[%U
7>a`vqD5n#?GZE.W$5sC",Check sum is  
test,xqJOb[ QrO:;moHz(@b206fKlj^sAMXt3,Check sum is +
test,"9`C`03J&HJv'Y;MTXXs
02a[Qe#q",Check sum is (
test,"]C~X#K""k([-gTFxcGH)G7*Dj)Ty%`RIX_a2W\=",Check sum is ;
test,"kQ5a0nFU:CLg@~IuUED^V""0bh7<IBjDP
&3{?[h",Check sum is !
test,"GftV1IQZ~bdeL L2jnTdb8U""@vO@q(C'*O\ 
 n*4ojx		=U",Check sum is X
test,"qkG$.G{
:	u'mm=(ugHAg\in_o./SW",Check sum is S
test,5DypbsGQQ*rA|t=xXW)zZ Qn'`('S#I\B\,Check sum is \
test,"`YS5k*P7ulSX
kON^mJ35LQxtg)8'uS:;=bI82!?x`wyRC[?T",Check sum is J
test,"S	sz_4zOQX\!.E|'nwN4aBuVlgk""'<?",Check sum is X
test,"#1,dj,~
`&0,	'<a\}x; t",Check sum is 1
test,"Uy,R9Z'_`u\#Ev;""#rQH-#Zs{{zAN<'Cj-7P]as}J",Check sum is 7
test,"4<
h'YfAY#B6_ER*\ogN<A+'8;]dK_'$sXraXMGM*l4vil	FN",Check sum is >
test,pSfHK:rJW>yAUNqg;p'(mACWXV4ybLh4~Yjc,Check sum is '
test,"w""Yy7Pz",Check sum is L
test,i3,Check sum is <
test,TA\x@L{aiZ#u);&,Check sum is V
test,X{#^#9WIi_i,Check sum is !
test,"bn/?Q6p	ffw>kB:]6Ms>TFC)dROuV,!{MV mF6""",Check sum is C
test,izPE,Check sum is X
test,"IQ+/+VU4E*K8jk
al`K>m<YFr 2l~fL@(jJ^",Check sum is G
test,"5vwqc
[>^siYFcr0PxJ	",Check sum is 2
test,"no	 gmPh;l
O(+8uF, 5(DwQ)	aB'7x5JG",Check sum is ^
test,MtlvOx:/9]l><ig&BmEtghRry.ed/S9hzA_V#C87}$4,Check sum is M
test,"""+S@8zXhSo=/bifbA9+lno Bi","Check sum is ,"
test,"{pk29$??t_
On@-g,Jo",Check sum is V
test,"9n-4o`5""15'MsOIgLYr`T*Vm|=1;'w`NKB,8bA-;,
Ys[]
D-",Check sum is 4
test,"!j^2}mEO%(W(P)*2rFo1OnP	&vY)YCQ(Q,^?y",Check sum is N
test,"H6!b=J'~Z{prGD'fu"")}!4L7\
X^-@ke@f[fHxoFwK""u&",Check sum is %
test,"Q>^7)-*[&u+7P5l.""9;/'AF!",Check sum is O
test,>6nNYPk{ELYv,Check sum is ?
test,E^3#,Check sum is Y
test,"%L}v27r:'}]
',o2A9$_4I'{M	UD>@QQ=_ Uz/",Check sum is =
test,".9s eP6;""I4cRH
#,1r~D~Ls
&-ILz#M
T<k""",Check sum is Z
test,L'mJh4u\Xap_~#dRP.O?,"Check sum is """
test,ku=i$ iGf7T9nd!WV;&89OG4ij|;#&xE4$Zg,Check sum is )
test,"$Vm@7=o.@*(k%OmYxXNCfsm
",Check sum is @
test,q$h,Check sum is ]
test,5i&0S0keq'@9}HeC3G{Lz<,Check sum is \
test,"IPW^]Cp%3s""avcGf;ZCHax*qnTKMjIp1C",Check sum is W
test,"""Q#&F>.oKZD!2 {9:Y%H
{C.|mJQ]J$v<@	#mj[eF",Check sum is M
test,hb&&/-C|+:||r:'U mj(SVJG,Check sum is /
test,WwGDaQ2ECW<CP0_xh$9,Check sum is W
test,^&9A/D}]i[Ov,Check sum is 4
test,"1`V}{0,tg1 y	KipUtXjs[$ClqG-,jdPiG H/[c)c991",Check sum is <
test, `*@G0ZQ#m=#V)A%c8>D,Check sum is ^
test,h9g3]wN0R1gBimNwWlQnSJ9Ur1@M]o.,Check sum is K
test,F5YF{;?J$*+|}{gIS\$q)}u(Y,Check sum is 6
test,"::x6lvaQ,$3-AE	1G9i] {Mj)SoGqP|_DA(a",Check sum is :
test,'drETq)0zro,Check sum is [
test,Ca0!,Check sum is U
test,"~Rlk/0ky1({@\0bGOb9s8""PTDsY"" hwysK[z@w7}",Check sum is V
test,"zC,2w}8}Md[r$e=@'G&eA$""",Check sum is (
test,"-4""e-q%rU",Check sum is R
test,"*r+O)ENHZPWk3K7ECNp;KlTjo%9;l})O,o 4V49y{Zv$rFp'",Check sum is #
test,98Jj=2RT_FX](\gUG3w[JKYkv{*+GHgOL,Check sum is 0
test,$7]+,Check sum is C
test,"l8C""NMR
IlJKY<CT]uR~1	}T>m_SO!g!F7]?M@pJ!znP",Check sum is Q
test,$jJz#zMj*#wXQe[p	w:0ye,Check sum is +
test,O.V-jJq\/\hv)|s,"Check sum is """
test,"1k~,<}6b=t%j2gN[Y2",Check sum is D
test,c~3*zY,Check sum is 1
test,~y`le8<$R1L-vo|q68MWa)vHH[;uA5e</6Lv%=qW&*~a%tw_'},Check sum is E
test,_^}>sV^tX`,Check sum is +
test,"T^~q6_tw(Iw:$E4	X-Jw=Zs#I^OiD.0d7x""ZadlJAj(w(",Check sum is 9
test,Mem7|,Check sum is 2
test,"4ai:3
i~x&A9<dYpo-I[j\Q$Du,(
|3YyNC",Check sum is !
test,0geUrPoLQ`!P;REBOhd^HJwBV\Tf%\o?0R|)]\d).}u>l)<cA,Check sum is C
test,Xx*%VKog.~#)*5q2'^fY/{,Check sum is ^
test,-?$8gP`d,Check sum is #
test,@MVeMp~^.YE?B% QfvY,Check sum is Y
test,IeJ.v%g`}o,Check sum is T
test,/+x*2+a'(4k^w3(Qg^?KE4`<fzgd~ZE!rw!=YD?_=,Check sum is U
test,yi;WIW6R,Check sum is <
test,%\&a]\Mn8jziq`iJC={dZ(C@E^/G{\+*^!/<,Check sum is 8
test,"0-8D(3VP|Se$41*S/w~A5oR:+sut9Qsn	y|H
G(f/``",Check sum is O
test,"9XyBG,0w1Yp7`xQYf",Check sum is _
test,"7pT,QJtL!!<8;sN}zP&Q:GEgs8,FL:*,(H>5?5_!",Check sum is O
test,=VF5vYjbUth)kTuxW6 vQdD6^PA,Check sum is P
test,"1%#sg{FE9z4Rqnl`WiIY;AkhhFG8PP7=@,Zrh();",Check sum is ;
test,uHG	 Foda)FmTZw3 TP	,Check sum is H
test,"x~u_
""((<KwMz	5.o""yFQt.c?,h=4Ugqf{::3uQYE$9J:C/s7j",Check sum is A
test,|B*/A&B@(@9	jb,Check sum is V
test,"x`Ek}gZ9	7vGQ{zRB:g9_x9eBM,J",Check sum is J
test,}N,Check sum is +
test,&>P+fht?uR!nt;F8Jn+6_vy[wg.-d,"Check sum is """
test,"""cJflqD2H6gDmha$'J4?""r>7prX]xEX6",Check sum is :
test,f2}S\9$)ch`Sn%F?&G^nua?KT`6g%&G,Check sum is <
test,"6	.t{""g{8 snw#-ih&6`B]> Z@!|",Check sum is A
test,Mq}wScGXtR_{]eZ]k.hW.Oq !9}qc^xi2,Check sum is B
test,"u*,X>;9h2{Mz'~i""K7$-gou !3Ml
)!;@)	Uf:y:lAD%A>=",Check sum is G
test,d!,Check sum is %
test,"14#Xpn	0]p-B7e.}e}JyFD4_;QoK	NkQ6aG`3,Xc$ZN",Check sum is Y
test,"r'7D9<,1)wpb
*b+",Check sum is 9
test,5}tbrgB=X?5IU<>,Check sum is $
test,"9~U\1(	+}Pa3+,!u3Fi}]MD
&N>X]z-=MAKtpC",Check sum is E
test,"VK`n[YWdEXN5
WqK-36#^|R0t:MEeY}",Check sum is K
test,">}#Z^e>VK-?J\j""J","Check sum is """
test,R^.y}o(-,Check sum is 8
test,i-Qi	gtkt%to6RP#'2ii;I7&u%5FJn Vp/4+[,Check sum is ^
test,J-_yLS-YFL:.GYHcb5,Check sum is 0
test,"UDvycvb(rWPN8o+
$",Check sum is 2
test,"q+hPR0/r\*=B,q",Check sum is 9
test,";:
,-z&SdiZPEp,~iAG{HtV9",Check sum is 8
test,"Njgvk&Dk
s(E 0a[_lZV5",Check sum is [
test,Whg'$6Sz7a4)WChg`$Am,Check sum is $
test,"q'(YVxBz;u!s4%r72#$oNw0?:jbCrMFeGP@-1y?oGUJ[,}H",Check sum is &
test,"hV2va#
1Uh{",Check sum is =
test,"By
",Check sum is %
test,"}vl]9r
rTk",Check sum is B
test,"H KOV+2U`4lwS?4u#
`zvZu!b",Check sum is +
test,"  s0QPl=hf\v%XaiiFZH;,${2e$k_4:JDJ.:Z:gip26e",Check sum is _
test,"RHCeEb""?0'tL&.*~aC:pw&",Check sum is (
test,"SB	7G""T0&+2`)hKN3""Q{-F;f}YSn|!	~vp$ mb'z",Check sum is 9
test,ET-h.-CEz	|a0OVE,Check sum is +
test,"&G#sSS.<{{""rW7~!yOS33K[}^lp=17
ob>@9L%",Check sum is 0
test,"9e7kS>u 8>LS;+K+<%oxSI{
Hqzf{xl#,H@3","Check sum is """
test, Pf3,Check sum is )
test,"""[xL(5>|mb",Check sum is G
test,"&nc:[dJF%N6]Bsw""(Q'<;U+4yerM?6[}S]{*Naj",Check sum is W
test,"R*
=u>[ ww:Tn|uXhz:c$""`agOq-BVu1EU?*5O/z#C#",Check sum is U
test,tzQGkf]E^20	p^s[/3XiA* ;?bsy,Check sum is 4
test,"6p""*19F*].	TR""wh
, kbXH?^eCWV}<o58-j]C",Check sum is (
test,"8C`Jza""G_5JFD[7",Check sum is C
test,"X%BynIbp?uvzX }`j5ah0RL
H)-/m",Check sum is T
test,"])c
Q!Ng7tAQ!>""LTm97N}R^+k(R~}qOJx",Check sum is =
test," wz/his/LwGGPs
rm,^]Ah!c",Check sum is $
test,]H'Ev^o=-w4G'B!\pN]^uKi=f'/1	Hg2(l4AzX	H,Check sum is X
test,U)!8,Check sum is 7
test,"p[[9+@&2ezh>b~@Zy+)
PaN!'",Check sum is _
test,}bx/,Check sum is &
test,"#5Dp? DDi
9Tp{l2N\	*V9N}mmd|]/f
`69",Check sum is X
test,"14.=b=RO9g7cT#9	g
",Check sum is T
test,"F49@(#h5Cf\y_i6j=X
'J~frh95hQQQ/;nk4=e>-A",Check sum is =
test,"^,%::?tVk4rpuHm7y*_+sV&O%I4v}^j)^wW4tjD}e",Check sum is C
test,"eS""	9a;|`>w,2#{}v*P|dQ-x	YuLx^wE\4o&+FANy4e,W",Check sum is W
test,"ChW^9$f]fh""c6ntc]p{Shn`uDl9$#PbNAQ9T2sFc6r
:-k",Check sum is U
test, A,Check sum is A
test,HG,Check sum is /
test,"=W$^bAP,""2Fyi*",Check sum is ;
test,32zxt%lQP>G<uOdTJ5Aj3} ni4']rTpDb@ieczq,Check sum is [
test,.q_wklC6{@J]z|L~oq	TNRAhaB;Tp<D2@$V-,Check sum is H
test,"Ki+	x308)M\o5-Qq""R3Wj/Z3fynagPDG:>",Check sum is L
test,F^<&R;^zEnbJ+{Y-10*uftfz{ P96lR]|DmjK=%%,Check sum is .
test,f)#f}U<kW>|E{waM+Ko-FU=0_	AKlKiNr,Check sum is U
test,"B/cOB%I|vplp[ICw^!IKnpZn]Ck0U,=-
@)/""""%",Check sum is 9
test,"!{=&[b
b7+@B$KPqgPXq\r6K1KKxg",Check sum is Q
test,":p.VBeMw#h,)#vIiu&",Check sum is ?
test,"	PZ|P'
a>!t5*0iv=f:ZyHq3Q]
ex{\B0ud"".:!150)8\Ve2",Check sum is 0
test,wRI!	M&KRrxQeB\7(8pD=%B,Check sum is Y
test,"W=^lCuX	6	6,f8$*m
W8B1~<eLukb_z&y:6!jF",Check sum is C
test,w0fTP/C)EllIJ&s!#JYhPnUIdWqz)^(OGh>t04{NDci5V,Check sum is -
test,"`a!MfUT4r&w2OJ^)]6'[ywHB3xI &%R4XCkl$r,3Dtn6^",Check sum is H
test,ktZsrDVV?R}tn6Y=@!-~f{k!rf-QKl/p,Check sum is O
test,9(MF,Check sum is T
test,AIR5V!.~H,Check sum is \
test,"[<pL2oH1+%e9)yI}!
L|V6!SN0BJq3sn'<2Hh",Check sum is *
test,v!,Check sum is 7
test,".\[|hWY*
h1a|esF/FjBE",Check sum is G
test,"ZN
vom&_uc,|%PXG$1FP.H}s""A{j7	(ic<_4CzT0e#S8",Check sum is -
test,"~7rVW+RshRgk x1S8}5uNqu*:sT6V*Px}GLq3>N""E	",Check sum is 8
test,0:=-eN&,Check sum is M
test,48n]FAR5{aeDjnlgu?o%	(,Check sum is N
test,T90s~&;Vi5L$Nm'yTrH5hL[@AC%|_8Q@u75N![Q,Check sum is I
test,uX+>Z\mu!s;dy8{uswC<Yh!,Check sum is M
test,"Y	UwBX
iK,Rq(6+;l=zEVqm%WJDwU

sieN=-8gT2;*0",Check sum is R
test,k8eo+4[B]BW5D2CP6T,Check sum is Q
test,nTB**8NzdV8W+D\}ul@d]/Un_P!(x`TJ*8_,Check sum is L
test,"qj0)2f""avUhYf~hh2@N=L'n+J)",Check sum is +
test,"<jiA]l/ LHjL=>lxV]})""6H>)t",Check sum is E
test,"YG,Op.KPJ1ZEs.0tfc3FA#dDW79:%V",Check sum is ]
test,"X3:vU""!LlvZ",Check sum is ;
test,"5iq +%e
f4uL@J%t4Hl~(kgOWM50\w/g` ",Check sum is -
test,~XxQ5)o|AfOnx\Pg`b#(C<xX6KAL#+,Check sum is /
test,<YRNcxtp2PjE8(FKoqXsO@#jM]p83fE/}36>FJ,Check sum is P
test,whwd{]6I$L,Check sum is !
test,-'}TN=Ys5Alcm(Jk_~,Check sum is H
test,"B8Q7_P~Ct)""}\rW""zKj4itj""1q@;5F1o^'Yjm	&Q~
",Check sum is V
test,"ar^uYQ?K,E\]EJwb4Jg9UW1bIfCUU=a;9	GkQz",Check sum is ]
test,|M&~`/il^yk-kgLMrk9,Check sum is !
test,-n*(_%],Check sum is .
test,^c6p3o,Check sum is )
test,ZxEC,Check sum is :
test,"ubn""M[4A4V",Check sum is .
test,Kg9_n2c}~~aCk 1]Z4B7[~+{cM?'#n'5a*Jarxp)0OS,Check sum is 7
test,yek?N${pj5v${Wp%p0Eo} lPkHCqjqB>jMeNg'H,Check sum is T
test,?ae&h_(D!-yuTY<&0o#7\w!N5v$OE^n[|Z{4yUlS2FTO{!^ei,Check sum is C
test,/]~w2wOS$t`!q~KvIj,Check sum is (
test,qS;@`	,Check sum is H
test,3FOwaQ(#fTxOz>~IZ,Check sum is 6
test,"y'tK9rVuKgk1UNlq|2{.p,*Ay$v>c<R4F8{W4PzOS$\=wZ&9S",Check sum is G
test,GvD87wWUQ.us,Check sum is Z
test,"H@7QL A%&	Z4Rg,vxI",Check sum is [
test,JELT+\]+N%TQuBj,Check sum is W
test,/-Yw}/SM;'se4AMt+7o};Bl~6>Jh+A/DB]}M,Check sum is +
test,ad|>jtNUDD9?rmXf&0x2AeQr{,Check sum is !
test,[!TZeV!aOz'VIU=''FGpP1bWbWF`24}/E2yzKxBW;Y;Ia`[,Check sum is X
test,"n|tjL3""C*e=",Check sum is X
test,R;I/}	2S,Check sum is 0
test,",?0T=cZF/GIA-*+}`B
6(Q'vS5b]qU%I1jgUqh",Check sum is 1
test,!6,Check sum is 7
test,HA	7kc-u!POS_##gx8BCOV,Check sum is R
test,"6$E(FzE+@~1iW%E4""Y*kVx gEz,8lo;qYV[^",Check sum is [
test,"%Nb""![J",Check sum is ]
test,oC%s5j?Yc)(.VHiQO;hZMM\r_u\]S~fcQ`OP,Check sum is F
test,/?Gz>I'T^5j<e.1~~|@xaP2Ck6}:T<aA.9>F>)qcY.<dd(,Check sum is G
test,"{LS!&wi*[?}eL'$:	{IJl""U602Y%[h|YVR};	]MC)L9OX?",Check sum is *
test,"%
'gSj4Z""5j_wPOY9m5q",Check sum is C
test,"Zc5aoQ,(QmiMC",Check sum is >
test,j.\_BrOMNpllER:'>,Check sum is O
test,!}{pK/m{%v`cxy]P	7Qw9l8fJ,Check sum is \
test,"daQ$bl,\1&MJ$HtrL!Es[?u,lC",Check sum is ?
test,"I6=5n+:ob;(f.,0iAC33QFGJaPY5e@,l:_'Su)",Check sum is 0
test,"4b
|.d
BA2WM8RR?7|GU
A3yx
fapNoreP$@}",Check sum is P
test,"$2$Gt^Uz$-""w9=kS?#t /M@{g0",Check sum is $
test,KuYt6|!}6l:JDE%,Check sum is Q
test,fs3,"Check sum is ,"
test,"{`7t7M5:uw2B2Q\u=,VjTP(Bn?+yT&fjO$,",Check sum is >
test,"QD	48P{)?b-&@1""=	jqObo2J`+XjsEmN8g1",Check sum is 2
test,"bglG@7/zB-G*
+""^[@-KOhup96_RF` AcoInLFEk6zC/i",Check sum is =
test,Edc)D+p+P'-~>5qZz#=RpM4Wm.:l5f,Check sum is O
test,"Z]ELLL""_V%KL\-d Ol""n ;iP9rm3,kKw|Xs,@jxB2NV",Check sum is P
test,"W$j(G0v<8
tY?D""J%W}/otl)?B(`I^gv",Check sum is A
test,"sSc
Vh 6SC*z""-eGS",Check sum is /
test,I(-)kzBo{,Check sum is 8
test,> HpT	.+#!-)xFS1{:De~,Check sum is $
test,5^</^uEk1Z'cx1I)s3Ii,Check sum is )
test,S4gb0g,Check sum is G
test,"){q{tnG0
{&qF",Check sum is +
test,":a0X;S$/ [)""+\C	5=h /kf>cQV0ZS}U;hN]>Y2`uh[GJ",Check sum is .
test,"RMdtN3'48
",Check sum is 5
test, wpP2.,Check sum is W
test,C'k4h /(hw}iC]Y]c;J6+1HfDk-,Check sum is '
test,qI,Check sum is Z
test,E!SirA'$c}uTQ7J.rV,Check sum is 1
test,"|%kkso?!^-^$MO-Z:EK=CJ6v1nZpzt.?iAX^w-e,gp",Check sum is 9
test,LL?=uk2{vBXcl0}g},Check sum is 1
test,"6,B5",Check sum is 9
test,NQw*X\4A~E8<~ZnAv[rf=|=D|6I{,Check sum is  
test,4#v%D\Si(\8gUtqk[NR:k@9N-bB9%8-hxj7nX,Check sum is 8
test,"&]la-3Lz
;H+_&",Check sum is S
test,:t1,Check sum is ?
test,MP,Check sum is =
test,"V2FazJ@I']rr|383-@i%G"" 0Zln\)5?u+xbUnw;\>s,| %w
7`",Check sum is @
test,"d'CS""`r#yNpK2`7]I|(xwGb,,N6Wns9IQ","Check sum is ,"
test,Jf:S	k-WU91x,Check sum is L
test,"fglWQLFa+S5PE}:j\
?;1;*x|~`d",Check sum is I
test,"vPT3)>g	VpTiZCDf!qxK]]@p9 rDErE_,(oP>m\IVeOnN_6",Check sum is 5
test,\(#Ix@g7uP?G@>ch@xJ2#a7<hm-M8,"Check sum is ,"
test,"^mH?HwB
2",Check sum is /
test,"B]!l%@_	U""n :AfS./""C!I?~U$0KND0af",Check sum is 8
test,B[f(K4MEp;d1YrY:wH*;H*f?0d,Check sum is I
test,"A""V3v",Check sum is B
test,"gSn+my/5GZA""t""894Wo>2[/| ,Yi9ZO",Check sum is (
test,"A/W->"">2PHWg;a8/l@YS`
ZN/:Ngu(TD#90
|3o~i
67$PO",Check sum is O
test,"tXOGl]P0c^\]64GQ=>-{g/5FonxxF{y5*""
8u'\T",Check sum is Q
test,^Y* I)[vB\7ac#|a\F(ijcILWG\uRHif	 	u8j9w,Check sum is #
test,"Jl#Q
*!\L*o`slcx,!<FSS8(/N;>xL-D1vj0",Check sum is ;
test, G#]BI	I?QrD([z<	,"Check sum is ,"
test,7x{G!rLGq20()	zw{~-,Check sum is ;
test,"i3;UR/N
!r<d+0e@#YNr3Q:d@-)twz^.st;1FBmiF# t.heq0",Check sum is G
test,"_u}b\Yc5PRPege}p
J1Xu=~;__E|6k>lsqr
cy!H!d+^0A",Check sum is &
test,">?%,_]:H1;]:='Ki-akb Jy/2RdYc{W4w""N4L$Zj[)EF",Check sum is <
test,=TJZVFDDeea,Check sum is $
test,7= OhW\,Check sum is ^
test,Ja.2m/jkZ,Check sum is 6
test,"}j8A7YC5K&V4Di>8tzT""x",Check sum is B
test,RT[,Check sum is !
test,1\!(/]4SL#r$-f,Check sum is !
test,"NFANg7v!j]_*ribG$C)#kK31^ ^0IGpLz
2|R0ViknR-?t|pU-",Check sum is ]
test,"
TGFp}a8]i+|Sf
xTRHt""m5';P0",Check sum is A
test,OFq<656*h}tc5ttm<M1#3-oE\S,Check sum is S
test,X#6YFuSXU0B3,Check sum is J
test,;-Wjj,Check sum is 3
test,"`B)|Q,!?cR|""Pp(ZVc HGd:!r",Check sum is 2
test,"uR{QW:W\<!\QjIt/6d>K=D@_+[5yO""zI:X6-",Check sum is 7
test,pr{1<H.~j+jajdhYR?+Jvf@,Check sum is /
test,"JR2J~k+|O!9N""4h
l5KX {$:Yv",Check sum is S
test,"8?<A
uLk@![s|`bgc8pBP ,Sni5e-G^hm%0I",Check sum is P
test,"\89D3(w|dH'h)c&/rOX<9n8E%@qQmV92 ,aIZw*}8",Check sum is O
test,@F]3|5*Rh0Nr'hy]`p3%	sZI,Check sum is '
test,",\F{h,:+","Check sum is """
test,";XR|;S.0aQn9kE,gwc3YWF^f1.G\bs-r",Check sum is F
test,"9wN+	'1gah7sDP|\R0'w]o!a)J.,l ",Check sum is 7
test,"@H]~&)Uzw<{vT,:H}|",Check sum is @
test,dnz4De4ckX/bkNAAGMP$/B#V%S!,Check sum is :
test,qr^x5{o\R#b`;]A,Check sum is $
test,"Ow$;-!`sDN,	_[j30v\.""Z4e){s8]Z;n""MUo0~h^Y^cy=LD",Check sum is ?
test,"hpKm@SVJM-q""Y`%}{9!k\GuGP\,`sf
{M",Check sum is M
test,"<S]S=L_+iU?R$ ?zy
e@4%L9WCv=0O>5 G8`,",Check sum is .
test, JcjWxo0q7g(S%\=?(<,Check sum is 0
test,FL	|(mangpn0w_@),Check sum is O
test,;%TWTp,Check sum is /
test,"!""'L/s+Ie Z-\
c?4b,x#-|;oDr""",Check sum is H
test,[VyZ)nB`I:7%V#1S>5u5:7hlx<:DRAqs,Check sum is D
test,K]MR*~vAHM>eV=c{G ^#[cq:~Q={-RNc7\.yp/},Check sum is M
test,IV$A;_hZ1-|\'Jon/771>a*B{AgV<gQ6>@Gp1^,Check sum is D
test,">$ ],Y\8?L[P@WSlIJ3ad:OEA97a\C2;nC[|0C<><^+Bm",Check sum is D
test,)0~+T=</~=K%U	<DQ#EKUVK<V:!(dC	PSf6i;,Check sum is I
test,"""i"">PN_^-#gcCK^bCs\{y>,Zi'`GYfdSZ7@nrU$iJO#v	Zj",Check sum is W
test,"g]|3ZklE'G tQARW;>BQ_,/<0wE8PE~",Check sum is ?
test,"SWi_!{r	1Mjh;H""v2Q^v:T_U",Check sum is -
test,"k&uPH}|B""$x;WUYaTYzoQd',1ENrZLp]Pb*8I",Check sum is <
test,Y*y[.wm$I\	m%a 7,Check sum is %
test,|u,Check sum is Q
test,"}}8/3Ja|p=h'u6>3'8_{9izku]
D-k[@Halmg>b`
VTp6b^a",Check sum is *
test,IBR	U#.%]+,Check sum is Y
test,4(-.f*?HSa;E?P.FQV{2@^ba[l;EN6:/\qw,Check sum is R
test,"TZ';|adL""$",Check sum is C
test,"j	2VZBR8>%dV$*_p""sD}R_w	qV;%X1%-		A)Tw"",+3",Check sum is 7
test,"I9/1vavw1,~",Check sum is !
test,uLQ'vflA;y>#u6j#]Yw<Jv*G8SGDi	nAd,Check sum is $
test,8)[IrhEd<N:jgCvDVh(eLNF lDU?3e:,Check sum is [
test,"p<K8F\y oXVO,Y2hT
kL\q",Check sum is 7
test,nD @q{E$C,Check sum is J
test,"!|d/i:?QYGa(#)
Z"",\ve3P<P0TP2n#=;H><0?Vtx$I",Check sum is _
test,4iCs).PL,Check sum is &
test,\x['Mp>\=RxzE1hqFrAPNA-XX[]gY2o;fV,"Check sum is """
test,"""B4k78~=Pr	\
*[S%r",Check sum is -
test,"""GdB9>f",Check sum is L
test,GsDI/RrN1t(14.MSoa/FpE;I*eEEFFW	|+O4Hd_Zbl_rdznXg,Check sum is $
test,"M-f` N}I7P'jGHsG:M#<dvus1_JD)*|f8'ar?,/$;zJob-O6x,",Check sum is F
test,"z""k+y*<7giM3q[+",Check sum is /
test,"=fcl-&<V39
T/G
EV#!%&MG<C5oiJ7",Check sum is L
test,"K0	E""i9gju07	z,94NqF;YO",Check sum is ^
test,*@]:}]AxaJ#AV,Check sum is Y
test,hJz]-4.h]%!?W,Check sum is Y
test,"{m:vOe>|h3Kbs!GAo`bPYBm
vSgSF",Check sum is &
test,"&
Y17Ko	7(F^",Check sum is W
test,"""x&uW.b^N#x}We""V",Check sum is 4
test,"q5b0*cn7iF|
b9i\99_2z2.N	4t%^|Y""K9ALAOD
_}BQG,;",Check sum is A
test,MA%jikbrof!~[?22CN%e~,Check sum is 0
test,3-G5gPF~50	PTOYr:W>4uD;N}Q>S,Check sum is G
test,_!a~`I	 _.fVQ	z	)vNY1O!	/S0,Check sum is Y
test,gsLR4O;_/_(mxk>WZq2Uli.,Check sum is %
test,"ZONLITzaReVTyUQ5 xp""Rw{?+,VaqhFz)/QZpuZ/""SQ%)LnH",Check sum is +
test,"/KiHbr,\$e=_",Check sum is L
test,"fral,",Check sum is 1
test,"%C5JwB[ }
cPdb0;Y#O%ZI*eB~7Hiw",Check sum is '
test,"3Ygm= }:hkmaF=+sXfV@\wF[GQA@{
kU)qP'q7C^NCNqo",Check sum is U
test,"-cSuq&o+vkCc O\fd()~8k""_@l>","Check sum is """
test,"sK~{@,m`?RG}B!b%WV\`'{~tW\[G-Cnu,BS5EA'{yI8>6",Check sum is @
test,"W6,",Check sum is Y
test,~K!i;T:%W=.N,Check sum is 1
test,$GF~}'3J[\3'i'%@QASU]b{dW\NS;L#ptrH+\YLw3`o,Check sum is O
test,"im@Wa5T=So[[X""XX?S@B}xT]\)[6@N~tz)0kS",Check sum is 7
test,"WiUFY `#>R#'KG<i\vc.];:W uDi(
wJlf",Check sum is [
test,`lSAMoRetNjHOqhhl*.5o|CBtdPW3>/+(U;@2\g+FaX.~8P,Check sum is 5
test,J:[}0$vk$aqM{HHGgfg4A p,Check sum is ?
test,.e. W>a2$`a%)[6 Gs,Check sum is G
test,ru	!ylD|	3th,Check sum is .
test,"KO~,l7v'^E*`{G:H:yT[=~I}(w$)Js|`{']GUGq;V2b",Check sum is 5
test,"X#.[AoaY'4m>H,&\7H>gt XDp",Check sum is N
test,kg)Jr_Txgv,Check sum is _
test,q73T7|LuC2w}3[h$iCQbw$:Bt	N7.$,Check sum is P
test,JLv#B{a0F}}~pVjH;PTNjBmb7wSBN@3h[ W(MMc,Check sum is ^
test,0%_OxZK=u<@%jy%i6/9\~?UbR[{A04$6%H9SYk9&S'T|,Check sum is ?
test,"G+u3g0RV=-qf3:ZoQmir[M
Hm;G~'##NlK+5/uj<|	O=+",Check sum is H
test,">*q[MDzK""SqMZee_jh.\8C;qBcM\k0zteTf[1i/aW",Check sum is 5
test,"8JE0%*%Y)5@~;3c2?/""Ma[Z#m=K7w_QM
GQSf@\t[=rn!H%",Check sum is *
test,"\'Xk:lk\3[0}E-5$s<+fmO+$v,cZ8n|bU6	BY'EITH",Check sum is G
test,XPEHrKSetc}l?/	p%.Z^U\vSk}x dvltX]gRe:C`VL,Check sum is B
test,v)#-^)N=$44=SD$q\-L)<b`Q:#4Z t`7]|LkGO,Check sum is _
test,"d+V^X(ESd}RvUm~^iz\to|zC~3l%fmmG!W&k9),f.I$nQ",Check sum is =
test,"3cu6FVBWvh7xtM,",Check sum is P
test,"70^b""m'GEs/?<zt",Check sum is T
test,"<GmmzNJeEn[}PYnq,qif.!!CGi:6TqavWo}gqVG.'[;RqY5'o","Check sum is ,"
test,"fk6{jeE14DgYL,@nrL[[",Check sum is 9
test,"Src:aT1
RG|-VF.?s`.UYI",Check sum is 5
test,	6=L1a~6	*ply0rol^,Check sum is Q
test,"L jGDy`""DCi+NV)dN,;l2t&mGnb6_lo`@*#1KAhCXa`OJA""+Vt",Check sum is H
test,_~hABjQQOQM,Check sum is !
test,L' zO=bIT<l_DLUMItUVMuLm*>fB&_,Check sum is )
test,"d	>N{lL5NKSN5c7 }RK}GhP1fBEN%L'7XZJR4wsN,Fb",Check sum is I
test,"3fUz*&bVd0b)z,'1?.(OZG	u
,{y?cnr~&SFS{K2(",Check sum is L
test,"Wky!v9dd""T-!LW!}",Check sum is 8
test,aRj4(=Od!c|9T[|#TL;*j~eQ=KZX]juII?hZ,Check sum is <
test,PZ/_ B-yFzUqu|~~,Check sum is S
test,"3e9R[TQM^Fdi3m2,%i]<eJJ",Check sum is _
test,(	7hLs}H3_)pHEy*/n	j]f`2-oF/,Check sum is E
test,"bVv%S6~_p14k,7v""+n7!l	ljn?p_y",Check sum is E
test,"QNuBeE#}ttH{xIrH,wt+cfX;Ok^==s';
gaKa%Qrl>XEiXo_Y",Check sum is @
test,"(e<]/*'f+#hC""8 e9\B{=2XWx27#LUU*	zR?&	*""F}K;",Check sum is 0
test,"p~LGywK2(""wZlUOHif	l\2`w'`@it",Check sum is N
test,"U
ug*| ,!>YB5x0E~	O]{S eq""~tn","Check sum is """
test,"D""eF1yEu",Check sum is U
test,"oxQxur~\		E_4[du*
2$W1OtmT'z,I",Check sum is [
test,(+Pti{<t3[|,Check sum is U
test,"-
OjOk[R0ZNP.hP7$0m 10cMH;[pj",Check sum is &
test,=2_52,Check sum is U
test,Nt7_N8`0N4,Check sum is P
test,j3,Check sum is =
test,&mV&10jL3Cd1[YTj5ST	$t,Check sum is @
test,:g,Check sum is A
test,"R@xUIcf3NdVWS
GK#|(^l]qij4:1""5|	z>E7_	",Check sum is [
test,:31-Aqx,Check sum is U
test,"#=""6\qemq
@16zRCd9J%*5/??gP5DMEp9>+D7Mo*;4S\",Check sum is S
test,"|T5v~r6
C_%Z10fx{_Mfoo!+0$c]*:vk7W?3M",Check sum is H
test,$$zT3AcGV],Check sum is G
test,"F2=I
~}|A3rjQp",Check sum is 0
test,wV6K-LZvR' ^eK6?HXHL-$eS7Hqd;::	E3mtN`u{=NQ,Check sum is /
test,\P,Check sum is L
test,I1qNSGG6BdW_K:-Z*w5r.2,Check sum is @
test,",[.S/w!`WA{0&[~ :X|/YPqBn9h1",Check sum is J
test,xFoEVDF5tSm?&-dF9,Check sum is P
test,"^7nw5T~rC|*`T`.iYB8#s8!""I	fQ/2+WtlZu]W	\0
($Z",Check sum is _
test,",Qr",Check sum is O
test,"r!)z3z)TO5P;6#V<k)?oS}lq-Kb8n>WuDnH*FVhar?,KJ7",Check sum is %
test,".'?'MPwYS>/K<+[sCX-0,6%x#/+VP\Uo[H ",Check sum is E
test,"vSp@?JZ:<%=+~Nms8O-EP""O0t_@!	C+ G",Check sum is '
test,:o%le$,Check sum is #
test,"cL)fqI}9k6cjP6C""OWqVYVo9wK5""""E7","Check sum is """
test,^gM SuF,Check sum is  
test,dr&^vYZd1NmCrzxp*p;<M|OEgWJA}\F-:+sx-P.Q(Q4k,Check sum is 1
test,fGLx$@rj|MsrX6Q3!vk,Check sum is S
test,"A'
=bR,QY3@F/7qAp)>,va2^1F:\ZNr$ntd^-_5?d$Y6",Check sum is Z
test,"m
",Check sum is W
test,"&6$LIz9gJru`[n2oQU%(uruth/[K3|fN,u016`3,D,""R",Check sum is H
test,L|;]Dzi0_#kPHq=hkxS|)BV8?glwGg,Check sum is T
test,"V$@""h=k	>=`H'Guq!&%)q . U7 EY@DiTRdZ`",Check sum is ;
test,*/nCh+%~#~0.6Ktph;37tz7,Check sum is 6
test,"Dk0kVw^0i#0A](,rJ2$n&MraaH7C*t/8!rwD.y.  _8Cj",Check sum is H
test,"dkPd,{D hz3ASQUKiQ)#5;l5|7",Check sum is R
test,".2w9R+aIJ+YuV%s:@;WUK1|dj1C-uGxp%U>hpl2&@)$S>""^D^",Check sum is H
test,;q~*0x*ZU8*4''NC:l{p!85e[uj|,Check sum is $
test,)arHm4BzR`t,Check sum is '
test,"@7shcUA-5D,)cb]0]X@sR-",Check sum is _
test,"(u1ey`}
(%c&bwjVp&i1<IfV",Check sum is S
test,/uo&y4O,Check sum is U
test,"""9+maU=#> :Tq_|7
_~+R",Check sum is <
test,9DU#`OJK$,Check sum is =
test,"r	i7^>/*+aWDx
m>bd>",Check sum is H
test,{h2C	Kyh,Check sum is -
test,r_9Yu\5Q@pDs.s_+~,Check sum is *
test,5>r}O^Yh,Check sum is 0
test,"/~|)\?Mum\pCgsCg\z2(c
Q/1",Check sum is ]
test,"A/y//79(t5S8_jH
Lq?65s`L&v",Check sum is 0
test,@[E&6(:]c:3O$Z Bkol;W=aJmy1uglXW0XL-MK,Check sum is A
test,q%DOX<C7/~GfdV5yrF{{HW,Check sum is &
test,"7XF#][631_tt2(gl/P$z`RN*9s""=;XOu(>0t]	[>	W0^",Check sum is >
test,h7P;@q%-Gv'&}}=OfdL,Check sum is 3
test,",a81",Check sum is V
test,j)9:3%w\268-F`\(wWA,Check sum is W
test,=GgZj~MLLYi~,Check sum is 2
test,"Y(?e2v2B|eBCr/VZ2e+q2/
t0su*DFGay",Check sum is W
test,"wnc}+-:
Pz{Xe5z!es3PVS7x`&Q0k8AhwF .'P|> Q_zFVB",Check sum is =
test,"T~E*1sVLGu\crl?
|0e^]",Check sum is U
test,sjyv)V4[}kq,Check sum is S
test,/KdeQjbtA/0Z&DJ>#M#f*L+(-u&:HXyHWZN%8^\vN,Check sum is _
test,"QY4l|!N\OxDF_i>8iB
^opnQf5ksm9;z [WGzc,4g{{;",Check sum is 3
test,"MGW%B/Q.h\qh1>89<m21
O*Da8+wI[c=#{z",Check sum is G
test,-S80	mP|m$cc-cyXB?_8_Vrv}5Pn%F^yh0;{A,Check sum is 8
test,2dihRJX7JgB4bHzy;}&xx8aT,Check sum is 1
test,hGNA$,Check sum is B
test,tb<9oI{ZBN9s\,Check sum is P
test,"*C!FC(HW,
U@a*Bze14y5s@o",Check sum is *
test,-K/Uz\)-,Check sum is H
test,".f-{-[""E\Nb[T7XpW_ xNg5",Check sum is =
test,"IJjN~R#,o6hwAX<T<iUaJplJc}	RFE""HMwE4\$Y2[OFC,N",Check sum is '
test,p J(1PXA_O){:YIHdmVYBXz?,Check sum is E
test,P+|5`ceTy)HCt;|[Zm!r]j,Check sum is \
test,BqmE,Check sum is E
test,[L>],"Check sum is """
test," ~,",Check sum is *
test,X-Z/&%VHt_n	*j3UfW<y,Check sum is /
test,q #YAtE*,Check sum is Q
test,"m,#Q",Check sum is -
test,",t,9x7 S""Yl-XT",Check sum is G
test,":1asAKi'Np
,!E$Cg\UllCsA:y:(;p+:b6x'UVFo
p4+_OO=at",Check sum is G
test,"^'80^EpuQYPL`AJ1jv 'hhL(\=cC$	Eo(mi'+|OY""""h#;hcd",Check sum is /
test,WZ|,Check sum is M
test,{NriIgv3_^-H!3f,Check sum is I
test,"Etq}peO,gWcj`4md
9N.YdrjJu",Check sum is ^
test,ekI6[/$@i2A?yEk$1fhT3{,Check sum is F
test,"Cnf|QF?9A./gG]T,G?3t5}MQa|3plbZv0Nb	Pq
",Check sum is :
test,_9+6%mXA1Az%~C)I^hyg\NCid@QUz,Check sum is H
test,Slyq>rimAU9,Check sum is ^
test,"CED,T Zf}84toY20HN&d}
sA!N",Check sum is ]
test,"`'Um|vDVD&""b_3~'^u$yrEtU&IF.4Qa",Check sum is S
test,B&5S,Check sum is P
test,7W+PmJeRHxJ'W><)qKg+NP;Rp7AZ6]AE].<|{:	`~3c.=J[D,Check sum is _
test,"C
|=8C'I^S'tQ+/SJ3(F",Check sum is F
test,t&@g`/1O3.eBkPL\%VaCI1tY`z&uq^2{Vt>Co[;L }ut$NYbR,Check sum is S
test,vD}{1{j<*7,Check sum is E
test,"t=E
l=ubQ~#0MH*v%)BI	ns
k^",Check sum is M
test,O82$]|	F_WB;h2,Check sum is 2
test,"g%%s,plc",Check sum is /
test,");bPj""!
&cSu*x*lV",Check sum is L
test,A4oX1T>Cews59nq%nwcD4,Check sum is #
test,|q9+*Z^yZ,Check sum is &
test,"B6m(j\=a[@wZ[r}3`W-#
Vnt<EN|",Check sum is N
test,qP}aE*uYW7^ w7dUn:O#0 v$i(BO)\<T!e0+2A?(EPQ_k,Check sum is U
test,"5qh$Qz0TvL8""UrN%uDK2hj[Y8qS2Xm9$z(]fv*49x",Check sum is -
test,"\H>-\D}n@;""}Mou6tS 6<=g{?G",Check sum is 9
test,"\nXS*#@(GZ,x=:f~glf[$?2G5[D",Check sum is .
test,"0%TXbm/*kNfj
4bv_~zTx~oSdaKo {	ci~9tAkB6&YZkA",Check sum is N
test,"h(Pe&0hVHdCmIiYcK9-h2r@}XTr1bi)tR{@Or
xL",Check sum is P
test,";	'7_j,)X(0tzf FI6~%r 3o",Check sum is  
test,",oII"")&aA0F-r/:$~X	o4~#NWa[ruQP_2I5!gM#KZ?",Check sum is 9
test,"\JXjt,fb7Ou<Z_ZS:",Check sum is G
test,*3Yb~ug\9;J,"Check sum is ,"
test,JA_nX<)3IPC)Fm$0`(#v,Check sum is U
test,G2[	F<V`3;4sZh(p	nN>C,Check sum is *
test,\M	sU\z	 sk+Bmf	*[}S=kbS,Check sum is 2
test,8*xN+tHWI_]wx&q5!O%bDCR+]66l4V,Check sum is @
test,y3K.C,Check sum is H
test,y30!knDNQG9=t0<,Check sum is 6
test,"G]|4wYe
pl!jG3-Qd*f5iW?8J`\b!Gx];""B~'{c;",Check sum is 4
test,"Dc[>^UY
=",Check sum is 3
test,Ls&0I9}V8!{gJY|AL`J<St,Check sum is ^
test,E\%G/4!)S`f9-95/~1ui+dus5,Check sum is /
test,"k4.VDi]v(C2bD
6
eU{~;]g<$pML ,h(pv<!JE&",Check sum is ?
test,"""K@]_Cb;LRg=)U<_3]r",Check sum is F
test,"""}:~",Check sum is 7
test,"=""({93XNyr
@pFRe<@HKMN<o	B*\1L",Check sum is 9
test,"G
)3)n,GGJY\DU
 87dg7fZWU:	jl_wv
vy>u+d6Se\ph+|",Check sum is &
test,"""BDa*+'tbp/&GZS%U}l,/@yg/QMXWt}pzUGf3sW",Check sum is (
test,5:+VB.uWdeA,Check sum is V
test,'F%9,Check sum is +
test,Y2[$C	j},Check sum is ]
test,"l(n';O3m""ZT)yJAREs%FT	!02Pb",Check sum is 7
test,4n|npJ&T(,Check sum is H
test,",x0c",Check sum is W
test,	9}13JB>vf70fVCJ,Check sum is Y
test,"WE<wj^zgVD5^}colnmb62w71jPTmC8{9@nyXIQB""",Check sum is +
test,"&k8#K""{x|3*/2G6JdN",Check sum is _
test,",=pqF1,}}H'/i3!rDQW\fB1Deu)=JgJ]h('",Check sum is H
test,"R*bscy4BIi+#?""IDiTxL	V""8rj5sOaD>$Z
>N%k=;_",Check sum is \
test,4ukF#t?d?a,Check sum is T
test,|BMI{dB5bUA.+~BjQ_w,"Check sum is ,"
test,"TLYTx4]3tx,Ob-{
dqe\"",&V=&D&mugWKZ",Check sum is V
test,"e
qwfv+Ot=:S4Gf","Check sum is ,"
test,>%Wxv;`uN2Xi+$HF<O	W'#=6|@Y[]@r<Mk-N*5$Tn,Check sum is Q
test,Wu$bXle!?y)h4F2j2D*,Check sum is ;
test," 0H0SvkR4G\@w!8x{;fs&
[Ugs*@VkSh6_m{/7+B\",Check sum is (
test,"Jlp/wImt/259:.:|:""KxR6kW*H>T",Check sum is 0
test,^FQKG?nDTn%cmGs1K&}P,Check sum is 8
test,">	dV9gl_d![Y[KI7PeWrW|6n8sSG} |(sk]2""""'(}Zn
928(cH",Check sum is +
test,"M5uOh%&^?@	#~@3n	^b>,gAQ;-",Check sum is U
test,|Ay9RIdFbQ\w>POBew;PS>VO^\I}=vm )0WczRxo$*Gn]B_^6c,Check sum is T
test,"],?2Y9vAO3Vq[oyXbc\ ""^Ou$!x>B*d	!r4d`""t",Check sum is A
test,"~;wFXGB""w|n}xZ	S7P,sd'Od<N	!Q:AW.dEOFYv*	",Check sum is N
test,~KAF]|<K0=m8n0Pz}s=d}>*i-o7AT5FeYA/A&Hg87Rm ,Check sum is ^
test,"f4A[PBheF 6	*yK|'Y2Wb	P;,.",Check sum is ]
test,mZ`j_=[Is+AYp8tamY)LuzG\,Check sum is 3
test,OM@	p=/$/rIMVLSYUL;/UQa&=H[xYrafZ5Z+#,Check sum is #
test,"0K`Ya+d5lGp=8<UO
[P`aJ%0-V<Ao@e[=(>r",Check sum is J
test,"m*X~-mp{oSA,SC@^I$$jnGo0{",Check sum is ?
test,"zY/L
F
Ue}",Check sum is ?
test,V&b_lw|!m$<\N>GMs6qX%0zBI!>g(Q&!~,Check sum is 6
test,K;e7,Check sum is B
test,"|Y~-bO;r8SM&0]+q47./ GLp""y6CyC`vpEJ%,=B
Q'pri&pbm",Check sum is 7
test,"2V$O~.hfmesDIM*)V]cXM'hm""2{8]SbeB.,s{pjD4|k@_-1P",Check sum is L
test,B`!&f>hHBL:k/<Ld_)#nGIYZ#N0nX`#|J$(Tmt;X,Check sum is K
test,"cj6{AJc0l4%,+qa;a!?K9%q`~`xoX/nvMd>9!	","Check sum is """
test,"mR{am5yv>UN(KIvAh|,Bb\",Check sum is 0
test,&oX,Check sum is M
test,qo2#/p0^-:[>8N73E^HI?nuls%,Check sum is L
test,NI7F)o(u]n~Ice98M	^wKS,Check sum is =
test,_8y6VUF6Hz[rWt[,Check sum is B
test,"Y{KPmU:>
-Y< GIa
JME7s(tU'v,B[",Check sum is M
test,SUeX{muX\f>cjFS3gaK_k~,Check sum is .
test,ZYV}phG':,Check sum is &
test,"_6""Pq2*O",Check sum is C
test,rsiM)5TCnG=+WktfUeP9i6vjv]&w3(Nj,Check sum is .
test,"ObCEBhWG7!=l""	 3V/;<t7z&C,",Check sum is V
test,5^[K6EbP~c,Check sum is '
test,"Z.{6[
Y^me^mq-1.q<wA,b8%<$0*{kvL&Q1",Check sum is )
test,!GG[gRH['l0aIRx'I#1tlhkXfpV1,Check sum is )
test,`fP$C@6i`zuw^<Yy>.6B*?rMGek;P9,Check sum is U
test,"Pu1|[+gCV""V{.$F*h! w}f'*X>ck|*`ns	,s",Check sum is T
test,"kKyqc#(""|7bKbE",Check sum is W
test,nDjN{rR}mv3rvQ,Check sum is U
test,"2cD:""Oa:i*K4J]02c-Y\=@et%6R7-6),&lXKmDb<%3]",Check sum is J
test,F/Hc[I,Check sum is $
test,Xwz;!:@r/q$Vd3Yw(e2]	1fw,Check sum is %
test,!ZTt3iU9}UcU-T{w)diPZ'zahMP3n+CPlO)?$EN*,Check sum is T
test,",vv|N;z/Ds)5nc]hG\<g_3np!NQwyaf.WEy",Check sum is A
test,<=\V%xD=Yde(2x-{v!,Check sum is \
test,"[xPoNHJ2""1Z",Check sum is 1
test,"cf+Y1eM?vy,%g#`X&^>Z5g4	-9.Wr%$ovYpD]EDc&i`1[q:9",Check sum is F
test,"zw(ve]lVegAl1oyu.H-""(3f&hWLh4[>d`cG__@t",Check sum is F
test,":v_oqt-_jxIe;83kG^MK9	\@cq#XBWeu
7eX5t7ko",Check sum is E
test,"3S2;IDXKm,$_P<#@Stq@?74Ohmk#]&#m>1<;tE9iPr_B(R|C",Check sum is R
test,lhw#,Check sum is N
test,"pdHqpD+Gpe5@+(;_;[2{+oSz~!,7ozk5Dr7*U-",Check sum is X
test,"I4?-D<V1w2zt x_>sJOvGQ9_0^,ViQk/Km,V/;-V",Check sum is Y
test,"
dLrl/Z&`>P?L 1GeKis0=v-0>[\f?8<=*Xs31**u}y@J` t]
",Check sum is L
test,"Mv}f$)Y""7jy&O'1m/#;^tN\=l(}>ip6bOYY7IxBv?C4*[",Check sum is T
test,"(L]mxM=2
LM(QR);Z=X",Check sum is S
test,2''05;yUl)JU=}iS/)&FjKDP=GS*aW%	($DVLc6,Check sum is 7
test,"(sx^F{o1'nT_(*\!,i*M=u/Q!hA< c",Check sum is P
test,"Ov1rg:Yl?^""e5DZv*_DdQ]L#Q`",Check sum is Z
test,"]-{-kyg2]e0Q5(!aN"";hJwp2_2",Check sum is 8
test,3p\qCJzSKu~:(Z	,Check sum is -
test,"JW$=$!>KS
j
pI?_zB8MtIa Rx",Check sum is !
test,"t_u""Bj16#",Check sum is @
test,caSM$xs;2JB5O4,Check sum is D
test,"vZw,f34y7",Check sum is P
test, V,Check sum is V
test,Bw=hF/,Check sum is 3
test,"p[fC`""<y$':Tg#rT1zyVLMi1w rQ0:Nxb7#^B,5x>e3.x",Check sum is \
test,"<0lwpScxvQeOLs3BNSz,4",Check sum is 7
test,b0(5Ox4gz@-73,Check sum is B
test,"
z#t2'g)]N/,2K2",Check sum is Y
test,rn;+dp8),Check sum is [
test,u2neyP,Check sum is #
test,3Gx%O{BTGm-1d:<dpSUu;qHOfA>`r;^TdS7[85S,Check sum is $
test,YG#yewv`vL`=] ZKe}x,Check sum is )
test,"rVJY&d""_LRmn~$gnn}[n:V+b V[ng|Ejo$",Check sum is ;
test,/}KWXC?hz*lx%,Check sum is ]
test,`(5 3Zo- &=Y*YZ`uc@P@?)58GI>(P,Check sum is B
test,+4DXi`7;/]J]J-7t,Check sum is +
test,"~uBEZ
]	v+(!u~z|LG;&	nmm1Lxv-
zch",Check sum is #
test,`R+2+aYZ6?z$L*%NAXO7&eY03d:,Check sum is .
test,"#VMG{Hvp""(iK]?ao:2\]_GwH{mg&dj",Check sum is M
test,!S4.'\'E4#ZkFq,Check sum is 8
test,N[4;M\}%W)f !F_E7{snL-{%*>@GT!Hku)e9r|M*,Check sum is 8
test,"eEDWey=2^iR~;t
0.",Check sum is  
test,"ApH/|M6sx.L`bQfO>&_DZ7F;'?5Y)O,/[Z ",Check sum is )
test,"""d8nbDP1M==`/Cd",Check sum is 0
test,tBoC->[OWkc4H;-,Check sum is &
test,"""ys XhRmee{iol)k00",Check sum is J
test,"kC,>e0a6+,T];`h&",Check sum is U
test,"#iX$<u5W) 6v,3DWi?W7<B-!
Xk|LD6",Check sum is %
test,;V#7>	(WSf[ARg~x^s|k7%gr,Check sum is B
test,"^uWGF'W\K{Rd_%/)'
g~}\GiV b(BI0k"":!""@~v:Q9x1",Check sum is N
test,"@@5O=;Iug8[_,tE9P}	X8tdoRAI48n*,A656","Check sum is ,"
test,"$\ptkjD[I8TQXV//Yb-TIuP:IEF:zij,jbxU-
Ey$\,wl",Check sum is R
test,K{j c x,Check sum is +
test,"|""(zAm^Ji2dwYgJZ%FXh'ccCuY",Check sum is 9
test,"gr6w]_;_6R3(_[x,bqx#F43",Check sum is X
test, (p={dPQ\l49o5R5BO<Ua,Check sum is 8
test,"Y,Z5!0PNk`YWJ$<c0<4`l",Check sum is W
test,nGEe25f1	|`b5sf7?PRt'{(S#B~Z,Check sum is 8
test,dMAIc^7`UK~Dk,Check sum is @
test,"jml[`;V1iBI6@N,9I;.P/.i>,#4l:j=APgn<^",Check sum is S
test,jT*G3	j#.%0Yw/![#iD_<;do<C!ucK!e	^B5xl!l-;j*LgWF,Check sum is 3
test,j_pzuUMeGB>UK}s/ot9N}b:I)sK\!e~^A:\O,"Check sum is ,"
test,";=+@'rb a9?qZyY^isdU	)&HO0""SW`L
I=
C4KDz]RJ
L4s",Check sum is .
test,"}CDYtK`H@crqz/""G+xB",Check sum is !
test,"zE_]Wk
C'
",Check sum is [
test,V4mZ	7l%rr H/y?ZxS5	RX,Check sum is B
test,MnBX26,Check sum is ]
test,M`?^lJ7y[	-7Ujr!LFsw7&yNj!gh\k@!jsw>qg -7us',Check sum is I
test,"=""To]5Z+;Yz\_4yAfbA'*SBF HUfjs86!$'H'^%V|!q^Uc,E0","Check sum is ,"
test,"N&w_ fTaCHx
XG'jRPUUj0!OG#","Check sum is """
test,ioE	Dg%Em*9-XJ5dBO8@IQ\nwF8VE0Y,Check sum is Y
test,"oOWN	{$P,JF|1J?[	JYA:;eh",Check sum is 7
test,"$E=t1$K_"">mTVnDk:t/cD.E>-GAlP,6C
6
~?VR0V",Check sum is M
test,"0R up	k""p71FA{Y /i'}:7&8#^[zgc P)V){%C._0B{kZI",Check sum is >
test,"[_%w)S@(DEL_kswE3d0fGHc+""Yo5w{o=|(QALSYNA","Check sum is ,"
test,"M7~G(GnO^/iR5hQ>tIMI""X>k&",Check sum is %
test,"8g3m~%t{2""mc!R1&h{EU&}@KI24Wz3|s	+2dv5;pR4mO TmO",Check sum is >
test,"@&% n
O8*$",Check sum is X
test,"J3VL6}6,U3"" a`.u6KnFyODAm \oy[Y~(}","Check sum is ,"
test,02>KdL<nN{(!(,Check sum is _
test,"8laH""I%q J3pu'E@;~Bv.a-X'JNU(CsJ5",Check sum is R
test,"G-,QsShp",Check sum is /
test,"Ji&'*%ga?1VBk^)a@]4d5Ig[?`V&1,S9H",Check sum is S
test,	gTB$*p|X`YjJscHv6|$UWlj.{w>d-W8YY@1^Iz$gvN,"Check sum is """
test,">
1/s4Oj3hEA$""_N)D_l{4\V%5\(0d""|myi~jvLm",Check sum is K
test,eCCUQY44'tijnPs*2X^,Check sum is #
test,B<,Check sum is ^
test,"
Pbh15wUaUNvR6(c,5~?@DzA""s",Check sum is 5
test,"7CYV`Fba(TpqG-qn0Y~`#G'
g])$`>9",Check sum is L
test,"TMX@No/Kh|* SDi;t""\NuzCCkPnvYy,diUu<->CmlOG",Check sum is ;
test,"Ta:k8.j]vja<
9<K9O3i",Check sum is R
test,"V&%.sX,-0h~hHp*@kkgt/BHiF`y/w
Ox!#RqeKi!;1",Check sum is I
test,E;<Xf,Check sum is Z
test,"W'C&c,p-5+FM^z,${QI%bl"",P	5SO32$\ 
dXtm4dr}Tt",Check sum is O
test,"zj;M~Bh
NJK*%",Check sum is 0
test,R0,"Check sum is """
test,BdIS?F,Check sum is '
test,"7%Krn4
}T<l\qFQx`X!!+ YDZGdcC!bNofPssgA~39pJ6J/0i",Check sum is 7
test,"P7aEt,Yz""6'JX2i[EA	#90{%$rMltCwh.",Check sum is %
test,"_#b#C875gR,C@:m'LsV`;W.u;iA)d_i)$",Check sum is 5
test,"e9H{i9{'L;z^0<Kw/9<1gB;t(K^#NE""zcD~|hY]2u25j",Check sum is Y
test," 8f""H9oYSl;UW1S%toE@W<B
N",Check sum is -
test,"9hHTm""ZC12w0*Ud'yN3VsSb`6cJ~Kd6ZlckDA]$*)",Check sum is (
test,m]=W3_,Check sum is P
test,3/42H<o06t2^)G$C,Check sum is \
test,"ah}j/ycgq_9;Jh{]Kt YbFR4=Bh^R&,of!A_{l<
Q
:",Check sum is 7
test,n#ng%`b$RNtr'%.(o`;	QZ*v	}j1,Check sum is 8
test,"HXwDYZ4Dl@""JkTrs<R< Q(XWGcF]E	Yh8eq{nA[X(L)c8jRw",Check sum is &
