set,input1,output1
train,,Check sum is  
train,	,Check sum is )
train,"
",Check sum is *
train,"B
","Check sum is ,"
train,"

",Check sum is 4
train,"

















































",Check sum is T
train,                                                  ,Check sum is  
train,ssssssssssssssssssssssssssssssssssssssssssssssssss,Check sum is V
train,"CD
CD
CD
CD
CD
CD
CD
CD
CD
CD
CD
CD
CD
CD
CD
CD
CD",Check sum is 7
train,"x
y x
y x
y x
y x
y x
y x
y x
y x
y x
y x
y x
y x
",Check sum is &
train," 
 
 
 
 
 
 
 
 
 
 
 
 
 
 
 
 
 
 
 
 
 
 
 
 
",Check sum is :
train, ,Check sum is @
train,!,Check sum is A
train,"""",Check sum is B
train,#,Check sum is C
train,$,Check sum is D
train,%,Check sum is E
train,&,Check sum is F
train,',Check sum is G
train,(,Check sum is H
train,),Check sum is I
train,*,Check sum is J
train,+,Check sum is K
train,",",Check sum is L
train,-,Check sum is M
train,.,Check sum is N
train,/,Check sum is O
train,0,Check sum is P
train,1,Check sum is Q
train,2,Check sum is R
train,3,Check sum is S
train,4,Check sum is T
train,5,Check sum is U
train,6,Check sum is V
train,7,Check sum is W
train,8,Check sum is X
train,9,Check sum is Y
train,:,Check sum is Z
train,;,Check sum is [
train,<,Check sum is \
train,=,Check sum is ]
train,>,Check sum is ^
train,?,Check sum is _
train,@,Check sum is  
train,A,Check sum is !
train,B,"Check sum is """
train,C,Check sum is #
train,D,Check sum is $
train,E,Check sum is %
train,F,Check sum is &
train,G,Check sum is '
train,H,Check sum is (
train,I,Check sum is )
train,J,Check sum is *
train,K,Check sum is +
train,L,"Check sum is ,"
train,M,Check sum is -
train,N,Check sum is .
train,O,Check sum is /
train,P,Check sum is 0
train,Q,Check sum is 1
train,R,Check sum is 2
train,S,Check sum is 3
train,T,Check sum is 4
train,U,Check sum is 5
train,V,Check sum is 6
train,W,Check sum is 7
train,X,Check sum is 8
train,Y,Check sum is 9
train,Z,Check sum is :
train,[,Check sum is ;
train,\,Check sum is <
train,],Check sum is =
train,^,Check sum is >
train,_,Check sum is ?
train,`,Check sum is @
train,a,Check sum is A
train,b,Check sum is B
train,c,Check sum is C
train,d,Check sum is D
train,e,Check sum is E
train,f,Check sum is F
train,g,Check sum is G
train,h,Check sum is H
train,i,Check sum is I
train,j,Check sum is J
train,k,Check sum is K
train,l,Check sum is L
train,m,Check sum is M
train,n,Check sum is N
train,o,Check sum is O
train,p,Check sum is P
train,q,Check sum is Q
train,r,Check sum is R
train,s,Check sum is S
train,t,Check sum is T
train,u,Check sum is U
train,v,Check sum is V
train,w,Check sum is W
train,x,Check sum is X
train,y,Check sum is Y
train,z,Check sum is Z
train,{,Check sum is [
train,|,Check sum is \
train,},Check sum is ]
train,~,Check sum is ^
train,#C,Check sum is F
train,yb,Check sum is ;
train,lk,Check sum is 7
train,0f,Check sum is 6
train,}V,Check sum is 3
train,?8,Check sum is W
train,~&,Check sum is D
train,>p,Check sum is N
train,y],Check sum is 6
train,-#,Check sum is 0
train,",C",Check sum is O
train,Y#,Check sum is \
train, Q,Check sum is Q
train,If,Check sum is O
train,S8,Check sum is +
train,C|,Check sum is _
train,Z},Check sum is 7
train,[!,Check sum is \
train,",*",Check sum is 6
train,1!,Check sum is 2
train,X ,Check sum is X
train,3E,Check sum is X
train,5',Check sum is <
train,_!,Check sum is  
train,Q%,Check sum is V
train,rL,Check sum is ^
train,x	,Check sum is !
train,dB,Check sum is F
train,mg,Check sum is 4
train,51,Check sum is F
train,P$,Check sum is T
train,hB,Check sum is J
train,/1,Check sum is @
train,&b,Check sum is (
train,9-,Check sum is F
train,6_,Check sum is 5
train,&M,Check sum is S
train,O@,Check sum is /
train,`Z,Check sum is Z
train,`K,Check sum is K
train,f ,Check sum is &
train,h*,Check sum is 2
train, w,Check sum is 7
train,U:,Check sum is /
train,h+,Check sum is 3
train,Pn,Check sum is ^
train,bf,Check sum is (
train,>w,Check sum is U
train,;c,Check sum is >
train,Cu,Check sum is X
train,)q,Check sum is :
train,l),Check sum is 5
train,?\,Check sum is ;
train,HI,Check sum is 1
train,=a,Check sum is >
train,sRS,Check sum is 8
train,r:N,Check sum is Z
train,Z@1,Check sum is +
train,!U(,Check sum is >
train,7W>,"Check sum is ,"
train,enE,Check sum is 8
train,giR,Check sum is B
train,[I(,"Check sum is ,"
train,`)o,Check sum is X
train,i3O,Check sum is K
train,MbU,Check sum is $
train,"mk
",Check sum is B
train,Hci,Check sum is 4
train,"dI""",Check sum is /
train,>	b,Check sum is I
train,-T\,Check sum is =
train,7AP,Check sum is (
train,TqO,Check sum is 4
train,;/O,Check sum is Y
train,8'a,Check sum is  
train,"$d,",Check sum is T
train,F9z,Check sum is Y
train,lr(,Check sum is &
train,vYn,Check sum is ]
train,v't,Check sum is 1
train,uG\,Check sum is 8
train,tR_,Check sum is E
train,[$k,Check sum is J
train,",$p",Check sum is  
train,t#',Check sum is ^
train,R\n,Check sum is <
train,`GH,Check sum is O
train,tDh,Check sum is @
train,Y~-,Check sum is $
train,jNE,Check sum is ]
train,\Xc,Check sum is 7
train,-5Z,Check sum is \
train,X7%,Check sum is T
train,7Yq,Check sum is !
train,dgR,Check sum is =
train,{B*,Check sum is G
train,kB0,Check sum is =
train,]Dn,Check sum is /
train,b|N,Check sum is L
train,",rt",Check sum is 2
train,glN,Check sum is A
train,#B2,Check sum is 7
train,xRo,Check sum is Y
train,Q?o,Check sum is _
train,G;O,Check sum is 1
train,;[	#WEUpS0oR7obFtJpK<,Check sum is J
train,"*,|r]:k>v-%Qgnv,ubxQ#&z.NLl4MN[WqzDU",Check sum is P
train,=Hlkk`9;oa6*P*ke5t&LT!.qhcpL\oi80$Ia:3z!,Check sum is ]
train,|;1%3)RmSDQAZNEw?QFh|[H}$!8eU;rv*!X00VmpY%z$8i,Check sum is <
train,4`WnRmRc')xo#o~x)Q6$&|[uTOlcDGNjIjvA,Check sum is Q
train,ZPP[*i-I+qe<,Check sum is ;
train,2>HIG!UPB0R`,Check sum is R
train,"wc7$]
I]oL[#V,nOW""X/nGaHl<XhV{`|FFnFhnrK9HJ.,+1U",Check sum is 6
train,"bR4h-Pb&I:TBQ&[*8>z}_T1Tm^#v2Y<}'|_#>,F=",Check sum is )
train,wwC	:^rH<InlAguDG,Check sum is 3
train,"EfW|L*#""~cD u?D$#W[>	[e=*(kw<J2FUE=[I(/g-`R@sIUiu",Check sum is L
train,<@Sp<[	L`R4\eM+,Check sum is *
train,"oXS_/MBM9""k=Aq^(I]oT1}",Check sum is 6
train,O1yjnr6T\F#Z0\,Check sum is X
train,vAUQ0=jd,Check sum is 8
train,xo`(U\n\->DQ]5,Check sum is \
train,"zLU^^-pM""$""<46Q9CJU><IiR|p)'",Check sum is U
train,"A. }jh1RUG{pN(zZq65r2_,^j`.Za;1.p",Check sum is 8
train,"CJ&qb.vAp^""*ycI0G&K3r&thN5z-ag*on",Check sum is R
train,n<bR.@V{7MHOMs/D+1UJj2O`|{ B%z#o_V,Check sum is P
train,~ eIFu[n4cK{g.*Cj,Check sum is 9
train,"mYI4<Oa|jmOunT-O""gulr(",Check sum is (
train,0h>3^)m	#A+4zy8<	HNZB-B~JR9,Check sum is M
train,'lJfz,Check sum is ]
train,qS}'U3rozUmD._+I-3;ONWD(O:XTd:4ILSizZVByhH2J{hST'o,Check sum is 6
train,"r;dAu%Kb^6\p!pq/^Y?>.b,{""Sqo$gtvRvsZ",Check sum is T
train,",/MydI
^n'gF0t~lgNS+7",Check sum is P
train,SV|aFZs%iA[ZP8I\MQqQ_Ebrrcia-RkdMWx*VR0Ml]R/^U,Check sum is W
train,6U%)@E8(;=6{%4_;u2FSV	7l{$Xan2it+&RGR*Ke,Check sum is '
train,IO8@./>'|LJ)OLlkO1+i	&,"Check sum is """
train,"1H`%Zkhy2*W>QT}kF0cGXF{V""-r,vs'iNQ'.dNW(IAsUr/A`",Check sum is 0
train,"Mop]6v1^,,Sw)ub>=.,ppc+)U9m!1Q",Check sum is P
train,"w[%0>`Ys""_$Fk2KKIKORd%$!/e{z;3",Check sum is I
train, 1lOl5M-SSSt]u},Check sum is C
train,CSG}\S:?|Q$S,Check sum is &
train,"DgpGT:,:?KjP*xS:\=z[xXg7r_;+U.uk",Check sum is _
train,uO<	4,Check sum is ]
train,"Q
%i DF",Check sum is 3
train,${[=>oR!Hw=]DU@c%=7LrjSgQpEsjy7/',Check sum is 0
train,"w5=R[q#$'N[xb[rqNK
}G!>CDQJ37+Tv0",Check sum is M
train,!Cl+2O0@	8,Check sum is M
train,"v_-w2B3-d?Dk%F;JoN[pk,&<VP",Check sum is V
train,"5S
6%LGweDd!CHJ[hpfSSnf~o)sl:``[5*
+I%i'y{Jz#C.(h",Check sum is %
train,"`O$$:/7""C^$8Iqz@'7_z9f3};Zxm",Check sum is J
train,"|n&H=7/Yp0k9-j""x#O4z'A >cNG%","Check sum is ,"
train,\ZH8):x&kwy}A3#/Yf=7(k[8-;Osoq0|b%?>3_j$F,Check sum is .
train,1DZ3,"Check sum is """
train,"5t{\D}1Q5,b5${2-v~m`%:^B,-eYpjKkP!)Ie",Check sum is H
train,"9)NdyQ3PxLr_:cN@
bkR3<-5!RWZ:a-<@""*PY@8qro8k.$.0R",Check sum is G
train,"`u.G|r!wZ$P9MU)G	D(M;
(vk#",Check sum is <
train,"_\*_)i@GF( ^%--^mgbRZJS);:&`
\",Check sum is O
train,"7xy#}s@
}3\?hTD>k>qhCf<<T};{oYo3aD",Check sum is '
train,4x[/Gl	x~mES<>)}|xw[%j&Kv!--GO}2i?,Check sum is Q
train,F_4BkGxKJmr,Check sum is Y
train,xc,Check sum is ;
train,"'X;Pmg`DMW\FBb;|qm2;R;`
sfG ""tGJ6^p)]^l1vD""@%j
(b+",Check sum is [
train,"-wy@bL{&2p>TF""kto`NU;",Check sum is 4
train,EC+j!v&(FN	h0bf3,Check sum is R
train,j7daR^w2<PDIha9DNX-pB'S-pSh,Check sum is U
train,0!,Check sum is 1
train,jYn.s:\dAo-z$4n^6d/(c:q,Check sum is &
train,I9HD}5ShN-kK]5dC$]]H[5'N*9#H+M{r.dyBvGb,Check sum is O
train,">*^6AP."">1h:|,Z7@%07(dEn;[&",Check sum is N
train,"p6?(yWy%vT^:5A,PC_	Ui}oL_cNDU
Ng1 [n}|~emA'",Check sum is C
train,3kh5H3tz`-QPa}Sw/v,Check sum is ?
train,"Q:qAD\u$LJ{BW$tU4iMzl|#_R`!?Is>H'|
wC",Check sum is 6
train,}Nob+!A<yZc[iBDv=RVnT`Wu42udDP6e-n,Check sum is W
train,O2.t_2l2vzZ#>t472,Check sum is .
train,"#^E-h	}\$,c",Check sum is P
train,";Slz""#u<~:/Bo.SCjWYU kp(nff`Gg9rc	[i,<AM$`,Q)",Check sum is ;
train,"""*c?(ogWXbb_t:Dx8g_;'	<Q{}RD",Check sum is L
train,uIzduN,Check sum is ?
train,"S_ARErQe#H@iXj	ucfaiLXtKS`pk)ps{
>s-",Check sum is Y
train,"eqyu-`/nX+h:[d&	xoS7yO,IC$2Os'H",Check sum is Y
train,uUj_Rpnq?tt_.Y0fXnF*WjguX\Zsh.M!o//|,Check sum is X
train,"pa?kM}%mMqKfsY&wuYmW,HDO8M",Check sum is -
train,2&p7Lo+kv&i3XoLL#MA5Y%Ib'hej*,Check sum is ^
train,#KpUBD+Olb+/):r&]0LRXE,Check sum is >
train,j_,Check sum is )
train,"?Q0^:6<lU)~=tPRy.f TQ;Bv;N	r~/#}bCjd!+T
3j?H/*N",Check sum is #
train,"[DpJO7r)#(F8Gd35.Lc)KluE#,""H e&d!7i#6@bCjtq#GU",Check sum is B
train,7i.+{YZgT;%M4 OOqc)XEXTjqEO-,Check sum is C
train,HeDo1dM~#%1)z&/yd^a`(Zf_QPBlQhbfw5:dE,Check sum is 3
train,Za$9W[MFx9E;ht<mLfab( 2-,Check sum is O
train,"'S~UY 'Up
BMt3(;GC""LL",Check sum is 9
train,"k1|u
2A;~q@k\\d/N	\XE]%K",Check sum is '
train,&YE.xUi0OEp*Vd$@zac]pi~k3uped!$!:`]8:,Check sum is Q
train,ok.p=fp]=0N04rmD6mU ui-&Aa,Check sum is 5
train,a/u%/;T\x[a4;r{&Lx6:8Fh$WM.N(n/c<m	GSj*e5g,Check sum is A
test,[G,Check sum is B
test,Gi,Check sum is P
test,)g,Check sum is 0
test,[V,Check sum is Q
test,@7,Check sum is W
test,re,Check sum is 7
test,ho,Check sum is 7
test,q?,Check sum is P
test,iy,Check sum is B
test,1^,Check sum is /
test,}:,Check sum is W
test,B7,Check sum is Y
test,7v,Check sum is M
test,*&,Check sum is 0
test,56,Check sum is K
test,9%,Check sum is >
test,R0,"Check sum is """
test,3	,Check sum is \
test,mH,Check sum is U
test,%^,Check sum is #
test, #,Check sum is #
test,q+,Check sum is <
test,V9,Check sum is /
test,=O,"Check sum is ,"
test,hF,Check sum is N
test,(j,Check sum is 2
test,}#,Check sum is @
test,:$,Check sum is >
test,2m,Check sum is ?
test,`m,Check sum is -
test," 
",Check sum is J
test,OP,Check sum is ?
test,/d,Check sum is 3
test,lq,Check sum is =
test,^!,Check sum is _
test,#R,Check sum is U
test,;N,Check sum is )
test,Pk,Check sum is [
test,XX,Check sum is P
test,"3
",Check sum is ]
test,$%,Check sum is )
test,C{,Check sum is ^
test,-0,Check sum is =
test,O},"Check sum is ,"
test,rm,Check sum is ?
test,*+,Check sum is 5
test,:U,Check sum is /
test,AB,Check sum is #
test,(N,Check sum is V
test,X@,Check sum is 8
test,U},Check sum is 2
test,/Y,Check sum is (
test,$',Check sum is +
test,Wm,Check sum is $
test,od,Check sum is 3
test,{7,Check sum is R
test,=!,Check sum is >
test,z ,Check sum is :
test,Vj,Check sum is  
test,u6,Check sum is K
test,Ei,Check sum is N
test,?v,Check sum is U
test,"@
",Check sum is *
test,L8,Check sum is $
test,a.,Check sum is /
test,uY,Check sum is .
test,/M,Check sum is \
test,3.,Check sum is A
test,%*,Check sum is /
test,p_,Check sum is /
test,\[,Check sum is W
test,"9""",Check sum is ;
test,X},Check sum is 5
test,@ ,Check sum is @
test,pf,Check sum is 6
test,(~,Check sum is F
test,XC,Check sum is ;
test,7S,Check sum is *
test,3f,Check sum is 9
test,?D,Check sum is #
test,aE,Check sum is F
test,:5,Check sum is O
test,;	,Check sum is $
test,RM,Check sum is ?
test,hl,Check sum is 4
test,dE,Check sum is I
test,eV,Check sum is [
test,xv,Check sum is N
test,nx,Check sum is F
test,#!,Check sum is $
test,KV,Check sum is A
test,9n,Check sum is G
test,eP,Check sum is U
test,{],Check sum is 8
test,P^,Check sum is N
test,lS,Check sum is _
test,&=,Check sum is C
test,c~,Check sum is A
test,o=,Check sum is L
test,0%,Check sum is 5
test,:x,Check sum is R
test,AM,Check sum is .
test,:8,Check sum is R
test,P%,Check sum is U
test, z,Check sum is :
test,5f,Check sum is ;
test,;\,Check sum is 7
test,B-,Check sum is O
test,.k,Check sum is 9
test,v&,Check sum is <
test,B^,Check sum is @
test,Ep,Check sum is U
test,.2,Check sum is @
test,C^,Check sum is A
test,4(,Check sum is <
test,Zd,Check sum is ^
test,j.,Check sum is 8
test,7.,Check sum is E
test,C%,Check sum is H
test,""".",Check sum is 0
test,?;,Check sum is Z
test,Lm,Check sum is Y
test,=#,Check sum is @
test,Hs,Check sum is [
test,TO,Check sum is C
test,{D,Check sum is _
test,}},Check sum is Z
test,$/,Check sum is 3
test,{0,Check sum is K
test,2D,Check sum is V
test, `,Check sum is  
test,Ie,Check sum is N
test,1F,Check sum is W
test,RU,Check sum is G
test,|y,Check sum is U
test,e3,Check sum is 8
test,$|,Check sum is @
test,^U,Check sum is S
test,d],Check sum is !
test,1~,Check sum is O
test,3@,Check sum is S
test,q:,Check sum is K
test,\?,Check sum is ;
test,G:,Check sum is !
test,+y,Check sum is D
test,rX,Check sum is *
test,!	,Check sum is J
test,_|,Check sum is ;
test,R<,Check sum is .
test,:-,Check sum is G
test,-g,Check sum is 4
test,w;,Check sum is R
test,3 ,Check sum is 3
test,m-,Check sum is :
test,%=,Check sum is B
test,bp,Check sum is 2
test,Qb,Check sum is S
test,+!,"Check sum is ,"
test,Rg,Check sum is Y
test,hP,Check sum is X
test,bn,Check sum is 0
test,!],Check sum is ^
test,y/,Check sum is H
test,"j""","Check sum is ,"
test,/h,Check sum is 7
test,"
{",Check sum is %
test,N;,Check sum is )
test,	N,Check sum is 7
test,LO,Check sum is ;
test,EL,Check sum is 1
test,k%,Check sum is 0
test,Ou,Check sum is $
test,0u,Check sum is E
test,%!,Check sum is &
test,sD,Check sum is W
test,@J,Check sum is *
test,aP,Check sum is Q
test,r\,Check sum is .
test,T/,Check sum is #
test,]H,Check sum is E
test,Wd,Check sum is [
test,Aq,Check sum is R
test,Z[,Check sum is U
test,lU,Check sum is !
test,Xx,Check sum is 0
test,!H,Check sum is I
test,^C,Check sum is A
test,+L,Check sum is W
test,Mx,Check sum is %
test,z9,Check sum is S
test,Jj,Check sum is T
test,_',Check sum is &
test,`o,Check sum is /
test,B4,Check sum is V
test,A),Check sum is J
test,(v,Check sum is >
test,]{,Check sum is 8
test,I!,Check sum is J
test,Xk,Check sum is #
test,>V,Check sum is 4
test,Pi,Check sum is Y
test,(D,Check sum is L
test,"
<",Check sum is &
test,B9,Check sum is [
test,)T,Check sum is ]
test,2T,Check sum is &
test,<*,Check sum is F
test,8O,Check sum is '
test,Qi,Check sum is Z
test,\w,Check sum is 3
test,*	,Check sum is S
test,w!,Check sum is 8
test,&k,Check sum is 1
test,yB,Check sum is [
test,1E,Check sum is V
test,D4,Check sum is X
test,[q,"Check sum is ,"
test,	p,Check sum is Y
test,Na,Check sum is O
test,|L,Check sum is (
test,t$,Check sum is 8
test,M@,Check sum is -
test,Jn,Check sum is X
test,=6,Check sum is S
test,{	,Check sum is $
test,~?,Check sum is ]
test,4',Check sum is ;
test,XT,Check sum is L
test,ba,Check sum is #
test,P ,Check sum is P
test,?1,Check sum is P
test,-G,Check sum is T
test,s+,Check sum is >
test,6N,Check sum is $
test,/y,Check sum is H
test,+k,Check sum is 6
test,-|,Check sum is I
test,mK,Check sum is X
test,rZ,"Check sum is ,"
test,*	,Check sum is S
test,H1,Check sum is Y
test,gd,Check sum is +
test,[I,Check sum is D
test,{/,Check sum is J
test,'|,Check sum is C
test,I ,Check sum is I
test,&s,Check sum is 9
test,49,Check sum is M
test,d8,Check sum is <
test,#:,Check sum is =
test,Qv,Check sum is '
test,[\,Check sum is W
test,$E,Check sum is I
test,",q",Check sum is =
test,2n,Check sum is @
test,zg,Check sum is A
test,'Z,Check sum is !
test,fa,Check sum is '
test,j4,Check sum is >
test,7C,Check sum is Z
test,|7,Check sum is S
test,F=,Check sum is #
test,!B,Check sum is C
test,.%,Check sum is 3
test,"-
",Check sum is W
test,y],Check sum is 6
test,P0,Check sum is  
test,IL,Check sum is 5
test,E>,Check sum is #
test,C!,Check sum is D
test,62,Check sum is H
test,#~,Check sum is A
test,e%,Check sum is *
test,pj,Check sum is :
test,gi,Check sum is 0
test,^i,Check sum is '
test,HG,Check sum is /
test,<U,Check sum is 1
test,_@,Check sum is ?
test,TO,Check sum is C
test,;|,Check sum is W
test,Gl,Check sum is S
test,Be,Check sum is G
test,7A,Check sum is X
test,Q6,Check sum is '
test,z\,Check sum is 6
test,tV,Check sum is *
test,6/,Check sum is E
test,9P,Check sum is )
test,:u,Check sum is O
test,J[,Check sum is E
test, x,Check sum is 8
test,"p""",Check sum is 2
test,$8,Check sum is <
test,vv,Check sum is L
test,l\,Check sum is (
test,OZ,Check sum is I
test,",c",Check sum is /
test,fk,Check sum is 1
test,C5,Check sum is X
test,	2,Check sum is [
test,XM,Check sum is E
test,aP,Check sum is Q
test,nD,Check sum is R
test,"
M",Check sum is 7
test,Dr,Check sum is V
test,K},Check sum is (
test,]e,"Check sum is """
test,`G,Check sum is G
test,B*,Check sum is L
test,e3,Check sum is 8
test,iR,Check sum is [
test,+@,Check sum is K
test,Tt,Check sum is (
test,#	,Check sum is L
test,"""j","Check sum is ,"
test,dq,Check sum is 5
test,m2,Check sum is ?
test,Lz,Check sum is &
test,ee,Check sum is *
test,iV,Check sum is _
test,S!,Check sum is T
test,{h,Check sum is C
test,^m,Check sum is +
test,m(,Check sum is 5
test,*6,Check sum is @
test,!S,Check sum is T
test,WJ,Check sum is A
test,9X,Check sum is 1
test,Ov,Check sum is %
test,fI,Check sum is O
test,lg,Check sum is 3
test,G^,Check sum is E
test,d',Check sum is +
test,=<,Check sum is Y
test,*v,Check sum is @
test,;n,Check sum is I
test,iF,Check sum is O
test,tP,Check sum is $
test,?~,Check sum is ]
test,Zd,Check sum is ^
test,~e,Check sum is C
test,G ,Check sum is G
test,Pr,"Check sum is """
test,h0,Check sum is 8
test,oZ,Check sum is )
test,f>,Check sum is D
test,#g,Check sum is *
test,"\,",Check sum is (
test,7x,Check sum is O
test,qQ,"Check sum is """
test,L@,"Check sum is ,"
test,EI,Check sum is .
test,"M
",Check sum is 7
test,{w,Check sum is R
test,2[,Check sum is -
test,TB,Check sum is 6
test,Da,Check sum is E
test,E&,Check sum is K
test,E{,Check sum is  
test,TB,Check sum is 6
test,:Q,Check sum is +
test,Uw,"Check sum is ,"
test,v9,Check sum is O
test,Lc,Check sum is O
test,.b,Check sum is 0
test,u1,Check sum is F
test,gj,Check sum is 1
test,.h,Check sum is 6
test,.*,Check sum is 8
test,L?,Check sum is +
test,7C,Check sum is Z
test,^R,Check sum is P
test,%Y,Check sum is ^
test,Ar,Check sum is S
test,Pz,Check sum is *
test,*n,Check sum is 8
test,31,Check sum is D
test,8;,Check sum is S
test,1K,Check sum is \
test,eq,Check sum is 6
test, /,Check sum is /
test,LL,Check sum is 8
test,K{,Check sum is &
test,st,Check sum is G
test,U[,Check sum is P
test,$K,Check sum is O
test,Tt,Check sum is (
test,Ar,Check sum is S
test,Su,Check sum is (
test,As,Check sum is T
test,.X,Check sum is &
test,	H,Check sum is 1
test,"#
",Check sum is M
test,Ux,Check sum is -
test,PJ,Check sum is :
test,UK,Check sum is @
test,7+,Check sum is B
test,.J,Check sum is X
test,mX,Check sum is %
test,S*,Check sum is ]
test,n9,Check sum is G
test,nx,Check sum is F
test,<u,Check sum is Q
test,s#,Check sum is 6
test,+!,"Check sum is ,"
test,g	,Check sum is P
test,"
s",Check sum is ]
test,	Y,Check sum is B
test,"b,",Check sum is .
test,*V,Check sum is  
test,",/",Check sum is ;
test,fy,Check sum is ?
test,"""L",Check sum is N
test,ou,Check sum is D
test,>E,Check sum is #
test,j=,Check sum is G
test,Np,Check sum is ^
test,n#,Check sum is 1
test,t8,Check sum is L
test,Sr,Check sum is %
test,5^,Check sum is 3
test,Sa,Check sum is T
test,Gf,Check sum is M
test, %,Check sum is %
test,I0,Check sum is Y
test,gv,Check sum is =
test,08,Check sum is H
test,po,Check sum is ?
test,e/,Check sum is 4
test,[e,Check sum is  
test,{B,Check sum is ]
test,iP,Check sum is Y
test,a<,Check sum is =
test,wj,Check sum is A
test,T;,Check sum is /
test,i[,Check sum is $
test,Dt,Check sum is X
test,oZ,Check sum is )
test,tK,Check sum is _
test,^4,Check sum is 2
test,qP,Check sum is !
test,\O,Check sum is K
test,ZT,Check sum is N
test,o+,Check sum is :
test,M=,Check sum is *
test,'',Check sum is .
test,A*,Check sum is K
test,/),Check sum is 8
test,	(,Check sum is Q
test,PU,Check sum is E
test,QQ,Check sum is B
test,N+,Check sum is Y
test,eM,Check sum is R
test,26,Check sum is H
test,]L,Check sum is I
test,C|,Check sum is _
test,*H,Check sum is R
test,`n,Check sum is .
test,f%,Check sum is +
test,@*,Check sum is J
test,U0,Check sum is %
test,5u,Check sum is J
test,uK,Check sum is  
test,l-,Check sum is 9
test, j,Check sum is *
test,6d,Check sum is :
test,OB,Check sum is 1
test,!^,Check sum is _
test,",
",Check sum is V
test,kD,Check sum is O
test,RW,Check sum is I
test,Xz,Check sum is 2
test,cE,Check sum is H
test,A!,Check sum is B
test,4A,Check sum is U
test,jz,Check sum is D
test,=c,Check sum is @
test,9#,Check sum is <
test,v),Check sum is ?
test,J',Check sum is Q
test,_k,Check sum is *
test,a\,Check sum is ]
test,*L,Check sum is V
test,jo,Check sum is 9
test,k1,Check sum is <
test,(A,Check sum is I
test,Pw,Check sum is '
test,=9,Check sum is V
test,p;,Check sum is K
test,&^,Check sum is $
test,r3,Check sum is E
test,o#,Check sum is 2
test,Fk,Check sum is Q
test,I$,Check sum is M
test,=w,Check sum is T
test,rx,Check sum is J
test,x|,Check sum is T
test,B\,Check sum is >
test,Gk,Check sum is R
test,W/.,Check sum is T
test,8(},Check sum is =
test,t~0,Check sum is B
test,B6M,Check sum is %
test,.Kn,Check sum is G
test,cIX,Check sum is $
test,DxK,Check sum is '
test,SjR,Check sum is /
test,RR9,Check sum is =
test,FW4,Check sum is 1
test,Pst,Check sum is W
test,<Xf,Check sum is Z
test,]/u,Check sum is !
test,#Tp,Check sum is G
test,guk,Check sum is '
test,5~O,"Check sum is """
test,W5-,Check sum is Y
test,Rz#,Check sum is O
test,c	$,Check sum is 0
test,)Gp,Check sum is @
test,D9C,Check sum is  
test,TA{,Check sum is 0
test,*yI,Check sum is L
test,]xQ,Check sum is F
test,*B4,Check sum is @
test,uc@,Check sum is 8
test,:Qy,Check sum is $
test,	;\,Check sum is @
test,DZ8,Check sum is 6
test,EJB,Check sum is 1
test,|\+,Check sum is #
test,nn_,Check sum is [
test,Y%4,Check sum is R
test,"X
{",Check sum is =
test,S8W,Check sum is B
test,#Ov,Check sum is H
test,{?X,Check sum is 2
test,a{@,Check sum is <
test,"
/I","Check sum is """
test,"5~""",Check sum is 5
test,"
Ry",Check sum is 5
test,]nV,Check sum is A
test,s]=,Check sum is -
test,n>S,Check sum is _
test,cwK,Check sum is E
test,`cp,Check sum is S
test,M&n,Check sum is A
test,m9.,Check sum is 4
test,*=m,Check sum is 4
test,Q;U,Check sum is A
test,MNe,Check sum is  
test,Igh,Check sum is 8
test,"	e""",Check sum is 0
test,"Y,U",Check sum is :
test,"!,R",Check sum is ?
test,B4[,Check sum is 1
test,rx2,Check sum is <
test,\!p,Check sum is M
test,"hA,",Check sum is 5
test,.~B,Check sum is N
test,Q0[,Check sum is <
test,ilr,Check sum is '
test,\2K,Check sum is 9
test,bWT,Check sum is -
test,]i',Check sum is M
test,i	?,Check sum is Q
test,}3^,Check sum is .
test,w!x,Check sum is 0
test,?5A,Check sum is U
test,!D!,Check sum is &
test,I|V,Check sum is ;
test,"5.
",Check sum is M
test,YGi,Check sum is )
test,Qtt,Check sum is Y
test,Lo0,Check sum is K
test,-%h,Check sum is Z
test,cU0,Check sum is H
test,A!<,Check sum is >
test,",EB",Check sum is S
test,9L(,Check sum is M
test,B)k,Check sum is 6
test,z	o,Check sum is R
test,67X,Check sum is %
test,n!O,Check sum is >
test,1P7,Check sum is X
test,">
Y",Check sum is A
test,+B7,Check sum is D
test,&`5,Check sum is [
test,^Ew,Check sum is :
test,jf/,Check sum is _
test,=%[,Check sum is ]
test,Fn;,Check sum is O
test,n1;,Check sum is :
test,09#,"Check sum is ,"
test,xRU,Check sum is ?
test,Mzp,Check sum is W
test,xRH,Check sum is 2
test,TmI,Check sum is *
test,"_K
",Check sum is T
test,g+(,Check sum is Z
test,j.I,Check sum is A
test,":E
",Check sum is )
test,U>!,Check sum is T
test,zmW,Check sum is ^
test,40t,Check sum is 8
test, /Y,Check sum is H
test,".
B",Check sum is Z
test, ?e,Check sum is $
test,-c ,Check sum is P
test,v4c,Check sum is -
test,+nd,Check sum is ]
test,DE\,Check sum is E
test,n>],Check sum is )
test,s6i,Check sum is 2
test,s}{,Check sum is K
test,'t?,Check sum is :
test,u/},Check sum is A
test,"=7""",Check sum is 6
test,Cik,Check sum is 7
test,(8s,Check sum is 3
test,d=4,Check sum is 5
test,go?,Check sum is 5
test,OA^,Check sum is N
test,",$$",Check sum is T
test,>-R,Check sum is ]
test,l/t,Check sum is /
test,t|b,Check sum is 2
test,}_@,Check sum is <
test,L8.,Check sum is R
test,LOk,Check sum is &
test,n08,Check sum is 6
test,"S,a",Check sum is @
test,u-2,Check sum is 4
test,3)c,Check sum is _
test,=\h,Check sum is !
test,\[>,Check sum is U
test,g2t,Check sum is -
test,9NZ,Check sum is A
test,T-C,Check sum is $
test,NCO,Check sum is @
test,FJS,Check sum is C
test,$h!,Check sum is M
test,a&(,Check sum is O
test,6dU,Check sum is O
test,'2H,Check sum is A
test,xRH,Check sum is 2
test,#54,"Check sum is ,"
test,K.t,Check sum is M
test,gr\,Check sum is U
test,Ak:,Check sum is F
test,|]q,Check sum is *
test,{@q,Check sum is L
test,W6=,Check sum is *
test,:rR,Check sum is ^
test,"
L+",Check sum is !
test,X_4,Check sum is K
test,yb],Check sum is X
test,)~.,Check sum is 5
test,-3j,Check sum is *
test,gE],Check sum is )
test,`ep,Check sum is U
test,0^;,Check sum is )
test,|3+,Check sum is :
test,+)X,Check sum is L
test,&rG,Check sum is ?
test,P|X,Check sum is D
test,G(p,Check sum is ?
test,0@E,Check sum is U
test,^$ ,Check sum is B
test,"
iB",Check sum is U
test,gU ,Check sum is <
test,YO`,Check sum is (
test,oZq,Check sum is Z
test,shL,Check sum is G
test,5aa,Check sum is W
test,b9q,"Check sum is ,"
test,x#N,Check sum is I
test,LRc,Check sum is !
test,W/g,Check sum is M
test,u#`,Check sum is X
test,;}$,Check sum is <
test,o>i,Check sum is 6
test,q1^,Check sum is  
test,7u*,Check sum is 6
test,"Sm
",Check sum is *
test,SPO,Check sum is R
test,"a!""",Check sum is D
test,V2 ,Check sum is H
test,wC4,Check sum is N
test,FZW,Check sum is W
test,eg1,Check sum is ]
test,5LU,Check sum is 6
test,(oY,Check sum is P
test,TCU,Check sum is L
test,|qa,Check sum is .
test,jK],Check sum is 2
test,;Xy,"Check sum is ,"
test,_?L,Check sum is J
test,ZUh,Check sum is 7
test,XQq,Check sum is :
test,}5-,Check sum is ?
test,Y!#,Check sum is =
test,L;N,Check sum is 5
test,K7b,Check sum is D
test,@Xt,"Check sum is ,"
test,Hq+,Check sum is D
test,rDw,Check sum is M
test,WH|,Check sum is ;
test,f0h,Check sum is ^
test,QaZ,"Check sum is ,"
test,9m ,Check sum is &
test,jWH,Check sum is )
test,@TM,Check sum is A
test,%@>,Check sum is C
test,v+g,Check sum is (
test,eT!,Check sum is :
test,IDJ,Check sum is 7
test,+[x,Check sum is ^
test,AC~,"Check sum is """
test,4Sq,Check sum is X
test,g]l,Check sum is P
test,Ct=,Check sum is T
test,_.p,Check sum is ]
test,b&0,Check sum is X
test,~9?,Check sum is V
test,b%(,Check sum is O
test,Y-&,Check sum is L
test,KWG,Check sum is I
test,/le,Check sum is  
test,H\1,Check sum is 5
test,L8~,"Check sum is """
test,"V!
",Check sum is !
test,t;J,Check sum is Y
test,Oxt,Check sum is [
test,4<o,Check sum is ?
test,19<,Check sum is F
test,4sK,Check sum is R
test,>m+,Check sum is 6
test,dr^,Check sum is T
test,'q?,Check sum is 7
test,V4c,Check sum is M
test,AQT,Check sum is F
test,CPn,Check sum is !
test,E<M,Check sum is .
test,""")c",Check sum is N
test,+GN,Check sum is  
test,\h~,"Check sum is """
test,3Rw,Check sum is \
test,"g`""",Check sum is I
test,MvY,Check sum is <
test,c28,Check sum is -
test,=t?,Check sum is P
test,j%Q,Check sum is @
test,(rC,Check sum is =
test,I0p,Check sum is I
test,5	2,Check sum is P
test,Jgq,Check sum is B
test,<Z3,Check sum is )
test,}jp,Check sum is 7
test,mel,Check sum is ^
test,S2>,Check sum is #
test,	;z,Check sum is ^
test,TxS,Check sum is ?
test,soF,Check sum is H
test,]L:,Check sum is C
test,nqS,Check sum is R
test,D-M,Check sum is ^
test,.6D,Check sum is H
test,SYq,Check sum is =
test,+<[,"Check sum is """
test,Q_{,Check sum is K
test,@pa,Check sum is 1
test,;_R,Check sum is L
test,Y|[,Check sum is P
test,MA\,Check sum is J
test,"gG""",Check sum is 0
test,eM[,Check sum is -
test,>dK,Check sum is M
test,LVb,Check sum is $
test,LcR,Check sum is !
test,!-B,Check sum is 0
test,HE!,Check sum is N
test,mK`,Check sum is 8
test,	ia,Check sum is 3
test,u'l,Check sum is (
test, sp,Check sum is #
test,k_{,Check sum is %
test,tOv,Check sum is Y
test,uV?,Check sum is *
test,n{>,Check sum is G
test,k:I,Check sum is N
test,!h_,Check sum is H
test,"""Fm",Check sum is 5
test,=#T,Check sum is T
test,' !,Check sum is H
test,H{`,Check sum is C
test,ks!,Check sum is _
test,|-M,Check sum is V
test,"d,f",Check sum is V
test,'c\,Check sum is F
test,)Uv,Check sum is T
test,w-.,Check sum is 2
test,00?,Check sum is ?
test, ){,Check sum is $
test,gl9,"Check sum is ,"
test,6sm,Check sum is 6
test,]bN,Check sum is -
test,"$,m",Check sum is ]
test,"
Q	",Check sum is D
test,YXn,Check sum is ?
test,fhb,Check sum is P
test,`4h,Check sum is \
test,Jtv,Check sum is T
test,0y	,Check sum is R
test,Qpx,Check sum is Y
test,Rq;,Check sum is ^
test,QNF,Check sum is E
test,}*O,Check sum is V
test,yJF,Check sum is )
test,DG?,Check sum is *
test,gZ[,Check sum is <
test,H	^,Check sum is O
test,&/x,Check sum is -
test,N1e,Check sum is D
test,;VA,Check sum is 2
test,Z4n,Check sum is \
test,Z-.,Check sum is U
test,'Rl,Check sum is E
test,@lP,Check sum is \
test,O*W,Check sum is 0
test,"xb
",Check sum is D
test,?Q!,Check sum is Q
test,{E`,Check sum is @
test,h?C,Check sum is J
test,70V,Check sum is ]
test,"""4$",Check sum is Z
test,=>V,Check sum is 1
test,1$H,Check sum is =
test,_o7,Check sum is %
test, I/,Check sum is 8
test,KID,Check sum is 8
test,8Ia,Check sum is B
test,/IF,Check sum is ^
test,k}.,Check sum is 6
test,dfN,Check sum is 8
test,HH ,Check sum is P
test,7mV,Check sum is Z
test,uRC,Check sum is *
test,J|h,Check sum is N
test,"""_p",Check sum is Q
test,$1%,Check sum is Z
test,ok^,Check sum is X
test,xJ2,Check sum is T
test,i(q,"Check sum is """
test,U+H,Check sum is (
test,`8g,Check sum is _
test,-sT,Check sum is T
test,DbK,Check sum is Q
test,UqB,Check sum is (
test,WM',Check sum is +
test,9PF,Check sum is /
test, `\,Check sum is <
test,Jcd,Check sum is 1
test,dv?,Check sum is 9
test,%xN,Check sum is K
test,)Qh,Check sum is B
test,]72,Check sum is &
test,|	n,Check sum is S
test,^.\,Check sum is H
test,1>K,Check sum is Z
test,s'*,Check sum is $
test,U^B,Check sum is U
test,qsu,Check sum is 9
test, mt,Check sum is !
test,=)/,Check sum is 5
test,sQ`,Check sum is D
test,Qf5,Check sum is L
test,;(O,Check sum is R
test,B#p,Check sum is 5
test,Rto,Check sum is U
test,A! ,"Check sum is """
test,j]8,Check sum is _
test,Sv(,Check sum is Q
test,S}?,Check sum is /
test,K(f,Check sum is 9
test,sV],Check sum is F
test,Iu),Check sum is G
test,AB\,Check sum is ?
test,RU:,Check sum is A
test,.'h,Check sum is ]
test,eTE,Check sum is ^
test,"K
s",Check sum is (
test,^8),Check sum is _
test,xck,Check sum is &
test,"Eu
",Check sum is $
test,B?t,Check sum is U
test,?V ,Check sum is U
test,;)5,Check sum is 9
test,c!e,Check sum is I
test,"
gr",Check sum is C
test,42o,Check sum is 5
test,`3*,Check sum is ]
test,Ju2,Check sum is Q
test,"""!1",Check sum is T
test,5xM,Check sum is Z
test,&wb,Check sum is _
test,_GU,Check sum is [
test,);v,Check sum is :
test,8{9,Check sum is L
test,:sq,Check sum is >
test,%9-,Check sum is +
test,}jA,Check sum is H
test,;D2,Check sum is Q
test,Ts!,Check sum is H
test,lcv,Check sum is %
test,yu=,Check sum is K
test,wF2,Check sum is O
test,"#d
",Check sum is 1
test,!52,Check sum is (
test,yI9,Check sum is [
test,K`n,Check sum is 9
test,j[m,Check sum is R
test,F}&,Check sum is I
test,5l1,Check sum is 2
test,G>*,Check sum is O
test,r7t,Check sum is =
test,E5k,Check sum is E
test,rq7,Check sum is :
test,"FQ""",Check sum is Y
test,}~9,Check sum is T
test,GMV,Check sum is J
test,dXQ,Check sum is -
test,Sax,Check sum is L
test,u0&,Check sum is +
test,{Qy,Check sum is %
test,aTt,Check sum is I
test,841,Check sum is =
test,gC;,Check sum is E
test,zOp,Check sum is Y
test,",5y",Check sum is :
test,[{i,Check sum is _
test,qF7,Check sum is N
test,ki4,Check sum is (
test,~I	,Check sum is 0
test,(+o,"Check sum is """
test,~@X,Check sum is 6
test,C1s,Check sum is G
test,t<x,Check sum is H
test,<n[,Check sum is %
test,iPC,Check sum is \
test,X-Z,Check sum is ?
test,93P,Check sum is \
test,du],Check sum is V
test,T]T,Check sum is %
test,(=},Check sum is B
test,"""g9","Check sum is """
test,2Cb,Check sum is 7
test,#;?,Check sum is =
test,0#m,Check sum is  
test,qqd,Check sum is &
test,)x),Check sum is *
test,	j2,Check sum is E
test,_f ,Check sum is E
test,z%x,Check sum is 7
test,m3K,Check sum is K
test,>O/,Check sum is \
test,]xX,Check sum is M
test,"1
?",Check sum is Z
test,nl ,Check sum is Z
test,L~=,Check sum is '
test,ZbV,Check sum is 2
test,3`G,Check sum is :
test,L1R,Check sum is /
test,4YR,Check sum is ?
test,l95,Check sum is :
test,"""!K",Check sum is .
test,W*R,Check sum is 3
test,onJ,Check sum is G
test,NFO,Check sum is C
test,\}e,Check sum is ^
test,-Ah,Check sum is 6
test,n{},Check sum is F
test,'>z,Check sum is ?
test,Z'o,Check sum is P
test,z>^,Check sum is 6
test,}P>,Check sum is +
test,lr<,Check sum is :
test,`mq,Check sum is ^
test,6<%,Check sum is 7
test,[b?,Check sum is \
test,P5>,Check sum is #
test,%qE,Check sum is ;
test,:w/,Check sum is @
test,fb4,Check sum is \
test,]z_,Check sum is V
test, 87,Check sum is /
test,dY3,Check sum is P
test,C%#,Check sum is +
test,c\F,Check sum is %
test,BA-,Check sum is P
test,c-sHKV)_4>	Cs_R?+,Check sum is  
test,"tEMi.hA85-'0qMLCZ['""A{'",Check sum is E
test,'c- WJ!{Av*,Check sum is U
test,K\I7Q5!,Check sum is .
test,";MX.fc\S[M<RVZ!
8P""&wX(nE\n6WYj`-jBBp
'E0KjR22$48",Check sum is W
test,"j5$ZhB6.=""B}w9eb",Check sum is  
test,"u^wNK@hU""tTxmdEok1&z9ae{'C4e9&s8(jkLcGWJ)w",Check sum is ^
test,"7HG%J<.=9AX\gtEN'!G;<P""rR",Check sum is T
test,x%H_Zo,Check sum is -
test,"r5[u%35/\J,	2jTo#h#j,yA",Check sum is K
test,^/9^g7m_6'q[%nN|zstmXl?GK%?T6+d,Check sum is T
test,"l>Ha-7n~@3?`z <tv=I'QC+[]2_?u
k=<","Check sum is ,"
test,ajBOip{ Cufrx,Check sum is 8
test,"3!#NDa)jqA5w[.]?B A<XSADY&P,xcvU-283G.~`",Check sum is -
test,|F1!K\8+,Check sum is >
test,&bPP{Tb6ao$Fh%X-h{4L	#8[r,Check sum is O
test,8gd)W,Check sum is #
test,"B\YdhZ)$4;ExN-
V1K",Check sum is M
test,.;CpffVdp!Bf\.(so,Check sum is O
test,"Q\>c
8a'mq7)rS	5}4",Check sum is *
test,QM'9(R4`J5K+TfN*,Check sum is S
test,"[HA4uF,;?D|#|29N|-	AW}zHT	c i/)&/|1]B@lQtz'",Check sum is N
test,ep?]4e'D_[G2'obk8{%wZj?&G/k	]A6w_J`Z6}a,Check sum is O
test,ux7cn6o,Check sum is :
test,".H u*it,2fpX'{zL6^",Check sum is :
test,LYQ(gL>m?) T/~x5R0B3'V,Check sum is F
test,"
kM/*[b\aj&Nmh3D]W8@b""UqqM,P!vE",Check sum is +
test,JBGa5;@;2f Rf5Uz8h_6/=sa,Check sum is (
test,"Kn>}bp%#LE9Bo,,|2;q`p6UE8kF_",Check sum is C
test,"f
!JFs@t:|}sFVD:n@y==mrA7kK&H~=sO1Mtl,bHm","Check sum is """
test,"Ggq04j2(aLv2
@Gk:\\\c5ag",Check sum is &
test,T}t7]FF(@?GPNo%!{yq<YZ X%r6UO,Check sum is C
test,	Bx;CG6^mHLX,Check sum is U
test,"lyjq/""7s",Check sum is [
test,~y;fO8eeZ Q3`,Check sum is '
test,;va.Zh+<*)wyt,Check sum is @
test,"XOLvh(W
Qn42:g?KBI'yH3i2'+_7t",Check sum is '
test,g1.aN\VQ4OYn.?%{(M>7'WjfhTr _}+<*4!hy~Fbka[,Check sum is %
test,"1%G1H""-8VdD",Check sum is ;
test,l		p(W,Check sum is M
test,ksn;:;@,Check sum is \
test,"*iF6G,6~7O}HlG<{""SxGqUn] +@=E-cy3sqpJ2Q3<S",Check sum is <
test,c(M?2G&X $mg,Check sum is F
test,"MsrDW)t""4q*",Check sum is ;
test,wsQJ\Pd^s1o-Cm}(!T]C3fPC	2V,Check sum is :
test,"#3|#0bW,
bS4fu#",Check sum is [
test,"
/m>m%On|@]~A^O@~qV:+6R",Check sum is J
test,bps{->(Wf8\P<7=i%~R,"Check sum is """
test,ZI)toUhx6jr9):`oXBu,Check sum is P
test,e)\7@O0_*`e&9]'X2#W0<%JI}fPy>!I!! -l,Check sum is (
test,>U6gzzTTeDZ4}b6]0EUxtR\.J\ J:KaovJ77c/a~'^2d?(q,Check sum is ^
test,+f+8Bx<*>@Kf xX+BU=wm)Sgx>^n	@tp97UDmOu.!.|d5,Check sum is T
test,FhP1&r_K:ws?L,Check sum is @
test,yj~9>Q+VO)<:c+Ky6vj,Check sum is  
test,"I
A_~$",Check sum is 5
test,"4DUHA
o}:z""1sV.@@%iHb+""rOQ6*Eji$",Check sum is ]
test,"wt=cKpb?-]apuWMU
S",Check sum is -
test,JP4Qo`,Check sum is N
test,)M,Check sum is V
test,",2	&.TwvplX@p|""2",Check sum is P
test,+afUzsx<p;,Check sum is 3
test,"xk_1=""",Check sum is 2
test,"""fcfC%e7,`Axv`)\!TsX<v o!N&HHzUgT$hMUDmC#AT?Z&=*R",Check sum is W
test,N1nQU,Check sum is 3
test,2%4VyUZ1dk,Check sum is )
test,"V`9uTc"")6`>",Check sum is Z
test,"1g6nH.E1 ""m`,~<P0|&PH|y","Check sum is ,"
test,"o'R|nZ~ZFyxx3*DE,}:45",Check sum is E
test,"phE""I`q7X=Q3
3,;9",Check sum is &
test,"G|7Fb!#i%E""a;
.gI rP,(CB-ZcfBy_5V7<tr#[TQg?3@TApri",Check sum is $
test,"E+E$#_k$OO=Z3oPA8mLY
`/y~[}YB5EF~-O/xN*v",Check sum is N
test,"g7b)J=SqW,{thbyR]^%ITy0+}kPgfiAM",Check sum is (
test,=CSg/6M&Hdc'eo'k_A(,Check sum is V
test,"`BX""8",Check sum is 4
test,dE*~k3:c}&Yc'iPKopv,Check sum is K
test,"$|k_|v4}q\WHZ>W""zK$7=!",Check sum is (
test,"'Dj,""
Io>R]iW",Check sum is 2
test,[G}}>IOH&GVa{}~Kt=J#,Check sum is ]
test,"{Rw_Tv&[+o$Q=~""g)}'>'=)CdzRG_
m kjdy|/a-j9+?",Check sum is !
test,"yF]*
Rn",Check sum is 0
test,tswf<Kr'1UHHs cOOE9E,Check sum is 1
test,"._q#h(AFk1,RR)cwZ&o9c 5,b2",Check sum is '
test,"xR7DAa8$g8zPVb:eD~a<.B[q<!{P,W2nm.NGL@Rn'D",Check sum is 0
test,[+*#\p:Cq].=a)Xns/`2U,Check sum is N
test,"Jp46|p&4	i9s7;SR?8p5b^KUQ""9~1u[nn$mst",Check sum is :
test,qtBxz,Check sum is 9
test,"z:!:S0^.DSz9iq`5,kwq`b$Q0*mLFCAJ@~*k<",Check sum is #
test,"Y>[CpH^deZd)	;/P+^
dvQzo",Check sum is E
test," w<KQ~EFRSVPl	r4/7%7B'XnB%B/l,^:8HIS'z",Check sum is 4
test,"	n]`lGfo|u
6Z;/`|')~[H6rfLEtOMs+jE^|D_W<8NE46G",Check sum is &
test,(%I+th<}}~'e({'+ku]m?}eU:>,Check sum is J
test,"xJ'seGGK""#=O""WWUl",Check sum is \
test,D2 $z5@zS$T-*)e46w'|kx%,Check sum is ?
test,"F)()*0]!wet#
_<SE#;`txl3""~k=) h`[",Check sum is %
test,"m7f\U.^&RFNmVKROl	U7!^#""@lox&O",Check sum is /
test,!ZctGc@,Check sum is \
test,"H v6?h"".	y}9VFzr5-NJWb^s]hNZR",Check sum is .
test,"~j
Q~W$_e'G<ZXT",Check sum is P
test,JV6;}\gRe_&Q6>@S/@|z1ILmVQk(!ny,Check sum is _
test,8|~v[S3lVe,Check sum is P
test,"C$$/&3oc'Jq~T
	wnr=xQCv3Hs",Check sum is P
test,ldYs)3l1wOIeC=:|7CF^u:A~]&8fTrHrcKI,Check sum is C
test,w>MPLo _PfBS/,Check sum is &
test,"FN@y&;?^Bao8)-u)8@ekdN4_!:1""	OoYIH`\WxV;'",Check sum is X
test,"~j
K?_0l#an?u5X%A%3I8kD",Check sum is 8
test,ky<v`'gl-GOT4G`Ww,Check sum is P
test,b(vjDoy@+`Q*,Check sum is <
test,n.b,Check sum is ^
test,"[f""YZo8~9""T_m	w",Check sum is V
test,"sb!%1Oo`:X*X[TvW5P~Uk?Jw{4[*v46&]Vy^}e0PKA7G
Y&",Check sum is V
test,"
>>wo|pxC&/F!/~.",Check sum is J
test,"P,_^",Check sum is Y
test,"RZe[>t[ !8,@,MT!Zv6}YhKfu} pi0&*Qum1d@""?L,Eb",Check sum is T
test,${gj>[^H_],Check sum is K
test,k2]u\NfO;pPPi^@Q,Check sum is Q
test,"|U;3b#v]w4>T:7Aq9eJ
&",Check sum is /
test,"!HP'Fnee-/+m p.BI,qV-2kMu0XrW",Check sum is K
test,On%E!9=SmlKp-(f!ZaAszH$x!dBX@	Z'b<8HmC2$o]}{QW,Check sum is '
test,"-pVC	UIks?K|H48F/wi*,""J08cTUYN'_",Check sum is M
test,AAj,Check sum is L
test,"?U4ozu]kEkMQQC'v`p""djV~4T>uW_rgk3\31,0p",Check sum is U
test, w.U,Check sum is :
test,4fa[jSVQ,Check sum is Z
test,Z>GOXZ*mS)K3cc+vAh76,Check sum is N
test,"q>SAbwH7PCW""(k	g.Y&hqIN*JY~O",Check sum is A
test,"HvuCJs]=I2]L2Df3.`!P&EXuz""X|b+NPYb0",Check sum is ]
test,e-v{Hw5l0I=^Tj+!$wD*BKr;u8}nANG%:HTu?{CMeuOM:WXV,Check sum is A
test,(pc5R~feAHts.KF;C7!	q43EC%h(Mmi%CU	5D,Check sum is 0
test,":u*A$Z*xE&Y^oC4Td1_-,!J0kY4> lD(l-bXQe;PSR~z;3",Check sum is +
test,"W4{slk
+UU~h8HUMUg=EX'U/4LJAu0n",Check sum is 6
test,"BA""j`L6,P=jM`<1fDcw^
(@5GWxlAgsP`g$ARxy
;.}I	AM",Check sum is C
test,"BwK?vOtc9XhzCw,.9>#=1teK4zr<9,(",Check sum is [
test,"
![""pu",Check sum is -
test,1zF6+;k2jZ+W,Check sum is P
test,N7zT5[F+}mSczJ39vLU/MD!%oh!<2K?!0%,Check sum is G
test,"g!ev=|{k;PfD&L^*Ev$[|SR	aw
Z",Check sum is 1
test,*sDl$hA&rnN/m,Check sum is *
test,I5<2;,Check sum is G
test,"S{
#v&!YF7
t9*uz5*v\~XRoh9D`X\pU<DO!$4o>{sw(MNM3",Check sum is !
test,"j:}R\S\,\JcD\rLg]p3Ug7p?|B
-+}m2z`",Check sum is P
test,"}X:
{i*JX@2U
k*",Check sum is O
test,pvLNSq,Check sum is $
test,"
&Oh,<f4I?h@q&o vFTLnOXn*q>;2+""H7`QA_0vt9",Check sum is 4
test,mt]FS\bbV17L?^puio8dfh -r1bk4m<n5S6=KDl!,Check sum is D
test,OxSgY3VY@ u0c0*BFbMp1pf'`~@?C.@[pgz,Check sum is -
test,"M)>\}hHHKvdU9pTh(jMqVNg+()g71w:p#*`0&+,.x2vL.N",Check sum is ;
test,"U
Abg@B#$JV#lI8@$~2b.kOpi|crJr2wT@
apR0#~@`[(",Check sum is $
test,$8?)z^WcWBu!yzr3TbmxUWG<>6iRf\he)Lj%fK; HFP/hnFy|S,Check sum is F
test,"EUCk%b<o^&*eJ+K$Zwx6!77r)H<|*G-G,?)F",Check sum is 9
test,"'YCfrUcp/d6d#t""P4uuUN2Nf9b3o",Check sum is =
test,uXWu8Ea>&v.p-7U^pUy	quHcQ*zI<u<e,Check sum is N
test,"rT?M;15QzdQh(J}~>=C)[vR2Ks%zY
\L)<;am8vy\Z",Check sum is W
test,"Rip)/Uzs)8ag?}r$?
",Check sum is )
test,"!	2#:cM5JT2)Z_*Y#
QVQq$oI=3mXg`6!^d@&/*ECDB]s",Check sum is W
test,Js]$DcYeIc,Check sum is /
test,"}q5icwF(V|EN$(@_1jDY
jf(='	.!RWK`
;rShT]Q>IcXlh",Check sum is X
test,"o9Qtb&#kgNHQAR!/0_&lBplh!oxX
wD920f*",Check sum is K
test,_va	;	\:YSyH4MM^-Ddb|&nU8	r1&~hKA|KBNo q!,"Check sum is """
test,"i;6,Fp3t9^NhMm3k4< ""Wi",Check sum is Z
test,p7$Q{RH_[dC[IK^UirWe1OlEUZ8G,Check sum is J
test,2!22,Check sum is W
test,"W)L*BY-#KE*tNXGsH!g]g6(i~vJKtA""/9du`E2v~~%.
",Check sum is 1
test,"J%`Ji9]H%[E0;A[=c
b",Check sum is X
test,"yJ\]/9Kf2
12ST:Zhe!%27?2""yd8:I^FC)r}_V5a$rd^*dz",Check sum is  
test,PjinYY$-I/)0.5R,Check sum is :
test,"!e$nA	TE}}7<poe,@d*Pupc5n$2*]m",Check sum is K
test,.z]K306LevV$Q$%MH=5F<!/wv%1U&\*DVm'C|3;W}~l~D&&[m,Check sum is P
test,"5d.gT-;	~&Xl
""
o$Wde@Rv4&+:h(e!mz=Gt:&-B0)X~Ve)",Check sum is B
test,3_}CeHsc{w,Check sum is '
test,1`}a=P<G1-:(Ew-Kig$`i?:!%9VoF~RR=r{/eGE,Check sum is ?
test,"$@nu(V(@/xpg,TS%*/PKvjq",Check sum is H
test,"=sg?#""=Q}""Ys<	bl=yi5S]C?",Check sum is M
test,tj,Check sum is >
test,"Ip3
UvgQ=oE`	JU=*[",Check sum is T
test,SO2ttz-%?iA)?2v0lFax.43,Check sum is 1
test,"#uIYqSXirOd1i?Yd0
>q*KYNr,H;)o",Check sum is X
test,Fg5ynm(%9{`UI3\sU:6WnCmc,Check sum is 4
test,oIMP_7X'6!?}7]a@eEd[	J^6Lwk~vOG`OJ_W+8 ,Check sum is L
test,"Sn^	CThJC%wo?y&2;}bW).p""y7<`o7!527
",Check sum is D
test,"QGt_!\4z7
a$.2eh_CJ/dQ?Tb",Check sum is .
test,"?UNzi\m
+o=^|&WG^k",Check sum is 6
test,"p?VZ4SL
O(_:MF*=IV;XSTa#N",Check sum is Q
test,[0,Check sum is +
test,"&]
|7GY*X3l{IG","Check sum is ,"
test,]M$4,"Check sum is """
test,LDAYTI-gWw	)>!<M~*@qz@x0_:H2*,Check sum is [
test,"dt]J-pafpH`zKG[I/I#ELv!P)b=EP5Zk1""ANRA^[e1L:Hx_{2",Check sum is K
test,"WY?i!&d1wvy	 ,A\g&5)taQ,Q&y2!<_K$B|j8Vi",Check sum is U
test,"J)]X'`>hn8p&*IY&,SPZF8!	1e	v0Q%v/PlC^RQ",Check sum is T
test,<'lmCulH#7p`~aD-&]dP:]a.3x JGxxUk8[r<'zEe$,Check sum is [
test,Y+`$jxlA@:$c?f&:ES@qCTw_R%'=};oGr'[#oM	AK#hLX^@0w,Check sum is X
test,"M}I/r
+_}&6Sz/Q8U&}:|j$uLd",Check sum is '
test,1=0\EX3,Check sum is *
test,CB*[~Y~2LM_*!c^UH`H	PZJT:iMjvoC5JY,Check sum is %
test,Fjf,Check sum is 6
test,"V,yBHBN/DRH
pS>T9{ZS",Check sum is B
test,"dOHuPLmKRw4~
zbV:R-R\.Pl","Check sum is ,"
test,"gC+Jhf-t""{oU",Check sum is O
test,"-CDA0i""",Check sum is P
test,W~U:s73hfaHyZX:70x@d,Check sum is @
test,Du A,Check sum is :
test,[z4s12rfJ|H0Q]EMCw`gO,Check sum is %
test,"T%m5%Z3""e9iTv^`kI`'cJ67(+B]_bD-{g2*c. h`;6	2F0	RBY",Check sum is &
test,8$,Check sum is <
test,"B&a5R	m;4A<'KDnEX(e~,-GF",Check sum is D
test,"	_``v#=0+[Sm=PJ3#
>!0OI\0:fa)o/Xi%`<]^pOU-\QP",Check sum is A
test,"?p'
[=)F0L",Check sum is C
test,"!.>o4|S=0!{vw(o|(zG\H4C#DDPwT7n0JxRMX,m7NZmIT%
s",Check sum is $
test,f/ydB~A$0:,Check sum is !
test,"e'YQ:RH6G6;G0V:su {CJsanF&.v+4E+
t	%Rknq47$JtaU",Check sum is [
test,p6Wf8	LE(c6a/ L2X-H)7'_~?(pO)&{9=a3mA z,Check sum is 7
test,'sol#\I`M?**5LfW%ER>Wgmx,Check sum is 8
test,CjB  >,Check sum is M
test,")]$[""Bx'joj*dHzd>gedkMadUENQPVT58**%]H",Check sum is H
test,"d)ryGk*yw+T^soYP$[B}QWc!	p0/(m,#KTu	A)M{uj9p",Check sum is I
test,$&B0/-.VFSoC(5g._4R8n,Check sum is D
test,<ySq&e,Check sum is $
test,"
_M\gOv""Z	S 2c(:<?,
n	Q^W}p[?wr<A1ry$E0I",Check sum is &
test,.#y?Hg4Jj\i9b4Ua=%r|es;,Check sum is -
test,IN?D=#D|rP=wkAG0%TOG,Check sum is B
test,nXj.N'6Pr?05H2d|yxmscj,Check sum is G
test,r>W^i~M,Check sum is 9
test,"jPb-8,,",Check sum is 9
test,"TaTO;6t,~_!WU",Check sum is 3
test,]'Nr,Check sum is $
test,"Kp&MJTQ5T#h6ceL}L0bQ?k{`
PLDeQ>6""nxr+:0O oXXxjU(-~",Check sum is G
test,]d;NT}\8oZRl3>kYGTg E{,Check sum is -
test,"^t{j[[(JY3_Cqb]
g
dY2XQ-*ho1tPz@l	.vU2UF",Check sum is H
test,></+v/uqQQ,Check sum is !
test,"<E|*AABr0S6W-~3ThT""Wlrse4T|&
;\jzif[",Check sum is C
test,"(LltKX~U.edtMPOy.=xsY y,EiI2[",Check sum is 2
test,^08,Check sum is &
test,"QA8GCbMZ{m)@>Nf; mO*/
Lk&%/",Check sum is +
test,"iNzF""Yt]!]3R^S=Z.1r\&v[M|$]0",Check sum is L
test,"}Dz-aQ<uVa
 !w,:<Y2<3UjR%f$(io",Check sum is @
test,4z\%$Z	!@e`kBV\I,Check sum is $
test,"36B=U#,kkZpwH)K$CcRKkK<4RC",Check sum is !
test,1l}k[*|*	[1*E[vT#h3J{L,Check sum is H
test,Vj=D&4rsCM1	uA*aCsA[,Check sum is =
test,Mi}_6A7j&,Check sum is 0
test,".O;@)F-0v
A3s9Qn5xS{|Y3VYDmRWr4Yf",Check sum is 4
test,>*lVRJaVY(Enfz	)4vpQPGWHLg,Check sum is 7
test,x^0,Check sum is &
test,"X^9{S.d06`&&(e)/O6r-;dT{ S
hW{QQ-M-yqJLB0|SX",Check sum is Q
test,"3I@b	,}	q(I!X{uHmJ3QziNe?hDR.--^pr","Check sum is """
test,<jK9Jo!+D`X'Q-mz,Check sum is W
test,ch!E5t9L@V@N4vTIj jXf7GM:xP)i#labX>fHCYTbb(y,Check sum is &
test,ybf%uwju&r!r:*	Bm9SCBR5\h`k`R8;#.,Check sum is 5
test,"6#Dg8>gUl_9
Q+",Check sum is  
test,i2jPx?}@B>*_Q],Check sum is  
test,"f,i$""<
(<ZnBiTayZiy",Check sum is (
test,"#J&DE,yS50(_H!L6{BG&:S5icgHu!",Check sum is H
test,| y0V[Fb Yt9{9/-V,Check sum is J
test,	.b( 1'`( ZN!1.B_v--,Check sum is Z
test,i.J+8Rzt3 Qxx?=f3ygIKg^{D%j)k( r]k`N,Check sum is X
test,"1_ru1U~""+>d4_I8bSh:{;,rjXhBNNC.fEUx",Check sum is :
test,"Swb%,e-L-;Y2sB|'O|z*F(Sz 'q_y",Check sum is @
test,\'*Iw:P'?\%r(>sgw,Check sum is '
test,V*KH8,Check sum is +
test,{]/,Check sum is '
test,"8gfp>AOxA-.oHpUL""A?o""XsMW:-rh\"" ~t*ty)`A%8SH%;qwO","Check sum is """
test,"D!NmU?ptP+<_PXq{ }unA_k5c,+sOs
fN&\?LE@~ES3v/:",Check sum is I
test,".h5l<XO)6SRWlgE+42h7gI`@r[^f7L8
k",Check sum is .
test,"R
=#$.0bc?.",Check sum is P
test,fZnH9=n;y.,Check sum is \
test,~7Zr$>;idq%3	P:UeG0b'TpQ,Check sum is 6
test,7eG0RzH?,Check sum is F
test,^idL7&}#mM,Check sum is N
test,? cHwlGFK7sKcJ]1b4MBG\%Z<7kCRYK,Check sum is 3
test,kL,Check sum is W
test,^uc<t@H0MzGr*c<V2xT'6^R:.SN#fYMEO>3'!`d,Check sum is 1
test,x#G&l>,Check sum is R
test,h^U-*0).?lF3^nuAWu5 	:pFw/D($o@N4GP,Check sum is W
test,"~w$V&(%py,;zM@L;l@PrU_ #-@BC/QCw|?/.",Check sum is I
test,"HV5	Z4VO(lp ^)!^sKm E1dN=C%V&aJ|>3*yK(ZMi*, uZl?U",Check sum is 0
test,",Sc[m:0JfR.m^qPQ_o_ N",Check sum is \
test,{NCWcz/c})Ob2W<F!c!mjMi/R!@LA%Y}g_Ucs,Check sum is !
test,"v^`p{}g^0f:e2?a5D@Q-70Dg;0\:F|r*w[Qr]fz
2HH",Check sum is N
test,mUz8k[[rm	iVG}K?k*9}z(eN>OeQYC;10b,Check sum is '
test,"&B
MonbmDrAn:.IhBm;+",Check sum is ^
test,"|""g^2Ql",Check sum is 2
test,=fi,"Check sum is ,"
test,<ok9>k,Check sum is X
test,"Ad^y$M&2&,G]	NPdr}~B_/-m>[kSE&yKUOe gX",Check sum is +
test,{%MYG_dkmo+!<HBeH#-m4ON65Noa.3,Check sum is .
test,"^Ke\KZO7!<E7N@RSt8)NYvY[mGh$
;!g8GnM&:sY(0I(C0U/",Check sum is Z
test,'<~dX*tgV4K`Bu2`0wqs$=ke>{{,Check sum is 0
test,>QisK,Check sum is V
test,"yyYgH{wkn^dY*|WR]w4c4""M9>""'|iO281eAj\;~%{",Check sum is 1
test,"M^>xBK:f\ElUT{bv=g._
T:<^HF1{(2Cr(I",Check sum is T
test,):5,Check sum is 8
test,]4X38?(I:<.Ow' 	]N_;|KxO&&(54%X#qo_JKonJTla,Check sum is J
test,"L""pcAVE2bj5KiuKN?!Z>XGUn'	v\'nD>ENE",Check sum is =
test,/1:{oqrtprHO=1=+r4X5XMp%A,Check sum is 8
test,"X5hpve-i\
>zF-FQ;%AsnGadExviC_|UX",Check sum is S
test,/aQ\KRbdPxpn0Gjm,Check sum is 4
test,k_[7qF_x^$[s,Check sum is Z
test,"lUm jtUf_V( &cuxLhO,i|jgJ0kgfc",Check sum is 4
test,yw|KPvlLpXV@Eds\Xz;KSYuU,Check sum is 9
test,#)bNc4S;,Check sum is A
test,"ao**O'ZBj~4zjf16Zc32a?ho@~:OUYePgXF^=jW'[R
mw:Z",Check sum is ]
test,_6YX7mokK,Check sum is /
test,"N:
uzA{KzX#maZ56jPr[Q?6=\~AA.?.Z82lO8^p",Check sum is 6
test,";ue1{u}
q4>b.2(:I?I:X:todw<
v.=@tR8W*gRj",Check sum is H
test,ySBUtdk><nGQ2gL#Ek8>w&{F (	(9x.'C4	WKD\:2N,Check sum is M
test,"BF`	0g.2'ab1e[W 9
p*'# dcxCw~6>>T:ox?##<iRWW",Check sum is )
test,*V26TbA{(C? nT` a2,Check sum is Y
test,`Ji`?C>	IpS&[xR90LO`o:$9QvCj>itG=,Check sum is 0
test,OP3,Check sum is 2
test,iOi04l]qcf=#j%%naC}pzKPjeLMTqJ'mRIGgOw,Check sum is *
test,q5OlWU,Check sum is -
test,]}k,Check sum is %
test,z92;%8:zZ`kK	j2&#r#lL~^'(>F$W3+6H).n9F]{:8,Check sum is P
test,m}tU2~D9,Check sum is @
test,Foc.Mp<zf? $H7Ut;-#_Pag95?;dMS UKKnQq%2%,Check sum is /
test,5z`;C4.k22(xwlOx_C*K.]~7 JrZMZ-1'}IKjw]cIr0D,Check sum is B
test,{6TKU^9}40( %\dZCGM?vuA2.TCsN.@-9p^-Z[1U'N,Check sum is =
test,"Wd`BZht5gDFAx]g~_pa,F	$BX0)a",Check sum is 7
test,W>y\	<bWBGN))P?ZiHcbYQjm~w.T,Check sum is H
test,I^D_QG'Ba#{AF#XMc03x2!PwP,Check sum is !
test,.a<iut*MlYQQ@YVrKVPo\X~.swN5tigk}en&6<rt$_2PL83O,Check sum is 1
test,W!a8GOJ!z{C`L-TP(%,Check sum is 4
test,6v}4_Y)1oF,Check sum is D
test,+bsEi@R|,Check sum is \
test,"h{}_`]l*qko6oR`304V5c CHV*.,M]P$w'!Gnf=ny",Check sum is :
test,K<@C=RjbaEnkCZ*S4S)Q[t^iw-lC/K3r$:M}pe5y,Check sum is R
test,[OLL,"Check sum is """
test,"G
3a",Check sum is E
test,ZTh_h1$k)1ffO3gBRz	1aGw]{fC	I`Rf}G)P,Check sum is [
test,"DfOLF6Wg2VH7C4ekx|\ <^!u6v^pJ
7],&8iIHGF.",Check sum is .
test,"edxJ	hDa&'K	IBm0&Pd,8f+n",Check sum is G
test,B6*aA83.,Check sum is =
test,">MW,tyx/""S=?`b#\q`_66G<L7v~v5<%`fI6\VIO#(RkM/),%Yf","Check sum is """
test,"$O`[OGc>8W/	VH-#YSZY0r.P9.[Kj,,fY",Check sum is G
test,)zLX,Check sum is '
test,\$T,Check sum is 4
test,_5<[x,Check sum is C
test,"z4fuQ4	
| Wj,mlM`uez7F",Check sum is !
test,0]E~A_>6&7U{Tj^6 z\>|9Kd%8~&R5%:Tns2pVYkB%:VN,Check sum is 8
test,"3mA,o2~L4JNZR=J>UA.]3""F700",Check sum is (
test,CUaJ}8wIr,Check sum is J
test,DL^/H9I^J_H=#.aZB,Check sum is !
test,200^-b2m)|;p{w9xp}*Q	|#,Check sum is A
test,"HlOXb0v@7m	hm
wh:efstR~3""toIlgtDTiHs)V;9f<DvBN-K Q",Check sum is 6
test,"h
6qJ:#4n0y",Check sum is +
test,Y$<y\o'}Xp39,Check sum is 5
test,mTOvVave3WYn?~,Check sum is F
test,V/],Check sum is B
test,N)?c&R%;l	5jM,Check sum is 2
test,"\""?	eiG(ZFm=2];eoLJJpUb",Check sum is R
test,"JuM=Jw\O@CQG!1dok		uWpZZd9;""^R$gIrCXz|
cul-'@*",Check sum is O
test,"e+h[#Oc|D%mIt5.z`XCK[Dh~iWX^}{h?/,!",Check sum is P
test,W4yAuBkA!#])1U&`B2-'{ O$DE_:PE'>&/v??u#fj,Check sum is A
test,"[,/+ikFD9
d^8i\:xYfp[Elviyqy`2WHlD&-}5Kx",Check sum is 9
test,"h[En<^XH	!Fn+
!4E.YbXP!FAH}[)5+",Check sum is _
test,"GTu]2+9m0,rLt9_Aav'PVZ^G&
HX	Od",Check sum is &
test,"{!R;By7n@|#`Sb
t?B{*7W1a_v76sR>Rk&",Check sum is I
test,czu4iY}&{_2=Be'EQP&l{/,Check sum is D
test,"7_>`.,8",Check sum is &
test,?A~fqYXq1,Check sum is H
test,:g!\3b`YLn_nd9S/j,Check sum is \
test,"JL*uYt@Yt0XS3'=XF/*r""h\(Dn""\4C^q",Check sum is N
test,"M`,YB@<t'/Ygt)fMqbJXJzLOQKU.+;S/	fwLD",Check sum is ;
test,fS,Check sum is Y
test,x%Q4J XQc0D$u)k$GI,Check sum is M
test,EhEi]M[	5,Check sum is >
test,"SD@fb:xh""_0fYNEX",Check sum is 4
test,n!*G,Check sum is  
test,"S%nLR]P""QOm^><NS3*r",Check sum is H
test,< Y VpA'!+7@1B,Check sum is Y
test,A}Vg6gIV0N3Nj]KiEuurqc86&/(`6F,Check sum is M
test,"<_AlgdH*CX7^5B2T-SI)d""i_I#^cx~Qs,^R?a",Check sum is 5
test,>>=#2v26l0Rc7j6@6HWe=-43rV/o6bOV[},Check sum is :
test,`+^aH,Check sum is 2
test,.t^%k5!8v!n*?[YAvN_T@G-X,Check sum is $
test,$9`1zJmM.-4az$50'(FOr(DS1zF:a}LnVw/]Hc<~^4e,Check sum is L
test,Jb0D.kpVRF#:J2sUI6+3CuHZw9ik~sn,Check sum is 2
test, PcPanm:}D?R`Vi@)bKzX;,Check sum is M
test,vqX? N9uyyt;}w7);6v[fQ)c!eR#7do_|nCCQ,Check sum is Y
test,"'iIuuQ,B|-P6T/v-:uAz?PGA7<QR&HzlwOHgoaPidhfI'PG",Check sum is Y
test,"n/""",Check sum is _
test,kJb}O&bcuVd\dYcbpt<di-E%i}hqJ|iy<#$O?aX,Check sum is 0
test,"tLPc~*Xhs]SOP,d(NZ	p}sw{.]t!@h7mHO47e8nq:`_!4	;w",Check sum is +
test,"C{o9\cXx{Yo3u6Hid~sgsQJ z|
dgG;!_sr\SIS2XA""",Check sum is ;
test,"KWx00xd""s%|14l/","Check sum is ,"
test,@IErE}+wjL^36GGHf,Check sum is =
test,"7W|i%201d>Ce&Ow7R;9-Mq""x?{,"">GPL_h#Ya",Check sum is P
test,"	{)Hl	&Q{Qc{agj0;Sa.+:>I@qoP>,>dGBW2%L{fe|u2^~",Check sum is Z
test,AniEVm0<g<<0J p5fLqK5z5,Check sum is \
test,"G9%5	""$$ *RPx6nc=}XC9""%rI
i^>
8",Check sum is 9
test,"8JO:Q
1-~#l""X\Z$)|,
@",Check sum is  
test,"VV4=NP	Xj#7udc
",Check sum is F
test,dMRomjg$9PdeZF?8iUS{9S@!P0.fl!P//,Check sum is %
test,B_j1CC$R,Check sum is X
test,"o&LS""_Gp)-AnO<aT",Check sum is Q
test,"6sv,	aIuBHmVoze6cI{0V4\j/<R",Check sum is H
test,"hwm=|Awi]gn8,&n`z.K%'>
@b	",Check sum is B
test,%172?20s#RYNt2o*]s97ZR-+Qftw.0C,Check sum is U
test,=y0E,Check sum is K
test,8pE>E	HqQ},Check sum is  
test,"%M2-/K+ST<>Bo].d
",Check sum is !
test,";;&P'A0Txc :Fd12L/J7""L5-Bp3QUJvog=2cJ6Z;GkXxe""",Check sum is W
test,"^d,EdS3K-xX]@
v$5^}*G#KI#@,	J=uBJ`J",Check sum is H
test,q[jN=M3&`)@2BY2NUoKFR~W'j'%,Check sum is 6
test,R*gzf'~k*6~(eTJDq,Check sum is 1
test,"""	gO&GM>nd^%uC-|F=3iyX}sGf\grQw5Rb%fsu z8",Check sum is '
test,.>NRl,Check sum is X
test,9}^sB,Check sum is )
test,E{l$DWvq,Check sum is 2
test,"`~Umw""Ce	z@zh_",Check sum is E
test,"yYwN$>B&9(&5%&zto`t/wq
^;U$P8{';h[_^ecU",Check sum is .
test,hKIL+3IaU|/WY22-Cq,Check sum is %
test,6_EPv,Check sum is @
test,\El!MKFTnea;/16B~~r5O,Check sum is 9
test,Rac6	;W+^cN~hM ,Check sum is T
test,"~Mv[dN=:2i>:<y<52dkqtwK
|;	](goPO]iq4$",Check sum is Y
test,9dN#@W?\s,Check sum is S
test,"""Hejt^^^qj gEg]11IqW@2\S\.mN|]jr&T3<%R1*bFkLw",Check sum is 1
test,"u|.Hx	TU7&-862>F`3;oAXWw FwsqC,5N%S
",Check sum is 8
test,"nC"")7XOTm(;0i*EbE([R","Check sum is """
test,"%RfMLb
|XACH.
z8#$_;j</lY:p`bOo9@2i&jqJX",Check sum is (
test,dVs&kx,Check sum is V
test,"b9""]DGa}QR]iv&3}|N675<}4`h]PkLO^6v	e+B;Eo",Check sum is @
test,](`JtxL:e4K2S4rI[,Check sum is 4
test,"/=c2<
g,*1PT{m0",Check sum is Q
test,9rzVc%9*)0JfY/5k<|.I>j`3]v'NBv=t,Check sum is R
test,"jC-PJe9ye
",Check sum is Z
test,DuwJxl@kIRP{[U=,Check sum is <
test,&*~ojw<8Yr'Y){S8Q%[`wD0=X=f6,Check sum is 6
test,"k9*{0d9Gx-Y&,Uw/4hOnhwA:]ProKdD+$^nnj+Mu^u<#o",Check sum is =
test,J)*XyTV&]RnV4,Check sum is E
test,PX	-+,Check sum is )
test,rN5AQwv`=>5qW:RFUOsDJrw' VD',Check sum is T
test,"{&(|'|DeJ %a|gZ:!0ri5!xAIk_8Bn7[~;HjU,t8>G3",Check sum is 0
test,]OK h]}%S~v+G''+3'r,Check sum is \
test,"]pf I}n6if>+,,PWm	U_3{7,NaxSrW^-<0%Ht9l3 yiaO.o=",Check sum is N
test,fs_>9_TD?HEfr0_og4\|*hZnv&;XAaJwXw+i)[c`di`;1,Check sum is J
test,"%bx?R,P=q%/	XQ:RYq~#<migwqyj",Check sum is [
test,"\fAM)';;""`Y>|]Fi""5)meKp)aD#D5gD@O($T#0vwnK	",Check sum is *
test,";4Pj
oJ>LTV{	uw'
|Dq4L7]NvSr=y@Z2C*~|",Check sum is X
test,"#r|I 7Qm&r#N`*x<H+%/3q?[C-O
bm69>}D",Check sum is !
test,".
B2(w&^w",Check sum is &
test,"b(N<8No[z	O[,+/.OEo@l	vgT-#9!FOdlIX1h;Md4IQp*_ u'!",Check sum is '
test,g!@b_N1a.Tn|>,Check sum is 3
test,Qw.uRRobJ%@{Fk9DuV7:kk=W<4hiRr(;,Check sum is &
test,"1:bMw99}{'5-7|`b>NF-,DvpZ0C*qb
+",Check sum is -
test,wf{nPP!0MI9OY{%UnHV,Check sum is O
test,"AZ1c0CdFE&b\@dt)A
{ !LLm/UNpols	:H`XLr3nsR'i",Check sum is )
test,"`E:}r+2],pSG}k]0:!)9
D2[glohni,",Check sum is X
test,";h3Pq8 5?!N[lT:?4C?f=[~$2BQRl1T6Zg{4'lV:q<?rf
",Check sum is ;
test,E$s[wF1>Q@Nu0lO`9ly_9<38Bq5w-(~@e,Check sum is V
test,"Z.|5LXd""qTR+vl42wis!L0JFTRT5aC)OtD:fm",Check sum is ]
test,"'TY
%^*=~{C&",Check sum is J
test,#a9wTfYiu1X_&s%;c;7,Check sum is ;
test,"!	O;
pTeo?i2 :pn,%f[L=G4H<k[{'!mhnZ%`h",Check sum is 5
test,MhvTzm&hv`,Check sum is *
test,AL-1+:}>b 5>ZH!8Z'0Jy~bN,Check sum is =
test,"bs|BmbY>nDE25	;VpDK]8D""xxyMNppi\8","Check sum is ,"
test,PO{9(+6OaHaF:Cx[(d[bNP'!x<DDDAqud`kMIK}U@,Check sum is #
test,"W;]\-WR O7)kcQ,;&o(=?	i",Check sum is A
test,<I8,Check sum is ]
test,?:e5kB(W])Q+h__A([G,Check sum is R
test,"Y?C?ZmBZF-
qKbx{",Check sum is +
test,zR!6_L!8@L(Z,Check sum is U
test,%X>ak,Check sum is '
test,Y+(%25s>r)ANpSkoi%Dt=hc(57e\[! S<QfY{EMsu>M \\T[[,Check sum is P
test,Z6,Check sum is 0
test,/zHS;uiV%2w$6J)YI;YBM	.3uSV.itS86a4sf.Gv,Check sum is  
test,"Nf]<C4D&KZ~ah$wRwwCOE]|*~FYjV.#U1e\3L@y"".#5dovW",Check sum is $
test,aB*F\O0	;<ikl_CMQs}SwRn,Check sum is H
test,t~X)MNY=bYR<e^KTR^y]U?cv H,Check sum is J
test,RxNB_HhC !0N>3l,Check sum is (
test,x[E!L.kF'NcY +(efNw'z;i,Check sum is =
test,"n)Pt ""'N37$op1O\:u*6GI`So]x@n2",Check sum is 1
test,0PT5L+%>-!zh,Check sum is 3
test,"+{SZwCVr,0>wf+k4W*C*bGy1#0'J{?O^hJ<WzuMUQ",Check sum is I
test,"xG]H'lqTwiNLx0#cJ
T2#HJ^]",Check sum is N
test,"S-tOQO34OKKNxE<[j|r4<qgDt""$\-y'Xz	|S	rf",Check sum is C
test,"zVY?5t 6Iu!<$?`HZM~ED
Wvz*
izdl{_Ehe u.dV fb\",Check sum is @
test,[qj%<=FpY P/7#D0gQ^+aQ{)ndMNd$;0\=~?,Check sum is =
test,`|OHSmXEP,Check sum is @
test,"Knb4
yf[0(+#{,7UhefWmA}",Check sum is A
test,Tvu\_niXc9wag<<e(dJ2ZP\ `! l^R+Njxw6@>}FJT,Check sum is S
test,tb$$5ty~P3i0 e=y(V.	B+F'|JZ9};V',Check sum is R
test,"wrC:l
{fpo&mIjc",Check sum is %
test,n0O(]&r,Check sum is *
test,He0db7! FhSzYL+Yf2Gq,Check sum is /
test,k'%TU&%5wZZ[;g7ZTWySG7k<Hi4yqlWmWu(-P&\*XJP,Check sum is #
test,"Zdw_=[?=
yxxC?62[4-HSa]u=8aV2@JW_';<:E",Check sum is *
test,".>X
f",Check sum is T
test,T4hnDJ'm~k#]asJ(=uTan1,Check sum is U
test,"$sPrS@M>-81n8.H""Ti`5'1Ore?1	q!e-%RZKHz_y.",Check sum is <
test,"T'ml<LcO0L\8%Ox
b|9Ey0j&5Lc18*Y''W i	E",Check sum is U
test,"A8""p*SZ}u_",Check sum is S
test,"""qy7zgBSj,H{1d	5&pk9vDj",Check sum is #
test,"fqpJ9
t|#wn_=Jj]+e n9Jxd9WEFp/_7m*FG+t",Check sum is )
test,MEMk.j/al-=sR}e,Check sum is O
test,"Dxb41\+uBTUEl',@(7`e%%YG|2Wi}+@",Check sum is 2
test,"R[L/t]]R\5nwE^MK5gt{&i|?k^;%L;2<}5',",Check sum is 1
test,=h&Js3hLQ5,Check sum is U
test,"ro
01TD]33Y72	Jw	R}XR",Check sum is U
test,"Il} 9*phK~""Twt;-5FOD=Y06K,@	IzH""b.8q4",Check sum is #
test,"iH'sq,v7Oj;7B_/#L""_NqmzNF#d\PE`LY{^F/sYsI'KK",Check sum is *
test,}eP%)UAj^$LOJAa:,Check sum is #
test,"a0LU8=Jx}""iGE6A5{$_&R2Nx",Check sum is 7
test,9#)?=k@r*,Check sum is (
test,Eo~+,Check sum is =
test,"!cl!E
@VbYa]J+O2<3c^}:':8Snd#0F^=Olw'yIbR^X&=,-oo",Check sum is =
test,",|j*GtL<m}qRH2<>gYF",Check sum is F
test,"gFzEm\*E""/&?tFX+i!,dZwMJE",Check sum is >
test,e~Z8Si<iz)VSEoC81CW1^wx)^GC3<E&kG0Y\QRWD&m})yorm,Check sum is :
test,"qC[VxG&	AOQHW_""KF:oZ-AxShGUV6y26d_",Check sum is 5
test,"I&q6<f
\Vp\",Check sum is  
test,"xye%v!.Je$n!qBk}	7>;2Hyba*F+0jZ01%)(8\3%mM
\U	[v",Check sum is -
test,/D5fa6W'mHIFh\oHhk,Check sum is U
test,"d}S"",@Z'-[]Hzf+c2E0",Check sum is %
test,Hc6$X,Check sum is =
test,"A88P&1?=a$fhT	""	j9xt4\2n,z_hB-l	A",Check sum is  
test,"7AlO[8iM?lA""/gY;
SiV e",Check sum is 5
test,"vuB3J><C-CCA8pOUDr{ck.'M@OpT;,gBY&o-~j)}\z ",Check sum is *
test,"}0DB1$JtSp""",Check sum is K
test,a$H!,Check sum is N
test," T77F)Us]f*D\Vo
9z|DW{^dxwD4a|D+|0Zbzxh",Check sum is Q
test,"'<5N|Rx9jPY<4Q=/""X<z;f%xG7j!:2Y%cPP",Check sum is )
test,`%R!66d8	DnTF:wwTOj]6p,Check sum is -
test,SphZaM2z:,Check sum is 9
test,~X?{~H<9'UuD7X+yNCiMTh/'L,Check sum is 8
test,"nyb
rgPVHP/h1-&m.}&",Check sum is #
test,"[Sm4sig%""/7L9j3$",Check sum is %
test,"J]_6IR4u4""""e$n*@IlXxlWtf@",Check sum is [
test,"7,",Check sum is C
test,"
&AoZM/tvV.sqfwB1%\*JKn:a",Check sum is A
test,";zQx@_qG
!G?:D 09@}L|1l_",Check sum is .
test,$#/,Check sum is V
test,L~^gf.M`'J,Check sum is !
test,"B}DoW>)o>~>hn.-]/,WK,vu,_r[ g()XH|(E",Check sum is T
test,"&<(PX]!E
NN/W*x""e{*bj",Check sum is [
test,	?kMwR-#@F&7pI7EgumJ(83juoPTrnN}	{&0q)ihz}WEZ`=Kk,Check sum is Y
test,"vMY{~HTjf|J""KTBb6ze{y$E?VPvFP^wyr!B-;fr?",Check sum is Q
test,"""U!f!]iU-C8""haUa{l1un/v5EnTHi=N]u=",Check sum is J
test,0iAtWh&F8ENK.Pcw57C,Check sum is 6
test,"8e4W&c>/92frV[_
4;> Z&5aWe@D5,!&IakIqtR",Check sum is ;
test,"?B$
E`c",Check sum is W
test,&`*,Check sum is P
test,xAJczXi[m	s^;dO,Check sum is Q
test,"@^Ka5Um97nCFlzr*:	+)p'L0C(,Tl",Check sum is K
test,]JsL3[hqqq81SIF7{$xluY;S$4@p711ZU9,Check sum is 9
test,S*e3WOt#l,Check sum is ^
test,IhUb09'R,Check sum is *
test,&pIW[y}-Q,Check sum is %
test,">\J$v5lgPc0q""2#z[F21ej<o,51>TMb?nfa7THq2!~""$s",Check sum is >
test,"#+*!3vk3Ub2#/i-aX(!vxY`RK*5*u^f,~ebE",Check sum is O
test,"7Z&8ZQEz%1(&ax{]vq,
GTZ>@%
>qh`",Check sum is D
test,`T`wm/`V6WvK4G/b&9Z3dLK]}c2#Qp9tfV?S(esRs<+@F,Check sum is >
test,$2\[t=4e8?+qZqh,Check sum is =
test,}B:?Y$PU3!lsHs^J=K'+{i-g$9*(LYQ'm,Check sum is [
test,v<qyP>3*3`GVAXJLFkALm,Check sum is 1
test,lnx3D|3]6'\u)UTq9,Check sum is _
test,_j\w0UEE)4vD,"Check sum is """
test,"# E-~D:ULjV'-o~g@uE%A.jO93cb`~L,z4L W@]m06A",Check sum is J
test,/?4T#|m+$331.-\&9:IsBL&2{8{0X(Hu2.		!dc}]K;S,"Check sum is """
test,Gu[#{HszCKu_G_P@oU/B,Check sum is W
test,"P,w.itP(=.W]I~FXZZoIOZq&%Xs^+7.Zz-JZ9V|=vm",Check sum is 4
test,>*eO:9z%3zV,Check sum is Q
test,8+Wb{F;P$%.1#4{mmm&gJ#O$0p6,Check sum is L
test,"8r1RA*)qIUjitP?#~m#x""7\(]V"";,lGIr'!ek!AgyG`",Check sum is 7
test,"4,'i/SB[SJp",Check sum is <
test,"21S'M.GIuAekw5Jh
!'bBe",Check sum is G
test,"1Z|4Ohcor
1j>6jJSa]3cuE2AJpc7`O8",Check sum is 2
test,:df?4R.lR4n5R~>!_1y,Check sum is $
test,m41J]P(?C<wd|Y&$A i`}gz[z	L/v;*'K,Check sum is 7
test,	2R]r7!k,Check sum is ?
test,"0},X7:)r$7~Q-3?N71kzrF[=!Tx2\s0bUD?6:cQ",Check sum is M
test,"MpD3Bq`Q&}S.c>E#q/'BB9o:-w1$
g@jlX?Mmg#I|Qo2\zCdf",Check sum is G
test,"#?Ywgyno$ H	N,y;$o~Zo@|z+2S[h-4DS/XnY<l1%D}

MvOw",Check sum is 7
test,<y`/yD/,Check sum is P
test,"z[2py`%]n+L-O8p;
.`	z",Check sum is Q
test,"Q_WWBHg,2""8m(9=D4 Eesq!M*a0)PDUBf",Check sum is ;
test,"Na)SD{,8kTx#|4y3o1xaytjz>8
\HP}Z\rPNv/",Check sum is J
test,9J\Xb_,Check sum is X
test,"``*""5Bu*qqY""ju""KZ+QV#\LJ0Td+s\mZ(vKWlPH",Check sum is Y
test,{ds_eK}ZhfkaL)&=v6MM,Check sum is P
test,o(>(K5cBcV4CNG,Check sum is G
test,\L]`A	l_^R`zr,Check sum is V
test,pyQ3	,Check sum is V
test,"BZ1""iI!80tO""mDv*]y7)2t(Np2;]v-O9qe@4d<p!'=_CvL",Check sum is :
test,"l`t,kg#cUbLVvTfT,r%@#|+w",Check sum is E
test,^qIjploE41rjSIW]F0FMrAU,Check sum is T
test,I|,Check sum is %
test,"yN^$2CBMTr33j41pD""+u~:'",Check sum is =
test,"MurS^N];[kLlrmu2m6m,wvmJsMv3I",Check sum is A
test,> uy68dgrJ|wOX%^!lV#'4tSRc	^7,Check sum is 9
test,"aLnbfB~GMJv3gILY/O|[9}6x\u
#5~vKv+5Q)wv3W}QaO{6RNl",Check sum is L
test,/F[Fi>1;P,Check sum is Y
test,Q4~c!vw:#XskMk}p:`T3Wpa=G,Check sum is Y
test,"ems2->Bc,peJ._aSQM/R(,x1*VlBwe",Check sum is Y
test,iDjU1e3eK+7}LL$@<M#kH82l,Check sum is U
test,"VkkxyL<&*{`Wva""r*Lqdk~5InbuCz+o;	vkiMt)q~;h63",Check sum is 3
test,"UQrnMP!,<4:t>>FP	QzYW=^(E$1;=e",Check sum is >
test,X4'VJ-N(SCda9F}X<YfOGSOAgd5	3'^(J!g7e3F#\=<GT>S,Check sum is -
test,"u8XmRc&U,aqDM7kaG`",Check sum is ;
test,"|{yr1b?6.b}lsm7^MjAd""(CN)
3I@\I&1#8",Check sum is 5
test,"1,.${
\RS&)
i3%t#pB9&:n3!f,/e6?$$",Check sum is 6
test,"v1iD&/?V
>-SvA",Check sum is ]
test,DWYCR 	_68jp_-GA3,Check sum is @
test,"WZjs=72%6C=a[/s** El.l8 Kp+dF-L""/zQ#:}(`AlpSMr""1",Check sum is -
test,"M|g'H	*Eq3D.!\cu\m)?ySm6+pI(sa""rRI2	
A(",Check sum is ?
test,0;1(7,Check sum is [
test,<JPsytUZgkn,Check sum is E
test,_sVf&==;2|v'TbGs/#~)AA!P,Check sum is 0
test,"[7A\=r|`3
}uXcaoZ~zEn",Check sum is Y
test,8	v]e(2)UltSI4=iyO_1]FJ~x2J0!c5)<~>?si:s},Check sum is M
test,|0C7QqLM&U)HwxmB8{8'$,Check sum is !
test,"Pk2B_2:3{8.0V>""nH%@L
y'oYs(GUrp#KTs6L",Check sum is =
test,"FUhBhJ,`<*mnr@m]y@9>}
8> |%2 B+W1c^",Check sum is V
test,"JEbp
]M?
{|p+lQ;pFr[^
clo79bOfcltdU",Check sum is 4
test,"-YWe0u[""o)$E|/]v=",Check sum is @
test,SQLdN:LO3f%4g%9D}J	,"Check sum is """
test,"\26)B/R,Fs7r(TH`|JETKLiI!a6J<:}E
wRnFmCs3grt6",Check sum is D
test,"lo'>$""?T}CUMxN<T|PYa=6+Yu#,}<.ua\}E",Check sum is M
test,"J:OXD;O2MInD9Bay;,1]h>3uKyE4	",Check sum is 1
test,Mib%[/\\o`}88OA(mez,Check sum is _
test,"=UL\f>$-
7VKEbl",Check sum is D
test,f-=e}aECE$|xoo<P~Qk8l{fh6L~+R$NEowsM')EHe-l,Check sum is ^
test,rzL.v.1]-	b]U^p[76H&X[}#:}2KRW]bdVZI)7! >nZ|,Check sum is 5
test,"XZZ L.x.|Fe8
-!1r%Cu81n0?9cgVem,	BXX:S9Q-gE7E(C",Check sum is R
test,fjmO`.,Check sum is :
test,"fR <H!~O,@?mC9nr=08[B;&
DicxQ}Cjb.u",Check sum is S
test,X`n^u$8Ar[63'/,Check sum is B
test,"dfXXAkFFs^RZ56VI1Bxv3pe>-X_WCe
j>hjA~R5	7)U*",Check sum is U
test,"*|_H[=$OB0h;,kYap
=bN_mp3?@PBygRZOE@+Xm",Check sum is U
test,7{OW;,Check sum is 3
test,"el9gXIjw^
?Ox{y-enF,BiKAmf*!d'}
\QK",Check sum is F
test,"J<9{Pu
l>E:d<	r]\[""(.U8ns.aNp",Check sum is 4
test,OV}qCw;TsIlH2Uv~t!E^kk%CP,Check sum is -
test,"soWS!pNll)X8""[xbfM\h	~e",Check sum is V
test,8P3?X#.pAMvKkZA{,Check sum is C
test,"iA<E;/z6%ukk9uC+y	{qMtv_a|Rp`8`""^Vw`w1uR]T",Check sum is Y
test,"N<czm<6]4&DCcE#k/B,e@le#FKV8PFD*,HtUnj[)@})&5[iJo",Check sum is J
test,"y=3J@
9fc~3~Xl1e",Check sum is (
test,"4#CW$pm5*	?J\1vjR7h~#0sShDM`t""TSC",Check sum is Q
test,"W""$q&*Io)i>4{ r|UuKzY
w","Check sum is ,"
test,ej6Es38`@ohPsl6;?D3,Check sum is U
test,"R/u8s>4ui%xTdyPd6FwXtDu=4d9,i&!",Check sum is 5
test,9wK^bi5`[F-KR|~g;@ROm:o+|,Check sum is >
test,"l!/e7{U0@GZFjhCn%3:2nc3C""Q5Qf`fJ0l",Check sum is 8
test,x65fV}t+<+~rSW+qBX:F,Check sum is R
test,G(cJ{ap.q#6X||LtH++oSZJO*B^pUO]:,Check sum is X
test,"yNmtWa+I7""Oz^'O&?ja7|g`BTeP8?`Bo`Ju",Check sum is F
test,j<ucE(cLUV~6Mo2z@0DWIZ1?LQra<%\b0,Check sum is ^
test,"c{""3,<'Ya#}BBp1LOtj5%Kk%<AE{T5XKu6Z\FA",Check sum is  
test,4_c`eB`gH_Y;(G@UbNd2i$R+8f+U*kL;|;HP>`j(],Check sum is I
test,O{}x-(yrhtJ'ehG+J1>Wt9-?o6Ob,Check sum is *
test,~VZeO>UNhN9;4*7<GF||+su1:n,Check sum is O
test,t;S&A\-<7,Check sum is E
test,"m6gn30hXM`,5X-sTg""0L|59R$l<gF|s}V:l2ljIwTica )",Check sum is I
test,?	Nui,Check sum is T
test,)wj3KIS%RwhbUgY4_};@Zr=u-g/gSc)qeY78,Check sum is A
test,`IiI),Check sum is $
test,"yXS
""a5abA",Check sum is J
test,"ccHah1+!@&vueb,",Check sum is 8
test,CJm>FERb04V?(r,Check sum is *
test,"_DVblV
Hr-G
7yV$z;=caW+[cVO}KB",Check sum is N
test,3T,Check sum is '
test,"<9/F08""&X4xD9ERqI
u A_?Qwq|9gUa|?}='49l'""zel@m+",Check sum is 6
test,"p@b|;""B5)pAWpth))",Check sum is Q
test,p~,Check sum is N
test,p.@c$n:Ewu*o,Check sum is 7
test,IvI*CWZd@|cfWsi9$p&69T_:sy2#Dvh%nf$oT4\wMuje,Check sum is L
test,"kTgf+?(]^fa[lI2+g>	K?""A_0M}",Check sum is !
test,";Q?1lUVYWY'Tq=elM	UAhF!)E'x:nM/RJ*m,4Jw{vhC{7	jY",Check sum is P
test,V'\HgT>Z2@O9ueH0*-=,Check sum is 4
test,uu2zMNq$>BOG/?+w/DWw&*A/@K42=2h`,Check sum is 5
test,"fJ$6
yw;[",Check sum is :
test,GUQx8u5.RkT5XMJ%ZZ~FA,Check sum is (
test,FX78_{AA=dRA8r0*{]!>`m=2&dT*bo^[s-UKB940mK,Check sum is ]
test,"z:1)n3A5/DQ5SG_:+M"":yD""1",Check sum is U
test,"k	&y@v"")c/)uJP8fR@g	BVXm-erIp'Ok47~_/ kq5 M>T17+",Check sum is S
test,"^
q(%p(iS>|281IW&E Q&Epm",Check sum is 3
test,"/PBR0G5L)""TK_.{",Check sum is ]
test,"#'1R8]EY4A0
~,
9$\_z$1n",Check sum is X
test,"6Y)HDM*m.OHIrXa
F&rs0rMt[bf7""yo2	X?E~Y9P#+]-/",Check sum is !
test,> 6mJ>x}*X+,Check sum is K
test,"HS1TaOYQJ0VB*bO1*%|y>S""L9>K",Check sum is =
test,<eYAtOE|pyG=mx9,Check sum is *
test,"UMJ_
$u&V",Check sum is J
test,"9gwf!rU0aM7_A
y4+hFhco8C4A/hs1\<",Check sum is G
test,XzpT6P`>qM@*[KJ52X{U-j\g'<Fm&^h,Check sum is ]
test," smz7g7)$2E246!E!GT'ua'BqE!7295&:VoUP\q32lS~[Oj5
",Check sum is Q
test,R8,Check sum is *
test,8(':!^lqT,Check sum is Q
test,"plzNE[j7iUIcs.d^!,>yvd55\//$HB0-tZ&tP3GXd;v7a#67
",Check sum is 0
test,"LE|q;#6b4wpyLu{}d`AB-{_K~>gq""e9pSVs}OGezdR,44",Check sum is V
test,"+XP&_Vo<N*""cd+M~Xl6S+N9y-p/xQ*Hp!9%rs",Check sum is #
test,"w<j .!W(IhcCI.e3,P",Check sum is M
test, |)UzIz*dGwF~9;saL{LgzXd>n4^,Check sum is =
test,"wD1*cx{4fZt{.~}u(u(8`d_H/A-9=	<>>%$!$oE7,p0v-",Check sum is 1
test,m!|+B2LTg.A!0Eu]%wp-,Check sum is  
test,x5C=?JVtczCG}5J1kh*8#,Check sum is L
test,WV39G96i,Check sum is X
test,i*o{0UrE,Check sum is Y
test,flKhI+|K<v<+LU]<4Ma1z%6{.,Check sum is D
test,S&W53nXIG,Check sum is .
test,"bDzWKWueG;-&QjgzEaQ#k&gGWa
6nv!Ig(",Check sum is 2
test,"k=-zwi3@#jJhGUvxY^&-R30H(zA:h9C/Fg_0$W ""0i2X<&Znl
",Check sum is >
test,[Y-\<?raj;<JA|fj,Check sum is #
test,I4}=+qe^T4/6L!g>	3!}Z=!(`)MiBr 4XJV/HpK<mua.,Check sum is M
test,"c^7V'V3?T&X?[A\d5B/!qE,M'vdM)#",Check sum is Z
test,"1+f2,AWH5LN;",Check sum is *
test,9[0gG6-3Ct{\/jt--hLEY)	Ygz	3lE<S,Check sum is W
test,v^EG1d|AT[^zGAB^Z/!n):B~7XI2?EK`k}#sY9j1`75Y,Check sum is E
test,]^8d#,Check sum is Z
test,"}zK)W*Wd""vW.%C2%L,*.u]O>I2p=1iqSRsbO9w,!_THGT/Pb0",Check sum is 2
test,"X:D{Y-u
;&NXbjh7p>z=vA/pqk+NtL`_qD.MwBGi",Check sum is P
test,6+BH$ZPJ7]|_-=v@e,Check sum is W
test,Z4{8x}^,Check sum is 4
test,"Cz,s",Check sum is <
test,R}E+F\.5,Check sum is $
test,J }7s%%Ox+gG_?]:;Q1pZ^5^k,Check sum is 3
test,"-
$8rNmp^b
n,JD^&[; hHo3cJBZ[jQ1?*G|Saw>i)H`B7hlb""",Check sum is >
test,"{j""#/?4d-N2AU7OvWV5)s+Fs~/*'',
 `F\^`","Check sum is ,"
test,"Nb#}k6REf7,>`0W{:OD)]*|5Zt+D`xt;eP",Check sum is 8
test,"($s9I<S'bX5Mx~L!j[#j=6y|iJy`=Z
?",Check sum is \
test,`'uG<>O35k9|k#uO^NwuSRnMs[iF-oHR,Check sum is 1
test,O?9f~/N9+I46~,Check sum is ]
test,"SMS@Bg%""Eo\z}K>m`",Check sum is  
test,"U}p{$%EkAMkCgQ]{%=HSusWX~)9[[p$&R>BA	v]?""Xz%(TVyF",Check sum is ^
test,"yJPZ2a;PBaakrM,Of@$z9O^j`D,eJPb5/g,Sg^",Check sum is (
test,n\9#I~%{i3nQ0E,Check sum is =
test,"L|Wg""3![p.gd2 
Lp39",Check sum is $
test,sj ,Check sum is ]
test,"~3wK#
'&!G ^T1`-w1]\CKG
4o!f:Zp	f8'KFs-g`a'
W^rk",Check sum is ]
test,$%Lrsm^'Q`Ol:b *#vU`pFyD1MZ52NL>gj	XLkI(8Y6W#b4J1,"Check sum is """
test,"rKWW6x)>|I(g5fJL_
rI\K-",Check sum is ]
test,"F""""I~'J","Check sum is """
test,"	2pax> W1XM4,1N]""#.~fIUkhlk95Htnh5t3#!lSx8hKo1a|,",Check sum is 5
test,(jA6F`vT.3plmZ<,Check sum is Y
test,"=
3e&dDB44(T+]N/.eTzRmblS{f.0<",Check sum is 4
test,"E]q?R:ZA!le9yoie,NAB<H4^t;~!9z5",Check sum is C
test,"%]&
=""2DQYzQMA2*@]8",Check sum is [
test,"hR}C2hw^IF,dm=6,>",Check sum is 2
test,"ovdr
ijwne|2`.U.	;)szg^&5jnH?AS7Kn(h0Bkx!{cv7?Y:ZR",Check sum is -
test,"sd?
TWgW	",Check sum is 2
test,"zN.BhbF s#
/L-9ecj~nLnTmyh{ruHzoCd?4r!AG_",Check sum is *
test,[Eyc2(t<Qu_#gz*kVWWSW'!rT0	g\Q+,Check sum is X
test,"fNaulcVHZp
e.x3EyDnM^",Check sum is D
test,"vg=%qHy,'SXKwnfOy,9r",Check sum is D
test,d<{G4X{tt39 2kJ,Check sum is $
test,"f	I~|rqgoRnZI'(WxE9AP""'F37?B*r%Hc^*4$a4{Pm(@Jsz",Check sum is M
test,M5SzCL[k<k	70uIM!\'$!}+),Check sum is  
test,ad`>hmDqNY,Check sum is 4
test,"ZFa`m?g9_Iu(l+'+(dhBxdf/^JUj7}rT""GMUbIE)n# ",Check sum is X
test,Hdq<b&t+g{U	`o3XT<LUs}{z.7QxZxADC,Check sum is X
test,"B6_298h{ k,C@",Check sum is 7
test,"m*qbO8|K9;tl,8gK=
*H-	#4aum8
b:&?0VoNz5",Check sum is @
test,"{P+|[g1""",Check sum is '
test,LqBP!Z~is}u<EH	)>YzX6o@6@'T8iM,Check sum is ^
test,"90d;&$O@C#""5B",Check sum is @
test,"i_<puE1N_""G',kO)\T$TzUr^
^7G:1-#	Qoln4T#n3}.y",Check sum is F
test,")C)0.>@?r[)-H6Z9(\bBf.$i\p_%> v""vsL@",Check sum is H
test,"_~ I:1T0-6.x,wu,Q+tZ?iFyl87l1*8HanA""QO**bu",Check sum is 2
test,"$[!""Ykf3*B5{pC~~j""|",Check sum is R
test,x\'a*!Z$d$`GiTt<+!zY<{Sw54YH~|CF,Check sum is N
test,"EFu4f:e""Cz~S*l",Check sum is _
test,[0aGh^E	-XMJ a_KIaQT8 mc;ku#\:),"Check sum is """
test,R~=R^yS2xFgf?* _2|)=3yF6_*Z|,Check sum is )
test,"_UIeZNSQ:Np<j
p4k6D3E!RE_",Check sum is N
test,EuY:e>aS<{|0+pZ8-i74>ln4R|>){R{	w(y,Check sum is ?
test,"%#cDn0q\pAK:/.!!>$L8[*|,A7!O-k+w",Check sum is D
test,)jgvwi CE\-|$X3ci~HB#>--7{-FHLD1T3{|d1v@4X,Check sum is ^
test,"L;]cX{I*.Z0G5&'D_CIKz:p2J|$7SQS-""1i<dB
'E(C-=R9d",Check sum is [
test,5AXgltf]t+C36Qw)r,Check sum is &
test,"B	v|)igts""z+ec<%o:VEnf+iZ#=XX4v#N+TB9dwF6kise}e",Check sum is =
test,"0Y,v\'>_{CKHyC3""",Check sum is M
test,"e%D=q-JNYr#eC#&H)eH6:HEYB
&f	4iNx/qhF'D~-KT",Check sum is ;
test,Y:[>7GFjZ#J,Check sum is A
test,wt)NwKz6nYyhUD-`9!,Check sum is \
test,"4l{1gpkM+Y.(Hh6s9m|Rp}	GTd)
L",Check sum is V
test,"^f(*uG;?48V3#v-
=oxEBoC+z=8J){I4Q	WhN_9h'",Check sum is !
test,}lQ9;Peb3tFX,Check sum is *
test,">(;g<>3ohva""{""kxy6t2q1q",Check sum is M
test,"^e
4;uA`:93-tu<K[ao%{a5",Check sum is V
test,"a4QE:
ZOfe`Lj""$WJY@z'?",Check sum is 9
test,!C>V06BP@AKSW#<WL	}v(<Q:/x,Check sum is Z
test,n~{k->}E?_iY]1]A	HSD0(ZBW_FA^(5|(R@A8]iQbl7(@'%9FS,Check sum is P
test,"[)m~C3xb&I4,%,n\Q.Z|q""uoqQpb-(f7$?FhX%fjm6*
6-D(",Check sum is _
test,J'Ud>JQvltX9EtQp^_ <63H|eZU,Check sum is ^
test, RC?c&(j_4	+^-,Check sum is A
test,"+/pdz(=S`<(_B7E	t,-$5p	R:pJiZI%~J1H/dOLab2v-neU",Check sum is /
test,-KSS6~d7SoTF,Check sum is )
test,"lmST0""?%5#PylPp(qiS;o""#R'-^VqZ8t$A",Check sum is ]
test,"vKmEzoRA/fo~?Ce{!p(]JQ%>KD`eh]PYn,e^zOO5OD`6&",Check sum is B
test,)*kly_g$mx(iieLY<pBurh5:JXa,Check sum is E
test,"`;SxtT
!~tAQL$lF",Check sum is _
test,L}=rCboTtD%(L&HC68v-0H);	_H>b#wPGZ@fs\$!z*Esi,Check sum is I
test,"a$\b1{vz^,]Z>)#)O|DZ||$_Ee{XoaC$Deyf3ya4",Check sum is T
test,"<[H4t0i
_ ]T+e)K-R\oq&&xt",Check sum is 1
test,1:,Check sum is K
test,"(8[`A*2[9zjU!+\Geo]3]xi*<SH""VA')#",Check sum is #
test,"6B;FQ:,@~'D|s+Q,$0o\T",Check sum is C
test,WK9f4IU-Xj:ue'Cg$.Z(g=.PI^Zd{H<G[S~a[QGB2,Check sum is \
test,"Ju	J[T
`y,#jBzT:Y\X^b],f=x3Npd|6",Check sum is ?
test,UPB4^;8QzE&f3S+93aO=g^{~[sTZ,"Check sum is ,"
test,'bPu[\!5Wb,Check sum is 4
test,"E'~>iPcXwL9CqL\_,uT/Nd<p!-S9sdK3OX5k&",Check sum is Q
test,"r""3)%Iyc(n	EIl.%oZ&?<b!x{NVoUtxB~T",Check sum is N
test,"I|Rk/M>6M|%I+
~$pOd_+X5",Check sum is Z
test,hE10`z/`H#,Check sum is B
test,"CA#P[(;;jM>}<u"":N:}:/JOjx6yzD]MJM",Check sum is &
test,"#ptT^*M9\o\r
i<b5	:~FRKna[:UE""U2L<0Zb k|R",Check sum is @
test,xB,Check sum is Z
test,"):Zvf!g3L9;Bp;ffbGnQx:D1f+8Eh6ZG,&/:#l0QxP""-g;6^7F",Check sum is ^
test,"<\PTEA?j
W#t '299]iXj)42\4^%kK",Check sum is N
test,1	`ud,Check sum is S
test,@3[p9-=h/rnCI1YW]^?PMp,"Check sum is ,"
test,xh<}x?!fT<Ob<534'zE0TkuJ8YRq,Check sum is 8
test,"Puee4o&Y3+/khupG%s?G.qAPAHrF=m!""j0#me5
1p%fYu$e9a",Check sum is D
test,"T
Q0,yqu.I'9$Ny6) 1e@1KD",Check sum is !
test,"3*@$Nv?V)U1/gmXxgIiA_""zC#QkcvoZKj#|>5~B,mD-b9Q(",Check sum is :
test,e1TsEjFlHPK$i4io@S'zCQ!0;`Ry2:1)! o\ W`\B)3z.G<,Check sum is '
test,"n >$Qki iF>,L\Hup4]Hab)[Y'	O`x-mGJBN'-u*2o,R",Check sum is  
test,"dgBq#!5_+J[: 37wlTp%q,7BBe?r_>~HEq\*)FPk{B/H.+L3D",Check sum is ]
test,"v#QQF\F""FQcI8cR)Z",Check sum is X
test,hF|PN*z1}VO6fK'/w3un@JG	gm`p1/a52&&lE>,Check sum is J
test,"3b0#QM,	b<",Check sum is 9
test,"
tH%:$2BR%t&",Check sum is .
test,!SAm9Kt)FE uyp?Eq}}a7fog[ ]%b^pK%}cm,Check sum is Y
test,L^DbddjZ?r:>5KSmmG^Sj [`'C*3JG]yuVcEx)<f,Check sum is 3
test,"5n9# X:wa`#qfHK]C$0a4
2`{_!B",Check sum is 8
test,"O)z/RX['q{*]FP:zi,SsTvkBs
Ipcq2L?[y4t.O~p~'J,R8j",Check sum is 9
test,:\3\z57$*d0+7/',Check sum is E
test,"'
t^+29>k%1/l#lZn'|:y~A9C%*A",Check sum is K
test,"-Eq&]L~lV~QDvn=>NLMkti
&&qo8{EG%P	Wf|MyCR^Hg",Check sum is G
test,vWl:?wU]lkT.:vMs1VNd~t}q8m4)wY,Check sum is /
test,"2k{
5YOZ]W<L#",Check sum is X
test,`v.o=b)%F1gjWu7bN,Check sum is ;
test,"7rIz0AAbUZJ~_?xHeKg(O, QJhg/Kqpo#9R-\VeX|K_U?0(@",Check sum is _
test,"
_,[N(5U`e4%hsD",Check sum is M
test,ur9#ds_Y;Hp!;Ve3L+4+C;T=W2R3@(yF/HlQ.C7-VT!}.z3,Check sum is 5
test,"&zs'G_jQ2G.&'A
W?uvdW4LZgj;egv8^R~8",Check sum is <
test,"j&GVcOL_Q:9U5E~]""""^:8","Check sum is ,"
test,Ak+6FA	tf+%_yt+rxBQ_?l,Check sum is %
test,{zYousJL=zTI0NY,Check sum is F
test,"Ct^r,w+\%#B}%Og9zV\Xb6F/rW0U",Check sum is K
test,"H^WItLdwG[-]Q`,52yVFB4:Aoip!7&,uszL1Felxr;zB",Check sum is @
test,"R^""tTv:Y> *__	LWpaE	IQ#&,pm~=LU",Check sum is \
test,%>A}pJ&Ls%>PvG~F1{m'adDXa=<,Check sum is O
test,}p-mNZ&1aN`WQQc~Ha8e.R]_NTV=Y(b5mVA9-(:&VSh0j5,Check sum is 0
test,zw8A)g5%Dg8^,Check sum is 5
test,",[-X}`[?X=b}rP74IB",Check sum is O
test,q.jPoS'70]ns#:(oZ;Zde*,Check sum is ]
test,"A9LZfkN#+<u/ee""",Check sum is 9
test,K-G>,Check sum is ]
test,dp9LX0u'>UGW,Check sum is N
test,>PvRSRY;Y<Ir,Check sum is ?
test,"Do@
}N3Njf9k#(""&%RM""oaY#!xC]`H0%QT=&A6k|At R'mj",Check sum is #
test,[x?*,Check sum is \
test,">bp<#[s3by<5OnuY0(M.uG'E!Y:^h#2vOc>2
+~~m=",Check sum is $
test,;CRk^)hQLp*pDUJ)v#zpyM[i9By_M1wE#$V4,Check sum is (
test,w$$d (_}[ k]mvn:+y.kG+h,Check sum is L
test,"Wq&7qvx89 }X,jP1v-z	dnz
-lP!O3c40IEv7z@
",Check sum is /
test,";cLl^w1oO.t'uQy,xm*F-0<n*PGFUetv",Check sum is 5
test,]XA$<iC>#UiIt[C,Check sum is \
test,9`l,Check sum is %
test,"
N0Vz=4;fW2@n",Check sum is A
test,"Sje;	^b8'o78UmccPt&G5S!!FB""qTEaq%kam%})*!",Check sum is @
test,#vL6m oW1jEIBA/Z5K%rnkP7G+Oq)NnT1p'81+R[@FRUEGUj+,Check sum is Q
test,}&)k,Check sum is W
test,"P}Y6Jdi>r+xCKgWe`OGrxKI,h B.;gP2iw'N8NC~~Tav.}",Check sum is C
test,OyOVB<j'8,Check sum is T
test,"I""uiMjDh	yMr24)?z\",Check sum is 1
test,"W-yDhSD77R#:vwk.qa/O	*rZEW6I.q:v~W]w
d|a4VK{'""`H:",Check sum is +
test,b|WA6<n'-Da?\[v-b,Check sum is *
test,"5F)hFmQg
=f4d =/
Yop<spV<",Check sum is [
test,"53Nd8xu1	_k=}V9k~5qj,FVs6gp|kCE5E",Check sum is V
test,3RDF(U6M#J/MVKH^F9	>[/eFr,Check sum is L
test,1XRF;c'i&	fc(GGW8s,Check sum is _
test,"%VS/
!K~yGtbQn*,)C>.]WHZ^laO|#11%%m S9A""&e9~",Check sum is -
test,n.TM_2P4,Check sum is 2
test,"1u""=Ys0ml(y+!Q(gZpJsfXKHlUWqq<?##[awQ(]?2|]>_MLN_	",Check sum is Y
test,)446jyioc^WbK9FWWh.'.vbU~1u8Q-az45ks~AuO,Check sum is +
test,Z+VVx6jdxTos[zEzQO^j8iz>N8>'b;~. k.3l:diZz8v,Check sum is %
test,".>'OHvNgz[QA*L,)hy:y'bG;W(}]",Check sum is _
test,"+N;
Q^.x3eqIt {}x^l[[\$*5l{RfreK
W$",Check sum is .
test,"?n&sm^x.NDG;~A#rZN;[!J
;y%2R
2;4oJVy{",Check sum is =
test,E$]I),Check sum is X
test,"q@]n'O^}DI+0U{P5}AvGk>\~$0wW
W}B`E.fx """,Check sum is ]
test,"Ga=iwZ}{Rv-,Fi-bW{v#cjsocCHh8W2~Z8tY""YN\8",Check sum is A
test,"7]r&EE""oj&{Tc(ky""cT",Check sum is N
test,?[v@|<*`^YPq%ep,Check sum is $
test,<8,Check sum is T
test,"Z""|VS5tPQDr/nQq]x",Check sum is 5
test,s;!}AuI}OdHb},Check sum is B
test,[bH%,Check sum is J
test,";JC?Nc
_~0~H|Ry5GzMiL]P",Check sum is !
test,):<.j{mx#5#_&9dZ&]yVZDai%v`zgk,Check sum is /
test,"7!;aA\ssz""q)-TX*}~v)HY(SU*CGWs""7d4/h%hi,UlG",Check sum is K
test,"	bG~.*tnRF{/?}bJKulG'g,aoag>r",Check sum is )
test,dcCeyYc:|I18]jICSOsF6X/*+pe :4rrLy(,Check sum is  
test,oHdU,Check sum is P
test,XWu+{l9	=>{&W/>1GiF%_|rMl}<|{'p@,Check sum is Q
test,"HOMRW&|M^G#e,,""z
qQ^",Check sum is '
test,(r~zWlF'209zrLMHy,Check sum is C
test,"oGN>""^>t",Check sum is T
test,"""Pfg44>@9>gurv[)k+
^""rg",Check sum is =
test,",^#,0},.F}nK+&(%}HO_&r8&5e]C]?",Check sum is Y
test,^Em`[H6LP,Check sum is E
test,P3.o/v.	VgA)G4Qf},Check sum is 2
test,OG|Q\p'qSNcy,Check sum is $
test,"/hJDovt:>\8y {sfpu""U:1T9^;EX.8qiYADxM'K ^MHX EPJ:8",Check sum is R
test,T6?ib@9qo>	)[wY4/ez(\<C%&\;\ip,Check sum is D
test,"M,=1vd6'L#-g8`@6p\P$3*&)#H,r,fv'#RNk3qD ""!Hks$dWj",Check sum is [
test,dRZ}$,Check sum is Q
test,"TDn xCAF4&=E""d+Vwi9",Check sum is D
test,"p\""i/*N$IY",Check sum is $
test,m6,Check sum is C
test,"M]&mUMh;
n	3`,*[HOT]uPfeE&?E/KD}QG7Djf\5Wl",Check sum is  
test,"Up>h_1b`uz%+;B,",Check sum is E
test,"{/O=ibC=t
,/",Check sum is :
test,"{I2N{rbhv
P<>q,9h&]nj}<K.%66RS/?|",Check sum is P
test,"
$AS=+xM5SQE`lHHr7X6?o<,U5""8a^_^|dgG|XR3H[5OK:sR`w",Check sum is %
test,%wE4mj+>XK:W v>eEr=/3.O:SnNJ|j0c{lbEm8NT,Check sum is V
test,bf}W[ut:,Check sum is :
test,w%$]GS^*|@%8qg09O	Os)iO,Check sum is 4
test,/!tjMB(SKR2)r_*uGT7Aus ,Check sum is [
test,;Ws]40t+vr]:kn	|CRf`y=zSSXW+0,Check sum is ]
test,"gDwVx3,gw
9gBsg;XeBA1'[ Yo!j",Check sum is 4
test,l4V0$AL<DMq$3!cDN`R,Check sum is T
test,"bOU
{;*$6:5""Nt*zVydX_6?#NA6$Vde[{8dn_=Av)",Check sum is G
test,=AJ];X\ti!`STNJ1swx}0\`ZR%,Check sum is ^
test,lB	|[tQY8AtJ$EgNU.F3#hL5ye(,Check sum is /
test,nbf#ci4<(>&1} G;J0qu]3t^1NB  vaKhszuzp{~v$9],Check sum is S
test,s=g#;arPAW2&W6?$Gma\u?Nljq>gN2Sz#&,Check sum is M
test,"43X~gGU3@S2vm^AeE
>&g
CC* .#Zzr9pogh)",Check sum is Z
test,"S %yv^.[*0$cy,ui`G|60B3z\}G	!n!{Vx`>.t@3.&",Check sum is S
test,"3T""0	p[[
z;jvD@+7q)1nwAf:h%2",Check sum is =
test,"f77tN*1AcD;>AX@y~,vQyTR|'jCwq4daat",Check sum is Z
test,s55cw	jWFq6y$Roq,Check sum is ]
test,"6""Hb5O;a8#
 	q!O$[t",Check sum is $
test,4PM72	ev,Check sum is >
test,"k9!,]'DrU=[yynxi@/Nl}-VW6$g1z*n*q",Check sum is X
test,"#M""k*Nxca@-A! O8QUGIaZI""zT=^'As3s15Vg[93on$gUa~1g",Check sum is +
test,"CnoCn	Bj\z[
",Check sum is !
test,"^@RN9+f{N\
Ogr	 ""=",Check sum is G
test,"r	fXRqpmNLb>WYj$rqAp!i	X!MXGq*>m^(-WiM,
8K`k @<`U'",Check sum is ?
test,"CPq=
7el<.c
.+$Q{g*414CIY4DU)Ha+,RRZJvABLv",Check sum is [
test,6y_rio W4Udt[,Check sum is +
test,1A[,Check sum is -
test,"C])dgOompznlu,<*vEEMRm\  9	>#*	v=@|$9`",Check sum is T
test,"p'@	i,9",Check sum is N
test,"V{,	PM:&TGSuF*vE!rCxR#6d!_z-|^
M\3SgghEoNsp",Check sum is #
test,"9QV	)@TBkcs>>
Tz6Kqt}>JA'O,+",Check sum is V
test,4sD,Check sum is K
test,"~~N!`NX""c:C1 (MT% 8^p%v;%>YECE",Check sum is W
test,"u6*M:1c*Yie*a?s:_j9Zp%)YL>$s,?@rWZZpK
",Check sum is Y
test,M+]^rX20	}Q`Azk4>m`9%Sn?K/#hF-`sS~=$!fj,Check sum is '
test,6Rk!le>,Check sum is C
test,j p`1d1nVh,"Check sum is ,"
test,}LY&[o9`fDn	s8fOCn6FcN}bjI)0Zc> 3G,Check sum is *
test,3~2,Check sum is C
test,%TAP|Iz^.HXO`\~n|*L0`+|;&bn\.qqiZEb,Check sum is <
test,4aM#/33c*=r5Ei~nY4t*7rzKL0L,Check sum is &
test,"EDmfj@pz9};(BTE)K'SNlk%`n{h87H<E/O|""JM",Check sum is X
test,9'(,Check sum is (
test,?YVBgj*M-K~mEp1A>c]~ROCTyC*OEC1,Check sum is D
test,"$?9@4[6nf,",Check sum is A
test,+vr+TJ,Check sum is <
test,"9+XFB-&vIu>JR,%OK
mr=O;B%`NC+.$P:hx6g@=pr	TI\0",Check sum is M
test,g|Dy-|60,Check sum is O
test,".
9X42lI
hd^`p_XRS;D!c7[hc?uXY		BJ(",Check sum is /
test,"&L,m",Check sum is +
test,"@me^!1P,jLQTBGB<	NHKG~dtNO~J0nF`pbX2BL",Check sum is Z
test,"i|W<
$G}F;l",Check sum is 7
test,"Xptl'':o>2'TD~S
_70wEZ,~%_fh~""y",Check sum is :
test,"HxZfncM5n[h-;H22#9&|I@8kGLau.\\`4]T
+GIH
RI+KiSE",Check sum is _
test,"_>L~/N}T[fUS!d$t""6A",Check sum is 4
test,"blot,kc+F|k(%Y^a.$`!6vs95",Check sum is (
test,xY$8(:9uF.JM=/E+Yr}V-YeSiu)Kr,Check sum is $
test,"?P1QgrQjx5!e""S#W!@cQFCY;Fnv'Z",Check sum is D
test,"ZQ,66ZYjva(wqrsTd",Check sum is D
test,Dx.).Y*Xy:CEkl!i/Bzn38v0N)hGe~E2	t,Check sum is ?
test,"Uk4f$|-t+bPo5mLfOg{Yxd<{JPr%#/tD[,
cJ|S}nn\i",Check sum is ^
test,"=SxgC,kOv.'y_4]qbZ|NNN#t",Check sum is V
test,OL. q'WCX@E7;/,Check sum is 9
test,s@8[ 	^YyO-TA_&fq6{V`S,Check sum is &
test,P2EE2@0#m$><~%JxJ4ViV2>ff4S1 IvI_/>a_Vq,Check sum is #
test,"\H-yr,,}LD",Check sum is A
test,HCl&UZEx1FN4~=<LB,Check sum is '
test,RJ5Tvq7Xs	O,Check sum is F
test,\0p(X>_sEv},Check sum is $
test,"Kh?O<!H""pi+","Check sum is ,"
test,"v54~Y;f\>;INR~=N,7#\lh&Uq'!(TH[PU,_6'C{5`B"" cuu",Check sum is 8
test,"bk'*H0D=Wz*W^udQ]rjE3=]L_.O
I=X$uZ~",Check sum is ]
test,"cMM
5I-[ELFi3",Check sum is  
test,"^,L\]bBr;X-.o]`M 1hHFA_~s8	A?$|~Jsc! w~Stqb[K%",Check sum is ^
test,?QaS_*AE.0',Check sum is 8
test,-YhTk&AM<bN=Mx+I%@h#,Check sum is S
test,x@S	:DC<SsKa]^%.s0]MQJ#S;ctthb	OQc?&w47'el*^VIhA.,Check sum is (
test,"	Ve4F#?p{S?{s`-WPi?V4D	udr-s4{
UM",Check sum is $
test,"paPSJho#Fx&u8ms|}/BQs-T[ CqW_H<mrpdW""^rxJ.",Check sum is M
