set,input1,output1
train,,Check sum is  
train,	,Check sum is )
train,"
",Check sum is *
train,"B
","Check sum is ,"
train,"

",Check sum is 4
train,"

















































",Check sum is T
train,                                                  ,Check sum is  
train,ssssssssssssssssssssssssssssssssssssssssssssssssss,Check sum is V
train,"CD
CD
CD
CD
CD
CD
CD
CD
CD
CD
CD
CD
CD
CD
CD
CD
CD",Check sum is 7
train,"x
y x
y x
y x
y x
y x
y x
y x
y x
y x
y x
y x
y x
",Check sum is &
train," 
 
 
 
 
 
 
 
 
 
 
 
 
 
 
 
 
 
 
 
 
 
 
 
 
",Check sum is :
train, ,Check sum is @
train,!,Check sum is A
train,"""",Check sum is B
train,#,Check sum is C
train,$,Check sum is D
train,%,Check sum is E
train,&,Check sum is F
train,',Check sum is G
train,(,Check sum is H
train,),Check sum is I
train,*,Check sum is J
train,+,Check sum is K
train,",",Check sum is L
train,-,Check sum is M
train,.,Check sum is N
train,/,Check sum is O
train,0,Check sum is P
train,1,Check sum is Q
train,2,Check sum is R
train,3,Check sum is S
train,4,Check sum is T
train,5,Check sum is U
train,6,Check sum is V
train,7,Check sum is W
train,8,Check sum is X
train,9,Check sum is Y
train,:,Check sum is Z
train,;,Check sum is [
train,<,Check sum is \
train,=,Check sum is ]
train,>,Check sum is ^
train,?,Check sum is _
train,@,Check sum is  
train,A,Check sum is !
train,B,"Check sum is """
train,C,Check sum is #
train,D,Check sum is $
train,E,Check sum is %
train,F,Check sum is &
train,G,Check sum is '
train,H,Check sum is (
train,I,Check sum is )
train,J,Check sum is *
train,K,Check sum is +
train,L,"Check sum is ,"
train,M,Check sum is -
train,N,Check sum is .
train,O,Check sum is /
train,P,Check sum is 0
train,Q,Check sum is 1
train,R,Check sum is 2
train,S,Check sum is 3
train,T,Check sum is 4
train,U,Check sum is 5
train,V,Check sum is 6
train,W,Check sum is 7
train,X,Check sum is 8
train,Y,Check sum is 9
train,Z,Check sum is :
train,[,Check sum is ;
train,\,Check sum is <
train,],Check sum is =
train,^,Check sum is >
train,_,Check sum is ?
train,`,Check sum is @
train,a,Check sum is A
train,b,Check sum is B
train,c,Check sum is C
train,d,Check sum is D
train,e,Check sum is E
train,f,Check sum is F
train,g,Check sum is G
train,h,Check sum is H
train,i,Check sum is I
train,j,Check sum is J
train,k,Check sum is K
train,l,Check sum is L
train,m,Check sum is M
train,n,Check sum is N
train,o,Check sum is O
train,p,Check sum is P
train,q,Check sum is Q
train,r,Check sum is R
train,s,Check sum is S
train,t,Check sum is T
train,u,Check sum is U
train,v,Check sum is V
train,w,Check sum is W
train,x,Check sum is X
train,y,Check sum is Y
train,z,Check sum is Z
train,{,Check sum is [
train,|,Check sum is \
train,},Check sum is ]
train,~,Check sum is ^
train,xr,Check sum is J
train,D`,Check sum is D
train,8Y,Check sum is 1
train,T-,Check sum is !
train,f#,Check sum is )
train,ei,Check sum is .
train,H],Check sum is E
train,Y[,Check sum is T
train,",?",Check sum is K
train,\-,Check sum is )
train,%x,Check sum is =
train,Tj,Check sum is ^
train,@H,Check sum is (
train,|i,Check sum is E
train,ng,Check sum is 5
train,iC,Check sum is L
train,]X,Check sum is U
train,"T
",Check sum is >
train,W8,Check sum is /
train,qk,Check sum is <
train,0u,Check sum is E
train,{V,Check sum is 1
train,ZL,Check sum is F
train,>2,Check sum is P
train,R.,Check sum is  
train,U7,"Check sum is ,"
train,vH,Check sum is ^
train,%T,Check sum is Y
train,b[,Check sum is ]
train,pN,Check sum is ^
train,'e,"Check sum is ,"
train,DZ,Check sum is >
train,Y`,Check sum is Y
train,>y,Check sum is W
train,~I,Check sum is '
train,H\,Check sum is D
train,?},Check sum is \
train,)4,Check sum is =
train,Sn,Check sum is !
train,|0,Check sum is L
train,Dp,Check sum is T
train,m@,Check sum is M
train,E`,Check sum is E
train,zE,Check sum is _
train,NE,Check sum is 3
train,!R,Check sum is S
train,G$,Check sum is K
train,"J
",Check sum is 4
train,TR,Check sum is F
train,8<,Check sum is T
train,eS,Check sum is X
train,yV,Check sum is /
train,h;,Check sum is C
train,(A,Check sum is I
train,/c,Check sum is 2
train,4#[,Check sum is R
train,BrP,Check sum is $
train,j*k,Check sum is _
train,|x!,Check sum is 5
train,.5>,Check sum is A
train,WH;,Check sum is :
train,	|B,Check sum is '
train,!B5,Check sum is 8
train," A
",Check sum is K
train,n&d,Check sum is X
train,|`w,Check sum is 3
train,qvl,Check sum is 3
train,wYd,Check sum is T
train,cng,Check sum is X
train,ZP_,Check sum is )
train,l <,Check sum is (
train,I1v,Check sum is P
train,CN	,Check sum is :
train,&*5,Check sum is %
train,yL/,Check sum is T
train,[6D,Check sum is 5
train,==Z,Check sum is 4
train,q.;,Check sum is :
train, 'H,Check sum is /
train,)MI,Check sum is _
train,s8O,Check sum is Z
train,#DB,Check sum is I
train,tx#,Check sum is /
train,o_z,Check sum is (
train,U?z,Check sum is .
train,$LL,Check sum is \
train,RLS,Check sum is Q
train,B-(,Check sum is 7
train,V	0,Check sum is /
train,v!.,Check sum is %
train,A]s,Check sum is 1
train,\G<,Check sum is ?
train,NA8,Check sum is '
train,^>i,Check sum is %
train,Q;0,Check sum is \
train,l\u,Check sum is ]
train,80},Check sum is E
train,":@
",Check sum is $
train,o@Q,Check sum is  
train,9>\,Check sum is 3
train,p+`,Check sum is [
train,U=n,Check sum is  
train,z-K,Check sum is R
train,@:s,Check sum is M
train,mQq,Check sum is O
train,M({,Check sum is P
train,"<*4#""}
bivKHl(2=[:wx8{fXYSg""1Sp{HSes",Check sum is )
train,"5?}o>@-uz##zqm~:0+6UQ^c.48^ddp$##!w4,Z*H435E",Check sum is '
train,"5""0>{ H*H~?RGX&Ripj@GgIy&M)e@5",Check sum is I
train,0mWpP.v(^MZWgT,Check sum is 7
train,	IcH|l~;@B.C\@+cLG'}rD\6y?c;$R,Check sum is &
train,N0Vi3bXQL/'bb,Check sum is A
train,"
7K[9czE~JjJr-	N-To^lQM@j!uLdy:td
mVwd&95X	I",Check sum is M
train,"c6vB$J]^BH$c'""q/fv		!9@@ND+""(m$Bp",Check sum is &
train,"nx	~0{8P093d<-[FOOXSAK~m2FY,f4{e	E",Check sum is O
train,")Qo6\""nLm-#dg]$misT`_X;eLI,.*",Check sum is -
train,")rJEN33WaF\,N(\a>	?w8|K/<Gf",Check sum is K
train,"L<3wu-9uNcEK9)W,HD4Us~",Check sum is N
train,n0HDa1yd*^loX>3\_q-Y?N,Check sum is $
train,l?mZX (iev0.|}Z!0Kz#R..[~%8=,Check sum is A
train,"2;i;i6ch""6oo0aqR%5E5U>tMU6RnG@1uXN\T9'+u.",Check sum is I
train,>yDN)>wou;{h+|~Y)5WX,Check sum is T
train,Q^!}{*ya-4#0/xbs#t	!Aj< K9:Uv&x2Wo=i1&8s3;k4Uz,Check sum is G
train,.b_b?{QMD3<P+!_<m[Vya,Check sum is +
train,2<Is@XD;d[kQI.\:]v38 O,Check sum is V
train, }W[FEzp0=X|EqrsJQ{1UH,Check sum is $
train,&a,Check sum is '
train,JvsGPC>3,Check sum is ^
train,]3lS#g2	yg	=C7N_-e;:VDF$C{y+baQ,Check sum is B
train,"|LW""<]\C}d]KP'5<|eXuq8
&&N|4tsUriV)M
O",Check sum is 1
train,hQve%x*N/}5w]A&'L/J8v{)3m,Check sum is C
train,lq`[nrW,Check sum is /
train,"vV3s'Q*7psu)2
HWu?n4o:%ER]Ljc",Check sum is 8
train,"Y8#7.Z+2S^!k's&:?NbnA""zgvtJpb",Check sum is N
train,"|<:%A(eJazVMKMMRM-r#
WAv/.QOS)+m\w=e5'(]C",Check sum is U
train,"
0hGF",Check sum is O
train,[:Ma{S9+u@z:/:O.)m	#8z/>gbzNpkFe}m|mJn4jcZTL,"Check sum is """
train,"(_r66""%B)k]gJ+D""BT""nnk%#5h0V8T;'~}f{'b
jQ
3!G",Check sum is (
train,"Z=ijmNQ,,lU6h0mzG'Br\~w(05/",Check sum is S
train,"j:/\&!
^wHp%hK,c(d#mE#,D",Check sum is H
train,"@l1l+H6lt
@@p{z`w }HlB*xR PMetVW#`1Gq<W#dAqca2	NR",Check sum is Y
train,"	n@m1dEJ""",Check sum is J
train,"A8U
gP,*ff~f&@Ni>To_",Check sum is 2
train,GC{pp+5&?D+[y?Qfg_#EdeYJ7:,Check sum is N
train,"E""",Check sum is G
train,"P'z)sKQ}_u~M<`0,MkdJ7J2l7V!
;J'x-lV]P]=\~KjT",Check sum is W
train,VBnD*Et\s:;(Q	bo9pcERB$.V0%?qH,Check sum is >
train,.u\ekF|8'6;$,Check sum is %
train,"=t|>)W8,^]$u$3J2>cGWB",Check sum is W
train,St?d9R&5JZWo;0	z@&=OmNN)&#6qn.WyU];F!,Check sum is \
train,"NX?)%{Ob,$Y9fdg;""?y_kN&JuJs8	vEZY",Check sum is P
train,nJ.OR8R^'J4Fnbryh>o%{`ZTYOQ;/^,Check sum is 9
train,[7Z( *bLL;FF#(`lw)DI{QUA}KxJcSc)oy,Check sum is Y
train,;o>N\B&nR\=on#ZrH8U	Xm,"Check sum is """
train,"Sur+ln0'cJx""O4X;5U%U.*5g`B)",Check sum is V
train,"!#tXWl_3"";#SANk'uQV",Check sum is U
train,"CB(X!QNJ	f2"",e'2NtOaeS",Check sum is F
train,"L]61M0(o#ZDw&pi_kn/r|Daa[jV<""]","Check sum is ,"
train,9|v;f@Y(X$6Nk `\EaF,Check sum is  
train,kN<%TyNH,Check sum is ]
train,gUU9!0vjbJ0l;H)J3l9@k,Check sum is \
train,)L]`eMzOf|un:gBc$J.n,"Check sum is """
train,z{?>slsaSv0bAN_{d^X',Check sum is J
train,{8dK-c[z7$,Check sum is B
train,8N<#I1iVOX==P,Check sum is /
train,"'Mj*[=~ts>OS[#FY""lB,,Pn/Hq0Py-N,",Check sum is P
train,xET&w'iy?`n)e,Check sum is 2
train,"EM{9Zqi{R(0hX,	#PP~U3nlYFsT^q",Check sum is L
train,tk~rc90(jxkO70TV{Zh)sE1oOc)aL<3zu*=c,Check sum is >
train,"""aviq6SHt}x""_Tx",Check sum is :
train,PSJEm,Check sum is ?
train,"K_c9_E-7;Da""ov5RaKV'9j",Check sum is (
train,"cqT*KCAxMW{Rg-R[PU-qOXUl0l$ x:GK'=pd""G%n#vCa",Check sum is +
train,<}`S7ad--:LzW+!cAf DlOMGyQJs;71Cc_|K*_]MnmTxci,Check sum is ^
train,@>SXWD60[ZT^4u3P[%/v:lE4z5MJ]yn_mu~PC[lX5%,Check sum is 6
train,XxZ:G_?{:2((,Check sum is  
train,"*~clH""A;;C`07)W|[>]|*5?",Check sum is N
train,"P6
[%kUsWITM3uy~UsV_GI=D^(X5Olu*fcU6H9fK)u^",Check sum is @
train,"""F,<GG{2Y';wlrt6shCdNr/]LTkpP@4nMDYy'[<=w%RQ",Check sum is =
train,.6xpI,Check sum is 5
train,Gazv+@+ky.c0dzH{M>lFFaQgQ(YV	RU2Gz<q,Check sum is (
train,m?mS-6Nkk.wjJM8y7H+*KLir*,Check sum is Z
train,"|""J(I$H?f#K71~wszSJ@""O",Check sum is P
train,"QS$[kI
,[K*7Fj6%fD~L{5uA(j\YWjk\""Cw,OM[Zo^dc|Q","Check sum is """
train,"'d*=L5LpvuRB@f,l4a",Check sum is !
train,;hfw?DHz&mbd8WY_Sdx&UDst<s{q2BiJbEu m~:,Check sum is =
train,\}zF{UdefD	G+{nyZw}%B1Oa,Check sum is /
train,"udrm'mVz
c9-a",Check sum is 0
train, UYy,Check sum is '
train,>V$0E 2hK#iR,Check sum is 0
train,"%6.'<I:4Nq,+_h6n}~JBOG",Check sum is !
train,"D"" v<hV19fLS5 b~",Check sum is :
train,"rc{lDWg0""!BlO""S2B^s",Check sum is H
train,"4l'~q'y5i~uM$&Ac_z%
`KE}:~8<H	p>M}N0*&=mON8^o>",Check sum is D
test,D^,Check sum is B
test,<H,Check sum is $
test,W{,Check sum is 2
test, r,Check sum is 2
test,r[,Check sum is -
test,HD,"Check sum is ,"
test,tS,Check sum is '
test,qD,Check sum is U
test,}a,Check sum is >
test,L+,Check sum is W
test,4;,Check sum is O
test,	|,Check sum is %
test,mm,Check sum is :
test,iU,Check sum is ^
test,K.,Check sum is Y
test,1!,Check sum is 2
test,<d,Check sum is @
test,HN,Check sum is 6
test,*u,Check sum is ?
test,Ff,Check sum is L
test,"
W",Check sum is A
test, U,Check sum is U
test,Lg,Check sum is S
test,`S,Check sum is S
test,T{,Check sum is /
test,6s,Check sum is I
test,We,Check sum is \
test,Ys,"Check sum is ,"
test,Wv,Check sum is -
test,2:,Check sum is L
test,Qx,Check sum is )
test,"
r",Check sum is \
test,B>,Check sum is  
test,H=,Check sum is %
test,"""@",Check sum is B
test,\N,Check sum is J
test,&&,"Check sum is ,"
test,&;,Check sum is A
test,Ku,Check sum is  
test,p>,Check sum is N
test,Ad,Check sum is E
test,S],Check sum is P
test,gj,Check sum is 1
test,)F,Check sum is O
test,UP,Check sum is E
test,r^,Check sum is 0
test,#k,Check sum is .
test,>h,Check sum is F
test,Cn,Check sum is Q
test,}C,Check sum is  
test,u7,Check sum is L
test,_2,Check sum is 1
test,ry,Check sum is K
test,}l,Check sum is I
test,*Z,Check sum is $
test,bp,Check sum is 2
test,8F,Check sum is ^
test,lN,Check sum is Z
test,SC,Check sum is 6
test,>U,Check sum is 3
test,/V,Check sum is %
test,)o,Check sum is 8
test,3&,Check sum is 9
test,/_,Check sum is .
test,!4,Check sum is 5
test,vo,Check sum is E
test,;8,Check sum is S
test,f2,Check sum is 8
test,7|,Check sum is S
test,'',Check sum is .
test,f[,Check sum is !
test,m\,Check sum is )
test,c/,Check sum is 2
test,<~,Check sum is Z
test,rx,Check sum is J
test,:f,Check sum is @
test,DT,Check sum is 8
test,-8,Check sum is E
test,:-,Check sum is G
test,@\,Check sum is <
test,X8,Check sum is 0
test,g0,Check sum is 7
test,5 ,Check sum is 5
test,Hm,Check sum is U
test,?u,Check sum is T
test,:n,Check sum is H
test,[v,Check sum is 1
test,",j",Check sum is 6
test,%x,Check sum is =
test,<G,Check sum is #
test,Nz,Check sum is (
test,|r,Check sum is N
test,;%,Check sum is @
test,3b,Check sum is 5
test,Kk,Check sum is V
test,3E,Check sum is X
test,TV,Check sum is J
test,=',Check sum is D
test,+<,Check sum is G
test,O|,Check sum is +
test,6_,Check sum is 5
test,*F,Check sum is P
test,~g,Check sum is E
test,30,Check sum is C
test,f6,Check sum is <
test,{$,Check sum is ?
test,EZ,Check sum is ?
test,S=,Check sum is 0
test,"(
",Check sum is R
test, g,Check sum is '
test,Ky,Check sum is $
test,_Z,Check sum is Y
test,|w,Check sum is S
test,G!,Check sum is H
test,M!,Check sum is N
test,qR,Check sum is #
test,/A,Check sum is P
test,",=",Check sum is I
test,"4,",Check sum is @
test,Py,Check sum is )
test,!q,Check sum is 2
test,|:,Check sum is V
test,%@,Check sum is E
test,lw,Check sum is C
test,Vk,Check sum is !
test,R&,Check sum is X
test,#t,Check sum is 7
test,CD,Check sum is '
test,L$,Check sum is P
test,!H,Check sum is I
test,Z>,Check sum is 8
test,hN,Check sum is V
test,&Y,Check sum is _
test,"Z,",Check sum is &
test,'p,Check sum is 7
test,GO,Check sum is 6
test,7(,Check sum is ?
test,?&,Check sum is E
test,!0,Check sum is 1
test,"K
",Check sum is 5
test,{J,Check sum is %
test,EO,Check sum is 4
test,gZ,Check sum is !
test,p`,Check sum is 0
test,Bl,Check sum is N
test,F#,Check sum is I
test,0*,Check sum is :
test,)M,Check sum is V
test,|*,Check sum is F
test,tQ,Check sum is %
test,"w
",Check sum is !
test,tl,Check sum is @
test,Pf,Check sum is V
test,2 ,Check sum is 2
test,{%,Check sum is @
test,l{,Check sum is G
test,A?,Check sum is  
test,"{,",Check sum is G
test,"e""",Check sum is '
test,\},Check sum is 9
test,RE,Check sum is 7
test,Jq,Check sum is [
test,ur,Check sum is G
test,]H,Check sum is E
test,2!,Check sum is 3
test,ZF,Check sum is @
test,sr,Check sum is E
test,^c,Check sum is !
test,RU,Check sum is G
test,@N,Check sum is .
test,Ju,Check sum is _
test,:n,Check sum is H
test,pk,Check sum is ;
test,y/,Check sum is H
test,:m,Check sum is G
test,"""_",Check sum is !
test,|w,Check sum is S
test,:#,Check sum is =
test,Se,Check sum is X
test,t^,Check sum is 2
test,Yy,Check sum is 2
test,*y,Check sum is C
test,{|,Check sum is W
test,	a,Check sum is J
test,3	,Check sum is \
test,6L,"Check sum is """
test,	_,Check sum is H
test,;$,Check sum is ?
test,&N,Check sum is T
test,"~,",Check sum is J
test,m<,Check sum is I
test, n,Check sum is .
test,'I,Check sum is P
test,"K
",Check sum is 5
test,|5,Check sum is Q
test,wf,Check sum is =
test,f%,Check sum is +
test,T_,Check sum is S
test,Zv,Check sum is 0
test,yd,Check sum is =
test,?2,Check sum is Q
test,"""A",Check sum is C
test,Oh,Check sum is W
test,	?,Check sum is (
test,"""l",Check sum is .
test,SY,Check sum is L
test,?@,Check sum is _
test,r*,Check sum is <
test,"""?",Check sum is A
test,Bz,Check sum is \
test,4&,Check sum is :
test,(K,Check sum is S
test,{e,Check sum is @
test,LU,Check sum is A
test,2b,Check sum is 4
test,LU,Check sum is A
test,XC,Check sum is ;
test,FM,Check sum is 3
test,v/,Check sum is E
test,gG,Check sum is N
test,3_,Check sum is 2
test,Iu,Check sum is ^
test,3h,Check sum is ;
test,BT,Check sum is 6
test,]J,Check sum is G
test,V],Check sum is S
test,il,Check sum is 5
test,.s,Check sum is A
test,*8,Check sum is B
test,x|,Check sum is T
test,9.,Check sum is G
test,Zo,Check sum is )
test,Y	,Check sum is B
test,bv,Check sum is 8
test,", ","Check sum is ,"
test,9],Check sum is 6
test,My,Check sum is &
test,5j,Check sum is ?
test,jf,Check sum is 0
test,5J,Check sum is _
test,^k,Check sum is )
test,HL,Check sum is 4
test,J),Check sum is S
test,",&",Check sum is 2
test,_U,Check sum is T
test,iM,Check sum is V
test,r@,Check sum is R
test,_*,Check sum is )
test,r=,Check sum is O
test,:',Check sum is A
test,rz,Check sum is L
test,#S,Check sum is V
test,~k,Check sum is I
test,m2,Check sum is ?
test,'`,Check sum is '
test,5l,Check sum is A
test,r?,Check sum is Q
test,.?,Check sum is M
test,xl,Check sum is D
test,rr,Check sum is D
test,V5,Check sum is +
test,5c,Check sum is 8
test,"h""",Check sum is *
test,"""~",Check sum is @
test,zv,Check sum is P
test,r8,Check sum is J
test,N*,Check sum is X
test,8.,Check sum is F
test,pu,Check sum is E
test,dB,Check sum is F
test,y2,Check sum is K
test,rF,Check sum is X
test,{c,Check sum is >
test,^s,Check sum is 1
test,#t,Check sum is 7
test,7@,Check sum is W
test,UR,Check sum is G
test,D4,Check sum is X
test,4V,Check sum is *
test,^1,Check sum is /
test,"""!",Check sum is #
test,>R,Check sum is 0
test,{),Check sum is D
test,!D,Check sum is E
test,=0,Check sum is M
test,{T,Check sum is /
test,Hs,Check sum is [
test,"y,",Check sum is E
test,rH,Check sum is Z
test,"l,",Check sum is 8
test,:<,Check sum is V
test,AK,"Check sum is ,"
test,g4,Check sum is ;
test,[8,Check sum is 3
test,#:,Check sum is =
test,F\,Check sum is B
test,+?,Check sum is J
test,L:,Check sum is &
test,Lk,Check sum is W
test,_Z,Check sum is Y
test,fL,Check sum is R
test,lH,Check sum is T
test,~N,"Check sum is ,"
test,*V,Check sum is  
test,Q',Check sum is X
test,~a,Check sum is ?
test,Z_,Check sum is Y
test,DH,"Check sum is ,"
test,d%,Check sum is )
test,/(,Check sum is 7
test,	t,Check sum is ]
test,SK,Check sum is >
test,"
V",Check sum is @
test,gW,Check sum is ^
test,j\,Check sum is &
test,c~,Check sum is A
test,u!,Check sum is 6
test,",;",Check sum is G
test,&0,Check sum is 6
test,6*,Check sum is @
test,K#,Check sum is N
test,Vb,Check sum is X
test,6],Check sum is 3
test,f2,Check sum is 8
test,`k,Check sum is +
test,"E""",Check sum is G
test,v4,Check sum is J
test,(F,Check sum is N
test,#n,Check sum is 1
test,1D,Check sum is U
test,W0,Check sum is '
test,' ,Check sum is '
test,3&,Check sum is 9
test,g2,Check sum is 9
test,37,Check sum is J
test,P3,Check sum is #
test,m>,Check sum is K
test,BH,Check sum is *
test,9},Check sum is V
test,>G,Check sum is %
test,2w,Check sum is I
test,^8,Check sum is 6
test,.[,Check sum is )
test,wu,Check sum is L
test,08,Check sum is H
test,-q,Check sum is >
test,tU,Check sum is )
test,JZ,Check sum is D
test,G\,Check sum is C
test,De,Check sum is I
test,f0,Check sum is 6
test,#w,Check sum is :
test,m-,Check sum is :
test,l_,Check sum is +
test,4+,Check sum is ?
test,U\,Check sum is Q
test,[|,Check sum is 7
test,/(,Check sum is 7
test,<w,Check sum is S
test,.V,Check sum is $
test,Rs,Check sum is %
test,R=,Check sum is /
test,",:",Check sum is F
test,BP,Check sum is 2
test,xV,Check sum is .
test,~P,Check sum is .
test,`O,Check sum is O
test,3D,Check sum is W
test,b],Check sum is _
test,u{,Check sum is P
test,Dt,Check sum is X
test,(z,Check sum is B
test,T!,Check sum is U
test,l;,Check sum is G
test,3	,Check sum is \
test,y/,Check sum is H
test,8`,Check sum is 8
test,= ,Check sum is =
test,dF,Check sum is J
test,{9,Check sum is T
test,A5,Check sum is V
test,sK,Check sum is ^
test,p_,Check sum is /
test,%],"Check sum is """
test,&$,Check sum is *
test,6~,Check sum is T
test,ia,Check sum is *
test,'\,Check sum is #
test,?b,Check sum is A
test,R7,Check sum is )
test,g9,Check sum is @
test,%B,Check sum is G
test,SP,Check sum is C
test,X_,Check sum is W
test,'Q,Check sum is X
test,&w,Check sum is =
test,ZT,Check sum is N
test,jw,Check sum is A
test,l[,Check sum is '
test,[R,Check sum is M
test,o^,Check sum is -
test,Yw,Check sum is 0
test,KO,Check sum is :
test,2',Check sum is 9
test,G/,Check sum is V
test,1b,Check sum is 3
test,`&,Check sum is &
test,(E,Check sum is M
test,Wi,Check sum is  
test,vV,"Check sum is ,"
test,	Y,Check sum is B
test,>_,Check sum is =
test,UR,Check sum is G
test,3U,Check sum is (
test,@z,Check sum is Z
test,'e,"Check sum is ,"
test,"
a",Check sum is K
test,5g,Check sum is <
test,"""c",Check sum is %
test,Z\,Check sum is V
test,@w,Check sum is W
test,w@,Check sum is W
test,h^,Check sum is &
test,JO,Check sum is 9
test,lX,Check sum is $
test,i[,Check sum is $
test,q|,Check sum is M
test,ls,Check sum is ?
test,^D,Check sum is B
test,{B,Check sum is ]
test,rV,Check sum is (
test,'r,Check sum is 9
test,P',Check sum is W
test,|G,Check sum is #
test,Ew,Check sum is \
test,_-,"Check sum is ,"
test,gu,Check sum is <
test,\),Check sum is %
test,'%,"Check sum is ,"
test,_-,"Check sum is ,"
test,L},Check sum is )
test,w$,Check sum is ;
test,m?,Check sum is L
test,LZ,Check sum is F
test,7T,Check sum is +
test,y$,Check sum is =
test,x&,Check sum is >
test,Il,Check sum is U
test,pu,Check sum is E
test,+K,Check sum is V
test,KW,Check sum is B
test,l^,Check sum is *
test,Ra,Check sum is S
test,B9,Check sum is [
test,qz,Check sum is K
test,SP,Check sum is C
test,r8,Check sum is J
test,RM,Check sum is ?
test,xK,Check sum is #
test,z+,Check sum is E
test,J6,Check sum is  
test,vm,Check sum is C
test,cT,Check sum is W
test,QV,Check sum is G
test,(?,Check sum is G
test,g+,Check sum is 2
test,hb,Check sum is *
test,5$,Check sum is 9
test,",j",Check sum is 6
test,pc,Check sum is 3
test,Jg,Check sum is Q
test,'<,Check sum is C
test,`S,Check sum is S
test, $,Check sum is $
test,*b,"Check sum is ,"
test,"i
",Check sum is S
test,"""s",Check sum is 5
test,EQ,Check sum is 6
test,]/,"Check sum is ,"
test,xo,Check sum is G
test,&L,Check sum is R
test,WS,Check sum is J
test,{X,Check sum is 3
test,uP,Check sum is %
test,^X,Check sum is V
test,;B,Check sum is ]
test,`K,Check sum is K
test,9R,Check sum is +
test,)[,Check sum is $
test,Hl,Check sum is T
test,:%,Check sum is ?
test,=@,Check sum is ]
test,Gj,Check sum is Q
test,|G,Check sum is #
test,{(,Check sum is C
test,Q?,Check sum is 0
test,/9,Check sum is H
test,'_,Check sum is &
test,jH,Check sum is R
test,im,Check sum is 6
test,Z(>,Check sum is  
test,26h,Check sum is 0
test,Eh],Check sum is *
test,YBQ,Check sum is L
test,~%U,Check sum is X
test,]W%,Check sum is 9
test,yb^,Check sum is Y
test,wN\,Check sum is A
test,\*q,Check sum is W
test,871,Check sum is @
test,J2^,Check sum is :
test,{~%,Check sum is >
test,>'?,Check sum is D
test,Au5,Check sum is K
test,"wm
",Check sum is N
test,RDd,Check sum is Z
test,=ok,Check sum is 7
test,2nS,Check sum is S
test,XI5,Check sum is 6
test,>+w,Check sum is @
test,M L,Check sum is Y
test,B>	,Check sum is )
test,]9Q,Check sum is G
test,|@g,Check sum is C
test,a\:,Check sum is W
test,@){,Check sum is D
test,d(;,Check sum is '
test,`&+,Check sum is Q
test,'TY,Check sum is 4
test,b3h,Check sum is ]
test,nYo,Check sum is V
test,"
v#",Check sum is C
test,5nx,Check sum is ;
test,uOi,Check sum is M
test,_oj,Check sum is X
test,C	:,Check sum is &
test,A+h,Check sum is 4
test,^Uj,Check sum is =
test,`<5,Check sum is 1
test,%x=,Check sum is :
test,<(Z,Check sum is ^
test,-of,"Check sum is """
test,z9E,Check sum is X
test,vOD,Check sum is )
test,"<""0",Check sum is .
test,B6),Check sum is A
test,clw,Check sum is &
test,Mn;,Check sum is V
test,w8H,Check sum is W
test,=Jf,Check sum is M
test,8A5,Check sum is N
test,"3
M",Check sum is *
test,J	T,Check sum is G
test,MFI,Check sum is <
test,B1(,Check sum is ;
test,F)\,Check sum is +
test,bZ&,Check sum is B
test,|'_,"Check sum is """
test,LV:,Check sum is <
test,W{1,Check sum is #
test,]p[,Check sum is H
test,]W@,Check sum is T
test,ZIg,Check sum is *
test,:A{,Check sum is V
test,9zk,Check sum is >
test,%y7,Check sum is 5
test,]]],Check sum is 7
test,{/ ,Check sum is *
test,V+k,Check sum is L
test,[9F,Check sum is :
test,nmq,"Check sum is ,"
test,Q]R,Check sum is  
test,#KG,Check sum is U
test, RJ,Check sum is \
test,VmK,Check sum is .
test,"'""f",Check sum is O
test,+\},Check sum is $
test,"!u
",Check sum is @
test,vg2,Check sum is /
test,'ls,Check sum is &
test,Sjd,Check sum is A
test,?1^,Check sum is .
test,r8	,Check sum is S
test,9PZ,Check sum is C
test,?sY,Check sum is +
test,\Fi,Check sum is +
test,K<q,Check sum is X
test,H0.,Check sum is F
test,nYf,Check sum is M
test,"""<8",Check sum is 6
test,>3v,Check sum is G
test,J3:,Check sum is W
test,$w),Check sum is $
test,deA,Check sum is *
test,j@;,Check sum is E
test,_5 ,Check sum is T
test,lJ>,Check sum is T
test,Qu~,Check sum is $
test,^/D,Check sum is 1
test,"
fL",Check sum is \
test,poR,Check sum is Q
test,\R0,Check sum is >
test,(F/,Check sum is =
test,qEW,Check sum is -
test,:[w,"Check sum is ,"
test,k-n,Check sum is &
test,"
@0",Check sum is Z
test,~w1,Check sum is F
test,[4:,Check sum is )
test,:<d,Check sum is :
test,MoM,Check sum is )
test,R|+,Check sum is Y
test,djV,Check sum is D
test,@HG,Check sum is /
test,{{4,Check sum is J
test,5TU,Check sum is >
test,Lc7,Check sum is F
test,vyg,Check sum is 6
test,}:V,Check sum is -
test,+pB,Check sum is =
test,7G',Check sum is E
test,<LF,Check sum is .
test,o?\,Check sum is *
test,6&W,Check sum is S
test,nwh,Check sum is -
test,hFM,Check sum is [
test,"h;,",Check sum is /
test,HTp,"Check sum is ,"
test,nu&,Check sum is )
test,=d4,Check sum is 5
test,"7,=",Check sum is @
test,zHp,Check sum is R
test,r D,Check sum is 6
test,4_8,Check sum is +
test,_4X,Check sum is K
test,E|P,Check sum is 1
test,?s9,Check sum is K
test,8UE,Check sum is 2
test,k.#,Check sum is \
test,TWC,Check sum is N
test,l}q,Check sum is :
test,9JW,Check sum is :
test, ED,Check sum is I
test,"""*5",Check sum is !
test,bHc,Check sum is -
test,.2^,Check sum is ^
test,B9+,Check sum is F
test,)3*,Check sum is &
test,{Sd,Check sum is R
test,33=,Check sum is C
test, !K,"Check sum is ,"
test,6!g,Check sum is ^
test,)zr,Check sum is 5
test,"""g#",Check sum is L
test,T\e,Check sum is 5
test,q^<,Check sum is +
test, Tp,Check sum is D
test,tF5,Check sum is O
test,Ni@,Check sum is W
test,K|s,Check sum is Z
test,"s, ",Check sum is _
test,|15,Check sum is B
test,./a,Check sum is ^
test,z^q,Check sum is )
test,8v>,Check sum is L
test,%j2,Check sum is !
test,z(X,Check sum is Z
test,8Ky,Check sum is \
test,">)
",Check sum is Q
test,";,b",Check sum is )
test,LR@,Check sum is >
test,"[,V",Check sum is =
test,v<1,Check sum is C
test,C`-,Check sum is 0
test,"*,u",Check sum is +
test,}dh,Check sum is )
test,<$:,Check sum is :
test,jHw,Check sum is I
test,4eT,Check sum is M
test, )b,Check sum is K
test,X)	,Check sum is *
test,T;a,Check sum is P
test,Vg[,Check sum is 8
test,P_u,Check sum is D
test,b86,Check sum is 0
test,Z}3,Check sum is *
test,CBD,Check sum is )
test,I:;,Check sum is ^
test,agr,Check sum is Z
test,Pw3,Check sum is Z
test,h{.,Check sum is 1
test,'M(,Check sum is <
test,!}q,Check sum is /
test,"
J?",Check sum is 3
test,mAn,Check sum is <
test,q6 ,Check sum is '
test,W?l,"Check sum is """
test,^+R,Check sum is ;
test,!Q!,Check sum is 3
test,#8{,Check sum is 6
test,| ),Check sum is %
test,M|R,Check sum is ;
test,BC<,Check sum is !
test,"
B?",Check sum is +
test,dT^,Check sum is 6
test,"<
y",Check sum is _
test,/{J,Check sum is T
test,j*t,Check sum is (
test,ZdJ,Check sum is (
test,6C},Check sum is V
test,t02,Check sum is 6
test,i!h,Check sum is R
test,vC;,Check sum is T
test,Hz8,Check sum is Z
test,2Q;,Check sum is ^
test,0LG,Check sum is #
test,oTo,Check sum is R
test,7{7,Check sum is I
test,MB=,"Check sum is ,"
test,Mch,Check sum is 8
test,Q@J,Check sum is ;
test,:s&,Check sum is 3
test,C85,Check sum is P
test,s.2,Check sum is 3
test,o9-,Check sum is 5
test,wOd,Check sum is J
test,DeT,Check sum is ]
test,k'1,Check sum is #
test,27R,Check sum is [
test,}z&,Check sum is =
test,'S9,Check sum is S
test,-* ,Check sum is W
test,gWu,Check sum is S
test,Ne|,Check sum is O
test,Er),Check sum is @
test,eH[,Check sum is (
test,Ky	,Check sum is -
test,nPd,Check sum is B
test,^Oe,Check sum is 2
test,80A,Check sum is I
test,"!
w",Check sum is B
test,5(z,Check sum is 7
test,M]n,Check sum is 8
test,Qw/,Check sum is W
test,};#,Check sum is ;
test,G&y,Check sum is F
test,JV/,Check sum is /
test,+Y{,Check sum is _
test,v {,Check sum is 1
test,;vr,Check sum is C
test,<5J,Check sum is [
test,@1W,Check sum is (
test,)6~,Check sum is =
test,",gc",Check sum is V
test,X]Y,Check sum is .
test,Lcq,Check sum is @
test,{t>,Check sum is M
test,]Ru,Check sum is D
test,"""e7",Check sum is ^
test,36g,Check sum is 0
test,o.Q,Check sum is N
test,KlL,Check sum is #
test,^6B,Check sum is 6
test,9_O,Check sum is G
test,@9Y,Check sum is 2
test,-gb,Check sum is V
test,y	#,Check sum is E
test,A7A,Check sum is Y
test,LU9,Check sum is :
test,c#*,Check sum is P
test,hQI,"Check sum is """
test,z]6,Check sum is -
test,7ka,Check sum is #
test,f|],Check sum is _
test,33w,Check sum is =
test,ZwZ,Check sum is K
test,t_f,Check sum is Y
test,tcl,Check sum is #
test,'lG,Check sum is :
test,=\	,Check sum is B
test,G{@,"Check sum is """
test,~+A,Check sum is J
test,"`""p",Check sum is R
test,n*M,Check sum is E
test,D	},Check sum is *
test,'N?,Check sum is T
test,Ct',Check sum is >
test,I/#,Check sum is ;
test,m9u,Check sum is ;
test,zMU,Check sum is <
test,Bfa,Check sum is )
test,)}f,"Check sum is ,"
test,6=x,Check sum is K
test,xJt,Check sum is V
test,8<!,Check sum is 5
test,!Cy,Check sum is =
test,3\p,Check sum is _
test,"3a
",Check sum is >
test,a-R,Check sum is @
test,d_:,Check sum is ]
test,`a*,Check sum is K
test,s_f,Check sum is X
test,|Oh,Check sum is S
test,I$n,Check sum is ;
test,)g6,Check sum is &
test,g8>,Check sum is =
test,Z54,Check sum is #
test,cb|,Check sum is !
test,+a?,Check sum is +
test,nG?,Check sum is T
test,'5r,Check sum is .
test,>SK,Check sum is <
test,$#{,"Check sum is """
test,F_P,Check sum is U
test,OYo,Check sum is 7
test,zwq,Check sum is B
test,"hE""",Check sum is /
test,Z}Q,Check sum is H
test,"L""&",Check sum is 4
test,KVj,Check sum is +
test,p_a,Check sum is P
test,K>j,Check sum is S
test,Jdb,Check sum is 0
test,7tS,Check sum is ^
test,qx),Check sum is 2
test,1sN,Check sum is R
test,y	Q,Check sum is 3
test,Okp,Check sum is J
test,=d(,Check sum is )
test,uj.,Check sum is -
test,e4q,Check sum is *
test,Hir,Check sum is C
test,"l/""",Check sum is ]
test,Q.~,Check sum is ]
test,X0;,Check sum is #
test,Ly=,"Check sum is """
test,H4n,Check sum is J
test,! 0,Check sum is Q
test,YND,Check sum is K
test,P'l,Check sum is C
test,+M',Check sum is ?
test,N1d,Check sum is C
test,g&O,Check sum is <
test,UBs,Check sum is *
test,:)1,Check sum is 4
test,smc,Check sum is #
test,"7
K","Check sum is ,"
test,E5z,Check sum is T
test,	)B,Check sum is T
test,@[~,Check sum is 9
test,Xo',Check sum is N
test,oGZ,Check sum is 0
test,OsP,Check sum is 2
test,"%P""",Check sum is 7
test,yD~,Check sum is [
test,Oq{,Check sum is [
test,i&w,Check sum is &
test,vBk,Check sum is C
test,R66,Check sum is ^
test,w2e,Check sum is .
test,WqG,Check sum is /
test,J<o,Check sum is U
test,a4s,Check sum is (
test,5_e,Check sum is Y
test,3 j,Check sum is ]
test,6|@,Check sum is R
test,z5&,Check sum is 5
test,SBf,Check sum is [
test,6Ip,Check sum is O
test,Yu>,"Check sum is ,"
test,m	*,Check sum is @
test,iw7,Check sum is 7
test,",7S",Check sum is V
test,UUJ,Check sum is T
test,<k+,Check sum is 2
test,"""'3",Check sum is \
test,|^e,Check sum is _
test,A5V,"Check sum is ,"
test,(!~,Check sum is '
test,g)3,Check sum is #
test,u-l,Check sum is .
test,On;,Check sum is X
test,b3C,Check sum is 8
test,hC?,Check sum is J
test,K4j,Check sum is I
test,(H`,Check sum is 0
test,uLk,Check sum is L
test,E}m,Check sum is O
test,hQo,Check sum is H
test,-Zi,Check sum is P
test,@4$,Check sum is 8
test,/=p,Check sum is <
test,(w4,Check sum is 3
test,M`D,Check sum is Q
test,Q{L,Check sum is 8
test,4_|,Check sum is /
test,CWD,Check sum is >
test,",{m",Check sum is 4
test,ey9,Check sum is 7
test,hb3,Check sum is ]
test,BIK,Check sum is 6
test,}y%,Check sum is ;
test,g*T,Check sum is E
test,34^,Check sum is %
test,A[v,Check sum is 2
test,"""N4",Check sum is D
test,UF%,Check sum is  
test,by	,Check sum is D
test,]T1,Check sum is B
test,"=?,",Check sum is H
test,Lb=,Check sum is K
test,5DZ,Check sum is 3
test,zka,Check sum is &
test,$3T,Check sum is K
test,Ev<,Check sum is W
test,2p+,Check sum is -
test,{BD,Check sum is !
test,7{V,Check sum is (
test,_q',Check sum is W
test,uw3,Check sum is ?
test,#@=,Check sum is @
test,Qqr,Check sum is T
test,!!^,Check sum is @
test,XZ],Check sum is /
test,Thg,Check sum is C
test,"
Df",Check sum is T
test,-31,Check sum is 1
test,5x^,Check sum is +
test,o.5,Check sum is 2
test,m\{,Check sum is $
test,-zG,Check sum is N
test,S'n,Check sum is H
test,'-T,Check sum is H
test,A||,Check sum is Y
test,",:~",Check sum is D
test, G-,Check sum is 4
test,Q*R,Check sum is -
test,@Mm,Check sum is Z
test,K 6,Check sum is A
test,s>m,Check sum is >
test,V>8,"Check sum is ,"
test,9p/,Check sum is 8
test,79n,Check sum is >
test,$.c,Check sum is U
test,"Nt""",Check sum is D
test,T$(,Check sum is @
test,k=*,Check sum is 2
test,R	),Check sum is $
test,\`E,Check sum is !
test,INl,Check sum is #
test,#k-,Check sum is [
test,iV<,Check sum is [
test,W.D,Check sum is )
test,%i^,Check sum is L
test,R'+,Check sum is D
test,jq9,Check sum is 4
test,52v,Check sum is =
test,hWC,"Check sum is """
test,zW|,Check sum is -
test,K\!,Check sum is (
test,KQ1,Check sum is -
test,+?7,Check sum is A
test,Q+5,Check sum is Q
test,:[h,Check sum is ]
test,6fk,Check sum is '
test,%NA,Check sum is T
test,rCY,Check sum is .
test,c{(,Check sum is &
test,o2L,Check sum is M
test,3j#,Check sum is  
test,VHa,Check sum is _
test,y66,Check sum is E
test,Yna,Check sum is H
test,(Y	,Check sum is *
test,jBP,Check sum is \
test,hCE,Check sum is P
test,zND,"Check sum is ,"
test,V86,Check sum is $
test,VwN,Check sum is ;
test,BV4,"Check sum is ,"
test,x6C,Check sum is Q
test,*7v,Check sum is 7
test,Ux+,Check sum is X
test,"e,5",Check sum is &
test,{Mz,"Check sum is """
test,v*_,Check sum is _
test,P+(,Check sum is C
test,'D(,Check sum is 3
test,A!t,Check sum is 6
test,IT-,Check sum is *
test,H=Q,Check sum is 6
test,(4<,Check sum is 8
test,\ok,Check sum is V
test,"Q""$",Check sum is 7
test,"\h
",Check sum is .
test,>(5,Check sum is ;
test,LV9,Check sum is ;
test,QRn,Check sum is 1
test,$qT,Check sum is I
test,GKP,Check sum is B
test,&o|jYWW72?IN]I;Iyf$cd3r!]maDV^b(,Check sum is H
test,o!rqASogk0V5y%),Check sum is *
test,s/swoik0.N,Check sum is [
test,"R=VajvT%RA);}A""Ta
H86\V
tLCajFY


RZomLV.-VouZ",Check sum is +
test,GALM&J1(5^t@0xJbQR+.]GkOgFI3[U[D|H?wf:e6pwy\@,Check sum is (
test,"IVxdeAX6+r{EJC7h=OzBZFyH?>.md""6<",Check sum is Q
test,"&k1@`@6x@ALcqR""9JFe&Cf",Check sum is B
test,_B2h@W8]vMl7=>:(	g<:vW7NE,Check sum is G
test,"""Z~Rsso6TpyD=	G<%A6afa%	!)w-,}'y,,z",Check sum is <
test,U1\$Rt1N2,Check sum is ]
test,IM3.9i{x6)[wGe(3q@mQ)N[krL@`Y$q,Check sum is \
test,ykvDq+l3'U	m+$g,Check sum is !
test,"p`0Z27'Kp;FxK31'p/S&G7l,`KD~Q!j #<7]VIV",Check sum is S
test,">Ao,R[b$[cA[b8*r*fVqVa<gP(6`",Check sum is <
test,-a4I<9j](!TqJE?,Check sum is C
test,YMS_vYj;yt}=XDN#(W[0x}s'%De<[fw#/NTXD~f~,Check sum is -
test,]LVts,Check sum is F
test,"_~	f""xxZGZk6@[l{n~5WV*Vf",Check sum is P
test,"{g-Pk3/b}Tl0""G",Check sum is D
test,aesUXk)G} -kVQc<+ m-.Oe(#+2I~=iqbXwfxX19:xz.,Check sum is T
test,"1}&Kw09""|+l9*:1:Q-AFtcbSTY#sv/a:o;v5}K+,IA&9j(i1Z",Check sum is S
test,vAlcu\!@=|'z8,Check sum is *
test,"!zEx
",Check sum is B
test,%~BY\28ym^Sm	oFN,Check sum is 4
test,"B:,!~-UL2kHEH85]XLobA-f2`""UOQzmr",Check sum is <
test,/h!Q~ LK3O\`f3vP/,Check sum is *
test,"$U	\cg[Ikpz'	CC5XRH]""",Check sum is ]
test,"I~@KiS~*54kU3uUoTsG~S&4{
GA/|`(/?8@&GY",Check sum is P
test,{]TbzWVh$_,Check sum is @
test,k3{:g,Check sum is Z
test,":&]qg=euqGH|bU]g,s15ptX\SBL8qz@L$	mGci4\xvx}",Check sum is P
test,RT:d)lG{XoE`Wdn-ml))gC28:&xN\q'K$KQ8RXL_+zOy!RPo,Check sum is M
test,"5V>:0[P?iW)u9jyA.*v3_$j=Sei-dJ
Ze\`Wx@4b",Check sum is I
test,"ypwR
MzULYZ*RO=rpm}8!E~1rzy)&ibH	p1D]au$7zA>P	",Check sum is -
test,"(ozE9!_q*~kbC7oe[o""N(aLt%,
D7:n}`;llH",Check sum is \
test,"b3z&,Y2Y]R5y5G|mS3@~wk:Wp	e_^aC",Check sum is ]
test,"{q~~|cD
k0",Check sum is P
test,"W!)KB+P$t	l
uz5Y",Check sum is ]
test,n4;t~H%g^oOuJAe:k3_Qry+\:$a2j,Check sum is Y
test,"Jm`d#_;)L#
x/w5*lEe[M<0[zl5lvW(",Check sum is 8
test,v.Bey*[G'{=!]PHWR9H_h]5kvT_OtO1hXk|p3bR:CDd),Check sum is K
test," t'L)*\iS?i&\fLKF<tuv^~~j@pP1G@d/#<wV$""AyYNM",Check sum is I
test,"W2<V!,6P2gr!$GnpVy&VcitM`\Q%""MTDP2Qv*0wsW []",Check sum is P
test,"}<V
L",Check sum is E
test,jOG7lNvCd,Check sum is .
test,6'TQjH5_r?9	Kz5/ffH]f^,Check sum is 9
test,"!tZ'N
R2$P!sm[A8,W^figWKE2>\UaT$_# ;oOME^j|1",Check sum is 5
test,$=,Check sum is A
test,aPLn']2/V+qc%'xElk+ )tC): VCymA<O}@!w*yRvT}p	isS6Z,Check sum is '
test,"7^0~J5jD(C""k`*0hk1]bvhu64oi_<q)jS6J.S~lQp	,",Check sum is -
test,">Y~2
",Check sum is 1
test,9{Rb($L \q2$?kQ@1,Check sum is O
test,h{p!	IF,"Check sum is ,"
test,p&y0[TLAQOe\`[BOwf`r?{-y:O8ZrY-g#=,Check sum is 1
test,"TuFf\jKqQ)|8u0rypiE@blr@x^b-Bo#!L-ohK""4z",Check sum is 8
test,+dxMt>C@Kd|37=62S g<k,Check sum is $
test,"a]iBT}_qLN'ekBB
k-v]lK])#pjYX=:wB7);/2s)Rp. 2",Check sum is )
test,@]8Xd,Check sum is 1
test,:;?>SC.KmTptqMmv+_;,"Check sum is ,"
test,"O#,,1J&qb8XYQ`7r69|Fn`cw,d]|>RGTIK ba2Dm;@Ut4m",Check sum is M
test,"87qb{
=N^W)f*GjW$+b'R57Cq5_
F|2 ,'",Check sum is 7
test,_R!nGuqv	wS!V,Check sum is M
test,5OqN.ku5gpH/JMY=wI+~Y|prMAl'cp2QAakqn?h/=F},Check sum is :
test,"S:J<gVa}sE""a~#xEFcXzbvoL@sa3iod2qpUMit",Check sum is J
test,"ao0,$""b;sOk@-LSxPNL'6tY.!=biz_'8fvc,d&J<Go{[wT",Check sum is U
test,F24mb,Check sum is [
test,|y`fe#	=:CB'^[XjPyk<<,Check sum is 6
test,GPlG3X2r9~!	-doONC,Check sum is Z
test,"BFQuRK;B4
yF
4]BW
Vy}hh~#,DH}",Check sum is 5
test,1)f%c]G`zaj=5RP@f_0TT*w>:h/6MI3F+~W-4qjK:l,Check sum is D
test,"n	bFr?u+a^(hlNU$+ Oc4""W6:N1I~I/3[C4<	E""14R&",Check sum is 8
test,2h*C\(%)/1=[o[I45d'7,Check sum is /
test,FVFv>FJWlKOZp~0,Check sum is [
test,RhuD;?GN|jPrHsa#p=DSG,Check sum is T
test,"ge$!5v
7S/	D2;",Check sum is Y
test,rqyH$~Hi!D++4W]l:hHrL3%^+*`aa8hcK]A6i	r	N2C`&}GAB,Check sum is Z
test,"vz/cI+2{04*h`UH?,)I-,IR7QtI/||A[ =:l5ca7PrP@?",Check sum is S
test,"-3A3:br4f1&l|0+%P5UG'WoG#A8 oD
33Uju",Check sum is C
test,XNk=$8`%SifyaNk@n,Check sum is 2
test,"JFs_r`]S
rvDlp",Check sum is V
test,c81,"Check sum is ,"
test,"5	NKNQLas_0vc	U<%K>LrnPoYQ&`.<\6f""2HZv@j!/AbW!j'",Check sum is 5
test,"|n=;wVNxTji_t,",Check sum is ;
test,"~JzpjO@6W3k/?cMQo+L8Q0kn,&,}BMOb:lZD",Check sum is \
test,Q`,Check sum is Q
test,R.zg?Du>nL^C.EbR*Rp~.Y%s2xbE &(=V,Check sum is T
test,@i;_h^,Check sum is )
test,].$+vG@r7&	b3PotB!$]`}?W,Check sum is .
test,S2rz%Xrj6G'/6W4TF43*V%Wx[t@EIlzTm5*$M;NBP/=YE>,Check sum is *
test,t._F?NCUy*^~XDDUSeK<#mXxl,Check sum is K
test,"g5^i_<* v)QPa>`U(Gf9f8[*yURt""#5pX/+G)6Zdy",Check sum is :
test,ajnl7xNcg	qr?0i.w,Check sum is 5
test,Ihn&+BX;kD^4^/aSdVo6VEx1KD:@<	{oNL0NMqbup8!a9,Check sum is R
test,^#Zn_fr9ZQ =0,Check sum is Q
test,"2~/I~FT!6>BInP%o-Q,VcDt%\bP;?<rj>CEVC}bu5Pf",Check sum is P
test,jcB)`(V-VhJ-p7EYv/E-\c)YW:[>KO'fWS $=,Check sum is 1
test,",g!sJ8""Y([K](fY31-.N$]~[J",Check sum is G
test,\ 7d+.;[==Q%Q,Check sum is '
test,"s/W,j'H4Q#I	_%;wwMh1K.?/vQ,lCFCCrc1kyC;s",Check sum is [
test,"wwkBv=0y%7(li;%Q^+jOeYq'AHa7C""Q81`6",Check sum is O
test,"x/]"" cq91KS[Pv-JVDy6\",Check sum is ?
test,"R^HN
l1.0nPFEGxZJ`
Uu.HfpdzfYM0^bY3	nVQd",Check sum is ?
test,"(70
%SVy",Check sum is @
test,";8R(Kv9`t""OM7",Check sum is P
test,")EeJ@|lG+6Ak[%,-0q?/",Check sum is !
test,qj%tZp4J>1Z7#WY&l77O,Check sum is >
test,)1vCDYeDW4O#8G1itp	U9E*	v<6;jox0Rp51|Js,Check sum is G
test,]3%a:'F_,Check sum is <
test,"ol)ddq;70i'[k@{(>efy-Fd79'
]{HFrQ/I+",Check sum is >
test,=l,Check sum is I
test,aRMp7u%~hB#,"Check sum is ,"
test,"u3~G(fR5uf^""saD{=lRIon4ho{
 #DEIZ2>Vcoi7=R@ULe",Check sum is =
test,FRP,Check sum is H
test,>fojlU14#R$J,Check sum is &
test,!tc*,Check sum is B
test,)Y^U('dX]i2b,Check sum is :
test,?#xym@,Check sum is  
test,z=	9hD`7b0cg{wo/CH'_7U>R,Check sum is 5
test,"j9E[n
OTKG0|o/0Un\rrLB5<L4O2m/rWO<uwZO9n""Xi.v)!+[Q",Check sum is !
test,".0.'
XBipt:",Check sum is >
test,":{N'N	j2PEYBZQ	VcYRR,b",Check sum is %
test,"Sl)jcK@^>QOH.>
l{",Check sum is A
test,"XQ
j6LhT5735AKDj^=Ib@U^N4&W1m1kJD!b\Ri/A",Check sum is S
test,T-2MEr&H[b56rMk;-Hk-IHtO>PLy|Ytl<-ud`qgt,Check sum is )
test,	;Z55>6j3R7Qqjl+;)i}lm2STw^`|fFURZZ\,Check sum is U
test,vYLdcH8!w+}'R_x}BojQNr]>D0t9	|5L,Check sum is =
test,dBYlX}C$~ci.SEl*A:4cuh7*kgj1*uK5tN>Kk{JOs%,Check sum is +
test,j]Sz9OE~igtCS;mfoq5_3AL1!%m{,Check sum is :
test,1Fmt'd_ocfj*o,Check sum is ]
test,"0m=2V2+/AEAl'vE""kgsK6E>y2k5 U3Brq?@d#$Pf",Check sum is F
test,",<""@]uJ}=zFL{CygbG",Check sum is S
test,"9eu~bW}}z'P=yu~!,n-);SOJ%
ASFuxn.q>)wag}",Check sum is \
test,<TVBj	D6rF50C2SGZ@,Check sum is ;
test,2S0p=AB8f3Bbv	^H#GlQ.K{,Check sum is :
test,"?BQ)^(}0/ srl=j.	/:|
7]d~H_H|4ctsr#$WVc
Ews!oa@$@",Check sum is 1
test,"*X""B;T>zuz	YU",Check sum is 3
test,QcK)KO!/*<>^rrv{D^-,Check sum is X
test,a9Y'_,Check sum is Y
test,"GHb>'xki
",Check sum is L
test,"E
-hv3b",Check sum is O
test,"fh!w-e9s_e6|u=hU&opXD<hdNQzwL,g^}o_ORg]4?2P$",Check sum is (
test,sP#iP'G`FU\fE,Check sum is /
test,J)-1FC=> H`3	bZ2Km^WTy;W)'j4^?_H,Check sum is %
test,Nk&.;C<8$fR n=1S#.Jz]&5jLm528 e,Check sum is ^
test,"|Le	ux6pA@pcr""",Check sum is Q
test,"co![x]l3^M=qbC,1h!
80 QJF=/",Check sum is %
test,V\ Pr<*mhUBC,Check sum is I
test,"pZfB6;$)wbN~~\*v>"",b.g<QlF/qELJ","Check sum is ,"
test,"*XTzq9uQ~4S|wS
_h]ID3Y^Pv f!O$JMk)Cs7X7,<[}""|4<",Check sum is %
test,rwb7J&\V%gr:P!KtBf|CUZ1-35?4bkn/Lnar,Check sum is 2
test,4 >JljorkRxJ,Check sum is 2
test,"9""**yb]",Check sum is G
test,AIO}J(bOUZ|ipX,Check sum is 5
test,ZBV&KPYc	6*HfIs:#Ma(~>{x.n;	;r>}VG&$,Check sum is 3
test,"t""
c;2krFtd_2L>",Check sum is &
test,+#5!+:m3=Jx0CE7 @~1#O]4_=j ,Check sum is /
test,"oxrcSr0ZoweLvL3J,O{0
*7gCA`PZjK\|'!+24",Check sum is -
test,$~ 1{9f]>X%|,Check sum is A
test,	[%rXi;!U]	x,Check sum is +
test,"Z<iy~PdfJ	eOlp'`.
|ClK	Q","Check sum is """
test,2*plcp|;a>$CH#n3u6(JPP,Check sum is 1
test,"2-%Go7nWQHJ;j(4d!qYW;kWV7Bd~@koLx&@PFvx
iN`",Check sum is 7
test,&sY12!k:(,Check sum is #
test,TwMR2Nx06,Check sum is (
test,[07VW{x1as#e>w 0:,Check sum is N
test,"d7C@EqNOi;iEu,w<$<k*(Z%XI14w~#giE<%H",Check sum is /
test,"AH
EtR~ U~dZOhK'V.0PHK^""rsY",Check sum is +
test,"6	\8,>1[-c)4C6pF,`Dn-TdnB#]:f~&F`kF	:3F",Check sum is /
test,S[i>\'J-cIkP%%x4h]]U,Check sum is C
test,MBaUbxRu!eHbeV{ASgZW3>,Check sum is I
test,")hYC>Y1FBwx?h:tO?zTX}Q4#""0DJoM+vGL",Check sum is J
test,"!5i-sj\.D|mKv""r4jkzo ~e%LL
(h/D!C7uP""|H(s:",Check sum is O
test,z<8|*VHl&dESP4L0m.kP?efP1x%m-Q,Check sum is I
test,-wdh1	)0J3,Check sum is  
test,"{(	89s6PB*1,IBp<|HHHH >C*Y5iU>%{]J'gLlK\u%%nBk+",Check sum is  
test,"-aF3eKuJQey
",Check sum is O
test,"g;e^p,tK`=((]TX21}v8Ha'A^ag&"":Kz/(E`M\",Check sum is G
test,Dqt.3},Check sum is '
test,"6@%e-ucEa85:_c]NzO
,)~GLaxC?|d,M;",Check sum is G
test,b|7xChmY<x` h+-k,Check sum is =
test,?h?-y^lg|z=vdX$.#)V2WJ4;Vp&cb='BQvpLZ4c*DZ.^,Check sum is W
test,Ya**LZ9~b}j#?F,Check sum is <
test,\P'-6-h3Au/dT9Dbxj&u\XS	<3N9Fyd/:j}Zx`w*,Check sum is #
test,"v%iN.u/($K|]W""7YLWv:t&7Or|( E>O)u?Dyh?3","Check sum is ,"
test,"8.v~_""@bk^09\MzXx]0ciR7t7K4k""RDX7~LF2<|*RkkS+4VmC",Check sum is D
test,"3gmB&Zqq$t~X5?%[;G9K~va	O,/	A	C-D)J/1b[""v",Check sum is *
test,"4n+k2ERH>""8Bhs5T]o",Check sum is 3
test,5XXGd&nbR)j,Check sum is K
test,"9pMj>{	LQ-`k
9M*@;AdwI`m%n^S@.ZT7_qEf/{",Check sum is :
test,"i&iw}jw 
nysp?('8[qN[B[",Check sum is 9
test,yk*^qMF`$F.WSNfrae-lKliRW	2\onFz!GfNggS,Check sum is 1
test,"bn`^=.4>X,)w
qvyHHuY,Ks^U,M^Opq
i.]%k6YW6no}1wc72U",Check sum is (
test,"=6ZnE{iX&6=p"")t@0ah7b~C%`SBsjqPzLo14(/ln",Check sum is :
test,VY})4(_,Check sum is 0
test,"=L[*F~pjk~[""$$^i+cjH(dDwLOo-1 mx^.tiF3o",Check sum is F
test,"^z:mB@UgssNC.&0blS |ZC-HPY*&QA, %%w4;:*S",Check sum is %
test,{f@U)~<@] NFND#jA'\:^49c <t,Check sum is %
test,Xr]Ue,Check sum is A
test,"t<)mH-_/y
z`K44$C-:GY?""bts_$-
`Sqj'BOqL",Check sum is N
test,"flI;Q uv'WjLOJXd. f5P5),smjYQX$;Hde]<8qjl'0
%f\qT",Check sum is ?
test,/&%}S zCW^GMDoeJIliQR&K,Check sum is $
test,e$,Check sum is )
test,1gDLaAs1?ZZO$aZC,Check sum is 2
test,^U(`>] \Bw)338G?QUi,Check sum is G
test,"p1w{:'w]L	kA""vU`I~jYicuiksx$u[s Y4u_9	[yIgRA`/c%KW",Check sum is :
test,._i{x=c:E[ZX~U`6A!oXPYTo@~dyi>Gg,Check sum is #
test,c2>cJm;fRe%2(71gBYsx==a8HZh[b\t OM$=ZxBkm7?Ez0	IuP,Check sum is (
test,"""$hChZ~v?U<0weRyMI||k8Y{U
M",Check sum is _
test,'r/MLTDo,Check sum is H
test,A-]%~RkwPsbUka ^9U%o/=\4b=6;T\{<J,Check sum is %
test,[[Co3)\B',Check sum is )
test,"ji+$o""?{{6Ns=(Xa\_{>xcy~TDL)5OVmMzA",Check sum is ?
test,x;J OB43uH:[XEq<!D!Oi<B8[ODRrZt^),Check sum is L
test,"PRthGZ<@WgYrp 9]5
waPRYU#r}tik""tsI)q6
~$](",Check sum is >
test,"%5=WT|qA.P'L ""&)_S^1",Check sum is S
test,"]1/c$'z<tS!s'-*EgRE,{f?\Tj9\ia{ZvbZ^E",Check sum is L
test,"%,6m?iLJ=w.1&KAvIl-QH(_n#[`|Qa-e~abo}",Check sum is H
test,z;k*4iC[r,Check sum is W
test,X/T1q7-%N=L~Sy'`4.Af-= X;s%?ZTd?wTM,Check sum is 4
test,"/5$9w9""(*BxriHTpzh8	ciiD\$Q5m{bt80m5x2}jRllhOe*V",Check sum is '
test,4#%mb)mt/:jW)DZ{phn9^Toi~9fsUSc5YGvMHk+,Check sum is ;
test,$xmhy:N}QT6BX)Zsx|x0(X^:yw.vYW(	69i>&,Check sum is _
test,M|w,Check sum is  
test,"""\5QnOQnpek\3.+Ul`|xX",Check sum is 5
test,'%5rA3Can`{L`B7Z_aBSM6o!m8O$A3#sRUbP({z,Check sum is 3
test,"6~TJ_Ts|OmrEC\'lol/=$oF^gHYDT%"")a#FJZMYLWYQ",Check sum is (
test,",>BY",Check sum is %
test,"E4')""n",Check sum is 9
test,"i9TTt'D._#R|k""@""qHaf=AI",Check sum is =
test,!V2W8.)|`MHg$!>U5\',Check sum is W
test,?7]zT:vMG_F:,Check sum is $
test,"bBJm]U$eWc)n4R2Lo0e,^|waHe1^_LtG(YB4nz\KaG>QH#",Check sum is 7
test,G@EuT F5{dT)M+x<Ifd,Check sum is +
test,vF,Check sum is \
test,k<g5`y4[[HK=-,Check sum is #
test,"Hu&U$R
Z""n6'c$X2'C\Vu+.#N jDrWR^n(^ngrk",Check sum is 8
test,"@Y>/AGo~cq;yB`OUjx'UCQ	O!#7lF,{4,>F$E^gZX",Check sum is K
test,"Ew~MAG{9q6Ktn
-swCTjW
p
]# ?ink+",Check sum is @
test,"ZzmM:]()~/B['""cq",Check sum is =
test,"yF{LKbfA*:?jPf-""	]p05",Check sum is G
test,v^Q%V(5/0Jk,Check sum is 1
test,"&D.L:J`vJAh:^""'
I:gHNS!S",Check sum is C
test,x`h9v1WjyXSEJ9oyU.viKgb&s6;v~_8 	?9d#,Check sum is H
test,",#,ubfECHa&?UZ?@xYVjTjY=-e[AV1[&Dx{KN",Check sum is G
test,"jDr]JoOGQ_F,av&_V:t-",Check sum is [
test,"bXzl{?G""5x4Cn%:cU^""ILCYD]6.:`LqHd	>G",Check sum is S
test,"zI3{P,F{OXN'c+{}Uri'PnqE""",Check sum is ]
test,?8s=*1V\:,Check sum is N
test,%eE=!]J2R=u5Y]i(:~=wP2U,Check sum is )
test,"VchBeG61=M:HGBB8rCPW*i6!b^
e",Check sum is Z
test,"UX7,tdZ5Z	Nl+qZYA4O8(2 !-4JoDu%Vx",Check sum is  
test,@FeS3>f$l?68,Check sum is 2
test,#e#h+BoAr8%6%DY[Y~/2zD,Check sum is (
test,"~($V[Oio<D.""S[j9|bXbs{HWg",Check sum is /
test,"}kh1KgJ;@	K7
:",Check sum is '
test,"y,kQ5|?TT\-cj|1/t,lQ_Od23M","Check sum is ,"
test,=CKkrP7 [e4.^!,Check sum is P
test,"0,F!qG~2ZjCf&""v`<924jc802_]Uuh3nP
S",Check sum is T
test,afJ~Wz]\GrYQbu0Ch* pF'Kt,Check sum is 4
test,"c)bF}h.Si:=l*M@ZacI<}XC)
UZs!JeYe^,E3BdAErn[;",Check sum is ?
test,+Aw4sN1nna\GpSU%P_ tsl#n)MANak,Check sum is J
test,://M:p,Check sum is /
test,"10kj&Sxf""Mn-^''lFh!~2r5]f'eg<? czx	`(y$>,r=","Check sum is """
test,XLN&,Check sum is 8
test,",w`:&S;]loW-*E8C]""j'kB",Check sum is 4
test,{r-}]`Y14l.bW>/2N-.(WAQRZ,Check sum is J
test,4	PNs%g2 1H8]Z,Check sum is 4
test,"0jisvt#4SBiEa!LK(p)L:)!+j
VZ#[E?[7Zu",Check sum is 6
test,"y|^oXyN	
IgV<=*}q]rs9$']_ba_aa>lzt3@1	p#",Check sum is )
test,"|ig%p|*;SNJr
,[D"":2","Check sum is """
test,SUK9?G8mGAM)2k$F?{PZiSD(u.,Check sum is +
test,"9skL8H_ HVnJmR]H,<v7!\eBWMqI]2F)",Check sum is Q
test,"<!qE%ZJ^dL
#dT6V]1t-Ep$6#T_}txU",Check sum is M
test,6Le`{QLErV,Check sum is L
test,2!i%l2GnJ)!CMgg,Check sum is F
test,B1]&\p1ZY,Check sum is F
test,"O<%d,suU]0-d/>jnT@K6 a~<'lX%S7/",Check sum is Y
test,"Bvdx{\GI
^r",Check sum is 5
test,BT(DI=Wa$L,Check sum is P
test,"_(WZnLMvCQ4{n[a&Kof8om5W+iQW+W5Itjw^,",Check sum is C
test,(\W,Check sum is ;
test,JcH`X;jm&03}mjO'[4F-.ZS-]NiRh8;jK]7 >=gEk,Check sum is 8
test,:M eA<D1Y!i)<;[Ebs1i8RKQ@$KNbf*9}0=2L{C	q/saV,Check sum is 7
test,3{d4|9n{7	a6,Check sum is [
test,N*5B,Check sum is O
test,<>jD=G`CzhV8Sm$5%\]I{+!.#Y'(/_>WXukInCjwg8]:yo#j},Check sum is =
test,OoEhZOaf0/PLUok^43zzb`XK	&,Check sum is 2
test,"Bna!lE~mWP6]bv""2A%oC=F(@!{C",Check sum is 6
test,ldPc	wz`/},Check sum is )
test,"IowSh"">kqk; aBuhNa4ceuofI",Check sum is J
test,"C&C0,fMb)67Q_$#22{
2H
1J@G}v9hX>8\K",Check sum is B
test,C+=S_16Q,Check sum is 5
test,O8HLI$(_dTq+idR9uaA*?yeA\Am{[{lx#{J<vrI	0Dc/IYE}9$,Check sum is ^
test,:!GIQzLplqv|&z3 jBd,Check sum is $
test,~|`lALA&@,Check sum is Z
test,"DMK^4	)YdiF,U?e%-iG%X}*Ks1R^B>,iz#!CIG7",Check sum is 3
test,"
')",Check sum is :
test,q4h3B?7&nFK^xG*,Check sum is D
test,#'+<ZFp_`(Y$|ZP9MD@e/	{QWlGj _SqUQw]$ec!L}h|m2Ub,Check sum is _
test,mS5?L]!	e\.s99^UDqv2Crh$?1K,Check sum is G
test,"XR/e:o+-C%hWOK0BG%2L/H|`nU42{V%8MY
s&Db:9~\]/\ky",Check sum is .
test,"M `r/,/d`Pa
Ylq-0$cHWWnI\63",Check sum is 4
test,q'kqqC2'|!7=+,Check sum is ]
test,?5)ur,Check sum is $
test,~Y#U*s]HASM+	S3-X	XFT6J8;GF^@,Check sum is *
test,"""u+ZbwX95GpSz~ZyV-{{11nYtKFu7nf9\+>H",Check sum is ]
test,5P* `hy,Check sum is 0
test,"f4""r4os.MW*$J-c;pPP5y,_pqhY LwN",Check sum is 5
test,"J4)TFtWJIJUvyukv)@ R[34hw	D_n45Sm}p?d,xG[",Check sum is 8
test,"G <^V:GySj} K`AfqB:C=ui9""3}]g",Check sum is 7
test,H^I/i52=b{6(0p;BpTD7{zB k?!b<h> er[1Kh*bX9,Check sum is [
test,bQB2QN5,Check sum is [
test,K(gOw\Y^P;Yp81&e:O*G}vhIN8(Q/`,Check sum is G
test,"Mn0L,UA=[W$NO",Check sum is I
test,||SfZVydy2 O7XTw=wr@:K5B,Check sum is 4
test,"[/;6M= vCi.*2C?~ lWcQ'bKZ*K(nRa:fE(
:=Lr",Check sum is @
test,;fN,Check sum is O
test,";4&*4IeXTc&	&={8yZH""Z):vl+zd?ZRy`[y=c",Check sum is 2
test,"z""mT}Bd79`^WVj^JB9g}j?lbU*G/DC/c>CD0^O2X",Check sum is ]
test,"kCMc20:)(sQw_|Xm2B""%@<Fg]nb]m3 ",Check sum is 4
test,Mnx*Qe[szO51<t6N>aS\~)\<Z?hJMI,Check sum is R
test,Nx0+q65grF.-m4Jhf1a'n@(0N)> Zml4J;k/6,Check sum is  
test,(^yl8=pP@ud~,Check sum is W
test,"
f,Tq",Check sum is A
test,"$71%`\~""i_{(""l,'?",Check sum is 8
test,"a\PpH>xg2]v%gszwz8q3e$z)ed
r",Check sum is >
test,5Z=CF@!kx1_-d	bwUrLvYcy:!Z~l,Check sum is Y
test,"Wg7W}wrp._%@wDmn)ZP4PW?>m/|+hMtX~t	C"",4Ya}ig}",Check sum is =
test,xfKoer_z*~}Ixe|67Sg4qfS8JC,Check sum is 9
test,"S=y>h*`z-Gq[NNEf6O,R_z\BtACXkc2zkjG>klO[>q:O.ax",Check sum is 8
test,"4q<L%BU
d$ DV	M>)mc1p}gP4<^A",Check sum is F
test,"bFw iZUS<exzn
2
&L
(:Oaw-s}F[5
_bU\	RAV_$;`#2ypko<",Check sum is )
test,Xi_,Check sum is @
test,"N:=&O
vXdlDyyz2MhI;~aiUo:\t4Za;UFXV&/FDr",Check sum is 7
test,Ho92~t,Check sum is 4
test,gv8sY7}yY@c,Check sum is *
test,E|pNlsX{3:gn4s?po)1']~k,Check sum is _
test,W@a(pCmv:%qe^p7-!I/',Check sum is =
test,"]~l0e[U7d8
=uL05h",Check sum is T
test,0gU=_xyu-l;B*b&bp,Check sum is (
test,"e83=nj%zD^x*P`&]y~nb,mK}bU4	Ee",Check sum is !
test,_*;|uk=u!fr,Check sum is +
test,thq	5Cw5C-q$,Check sum is _
test,"8P3E}'	j*v(X(!s<`W@,sT$^VC/>o"")jL",Check sum is 1
test,"%gNe[hb8$	#S2""	",Check sum is <
test,"+lQ},d0^{303^)N{+.+8pXB
:z<:nOVe<jT?YA6",Check sum is ?
test,".rBcUvn2
?1?1Xl)MYBp&-d_cleZy	1`r@mjS.C@2P\f28$(I6",Check sum is <
test,"""
vc &a_Hc(*[<DwxB=3uJ",Check sum is #
test,"Br""\]",Check sum is /
test,Uz(g56*lC[w[/CbI3\gN0qs$pa+jR*JDi$,Check sum is E
test,"|6pLAB8umu-O@;i\%
P|""k055IJ41#",Check sum is Y
test,s'{y)Om,Check sum is S
test,")	rP:5_	GBX &]m]cHN5CdV60cj!$,N6@cqWJIGgF1\Ro*k))",Check sum is 3
test,"Y8AL@F9YTs'QlB|NhKjc5oj^5B?${E*_,==%d}X|ZJ'8|b",Check sum is =
test,)0=5b>=k*<(QH5:Uw$k_[Q4aL]dbx,Check sum is +
test,"A9a0-Kop}P
",Check sum is Y
test,"Z<'9,+\7oX?#,@V:",Check sum is %
test,oVSUQ%	/(6`oR^~3wd,Check sum is $
test,lH{Rd4t[ur\<GU9YUKF,Check sum is [
test,"*y!21 |AA4VnRC
usul<rk=u",Check sum is P
test,"RxF
k%?B^'",Check sum is P
test,"^da'=V|I#}>Ruug~pEG""StXE[RO",Check sum is ?
test,Y.cEZ'=q,Check sum is >
test,"?UR#""O@~A\RU}
HFB}O7k3""t9|Kh^37w[VYf]`76d?8tDDN4",Check sum is D
test,"8Q3g*zzTpGfr@U}=,-G
k]d/Yy;hX",Check sum is %
test,%@2e&f/vZPsLR,Check sum is H
test,"
mf~lg4l3v'g`	x|%2LU5Jd]rFh~/,qf8K7PT",Check sum is (
test,xRK7%[Ta?,Check sum is  
test,y[VC#	,Check sum is 9
test,AXV,Check sum is O
test,"R`Vgqw3
P$",Check sum is (
test,`q,Check sum is 1
test,PXwABYP'}le	LFiN't!c*jOWmYhj,Check sum is #
test,"j3_Rc=v%yiSeg&{%3Cv{JR1f,;A32u",Check sum is L
test,"w4`Fy?MCaR,5UqNQ$Yy]# lAy^F!#*A}wspm-L fZ.)hB",Check sum is _
test,",.3t#xn6$uc}$q|PUl'tB[GArXyib[deTBI>[5JuY
:ug#-(",Check sum is J
test,_pa_Knt(xYi$f,Check sum is H
test,^[!L~!ErEsZIvPK,Check sum is H
test,jOnt,Check sum is ;
test,aG0ou1P:]a[xjj5r Ri8/m,Check sum is R
test,"""t^4Z'u?.e%f{g8Y95<5FsXy0QT`zZV-:'(r6IeC7qc@l*I&o",Check sum is $
test,hr?,Check sum is 9
test,*\+:MTon'b+l<mEQ&HPeo!)(x+-a&qEkOAuh^,Check sum is /
test,";8(""}9ZM^K	S%RH/DQ1'd0$O",Check sum is !
test,e4O0?4?npj?f1@2@	k+N>qdwA7<A<O-_2ugT:?3in>?$3'*X,Check sum is _
test,"[do&2<YL[,<q1-9",Check sum is R
test,"zo}IcIS9d-I`<bN(	0tEU`""BsUc5{{=""b=[D:!ZmxJ7b/",Check sum is ?
test,RK$SjT7J:%j\q)s>-P>lGyOj#U/DkOC7J#P%_9Z2~fmP2R5,Check sum is B
test,"p!kjM[CI-si9Y.-G5yU)O,H-kKs&`:jM2.@9XV))_G|",Check sum is .
test,".gQlD-k@\""U0""@_F;
](J","Check sum is ,"
test,"g4fB
^",Check sum is K
test,B_9>}z=N6UlVZtn}R|hv9Nf_i`r(SiK^Joz)l*n1nr#n)MQ,Check sum is I
test,+^Y[I%)|41pl8r)X}j:D%/}H	yOsj<:|M/a,Check sum is W
test,&-W`ub%zKMaebM],Check sum is J
test,"*Cb#UE`KO""R3{mJ9n+dU;:cvP}PqKqN&tE

h%p	1y!b",Check sum is V
test,"Bzmj![Pz?C2h%{`u4]tHZ||h\s'I}""GD#?mu2hu,f4:7*.	p+",Check sum is @
test,";h7
ydj{c\3nb3g}o}Fw2V%`t\TS~blT`lb=Dzg/q9zk::Bzr",Check sum is \
test,"yA}\
wuqP_<^Q=",Check sum is 1
test,".%lR?""D!QH9Bxm:8*>	2/jf<j<ieX<}kNWQZ9q|wGXV",Check sum is R
test,"T0>4W>v5hrnXARt:p-s!a7M`X=_<<bFci_@u@@BE7


",Check sum is =
test,9b.2>SE*5hqk<u%:mw:XXFb0l\	z,Check sum is U
test,"	P""S;.Av\8 <RrEPg4]7=\DY",Check sum is <
test,|A|e:_/y]y8n~&u.<#aT[O%TWp,Check sum is @
test,"VEWAMX5""c@C~yW3-
:#|f:zp@
6>4*+%
;Nlc<])*F:\3""",Check sum is ;
test,"H"":DxN",Check sum is N
test,"W $Go""l&{(R*",Check sum is D
test,"N
PV~3l3$Zu-$Cs<BIaX5Z`=<5+ Z}j",Check sum is Q
test,rUuJ-<42,Check sum is 5
test,RAGu9+iut$+lh/n,Check sum is %
test,"n
ykQtT>i1W$]",Check sum is E
test,"3s y0BKKL,pIM!s^(E[d! 7kf.WX2mh",Check sum is 0
test,n.VHn9~)XW|/Y;>q}$j2(P`vo7FbSp.#iu7QS>3;^__#g|v,Check sum is /
test,"p%FtlNP
Rj%a1E$c[uVHD7",Check sum is +
test,"
0_r<<=`@40yJm4f*?x+N>tcCiSR(^I8L",Check sum is A
test,	UQPw0HOt(#XVG_BLuc,Check sum is V
test,L}L[	,Check sum is Y
test,"?XMG\&;F%
)S!^8qCZSb6QAX?1-""SUQ+EQ.R<m^",Check sum is S
test,"2.{*,tt'pinODoXm1WHPcRd""""2KEQ\v&D',h32MxjzBVFNa",Check sum is P
test,"djhK~9{?y_86Lx4 J}lBDu3:%R'&&l*+Zu""1mLOq0Xi#H",Check sum is -
test,"LS""&`<0
WYm^Ov3v?y'3hlp)k	(5ZYF/mlGK^$A@oU.""Nt",Check sum is B
test,"Hrag>NW:OKU,J^Q`J_vYD90<lQ-P",Check sum is N
test,"^f<""laTh6u~utv	x3m",Check sum is 4
test,F(xC@,Check sum is I
test,"vWuO{GqLy20okY/x3b
-Y<d3u|",Check sum is N
test,jT6M:DY:Y<:i*Mw=d[4}k05igU&HTEF>[]xHcZkrdynX~.h,Check sum is N
test,",90Tb!]P4whe
r",Check sum is -
test," W/m
Jx	JY?S-Zwy/Fu'_42)I<_",Check sum is W
test,>KO VV\xeh,Check sum is %
test,VJOp|U6<-RZ)<Z!dDk9b!ko&ps//sz{&pb|dE@m8/P,Check sum is 4
test,"WN@#/_,Z4sv
> iI_
={=({9g1>|m d0d",Check sum is D
test,eupIAqs{tr-n{uB,Check sum is F
test,Dg?Jhyk&E&d1/S!!92PyT:6qB,Check sum is 5
test,"!""<mCtc ",Check sum is F
test,P\xdPUD/[O!}3*@K9P|mF#7]nYoKQE^D,Check sum is X
test,/*pTAAgkqxlQmTjdN;{i~^')D7=Ph'fxRM[Ds6E,Check sum is @
test,]^LQ?dp:1`,Check sum is V
test,j_Y'!vdB3'7j88[*[4Vz0kl{fS6ki*<nm\i#XK,Check sum is F
test,='e>`9Edz@ecdQ.+8cSxWbE#,Check sum is @
test,"du
\
8J^&.#-}Or,w6Nd1$To?yRt2{L$",Check sum is )
test,<<'f9i<s-z{StS)-,Check sum is H
test,iH?zDGf,Check sum is ;
test,")[29_}7Y"")",Check sum is F
test,{~WI:_5_W#G,Check sum is '
test,")r""G!4/qev/b(P?9WsF#<N<m871XE}P9~l",Check sum is H
test,"8.-D`1nw!}
9|(""76irT%~?kn'FQd;qu$'(;CHh~S6",Check sum is V
test,"]_6&5CNZr""1BeM;q/2k6%8L=}j4#Nje/L=*rqym%H ks}y",Check sum is L
test,_!9:9%j| xs27POyGv\_]nc=FIV<oJS*!0,Check sum is .
test,/7[BLI`)4Cwo:?l,Check sum is C
test,/s{D,Check sum is A
test,"=cWY^0{-oYQ,]-Si|{l",Check sum is T
test,#~zpw@_(c)VTgkiW=TK'T9O{b<@;m;4zgsU$MkgzM]C3KKp,Check sum is L
test,"	)zdH
f",Check sum is (
test,""" -5I
nPiPy$){Bk?c*}xH9jBc7_t~>o$=JW",Check sum is D
test,xi'5}awI[74#xuX-OXG6?PH:G,Check sum is R
test,2uXaH8,Check sum is @
test,"$_"" hhETe0n~6/5{8ra/e%Wp5IoI Qz\4q#&W8h<",Check sum is M
test,;(vfG^&pf>]L|B21!-Qg&%tow_(aAX_CiK][2(LaZ14mP,Check sum is E
test,:Bw+,Check sum is >
test,"pQ	'((0fQq]bK_Rx)""$[S""S[^d}4OPeA9vG",Check sum is G
test,5@$3*]?M9Y9Iwi(@M,Check sum is (
test," ^=AxhD,
*sl,3i~9m%wJA >vBv=L*8",Check sum is I
test,1_/sR/ygdyaT5qml49!v'+,Check sum is Z
test,KCNfR;{m@1y9 ,Check sum is Z
test,"<w@A9o()pu)X:Z6(_-mZy:O=S #@SXu*^M&'I-""5Vz4CoN<?Z=",Check sum is 2
test,e=*W!}a<EX	N1h)(Fw~ f}`m9w# +.ES*F33dTWSc,Check sum is &
test,QA\o;8,Check sum is 0
test,"t}8kI%k97'kx)w3UO>qO;,JrD3SytRiN>D9~WU`9zI3",Check sum is S
test,"(4Prl+ZqZ}LqJ,/8+?ou*4oaDdu",Check sum is *
test,CDFp,Check sum is ]
test,Va@_5LzVoSO+{7~Y<]/[X+%eQ)|18fkOR}pX2`,Check sum is $
test,"<pA HILA}sv?]+PT5S6@5kv8PPa[O""",Check sum is 5
test,VF;rqHG2Xv,Check sum is )
test,"?k b}s@'T*dh7g7f&,s1iMQj",Check sum is O
test,"<F#jQ""""8",Check sum is <
test,aANaS37$FZA _5(?gO[,Check sum is _
test,f+(*Q]e.T12RzX!UT9AER06VwxzlMe,Check sum is =
test,"lBw=4	Vwvg8nK[l&QAo""k/t*|Q-8u6p~YO]FXAp",Check sum is A
test,"L+9m
)KzqS	EGdL,NLW]mR?ZQIkmP }M",Check sum is <
test,"O>}_Dg}_C0w<?tFHm1UXU	.QIAys,RmJGDBS",Check sum is *
test,"9sY^zVXAV+y,$tV^t7W}r@B!;,&)~mf4fB/qK_15O{yDir@>",Check sum is %
test,"Yk,[8~d1%D>pIZ|YfnA
AL	?XN&dAL	6NI,X`7HfB[J!h",Check sum is E
test,"I'(pVnd>o,
|1a($Z",Check sum is '
test,L|H-V%%_@f,Check sum is B
test,Gg~,Check sum is L
test,"u{9om$Yc36$T<Eqyv>
{*gh_<k.4!,S0DoJtof:^i.dQk&_UZb",Check sum is &
test,"*=*}+Tu=dT:q#,`iaU#t""o0rCo(-E/Uj+$OM5{z]sYKx.?",Check sum is B
test,"/}>l*@,IoZv]7C/D0E<:',y3F;J#a|:.lS)xgLeH `8M",Check sum is @
test,pOkW~s~194QQ	w|fGVLbqqcqLQjO]gXghnxj3IT1=,Check sum is B
test,"{	&c-Z>O-I&u,oj1_A8",Check sum is  
test, Z|ayq%9YA2 xi*1~3J,"Check sum is """
test,":c!tG,QNJpy:-}j@^)BA,[F(IuGLvGp3G%c=L5f^b-3_T$\",Check sum is [
test,.a[^K\GXiz2y,Check sum is <
test,cS#W:)U'J	Ly!yxG&<MBeW<YT o.w5z9,Check sum is R
test,"Onr6D\c&p~5Yrs]dBX,zZ*WL*!E,N-t68|",Check sum is L
test,Lv\',Check sum is %
test,cnq^p0?sza`>V{1 8bDaV<{=-;Jbr$do~C^DZ#,Check sum is S
test,"L1*75m9
/EM3YM+7",Check sum is _
test,S0X7tiM`y|]s*X,Check sum is C
test,;(Z&Ge&kxat[TK2Nm#WuxF@*1X&2D%IZ<dz4	/,Check sum is >
test,9r0&{4ZG@'CL4MaX~e>s/*z&Xh=gbf4evl{	P[*Zb>MW[,Check sum is '
test,"<mK(P	_j)bm=g7;O|qZXfLu_]tzR
U.wz",Check sum is ;
test,jANp<M{&A4r~i4g+\f?0BfFD$d`sOLDX*Uy]ua`Q4qHQ,Check sum is V
test,Xe-^xn}Es\&Mu0DcAFBlt*`54=:^8Q9Vm6;]i8%INh',Check sum is N
test,Ae;da+Jl$u(w,Check sum is _
test,65>,Check sum is I
test,"cg&\,@^%pvEv 8s,L",Check sum is ?
test,"xm+$uA6ied\3g'-'
#yWJ7;1<4By""D0Cw",Check sum is H
test,2R5!Mb TpmK&V Z)YqWGTa~kX%[*o?NVv~o	Lwo,Check sum is \
test,3oi#(T/UKV'Qg/1?,Check sum is -
test,0!F8~d1+ytNk86%8`E,Check sum is C
test,",&&a*9XF[Q4^vW39eO(#jp\APOcR_/TsNi",Check sum is G
test,"!q!fubqN^T,++O]MyC,]&^m/)k-0{T%.",Check sum is 4
test,"VqUC
MHX; uq>R%,49h<	T	",Check sum is O
test,SR/,Check sum is 4
test,"z?8ubcCEn:Vfy[N[}xVq1s!0e)\4}7_rL8tO66-ClKZ,",Check sum is (
test,"'JCG:iOudD8Nwgsxu-QuIwhKC$,Uu%4O-",Check sum is F
test,"DtFgr
y^;k {-e*8w5lW9#1|hdFmi",Check sum is -
test,"A8I_m)1LM/r6E
@@)S#",Check sum is &
test,0y'x^6tR<~lB-\UoAf,Check sum is ^
test,"""w4VSm:",Check sum is =
test,M-|S!Occ-_D:p/,Check sum is H
test,F#6N,Check sum is M
test,"x|h4Q?
)+RndlT8
V.",Check sum is H
test,"Yuw)U>e[60-p=@-;3""1coYiHK4e}VHv,tlPA%","Check sum is """
test,"dwX**EI?,V<v1[Oo'O",Check sum is (
test,"8^l_5C?9
Vn,?\Od
b:jUl06oX4e5O"">@FnUN+k%|",Check sum is B
test,5	zC	;&:2vKvK];MPeJq7\@@i2./,Check sum is S
test,B^4Tgt0%.l*/f'lpC]~Y*BXwF,Check sum is L
test,<tX@i$wL~I?NbO(}	',Check sum is R
test,!c0F,Check sum is Z
test,a)/|jF5,Check sum is :
test,"/-|41tt1AE||T&OGlL2w_})Ma=z>QY	!5vT|44>A~qP\""D ",Check sum is $
test,wh,Check sum is ?
test,YlSS3i>}nD+fC]%v$Uh0|,Check sum is -
test,G5)C@L<  +_>A+ga{/yC'\oM0A%ZW}	x! Ve9cS=,Check sum is ^
test,"cM'rnomQ.,
XG0/?#2x\F9_SMLH=n&*;@90={t,0d'#",Check sum is 5
test,``ZI00=,Check sum is  
test,"6eiqx'_as)y,%<XKDAV]G:,eeV$<G>uoo\~YqZ 9BHJN3*",Check sum is L
test,4ta&8k{Y.xhQ:[{y0,Check sum is ^
test,"Flya4Nk1,u[GY<RLg]Nl!BDCjda57lSY}o8BC$",Check sum is (
test,aVL~;?kbR[Dzd7^l0y9fftToQ{%fFe,Check sum is _
test,iI\+|R+Exwf;W9jBd&_[GR#+,Check sum is N
test,"&0^	|6&`aP~%;dM
XPOf{\jz203o",Check sum is ;
test,q~~);+G[zCr=9F+b9d]3WQhapLB],Check sum is /
test,"[UxUzg0GOip/:^%s!gA	}@h-|!@.""!2$AyL<f3l3'z",Check sum is _
test,TsB:2	,Check sum is ^
test,"T87
%M@<^4(QEr6Afu[?r7P",Check sum is B
test,"Kk
)T@$j,*2sUZU(ESQ`0*tQAi2wEY(yg",Check sum is 3
test,<!%_DG1h!MKtQ!;TtL4%q,Check sum is ]
test,{8	nB^w[yE},Check sum is 7
test,"VFhO>C<A.W,7MY|Nk!7J2	|WVE[eE
g)Q!ZL@",Check sum is 6
test,82fOKQ|ZosBzFi M%RAjw>bsi,Check sum is @
test,<6=WclTlQ@jCS>eO\C\^Zmd,Check sum is <
test,"Jh;;`Aha!L#gP2sF,NVFD6g)+2!pQRirVBv",Check sum is >
test,og55<s5f(#cp%I2u[2)Ricco\{0Oo=57T&HhlC<.GS,Check sum is N
test,@5?9s&2Ir?j,Check sum is <
test,"r[7G53)cd,!(mm-",Check sum is ?
test,"u 7e~@:g|Q{boA""ClSqfc>iR*S$H29?B
0fJ
]Wz2N""kBep*Hl",Check sum is Z
test,"mY`Fm!kZ+a0d	4}#G ZNF<^YRaTX
+U[vb?fW#}J(U<",Check sum is _
test,5Y+@a`\`|'!z,Check sum is T
test,GA$CmP,Check sum is L
test,9)2&>q]-Jx(l{<NbgZ'7;/&+4;hV$X[c%I/AR}f-,Check sum is Q
test,"""`X^\z;pFl*~Dz$U_AK'.\MkU}Pm.!J9W=O2r=M9A",Check sum is *
test,"2xQb4,Q4<\'}SbE[s#lUwW.Z](}g>^UP!XM<",Check sum is L
test,"f.bMY;2|&mKUS(d<|c:tNOsTAC-0w{u^*#5{Y`fzttq,9-ns","Check sum is ,"
test,vU=r~adzUk(?!sd,Check sum is 6
test,"Bzpkx'V?,-KKcuYf(qon.*m}A/-q",Check sum is 7
test,",!$hga;8P }564BO!1{[Gy!k>@mI#:}	(M-gYO5",Check sum is B
test,")*h&R, p3pIRUc,uxw^Rx3-&u",Check sum is 8
test,4{@H_=19q&Z=nDh)u/}0R4KRI:0pvJBB h|[,Check sum is H
test,"(g>,G4x)-4n*b !""Y",Check sum is L
test,"n,abT+~Uf7D!\E*65ps)ZwP-'l",Check sum is 4
test,"GH2E_A=**Mc*}&7GKk=)PJG|V?>d53x[/,",Check sum is X
test,"P[cIG/,W2*x#gU!f78kXV?UgOc6vb7Oh\BKdC/U2\XR",Check sum is '
test,;fcu;#a'=-m+@-x![`~oTPv,Check sum is I
test,"Y+	p@@qL*$./.RlE$!$
jp3sA	Y",Check sum is L
test,GbPVaUShNj,Check sum is X
test,"[GmCQ/OLUrB#PXHafOz~lK1hIuWWb""Kf|IMAz5t[l",Check sum is %
test,+F@~Hqd|-)n\vOVj1LxJ|~#<D)ws,Check sum is <
test,m`^SLpCdeo!!6wy@?mo,Check sum is X
test,"}n	`1Rv<xMH	-hhiqL2~,""2p/T1}^Lv(Mj5>m""n	I/C",Check sum is &
test,"9D_YZH3}[_.""H.@AX^",Check sum is ^
test,E	9*S}>kHyR@U-a&#i69IT,Check sum is >
test,",U*iyXdi""856~.pDPJC0A3Ew`ONO~%F",Check sum is )
test,"
LtAne;cxiq]+M<=x`}5TS>Xx{",Check sum is 6
test,"	MKvUsmMJ7g+Ca?*#X^XDw,E,7;7K7Na m0G$.M4s$~8||",Check sum is X
test,}W,Check sum is 4
test,EZWjP2X7CNM,Check sum is /
test,":`(lP)Gya
I`qE	fs#))dh_jsBuxe3",Check sum is 7
test,O\i\%n`Mm=PxFae&)PQ7\?w^t*t9|,"Check sum is ,"
test,jnA#k-UHDk:b@ZLqrh6	:jK=Z:G:)NH[v:s%}x_MixF,Check sum is 7
test,"'CYcka\BT+ldTg"".i}uRNrT1(s*>w
ct*d3g+Vz
rsra@/9",Check sum is $
test,"F3RFsK1d>8G
t4~CN?vyFk$HHRuulE_t",Check sum is U
test,?973TD9g-(~n,Check sum is ;
test,Pf2>H,Check sum is N
test,"Nl,]q""N?/ Utx(7*<\bj@Kv;di=QSXRRz@z",Check sum is Z
test,FIhPeP!K_Wb,Check sum is  
test,"a(u3%$hMJ?U|,01P]{E%&;95|>uI'|Au\Avy+X4",Check sum is +
test,"-Q)8`ta9+A""w	^v?K841	f*~;~L<V~TaZB^?M> pP?/t}HspD5",Check sum is >
test,"[L|rY7ls1""W4M,eT< 'ep /1F{u;	9Ch(&?y-8)	2jAxE^6",Check sum is 5
test,"2Na,VWJ4T$BOZq $?>4U!",Check sum is W
test,CD/o2p5-_u?x'[Kh.Ag0A~m_NXP*7yN,Check sum is 8
test,kq+Q`bXaNxyNqiD&Qk~icqc]oz+tl7- z_qCNd,Check sum is 2
test,"5[UiY4YY
g96No^c^)]^n*>6@b	Bh=@zs\9TQa%o",Check sum is G
test,i)vvJX+6V1zX{Ow$Qg]=Jv 6dF=oxA2)GI~/uKyusorp*'Qsd,Check sum is Y
test,",UrCVH i""*nBOG*RZN]Emg9<rKCS>n""Y>U6#!5qXk9Sh",Check sum is B
test,"bD.h~<^7""S7sp'~T{",Check sum is .
test,S0:vi,Check sum is <
test,QD?@6riUXlF5U&<f0>POXyiKpGT4^%n{;pj:ts}M{t%b4,Check sum is ]
test,HS*z=&Z_9PQLVYMIx3~,Check sum is O
test,"$Jd4HIA'q``nnb
UlI3hZ2Z&8i1hNe[$ZzV?3JnY\zS{oIs",Check sum is 1
test,+ 6>As;wy'P3]p6cmU1eoi]^{5?,Check sum is (
test,5A{#K`.g,Check sum is 4
test,	X6,Check sum is 7
test,bl#UoFt!8xnqi~	CS(&\tU__inV,Check sum is #
test,"-""gHgC2Eh4Egzp 	+`5u\U&",Check sum is &
test,"J!r({:|~X5-""x^&I@0d~&M^o@I60E,@ukXpT&1aY9d_tf^~A5",Check sum is \
test,$2gi8/,Check sum is -
test,[3mp[M2Mv ,Check sum is H
test,8[g&,Check sum is @
test,Yd,Check sum is ]
test,D.ce8&CouVaJFC?c^8l1{6Cl?20)#~28a$+:N#z-r	,Check sum is 0
test,}Ka.Yr4{CmxHksGUyc.?|B]=q,Check sum is -
test,Nn 5P1kWn^_tO9.zH*`m[v)%aW#]A\zV0i1 s5F`Yx)McR,Check sum is :
test,"NS0""G`]*y8 lm/SE]`/c>hd),PI*hU?&HAg",Check sum is 5
test,R&Ly,Check sum is ]
test,`AF|u~]7Vk|$X$/]{36pg1-]}7r@j^9)]amnv>c,Check sum is )
test,"F)	AM@?bsA1}P	bL5, :EIqbf""lkSSY)@ek	-i",Check sum is B
test,u@jN&{UrW]A5}JrbX%iEY(;VmQ;F5%lJN03e{'X5@E!&he]ev,Check sum is \
test,Y1=U=u-|_izpLWHgOi3yj=;Ocju?,Check sum is 1
test,+A5nV0	yn;'$%n	b|_U<4c>WK|VyRVFm_f#K\w,Check sum is 8
test,}jYkW(M~ 'U@@R8o +K,Check sum is @
test,"pjF~F}itC0,gp~y''B$",Check sum is ?
test,"Ey~5I6Nz#e
@)I%ULcTAFV,2",Check sum is T
test,"\lL7l~Du'FSI_>,u:W jbzFok7Gzu?3Yy'[/",Check sum is N
test,n9qnH'w@KT.F,Check sum is _
test,/7*_(V,Check sum is M
test,"UQ1	.lI}`RIH]p&a\E_WIL_nMG)UI""T*I<1yS	K.Q@[Xb
O4","Check sum is """
test,71I9%$0u,Check sum is 8
test,"D6$6/pdpG(
r(e^
k%GA8t	Gi(xglt`7K/",Check sum is <
test,eCd.9!U5UD/f<7vy0J5V?y(B\Y6CH4 L/wUVTq(b05v(>f)&C~,"Check sum is """
test,N\vt^a7GlY?jA3LFQM:$VWp=c>o_gV=?P,Check sum is 3
test,?6W~23(3GrxDKcs}{u[}&MWhDs-S{ G:+>Dzu>Ja5,Check sum is D
test,hW:/}f5W-=TuS3%nhjH%~:kE/dE|8,Check sum is 6
test,"W>F+97,74<[u%2 ;`	""?aFz	X",Check sum is 7
test,"Y3""H3yJ",Check sum is L
test,"Xb-'BW[m]Lhbq1B_-O'OiyVM={rZQJufzOh8p ""7pj.!St",Check sum is 8
test,"1N*`k5TB/amw.)
PV&{]mBTKd{'q%&}wFsC [eTS 4cAZ",Check sum is 1
test,Dc* <`*>I[Abdq]>pBpJ3:wsM?:7&1k(uC]i*FiNXh,Check sum is [
test,iJ5ltB:Jks6/OmEn9h-i-N4nWB4<,Check sum is =
test,"H=6}nc2.&`.X-Pxe_vM's_:)1/V:~S
.}=q'?1+)S<kL%
`ehn",Check sum is L
test,('RC-oLP[&Z@(0*EPN#3Weq,Check sum is ?
test,mm_%*!Adk&=lN,Check sum is 6
test,?Jq{k]k$JyLNUhQ	{~K8pxl^	Dlm8KdJ5F$l XKz eWb^XGN14,Check sum is [
test,"C({qvU: j2h+""N.V",Check sum is ?
test,5lQ4&sQErfN<S=|*}	DcL86*.Cj A2\{,Check sum is #
test,"$Z62pS,4V;SH",Check sum is U
test,"N OEOr2Z3{p,U:mWYDrIWXS^-w",Check sum is (
test,"2<lB<Qp
-1tz
F=j]^[C/Wn1=\a=:""UdDrO$TS|@JI)zM&N",Check sum is S
test,":eqSX0YSn 
~c#h",Check sum is ;
test,x3v&@_JjKr,Check sum is 7
test,"M,8K?R	%T5h^x}TqF*GTnqxKr{'0PvH2zMaj8;bH-bG`x&k?F",Check sum is H
test,]OR>Nhjhr0${}<f6g 29E~%j,Check sum is >
test,l(21#QMNT K|M(4-D,Check sum is ;
test,A{rC+;E/ T^'\ yJaMU1oTB`-_DBh;)wIAf_fmL9[},Check sum is P
test,"HhGCQ9&rxn0_6m&%g5\ch<0@TKKKgLDPV{
 3
",Check sum is B
test,"d(74yKD""y<>)^_qhrS~t""~$^8}o=P<
[B'StYHOE|e",Check sum is $
test,&J%v`7qGLMR[i}Ma3b`(_tgi	,Check sum is ]
test,"m6T{zcG&Aci'xy
58E);@M4DgbGpT.xy&SZqi
XcXjSt,(Nq",Check sum is '
test,"^rn%[=[R
^XaES]GKx?YX@?@zQn""(xz.Y""M\lP
L5(J6X",Check sum is %
test,"tNPy@=S\lq?_b?S%^kL1W'W34""E;FrH%}6
7C:$}^%p[_",Check sum is 3
test,"vwa[HB,HTF|GBS5	EFGf#n6?S05}#)F7S,",Check sum is 2
test,"oB&_""""1xW>P!9i6QkYe;$db",Check sum is @
test,DAPjI\9{zT]=E$w]JdneXa3:%XRobl3&k rb%,Check sum is -
test,VDSgC~.#:-cwR32B,Check sum is @
test,~$,Check sum is B
test,"Bx,vU~^_dbuP?n",Check sum is D
test,r4laVA/9Rfh1@H exc,Check sum is K
test,2@x GX.aRq;}5q~j}7?vXuBmQ{\,Check sum is .
test,_[y,Check sum is S
test,SzzA}e39lW!=>_O8Ih@_,Check sum is K
test,"[	|I`>oW|Md8Op~D:o^,%e
N/QuI",Check sum is &
test,-F,Check sum is S
test,/dH2,Check sum is -
test,"5xU#' q\,Q	!e\inX!	tYwn+{6yGVz4o@K}4CB&O 6",Check sum is '
test,"""jJ[\T{Rn-2	;T@tZ2l?,W,j2XGx).Hz\^GR","Check sum is ,"
test,"ljJ]}P<1e3&|)jCV]M""Y-|o90g)PS=o7R",Check sum is K
test,"wVC~1f%l/Z;F
O#VmLk%xG",Check sum is :
test,"gw
n	p3\\rN5L`sPjU;XQW&B0nSyb9kUH""[`01c~`([G^y0Hs3",Check sum is +
test,"jpquq?i>sNg""CfW#a-25nLl8uwY",Check sum is <
test,'R{%t%yOM!{ro=Y#h:b,Check sum is !
test,"ZU5Bp_N8
%L>:<C-&m$mT`~k{`a!ce~Y!PMLSb8 Q[~#",Check sum is [
test,.)|29vV|Eq/fn?03'9#n2M;,"Check sum is ,"
test,"=D~Jb'(yIdXL,{>cY51g.s_lBIny\?NE5",Check sum is S
test,OisXy,Check sum is \
test,"?Z=P/3x""a=c-C/l""_LHvUs) seP3o	EIg?pXG/06g{D29VT),",Check sum is %
test,"|gL->8',N5%]/>$Z2{I",Check sum is +
test,"qA; /)}[~p~Z/Mr?){>|Q,",Check sum is +
test,$S oun$%AORy5O,Check sum is 1
test,(c4+,Check sum is J
test,"HLHDIQ#,{9)NPZ6hPAIZM	7ir,{%LE7o9@UP:OokjDD
:`",Check sum is R
test,"bbh_7_wCIZKq$'YwLT(,]niN;N2G;Yy_n",Check sum is G
test,xt1},Check sum is :
test,6)iWv0a7g.cu+Wjn'DEp+#y!|Ap_x<MYm,Check sum is _
test,"cd3`U;4k>{7E	{|;DZazl"")8_l,wj62ZE~",Check sum is ^
test,O?%lJLUr-#-0,Check sum is I
test,"6k}h&/ &5M"" Lc^HIoX!$C""Jt
 |RA<wGDhV",Check sum is G
test,"we;|zL,y$]TnnmY(;bi/s""(	u+g6}+,Y>^$vW`>I%Fg}+[t7	",Check sum is _
test,"3-I+^b,L}rlQ	MA{}3gS'\?x4$!R_1k(d.
Y1"":zzQ -yk^Ny.",Check sum is G
test,"a:?=kMTa""o
/h.\/oH	Rn""Ek(QyIA",Check sum is ]
test,B$u`t;b  L^Kt&.RsD_n[ZA' s;wBO,Check sum is 2
test,"N_-MJa;R\k<Ve""eN1C0'LD8lAU+pOb=X_(",Check sum is O
test,"U![WP5}iM\B*~GSC_H#YaDlLIdAI6N^""+2iijX5)k",Check sum is X
test,_j&RGB=k^klM4!10!\Z9k:,Check sum is ?
test,7NrE,Check sum is \
test,"|f^b!!w25%OZ`}{zj.Cc3(
JTq`#8ta\xx>_V}|~>6A&",Check sum is U
test,gs L?,Check sum is %
test,!'c]9B6mA|&~L,Check sum is 3
test,7d|<AXiqa?3G=yT{kA1{t)CXc]?g.7-<N]](	9hK$GfPO,Check sum is ^
test,"M
)1",Check sum is Q
test,".zb.jrv""~
i/#=l0",Check sum is (
test,"T,_Q%I!6jc","Check sum is """
test,"->j`vS<0(9""wi?z7jsAh]*BY#yf>W/M$ ",Check sum is \
test,20	6R`%)lRtK;e{4>068a2z	zzadf(vB`e3+a,Check sum is B
test,"(
 )y#H~>~VpiG8hQu8_1~nQd3",Check sum is 1
test,"}pS3P,+dk=aaX	%cn\'qill!",Check sum is 5
test,bE_'3IM,Check sum is V
test,"""|2.zpgk?7\S$A<-W66I9 1TEW",Check sum is S
test,Vd|{]tTfow^^}pD5P%/~8OUw.bwg,Check sum is G
test,"N5EsLIGmtW
9Vx@:
]""uC]eJDOQA7o'NO_U.XLk,h",Check sum is [
test,r{hZe:2mS+vu:~)y`$6L*>c7_vo^@i3>4+):bLYes,Check sum is 5
test,>E9o,Check sum is K
test,N]7I'FwCD<hC)15'f+s9R].5,"Check sum is """
test,"*4KO	BH(0tl;@W8T |,P",Check sum is Y
test,pKAEE2$le,Check sum is M
test,T|%+5<K,Check sum is <
test,'d,Check sum is +
test,Hv,Check sum is ^
test,(+4H'@)#:I9```nDjgat6gqc`:B#|F+pl,Check sum is O
test,6dr,"Check sum is ,"
test,}D@vUT=8fn:,Check sum is C
test,"-y1#8(gN^N&W*5c$HB?pM/0~JV;b3xM6rAWm^x@ QOo3rP*Lk,",Check sum is J
test,UuHUIL8U%YP,Check sum is 7
test,"Uy03A=xO5Q
 x%qik[J{+",Check sum is 3
test,"Nn+
 :Y#\JBe~InSd;7i74P/l!4|6_vH",Check sum is 5
test,"
E[Dt$[ypL%TO-Y>}2V0",Check sum is 7
test,"^jl72-V).)EhodV
	w""^Wu-f/xM2U1	QAlUJV7e",Check sum is C
test,8&*S`Ou`;v2,"Check sum is """
test,D[(add2&pEYLb:{ e#E0o.?\R,Check sum is @
test,"mT\KLtg{4FtAR+Vf\bfKnm&efBy(""$m%n?",Check sum is 5
test,~mn 4h?^5M+uvk:Of\[MBe,Check sum is /
test,"A8	sk""Rj",Check sum is ^
test,yyLA,Check sum is _
test,@M\q4px7{>Ie;u`,Check sum is D
test,"(b1U%Xw0-gM3,*	4)?PC(	BFr7!Y; ,SDEJ4d}|.9Rm<\2o/",Check sum is ^
test,"-Un/FL4zf3HQ%Jb	a\ANw>eM@FB'R%d
 >z#S	:RU-|oMga",Check sum is 7
test,"j348FlPc/lQ;dgB-5Ye*2OHvVDD|U/^6O)
)~r'",Check sum is ?
test,"=.Lp$k{<Q4""ijxGJ$4$ri9XNsvnWL(+%BLyT-iAZIYIgO",Check sum is %
test,"
zozu6*kh19Kxb_qw",Check sum is K
test,"T""9v",Check sum is E
test,">*\pZyH>D)4{a[%M""CT*ee\l<=Tp",Check sum is )
test,9&qZef{C&Uj/+k<Q*sl|]&1K,Check sum is N
test,&KBQA<9n3dVbaZPK_Opy!pmcP,Check sum is 5
test,"<P(a'k""^Q<f)m?xZSMdz*OG@*Gar)0%=46?"") UH[M7!B",Check sum is Q
test,/vlZ^P=ZUr{=@B,Check sum is Q
test,kwMh(\'=M?E*L,Check sum is &
test,"b*
4.i7MQNf~_wYMn,
}8NJI=_'G&",Check sum is .
test,"wsG==^}44Q3Mp""U_|2]x,>q@8,.OnXiDD1lw6!~U;-^",Check sum is _
test,PAVxwP`d5fetEBCAH6:S!B=V}3	~k,"Check sum is ,"
test,zHe1XzQYQb^&,Check sum is +
test,G#@i&6`=*~7*mk4T}4?,Check sum is E
test,A~Kd0('g-Z\j;RD[3Nlf~vF=b,Check sum is Y
test,;`9T5Kcy}/(!KCN6Lu S,Check sum is _
test,_oqpL@]j:}rde>)zB@{?>,Check sum is /
test,J|3/i9,Check sum is *
test,o0(7O%'3CY\!Uq'SnI H7Q,"Check sum is ,"
test,23n;C@xdu4G%>0Y Q1]*\ -,Check sum is ;
test,"""T{feK_{_",Check sum is  
test,S6oCTc)#~fnd|'mIXeda8T,Check sum is ;
test,wM&vDT>I3$oz_|X(m	+G9xbe5_R~;kajC[5r_,Check sum is S
test,g<%7IU7~[2fGi>sB8iow.,Check sum is =
test,"2_n&JY6?8(7725-\o;Fp}SYsIO<\Mmuhn,_P",Check sum is '
test,J5!Jag^ZI'Bo.#D+Zn#l~Zfb49PdHT,Check sum is _
test,P>i~,Check sum is U
test,5{ntGNA}3	[~6DsIZ!r9O*fw!(=6c=9<)P`	!,Check sum is  
test,"MjN:9fPE$-$';&b	iajE-	-&>c
{oxj&pX6eo+{SnUY.",Check sum is /
test,bq4-hp7Q9 *,Check sum is 7
test,"?(x/Y\vhab}{UgA
,@lM` eu",Check sum is B
test,"F?}G%gI0xk_]*""3cpER",Check sum is 6
test,EW},Check sum is 9
test,"/_)i,+qoMN9EK0TL""dH bEMr=W(2AC4",Check sum is %
test,^}`jZ2'+VED^q1(?R~rp$&N	oz3,Check sum is X
test,7mHoqiSmz>	ZJ0$IT'\JwCh|&,Check sum is <
test,56&:G#df!~k.32Ze,Check sum is ;
test,"D:mEfrlk}1eUAxN*,",Check sum is D
test,(3Slq,Check sum is +
test,Z[\Wcx%Z)(qIwhl@vK:tV0R@sF~bs?k>q:^L,Check sum is H
test,wW{R38]w)Ro6%9^WwNq3N,Check sum is $
test,"l.3dsg,p?vv<5v'q""}/jCKup40:gVp",Check sum is '
test,73R<d{[/uR`7Dy7midg,Check sum is 4
test,"#H.QW3k%u47VcsC5}.mYlTcbX&
;l",Check sum is M
test,!	r!i.nNWvvo%ia281`,Check sum is L
test,hb5~r,Check sum is O
test,"um#OY+4S cW=A]1^"").)2sqr-DwzT@4vFsS7Zj?pnl:]d\",Check sum is 4
test,"/0GTCoz+O{vD@,t	K	_P4ka,CtM\	CO]0WvT{@=c}<Z""'NR {6",Check sum is ^
test,@Iz31W8V=c#4PTssT49,Check sum is .
test,8-AF,Check sum is L
test,TkqPx,Check sum is X
test,Q\xlN6;p[KTWtf+c%85_f3	:EAt4bd_@9s=L'9?hv,Check sum is +
test,LK^sNx4(,Check sum is *
test,f7u]e]~-	EYw@f#GVV[HXQ>5`\l92~r/?@mY(_YWp;dXvQp,Check sum is !
test,"KKU	l5m4^NLQ#!S5?W%[BUWdzCB<kOaS_~P
df{$R+}nEfWK",Check sum is Q
test,",%<L uGuzFU9pQ4|d2o|Kne/eZWuHJEyZ",Check sum is L
test,"zorb}/Y
Xqm>a3>ZfAi_~q_9;",Check sum is =
test,*),Check sum is 3
test,"m\k,pM^1]0+$7O[sFi+?Kmrq|mHE5rC`&""-",Check sum is %
test,C/F/rAJ=	i{@DW`Dw.bY2a9F7ARxwCW%YF]k,Check sum is >
test,Pyg@oDf/q V!*;i4,"Check sum is """
test,~uM	2_!%O/,Check sum is >
test,"plo,zGPes;2J?MZJ-Dg?/PU,_I.\Q:.KKs)Ggcm",Check sum is Y
test,i^ed$QbD>#Mv{4IKQk};tTlzA]'v5>jY2rgK+vT'nmp<Mv),Check sum is *
test,ROG|)x%=;d,Check sum is &
test,"vk:4CO`,<q0.9-&Wu9pE:i'3MC.0P:ElvUPOi-jhA2mQ|",Check sum is C
test,"[o	K&QC'A\H""ew]4#G7z^%^cu<G",Check sum is *
test,"$	nSLcWoM}PI,s@{3-[>(7R4Fsw5o(",Check sum is Z
test,"Eb!$x|-=U%Td%kr
p0?BlmL<^~GQUfB%K",Check sum is K
test,mO,Check sum is \
test,)A~R^&>{e]	rvB}m+TV%S&hm@~{Zl;E+'jd^luY!Q:MkY,Check sum is 2
test,11CO,Check sum is T
test,vuAZtas~o=N	DLg]OwU>N+YE	q9i4-\,Check sum is L
test,"""1_n}oGj;Wu<A2)_0G5YHs%d>]Z3-qC+S)Q+x",Check sum is H
test,"00S[
l:
2l]+""e\m4G(;'%	I&]""C-%nZhMA)u7E){{SXP28S",Check sum is C
test,a%mpT}hw}%CR=)^jV#n(zI1#1 ]LPJ&9&t<,Check sum is G
test,B_0E.JbV'F$1]X)7 s@SE[erHNi3%eRg{,Check sum is J
test,}T/7SckSIzJ/_I	,Check sum is 8
test,A	!e1[ZM+%}*RO,Check sum is ;
test,"}p-:GMsq?YZaTp2a""S,0yt""3",Check sum is )
test,"`KX|0#n1J&5\d;G""DmE{y}v%y",Check sum is U
test,eVjf%J)g+qN?$fHc?}Vg,Check sum is A
test,"(6nBff 	nT""q^u_&={\\DIWcqH#`'`/vvk!",Check sum is 1
test,"nj_/TaM.!6uLyJt""2 [b!5S_`lE",Check sum is O
test,6:|L!W)LshQcT$)#!/i7lWAeV[MZA(?eK?&yh,Check sum is '
test,"{IM!2n3'#Wixc[oC}Du""=$hn=",Check sum is #
test,DqLn<0e>^{IO=PbFeY>L@,Check sum is L
test,EH38,Check sum is X
test,c}X	aB9,Check sum is =
test,"?mbd]P)B`mLE#~Y&Y:;R`Wt]s=m O0x-l,uC{qX?#K
r>}",Check sum is )
test,h7:&{0Ge*) yG,Check sum is )
test,"R-ey5WX{Wr;A%8i{Z@G .T%0?:,JZH`BPol9N^:6E}U	@N#",Check sum is >
test,v_9PcO[a?,Check sum is +
test,"PETIx%G\G;$(!9ppqcF+|>; ; JF,'r}h54h<BJ
z'|",Check sum is I
test,"d>5y'PlD98ZoP^<;O_kfWl2o, vyk_QnDhMlDUD2-8<:=""b",Check sum is -
test,<@q1,Check sum is >
test,Q5\-.,Check sum is ]
test,",iERQmuCya0""%Yfh""E&.:#/%(L5`	EBCX36YO(h^Zd@",Check sum is W
test,"OsO:;+vC08_f	m71Z4a!u{gV\w:}H:o
D#|""fqzF
2+0M4h&tP",Check sum is ]
test,lWY;SatziQBsC?GnZA]^>,Check sum is S
test,"z!vXskvu:AFGm.P:""p#
~s} ,3,98}g<",Check sum is (
test,"$O:
@v%35sIT",Check sum is *
test,"
|f7
[dt4uU[A];D,","Check sum is """
test,+po,Check sum is *
test,"k9E""rB*gPM%HZZ6`:/00Ezl%p]0JX8",Check sum is 4
test,"Rz@R5{;*c{E17iBQWDy_QT#`V>$	/M""O<Ur"".Fo",Check sum is +
test,{SN,Check sum is <
test,"O0hO,g;/`s3*NP<!?b6$LIp0{%:?A<(+!L|",Check sum is @
test,$OO#,Check sum is E
test,".,3gD4`goq?IXc.b@u0P>x1Mo02;
_;~'U",Check sum is Y
test,G4]j\DsIy<s_m-W	yO@%6=x~'	8cJgge.IZ]Rt},Check sum is N
test,"(!,4P_#\w[72C\ ,LAA3xo+i!HRk`VD\V""#$t",Check sum is H
test,"#)}h0#|~PGM[2)T8:k""#435+",Check sum is 5
test,G#LC$.S	O3H]n]B4%H+hYc!SRh1+!U,Check sum is +
test,"D[C_q/Rn[QO
1=9Wv_Zx-",Check sum is X
test,"JY42 |K14z(AJ,A$,x KDon",Check sum is #
test,q2aYn4wc!^`T$x$,"Check sum is ,"
test,"LTgF#B.+uOwqHoY^NZl'(h$%[b[{E#
$",Check sum is B
test,"0((2*+Fy1_STPApV48#nRrg*7|~B3vW}aylX:<t{tEo]9a""-,",Check sum is S
test,"1Uo`A8m_:u50#7Q[,;r{[ZiX}[viteIj*@mAgfj",Check sum is 0
test,"-r,tMD:8Z).SmK.&iSIn:7*c",Check sum is #
test,!Gv)6~g_`i5M{Hh:eoJf%%9/u'8o!1K}=dVzZO5,Check sum is 3
test,)-x\M%tOwMfn61b~hnRJss^I,Check sum is ]
test,"3vAW? vdKdZ|VBfr|\4N&h}
[h#Fu5?",Check sum is S
test,J``L0E|ohO,Check sum is M
test,m+H,Check sum is @
test,"gh{H.[8;uDXF}+""a\*9DbnP",Check sum is S
test,k^}A]>bYF<%r%De`Q@>8JN1/}>?EGX!tk,Check sum is !
test,%K`RsTx#EdK Fc,Check sum is !
test,"3""
QK`X1f:L]VE}4*A!c[#'",Check sum is -
test,"M	V9&zM[{sA,Nt,SN]5_mSn",Check sum is V
test,yYY1@Z '2[*:|u{#ky-5}*4(-?k?u,Check sum is 1
test,%T	wG@KW3#cAcS	[\|MVw]`dyr2K$V9vtbQ~.=^	,Check sum is 1
test,"iGyGNRP0ILEl9-o""P",Check sum is =
test,"sc`Ds.WI
YI=",Check sum is D
test,"'51Xrj,",Check sum is M
test,p`PW\!}c,Check sum is 4
test,_IM	cK9-4];g$0ckOilo(#,Check sum is %
test,KliABP*'VGfrj2,Check sum is 5
test,83c)><EBqW_S)*,Check sum is %
test,",:C}{e?c#i7L8yR3~?pX%GL@95[""I]d$u\Py!9PB",Check sum is )
test,"0>%,_	[~~7>3-a_Bnz_Hd8`;3rc_^66J/nH!QW60ynkT(d",Check sum is <
test,}cFf_aun;^RzHS)-96,Check sum is T
test,CjTMAMAHoA$EU	,Check sum is <
test,"SO%_|%Q
B&1LA>&QA9.Q%V{1jc",Check sum is J
test,/3/w[~OQP+]$$3MBo,Check sum is 2
test,<J2.W[s!b (E R/dmRed`,Check sum is (
test,O@+z1vo!Q+	Ko[p!i\,Check sum is ;
test,"""@L>G9*>@a{mUiD6)A\g,9k{sx	(	7p)U2\A	07{",Check sum is 1
test,"uT~E(V12~HYg(-A9TG""6@L2gp5\7&HWr",Check sum is )
test,"<} C~)4_Z_W
qX1j#TD.@h~@P/",Check sum is B
test,ydC}f%K*.9lbYeLuOd:E8k,Check sum is F
test,"BwfA\B(Cx`k':L`v	-8gKR/
*f:r01^(l`AcsLz/gR%<]]",Check sum is I
test, A6tv['IX'*a4Yj%lq*J>8F* b,Check sum is K
test,".+e^M\JB;a]w
dH$6[Xon_GFMLI5g",Check sum is +
test,ejJFd	h-,Check sum is A
test,"X,",Check sum is $
test,. x2	i\]dG.-_wnkQ\iwI/`ZW,Check sum is N
test,"gkXGymq$s6*0bL,)nQ8ZzU%R""q^Gky@`64vWx&.zU-",Check sum is $
test,"3YIz,oLyS.F	ZSlc>y=-t.e",Check sum is C
test,$p5hGIJL]9>>0D)#oFJg\68Z,Check sum is S
test,*xLcAmcEt`$.!1,Check sum is ?
test,%M= qqFW~9,Check sum is %
test,"AgkEpNUU?3$ !@uET|]Naiogg!{G`zA\,f(d-1=c""w~",Check sum is @
test,R96,Check sum is !
test,"0gU~
xWzT.X'?/:3eZ31F`nZ{@#At45Uz>ruz",Check sum is 4
test,"1N	_u&
i`>1"" $bJvb%5n!Si""*b|<
Pm",Check sum is  
test,"!Me!

0hm@yK#",Check sum is T
test,6T|#Yaw]M{u,Check sum is T
test,"I	E+a""avNHF 2\x",Check sum is >
test,#K%a7n	5Uq`UD@zs(jIP0M%-{&4,Check sum is 2
test,'P7?cV|$#>&8,Check sum is %
test,"lX<	O@],6|(!g[E]O/Xn2zL3\yZRGnzrpr6.L-F",Check sum is 6
test,"Y{XYagcf*b)gA{?""uGyS1]h3$O.&	A	d1='\6",Check sum is E
test,"P
""[C",Check sum is :
test,z4}_mnv;>a5?R,Check sum is [
test,#7QR_]%I}[UJLk8,Check sum is -
test,"_o<9=38'| i~}{G%I[fkXN|!eHJ""0<p<Mz$(k,%]-*J\Uh",Check sum is (
test,",>w8h?-e*w",Check sum is S
test,"/7jG33{%}|#fMk{99Dpk>ToLk3%'?u
RM4",Check sum is K
test,"L,",Check sum is X
test,#?y gA;iIzjB}(&'$b><$LDf,"Check sum is """
test,^ge\mR/f#%j+w7`-8'FT0k1]<D6h>E0{LT#c -^,Check sum is Q
test,=5c;>2_UuL(7P$M,Check sum is 5
test,OI/{x]tlce,Check sum is _
test,Nk0%J2q~#w{cED:|l*6fP9bM]P/~G,Check sum is [
test,!RN`B8iC@(e,Check sum is 4
test,"`Z	(rCH1Xs'b|c""7Sye4>+^RJ
alv}KD[7qP<",Check sum is 5
test,+%@P*82M;XV?>0==/6d,Check sum is :
test,m!Oq|F-).HB=Ym?n34I)($Py0-{P@W,Check sum is [
test,<y\\d_3<9*5pL_RsBsI|i,Check sum is Z
test,3x`?TFQ1FpK#!}U[A@Px)h#j_(]2`Kn[:| Z|2d/Yx,Check sum is +
test,"0KDJTEck>2#.
Dab%x.""<M#>|D`i#j_D",Check sum is 2
test,"[Kb|)ShAh
X^h>FvI7gMp53\0.0i^=cT04!$(DO5jS/",Check sum is I
test,"7+ +f tb!br.h!!wuYd	_9F
K<GPU]?r|zqhIM 0",Check sum is F
test,"SMU`*g
?8E{eFfG	SU~AVI
\6fn^t%pi!^DWK7rrl1tNE",Check sum is R
test,"N41_M%4|_ko+{4S&.Fu45kUcT)""N%6Q6`^WsR\	tH}PC0",Check sum is _
test,";m<\=wU""/;MXAi5J""m>+IBvfg.8/9B]KD5",Check sum is :
test,1dDsBm:p D<,Check sum is %
test,u9bv$]1l;VL*wI|>9,Check sum is >
test,"gtdklQ{),c|[CLg?%t4ZfX<D8qyR(m>h",Check sum is Z
test,"[eL8\M""^z&ZRb+xifc)b_<&Smxw]G@,;!WDW9zLVNa	",Check sum is 6
test,)[w+go$eM!X<p\1KYX%W- w2,Check sum is R
test,O`kkx6NG*n!t}o,Check sum is A
test,pudP'ZO!0K7Q?jp&	?2?,Check sum is %
test,r9wPT7!%4M%4ho[;5hZD'{BZ9%M6Q<N,Check sum is _
test,"7*bQEg!?@UA2qXr`;h,,kIr~p.bO#**H2eN$)S,9;c5F",Check sum is S
test,?!m>Kc-r(A_<I}nbEL(o2D#.,Check sum is A
test,"=;.Z&<qb,cAUKqy+!pl 	+-Qm-SqpYjimEWdUugxV{",Check sum is J
test,>o3O,Check sum is O
test,"~69
F;^}0f3QL|dDPy7[Vk",Check sum is Y
test,",\r,jRF3Tc|n8$KkV%(&)*\NY",Check sum is M
test,OQZR@0]jOB&b[;mzx*k^b57/[I]ijKF^ wIGHAeHO[._fQ,Check sum is /
test,k\,Check sum is '
test,z6FaT|!P91Aqdjbv ,Check sum is Z
test,"SU9p/55\T@K))<T~ 6BRoe&UUVD:&=|j:)4~P?,r",Check sum is R
test,"_]#syQ%HjA.n""7dx:$sNdH1W'%$3D<V^`#o#4W""fk>BaT
0r
",Check sum is M
test,"OyD""
L!{:Q!<V",Check sum is >
test,>')4jT4?&:6bH$V.2oln|3#yCN,Check sum is R
test,"mt3Ar;VR'~-K""cAMR	wSIq>_y89Ar3c""YVvq*t7eO}LE",Check sum is 8
test,"Quy,<",Check sum is G
test,"5gv,!l3D<sgX*]LPC",Check sum is 6
test,"?hl]FX(==8n*k/ii%Jjjs7""yq=iu;\sF,wg:8(gtWvGia*ra",Check sum is J
test,XR @PM5XWW!d-}:Lt,Check sum is +
test,"m2jdz&gZ!	
hl,N3E}hw,qz-<X,H",Check sum is P
test,"P_*	=_xD28+~N+""h\Zf
l,+2wDP""I|>Y`` ;@",Check sum is /
test,Uwdi*G+lDqB9%2(RmCoz_p4sBw=+O%`!;T6%QMit,Check sum is L
test,^yBE*Co1bJ2Z$*1o`#toinm9yzM^FIef\	IY1,Check sum is D
test,X;@)R:35*I6(JR,Check sum is =
test,"|}	R-`Qnv4PQVJjib,aT",Check sum is A
test,"5,5,X'Go",Check sum is W
test,"Tb 
V[-
ht}Wg5rP7YV_YG\=",Check sum is 4
test,3z:p#kZ2UJjDt*,Check sum is <
test,"RH-h!_
m5{K +p=A! )6Tt8JzI",Check sum is '
test,KMCK`U+,Check sum is &
test,"	@;?F""?hEn?b2S!y}z)'0gk#6+",Check sum is 2
test,bz]&1+?ewD'd.-j,Check sum is J
test,"HA*w&J+1{0%&r_{t3HzCZk+r,w",Check sum is I
test,uGXc_pB?4X-mU^@^3.Q#v\;8+}V.s7#qq@\kv[Q,Check sum is <
test,#\',Check sum is F
test,E!2')ur1Xxm7J\`,Check sum is Z
test,"o6'gxP?:3u,3",Check sum is [
test,-y'GEZ\;z/Peo2!5[Nht9zjPFA,Check sum is 8
