set,input1,output1
train,,Check sum is  
train,	,Check sum is )
train,"
",Check sum is *
train,"B
","Check sum is ,"
train,"

",Check sum is 4
train,"

















































",Check sum is T
train,                                                  ,Check sum is  
train,ssssssssssssssssssssssssssssssssssssssssssssssssss,Check sum is V
train,"CD
CD
CD
CD
CD
CD
CD
CD
CD
CD
CD
CD
CD
CD
CD
CD
CD",Check sum is 7
train,"x
y x
y x
y x
y x
y x
y x
y x
y x
y x
y x
y x
y x
",Check sum is &
train," 
 
 
 
 
 
 
 
 
 
 
 
 
 
 
 
 
 
 
 
 
 
 
 
 
",Check sum is :
train, ,Check sum is @
train,!,Check sum is A
train,"""",Check sum is B
train,#,Check sum is C
train,$,Check sum is D
train,%,Check sum is E
train,&,Check sum is F
train,',Check sum is G
train,(,Check sum is H
train,),Check sum is I
train,*,Check sum is J
train,+,Check sum is K
train,",",Check sum is L
train,-,Check sum is M
train,.,Check sum is N
train,/,Check sum is O
train,0,Check sum is P
train,1,Check sum is Q
train,2,Check sum is R
train,3,Check sum is S
train,4,Check sum is T
train,5,Check sum is U
train,6,Check sum is V
train,7,Check sum is W
train,8,Check sum is X
train,9,Check sum is Y
train,:,Check sum is Z
train,;,Check sum is [
train,<,Check sum is \
train,=,Check sum is ]
train,>,Check sum is ^
train,?,Check sum is _
train,@,Check sum is  
train,A,Check sum is !
train,B,"Check sum is """
train,C,Check sum is #
train,D,Check sum is $
train,E,Check sum is %
train,F,Check sum is &
train,G,Check sum is '
train,H,Check sum is (
train,I,Check sum is )
train,J,Check sum is *
train,K,Check sum is +
train,L,"Check sum is ,"
train,M,Check sum is -
train,N,Check sum is .
train,O,Check sum is /
train,P,Check sum is 0
train,Q,Check sum is 1
train,R,Check sum is 2
train,S,Check sum is 3
train,T,Check sum is 4
train,U,Check sum is 5
train,V,Check sum is 6
train,W,Check sum is 7
train,X,Check sum is 8
train,Y,Check sum is 9
train,Z,Check sum is :
train,[,Check sum is ;
train,\,Check sum is <
train,],Check sum is =
train,^,Check sum is >
train,_,Check sum is ?
train,`,Check sum is @
train,a,Check sum is A
train,b,Check sum is B
train,c,Check sum is C
train,d,Check sum is D
train,e,Check sum is E
train,f,Check sum is F
train,g,Check sum is G
train,h,Check sum is H
train,i,Check sum is I
train,j,Check sum is J
train,k,Check sum is K
train,l,Check sum is L
train,m,Check sum is M
train,n,Check sum is N
train,o,Check sum is O
train,p,Check sum is P
train,q,Check sum is Q
train,r,Check sum is R
train,s,Check sum is S
train,t,Check sum is T
train,u,Check sum is U
train,v,Check sum is V
train,w,Check sum is W
train,x,Check sum is X
train,y,Check sum is Y
train,z,Check sum is Z
train,{,Check sum is [
train,|,Check sum is \
train,},Check sum is ]
train,~,Check sum is ^
train,OZ,Check sum is I
train,<X,Check sum is 4
train,s{,Check sum is N
train,eN,Check sum is S
train,@*,Check sum is J
train,}W,Check sum is 4
train,*_,Check sum is )
train,8B,Check sum is Z
train,"4,",Check sum is @
train,^),Check sum is '
train,FV,Check sum is <
train,h=,Check sum is E
train,*O,Check sum is Y
train,xY,Check sum is 1
train,8z,Check sum is R
train,Y!,Check sum is Z
train,Qn,Check sum is _
train,7p,Check sum is G
train,]`,Check sum is ]
train,_Z,Check sum is Y
train,q!,Check sum is 2
train,SC,Check sum is 6
train,",T",Check sum is  
train,J|,Check sum is &
train,k},Check sum is H
train,Z<,Check sum is 6
train,kg,Check sum is 2
train,L ,Check sum is L
train,Nt,"Check sum is """
train,jj,Check sum is 4
train,w	,Check sum is  
train,Ce,Check sum is H
train,2l,Check sum is >
train,&Y,Check sum is _
train,m~,Check sum is K
train,?C,"Check sum is """
train,dv,Check sum is :
train,Wy,Check sum is 0
train,6l,Check sum is B
train,4<,Check sum is P
train,O;,Check sum is *
train,nk,Check sum is 9
train, x,Check sum is 8
train,d-,Check sum is 1
train,9y,Check sum is R
train,lb,Check sum is .
train,pQ,Check sum is !
train, G,Check sum is G
train,2L,Check sum is ^
train,'],Check sum is $
train,A3,Check sum is T
train,6-,Check sum is C
train,%2,Check sum is 7
train,fF,Check sum is L
train,":""",Check sum is <
train,OXS,Check sum is Z
train,SgW,Check sum is 1
train,$DD,Check sum is L
train,\K',Check sum is .
train,AbR,Check sum is U
train,5&.,Check sum is )
train,pJn,Check sum is H
train,6YV,Check sum is E
train,oa.,Check sum is ^
train,{:1,Check sum is F
train,s3j,Check sum is 0
train,-e\,Check sum is N
train,8b;,Check sum is 5
train,sDv,Check sum is M
train,",I#",Check sum is 8
train,",.#",Check sum is ]
train,em),Check sum is [
train,y1T,Check sum is ^
train,Isp,Check sum is L
train,1m9,Check sum is 7
train,G]Z,Check sum is ^
train,ldu,Check sum is %
train,%Le,Check sum is 6
train,qmz,Check sum is 8
train,W/M,Check sum is 3
train,Q0G,Check sum is (
train,YHd,Check sum is %
train,%7],Check sum is Y
train,uYT,Check sum is B
train,w}S,Check sum is '
train,J{B,Check sum is '
train,D$R,Check sum is Z
train,6MD,Check sum is '
train,QzK,Check sum is 6
train,"f9""",Check sum is !
train,$%L,Check sum is 5
train,I5a,Check sum is ?
train,c?[,Check sum is ]
train,XD!,Check sum is ]
train,+>~,Check sum is G
train,k<L,Check sum is S
train,-JZ,Check sum is 1
train,C!Y,Check sum is ]
train,(ca,Check sum is L
train,Z.9,Check sum is !
train,-iT,Check sum is J
train,Js/,Check sum is L
train,eqq,Check sum is '
train,^N7,Check sum is C
train,3$6,Check sum is -
train," 
W8wKi	|MAE*6C]M""{>;KbQ",Check sum is =
train,"(C<IH93/$M\,7_='A9)ufSp!INRb0IC",Check sum is O
train,"8g;WAo < /^{,)}*P",Check sum is Q
train,"(3Js;O_X4)]+-=MYr*6/l&C	I	*'{u""^fsKK?q9m	F]2tCx",Check sum is 2
train,"XFPd	kw^([*4}VkP?(yjSlH,<kw3)ld1HB4X4P.M%F?J",Check sum is +
train,"Y>e,2##5+9oc5y@0*(uA0_}1c",Check sum is 1
train,@u?q~^ 0 K_&,Check sum is !
train,"MIWJ-&2Gh;!CbfCjsgt[(33-""`a6&0T|`]h",Check sum is '
train,"XoV<O7Bl'&srn
<#V
$hFixZb#&Y[XM|W|)_=)ly.o",Check sum is &
train,Lv?E^823vjkL,Check sum is 8
train,)8[y	>7?0VaS~jQrmVqz$|/^@l	E2A9Js5,Check sum is *
train,?6>#gHqx}to.<CEMfGH=&1,Check sum is 6
train,Yhn}dp,Check sum is  
train,}kWd:h6Hr,Check sum is U
train,|vEM8*AhT	h#0+/c(\[GiJh]q8dlOd!l%TsOe[h|G\,Check sum is ]
train,"vKPpzZ)3;i""Z3 Cm9C-EYhX8nz&7]",Check sum is U
train,]xk._Xmd2;QqPliZ0e!vpi`kkiE#2JOX)zWNr&hOTS	1%Vx,Check sum is ^
train,"zzq7ymn2}IinmJS?;Aa)4NtQCQ71szXJ""{NVc(wa)gjP",Check sum is .
train,*\y3$Kg%o6eb}&-q^c<,Check sum is 7
train,"xc5SWwQI1OU,lv6N4@|Cm7[C<-%Bnz&\piu6A:brI-tYRc[;P""",Check sum is T
train,ijH288zV1kW,Check sum is  
train,!}8TR'I?)	}J{=h#NaMI),Check sum is 5
train,":$
m7h=m YODRnSm?HuZM9p:X|:pz[",Check sum is #
train,"qn}PuDEs^B{nkY^t,
4"")Va^ogN,""Fvhd",Check sum is  
train,",m&>",Check sum is ]
train,"Iz)q,Gj!@",Check sum is ;
train,Yt=A'7!>/DG\P!vm2otgXV1,Check sum is -
train,nd<%1U'Z?g$jpg]2<I=d5||jxv0CyC>$y!<>c1wP#dU(,Check sum is #
train,"@
V#{2M/Ica;O9PjMPc53aVd2bMSD(",Check sum is 9
train,/\FxB<6A$)3|Kn5S;kjzb+x-D'l,Check sum is .
train,"7x%,<+9n-JNMj]}N65e~K[nAR1uAaADaK
<B2U}>olow(X""",Check sum is -
train,[V-~,Check sum is <
train,"/-S&9aV7fd_WNA
+& <X",Check sum is :
train,E0:.4r8E_iA,Check sum is )
train,r>V#=McM{N8,Check sum is D
train,@H4Q&VCh@xS,Check sum is _
train,"$]""g)*Kd#EXe=r, !5Tb&RI]!",Check sum is W
train, }Oi&h]0H=[;r #D6Lqw$Ty!u8,Check sum is M
train,6o\2NS5Oi,Check sum is !
train,"?'Kiz 5w7'o>~S+g%qImO,I&'9:p4xc}pPVF<kqM%b",Check sum is B
train,!n#Z62Z@P/[< k'smW!12^gn-0C!;p,Check sum is P
train,"Q5EY+>S}vo$zz.\\(X?ZltP5xmG""8",Check sum is $
train,lNCvj2i`:!,Check sum is S
train,"?t[kqrnBd;)P09K@IX""+'TJ42UxePe[<H4Y{
u""8D)",Check sum is %
train,\Nc-	^*57,Check sum is W
train,mc[f-k(+_;4R##IU-	%@GBzgtvV@0@W:LK}ffebB+{j;%xM,Check sum is D
train,"a4}ab8<<ZTE$0/g,ML:?ir3KLyqu>}1RvIkf]",Check sum is /
train,anP?HU8<f[On[|j1q+1wB$T&#+PW),Check sum is A
train,L?&,Check sum is Q
train,&*\,Check sum is L
train,4X~$cqSj<13Fq1xJNb-h~#6;LA,Check sum is M
train,^'lr&/@jUwN}Dw/Y=z,Check sum is S
train,3O|hP c,Check sum is Y
train,}m%z06A@2:{k+`wt>G2~#,Check sum is 0
train,ra5OSNIMQNd<:Ye?G%~,Check sum is N
train,"^T1z\@zkCD
o%^{?e1L~",Check sum is [
train,"^JC6~S{ZUrMk7|/KXA])#jp<H,7}W24P-5YmG0Z&/",Check sum is .
train,"/]_aWB($EpC:<,|Qe1p Y7t~F3[hzv%+K_=z%\} L0n7",Check sum is <
train,4N5hOb4<o&qnTh#g_a.#,Check sum is +
train,	y86*]lDH	=iy,Check sum is 7
train,"(6NSU/7cPv""",Check sum is %
train,|	4S1fLQ,Check sum is  
train,"P4o""Ro%bG7B=Xz(!op8 ZMy","Check sum is ,"
train,i}RWEt6~Y<{%UpK?Lh)5|zN,Check sum is 6
train,KY33y=_yqhMTo|0dMK$h,Check sum is U
train,",6"" t,""t?yR|A\",Check sum is ]
train,g|S/-CY0oj^<]YC}g2zXM$=.5iKE2mytm{puW{HyEP*%K*[[h',Check sum is &
train,"5NL|2n)[Ln[X31n6""&so1sh&
4bwpo]f",Check sum is Y
train,"Z?y6OA9Ean7$@E9@= f""jSX[P];67$2",Check sum is ^
train,!r?,Check sum is 2
train,"~m	A	Mko&0yXWXD2cazsMU^,7%jB*,Xe?YQ%`SU""IrQ[5M",Check sum is *
train,\$1zY[Kns!V)I0T,Check sum is X
train,$?;8[N*)w3k|p;dlw&<ZV^	_QDP\})6~0LCQiKN	(,Check sum is +
train,123%9gX_7{;aPGhhiz1Ya^>c6HCyR`~X}D	nJ#$e#zKb}&T,Check sum is %
train,"XE04(}[F,09?@y0i",Check sum is M
train,)G'1n;=2/w]C=.|'Cp[IqoUC$DUu>!Ga([Yw/u04M,Check sum is D
train,"G4 @=Z,$\%@e,&hsg""w+6	<![0&],K?%L",Check sum is 1
train,piT'b8b{<$RCJM9)w\,"Check sum is ,"
train,(NOq=k6eKYZIb	[a hW@,Check sum is &
train,BZ%OW!Msz:H:#@Ivl[c	}RR&bVZr,Check sum is >
train,]>#1;W#Z;J2zhjJ[jn<|v5L,Check sum is M
train,"/d91G{&$e~!H>$+uP>zB+a^	Nl""	L1",Check sum is V
train,"m?Fd!K?nwIjl,l)8qV#) i?rolBm*<ox^m&j",Check sum is ]
train,DOG[R\K><ez3BB^gr/o4j?gsW;V)bRX]?vgq,Check sum is 1
train,"(~Wwqrb=/-3""5RU^w;3i""V?z,~fT+cyS""Zx6EO",Check sum is <
train,"`\g5!U1T
	!E5O``}SKJ=z",Check sum is L
train,^ IZ_[xluDf+Z0^<?=D`X[I?RKnAu}mM/t'0Ctn`XTf5Yl;bb-,Check sum is W
train,/Qs}16vj^'|l?zN% /8(*V;F,Check sum is  
train,"t""~Au'$uRVL1E$4Eo%Y.""""Akp*",Check sum is V
test,*C,Check sum is M
test,SW,Check sum is J
test,-[,Check sum is (
test,lQ,Check sum is ]
test,",$",Check sum is 0
test,{e,Check sum is @
test,Wq,Check sum is (
test,g9,Check sum is @
test,ie,Check sum is .
test,Ig,Check sum is P
test,v[,Check sum is 1
test,t),Check sum is =
test,\),Check sum is %
test,+X,Check sum is #
test,Cp,Check sum is S
test,"X,",Check sum is $
test,rj,Check sum is <
test,<W,Check sum is 3
test,6<,Check sum is R
test,NY,Check sum is G
test,`Z,Check sum is Z
test,RX,Check sum is J
test,X/,Check sum is '
test,SQ,Check sum is D
test,OU,Check sum is D
test,%s,Check sum is 8
test,Z!,Check sum is [
test,"T""",Check sum is V
test,ky,Check sum is D
test,V2,Check sum is (
test,7<,Check sum is S
test,zV,Check sum is 0
test,k{,Check sum is F
test,"m,",Check sum is 9
test,0\,"Check sum is ,"
test,U(,Check sum is ]
test,MT,Check sum is A
test,{I,Check sum is $
test,Um,"Check sum is """
test,QY,Check sum is J
test,kY,Check sum is $
test,S\,Check sum is O
test,;i,Check sum is D
test,xE,Check sum is ]
test,f>,Check sum is D
test,'h,Check sum is /
test,X[,Check sum is S
test,}r,Check sum is O
test,|9,Check sum is U
test,vl,Check sum is B
test,@{,Check sum is [
test,e:,Check sum is ?
test,Ab,Check sum is C
test,RJ,Check sum is <
test,Qw,Check sum is (
test,J*,Check sum is T
test,LQ,Check sum is =
test,/g,Check sum is 6
test,K:,Check sum is %
test,<0,Check sum is L
test,S#,Check sum is V
test,\K,Check sum is G
test,0*,Check sum is :
test,?`,Check sum is ?
test,"""S",Check sum is U
test,eQ,Check sum is V
test,}g,Check sum is D
test,3N,Check sum is !
test,>v,Check sum is T
test,	K,Check sum is 4
test,b`,"Check sum is """
test,Cj,Check sum is M
test,z5,Check sum is O
test,hr,Check sum is :
test,o`,Check sum is /
test,"
J",Check sum is 4
test,`7,Check sum is 7
test,(T,Check sum is \
test,#P,Check sum is S
test,6\,Check sum is 2
test,t),Check sum is =
test,P9,Check sum is )
test,Mf,Check sum is S
test,pS,Check sum is #
test,R|,Check sum is .
test,QP,Check sum is A
test,Xz,Check sum is 2
test,=E,"Check sum is """
test,KV,Check sum is A
test,b/,Check sum is 1
test,pa,Check sum is 1
test,%X,Check sum is ]
test,6d,Check sum is :
test,_l,Check sum is +
test,'y,Check sum is @
test,"_,",Check sum is +
test,E0,Check sum is U
test,pm,Check sum is =
test,$n,Check sum is 2
test,f$,Check sum is *
test,3J,Check sum is ]
test,3V,Check sum is )
test,\Z,Check sum is V
test,n3,Check sum is A
test,o(,Check sum is 7
test,]/,"Check sum is ,"
test,T|,Check sum is 0
test,ZG,Check sum is A
test,i+,Check sum is 4
test,01,Check sum is A
test,6;,Check sum is Q
test,qW,Check sum is (
test,[F,Check sum is A
test,&M,Check sum is S
test,"B
","Check sum is ,"
test,_',Check sum is &
test,Mu,"Check sum is """
test,yh,Check sum is A
test,\g,Check sum is #
test,};,Check sum is X
test,9l,Check sum is E
test,r!,Check sum is 3
test,1Y,Check sum is *
test,K0,Check sum is [
test,Tf,Check sum is Z
test,y9,Check sum is R
test,^v,Check sum is 4
test,Lq,Check sum is ]
test,g.,Check sum is 5
test,gv,Check sum is =
test,j(,Check sum is 2
test,6N,Check sum is $
test,N ,Check sum is N
test,/c,Check sum is 2
test,?/,Check sum is N
test,P7,Check sum is '
test,s\,Check sum is /
test,%a,Check sum is &
test,Cs,Check sum is V
test,?.,Check sum is M
test,B{,Check sum is ]
test,gS,Check sum is Z
test,2=,Check sum is O
test,CH,Check sum is +
test,\n,Check sum is *
test,!&,Check sum is '
test,b^,Check sum is  
test,T<,Check sum is 0
test,;_,Check sum is :
test,"Y""",Check sum is [
test,3g,Check sum is :
test,{2,Check sum is M
test,X|,Check sum is 4
test,s@,Check sum is S
test,8>,Check sum is V
test,q&,Check sum is 7
test,M%,Check sum is R
test,t	,Check sum is ]
test,Cn,Check sum is Q
test,{[,Check sum is 6
test,\i,Check sum is %
test,qm,Check sum is >
test,+*,Check sum is 5
test,[b,Check sum is ]
test,7A,Check sum is X
test,"""`","Check sum is """
test,&Y,Check sum is _
test,0Q,Check sum is !
test,{	,Check sum is $
test,Y_,Check sum is X
test,"N""",Check sum is P
test,-L,Check sum is Y
test,`u,Check sum is 5
test,R7,Check sum is )
test,IO,Check sum is 8
test,-+,Check sum is 8
test,ja,Check sum is +
test,.\,Check sum is *
test, Z,Check sum is Z
test,Xa,Check sum is Y
test,>X,Check sum is 6
test,cx,Check sum is ;
test,l.,Check sum is :
test,:7,Check sum is Q
test,"E""",Check sum is G
test,5Q,Check sum is &
test,;^,Check sum is 9
test,07,Check sum is G
test,"
K",Check sum is 5
test,';,Check sum is B
test,s6,Check sum is I
test,gb,Check sum is )
test,W<,Check sum is 3
test,iK,Check sum is T
test,N	,Check sum is 7
test,ep,Check sum is 5
test,|(,Check sum is D
test,YL,Check sum is E
test,{\,Check sum is 7
test,Ib,Check sum is K
test,YZ,Check sum is S
test,u8,Check sum is M
test,ih,Check sum is 1
test,	P,Check sum is 9
test,[%,Check sum is  
test,"
p",Check sum is Z
test,; ,Check sum is ;
test,"5,",Check sum is A
test,e],"Check sum is """
test,=|,Check sum is Y
test,*q,Check sum is ;
test,SV,Check sum is I
test,|K,Check sum is '
test,V[,Check sum is Q
test,k9,Check sum is D
test,Eq,Check sum is V
test,Z^,Check sum is X
test,Sc,Check sum is V
test,9(,Check sum is A
test,P5,Check sum is %
test,"i
",Check sum is S
test,5k,Check sum is @
test,Xd,Check sum is \
test,d1,Check sum is 5
test,g1,Check sum is 8
test,/$,Check sum is 3
test,qD,Check sum is U
test,aS,Check sum is T
test,)/,Check sum is 8
test,^@,Check sum is >
test,:Z,Check sum is 4
test,*2,Check sum is <
test,:L,Check sum is &
test,8A,Check sum is Y
test,h3,Check sum is ;
test,>*,Check sum is H
test,d\,Check sum is  
test,p+,Check sum is ;
test,!;,Check sum is <
test,AN,Check sum is /
test,tL,Check sum is  
test,rV,Check sum is (
test,y:,Check sum is S
test,D@,Check sum is $
test,N3,Check sum is !
test,[g,"Check sum is """
test,$C,Check sum is G
test,~v,Check sum is T
test,;s,Check sum is N
test,<[,Check sum is 7
test,)*,Check sum is 3
test,",0",Check sum is <
test,Sk,Check sum is ^
test,((,Check sum is 0
test,'2,Check sum is 9
test,I^,Check sum is G
test,V],Check sum is S
test,(d,"Check sum is ,"
test,0K,Check sum is [
test,)m,Check sum is 6
test,FH,Check sum is .
test,%%,Check sum is *
test,CN,Check sum is 1
test,8_,Check sum is 7
test,|r,Check sum is N
test,k!,"Check sum is ,"
test,+6,Check sum is A
test,QX,Check sum is I
test,xU,Check sum is -
test,",Y",Check sum is %
test,A	,Check sum is *
test,"/""",Check sum is 1
test,Dc,Check sum is G
test,k~,Check sum is I
test,Rk,Check sum is ]
test,\k,Check sum is '
test,&t,Check sum is :
test,"Z,",Check sum is &
test,o8,Check sum is G
test,xf,Check sum is >
test,8F,Check sum is ^
test,RE,Check sum is 7
test,UT,Check sum is I
test,)M,Check sum is V
test,J(,Check sum is R
test,U`,Check sum is U
test,1|,Check sum is M
test,XP,Check sum is H
test,jK,Check sum is U
test,s[,Check sum is .
test,>+,Check sum is I
test,B',Check sum is I
test,j^,Check sum is (
test,R;,Check sum is -
test,6x,Check sum is N
test,88,Check sum is P
test,]v,Check sum is 3
test,d|,Check sum is @
test,a_,Check sum is  
test,$S,Check sum is W
test,2f,Check sum is 8
test,o7,Check sum is F
test,Y},Check sum is 6
test,Zi,Check sum is #
test,Nm,Check sum is [
test,Mm,Check sum is Z
test,K',Check sum is R
test,0s,Check sum is C
test,"
&",Check sum is P
test,2j,Check sum is <
test,C6,Check sum is Y
test,&>,Check sum is D
test,x_,Check sum is 7
test,37,Check sum is J
test,FZ,Check sum is @
test,gR,Check sum is Y
test,MH,Check sum is 5
test,O0,Check sum is _
test,(=,Check sum is E
test,Q0,Check sum is !
test,d!,Check sum is %
test,i	,Check sum is R
test,dc,Check sum is '
test,'C,Check sum is J
test,A{,Check sum is \
test,57,Check sum is L
test,*#,Check sum is -
test,"L,",Check sum is X
test,[9,Check sum is 4
test,^`,Check sum is ^
test,IF,Check sum is /
test,+k,Check sum is 6
test,]	,Check sum is F
test,*v,Check sum is @
test,<`,Check sum is <
test,Qr,Check sum is #
test,FG,Check sum is -
test,kl,Check sum is 7
test,Y),"Check sum is """
test,89,Check sum is Q
test,?t,Check sum is S
test,F2,Check sum is X
test,4<,Check sum is P
test,So,"Check sum is """
test,:Y,Check sum is 3
test,PI,Check sum is 9
test,#~,Check sum is A
test,hF,Check sum is N
test,b\,Check sum is ^
test,30,Check sum is C
test,|Q,Check sum is -
test,w|,Check sum is S
test,:^,Check sum is 8
test,k2,Check sum is =
test,Xu,Check sum is -
test,Z[,Check sum is U
test,~(,Check sum is F
test,"a""",Check sum is #
test,l0,Check sum is <
test,xK,Check sum is #
test,%k,Check sum is 0
test,IO,Check sum is 8
test,"Z""",Check sum is \
test,<S,Check sum is /
test,"+""",Check sum is -
test,n#,Check sum is 1
test,R#,Check sum is U
test,/x,Check sum is G
test,rQ,Check sum is #
test,Qo,Check sum is  
test,"|,",Check sum is H
test,"B""",Check sum is D
test,Lu,Check sum is !
test,_&,Check sum is %
test,"c""",Check sum is %
test,Sv,Check sum is )
test,'w,Check sum is >
test,88,Check sum is P
test, j,Check sum is *
test,MM,Check sum is :
test,e?,Check sum is D
test,8d,Check sum is <
test,e8,Check sum is =
test,	k,Check sum is T
test,=l,Check sum is I
test,/c,Check sum is 2
test,e],"Check sum is """
test,z;,Check sum is U
test,Xj,"Check sum is """
test,	=,Check sum is &
test,%[,Check sum is  
test,+S,Check sum is ^
test,We,Check sum is \
test,_4,Check sum is 3
test,)<,Check sum is E
test,1w,Check sum is H
test,a<,Check sum is =
test,Q3,Check sum is $
test,Xy,Check sum is 1
test, =,Check sum is =
test,IK,Check sum is 4
test,",f",Check sum is 2
test,-A,Check sum is N
test,H&,Check sum is N
test,r|,Check sum is N
test,w_,Check sum is 6
test,:8,Check sum is R
test,"8,",Check sum is D
test,jd,Check sum is .
test,3;,Check sum is N
test,rZ,"Check sum is ,"
test,|S,Check sum is /
test,fb,Check sum is (
test,{v,Check sum is Q
test,"y,",Check sum is E
test,_&,Check sum is %
test,R9,Check sum is +
test,F4,Check sum is Z
test,9Q,Check sum is *
test,[},Check sum is 8
test,*.,Check sum is 8
test,A~,Check sum is _
test,"1
",Check sum is [
test,Bn,Check sum is P
test,",-",Check sum is 9
test,oE,Check sum is T
test,+f,Check sum is 1
test,fl,Check sum is 2
test,n<,Check sum is J
test,'',Check sum is .
test,fD,Check sum is J
test,SS,Check sum is F
test,3`,Check sum is 3
test,"
T",Check sum is >
test,",G",Check sum is S
test,P=,Check sum is -
test,",-",Check sum is 9
test,7?,Check sum is V
test,j4,Check sum is >
test,$(,"Check sum is ,"
test,"b,",Check sum is .
test,MC,Check sum is 0
test,'@,Check sum is G
test,1o,Check sum is @
test,(n,Check sum is 6
test,LI,Check sum is 5
test,9L,Check sum is %
test,Q/,Check sum is  
test,Tg,Check sum is [
test,&^,Check sum is $
test,VZ,Check sum is P
test,(^,Check sum is &
test,GZ,Check sum is A
test,%t,Check sum is 9
test,}C,Check sum is  
test,#=,Check sum is @
test,6o,Check sum is E
test,vS,Check sum is )
test,=',Check sum is D
test," ""","Check sum is """
test,>U,Check sum is 3
test,N3,Check sum is !
test,l],Check sum is )
test,[.,Check sum is )
test,3D,Check sum is W
test,u>,Check sum is S
test,KN,Check sum is 9
test,Xe,Check sum is ]
test,5&,Check sum is ;
test,ji,Check sum is 3
test,=.,Check sum is K
test,cK,Check sum is N
test,ee,Check sum is *
test,M5,"Check sum is """
test,|!,Check sum is =
test,46,Check sum is J
test,M:,Check sum is '
test,^>,Check sum is <
test,cl,Check sum is /
test,iw,Check sum is @
test,2&,Check sum is 8
test,U:,Check sum is /
test,Ro,Check sum is !
test,i	,Check sum is R
test,"w""",Check sum is 9
test,vA,Check sum is W
test,N`,Check sum is N
test,P!,Check sum is Q
test,X:,Check sum is 2
test,+8,Check sum is C
test,&w,Check sum is =
test,!Z,Check sum is [
test,0%,Check sum is 5
test,N/,Check sum is ]
test,2k,Check sum is =
test,oh,Check sum is 7
test,nE,Check sum is S
test,&i,Check sum is /
test,xO,Check sum is '
test,"\,",Check sum is (
test,L{q,Check sum is X
test,%tv,Check sum is /
test,S[&,Check sum is 4
test,:^L,Check sum is D
test,")""`",Check sum is K
test,U0&,Check sum is K
test,3]D,Check sum is 4
test,']C,Check sum is '
test,nH1,Check sum is G
test,zx1,Check sum is C
test,){u,Check sum is 9
test,uZg,Check sum is V
test,1#6,Check sum is *
test,<Z$,Check sum is Z
test,}$;,Check sum is <
test,iTs,Check sum is P
test,`J`,Check sum is *
test,S\%,Check sum is 4
test,\_],Check sum is 8
test,A. ,Check sum is /
test,t!	,Check sum is >
test,` <,Check sum is \
test,9[:,Check sum is .
test,MfX,Check sum is +
test,a]N,"Check sum is ,"
test,Ne_,Check sum is 2
test,|_r,Check sum is -
test,.n{,Check sum is 7
test,#/j,Check sum is \
test,"
;6",Check sum is [
test,"
=_",Check sum is F
test,KlB,Check sum is Y
test,D.L,Check sum is ^
test,vF`,Check sum is <
test,l: ,Check sum is &
test,^mh,Check sum is S
test,)He,Check sum is 6
test,_C=,Check sum is ?
test,bPi,Check sum is ;
test,9gQ,Check sum is Q
test,g{a,Check sum is #
test,~Pd,Check sum is R
test,R4f,Check sum is L
test,2V[,Check sum is C
test,%^k,Check sum is N
test,S7n,Check sum is X
test,3OL,Check sum is .
test,9_Z,Check sum is R
test,+29,Check sum is 6
test,$	U,"Check sum is """
test,kQ_,Check sum is ;
test,AlB,Check sum is O
test,I@?,Check sum is (
test,u1r,Check sum is 8
test,R{:,Check sum is '
test,kY6,Check sum is Z
test,!v^,Check sum is U
test,]X%,Check sum is :
test,c91,Check sum is -
test,fY?,Check sum is ^
test,p J,Check sum is :
test,%_4,Check sum is X
test,"K""M",Check sum is Z
test,&`m,Check sum is S
test,"q""s",Check sum is &
test,5GN,Check sum is *
test,HfC,Check sum is Q
test,2g&,Check sum is _
test,~TQ,Check sum is C
test,^E|,Check sum is ?
test,|)r,Check sum is 7
test,e!~,Check sum is $
test,L& ,Check sum is 2
test,	E8,Check sum is &
test,6=h,Check sum is ;
test,ju|,Check sum is ;
test,b)4,Check sum is _
test,!`v,Check sum is W
test,+ZF,Check sum is +
test,H@Q,Check sum is 9
test,$`/,Check sum is S
test,Jm#,Check sum is :
test,N7_,Check sum is D
test,9(K,Check sum is L
test,6ZJ,Check sum is :
test,J(5,Check sum is G
test,h&l,Check sum is Z
test,z+D,Check sum is I
test,VYr,Check sum is A
test,uM_,Check sum is A
test,kZj,Check sum is O
test,&E|,Check sum is G
test,e%z,Check sum is $
test,>%M,Check sum is P
test,E4B,Check sum is [
test,oIM,Check sum is %
test,qj+,Check sum is &
test,6Xy,Check sum is '
test,TN?,Check sum is A
test,?r\,Check sum is -
test, +s,Check sum is ^
test,"!
F",Check sum is Q
test,R52,Check sum is Y
test,Z$f,Check sum is D
test,"T""!",Check sum is 7
test,h}5,Check sum is :
test,^RU,Check sum is %
test,)Xg,Check sum is H
test,N-b,Check sum is =
test,8@j,Check sum is B
test,!44,Check sum is )
test,PL2,Check sum is .
test,Rvv,Check sum is ^
test,"""JV","Check sum is """
test,#-:,Check sum is *
test,5L},Check sum is ^
test,"53
",Check sum is R
test,rLy,Check sum is W
test,DDi,Check sum is Q
test,P9-,Check sum is V
test,9f*,Check sum is )
test,PVe,Check sum is +
test,Sdc,Check sum is :
test,W/ ,Check sum is F
test,V+I,Check sum is *
test,")H
",Check sum is [
test,^'Z,Check sum is ?
test,gtZ,Check sum is U
test,%g9,Check sum is %
test,~t9,Check sum is K
test,cX},Check sum is X
test,z9 ,Check sum is 3
test,uMN,Check sum is 0
test,hdl,Check sum is X
test,T9b,Check sum is O
test,V2S,Check sum is ;
test,HU<,Check sum is 9
test,hm$,Check sum is Y
test,/tI,Check sum is L
test,	Bv,Check sum is !
test,Xkx,Check sum is [
test,y9T,Check sum is &
test,u#d,Check sum is \
test,$>_,Check sum is !
test,LfP,"Check sum is """
test,;lk,Check sum is 2
test,tx6,Check sum is B
test,0&y,Check sum is /
test,E[?,Check sum is ?
test,SZ3,Check sum is @
test,zqi,Check sum is 4
test,krW,Check sum is T
test,U(>,Check sum is [
test,+[.,Check sum is T
test,Pt4,Check sum is X
test,czC,Check sum is @
test,R5q,Check sum is X
test,VsF,Check sum is /
test,=.<,Check sum is G
test,(5o,"Check sum is ,"
test,Gcl,Check sum is 6
test,xs4,Check sum is ?
test,"2
m",Check sum is I
test,=1-,Check sum is ;
test,8]O,Check sum is D
test,{w],Check sum is /
test,>\&,Check sum is  
test,9A{,Check sum is U
test,{<Z,Check sum is 1
test,NUL,Check sum is O
test,f3W,Check sum is P
test,W)P,Check sum is 0
test,P>G,Check sum is 5
test,b#e,Check sum is J
test,Y?`,Check sum is X
test,e&Q,Check sum is <
test,q);,Check sum is 5
test,#VD,Check sum is ]
test,FGn,Check sum is [
test,#^b,Check sum is C
test,FN2,Check sum is &
test,Ml*,Check sum is C
test,*0.,Check sum is (
test,(#	,Check sum is 4
test,CLh,Check sum is W
test,=;`,Check sum is 8
test,'r[,Check sum is T
test,",x>",Check sum is B
test,~!D,Check sum is C
test,v[j,Check sum is [
test,Je=,Check sum is L
test,iab,Check sum is L
test,!!u,Check sum is W
test,.c?,Check sum is 0
test,eRC,Check sum is Z
test,b31,Check sum is &
test,zTm,Check sum is [
test,{Y:,Check sum is .
test,~9O,Check sum is &
test,c+q,Check sum is _
test,QU\,"Check sum is """
test,!KA,Check sum is M
test,OB~,Check sum is /
test,<6`,Check sum is 2
test,t?>,Check sum is Q
test,\ZI,Check sum is _
test,I%/,Check sum is =
test,hli,Check sum is ]
test,"
08",Check sum is R
test,"YG
",Check sum is J
test,JA;,Check sum is &
test,gRJ,Check sum is #
test,h#+,Check sum is V
test,[8i,Check sum is \
test,=oI,Check sum is U
test,_1d,Check sum is T
test,P88,Check sum is  
test,m0`,Check sum is ]
test,TO*,Check sum is -
test,4=V,Check sum is '
test,SRo,Check sum is 4
test,I^0,Check sum is 7
test,:T7,Check sum is %
test,l+d,Check sum is [
test,B#v,Check sum is ;
test,#NQ,"Check sum is """
test,Ws},Check sum is '
test,QL*,Check sum is '
test,6y>,Check sum is M
test,Yby,Check sum is T
test,n.	,Check sum is E
test,RL',Check sum is %
test,I13,Check sum is M
test,82:,Check sum is D
test,"
c7",Check sum is D
test,Ii0,Check sum is B
test,NAf,Check sum is U
test,PNf,Check sum is $
test,?@T,Check sum is 3
test,IXR,Check sum is S
test,"8X""",Check sum is R
test,3B@,Check sum is U
test,^[~,Check sum is W
test,"
z8",Check sum is \
test,",N*",Check sum is D
test,EWM,Check sum is I
test,%SM,Check sum is %
test,!	q,Check sum is ;
test,u[y,Check sum is )
test,*[f,Check sum is K
test,iKX,"Check sum is ,"
test,99t,Check sum is F
test,Emx,Check sum is J
test,(n<,Check sum is 2
test,ldR,Check sum is B
test,HGK,Check sum is :
test,#D	,Check sum is P
test,C@>,Check sum is !
test,B	6,Check sum is !
test,ccE,Check sum is +
test,Pvd,Check sum is J
test,q|Z,Check sum is '
test,)q2,"Check sum is ,"
test,:`T,Check sum is N
test,"}%,",Check sum is .
test,x1},Check sum is F
test,M2J,Check sum is )
test,1$$,Check sum is Y
test,Od1,Check sum is D
test,qIH,"Check sum is """
test,"
-/",Check sum is F
test,MTA,Check sum is B
test,_+0,Check sum is Z
test,<}@,Check sum is Y
test,?0;,Check sum is J
test,-9;,Check sum is A
test,cI!,Check sum is -
test,`6-,Check sum is #
test,|8#,Check sum is 7
test,YC`,Check sum is \
test,"w,/",Check sum is 2
test,x`1,Check sum is )
test,",!M",Check sum is :
test,$u%,Check sum is ^
test,Fzp,Check sum is P
test,{ki,Check sum is /
test,"b
?",Check sum is K
test,y#f,"Check sum is """
test,]gL,Check sum is 0
test,j+$,Check sum is Y
test,sCI,Check sum is _
test,U_Q,Check sum is %
test,U)J,Check sum is (
test,l$^,Check sum is N
test,Vyn,Check sum is ]
test,S>\,Check sum is M
test,;Q%,Check sum is Q
test,mPK,Check sum is (
test,mn(,Check sum is #
test,`?2,Check sum is 1
test,+s3,Check sum is 1
test,~;1,Check sum is J
test,ure,"Check sum is ,"
test,/\I,Check sum is 4
test,+j7,"Check sum is ,"
test,cV6,Check sum is O
test,2t~,Check sum is D
test,t*N,Check sum is L
test,LM5,Check sum is .
test,k4U,Check sum is T
test,GM|,Check sum is 0
test,/4w,Check sum is :
test,/~o,Check sum is <
test,Ve!,Check sum is <
test,9c%,Check sum is !
test,xZn,Check sum is  
test,+kn,Check sum is $
test,w<q,Check sum is D
test,hlS,Check sum is G
test,V&R,Check sum is .
test,@aP,Check sum is Q
test,19b,"Check sum is ,"
test,#9U,Check sum is Q
test,@WJ,Check sum is A
test,>Tb,Check sum is T
test,"x{""",Check sum is 5
test,g=J,Check sum is N
test,qbS,Check sum is F
test,",6#",Check sum is %
test,QX*,Check sum is 3
test,as;,Check sum is /
test,d*|,Check sum is *
test,EUV,Check sum is P
test,{0:,Check sum is E
test,UGn,Check sum is *
test,APP,Check sum is A
test,9E6,Check sum is T
test,kKY,Check sum is /
test,(T$,Check sum is @
test,"""b/",Check sum is S
test,	6`,Check sum is ?
test,?QI,Check sum is 9
test,fjP,Check sum is @
test,nz>,Check sum is F
test,eUf,Check sum is @
test,PWo,Check sum is 6
test,fVm,Check sum is I
test,edY,Check sum is B
test,c+T,Check sum is B
test,npx,Check sum is 6
test,&S[,Check sum is 4
test,	/m,Check sum is E
test,;r	,Check sum is V
test,<]z,Check sum is 3
test,2)u,Check sum is 0
test,wiL,Check sum is L
test,"
L=",Check sum is 3
test,!L%,Check sum is 2
test,RFM,Check sum is E
test,V_u,Check sum is J
test,]'2,Check sum is V
test,aso,Check sum is #
test,vK7,Check sum is X
test,?$r,Check sum is 5
test,JcH,Check sum is U
test,T|i,Check sum is Y
test,JF ,Check sum is P
test,(o9,Check sum is 0
test,"	],",Check sum is 2
test,IoL,Check sum is $
test,"p)
",Check sum is C
test,",hM",Check sum is A
test,Vy3,"Check sum is """
test,(7_,Check sum is ^
test,jYU,Check sum is 8
test,R9+,Check sum is V
test,Ry~,Check sum is )
test,V'k,Check sum is H
test,u!f,Check sum is \
test,k5q,Check sum is 1
test,<@:,Check sum is V
test,`bX,Check sum is :
test,rTG,Check sum is -
test,[ky,Check sum is _
test,v:r,Check sum is B
test,/]o,Check sum is [
test,	aa,Check sum is +
test,{Wa,Check sum is S
test,f;b,Check sum is #
test,1#I,Check sum is =
test,ibZ,Check sum is E
test,Wj>,Check sum is _
test,mjl,Check sum is #
test,$u8,Check sum is 1
test,THC,Check sum is ?
test,bpR,Check sum is D
test,fS7,Check sum is P
test,a9U,Check sum is O
test,"?""C",Check sum is D
test,gGG,Check sum is U
test,-J3,Check sum is J
test,uk;,Check sum is ;
test,pct,Check sum is '
test,cqW,Check sum is K
test,6c],Check sum is V
test,DD$,Check sum is L
test,m.$,Check sum is _
test,"l""O",Check sum is =
test,&><,Check sum is @
test,B}a,Check sum is @
test,_(7,Check sum is ^
test,0Y	,Check sum is 2
test,a|B,Check sum is ?
test,"u/""",Check sum is &
test,kwG,Check sum is I
test,TU`,Check sum is )
test,H9Z,Check sum is ;
test,/uU,Check sum is Y
test,>D;,Check sum is ]
test,r0U,Check sum is W
test,t8I,Check sum is U
test,djD,Check sum is 2
test,;d7,Check sum is 6
test,2&R,Check sum is J
test,"""Yi",Check sum is D
test,Omb,Check sum is >
test,	G=,Check sum is -
test,\}k,Check sum is $
test,iI?,Check sum is Q
test,u\M,Check sum is >
test,?4d,Check sum is 7
test,.%>,Check sum is 1
test,7{ ,Check sum is 2
test,"G=
",Check sum is .
test,EM7,Check sum is )
test,",zs",Check sum is 9
test,"%,]",Check sum is N
test,-u;,Check sum is =
test,aO>,Check sum is N
test,\@V,Check sum is R
test,rFt,Check sum is L
test,z39,Check sum is F
test,O[%,Check sum is /
test,Lb<,Check sum is J
test,",T,",Check sum is L
test,e^j,Check sum is M
test,"@"".",Check sum is 0
test,opj,Check sum is )
test,%TP,Check sum is )
test,e.4,Check sum is '
test,8\F,Check sum is :
test,-]j,Check sum is T
test,myr,Check sum is 8
test,tTS,Check sum is ;
test,yzX,Check sum is +
test,/9k,Check sum is 3
test,ql[,Check sum is X
test,"k
/",Check sum is D
test,`t},Check sum is 1
test,hmw,"Check sum is ,"
test,}_Z,Check sum is V
test,> M,Check sum is K
test,k3m,Check sum is +
test,?rR,Check sum is #
test,sS8,Check sum is ^
test,8`3,Check sum is +
test,3q#,Check sum is '
test,t=s,Check sum is D
test,WP0,Check sum is 7
test,k7w,Check sum is 9
test,Kq/,Check sum is K
test,"7#""",Check sum is \
test,[ep,Check sum is P
test,uX],Check sum is J
test,Z*:,Check sum is ^
test,T\/,Check sum is ?
test,?Sj,Check sum is \
test,)]1,Check sum is W
test,@*j,Check sum is 4
test,mdW,Check sum is H
test,x{<,Check sum is O
test,$w0,Check sum is +
test,4Rg,Check sum is M
test,psN,Check sum is Q
test,)cC,Check sum is /
test,f+N,Check sum is ?
test,+'x,Check sum is *
test,"E,/",Check sum is @
test,P^ ,Check sum is .
test,qK>,Check sum is Z
test,Ag0,Check sum is 8
test,F$D,Check sum is N
test,<Ou,Check sum is  
test,joF,Check sum is ?
test,p)I,Check sum is B
test,\u%,Check sum is V
test,8Kp,Check sum is S
test,..z,Check sum is 6
test,xh?,Check sum is ?
test,&7H,Check sum is E
test,tMtR]/^~e(?u=-$Sb^8zJAkHD)w,Check sum is E
test,*@sbzR(Z=3N*a}6[W/4,Check sum is >
test,"hrK=M=jgf!T,kX
7q!zS6%b"":cPK!E",Check sum is D
test,"6gZfpE;jq+p<=,",Check sum is H
test,"at'_Pt2l
uT07^G*\d:c(|sSK
c",Check sum is %
test,">1BG[q""4k,[,X7^*0IO!jia,5:ANnGU<//^
vDJk",Check sum is 1
test,~90=oH&N-XuVwfnX-N[	No|$Q4eYjAHm!B<B}w!4DV,Check sum is E
test,"3TXqrVTd7,c<wl4	e]G1Rf!lrel$WRLQqiM}99&eybp+",Check sum is U
test,"""SwLq*
/[x!)ck)Bd\%""/b?P8_Sux2#T {W	 Ta",Check sum is 9
test,4X#!*,Check sum is Z
test,"yG43B`
/n!rRw=S\j:q!oAHJ}8|FJR\g'",Check sum is M
test,5Dt!0+O./h,Check sum is ]
test,BT_u]u^n4s;r;on/1_|I`CWx,Check sum is J
test,7%f2:P3jL0@Q,Check sum is H
test,YvhsLML(p_K=ei}B%xtD{9|-\_=;h0aS(\<pt!1-t.b]GKg9,"Check sum is """
test,"e=L)9
G]v_ :{Jn*9n^`U>?}2 /xEzh-7h<8W2",Check sum is G
test,"zs:
h[Y~xBUIbJ+=~?5x",Check sum is A
test,s{F	17;yc2DR3G@JX%j*r,Check sum is +
test,Ol-Phm##rL$+o6':4%	Eu,"Check sum is """
test,rA#8P|x0j/&hRCMB0MUz,Check sum is 9
test,"i0zjTAw1,y^J	bdTg8RJl5.t(}JA)AS",Check sum is 5
test,CAitm/.jVh_OdkPf$X06j]o/y?A>IasN%d,Check sum is X
test,64LMTMb:X\7h3	X%0=nxtt~Ut)LKWgD[x+e!N#{1!:$AeeU*,Check sum is Z
test,;0v9=I,Check sum is @
test," km0(hq{CmtX0) H>Y`jQjoZ:,8&'VL""%ak%'ZEIJ` ^@@yt""3",Check sum is $
test,"~#v8W+zn5@""&K&Rf$}pWE^Gjbo[Uex]w	'",Check sum is ]
test,R9P`^=D.jZ?R:n#Bb{91j*,Check sum is %
test,"a@m-wble	'mb4i4I_"";( Ij3onX]}3h'XBM^A",Check sum is _
test,F?J~j73gF e+78cvQ;llS*@B$iO\(<s'u0oXr)A,Check sum is G
test,"O
;at$<%Tk3f|","Check sum is """
test,2X`:|Vm?^(,Check sum is H
test,zW9/>R:I]7<,Check sum is <
test,4	hE#W-_#'Zx,"Check sum is ,"
test,"""qGa	mTs}[4$a{>2<fcifni3AxG=6}z9Ie{Hl@
z	TY","Check sum is ,"
test,"
wiN?VGOZSr
4;@FNaT`)yiO.&FvgK p~_.,sn'TjSQvnA7",Check sum is -
test,ZW#t)24Tt@(6wE]{5:<?~,Check sum is Y
test,"5^k6XYt,^",Check sum is C
test,"qzW'
(QlG&:[PCT:sXZFWGNg* ;wJWS<0\l4r2X",Check sum is -
test,"t-8B+icCUONA%$e[P;rTD.060{(O""o0U@<:!zcq	",Check sum is @
test,"-'dCh5;|-H_%`c!,!h
",Check sum is K
test,"iZ,HQ W3?j'|ytihb]$-\jI@aj2^Nl@A""v>4vJ3Kc{eL",Check sum is (
test,dmx5Lxd@mU@&R,Check sum is @
test,"7GT/LpA,2f_ATL+l3bl	}k@gtlpg1",Check sum is :
test,"PT#
oINQq&_",Check sum is >
test,_KLb!.DL\]brx&^=\n<9EO5OYdS\<NAJOsXZ,Check sum is )
test,"v,(yi+NT!3 /`UcZUy6!Q5=yDN",Check sum is !
test,IO^X$\,Check sum is .
test,<`%Ic/n|ENb}0f*66jKm;@~]1,Check sum is -
test,"A]Olvrk8G{N:n,=KADLLQhHKDhe|5eWl&@aX$",Check sum is F
test,"rK^_`Bf9O)e3_,/
D0uF[b&,tlA=TXQYs%fQq""",Check sum is C
test,"""8Pd|B:4;0W$8zH&(bb OHGJR6^!_|",Check sum is 6
test,%u\DS L1p?e-DHIkE_`;'#SCR|io#o%R,Check sum is Y
test,"c$SH	);5j\NV""x4,""YZ",Check sum is ]
test,_be8#,Check sum is !
test,"6""AlLF7tWh@Az9jxw
07Tl1,_74/?i$Wy4Cx g%]<;C<Q=K.",Check sum is F
test,|dNeAP25W8p=@E[mA`]>PC]UTDt,Check sum is A
test,X~* Y ?#	}#	1 .<W.>jNrSe,Check sum is -
test,")mo]OgCB4 ?4/@[G""%gO_urM0<",Check sum is Q
test,"k%R
rpw@nM"",LT)]*VA>6w`W
RO) 0_{2}sCn^2",Check sum is X
test,"_'<Tor2 [y){avsyWg#Mb	1'LSy$9Koli~G2d""z$",Check sum is 4
test,"T,k,AOjVY*@MQh@lOE$$rq",Check sum is ;
test,"1tj,cO	",Check sum is V
test,(.[tRA`,Check sum is 8
test,"C9mrM)Z7Fpn@FZ
EEsWPA=",Check sum is 2
test,"RZ
""
yNl.T]3_6$@2Em!Ddj6",Check sum is M
test,"<AUkt""r]4HJp zyTs//ZM.QTp.-""#w?",Check sum is 0
test,"&uIkujV-=EOei+,$;)V{0XZ>bSkb_M	P*o+mp\|-R8D",Check sum is ;
test,F'1DK0B&c4 \d9x<X2F,Check sum is Y
test,"H6`(mbQ,!^}QDi2<%ZU
6GYiTn\T62G@,m=""@l%}s",Check sum is Q
test,"	Zb|%@p3(tk4""A>=Cg!;^MN&1YDL{",Check sum is <
test,v+%sG]_m0-Gp1,Check sum is N
test,"B$YUuW >,s8+u3)WP(B,R;b*<CBz#QZWZZ3W`YfM;w~#H","Check sum is ,"
test,"z\[x$
C9_X_}(T_v	zG6G'#_N|ZUu{L5/]4t+J@>0C'",Check sum is 2
test,}Q88Y>ugETF1p(|7mYP#>H(-.ZnKo?<Yt,Check sum is 8
test,";`H?Xc5DoO,%2A5",Check sum is -
test,bq4G-D4YTFg'Bu*oB=8fff?(gV=}wP,Check sum is 2
test,"m]dG0G^0Q\y!aX
^n2%XoiUacg!OE79",Check sum is \
test,Y5X|T?k`.KG3I6cKO'iRg@Tk,Check sum is W
test,(vyXad1a.{@pqR;NjYV5klEkis6ggu5R!?6/r9 +Wh0gUBN*,Check sum is \
test,"/596rg6?)<DwbK'AEN]<q!
4,__Tv}t6*",Check sum is 7
test,hE/E)6J*RZe9.zmRh;0F!C$,Check sum is &
test,PKvXI_jUI)#rJ'Pg,Check sum is _
test,Y\q<6JEP4*/r<}TrCUu]M=b,Check sum is +
test,"XzF:c,"";|{-!FDI\(z",Check sum is 4
test,T]x?yS`w7rT*`aa	t.Zu,Check sum is .
test,q1p.L/OFv-UD8rZO/JBCE|=6g(,Check sum is @
test,WB7EYD^[5Tx!LlSl$9j,Check sum is +
test,3vx\b:74O~,Check sum is 1
test,"f[i2u#Xfc52SdyIZ8J<Hl,uxt]eY_	;Yvh412t-=
Sh4bg*",Check sum is D
test,"1 AGu$|$8)a!y0TF2+T?@	 7tel@s2*G|`q
TSY0",Check sum is J
test,c#T>0Qx+^*pU'L,Check sum is \
test,"""<Lf8*7aZPd",Check sum is 8
test,l2/U584bf:H,Check sum is -
test,"s)v8J0iO?]{R>cE=4\T""_Qw7/soe;;L",Check sum is D
test,j5|6g%1>Xi|oDB&-G3/QZ1'lXo!=(:,Check sum is P
test,"K]7}!Hl}*iOKwILEO\J>
l^\'5Mi	,8i.ym+ 
AB1s<",Check sum is #
test,"8wkrFOI""7vI	ZcX|0qP5}}st:>IQ$No]-45",Check sum is )
test,"mE;m(""uSux~1M)Qg.1.D(X",Check sum is '
test,":aV_e""]3^w_^*Ti+-0T`^Y",Check sum is 3
test,"^7ohowS>'aciXPNt[&<nB*)@lgM#:F
_A`ml y%
3B08Bix",Check sum is /
test,5Np}ixd199oa]p#IgH.|9zjHTHB}70	?[?uX&1v,Check sum is =
test,":I#2D""m6*z	)UA]VBsxS.e}
c_Prx0",Check sum is &
test,Dp,Check sum is T
test,"]
o""s*(rnUSYV6F",Check sum is P
test,	T;_G-+#0Z?S,Check sum is 5
test,)LpH	-Go&sRK=w`,Check sum is C
test,"BC+V""FnaL<;nCpneN|ZY9#^)-RR$rqMeF//exy<	",Check sum is =
test,hq&P=evgAH4U:x1e40n}t4~{XY4p=aS[,Check sum is Y
test,AxD>-yW[]Q[4wog6,Check sum is 3
test,qk{T)cw}6'WU|9bBFTS|}VnkN[dF6*?]MKRg=fXDX^pf,Check sum is -
test,"4i$&lS-|AP#oCQ
A~LPV-G!7oc5x.:j/:ph$Q}!n40o%",Check sum is 8
test,"9K&-giH@<;qqV^(i%<t~xBxE->@qPqTUX{8L$Ez\
R6Q",Check sum is 6
test,"6_>.>DLa:~7
/YF1EZl RtdF""d;l_jog.gTBD",Check sum is ^
test,>Ge 'C<]Dg}$$e0n}e&,Check sum is (
test,d33tUBM}E2bH\i<'L,Check sum is T
test,"yec>ceP>R&[p,!l^w'k]
AoIPIKx'N$CGf?KW~&B@oG8r+>",Check sum is -
test,5^D{,Check sum is 2
test,"#'b;d{vjHbXW\))e/ur
%|J!B:~+Vi<g^bo!RBU(Oi^XjJH*M",Check sum is '
test," r].N vJ
~u@#l:9|pg+^",Check sum is F
test,"qmZi72d2$i`[BB""SDZ3>.;-_En9hQZhm|y-6wN*(a*!*=^3kY'",Check sum is W
test,OAWU	Cl04{	*3U4z]L~Va)X,Check sum is ;
test,"J:DqpE/RR&B1D,Zx7HEHj[axs0`H(zsS`{je%'Vs",Check sum is X
test,mf!@gw,Check sum is 2
test,"SU+5DY#b9^'BfG 8iO  YZ""$""NX5K(~
e`4e.opXz0~7N\z[(V",Check sum is W
test,"/DSjf 0,R{# h{+4j=XFoa@~?",Check sum is V
test,)Y;V}1:6~ e$YcLkH`#A	?	kS~DNBKLnNU)T,Check sum is =
test,	?,Check sum is (
test,03It2JPzV] fz7bJ15{}WkrKE*,Check sum is (
test,"1s7i@;t<Gbt:,6f1R2Lq<oqT>aavr`",Check sum is X
test,"2TK""a<q",Check sum is !
test,"`SU6Nf""DSeFnMI!k\;qOo!^Wp w""fSb'=pRTS",Check sum is 3
test,".<GrFr+Rv@hYx`:^""rx[>OW^#',)N{ezc.cn_l)",Check sum is %
test,:|te>)qBa0;vp,Check sum is ;
test,?%V5M}b,Check sum is ;
test,%i\66c2}.Y.9K*w}rZ};^fT^LvZSSw~NwGTAAd}u,Check sum is H
test,S;flS^syP1%th*-BO,Check sum is G
test,RQ	#.7XvBq20>|$]`AI	?$n fcv@Du<>I,Check sum is Q
test,i!*}Q~w7C$rY~HGjeH,Check sum is $
test,GFITN?o2?d~\!A,Check sum is W
test,"82""7dTOj%!WKvE{0BE.uAh9;,E4Yf!>","Check sum is ,"
test,"NeF<E5j'%)l""nC>A$ao8q\8w$W<;`u:aB b>FSc*N*&l_4|o",Check sum is &
test,t}6[O,Check sum is 1
test,"[7e\r
7$8LvAUE",Check sum is _
test,"F&g%uxr3n=H]>PD^ n)`,V+JW&,xL# <OO#]OE!",Check sum is 7
test,"!_$mm
Vc(+=*;F!a6
p6d4",Check sum is \
test,P=3O45'A]9y5O;|Ox;%1O2s7 U,Check sum is B
test,"hw}w|RL|&OtYM<*#u5- ONc(e3""qS_<opot$",Check sum is ?
test,\:N4cro>Ob,Check sum is +
test,"<{!-	""hM[dBAqbCiG3*]@}:(s4&&}lz;!kgV;0",Check sum is +
test,":f HjgKK?iq[6paYL""!""E((Ko+Y+^C:!S.*%t",Check sum is R
test,)=2erojuqf8$Y[,Check sum is D
test,"~*l{mhh6'J,$hG*>}O\g\XZEVYjxlj",Check sum is C
test,qYG]GIdoPq|,Check sum is .
test,v?I8';@-Kl9q9-B|DbCA*pzMnS:	i[R`RzN-7,Check sum is -
test,FY,Check sum is ?
test,%s6*}ggO!RJ,Check sum is /
test,o%vN9I,Check sum is :
test,S:hJAee,Check sum is *
test,xD,Check sum is \
test,HEeE9O3~Kn^0;pjbq4RDpXq,Check sum is B
test,J79%gsr~M(t!Ejx5VFg@<GLh$V~5,Check sum is V
test,"(a""yj~","Check sum is ,"
test,",(`gQ;^<YkHIxxZ|@5A_j=K4&c`p""dH|/,IsQj#]TU",Check sum is U
test,I}-)|lG	[\D|4f&A=[	Hdu|,Check sum is *
test,"""5Tuh5/Ry\",Check sum is 3
test,5V#w'Z}&(*%uWK}BO^qr'i}x?`C>U,Check sum is @
test,"	IzTMRAen^vu~xA0Fq& B
-$gL",Check sum is 0
test,"^_P@L
X-- Wu",Check sum is !
test,_x8%Mu}Hb-8'af-V0b1C>@K\8={\f#@>:Uw\aFEC=y1c	,Check sum is 5
test,cj'7?DRwVh4Rb,Check sum is =
test,"E-&Kdat0=\KczL0

&,40y $]ii1Xk{Ufm;(T9,eIv<M",Check sum is ?
test,aj,Check sum is +
test,"?ym+Y#vw&}rM2:=YWT(w}=|OTgW{fi""K~FfjB`HP!h
.Y",Check sum is =
test,"l^x9p""B@r`]oq678=<AHvrf&h$DbS:N<_",Check sum is A
test,"\Dp\G""AI]jp,0-64:g%@*B",Check sum is [
test,[Ru7#e[V*k]s^19Cig^7\!m|,Check sum is -
test,",7{y|[",Check sum is N
test,!jJdA7j5ti	KKKpaZQCv6|,Check sum is ^
test,"Po&c`erPgV4DmWA8PJyP_\su0(~9BQmd#
yrL",Check sum is >
test,/Mk;U	A>U*O{a :O,Check sum is 2
test,"=ox;n%W?Yj^""Gik",Check sum is F
test,"(QAq&IPy`O ,Cq_F4qPIAmCLQMngEF=SXl-]ab{|o]<iY",Check sum is 2
test,"5*@'""~|M=oKUk!Sy%PVp=I[0]i3EPs:O{>WqRJi,\v8;L",Check sum is L
test,ynw svSO(|!mX6.JZRN&gEs7_y4T.XYh6|I)C5JX}jE.{,Check sum is Q
test,PZ	m{)*i&3/f!,Check sum is F
test,"<fnKXkN)0saJ""3<M7""!8~t<k6PAHAF]",Check sum is _
test,ZlB.7;einEMNg%)g,Check sum is @
test,AUd!OiZpk]dQ5Z@AL-QE)UF(`W_&}J,Check sum is H
test,6:'DT'u<c.V6~*~GbWk%FM&	?nRN'd6h5HJeBhk,Check sum is 3
test,UT	t^,Check sum is $
test,"M
>?s`&-r)[VqI:f",Check sum is @
test,"tlnn[;=E-9
62FSRZ!r
+i{X"" cu)EcL ","Check sum is ,"
test,|\yX.;f6DPMHHlg~S^N4zGBtQ,Check sum is K
test,"4 <wTKSCSvt|:q{O`'A""5g^k~QS;vmWC@N:'(yP)ZY(zm",Check sum is >
test,HBc{ZjT2H)@M{F>WcADEV;OW]t7,Check sum is R
test,"9o\*:>q.0uF7&MIe.(;,{@waTok=zvC^",Check sum is 4
test,C`^tt	-\'1P\63_x9,Check sum is X
test,<r'2,Check sum is '
test,"!r\.S.jSt%`uuD8""M|
>_4WqCOF#",Check sum is #
test,H|\fz/I:x=S,Check sum is Z
test,",C{+r
6=r\KW9Q~9T+\,Zh	]^x(e?T3duE@""PC9>Jk3a9j5J3!",Check sum is 6
test,"vZ
``=IH?+_3sP#`;.#ZH`kI9z!K<A6sOEz\-:A]=shTCp%e",Check sum is )
test,"f!E^jAd(o{
s",Check sum is (
test,"j6nt.)QVyZS>cxZ1Gw)_&*0
L!k`;+4SPeJ-*s",Check sum is (
test,p4vD,Check sum is >
test,oa2g<ZPS,Check sum is B
test,".<H7=Re^c#!R}g]7OWq""k2ie~""%)",Check sum is ^
test,"cyRj$mG3&	s2
O=e3g[",Check sum is G
test,"P4C$D	RKvUp7:y0Eb,tW:8(IRJW[R+]0vY0}#1T,nq""~",Check sum is 2
test,pTO;=&>*5/Tk=X{HE=>R_6P-7A<9`S.NM`OJ)c8,Check sum is >
test,"/d>D)0VQ"";HV~$""M",Check sum is A
test,"N;	
XLQ+1ID;s_c RSIVPEBW6}^L",Check sum is 9
test,kA6956B2,Check sum is Z
test,k<ndDleihU}<ft[,Check sum is B
test,"u:""PV"";&ox_@k1:
x",Check sum is 8
test,^b\.~#:yX1TtDA1Rs$q.{@tnR6[ptTy#C,Check sum is $
test,z3(OO&ZG)BJn8GNmd!|iJh-JI	M{0CN`4:zn&DW;^,Check sum is 5
test,&UVLsH9M&eUyg,Check sum is >
test,&;e:,Check sum is  
test,"eNYd_S&2Wf-D;6EvWL;Y>Eb*^
X3F4iJ--Ni@",Check sum is +
test,"	Z:
=xTz$_2T5~` ",Check sum is F
test,"QQz0qd^j3P
Vv&A
lge!$+m@g|paKi0AoejS,`1IDuV<pc",Check sum is 6
test,"b)m	/&Fqq[4C>""%_1?udSO/Iz$53~tBnI""",Check sum is J
test,"""EsC;7XOt(J.f3`^p_]]4zLf?b'KPscnB&I:kC}$!`WaJ",Check sum is N
test,@gyFZ\Gm.*TKXh,Check sum is '
test,CswD[.ZBMGTz 5`AApu9:#wX)CUXdEgsgV?r,Check sum is #
test,`]3C+>8	z5[X#,Check sum is B
test,SBI<,Check sum is :
test,"17;!<25J\& {q"")D",Check sum is .
test,Z{_wr~<PdJLN&*tdZPytJmL<#PSs$rFxD)g{_y18U2xgcIQ:,Check sum is G
test,4V#G+I,Check sum is H
test,"1Gtwk'0<~J@nf _#QKe*n(y>z%<8,=\\*QrH)`DIlf&",Check sum is .
test,"}zx$zHg-u>\B/o$XMXGnOL""ihP","Check sum is ,"
test,PU	4_N$E	R,Check sum is 3
test,.y0r^#_8nMNi=J76qxNc=lR^A(L1/G[C`l<%fDhc,Check sum is 6
test,UPh(?IHa`@Z,Check sum is @
test,"HBtkS:6M)Y,ZZN-kEBaD'GLifR\a*FS&",Check sum is N
test,cA7r;];@.]g;n>8VsJa<Qd#7I&o	,Check sum is 7
test,v9=t@D	|9>ml`	7	xRfrhT|58z@j8iZi{~;*xu5+Bnyvyy{,Check sum is H
test,"}XrAQ\8ExyY
",Check sum is &
test,1m,Check sum is >
test,"/R2eFP:D38u3-. ,c$%@fd:uVMVE[=m",Check sum is .
test,"be1 r0,=\KSe](""Wz[FD'w&U",Check sum is X
test,?O9kW0o.wm,Check sum is Z
test,+2C,Check sum is @
test,"{~tu F;8&4TTyC:d^+)L^M_5\g,2
JQ:@D|18(A:R=:nfh",Check sum is E
test,\M:>I1uS0p-' h3p%ZxdINu	$5W6^%^Y{&Cz\FV1_VP`,Check sum is ^
test,"$f^vuMX*
`e)1;jv<>Q*R",Check sum is M
test,"+|N*AWCO&ACEUT=,h-mpO4~",Check sum is ]
test,?(Up~Y	q}Snq|+g/*EOje`([@M0,Check sum is 6
test,"H1uhd `jGb:4`XfcKIQDp>[=Viabk><e+np$1I+
>V\	
zPj",Check sum is *
test,l:67Ih]1c4@FXp113U_&2Y@E{mbX>eu}vqa].K2iXtJDKu[k%b,Check sum is -
test,"4u,ha/'2Q5rJ;:Ezd
+[>RLCLiJ_ 5iEZ@(_Z^bOOdW?FNk""",Check sum is $
test,"LjZIbjO8l@IX3`#{/o;b[Vy+x`(tiM'N2V""",Check sum is #
test,"k""]8KW:1ynST+{t~k}X^x;sSDxY`T4%!R",Check sum is !
test,^8Z!J]MCPyZ_OQ6?,Check sum is ?
test,dfH$MC:SKF%|Z&|P!NUKjp/uPAu~i,Check sum is +
test,":xQuGiQC;u9[NzsKLTDbjbj0(YLsZO^savbM1)-*')zu~,)",Check sum is U
test,",)!bmWyKLdp!zx`,D}JlwP)jHvH+)t",Check sum is ^
test,",>?/ZKgX\JKhSFx7,dX$nPIR2jtC9m@",Check sum is [
test,5rvk#opDW{Qu}<8M<,Check sum is @
test,"u,9da%Nz@W<",Check sum is ?
test,!4|w9<Zb%{ho/D1WM't_2PI(gxU+,Check sum is $
test,"]%0tUmo=Q{;[.eq&cV.x6DQ)d#$hjtQD#+:aLl(f""SI4^",Check sum is X
test,&U.l#$F!5o(-U-i<kq2>xKZUAe,Check sum is '
test,(6x{lp[x+ASh!MGr@??6e<l,Check sum is /
test,:VvkG(`L^lto(?Y1[@(o#:<4iV]4/rzIJmpP.e]D+,Check sum is S
test,n7)`&qN@yM@J{sihz,Check sum is <
test,"8(s}#gR}00*
W4y(`XE&e%`)l7XkSV\",Check sum is *
test,^(,Check sum is &
test,"%ARK/tB'<[P1jQ
`>L",Check sum is 6
test,"#E	E_)<.67 Hm37_(IWT5O6955""	&^LfL",Check sum is 9
test,()g5|q&IGv-,Check sum is S
test,-N/_UwMN`3jj?cJ&MwE61vPj?ckuq,Check sum is \
test,":kV0O%QAit_x);3?cugE8lig""#Z|dvp{w$9h>`3=<8hu$4",Check sum is &
test,"C3%WR)V;` 
wg$-U 0,(@}Xn12w8w;^ez*{m~s",Check sum is W
test,"4asgWQSb$;q~8v|{n\[G8UUNG;)""M=]s/*(xHG ",Check sum is J
test,"1@P^Z]_IvO/!A`5M'`~aHz_EvDt+dY		KJ96Vq](HROF+""<l^V",Check sum is 2
test,"U8
pN7*;KUV8xY&-n2n hz%XZ.Ow >D-*loIx",Check sum is S
test,"~>u[+L .A)cv2O
1VNu=Z[6_o1>a7{fM\ZK",Check sum is 5
test,^[\m?$lPk a3egD4`VpTWmW_X KK]?N9~J^E@,Check sum is 4
test,4g~(\,Check sum is =
test,"M^Uo""17	:Dhux""8[p%#","Check sum is """
test,!o^6Se>dqO\vR+AE uJO7-Qx}g?f0,Check sum is G
test,"Q%OhN#k	cgY2rgK+[HtM
>O5bJ""",Check sum is T
test,>[dsju1s,Check sum is S
test,% !x$x)R(+Iyecw'&F-{CY%u,Check sum is Z
test,v&1!,Check sum is N
test,`0#-	/rc;rX*k%dT3GBh#;~b0^[m9e\!c;m\	(1,Check sum is  
test,"_s"";.1{G~(p*:]	2H{TJ- V_l=1N",Check sum is M
test,"M&E:5YD,",Check sum is P
test,2ya#)kUg,Check sum is _
test,"-U_Z/QUQA3]xsd
&0`v;ZZv14""(=x:Sk@h+

4d 8U",Check sum is D
test,"<|!b3Ggq,i?W_!?^""SPwqyc9(25	[}wi,A$m6@j[h]e6D#nw","Check sum is ,"
test,N1VP3-w0)~jDTF>Z}(O?&@q5g?/7dC'w5RqG~OmeJdu*h:5g9,Check sum is E
test,")FY9b3
kKRPO.FP)q!oW:_wWHSdx/x[""6T(7YZTarsa[",Check sum is  
test,"+bC;P,:X@7L ~B",Check sum is \
test,.q8>e(9,Check sum is ;
test,rN-!1	muI$rydf,"Check sum is ,"
test,"XRYb^W
n'g$r",Check sum is V
test,`)q {-R}:SlzAHtrJrwX@~m!)	H//#OV51[R	4/q,Check sum is :
test,bKI_vYi`JJ*PK}	CG<EE@CB\k,Check sum is H
test,"BU/j64O'x$2nb,&}m1OhNc	-u(~8k7{{f]v1o(;",Check sum is @
test,myEO}Ct,Check sum is N
test,"dK]o`-F^e_C}X+Gh9J%
Ll8iBIa",Check sum is 9
test,"P|;6:Hw""(RU8b;d:?<05.H;pB)+aCck1xS5nhxu8{",Check sum is *
test,"_Rnq,,\$6en	pP]>
t!~/9|",Check sum is 6
test,"8@ l'(	y{V#Y:E""?XQ$/y",Check sum is W
test,"*%ii:.c5'%{:BQR7""rHTnm+Ld|Cj^z>Oy(2@F!NkgUalB;",Check sum is K
test,"!7\+q%$a1wc
?t","Check sum is """
test,ABS|Y;=B`rgmcR592GoMeY)E-Th?9|'U3[G|8zJi\U,Check sum is /
test,"oMj'(	L4TC4ypP>l][eS2D{6t`ZjS}<%'hw8""M$MyA%lcn!",Check sum is G
test,kgw;	+]32~Y_g5y?t8UM,Check sum is 2
test,"^)-n:X.}Qp Mf\Ev'0p/Y)0\1<Q+y[_K[lxoppXOY+4=S""",Check sum is 4
test,"|&^6UI,Yu-LZk< =",Check sum is E
test,"Q5g9E= YBk_805pYwGA@R'G5(F9yJC;h(""G.N$\g<p3k:FRP",Check sum is W
test,#%^A7.xY=YZ0b8K|T?sOimc%,Check sum is 1
test,"|{bd=Ye8>'x]dn2*X;# )!EtB""V4<K4a	:e\4Q
nYx)Om",Check sum is R
test,16neSb_0.JC'?;UHmbyzo7|j:O{D0#9\xSZf5vK965wJO]MF,Check sum is :
test,T0qb*rnOJZ}1|WB4mXo%amc-'=EkGf]$J`>U-QBv|,Check sum is S
test,"'t""J~/5byLD40Ai",Check sum is B
test,"B4lz+CQ;rcq'wzv(a4[6ZL
SnOoI^g Pc`hS#?WaITI g^",Check sum is (
test,S<^7dk.*Sm?SMF?	_Q&-\X,Check sum is O
test,"\RFTCO3BSngf	?Sq[/2""nBW\Z$B9Bxn%C8(F!c",Check sum is =
test,"
%,'Fi;Mb",Check sum is ;
test,4F^.w,Check sum is ]
test,0|GK,Check sum is ^
test,"o+ktlAeW8i~	d
mn08$.Nn`;ayJyC[FbS{4Z(
h>_",Check sum is :
test,<Y0uj5v_7<HZ~0vkJ!0YFlnLPTPMO^D- >greXJ(,Check sum is W
test,H	Ri_\?2},Check sum is U
test,"c,0L+yO4}O~b",Check sum is >
test,h$}Z_yHV^s]N08gsZH*lS|V$Qc$,Check sum is P
test,E<f5rR-z!V`{l{\;/D+ ,Check sum is 5
test,5%Jg$MG)J,Check sum is V
test,5ooGIN_gd#}eu+#f0l.2,Check sum is %
test,SHmPY1W(G)A%94C*J6]DebZMF !XA,Check sum is  
test,"Ah2;^q:j\X\4,7|@0nHJjK1
8V`v~g>0}_,M7<.W#K$z!",Check sum is ]
test,&6wxfv,Check sum is G
test,RY*X/w88	v?H$}:(<JN7S/b}F!,Check sum is ?
test,"_kc )w""Dm9[Gh[^/r`.",Check sum is K
test,"""b.v:8J}Y5hZ&J<yPP\4o[Y$)nH9%mKi(kf#<='j>Szn",Check sum is *
test,"""GMF24uTU`c$H]j",Check sum is V
test,"v<HK~\<1x3b?B%V|l
#5XQa-)htYoz N_,mOeI?,)r<|d>_;v-",Check sum is =
test,Xs(&`O&SL`s7,Check sum is 7
test,"uv.mS.m!eFh@
|9o&1k~dWU:/fBN?,Nk2>\<p4",Check sum is 5
test,:}Ahqc@,Check sum is T
test,"3D|ak@D^J
33$N*y^:5",Check sum is ]
test,'P,Check sum is W
test,"L""%A($`8,e5dMGrvb/9?\? b",Check sum is $
test,"OrCX!E""Xo*nPGt^4Q']mUj4}*:MMSd/35=9M!Q+o",Check sum is M
test,/n'I/&|_1vf?u+@f89E3)TA}@7,Check sum is J
test,"C?es0{5'pZ<	z1&)w	k<Dx}`\< 7t+)pNDv+A
/Y(ASH0;",Check sum is &
test,1Y5HE)KO[mm:	pEb&?N,Check sum is 1
test,LQD|QFKPr(JF_12F@;!8=M#R,Check sum is 4
test,"pXqM#Mw~gJ/QE91Hq-yS*18[$G""V)<B{vN&@e/?BPT",Check sum is 3
test,"XNB?ZHgiy_OM0:2#9@=f#1-i~- mdZL.s k
yue,>l(uN6",Check sum is 4
test,`r..'^mM_[G6OFg+:LO'US#M.V6MQGq,Check sum is O
test,"$~e0Sa3l]*ETe<{[wTfPi""<qxAh%[u:uCpI-?W9G",Check sum is >
test,=.L6~O?J 7$-aUol+y,Check sum is @
test,4QWK7CE$4}[uI	Uv@	^w'PsR9dj9#I}3VJH,Check sum is &
test,Az^vJxJ5s9(8W}->?CvM9 jf,Check sum is )
test,"0y1C\&pp	N/VAY(`y;R
*",Check sum is W
test,WdqoaOa>VFlV4X#/Ytef#tz,Check sum is /
test,&fQ?x=j5IK;<we0B/k#%j?,Check sum is 4
test,(gb80=,Check sum is 6
test,=Cs0v0=c(pBF:w6mC=t$ndfgHY,Check sum is U
test,vy,Check sum is O
test,"/p@8KA1Gn`2X{\%[_X_xh
s[Z6{!gf`",Check sum is Q
test,Q[H0#Cbg)hD57LW,Check sum is W
test,"S]m0Cc-Zs)	-(XR\""@45QZxV<1UFGBn>B",Check sum is ]
test,J&0$Cc\J	K-k=}se[xD#ngvzyxg,Check sum is E
test,"Eg`S^4&GG&Qgu1m}dRSC3,QHH",Check sum is ?
test,"oH2^~-/0""m6Jb[?$sSPZ",Check sum is P
test,"+Lop^
(+AZ
L1Zg=/BMh6
M
5!lb&^	ph@Zs]
V.b:`",Check sum is K
test,"cVNCm*x|uJf/@PN?=tT%k""ogt>Mt2'Y!KF#v)2QXek<vh._C",Check sum is !
test,_6,Check sum is 5
test,"aXe+,O!
(Nbk|kc~K",Check sum is %
test,pS|H,Check sum is '
test,=yV_!i,Check sum is U
test,D%J4[*1;_oW&#= 0|i,Check sum is X
test,tigwzzn)< 1ToM0\ HVtK%m</^zf -JU,Check sum is 3
test,"n`aFp%`b5F2<aT9;w-y
Jz`GQ;ft['Gd8hh']",Check sum is /
test,"6sr`>%:>!6<m(2J]3Zt"">Gh%oR|b~+/1/LSvP$hy;0`",Check sum is 8
test," h%2,,`m^9w:E09p8#9PQ)vuLWq\6DA'\2vV",Check sum is ?
test,PTP7'e+>?9MvIs4Lljzor`1P^gI.bU.r8t<6,Check sum is :
test,LD_aMq7TVJ#=KA7>aFcb.PQ79`:gJK7.Sv =tvO.CkpMgL9,Check sum is D
test,"].WU&T]5Zm?<>/	P-'	
K@""&5=uJAa,*",Check sum is N
test,"/u<PX^ 
N&zyqpY",Check sum is Q
test,|2h0d,Check sum is J
test,M(8X0>`\+^k^~:*k6>N<j N)rN{dImn0R9,Check sum is +
test,)dx1]toeQXSQF,Check sum is N
test,"q!TT>A]a=7fj=	}j2@OUsk>)%g~sow,}f%SBo}56g|^",Check sum is '
test,!$UJ)==*XMip*tt4%e;:Mo )9UpRs&*Sz	+{,Check sum is (
test,"hW 
t(=o~pk &OnpPL$oK\W\[Zy7+""
oZ|Jlh6r:;YP%K[~",Check sum is T
test,"""NYin>.<cIXN8FakOw(E{",Check sum is 2
test,"xscES,WsXpK[D:",Check sum is (
test,Wqk44}KBuPl)	C^HEtk1F.^~gs,Check sum is P
test,"F;RmJ$hx0AH/0	D[NdVubbwAs?e+7-|RHVmg?j90U
@wDTo%&",Check sum is G
test,:.c],Check sum is H
test,"*&LVvrGX,$vh0:4<T3jv:$W#	WNT7ARZoxCRaSbaj{",Check sum is ^
test, DQn#/ZAN!@yNACOuPxY(,Check sum is 7
test,uV,Check sum is +
test,rS%,Check sum is J
test,[pM 	p;8R4vbSAY_eHMRygL8d,Check sum is B
test,{`8v n>,Check sum is 5
test,"~;^|tr
sSc,
TIw:HI%F$X4Hj&81L}$cEhxRk3\e)F@Gk	7",Check sum is D
test,"&-4$P4/7^::5A,8L)k`1
'G_cf	|Tnc5~@2",Check sum is A
test,"hF
dV%Aa	VENNt9rhM:{a'rEKbLCAW\!GVtdua 5",Check sum is R
test,"*j	gzY7RRx6il|GEI	>HfC81xyQt(,geT$",Check sum is U
test,"Qk_:,JoupU6 :c{rjCe}b9{~",Check sum is W
test,eo1}#c]Q#Xn:tE~9,Check sum is )
test,$&@hp)3H[dw]X?.u\|.^,Check sum is W
test,NgX.GTsp7|i;A?!Mr>%R,Check sum is E
test,"`ofEOtc""","Check sum is """
test,Q/^~A8kz,Check sum is Z
test,Xtnt5-hq@gwbtXVo,Check sum is Z
test,"XRph\N'H}ovCulTxw	y0j)V:6	$
zJ&|yWP6bN",Check sum is 2
test,"[@&X\,I+1){`i$p~/l1&9{6zl",Check sum is '
test,i?,Check sum is H
test,}Aw+]Z#)PNy(jk~A~=K20VVBEyLz,Check sum is 0
test,"hfMY\k~A$OM+Neumz9j!gpN|L""d~*iV6HpEgZ`aYIRT",Check sum is /
test,xJ:v_ITUrY?o@uI8V<e<k]J`LVl&^;H'4?2ZZZcGv4h_,Check sum is A
test,"-LoPaW
WZ>oqoMeSv]jL+;o/!+h\A&ZAZ",Check sum is V
test, y:}yaKLi;RB_	.8G,Check sum is .
test,-G0tw-(Gu@HeF08vn5dWBR,Check sum is C
test,"0d l#P-U`\Aqc??B- 4Q@O5""mBdg{n	#T1i/Hg::S0S]vCY",Check sum is R
test,"Mx""`7$${pd86%<QTguJMk+",Check sum is 2
test,RAqJkplB/f,Check sum is L
test,|H&Pc0RF|irwW(9G,Check sum is R
test,K!b`al@utLHf%*P[\D{,Check sum is S
test,"&2-SRMVV2H1%$N=Fn#rj2|sxe',YAX\}J|]",Check sum is 4
test,"S~B	~WqrHsM4%xA{va#I
0JA^b_w8R%",Check sum is V
test,"_Dt=^m#`O?BW?d@PUAL8ZLEzmLk@,59oCPo8Z.Q~4wQz,",Check sum is ;
test,Ic-z =li/xMjXOrgG9g7y l)5l1,Check sum is !
test,E-Q[i1OCN2t!,Check sum is ?
test, H1OW		(v|#,Check sum is .
test,"j5$SEl!C.IxV,7T{S0;p[5z;#Zo/?usIgjTLiyTUy	^i",Check sum is E
test,"g7M}mr^IT_b#<v{""9[T=b-",Check sum is I
test,4jm:R,Check sum is 7
test,[U;vKK!XPUVFqAXOj#.?e+y(]qsD_,Check sum is 9
test,f=i)=_c4BM#klVX$#zN`E2XXlaZ7K~,Check sum is <
test,2!]a,Check sum is 1
test,">B2WN4:a7m'@g+D3q5LRF
(LLhI/]1rbsFtg:Xolb",Check sum is S
test,"?t~x<
hGmX@aGSZGk.
GHM<=y",Check sum is P
test,"^{5|hql_ V-J\""8}eVvo+,Zk'H""l*AG6GUKILw=?0HMG=AY",Check sum is !
test,"!$)P_!$VOuwX{>
>'!",Check sum is 4
test,"!Vt~vag%DH|uz
hsl(_Z55B0,MJEB4Dj;TZp""",Check sum is X
test,<pM:j>y5S;jf_p3#q1TEjDd|CDI6HDzk}P%\,Check sum is :
test,rlUQ!agmdI4lzK[Qe16)mz1,Check sum is E
test,"n}LP2Y8""ZxJ1)n>{4:vRO9t[<yz^elQYXe$ye3
Z&/gN",Check sum is ^
test,"W""MXR`j[118dQe~;9sT}+10B<r_Z=xrBH{Nh<jw<",Check sum is O
test,"][u)x*b27xL7Oy$>%}\}VhV
=@n}:w",Check sum is :
test,([`M+c OkZ2S[,Check sum is 2
test,"kstn]5]LW QpH[7uJPzq('9uc,_X",Check sum is *
test,"x,B4!'ny5,PySZ,^K`u&7zk;1k1@Zkg[lF",Check sum is -
test,"yZ*,^$tOBYKN=3c]f@6'7r$F ""TU;",Check sum is .
test,uHX~m}jw:Vtr|_1t_'ITD3zons+I%Zck*Ud4bBBV7JL.H,Check sum is /
test,!9I[yeRos6w&9vA3xBiuZQdaM),Check sum is $
test,":G9$R@b '4:H##*j.DjITgH""K:#:;YkMg",Check sum is (
test,QASWTi#e'I)5{MczqnV2{&B<	F4$FP3pT)|t3TSYFxv:M,Check sum is U
test,"Eiude*&6#0sOuGew#c|JcM,sy$%?;|j'K,8]O~UD",Check sum is U
test,dl7]>|HZNmW.8@t#T)^3^OHUF'\gO-?a2Vm*RJ3NeV>hJ:p,Check sum is $
test,Nd3,Check sum is E
test,00T_Wx_2C,Check sum is V
test,"P!V&Igc7E-]EOrFp>HC,U""J&/|hzO%8d4B+OfDdQ",Check sum is *
test,"q#&X""FwVBwfF7>~z[2`6LO,ZTq}A,wL4BO|o(Ch[Lyy-)yTT",Check sum is B
test,"_3?""#PKI4hd0\`,p#
:!_.5","Check sum is ,"
test,02R|G~%gQTC6w_?8%RA,Check sum is D
test,l8:&Z j~kdyTp(A<_;,Check sum is Q
test,l><:;eoilW[GeN@@]QJ1oO,Check sum is 7
test,"N	3>Oc&Hu+^#Njnuo2xf*R&N{~{;v,PDpjTI\",Check sum is +
test,4G{fZ:n,Check sum is >
test,(q=9drV^VW60g72X{Cug!sEvVID5s{/u,Check sum is G
test, phRUe	,Check sum is -
test,y!V	`c9#h<Q,Check sum is -
test,"&qkrE|,iBbOkt;ErFSCS{",Check sum is X
test,~zKzCq^O9?{=qLVu*?#;p'//~%Wb(	j\i(,Check sum is V
test,$P{8Dzcx\NkE2I^j1Qyc232AR dN=i|KY2uyZ-DgGNw\`8*+,Check sum is D
test,P(3 2gAhg.:!Z,Check sum is 7
test,"orx0#sRUC!u\]M9hGd@EH
cxETTW3J??J",Check sum is L
test,"6[{_h3CsIM, @ddF~.(*U~N6]pU>iw!b>kHzY1-JBa_$EZ",Check sum is U
test,L	u7J6]C5:.h]hhw<RY-c4 *m.9pZgst-%sL.$/r&^f]M3/nt,Check sum is '
test,fVu1!|\;YC8Ex }G,Check sum is +
test,X_\{$ha,Check sum is [
test,"7.GIiqXz@569Jb[0sM?go#t7:PH++W,:x^Y vP-n",Check sum is T
test,"""q9EDci""%""lF$h0Rb`DLJ
	xXe,L  :k@ _T;-~Z|`%$Y@R&x%",Check sum is Q
test,"v/wfm<$i>k>McL8)xj2}uo)0tf,jS",Check sum is -
test,"n_r55]9BM""vU*6tuy.<6Gz)X+9""4Dy\F$KY)]|YT/",Check sum is >
test,"+]|/0|`u_O. O,v<	T(\hNBh*cpyi9C\&yY}qc!!LLyU",Check sum is &
test,Ob>x,Check sum is G
test,"Ws1n?X
p*.j.-dY5ld@gma6RgM,-'|5+/c",Check sum is X
test,"8O>$-F,|#9:	hh-(C",Check sum is +
test,"W!d+.j}mv
=Yao+#[<,A~.A-C?.'!)FgFeg&C_4F2U+Cq",Check sum is C
test,"	K,o7;V0NGvoESB<h	k*@c=$%q1
A*,<=)o,fj{x$"" O",Check sum is >
test,"A._Z )89pH{M\wAq0'VkY6q}A/_*>_Z%,Q'N?AWJ",Check sum is D
test,"i;87""2'aT(u0=;nd7##lRGcw'CfXH|&5/.t",Check sum is .
test,ZuM^=JQR'6A1gv}`IOLW3	+,Check sum is /
test,"i5dmx-)BIM|
X	_8@X?!D%Y4=:Uz};7Z",Check sum is 0
test,"Q=QUGeMs<EbTSCS2)T8ylp9s,0ge?!F<nrQ|[gx(A9",Check sum is [
test,"jBD;3k)`&i3$!lR?aD^ t,:>!,@f4",Check sum is X
test,)5t-0bhZWiF~jq'6{	Sbh%,Check sum is 5
test,{jRhu`.'#56t+Yi,Check sum is X
test,"@5/7~`{|j""-""Dq=",Check sum is ]
test,"+HRHbBP>kGPn[t>\X
M6@ $0=-Ft,""dy""bOehu`QUp7jAb",Check sum is /
test,"y>&7r^a_Tlb
\
Lsu2>-(&Atb8T*T.sgp[Cs`z-<*M^j<p/",Check sum is <
test,)+	86QbvVBsU7w\l uiKV2bBxMQZr,Check sum is A
test,o@A\\A6Q&wy1,Check sum is W
test,"m\[3F _{
Q{~CB>!:Rj13? ""VuOGT$,dSHC#9_n04z?.A32(7",Check sum is J
test,[ 7IC!;-2qTQulhuV4{,Check sum is 2
test,"Jj
b3",Check sum is 3
test,v(<`%a)*K7|Rv_EZ.MMKRt!=2Md`Ol&{vB	e.9&nO^H^g~W%?,Check sum is !
test,"KZ""g,BdEk=tJ(ZhByJqt5
:/Q2+e7,3B];",Check sum is J
test,"xK]
k)SH rjtL4BD|ffu !9",Check sum is &
test,d]8BcEou5(2MvY>+,Check sum is ;
test,3HhQXA{#mrSiuhC{Y?vN:B]pN,Check sum is 4
test,U`D@$u9.R\uDw,Check sum is 7
test,t;}|x>J3@~=(MUuR];3+}(&1-,Check sum is &
test,"(sZ9Rq&k:!iJ=-3ef>+K>V-d?-{]<=,ptO3UH4:l",Check sum is 7
test,"1b\Tp2l~%?wY""VI5FDaQruZEn/ZWV@Mr`CV",Check sum is 7
test,/~TUWdNQ!_)I,Check sum is B
test,E(:.,Check sum is 5
test,"m'6""`Keir-l}4d-xU",Check sum is _
test,-;Hwx>yZbT*PBVCe8_Z4;Rbvuts,Check sum is &
test,"lCsk^lUe}	%GF<q>
'`{fhAq2lRTX]",Check sum is Y
test,"sX.CGhZ41-L,:
=:p	Mjn\7.>.al~Z:h0X!
Okfi<Jq1EdS",Check sum is \
test,_:	G.-W`6o3r!O;m'P,Check sum is 4
test,"V
vH)s",Check sum is Z
test,o)1mctxd{_5]~_jy7W,Check sum is C
test,"7	$$}%\
s4\",Check sum is 3
test,"=8)l8_'G"") -SuNneX<kSVs-+$zW$63yiXi",Check sum is H
test,|ZVztZ>AFw2p-mD;KKRITMds`|PLy9Kpu-h;:,Check sum is X
test,"sLeT.J9{!""Yay,WD)d",Check sum is N
test,"1@T\H3ZYm|>""U&U'w(fDNaLaD`xqgIQW+hAdKGyJT",Check sum is Z
test,pqmskPn5Ps-3<A,Check sum is _
test,qe7oGA21Mq,Check sum is E
test,9:sN;${dG,Check sum is Y
test,"JC/bY/S-9_fr;q)I},?e=X]emBGfW'",Check sum is R
test,"@e<FH_	0hOH({?j&77oYgw#JK {
wBlG?+4|}Mk1VPfzm~",Check sum is &
test,fxCmm>pn,Check sum is 7
test,"h9
!""4]24O!$%`;Yz~8^&0%ZalffE1-)K2e#No}ENg2N}{sX",Check sum is 6
test,nspip7+kkt;```X=e,Check sum is K
test,">4iS&YCzrBNKXGjaFN)Ylao
C@1Mc/.(3vYJe#""Z
eE>p&Z@Z",Check sum is R
test,"p1Eb r9
EES\j8%DF<)7E]6'enu0+gBoq4NN0",Check sum is N
test,#lT Mp!;4y$.-z7sw#[+hYMMD7,Check sum is B
test,"u	Zg&5Up8(8Uu		
@`XjW8\Q;{:?195@=bu_BtuDOigO[%=1ch",Check sum is 2
test,"f{}hV<N[5@2$z\:2bdG=M!
>]J%}4'aC7>5$",Check sum is D
test,")P.Xj),4{\LlUuU	/ZDrZFXMw0kIg)Ro",Check sum is 9
test,	+rdo=xpY,Check sum is W
test,OfW*QI:C};v=K@5MwiG#x2I2U!PEo/;Xe7eS,Check sum is $
test,"}Q`heV&CnsRvm,G!$=p<Onx]^",Check sum is A
test,#!yBBO_M*n?	7\oj-q$wZwX[x2p,Check sum is ?
test,oe_pBq`)v,Check sum is 5
test,yL!,Check sum is F
test,uq:(R?5d){_,Check sum is U
test,z\ffIg.tE8	F3`WKMy)d}W<VpKQ,Check sum is Z
test,Qf.K(On:Z8wB'S82v+%3&.fvQYY6wdc2iBYhw>p?iekAj9:>z,Check sum is O
test,"@q
j9&*k[*@ptRR",Check sum is F
test,G[fWf,Check sum is %
test,".?(Vn.DF	&
wg$CjET0q!?X2lsqr3AjTX(W",Check sum is H
test,"C\

xo]gp2t,h,L?PH)W% ub)_7(7PFWV:m}Pi4_t3^#>HiX5<",Check sum is D
test,'OjkW)524y HB3:,Check sum is V
test,"NC^zg|CCsQ,nz\Y=<BNjB&Az6$korC3,	wv\~%?",Check sum is Q
test,"]ef:#]+4uvA&
$+cpd=pu*-7D9I%II*#{",Check sum is 8
test,#s4Eq|zc4l)Rz,Check sum is N
test,>LD0f@&q(N3\uB?gTyE+ KQiz,Check sum is Y
test,A3WQRt	s/(6*,Check sum is 5
test,Li}zQb3NRd7d#J,Check sum is >
test,\sSjEc&H:x'q1S?Y+5%*&m~F x,Check sum is F
test,"*d;tU)N&}(c5!Y~$<""`NfGHJy1>08&.C22isT%r|,X(M",Check sum is :
test,~P[\-KlA@_s,Check sum is \
test,Amm:QVL{L_>A2gOJW5QqW7fV.,Check sum is E
test,^{%eO7S,Check sum is \
test,Vp6&CJ0i]}$y{3]F(3X+/Nh 4noy] @BU,Check sum is 1
test,"Uo|ISTRm0H*A$U%%1.=!|6@Bf,yLG8L%P=7_07}YXO5(kuG%/",Check sum is L
test,"<T+$7>G.}K9g,uh,>d=\d=","Check sum is """
test,j~uf]d{sZPC5br,Check sum is H
test,BX^'aQ/VGN:RFuzecrs6lcag-:Mv),Check sum is Y
test,?X$JxZR8T|nLA(zI,Check sum is 7
test,":v=;+_rYb:cU)`F`VS^S
>] 3p ldwt?iT",Check sum is 9
test,"D9DoMUN78- 
zHF.]",Check sum is Y
test,9v6n997VK9u'2|vumSF-|8|u,Check sum is C
test,"qINX#7DY	p6{b#p-$V0WX,ZO4%u;j(4%i2gSSBN9wqs>",Check sum is /
test,"~\""",Check sum is \
test,"u{\
vCwl=i	cCv{`,3nck* m8E-xNem8d)++?_8",Check sum is =
test,YPwyy@0I*V7AE'**TI71KZB R;ptr(Td\oIG'JveJ,Check sum is #
test,";\/`'JlKb!-_|#MK>RR,
)",Check sum is 5
test,"^T-<)""TQ g/jk",Check sum is 6
test,"I,lqiUN'4|5\0DYFuk|;J
ni7UD_yg0""^Ox #*",Check sum is .
test,|HVma<9oJ-9fOR<G4`{_X,"Check sum is ,"
test,t2Aw!i[0B);1bPm,Check sum is I
test,"
<:U:F8L>qmbts
#tF2yiw7/SLZ8c}}~S",Check sum is U
test,s51js2b	6A;6%)l*tZa	,Check sum is 7
test,":g,dWKrqahn=",Check sum is J
test,ZpGHxA2pnq|)Q>(y{,Check sum is C
test,[&67x	u44Ws-sIWbzXk9ff\Zn[Z{VR{']0A=,Check sum is C
test,"x +`2HED@Z]9<$,z>,z9I\wI>Q
cK;QmGp	+}7B00Pi}Q_Q",Check sum is 6
test,"|Y*uSf7[Uo8rp4k!d@|CJh	>%E&(z:aHGp,WCC y",Check sum is G
test,{i:@a6h]ZeRQfpR<E	`(:fGbQ6{hOqeH':-$,Check sum is H
test,"
|LJ	""i$?c5^t>y^RHki=",Check sum is ]
test,`wD3Y|C)SPt)SuJCX>,Check sum is Z
test,"~;d-TMLW#rG!F'6	]ZG\E|,A",Check sum is _
test,MXV|,Check sum is W
test,	>Xz}J7bZy>,Check sum is *
test,"p!L>2!!SCu(f<btPgf{'oWViP,Yj
nSx5|?N4",Check sum is R
test,"F>F,S<2(glgl`ECHeMFe#if]'@@%X ",Check sum is E
test,"*2/}E=7_
Y",Check sum is #
test,"Z
i<4W^J1' -MT=/$i)""6",Check sum is \
test,xay{=$c!Mj(=EihJcIOkO-EqJKF}KT8')L's6G+kRbx}q,Check sum is 8
test,"	iKoab8fwfIHi@nWE,M+WsiYU^4yvn",Check sum is B
test,"gWVar3	
yNuv!,qY@$2:E*xd OAKaLLz8^J.SO@?!",Check sum is /
test,B$Z9jo	:0dS\=},Check sum is 2
test,"K:)T>_	<},[4",Check sum is <
test,":7eia]N:v%w!2:TH<XA+Tvh%J%v +eC3#|JS(Sld(s,F",Check sum is V
test,"c9,43l:mY2|jyH`__Ox]eS2_*|dU~SjE7_R",Check sum is &
test,"AbjG|!wkU.	Jd\^y)O{;pJIM[O%:
e^",Check sum is 4
test,"C$U,8aX{I
xybE>E43 5~9N(x",Check sum is C
test,"	2lD^L
>""ls",Check sum is >
test,"wDGx$Elpz54}I	[K7eEllSe9T9I0v""<S+dL=",Check sum is &
test,"h&u%D@=""#",Check sum is N
test,"z{{r!6qY\{x(:EygK
7*~M",Check sum is :
test,"F@D""#}!JD)<ro^2]3sntX4K.'
e;,?pAPA
t.z#G,PMlxS&Dt",Check sum is G
test,%Z~.,Check sum is K
test,"IR""lV",Check sum is _
test,dvVGl/,Check sum is 2
test,4=xt/AcL-KGLvcar,Check sum is S
test,",bR`l7scpVKMP2&vWpd-(t4RF5\!P:z)pps",Check sum is G
test,"DBnjs7~)f4_IggNDr)(5g
Q,@fMzk)@ZPuP*\(~ M",Check sum is  
test,c`1/zTqSx~DHqH6+tw.wE,Check sum is F
test,"oj4>PY4,\^?}A~Q25:S2k8O.qZ*tij$p@7FS0^PZ)M3.nT",Check sum is 1
test,[+J;tN-'-?,Check sum is -
test,/3j>$`2piGm05n;uyyW,Check sum is 9
test,"U~""$4/3X!Y2
l!BB-Pj-oDb!}",Check sum is 5
test,"""b_?b2s/W	TxH3LZ5{B'32?",Check sum is B
test,tfc;B&k*M-1Fm5=F/,Check sum is Z
test,Q)=NsC@fq\M:;.bv	jF-f@	$[+$Gm,Check sum is -
test,"	BSO,oOE	CcmS[o7wIXj5?;|zS`@iK31eLG]{Id",Check sum is [
test,"HQtzP+G3H%+/&
A~Ufcq!:z@N|@*,",Check sum is V
test,GSH%xRTy.0~Vjc!'.2M2&lpsv6#YT~y_D,Check sum is /
test,f7E-]inZ/A-Y7I`,Check sum is S
test,"D3JLeA=10M~uA>SblT|tlF9tRv""",Check sum is ^
test,XnQ7w,Check sum is %
test,"%F#}(""?02QU$vY;)*be.
*9",Check sum is _
test,SWFUK/dWr,Check sum is L
test,"o
3MS%g&|,tj|quR>)bll5",Check sum is .
test,"yb0 gK4Z\fAMG<f?{9,grnw|1ud BLRh$s+6e","Check sum is ,"
test,oBZai.Y}}YQ+!mCla\SM1tJuk_Rhi.,Check sum is $
test,gs^:SnS@Te4q~M9C|0[	Hpc5HuPt>X,Check sum is B
test,"I<JVbPl]:P#""P(8 m",Check sum is L
test,"cG\vsB]0uE
3dheO^W""J['aG%,!;Vs5zpZdD9e,^X)-",Check sum is M
test,2{]BmYX0&,Check sum is  
test,"7**[y)+u1B$]J#
PzcY",Check sum is 9
test,"yTx!W7N3	Dxov""HDOP-N	h8M)q\?I#m{jhBt
v 8e+tlL7j",Check sum is C
test,* ,Check sum is *
test,NlU0\2/ACsRhFg#~,Check sum is [
test,5<IqS[I26!.^L69iAT P,Check sum is @
test,+H3Di)1^Sk{X5,Check sum is 1
test,4LG')%aH2;wi-/2K+,Check sum is V
test,lV	*q9]A(#FU-NdsBn3n`q{faSrYmM@R,Check sum is #
test,VrsU&\ {ffngq_pbS Y]Fpj*&S(0#cp+,Check sum is 5
test,"F`_Np]z'""3'F<31;C;",Check sum is <
test,":B|;mXvz	9""5Ig%/J\4a]z)$|%/",Check sum is T
test,I2B4E[)Ch9F\#_pH)-bxs9L#EGk}(&Awk.Hn,Check sum is .
test,C8}LYM,Check sum is J
test,"t-pu`iH!4'*
YR*oRLK3ANtXr""v	~6[oL)",Check sum is (
test,"1/xHN	-0o;<z3NSN""lU'*JNCLD1ViI",Check sum is N
test,^S}<,Check sum is J
test,Ez^q_|'/ @bpESr}m,Check sum is E
test,"
@wm6kQdar''Z3;3Rx",Check sum is J
test,"oWV'Z;+~{]$_u`+\!,uxdZTvk""O!j=q",Check sum is /
test,zxjA-3/O?-8;u$=- %$f+2Br[(.\ZZHOTYRp)FXRn!&*Z,Check sum is 6
test,"X
;LXgtI	`3Imv#@aQih""6",Check sum is K
test,"#)Or'hu[27@5~TV5zm9""z\=n5gPX)v<]-8%,MCmf",Check sum is _
test,[jVbKuQ<*^>'N~G8>TapOq&]QZ=]2.,Check sum is -
test,"'?m)x[:[YJz`eb`O9""R<C}VbaBy<!Bx#3:r""8Nu",Check sum is *
test,"d>p |IXE@'%iAZ&HFJ	i';Gi,1Aj: @JY_j_0!_-&ToL5v",Check sum is 0
test,in8,Check sum is /
test,"7TdX_)G^
?Fm+UQ$'","Check sum is ,"
test,v*k|OCPlv~)[1ci\42ZM6c`Ep[AE88&{BT(WMxT4,Check sum is U
test,"^HB\{_@q+3. nP""",Check sum is ;
test,nql2T_V4NzFTR)%@e!]~J,Check sum is G
test,"4eR	ea	Di#k
MCb?KM;$_YK4/>@",Check sum is 4
test,"1<z+Rab(9X0bP8Q
H",Check sum is =
test,wCC+(2^y2X/]_N*%&,Check sum is 1
test,(Vv]-Gt(H,Check sum is I
test,c7rMO?,Check sum is G
test,"SC;`If`.K!""ZLA	B`}m,(@e-&(xdfy""k",Check sum is T
test,!Jg^P1B8wD3~-a\64*RS	%SP:K:^Bp|F#.'yZf@>Tk*W]\bAg),Check sum is W
test,x@q# &k;z:nv<YTsX,Check sum is $
test,"im{Ut,eBf7MQydkjnO'",Check sum is ^
test,"V9,{#=g0q 9aW:7V\Dr}Ox ",Check sum is L
test,~cyT~M2l,Check sum is 7
test,>y=?3:~yVbZKdoiAG<Iss2TBD%o7m(sk@g^19vxevQ1j(wMv#,Check sum is 6
test,"F)#kb47,DDhu&	5[Fg}>!",Check sum is C
test,^}Ww#}G D5w74pJ+X8LKh5Yc,Check sum is P
test,aco*'+7^Nnh%;*JBW=r ,Check sum is D
test,|av9r|a^lOXT,Check sum is @
test,xxoM,Check sum is L
test,o	bOUdpWI-^<2q`S;)m{L#xR09u*W2&hGD,Check sum is ^
test,"N5eKM
P#1ma|U2u5}'s2	Q","Check sum is ,"
test,}JsD,Check sum is ^
test,Y65V1:;gqSVAR9E&rQ6VAlU;<4,Check sum is T
test,"@c0%RF6WCRyh|
?[R.",Check sum is S
test,&1w27;VW%j+53dm>BVZ(Ov1/T!#04eN/rG+N1,Check sum is 0
test,:(cg-*`T(Grl-~bhn#3<5rF>zk=S;+(~SfCXN$8N/E(o)9},Check sum is ;
test,"h8)^ePK{.q1-/u$]sgDFek
rS,cjMXAQ""xi=O_]}",Check sum is _
test,"jJOdLs"":]m.0@m dnB3rRhSp_Kq,}sR[;hyG<",Check sum is P
test,"O/WuR4wy.ZKNf$\8""_6!b;
<xw",Check sum is I
test,"ys+RnxFZLI
taoZM7\F.EcxE2ZL+j-,K?d\gAG ,0<M#e]s",Check sum is !
test,a[e 4{h<}f,Check sum is W
test,g'8']L,Check sum is 6
test,"i6oogHiDZb%+Uk""uoP/+y	j",Check sum is !
test,"n2/)F b:\0;]P%e<YGjy,?xtnB\y_wr`&pZ	ckmqB&;scG~",Check sum is >
test,"8PZQHM;fv?`Q3&x]P"")xA?Pel",Check sum is Q
test,cfL\QU'kTGDxilt7ph@U7:,Check sum is >
test,"U
,""",Check sum is M
test,"C!EhVmN&M4&\Vj6,Qx~{bz{uU#c4g""F8^n%8;C;",Check sum is S
test,J|+.N(,Check sum is 5
test,"F{w|(6Yz+2D~z}U^R0edu+`2"":To8s,>O+vpW0U75p^AdE",Check sum is _
test,"yF$?&K82FSBMH@dT=HX!~i	P
].@GV.OS!L",Check sum is 2
test,hI*zdcW!|JZzJB5ALUf_R& #R	4{5PiBQe,Check sum is !
test,p&zo,Check sum is _
test,",^y+!25B&wq==Zs}",Check sum is *
test,Q6f@LX(-2f[&Bc'AKoL,Check sum is 2
test,"}Tb:|wCR`5$c""t*22gS`#Yox.",Check sum is @
test,"O^O""<<P",Check sum is F
test,wSG%,Check sum is V
test,"=w+^g,O@6A	0{>to'~wKZ^;U'jk""7Nm O
\7 ",Check sum is 6
test,"
[D|6TgBqvfT\nv$hj-\X",Check sum is 0
test,"W,?^D> T;HB`'YF3{vM#C&emppz4K<",Check sum is E
test,BI,Check sum is +
test,"XR,Dvgx;i	]t|O[M3",Check sum is 3
test,uhB%Q-:ri,Check sum is 7
test,AZWbF4coUq1$yA\G3%.]KKy)d=a3	JkL@Lm5jEiC`M1uEnw,Check sum is X
test,"'O]UY""{)MH(cp{G]Xg",Check sum is U
test,Q139J!1R*OXAt6Yr7HRq)J,Check sum is 8
test,bDK9*.TOmKK,Check sum is H
test,"z'
>-HHb,*L%!W0T#O+>~scv+kr+)`r!8TWV\P)u?er",Check sum is 8
test,"g%a#7D@4#7P5|8mp% umbyu>]
+;a&9@{",Check sum is L
test,LA,Check sum is -
test,"I/;xOE(r,|JQvW1n_w-T~h^q5H=5lN><F9z",Check sum is P
test,"&|_:,b~d'&V$_$of%/GBKr.
N.sDD1_qy(U2d/T
C6b*quuT",Check sum is A
test,xyEl?+#h--VWg:-<'\@CuT(B,Check sum is A
test,"R|1f%xGclg""KYnVA6|AZC3/*!Y@DjB.qbdjMT2uF",Check sum is M
test,DINVj~51SJM_jbfpj;l_!$n}5y.YJ ABXX_%a ],Check sum is ^
test,*9`GCW=,Check sum is A
test,A||GA;!Y]kMiQ.yExYE81s>Lh0|}tu,Check sum is G
test,"/#	|>V$v

4Gz]v{|oGoK,H?U7:Tv8",Check sum is #
test,":di=8AyQ^bP_G?juWZ
M6igM=i@~}oi>",Check sum is M
test,	41A49X{]%(,Check sum is 9
test,"[pD2zSXT=,zt#ZI$n6ZcA8)07
i|ZR>2Zz",Check sum is $
test,"L%bh!7U:BS(ar0;y+D#zL 8h{ofY$N
Yi9'E9",Check sum is S
test,jNGCdZ!sY&Vgnd7/]qb[WzkQpIlfBPze>){s!QDtZgzBL/51-,Check sum is F
test,hw%;sK$GVEF<_cE5y^[7B3of,Check sum is T
test,"'fE7^7YFgz[*VTSO5N+1,1rPFi7",Check sum is 3
test,"CNW5.}~'
O<	jKy1j0;6D
bFq^-dN8",Check sum is 1
test,oOJ.Oj)[}qKxX%HU+S|'c$5Gc:(NFBpfv3h7wJ)W`x~m,Check sum is ?
test,5/,Check sum is D
test,4sDoHKBS2{\)QDGg}iVp3pp!+,"Check sum is """
test,"Kzk)=~`mNc@^:t\h|DX+=}7!=[b}U
.#zc# UZ*l0BNi_,d6",Check sum is 1
test,M+OB},Check sum is &
test,"'L|5_7[NYdcYY5%w,5$Zc?q",Check sum is X
test,"
8? T,cdONN)CwOTpLTnK'rL",Check sum is '
test,"UkZzEIKrux(n/]}%iWXJ=mj%^`mmI-Q2-n0N""c#",Check sum is ]
test,!4Ns&-3Qp==4kikg	,Check sum is Z
test,"/!""=*}wlExH%H0or9=l<m:^a u	]-RW#(WY{""%ds-tfi5""",Check sum is L
test,"!)dkR)ZFJro9<Eh,2ZL",Check sum is %
test,"S
(AM`% $?'[H",Check sum is E
test,"81YGdHE9_+g_,K",Check sum is Z
test,oBy52NV,Check sum is U
test,"-<ILhR8Tsf""7FfT,Mt ",Check sum is #
test,"h|G(/BREu0A)j%t/UFc5R1OyP0""FAJA_Z}/sf|'",Check sum is O
test,"T~q VlZo+.v?""Q"" ^[T,X	@9",Check sum is $
test,nSa,Check sum is B
test,E(Nwm^l;#L^($)SWxvMbb=I4ekCQJ,Check sum is W
test,"[D3gg&G>2K\(*{DHFfqn}QC%??$#T-\uf3oWo^""{{",Check sum is 9
test,'$3hK,Check sum is Q
test,*N @qoFoDB,Check sum is S
test,9~k _5S	s.2lzS# r8cdswa-Ru[DnIFy-<Do=krb,Check sum is >
test,|`rtx'g'#QO4*>|kc#4LODA:^K6:,Check sum is B
test,8$v0C349Va|GK:WTm,Check sum is \
test,a?O:\Uq;?rVrae%*\D[.rJj.26Bq+t*47kS[xf!yuR,Check sum is X
test,"riU?0?@k6C_U^BR""3RFwf5+H1.0NdEfvL
E'bT",Check sum is T
test,ClQ,Check sum is  
test,'9RL}r9'{IGr9l}C#^'`HQ']=+zy<z-rzQ)+jTvo!E,Check sum is L
test,"nb!Vo!Y#f:j
n",Check sum is 5
test,P4K-08J#_r\XF_`Qk~F>?<`Vi;,Check sum is N
test,2LSV[PIs&3Wk>KU:5:_| Y%6LD}>sR,Check sum is O
test,F>@n,Check sum is R
test,"HvE@dLSZ,","Check sum is ,"
test,0z]6,Check sum is ]
test,87VW:]k&*>oc1B>B,Check sum is Q
test,"83N}vk-`mNT!@9l,}I'y=3F/5?",Check sum is D
test,M|Z&y~%&qL`vO<uH[=X[$kRV>)yPL9C7|,Check sum is 3
test,"I+B8lt3l_6""w{w~L~~tNSs:1}YBY4s\u3nBY",Check sum is K
test,Hm,Check sum is U
test,"]paGIu4rXt!0En$We
|8E*	@	b`)psP&@yBBeapT@#;c",Check sum is 4
test,GIsg<U.Q3|NKJS'A\jtJ2Nm]q_-Hw@A^R_xw('8',Check sum is ^
test,"@yCY3$^V-s=*:dU;Sml
;4j$"":;Frt_^fX]yfNx/",Check sum is W
test,"-]%1QY7`
k5>=!(;.7A@ rM",Check sum is /
test,"w3^C>?dPOy],.nGt5;vDNv`F].W5H)-uHQxx=|B7LLgwM",Check sum is @
test,"j#=(7P40t'#UNM\rGMX,",Check sum is Q
test,]hi$(+u)K'hpy]1h p8JdGt?hmx<%azYqT>=YU{%1<Vte1S 7\,Check sum is O
test,"""i8l	O6{e-Fq4=",Check sum is R
test,de$`,Check sum is -
test,^>8p\@- sL 7o+,Check sum is =
test,"7(z3@inmDMk$WfS=s?.	qEN |?p_,	Cf4`4w5|!qMd@W.~",Check sum is H
test,"Of'&hj#*Tz
==~K{E7UB0BG{fN
x :UM4Q_M:O^>r~- %",Check sum is H
test,"_Q	KJ""Z
6`4A| |	b=""YaFcp~V(=9CHRrh",Check sum is ]
test,}h,Check sum is E
test,"8^GGvaz3
",Check sum is R
test,"r:S7RP`=mk[L^PkOHfc[bI19
aT lk_Oy{",Check sum is U
test,M=>	1Vg}HREzT)[y=F|\oc^,Check sum is Q
test,">A>~9ab,CLTLUN?(ABSnUp/2B !7,fu%
&]",Check sum is Y
test,"S,lKIX{}V_dA",Check sum is I
test,Qiq>j4\l=|E^Bjc!7Zu<,Check sum is =
test,Aq9`CNGU()Mu;w78l}go+TqmHbnZt3IkN\<,Check sum is [
test,"v'v@DN4.,W5x]h5fil^j~Ek]\RBCZ(Z?Ni2J,3}@",Check sum is <
test,6IK1j5WO,Check sum is  
test,";\[	.y6AVw!A?RwdD2""-QiijokxT\KH]""gAF}n(",Check sum is ;
test,"30q5wN;XlHVqr)icx
JVT\*V<467&X84-~",Check sum is '
test,`v/ddHFogHayFJ>mp.)4#,Check sum is L
test,"Uzj,gpq.[](]+brqMvGIsGyBm4@F('KO5n~[.% uLfn.@",Check sum is 2
test,Z{\h(kssyJc,Check sum is X
test,"cI82|zlXK=A`X7\DKpdV){M>&,,_~V;;",Check sum is S
test,5J_(ATYudupaBp2,Check sum is W
test,"IQmNmZe-})J9S)' D/Y8,KA\1U""AMY/nr",Check sum is 0
test,"GVJ`Sf>w\vNM_QD@G[RqlXYGQ
lZ9h3f",Check sum is Z
test,/Dvqf{=wfD/+Yv,"Check sum is """
test,"g.3\ViD\Tt>UEV
BpuZ{a=*JMRh",Check sum is 8
test,"+\n2G~HYW2[Gv^\i=>qXAe^quHq%NbzVaxLv""B-hGV",Check sum is .
test,*~TyGuIu8IgMzd	.Gx>Gb`PSD[2KX6-VUh_$3p{3(J,Check sum is 2
test,"'_Rs]VG
b",Check sum is Q
test,sJcJ,Check sum is J
test,tc~xh~>M,Check sum is ^
test,"f/""}1&$	~|PSnug/N7Atl-%]:]`fe\y&W$L>k4Y4$G49",Check sum is I
test,W}/8[Qd?Zbe(uk>qHNBVS$A8Z];RMH,Check sum is 9
test,\/{Z4sF,Check sum is -
test,#F~fb+IX=(bjqIIx6st5-j\j1{+m),Check sum is #
test,6MIP,Check sum is <
test,+QC.Ubhai7(,Check sum is U
test,"T,	nOf#/>LN?9pYO=lBz,8{r2Ri\t98WtXNF""P6=?Q87Z",Check sum is _
test,":^x(o0|g""(nGQxcm:JG?3&C}^]f;Mub}D#]h&]dsnXmvW9f)qq",Check sum is B
test,"$G:0M!M^sBD<l-.v;v'*""w=FpE,L>",Check sum is I
test,"QNa0<8xQ,3%vI1uN7I/6!u=2QrH+xJKIS5wh!^",Check sum is  
test,"vRI&#""\IHM-pCh",Check sum is ^
test,hB<Ez}{sl=!66;Gnx	W)Mea]L^C7~l,Check sum is U
test,ss4*2um$S#nVY j]2?,Check sum is G
test,":""~MCG4Egr=<ny2Eo.J:UB$-ODH&Q ]d<8lW-ci<#uX/",Check sum is A
test,"[U`A
=""",Check sum is Z
test,Hq,Check sum is Y
test,Ds|I;f|P-<j>d.xy%8%Oau:P|P@=dD9BoM6,"Check sum is ,"
test,I8LL 1|K>5J<BO}% KFR~K@;TH4!MB,Check sum is D
test,"Lc^>V@}
+HdPQYfe6zgDhY	p0}OQ9\!EZ<Z BTi-2m",Check sum is \
test,qJe7Hid!{[JjyO]q,Check sum is M
test,%DxWpx{.,Check sum is )
test,"hFLF<
*,IOq`oV^WO814Wf:dATxJm;b*",Check sum is 1
test,)q.2BU:WH~\S7}YT9M:3nft*Z~Y8l!lfJ,Check sum is O
test,"lzs
cfIO0c",Check sum is 7
test,"o40!|^H(A~<0\D?>(%L,dEV?'\(,8]u;2MF8J",Check sum is L
test,`uv9S{FyO$cGIe3aB7n\s|6dU\y+TL{V,"Check sum is """
test,"td (b;h1U88\:~#_Q""?f",Check sum is )
test,",\;(oY>5taZw<DV[*Bi2u=u",Check sum is K
test,H)HDXNx^a]g0,Check sum is .
test,(NV 9sJFB$Ho'9&nIW[ bEd[K\_{0?.Lx.=d!Bc3+ %so(&,Check sum is $
test,"/6Q,b%-`Arb'{Q29DuL?YJ~""#5y3/I4I`hu'5","Check sum is """
test,u=Fx^m%#~,Check sum is !
test,"[P33hT)FQso3,=V>@8O>u$hbl[tCe""ZxP&hb]l7BIUwzws6",Check sum is /
test,r9&1pcIiLDzq;GL4cG\~=lO	Ixk2o2,Check sum is (
test,"1:W/SY?hO, i7U$B",Check sum is Z
test,9	66BUZlP2?6FVFWyp=R.rs51#wPpOpG,"Check sum is ,"
test,:1jX,Check sum is M
test,)ddvtix2vNnTXgB,Check sum is U
test,"],mS[]/lWw\_5sZx0	,[p3*S_b>1p\=U%{];,k{uu;E)x+4a",Check sum is B
test,]PMe,Check sum is ?
test,"!E,0S",Check sum is 5
test,wE_X,Check sum is S
test,"qCMtqPB?J$1W_prL""T""{EWgA{:JXsCTJGp!Du}",Check sum is *
test,"a({.eoz/_{@CS^O]R%p'0gR[WwE&.r,",Check sum is  
test,"K ay`1!$8v9G1>c[v73JL6HK"" r+@fzM(iXU	{=ZRU{HMz9V",Check sum is :
test,39zCfdaJbU#,Check sum is X
test,"Zy^{Mma.CirSJfZ4XB811glx/_	""",Check sum is <
test,HCG`f+H7w4Bv~I/VP$_fT!	lPCuFb|-{4I|9g^*HR@,Check sum is C
test,"!1-eXmJZ.@""",Check sum is =
test,"6#W3"".,aL}+=^}Qk]{rZnE^f501A",Check sum is Z
test,D aWOU{OTN<Bh=8-Wrc6<F /c>tM!`f.#Fg,Check sum is N
test,uBcZ55}$p[x;= 7z,Check sum is +
test,"+majx	AI/(0(PLo
La(UQh94$UaLYa4
+z+|/%b-3-E v&q]",Check sum is ^
test,Kr77tpb~68q7X+Eg2<,Check sum is B
test, 1e.?1e^Pe,"Check sum is ,"
test,g4|y+2	/,Check sum is E
test,la:_P^V 3@t5PIPHdhubs~c@oiMd<4S'qQPJ!Ood_Bg,Check sum is H
test,"1 $ YLA; RWcoDf@7jkgS[""WG""|f~53;jYcoja&6MS",Check sum is =
test,[Drx?%B7W%z,Check sum is <
test,"RGrt-	""HF=gjt]M4rN$SPm-/\~a
*A_wx(IH^",Check sum is J
test,"9<=W)q3:;Z=wJfoEFE'BS93~AeeZf[UH""h!@_@3r6S:1}0#",Check sum is D
test,fmzx,Check sum is %
test,"d>2fE
M3
gyi:z;kh~,*z1s+%DCO+c\uj](\m^[
""Z^",Check sum is J
test,=+,Check sum is H
test,"& M[-zIu.}^,go	vf]QE*%l>lR[Mam1$yf:""x",Check sum is K
test,"w+(!eHu"""".",Check sum is _
test,"f!H*6o35.?K#*NB,,Sl9o3<[:w{V8}",Check sum is ;
test,"
K**S",Check sum is \
test,"B3xF	_%X{:q,3l/Eho:Ui(:cnOb;fj_0x5",Check sum is W
test,"mk9*L;rr7$}b
~Gg~x0z@
X}lbuVmQ)aa'u|~*ZoTEr",Check sum is K
test,"x>{h#L
5	K&{WW%:X7QH@{NYZ[E1+R(,gi{(jhZx/c>",Check sum is V
test,"Vf""WAtD?BfQ-U+R$?9?(I'sJD^H*-f{]1{BAb@_NgC 0l",Check sum is X
test,gLJh?{1=;,Check sum is (
test,W$Fdy}qnXV9;VykebQW/ZLWk03,Check sum is _
test,"x b^0Q}w`/yF""{90qi-l #Jy[!M\,2N_fy:=8GnRj@bC2Ibd>{",Check sum is H
test,"Cka.""xJ-_`86/P<;pa;WD_-u!~asE/r4$u&]*c*8,PAXh\I",Check sum is 3
test,dBtzc,Check sum is W
test,P*2^VfL($9O^BB%KwV[Y5,Check sum is N
test,"; @qC{7r@h9l[hCb""+",Check sum is U
test,bHmNK/}I$Gm,Check sum is ]
test,"!t^""rh!cjq}]""5M,OjBjsnEH6]x|bN>9#'3i_n
Q&Mo>7$","Check sum is """
test,~zQf7c/pzi?>7HoZIwq^=^~pK^#D_' #E1+lVvKnf_vWsp%_,"Check sum is ,"
test,"e
1~OXPqLh2S@d*nA:S8 |K)
np/)#ud""5]D.rov@;rv""",Check sum is /
test," rOkqNp0
:q\pq63m%JPZ%DOt~3$t$'C^FysD51Fb",Check sum is Q
test,j&Y/ahMRK,Check sum is +
test,"""A ~",Check sum is !
test,"9
Ho~Z|-EnZ ^7R:iB~zSReK-s{cpcx\YisU!",Check sum is 1
test,"&:4q-hf1EY3S%6D:ngp`9&V3[F
:
1w-#dF<r",Check sum is Z
test,}uPKm,Check sum is Z
test,@Z8resb{tStD'$A<)SO(w~S*!,Check sum is &
test,"+PB""iOq('Q_Hl8[",Check sum is .
test,el5y~8k-;Oh-sm<W	h6uyPhk,Check sum is 7
test,"PD`ft*&T:y:Q?}uq,TjO<H",Check sum is /
test,9Kc!bS7'*7AXX!v(kLkw~9=2#ZOcU,Check sum is O
test,/cYH5;e/z6~| Hm5ua~f{\;+&nwSK5:ax`,Check sum is S
test,">uF%rh3?N""n@	`""iy/M5""d",Check sum is L
test,=/cJFo.HLL!0Od5~kK6[m;pY-zP>v~pzo8>6/KJ,Check sum is ]
test,%|[eOSQGrl(u57a&,Check sum is )
test,E2An}{&Pfu6a.#<olr{pyuUe-~Q|vkEnO82%?CLQ ]W',Check sum is W
test,"Qm{|z4qsu	?~irNTK+ECc.8;
V8",Check sum is 9
test,afKK,Check sum is =
test,"W;'wFRY|I=9
)u?,m=j-AY%""s-",Check sum is Q
test,4z=7!,Check sum is #
test,"9u(g""XJb-_dO/j+`[l{,Au",Check sum is J
test,"eeOG&""wt%Rj]M(}`Ck_n{;{]n,Nv}ot~",Check sum is H
test,W<Y:{C%7~/YkDq2WY&D`(	J,Check sum is -
test,;0Y-Wt9|sxPoc>R$kmGCl4Z\!TCM	BGT,Check sum is 5
test,BUR)ayQW9!n-KH#T{f^(*}j7:%L z:fK`Pi?,Check sum is *
test,"{91Ur^>ifQ:^LCkT(T`,X6A^C^@&*z^voWxDr9C}'ub[`N<",Check sum is R
test,2V]{%10WRz7>CXM>b&85(C[3e^~eT5HY^^UAtk<_]P9u|7,Check sum is \
test,/7]STl~fv>$i)]4L{D6g[eN/<f=]CS@cEM1lr`2*u^,Check sum is _
test,_Esc28orAh3Vyq;^	{q9#$C[\BaN:JZHz	 qS`2}zewM1=,Check sum is '
test,w)o{Mnum,Check sum is G
test,"YFQj*2I	+""gX3jUEB y6%5E|'ZBd.gg",Check sum is :
test,"VF$54wES3m*Cxu7807Bc,~St{Yza-*",Check sum is D
test,aQ0,Check sum is B
test,p`J9pq%W64MgJxeH-)wk%{}YL hVMZ-^+_m7E:M,Check sum is !
test,h_wZr8mt@_xH$Eu9,Check sum is 9
test,pJX|) ur0jjf-DP</]t:!z;`;},Check sum is -
test,"UM<5b^1kCJ6S#jE	""y>z",Check sum is S
test,"Lei[a4	.,HUBp#Jj./i5",Check sum is .
test,"X>E_-,hw@zsdnxqR	bd)&6'+UOo9VIh[^?\6*^c",Check sum is :
test,"/Dm,18{Xrk?L",Check sum is P
test,"m%;>Verx K:]jg*^x9k,_zwdg.)Dw];cbO1hE<+'a<%ld-}",Check sum is 4
test,H6 z\l_h\`w';s!	B# !6Wu=%	,Check sum is L
test,"48TFV:f,T#LB61YC",Check sum is P
test,"WWc=a^ws1VZa,PQSuX""P_$aU3R}> Y&hx:lrd","Check sum is ,"
test,T>E97c$#u~,Check sum is D
test,78s,Check sum is B
test,]_?#uT[v]4W?W' sV&1ckPE{x,Check sum is S
test,AN:<f395GF!:wF<CgsD`>3W'AyNQL|?'eb,Check sum is K
test,sb7g}uoVBsj3{-~W$Dgvi5KX)$+)rbaSBJg&,Check sum is !
test," (';Sa""cm8bo=Y{.`N8	*Y[6  &Qv:6R]%tcQA}74T",Check sum is Q
test,"W%Gc $\b""z:5H+J}s\Fgxi1!q3K/	\5/oH?18)nIS6 m5",Check sum is -
test,%S5&Ab:-z^ci>hdF(@2A:]sX3^JQ7,Check sum is Q
test,"9C:YiDjhJVh,dO%h51X{WH%d|kL;d7J=o'72dQ",Check sum is G
test,9Vfd@,Check sum is 9
test,79mDQB0VDMCYqyW,Check sum is H
test,"h312hpa?$Up(#Pw
R2dn",Check sum is 1
test,"'HLx8hr'4a>D-NYc,z9R7U$uI*Lh)x ~BV`",Check sum is N
test,]k}	JKz4zG?Zao` 5<cb}\Up. (c=@\%*!9wiyw&,Check sum is @
test,"M=%yco,*5_CO{ciX~<G]kdz3D@t65F~\p	Dru1",Check sum is '
test,">0v,1""h%,j6
:she",Check sum is  
test,}],Check sum is :
test,(>NX]Ulyeer_b,Check sum is @
test,"wQ
m%-@+&d",Check sum is &
test,"gXo^Oq%qlGI0]SD l}:/20""XSr2Q7m=k=$Im-/nVDY",Check sum is X
test,"m}dGQ8 %d&E} #G^F
6~|w,}#",Check sum is :
test,@&$#SWthfrz{dAIV`u1ZMO(5>CK2],Check sum is X
test,D*o,Check sum is =
test,; OXd,Check sum is F
test,nH{U%;`	phYr~:S%8;bZh	y^MeH\/%OA,Check sum is 3
test,Hgr#u5,Check sum is N
test,"
?4	<+mxMR;&>=S",Check sum is @
test,ja,Check sum is +
test,C|;	M2D4q24]8:{dG^N.IP54,Check sum is B
test,"ik}t{'Zu
s{Tqm#o P_O3XF`.fsQh$}t0kyo]EUKT<",Check sum is K
test,T#cr!>|M<hLp,Check sum is 4
test,VW D#%z:kDi9AEL]|a{,Check sum is E
test,`[&T;lRw')B.p(OzR5A,Check sum is .
test,"!H #v2+V;%nDsJ>z!6Sw-=AH$H`Nww:.RTRR
i_N7",Check sum is !
test,Lw9gz51fBPfCKH%ENk+<3zId8ZZ^IV?ZE?r2&(-^|P/gKP,Check sum is ;
test,"b;T=2AI
a/^J'P8[c~A;nkg/","Check sum is """
test, =)PrU@GL,Check sum is P
test,UK[AhZ,Check sum is ^
test,W \&cZmu7P#Qz._%;~{*P,Check sum is M
