set,input1,output1
train,,Check sum is  
train,	,Check sum is )
train,"
",Check sum is *
train,"B
","Check sum is ,"
train,"

",Check sum is 4
train,"

















































",Check sum is T
train,                                                  ,Check sum is  
train,ssssssssssssssssssssssssssssssssssssssssssssssssss,Check sum is V
train,"CD
CD
CD
CD
CD
CD
CD
CD
CD
CD
CD
CD
CD
CD
CD
CD
CD",Check sum is 7
train,"x
y x
y x
y x
y x
y x
y x
y x
y x
y x
y x
y x
y x
",Check sum is &
train," 
 
 
 
 
 
 
 
 
 
 
 
 
 
 
 
 
 
 
 
 
 
 
 
 
",Check sum is :
train, ,Check sum is @
train,!,Check sum is A
train,"""",Check sum is B
train,#,Check sum is C
train,$,Check sum is D
train,%,Check sum is E
train,&,Check sum is F
train,',Check sum is G
train,(,Check sum is H
train,),Check sum is I
train,*,Check sum is J
train,+,Check sum is K
train,",",Check sum is L
train,-,Check sum is M
train,.,Check sum is N
train,/,Check sum is O
train,0,Check sum is P
train,1,Check sum is Q
train,2,Check sum is R
train,3,Check sum is S
train,4,Check sum is T
train,5,Check sum is U
train,6,Check sum is V
train,7,Check sum is W
train,8,Check sum is X
train,9,Check sum is Y
train,:,Check sum is Z
train,;,Check sum is [
train,<,Check sum is \
train,=,Check sum is ]
train,>,Check sum is ^
train,?,Check sum is _
train,@,Check sum is  
train,A,Check sum is !
train,B,"Check sum is """
train,C,Check sum is #
train,D,Check sum is $
train,E,Check sum is %
train,F,Check sum is &
train,G,Check sum is '
train,H,Check sum is (
train,I,Check sum is )
train,J,Check sum is *
train,K,Check sum is +
train,L,"Check sum is ,"
train,M,Check sum is -
train,N,Check sum is .
train,O,Check sum is /
train,P,Check sum is 0
train,Q,Check sum is 1
train,R,Check sum is 2
train,S,Check sum is 3
train,T,Check sum is 4
train,U,Check sum is 5
train,V,Check sum is 6
train,W,Check sum is 7
train,X,Check sum is 8
train,Y,Check sum is 9
train,Z,Check sum is :
train,[,Check sum is ;
train,\,Check sum is <
train,],Check sum is =
train,^,Check sum is >
train,_,Check sum is ?
train,`,Check sum is @
train,a,Check sum is A
train,b,Check sum is B
train,c,Check sum is C
train,d,Check sum is D
train,e,Check sum is E
train,f,Check sum is F
train,g,Check sum is G
train,h,Check sum is H
train,i,Check sum is I
train,j,Check sum is J
train,k,Check sum is K
train,l,Check sum is L
train,m,Check sum is M
train,n,Check sum is N
train,o,Check sum is O
train,p,Check sum is P
train,q,Check sum is Q
train,r,Check sum is R
train,s,Check sum is S
train,t,Check sum is T
train,u,Check sum is U
train,v,Check sum is V
train,w,Check sum is W
train,x,Check sum is X
train,y,Check sum is Y
train,z,Check sum is Z
train,{,Check sum is [
train,|,Check sum is \
train,},Check sum is ]
train,~,Check sum is ^
train,3C,Check sum is V
train,}g,Check sum is D
train,zF,Check sum is  
train,OL,Check sum is ;
train,]o,"Check sum is ,"
train,g:,Check sum is A
train,sv,Check sum is I
train,#c,Check sum is &
train,kd,Check sum is /
train,6p,Check sum is F
train,"3""",Check sum is 5
train,d&,Check sum is *
train,*Y,Check sum is #
train,7g,Check sum is >
train,"""Y",Check sum is [
train,.&,Check sum is 4
train,:?,Check sum is Y
train,eD,Check sum is I
train,YB,Check sum is ;
train,2Q,Check sum is #
train,MV,Check sum is C
train,e$,Check sum is )
train,\(,Check sum is $
train,-|,Check sum is I
train,]X,Check sum is U
train,(T,Check sum is \
train,>w,Check sum is U
train,Iv,Check sum is _
train,ia,Check sum is *
train,d^,"Check sum is """
train,'Z,Check sum is !
train,rJ,Check sum is \
train,Rg,Check sum is Y
train,kZ,Check sum is %
train,:6,Check sum is P
train,C;,Check sum is ^
train,'q,Check sum is 8
train,~H,Check sum is &
train,dD,Check sum is H
train,cB,Check sum is E
train,nY,Check sum is '
train,",z",Check sum is F
train,6a,Check sum is 7
train,m$,Check sum is 1
train,a5,Check sum is 6
train,g|,Check sum is C
train,sw,Check sum is J
train,SD,Check sum is 7
train,sw,Check sum is J
train,KN,Check sum is 9
train,>J,Check sum is (
train,gg,Check sum is .
train,"
M",Check sum is 7
train,T&,Check sum is Z
train,jh,Check sum is 2
train,a1_,Check sum is Q
train,e~H,Check sum is K
train,?_L,Check sum is J
train,"u""~",Check sum is 5
train,16!,Check sum is (
train,Naj,Check sum is 9
train,Dw6,Check sum is Q
train,M8/,Check sum is T
train,PUj,Check sum is /
train,<$%,Check sum is %
train,`a=,Check sum is ^
train,-m=,Check sum is 7
train,5at,Check sum is *
train,@V~,Check sum is 4
train,trK,Check sum is Q
train,$P.,Check sum is B
train,@H=,Check sum is %
train,SS~,Check sum is D
train,mv=,Check sum is @
train,.YW,Check sum is >
train,"
ps",Check sum is M
train,	.K,"Check sum is """
train,oZ.,Check sum is W
train,E-D,Check sum is V
train,jc?,"Check sum is ,"
train,8\{,Check sum is /
train,6'c,Check sum is  
train,vW3,Check sum is  
train,o`P,Check sum is ?
train,lJ<,Check sum is R
train,3-D,Check sum is D
train,"wX""",Check sum is Q
train,5g!,Check sum is ]
train,'OB,Check sum is X
train,]&[,Check sum is >
train,MXd,Check sum is )
train,",?_",Check sum is *
train,hxc,Check sum is #
train,S3=,Check sum is #
train,hv%,Check sum is #
train,)WL,"Check sum is ,"
train,fA{,Check sum is B
train,"+E""",Check sum is 2
train,qJw,Check sum is R
train,<wV,Check sum is )
train,s	P,"Check sum is ,"
train,3:S,Check sum is  
train,Nce,Check sum is 6
train,(8	,Check sum is I
train,xyj,Check sum is ;
train,+kj uybF:sQUa$4*F6-(;|`,Check sum is 4
train,^(l3NDue|*OS ~:vn'h,Check sum is D
train,"8<""2QPGSb9IL QsxhQ`bF0]38)Rqv_1g3mDd-8*
.	 Hd",Check sum is %
train,"Y4Wmv\_wlU
$G3
g/@a:gYw&*<RmUUXz#LSk",Check sum is (
train,"Bx
2?!OgN\b&AJ_G1/E_y",Check sum is L
train,"qoV0G2~s{j""=Oopgg:[^8fj9o",Check sum is S
train,+M|g%)d)@QYm^w6b5@`T>FK59sZ,Check sum is M
train,By8qCRg+	Pl!nE&-6#cM@/p=Q_'#	\uwVzZr[HaW p~SvbJZ-s,Check sum is ;
train,"7""ocHgr'8fw;d1}h!HU*\YBjB50",Check sum is M
train,"?,0[C/~YmAQAmIHT+1p\b	A+8p&D11=+i;LVbAr]I",Check sum is M
train,*u./~MU+*P'ictN-63ex~,Check sum is G
train,"tV[)Ko!*BaYY>#BG<j!R `VtH&[,Vg1DL9l^;>6DX[diPBx Km",Check sum is  
train, `mX4cwE,Check sum is 8
train,"s'Usi@Ha
{K",Check sum is $
train,"3.EMKO""X[mTJw	~D|~^gHs",Check sum is I
train,HVE4jlB.:([A:G=LQ#iho`MRi%&M)^q&?<-oA,Check sum is /
train,"?_2*Ip~}-mCb""nhVGJ >Ui:_92\y{L)S4p_96] )0[?1",Check sum is 7
train,h.Xyv-s6}dnUNl)cd_yq!N&3s	u=ctA4 n5; ,Check sum is J
train,"""'[4I6b9SP,Uu>]\e
Zs/~6'X.Bo6Q]3Jo",Check sum is /
train,"NX""be;Ki	4ZX|?3Ik8>O:R",Check sum is @
train,"Kn?_vK-N@GI#<q3hjnGV!<sp'aoyp+o_p0PaF^R3#0c/0I"" :",Check sum is P
train,;x$#jy	!Y)87>W,Check sum is -
train,&g$'||s.uU,Check sum is [
train,"
.~.j\?}~O+H)y//d:96*!=>85&L<%DQ2vtszi5,4%7AvH",Check sum is P
train,"dJb4>Z<
~{mP0kM9]V""uf'",Check sum is 0
train,"ZFblh2f=']l`)""U9D'uC!4Bs(wC /l
.KQ\KyVSJ'fM:",Check sum is 9
train,MVwk%8m_KE]8#?,Check sum is U
train,^I( k!X'(,Check sum is B
train,"lFO8Q2 	}O
=>)cA3<H]<H(6aqF->T
0Al~7O",Check sum is [
train,"ZjjRujAtRKaRk_1t'\dljU""A$v
 ^LtV$@jt4#%U@-
 rMjJNL",Check sum is W
train,rm--*!ddYVZvoQxq,Check sum is T
train,e	p&{|,Check sum is [
train,"\?c)QrAw}>mf:='\i <FvH'q.pXx;Mjn""C3<qh4\r",Check sum is (
train,to.A4wPZZp3Be3N0HS U	sUzzjGS5(jIx!u-@GmP$*CC,Check sum is X
train,"O50UCta}|Nux.4l,iL}.?gCcbUqC	H
}NYp",Check sum is 5
train,"k=>Qf)8&j\;!D
",Check sum is 4
train,t?;B_6h/{6jvI^h=,Check sum is Y
train,+fHxC@F4K`rRv(!Pvv<.,Check sum is B
train,x-pn\OXz(wb[^J:W9-T50#Z,Check sum is Q
train,"b=j-7% 2^>o4U 9Dba&L-,=1IVWU-oflfL F l1cH",Check sum is *
train,"4YK&$++""|2sGsI$G[:
K(emf<IY68({O,X",Check sum is U
train,"hVnD25H*|OvW/ln6jvH6]Qj'eN5 |[`),>~42:_C",Check sum is /
train,"3X-H*o
_o@Vx%8R[%uTK;M./N&a7aX[604VX&]m-#h%}vXOl'o",Check sum is X
train,{i]s*r,Check sum is 0
train,t=/+1M\W[P0SnjvIr\_;y.} ea_'1_3f[)w/uw_6>El]k jS,Check sum is A
train,":Xu5Zm<j	XFq;|gW_/8I(""ZD1CcOHl9rZ""@e{",Check sum is .
train,"{EZxP
SI+^:p-6@o oEwxD$Bn+@hm

6",Check sum is R
train,&9,Check sum is ?
train,D(,Check sum is L
train,"BYw7T=bL}'S>.T-&t IS7VP	]SR`j8G,5q<U(FMf",Check sum is W
train,"7=zj9?A.a=YV}""hJ|Fm|jL$=-#Tr\k^F-L",Check sum is 9
train,2`hr?AIA,Check sum is V
train,=<0$N&)TDd@mcE+]K|Qm%X|kMg^ P-)I2%{?qmB2o?,Check sum is >
train,I&Ik bOU1o4zXq-'G)mM/,Check sum is -
train,hd8iX57@j ?R~nj9=U;VK,Check sum is )
train,":O z~Y3(l2?;cmai-vgyOJ
0E$@U3W5jR\",Check sum is R
train,	A}SvRjUaRDUiWg'Qp*||%j]tkWc,Check sum is C
train,q*Ych1u}kW+u5}S!}+SoDHi!HT]q%nBIfZ?M4@A~-gK3TnH,Check sum is -
train,"x> .9id_`rI&HBavO'?L%%1
""|#Nt1rKa~/jA@.gx ",Check sum is H
train,7|@AM[aJdwDFW{q,Check sum is O
train,f$i+B	Y,"Check sum is """
train,")BP>S\yKN 3(IAMz~dPzpVt
xu\2""kHdWfGY^~PFy$",Check sum is 6
train,Pe~,Check sum is S
train,]BY``173S'5,"Check sum is """
train,SQ<16aMaO+R|GVHr!6O0rub >y&?O,Check sum is ?
train,"1D_S:'qM8+""N \[: {K\k
_YIKuD+_|H#m`g>+G(fI:Y",Check sum is E
train,">(FLOdk:s.u7Q?df|,I""EKz^",Check sum is R
train,LpD[	&#n\VAV,Check sum is D
train,"]5Q},C^?>-$x%",Check sum is 8
train,aDZzxT K`1(d2cg4(P}u,Check sum is G
train,g_['%\IudB&$xo>:,Check sum is 6
train,mvh'F^T~r[WX+s1,Check sum is S
train,";GnGl)D7B%o>XOlT7GUSi)E%tW)Lg|<tefm,Fc!fvCkg/",Check sum is %
train,DFz|q?Xw#WY+gGk&0m*u(lKe}M,Check sum is &
train,"QWzz
F;$8-eXt,U7|gmULAhf",Check sum is 9
train,X{,Check sum is 3
train,"U+]r,?+fWJjQ(Af%*TA8*G><@m/",Check sum is 9
train,"\9{UcF+sJh'[9,6-`0NzAOadKK63B'?_",Check sum is ;
train,"<NE#LU=
cq/;eavJ]yl]7!{,8d]",Check sum is U
train,}VV8:a%(#&7^eE52kf,Check sum is )
train,"5AOBU-]][Nm#j6W(B/rPP621lB,)0$",Check sum is .
train,",q@@m_t3]ysX*/py@*`]nC.t""P8M:lv]=Nx
#gV~TS`ld",Check sum is ?
train,"K<!rB,3EZ<#v7-3>#~}Ig}Gh%KP$6%~:<P{E",Check sum is !
train,"L	mzJ3L0""$/!<pVq;=-ifa
{_Lm/fSRe8,3`P v
)
+y""k",Check sum is :
train,r)Hq2Cn3}dRl&>up,Check sum is 2
train,"D6P1""wy5f8umml2BTwR$%'sXMQ*rB;J9l<$VP4`PENR>0>KlQb",Check sum is R
train,"Oc4J%w""{aG*4 ^g2""sa.'yy@x{K{w4u04v""> ^!tv2+^>",Check sum is 8
train,"%-JSL@[JgGJ-77TI!dr""Dl1?HJ~^h;+oKm}47Er",Check sum is +
train,[BGRKG>%$u7#KlYCkUyV['`G,Check sum is I
test,"j""","Check sum is ,"
test,Yv,Check sum is /
test,6g,Check sum is =
test,>o,Check sum is M
test,66,Check sum is L
test,V3,Check sum is )
test,xw,Check sum is O
test,\j,Check sum is &
test,|4,Check sum is P
test,",{",Check sum is G
test,t:,Check sum is N
test,h:,Check sum is B
test,|J,Check sum is &
test,M*,Check sum is W
test,"O
",Check sum is 9
test,H2,Check sum is Z
test,",!",Check sum is -
test,Pe,Check sum is U
test,if,Check sum is /
test,mU,"Check sum is """
test,K;,Check sum is &
test,	 ,Check sum is I
test,fW,Check sum is ]
test,$c,Check sum is '
test,}8,Check sum is U
test,RU,Check sum is G
test,'5,Check sum is <
test,?T,Check sum is 3
test,S ,Check sum is S
test,]&,Check sum is #
test,=h,Check sum is E
test,_h,Check sum is '
test,H3,Check sum is [
test,Dg,Check sum is K
test,"g""",Check sum is )
test,c',Check sum is *
test,to,Check sum is C
test,T],Check sum is Q
test,Q9,Check sum is *
test,m-,Check sum is :
test,io,Check sum is 8
test,3 ,Check sum is 3
test,1m,Check sum is >
test,SH,Check sum is ;
test,wH,Check sum is _
test,",a",Check sum is -
test,Z%,Check sum is _
test,?A,Check sum is  
test,Sn,Check sum is !
test,_],Check sum is \
test,^G,Check sum is E
test,lC,Check sum is O
test,x:,Check sum is R
test,mE,Check sum is R
test,3h,Check sum is ;
test,%},Check sum is B
test,e<,Check sum is A
test,o:,Check sum is I
test,SL,Check sum is ?
test,lE,Check sum is Q
test,A-,Check sum is N
test,H#,Check sum is K
test,\*,Check sum is &
test,D*,Check sum is N
test,Tx,"Check sum is ,"
test,b],Check sum is _
test,uF,Check sum is [
test,M4,Check sum is !
test,UN,Check sum is C
test,?+,Check sum is J
test,x%,Check sum is =
test,Sd,Check sum is W
test,\J,Check sum is F
test,M[,Check sum is H
test,9F,Check sum is _
test,j0,Check sum is :
test,w1,Check sum is H
test,dT,Check sum is X
test,Ky,Check sum is $
test,;b,Check sum is =
test,/@,Check sum is O
test,.W,Check sum is %
test,+4,Check sum is ?
test,Fc,Check sum is I
test,"p
",Check sum is Z
test,w7,Check sum is N
test,"(
",Check sum is R
test,'(,Check sum is /
test,9i,Check sum is B
test,8f,Check sum is >
test,%b,Check sum is '
test,16,Check sum is G
test,"t,",Check sum is @
test,Uo,Check sum is $
test,e(,Check sum is -
test,*:,Check sum is D
test,xj,Check sum is B
test,4_,Check sum is 3
test,Fp,Check sum is V
test,EM,Check sum is 2
test,m~,Check sum is K
test,	z,Check sum is #
test,m5,Check sum is B
test,@Q,Check sum is 1
test,Ix,Check sum is !
test,2c,Check sum is 5
test,Ny,Check sum is '
test,Gm,Check sum is T
test,"w""",Check sum is 9
test,\o,Check sum is +
test,+X,Check sum is #
test,E=,"Check sum is """
test,lv,Check sum is B
test,>n,Check sum is L
test,cI,Check sum is L
test,:O,Check sum is )
test,;Z,Check sum is 5
test,K?,Check sum is *
test,m=,Check sum is J
test,i?,Check sum is H
test,kG,Check sum is R
test,9F,Check sum is _
test,%u,Check sum is :
test,"""Q",Check sum is S
test,-E,Check sum is R
test,U{,Check sum is 0
test,nX,Check sum is &
test,.q,Check sum is ?
test,*u,Check sum is ?
test,6<,Check sum is R
test,"i""",Check sum is +
test,d/,Check sum is 3
test,U8,Check sum is -
test,m ,Check sum is -
test,P:,Check sum is *
test,1B,Check sum is S
test,Ij,Check sum is S
test,l',Check sum is 3
test,w|,Check sum is S
test,tl,Check sum is @
test,V+,Check sum is !
test,6_,Check sum is 5
test,1Q,"Check sum is """
test,=F,Check sum is #
test,OY,Check sum is H
test,S~,Check sum is 1
test,i@,Check sum is I
test,b.,Check sum is 0
test,5N,Check sum is #
test,"4,",Check sum is @
test,Il,Check sum is U
test,}y,Check sum is V
test,kE,Check sum is P
test,I>,Check sum is '
test,",]",Check sum is )
test,/:,Check sum is I
test,"h,",Check sum is 4
test,X~,Check sum is 6
test,}&,Check sum is C
test,yF,Check sum is _
test,Uu,Check sum is *
test,>T,Check sum is 2
test,{T,Check sum is /
test,q0,Check sum is A
test,Z^,Check sum is X
test,HI,Check sum is 1
test,)Y,"Check sum is """
test,T/,Check sum is #
test,F),Check sum is O
test,F$,Check sum is J
test,;i,Check sum is D
test,~4,Check sum is R
test,sy,Check sum is L
test,^v,Check sum is 4
test,m\,Check sum is )
test,"a
",Check sum is K
test,S4,Check sum is '
test,wa,Check sum is 8
test,e%,Check sum is *
test,T;,Check sum is /
test,^Q,Check sum is O
test,?Z,Check sum is 9
test,6I,Check sum is _
test,|d,Check sum is @
test,K',Check sum is R
test,<X,Check sum is 4
test,t2,Check sum is F
test,if,Check sum is /
test,Ay,Check sum is Z
test,3J,Check sum is ]
test,iN,Check sum is W
test,/a,Check sum is 0
test,d?,Check sum is C
test,y.,Check sum is G
test,HF,Check sum is .
test,{e,Check sum is @
test,DJ,Check sum is .
test,<v,Check sum is R
test,>F,Check sum is $
test,I),Check sum is R
test,1<,Check sum is M
test,7w,Check sum is N
test,ws,Check sum is J
test,+S,Check sum is ^
test,S~,Check sum is 1
test,l(,Check sum is 4
test,&K,Check sum is Q
test,!s,Check sum is 4
test,",*",Check sum is 6
test,B4,Check sum is V
test,Sm,Check sum is  
test,N{,Check sum is )
test,8+,Check sum is C
test,7&,Check sum is =
test,dZ,Check sum is ^
test,8=,Check sum is U
test,	n,Check sum is W
test,pf,Check sum is 6
test,9[,Check sum is 4
test,"""6",Check sum is 8
test,3D,Check sum is W
test,M>,Check sum is +
test,gs,Check sum is :
test,"
l",Check sum is V
test,L_,Check sum is K
test,V!,Check sum is W
test,v2,Check sum is H
test,Tr,Check sum is &
test,Y~,Check sum is 7
test,Ep,Check sum is U
test,YG,Check sum is @
test,lE,Check sum is Q
test,UV,Check sum is K
test,st,Check sum is G
test,;F,Check sum is !
test,E6,Check sum is [
test,9_,Check sum is 8
test,M{,Check sum is (
test,+d,Check sum is /
test,D\,Check sum is @
test,8d,Check sum is <
test,Ts,Check sum is '
test,{`,Check sum is ;
test,b^,Check sum is  
test,D{,Check sum is _
test,dM,Check sum is Q
test,Ux,Check sum is -
test,:/,Check sum is I
test,)3,Check sum is <
test,Lr,Check sum is ^
test,6x,Check sum is N
test,sc,Check sum is 6
test,7	,Check sum is  
test,@<,Check sum is \
test,o),Check sum is 8
test,k%,Check sum is 0
test,#H,Check sum is K
test,HM,Check sum is 5
test,4A,Check sum is U
test,E^,Check sum is C
test,iS,Check sum is \
test,"""N",Check sum is P
test,{w,Check sum is R
test,\?,Check sum is ;
test,/!,Check sum is 0
test,cH,Check sum is K
test,e>,Check sum is C
test,L[,Check sum is G
test,/Z,Check sum is )
test,O!,Check sum is P
test,07,Check sum is G
test,}*,Check sum is G
test,C-,Check sum is P
test,b6,Check sum is 8
test,zx,Check sum is R
test,[?,Check sum is :
test,OS,Check sum is B
test,-h,Check sum is 5
test,}~,Check sum is [
test,1i,Check sum is :
test,u ,Check sum is 5
test,9v,Check sum is O
test,\h,Check sum is $
test,0?,Check sum is O
test,Ck,Check sum is N
test,!9,Check sum is :
test,_%,Check sum is $
test,ZQ,Check sum is K
test,@m,Check sum is M
test,JA,Check sum is +
test,5},Check sum is R
test,/U,Check sum is $
test,\n,Check sum is *
test,dj,Check sum is .
test,jz,Check sum is D
test,z+,Check sum is E
test,@O,Check sum is /
test,/I,Check sum is X
test,6F,Check sum is \
test,LP,Check sum is <
test,c&,Check sum is )
test,"	""",Check sum is K
test,=Z,Check sum is 7
test,P},Check sum is -
test,>A,Check sum is _
test,p9,Check sum is I
test,|',Check sum is C
test,'`,Check sum is '
test,v^,Check sum is 4
test,WE,Check sum is <
test,	^,Check sum is G
test,c5,Check sum is 8
test,eq,Check sum is 6
test,g\,Check sum is #
test,E{,Check sum is  
test,~C,Check sum is !
test,uR,Check sum is '
test,",t",Check sum is @
test,cX,Check sum is [
test,D-,Check sum is Q
test,./,Check sum is =
test,<O,Check sum is +
test,"
B","Check sum is ,"
test,\e,Check sum is !
test,nN,Check sum is \
test,8A,Check sum is Y
test,AC,Check sum is $
test,5>,Check sum is S
test,a#,Check sum is $
test,--,Check sum is :
test,y-,Check sum is F
test,"*
",Check sum is T
test,Aq,Check sum is R
test,\Y,Check sum is U
test,KU,Check sum is @
test,mh,Check sum is 5
test,HJ,Check sum is 2
test,bu,Check sum is 7
test,-w,Check sum is D
test,GF,Check sum is -
test,u|,Check sum is Q
test,cK,Check sum is N
test,pf,Check sum is 6
test,n8,Check sum is F
test,o+,Check sum is :
test,wK,"Check sum is """
test,B|,Check sum is ^
test,ae,Check sum is &
test,]A,Check sum is >
test,'i,Check sum is 0
test,^;,Check sum is 9
test,?>,Check sum is ]
test,w|,Check sum is S
test,n	,Check sum is W
test,vt,Check sum is J
test, ^,Check sum is ^
test,"!
",Check sum is K
test,!j,Check sum is +
test,yT,Check sum is -
test,NS,Check sum is A
test,xB,Check sum is Z
test,^f,Check sum is $
test,lG,Check sum is S
test,7+,Check sum is B
test,cN,Check sum is Q
test,R`,Check sum is R
test,/f,Check sum is 5
test,JX,Check sum is B
test,TH,Check sum is <
test,Lb,Check sum is N
test,Km,Check sum is X
test,n[,Check sum is )
test,ef,Check sum is +
test,L',Check sum is S
test,",Y",Check sum is %
test,3K,Check sum is ^
test,e$,Check sum is )
test,K*,Check sum is U
test,|T,Check sum is 0
test,*t,Check sum is >
test,;a,Check sum is <
test,+',Check sum is 2
test,kx,Check sum is C
test,k&,Check sum is 1
test,09,Check sum is I
test,	~,Check sum is '
test,ZQ,Check sum is K
test,kg,Check sum is 2
test,fF,Check sum is L
test,`8,Check sum is 8
test,=8,Check sum is U
test,Tz,Check sum is .
test,",<",Check sum is H
test,mz,Check sum is G
test,fD,Check sum is J
test,ac,Check sum is $
test,"
6",Check sum is  
test,",m",Check sum is 9
test,#L,Check sum is O
test,fQ,Check sum is W
test,"
X",Check sum is B
test,H9,Check sum is !
test,6-,Check sum is C
test,1g,Check sum is 8
test,Tp,Check sum is $
test,M:,Check sum is '
test,`t,Check sum is 4
test,so,Check sum is B
test,Zs,Check sum is -
test,/p,Check sum is ?
test,I ,Check sum is I
test,S',Check sum is Z
test,%/,Check sum is 4
test,L>,Check sum is *
test,lo,Check sum is ;
test,AT,Check sum is 5
test,$_,Check sum is #
test,Eg,Check sum is L
test,2`,Check sum is 2
test,JK,Check sum is 5
test,;[,Check sum is 6
test,Dr,Check sum is V
test,5',Check sum is <
test,:`,Check sum is :
test,[W,Check sum is R
test,IR,Check sum is ;
test,sk,Check sum is >
test,%7,Check sum is <
test,rc,Check sum is 5
test,s9,Check sum is L
test,K%,Check sum is P
test,!1,Check sum is 2
test,wt,Check sum is K
test,N1,Check sum is _
test,"F""",Check sum is H
test,s2,Check sum is E
test,8C,Check sum is [
test,WF,Check sum is =
test,~E,Check sum is #
test,=-,Check sum is J
test,d1,Check sum is 5
test,#8,Check sum is ;
test,",4",Check sum is @
test,~Y,Check sum is 7
test,yT,Check sum is -
test,]Z,Check sum is W
test,DZ,Check sum is >
test,cx,Check sum is ;
test,HM,Check sum is 5
test,l;,Check sum is G
test,gm,Check sum is 4
test,yF,Check sum is _
test,AO,Check sum is 0
test,ZP,Check sum is J
test,zA,Check sum is [
test,py,Check sum is I
test,oF,Check sum is U
test,	d,Check sum is M
test,dY,Check sum is ]
test,bl,Check sum is .
test,""";",Check sum is =
test,}F,Check sum is #
test,T%,Check sum is Y
test,?u,Check sum is T
test,f{,Check sum is A
test,	?,Check sum is (
test,ZS,Check sum is M
test,#a,Check sum is $
test,2I,Check sum is [
test,y0,Check sum is I
test,"
x","Check sum is """
test,Kn,Check sum is Y
test,	B,Check sum is +
test,JH,Check sum is 2
test,HH,Check sum is 0
test,`y,Check sum is 9
test,p`,Check sum is 0
test,\s,Check sum is /
test,IX,Check sum is A
test,Cp,Check sum is S
test,X\,Check sum is T
test,6.,Check sum is D
test,""".",Check sum is 0
test,$u,Check sum is 9
test,Y%,Check sum is ^
test,!3,Check sum is 4
test,"Y,",Check sum is %
test,Jf,Check sum is P
test,)),Check sum is 2
test,9U,Check sum is .
test,vt,Check sum is J
test,B\,Check sum is >
test,Z>,Check sum is 8
test,o@,Check sum is O
test,hj,Check sum is 2
test,?5,Check sum is T
test,"""3",Check sum is 5
test,}Z,Check sum is 7
test,oU,Check sum is $
test,S2,Check sum is %
test,{!6,Check sum is 2
test,~D`,Check sum is B
test,Qt[,Check sum is @
test,]QZ,Check sum is (
test,dDV,Check sum is ^
test,cM!,Check sum is 1
test,x g,Check sum is _
test,rX],Check sum is G
test,8ui,Check sum is 6
test,v[I,Check sum is :
test,:<4,Check sum is J
test,@PL,Check sum is <
test,JzJ,Check sum is .
test,JG#,Check sum is T
test,Se>,Check sum is V
test,QZ},Check sum is H
test,%Hd,Check sum is 1
test,	g/,Check sum is ?
test,]IZ,Check sum is  
test,v_t,Check sum is )
test,LA7,Check sum is $
test,:Ak,Check sum is F
test,2OV,Check sum is 7
test,NUU,Check sum is X
test,Px|,Check sum is $
test,{9*,Check sum is >
test,/8L,Check sum is S
test,	xn,Check sum is O
test,?Cb,Check sum is D
test,}ID,Check sum is *
test,JZt,Check sum is 8
test,.)e,Check sum is \
test,wSK,Check sum is 5
test,Gb],Check sum is &
test,d'f,Check sum is Q
test,%~t,Check sum is 7
test,3dl,Check sum is #
test,E>@,Check sum is #
test,9P6,Check sum is _
test,/oo,Check sum is -
test,}+	,Check sum is Q
test,=zH,Check sum is _
test,u'#,Check sum is _
test,DAW,Check sum is <
test,{<G,Check sum is ^
test,5P~,Check sum is #
test,"u""<",Check sum is 3
test,Blp,Check sum is >
test,UP~,Check sum is C
test,p:^,Check sum is (
test,B)N,Check sum is Y
test,2#g,Check sum is \
test,uF7,Check sum is R
test,xFS,Check sum is 1
test,V7w,Check sum is $
test,.;-,Check sum is 6
test,#vU,Check sum is N
test,",\>",Check sum is &
test,fqa,Check sum is X
test,{tV,Check sum is %
test,#O_,Check sum is 1
test,clV,Check sum is E
test,Y(T,Check sum is 5
test, +Z,Check sum is E
test,FE3,Check sum is ^
test,?~|,Check sum is Y
test,Q~g,Check sum is V
test,pO(,Check sum is G
test,f!>,Check sum is %
test,O+s,Check sum is M
test,vW$,Check sum is Q
test,2<?,Check sum is M
test, Q$,Check sum is 5
test,z?L,Check sum is %
test,>:),Check sum is A
test,F>(,Check sum is L
test,SPw,Check sum is :
test,iJc,Check sum is 6
test,[Kp,Check sum is 6
test,pFN,Check sum is $
test,"2)""",Check sum is ]
test,Km^,Check sum is 6
test,pM!,Check sum is >
test,3/b,Check sum is $
test,8XX,Check sum is H
test,BhI,Check sum is S
test,O;G,Check sum is 1
test,F/\,Check sum is 1
test,?	>,Check sum is &
test,^c:,Check sum is [
test,+`>,Check sum is )
test,K8C,Check sum is &
test,{Y4,Check sum is (
test,|2^,"Check sum is ,"
test,/1 ,Check sum is  
test,S]3,Check sum is C
test,9zh,Check sum is ;
test,Dg_,Check sum is *
test,9%J,Check sum is H
test,R8C,Check sum is -
test,MV7,Check sum is :
test,{=?,Check sum is W
test,Mi	,Check sum is _
test,Emx,Check sum is J
test,Eci,Check sum is 1
test,y>2,Check sum is I
test,jbd,Check sum is P
test,(1M,Check sum is F
test,"
lh",Check sum is >
test,"T""+",Check sum is A
test,WFX,Check sum is U
test,!Li,Check sum is 6
test,wyw,Check sum is G
test,|O5,Check sum is  
test,g	%,Check sum is 5
test,"e, ",Check sum is Q
test,ym^,Check sum is $
test,]Gn,Check sum is 2
test,f[Q,Check sum is 2
test,{m{,Check sum is C
test,Pdr,Check sum is F
test,m;$,"Check sum is ,"
test,>-8,Check sum is C
test,zwM,Check sum is ^
test,ne7,Check sum is *
test,yOl,Check sum is T
test,AWE,Check sum is =
test,n_J,Check sum is 7
test,""">l","Check sum is ,"
test,WF;,Check sum is 8
test,;ff,Check sum is '
test,"
;J",Check sum is /
test,nBS,Check sum is #
test,|L),Check sum is Q
test,x:m,Check sum is ?
test,"
*z",Check sum is N
test,Oez,Check sum is N
test,9CC,Check sum is _
test,D3>,Check sum is U
test,h$},Check sum is )
test,Qhj,Check sum is C
test,5L+,Check sum is L
test,gF:,Check sum is G
test,RF},Check sum is 5
test,"
.'",Check sum is ?
test,Wde,Check sum is @
test,=q;,Check sum is I
test,>yc,Check sum is :
test,%>7,Check sum is :
test,qOE,Check sum is %
test,$A	,Check sum is N
test, =Y,Check sum is V
test,'JP,Check sum is !
test,Z>],Check sum is U
test,HsQ,"Check sum is ,"
test,an&,Check sum is U
test,"
&/",Check sum is ?
test,wK=,Check sum is _
test,P#q,Check sum is D
test,(+^,Check sum is Q
test,6 6,"Check sum is ,"
test,ytH,Check sum is U
test,t%;,Check sum is 4
test,OO~,Check sum is <
test,g?],Check sum is #
test,"dw,",Check sum is '
test,st\,Check sum is #
test,T.q,Check sum is S
test,P]2,Check sum is ?
test,fK~,Check sum is O
test,Z]],Check sum is 4
test,_yp,Check sum is (
test,@F*,Check sum is P
test,!6c,Check sum is Z
test,[w<,Check sum is .
test,<jd,Check sum is *
test,e@N,Check sum is S
test,"I}""",Check sum is H
test,5w!,Check sum is -
test,exd,Check sum is !
test,p-	,Check sum is F
test,cU],Check sum is 5
test,fn#,Check sum is W
test,xk`,Check sum is #
test,iCO,Check sum is [
test,\MK,Check sum is T
test,Yio,Check sum is Q
test,K><,Check sum is %
test,\TG,Check sum is W
test,u2 ,Check sum is '
test,7A ,Check sum is 8
test,`>X,Check sum is V
test,Q)y,Check sum is S
test, yD,Check sum is =
test,yur,Check sum is @
test,a89,Check sum is 2
test,	Yy,Check sum is ;
test,7G-,Check sum is K
test,*:),Check sum is -
test,+2},Check sum is :
test,:[<,Check sum is 1
test,tJ+,Check sum is I
test,w0:,Check sum is A
test,6'V,Check sum is S
test,Utd,Check sum is M
test,s.J,Check sum is K
test,XkH,Check sum is +
test,Jqa,Check sum is <
test,@1m,Check sum is >
test,x`;,Check sum is 3
test,eJj,Check sum is 9
test,77x,Check sum is F
test,a$U,Check sum is :
test,Re.,Check sum is E
test,f%+,Check sum is V
test,8TG,Check sum is 3
test,X<`,Check sum is T
test,^KJ,Check sum is S
test,izc,Check sum is &
test,AF?,Check sum is &
test,9mc,Check sum is )
test,BcD,Check sum is I
test,fnj,Check sum is ^
test,fIo,Check sum is >
test,d/&,Check sum is Y
test,v33,Check sum is <
test,}C_,Check sum is ?
test,*%{,Check sum is *
test,Zp/,Check sum is Y
test,ZL\,"Check sum is """
test, Eb,Check sum is '
test,"""+4",Check sum is !
test,r37,Check sum is <
test,"),+",Check sum is  
test,6<y,Check sum is K
test,xvc,Check sum is 1
test,2-o,Check sum is .
test,">
A",Check sum is )
test,VB_,Check sum is W
test,+Oy,Check sum is S
test,@hm,Check sum is 5
test,1!i,Check sum is [
test,[H@,Check sum is C
test,T#`,Check sum is 7
test,^M.,Check sum is 9
test,*}f,Check sum is -
test,r	u,Check sum is P
test,"jS""",Check sum is ?
test,(z5,Check sum is 7
test,N'x,Check sum is M
test,{:`,Check sum is 5
test,KC^,Check sum is L
test,;DU,Check sum is 4
test,(%&,Check sum is S
test,$0_,Check sum is S
test,FDi,Check sum is S
test,/zR,Check sum is [
test,k\.,Check sum is U
test,"Y6
",Check sum is 9
test,}N?,Check sum is *
test,"<,	",Check sum is Q
test,1X7,Check sum is  
test,k>3,Check sum is <
test,YLl,Check sum is 1
test,7PD,Check sum is +
test,sX>,Check sum is )
test,oD=,Check sum is P
test,"
p(",Check sum is B
test,$c5,Check sum is \
test,qx ,Check sum is )
test, >3,Check sum is 1
test,mS.,Check sum is N
test,sGr,Check sum is L
test,6-I,Check sum is L
test,B2m,Check sum is A
test,.Hh,Check sum is >
test,:Gz,Check sum is [
test,"+D,",Check sum is ;
test,"p5""",Check sum is '
test,.un,Check sum is 1
test,V'@,Check sum is ]
test,;1{,Check sum is G
test,Mo ,Check sum is <
test,F'T,Check sum is !
test,M!z,Check sum is H
test,tzU,Check sum is #
test,(FP,Check sum is ^
test,MH},Check sum is 2
test,:	l,Check sum is O
test,/0c,"Check sum is """
test,"
i^",Check sum is 1
test,7~e,Check sum is :
test,P\Y,Check sum is %
test,)h+,Check sum is \
test,ad),Check sum is N
test,",""z",Check sum is (
test,c6{,Check sum is 4
test,e	@,Check sum is N
test,OPi,Check sum is (
test,o{b,"Check sum is ,"
test,"2""J",Check sum is >
test,pm5,Check sum is 2
test,pDf,Check sum is :
test,Dlt,Check sum is D
test,"""Fu",Check sum is =
test,yU-,Check sum is [
test,"""aR",Check sum is 5
test,:xX,Check sum is *
test,"i
z",Check sum is M
test,GL6,Check sum is )
test,F)Y,Check sum is (
test,dcl,Check sum is S
test,teu,Check sum is .
test,$My,Check sum is J
test,!mL,Check sum is :
test,q$?,Check sum is 4
test,Wfe,Check sum is B
test,":,7",Check sum is =
test,x[;,Check sum is .
test,hG?,Check sum is N
test,sLJ,Check sum is )
test,/FF,Check sum is [
test,B>|,Check sum is \
test,ATI,Check sum is >
test,BR3,Check sum is '
test, `<,Check sum is \
test,0<J,Check sum is V
test,:-j,Check sum is 1
test,{;m,Check sum is C
test,:s2,Check sum is ?
test,+PS,Check sum is .
test,0!-,Check sum is ^
test, :S,Check sum is M
test,H}v,Check sum is [
test,#M8,Check sum is H
test,p0),Check sum is )
test,X/w,Check sum is ^
test,N8',Check sum is M
test,hS;,Check sum is V
test,Frz,Check sum is R
test,=s8,Check sum is H
test,{@7,Check sum is R
test,K|$,Check sum is K
test,OUv,Check sum is :
test,HVG,Check sum is E
test,P|%,Check sum is Q
test,>7/,Check sum is D
test,"
s,",Check sum is I
test,c[:,Check sum is X
test,AQt,Check sum is &
test,7:',Check sum is 8
test,A=3,Check sum is Q
test,"""eu",Check sum is \
test,#Zj,Check sum is G
test,`'T,Check sum is ;
test,">,*",Check sum is 4
test,qB8,Check sum is K
test,rur,Check sum is 9
test,]}P,Check sum is J
test,S}|,"Check sum is ,"
test,@sd,Check sum is 7
test,oII,Check sum is !
test,tyG,Check sum is T
test,NRw,Check sum is 7
test,|=f,Check sum is ?
test,dXe,Check sum is A
test,rp	,Check sum is K
test,"(-""",Check sum is W
test,ICM,Check sum is 9
test,k:g,"Check sum is ,"
test,K0?,Check sum is Z
test,r|;,Check sum is I
test,WCC,Check sum is =
test,Bl.,Check sum is <
test,9m3,Check sum is 9
test,qa1,Check sum is #
test,"	t
",Check sum is '
test,!lD,Check sum is 1
test,"
or",Check sum is K
test,66n,Check sum is :
test,KtD,Check sum is #
test,.4N,Check sum is P
test,)Bg,Check sum is 2
test,tr#,Check sum is )
test,2Xg,Check sum is Q
test,mI&,Check sum is <
test,3C!,Check sum is 7
test,#yE,Check sum is A
test,=8H,Check sum is ]
test,^0B,Check sum is 0
test,}^O,Check sum is J
test,87 ,Check sum is /
test,s(|,Check sum is 7
test,"~""q",Check sum is 1
test,Dyc,Check sum is @
test,YYo,Check sum is A
test,)9{,Check sum is =
test,`hq,Check sum is Y
test,kGB,Check sum is T
test,9`6,Check sum is /
test,q;=,Check sum is I
test,rBM,Check sum is !
test,",Hf",Check sum is :
test,.i[,Check sum is R
test,VqX,Check sum is ?
test,wzm,Check sum is >
test,<UH,Check sum is 9
test,hOS,Check sum is *
test,#-<,"Check sum is ,"
test,.mQ,Check sum is L
test,~32,Check sum is C
test,hbg,Check sum is Q
test,RUR,Check sum is Y
test,8ZJ,Check sum is <
test,VR=,Check sum is E
test,cib,Check sum is N
test,HK@,Check sum is 3
test,Cp$,Check sum is 7
test, ~O,Check sum is M
test,b?X,Check sum is Y
test,[G%,Check sum is '
test,E|G,Check sum is (
test,OVH,Check sum is M
test,\)F,Check sum is +
test,g4O,Check sum is J
test,zE*,Check sum is I
test,E?9,Check sum is ]
test,M33,Check sum is S
test,BQT,Check sum is G
test,N_X,Check sum is %
test,6~_,Check sum is 3
test,u'O,Check sum is K
test,#Xy,Check sum is T
test,tb9,Check sum is /
test,:!{,Check sum is 6
test,{Im,Check sum is Q
test,u@<,Check sum is Q
test,Q/	,Check sum is )
test,MAE,Check sum is 3
test, aw,Check sum is X
test,=:b,Check sum is 9
test,kr[,Check sum is X
test,Ul0,Check sum is Q
test,Nx!,Check sum is G
test,ED[,Check sum is D
test,N51,Check sum is T
test,b}:,Check sum is 9
test,dWW,Check sum is 2
test,&I{,Check sum is J
test,uc[,Check sum is S
test,X-y,Check sum is ^
test,:5X,Check sum is '
test,E=I,Check sum is +
test,"T""6",Check sum is L
test,s8!,"Check sum is ,"
test,]MC,Check sum is M
test,WA|,Check sum is 4
test,-s0,Check sum is 0
test,eH*,Check sum is 7
test,W[h,Check sum is :
test,aOc,Check sum is 3
test,Ezv,Check sum is U
test,0v&,"Check sum is ,"
test,8L/,Check sum is S
test,UC0,Check sum is (
test,[jq,Check sum is V
test,#m.,Check sum is ^
test,JP~,Check sum is 8
test,-r{,Check sum is :
test,@rA,Check sum is S
test,FH4,"Check sum is """
test,K&Z,Check sum is +
test,i}O,Check sum is U
test,fZ	,Check sum is )
test,25[,"Check sum is """
test,Q*9,Check sum is T
test,JVJ,Check sum is J
test,pf	,Check sum is ?
test,|xz,Check sum is N
test,k	%,Check sum is 9
test,Q?w,Check sum is '
test,/]|,Check sum is (
test,orA,Check sum is B
test,O56,Check sum is Z
test,cb`,Check sum is E
test,R`W,Check sum is )
test,2PI,Check sum is +
test, '6,Check sum is ]
test,s	f,Check sum is B
test,3y&,Check sum is 2
test,nNt,Check sum is P
test,d_>,Check sum is !
test,%.R,Check sum is E
test,*uD,Check sum is C
test,M1/,Check sum is M
test,<!(,Check sum is %
test,	J},Check sum is 0
test,&E%,Check sum is 0
test,'z1,Check sum is 2
test,+@|,Check sum is G
test,"[ow'oM/jAWfwH(6KH|:ZHvP%$j.7, -(","Check sum is """
test,/2-Prdc<*]{%T[v$D}Q<?/b[		,Check sum is .
test,"\R,u3bAG04nW'YP:x*y
LQx4j{z{vj	2rC<Q7@I",Check sum is $
test,"wuZt22LOBSOG,W.6-9Rl{W&Y$*,S%fSMufjg?""5Y7y	m",Check sum is Y
test,@$6*U{9i,Check sum is V
test,j$xJ%?MV.^]KVbWVtimmES1I,Check sum is Y
test,",Gy2!IUf|A~8zt@Qv	D$~dz1'L2O6N65R	n4yh",Check sum is J
test,"9)S80KG@""MY
^+Q
	>_b.G#",Check sum is %
test,"?.6m.jNeYay. ~?JEQc06F9aeT{Q`""Bv",Check sum is A
test,n/M|VhZo?KuZK_-d[3@Bj2Ii/u}u{T(n1{:Q(W/VngGx!E&gh,Check sum is $
test,UpL+|c7l,Check sum is ^
test,"{;u)h s!&~ W	y|y]""_>hQN",Check sum is E
test,"7KG:3GT	rX?{HmEVe\K]9j1jz2#`o	59mg,",Check sum is J
test,w.!tKC]7H-I)#.c,Check sum is W
test,W#!{q{V$Gx_=z7)te@<O_H85!n1u,Check sum is >
test,")$+~qdA#-Y@f( OZ	SfL*
z	~
r0-Y6&F0;xYrw#op5+
1} ","Check sum is """
test,"D-\Hm;<:LwD'[q(]@vHS!
 DMfK"";`I-[w~(t}VUN",Check sum is E
test,"/K{9i!oV""*NjD$@jx&*8^AQdOg~,ZS}U>c8PDV}hAR6x;zPB*F",Check sum is F
test,_8X$H>%/lC,Check sum is <
test,[:Lc@bsG%}/I~zu7;scm$<=%=4$B<-ttzb_O6+,Check sum is Q
test,H+,Check sum is S
test,"^>NsOi}3How\zM-yzo%Rt.}EJ""%2T)+|WWx6W0C7v*X?",Check sum is [
test,~[qL	JXRC,Check sum is 6
test,Mi1+;4L059po*qD=Z(`3(hmy'r|%R`3	:,Check sum is 3
test,+L7S0j!Rs*_'X!gh)sz7,Check sum is &
test,4/x+{#s\v!*xVQSqE~BCCHk<LTf19rMUf~3?\'LOj,Check sum is S
test,QRR@k,Check sum is @
test,"G^{""VF9CV",Check sum is P
test,b@a%/QpH5|*(/sN/RfpTM_,Check sum is J
test,"
m[zp[^<uZ2uJkvVL+[%X-vM{K",Check sum is M
test,oyP{#x+ba/|.*qt$JA[=.fo4$ul,Check sum is G
test,"t""ai,0DD0JfvT>Y52bO{ :1:f:SX",Check sum is H
test,W~GI;5,Check sum is 5
test,f46nR9*jM{Zh$Ry+SM,Check sum is A
test,\h::OTmp^Ml'%-W,Check sum is ?
test,"j%tGp8Q4qRLHEYo^y,Fo7j[VPBP;6H[27)<	dhA6Jyd",Check sum is <
test,"x|&UFmX{9O$"")",Check sum is L
test,}xH	nlv[SeXq$h',Check sum is E
test,ewk.ltCbkc%a_{,Check sum is H
test,"?c1Vbj]""Aw>r'
l#A8-`%0m?hE5	i:_3N",Check sum is 1
test,"9y0)J2=;bUv;sS""9b5s7}TQd[5>|",Check sum is 9
test,D`zLka=z\fLe<v.ttJ_ozQLf-smr+/2I<	C$E(IfS=eb>*A\y,Check sum is N
test,".5>IL}Yd8-LP|
i~ePe]X;LI4A`Ts]9j-ew~",Check sum is @
test,XwA_.l.90{L}0z,Check sum is .
test,ge>s:6vlnl*6WTB &,Check sum is \
test,jxVn:@%QG,Check sum is =
test,"sSlCKB')PKszwP?2,z>M1",Check sum is T
test,AvX,Check sum is /
test,z)L[n|nt'$2Fko&{e,Check sum is Y
test,DWGupCWWX$n#COQ}'Ni~^c|^;,Check sum is 7
test,QVpM|cVrYBy5JBY(3)Et}vM& `pn,Check sum is Z
test,"!iQUuaZ^:
M?n4RT50t/R\wu2 RaS`KG<mU[T",Check sum is O
test,%umu~.YVxs%dL0 l[FyKZ{gK,Check sum is _
test,"4Bm.wK]m2.lMwG=rn7sYIdz[pLou%_E<{]""=6Jqg
aVh",Check sum is S
test,"j1
SalFVwiv(')""H 0C!hY87>w@4gs2h~}@0E
BUj79)",Check sum is N
test,"65G[Xr6w1muCMY(tE~%/Pwzcai<O_
Ib0H\IeU",Check sum is 7
test,I^/Lg=nmF6'!@iq9 k,Check sum is #
test,"zm8Tz4X}.=}5V
}uQ|Z~@q7%J]0&(at~Q`5E",Check sum is Z
test,OTHn9Z5x>61BSFp^/|Nq4f_erF,Check sum is G
test,U	nF?B'(x*3c+s?ON<tm=Yrbts@%,Check sum is G
test,"vK#`G (
xdim+s[fg
$c+S(}oJy{x9^Y<28vk[)/",Check sum is 8
test,0omw{,Check sum is ^
test,`&}!jo,Check sum is ]
test,">&+fGjR:<QD,H^tbmM)35\mgoQ9)7	=Jc,TpwHh??l3l=?C;{n",Check sum is U
test,lM8=tRXe:$Xy$gkIa'}*2:Py1g>X{9wn(3w= ,Check sum is Y
test,"-""~M)9tV>l%@aA+jJC^L8J)/	v\*+=zQ0	Q!1QqZD7~)NR",Check sum is /
test,eP&RA@W}-Ela?w)@a+9i0oFxB**QNs?X`!gR7 .	vc;'`PURi,Check sum is M
test,4r\SRo/IM=oL9\dEi<@2t%,Check sum is !
test,<]e;Di}RG|Vlh>b^p)H@MHLrHy<X\.BB]D8$'z@[6U*2I,Check sum is @
test,'~5Mv,Check sum is =
test,"~wSIL-UG4 t
66nq?-fd\",Check sum is 5
test,"iZUYmdjXUw+Fkkf *yyk""|v]rrbWp#
Sp""2O4$yng^9"",)r'","Check sum is """
test,"YQlt-i9qcHpe?v""q
p3\mVS;=3p2\_'XbOS%}F6",Check sum is :
test,"F9#N
 ($-K6uicC.>SDOc_v>pATB!-8/$i9`k",Check sum is M
test,{%r#u{	,Check sum is N
test,UX,Check sum is M
test,yj/NVg8D^>hk/2G;-f7K|],Check sum is 9
test,"]o+v\,"";5w&8M?jj7!-y(DQ",Check sum is W
test,"yfMsr,y9]'yQ:0Qhz=j O9<*hd)E5/2. 
dI",Check sum is D
test,MSv%^$%TJ__8NI	cEa},Check sum is <
test,<=B%wks``U!$zFTKMq0qich-38e=J3cUiVy!,Check sum is )
test,"~nG""bs4MP?jL,|{tY#u?W%",Check sum is S
test,"Zeiu]?8N}*K7%lel.*eZ|s@7^&{Mhu|W%""",Check sum is *
test,?0n(,Check sum is %
test,6Yr.JCI|Qa<!|rkeU^,Check sum is !
test,"Sx65H
4v	Yun@BC
Nzg_8v DN%6)t+J*oy{[&+-!5fzm",Check sum is J
test,<iFDL~UvJjfzmAjw1n`nbYws=\]~%9q@*Zf?|CL#(,Check sum is [
test,!O@D)U/(ON=\)v'a|*(hGiCesrO6#THl&y^`B);~N\6[,Check sum is %
test,"[H]m	8,U+4|%cZP3
@\Zryy9=p8pEI/}U|A$c>i9",Check sum is 4
test,"I$V""8 
lv*sHW}Bk9e0FlBz",Check sum is +
test,'&Ep($-]be=QTw{e-W[Og+~,Check sum is 6
test,"NbC8SkikDW7>>Iaz h""+NOW!}:cqjI"";",Check sum is T
test,T)r1%UO_atM,Check sum is J
test,"yb<4*O/I)P<]=n8,W49/6z(jJ""'",Check sum is E
test,"cB##Y~aF&55H
y,'C^a s6yDI'4UO,w9D|m3Vh!{Uona-Jc",Check sum is J
test,"_sNe
c*k$|]B/vjHszRwB{'Z
9|Y
Y`{UfS`ubx@JS\c",Check sum is  
test,"MuMBO/,fNGQ<H>5@fe+T}n{U""eSm,]X+~r9iEf\O.sM",Check sum is L
test,"YD99N,~_8R'1Uh`+pR,Dt<k^,!:(\F  O-aOkZFWaI",Check sum is $
test,DjNj3tvLx;R|6O,Check sum is 5
test,"+D$Zx8Bxmj
FSH]U!N,8Vy",Check sum is M
test,OC6<#Z8(T}Y!3./)5EQOr{{W\kwc,Check sum is ?
test,@xWNi@[57,Check sum is -
test,"49Q
_jo?=R57kP@tF-ibnxPt\GD%	/1c^:$?q6Yzx?5AT",Check sum is ?
test,"Yi'~ X/	/.&}fF\R&jW?#7""99ihkS.J<*C{%eNgT,Cu",Check sum is G
test,"s
I&rM\g[Bn@[4DN""B&<SRI4Pa>",Check sum is Q
test,"9)~mJ]:9:}E/4b2ID'4xY 8t8h^$==(bBJSy!XX5U~z#Yx',T",Check sum is +
test,"qDeh'A0qXhp{RCE|cT,",Check sum is O
test,Z %	Q86C<04(!to7=|Mjx,Check sum is 5
test,xn#zM9Q&JJl%TW=q+(-Vng6q%dd=>Y(=,Check sum is V
test,+rTX@m$UWR2,Check sum is *
test,"5
259`N}RUR$\O;Rk}!BR&zyjuN~ZkdRx:aL,c2y8`,k",Check sum is #
test,"a5=[%
4xU^2\iwEn09J,L)[XKEpv{{.!Xg/7.GV",Check sum is /
test,"""JTj>",Check sum is H
test,}4QY`7L2D4wK\I*O,Check sum is (
test,'4-5/A8PHx/oH}~s#cPQ9-EFFIs,Check sum is C
test,		4ClJ[/M.'?7x=3@,Check sum is )
test,% ]6%I1{,Check sum is R
test,"(t69O+smcN( E?pj2|wy=,gYsIL3",Check sum is ^
test, M]r\ 49dFrTJPl?=[zI]guhIh01@,Check sum is H
test,"I|Ww@yXE>B""H&,A
tQn=9%<V:^Rf}1",Check sum is .
test,"~h
)J|jf^*ZDNt	i""F-@>){._?AIwS
HxQ",Check sum is [
test,"_<8?Sp;i
,h9+R/s}If<Ttx]Z7&
&,jQ,~2t}4QN##1",Check sum is 9
test,8x8OWL9Bf,Check sum is [
test,"y!eibf-	HG]n`)Hf.r9GX6\3rO?v#""qJkt3bQHPP #il} ","Check sum is ,"
test,J6aSA%D,Check sum is >
test,"ov9UYk<;c4&mc""O-2$-EX[NAHlvR.:mIRb~U",Check sum is $
test,	]ISuAi3;@M<IS3Wq|,Check sum is K
test,"S:G:Mo6uJ<fM1^y6~7wb3s;Z^1Dp,!gue:w.Raj>9qaB[",Check sum is H
test,"ycWrD?e?dq4 Ff,s5Hd%^HKAPd]>41GXB#z",Check sum is J
test,+6O&5nE,Check sum is ^
test,!uG|2`)$I0GDg(-aU*vhF}[#bf	`4Ck5U,Check sum is 4
test,"S/4k)`)|$Bfa{""d)^hA3EZex>c'}EB$1g
*)X[.;U<",Check sum is N
test,`4J,Check sum is >
test,d&wLN-/,Check sum is W
test,H_X=bzyYh;8esW,Check sum is T
test,"IxZ[?@lP@1*%GHSY*sO""K)&W3esgO{^.Ei",Check sum is A
test,|^Q7@3937=|TEI,Check sum is 3
test,v)[)4b+b/$CG*,Check sum is -
test,jjc71X|owCa=1rvFBUOu\{`Xqw,Check sum is K
test,46gJCi,Check sum is '
test,J	7K{z?Z~1R2YUpQ-OxUO*2W#fpU/}[xDwyZ/0,Check sum is *
test,bW+,Check sum is D
test,"Ccev1[|lGb
2RZH9?~q0-</geiw w*i_NY# LO-.",Check sum is 2
test,"+/k
aJuUeW nYq0J0v;CLEQj)\ElMp2O@",Check sum is V
test,\)8~H	H5Z!kPm1TC`=%p'*M{@ve=s(7Dm8\R ADf-.[U5,Check sum is +
test,"aUa8u<;!Su,x]\clZ96WDkm|7;0,>",Check sum is 4
test,"[^m
#)t",Check sum is P
test,"6
`Y]0x$)5%!Z =5'<F:0XJ	vY/
3T9",Check sum is X
test,"#T 83~F
{?DHI_66esnEi?",Check sum is =
test,"e{Mr"";jlfVLRC.>|<x",Check sum is +
test,"JV]?T2}+GMOXh;U~fC[wMHfCjW\!bK7Rt52,Jv(z]rip~",Check sum is 7
test,"QPD+pJ,N""!k|jO0(",Check sum is _
test,"ml):^Cx:xNWuv,'=R|:,VcLwjTF)Jz'f7%U",Check sum is &
test,87-b)pOswk@W>,Check sum is 0
test,t;9ta%C+Qf=,Check sum is $
test,aC#&vv,Check sum is 9
test,XPOlpML@HAA8E(GDA6^/XFV \+7Oi6|A>%JXP[<3X+9\y*m:z,Check sum is B
test,DNrKT}`Eyw@Q64pR42Vzo4].S(g#p{d8k,Check sum is -
test,YApvlfrkg@aYyjr6J7 <FKdc9hF	A ,Check sum is A
test,iMezOlrSA@6Yh))t5EU<Ysa?LH92#h]K{fo5NXu#INm8,Check sum is [
test,"""FQopG9h!]qSg`#C7Sk}*\6@%$Ylp?",Check sum is :
test,"7= Z
^en{""",Check sum is &
test,Gy,Check sum is  
test,"5(@Me [TTy
,L",Check sum is M
test,"H[i},u`2ihFl""X6qTG .BE8.h <vQrR2 'ebza+bTjGk	 YZ'O",Check sum is O
test,"qWb'[;\E.4f0
s p.HK3lad$&+piR,)
ms']\^\",Check sum is K
test,"MUUYUHW5VP>>I89E
<dSR;cMt",Check sum is (
test,"K^fY~K|[D\P\v04v6rZ0ubNW-/p#6qV|H>Ksqh
",Check sum is A
test,rmah6CS*=-Z'lr)S=IMj6+I9fD-,Check sum is :
test,"5aZ	 zrk7@)L+uF %""t$em7",Check sum is *
test,FE|vvHD,Check sum is _
test,CtScrG&,"Check sum is ,"
test,"ZJ}@[<y\9;6'0)Fh|$.#U;Bd9z2V
$MnW!~4{g\5&k+A7",Check sum is !
test,;udU	T{[f [no,Check sum is :
test,'ZfD[,Check sum is &
test,|]Q-TeOp3mQeryKOLxFLBt ~]@Aq@sD[I,Check sum is ^
test,kUqCM@  v|QPW~%2OKe5gt::S]r.B	aT)jSI;k	1C,Check sum is E
test,9.\*8$Z4,Check sum is 7
test,px1tk}=6uS^'	cm;6${b,Check sum is  
test,"R%F}7q<;{0
)5at""b<5sItO0M-DG",Check sum is J
test,"?d'.?-C-4tSg|""*[U<!GB1Q*]nSCA5'",Check sum is ^
test,"^G,CdDU}u7k#}61",Check sum is L
test,@2,Check sum is R
test,slSHtHE$qx+SS}#y?s.R@A,Check sum is E
test,"HH%X7 Buau!c[fjH>eTyd_;Qnv;$8R*t$&(@f`
 f_ve8C",Check sum is /
test,"E}L0pxja5o~7WX""QZT`KoL,VBLcv[Je:HlZF|'$#o5",Check sum is /
test,"""hvcWwOvQ Lr w:XifBW}<N;V*K8",Check sum is [
test,V!MEg)B?#8=%E4ON{gN+ztt^jC-dU}NF'/,"Check sum is """
test,"""z3WFShd""	!LL;QjJm;#$nm_p5	\v[#F_L*ag]P,N)'",Check sum is P
test,)/_FZ,Check sum is 7
test,[3@>>BJU;2*u a$c~S0zdIu~?jdz.D#55Fz,Check sum is @
test,"5^,U1.gIo0]",Check sum is ?
test,"s`CEY1DFb(N_P`r(
BEspq
&Idc/}EN#T>",Check sum is )
test,t;.y-cl/$$Wv]`H3[b:,Check sum is %
test,"TOUu$v=P3ay
M>;/""Zn(`IKQ[v(I[G+(,1_Q1(O=YL<#h3L",Check sum is +
test,"J0sV/5|GhIS
([Dx>u9`-ekVXxGqq>",Check sum is -
test,&NV9+(,Check sum is 6
test,"C&$[[[t)ZW`4?{zUP6'%yY/J@x'@},i@X1",Check sum is @
test,Fg5HfbC,Check sum is U
test,",6nK]4O/}bK=XVNEh[x?GDtvbq
XYurPnYaRZfH",Check sum is (
test,m?jhUD0o~`%:VZ,Check sum is C
test,"j/\$\y#%*.=vgYTvijfw,L>@5<wxIV",Check sum is P
test,-@J\Ewu.8 oI~O7:w^ob.D8C}V:1,Check sum is 1
test,f-&b~'q\/KqsG<,Check sum is N
test,"C]|>
ip* IP+reZ6&qE$SfQd1O6+?bBT^8p0bo6:k7
X?",Check sum is R
test,%sr{>4xw\q\[B}SE!6'3<:A%sP\nOutZqQ-4jl:0h,Check sum is X
test,Q&7#.:%MYoB4N<*)\(8{OH_cl:QRA<KA(NJ-,Check sum is 5
test,"E3BB,Ubd{~;mdVd5dx[k9,s'?cr|""mdyz-z-,n	GKD:zg*
FW:",Check sum is !
test,"V2tI3ME#mz=RbJp\E<mUZ+avHgz|kY>{,j'UO~L6p~/GVA?]W,",Check sum is 7
test,NRC*aDro+,Check sum is ^
test,"Va6,W-gT9.)",Check sum is H
test,"t>,=&Zmd[(?[zOo\!H",Check sum is &
test,r%HB9p1I7Pz&tET]j\V,Check sum is Q
test,"Kk=_J<1^8PJlV}bVw]:1OQ	0-e>(}-}3?}5M|	vbWT%""2N<",Check sum is C
test,Py|+Tm=V0OQ$O<zDUMpGSK-CN]%O;.,Check sum is P
test,2{_Z^dZ1}!+Zch{EpGdtF\J71.L|7HWGCgF	q-I,Check sum is W
test,]poc/!_&yjhK=xc8lh<Gx%XS7ko,Check sum is *
test,B6?XN^+c_L)Ez.2j-,Check sum is 3
test,SJ0\(cW})&brV^`,Check sum is _
test,l4d]5#<3&AM'|-|Vl	(gE+:|B	},Check sum is P
test,~CG=eb^@Mp08|0S+fk6n l,Check sum is Z
test,r_Lpv|,Check sum is _
test,"pbv""
9ehJ Au;l9FSkE>:iFOvJW_ocln4M*aBVX,v*.sqXm>",Check sum is X
test,"mE$)@vF6wVcx3W9l$EMKh}8q{^;H
AST-RG*.34GX%u).yvUOn",Check sum is [
test,:.FpI'edJT_ w2WPu&V_Ck%`uT{ITjmvkGc!,Check sum is K
test,hX	Pon<4=8yrkC|H	Qaz9.Z( gZp;',Check sum is )
test,"/!KuH""&l/+V\.2\~/3z*;;)slHan~N$4J[w4",Check sum is A
test,dF4GW&D(:,Check sum is (
test,"#0g,p35)Ry'h]zA~e?-@H(v^u s'",Check sum is ;
test,NJR	S>6#$r',Check sum is :
test,"h57ku
",Check sum is ^
test,[={,Check sum is 3
test,"p|h7D?<X4iO995#5""Qhw&^&AYpJ4'aT_4h@Og6Z",Check sum is N
test,"h*|00%%/0cM'k?r+Fe,VzCD4T5GesfUS0C!B_F.a$",Check sum is [
test,"M
",Check sum is 7
test,M*OA%uJ+TGY,Check sum is *
test,RKC,Check sum is @
test,%:4eN?uPl\oBZ0Q8z$pCW9675>ci6F3rpalyZqQ1G N%c@J,Check sum is .
test,"#}#u8
Mv;jeo4x",Check sum is B
test,"-kv9V|:<`FH3];r=mSaYv_Y98""eE?!`;w",Check sum is .
test,"]i~x/4[;~T1-
N'S9V?H\\B",Check sum is '
test,"DE6jSW#8jNy""0chgTscT	-5y#h%lJtk`~",Check sum is H
test,"8+eR"")-M@:jmV`UuJ]C(=u{",Check sum is O
test,<	bO(<,Check sum is :
test,"1C(;JgPpuJ=&U,Bp5<S	?7g{z4>~a",Check sum is -
test,nv7ZMp~/$%wP,Check sum is O
test,"Oq Tpm#9;s&O.We[YV[3K
XV4HbT",Check sum is '
test,M;lK4l>u<D+9dNC`2A:/|vdG\=kk~DE:Bhqu,Check sum is $
test,"=r,~W^x7,Ii7",Check sum is 2
test,#L;o)hfzT)Q;dDtwO;',Check sum is 7
test,"Cr i""S98",Check sum is D
test,"GJp~*mSx.*!P"" @""@VI6&`jwom\M!,hRVs",Check sum is ?
test,[Ydy-uPYQ`^)H$0Tg1_L,Check sum is '
test,gM~r	::t.VH+LbVi.F\/FG+<=?z:D,Check sum is @
test,_b[cFD-kYX'T7x WToN}.wagWS4j^h&dUvwi{W3>,Check sum is T
test,"Yq;cF^[*&)ykedeCyq{^VS
eV&'=8",Check sum is H
test,:9jJH$.S}&|F$Dw'|ag',Check sum is J
test,d[@@^G&prlwC*)=SJf5a6AC:~/$8nt>v\9an4zw-/-,Check sum is @
test,"5 NY#60g!^4Pph~GnY
lbfW/+","Check sum is """
test,s@8(`Ar& <_:AWTr(<?WWD)e43Y2t)Mh:)e3iFWGlN7WU	78,Check sum is C
test,Q.@&~x~owgcAd.|Xaqqq`$!43Q,Check sum is !
test,K5!6|m3ke23geXbV~dqIpzi{oVvQVq0*3%:Cd),Check sum is ]
test,T>[;}mO;		+ZqiZ]D,Check sum is (
test,}qqU$W$>TU:t.r<-Mr,Check sum is P
test,j/u2pk92Vg4l4?5s?N2u140cFjx&]o>vwQu{y=?{Sv,Check sum is I
test,"v^{(sHQ,zv	hvJ*>G_7oErqSd9X~dw",Check sum is -
test,"j>[_
ZbdWY}eQ/Y{?at5F0SaGW4",Check sum is W
test,qRt>m,Check sum is B
test,a?eeF9`7?u{c,Check sum is 2
test,d_wS`2W0<MV	cp&g(QPF+YvMwHK,Check sum is .
test,"e}~a+IDv@^c;N3E,Q7M%I[]AWh~[#bYN;
gQk",Check sum is %
test,"p$r0xK8[^
/K\iAY_1'a3ze\CPc-ZIDQ>re-M=__515*J{1",Check sum is S
test,"8Qvh>#9whL+0lN$ei,v=t=Q*98I~Flqv#KRwwJ4rqu]",Check sum is P
test,vk,Check sum is A
test,"zs]%<zf}""e_sr|#GlGE\4Lb)YlS(DpRg14JolZ]eZJ\	W",Check sum is +
test,"0z""GH_?qE(/Yc3	BvAiv9%i9CY)""~@",Check sum is [
test,/%u7Tz>YII-oGW#]w(/3x:R/b\K%uv7H-,Check sum is J
test,qb_}(Qn?n;`^X,Check sum is 4
test,58^}3vI5HE,Check sum is \
test,"8%x/w@P`;M:?f)/h1
$87""uF	",Check sum is &
test,"yK|]8JG|ZEX\y0 $vaTA`6{c'=(./HIFr&sCM,nS~O*wfQ1|",Check sum is <
test,"""~).'[	It%",Check sum is D
test,		`GfK]Ju,Check sum is &
test,;}+FoUY-Mm+.p^:	Qobe.w'&HJ,Check sum is B
test,"wS1iZ,rt:wcu<p#f`LdDkPASl>~{",Check sum is 4
test,h?<OZ[,Check sum is G
test,|dppW1$7)ff!tAmvoTRXs',Check sum is 8
test,+B^E#}uz!exQ\snU!eJ*WVyLK,Check sum is W
test,"2p4D)\/|Lq587n{e/ 0k>`71MEs,]IZ9/qd",Check sum is 7
test,q	+ad`%Lr)ZLc,Check sum is ?
test,I}(z !pnN,Check sum is 5
test,mB\aff'M:dD8fE+(,Check sum is $
test,4sE;+,Check sum is 2
test,"$,CuKq0/@6n>>=`",Check sum is @
test,"QFG)iO2
?1K5V)q9S&U`H/}S/rKJEf""wc=4hF",Check sum is %
test,"'Q:eG3(\@iqzHHs""iwPaww5gQ>;rHZ4x",Check sum is S
test,w@1N>T<97[f=_l4hd/>G|R$}7lO{]	[>8DDqk&,Check sum is .
test,5)y6KC,Check sum is ;
test,Ihhs!. B,Check sum is ]
test,n/;$1?>f^(l6_OWD/qj!u8(E**'\Ho*&3R@gc=,Check sum is P
test,FPNO _l7Ck0ZjS1,Check sum is [
test,"i^	dH,Q@2K
$|kzrRQ+-:j",Check sum is 6
test,"p XU)d)<G+22nL)6e""pB^.GmI3C:1",Check sum is !
test,"t^Q|lc(""e=E;_",Check sum is Y
test,5~d`~`^*pd8)TY8'\^X=_4RM$I'y!oI}2-#n7uffq6,Check sum is 1
test,"v0n]?R-o:at
PY>Iq!\J",Check sum is ?
test,NI$[FYNs>}cFT9<!+SL6|'aykt{4l1\e,Check sum is M
test,#Kar(?NrFC	Lsg:WS@{ee/	^8vYt\W*M8h,Check sum is D
test,8.mWS,Check sum is ]
test,"{u:!;L<hEZ	$:-}-'XZ;ed\=
f%",Check sum is >
test,"=RC*6.ncJ`T>6Q!x?<FKza2KVkN}S+x""",Check sum is 5
test,=B71Es4|X$A@J/(R*o8Fc`q3Z:^!XCE?'TkdQ,Check sum is *
test,"""S~4fn?&EnCIbm9x5A60?",Check sum is Z
test,")\N4V=#Hiaw{A8\L{e\'6v4[|AWzzJ
TZ
D!R>B[M*iW",Check sum is =
test,"?i>g;a1kGb1tCA~Uv|{=E{-;&4LM'v]?XaS.z%t""jnv",Check sum is E
test,"KS-Lk5FQrM.4GE/<p~ju5pJFd7/N?tI*(4.I+/!X,9@{^	;VX",Check sum is \
test,%vcV5?MxQ:vBkHio4SJ`t=Z4wK]_h*,Check sum is ;
test,"2(
iGN&3v~;",Check sum is J
test,"O:`)/5,&XNIX%kr3_C3DN<B6Iic84Sh6v,",Check sum is S
test,[Q3{iewb_M[8^\W&DY,Check sum is 4
test,e8`QTJmA<Y>Y~mr=$v,Check sum is Z
test,"-.'@MUU*-@gp&KB|VS(.'(F)c*eEl|]=!71l4`-""J",Check sum is N
test,u[ e3KNwnx%beWUYp=AZ/a#%OHHW? 872P4pw9yR,Check sum is T
test,"PfMI`srVw-?Y|sO2{2N}AzDsuy3'@LA""_@VLtGN}faU/.su",Check sum is <
test,"=GaNG`-$<v:%<a(ObEUKqj'D6zlKm-2H!IVF""fqWI",Check sum is W
test,"}K,@Ih9%ZLlVLENv.CR>]`Tc$,(~,n`e,:%n",Check sum is #
test,2B[,Check sum is /
test,"T!Cr?5TmEg4ZtVk""/	",Check sum is H
test,"3_BPXObj!r8l
J7F,6J0' E6_x|COC@,l	e~j~#-y%""tI",Check sum is >
test,d=E*i ,Check sum is 9
test,^hVN>CugGr38	`'X]+7E:A(hUy xFxoH;~;SIrl<&QN*,Check sum is 6
test,"Ahvde]:AN}I 0YaN)t#9	OEj]sqkd
VLxc]=,^8,^'",Check sum is 0
test,8*Cj:+TNTok.;&YPNV&hk?P3]$its',Check sum is 3
test,+ ^r526[`#x,Check sum is .
test,"bMCC""8'<r3h*<}C>4-Y-NPGeolBk",Check sum is <
test,pZ|,Check sum is &
test,VRJ\[vlYvA1;YyEa,Check sum is _
test,";,K)>x<",Check sum is -
test,"qCb vknt6X	a'IowUyy@d}A_CR%lWE)N3N,M 0AFtD%-P:k",Check sum is 8
test,0inw#xm:Q;1DYLEE>!Q$#@tF_EF[,Check sum is F
test,UMQ~SHqx,Check sum is U
test,mW{}q\28N4>p13,Check sum is '
test,"u>Yq3ATWaTqAI=4=ks
e?Zz`\,4+@""`",Check sum is C
test,_Dg||;(,Check sum is E
test,wbmu2,Check sum is M
test,"a|T;<m#+-z+(R{H$LF,cpP[f:[	3x\g""s&",Check sum is _
test,"%!yBebs<g7h"" ""9hUt.T""2Q;",Check sum is M
test,jy=`!~9?|[h*!p6>Pj:cQQt/Goi=|J-#JeKC+s29>&xv%PAxF,Check sum is ?
test,"p27GooJg0v/;{EQR,
=|mS$BM)i1""J?I`H&GHP",Check sum is H
test,h-4Lh}\ &Enq<'~a;rR/[\>E7~)S^P_&/el9u.M?@j>`$rD#X,Check sum is 3
test,"3uY7Fn GViWus4MqYqC5`{|<^%,\pTdCwIkVkF+w>r~G#.z",Check sum is B
test,":xY;m3}3z$Sas\7m/5*FeBO0}e
Njr=cAi'beaq",Check sum is U
test,"t_M
x'g7yl)h-o4""_|Rj4dQ,~",Check sum is Y
test,YOD<N[}Yl\C= }ML]rxLdCxgXcg*jwHdGN_xt+<Z7bO>W5{DN,Check sum is W
test,"'_DsvMzz:2w`5|1+V+A%]5^zOE<2kIH]-:fc)8|
\tH1zm=",Check sum is T
test,"dOv9H= WI4fV.7Y`
wWio4H|PR@619[|6uB1_=C{dtD*M])25V",Check sum is $
test,".ih-2Rp\$0zo""
k",Check sum is 0
test,"nR,)s7*|fN2*fmxn	_4ru~[|XE]?I04sM",Check sum is L
test,7y/MCcV:xTQAS!w%,Check sum is 0
test,x7p?G<:@M_.7]=:O/JK,Check sum is 3
test,"J^U*	^sT4rP2J8s|7	B\ih0@%E""j!,5+|sR97XEG+6si@|Ix",Check sum is _
test,_9	8*7,Check sum is Z
test,"TxiBto_,_J
mN/Hn",Check sum is X
test,H!sU%.I9U`nWtPnW:<xb=sqptq0,Check sum is _
test,"pY	""m%",Check sum is &
test,"<EPm-2M3c
&uD9e .r=L;1",Check sum is \
test,"\zvM]M
t[c}Nm!{;7.\X0!J'<EH?",Check sum is Q
test,;/A,Check sum is K
test,"s39:m2,SL;zI	aR%TL!2?=cJ? >#gp_b1Y<8D*n",Check sum is P
test,_Sx@=kBB/vsuYfShqg0|#jDW[A,Check sum is E
test,w2YddOgX=n,Check sum is #
test,$}DsFr0Ht<V#w	AV<2Mm}8VNGmq-moocJa r1{b>,Check sum is 2
test,"VMqI-vI
q-`{rh>ng5E<Ru[g'jq""(DF2Ng=W,",Check sum is U
test,"@\4B&1
=SN|dU",Check sum is &
test,9\#?rL.3{na`U:-q%L7	bj*@3	g+D	E&\,Check sum is V
test,"d`tt{,?RL5+vjS`-z",Check sum is *
test,"iA<,|""<*Fn0e[|[
s)n4""*Ujtz|JfrX2W'`{o[x",Check sum is 5
test,ik.y('kd;,Check sum is 4
test,F;)bT~4!	FD`2a3O=	4U00 X,Check sum is B
test,"Z&^c""S",Check sum is V
test,">rm"" EH mCZjpfUHD9M=-G!r/}W	E",Check sum is 2
test,"qHi'.xHCRXg:A-(eDbK,*T[X<='>'~L` 1",Check sum is .
test,3EUf%E?Fr7.X{5|XX*WZr,Check sum is Z
test,":<x#F|Gtk;TVY6+;C?,""-QD\69y{",Check sum is D
test,"Z2h\J2hI=jW#59$KKa
;",Check sum is L
test,"dr|AF},y@nZSRKpYV~;M"">l}@8x	rFVcsjP*;W/D;NHKK",Check sum is .
test,"u5%2r^v54L#,/R4W0SV41+mnl/.x&w=<XD",Check sum is .
test,yr;jyDWGHx*61X6_1mK:0-N5Tvi/)r16.uu,Check sum is H
test,Cb[,Check sum is  
test,")I	|Jj`+e4(alw	/[""	vH+U+}Z
ycV>K)[SVo",Check sum is :
test,xGyw$9sKz{3?	U:-M/i(TwQd1S-6yz=(G?R7RrgJI#Y,Check sum is +
test,"|{6),rzV
liNx'4&yQVesIOz;{vsc&",Check sum is <
test,"""nG",Check sum is 7
test,":NB1+7f3Eago
H3(Yv~R;OxZBz?)r",Check sum is P
test,"FgsRiy<&CrkZML*5Zd[F4|>M?M?^Pi)4fE)T*^M,OF",Check sum is _
test,"vLe.{*	zF3	9( CkzQ@eB!
xbfm)YBO6r8h0j0TY{G(T=l.3,8",Check sum is V
test,"mwr`mccp\7oLRe+*2b& Q>Mq
K78lpW9ArbBysN)&$zN/`",Check sum is E
test,	z/bc6L{lm,Check sum is -
test,y8q^\x,Check sum is 4
test,luk&a*JTvRPL@#3H1LEVmcN[#5clq,Check sum is &
test,"n""rUDuy/LExbDK""t	SK#<8Aet)Kv[{)faz#eWA-\&hI! &J",Check sum is [
test,S@(ACefRS>8g4CHPQjnc|BQcX4,Check sum is E
test,"H#syD0UzyLeL
+;O!`GD]@}+",Check sum is @
test,"
cSR#K2`v3(G5.KjB!lr@|I}
@'J""k|#W(%&`$`K",Check sum is E
test,"-9Ph-E0D*j-+""YGP	!^8VAb]sD}vg ~JdV[`&#J ",Check sum is Y
test,"=K
T.pPUj)b<x.RRs_[~x>C9i5x+","Check sum is """
test,#Hmb,Check sum is Z
test,"_az6aXJAUk5J7uOA=_N]`:Wh'tH""E7'H/yR",Check sum is Y
test,"""
F<'Jy;id7nZAjU8z(67#Z-?~`	P-TCv,z5""qQeD[5 R@J",Check sum is T
test,@9kp<q7,Check sum is X
test,Fr22Mj*/?uUn8D)wFtMyQ$E8`L)uX]h@7a\$MH-_lx[N,Check sum is >
test,"n(aGf?""`k].8  ",Check sum is 3
test,":^z+[y1|b""@z,M;+	qAtD`\;sJ\[;U$')",Check sum is ]
test,_G[>,Check sum is _
test,M[MYQbO,Check sum is 0
test,"2R9w)=OZFH'*-]0gKM@ck}a0""""8	zF-|&@YA",Check sum is E
test,rFz2[d.m'^D`Ud!`SU Xw,Check sum is X
test,(z?	qQg,Check sum is 3
test,"Vl8n(q'F9sfLbtPpV""%Ye",Check sum is ]
test,Hc^9	LZ/n>*[O,Check sum is @
test,"Se$H'Jkx$o~6=h<
./B
5%YciS!:|>LY:3SWvx3|]vg\`ZE",Check sum is H
test,"[l,_toO'&?~fS:anu\\w3VD	R28!I)mhB(Ss+J`?+i*5gkh6",Check sum is 5
test,hal|''/{}_W|Y`*e,Check sum is @
test,"<-9t-""QUfM"":@'m'l,*G]}wCQYH+>]",Check sum is J
test,Otk?(B\w tTip',Check sum is 2
test,'I nQ1m@q6+|w_-+Jw\###m:iY(zQlS9{pTI.cuF2,Check sum is )
test,"aN&F#R?h1+-@8B31aHN-(,:2Eg8z",Check sum is @
test,4.3%ymCQ'tHyEA0jjQY2f0/?,Check sum is Z
test,"I^:b~#7&C^:
=J(8[4)t5OI2s4KyenxwT$C)",Check sum is )
test,1e#WY%tG4V0?Q&L6*,Check sum is E
test,w@tKsW}XTcoZCf]H:(4n}SVD)\[Nj:)U,Check sum is A
test,Lp'BKeSGe4SC>*CNw),Check sum is W
test,}g|MC/!yo]Ki:;KL<)+^#O@ZM= ru,Check sum is 0
test,"B$2
AJwI,0:X{Z5R+J2Q	mNwU4&2dfRm$eCyvGXsa\B_cpOpxZ",Check sum is C
test,^6F),Check sum is #
test,"x\P0|:C;RHOA.IW HQ""N{}TW?skdHN",Check sum is C
test," 1lwMCo[(]QW X106Wq\/""v8IzwlPfWam:k%?AoI@hR-/}a",Check sum is D
test,"]
?pHLvM\J*G\l~V_EMtdHbvU\{:xLPc9*#=R&Rkz&vT{:X^l",Check sum is ?
test,5q.i3Nn24>K2J>2<-eR9RkR=2s?FBkL	4IY>+].hj9*,Check sum is 7
test,"^qU/,1,Dy;DaXzpj",Check sum is E
test,"O-qvXUuwu.KO*/mGN,n0^^,}Nxq~Ql$f15b)|Omv6",Check sum is 4
test,"rV)ZZ!&R^@W*qZhc#^Fw3KM@""MC@r=E[M9%^5'gr?u;6LJ",Check sum is V
test,"MTF	#0ZpQvgL^0U:
	3:AOs^o..=xVnB|v	?]=L+?2QX~",Check sum is N
test,5'&31k6kz/:K!7j9{_R?%(QS]|X/Xo#*^-m2_1,Check sum is E
test,gkXzD\O~PZuD>;O5	_=7I92O/,Check sum is _
test,"O6'k0$qypwy?
Sg)Re'!5r$;Czm;Ua8(/~0j$URM|ul`5@f~W",Check sum is M
test,"RV
k.`\h=yih+xw*D{'sDQyJ$,	n",Check sum is R
test,NmVjQd!h5pTlBtE@up^-PJ,Check sum is C
test,"M5x*(v{<,sNoe+Ca:%KuZ*`:7TB`-BIvD",Check sum is E
test,4mA\ >PGn,Check sum is A
test,"""!*A;",Check sum is I
test,"p,tx",Check sum is (
test,-),Check sum is 6
test,}|:Z]=hA},Check sum is -
test,S},Check sum is 0
test,"`v
?U	cJHArF`t",Check sum is _
test,kPT%+uh'{cIy2#&h7=*`-iZ;,Check sum is /
test,"\
Zy#",Check sum is <
test,"_qK2P9zg8n9B ~UhQSL7OtFjG07,(x^H\L_DOtGqw\
,;Z",Check sum is 1
test,"mu6*5}WL
IK8UiTN}6tL",Check sum is  
test,*-eKA{Xm7q+<elP	n'2%_-A|%,Check sum is ;
test,"2
eG9n;S\y8jQ}3uIU~Jt _xEhaI{t$<GwvWz`:y#{3i*g",Check sum is D
test,h~9[;CW_tyR?F61(L|D^I+`n6ca[kpJM_vTDgFR,Check sum is @
test,ijV#HQblntC70CK,Check sum is -
test,El jc!@*,Check sum is I
test,<*;WJO-r]r^]3rO,Check sum is N
test,"Y""`\)6NCsq$WSXP6U--]V",Check sum is 9
test,"=
|9FZZ(c&hGu-_gS{qR#F",Check sum is X
test,"Sg""7<Y2I1S1b""PA$,*.O",Check sum is D
test,|gewZ61M\[i+M$xCXTp>Y*Z*xGm1,"Check sum is """
test,"*K\h62S
/~T eY)}9Q%!	G! ZD)YBs+mwu#iId]{lx3;(A;",Check sum is $
test,4Yu_T&Q,Check sum is L
test,"/H8FvH3)Rj)Q#qWFz
(6x6\MWC$y;)V=7]*E;Fnc&",Check sum is 8
test,"Wvy6{l[/996!`L:
%GH:v>=Uxi$t\=k-#6>",Check sum is ;
test,"T G^2Z86l\Q
W3CSY!(oQz&;;FT+:_ZHU1?};<T",Check sum is ;
test,"<fdVFhc+#S/Py;PNM3
QI!U&:kg",Check sum is K
test,"?t Ih^4jGvIZ3f!n.3OZA,Tm${cYrDwz_""f",Check sum is I
test,"Y?I534!!Mxa(43,qq`Z}aMk/\>#$8%5#Iz^Wff",Check sum is ;
test,Oc%>o:P_TAD}(5RRNXcD_%Ws&kFy[ ev!~{0#,Check sum is R
test,U*	6~3W7z<3a~TfadiCU',Check sum is L
test,"U!*sQwNfPX3ox7ap`Di,Jm&1B(6Pod9dEyB`p1n*{I$:l",Check sum is G
test,i/b;8+,Check sum is 8
test,y%H:'14d6f<8Y		m(W;c,Check sum is 5
test,M8l~Q6MmZ\ <)7`YebcdpS;IoA`w3XR*.#,Check sum is /
test,"((kL:G6'-}f'0FFJ'{?0mYN@
$D9",Check sum is R
test,=hhwx{m,Check sum is D
test,"$g( ~6t*X-jIn.)$5oKB
'<Y`O*JQ_J",Check sum is :
test,"Yz
|%,vUcfaD-Jq`5SJ\PSs`_&0xS5^n",Check sum is 0
test,Qw{z E{$WR;#/xG,Check sum is V
test,"K.m""1)j8?=$iGOtm\h""E81",Check sum is 8
test,4#ZTc!dCy.UhJR\-(rFeAng0VWM	k}eDPsh,Check sum is #
test,'MrZMsCQvMnGk6D'L(@T,Check sum is @
test,%{4'&2JPUqh8[6m'*j]Q0FH4Hlifj(,Check sum is !
test,/kT7e	TxY',Check sum is ?
test,G5L&^,"Check sum is ,"
test,8#,Check sum is ;
test,"8qt>H5dW.WlT=_,K2Qv4s/I1>qKPCF3T&%qDCz5oGD\_'IO",Check sum is T
test,",Ya",Check sum is F
test,"H<B:&m>ncT
T""dZq\VF5""}%{qi]G1\O>>:Q+{cG1
/4",Check sum is @
test,Iej&K;%2|(w??EGz,Check sum is Z
test,"--,
ydk1Y",Check sum is B
test,"f68`=(F0H|{dk9!6>[?[M/*9\y,AW=W]|\s-|",Check sum is ]
test,"!$JQQ""\aD|9 vuv7""teF7,H
t{E""*@q W.IgZl",Check sum is #
test,"*OX""}-`O{-N6AC@{B9AT#zqUhX>>[&",Check sum is G
test,[P^8Va9^McU'PTGTfodavZplaM&s,Check sum is '
test,"OQJT7W'705`o
:P1	9][dtzsbOGWD
M)&v
Wt",Check sum is F
test,t9_p[,Check sum is 7
test,"oGu,%uoOL*31F*|j$<x1A{Xo,=!T7<M;k<j71Bz",Check sum is Y
test,!1BW@%d7<)$*dc+,Check sum is 0
test,3SK5%{d-^7*KEvG;R$,Check sum is T
test,)mFs,Check sum is /
test,<|8U 3;8$Y6W.|7bLew(/=!qW\M8zXJ*C|&w,Check sum is  
test,AWxq($r4rH.$nzDYm'sX&~&82wGG}A~<sw?R`	,Check sum is X
test,"|IM@U_9VjsSDx}aHYVEwsjKcT*~EV_/
tjB<=93V59/$Dd#UER",Check sum is ?
test,"|Hh0ofZ0
`hyJ'Arz3",Check sum is 7
test,/Z)P\xhS/36>ISnL+]SpvrlLh}FI,Check sum is <
test,"LtM4wcu""YP<mBHtg#tlN(""$5kQ2VZ""Z1$X&#yFRZ_c;&jI('c",Check sum is @
test,`p/b$NI/+fo]g:,Check sum is )
test,<.!QvD98U/D*:dkFz|)AJRpZl,Check sum is Z
test,Zi(),Check sum is 4
test,IS1	Ko.~m*KYmhL52e[vG!2,Check sum is /
test,"?
,	""$$ C~Lp`0>UB?Dky&@F;Mh4t/%!cZ 0e@X",Check sum is 4
test,*4p!k]>,Check sum is U
test,"VhJ2B?~%*H1
.BLFh3,o&]N<F
*b%_2mx0^Rk+R{",Check sum is *
test,K:[LHAt,Check sum is I
test,JK=y\&p]l,Check sum is &
test,lZ: WnLzcNK9 X4@xT^YDm:I=lf7Y(azo#8P>Lr),Check sum is D
test,"`k742%N~?.N@G|t]	`=*]J*8I\,/FdHp$vd)<C6)%+%p",Check sum is -
test,y_e_WrLjEfb8u4cy=D_1QcX	i,Check sum is T
test,S8mUx:X%sc^zh;_sn'=)V.8=CBLstS~C}8T,Check sum is H
test,"nJ.6{LiQJ-?Nb4uL]blXZaBn2HaA=nzd,O>=H^",Check sum is G
test,"y3:z(r'""+ sJ)5~X",Check sum is _
test,D>V_G&MBpt#@TOP_y%i/oW6_)u}z\Z?!@$FAc/,Check sum is %
test,",^Nf-9w!%K8h9ZJ5L_]nP%b= oXe1\R)f(L>hPf+""""(/	ic?z",Check sum is &
test,(EedZ4_>}eYpxpDyY	CwYsC`E6i,Check sum is @
test,"%B:Yt&
}	",Check sum is D
test,7mT,Check sum is X
test,"#N%01&I31|6oO3HAV0
iS:v>DyT",Check sum is !
test,"_7?AK,?_&IJ{O3|@Z	}TXw1S=LuaM(d8",Check sum is 4
test,"cQ9c?1vmM""=#9!clcB@H*fPUw&I_mV=VMabL7.5R ;kleTp%W",Check sum is W
test,JDVQuHt]r@#P8;5FOOK,Check sum is _
test,"MhJiSiho-I3o22$K#Hw^Ei^,QA)qX[%k""N9Q(?P]c=74G.",Check sum is ;
test,9nR$`q aG8&nIIfVEAm4^r#+7%&@@pU5Hu9:3o3kMJ;j]F~V,Check sum is T
test,"KC*?y($JYg9SsW\[^-nP1`""p96P=q+",Check sum is 7
test,Q+1!o;~Ou#~Qfs8~A|Ae,Check sum is >
test,{7dY83I*iVTwqCEV.b5qt{f{4IR/ $|2%ue^Qj[7@3x&$a,Check sum is <
test,!%,Check sum is &
test,2Rxs9q)03V0-d&6e8}O,Check sum is !
test,pi<&*Os'GcNF/[4xzetrX>Bl;'s2pnBYdz[lh>	x@YLP,"Check sum is ,"
test,"Ty#
9d^]_SLM]4s}aNNAyI	&M",Check sum is :
test,"-[6q[L*`,&&5nrE'#qG1U=Yttt",Check sum is L
test,%N<#}fU&JKp)shy\ERuGWPe}b*j&M$GE)fj@	Z%2n3NvC ,Check sum is ^
test,"_~_C*g$%	hv3J3Jkp?|M9Cqd]'Y:U	-#""ol-cz{4",Check sum is I
test,"i\]0hf\6LD08*\2PVyS""Rf1um yY! ""VG(",Check sum is ;
test,"5emMtvzyrOOp0s7S?Wvng[dXlh#zI}$T(FQ
Zf",Check sum is .
test, D>kVA!/M(HFw[#td6kyMDd#+*C5p/C),Check sum is .
test,"Y1,P&13u$|1",Check sum is 6
test,S_DBXN#X!jf+A#1YQ1e._[Ax	G	;G,Check sum is &
test,HTt^8IB	x,Check sum is R
test,|vS_,Check sum is D
test,"9fPX?B
p_k(41hu:R<iGGt9wJZi>%k ",Check sum is 4
test,"^u-5|<KY&(`oly=':""\x9[QFd$z?S?",Check sum is E
test,!8S+*\/SU']H,Check sum is  
test,"EmleQYP_`RQGR6Ja,{N
;^iU)FSY20[D yl=Pe81LH@:J
7",Check sum is $
test,"I$ttTEd7=Fo|,rRjP.8dt/VNE~B/IAV9{Kj9uz'!",Check sum is ?
test,"ms@_3#2H3m~C""+Lp %W@9`]\y#z@Z|Jm&tX8&-D<",Check sum is '
test,"'zk&;)8w.[(bo'TH+#Avl^0:1
Espk}XP",Check sum is V
test,	jw(Uiqr~/+A`Dfw!PH8VI#7R4%-n[A~M,Check sum is D
test,"z,F{'3rN,",Check sum is M
test,"NF^
_N 'W@$)w@4Lj7BR?	@p.}BRv;: xbp&1&`/=+5(u%:S",Check sum is $
test,"Z#mMiwT$Oktw%T
}MJu_kob*LO(iS/b nCoW95'jd	2_t3",Check sum is 0
test,.=#Z/>(z47=W_cf7,Check sum is 5
test,",UmkEsJ2""Jlkgh* O0`(n!""b>X';MqO0a<=Q	4Fr`'n*?fN",Check sum is J
test,"t?lCg|,9/v3vB ",Check sum is :
test,a?$#]bdevKmOVuv0P*&spjA{<ljJ8_,Check sum is Y
test,z(r,Check sum is 4
test,@6f(B/e@m,Check sum is '
test,"S'04m,mq[!UE7*.Q]xb}[s",Check sum is -
test,"10ll""'p5w7EjC>]]-V-IF4$x^Ee",Check sum is 6
test,"h5N-HIykH$1&i#[4@?Jj1,L",Check sum is '
test,O!g?p9C^L;zFsT#yOK-S;nO(A`3,Check sum is 8
test,<a8v(}&,Check sum is 6
test,iE$zvKAMF($y{C.n9>+:;J(0S=x6Vt]^s_awvera]0,Check sum is A
test,"

6\.iQl;N;C8UgpU%l{dM1`5K",Check sum is (
test,SVS+1	(pu}Ak,Check sum is 7
test,TAV$M-pE?GZ1-6EN(+:,Check sum is 2
test,"kvO0kz<u=J	ago+3""yhi[",Check sum is B
test,?yy+N&)1caJP+fG)m.},Check sum is A
test,"Z(|xU)""<&6{Ihi9",Check sum is \
test,"%?X67: W}lfv%3=# 6p=g 
)X)y}o%",Check sum is ?
test,*H7Cq	,Check sum is F
test,zB*u7WIyL@]Jz5:47 E/2AkN1K+|?NAWeA,Check sum is @
test,z!It8m8ufkTj66	W=:#^>t%Z}<GK05W3C1 Q,Check sum is -
test,0$(p$x e,Check sum is -
test,+[kj<N 6bC.O,Check sum is =
test,	H}VP`k}bQF{tjn1(prBa^B7|cq.p\b6K'8aof?,Check sum is R
test,@wuP i^`$3-ha o1G=S-m(fc6i.{J%{UHS,Check sum is 4
test,"`aq
o`V8)i|~R7-ZQ",Check sum is &
test,?=a+2[}Knlfq2;X<q/.A1Gke>{yE-?`,Check sum is I
test,5~iu~UyP^|,Check sum is '
test,";%KhI/^F}
xoG5l9'fh	Rz4t",Check sum is P
test,wYsNkpQ5sbr5US@ti^/h i],Check sum is .
test,LBcl5PSr{2Hvh~su	sh1m	Z1lNON;Mo/#R1|vz#P JW6,Check sum is O
test,l}F,Check sum is O
test,"O\bUgg5]&4%4=z#2r-/r`naGr""71gRpQ$$|8SN>n$",Check sum is :
test,""">iNOGfq%4q8/v|nuTVFQz<8sauK\eW",Check sum is E
test,86l2fe|@]=	#GL_x:^wPM=]4r5s$E:Dfq?@]sv\x,Check sum is N
test,"fSKqW7I2 Pg2B6FE
0!vRjL
Hke@?Xx'&=|RT/:CVabX%#r-P",Check sum is 4
test,52QJy7,Check sum is R
test,"Mm+o]~YayK+M[5{M>r$[sf	&TL,B'd;R[J'Y;",Check sum is Z
test,0V=ho2Mv[279,"Check sum is ,"
test,DpH].'Q1yz4H:CfL,Check sum is .
test,"bx@9dd""Dt*l*qXo<suGE	Q^,ey?""t#?",Check sum is 6
test,+cdBR^!qj],Check sum is ]
test,"	L{1x@F1_^V4a|vur>PiE:d@b`aM^A=EbA""}g)hx`\",Check sum is *
test,>VtN*$K=m-&:}l8fXM*,Check sum is \
test,"3kUi2A,EEkGq*\G7""A*u)m""(SUOm`rm6I?#YM5/rbryxXX",Check sum is #
test,"""1?&`;|e$#5Er",Check sum is G
test,"i0&;Vm2*FI6@D%WFAE!Fr{QGs4B""",Check sum is A
test,0|-Zn|WsuX&*b5;(je#w]-@4!JJEvmo<BN.,Check sum is K
test,"K!9q:HrW:|""~F",Check sum is ]
test,"oMsUPm_vk^y	n5J+tr""/",Check sum is P
test,"W1_-k/n|rF>,m/Qc}~E6Ch}!",Check sum is )
test,"E:1<ec\JpHUn-&Vq-)s8N0dc),^~9",Check sum is ?
test,"C\)'~#K-`6M`kJGEu1,RM6M<C#gfA3b",Check sum is %
test,QpGYJnr,Check sum is +
test,"8F/N=V7sC;II0""sa-8c+oWM)&nP-k+,z6/\JG ",Check sum is <
test,XLB=,Check sum is C
test,Jh}@rf+6	Zn6,Check sum is O
test,"\~d6~t/gwThI)GMmE|gE(hcuTfQEEwB,`X1x$l0D",Check sum is 6
test,Rj,Check sum is \
test,< Q.!|WzzeLmjw	%Y1o]9mc,Check sum is /
test,PzLKhI9<y$ -8Qj	C!4Sr	S^wB(aAA,Check sum is (
test,}emWs]nCv97@Mbn76Q,Check sum is H
test,"%\c(Ni.5~L>""[y2Yw

]>5Mg+!",Check sum is *
test,")aM.	{ecgdF_I;	&/,?Ng6(^lryl3huvZGDxGb_",Check sum is M
test,^ZQgc*asp,Check sum is !
test,:~H~yDx*7EPd2	k,Check sum is S
test,!_bk	,Check sum is 6
test,"Z{u[YT^ZY;Rrr!
UBPc{6+Fn*NQGD$){}4e&jB[I:(mGkLIB",Check sum is 9
test,`*@%L=;SqOc@8jlU}$kHo@~MBZUuQbLgp,Check sum is 6
test,",67l7HPmvF1)Tz&l3{JsV9|d<X;5Vg@}]% |s~5m%7:fMSb2$F",Check sum is :
test,ds,Check sum is 7
test,"
:\",Check sum is @
test,"kJ?qZ2_evT
=",Check sum is &
test,",kJM1oLe!	QsGEJ.X1.fL!D",Check sum is _
test,"I]G	h%__KlgYRo) o[/AZJ,{5k& ^_%W8XZ9-VO:",Check sum is 5
test,$)wW s%8x+0v{FP7F@V,Check sum is X
test,${6,Check sum is 5
test,G1,Check sum is X
test,"P?,W
NbV3U}/C-8DlEM.tTY4dXddpzam<(F""-RV\uV""?*HWQ b",Check sum is $
test,"&Bk}\ms]1J)q4Q
.Q/ I5Q($YeH",Check sum is \
test,"V8eNLp;*V-6i7mQ9\KJG
;7EX7LQ",Check sum is 7
test,"@M'sj0wF]k""\+b0@wcw$hg-_H(XgCP_5qA(j2mB\6X",Check sum is V
test,MGITB[.I,Check sum is %
test,"/oUu fm/|w O8[]w;wg~CLL""}DnFn8M2W4$y",Check sum is I
test,"bEtjO3zFPF|'2""A,G O{j$qMW
w	/mJk$7?SQ)2<i&;Y^",Check sum is &
test,"PKb[5O>)c|ftO2n0IS\,fC|Hcd%~0YbNG]&+o&c#bssaSb'L	",Check sum is Y
test,"B9%)'H\^} MU
hhjg%&*uuD$ZZA?",Check sum is 7
test,"Zxdym0{(!t
Ov}Dfy4X&<.#p@u%F5gP<h1d",Check sum is G
test,#1lh%tkwwC>]ak}0,Check sum is Q
test,"!/J
ui:tv%bLy",Check sum is R
test,"I6}%4Zj=IcK;TU]<bEt6""=[	BF",Check sum is F
test,+VPO%L;^('EorYimmw:h,Check sum is 4
test,"IhG,o\",Check sum is O
test,Bf7,Check sum is ?
test,4F~Vr/MP.1`Wr`& L5Ma9x5<xM',Check sum is W
test,Nt3OPcTw4;QpS;pfouHOW/iYT?s,Check sum is ?
test,"&Th6jYUBkMf;z=i<nxQ57G.Ezi
O	CR@`B*/d^3d8`4S.0",Check sum is O
test,"-0Z~jYXx4@SSh.k{V*GF9
o0u}""jC8PA! p3jg5!",Check sum is B
test,Cy.l;LX,Check sum is U
test,"Y:{`$f%OJ,rY 6BVPrde",Check sum is F
test,"uu&,d&go7j&O_(o=&{gD\H ",Check sum is U
test,TR<W^rJX ,Check sum is +
test,	?V?sBAuO${Z(,Check sum is X
test,",s?8uaaM@",Check sum is :
test,"
:j]e8i",Check sum is 1
test,"eF"".kU_SQL7",Check sum is !
test,=K@jw@3N.2A\tm3=i57!?bINZY3(v+Yv6'x_&sp3`	IwM-,Check sum is W
test,"vbmP0y]ppYka|i?A]IV+tg!odw tOX>4<|9Zs,x:cz5#""",Check sum is 2
test,", o1Np'>%@*jULg.FU",Check sum is 9
test,I<K~FmdZ|-{G?b|T!:[I6,Check sum is 0
test,u;cH{OY<n/Am;9oeXMLI%y_c6\T0k:Do5DhQU!QdT>=,Check sum is !
test,")4.ohfvV{),gbcR:5lf'",Check sum is *
test,@%ld,Check sum is U
test,G[,Check sum is B
test,"i,;5[.oAx3Ggmd8^)u8DWwuL19DcMdl?,-Hx0y0*Ex\_r*v(",Check sum is B
test,onq(31BJh&J	?0WnNlhBb3n%[k4'$l`,Check sum is 8
test,"?wLWSB/z'&Fhhkd,E}%",Check sum is <
test,0X<^V\^z!JNHK\T2,Check sum is :
test,[o'rBNDz_#ep$pF-K8]!\,Check sum is L
test,"sR#ouWS]<p=zw/tF6raWsR{xYW"".fUd-)~1R9&A",Check sum is $
test,Z-o5pX?P+l,Check sum is 9
test,"~""P_h&N,G5uvp{EWG*w",Check sum is M
test,L5D\2ZM.1>}^rk.~Kw:j}p,Check sum is .
test,".mW{?Bz6pKjjQz4kixd9%eTy=~v[+Oq~-Bh,9]U",Check sum is /
test,)_m<G{$C<pVNKD		D#}Mx5+ZVGb`R=,Check sum is <
test,`5-;	|e'~?r,Check sum is ]
test,"W/J&1QNo,7I1:<{bg'YSN+",Check sum is 8
test,"*{cZ,RDlAA-DOO48(:zH;Kq>JEjx",Check sum is 7
test," Y{st59XV%C
^a >aLC""g	pUk~;Dhy~LOC\FXX4",Check sum is X
test,UkF$0iYh~,"Check sum is """
test,}>}/#J|=m[r)aMd	j{A&^8TV;Xk!_.y?K-6m+f2?+dYb4~*	,Check sum is '
test,")>}}#^VfTchBD ""ie08/ahg0:Cpj{lPuzGZ",Check sum is H
test,"/!f""$0h9\
pUd (=A{bkK>)KRN4r=H>zUQe@",Check sum is U
test,"m}p(s<g+QiaBXM12&6Aa'p +zjAi{@ h<""iu",Check sum is 5
test,"Xm(`=&QU;hP0P6o=-.s[""j",Check sum is @
test,"
uL^J'FXU1",Check sum is ^
test,mfRT_Q$,Check sum is -
test,"chH+TA/Z
MdJf_i[|![3HD	s|s1pK""*]\I^?",Check sum is C
test,"rfBI.{	gH9um3<,z?U.J?bm0qe",Check sum is 4
test,"IDFMGLD]'""w{GYVq(GabG+S{+WiV",Check sum is I
test,X.>B,Check sum is &
test,TE|]l.}[ChJL@a_x@~G\#irG,Check sum is #
test,Ajz+_4,Check sum is C
test,"}lK5ku""[u\ekt~n)\(a;",Check sum is 0
test,"BFyM.z]59~aJy#GE2l)0DwpJ%QAyr8{M5@
q@Xleb/{",Check sum is %
test,v?u-,Check sum is 7
test,"FabeWXx4/M*1W&R/lxAUI4$CrmpSR*Um!Byq""UP",Check sum is P
test,"8!gH)Q^\
JTB0x+	L#Bhf;'Y[uWeFXsEob",Check sum is O
test,"l
?)k?fnOF`XZF9E*n",Check sum is ?
test,RD U1aP9]qp/P?oJI,Check sum is D
test,"E,FfONWHvD1/5GAi<b/`;",Check sum is !
test,y/Zp[~,Check sum is +
test,"bWwzTyXiaLPbFT?P	9_h0K(MmF-7%>RZ#TK?=dhLZ}""",Check sum is N
test,zW/1J:{q!M3s;rpl@aDvzw15x+mR>E*.79	yX,Check sum is W
test,"V&AEqt2|0	9p1'e>SH~_\N09X5
TK4fCy",Check sum is )
test,U!Ne,Check sum is I
test,)t3*Ip!.iiliqKz(v8k_njcW+cwre,Check sum is M
test,JX3SFRj,Check sum is J
test,"(RP)1,3@hHtxi",Check sum is (
test,__ms(nU,Check sum is )
test,7dz||_wx2$+B/YT2SiLa#D5Uw55,Check sum is G
test,4Xsj6@>{QWF*lxsIcF @N$1G*~<'CSH/,Check sum is ;
test,"k{.^2{	%E=SkP %$F(v""n}1-,@!.r:e*UXiyqJvEv3^MI",Check sum is M
test,"|k'sze3w\P>u+
4/YY%L:hBZ7qnrO=,	twWKiOD	aRctyT",Check sum is 4
test,mD=01`cU3h%lH/D43?	C8{&R3R{e[{],Check sum is #
test,/S'>s]akKVBOh0({;ECsX#nhC,Check sum is Z
test,X4&	w,Check sum is R
test,2/R7,Check sum is J
test,"]roCN4J`~f@_JIp$<d{P""@COi4tz[=DYri%+9+Q",Check sum is 6
test,]wBtMRx=$3@,Check sum is U
test,+4mBQ@vI?O1^9g@O<T$mYOW1knL[A*RN&-4om?0gvC6B#$h3,Check sum is 2
test,Ugp^)%.,Check sum is &
test,"nUgw S=9,&9w&I@j<$G""|o2\P`)&ld- rj	3nd)qUAj",Check sum is '
test,~A	B#%g'eGk61,Check sum is >
test,Fl8l|N>pQ5oNYSC$IsQ3FT,Check sum is ^
test,XdQ##,Check sum is 3
test,%u 3Q.w~sO,Check sum is C
test,wT,Check sum is +
test,yk;P-Lam57G6{k?0rnBdEs=:RCvDq;3H+&!ZJ7!Iu>,Check sum is )
test,YR{k,Check sum is 1
test,"D.^,^",Check sum is :
test,"jD:}Dv+?R_l_c+u+IE}5C91yKc`I,:qE*fsiK",Check sum is #
test,"FWA1[-37-l4HIXK3gsBN#^T""*8^p4!T",Check sum is O
test,B8?OONSb^RUZY9`^JZ8 ?]/P[Z<<SM8f_,Check sum is J
test,"1Z/N/op1

rY+5(ELm2q9$gnQO!Ko{|ejc68|T9r,Ny;\~\1q~",Check sum is 2
test,w<!/Zqa59XKb6bWBsIl\slgVZ2S!%G`l~^S0IzaPkf,Check sum is /
test,"6,O'Z#m~IL)[%p",Check sum is N
test,",cug|MXc}~fj0?F<G,:	C>HQ",Check sum is [
test,/3(i,Check sum is S
test,"V,H?ive0!/",Check sum is -
test,"mG6)cqM+,uS[*_=Gk""Mb>J+n>#?]NM#m^1WpLZ5b",Check sum is 3
test,zH~,Check sum is  
test,"tq
?y""3k[:Ik2v=iztx^D-W(8kd6m",Check sum is <
test,"2.KIG[#-/i""h}U%&M%wyH0XY'U4zV]g",Check sum is T
test,"mMt1]""u-8
$OY:6LKEicu,RadxN\aYK$MUc K",Check sum is 9
test,Y&yg,Check sum is ?
test,"TLX
~	Y}	
u/4n""=2Pw{ncA#@#S7`ixHqx@qt#	",Check sum is P
test,cN\0p]s$|JQo[)4B_xE0,Check sum is M
test,OMzU,Check sum is K
test,!H?$Q,Check sum is =
test,"i*p!4$vo['{u(TMkr[>\twNL=7$^iL
-",Check sum is 5
test,]/yhg}U&P^@oQ^J;?[,Check sum is W
test,"q'u9Kq""18E_Y@[g>xN2@n: uy=^^FFAS",Check sum is 1
test,d::a)4M;2PO,Check sum is O
test,.HBe ^sRyJRI%]p~nAZF/,Check sum is L
test,@=BXQP69&=&bn,Check sum is  
test,"WWuld9H]g^-khx4N1cP}ZPP5""","Check sum is """
test,42;gG%gw3?0zCZx(Z4n?&cO1-GUXBYY!c*WH,Check sum is 1
test,"l5^
H	e@0
1b`H|Ea(\]Fz)R3^Ibnp<J.\G{uJP#6VaUFr",Check sum is *
test,"*;|64n>.	:JaX4Z=T2803$WRBk
o0 >6TZK-F$3m4%Zs[8f>?:",Check sum is 4
test,"FC90c-@\jjdS/	tBi$m]e6cd-VrI""/D[1s'Gtu%h0S~s8NtZ5",Check sum is #
test,5!V,Check sum is L
test,*Tr^	?V%vc>RGo\pMa<uC$|<75\Ne8b%,Check sum is T
test,Hc?5@YWV	J3YS	sEDz ,Check sum is V
test,i3)}d1xa]$Ur&[J#+G]`Q*wI|jl+lI#Ki`Wj4iC.EKx2mQ5,Check sum is U
test,")VJJ[XKP&'_?*""(7b+v96AR+L2)6J4;Qa'~=pv=ma+",Check sum is M
test,"$#Ja-.V
w#~",Check sum is %
test,"jGNX+"".m4Hr\]-9#ZF7W]:^\B",Check sum is P
test,6fd,Check sum is  
test,J5g]~	}'Wg#>Ii1q6; 'T+mx>Yu{f}c)8IMP[K0,Check sum is G
test, wz,Check sum is 1
test,"5\M;\6cSI?c!CzM/JCiQ

u4dk..I xE)!_(Jy$E_W]",Check sum is +
test,cF`ik+,Check sum is (
test,Ex%uI0S9D=7Kye5fXhhv`GwXt;0k	4pThA?p<O@>VKvo< 	=,Check sum is  
test,"txiB3HAZ(oO""9{h7v&r-",Check sum is #
test,yzZi-H_\z$,Check sum is $
test,"'GRKC*)4c*	^[B,ZKLc;.(d,jn%,3HO8:E`CsQ9*sWZN%iT",Check sum is /
test,1y=3,Check sum is :
test,"pH^7I.AG&mQA!j_2""Qr5r%i&DvTn3D",Check sum is  
test,"b!tuL,w^]!$Q=C\zE6",Check sum is ]
test,DlCego$-!0@$J0/r;rV,Check sum is 2
test,%/''S,Check sum is U
test,gJeiw]EzyPJaqPFZqd2t.d]oj/y#fnN~Rch,Check sum is R
test,"	`Y==VY

L6m9~	",Check sum is N
test,IfKloxdh<t:Y>EB,Check sum is A
test,"cT9f!0u'-BTK{BDh
I6A[p""=|Z9T
HnP-2nl`c54\O5,_Q>\",Check sum is <
test,"c66G?5\
LQvd
teoY	LdzR&L0
~>n%q3RQokByMl,2N-""5",Check sum is 7
test,@pGs^ic/|.iq*,Check sum is Q
test,"3yIH%J t!fmuoad)jYJU|_7""
/hj1>",Check sum is 6
test,)x@N,Check sum is O
test,OwZ_,Check sum is _
test,&59XG@EY^VC=/Ce=P(+	S~{Qy~~eCw$+mbCQ,Check sum is H
test,"v5=`V}
?[M
+",Check sum is !
test,}./s(gY8?	5ea3@ _*PJ9o`r&iNh~C\da*UY@Nn9$o,Check sum is G
test,0G%nL,Check sum is 6
test,"l+Y8.:Zrfc7gxTNi:iHQw(M4zaWbqE;d,",Check sum is W
test,W288v	VsK,"Check sum is ,"
test,"tsy~x8/@,&pir2kFWK""2:nN5^~60>",Check sum is >
test,"j/9p>3K
ey}o +P&6 0
$&LC5)D^jR36$1?D>gKO>",Check sum is V
test,8@hi[B,Check sum is F
test,hS95M>,Check sum is T
test,U F_Rnfd0{m?+noIT%* L7K4;H,Check sum is 4
test,"iM %yas@c|LdED\_ S[#ss.(<8k	G$
bw.sG^e",Check sum is I
test,"9JpaF$GSM\RY@#k/+'6?c25""K:`~%.4w]~;",Check sum is 3
test,"K/?,1	^Ws<S6)Hz@ G,w0IUAQz,+4W]j| v$<+!","Check sum is """
test,M6uaFe}3Wfa%;[&ur1Nk`Yh4E,Check sum is >
test,SbH,Check sum is ]
test,"$03UYfu""&	VII8@f\g4hdb","Check sum is ,"
test,"kASSW8u{8&\by+qc<Z,gT",Check sum is B
test,"Wy.0c*&	$'yDnnbr""aDq!rn[w9",Check sum is F
test,"Rg<&A
QbygY)6aR+9 )XAu{$XL;:mJ,K6-%BS	",Check sum is K
test,dP`NQUxV*?3{4bk,Check sum is N
test,".f_<1Ps	1`52`T>Y	X""m}P}.EWJi!gZ?IcG",Check sum is Z
test,"aHh+3K	{uV/7C/e?D&La,7A	o0,""wiF*}q",Check sum is T
test,h&BLhf,Check sum is J
test,R&bWIZhb&^]%i3rd$b@B/zPVt[z,Check sum is V
test,ntnD7W~Dxk+Y3,Check sum is ^
test,"w4GM
m2TqnUP.W#/N+h",Check sum is X
test,"/z#wUPYWh8|y/0[6F&&!jzEf6i(RNzG`7x""z	'pg	xACoM#V0y",Check sum is <
test,()(q@d+Fo,Check sum is N
test,q&^o`?%F>U<Y9OeE3Jv0/&}yv!DbD,Check sum is W
test,}g7u(=xUOxE,Check sum is .
test,}'T&NhlsdfjOp\x'd'?PB	||]Y=71e_c,Check sum is  
test,"Ja+2y2Og1""``M)|JrH(Mpk&$K}Dp,w|lsXER6",Check sum is K
test,n$QxA-@R4,Check sum is /
test,"%5~f5*z)\EvWc
}vdy@riI[PQ&oNK+J):rxnzW^ZT*W3J|D*WN",Check sum is 3
test,+q5X!,Check sum is *
test,"\xq44w~$C)
w""_dM{EXqwv@xQIpw7|,YnH>rucUBA:Uvn",Check sum is 5
test,O/U`8Pdp/-Hk%GNyJp^6$`OG&:2G6(Nj,Check sum is H
test,	@?'},Check sum is L
test,IP/Js3~v@+),Check sum is  
test,H'16,Check sum is 6
test,"pn2yq=NT"">	Vw]0v2ry*if.RCny",Check sum is 2
test,q:,Check sum is K
test,$B|HAb<S>W0k1^wM`<5\ 3,Check sum is ?
test,"+boy&RIE#h>DUMc1<Q)#tzhCAZTxn*X
cs[P#",Check sum is U
test,"b4AfBXGiBsQ]>5PTFi#>=""B>0_wG,`#sL",Check sum is K
test,"$WgQz~.! Qao/B%Wn$=t(QJ[1T9&wS.\Q/\'Q
g\Vh>tW",Check sum is I
test,")8,IyNm_v5G&og(H+~Y@jj""Bih5Ao63G{W~Rj*d",Check sum is !
test,LA~!l$x3dG(!ehOGq{W77+!D`fFt~Y,Check sum is 6
test,"glPJz9H~`_NS})3c!PT+^p{1vV%T|&8]/+""",Check sum is D
test,a??:6?v@,Check sum is $
test,".hL;uo/""v.Db~J{hRzUV8.[R`]{@Xu6PuI$2V)ZP8H""NXn1Iz*",Check sum is M
test,"@Aby9$]N<e\T,@F u~-T2=l",Check sum is 6
test,"*Ay1.MgFO7NVJnc@kq,V0w}FV>EE((v*;z",Check sum is -
test,"
K&Z*YA",Check sum is 9
test,"x0&V@\T*499|4a,k.j&A^]D9F_(",Check sum is 0
test,"y9p#oHg)s]Mco^	?) CwD""E%T9Fn)TQi=y|vw;`+kPCP,eIY>",Check sum is 0
test,@z<{Z1,Check sum is \
test,"IHK;c3,SRzZ8cA4H9iMHq4",Check sum is &
test,Ct4u1_4ITD~f37b,Check sum is U
test,"g;ny+>`Z,kof5mL8KcsN|.%KbT`""s!j|7",Check sum is P
test,"+f=G.Nje1aoRXNX]A.n"",!f~Roo]/<+IkR0T#<'GSS^](3^!<F",Check sum is U
test,RR&^HJ$,Check sum is >
test,l';aN?I-#sGd4w&R ]`F=o]N4W|MdC4.`X^X,Check sum is ;
test,"IO""1%=QEC4b{msz`{d=Kg(kB1NC""	yZfD(",Check sum is F
test,EpB,Check sum is W
test,fMz&3LT_^&W	xb41r>E:drY2d#Pc/H5K6	dJ6Ik[8l7OBN@Ruf,"Check sum is """
test,"Uf&jcKbh""#8^()5U[zs^X9",Check sum is P
test,"$vr|~A1@j-T&6~Ro9zNl}
u+?C	J+!56
)*h-a?&OJ9W)",Check sum is H
test,"'j""&%]! %!2=@.h_Xu1W (52(lh}:_wiF=[X``+",Check sum is =
test,sBL)w\wXdJGQ\G:`2N,Check sum is /
test,uRuv	,Check sum is [
test,"Zo{gG}W=_y1/|!,Q+	:|	1\	R`;",Check sum is +
test,"`,|)HX5A,p-Y0Fu]`5+C?4py_#		f{p{1HK\.+6~uw[L7;",Check sum is B
test,"OC[Xf,{\Q",Check sum is _
test,z[/h)F=3 _CDyVPJGbl&~D)-Lx1~~e9-T,Check sum is =
test,"AP_""is;LMfHaAAyH0xmwh!/*%~J!f]fMt)x>0,Fkv;NH",Check sum is M
test,"ptml6d1XIn)bAyG$?hfo}kd7P;EUru#+bp(P
6ZfVLSR4%Eq:I",Check sum is #
test,"+85|u(>ps'
hf};lB=L5|(8	&Oq6r<)!9kZd=!",Check sum is N
test,"Hp7c4GE[	W7,OY/,|um",Check sum is 1
test,\W|k[ou<CR^-Atrx@Y7ZLY)=	Rg[oeI,Check sum is #
test,"9^,	dh'rH",Check sum is Y
test,|8Vek,Check sum is :
test,"r/T7q	FI2XY)uf""vEpUF=2$F|kMBft!0,",Check sum is J
test,"/ CKbL95)~H
EBTwBvM\N _V6s]hcuLX4>-vr#Lb",Check sum is *
test,XS-xO->9RD<KWDszj?,Check sum is 1
test,)6xA,Check sum is 8
test,")'
IK}*2$Vns	j+A;A",Check sum is ]
test, }6CtU+&yP;qcy-xdAf,Check sum is Q
test,"tN~|r
;,8=zh",Check sum is V
test,"lmN""13f(8a\#TCL",Check sum is V
test,",z8'0Fg<2I",Check sum is 9
test,"m&Y
0`pKa?r-Bsoo~""c=Nr3Ms",Check sum is &
test,bqedx2,Check sum is &
test,"p_xZ/@%g@\F_y|;b[tBSljTD0)SNCl,bRM>,-6.:O_rLD",Check sum is \
test,"R^vB\:Gf)79""Xf{7HylZ{w?(FP8Oks+.}\17ooR",Check sum is [
test,z	S{Zqhwo4_.~4,Check sum is =
test,"2\x/65/.sewp?j&FRgksxlF6Foy/,!1f9ytmOW;I:'EVMU",Check sum is D
test,AWva@y3Sjg0Ax),Check sum is 1
test,"@7c!C@NwrTTm7""|\q%%OBirN{/-e@39?pa",Check sum is H
test,"WS)nY+:4
~1d$`8b=b-8ZF&sqjo@78dksiIKPaRvg2Sow~9&",Check sum is +
test,"b*9s2Q?L1/z`pu.qhaaj\_L4(L\I,6RB&.Zv&m",Check sum is 9
test,Y0	uXY8UuU^;a#6btQ)l%x{5,Check sum is K
test,.	}UL]`b:9k*A,Check sum is ]
test,]8!xg>WZp%^D5C&&M9]/70XhgXBty1f<w@ax1,Check sum is Z
test, ~a{ ufdbKhk4|g~$kK_nfa7Kb7,Check sum is W
test,"p{2% {f+2OKSAGn:8F_cK	wkiy;PzzWz%v	+,i'li9>et]""{~",Check sum is -
test,O&I(Ew~gL,Check sum is 3
test,	#8Q]W^{BpuVs*+YTP2%Lj=F <B+#q,Check sum is Q
test,"kRQ3PYOts2?30QX&N""|;}P8kj",Check sum is $
test,"g>t.sW,bEdCADL#YH_}LX,~hvo!",Check sum is X
test,$[$*$3y\!~7AgII,Check sum is )
test,"B4A^C3$APHdm/PJF}iz9.
ux^",Check sum is $
test,"BE'bX[RZ_u@+v}6$/S3R""?J",Check sum is M
test,"#OF""rj",Check sum is V
test,G97tR-@_7,Check sum is  
test,"#rzG@7L(x*s\5UA, rmJUaywD!",Check sum is ]
test,"X70hE/R	lLzeqOq^ //s
gURs<",Check sum is 4
test," ""uM2/JR!7R:oySo%B|$Qj}TADN`:Y V##G]mK",Check sum is  
test,GE>q;f{1fjJ/*E-lx:*%Re2?D@KyDzz1,Check sum is S
test,bbt;)%@>w<Iqfnrg(Q=zNqL`VD?{z},Check sum is _
test,"6<8VG,7J#;",Check sum is 2
test,q9ka}sEm|H|'IvV6kyIrn^jJA[1*QS5pPTkGfJ9-i ,Check sum is >
test,"/:AV(!Me,mM>ZD^G",Check sum is B
test,"g==x=6agrKLn1xl6~
|@N+Z(M_)4cC<5-Izbd?Z|
@-|",Check sum is S
test,OP_4#@3*zi.l+n'ON3pb,Check sum is 1
test,'aV,Check sum is >
test,"^^D :?v/yB9'IGqJAeBaqZgA|Y
z\,C^IZ8]B/N%\ofzf7:5BA",Check sum is X
test,"AhO=4T'%c Xqoi
/U2wstnW^1",Check sum is ?
test,@5]x#[q	v=u1!2|%_^WI|wiS 	`,Check sum is D
test,"WS;1Ps$""iLb5E]I8T$et])cfRR*MTYGz@omoX%;y",Check sum is S
test,"/
nDry[Fuxr%^<""""1(ovh(@1.m>>y:Lk8Nn|",Check sum is )
test,JX\kAgs	c@@'o'y,Check sum is F
test,"""CiG$@e|o2\@|[rE4#lVcw$H(rc?_d_2nI[Z3^IJ['""",Check sum is (
test,""",9Nh:lftuQBy}FDzYtMchuxR",Check sum is C
test,/wR`\G66!+Z<KmxOHjmi`@16S}-DSsiusfo0b'bt5B.5i]W>W1,Check sum is 0
test,he3Y Tf q,Check sum is $
test,"6pqDfR8'BWJO! f4+M^bWP%lqqW[""peQ",Check sum is +
test,"k;WJ1ShjJ=(DQ,ha",Check sum is 6
test,+@-FZSQoD1I<-!#$FwUE)aW@'A+	J6r1,Check sum is 1
test,"JZ
Vn",Check sum is R
test,"8S""4v L1%\)",Check sum is >
test,"!AV]qDjI0UgV""|vN	T1I^si]>oM.Xh",Check sum is W
test,!vKg|EV&**A)zENKOL1eExDDG/,Check sum is (
test,"u~S1.K0""6PD+H'qw<*b\%ZE}Z0B,",Check sum is K
test,"!5""o&CKZ`S65T.4F|KRJHkm^7{5dgw1 gHhq6X(yY(n'yf6x	U",Check sum is B
test,"1in&9""x:UF&b\f$Bb>Dd\r
tW<",Check sum is M
test,U px5+f0JsR`H8(wm,Check sum is .
test,"j`]<u,	Cl*",Check sum is F
test,"?ZHA;m|#9``o@M,W",Check sum is A
test,mwvsSvX-Q( {M<~+##,Check sum is G
test,	iy,Check sum is K
test,"t?Tlp.5P-4<^G%~2g$2C.L/&c'+aLAz'Ay8#)4g4@eyiq+,W",Check sum is S
test,"r#,}sBgQe5V7-7'(gNL_k/u&[S""ez~sq  q_9?k",Check sum is >
test,"i8|xB-SlGzA=<h7
m\28n=kqQ;-7XG>QL1EON!bl4^",Check sum is ?
test,"c|4:(8-oJihj'G]rrc}N~_>""[Fj`E9'GcIsUH",Check sum is [
test,"4lB6|;w?
Ear)SG~ (i2Am1'nv,4tayg1z",Check sum is U
test,"M&Fi2`@
dT2.FvT5`=?7H74%1S~/c).8DoC*@R*}kPCK|",Check sum is '
test,"cq
UbrF]ho",Check sum is !
test,"_
~eY2y?.sY63""6g+c1",Check sum is P
test,"/L""T@_a%n95UD.<|n<?5",Check sum is /
test,"CFM_3@OfR]""n+zJ1;>>k8*0
""fgVu!X;mGOZ+U!/QxJcO1Q",Check sum is <
test,JO/Vt+]Y=]sw kQ	)dX*Gj5S[M8PmNu4f!!	%4*i)Da[9M,Check sum is $
test,"@^)g%9cP""&|=;q=*$",Check sum is W
test,"k!\%9$
!B@lp*eTz$A@m`p+LHGK~qmfrflP)sJv'15;o5SY98 ",Check sum is >
test,"9w~r
|0
(hZ`kYA""g4:km",Check sum is ^
test,"A
19jwR>1);hc<X~kIx+=/!{"".jD8~xS9",Check sum is O
test,#u	]oM9)_'4[u39&pk,Check sum is 3
test,"}5%0eETK|(99@	RfG""S.TFjG8K)i",Check sum is Q
test,"~.NYb\t*@Gd+""<0peVgR,F~|IKH<aW
`|tq?:""~=WCGcT,D4",Check sum is 0
test,"YjpE/Z0qE@KbFf$/F_au4rd}6%m<gK)J&ncLZa""",Check sum is >
test,"vp-g+D!><txjZUUp2lIbKBG
o=+wf?w9Rdc""l9Keq!;c",Check sum is 8
test,"^kO0&YXF4r)
[-~?WI=5_ Q	1/wd}j}cR* (`9T6$c#""X*05]a",Check sum is (
test,"VSI&
~!,6pHt{_.2>IY4XI8N",Check sum is $
test,"2y)Bp3UHQ<@(lVY@+{rymt#='!_T6""a_+.!}C4",Check sum is Y
test,K\A~;LU&%k4XMj,Check sum is [
test,"L5+DhQ9L'L
$$J'=j	:B)<&'>_)|PRH3;+_$X%",Check sum is '
test,hdX}s+ lVJlr*X:(U}cuL}l:fzwOz.8X^bz+`r1H`hTlH,Check sum is D
test,"Dc3KsP,(2Jwm!jPjTa3% 0.u
V]t#v})""].#-",Check sum is .
test,;~s7VV{&r:PGp4~U:m&Yu;i37sb0k?wT,Check sum is -
test,6f'&l6Q4|'2R@u%,Check sum is 1
test,K_3?m4ii)M-jN$}*wtW,Check sum is W
test,bPjyyoHn888uwHAk~eZL#	W[}=0ABS0'|	3B@R^{GO{}R,Check sum is ^
test,/eig9tBNFzSv(U5W6K)>U$Jj@7[.F9:gWxHN|zr,Check sum is U
test,"y'7LqZ""2kN&%]0^H_y8ST",Check sum is P
test,"'$]zbtN\.Dvr~_|""j'_%NqwkGsNhqPz",Check sum is 8
test,":{9*9dq^]J5+|4[d[a7z,SE)IR/.(aS",Check sum is H
