set,input1,output1
train,,Check sum is  
train,	,Check sum is )
train,"
",Check sum is *
train,"B
","Check sum is ,"
train,"

",Check sum is 4
train,"

















































",Check sum is T
train,                                                  ,Check sum is  
train,ssssssssssssssssssssssssssssssssssssssssssssssssss,Check sum is V
train,"CD
CD
CD
CD
CD
CD
CD
CD
CD
CD
CD
CD
CD
CD
CD
CD
CD",Check sum is 7
train,"x
y x
y x
y x
y x
y x
y x
y x
y x
y x
y x
y x
y x
",Check sum is &
train," 
 
 
 
 
 
 
 
 
 
 
 
 
 
 
 
 
 
 
 
 
 
 
 
 
",Check sum is :
train, ,Check sum is @
train,!,Check sum is A
train,"""",Check sum is B
train,#,Check sum is C
train,$,Check sum is D
train,%,Check sum is E
train,&,Check sum is F
train,',Check sum is G
train,(,Check sum is H
train,),Check sum is I
train,*,Check sum is J
train,+,Check sum is K
train,",",Check sum is L
train,-,Check sum is M
train,.,Check sum is N
train,/,Check sum is O
train,0,Check sum is P
train,1,Check sum is Q
train,2,Check sum is R
train,3,Check sum is S
train,4,Check sum is T
train,5,Check sum is U
train,6,Check sum is V
train,7,Check sum is W
train,8,Check sum is X
train,9,Check sum is Y
train,:,Check sum is Z
train,;,Check sum is [
train,<,Check sum is \
train,=,Check sum is ]
train,>,Check sum is ^
train,?,Check sum is _
train,@,Check sum is  
train,A,Check sum is !
train,B,"Check sum is """
train,C,Check sum is #
train,D,Check sum is $
train,E,Check sum is %
train,F,Check sum is &
train,G,Check sum is '
train,H,Check sum is (
train,I,Check sum is )
train,J,Check sum is *
train,K,Check sum is +
train,L,"Check sum is ,"
train,M,Check sum is -
train,N,Check sum is .
train,O,Check sum is /
train,P,Check sum is 0
train,Q,Check sum is 1
train,R,Check sum is 2
train,S,Check sum is 3
train,T,Check sum is 4
train,U,Check sum is 5
train,V,Check sum is 6
train,W,Check sum is 7
train,X,Check sum is 8
train,Y,Check sum is 9
train,Z,Check sum is :
train,[,Check sum is ;
train,\,Check sum is <
train,],Check sum is =
train,^,Check sum is >
train,_,Check sum is ?
train,`,Check sum is @
train,a,Check sum is A
train,b,Check sum is B
train,c,Check sum is C
train,d,Check sum is D
train,e,Check sum is E
train,f,Check sum is F
train,g,Check sum is G
train,h,Check sum is H
train,i,Check sum is I
train,j,Check sum is J
train,k,Check sum is K
train,l,Check sum is L
train,m,Check sum is M
train,n,Check sum is N
train,o,Check sum is O
train,p,Check sum is P
train,q,Check sum is Q
train,r,Check sum is R
train,s,Check sum is S
train,t,Check sum is T
train,u,Check sum is U
train,v,Check sum is V
train,w,Check sum is W
train,x,Check sum is X
train,y,Check sum is Y
train,z,Check sum is Z
train,{,Check sum is [
train,|,Check sum is \
train,},Check sum is ]
train,~,Check sum is ^
train,aT,Check sum is U
train,sk,Check sum is >
train,{d,Check sum is ?
train,X?,Check sum is 7
train,EN,Check sum is 3
train,2N,Check sum is  
train,_S,Check sum is R
train,w%,Check sum is <
train,uD,Check sum is Y
train,6B,Check sum is X
train,21,Check sum is C
train,7I,Check sum is  
train,IE,Check sum is .
train,_E,Check sum is D
train,YI,Check sum is B
train,_t,Check sum is 3
train,-/,Check sum is <
train,Me,Check sum is R
train,%`,Check sum is %
train,5	,Check sum is ^
train,G@,Check sum is '
train,YM,Check sum is F
train,SY,Check sum is L
train,rN,Check sum is  
train,E1,Check sum is V
train,YV,Check sum is O
train,W	,Check sum is @
train,WS,Check sum is J
train,f5,Check sum is ;
train,?a,Check sum is @
train,wT,Check sum is +
train,}U,Check sum is 2
train,j|,Check sum is F
train,9C,Check sum is \
train,"s""",Check sum is 5
train,ub,Check sum is 7
train,.~,Check sum is L
train,6',Check sum is =
train,Xj,"Check sum is """
train,pW,Check sum is '
train,:!,Check sum is ;
train,1;,Check sum is L
train,/T,Check sum is #
train,(},Check sum is E
train,>^,Check sum is <
train,.E,Check sum is S
train,1o,Check sum is @
train,QY,Check sum is J
train,/^,Check sum is -
train,""";",Check sum is =
train,OT,Check sum is C
train,hn,Check sum is 6
train,<7,Check sum is S
train,z5,Check sum is O
train,^c,Check sum is !
train,"3K""",Check sum is @
train,"Q,\",Check sum is 9
train,jQq,Check sum is L
train,AzC,Check sum is ^
train,=>U,Check sum is 0
train,jP;,Check sum is U
train,i2r,Check sum is -
train,eNw,Check sum is J
train,bFT,Check sum is \
train,t9>,Check sum is K
train,",MH",Check sum is !
train,c[/,Check sum is M
train,\iY,Check sum is >
train,PI?,Check sum is 8
train,%:4,Check sum is 3
train,PP*,Check sum is *
train,q~y,Check sum is H
train,Aj<,Check sum is G
train,SC/,Check sum is %
train,vZV,Check sum is F
train,9$>,Check sum is ;
train,i'),Check sum is Y
train,Y:x,Check sum is +
train,#y7,Check sum is 3
train,ZxN,Check sum is @
train,%Q9,Check sum is O
train,fSL,Check sum is %
train,51G,Check sum is M
train,d[-,Check sum is L
train,zS>,Check sum is +
train,IXG,Check sum is H
train,>$!,Check sum is #
train,W)J,Check sum is *
train,D.P,"Check sum is """
train,0gu,"Check sum is ,"
train,=+`,Check sum is (
train,X\E,Check sum is Y
train,?y-,Check sum is E
train,f#n,Check sum is W
train,-Ee,Check sum is 7
train,Sx8,Check sum is #
train,Ohl,Check sum is C
train,Z<u,Check sum is +
train,R^e,Check sum is 5
train,wh2,Check sum is 1
train,XX~,Check sum is N
train,g$B,Check sum is -
train,T)5,Check sum is R
train,"v""d",Check sum is \
train,	dF,Check sum is S
train,;(95|KE5ZK'eTDF't$zgc4LPD0VI5RZ2$oXwF~J{Qr,Check sum is (
train,"n8	,TA4C",Check sum is G
train,"jNIwI.Yn.jWNrq782WrbyDhj(q^S_k!OZYs]VS
Xn",Check sum is Q
train,"B-i]Pvw0>
RWs%&=_V%!3#f]1<!
g5ezmM`d~/",Check sum is @
train,"o~C:b)!	l}4K qd?LH""|B]Pyc""P!`A-JrgT\	K,(% `'s0*UT/",Check sum is %
train," ,z",Check sum is &
train,"M.o""jzCCfKsJUfv@m6L2+`vh *6ya",Check sum is Y
train,"Kl.V P5mmB#dNA.Rniw,","Check sum is ,"
train,3qfq^O^,Check sum is &
train,"l}""=nw0d\.MKdUNhFh]""""l]0=6piy;eJ85?}|&07UD|",Check sum is 0
train,"}8QM""CH	Pp[O?]FOqjf|",Check sum is A
train,"wF'-0U5:djIRH].d8""M7H zqsY&yZI`9P3",Check sum is  
train,"@NaB1X,_9T,X9(rf~*AHoV109#!,v&:}A}U%{0T_j	x;U",Check sum is S
train,"u[w(4y,08! aZ9g$[",Check sum is +
train,*u@)^K2ygv@=`u!m,Check sum is 9
train,"Ujs{	s0_Ic;U* qoayK:g}e`&7""3O!Rt$Mo99u*$1wBe*2	",Check sum is 7
train,-LkjwbVvUn]	9qun,Check sum is I
train,"XMv+oDc$-$zo7vn
=nE	}aLR|PcT*:Le}',",Check sum is \
train,"oX0\Z.!vw#2vK&}9ZR2_F8ec""B4|q>	)?tq",Check sum is W
train,"""Ic&ru5h-""yrU6Ud2`<>v7xX8d{VUTd~Y7<xOuN9bk",Check sum is 3
train, .tWV?tNCt+HpTv4D;Ho%S*8q!}+Rcdlr?5jD?N%LB,Check sum is K
train,#]$X)>V^4R$}Z}C]YS3_V=T*$R,Check sum is Z
train,"D&18#B;WjZ!W1&eqT""O-FC'",Check sum is 5
train,0:gRO.jK=?Igq6Mpr>,Check sum is 5
train,"t\&oK'	(""y
Ubo|~i27J&0Uz'IAqqA4'G^7wbD'j",Check sum is '
train,4s,Check sum is G
train,]#)&:%E8bXE<>43)a:+)V~m,Check sum is D
train,]!,Check sum is ^
train,<[h.*ExU$c7]#c`Q[$2IguXq>el!@L+E-L	u;ru0r09,Check sum is J
train,Zf!sE&9x,Check sum is P
train,"u[IFA)I6%{AJ?""7 hNPQxT*""Su{v_
MqE[Zsn,wo,-te[:sa","Check sum is """
train,"o""NYHQjR5d-xv""HH~VJ
&).2HVy>1F$ltS!(r2~D&EG~=",Check sum is )
train,"
hoCxlu#A	tS; .wL5-R|~+`N'1^""sH/I",Check sum is /
train,"zY]
b^YPCFgL#7.}T(lNny+?Vw}g!~u=",Check sum is M
train,"~+4]bW]dz	jr,0'7	zjW",Check sum is 1
train,[Q_pG _AJ,"Check sum is ,"
train,"D~""}^d`QChA",Check sum is  
train,>z	W_HYCVmT%fsndk+0RVC4K:$/^g>qz9q8l9{s@i-,Check sum is X
train,PW,Check sum is G
train,"ShP<RtK[0~vyYg&Aa]x@(Z*t|,PZ!%OR,lSz",Check sum is K
train,5oI*E2,Check sum is .
train,Z5;%,Check sum is O
train,"~2uoLfK$<tc>&,%^^Y+Z3 i;",Check sum is .
train,I={hk?41+BrO?MN,Check sum is  
train,VCqs_3$Ca%p0+,Check sum is '
train,1nyx6}FHPw3q_|*_5(9>!8QaA'8	8g7lSw%u~mM,Check sum is &
train,q2N,Check sum is Q
train,"|	&UMW:U>""'X*.obo7@T",Check sum is U
train,jI)+J G(Rt( #Ol';5HD_	+bb/Yq`P)+X4}m{ObzWbs,Check sum is +
train,65y,Check sum is D
train,"#fZ}	}L2M:5
>n9,6`
zyfT*lBtq-pW`S1Vb-_c3*~?\s*2",Check sum is )
train,"lyp%Roy9wR>*5y1""2?6^*E`*EsdiUc?vmQ:y!(:v'TNbqzb7L",Check sum is T
train,U#2P)b)]i:|=ykKFcg%&2,Check sum is C
train,"V T4
:W",Check sum is 9
train,*EyKkX`P.jf2p#q;*CJ4GZny6j96BBm9!XmEl+'Wi%,Check sum is /
train,89l{,Check sum is 8
train,">@""/h6^/6_U1$T>y`7SpnsAB4sWaIkP9,*8Ui>w5sNqN^'",Check sum is 9
train,=F7ELlwMb4~1E@sVXz)1x8VW\Igd,Check sum is '
train,"pZjQB.Lkzjx}:HnkJ/NIZcXlU\<|`c&
Rm|	<}l7
|xWIiS2",Check sum is Y
train,@T+nhAf=|DJ\hsYu,Check sum is (
train,"g4?h<!lmn+l
D=jAPd !,;ULrM",Check sum is O
train,"<ZIVNN~3}>m7<z *R@-R""`'",Check sum is ;
train,"U\Hm;09CdL
WFa.w}",Check sum is G
train,mOPt$w%NS,Check sum is A
train,v'J[yE>f$C1sVY-*@q,Check sum is F
train,E<)+wTW|#;RCS!n|u_5MC#imqA	;#3_r`.C*60UZ`LlwPCB_p,Check sum is V
train,"_,@l	B>hP",Check sum is X
train,",1\cILV	wbP#pn8K3PTP}<o;J`8	}",Check sum is O
train,"%TLjYl6?20qaM2a/c8N,0L}G",Check sum is !
train,")q& z]7o`czb4zQi),n`Z}_^?8|P\$)",Check sum is '
train,",{3?.5rPw",Check sum is U
train,"
-i$5rX)G8@/)}-I",Check sum is V
train,"Ch._~JAI_#MuSXK
&,F;KZ[O$H^(J[o$#4e[ b;",Check sum is N
train,"z0RJ+wL'8""Q?EtZsOVG`L, A0wLBSYth<H+hv!@lnVP808u{",Check sum is K
train,'C,Check sum is J
train,"cNwOva]C+
@ypR;:8wj]3&aSd;GP/?qI7J;s(HXXm",Check sum is P
train,K>)Z1p2AtOizJa\9(_\)LfRid3UpP_U`MRu7cBalOn%,Check sum is >
train,oP'}|GWUf$d8^L#a/:0S\hW)}(1v.,Check sum is 0
train,6\0JGgeU0|Fy?iF;s!PVdWztk@hgu	_h]fnA(,Check sum is $
train,"8MZSYe7X[(U60i-""E+AMG6",Check sum is P
train,"FByH4}ZGDJh%Q^_w""+j$C",Check sum is 9
train,"1Y_k_S:ofC9MCggS<3D8;,q 5:EN|6X\iC>X+XxJ",Check sum is 4
train,"s=997&nxt@hPYDyM-0jwf<X~VU\kQ&j1X[cK,/)C{Pb-cX",Check sum is K
train,s2Dly[+z`3vlUPxVf~Z?za@:;+%P+,Check sum is .
train," jS>=yz3cnPzR[DCzL}noso#Rsird!Q
{Brpj7y>py#p<vmm<[",Check sum is (
train,"3)NJ-Ok""6.\xF(hMMrc)5*37YIGpc5VY1$",Check sum is A
train,I'x7Q]x,Check sum is %
train,__Cd.EO875&T]d>LE). 'op	A,Check sum is <
train,"A{|8ntba;k1.c%$1
vgc0W#]KG$r",Check sum is P
test,6C,Check sum is Y
test,iV,Check sum is _
test,'Q,Check sum is X
test,NO,Check sum is =
test,@1,Check sum is Q
test,Y`,Check sum is Y
test,6U,Check sum is +
test,zu,Check sum is O
test,t3,Check sum is G
test,;<,Check sum is W
test,LU,Check sum is A
test,]G,Check sum is D
test,dd,Check sum is (
test,bh,Check sum is *
test,IE,Check sum is .
test,1T,Check sum is %
test,gS,Check sum is Z
test,6J,Check sum is  
test,ZN,Check sum is H
test,?%,Check sum is D
test,k4,Check sum is ?
test,'D,Check sum is K
test,~;,Check sum is Y
test,`	,Check sum is I
test,{s,Check sum is N
test,(t,Check sum is <
test,ie,Check sum is .
test,1=,Check sum is N
test,H8,Check sum is  
test,-k,Check sum is 8
test,ti,Check sum is =
test,'d,Check sum is +
test,Sq,Check sum is $
test,""" ","Check sum is """
test,rU,Check sum is '
test,Gz,Check sum is !
test,Y<,Check sum is 5
test,v@,Check sum is V
test,AT,Check sum is 5
test,fA,Check sum is G
test,7S,Check sum is *
test,z&,Check sum is @
test,Ax,Check sum is Y
test,4l,Check sum is @
test,z9,Check sum is S
test,X=,Check sum is 5
test,hD,Check sum is L
test,9\,Check sum is 5
test,"Q""",Check sum is S
test,>%,Check sum is C
test,O+,Check sum is Z
test,=w,Check sum is T
test,dc,Check sum is '
test,$-,Check sum is 1
test,yH,Check sum is !
test,GM,Check sum is 4
test,C~,Check sum is !
test,HN,Check sum is 6
test,MF,Check sum is 3
test,"'
",Check sum is Q
test,.L,Check sum is Z
test,mT,Check sum is !
test,yA,Check sum is Z
test,_3,Check sum is 2
test,;.,Check sum is I
test,=l,Check sum is I
test,x?,Check sum is W
test,6@,Check sum is V
test,YF,Check sum is ?
test,#A,Check sum is D
test,q$,Check sum is 5
test,Ud,Check sum is Y
test,8N,Check sum is &
test,T0,Check sum is $
test,Kk,Check sum is V
test,UH,Check sum is =
test,YF,Check sum is ?
test,-Z,Check sum is '
test,6',Check sum is =
test,18,Check sum is I
test,h&,Check sum is .
test,&/,Check sum is 5
test,!`,Check sum is !
test,Kh,Check sum is S
test,Mm,Check sum is Z
test,U#,Check sum is X
test,M),Check sum is V
test, W,Check sum is W
test,;7,Check sum is R
test,{R,Check sum is -
test,"],",Check sum is )
test,Nq,Check sum is _
test,S0,Check sum is #
test,T*,Check sum is ^
test,f=,Check sum is C
test,]D,Check sum is A
test,"j""","Check sum is ,"
test,r!,Check sum is 3
test,9[,Check sum is 4
test,.y,Check sum is G
test,Ar,Check sum is S
test,WU,Check sum is L
test,"*
",Check sum is T
test,C[,Check sum is >
test,jN,Check sum is X
test,C-,Check sum is P
test,W3,Check sum is *
test,@G,Check sum is '
test,R2,Check sum is $
test,/\,Check sum is +
test,75,Check sum is L
test,>@,Check sum is ^
test,zK,Check sum is %
test,N9,Check sum is '
test,:k,Check sum is E
test,~<,Check sum is Z
test,p.,Check sum is >
test,\?,Check sum is ;
test,K(,Check sum is S
test,)R,Check sum is [
test,ZV,Check sum is P
test,oZ,Check sum is )
test, #,Check sum is #
test,4L,Check sum is  
test,Vw,Check sum is -
test,k<,Check sum is G
test,uE,Check sum is Z
test,x%,Check sum is =
test,80,Check sum is H
test,EF,Check sum is +
test,>u,Check sum is S
test,xT,"Check sum is ,"
test,M_,Check sum is L
test,gR,Check sum is Y
test, /,Check sum is /
test,[	,Check sum is D
test,:h,Check sum is B
test,U[,Check sum is P
test,6t,Check sum is J
test,)t,Check sum is =
test,U{,Check sum is 0
test,DQ,Check sum is 5
test,"y""",Check sum is ;
test,4>,Check sum is R
test,sX,Check sum is +
test,c1,Check sum is 4
test,!I,Check sum is J
test,Po,Check sum is _
test,/H,Check sum is W
test,4+,Check sum is ?
test,%A,Check sum is F
test,hb,Check sum is *
test,}~,Check sum is [
test,"""`","Check sum is """
test,.E,Check sum is S
test,wV,Check sum is -
test,al,Check sum is -
test,"I
",Check sum is 3
test,_g,Check sum is &
test,>r,Check sum is P
test,?p,Check sum is O
test,H\,Check sum is D
test,?y,Check sum is X
test,p>,Check sum is N
test,G!,Check sum is H
test,F),Check sum is O
test,",#",Check sum is /
test,yp,Check sum is I
test,iW,Check sum is  
test,Rj,Check sum is \
test,*f,Check sum is 0
test,I/,Check sum is X
test,S2,Check sum is %
test,6L,"Check sum is """
test,%;,Check sum is @
test,f1,Check sum is 7
test,Z>,Check sum is 8
test,	+,Check sum is T
test,\A,Check sum is =
test,a+,"Check sum is ,"
test,G:,Check sum is !
test,lk,Check sum is 7
test,n1,Check sum is ?
test,aJ,Check sum is K
test,{B,Check sum is ]
test,3$,Check sum is 7
test,$r,Check sum is 6
test,J>,Check sum is (
test,3y,Check sum is L
test,t~,Check sum is R
test,EH,Check sum is -
test,UD,Check sum is 9
test,!O,Check sum is P
test,*p,Check sum is :
test,R*,Check sum is \
test,2r,Check sum is D
test,1[,"Check sum is ,"
test,TW,Check sum is K
test,~-,Check sum is K
test,$I,Check sum is M
test,"
j",Check sum is T
test,`X,Check sum is X
test,Fj,Check sum is P
test,=0,Check sum is M
test,Q),Check sum is Z
test,cM,Check sum is P
test,iz,Check sum is C
test,b ,"Check sum is """
test,g%,"Check sum is ,"
test,!l,Check sum is -
test,#),"Check sum is ,"
test,T^,Check sum is R
test,$T,Check sum is X
test,/;,Check sum is J
test,"""6",Check sum is 8
test,Z=,Check sum is 7
test,EM,Check sum is 2
test,1i,Check sum is :
test,",
",Check sum is V
test,&	,Check sum is O
test,-~,Check sum is K
test,H>,Check sum is &
test,j4,Check sum is >
test,B8,Check sum is Z
test,+*,Check sum is 5
test,	u,Check sum is ^
test,R*,Check sum is \
test,3*,Check sum is =
test,;S,Check sum is .
test,7\,Check sum is 3
test,x),Check sum is A
test,2X,Check sum is *
test,5x,Check sum is M
test,gw,Check sum is >
test,d;,Check sum is ?
test,8!,Check sum is 9
test,*~,Check sum is H
test,"q,",Check sum is =
test,"J,",Check sum is V
test,==,Check sum is Z
test,",{",Check sum is G
test,jK,Check sum is U
test,Aa,Check sum is B
test,y/,Check sum is H
test,4:,Check sum is N
test,XX,Check sum is P
test,pA,Check sum is Q
test,VR,Check sum is H
test, ],Check sum is ]
test,TS,Check sum is G
test,"x""",Check sum is :
test,NX,Check sum is F
test,7},Check sum is T
test,Nw,Check sum is %
test,Lj,Check sum is V
test,iX,Check sum is !
test,WR,Check sum is I
test,r|,Check sum is N
test,P>,Check sum is .
test,G^,Check sum is E
test,Q2,Check sum is #
test,6K,Check sum is !
test,"""'",Check sum is )
test,Xe,Check sum is ]
test,K?,Check sum is *
test,3},Check sum is P
test,8A,Check sum is Y
test,# ,Check sum is #
test,8M,Check sum is %
test,2f,Check sum is 8
test,0n,Check sum is >
test,Uq,Check sum is &
test,tZ,Check sum is .
test,sB,Check sum is U
test,J^,Check sum is H
test,%6,Check sum is ;
test,Xw,Check sum is /
test,IB,Check sum is +
test,zj,Check sum is D
test,P5,Check sum is %
test,%T,Check sum is Y
test,",K",Check sum is W
test,R9,Check sum is +
test,"6,",Check sum is B
test,gp,Check sum is 7
test,>n,Check sum is L
test,r),Check sum is ;
test,z&,Check sum is @
test,T9,Check sum is -
test,"&,",Check sum is 2
test,R@,Check sum is 2
test,[p,Check sum is +
test,nU,Check sum is #
test,O@,Check sum is /
test,'r,Check sum is 9
test,6M,Check sum is #
test,em,Check sum is 2
test,8=,Check sum is U
test,Hg,Check sum is O
test,VW,Check sum is M
test,=J,Check sum is '
test,&I,Check sum is O
test,Uh,Check sum is ]
test,W%,Check sum is \
test,t\,Check sum is 0
test,0O,Check sum is _
test,"v
",Check sum is  
test,y3,Check sum is L
test,l4,Check sum is @
test,~	,Check sum is '
test,	M,Check sum is 6
test,>4,Check sum is R
test,W6,Check sum is -
test,;_,Check sum is :
test,OC,Check sum is 2
test,4E,Check sum is Y
test,N1,Check sum is _
test,`t,Check sum is 4
test,6%,Check sum is ;
test,Mi,Check sum is V
test,H?,Check sum is '
test,-_,"Check sum is ,"
test,jF,Check sum is P
test,`j,Check sum is *
test,DO,Check sum is 3
test,jT,Check sum is ^
test,@2,Check sum is R
test,-p,Check sum is =
test,"""<",Check sum is >
test,7p,Check sum is G
test,4',Check sum is ;
test,"O""",Check sum is Q
test,lf,Check sum is 2
test,7 ,Check sum is 7
test,UV,Check sum is K
test,eo,Check sum is 4
test,"]""",Check sum is _
test,"k
",Check sum is U
test,_.,Check sum is -
test,#_,"Check sum is """
test,f7,Check sum is =
test,Lb,Check sum is N
test,&],Check sum is #
test,'],Check sum is $
test,)P,Check sum is Y
test,=\,Check sum is 9
test, &,Check sum is &
test,%(,Check sum is -
test,89,Check sum is Q
test,)b,Check sum is +
test,5R,Check sum is '
test,[+,Check sum is &
test,W),Check sum is  
test,KN,Check sum is 9
test,uN,Check sum is #
test,BQ,Check sum is 3
test,{z,Check sum is U
test,XQ,Check sum is I
test,1},Check sum is N
test,a	,Check sum is J
test,E%,Check sum is J
test,:a,Check sum is ;
test,2%,Check sum is 7
test,J!,Check sum is K
test,.&,Check sum is 4
test,2_,Check sum is 1
test,YX,Check sum is Q
test,:Z,Check sum is 4
test,"5,",Check sum is A
test,Uq,Check sum is &
test,43,Check sum is G
test,=&,Check sum is C
test,s9,Check sum is L
test,sG,Check sum is Z
test,]=,Check sum is :
test,H?,Check sum is '
test,l|,Check sum is H
test,I4,Check sum is ]
test,g<,Check sum is C
test,u;,Check sum is P
test,b_,Check sum is !
test,|Q,Check sum is -
test,Dw,Check sum is [
test,e9,Check sum is >
test,E=,"Check sum is """
test,$1,Check sum is 5
test,",l",Check sum is 8
test,6:,Check sum is P
test,SQ,Check sum is D
test,#G,Check sum is J
test,#.,Check sum is 1
test,H9,Check sum is !
test,c4,Check sum is 7
test,"""F",Check sum is H
test,9|,Check sum is U
test,=G,Check sum is $
test,p7,Check sum is G
test,Y+,Check sum is $
test,&A,Check sum is G
test,O-,Check sum is \
test,HV,Check sum is >
test,P#,Check sum is S
test,<x,Check sum is T
test,s|,Check sum is O
test,"
v",Check sum is  
test,XC,Check sum is ;
test,:v,Check sum is P
test,k/,Check sum is :
test,]#,Check sum is  
test,;},Check sum is X
test,cA,Check sum is D
test,"k
",Check sum is U
test,T],Check sum is Q
test,i8,Check sum is A
test,/1,Check sum is @
test,tt,Check sum is H
test,|\,Check sum is 8
test,Iz,Check sum is #
test,rQ,Check sum is #
test,Q ,Check sum is Q
test,^/,Check sum is -
test,+[,Check sum is &
test,R_,Check sum is Q
test,@t,Check sum is T
test,)^,Check sum is '
test,%j,Check sum is /
test,}Q,Check sum is .
test,s%,Check sum is 8
test,k8,Check sum is C
test,J0,Check sum is Z
test,4G,Check sum is [
test,HY,Check sum is A
test,]m,Check sum is *
test,>	,Check sum is '
test,KR,Check sum is =
test,Y0,Check sum is )
test,*:,Check sum is D
test,:<,Check sum is V
test,X(,Check sum is  
test,gE,Check sum is L
test,qJ,Check sum is [
test,jJ,Check sum is T
test,*-,Check sum is 7
test,r/,Check sum is A
test,sj,Check sum is =
test,",N",Check sum is Z
test,{T,Check sum is /
test,Qo,Check sum is  
test,lD,Check sum is P
test,AD,Check sum is %
test,Tu,Check sum is )
test,",|",Check sum is H
test,)B,Check sum is K
test,;@,Check sum is [
test,j>,Check sum is H
test,3J,Check sum is ]
test,9T,Check sum is -
test,1!,Check sum is 2
test,/i,Check sum is 8
test,@X,Check sum is 8
test,"""L",Check sum is N
test,v ,Check sum is 6
test,+M,Check sum is X
test,*c,Check sum is -
test,i@,Check sum is I
test,dt,Check sum is 8
test,;:,Check sum is U
test,}',Check sum is D
test,vE,Check sum is [
test,ox,Check sum is G
test,"""0",Check sum is 2
test,"
%",Check sum is O
test,`o,Check sum is /
test,9w,Check sum is P
test,{H,Check sum is #
test,~ ,Check sum is >
test,!f,Check sum is '
test,",X",Check sum is $
test,?i,Check sum is H
test,1G,Check sum is X
test,u-,Check sum is B
test,us,Check sum is H
test,:D,Check sum is ^
test,&v,Check sum is <
test,ue,Check sum is :
test,^(,Check sum is &
test,"7""",Check sum is 9
test,k],Check sum is (
test,}9,Check sum is V
test,.Q,Check sum is _
test,(@,Check sum is H
test,a9,Check sum is :
test,9Q,Check sum is *
test,kh,Check sum is 3
test,c|,Check sum is ?
test,0),Check sum is 9
test,i(,Check sum is 1
test,Ek,Check sum is P
test,lF,Check sum is R
test,\1,Check sum is -
test,ZRm,Check sum is 9
test,smO,Check sum is O
test,]{s,Check sum is +
test,Ss_,Check sum is E
test,%0 ,Check sum is U
test,<2-,Check sum is ;
test,}Ql,Check sum is Z
test,gT ,Check sum is ;
test,",d\",Check sum is L
test,dPn,Check sum is B
test,hb\,Check sum is F
test,9]<,Check sum is 2
test,DH{,Check sum is '
test,v+},Check sum is >
test,iK(,Check sum is <
test,+O',Check sum is A
test,w'(,Check sum is &
test,Y&d,Check sum is C
test,KrN,Check sum is +
test,Qwg,Check sum is O
test,<$(,Check sum is (
test,y-&,"Check sum is ,"
test,w2v,Check sum is ?
test,Hp;,Check sum is S
test,Lyr,Check sum is W
test,"
J^",Check sum is R
test,c\&,Check sum is E
test,e:$,Check sum is #
test,=@n,Check sum is K
test,^xC,Check sum is 9
test,G+1,Check sum is C
test,Ec.,Check sum is 6
test,/~M,Check sum is Z
test,*)?,Check sum is 2
test,",`#",Check sum is O
test,C*/,Check sum is <
test,Qd[,Check sum is 0
test,"|&,",Check sum is .
test,j0i,Check sum is #
test,Z>R,Check sum is J
test,Zq%,Check sum is P
test,r^s,Check sum is #
test,H	C,Check sum is 4
test,5c<,Check sum is 4
test,Fw),Check sum is F
test,L[P,Check sum is W
test,{Vg,Check sum is X
test,'>0,Check sum is 5
test,_tL,Check sum is ?
test,bDm,Check sum is 3
test,h[~,Check sum is !
test,8iK,Check sum is L
test,StO,Check sum is 6
test,b{n,Check sum is +
test,/}H,Check sum is T
test,-/9,Check sum is 5
test,$G%,Check sum is 0
test,"-v""",Check sum is %
test,)RL,Check sum is '
test,dWn,Check sum is I
test,LZ2,Check sum is 8
test,[LI,Check sum is P
test,HDy,Check sum is %
test,`=Q,Check sum is N
test,gKX,Check sum is *
test,%!f,Check sum is L
test,[ab,Check sum is >
test,:-h,Check sum is /
test,g!X,Check sum is @
test,V:H,Check sum is 8
test,"b""]",Check sum is A
test,@UF,Check sum is ;
test,@<e,Check sum is A
test,jLE,Check sum is [
test,wk^,Check sum is  
test,qD-,Check sum is B
test,>Yg,Check sum is ^
test,Cpf,Check sum is 9
test,"8""q",Check sum is +
test,CJ8,Check sum is %
test,H-W,"Check sum is ,"
test,rY~,Check sum is )
test,"U^
",Check sum is ]
test,_bi,Check sum is J
test,_Ex,Check sum is <
test,]Ev,Check sum is 8
test,#k',Check sum is U
test,Is>,Check sum is Z
test,f(=,Check sum is +
test,uYf,Check sum is T
test,VXh,Check sum is 6
test,wSa,Check sum is K
test,ur_,Check sum is &
test,YF-,"Check sum is ,"
test,]i@,Check sum is &
test,+*4,Check sum is )
test,x{B,Check sum is U
test,{{k,Check sum is A
test,v8`,Check sum is .
test,z*v,Check sum is :
test,/.p,Check sum is -
test,~;4,Check sum is M
test,<s&,Check sum is 5
test,h=],"Check sum is """
test,",=Z",Check sum is #
test,HJ<,Check sum is .
test,PD%,Check sum is Y
test,ky^,"Check sum is """
test,Xj<,Check sum is ^
test,>wf,Check sum is ;
test,{#?,Check sum is =
test,o>j,Check sum is 7
test,H[_,"Check sum is """
test,s`N,Check sum is A
test,"?U
",Check sum is >
test,T5B,Check sum is +
test,Mql,Check sum is J
test,B7$,Check sum is =
test,qY],Check sum is G
test,ZIX,Check sum is [
test,h)u,Check sum is &
test,#r5,Check sum is *
test,*=v,Check sum is =
test,^UI,Check sum is \
test,*4P,Check sum is N
test,RyL,Check sum is 7
test,9nU,Check sum is \
test,=+{,Check sum is C
test,LXU,Check sum is Y
test,"E@,",Check sum is Q
test,WMD,Check sum is H
test, /z,Check sum is )
test,"D$,",Check sum is 4
test,K;z,Check sum is  
test,OHB,Check sum is 9
test,i{^,"Check sum is """
test,Eu%,Check sum is ?
test,wt},Check sum is H
test,O%s,Check sum is G
test,|[h,Check sum is _
test,^q0,Check sum is _
test,;s$,Check sum is 2
test,ejf,Check sum is U
test,5d/,Check sum is (
test,ZZ8,Check sum is L
test,UGF,Check sum is B
test,I43,Check sum is P
test,1?S,Check sum is #
test,V<X,Check sum is J
test,.`b,Check sum is P
test,/?8,Check sum is F
test,{\N,Check sum is E
test,ab.,Check sum is Q
test,?kt,Check sum is >
test,Lcc,Check sum is 2
test,A/h,Check sum is 8
test,A%o,Check sum is 5
test,O'8,Check sum is N
test,d2>,Check sum is 4
test,!5M,Check sum is C
test,",JL","Check sum is """
test,h1q,Check sum is *
test,{lZ,Check sum is !
test,O`b,Check sum is 1
test,w<2,Check sum is E
test,"x*
",Check sum is L
test,:/|,Check sum is E
test,zaI,Check sum is D
test,4mi,Check sum is *
test,GZ`,Check sum is !
test,vO!,Check sum is F
test,w|G,Check sum is Z
test,4c2,Check sum is )
test,}3A,Check sum is Q
test,E>@,Check sum is #
test,@O9,Check sum is (
test,qH4,Check sum is M
test,'.+,Check sum is  
test,ly%,Check sum is *
test,BK7,Check sum is $
test,1KT,Check sum is 0
test,_-!,Check sum is M
test,!jY,Check sum is D
test,A0),Check sum is :
test,C`#,Check sum is &
test,"(""P",Check sum is :
test,<Nn,Check sum is X
test,&8R,Check sum is P
test,n*K,Check sum is C
test,MP5,Check sum is 2
test,	s^,Check sum is :
test,_-O,Check sum is ;
test,sO0,Check sum is R
test,}=j,Check sum is D
test,VtA,Check sum is +
test,	t	,Check sum is &
test,2Tq,Check sum is W
test,}Lp,Check sum is Y
test,Y)},Check sum is _
test,t%9,Check sum is 2
test,[mp,Check sum is X
test,=Q@,Check sum is .
test,To.,Check sum is Q
test,\GG,Check sum is J
test,5k},Check sum is =
test,H^O,Check sum is U
test,nli,Check sum is #
test,FBR,Check sum is :
test,X2%,Check sum is O
test,J@R,Check sum is <
test,B7),Check sum is B
test,0aB,Check sum is 3
test,J8c,Check sum is E
test,4p9,Check sum is =
test,2@f,Check sum is 8
test,cld,Check sum is S
test,]O],Check sum is )
test,N}x,Check sum is #
test,"
7y",Check sum is Z
test,i8;,Check sum is <
test,E7N,Check sum is *
test,x@I,Check sum is !
test,"""MN",Check sum is ]
test,{VW,Check sum is H
test,N3j,Check sum is K
test,"6&,",Check sum is (
test,|_b,Check sum is ]
test,I<!,Check sum is F
test,#u*,"Check sum is """
test,6U0,Check sum is [
test,B79,Check sum is R
test,#Nj,Check sum is ;
test,([l,Check sum is O
test,2k1,Check sum is .
test,!MZ,Check sum is (
test,Gx},Check sum is \
test,&Kj,Check sum is ;
test,@.{,Check sum is I
test,Z7=,Check sum is .
test,`'w,Check sum is ^
test,!/u,Check sum is %
test,+!:,Check sum is &
test,i[1,Check sum is U
test,~}K,Check sum is &
test,"q ,",Check sum is ]
test,E\w,Check sum is 8
test,2TY,Check sum is ?
test,2fU,Check sum is M
test,im0,Check sum is &
test,v)f,Check sum is %
test,MPm,Check sum is *
test,p#k,Check sum is ^
test,"6M""",Check sum is E
test,;nX,Check sum is !
test,JnK,Check sum is #
test,roF,Check sum is G
test,srS,Check sum is X
test,Ig7,Check sum is G
test,'~i,Check sum is .
test,FQH,Check sum is ?
test,"k"":",Check sum is '
test,#CI,Check sum is O
test,vnI,Check sum is M
test,"D
(",Check sum is V
test,q}s,Check sum is A
test,=`c,Check sum is  
test,g8o,Check sum is .
test,I]+,Check sum is 1
test,!*~,Check sum is )
test,4)9,Check sum is 6
test,UVx,Check sum is C
test,(P	,Check sum is !
test,rTG,Check sum is -
test,"
Sv",Check sum is 3
test,J;%,Check sum is J
test,|B	,Check sum is '
test,Qt?,Check sum is $
test,'Ta,Check sum is <
test,5M%,Check sum is G
test,ugK,Check sum is G
test,Ix@,Check sum is !
test,n!O,Check sum is >
test,]~-,Check sum is (
test,q#n,"Check sum is """
test,"w""5",Check sum is .
test,Y+$,Check sum is H
test,7<O,"Check sum is """
test,zKS,Check sum is 8
test,.6P,Check sum is T
test,TsE,"Check sum is ,"
test,aEv,Check sum is <
test,b@h,Check sum is *
test,.l$,Check sum is ^
test,GD!,Check sum is L
test,^1A,Check sum is 0
test,"{*""",Check sum is '
test,a8x,Check sum is 1
test,Sz0,Check sum is ]
test,g;B,Check sum is D
test,x^E,Check sum is ;
test,>yJ,Check sum is !
test,Fnw,Check sum is K
test,_5v,Check sum is *
test,U+_,Check sum is ?
test,1+f,"Check sum is """
test,r=$,Check sum is 3
test,eU>,Check sum is X
test,c*k,Check sum is X
test,$S:,Check sum is Q
test,t**,Check sum is (
test,03R,Check sum is U
test,zpt,Check sum is >
test,zgW,Check sum is X
test,SWc,Check sum is -
test,?N~,Check sum is +
test,q#H,Check sum is <
test,TTi,Check sum is 1
test,Z@M,Check sum is G
test,B_k,"Check sum is ,"
test,mdy,Check sum is *
test,=>8,Check sum is S
test,CMZ,Check sum is J
test,4I|,Check sum is Y
test,{	M,Check sum is 1
test,"h""E",Check sum is /
test,7Io,Check sum is O
test,kT.,Check sum is M
test,@Ho,Check sum is W
test,Z e,Check sum is ?
test,"p,""",Check sum is ^
test,uh$,Check sum is !
test,q}-,Check sum is ;
test,MV	,Check sum is L
test,gTh,Check sum is C
test,os~,Check sum is @
test,I*],Check sum is 0
test,s~(,Check sum is 9
test,=(K,Check sum is P
test,1#4,Check sum is (
test,"0,3",Check sum is /
test,wyZ,Check sum is *
test,a%%,Check sum is K
test,l:y,Check sum is ?
test,&G],Check sum is *
test,Qb3,Check sum is F
test,f;s,Check sum is 4
test,U(],Check sum is :
test,"ga
",Check sum is 2
test,TC|,Check sum is 3
test,<f6,Check sum is 8
test,"C,4",Check sum is C
test,fr#,Check sum is [
test,Hg#,Check sum is 2
test,y5z,Check sum is H
test,GrT,Check sum is -
test,=4i,Check sum is :
test,%$M,Check sum is 6
test,:H>,Check sum is  
test,|S:,Check sum is )
test,AZE,Check sum is @
test,ha0,Check sum is Y
test,24l,Check sum is 2
test,_Q>,Check sum is N
test,w\8,Check sum is +
test,X!B,Check sum is [
test,ooE,Check sum is C
test,"U,a",Check sum is B
test,]|*,Check sum is #
test,0Is,Check sum is L
test,%/',Check sum is [
test,H1(,Check sum is A
test,0PV,Check sum is 6
test,G4-,Check sum is H
test,w/6,Check sum is <
test,}.o,Check sum is :
test,G&),Check sum is 6
test,r$N,Check sum is D
test,LT&,Check sum is &
test,6&o,Check sum is +
test,kH2,Check sum is E
test,4&&,Check sum is  
test,t;J,Check sum is Y
test,.G5,Check sum is J
test,=j:,Check sum is A
test,05V,Check sum is [
test,PvN,Check sum is 4
test,u| ,Check sum is 1
test,S~R,Check sum is C
test,Mq:,Check sum is X
test,^HG,Check sum is M
test,O(y,Check sum is P
test,}!t,Check sum is 2
test,&bQ,Check sum is 9
test,NhD,Check sum is Z
test,aDE,Check sum is J
test,1Y',Check sum is Q
test,"L%
",Check sum is [
test,qS<,Check sum is  
test,[r',Check sum is T
test,"s@""",Check sum is 5
test,P46,Check sum is Z
test,"D1""",Check sum is 7
test,S~5,Check sum is &
test,;+&,"Check sum is ,"
test,Fag,Check sum is .
test,sA-,Check sum is A
test,"u
8",Check sum is W
test,LOJ,Check sum is E
test,157,Check sum is =
test,B(_,Check sum is )
test,8Up,Check sum is ]
test,]!G,Check sum is %
test,}24,Check sum is C
test, oR,Check sum is A
test,R6f,Check sum is N
test,^kS,Check sum is <
test,Bid,Check sum is /
test,ADH,Check sum is -
test,u-D,Check sum is F
test,:=(,Check sum is ?
test,m!C,Check sum is 1
test,^<2,"Check sum is ,"
test,fr`,Check sum is X
test,nyo,Check sum is 6
test,Upk,Check sum is P
test,"8!""",Check sum is [
test,*v~,Check sum is >
test,9fm,"Check sum is ,"
test,K5M,Check sum is -
test,sR^,Check sum is C
test,Po',Check sum is F
test,q0O,Check sum is P
test,GDv,Check sum is !
test,D]v,Check sum is 7
test,B\T,Check sum is R
test,^OL,Check sum is Y
test,E]H,Check sum is J
test,".g""",Check sum is W
test,v$g,Check sum is !
test,T&:,Check sum is T
test,nW7,Check sum is \
test,A(^,Check sum is '
test,6)i,Check sum is (
test,yUX,Check sum is F
test,|K*,Check sum is Q
test,CO9,Check sum is +
test,n=T,Check sum is _
test,<?-,Check sum is H
test,"3,Y",Check sum is X
test,MC',Check sum is W
test,<=),Check sum is B
test,"ar""",Check sum is U
test,8	6,Check sum is W
test,p&$,Check sum is Z
test,tYJ,Check sum is 7
test,p1O,Check sum is P
test,"Z{""",Check sum is W
test,@e$,Check sum is )
test,~NQ,Check sum is =
test,9Ji,Check sum is L
test,tK5,Check sum is T
test,U]+,Check sum is =
test,5~4,Check sum is G
test,*^c,Check sum is K
test,"
a5",Check sum is @
test,PKs,Check sum is .
test,H(:,Check sum is J
test,Qi:,Check sum is T
test,OZ{,Check sum is D
test,3t;,Check sum is B
test,_*?,Check sum is (
test,&=F,Check sum is I
test,{~3,Check sum is L
test,n3^,Check sum is _
test,eDl,Check sum is 5
test,AbZ,Check sum is ]
test,Ea%,Check sum is +
test,awI,Check sum is A
test,+NP,Check sum is )
test,#Tz,Check sum is Q
test,aM:,Check sum is H
test,q21,Check sum is 4
test,062,Check sum is 8
test,B*G,Check sum is S
test,EJ2,Check sum is !
test,<#e,Check sum is $
test,8 A,Check sum is 9
test,gvM,Check sum is J
test,!!#,Check sum is E
test,	%I,Check sum is W
test,j|V,Check sum is \
test,drF,Check sum is <
test,:nU,Check sum is ]
test,"
Yi","Check sum is ,"
test,E]P,Check sum is R
test,R#>,Check sum is S
test,\RA,Check sum is O
test,o^I,Check sum is 6
test,QtX,Check sum is =
test,y`3,"Check sum is ,"
test,"b\qp%q|fl&aL/W9o[Nt
Dc	Z8mKEXRn%=(wQW",Check sum is K
test,|&fVKQJ0;\DPpsgr,Check sum is ;
test,"R:uxDcqFqk.Oa
e[C6uOWCO/	>N}D?vG{#|n_(r~w",Check sum is X
test,n{&dDF<cWnrcavCV)2Ej+,Check sum is ;
test,G	EnCI<p@,Check sum is [
test,Nx-/N&L=+/s:U<*y,Check sum is :
test,N:B >+,Check sum is 3
test,KzBGAQ/m gz8xc:,Check sum is *
test,"t?	y?XmQyTq
CCO6OXBptEC_KQ",Check sum is M
test,z	h N%((}%,Check sum is P
test,BW<.E6v@>$$B,Check sum is \
test,h_.0j'lu,Check sum is 7
test,y5.l'W,Check sum is &
test,".]G#\{HxbIQ"";b;1yl[Gv~Tna^>56Q9M(;;""o&DMYPvaB",Check sum is 7
test,d[V&n,Check sum is I
test,"E{/cS,-;Hli/uoos-)8{",Check sum is 4
test,"e>?POUu)""?""GO",Check sum is -
test,dpQbpMZ<U0G]oc]$'A,Check sum is ^
test,Nkc|;{;'Ad1sP_#Q(d1vk>l]VO`cdO^52IW5W:<O4[p:	Ga(d,Check sum is (
test,"~~I\I#Vve7
	zp]*,	F -A@@b",Check sum is D
test,"/?""f3(ov30a3ao=UD6~5AEX[`lfj""r9$u?#b~CITww@I",Check sum is 0
test,p_,Check sum is /
test,)~/^YtjDq?],Check sum is \
test,"fHLV[, M",Check sum is $
test,sx.,Check sum is 9
test,"9!}t:]gF[DUx\3'xJP;YRZM=z0sb,0?95t<zH",Check sum is '
test,"Gvp$COQ$EdxB
""@9@&+E|.`H[glPP0
sdDD@\",Check sum is +
test,2Tn,Check sum is T
test,tpF9Pb	nGAmT$:Vp?`LI:SKuw7-Kpn!cpfq?WJq}1zY<}Z#:A,"Check sum is ,"
test,%w^[AModiJOvOe)-pY!H#5z,Check sum is \
test,H=`,Check sum is E
test,uV-bVU7s!.$,Check sum is B
test,*%)7~e%q-#	q5!V5I}4\@)k^hDE4(\H@.Q,Check sum is +
test,}%vS|.Z{so6lUk<B[(QH[+'&Q7g-aHO~RF2g~H$g#Dv<A,Check sum is )
test,"U4iWNx""O6`4B6&i6OY@
{Is6:d$v36:j=;8ZmBR/7$",Check sum is  
test,"R2-f}y7m
2",Check sum is M
test,"}g""ybS@r(8429vvDo&fb4]",Check sum is #
test,"<v}iW:-cIO Q^fcp`3|iWwD#xfcB.lGE0kvH;XZ|N& \,i#",Check sum is 9
test,g7,Check sum is >
test,"WtBPxk`o,""'\J8]sdzTf?qr9iLrz])\S@\b",Check sum is Y
test,t)~`2916Xzc&|}=.phG|JmsWm|-(jqH,Check sum is )
test,"=k.I]Mk{77A^tB[)^KTJTc]
VFi4F|T#uVeA4""2b",Check sum is H
test,"o';wg$-64M v(K<G8

n`V8Dsr)*",Check sum is G
test,"?xL B4
jIg#H3ieKdLp$[n|(~~a}Zdj?>G",Check sum is K
test,	-%s*qp,Check sum is 9
test,"U0?psriyo""c@zPy~3%pCu",Check sum is P
test,	h;J	=77f#6[[C74 7A	M0,Check sum is K
test,"INrP""NQ44}ok",Check sum is 9
test,-'0;=U.iC,Check sum is K
test,8mCU[y3V|64,Check sum is  
test,JNwv',Check sum is L
test,wG*Jyi,Check sum is 4
test,j =G3*+a{9_y#Z7N*1f`KL}DchYjS`wEY+`#QTL /V{e5cM,Check sum is =
test,-yc,Check sum is )
test,";Hlyu~CAZm' d
RYR)?<&SZxRIWFzaAj-;
!SrC7T_zgvh6",Check sum is _
test,"9mQ
gB6`$j",Check sum is .
test,"O
J(hR0+A`eP=<4W\1\`Y[Da""?..hiZf6e<o:OFZ&BKj?",Check sum is U
test,"LK6q{Bms;:5
0'M|c6BKc}P-5ZB]j[A9{z?xndGBD(UEq",Check sum is =
test,"f0f3/1;?'QM2~h
pVsd5abqf",Check sum is <
test,"	SE.<!HV{4b3EnU%C#Ug/g#J'|(TFPdV<FB-b""0m",Check sum is A
test, #PC^7q(g<C])5vv}>439k76W0-rarSW e)FE#ZmeYja,Check sum is 3
test,AiF[KUAzS{+;,Check sum is :
test,j4WX(8DdLCo^8tgL,Check sum is 0
test,W[_v_eMjbs	wZ'|X	U!,Check sum is K
test,"f#9	"".B/GTbwR>|wC0!	W8/#O<M.u$}%K9w9j^R J]HES$%Zp",Check sum is *
test,"""s\KO{BC=DNrbKf9*Be;+-]Q",Check sum is J
test,"'(/k8z~Rvg<P&GOv<G14EKxPq E['u{4	p=H	>,4",Check sum is G
test,`(	B,Check sum is 3
test,e_xfjkVB/&9cb=)D.nR,Check sum is Z
test,{r)o0mb7ZGbNT-/DE0({Xc1/YYDgwH(]51\|Gkl>lD,Check sum is >
test,"Kxif/]r<fdWPt>""2+oP:&uE=:CD",Check sum is %
test,">Sz!xvWrA`-bXQy4[R~c'oXtm/NMrk|%S{&KR{J
(NCWz0j",Check sum is 2
test,hoj 9PShuE{uB\.awt[ ,Check sum is B
test,"m*A:Em%CeI@udR@UNioI{4[O!h)j<FUfwdycs1ss,5",Check sum is =
test, /1 qb=7]TUt i7'lFcqMQ:|gki^JHbA\}T)+._/'09h2(4E,Check sum is X
test,(Q	d,Check sum is F
test,"l?_bvJ;||Ye{""YZyM(pn;AYFfK&(l	",Check sum is (
test," ,JU;lV*gfaD?cS&<qhvDRrEwC8;h#-l\TPD*Xf{2.9YdU",Check sum is :
test,#^aUVoUy)5Tm~<',Check sum is *
test,"BqH(c,fp(l=9C)",Check sum is ^
test,y-Wq4zhT	FR	cCzxLnGZ,Check sum is U
test,"<`4b\{OGxW3QnM/""iQmA!AJK'G?bp",Check sum is <
test,"St!jAM$lJR)B8Z)|$:O{ody[
",Check sum is '
test,"ByK;1eeNR.""g>?{<ERVwC{+6^n*/`
[}g^(yP%jo ",Check sum is %
test,"|G7K{*~if5	
,&WNGM_@ViScjklu1gh*[oTQf",Check sum is 3
test,"GiQYkpcaa-Uu
&BMV`c9N;80\#w",Check sum is )
test,"*
;}pc4#_8zvKsEG	H&~6];+b !6SExhqO$]",Check sum is G
test,"<l=$zA8""+J9I\]`~h-s2(pQDe4>P	0/LeZX8C~u,{Xf^'b:TX",Check sum is E
test,"(@A6'\8D0S+P?`\Dt0?Gf*gCXd%%,<&e-DP om<%F}ig",Check sum is I
test,"]fXyx	Y
",Check sum is X
test,QMR%)9/ww!r@,Check sum is G
test,"`7q
8tK9eE\^t
4VT","Check sum is """
test,l$MSJqS|Vt9cbKl,Check sum is Y
test,"m,' <""'(SHp<NzieW1]E cQGL",Check sum is [
test,Zwu}$Md_HWeJ*sj%,Check sum is Q
test,")doD$}|,0RPs$*&/0bW",Check sum is :
test,?\OS%2e)_-jthTGz0+_U#'e}'Ej|>,Check sum is 4
test,"U*8+""$",Check sum is H
test,"oa8zsU,(:riV~>r,",Check sum is C
test,"8""",Check sum is :
test,}&..m,Check sum is L
test,"IWl_Y<1)K

oZ*RrxCf&#5M =",Check sum is Y
test,1M}ulsYFT \<g.Y~n7~Sliq#ye%X.E01!H%`,Check sum is B
test,"mGF:P.;ji :4rKU|7|ycns7TF[	C JAxb'""`",Check sum is R
test,P~?	GA0RyA&=f,Check sum is C
test,KV,Check sum is A
test,",/qtmTX 02'lq_:qkp$lt;nXbIl<J2UE ",Check sum is 2
test,"JC]&0n[FYC,d5'#hc
%mmv%0	I",Check sum is K
test,"
n	J&=hj
^a[dqmAq5+\NNM5p",Check sum is B
test,"mB>?AtYk0(#6""Vl~WAX>sr~SFl=Ntv""At",Check sum is :
test,"8&zsZK+epg,_/FY,'~jQ3X}Z>W:JveY&o>m1z&E83x",Check sum is D
test,]W?I)9Z'-,"Check sum is ,"
test,"{FnFk`GzM6^0x+C16Hm""t}#D9HHV2{Wbb^y$gpsm=pyI7rgsd",Check sum is ]
test,"$vvZ""1h&y*8Y\G$By&W@k8X0",Check sum is I
test,Ydq?\-h69e0VUY0RicLp|S&cDV#YoforO ^:`;-&35$,Check sum is 5
test,tPPSn!yz|>?hbQ~c,Check sum is >
test,b7l!432'H 	k;R|KjtEzb\&I6Wn~!@j~pS=h,Check sum is *
test,"Q fzn3LvD68u|u850]i IR+<H~a}3Yrb6(khJ!/9>VM4,+;L&",Check sum is R
test,"oYUGee,",Check sum is :
test,"b?M3]>A8';kt@ScfK@7&;(Tpvd""FFL('ZB}>me6;S:ZI@	~,*",Check sum is K
test,#OvSIKrX?kZTkuW8,Check sum is @
test,VAs8mwft#(@Y/423+.}=(7-F$3&,Check sum is .
test,"`&Yw5q*KMb,drV*""?",Check sum is #
test,"A4ng)S
#TD*
li=5.fj5;]
mBFzcO:~n
n^C	",Check sum is $
test,"&K j&:qi<73[sfm#OU$u|PV%Q%h:q^n`Ps?6F:P/90,!x",Check sum is ]
test,";^~2P@7%BaDey[AmF"",MP*
0Roe'#y",Check sum is !
test,}:G,Check sum is ^
test,?^Q(s{	\c|U^6X/5L5#6E,"Check sum is ,"
test," 3d')CwF,O!Gg(/@Y=`TRM/c=",Check sum is @
test,"|t-/B}x/,$","Check sum is """
test,Z0VW]<dWKAMcW,Check sum is >
test,"X]P5??wN#*AL*}Z8kx0Zw""si-\3w|",Check sum is A
test,lp0r4JfJ(&UG|_v9m5+#/Tbq%=CUjk|@NE|<bkk<1pfog]M&<,Check sum is 9
test,a}s@@zA-N&w_G9M}v0FiXy^5B,Check sum is (
test,"{=~1dw.""PQu""
C-0pA/vD]xNuG;#hK'5wrE)\5K9W<<w0O",Check sum is +
test,"a""""ddM<C!pMuvo[ i\E",Check sum is V
test,"KKO!""=mv9AM)8I_/Xu<FQL VsI+KQ|x%4i2BRvki\",Check sum is .
test,'qpOK4>(RLak}E0{O;^I;'@8,Check sum is >
test,(s9P?[&)vN9e{D+f`H9hQE;T,Check sum is M
test,">*S:OwEm\59qv@s2	N=bDJqC>1*`D:w6sDGk
?@GCt",Check sum is /
test,_@`rx_Taf,Check sum is C
test,"DjR1B'<FHMy7;ppgj@*2""gLnqog@Uk8LKV_@",Check sum is W
test,"L;]hkc""(?tLYj-#x7H_(s	>wgav.>5;ZFS/D/0+0gRl]/ ",Check sum is P
test,tuB<%~ZM,Check sum is Q
test,DK0Km{,Check sum is R
test,U]U,Check sum is '
test,"Qak{L+P+Qy_*y~""""VB7+^y40",Check sum is -
test,"a;*1^~;
k@3khg<+",Check sum is 7
test,&JWY/2E*[\7,Check sum is >
test,"n#<+eml3`hRCgf""WW=&K*Qzb?O*ZGfca^S3utiU8D!c;Z)9>b;",Check sum is (
test,"KSYBxh,ClQkJ@Ynn,X1&F+[U,)lT1-H-J-8?
+@k	@5o:2",Check sum is Z
test,JAlAtn:(L%-7M 9Jr:/1>S{F	EsO~,Check sum is M
test,"ff
Wm$^	W)h~|2H:+6@G,k[LKIl>",Check sum is ?
test,"
4J]<Gqz=#effh-D;c3`3""4",Check sum is W
test,"NMFTc+,E_'zp5KXWtGiRwu|",Check sum is Q
test,"3!m'Bcgq
UK=6'SiH",Check sum is M
test,C}rR,Check sum is $
test,"$=aJj/g=%M:z@#27#?""4$$()Ug.X3i[a+
C/",Check sum is -
test,hBp|U>d8r>bJU;^@i2k`SB-Fhv6[Q]p\wf.Z! qO=jiGrA`,Check sum is V
test,"8l|&/4x-Wljn*~?|-,y>0yF$>68e^M]9zdIj_A{CP	)o1",Check sum is 2
test,GAzrVHWCJ k52iK6,Check sum is 2
test,"!B""}]q}y8TeMGEWgfk{-@ fo#9)&p=&mL:7$3^y.",Check sum is  
test,"
&yB=h'D)~RZPdE%u'K@18",Check sum is \
test,TWT>i\]~SU'GzT@ek}~r:_~TD/q 3%,Check sum is %
test,no3PQp>{cuF=3CQE]]u,Check sum is P
test,".\(#DBsL
	%@	,""cXE/W!2	uV",Check sum is 6
test,"9mv<di6\o.R8*Sd.
<:\A5Y]	:
979>!@#",Check sum is M
test,":""%U?*SFb""ZT",Check sum is *
test,"qIN9=m=4_sE29C9-`E"";#pTA~JV",Check sum is /
test,Vb2:Gv,Check sum is A
test,'[AQlU>@o2Ja~p|ysL^9]%&Do9/4,Check sum is /
test,5)ZV9s+SbSB$oH.>';J:;;>^,Check sum is N
test,"} 6G""i""5EoNmPcj`y:ws""v!2s+iX=]R!(#K{!4I&",Check sum is Q
test,z`v6D5FO:=^),Check sum is 2
test,"6(es2[&JUg23N94pB\vgnY;KrQ$R""{K{<>X#Zk,",Check sum is )
test,g;=WK&]u7Vfq*I`T?wSlE).V&#,Check sum is T
test,3bZ\@cxy}B::?fdwu6,Check sum is ]
test,d!k&wG89Ez+gn-LDP+O1gnjU20%c@qpv	8>oF|H>gV,Check sum is $
test,LrAfwGzw)Vwxi[FAzn( 9%TuD_+GDM`|>+\6Q[Zf>atYcP`V/#,Check sum is T
test,F7l{#'Z,Check sum is (
test,&@=^vmN{{,Check sum is H
test,"^_^EY{d5I,","Check sum is """
test,"f!q7c.xXZXLs13DsD%G-mJfW5d(&-z
f5c515k[^DL)aXJ5.u[",Check sum is Q
test,P}I[xkI%p0QEhudW9NK4%y&0$,Check sum is N
test,";arJ-,*R	,:HeV,Y!4|TvP<Op/N	5%(\W|:AwB&9m]go",Check sum is T
test,">!d5H""2 g@O	B)WmVZf?S d7$^2`%Xm1N$y",Check sum is ?
test,\3Av'>p]CGyHWs,Check sum is -
test,Xj,"Check sum is """
test,&<\OG|4@b,Check sum is F
test,dc[Vd,Check sum is <
test,u)Y[,Check sum is 2
test,.Y'o&6y=h[j(B*8r?AkJ^\)L	iM^_?A[MBC%&8`f2+;[69#k,Check sum is @
test,"!cW:Pf*""Y	7@0a?}>vt",Check sum is E
test,fVv,Check sum is R
test,"\g)7/r]5
=4",Check sum is 1
test,"e!htP_F'eC?+V<@;1ws2ep""nu?=y<	+u",Check sum is >
test,"rlnR/:J?	>t\x})9p02w""-MY{Bz(p93~DzpKv'`w;@_",Check sum is \
test,I./-fzOkCSdd?[+',Check sum is W
test,"*	
'(gVB/p2u/YX*5{:-Wnp#eTBce6rU@n!G$",Check sum is $
test,$/*LCZ1eh9Vnh_pFg,Check sum is %
test,"#E<|J*073K?g{1_.QxT
o']WD""[""_}c",Check sum is K
test,"Nv6&Zr/<Y(PxQ	8dK `L[YLAEd>
)=r.u
l!=Hei\nx[.3y~",Check sum is Y
test,')-/84N*!$mVCQ2gs,Check sum is X
test,> 8,Check sum is 6
test,d9$@t%H!pk#sFP{uFi[#A5Y8Z6O,Check sum is -
test,"p!AsEA?	=-YMlPuc]Xy6
8`BQmNn-j",Check sum is 0
test,"g>U""	nGG\esQ\d
A/>",Check sum is >
test,"c0%q-nmviu6]>#vfb
Z`;%>;^##5v8	$]@uskB]GTp",Check sum is B
test,"$jLQngsLZ3|MP5nU""nLs1v^]D`f$'rMs{P4",Check sum is 4
test,"zSf2!B.n\,Q;",Check sum is X
test,"eNyfRcGMLQBCJd0zJ'XO`ytI0<LJ$jC,
So",Check sum is .
test,8ny.,Check sum is -
test," WJeY|y:b9E""miF6k@8ov5/3cMA47Al\@^n+Pdo[&X%V;XF|U",Check sum is >
test,"3*@m}mZ,{ZfXI$dlu&8767W(B0'|>Bw|akpW,S",Check sum is :
test,"UPW1n<$Ds|1m048pJ	,QDS@x-&I\}q%V{2Wg",Check sum is #
test,"pr?WY_6U<[:hJ2,[[QCUU.PNUcx4aC7=9,tF/xTW",Check sum is )
test,uge~Kgj1?cMf4l05vRY}wL~,Check sum is %
test,"&]BtIJ)]h@]""k",Check sum is D
test,"?rU! `VwGO>
'x""JO	`NGmtFCe~&AUClZ	#  !@-Jxz",Check sum is R
test,(&Qo!rN-,Check sum is <
test,w!R[f ZC,Check sum is H
test,#&t`H,Check sum is E
test,"Wdpeq|e][)Sc}874""XZ",Check sum is M
test,"p%e{n^ByiL382^
,By`+Aipj/XI	ixQRbEc8![h0lQG]",Check sum is  
test,"9BYq~+<
A=@$)|s0",Check sum is >
test,[}#n~d:2{9nj\M1/SUL:E^|1S\_<Z)e7#y1,Check sum is  
test,3&fl	!uH9+;UX	p7c8V]]Z.b^zF.:P' $N]bhd(KkU,Check sum is P
test,"N""M'wl	8wnKmA ``4+u<b9HDZ&]'>&LL,
.DP*",Check sum is ?
test,sQ@5:G'D^[6Mz<EN *_,Check sum is 3
test,"<OSu
d7e3sa:9&1hV",Check sum is L
test,"SeOL7|7
.vjDle51$0:V3z>q7
	@qU$""_xSRdz?\
dRr8wX",Check sum is 4
test,"fq""Di|pG/f,6Fqm",Check sum is T
test,"8Vut_'d$R\g<l""?dLh>1$KA",Check sum is :
test,"gBUhjr554`#Yi>DIdqm\6l1"">MRd`d2?",Check sum is Y
test,"#qt6-Sg9# <tO/
'P8uCu#'A_]G:9;
`]4riEd{>8+}_]C",Check sum is (
test,"A7<""rSLt7fDE_.y	EN",Check sum is C
test,uic;XFW-:%p\7[;2G2tq\L#7t_=knOHS`EcC#XG*nrZ,Check sum is L
test,W(z6mH$w4rD	o,Check sum is A
test,"ji	qqxeJ!U'<R""<^aI=Ceqw3",Check sum is V
test,VYa,Check sum is 0
test,"J?bmY)D,pF6iN40~|xXN@R)S|*_@ogR]pB^vj",Check sum is Q
test,V<uu+x0tu3TU']sv.f[bue5;]VWp=+sUH(giTVG'e~<H,Check sum is %
test,"ph&\9#'5q~A)	`/8\Jk8\""p#",Check sum is 5
test,"5Gc,{;",Check sum is !
test,{Z9:m9,Check sum is N
test,ug8:g{-	!&n d,Check sum is ?
test,"H""@tm%aTC\jk'""HrNG%8CF	}QA\atQdHsFUi9Xj1AETIGNFr",Check sum is P
test,xZmW,Check sum is 6
test,KIr-yl^op6']@4=C+cIfCi/<D9j5,Check sum is S
test,"
n8rUN}""gpO1?~?.Q\dyn4)98W@","Check sum is """
test, JqO.ux%;GVi[\Y!QK{c]?%)Xc)KA	W:7cm+u~/9QemO,Check sum is )
test,"	U:t<jNQ""U\Npq+Mv8!fup~_,",Check sum is N
test,":'-?de9jR[LKb_qz/6`NMketQ]G>{L,1
e`X~",Check sum is )
test,"A.>lTj_:gr
7/!8GNc7:yWh #zX&XYBxDhr|\",Check sum is /
test,"K$hsy.,H;f-sJJ=r+2egH{>U""L 1xLTI%Gal6Q=&e?I",Check sum is 8
test,{SIl!&u.,Check sum is M
test,"aD}te 4-L_#2kd+i&O((/\Bk|e~xkP-J|$b8;""",Check sum is \
test,<P<,Check sum is (
test,"v`2nmAEA]#r`ilA`N(O`HV.;@e+%Cx!i*m3C:zG""L",Check sum is .
test,"!I`Uh[:meu~X:n_,v""W!	tB;F)'P_2A",Check sum is N
test,"`naU~
W""zjs#P[1""OV$Kg\p|}x\71	]fPq_8de",Check sum is F
test,"6""m",Check sum is %
test,KB=Gj=B'jg,Check sum is R
test,"S""+c. _FWoz4l
XJi",Check sum is K
test,LZxqowR?'=++_*!rIJiDd@26JdNb,Check sum is &
test,E7tWCp3LIUJ`p=H2u.3'b0d(,Check sum is #
test,sy^@|Jh-JF>7g7|M_WbQE$voQdoS=<Fx=DE0gET4:qU,Check sum is @
test,"-H.&+X1PT%dJ;$x@9A[i-p]{zQ2@}i8FT'b:e01qXm,[qr6",Check sum is 2
test,"v0`$MP3V{oNtV5nY~/?OK
$@KMz^ %",Check sum is W
test,PjL~vMeSQ wuLPm*riyJ,Check sum is M
test,j9r;,Check sum is 0
test,"'K.,}ieA-lPI0}&8{l;X!,",Check sum is <
test,"(amVEG9$+~6dKE'W,8VW1Sw'.-sZ@rvlX",Check sum is -
test,"!kVS&83Ks]X8x#96{FRC8]Pw}<IJ#v{Sp
L)f@	]GtJ",Check sum is @
test,(.WFV(*&,Check sum is !
test,8tQWVP|,Check sum is V
test,:%[E2s8U6qDP,Check sum is L
test,"ebB#cl5y@3}Xsvjn<.emw
G06(AAjq`}|eXzSP""T	z",Check sum is -
test,%o)rW,Check sum is &
test,J#7B,Check sum is F
test,"bc\e`22	P#q*F3|&;q>2vY!_<R39F,`p,*+$_5KRAR"",rq,g0",Check sum is  
test,a4	a@v.i1[.yo{'XZ|,Check sum is ^
test,"r,f4yXRdsY|;SJZ\s&4r#l6E[(""q2;zi?WB",Check sum is <
test,;52F/1xi03%J3xAqv4@}x|2Ait-3Kd+e,Check sum is B
test,"O4(l`~>{zjkNA`
1MWCbo9,Pz*~?6~Hf4",Check sum is +
test,"""E`	=`$Jq)RJUhjY^4fBkk-=qflP#s)e68Z\<P)ks	d)=uj7",Check sum is B
test,2={Z>+,Check sum is M
test,s1_46s7wy]/ XFte]ZGsC7>R9[@L0,Check sum is U
test,ooLUZ> 96St~1ga&n&O},Check sum is J
test,x@o3W.)(cP9)(j,Check sum is 7
test,"tZ(hgCSpTPf~
gEx?*qoB[%LKATS2DD",Check sum is %
test,5zM4+k,Check sum is &
test,"F*ioA
L?`''nW :P35Ft
Kv4||Cy e'Op)#0\xa,0H}xv",Check sum is [
test,"f;DVB	q}-IAy`M_>C%avtR
F(W})",Check sum is H
test,"{\VU8:p\63CdkPF.$>m!2?=)!
",Check sum is Q
test,"*-^M=U5I_`<fJ~:2C6Yimo!OkW""Ms",Check sum is 2
test,"CXrW3dr,5U;	A\I$BT;8P>%No4eI-V26v;E=/cVd#0*>1",Check sum is B
test,"=l(u
u []",Check sum is =
test,Va,Check sum is W
test,dEL:2+*5!{<ki~b&.4_kC+jm!LqD@/o$=u|FUl8N10&48F Z,Check sum is @
test,qRm	+*qS(g;jE,Check sum is +
test,y]Y&|dN>HRHnZ`.O#ZDvU*zGb7.?,Check sum is %
test,3gsvR_<64YgMdUeP8BiQaq/}L-'Th[*Z1Gm]mtD./uzV,Check sum is +
test,WF/6O,Check sum is 1
test,"[nwg)QsJ_E}a'Lg6l{7YH+(]!z!
C[=>",Check sum is ^
test,"AEOuHPr(,c\A@&U5?$QqW{CI5:-_5Tb?GBMTrO1p{9#)&qz",Check sum is =
test,u5pOJg,Check sum is :
test,v){LKb(1gs|2byVGi}o}0N{g	(0#EF,Check sum is M
test,cGp\H,Check sum is ^
test,"lT6wT^*_v,%B{	]?tk
b o}V\/1i_Eb
u",Check sum is H
test,HvpekBwefb.jS@Nn9)v7Fq7teu,Check sum is 6
test,2aCh ^#}|,Check sum is 8
test,"Rx""
<k4rF<0vY^$kp>VY^@vWw<P;X\y>r9,2HvL,.b5Z	n+",Check sum is B
test,"e0""Og{>H%z~Rq==<""tuB\;T*/(~y$A*V1q3;Sv
#zBKR_",Check sum is 7
test,?fKYd=0@LyyN84c`re8C]$s;	UtZxzANIqt_j]6;gu}^C2,Check sum is T
test,"N~vV""r~ k0OM	@5DP1UUVp'",Check sum is ;
test,O0`o/mJ}ob}JpI&],Check sum is %
test,"7t2B
2p^>V-B;qR@s~mL4_yt-'{	W6|8KE=LJRKoF.",Check sum is 0
test,"h,l}WEk'({`nR
)i}HKl{6""8O>>eX3M32jsWxnq9""Wk@$kqGCS",Check sum is #
test,S'gp.%?N<2SK/{*ETbc3v,Check sum is 8
test,0vfi[+F}+DJ2 6s-Rh~f~[?	X<hro+b?v<gJ8Q$)( h48D)z,Check sum is #
test,(ZVp|y^USbctI	>45t;SnDNTWgsE$6e^St,Check sum is E
test,ua<9sD~0`F'N+O<hrc-W,"Check sum is """
test,"&;\#|""z1Ld)EF;jU@m|PgNb7(U-FDNU",Check sum is E
test,"
4Ts_&iJ%oQ?k7x1TV1pH@k8:WP	d{0B)
V~gox%OhAi%>@W",Check sum is R
test,Jua:jTxe3,Check sum is H
test,b^!~%I$$yaI=xMh\/^,Check sum is +
test,"?
!",Check sum is J
test,"!d&-jkUk9d""xc`:vf:b(B|",Check sum is _
test,$EMpkbJlE?En%n%dk/q	$]45n ,Check sum is (
test,"Nm!X08S4,Oo2|",Check sum is [
test,$lAIsyo3 'bQ{A5	,Check sum is <
test,YHhedB#'[PSgpu'Op{a!\v,Check sum is =
test,"e!^QPHr]C5W ""fTgCpbr?%/aFQ[Hkf`u9$$L+E&","Check sum is ,"
test,"""FL?W4
q.#F~2,C",Check sum is O
test,ZMrJW&n(ReS.YoZ,Check sum is 0
test,"%$amC
iL	NwW2gr>#g]_VzA;,]U-E#8-	.d","Check sum is ,"
test,C3-yl?.Kp	=TQ!)'Z<<L,Check sum is J
test,#95~f97'PG\b8TE~ 	)4%;+?fO&y/tfT@LP!~I,Check sum is U
test,"]diZ|#b_05[b`yZ,gNi",Check sum is #
test,j%;KKGbp-d@x-		H+wy6;e,Check sum is Z
test,UD6?:%/RfDA@#n|X5of0>'Ca/;%Z=1@9T#CmN#.vM,Check sum is :
test,"VCXd.n\YE-Iu.""fE*h=B-q6_T~SbKbJF<{u",Check sum is %
test,"HI8IQ936l{>|%w?&9K,vGg",Check sum is [
test,"E	<},o\.[RGiUWDm%pI",Check sum is $
test,wc@V$(D[c# ,Check sum is !
test,"'3K
Fq%t'~Z",Check sum is ^
test,"
|CxKx`q1",Check sum is &
test,V874,Check sum is Y
test,r%p\Pa c!k RD	\8>{f,Check sum is 5
test,s)_TS0(D->^!;7?m)bI,Check sum is :
test,"
P\rQNsTmK~73wrD!+}O!IQgWK(-?{Nsxu'&`2N%Rd`
L&""v0D",Check sum is D
test,">A>#
Jx)",Check sum is 5
test,"i~$Ufl F
a_{|Z/Y4%~Ch);GV49{;`-/m&r@",Check sum is B
test,"g-b,P8AyOV?YJznY!cH4<.48U(",Check sum is _
test,8=JW2R3Yg]Sqa@:p59AN#;U3)wF|\w?L*,Check sum is &
test,t_&ki%C}wlx|Lg2J&52LY}w#3f($rQ\~sN*6g|^`YF,Check sum is D
test,"f~wv9&`PYtO'>/RTP5pO<IjwiablNvE/f>$Boz9+Ap
+m",Check sum is :
test,"7e
bUpkn6;m
99Aw|uy$,`0u9*A:UM",Check sum is W
test,BCqWy)Y!0oR<dc&0*iwpTJ,Check sum is +
test,"Pok-Fn""]gi",Check sum is :
test,_nrtTKbmLeb5,Check sum is I
test,(=L;zlcdZl(!Op} MxmMOptUeT}l(qh>4Rd>wG	U)4z~rByb,Check sum is 4
test,>-%RH/MgMF/Vev	g=XI-M,Check sum is (
test,3~wI_@|3r{lm$;u{.?OQegSS!YPsu7z-i,"Check sum is ,"
test,"m`|w YG-_iYH+)saLO;
?_Ivq)cimrj~23]e\Wp7/\{ IFJ",Check sum is H
test,e`M@`;3mLp`0MqP;~ :s.N=]C7.2]p,Check sum is J
test,"Y3l<FY6]m!]""Hf	`T:0*>`og eN\5rX4",Check sum is (
test,Ufo?<B7 /T#xE?MtBq>5C[#L]lZA%TQb^,"Check sum is """
test,+B{K5xFK<rUSs_MP,Check sum is V
test,![(,Check sum is D
test,"Pm84	WzdR*Og?Xapq""N!$f$&tcW\S|LR7/",Check sum is T
test,":t-g
'}f&}9Qd5DW?s%F?&:}+",Check sum is ;
test,d.dJCikC3A&&lhZco,Check sum is :
test,EdM8xLE!X$0VSfv]A=I ?-*K2 m'=pO(SN!+,Check sum is E
test,"D=?Cwl,HsD) ySPsgmS=>R%MK'%'#/1""Z/F>-	(/`gF<q4",Check sum is Z
test,"mJ\ku}*zJ2C[I03Hy dsxxq^|_Z2^0p|p[_mu@R9n""vInU&XA{",Check sum is 5
test,"5L5""Q]w",Check sum is ]
test,"AhIP;5v]t(.{g*5~$N#l+rq8>7~""bnj""rjL
Td"":m",Check sum is Y
test,$;s\z;k,Check sum is .
test,te\qN`coK 0M,Check sum is .
test,|=&Z$yL+pB-Zg[.&v/)iE}}|r14@xYif!9PY!i4vOuB2~s(-,Check sum is Z
test,zIKpB1T\L$AtxPSR<35y_>c=h+#IyPXAZ,Check sum is (
test,".qN1x4{^xA""iVj]r+sbq3kpivaxZ. t7+CQ%dE[pG",Check sum is ?
test,DS2si[3)IUK`/5^!['dj}:-Lklsyz^aBsj-DQhLw+#?{@}F,Check sum is ;
test,Iv>zr%/lNrn.gY6eD=rk`3k,Check sum is \
test,"A""F!C7R	",Check sum is ?
test,"	I0BGBb;@lti4Io&t%:
ym7-ShY:.`FceR:tE_ Y=z",Check sum is J
test,.iJ2bG\-0`[G|DX?Y.Sa,Check sum is )
test,NUo3v,Check sum is [
test,	Q/~/p{j{xd?vb1TTyL8gr\~*BUA,Check sum is $
test,"C&Fl YCg5QYc
C}*0b&}{U(NO%(}5dE6W""
f.M*J2b:%t",Check sum is ;
test,"XUEe{^TPyvC1>=0
:?3q2=Z8eme",Check sum is !
test,Fc;LQnE_9RmJ0g|E[P|#)JQALN*|SFY-(,Check sum is #
test,l#,Check sum is /
test,"H8DqBRWs'T7zb5,OwBXB+<W%},$",Check sum is 4
test,"R""/YHIhe3rIXXLME;""UIniUPAA7awEvgo,_G~m<s",Check sum is ;
test, }A9xQF!|<Sy#'jzvtIa}SQ. >wW:,"Check sum is """
test,gMPF*aT.}I}!EPJ~/;w*QN>hp.55.nSJAfSEp]?MnxB'EjO,Check sum is .
test,"$jJ^g2dZ{\57`TF.*VF5p^#Z@H}{}afwI'?Y3#
"")"" ""SYm",Check sum is I
test,EB\oFHw=0lGg.8bD5D#'Fg4b&1M5lKOhcI,Check sum is C
test,"i!`'Ek9Q	,
vXp?H7f%bRm&iFKV/xP~6o/oORBT",Check sum is 7
test,y%_	AT)MNhT{Y><oX\;ZA4}BgE@p.V!~f{cB?fA!,Check sum is A
test,"4
",Check sum is ^
test,"7h?Mt3={O""-:CA+gL&zQ\O^oa:`N?Z)>_:z",Check sum is )
test,"zGax$S8eg""64GU>Upp[	i1^j6=KF]+]t
F&3E!~HYaB'v+9<",Check sum is A
test,"n#JW""%c-""Lbw4k 0!<qkBi|Ex",Check sum is <
test,%yv4<)Bm/^;Bn}(9J=!GSA9z	wh'aTNI,Check sum is #
test,"zMc1c4gP?b2-[tT!oApOgSAKpZTk	w{
",Check sum is P
test,"u@	3vMjOEh8Z1_yBBk,x{4;Q[knWIB#{K@%$ykX",Check sum is '
test,">XYz5f,_CHH",Check sum is B
test,R.>0cX+m71$4kqX^_uY8bDveX_.zQ=	^F.}7q:ZsYGH,Check sum is 5
test,15,Check sum is F
test,gG,Check sum is N
test,a0'WG'},Check sum is Z
test,"jB &

ch2^=SDrQZvKuN<{ja""JV1_&oY!#$L[fFGETQ;u",Check sum is T
test,"Sn?W']x$Zc,
wkTTr!u|U*6NnQ/H
HSE3=C""I1*uWuaEeeDj0",Check sum is C
test,"P@'?6~.&_]9s9*d$I57R""}",Check sum is W
test,"lBN
Z#\)6{vr<G/\^j",Check sum is W
test,"u'}zz<hg_V5BFzM?vu/1'k,?'0$fu.{%X(	!7
&'j.y:0x0",Check sum is 7
test,n>>PG,Check sum is !
test,"UTei 3zq,_Fmg#'[y(}Kp=5{~'GfPb Vms",Check sum is ?
test,eE3nzE?sjox[2N9b+,Check sum is N
test,"YHyZ4a9P4\`OH[xpj""O]{R6|+9[h^h",Check sum is  
test,";O#qji)dE[:yY4s""z""j%""P&W,M*??x8GZfuH%)#;T<+AC|)Eeh",Check sum is $
test,";njXsd'B-KM05067oMl8""AbU.7`uW@Em^KvK
ndYSd#~@",Check sum is F
test,")`jqA^[u/
ps
n	4^#.D0q\/se#_t>,tH?V%9rR7Rb5",Check sum is .
test,"w+= k,""G4k+'$.(xp7^Ck~Ie~^VINoJ+:	
^v/h",Check sum is F
test,".wp/,]eV-
[TT8e@bX,	Sow$]_/!2.O	|wI{fY",Check sum is E
test,"iuvr65-X+*""o]I>uaz	=qUCNY/da|k",Check sum is A
test,hsZrc&qn&*x]eb$,Check sum is ?
test,\E3<ibR[AE<RH0[2	+B;tCZwXyp`h=-=:Qa,Check sum is V
test,3oR}cc//.kUY}=CY_eU]bf;Hn`SiR9?.v'I@db%$eZ7a11,Check sum is C
test,SJp:,Check sum is '
test,Kgd)GA8eF;TlrMT,Check sum is X
test,"}
1y9A= (WEB]f+
+_X+s5D!wADIX4Ikv",Check sum is ;
test, sjN[G.;rSGTe c@	BlhGV=DkIzaS,Check sum is ]
test,:qyB<?[U3,Check sum is $
test,v7Qae	S7i7}+ojf4`O7,Check sum is X
test,"%`OX&d=3xHC7Ss/*!;2zp?usk|_.<ex""1G_Pd0_1>i""6",Check sum is 7
test,*^?/pU?|aEz@>I.14Bk\}lA`=AT,Check sum is 5
test,"Mb,E3wsU&;}M3y;Nm",Check sum is ?
test,dtN]ixh)P/r0fo7I3BDPEp~kcsL?r{*Z=/feh)+2,Check sum is )
test,"_PX(""n)B9OdeD*A#&y&,{b|$X@:W2.O*
@rTD",Check sum is 1
test,"Z=BPNeKz8!IQkF]O;RKnC\/&?}Z&1RJ9f	,dx<wdS!Yz`:s?F",Check sum is 4
test,\}y[t~h+PW<uyy_0kG,Check sum is ]
test,<e	>|Uq_sw#Vl3y15	-Fq$_g,Check sum is !
test,"N[|zRH#$!Ci<$8^ZUm4JS_u7j3U9
bJSHf(*u$
X4S",Check sum is Q
test,gkk|Ex)0+H]24tc,Check sum is <
test,EM0J<-$ Tr)6fGv>::]&< x|?YN7C]MQbSZt1j2*`,Check sum is [
test,"o7%R*\?>=P&""]Uz'~KEp&K]xJ'7h4kL}rYo
{Zz5{rfRy7	",Check sum is J
test,]Oq0]hdHC!i,Check sum is +
test,"eDtdBexrgq`I]q""\@@?
rc",Check sum is ]
test,"0T cTzi~Y<o{#WRe7_j]c9#""!DY._.",Check sum is C
test,2{mQV=2!pED[2D!5	|&Q(*K@P>sKjuewr_zn,Check sum is *
test,"a!@'PE!}r#DL~%
`cck%kyJcX]Ux$PdW;+CNE%p\g%sK",Check sum is =
test,zYB(paXExWC!g<>T8D;>Im>Aa?{>04x$?WnQh|])W('R!)a,Check sum is X
test,",5tc&E-Ri/(TFd>{P[Z[7?""Ck~6pF.ILz
@.N",Check sum is L
test,6RJ2M%a+,"Check sum is """
test,!btM}*x&]@?:B25rA_)34Mq,Check sum is H
test,"24FU{jS0dyzlD$
Zt.1H<[Y.Rritn8w1WG0&",Check sum is 4
test,"Atvyu\ww*]SeyeE#4,E$Wp	a}",Check sum is ?
test,0Y	U]UR&l^AnA{u,Check sum is [
test,Tdz;]rk}s)wL{nEc!h;cP9Ba,Check sum is G
test,"	*cD)(2UF(7efp!C N8Vklv}bYf1,IK%4C}5jKq	MHVkpQ@t",Check sum is 6
test,"ypG3AhC`Ll
&~I]cp|hk79}G7T_7'gx(gp&[EU[FsAOG1o\",Check sum is Y
test,<$33V+%#mbi{}6`{Eg)lR:co,Check sum is O
test,am,Check sum is .
test,(uwg_%8m=5pX){e;qb 1'/IdnPL8a<q(0NSO[t;,Check sum is K
test,"DS6=\Q[,!g'|\SPKi8^ys",Check sum is >
test,"fKy/WS6$+NE#@+(`ps`(DI/
ctGdw
JrN",Check sum is O
test,zfsz9*Gl[;Nu@o!$q8Wr/t^I==`'Q:P.!:jtm	\wb=l`:t,Check sum is 1
test,qGy,Check sum is Q
test,"8` OY(\Q&&t( c#=6kZ)rwj#HAq(P'` NYe,VN",Check sum is /
test,"bMjyHelA+Z\il :o*vaU(BFRv['yLpmd{	r""i?N",Check sum is /
test,"3|u)Pf|x)V_c5f0D<D~o]}b`PRM""Un:""vM	VHp3?KZ`",Check sum is 1
test,K%E6|g,Check sum is .
test,v&M&,Check sum is /
test,"%{&z0#RvLz7,HlV)|)x)2C",Check sum is R
test,"(w!	iXYNIDwX.E7 /*a B%b6dO""6}[2""z[7TPBiL
$9L/",Check sum is P
test,Xqh0juQ@31|cm,Check sum is !
test,";fnK\$PBC$R2_m&>%9`Go""$,-Mg]G}P?w)",Check sum is >
test,Nac<=c#,Check sum is 1
test,78dK@84v=|z )+iw,Check sum is '
test,LeV4c10'88q	SFw>7,Check sum is 5
test,Xhge] !Ve'BOL[A<0t^D&~>}Ky,Check sum is J
test,}0\zS*:K$`n,Check sum is W
test,",I|-:<IJa?G.1\:|xw'mz|if@V&+}$p\Po>j{uDXpzDJ",Check sum is &
test,r}Ex` pT_[cX*0-UU%+Zx6Nqb[I&qP=^$%boB,Check sum is 1
test,"_dMd\832Fx7	1r9]y(,|:hS
q;Bmj$|AYPHv7 ",Check sum is 0
test,&#b-,Check sum is 8
test,"#R{sc74)E1S](d	YZfM	+XV.+F""T.w<?qg#
E/",Check sum is +
test,"7_?O*}d[Qx\}?ghxs6leLn!,6;K",Check sum is O
test,"seCzZ:yHVqiG:Kt-F4-/Z3,PN_KtfFL
Bl
ElItRiEv",Check sum is P
test,hKg	l_ _#LF(R2H\zNyORJ:ue+wmsF	rf,Check sum is ;
test,"/k#e{cI#&=c9=7)?@QbncHWz:-q3fGaO zjv%
arO9|zWzu;#q",Check sum is ;
test,"Rt""STlV'>XZwM-(#9,#B>?RYq4ca-+<^rE$%V?$",Check sum is J
test,"t`a,1uzZf(Q/;O",Check sum is S
test,!`/~,Check sum is N
test,=0-RR8A{SQA01)4pdN4,Check sum is K
test,BEEO%vbl'wz<E1a{Cr#CGv-`]@q:A2>ikSS!NEy=du_&SuCzj,Check sum is Y
test,"Ru>V|LU VyqnQ>R4
$;a2FNy3j`y#g",Check sum is D
test,6FYO6qpB|Vhi!XVzJZt8}ukaR^UY,Check sum is 5
test,"&3qB|t'o]<=4*(NFD
f",Check sum is V
test,"]DFI.vu|XK <r<QJX%N2f9t3N:cPFg4=lq'3dW@B%AY!_Ahu,d",Check sum is *
test,"<4	l+
-hR$Cd@Av
L@GE<373Rf*Z$Ey?T
(:Xhm7SP%D",Check sum is +
test,<X]7:|L\:p{quniva]C,Check sum is ?
test,:>`P,Check sum is H
test,"Ljp	Ho,>S-}iYHPOyo80",Check sum is &
test,"k3kC2-
^",Check sum is 3
test,"K-Oy+""[2KJ7%*C{iEyX6""LjuTA%
F};:
,'H.UI$Jo=vB|",Check sum is P
test,-0'Dz)4<$Gga18	P*6rw5m2q_2Un*[:L~U!1G1xxcDIALi[~t,Check sum is ]
test,tk,Check sum is ?
test,d2@mZUqy`sUjACBI]VlJ&0?SI3g9PJ/~]t]\%,Check sum is @
test,"T-1f^V?>#\W*hw
iqs!kD9s",Check sum is [
test,Gl!P[>,Check sum is ]
test,"1l_HpV=Zj
$_y+f""gI(L#|_5,YQ}VP\@{t
aNDLSK3lI1",Check sum is ?
test,"gbdl3gpxMCw;|G1`$-
n7",Check sum is Q
test,"ity ZPDregfH'O(:p	<oqY
iecwd=",Check sum is I
test,")WY8
hyOB/e",Check sum is A
test,"v8|vJQhv\3c
*{6""LWP]$A1vc",Check sum is 1
test,#2UB2z9v`N~4TozcNN #CZUf\`u- KH~,Check sum is -
test,"~{E v{tLY+>""`\KeAM8,@",Check sum is 1
test,9D?Aq,Check sum is N
test,"zS 7	_td]tF[!{wF>oF5hp1(9T6""<W7+~m+<($64%67t&!;L",Check sum is ^
test,m83ouh5z,Check sum is 3
test,5kj`kXB 9)u	hT<,Check sum is G
test,"J _=yuovf@[dd_ku/V1&xG6X
iMe7[N>w/b&lB",Check sum is I
test,%~UZ#wU5ECu.8WysD-Z+PLwn?vxMD]POV45ZL_XjqxFNSk,Check sum is .
test,"]""%s&|$TmRUE+PTB7GbdA1!C3x!zSh~<Ct9zu&J	]",Check sum is E
test,yj,Check sum is C
test,"[Q
D$cffc093Au5|[\@psNc};\.=E, ",Check sum is .
test,8>X5^a'-xu2lc,Check sum is $
test,g	^7j,Check sum is O
test,Psv|W0cFM+)~' (;#`n%sk)i'R_bCS96m}mV:	h-70,Check sum is ?
test,*o,Check sum is 9
test,"X9X3p`[6AIPbhO|^5%@Tx w`
gk>+uxRU3~7OZeT5",Check sum is _
test,"n).,LdLb!<d{CKywxlXAEccJGE`RsAb#}D0c;aQN	e2t",Check sum is U
test,"X?MKzx9r[jx|(6W""um#Wq8Ged<_)^Lk*vOfbHPV#hA@WZ	>wV",Check sum is  
test,@dkL06jpmx7dx_,Check sum is R
test,bT6>}6{|L!'3,Check sum is ;
test,"6l{}c""b{aD3JmR""@hz&d[gI/""*t33M$'!fR0glx$y,]0",Check sum is -
test,KUdy#!|MYGC,Check sum is M
test,"p3%RDj'+2>M#yg3-ZtGU9>SF(<ir}9U/m87+`QT$v""mA>Ok6J",Check sum is ;
test,l;1(	/R;=;@u`V(=^],Check sum is (
test,"6 \U&?_iCyjQvvey%
Q",Check sum is U
test,`c@/,Check sum is R
test,>KU!j1^U)=1txtD	-+JE3{,Check sum is F
test,9J^<C6A<}b!1H${mTg14)i$= ~T0$~$BJ#d,Check sum is F
test,g#:45	!x}KZxZUZOQ6[}N0Z!,Check sum is 9
test,_	I;_)aL y !s*hlJQ=qu3RWq58u Z&!ClL+7O-KQ;,Check sum is *
test,"*47}""u{n4G_TPzGo{kn!	:-5t",Check sum is .
test,"XJ2:A@$yG]dcPA*2[iW+|ImSO2N&8+t""JFh%@^G1bV`(u}%V",Check sum is =
test,\F~u.W,Check sum is :
test,"4z6F?W|puS$6{t35CS&,n!Q;c&r^q >HU<",Check sum is I
test,X/@#M;$	$QW{6cB|$&Is8bl?_IccmLIZ,Check sum is 2
test,"SgHpbhT{p0""5EU=(n",Check sum is O
test,"
tgctPG/hx[NMOE4yGo5HG&+D)bDAP{*vM srEP4AU",Check sum is 4
test,":u'GORm	hCCQ26BX]""!7!XV1at2y|duz#U(AdSJ8Svz""{4",Check sum is )
test,"_Jj/v8b,18p.WI:o",Check sum is .
test,"l,mo-=|i'jmA4{3TLriX",Check sum is W
test,"L>Q^quruK/AH0\RWXDkmJ'A*2J5 ""TKtX3RD#`%z.EXWGQq[",Check sum is =
test,"}'1Iw1r9FmiAz)wu	uZ\)}qEb+'xw
x?;;a	<Q7xE0\7iF8y",Check sum is 5
test,"5K9MwOW6[vh5NLRP~G5),I@-udA|e21*X	~^J
r?kAc1g_",Check sum is 8
test,Z>j9M?`\o&gV/[_j,Check sum is H
test,OvXK=PzR5(/+qxI/9ICu-ZaB,Check sum is ]
test,(m\NpD%@ou7af0Z`%]K81{-	/Eu4\L	Nu>AU5Kny,Check sum is 7
test,;WWGM/R9a8M,Check sum is =
test,&C[1oATCz	ZjFZjlu,Check sum is N
test,.l!/EYM,Check sum is 5
test,"'H3$^*_4""A6#:$5)<+DMO`b[v `klkE)J(= HOyZ",Check sum is <
test,ZSh6h0h7vP=ci+(q=#V)+-Io0,Check sum is T
test,qDTsF(Z$7_iE\<QZ^UJ+M:,Check sum is >
test,"<_&g=?,Ic5&/C	8zJ",Check sum is .
test,"4h[#v5
=(H33 H""i1P0H_{J|$~SPy!cr;>",Check sum is ;
test,"BI[{7=TDJPLpEt
$IzoTS",Check sum is #
test,"xZqyl!bNGY-|-;
)f1qS""1P&J&JvC(SfK",Check sum is @
test,GxpejOm<kc>0ys|,Check sum is :
test,"*}jaGY=APkP13

n9)teHp(cjE;5W",Check sum is U
test,"]+z+TR	|K4Es$J,ojQgkIo?- qKPT|[H&h``Gi?wyivn",Check sum is B
test,|4eOuD!0g,Check sum is 5
test,pm_T8PYK,Check sum is \
test,"6bp6q[1 hZ3,$`y~g2 QN
67=-=2W`7Bq u$",Check sum is Y
test,i~xW6_Qw8}2Smt{tSf7Z07>sNPYLLO;I:`#lh;Y3&,Check sum is ?
test,"""	rWA(`giGDF^",Check sum is \
test,F`0=D	 Hfz<^L_pnj+|3C\Fs,Check sum is G
test,":]um:
}o.5%;<w2yhd{`:,=o~T[=Sic*Q/x2:7)jM",Check sum is Q
test,4z1vFs:gRFb-2[z=;z61-+5y^J=Xs,Check sum is L
test, 5OZ,Check sum is ^
test,"DQ$""?BCr]~l@dt2>mWBw:ofyh_!m",Check sum is Z
test,A@k HkiD$,Check sum is 0
test,"S#fR(d@08;4*6mZya7hpV.~ ($ - 0Rzo	9,v	W",Check sum is K
test,"nwB-L7{ }?FAv$. ""4,H9;;:y.,
",Check sum is M
test,"nbHk{F1;IMo`Y_Pr3""B_bCN,lTE8m3",Check sum is !
test,j|R<nM4uo42yObAIV'97V&}o7,Check sum is M
test,52C#<-F8pLcss2LsZZ@s>I+vh}IVB-A,Check sum is M
test,"$
vc	`_9",Check sum is (
test,"Q""v$
8L",Check sum is ;
test,"_u)bO)7]IXq6*w\tBwb[R)fKvWy{b]Ye8h""8v4D5""20#*n[",Check sum is [
test,+?( QY.@x1GAo5[MYo@->%	]O*zWA;L!)xb,Check sum is [
test,%EC.vX)x>R--H'P^Np,Check sum is /
test,`sDt'v'MyD%F1#E&&zixC<>P{.}s5jHYv;6Xe,Check sum is .
test,"M7< t(WcaR/v@.u`EsUV>_'n
IO8",Check sum is  
test,"m^[4;(~Zpgk)Yv4%'^T
i+a=O^-P?=8",Check sum is ;
test,"XzAy`
:p:2Ia",Check sum is V
test,"_$yu|&Kr~4y-n@7hs,w	EH]VTP`bAt^!+q8qTq;95v",Check sum is 7
test,"^R9E<>,G`og",Check sum is 1
test,"IbYN%A>,nWx_",Check sum is ^
test,"k!5/fiq)%[+dD,['a.1D^-T&	TL","Check sum is ,"
test,">tpt$<:&2VV6J;2yT'X8?""Wwi'=[=L6 RWk&a	a9KI
Qc|fT",Check sum is A
test,a-Cs',Check sum is K
test,"Mf	u17{
F1^?c$$`7L.oAb$M'(8\M<J>",Check sum is E
test,"+9b
XenyX\[69zmaL=H	r{p$V",Check sum is K
test,	06xQe,Check sum is =
test,"T1'+CCt*xD3'?>LRWe(av.~mulZM]""p9`B",Check sum is 2
test,<}Ye`_Sgr`IKB!,Check sum is Y
test,"Uw(nbdE
\_W/wrPuz$@<# qk",Check sum is ?
test,XCJHeOm5&`!Z2KjhB)63$'K,Check sum is ]
test,vRNS/{/|Cfz jlfE+?_Mo\_^iQ70\qK.<P	W7N8,Check sum is P
test,"hCTsIg)m	x,XuP[V4TD$frh^]j",Check sum is (
test,"ZInx0tLX'{J=8@C% ut,IyL\M",Check sum is &
test,"ytXc,i?HhSa@m=;S95
-V/~~",Check sum is ^
test,"G
9U[<lP]&pp]|al~wi6:4mL=z4S`j~C;bvn]$i{'","Check sum is ,"
test,G{:,Check sum is \
test,"""9dLyeC",Check sum is L
test,|yhm,Check sum is *
test,"
JN<H:aH&Ayz8@+D5uqQ[QL/(^z295""Y'KP^^7S	}m/`DEjS",Check sum is (
test,.J8	e_> DEmFn8,Check sum is ]
test,"RQrJ""a\c~",Check sum is ?
test,tv)=C(VC/O?R!#a,Check sum is (
test,!AB3^h&iqoT-h,Check sum is U
test,egZ0kZCd@S(M$>PT($-q<r,Check sum is H
test,{naqYYH	A[3D1>!1j8)Pz;//F^l\jq\xm_9:JtC,Check sum is ;
test,"eBN+e,s;6.F$:
XQ8jM",Check sum is )
test,(Mfb95'V9T<(<?^6jlE38%f8Y,Check sum is *
test,6|)j<5[`8!Y< t*}}Ss\(t,Check sum is 5
test,"i~wH=jV0$5}
?~
shy`n	>'3:",Check sum is W
test,"m5FKE:W|uRT\! >0p*jAH	,j EH(YCp",Check sum is X
test,"kh0a0""]}",Check sum is 0
test,H#>06@GN\&,Check sum is F
test,":
y$NhyVsC^2~bp yzs7A	$ }72u|_JG2""Ac0NY{R7;w",Check sum is 3
test,"O5<"" x.",Check sum is H
test,"(#{6\-m	<~
B
",Check sum is +
test,m^M/#=/g~LS	c +]~VH	> ,Check sum is Q
test,"%aN&jW$+P0tuLhbBgtu-\=P<Bw&
\KWI""vDT|^",Check sum is G
test,:(,Check sum is B
test,"%H\}NrHIq%II0!1cPHX"")7irv;%|9
'q{\fJz'Kp7vX^vL#L",Check sum is 5
test,"m[?cWyx/ry$G3*X)Yg]je)*Obi""Y",Check sum is I
test,"(I
blc$%05",Check sum is :
test,mh-j]7m,Check sum is M
test,"bA\z7ryjed/R7v_0""r,_?qecL<_Mb",Check sum is X
test,", >t|0(u",Check sum is '
test,"=NvE#av7Z
%i84$goa0m]fR	j",Check sum is 5
test,jGv#2	>|!oK.G-5.9!c45|~|a(]}#`))h=>8j&%WXY2G,Check sum is $
test,5*tzWL\_#`z%r|,Check sum is [
test,VQ$,Check sum is +
test,"ZYs_u9dzcm`_J?2rp#,tMn&eS+.KoP$F",Check sum is F
test,"e00ge0t:kv9\'foG7(:X""",Check sum is [
test,"x|)$b$%
n))#{nz=4lDQ1~C%Yc`UxQ"">-f(nVFy",Check sum is =
test,m} wZ|!&xDt'qxGUr]`j|'%4Sf\bCOt4iP}H@x{qv7x,Check sum is '
test,8wfV1?02mB#EQ6y`vXn~/~?&]2 77&(nH|A/b5}>{O<(+,Check sum is X
test,"Q=*r3j#zaS*[mIO]P}7,Q-@b'a%D}s",Check sum is P
test,"!9Ag&'*%]`@ceZ?4wDK>VneFs9QI}q==A\J""~6r'8/?F",Check sum is 3
test,i^},Check sum is $
test,"8IHbD]4iP#1+l:\K&00gb
}HAnjd9kE~w'ejKTVjI3lw^xI6W",Check sum is >
test,y-p4OGPYNh],Check sum is <
test,3UW/	rKE	FJym=^|5+iH?'\b!,Check sum is %
test,"scll:
A",Check sum is S
test,"2<""G~Y4
pA*",Check sum is '
test,".%Ye)=3\6=""?;6 ;X#ffu$A2f,,LWUr",Check sum is A
test,"=qvX6pL3#vWnjz0oG9*""W>|n `@>",Check sum is +
test,)'Qp9XJVTrpLEWLSZfx_&9TNEXJ0%5~btTsU= z:,Check sum is )
test,Qm.p[PluqFz~WY	N	Z/51h8s,Check sum is I
test,>d'AL2#VVUv&em2>9X2[C4an3QurdJ23dWU{,Check sum is W
test,p Y;A,Check sum is E
test,"7Z!=H]VS7do{H+/WD&%'
Z?#wAUTXL*y7l","Check sum is """
test,6JY7b'jsac&fj|Y)jgF(rUZ:f.@vHQwnBcAorhl]5)9Z*^w3]d,Check sum is L
test,"_[)By7,vk<",Check sum is >
test,"
*j""mU@s[9:#'FDwW""""[LbZhRS9Ie7{51t7""sA]t+EX4-",Check sum is 3
test,&Pb>6`4z,Check sum is :
test,W3=xGqQA>Qn6.j3?r%,Check sum is =
test,Tj-W,"Check sum is """
test,Nt\n_6:q}/EIe{+GFV1,Check sum is E
test,R/3sD NT` M(DGgo1g>#2StH3gF!o,Check sum is M
test,"r/Kz4q):uXE0qOFb
\_ShfA0|ZFwqf*bHB&BW",Check sum is N
test,"Ed}y12;f{/ a,}D+}CZ[y~pZmlIr|DEZruf",Check sum is <
test,a0l>vLIS0J,Check sum is 3
test,?<O~1w^e6znVVzT!*Q|>,Check sum is A
test,egRbwZ5N>uG[kWHVZlg5_jw!)&n%F<1,Check sum is A
test,U	k9^,Check sum is @
test,)H*>UF@c:3l\B	lNaW(4pK	LRmUz_s~pOdu,Check sum is K
test,\*0BpbWIotJ$x&dQ @$$ja@PhHxeXV|{777zGd}Rk!$a*0ipE	,Check sum is N
test,"u~ibe""bF1 (a$f^o_eEFd^R'/\3Y)IG(w`,]:<)0cO5WoKP{",Check sum is 2
test,pslN#~GU^%ot()):U_,Check sum is H
test,"N`/U22|7@/fjA<.^RY{J$-ZLJy`ew
h^",Check sum is '
test,k;`XcPNafYeViu}Y|}:3_ezk$!fFF,Check sum is T
test,}HE,Check sum is *
test,"esd#\Pb6{
\li=""ETf.7_7[PXc",Check sum is 8
test,eApn0Zl| #iJw;2)/Bk-|`EGVD|B=vRHd0-^,Check sum is N
test,"TFZn=b:o	[s	Sdo'@gZi_,:q)=",Check sum is =
test,"!NS!])[N
\""l2nx`9lZ#s[~fEJDR3`>(/w:Oe<Y)	{o""(P",Check sum is /
test,%u,Check sum is :
test,|u}QtFPKL}`Im};C;m0@)VbVC	O[:!:,Check sum is (
test,"ux_E!<{;	=f
(wA'`UaHE:vO/$hH_un(mCm
_BTKFG
A dR:e",Check sum is D
test,"	uskO\Yxm+JET`j:PxrL@_<Q}(>SXIozG,YRp(	",Check sum is (
test,Bkl8x,Check sum is )
test,CSV'	|[L6q=0\Qx57!7/9]9wSMa	|2@ThR(XQe:(>U,Check sum is B
test,"`s8}#|s7tz 4X>}qY
Of",Check sum is O
test,>{ZWf<M==2x).gx!G7.E:LNF$-z \`\,Check sum is B
test,"^`PKOZoZ=,+8Ql;^/_je>GyP|B>cB`[ni?DZ9j5",Check sum is  
test,"e2&K#fIb(/Z0z""8-v:rx0|aeaA7^L.|ZezN;S(ES0Y<",Check sum is Q
test,"S[O%~PP<[<D""Dg4*Jl?#\|94aU",Check sum is 5
test,to,Check sum is C
test,"X=SiNo63]xp)/Pnugwhjaw,so u*",Check sum is <
test,"Ph;Jg{ZFw`v{d3e'q	pE@MEUZ3`cH+w""[#/++ofo",Check sum is C
test,};qW$VsxKZ@bf)2zaM.hF,Check sum is Q
test,"Ezv3X^nj1Renc,,tx/)_XV6_>^?pY|n&BHI2=9",Check sum is <
test,4Y,Check sum is -
test,6aY\c(;]KXq^2l)K6TTpeuWA,Check sum is S
test,"Cfz6DT8S3~M
[lp	T""f+_",Check sum is J
test,Lvie};v]ACIcaX7[K^caq)8,Check sum is 5
test,".m	2Mvhl'OF~X(<F
xVC<[!",Check sum is \
test,"XA]&wRO.>$>KbaKtee`U`UN4""*q:Ku;WT6",Check sum is 8
test,"?x\fGq""I\!RY'_S\~M$~C@ZB=+5}9bz1dHh(1~2me~rSGt!v",Check sum is I
test,"$Kfaw,yoh3(Pm[G(5_(K@1^""I-SxP[?DRK(dNE{uKUdh~ >",Check sum is F
test,"6
IeLi!%?wFb
R
ze%%l)|:U",Check sum is V
test,^@c_\!7Nw.D,Check sum is +
test,2x1~ SXH}0gmr:cXbV)MGXt2=MLkM>d!d(>H,Check sum is J
test,"8!N?:>YG{ dZ:wD,2#sqwZ+`$P8ye_2Y-6R:
	*:mSVt:",Check sum is K
test,1i}5R]_T)am.)*C=*gD^?c\4n,Check sum is Y
test,"`<bcyG
Pv+uM",Check sum is >
test,"h;psT Oj'""Bb>E3mxS+%D6Mk=MT",Check sum is N
test,{P9	Ep1q|/H!7+V)kCR:;,Check sum is .
test,"H.2k270H,HZZ
xCSm",Check sum is A
test,SO\&o^PKhQ.*keg_RC,Check sum is (
test,M%1:@uS&`%Tp	G0SrS,Check sum is L
test,"Pq1	tA:8U'],",Check sum is G
test,"(k18_E:y]mm/Z|IM5,vHOmBm:",Check sum is I
test,-<Yp%ix}rFx}K,Check sum is M
test,$v/)6NE,Check sum is [
test,tw-2*,Check sum is T
test,Ae,Check sum is F
test,"|/r#FL%whq^AuDw#16z>""eePnOG0q7tHM)|!qwV`2gZ$`	vIL",Check sum is H
test,;uy	GPD^jrja,Check sum is 2
test,Mx{czUBPSi<e$xQgaZ@Xb+luXljg`wi?0,Check sum is Z
test,RLh7a z@XWO}1XkNG`GV,Check sum is Y
test,"ac0MMhQ750W)G9v7d]j^b""{wKcmQz$*^olh5nkLSpx!eAa",Check sum is A
test,"k@5[	QZW9RJXUU)J""4Ui[T;""A~S;;S%%RhP?ghw$=CXkzr_H/M",Check sum is :
test,b9vr,Check sum is #
test,D2Q;3k{C|`sEO<$R2ZynemQaC,Check sum is M
test,"*VmO'et#""^z62#5FJ5N6+Gts,2dL7HdWuSHlq5KW1*F,)x'",Check sum is <
test,"B
8#2C;=U#
[h)=
>Oi?s5}I2	RhCtXT>3YODY	h
OGssa{",Check sum is -
test,"c%H$X+[^
!juO>U,>9SP<69/!U2[",Check sum is _
test,^yvgZYu/g|}:Cj,Check sum is 2
test,G27[3	?agrv}\M6d.N,Check sum is R
test,"nyRe_9T?""?UUJPL#,&c~%1n|%:!
#",Check sum is ]
test,"^4*U<g<"" E/u;`gt9{'={U|>7Mjh",Check sum is )
test,"7PKm-2=3ZIx`gg""Z~IS}y	X )BavEEhm+2<Biq",Check sum is Z
test,Awc\,Check sum is W
test,"1?9i""Lg.=n}hh`o?0:M",Check sum is 2
test,"/81{aXQFE-{))/Ymu,>2_-K}?#KBfjA}o0",Check sum is 8
test,McJ&@Ig`xClFIM6]NM\q'S+l RGv~YG;BdAM,Check sum is [
test,"s
a>Z	|{wO8.x(nq",Check sum is A
test,"A
y(dUVRg\]InC-vQ>* vro9e46e|}>T2~nfJ?~",Check sum is ]
test,"q(9iEdvEv)YpW""bY5:O<N<aS0H\s++U0MbGz",Check sum is %
test,>;LP_pM,Check sum is Q
test,X7ER#sb!Tt_D*,Check sum is 4
test,jR8TsL9c&[)gm`-FrW'9*'}i'^@id$9-&96sYk* ,Check sum is &
test,?SJN.wQhU*=ax,Check sum is =
test,'96K2\&[7e`K$9obv7Tv,Check sum is <
test,"3,m9gUfxgd ",Check sum is *
test,_t(m-pU9JWL<Rjbyysdm2,"Check sum is """
test,"1f'q[02WE]/B{.u>iNv9hndO~>UDem_,]\{%WV[3`RY%DO",Check sum is J
test,]39jd:TWk,Check sum is G
test,J2dLW>20|QqQMjW6.6Vo,Check sum is ?
test,JDeL(;c3wy,Check sum is H
test,"C	cU[T\_|M1Psq>[5)<Zw

K`[u#K@?|1low!Dz%0",Check sum is /
test,"rtk<KY*c6Nh43bF'YfP=16'4hw
Nqm9c['	6	?",Check sum is H
test,~Ho05_=,Check sum is V
test,DBl$?,Check sum is 5
test,-8runU,Check sum is /
test,"O
*iD}z^~""O=$J3nYZ5Pj*{+*m-:8eW\	,:fRm
m> `4&Sq",Check sum is G
test,"j@+{M]KHyUpHymzH|>g]2B0^l,#ekd:-H[.,%",Check sum is S
test,;]kpzs?)G*	\v=dJKpX4(,Check sum is N
test,"sfs$J~,m",Check sum is 1
test,"MwJ""R'*jXv	3=La<ih{-",Check sum is F
test,"P=&^C=dLa
XsVB_x]J6&/NyjETBb`;`1;re+	}nI;~['BvF>u",Check sum is 8
test,Zk=`3n4y7,Check sum is G
test,"N$|{G1q?@m9?!6vc8o{#.c@,E4,~4!;r;[+mbD",Check sum is A
test,J#W_C+T84oB|{,Check sum is Y
test,"',*]CX`~d)QzPNG)}j%s,ehPoy[""s7-qNz",Check sum is V
test,"LsXR,9A-@6lRp_ci^PJ<8u5",Check sum is A
test,"~IEoeCN~	""78\Y+i 1Ih
3FjN`*[#3nv_$.<{5*/q0e]J9x}",Check sum is _
test,".~ka#vby&>Gh+rINmooC/a]9[s\h]$,",Check sum is F
test,"y[USJ20:0A@G:V*fWs;x)2
 Vj%j/J
r7!JX(4aqAL]M*=C
w",Check sum is *
test,cZR,Check sum is /
test," 0>\)K#le{+B H %rp,+vOAswLLqOJw-#gbyt4kRejVo~",Check sum is R
test,"Ij%+wc&\v[	c
",Check sum is F
test,"'	G2](A]~3Jc&|[3r$EC""@4:",Check sum is (
test,"rq?'7h,)n",Check sum is K
test,",n?(b""2$(u*Q&9T$`q)0xfc^fQHd5",Check sum is K
test,paWNIma3 /5wyd{{;,Check sum is )
test,"N#.u+s^=k
$Z7;!)_tWp""M\oScWU)B'",Check sum is $
test,tlV1,Check sum is G
test,"__J<Rpy*-ye	N&B@CtZyd*A""^3jMJzW/>3PJz5=31_utW`RGAb",Check sum is 6
test,"z8~$-\1-/8Z_X
z\DDl^",Check sum is E
test,'Pr<C0v]I[F*mgmxC;!U)wC>+,Check sum is X
test,(3Zcy)@ke|#P68v,Check sum is =
test,k$i9 .6FLh,Check sum is O
test,*a;iSpL@;F4P,Check sum is #
test,6E\8n	~mMMVVVmbn y`zKm{seL'Hen`rtI,Check sum is E
test,ru r>>@:8)h^}\4z=OJ[mbY2n[t \XMXTC(]fY,Check sum is Y
test,s/Z~*BYKAP^/I^ZH[++s|JPZh(Lv#VT,Check sum is D
test,[FzCBS=K?XoKyJvK+Y8,"Check sum is ,"
test,F01.au\lFjjC9Fa;5S%sbB*|Z,Check sum is O
test,%=greKMz70v@i!5oEM+&@0d%j[re?fsb3?,Check sum is A
test,;wiHxs,Check sum is .
test,"<$kk|CFInF6""SM	N@]KibVG2[Kfgj|;9",Check sum is 6
test,O6hq1bm1G/x%+7B@]}LT8R|n6dl*,Check sum is D
test,"\|{wHia!_eSfb,RXw|oi>,'[NfJ<Q-=?XPMH0S>CkN	Z",Check sum is Z
test,SxRgpY!e-A6YsSP,Check sum is F
test,"@T|'=s07fd8k[9wf,vD",Check sum is 2
test,.H0^ 6UpP4oJzzMaaiVKXMQRoO%6|	7F,"Check sum is ,"
test,"b*!g0_@*>Jvs4|A-*I$Yv""_q-)q7ux!Nh",Check sum is V
test,"R~?n\N*_ivVLPI3Wccj
mwc
c nEYsz6",Check sum is 1
test,"XA'|DD$lg&}gUPC7B,;*!#M_&80d%'u(#kPP$",Check sum is 4
test,"(f[3B|[,Y",Check sum is Z
test,<G9_pa:^~,"Check sum is """
test,"/eP*{Hds4x}DYY\w kynj *HbV%P
r^V:n.	|",Check sum is  
test,OWf*%2QtM z\>yg8,Check sum is K
test,8CcKx%IPAOw;o{F\%bb\(:&Zg3xe6>L[t{>F(C(-O,Check sum is H
test,G6uX^%i$@ D}m1Gc&Vjsw{~G={7V^fW5$/ 1HR&4mUyl),Check sum is 0
test,V=F*> C+?iNl@,Check sum is Q
test,:8kjE2er=Imn-5R3#vcYu@z~01R!A,Check sum is T
test,"t((w,T?N`M_ay-K0t&:0""u#%,9",Check sum is >
test,"HfP|I,M3WV}8 K{jhrcOq1sU 5E{w6 {BDY",Check sum is 3
test,!DM!6pQyFETbm[Jc+!q[f0TU7*#@DQ,Check sum is I
test,"eh9Uf_}3EWtO
)t:",Check sum is 0
test,AY,Check sum is :
test,"AV}b-X
[Ig<$-\}cbJFb$	@@ BwU'&2	xbH/,z
u7P4Gk",Check sum is S
test,"8$4b+vc*a93HD~b+{{uR#<CAGTY)X

(4FI}O'DaP+=w!",Check sum is  
test,"<*+P(""*bT)4h:vpCM	MUxyE9L	Xog4\yM![",Check sum is O
test,{a@]N8<L?hUW O	1iR=n2$,Check sum is _
test,"c;'+X=HH'x>A$gA7#""nrLdV|uHAK,|,m7mns",Check sum is L
test,jX&}xD]CbF&]TB!>qK1,Check sum is .
test,",~Z""fr)U@zfB j(p;k7!1&F*<ywh#'z",Check sum is =
test,"p$.@
m(j_u	woc$cqETQqdKNEDsXcuv)""tvP",Check sum is H
test,}\,Check sum is 9
test,_ m1:K,Check sum is B
test,w~p/IW?`yc]nUK ]igbrZ1@9.\uEd&!=,Check sum is K
test,FZFhHp2S!fPF/4Vum	y\~|*rtv.XBOJ)=n,Check sum is 6
test,a(B<=yRRO15)&NH'W6`;%YxUQ'[[F<9(/\;$`C,Check sum is S
test,"A@	IUY~y%anc_kV u)X{f/.lh{ni9S0js/M?""3&!o
Qeg",Check sum is O
test,2vi%,Check sum is V
test,55mv_cyTIwgh]lX[@-8uV3J(_weUrRE@b,Check sum is W
test,M~HO&	ETTbzs*E?sJ+xK'R/q|.,Check sum is I
test,"1ao-Vk#C\	?L?N2iwtL}6;tdN1/r8-CC"";3k",Check sum is P
test,	Q]1FG0V%i|DM{:,Check sum is +
test,"_O5H'>v""B%Xz)ZDAl/zPq%p)J`0BV",Check sum is O
test,"+upyRn0vGu6[?]wWSP5H5, ""=-sfENCPvKnu)q\~,	KAK<(>]\",Check sum is 1
test,yJlJq,Check sum is J
test,+:t,Check sum is 9
test,"7L
lJ(	4Z-_u#",Check sum is F
test,@WTF){osC2=U	Q[H<?q0BxPvC11z3NJ$N::}dV,Check sum is >
test," AUZ	C]m|'-W$,AkI,h^En2t#L.$ybhuJ	8",Check sum is A
test,"p@H'0N<<P""%i,'YP",Check sum is 1
test,"ZM{>R^Vx/Y>i\""\Be_Kk52,<%e]/[6U2H42pQ.?UvK.|=a&{U{",Check sum is +
test,"dy4z6sB^2,}",Check sum is O
test,"Cx7~E#	Kr	/SZcL]}ut~VH
?I4(X.A_t	A%\h}3",Check sum is \
test,U:*75 d$3,Check sum is  
test,"\;-7|+0$J_h0xxcw""j?_",Check sum is K
test,"Jbs YoKsH|tw4y'	C,O3Fz`",Check sum is B
test,"rm!@	""'epqkdQ&,bk]%
#",Check sum is &
test,|{Jb/V.&cz=,Check sum is 6
test,"?wdXZ:,4id@KQZ@,:h_Y)ifDhGBKE>ccoMS--yjh,22I",Check sum is ]
test,1c4:Ww;1eHf3vwQ,Check sum is  
test,9rnK|h:\Prd.XE,Check sum is /
test,jh+j'lK7[W'x:p4,Check sum is K
test,"~/[R0{0Y
2%D.=hzLniE?]<3u8qn1Nm,'PTZdZ?1W\4pRV",Check sum is I
test,n?,Check sum is M
test,"Sq,R+5S !(",Check sum is >
test,W0\87Vo|vS.af-Ix3,Check sum is R
test,"RT@=w],:DXKN<C\-tT`1i5S|.7QjrZ/@Ju9Pt#19c;x`Awk",Check sum is =
test,"XVIT(z&m^3Sqp;6VJ~/]gl,}N;/",Check sum is 4
test,-	Nan<|ZLi>qi:yt[7z:VanG37R,Check sum is '
test,"}ExOc#q
}oNVHp,)u;m1YLcl9Djj[[-t!P~J",Check sum is *
test,1$sEC%	K7~V<J=ZC;qbRA WA;)O,Check sum is  
test,"pE*Z$36,
TVjF3	icTh",Check sum is :
test,tVX(tr60DK~Dq_(gs16w>X6y*@s-M]h&FDj;b#/-5B,Check sum is E
test,"*8A1dG2^qMMP@R2Ulc9p+A0S[+,a55v\?$56%(q_M",Check sum is Q
test,"))U,U+,~<A}BN8x{Wh q9@|oIW/ILcz",Check sum is G
test,"r,a;foBf?KGf>SD~i^tKHM?Y\14DrLv-,D F*.0cS>",Check sum is L
test,01Lc[aw?Mc'nwdo4CQs-:kRlDFZKRXSV8,Check sum is 6
test,9k1S\rR8sHa=Sjwktu(;D!-bW	,Check sum is 8
test,"@`_C&$;|KzUONy6!GDzrobd""",Check sum is 8
test,".BtixXLGyw""UvA*]J5+nq9tn{SV]YWz6Z3Ky	Ky",Check sum is X
test,"M+LYlN4b	NL""#ywch",Check sum is 0
test,EBJN+zCe]RE_>$xwv-uD`J6E#nXxmAE&npvORlfOHLk6o+,Check sum is P
test,"uUzxk,l%EDk
o	'^C+ (CrMx*eV-f}6t]\Ny",Check sum is N
test,"h|]txr<7CHvPHU(dIyVye-,5n0oP.u5hEK	<el\",Check sum is O
test,"\+VU[)=Y4s	]J0(:+7i(V_sXU
$7VZ(#L^qg=
JiXQ""+9BW&8",Check sum is _
test,&x+nm6|seGb3r:&_t{@v&,Check sum is &
test,+>-8Pbs^'u4$@]VBz[ey?^/H,Check sum is !
test,/!4y,Check sum is ]
test,"rU1""'!gzCF^zB""i/M",Check sum is M
test,"i,`L%s[gNbizkbH-EazECD0~K.xfv>r",Check sum is '
test,hX.L>	^?5%8-.	/1}6gbq)?Z,Check sum is C
test,"}Q@2#(Q
L.(7_}%WAzw5c?H9>t,D){:09J",Check sum is 4
test,V\#huPO p>1WAg,Check sum is /
test,"3]I3\0
!.v&5'",Check sum is I
test,3@HEK*sYV/r[~IFv*_i3mJn+J0;NWff9|z:,Check sum is :
test,-W~\Zq4bh'Y0+2,Check sum is T
test,"BV`kmM7GdDz""I.*vOw1iI.u|M{|QSgch`GA	zlm?}>9(",Check sum is W
test,29<={4naui)/lP7.Z9,"Check sum is ,"
test,^[VR-d~_XFs?H<:B,Check sum is ?
test,"w[hr@e<Fu(]
wezEZ|,%""",Check sum is [
test,"[6TI88.$Or^ytJsuWB,eT3Y+DHF&nupf""O&h(",Check sum is [
test,S^4UvL+N,Check sum is U
test,"~I=ZQl9^=fmyHK^1R""u1NO2Wq7}j/|o0 ?656-GO",Check sum is Y
test,"Hs^@@2vt		>iAr`]a?qV%JY;b?L3@(r3>""YQAiv]_IF",Check sum is J
test,"NJe+4F-(AM.p
sid",Check sum is M
test,\2?6@f_`jrwZrxy-\;9ZG&|r5#	ryd%x>4MTpTvKl,Check sum is [
test,"-~k]wADJ,erdpRWm9$Q5,?r,3Sb.9QG}6OY0",Check sum is $
test,"l-7!mb7\rOmnOkPYIN,A)6Aq!w,ww4,J>PO8PbL_CJtZ",Check sum is 0
test,"3d>Goe7K4F0XxOXd'H~`'r+U/tv0}V	d{~aT/BiXi^p}PT""aZ",Check sum is [
test,"L&R1O*{^~66=*DsQq=>g54zH>4,iPomjBh7	NvCVs==w2-",Check sum is %
test,14HZ+L(2>v~z#J0BA,Check sum is D
test,"LEe,$IFm0$#rYp{",Check sum is O
test,"lqQ""K6!I-(swJfwj'eE{p`:(cTEh#g4LpF7V;	|xMa);",Check sum is $
test,v4 *@W{&`1k,Check sum is H
test,k*\U]Q9N7o$4,Check sum is Y
test,"si1_#CS<Q""DP	T",Check sum is %
test,'/#R#)3uG0mTfOI M>!g#-e?M,Check sum is I
test,"xt9k5acS](=R/Z8m^`d64\T%~$3Di
9@Mj_Z)",Check sum is =
test,"MS-Qve.s)qd/jfI?Vwn|:^*+(
[$9}T4&Hp\j}!np '~e<U",Check sum is -
test,$s}U+y{$_,Check sum is +
test,"PJ<:k6.(RgY
/q*)p-u?nF;]FyhFH.H*IS0aQru!m;u",Check sum is K
test,HR`L!2C&`H`>@7Jy_D_+v_,Check sum is $
test,r)v,Check sum is 1
test,%)%,Check sum is S
test,u#fKV]](ux@ql$-W#ID*Y3,Check sum is 9
test,Cew#QH*j,Check sum is O
test,MX/1G-$d4b\xUqTMC1v8M$*\QkPy6}!Z_X4,Check sum is )
test,aQ0q^<`+*3lv{Jjvw:ZW.c?=CnZv`H.:AV4ah7jdH,Check sum is ]
test,%#6B4D.@Y5u`G1HJQ)i:J7=_S5	{/K,Check sum is 3
test,"$vN&/}!nLC*
v]=
twvl_k	&Cu(C33",Check sum is U
test,"sC""*[+J8k<d09& x)U(Jp$c:q<`DL+}F ]zZvOL_}ZPHnT(v",Check sum is X
test,7=gEKdS~ii]#?Z P~=dFS6;f?/|&8ZuVb]J<Z/03,Check sum is H
test,eDnP,Check sum is G
test,6$F`luw_^z3&,Check sum is H
test,qw)90}uxrVT,Check sum is  
test,rCn187FM%XU2}kdYy5,Check sum is M
test,"*DLCWY#rf!V8,2",Check sum is U
test,"q;W""Ud)w.5mdGWBHkcW.EE",Check sum is W
test,Ot80\cL,Check sum is V
test,[-F6s}%PYKS]ef@Xtl(hkT}X_MN,Check sum is >
test,D;,Check sum is _
test,1hse;ilsm(#soH!1}zx%)N)h@Q\#h{P76(}K],Check sum is !
test,fTQ4x5{6/5b,Check sum is C
test,"vSid""nrX#gwqzTKbtZ(I;OkCPXM^q",Check sum is 8
test,P|Ngpvvd\\Q@U/w;h{M7[,"Check sum is """
test,"j4)[!9,4zQE#yEl.]jom]r[",Check sum is T
test,/2=LO @r>S1TH,Check sum is I
test,"P,y2 /diiy;",Check sum is @
test,;-A@uavi,Check sum is >
test,",1J=Tn/R?qB&OPm.cn=u?^A~ml~4Xa",Check sum is <
test,[0(YnSoZ1Fv'%W,Check sum is F
test,`$Y~3SGnR#&7	Q,"Check sum is """
test,"dBH?'jszYx_U&{iL{GQ]Id;]Hd""",Check sum is )
test,X#/_V<=f+Pb*}+%1tv\S>SfB3bH,Check sum is R
test,$un|~rKrDRxACBSB/aAtPe[K)SRk1jt <:TBh+kI$,Check sum is 8
test,"`4`g%s9a$K@KQ%9W8O,@",Check sum is  
test,"9$[81	vm.>o2'9
Pat
;I!yVZ%7rrg_II",Check sum is 9
test,"Xl6SI3SQ'Dt&C~]G[sLxuL]
:r:*[N
d&cq\Bp&L",Check sum is R
test,"xF#,se#eI&
~lXq|",Check sum is 5
test,"sfa V4kA<o""EZn!Ozo=pWH""(o;Sj8mUOq :EK7Gz[LaoQ",Check sum is D
test,"X/VQRK9Z|ytce}-^KXN""yY
[T~nw.""0C9vo6nR#1	","Check sum is ,"
test,I;_yuH*[p`T3&w,Check sum is 2
test,"Xe?4m$yN'qgw7J.aM<fA.OQGiVmj+P|
XW`\sRu]wY{	0gt|n",Check sum is U
test,zT,Check sum is .
test,"9u6AXic(,ACw017%A;N:DSXHCQ",Check sum is D
test,xxXd%uwa`xUP)\$h| e+`@~x^@w4r|,Check sum is E
test,"s1 ,^E%1trPb}s4*<gyTaxV~-(an).o/18G:SK9!Le>'m",Check sum is J
test, .A6L.;RI:fmK>|$@'bb!h~B`W!+:?g~w}3DVcFT',Check sum is %
test,*FpJ8c,Check sum is %
test,Q6~0o'tW``XjU$kP2y,Check sum is W
test,"&J|l,KEu&S9gIe+mACX3?+O-RbLT[&*Rh`7B.'P5axa&<to",Check sum is (
test,#oaCF#gaR-.\x@,Check sum is H
test,";hLacb0	\g>],P4(1E9zAx'fvf};#!8pf6{",Check sum is *
test,"ZByX/C2rY`p|/3#iMr/<ruaM9r[A,})X""",Check sum is H
test,"{
HLpCe*IQLh4I@lhgZU)(8&WOOD#tb> C=8)&4~V",Check sum is >
test,lvXA>d_az}*G(@ELiJxsG%@>qa1Pp2V,Check sum is 1
test,"?AqJ s1}CF
<>n\'9",Check sum is S
test,"/O&`6^&Bg*=Rmg.g1i	Ttr(1iV=C(py9F<U^Nwr""`rS=Y	",Check sum is :
test,"[^g"".( ",Check sum is X
test,"!{5El=	5=N^>t	""CV[q%A1<",Check sum is [
test,"@!,z(!""~?=A66",Check sum is 9
test,O8<$l[c@OBc)yviIhkxM_Mm)!|q,Check sum is W
test,"k|/X6`""S)=t/tvWF4|QyVR""[&xXWYQdyX%'l?\uRVjbGp{E",Check sum is '
test,"`xQE]kiMoD	kk$Xb83ku](NGG=t3_t ""9kSN1Pfo8O`",Check sum is #
