set,input1,output1
train,,Check sum is  
train,	,Check sum is )
train,"
",Check sum is *
train,"B
","Check sum is ,"
train,"

",Check sum is 4
train,"

















































",Check sum is T
train,                                                  ,Check sum is  
train,ssssssssssssssssssssssssssssssssssssssssssssssssss,Check sum is V
train,"CD
CD
CD
CD
CD
CD
CD
CD
CD
CD
CD
CD
CD
CD
CD
CD
CD",Check sum is 7
train,"x
y x
y x
y x
y x
y x
y x
y x
y x
y x
y x
y x
y x
",Check sum is &
train," 
 
 
 
 
 
 
 
 
 
 
 
 
 
 
 
 
 
 
 
 
 
 
 
 
",Check sum is :
train, ,Check sum is @
train,!,Check sum is A
train,"""",Check sum is B
train,#,Check sum is C
train,$,Check sum is D
train,%,Check sum is E
train,&,Check sum is F
train,',Check sum is G
train,(,Check sum is H
train,),Check sum is I
train,*,Check sum is J
train,+,Check sum is K
train,",",Check sum is L
train,-,Check sum is M
train,.,Check sum is N
train,/,Check sum is O
train,0,Check sum is P
train,1,Check sum is Q
train,2,Check sum is R
train,3,Check sum is S
train,4,Check sum is T
train,5,Check sum is U
train,6,Check sum is V
train,7,Check sum is W
train,8,Check sum is X
train,9,Check sum is Y
train,:,Check sum is Z
train,;,Check sum is [
train,<,Check sum is \
train,=,Check sum is ]
train,>,Check sum is ^
train,?,Check sum is _
train,@,Check sum is  
train,A,Check sum is !
train,B,"Check sum is """
train,C,Check sum is #
train,D,Check sum is $
train,E,Check sum is %
train,F,Check sum is &
train,G,Check sum is '
train,H,Check sum is (
train,I,Check sum is )
train,J,Check sum is *
train,K,Check sum is +
train,L,"Check sum is ,"
train,M,Check sum is -
train,N,Check sum is .
train,O,Check sum is /
train,P,Check sum is 0
train,Q,Check sum is 1
train,R,Check sum is 2
train,S,Check sum is 3
train,T,Check sum is 4
train,U,Check sum is 5
train,V,Check sum is 6
train,W,Check sum is 7
train,X,Check sum is 8
train,Y,Check sum is 9
train,Z,Check sum is :
train,[,Check sum is ;
train,\,Check sum is <
train,],Check sum is =
train,^,Check sum is >
train,_,Check sum is ?
train,`,Check sum is @
train,a,Check sum is A
train,b,Check sum is B
train,c,Check sum is C
train,d,Check sum is D
train,e,Check sum is E
train,f,Check sum is F
train,g,Check sum is G
train,h,Check sum is H
train,i,Check sum is I
train,j,Check sum is J
train,k,Check sum is K
train,l,Check sum is L
train,m,Check sum is M
train,n,Check sum is N
train,o,Check sum is O
train,p,Check sum is P
train,q,Check sum is Q
train,r,Check sum is R
train,s,Check sum is S
train,t,Check sum is T
train,u,Check sum is U
train,v,Check sum is V
train,w,Check sum is W
train,x,Check sum is X
train,y,Check sum is Y
train,z,Check sum is Z
train,{,Check sum is [
train,|,Check sum is \
train,},Check sum is ]
train,~,Check sum is ^
train,W6,Check sum is -
train,23,Check sum is E
train,"^,",Check sum is *
train,1z,Check sum is K
train,S`,Check sum is S
train,}a,Check sum is >
train,KQ,Check sum is <
train,6a,Check sum is 7
train,+5,Check sum is @
train,x),Check sum is A
train,0(,Check sum is 8
train,/H,Check sum is W
train,YV,Check sum is O
train,"9,",Check sum is E
train,XG,Check sum is ?
train,2$,Check sum is 6
train,s6,Check sum is I
train,Js,Check sum is ]
train,Uv,Check sum is +
train,=@,Check sum is ]
train,-/,Check sum is <
train,U2,Check sum is '
train,OB,Check sum is 1
train,)|,Check sum is E
train,2#,Check sum is 5
train,<),Check sum is E
train,nd,Check sum is 2
train,",u",Check sum is A
train,",#",Check sum is /
train,8A,Check sum is Y
train,\&,"Check sum is """
train,Ci,Check sum is L
train,3P,Check sum is #
train,Fb,Check sum is H
train,sd,Check sum is 7
train, f,Check sum is &
train,;J,Check sum is %
train,!S,Check sum is T
train,r`,Check sum is 2
train,8F,Check sum is ^
train,fa,Check sum is '
train,d9,Check sum is =
train,[Y,Check sum is T
train,s.,Check sum is A
train,L*,Check sum is V
train,mh,Check sum is 5
train,a;,Check sum is <
train,/G,Check sum is V
train,"""|",Check sum is >
train,$`,Check sum is $
train,+%,Check sum is 0
train,gi,Check sum is 0
train,d9,Check sum is =
train,5Y,Check sum is .
train,Np,Check sum is ^
train,u-m,Check sum is /
train,a3u,Check sum is )
train,"fm""",Check sum is U
train,nW4,Check sum is Y
train,zb_,Check sum is [
train,{ I,Check sum is D
train,gGw,Check sum is E
train,33z,Check sum is @
train,t N,Check sum is B
train,aAy,Check sum is ;
train,TgI,Check sum is $
train,.pm,Check sum is +
train,;	g,Check sum is K
train,ET5,Check sum is .
train,$%a,Check sum is J
train,dEN,Check sum is W
train,M~7,"Check sum is """
train,!	9,Check sum is C
train,?1w,Check sum is G
train,xU%,Check sum is R
train,xbO,Check sum is I
train,(xf,Check sum is &
train,}qA,Check sum is O
train,a|(,Check sum is %
train,KwM,Check sum is /
train,.>s,Check sum is ?
train,_0*,Check sum is Y
train,Wu*,Check sum is V
train,OU_,Check sum is #
train,(a/,Check sum is X
train,UA:,Check sum is 0
train,NP-,Check sum is +
train,	S[,Check sum is W
train,`E9,Check sum is >
train,lG`,Check sum is 3
train,M_1,Check sum is =
train,+n3,"Check sum is ,"
train,2W6,Check sum is _
train,2#q,Check sum is &
train,"_H""",Check sum is )
train,3KU,Check sum is 3
train,nT4,Check sum is V
train,	:7,Check sum is Z
train,}:a,Check sum is 8
train,YSm,Check sum is 9
train,RJW,Check sum is S
train,{`#,Check sum is ^
train,Djo,Check sum is =
train,+^T,Check sum is =
train,"
Fd",Check sum is T
train,<iZF7$V][lxT9FS;R6:+=j@Jc,Check sum is T
train,"""PY7wA+#m2NB,3&!Z07i$b",Check sum is -
train,/(_@7RcKZ R/c.;*'7M,Check sum is )
train,"voYt
*uffGTuKID[""XA84",Check sum is 1
train,30MGKU8{vAv`A-z`r3F1g`H/4}_%:?(q0wTE`{7?{q,Check sum is ]
train,h{84{flV^>J,Check sum is 8
train,"o$`d	&z	u@&JIf08S`KyB
}1RYgIG",Check sum is 8
train,gpt5iT(#qq5+(U8`y*,"Check sum is """
train,"V""[14];51^ZObxPp\	*3-N tJ &D!j*""p\CG^TL#|",Check sum is &
train,"^8QrE5^HL*&zLlBt$,t%jH*Kh4OB8;",Check sum is M
train,uFB$_}LLF_zJ8d7CiOg+O*bRV8+G7g~1v|ig7ba z4W5,Check sum is N
train,"6N-
k7EaGx3M`'I81C8ql/v8j=8}x",Check sum is $
train,|][TX?k]_l$hSQ|R?zYm=Eb,Check sum is 3
train,Yqig^+Xvg0nNNxjT8?)107=`hu9k\v_:,Check sum is )
train,$w,Check sum is ;
train,"&""	h0!;0~C5L	grrj(PPUa0M
9@=iU_4uF@Fb^tBhr-`]Y6`",Check sum is K
train,"M{+moQ{,	8[\2r!Ghu}I",Check sum is N
train,c5bu>FyH9%K/mp.;~.U7z!,Check sum is E
train,"rzi%R7x8dh{lb:(#pAk;jS;4}s7H*=]X={6[P(r=""6aD(Ei P!",Check sum is O
train,"xk]N9E5""/gQbjZZ*;u'm]?0QrTTv*-PXsHZ&/j7CxhhUFDA/A,",Check sum is V
train,;FD}=B([n|`Ykffsi-uA)5Sg]!K7[nneRrL.a$&5or'rDO'^,Check sum is !
train,f{eV#p',Check sum is 6
train,6$v<q^n68Z,Check sum is 1
train,HQD;kXNE^V,Check sum is B
train,"F{kf X3'g""0W~rq/
	'UOp>ATB'Q	)slpfm?Ou7xM)0C""k.H",Check sum is 1
train,!WZ\vMwm&q1jY!s0c5gxDEz$k3AXvse8/f)u-,Check sum is ?
train,"Rvr\pqv`,p-)u?oP9k2L;rXe]s~KjdS'.@nqw|3&r^N",Check sum is 6
train,bl,Check sum is .
train,] ,Check sum is ]
train,dX9IjhHT=+KLs|,Check sum is :
train,">9uB#2ZSz^J<e|$,@+R|t/|lB>q5Vb#ymRrCD",Check sum is U
train,"W1rUm'92w
c$;n	G0didZk]-&>7uxxhs(!+q&>3mst[i`4""",Check sum is D
train,njE<7	WHcKl?\|Uzi7w_Sbp!8~'xWAJ,Check sum is K
train,"^)txTqVYq.dK`9ljmx/xTyN0GT^U
	c__IZym5M@:.\","Check sum is ,"
train,kSmHh(_+lQb|EtAr$kFT}~GBg^,Check sum is &
train,"H44*6.]J-l\f3UGSdp;(j^$LYtz^k|""DqaDzQG]k\>j
x<E",Check sum is Z
train,"\FA"" Q""zY8a~ak.)~v0h-yvRqD}2B~x:Wx{\Xg]'O)",Check sum is 6
train,"76QdO:lS""Jq?Ru(NA<V""(suVK56BE$%D2a0~`Zz?T%__Wj",Check sum is 4
train,U?zCh+,Check sum is D
train,"&YAf|D[|nDTIG=""Lv++E9U",Check sum is =
train,H?KevxN$_!N8@Xyz,Check sum is H
train,"eni;XiR[s6
$3LxA*XoWP^wWy]n+J9Bu",Check sum is A
train,TL3a(z3[9f|crN:.7x*m8>SgyYvU^dUm-cn%U*s{W,Check sum is (
train,"Bu=.e
O@Y()H04a*YOh~):vB+{M",Check sum is =
train,"1hh_v,}b}}UM)(+Z`ntjhgP.+QFT
60]=;nOu]L^Q7d8/8",Check sum is K
train,"&{RI:2|mq-q>&d@/M.l*/B$sV+9KY8<TM=|qDozJG}#
4rxv",Check sum is )
train,RqKsV,Check sum is 7
train,"5x""2C2lDU",Check sum is [
train,"v(O}3K""f@`2|Kb*sh-h",Check sum is %
train,"GT@003^+J_iF6~7z
@T\&",Check sum is 4
train,L-I7q`0)UG.</KejDB#,Check sum is ;
train,E^+P6:N<C4oq90eM[nb	c<&7*	X#bj3Fb.4qd&x4D,Check sum is <
train,_C~s?\,Check sum is N
train,"m|,NRx}|R^$M#T< +-~\BhCua}(HL,tWKCnf,+(%4\60E=",Check sum is ]
train,wZ'lJi,Check sum is 7
train,gsC+GQjhz3LD;a<00J{|fx	d3lBK{,Check sum is :
train,5BQm%.Z,Check sum is B
train,")g7F
<T&_*zW<zE<\[M2KSrry2!N8TR8(DD!g",Check sum is ^
train,/eZXmX,Check sum is +
train,i>w:OVx,Check sum is U
train,"6c ,S{;u%];UMhj[?2X~wTyfq}L+AKXuw5e7:Yw:",Check sum is J
train,"/j](gXp	HoDaEQBVR
Z>[yDp9];K$.62#Q=zH\9s:+}w	sRfO",Check sum is )
train,OrbwQvc`K6k1Ut4PCO9boRg.93[I,Check sum is A
train,(V'v<vI7JK,Check sum is B
train,8Mj9{,Check sum is C
train,"[o%SwzxCJ=wfa\x;$95>Mm:HuBtsQf,Zh3[^ruR',J43Uf+",Check sum is @
train,"oQWHS9w$e
""?e!*\0AM[R>t1W!icw_yt$R!INx",Check sum is =
train,@rGB!`PJE.*o|,Check sum is >
train,KA^)394Er030K+mU4E	OufvYa=^;2uX,Check sum is F
train,lOm#F5o>1,Check sum is D
train,"0,0=nQ	",Check sum is 1
train,ye''9\8uDi$2P-*kmS!=sC,Check sum is 7
train,"lEY|i0M84]*JdDZnrP&[|?qNQ	z#
C486,x+6&",Check sum is G
train,"	?XX>sz5mEI""Y+"";*2(So=I[CQ",Check sum is 1
train,"ua<OD2Ox(C476EW.J,%*t]>C.cBh7e ~",Check sum is  
train,")z+ZtfbRhD""\ZyPS5)m..B\
-CQ8XfE",Check sum is A
train,"{qg 9x
%7sTcLlIG",Check sum is \
train,W}K,Check sum is ?
train,e1,Check sum is 6
train,"d=qcV\1G[K;BcX=2f A=|C%hG1BwU}vA_},`/0/SjZV!&9N",Check sum is G
train,"G>][A%c~M>Nr-/{*-D5S8Y.o&	]g-Yea~*!}
f%kOv'crKC",Check sum is +
train,x_q;,Check sum is #
train,"dU~<]I?V.K=- -5W8]y|o~DY-3O2fAl @O\hY'K0rI
",Check sum is E
train,6!G,Check sum is >
train,"B/IeE.uXKtn*
ll/in2lZ/=AD=EPv}`fn^7nBV
0q(R{%Xnu(a",Check sum is D
train,"~:_&}i>%,!ZS+-~zt>","Check sum is """
train,"3x!
Jp605@p%&n|/6xem=.1?V2|ps'H$b5-4G.:EA}9f`#*E",Check sum is /
train,"yVk\REvxS$[dw^U`bieKtW\yM6q9jzA+[Bw[5""@^LW3!j",Check sum is X
train,"8{5Y)j
k7U",Check sum is 5
test,/$,Check sum is 3
test,Kq,Check sum is \
test,GG,Check sum is .
test,39,Check sum is L
test,/#,Check sum is 2
test,*;,Check sum is E
test,0P,Check sum is  
test,A_,Check sum is @
test,B ,Check sum is B
test,[D,Check sum is ?
test,02,Check sum is B
test,=t,Check sum is Q
test,4#,Check sum is 7
test,",i",Check sum is 5
test,UY,Check sum is N
test,^b,Check sum is  
test,o6,Check sum is E
test,"4,",Check sum is @
test,nE,Check sum is S
test,{l,Check sum is G
test,9W,Check sum is 0
test,)W,Check sum is  
test,W[,Check sum is R
test,-9,Check sum is F
test,"]
",Check sum is G
test,ZD,Check sum is >
test,^J,Check sum is H
test,|b,Check sum is >
test,xk,Check sum is C
test,pk,Check sum is ;
test,o/,Check sum is >
test,:w,Check sum is Q
test,-`,Check sum is -
test,t{,Check sum is O
test,:?,Check sum is Y
test,^M,Check sum is K
test,}|,Check sum is Y
test,`?,Check sum is ?
test,9[,Check sum is 4
test,w),Check sum is @
test,7i,Check sum is @
test,hz,Check sum is B
test,y3,Check sum is L
test,Sg,Check sum is Z
test,o%,Check sum is 4
test,o!,Check sum is 0
test,~B,Check sum is  
test,bQ,Check sum is S
test,yS,"Check sum is ,"
test,W&,Check sum is ]
test,Gr,Check sum is Y
test,&E,Check sum is K
test,nW,Check sum is %
test,!^,Check sum is _
test,.y,Check sum is G
test,o',Check sum is 6
test,P_,Check sum is O
test,tF,Check sum is Z
test,bG,Check sum is I
test,w),Check sum is @
test,3>,Check sum is Q
test,NF,Check sum is 4
test,~N,"Check sum is ,"
test,",""",Check sum is .
test,]D,Check sum is A
test,I`,Check sum is I
test,k2,Check sum is =
test,%+,Check sum is 0
test,wi,Check sum is @
test,VI,Check sum is ?
test,",}",Check sum is I
test,S<,Check sum is /
test,*J,Check sum is T
test,*E,Check sum is O
test,d*,Check sum is .
test,30,Check sum is C
test,Cl,Check sum is O
test,O\,Check sum is K
test,<],Check sum is 9
test,WU,Check sum is L
test,-	,Check sum is V
test,tm,Check sum is A
test,q&,Check sum is 7
test,93,Check sum is L
test,9.,Check sum is G
test,a6,Check sum is 7
test,]B,Check sum is ?
test,)w,Check sum is @
test,V{,Check sum is 1
test,"3,",Check sum is ?
test,w0,Check sum is G
test,dY,Check sum is ]
test,DM,Check sum is 1
test, w,Check sum is 7
test,pT,Check sum is $
test,XW,Check sum is O
test,-#,Check sum is 0
test,FV,Check sum is <
test,Yb,Check sum is [
test,Le,Check sum is Q
test,]I,Check sum is F
test,6u,Check sum is K
test,Ve,Check sum is [
test,"&""",Check sum is (
test,Bg,Check sum is I
test,*X,"Check sum is """
test,VI,Check sum is ?
test,9t,Check sum is M
test,sJ,Check sum is ]
test,$*,Check sum is .
test,^?,Check sum is =
test,::,Check sum is T
test,i0,Check sum is 9
test,	F,Check sum is /
test,s[,Check sum is .
test,JF,Check sum is 0
test,5t,Check sum is I
test,"N,",Check sum is Z
test,3Z,Check sum is -
test,b$,Check sum is &
test,PD,Check sum is 4
test,V.,Check sum is $
test,mh,Check sum is 5
test,Sw,Check sum is *
test,9S,"Check sum is ,"
test,KD,Check sum is /
test,"W
",Check sum is A
test,"n
",Check sum is X
test,60,Check sum is F
test,I4,Check sum is ]
test,HS,Check sum is ;
test,#P,Check sum is S
test,;f,Check sum is A
test,hx,Check sum is @
test,3l,Check sum is ?
test,=C,Check sum is  
test,Gp,Check sum is W
test,xR,Check sum is *
test,l],Check sum is )
test,s|,Check sum is O
test,q7,Check sum is H
test,\j,Check sum is &
test,f\,"Check sum is """
test,\u,Check sum is 1
test,wF,Check sum is ]
test,`>,Check sum is >
test,/n,Check sum is =
test,^T,Check sum is R
test,>C,Check sum is !
test,&C,Check sum is I
test,*w,Check sum is A
test,7L,Check sum is #
test,3H,Check sum is [
test,Hs,Check sum is [
test,"r""",Check sum is 4
test,";,",Check sum is G
test,+P,Check sum is [
test,H],Check sum is E
test,@H,Check sum is (
test,Z(,"Check sum is """
test,"t,",Check sum is @
test,?+,Check sum is J
test,=c,Check sum is @
test,-],Check sum is *
test,>M,Check sum is +
test,?y,Check sum is X
test,Rk,Check sum is ]
test,>:,Check sum is X
test,E/,Check sum is T
test,uq,Check sum is F
test,L>,Check sum is *
test,_H,Check sum is G
test,i^,Check sum is '
test,v*,Check sum is @
test,FN,Check sum is 4
test,n[,Check sum is )
test,46,Check sum is J
test,U:,Check sum is /
test,"
%",Check sum is O
test,Af,Check sum is G
test,F1,Check sum is W
test,AR,Check sum is 3
test,Pq,Check sum is !
test,JP,Check sum is :
test,/s,Check sum is B
test,j^,Check sum is (
test,aQ,Check sum is R
test,mL,Check sum is Y
test,sB,Check sum is U
test,	 ,Check sum is I
test,uw,Check sum is L
test,~R,Check sum is 0
test,Il,Check sum is U
test,w),Check sum is @
test,hh,Check sum is 0
test,"
=",Check sum is '
test,\m,Check sum is )
test,KP,Check sum is ;
test,Rt,Check sum is &
test,jk,Check sum is 5
test,W(,Check sum is _
test,T/,Check sum is #
test,r$,Check sum is 6
test,hn,Check sum is 6
test,!r,Check sum is 3
test,mO,Check sum is \
test,^+,Check sum is )
test,"
Q",Check sum is ;
test,Q|,Check sum is -
test,F~,Check sum is $
test,w},Check sum is T
test,		,Check sum is 2
test,0.,Check sum is >
test,$^,"Check sum is """
test,8),Check sum is A
test,6|,Check sum is R
test,>M,Check sum is +
test,[-,Check sum is (
test,G],Check sum is D
test,/r,Check sum is A
test,t),Check sum is =
test,X`,Check sum is X
test,*S,Check sum is ]
test,+b,Check sum is -
test,~Q,Check sum is /
test,gO,Check sum is V
test,B@,"Check sum is """
test,)X,Check sum is !
test,^ ,Check sum is ^
test,Y6,Check sum is /
test,Je,Check sum is O
test,ZH,Check sum is B
test,I`,Check sum is I
test,*3,Check sum is =
test,:r,Check sum is L
test,F>,Check sum is $
test,"
9",Check sum is #
test,UQ,Check sum is F
test,nK,Check sum is Y
test,u8,Check sum is M
test,/_,Check sum is .
test,uH,Check sum is ]
test,9s,Check sum is L
test,OT,Check sum is C
test,",p",Check sum is <
test,`y,Check sum is 9
test,nJ,Check sum is X
test,:s,Check sum is M
test,aJ,Check sum is K
test,|M,Check sum is )
test,`j,Check sum is *
test,|o,Check sum is K
test,{k,Check sum is F
test,E^,Check sum is C
test,M#,Check sum is P
test,7m,Check sum is D
test,a%,Check sum is &
test,h},Check sum is E
test,@3,Check sum is S
test,|k,Check sum is G
test,Iu,Check sum is ^
test,cu,Check sum is 8
test,! ,Check sum is !
test,h|,Check sum is D
test,(Y,Check sum is !
test,FN,Check sum is 4
test,vp,Check sum is F
test,SG,Check sum is :
test,&`,Check sum is &
test,DB,Check sum is &
test,T[,Check sum is O
test,fD,Check sum is J
test,=@,Check sum is ]
test,l7,Check sum is C
test,-g,Check sum is 4
test,"O,",Check sum is [
test,ws,Check sum is J
test,k6,Check sum is A
test,lq,Check sum is =
test,T<,Check sum is 0
test,.a,Check sum is /
test,UQ,Check sum is F
test,Q<,Check sum is -
test,`',Check sum is '
test,&#,Check sum is )
test,!t,Check sum is 5
test,""",",Check sum is .
test,W.,Check sum is %
test,!9,Check sum is :
test,4b,Check sum is 6
test,JM,Check sum is 7
test,G&,Check sum is M
test,t7,Check sum is K
test,Yc,Check sum is \
test,Z`,Check sum is Z
test,bn,Check sum is 0
test,=e,Check sum is B
test,&H,Check sum is N
test,nV,Check sum is $
test,n_,Check sum is -
test,@(,Check sum is H
test,j1,Check sum is ;
test,D),Check sum is M
test,i(,Check sum is 1
test,`+,Check sum is +
test,$ ,Check sum is $
test,.4,Check sum is B
test,UV,Check sum is K
test,kN,Check sum is Y
test,ZN,Check sum is H
test,`r,Check sum is 2
test,}C,Check sum is  
test,77,Check sum is N
test,CH,Check sum is +
test,g|,Check sum is C
test,3],Check sum is 0
test,C9,Check sum is \
test,|w,Check sum is S
test,{r,Check sum is M
test,ux,Check sum is M
test,wz,Check sum is Q
test,Gk,Check sum is R
test,Jt,Check sum is ^
test,b*,"Check sum is ,"
test,&t,Check sum is :
test,mA,Check sum is N
test,-L,Check sum is Y
test,\1,Check sum is -
test,aV,Check sum is W
test,2',Check sum is 9
test,<(,Check sum is D
test,"T""",Check sum is V
test,	v,Check sum is _
test,}m,Check sum is J
test,bU,Check sum is W
test,_l,Check sum is +
test,e^,Check sum is #
test,cS,Check sum is V
test,"%,",Check sum is 1
test,Bs,Check sum is U
test,k-,Check sum is 8
test,]L,Check sum is I
test,.A,Check sum is O
test,T$,Check sum is X
test,"-""",Check sum is /
test,58,Check sum is M
test,5m,Check sum is B
test,61,Check sum is G
test,:/,Check sum is I
test,gs,Check sum is :
test,3o,Check sum is B
test,",A",Check sum is M
test,75,Check sum is L
test,|0,Check sum is L
test,He,Check sum is M
test,"O""",Check sum is Q
test,Jh,Check sum is R
test,8W,Check sum is /
test,lS,Check sum is _
test,:g,Check sum is A
test,96,Check sum is O
test,KS,Check sum is >
test,N8,Check sum is &
test,<@,Check sum is \
test,?$,Check sum is C
test,Xc,Check sum is [
test,7t,Check sum is K
test,3y,Check sum is L
test,Np,Check sum is ^
test,6U,Check sum is +
test,	J,Check sum is 3
test,Za,Check sum is [
test,N&,Check sum is T
test,w9,Check sum is P
test,0Q,Check sum is !
test,tY,Check sum is -
test,nN,Check sum is \
test,xL,Check sum is $
test,4Z,Check sum is .
test,/),Check sum is 8
test,fK,Check sum is Q
test,2},Check sum is O
test,Cw,Check sum is Z
test,@z,Check sum is Z
test,\/,Check sum is +
test,F(,Check sum is N
test,b&,Check sum is (
test,`D,Check sum is D
test,8~,Check sum is V
test,PF,Check sum is 6
test,C|,Check sum is _
test,ks,Check sum is >
test,",z",Check sum is F
test,(>,Check sum is F
test,9i,Check sum is B
test,yX,Check sum is 1
test,oQ,Check sum is  
test,ZF,Check sum is @
test,Sp,Check sum is #
test,+J,Check sum is U
test,Cg,Check sum is J
test,rF,Check sum is X
test,D9,Check sum is ]
test,6L,"Check sum is """
test,ex,Check sum is =
test,zK,Check sum is %
test,u#,Check sum is 8
test,\;,Check sum is 7
test,E;,Check sum is  
test,63,Check sum is I
test,84,Check sum is L
test,'w,Check sum is >
test,d1,Check sum is 5
test,: ,Check sum is :
test,%S,Check sum is X
test,37,Check sum is J
test,!=,Check sum is >
test,wO,Check sum is &
test,61,Check sum is G
test,zm,Check sum is G
test,_b,Check sum is !
test,DN,Check sum is 2
test,|_,Check sum is ;
test,+q,Check sum is <
test,W1,Check sum is (
test,kH,Check sum is S
test,Fs,Check sum is Y
test,kd,Check sum is /
test,I.,Check sum is W
test,nt,Check sum is B
test,"~""",Check sum is @
test,m#,Check sum is 0
test,c},Check sum is @
test,wX,Check sum is /
test,@],Check sum is =
test,95,Check sum is N
test,Rq,Check sum is #
test,B`,Check sum is B
test,GG,Check sum is .
test,l2,Check sum is >
test,Xi,Check sum is !
test,ly,Check sum is E
test,xT,"Check sum is ,"
test,D7,Check sum is [
test,kE,Check sum is P
test,wX,Check sum is /
test,Ab,Check sum is C
test,"
k",Check sum is U
test,#I,Check sum is L
test,}?,Check sum is \
test,b},Check sum is ?
test,}y,Check sum is V
test,S^,Check sum is Q
test,P`,Check sum is P
test,|[,Check sum is 7
test,E1,Check sum is V
test,&a,Check sum is '
test,rP,"Check sum is """
test,}<,Check sum is Y
test,F7,Check sum is ]
test,ct,Check sum is 7
test,Jq,Check sum is [
test,xT,"Check sum is ,"
test,f{,Check sum is A
test,0o,Check sum is ?
test,	s,Check sum is \
test,O^,Check sum is M
test,FI,Check sum is /
test,F`,Check sum is F
test,",A",Check sum is M
test,h>,Check sum is F
test,C9,Check sum is \
test,kt,Check sum is ?
test,\1,Check sum is -
test,!Z,Check sum is [
test,G~,Check sum is %
test,\M,Check sum is I
test,3`,Check sum is 3
test,sS,Check sum is &
test,QQ,Check sum is B
test,?h,Check sum is G
test,ww,Check sum is N
test,3|,Check sum is O
test,aH,Check sum is I
test,7k,Check sum is B
test,eB,Check sum is G
test,)(,Check sum is 1
test,s6,Check sum is I
test,rr,Check sum is D
test,5M,"Check sum is """
test,2J,Check sum is \
test,-L,Check sum is Y
test,'N,Check sum is U
test,r1,Check sum is C
test,Lz,Check sum is &
test,x.,Check sum is F
test,!',Check sum is (
test,83,Check sum is K
test,xu,Check sum is M
test,S?,Check sum is 2
test,X46,"Check sum is """
test,6}I,Check sum is \
test,f(I,Check sum is 7
test,_(:,Check sum is !
test,"
5f",Check sum is E
test,twN,Check sum is Y
test,"
CT",Check sum is A
test,c|{,Check sum is :
test,/v!,Check sum is &
test,. Z,Check sum is H
test,d4',Check sum is _
test,PO:,Check sum is 9
test,Kv5,Check sum is V
test,eKH,Check sum is X
test,9?|,Check sum is T
test,uI?,Check sum is ]
test,@K{,Check sum is &
test,8o2,Check sum is 9
test,9T/,Check sum is \
test,LA&,Check sum is S
test,zPW,Check sum is A
test,tdJ,Check sum is B
test,tE{,Check sum is T
test,#zB,Check sum is ?
test,lUf,Check sum is G
test,.M>,Check sum is Y
test,.cN,Check sum is ?
test,L}s,Check sum is \
test,"j
8",Check sum is L
test,n1/,Check sum is .
test,)?Z,"Check sum is """
test,v%r,Check sum is -
test,gwJ,Check sum is H
test,Bfv,Check sum is >
test,&a\,Check sum is C
test,S$P,Check sum is '
test,PP(,Check sum is (
test,"aw,",Check sum is $
test,J[6,Check sum is ;
test,G$F,Check sum is Q
test,jbE,Check sum is 1
test,+o>,Check sum is 8
test,m-f,Check sum is  
test,MJD,Check sum is ;
test,"""WF",Check sum is _
test,tBH,Check sum is ^
test,Q~?,Check sum is .
test,?Wv,"Check sum is ,"
test,ylv,Check sum is ;
test,}h^,Check sum is #
test,UB`,Check sum is W
test,u1>,Check sum is D
test,dUp,Check sum is I
test,mHd,Check sum is 9
test,"
&d",Check sum is 4
test,{'E,Check sum is G
test,ZHY,Check sum is [
test, 	+,Check sum is 4
test,=eS,Check sum is U
test,:^&,Check sum is ^
test,"2#
",Check sum is ?
test,?^(,Check sum is %
test,#pq,Check sum is $
test,]{),Check sum is !
test,v%p,Check sum is +
test,$*u,Check sum is #
test,7#9,Check sum is 3
test,a/	,Check sum is 9
test,T4l,Check sum is T
test,^Fu,Check sum is 9
test,vwa,Check sum is .
test,_uJ,Check sum is >
test,0aj,Check sum is [
test,}h#,Check sum is (
test,|D~,Check sum is ^
test,",yY",Check sum is ^
test,XHN,Check sum is N
test,"`c,",Check sum is O
test,&'`,Check sum is M
test,66#,Check sum is /
test,g.L,Check sum is A
test,bD},Check sum is C
test,=[J,Check sum is B
test,YBs,Check sum is .
test,_~L,Check sum is I
test,p>b,Check sum is 0
test,=~P,Check sum is +
test,C\],Check sum is \
test,c43,Check sum is *
test,"o
)",Check sum is B
test,uzs,Check sum is B
test,h*3,Check sum is %
test,Hi',Check sum is 8
test,hyE,Check sum is F
test,yC+,Check sum is G
test,k5$,Check sum is $
test,"
S)",Check sum is &
test,xsO,Check sum is Z
test,zHM,Check sum is /
test,RgA,Check sum is Z
test,T>\,Check sum is N
test,D/f,Check sum is 9
test,Aj^,Check sum is )
test,`TW,Check sum is +
test,4qw,Check sum is <
test,`fR,Check sum is 8
test,C4 ,Check sum is 7
test,sq.,Check sum is 2
test,1?(,Check sum is 8
test,Oys,Check sum is [
test,f>:,Check sum is >
test,dmv,Check sum is '
test,Zj),Check sum is M
test,[`j,Check sum is E
test,"Y9,",Check sum is ^
test,%-{,Check sum is -
test,I._,Check sum is 6
test,M5Z,Check sum is <
test,x=R,Check sum is '
test,}@V,Check sum is 3
test,dGM,Check sum is X
test,p=T,Check sum is !
test,/2T,Check sum is U
test,TH@,Check sum is <
test,WIX,Check sum is X
test,9kH,Check sum is L
test,"_/
",Check sum is 8
test,ts0,Check sum is 7
test,"e """,Check sum is G
test,|p$,Check sum is 0
test,QCk,Check sum is _
test,$Nq,Check sum is C
test,L9!,Check sum is F
test,x*<,Check sum is >
test,u5c,Check sum is -
test,NXt,Check sum is :
test,6W$,Check sum is Q
test,Y_B,Check sum is Z
test,3 M,Check sum is @
test,?$$,Check sum is '
test,8ud,Check sum is 1
test,~\J,Check sum is D
test,b l,Check sum is N
test,(D=,Check sum is I
test,N)J,Check sum is !
test,'e!,Check sum is M
test,GEA,Check sum is -
test,7 %,Check sum is \
test,{qN,Check sum is Z
test,'!p,Check sum is X
test,?%0,Check sum is 4
test,15W,Check sum is ]
test,c42,Check sum is )
test,0\?,Check sum is +
test,"l
w",Check sum is M
test, 5f,Check sum is [
test,l#d,Check sum is S
test,$ v,Check sum is Z
test,GW',Check sum is %
test,"HP,",Check sum is $
test,{s9,Check sum is G
test,xVc,Check sum is Q
test,[FP,Check sum is Q
test,^W^,Check sum is 3
test,DV`,Check sum is Z
test,_i1,Check sum is Y
test,"s""Y",Check sum is N
test,]8K,Check sum is @
test,Vce,Check sum is >
test,pGS,Check sum is *
test,;Xl,Check sum is _
test,bjA,Check sum is -
test,&24,"Check sum is ,"
test,"R-,",Check sum is K
test,daY,Check sum is >
test,arI,Check sum is <
test,-9J,Check sum is P
test,T\;,Check sum is K
test,'2/,Check sum is (
test,jj|,Check sum is 0
test,sc8,Check sum is .
test,b%N,Check sum is 5
test,3[#,Check sum is Q
test,xHG,Check sum is '
test,"N""{",Check sum is K
test,*3=,Check sum is :
test,p8j,Check sum is 2
test,"3O
","Check sum is ,"
test,6;[,"Check sum is ,"
test,9I(,Check sum is J
test,`GP,Check sum is W
test,JMb,Check sum is Y
test,\fi,Check sum is K
test,"~@
",Check sum is (
test,tH`,Check sum is <
test,aA>,Check sum is @
test,RHz,Check sum is 4
test,9I%,Check sum is G
test,6hO,Check sum is M
test,^t!,Check sum is S
test,A[C,Check sum is ?
test,DT=,Check sum is 5
test,rrZ,Check sum is ^
test,lK7,Check sum is N
test,F9f,Check sum is E
test,}Z],Check sum is T
test,8L9,Check sum is ]
test,JM(,Check sum is _
test,.-V,Check sum is Q
test,QJ=,Check sum is 8
test,F/g,Check sum is <
test,"(
i",Check sum is ;
test,FZ4,Check sum is 4
test,}A{,Check sum is Y
test,Q.C,"Check sum is """
test,icB,Check sum is .
test,"`o""",Check sum is Q
test,mUY,Check sum is ;
test,v;H,Check sum is Y
test,c_x,Check sum is Z
test,wo4,Check sum is :
test,.Jm,Check sum is E
test,TA	,Check sum is >
test,vsI,Check sum is R
test,-C],Check sum is -
test,c3Z,Check sum is P
test,{?>,Check sum is X
test,ZB2,Check sum is .
test,ZK4,Check sum is 9
test,[4~,Check sum is -
test,	_),Check sum is 1
test,r]+,Check sum is Z
test,95<,Check sum is J
test,"
J`",Check sum is T
test,5>D,Check sum is W
test,9O{,Check sum is #
test,t92,Check sum is ?
test,jK_,Check sum is 4
test,us+,Check sum is 3
test,"\,I",Check sum is 1
test,3/4,Check sum is 6
test,=NI,Check sum is 4
test,",U~",Check sum is _
test,cA[,Check sum is _
test,U@$,Check sum is Y
test,2O{,Check sum is \
test,{q/,Check sum is ;
test,NF`,Check sum is T
test,FwQ,Check sum is .
test,!!I,Check sum is +
test,$!y,Check sum is ^
test,y4z,Check sum is G
test,hdw,Check sum is #
test,";5
",Check sum is Z
test,gTJ,Check sum is %
test,]\K,Check sum is $
test,|{.,Check sum is E
test,"""->",Check sum is -
test,[o=,Check sum is '
test,2.O,Check sum is O
test,5[J,Check sum is :
test,2Eg,Check sum is >
test,b&	,Check sum is 1
test, NL,Check sum is Z
test,B2P,Check sum is $
test,_B],Check sum is ^
test,"`,M",Check sum is 9
test,c/y,Check sum is +
test,m%s,Check sum is %
test,etY,Check sum is R
test,4s_,Check sum is &
test,/xf,Check sum is -
test,}s+,Check sum is ;
test,H/c,Check sum is :
test,'PO,Check sum is &
test,Yu:,Check sum is (
test,"I
,",Check sum is _
test,<mh,Check sum is 1
test,n*O,Check sum is G
test,*]w,Check sum is ^
test,;Z),Check sum is ^
test,2KB,Check sum is _
test,"(:,",Check sum is .
test,b+H,Check sum is 5
test,NY+,Check sum is 2
test,J9F,Check sum is )
test,m<-,Check sum is 6
test,U^K,Check sum is ^
test,"*l,","Check sum is """
test,^S9,Check sum is J
test,G6U,Check sum is 2
test,"""n?",Check sum is /
test,dBd,Check sum is *
test, mt,Check sum is !
test,Df<,Check sum is F
test,{.o,Check sum is 8
test,c1Q,Check sum is E
test,FJ-,Check sum is ]
test,	y$,Check sum is F
test,Q{/,Check sum is [
test,"M
@",Check sum is 7
test,yXE,Check sum is 6
test,SPZ,Check sum is ]
test,e@!,Check sum is &
test,%Yw,Check sum is U
test,5\n,Check sum is _
test,=#W,Check sum is W
test,u;	,Check sum is Y
test,s2R,Check sum is W
test,v}D,Check sum is W
test,qD\,Check sum is 1
test,+2E,Check sum is B
test,AFE,"Check sum is ,"
test,&{u,Check sum is 6
test,"40
",Check sum is N
test,cTF,Check sum is ]
test,xxu,Check sum is E
test,<)0,Check sum is 5
test,I/k,Check sum is C
test,tpS,Check sum is W
test,Qin,Check sum is H
test,"""&P",Check sum is 8
test,UxX,Check sum is E
test,	K{,Check sum is /
test,>\P,Check sum is J
test,n2c,Check sum is #
test,@K},Check sum is (
test,cLo,Check sum is >
test,+	$,Check sum is 8
test,qQ8,Check sum is Z
test,2^b,Check sum is R
test,D;r,Check sum is Q
test,xtc,Check sum is /
test,{+[,Check sum is !
test,}3U,Check sum is %
test,sHF,Check sum is !
test,x|f,Check sum is :
test,X+8,Check sum is [
test,}Ve,Check sum is X
test,.;r,Check sum is ;
test,TgP,Check sum is +
test,$a\,Check sum is A
test,_B5,Check sum is 6
test,LP=,Check sum is 9
test,#4l,Check sum is #
test,9E+,Check sum is I
test,-ie,Check sum is [
test,U/L,Check sum is 0
test,U.R,Check sum is 5
test,!YL,Check sum is &
test,J{h,Check sum is M
test, <?,Check sum is ;
test,(tJ,Check sum is F
test,~*],Check sum is %
test,R3{,Check sum is  
test,Njf,Check sum is >
test,2um,Check sum is 4
test,E.>,Check sum is Q
test,Z(#,Check sum is E
test,	I<,Check sum is .
test,qwD,Check sum is L
test,Cws,Check sum is M
test,cP>,Check sum is Q
test,Djz,Check sum is H
test,{^Q,Check sum is J
test,i@|,Check sum is E
test,w^d,Check sum is Y
test,"""+&",Check sum is S
test,{@d,Check sum is ?
test,KG/,Check sum is !
test,t5v,Check sum is ?
test,$)_,Check sum is L
test,%4:,Check sum is 3
test,c;w,Check sum is 5
test,N{1,Check sum is Z
test,yu;,Check sum is I
test,bX/,Check sum is I
test,6/9,Check sum is >
test,[pq,Check sum is \
test,WGh,Check sum is &
test,=[`,Check sum is X
test,gQ>,Check sum is V
test,1?z,Check sum is J
test,#HT,Check sum is _
test,&K	,Check sum is Z
test,5wW,Check sum is #
test,cvB,Check sum is ;
test,oQ;,Check sum is [
test,"\
1",Check sum is 7
test,.hw,Check sum is -
test,"pa
",Check sum is ;
test,.Pb,Check sum is @
test,0my,Check sum is 6
test,|DF,Check sum is &
test,%pm,"Check sum is """
test,-R!,Check sum is @
test,cp.,Check sum is !
test,Bxu,Check sum is O
test,+BX,Check sum is %
test,",5_",Check sum is  
test,Czc,Check sum is @
test,'l8,Check sum is +
test,"}Q""",Check sum is P
test,ek:,Check sum is *
test,4n[,Check sum is ]
test,vis,Check sum is 2
test,D%v,Check sum is ?
test,R4G,Check sum is -
test,s70,Check sum is :
test,@WJ,Check sum is A
test,y|3,Check sum is H
test,#bA,Check sum is &
test,z~C,Check sum is [
test,f)&,Check sum is U
test,#%Y,Check sum is A
test,fIT,Check sum is #
test,<&a,Check sum is #
test,<o ,Check sum is +
test,awp,Check sum is (
test,-3J,Check sum is J
test,p`~,Check sum is .
test,z(e,Check sum is '
test,=?h,Check sum is D
test,GNs,Check sum is (
test,)Gc,Check sum is 3
test,I<9,Check sum is ^
test,~+@,Check sum is I
test,^(P,Check sum is 6
test,%}C,Check sum is E
test,o1R,Check sum is R
test,"aE
",Check sum is P
test,?G@,Check sum is &
test,gs~,Check sum is 8
test,M-q,Check sum is K
test,YDs,Check sum is 0
test,EQ2,Check sum is (
test,J'-,Check sum is >
test,T/:,Check sum is ]
test,Y/!,Check sum is I
test,",W""",Check sum is E
test,Lwk,Check sum is N
test,b@|,Check sum is >
test,;#$,"Check sum is """
test,a(3,Check sum is \
test,PYJ,Check sum is S
test,-Aj,Check sum is 8
test,F{),Check sum is J
test,npr,Check sum is 0
test,o8',Check sum is .
test,V@w,Check sum is -
test,sWd,Check sum is N
test,/)m,Check sum is %
test,	QS,Check sum is M
test,2|n,Check sum is <
test,L@V,Check sum is B
test,@bC,Check sum is E
test,s.y,Check sum is :
test,"""Gn",Check sum is 7
test,2XM,Check sum is 7
test,a/),Check sum is Y
test,d[a,Check sum is @
test,XY_,Check sum is 0
test,4SK,Check sum is 2
test,nPW,Check sum is 5
test,y?y,Check sum is Q
test,3__,Check sum is Q
test,)U',Check sum is E
test, i\,Check sum is E
test,x7h,Check sum is 7
test,",|[",Check sum is #
test,|cf,Check sum is %
test,@Sl,Check sum is _
test,UyQ,Check sum is ?
test,9h`,Check sum is !
test,1Hz,Check sum is S
test,[/O,Check sum is 9
test,:$v,Check sum is 4
test,SdU,"Check sum is ,"
test,cW~,Check sum is X
test,r<<,Check sum is J
test,ymZ,Check sum is  
test,*![,Check sum is F
test,w]D,Check sum is 8
test,D0`,Check sum is 4
test,M?z,Check sum is &
test,\59,Check sum is *
test,']C,Check sum is '
test,"
z/",Check sum is S
test,"9""t",Check sum is /
test,+oS,Check sum is M
test,"@
I",Check sum is 3
test,\[P,Check sum is '
test,(8=,Check sum is =
test,"
B4",Check sum is  
test,K>;,Check sum is $
test,"(B""","Check sum is ,"
test,#\n,Check sum is M
test,mX5,Check sum is Z
test,$%L,Check sum is 5
test,uL	,Check sum is *
test,"rt1.:bi}mR0Wgm2w%EwkuR""]	#{nS2",Check sum is V
test,"L~pOt-v?~Hyz
k67@{	o+R0Grg+:IM DUvl8:U",Check sum is 7
test,+cm]1b]{~uQ{\^|%j5:/`7E,Check sum is !
test,"D
2`}2k(qRhT^agH+*h'n$zJ7IE{sBb8;`]&%_""Z$=.
se",Check sum is G
test,"mH8f(n$%SQtcQ(Hu2KQ_|DEab
8 lsc]2q*UFu9m2",Check sum is .
test,"
8
B3mwpeb8u>HVg]",Check sum is I
test,R29Lem/BN/Aoar@7PkkjC|T(Gr:1,Check sum is R
test,"<?Tj-MO$3|oh8
?2]C[!
",Check sum is %
test,gN},Check sum is R
test,QILIq<n7ALS1Y/K*>MKWad#s2/|&&H$,Check sum is L
test,98J,Check sum is [
test,"_&N;H""8]-<bLx",Check sum is <
test,"m'HYAXaBmK7sN,""DW-vq",Check sum is >
test,"(Cz;iGXAkso>;f`^TQv
8s=nd""?}O3-&_dX=.=#jv;5",Check sum is ;
test,3Up^dh,Check sum is B
test,"`N{gW9P-_UmBwSP#""Bi?@qpy~(95:Tj6;}+4of1h+\i'[",Check sum is <
test,{9+a}5Q|'x]I1F}+Ccv~5,Check sum is R
test,c@6/S`%Yz%*Hu{ rmJQq-wzU_#2x' ,Check sum is K
test,Kn$O%[DpdfwtEi<$p#JLa1H$-a42>9xXu~2I^x';\2[+eff0B$,Check sum is &
test,")p{cqP3.2
;sjx#)pM~Iv",Check sum is K
test,"	uI$O!N-0M%%44s!},""Y%eRBHXQ7r*s",Check sum is 2
test,(u[HL|p6E[[jNtJ//Qq6$/+2Rw_C!btNxq,Check sum is ^
test,"t<f6p@yx!Gv;%CY""`EZ6c#>""rs9ni))#Gy\#iYd!b|\!	",Check sum is 8
test,x<3U3&J._!5{PLx.joy]a	KM[pGK YmbX2iS7R$DUW.eEH,Check sum is 8
test,zwLH,Check sum is %
test,"|hwu=.'""Z1jm5d%2H_-vV$/sX~KuE`-L:<Gw""(C",Check sum is Q
test,"S%PE7Q""
%(pz;l4@BhY:qgr!#P;G}ru5""%}3{;",Check sum is V
test,(u,Check sum is =
test,_SlII9EArb[XW,Check sum is -
test,_+eXTP6`=P%9M YC5RgF86`'{}4z;0d)Dpb{1p-9^hn3Sk,Check sum is Y
test,"8/y
xbHcF}y""0",Check sum is ]
test,"_.,<<kdQ=2Tbijx+'",Check sum is 3
test,"xbvHgT	3I\R:X.[
8Kya?w526o",Check sum is *
test,"{jz""Z-G68_UE4Q`r:}JUzo\:dZI""2M=xZSjG:",Check sum is 7
test,".DpEF"":W",Check sum is @
test,NzWs/y^	F+m ckJQ~iW[`%myCxNJK Yc3,Check sum is Y
test,6{<36m(*VEADm=!b;J	#5fWHg0}ig,Check sum is Q
test,?QA-ZM845.-,Check sum is A
test,"#tA%1PUC""z_}]npd%q1)?~&y{!",Check sum is 5
test,mjOQ72o-zF1>Git-,Check sum is \
test,)XXSr&q.?a7t&*kBv]F.!#*muU'a7xn4,Check sum is P
test,hp;>@r!@ZB)%?]Of\UcG'M?@jE67sOY5uc`B*,Check sum is ]
test,N P|zOg_@Es:,Check sum is [
test,NIKN=+,Check sum is 8
test,8ev(z=8cuMv_d-TI1`=4,Check sum is 4
test,"G\qsmYQi""7%YS",Check sum is Q
test,"y)O(5S
",Check sum is K
test,",H1Y:j~m9[W
s!^~2\",Check sum is  
test,"Ae_
~@44(",Check sum is =
test,"NA\8C1? cf5-	""e1[IqA2_;0a8|cgcMtflOo4)TWl5p",Check sum is @
test,"&T""gQwm3V~6\9';,?0C AIgj7xP*31{/	~88uCK]H	H*>vDa[",Check sum is *
test,".J%7q]S$>taM8A?)d?-?itmyD?'p''b,fZL]",Check sum is +
test,"u,SAG%cQI5RMSz""!","Check sum is """
test,"}h)>cI$^LxAXF1"">dA(AOj6\Vw""#DUmGd$!ms6",Check sum is E
test,"xWQ0hrmwwd\ehA|1""",Check sum is B
test,")vq%,T&	X_'q>E_e",Check sum is Z
test,E<}F%E)o Eu-P&R/58dy0z7j#1/Zn%c)P Cd,Check sum is L
test,"&LhesC6F	:Ke;q+xc+g)s
lQ)5n",Check sum is 7
test,"pOZK,y)9gtRu_D	8sN'sT^&;VJ*0h}	M8b3:MD",Check sum is L
test,"W3L:pp,~vLMR$Pzj?BGun|-0""#NDUY!W5[S	NQXjEo~G",Check sum is :
test,Akv_}wQJwfX` Jd!E)e@ S-^PK&R!,Check sum is 9
test,"w|;z,?//A34>}I>(E\",Check sum is D
test,<tu.9x)x9<OBZ:Vm6>lbKf=~/U7$rut;	mg0Z7=Xu,Check sum is -
test,"8|Z{| $6b.N
g/z'",Check sum is >
test,"b_?Vy5W~Lu}1*|[pcD1dt|g""eZ3/'T#+mSml>GqOr|!*
JPa+;",Check sum is :
test,"g.jH+oY[3hOxGa~WYw6`eRy[Y]=Z''^{b=
a0&--",Check sum is 3
test,Z|GkwQ,Check sum is 0
test,ZPWc,Check sum is D
test,",[*8+jL$0M_QH'Z	G(k=;0L)GLJ	HSV82aaK8<",Check sum is F
test,"-uBzlkN>lo:\Rz5h)z7+
K9;ZZ
xr",Check sum is 1
test,"HsG*
`Qk@@4%*=ADn(INjDLgVyNaRx`n&9g{&6h/I;<+f'@#@",Check sum is *
test,0A'2P4*YM	QRT,Check sum is >
test,"KqX5KG$TIg KB fE4@kgYApw'_(""{x",Check sum is %
test,"Z:a?,p)@b	4X9p(5{!ZFS\|]mn",Check sum is 5
test,"!kDy5""",Check sum is @
test,%y[U>bf~UtVwz;>Mgqna?*w=Kgtw]:Q,Check sum is Q
test,'~1?Yf[{r+?vv]VJu&&i}?,Check sum is 5
test,o(<H82f(NqlL$ED,Check sum is W
test,":(%z{,M6aU9V{""4,gDft",Check sum is R
test,"BTDG8;Cz
@>zW2YI/r]lyhf&/Fp6"",d-/I'(Q/ZctW""$",Check sum is D
test,ErVL}z2\yzE# L2Kz.yNv1-HX	`DU2y8itltf(MsPMWU5,Check sum is S
test,",IN YMzCHk*H_vau)5QO/#^w`(~I#._.	V%.<R_@G",Check sum is .
test,"s^0P""<6D_wD?j
-s
KE%TAt1UUU",Check sum is .
test,O&KH4H?UsJfHK4v1)Gc{ovha$Tefx<TXx,Check sum is  
test,TAbn,Check sum is E
test,"SxL0u!_\-Ta_G>
tW#w\P",Check sum is Y
test,"cqaU/Sbuli6qC$3__(@9GQ""&Jr=k{		h1h_l	HdF""V$1xO!c)",Check sum is Q
test,v.:rZp3Z'tKF9RxcySt,Check sum is Y
test,"""r	x;dF+pa_ek}?5",Check sum is 6
test,0O<gz,Check sum is <
test,"<$Ef[O,l)` z",Check sum is P
test,"L=mCO-2d!Y5
j\dNH3b -RA>C(RBerb^e ^PP_-I8",Check sum is =
test,"
9+,?6~Hd$h#o	mo@fRM[du.f+_uv.^2IbfAX'E*6ZbCLZ%Lrt",Check sum is N
test,">5a8z	j~iw!8l~Y:Ku^wB/'f?4""/1&+5sn$#[~W|SW\^E)~",Check sum is ?
test,"=A'R)6$dz!M;5s,|5~X:#UI=O4R!N""n",Check sum is H
test,%<*4oi,Check sum is 7
test,DP[g}T,Check sum is G
test,"}:	n~!
*)ojcTrN:S,e}_/D Lg_x<V0s",Check sum is &
test,"qcqE9(;Dfo<?/	>!nlyFc,iaZokN5ezLP>b>6m)^+#o<s_b",Check sum is J
test,K&P,Check sum is !
test,"[
yw'$Z&F%3rpRsWisgvLCV7cVlZRm!Lr""x?\",Check sum is C
test,"[-2nRnFH9~4y[Ka<`Eo/Vp\E)i3""w=v_",Check sum is W
test,"
axn]4,iICYn	X}L:>TX2J,f/*yA!A.`",Check sum is I
test,"8+Dzu""vp(",Check sum is &
test,"3%M[i16a.*j^=,(ZL!:E,4f(kS!ETurHmqL.	%^=Z",Check sum is X
test,"tM][Qd""#%crmK",Check sum is E
test,"Htx,sSuQwcD}4C2'sf^7's]>y",Check sum is S
test,"DF,MFS`mP9e}(5gI@CX~`O\QV
}b8Hx-@;<3iA0",Check sum is ^
test,"?>I^z^?^JOCAC3u1OS%=vop3E$G3H,d.&}pe)Ak8dp~t|}T",Check sum is ?
test,Dr Xz:b>;3D zQc'E8>f,Check sum is *
test,bE]\;kD\wTsm[[\Fa-iL,Check sum is L
test,"$D-lhOD]NJ+/~g>%BRad,jOZ7dw*@",Check sum is G
test,"&BU),gqf
~ s(X o!~d\)P|:K,.T3~}fX.",Check sum is ;
test, \ 5]ch,Check sum is Y
test,"i0J84-"">H6e@2",Check sum is Q
test,N<xo!M*|I,Check sum is .
test,&f~1MSl1+_`pO,Check sum is A
test,"sa\""shLq-DacigUpq'I ;~+|Vwwvu5""&H^*t",Check sum is %
test,_>~#]dx*\;d	-5{g:Jn)Tb+,Check sum is E
test,"^t""3x#v.^3@SD]BD@1AvUaSia1j%S>KQIJTG0IkHgM.M&",Check sum is (
test,8T65%>/8,Check sum is !
test,tx'R,Check sum is E
test,) E{	,Check sum is 2
test,U8#HW{,Check sum is *
test,"OAXTE2vw
np",Check sum is (
test,jBs5ZNQ/>Z5wq|yfnT>/RS]~e#685G,Check sum is M
test,"'YV)beRJ{yo i>j>I|*V,d4`XAmh{1Mfd",Check sum is .
test,"W""1gw",Check sum is (
test,R%CO$}RmVl^(dpK]GV46jPuyk,Check sum is '
test,t-ax|1dP+s|c/EV=V\kKYvPD9,Check sum is C
test,",_]hbZ5A48z
HQI2m$I=|E;+FwHpVfA",Check sum is V
test,CBt9-jI[xVv	YM.n`-_v,Check sum is >
test,"72bb~9(86)""R[bnMD,WQ2&l6+#laEd $6nB0I;t>",Check sum is U
test,|fDz|w<b\.&VjRg,Check sum is :
test,-^~`i,Check sum is 2
test,"`sqd[.V%G6krU80u<hOjT*>5!Hs%eTa~$d
",Check sum is Q
test,0V:YBV,Check sum is Q
test,+1@*_ DEY!#C!fcrWDBKG)yM0hi:e.FO0}=7PMoH,Check sum is  
test,l',Check sum is 3
test,7T	p8 wOY$y:91\X(	,Check sum is A
test,"8""SlaW*zf2hTZ,SE-z2H|R5I_kZQWS4etw1DhM~e",Check sum is $
test,H40yd{p_U_O7Q_{1:6c!9C[dyq!xO@1]c<%g5c<Ic,Check sum is C
test,P\!1P`,Check sum is N
test,"Mic${	Su14zf+nt#!jqq_ucr1R9ejMuA
B75,C",Check sum is )
test,"~0F{&cRz{d,	",Check sum is 8
test,	{8T[m%EiA	[ddV	u/DH6}U#i1`@dKD|9ol67}Cm*|xG,Check sum is .
test,\qwN	)0m-{|_4{>S4Cv7'jH}b}CdWqw%4<2O@lrhs?S`m_,Check sum is P
test,/Y;kmvoKcDAo,Check sum is B
test,)FNU_jeNX?a^[*p5@Y7tq-	\D|w>m^\N T	E9c5'{#f,Check sum is ]
test,"*Y
!)",Check sum is 7
test,"h/pn\w|kbY0o+vpj8l!/U8Y|Q%YVx""V&(76o;OcjgiE/FwGik","Check sum is ,"
test,s>%o e'71jMk,Check sum is [
test,"$1c3Dd,jOCa""As/M""?ZHQ""Rc[~^{|a0M]wPsbb(-cUmdS",Check sum is Q
test,T}:7ZO>+g\q91nQ8;S7UKLZ=q_,Check sum is !
test,"[^x`yEUk4,~}8Da~C(n:@}u;@j$wqX39IK`o$'>.7'wSNd",Check sum is S
test,=NKv>+pvCI41gc%)q%:mGcPkmK5V`CL:A,Check sum is S
test,U!z<bss+d/PF0,Check sum is X
test,vWxvE$AJN5%@}}I':C*lFw_Dqia59B)&Z}+aj KxH?dm	,Check sum is _
test,"h1W,WS3qI+Eti<rvT(FV#-!1",Check sum is >
test,"5\ "" U~DN$rG
bq376,+gH",Check sum is X
test,"+AF
s[O9)/lf*hUok.	@$<t#n|4`j T;nsqe4zg,-H",Check sum is O
test,"t1P[Bv:@E'^}kfTyzvXh<Cm]CjH2^Cz5g
0lCc;Gu7>,",Check sum is B
test,j@;KT)?TCJj<>[B\7}E;b+cRe,Check sum is %
test,"vM
xwu7%XSso8(EE!""Ajd Mz,YYW8s5Y^9DBR F3",Check sum is S
test,"<-BT48M""3pgw6~mj?&r^5FD)r`wt)p'-CE`%=	(n hGi?n{%P5",Check sum is @
test,"[V_rnV8ZLhar@qg5(bVk8{pgp]|Xl-,`EIXiTLN{|w",Check sum is R
test,|8<8=k,Check sum is 0
test,%Xy~nfy_e::Bvc4HL.;p|4w7v,Check sum is )
test,"T4a@7""p;ju,	U	'Pe	*8+KbV$",Check sum is X
test,d4#M%xap:	X`T4W?-zAVoK):a!,Check sum is L
test,\'p:jI,Check sum is @
test,OGO~:(5Nww+(*T3r0B <:f1WAeOfI|bB<B,Check sum is D
test,"^\]KIt)_Y<\,|D&Hg8nFU",Check sum is :
test,#!`jOJKwnm-/y}IF4l9NXC`)}$U&*^	*B6n?^zJthSdw,Check sum is 8
test,"gKb8m~~oBTUei2LWz!,#glNp6{@3.q-L!vn20!d.DLL}YMH",Check sum is *
test,g*_9qEzTb6|cC.8O.Sd/lr3Z{<\YW&gQ=,Check sum is Y
test,"]
PPiPRk4vCw!8|lCm!Q
D9D<",Check sum is +
test,O[1E3{~9;eJr{o,Check sum is +
test,"la:dMNs Z&4<x	EWHv\KlxV]E&\6Ag	}t.w?gDLMkU<o,;",Check sum is [
test,FnCqQ1fBY\3Ok*@4j,Check sum is \
test,	3)vc\eZa;Y)x04c~Wv&\SPcA9ekC(C~V,Check sum is 5
test,utuu,Check sum is 3
test,"&zpLX#[-c$lf|P?}.@7*3Q@	}R""b'/8(I)K[?1&ycI)8F'wb",Check sum is ?
test,"fkN2xmiTn^IT;]+5QxrsJ4~NoVM>f?"")!cVq$}",Check sum is X
test,u Dyn7dt_0VyG$,Check sum is 8
test,8T+AB1e1A>a\0[O5;\AMHiwlhGKp&_7pVU,Check sum is &
test,<h%G3S5|R_OM=Gr!P3U/<ba$tV,Check sum is ?
test,U->nD3QDkl8a5|n*t\.E}h_4O-pW9,Check sum is J
test,"vSxq#
0)1V8d^|+eJQp
ko\wRZ'A`yc(f
~(",Check sum is 5
test,"=0?9,=rRb K`1",Check sum is P
test,"Oww;il?kj|dA\Xws3e~<B.31V\z3?VjiBbo<g\\/E
g",Check sum is @
test,"<,J/*D?\?|_qMIVZ;U'Z&{w2W>v,al+=OT<\s?PdVpKjE])KNg",Check sum is I
test,"<&6$.I`M`ifh.V
{xN3N6)Lrj",Check sum is .
test,rX.zI}5hR6wL?Ng}0WhIA^Pks{.?,Check sum is ^
test,"]o+|3HqofA""zD=L}@e-a",Check sum is .
test,"{!FFjE,X'FEW{ZIr`j>n",Check sum is J
test,"ux;,U5@;L	Yc}b@
`asF}i",Check sum is S
test,"4v;[[Xx-Pg7
J",Check sum is :
test,'wlWE(|,Check sum is *
test,"D-;iXLbh/.',Y-.~Zx!6F+SuopNy",Check sum is M
test,	w9udF}g,Check sum is \
test,=(F*bn`.kPqX.OtAJ00a,Check sum is T
test,SOx]>nfS7M1LCy$i8r]!G}sZfJvI#>##_-Qg ai+W,Check sum is E
test,"#/t.D$nUS7E/3_f
i_k(s]_H",Check sum is Q
test,?),Check sum is H
test,CC|XXgRVg)1BY=MY6,Check sum is V
test,"|b~!rl+RE}8fks*""X1%D9*CeQY7W'FP(",Check sum is \
test,.@/Z'syXQw{1'e7'y'K~b>hl]WT	,Check sum is N
test,')\,Check sum is L
test,G%H0\B2\%qXA,Check sum is _
test,Tx(qs@cvp~K]Up,"Check sum is ,"
test,_i(t<+1S,Check sum is /
test,dw,Check sum is ;
test,yNX.e2g?[NJt'Vp)0lu!O?zizcK(\#,Check sum is Y
test,]_H?(=fE ID4xUoXvh1IBa{:Xq|udE[_NeUKUC{o+''Ye)~@',Check sum is O
test,uWhii*iv,Check sum is /
test,7*-hp+UZ:xGR-qpX6*]TQZt_,Check sum is  
test,"m<,
m0D&([jB{Ed*",Check sum is C
test,-xUUVm<,Check sum is .
test,p?XGMu,Check sum is 0
test,7C*R-6:J,Check sum is =
test,"e8Dh?Jsfw>5h@c].$,",Check sum is [
test,"
5""",Check sum is A
test,0rc5pd]=TJZJjyx~ivza	v|YY,Check sum is J
test,"Q,#uWTtHYc9",Check sum is Q
test,"i=A;T>:n:KB6rb|^wp1~phx44{]/-0pe(.W40>,9WsY",Check sum is E
test,aCaI{39<cgH{\tq8,Check sum is W
test,"9.i.kJXcdbBo8""ph
t",Check sum is 5
test,B{1\wqv4y1v'Nk>xzJ2K'+[|?,Check sum is [
test,",RbbCa[6k'}*=ai/Lw4|ADV/khsR6bTC|r""	a{uj#B""1/",Check sum is E
test,"cp\BkkI)@
u/Im_",Check sum is \
test,">_%hdr@""x?",Check sum is 9
test,4c+rb0D&,Check sum is P
test,>(ul)Gb$-DI5*xPgc^gYaD#lY$.pw/3Q,Check sum is _
test,qSeO8_o,Check sum is ^
test,"SOp+FQ7p'B(EENnSXO&)~""7'bKL+T)16V&3gX
s $.Fa",Check sum is E
test,h.h)=$,Check sum is (
test,>mJ|eL1UHw(T&wF,Check sum is &
test,"lJ],K$(dc WE2WU]\6lc",Check sum is U
test,"i,p
",Check sum is /
test,"_[ve>]H;RWqw1vSC%cZn- ""U44AbJq",Check sum is ;
test,{(mx=8$`6`(LUMpCCBRP#\mYK`fb@<:s,Check sum is H
test,"&t{8y)4{/`pbuNz==N7j33E[!KwJzUi6*>
c`wmNY@Vq",Check sum is -
test,YAj%kX:`Nk:!giU8{gg1|	,Check sum is V
test,~1H(GgKJ	&'@9Lz	ZI38[oE>V}Dd^ %,Check sum is Y
test,5QR>%{[F\3b2[f(opn/|1WUj\^{qRD[jSovV }&*WO,Check sum is $
test,"|<W@HAV%	By[SW)1j X1z?->A/y9u=Jj@qRm
,GLJW>i`&XxJ",Check sum is 6
test,"0P\#Vd-J0bt3m8?P,`9|6""DZ!IR7|q/",Check sum is C
test,"X'b{UV,6s9JXR6`$#gK=/S{|
m*Eq4)@4/Wq}bF5	C;K86#",Check sum is J
test,ZtOx+(aak#O$rwz{vt|,Check sum is O
test,xFK&@/&f_@`an&t4eMTLk_Ic,Check sum is .
test,"ty8BCUr
GP6msk*j!6i6I36[O&AI~b$?7PEe3P-J",Check sum is 7
test,"c:=nzd2#ql""lwo{
jih^|MH)nUN5d %PN{t#qBs^GW.t",Check sum is '
test,*.O!-u`[Hg[GAkzAR,Check sum is O
test,"NUjLQCBn,Bg",Check sum is R
test,"(eLPc6`"".@@Q5fO@W[Uu>?lC4L=G)^TX9'zr%ljv",Check sum is )
test,""")xnc'b9Bi!",Check sum is B
test,=_@ZqvpAAG\ZIr7BXSXN%q,Check sum is G
test,qrLnbnXiSygH3DQ=,Check sum is N
test, n}Bs,Check sum is  
test,"q~**NIF&LW`]"")fj3"";T<]DM['whzr8J%ic!Ez&|g",Check sum is X
test,"o""8M%BCOP<m",Check sum is (
test,"rp0R=oRkeTzm""=*y|X:_TBsL_Fzq,j{X)",Check sum is 3
test,l/C( +X	hyfDp~ $*_`R?%ogo*t*%yr;'EIDIP,Check sum is X
test,S8G|kLtKmWm>,Check sum is S
test,B=>ly,Check sum is B
test,"RSQh""bO!aD:MQ\j=u|<}",Check sum is \
test,.;@cR9@m,Check sum is $
test,E;|7+h3X2,Check sum is #
test,7AZ^u2T10!x~YjN.=&apAQ	)r,"Check sum is ,"
test,z2{xS	;F]/NiH%5Kh}P<TmbcvzrX\,Check sum is Y
test,RT1]K,Check sum is _
test,"0 
Q:E][5Wq",Check sum is ?
test,"#2K;aneC];n6x|X""n%O",Check sum is >
test,";5sjBU_)c{+""O.d[$&",Check sum is =
test,"^i(TYGqu3nI
,3ZR:M`6u?l1)_iS6{gY%5c{.h0{Jz$M(M_7",Check sum is D
test,Q'I@F.Ua$b,Check sum is Q
test,"w\hrC0Tz&^_=fB
Y:=Y|C1mCykEW| l2/,,Yp",Check sum is 3
test,Y.&<S;HP:/\mpJ{5a*,Check sum is V
test,">5JzL,&4qik+DN4k&4Q[?vV/nk)#4xS{o45^~qD7Nh%Xwn(J",Check sum is S
test,=E7aP`}i#uNjcsNb\qY<R(N1<\_1KrJWS{ZD6TiZx,Check sum is 8
test,Eeggy:8J~&=hVVAbnDlAi v1NQ`7)p^m}UZ`<D:,Check sum is T
test,"HYs-,'1&9UTqs$1V}-Qg~U",Check sum is 1
test,"/P^RbipO7I]zD
1s!Pc*2a	1jn!e~(B",Check sum is 3
test,"0f%Y~/$nQ/N6c	*}YBxcR}c	c0.H""\2C%O
",Check sum is 5
test,RN+UwF#02P^:a~rou r.n$y4(F%Vb%]]Zuyen>TY.,Check sum is <
test,"""N",Check sum is P
test,">;ZRN,};s@Yp4GC",Check sum is 1
test,"_6p`\<P
E!&DsmM>e,ui",Check sum is !
test,">N,HE-<7Zq)-eKh.aawK`rJZ=8L[",Check sum is B
test,|6i/c`!`qvRP0,Check sum is '
test,/Y{WNfONXW}Ohx(,Check sum is N
test,"NzW:6$Yku""kMC'D0!]KvJ2",Check sum is ?
test,%Bof,Check sum is \
test,amsPd7;f)JnKmW}2E/}X1+1P0=rVC)E,Check sum is X
test,+{,Check sum is F
test,"j7tu>_28h	|:z:T`^Io3LGlA<xU-uI}|w,}<{wZQH?^",Check sum is T
test,"!	u,J",Check sum is 5
test,9/dq+MdYJ>tooKT[Q9Abx1ze5.qCz=:jZ5mo>de	,Check sum is H
test,^BEzuZIsGY],Check sum is G
test,_8febU[~RkP@~/-E5l jVcQki@I*H,Check sum is B
test,k>GS0M0R0s]%Ck3hw<,Check sum is C
test,"F#4
kA",Check sum is 3
test,&d,Check sum is *
test,"U`}^Mx7fp;=ZYG$q'>f""2{Q:%9d{;|r(h]:z%WenBV%T1_{",Check sum is  
test,cIy;Qhb,Check sum is [
test,"tICUgh0oy^U+W||bj1
)h%Mzmx:7gWn'm\i3X%l^&U",Check sum is ]
test,"QSr\NW1Dr0_*!:],e!5L68{dkSrw",Check sum is 6
test,_`0`yQSmYM,Check sum is _
test,G#AoQS+&.fQ#%6IQ#%W/$c\(yN,Check sum is L
test,"H
zksnHF|V5x*;L'!+a!7-w1jLrLz3 U0j",Check sum is '
test,D/:_ACnZ?cTZ= ,Check sum is %
test,"hHXIOCcrdLVBpY=jhlF 
1H0XC%PGEix6	
. ;ij;@ KM)>*5",Check sum is X
test,"M#Ix5`HSb+
Fhjg.Tx]L;U=:,Sed1.0:}N]7;tsIGW",Check sum is :
test,!joH	A3f5w-_IZ<ed/jU-`us`u<@(k_2W	E=#K(6z^:	=|G8,Check sum is >
test,C#~$G,Check sum is /
test,a9*kQ{3A,Check sum is O
test,"R""~P]#!D3Lyt<I6c37'","Check sum is """
test,]Q6+q!Z/7A,Check sum is B
test,"""VzEUVN""5hhG\q,9XEyhv{<3PE_#YEBbCfgjDJ&ds^XmX",Check sum is '
test,"Za[xO#%l{lI[
H^}+H<49<6\figxW<RBTL",Check sum is H
test,;!n!,Check sum is K
test,"#yHFfhFW=)RV{V[dXU',C",Check sum is V
test,Rr2q#iVdB0;6)#Ys,Check sum is H
test,"hb0zme0{l]>CbL72S#lF=\,1~U:YG5P,	<$mB",Check sum is F
test,j&X0,Check sum is 8
test,",,]sd}h|]",Check sum is *
test,X>{K<qX9X#Ym_s7oI4\4D7GILS+Dj6,Check sum is 9
test,"7SDAxMRP`Pf?'{z>`QU1QC;
@<9DPQ",Check sum is /
test,Ubg'd@.Yj+pR<s%GU<&s;,Check sum is '
test,=\VhrbU~sc	o@P^:],Check sum is 1
test,o^RsF]}(9/(n:D`#]BBN8){01Ri%'	KPH0gi5`-MvTvIWi`|,Check sum is L
test,E+ZqQq$NIR1ly<v:+!|n,"Check sum is """
test,"&)IzB	U:dXx!,g.>=_QYh/Y%S<nM-sV.t%~Z]?-yeo7fbj",Check sum is Y
test,$?7Y'g8IVpOV^!>V0ti^;-f@\tOYk)VUIM\\yLFQcSM,Check sum is =
test,~bxT8 N4Rkt.`J)E<@_:]B	F;v71<M=)<u	'u]$z@ZyIzPL,Check sum is +
test,"""pCrJr

\""U\Z:YoGGSzGV+}umRiV=[h97g)
O7",Check sum is %
test,sNkh,Check sum is 4
test,"/#DfU-	u+u""WbiDavq_NV8}AW@}#y",Check sum is 5
test,UgGD,Check sum is '
test,n*u1$_w|fsl{teHV`d+&[/+Zh3e9LBR@	62$g9Y,Check sum is V
test,"eyLMz-""TICP]Z",Check sum is G
test,_q5'}PDv%\y6E\GuNOb}kRlBB2v9T,Check sum is >
test,"1#kGh)~=_[>
<(-S ,h]
H[B_'5|4LK6+Ml1KkW<Fu
",Check sum is 3
test,"cc8~'-bVb=D($!cS3	+@<HjoI/}Bs:T8FMm1O2
p|l",Check sum is 6
test,=a2y>PaZrL($!Y-CoGq'6W,Check sum is A
test,"00gkag
Ljh<[HQW?W
W{#:N#!-9O)/Fx('VZkOK(
zus",Check sum is M
test,"{\(Rfm
JJ&`!^$(qr'7c8He",Check sum is <
test,"R>-g7;
orVEA:EukT!$;~AP1DSOR}XR#-KgiH]|ov<7~<",Check sum is -
test,E4.qK&OIwa*n,Check sum is 1
test,"hm6Q
!kV-h3xJkkg2N6 'eq2KYFa",Check sum is ?
test,es&v?jF'|:08q,Check sum is 9
test,"H_F;	lFT+,'|YQ4'f8Izm
q=SDwg?.j[| |L",Check sum is '
test,"Q_5l^""L7Rje2fFH
/ayX>4Rd$/1POzf-	r""Qat%rS[",Check sum is F
test,BW-uh3^LJ jhF(JH-dG[Nh>Gw\Rd<@Eq<,Check sum is A
test,N=ca:ly1l;5f.X`N&3Yb)U	;xIiA!,Check sum is W
test,C[G2bM{sw|&A	&O-c-L2)#\,Check sum is O
test,"SUu%y""qGDN/liQj|lq>\@x""!t	0!;0hR3X*1OTon!d=u\uhkH;",Check sum is +
test,kY'wQ3Zk\Xpf,Check sum is U
test,"K3f7LhG!9z6FH{9|AN"":H`qhmJYy)1",Check sum is M
test,$zZTjAiDr#WLyP:2#2%9@J`5My ,Check sum is )
test,"_9}U_?u)Y?5>iVv<
`LtO'|1%1P||+GFNe<3R[H?$BWuhp",Check sum is E
test,"2Z`	DWjw'*xbMH\l<U_}9Nqy/]mPl%
7?6o
SpXI",Check sum is $
test,1xMpjc^qctT,Check sum is M
test,"3[[zO""057{0iF`AuVYl",Check sum is [
test,"f""y,r;=[yJC!q&b:*~$h}b<N`W*|l$g>k)q5jwaLE5",Check sum is ]
test,hP>xx7\]|I3(I:J<;Z,Check sum is 4
test,Ted1^s}rZZ,"Check sum is """
test,wk\ze,Check sum is =
test,"%6.\Q9{CAoRFz""\;wk",Check sum is *
test,+XIKh0S|vbM+f%C:,Check sum is 6
test,"go
yvY(9[R:}oWVK",Check sum is 4
test,}Buj<bm+PbIu'La8BJ,Check sum is <
test,"(\<7H&	Ns3oS46GD,=}5OFTfDr6g~g",Check sum is [
test,z3fa,Check sum is T
test,]SQ=sp<jx<783sjLG,Check sum is -
test,?}+G;S_4?- tE0n\(x-zJ{$+bGfEn4A0Oh,Check sum is '
test,"v""""|})^4<)GviF-Aipu&!V.:h",Check sum is H
test,"kg~np""-V)\Jr8JY:G
8w-BbW`S~""P,`p)",Check sum is 9
test,?N> 8{!q*#)7-q)!ByLUGL|S`}S-!,Check sum is !
test,"2M{Wx!41(g{!}SWxn=AXvzWk*=`to""z1v1njz\m<&id9z)",Check sum is 3
test,Mam#isqe],Check sum is -
test,|z01l,Check sum is #
test,"U1/<<<w:^lsB{01!/k=K
KZzg2*y]xh0{U1E<^2[0",Check sum is G
test,"LqB""+V*LG3Z=c1q"":y`?5zb~^R~rJ|fL^BOYQ%FP =\>V",Check sum is J
test,8Ep%9hc?Io.d25'm,Check sum is :
test,Ym,Check sum is &
test,"B6wp:aW,Ec@|`2",Check sum is S
test,")STS:dOlAXgtSXXmF@\,",Check sum is N
test,+V})B)~qlhFh21KX$>0lbh!>Av>cwEX~_>&Lc6!,Check sum is C
test,"4Paz'%#$5&V[4E}x
ry""rUZX Q",Check sum is M
test,P:[*E*?-64e,Check sum is Y
test,Dp/sY,Check sum is O
test,v/fFRkr,Check sum is  
test,`\),Check sum is E
test,".9~2""KO4sUohC
^=+x\	<$Vh)+#6$!BKK",Check sum is ^
test,"""A+I5UmDbg}OPHE@~RJ1F4(J58z(L]Swt/Q!6P*","Check sum is """
test,"%!.q*5KD0SH*2G>jbe Nt`a""[g>vA\\)
i",Check sum is  
test,__Rq)y,Check sum is C
test,"p><tcNADol`1j Ltz,}Gv6M|W0 u[5e;6V#wrwr`/ 6",Check sum is ;
test,oaAFdaAXbSz	U964^`Lp-'j(uD[M~s~k:B$Jq8wSql=Xp|,Check sum is [
test,".9=""XFxp75Y]T-fbGu_gCP?",Check sum is +
test,"f""ry8X9z*@OpNte	B[
Vqs17uZaOyU/,S0",Check sum is #
test,x[R6I?k\$!ZyI4K?pqNe%4iHKhb;_AS&Q}Y0O@0S3I,Check sum is U
test,"{srT/Xnf)n@t)v) `14MaCv2^`+>=RnY6sI""$v6aUu",Check sum is L
test,"pEW[Z""N]bjh'_+?@lqiW=\f5{~^Na#npw*5Zw2:<",Check sum is 9
test,"(aJ;IJ+J5L0161xZw~h,/I2WsYb^4\|",Check sum is 3
test,"|D}9@v.04+.{W4QL6^9y]e'UYf$,q",Check sum is ^
test,sZMr;ie^NMi1DE sTL9~p;b5Zm$/9U1bMck,Check sum is S
test,")#>G<+#%!!;E~WFN?]b?[4n,N@^B-&{%)",Check sum is ;
test,"JL<V].&os')!o<fTc&<Xn{2$jQ""-,qQ	QkdC{5QA|2:D)",Check sum is H
test,1Nxb74li4#<H5uWBbpZ.(t[ygA9bPvu,Check sum is _
test,fi#RF0;Fmr.gs1]6MN.CSP!_ Yx[:K$7jH8{xtV,Check sum is H
test,"se&m3Ap4DE:_(g;_bYeO7kP#sd""=57SD6
^K&",Check sum is :
test,"6#>c"":(Gj$dwjL#Q9,",Check sum is ]
test,"@zio<@pSIoA<jh5ofQA""9Mm%zB=h34H{G]fxQYm_joz}",Check sum is !
test,u-Kq|%-/e< hcvOdwMuK/G2(_TzMB,Check sum is @
test,"7%@
~.\|r
	Q:;tJ
X<I0QgOr;O
C'H? [",Check sum is #
test,*u-.kb+{*Qv4-Kztw%{0/OpX=.@CJI7+(7K.H*Wn*!,"Check sum is """
test," qYO
O2yy(SDu[3gKNCX,@m_h7XoGuhT=& ",Check sum is L
test,"a4}#VP3jW""M'*>
E1C{Pj`d",Check sum is )
test,"@g
ot_m#e+!{c3|i(ldj`QWCyuph9,)opcx;+6nKAE",Check sum is  
test,"@}e\:wKKUE,4G(7{V}nY	",Check sum is #
test,"5s;OP4?})h,dX3'k==o%dE#%/ N;",Check sum is '
test,"p0|G.$
(s0",Check sum is *
test,I\003${:-Ls4EC~,Check sum is W
test,;N4V(2mp#o,Check sum is <
test," pCYLcWqY
L{\",Check sum is I
test,"Z=h!qLuKS)} S81bHT='$`^P>\#""T\wub-jZHKa1X=)7*)-he
",Check sum is %
test,"VT%mshiqf\R}
$UbeE",Check sum is 1
test,;cx*/Wg]IW	8JlD;fT]9;1Jym/#JlHRB c+2EK2saM\!<,Check sum is L
test,dZ<i:$<H>&su0b7wy,Check sum is *
test,"nV`dUF
Xl_b XmDoY((INU/SN'",Check sum is 6
test,noVA;G\wdhPYzwSkm{wYDm>1{%cu[E6yb` ,Check sum is N
test,"*k|E;	/
tHh,,)(Ju	.z	gp>G6G",Check sum is R
test,s6CBINIek)|SX	^@%,Check sum is Z
test,"b^mf&^Rd"":,#y}9r+Ujr(XkjHZ",Check sum is L
test,-!p)^2RrKlkc(JWk	p.p3e'NCKRc$=,Check sum is \
test,x:xex/+Ii*,Check sum is ]
test,"1@HlOl>R7=Y*90#~YS5""cP	^s(QC+qq4zLRmk{d%GJdL;4W",Check sum is Y
test,"$ @yaR%w
!;",Check sum is R
test,"=F|=&LvAF\.8}*`|HV\/5""_j",Check sum is Y
test,"T[(<M$df|:L`n
yH#a`dbt3HXe?#wcGCp;jUw=?*u""-{up3S",Check sum is V
test,"t#Zb P_~Ox8^G?D}`t/,/[a}[+F2H&+$|8THXw",Check sum is U
test,"#lLQAMy>He;X)o*OwpXvK0""Bjv$nN0.d0&;IN:*Hgw|xa4=A",Check sum is 1
test,"L`H#oU)""4
C
L&Z$i{{m",Check sum is M
test,=N%Z>~qH,Check sum is _
test,"|Jb?""[?NMm$Lb_5}6)?6^i]jW
~ZD=vXGHxQQFy+""",Check sum is M
test,:}5vWCl{w'~*YX[>,Check sum is S
test,"NN+NjTym3u1Y]*X[,-CoB/UGKU88@0wO8RGZ_T	o&cC3Q",Check sum is I
test,^<4?O(Gl2nK3-;OS<r<`I4	s^Z(dplc,Check sum is E
test,"a}l),HnuXv)1-Cm0vooik.8g{hhJd8%~$7""(44l",Check sum is !
test,Qu{rcE?{:<S`3O	hzs+,Check sum is )
test,@Gp3]<S2.%Z<tO]jaL62MI6Nvp+k#'?MwSVCG&U?~oK1U,Check sum is >
test,"x:k7n,eV 3-i}^yBNQJq2pZ4#Au38{j[vjChC~~H",Check sum is (
test,"rg4Shp_@\x{_G
7\ (8NS<q",Check sum is W
test,<92we9@]? 97WeXE;@OG}7pZH.Vig!&Wa&9@aQP\k,Check sum is 3
test,"r?Ywx*_dB!""uzp",Check sum is *
test,	N&p%T$ I.?@)(1&=,Check sum is %
test,"T5L1tW5*""l",Check sum is ^
test,"&,P u5.G|~E&]",Check sum is C
test,"CGvmcC;OT2s'h1,|IpnldKr[0[?~t9","Check sum is """
test,"kJ7k~rh|x74\
Z-r2Ws	+O(2>0|$Q<",Check sum is A
test,"T&adYD3	xw)94ZCY_A<Syu4@cN MHN""JeD8Y^%T[T1	}:Iy",Check sum is W
test,yP\b1_+>nu9+C*Cgmpy*;,Check sum is 9
test,Q+<lL^>tdMuxKruNGo,Check sum is 4
test,_<B]zR2;[|Z,Check sum is D
test,"n++efNxk8q?""d;;git.	09=PE{wSNJ|{O%
8z",Check sum is >
test,"j#!9/lq5o
E3POOR2yAY^_H~53/'S']JkJ7fBw3U",Check sum is 3
test,4>78^@c,Check sum is B
test,"Xb$uy\e7ks^g~H(3<-v^'^&gmE,rCntNh8OG",Check sum is 0
test,*J~YX-wK5	#X?9>9eHE'pLOPH@Dx:}R<d c.*e,Check sum is ;
test,"c,%h:<k(oo-<xAdKy5ZA
]xM]Ntyj",Check sum is +
test,U+q$ea`O{c7QnZ!,Check sum is 9
test,]v}N,Check sum is >
test,|yHH,Check sum is %
test,"z~W\if1+m4u\	\,\p*i_U&{D",Check sum is 1
test,T5@,Check sum is )
test,^_Vhd<d*Hz{\Vw~w^5%,Check sum is \
test,d{vssu!8R< ,Check sum is W
test,"o:""/qQmca<Vu7s-3ZLFgfq-",Check sum is 5
test,.n*CS6=BlNCx6Wmk\2oO%?_)/^'`g|~GMLqWgYl{m,Check sum is 4
test,"o2VG5=5vcS	(\5T>0>
m(-H_:J{o=t;lkZOs|vY:r^>9CX",Check sum is Z
test,mv&416zX-0Wdzbtef`M\-`G`X9`vF,Check sum is 3
test,sO6'PXz,Check sum is !
test,"
k`N.wJj2:By~s9KW(7y'WhI""S|n&4R""",Check sum is C
test,"kRx/Y-`=!Z~tbORzjy=<7j]~b(]+K9}Lf	R"";JJ",Check sum is :
test,4/B3/|.%XVIlTF_(TJ],Check sum is 5
test,"m""|+N5'Dk6\Rn|*M>E^S",Check sum is (
test,@n\;>G\:eIw+Fn`p=)pnySDBgdJm50,Check sum is Q
test,"}W_#]^n0
}H.gyG_b9er?hInwhVZ?H+-\
7JeaXDxA/2x:)~",Check sum is L
test,E%-gP@w0z>!?51s<m5u_SI*rwFA	WsXU_}zY[,Check sum is 8
test,>;N9	k)3x'Z,Check sum is )
test,M-	RN5.;\Y_\w()oNX CL1]f*V:&c6A%I*,Check sum is #
test,79mFldH*HSh$?5-o0$TPQ\?g(jQF-,Check sum is ]
test,O|CePahPu\?}P)ROSC9Sb}L$1G#xHwUJ.H,Check sum is ;
test,S%x#{v*LBJ<_,Check sum is A
test,"R;/Wc3	DY FJ@<
x^,gb""&B-q'""1T",Check sum is &
test,yaMyd[ZQNRNZ0 [5[W7#XgyZ|,"Check sum is ,"
test,HT0x]lP8=1+8<_6YN3(7zD_DfD__K2(Ycm92X}HgF]wITxV8_,Check sum is 2
test,"NN=	$sjx+$WdzsugL""R)b(2",Check sum is 3
test,"pV2*A*TGzJz2/`%)ogR1n	0""97[z<Lllr<
qO65+wZ?d9De)o=",Check sum is U
test,"jqmn)]NGu%z}a^B>""v",Check sum is Y
test,`*[0jwARRb~T+6,Check sum is P
test,":AQPtq|PNCIQ<:Jh%XK~o$|%-;>hmKi,5K",Check sum is U
test,sdJug5 1,Check sum is #
test,{S3XFGIB\[26&*,Check sum is @
test,"+<u)</DJ[OrWOViS$m{+e04dp/{/`Zq""]y::j",Check sum is  
test,"yKRNv2KvUl.W
*gT!Z~%wMk{apUIe;l4{'>T@qAV9@""075#kJ",Check sum is $
test,"wgY3LbZ""{|3!*c{j%Z/5OnVT",Check sum is ;
test,S?KFyh_-`<?ua*%i.dRkX]Lh'I27,Check sum is *
test,Uu~~2Pg3hVTHJ;'qy,Check sum is 2
test,+&5\={Y6^oM_G ;^KBde(d[v,Check sum is 5
test,tT8wGK{'~R;=w-_4.blc{G$,Check sum is O
test,"&,/Ckp.e]7NIN8$wge1z8h@B`-i}1+HwQg*;\bmnULa[[",Check sum is 3
test,"1Bun;#P6F}f@KWTlaQj?@MN1K"",ETO(MH8k-f",Check sum is @
test,k3Nn;[;0JWX~CEROe&]yaj6`:*	p,Check sum is :
test,29l,Check sum is 7
test,>q}vk@	jQ@-< ,Check sum is :
test,"13Yh
diy<o.h)C0""E9$X$xIMo-hrh)]?CM	z*ND",Check sum is 2
test,"ZnyZrHB6e,EeYXDHq6",Check sum is L
test,Iv658]c`	M! (f(Y$'qvtinP*ro7#ym7/QH.jSWqlAU,Check sum is T
test,"9?z](+abzL_:(kw	@0x%=tctGjr}RY},}vMG)(",Check sum is X
test,"""e%i|`V l!=KhDYL)GwC""I'w0{J=0t`",Check sum is V
test,"!\Lr~XJrGIfM,	JlY$^AzBKKc~6:34EM)C",Check sum is ?
test,"wh_m4WTXUT(a,x1{\Qd-	z7",Check sum is <
test,"	1
nr~ ^*NP-vy:F<l$$""G\jQ>&l0(B.jNvayAb",Check sum is W
test,`<|9,Check sum is 1
test,r_Onm re+Q	F@#s!|ZZTH4jhC}lz*9{+fF*(03+tc|{gj),Check sum is )
test,"aJwSHCX]zy.@
n1f Y@6[Bp!tH]H
k|x","Check sum is ,"
test,"C|h`:W VUnS	Iy-F1puStW{ohb>;^M&lPBiLT2}JA
{qh",Check sum is S
test,VPsP$ug37u.QH,Check sum is /
test,"W""/v9p9#UU/>G$)ip>\zUo#"".G",Check sum is Y
test,"Vn~S
1x#k\)f1ta",Check sum is '
test,Mr&+Fy5&n*P{6,Check sum is #
test,"\r!Fgdea%Pu^!e
x<<",Check sum is .
test,p8>[NpfG4;A5y/},Check sum is V
test,|=--#,Check sum is V
test,"4^u/#iD.qT+[Y~;u`r3u=mE)ALOG)v7{""Zxb",Check sum is B
test,8f)~r}VxLyztOnbpEoyzOhp&rmNXBO|7,Check sum is !
test,"9L ?3q@L{+59_9W#Ie_^Cl*S
	v\8:3Ixzl? J=1>",Check sum is 7
test,"jcg""s-wwB1p5Bwl{-1qB%1lbJek YX`	ouk;N",Check sum is ]
test,"[V^-+NT
1*DaEe4]<^ [q?Uxfxg3<lI?h",Check sum is P
test,aVW[	k?t0kXA\/b,Check sum is Q
test,"L{5dV)<xV~1	P`W""\'DiS@A
Tf]^W]T,z_L	(LC=",Check sum is C
test,ft7RDQ&+V	.ZuQX,Check sum is .
test,"gMFE!%K\1;0p:p3~\r=D""RC` Nf
G^c_r!W$33Tj
|E#=xX%Ag",Check sum is X
test,"_
UC~KI` THgY",Check sum is O
test,xU,Check sum is -
test,ic}&bqa9,Check sum is <
test,"v'a,Rnq_6%b84;d~K[_l{NzV5i=Y77Y@	""LaWRb",Check sum is H
test,_ $}gjQT[k=Vyh7I&JfOqorgkB\t26v?s[n,Check sum is $
test,":""o+.|h9f;!,h=9mjnIq","Check sum is ,"
test,"K7B}BZ7;Qz#@|q.""<l8CWy~<R,h/4SH6""C/z3oIry&~Hr8gg\r",Check sum is 7
test,qN`W:nkMSc}s,Check sum is \
test,"k~}rNDF=L2Fj>JbHK'f,WaSK\IQkkN_X<|JKGm&2tJ;60Ha",Check sum is 9
test,"/g3P750IVRykHj93K(lb#H20Y;U
>FPY!",Check sum is W
test,OoFDzP^=g,Check sum is 4
test,",2Hn-5en \|UX=ST2K",Check sum is /
test,": ^2;cn;MfWKhQ9(y]7@$'hAQv""I	sArYh9l6%t~`7'%wSi",Check sum is +
test,">h}PCmv/}=B""Yl697}	7y+W)HiCv\d&VL^S8<cm0w`6@OHr}Q",Check sum is M
test,"a\CDDf"":IGkYAp@D~vO
-@x-J
O1.,PP^",Check sum is >
test," ,","Check sum is ,"
test,Z-!Gs,Check sum is B
test,"n`/PkDE02vH9""ute#SSbvW p~-<2",Check sum is K
test,\P,Check sum is L
test,5b1%$4.1 $+b,Check sum is U
test,"4Qy""Y\o\ADNV1nY[.:4n-z\+",Check sum is 4
test,"g\ph%7?9DTjm'UmLx=""?",Check sum is I
test,46V2;D#n&4&s(umhoN0qbq,Check sum is 8
test,l!HY]{bx`U5B2<,Check sum is Z
test,321cKU5}:NZWd_aPH0o9VGz}5,Check sum is A
test,;-~JI[\yH,Check sum is Q
test,_jMPGgCk%eMHq?@	.kQFMXI\]m.L-}[{XT)0EW;PU,Check sum is 9
test,79&K %lmDn.W@M20ysQm&~@yUX ,Check sum is Y
test,/z7<7Y}y&_3EF->**sR7p9yw`Tcfae3^ijXMqDD.,Check sum is L
test,{k@6xm@e.35yb/Z=zFYS:0?]y'.hzoJ@NQ<,Check sum is 3
test, D	G1CPZ{sGCqeyU?I0o,Check sum is 5
test,iUL2Jjl-v:m`Tz.'{Iu^V]T&v RQy,Check sum is ?
test,'-:5	5:@^Y,Check sum is R
test,mkjXB0,"Check sum is ,"
test,";[<
?Z}I",Check sum is [
test,"Z[]|
7%0KanQ__cWgNp<raDYac|2jfr4 ",Check sum is @
test,q$,Check sum is 5
test,"2>?j\rV,d`|vNVH:mZqUb&#$jLCe;",Check sum is Z
test,"y%t95@%RQ
",Check sum is 2
test,Ty$O@sdaSM,Check sum is 8
test,";-i(gAnd&1
[
I2&ES{L~/,8K|s\F3=o",Check sum is %
test,w1k2`j4u}8iaAnDdwi,Check sum is N
test,"3YpS
1@Gn#,AJE* 44;5t'^k}B
]amsZKx>lI@40pN}}=hb_",Check sum is =
test,"]rWy!i0lo<TzsLjIH8yI>.P~&Ru
5kR~@GW",Check sum is Q
test,y7ngGfxT{h,Check sum is A
test,"zc,:MT%R=n'flu;i%Kx<P%!iV_^fpFFlG	r",Check sum is >
test,#qQ	b+#MiKq@D-_Ph^Cy3 EuO]CHkE-5e?o	k/sI6%UA]e,Check sum is M
test,"#05*d>j\78en	,+FDo0mc[pD=AUb",Check sum is Y
test,P8S,Check sum is ;
test,VB|*(w,Check sum is =
test,"bcmcATZDN'	
;GZEe!kZ={*(Tk;/5Dg(6c9IJ",Check sum is <
test,lE/fA,Check sum is '
test,=?4${c<	+5Ffo15RT9NP^`/~l,Check sum is L
test,"v08i4>w'1[,]D#K^p3C;rRso",Check sum is #
test,"+V'0[GQyi2:)"")m!$ `",Check sum is _
test,Tg:Tm>gQ9lP||pi:O(g	;URR/R3&>fK6&Z#HkuT$l,Check sum is U
test,"Oc
2q@+6]G0a'v(N4nFWN(E$g!""st,	_+*fE[?D1(_Mw",Check sum is E
test,]Vm,Check sum is @
test,mh3H,Check sum is 0
test,-5\3F{QfKCC56$bn4]5,Check sum is ?
test,"E-q;$qm~=va:FLg[$5p
*yRiM2~i`H1^",Check sum is .
test,PG5zemhu1Do 0+S$qJZ6^,Check sum is T
test,yaJNY&!og]PM,Check sum is B
test,Ds1b,Check sum is *
test,"i]C*DYt""1CZ6;)JdMh5m=-qs:=s9""5@gGO4GD>L!ny=
PnB86",Check sum is >
test, _FA,Check sum is &
test,rSork#i>4,Check sum is /
test,"DbxYY""C",Check sum is U
test,"H!5Ee\3GOHB=#7Xa\o\\:t \6J!U&?9*r5Qe,",Check sum is [
test,"q=ZN""",Check sum is X
test,"5LJqK 7Z3hJ%15;:!$t@O-O#""CeQ2fp`vO","Check sum is ,"
test, ndo\@IC-l+|Q0Q/`n7@a^k5<Lx610vx0=*g(S)6	$xwl_5,Check sum is G
test,cxb	$}xa/,Check sum is O
test,"OiJigk>Cvx,Na&@'s]V;<\O^]",Check sum is 7
test,%(PVsS0?PQ]672qF,Check sum is \
test,"'gGU
a:./nVC5(o!A7V?^LO~~7oeapLyzD:>K.^5;",Check sum is  
test,.2U$ZK%%b`OEvRXS+e0uI~HwBGmFna6dmK'4ZPEe}IZV,Check sum is .
test,"f7:N6_ph:S
]>&iV7l4{t\hr
eTSZyr%P:])R}9<+DnRF>y",Check sum is E
test,L]ji/$xHr[b<--!G@|xc-xc@8W#BExBRwfS=9_!zh1,Check sum is 9
test,".|u]C]7./{`,kq|}3",Check sum is _
test,"|'Fw_Itml@l`fiK1T:^f8KU,G",Check sum is )
test,buX1_S3{gpc,Check sum is Z
test,"iW?:C	U,lH[%LdEteKw(\)Ft[Mx]3Sx_qh",Check sum is D
test,U%}T,Check sum is +
test,~#O_:ZxK0}	2_PJRY:D?<zq!&?\V<tE	3Abn,Check sum is 0
test,"AD_b`,6d}G}-!^Db[#	wv./<BqE]YA2`Oucpi]oiOW5QUqA",Check sum is U
test,ihn'tm~\'?9OnIYk=taJ}l5AlMm CM^,Check sum is Y
test,?oq'3v>`RWk6'K8Z[,Check sum is V
test,"pPrc
k%FDO}{ak|,UJYemXmS2>Ij	C'Y7.&'Zllr4n)H*{w""f",Check sum is 2
test,"P
UC>mq:%
MJxF","Check sum is ,"
test,"\e.+8[k/26)=z0
B",Check sum is +
test,eK=mgkdjt<Nb3=5ovyZ,Check sum is W
test,"_yo=<giLW#BjBp3`cUh
dKw2SUpg	1""hQr vr'j}6]pLlEtnh",Check sum is O
test,q[xfq*oY`T]L#-j%\qvO16b!3xU|~pLc7Mnbjc>z[,Check sum is 2
test,<jcLKRq(9F54dZUN[(fT1-2-^!|&,Check sum is O
test,a9:p+NT'_GT+!59:FN}@?7NEXR{C,Check sum is H
test,"t}m	2;sR9""UtuhcB@\<2WC`IqnR)
eU30^#""kpO_w",Check sum is P
test,"Fm$bMQIN{T3il?z6pnsRTG]#MEybLD,rkA1#okK2Z",Check sum is ^
test,S!`k]ID40? hhP=Jah-9D?X2W[SvuQcvecVo~aG1s<#,Check sum is ?
test,yDgt\?`&w\,"Check sum is ,"
test,"vruR	$9J#U?!+lgmxU-il9s	<:M^?2
","Check sum is """
test,l2E: #<nhKPgKj y{I~A,Check sum is %
test,ca-l1 Mjyty).7,Check sum is 9
test,S=[0 vXHZAIz3Z!,Check sum is =
test,jbE] 'ytJHhppWh,Check sum is [
test,lw.C?*@C1XEM^|_at66N>I7.;(V1}Jq~7tenMVV;>9,Check sum is 8
test,$Ekk8'OQ'ZWu,Check sum is +
test,t*`Lg9FJpkkJRHk}r)v}C,Check sum is =
test,". 0Cq.Rd,Te-	f*^^.t#V<ej
\Ld>L,",Check sum is O
test,""")>B!(S1Wj\467,D=B};]~)jH><g-uz	'`1&l#@KkE",Check sum is A
test,"iad-L>wT|3|)BU46CQVo&#Bt:B`0,.e2AU=KwAC {Z<>Ijfl~",Check sum is E
test,"posU`We""t^$5LOZ|PWtFD&FVl|^",Check sum is N
test,(t%8L!#cr	`p<eC42Zr[:]lU>I9Gb)^n)]y|ee74{,Check sum is )
test,"A5L7%R6!bi6x
=a?_H0P",Check sum is .
test,"&(|
'`fC{x6gzS>Gw+1",Check sum is Y
test,n1!4Qgj,Check sum is 6
test,tP.QAyv?q),"Check sum is ,"
test,c	'as_~QQ~N;`,Check sum is -
test,!*X>][?h{Qus!i-F yC(pXw?c[^x(_WZ#%>.Z<6CK,Check sum is -
test,"cn9 iKt8UI0s	L5o&\nrD},h<1+I.)et+	i2l dvB;=;",Check sum is V
test,DfWn(@196'xz9(j7,Check sum is 2
test,G\#WHi&E78>IU\Q[}L:gA@#,Check sum is :
test,d-*ex,Check sum is 8
test,S;{m`nXUSR?VGI{2Wi1 >o}kas_G.U0!_>\GWt!cud?i',Check sum is 3
test,%0QV,Check sum is \
test,e'_7y+:5.4r3Z`&uuC03F-:%{pecB.,Check sum is A
test,"rMAc6g/x)hOs-Na;w-j%Xax7:-bH^f]er7.
Ye2(",Check sum is \
test,"as./WkREV&4^@gEl3vS""`M(A`62mFjr",Check sum is [
test,"fl44&Ih4exp`:]<)Zn`cF>W=
",Check sum is ;
test,"eoQp""r",Check sum is I
test,"[T3}REPK,)OVj;Ab<9@k~{)#T=bk+rh+",Check sum is &
test,"<""aA^gpa3dHR5l-!N""Wg*k:D++0qKwQgUpm6Hy",Check sum is 1
test,1*=?=4T>xZ+It33_IZ),Check sum is E
test,"SzZ9^{z,+
VP5`R!B0Rf|PnD	<mMvS+&J",Check sum is -
test,O`RZ/)$k,"Check sum is """
test,"Ta*pG#^j
9""pa+DOX'q/cD=R$Z=EyA(i #V0!s",Check sum is R
test,+P?C4.,Check sum is ?
test,j[]QWOPHWT^Acr9%!\6wss|(/G\Td469<C8Ha#1qOu7d,Check sum is 3
test,"eU;a}9_7ld\""wh.@eS=fuz<;PeK""A4
< .",Check sum is I
test,"mV}=SgcSYf50Fte(Jq,-bB.P=6IZ:o<$pyW[Do	,ekFf'g;a;Z",Check sum is K
test,"b<|f3
^""BB=ea9PTIiobL,yVly!^rH&",Check sum is O
test,",:6]qc,bmzr+gNYimq",Check sum is T
test,"M|s+10?\$Fz#\&""Kb:8
E'5^$2>\L]&GQLPH h-!",Check sum is '
test,pdDs,Check sum is +
test,M/4ThCQ<<<TCwrS#^tAl!8cj@v.2>,Check sum is C
test,"i]1
7""	zI!A	.(%1_>[n,""MV(sg'/",Check sum is L
test,sNXY2\Fv%{oyf%qV[-,Check sum is >
test,H44NB!y*-qYBQcQX=3Sin&_4MO4u/0,Check sum is 1
test,"U9<<^m~Rd3QO_@J'<C9<JJTV{i_(XqWRd_Z7Ef>kq
-",Check sum is '
test,A9C_i{3<VUidt[GfdO.W[dNtrtWG*Sua~V^UKoF,Check sum is Z
test,clJ\W*_sl	~JLB*WR]^veUmQPVl_OW,Check sum is F
test, MNRPL,Check sum is I
test,L>$cmo}G+lBD}*,Check sum is U
test,	hd8;<3Cf7W&W%CD,Check sum is 7
test,:BTJrw^^1s|c@46}&% N=aM	6L+UH]$xzB,Check sum is 5
test,";1G89pH,tRg[Bi'1B	/)",Check sum is V
test,"#Id.v/""p0/OLu)mRAkchz%f0R_BM?Xt:elmK'=t",Check sum is >
test,Zf%y<b&FYkWL\,Check sum is K
test,Q].uA;uAyyZUKf;'l,Check sum is C
test,sN?|YR|-KPf.Q?Cs2haD,Check sum is $
test,"%)`LnHx8ipz,@#yP",Check sum is +
test,"~z|Zk\	%p?}W-wH0R+""%U}0ot665iiyn",Check sum is E
test,"N}vX""ev4fRh""""[DjsP*bX#!Wy6><Dm(D0

|_""DN'yj$",Check sum is  
test,NAO&]L*K,Check sum is B
test,sBQ`#=:}G/~-9ky$q}g.`BHM7 ,Check sum is P
test,uoI2LTdMk^X_}m,Check sum is :
test,&MM\J yaS	G](2,Check sum is Z
test,V[E*PZ&-Tik_Op,Check sum is C
test,"8%m@#c,kUAkxNd
8lYqkhnl@G44",Check sum is F
test,}1|GK f{z':[P(`XoL89Z&/,Check sum is ^
test,uA6,Check sum is L
test,UTl]!maTMPX;fBU(Yl3Z	}6m.mP#BP[vAxN,Check sum is ]
test,sZG#m+.)eV;,Check sum is <
test,$Pa,Check sum is 5
test,"?b6Q0-^);Fg
2=M",Check sum is Z
test,|):XKu}^^~&u05K~V#8[P7+_!d[_gbUx]Z91jiozq+Y,Check sum is [
test,6X#+V*\[	wd?=Rz)?u&rtzELiD_wX_-5;%A',Check sum is 7
test,"3	C/lvw{	B<.tU  si>d}GlSFG,09tbBAvxq~Bu@-`a",Check sum is ^
test,h|/t`>ca 		lk+,Check sum is =
test,u^^l8	48'YM]'xs9\hud3gt%2{[(`nokbjo+qoH&3?a-*~z,Check sum is ]
test,"EmZ!g""^3BLeua[KQ!zd!$y=qZmU9gV1	0",Check sum is N
test,"IX86x6<zeO @;*""	hv|I@DWj
cC+Ue6Z>G!cq,GJKrM7j
""XBq",Check sum is ]
test,[aKy3!,Check sum is 4
test,qJxJi>*c.L{2B.Z5	F#mM=uSph/`cqiqzj3sR',Check sum is @
test,"R&(z%Gop
6 EB}=V9T;u:2[902,F%K",Check sum is =
test,&5,Check sum is ;
test,"U`v;j
9>_ZXBSuRDd<",Check sum is B
test,T<PI,Check sum is I
test,@n[EKPS-:6TDJasTLc}0,Check sum is _
test,]*Kqvt{3cv o\:L]nFTO3s>)t%ctR/?`].[SGH|Z,Check sum is 4
test,b-,Check sum is /
test,"5%kYEA	4YzfI,,",Check sum is [
test,aFW	Y44UZG6xN@l{PkkR]ir|',Check sum is T
test,"v
wb3*@us)AbCx qDnrXKTW<",Check sum is D
test,"o:R*Ir,yG'L`bt(2$nrimW%Sk @R:>$HA0KxwX",Check sum is \
test,",3@L>V&bx#N_ELKepm25sz#",Check sum is D
test,"\`Q/""Rlo&IuQ>=P@vzr];($
\`j5.SAy'?",Check sum is 7
test,"aN{7$evruCC %X,$dS\>bIuGSc",Check sum is H
test,M]1e0ljM${cK=\]$2S<p	FGluiJ/qq3#>^;,Check sum is 3
test,5ei|4Dk*jXnu*,Check sum is ;
test,"9'F\hsr}?cG#jV&X'U!rZt\|<46{
R""UCvve{",Check sum is .
test,"P<Lt~P|6'neT,Pq=4iu

N`k4rbo':Zm",Check sum is B
test,oPff7N/?x$SUgZ5e5qq,Check sum is T
test,"Ca4}C
,&s1d(jM,L{qXTWMawN`Lel
Nib},ue#ZO`
G:Z ",Check sum is )
test,Hh|<OB:9lM	L\B>]I,Check sum is \
test,"6QICxTl]
#^8>N~OC-;N^s",Check sum is .
test,)	.t)LBG4f@n^J,"Check sum is """
test,z++&!1tf03yB,Check sum is  
test,Qg~qiDXQuJ{GODI	:R8b(,Check sum is Q
test,yS0igB,Check sum is .
test,5pHd3D*EbZ4@p]Wz44l#kDE[*k:,Check sum is :
test,mfQNO,Check sum is !
test,T{:?1}KLeQaG/LRRh.B$ZFPTl!MqWpL$3,Check sum is _
test,T:*H@kDm)R$Xt,Check sum is '
test,HOU2S~$8F0C9FCj98pC?#1TITva),Check sum is 8
test,"g,>P[ONmJ1Hfp6zM2f4wVJ(g3:6t5*/3<QK\",Check sum is :
test,X#n:	&1;=5:XP,Check sum is 2
test,>e*::sCP51LhWT4Y{3vgu.j#|t JAs#JlQ7!Xn,Check sum is J
test,"?]v5 (+B$SD`(IxO'Lg-d`ToOG2E_)WO1
QA7,i|i1\|",Check sum is ?
test,"B$>MQmdXemX \Vi3)A.0q[FMnJJ0y7t*5)h	So,",Check sum is G
test,`kSC,Check sum is A
test,\R`!7JuD.F6ITZrKgz$l,Check sum is X
test,B!!Z=j_RBHZ(3YH!wE\Cn!hkh~gw1!uxW&,Check sum is T
test,"vsfK[lAyQ&sj>uNE|!vm""ovg/t5N/	s*U^GH",Check sum is @
test,1w]#Dr( ,Check sum is F
test,N@{W*p`Z'39P:iK1;{@P8M,Check sum is !
test,i^!RP=$_%,Check sum is O
test,DCg2Yw-S1TvkuvVBSEN_1}bD2i|}]#	:c,Check sum is L
test,MA.I+NEO[T\3o,Check sum is _
test,8))u^3_q?t]W,Check sum is '
test,<WEX,Check sum is P
test,Lg^o]g\W7ZXeH;;{_5dp?D{RalzU`QG,Check sum is *
test,5FP}U%=(5};T{w2]V/Oxe,Check sum is :
test,:gd8lKP4|){|g5nQ%4W,Check sum is ?
test,3[6wlhO2@wAy7Kwz,Check sum is T
test,S[aWP\ec8miKg/5%P$kMM,Check sum is <
test,7D{6W,Check sum is #
test,uEP,Check sum is *
test,r8lH`f|_PunqC8+s$)tT4,Check sum is %
test, G-7vQ	9,Check sum is 4
test,>BEAg M^21k,Check sum is &
test,Z$qFoM?B|Q\.Z:.TLHWD7,Check sum is %
test,"
_D""7i:Pa?,MBwOfuqaX=GNP52A1k%pC9:t2]D9?Re`bjlA",Check sum is ?
test,"gYS.wdgjrj&u*
g;DZ4!#MB40(KN!HbGy1fS&(KWk>ss1	v>1@",Check sum is 7
test,"ti[Aiw]+T=KHH""_D&XU|r& VnO'/Zq~",Check sum is +
test,a m?'2-Dm	oV6*VHe_SvF0fs*I{3Z?C,Check sum is )
test,P5D86O\Wl8s3pOC@,Check sum is %
test,*=,Check sum is G
test,6YSA\;`(c3l{{q>^#:{7,Check sum is 6
test,"hWg?7t$%N-bF6#J{}E@NP-<::;n[P,wFR^9?:^k~C|",Check sum is \
test,d:>np1RJ3=gU}zP\@,Check sum is 6
test,^IfBXJBJ>Eyp<&;,Check sum is &
test,yY#|V{-cNyX{XID{cHt)n@v3F79a,"Check sum is """
test,W*AIAvLlig>|zjwOR%B.dFuDRSk6dmU0|z I)&n,Check sum is P
test,0#j57,Check sum is I
test,"nxf+*n=I+,D2!5KQ#09-*J-Lz78Y}	=5m'[Ut&NH{|u2*U8mS",Check sum is ]
test,bVysE--OQ}#Cfv~YG|3&1G?*y_t8O0goCb8sX-Lm,Check sum is =
test,"e?:iK5B<:@j;UoYL
	Y'=",Check sum is =
test,h[Kv$sD]b9}w@sQ.@YhPe9({<s}[~QG]-D988<W:ovJt0lh,Check sum is 7
test,4s;:'<e^ZG],Check sum is  
test,o%.,"Check sum is """
test,k1Zy\+0:9[Nrvyx9_Dr,Check sum is I
test,"Ljm,}H-\!
Wl;c$X=ygJ^b,g67|",Check sum is (
test,"1Y{*Vb""M[bf6,/z.%Zu",Check sum is F
test,"7,Y;tRvc8y<V4h_D~vGM&|:$X}4^""v<t6WEr/S6djJMI",Check sum is Y
test,"49(Re`r{sE?)f5_eqGc98,<|R'W'd%:(wA8&M%M8=A|Z",Check sum is +
test,w*.2G),Check sum is Q
test,M_#fd	I'%SCO\nU+W}X+Lws	%-g&|,Check sum is 7
test,"9Sec: Mq9=:e|}M$-:w >0R=>Z08e
|9DdHW2G
#q\D",Check sum is (
test,#]^gN7nT;(hv;$m?Bz2Q=l,Check sum is  
test,"<O/DPjA3`ph,b|6
#m",Check sum is ^
test,YpID,Check sum is 6
test,"B9""WA6<tA34/NA[i
BzsF",Check sum is $
test,[>'c:BD$nF*!xVz^NAo|`9i\%]FX3peN?b_`L.Ky6,Check sum is .
test,tnX~my*$%n>3:sRS3R3[,Check sum is 5
test,".K}Li1nz""""yQC@Ya9H'`G:",Check sum is 8
test,ks.}{5kldTfcjv%7]TGpL4,Check sum is U
test,I-R2X*X~FQd,Check sum is -
test,W]3FS$Mh{SN+GeUA0eIQ<qkaJv4=ws`,Check sum is %
test,">K9R&f""dQY%r>:",Check sum is ?
test,"T;K'HK<n$$1""lHo?/j2D0X;T""e^ dJ~,{$l	hwP[VvKU*g.",Check sum is '
test,XIy]q+S!#!c8?_`j,Check sum is .
test,ceGJ,Check sum is 9
test,e(C8`aUzF*zX]t,Check sum is K
test,Mj+;g{4iKGsoLnJ/N9sHW_BB}W(fl+Jr+ARU6/q9+,Check sum is !
test,"4HW
rCp$!.($h5v[3-;9x6mYqGj'&D",Check sum is J
test,"F""CE0h/_;(F\SvuqB","Check sum is ,"
test,"b
f<g2Fy^vc=gLWMD9:=];",Check sum is ]
test,"(jrR
,Tn{}Kv8M","Check sum is ,"
test,ZHJ0a:*@x~o]/B0~ PV]6XfH1$,Check sum is V
test,f*!lB@@+0Iba+*T8;fuSTzVjEN[N$vdQPSi:I&X~[,Check sum is /
test,RNKqA$,Check sum is !
test,"3\Jt0P8c7?r""c+L","Check sum is ,"
test,"8=(l&IByBlyYfT*03Lg:..uoO,(*",Check sum is T
test,"}&ZEW+-7""-	&W(H45>H*Nn%:Nztc!3G%%9N0kSi",Check sum is #
test,pmo+}zmd/.R/$[n%%T6 %M;,Check sum is K
test,"*1.r_A~K_z2mQo9/h2Z !s.V]oq/)Q2/vCsJ""Ts'OT0TY;pQ>",Check sum is W
test,"V""]4{!58q%|J^CZj^OWG""\MZ^L$;","Check sum is ,"
test,o]T#3/,Check sum is E
test,")vuOjrS=%#J$6d4, Htf$=9o>F]~L",Check sum is U
test,"tL/?k$`$R(G3I)>Dp@,E1=&iWAg?ipX",Check sum is V
test,P.m9{-4T| .q!&K1uP|!{OUm3t0__m;/=Sl8<8~`	;4,Check sum is J
test,s4rNz\EYNg)p$wLbvDC*	*Ld,Check sum is \
test,"HHFZ`:]!0GLypzS>Eqym
>;k4v1|EPlnncaq;+	",Check sum is A
test,zCX[OrDVvwXJjakLfs+2$~[FS1tYb_64?~Bw|=O=_,Check sum is K
test,Q+OC-fr@)#jScuVn{XW94h	W_f{	Lq=|_V,Check sum is +
test,nvzXbX7-V/b_iw$xoEBzogpbd|E:I0]v&c,Check sum is B
test,"b>(Jkvw/qhnjuK?0B?r&Kq(bQ5#PU8cHdc
""],:9\n.k&",Check sum is !
test,&7@C%'vF)W7M_GR^O-S=('TGWQ\Qkd^pQ,Check sum is [
test,:lPyd}%r~{,Check sum is @
test,"VQ#24%Oo|T~S
T9oLgN.3-rK5Ot?S(",Check sum is X
test,g	k62+NbyJ(F,Check sum is /
test,w;Dv>^v*r@Ak84`>;'S&8NU,Check sum is &
test,!7KY'WMBVZZWR0OgN]A{T1!,Check sum is O
test, =0}h:v*E@Og~CIm.fbOf5 <KWkcpiG<Kv^`w}=&j7;~--@|,"Check sum is ,"
test,"M)$f!T^0lm\X+ru35}m0^#r@q8
6*S$z(1Of1R#y",Check sum is (
test,"OmSCV71h,Ge^8H~EdM&p(0/+""j)&M",Check sum is 2
test,5&k/byB)7u,Check sum is G
test,"CV_ISagD{uua[""rnsq",Check sum is G
test,>q#1B*NEJn	,Check sum is #
test,"B_""K:Ye< yLS
DOOz\*|spabjPfHJ(9OM<;n",Check sum is <
test,"QYXdL}9@c+[.zhYNl!#y,tk1)<?w4}*0ukqEj53HJ|!Wm;YTW`",Check sum is -
test,":yw	3S,cU.qBIIC6+:sq^.BMEjZL8kdG9\27*V##0;M\an?mT%",Check sum is <
test,=421y%z&w,Check sum is )
test,t>f)bxwr5u{,Check sum is I
test,"sf9$Hq}4SS2UKkS0xuEc#!)y+mPNG3/(c5K>hum;4z
Ba}q7F",Check sum is T
test,W oPs0ZlFa-N,Check sum is !
test,tYxuH-FXWOlHGmwX`F,Check sum is 0
test,"f!A!u?=>$|0O$j8?X=X1aM$""F~)6bpFAF- @t",Check sum is 1
test,"26!X!Vb;/=|*vg
?8;mD4lUUMLN-Ll	iI~*EC1ilc{kgx",Check sum is  
test,"~'C_Zf l[c^1mTbU5$T8y%JS,_'6Th",Check sum is <
test,nnQVg+H._ZR|vDE(t.Rpa*,Check sum is H
test,pfGW8`E,Check sum is 1
test,"A]lXjC;gt-wJi,Iz;iI|g5D-",Check sum is A
test,=6$-_%fX!#`p,Check sum is :
test,"O>C<Y
}K2m8%uLh;z?d%O!E#%~kwRR
b6d\E<?8mAF;IYYjX",Check sum is @
test,8%IS:o,Check sum is B
test,|?:KFH[NK~4dJ/8SAieL?,Check sum is V
test,UFEO@eR17CEq>yav,Check sum is 5
test,	$VXH.,Check sum is 1
test,@R#y'q\#^rqW	(Qye+\^%fQM{Ijv*dU,Check sum is 2
test,}WjXtJw[):iDbZ+V/v<MS!!X}v%D\ypK/j0LKg/9X>,Check sum is _
test,SZ\d%,Check sum is 2
test,{+mb4DT3x1	/A_A@`K:SygL'	d%Yl],Check sum is U
test,hu4Nl;AuADZ5,Check sum is 0
test,"/pT`8
O,Vc32#a0Xz#%}+OS0yK=F06p""7mn=gHD4};-d_fa",Check sum is :
test,*P%<4w*J	ES;v\E p.A0~Ei=q5MU{r,Check sum is Z
test,"#,nOBfb_4&Sf
V
IR2",Check sum is _
test,(HWu#6rP^|uJrCLwp)e],Check sum is #
test,",Ngx--`H1QHyqWb",Check sum is (
test,NCD'r)~#9h Wt`}+,"Check sum is ,"
test,sM9=&5OhVP2~u65>RM'!b	SKcp/Zna6(Cw(V,Check sum is M
test,"GP}[?,|P}rZ[f(jM>R6mGBcnr#5se6~?(pP\TMV#4+`Jpm5g",Check sum is 1
test,~.t`M01 GC-u`dOfJ=F&q&=Q2%^X@_sl))mLOq,Check sum is A
test,)Dc$g#Vq$ [q!6$j1d}>qG '	|g4{<}F@WK}-1/3m#RbCPy,Check sum is 2
test,6Db!=nKi<9=9lOB5F*8op/L;QD	|uQZ=CkEz&MD)7H2{~Y9,Check sum is V
test,FPQ^X;td]%%g\g^cd gq,Check sum is >
test,CEq,Check sum is Y
test,?''!+f#;u`m9&XMB,Check sum is E
test,"-U?7*!F1
|e0J@f#x=Z",Check sum is W
test,"&dYTdhv)cTG^o(_5Y(]mcfRc}Kg#v
\Z",Check sum is Z
test,"P8""|CFUhTAe*PUr*",Check sum is 1
test,"5t~$,ijBy1#jF<dYaqLVeO$1_Y",Check sum is W
test,"iQ=ZmlF/_\m=9vk
5'OIRZA}WP
,] F5x2LcafMp^-t",Check sum is W
test,"\I,@:O""v:@4bVo_dd?",Check sum is M
test,EbhtPnYp=&T8i])\K&-F1w2RB(w9_Ss&3Jh,Check sum is >
test,"A<6
[l""7F=OGxNMu5P",Check sum is #
test,EGGrG2a|f+}H_@>bEM&o]!<6l,Check sum is S
test,"RRU3+""F'7diLsIP3""	r",Check sum is 2
test,"[LC}x#D<Q1z6h,4",Check sum is \
test,7B7B	+4ZshK*87#uL0=Zf#5~eva2&6~/.@pqGE~,Check sum is J
test,"eu""P3*)3\gv-{	_",Check sum is .
test,"1|/]@if0R b=O/	0!A~f)Y'tgrAv,u	R-xfel{7Wzm ,i",Check sum is P
test,nDZ5N[$eJQ_xh$J%,Check sum is @
test,"rQoB+~RR;pT14fGwz?_+4[%""tf%VlXQ%gT~H'",Check sum is 9
test,"^e?t9oiU)laK
`?;#hR6xCw,m""=v7UT1)f.co`]]+",Check sum is 9
test,YuRL)hfv,Check sum is 9
test,"iHga7
<HH`",Check sum is F
test,[j>}E c>s_(K*I*S,Check sum is [
test,UwYh$Cd|Tta<I{rc)Hqg'ul1OeCHf,Check sum is Y
test,#RGIE5/-:!K8&n+,Check sum is X
test,.h4\A}I3Ci(juZ>^dp,Check sum is =
test,\MIR':+>Kxwg2Us4Zgc^o(x&&rvaBcG` Ncjx8lD9=v+#q/	,Check sum is -
test,"%_0}&<4,d#g",Check sum is A
test,A+&^FS:$ADus'f5U>QKb\?ep{7?-v0FpIi6T@TpnxnZ\op,Check sum is Z
test,"!a1G6F2b
0$`w%f+9[p}@+0TyEm",Check sum is 0
test,Gag20J7Rx,Check sum is \
test,"q""",Check sum is 3
test,"""lk5?/5PfI@asV{s5kh%bI2?jB/?uWU_I>1jKq|r8%qo(!N%6q",Check sum is W
test,"@l,*yqr1n;!Vg_Is%V@5d[qoLY[:\s;Qb=AORNxR|",Check sum is J
test,"8mi=
s(/-hFCTG{[ueX/G!y+rhax/LN4,?",Check sum is V
test,xP#Zk|]j9hc@ uI%..Ou%8u6,Check sum is B
test,"p
b}0x0&[>%K~}H!#}K74YG.4e1A	E""rKV<fw<",Check sum is +
test,"|i&Q_dE/jsb&g>eSp*
0ECSwlHK LydN1lZVU",Check sum is S
test,:l?)M&mh,Check sum is 6
test,"L5Jx:m,B]UGowGPawk_.^2 h<k(=\K[DuOXmF",Check sum is 7
test,P]JlE9~1uR	@Cf,Check sum is )
test,{JTk_*NyS2M5	Jbr=9P#ugzwIK=,Check sum is )
test,"[u])/(ty.AJjm~owgS>EzBF9&!]XK
6",Check sum is -
test,"p)z[Zy%:t_WZnCF~*i1,=5Oi<PyS
=ym\f_R1hr;
Vl&}",Check sum is @
test,Pzc]gcT_h=z?IdKS87aO-}`SQE.8w?U)AfJLF<L,Check sum is G
test,T_#)]}uV,Check sum is D
test,"D_~v
v.t3#2Id[9PiKvEY8U&j",Check sum is W
test,"qpT"":SAY6Uh#v8i)0<",Check sum is  
test,{G8ims,Check sum is #
test,O4vebS8i&5{Oz8N>'DM{T}FyOH>*X,Check sum is Q
test,>!6w{('	)6-6[)_,Check sum is $
test,:uCB+43a_6I5g=5ooE8ts$NmzC`&h^AJkR+Zl^@f$yg@o#l3,Check sum is O
test,"K5y1*
A,t}",Check sum is \
test,|UQ{ZT,Check sum is +
test,UuUsAQ,Check sum is D
test,YdnSBG0Xw>1GL,Check sum is (
test,fpw+jm>$)'/W	c1:lT5R;_B)e/pA^q6O,Check sum is #
test,\}Cy1Q$Bo}3Rw	~?uUySDdv>>tC`GQnn']>t=U+s@ZIEW&3nzH,Check sum is 4
test,?v:,Check sum is O
test,a|4TP474sNR\+q;=Xp5Jm M5	mn M6kI?j0js4A4v1cte@{F,Check sum is K
test,"esUy&oiw/* 7Lt
{v\8[ KP=QuLUA`!",Check sum is 6
test, 6\x\GtdC<D/bO:ZM#^+fR}6;>|>S,Check sum is &
test,"14mZ"",_2",Check sum is +
test,G[ze9)aFu;|V!7I,Check sum is M
test,"?h#.m!L.(	>3bN+5C_W7R,rir _",Check sum is L
test,w1Q9v6%\@YByZ#Om`	~_n8F!b0GIq~<$CT1bt17fIpgP>6,Check sum is  
test,J4yjb,Check sum is #
test,"l)<uw-yq19H/W^Xkes5g""@KXkBf{~o`zGG=(/Dun:Tbq,mg4",Check sum is 9
test,"N4QR-H""G6w`KX8N2",Check sum is K
test,"l
	/RdQn26x~",Check sum is !
test,=[I~!D@o+	wf?,Check sum is #
test,"ZfO;p}X<yH-	.b:.|P,Mb&#+qGelwy""eQEP`w[(Fn:~]$v}i",Check sum is >
test,Sy7lb6Yc{f	#9LI ?d0py@'.h:_mg,Check sum is D
test,.-DFiWA I^d'>9!th-N-	{h}Z^6;m5L<a68s7(gyAoeeM,Check sum is 8
test,&gbLgjujZ)v>Fy09k3!hVu6JW;+nP&Y=_,Check sum is 2
test,"?BgH?ey
|.Ac_M,5Pn@jQ6DG;h_)QO>
?f_r?GlES7R",Check sum is (
test,LvDm]J5$3gO$YsGjAGog*,Check sum is %
test,A.R$I,Check sum is N
test,"	90FfT{}.x@=*n&#JrJw%ib
0]5x;Z3k*gE$(yd2a/QihV}",Check sum is (
test,lO1ea,Check sum is R
test,"\)c a;)>4s~aR%3o
h2={",Check sum is &
test,"6:TwM+FGPk4I_Q%]\,N
\]TtTx}>3p(.<liufU","Check sum is ,"
test,FY<8!sE*;<uP}M{>pA(6||_fhii^eb7o'2i!Ns]Z<)b<x,Check sum is \
test,t2:UJ%DiIL<V}EUOG_$Xg_LNjt5eo&H6:!IgulFr,Check sum is /
test,"v!.vLlde-V%2L>c!k wJ(>I\+^""r^K_9/1'+Y*V5A_jQEdm5z",Check sum is Y
test,"	Ch	,rYE\Tb?hshz'K=Abop4	UVm<vB=.[PNX7HNC6lwi(jhv",Check sum is _
test,3&,Check sum is 9
test,@ARsa~3jnltoa&~A[%/Lx.K;Q(E	[]j)89h[Qn`jf},Check sum is >
test,"^+D,~,>ohxIYJG('""h5}",Check sum is N
test,"1wx}tN{yHAzwUQO>c4*~kMv>/?QHi&{]i
,zZ<",Check sum is (
test,"E+(gum|lSJ~ZHb~ |s-QP""Hp6?&8s.OVA",Check sum is W
test,l&#9^SUDwOdVnRP.9akfJru6W7l{kc\o,Check sum is 6
test,Ybbns2Gb_cKj)i;)-07(^O,Check sum is O
test,gRO&Kh{4CXD6,Check sum is E
test,g!,Check sum is (
test,a8c!lDhR-%%S%O93,Check sum is Q
test,"jm@Q~}xc\3VJc""rVAr6Ao>	p?gu5n(X'",Check sum is O
