set,input1,output1
train,,Check sum is  
train,	,Check sum is )
train,"
",Check sum is *
train,"B
","Check sum is ,"
train,"

",Check sum is 4
train,"

















































",Check sum is T
train,                                                  ,Check sum is  
train,ssssssssssssssssssssssssssssssssssssssssssssssssss,Check sum is V
train,"CD
CD
CD
CD
CD
CD
CD
CD
CD
CD
CD
CD
CD
CD
CD
CD
CD",Check sum is 7
train,"x
y x
y x
y x
y x
y x
y x
y x
y x
y x
y x
y x
y x
",Check sum is &
train," 
 
 
 
 
 
 
 
 
 
 
 
 
 
 
 
 
 
 
 
 
 
 
 
 
",Check sum is :
train, ,Check sum is @
train,!,Check sum is A
train,"""",Check sum is B
train,#,Check sum is C
train,$,Check sum is D
train,%,Check sum is E
train,&,Check sum is F
train,',Check sum is G
train,(,Check sum is H
train,),Check sum is I
train,*,Check sum is J
train,+,Check sum is K
train,",",Check sum is L
train,-,Check sum is M
train,.,Check sum is N
train,/,Check sum is O
train,0,Check sum is P
train,1,Check sum is Q
train,2,Check sum is R
train,3,Check sum is S
train,4,Check sum is T
train,5,Check sum is U
train,6,Check sum is V
train,7,Check sum is W
train,8,Check sum is X
train,9,Check sum is Y
train,:,Check sum is Z
train,;,Check sum is [
train,<,Check sum is \
train,=,Check sum is ]
train,>,Check sum is ^
train,?,Check sum is _
train,@,Check sum is  
train,A,Check sum is !
train,B,"Check sum is """
train,C,Check sum is #
train,D,Check sum is $
train,E,Check sum is %
train,F,Check sum is &
train,G,Check sum is '
train,H,Check sum is (
train,I,Check sum is )
train,J,Check sum is *
train,K,Check sum is +
train,L,"Check sum is ,"
train,M,Check sum is -
train,N,Check sum is .
train,O,Check sum is /
train,P,Check sum is 0
train,Q,Check sum is 1
train,R,Check sum is 2
train,S,Check sum is 3
train,T,Check sum is 4
train,U,Check sum is 5
train,V,Check sum is 6
train,W,Check sum is 7
train,X,Check sum is 8
train,Y,Check sum is 9
train,Z,Check sum is :
train,[,Check sum is ;
train,\,Check sum is <
train,],Check sum is =
train,^,Check sum is >
train,_,Check sum is ?
train,`,Check sum is @
train,a,Check sum is A
train,b,Check sum is B
train,c,Check sum is C
train,d,Check sum is D
train,e,Check sum is E
train,f,Check sum is F
train,g,Check sum is G
train,h,Check sum is H
train,i,Check sum is I
train,j,Check sum is J
train,k,Check sum is K
train,l,Check sum is L
train,m,Check sum is M
train,n,Check sum is N
train,o,Check sum is O
train,p,Check sum is P
train,q,Check sum is Q
train,r,Check sum is R
train,s,Check sum is S
train,t,Check sum is T
train,u,Check sum is U
train,v,Check sum is V
train,w,Check sum is W
train,x,Check sum is X
train,y,Check sum is Y
train,z,Check sum is Z
train,{,Check sum is [
train,|,Check sum is \
train,},Check sum is ]
train,~,Check sum is ^
train,D@,Check sum is $
train,15,Check sum is F
train,uM,"Check sum is """
train,=4,Check sum is Q
train,9p,Check sum is I
train,;A,Check sum is \
train,$R,Check sum is V
train,",V","Check sum is """
train,@&,Check sum is F
train,EF,Check sum is +
train,.N,Check sum is \
train,T7,Check sum is +
train,.	,Check sum is W
train,"(""",Check sum is *
train, m,Check sum is -
train,Ui,Check sum is ^
train,RW,Check sum is I
train,}^,Check sum is ;
train,l],Check sum is )
train,0@,Check sum is P
train,!m,Check sum is .
train,Qv,Check sum is '
train,t	,Check sum is ]
train,qt,Check sum is E
train,km,Check sum is 8
train,8<,Check sum is T
train,-R,Check sum is _
train,Uc,Check sum is X
train,LF,Check sum is 2
train,"2
",Check sum is \
train,}},Check sum is Z
train,B(,Check sum is J
train,", ","Check sum is ,"
train,uH,Check sum is ]
train,44,Check sum is H
train,Jl,Check sum is V
train,`m,Check sum is -
train,Qd,Check sum is U
train,k6,Check sum is A
train,b!,Check sum is #
train,3r,Check sum is E
train,RZ,Check sum is L
train,^(,Check sum is &
train,A	,Check sum is *
train,$N,Check sum is R
train,;`,Check sum is ;
train,?a,Check sum is @
train,U8,Check sum is -
train,"u,",Check sum is A
train,tk,Check sum is ?
train,)9,Check sum is B
train,`S,Check sum is S
train,=*,Check sum is G
train,M^,Check sum is K
train,2e,Check sum is 7
train,"|
b",Check sum is H
train,tqr,Check sum is 7
train, 5P,Check sum is E
train,&/h,Check sum is ]
train,eJo,Check sum is >
train,CM`,Check sum is P
train,2} ,Check sum is /
train,3!o,Check sum is #
train,"}""
",Check sum is I
train,XDn,Check sum is *
train,i	_,Check sum is 1
train,"G,'",Check sum is :
train,tM-,Check sum is N
train,@v>,Check sum is T
train,xie,Check sum is &
train,XRW,Check sum is !
train,k<~,Check sum is E
train,2TY,Check sum is ?
train,5NY,Check sum is <
train,5L&,Check sum is G
train,	ba,"Check sum is ,"
train,[I+,Check sum is /
train,o'+,Check sum is !
train, cX,Check sum is ;
train,[D&,Check sum is %
train,Fxx,Check sum is V
train,}xW,"Check sum is ,"
train,_C#,Check sum is %
train,bL],Check sum is +
train,D%_,Check sum is (
train,8c7,Check sum is 2
train,XZ!,Check sum is 3
train,c:>,Check sum is ;
train,Lu.,Check sum is O
train,v_x,Check sum is -
train,Uv\,Check sum is G
train,"\,|",Check sum is $
train,(k&,Check sum is Y
train,nMz,Check sum is U
train,",Ka",Check sum is 8
train,UZM,Check sum is \
train,m'2,Check sum is &
train,.0W,Check sum is U
train,Ea ,Check sum is &
train,jLP,Check sum is &
train,L	B,Check sum is 7
train,?$x,Check sum is ;
train,m3O,Check sum is O
train,XhP,Check sum is 0
train,TM(,Check sum is )
train,"h(^PpP	}~||2>JR+!FIVH@[,k=\*U",Check sum is )
train,Gj})e\)mm)KlZokptVOv};]pe7&,Check sum is U
train,"<>qvVGe""bAa%EaPWW]",Check sum is O
train,84p]=Dr_fbo]B5S)~uHT\^#=dQD-td$w((I!OV|u	G,Check sum is T
train,"O-3m,RJE5'D~dBN>=-DU'V",Check sum is Y
train,"0G#J0..kH>uL}{Ahb}kA`(Zj)""$~`<)|&z}^>4M8",Check sum is Z
train,*E6+~N^yhJ%>`1_X@lA#@|W! o6}&.r W5Zx-Q!TX)4)W|i%,"Check sum is ,"
train,Tl$mVj'!\z{;p_xuce`tp~Ax;qeEDG70Kxd=ptww\y2^,Check sum is '
train,0s_l'fx@w),Check sum is 3
train,.;!/zlbl<rQrdb&Ifv/Y$SsaVkYft?`[Msr>@yWuz7J jFDvFG,Check sum is W
train,9HGFATj\Dw4QyH#tFxwcr},Check sum is (
train,"rED@mer)V=<ZG'75wB^x8pq)~Q[q,%",Check sum is H
train,w):;y7FEGtJ[ab]@6,Check sum is &
train,"U<e.6i
+As?'LLRv,b' >c%.3of)@|E;(FON,bAs_1-a$y,W[)",Check sum is W
train,0Z#}V@4D,Check sum is X
train,g~:QhJ4,Check sum is 6
train,"WasRODc,eg	-0gDmQvC9xL>eMMqyQixmw$4&C&?=	5\T",Check sum is ^
train,"
~<4=i",Check sum is >
train,I\sYy o80p7#vOK]oSm(!Cl1Zd$NBDe^'$M<u~o^i)`,Check sum is O
train,"D!5RH.65
1B-gcc[p:$}tn]KF",Check sum is :
train,XM@j)G2,Check sum is Q
train,"R<C3Xl\o$EfT3{5ViL_ '6w&X
Z*G~~v+oT8V=3_Fep",Check sum is B
train,)j'c?|}3?:J,Check sum is +
train,/RNE=Z0nv4yXla<3'ci;=3%%tv+tO{,Check sum is [
train,3SKc.wL>H]j9,Check sum is K
train,eU_>e5n.DN?,Check sum is >
train,"Su-Qu$j3'-hM6Vz@.|^Qcj[SZ5
6ho`Pv<]F",Check sum is *
train,"(+>Xvkop-lRg%<{_Yg&$Yka'FkRfO%y9,",Check sum is '
train,Fz_C;T~=N_u'](A7!VNls,Check sum is 6
train,"~9]}jDDtQBJ7 -AIdGa*iK[d04~Fj, +KU0~>#RW",Check sum is L
train,MN )9d550M4]E)TYvkrzRy:?dF[rCX$']-D-.G{559l#E~lb,Check sum is P
train,z$RQNDj,Check sum is ]
train,^CZC7.ljZqD&y~pG&26(dVYZ*z0P,Check sum is C
train,"OcmesYgQ@?zVX,Qu",Check sum is A
train,"![z2]*,RXR={$([%<3gSiL;yoT'j>4FX&`[&",Check sum is 8
train,>xocEo4VuSw,Check sum is %
train,-	@r7,Check sum is ?
train,.?!w;&@k.p\X2wk@,Check sum is W
train,"^::|Mt&Pk;XEVo!
u9nR>Pq>i]E_W,d",Check sum is T
train,"j0v9c^Fk/Ij%;1^8~	`F+I/\g;i'`3f8C2gWL2,&?z==&3$0R",Check sum is (
train,\p8z(\6c2;jQTp6I(~eqP#,Check sum is U
train,""":9+
n@RVw6?h.D?cd^q:%nQm*reL}qI&y)|75\p?jwT81v",Check sum is 9
train,":7{=?W#hl	al1!%yOPg(D^vmok""%]",Check sum is M
train,{VU}rDPkP;Pkk||JQp_^{WzYoQdU(bFYN1Q~72>[EQ`9>EB,Check sum is 0
train,"1Rz\gL""]yxTmpvzo.?yO5",Check sum is V
train,Iry+=,Check sum is <
train,"uaWf&XQMe`<md<R.h
nvDC8|tLgaeu",Check sum is P
train,b[J8-%_-j	(AfE?bD4!{zl	q	p?QL4,"Check sum is """
train,CI;27/'XC.xWL$ebZ:-,Check sum is 6
train,"l|amfBO+
;j+E",Check sum is W
train,"u>6%\G:tte,ozXUF|erPi2$9enSF(O@Ry""+L!0{IuKIk< @^",Check sum is E
train,RuhX*PoYh\?U>[c.?Kgibd=M_%TEijMp19>>,Check sum is (
train,62s|L6H7;G??58Nt}_ofG!W,Check sum is W
train,"B~vZ0iMtUC=m]#$'ing8#xme{,*R?5cmFM @j]~E",Check sum is ^
train,"rX(5ahgC 01
z TEI' Ycq/4iNpEsyx5RFj+Sk24B[^-",Check sum is V
train, JzN!tKz{%PlJZjp=qhKw,Check sum is ^
train,V?j,Check sum is _
train,!o I[[)gBq$tOB\Y.?.vl kn1,Check sum is W
train," XWK>ZTA""<i^I	w]6Sv",Check sum is 1
train,"NrHsX)
B\%N(v4MOQDBdO!8~O
A&lKg",Check sum is $
train,Lzi9[NANvc19,Check sum is C
train,"%0p.'0dsrHeUR~qzA=M6IQ/6C?dgI\'"" ",Check sum is K
train,"0Sii%nbc(pCTD	1)aZ:@(
0~6N",Check sum is <
train,}	v q#gT<dX,Check sum is C
train,"fKZ5,g?,~<%Nm]jy$D9&8}8	Q8F|/7}hS""<1^~Z'",Check sum is J
train,	4y!c;h9i,Check sum is _
train,"_@:>;LCw'.WX4#XwV	N>C6R,+1$e""A/J8|x ",Check sum is Q
train,:QUOyoBkyEsuTfi5; `<'hb,Check sum is J
train,oXcuj2Y{x~(w$nqO|t&}ZpCxRHHFuoem*I&nI!s!M,Check sum is ^
train,.B	@7Azr=B,Check sum is <
train,"a 6Zx*X8ihC
yDOm1U=D'Kdvo9",Check sum is 5
train,"d,#",Check sum is S
train,"OYZ>""&MUd|~eOLCHZ&]v[3tX
EYEpDR1:_b/(NFn7I^2+~I",Check sum is Z
train,\R;,Check sum is I
train,]{,Check sum is 8
train,"zX8V=C:'j
gvpXv%|^Y",Check sum is H
train,",*""T""M2!M`\R""x6O]	gD_-[q`q,aBc",Check sum is T
train,lfe],Check sum is 4
train,"xm6E?""",Check sum is !
train,"533~JdJ 
,qP=oRLG#_Wz?uf9VWP	,RfDrjuI>)iu?_Tk0JU#5",Check sum is P
train,"X""J?zR+7zeQ/4cveH#(pUoClp5>=aq)6b,C5YC74W/35RU#8V_",Check sum is [
train,z3=!*DHFDe|t^;US]6[;xB#BNo(Nwq'1JhjcepQ/]{=`\5C5O,Check sum is ]
train,"wB6bl~
u!ypvk9GYVDm_4UKYM8,5)Wq}ZjJ",Check sum is S
train,"l;<mcu[ae0&axh&uq_0_Dc""T#]>`.V47-3'MTYBF-;gQLXti&n","Check sum is """
train,"&/{%y}i6)<4. !@%9t,Lr&!fg'yYA<2{E)h/	N+
*g",Check sum is G
train,"}j7O~_qNAV'}L&*U
t T+ Y,""[k^
C%kb\Skcy""=E(x{YG1~E,",Check sum is Q
train,"[@&^e(Ln|eS|-"">pi1)Cl6gAR=MF5lX%L",Check sum is O
train,zPKOmSbMT3{*s)|[WaZ~X	Fq4R`*_9[}+25,Check sum is L
train,VVmm{toN)*<Z	y F:?]u[m8[o|l1?L@HMbY,"Check sum is ,"
test,|H,Check sum is $
test,>-,Check sum is K
test,Gr,Check sum is Y
test,Bb,Check sum is D
test,:J,Check sum is $
test,'[,"Check sum is """
test,gy,Check sum is @
test,"""N",Check sum is P
test,FN,Check sum is 4
test,+<,Check sum is G
test,.G,Check sum is U
test,r#,Check sum is 5
test,"v
",Check sum is  
test,Vc,Check sum is Y
test, [,Check sum is [
test,o	,Check sum is X
test,J3,Check sum is ]
test,^<,Check sum is :
test,MR,Check sum is ?
test,(U,Check sum is ]
test,1C,Check sum is T
test,f&,"Check sum is ,"
test,f~,Check sum is D
test,%4,Check sum is 9
test,Os,"Check sum is """
test,ov,Check sum is E
test,=n,Check sum is K
test,_0,Check sum is /
test,p|,Check sum is L
test,^+,Check sum is )
test,fI,Check sum is O
test,q>,Check sum is O
test,vO,Check sum is %
test,Eq,Check sum is V
test, #,Check sum is #
test,=#,Check sum is @
test,6`,Check sum is 6
test,X@,Check sum is 8
test,G0,Check sum is W
test,"}
",Check sum is '
test,fF,Check sum is L
test,|/,Check sum is K
test,`a,Check sum is !
test,UX,Check sum is M
test,"S
",Check sum is =
test,"L,",Check sum is X
test,rU,Check sum is '
test,[z,Check sum is 5
test,`%,Check sum is %
test,`e,Check sum is %
test,D8,Check sum is \
test,[W,Check sum is R
test,YV,Check sum is O
test,!T,Check sum is U
test,?9,Check sum is X
test,\),Check sum is %
test,7#,Check sum is :
test,3\,Check sum is /
test,S ,Check sum is S
test,@j,Check sum is J
test,0=,Check sum is M
test,	j,Check sum is S
test,_#,"Check sum is """
test,}A,Check sum is ^
test,&*,Check sum is 0
test,L3,Check sum is _
test,<>,Check sum is Z
test,KI,Check sum is 4
test,f?,Check sum is E
test,\N,Check sum is J
test,6i,Check sum is ?
test,Ms,Check sum is  
test,u#,Check sum is 8
test,={,Check sum is X
test,(~,Check sum is F
test,E-,Check sum is R
test,rl,Check sum is >
test,co,Check sum is 2
test,yC,Check sum is \
test,|w,Check sum is S
test,",$",Check sum is 0
test,o9,Check sum is H
test,<3,Check sum is O
test,g(,Check sum is /
test,iC,Check sum is L
test,-D,Check sum is Q
test,;@,Check sum is [
test,#/,Check sum is 2
test,H6,Check sum is ^
test,9N,Check sum is '
test,~	,Check sum is '
test,	S,Check sum is <
test,Pk,Check sum is [
test,w[,Check sum is 2
test,j],Check sum is '
test,x<,Check sum is T
test,P_,Check sum is O
test,%1,Check sum is 6
test, s,Check sum is 3
test,ng,Check sum is 5
test,Hz,"Check sum is """
test,Mr,Check sum is _
test,8O,Check sum is '
test,	*,Check sum is S
test,Cc,Check sum is F
test,CW,Check sum is :
test,&R,Check sum is X
test,Gl,Check sum is S
test,>5,Check sum is S
test,o*,Check sum is 9
test,z+,Check sum is E
test,95,Check sum is N
test,"],",Check sum is )
test,Aa,Check sum is B
test,2w,Check sum is I
test,%[,Check sum is  
test,=[,Check sum is 8
test,+R,Check sum is ]
test,y>,Check sum is W
test,Z<,Check sum is 6
test,_B,Check sum is A
test,.{,Check sum is I
test,=U,Check sum is 2
test,'<,Check sum is C
test,8-,Check sum is E
test,?O,Check sum is .
test,@V,Check sum is 6
test,%|,Check sum is A
test,PY,Check sum is I
test,5I,Check sum is ^
test,6G,Check sum is ]
test,< ,Check sum is <
test,"7,",Check sum is C
test,MX,Check sum is E
test,{x,Check sum is S
test,e#,Check sum is (
test,Lg,Check sum is S
test,{9,Check sum is T
test,d],Check sum is !
test,lS,Check sum is _
test,eW,Check sum is \
test,IJ,Check sum is 3
test,0/,Check sum is ?
test,r#,Check sum is 5
test,DC,Check sum is '
test,Jh,Check sum is R
test,(r,Check sum is :
test,NU,Check sum is C
test,Kl,Check sum is W
test,o{,Check sum is J
test,L#,Check sum is O
test,X.,Check sum is &
test,"
c",Check sum is M
test,y[,Check sum is 4
test,"""i",Check sum is +
test,hA,Check sum is I
test,"""M",Check sum is O
test,uC,Check sum is X
test,f>,Check sum is D
test,M4,Check sum is !
test,ca,Check sum is $
test,T5,Check sum is )
test,E?,Check sum is $
test,~;,Check sum is Y
test,Mj,Check sum is W
test,K7,"Check sum is """
test,N5,Check sum is #
test,8-,Check sum is E
test,*k,Check sum is 5
test,<d,Check sum is @
test,+3,Check sum is >
test,wv,Check sum is M
test,NW,Check sum is E
test,;.,Check sum is I
test,I ,Check sum is I
test,N/,Check sum is ]
test,A),Check sum is J
test,c?,Check sum is B
test,Xt,"Check sum is ,"
test,N9,Check sum is '
test,D`,Check sum is D
test,nV,Check sum is $
test,Q6,Check sum is '
test,s[,Check sum is .
test,Dn,Check sum is R
test,a-,Check sum is .
test,pj,Check sum is :
test,.W,Check sum is %
test,`p,Check sum is 0
test,{t,Check sum is O
test,-L,Check sum is Y
test,W&,Check sum is ]
test,ic,"Check sum is ,"
test,vW,Check sum is -
test,{v,Check sum is Q
test,"=""",Check sum is ?
test,"""G",Check sum is I
test,dD,Check sum is H
test,(>,Check sum is F
test,v|,Check sum is R
test,Sy,"Check sum is ,"
test,"V,","Check sum is """
test,Lm,Check sum is Y
test,OB,Check sum is 1
test,Q!,Check sum is R
test,do,Check sum is 3
test,QU,Check sum is F
test,|O,Check sum is +
test,"
h",Check sum is R
test,*>,Check sum is H
test,^R,Check sum is P
test,VV,Check sum is L
test,*j,Check sum is 4
test,+d,Check sum is /
test,yB,Check sum is [
test,Y&,Check sum is _
test,"
e",Check sum is O
test,dL,Check sum is P
test,cy,Check sum is <
test,EC,Check sum is (
test,@`,Check sum is @
test,(@,Check sum is H
test,TT,Check sum is H
test,;v,Check sum is Q
test,_Z,Check sum is Y
test,1l,Check sum is =
test,^o,Check sum is -
test,8N,Check sum is &
test,G=,Check sum is $
test,B:,Check sum is \
test,SB,Check sum is 5
test,# ,Check sum is #
test,v	,Check sum is _
test,"
p",Check sum is Z
test,"
)",Check sum is S
test,'_,Check sum is &
test,$=,Check sum is A
test,JG,Check sum is 1
test,MA,Check sum is .
test,(R,Check sum is Z
test,|=,Check sum is Y
test,XG,Check sum is ?
test,Gb,Check sum is I
test,6D,Check sum is Z
test,\H,Check sum is D
test,4w,Check sum is K
test,OA,Check sum is 0
test,*P,Check sum is Z
test,LL,Check sum is 8
test,~P,Check sum is .
test,~0,Check sum is N
test,",G",Check sum is S
test,5e,Check sum is :
test,",*",Check sum is 6
test,2 ,Check sum is 2
test,[&,Check sum is !
test,( ,Check sum is (
test,	d,Check sum is M
test,;g,Check sum is B
test,2U,Check sum is '
test,#4,Check sum is 7
test,$u,Check sum is 9
test,XT,Check sum is L
test,D~,"Check sum is """
test,"n""",Check sum is 0
test,XQ,Check sum is I
test,"l""",Check sum is .
test,-K,Check sum is X
test,`M,Check sum is M
test,[{,Check sum is 6
test,kl,Check sum is 7
test,I.,Check sum is W
test,a>,Check sum is ?
test,iN,Check sum is W
test,nb,Check sum is 0
test,F{,Check sum is !
test,$4,Check sum is 8
test,"c,",Check sum is /
test,lN,Check sum is Z
test,I},Check sum is &
test,8:,Check sum is R
test,6j,Check sum is @
test,lX,Check sum is $
test,s2,Check sum is E
test,<h,Check sum is D
test,[-,Check sum is (
test,Re,Check sum is W
test,?b,Check sum is A
test,1:,Check sum is K
test,%6,Check sum is ;
test,@e,Check sum is E
test,-.,Check sum is ;
test,81,Check sum is I
test,Q1,"Check sum is """
test,s<,Check sum is O
test,$},Check sum is A
test,"
8","Check sum is """
test,jp,Check sum is :
test,Al,Check sum is M
test,Hg,Check sum is O
test,&O,Check sum is U
test,X	,Check sum is A
test,8j,Check sum is B
test,*M,Check sum is W
test,Pz,Check sum is *
test,?8,Check sum is W
test,zY,Check sum is 3
test,bU,Check sum is W
test,eI,Check sum is N
test,7U,"Check sum is ,"
test,;4,Check sum is O
test,AQ,Check sum is 2
test,'t,Check sum is ;
test,H6,Check sum is ^
test,Q ,Check sum is Q
test,2z,Check sum is L
test,`3,Check sum is 3
test,Rx,Check sum is *
test,_7,Check sum is 6
test,$-,Check sum is 1
test,(?,Check sum is G
test,4/,Check sum is C
test,VP,Check sum is F
test,t{,Check sum is O
test,S4,Check sum is '
test,GP,Check sum is 7
test,", ","Check sum is ,"
test,ib,Check sum is +
test,Sk,Check sum is ^
test,<L,Check sum is (
test,&i,Check sum is /
test,t+,Check sum is ?
test,fD,Check sum is J
test,=~,Check sum is [
test,3i,Check sum is <
test,+u,Check sum is @
test,ZG,Check sum is A
test,R;,Check sum is -
test,w:,Check sum is Q
test,qZ,Check sum is +
test,GG,Check sum is .
test,-C,Check sum is P
test,/z,Check sum is I
test,<>,Check sum is Z
test,Dy,Check sum is ]
test,]',Check sum is $
test,&},Check sum is C
test,o^,Check sum is -
test,Au,Check sum is V
test,cW,Check sum is Z
test,	a,Check sum is J
test,YG,Check sum is @
test,j.,Check sum is 8
test,3E,Check sum is X
test,jA,Check sum is K
test,qt,Check sum is E
test,}K,Check sum is (
test,vN,Check sum is $
test,~],Check sum is ;
test,@F,Check sum is &
test,/%,Check sum is 4
test,=9,Check sum is V
test,Rl,Check sum is ^
test,?t,Check sum is S
test,"""#",Check sum is %
test,re,Check sum is 7
test,_u,Check sum is 4
test,k^,Check sum is )
test,kq,Check sum is <
test,	-,Check sum is V
test,*H,Check sum is R
test,"h""",Check sum is *
test,J	,Check sum is 3
test,"
b",Check sum is L
test,cq,Check sum is 4
test,Q%,Check sum is V
test,F},Check sum is #
test,i0,Check sum is 9
test,m>,Check sum is K
test,'g,Check sum is .
test,:y,Check sum is S
test,a`,Check sum is !
test,Ca,Check sum is D
test,mj,Check sum is 7
test,9P,Check sum is )
test,	.,Check sum is W
test,'t,Check sum is ;
test,eq,Check sum is 6
test,%o,Check sum is 4
test,";,",Check sum is G
test,Ce,Check sum is H
test,0e,Check sum is 5
test,PT,Check sum is D
test,Q`,Check sum is Q
test,.L,Check sum is Z
test,|W,Check sum is 3
test,WJ,Check sum is A
test,cD,Check sum is G
test,] ,Check sum is ]
test,ny,Check sum is G
test,c&,Check sum is )
test,f~,Check sum is D
test,y4,Check sum is M
test,MP,Check sum is =
test,MA,Check sum is .
test,a=,Check sum is >
test,/D,Check sum is S
test,m	,Check sum is V
test,=;,Check sum is X
test,bN,Check sum is P
test,K0,Check sum is [
test,;T,Check sum is /
test,(r,Check sum is :
test,Dy,Check sum is ]
test,]Q,Check sum is N
test,"s""",Check sum is 5
test,"-,",Check sum is 9
test,xV,Check sum is .
test,:z,Check sum is T
test,Ts,Check sum is '
test,qW,Check sum is (
test,Ng,Check sum is U
test, >,Check sum is >
test,!9,Check sum is :
test,"""e",Check sum is '
test,Yt,Check sum is -
test,"
g",Check sum is Q
test,lu,Check sum is A
test,D-,Check sum is Q
test,==,Check sum is Z
test,6H,Check sum is ^
test,eC,Check sum is H
test,#a,Check sum is $
test,z8,Check sum is R
test,|e,Check sum is A
test,zf,Check sum is @
test,!7,Check sum is 8
test,S3,Check sum is &
test,oF,Check sum is U
test,l~,Check sum is J
test,:K,Check sum is %
test,L[,Check sum is G
test,a-,Check sum is .
test, ',Check sum is '
test,NR,Check sum is @
test,Q;,"Check sum is ,"
test,/-,Check sum is <
test,04,Check sum is D
test,Fp,Check sum is V
test,9F,Check sum is _
test,/k,Check sum is :
test,9k,Check sum is D
test,g:,Check sum is A
test,8<,Check sum is T
test,X&,Check sum is ^
test,u.,Check sum is C
test,`T,Check sum is T
test,L5,Check sum is !
test,in,Check sum is 7
test,%J,Check sum is O
test,IG,Check sum is 0
test,Cd,Check sum is G
test,y;,Check sum is T
test,Wl,Check sum is #
test,`V,Check sum is V
test,6O,Check sum is %
test,q1,Check sum is B
test,Y},Check sum is 6
test,TZ,Check sum is N
test,IH,Check sum is 1
test,QC,Check sum is 4
test,Y1,Check sum is *
test,;t,Check sum is O
test,bk,Check sum is -
test,C?,"Check sum is """
test,:[,Check sum is 5
test,{2,Check sum is M
test,i<,Check sum is E
test,%|,Check sum is A
test,QR,Check sum is C
test,X=,Check sum is 5
test,jg,Check sum is 1
test,q9,Check sum is J
test,	E,Check sum is .
test,_~,Check sum is =
test,Wc,Check sum is Z
test,F',Check sum is M
test,j8,Check sum is B
test,ch,Check sum is +
test,Tb,Check sum is V
test,b.,Check sum is 0
test,FX,Check sum is >
test,TK,Check sum is ?
test,)l,Check sum is 5
test,i>,Check sum is G
test,A%,Check sum is F
test,3<,Check sum is O
test,t},Check sum is Q
test,"j,",Check sum is 6
test,VF,Check sum is <
test,!V#,Check sum is :
test,m	I,Check sum is _
test,TSQ,Check sum is X
test,]ei,Check sum is K
test,",w>",Check sum is A
test,tSk,Check sum is R
test,",We",Check sum is H
test,TGY,Check sum is T
test,JV<,Check sum is <
test,iI(,Check sum is :
test,Mu4,Check sum is V
test,q@v,Check sum is G
test,?>x,Check sum is U
test,c'\,Check sum is F
test,KDi,Check sum is X
test,@UL,Check sum is A
test,f4q,Check sum is +
test,Go8,Check sum is N
test,dWs,Check sum is N
test,h^?,Check sum is %
test,zBO,Check sum is +
test,`]N,Check sum is +
test,]4q,"Check sum is """
test,"Y""g",Check sum is B
test,.-f,Check sum is !
test,s e,Check sum is X
test,FnL,Check sum is  
test,}e3,Check sum is 5
test,h<:,Check sum is >
test,z8j,Check sum is <
test,O	#,Check sum is [
test,76V,Check sum is #
test,)'B,Check sum is 2
test,'IW,Check sum is '
test,tR!,Check sum is G
test,A<1,Check sum is N
test, .V,Check sum is D
test,RXt,Check sum is >
test,8<w,Check sum is K
test,1h@,Check sum is 9
test,W}&,Check sum is Z
test,&K|,Check sum is M
test,ILB,Check sum is 7
test,j}C,Check sum is J
test,m3~,Check sum is >
test,?/R,Check sum is  
test,80w,Check sum is ?
test,8o6,Check sum is =
test,dho,Check sum is [
test,k`>,Check sum is )
test,ggT,Check sum is B
test, _0,Check sum is O
test,I6\,Check sum is ;
test,a~1,Check sum is 0
test,	)^,Check sum is 0
test,"$""*",Check sum is P
test,Ueu,Check sum is O
test,Egc,Check sum is /
test,-EW,Check sum is )
test,E{Z,Check sum is :
test,XAc,Check sum is \
test,1;Y,Check sum is %
test,~3&,Check sum is 7
test,~$n,Check sum is 0
test,E	F,Check sum is 4
test,`	.,Check sum is 7
test,%eA,Check sum is +
test,"	
u",Check sum is (
test,~sq,Check sum is B
test,tu5,Check sum is >
test,F/F,Check sum is [
test,#h9,Check sum is $
test,Hg:,Check sum is I
test,BC;,Check sum is  
test,l+Y,Check sum is P
test,r6$,"Check sum is ,"
test,<Lm,Check sum is U
test,Rvq,Check sum is Y
test,/@',Check sum is 6
test,Kqh,Check sum is D
test,A<k,Check sum is H
test,SS),Check sum is /
test,`QE,Check sum is V
test,g#6,Check sum is  
test,K0j,Check sum is E
test,a;5,Check sum is 1
test,HZ?,Check sum is A
test,8h~,Check sum is >
test,Q|q,Check sum is ^
test,XK+,Check sum is .
test,_{$,Check sum is ^
test,q%{,Check sum is 1
test,M<z,Check sum is #
test,s;~,Check sum is L
test,Y}7,Check sum is -
test,p$6,Check sum is *
test,:x?,Check sum is Q
test,!O8,Check sum is H
test,!>8,Check sum is 7
test,wi],Check sum is ]
test,^iM,Check sum is 4
test,FQV,Check sum is M
test,$v@,Check sum is :
test,pKm,Check sum is H
test,y\\,Check sum is Q
test,{YB,Check sum is 6
test,%xJ,Check sum is G
test,qSC,Check sum is '
test,}P7,Check sum is $
test,-Ny,Check sum is T
test,"+,X",Check sum is O
test,$>#,Check sum is %
test,L-:,Check sum is S
test,*T*,Check sum is H
test,Lqn,Check sum is K
test,bMO,Check sum is ^
test,.*_,Check sum is W
test,vD4,Check sum is N
test,l^],Check sum is G
test,]3-,Check sum is ]
test,6p=,Check sum is C
test,RAX,Check sum is K
test,V<\,Check sum is N
test,"I,:",Check sum is O
test,"A,O",Check sum is \
test,eO8,Check sum is L
test,JF%,Check sum is U
test,!r+,Check sum is ^
test,Wze,Check sum is V
test,|+o,Check sum is 6
test,t \,Check sum is P
test,Hbb,"Check sum is ,"
test,w?_,Check sum is 5
test,tWa,Check sum is L
test,ena,Check sum is T
test,d=0,Check sum is 1
test,"
{y",Check sum is ^
test,",,:",Check sum is 2
test,"#9,",Check sum is (
test,<(5,Check sum is 9
test,sQ<,Check sum is  
test,Y>_,Check sum is V
test,"G""j",Check sum is 3
test,"
Ls",Check sum is )
test,>yD,Check sum is [
test,)\e,Check sum is J
test,""":>",Check sum is :
test,b]:,Check sum is Y
test,h)r,Check sum is #
test,:wH,Check sum is Y
test,Y=q,Check sum is '
test,tbn,Check sum is $
test,9KF,Check sum is *
test,]LB,Check sum is K
test, Vl,Check sum is B
test,lhP,Check sum is D
test,",}D",Check sum is M
test,-0H,Check sum is E
test,hYV,Check sum is 7
test,[\Y,Check sum is 0
test,eSC,Check sum is [
test,9S4,Check sum is  
test,Rny,Check sum is Y
test,}Yo,Check sum is %
test,;0),Check sum is 4
test,A{<,Check sum is X
test,CG),Check sum is S
test,	o},Check sum is U
test,"x;,",Check sum is ?
test,<F~,Check sum is  
test,<gw,Check sum is :
test,$BU,Check sum is [
test,"o8,",Check sum is 3
test,:HK,Check sum is -
test,xu#,Check sum is 0
test,.~i,Check sum is 5
test,V0j,Check sum is P
test,"5
g",Check sum is F
test,{6C,Check sum is T
test,n?A,Check sum is N
test,nIJ,Check sum is !
test,|Ul,Check sum is ]
test,	U8,Check sum is 6
test,gU\,Check sum is 8
test,tSB,Check sum is )
test,tD@,Check sum is X
test,r/K,Check sum is L
test,[X.,Check sum is A
test,)!R,Check sum is <
test,{/H,Check sum is R
test,Btq,Check sum is G
test,PZh,Check sum is 2
test,o[O,Check sum is 9
test,Co?,Check sum is Q
test,AD7,Check sum is \
test,1-+,Check sum is )
test,.WV,Check sum is ;
test,0e[,Check sum is P
test,"',3",Check sum is &
test,c!6,Check sum is Z
test,<=6,Check sum is O
test,ktt,Check sum is 3
test,"3
X",Check sum is 5
test,a&J,Check sum is 1
test,",)Z",Check sum is O
test,7ji,Check sum is *
test,b^x,Check sum is X
test,b49,Check sum is /
test,Ywv,Check sum is &
test,K|=,Check sum is $
test,nF4,Check sum is H
test,H^u,Check sum is ;
test,`!%,Check sum is F
test,gM:,Check sum is N
test,CyM,Check sum is )
test,":u""",Check sum is 1
test,RR',Check sum is +
test,"NR
",Check sum is J
test,~Fv,Check sum is Z
test,"
Sr",Check sum is /
test,f;',Check sum is (
test,JHe,Check sum is W
test,a+h,Check sum is T
test,o>D,Check sum is Q
test,yI<,Check sum is ^
test,"2,@",Check sum is >
test,"""A6",Check sum is 9
test,_g6,Check sum is \
test,~}{,Check sum is V
test,Pq;,Check sum is \
test,Ol*,Check sum is E
test,jcM,Check sum is :
test,?l@,Check sum is K
test,9z#,Check sum is 6
test,V5C,Check sum is .
test,?F ,Check sum is E
test,i?\,Check sum is $
test,o@',Check sum is 6
test,VHl,Check sum is *
test,u M,Check sum is B
test,[tc,Check sum is R
test,Y-s,Check sum is Y
test,t^[,Check sum is M
test,=X6,Check sum is +
test,F#x,Check sum is A
test,8Tt,Check sum is  
test,e^:,Check sum is ]
test,IaA,Check sum is K
test,M?3,Check sum is _
test,)qS,Check sum is M
test,Vq{,"Check sum is """
test,sz	,Check sum is V
test,i:H,Check sum is K
test,|GZ,Check sum is =
test,_lK,Check sum is 6
test,^]M,Check sum is (
test,Vcr,Check sum is K
test,Q*W,Check sum is 2
test,nk9,Check sum is 2
test,fM(,Check sum is ;
test,;E7,Check sum is W
test,#?`,"Check sum is """
test,|OA,"Check sum is ,"
test,&B-,Check sum is 5
test,oo{,Check sum is 9
test,zK%,Check sum is J
test,6>4,Check sum is H
test,_)Q,Check sum is 9
test,b>/,Check sum is /
test, yv,Check sum is /
test,NqX,Check sum is 7
test,iI;,Check sum is M
test,KO9,Check sum is 3
test,G=|,Check sum is  
test,^4o,Check sum is !
test,EaL,Check sum is R
test,M-',Check sum is A
test,EJ5,Check sum is $
test,KUT,Check sum is T
test,i#@,"Check sum is ,"
test,"K,n",Check sum is E
test,4g!,Check sum is \
test,'n+,Check sum is  
test,msH,Check sum is H
test,"
xz",Check sum is \
test,CMi,Check sum is Y
test,0CQ,Check sum is $
test,E[4,Check sum is 4
test,..N,Check sum is J
test,fKx,Check sum is I
test,;6u,Check sum is F
test,z(H,Check sum is J
test,T5o,Check sum is X
test,^`c,Check sum is A
test,a/	,Check sum is 9
test,:F4,Check sum is T
test,Z2L,Check sum is 8
test,.CG,Check sum is X
test,(Gv,Check sum is E
test,v#E,Check sum is >
test,(*0,"Check sum is """
test,k!=,Check sum is )
test,qjF,Check sum is A
test,qWQ,Check sum is 9
test,"K,~",Check sum is U
test,"!M,",Check sum is :
test,eMK,Check sum is ]
test,"'u""",Check sum is ^
test,k_4,Check sum is ^
test,#>K,Check sum is L
test,_mb,Check sum is N
test,e2D,Check sum is ;
test,A4Y,Check sum is .
test,n'',Check sum is \
test,*#S,Check sum is @
test,Nim,Check sum is D
test,a*!,Check sum is L
test,I	%,Check sum is W
test,?[U,Check sum is O
test,^Qr,Check sum is A
test,i.<,Check sum is 3
test,/]L,Check sum is 8
test,m}1,Check sum is ;
test,1uT,Check sum is Z
test,L+p,Check sum is G
test,~7_,Check sum is 4
test,"u,D",Check sum is E
test,<E%,Check sum is F
test,+\3,Check sum is Z
test,42q,Check sum is 7
test,(eK,Check sum is 8
test,Oig,Check sum is ?
test,goz,Check sum is 0
test,g#b,Check sum is L
test,x3|,Check sum is G
test,rPQ,Check sum is 3
test,K)h,Check sum is <
test,h)Q,Check sum is B
test,zU;,Check sum is *
test,+A_,Check sum is +
test,=	@,Check sum is &
test,mzg,Check sum is .
test,Kj`,Check sum is 5
test,mGd,Check sum is 8
test,$j0,Check sum is ^
test,piX,Check sum is Q
test,Sf[,Check sum is 4
test,jdx,Check sum is &
test,&vm,Check sum is )
test,'ec,Check sum is O
test,W55,Check sum is !
test,k%*,Check sum is Z
test,]Ka,Check sum is )
test,LrP,Check sum is .
test,"/,[",Check sum is V
test,x7&,Check sum is 5
test,*V/,Check sum is O
test,h{a,Check sum is $
test,",	&",Check sum is ;
test,cfD,Check sum is -
test,Zs|,Check sum is )
test,"
V[",Check sum is [
test,Wa},Check sum is U
test,"""l#",Check sum is Q
test,*>-,Check sum is 5
test,Nd%,Check sum is 7
test,:{V,Check sum is +
test,f8+,Check sum is )
test,2;K,Check sum is X
test,-t_,Check sum is  
test,tQ],Check sum is B
test,jF8,Check sum is H
test,"%E
",Check sum is T
test,LbT,"Check sum is """
test,:C+,Check sum is H
test,|Fp,Check sum is R
test,	G),Check sum is Y
test,eJM,Check sum is \
test,>DP,Check sum is 2
test,[x;,Check sum is .
test,CvU,Check sum is .
test,tWF,Check sum is 1
test,QIL,Check sum is F
test,""")V",Check sum is A
test,iq|,Check sum is 6
test,Oda,Check sum is 4
test,H3{,Check sum is V
test,{q[,Check sum is '
test,^fG,Check sum is +
test,N|0,Check sum is Z
test,/g~,Check sum is 4
test,cO},Check sum is O
test,S?N,Check sum is @
test,\p*,Check sum is V
test,5nH,Check sum is K
test,#UG,Check sum is _
test,Iuk,Check sum is I
test,"Cz""",Check sum is ?
test,6Z+,Check sum is [
test,Uec,Check sum is =
test,mMo,Check sum is I
test,Dw9,Check sum is T
test,Qg$,Check sum is <
test,ff-,Check sum is Y
test,+K7,Check sum is M
test,GJ2,Check sum is #
test,{UT,Check sum is D
test,Fyt,Check sum is S
test,Jd5,Check sum is C
test,REe,Check sum is \
test,5g2,Check sum is .
test,N]j,Check sum is 5
test,Uv+,Check sum is V
test,#Zz,Check sum is W
test, w~,Check sum is 5
test,SRk,Check sum is 0
test,"z,U",Check sum is [
test,%*.,Check sum is ]
test,{P:,Check sum is %
test,b\r,Check sum is P
test,);),Check sum is -
test,!=m,Check sum is +
test,">Y
",Check sum is A
test,Mh*,Check sum is ?
test,<Ke,Check sum is L
test,ITt,Check sum is 1
test,1_k,Check sum is [
test,dFe,Check sum is /
test,/d7,Check sum is *
test,amy,Check sum is '
test,j~+,Check sum is 3
test,$9/,"Check sum is ,"
test,:Eq,Check sum is P
test,xo6,Check sum is =
test,[8],Check sum is P
test,kAr,Check sum is >
test,vts,Check sum is =
test,>cT,Check sum is U
test,Gxq,Check sum is P
test,1nB,Check sum is A
test,u(&,Check sum is #
test,")1
",Check sum is D
test,W;(,Check sum is Z
test,"
,*",Check sum is @
test,)wv,Check sum is 6
test,j|b,Check sum is (
test,j%D,Check sum is 3
test,a$v,Check sum is [
test,i?K,Check sum is S
test,!bd,Check sum is G
test,"x$
",Check sum is F
test,^&m,Check sum is Q
test,}^0,Check sum is +
test,7k2,Check sum is 4
test,"gl
",Check sum is =
test,;wd,Check sum is 6
test,"""%""",Check sum is I
test,W\n,Check sum is A
test,BlC,Check sum is Q
test,g m,Check sum is T
test,!lf,Check sum is S
test,(_i,Check sum is P
test,7L%,Check sum is H
test,&Ns,Check sum is G
test,NgS,Check sum is (
test,p55,Check sum is :
test,D^l,Check sum is .
test,#XZ,Check sum is 5
test,",'L",Check sum is ?
test,_>+,Check sum is (
test,PP4,Check sum is 4
test,P!$,Check sum is 5
test,oaf,Check sum is V
test, 2-,Check sum is _
test,m8i,Check sum is .
test,[}M,Check sum is E
test,fWm,Check sum is J
test,AlP,Check sum is ]
test,/(2,Check sum is )
test,DIH,Check sum is 5
test,w;a,Check sum is 3
test,a|^,Check sum is [
test,_`d,Check sum is C
test,"""uP",Check sum is G
test,Hg(,Check sum is 7
test,k8x,Check sum is ;
test,V~=,Check sum is 1
test,	TO,Check sum is L
test,x24,Check sum is >
test,V	g,Check sum is &
test,h*m,Check sum is _
test,&l*,Check sum is \
test,%d0,Check sum is Y
test,Cf%,Check sum is .
test,PJ>,Check sum is 8
test,[>!,Check sum is Z
test,Suc,Check sum is K
test,qQ`,Check sum is B
test,"
?z",Check sum is #
test,+oQ,Check sum is K
test,o=lNz.]9p<0_tqsgDm-oGD_0sKO~;2_<PNCSd2n'4R2L~h,Check sum is A
test,TKC0m 6[Zor~mfk8|*Y)Og`=',Check sum is !
test,~_7O!-7+/kr:,Check sum is 9
test,",`J/`b,.3E)X{6_(IX&nIU;U((@CX9K<SRP*$(\pU
",Check sum is V
test,0*r,"Check sum is ,"
test,5%bA!@zm?|otg[pve`{8VD;VD2oL$/n~4(e,Check sum is ?
test,"5p,Jw+gp2
J/|CAD@iPVVFRRzp9!>KRVawvg""",Check sum is H
test,"<&0!4RJv~
IF0	Z",Check sum is C
test,"Hjw\X:LNyp1J
}m1M`#""Bxq
m&9dq I>A:O8	Owo",Check sum is I
test,wU<N^=#ZS=+Gh6,Check sum is .
test,D{lrZP!-xn|X^Mj[i*sT!gh]:_IXxWooxsxW~-D,Check sum is V
test,ZPSp?|'|>H/?{D>RJo}0,Check sum is T
test,"dgwB*d2D &\~ lO-28\`l_n^Jn""s	",Check sum is #
test,"/CUL3iO]""2N^y_ l7B4+i"".}[dXEV/IhYouUp55
,vx#\l*",Check sum is $
test,zZW)bM*f|^YR>k4&mZFJsq/7,Check sum is \
test,"U))""V/4-{Uo6Go	d2rHk""m+;M{l6xl9g&P",Check sum is W
test,"Vv2$UVZc&G""b0l[{Z/f""X_k",Check sum is @
test,W(;:e](@*ZaPv}po13J6	sA'y)RU<{=gg4Zh2qK= ,Check sum is Y
test,"Gu>\]qGD{
/*hN9g4T1bx\@}8:.",Check sum is O
test,\!~h8:f 1Y-A`/aOvxWr$Zv<1Do]<\E@2\,Check sum is E
test,!8*o8Cwi:_jUw}Fc#jmWC,Check sum is 6
test,"=?'+ 5YV|/q@].
s1H;(xV_!L^im%1V5@T[zfxL",Check sum is 4
test,]B,Check sum is ?
test, #0`d;-6f=yOu24?YBJ&CI*,Check sum is ;
test,"B|=g#*rHEB`.9,&Uufb-^Ir0~bR[zR{hZi~}/dgi",Check sum is N
test,"""w6lE%|a|q%rOC3xBl%x@",Check sum is .
test,"Py%ZujemW=f;gdWT*,+kjp+JW
Fj$V=oW65nG7#
y\E<^(@;\.",Check sum is 2
test," a9L.O9k[fA""{(`J23I9-dHKUTqr%ZMg\J+xBT5\",Check sum is 2
test,kt0g7Y13^h,Check sum is P
test,p##L~Ipqa:BY31i,Check sum is M
test,"G,&OFx'zF[BGxMm;wqSl ~%4rbf",Check sum is V
test,P=9ma\mpUWg\p`iJ7ZRC*5.,Check sum is R
test,j$%(&;zyhL&~}/{E4[`cV~0#G(9 ,Check sum is T
test,X6N:c[oZx}8I&|?hyFvm,Check sum is ^
test,2Is	-MQ[:CF:ITcfmYBPFZ3b,Check sum is -
test,"/HU|O]*vvlP]!C""o((3DW",Check sum is V
test,1Bj@ib^jZ2?v ]|L/fX}yS6,Check sum is B
test,"nt_*KoC8XCY""C}wmb{yy",Check sum is I
test,"xFx~gMnCnXW
g#%Pz",Check sum is Y
test,4pM&,Check sum is 7
test,7;xHy}->24/*r,Check sum is $
test,u%RTwM$uAl,Check sum is *
test,"99{/t""B!#DDFIu_P<fl. 399Z,mxl3:}2;-0y@*0x0""
!z-g%K",Check sum is %
test,"S;.X+B:x!A	uBZ6;.]]N'$98>c	wR0zI
g%%JTA/q[VL",Check sum is O
test,"wa>23nh*Q8tPPe6N
}^e+tw-dM]q{MITBh^Z3m{r5KPvuHpzt","Check sum is """
test,"L!PCIF2Y'l
""+Qzj7EH""V&/S*}h3z$[6`.@L*!'&@9#",Check sum is <
test,"$hEYZfU,V>(m)!OyDHT	<_hP%~Q	Ysd7IT\ns:B-gc^",Check sum is Q
test,>n{Wx,Check sum is V
test,C8}A[-^fWl{H,Check sum is +
test,"B#Q4npaDs/ea,UI cQ~i)v9L!+""\+]6GWn8*",Check sum is T
test,"Ns}>m>SwkUR!WC<v2/IW1""7zxHJ(!miEbh]Ko",Check sum is $
test,"3tdM~q[+N,;2qh",Check sum is -
test,)/QeP\R#mMg`qB^,Check sum is !
test,-Ee5't&0]/H@gOk6Vvh5tek`X! pisB{|dGiVC,Check sum is  
test,]x~2Qv S66IY3'\hRx2DXx<zM~5JqxCT=z7Q0`8,"Check sum is """
test,&Pau9D	o+<HbN	B:3cK$;|b7.@O];w9A01AxzJ4q,Check sum is #
test,{Nw-oX~MN!@t5l5@=kQ16//6fcJZB==WAT2C40:X)F`cMtc,"Check sum is """
test,mi>#a.@O}},Check sum is /
test,9]P?T.A<([p5/GgP>=\M1hAg>AC+1@s 0@LLI\gCYz7^[;E${,Check sum is (
test,"4vT-_w=2lA""+lO]0&!ig2jI?s2",Check sum is 2
test,=f,Check sum is C
test,"B|7O(PE>9fdZowm.b 
Xz^t/AJ5G2;ZsQVQCd+1n|,",Check sum is .
test,vx*uwxhe2ES<Mt,Check sum is 0
test,"pExIy *!ndkv8
rLe[n]I#N0J9TF&ecbgPaU(a",Check sum is E
test,"#	LqGc'Cq	>_!w$!{
nUuDN5x8%sE3-9!g~r
apE<;AD",Check sum is O
test,"1{>t 9Bq9
>&<}/",Check sum is Y
test,syzgRZBEOMy*^U6\U^w,Check sum is N
test,u#:kiXV,Check sum is 4
test,"tm_fiD6E""\}j3j?Hc7]{8}.~/$#&Al@x",Check sum is K
test,"FQ,$rT>Hu""9o9xx7tNg7<2m&52pU04Vx\9Z`d",Check sum is $
test,"JBe9._`Z/6jNHODbZ9b>oou<;^u|/J<LF,qL(",Check sum is O
test,~:)+,"Check sum is ,"
test,",z4Go2|;xRV(>C]Y	dW",Check sum is \
test,"Y`g""Nk0fCI<K-Y\gh'uEWy,",Check sum is R
test,&p{h2Kur9t^,Check sum is H
test,q3)Tzn2)>Y9g?*OmfwFSQW!UG8!XAX> DDG,Check sum is 2
test,\bZf-&p,Check sum is !
test,"P""*l[3';pRIJ4!q;-Di4R]SF-T	fUUi
Pp# \CJ/!",Check sum is M
test,\#!5&{Gh^J8yzh7M<9K~`Mw=)a#=*rxP,Check sum is 1
test,"'R}0TXl`'XX	:L0>&U8l
gZCZ#.XJ.=NhUc <h	+""@<@f]\T1Q",Check sum is 0
test,wC*LQ'Ui'AP[jVX'X@F8(K2e,Check sum is 8
test,"YthRL:@0e7HW_,)0^~neH%kSH##b",Check sum is F
test,{J]Ip4z>&NP)G|]}#]qMnKKi{.s.u[TdP#Q`	/ZO|,Check sum is /
test,1FF:lM\,"Check sum is ,"
test,p;2	R:jYy3<KWjyDl?E,Check sum is 6
test,"jN('IF4
o[Zw",Check sum is O
test, $WrFlq<Z(8so]T~dvx-c}NaRk5#v`NbG+E;_utt,Check sum is .
test,FP}-g#I[S$L'B1]$ADCcZ 88E:,Check sum is @
test,0LK,Check sum is '
test,"j|.(m
ASJ~K$DIlG	""eA!'0-;T1\",Check sum is 0
test,"i8snAudB=Z
|%-GagS8WH'S9aD6wNIn@1e7ea<`",Check sum is _
test,Gl?}IAJ	d(SmV>1],Check sum is Z
test,wR4(;W`e{n=+,Check sum is -
test,"hfi=HBfYuV#bq)~B,x",Check sum is +
test,QI,Check sum is :
test,L{#+\6X	&Q#f?j)J20L|LU3MU#,Check sum is G
test,5XHoCc6T_;yEIz>l,Check sum is Y
test,3)%p<Uh([t8:`Z/CMUIzr9k|&`B4@r*jQ8YH Kq`#rL,Check sum is _
test,".?	@Zg|D#56z/?_R#Z""sT5`9NL*q9Tw",Check sum is +
test,#;J,Check sum is H
test,"s+dKmmF	th""^hfqM1]F
!1Z`zqQKT/D""[f=qYc",Check sum is C
test,"x=	$BGtrsY&VMEu""_pW>""^fz\ &\""(l}:",Check sum is Q
test,"5I	G`Q&s.W,we",Check sum is E
test," o
pA9 	UZvQmj#H/r1f:T<7(1/EC",Check sum is M
test,"*hk'n%7;9>c/'pV:(c2@+C{z%N|D`=#h&7F[=Zl)PUfnZbb
U^",Check sum is 2
test,",iR
%!lz{eWd$}Us~",Check sum is ?
test,VS	s^OCfV~(?}hZE:r6]02leI;7>CY\2$XiS9akO^M-#,Check sum is 6
test,"2@swkq-Ie+3gQ,0UV7",Check sum is G
test,"-;?Vb14If.zcN
#7NNmVt<c\MXM$""/v#W3rs,0dGd1@1iL1x ",Check sum is X
test,FvOA;|P7tHTGXa)W$dK,Check sum is M
test,016it)`VQ=BouQ!,Check sum is Y
test,"MQqx1"",Z]\$jtq8)4l}",Check sum is *
test,"}rx!tN:%]@""V4%6U>'sh_gE7 FvZ	G ",Check sum is *
test,Q?hQyIi8,Check sum is L
test,"j`M|Q-z0
5G{ueT0g@h8}""2ReMoM<Hx*6;6^\1d-
R",Check sum is 7
test,W=.>y*w}$Qcu	Pq4$-Ni=h- c,Check sum is _
test,Mp{:RM[0)uR0V{\o|F	32dp1)V<a`'^dv%7$(.sdXE5mr8e^A,"Check sum is """
test,"tX&G""IOXn^Jx6\;=",Check sum is C
test,"@3S.F++V`xB5/rJ	tD)B&P?G!*t4r!rxMNIB""S~H",Check sum is 9
test,zvh6Ky&lXS4/c~1ZX{eAHTi,Check sum is <
test,ncTD5N]J)],Check sum is 9
test,ARC/DNaR0)f`OvmXBF,Check sum is [
test,x>R0l[He%5Jm|N~glN%h<:('ApEMUN~l6E5,Check sum is X
test,"[0
=3ez!C}UN:E(d""(",Check sum is ]
test,Usk,Check sum is S
test,G+xMUP#am	AhA%lF{83CV/|eXO5X8W~kS^D_]lGZ@VO	^eL1,Check sum is ^
test,IP,Check sum is 9
test,6`}#d=[f#R\(U$'Lwj+$,Check sum is M
test,5Le+x|z8&^UVJpo!`AM1z_We&)]=N_2pv%,Check sum is W
test,"Na\=Rp
e! rMr=o^G3.lGW\K)=Q%o]hLtRc(k[<",Check sum is ]
test,r}b  3NZ#5)%z<8u}i&SR9	H,Check sum is P
test,U}A5idF)g)`4&|,Check sum is *
test,"8	g.)cGJEU@e
<Q3MZ97}""MmTKIJdPzu{TDu5s^gZ A3xprV ",Check sum is T
test,:w@#OXML&?1j ?nH[,Check sum is $
test,W:8qQQ	&J,Check sum is 5
test,~\Pufcma`R+u*39iD`oSJ?3,Check sum is I
test,"M6C D,CB~",Check sum is 9
test,"0d1Jpv""F *)u,@0YCau_EX\9wfLI'V9:ESL\",Check sum is &
test,tU)h+kdbo4 ,Check sum is Y
test,"nuaUc
~o-RWj=",Check sum is P
test,Dv]g9;?:T@,Check sum is _
test,"$;gqx1jS LX;-XH
ONS*X;'=$f/zd#CP[q}!o*DH&~",Check sum is $
test,",_LVWm3f2Bs&@/k{nG>K2G%?&LmXqR`|@MfM<q",Check sum is *
test," sH-pE+o|/IT`MB>b<uk5I6hNn,aqM3A]g#D?pr0-zjyIkp",Check sum is +
test,"79=q|n6%,F@-+^Q'6.d`vp/2e<
nmj2+lKz]&*U}YjjBMKL&f4","Check sum is """
test,%1Y$Z[T<,Check sum is 8
test,j+UsN(So]p./)7=s2X`xF_Jx?e)PBJ%'K)0{i/iQeZ^v#,Check sum is T
test,a~rHij5465Dvu,Check sum is O
test,":]-HQD{m'|&U?kn|u}s=K>I[mY0 
z)->R[`p""'xO{7!M|\;L",Check sum is $
test,"J\.2n7eEIL!,""Q76",Check sum is 7
test,r)Zqf,"Check sum is ,"
test,}j:@Rp4TDQf7`YKZ~8L@ k+/^=~`x,Check sum is 3
test,#Kw(<%4Q]eu8|Ax,Check sum is 7
test,a>5W(8el{xXi99,"Check sum is """
test,vV4aSS-+58'i,Check sum is <
test,>m-Cj`w~_nT(HHg,Check sum is :
test,"2asE[PwCWb,GB?r7SJXv|^cw%g1?X> w.YbRz]a$3",Check sum is 8
test,)[	IfC;P5DsT(0o4hg:t=E;o{k	,Check sum is =
test,i15<XWE4x!bJy,Check sum is Q
test,"cEo-u;d1d.K&
:4T(sZdQU	5`n<z?hi1g`*(TosQ*F-iGCs }",Check sum is :
test,#<_z4o{~u~ozV^:Zy7X'*+x7C+QkUqMl045,Check sum is M
test,Wi)8,Check sum is A
test,($H:P%,Check sum is #
test,aT!*,Check sum is  
test," vm
{9_NQTw5DI%ya7weGghT~#vjFF4s~fqvR1ZY!D%FZk4aE",Check sum is L
test,!ho,Check sum is X
test,"{eix(q0|+S3Dn6v#`M[&42
ES3iQoM}nT/3Om$h^^$3<",Check sum is /
test,"Fp'1_?+IiLuR2`jlK""Bjb'_w",Check sum is \
test,"].[g esb\V03""Y",Check sum is W
test,)z5wq,Check sum is  
test,"h53 @gN RU	*
g_	u8~9EH #aB UjxsLtG
%iox",Check sum is ?
test,hPqobfff2f1lrAD=	)k$Q0cj$*AeL2tK%Uq|,Check sum is \
test,t36DDhnzUO#V+<SY%x54)3Ef,Check sum is R
test,54	7+c4I,Check sum is T
test,z$>b%x2:,Check sum is '
test,"#J?f{ZFP""!6RI%p]o \8N[Gwag>&) mPN$kJcYT",Check sum is V
test,"&niglnoc7mFV-u9?S_ dLr!Nmwt~,4C_2yGp6)QnVsQ	XC",Check sum is C
test,FT?:l,Check sum is _
test,X(u5~{k[j1k\-tl#xH<,Check sum is W
test,(R2ww%81@DKjAN))!J5#b}C9b>jrAuD0hyEt,Check sum is @
test,+7A[1~	 kPPPZEIrf0'Cl@UD.;;/om.Ah5IP@p27,Check sum is ]
test,"x=,e*uCfo@l.\3	\`9L8OcHG",Check sum is I
test,7Pa)cKE6?!,Check sum is :
test,"'

' 	DxXy->V 0ckeL=+Z~9w0Ce",Check sum is P
test,~z_	24|(M61zI,Check sum is A
test,"6""6%[yT=V}{p T^&5s5(D>^aAfbZxEyx$}v;2%",Check sum is .
test,"Bf<0VtSq.t;""BR?br7./{'QM3{-V",Check sum is -
test,=wi*PzR} T|,Check sum is 0
test,q:*I&iRYH]Y&on@A}',Check sum is ^
test,ZWtfF_Uh/3Dm!GO+~hO(5`';8LVHU,Check sum is M
test,"-nAM ]IN*Sz/RC+LR:Tk<T#Wu@]sh'G61[Iu""",Check sum is !
test,"v&9"")x?He&q*Yqxx0-#",Check sum is _
test,"AXNB,V $[sNKkJ2N,4",Check sum is K
test,pQEouLsZbs9	(:,Check sum is \
test,N7|RG.O6DhYQ1)xK}y&|KLFir{qhpL+UocxIsdK\{V,"Check sum is """
test,"|){ A*_D3*`kc.""OG5ZMeY
Dhi^[
+S@pFf>	1!|/d;",Check sum is X
test,OUK=2<[Ya/LBAv,Check sum is C
test,vBr)ks	cN)T#`Ci.r9Lb2[e\I24-md3J4dXmR,Check sum is %
test,"HaesS|^:*p`.>WrT
w&Emq(m6Kqqf*Cx@T\n9;S+Vm`,goO$U{",Check sum is P
test,D]pOJ^A~hMU*c+:%2q3Zi(T@4B5C3kQ,Check sum is :
test,"PMqnh)$g)Bp!J.E)Za=MS\i!0Q[""^{#='Q*>XMSF*G.(r/oj~","Check sum is ,"
test,ohn2L_Znr\#Pyb4MU,Check sum is <
test,"(qMb2bvZX0gP*?oqXl""[Rw8b",Check sum is 8
test,"SRJ!/QUfj^$f1LtE\g:*Cqq]G`""Wa\7",Check sum is 0
test,"inc"")(mw""MwY^|
fH0'._u",Check sum is [
test,[R%c,Check sum is U
test,{Ui'asAW($7E7cSEo5`8f	XJ32xhP,Check sum is H
test,"
n0tI8Bx E?s(;J6GXj1W]6)*Q[#>hZ_KX/ pI_$ovzh(IHP",Check sum is T
test,X>-8,Check sum is [
test,O`M)TTURD	!	5;Q#(u>}\1}n6LV$^U|WdU?,Check sum is 9
test, YAc)ZyRT#m%dZUDHcp=r{;P |f?N8CTo1Y,Check sum is R
test,"X7`wwB'=o2e4
2(+y^@rS>d6=&yvKfGi`6-/4",Check sum is 9
test,/QSIk)tRb3)Elt3NnkDy,Check sum is P
test,"|CNW/,Uu[wWL{Y#s)EtT%i'y6p)#~2C^8lD4DtC
t
R(/;",Check sum is 2
test,"S:--SXTUi4c
E_m9sZZS?u;O	~",Check sum is .
test,Q3?&Oj^/2nRUT?,Check sum is )
test,"gta6!V-HcL7-OQ""yA+\`oD=#96Y?>eg+b&1+sL9.-pD1I/e'o!",Check sum is 3
test,w;hXVJt	`]	Uoz,Check sum is 3
test,"H*o5BMc""TY/.en,R",Check sum is %
test,"^ ,dXW~\~mpoo",Check sum is 0
test,"LPS`|Fl=BEJjCum@&u+-	(QyN2DaPCP	ff	,[4",Check sum is I
test,"Nm\}#CpVB@0JY-#WKo	Q
c6DK%xwo*yt",Check sum is <
test,"t#2<9cYYNt{(_k+xY?Q=?=Vid
W\	l|W	A?##I)
B8-RH?>'",Check sum is ?
test,-{yr,Check sum is 3
test,"	xfl& ,o\m oEJpR",Check sum is =
test,61ZH}UjVgq2,Check sum is E
test,":7vC#x>)oyTK#z""<[,U3L4H!Qw6mm.
#\!Kv}x7,dF",Check sum is 9
test,"S61)8`^&LYv34d.,mt@!Pn/Zmz_|e$:Jd(1'.\v",Check sum is [
test,"sa_YrE.Ex~bm_A?Q6""U{\9""Ha,'B`7zWQNJS4sh*:	",Check sum is H
test,"'!]Ph!a#"".8`c",Check sum is -
test,*@J}!Tq6_;Uewc#-Y|umJiBALx0}0{rRy~}<!@B2>&R&[g8s,Check sum is F
test,"A
]nsKPo	s5u)Hz@CU
(Kc!gL_<,-^(s/'w{#u?Jwq\j&8lI",Check sum is '
test,":	\
W
ugo	;FSe f_x[%nqKIv{
t)F0eJ'vCrF}}B%=JS4i,pu",Check sum is E
test,(Ey.4bS,Check sum is ]
test,A C,Check sum is D
test,#q{8<K73qo,Check sum is 8
test,"BTJ"" ?v,PD^),S.*Sr3^1",Check sum is \
test,"_Q0(b*a c,PJ1Z8&a.\",Check sum is 2
test,"P-DAP?Z ,,2LTc/	MAXEX-a=",Check sum is >
test,UA2	H;<Y[7y>x-6_,Check sum is L
test,"j3(&;""<\hS*xohtRA]%[7*b*?d&c%Sk.KH;`k{NT",Check sum is 8
test,"0vjNh28y0j
	/O~2?m=d
",Check sum is ;
test,?.#T%YfLA`U{8gXde,Check sum is %
test,o>b}[<$,Check sum is '
test,"8']=b/@
$=-tM\.g4/f",Check sum is =
test,"Ee{d*`TtTT4X>)Y+~^k'TVsGS`I""FW?_&) |xX	V}g+-%xr!@",Check sum is K
test,E=xYQAWIyK:uu2&R0G/y}Mr!/Ai]&^M,Check sum is :
test,niJ_~]m,Check sum is (
test,t2mYxs>V=dHq'3LGg+tk7(UL_[<5qj4,Check sum is =
test,Ed!K}XRYY[F,Check sum is /
test,>DBaQqp!a1w,Check sum is !
test,5y,Check sum is N
test,",ff/zI",Check sum is J
test,LZ7/+YL}ciz^;_)g]`Er.9#?ueWj1rT,Check sum is V
test,"K|a}T{rsD~nwu|ymG:C(]_eLB`+f-
eX",Check sum is 7
test,'V%c}a1pD,Check sum is (
test,-h,Check sum is 5
test,gl+S#sfdHuw(,Check sum is -
test,vI{Ej(jdS9e8#-jZ6-W&%3iYh2$|%'kX/AJ,Check sum is 9
test,"kVLDjEK_R&<{_C0Q(M;qr3l!7bRPKVEh^mV-r}G IO+@""Dg)[)",Check sum is Y
test,"K=8ZuZA*AijQ&DZD[O>_!Ttmllj,k@",Check sum is W
test,Yypq/Jhg+f{rpLFXY28!tq8O.|x%V}A69rA6kqj,Check sum is <
test,Q;gesXBdHW:TkL(#28]s7~,Check sum is G
test,"p5Y[2i""|*Oxpij.EHIVd$zB;5d7STJ|@'k89`sQ'Y_9I",Check sum is D
test,"XAz
}0a
QQpSGh""]%Y0$oYjIX4GjW:MW>jq",Check sum is @
test,"PSN.&6^>: VIn|
M`wy",Check sum is A
test,"/Cqru`{=u.K*fE(7?
2V^bjC?@(	",Check sum is R
test,"M}w?93VZU.w,G\/P~Y/X27RZ4m2=_",Check sum is &
test,Hp1b\W<w-%CM9kW#^+9p6on	]8J2fmK'K,Check sum is @
test,"(aNS|n_K""\(1jJPbOb,m@p)]8w6PS",Check sum is #
test,FXVMLa'u/)}8w*,Check sum is X
test,U?5HZ|$d[$I'C,Check sum is A
test,?s,Check sum is R
test,?Q'WqT[3p!cv;\%4hta?Ufgg|*FL.6`Y2xYaAPVUu1mYM.AsHp,Check sum is (
test,"@n`-~Ffb""o=Tz2GE",Check sum is A
test,"m?/Dr[x#s>ezYFZPYb?!""8{]QRJUvdR;Mv=",Check sum is 6
test,"4Ve.>dwrea3,""jX%rNCJ!^>Ong	62H(uQ
>a2?=","Check sum is """
test,"9mwg	@]lPz/BH5\[;?9w
o	6it4U6'N<",Check sum is T
test,p:t,Check sum is >
test,"%jvfu>	3hO[+sgyxc[V
{(mC",Check sum is 3
test,"""&!",Check sum is I
test,bSVp]Aj$h{6k*>^0,Check sum is A
test,"	JTgt'q,&B$ wz?9NUr+)y/(FOCIW","Check sum is ,"
test,uqylIz2,Check sum is  
test,"Q3u^~+k8zFgg~I8fI}38'""Jh8IC282",Check sum is B
test,"2=r;azOsfPd6*D/)]_AX/T(>6}_Zca
rG",Check sum is  
test,hhV>Lvc[0hO,Check sum is +
test,2h?-zrcH,Check sum is =
test,c`)SI6+MZ)[8 g,Check sum is 3
test,Z2D9~]#'	Kn[Q|Lv@w>mP;@Z*--~K>Z+Apr@rRQcf04!dR,Check sum is M
test,"$KiEBfXfGbuYW~_MJk 2Q]&_X&$\XGWI5moG!Iv!^.b}T{,%'",Check sum is ]
test,gsl&g)[O@,Check sum is F
test,"%qT=.:	""<7\>-Njw}fpM j,6^Zb# >BZ}$)hAK'9TlBQ'&",Check sum is D
test,]F-k S4B7F}Td'r ,Check sum is /
test,_z:W&~PlJ0[ho1sG#gD>.E&:ibgET,Check sum is +
test,"@;dq
XLtoPEWu&T&",Check sum is B
test,h%alrR{)0h{ nKEzR/dwj62,Check sum is ;
test,eM)JSMG:|g:8dWk_gf0-)rU%-G*ek,Check sum is -
test,"n2.A M%!7LO&\%[ii:Nm
rNll|)xzmLGZJ.F",Check sum is N
test,]Q'5r,Check sum is \
test,"t7\K6*;LEeDm:UXXRUF<AlrUj;?SUwD8x""[-ddDWAl;",Check sum is <
test,"p4Ia+^5/d; ""WO","Check sum is """
test,"xX""{_DOGI?UX4&6p#R[5n$/8*p;2_8ew\?G""e4r4l,\e50",Check sum is 4
test,_6,Check sum is 5
test,4:,Check sum is N
test,QtJ	b+Q'O}:2:JDWHca(=;bHaEdA}t*o?e7?^EWrJv4$,Check sum is ]
test,):2,Check sum is 5
test,"[#p{VG@2kh8~^'w=;G'J:vh)&""M4HJj",Check sum is S
test,=2GWon/Wy\;w;n=S7ZJ1]NtD,Check sum is ?
test,0r5~0y56V,Check sum is _
test,AVXt	6_'T`04e8SHC2ID?f2?4vS!KP0On>!IDpT/vK4~,Check sum is (
test,">GgNAI%\>&>L2ft?G""TEvMxW",Check sum is 2
test,"H1;""fm#l#E=ca3!2\>~}s",Check sum is O
test,>FRnZu NH7@'F%lhm'LR<FQy[_b,Check sum is  
test,"5]RbbH6>KnP+;Y~uJ
oB0 #<Qk|Nn$g_$	K;NHM/w",Check sum is M
test,"QR<Y/ZFbnR47S=5{yEGU85i?hHzP$4F+t?,ADv|:R!",Check sum is )
test, 8I6[=OeFLL=Z''1,Check sum is 7
test,"\/6)37^	
",Check sum is %
test,@W	31n7WN6/:Ma:gEqm0z#32ky.9/!o,Check sum is ;
test,"\'~W\?JE	 7]%CzO9pcKB""t:n0c9}\0\0'a",Check sum is P
test,"|f}ATUV_b)=
6<fq0V'H#S:&GGi5w]nFi",Check sum is !
test,"G&m,",Check sum is &
test,"q`rV{l9 U@:E
nx*%OGm",Check sum is O
test,t(Oh5uG,Check sum is $
test,imU`+,Check sum is V
test,xs>#',Check sum is S
test,"%xU5{6PJ4N$Sd.v)1kjdOV';LAbxWcR""y",Check sum is ;
test,;m(}jXynZ>TVNi,Check sum is O
test,pIm8EO-MJm|tDIp,Check sum is 0
test,"<K[qM	j4N somiE0g	s4K]Md,W8Hx",Check sum is -
test,7=pw%OqF~!-QDxV,Check sum is U
test,x.kD_rpShC ~P*}L#Qk&>)?,Check sum is @
test,"@BxtFm	bK8ip$ksR8t{mw
WP0zc/;ugQp_$!|(h
(`XWG",Check sum is $
test,"^.
T.bB<LU8_;wSaC[H3=4Cd!d082
.2m,?|a>PVi",Check sum is 2
test,"+""n/'Re<v#-]clN@uy,Vs*}h",Check sum is V
test,qZRX wz=dK7E6neJ68H0U9RBs{4c?KU1;7?h`qn,Check sum is V
test,"i!nc^-|}Tk`S 
jB)C	*~c/dA`~-dlk4b@",Check sum is 7
test,"^%{w+3P%BpZ%mweF5""F<XP]*u",Check sum is %
test,@Y4,Check sum is -
test,BXy5y{_*H$3w#Ouo65v11PV$(9j9gk?&8WnN()_h,Check sum is <
test,#f>3bJ{I8Z:3>\(2A0U/P85q!j=Y_<0E[MYp),Check sum is +
test,"d,/U=gD: /7#T2}61G`zMZM1K",Check sum is :
test,"e=,`9!>MbHo fi=9&$)",Check sum is $
test,43[RK^|v}z*1di|*,Check sum is T
test,"Bgl3*sxn,?-s8U+oyT0){G3xyIS[o",Check sum is O
test,*R#\RZT%fmwhnkQJ1,Check sum is W
test,"&A<|;`k\`b^12""3~[G)%QVEGz{5",Check sum is D
test,('H1bV=9J\{,Check sum is 7
test,_=tx]	;o He6WI#Jow(f,Check sum is <
test,'h^K%<d#c+K797U[Yu0FoeIJ3359$lr8qv`4Z9pLZ6K7},Check sum is B
test,qwN(9dN06l&R)REVZn)gzE7CWg`	 /z,Check sum is J
test,"#i3*^<-B+G
%",Check sum is 3
test,_+g'h(	Yz]OQX*Qa$LsNRe:m1iTFq*`Va8]\,Check sum is ;
test,[p2r nIa!euobuk,Check sum is 3
test,fQy1,Check sum is A
test,y@)Bn v#3`OhugaY4y;CN+p}hPWN{2}z-,Check sum is J
test,Dseb})4K9gZ|~em.PY&?	W+***OCXWMuBf,Check sum is 9
test,"\6g@:^$%1h+5E)|:FPVR^@e^7Dj+QL.
^yK`~=!i6zOlxjg*",Check sum is @
test,CK[PoO `0!qFMz@MY'Qqt,Check sum is )
test,)299`c;zv,Check sum is [
test,Z)YKC!4*IegYn3ZI,Check sum is ;
test,"S6Z""NZMB@D6Zr%,xYl0UeB",Check sum is \
test,"q=gX?6dfnKjb$5""[0'$adC)UtYH#nnj&QPH_vqeO",Check sum is /
test,"^t<]A S?iZNx2=n0h}""""M=XpZ'l1u 8X[ZF)4cs;jLWJO",Check sum is !
test,".yqQwVh_	ZABjt9&o]y~Y_G,)LWS	{m(Z<@:v","Check sum is ,"
test,"_sPO4|1{ijl{$nHd//8{Br8]81 w(U<m4HBt(
2:fN",Check sum is )
test,Ab!=DkkUTor>X21A[[7/2FE%gTB Wu.xzEwi=,Check sum is (
test,">\G_^!yj]]+""AczO%BA9q'hC=>R}Ku|TrKVuj19(",Check sum is 8
test,vcl_DR2j@1%q2\*9Qf(,Check sum is M
test,_:k@JT$BEkU0z	H <(.]	LRHTwX)cj,Check sum is ?
test,*	[3SB(Ib,Check sum is I
test,4?'Q8S',Check sum is =
test,Bgl9q7,Check sum is V
test,"/kx		
:m?`",Check sum is T
test,a[3KhU>_wcpO9^,Check sum is $
test,[|- t,Check sum is 8
test,"goP'7TQhf!!6A
8$!F=s#tm0ow(_9zNrl^/}1",Check sum is H
test,"kAVgPLFo""8\$R>$}o2vM.N}MU5T}DoH?vM",Check sum is '
test,"PmDy?I#XeW3z;
l	bcbIekly:",Check sum is _
test,)/1)R3eQpsXZi`|2,Check sum is Y
test,O{F?i1rx?S+ldRC&.;nvVhp?;xUc1_5zv`j Ox?63r6_^	6sv,Check sum is ;
test,ab=Z%~	};_vy&729Y:),Check sum is 0
test,"}tZJ{/K&yhse-w5dHujOZ""W16DI`u7AR'a26o$PYQo
OIM$Z$",Check sum is _
test,";wqAMN1<;[N3W%g-@vSX\\XF')Su8}IR.4k'sA,}Q$].",Check sum is #
test,"SA;M""0v	-_:9+=UX~^^2bLU<T|)H}ntL,X<?boh",Check sum is 0
test,}H\{MBj\v/V\VEh5o]96\%w51%}-q	iv/,Check sum is P
test,J'tz-/'GR;J&8xtL]P'B`jDo#m\F0+7F&n2}Yeo:E)0dn,Check sum is -
test,Ri:!\h&Sn,Check sum is !
test,"""\R3<M-LE!o'l!_9?le
9rn0;PAu@}fr#*-6,Egr\""aSq@M}];",Check sum is >
test,".)_T""Ibb^GZ*>DSpGJ:$;=3%bP[)|%",Check sum is ]
test,4!.UBTn;R,Check sum is I
test,DMK;,Check sum is 7
test,gv/,"Check sum is ,"
test,"hlvd6kBl1fvg
""QrH)8[\k5x}> xX",Check sum is #
test,"|v0M5bSLZXeFCEdQnW&8Q ||Uj!
ds4%Ugb32p.q)%#*_.$F",Check sum is )
test,"U~	2+Q5
w~B(\",Check sum is $
test,`fBnn':,Check sum is %
test,"DhLdq|zQdr&AjzJLem@1R7O :;T9Sd,wM[@x[JpiAB|C O u$V",Check sum is  
test,`vuLg[~,Check sum is 7
test,"XjR Y*bE:uI
TlTnYg4>xhs0F056+v=q<Ji`EXX<`kN.",Check sum is .
test,q~97jLH(VZvG>N MuA#iWIP9Tq!kQSr^C0nICD\2~?A+T,Check sum is 7
test,WA9}9=bu@B-)zGuA'EQ*.-`@4},Check sum is ]
test,"v+11:BeII,q#%G\",Check sum is ^
test,2t^V]=<}`+l\]=,Check sum is :
test,4Dy6\.e.cV<b/+#(,Check sum is  
test,"Quj
J(",Check sum is L
test,/\7)i^cHcRDLu`0T.k&?P_U	E<f\w|U&Gy.|	Rd\Qk*M`E{_cB,Check sum is 3
test,?2Yh)B%~!m[y.w3qd%wr#F`73dav{`,Check sum is F
test,g$}h:=&H0,Check sum is %
test,"OK63VPa*Wio~Kuu6Cy*H{Pbi7)OS&%_F,Y\ m",Check sum is P
test,"Gcj<GJ3p=KUZe(jut y?y
g{GEa=w!9dZKO,C(6xH`%P*X",Check sum is /
test,y`Q,Check sum is J
test,"#X1or6""]ft{\\|8u\.MIWh1_5.:SKaz5",Check sum is R
test,LS0f ji{~o(Q%_?:@,Check sum is &
test,i Q&c[[/@EmpnAXTIBQ*A	(/f`mC'e4z9$,Check sum is Y
test,'8yL.GqR3q}&DlRfq?fl>	F1&qRkPxKvf|,Check sum is *
test,"tui
~lthGt2{J,)FfVZ6#'Ah-NJO`|!0g]E~~",Check sum is T
test,"l
AeP)E6",Check sum is 0
test,f=5'XrNM+`e,Check sum is 4
test,)c:NUuZTtC|Dd'-4&H{=`>mHb;tR6j5RBTM):E0>MMRy=:o_5x,"Check sum is """
test,"sgN	Q-uz?DE3_`+2p:%![IR+J8-uq,<,.!Y~0%Hx}FChX",Check sum is P
test,)Bi:9\/j TM,Check sum is ]
test,"e+TN24j:|e<_Yx]/R.T
Q2t",Check sum is J
test,3eb<7k~if**G,Check sum is  
test,"
>Rc0/\$g@NPCry",Check sum is /
test,dSzEv@Rjak6gl&,Check sum is C
test,vY^MIvZ8nFTk%#[I*f1Gd$zz0iE<;H#;CUNKH^BO{5`Ki)]%c,Check sum is C
test,RdmpT&W6?aOb,Check sum is K
test,%Sv,Check sum is N
test,Sg +?HLrl1f4m#	J.z&0zq?,"Check sum is ,"
test,OdALik Ke!=CB*3/`hyjot.mF,"Check sum is """
test,"'nWJTbR'-VL$!/d-]j5
<",Check sum is [
test,PnxPHilbZ+!,Check sum is K
test,";~V:R %!ML\xSLO.'smxTE&K.*X,",Check sum is O
test,>*bH,Check sum is 2
test,"Nr-tqlVvU20&\e3>nIs$wx!hwy#
KF	w+>9KkZ4~",Check sum is Q
test,"@4w[I7!ibxw%_Ic%""D4 :c>%?<$I9@mYQ0qZD;) zY""'e+<U",Check sum is H
test,"B$U
B2[*f7'i,",Check sum is 7
test,r8K?m,Check sum is A
test,=3&4CU5IDk('xs1e`p~cL0^iU\~{]bL.k--fdG,"Check sum is ,"
test,"#cIsnSV:]wA[.iB $
`o;+{",Check sum is :
test,"r2""z46Rd.tr5EJH2^mp/CifU
|UG0EF3F",Check sum is 9
test,"^;*e0nL,JU7IMJgd-qq12gRl/#%<S6.d3hQ",Check sum is 0
test, (\EeTz2?aU\,Check sum is ?
test,"Gpop,R>'chALhOM.A4%1?+RQM?:b)%y	f%4""[_;c`J|P%?u7",Check sum is 2
test,"cD)![.
|UU[}?OJn+M;d!s^:Ig""O4ki=ffZZS&q",Check sum is ;
test,"okd^;R[_3wkvV8uP#F4k]cXiAV9M7&@s-""3^<>5*`",Check sum is 0
test,"?:*}
]fBXf	/)""B@-@&	9=};9X_L&r/1_H;al4T[LN:HAW]",Check sum is 3
test,4)yDb	PngM@H-3l=i\=5Dax$(0IX9]7cI}j6NtNQU7x^%W,Check sum is .
test,^ea|d3k^~	ax]OR;KxhcZP'SqE}C,Check sum is !
test,"4""sNYZ6X`d_	WPOV$nc{:;sIx0zM7T6]
I3	m-",Check sum is G
test,"x_ne
f6u:n#E1=6z@zKV`<ZgxSMPfw[R!Q)>Uyo?2t*[Kn-",Check sum is #
test,"y6^P/&#0K</dM%""'",Check sum is :
test,+2F!bGB@J{I#W/qB(:,Check sum is [
test,rCO$Ny}fKKSf{*)s/2.Uo)z;x=7H>%(|hGj:=n>Z,Check sum is D
test,"x>S&SvY;""",Check sum is N
test,:wyhoHP8ZS62^u>WRw,Check sum is 7
test,{-'vNuad?6S]y]M:R',Check sum is (
test,:]m|[mf!avb1,Check sum is Y
test,!jgx(!Tm2G;n~%1>!P7k%;4C,Check sum is 2
test,Vmy1p&Guh!g,Check sum is O
test,D)K]x7m28L~vu,Check sum is 0
test,jJ@-3:Bqnl&C_	>h&,Check sum is X
test,"PBOEoW
p}K]}tYAi-kE""]T`>w7gfo33+Wkda86Oh`",Check sum is 4
test,"v65-%a?+QBeCaXYU ""r([g%|)Ut@'5OY:M`Jf9^nk9aq^8Z36W",Check sum is 7
test,"i.{a!f`+H4^""

g?O3k#J,	UDy'n^Z:x}JPVQDQ*u[?~6'!",Check sum is C
test,:	'iO	g4Y;,Check sum is :
test,"{	DJ}-	3[ya`m2Kc,NkJs'u9F<jEk1!8	(b""7_.",Check sum is P
test,",	Xnh_I$'DkDzll~zvo(Rp",Check sum is B
test,5)E-7?s~j</,"Check sum is ,"
test,"!@_n=$Y}	eP3^yk*aUgib$RBOj{,Iu?qPhaj_",Check sum is 2
test,"o3tB5\{M=1@~9TWzA
""L>^H3$+",Check sum is :
test,ORz9Sl}Q)bQ(Aw/JVeCw*a,Check sum is 6
test,"hC.]d{yL(?KwL{).(
IwJfv)U/@k-bk9p#GxbVUr",Check sum is 5
test,"d}
`$Cyb3[YbE;\i[&<U0
MwkaV65A2w$",Check sum is &
test,"{/hYDJvjwG7d,DS3*P/`RtksN*~(9@&tY~Fo]8J5KnY&",Check sum is >
test," HI<'CYri~A,~+.TK=PF.Au56!4(SyyJ#m7*Ymn35*d",Check sum is U
test,eW,Check sum is \
test,9h,Check sum is A
test,Czy.9A4g{18l`4>,Check sum is ;
test,"y>.U1Gw0P
bzoLnm5Dt8I+wn`,q*_.T
Sgb)!`[)<w[	v3	ee",Check sum is 2
test,"
\$VRAlk%5~m:w_)L7",Check sum is +
test,f)Qm@!;>YTZMLkq3{!Jz3erfFC. k=J)2@;TD,Check sum is =
test,{M!;`sovXnmc7}{Ygpt)a/qf9cd`B{Y1M=zRCjuGnvU9,Check sum is M
test,L`nYum>'N	HOO]RL,Check sum is R
test,5+c2bl]=D)`,Check sum is J
test,}R8`{e:0qbT5,Check sum is -
test,"s	}B9>l1_6lMPjW'}'e+jf{Gd,9#p	^uj]q0_WL,(bffK}",Check sum is '
test,n?VZt:Gthp=QUgJ\Z][U,Check sum is U
test,"P[g[Z/[116WX!7~w'^i)NX3f7|
n$,VY-Qc(Hoy|6h=1b<e4",Check sum is =
test,G9TmC.Vu[C+-nf,Check sum is '
test,ld,Check sum is 0
test,uVdI;yn./3tzlC/t~gG&B'UG(SR}>t],Check sum is :
test,czZ6?}M	}t?BPE&fs},"Check sum is """
test,"5;hfGNx7,qa>*",Check sum is H
test,H>/9e?BI-X^6:Tu	OBF)z[xr=#<lm|!,Check sum is 3
test,"hGl*o7FI
*/ s kkY'`!&BkC7\|zxlD""v-eo4ea}sCs/%""hd2.",Check sum is )
test,lk\9e,Check sum is 1
test,"NUH1[ZA/'-X1pj>B?3YdJs""H^4]-en}?Vu/1b#Bo",Check sum is :
test,P0Izf;D~rz[!'E|j[fY,Check sum is Z
test,pcZR^aFGV3p)=]vyZw%;HKa{hweF#cy`o/!UhXqvDn9uyd,Check sum is W
test,i^8*s[z,Check sum is Q
test,C-o,Check sum is ?
test,k8|VLdux\gE,Check sum is :
test,"[1PBU2o_Hm
%^W]*q._i:HNGf@}Ww,D:U4_n1eY$lO$nc(",Check sum is M
test,"Mvv3c!vnhJ1\|C,)4oZYJa	s	)6","Check sum is ,"
test,H#F{2_khY2%AQ5o `A_[b,Check sum is 3
test,xea6/.Ji[b9SaU=H	8AP`p	iuZx9]eu*NvnB[*G0]AEoU[ 0|,Check sum is [
test,VNHnh67,Check sum is O
test,"Z]4QlrJ2'!}FZO!Py""hiZTl'<-",Check sum is 1
test,TP&[C=W(]^7s,Check sum is )
test,"&n'E2`O >H8sH4%Ga$""
##hUy1<6Q3SAR{s","Check sum is """
test,ZO)D>8WS0'~8PC:pq5,Check sum is F
test,"`S~#9qli<Thse
^SHj\m,3#flLNJU,hw;Z]Z(",Check sum is E
test,"hgC<v/'C`%`9=(hAjaN>*zCn#z
LO\.F_JsuZ'U;6IaFHkFQ",Check sum is 9
test,"e)D<</an*>g/\c1'UYL
?&;n6}?fo%}&%Pt)""",Check sum is R
test,"F^Z}B*>a};$#1kLs]1MEB05(`SA`A_XxHxi9Zf
",Check sum is _
test,)glJ0@v2yG/D#,Check sum is T
test,HK_Wcp|,Check sum is 8
test,L|I7&,Check sum is N
test,"g?>X4)K>}v-9o7|uY,SbchI",Check sum is @
test,"Iv~
7",Check sum is ^
test,^.1D<'eZ&dM$AO,Check sum is N
test,"HB$
\",Check sum is 4
test,:N#UI,Check sum is )
test,"U(y'fGD%4HuB$yg\c""QbC D7%v]dD#FE",Check sum is J
test,"N!6zs
iMO!jmr}9AEv#iZ	G(Q&<xB=|kK0X",Check sum is _
test,%~vTD G(``B68!dK)[O4 [1tf/iTnZqw3&nD.hYrtE([0Y%,Check sum is _
test,#!8A\8@?,Check sum is 0
test,"Ro-||hpi2pSkzGeiP	KS6-/	7(.BN~c""D?N:7@h^",Check sum is 0
test,">>cVrQ~NEMP}:oy5LZ29V6|7^v""!Y*9Xj DMXJI-z/;rr",Check sum is P
test,904,Check sum is =
test,"""vS",Check sum is K
test,";=S#RfNjM`4DE/]Xj%AlN3-u;r	,D?]lca@cYt\)Qzpj
",Check sum is A
test,"A^}^{O[8xaQ@tFYNeQpIeaQ_G*fK3eU/,.k+qU?`""vA4O
9R3P",Check sum is .
test,E1,Check sum is V
test,\}*o'D9JrklE_j(Pt_%f,Check sum is -
test,";,.[5WCp>&6*_?}+{gzz\F=soOj N",Check sum is W
test,"b6Q[9([67A?u1qX<`
+@S(|:",Check sum is >
test,"bT7+4xv9L@={y^.,",Check sum is H
test,"Qyj07~h?,kv^VDPz<$:krguai_z-bAg=qoy!Kj'O<XVS",Check sum is ;
test,">gI1?`-""&:NRgM@) HRTJBKKeGx%\k>+e,.@",Check sum is 2
test,rKE_Vhr~IS(FZV\=1=4<@,Check sum is  
test,"doQNk+0C""Kj/3/%Uc=3DBaB]uI}{[	P)_[^vIa	S16",Check sum is $
test,"zGu0x}4d1""S-UdZ7v&/nJ]7tG#ow?F5y5&p",Check sum is I
test,"#.^
[VI",Check sum is S
test,-JN3vGGr7noajIC2s9DLQSv2F{Dxu,Check sum is %
test,e@P/o$B6jlpzmux	-ci61,Check sum is R
test,"-,@D:F5g^k03`zgPLSqdyVxOnH	RA5{cb%;A5Q",Check sum is N
test,".;BUJtGYqSZN,!P k}RJL {&gzSfysr",Check sum is 0
test,"7Y?t[-sEW?N5=M,Mi;6ckgfz_m5fj@Xve
k",Check sum is '
test,U<p_C#5f`q%{JNP(Xr$c/ 5i2nN(A>>C).5%] Z|gd)I,Check sum is W
test,+dRM+qiRy/ccxbzyP;V26RQ?fu(vP:N!g.;,Check sum is M
test,"1?o|h/[a,xWL3[25Wh!I|j""qM+uJs74,})",Check sum is S
test,"Nk}La&28>A5
T'",Check sum is L
test,A>K	d#*t/KPB=//1[kg,Check sum is ]
test,XZDJ@m1)Cx!`uP'rI'&ShN@ax\x\WH:,Check sum is B
test,M]	RUq`NvgfY%hc1O(?fL1(g)K,Check sum is 2
test,"k""XE?(.2AEU&yxoBy/Z,
\gDz7*P!7U0nW?J9>i\%o",Check sum is Y
test,e2oM\gH:,Check sum is 8
test,"idSCG*bTVN0Ddn+FF`6p""]h7j
",Check sum is #
test,"v<]V""j]O@M8}ol 4>j0\>*nt{\GLGyk,1[Q^,f_![1uM#W
",Check sum is L
test,"xMsX, '=*\A$il?J7Y3#P2j7ipn .G76	gwCVG
wT@[Z,!N5",Check sum is \
test,"r7ndu0m9T;z	q2}[,chev2kxj",Check sum is D
test,"g<u'.j(<$GlQgkOjObf`""kR72ZYjl/6)I@d]nTEb1p.|$6XfL9",Check sum is ?
test,UupR??J~qw(,Check sum is B
test,"%I2{\9,)d-c}.F?C9Y<=!amM
I	",Check sum is /
test," +S#Q0F|>6`'#W^cu:8x0,J,9UkRSfK""_i
^XeS,F~Q$b,pi",Check sum is H
test,".yD.^(LN~Y>]sV)o""cjnAjHxsGFv]pzNFC~c[jRz0/8;%XxX",Check sum is Y
test,!;[}MK@,"Check sum is ,"
test,"""f&
{3wJQ,	*`RG.QXg%	s~=HwZQUB,RHmu$b{`C^9bMP ",Check sum is M
test,",Hag	]'+\3 J1Xd K=""(|
F6\2.:,0!dJ,",Check sum is ;
test,"	qM T0SWo4^>V}b|y5yQ{<na.dHX,:\r"" xxH{'X_2y",Check sum is G
test,"PE}Q-e<UC
jWawIOx0""ZT=-$7Ge",Check sum is M
test,ihBSJu*My\Yw,Check sum is !
test,"MOF~/4-6(,r0z3^t5twixdSO-msWT<$R","Check sum is ,"
test,"/[<w#DT(r2GXI't4p_~PnIqC7u
Kk+a'Y_I|^C5mh;",Check sum is %
test,"u1o\MIPWDb""fU^",Check sum is /
test,/%gs>/Vh|&4mY`)b.v|fs6	tc<;bI>>^%s2qwV,Check sum is S
test,Ir|>n+[(ZeIYC$|gCMnoWyvp&WOLt,Check sum is K
test,"Dvi	9Hq+G4u=[av%)|xL""^b!Vqh{!{4yb	B*/e8aq,<GXp.",Check sum is &
test,0mVqYC6J6iG,Check sum is F
test,"E=@T_{sdDc[j_`,B>wYj/m""*2wyysAnr)$1_va+]Vo>7'GS]	","Check sum is ,"
test,"EV/6CW@L*R7!.S/ox]jPuceV2H&""GpxlcB%#uQb#J=)E;",Check sum is  
test,vS:OdKu;NAtB%(>vkx.FlK4|5:\),Check sum is I
test,"YcUvs x8S] T}i{Kkl[]~0:${aLC
Xe\05t(c6""-YJ6)A",Check sum is O
test,"w,e.pV30HCrGHa^k72c3",Check sum is 4
test,"l9X]c3)s%w.8f@gFnils2].Gyb,0",Check sum is 2
test,}qtDKU|\*awR|9IM~sf8G{kZKuI&K%>+,Check sum is ;
test,"he!WL5Wo-h;b}'1VY
9B""R4+7-c""""G",Check sum is L
test,"Dx;_|d:T!
[8)L~5-9J	_xa{B4>(<eLI",Check sum is H
test,o[swJ4+qG-*\Oy5LBCbQD7qBt$Ua1XwJ-Pdb]A.}'$7D[@=L,Check sum is %
test,"s(7;..BY%LVg!^4MJ7c`u6+;[KtO7DX\G*!HNeWVQ(
q",Check sum is -
test,sp>*V9j%bV)8dJ=[@[+sN	ie>,Check sum is D
test,":qQ,bL`fQ^(
AQAX0W[HOI}4rZ1{>
",Check sum is ;
test,lUTooiFJBn5F=LnI^FQ8jh)EJGLjJ,Check sum is 5
test,"mIHX2%|g*{n:!YfMX]0q_P%kWBa:da~x	""C'-""'v ",Check sum is O
test,4r=zuYj??a;;1trs)5AbHnX%ex.Y,"Check sum is ,"
test,4z0(pe P513r{5<|,Check sum is ^
test,"r(U""24rZ$qq/yY7trH	PXf%nNLOEN*5X8
f#- v.[\}1",Check sum is M
test,"#*O)i]Ly$l`,$.dA=~",Check sum is >
test,"Vla]twce;u|6.[zK[w)Zwi:glh6y\%<.W}=jXQB""t""y*t",Check sum is <
test,3a'uTOf2zPFMy27 Y!vVx]a2t-KA`xDof,Check sum is 6
test,"\\{7n3_OO9ia.[jXQt}>""Nv]F|[;h",Check sum is 9
test,M-,Check sum is Z
test,"5?KJ`sK1+t8I6sy\<~%\TxW]%v=M+!'Hb,:G:@",Check sum is :
test,Qb`T$O)6JhwL$_T7FP,Check sum is 2
test,"wL]1n
Oru['d}HD[Nc",Check sum is Z
test,"ApV""j0],)vW:ZI4U8{Ha""$?BID9[<}?&",Check sum is *
test,"4_0=J[""+VOI9)EaYi`aO0vH,;o?21z\$ht44UL c","Check sum is """
test,"""n)qJcN:u?(EDpEhtCam""T8g5DWW:V4c0wp]- @My]YII`",Check sum is X
test,0?^sx5y)OO0~))gM_MQ2-1vIF[I~9,Check sum is .
test,sYUMVPEF^lI7-:(+_[T$~H=Y$l)Yh$S,Check sum is B
test,xS|SF4,Check sum is 4
test,p89PT_Q,Check sum is U
test,"TQbeI$*np00#,fJ'%>,Zg^&	So*""fVno/'Gt~A8{qh)(?
jk4",Check sum is J
test,"dx0bbVE6
'I8}/F4z1",Check sum is D
test,"?Enf_z!01e%iBwRYOx""\WMg1\1\fPD8~yk",Check sum is (
test,"=iPGg-r6lX-""oK|,x.|1-E-+""M'^cfi#kV[	P",Check sum is )
test,9Rb8T$J/3~l vXK_%ku*anB,Check sum is +
test,"<Yt	JOzE,}{[}`#'.
W?_<DW6~0GN@2l\9{x]`	# X-Q",Check sum is 2
test,"TA|vfI2WeAp<+>+?\8Gn4,,0s?Q>RwL'A.q;3M`Pz95fa""B",Check sum is $
test,",:EI]dq3HWk""jGa
8MH,1'_hQ0'U""",Check sum is 8
test,*XaUv=cmk1` 9MIXU0F<8!z~7usf,Check sum is ;
test,'d]|E.cT`,Check sum is N
test,YclSrp~D7,Check sum is 6
test,qN,Check sum is _
test,"lqO#nDmy.v67'>sY80`;!U!_O
bw]'lYsUZy<[Tz2%*4L",Check sum is >
test,".js!uaB
Q",Check sum is ?
test,Ec-[n V,Check sum is 4
test,"]e,SE ?93@",Check sum is 1
test,TTIu18X O?|TcO6w;|A&5*	6v..%~J [w,Check sum is Q
test,8%\`[JAX#v\j5r86q,Check sum is \
test,"::4	gP.!
8O<N=^
>@V5;;c^`RWnO""z+OYVh%o33;
N@k[K",Check sum is (
test,;KX89b)d,Check sum is ^
test,"w/H9		:x-G6[tl$^#o:D$/.*Q=P""]l/Om+m",Check sum is 9
test,Lw|a;#S:Zd* %$qX7uSBfW(F b1D	>jMX8)qPka3nKp,Check sum is H
test,"TSf+9n6 h#$hYXp3
7=;/~b ",Check sum is (
test,SJI,Check sum is F
test,F_iFc;GP%1Cf|[;&x65)IyD	zoXr'YR)?EJ,Check sum is 7
test,"q.Dob$25r,
xMGmX*G~g>{8,@",Check sum is K
test,QYl$	Z[lHJYg%zN\L.`RR	.<dI+	m{^2k?h}'@z|,Check sum is U
test,"ObxSZ^P52
i#?/9|E&}I0!",Check sum is F
test,"nel;J,>nuu#rUxc[",Check sum is F
test,".PuP3C""NWPJ%ngED'",Check sum is $
test,+r31],Check sum is >
test,PNeH%!=J;)Ux@_<@]j,Check sum is K
test,.`x,Check sum is &
test,"4 :gl;Y>6i2Nv~YW&fo-UJUxO}I2}plXg""f%",Check sum is 6
test,"Y)e^sY,W/'z\@8OKP1^z5|<1qwk@hGZ%Y-H(w^?K,%V4",Check sum is Z
test,"d,X_11k",Check sum is 4
test,p&Sl()|A1\U09GhQSc^ug;U$(zXrj(fVMhptWJ:M,Check sum is -
test,kig/29)|GAf69JGsPYw{&grAmE[eA^qT>c)TapXN|	w6q_oMm,"Check sum is ,"
test,"InI u/bFL!'""Ze#P	r%TL!$?Gx-|rDs",Check sum is I
test,"XQq3akgi?Sv6eg=U#'[)="" VT
#s!+sIwRdjer",Check sum is 2
test,"V!9
QHkv0OP1CUqPVHX`X}""",Check sum is :
test,"EetiBD9{aO,{uc/+XPoB]S<5&gv<DFj{un,a:d=
W",Check sum is >
test,iUF9qG6458.#U\<Tl,Check sum is *
test,"'S""
ht|n",Check sum is L
test,>.l`;LKekL!9.p87Ez$,Check sum is P
test,Aj!YgG='Mf?hnZ	,Check sum is B
test,"rwOPv
gOFGUFp3Lwk44K""
_XfeXuVF48-Ovd""|;`tq",Check sum is A
test,BiWw1f_crvdk#WJ q?$92ie.0%6,Check sum is S
test,qNL=DK,Check sum is 7
test,"|K4F B=&B>BIE~{(T?NohB
jZ@?t>x3xXJK""w]Rdl7L9}o2",Check sum is R
test,aj,Check sum is +
test,Lo,Check sum is [
test,GR#zlYp-(AuxKGp`zrD#LAS+Y`M	N!6O,Check sum is Q
test,"]IQI.{SUgE""TZ?'""-v??5j^Bi=>m=]Mn\d@vpy;Bd,B&>Q",Check sum is ^
test,\R*29h86a\25Er-{o,Check sum is +
test,"<eu""SI.d{?L]",Check sum is )
test,i	SG|T;,Check sum is 7
test,"iAw&4yUw;:K`,Y7{6_4cc,MngpG<*qZm%^","Check sum is ,"
test,"	nw]\c[}Qy u>v""f)]!.(|rP#?mkis",Check sum is .
test,dK9HCC0X~5*X7QI?ic#8],Check sum is '
test,"zR3]0]ZIa;
q7\7864lPT4NxY/D2>g%'@qrFwU:$lA",Check sum is (
test,7VHA/lsssGNgARX<[&h^:&km]yGj=2	ivB^\5,Check sum is [
test,"}Z3uT(;CH\g	*.<{0s
{!l'",Check sum is X
test,"En[R^0j2sk':kw3T#H
`K0QA^.f2O2wBh9FZFt#",Check sum is 0
test,"""J
lo21H&WMiZ6W68#.>DW]
ygN?C7\0;6xk86)8 :",Check sum is %
test,"}/g6xXm[A""C@/n<99xN#5/PHR1^2:#7H_t&(>*",Check sum is O
test,Z<fAS^%s2fq@H,Check sum is 7
test,"~_MW8>}o`,ihi.>",Check sum is 5
test,(kkx,Check sum is V
test,"p=+>_;.
",Check sum is H
test,R~PMWzSD1zk5SumwBJGHI@>Ieo~(BK`O${X{,Check sum is ?
test,UfXjR \lcBo,Check sum is +
test,":0HTZg5-
\a
jgBnP]*%*'wbG",Check sum is H
test,p@_(C	KK\=`QVn1mmI;s,Check sum is I
test,"t$3$$	q,2N#!HP'r&[VXR\Yw(w^'",Check sum is _
test,@n#e[EPBROye|@+TG8{B%7ak::Rt,Check sum is  
test,Ex6,Check sum is S
test,Nlg54a*x*BIDd?xsSiD<1S	{/C`*K%m@!5C[`%q=L] 6><d,Check sum is U
test,"2a]qp8u08qy:j%y@O%Ol]kBK3T=,(&&L8Pmc",Check sum is >
test,"H,=0S<W|2pN!^~}HH-,KY?z//o45WrY^'A10Dm8%&ER;X",Check sum is 0
test,"dD[PzQ+T|%""R#WU""M\r6ScG@YvpO_D8vM6()",Check sum is D
test,"Vb^V|0jh|56>rY7D</~.r.%!y\n;u_$ {5AC""",Check sum is ^
test,c&|[10XJ&0JMB&J^0ler.4,Check sum is U
test,fQdfeI,Check sum is O
test,"ekcw$#ztl&Z9J4}8J>n[`h{z^qOVEc""{_FP&S=`;*xblWAtq",Check sum is Q
test,",`T\eu+4%lt7Z2m
8>t""ec""Tv;VQ']~Y=0.3kDZ83r6d5ia",Check sum is ^
test,L9`[XJtsJo@IMy6kc)S,Check sum is 1
test,XI[^-@KoFhVeHVNA5:#e>z%M,Check sum is X
test,"5Z zz70,Rt;0kjBkfAr-!{""m,U5^",Check sum is N
test,!bdi*LW/<l;)i}jov7qm[1zoE?\K',Check sum is I
test,"JXDO~;kU'=,",Check sum is ^
test,?V~50/*G`lt'%pj&!\4oC)fYn4,Check sum is 1
test,ut;o&b#967x5G,Check sum is 8
test,orTUCYi,Check sum is /
test,	pf{:MC3%|^!RBAPI,Check sum is E
test,l5wd7>Zdq4OSlp,Check sum is 2
test,_BaL^ a_:=O,Check sum is 2
test,"xcBW=""l
_yQ=5G&rBuO1",Check sum is Z
test,LJYk8!j1n#@,Check sum is ?
test,v.B?08mB3A?TSY%,Check sum is 4
test,"9>et4mvM2"";
duB&A",Check sum is /
test,h7~f&e2[C fE*VDyaUOO!,Check sum is ;
test,"Mn
RMKBG\}4Z
~#1{ajD5JTL`pkqS>t5LMU
&5Bkc@J')7t5#:",Check sum is $
test,"=$?XKZWav{@)~-R5wH:m!.9)~4{'fj_@O$&W}F	A""Pc{'K+e",Check sum is *
test,"$[a(dXe&=kvMfQS}E`4Z{
w@8v)(JRc",Check sum is N
test,"	R-% -
""M',	xe[t`1@J4mTS-o8h~^wcy",Check sum is )
test,8Y*UI!/S{m6ZhC1PrX'j[WQL}+0l1O2Q[$r}>u~~ 6]:,Check sum is ;
test,XTJU;B<=A3PV+A7J(>F0>cKSq,Check sum is 4
test,"6^oK\8ggGh+:1 l2jLDD`RSrs1i
m~{JoAy0Adk+
JuD^4>$",Check sum is $
test,"#S;AH>&H,c",Check sum is U
test,8\ib6	B1,Check sum is 1
test,1[\GaT!}[Hn\:1Xp,Check sum is B
test,"t-u}FV7r{&HE3g)()rcf2uP""Y,#E0):Rg a&kC+b<e^n",Check sum is V
test,"5=HjJO+&!;8>;bn	
CQs?kZ 2UUG+eu}tOMe7K",Check sum is %
test,s!&y/P?U7,Check sum is ]
test,"ypGo[F;{85kd(}Z	zja-7#Wg7n]
G",Check sum is 7
test,|t|2#>'!4)E= T,Check sum is :
test,"YQ.N
#]byP~/~9H.umX,_",Check sum is Z
test,/tK$i{fA&st.Lf>.R^=pN+W>GOn7?-	Bi2,Check sum is N
test,d	%2 6Vib'E`cu|*(cX)f*</1k\CxM%-j+,Check sum is S
test,"GM9
d[	-WNrL|CzUWSPn\""!gh7Uo']b4/d	(@3t]s!KP",Check sum is ?
test,"ZHNq9DcI.-ITM-o53@S$PiCpH0""l=G 4xm",Check sum is Y
test,AXiv+-;,Check sum is +
test,XKaW@)Qe@.Mvt+mVX]/r--i,Check sum is F
test,]iEXdobntc!2?ipcEBxsK,Check sum is H
test,"{3-4eo""""M#:#TRN u[MH]XCndh96eduN$.
9SE)n1T<E|GLZa",Check sum is N
test,",`L6e-+Q
bcN[NOH_VJp30||z4iM[G",Check sum is )
test,^dr;75amZ/F6mU,Check sum is P
test,5JhF92@q,Check sum is )
test,_zS6~`X,Check sum is 8
test,ZZx~}H8y%9LOFZOGVO#]]P?Q{p#36 X	,Check sum is I
test,hDan2*XRxQ.Th<z	k;y%.7xZk+l^Xf2f}G1KLp-~`,Check sum is K
test,.Iw%m,Check sum is  
test,0R[BrL~1&R,Check sum is $
test,zi+5_$LTF5u|IFHq'_7.}&,Check sum is H
test,"`;DOx0'
<76~}ub3R@eA>HItr3wx6Yi[wafe?Ug_t5d#""\/kD",Check sum is @
test,?qmmcu]zt,Check sum is M
test,"0q~&~]BTAj=M+XF0/T!_,a3",Check sum is G
test,w<$%orT,Check sum is Q
test,nI0,Check sum is G
test,iTg;f0=LWG-]w@_e`\6cw*$TYY	+D5#w*[aqV7=,Check sum is I
test,"QVqB
R9jW?ZPk<eBj6jrd7)HGy?6GW{7ld
ZY#4o cto*",Check sum is 7
test,"5h:L&bp{!jg^fFRu7^L3yh!=Rm27P\q3mO""UG
",Check sum is H
test,"<T:{x[&	""wfbgqvWSlt6z@z4P@Q",Check sum is _
test,"2/dz(cZo<
%{(H1s@SKK&xw_u30*PvC>
yx`9$I}hxR3	y",Check sum is 8
test,"&&I,""AOI<:a`6",Check sum is I
test,\)aRn`tQ7	p7jy.2N!l:D~_>Ad@`&,Check sum is 4
test,K> ?M_)>@f>=_XLKA#18uk@hL[,Check sum is F
test,"4?F814<y_h""|Y-q<
[PE@eH\=t7P o=+^[wa'4k`?",Check sum is +
test,Q$,Check sum is U
test,"8wh>TW|""dG",Check sum is )
test,a3UnWs-f,Check sum is T
test,1KN,Check sum is *
test,"*'""[)zas_]BfLyz7I`nC>>!AN{uz30`""F6e|cA0H3Lk$",Check sum is [
test,U_5Ox#_rdPrD(OoY@RL'z^u12,"Check sum is """
test,6$j7T%t-S@n\i>3Q-/yf++T'P6b Vwby0&r,Check sum is A
test,pb24dJf0Q2Qy*7]e/<&c,Check sum is @
test,"YF>p5:2Q`Ul_ EiJVR,7_OtBXZjj@B-3@:_\r,. #R_6v=+",Check sum is W
test,pfd@)8Q=vZ1f/,Check sum is _
test,"5OB!""E(}Ra{-^pOmm-#Zj(m3`5[,L%)It} `&Y.1a} 0<@= s",Check sum is I
test,B=tMb]'\IZ?eDNt,Check sum is /
test,55uM\MvZB][-DzYtj	Qp3}YHQ,Check sum is M
test,@KyO|?_#HNTFJ)T(SUJi,Check sum is *
test,j1y7axg4	`3t=[Nl	C+Bky/qIN1m	7!!u,Check sum is *
test,6lriN9sr\:tuc|+r[)kafhy,Check sum is [
test,"}63neX[scm[%(n-xj;
k?o|O\4lW",Check sum is 0
test,"P<YCyLQ}O,3.ad
Oxq(}.N<MwN!GR'wKbd44>a-X","Check sum is """
test,]=V}B	`@0c}Uo,Check sum is L
test,]U~buqu;c,Check sum is +
test,"L(	tiH7
 <",Check sum is _
test,#U=:Tu24u0?YpdjlTZ#k('bX%bwV(+fv^8w{H=R~HQV faj.r,Check sum is *
test,"N
`6HV]nPgX[]YMb+i`kP@$[""(?8cOz.)l[,&""ALzp(>|@8B@",Check sum is F
test,QGB{k-h'aC}VeXYXqQMym),Check sum is _
test,kuy+=n}(TJX$%6N:dhzgT/_/)>*2cN8>Yn=,Check sum is ]
test,?g>qXek8v>f].|F9Q 3?8KE4j}xgU6:`L_*x9ErJ<?KGd,Check sum is 7
test,x0W/JECMQ0+4:zPY1((	pA`/:6O/ZjpN]|<Cl}vJ?DGg,Check sum is V
test,"4QF2qAxEZz/eKD5N^cM
B1.1u%jm\19sFDQycH0UW|Oo^Z2",Check sum is Y
test,S#R7)j,Check sum is 2
test,"MuO0*-*U[=LQ%,w
6=!!KXQ-(wNgINkC%`yoPH%5",Check sum is L
test,"T[[22xHp;U63zPkc<]LIl1Qj;""O H	g-wT()Y #]",Check sum is [
test,"DSMf""6^zrCC2
8*^abo;*P6Hwz:XYV7Gu^Wc{ 'wlPSDAU",Check sum is R
test,"D,&'Y^85R,[%44'*&je	`)!!4E`bDY3",Check sum is L
test,15bSY+oVNCHQwa0oBgDU0I)?o6h/|H3M# )yM@C,Check sum is =
test,('x;BS]A+fmB,Check sum is U
test,*uR_b	wUo|CBg~wt,Check sum is '
test,yu.4	5Y53+,Check sum is Z
test,"!
'VBY@zc5}AA*:e$xq`atM_7d ;A-wRC?{a:Z",Check sum is J
test,"TLmU1>2wB'^RzPD?eRDnc
JiX=]",Check sum is ;
test,UrWK'',Check sum is W
test,"ASdgb&LFEuidMnLAfZ>{R;aR7y>q$OBE>%IqHrZ""X.*s W`u't",Check sum is W
test,"N[_H^M`^%2N6	
wm	,t2=W^|iiH#AzbUIn =NeVW2",Check sum is I
test,TKQ(,Check sum is 8
test,"sZe6:?EP $^o	\7""3+\58D@&Rx'XS5U3oHPC5	447V8@GM",Check sum is X
test,"quw6++5y/r4.B,=P? IX<fj@./UJg}W",Check sum is 8
test,"V5f7(Y9""[s=i47[(>=xfkr}[""Fjm-<9.mf+)Ch*AJyHT<",Check sum is ;
test,"'StPu	@-M&~8/TMO#aKb8$pK]lx1t,crI;Sz~JY;",Check sum is -
test,%`BqS2!+ciT/v#h<LNg/&Y,Check sum is $
test,"~QL8""",Check sum is U
test,"?<6#>rD!.%r
C%}NV'%g",Check sum is T
test,80lE^n$f	ZF;}E)l`P{(~Sry9=`)./C?1*sWoNY,Check sum is 2
test,%)}`,Check sum is K
test,"M,4G#\wKND,j",Check sum is =
test,D/>|[n,Check sum is V
test,Z.K/8'[ubUkMZ$,Check sum is >
test,8I6	aDl:ZY6J_fi8gNXeq92t7hpYu[LU/4j>l2hwQ$,Check sum is \
test,Rc#<)Y-:	E	770w2nlD[F-fg(q~* PY	,Check sum is G
test,n+5,Check sum is .
test,*h4pp0it;d@}WiEW&kb% .=ueknx%O9?i5X;J_!:m[,Check sum is B
test,"0
!d`:9T:h]/C&F11;y6~AXhu{bmblc9g$","Check sum is """
test,<$c`^J04%xI.nFZad%LRFq^J;Is8Z@j-*	3.\4$A,Check sum is A
test,j0)q,Check sum is T
test,"{g+>%X0-@x1&*(-DN=U,6fj~|o",Check sum is R
test,"'
)pn{r*.T2bZ(""gN'U,c*g81W,nq",Check sum is E
test,"G.uV}7',",Check sum is '
test,"%`mR#bad;Ya*K}=kH,=hd[B&CABK,",Check sum is :
test,Nj76/zQfZg_eUq,Check sum is 0
test,"5ukXoqZ1[ODH2N#,up7dr,h.,<Y&`ZX0a%",Check sum is  
test,"rI|zB`gP ZXyDN!Rnca3R*uvbT]
8$k]\!",Check sum is D
test,"J.""u,.a{vk?Z?1'W+M|",Check sum is A
test,"""X8
'l/iys;<pr;:\#pM)ksw5Gv)""e2;U[|d",Check sum is Z
test,"z#:A!D_fj:#BJ>(bzB}Ebv]""egNWz@xBo!F-\<{8#.?",Check sum is U
test,}0;5xO}Z4.@q;&_Q-P:'nPVJ=AK,Check sum is D
test,"N%^^{<<Pv;DpUkljGT""N5.C*By""}k nU",Check sum is P
test,"\v{:,Wp6M9tV0~_9b4*x'Oi,?Rg}Q.5,t6)0?V!",Check sum is 7
test,lK9L_vi(V)X1@{.id6M=|PP) ykm]	Q<sJd	urQp\8ShX7,Check sum is Y
test,"Sf}[GD%rF2gZ{Wt}p=C9Mx+;]iY,!|",Check sum is K
test,"M*n6OF9HP4Kr~)Y""3i@$25LP	a|G<<`~OFf",Check sum is 5
test,"ErWxV'O,3|Bvdv
Pmb\ lvq""+mQzH4E^DDm",Check sum is 0
test,"5U,vooS?_)R!a!'BkHcfTUGrV""SB",Check sum is M
test,w[6Osw8>4,Check sum is K
test,E&2.9<Q(h8Y4<F{&!&rf=`:{J/H6++?|ID:kSp ?;BQ[[N,Check sum is H
test,cOQ\(UmcT(+!k'k,Check sum is Q
test,"
9:u49N_m
H""&q<9R)J}I<caUp",Check sum is )
test,"C+?YMRU""=(Q(-`B8x&Kl;`/q)C;WyTx\*y;-$z;%V-7f",Check sum is 9
test,c 7`x,Check sum is 2
test,/n&i4zf3'	>rpu[:?/K1/E4[CuO-4\N?<T@tPO>	[,Check sum is 0
test,ht	a)2Yx,Check sum is R
test,m{ dr3S,Check sum is D
test,uJDz$x23,Check sum is ^
test,ot&H3,Check sum is $
test,"d\mKRp~4mYTK~W\
4H
JQ{e: UP`'iL%K<k^&zA;7'#1\",Check sum is G
test,"]bR@60`NyR+Ra,L<*e*X<O5%qo
m6=}Z+{dH.",Check sum is 9
test,M!%v,Check sum is )
test,-vMFUGimnLa]HQw#+?/j8dak:\B>hy,Check sum is U
test,'+4\9CeD~}W74z&q9_w&v,Check sum is  
test,bre%[	u3!hJ%A(H3j^sG7S,Check sum is 2
test,517zZlSeVr#g7g;@HUh,Check sum is %
test,V^_	}pTe1):DIdS13w.] {Rx|P/[n>vFEIM,Check sum is ^
test,"#Xowqg,o,>0m""^EX}B5`\pwp68""0yOXGhWGK=XF3",Check sum is %
test,\o_+;4:	?<c*2M_CNQo[\(&)we%(,Check sum is 5
test,"]<ge""Oav^20iJ+vye/7ORz,?fZN@D:H1,>/V*4",Check sum is =
test,"T6a|}UZ|y{^&sAVLu""kp
%",Check sum is ^
test,-LCRdJ9cF,Check sum is >
test,A=@<'2{.)z}9-'aVTp.N,Check sum is @
test,"!o`b)79P^x4,DN",Check sum is #
test,o![6/>}fR[dXfV9d_0?r?{,Check sum is M
test,zNE~1%M> {JMH:~t(rYl494f	aK,Check sum is M
test,lDvJc|<2DfIJKxae+b g|TD7S%<IRGt/nkHW1Oxp,Check sum is [
test,"*V+sXq;E0@SoCLTGq5}5"".~(>x%+L@'ZsP%ck
25Ro6g",Check sum is I
test,"H 1(	Owiwl~$Hl2SSJ5&WR+Y	$I0[nsbC l+OO.<zM3m,qz",Check sum is @
test,(\aW97T}uR?~Fv$rOz~HdlT'z;{O7Hi-K?-7sPJADrGAU|MG,Check sum is @
test,"a~0PyNp*S&yq>Li
L^V!
RGnu+ *dZc?]ZioLs=N4zZuz",Check sum is L
test,"c%pjLEp(m~=tdgL1WghDIF?:QTRtNx;GSPK.Ih
kW",Check sum is M
test,"=hLP,;d3?7R=;yOC^TA'",Check sum is D
test,"+r;oi j;t
1PkW7ytk<
X$m@^?:3w+""nc}QUQ*q(! )",Check sum is T
test,"a+/294,,_|Bh/E",Check sum is K
test,"]rQ	q3P,#.`^,@3",Check sum is W
test,Gn.:(nW3RVmt{+}<,Check sum is E
test,WVs?Y,Check sum is X
test,rAF!h]kC`Y,Check sum is &
test,"NNG;8LKz[Z;a{twnn?fFqkSZ""a vfLm#L+L<6m`CWG3Z9E",Check sum is W
test,",/&H3b_Y3 }I\AYMF}P*I>f+\B.-;[C!@U""}$""f",Check sum is :
test,"rOz)+G[BXdugYV*[>%c+kY}9N(&NV+|MF#1u/em,QZ&lUVOT;O",Check sum is O
test,.3q7ia	C!FSu9]9XF	AAX;2 zC[OL):P	.<{.WW)Nn,Check sum is  
test,b(]o/XV4`8ry=DYm;1f,Check sum is #
test,VQ(e<76k!i}SfNsBrp:r3x?,Check sum is #
test,"e7#t'GPNY`7~0(CF;)`
yJap3Hx>eN]@J\BbJ?"" qr|",Check sum is E
test,P?wvitDt-`sZt-TI`ZXs{t4VMH=-TkPd?=-M<,Check sum is +
test,5e7o/\L6ef*2{;6FSHB8MQK->OS,Check sum is Q
test,slvX,Check sum is M
test,nkgS{.kEKet^&<oawl9Z)D&)XI ,Check sum is 3
test,"@{gha<X=z]r6t}""Vd3<k7|~",Check sum is 3
test,"me;fp{%V""<m*^[0X-0f-'+o*I%gV(#d$To#I=^5B(>!",Check sum is P
test,AmMyN?O@@wMtNJDIn~m|OA'_n9	}aT'Fj,Check sum is 1
test,jbKqH{{;*siRfzKPYtzAjBG)'pV&mt$p<O.'G8dB8:V fTbQd,Check sum is ^
test,"ngp6J
	",Check sum is 8
test,CVIj!:BHuf1S-^ 5?[.z1,Check sum is C
test,!'tXc}I*mJtbJrfI0)R,Check sum is *
test,W;#,Check sum is U
test,9F*QU gOTMAx_,Check sum is >
test,"nte_aE""b!9Oe\<2bmH'G8uOO6*hP%n'W8	S+X?Cn2;",Check sum is 5
test,";""&my",Check sum is I
test,H!3V4eo9>*AdI,Check sum is )
test,".K	nXi:_
XHQP}|x^o +_gr/D35jzP&h_U5_*}fp$}[|zI|>!",Check sum is .
test,"_3uOp3\k@A,d#u",Check sum is I
test,"@d]0k$fqZD])=I'Tol5X
x]1=9?^.u6
F^fB",Check sum is V
test,"P
/g7yH^18HoRp;DG\=$hk-$Z\{C
C}@RebYU;UWMim",Check sum is >
test,"ll	XiZv""U,fHf4ws6!
~8y[?%qW[Du2Gfjm%&>*8.YP)a	y",Check sum is V
test,"0mZ""t5{r0/+KK
~0\Q(EXp$\yk^mQ{^0A.Zm:ONj0""H)pk8",Check sum is _
test,B6nKSVDJh4J~QYB{0#I>Lhu;-~'g7,Check sum is A
test,'f>f pP}a-Oz[,Check sum is  
test,<eL~4?NM!{9vG,Check sum is +
test,R6~C^^_XPQ]F14,Check sum is E
test,BV\ykY[9,Check sum is %
test,"g+g
!CKlB""	|.|]KoVL`.~ GKo)@p8!~3P$Ff/~&exCJ)<G",Check sum is #
test,")p""IsX@ql1<DoJ!
@wN'",Check sum is M
test,"Pc,#$in3=>~8':,,OXc",Check sum is D
test,F;R9/58p@8u@rIU),Check sum is ^
test,"f%?!a[]W+8Z@c+@q0tV""
lQEJp/C0?T!Z.HQ_`y[vR#_",Check sum is -
test,^gMJ!w_8HyufKFs ]j3:,Check sum is _
test,"v=_|+sp,V5'~ 0of67'nNwEzb|]y+RN{5oJsHQ",Check sum is 7
test,SA63-bBEhS_+\]Gf1W#P,Check sum is Y
test,"1?Hj9r;6DwluZ|W%lqv@=t.4nLvuDW4_2"",2",Check sum is 7
test,#4,Check sum is 7
test,"8ODro(:]#4_7a@o=jDp]^R~jtgQx~,",Check sum is &
test,(r-E<}&O@M,Check sum is '
test,"c^OPjl,#&xhV""<hgv9GMk=u7KX^1Lys#_",Check sum is 1
test,"1}|""7&",Check sum is I
test,;@#`U*?lM5l&Lla!G#\Y{ykKfw'l=w)v3`WRzY<z!$xy%}H%2,Check sum is ^
test,"H^y2S=|>om)F
X-He?v~2JUu."">fIUof","Check sum is """
test,"wri{sG6*/7OQeke!G%wN$
_=4Ej6aTy|9Sig{xbkooWt",Check sum is &
test,"|z@,<c$<q>'M8~X)gq/?.vp.X
^f]x?wiN""y
JT9z?~`s+",Check sum is <
test,S+Pm+e/[%dEP]l^qM68eb,Check sum is -
test,"F+Rr+!i>,Ct5.]P*4mZiZ@**4g:;",Check sum is G
test,"OTN`K}'=%ZJ&ws-plG;}vDSsa
&{Uw\uC""zg",Check sum is -
test,"{`t9{/7o?T,n^}.So, T59Zvp%R#15e@m5'H<.Y
:,0",Check sum is W
test,"F,-b^\A8$uURz_ \*e un]:\qtT^\T<fR)?Kh",Check sum is D
test,)CD3/Qq7 MXPs)o_tZtN1ke\V;mw,Check sum is L
test,"-)3U>7-,6s",Check sum is 5
test,"Vm7fMZcE7fjVn}/1 ~s,RHPv\ft8T	rEU&qXIh#b?S4 s",Check sum is )
test,M$p,Check sum is A
test,V8=8tD>D,Check sum is ]
test,$yFu3g(A|D,Check sum is ;
test,"Bt6c\j}i?_le!ixU'L`Ch}N(0a\UrK<e
SzIUd6MHW	4p3IO",Check sum is %
test,"TYo2bUl=Z*(T?""(<gSDcbd d<$pKvFxz rC%Eoy",Check sum is .
test,"0Q6""PJ6M&z2f$(miv6+bbe#Jot",Check sum is @
test,"M`#/M
,9P5N:M>r",Check sum is %
test,"GC
Q09w",Check sum is %
test,"}#s
RxqDu}s",Check sum is !
test,"r}_6Y~o{43s?L\d9|BJ`2~ Fe/-Ay}_I>l4S`,5+edO",Check sum is V
test,"=So{jrfU74n ""-qR jU5:S;{37x",Check sum is 5
test,"
yr|5+7|&SgFN3__J2V #7Rsul7d
$w#B+,7|eG",Check sum is V
test,-NEFid=Nrsr<}2,Check sum is @
test,">[:	<0~TnKTz'4hel""\,p""b.;\90D2(L bQ*nkr@+Z4S",Check sum is _
test,"y/C(CcR_x0{r_K"")>iem( P2ZJK*#wRyYR|",Check sum is <
test,"#
W>P>NulV7	RXdpm<cHihyV<Mb)Y@q",Check sum is E
test,",-;

+g<6$go_-cF}
q)PZO<syp|%y}3*",Check sum is !
test,`G!Fa~L:{Do]_?r`,Check sum is N
test," _4;tN[XRS""C<pug_~)0GK56'!=/,HEd.Plp0LJ=",Check sum is 6
test,)}wZPfqbzB)}\>A7uNT>s)k%)M`,Check sum is +
test,0vvl<\^uL%\iQ)hG74Vi-[rerZ-N*pO (fF*x,Check sum is A
test,j~Y}1.sDL)NnkGT!>DskK5ep??%Ms3pT,Check sum is [
test,"e~y`ye""ZGt2j6-315;JitJa3rP@_we<
[|6H",Check sum is !
test,#>b7TPu B_XF(]s9@ISTNq[!Tk?c7&,"Check sum is ,"
test,"BdV4y-}E~5Kc3NdK,c1\-X(-NxPTe8^gyfh=}kZUfp M#:G,/z","Check sum is """
test,;'PGb?(G6}-o|'u,Check sum is P
test,rY'-|Bb$u[^L=+xH1iGg4Z#|,Check sum is Z
test,"~]FbCxt7""	o_eXfx#I,y?b1`KT ""n&'\",Check sum is X
test,"<T~TKQE{Rnr!u,']08
j1Q	BPb\",Check sum is M
test,"(|w3A8LRe,_^brfKUlP
vGak1kZPniW8469j${-tx",Check sum is -
test,j)COrW6y#}@	:k@y>	%e<,Check sum is Q
test,"@hx ""$ARe:=cf0	}+m0=)8^$H|+SY{+$!t'W,j/6`?EV2cX%: ",Check sum is U
test,"5'vmzsqq1'[""J]kt>iO$mbWHjw+~-8r]?9O)",Check sum is ?
test,H]On?ub7y,Check sum is H
test,=#WDH7y*_^5]*\,Check sum is R
test,"9v!Cb{*8=pn8;?D""'?K==3e
",Check sum is 2
test,"kX\""8.m.&=n'OM4Y4F6%&oB.#?p1&Mk`>PXfc7<C'x^tthT0",Check sum is T
test,"6mCM5Y|w>.ktL[-,?a@+Nq=_T)Z2_K%g_*JceOJX[wSHM",Check sum is J
test,X xvyD0LSr62,"Check sum is ,"
test,"*c(SP2g_|nL8~*JP7#tF""TkAWd<oP8.>}H$r*$x2&CBwPQ1%8>",Check sum is R
test,1_CXANY`<6,Check sum is E
test,"Pd7d_LPt5*95aNdQczfmM=|)2&""P&P",Check sum is .
test,"mG21GICK$RApS6tTlxF@X""i\LiUkGY5G'G>R#|!#q",Check sum is Y
test,"wX-j%
G""pvl5D$#`TAi2",Check sum is @
test,"=|K!ury!T4#Upc)C{@fF""5LC,~:(@\cCL*(jQS#=$K!""",Check sum is ^
test,"JEEkN6h ZdN\.F*j7c>t] +
h{UYevf __UXk#4gz>7k	1U",Check sum is H
test,Cs#.~v;$8*X,Check sum is 4
test,",lPBvtL",Check sum is @
test,l#9=(#iw]yhd))j(30m`)d,Check sum is S
test,"zUJJ_v1
&d|7
<%=r<m(",Check sum is ;
test,AKvVm[>6setm .2Nj0<#liAONxc,Check sum is B
test,[l4~'w/8Fx!,Check sum is =
test,?/VC>#YbJPc~%$*EPxZ>&VJ:R8~}<	,Check sum is  
test,F	)j7#qEjpis,Check sum is H
test,"x}y=0{^OGJ/Xn,Vd%$2d",Check sum is .
