set,input1,output1
train,,Check sum is  
train,	,Check sum is )
train,"
",Check sum is *
train,"B
","Check sum is ,"
train,"

",Check sum is 4
train,"

















































",Check sum is T
train,                                                  ,Check sum is  
train,ssssssssssssssssssssssssssssssssssssssssssssssssss,Check sum is V
train,"CD
CD
CD
CD
CD
CD
CD
CD
CD
CD
CD
CD
CD
CD
CD
CD
CD",Check sum is 7
train,"x
y x
y x
y x
y x
y x
y x
y x
y x
y x
y x
y x
y x
",Check sum is &
train," 
 
 
 
 
 
 
 
 
 
 
 
 
 
 
 
 
 
 
 
 
 
 
 
 
",Check sum is :
train, ,Check sum is @
train,!,Check sum is A
train,"""",Check sum is B
train,#,Check sum is C
train,$,Check sum is D
train,%,Check sum is E
train,&,Check sum is F
train,',Check sum is G
train,(,Check sum is H
train,),Check sum is I
train,*,Check sum is J
train,+,Check sum is K
train,",",Check sum is L
train,-,Check sum is M
train,.,Check sum is N
train,/,Check sum is O
train,0,Check sum is P
train,1,Check sum is Q
train,2,Check sum is R
train,3,Check sum is S
train,4,Check sum is T
train,5,Check sum is U
train,6,Check sum is V
train,7,Check sum is W
train,8,Check sum is X
train,9,Check sum is Y
train,:,Check sum is Z
train,;,Check sum is [
train,<,Check sum is \
train,=,Check sum is ]
train,>,Check sum is ^
train,?,Check sum is _
train,@,Check sum is  
train,A,Check sum is !
train,B,"Check sum is """
train,C,Check sum is #
train,D,Check sum is $
train,E,Check sum is %
train,F,Check sum is &
train,G,Check sum is '
train,H,Check sum is (
train,I,Check sum is )
train,J,Check sum is *
train,K,Check sum is +
train,L,"Check sum is ,"
train,M,Check sum is -
train,N,Check sum is .
train,O,Check sum is /
train,P,Check sum is 0
train,Q,Check sum is 1
train,R,Check sum is 2
train,S,Check sum is 3
train,T,Check sum is 4
train,U,Check sum is 5
train,V,Check sum is 6
train,W,Check sum is 7
train,X,Check sum is 8
train,Y,Check sum is 9
train,Z,Check sum is :
train,[,Check sum is ;
train,\,Check sum is <
train,],Check sum is =
train,^,Check sum is >
train,_,Check sum is ?
train,`,Check sum is @
train,a,Check sum is A
train,b,Check sum is B
train,c,Check sum is C
train,d,Check sum is D
train,e,Check sum is E
train,f,Check sum is F
train,g,Check sum is G
train,h,Check sum is H
train,i,Check sum is I
train,j,Check sum is J
train,k,Check sum is K
train,l,Check sum is L
train,m,Check sum is M
train,n,Check sum is N
train,o,Check sum is O
train,p,Check sum is P
train,q,Check sum is Q
train,r,Check sum is R
train,s,Check sum is S
train,t,Check sum is T
train,u,Check sum is U
train,v,Check sum is V
train,w,Check sum is W
train,x,Check sum is X
train,y,Check sum is Y
train,z,Check sum is Z
train,{,Check sum is [
train,|,Check sum is \
train,},Check sum is ]
train,~,Check sum is ^
train,'-,Check sum is 4
train,:m,Check sum is G
train,;#,Check sum is >
train,|z,Check sum is V
train,q.,Check sum is ?
train,",_",Check sum is +
train, 1,Check sum is 1
train,%<,Check sum is A
train,>R,Check sum is 0
train,#',Check sum is *
train,63,Check sum is I
train,G-,Check sum is T
train,Z],Check sum is W
train,-a,Check sum is .
train,"K,",Check sum is W
train,*V,Check sum is  
train,yD,Check sum is ]
train,Uw,"Check sum is ,"
train,T9,Check sum is -
train,tG,Check sum is [
train,w	,Check sum is  
train,]s,Check sum is 0
train,P$,Check sum is T
train,\:,Check sum is 6
train,J6,Check sum is  
train,0Z,Check sum is *
train,"(""",Check sum is *
train,#q,Check sum is 4
train,XI,Check sum is A
train,G\,Check sum is C
train,]S,Check sum is P
train,I+,Check sum is T
train,c=,Check sum is @
train,Fx,Check sum is ^
train,GM,Check sum is 4
train,H1,Check sum is Y
train,'*,Check sum is 1
train,=Q,Check sum is .
train,po,Check sum is ?
train,",w",Check sum is C
train,hA,Check sum is I
train,RW,Check sum is I
train,n2,Check sum is @
train,1d,Check sum is 5
train,nh,Check sum is 6
train,O`,Check sum is O
train,J.,Check sum is X
train,;),Check sum is D
train,@@,Check sum is  
train,+t,Check sum is ?
train,X~,Check sum is 6
train,B>,Check sum is  
train,~&,Check sum is D
train,v`,Check sum is 6
train,WS,Check sum is J
train,V#f,Check sum is ?
train,m!?,Check sum is -
train,R0|,Check sum is ^
train,*ky,Check sum is .
train,`Qe,Check sum is 6
train,K:?,Check sum is $
train,`Pa,Check sum is 1
train,BKg,Check sum is T
train,",1C",Check sum is @
train,(.7,Check sum is -
train,d3N,Check sum is E
train,$@3,Check sum is 7
train,CE^,Check sum is F
train,}&',Check sum is *
train,"km
",Check sum is B
train,	;R,Check sum is 6
train,bJ7,Check sum is C
train,eAi,Check sum is /
train,e#k,Check sum is S
train,oUz,Check sum is ^
train,L<8,Check sum is  
train,snc,Check sum is $
train,\P@,Check sum is L
train,suV,Check sum is ^
train,-d6,Check sum is '
train,"},'",Check sum is 0
train,+NQ,Check sum is *
train,""".X",Check sum is H
train,]n-,Check sum is X
train,$*8,Check sum is &
train,hI|,Check sum is M
train,c'g,Check sum is Q
train,"5,c",Check sum is $
train,?ov,Check sum is D
train,R!|,Check sum is O
train,axb,Check sum is [
train,L%],Check sum is .
train,"
}s",Check sum is Z
train,"""89",Check sum is 3
train,Y7t,Check sum is $
train,w0d,Check sum is +
train,z??,Check sum is X
train,3$x,Check sum is /
train,MM8,Check sum is 2
train,Xwi,Check sum is X
train,te&,Check sum is _
train,"-,X",Check sum is Q
train,JIb,Check sum is U
train,"L""A",Check sum is O
train,"eL""",Check sum is 3
train,"<(n -hYY8?^7cPN(
}tx.6!ezbiF!~5",Check sum is J
train,"--*I%c""P\Li[mbKy&EFWL9qkx6<Hjzu^oy.t%G!F/wUv.K?#YF",Check sum is @
train,q:Y-,Check sum is Q
train,^_^dq	Mvlf}VP1Pq[id4\d1;!xre,Check sum is ;
train,"""hg_Ao
3lcIB!A1{R{7P_&U$ZP[kP({ld{h'QxFuaZ",Check sum is S
train,AG:V$:K&L,Check sum is S
train,T>T,Check sum is F
train,"^[aF5nV]XG[CWg:(5^^g%""}SYW&tytLV-mJ#~WMsRlH'R9%",Check sum is 4
train,d05|k!{WeJx8Qc}~AT?>*$%yO[M2<1*;Ol(nf5osM0,Check sum is U
train,"TAIpa,,Hb	npf#c:5%Z|N j$JO+XJ(m%Z",Check sum is D
train,WEj.9Qkw*[I=;,Check sum is F
train,CG<Zs~ k,Check sum is <
train,"'v/f;YKz[&)raX;Ct~tobo/?n+w?U]:/
5j@k1nD .Lm1qr",Check sum is N
train,"BQk:l@a""^<W",Check sum is 8
train,l}CT}.'A>Wtq3,Check sum is  
train,",	v(FSKYeVxZ(C*)5\	HtW)W@N:@za",Check sum is K
train,~)oK9dLq&u!uoV4P[6%[sSFTGU}ab;%27g$SA\z:]fc,Check sum is @
train,R=hH=@WNvYRz8KjN}98R*.i(G~k9tM^U=Qln~&lmW+5l'8p&M,Check sum is '
train,"
(|r",Check sum is @
train,"J$f2T	+[R']H""q]""SH`RS",Check sum is Y
train,"41/ZA]cY{ud-dt$p7D,,m0}'{*?G|
<Q<W i-s	~.",Check sum is X
train,"] H1	|,R1*na)","Check sum is ,"
train,9E5fb<V(>Dqr,Check sum is :
train,"i^S0-84=J\\W|%kWn2:^iSr<Y5G)""2._1%C{Z",Check sum is +
train,FM$wM8+GfRzirDIa^EG,Check sum is *
train,{^a6Ya'~46bFe+Kn,Check sum is J
train,"%u`J5;#	ddQ""B:^@k(1;.F4K/-M",Check sum is 0
train,#OTAF=/!hT,Check sum is 6
train,"^2sa6r3>q6g(tSuMwE_""g",Check sum is @
train,d^S&:t$EsUgX,Check sum is 9
train,HMJ~w5{P9A,Check sum is .
train,"%i-mB4/i4{z2@b<l|V3u-+0q[SbXrb,{g9@B2^=-	`VWN{3fnz",Check sum is M
train,"HATKBr~wq	} 
	$T D""NNI	xaIR&\HF<h%W8oYRuWy>+[q",Check sum is 7
train,i><,Check sum is C
train,"OfstDh83uLbdy_-;9""
g/QrVZk:eYL",Check sum is 7
train,"am@!S	)>
(9R;;ETOi",Check sum is V
train,sK8jODCUG{gCZOB(t=cmF/:/`,Check sum is )
train,"ikn{Mn(H	m8ihI}&@r""l@)hHbsp/v$?(8I2EvDYWqG",Check sum is [
train,"aUA_[ /k]C
FV)RZP;))C+/}},i""M(]3'-./|P8_a""ZD]A|%",Check sum is J
train,/(+[3,Check sum is 0
train,QD7`!+I!ehVm|Dq4>oBh+5YpCx|wwoNY6h,Check sum is P
train,ephzc]i7,Check sum is 7
train,JQr2oCiOYD<Ze=cUUzAqeb4	w	x<]L0*J 5D?,Check sum is 4
train,4>wvX?VH?3*[T),Check sum is (
train,ye/,Check sum is -
train,?c8xL^XC	lJ%tSv sx&5SD(kLT{yt%-WQ`roksX.*y/yBY\V`,Check sum is G
train,+?Nu)3He(8Jo;uD ,Check sum is C
train,=:5qN5ZFQi=0w_y,Check sum is V
train,))+HY	4|hBIkP`0hx|fNAP_=k,Check sum is ]
train,"U?nZmJ_'>FdZ%VW5Z3X`0VK
dPLF*RvNQboQ",Check sum is [
train,+c|6&3mS?eYBHko^-D g	t-Q>F:Zy[ JJykFDV_(T/4i),Check sum is _
train,"b;63&4IZY[ek=vMy)xJ7U?i&\~,X]%gS*I\,/X4X,hn&",Check sum is 5
train,"%
",Check sum is O
train,@6NRI*H`,Check sum is Q
train,"D}+Lh=
xhn+",Check sum is @
train,"6<0q.-uX'`&L{'\A B|H0Ti|GwBD:%\hu\e~4]Pp	n&u	V
<F",Check sum is K
train,"5	<R}ciQzWg]v="",mYV4~B~7`DBjFOL
MEJa0@[O",Check sum is 3
train,sb#E~)rX7u7Bw,Check sum is *
train,"T9UD>a+eh m*f,l{7LR'K5U >n8YI3cg_p0u.7^nUM(
gT(J",Check sum is '
train,"&77_Fjop^0p0}
QlsziLz+j;!?uUwIc8V)",Check sum is D
train,E|).rc\^e\TV#:M2I?XH=XENvpRPjr]8@EXSFq#r#MWkPhMn,Check sum is 8
train,"@q"",JU]q)KY*5YjRtO&S%{%xui3rI|UlcHLA}\u>)R",Check sum is N
train,d'8IWnwW,Check sum is ?
train," A,Gx#636hM~[.q~w;;+R9_~)m;{1X]c&T?.nBM",Check sum is R
train,"[h|(e4"")fuZ",Check sum is  
train,FHD/u(SErDdux7b,Check sum is 6
train,"BFvwihGZs
{"".#MsT-V!Dq,4",Check sum is ?
train,21d+kHU])k.6Z4Xk.79mLPT~L9_,Check sum is ]
train,"7C6&
{@	(<sb1|^RlBpiIU,",Check sum is +
train,4(Rs<_>j@;5}k+@x}h*#2a*}U\ZAoK1es<k&'$_%,Check sum is V
train,",x!4tA""G(n:LvA5g@'POrF}",Check sum is !
train,oQR72,Check sum is [
train,aX`uiC,Check sum is Z
train,"so-i{[h:Op#m|'M`s""8MQ1DG=D EV;/",Check sum is <
train,vP;,Check sum is !
train,Hw;'M:!uLC(P}PJd65Ovl4FS^p\,Check sum is 3
train,wySzt<VQa2f!{Osa$lJ4_,Check sum is Y
train,"aQ
cW%^hIr-'23Lk4ko
K=?:wDRGs=",Check sum is I
train,Fs6h ;k\R(1Hf?} u}_&FubfJR\l&Y,Check sum is +
train,MrAo	C_ftZTWJ2&L0	B9RCvXK~!l2!x80W|E+8>b`,"Check sum is """
train,3zZ7qQ];L*PP)_*,Check sum is @
train,"d
9!""{rs&+s$0F.~j)TQXG,
ogn",Check sum is E
train,q}YBa,Check sum is J
train,f62H}`$o.oZFW.!i,Check sum is 2
train,"|@'44
|	5mlkHU3_>R[%l=B `OA4\F4y}*Su]UfB*^Pc]Gq!*n",Check sum is B
train,!(x5.ALI,Check sum is Z
train,\(6I`+:PFv-&}Zr.u#b_D#R,Check sum is P
train,"(1""	
q5{sC4!G`QO@ee,}laMyCZXQGe*bJG~",Check sum is 4
train,[4Y.0iP,Check sum is _
test,?a,Check sum is @
test,O|,Check sum is +
test,UU,Check sum is J
test,"
x","Check sum is """
test,OJ,Check sum is 9
test,"G
",Check sum is 1
test,*3,Check sum is =
test,Jb,Check sum is L
test,K3,Check sum is ^
test,E^,Check sum is C
test,5#,Check sum is 8
test,Zz,Check sum is 4
test,2 ,Check sum is 2
test,	z,Check sum is #
test,V8,Check sum is .
test,-R,Check sum is _
test,fx,Check sum is >
test,9L,Check sum is %
test,O2,Check sum is !
test,49,Check sum is M
test,j2,Check sum is <
test,[n,Check sum is )
test,LK,Check sum is 7
test,*+,Check sum is 5
test,e3,Check sum is 8
test,/+,Check sum is :
test,tA,Check sum is U
test,|1,Check sum is M
test,e$,Check sum is )
test,3p,Check sum is C
test,0X,Check sum is (
test,=@,Check sum is ]
test,a/,Check sum is 0
test,pN,Check sum is ^
test,<},Check sum is Y
test,"`""","Check sum is """
test,7>,Check sum is U
test,"-,",Check sum is 9
test,kE,Check sum is P
test, A,Check sum is A
test,aR,Check sum is S
test,",T",Check sum is  
test,wV,Check sum is -
test,>!,Check sum is ?
test,19,Check sum is J
test,\U,Check sum is Q
test,2`,Check sum is 2
test,A:,Check sum is [
test,5k,Check sum is @
test,Kb,Check sum is M
test,;>,Check sum is Y
test,G\,Check sum is C
test,cD,Check sum is G
test,"""q",Check sum is 3
test,4`,Check sum is 4
test,CA,Check sum is $
test,"'
",Check sum is Q
test,2+,Check sum is =
test,2v,Check sum is H
test,Ln,Check sum is Z
test,FN,Check sum is 4
test,#K,Check sum is N
test,{J,Check sum is %
test,o/,Check sum is >
test,D2,Check sum is V
test,c.,Check sum is 1
test,M=,Check sum is *
test,/?,Check sum is N
test,CD,Check sum is '
test,;s,Check sum is N
test,"1,",Check sum is =
test,",#",Check sum is /
test,	8,Check sum is !
test,Cz,Check sum is ]
test,Wi,Check sum is  
test,WY,Check sum is P
test,j/,Check sum is 9
test,Ff,Check sum is L
test,e',"Check sum is ,"
test,!v,Check sum is 7
test,ZI,Check sum is C
test,8@,Check sum is X
test,H`,Check sum is H
test,2+,Check sum is =
test,>n,Check sum is L
test,e=,Check sum is B
test,$y,Check sum is =
test,zS,Check sum is -
test,<{,Check sum is W
test,ps,Check sum is C
test,nv,Check sum is D
test,jW,Check sum is !
test,0w,Check sum is G
test,CU,Check sum is 8
test,w%,Check sum is <
test,V<,Check sum is 2
test,^=,Check sum is ;
test,/`,Check sum is /
test,_!,Check sum is  
test,:1,Check sum is K
test,E',Check sum is L
test,i?,Check sum is H
test,Jk,Check sum is U
test,g`,Check sum is '
test,3c,Check sum is 6
test,\),Check sum is %
test,	$,Check sum is M
test,jj,Check sum is 4
test,ZI,Check sum is C
test,xI,Check sum is !
test,{e,Check sum is @
test,fG,Check sum is M
test,fW,Check sum is ]
test,mH,Check sum is U
test,62,Check sum is H
test,"P,",Check sum is \
test,fo,Check sum is 5
test,7U,"Check sum is ,"
test,CB,Check sum is %
test,l`,"Check sum is ,"
test,d|,Check sum is @
test,", ","Check sum is ,"
test,hj,Check sum is 2
test,{[,Check sum is 6
test,'g,Check sum is .
test,#5,Check sum is 8
test,75,Check sum is L
test,O!,Check sum is P
test,?(,Check sum is G
test,++,Check sum is 6
test,W\,Check sum is S
test,</,Check sum is K
test,"T,",Check sum is  
test,nq,Check sum is ?
test,I	,Check sum is 2
test,YC,Check sum is <
test,G^,Check sum is E
test,;z,Check sum is U
test,a-,Check sum is .
test,<#,Check sum is ?
test,0E,Check sum is U
test,#-,Check sum is 0
test,t<,Check sum is P
test,g-,Check sum is 4
test,=d,Check sum is A
test, &,Check sum is &
test,2c,Check sum is 5
test,@n,Check sum is N
test,1*,Check sum is ;
test,K^,Check sum is I
test,=O,"Check sum is ,"
test,A_,Check sum is @
test,"y""",Check sum is ;
test,96,Check sum is O
test,"
V",Check sum is @
test,r%,Check sum is 7
test,-A,Check sum is N
test,9=,Check sum is V
test,^5,Check sum is 3
test,et,Check sum is 9
test,Ya,Check sum is Z
test,d	,Check sum is M
test,zf,Check sum is @
test,",I",Check sum is U
test,$',Check sum is +
test,o>,Check sum is M
test,"
d",Check sum is N
test,sL,Check sum is _
test,7#,Check sum is :
test,~?,Check sum is ]
test,+>,Check sum is I
test,$|,Check sum is @
test,78,Check sum is O
test,?z,Check sum is Y
test,;3,Check sum is N
test,h	,Check sum is Q
test,=r,Check sum is O
test,8),Check sum is A
test,wq,Check sum is H
test,'?,Check sum is F
test,mm,Check sum is :
test,"""?",Check sum is A
test,w4,Check sum is K
test,#3,Check sum is 6
test,.>,Check sum is L
test,T%,Check sum is Y
test,-Z,Check sum is '
test,*#,Check sum is -
test,eU,Check sum is Z
test,f3,Check sum is 9
test,3l,Check sum is ?
test,S4,Check sum is '
test,d1,Check sum is 5
test,2?,Check sum is Q
test,'`,Check sum is '
test,gI,Check sum is P
test,6 ,Check sum is 6
test,&x,Check sum is >
test,1C,Check sum is T
test,p3,Check sum is C
test,"S""",Check sum is U
test,X2,Check sum is *
test,fS,Check sum is Y
test,pi,Check sum is 9
test,}n,Check sum is K
test,7_,Check sum is 6
test,Mb,Check sum is O
test,yI,"Check sum is """
test,[l,Check sum is '
test,}|,Check sum is Y
test,?$,Check sum is C
test,vG,Check sum is ]
test,-[,Check sum is (
test,nO,Check sum is ]
test,p^,Check sum is .
test,ix,Check sum is A
test,is,Check sum is <
test,jI,Check sum is S
test,N;,Check sum is )
test,=>,Check sum is [
test,zo,Check sum is I
test,K},Check sum is (
test,ki,Check sum is 4
test,Fs,Check sum is Y
test,~2,Check sum is P
test,vi,Check sum is ?
test,va,Check sum is 7
test,.#,Check sum is 1
test,*V,Check sum is  
test,Eo,Check sum is T
test,p(,Check sum is 8
test,t%,Check sum is 9
test,VJ,Check sum is @
test,$I,Check sum is M
test,x>,Check sum is V
test,)&,Check sum is /
test,z/,Check sum is I
test,X[,Check sum is S
test,+\,Check sum is '
test,e>,Check sum is C
test,/!,Check sum is 0
test,"
W",Check sum is A
test,n2,Check sum is @
test,Et,Check sum is Y
test,B*,Check sum is L
test,}g,Check sum is D
test,lg,Check sum is 3
test,>7,Check sum is U
test, ;,Check sum is ;
test,[j,Check sum is %
test,":
",Check sum is $
test,~],Check sum is ;
test,qG,Check sum is X
test,;O,Check sum is *
test,7+,Check sum is B
test,La,Check sum is M
test,X5,Check sum is -
test,R[,Check sum is M
test,M},Check sum is *
test,nt,Check sum is B
test,(Q,Check sum is Y
test, 4,Check sum is 4
test,K%,Check sum is P
test,!.,Check sum is /
test,GA,Check sum is (
test,4T,Check sum is (
test,><,Check sum is Z
test,kj,Check sum is 5
test,:[,Check sum is 5
test,"""S",Check sum is U
test,&f,"Check sum is ,"
test,i=,Check sum is F
test,u),Check sum is >
test,d	,Check sum is M
test,4G,Check sum is [
test,ZU,Check sum is O
test,"""D",Check sum is F
test,:},Check sum is W
test,og,Check sum is 6
test,v},Check sum is S
test,UU,Check sum is J
test, t,Check sum is 4
test,pV,Check sum is &
test,R>,Check sum is 0
test,HT,Check sum is <
test,EV,Check sum is ;
test,98,Check sum is Q
test,OW,Check sum is F
test,Nq,Check sum is _
test,+],Check sum is (
test,`W,Check sum is W
test,"o""",Check sum is 1
test,=D,Check sum is !
test,6%,Check sum is ;
test,IW,Check sum is @
test,"
4",Check sum is ^
test,0X,Check sum is (
test,Ii,Check sum is R
test,`F,Check sum is F
test,}d,Check sum is A
test,m*,Check sum is 7
test,yn,Check sum is G
test,"Q""",Check sum is S
test,'?,Check sum is F
test,+7,Check sum is B
test,v>,Check sum is T
test,fX,Check sum is ^
test,es,Check sum is 8
test,_s,Check sum is 2
test, P,Check sum is P
test,U~,Check sum is 3
test,9 ,Check sum is 9
test,/9,Check sum is H
test,n*,Check sum is 8
test,uX,Check sum is -
test,l;,Check sum is G
test,D],Check sum is A
test,"g""",Check sum is )
test,+_,Check sum is *
test,AX,Check sum is 9
test,{Q,"Check sum is ,"
test,	L,Check sum is 5
test,%E,Check sum is J
test,4s,Check sum is G
test,Y9,Check sum is 2
test,VE,Check sum is ;
test,Ai,Check sum is J
test,/z,Check sum is I
test,dj,Check sum is .
test,	Z,Check sum is C
test,?&,Check sum is E
test,(%,Check sum is -
test,{X,Check sum is 3
test,q3,Check sum is D
test,)9,Check sum is B
test,!|,Check sum is =
test,E?,Check sum is $
test,E2,Check sum is W
test,5&,Check sum is ;
test,$`,Check sum is $
test,S?,Check sum is 2
test,TC,Check sum is 7
test,(q,Check sum is 9
test,.B,Check sum is P
test,!P,Check sum is Q
test,71,Check sum is H
test,R+,Check sum is ]
test,![,Check sum is \
test,s(,Check sum is ;
test,Z6,Check sum is 0
test,Su,Check sum is (
test,>j,Check sum is H
test,L_,Check sum is K
test,C~,Check sum is !
test,wb,Check sum is 9
test,Z>,Check sum is 8
test,W9,Check sum is 0
test,ef,Check sum is +
test,jG,Check sum is Q
test,uF,Check sum is [
test,K:,Check sum is %
test,Mt,Check sum is !
test,)',Check sum is 0
test,Y2,Check sum is +
test,er,Check sum is 7
test,;@,Check sum is [
test,or,Check sum is A
test,i;,Check sum is D
test,AL,Check sum is -
test,~p,Check sum is N
test,.M,Check sum is [
test,'U,Check sum is \
test,5P,Check sum is %
test,xi,Check sum is A
test,R7,Check sum is )
test,/W,Check sum is &
test,8G,Check sum is _
test,L|,Check sum is (
test,"""d",Check sum is &
test,'a,Check sum is (
test,~o,Check sum is M
test,fQ,Check sum is W
test,k1,Check sum is <
test,tr,Check sum is F
test,Y2,Check sum is +
test,8C,Check sum is [
test,eK,Check sum is P
test,Xg,Check sum is _
test,3w,Check sum is J
test,IK,Check sum is 4
test,:;,Check sum is U
test,G},Check sum is $
test,Se,Check sum is X
test,MK,Check sum is 8
test,/),Check sum is 8
test,lG,Check sum is S
test,9*,Check sum is C
test,D.,Check sum is R
test,C=,Check sum is  
test,:t,Check sum is N
test,y%,Check sum is >
test,+1,Check sum is <
test,Qn,Check sum is _
test,-_,"Check sum is ,"
test,fU,Check sum is [
test,H!,Check sum is I
test,zg,Check sum is A
test,j5,Check sum is ?
test,A(,Check sum is I
test,e!,Check sum is &
test,&K,Check sum is Q
test,/8,Check sum is G
test,&G,Check sum is M
test,ou,Check sum is D
test,Uy,Check sum is .
test,%e,Check sum is *
test,n[,Check sum is )
test,tB,Check sum is V
test,x`,Check sum is 8
test,'o,Check sum is 6
test,W4,Check sum is +
test,Qt,Check sum is %
test,26,Check sum is H
test,4I,Check sum is ]
test,Y8,Check sum is 1
test,3H,Check sum is [
test,r5,Check sum is G
test,x2,Check sum is J
test,mp,Check sum is =
test,*C,Check sum is M
test,",c",Check sum is /
test,h$,"Check sum is ,"
test,xA,Check sum is Y
test,O4,Check sum is #
test,'9,Check sum is @
test,G\,Check sum is C
test,"@,",Check sum is L
test,kf,Check sum is 1
test,0i,Check sum is 9
test,}2,Check sum is O
test,Fe,Check sum is K
test,bP,Check sum is R
test,R@,Check sum is 2
test,5$,Check sum is 9
test,V_,Check sum is U
test,c_,"Check sum is """
test,hn,Check sum is 6
test,T/,Check sum is #
test,.0,Check sum is >
test,+&,Check sum is 1
test,$w,Check sum is ;
test,:I,Check sum is #
test,Ln,Check sum is Z
test,UQ,Check sum is F
test,_7,Check sum is 6
test,@<,Check sum is \
test,Wg,Check sum is ^
test,D:,Check sum is ^
test,x.,Check sum is F
test,S4,Check sum is '
test,01,Check sum is A
test,DY,Check sum is =
test,-q,Check sum is >
test,^i,Check sum is '
test,/*,Check sum is 9
test,Zo,Check sum is )
test,+\,Check sum is '
test,"{,",Check sum is G
test,Ks,Check sum is ^
test,q@,Check sum is Q
test,Rx,Check sum is *
test,6m,Check sum is C
test,"""y",Check sum is ;
test,m1,Check sum is >
test,*6,Check sum is @
test,Dk,Check sum is O
test,)f,Check sum is /
test,J(,Check sum is R
test,]5,Check sum is 2
test,= ,Check sum is =
test,	_,Check sum is H
test,?<,Check sum is [
test,j<,Check sum is F
test,h},Check sum is E
test,k#,Check sum is .
test,%9,Check sum is >
test,hs,Check sum is ;
test,>m,Check sum is K
test,-|,Check sum is I
test,bh,Check sum is *
test,{',Check sum is B
test,"b
",Check sum is L
test,o9,Check sum is H
test,"""m",Check sum is /
test,IL,Check sum is 5
test,K?,Check sum is *
test,/w,Check sum is F
test,g),Check sum is 0
test,OF,Check sum is 5
test,bL,Check sum is N
test,Jee,Check sum is 4
test,]yQ,Check sum is G
test,P[G,Check sum is R
test,q	g,Check sum is A
test,IbM,Check sum is X
test,F*`,Check sum is 0
test,8V],Check sum is K
test,wH5,Check sum is T
test,<qi,Check sum is 6
test,/lg,"Check sum is """
test,%%-,Check sum is W
test,"
S	",Check sum is F
test,KZS,Check sum is X
test,:Q1,Check sum is \
test,%<e,Check sum is &
test,Q}O,Check sum is =
test,_:h,Check sum is !
test,e>a,Check sum is $
test,]to,Check sum is  
test,*DT,"Check sum is """
test,lZ+,Check sum is Q
test,gLo,Check sum is B
test,' l,Check sum is S
test,O/(,Check sum is F
test,tNH,Check sum is *
test,".
r",Check sum is J
test,:Qo,Check sum is Z
test,V9(,Check sum is W
test,4zE,Check sum is S
test,=S>,Check sum is .
test,^R(,Check sum is 8
test,]-C,Check sum is -
test,[a+,Check sum is G
test,>kB,Check sum is K
test,JT},Check sum is ;
test,ir{,Check sum is 6
test,5sx,Check sum is @
test,-!`,Check sum is N
test,mle,Check sum is ^
test,jrE,Check sum is A
test,0-S,Check sum is P
test,	(T,Check sum is %
test,!N<,Check sum is K
test,*g>,Check sum is /
test,@_Y,Check sum is X
test,}3n,Check sum is >
test,g]S,Check sum is 7
test,u.r,Check sum is 5
test,(gB,Check sum is 1
test,~:H,Check sum is  
test,"7J,",Check sum is M
test,9I+,Check sum is M
test,|G=,Check sum is  
test,z E,Check sum is ?
test,NZ1,Check sum is 9
test,f=Q,Check sum is T
test,3R`,Check sum is E
test,h<X,Check sum is \
test,s.V,Check sum is W
test, _F,Check sum is %
test,/h2,Check sum is )
test,ZJ.,Check sum is 2
test,'Wh,Check sum is F
test,8cl,Check sum is '
test,3\N,Check sum is =
test,$I1,Check sum is >
test,>rx,Check sum is H
test,hWe,Check sum is D
test,HA>,Check sum is '
test,M`Y,Check sum is &
test,BG!,Check sum is J
test,dxT,Check sum is P
test,n<G,Check sum is Q
test,V1o,Check sum is V
test,=07,Check sum is D
test,Q*%,Check sum is @
test,;zI,Check sum is ^
test,;4W,Check sum is &
test,[Dk,Check sum is *
test,E^K,Check sum is N
test,ts	,Check sum is P
test,p&o,Check sum is %
test, :`,Check sum is Z
test,}_U,Check sum is Q
test,PZl,Check sum is 6
test,A)B,Check sum is L
test,myP,Check sum is V
test,dJI,Check sum is W
test,9;p,Check sum is D
test,M t,Check sum is A
test,G23,Check sum is L
test,",-q",Check sum is *
test,I/{,Check sum is S
test,"-""r",Check sum is !
test,	rb,Check sum is =
test,3QH,"Check sum is ,"
test,>sI,Check sum is Z
test,AU~,Check sum is 4
test,sKF,Check sum is $
test,v/.,Check sum is 3
test,DOC,Check sum is 6
test,Be.,Check sum is 5
test,ea+,Check sum is Q
test,Lu+,Check sum is L
test,1gx,Check sum is 0
test,<S),Check sum is X
test,4t ,Check sum is (
test,Q|d,Check sum is Q
test,lz0,Check sum is 6
test,UNL,Check sum is O
test,G~^,Check sum is C
test,qih,"Check sum is """
test,fFN,Check sum is Z
test,MLJ,Check sum is C
test,6]T,Check sum is G
test,")""D",Check sum is /
test,pqs,Check sum is 4
test,V!8,Check sum is O
test,YGJ,Check sum is J
test,:\p,Check sum is &
test,`2A,Check sum is 3
test,"""0%",Check sum is W
test,.4Z,Check sum is \
test,Ur[,Check sum is B
test,rFJ,"Check sum is """
test,k[t,Check sum is Z
test,"zq
",Check sum is U
test,	/D,Check sum is \
test,zuC,Check sum is R
test,",UW",Check sum is 8
test,T5j,Check sum is S
test,/x.,Check sum is 5
test,EH@,Check sum is -
test,Y~i,Check sum is  
test,6dE,Check sum is ?
test,Kcy,Check sum is G
test,d^ ,Check sum is B
test,e=M,Check sum is O
test,\$w,Check sum is W
test,*ng,Check sum is _
test,hWH,Check sum is '
test,'{L,Check sum is N
test,7zn,Check sum is ?
test,*\B,Check sum is (
test,"G,D",Check sum is W
test,R>9,Check sum is )
test,`c:,Check sum is ]
test,E!o,Check sum is 5
test,CB/,Check sum is T
test,li\,Check sum is Q
test,'G=,Check sum is K
test,R;|,Check sum is )
test,;)b,Check sum is &
test,x]^,Check sum is S
test,bc7,Check sum is \
test,?1x,Check sum is H
test,Ken,Check sum is >
test,Aw$,Check sum is <
test,"L""J",Check sum is X
test,_7L,Check sum is B
test,\`N,Check sum is *
test,/!.,Check sum is ^
test,UKw,Check sum is 7
test,T~+,Check sum is ]
test,i(<,Check sum is -
test,09b,Check sum is +
test,#AJ,Check sum is N
test,S`*,Check sum is =
test,s2L,Check sum is Q
test,B\9,Check sum is 7
test,Hh<,Check sum is L
test,z)M,Check sum is P
test,&N?,Check sum is S
test,Lf9,Check sum is K
test,Q(V,Check sum is /
test,Dp+,Check sum is ?
test,i0i,"Check sum is """
test,|zC,Check sum is Y
test,"+7,",Check sum is .
test,[/K,Check sum is 5
test,",>W",Check sum is !
test,B>@,Check sum is  
test,6N],Check sum is A
test,E<l,Check sum is M
test,1a&,Check sum is X
test,)g>,Check sum is .
test,Ax.,Check sum is G
test,*k&,Check sum is [
test,]:A,Check sum is 8
test,ZqA,"Check sum is ,"
test,?]A,Check sum is =
test,2n5,Check sum is 5
test,Q\W,Check sum is $
test,Lx3,Check sum is W
test,OH=,Check sum is 4
test,4zi,Check sum is 7
test,KCs,Check sum is !
test,AF.,Check sum is U
test,^2z,Check sum is *
test,e-~,Check sum is 0
test,Ws*,Check sum is T
test,xjD,Check sum is F
test,B/U,Check sum is &
test,n%y,"Check sum is ,"
test,sDL,Check sum is #
test,TG_,Check sum is Z
test,Mf;,Check sum is N
test,T$2,Check sum is J
test,"s""%",Check sum is Z
test,CIc,Check sum is O
test,Vko,Check sum is P
test,g{v,Check sum is 8
test,*i5,Check sum is (
test,*GE,Check sum is V
test,$=W,Check sum is X
test,^h[,Check sum is A
test,hxh,Check sum is (
test,7^},Check sum is 2
test,y0u,Check sum is >
test,+8I,Check sum is L
test,Zd_,Check sum is =
test,"I,\",Check sum is 1
test,.+y,Check sum is 2
test,k'p,"Check sum is """
test,@Q^,Check sum is O
test,gW*,Check sum is H
test,I(),Check sum is :
test,"4@,",Check sum is @
test,"
44",Check sum is R
test,.Os,Check sum is P
test,0vP,Check sum is V
test,[E+,Check sum is +
test,;g~,Check sum is @
test,v[=,Check sum is .
test,<A-,Check sum is J
test,egX,Check sum is D
test,"y
|",Check sum is _
test,U2~,Check sum is %
test,urD,Check sum is K
test,LJt,Check sum is *
test,"jD,",Check sum is :
test,45l,Check sum is 5
test,+A},Check sum is I
test,6S),Check sum is R
test,n~/,Check sum is ;
test,8O],Check sum is D
test,2E	,Check sum is  
test,J(p,Check sum is B
test,F>|,Check sum is  
test,G8x,Check sum is W
test,:3.,Check sum is ;
test,NRQ,Check sum is Q
test,=u[,Check sum is -
test,];H,Check sum is @
test,X{m,Check sum is  
test,2@9,Check sum is K
test,qq&,Check sum is (
test,'=*,Check sum is .
test,b9s,Check sum is .
test,4ue,Check sum is .
test,"""j#",Check sum is O
test,{t7,Check sum is F
test,8Ff,Check sum is D
test,"
'T",Check sum is %
test,d? ,Check sum is #
test,k#z,Check sum is (
test,j>],Check sum is %
test,~Hk,Check sum is Q
test,+9l,Check sum is 0
test,"OQ
",Check sum is J
test,S^y,Check sum is J
test,x%8,Check sum is 5
test,K-D,Check sum is \
test,@$>,Check sum is B
test," ,/",Check sum is [
test,}OD,Check sum is 0
test, >*,Check sum is (
test,(2{,Check sum is 5
test,;:e,Check sum is :
test,\c.,Check sum is M
test,"""1U",Check sum is H
test,	MS,Check sum is I
test,1bH,Check sum is ;
test,rg9,Check sum is 2
test,r0t,Check sum is 6
test,"]
9",Check sum is @
test,zXN,Check sum is @
test,M$:,Check sum is K
test,r\$,Check sum is R
test,#HJ,Check sum is U
test,f+4,Check sum is %
test,<-q,Check sum is :
test,HF3,Check sum is !
test,"ll
",Check sum is B
test,"K}""",Check sum is J
test,I7*,Check sum is J
test,Xu1,Check sum is ^
test,5|8,Check sum is I
test,G.P,Check sum is %
test,o~:,Check sum is G
test,#4g,Check sum is ^
test,TYD,Check sum is Q
test,%a3,Check sum is Y
test,c#U,Check sum is ;
test,gAF,Check sum is N
test,vZE,Check sum is 5
test,"~+""",Check sum is +
test,7!D,Check sum is <
test,vhx,Check sum is 6
test,tcM,Check sum is D
test,n4z,Check sum is <
test,irq,"Check sum is ,"
test,A(X,Check sum is !
test,av ,Check sum is W
test,yf^,Check sum is ]
test,wyk,Check sum is ;
test,"V
A",Check sum is A
test,"hz
",Check sum is L
test,Ui],Check sum is ;
test,	QM,Check sum is G
test,`fG,Check sum is -
test,a[q,Check sum is M
test, /O,Check sum is >
test,SpH,Check sum is +
test,9_0,Check sum is (
test,"CG""",Check sum is L
test,4CE,Check sum is \
test,S/n,Check sum is P
test,L67,Check sum is Y
test,<0_,Check sum is +
test,}~S,Check sum is .
test,/x>,Check sum is E
test,<GM,Check sum is 0
test,/tD,Check sum is G
test,RhR,"Check sum is ,"
test,ym0,Check sum is 6
test,KxM,Check sum is 0
test,9$(,Check sum is %
test,cqA,Check sum is 5
test,(2g,Check sum is !
test,F#l,Check sum is 5
test,B3&,Check sum is ;
test,	'q,Check sum is A
test,c`E,Check sum is (
test,"R""I",Check sum is ]
test,d|r,Check sum is 2
test,$NZ,"Check sum is ,"
test,<QT,Check sum is A
test,x?m,Check sum is D
test,a99,Check sum is 3
test,+Jb,Check sum is 7
test,%z',Check sum is &
test,"3""J",Check sum is ?
test,!/<,"Check sum is ,"
test,C<	,Check sum is (
test,$)},Check sum is *
test,{Wu,Check sum is '
test,@ox,Check sum is G
test,Q75,Check sum is ]
test,&r>,Check sum is 6
test,Jwg,Check sum is H
test,]`t,Check sum is Q
test,hT1,Check sum is M
test,V\`,Check sum is 2
test,_dy,Check sum is \
test,`d9,Check sum is ]
test,l#t,Check sum is #
test,9`u,Check sum is .
test,xAi,Check sum is B
test,1T?,Check sum is $
test,[1z,Check sum is &
test,F? ,Check sum is E
test,n#9,Check sum is *
test,{#C,Check sum is A
test,dd{,Check sum is #
test,8wZ,Check sum is )
test,G8G,Check sum is &
test,v1c,Check sum is *
test,ERv,Check sum is -
test,Z[Y,Check sum is .
test,rZL,Check sum is 8
test,~=B,Check sum is ]
test,_:H,Check sum is A
test,maP,Check sum is >
test,d63,Check sum is -
test,@2o,Check sum is A
test,xnz,Check sum is @
test,I>%,Check sum is L
test,@}T,Check sum is 1
test,"""eI",Check sum is 0
test,JCU,Check sum is B
test,QfJ,Check sum is !
test,$C!,Check sum is (
test,	:U,Check sum is 8
test,t$2,Check sum is *
test,\&p,Check sum is R
test,VYR,Check sum is !
test,5ZM,Check sum is <
test,I}*,Check sum is P
test,5R+,Check sum is R
test,q1*,"Check sum is ,"
test,H`2,Check sum is :
test,/~],Check sum is *
test,8&d,"Check sum is """
test,!YB,Check sum is \
test,^e},Check sum is  
test,"3C
",Check sum is  
test,tcJ,Check sum is A
test,V+W,Check sum is 8
test,)yx,Check sum is :
test,S~^,Check sum is O
test,"D/
",Check sum is ]
test,7c$,Check sum is ^
test,AQq,Check sum is #
test,%>C,Check sum is F
test,DJZ,Check sum is H
test,"}m
",Check sum is T
test,{*E,Check sum is J
test,Zfl,Check sum is L
test,tm>,Check sum is ?
test,]ty,Check sum is *
test,vqA,Check sum is H
test,*ld,Check sum is Z
test,`(o,Check sum is W
test,%vq,"Check sum is ,"
test,Msh,Check sum is H
test,m2v,Check sum is 5
test,+?n,Check sum is 8
test,06},Check sum is C
test,2Ep,Check sum is G
test,}]~,Check sum is 8
test,6RS,Check sum is ;
test,{g/,Check sum is 1
test,vgM,Check sum is J
test,E:=,Check sum is \
test,q T,Check sum is E
test,xdn,Check sum is *
test,	r/,Check sum is J
test,(m`,Check sum is U
test,?ht,Check sum is ;
test,yEL,Check sum is *
test,!@z,Check sum is ;
test,"""~{",Check sum is ;
test,E*x,Check sum is G
test,	c/,Check sum is ;
test,]Na,"Check sum is ,"
test,gP[,Check sum is 2
test,O+h,Check sum is B
test,gi>,Check sum is .
test,.iv,Check sum is -
test,W;|,Check sum is .
test,zLN,Check sum is 4
test,qB@,Check sum is S
test,%?Z,Check sum is ^
test,q\/,Check sum is \
test,p&3,Check sum is )
test,WoH,Check sum is .
test,yxK,Check sum is \
test,\MK,Check sum is T
test,g4 ,Check sum is [
test,_a6,Check sum is V
test,zZc,Check sum is W
test,kfP,Check sum is A
test,P8P,Check sum is 8
test,D$K,Check sum is S
test,1L5,Check sum is R
test,XhT,Check sum is 4
test,"/,%",Check sum is  
test,Wzd,Check sum is U
test,7R[,Check sum is D
test,6k0,Check sum is 1
test,y6{,Check sum is J
test,-I=,Check sum is S
test,y!=,Check sum is 7
test,;}y,Check sum is Q
test,sw9,Check sum is C
test,lvE,Check sum is G
test,u]y,Check sum is +
test,H<h,Check sum is L
test,KdT,Check sum is #
test,wcV,Check sum is P
test,#VL,Check sum is %
test,*ak,Check sum is V
test,Hl),Check sum is =
test,JC!,Check sum is N
test,:k?,Check sum is D
test,K- ,Check sum is 8
test,A+\,Check sum is (
test,>3w,Check sum is H
test,{)4,Check sum is 8
test,jhA,Check sum is 3
test,AiY,Check sum is #
test,/-4,Check sum is 0
test,a2;,Check sum is .
test,cZg,Check sum is D
test,F12,Check sum is I
test,/}L,Check sum is X
test,PP1,Check sum is 1
test,ER~,Check sum is 5
test,!b\,Check sum is ?
test,"sb)VLHce&dK9?AeZNSDKjYa""h9S8KJoO",Check sum is R
test,KieHc)g6N(,Check sum is  
test,9R|g~R}MjzJ:Z)zLq$YUCLEVl/I_pM.Rui,Check sum is $
test,NUXR,Check sum is -
test,o$*TX1@!/sC=djC$,Check sum is 2
test,"TJ>LvDlm_)U$/""~l3Le-&Zn0O5S,B*V4(CSw_{HOSa*s}^",Check sum is Q
test,lF^H65ZOVcxTp$XJ,Check sum is G
test,.iBJY6JXf~X$OEf[e4Mla,Check sum is \
test,"T]AE8)G0J*+C.r;WJ^""96/5<",Check sum is \
test,|Zsfq-iMpke$0/ow	3UX/7a (onj/Mo<.DQF=7vp) ,Check sum is ^
test,"^wf$WmUi-1-*&{tT9O$PNNC3a(#e""A{L	P=l495-4iFUi+",Check sum is E
test,"a|cl@`*
",Check sum is  
test,*f@9Buo]BTnqrCO_RBf7=Ly/@hn1<m'|b+SR=&u,Check sum is C
test,"z
~*@0euQ7fGKC*",Check sum is C
test,"Yks
q.mE!L9[z",Check sum is -
test,"#vF|
Fg|QCYUu#'pmCzTwj]",Check sum is [
test,"05wsAVN(0p}5|O@?n%dv*bQ
9rgDjBjK8aVZDo<<P1E78|s`R",Check sum is -
test,"za,/IW`@""h1N:",Check sum is Y
test,"kW	@nQ-	0.Md$
Q}PgSE)Vi*o2(B+H}p9PC4Q#A3",Check sum is _
test," o(5Y'4HGHs;&y8R3
\l^9F&9%Iq`",Check sum is .
test,")$?t?E3864
rI*+~Gt`!P&U\Z53\<b4E_km#7O8",Check sum is A
test,&S>EN,Check sum is *
test,UMEdDBiPD?uu[w<J*U-[mq#lss+B,Check sum is 6
test,M8QwV]sW8MpM+-?|,Check sum is ?
test,"2om=Gof.080PuA!^wasmYjr,89Sc]hsK~3jLyif6fOg&FZD*",Check sum is J
test,"JeSvXbX
""?<;;XX0o0Mpmi^hO;",Check sum is )
test,"88""vr,;x_>65Tma%t/V?2Av}ux(%bCptMlPyJ~W$J2jqbsT?<P",Check sum is 9
test,"zMzOyZoC@#ETd)#`F7Z9P0YE"";U)rL_nq%KGTMlAj:)8c%,",Check sum is D
test,".EwI,>",Check sum is =
test,"fB\o5jx\=e3PB\~[g{k>Gm,JaPOEcpZ}.U5adi{k",Check sum is R
test,de)phay jm&V4h3sr'3+|-Xi06O%,Check sum is 4
test,"
:2",Check sum is V
test,*@_>j'C)N7qV=(C7<r=*gNU$h+m#7_oxFi4wK#S1{L1uyH??,Check sum is *
test,pPj(:v3B6'm2aJ,Check sum is >
test,",I?AX_8TNXhfNo5od0@BB*:(@.:JXlo.}]""&<3[?PRCl!brU",Check sum is *
test,<bsfiiS=m*0c~'.LAI_;08Jq+]Y~ga?s}2q:PxotB<Hw\Jf>[,Check sum is I
test,vQ:'ft?IJI]^.}}Py4`0i1Q A.XqK/_XY%S0,"Check sum is """
test,"	,)""vbJ-""6",Check sum is G
test,"0g!_n&L
'2y55?'Y45DG=pI?~p-CWP	FU",Check sum is .
test,"URB^8CG#2B
/X'h~	Uk	8--w\",Check sum is U
test,\K=rO/h\xDH]HpeEp75$/b\k-^-N_D	n$bKX@SXek,Check sum is W
test,"%'C#""T 6MD\B(B,-^Z:D [T54
VM60KvQ.\VBa@utYR",Check sum is :
test,_0W.b'c]c,Check sum is  
test,L]DxI&|[a5$H2,Check sum is ?
test,"[k9!kf$a?M""\RvFhX	2z\\6Rn9cJeyXW(+FIE",Check sum is +
test,"I2_E;5(xH6152iF)r@VSej?6:;\` 
PlM[~aQF_""",Check sum is R
test,"blFcqOmYM_nsT9Q3G-QY<U'J^y[L8W	n 7ZO1B,IR!GuM;",Check sum is >
test,"1qFO!gRw-T5nF37$
jOAnl@q&PSYMx}\=(!qcUqtTyS<",Check sum is _
test,"78g_GT;W$<yNeE@M~2TE0GDsdg`""D^2pM&D|]	S>p[",Check sum is ]
test,8P#	;]`hU_,Check sum is (
test,"+<Mu`|aUiss,uC",Check sum is N
test,",q8Hlgd.R	1[(lcWg""<j%Vz_U}7{`[{D[",Check sum is 3
test,C'xR=t,Check sum is E
test,"aS$""PC fl2}NWc+mjI_*Bs6)-/SPf6IoWl+",Check sum is ?
test,ze%~4J\ORsC97z;VRu,Check sum is U
test,"V'[|E3PMk3?Z\Q/)n6<,A1",Check sum is C
test,"CU,c)	U_1ft>:|//eTs,","Check sum is """
test,"ge2&:t|BP=%E#pIF&/
h2Y",Check sum is [
test,"i
U<$4B@E$v\""p0b#k",Check sum is +
test,0#-xndXP-,Check sum is ?
test,mQ$}`xx</Gq&=cLhy}+3,Check sum is @
test,"7!\%_}\nRgh;gkzIj-	dUQ {""_@qq1rR6/uZH",Check sum is )
test,"06O
jL'n^?}Qn.+	1(",Check sum is >
test,:g0oIkPh}uG.u*WBv1P3=,Check sum is R
test,t*\^&H@(t%6$MJI&9&LNxA8-Yu$.3irvs}sHy,Check sum is &
test,"tR*Q(d^E\m
	j6x%lcoSp",Check sum is *
test,"/,I1s\X'-/",Check sum is _
test,0`eDDR6j{,Check sum is J
test,"WU,~+Z
Ah",Check sum is .
test,jahg6cB*I,Check sum is H
test,S96*-\2~W6@KH,Check sum is %
test,"1TI[Wv#;#\,,T	p6,_W!T2($}'><>ZPhr3'E9I",Check sum is $
test,#$a+ws'_/.#VL^0(phm+'uypJt^-NqNL.4,Check sum is 4
test,"hAAQh|*MBs*togaC2LL6#u$u*,L0bb1b&",Check sum is C
test,"	>tge.&'fX.Epf!$zVj(h87
Pr""):}`",Check sum is U
test,"U_RMpiMG}!S(0rd,T)fBF~t^/Va91-C^",Check sum is D
test,Yk_H^rwE4'I[h~6ehDtq>D-g,Check sum is >
test,z!_HZE?|5vCtF|R[bh,Check sum is W
test,"T#L.qLx6|b6)}NdO>b\
e	HME;&Q}@\PHtPJEH`",Check sum is #
test,"&u OMQ+V>3	`RGzJvwrI)d""4w]?C,_5-sqb#,\BNWf-
x",Check sum is ;
test,R_L6_d1c~<Av1]ki3=5Q\J,Check sum is Y
test,vy=Bo/4exAI+?<E,Check sum is 2
test,"+Hk	sU""0@$YklQdsj\)<iwA%+n-Nr)ZK{/f%<`5S",Check sum is ;
test,"A,c9yzhC<k%W/:j*
+`u1fi yM@xzo}",Check sum is 5
test,\y](y-%)OqI1QE&U GD@1{,Check sum is P
test,fb\*vnBE,Check sum is Y
test,"~\k>$[7vCVr
S9",Check sum is 0
test,CD,Check sum is '
test,_aA9,Check sum is Z
test,6yA<r1(+LVZ:]CxbAv4gkL_FmgM}VH5Qh:GXr/trHl,Check sum is ^
test,"OzZbq#<Aqg2en\i bI((?NiCFJ~$ruE9~{9hP
ALhpb",Check sum is >
test,"PsQ""l.DGlM>=:I@TaC:7TIw1eI7}rAJ,""",Check sum is M
test,YTnE:xbQC!`VYtjT2YpciRC&bI[A#lBiYkh],Check sum is V
test,_[czir/;H1WT}6@	<,Check sum is X
test,1 UP{cx.qC5\f`i,Check sum is N
test,"o0%|ho70C?ezb5J;vCmc""Zr2i)U.%",Check sum is >
test,"~o^%I
9""N@[3HJ'0:D3#",Check sum is W
test,]t|5`B	Xt-};,Check sum is >
test,`\22u )6J+jL`>K*.M,Check sum is -
test,1b=|	P1x,Check sum is .
test,"	4\d-t3T-N>0UZ}x,	E<?o+&n,=m_""R_8,Y{
wBuF$4v",Check sum is A
test,"]0j%*e*naN:2	t$5!CCPBiM'ur&n_FJ
?I0 Ntp""sz^K.
)L",Check sum is M
test,b5xrkUDE,Check sum is *
test,W``=k4@DUE1,"Check sum is """
test,"O*DR-^O:Y:+vMSrS@4biU )i%y,}tjkT@,\3?4@8KRkS<PCj",Check sum is @
test,"-
A~R)NbPLG}
(^w
t^O\hT*8>",Check sum is K
test,"^Qx&{>EN($#@0kmt!En('7?3yY/o	EEC,?g5D.CQV@",Check sum is Y
test,L8B(PeoK=Y)k)h	ij,Check sum is T
test,} PE*cLLbB,Check sum is [
test,Ot,Check sum is #
test,yO6],Check sum is ;
test,\oi]H$nbSx\kRBdGpv~ X<1&{r>C%Z6+poCM`9#vi2O3>0-{RI,Check sum is *
test,"|eX:/9UD1ezKA<0Hi^S_|8b	i""",Check sum is G
test,"SO0Y5KC!cK-Vtxz)jsrcY
n,{%vCB\FQszpO",Check sum is X
test,(7B]A&di\X9!^U|O&Q6(fzxxm&x^m+g$q'^$e\:G,Check sum is +
test,-&Vp2<X9|,Check sum is 4
test,"""V",Check sum is X
test,\YN7]IO,Check sum is O
test,k.{E h(PD19|r@CJB1nD!hmY,Check sum is V
test,"D""	3G4h-q>",Check sum is A
test,"h)a\LEDXau4_i}$=OV4 Ve3[i8hx	r	lW5H?@{9L:+G,Pg/Hq",Check sum is H
test,"s/
SQHeg(%Uh!C",Check sum is 2
test,kEhO:wl#`Ysq\p,Check sum is 0
test,"2I
XJ+?^Pi2P|={f!",Check sum is E
test,zUe,Check sum is T
test,"=
0i]6}+n0igs4",Check sum is P
test,jJ=}^8tU0^;,Check sum is 6
test,";;'
=U
#_X#kvCe3wuEN}X=*k2|%A^_=8<`	iO<c+X""n}@]doP",Check sum is T
test,"Ab-* Hj!_~aaya3E@%0H""(.lUNF_,rvG])6sViTQ,U3s8/@jt",Check sum is !
test,"hU[-e/]o_Tn 9/e9VCp}96U=qK!/
1-jg|Bg68+-h",Check sum is +
test,"J45E.[x~1ME9za~= =fe""hi3&b",Check sum is ?
test,"R,f-i7+Y0^S4\""b`	0r"":n{NFBcVn%]dS%Z",Check sum is O
test,V}VXEr+x:Gx*4{P8BO`A,Check sum is G
test,"T4
r`",Check sum is D
test,^7{Vm|MEU,Check sum is V
test,"s_Im-;^%:\.{!U^> D):gf_HhGhBl2j:WR""EG]N\",Check sum is X
test,"i""X",Check sum is C
test,]qG,Check sum is 5
test,*^w}jO_>,Check sum is 2
test,"u>Ij\)wasL!o7cwx>uE'o;K
'.N",Check sum is <
test,)>^fb:2%['MfvNmD5C,Check sum is  
test,;y&@SNPE,Check sum is 0
test,"$
1{SQ?15IuYsm76k/qV	s7@B3",Check sum is 0
test,"$ga=
bdO10U/%)MQN0QNpFe~
 !H",Check sum is B
test,<GS[_k72t~@B2CipQq*^1*D~c$Ll{F%p&/,Check sum is W
test,&T6NeBVEGpx!F)oaL,Check sum is ;
test,wrz-,Check sum is 0
test,sgs2Q'U,"Check sum is ,"
test,lTcDH|t(Bg5+iE,Check sum is ^
test,"2DD\7CYkLKx
X~kC47#NfF0
r&XrGB<{\Q'c'n2j?-",Check sum is I
test,KtHvx$uM'kh:Ovn`/}]saGW#|K#{xCgsC`N6NN`L5=;.A,Check sum is %
test,e2!DjbIVvbT,Check sum is 3
test,":zF6,q=r~2bLw)YfUR6)a/1H^#uUe",Check sum is X
test,"s&7IPv""b<D|Dor2}uF3e~U"":t[+9'+bM^k.zf7WX!",Check sum is '
test,"Ul#,LN2B.`YSRT21;gY W(`6!_J}iVEQZMu",Check sum is )
test,"j7BQ7*8Gp,].U_R4XSei4[GYRUk8_4`R&c,^ZfG:r{9pQnN	+",Check sum is 7
test,"JCnz>>,`
h5
'L",Check sum is A
test," !KTF]ebgN'>paV)-v/zD*
Q]_Hc""+mfCR
suT{YZ0$gciF6",Check sum is <
test,%Q?!?/Ty}TL+4*82B?xOLLmIS[,Check sum is E
test,siCB.G&#aYEN5dKj.wL] RXu,Check sum is '
test,LVq^OZ;'&_lQa+PfoHlM,Check sum is P
test,`jEN53Y`]'ga-C{0TSF,Check sum is 2
test,^F<1Pikpxs9b389M4gM)E)&	-^Ce=GKO5dq-*/I<%w,"Check sum is ,"
test,Q#u&0v]&Fic^PEFsA',Check sum is >
test,)U9A2&#8) 9mnFQ9o6xqd,Check sum is *
test,".r5snh(,ZP""Ij=ke;S+Q*gcB_""l!{pPspx.(sGx-8",Check sum is /
test,Dz|#@l$=a{nf?jvmG=7l2UA3JLTgFQ,Check sum is P
test,#JZF,Check sum is -
test,"}UDlJ,uB}s)9_7y/CQ",Check sum is 3
test,%Zj*?aR$+tK:O21{i5urJ`88\,Check sum is U
test,"ps2=<:f2H0,W@h&",Check sum is I
test,}lPMgtW'=CIbG#5Sw;/ ~QwI/k($,Check sum is R
test,"R6wr&vELGgl2|hg0{c'
&CJ\UYI]-",Check sum is $
test,"BR`[TB$qojaUW1,lIpKdn>f(",Check sum is +
test,Ijx)`1XupX{48?*0QBu8Eq5DL%'Q+e@-,Check sum is /
test,{*!87[y~R*nCRo	;r=\8`]Fov,Check sum is D
test,]8G5_vQzMA9yD(+b',Check sum is 1
test,$y>&IT ?S,Check sum is 0
test,GDxAe~pi*=ZDS \96~~,Check sum is _
test,"@'JRKM,QRJ",Check sum is T
test,d;Y5HMY|{3::-Ia	bpkIVKne{,Check sum is .
test,E9<dp(&Q6_5:Pob_$izL-3wy,Check sum is 4
test,"C]esZscu1kwMI*G?=tsbWz&""o",Check sum is $
test,OC)9<kha ir.8MoR,Check sum is 3
test,",qYxi@ygPP#Pr{`_p(thFcr[J^\K",Check sum is O
test,m?ne}vH5e:F	17?03]t7.b^swB_5TH,Check sum is Y
test,aQ}Q:I	cQ9,Check sum is Y
test,X{,Check sum is 3
test,"*K!W*nGyAU
3r|NuL2
;_eKPnp,kEPYoqD\Eg'BS>	jT",Check sum is [
test,"XS12d[/N+V""|!sF1>kAaqHWO](",Check sum is C
test,P)keUV,Check sum is T
test,pi46N>`$e`O#Yl?_f`>456uM}h`k5t)K,Check sum is ?
test,"6iI8*0UK)r/bQ'TSPbi(RA6,8>lSHNh@2<=7t:{?Zb(e",Check sum is C
test,"xI.[F@U-axGH=$N_#Tw}Bd/kusZmN>m2,G`n",Check sum is .
test,`-Q'&b!q[gt,Check sum is 5
test,"'M]_()!PT,5vw:M']GL""d"";'c80vqdHL@H`Vj*6t4
jX`-JD",Check sum is ]
test,5J!{xR+{GQ0qR'.:f$#&LvCD[0#'qp6%~QA6w+bC,Check sum is ?
test,9mZ08{Gp=RV\,Check sum is ;
test,fL.+JRu\Wt\z,Check sum is 9
test,doQ#es/|,Check sum is *
test,E[=nNA	~6.@*,Check sum is O
test,"vL,C?|M`;,1?g5Lm7.rVEoqzvO{8=y&re}E`9p`tJv4fd",Check sum is 9
test,a0uOGQ}m',Check sum is ^
test,"FT
{B'#V{0{`mpC9.$g
o>""",Check sum is R
test,"zw-B5j#VwVW'gc1s1|RA n<E,{",Check sum is G
test,"g.7wh3?wax]""Y",Check sum is %
test,w(Q\ta,Check sum is A
test,'yM[:[7%{Y,Check sum is -
test,"J]m+n
3i	OSE?Zt48iX]D",Check sum is >
test,%R]z]z,Check sum is E
test,]O)BK	Y>=d	0WDkWzHs:%>e^.,Check sum is \
test,"*atPKw<_Vm4>XjRG|>;^v57i[b~kcZ,gjQ	zXQ	$g#tp$""U",Check sum is M
test,$M5>W8m,Check sum is @
test,7+HF1?Y'(O@sG,Check sum is 1
test,9MGClar	bR\	+	)b;|N/,Check sum is D
test,1yMqZ)4q;Je	h yT7z(qU60,Check sum is =
test,"mb}^9y0Q7fAA62B-ug
APB|",Check sum is (
test,M5|br8DKo_;\dD?{L#J}>:]%h,Check sum is X
test,RgT:Ipr$9g;B8>m(`a.N9woR!Z10,Check sum is (
test,aCs=H,Check sum is <
test,2v((6IyhU0wO)AQA?{m12%RYu$1Fv?DQn?P{UOZ*;)[|Ao+&',Check sum is 6
test,;#N#KFc$K7/J(0cFObNwB`I	|e,Check sum is N
test,!gJagvkU,Check sum is 0
test,tl[J%ugw^~99v=?bA8m^M	:[W4=w,Check sum is -
test,"N1YxqSAqO059Z""*,/Q\)",Check sum is *
test,"@mEur;V9n`}Fp_K;DTpP{`!_2=W<;jn@""",Check sum is S
test,?7tH*FtO`jk=]-2%D{-,Check sum is D
test,Ta_WsO>c,Check sum is .
test,%k9\2k<Z=@V-Nz'J y8W8i>-^uAx&AB[pX,Check sum is =
test,"7b3|[v&<b?20x""[W',uVrUpk+BaBT7hA:,fb'O",Check sum is R
test,:yDF,Check sum is ]
test,"OKF6d,j?
Vu?T@OUz&$*8EOVUqO?Pij6",Check sum is 8
test,"pA/.5y
Arl",Check sum is E
test,KM,Check sum is 8
test,"6t
[
(t-!:|5~Z.+x`|1GrU;`db0C%u~wp]iRxB5
e\ocE|ht",Check sum is &
test,"X*qzklyOuRV6Xz,",Check sum is =
test,p.y,Check sum is 7
test,(A>\{Y!,Check sum is X
test,WKe9#m7c_haC7	;tfIXm,Check sum is X
test,}n;0:Urk=K|jXjS0W9=co~<Vgs3GbBeeHMHc@YfXrx&^yI,Check sum is M
test,[Jl&`_^q~Cf,Check sum is L
test,xHAN2Wm=[aA4JE4UMpV]&nzy@^,Check sum is @
test,`	wfQ@(6;[-bt~p!'J;6yn<q#%y&V`,Check sum is P
test,"KWk;`2^/Zl@!WD7$*n2x@""k_.?u8`}Iqj#hwPZcJ",Check sum is F
test,"^{^%l`)(0a~+86""d[epp}.)idSOzAMO2>3	RY",Check sum is X
test,"Jeu;s9>8R""KK(y)V`~_kB
TN38	`qD",Check sum is *
test,i(OP0cvbbwq&?j+gsxd}K)AAk3%.y!TYXB`y*,Check sum is =
test,<xG^N=7%OL'A&_\	+],Check sum is U
test,"JnoUM.i|N\ckYb
gx""\tvH3DMoez	P/t^\ZwJ",Check sum is +
test,"]0:
L\"">6F|%a9dvc5u2S",Check sum is \
test,CZdF&WeBp#vdqimi8{5Fr_P\+DCObPs3h!\UMx_$B,Check sum is 0
test,=\cD#%Z6ZjA&-m9H}B]7]$iV(E[[fh>E,Check sum is E
test,'FUP	1%Y;oeO$j!2Z+ItqF=Z0RVh8?a]VDG,Check sum is O
test,"ntc""45\kOq(0s,%$",Check sum is 7
test,"[usGCF}J*5xKn< n94F5Zk&,:<tD@J'ka$iSW11Bw!Q",Check sum is B
test,Z	}u*UQX)ZQv@NhR]J4e/S0:vwn2qmx _Y{KH@lmdZ|_WAr,Check sum is  
test,Z)@+3'<~zmz<f	,Check sum is .
test,zK>90}p-@K</3a	=w|;^U-55:-[vRla5+lk8<)&+{1/]Sww]r,Check sum is 2
test,`<PU1p5J8$eb#0<NZEQq,"Check sum is """
test,"iv_>k(z}vGG""u=hILQ""d$+:S",Check sum is .
test,6v5j! R`+Vosea}RO2@LVT7P5oP&I,Check sum is 7
test,"P""QV^g;",Check sum is 9
test,"N""mz@\,%W$28e)Debb",Check sum is D
test,nXQq{xcQR]g%| ^<(rSs(42HJt	df'	v|KV,Check sum is J
test,M/hS|fT-%QM\2!7=0$-!,Check sum is B
test,"+K08tsY@,|,BBfat2F",Check sum is I
test,"Js=K
u1\<AsH[O^*QZp",Check sum is 6
test,"x{H%j[d&.Cr{W%p69ZMIgV>evne<k
O@mU""#_4aK]g[z\e",Check sum is A
test,o\\3z}(%>4-&6ec!>Uo(ZF.y:QUvT}U,Check sum is O
test,"`r
k:TD8Pu{}4TDvHz#y
UhVch{:-sG",Check sum is R
test,.ro^\-}SLz.FueYt,Check sum is G
test,;@UL)J1d:Z1c4bY^k,Check sum is $
test,]ihjC#C#+/D'nVOr)DXVCfIw#OA,Check sum is E
test,"=7N{lJv[Dy)fHWao5:Wq6%^%n-(]xh
#}[/_o`|M:&K""","Check sum is ,"
test,"""{t#LD]Gh+'EYf-'y#f73{&~{$/rbV	zD~]&~Dy
Y~4_b@+"">|",Check sum is =
test,"yobj2,YCEqeH""Z/3D:09o(;_e&YCHwrw	?G5+MU;7t3O`yk",Check sum is 3
test,"1=j`6`
z\yd#W\F*}aSS|R~3uEm?	x.2",Check sum is ;
test,K8J{Ta,Check sum is ]
test,t*_FI1@L_`1hUQXvaR1UD54>i,Check sum is B
test,"xOJm&kBu5gLRKm""17E#d>1,_R[^$]@iq`T@Stg%cB5&`WR1",Check sum is O
test,KRZWQ-<TdGaE.N@uF-o,Check sum is  
test,"nd>%i,Rl~HT",Check sum is B
test,">30H,Ry&-;j+5Mh6u4)CQ>cQ##L\E{\.	;",Check sum is W
test,"3BrgNc?0	+.)""u)1CQ$",Check sum is B
test,4H/4Q\0qSh8R1`	U O@=U.(!K,Check sum is D
test,T-#,Check sum is D
test,$)JgsjK!j8?;B<YMqBOp>[ * t0j?ZZbOnLa$F$ZR2,Check sum is U
test,A3]wtEG'W$yy4	*w1@js1BW_9^J5\5wxvn@u\[;D,Check sum is 6
test,xb`H,"Check sum is """
test,"c<09;YN%4LpH`FfYlVS"">}1l%u",Check sum is 5
test,V#;/,Check sum is C
test,`[W~@{{>0l&P)1^3b\QXK)]l#:PB/bT;+mW;Z5izc	o0Nr41,Check sum is  
test,"""]hm@RFqzRRhFGy$ub=LnQmmZ9O*7_=!?jZ",Check sum is )
test,"R7J=""&",Check sum is 8
test,"(a65wk-cYx$u1!T M~n{$y1}0A#,4p2Xv|7O[v<5_nK/T-)",Check sum is N
test,"j0z>BzxA+T^bGtXRQs.?,e)o]PvLp/.w9""Mb}5>yk6sfk",Check sum is 0
test,"YPvW K
I11XTPO7VK89(,K1@3T-fB~vJx?ep:AF""`h`F",Check sum is Q
test,"_xh>_ORn2JC4G.QIb9)fS3;<0i)e,aOPYg/2LP|0	m]h$SbPS7",Check sum is ^
test,4!>@)Zx6@a,Check sum is E
test,1'QuApH/	{~H<Sj#Q5m0MUt53F^`e,Check sum is V
test,CHlbV%1DZfHp.{<j{6+{SQyWbdAObX#~_K,Check sum is V
test,<g(%\M*ZK9l6D2r),Check sum is 4
test,"=1(wkzjXl?}&)38(-)9=n$!]avQ)""`fvL@GHi}+w",Check sum is L
test,pUH]J-d_nqwq#s51Z!Qew3{-	q\;7ylol`D%$jc3-T@S,Check sum is S
test,[o%-_7=4RliYq,Check sum is 4
test,vu_l	'&Ir-oiQKEy%TuShU6WPoYsm,Check sum is I
test,PpEYP>6Qi6}+|37Li]QI|]M*:h&Q+O,Check sum is O
test,M=$2WlqRpt,Check sum is *
test,XPplDxg0e5PkABTGK5~H0q?I#|AnF,Check sum is -
test,"c""kB]7+4a^VlPr^rV!L0Cp",Check sum is >
test,"7MX:LUqJl)
0:dFo\;]=gtWHhqQZ(Pkl|LZ>O~;AD>:^)",Check sum is ^
test,$Nh9tQ|y$u+=Wr(@U	;TMcX!+$,Check sum is D
test,"Ol'HGbQ""~Q&Pjvz/X!?fS(
Pub/20O>h6",Check sum is :
test,"e~ZG
if~3nzU,bp;#25GBh$sD{]N=-;=<53_,8{",Check sum is $
test,"QGE)""U3{""",Check sum is -
test,"ly,/WiM",Check sum is -
test,"2q+O.5g4_
}=;5:o+FdK-c$E@SJhn)GhC;Up:y",Check sum is Q
test,)4	#\N3X<2fw|2DJt,Check sum is Y
test,"=LFBh3y#2o*Ma[t-:\{
",Check sum is 8
test,#5NqL)ShW_,Check sum is ]
test,"4#[>""%mJ	.agXry{?v	Y>R7cX&?/g;A",Check sum is [
test,"HAlL""pMgLe{]p9p8vl+n8ZbTagmrxO=$KQyeg`$D'p",Check sum is S
test,mM|\SRYU~6#&npSo5 4V7!J%Aw'.V]?-L21!	v$|'?q$yI,Check sum is  
test,=cS;MTWrqxx:c,Check sum is 6
test,#|lAx:l8\Q3]ho{DK4Ti,Check sum is Q
test,")|},p	",Check sum is '
test,Ra,Check sum is S
test,@l#6gef 0$S,Check sum is ^
test,"z>g#+H={_Xx{hg
GPtp""Fi
*LqY3jy2=J.j6?TWz",Check sum is '
test,{fGvhGq\dL}YImi}Ux_&t^6h8(fd,Check sum is H
test,j}1kxh!n26qWTR&XWx6{P[[(9MlL&ly|,Check sum is Y
test,hC:G!27V}ROqY71HXvw#Cw-?OXJPmRu\CvZ/:]<n1-_,Check sum is #
test,"$_-Qly*2L/^G:s,",Check sum is [
test,")1q{q 
;	|,JPy<vf/kX2xO2<mA]P>zDljiP)f""",Check sum is H
test,"mEm6>_.(<(8,N/dp@)M9	7X+}Hx'njR9o?~4""coFaFfN:cGqg6",Check sum is !
test,"C*	z#9Y0@z6`4""U$?]4Md{kG/	}76E`W)g*5_u%e}H7?Gt^;st",Check sum is #
test,XbjjCPD/y,Check sum is -
test,[#^nB(,Check sum is T
test,Wkw/vCI'`]1}G>n/X-+;u,Check sum is ^
test,#$B1SO*PA	2Ns5B:c#R!QIGo7E	2Pqt3)^#N,Check sum is D
test,"4Eho%B%Q^@,H:Aei^_/>67|t4?
N1V>?Y]r>
g7]I",Check sum is 2
test,tH,Check sum is \
test,"KL>JJh,\{C'haRY]fjgT#SYx87	Hp&6C2$+RNmss!8wh@",Check sum is <
test,Cr,Check sum is U
test,"D7DNN3o&s\vK=RxHB""_@=^ ;6utMR1yZ&4MdUw;EItGI$l",Check sum is Q
test,`Tk=tmr'Zg>qR]JA/s,Check sum is B
test,avs`KVA(lA}YG:+[PNw/wCyI1,Check sum is O
test,H~&a&4Ufvz'N=I6cH$S}puNkz,Check sum is Z
test,nErr{`wFaQitmp\br'e?~=;nb,Check sum is <
test,2urDEH%/FXL(`wq_*gN&I,Check sum is %
test,<N9,Check sum is #
test,"+y``q((O5*3O9@v<\Xb6]
6",Check sum is I
test,"!rk7""l'KNVd!p(_x&~$""Z)gV""N$fP.2",Check sum is A
test,wyg8<~$sr^pqCe-6[2m.s9Mv,Check sum is S
test,6/0Dn&3{s=Yla,Check sum is Q
test,"U3NkE?4?rfHV~Jk,Lh	T^QYu=VHCqSoZA'?.t	:oX-b5	)",Check sum is /
test,"!mn<fjI""-*",Check sum is *
test,"9b,uF!t@ VYp4!& dF46*Qp`w;c/.U",Check sum is 7
test,"MjF:]rbemtt*r*A1cEDgI2wN;|3&%uRVb!X-mP-""U
",Check sum is R
test,",s7=;'jM&2Fw`",Check sum is A
test,`6:67#ew&#ZwXd=#4ON#=4$>5u;cl:P5dqGPqs=	r=4qP,Check sum is F
test,B}^2&}93~k&e,Check sum is 2
test,";(cYj,hy\i2HhAra%.>z&vwc!oF""Q9)TlK13K",Check sum is W
test,qv%C2~zYuE[s(?`	+l<eKxhN80K2^NQZxyG,Check sum is /
test,"0ZiI&leh[Ab}F8&6v:jKCZ(4gtU(nZ=;&Y1He7""%8O",Check sum is (
test,"t<FXrZWF,ujn).""\T,5dIHBqdfxIv'nNWe","Check sum is """
test,^a/Z+=qfFXtLE,Check sum is J
test,"V_ToZx9qs""]1',?ECJ\}B[>[Rfl^Z""\l.1",Check sum is O
test,".0EISCp8/K/E7""tL0do@^\?@eY",Check sum is K
test,"^RUJ}	7+""}vfOft_W]=\Tjy#""1qQ(p`Zf\5-,u",Check sum is -
test,gA&3f&4xJ;b*5sP8;p3ZA*m!|\%;En,Check sum is 6
test,"Yr0*j2K-]5sn68e""	z
\XrI$}L_JTM'z*-w''1","Check sum is """
test,"&&Z@+2[ ""XYt+}!(Tusl[xi35P_{m]=n	?",Check sum is I
test,Yx_zCOp{,Check sum is G
test,+x72A`PlBirnmM.h}a-KSG.+tTz).h1.SD'8P&1{ptVxS+{&,Check sum is 6
test,"([8,Fce0>=%TVKSNjOV_4$-5@X}$XD2]1G8P>1@2?s]'w",Check sum is U
test,"9?H;r~c,b<)7?qCnH%cYiXI,goHM^RU~[{MyDn2+>=,z,J^!X",Check sum is _
test,'%I^1@}{L'b,Check sum is Q
test,-xE3P`k]Yo,Check sum is =
test,C-:@he8WfE[y,Check sum is %
test,"t#+IM""4Bo_b-hS""EE	[XEia[@L0DO9B,""r}'PT#=","Check sum is ,"
test,"NB
=W]Kq^%@6xM:Z&",Check sum is _
test,"ft8t[,M.FX/x8vFg2lv[f(OzK\n6VCg",Check sum is Y
test,"Dg
zshrlYrbUTZf?aZg#Yo<!6P@.#2I)dDJZ;;:;AOB{s#@",Check sum is \
test,"`,;rFCS1`",Check sum is F
test,*67Q/,Check sum is 7
test,yvp(_ZI<,Check sum is %
test,"
]z?rKyRo6
F*_zc_U
t5	TvI2/InJx,!mbi",Check sum is E
test,X%i)}W]gi<b*v@%G)Vh,Check sum is A
test,L2I4uL.[/jS;=p Ry,Check sum is $
test,ZZlZLtGNx^zs;Rqc2[i- ,Check sum is V
test,mFZ?'qg%,Check sum is P
test,[jNjq!!uyP>`='dA2`@.MZX4a!<\|xpcL=>b`lRS|cO@,Check sum is Q
test,"F_=><0-S~HQA7y$@~.s}}:`iR5A
]Xijq\9&CU""*kIoXk]u'",Check sum is =
test,b]~T,Check sum is 1
test,"G2CAH;p{,mn}""jRR[4Wh=K41hB?V:`#QEDg<eRC>-6au=THc	",Check sum is )
test,"16
x+CF=jZX%uip,npY1f,F7jUy!{`(>U^unpL^3",Check sum is )
test,"XFf-;Y`8-xG>?%G)N,~z4FbUNZ;",Check sum is A
test,"__^EZ62fHCVeK(oa/H11R	TE]v`f	^~)rU'Z0|RZ]Te^F\V""c",Check sum is 7
test,@=F8d,Check sum is ?
test,"\z9_|#V;{5:,;Nkqd%k;
:uU?@]uE]9?yq\8[I-cVA",Check sum is *
test,"3(PjA
K=mCB",Check sum is :
test,"xfh#YhY5b+.;}<[{%2d!k?(L!eCSfKb/VJ}?z6,",Check sum is -
test,!2</q`9m;y2xAlpc8 9Y~z@!bUxtqL4Z)L~pKS}#w,Check sum is <
test,gZXFjv`5T1Ok)6XciJ3df?%YeuD>%r0F;5,Check sum is S
test,"O/2""?hOhT6`)iR)Ykg; T2j}s-Z[W^6cV)",Check sum is \
test,"a('S
AL.yA7jB+0<u}G",Check sum is U
test,"()D?u|!&',Hj3L7a\pkU?x|s4T3/",Check sum is $
test,"{^a""D_ZQ'{i*5${l.Nc5#:c&u!yn7!
{,4)uDOq",Check sum is U
test,"g""5-aC\=/%WpxhH<9Io|",Check sum is 4
test,egQpd&2JV})|nV/Ml ' ]XQi/h!JN@=A0jR|,Check sum is #
test,mrZ(up*JbMt+:9D|%P,Check sum is P
test,"8Sp8	sN{`uC/-bKz.<>$VslE:&?+yi
Q{<",Check sum is 7
test,uu-x{74,Check sum is U
test,o3[Wj'c5]5CA.%G.YNg)!JA^w 96p)8x|xJ?T%~	pe*zmhH,Check sum is ^
test,"$`Z2yN~!;F
]xI4:z5",Check sum is \
test,"Yhv6&*Hp8#;""`h/%eYK",Check sum is 2
test,MXdKAlwM;O%x,Check sum is L
test,"4?w[Twd=M51Z,s0&yPv9|FK?t5j`+a<0 ]`-|P",Check sum is X
test,"+H1$oYkWBa&y>*Gs7fNR""Rs",Check sum is :
test," ck0PHTF}Z,b-Iv!^_JoN`!v!:/.(M{v{ah?
PwDS8",Check sum is ^
test,"h,b]\AG#/A9J""\{83fU;s6*iuz0A}K	",Check sum is 4
test,g1-cF!206S]>rQp^3VPwvlRly6,Check sum is %
test,0u,Check sum is E
test,"5me<~-%7Vea-hvlgi*7dBwYLR8Tzwq""Itgl&&",Check sum is .
test,"E<
Y:",Check sum is >
test, 0[${i>Cp@;+Gr/R`	fceh_!ndU,Check sum is J
test,!$K2lAX=D/ja3 k,Check sum is  
test,"&0GmufY,#8uglg-&&fK
?T6OeXf:3S]GW6wv5+g<Q6|F<!W",Check sum is !
test,"QUMR""6QUsPEPN,;kv6;r)h
>I0bZmoas'1Ye3xn",Check sum is !
test,lGBA}^xM'4-~'b,Check sum is E
test,"olXnIR{L,q~]",Check sum is [
test,"72t&#a
i.wX`]456oo",Check sum is Q
test,}SERr\v%`n`L!6\kp$OXp',Check sum is Z
test,1~RIRj{-Ak,Check sum is :
test,"V3 60(~R}PJ.qppbMsTGqH]g.\LDhwHz_kdaIxJ6+r_Z
0Q",Check sum is #
test,"+""]P>i0
~<oy?o,Bs`GT%M+F^+vJI&DS8H$R9xRqX~NEN+}q`",Check sum is 3
test,$C8,Check sum is ?
test,Sg8/9$thV#I]0[X{,Check sum is 7
test,"2(2X3u#yv!s&,7R",Check sum is -
test,]Dt&::'>lVG}(##hJpVT;j z2&c\|~0>O:f,Check sum is !
test,&9$VOR4Y}Qfjl:ai'LD+ESk]>9,Check sum is .
test,)|]}K!Gj](+zPx+~p#1u6-j8$pMt!:*voWj-TumYSjQCUx!,Check sum is P
test,"-*`,3;-CnWMuk *%e<d9dJ	N<!=|""V*{ EJIIT!n",Check sum is \
test,d0r7A)*jtpzBj{cMReq-KuQyR$1z$WSEvW,Check sum is 0
test,8{p,Check sum is C
test,"u(cCY{gVZl4g,:bxn>s^^",Check sum is 0
test,"%,nAI8""GNvueRV4T",Check sum is X
test,"3	Tbj""V-h^,",Check sum is S
test,"7,(I_Krtb$-G!0wKt+vQ",Check sum is 7
test,`%2w8T,Check sum is Z
test,"a<
g/7=%A5B",Check sum is .
test,"]
hv=r+ib]<w^	F""x>YC[4rI`A\VP",Check sum is (
test,}nb#,Check sum is P
test,"iqCE9,hWNeuz1;hy,DXE9Fs$pp <RgDTt0GRB3a1SJ4wnb~Bg",Check sum is H
test,8j2m,Check sum is !
test,"i):^,*qvi9vM5Oe)&,(!lV	sEi,4y'a|+A((&yYRa<ZsW=46",Check sum is P
test,uzzpjb5O]~yJ[j{LW,Check sum is J
test,H<@NJ]$I;fx,Check sum is _
test," sZEb|VylljvY7v""o+M!=41S4q'W8;m .V",Check sum is C
test,"xN)6h-R$	^f$(I
%BE)#]%{r|QS;v",Check sum is 4
test,"LL&-2D)|j9,=L@ISX5""n",Check sum is 7
test,esw'^?mL,"Check sum is ,"
test,HzY_'7c(h <uwP,Check sum is C
test,zXmj pNS^Qm`!:`0*#9E#`bDxSHd+dB&{I^Qg!KSq,Check sum is M
test,~0~]N/+(lBzO?UI#'A|2}ap}'Y}b#@_I65e,Check sum is K
test,jdSx'bq=p ]`TV,Check sum is '
test,-ggwCewt2i/`q#T&z+4a/ET$e+VgVo|?,Check sum is P
test,"by]?yqKS^7L>F%S""  ""h)vWl",Check sum is J
test,"oy*`)%3	XI4,]u	c_:&1^_QxvQ~2Oi>vbX^CU@#SgiQQ",Check sum is L
test,"a	Fbyxd~""ubHF;Z 1H",Check sum is :
test,!Umj2%prd9Y2:_^,Check sum is E
test,"7vTsu\?5*g9T[-yOcoLGG8>
jGV]KeR$-n{;*$)",Check sum is E
test,^$,"Check sum is """
test,-%,Check sum is 2
test,"peUqjS69)a!|59W& ;GLE6
","Check sum is ,"
test,"TP8v]H]Lgsz]""!l{W{Podv8
<4k",Check sum is #
test,Dj8ZE/m}1g%!	%`Av>3H&U+A]=GZ,Check sum is <
test,8@Mrcu*h[2r')QDf+%c5.Uv8i[KuGE,Check sum is 4
test,"E},Ptgr.I_{l^5yK990! /L&*c{rV85zQvMeF2LE`1Q:ex!1;",Check sum is B
test,gP:UcQw} ;	l&Qj:'-FnUo|@,Check sum is A
test,"	b[%
SP@])S}G/pOggyYW[",Check sum is U
test,~Jik*LO:wIi~E?3I,"Check sum is """
test,"}mu8P|$1[NDq=""~3Y
d^}ct0
8qdN@<Ry wx,w^i]4%""v+gZ-u",Check sum is 0
test,"/H9
>",Check sum is X
test,1uS={dJFdx/QnR,Check sum is !
test,*x;($ku+hE)|6g$7Bmu,Check sum is B
test,A#<,Check sum is @
test,"
2vv{r._FQR5^E_-H&D!?m4fX	+IT
xR",Check sum is %
test,"0dv-~a4R.	z\""ej20\q[w(7",Check sum is Z
test," 
[6YIDe6nlb'0p(\",Check sum is #
test,"TfM'=
ws
g0N=.~iqvL3Th3my<G;ojD&_(1|NS}>",Check sum is L
test,"t$_2w#y>dD`W}],H7^^0tq@",Check sum is O
test,"@uZp\AViFSrNtSWs8 }FS@GhQ!%K""6?e`s",Check sum is 3
test,6R=oDAi.km4Q{czM	y-h;;G-N0eT&`V]FZE/,Check sum is 7
test,`_y(]sb8([;pwo4yzEdweF:e\tq%Z1;,Check sum is ;
test,"yC),s""5$.Ry`}Af<r#Q",Check sum is >
test,"^w)BY$	d""MbzZ%1vLNbW9b@9i",Check sum is K
test,"9T#u
sau?oC{$>+4c'>9j['KcqmOON@bvU",Check sum is W
test,0G>!.,Check sum is $
test,=Rbf#.knYJ[!Wf6<	?W;-?H/rYEpUn74fXMmG,Check sum is Y
test,"0J:z;K6]39zjr3K_|[80m3E#'7FGW%d,",Check sum is D
test,".0X|X^5
Mdaz6D/bs)""GFFRH-EAt%fYVr",Check sum is \
test,l^x1%Tz1F^b_D,Check sum is  
test,I?['82':-z)&H\c`)gG!D0),Check sum is '
test,M|(e6*a6uO%r.vJl7>8|fA L:|0'Z1<Es,Check sum is *
test,"=n`m-dg5y!-h6:]SO\zCnnu!&xw9V,0",Check sum is .
test,"B*MF,>2
FIuMRUJ!;BVb)~ONn#Ch%sZxz:HM|L,yJ",Check sum is G
test,6l@HQ]cm<K$%%BnF!og.4OBK_$6[: liZ^$O,Check sum is V
test,"wnu	Rn41dQK*pBGDykOT`=rJ""Q}Y!11Da+A7F@{.dJF9h",Check sum is G
test,"^<Sg=V	iVk,ZIk	FDyg/Xi|Gj\2'b+JZZr	?iH.x%%ld>v8#",Check sum is >
test,"1
Yru^V@Y
Lt,|v?aP%~$`L4{31nRZm?b",Check sum is .
test,EJ{KkY1'q_d1sen'07];MT[y;ldfw9=X56I <$\^J,Check sum is E
test,Py)HLP<|7qdZ.$6k|b$>,Check sum is G
test,B l@+mm'Icb3&0k_@]tS,Check sum is _
test,"l9%T&]
rkzBJ*]QpTz\'g&0&gme?1d\Yd=Hs/N",Check sum is E
test,"!tK9du@tk!}*85}\{U)[IY""NT<(sA5I%r/ED55",Check sum is H
test,"{R~Sx,``""}*3P^
Q235fYw@IX}c*/9]VxUG8)L!1ey^",Check sum is L
test, K'.QH	w2trcov!6Y{j!%dGR0W3n(E	;x$cTN,Check sum is +
test,"cIx?/YQo'Do
*k""6[[`N[QRW n*Rgc""xg""1'JVCe]GSE+)f#J",Check sum is O
test,97D+1m,Check sum is ]
test,"u6/?!p[b?$)EnD9bf58r.U})""",Check sum is 5
test,7D!*ZlADF/-R8R&Ys	6/EsEZ;,Check sum is !
test,"uiD0)4t+	;.NgN,J'!7
A)P,zt]*JYYuk26e>]ui{",Check sum is Z
test,"oeC!(^6s%I<4]\
!}%.j:<~8>M\k3X#k=(*_|>K1nB'",Check sum is U
test,qr0TE5#e`SFlrU`+_6E3Fd[-jQ	4$qM0y )[}tHL,Check sum is +
test,"cp]\nogn9zVU3F<eqAkDf>],cznF9;6zRi]8",Check sum is )
test,yW,Check sum is 0
test,"5D)L7$ld2D	/n9~/3*mW}i}S>b$lR0,zNaT`<u
",Check sum is H
test,H8W;2E)Q50%#6d_%IbtZf?gI_KZm\?#WZsS4{F,Check sum is W
test,"'R$jr,F<3mgB3",Check sum is C
test,'7Y#	Qhp_#Tnc48sgq@>uGy|4[xv0oahI#)yFbJ,Check sum is ^
test,"{6#t#Yn]a~(fcF""u1]mDFQT
xjgC6U
691(Gg1e:V2",Check sum is ?
test,wO,Check sum is &
test,r-7t3=,Check sum is Z
test,"l:""B$Q)y~8	I]
?CNxN8,_Jv""t&+/79jzHebs'w1]",Check sum is !
test,"OGB
Dj",Check sum is 0
test,"C2&xI`\*{,+:Y?pX.;s{yS;B}B.pq",Check sum is <
test,"hNg"":CiG(0'd;l&*=Yot)}T9{ .2VdXt^H-",Check sum is &
test,",*6[Ry<{SF	?bIK	@t}ogcd?k+N~I_Ey!6r]y",Check sum is ]
test,`:diZN,Check sum is /
test,"9vV7-Iu(-Hr
?4@-M	O1BbRnU""DpTuz0qv.5kX]",Check sum is B
test,L%sP;TLFZ!?f$BT,Check sum is O
test,|9vA?v@ad.ay<VQPh`M$>z,Check sum is 2
test,*E=esVdO8P@et>G@>G74<k?f %,Check sum is T
test,">G.<-_}saby
OE` YV<(KM",Check sum is P
test," ieOG}7JI
or]SzrbAZ,ElRfr- @CrSKyt.`Bo<oUQiVZxP+Fp",Check sum is U
test,"Mv{f0\UK/'y)mrO#mV/b#dH0sPm
J]i}/Q\:O",Check sum is 8
test,)u0rJiM=AEwkqZclyhrVpR(YP`IX~91l,Check sum is 0
test,"^4?Udi_^kb|[""trG@0Hp+y@X",Check sum is '
test,"""-cZb3Hl~b	lBiOSr63Xr!H	+f0p56@O)",Check sum is B
test,"*;=6yEe_Ph.""*?i2*5",Check sum is %
test,"x\Yjh#isk!*&*ig|w?,",Check sum is R
test,"#	>>=b/E7cq$2tdE%Ona&""%UU",Check sum is 3
test,"*]]GPb1ik&/}""Yt",Check sum is C
test,"?w2<;<,	I",Check sum is 9
test,J&ZYH:,Check sum is E
test,"fz8iWPn _}An.qL""]E-o9t!`X",Check sum is 2
test,M41D?-_sl[%i='m3oH+V,Check sum is %
test,rO< k'tZ2# Qc<toYChk+(B[4#e/,Check sum is /
test,qXq'qJhs$G\%F	nXnTtEQ.DL,"Check sum is """
test,"w:oDUJ""""GNkp9Sfoh+'",Check sum is 2
test,|05.X$SpP2W7$ICcrUx(mf<,Check sum is G
test,"z0d!0|--Y:X7'mDS_""9Z^
C%X2!]V25<m|UChO;4K",Check sum is 9
test,N6~,"Check sum is """
test,":nF%VKH^	:
6{-Z>=-mo+!J(GH:VznNG+1<	z&",Check sum is ^
test,.dbvE5,Check sum is D
test,8!lA4tZ$5J:cor.z1V?M%HV1pMM`EGuaw:OO8,Check sum is K
test,"Xv:~n9Z|)O-Kb}@{""e
^(=%",Check sum is &
test,R@)N3f#MuJW17,Check sum is 0
test,"ar7*J<~j\+?~*A%}8}=u`&18,M","Check sum is """
test,"1I"":s
-	Q@""n x!/'`
5|ta4A+	(uhF""&m)",Check sum is [
test,D^3?[QuZb`Tg)6/=8o[4Tv&qGpT0{{?CkzYx#%A,Check sum is @
test,"X72.C+Foajs@""t qv2X
.O1eXIC|mEl9rgf)PK;#sxp\",Check sum is C
test,"]e7ju
F=j5[;:iqv<~g",Check sum is %
test,"L,bGtfl4jHHudBJr-
\<",Check sum is [
test,"]uXTNJ""?98]XD",Check sum is A
test,"hMjnQa='&Yo;!a""vCaFN6('z3T5z^4L(
&)S",Check sum is %
test,"O{K],+^)\q*TPF4wMAxu>
B\;|",Check sum is T
test,j;L,Check sum is Q
test,"7V1miPkx""
g3gT{{LAObnJl;rrv&&<1#^jm",Check sum is &
test,"pCWQa0fp.og|d	[4^E&w<8(t Oj]y@U],?2No ",Check sum is I
test,"4m<%2X`n[/sQ 6[
HYI/WPlll*JJ",Check sum is E
test,2RjG{p#6d]sSOhko*;8,Check sum is N
test,uxQk+$ SMDE*:5RXxs&5-IX.* TP`2lnU5fKl,Check sum is '
test,"1RM""my{j'h?RgNKlBE#Kmf\Xyb
D\;:""Mf|nlAHm/5{",Check sum is _
test,qmAS,Check sum is R
test,atH4!Cx_N4g`;,Check sum is 0
test,"KC,Oz?UlR]X)pv_9%O,jQ`h0/ZPI>F <~J",Check sum is .
test,#''4LlrOoK/o5G#>&d4,Check sum is 1
test,"I
",Check sum is 3
test,?5VQ{W=YUDr:HW;aVMe$~W$,Check sum is H
test,_@X}UB5O:rV2m#nF%6+-McN}~0|hu%T5fC$!,Check sum is 8
test,"J`2>h O=aB
'fX~>""A;PC\",Check sum is )
test,"$MnLa}DPMCL\H\u[[tJN
T+|#\]x^)!	WqhD4VdqR>ou",Check sum is !
test,y~R6Qzr_~+Q	2lH(]s;&$qM^d'M8Lu=xzL,Check sum is I
test,"+3'8v4 ;ZQpxdPL""1i+m0nbC",Check sum is L
test," +OcbJlL^lIAM0T,AgrP#",Check sum is _
test,bU^4hA7a=0@g&NcUwR@vTMq[lFLcNHtF 9vrGRk1 XY9M},Check sum is Q
test,_HHJ(9{U;db$BY(T&'q0,Check sum is 4
test,"%4jkNeW;/YT+{vEAh>/N&F;:SS8lZ=hWzs7X
0=rS=y_Fp",Check sum is 8
test,"'O$+|`3 jb""vGTSA+Yw-8!MBqxZ,9nzhQr~G]",Check sum is T
test,+@7}Tmc@B#8aUk_xKcw4GRp<8E*7jpsX:~$,Check sum is 5
test,XR(2d@*Q,Check sum is C
test,hA)gsjJC'11z_JmWs.P9bYdE{}y<%e6,Check sum is .
test,"lE\fZGJ,XCE}*u!!hV. llA4@k,[JSU0""FdHc7n",Check sum is 1
test,	1E:g*U=l.sa,Check sum is *
test,pyD|HEuY`_Ns;ygeVjTJoop\Z_^<G*,Check sum is 0
test,"
.
(I#}0W:!P{w]Ab9\xKK3eXMb;""N",Check sum is D
test,"*lGo;zO#[7MS:h82\+X=""H|FTGn'$.<s,1e*UK@`/>W ",Check sum is Z
test,Uv6l1bWD3;`0oH7N	[K,Check sum is $
test,"tVN1xr6,
Sj!i.tQV\Q#88bMn/[y",Check sum is /
test,"O!,b4<}Eu+<sRA9.A^lUXFn9W6",Check sum is K
test,+NQ.,Check sum is X
test,"Gf2V<Z<j[f't.FzCA9JC@8f=m4{/!hX|-K""qB)OSGgBy",Check sum is )
test,"9t,ut>Td>oQDr""	jaie=}`%CM)Q I4P",Check sum is F
test,"=>bw#yb!yR:f)G+v!Ax
;
CZq`",Check sum is &
test,qVgG5V7O4FGgFk9;A)E@Dw/SC?n\Xw4'Zbus/,Check sum is (
test,f@8K[BpAefsl}ex,Check sum is [
test,":J?OP""]h",Check sum is )
test,"/SUn\{"",Cr7l:eqrf""!H@	[.$xIhYDX*@x",Check sum is K
test,'hs&?5@L.,Check sum is 6
test,(I;WIs,Check sum is _
test,FHV'h	Nn2OpG1|l'	iTDpJ\eWm9_,Check sum is 1
test,"8UI7z}=NoE7%Mgg1Ctjpuc.ROz,Aay:pC*d`b6",Check sum is 7
test,"^?_k""^Z[^J	'9#q5Q[\+",Check sum is I
test,"v2joP
w$K~0<qzW',h{3u,ioE>E#EM#s p2QI",Check sum is ^
test,"R4r\9eQblYO]gl""(d1NFw<Um:*!z.rSKhs",Check sum is I
test,v-NZja.1QX0K%)\]iys,Check sum is U
test,Vl>3M,Check sum is  
test,"~&_RU A$6.'mdNdO5R'l""Q[X<v}V",Check sum is 1
test,"JB3_lcM:qU
MuKf/ve*yNU!%,i,#iKd/=-|0\FtG&A?k",Check sum is \
test,"r]*yXu\}{/ 	y
>~']",Check sum is N
test,";W$	Fvii}Zg19|U=AM_@<:-
_~: 5\K'-",Check sum is $
test,"nERLFg93\p9Z'wa0;MaN,.%Za#	@",Check sum is 5
test,"^=kCvP(""[EmR&i}6",Check sum is Z
test,=$1IQf:p)kz12	4NU,Check sum is -
test,"j+F|K.>l""%M>lnkd	(G",Check sum is M
test,"CY+k Q#0#s4.""D`b
+'FE;tLP 9I""!uwzWg+0=c","Check sum is ,"
test,"EJT`J,d{-R6f7v6I'6%3?$(2Uo~Bd%i0[='m
	qQ",Check sum is X
test,"M8F\KN8EI=  v|I=!Q/@sK^k	wM
[Q!WiS	:kUz+L",Check sum is .
test,"y.Z[h@gT82h2o~t!zPxhdeVgk-""0BY$-w","Check sum is """
test,"c
/=jSPDEcA4{D_t&d$EPA>ln%E",Check sum is ?
test,0b:`|{LAR<Gn4jT,Check sum is E
test,nzmBK5mUZZ|J,Check sum is 3
test,"7%o/G](rw +LE7OmV'-vRQ]
O z.",Check sum is _
test,SP}$m3X8P,Check sum is $
test,+QRGvb,Check sum is M
test,syF9Sgqy-Jx0|WV^*RAB'aS dkSt4pgFbKmcQe8T7i;AVR|5r$,Check sum is @
test,"Zm{<:a2BQ>S3lJ\lO/m\|-O<2VrU,""\lj%S(vp%wm}KQd",Check sum is V
test,"'0r-qHjsj0~l]I2^}am8""vJJOv&wS-:LR~|\|eAw%",Check sum is #
test, !,Check sum is !
test,MA1!O[Q})jH'o:|}r(/{skN,Check sum is L
test,"[7tT/PR
g""wzxDb8gwE7
_
+^jYoW\L0KHpZjA<	J",Check sum is 3
test,"y=
<0/<+2pr^9K&BOBn2d$l!F3`",Check sum is _
test,"\C""SepN!):w!1	lpcY/z/Y~&@-pJbe(=3mWlPYHS0?G	m",Check sum is @
test,"uNM3ih6lUgS}%ZU_egLjlJ$'Ry6#dPe^fK wTe,w",Check sum is W
test,"fN<r""",Check sum is $
test,<1P~N.R,Check sum is )
test,r-wdtM-\YD;x87{C402o$~]]ag9,Check sum is C
test,"1=`gv*p.a&1(m'Q5=$`HA,
0|46tZ{peRK",Check sum is ^
test,"5@#3 ZKJ7VDy""J>Ur*)9V2Ag-fqzuWmIvVc",Check sum is  
test,Y?#Prz8Je?rnh7bm%Cd3}T+=0Z,Check sum is M
test,Z\NWV%Sp(a	!TZOw7]'HQ,Check sum is 4
test,;igSl{e>|]8NG#K?YUb*@&x,Check sum is 3
test,@cDcO,Check sum is 9
test,"dd,X@_:1*_Nv.Fn_03:=miN6,+w
js@I#?-68zs
k",Check sum is U
test,"I1	Qa,\3CYWJ8bggsj85",Check sum is ?
test,"/5X8Z=DzOpt6.X)-""*\i
Pc^:'""@.tYw,Shg^:V;H$",Check sum is 2
test,"R2Q]Pz<fe<
utqEK2<CcoK!w<ghBOnRx)$$;gr^r","Check sum is """
test,"J>3{
ZiDP",Check sum is 7
test,"Ygwt~R<	PjH5""5+AO*
""R`	B",Check sum is <
test,"is]!Ci\hL
/}?TL8NSs!a((/8LIwRW",Check sum is E
test,A]/Q}c^k,Check sum is '
test, [Q<sNpeA%DAB,Check sum is +
test,mpn}r5dRp\u.|#$,Check sum is 7
test,* 7^v`kQ_AXKSUMi9	;3SU2=J_:c/Pro,Check sum is _
test,2M;/e&@Q.z/:d~.zj;rX97nb:B<TAWNkvx:JtoO'RAE,Check sum is /
test,o'ESeko,Check sum is M
test,"%(3'
]zwk?Z\Y2rBh8G)j,r\$(fT8h`&(Q-WJs+i,sf@#U]>tD",Check sum is <
test,"oeD:%djywGHLZG @h_Zvi_hE[/l7`J7p.a""A(ETN]	]dF?\U:A",Check sum is T
test,Rf)}eUPf;|*A	7|&,Check sum is 2
test,"rhzV93K8
o",Check sum is 2
test,"G4XCxR,xa~\VKh:QS	R}06V:l>zQ;u]U~4?P.19OoTCB/(<qu.",Check sum is B
test,s#,Check sum is 6
test,"s$E/n%^=z{s=0@u%|
$0I",Check sum is +
test,-^e'N81%F0x0;7.~88oH!v)(](HIF<fQF(o&ToJ7<U'/h,Check sum is C
test,"bp))VA]\Ec5C67
(t9X51dRKu
FH",Check sum is L
test,Ui: [*z+QE.j$4#=q\h,Check sum is =
test,C#;S^FG?B<cSf5:wqYpcshM::HBNP.u4Cqb^y44xlI,Check sum is 8
test,6l92,Check sum is -
test,[.%<`L2Mu=<},Check sum is  
test,q9\:,Check sum is  
test,[OF+ ?d{KYW~<dIMbQ%UQNlbrm~ _i~agrNo3DD1,Check sum is (
test,	G,Check sum is 0
test,"@j
 n.,:)!W0w!= ?.?K!Dh^CKa""nR	h",Check sum is  
test,a\5<	?ei`'vx@?A_ajLhZ^H~X{s3\E#b-4A`&E#e:%h:$}fk,Check sum is <
test,t	dYo5Bz`3zs#N3~Wz1$y6Ti7O	FmZ=,Check sum is G
test,"g_	AMlY---""7;
70j*A1}<%&xd$&6kJ@DWVe-n9;uaa4~(aLz",Check sum is F
test,OG={Rda'8W!bE;\SEj_]l@W\HE0!yq0??1~_rx){>DBGa0v~,Check sum is Y
test,"1'I;`-9(q5>u^h,l""hY~>q'x~-:F6;xbgO.?x2FFTh&&",Check sum is '
test,"*m2VTY9:=^l}Clk.XwT-6TwDg$,TqP@m&Y%if!/dq}e1",Check sum is $
test,)e?<+'q*M&&5S:E	F$,Check sum is )
test,"nk,bcZ.Z$#M AoKE:d_nS'xp*""uQiY",Check sum is !
test,"w/?8""p4Uxb4t",Check sum is Z
test,ik'`	7ve?a?,Check sum is 5
test,1Z.C7 	o89Z*.=,Check sum is K
test,^$3A,Check sum is V
test,"BJor_.|}^Rp&o488|c1LUIu.rv5u/1S[e,xw4\qx@","Check sum is """
test,"f=h3
Mq/KSmwo:nwt$:.k5&mB\?I8{",Check sum is 1
test,ReaW]tmAV9>lm]#C(/g#.)teI4?6/ruoSM^XQ-yw9kwFlOl|,Check sum is G
test,>)C~xU*	-UM7fnGhjgg[kV<G&A[ 90Ls3x~Q^wNww|NOV/|u,Check sum is L
test,"XhGh};;Lr[[U3cUF!=RawVjRn\4pJ""J-_Jua",Check sum is &
test,Ri2)XF/A~0%|FEzZ:'AD,Check sum is X
test,"uN"">QGVUa
JA_03k",Check sum is )
test,~WMBk41y2fd\]vR9iWyubN+v,Check sum is B
test,",y""es	8B69T}	&6po`~hmSPshEala@X!cz&MLb[H",Check sum is D
test,"80CAx]K,Sw+s\
b|8j}Hv+0",Check sum is <
test,/J8EpU?tJ	[?].:B $ZU$7-ls@?,Check sum is [
test,"[>8(J
ic",Check sum is 9
test,$Ju	8_`xYi>+V[^	)L,Check sum is 3
test,`0CEQTx]o5T.!V_sg'6Jq'+w5go+]#0/4nk8\w,Check sum is V
test,"{S*hfo7-6mYkV6xbjQ2+|gI
qg""lay",Check sum is T
test,"119I
T$Qz",Check sum is Q
test,scLx*nD 4i-,Check sum is @
test,"	>$X8[,OZbs?n}GI(
ae({",Check sum is 5
test,"	wjXDBQ7=9cNVg%Jk(xWhX
*fMSF:7sfwfS	",Check sum is (
test,&]w|g!,Check sum is ^
test,.F~[R,Check sum is ?
test,2WfR:~b,Check sum is ;
test,s:lIxS*~D)PXC,Check sum is M
test,"QiyuLDZO>I%CC#(,M`a$q)7w:M*95)!r=GGluukrK",Check sum is H
test,"
1n84!7odc&b3V39R-wXTb)CG0W",Check sum is >
test,r4XUM@l`mR,Check sum is K
test,YT(&HKzjf&Ko|qy9N]3Ace&LM,Check sum is ]
test,"#j wqX^I]uQ^mGfV^FYp#pe4bM0 @P:Q94j""jR",Check sum is M
test,U=s6gm0MlyRn?;)D?NUOnh*:b7%3SE$\,"Check sum is ,"
test,"pm4`,@",Check sum is =
test,?TKxhx<IR*!,Check sum is 8
test,;K3.H\~*] !C,Check sum is 4
test,5neRtfkS-flR1[K-i,Check sum is P
test,"+aN.d7U) U""/I+k+rJ/gz):Tw?F]<#Tk wKps!n`o",Check sum is .
test,Ity MT$HWiF7FQDr@|%b(k\$Q9KJJ$Ppy%p:SAJa,Check sum is 7
test,"-Rp
eu",Check sum is 3
test,+fLal/9t2v0 v([_8|0i0bR/|d[@05,Check sum is 6
test,"*hg2_|j({dHvPzGTRze!>HKH&ktPmj@M4~P]e""pk",Check sum is _
test,~+sFidX*3ak9.=k6J@rj41A~iKTPGBQYC;%L$t;Nn-rAOZ1!	,Check sum is L
test,J*2Vu+WtrGQeC21BjMT,Check sum is )
test,J#}l:8si60E5r/v9G}v8h|[Bp{PE=_;W'Tj<k09*1,Check sum is %
test,-G%+s/(%`bi-Ryp>k.`MM	+?ST(S=X:/.4W,Check sum is C
test,xUacx(54A@E4+%3!b=~7q,Check sum is ]
test,"iZ+vN*n^~V8Z:*	C()I
n+^`!_}Z.F6]ey=[%a
]K5b>cc[",Check sum is [
test,"EVmhWl_5
MhC
eb`T""*]3",Check sum is J
test,"tC%zaY"" 9/kc`Lh} 5R[*)&V%?FY$sHMkc5C'ZO.9@eUm|D ",Check sum is =
test,Q^,Check sum is O
test,"eORs+_zw	a& ""[M=B.91GG;~FvftMzL_%6e
Gc\&e`Um",Check sum is 1
test,)3vj|w!&:k<}h[q*|p,Check sum is >
test,:dcm|^%u	(N^3lM'/J9\VU:|2\.6-,Check sum is @
test,"`m
kAFaMwMER_'P%O=XZ1?23T9O^w	|#6i)UJ(7Z;W{!j",Check sum is Q
test,"l""F%=SWQ:][geYtt{7nl
M
cmz,V}e|s?5p;}s	k_e",Check sum is !
test,"Ye*q*(2im1?LODePj\""]/%J%]_{{?sgLUC?",Check sum is M
test,dM8)NIF#bEE%,Check sum is C
test,"Fy!(,L6^[#Z\#t]]<VVFD&""PM3>v(~!VxE!I""p1Kyd	?",Check sum is .
test,ijM~K%.y]PpZMn,Check sum is G
test,9$%&?afHq@J|t&[Z5>oM_uiG8&+,Check sum is X
test,"N<nFj=5iR1R,6
E:t1jv""QyqI(~nY.iZ9'gqB[",Check sum is A
test,"T]9
.p=Xhm",Check sum is \
test,k1:E+sra-~}>JP[A:sXQj*DO^Wxf b,Check sum is Z
test,ul=]4h^k|yR8#Dd`jTW1$lHDmAT<,Check sum is J
test," o6{/ljRq+({fFJo0y+kC""%EV*k
60ni!rL",Check sum is :
test,"Sna3qw+j~J0;vVoFJLGR6q`U
e6lnUj{K-?Lk
V[+>z/C%=",Check sum is J
test,"E$s!Ag+[^~~/UFm.1gRL>&}F+=54v(S&&{bV#,	^E%G8m)",Check sum is ]
test,",X!~^ywwIaT/1SS`y=_J1;${<XE;W5""E_Q4y|""",Check sum is X
test,@O{<`$:)T>|@r9,Check sum is F
test,$j~cC?<`FlOj<	<prJ	PDzr}hbEP>c_80,Check sum is R
test,"x:;6;S(jnO7:V+n}HgUIKV^!	E)kn\,7""bX",Check sum is U
test,]t`537P>xs;}v[d#sAet/)f+@&9A]yVimU6.O;qV?I,Check sum is #
test,"G56IYNW`
PB\4C:=)HCcisymD,o$8#ebX'U8lrk8",Check sum is *
test,3D_=3*:,Check sum is J
test,"""80aU$[aUrD\/pU_(&C+*#Go`_kc58[j!&F:(pxRy",Check sum is Z
test,Ljc8KXAA+[=!qFkfG/`9@`2zy86Q[QTu$j`,Check sum is 8
test,"yLkEaTsWc""9n]DeuItqiC-[-6_3JCc2;.Yb=`|K",Check sum is <
test,"Lq8*&-c-%[Cq_]eOY.wJUI0Xp)gIs)>\""!",Check sum is 6
test,{jS%&,Check sum is #
test,~r{rf;_l6wg{'07?#PAbMwb&[	a7\,Check sum is ?
test,ET@c'\amJB9hV=?\=N,Check sum is S
test,"l.IbDT2{p^\i2EL$qH	dDM\2|7""cN/2f",Check sum is 6
test,"9 ~&VYg[X;^hY\((\DFH[zXDsDt:p!h>>+HP%CM8or1""Z(LWx",Check sum is &
test,"HdJH""R-1j6fi:i2Y \%ZfNUi7#UZA)BlO*Z])^V^ s'6x[_&",Check sum is N
test,"
(f5e6U	y< 2AF/N2hgK	1CpVzk`I=U_",Check sum is ?
test,#^N	A;M-U+,Check sum is .
test,%?xN1\1<s>W4~!:2dMl<-yR^uch[9',Check sum is 5
test,"L""F4I{t@oY-0^",Check sum is C
test,j['1>95foa{&G'$SZxDWOjUm=R?3:r'>0J0C3tpSzF$6,Check sum is P
test,;3<|uy-c;'hA&R%zf~98+,Check sum is &
test,"$&Ui
<{(C[DnGE?VkX(z^""o<s",Check sum is E
test,"\XX.owYc(g8.Hi5 /w]*	@(^DL:jQ~zF
<ufxT",Check sum is #
test,/	8wh0Q7X<aaUo6&	otnbA%2#+$pfk^(f	hr I~S\y\R! DYK,Check sum is Y
test,"P47r#NF87q}[Dk,ev\!HJ7-B]{8DTCk4_WFPn.])Hcq",Check sum is ;
test,+T_Emo0g17]\#=o;@	Vv>f$XfE	K(<e<p,Check sum is J
test,cZB!XW;[4>VY,Check sum is &
test,bBY >m^V;[l6~qha~r1WcfV<NWrQ+W^te;6>9U<m@SA,Check sum is :
test,f5%5R2!e5[X&zA~	9IJL{#Qi%,Check sum is D
test,q3f^DSR~	Q85P Xb;,Check sum is [
test,ZYW%QkGD<F[4jCx`38,Check sum is W
test,"{BKsgl~qG
5D$^G'WuHQ#BSX&Hhf)`""s'
xz",Check sum is I
test,@+\]fyWv{eq,Check sum is A
test,"
'm2JqD	L""N]C95V<",Check sum is T
test,"c
Ukr7CQ73Y!J@5<\fxIK""1n}/pEbM)'Gl>W/+5MZPpp|O?c
	",Check sum is F
test,>Ku*>'	=X#6l5zK;e=4Mt`fZ,Check sum is <
test,O?5!Ub8i-Y$D[)X+xi:=?DPQx+U5*w3MrlHk3:9h,Check sum is :
test,=Yj@	J^aw<=2iS:}%r`Mx:WRx/ov/DB4.pgmPm0BbyZo^W`|B?,Check sum is 2
test,"ReV5%
AA_qLksTFD!>D:0%%-aAcS:SjbVOS36w8w7*X ]zM?e",Check sum is H
test,Q!g9yU,Check sum is @
test,"S{|HD_z
g]tsvcBD5W')CATl]tjbP""ia(	{	9BP",Check sum is \
test,v$Ev,Check sum is 5
test,DK1oPN|9{oRcH+++@5^2G.7!tWO*Rqzst!.KxXJB*$e5j94/g>,Check sum is M
test,"K>2IG5
(:Y$[[;=v.?
J;{#L<]5%IO&TN`W:",Check sum is W
test,SXt(vaKVNy6*E#5}?f*o6nO2{70AndE,Check sum is =
test,X3#ie^5sOB	o7|zr)Clr*pE0-,Check sum is P
test,Ko>FaVno,Check sum is 2
test,"8)rI75Y""ouA4)!M]0Bab",Check sum is %
test,0A`6g.(@q_.Tfqiv_RM;WBEB#WgXILfKFykE3?D`Wg}vN,Check sum is H
test,+T$|u`T&p-I2RWMp](_6{-KZ+ +q.|+(kzpNEg87,Check sum is U
test,"Q.""S<",Check sum is P
test,"-W*?J}}WVpkC*M[MeG)`{:8(e
{M)",Check sum is %
test,"qHUs,TJd}re\@-n8(1",Check sum is +
test,"RvYE;A""HUuQeEd_dL?O#
ikZBKMJ8X+$sa_]#sK@V1-En",Check sum is (
test,D41)RS,Check sum is W
test,2!,Check sum is 3
test,|tmN;ikTM87jq.2S4hO4myiZ(z:#a:yhh,Check sum is #
test,";""A_?|j(%k5mhH}|#8HB~@""cgtRvjMyl{D$",Check sum is O
test,"6FwQzFx$)XIna%V&\+I@D6cnft/N%""*M@#qdH@ZY|p",Check sum is I
test,"P(L""mfU'[_hZ&qS$i_!&Q0W",Check sum is F
test,TSOzb`,Check sum is R
test,"\n?y)&P\7,i
I Jg""Z1pZ~q\",Check sum is O
test,!L	t 2(fpkgt<*Dr4dKLaOJNtl'`:feU\E,Check sum is U
test,"3I,<	|DODCRE1j=&~^$B""z	s	uCO`J!Hw4D4}hI&^[c|f&q''",Check sum is O
test,D\Y|p;D~d,Check sum is &
test,8q\p]uV,Check sum is =
test,fJds@8/58LXAg32V=RIWCj,Check sum is ^
test,"dtxL=3,qf+i4[}",Check sum is O
test,"T@vCi;kvmN9""ic",Check sum is T
test,";ih-D- o[?Z4xrF)!
V}Nx<eA#o",Check sum is R
test,S&U!_zI]J9%nzb2*ten\Ze<>#0I{;71+^yP#T=b#]ZX{Y9Wn,Check sum is ^
test,"jRI[o.,J-'i+5Ma{1V=;L ",Check sum is D
test,VHS).In=N{yZ$:>ari\9H;0ji\%Cu}_Xu/H;\l0(+F\,"Check sum is ,"
test,%JP {&;7M]JP,Check sum is V
test,"k
91!+k{e^l#Xc9$8eAtP]%| 7_SN?j{X$",Check sum is 2
test,"Am3	^!!m,D.
}Bf~MCjf,-/Y$NSwT
P-7guuUl/
Afk
*",Check sum is B
test,"Q4Ju
vT2:4:YQudT@c#K8gDR5w",Check sum is [
test,GW{ ,Check sum is Y
test,)bOB /$wv}L^qD1bQC`],Check sum is \
test,I5&[K2'!	|#$W<~>vc[48~p!:AK|w=$,Check sum is H
test,"b7i8iEYzM?`	r_gc]S(-PHJAd]""5D@^AHM(",Check sum is K
test,+ao),Check sum is D
test,"7Y2gL+ihtJG$F%j43b|:n'$`D<*Cpsq
j80qLW|pwDm","Check sum is ,"
test,1B]hR]DVHAJPjzu}E'78e@>#_Xl$z(1F#eOu7,Check sum is ^
test,b4$*	C^,Check sum is .
test,"ow
$4yjsENGNHoPI,}5i3+cM",Check sum is K
test,"0c{V]	,/5TZ0lo)0^r8QWDB	X-""wF<O[=,niud6W",Check sum is ;
test,#TX@s3okEyi,Check sum is V
test," 
)]z9n$-Ko3.
+pc@ap`$cW
jY*+5&?Ad0~&3p ~f",Check sum is P
test,"!8aay	v""0#W[@l#}pIm;<H!>58S1f.*L@>?AV_$O",Check sum is K
test,#Z<))	Om<A$jm6? >(G#:^UsU|^d)#_i_u';,Check sum is J
test,"L#8elK_}>> ""y9I ,}L9uTk[T8%3	G(!*,&$w/m<",Check sum is A
test,"3f1ZyQ&-KBQ+aRN`M
;B'BHq5C""OF{E,m~F||<o4^<UY0[	W""T",Check sum is M
test,"*:-}Dqkwp\),KEPg)""Bk%KtNk1U1>!FH;",Check sum is !
test,":	j#~'01K<""9aN=Nehx-y.N\/
#,tSc{K1byGd?",Check sum is C
test,"D(/Kr<L*bu)A<(o!r0,K",Check sum is 8
test,"t./X,ix<:u@c`l=:yx[jbY^$Q Fmg<	",Check sum is *
test,<xLKXkcvY,Check sum is  
test,"bauN$t]h|)U(0)pv
p""r/xcIQ*UD}Z(vBZxK",Check sum is -
test,&pCL@!2L5m#3y>QG@WCOR';+*n5CG_P@A%kM0rgIo&,Check sum is >
test,Z-gqq\/$GrSgMY,Check sum is 8
test,L>,Check sum is *
test,"LBc10\DO&S ixYfDM~
=E,6xX9i$=o`vfE.1)8xQ",Check sum is #
test,:|czea;x^p(~W4FB9E@I{,Check sum is 5
test,"j<zc*!GF
F+t_HpM'[LC51}	V^1N{9[F%G:Au/fdZ",Check sum is B
test,YsPiu2,Check sum is L
test,"
o,xT<j3t",Check sum is ^
test,.9'q^,Check sum is =
test,"#,j&d9-7cG9jtg4pu0+*> K~/8fK$wm",Check sum is M
test,(w_`wT|,Check sum is E
test,"JRJ4z:E[jKlQ{,(#w4mSbCJt/jzs$]uW(8	-mpl}mo",Check sum is K
test,GOI8<]?3I	.\sCo*t5Z[xm;?MY,Check sum is P
test,"]*ZUWT0_.Oo01|w'/g7#^5kxtpY9<P NWmkt,nlEy",Check sum is 4
test,"WWNQ'""r>P?)I=#;TT*R67c,K=f`5!b",Check sum is (
test,"4^
""""+BHOB-^&00`s,R",Check sum is (
test,"uo^09z[BLPcKNGDcoc}Ad3D8
YBLx9(o=*BO'<tB ",Check sum is 5
test,APaYroW0u%n4Q^l*4J?%u2M/PJE?I501h2rvC.1	&@Ci/,Check sum is D
test,">.h
uqbO\""vBWs#Dag9	GsB^&ic4J9j5s",Check sum is [
test,~FeK-h70/CYrs:wJ93Pb^@<@H,Check sum is ;
test,"j,#-Od}T !=(g2",Check sum is I
test,"fNy]=~0buMI|5]Q 
D3tfldz$L8\|Q%""`KGUk%!NB5L",Check sum is G
test,xSUb7@)H6:<L3~=.k0@1;[(57,Check sum is T
test,"X[8	?%ua{5W!]1_#+nSh!>},W,{iJXx48VEihC>G5amtadc:",Check sum is \
test,#w#4*LuqJY.;dL[]a$\_pTPCNr:dutb\?dt,Check sum is T
test,-elR0c4n3wjN,Check sum is G
test,"(wFl.H*>riz4\~m)9$0}IY5Yo>0JnDjqeNv""",Check sum is A
test,+EAwfbdR	0vc	[J~w./V/`'}i,Check sum is J
test,/{/-Ci52;J@iE3?5lo_gY6X7'@pSO,Check sum is K
test,"[' G2W% CmYXb['^c(fa?uz,l(",Check sum is :
test,"Ay_
,AIu:'@!6hG1",Check sum is F
test,s>)Y##}*9[qxHli}2wE;2bD,Check sum is X
test,"rvK(D9a$,uHu_	N.+FL1?","Check sum is ,"
test,"CYZHq""iEK[WU[k$a6
&","Check sum is """
test,"0A/-^87hFu_[h""o#?N&3	ANN#(o",Check sum is 9
test,N~B,Check sum is .
test,b{i=-,Check sum is P
test,"m,cTNjr;Ir@y)
nz}7Q}kdOJUe>*G*H(~A<V^N}WEq
	)FW:t9",Check sum is X
test,W}(F)6+C]uA4<(0/#U*w,Check sum is R
test,&8YCXAzp\0,Check sum is )
test,EcVnof#JL#AS?ygw/2^yCX-DUgQUok6\bY/-jY!\JN,Check sum is (
test,Z$c	y%h/7QoXtra65td6NaIxjQdVmEx@*i&;}EDCbRI%^,Check sum is Z
test,"~&A'dA@[	nn.Eg_j:4_+oA$UFhdxUY4\""ElH+XUpfX{C(]\9|?",Check sum is Q
test,GGB\s4;}*i]{nlWI=O:0J$G@LSTLB*p+)nv3iyTvJ*hCz}BH|,Check sum is I
test,":3+3F1gJ8E*{EAb8lvoJB?.m_56Ngpb,`'6g6~-:I|	",Check sum is V
test,J ;E`ha?h	F'i<l,Check sum is !
test,Yx#u1-opnsv_pCZyG@ZKV0yzU%5CRKR!&xLw,Check sum is J
test,"@=7,<)jm_ +wT@=lL&,&^$l(
t#PCiWG_l-$M""ACtVbg77_!/T",Check sum is B
test,CCh/N@q(Nz<Z$,Check sum is &
test,3vUDx._1$	) Z)9t3a_C`@qYk]v0jry`U!({]}Q6A6{{,Check sum is (
test,;e)]$]Q>1O?T+7(DC>0_Q`v%b!8qT1ar|Ca8WoXC)=<*Ok}0,Check sum is C
test,1So3mU,Check sum is H
test,9fZ Pi8C(I4=z	i,Check sum is ;
test,"H`\.
SdS0N)A~D/hv&-<<=;Sa~$'%",Check sum is B
test,<8]kjgV*	J7Rl[b4.:1F>,Check sum is C
test,NL2:(!	Dd!,Check sum is A
test,"J~BHIcG'z@.""dedA2a",Check sum is W
test,({:[(nsiJuK?hs*p-_#0DagH''GgP l7dWhvpEL|f>,Check sum is D
test,"%2y_d"" I#x",Check sum is Y
test,(Mg+1XMHRc&g	=5y|50	rso{*pX)rkG/Y2( oaQDd2.Xn*,Check sum is N
test,"fP`!I/~66OULpR""*?^:M""]M57P'2,?u0- '{Z:?#:5",Check sum is  
test,"&QQ9zay@SZ911sYcN;vh!*6c
)3EF,B:Om9X_?+8
E%MD#",Check sum is F
test," F3R@cNl $l}G5o/C

y]8%@+d	^Kt1U F%0",Check sum is /
test,qw|	3E@	'aGZ2H0Sdm$Maxr&:C4.>IKWe!uk6<2SQ,Check sum is ]
test,"O]/0Dc.HZBY'`5t Epz:$w(^Q,",Check sum is T
test,"VaWE,);Ox!5'iqQIpK,1N!jvlu#9",Check sum is _
test,'Z>5_{N)=`3,Check sum is 5
test,"|gPK){>x\,heTpJH%g^)Z6o""/xBZYO32|k",Check sum is N
test,"N
|
=b$n4",Check sum is #
test,"
ztlOWeoU5Nwq!`~f)CoC
>	9U=tks)Q-MRXCvT|ST",Check sum is =
test,"YJMbo,D5jC1Rv5OGKa!2X+$
9X0D~!JL}wJ;PE;HAtZ",Check sum is A
test,"D/FTb'""  ?cxa2.L@<Va.	J(.V;#\oQ1iiRJ{.
CC:RZ",Check sum is W
test,|X=,Check sum is 1
test,$|QzBnzzG	z_HK6yyF]f(ILA$Pa,Check sum is /
test,?drGgX!	X,Check sum is =
test,8MA!nJ1yY k`uEzu;	A	N!. ;8N!vst|2,Check sum is N
test,"^MIu#a[l
r@w45c""|tJ}V[?!y",Check sum is 6
test,i)ts]{5>oveGL44QidK&uCUUA Jor>aR]?7P_5,Check sum is N
test,"-.zO	(./=K'/NS(@b-1""=_.!Kd",Check sum is 5
test, wg:r$QNFJOviu4)<.&<*pU7a8Bt6#r,Check sum is )
test,CuPk/HqI[r!@&,Check sum is X
test,"+EHLe$H{Kv8It-/'S
+![8N!0->3n"")",Check sum is [
test,"\(LH]XpE6C.dRVi,pX2$Nnw6 4m\- ",Check sum is [
test,"EX}t0 3Y>WIMnOZkdb[$2
A_q",Check sum is I
test,"h*@%x#LdQ0;hqIR~.&\T<zpk} (Q<kreU){'F$P
e""$6ymK`H",Check sum is W
test,>#iJ\8,Check sum is H
test,6+$M^J\_%L*^C_KNxh4zM].,Check sum is /
test,I+Bl]{v,Check sum is P
test,"M@eq{a1;yDA#)Or91P:|b1=}[i.wkt0""",Check sum is -
test,eS	DNLrT?u <=.#kl]Q{|,Check sum is _
test,XTE,Check sum is Q
test,pvHG-uA:u.Q8Jw,Check sum is _
test,"2E5A}cAPSjBmwe)h,",Check sum is C
test,"%%u}
'Czu>G9iuC7?""YPyo>$[C`(uLFmjH\L/40R;v",Check sum is 3
test,!WMW5(i*cLz2h2;q?J>Iq-,Check sum is ;
test,-uMsog,Check sum is X
test,"#!L4Qk?(B6J6+Rh9J,M36HK",Check sum is \
test,#'Lk	#iYm!7sz,Check sum is A
test,]*,Check sum is '
test,XL_J*^\3U4ch3b]q?=86;_8f5@g,Check sum is 9
test,WDJU^^'|y7=q()o,Check sum is W
test,Q{|}Q10@w)r8=dL,Check sum is N
test,":`i3ChEi<EYA}gjWb3x8yIC!0/6tWS!FYvaE"",D 4lL*?4",Check sum is $
test,"!szw5	!w3$>7%S^[V4Ft
:();orz[^u%`u^X?o@pWtW:",Check sum is ?
test,dc:Amxe<B2<j@(|dYLILMF>2_vlvEpue[c[dg4,Check sum is %
test,"G!9b`m$|6RIivt""./sd4{g8}x	=&G^QO(.WyF\awoC6U9",Check sum is T
test,_W@ ZD_B%Gq<UNk piz,Check sum is O
test,"n+mbrkhbk<_n[u%H,mF",Check sum is ?
test,/6YXXD*Z	6ODW.%gmPC t3,Check sum is @
test,",RR5J\g0|vJK9 FOj!$-P-[""MwQp2Y9N X%}v<=]QF~^b|I8Pg",Check sum is 3
test,yq#2*UOBlGF?trauV{h~IX^OZF>qzvU,Check sum is <
test,"J7E6*:Z!
mGP-,ytcG~I8til?'>^E{""Y",Check sum is >
test,"f;,n;IiO;""e8Q+x",Check sum is E
test,*{?34loLZ8C4z8XzP6g2)H#Ae\gb!	duWO}`R<_A[p99L,Check sum is Z
test,"9S&ky+obCwi,B""-9Wrw~!aFg~8ff}jK_l))do>5O}cl""yy",Check sum is >
test,td#/'wU`P`A%S|?1w__5NG+PwCo=TMI8C5eiz{Hv0ev[=yc3,Check sum is _
test,"Q%D ""nV<>\5r;`o0>",Check sum is U
test,"{~@LVx$'Hk!4@RYWDp*nGC3|""U)5q{%Y",Check sum is L
test,+cS<(Ekj,Check sum is ?
test,OD.>&vhC{JeZ/q?v=[5g27xs-6,Check sum is *
test,"Zq:T1BU;%F9@btqPX*z=dZE)omxXDL3}u
=n\e)x<+ta/&j`+",Check sum is Z
test,fFbM|iMQe,Check sum is #
test,ru['-^CzhiH9:lj D#=Vz/C=7SO>!/.36`/dEv=A&qklh],Check sum is S
test,"FE*eSiw;cVos+""pM0yvc.D]m%nnq6]?>XaarDZ+?""",Check sum is C
test,"Joa""",Check sum is \
test,7Xs!9ewm]2J&RcYTd0v,Check sum is 0
test,.x]1~	fLK/]~>/F*N/g,Check sum is #
