set,input1,output1
train,,Check sum is  
train,	,Check sum is )
train,"
",Check sum is *
train,"B
","Check sum is ,"
train,"

",Check sum is 4
train,"

















































",Check sum is T
train,                                                  ,Check sum is  
train,ssssssssssssssssssssssssssssssssssssssssssssssssss,Check sum is V
train,"CD
CD
CD
CD
CD
CD
CD
CD
CD
CD
CD
CD
CD
CD
CD
CD
CD",Check sum is 7
train,"x
y x
y x
y x
y x
y x
y x
y x
y x
y x
y x
y x
y x
",Check sum is &
train," 
 
 
 
 
 
 
 
 
 
 
 
 
 
 
 
 
 
 
 
 
 
 
 
 
",Check sum is :
train, ,Check sum is @
train,!,Check sum is A
train,"""",Check sum is B
train,#,Check sum is C
train,$,Check sum is D
train,%,Check sum is E
train,&,Check sum is F
train,',Check sum is G
train,(,Check sum is H
train,),Check sum is I
train,*,Check sum is J
train,+,Check sum is K
train,",",Check sum is L
train,-,Check sum is M
train,.,Check sum is N
train,/,Check sum is O
train,0,Check sum is P
train,1,Check sum is Q
train,2,Check sum is R
train,3,Check sum is S
train,4,Check sum is T
train,5,Check sum is U
train,6,Check sum is V
train,7,Check sum is W
train,8,Check sum is X
train,9,Check sum is Y
train,:,Check sum is Z
train,;,Check sum is [
train,<,Check sum is \
train,=,Check sum is ]
train,>,Check sum is ^
train,?,Check sum is _
train,@,Check sum is  
train,A,Check sum is !
train,B,"Check sum is """
train,C,Check sum is #
train,D,Check sum is $
train,E,Check sum is %
train,F,Check sum is &
train,G,Check sum is '
train,H,Check sum is (
train,I,Check sum is )
train,J,Check sum is *
train,K,Check sum is +
train,L,"Check sum is ,"
train,M,Check sum is -
train,N,Check sum is .
train,O,Check sum is /
train,P,Check sum is 0
train,Q,Check sum is 1
train,R,Check sum is 2
train,S,Check sum is 3
train,T,Check sum is 4
train,U,Check sum is 5
train,V,Check sum is 6
train,W,Check sum is 7
train,X,Check sum is 8
train,Y,Check sum is 9
train,Z,Check sum is :
train,[,Check sum is ;
train,\,Check sum is <
train,],Check sum is =
train,^,Check sum is >
train,_,Check sum is ?
train,`,Check sum is @
train,a,Check sum is A
train,b,Check sum is B
train,c,Check sum is C
train,d,Check sum is D
train,e,Check sum is E
train,f,Check sum is F
train,g,Check sum is G
train,h,Check sum is H
train,i,Check sum is I
train,j,Check sum is J
train,k,Check sum is K
train,l,Check sum is L
train,m,Check sum is M
train,n,Check sum is N
train,o,Check sum is O
train,p,Check sum is P
train,q,Check sum is Q
train,r,Check sum is R
train,s,Check sum is S
train,t,Check sum is T
train,u,Check sum is U
train,v,Check sum is V
train,w,Check sum is W
train,x,Check sum is X
train,y,Check sum is Y
train,z,Check sum is Z
train,{,Check sum is [
train,|,Check sum is \
train,},Check sum is ]
train,~,Check sum is ^
train,5%,Check sum is :
train,_*,Check sum is )
train,jy,Check sum is C
train,MB,Check sum is /
train,7o,Check sum is F
train,]F,Check sum is C
train,Oi,Check sum is X
train,;	,Check sum is $
train,"-""",Check sum is /
train,Qk,Check sum is \
train,%D,Check sum is I
train,1^,Check sum is /
train,"""8",Check sum is :
train,G<,Check sum is #
train,F\,Check sum is B
train,39,Check sum is L
train,7W,Check sum is .
train,.g,Check sum is 5
train,d^,"Check sum is """
train,?Q,Check sum is 0
train,K7,"Check sum is """
train,{i,Check sum is D
train,'5,Check sum is <
train,xb,Check sum is :
train,~F,Check sum is $
train,{Q,"Check sum is ,"
train,H<,Check sum is $
train,sm,Check sum is @
train,Aw,Check sum is X
train,v{,Check sum is Q
train,t&,Check sum is :
train,*h,Check sum is 2
train,PZ,Check sum is J
train,qp,Check sum is A
train,:#,Check sum is =
train,r{,Check sum is M
train,~^,Check sum is <
train,`L,Check sum is L
train,"""d",Check sum is &
train,e/,Check sum is 4
train,"

",Check sum is 4
train,N5,Check sum is #
train,3],Check sum is 0
train,"
)",Check sum is S
train,q(,Check sum is 9
train,(^,Check sum is &
train,u2,Check sum is G
train,|Y,Check sum is 5
train,Im,Check sum is V
train,"|,",Check sum is H
train,P>,Check sum is .
train,NY,Check sum is G
train,S1,Check sum is $
train,CV,Check sum is 9
train,qS,Check sum is $
train,":"";",Check sum is 7
train,NW=,Check sum is B
train,Ldb,Check sum is 2
train,HIA,Check sum is 2
train,J;g,Check sum is L
train,nl:,Check sum is 4
train,T>j,Check sum is \
train,z3U,"Check sum is """
train,'K7,Check sum is I
train,$t1,Check sum is )
train,R[h,Check sum is 5
train,"c""B",Check sum is '
train,<(t,Check sum is 8
train,8m$,Check sum is )
train,jva,Check sum is !
train,F$2,Check sum is <
train,o9/,Check sum is 7
train,b'N,Check sum is 7
train,op{,Check sum is :
train,';A,Check sum is C
train,Fh],Check sum is +
train,/=L,Check sum is X
train,(Da,Check sum is -
train,naV,Check sum is E
train,SVj,Check sum is 3
train,~vC,Check sum is W
train,Y4P,Check sum is =
train,	Qa,Check sum is [
train,]RZ,Check sum is )
train,e86,Check sum is 3
train,_!~,Check sum is ^
train,87:,Check sum is I
train,~is,Check sum is :
train,'n\,Check sum is Q
train,"2-,",Check sum is +
train,j6d,Check sum is $
train,o{3,Check sum is =
train,*F$,Check sum is 4
train,`#=,Check sum is  
train,q'!,Check sum is Y
train,jAS,Check sum is ^
train,"q
Y",Check sum is 4
train,|wC,Check sum is V
train,6fM,Check sum is I
train,\(T,Check sum is 8
train,7OU,Check sum is ;
train,Q	3,Check sum is -
train,?P%,Check sum is T
train,7ix,Check sum is 8
train,[%8,Check sum is X
train,(U/h`eh,Check sum is !
train,zI	sUk	o3FoDYv-o!]*oBq!lf5u]!dWJS,Check sum is +
train,"=HR.B6QH	:}h
K	k?)]i<yi
K9I",Check sum is J
train,I}<#5X._@6'N8yYEy'>pD^1:&,Check sum is Z
train," 8Az+ETP$TY
\fi""IC@0A9Rt",Check sum is +
train,t~5@z(8c135*bFQAy>,Check sum is 8
train,"3
yOl2w-mX06$s?;",Check sum is #
train,`VpRUuAv-,Check sum is F
train,HAkb ,Check sum is V
train,K1Zw1/Y%iYMX7*ZyZ_hBIq*'lm3'9\1n,Check sum is ;
train,xlxn9|&&`-ww<bZ.`d(jK&W?Xbg!Ez,Check sum is *
train,"`=e6ubT_`e]a8Ene\ae*OC$]Yc~>iLW7%O
Ts1fE_wi~YX",Check sum is ^
train,"uH-zoARRm2)5^	pubWJ[a[pn5r<W%+^}Wg.S
|",Check sum is C
train,<wMuQ)~8| 48gG%=]Y,Check sum is S
train,"iW#3J<,{iO2XLGZ05,iB7f5rzyeI^<:",Check sum is G
train,MS`]lsOz)9YGq$6 h8-K{A|yIg:^oEe5@ey?UtnIV,Check sum is $
train,|g&}@Zi%i)kv,Check sum is A
train,"U^/5,gsU""g1#%~w#j_?8((yaW]KZzx{`e33]*",Check sum is N
train,D%c{8uk,Check sum is ?
train,%LnFSTFk,Check sum is ]
train,@=6'ov>p!-C}gKIt}CJpM)vU,Check sum is E
train,E=,"Check sum is """
train,"CG0r%EPxT
9E6R}bL.Q""Qerg=B`k>{""pzEQXOw>P:0",Check sum is 8
train,"Kc:@LbS
WLkIR
48""U^$""aYkrO@X@\I0$
tw^y?BRCa&9",Check sum is &
train,9~(?Y.6GY'[z5;.5p_5W<V~7n~RTS8-d,Check sum is :
train,c8hA`>d6rM3QcO<~P_tw ;)-l^w,Check sum is W
train,"Bk7]Z oUH2I
3W;M74d\		
9$BZ,ny",Check sum is Q
train,"{F|P&B^E?mhSY,",Check sum is $
train,1a7iR,Check sum is $
train,"&r
6 ""(Z1fOmC
P|r*14+c	21NycVsK0+Mcn2	r_	",Check sum is /
train,".cSeI.e,J*<R h<_, s@U,bZq~veD
",Check sum is *
train,Q]-aDESdapB{b?DsrA!$Ib_l3,Check sum is #
train,MVSR8F#!e*.Z7r2QBW,Check sum is F
train,Qbo*OfDYb	?dW<@S2O8O~W-r):2{,Check sum is >
train,"+S1I1$+hZF}p}gT_zC.QMRgTIQ((
:/xh",Check sum is 7
train,Lkdp,Check sum is +
train,9'SHh}^,Check sum is ^
train,|CsC</U]e^H!!UPy('e>*,Check sum is 9
train,.S|FL+b<:~sc4\||f#.9kX UV$5OvNc.4%m[y}+R,Check sum is ]
train,Ro]1k c:v<X:R':8|,Check sum is B
train,"n""t^iLpK^6Hk:X}P77!+;U0F\<(qZ/kg",Check sum is $
train,7f02x?6z}EZ?iI,Check sum is S
train,nNO;>6O*($_r~D;@oM{gr:	[ap'7^b@xkS`^,Check sum is >
train,wqPg;,Check sum is :
train,",4=	biH,q;>faV\5(D3:O'}U(31Is",Check sum is F
train,>a0$`4QyVg,Check sum is .
train,"_R*
n4}nyH1$E[qk%Ca7vN>.",Check sum is T
train,vBdKkm@oq?6#?IhrOoECtQ0,Check sum is 4
train,s0ZF&MMM8zt,Check sum is V
train,"%#AAF(~@eF_VGR,#1rzBJ80GvJ_XG}bTt`
<iZ6",Check sum is :
train,"a,FkmGJ#(Zd 'Jp^	",Check sum is M
train,"5w}rG=2x1khFhwRLjUCMM08|PR,YKg1<Ki%",Check sum is O
train,U2|icF,Check sum is 5
train,"rXGib>gcWC("">lwQ5M/D",Check sum is O
train,4z&a._SsM$(U4B.u/5!gSa8)z1Tmk/jC4<,Check sum is S
train,"Wn-IDhCF$a[F`?z@A0J M)^Ky7,\6VI^ -YRs%k8\^7<0r",Check sum is 6
train,N~^gPwH8qUQ{v<cZ//gIWnV/N$Gu8#7uY0+y,Check sum is 3
train,"Q<hue)34vK$W1oo!TE^iL9^\yemOA*;wD\,j",Check sum is 7
train,a9@*{EvT-+t0\.^,Check sum is R
train,"""5'J=+/uRlIXn<W~Q>[K+`%/XVK1Qfm	[5",Check sum is M
train,#25(TAdu5KR`w m3	')%FW,Check sum is D
train,"""%l3d}Vr`}y;FcV)7nL 2c;>k/w7",Check sum is O
train,"%Y)C5d""7bK4Gt-""T<o?~vd",Check sum is =
train,";w=tw,sia'rp`*:qC4~M>sP,G%XyBC",Check sum is R
train,4$VlKpD63g^ =dBq$@#dbqY/CB.=UkZx#/M2m!*VJNVKh'<,Check sum is F
train,"x(:9`>WL;8""w
2Mwsr",Check sum is %
train,"/hR.]]x;~PQv
",Check sum is C
train,D&l:jY/y58M4Z{;&-k),Check sum is @
train,X))=3sOsQos&V,Check sum is ^
train,yg#uJ,"Check sum is """
train,@Q{tb&s3Nfu@uwo		&e_67dQCMu()k^,Check sum is O
train,^h,Check sum is &
train,ka>Q+^,Check sum is D
train,"b2w!y4dbk18L""+|,'1Xn	76yt+8PLLeQu[h%:DkGI6y$(",Check sum is '
train,elX#?+ zWbhj2wJF;>NC:<SC|z_P_B8u?kv4EQdO3FI~i5dk&,Check sum is -
train,"V}d!%.70dcFt	jS[N6dYE#g@3*.`T+I
",Check sum is !
train,">Cd_uOSYJMI}R2VLrz3=DX.>lg$*
'Z2*=kA2?[JJL?(fdz,R ",Check sum is !
train,%&6,Check sum is !
train,.c&*6!nf+3|MJPE?U/53#,Check sum is @
train,"Dn/*""Zj^=g~X(B%TU{vR{X] 8tX2!t",Check sum is ?
train,"*4sdRfBw:R&im,q?s-;A",Check sum is F
train,G)|2$,"Check sum is """
train,8>8. Tr<1po>)y,Check sum is N
train,]xcYV8UX<%TmZvK,Check sum is )
train,R'@)0TWi38=X~*Bf7Wi@A?Y;!zA~5'bSN>3i4O,Check sum is 7
train,q#Wh*uEVWzZ`:{>g{yHcJoi_n,Check sum is  
train,"Wa8ZY\3O?<
JH<wNItuZ@Q>.`5[<^;`}C;Li
ClrNIA",Check sum is Z
train,"
3HTFT]5bR73?/:hj@9c@ak_Q|MB\A-nA\i",Check sum is ^
train,"e,~Szl	g""earA_?_^F|5m8gO- ",Check sum is -
test,8v,Check sum is N
test,S>,Check sum is 1
test,qu,Check sum is F
test,gM,Check sum is T
test,":""",Check sum is <
test,s],Check sum is 0
test,=U,Check sum is 2
test,VN,Check sum is D
test,~d,Check sum is B
test,jE,Check sum is O
test,?_,Check sum is >
test,g>,Check sum is E
test,Z`,Check sum is Z
test,/<,Check sum is K
test,	L,Check sum is 5
test,Z>,Check sum is 8
test,{i,Check sum is D
test,24,Check sum is F
test,N1,Check sum is _
test,67,Check sum is M
test,|R,Check sum is .
test,`<,Check sum is <
test,G0,Check sum is W
test,m!,Check sum is .
test,	W,Check sum is @
test,RU,Check sum is G
test,_F,Check sum is E
test,%Z,Check sum is _
test,"M""",Check sum is O
test,"""q",Check sum is 3
test,:h,Check sum is B
test,M_,Check sum is L
test,1^,Check sum is /
test,)H,Check sum is Q
test, J,Check sum is J
test,pb,Check sum is 2
test,vH,Check sum is ^
test,V),Check sum is _
test,	A,Check sum is *
test,"
=",Check sum is '
test,pK,Check sum is [
test,w9,Check sum is P
test,3!,Check sum is 4
test,&6,Check sum is <
test,p},Check sum is M
test,+c,Check sum is .
test,;m,Check sum is H
test,(K,Check sum is S
test,.*,Check sum is 8
test,;;,Check sum is V
test,rA,Check sum is S
test,3w,Check sum is J
test,D9,Check sum is ]
test,GH,Check sum is /
test,y/,Check sum is H
test,Zm,Check sum is '
test,"?,",Check sum is K
test,e),Check sum is .
test,5i,Check sum is >
test,(B,Check sum is J
test,Qh,Check sum is Y
test,l ,"Check sum is ,"
test,`E,Check sum is E
test,cn,Check sum is 1
test,j`,Check sum is *
test,\|,Check sum is 8
test,0j,Check sum is :
test,J$,Check sum is N
test,iJ,Check sum is S
test,Gb,Check sum is I
test,U/,Check sum is $
test,x%,Check sum is =
test,sP,Check sum is #
test,C+,Check sum is N
test,J/,Check sum is Y
test,@~,Check sum is ^
test,3z,Check sum is M
test,5l,Check sum is A
test,D-,Check sum is Q
test,Y|,Check sum is 5
test,iM,Check sum is V
test,rm,Check sum is ?
test,*>,Check sum is H
test,mh,Check sum is 5
test,Nb,Check sum is P
test,m},Check sum is J
test,%8,Check sum is =
test,dO,Check sum is S
test,A},Check sum is ^
test,xF,Check sum is ^
test,>(,Check sum is F
test,Z*,Check sum is $
test,7/,Check sum is F
test,)*,Check sum is 3
test,`R,Check sum is R
test,@w,Check sum is W
test,V&,Check sum is \
test,$0,Check sum is 4
test,gf,Check sum is -
test,]%,"Check sum is """
test,R4,Check sum is &
test,`E,Check sum is E
test,&=,Check sum is C
test,NM,Check sum is ;
test,T),Check sum is ]
test,"	
",Check sum is 3
test,Sr,Check sum is %
test,U1,Check sum is &
test,eO,Check sum is T
test,8b,Check sum is :
test,(4,Check sum is <
test,wb,Check sum is 9
test,{$,Check sum is ?
test,ho,Check sum is 7
test,}6,Check sum is S
test,$8,Check sum is <
test,"
:",Check sum is $
test,YW,Check sum is P
test,hF,Check sum is N
test,	0,Check sum is Y
test,mi,Check sum is 6
test,9O,Check sum is (
test,+p,Check sum is ;
test,	!,Check sum is J
test,1p,Check sum is A
test,o;,Check sum is J
test,iV,Check sum is _
test,-w,Check sum is D
test,d5,Check sum is 9
test,]],Check sum is Z
test,lo,Check sum is ;
test,",#",Check sum is /
test,`V,Check sum is V
test,^],Check sum is [
test,[/,Check sum is *
test,hp,Check sum is 8
test,Tp,Check sum is $
test,aR,Check sum is S
test,Da,Check sum is E
test,'f,Check sum is -
test,ij,Check sum is 3
test,Wx,Check sum is /
test,gP,Check sum is W
test,jt,Check sum is >
test,.X,Check sum is &
test,:Y,Check sum is 3
test,4*,Check sum is >
test,je,Check sum is /
test,MS,Check sum is @
test,i},Check sum is F
test,_z,Check sum is 9
test,Hg,Check sum is O
test,1~,Check sum is O
test,d`,Check sum is $
test,zv,Check sum is P
test,Ha,Check sum is I
test,2<,Check sum is N
test,Ey,Check sum is ^
test,\Y,Check sum is U
test,cj,Check sum is -
test,x1,Check sum is I
test,30,Check sum is C
test,rk,Check sum is =
test,.r,Check sum is @
test,Q*,Check sum is [
test,&N,Check sum is T
test,6~,Check sum is T
test,^Q,Check sum is O
test,m@,Check sum is M
test,Dp,Check sum is T
test,}v,Check sum is S
test,8{,Check sum is S
test,_],Check sum is \
test,+#,Check sum is .
test,1+,Check sum is <
test,'9,Check sum is @
test,7R,Check sum is )
test,O6,Check sum is %
test,)K,Check sum is T
test,ps,Check sum is C
test,y0,Check sum is I
test,j',Check sum is 1
test,%+,Check sum is 0
test,z7,Check sum is Q
test,O1,Check sum is  
test,MK,Check sum is 8
test,C',Check sum is J
test,/i,Check sum is 8
test,|H,Check sum is $
test,hJ,Check sum is R
test,"
\",Check sum is F
test,k<,Check sum is G
test,(D,Check sum is L
test,Qc,Check sum is T
test,%s,Check sum is 8
test,iI,Check sum is R
test,pP,Check sum is  
test,PB,Check sum is 2
test,",6",Check sum is B
test,HZ,Check sum is B
test,wR,Check sum is )
test,*u,Check sum is ?
test,o&,Check sum is 5
test,(V,Check sum is ^
test,t(,Check sum is <
test,`n,Check sum is .
test,Fv,Check sum is \
test,\y,Check sum is 5
test,f[,Check sum is !
test,uH,Check sum is ]
test,.U,Check sum is #
test, f,Check sum is &
test,';,Check sum is B
test,Us,Check sum is (
test,)!,Check sum is *
test,BC,Check sum is %
test,be,Check sum is '
test,9P,Check sum is )
test,>F,Check sum is $
test,^d,"Check sum is """
test,sV,Check sum is )
test,9},Check sum is V
test,"L""",Check sum is N
test,36,Check sum is I
test,"h""",Check sum is *
test,B*,Check sum is L
test,X(,Check sum is  
test,>i,Check sum is G
test,pt,Check sum is D
test,e ,Check sum is %
test,&f,"Check sum is ,"
test,"@""",Check sum is B
test,5X,Check sum is -
test,dC,Check sum is G
test,Y2,Check sum is +
test,~c,Check sum is A
test,S=,Check sum is 0
test,42,Check sum is F
test,y|,Check sum is U
test,[1,"Check sum is ,"
test,/n,Check sum is =
test,/N,Check sum is ]
test,\0,"Check sum is ,"
test, A,Check sum is A
test,{8,Check sum is S
test,yV,Check sum is /
test,eK,Check sum is P
test,0&,Check sum is 6
test,=?,Check sum is \
test,D;,Check sum is _
test,cK,Check sum is N
test,I/,Check sum is X
test,M<,Check sum is )
test,sR,Check sum is %
test,Fd,Check sum is J
test,8J,"Check sum is """
test,TQ,Check sum is E
test,>.,Check sum is L
test,J=,Check sum is '
test,3h,Check sum is ;
test,B*,Check sum is L
test,Jx,"Check sum is """
test,HB,Check sum is *
test,>^,Check sum is <
test,V^,Check sum is T
test,E*,Check sum is O
test,9W,Check sum is 0
test,6;,Check sum is Q
test,|r,Check sum is N
test,6Z,Check sum is 0
test,M-,Check sum is Z
test,"""6",Check sum is 8
test,	+,Check sum is T
test, ',Check sum is '
test,C],Check sum is @
test,z	,Check sum is #
test,wk,Check sum is B
test,yl,Check sum is E
test,:u,Check sum is O
test,4f,Check sum is :
test,@F,Check sum is &
test,##,Check sum is &
test,oN,Check sum is ]
test,L6,"Check sum is """
test,2x,Check sum is J
test,.!,Check sum is /
test,g_,Check sum is &
test,-#,Check sum is 0
test,di,Check sum is -
test,zc,Check sum is =
test,Ab,Check sum is C
test,X\,Check sum is T
test,w<,Check sum is S
test,gT,Check sum is [
test,=o,Check sum is L
test,%t,Check sum is 9
test,?g,Check sum is F
test,66,Check sum is L
test,h#,Check sum is +
test,Xf,Check sum is ^
test,"S
",Check sum is =
test,?(,Check sum is G
test,=v,Check sum is S
test,31,Check sum is D
test,*0,Check sum is :
test,v|,Check sum is R
test,Se,Check sum is X
test,9K,Check sum is $
test,)\,Check sum is %
test,!%,Check sum is &
test,JB,"Check sum is ,"
test,Fm,Check sum is S
test,u(,Check sum is =
test,eF,Check sum is K
test,"p""",Check sum is 2
test,Zu,Check sum is /
test,yD,Check sum is ]
test,Vi,Check sum is _
test,"o
",Check sum is Y
test,N9,Check sum is '
test,"[""",Check sum is ]
test,h/,Check sum is 7
test,*g,Check sum is 1
test,N),Check sum is W
test,/v,Check sum is E
test,'e,"Check sum is ,"
test,c$,Check sum is '
test,F5,Check sum is [
test,P&,Check sum is V
test,L;,Check sum is '
test,~K,Check sum is )
test,aV,Check sum is W
test,5P,Check sum is %
test,Xb,Check sum is Z
test,wC,Check sum is Z
test,k~,Check sum is I
test,5M,"Check sum is """
test,)y,Check sum is B
test,N@,Check sum is .
test,k{,Check sum is F
test,_6,Check sum is 5
test,;;,Check sum is V
test,n$,Check sum is 2
test,"""~",Check sum is @
test,zj,Check sum is D
test,4>,Check sum is R
test,_!,Check sum is  
test,"e
",Check sum is O
test,ow,Check sum is F
test,5j,Check sum is ?
test,xV,Check sum is .
test,I5,Check sum is ^
test,-P,Check sum is ]
test,GS,Check sum is :
test,mz,Check sum is G
test,"U""",Check sum is W
test,E_,Check sum is D
test,hA,Check sum is I
test,jY,Check sum is #
test,\X,Check sum is T
test,Md,Check sum is Q
test,+~,Check sum is I
test,~=,Check sum is [
test,VX,Check sum is N
test,",p",Check sum is <
test,lw,Check sum is C
test,>},Check sum is [
test,H(,Check sum is P
test,M5,"Check sum is """
test,<<,Check sum is X
test,+H,Check sum is S
test,G),Check sum is P
test,_f,Check sum is %
test,!~,Check sum is ?
test,*.,Check sum is 8
test,:-,Check sum is G
test,!1,Check sum is 2
test,~h,Check sum is F
test,Ol,Check sum is [
test,u!,Check sum is 6
test,=},Check sum is Z
test,>>,Check sum is \
test,H&,Check sum is N
test,%',"Check sum is ,"
test,b/,Check sum is 1
test,"-,",Check sum is 9
test,u},Check sum is R
test,"+""",Check sum is -
test,{e,Check sum is @
test,RA,Check sum is 3
test,'&,Check sum is -
test,9#,Check sum is <
test,As,Check sum is T
test,/h,Check sum is 7
test,v4,Check sum is J
test,vG,Check sum is ]
test,=*,Check sum is G
test,TF,Check sum is :
test,+),Check sum is 4
test,:0,Check sum is J
test,n\,Check sum is *
test,k5,Check sum is @
test,pw,Check sum is G
test,6x,Check sum is N
test,D@,Check sum is $
test,[b,Check sum is ]
test,72,Check sum is I
test,'W,Check sum is ^
test,Gu,Check sum is \
test,$Z,Check sum is ^
test,ki,Check sum is 4
test,"3
",Check sum is ]
test,F.,Check sum is T
test,`9,Check sum is 9
test,<r,Check sum is N
test,VQ,Check sum is G
test,Hf,Check sum is N
test,-T,Check sum is !
test,dc,Check sum is '
test,";""",Check sum is =
test,[S,Check sum is N
test,m],Check sum is *
test,|2,Check sum is N
test,dr,Check sum is 6
test,",P",Check sum is \
test,#L,Check sum is O
test,e%,Check sum is *
test,c|,Check sum is ?
test,BY,Check sum is ;
test,Jr,Check sum is \
test,pn,Check sum is >
test,"*
",Check sum is T
test,5f,Check sum is ;
test,)J,Check sum is S
test,Q?,Check sum is 0
test,	Y,Check sum is B
test,a?,Check sum is @
test,m{,Check sum is H
test,ex,Check sum is =
test,`/,Check sum is /
test,km,Check sum is 8
test,zc,Check sum is =
test,?O,Check sum is .
test,`Z,Check sum is Z
test,l*,Check sum is 6
test,tN,"Check sum is """
test,`M,Check sum is M
test,#Y,Check sum is \
test,^I,Check sum is G
test,&P,Check sum is V
test,Xn,Check sum is &
test,#y,Check sum is <
test,1	,Check sum is Z
test,8w,Check sum is O
test,8v,Check sum is N
test,"""[",Check sum is ]
test,?g,Check sum is F
test,+z,Check sum is E
test,> ,Check sum is >
test,\a,Check sum is ]
test,tl,Check sum is @
test,lt,Check sum is @
test,ui,Check sum is >
test,+.,Check sum is 9
test,3\,Check sum is /
test, ?,Check sum is ?
test,",0",Check sum is <
test,H>,Check sum is &
test,N*,Check sum is X
test,q?,Check sum is P
test,(i,Check sum is 1
test,lB,Check sum is N
test,{9,Check sum is T
test,&C,Check sum is I
test,x$,Check sum is <
test,;S,Check sum is .
test,0O,Check sum is _
test,!_,Check sum is  
test,"|,",Check sum is H
test,6Q,Check sum is '
test,/i,Check sum is 8
test,'G,Check sum is N
test,>g,Check sum is E
test,7u,Check sum is L
test,(z,Check sum is B
test,^s,Check sum is 1
test,IF,Check sum is /
test,5[,Check sum is 0
test,qB,Check sum is S
test,ha,Check sum is )
test,R5,Check sum is '
test,"`""","Check sum is """
test,hx,Check sum is @
test,X~,Check sum is 6
test,{t,Check sum is O
test,= ,Check sum is =
test,S&,Check sum is Y
test,cr,Check sum is 5
test,ie,Check sum is .
test,!B,Check sum is C
test,m+M,Check sum is E
test, b:,Check sum is \
test,:d\,Check sum is Z
test,UCh,Check sum is  
test,qD:,Check sum is O
test,j[2,Check sum is W
test,]A#,Check sum is !
test,oCl,Check sum is >
test,O(~,Check sum is U
test,u{=,Check sum is M
test,s4C,Check sum is J
test,&o;,Check sum is 0
test,a6	,Check sum is @
test,U6X,Check sum is C
test,-(/,Check sum is $
test,/LG,"Check sum is """
test,Z6J,Check sum is :
test,"+
D",Check sum is Y
test,%#1,Check sum is Y
test, +K,Check sum is 6
test,J*-,Check sum is A
test,K\	,Check sum is P
test,%7f,"Check sum is """
test,w/i,Check sum is /
test,Pa(,Check sum is 9
test,"P,>",Check sum is Z
test,SE[,Check sum is S
test,ADE,Check sum is *
test,)UY,Check sum is 7
test,H=t,Check sum is Y
test,?bX,Check sum is Y
test,88A,Check sum is Q
test,7eJ,Check sum is F
test,^>F,Check sum is B
test,p:x,Check sum is B
test,721,Check sum is :
test,(H^,Check sum is .
test,]cz,Check sum is Z
test,"^
W",Check sum is _
test,*qj,Check sum is %
test,%Hu,Check sum is B
test,v~r,Check sum is F
test,KA?,Check sum is +
test,(z\,Check sum is ^
test,+Z>,Check sum is #
test,9;o,Check sum is C
test,^	G,Check sum is N
test,Ar-,Check sum is @
test,hpZ,Check sum is R
test,C0N,Check sum is !
test,+_},Check sum is '
test,7pS,Check sum is Z
test,VB[,Check sum is S
test,I$i,Check sum is 6
test,G17,Check sum is O
test,e:2,Check sum is 1
test,%r&,Check sum is ]
test,L87,Check sum is [
test,Qkk,Check sum is G
test,JcU,"Check sum is """
test,VO ,Check sum is %
test,OT<,Check sum is ?
test,oNH,Check sum is %
test,y5u,Check sum is C
test,f\1,Check sum is S
test,Ii(,Check sum is :
test,"zM,",Check sum is S
test,vn_,Check sum is #
test,ova,Check sum is &
test,XH;,Check sum is ;
test,J]\,Check sum is #
test,F<T,Check sum is 6
test,<m/,Check sum is 8
test,	Rw,Check sum is 2
test,jZ{,Check sum is _
test,GZ0,Check sum is 1
test,cZ$,Check sum is A
test,c8R,Check sum is M
test,=9+,Check sum is A
test,)`h,Check sum is Q
test,>|%,Check sum is ?
test,b)U,Check sum is @
test,]t9,Check sum is *
test,Ld>,Check sum is N
test,kP9,Check sum is T
test,"a	
",Check sum is T
test,{WK,Check sum is =
test,&g ,Check sum is M
test,$X},Check sum is Y
test,{te,Check sum is 4
test,!aP,Check sum is 2
test,^^+,Check sum is G
test,"}v,",Check sum is ?
test,cN	,Check sum is Z
test,#J5,Check sum is B
test,d5?,Check sum is 8
test,dir,Check sum is _
test,=~l,Check sum is G
test,eO|,Check sum is P
test,!jD,Check sum is /
test,]S#,Check sum is 3
test,i;P,Check sum is T
test,"i""_",Check sum is J
test,Sz6,Check sum is #
test,"
Lf",Check sum is \
test,"h
p",Check sum is B
test,*AZ,Check sum is %
test,B8),Check sum is C
test,R/x,Check sum is Y
test,d|5,Check sum is 5
test,rZb,Check sum is N
test,CU3,Check sum is +
test,hl&,Check sum is Z
test,fK.,Check sum is ?
test,Ck*,Check sum is 8
test,.<k,Check sum is 5
test,GA6,Check sum is ^
test,Tq},"Check sum is """
test,m	6,Check sum is L
test,ihh,Check sum is Y
test,+:%,Check sum is *
test,Be	,Check sum is P
test,qXM,Check sum is 6
test,"	
c",Check sum is V
test,`_d,Check sum is C
test,|b2,Check sum is 0
test,1%-,Check sum is #
test,{!v,Check sum is 2
test,Wn>,Check sum is #
test,@f-,Check sum is 3
test,w\I,Check sum is <
test,6K	,Check sum is *
test,q&1,Check sum is (
test,j.&,Check sum is ^
test,jIk,Check sum is >
test,P{ ,Check sum is K
test,M6G,Check sum is *
test,OR3,Check sum is 4
test,WFF,Check sum is C
test,jSh,Check sum is E
test,2l4,Check sum is 2
test,JlK,Check sum is !
test,n(S,Check sum is I
test,M`_,"Check sum is ,"
test,vkQ,Check sum is R
test,$U],Check sum is 6
test,1&l,Check sum is #
test,CBp,Check sum is U
test,7R/,Check sum is X
test,JR{,Check sum is 7
test,dc0,Check sum is W
test,-?2,Check sum is >
test,J74,Check sum is U
test,!=3,Check sum is 1
test,kny,Check sum is 2
test,?Ya,Check sum is Y
test,*5s,Check sum is 2
test,}rs,Check sum is B
test,Of1,Check sum is F
test,	|j,Check sum is O
test,"	
@",Check sum is 3
test,",_E",Check sum is 0
test,oI	,Check sum is !
test,UgQ,Check sum is -
test,}xc,Check sum is 8
test,Bf4,Check sum is <
test,T#i,Check sum is @
test,Og6,Check sum is L
test,8K0,Check sum is S
test,C&x,Check sum is A
test,rp+,Check sum is -
test,97Y,Check sum is )
test,Y~q,Check sum is (
test,-G=,Check sum is Q
test,8o[,"Check sum is """
test,"|*""",Check sum is (
test,Xiq,Check sum is R
test,OGA,Check sum is 7
test,.':,Check sum is /
test,GO6,"Check sum is ,"
test,I*I,Check sum is \
test,{h@,Check sum is C
test,'O3,Check sum is I
test,#`u,Check sum is X
test,6h	,Check sum is G
test,q[Q,Check sum is =
test,loP,Check sum is K
test,~MK,Check sum is 6
test,ehk,Check sum is X
test,KgU,Check sum is '
test,Jb.,Check sum is :
test,"
Wp",Check sum is 1
test,"5,~",Check sum is ?
test,S7@,Check sum is *
test,cg_,Check sum is I
test,:J_,Check sum is C
test,m%[,Check sum is M
test,;[t,Check sum is *
test,PT(,"Check sum is ,"
test,0O+,Check sum is J
test,"$""S",Check sum is 9
test,Xcp,Check sum is K
test,l/Q,Check sum is L
test,D}7,Check sum is X
test,Z9R,Check sum is E
test,{v	,Check sum is Z
test,S6s,Check sum is \
test,q)n,Check sum is (
test,9?I,Check sum is !
test,0Us,Check sum is X
test,([o,Check sum is R
test,|Hy,Check sum is ]
test,PXg,Check sum is /
test,M{r,Check sum is Z
test,}A3,Check sum is Q
test,bv?,Check sum is 7
test,)@c,"Check sum is ,"
test,7U*,Check sum is V
test,:)3,Check sum is 6
test,HG\,Check sum is K
test,Hl9,Check sum is M
test,"
0A",Check sum is [
test,-aC,Check sum is 1
test,E$x,Check sum is A
test,t5w,Check sum is @
test,V|%,Check sum is W
test,~8{,Check sum is Q
test,@i#,"Check sum is ,"
test,;m),Check sum is 1
test,"6o
",Check sum is O
test,A$(,Check sum is -
test,m$w,Check sum is (
test,I#1,Check sum is =
test,$KY,Check sum is (
test,i}Q,Check sum is W
test,"
5^",Check sum is =
test,;1n,Check sum is :
test,;	.,Check sum is R
test,"jg,",Check sum is ]
test,	#7,Check sum is C
test,"4`
",Check sum is >
test," G,",Check sum is 3
test,\3;,Check sum is *
test,[R_,"Check sum is ,"
test,9p(,Check sum is 1
test,VJV,Check sum is V
test,zE',Check sum is F
test,Ubv,Check sum is M
test,C3w,Check sum is M
test,s	h,Check sum is D
test,6]v,Check sum is )
test,N6Q,Check sum is 5
test,0Ga,Check sum is 8
test,f>.,Check sum is 2
test,"JZ""",Check sum is &
test,m.},Check sum is 8
test,:c|,Check sum is 9
test,ax|,Check sum is 5
test, 2B,Check sum is 4
test,|*~,Check sum is D
test,[RH,Check sum is U
test,K;Z,Check sum is @
test,")q""",Check sum is \
test,~&g,Check sum is +
test,<!Q,Check sum is N
test,Hd],Check sum is )
test,1}D,Check sum is R
test,}WH,Check sum is <
test,Z86,Check sum is (
test,Ow*,Check sum is P
test,DaD,Check sum is I
test,h[N,Check sum is 1
test,_}+,Check sum is '
test,QCj,Check sum is ^
test,QHW,Check sum is P
test,LX@,Check sum is D
test,[85,Check sum is (
test,xxk,Check sum is ;
test,",SL",Check sum is +
test,\Ih,Check sum is -
test,Ahi,Check sum is 2
test,oBT,Check sum is %
test,zpl,Check sum is 6
test,_VC,Check sum is X
test,:Xn,Check sum is  
test,oKF,Check sum is  
test,qsF,Check sum is J
test,*<!,Check sum is '
test,",Z:",Check sum is  
test,.LW,Check sum is 1
test,C~',Check sum is H
test,4Kf,Check sum is E
test,+Hz,Check sum is M
test,Y<},Check sum is 2
test,&-=,Check sum is 0
test,j	P,Check sum is #
test,Lz1,Check sum is W
test,	LM,Check sum is B
test,\pq,Check sum is ]
test, `x,Check sum is X
test,L{@,Check sum is '
test,ffc,Check sum is O
test,o)a,Check sum is Y
test,6x.,Check sum is <
test,Wo4,Check sum is Z
test,so@,Check sum is B
test,{Lw,Check sum is ^
test,AB),Check sum is L
test,oO^,Check sum is <
test,	Yy,Check sum is ;
test,'or,Check sum is (
test,Kl=,Check sum is T
test,BB;,Check sum is _
test,P?J,Check sum is 9
test,6A1,Check sum is H
test,-1g,Check sum is %
test,"b1
",Check sum is =
test,BwO,Check sum is (
test,cbo,Check sum is T
test,qXN,Check sum is 7
test,\)#,Check sum is H
test,$w?,Check sum is :
test,KJ/,Check sum is $
test,a u,Check sum is V
test,[3),Check sum is W
test,V~@,Check sum is 4
test,"+l""",Check sum is Y
test,mrq,Check sum is 0
test,*wG,Check sum is H
test,Z'&,Check sum is G
test,}L-,Check sum is V
test,\EM,Check sum is N
test,M:0,Check sum is W
test,rk~,Check sum is ;
test,y`n,Check sum is '
test,/r{,Check sum is <
test,$EQ,Check sum is Z
test,>W\,Check sum is Q
test,+5Y,Check sum is Y
test,W^0,Check sum is E
test,)Hm,Check sum is >
test,CqN,"Check sum is """
test,(i',Check sum is X
test,'5h,Check sum is $
test,G&-,Check sum is :
test,04M,Check sum is Q
test,a]u,Check sum is S
test,~`7,Check sum is 5
test,[>e,Check sum is ^
test,Vg>,Check sum is [
test,ZQ^,Check sum is )
test,Bau,Check sum is 8
test,5iD,Check sum is B
test,4QD,Check sum is )
test,1.l,Check sum is +
test,",b'",Check sum is U
test,x&*,Check sum is (
test,Q69,Check sum is  
test,*(o,Check sum is !
test,wfN,Check sum is K
test,Ub=,Check sum is T
test,%za,Check sum is  
test,j@J,Check sum is T
test,weG,Check sum is C
test,ZC`,Check sum is ]
test,4`/,Check sum is #
test,bK%,Check sum is 2
test,vwE,Check sum is R
test,DR),Check sum is _
test,	'D,Check sum is T
test,_%g,Check sum is K
test,"! ,",Check sum is M
test,Z+;,Check sum is  
test,x\=,Check sum is 1
test,d -,Check sum is Q
test,#s|,Check sum is 2
test,wK0,Check sum is R
test,dIb,Check sum is /
test,7?O,Check sum is %
test,+6	,Check sum is J
test, }P,Check sum is M
test,b4a,Check sum is W
test,sgf,Check sum is  
test,g</,Check sum is 2
test,7pC,Check sum is J
test,b|*,Check sum is (
test,2BY,Check sum is -
test,&<d,Check sum is &
test,Q+n,Check sum is J
test,9Kt,Check sum is X
test,|zs,Check sum is I
test,VFk,Check sum is '
test,z+%,Check sum is *
test,m!=,Check sum is +
test,",^C",Check sum is -
test,z3V,Check sum is #
test,T]!,Check sum is 2
test,[tI,Check sum is 8
test,7>m,Check sum is B
test,JrD,Check sum is  
test,8l/,Check sum is 3
test,#3Y,Check sum is O
test,+-Z,Check sum is R
test,5-.,Check sum is 0
test,'?J,Check sum is P
test,OD),Check sum is \
test,u)i,Check sum is '
test,0y8,Check sum is A
test,0kx,Check sum is 3
test,et%,Check sum is ^
test,03G,Check sum is J
test,Luk,Check sum is L
test,W:X,Check sum is I
test,A!d,Check sum is &
test,5+&,Check sum is &
test,y-5,Check sum is ;
test,+[^,Check sum is D
test,gf%,Check sum is R
test,ZS:,Check sum is G
test,jk},Check sum is 2
test,"CP,",Check sum is _
test,-JJ,Check sum is !
test,~-1,Check sum is <
test,eL<,Check sum is M
test,uIl,Check sum is J
test,IXc,Check sum is $
test,h/',Check sum is ^
test,U+M,Check sum is -
test,	~n,Check sum is U
test,d`	,Check sum is -
test,f}b,Check sum is %
test,nu>,Check sum is A
test,"O
-",Check sum is &
test,:.?,Check sum is G
test,"I""\",Check sum is '
test,9{M,Check sum is !
test,xMu,Check sum is Z
test,Q!H,Check sum is Z
test,m.[,Check sum is V
test,"""fO",Check sum is 7
test,I[},Check sum is A
test,sTe,Check sum is L
test,wS`,Check sum is J
test,"8 ,",Check sum is $
test,"4L
",Check sum is *
test,aHE,Check sum is N
test,y%=,Check sum is ;
test,A1C,Check sum is U
test,E2U,"Check sum is ,"
test,2!K,Check sum is >
test,31(,"Check sum is ,"
test,z:a,Check sum is 5
test,PP3,Check sum is 3
test,x	Z,Check sum is ;
test,bN@,Check sum is P
test,aNQ,Check sum is  
test,pKk,Check sum is F
test,^n&,Check sum is R
test,Bx ,Check sum is :
test,"""Sy",Check sum is N
test,G[b,Check sum is $
test,o<~,Check sum is I
test,A#H,Check sum is L
test,g_B,Check sum is (
test,(xL,Check sum is L
test,"]""@",Check sum is _
test,"
u>",Check sum is ]
test,b@l,Check sum is .
test,ZOc,"Check sum is ,"
test,KE#,Check sum is S
test,g|B,Check sum is E
test,U$h,Check sum is A
test,wNB,Check sum is '
test,dV*,Check sum is D
test,uTt,Check sum is ]
test,6'x,Check sum is 5
test,y^v,Check sum is -
test,l<F,Check sum is N
test,V:p,Check sum is  
test,R#J,Check sum is _
test,myG,Check sum is M
test,?ju,Check sum is >
test,GaE,Check sum is M
test,6/9,Check sum is >
test,3ZL,Check sum is 9
test,S@F,Check sum is 9
test,>|m,Check sum is G
test,h2y,Check sum is 3
test,5#w,Check sum is /
test,l3.,Check sum is -
test,0}S,Check sum is  
test,5Z=,"Check sum is ,"
test,lqn,Check sum is +
test,"6m
",Check sum is M
test,2x[,Check sum is %
test,)b],Check sum is H
test,"0,T",Check sum is P
test,b0E,Check sum is 7
test,K>.,Check sum is W
test,mJJ,Check sum is !
test,T@whW8%1eG1@t&K=x$<~>f#tq)PtG~	'=,Check sum is X
test,o1_=,Check sum is \
test,",*9MF$:djVtwd.LPe&@""Eb<8	)Z",Check sum is 1
test,tZH dsrQhILK}GFDEg=%Gw7@OC4jRD(,Check sum is 7
test,?)1Vwwh; c6H*dbEgAxli ?a(g|_9|~Dj~xum_	,Check sum is V
test,VJ-1,Check sum is ^
test,"ir/]})!D
.q]p  ~yEkhC8bxLGZb/}Q1",Check sum is )
test,W&`9FPPRrp4Dq`} e<w3iNB-M rLelHT]yAx2|;Z}G(f,Check sum is #
test,Ql+P@gO/Q1=\,Check sum is X
test,"a$<
a",Check sum is L
test,";
-Oa)$#",Check sum is 2
test,ljq*8{u!qt-%RO),Check sum is [
test,"0(?9&z@~""TxhToeHgY10?l}uBy=@doH$",Check sum is I
test,F(^XH}#R{=_D7AO_:r.X&7e)au,Check sum is 2
test,-y/Z9dla\U>!H2n^CO )N%'Nr;\,Check sum is [
test,'E3;RgX~f=	b)mq*kR5h4-a!U	F93#$b{&8c,Check sum is :
test,/s=reXa<BluKE&hVE[(YaW#O	Xz?F&RU(U?Y3,"Check sum is """
test,"/E8Yw
S=f}7SS%{i.5Q3>""'^7^.gOWw7u",Check sum is >
test,"`"">0X,4xKHw7+'^dbktix!\[?_P8=<ezGCm",Check sum is D
test,^D<X;7e$V5`w5MU=,Check sum is G
test,"6R""(%lZ",Check sum is ]
test,"3il{1	,E}",Check sum is K
test,"xO#03@eOMrhMt`i 6b#5qftfvH[""^","Check sum is ,"
test,"b%?)F'/@Q[6-)]H%N	AuwpY<%""lbJSTR$S`Xop",Check sum is \
test,"${OS<\#MzRaPT4*<n;VZHqKp,)o8mC[^/iLay/V4RX;a",Check sum is C
test,5:,Check sum is O
test,"lR~L""ySN7vOFd3RrTgmU,jML_-t7Z",Check sum is >
test,266qE!mV*O=i>s:kCn<b,Check sum is \
test,"Wa(KHrkrrH\O'6i0vnyOm~I	N#>,)v11'eE^XyG",Check sum is I
test,OsUlSI=d3&O@\s>$;'%,Check sum is @
test,"P$4s13BaSTG"">mH",Check sum is E
test,}4C0Sb<,Check sum is 5
test,"}'ERv#cilD?2A JRWb(Z#18)tyep'HF
n",Check sum is =
test,"0%#.rj\eWK
_HsIesS?NdI%vz,|JSP2-ub|L",Check sum is ?
test,i6>'OWL	MY:p:TV@~`ow+}wzs9ppq	pu\[,Check sum is R
test,"!W5/[)$m=g""'H|",Check sum is B
test,"6LxI'l{A)
^.zYV>~l",Check sum is B
test,"D&lo9)""MJ#<w nMPyF[{IbCc<Uob4-Q$f+sU6+difMl{<5[ct.",Check sum is Q
test,50l~BeK#I	X+k/8uo5/`,Check sum is S
test,F	kL(}R[eE4peO/\=,Check sum is B
test,B2bRV#4.u}$olY /FK1iadqxBV&pa2{Vu]@w,Check sum is 0
test,aj7UnoP)mOBt6x,Check sum is -
test,u g8k^z%#'IJ*.8dKKH-Q%gLi'yJ6&`x,Check sum is H
test,X0:OL!/[bEMq//fRX^^$,Check sum is [
test,"xy%g$Y BLt&&an
*tD=RR0JJw>iB_j>z=dD!jd",Check sum is ]
test,"/@/@@5xJA%QEgpc{]# /""IKa)=/:7rTT"";lBG,PuJ$O8nB",Check sum is T
test,TW:Nb/i68Mo,Check sum is 7
test,"LS&cT'E
k)y9EzR=1\Pi5:6>;:%^Z#W<5y5L}&",Check sum is )
test,f}-v,Check sum is &
test,"7P$D1){UctcEJ:vM.L
^l1U+/	XEkmx_Ns2",Check sum is 5
test,"+C_m""sgI0S,R@k$3ij}oSM`xmfY{5;8(7uAHAwkf@",Check sum is N
test,)u3,Check sum is 1
test,lM7=/omTiN,Check sum is #
test,K&ZdeQ!$}Q!DBvCb_=>.HdCs4,Check sum is 8
test,@kx2B\ODlO-L,Check sum is Z
test,+9,Check sum is D
test,UAYrKMowtep&%_F*QhniIL[,"Check sum is """
test,"zd
IDahxU]pa:y~`s0d}:57sr0	 88(eC/l>h3\E\""!j.O!+U",Check sum is N
test,7.X&\mUrt<?>}?Lb){-\ '>+.L6&\,Check sum is 9
test,oY8<X_CYx{i7%w)wYtC~2[,Check sum is Y
test,qb*4,Check sum is Q
test,"t78- Y""KZ(c7`V<y*""):cW*:/u>@1JwoJ",Check sum is 7
test,O_$d-oPKIu,Check sum is K
test,"""5!Uo0RD3fGNh^^'+:iz:/#=UX&FvL}JEaq&E+[8>;%PtO`",Check sum is _
test,T`D^xj?W@Ng]B}TF#{Zy9VN,Check sum is '
test,8ivxsqgQ~OY3k`8B)F(,Check sum is @
test,AKk![[56U$H{Yrt,Check sum is T
test,"{{8E]|{$P9=/h!	h[Z3U%UB0I|
-QJT>cm~!dP ccs $T""0""K",Check sum is _
test,")Q&$bI +g#Q:*vhXoj6W]AL`q?]""Q0;k",Check sum is U
test,"w>;@OQd,ye$Mk",Check sum is :
test,oS@bAo\n@Zd(<M a?ts/d__2Ud+E<.1`4keI6k	kIS>}x3,Check sum is _
test,"<q|M""pJf4{Q9CB&]60 1j
WbIAZVPw~Y	'cp~K(XVRc","Check sum is ,"
test,":uVb\jwe=(Z<xN""ei,.!)ai[A=""cY3zG ",Check sum is S
test,"""v2(/I.$$*Ex""Tb`E_/|!+i;U.InGb",Check sum is A
test,"=\(/e4G1IQX:$K)VCAL@{]0~	,Bj- n|#Hq",Check sum is E
test,"a~Qk""l",Check sum is I
test,"V8|'
l(kOZ{0o)
0Bxc!%cQ-PXTN<bHcp
G}Px,NWY'1Z;HN",Check sum is J
test,"4B' &`m;A.g|[U*.1@8lDf7)QoPLeaNj\""hF",Check sum is J
test,"P2d%1J/{mo:$K&o*]NX,\@	y	$nCE",Check sum is D
test,KhzQ% L,Check sum is /
test,D[ii,Check sum is Q
test,{4Z1Mt2#A[zXvMWZnZN?}-bd/,Check sum is F
test,1t\4,Check sum is U
test," N<eWEYC(/w?L,#F,!mAn=,j'-0k)A",Check sum is *
test,qWV rSn8	PDV,Check sum is <
test,SeDP:eP KiNe.D0kG*C,Check sum is #
test,"=7#(/he5E;ZjI4?4g1
SrJ^p,=","Check sum is ,"
test,+V%,Check sum is F
test,"o.&}okx$t@Pp,k~?p]@jE",Check sum is Z
test,>tR&1m$?!k7OfK.G&sRe	l*)Dr<,Check sum is M
test,^WjYJ[J0?I|Q0xVfMiOD0M)TB6*@X,Check sum is -
test,#<D]$X'THFh,Check sum is M
test,"`HscWyU?@@ '*!y`0YA_
@SG8hDfQ9EV[LX d0<e,^xFdn#qdr",Check sum is A
test,"C~=hRHe *{""VRk#\-Uq:Y-=8N0( krxNLW|kWa",Check sum is Q
test,"
OLuSN3.:s6E:;p9,}C!H!x	Q {a",Check sum is F
test,"xBd	IC5F_
EGsZW~ L-i9hO,2=TE2Z`!{",Check sum is S
test,Mi~_o*B;H][SApcT%~4!HaL,Check sum is 1
test,;c=!.4P4 R)\+a8(7&^W)lqxv?nQG^X4~'Uk;,Check sum is :
test,qP^jN,Check sum is 7
test,"(
#w'#lDqRE^&'|.MVL7	97T)k93d:E",Check sum is Y
test,CCPf6L=w[z_E|U,Check sum is \
test,4ex2f|U[V(wd&s<64zX3S7pq5U*<^)#M+f2,Check sum is '
test,WJKrMq|;h(6>Tc,Check sum is .
test,"vh2lc#FXvi5""""G_8XcM
c
`6",Check sum is K
test,"bv,I$]q%r \XR#`&H%jdb~+QFT&Sr",Check sum is !
test,"os:+v_;;l[o*S
",Check sum is /
test,L0hL-^xAtIs>SW5b*`d-'yumZ2j^p:,Check sum is ^
test,gseUzn`,Check sum is <
test,"$j`""O_aSI;>#Tia",Check sum is U
test,!08!0UC~z{=%2x+{|$|k~4N'_E%)@\v*+n2w7f%sc|;&e?{,Check sum is )
test,"b{&$vauz4P`[d Z~'D2=Xuw+b,$.",Check sum is Q
test,"S;8e<<_]K:! 5$,+""D:Ep3O,jM],aE7&`H",Check sum is #
test,"I*-&]C)*Gm	fCwvnYBWCc[MmW\Tj""[=thkeM7Bw$_SzdrF`",Check sum is '
test,Ki~K~S@N*RFx%Z<_^wc>n0pl\4iu[`?w`DK)h/YC!9,Check sum is D
test,x}2\h7Qv)2.0R*XUY}3o,Check sum is #
test,yI$#|!>&As,Check sum is ^
test,"aM|,=3dZ7kxMh)1!R+xzQ	?",Check sum is 6
test,"zTc-#,\Ng5K3]XtO'(]<PqlhD1",Check sum is ;
test,"NB~#YU1#y
,=GHt)go*\.DH7;X=<OCJQ`L\,$",Check sum is I
test,Lv zO>4FjxGK.j^U'3nUES6h$KKa[i9nVKh3!/ls$A,Check sum is +
test,JK91ue_,Check sum is X
test,iS2^=1m~s0Q=,Check sum is 6
test,"nwEG=K- :O=*Cw
]-AeE'\--oJG1H
W/
<s	Rc","Check sum is ,"
test,"Kt1H8`9(Yh>""!F2YN8)8i)'",Check sum is D
test,5qB-Bz}$F'@3y6MaD9^fe&iPAFE0hU9o	+Z]B`a,Check sum is #
test,6%W vMmvA/'c(M	0Fc^K3N.%\&@x,Check sum is  
test,](F*-tZcF1S,Check sum is =
test,H:OOlb,Check sum is N
test,Rk9N,Check sum is $
test,".Vo*B{r-I?1h<98iS,	""YvH.",Check sum is ?
test,"\;o_CGu9iw/}F|y,:WwbC",Check sum is ]
test,Vx{fcqv&oC?Q&B:R~?3HlqNMw^%,Check sum is _
test,Sh!eZ!%,Check sum is A
test,"nE\xl[!<J.m/6&n6;]09,DLs8pX5ad3k}wa2S
[",Check sum is &
test,`nsen4+,Check sum is S
test,zK|n#Cu!cPW~vXo*]m	,Check sum is M
test,r	,Check sum is [
test,"=GK=! J/_yPL
4jP$zW""Si$:)uF+o$}7g75H",Check sum is 4
test,m?k%j3!\;/NPO#_C Z:y&wnEi>?{jg8ljG)	/y),Check sum is Y
test,"L5Uz]g:#j}gt,N",Check sum is M
test,"z>0r<1H	bH:Qr]t-Us,VrL",Check sum is %
test,"wEtsbhfTU<['dY\823-V

a^k93Fn)aYr+'""E?|w#R!*/]",Check sum is =
test,k^M,Check sum is 6
test,"&?%EEN|VqZ]B$hLvi
ax]<qZ-k/6XlUybp8sb/o2Q3 &5	x4L",Check sum is :
test,"x
:kbp?'M1n/O>6:)nDzaCHU)&^M^x?YU_",Check sum is I
test,"}qa\3*n*\__z|;q(L^{jO&S(hg
]V/lBKS^G5w<d",Check sum is [
test,]y)`_G&dp+G6QDqg+Pfu@,Check sum is J
test,"!l&cong@Emuo""MeA;2E_XXN\`I",Check sum is 9
test,x(F%	:\MJrA;nTgGoTcgK$LyKtH <E\Vo#,"Check sum is ,"
test,"0F1k$JNQ7@nFNAfdA}""~K5dAwA,F{@GNj",Check sum is *
test,"m=<VA/)/p]j?>@9hN,_qZ1",Check sum is N
test,q9S0~,Check sum is K
test,"q)	nCbC\;+CHFZ,",Check sum is 2
test,|iGH4kt#9b,Check sum is %
test,"}4nsyf_<X7+8wq.Ch*26(]hf
&'TV>zc,hS}6T.~g",Check sum is !
test,"b
Q/'HP4{x*7^J?<""Oo2PHWDU.Tgh\/,[WY*b$b(\)t|3t",Check sum is 9
test,"z<Y,#&[BS=3KH%Z2e<[sqNMJ2DN7IIi|bV~e%5_90M>Rp&q(5",Check sum is =
test,";8g_"".j{CY\4M:k GJ&8(bZyUMq;1+JX,lF^3~2a*~@Y Z7'KG",Check sum is O
test,"Ze5""",Check sum is 6
test,"GV
)3
3CL~""1_8[f]x+p?4S66A~DrRPJQ:^rJ
sU]~M5",Check sum is /
test, iPWnkBU}tXg,Check sum is 0
test,N2h0g$S{Vf-d.f\FyLG +P$QD^Xw^1=m:i&0t,Check sum is G
test,;%zxoT;O]\bw,Check sum is Q
test,"z	""1SEXu0+]NKP1>7/BUx	N| ""cKo1voNNT	+g^Iz",Check sum is T
test,"|9N0ZxW?cxDR;-7<D[C4$qi*>$c ,IC>b];/1P(eb:X)B",Check sum is 6
test,%$^p@r,Check sum is )
test,WF=el<0 4jC$%F,Check sum is G
test,"/FRTm\yYl""!,Q8",Check sum is :
test,+Fic,Check sum is ]
test,"
<4/RSVD_BRD^QCS1tY.o<lIb",Check sum is 2
test,"N	p[
YxE`ySo-",Check sum is *
test,"PF}_e_aH?JcG;,~L~',_,c#+n1PjQ#M]|B6DXqqN",Check sum is '
test,z{o\(&,Check sum is .
test,{hCz	Ys6	!hEupZ_~49,Check sum is +
test,"L,O,J)}XLtx,zw|x/*%fLEE",Check sum is ^
test,p.\,Check sum is Z
test,"b1k}.xX""s?kyD=A\	L#Ba",Check sum is J
test,"z7U}rG U&esrg#6'X\=AZRq)aT(2:GtiSaoiy'H+~A""",Check sum is M
test,"Phr-}a^x/g,r7",Check sum is V
test,s<Y',Check sum is O
test,]>rEpz5,Check sum is Q
test,"KZ	oqK|zM[d
u]B5$ZHZmEOfR
",Check sum is 1
test,"|x|}hiaI)C<]8^""F;cN>W`kNmV",Check sum is (
test,w*u+xh\,Check sum is ]
test,#UTZWOiO#,Check sum is G
test,"yB4""Xt%!*@TZg%UFS",Check sum is U
test,".,j[4TB~:@=&K-{_hC3>x<LaY/ZXf,eGmJ)3wZ9#s}",Check sum is [
test,"T?;PS&ATv|dEl2NrQ""B3TwO@y{}?:.hsX,R%`cA?l[@941",Check sum is ]
test,i	d>-H`	iXL:$sr<Z_ue}xM5t9},Check sum is R
test,i%o8=ze:/]0`>u$af1@Q|8\yocc,Check sum is %
test,"'f""E7x^bnC#5V(ZR{cehvYlUJ&	+?puF-","Check sum is ,"
test,DPYCT RfI#>0MuU(*px&D[W=JR\6-x?oZg7iG,Check sum is )
test,"
 L,n;Ku*B&I&.R	?c+\b
c",Check sum is -
test,"O1*~|
oP&+[KY7g/>XZ
i",Check sum is M
test,"(r-]RYjO1O;]""k",Check sum is M
test,"f/CMaa]#|kOuks}0|.Pr""!H20k|%p+Oi/t`wf\",Check sum is 1
test,"TETG%@BKR)~%MVr UQ1L9Kx[JO,4`B7,"".`n.9 NwX ATHH",Check sum is X
test,"O/J>Jzb^>@Q27""Iq?<	%?MPx3AH(EC{q_=I0kdE7'9
rh",Check sum is 7
test,"y`U-
V\w7#Sk`${3ly>jkijDTj,N(^5i4d6\:H?Qh.h",Check sum is ]
test,",k()lb,=_A!l6","Check sum is """
test,"8G%IU
\)w;m2|<""#UG",Check sum is [
test,(4uAc&%u`wE%~hZ;oYEaa/5l,Check sum is 0
test,"bN 6ZZDXIIEqnwqBv*m89$|l/pL!9
)D(WtP",Check sum is _
test,:lk220&;IQe#s(;wjZl7!BZH]h,Check sum is F
test,%OxwB?%/Yf{$cFW)wX&]&?iuM}2R_tJOzgw(-[1=T,Check sum is 8
test,"1r:g ;@x/zK5	vM?YFK,By{;WX=S]$h<",Check sum is V
test,":?k\`,fAZO_?JF$oMRcfQDBI~::Xv_xYUVMyWs7_,#S<SKl",Check sum is .
test,>DE_;3GYycaq1?/d,Check sum is E
test,-r8KJ*t,Check sum is *
test,"b}M]NHy;h.N)`@y`iTz[$'?#32!?7a
RjW$N]Z	 j6+4]",Check sum is  
test,"9q j|!""T",Check sum is '
test,":W;,tVp:A`;8zI*7QZR}2HN9j3CLo0a:e8$LU",Check sum is G
test,"M,P\""-Wm4:peb+j+;\tpp1Boe9{$Xe0/4pXLiS]At$[c",Check sum is [
test,"q%>a`O{0O7_]q<aM1
&{hz@.<1J",Check sum is /
test,`~'$TR.x6drE:?7+#bB$%+A@/K]HT#}ee8YPT,Check sum is O
test,LI|,Check sum is 1
test,y!~sd$3Nu'KS$#+=OP(K2nl>PRV,Check sum is 1
test,$@v:a>xg,Check sum is 2
test,"xl!lfxmfo]q,Xq@80Lcnc
W",Check sum is =
test,"enxF,898L-2_KTXr_ZAm@JmuXvY7&V/iEn~2HX:.CZ&c%S}4o",Check sum is '
test,")deq5y&.)gf87yy# 
(}p2V""WyV?Pg9,OQmur7r2?b",Check sum is Y
test,dgQ7>#(neSgjwmb3,"Check sum is ,"
test,2&}A(6b$!#D0<aS	gMT2qp9K0'HU.J},Check sum is S
test,$Nn-9`znX,Check sum is F
test,bOt%bC6py_1*7,Check sum is _
test,":guA
59vxnd9Y#$a34nP""!uJ*,6NM\m_[bYoV12_f","Check sum is """
test,"a~]riIyN4/M<.,Jto&pb*`%]iD)KdauO+G=w",Check sum is N
test,"VC5x2G\?hLOQ%iG}yZ,!cDd=-=d`snKk",Check sum is M
test,4'0g3jr1_Uxuwo/\qAwM[(u,Check sum is R
test,-Z sCljbatuS,Check sum is R
test,"-
I(h+sr\jOS(%5LY<#",Check sum is .
test,"`U:Vc {s n{EP6@	Dy
?_L=>uJay[A~}",Check sum is O
test,$u5B{Jn4;R0Sr`b@@e^Th~4M,Check sum is Y
test,>-C8Jta(Zdc(,Check sum is V
test,(?*,Check sum is 1
test,\2BHi%8s%+,Check sum is A
test,#Qjvn>:y@&<TN7u?[)P,Check sum is V
test,=TN;BQ_I'ZFRuzA},Check sum is ;
test,<dOj)g6tDEG,Check sum is C
test,7jh4$IBxH\igKOgDE2GEtFu>OGsPZ@$oKCwB6yXR/)],Check sum is H
test,"xczi!kMf)	b p"".@45I#XjZ",Check sum is B
test,",.)*z^B}N{}bRk./F1
E;9W?)Vr5V'u{",Check sum is I
test,"hu;l!Nq:j5BO3mrOq^E""ph^>rxh{V",Check sum is \
test,"M}`9}kfQtlRW,^TVadEg8=w7OsRw!EM9v{H`",Check sum is C
test,wrV,Check sum is _
test,"H,7*	cP:Y^/{%%'@%-8cHzLN~Yf$6(kH\!)CC2+O",Check sum is P
test,d%,Check sum is )
test,"7F-hiDRC*h"",\2""y[gSlR1w
-	'Tnm",Check sum is N
test,"oC}n""I,Y`MWrU8Z9\jg`#n[pTEJ/i!K7:(@+",Check sum is W
test,"HG
a\r9&$tu""~TLGFgg?g*&j6y:v[&9wL(|""t0*",Check sum is ?
test,"{+:9@9.CH(j<M`b#J@Y!P1]Sciql'y:1B LT
yu`<d",Check sum is N
test,yJG\@,Check sum is F
test,ej'$bB>7Lw(sn1FS>QfcK5CJg~>-W{>Ik?||-8!;D,Check sum is ^
test,wgWt% T\,Check sum is >
test,"^!qsFr2\bhvatqw5|}0rEYh2*b? [#m+.j+e A<3pr,J4
B!%q",Check sum is V
test,"M{'U2Yly6SM=	nF.E8vL'gB:2Tqx,e({;=BW,GSeTtd""(KTi",Check sum is 8
test,","" x~'Z$aaFhGsUt@M0A-. bpLo7gRxH[]9Z/vM/y8sIZ",Check sum is E
test,"
`*vCUK@""OH,zgQQbX;SK4Up%.4)n'Y+rHckZp $n\8kc73",Check sum is Z
test,"*o|ZL?z!H>\<}>(""[wRs$bo'znNWQO(
9FGsi}ju] ,HCk",Check sum is G
test,"
cA[:[F",Check sum is D
test,"~u}s]Xs
O?)0zTdZp![;\p G#R6	L]KCmE	Mv;wD)/eVIuNx9",Check sum is 1
test,_iKCWjIPM 3-MKDjJuKl),Check sum is B
test,"""L<s""4\DaA!
9:PP2x+lP<r\}58y",Check sum is Q
test,Lyn5vgS)sONs_pO`u{O,Check sum is !
test,"g
}8TV47",Check sum is [
test,L:.1MQ$f^ceo`UC+iApbNRn:#=@*bj^ \94,Check sum is F
test,"fv~F>P
7.yLKqfyCx9;-$bA._i\)5WmA",Check sum is 5
test,"oX""%>Z6liR3r[#z",Check sum is @
test,"vw0#VWQc&g /J/g<<zqIfl""@O!#m%5""*e(it!9Y_8[z.(yZ",Check sum is 5
test,":A#vc2B~zVCdQ^hy#S^44c#Wxt~=>38tT:ns,#%B^yT",Check sum is =
test,"[? 
|*)#_!_&21INCFEDxGJ""ia>ZUFw	669!.;)",Check sum is '
test,9.'kL@7t\s+wYQ;dz?_VROO=]Vq/ *0mg,Check sum is F
test,|S{H74-Sz_wQKzjZVbBy]3;1hh7@YdL{`PFzK;gDVW8O Md6Bg,Check sum is F
test,"&
)(.]{Y""dV*w+'=,b+$5Hyq1EVmhP^O://w/OI=?j",Check sum is *
test,"']0Ta{P|[rf:k,+i|70?~/LeX9g+RQyg-&f}_e",Check sum is H
test,"g
c6T%Ah9zd4/BM]	/@q-<]Tg8*N\OYttU`ITYE",Check sum is (
test,Lka	veBvy_&,Check sum is R
test,c*<pQ`)]H:,Check sum is R
test,"${-&N:GbWdF0EB}%`ZC^FyydyGG,aQ>Kkzo",Check sum is V
test,"368>+,q}9=,_9b",Check sum is  
test,"k""bz]Vu2do!fpK
y""6?EfPq~",Check sum is <
test,Kw,"Check sum is """
test,pb>WYP0JXIY}'V&_hh8A|B#k%Yjerz0	liVz!Q;um=,Check sum is [
test,-T_HSWYf0dDlf2gpUB*xx%u>ZtxN,Check sum is A
test,"X7=e[[c*Uwll{dDA[?7O 5kRTS)7v7|@K0riF6Q`FEf8L5w,",Check sum is N
test,K<:0JBEP5,Check sum is '
test,"tp,a&2WG",Check sum is G
test,>rA~*.}ow7]Y&{$(=TjNbS<Ybz,Check sum is S
test,"GN<G^Gse$5XdA@?qo!0UYot<,F.MOj# w$zmRfx!e6lewbwY",Check sum is Y
test,*:K9#5oX&ELo5JUu&Zo}3h4RwF,Check sum is  
test,"vnHbd.I[2;z@""MM$='j7x",Check sum is (
test,"$|) IN]hf""0:YE#V6qVr06*,ouB\Wl",Check sum is ^
test,"oY+(B0o}TFdncXru:-hG""&)<R+Rj03MixmbfwR7xsF",Check sum is Z
test,|O5Csw`U[ vfOAN>g>p/ISNXGaP,Check sum is 3
test,0Dma,"Check sum is """
test,nrFjx]fdqV-gO#/:^A+H|wH-Oo-_U~!^RN;;KV^s<,Check sum is _
test,"7
IRPzF^W=",Check sum is >
test,"8	Y6bG/A42ZVDL^\#I1p$_*]<c`y3~<s&b1k\z:A	Zn""0kZT:",Check sum is C
test,"&^B-7g9K8HCRj:Of0]{UW;,Acz",Check sum is \
test,"UJ||p?zVF]&:.;?W_Z^LYpk:,/^3uRVwb\k>LK>.A~V.	=?",Check sum is ;
test,"<	MqBB2\[?Vvt;LX=xoNQ4z5K(O&L-g._21LE '\!Hv2Y""j5",Check sum is +
test,"Vo~yOUOpU'4~v])aaT""gF	P",Check sum is '
test,GX0#mqVrTQY?A7X,Check sum is E
test,8ek7|eB=,Check sum is ?
test,@c8q['*z4R)).<*,Check sum is >
test,8HN&M~o=CN1c k08QI~A3AcN%a#WUzLZ)p8cbza,Check sum is G
test,q5V:qjd&>,Check sum is 9
test,"vu}HS!Qm_kqWHnq~G""@1SmcVnh","Check sum is """
test,"EdLxH,
-09dv",Check sum is ;
test,"SC3kBe"">l9/H8*@OW9M^<y:)",Check sum is ;
test,"#
.Ko7gJ|)yHt^:}lJakqVgO1C""'	6u4Nnu|_%GE[$","Check sum is ,"
test,"{_;Q&s21{zXCZk^@VBuzF""WC+""(UgrH][){m*)",Check sum is E
test,a!D;R(%RxO}AYu/+LmOUv,Check sum is R
test,r) }s<M,Check sum is T
test,"|v{""B	6",Check sum is 0
test,"Q@+v{?}?ku#	yEDGW@nR
`I}V&){n
!6cPYw{=K.K",Check sum is R
test,}BOz6n=>jm=B@|,Check sum is Y
test,lKhLS,Check sum is ^
test,J#>@^!TX4kK8Ke4^D5vHvTC74dH/5y]y>,Check sum is &
test,h}7O'H~JL&K,Check sum is ?
test,Qf{eVVOW;,Check sum is D
test,"l
X#Rhnb ??N^FN)qTi22",Check sum is 4
test,&WHZi`Vr`p1uSqJ:[p;yPR),Check sum is X
test," LCkH	PUA.56![t+l*a:Qi?
7n}fdgTL)dZX	8""X^K{l	",Check sum is _
test,"~n,	B`igJAkr5Er#Z*=5%y4L+Je/lo<ao#R:z<.8A9:!e21D",Check sum is Z
test,4We=v@t5u2k1X\5Dj--DeH7;Wie9{m3(*ct*}uY;8Ec{|Xy,Check sum is =
test,U&5p0/,Check sum is _
test," k)BW!M}JJ;7?z:3
|!c
Qy_grH:T9^&_@sYJHAS#",Check sum is !
test,"ao@9h2@MUbO{N,Bz
;0L$(t""r/f3l&AChG-)""6,g'@7.",Check sum is 6
test,"nV{2""Rr[alqoZ9u(#$748
	p})4 R9~""	Py.	
",Check sum is T
test,Rs,Check sum is %
test,"tK\@ K,vM5a",Check sum is +
test,"""nVTamUK/IwnjijO5xz.M(|AR%W",Check sum is F
test,WpOc>B/|8FFy,Check sum is A
test,"YxK6oj[yd{[!	PVx""<#s=JpJon7+K",Check sum is  
test,f P$!(]m2k,Check sum is J
test,"mJC+'luA$jeI-T""[,XKMg,E<tg%X{",Check sum is K
test,C'Q=L&$!tUK\#v\w$	dlBUNjv~][o+,Check sum is =
test,"La0~SfE/UTR,`%dSgco",Check sum is D
test,"`C
;[
1I8Yn/>#""h'{!Dg_m({
+BN*[4!	\cl3/E?al~",Check sum is !
test,$TW7._:?`!O	P~2]	w~HI2oAjU/rsZf]P.uP*,Check sum is 0
test,0=|M&DVYpcf~7L vY,Check sum is X
test,P4eQG$|KeVr,Check sum is 9
test,"p""SA9nPCM0zcn%JMmtv$z=XmS1z/?m6Q6l3vT_p!{G_o9Hk,",Check sum is R
test,!Z+Q.Ow{<=GQ,Check sum is W
test,p{94X,Check sum is P
test,"Qn. )&}YV2i/
my\5QC'$\-	zg5zhK'Y<Ph{#CIuF ",Check sum is  
test,"N_2Vf/F@\;,D5-:~q/2IK",Check sum is 7
test,"z$k,> ,F.fGW^7>qCYNviJyiV<!_~8V",Check sum is .
test,"DDSRY""GVn*;$p	]{UJ1tV",Check sum is G
test,"7>VWK(ux
zJ a6ZI (",Check sum is R
test,"N]x|R.Y7Vx
!C_]5fv@c9a:epc",Check sum is G
test,oWiY~a;ab^)ytW77+HK\v#/kHu.5a'>qC^Iy/I#[\oJgtF/,Check sum is  
test,az+E_0h^hI=]:~V=A`iRcK@xVgii	l=g04Qt;]7Bn	oXkmZ-=^,Check sum is 2
test,z	pK#R@x,Check sum is K
test,"%:T""X\_8zn}'Kt?|`R!G:&+Z4Jf""d6~grm!IB1w']H)A\T-y",Check sum is I
test,"rB8'_x,8#",Check sum is Q
test,"1""02zWX=F6pg!Ar\ryn3hU3Ge,7HiL9$",Check sum is #
test,"2BhI@h^,K<	'a<\==}H6_""9rOdw",Check sum is 2
test,5+h_Z@:0P2>rA+Io/&CHM/B}v0)nPBhSP8OWAR%I3r`0,Check sum is *
test,"!qxl#tgG\;r'Q(gU@
!omNH&v",Check sum is 9
test,/U|jqa$HEd;/rK[VFMWIwyr,Check sum is ^
test,<'v]8O{SZO,Check sum is T
test,"9w.kvc$5ehA""""e 5iKX$<~h\$E(<c8;!T`<c6CFU1""eydq",Check sum is F
test,"8""
2hlR""Q2D?L~w;G1-/op"")AMC
YD'yEp*bKX+}CW[,u",Check sum is 8
test,"'Kx85
usX<""9d13NmjxiK zZvwmiP|r/	7C`*","Check sum is """
test,"nX8	'\$@*+yzx<hpcVHwm\VA0w|yS;xWFb-""H(CPZ$",Check sum is +
test,G{`4L(}DE1u_'D!9a,Check sum is [
test,vl :tJ;ajJ-@]G ||o>WZ0XJ/V1 E7H_-&~Gb8B4`\	,Check sum is )
test,"4AS35UN>]:PXm*U>^M""	{|aR,c(",Check sum is Q
test,";YyfKbtX`tO|JYs
eEo<",Check sum is  
test,%_0.2uo+AN3/DM/fX1.,Check sum is Q
test,b{,Check sum is =
test,\ZGr/e[z\U_w\GRQO.p( |7{nxpJ\ }<icrDd.wD,Check sum is L
test,NJ8rem`JZx3fxz#CT,Check sum is 5
test,"
^$D(}n""Tr{N"" 3 i<kp}!<hU1;(Cw",Check sum is .
test,e=>8y>	1n<|)?+I/S}#tA%pc)I ETk`~I(EWt(;X_,Check sum is I
test,"[}t*4xc4nh%""XwMKS|J3b]CMUeBV|>
Oz]2=eh>ljtD?R>xMXz","Check sum is """
test,"q=
05jJ",Check sum is 1
test,"Z}k&D9:_i)$]l""%CD}%_VQ>}dUdY`7",Check sum is [
test,g)-SG}Ib>f0'M2Dg5,Check sum is 9
test,i_K[3i_cMpOXUY^!	;,Check sum is A
test,"3~o{&4ks""^XyhtFu; 3d;M+{CT7p>p_(",Check sum is .
test,">	3V7m0nx&q""zu	[V!2G]	)
?#iJq^.e",Check sum is 6
test,_PcI.@fJ7zqjt6;<=^?U:aJ_eR&`jt;,Check sum is O
test,%5rmDOb)[G,Check sum is Y
test,@WYtmr3>TWm_m`o$u31{t L:<-	mmh}.<8w/*&fc;m9h3dr&,Check sum is #
test,Hx]p0v)2NzOL(%9~v>^ rMAAPm%M`:`$FH,Check sum is #
test,R]GIzX@xY0HUAUjssGVVMU]pp#+%*Z/sxM$P*@+,Check sum is .
test,"u^tyZJ,se[Mdv4W{,4DDt{r",Check sum is Y
test,"=UG]HxlU_DAFT[=7$4
6@r\om&ewzv{@-B*6@d",Check sum is F
test,"?QF~$S}{:f%'ow,""W[~5P+mTx",Check sum is \
test,#qMeU2Ih{$myMsS7igW1&f-9Es	NFD>si@v6;.I7y/7`<,Check sum is :
test,ex<Q?VFiN`KcMt7D$n#<S?3[O!56N,Check sum is  
test,Vu9BRpyyz!E~BgHb<znc^C;,Check sum is .
test,bH%zGUR,Check sum is W
test,e&rJ&#)CCv;5C#4k d\`r,Check sum is <
test,"~7S, 4zrY(LT~""
m2;h?CI""WfJ%ys.X(i)RO9~,",Check sum is *
test,"`/R '1zTtJ>CmjY. 1Vb5O3R(
6|:XWc<Tt]S\hd""CfS%",Check sum is E
test,B(C$f~m/;<=!_]bFCIz)&EbYx:yvZB3u]pOB9WP[{,Check sum is 8
test,"{McW""D#nYbpmqpZL>U3?tvv7*h%9VAMP}Q=;*zM",Check sum is /
test,"b
dl!vJGbCc}NW}N6=cl%xBxRH@","Check sum is ,"
test,Fh<m2E-OPdKr[D:3<|3,Check sum is R
test,"7<N~OxesX`!cbz'mvKq:?-d)kRE
UPWta=(W+Q<	_7_[i8BYg2",Check sum is N
test,"5,aw%jhcY5*91UB~+B7fIP J]n2]R@XIL\pO",Check sum is +
test,~}(1+!p{p)g=B1oP^'VRbhA,Check sum is R
test,"}MBOH,{NuSU+9=~X83=I].m!?ZNz [o.ETIw0",Check sum is X
test,"_8OU$mFD7;(`	pt,>)l*%)Dw)&8r1^i0t6",Check sum is Z
test,"'+l
z'M",Check sum is V
test,"{tQA%Gn""8xOo2kR%0""zA_2Xh(i*?DkL<OGrHcG:\",Check sum is >
test,=Kcg13N{,Check sum is _
test,t[v[uLj17Z]&lAda\Ca':;;qUEk{'axd`Kmf0W*#	;	,Check sum is -
test,"z[(Gt)O,,PlUg4",Check sum is T
test,4'3O_*s@]*gZYS,Check sum is -
test,"@.Iw5Q9""o989:WC4km/Rh&Lz@
VwV)K~`wdrG?wie6bqX:9;",Check sum is #
test,XC9)u8lW58])|N6sH[$rp[?FO'A=J)wL2'\(@a2*S~*6*MOs,Check sum is *
test,0B*yjO~3fABG>$$$t,Check sum is -
test,"a>*J<uHL-JfpU0&LzDj[v""~4hAQTF>/%Hqfg;<:@fO|",Check sum is W
test,+uU%e{/ BD(79JZv5HnrQ!	=q0fI1sN'P*',Check sum is @
test,+`O&,Check sum is  
test,"Z""3=",Check sum is L
test,TbM@,Check sum is #
test,"?UjT*p
_k[HwB8=	\N	\C)\nUX*&(e:;5&m|=PB^3wMP",Check sum is 6
test,"8?Y#lzn#aG&.Yu
su",Check sum is F
test,bDwD<=l3;#J[8var|oRs.qK}o[*a_VV3l!HC&PSH]h,Check sum is 5
test,"Ar 
KDK<ckYA66=z0koULw""b*o	<:V*,Euvc)iK$3>w
fe""J",Check sum is E
test,"OxbSmk
S~D+}*%KYy]8<jz%yc1Sc3t(4tdR$nU]'%d2@SbBk<8",Check sum is -
test,j{=1i1dDWIRWB;0TAxm}w0,Check sum is I
test,J5mK%^nh.jhiuB,Check sum is P
test,isJ.gl3#`Vt@l-qn\KM,Check sum is 3
test,"-Z?E&F-G%Nt@O.)AXZFO+/&%A,LZ<VXh5b.G&flk/;
]pj#",Check sum is '
test,"HVA]
\9T3:}jn 1o4zP,N;XSZmFX""'""d{@~I(ws""HWaRgp",Check sum is B
test,"R:, (Y(Ps+7?8F	MH=NH%*/l~M?G",Check sum is /
test,B9O,Check sum is *
test,	:MxlFlU\I@8![M{:VRMwJ,"Check sum is ,"
test,"}&j>odRO?Q$p""9yY #I|]F3&C",Check sum is 7
test,^v; ,Check sum is O
test,"qg7i$G7;&Vr9QBu#!(Z""Vq1|
p{(Qc'o;;",Check sum is ]
test,hw80N93HJd`w2)	>EIk-tbyid/sv>_&Vpn}.6$5t4qU-$F5d,Check sum is 9
test,{Ii)b1cAn/&j/l)lx	[P0KK{_fZ L0&,Check sum is X
test,"N7H5V
Z]csbkynJoq""A6I:c3_{n4G3)q ;pz2",Check sum is &
test,r!<=$TZ\|X-;	wgsxd	XW	>O6l}?,Check sum is 8
test,kW7eQ\RXn=&=]{[OqZ,Check sum is 0
test, /|,Check sum is +
test,k'[D0QC,Check sum is U
test,"mc%a7E@&}kE!+7$<48MKlXW~oOMEb8b]7|E0+!pu9}K6""'",Check sum is G
test,"RpSI#bQ8B2!fIWbh^/:lvc8a#s`[vu->'a""L	RCd%,:Np",Check sum is >
test,"P?nr;aQD9R oz#}v+4,a7C3{>F3jiD"")9",Check sum is P
test,",3H6*G\T8gvn%%`xq 5>",Check sum is G
test,"2cmk%e8'J+EN
bD7gUkH5(h=EQ@I>1|{6Y]_?'/f	u""-/",Check sum is ]
test,[?#,Check sum is ]
test,"]|f,Q",Check sum is \
test,/^`MFIq6!:V;0u5,Check sum is V
test,{6,Check sum is Q
test,"!MCSLhtAx}`VYK^k,*X",Check sum is S
test,"=T*j""[C,_qI
H?a7<i|okB7<m~(;/~c|2.F%t#}`Zb1ld",Check sum is 9
test,"""kZ(fR\3&S[96wFF]",Check sum is Y
test,"ROB2\DX*aZR9xC4Qz""8+r*nn<a:?""#C|",Check sum is .
test,4uM3Wm9	!3 	&0a^,Check sum is !
test,TA:E19Qyu{	\Y_'Q_D3T9r&Rg5N2}ce7Ak55 d>HXO\6Wx,Check sum is :
test,AYU.8V$xtIIZ ~,Check sum is %
test,JE7Jo$3n2,Check sum is V
test,?q<tx<9`X,Check sum is %
test,"Ya&),CJeu>)xj;I9%c/d,sS
:G^",Check sum is 8
test,"3Qak!1>5P\7o>Js5,Oy0%J4k$UEa(%PM8-7l2Jj?K",Check sum is *
test,"=SmAF16i!XF&6u#""6Jz#M]yrm~jZCs0,
h{\+Cw#Lw<B^","Check sum is ,"
test,8o85>Eg^!?nqS'2.O-peo_zN#V?fygJaujovLU%;,Check sum is *
test,"8
\U!o(IyWlcTgsA|ukWgVi0\_~1W,<!N*qN11hS=NbJ52L[oP",Check sum is M
test,QbAwviS.Vb9NrNx,"Check sum is """
test,"=B7a:x:+omd75	4|hO+D#B<(1#^Q.
HjPS4
bE9",Check sum is P
test,"m?oIZD
>Xy0&0XOE@I*-a=HPp	U\ 6]I9`;Ns5",Check sum is 3
test,k~)tAYs[KX>`}+'Sy)R,Check sum is %
test,"fgtuv6D""-~OlO_lve@\K-Vn+Z`f&6s)k'A_R)$2N",Check sum is /
test,R!uyjNo,Check sum is (
test,"5Gml.C(zA)gFN#NbN'4z#8>j""|mYGEU*y^}9Zmy{t$aZJplV","Check sum is ,"
test,"
O/:","Check sum is """
test,"feR.qb
s,5Q'#;8\O,d",Check sum is %
test,aTBo!O9w4zK.:>Tf+s1?a-<YC| #`:,Check sum is L
test,"'}zxEP<m	)GB<&?u7vd #L
g--39;|+e^5zo@MAb	I>~",Check sum is ]
test,"4>gP s+Cyo/l:A%uxBTZ`(B^X?y =.6v(dS,-XJ1CRl&F5~e8r",Check sum is 3
test,nDb|veY1KK{&|dom:MxZqt*MRCt*;IU(9nQ],Check sum is F
test,"=6QmiU+GPfS:2""L-dgX5;h#d
b6m2a_L>	3Cq)J)wV.U%H""Dy",Check sum is F
test,SPjOE>bL_x:$(_x92G,Check sum is S
test,b(acY}NucC:WQ&X;r$}EX?1um1%-t}O69KVb2[?=,Check sum is H
test,"[
0ZyoOl#`",Check sum is 5
test,ro8?:t&1@Z,Check sum is W
test,ge09 fw`{*3c(Cw)6_~V45v3Y}fcZU=080f,Check sum is <
test,_hJ3ut;?yX@AW3;JG	d73ji%l8xc;Lz);YuZx,Check sum is B
test,Hl%MTBSs,"Check sum is """
test,Q1jT3$};#!c]w?o3eZ_ck&t<xWd)Fm~do)855}A*zK{Shotz	i,Check sum is *
test,"s^k=4mA!O~*XC]O""Mv[Qt:M-3$2Zht8(cj4krC-&%0lsu]?dP0",Check sum is O
test,d{'f%w8o)u}g.'HDq&!yG*{Bf?,Check sum is 6
test,"<t1Be?ey.y'Cj
Xl;$D\y",Check sum is F
test,P3nm$}.nts+likZCa<lU{xs5RG#*C_3 I,Check sum is G
test,"7,TCBY""}4""$a9_+yAef?Azq|sEe'+6yRMCli2.X1U8!}",Check sum is G
test,QJ-v7n#A,Check sum is '
test,"ko	e;3VP>vYXL*nZSOMvgZY{g0[7>D""\ ""u0hhzyFIT8j~",Check sum is /
test,"?;""LJ&`ifrPJjDt3>w{@?%)""=`hhq+0&mn)",Check sum is J
test,"
F|`!)u1b78	o2`SeF",Check sum is U
test,*r{,Check sum is 7
test,"V[#,m2s<kUk&
0c:0-=qQ0%('YQ
ztW<N5:'",Check sum is /
test,_H,Check sum is G
test,"(Fm,	o)qPh52b>NT7	K$rApTf`+8J<LzLb*A	Y
<w_/UR4C>N",Check sum is %
test,":/p;Wfh,>4",Check sum is 7
test,"7C'M9Mt)M9-U-E=5]^Qv
^g7dW|!VP",Check sum is #
test,"rz %2!Dq
p	 Ams<i",Check sum is B
test,"PpX\
&~la}VJv2hai24rt1Ym}",Check sum is F
test,hzBJcE&Z,Check sum is 6
test,cj:rrtJ-2Q,Check sum is 9
test,D /UF3;9hn,Check sum is K
test,"G27lOv63lLrV5m]},70	s99:^i",Check sum is (
test,"rDo""<*a;l0['Py_W$S?`^i$I36fIZH1vS-
3tC",Check sum is %
test,">TjuR$yNi,Ga\Oq-QV+|c}>GkNg
Yufw{dhHk 8%S",Check sum is &
test,"dG'Uz-PLu	jRP""*TYHVCU-]i-Yj@-P(Pb-9aF%c:iNMu|",Check sum is A
test,UTfN43tb7 A&4]|J	gTV^H`K{\Hfn?(-1>x,Check sum is (
test,"Ezka%LCN^UL3i-rY
V
",Check sum is *
test,SQZs \#8Q>NE!&3u7ReLj/:`x@/,Check sum is M
test,"bBdpB;F-{,@C>sb-;r< R]O;h[[wQFiV",Check sum is _
test,#<'0!yty?1'rL^A]OT^lsJ>=\ROP2(r6zw5\/|)O(q[Zn6{@,Check sum is 4
test,h6BVt!0:7qF$,Check sum is '
test,d_;Y-ac`sAQm`hdkm^^xuV)Tfp.J,Check sum is H
test,"z_,|d<|l_<&;xU-J",Check sum is )
test,"#o""	
LNq\!C)FVI<RxD Yly.t8ku'M~^",Check sum is 2
test,	:^\l%W|J\VQC,Check sum is Q
test,"Bxqh
wfnbvbzwJtH;b/O=_l&)Id	>BYRORj*4'qN",Check sum is [
test,"""XAznrr4	X.GJ*b",Check sum is G
test,Sz	!ruq@%Vy,Check sum is #
test,"I w}4
Y<g8jU+oMXeB7",Check sum is K
test,"7 Wm;G5U/ bf]GOUoBD!E1/
B$`|l3am+h!C?d|nHZef",Check sum is K
test,y0$G/v%J?h|:Lk>7F9bGth\t'YO_k,Check sum is >
test,"~/~`DgQBhS,?w",Check sum is F
test,"GBZd.wn6p:SJ	~S&,<;9zo2a  }-(4e7;#HO",Check sum is &
test,^s,Check sum is 1
test,M9OWU+d(Hey:/,Check sum is '
test,<42&hD[(.,Check sum is E
test,"om4B[4Lrb:VK1@gphtSO6z}T,%3 ""@|a1\Wk@maE?3[EBCl(u)",Check sum is Q
test,y3JG5nml;>eMZ=u+= Bh,Check sum is B
test,"x<""Ze+r@h",Check sum is :
test,k]O&8>i/ByT;bD7,Check sum is R
test,ac'{?$+,Check sum is T
test,"%&&3K""mI&<S""V",Check sum is T
test,"$!2R4r'S	!% zX%Ou3IT-W7LB'zFvl|Y
~Gq}R0\8 ?!",Check sum is =
test,"KczlB*}|
	2t~ZP~sK,XsG*e;%/0",Check sum is B
test,",j~Z?;>?XY3l.b~Uj$Nsz36d#^4*l..Zxm;c}4>k!ty6<l<qX2",Check sum is O
test,"-n*nT(+V+1dTS_VtwH}T]
1Z-x4cJ`Y[(hA",Check sum is M
test,u6j*ieo2s;N?PnG0g'jh+6*/#qp,Check sum is \
test,7w2Lo77y\ #\G}3;?7?2Z{Eh,Check sum is 8
test,"N=zM:u\T6hIp kG+3;,v"".w6!y(* .Bj\&2ZTDTq!9	",Check sum is &
test,+E?,Check sum is O
test,cjdo%B9%lv,Check sum is '
test,"_8Ht9w&?hu'X*[:YG
{0H",Check sum is @
test,u?s,Check sum is G
test,aRZE*PTcecmH5nr	o&0^ Bo56jtLoir/:#R7}&lxoHs /9 ,Check sum is ?
test,.zBB!=HF/D2U%Z2|%ej!# 34}H|ySt$6X@o}kWKt99%ax7lHkt,Check sum is 8
test,$n[^76SEgs3\&z`c>;0Gd6,Check sum is F
test,QU;i3enY2.!nf{	,"Check sum is """
test,x;aj<0GwadKw g.=K!_,Check sum is L
test,#dIOw@;(JTbCh^pKU,Check sum is 2
test,"~y~[=#'~lBJv*{\U
.y/61z5e\	)<*~L""v%9 '6Ow(1U",Check sum is 9
test,NWbf2_ApTkv{`8Fi2}m!-{dRoIjL]6,"Check sum is """
test,"""
-(X^:G_R/T8~|W",Check sum is U
test,rXajWA,Check sum is M
test,"6%!HV!1:5@c^ %f.C}oNsfed6b<vE
QD,fFtx",Check sum is &
test,d?wh[zz.FuFT;G8\|'g!/2r:!xK,Check sum is &
test,"C2""0;LRMAs`~WI6TN""$8LRBL'zRT~D2h,Sd~",Check sum is E
test,bW]`_$TXc0	E:8?N,Check sum is %
test,"6FN>Dw)'SaB`JT,U?rqJ?",Check sum is S
test,"Y2m=\5nAOq0[E.Gym)v9ZOUS?70J5"">nuK",Check sum is \
test,"0.)
j1,zaMPW",Check sum is G
test,ixY],Check sum is 7
test,BV.92FkA?Ms/5JDU,Check sum is I
test,"[c-e,!gU",Check sum is 9
test,"d4Y^O,{Vfz=iU#B~$b%L7l7+E",Check sum is :
test,"L
N%8ncD(	n[{y:AJ|",Check sum is %
test,N1rv2l+7sj=|5?%5I}6>C,Check sum is (
test,"Idj/TNUG!]>>""c+""lr",Check sum is N
test, iHlolj|uuT_^ck,Check sum is '
test,"Hwu[/sY,%S""*l^'|^0Om:[E+!%Ez",Check sum is [
test,"/-H/T-lir{4~CXmB
+#ud@=QbZ+i8I2k@jtNIWe",Check sum is P
test,"h^+9]7Lj]?w;zS)#Dot2]M\R
P8#)jj",Check sum is ^
test,"'A(BslBQkjnirx(zMt<Mjg
'rt
Oo$rb1o|B","Check sum is ,"
test,"-5!m@84I2,~/uj1@M	iIH/srjQ=D6`C\F171`prm",Check sum is C
test,"Uh} g%4,]8V7/LMT=ML;ta'n%!2X~|w{9""s=TRm_C||LP",Check sum is /
test,-?3m,"Check sum is ,"
test,~f+JGrx1l.V7RkM9HcJ?!7H,Check sum is Y
test,W/`9l\9-$wDo<[oMbn`g@JOe{1co$D_%Qp,Check sum is N
test,v@3DXgoKR@	E=(J$T=,Check sum is J
test,{zS,Check sum is (
test,#dJ;/+fxC&m_{kJY9LBJ/Y!Za(OL8tn?g(-Ng\HJU4+,Check sum is F
test,5i},Check sum is ;
test,"{ru<:[~GLW(`Z}zVs2""f",Check sum is W
test,Xml>f$sYo!fPw?e0{9)EyK-,Check sum is I
test,"=<0
@|1
zj l`IMu5X1,3}&qvbisSgE
[A
ocKF",Check sum is \
test,w)o:X,Check sum is A
test,FaCWbE@T$oKE*,Check sum is )
test,Z\C&{!je.hNW ofQrIaqg&xNU3z}b'{dk{nZ,Check sum is  
test,"(
h	Hzb4Z &-IZJDK729Lu@D",Check sum is K
test,#_bZPFIjfTJ,Check sum is +
test,"xs$ Lu]%Aq<Cj}kc""",Check sum is Z
test,".lno
g$s)O<hUJ}jrXu-RGRmh/Q2`1dY	d",Check sum is Z
test,">OQ+}0Fj$,3w|_fHx*e^qt]	 H7$}K~uZ%UbtD8w{",Check sum is O
test,"+?u\:lAX9c@5.nH0sEv4-Vd,NJd@Hl2Od",Check sum is I
test,"qAc Nn
Y?XI_){}g%PkOus]",Check sum is /
test,"
_w&BOfwp}_sH|J%tGa7T",Check sum is -
test,V) LTWSu g,Check sum is E
test,cSe\CbJ0gbO;]N[S8u;CYDDV1hf5LoW)Po,Check sum is 2
test,"kt`rLrmRl-p
1F.PQj |]?T[cN",Check sum is )
test,#^<X_%OexRJ(62OD\L(N	,Check sum is K
test,"?3N[}?*#9@tGSabY''L""Soo#}h9Mt27&NGYKuEH""p\Zf2'>\q",Check sum is 2
test,"n/rl\Om=A-<x0zw1}.SX;~WhI""y-5bD&CT5=B",Check sum is O
test,"=?kqNsNn}YR4r|I|[A{S0mR6r}Ow(AB5.$W\kUuv_3~""",Check sum is J
test,"cH^ z11%
N3|W$nMcr]q)(jRC]!,",Check sum is $
test,"?0}8u|""NyZ7CBQjyk5Ow@61xxW*\3",Check sum is 5
test,c$Y$=F'}&~;b pIrcTI|/Y)AMOypw#5,Check sum is Y
test,r/#+V/*8k 0?Vlv^31,Check sum is *
test,"XF{|B1hfs,
I*4^~M
",Check sum is 9
test,"k	[e(zOMv~!6?zTm4{J_zw(!>;rq""TOx|X@7N17D-xu3A?",Check sum is T
test,"}eobu,<	b48Xf0~xoL3HI#	FF	.""D(G;)W&E|=t1Q4@2+{\HPd",Check sum is '
test,JVw4MC#kM;@NO5K2!1CJL,Check sum is K
test,"X~<*8v4h?^vcTtFj:!Tha/l+HBhQ,tjPNBxz)""jv",Check sum is \
test,Y3-nfLf,Check sum is _
test,":""VO}M~~B]IB?5nDCx""aJqPG",Check sum is G
test,$a}'-t2*D` 9W6-_8G^8CdJ qZzc=|bc#I~z7.l9j,Check sum is @
test,"6""!$y/:7t(2L8<dep<uXa%","Check sum is ,"
test,"c''PqZFz;!d;e-Pz)CsZz'u,e,P)+G$Ls|F*7nsu($2",Check sum is T
test,";PCZP<q2+M
VI,Zja
]T0+wOG",Check sum is L
test,"/8,^d*}p27Bxeh`U	2sh&L~D(p>YAzIcke
A8	lUG/",Check sum is $
test,q&VumzodH$cO-PK3WdL|%l7WxC!e4_O#r2Em,Check sum is S
test,H5H^ov2x@HR}J[X2b,Check sum is :
test,"kCZl-brt EO1[p2kA-	#qQ7XR/W""z^ 90\h6P(|6@q,IY]/",Check sum is K
test,"k~F!Ql>\p4I+QiMC^
93ucrcTU'HE",Check sum is G
test,>c'L0LJJGvC%f>ZE&,Check sum is R
test,"+A&u9,^Cs)|f@AWdFwj",Check sum is N
test,_0KG_zuXz|&p4Y33HA)s-c	o	{?tL )gb8m8-.2.h0,Check sum is X
test,"#15R m{GyW~Md[{'`}o^E]dzX1yV""?|FW^a>",Check sum is ?
test,S*Hi8n3EkZR^yd8nH5|Z\t,Check sum is G
test,]-%}-4T.;IT'*U$|,Check sum is M
test,D$D~q$O_	f_1/Y,Check sum is T
test,FU,Check sum is ;
test,f`h	ld,Check sum is '
test,W*X^|l6KS}k?R_wf?)K6{!IR/pT&5z,Check sum is 0
test,"
J1$vyCy6K+6x
cnnoD%""_M	F<blw'DJX\<",Check sum is 2
test,"DwT9wfp5	9,_D.@d_i%:)%<
0gb-XAf{Tn`ZHk~g?59368G",Check sum is Q
test,X=U6L9=~7/ps'lOmLi~lE}VJ>$XU;%:8fhs5t!~k?YtdwF g,"Check sum is """
test,"]jq,zxdCay?qT<]QS8:*
!={_+GYf~GU\Rt=`",Check sum is  
test,mBh/B7D.`B[g3*BDOa~ih=k)zDUT8pf)qQ>4	U>~Qgyu,Check sum is :
test,`Ebv~(r&&;,Check sum is <
test,p@=Z[Bmh|5&]uh4o/sQw=BB2Uu&Xf+\@@Q%<1=#.R,"Check sum is """
test,i4G5)KB3h3mc,Check sum is M
test,"}sp63e_[o{&6/O*&?y`FQ.J`YcK"",{v",Check sum is )
test,-9cUgvc]j)Uv[4tqmD,Check sum is ^
test,q_{:WnP=:)@13<rwA;K[Y6Y(r	`bpV%_,Check sum is \
test,"e&t	nqUFQ,)KgAn1yWo>^4:k' lT(M*[8{b""c*A
Y
",Check sum is A
test,"C{4SdR;Mz""Oe[%]$@kqMs",Check sum is P
test,[|QiyfE)CS98?-T}{_]:T>?N'6'%qu=xPq,Check sum is W
test,"C>6u		}|$ba/25u
1O
X!uF9+tuhMZ",Check sum is -
test,"=t7{X~SD'Of[' ""/SGWD20<x 5(cvhoxw@IYy11",Check sum is #
test,7T|jZxuv&|q7,Check sum is X
test,"\3CX*{S""}L4{>0M\[NHm!N-M>C.yOviO: jlbs",Check sum is $
test,"h*JdeRDuK<?Sz~eVvQxD=U,:\>`TOyG",Check sum is 4
test,*5ZF*4FLG@6ZN;ML@kD4[B2tA%y[^vo	ylX#,Check sum is T
test,Z=Ny2QBHgTg&F\,Check sum is 5
test,"&$ns`MzsZDue(G>)^,Dy",Check sum is :
test,4w;B9qA6Mk4RQ)	)2Sfoe(/k@@^}l|hBJxw'19Hr<&S,Check sum is :
test,"'035F{Qs,?jW~)k6M4=G2XadQa1",Check sum is O
test,E0U!LWT`%x`,Check sum is _
test,9/~x.,"Check sum is ,"
test,"hl+
Q\`vC\xO$ol""L;,8",Check sum is ^
test,"M]qcI>DbGjrVFP+BI+{B^IVr-A,wL`:v3",Check sum is G
test,^dEzpZK;	iM~=HD`,Check sum is W
test,"z!Pf
bKifirG{WQ!WTnhlM#9E2):Rx-IPy){6Gh:z",Check sum is S
test,U'QJRnDW8DXa0nOrH%f=DZMq/-<*$WU $YI9rd,Check sum is Y
test,")T|Ls<ypVP!As
.*(JCR!10wt'i2[8}}LW",Check sum is @
test,\?	[IcR#,Check sum is @
test,"x[?95fhLy[c3^=z5U4_{3~!Zz;/3~{;8#0O
Y*K~Vp+2=",Check sum is X
test,"f282168tDFQMSg7T[@
i""FM.og
MH",Check sum is H
test,F;;{!v.,Check sum is \
test,gw0*l.CUr44`Qo`Q\@7;l!Op0%uh,Check sum is A
test,"/UDwt}D |VR;<gi
S*7I>!",Check sum is E
test,eo A6IT>Q/XBxquDC+6~pTT#x[UcU,Check sum is _
test,"I
"" G\K9zz1,#fOk*WvP5DO-!ac9+gh",Check sum is D
test,wx~k2%-7SsJur7jj\>=@)up*1@cx%<,Check sum is 1
test,8@H-TipL;RMKF9d}G}$.Vlk-*<2L!\y1y,Check sum is ?
test,"E|FFD5s8y,t8}q$4fynGV",Check sum is R
test,gC&$E3nx,Check sum is 2
test,"9{^;X2	MA<n	 -S\hf=s[8a[%1,[qu7V|W>]1($T/\",Check sum is $
test,".W#\~0h/?5w[<O.)0O|A#$Nbfiz""",Check sum is /
test,"1?""W!8Cg	1"" C&t.&O",Check sum is H
test,9%=S'FHKbVwwiewn3;'oHP#9$5,Check sum is 8
test,"E""94te!DCrbej=_p0^	CME+$B@gEg
;Ngj$=kF`%=S[",Check sum is Z
test,]	Ez,Check sum is E
test,"@cu4=~>7JaVwEv3,iy(pFl!,TF>,4",Check sum is _
test,"yJ,Fx44K/m@hz:sSb}f@zZ|_$U0go}WaYbcD",Check sum is H
test,"/-;FCPAD""}yE",Check sum is 2
test,jAUo~XYk,Check sum is )
test,"-R%z]lc<! {F4?,H@lJ\EI,w[SnK|Uq!v}oBAKnv20ekO01-k",Check sum is *
test,"7od2(%}N[tW]dz~=`I}""#q{Iha.=@1EF`-6<SqM",Check sum is 0
test,"Q?-BIa}DKqPIOOxXl8[80R10
D _>S1",Check sum is 6
test,"m#j18M
}uy:TZ0o",Check sum is L
test,^=IO=Rcy	>O>JuP\-f4&Kzj>N,Check sum is %
test,X`y9=4.r>NI%kB8|/cw8y,Check sum is 0
test,",I'[Q9z!OG",Check sum is R
test,"w
[9B]-e?Yk$v<",Check sum is ?
test,"rw,N<~x(<[[o'H",Check sum is -
test,+vC27 H&mW!|bm+KitfMd0i\Z%\U(5@PQ>hdWw:bO#,Check sum is ^
test,"J.<oWs}pY]D92;GXt}5 `)Jd!5K,""3`ZqM]l*IT9gxDR:xZAO",Check sum is *
test,"s,5znNR[U	J2w6qH>w",Check sum is L
test,"U`Nt;]${
",Check sum is X
test,"A;Vl4ooP:10P/^V+~/1(oGy,42KF)rFgG_Bc.s#2YD?7yI'",Check sum is V
test,"%[S,o|""V,A",Check sum is /
test,zc)\2h,Check sum is \
test,",K=&\*f	r|Rf8J xzq,Z.W.cZ{UU\[cC%Pn#X^d~O=p","Check sum is ,"
test,-G,Check sum is T
test,"kpY ""s@w3JJ'>trviogO",Check sum is V
test,)|Uck4s1~![nhpHFu46?_HXSV_&L$-3 ]L@!+M.Qv7_Z@m5,Check sum is R
test,"Neg_@` fx=M_j51j#t<x7,aonMO<TV",Check sum is H
test,Sz\VUcigrOshcx,Check sum is ^
test,"U,}hlUD>kK<@5cHAXOt$^",Check sum is 9
test," .	&6[[	n6*C.b*ft?)s,>=] SUp3",Check sum is A
test,aB{ABC,Check sum is D
test,"""*Z",Check sum is F
test,c.4ed_Q 	5	H[.aX{R)FS9T9f#{[g,Check sum is *
test,"&+H+'$,Xj%h2",Check sum is \
test,|V2,Check sum is $
test,X?\zHS^4tAP|.zc>C*U,Check sum is F
test,F)k9/|/J]CIzX-EoP6;bw,Check sum is M
test,"besb7g}hDFv>>doVZ,Kk4Kd5 19$PjtCvLF[}\}?np+5Z
1H9",Check sum is #
test,"F*	
UFkGn	w1,=J",Check sum is B
test,pQ*\ kY,Check sum is K
test,%YfZs.<.$?u[J;dDI{GvhVMYKv(T.f>nlS9,Check sum is #
test,"I,`uCi]9Dn/CRi6;o&",Check sum is Q
test,"L,Gn",Check sum is M
test,">@|i,l;f2=2R7#{(DM[0\Ae:>-?p,#<cK^)Bw16!K&wZR !",Check sum is 4
test,"2BsPrDpB(,2>5*dBI#V}?CD~GKOE",Check sum is 1
test,977;xn8OxJ2y6,Check sum is R
test,?NT,Check sum is A
test,"4?z9	Bn	,IW~d{yaLHs^u(",Check sum is M
test,?@3*=(`<ae	knp	8/Yeah'd$Pc_AxKtu@.C`eO,Check sum is ?
test,"i8L,! X$jP`	$9v<#>e<'(3$iI|cZ~p_=J6QiKVi(J$v",Check sum is U
test,n^ y0PA-[P:YgXN1[Xr*L3v$d\UDjt%N#W\3r`Tal,Check sum is =
test,"))kyO]`DWu%~\FX(JEm?x*Rwu0v`0ej.=r\/>;AYL""l(w",Check sum is K
test,"w""&^~_",Check sum is Z
test,"GW7*
=5tGog<"">%SVgRm",Check sum is <
test,0TP#-a&%Wm|CHG8FCQR1Z &,Check sum is 7
test,"*q%$IQ^M8.N;nP8Z,p(*Ecs8tWf:NBJ1-52*sB",Check sum is 2
test,q_\vm,Check sum is /
test,">9|}7c
DNW	Kc7,Ey6&.W",Check sum is V
test,"|cUS1b36Wp,_cI+R:Eog|v(fqM4.v4'H'%akAJ## 6jN",Check sum is #
test,"xe<o=1MA :>{#QP-EvGG=HCtNb4{SvYL<""W",Check sum is /
test,G0LyM,Check sum is )
test,"KFEG<C7_$}smMj&boC7|hw@OC3nYAP'RiYoO8Pz""*W`Q""6",Check sum is Z
test,"/,g({[s'L@7?afcQ=-jk_Je_S4\AVJweo%#",Check sum is :
test,"8
a~>{M47Gs /56U;LI*3D5`S9eK+KvX>C",Check sum is B
test,")?`o_7b``<v	!uoLR
g ^j/}<E/'n~ZM",Check sum is \
test,"h1[3Cr+[U6""?b6@X[N4]HS",Check sum is 3
test,"<""e33`Ly",Check sum is .
test,)#x\PA7EUeL&TVzT4XJ7W@%j>,"Check sum is """
test,"Bp;{_;ZyqVutz`\5lL""GXk5",Check sum is )
test,a6rX(	[<\I[,Check sum is I
test,"	^,!,JAI ",Check sum is 4
test,";~&}3>)<M,>0}svdS",Check sum is V
test,U2At@7F%ml)_5E,Check sum is Y
test, df}so,Check sum is )
test,@Bqew}Ex58zYiK[1Wg!I(M-R	nXxV)XqZ&()f,Check sum is K
test,"pt2>bNU+sCMpxMA;2ZDqjhX
yP>I5t5WnH?Z",Check sum is !
test,"PiYb<:brP88^L0Z""/>~V#Y=<""Y6 '%8VtH]#$blszB$XvEX",Check sum is A
test,"7s#}TYCM
`rc9#GtQaoHrfy)*n",Check sum is 8
test,"n}DfB'L/""-AFt)Cs\O&46mF",Check sum is 0
test,d!xo9~NCfg1f:~J}Dz#xM?p,Check sum is L
test,zeO	CWb+:sBKg[U},Check sum is L
test,#S,Check sum is V
test,"w\^J.EY""/aOUnMFe/aJy12IEU,,.-COx3/GHii;j:R]^3z)",Check sum is >
test,N~(geKjllUFwkHm#,Check sum is B
test,oFY)>#_zI!C[Tc,Check sum is P
test,X#,Check sum is [
test,"ZKVEVthe""Vv{]b|lW4",Check sum is R
test,"H/TH:e3
y#K^%;r^a&|/'x",Check sum is U
test,mru&8G+*c6XdJ/:F5f5*LbcJ!T@'X^ sk\Ctq]Kx1,Check sum is 6
test,E% '?/,Check sum is ?
test,"quFEY~2Bo1/M%yFW{5Go/ Zm#fJ|0E[""$3hal.,5",Check sum is K
test,TT9|Fhg6a8},Check sum is ^
test,"(l&Z-Z&kQny'=?	A)z&V:3sA||I""<",Check sum is P
test,97m<,Check sum is 9
test,"3zNn	gqZ|Mf@TlnrMWs1EOH,J",Check sum is -
test,"j
a",Check sum is 5
test,B5U6% 'eyi7MFvtOaVW45Z}m\!G[1Ty,Check sum is 0
test,!vSl=Rg,"Check sum is ,"
test,/!J7?[(\sb$_,Check sum is '
test,"6=HQ0 ALN/m*2-C=4Ul62WZ<
e*RwYg.
",Check sum is  
test,m(AOFVEKZ$QD~PDe,Check sum is ;
test,"
	7Z:C=s_;\.d.bxjF	0u34U@47mCxZg}p`l",Check sum is (
test,9Nh[4R7fm_f3z3,Check sum is _
test,1Fb9EElcerQ}@Req\k@8j&3trL4M#pG%/DP^2D;-Xo>Bdc,Check sum is Y
test,{f6I	|;}}^>Bs+?=jcS%]<,Check sum is P
test,j	(KkG_A1.MLd,Check sum is 4
test,p5x(79jc2.c5`#A2P,Check sum is  
test,"5$H]EEg{|SSw^~H	k*8XW%i=w@Kt,\ q)ur[8xqZ9;+O`%	4",Check sum is <
test,.i-;,Check sum is _
test,"VK\3H{]r5NWVF)gIvX4RU`{4""<&
f+1",Check sum is 9
test,\Rcn@I\6\,Check sum is V
test,Lj,Check sum is V
test,"cU(b	0yvg;VsB,*?6T~l0w%Mw",Check sum is P
test,"*,~k~k,	H&s9S/KcO",Check sum is V
test,_&0$,Check sum is 9
test,"Hh9XMT~?>w""3%EI7",Check sum is 3
test,"(sN[(VA
(}^q)O5#%Wm",Check sum is Z
test,"C9,(0d:5gVs4vqhg@`b){g^-<qqZXr]Iu_u""~Q",Check sum is G
test,	__MJ?iCu,Check sum is ^
test,1Fr`!\F5;]kpz,Check sum is N
test,\)C&#3ow1},Check sum is 8
test,"L=P$9,i2(W]Pf<Vi[%mO	9~-&Uifm[B(BS'k	h,o:bo`7jyx",Check sum is ?
test,)Nt}9|otXVW/,Check sum is T
test,"I{kC9_:_,%?r""lwROwXWWz","Check sum is """
test,ZjY%<Z>hR1:c= 06KwI'B|Keg]ynr,Check sum is >
test,$+DyT5_ma!!#@~WAA-_TDmwID(,Check sum is [
test,lY66N-O=8p70c-[vm3|j%`KAHzcR	])Zfq2S^F,Check sum is ?
test,"Luhd)M[j@HI""jaDzN A9){bO`OlR7[`Yu-%",Check sum is  
test,"?A6oW}#v|{
 3dA,:?Aj$N$x3xj%Z5vlk",Check sum is _
test,"GVhQH$	-Rbv<p""n1vZ@%.c%~\ Z]Zp\{I5^0d*8*L{RU",Check sum is V
test,"z>:rx*)iKLM}:=miGEH	r/fS4mm^w<,)mQlt]FXnM<_<9.y<_",Check sum is 7
test,pzb4h	gxqNf-QbXL9,Check sum is R
test,"5B>wnN?!W+LZ[/
+m-Yn~HdxzFDA;f%<J0VmwK=3)D7+4|R	h
",Check sum is T
test,".3bt^@:5c-q{q5=j$""!(NUO&d7'!^&>vfd'p`aR5HHSUV~3$+S",Check sum is 9
test,"s\ D]$
}GI9*9ye9u=	EPf",Check sum is T
test,"PKbZq4
C!?p\]hpP{gJZB`VY0]%DzGbpm-9|QJ",Check sum is $
test,"6:Ci<pg{v}N
W^Zv\",Check sum is 6
test,)MT\y:qrJ(db8Ai~*@,Check sum is ^
test,",(^].2J*B` W",Check sum is \
test,",Q!g
dm~""kUpaSF(L/ag",Check sum is 5
test,"hIG+tSiYmqDg.x`9&+\'`""F\",Check sum is L
test,JXfm/Lt Tr{dHn_:XP=+^~95p(`C)vc@gLK{]Sx@FWmh,Check sum is B
test,9!t]m	eK*q-b|,Check sum is W
test,wM:lD}&WqbU4GJAU,Check sum is K
test,"#<W
Skmbyj]GIh33GC3Aw=NW(EpOK2z=kNNthdM",Check sum is V
test,"H&KEu(mhq`@`RQ,4fey@);S<U4sX+$V+",Check sum is _
test,PcP*:?|YguNQ-|>A?bbr&MwKbv$&'1o{pQ,Check sum is M
test,=D'LDk8*_28+4JC`Ub{}AD8;8I 2=sWnu}*,Check sum is E
test,"W?0iIn mjY=	_?,P.apO.~w""Uq>;X?#&\/2u[4",Check sum is )
test,qMeR?$O]Qn*%1,Check sum is #
test,"|Vx})8}ir1/}MDO7(|HlEb
fLBuJ[6RY_[}La+ubd#
",Check sum is C
test,"DTPz2[K$vh%;W,riscj?`6^0",Check sum is =
test,"]6J'TI=P7>iKk2/URzeO0""Ds09IVp_Iy*e	",Check sum is R
test,7n*Q:jYv&%;0ql(|YD,Check sum is G
test,"[=iYAn)
hWN$7%eO ~_xvu8f wA""@q]OoSE",Check sum is 9
test,"2:yb?m^%+ 3E1(=48IO'z>
mTdi<0XYT3 MEG-I('",Check sum is L
test,"
J%Rh,It=<+g0$'BK$mLiS""a*oZ
h76s'0I72Nb,[	",Check sum is 9
test,"6%ix[$VwD_Q'JJ%@Ec""tD4l",Check sum is ^
test,"5n""\fKB'{Az[oO}3hj.EfN'",Check sum is :
test,"SmScKl.!;SpLH=q
8%",Check sum is C
test,K*%sAVb2$&~.e#,Check sum is V
test,"knmo|
KgjE7	#`+$%Poe/!Q!AOo^rg\hq(=>J<]bGv3Kl}",Check sum is P
test,'[l^9I=<Fr8O^<FM[Z#U?N<,Check sum is I
test,r\Lk?NvfUnB{wL>|_>,Check sum is (
test,(x}`Rr+hG.t,Check sum is ]
test,">WkPPX-yIzyYqLV.Ut
=gLf#Ced8g&b61""4:j:INm&K)( 3rn",Check sum is '
test,wpnHwst*@%Y(RSNTV9,Check sum is A
test,Q8v,Check sum is _
test,5ZaiwK.ANr_2/ w,Check sum is A
test,=d{wO-hN+UdPd:5%`nV}|,Check sum is .
test,l}ij5#kDr(*[BPUO*0AsUQ,"Check sum is ,"
test,";^n$.JNl<u_	I""nD'D$	;ud8",Check sum is W
test,"3N|`cR_\=&Q1LiL__ZUI*EXX?""KRaZYlk7}",Check sum is E
test,7>/AB/D@,Check sum is :
test,"d~^p\n]1]=>fUe>8:5T^Rtd{PIi/X;)\<Hs)xmFXD""'o@",Check sum is D
test,6gu{}'_!g{$Si' igM]Nb/Pf,Check sum is )
test,"Z]+c;?^M),nhJ#I1m",Check sum is I
test,"*1$%9JCIB#q+(7dKh#C, OF&#/`NRc%5>AB$hG@Xr6\jO/b@D",Check sum is D
test,"qpqhq>?Eqlm&,r%9vHby'E{?hyPA	Co.i%!aumD)jwwsFM8",Check sum is H
test,"%^S/>T qc/^4{zkFs{r@,XE@v",Check sum is 1
test,UEdkb>:'D7+~8k(3n$J;mtZZmrAo2qYkw<2Lz)<q#:^,Check sum is J
test,">?Po
Ub6/z;*I",Check sum is *
test,qQ9P(6'\*CaS/M|Q-vmw	fx=,Check sum is !
test,ay`r)!s%BL'+&N))7M3cU{,Check sum is >
test,"Qd""Lnsi3sN@O\r`e)e1RyX>c57g;_j#%ivd=Fzcx_4`pQPgc",Check sum is .
test,+f6sDK|p/JC2Y+~UVhq0Z2C{;`+K}/z{D%Mp24?$3LPB,Check sum is 5
test,"+?kjD^g{6M8>y6[{]N:
5",Check sum is E
test,"Z~}br0;x=OYk}TO9N,xa8J!LxHLo*[31/0(	-#$:kUn",Check sum is '
test,)vkU8}5WJ{%#22g:^\.XQLt8~+tGc4] XmsR!5y/M.|vLJn,Check sum is L
test,"	n?
!n,$S4<1d",Check sum is W
test,})O/<Znc|pO|\&P\^(GRm WB:q.cr%e!.',Check sum is C
test,"})v0t;Q87WUE-$6i
2%|F%v0nwAyNCKbQNZ'GZa	kG\nZuYd",Check sum is :
test,"MW#L).Zg>^=J""  nvqh3&7J&3*|]Z;;",Check sum is S
test,HI0?[tfQF~>7Kj0	sP?Z]Lrs2o,Check sum is X
test,",j0",Check sum is &
test,j<9m.@j ,Check sum is $
test,"'{STS	yeLT^^K*;~tL/vl,94ee.zACrm7K",Check sum is .
test,"T^9}*YDA1,NK|O'JU1?
Lh?UaB+Ed$yKOaDX$	<YY=3L",Check sum is [
test,yO7~)%Vy|Pv<5gQi@zGgQDK`-a,Check sum is D
test,e%/@w,Check sum is P
test, ]Xa%AlTu3P(xl;m2i2~8[;-:hV{?vuTrrQNb496Xs(S%?nNb	,Check sum is 8
test,"~Qk*JSF\CD""[b)o` SkzNaY8@b97?1Yx&",Check sum is 2
test,Gef,Check sum is 2
test,)&@S<_a\KV]9Rt10;<w#52tI ,Check sum is M
test,"s-;_4A&M|""~*lpL{24@W[e!!
y6+8ZL13Go8VZL[y'qK^+Or?",Check sum is :
test,"DA
K l%2hKyZJKND(B<+Qh\=K_?AN",Check sum is %
test,"`RO.LH5F|alC2_jAR2cgR4sNR^$uZ54O""^
P*A,k6\,rEHGmM=",Check sum is -
test,"-N;""}SrPBF9-Xd73YsMyfi9 |IleasLWQCnn ",Check sum is 5
test,">
625/}QY2n",Check sum is ;
test,"Q>Y^YNqu,oB}WR?yO+\e7IUw=0k@5O_0",Check sum is  
test,"qImZ	{vx9HditamNEPQLR6)*y
",Check sum is A
test,89YjH},Check sum is Y
test,"rC{uc''+:,Iy8%J`6]sz;5Y9~*@R)6.dy5mSf12u@T>}9Wv",Check sum is >
test,"
AZ<XE^R=/Q1j_6wR<q14Y.X|B(N	AR4g\Lm2<ioCf.2;P",Check sum is O
test,"f_7nV$.q`ioE&&)sUy$n)&nlSF+c$,^vC6M3R.I=",Check sum is [
test,"I6Dij eY5Y""S:} J\NF*",Check sum is R
test,uWE1mfZ1Zr610L,Check sum is /
test,",xGN f|Fe$c=-aG$""$^8p*5C`<0{1)_4VZ@'wu",Check sum is (
test,"ZYDW	!""%Sl)6y5ZV0&HM",Check sum is F
test,"!7t#),y2rTzZ>s<)_LHQ#&DHrl)CnZg",Check sum is Q
test,"?nF@gUQ~I+DY?]}sPBp/3{xs;&6!*[Kc8Sj!mSFH?:C
Qi^",Check sum is 2
test,"N:!krnD%C>VB&Js`hv)mqG""`^HmUlC5ioPfsIvuAZ",Check sum is #
test,"Bi^;1IT]s4A&mZ{Q./bMaf4hJ@=h!s:m\
QRr '~<qfM3",Check sum is \
test,l&ZK{[x,Check sum is %
test,"{}4uhXmIeIJ2MF!l10QUv_E
J
#)7x",Check sum is ;
test,!1-V,Check sum is 5
test,#zZin[odr3,Check sum is A
test,"|0Z)!?ia7D\&n kISscL@/fMNhg<6v1ihU+{h(rh
7otpng""v:",Check sum is 6
test,"sOqPctYo>:""M>8""d3]dt]+<#%l
*}KkpOF6",Check sum is '
test,"x!;t`S!Kz*,NYmtkq;]gN+N[Ecee5HiY`0(dGv_8",Check sum is =
test,"A{FrK8F""tBGORz'+u-LjH=X2)~9Tkg8|MV3\Ztky/",Check sum is ]
test,b_y a+izgV:%jbG\A&_0gYGLl,Check sum is )
test,OEJ_m)d]0.L]<0Ycp<`,Check sum is /
test,"?l s
hqI'
p	w6y>?'K?;)=oBw'xWw",Check sum is >
test,"Vnv
A_
&r75I
HfVg`fV; L""XUA_/R}'cf~[-k*EX",Check sum is (
test,-k?,Check sum is 7
test,@Me/xwNy,Check sum is 7
test,lNLG;i6,Check sum is G
test,\lb^b\J;yYxNM)=nK+H)cnBefg[lh)1f_,Check sum is ^
test,"vX]+b!S?ieDYg[6U
<SjA,-@",Check sum is  
test,"dngZ!)Cl,h""q58b[A)x@T.H0h!3hO[R+(n}W03MFHa+KCQ_",Check sum is V
test,"HG\D\/?7fn%/tHzF,Ed)M""+U28<hAU8",Check sum is =
test,Cct<CCQfT	q5,Check sum is 6
test,"fBl,7	}_WV ;g""8&|X>[kx2T;:E~D$ST4!|%&)O",Check sum is \
test,o>p!V|Qk1K[^_AY{hJs*O8GcbyP5!&@E,Check sum is A
test, 0Yx|m(-*d/6^g4@J,Check sum is 5
test,1;*i	}{u3WwEBOW(SNnp$Bt?mn2c`MUl_Lp.)8os/Ctr#4w$,Check sum is 7
test,"EwId ?l?PYq|#=cDCWNb.3B[*o""Q@&q5PD",Check sum is $
test,V1V,Check sum is =
test,/YGu%7$tRHZADx/!I4l%S)TN!,Check sum is &
test,eYUJd'YcrV	An?$A>7`70IU8p.<	73+QK #xDw{-j^,Check sum is 4
test,q->@Q:u	&>uZ/*\AHgCpip@3	!V`=Yl{o%T,Check sum is !
test,"3?;ip=6v8
kO'>Y N3M'<Lt0mhn(j6Wm{~b2D(\V5W",Check sum is P
test,3L:M&Tq,Check sum is Q
test,"q,(hRhvM0F|D:&YsNEWe_LFK
~z^",Check sum is W
test,*J}Y9Zjt8MVoU'O;HdQ'ro719s-JGC{vH4,Check sum is 2
test,"
:v0LgplY8;z;.E`ZZx $Z`?3i'{`Q|+zQXT|]@wd",Check sum is W
test,EvYQ,Check sum is E
test,3\wT\T<s|gwgOykx' ,Check sum is L
test,XIL1=,Check sum is ;
test,"Tm@z""=noE2lngdO&&=<xS{,BLT\2(A",Check sum is R
test,e9-4i3s_.4pmWA|-xB=d&qvm/3TPb9W+aF5y7p_%_oZx,Check sum is %
test,"'wJ<&Y#V@"")3XaCQxO<0v.5v]1,}Q$Jq%lq4",Check sum is &
test,"-=RYlq?j&
Ceu)-,6jT/R",Check sum is ?
test,?p%HV1$}*;OS\yXlo?Yc-:Gn1-ES M!_1`$%iFexOE}AUa,Check sum is [
test,RZ((C_4wvS$so+IAXXVd~}nw*,Check sum is !
test,"Ba&*EO9,l1D*DGzIBt",Check sum is [
test,)E6,Check sum is D
test,~!{6^kFY,Check sum is X
test,=Z8EG?uGG/$w[rG	VO:j*7Q)Wy]Nb_U@9,Check sum is R
test,9!fMcU{<pp(=(puB~SFf%rodQ,Check sum is (
test,"ex<<Ybh$l7 fNKSe(""}m[Jy*|}",Check sum is +
test,"]CN=?-49Lyu_7`?`S,:q:$K
vd5l+<PHi[%EXg2q",Check sum is Z
test,=+Ago4TtsX4jmje[Q\Oc1RcoF4L(##{ |5] Mkz93lUB,Check sum is -
test,"=~WjDY)5O5?	f|:E""\%Ub#cD0w`xh",Check sum is O
test,TT(,Check sum is 0
test,b{g@@Y!?Rt,Check sum is #
test,"K:kE>ZAtE^5ZxvD{@k+s|5Q
#\N",Check sum is #
test,ZCdEQ]n0o*aRnAr|,Check sum is [
test,"K+5.(R
y31 K\n
Oz!vl.wot_,=K- 0vs p?%9J`hT|<(B/",Check sum is J
test,"3},VhlA{<O~DG}Y.""j540g%[Fl",Check sum is 8
test,Q+C_.+?|L<DoZ9'aCrb[Jo%Y [K0aC1}7V:=3_4Llr6|@:,Check sum is 9
test,uxf0bQ_n[P|`O1])xM?<lr	j{XdZz^z)7y+x `?>,Check sum is ]
test,"G@?IW\I'~2&,bSys]",Check sum is R
test,">rI%*@r*-'^v!V(6=`Ho
D`4wg~fdz",Check sum is W
test,"IA""`s3!&]82~bL?_r:#""7",Check sum is R
test,:^4=EDU{~iD;a6pMz_'A1{&Q5>hWo@HyPnEZ,Check sum is _
test,"$""KM7<>sU
8+s[9^6'",Check sum is &
test,"Wxh@> i?0
gb
w-2Um,TXwo	\uIe^.Fhz}CAb:#S8Zk2&5Apf_",Check sum is O
test,XzR6Y4&[[;`Z4vQ<&8+e5uoj\cq&I#PYq]4`,Check sum is M
test,"v
[/&rB<ewi/h#
thtIq@8#juSXhF""}M*G@lFvSua=w(dK=",Check sum is \
test,"ezZCU:pfg
Daruj,bD>R
_ [KV	zw>K$on'L",Check sum is F
test,$_pnF<!Ww4ats.4bT`;~f4<h!3*ERzRd@-g/D9L:{~/Q5po3]O,Check sum is T
test,"
vLcpS8q'dJb6",Check sum is (
test,&-VUFesdlzos0~vBNb&QL)sV,Check sum is 3
test,"w[,Q",Check sum is /
test,gmI.Ohz>}+.;dO]pnT0r?uM9mTWX<Y	T/Oc9&dk [#hWq	i,Check sum is :
test,"v	zVr,(7(;XF/gx7P%HN51>q*R=y=Lieu:&>Fj0^Lp U
>",Check sum is %
test,"2!;ILs~Y-#]_vR.""SXXYaOH`&Oc",Check sum is =
test,"@aC~	ru""&$8yzF`pS/i*3*G",Check sum is X
test,X\]u%fViHh,Check sum is  
test,"j(x8GxorNnC%`3Jq;%%riXa$JF7`{|'RG5G0*,ITXY#vS)",Check sum is 4
test,",""xsV{wDy}Cj(rbc;4wmG@[[M'?NCh",Check sum is #
test,"r3Tt+yrm""Wf$",Check sum is S
test,"
$vdH^/=Cw6m)dbQa<CB5aUKk!i(!,G|EM/$6/Zlj98h@sc",Check sum is E
test,"plL,({+i3 }""kcbL	'0&kmN{2\<wOf*\eH@W#A58*pTl.?CV.J",Check sum is )
test,"(,%![,t1xO%84CNtC1\r",Check sum is E
test,"pf7f'IL5spO$j1dM){b3+fSq7y,2[",Check sum is ]
test,\[=OKyTKT:[uS	[s<,Check sum is J
test,H[vQ?co4)LZN/s fr)x>~+/Vx0l/g7jkx,Check sum is A
test,"|_O0yfJ9t#3\DXr~Y/g-=
}kE}N]L!<
~{",Check sum is 2
