set,input1,output1
train,,Check sum is  
train,	,Check sum is )
train,"
",Check sum is *
train,"B
","Check sum is ,"
train,"

",Check sum is 4
train,"

















































",Check sum is T
train,                                                  ,Check sum is  
train,ssssssssssssssssssssssssssssssssssssssssssssssssss,Check sum is V
train,"CD
CD
CD
CD
CD
CD
CD
CD
CD
CD
CD
CD
CD
CD
CD
CD
CD",Check sum is 7
train,"x
y x
y x
y x
y x
y x
y x
y x
y x
y x
y x
y x
y x
",Check sum is &
train," 
 
 
 
 
 
 
 
 
 
 
 
 
 
 
 
 
 
 
 
 
 
 
 
 
",Check sum is :
train, ,Check sum is @
train,!,Check sum is A
train,"""",Check sum is B
train,#,Check sum is C
train,$,Check sum is D
train,%,Check sum is E
train,&,Check sum is F
train,',Check sum is G
train,(,Check sum is H
train,),Check sum is I
train,*,Check sum is J
train,+,Check sum is K
train,",",Check sum is L
train,-,Check sum is M
train,.,Check sum is N
train,/,Check sum is O
train,0,Check sum is P
train,1,Check sum is Q
train,2,Check sum is R
train,3,Check sum is S
train,4,Check sum is T
train,5,Check sum is U
train,6,Check sum is V
train,7,Check sum is W
train,8,Check sum is X
train,9,Check sum is Y
train,:,Check sum is Z
train,;,Check sum is [
train,<,Check sum is \
train,=,Check sum is ]
train,>,Check sum is ^
train,?,Check sum is _
train,@,Check sum is  
train,A,Check sum is !
train,B,"Check sum is """
train,C,Check sum is #
train,D,Check sum is $
train,E,Check sum is %
train,F,Check sum is &
train,G,Check sum is '
train,H,Check sum is (
train,I,Check sum is )
train,J,Check sum is *
train,K,Check sum is +
train,L,"Check sum is ,"
train,M,Check sum is -
train,N,Check sum is .
train,O,Check sum is /
train,P,Check sum is 0
train,Q,Check sum is 1
train,R,Check sum is 2
train,S,Check sum is 3
train,T,Check sum is 4
train,U,Check sum is 5
train,V,Check sum is 6
train,W,Check sum is 7
train,X,Check sum is 8
train,Y,Check sum is 9
train,Z,Check sum is :
train,[,Check sum is ;
train,\,Check sum is <
train,],Check sum is =
train,^,Check sum is >
train,_,Check sum is ?
train,`,Check sum is @
train,a,Check sum is A
train,b,Check sum is B
train,c,Check sum is C
train,d,Check sum is D
train,e,Check sum is E
train,f,Check sum is F
train,g,Check sum is G
train,h,Check sum is H
train,i,Check sum is I
train,j,Check sum is J
train,k,Check sum is K
train,l,Check sum is L
train,m,Check sum is M
train,n,Check sum is N
train,o,Check sum is O
train,p,Check sum is P
train,q,Check sum is Q
train,r,Check sum is R
train,s,Check sum is S
train,t,Check sum is T
train,u,Check sum is U
train,v,Check sum is V
train,w,Check sum is W
train,x,Check sum is X
train,y,Check sum is Y
train,z,Check sum is Z
train,{,Check sum is [
train,|,Check sum is \
train,},Check sum is ]
train,~,Check sum is ^
train,uv,Check sum is K
train,85,Check sum is M
train,fJ,Check sum is P
train,J7,Check sum is !
train,bU,Check sum is W
train,g8,Check sum is ?
train,a*,Check sum is +
train,@J,Check sum is *
train,3/,Check sum is B
train,0c,Check sum is 3
train,fE,Check sum is K
train,l=,Check sum is I
train,us,Check sum is H
train,um,Check sum is B
train,Te,Check sum is Y
train,	h,Check sum is Q
train,3i,Check sum is <
train,-~,Check sum is K
train,q`,Check sum is 1
train,Y|,Check sum is 5
train,;S,Check sum is .
train,lm,Check sum is 9
train,S-,Check sum is  
train,C(,Check sum is K
train,+(,Check sum is 3
train,s|,Check sum is O
train,kt,Check sum is ?
train,:a,Check sum is ;
train,;+,Check sum is F
train,2k,Check sum is =
train,+L,Check sum is W
train,v:,Check sum is P
train,Gw,Check sum is ^
train,>d,Check sum is B
train,",H",Check sum is T
train,"""8",Check sum is :
train,"3
",Check sum is ]
train,IP,Check sum is 9
train,`+,Check sum is +
train,`w,Check sum is 7
train,Qz,Check sum is +
train,H(,Check sum is P
train,{t,Check sum is O
train,"N,",Check sum is Z
train,j	,Check sum is S
train,Q-,Check sum is ^
train,Z4,Check sum is .
train,?},Check sum is \
train,d0,Check sum is 4
train,M=,Check sum is *
train,pB,Check sum is R
train,Qd,Check sum is U
train,OK,Check sum is :
train,#d,Check sum is '
train,~<,Check sum is Z
train,]F_,"Check sum is """
train,>nb,Check sum is .
train,pS=,Check sum is  
train,Xq$,Check sum is M
train,9_G,Check sum is ?
train,[9P,Check sum is D
train,Ufq,Check sum is L
train,[>-,Check sum is &
train,IKR,Check sum is F
train,`f#,Check sum is I
train,u7E,Check sum is Q
train,r3-,Check sum is 2
train,_LI,Check sum is T
train,zr-,Check sum is 9
train,%2f,Check sum is ]
train,E_?,Check sum is C
train,}y*,Check sum is @
train,>|C,Check sum is ]
train,mLj,Check sum is C
train,-S),Check sum is I
train,ZIb,Check sum is %
train,_f&,Check sum is K
train,x g,Check sum is _
train,a;|,Check sum is 8
train,~M ,Check sum is K
train,J]Y,Check sum is  
train,YO%,Check sum is -
train,vv3,Check sum is ?
train,5d?,Check sum is 8
train,sx5,Check sum is @
train,:+t,Check sum is 9
train,"f,D",Check sum is 6
train,{Fg,Check sum is H
train,@//,Check sum is >
train,~h~,Check sum is D
train,v&(,Check sum is $
train,:+],"Check sum is """
train,*s:,Check sum is 7
train,?(q,Check sum is 8
train,"
^o",Check sum is 7
train,SU7,Check sum is ?
train,yLY,Check sum is >
train,A{W,Check sum is 3
train,{5C,Check sum is S
train,fSg,Check sum is @
train,b~%,Check sum is %
train,E	g,Check sum is U
train,w?3,Check sum is I
train,"M,h",Check sum is A
train,@}H,Check sum is %
train,"`2s$vMula`$hY)AwA-Fg,f ]M='",Check sum is O
train,"MTP\k""3Op?r!f+""<gw\qyn",Check sum is ?
train,"Y*+-.lIQ	@ZOX&r81
#"",",Check sum is 5
train,"BLJfSpn97X~=Cb9	Nk2;~""J(b'pNZ44$4_2	oU",Check sum is 0
train,%63hB($`u)F>3Zm3,Check sum is S
train,"bhT^Rd;v""3",Check sum is X
train,NZ(>F	qG_/n,Check sum is 1
train,"?w6	Az`p?+Xp+D""&idn|!#6E%>@m?Zg.qvIe",Check sum is R
train,"S8%AIG#gMDL-hcAjEp+hw0HH:f+NS]
9",Check sum is 6
train,"{~Sq)d9p=,+
^q",Check sum is @
train,"K#;7^[""O1""""(pX?zA[m8'>)5Oub3-(s58AKRs""Qb,_7&pJ","Check sum is """
train,V)lh!U`:UQDMRH~w.STvM!>VA9zI~Jd=l3g_/8,Check sum is H
train,").s7Zr5o7c&imU-w.?Pa2R-nG+4#)1aG_""HZh+ty`?J""lJ<>",Check sum is F
train,xa]EZ_8	Ef+\FZL:r9O~|NNu3,Check sum is %
train,"9?3Yj#FZut^-+`#%6F,0 0g89Og3K?'-z.7k,",Check sum is U
train,"9{#*0
2J11' tMWJ~cVg$Q) G!2<xBxv*Sbs8O=+",Check sum is =
train,"""9dl)+G8r` <c4Dv",Check sum is ]
train,UCMg8B,Check sum is &
train,xaEo4E{pjVOMy5-X<CP?>zTS1QNUGTosAB{z$Sm&%Pr,Check sum is X
train,lJLd*Hg,Check sum is _
train," ,7Lw}sVF1*S}x}3ojVsgQ(mMlr11`",Check sum is !
train,"9Zr-X@R6]qUI2nBg,L,^",Check sum is )
train,"
!""cIR8ZFfq}+	qeOBH#uI,=\>yb%py`",Check sum is '
train,1tnEXi<}w3Bv}[R-i:~pfPu3E,Check sum is _
train,m?[0w:+QI2o:-4km|%\rT/2l.2rG~Oe#	ADn%fUT0L,Check sum is K
train,SaW,Check sum is +
train,"*_asK02`E:[Xgr
4H=5",Check sum is M
train,"+rIU9WKp&i+D'|u)#sZBqIG""L!o>Q",Check sum is %
train,!g>>*b3^@xUxMTx12MlirOSE 61rd$,Check sum is >
train,[Oe4!$d`Q`2	GWy(/4aHz,Check sum is ]
train,"VVf#72""LG|w@sa#?l7H0D`II8#0B5",Check sum is /
train,.#\Z{-YT3,Check sum is /
train,"W?SyS*>Knq7Y$--,jigJ_	nK.yaY2IKL*S6CI1wk/MPfK>TLr",Check sum is X
train,JM-[!@NL;^._'K(lat-.JSnWBI6f#n17)-	,Check sum is 7
train,!TuMN8>rNx0Q!4&|36?<eD?g|z0y?kJ@c4tJH[Q4p>T,Check sum is P
train,5yh>1d3gIa_\JRbK6;G+y_h\bDNU6c,Check sum is 2
train,oB5kRPk!4H*&FMfDIgV!5SD3^y<!*d:>WcjP=$`<[>)&Et>*,Check sum is B
train,"!#e_L:?sV:azw74{ia!aW W_-y-n*pbBajn{X
.-86c","Check sum is """
train,M8ymz*,Check sum is /
train,rR+Fnzmq>,Check sum is Y
train,Jj+wUaqq(F|`{aV[67%\,Check sum is S
train,	YKsyl>Ri$L,Check sum is N
train,ai,Check sum is *
train,"7TQ>(\}Abg
i>H-wtUH+LXc2nB|o
",Check sum is <
train,"FOS2|\<4`,7ekR/X|u`}j8=D&  D",Check sum is I
train,"ShaCZREB""(
yWm%",Check sum is (
train,-7v;hoU5sr'	';s-A7/57~WPduGSW_uXkV\[xEPn,Check sum is N
train,Ft!quF&h@X&h%&.pYd\^^BC_R)Q2,Check sum is ;
train,"e7jY~/~B,d%&)Tneidj}eQqb'1w`z
cAS>29,H,Ja9ILGc",Check sum is *
train,"6Y3jjd96F1
>Q9)4V$6ZR/	l!9
{Tgr7SL?v$p3Ae%",Check sum is X
train,"GZ*:+S\%H=;+.n5eS[N,
E{W-|tc\e.4{)o&tkH,$F2&",Check sum is ?
train,9qZ$yT-m@1Afak/Agg=Rcb+Ma9Sbc,Check sum is O
train,"84=_?gN,+P%,py>%0y]L8
W/O>Sn?.XpyLd{? *",Check sum is *
train,"0M a*KHgewm`aiA&MHsneceSaAH;$P};b1B=RE,c+dRG!k",Check sum is O
train," 51Y~&k.30K""8/E3^",Check sum is I
train,?Osn.LO|&n3=J@I+v'9E,Check sum is 1
train,MC1|wZcRM=An@Dx@,Check sum is X
train,lQ8>wTT42<B;H,Check sum is Y
train,"H4#P_376v7X9v""'M:\S:}\;4ni97W2ATj: [",Check sum is G
train,"kymN?iK_0t(w{. x8;#(Qh:c,!x",Check sum is .
train,"""sv0fO.|1;JBV63x:V x1Q^Uw$~VFJ9(",Check sum is &
train,"XIxE~En%<Ew}4GQN!;[Cw=Mny}(""@;V^y+dH1]@|vL?>j,7a",Check sum is B
train,"YU\` AqfvU:u|{EYmaBP+g,fAm	m9?e uOm4#@p_+p",Check sum is (
train,[g=#xWrcRRAFb+I2rbr<Oy5dqe|i;{(09n>un/RB3k,Check sum is .
train,u>jnAL4,"Check sum is ,"
train,IJ65*CC26\O(7d&n)?,Check sum is  
train,"}_Q_/bJ?z	xRv@
kj8+.L",Check sum is E
train,"*yJ
+%9SMa].|J{=Mql>E^I2YfW3B)7@}qY-g#9C8+[I",Check sum is \
train,"_
XLQM4x.
uY",Check sum is =
train,"d~UmHe&HSvR$7To'B4luzU`v,	`E	5A/""{2z3uH",Check sum is <
train,"a`'""Xj77pV-MGU",Check sum is 6
train,"T{3t/$A:|vt.V *6>1&Hv`U7S
mOnh/56Q6u?/rDnej",Check sum is 3
train,"fE)	b$8""*v<S>v[vG7?Lew=h",Check sum is [
train,"z6xiF%<>u<d^YGRT~3~HJ""nz%sM9qjX5>
VtE{#8ltJXTP #;H",Check sum is 9
train,";
C`fo?",Check sum is \
train,"
p""_qP#By",Check sum is :
train,LF$c#rS$>j$l>dsUkk11I[zxc?2Uvwm~Xoa8h9,Check sum is 7
train,NE?]}NQgW^1?X=x,Check sum is D
train,lWO??{z\#es3v	=\@I,Check sum is P
train,& NJ,Check sum is >
train,"16]gTR/0d|
G=!fnX-',9I5/F/Cf%Ds@C7.$^Cu",Check sum is M
train,"hTD?*#r,gQsl7eiii\Ba!W!Xne$?)pn",Check sum is %
train,+r[8KLgyCN!^;,Check sum is R
train,"}rN`!<g~8iJ$->f\-VWV~""B!d,OJ[jD7|E?Ry9d",Check sum is ?
train,"[{bW*xhbx|n-DgWI;""8l9
a,44Z,3""=L}	1X4",Check sum is U
train,"F848	`A|Fmtx,""EHrbX5}o_%""%FBHCU4dI=",Check sum is H
train,>\B97!XA%K(y._jCF0|hE*5ka\.XBk,Check sum is J
train,k{1O^p.BC \W&J*p!mJ,Check sum is <
train,vh#5JCDbt#?+<;rSgGGEk5&9*]061C<VLG{:0,Check sum is *
test,%Z,Check sum is _
test,ON,Check sum is =
test,"
*",Check sum is T
test,"5""",Check sum is 7
test,Ps,Check sum is #
test,Z7,Check sum is 1
test,S\,Check sum is O
test,O.,Check sum is ]
test,Cj,Check sum is M
test,>6,Check sum is T
test,Ys,"Check sum is ,"
test,{p,Check sum is K
test,Am,Check sum is N
test,54,Check sum is I
test,W\,Check sum is S
test,c3,Check sum is 6
test,aV,Check sum is W
test,aU,Check sum is V
test,[l,Check sum is '
test,@J,Check sum is *
test,Pe,Check sum is U
test,z>,Check sum is X
test,k8,Check sum is C
test,}f,Check sum is C
test,D&,Check sum is J
test,Q;,"Check sum is ,"
test,JG,Check sum is 1
test,4},Check sum is Q
test,sr,Check sum is E
test,+[,Check sum is &
test,Z0,Check sum is *
test,f:,Check sum is @
test,xv,Check sum is N
test,8{,Check sum is S
test,|w,Check sum is S
test,)9,Check sum is B
test,vC,Check sum is Y
test,6e,Check sum is ;
test, ^,Check sum is ^
test,.	,Check sum is W
test,rA,Check sum is S
test,zQ,Check sum is +
test,U+,Check sum is  
test,w3,Check sum is J
test,Gd,Check sum is K
test,wl,Check sum is C
test,83,Check sum is K
test,PW,Check sum is G
test,<U,Check sum is 1
test,/M,Check sum is \
test,}M,Check sum is *
test,sP,Check sum is #
test,M1,Check sum is ^
test,WU,Check sum is L
test,6s,Check sum is I
test,"\,",Check sum is (
test,z~,Check sum is X
test,fY,Check sum is _
test,If,Check sum is O
test,wM,Check sum is $
test,tW,Check sum is +
test,5Q,Check sum is &
test,Z1,Check sum is +
test,~q,Check sum is O
test,U~,Check sum is 3
test,K@,Check sum is +
test,ps,Check sum is C
test,Bm,Check sum is O
test,3f,Check sum is 9
test,<s,Check sum is O
test,p\,"Check sum is ,"
test,-6,Check sum is C
test,5=,Check sum is R
test,-r,Check sum is ?
test,:0,Check sum is J
test,3G,Check sum is Z
test,e>,Check sum is C
test,l\,Check sum is (
test,rd,Check sum is 6
test,",P",Check sum is \
test,}L,Check sum is )
test,+-,Check sum is 8
test,>k,Check sum is I
test,'Z,Check sum is !
test,ut,Check sum is I
test,>-,Check sum is K
test,j!,Check sum is +
test,)8,Check sum is A
test,f?,Check sum is E
test,r@,Check sum is R
test,p^,Check sum is .
test,8 ,Check sum is 8
test,mp,Check sum is =
test,1a,Check sum is 2
test,SA,Check sum is 4
test,J`,Check sum is J
test,K{,Check sum is &
test,/',Check sum is 6
test,|k,Check sum is G
test,B5,Check sum is W
test,X:,Check sum is 2
test,L4,Check sum is  
test,	+,Check sum is T
test,bJ,Check sum is L
test,rO,Check sum is !
test,qI,Check sum is Z
test,"5""",Check sum is 7
test,t9,Check sum is M
test,D9,Check sum is ]
test,#p,Check sum is 3
test,|\,Check sum is 8
test,yR,Check sum is +
test,>-,Check sum is K
test,RX,Check sum is J
test,Co,Check sum is R
test,=0,Check sum is M
test,DI,Check sum is -
test,*	,Check sum is S
test,BE,Check sum is '
test,LA,Check sum is -
test,x~,Check sum is V
test,C#,Check sum is F
test,N2,Check sum is  
test,hg,Check sum is /
test,E3,Check sum is X
test,0R,"Check sum is """
test,Ez,Check sum is _
test,+5,Check sum is @
test,rJ,Check sum is \
test,5c,Check sum is 8
test,FS,Check sum is 9
test,Q',Check sum is X
test,<^,Check sum is :
test,3],Check sum is 0
test,Z=,Check sum is 7
test,"O
",Check sum is 9
test,mN,Check sum is [
test,+s,Check sum is >
test,tV,Check sum is *
test,<g,Check sum is C
test,4$,Check sum is 8
test,I),Check sum is R
test,g),Check sum is 0
test,F4,Check sum is Z
test,rY,Check sum is +
test,x*,Check sum is B
test,!),Check sum is *
test,cE,Check sum is H
test,'P,Check sum is W
test,SF,Check sum is 9
test,"3""",Check sum is 5
test,FQ,Check sum is 7
test,;G,"Check sum is """
test,Ek,Check sum is P
test,SA,Check sum is 4
test,BK,Check sum is -
test,^#,Check sum is !
test,y>,Check sum is W
test,?~,Check sum is ]
test,) ,Check sum is )
test,{i,Check sum is D
test,H0,Check sum is X
test,oj,Check sum is 9
test,Ak,Check sum is L
test,Ad,Check sum is E
test,wx,Check sum is O
test,<e,Check sum is A
test,;;,Check sum is V
test,ut,Check sum is I
test,rK,Check sum is ]
test,X~,Check sum is 6
test,R&,Check sum is X
test,8G,Check sum is _
test,/9,Check sum is H
test,v:,Check sum is P
test,Be,Check sum is G
test,z@,Check sum is Z
test,bl,Check sum is .
test,NJ,Check sum is 8
test,z',Check sum is A
test,h$,"Check sum is ,"
test,$h,"Check sum is ,"
test,rq,Check sum is C
test,LE,Check sum is 1
test,3{,Check sum is N
test,Ce,Check sum is H
test,l.,Check sum is :
test,E1,Check sum is V
test,G ,Check sum is G
test,$|,Check sum is @
test,~w,Check sum is U
test,KO,Check sum is :
test,	m,Check sum is V
test,y+,Check sum is D
test,Q4,Check sum is %
test,GY,Check sum is @
test,Sb,Check sum is U
test,N',Check sum is U
test,vr,Check sum is H
test,/b,Check sum is 1
test,6t,Check sum is J
test,0f,Check sum is 6
test,bt,Check sum is 6
test,",i",Check sum is 5
test,Ap,Check sum is Q
test, J,Check sum is J
test,tG,Check sum is [
test,/U,Check sum is $
test,zh,Check sum is B
test,_x,Check sum is 7
test,#s,Check sum is 6
test,tB,Check sum is V
test,6>,Check sum is T
test,n@,Check sum is N
test,rG,Check sum is Y
test,+4,Check sum is ?
test,1K,Check sum is \
test,(#,Check sum is +
test,ek,Check sum is 0
test,V&,Check sum is \
test,NI,Check sum is 7
test,"
<",Check sum is &
test,=9,Check sum is V
test,#4,Check sum is 7
test,;2,Check sum is M
test,|W,Check sum is 3
test,2H,Check sum is Z
test,	8,Check sum is !
test,~=,Check sum is [
test,y|,Check sum is U
test,1J,Check sum is [
test,N+,Check sum is Y
test,Xd,Check sum is \
test,"""%",Check sum is '
test,hY,Check sum is !
test,S?,Check sum is 2
test,E+,Check sum is P
test,F8,Check sum is ^
test,[*,Check sum is %
test,tN,"Check sum is """
test,&*,Check sum is 0
test,#5,Check sum is 8
test,*	,Check sum is S
test,wT,Check sum is +
test,}W,Check sum is 4
test,bG,Check sum is I
test,Vd,Check sum is Z
test,Z\,Check sum is V
test,T0,Check sum is $
test,: ,Check sum is :
test,i	,Check sum is R
test,^3,Check sum is 1
test,eG,Check sum is L
test,	k,Check sum is T
test,hN,Check sum is V
test,.a,Check sum is /
test,ws,Check sum is J
test,<V,Check sum is 2
test,^a,Check sum is _
test,*w,Check sum is A
test,2],Check sum is /
test,.J,Check sum is X
test,wm,Check sum is D
test,U{,Check sum is 0
test,sA,Check sum is T
test,"},",Check sum is I
test,!.,Check sum is /
test,LZ,Check sum is F
test,u],Check sum is 2
test,"{""",Check sum is =
test,Hv,Check sum is ^
test,Q\,Check sum is M
test,9{,Check sum is T
test,Z{,Check sum is 5
test,"

",Check sum is 4
test,u3,Check sum is H
test,j>,Check sum is H
test,>B,Check sum is  
test,'C,Check sum is J
test,|E,Check sum is !
test,zi,Check sum is C
test,)1,Check sum is :
test,cS,Check sum is V
test,AO,Check sum is 0
test,EI,Check sum is .
test,I4,Check sum is ]
test,?1,Check sum is P
test,ZI,Check sum is C
test,	u,Check sum is ^
test,cF,Check sum is I
test,?*,Check sum is I
test,+(,Check sum is 3
test,dv,Check sum is :
test,}m,Check sum is J
test,2I,Check sum is [
test,oW,Check sum is &
test,sa,Check sum is 4
test,i8,Check sum is A
test,=m,Check sum is J
test,]U,Check sum is R
test,+|,Check sum is G
test,|{,Check sum is W
test,;+,Check sum is F
test,P?,Check sum is /
test,iK,Check sum is T
test,"*""","Check sum is ,"
test,@!,Check sum is A
test,U?,Check sum is 4
test,d_,Check sum is #
test,qg,Check sum is 8
test,e`,Check sum is %
test,uk,Check sum is @
test,H5,Check sum is ]
test,C|,Check sum is _
test,]X,Check sum is U
test,\;,Check sum is 7
test,Z~,Check sum is 8
test,%!,Check sum is &
test,j|,Check sum is F
test,B`,Check sum is B
test,Yc,Check sum is \
test,`G,Check sum is G
test,V?,Check sum is 5
test,*A,Check sum is K
test,%8,Check sum is =
test,UY,Check sum is N
test,u?,Check sum is T
test,<#,Check sum is ?
test,D[,Check sum is ?
test,HT,Check sum is <
test,+~,Check sum is I
test,:R,"Check sum is ,"
test,Sy,"Check sum is ,"
test,'t,Check sum is ;
test,Up,Check sum is %
test,C_,Check sum is B
test,-I,Check sum is V
test,IQ,Check sum is :
test,RK,Check sum is =
test,g(,Check sum is /
test,2@,Check sum is R
test,^f,Check sum is $
test,8m,Check sum is E
test,K%,Check sum is P
test,XO,Check sum is G
test,"
A",Check sum is +
test,#K,Check sum is N
test,jK,Check sum is U
test,#d,Check sum is '
test,&B,Check sum is H
test,=e,Check sum is B
test,?9,Check sum is X
test,I;,Check sum is $
test,rL,Check sum is ^
test,7D,Check sum is [
test,4r,Check sum is F
test,iE,Check sum is N
test,dX,Check sum is \
test,;z,Check sum is U
test,^x,Check sum is 6
test,as,Check sum is 4
test,TQ,Check sum is E
test,/v,Check sum is E
test,df,Check sum is *
test,kh,Check sum is 3
test,^},Check sum is ;
test,pX,Check sum is (
test,Fv,Check sum is \
test,&E,Check sum is K
test,0n,Check sum is >
test,(<,Check sum is D
test,r?,Check sum is Q
test,s=,Check sum is P
test,d8,Check sum is <
test,R8,Check sum is *
test, R,Check sum is R
test,ZB,Check sum is <
test,rN,Check sum is  
test,_l,Check sum is +
test,Te,Check sum is Y
test,}*,Check sum is G
test,`e,Check sum is %
test,"P,",Check sum is \
test,9L,Check sum is %
test,v@,Check sum is V
test,1F,Check sum is W
test,y3,Check sum is L
test,Sb,Check sum is U
test,[w,Check sum is 2
test,iC,Check sum is L
test,0p,Check sum is @
test,"""6",Check sum is 8
test,T@,Check sum is 4
test,E8,Check sum is ]
test,4H,Check sum is \
test,|Q,Check sum is -
test,-K,Check sum is X
test, *,Check sum is *
test,{',Check sum is B
test,cA,Check sum is D
test,85,Check sum is M
test,"""g",Check sum is )
test,N2,Check sum is  
test,"
Z",Check sum is D
test,:h,Check sum is B
test,~(,Check sum is F
test,VZ,Check sum is P
test,L6,"Check sum is """
test,mQ,Check sum is ^
test,aR,Check sum is S
test,}8,Check sum is U
test,q%,Check sum is 6
test,E~,Check sum is #
test,BB,Check sum is $
test,"
y",Check sum is #
test,~),Check sum is G
test,mr,Check sum is ?
test,;x,Check sum is S
test,r0,Check sum is B
test,7/,Check sum is F
test,ip,Check sum is 9
test,J ,Check sum is J
test,wZ,Check sum is 1
test,3$,Check sum is 7
test,-a,Check sum is .
test,Ke,Check sum is P
test,Xi,Check sum is !
test,70,Check sum is G
test,x1,Check sum is I
test,DN,Check sum is 2
test,=',Check sum is D
test,Yw,Check sum is 0
test,PW,Check sum is G
test,6%,Check sum is ;
test,/%,Check sum is 4
test,Pk,Check sum is [
test,5m,Check sum is B
test,/y,Check sum is H
test,OH,Check sum is 7
test,Vm,Check sum is #
test,V&,Check sum is \
test,6O,Check sum is %
test,jY,Check sum is #
test,Ql,Check sum is ]
test,da,Check sum is %
test,ey,Check sum is >
test,?@,Check sum is _
test,sm,Check sum is @
test,[],Check sum is X
test,W;,Check sum is 2
test,73,Check sum is J
test,O&,Check sum is U
test,2O,Check sum is !
test,It,Check sum is ]
test,Cx,Check sum is [
test,9b,Check sum is ;
test,D{,Check sum is _
test,6w,Check sum is M
test,"
]",Check sum is G
test,d7,Check sum is ;
test,Md,Check sum is Q
test,`$,Check sum is $
test,Nm,Check sum is [
test,yM,Check sum is &
test,J2,Check sum is \
test,>9,Check sum is W
test,a-,Check sum is .
test,M!,Check sum is N
test,H%,Check sum is M
test,*r,Check sum is <
test,*;,Check sum is E
test,5j,Check sum is ?
test,"""Q",Check sum is S
test,i},Check sum is F
test,vo,Check sum is E
test,eo,Check sum is 4
test,".,",Check sum is :
test,0r,Check sum is B
test,H/,Check sum is W
test,(H,Check sum is P
test,!l,Check sum is -
test,AY,Check sum is :
test,(h,Check sum is 0
test,", ","Check sum is ,"
test,T{,Check sum is /
test,\a,Check sum is ]
test,-E,Check sum is R
test,MB,Check sum is /
test,#q,Check sum is 4
test,"w,",Check sum is C
test,bV,Check sum is X
test,0z,Check sum is J
test,bJ,Check sum is L
test,4+,Check sum is ?
test,p^,Check sum is .
test,mq,Check sum is >
test,MZ,Check sum is G
test,XE,Check sum is =
test,H!,Check sum is I
test,m;,Check sum is H
test,#%',Check sum is O
test,iG;,Check sum is K
test,j'Y,Check sum is J
test,D2I,Check sum is _
test,15!,Check sum is '
test,pvz,Check sum is @
test,"M?
",Check sum is 6
test,fOq,Check sum is F
test,A^v,Check sum is 5
test,)1K,Check sum is E
test,;<	,Check sum is  
test,+9A,Check sum is E
test,)a$,Check sum is N
test,"'W""",Check sum is @
test,;5C,Check sum is S
test,MiH,Check sum is ^
test,"
0c",Check sum is =
test,M.[,Check sum is 6
test,^r1,Check sum is !
test,Tfp,Check sum is J
test,#s.,Check sum is $
test,5RP,Check sum is 7
test,	*+,Check sum is >
test,tv(,Check sum is 2
test,9lk,Check sum is 0
test,GPp,Check sum is '
test,",t`",Check sum is  
test,?te,Check sum is 8
test,Cde,"Check sum is ,"
test,~37,Check sum is H
test,]R^,Check sum is -
test,ln?,Check sum is 9
test,Zh|,Check sum is ^
test, r<,Check sum is .
test,xs2,Check sum is =
test,bQe,Check sum is 8
test,Y|u,Check sum is *
test,a&.,Check sum is U
test,sZy,Check sum is &
test,=VQ,Check sum is D
test,ByR,Check sum is -
test,M29,Check sum is X
test,cje,Check sum is R
test,{	%,Check sum is I
test,"8[
",Check sum is =
test,Dxo,Check sum is K
test,#1i,Check sum is ]
test,"2?,",Check sum is =
test,Y+u,Check sum is Y
test,"O ,",Check sum is ;
test,rfU,Check sum is M
test,uGH,Check sum is $
test,TQ/,Check sum is 4
test,l_#,Check sum is N
test,gvM,Check sum is J
test,!S^,Check sum is 2
test,>Uo,"Check sum is """
test,"S""0",Check sum is E
test,d ],Check sum is A
test,S_2,Check sum is D
test,$Cz,Check sum is A
test,ycw,Check sum is 3
test,;4b,Check sum is 1
test,h8k,Check sum is +
test,EIw,Check sum is %
test,w}_,Check sum is 3
test,@j4,Check sum is >
test,BOK,Check sum is <
test,wfs,Check sum is 0
test,|V3,Check sum is %
test,.eQ,Check sum is D
test,(wz,Check sum is 9
test,#^K,"Check sum is ,"
test,CMS,Check sum is C
test,*by,Check sum is %
test,\.Y,Check sum is C
test,kq~,Check sum is :
test,zbh,Check sum is $
test,*e3,"Check sum is """
test,mn_,Check sum is Z
test,"t"")",Check sum is _
test,b#',Check sum is L
test,>B),Check sum is I
test,Rv$,Check sum is L
test,+xv,Check sum is 9
test,%~l,Check sum is /
test,8-r,Check sum is 7
test,vpM,Check sum is S
test,uHg,Check sum is D
test,O39,Check sum is [
test,bu:,Check sum is 1
test,o.u,Check sum is 2
test,sM;,Check sum is [
test,sez,Check sum is 2
test,\gN,Check sum is 1
test,fIx,Check sum is G
test,Az|,Check sum is W
test,e38,Check sum is 0
test,f!),Check sum is P
test,udN,Check sum is G
test,)YF,Check sum is (
test,7aF,Check sum is >
test,DF_,Check sum is I
test,:<m,Check sum is C
test,iq$,Check sum is ^
test,"9j""",Check sum is %
test,?Mt,Check sum is  
test,(Fx,Check sum is F
test,bD1,Check sum is 7
test,-cK,Check sum is ;
test,<(B,Check sum is F
test,!t%,Check sum is Z
test, QN,Check sum is _
test,moB,Check sum is >
test,MB?,Check sum is .
test,=>x,Check sum is S
test,[.o,Check sum is X
test,"w""m",Check sum is &
test,LJB,Check sum is 8
test,1po,Check sum is 0
test,9+^,"Check sum is """
test,~Xd,Check sum is Z
test,1${,Check sum is 0
test,",_K",Check sum is 6
test,;U[,Check sum is K
test,H01,Check sum is I
test,-sx,Check sum is 8
test,kI1,Check sum is E
test,#kq,Check sum is _
test,1*3,Check sum is .
test,8zC,Check sum is U
test,9oK,Check sum is S
test,"j&""",Check sum is R
test,3<7,Check sum is F
test,OK(,"Check sum is """
test,"""g<",Check sum is %
test,jG-,Check sum is >
test,?5q,Check sum is E
test,|Vr,Check sum is $
test,SEI,Check sum is A
test,mD{,Check sum is L
test,yNB,Check sum is )
test,gX ,Check sum is ?
test,tat,Check sum is )
test,HVQ,Check sum is O
test,"V,%",Check sum is G
test,"2l,",Check sum is *
test,x|J,Check sum is ^
test,[mh,Check sum is P
test,{!n,Check sum is *
test,}#H,Check sum is H
test,u_},Check sum is 1
test,O8{,"Check sum is """
test,FRN,Check sum is F
test,"C""F",Check sum is K
test,*v',Check sum is '
test,&d-,Check sum is W
test,S!(,Check sum is <
test,#iv,"Check sum is """
test,e.Y,Check sum is L
test,0(G,Check sum is ?
test,Vl:,Check sum is \
test,4'L,Check sum is G
test,>WP,Check sum is E
test,xeI,Check sum is F
test,u<U,Check sum is &
test,t}{,Check sum is L
test,SP<,Check sum is ?
test,N)N,Check sum is %
test,Y/V,Check sum is >
test,?%^,"Check sum is """
test,tK9,Check sum is X
test,",V$",Check sum is F
test,A3n,Check sum is B
test,KVK,Check sum is L
test,A.},Check sum is L
test,@-Q,Check sum is ^
test,Vf},Check sum is Y
test,}X9,Check sum is .
test,\'Y,Check sum is <
test,|}:,Check sum is S
test,K(y,Check sum is L
test,$#Z,Check sum is A
test,e{/,Check sum is /
test,.]o,Check sum is Z
test,y\A,Check sum is 6
test,5of,Check sum is *
test,9]p,Check sum is &
test,wft,Check sum is 1
test,hhw,Check sum is '
test,Ym*,Check sum is P
test,0q	,Check sum is J
test,2J`,Check sum is <
test,a2I,Check sum is <
test,F	g,Check sum is V
test,+J),Check sum is >
test,I8c,Check sum is D
test,R8w,Check sum is !
test,lf=,Check sum is /
test,H?;,"Check sum is """
test,L|r,Check sum is Z
test,YO(,Check sum is 0
test,TVj,Check sum is 4
test,*8E,Check sum is G
test,9vq,Check sum is @
test,cH=,Check sum is H
test,_WI,Check sum is _
test,"U""Z",Check sum is 1
test,/Y:,"Check sum is """
test,U{b,Check sum is R
test,~k/,Check sum is 8
test,T]Q,"Check sum is """
test,ivL,Check sum is K
test,#xh,Check sum is #
test,?=X,Check sum is 4
test,5}`,Check sum is 2
test,F5V,Check sum is 1
test, G@,Check sum is G
test,rY4,Check sum is _
test,JOD,Check sum is =
test,/*_,Check sum is X
test,"l,N",Check sum is F
test,wCP,Check sum is *
test,/CH,Check sum is Z
test,0qZ,Check sum is [
test,",:Y",Check sum is _
test,DqT,Check sum is )
test,V%b,Check sum is =
test,"""2w",Check sum is +
test,+KT,Check sum is *
test,\Sf,Check sum is 5
test,]ie,Check sum is K
test,F)>,Check sum is M
test,ATb,Check sum is W
test,@uo,Check sum is D
test,"g
'",Check sum is 8
test,J_4,Check sum is =
test,C-U,Check sum is %
test,JyF,Check sum is )
test,"#d
",Check sum is 1
test,w+#,Check sum is %
test,?73,Check sum is I
test,";W""",Check sum is T
test,!R1,Check sum is D
test,{|*,Check sum is A
test,e4Z,Check sum is S
test,"oY
",Check sum is 2
test,Yzv,Check sum is )
test,"}M,",Check sum is V
test,rF\,Check sum is 4
test,9O1,Check sum is Y
test,5>e,Check sum is 8
test,yNR,Check sum is 9
test,)7k,Check sum is +
test,bni,Check sum is Y
test,}BX,Check sum is 7
test,oLC,Check sum is ^
test, |X,Check sum is T
test,MMR,Check sum is L
test,9|Q,Check sum is &
test,",ZA",Check sum is '
test,"X""8",Check sum is R
test,EGR,Check sum is >
test,+xk,Check sum is .
test,P1/,Check sum is P
test,.4K,Check sum is M
test,'(8,Check sum is '
test,=j|,Check sum is C
test,;Sz,Check sum is (
test,	LU,Check sum is J
test,u5;,Check sum is E
test,IfX,Check sum is '
test,ti9,Check sum is 6
test,q/),Check sum is )
test,ZP<,Check sum is F
test,	$u,Check sum is B
test,$T+,Check sum is C
test,8u^,Check sum is +
test,ev	,Check sum is D
test,-3*,Check sum is *
test,@/B,Check sum is Q
test,tii,Check sum is &
test,97b,Check sum is 2
test,<k.,Check sum is 5
test,",k2",Check sum is )
test,0(g,Check sum is _
test,s]h,Check sum is X
test,$- ,Check sum is Q
test,[Ix,Check sum is <
test,-@},Check sum is J
test,ZUM,Check sum is \
test,oL+,Check sum is F
test,fZF,Check sum is &
test,SsV,Check sum is <
test,-rA,Check sum is @
test,oL],Check sum is 8
test,9cS,Check sum is O
test,KIi,Check sum is ]
test,\4u,Check sum is %
test,%7.,Check sum is *
test,wrz,Check sum is C
test,y1},Check sum is G
test,n/1,Check sum is .
test,n)h,Check sum is _
test,R*>,Check sum is Z
test,Opn,Check sum is M
test,\PG,Check sum is S
test,h!L,Check sum is 5
test, EE,Check sum is J
test,j]S,Check sum is :
test,x#?,Check sum is :
test,:I|,Check sum is _
test,	56,Check sum is T
test,wwp,Check sum is >
test,N?6,Check sum is #
test,$v.,Check sum is (
test,?@},Check sum is \
test,\KN,Check sum is U
test,f'G,Check sum is 4
test,[ML,Check sum is T
test,fst,Check sum is -
test,2$K,Check sum is A
test,y0(,Check sum is 1
test,}WN,Check sum is B
test, nC,Check sum is 1
test,RCs,Check sum is (
test,zI-,Check sum is P
test,P_1,Check sum is @
test,	 .,Check sum is 7
test,a@Q,Check sum is R
test,oH],Check sum is 4
test,H.3,Check sum is I
test,f>=,Check sum is A
test,hYH,Check sum is )
test,*3V,Check sum is S
test,hIb,Check sum is 3
test,!tl,Check sum is !
test,(g\,Check sum is K
test,/j<,Check sum is 5
test,oz4,Check sum is =
test,gbE,Check sum is .
test,Kk3,Check sum is I
test,55*,Check sum is 4
test,"^""H",Check sum is (
test,",xL",Check sum is P
test,n`v,Check sum is $
test,w_b,Check sum is X
test,:#&,Check sum is #
test,L2@,Check sum is ^
test,:iF,Check sum is I
test,='W,Check sum is [
test,'!H,Check sum is 0
test,U9	,Check sum is 7
test,"c,F",Check sum is 5
test,\ww,Check sum is *
test,6yo,Check sum is >
test,`4:,Check sum is .
test,3)l,Check sum is (
test,<uJ,Check sum is [
test,j]B,Check sum is )
test,S5J,Check sum is 2
test,?Q\,Check sum is L
test,dTL,Check sum is $
test,Vb#,Check sum is ;
test,P!+,Check sum is <
test,"c""A",Check sum is &
test,K/z,Check sum is T
test,)x^,Check sum is _
test,=o3,Check sum is ?
test,?UA,Check sum is 5
test,*NZ,Check sum is 2
test,;v],Check sum is .
test,^M',Check sum is 2
test,7\L,Check sum is ?
test,c*W,Check sum is D
test,VGH,Check sum is E
test,EP%,Check sum is Z
test,{e2,Check sum is 2
test,r;Q,Check sum is ^
test,V6b,Check sum is N
test,"""t/",Check sum is %
test,xkR,Check sum is U
test,H	2,Check sum is #
test,ZNL,Check sum is T
test,~Ht,Check sum is Z
test,EB ,Check sum is G
test,Urh,Check sum is O
test,RM4,Check sum is 3
test,&&C,Check sum is /
test,"k*""",Check sum is W
test,Fu\,Check sum is 7
test,z#l,Check sum is )
test,"V,""",Check sum is D
test,#kF,Check sum is 4
test,@>},Check sum is [
test,Gs*,Check sum is D
test,Yy%,Check sum is W
test,TkD,Check sum is #
test,sf&,Check sum is _
test,%`~,Check sum is #
test,6[M,Check sum is >
test,wS|,Check sum is &
test,m|\,Check sum is %
test,wt+,Check sum is 6
test,lW&,Check sum is I
test,jpX,Check sum is R
test,{Pe,Check sum is P
test,px@,Check sum is H
test,p	w,Check sum is P
test,l$V,Check sum is F
test,/j1,Check sum is *
test,^ W,Check sum is 5
test,QO?,Check sum is ?
test,2D>,Check sum is T
test,C&P,Check sum is Y
test,	 d,Check sum is -
test,bBk,Check sum is /
test,CY7,Check sum is 3
test,q?0,Check sum is @
test,9vn,Check sum is =
test,CtQ,Check sum is (
test,R.+,Check sum is K
test,v;c,Check sum is 4
test,nu-,Check sum is 0
test,\a},Check sum is Z
test,"""2D",Check sum is 8
test,R^=,Check sum is M
test,/_J,Check sum is 8
test,%83,Check sum is 0
test,XU>,Check sum is K
test,"m3
",Check sum is J
test,MG5,Check sum is )
test,K\k,Check sum is 2
test,KJn,Check sum is #
test,x	Z,Check sum is ;
test,"""n6",Check sum is &
test,p$M,Check sum is A
test,`dY,Check sum is =
test,W56,"Check sum is """
test,{$^,Check sum is ]
test,NLH,Check sum is B
test,<iS,Check sum is X
test,f=~,Check sum is A
test,gEk,Check sum is 7
test,[8),Check sum is \
test,6b3,Check sum is +
test,-|b,Check sum is +
test,{0`,Check sum is +
test,{0/,Check sum is :
test,"6L""",Check sum is D
test,5/~,Check sum is B
test,TH	,Check sum is E
test,FwY,Check sum is 6
test,8r>,Check sum is H
test,P&.,Check sum is D
test,B5(,Check sum is ?
test,tk^,Check sum is ]
test,EPJ,Check sum is ?
test,!\T,Check sum is 1
test,s-U,Check sum is U
test,.J@,Check sum is X
test,~6e,Check sum is 9
test,Ys@,"Check sum is ,"
test,sew,Check sum is /
test,H$G,Check sum is S
test,N=^,Check sum is I
test,QJd,Check sum is _
test,?5U,Check sum is )
test,Zrd,Check sum is P
test,]#~,Check sum is ^
test,|C[,Check sum is :
test,d&G,Check sum is 1
test,Q;<,Check sum is (
test,$zf,Check sum is $
test,~:<,Check sum is T
test,_yt,"Check sum is ,"
test,g8n,Check sum is -
test,HhV,Check sum is &
test,>f	,Check sum is M
test,Hh0,Check sum is @
test,U5=,Check sum is '
test,"g
]",Check sum is .
test,ZJ{,Check sum is ?
test,[|K,Check sum is B
test,bE7,Check sum is >
test,klU,Check sum is L
test,J%J,Check sum is Y
test,"Jt
",Check sum is (
test,`&R,Check sum is 8
test,`o%,Check sum is T
test,j?),Check sum is 2
test,n#n,Check sum is _
test,w0t,Check sum is ;
test,=2T,Check sum is #
test,XrA,Check sum is +
test,O[],Check sum is '
test,+1*,Check sum is &
test,s'L,Check sum is F
test,3.R,Check sum is S
test,0.J,Check sum is H
test,"=|>Y5*[HhK[	CA#h__D7Qk8T*F
zZV",Check sum is =
test,m1~;@u4K`}B.>jiDr~rFP3A^z~hoN4mb06-)%dBd,"Check sum is """
test,+SR>ZZ>54ki^,Check sum is ;
test, q@}J2^!Y@e:4<S[VZjwK}<d,Check sum is 8
test,dGzb~0BvIM(-Ve.B4LBWv)8Lr1z,Check sum is <
test,Qqm}K5HT%P^-h#*3Sh	W,Check sum is +
test,Oe&r(>HG(K9^gKfN-LquLU/DA[~N	elB79&'dhfpy/p/ j!M,Check sum is &
test,"o/)q*It\['=}n&9[#}8:t.TMwc=Z8%Z[NR(e5K]s \>]n@c5""",Check sum is S
test,{;O/vx0G6,Check sum is /
test,"ah""
aJ/L+SbP%ezx#2O0DeF^$RHu,$g1]B}4M/fi0ra*B+j",Check sum is B
test,%}bzN7{,Check sum is ^
test,"
o)mISv|}3?(s\AMN8dh,dUb<3_=+<8vJI8:,>",Check sum is Y
test,GreqiXNRp1;BAT:Qf=mZb9:&%42x\D8}3aQG?,Check sum is 6
test, }Vr'@OJZM<u+J9v%!_1;,Check sum is R
test,"vJP,F8",Check sum is Z
test,_uB9dFZh3ws?P2N,Check sum is G
test,"{3Kd,",Check sum is )
test,=Z('ln1ZY{=?C4Pu$;'l-?<`O]Ps9pJ\7%oC6mE*4,Check sum is C
test,;FQfs;3_-6If@*N|{1~H]{o<@=kC,Check sum is >
test,0H/`F&aIYu,Check sum is K
test,cYkr/	yBCu)KMm'c,Check sum is \
test,@4E,Check sum is Y
test,:fVVug^,Check sum is &
test,"v,NP([f3 A/!n8`.mKHuw_ociK^X
i",Check sum is [
test,"n*-)lMQV3)lJTn.zW3aM\_!3B?i-\HBB m,",Check sum is )
test,"g;_R\(-w
0px7*;p'B|X7%+",Check sum is M
test,R=n .Df,Check sum is U
test,7l~}$MO4_{5{s$&)s3!>sB$A97,Check sum is 1
test,"V9ah(g101f+/vE +~iU7Ff
.gzkIhXEN	4b ",Check sum is ]
test,jiU&<Y]B}q`8`,Check sum is H
test,off603f#4Lf':(Ll|krl(,Check sum is Q
test,"V6Ft2F#.NOy0wj(fJ$~jA=q[]
;^l	T%I>DVic4 28z",Check sum is W
test,.HifZY;bDO78s^d/X[L,Check sum is Z
test,"4rPlB ""0_Uc}	z1Xr4.3i!^?-iM'7U%`4xk,{jt)",Check sum is $
test,",MwJs6 |C{:S3n{}Mq/
%Mt[SwQ5}'QL>{tynt",Check sum is T
test,5]7ggO!4@,Check sum is [
test,1pP.XxXF1TilB&ck<v5z~,Check sum is \
test,!K9E`is!PW[{8,Check sum is \
test,IXgEc\)qDfHy.VJj$jO'TX$,Check sum is =
test,"{>]5qUl3tlOwxg
l]YTeb7@J.%{bq<CxrKnba6o",Check sum is H
test,"
WK-p06R	ls,i*c~XtjR&rS",Check sum is \
test,Z)/yc]1B+8? }edGNy(5{9,Check sum is %
test,uJWrK,Check sum is 3
test,TVvx_4S7RCJ=TY+`'3J7(Iw_UU'!E85Lt_qzk4,Check sum is X
test,9^Y6v\t.@j1exo)P+c-BZ4zJcn,Check sum is :
test,"Kx{f@%/++],z9.Zk9]#MD~,J",Check sum is [
test,vkE8@<g,Check sum is !
test,4tt=dOT^_A,Check sum is >
test,"ZLPYb&u{0_qq""0<1",Check sum is W
test,"dd.v\\+iy3{rVkU2bjBE
N597sgi_/VpF
tA""LpH{1",Check sum is 7
test,5ax{11<UoEWoH`5%G_nNZ'&<>H^ypZQa\,Check sum is R
test,Xj1~*NV@Z4g9f?4	]YN]*.~NC=u@f1+2|,Check sum is Y
test,";,by<(3s*Z`:u!""FlZ~1g!L/iI_",Check sum is Q
test,"YUp47Y-{L\d(/Sy+,joHq!l0V-P4JONOS""aeV(V{l",Check sum is 2
test,T4;@BhUcOLJBK^ `$`8TTC3u6G(,Check sum is I
test,"D^}LBca*DM!Dx6b;O V^ $i9gui*'G|APfK	74e
wZqy=k3`",Check sum is 9
test,"[2+^yBCIY`lhU6H1
ccZ
Ueb~",Check sum is \
test,"CULKK	d$ZViFU,ZiCl\clxC""8d-:B",Check sum is J
test,{_,Check sum is :
test,"d;
~VQuNq8L!",Check sum is G
test,}#ZM%ViP,Check sum is [
test,"cNi[1]
s}~/a{3fwl2[_^^+22w#`#N)obCwd",Check sum is \
test,w<;<`E4n4&\v9@#,Check sum is Y
test,"""	'([S\s",Check sum is W
test,8.492Xbpp.([Qq3 r!WK86*D.:z;ALZjh,"Check sum is ,"
test,"!5Ql
?3",Check sum is /
test,_uHTr#k6w-:<RF8UC9vx^#T{*.|xx#&`h>Iso85-0-rD,Check sum is *
test,")(+o""\,cB_iL",Check sum is .
test,"(^$aWlJ`7"";I_xNEJkwG91!'|.F/X~]TJPN$",Check sum is 6
test,"\G/84oBd:^'Z]Vo(*uT-E$wnqi&8=?vSC#
ZA>@u~i",Check sum is &
test,"zaUU3*:j%3""F{D-saq
f.uYrc,#S
:u hCo\<",Check sum is E
test,>{Y(siSP,Check sum is Y
test,Op@gSaxe#.idz,Check sum is /
test,"vGC6}wME#w}	n-P:xx2cX(
>2P$r>;6F]\t5;""
L%I",Check sum is >
test,"nIF@6:bMadw%A[6y'8l9C?A-<qo.{HZS]D,-bfm{U3I",Check sum is Q
test,\3);FAc<*PjHk ,Check sum is 0
test,"{|v_c(fjpH@$XJw~pl
{5$]cK<nE6^ }/MzV",Check sum is +
test,@RNRVu+v5,Check sum is 3
test,"^_2BQ	 C<""d,lLC[tk;%m	Yy9S<",Check sum is !
test,"^/xz-JNa-b35>'$94](KSzZJT(V/v,@'Yu""a@AMlb,o@a",Check sum is &
test,5S]H]RCJ{mB2%NDwa->i,Check sum is H
test,_idRXMSf<6$SWOPomc{)_@Eh)Lb3,Check sum is T
test,v'WFDIh~LJV8K&R},Check sum is 1
test,b-~>zm_l*qHmt|AG!'$N\%YV$LSa[BKe3n~\A VWkJ)X_8v,Check sum is L
test,"eI""Zt*D_K;$iF;8+)c\#i<;QWr[q{\h02JiLD_g6UU",Check sum is ]
test,"gs@HBLw!5pk""u?:0L(x)3Ik&E{Z:C",Check sum is 1
test,6t,Check sum is J
test,|~5EyR*u:Y~qBG6c4Z-Q;gT)BAy>j,Check sum is 1
test,0h.,Check sum is &
test,4im1,Check sum is [
test,T3nUY	eZ,Check sum is K
test,"0 'mWj5'V/Kf_T
r-=CKOSn&N_p~FPu9@QSGZ",Check sum is X
test,h9)?Ax	B2P[lu4P,Check sum is /
test,nu]IW=ecug%5zUykc00.,Check sum is _
test,"
qIf6M.#B#72:cj_8^r/$\u_`V",Check sum is S
test,"cDZ)=`yHF/+2Kz8t.(67RZM)Ly,1st@03g}8~oZ9",Check sum is X
test,"\j:?[@?xPC@H,>]+5CK#B2}u\F);OE,X7Z~g&!u_",Check sum is 9
test,";(pw:]#o.64A*t,aYbBfseYn5}~([",Check sum is L
test,"Idj#O1,PIh9I",Check sum is I
test,"3D;*EIniVwHBx~A~""W%l.m>xxZC",Check sum is ]
test,sHqi=|&|Fgk6kNs'f2.<j0<P@b6L,Check sum is =
test,"I7Vu_&yD|<oJ+*w0Cs]1eK~.	$EF+kZDm<zfff""(d1.lU2j",Check sum is %
test,P[Iz\9~9_YD,Check sum is V
test,"^RC3q7:CB!""78AfC!DD|",Check sum is .
test,"""e758)GzPvpJQ'9&P3z-}X_",Check sum is *
test,x-32I{8nup;v&j#sVh>/1oE*,Check sum is J
test,"K""]jzD9\+Jc2.eVb]I_D%bMUN",Check sum is <
test,"m<;SuC)^\""ClyNy+6kD{m`#I/xZS/E",Check sum is O
test,%qW9'~$Xr2ETHSp+&5`2!WP`(?7{3S\,Check sum is *
test,"\4 yYHMTvj9?g""c LV",Check sum is Q
test,"!H
Q7y7)va?vljVJ'#({_>[gQOUp>@",Check sum is %
test,"_}$B|=XX~[%<
	[az.+.g'kj	HK$y*qt2ap<^A>?<",Check sum is W
test,"G-J[,""qQR/bVeA""_-hHF$^:qUC9",Check sum is J
test,"QHsIF<$n0~FwOF""K:X[3lP%C	$?Foe$NZn(F",Check sum is (
test,"
/|#d0M_\T@=#Nn|uL",Check sum is A
test,"?YLS7Ad,$i}~xt\t_@$Y:u\`OK=T",Check sum is U
test,"Kt
#lr{44\Ab@J'cMX6RE(h","Check sum is """
test,*U</a68s9CX_KyS-dzMqKNO=TDMe}RuA7o^L,Check sum is #
test,"tsrj""3G`y,Lm",Check sum is =
test,"%+]@7=@OM:gt10]TR>,xx7:B0",Check sum is S
test,"S95IIQ]<o%4x*:S_<Gsa	$3f^,S!S#y9	JJVg,ju<m",Check sum is D
test,[`O16ZBTRuoG+<<lBpQ/UI``<IXgP}YlbmzzU2w,Check sum is 4
test,".=REN	ahW
Y	(<:W{7)u/03QI6b~2JsB'HTJr+1",Check sum is X
test,J?\+VN:[-'r$2gGBz>GX9w'3=_<0nW|Y=}Wp@.T,Check sum is ;
test,"aEv
QXA",Check sum is 0
test,"8!)`;i@'N6n#/4}\*\EepZ^I0@,}""=+8Tyw,2{4}U\;'q@o",Check sum is [
test,"iLA!'[L'{m$jQ=),+1fX{M%}<U{Jd<d'k,vn2",Check sum is 7
test,D#83?4TKG(nvV`!aL}VvB5[H)^yfQ=#NU5,Check sum is -
test,6b^=+H2E>CaL W_!ov,Check sum is G
test,"5rU@j,j:mkVmjuhM!V@Ky90jk1'TH_W8z[Ph$w)vo!Zx}z""u",Check sum is W
test,"3D,	A3+2#h5;v`9.4,'&a	I78rx56",Check sum is 9
test,Vr0g>LY,"Check sum is """
test,"PVuniHz&f:Vd8	!~a
MJR>U",Check sum is [
test,"@X\nDXK*s,3Z-77u2f-#ZaLg2*}KOBsh,*Z",Check sum is %
test,".
dF3x'0=TIVLT	%o)#R[|:93n.{vbGGuYF+k",Check sum is 3
test,q(HM.	N`Bx`n>3rb;Xep@EiM|;2DN3m^UDU4kXlCU#WHSv;h-N,Check sum is .
test,0-a1,Check sum is O
test,?:`ZCl8B+=k}~pcj&V96bLRvROU:Y=cS<3~5zoPigEw-?~_,Check sum is T
test,"~e[B^fQOSZ='ywcG""DJc}`C@""tyF=EVH+}",Check sum is ?
test,bR4Y?Zpx?g>}#ep~FyKwadMP(0lqDC-FwMm'XyNqat]LK-s,Check sum is \
test," d:leq.yNXP
-^2oDFD519Ja#W~hq0VBQ	(=pc65",Check sum is !
test,u.(7^*%tGar21.]4\zzGFg0v'@]WP>Rq}TcEG B	KN(,Check sum is A
test,"u>XT~7nwOzF.lT)rCY iw-[J*?AP,",Check sum is E
test,8^'-{+g+y|$3*LCA`$?vyHqN^33isL&x2G~(2oMh;)`|2Y&|,Check sum is -
test,".a"";+Uy[R?G;E}8H'qymD7Q*5CCdb\KuT/P	^fu{R5",Check sum is ]
test,"((6#	2{#(AXBB_(8_PuIsPPZ9cl&HRxc0fr
u",Check sum is *
test,"U6?v(vDcBu>[W)?{BHKpr_V}DX99yAr1$,ZWHVG{ss",Check sum is J
test,"3{QM~,|=+7`~2Q#v3K15vg6!sZ~""SY@4utu<~{X&",Check sum is !
test,"a#],BPuw	",Check sum is 4
test,"Nq%(}Na>cs#/xg)80D:RZ57siOU/O;""xy""#g",Check sum is <
test,"s8/BE^U?1$,\6V",Check sum is \
test,".;m>O|A}Pq>tihTO?-vF3&|}us%Y,@",Check sum is 0
test,yU+zlN)sUv,Check sum is 4
test,u (u2n[3{ xX1@ L+1o8coHhMxxG?#y~c,Check sum is M
test,2*,Check sum is <
test,HXZ5C[XN*d@nop^iVG?ZBc<lbu\aDd?*zaZ6 &&I( ,Check sum is E
test,iz:`}IS)q><uO_==\J}m~xrg0lmE?x]_J8.i,Check sum is  
test,"[B9&ruOlcC<d@:5#Z,A#f8!:4y$
H",Check sum is \
test,"m4Dw}QUhQ\Y}""5hP	m_-o(5sFY'0b*""D'LBn""J",Check sum is Q
test,dE|}&]%XfJcr,Check sum is G
test,/6X=QEf8>Gg#,Check sum is ]
test,?G<{Gm@UE	,Check sum is 4
test,"}:RSS*@r#dRwh,1NE^QYJX$kU(B$s,;)JKUHRNtjf|",Check sum is D
test,2?BA08H9SU-SWVa3SdI_U,Check sum is Z
test,"6kWlL,siTGj	jldAk!FMdcV_kpAp8\bq",Check sum is /
test,iJ]wKhg]MM('mLv1zfz%K~,Check sum is /
test,sHdWa\@j:6,Check sum is -
test,"1-""a"" P",Check sum is S
test,"lY+O
't7!$y+Yc6y)$Sl/BbSZL`XNR{C~xQ$:5N?GzD8gRm",Check sum is G
test,QlRE24tNv1pg)~-VN\HxCwWpPPa%0N9Zq&,Check sum is =
test,"""r	{%.dA",Check sum is 0
test,`d,Check sum is $
test,"0sMX;n]Y-LyUv4'bv1i%Ji:lAKCD""D+0^C~0|!:G/",Check sum is ?
test,Gn m[wM,Check sum is A
test,d~HH^jz[U?n(NM	-,Check sum is *
test,XN8I>,Check sum is E
test,"$q>uJ@KgI""|YG	9#qPheWPi__:C3PV`uhwl:#nti,5p['(O",Check sum is T
test,W6]6E0sqf<i+)boa(Y<%vH2}fiak1i`h]Li|=,Check sum is A
test,dfD/VZ-4Y%`i\vCh/}RP/wrtE4q^/n_4$EY},Check sum is C
test,"iK5e]cTQK.
o$oZR=f1y7S,_#84Ntb~--=^ug;^la>G<fL>]q",Check sum is M
test,<n_FBDq|*)cq@kwX1=cl;UvGe@cHe`9?,Check sum is Z
test,!qH,Check sum is :
test,"T(D0DMo?N:/3#q""  l",Check sum is [
test,"RRZ&+OzFL'RL3EGY	
Aj5_ABY(O:D""v-}",Check sum is L
test,"BZm%A@<M!;\aUQtxu
",Check sum is B
test,jA9>qF`,Check sum is Y
test,&zJVY@c=4W(zs]$!A,Check sum is \
test,t!'F'@nTJ;'$,Check sum is [
test,"GakDSOFlC$(=*.)
|]{4AD""`3Rv97a?e)4SER)",Check sum is Q
test,+dBFv&/sB4,Check sum is +
test,&mXq?UgC@.wc`peYR&^tUm]tT]Rqjd][;,"Check sum is """
test,"JO_xY2-W1A'ovlPF6V@""m",Check sum is :
test,"O3c{_F2Mk.dCyv@DH6C=)tOZb],ITr?jMjD
ROWvW ?>VYh2",Check sum is .
test,c>-(OgO^nk#$8764)/0%\s{#K,Check sum is W
test,"-t*x?9n8tJ!QIQ|ZH)|T'sz64H#W0mg/Xv
{4",Check sum is \
test,{|4jm f7M8|7,Check sum is W
test,"fP`J:)|yne~*;J	!
8Fh]'AhrxraHmr3D\i1r/w2",Check sum is :
test,[PBE}ZLc}x?=`TVZ8m.%=[oRnIWc^e,Check sum is 2
test,'xJ' s-=0'2ZDgRV?cZQp8u6}S{+e`:$1,Check sum is M
test,htg_v~O+rEL@68YFce#UiV9$1)Z`,Check sum is 0
test,"gfJ=V(h2
'Vqh)4 [shao",Check sum is /
test,x*n0,Check sum is  
test,vIr,Check sum is Q
test,'t.?!=KeyJ9G%$<L+0A0{,Check sum is Q
test,"+,KI=+c""c^,h7/DhY[v0=FuS?(_
WUg=",Check sum is $
test,"_Vz{/q5eh!mu8uR!c7>/65cm0;qZ,)f",Check sum is B
test,A^pk]phs_WLFwcsA;ju=Rlm3B!*SQ([j5/-(D;l_z;c,Check sum is F
test,"2p/CLtOc&/RVq~aS""",Check sum is (
test,JDQqf/Af,"Check sum is ,"
test,Ri`cIvMrl,Check sum is H
test,")Hik/(aFYp.hW9@tuVqPj#It&c""; P;@%^kci1n3c)Kq;.S",Check sum is =
test,"%7,?<""DXV[+&>Ii;Lp",Check sum is J
test,"|A(MM>s4
FBZfW[>lGW+\#:`S]`uw	k{K.KQ&v{|f>C48MOq9",Check sum is @
test,&<b]'c7Up 3<(4P,Check sum is B
test,m{Dkg%\{'\:ta/MApo)i)3.tM.#=S!zAttG<st:?If;-l!#,Check sum is 4
test,"(B7j1\B+N2""Sk\JzIgzJ#tt!-tQZj`;TC~L0oW:mD?L -}",Check sum is -
test,"Er<*][suScsu}N/CSc]]^@'dvE4yk4xNw4E""3Vk| `oS<|?L",Check sum is %
test,.o?d;tE9~`jF_]e!W}A,Check sum is 2
test, YbQ9q#aOP}h,Check sum is >
test,"ErDXLMt3rd`Ym?xvq""3B~","Check sum is """
test,G)qkG	@@,Check sum is <
test,(1<'X)D{t&@E9|9$B*&NGAS|,Check sum is D
test,l	T0h,Check sum is A
test,L[0)o21]S6,Check sum is X
test,d_j=!U4Lpi/G*~<aGj,Check sum is E
test,"P2p<' I
?2",Check sum is Y
test,"[h:54udRAW>y
{>\l#Kb0ce2
mpq]SRd2%+@y/=RL3BWCS",Check sum is *
test,"|$-""g!(=**LMd@N^60eCAFD)Aq.$[BWZ$>WH$8II",Check sum is <
test,"2e""u	",Check sum is W
test,"`wrmWds\}-Y~OUt&':(OJ+[	KDmN""wu:igq\haD RB_c,><M6",Check sum is +
test,"XhR(W(G>5\XeS,(0uHr$y",Check sum is O
test,-82m,Check sum is $
test,"FgcjBfm56A|4]i:\KNq2hoSI,4UhNewtB",Check sum is S
test,"Gf
t:el'R(:J4w]A{Pj$",Check sum is ]
test,"[NvvKJhMi,
0$`*'Sj4,vJo0""^>/4",Check sum is @
test,"$E?_.Z7_,&Zhp;j<\ Z<PGp}@1]Iep.",Check sum is Z
test,"hNc|#gqac+~|4$.Tv1m`)2OY(1,PPU4>",Check sum is V
test,"/t~syn
4.y,9f? >;6XJm;_&+z &!g3\?",Check sum is )
test,':oi%U,Check sum is S
test,0o-D(HoDbTg:t*~/`sMn<~$<XfHXJN%R,Check sum is J
test,"uJ|Vq8d""Q;?V`BfLg}.@6B'",Check sum is F
test,"o4<eS<mB:w3g<&VvyK+mV?#sNM,kWf",Check sum is Q
test,%irf$#_oXk*,Check sum is H
test,Mf=G:cd'|egY'@Js,Check sum is D
test,3\k3Z[qg_CLZ!tsc~r)*d-eN]o[CRJDTC4,Check sum is )
test,z!m&J3lV`g nqs(9ac3FGY4(0Qyr=?rw]B7$,Check sum is +
test,":e5""HyOeve",Check sum is &
test,"(?Az1|BE#""j5!rG_M3)9'|/E_o-&ZDGhUL<q",Check sum is H
test,'',Check sum is .
test,Z[zE2]^Sabo_t\Eo;J_>uzscA[,"Check sum is ,"
test,"#,+vk'|K|",Check sum is %
test,"Qw[PuEjac:cu~ZxI	&sd1
>u;z\'xJp}8(n}L>4k$|3tJ P""",Check sum is X
test,"$
5VkTM=,]|(Yymuux(8Fu:
om:'{.fk=!=Q&",Check sum is X
test,"LX0Lm1$+h8n
FMu9WE)-ALG09{98N8G$u	]BI",Check sum is 8
test,"up:""=$*46vt^g U[xCwK].$
uW %DOLGL3eDF&QU*jj`$rt!",Check sum is E
test,"ljof	O[jR,2smQZF#[`K@9DZ",Check sum is )
test,"nn+Et""phHb6k'6W",Check sum is Y
test,E}gXS^B6|UG(@;A3(:JQ3$[<8$FSn<t#An#E/*kUT,Check sum is ^
test,"NZ7}n**w:Q:s$;Cy-Hph3idt*;]FJj=3Gh,ovFntr|SggkgG)",Check sum is .
test,":LUL`V(b9!C""c/ainJ@Q/2EU(""yI+]""T6",Check sum is &
test,e|?pP|6,Check sum is 2
test,"&o~Qg&r0G4l97,)(h[k<<sC^!+fEtT^,>jE)W-BZLP",Check sum is \
test,"#3f_u?<;ABaTbc1""LG
0Lq+*]O[<QAIM>",Check sum is >
test,"2FHW*2vW\X:d5H`QZ\eO #T9)q%R[2""
C.z;vI",Check sum is I
test,G2=u,Check sum is K
test,"$mubuo(#/zjY:2}j,81${O;JaS$K.'j",Check sum is  
test,Q W-nxES[.,Check sum is \
test,"4g)6rr2`8@4y*az&uvn7""J1""QyYd0",Check sum is &
test,"({Sh<[CP)rdQn_H/z""+'kL[9kBg[|q",Check sum is Q
test,bE0O#o3)3@oBPi-$Se Yn;BfB.:2PGv#&$$DwyKB:@erX2.z>x,Check sum is X
test,"
,h?^JA'KhS~6Z^T	""'""*>>e;",Check sum is M
test,"fk.TNp<wo \,gM<jUA7-McL/>mnp4mlB!tJ,O*d!Q7",Check sum is #
test,"vs'K/:""Z},8]9&s7* g",Check sum is X
test,XJ)2ggiSm3j[|9U?C-sD(,Check sum is $
test,";Q[+iP ""`y",Check sum is F
test,Q	1}?},Check sum is $
test,!()8p:1X(eD=;d88T{H|A@it9)]qnML>np,Check sum is ^
test,"FI""M/)<aOS^J[os~=Pb;:|?66yTyM-",Check sum is #
test,"<wT>Jrav
]:}F-mT<&:G8YLICcr|rD_nHGAf[vR\Aru?g[",Check sum is H
test,"E<""au{;xGm<7ryRh7\!\f r&fn<s:AW2Wl*ZO=[<NB^p\%",Check sum is Q
test,s{uxa|]J%iGQhPY,Check sum is 6
test,"5\`'$wnD
X8`*DMhhl$LNu",Check sum is )
test,+zBfoOt:#y~|O$ !gjc,Check sum is W
test,^Qqk2ns<{@V;k='@'/l3}ygb$_/.*As]F:Jv=&LT-,Check sum is T
test,">k<BIPo,3\0DoEp s^bj	3K#_dPI5	-Jl4U C12",Check sum is U
test,>o| vWC3(7]t7*<w%o^^eZD`f8/zea]Z@XMR~6zL,Check sum is X
test,6-<rH!qEDL|_+xkE,Check sum is N
test,":I,/B[S
6W""&MR7XWE&-CY#%X<hJUpyq,#:>?PB0fpa_",Check sum is !
test,]. ]M^c14?EA<P;]D~@%g3?ngOU5;_|V#yl6 R=p+.,Check sum is T
test,J2qH2.aq1Wu/g\'aF~O9U4p4b{QyMR{ZVfowVfUv_61,Check sum is A
test,P4E0!\BeDor/_7WX|R;Ak-gz}3!s,Check sum is ]
test,"Vz#=3*gT	@oQ""h!ih`]Mk\]'	Lwz8u$",Check sum is Y
test,"O#%mCGBLw.k@dU86Jt3}MvS	,b3AU5W!8QfwZuO'N",Check sum is =
test,"!~9 Er}OI2<Y""t9'\x1:!p9d""Msa>U",Check sum is $
test,"_DWqdFp4`-[EK =QLRDF?v}#{a^
H}9:F3UmxD",Check sum is /
test,"R@a2MUK(
/9f/
pg8U.",Check sum is =
test,oJxM(T.)aJ_\.%Hh.^5 ]F;9t((,Check sum is V
test,R?0,Check sum is !
test,6$4zcI/f-MYD\sRY' ;2/'l5>C,Check sum is &
test,";a46""? ",Check sum is '
test,yDanzmhb\c6pwS+wIyK}sr=,Check sum is Z
test,>/8h0 CDg|[Q|=32{-.`,Check sum is '
test,rv	@I+_	v7	scG,Check sum is @
test,",\uSy#N",Check sum is Z
test,LC,Check sum is /
test,z1DA`P4 |\wSQrZ>Y{	f%IF,Check sum is H
test,RYA:I)V(?/Lm}2&4NZN.lAI(*JF+,Check sum is M
test,"B4(HL;RN]yyY(KQ+EWct>AV3
)`9
U}8ESQb$9C+;W",Check sum is G
test,1M*96qFbl$Ciu#va8u*f9I!,Check sum is [
test,vq;OH *#+qN92.&\#+N0,Check sum is W
test,"8L!p] R, YS[BPKRuikf~|!x`4%*U>-oZ=Y?Not??VnTs",Check sum is C
test,IQU2ZoLww9Zbo,Check sum is (
test,"WzFY
<h:Rd",Check sum is .
test,:=.)@Jw%,Check sum is T
test,'ugIa;WkDgCJ7D7uHo!<,Check sum is =
test,"(S.>M""7bWjpjJ|eY	A8Hx;BlS&(|""6,p;]o`Nki#W",Check sum is -
test,iqCtW,Check sum is H
test,"/7	C#~>_qJQ9Ef.J,bOt3(.#BuZ(:$o+",Check sum is &
test,(6^94,Check sum is I
test,@6/ 7y%=E8]Zs/M7?bAz3pkQl8TjIV2/nww^ysZv\Jw#%?>-O,Check sum is B
test,dmb$i}TTc3,Check sum is [
test,Y'8Zfn+Axby#l,Check sum is T
test,z=Nm|e7- S*[/+6\m)Bq:kNXz7u'HHph(+;9;trFe7n8jX<,Check sum is 2
test,"cyS+AeU#;Yi	(j;K&Igt!K5sU'oMYvw	[L>cq""p""Un%0ar",Check sum is 3
test,"gm10)Z]xYtD'=,
Mc",Check sum is H
test,nYOo4C-MhT6i++V,Check sum is ]
test,zq~XpH2Db$=~Csz:2-AC:,Check sum is W
test,yK	xXoY+}Nt^|O}=B=m,Check sum is >
test,`1#_g,Check sum is Z
test,x/&0[1c!!$>n~Z?Iub|z$o#{br,Check sum is P
test,"cKF6gyo4X:)?cwz3:U<RU~""*1%
/g?KHK!Om",Check sum is :
test,"J
4xJ18E3!c96%E<0k:\'RWi*\&aCK}<C",Check sum is %
test,rV]8o-SxP^iO'vFI0+4{H|IcAR)1I5B,Check sum is ]
test,"Ah/""ifXZ_ ",Check sum is Z
test,g)ig;k48K13*^Hu,Check sum is F
test,"L1P?rx VGGGAE5(Bsu$S  Pwg:6yfsMqV$,`G[",Check sum is ;
test,"J@/!!%Z%294;AYD""*0aP&L=><j!=-!",Check sum is #
test,"a%.F;Arz~(
L3Sab{-W	dlpjT\Y\~}*Or0~",Check sum is 2
test,u[FY7os4}bBI,Check sum is F
test,"9%	w_d|c+bkGGm |]*6<IBhJ
+yt<
U~,QN6[1{{[^-f!E/O",Check sum is S
test,"m,+mG@KY1t*|np<`E",Check sum is F
test,"CfO2@D; [ ,~
2[Dl(9cI76\(o;:k'1#@bS|R.I;1|_dz^hY",Check sum is [
test,"vI)!dj*0:l""\H2",Check sum is /
test,?;9{e?-45W}o>fosS,Check sum is $
test,q4!kFLmo,Check sum is ?
test,"
Bq l%Icj0}wx56OW|N4t=;={~ ?",Check sum is P
test,"kq<K+&=U,CmGYwi\Bp A46#MFejzaSAXgAA/o>61\/?",Check sum is ]
test,7cuf,Check sum is U
test,lV ]r>&L?mEJ,Check sum is <
test,m.,Check sum is ;
test,"JVu]$y>'f2>LEA;ic-xHGm|H,$C<%\",Check sum is 8
test,"FqGUBO2F^^%!8c_,^DLy3hO["",W9kC}*)ueq",Check sum is 7
test,">!xuF?>1'SGHa*O,nuW@AK",Check sum is 5
test,"LD1JFhfDPP:1 ""26]4PnRak_3l!",Check sum is D
test,Hr:@LiS,Check sum is \
test,"^7d^?tPqG		:M
S4^7=7_!+7FLndJ}g3>.q7b
9Vt$y}JYd|","Check sum is ,"
test,"~(mHnw<qEP}.mCRY4
M6z@_$YGfr-OXJ:.u2A}q9	.22a",Check sum is /
test,!inB_wO{c/Q$,Check sum is A
test,"d%hY-
La
]%wn-wzx",Check sum is U
test,"
/<ErG*S	
OH.eo;^O3DSZdHd=cosC[|P",Check sum is D
test,xdk}Ynb>v\k)~y[dymLi~q,Check sum is 1
test,"xCzNlXH'D2]hQLa^'sIoCR/c-)'+HNTg36""a",Check sum is K
test,"8h$,2N71=hsMcUOQt",Check sum is )
test,cy'g{vT7|9nLBHDQ	H_]:0e\t.E,Check sum is 3
test,"\`O|ZZhjZi74
]4DF-xpxhs",Check sum is (
test,J]5mc@HHU+vVD! ~CefGv'|,Check sum is Y
test,"""};(8jHfMU#$W^R""	a!0	 Aqtq""T\EC\s8=",Check sum is ]
test,"j`bHDfOT>#EO%9qT|s~E^MK:{
V)pjv1)\']O;\x	S!56eX","Check sum is ,"
test,9sz&b6M*)1t5,Check sum is >
test,"}c]Ioo 0>o
	#<9;moD\[&m-O4U?,y];>T6}END[0<f;T=Hg",Check sum is V
test,"9V@/M_+Ric50c{JsT&4\S!?j'	p:nTPo
	|g@XI@C8t<XLf",Check sum is !
test,P\91u`s9PfWU!=;Wc&&.9@wCMktLVi=j/$ZcBNh`.,Check sum is M
test,c\-Zc#?*,Check sum is U
test,"KgS""U
aqs6p)BD^$[INBy/gI'",Check sum is 5
test,W$7]_De|G~`j_#F,Check sum is J
test,"6IkbdYEv

zc9Th=9ge:`3E8ep9",Check sum is $
test,g3,Check sum is :
test,7zV0<	dDW-XV#K&cXWnGP+\mRPCYRyr?fuU1CQf{X3ai^.,Check sum is F
test,$C	o*8j6mRnl0|Tk%F`yr%vS,Check sum is )
test,"UM,}PTh/@zXC8cHmM:&;;Vb1<v;!7,Bdn@$/n|#{@!RaU'bR
y",Check sum is >
test,JQ)94qz;O:b[WRA[&$|ZwR+W'cAB,Check sum is :
test,"_1""(	+qfEG:%*FI0",Check sum is Y
test, +ro&_;g+@}9,Check sum is T
test,"{*+R=O|Rwv.gjsQo5w}gb`],iH8(LFvIjvsQ_S^KX`",Check sum is /
test, CdPSHzL]IMK=(E;hA&,Check sum is J
test,\$3}=8nUCXkt)5i,Check sum is I
test,"E)=U}Ao4)Mi	R@r|GO,EM%}
WxWgW",Check sum is M
test,7^(!h^B{NN^P8AgN.4.,Check sum is I
test,"c
o",Check sum is <
test,"Ee|VHBStsSB6~Tj[t'3:	5*^2	O{eiu Y7HTj
+",Check sum is C
test,/M0,Check sum is L
test,")k'LF#xw}zM,CWv9c @P[QznrYb%""/W*",Check sum is C
test,XN/Va/+835.V;\\RR	,Check sum is J
test,"$b<""NGgca6)C;d""U>'TRtW}d6Cqo	 ",Check sum is 5
test,"	Xr	j""#^Y6K7)WU7@?h~n^$gsbWSFa0ng!-B$Gy ",Check sum is !
test,"I/v%B-3x0/WeX9
&\c|{.$C$k_&CthfKnt_",Check sum is Y
test,j[#,Check sum is H
test,"i`7rv0g`&WDE|{oz
5lYVLzz7*ZX*MZ[8z#",Check sum is S
test,"wd2}1h=:xH)8DiDJVykkg&7:HCv,#=7p",Check sum is -
test,"D(8ixh""7-/@fG0ws+,[]uQZKus6LFBonv.)y._[R]d	lb""%A",Check sum is 2
test,R|T>E|u;IwQ'3ASvF)	y^(W1PB&d,Check sum is A
test,"t9 <;ppm?""m[
2x'tA{R_}hUy_ntG",Check sum is Q
test,[z`+m}|8^oM?X7|,Check sum is B
test,"is!;,X_}'STT!b1-`JQ bLK6u@}5""nVuGoj#tpA0V4;z!G",Check sum is F
test,g(/Bxb!DA#D>RW(eXT}BmN2k}| yDi45b+wSjnM,"Check sum is """
test,-OIan1`=3$Jj];R74#?eU#*$q y$p)ZH,Check sum is X
test,.&?ap%tD-T6M@,Check sum is %
test,"s""AI*cJr-#,!q9iW+_}x;_1>`dFbI`","Check sum is ,"
test,m1sry1OaI}PDI%MB>b4ysR[aBA5Y%]X,Check sum is M
test,kV~bXd,Check sum is =
test,'4bh$t6J<qLtH5U>BR 9,Check sum is G
test,UVE0#WF81Q)5Ued6>^=v%'Hye[xyN;[ @0fMd~>&kUa<,Check sum is C
test,"Y9Re'Z_M[VJQ:gu6PG8#1k
2q",Check sum is )
test,3=:&@HxpIM3?h,Check sum is P
test,}f8iS##c#}!%Th**!o<GG3L~qsp6#d),Check sum is '
test,mH'A38Z}5j%440._p,Check sum is X
test,~^-U>:Ik,Check sum is *
test,lU-K|KB<~Y9wSS^3d>ZJB]x~	GG}-9{@q,Check sum is ]
test,1`a*8k5OT.i^G O_(2,Check sum is [
test,"`*""8 OWqDOd&f}",Check sum is ;
test,~kWU[= \t0GQdgfWgM_8UMb$@C&,Check sum is )
test,89*KD7%f3z`cQm;dj@bMNN5X@`uO\aBMzz`\H	,Check sum is L
test,"O	zT|r6jfDs]Lh$M/4nWb)}ruw5qz$x)0,ec.Zk",Check sum is =
test,"ynr7OOO3s,)yg';&^:'qqfb~|W?:qzOE5&E2aCRGgzr4",Check sum is H
test,6ia*'-k#)E$Bxc%Tx3#a7sU%|SM^h?,Check sum is H
test,"
vE'n!:I%-	( `e$G.thGhfX",Check sum is (
test,<0[E-0F+z29Q*c\E2I#4f-12)&S@z,Check sum is B
test,fz,Check sum is @
test,lDjybC,Check sum is X
test,tK'QxOQS&|qkY<43nl`.vT7q[KsWKOaerDeHFMVB%%K,Check sum is I
test,Cbp,Check sum is 5
test,";S_+HzBi=7sn!-APrvj.' |6q8L4# q{Flts""-O>Ap([",Check sum is S
test,"*H=l""g",Check sum is D
test,"xHnGanct$D+\!H'(w{8uXMJt_+f-t7fk
?*+c",Check sum is >
test,r5R%6|bTo=U@,Check sum is '
test,aLmQHgEUX+>D2D3MAT[w?,Check sum is 5
test,"@j1VFEK 7VB}""[2Hw~fP.S^KJV|+?EUm/e	5,(#CVQFDoV",Check sum is .
test,#i	 V0VD>VII,Check sum is [
test,"X,EN)vN]",Check sum is A
test,"!	J9X33ApaT%BoaRmD0]*#Xk:v[[g	.k""+e""7Dd|	Tb3 ",Check sum is 8
test,ojnAx(q|ZZ#>%;,Check sum is *
test,b:<*zg~rSI%T1PM%cW0Q.l*0-26)	)00ZDlR\B)b!f,Check sum is F
test,"j{k@C=errUHTc<+3c9s}<(yEj
_r^=)3QCm|N0[[?|20+]CQ",Check sum is ;
test,"18}CT_/i!Rws_lMtB2Qbh{Xz
A<&Pt""bsb}6 	2",Check sum is 1
test,"#0Lbi]{2xP&NjYN*
c&D_~Zkq",Check sum is 5
test,"u	-tbR|e@D|l 2?""s34H,J7T@SH.iOW",Check sum is .
test,XYi;qkKXQ	h|$$(f.[~,Check sum is O
test,"ul9i|$z2YORmR9GA0AebZ""?6Hf#XL/g!X3L`cK79{|!(7",Check sum is J
test,"cR1A<p'A=P
z#p1CmEtDl\I}
`L`l)",Check sum is V
test,_QmMr|2`+&hpCZ\$Z=^4rk>KT5{v#6Y/)Bg},Check sum is I
test,zz|_2+$F7u'iy^IWcW,Check sum is #
test,"n8k#3` CPY(lJP?eg@HxiT-)H\bZEYTN>!8p~"".%NuyAW_~Y",Check sum is #
test,"rBm(1QX2\s>l/ug@6h(u/?\iRE""",Check sum is  
test,(;<D	$50m zd%_#7^3R`_*,Check sum is *
test,"z{h*N5
%F|TfJafsf,*xj6'@D9p*tHZ<*",Check sum is '
test,"RKR b)As#+q
GK#PVT|J?<+`r",Check sum is $
test,"hvOMq7Abc0&s'JfgH0c
M,_\r,l4GFZ7=@3 ,6n",Check sum is $
test,R*T6kfEp\F4&F?'6a#){jgs_mUY(Ms$~aU6AX,Check sum is ?
test,ST6{RXtR,Check sum is (
test,5Y36Z,Check sum is 1
test,"8`dem]S{u\&z>_:}ODsKx""V,x	jv	iUT -2ik",Check sum is Z
test,"9UILER}e1k|u9P\`d?q{K5gYN@zZ1Sd6yZ1""|VAW)Y?;4X5Y",Check sum is C
test,"KW`PS}.XF""BAe2p30rsOZ>~Kh7eRce:@d# S;",Check sum is ?
test,"34oOz{0U39li'}
:\QpPcT)(C#-""{j",Check sum is 7
test,3CC4D`Nm#X4X,Check sum is 3
test,.#rM^@\Lai@7W`!,Check sum is O
test,"AGtW0
qJSjE8(Ef@?y$a_U%/Ud5't%",Check sum is (
test,O98%:?Xfn6jH_),Check sum is Z
test,ymK%dso,Check sum is <
test,n0+r,Check sum is [
test,<<=IaB!U^4yI|gi#<D\0	3ga,Check sum is J
test,U<8(pQsc6z,Check sum is X
test,B=T8E]vSN]2)iy1 R>'wP)}r)xg&\uC]rAUvn]Bnh,Check sum is %
test,$B85%{VGxi:B]e2A3]J/W{=8L,Check sum is ^
test,JuoE$ E Ih.&t%R	u2 ,Check sum is <
test,"U$hzU1Zupi&LlpE9mmo)=+!UK#H6lkj,rA7k1Vu",Check sum is /
test,"<U->MO_R_VwSlG6U}z(j]y3 5*shWQoxJ\C@\1oTieamD
?",Check sum is C
test,"+@.]~`)WI;/K
l1
%tu<8	CX=<	J
Z]upj!S)5\",Check sum is S
test,"Z7E,56
&X",Check sum is U
test,=@3AaBv{j:;kgI^,Check sum is =
test,"ls]o}Ab59cnY
#$o/?g3s<QM]iZz0p^20L h=*C[5qFKfXZy	",Check sum is <
test,ml3RNaHO;u{t#Lb,Check sum is 4
test,"1Qp8t.tAWjkk:qi8J4/J`07 RMNBDu?8k2`O\CtGr&F:
b",Check sum is +
test,l}_}*p:[*2/9kux`9Ax'boDGc\ p?[$mSD+$pL?I_	B,Check sum is S
test,"@)U3)E
aoOEc Q_1x)sW[$fww8WS!W8!eA*O",Check sum is !
test,"[7|Fh@q*NzUw9%}7;Rx7(q
'e4!A`JLCJUF%cd77e5",Check sum is 0
test,"T>GpTe;'1R4tS7`27h=p""",Check sum is 9
test,">1n""lP8p?'-(k*x+m""K+*afBF'd_~G}d%(PYmQ",Check sum is 8
test,"ju\NZ9,4yc,;IV~9)j5jbI|o,`_ovFYLefV",Check sum is Y
test,d$)3\X)-BP4\}TD=b^>5,Check sum is 5
test,U@v=E?CU(}e'p}V||WzVCD~6MVSQIbp4[H,Check sum is K
test,"}X|{z&I7w{x
tlP\8cd
ZA]dg;)bJm",Check sum is U
test,"EJjUT&>Gw{l}\pz:29c'qVZ0LF05{h6_a])Np""{gX",Check sum is >
test,"qD,J'5""",Check sum is I
test,@b^fPW0P,Check sum is -
test,"\""GrL)YO-/%Zmb=_Us
;2Phzf4OYju\cwlLda]N2",Check sum is \
test,Cn5<Ps_43amC%^[,Check sum is :
test,"Bo3,/7b/cO ",Check sum is 9
test,"?$.@;y3qg.X2?~>M0ZCQY2N

|mPl}SWS",Check sum is Z
test,"V/uh|o:*~Wx-4K3QU6ZB<	DXgWaQovf
HIm{,vh.U:{",Check sum is V
test,:C:i3Di,Check sum is  
test,"~yTn	
'v`txQN6K@ab]b=CO=(^OMi'OtoH{#rM`S)U=k@",Check sum is %
test,"l2T&0>0&IZ1t\Pl6B>/}Jg?""5	
T,4e;Q6$a4#Hf",Check sum is =
test,43|~xt&X:;n&GB,Check sum is =
test,"Uqrn.uod%nQAmpuCV&,=hO>qd6iGYZJ7T{/",Check sum is =
test,BgMmG,Check sum is J
test,"%RiD$)@{?QT9a3RjD5V!ii\9>sQQxCTZt&U</=?CmET,fg",Check sum is $
test,?9sZ}c~H,Check sum is K
test,gN|~mL( _u_yW?Js!lCI[?J~|12h	n>(6M0R:Mh5w{h=X#WBd,Check sum is &
test,"TV%E-47U<
4NZ""}!8|9&c]i|)m\Kw)@P'+R{yp",Check sum is 0
test,"br g=i%s0PBo""Y,N|n?j",Check sum is 2
test,":U*Q
Kck;`d+GU~l>ra",Check sum is N
test,W '32QH'XOq#KV4Uv41lq`5X{`X#<}ZiRam,Check sum is _
test,P2tc~v0`bvWS<kcy?[,Check sum is \
test,"wCDZR$R""T;sCK}Vs?n:jFPZ6s'H?+U(T2pH#2WY_'<7sS.6",Check sum is ^
test,"V8yyN#G5 wn$Svhm;#TLLK* d0
B1J> Q.v
xojB!j	T-kP>*X",Check sum is N
test,"!#f'@s
x`
ZzUQpQ
-}c9{#5bCJ	VPyx\{)",Check sum is =
test,Z/WqW $CN(o=_pc.zmGFa_04+l+Q1Y;kj7ttjS,Check sum is 2
test,"MNMBwd;tLv3v[(	~
Hq*>k0C~|O~/",Check sum is H
test,{TiThk%@e?n1J;A?th9r%wfq?M]m4,Check sum is 0
test,"v,L(EDod@xLr%XxGe6se6~2O""8yw8+{4/CLR",Check sum is X
test,^iRilpPEp.ylxisE-;hGPJ]h@JX@B%bQ>sw]p!KEWXcVv,Check sum is %
test,"v
jWhWfs)&Xj&~0io{IT~a27h7>*~]v",Check sum is .
test,"&^
y;wNZ-BA+:
yNQW_T4JQ""hisI
!]L{$v:80&;>&",Check sum is P
test,Le?((H5 Z^7_ZG(e\ZIr<w)Si\]r<Gkp*?+>LJ%Y9)Ei5q,Check sum is '
test,"^o||H$fW/o#Y!]=2<r-JG_!_OS-g
V;'THF""[D/qWd5[	",Check sum is /
test,"y)0F~zC<l24_:fs[(#!""w,S#/??f	?<'%Fg
k_@fgPB6a",Check sum is O
test,";13/-/""{!#gZS zPs'/_c^Ya>g*-8f#sP@'KJ|~b]OPhs.",Check sum is )
test,"[g9`6U7`""",Check sum is ?
test,"eb
a3\WC!}m'f9EOF",Check sum is &
test,2Q-LVtN@O)}Mh0A\9ZXYwy@l[BRQ~Y>3N\WMd\T*Q!qi9rG,Check sum is ]
test,"bgR?{a90]x,P: ^za{@&>4
@1""FDHNJcFcvm8gVw]gk{.}",Check sum is -
test,0XPX	_,Check sum is 8
test,qIpd] }d=C`}'{I#ku,Check sum is W
test,QeS7d`,Check sum is $
test,1`eEp)OeUf-V,Check sum is &
test,"Z'<Gz#*J,8CWb:TZ$&O^",Check sum is 4
test,L8C^)we&_j	3XSmU:`pZz*sW$Le|w2+tZvf;Fiw&{r@1`fHS0,Check sum is 9
test,"*;27#[*<6(?/]3\6W}O/b,rP8A&b>hpQ-393@4z\O*
u]Wz6",Check sum is <
test,"eZB!O`9	0<.+VF(Pb
&cMI:5(,JBK{","Check sum is ,"
test,P^8'$g!rL`0tg&37`,Check sum is 2
test,\3YNoa1D+T.p1#A+7IE@%6,Check sum is X
test,OA^[In|&OZ^)i&tzlQ1EeO1E,Check sum is L
test,5Rj>N@T,Check sum is 1
test,"w0g~HK""\}A",Check sum is ;
test,"fsiT8/.lZX'K5<4WRxmZsLb(<@ }O#E""[=Zj $Zp",Check sum is M
test,/~	,Check sum is V
test,"Z:.Eghp|*	uKnr:9@(P>c<P;>'>8X[`A:Z-iztT
R[}s,D#MPl",Check sum is &
test,L	*?:'9JxkdJPxH#cLwluuB[<qc7Sl,Check sum is %
test,"tblqkWRz1h)o;"";ot#Tj""Q|CqN$x<uGJy",Check sum is 6
test,Xrz$ZO7m&lt&)8W#oadDcrj`kc<J?@4.,Check sum is (
test,"G!5TlLt#^%s~auI[&[R@
OY",Check sum is S
test,"U4oxR|tQDOjn>9Lf)+,@IahkC",Check sum is 7
test,"Jv7
m?nA",Check sum is <
test,&v3tNRCoZf8&l.EX,Check sum is J
test,^ju,Check sum is ]
test,"xoaeg~N7:VH3l=h_Z!kY<$5J8&e	$MpJ,-;q+e0sO$=a",Check sum is P
test,2}?FWtu@?{p]F'y0|In/,Check sum is S
test,>ZNaHjpcj*fS}DqOzQ,Check sum is E
test,wKvP/c!|gMecb&,Check sum is [
test,"jC4F,A)*Up;i",Check sum is 0
test,>YK^H/pgUrg,Check sum is \
test,^x+];$4,Check sum is Q
test,/kLffa|6w-XgA:=Kz.-,Check sum is  
test,"2JsH+-5dnt&Z$,0z=y`*n$!*P$E47:8t	3d",Check sum is +
test,"lYZ""7SNRE%&\N[y(z109"":'$
FA 1YzC*nipMU599=",Check sum is +
test,"m1`0*R""T>D_ojTz0",Check sum is 8
test,'L*S,Check sum is P
test,OMGeT,Check sum is <
test,9gi ,Check sum is I
test,zDu\{yC,Check sum is &
test,LUva&<'RJ6.w|#/n,Check sum is T
test,"{jII-rn*Z
9QQV	/y^h 'Ta47",Check sum is A
test,+	!#rU;*-,Check sum is 1
test,o39~3E68`UH^!=,Check sum is X
test,yDfrIsI'H/ /,Check sum is '
test,"*CVRf%E0KK.)(""j&w6h	*Z8<(SUX|9",Check sum is /
test,eOvie,Check sum is X
test,3?*U4~(eY|+ \KL_R5TxS(3h~uTJ,Check sum is <
test,hU%?,Check sum is A
test,".:E!PCGS^e/j4(sqQ<zQx,NXg,0e$o8$+$~n$?Z8/M#/",Check sum is .
test,"6R.:I4eIL%Y^""",Check sum is E
test,-[diPTXC,Check sum is 4
test,"OgFGR_W*;\7qu|W<
c=./jU.c8j2",Check sum is C
test,5I3,Check sum is Q
test,"{df[;WopEb:#TLWHl"".yJ{~<'}	AZ>2fDf$bZZt5@8"";H;j80)",Check sum is &
test,3xv*PK*G2K]?,Check sum is P
test,"!E`nx[j>98C|1Y34}Z(x{'wr=maH_n	{""",Check sum is 8
test,]6SBO;k,Check sum is =
test,"xK]S!\!kx)OlAP]B7, }`X",Check sum is  
test,"}n_	PQC1&Z
ts6ve;bd(XPmy",Check sum is A
test,"Or.6|,'JP	#F|)zyyu$/b%
	s5L	+*$+HQ_>zXV\_|",Check sum is I
test,"=h#eY,*Lr7s+n#0Sz",Check sum is ]
test,NK,Check sum is 9
test,sJxoj&Wki:}CBVFm.82b=toVZ-yA_LLz,Check sum is &
test,"L+Gy"")lgi.QgSG""=N1&VQB]@{\u)$}l+]q/|Zbp:P",Check sum is D
test,"j""xXQH{U\~!0#;0L""zZQ$,gyB2&""{cB",Check sum is =
test,.`H 5`N-*k'YPiC]Xq4G&mE\2R'd,Check sum is [
test,"@9P=Q!v9#)69>#VK^
rX)({\M\wxsD]^lHEc	L{l3",Check sum is 3
test,bkui*O$!U%6i7xd+EfJ>qO\bl;?D|)~WRr-EMt,"Check sum is ,"
test,"xr4|U}e,,C%WEbV
/6	tF
kz-n""J-Ix~'i
",Check sum is 3
test,t}zRO?Kce5+),Check sum is G
test,"'#v.*@3z+(N`tP:nLGG}""o[Y",Check sum is .
test,?jNb@M5DhMTY#,Check sum is D
test,"E>	jAr%$QjvZ2'>9+j%G<c[+1}TG)6N0'fdR]]3VE""tu",Check sum is O
test,"]7 q""
s2=qnn(*An8Wgk/#D14qwjSr|
i`/@o",Check sum is A
test,"K
RG;tHy^adM7UA2@Ll?Dm@7Qfh}jsi>U&md	[6uTe55",Check sum is *
test,"&8""",Check sum is  
test,1Ec!x;)Ut(aMSb)bi,Check sum is >
test,_0Heh{WPKhtnJnEs*^Vu>1<9CC,Check sum is (
test,"Fw`X*=a
.iR$q(T+1B;p-E'FM?bP:abWcPy<gt",Check sum is ^
test,",N)|2H 0.hk",Check sum is J
test,~P~9rdBE''`}M0sn	OS^&#0zM6qbj	Du[u.jSQ],Check sum is 2
test,"&a@ft Zh""BthwQbWnV&ljm{OhSZaD`",Check sum is 5
test,"9k8(jNo+S/DUR sV]<cgw`X8
0Q",Check sum is !
test,jm+6h~D/iLP34,Check sum is ]
test,"VX[ZXjNHABw
uMy1/fH*Sd*<EVAvL`",Check sum is -
test,t}OCQ~Qid>e0#m+~H;s/Ko;{_OXf_w?tU,Check sum is ;
test,"D1.7""<Yk>",Check sum is Z
test,}Nc6Xg }%dfP:iy$4,Check sum is S
test,H!wk6&@L& UM#}36~K,Check sum is M
test,"Qg/qo#1{""jP3&e c]x7hW",Check sum is ^
test,"QuT>"" t#c*a0B""xFb>Q]|%F]!c{","Check sum is """
test,o*DtE/~a+^uM>m2VM5U,Check sum is Y
test,"1,x?kz`Lt0G%$b",Check sum is [
test,z}NFi{<aGMGh,Check sum is /
test,"AHz7j>U8WIH V/^G>8H(
",Check sum is 1
test,	?4:`)`U!\F/vs4,Check sum is #
test,"4tx5mrth$N4^wDFpIf[*QTo0O
!9}mn[:",Check sum is =
test,"sw5@iSMR/,w{tT7kb,kh:V:^tD""aiq+@f
JI8=xrm""fC",Check sum is 4
test,DSi|4r	l-G.	L`Qx?h4XrNJ4}9Adr_[w!'^ZwPLg=_,Check sum is \
test,"pHB
TT1Ufn
M4 Lko`, ""PyF!,d,Tf",Check sum is +
test,"R<`s $R|M;FRm0!b,0x""IF=Q	hiwcZwDd9M!l",Check sum is &
test, ZV}{% 	l\#@s8fh5hkQKiqD[ZLZ=	/Mtwa#SYcN:M~1,Check sum is ;
test,SLMHyICN;):bd] tJ]8712Pf#9T,Check sum is [
test,UOBf{A[,Check sum is C
test,"s'UL`q
(W#J/c>5Pa5F-}z2*Z4+3kbh",Check sum is 4
test,"""+A6Xgmud7beT%[8yg=`q.A>DYNN1",Check sum is 8
test,XxDjNt,Check sum is  
test,"'r9IG*y
ZT=xyIlh`'_",Check sum is N
test,Jc[H8oKZ)0Ir6_Im9tI@+xm}-hns,Check sum is T
test,"m@R&UxO
kbqHq 8>tKw(s16;[Mx",Check sum is K
test,i_L,Check sum is 4
test,"6};@jG2
,RxFP3z=^LTQj/CNY%PCin@""~Jte@],5<{o
UwoX",Check sum is V
test,F} ,Check sum is C
test,"
P;.ges3.oS!3fcbH)^K%W`MPWvd'(1X6BW`pO{#_BN\",Check sum is 7
test,"mfenXYH+ xbOsI""WTFX/A<CeYXmB",Check sum is N
test,"\Yx3-YxNM4rF5\}4ga,Gw9/e",Check sum is F
test,"[tK@ZE2<$<Qtoq8Pp~,%4c-",Check sum is W
test,"""/F[}sP=Q *bu$LA20B",Check sum is V
test,"K'vcWebhJB$rR""BcuWfoD 1%R2yz#",Check sum is !
test,"U'pG""@Mk,S(bvor^47Gt66Zwy0<Nmf",Check sum is T
test,"kQoU^,O$Yx>!iH?QPvzgpn.}q_O7hQ$$h*!kH	5",Check sum is 9
test,"2Dv	Rjak,+{bV$`>7W3uBuDdwzt?y-K<",Check sum is O
test,(+]9{X[,Check sum is 7
test,"oC]V!+HY|""?`ltY[O""eI}F<",Check sum is !
test,mATm)AJ]2;^(j&[@P-,Check sum is ;
test,$%O4PC.QL#r&~/K>~8sm[C'I([6&*7%^2iGWJL<J`vw,Check sum is D
test,ZO^2_1YOA7WYg6&	V]D}kY	E5[:sM tA[])r],Check sum is Z
test,"]c362z,z[q6@7
9[jq""
nk]D`95o3T""pq^:X]}N`p7W$I",Check sum is ]
test,Vm}&b*-$#]k;Y_a]vG\yv//C=[$2ADK+9Jz*gb93W,Check sum is D
test,"5v;#""^Byh@3
B",Check sum is K
test,"z*~.|MeA%9""8YNc-!Rt;J?%|$Cn*ZCep3n,GDa(DD0XpS",Check sum is ?
test,"w0%VE+,$6k4H[^[_,p| v",Check sum is @
test,"g
",Check sum is Q
test,"\r},fa&Y_P]XD0",Check sum is 5
test,"?<WV""/)D:q0!NV2G^+c}JP_mTgFc? A UZvrBcG2",Check sum is G
test,|6&D: v-O|na]q;d&#QqV+nOvt_-?8O1vi,Check sum is U
test,"&Ke0C_Xt(/Lg 4as
O*-yq+_v;f~6YYv[mNi",Check sum is \
test,)JlP:)AkDixSSG<,"Check sum is ,"
test,#-5sJ?Zj)i*n7%{n!hLBgvE+,Check sum is 8
test,"!""",Check sum is #
test,"Yv|Wlb%lv
JA{tChXJU_[",Check sum is 7
test,"PNV&>q& U&b/o7[qlY""@F8[G1",Check sum is %
test,!l$rt}Slni':ZC14;ifbBG=Y>5 e?xB{,Check sum is $
test,"zGn[M[HgSX""GFVzR~Hp'mV>O6ko{&l}/q#",Check sum is G
test,<K,Check sum is '
test,cE^N,Check sum is 4
test,"kkXNbCI/3K:P@5N}Dqo]Vh&
&:J>",Check sum is X
test,<-rQ,Check sum is L
test,{7?&,Check sum is 7
test,KFg9^,Check sum is /
test,"^@6/#Q5WP""6a?0z8	$EFO';7=RPN9)nh
!7:xKi[|
H($C_z",Check sum is +
test,"kFPdD|PPA[Zfnr?d8-Ja^4
UzX",Check sum is W
test,"9M
lI!_Zx`f](.gy",Check sum is P
test,B%[6&u;Xf5ys,Check sum is M
test,"Qs@&=Ag""<[y""*&wmzj>g5|O#(9l",Check sum is 0
test,bUyhliXkH<,Check sum is T
test,"pg~{Vw=q&T`< v$)D%<\@e-3{u#*?IYgDvEz=""rL^1w$",Check sum is /
test,"{=o!P$INCq41
d?#x,qw`i%G&9ZFK",Check sum is '
test,"SC
bBaL",Check sum is Q
test,"t3K3).4eWslZj06m1""0}9m?t9j>",Check sum is <
test,CQBy\85(Gx_)=lJIY<)~~YWIbY(lW|d7k,Check sum is >
test,"3ADn""F<(bV,u;/ZnR	54gSvGsHR^V<",Check sum is U
test,"a,'xaN",Check sum is ;
test,Vp1R-S9s!2]Z~4_ >t#(O)NZBf^LM!Oph)!^9s|qxF,Check sum is S
test,"2x1T[Vyt
P_",Check sum is &
test,"XOW,5~0nr@&,9c",Check sum is ;
test,KFoSz|;*nk\*Y_v80B_QruS!Z2rt$ze&Muvsok:hq_yEB GU{o,Check sum is H
test,$UTU'jL<oU3l`u]K1g,Check sum is S
test,"(	/<DFmr6mc
g
'O(IlW&W$xL)mMf=z)!w<3^r:W/5f/UTC/iQ",Check sum is T
test,"L$h9\W8jZxy
	u\tG5Sq@G+cylb",Check sum is E
test,I__K6({5,Check sum is @
test,t^-;3O7~@&-u/g;XoS,Check sum is D
test,-hvARv,Check sum is 4
test,w(_-H&]3_4Fwt7Qr-kgQ;.L!}ph@Uh$X=CT,Check sum is O
test,S`	GK(qKJIPLI+qnbmn{q wnJ&U><]fXr0 ;xw	^X:lS}nIM?,Check sum is @
test,SkBB,"Check sum is """
test,"3$W9A89kXHpdTG=Q	A<C~TT47UA`GNG/""@""IW""&OW}TW1J,i",Check sum is &
test,A2\44(,Check sum is ?
test,mu_.aR	[=FDo?o&VUXWa3B:tCS,Check sum is $
test,"2Sl}(:_""Qa=|uoREc}P_Qi%VRt/G)kxu",Check sum is X
test,!7	udt1<xV,Check sum is I
test,i0rP>s 6vMk4Xbtj%GsL,Check sum is '
test,fwlG~{T8o gFMwFhT6wnwU,Check sum is ^
test,~Y$%hvQ,Check sum is /
test,"ebkU7fEsw8$7sJlDD?|] ?\e@zc!Em VZ""#EeO*/Bw!I-b",Check sum is 8
test,SI(5p;N {pw6Z,Check sum is $
test,"%$KK,l}y\Uh}/b%[pW*:P;ctw`dxIAm",Check sum is +
test, S{PPmGB3'V]hSlFs`3`#(|g,Check sum is 2
test, 'c[PVoTC^^,Check sum is M
test,"=k
o$rl0aJxp] OWc",Check sum is L
test,"QFrDDw<Q1iTh?f^2_9=2Kg\q2rVX_}Vx%J,+'owM~hn.!",Check sum is E
test,"lo'ba7]NB`g?#- w996+]
_",Check sum is O
test,d<uFs%V.`,Check sum is 7
test,=jiJOrB,Check sum is =
test,"=FATZQ@a11VP
=b_`<.TDrT",Check sum is <
test,*b.-g$X^K57y]Hg,Check sum is D
test,"13*GpB4a|`_!WzMOe""g=7,?+L=XoO{G",Check sum is ^
test,YYFZ*&9{JeK	I8?7Swg$uc%(.0,Check sum is H
test,[Nt7P;.%y,Check sum is K
test,h9H3a}6JBpjA:n~.#8-*do]s,Check sum is  
test,"cZfV3oM,bP+Y""dD6W]CW	kl[	:yK{;`inAL{O,r<e1",Check sum is .
test,-	[O%)k\,Check sum is U
test,4!j|e+q 	qW<$zb:`N0ODh2T{e=Px;V,Check sum is X
test,"$]#\L=ker}9M%u;BCe;""$aD4:zo&qP(1pmtrbm6",Check sum is 2
test,"`v5y*]B[taJI{7r!a%QH$\_g+,F((O",Check sum is V
test,w#xmqS?M4E%P9>,Check sum is T
test,"zL_lN]%KV/
y}LHk~}k>?\l7*bX,)5U'\!Y26oF",Check sum is O
test,!sBENnA}8zcp=lZHRHi^aVg({%){<?Bk^4,Check sum is *
test,"Xk}wGz+S!;nAD=*1 .mBrv*{3
5qAaAd	C$]",Check sum is >
test,8@(FOBNqzfbEqm:*mdJ\k7RwRYtq?KHv	lJl}(,Check sum is )
test,"eX_{(@G>2.5 wSQF;.EnAZ!Xw^682&lr p3j]I):XlO@Kz""",Check sum is S
test,"WqYg,._!Lmzb4Do
\'o=dg\r+%Dh;Ak=""vLL+Q",Check sum is \
test,"""K3?75GuJQpc,-mX~dX",Check sum is -
test,"0nl)7\4C+|Hb!T=H}0+CGc&,",Check sum is ?
test,"L8 Dl5d Eq,*9y6v""M GOASzN	%",Check sum is F
test,"Za5USP8sS0H
):cyu<j l'rVZ*u
Rrt_Q",Check sum is H
test,d]PXO]V.W(DLo;,Check sum is 2
test,"p
7yY=i\2A.Tm%Awe*WssRq{!:],cM1C%1?",Check sum is K
test,"~`';Cw""pex
(DZZb$]uk~zAf""b#OdYHTb""#tG+qey~!==&U&r","Check sum is ,"
test,wo>,Check sum is D
test,rw<D=0w.x	e /VLF{'j>j=wa(G,Check sum is 0
test,BTP4fB?&| ]{<B,Check sum is 9
test,9H1Lz	Ya,Check sum is [
test,"_w~9e8U<z?f,l8thjh:.lSMkPdXvw+%gd#i.{^)$8G2Ib",Check sum is '
test,?2Ey!m]mD,Check sum is +
test,6##1#E|9J*3p6jXjz^AB,Check sum is >
test,"NZ	:`P6%?>=5m/ y0m,(@NtfB,YZ",Check sum is 4
test,"T|{sQJ""h=GS6n",Check sum is >
test,<I	dA.3CkyP[vn>3Y33SUyB2hN;RP%+<yOxO.\uBc,Check sum is A
test,IoKjYDG8Pv7D>~h`A.WBV+OOWr9sGkEtk*,Check sum is J
test,"""-(&I",Check sum is F
test,"E#,0g}( l_z=#>(+O<q60t$6/e4x",Check sum is 6
test,";2bxv5b%\n
zu
C>6	E	,)j",Check sum is 3
test,uX@?K,Check sum is 7
test,"<`Ylo$HM`:T$`k~PM^4SU""Sand:",Check sum is =
test,"EuFB3T:&,S25L,l!YxT5G3qeTR-K9	uVHDt@_u? }9K""8",Check sum is W
test,5P@\XPyj<=8O^S^`-,Check sum is (
test,Y7Pq{z(z'rt[AkRK[Jt,Check sum is R
test,l3eIPKPFU%?$AbC,Check sum is !
test,?zMb5}p//5t'Hf;FbtR<ikUx_&'KA0*,Check sum is ^
test,IenH],Check sum is !
test,LWqPfJ.K,Check sum is -
test,"g=\=vU&1n,*w?Q81hDiNR5EP"">LHCj[[SA9R7sd",Check sum is 6
test,v5{C3S_Dh7iY%6x#iZZ*n,Check sum is >
test,"#%1Sx=5	RsB
>KJ	[8jpEX|XE/
0J,4#bmj$|G",Check sum is E
test,/R2VB4)sMS(vp'8.FuwyBb,Check sum is E
test,5^7^]wC=Xx-6il8UBU_cH@gVf~6UW)n\WD-32,Check sum is 5
test,"Ol{R\}zeeI)JTYF@} lig)OZuV{><-Cq$Ap'&
R",Check sum is >
test,"xE*,_u+t6?00",Check sum is ;
test,"<#yuof)&8Q'""[59iZc#!mu]IncF#,	00_&S<[W[{,",Check sum is 5
test,"1KpP""P-O",Check sum is J
test,"2#9<Js0j]ah6]P}""kPqk?w~E6r5ZiM!H-j r`IRIv})mA",Check sum is F
test,*#:>,Check sum is %
test,"FQ2l4n.W>_F
+<Q?D}vWBbt@H-_Ht>CMvd4w\#6Mub<-P",Check sum is ;
test,X.HUsWBz3,Check sum is <
test,o>:C<2gi_3P/wns#80C[n4U,Check sum is Q
test,"v	F+@<IR+nT>G,]4Y#.9u*He	
:H+jJK'}[euB>4Sd'{.",Check sum is X
test,kohg]p0I&?pv{FI,Check sum is $
test,"V,`TZm)F
/'6&",Check sum is H
test,X;],Check sum is P
test,!lTeE%e,Check sum is 5
test,yR9Tc :s	+f$_ym'j+X,Check sum is ?
test,Ez#9YDjik,Check sum is V
test,"ryF9~!;M'l<zn?kWjz\>:Tpcl)]mKaJO+)7,6",Check sum is Y
test,@LdC&ZTi#BY!;m2hA/S_R,Check sum is %
test,2>B;!h>:rRY,Check sum is +
test,"kh[WWQy{K!<6o pGz7$2R >4,'XD(u/JTgSq4&& B",Check sum is 6
test,2#)Z,Check sum is 8
test,t4qs2R9V42p`'u,Check sum is Q
test,AVot*	Lio_#\cXw<,Check sum is =
test,"byvx+$aRFLi)^0J'#""aO0bVUbNy`1Hs2YFaIwT/",Check sum is *
test,$R;Tzu,Check sum is T
test,"2a>(GA1MsS:\+VOF"">XJ($=R) s:B}ds-VA
>4\I}Zm(gf-q",Check sum is 6
test,"Y:'fv(~4azc 04H""t~^C!c3xxvii;9XS_BWx",Check sum is M
test,s30YjhnN!?<Yx;y!#k}tV6`|~7,Check sum is ;
test,"{}DQJ2;ioZJPq',1
nM2U}'zze;{OjL#}:l8'$]Z3+jY",Check sum is J
test,":Gh,m9|kuurQ'tBe~g?.D$",Check sum is +
test,C h]/!@I=Or	-4f;7FZDA72+{,Check sum is U
test,"H	,x	6hQ{Ti/!Eq_[cdg@SW;+",Check sum is C
test,"QNf,F%JEV=n~""W_6rL$2R:Oe)BrX^^FrM(p_,qC
X	C\",Check sum is C
test,"$8b6%=6r5lCl4;&-8?DUy5'B[[(bW9o~kQ.UA$O""",Check sum is )
test,$!nqOJ8 `oFuqnXq,Check sum is '
test,".QCTP4.~|on0A }dL1-T!y4="",f8t7`0(5n`V]pqg)E",Check sum is 5
test,"""vuYZch/ecV@",Check sum is 8
test,"X`	A#v(A=	7xoo2
fsA}g'JO{|o+s916T<uMh53",Check sum is 7
test,"f]=s9h% IwX+A4[gZnoS]=NBBq8a<<o?,5fENV&l[]zpb	@P:U",Check sum is G
test,"7Jqal|+KQ>d=HcbQl@}!Z8&W""![Z",Check sum is 0
test,e8yiFShOs<:tOz^**EK-o?G!PW^	KZ`pmo8Um>	3T1hkl@i,Check sum is Z
test,"/OIir,pJDsmb>a4&1`[.s]p\WV_O7X",Check sum is G
test,yOp,Check sum is X
test,"3z=71mr6$!exL9VAukxP}(t}S00N7myD>
[Q+>v:9=d",Check sum is L
test,[c_.F#XY[8Ay7SoDU-Qw'M|}?44bs{uqj>[{X$a]@0f6B@wsK,Check sum is ^
test,"!u.+NB-~)w3""DzKiUi=@}nZL""J,yt3tPw/S(4PtN`HLl3)V",Check sum is 2
test,"Nf[nBXVphD+!RFeZ +kmRUsvy28nb?a?/$7LL~_,J;-NR~	^HG",Check sum is B
test,F'^,Check sum is +
test,XxK21otP&/l}vkIC{FyPy),Check sum is (
test,")9S37+5FH""|LdtYp6$FrQ
	InI.z@qeG#vv&N#Hf{S",Check sum is U
test,wPf$phn%c6vbW0_w:[d0OihJ_v`|K,Check sum is 9
test,T-_O8&C6,Check sum is &
test,"i\9^Fhd)s${[)""~{a9&V0
PkbrQe79K",Check sum is 8
test,"/xP+(Y3K@Jrd-z}e3IYW'%<{c|IP!WI6>C2s
Y`S>",Check sum is B
test,mGxEGGp2Iyw[,Check sum is U
test,17/GVquF,Check sum is @
test,[%JRQ8+Pv+9_?KLL(,Check sum is C
test,"YK4zn\i+yX;=1Wi;A""vJAl)P~nzB$b0SK7xL#\T>%B	{L [wj",Check sum is )
test,Vd%(y-Yge5=GutM,Check sum is !
test,")>=zZO8q~*y|NdWk4fC'n{cX]Ys,N","Check sum is ,"
test,"lj6 a!j\DrYr6iu\]
<0z""yvGt%z}%m",Check sum is L
test,2vG.P$RD}<&eM5t,Check sum is A
test,"^p/Zj""8Vuo.[35tbpx
Qi9!ev",Check sum is ]
test,"NLSN>-x`'rR`tEnWP	w""RYj\|`]c.bm[k5tqO(G]j",Check sum is H
test,86YBjT/.;K#9oR&Tv7,Check sum is N
test,DY@x+ n(''7s7g]wfUP)o,Check sum is #
test,c!jF?wsFmc,Check sum is S
test,"GEu3:V`WLY	G}0SEJ2'Z
L970\0nSMs#a",Check sum is Y
test,e8}${&TXvb'Z]/%|OGx~!LC3Z&U%nA[i=u2z8xk ,Check sum is &
test,:e#krK6c+b~!~-~Tq2?TB*8k+A+F@,Check sum is .
test,[/dp 7S3P_2a7ID68Jm-<7Am?M?C`CE=X.WJg,Check sum is U
test,:!{Bxa,Check sum is Q
test,VC[36zBSV=kxp	0L4m##L|U,Check sum is ;
test,^De%;,Check sum is G
test,^H7dBdjzso'eu5@2	1d<7,Check sum is F
test,lgr ij	f,Check sum is G
test,K$:],Check sum is &
test,Gb/:KyLG}v=`5e'qK,Check sum is V
test," ,	.?|[6Q{x<uV)z>|P
<{|]y:~8?qd|l#Fc	a%Si,e:G",Check sum is O
test,a>vVH=O4.]lw,Check sum is A
test,"X
NnXXxS!:LVie[AU!\e.ki&S",Check sum is R
test,"l
*I<G1
M9FTSbA<'}oM #^D6V!2l^T(0v\Uw",Check sum is Q
test,",{,*,}]F	=	=Lrg`(&XU%%3/\7hFw*JUUonbOf9nflMp'~",Check sum is F
test,",d%!^>+0yi;)`z[WB!&O@f(qsm*%IA0",Check sum is ?
test," M`,t7aAMcL[qQ@(	#o^#}D""?eB
=?[Kq{<6s$g|#.kGXs`6
",Check sum is >
test,"/R""XHY!~u~J{ ;\/%IkfC6/y5Y+DQ'x%lztqD,ZV+}5",Check sum is 3
test,"#1F0M+A\l`|#CVaR,,%C}K}qJ&hrCz,%N$,;",Check sum is ]
test,hFhzq_g46pm-(XD)C7!UrZG6X.,Check sum is G
test,",5_Fzzd1Awv*#[?x`\tJ?ficCr",Check sum is \
test,"""l.C({cT<g6G!*T#S6lHyDw d",Check sum is P
test,""":oFY(7L(8rPLqAMTF@V\K7Dg+D#?vUh5JH#uyi{6,I;]t|",Check sum is N
test,7wG$	t<i;J`(-$<xf1Yxxd%=H|XmR%{FYl-	8AtA`;&tXL?>,Check sum is S
test,"+2vg:Xq @rgDikW,{[SCZzw(",Check sum is P
test,AJ)f6?{m  aD)0J,Check sum is _
test,"ptsHyMjr.\]oW
\WEN_vK-*{'ru$3@rl3Z[O:~UHtrm|s}c3",Check sum is 4
test,9}G _kZr:ut.4T 	%,Check sum is :
test,"TvQa1yzk,1X&Lo$k29b:~W;_bi1uB*?^Y(i9",Check sum is #
test,"2>>'H!
&
g6!k(:<'nC6 qUkQd^9<""$e~R3[u@",Check sum is D
test,"O
i1BlzrX2B3r]>aB"".c/u(j6(Id_Gq8!",Check sum is @
test,Vu>EyDk~y<Nkw#+B.5zouz+Hr_I(Q}:Qw?vquu]$1F,Check sum is Q
test,J{=:V~h/oEH;V,Check sum is T
test,"`yMtZ7	Is""Sdyg)`Z3GOQ3YN4Ff4<*",Check sum is Z
test,w)$6og5',Check sum is L
test,;lsR]tNqs]-LUT}	V&N@)Zk2,Check sum is >
test,"q?EVf\:{PF4U^TKK<s.EMZ7""76Iw2=5,zx",Check sum is Z
test,eBYm${SYE(r<kOko3yEkKq,Check sum is _
test,".={f[aqt0K3AyR2[SG>,c{`0#W""Wy",Check sum is 2
test,sklla%^|J	6L4	ZSRG:[,Check sum is #
test,"~""	a-68YZe<5SOMBt=6XfcE",Check sum is L
test,-%iX4GF|'(bQ-E$Ghwd 1J|&O8+DpS5X [qD2}'	O]tv9+,Check sum is ^
test,7NeaD71L2r .%Vg82gZ&&O	q[p.K% E-;?<I3p^ie#',Check sum is J
test,"``uiHV*
G:l]k@DV$@.jHUy36+HPU&1& FB0~T",Check sum is Y
test,"<qbwJ""c]ct#BjW6Vs4uk5;U1Rw1",Check sum is R
test,tY@N,Check sum is ;
test,">N>F;HtB,ZVmD/qhE!r~q-m*  ",Check sum is I
test, 4Z$sk10T_J5	x?vdo-e37j:{,Check sum is G
test,$<l>yg3l2xt^hU/n+a4EZ55%*>z+$ *?K{c~K#N&wVw O',Check sum is J
test,VLm,Check sum is /
test,.*FS`pZz`cXvl5sO}l,Check sum is R
test,"O97~[NG`VP]u,pEN",Check sum is T
test,U%!J%9Se}T8J.Gwp$`%l,Check sum is _
test,"sk
jjH[bXSp,VC94V",Check sum is D
test,aT;%|HSo>e#D0VikTV)D	,Check sum is ?
test,"geZmWmw(~SQ	*3[
unP",Check sum is 6
test,"],zFrh,+Wm^>TKUV7P--'o,|..D_6pAk=Qk[
Pn?~.",Check sum is ;
test,1E.*Gm)q%1IZJ`4+NLe&J,Check sum is -
test,r8,Check sum is J
test,"yF'algey4ZJMuW'Y{,Kg82I^BJ+poq3i4u
#/sU8]?:<",Check sum is -
test,"BN`QkNwp27\}Dc/(!cajyfrE=A3/8nOr>Ks-
,+c#",Check sum is =
test,^h4 .&.\YU4$ hU;mlaAtV,Check sum is ;
test,"EUyAb<FnUvjq)7xPDDOtqy5OK|7{e~N}?m
)P+iGpexu3K",Check sum is >
test,"^!u}ZQ!A%TH::<eHhD.'Y;n}5px*M/(rTGga^[""BEVJf",Check sum is $
test,P-Uiq:h\;_J/,Check sum is ]
test,"p]*g}{kp<<5Pp	R-.6k==h:i&""MW\wD2B&H",Check sum is ?
test,N5F#Nmm>%7	Y);ALKivXd)0/r1&JVcwvd_A9(il,Check sum is B
test,"w'llkFL*/;!q&ww#$*L:wv	.l
""od%J}(BXOrsy+'&b
o",Check sum is A
test,"i:,s/
6m&h1sl9z_.^7rp.~#sPS\",Check sum is T
test,"W\6rU@ULMi6-i0zc*(i]ukF/t,1 F3PzN-8DMtL$l$2v 	t-S1",Check sum is O
test,0nNm8#k(P&rY<F,Check sum is *
test,"@t]~E$.D[N*""f_SMhGisy>!vD7|w
Z.J<CVk>;PGd=NZ2@N]wX",Check sum is L
test,]hB,Check sum is '
test,".2Sy'V+8i>q2RuCMzT(""MRkMay0s{Tt~",Check sum is :
test,"2`Ei
?.yE@+<;(60ExAo>{{`DsdA","Check sum is """
test,"6,MF",Check sum is U
test,/s,Check sum is B
test,"4^Zi)~l([Ya	W9X,TWMU%IYvj)LuI4%[`q~s0iYW!X9",Check sum is :
test,".Xb,A(qiMyo-vC(}`y3A3F",Check sum is =
test,)WU%uUrp<oVk1cxIo,Check sum is 6
test,1N/hG|GHk%8DhCw,Check sum is 6
test,"eY4
>R.zmR.wN",Check sum is F
test,-(0K}'$(?T5Y;,Check sum is <
test,jvz9e|XBB1jjYHx6iN1EhneX&CF[l,Check sum is :
test,AX*BlF<h6>f*HR/xs'@G!F5M!;f6V<XFs-f,Check sum is 8
test,"geu<]+m	*n 21B+-3v9L
""R",Check sum is <
test,~L uB$K+eC/	Pgb`24NiYVY_eDdNg<0'(vzzb7uWvHK,Check sum is M
test,}-^C<6JgpO6eY&x'Ih5JB+Jz6dN?`,Check sum is .
test,7oUE_x(%L&[-*-RRsw\26oD<;,Check sum is Q
test,"Xc@6_?6v[;b	X~Q}M6_wC)D4	],ZEW:~B[ER39s	kWf?zf-",Check sum is M
test,50J,Check sum is O
test,Ga$$MyUvg(M@PF^X:\g@eBx^2,Check sum is 5
test,"pl;FP_vpBKt?k!-wn(`,\<I/fsS",Check sum is  
test,^>-rm,Check sum is H
test,7#mQMW87#XL%~t?:BXB94Wd|Z+_UtFb?VUSCgw,Check sum is U
test,mY{)DlZh.ZT}k),Check sum is )
test,elb2sr8)GH._~cIg,Check sum is 8
test,dmb,Check sum is S
test,yNWCZ`0wH\u!_^`u1|5gb?-A-`	0;&w1C/Bdb:4,Check sum is =
test,"jM>0/I(pJ$]1T2:'q>gUrIMQp HyvyZ4\;yOHdh;B
O;5",Check sum is C
test,"Cr#T]IrC
Cd>T7O!5",Check sum is F
test,O1]gIK.o]cU'5-}+P<,Check sum is '
test,"CTM,\#_?8JCg:-_-wNJ,u}]y#SotK3;U\bKKf.FL""P7Z0lK",Check sum is :
test,"9JJ%o&xxztmk#CI""4IklRVZtSevI^AWuHY{#rNKJg-",Check sum is B
test,%NRh``7\,Check sum is  
test,0n9drg#qJ[vD!47c>,Check sum is T
test,kr&S*UE\i	|U>ft>Z=fj<pL{wnT3IB,Check sum is @
test,{D2qo,Check sum is 1
test,"HGKJy4?T""4UBR+r<n)ke|WWA {fQ! cXfZg)6uwlhd?vX`:G",Check sum is T
test,y~Xm::TS=3,Check sum is '
test, SW*k[[A50^e(%=3lUf>eGiy,Check sum is N
test,"BtfQWc}
h--q]JHPNl1Ah|$<",Check sum is 0
test,"~ {6(=yk7%=h2k+&
n(z}73T2R_M","Check sum is ,"
test,"G@a'}8I8082hEn|Qp~WeS_$oEL1hKE:<_F`gElQZT""+.SG",Check sum is 7
test,"-_<*N#yjF^U(""@ClELBq\",Check sum is 8
test,"v,tWsRDjs)S} 46+a3f!<wpydOQ""X$|,'`	5QY4]
_|M",Check sum is T
test,'I5U,Check sum is Z
test,"~$N
GvD*Gd_%es'Jd:a=: b;)&7b5dY""lRvo4i?&s
p[",Check sum is Y
test,"q2B#g#t^,k$b2Y3#,u#",Check sum is F
test,U!*{*eCVQc!Y@.,Check sum is ?
test,"F;5w<!hME?oqr~M{/e@PQ O,Aq4J^fW/	!J",Check sum is 9
test,"[X""zU*4%ET.WIoE `GJHcrZwW
8{@>Sy@c{<f\4S^:R5XMxc",Check sum is A
test,"^RRj5*:?.jR>*,]![?sLsHG,M2JL:0/09gWPURKah",Check sum is G
test,0G@9n,Check sum is >
test,"-
*rF@D$B<5IKp/q(/GbB!hg1SaS_Vm$ )&d",Check sum is ;
test,NMDTMydj2CfIC}pNR)0d),Check sum is A
test,1EMfNC)_/b\h6_Ori7z*ju-9Uv&D0,Check sum is ;
test,"P.AsByl=2rKC'V.q!-:.a=F5&BjNj|1Bp""b-"")xX""m@A0n<6",Check sum is (
test,",Al'__*h)Rw-`3U}F0lkB	Ja4lByP:~jYi68sP+g94",Check sum is 6
test,bExDAKX u+GXeuwo&h} FLOpn#q-,Check sum is 1
test,M#bQZS|,"Check sum is ,"
test,"cQLt'
qF
Q{BYJ<4qm#_Ie9",Check sum is .
test,"&>/m~u[xx9KAgYeFfQ""v^",Check sum is ;
test,"02J`
S_ng]
<#,=AqW TSU&5 PHt[]{oS&Pz",Check sum is =
test,mqTn+GnbRDSW{$afGI%VrdWBF8X /eutb5J,Check sum is 6
test,$D)Ie,Check sum is _
test,f(,Check sum is .
test,[hyk'lR]@%FF4i+4{W5p*H'*%,Check sum is U
test,"iJ](z^HLkC/:6RDN>""xl`XaPR?:	o~fiB""LC{5
=w	Z}kI""u",Check sum is >
test,Jq%kA0(omXOx\<	Ha&R+3y,Check sum is X
test,K)ZJmMzqx,Check sum is U
test,"A*yl,55B|%NXFNE7^f	=`=&7|G5je:^IsDpB\P($AH.%$","Check sum is ,"
test,"AOZ+u?yHZBxgHMRO+
O@$;9PQ!",Check sum is 9
test,"ny7~E4yZB{ W(DBEbHsOcpakN/W^^Q}1qZz_FNl9	%tX:""iL",Check sum is 1
test,]]5,Check sum is O
test,H(C7Sv?X pM,Check sum is G
test,"""5x5k""oe~
n6/<bPbTR5Ky 9",Check sum is (
test,".$eE^Mk]~b\0spH5%
P<'u3%M0.u",Check sum is *
test,9*tZ,Check sum is Q
test,"Zq',8z8.x};14IK""P2k	tK",Check sum is V
test,n=d QIz;.QK|UL%X,Check sum is B
test,"3m@)B0cQ<WQCT~VrjFG6Ug% VKgx7$O""J8QI73St",Check sum is W
test,yzNaq+0Vx$,Check sum is @
