set,input1,output1
train,,Check sum is  
train,	,Check sum is )
train,"
",Check sum is *
train,"B
","Check sum is ,"
train,"

",Check sum is 4
train,"

















































",Check sum is T
train,                                                  ,Check sum is  
train,ssssssssssssssssssssssssssssssssssssssssssssssssss,Check sum is V
train,"CD
CD
CD
CD
CD
CD
CD
CD
CD
CD
CD
CD
CD
CD
CD
CD
CD",Check sum is 7
train,"x
y x
y x
y x
y x
y x
y x
y x
y x
y x
y x
y x
y x
",Check sum is &
train," 
 
 
 
 
 
 
 
 
 
 
 
 
 
 
 
 
 
 
 
 
 
 
 
 
",Check sum is :
train, ,Check sum is @
train,!,Check sum is A
train,"""",Check sum is B
train,#,Check sum is C
train,$,Check sum is D
train,%,Check sum is E
train,&,Check sum is F
train,',Check sum is G
train,(,Check sum is H
train,),Check sum is I
train,*,Check sum is J
train,+,Check sum is K
train,",",Check sum is L
train,-,Check sum is M
train,.,Check sum is N
train,/,Check sum is O
train,0,Check sum is P
train,1,Check sum is Q
train,2,Check sum is R
train,3,Check sum is S
train,4,Check sum is T
train,5,Check sum is U
train,6,Check sum is V
train,7,Check sum is W
train,8,Check sum is X
train,9,Check sum is Y
train,:,Check sum is Z
train,;,Check sum is [
train,<,Check sum is \
train,=,Check sum is ]
train,>,Check sum is ^
train,?,Check sum is _
train,@,Check sum is  
train,A,Check sum is !
train,B,"Check sum is """
train,C,Check sum is #
train,D,Check sum is $
train,E,Check sum is %
train,F,Check sum is &
train,G,Check sum is '
train,H,Check sum is (
train,I,Check sum is )
train,J,Check sum is *
train,K,Check sum is +
train,L,"Check sum is ,"
train,M,Check sum is -
train,N,Check sum is .
train,O,Check sum is /
train,P,Check sum is 0
train,Q,Check sum is 1
train,R,Check sum is 2
train,S,Check sum is 3
train,T,Check sum is 4
train,U,Check sum is 5
train,V,Check sum is 6
train,W,Check sum is 7
train,X,Check sum is 8
train,Y,Check sum is 9
train,Z,Check sum is :
train,[,Check sum is ;
train,\,Check sum is <
train,],Check sum is =
train,^,Check sum is >
train,_,Check sum is ?
train,`,Check sum is @
train,a,Check sum is A
train,b,Check sum is B
train,c,Check sum is C
train,d,Check sum is D
train,e,Check sum is E
train,f,Check sum is F
train,g,Check sum is G
train,h,Check sum is H
train,i,Check sum is I
train,j,Check sum is J
train,k,Check sum is K
train,l,Check sum is L
train,m,Check sum is M
train,n,Check sum is N
train,o,Check sum is O
train,p,Check sum is P
train,q,Check sum is Q
train,r,Check sum is R
train,s,Check sum is S
train,t,Check sum is T
train,u,Check sum is U
train,v,Check sum is V
train,w,Check sum is W
train,x,Check sum is X
train,y,Check sum is Y
train,z,Check sum is Z
train,{,Check sum is [
train,|,Check sum is \
train,},Check sum is ]
train,~,Check sum is ^
train,r',Check sum is 9
train,(h,Check sum is 0
train,8H,Check sum is  
train,VB,Check sum is 8
train,"B""",Check sum is D
train,tG,Check sum is [
train,x},Check sum is U
train,(x,Check sum is @
train,"""_",Check sum is !
train,O},"Check sum is ,"
train,8H,Check sum is  
train,nn,Check sum is <
train,Yo,Check sum is (
train,1W,Check sum is (
train,7V,Check sum is -
train,5	,Check sum is ^
train,"5,",Check sum is A
train,"
Z",Check sum is D
train,BB,Check sum is $
train,Bq,Check sum is S
train,=Z,Check sum is 7
train,/>,Check sum is M
train,<K,Check sum is '
train,X\,Check sum is T
train,[Y,Check sum is T
train,=b,Check sum is ?
train,)4,Check sum is =
train,(B,Check sum is J
train,Mz,Check sum is '
train,z3,Check sum is M
train,\W,Check sum is S
train,eZ,Check sum is _
train,?%,Check sum is D
train,W~,Check sum is 5
train,j@,Check sum is J
train,qn,Check sum is ?
train,.1,Check sum is ?
train,ku,Check sum is @
train,"""U",Check sum is W
train,"i
",Check sum is S
train,9p,Check sum is I
train,Yp,Check sum is )
train,6s,Check sum is I
train,NS,Check sum is A
train,M*,Check sum is W
train,%_,Check sum is $
train,pe,Check sum is 5
train,JD,Check sum is .
train,<',Check sum is C
train,h[,Check sum is #
train,wZ,Check sum is 1
train,S9,"Check sum is ,"
train,(V,Check sum is ^
train,p4,Check sum is D
train,&X,Check sum is ^
train,RMO,Check sum is N
train,cZ*,Check sum is G
train,`~3,Check sum is 1
train,	oh,Check sum is @
train,]rU,Check sum is D
train,"!Z
",Check sum is %
train,x}|,Check sum is Q
train,+[(,Check sum is N
train,Q':,Check sum is R
train,"?
O",Check sum is 8
train,ZT),Check sum is 7
train,""")O",Check sum is :
train,?2Y,Check sum is *
train,PjE,Check sum is _
train,&v4,Check sum is 0
train,"f,r",Check sum is $
train,"*,+",Check sum is !
train,"M&
",Check sum is ]
train,dGL,Check sum is W
train,!(m,Check sum is V
train,My\,Check sum is B
train,HZV,Check sum is X
train,z%>,Check sum is =
train,"yT,",Check sum is Y
train,18),Check sum is 2
train,)Mb,Check sum is 8
train,}Dt,Check sum is U
train,0[l,Check sum is W
train,{'V,Check sum is X
train,	]>,Check sum is D
train,r_Z,Check sum is K
train,b)A,"Check sum is ,"
train,- x,Check sum is %
train,:W?,Check sum is 0
train,\5;,"Check sum is ,"
train,R5r,Check sum is Y
train,0[9,Check sum is $
train,MmT,Check sum is .
train,^Gm,Check sum is 2
train,~-?,Check sum is J
train,"""ga",Check sum is J
train,r)-,Check sum is (
train,K`h,Check sum is 3
train,9\\,Check sum is Q
train,V\0,Check sum is B
train,Z_[,Check sum is 4
train,R>Q,Check sum is A
train,",$7",Check sum is '
train,9Zw,Check sum is *
train,-8C,Check sum is H
train,"TxVLxE_O;wUJHU9__cY-kK)2s""0X^cyDH1'jnk",Check sum is V
train,"=xKQ:;RNV\N>_J^	]OiP34kxKW-=c (	a*Jc*ILL'R
cZIh",Check sum is 7
train,"3c%QA-:a/77R""5,XBS-Z7)#;~=6zlaBZV26VC9oT",Check sum is @
train,x[n&Lhvehy^M)h{Q0sQ-rzZUzH`f|?lj{,Check sum is O
train,4nSHBc09ZCaTl&<$1wrb,Check sum is +
train,"Ms#$I{WO@k9j

(V4",Check sum is %
train,^^xBK,Check sum is !
train,r;$_qQ9B>h|jQIj$F9ZFj}+:,"Check sum is ,"
train,"r
/3EejZBP@`F-hke	dJECZ$h%~ypN(",Check sum is 0
train,"50X]	b'L""!Mvh:=}_ftc+Vu1xz<H	B\nOWwWLiI$C",Check sum is !
train,"w.z]oNt&q;TuJO7ixitt(lHz7+;MisQ
=DQCA{~In",Check sum is '
train,">T@sqnq>]LqxiPSiG`QKrX""kV:pt>_B#7<-",Check sum is *
train,"afI;T2""mJg`'",Check sum is 8
train,"J[4uVEQG'4xKSaA[^hS,s23ie)3Lj_dz",Check sum is I
train,b+^nY,Check sum is R
train,B-:zbrB,Check sum is Y
train,=37,Check sum is G
train,")!DTt""k-;%{[ bNnH1H",Check sum is %
train,"Yz {Hle8)gD<,!6Y*;C01",Check sum is T
train,"P~[I ts65Kg}B%CM|1P,Xy['<^0R",Check sum is B
train,E*4zo?RyD ,Check sum is Z
train,&R	hJ+Q_4j{6,Check sum is =
train,"9""$!f&:P'X0""q.QW:L^Fz
:>nR	Pz e>z_v:.!,}",Check sum is +
train,!7q8G8xb7	z*}1C&Fn,Check sum is )
train,eXO0~c3:1pzk/,Check sum is _
train,_DyGQg 2~Lry,Check sum is B
train,w^nyEYH~W++Jhszsc>:rhV,Check sum is J
train,@~q5 gCO]ZZR{TD[q;c4kM	{0,Check sum is ]
train,Dx7|$7aG%z,Check sum is 1
train,F2b [~U!XS-)/,Check sum is Y
train,\G$QHd)Sbw Y3,Check sum is %
train,"r/`{x.NR5O.s3>b^p.jEmKk	G
V[",Check sum is 3
train,"g	n1=X4VmR=Q5""9Q)lARY>
e|[t
}V	hH{bD{<]ljcMBQ",Check sum is Y
train,"E:IF	SSjw),Ef^Y`<m38s",Check sum is \
train,Y!V	O0}Vz\\W5V[h!M]2I=,Check sum is %
train,"cI'G.""jRe,""#3l~|K2HC*uKB[2",Check sum is 6
train,$t,Check sum is 8
train,"#P@f4L5("",fTd%{U>N<k2S7f:X8:7LG2:V$i1V*Jb,	9&&a",Check sum is !
train,"2N(4r[m&=A@?;<Y{D~Qx5~D,scrS`|L
`6V_N
",Check sum is B
train,"V)}(^	hpB|d[gC_+;3B/H^F""0pv6/O{L8Zfn 1u	yua]",Check sum is S
train,#Fz@]W],Check sum is T
train,"G'5wF3;jRGi3<?_1&]czLjfLRowB|vxhSeS
8TNrx!]04j",Check sum is Q
train,"UD]k>m@*]C*Lj`e@
6E5nRLd?h(CO4aZs!6Ay",Check sum is Y
train,"H%]D'a0ZD_yKV8j=:M-!OV""9b",Check sum is S
train,Tb	J9YLAG4<,Check sum is ?
train,"{9!DSk+q
Hpv;\@-G$}:3*j|F6;u5",Check sum is U
train,OeI5UbQ-'.H4[t}`NAlQ,Check sum is P
train,"*O 3-!m.{`9&P2*mHN%@uN0cA,4ZP04~<a58B=qOk(y",Check sum is ;
train,aD9,Check sum is >
train,"PnuD&LodwI.dJ&n+XWz
np14+a,O4?IXPQ>gBj	",Check sum is C
train,'R&]`JFm[\,Check sum is 0
train,"%oLc!vBsYrr)TAX;.yV~v1lY94Xck\ZOC:t=(k\G]T,",Check sum is =
train,Z%!&VogH/$)mzJF<,Check sum is I
train,Ol[r\&I'0~ s(]H,Check sum is (
train,k3~&:e897`BnIY,Check sum is [
train,\^+5F*M^x+K~^D76mDH\ckH8q#3C,Check sum is =
train,",2yKLOf,%gh#Epqvg30@~F*11%)7-Z&bMB~Pc"")`",Check sum is ;
train,-)Ex?})Ri'G]O+8*|i`WvS*}ml)f-}	i],Check sum is '
train,",gWVQ8J-[",Check sum is ;
train,"e1k0""wS=>I%R>(	?] w5ZWxhjkl?@E=dn""ejVHO",Check sum is R
train,'xhk$. KLp.7NyHmF&:-~#kI{Ax,Check sum is H
train,"yB	%6XD!h~1.!	z7""dLIR e7QjU3",Check sum is H
train,TlS<	Nu2lm|u,Check sum is 7
train,"h&
8lG$7L/{`is8
#p6#yzbDSn(.29q(~vE'
!z",Check sum is W
train,$M>uP,Check sum is T
train,/o,Check sum is >
train,"v=o[c<XSo` $UD1-""x,xaVH",Check sum is .
train,$cx ,Check sum is ?
train,"8|>.q:xXIb%~.#;ylYqA(tozm""S5&Mm],=Q.evV0qLe@y{",Check sum is =
train,;x5k% S3b*Z{Wpoq86Z`t~sAS{C$/*O,Check sum is 1
train,"-wkki>zp6^(N8>Ea/eZe]j~KrA,\#+D[P\~8",Check sum is >
train,"g7a?D%zKD=h/`D(Wp)k/nqI""
*R-",Check sum is 7
train,"dLILWR
V<\:'-|'v0l,j)&!#'Pc[""",Check sum is I
train,y8S9CpYV?,Check sum is >
train,Q2Pb`b>gd7N%ZrA,Check sum is W
train,j1q_	#&JhOJ-#lGmW(hzE_|4?05,Check sum is 1
train,B]kvv\fXTA<PdXxmB[u:Q`CxiGJb?A%VkZ~-_x#T,Check sum is ?
train,1KQkrzTfWm),Check sum is +
train,"M5Y|F""
I:F;4e!K|'kV]mIxvWdH7~c4goL20{Tl	t:t5UOw",Check sum is  
train,"K#!""d-@DUp+HFWT9",Check sum is H
train,"Z R$|s\a/Ug#X?]L2'j/u""=B}B.78?A2RD=Um.?aO",Check sum is R
train,n	SbD	3&~jG#(D(	$`0xOSF2Yqya#KEG:~x^\~b,Check sum is O
train,"y}]""l!pX;Rnj`,~A=7viSoftXFh7grx2!$3Y~uOW""9PPP'k!G",Check sum is 8
train,"O_2pm_A,PDhPd",Check sum is Y
train,"
""Nf-qh]IY
KvhUyJ\uj_	X",Check sum is K
train,$bDMZtZY>z\kLLO<Z+AiW3GD*8,Check sum is @
train,"%Pl	}
LzyDd.[2M}UupKgJ]rUCZszA","Check sum is """
train,"O>X_,+k~0	5j2*W>l.6	 :[/^U%N1 qXvVGY:yY-xw1'HkM",Check sum is V
train,pGZX|k(=Jv~!%qKY(o!MQ#,Check sum is '
test,FT,Check sum is :
test,"Z
",Check sum is D
test,S?,Check sum is 2
test,_+,Check sum is *
test,RF,Check sum is 8
test,D?,Check sum is #
test,",@",Check sum is L
test,^%,Check sum is #
test,l[,Check sum is '
test,3G,Check sum is Z
test,Rv,Check sum is (
test,h_,Check sum is '
test,x^,Check sum is 6
test,Y8,Check sum is 1
test,o4,Check sum is C
test,;V,Check sum is 1
test,_&,Check sum is %
test,'G,Check sum is N
test,wA,Check sum is X
test,",	",Check sum is U
test,6.,Check sum is D
test,<l,Check sum is H
test,#),"Check sum is ,"
test,xE,Check sum is ]
test,^8,Check sum is 6
test,S#,Check sum is V
test,LF,Check sum is 2
test,+d,Check sum is /
test,.`,Check sum is .
test,u+,Check sum is @
test,eG,Check sum is L
test,s\,Check sum is /
test,J5,Check sum is _
test,k\,Check sum is '
test,r>,Check sum is P
test,tf,Check sum is :
test,7h,Check sum is ?
test,l},Check sum is I
test,d/,Check sum is 3
test,oy,Check sum is H
test,",q",Check sum is =
test,QD,Check sum is 5
test,>I,Check sum is '
test,8R,Check sum is *
test,%7,Check sum is <
test,I0,Check sum is Y
test,[2,Check sum is -
test,ra,Check sum is 3
test,{I,Check sum is $
test,<$,Check sum is @
test,)5,Check sum is >
test,J^,Check sum is H
test,'6,Check sum is =
test,/7,Check sum is F
test,Jg,Check sum is Q
test,V/,Check sum is %
test,dJ,Check sum is N
test,0a,Check sum is 1
test,j4,Check sum is >
test,Mn,Check sum is [
test,^4,Check sum is 2
test,7e,Check sum is <
test,1U,Check sum is &
test,S3,Check sum is &
test,(%,Check sum is -
test,|B,Check sum is ^
test,!+,"Check sum is ,"
test,4e,Check sum is 9
test,yy,Check sum is R
test,`b,"Check sum is """
test,JS,Check sum is =
test,^\,Check sum is Z
test,;d,Check sum is ?
test,\H,Check sum is D
test,"""p",Check sum is 2
test,NH,Check sum is 6
test,$u,Check sum is 9
test,Am,Check sum is N
test,%|,Check sum is A
test, k,Check sum is +
test,PL,Check sum is <
test,Iy,"Check sum is """
test,42,Check sum is F
test,L5,Check sum is !
test,Vc,Check sum is Y
test,C0,Check sum is S
test,[E,Check sum is @
test,Kt,Check sum is _
test,F>,Check sum is $
test,EP,Check sum is 5
test,(D,Check sum is L
test,[$,Check sum is _
test,HD,"Check sum is ,"
test,~|,Check sum is Z
test,;W,Check sum is 2
test,#X,Check sum is [
test,>^,Check sum is <
test,+>,Check sum is I
test,%6,Check sum is ;
test,HJ,Check sum is 2
test,[1,"Check sum is ,"
test,g*,Check sum is 1
test,6+,Check sum is A
test,`?,Check sum is ?
test,6K,Check sum is !
test,Uo,Check sum is $
test,]-,Check sum is *
test,\},Check sum is 9
test,*.,Check sum is 8
test,S_,Check sum is R
test,di,Check sum is -
test,+Z,Check sum is %
test,yC,Check sum is \
test,"J
",Check sum is 4
test,iP,Check sum is Y
test,~L,Check sum is *
test,vJ,Check sum is  
test,/Z,Check sum is )
test, =,Check sum is =
test,D	,Check sum is -
test,6w,Check sum is M
test,.i,Check sum is 7
test,O3,"Check sum is """
test,gT,Check sum is [
test,g#,Check sum is *
test,U@,Check sum is 5
test,"T,",Check sum is  
test,9x,Check sum is Q
test,^0,Check sum is .
test,:o,Check sum is I
test,H2,Check sum is Z
test,Da,Check sum is E
test,Zy,Check sum is 3
test,"""(",Check sum is *
test,%?,Check sum is D
test,mH,Check sum is U
test,_;,Check sum is :
test,L],Check sum is I
test,",q",Check sum is =
test,* ,Check sum is *
test,nl,Check sum is :
test,xn,Check sum is F
test,g\,Check sum is #
test,[5,Check sum is 0
test,Zn,Check sum is (
test,f#,Check sum is )
test,~A,Check sum is _
test,jb,"Check sum is ,"
test,(N,Check sum is V
test,^#,Check sum is !
test,ED,Check sum is )
test,MT,Check sum is A
test,"
q",Check sum is [
test,bt,Check sum is 6
test,:c,Check sum is =
test,D6,Check sum is Z
test,f2,Check sum is 8
test,%V,Check sum is [
test,MC,Check sum is 0
test,L&,Check sum is R
test,YE,Check sum is >
test,y@,Check sum is Y
test,Wu,"Check sum is ,"
test,m8,Check sum is E
test,S[,Check sum is N
test,#_,"Check sum is """
test,j},Check sum is G
test,HK,Check sum is 3
test,^!,Check sum is _
test,K',Check sum is R
test,y`,Check sum is 9
test,#O,Check sum is R
test,K`,Check sum is K
test,Pk,Check sum is [
test,1?,Check sum is P
test,Fn,Check sum is T
test,&h,Check sum is .
test,s',Check sum is :
test,:O,Check sum is )
test,%{,Check sum is @
test,W{,Check sum is 2
test,82,Check sum is J
test,85,Check sum is M
test,*[,Check sum is %
test,4W,Check sum is +
test,LF,Check sum is 2
test,_],Check sum is \
test,|?,Check sum is [
test,A>,Check sum is _
test,o9,Check sum is H
test,mA,Check sum is N
test,"""/",Check sum is 1
test,/B,Check sum is Q
test,~M,Check sum is +
test,:$,Check sum is >
test,~7,Check sum is U
test,iM,Check sum is V
test,9H,Check sum is !
test,C6,Check sum is Y
test,U/,Check sum is $
test,B|,Check sum is ^
test,F|,"Check sum is """
test,!o,Check sum is 0
test,=U,Check sum is 2
test,d;,Check sum is ?
test,7F,Check sum is ]
test,c>,Check sum is A
test,zd,Check sum is >
test,2_,Check sum is 1
test,bz,Check sum is <
test,%*,Check sum is /
test,n_,Check sum is -
test,&#,Check sum is )
test,!+,"Check sum is ,"
test,tq,Check sum is E
test,XT,Check sum is L
test,mE,Check sum is R
test,KQ,Check sum is <
test,Km,Check sum is X
test,3-,Check sum is @
test,GO,Check sum is 6
test,@C,Check sum is #
test,"T,",Check sum is  
test,wV,Check sum is -
test,S$,Check sum is W
test,A;,Check sum is \
test,qs,Check sum is D
test,'V,Check sum is ]
test,)@,Check sum is I
test,cG,Check sum is J
test,",2",Check sum is >
test,GW,Check sum is >
test,IU,Check sum is >
test,j),Check sum is 3
test,;$,Check sum is ?
test,CD,Check sum is '
test,X%,Check sum is ]
test,F%,Check sum is K
test,"""!",Check sum is #
test,<>,Check sum is Z
test,S\,Check sum is O
test,"
`",Check sum is J
test,'n,Check sum is 5
test,Oj,Check sum is Y
test,Rb,Check sum is T
test,8(,Check sum is @
test,@i,Check sum is I
test,1q,Check sum is B
test,m1,Check sum is >
test,Q#,Check sum is T
test,fG,Check sum is M
test,}Q,Check sum is .
test,)d,Check sum is -
test,r1,Check sum is C
test,6@,Check sum is V
test,e',"Check sum is ,"
test,xi,Check sum is A
test,rD,Check sum is V
test,"
x","Check sum is """
test,:O,Check sum is )
test,"],",Check sum is )
test,d&,Check sum is *
test,:$,Check sum is >
test,.y,Check sum is G
test,"
{",Check sum is %
test,EL,Check sum is 1
test,Pu,Check sum is %
test,Hb,Check sum is J
test,JO,Check sum is 9
test,"""3",Check sum is 5
test,+k,Check sum is 6
test,>b,Check sum is @
test,W<,Check sum is 3
test,;.,Check sum is I
test,xH,Check sum is  
test,f&,"Check sum is ,"
test, R,Check sum is R
test,b{,Check sum is =
test,[S,Check sum is N
test,Jz,Check sum is $
test,}4,Check sum is Q
test,?~,Check sum is ]
test,N`,Check sum is N
test,z&,Check sum is @
test,3!,Check sum is 4
test,>#,Check sum is A
test,5j,Check sum is ?
test,h$,"Check sum is ,"
test,B),Check sum is K
test,dK,Check sum is O
test,5a,Check sum is 6
test,$;,Check sum is ?
test,=a,Check sum is >
test,2=,Check sum is O
test,.v,Check sum is D
test,jI,Check sum is S
test,}9,Check sum is V
test,z-,Check sum is G
test,"
&",Check sum is P
test,Q1,"Check sum is """
test,[+,Check sum is &
test,E7,Check sum is \
test,@/,Check sum is O
test,]P,Check sum is M
test,e	,Check sum is N
test,00,Check sum is @
test,"b""",Check sum is $
test,j=,Check sum is G
test,|o,Check sum is K
test,]=,Check sum is :
test,X$,Check sum is \
test,0L,Check sum is \
test,"
\",Check sum is F
test,h&,Check sum is .
test,"""n",Check sum is 0
test,z4,Check sum is N
test,ol,Check sum is ;
test,`d,Check sum is $
test,"
f",Check sum is P
test,pg,Check sum is 7
test,G	,Check sum is 0
test,ok,Check sum is :
test, r,Check sum is 2
test,9%,Check sum is >
test,Nk,Check sum is Y
test,O_,Check sum is N
test,CD,Check sum is '
test,7[,Check sum is 2
test,xO,Check sum is '
test,lT,Check sum is  
test,c*,Check sum is -
test,7h,Check sum is ?
test,",Y",Check sum is %
test,Dj,Check sum is N
test,ls,Check sum is ?
test,Ib,Check sum is K
test,0[,Check sum is +
test,(A,Check sum is I
test,qf,Check sum is 7
test,f:,Check sum is @
test,eN,Check sum is S
test,qB,Check sum is S
test,+[,Check sum is &
test,li,Check sum is 5
test,}D,Check sum is !
test,@N,Check sum is .
test,\M,Check sum is I
test,M/,Check sum is \
test,y9,Check sum is R
test,%n,Check sum is 3
test,O{,Check sum is *
test,9n,Check sum is G
test,?&,Check sum is E
test,^!,Check sum is _
test,Cx,Check sum is [
test,r`,Check sum is 2
test,9K,Check sum is $
test,/b,Check sum is 1
test,-m,Check sum is :
test,"b
",Check sum is L
test,vq,Check sum is G
test,mj,Check sum is 7
test,h$,"Check sum is ,"
test,#u,Check sum is 8
test,<L,Check sum is (
test,?f,Check sum is E
test,]G,Check sum is D
test,r~,Check sum is P
test,;f,Check sum is A
test, 4,Check sum is 4
test,W$,Check sum is [
test,'*,Check sum is 1
test,.f,Check sum is 4
test,*x,Check sum is B
test,+3,Check sum is >
test,@#,Check sum is C
test,<S,Check sum is /
test,1|,Check sum is M
test,Lz,Check sum is &
test,k2,Check sum is =
test,o*,Check sum is 9
test,"P,",Check sum is \
test,%l,Check sum is 1
test,g-,Check sum is 4
test,r\,Check sum is .
test,"k,",Check sum is 7
test,0:,Check sum is J
test,4[,Check sum is /
test,v ,Check sum is 6
test,4t,Check sum is H
test,$(,"Check sum is ,"
test,sh,Check sum is ;
test,|[,Check sum is 7
test,*A,Check sum is K
test,=b,Check sum is ?
test,ov,Check sum is E
test,dP,Check sum is T
test,g#,Check sum is *
test,'>,Check sum is E
test,*3,Check sum is =
test,hs,Check sum is ;
test,p1,Check sum is A
test,Va,Check sum is W
test,[q,"Check sum is ,"
test,"R
",Check sum is <
test,\<,Check sum is 8
test,s%,Check sum is 8
test,HZ,Check sum is B
test,7r,Check sum is I
test,Eh,Check sum is M
test,)1,Check sum is :
test, ],Check sum is ]
test,@_,Check sum is ?
test,J$,Check sum is N
test,#H,Check sum is K
test,y5,Check sum is N
test,[>,Check sum is 9
test,1l,Check sum is =
test,%	,Check sum is N
test,"X
",Check sum is B
test,3q,Check sum is D
test,{<,Check sum is W
test,!q,Check sum is 2
test,	t,Check sum is ]
test,FJ,Check sum is 0
test,=&,Check sum is C
test,aa,"Check sum is """
test,"S
",Check sum is =
test,[M,Check sum is H
test,GE,"Check sum is ,"
test,4R,Check sum is &
test,rW,Check sum is )
test,@[,Check sum is ;
test,R/,Check sum is !
test,M8,Check sum is %
test,4a,Check sum is 5
test,F8,Check sum is ^
test,"""%",Check sum is '
test,lj,Check sum is 6
test,"[""",Check sum is ]
test,"D""",Check sum is F
test,K>,Check sum is )
test,cP,Check sum is S
test,;U,Check sum is 0
test,Zi,Check sum is #
test,dW,Check sum is [
test,QM,Check sum is >
test,`5,Check sum is 5
test,y3,Check sum is L
test,`|,Check sum is <
test,b[,Check sum is ]
test,E^,Check sum is C
test,?},Check sum is \
test,OV,Check sum is E
test,Q&,Check sum is W
test,"_
",Check sum is I
test,6|,Check sum is R
test,yz,Check sum is S
test,zD,Check sum is ^
test,Qo,Check sum is  
test,-k,Check sum is 8
test,t/,Check sum is C
test,QU,Check sum is F
test,^],Check sum is [
test,Bo,Check sum is Q
test,ea,Check sum is &
test,{ ,Check sum is ;
test,Pk,Check sum is [
test,YG,Check sum is @
test,d1,Check sum is 5
test,r6,Check sum is H
test,"&
",Check sum is P
test,1A,Check sum is R
test,8&,Check sum is >
test,K6,Check sum is !
test,]F,Check sum is C
test,5!,Check sum is 6
test,n$,Check sum is 2
test,M;,Check sum is (
test,^S,Check sum is Q
test,8j,Check sum is B
test,y	,"Check sum is """
test,=F,Check sum is #
test,\N,Check sum is J
test,*&,Check sum is 0
test,^k,Check sum is )
test,E1,Check sum is V
test,sV,Check sum is )
test,. ,Check sum is .
test,n',Check sum is 5
test,{$,Check sum is ?
test,J=,Check sum is '
test,"F
",Check sum is 0
test,-`,Check sum is -
test,;q,Check sum is L
test,aT,Check sum is U
test,lm,Check sum is 9
test,WJ,Check sum is A
test,%[,Check sum is  
test,W|,Check sum is 3
test,?m6,Check sum is B
test,1tm,Check sum is 2
test,V2X,Check sum is @
test,"2a,",Check sum is _
test,1^w,Check sum is &
test,]jd,Check sum is K
test,MnT,Check sum is /
test,|WK,Check sum is >
test,_S|,Check sum is N
test,Y%7,Check sum is U
test,[|2,Check sum is )
test,")""4",Check sum is _
test,LC:,Check sum is )
test,nWX,Check sum is =
test,"lc""",Check sum is Q
test,<9b,Check sum is 7
test,eBp,Check sum is 7
test,"|,)",Check sum is 1
test,/;$,Check sum is .
test,1$H,Check sum is =
test,N7e,Check sum is J
test,nUY,Check sum is <
test,]R|,Check sum is K
test,5*p,Check sum is /
test,JHz,"Check sum is ,"
test,)+#,Check sum is W
test,f#5,Check sum is ^
test,\<!,Check sum is Y
test,YiM,Check sum is /
test, Q+,Check sum is <
test,j-t,Check sum is +
test,>Zb,Check sum is Z
test,C|B,Check sum is !
test,1h!,Check sum is Z
test,D+?,Check sum is N
test,k~x,Check sum is A
test,?Wn,Check sum is $
test,*@*,Check sum is 4
test,8g(,Check sum is '
test,"j,""",Check sum is X
test,C@H,Check sum is +
test,KOU,Check sum is O
test,KFn,Check sum is _
test,F)+,Check sum is :
test,yF	,Check sum is (
test,.e/,"Check sum is """
test,SL*,Check sum is )
test,C6%,Check sum is >
test,xcA,Check sum is <
test,=Cc,Check sum is C
test,4fd,Check sum is ^
test,|J!,Check sum is G
test,FsY,Check sum is 2
test,$Ca,Check sum is (
test,/&\,Check sum is Q
test,a[E,Check sum is !
test,"fe
",Check sum is 5
test,qLE,"Check sum is """
test,2Hd,Check sum is >
test,^r],Check sum is M
test,Hlo,Check sum is C
test,b%e,Check sum is L
test,t}H,Check sum is Y
test,4o	,Check sum is L
test,nYD,Check sum is +
test,R5D,Check sum is +
test,L{l,Check sum is S
test,vUc,Check sum is N
test,Hor,Check sum is I
test,+Sj,Check sum is H
test,fg*,Check sum is W
test,U/e,Check sum is I
test,Gxp,Check sum is O
test,BZV,Check sum is R
test,[?\,Check sum is V
test,\j],Check sum is C
test,olR,Check sum is M
test,br),Check sum is ]
test,gyy,Check sum is 9
test,"""s9",Check sum is .
test,1$a,Check sum is V
test,|)n,Check sum is 3
test,(r+,Check sum is %
test,Vb|,Check sum is T
test,jzZ,Check sum is ^
test,Q=y,Check sum is '
test,HxN,Check sum is .
test,*;i,Check sum is .
test,R9G,Check sum is 2
test,~	^,Check sum is E
test,HW%,Check sum is $
test,<X',Check sum is [
test,R~C,Check sum is 3
test,oI	,Check sum is !
test,C:a,Check sum is >
test,_1a,Check sum is Q
test,7TK,Check sum is 6
test,{/i,Check sum is 3
test,"""!a",Check sum is D
test,v}O,"Check sum is """
test,:qV,Check sum is !
test,\=&,Check sum is _
test,fAX,Check sum is _
test,0/+,Check sum is *
test,qLv,Check sum is S
test, yr,Check sum is +
test,pm',Check sum is $
test,/fC,Check sum is 8
test,J&5,Check sum is E
test,(th,Check sum is $
test,	>0,Check sum is W
test,_Ag,Check sum is '
test,3i],Check sum is Y
test,5Md,Check sum is F
test,q^I,Check sum is 8
test,!D?,Check sum is D
test,B;8,Check sum is U
test,b2F,Check sum is :
test,5<3,Check sum is D
test,w+Z,Check sum is \
test,"""1?",Check sum is 2
test,FE?,Check sum is *
test,|\L,Check sum is D
test,4sy,Check sum is @
test,`/E,Check sum is 4
test,Zkv,Check sum is [
test,Cy	,Check sum is %
test,"
}U",Check sum is <
test,*Ki,Check sum is >
test,"t""&",Check sum is \
test,{8E,Check sum is X
test,Ql>,Check sum is [
test,A[A,Check sum is =
test,m2d,Check sum is #
test,L.2,Check sum is L
test,z.K,Check sum is S
test,b`T,Check sum is 6
test,^hb,Check sum is H
test,BwY,Check sum is 2
test,Si{,Check sum is W
test,",7k",Check sum is .
test,"z
+",Check sum is O
test,1SP,Check sum is 4
test,<M?,Check sum is (
test,WK&,Check sum is (
test,wu<,Check sum is H
test,B`_,Check sum is !
test,"""0K",Check sum is =
test,*;3,Check sum is 8
test,2q3,Check sum is 6
test,08K,Check sum is S
test,qbs,Check sum is &
test,"g,/","Check sum is """
test,U?<,Check sum is 0
test, 8!,Check sum is Y
test,"0,q",Check sum is -
test,^k:,Check sum is #
test,plh,Check sum is $
test,QzC,Check sum is .
test,K3*,Check sum is H
test,Xm4,Check sum is Y
test,a8N,Check sum is G
test,+ms,Check sum is +
test,"v.,",Check sum is 0
test,tFp,Check sum is J
test,v#;,Check sum is 4
test,De!,Check sum is *
test,@5),Check sum is >
test,C^a,"Check sum is """
test,"X
$",Check sum is &
test,2Fc,Check sum is ;
test,-al,Check sum is Z
test,v.=,Check sum is A
test,eZB,Check sum is !
test,y_{,Check sum is 3
test,>e&,Check sum is )
test,3:m,Check sum is :
test,a*f,Check sum is Q
test,;pV,Check sum is !
test, .F,Check sum is 4
test,ZKr,Check sum is 7
test,u|B,Check sum is S
test,JE[,Check sum is J
test,(Tb,Check sum is >
test,}z1,Check sum is H
test,"
rV",Check sum is 2
test,eHJ,Check sum is W
test,ov},Check sum is B
test,Sq5,Check sum is Y
test,JUV,Check sum is U
test,\9y,Check sum is .
test,=L+,Check sum is T
test,)6U,Check sum is T
test,3/n,Check sum is 0
test,u$R,Check sum is K
test,6C.,Check sum is G
test,u^c,Check sum is V
test,l71,Check sum is 4
test,~qV,Check sum is %
test,Q-m,Check sum is K
test,"d
E",Check sum is S
test,pkC,Check sum is >
test,wnx,Check sum is =
test,LKo,Check sum is &
test,MZY,Check sum is  
test,F;7,Check sum is X
test,LKi,Check sum is  
test,T E,Check sum is Y
test,lkV,Check sum is M
test,"xJ,",Check sum is N
test,aws,Check sum is +
test,"s-
",Check sum is J
test,[>!,Check sum is Z
test,]\ ,Check sum is 9
test,J>S,Check sum is ;
test,&Kw,Check sum is H
test,EO;,Check sum is /
test,INL,Check sum is C
test,v/T,Check sum is Y
test,u'A,Check sum is =
test,VE',"Check sum is """
test,"D
r",Check sum is  
test,n8],Check sum is #
test,\)f,Check sum is K
test,0_@,Check sum is /
test,KV&,Check sum is '
test,iIJ,Check sum is \
test,xhv,Check sum is 6
test,d'L,Check sum is 7
test,OzX,Check sum is A
test,<jB,Check sum is H
test,:+},Check sum is B
test,;hM,Check sum is P
test,utr,Check sum is ;
test,P_u,Check sum is D
test,p?w,Check sum is F
test,&4X,Check sum is R
test,"P""C",Check sum is U
test,2XW,Check sum is A
test,u]E,Check sum is 7
test,-O+,Check sum is G
test,I7g,Check sum is G
test,ef#,Check sum is N
test,~4T,Check sum is &
test,_@k,Check sum is *
test,^$0,Check sum is R
test,G+b,Check sum is 4
test,	`A,Check sum is J
test,qN>,Check sum is ]
test,IM`,Check sum is V
test,^Or,Check sum is ?
test,Hhm,Check sum is =
test,$}d,Check sum is %
test,#(!,Check sum is L
test,)@&,Check sum is /
test,$na,Check sum is S
test,o\7,"Check sum is """
test,-^+,Check sum is V
test,N\f,Check sum is 0
test,"}""K",Check sum is J
test,*{X,Check sum is ]
test,Nv),Check sum is M
test,Wy=,Check sum is -
test,M&5,Check sum is H
test,!}P,Check sum is N
test,Q}.,Check sum is \
test,qvI,Check sum is P
test,mfC,Check sum is 6
test,POs,Check sum is 2
test,q9K,Check sum is U
test,$B!,Check sum is '
test,huy,Check sum is 6
test,v8f,Check sum is 4
test,]lW,Check sum is @
test,;?!,Check sum is ;
test,<'B,Check sum is E
test,TG2,Check sum is -
test,'	(,Check sum is 8
test,zFA,Check sum is !
test,JX5,Check sum is 7
test,e)+,Check sum is Y
test,H/7,Check sum is N
test,C>=,Check sum is ^
test,!#z,Check sum is ^
test,^kJ,Check sum is 3
test,w4G,Check sum is R
test,5R9,Check sum is  
test,V6r,Check sum is ^
test,	!_,Check sum is )
test,"e,4",Check sum is %
test,)_>,Check sum is &
test,X2;,Check sum is %
test,V;t,Check sum is %
test,)y\,Check sum is ^
test,>I<,Check sum is #
test,$-1,"Check sum is """
test,D2k,Check sum is A
test,VHZ,Check sum is X
test,:U_,Check sum is N
test,&3(,Check sum is !
test,V(U,Check sum is 3
test,WH	,Check sum is H
test,qJ4,Check sum is O
test,<mQ,Check sum is Z
test,"""=h",Check sum is '
test,|Z?,Check sum is 5
test,|;F,Check sum is ]
test,OQu,Check sum is 5
test,iHO,Check sum is  
test,	N&,Check sum is ]
test,^y%,Check sum is \
test,)aE,Check sum is /
test,b1|,Check sum is /
test,hx&,Check sum is &
test,'D-,Check sum is 8
test,|{g,Check sum is >
test,'MJ,Check sum is ^
test,\2J,Check sum is 8
test,}r~,Check sum is M
test,QDH,Check sum is =
test,"Ol
",Check sum is %
test,?_U,Check sum is S
test,_Q\,"Check sum is ,"
test,Gx1,Check sum is P
test,"[,^",Check sum is E
test,j=$,Check sum is +
test,=SA,Check sum is 1
test,z4+,Check sum is 9
test,{aZ,Check sum is V
test,efv,Check sum is !
test,9[R,Check sum is F
test,So?,Check sum is !
test,=gC,Check sum is G
test,",~	",Check sum is S
test,xP5,Check sum is ]
test,"h,N",Check sum is B
test,7@V,Check sum is -
test,j	N,Check sum is !
test,Z%T,Check sum is 3
test,3oD,Check sum is F
test,F``,Check sum is &
test,i&v,Check sum is %
test,;WC,Check sum is 5
test,|Gr,Check sum is U
test,"""& ",Check sum is H
test,EsH,Check sum is  
test,K5Q,Check sum is 1
test,p0?,Check sum is ?
test,Imq,Check sum is G
test,N~G,Check sum is 3
test,)rl,Check sum is '
test,d};,Check sum is <
test,"
#,",Check sum is 9
test,Oa&,Check sum is 6
test,"6,y",Check sum is ;
test,rli,Check sum is '
test,l0g,Check sum is #
test,SVR,Check sum is [
test,~V^,Check sum is R
test,)GJ,Check sum is Z
test,3#f,Check sum is \
test,~x8,Check sum is N
test,"i,O",Check sum is D
test,H];,Check sum is @
test,6Ft,Check sum is P
test,CgI,Check sum is S
test,nFw,Check sum is K
test,|Sf,Check sum is U
test,"{D
",Check sum is )
test,",mU",Check sum is N
test,gTI,Check sum is $
test,nM8,Check sum is S
test,U N,Check sum is #
test,K(-,Check sum is @
test,s&^,Check sum is W
test,)-t,Check sum is *
test,URA,Check sum is H
test,"A`
",Check sum is K
test,a=4,Check sum is 2
test,feT,Check sum is ?
test,8HJ,Check sum is *
test,|OC,Check sum is .
test,<iq,Check sum is 6
test,:/},Check sum is F
test,"|""
",Check sum is H
test,lrd,"Check sum is """
test,DZO,Check sum is M
test,*WJ,Check sum is +
test,wk_,Check sum is !
test,V_C,Check sum is X
test,n;k,Check sum is 4
test,e~h,Check sum is +
test,u`E,Check sum is :
test,xl~,Check sum is B
test,",%*",Check sum is [
test,'26,Check sum is /
test,sW4,Check sum is ^
test,G.c,Check sum is 8
test,*3I,Check sum is F
test,E%9,Check sum is C
test,~|h,Check sum is B
test,$dU,Check sum is =
test,j[_,Check sum is D
test,"""'j",Check sum is S
test,'z9,Check sum is :
test,]{),Check sum is !
test,qa),Check sum is [
test,#Ne,Check sum is 6
test,Q]1,Check sum is ?
test,-0o,"Check sum is ,"
test,x~X,Check sum is .
test,gmf,Check sum is Z
test,	5h,Check sum is F
test,",^H",Check sum is 2
test,o	F,Check sum is ^
test,hwb,Check sum is !
test,-:C,Check sum is J
test,0md,Check sum is !
test,"b""X",Check sum is <
test,[[|,Check sum is R
test,"D
`",Check sum is N
test,p	i,Check sum is B
test,wYI,Check sum is 9
test,1(p,Check sum is )
test,+>^,Check sum is '
test,fLa,Check sum is 3
test,(r-,Check sum is '
test,ST#,Check sum is *
test,D)a,Check sum is .
test, eT,Check sum is 9
test,Fz2,Check sum is R
test,2F|,Check sum is T
test,FPB,Check sum is 8
test,>Be,Check sum is E
test,{5u,Check sum is E
test,|&~,Check sum is @
test,!~:,Check sum is 9
test,rNm,Check sum is M
test,pQ0,Check sum is Q
test,4j@,Check sum is >
test,j{J,Check sum is O
test,R&\,Check sum is 4
test,Khl,Check sum is ?
test,W!A,Check sum is Y
test,0<k,Check sum is 7
test,%G.,Check sum is :
test,@	T,Check sum is =
test,^;i,"Check sum is """
test,"GZ
",Check sum is K
test,Ng9,Check sum is N
test,_kW,Check sum is A
test,3r*,Check sum is /
test,BpN,Check sum is  
test,(B_,Check sum is )
test,QzD,Check sum is /
test,RCH,Check sum is =
test,%l/,Check sum is  
test,67$,Check sum is 1
test,lvG,Check sum is I
test,P0O,Check sum is /
test,;[J,Check sum is @
test,y[d,Check sum is X
test,*hj,Check sum is \
test,U@ ,Check sum is U
test,Q2D,Check sum is '
test,)IC,Check sum is U
test,"
iH",Check sum is [
test,/\2,Check sum is ]
test,Dhv,Check sum is B
test,yZe,Check sum is X
test,<	7,Check sum is \
test,s$4,Check sum is +
test,:-&,Check sum is -
test,8wU,Check sum is $
test,h!D,Check sum is -
test,j+S,Check sum is H
test,K;!,Check sum is G
test,hat,Check sum is ]
test,[-y,Check sum is !
test,$UP,Check sum is )
test,RP6,Check sum is 8
test,bLe,Check sum is 3
test,zcF,Check sum is C
test,yR6,Check sum is !
test,`V#,Check sum is 9
test,x?*,Check sum is A
test,g@`,Check sum is '
test,B$U,Check sum is [
test,hZ2,Check sum is T
test,]xc,Check sum is X
test,_o3,Check sum is !
test,3R$,Check sum is I
test,"""	""",Check sum is -
test,R>w,Check sum is '
test,BgY,"Check sum is """
test,	C:,Check sum is &
test,:qP,Check sum is [
test,j0q,Check sum is +
test,`an,Check sum is O
test,X-y,Check sum is ^
test,";m#t
@zfY\XsQ*?h-G[""2T;a}2@:0=]L.+v0x\(
)?v",Check sum is  
test,K3=k	6%-pds;\HtMA=QjY*??!l|UxNw-u=_tB,Check sum is G
test,Xe0Y@N`GL*W7idD~SUmV81,Check sum is B
test,"}UR2wacs(-@}Ij>.=	i&Kc.O;|!=(
3D8%t3Dnf;|%l=U]",Check sum is &
test,"2$=1`~?XI&vg=5\X%+(,VlR/hd4-u}JYIx",Check sum is 5
test,"}HN~Z2t2D(%i0A;vS%u+ztiyXH [P;>=zz=v9lO|
^tVf",Check sum is 7
test,"[oa~`[vx53 40E*JvlcvTg!J`l4sJ(p
$C,wog6F'La XWRVFp",Check sum is 4
test,(P)^s|U}&hZ0})R[	b.6mFV_p<N}[u|_iqCm&,Check sum is T
test,"@KV""uV",Check sum is .
test,"X{30*f""D&5[9&tR1(N*tIse[-+.vosoh,H6(h?h_[{ @'xPvoU",Check sum is <
test,"/S2""#>HucRKF^'",Check sum is _
test,":%H-270nL-nhJG
#qsTmHk%*sik",Check sum is 6
test, OtsF%,Check sum is !
test,z^.,Check sum is &
test,"3NdU
j6LFL$EvmrL26N&bp8zB.wXJ8cSE",Check sum is H
test,"fu\s\NEIGet^rm#~~@80T
fVIq",Check sum is :
test,)mH?cKal!@A]/Y2 HXS~u\,Check sum is S
test,sBl$fu,Check sum is @
test,R\wCt*)!'}/9=oNgV&?TRW'OdJ^1fhs>8YqqDmN/bzk/<H~/,Check sum is O
test,"S GWK>3[lnz2
=
Xyr'V QUKG='H9""3.B|KuWj,",Check sum is J
test,"p@oX6
'jE@!`V%/xT(]l)K@O`/NPxmb)p'~ZbxaoW}","Check sum is """
test,HJfX&)A&,Check sum is &
test,[TcjkVsbqS$oqFV6_Jn*|>me=66+BoV(`/8r	(:=RP,Check sum is _
test,"Ex+S+%<""$}21.us@$/,try3~ %ytaQ~P6qCeww}F2)-jwtuC*",Check sum is #
test,"`yvMzA	` CYrpz7BkV{[,i?9;GRL5Rh8w6\n0""GYU?m,",Check sum is 2
test,"!N%L!j>s""ulT:<l",Check sum is 5
test,O9QEixc,Check sum is B
test,zB^YK-(^WE}Fi]WZ7.?I=h)Y,Check sum is ;
test,"*h^)mXr?;pO$
EBVR$%j,fKtQzyE0!rhwFP",Check sum is K
test,Hq=;KdDtb	OtW_8xKsB/y[?sBXxbSG\m=^2gd:J-r,Check sum is S
test,?Wpg?lV1Ut<PC;fssJ1^492e<	P(8t<,Check sum is  
test,*e,Check sum is /
test,:YV6J8 C*jPXPXDuhrCw?~,Check sum is R
test,"\,+*!6I;l_]X4P0SSV]5ZCFq=""JZhcCxb`gp%9r=#&em;Hfk'=",Check sum is 0
test,|u<k^?dO2Z5eKu{j}8nq[!;_ter.,Check sum is 6
test,"$b4-	3t)5K@
[""gY{
","Check sum is ,"
test,SJ~]X6u]rM})S<~F` NqNen&7),Check sum is V
test,"""_}erugHywi?	m{5",Check sum is W
test,DDP[i($DOpkhh3c84_7+adlqGE-P7FHA]E<ehk(NAH)YG+Fk,Check sum is 4
test,$nO!q+2Pr  j=,Check sum is Y
test,L035%O/V-<^P>[+q#_id}wWe{cJN>c~9)idT.@`Mu-b[:fvzs,Check sum is ]
test,"GZwY,JTgo #G+yl<2~4jo#!",Check sum is H
test,^* U#.E1c[Oz@^9SQ#_:n3\C<X+Sf/]@p{*gYm~//zPxIvG,Check sum is L
test,"+u?<RMt*i""G*;A\:7KSLvE.g XAPhC'",Check sum is R
test,nJ eIJ{iN2mow??!7Q;c?`CP;_:,Check sum is 2
test,"o
-}[KV[zp=#_ .&baT@~slE;Ip N9 [9""^b",Check sum is !
test,EV(NLnZ:,Check sum is ?
test,`;#,Check sum is ^
test,CuW@\:~FD[E';>jZ/?0#C=U#,Check sum is J
test,N]wY/dc'e})m8XGj',Check sum is X
test,"@kpXj`#J@sxq
fW6t?$!1,$me-",Check sum is [
test,"5gG%gU""}&,qECU<{TI.(ftG
PfoD<-;zt-p,",Check sum is <
test,"L@IK_<;$g9KL%bstucJZ*F""\`E",Check sum is .
test,c3T5?,Check sum is >
test,:X,Check sum is 2
test,",,cTww8244`y{@KbX"":T1#09v<j+m~d\kY4m",Check sum is L
test,SLr~OXWt3u2x[3!NC,Check sum is 3
test,"8B-l
IA4aIl[*UMCD{<MN2w",Check sum is :
test,\xW:He48)4rDHEx1C}u>S]d2[).x~q7aXUxmt`Y|7lkZ	=Ek+6,Check sum is K
test,A{7Cy/'|H5DLCB{B~h3UoO:lRxmsV,Check sum is B
test,yU2<ob-;jWhM\'IPT,Check sum is ;
test,"@PkYek@Y4].	S^&z.$1,GlntlR.* ;
Nf;O",Check sum is 3
test,"~BE,qWU{{Bs#+o,Fb*k5;FxZ#|cS|gzC?tf+ jieMn
efuF06",Check sum is I
test,"ZAC9 -]CrCC'0|OPL\0||:bs
cm_TG1Xyt~+O=d",Check sum is P
test,"gB4 n1?sq@&A IbnWZnM#,
|Jr,11|.",Check sum is 4
test,"/_W(]oGCa!Q$\[(wpg/MT$z8o{hV.
mn~[)M",Check sum is W
test,"F8K!w'dUMtQ
5s;	<	AtWMo~0'Nz:^CKm%pedDs!5",Check sum is Q
test,!Eawn#F}Z13]?7_H*XYFjOVx4[*HDq ]Ke*~,Check sum is ]
test,"l
/7$9Mr2sV-_B0h$f>sl",Check sum is  
test,S\uPTwIMR>}kAO5'cnB)M!a6pMvT,Check sum is !
test,4:.i-&,Check sum is 8
test,"?v!:teFZL5IjmFW})rP:*""Ow,BIPTB",Check sum is 8
test,s+S_mv6; WCcK,"Check sum is ,"
test,eNz3OjC /wg,Check sum is )
test,2]E-^v[!t7(V/{^,"Check sum is """
test,&&x&,Check sum is J
test,"7|%""&w1B.FALZ;:*~gP",Check sum is Y
test,"d[><\T[&.|a5^s!s_iT4gK18-%}^GX$||2~.8,`e",Check sum is I
test,"}
,eQng>G[hC=(.q<.Rq+HWZ&HsSN6<iAxG",Check sum is [
test,R=C5hMw#E%,Check sum is  
test,Ei`w2A9O?gyM;~>]_y%T)M^G,Check sum is L
test,"c, <(X&=.pgK*V8&DtQl^'VZ4Nh+Z9XUs2",Check sum is @
test,fqAygLF!Xo;,Check sum is M
test,p<fnT,Check sum is 4
test,_py_gMF;.A,Check sum is +
test,{Ec-ry3Z1:Tb\t{#.UJg6B2!AW[thi2J5ci:(,Check sum is M
test,l3llJ(dfY$+8V>,Check sum is G
test,"^-,jlvA7NN~ic",Check sum is A
test,]?vF0tFFlSNt}k)n0#UZ~%;&&eG+R))6qt[GN,Check sum is Z
test,"iu|oHW^_loeu3ZApRgJyC3f;jzE/"">.~gR2!9(\87IcWJmM9]>",Check sum is B
test,"q0
l	3Nvv0I+H.E<_",Check sum is '
test,11p(]MU,Check sum is Y
test,"JePc4kJPFXG R5YM^$=O:\l%kIrG'""EMMop",Check sum is V
test,w%=H9dU'N`,Check sum is H
test,"lbvbk
@AmcN{>0.~?Dy1mM""Q(%",Check sum is V
test,8%v~^A&6rr5$]]C|tI]3S-TcWt/|4pBe\vF,Check sum is ?
test,G~^>L@wKT|I,Check sum is (
test,"x#>/k4@Jgcv;+]3X8	/H5Z,FUb",Check sum is O
test,kHsJrd&w^s@ 7As~E.PHdou@,Check sum is 0
test,7~P@+	mM,Check sum is S
test,m6[-q,Check sum is <
test,}7d&	nJE&ROvKG:mn#*.=#5;<`#,Check sum is R
test,"E<nRfU$f;BTF[CP-PZNk`}F4V#DZJb,&!/>KSUgQn<bhTWXL",Check sum is #
test,cv8iM'4VlF(*'#-EK ln[*\mU~>xZ;pbw@,Check sum is R
test,cc0]20=s1@bO$L &m[ml-/O[ihGt8_\UeH};$},Check sum is ^
test,u^6}{,Check sum is !
test,"
!QFmsq8<Z",Check sum is A
test,:Y7;e'A!h_IY!fnl f5<1hmYgd%2$jAg63<62,Check sum is X
test,"
9 chz'cdq~i%asJ@syU.XVgB0P:Trp6l	hxwx{FcAi.?XSX&",Check sum is %
test,yx rAZ D{!M5*u,Check sum is _
test,"%PpS/IeEAF=2.Hn%X{jM7T4I 
ySv$
{D<9rW#>mAhuD",Check sum is R
test,"\sQey,Z&(WUs-ZB]WdL_b
T@S<-H<lXV(<Dm",Check sum is L
test,"ls{5t[CJ>""8/;8*n]5'b f(.$%	(h]]Fq",Check sum is '
test,"@jLO{?d4

8;.%X$+",Check sum is 8
test,R!,Check sum is S
test,3=VL5CGvYt)DpM8m_@A)D,Check sum is P
test,}rJvkv<@&n>y$1);+-cjL</NS*2hp4-Nr,Check sum is B
test,"N5
D%<nT*jvJ)Rxgjnu4Y9kv:a69^M3",Check sum is ^
test,yczq,Check sum is '
test,Jz+igK?kW-_P{n),Check sum is Y
test,Tau1L4w?m%vvLY(Co/BNkdR.[skMKhH<tD0q/}*<_(,Check sum is +
test,0WjrUDM:skp\sh^o$/&fS<>mG]jw34J@d9AzGdpbx8!75Fq?nV,Check sum is P
test,"{&,q08*sB
ua>+hw'EEB#PoGn0M![rx:!8sAFv",Check sum is =
test,"RAr*NW0l31\KK\U^]zl,Z`m$![dyWaq}MJMflk99w",Check sum is 8
test,"KJ_	k1:q`3""
:q*}X/T0T^VvG(L`K{",Check sum is _
test,agQo,Check sum is (
test,"8y,vt$h{B6 @$SmH+h",Check sum is E
test,"$'k""(wmkW1_>|~s^~/lKNVltA
Whx`v",Check sum is _
test,"A!2[}Zc<BNE7'Lo$ZzHA""xA5R]xV",Check sum is A
test,"551UU6PfA)
0 j#$8{5mAeje>QW1@",Check sum is '
test,Ua='k_,Check sum is D
test,z-c#$dpIS]!F#KY&|ZbgG=<g+31ZIljq^QygP'Sw4nG;BQ\	,Check sum is =
test,"M ?eT83w*(%7:p-4dZoCN!f;H5L6v
;5nGrN,
-AID2ui.67B","Check sum is """
test,"A""9]C;C:\zFKSu6	""+Uvyj3=jna8~K|++x5@UMy@Qx",Check sum is J
test,')	~_ UYZ>z.gJ Cnxn|D$sfxC-ga'9GJSyl-yQ.rR,Check sum is K
test,"$#D|K\O$,KS^A`6(*Ea$N+a*o
bbR%
'n3*e#JCp?Y",Check sum is -
test,-wq\J*w9,Check sum is 5
test,Q3lA~y*hel9Z	N2[UzhV8?/$vu=O1F-=t|nejXaAR;>p,Check sum is 3
test,"x=W2	Vc8Q1IkIMu;,()58[yz]?6ILle#`0/a$)",Check sum is T
test,"Em>mz.d*9Qf	xq),M1F4VEgQ>!}9JR+""B/N5N",Check sum is 5
test,"74[t=""=~h,8a/ui,AWrHLG=E-dq""vKFpl4r|~?j",Check sum is Q
test,XU	L4c%3QcTrR.<:F(PY&@ykop,Check sum is A
test,"%WHtDV#A})V!7{!X_d=""2<=c>H
1BrmA:H^R(VLSA",Check sum is A
test,";ZgRY	?ii,4%!.]4+g87g4%)$IKy8lt*kr`W",Check sum is 7
test,Yd690,Check sum is <
test,<'f:HsuSPzs3<g&\5;_-O9[cZ(t2o{Y#os+?$2y<}),Check sum is H
test,J$6@T6nq=]gwLeNY	bM07A%^WrZA(PX/3t$%zqY<cXH$_Rim,Check sum is !
test,cjlh@u|!7~'J5z&~GcQhlfX&nd/r,Check sum is 2
test,"Ud{`<r@2_XB&L&ylAC'K}KocK(	7.+4(5hJX`n""yS	O&(",Check sum is #
test,5Q`)+O5S,Check sum is 1
test,"x7h0R*}1T(x#PxM+$3'$6
xfC>~/aCKI~J~Y4&!M)t 0
","Check sum is ,"
test,"-H*lDe?u>Z\K2?KL>};k(T=6q]g..F]""	Z]i4k",Check sum is =
test,gBS[jR9=[cl=/Ps326we4#wqKsDKrSy~,Check sum is A
test,"`f2ITQGAA0E' ##5Bo4!&Jq+,""+yT",Check sum is ^
test,34uxS@~kCjx c23/\r|Q4wiMuvwO>D,Check sum is [
test,"lV/,}e<!cgv57V3slL",Check sum is \
test,>4R]Nt-Z<Nj#}7//Edf)Bi$S(k)Z(@sVg:7HV[lQDQfRv,Check sum is %
test,RfiI&Ev0B6sPed]y,Check sum is 5
test,^?j.wIBcd,Check sum is ^
test,1	yAZs,Check sum is !
test,e'xcJ{OOha8[.8nu[I9Mk|wOorq\V?|C9x1lj+0Ew{K{,Check sum is 8
test,"T>c\T()
K(R}+v-[TVOf{DLl3=fWZ #Lb\d""-u@C
^JD",Check sum is V
test,G*d2};amYHlK?d&t&Txg[  )dM~W:#Qb,Check sum is 5
test,"ALO^\fj""1hsjfrElD
J[F",Check sum is  
test,136o>xv8;{uC?+/8,Check sum is L
test,"Ktbj6~[b_)g""w`{l;ljBk.QY/",Check sum is 0
test,"(\8a`3StPOY
u}~-Kwy&",Check sum is W
test,"XP
ikzNs?v|rsabjDg)jNW,#0NZ(wk>2Jl.G:^x",Check sum is #
test,Sb?ukenQ=Kv,Check sum is V
test,}4Xh{[ ayHfU|:+TvV)ElhkH?+	sAybB,Check sum is ^
test,"a'2;)0,=GQ`!rS[=bDYK/gw(:5i-|j!Hm.`Ik",Check sum is O
test,"v9$8[t=*0C+M2~R5?Ak)T'rJ
bkbal",Check sum is T
test,",28%Lr]rc>Q&ltQR(-",Check sum is X
test,"hmM!]UZqy'M?--&rhR""M8X7X+U$Q=vXj{F8@f<y3GBWd+d]Sv",Check sum is 0
test,s0q\b(wA!f=wcZ='1J[d68:LyE+'+ZO$M1iRSD@/wW>K]&,Check sum is =
test,"MKRdD""X&>U9N","Check sum is ,"
test,"tFD@o""Enz_Ql\9%o%/J5u{@-^}S%9Z2v%{0+Z\*C~w8%jbK~",Check sum is $
test,"sWW.Qo1vJ4l6b[7""Vo>. J'G7}t?}X${Ki}YJ{>(H{.",Check sum is V
test,"|h`f@6g2*8""Na+QOJJU[56@b9?",Check sum is  
test,"EV7e?2?eO<H=BIlM~Sg:_l\y8=z<g#k,*R#R.=	C",Check sum is F
test,"JC-)ItzBR**<aX`69P$u%r^q^wR~#h~`
--c#DfR}z:R -",Check sum is 9
test,snQ!9%NVK*UdJ?W=BAFC#e>Gg,Check sum is @
test,"^[UWAk2JT!A,k/u^5Wwxd%UyjZUGDRB7pQIr?K6SXlor",Check sum is 1
test,"TPQtW|}eh""f<KQZ'Zb;sO?PJ#%EJaPLo""\316G9P",Check sum is D
test,B\(,Check sum is &
test,Ks+!:jTUSK8p`Jn#MMJe6r:,Check sum is #
test,	#1Opcj@]H,Check sum is .
test,#?|fdtBZ:uC.2K0[|/CHYth9<t,Check sum is T
test,"bWLvX^c/U^903w/8O[S.CPYu""AoK2-i~|h&ZU",Check sum is 8
test,mlGZEps[w]yM	~dg-^yAER%Ye{b1rJ9&LfaCb1y%[|;+,Check sum is 5
test,`(}NV]@2}X67N9,Check sum is !
test,"H?.18\%gz+6.7_~aTy%R/J
&Za91cx8AvSD=n[:;",Check sum is R
test,"lc|FI6oaq}QO|Ya}x+Z4iQ9`43IgCvDs!
[	gzC$hjKIarIK6",Check sum is &
test,9e>G@#b$:]4/>p!8J9gm,Check sum is D
test,"[O\hRI\,E5@3uV# *V;;)t[ca*_ ",Check sum is G
test,"x.XbG>Vo NtLVh/-K-""3s,",Check sum is >
test,(IW*@=kc2&>Tx~,Check sum is =
test,"/P|,""ting??k~)Nq!}cNY0v_9_ L&JbnNOGo'
G^:",Check sum is >
test,71x5NIy/C+\i#Y	!]8znqt@H7hrFmb/,Check sum is L
test,iVJ*I{Y@^'U;qb:BC2~cgwW~`l$.4],Check sum is L
test,= l-+EZJBXyw-Uf:4<c7sb,Check sum is 5
test,`yeN/?,Check sum is Z
test,}AOZ`>fCX,Check sum is &
test,"mM*Nv5uL\A[(Vi/""HBBt#4#
gH;>TWxMHm;B(l x6",Check sum is ^
test,_$?&MNJb6m=x!RV4s8#u%+U/%v`[dPO$qtO',Check sum is S
test,$i,Check sum is -
test,-n|rPfnTHK+mSk92z+Hqz5^v/h}l%SIX9,Check sum is (
test,"yt1`#H<""B$A3U~Ce4W`|ANe	3|\Q0%K%!CrlCW{'N{	VR>:g8",Check sum is P
test,fZ$W[72n@e-wI!ru=[b_s2q\FT5XLu753[9vE-?y@2,Check sum is _
test,_{N'xebLl~;]@E{P+]1S>]c? Qr0m,Check sum is U
test,"sX%\`QK!F}sKt
Q[M|`tdF|i)c^,H
:k,""!",Check sum is \
test,"Iw|bHIX,+""f9U,=sO(s:5+""o8YF)7vx~K",Check sum is 3
test,+zc&AXjRW(\mZ=3dxezx7YtMgzO|P[(sV:eo.H8O=LD17,Check sum is A
test,",!M0Jpc 5OO2;`E#.c=SZ*6%8;2
Z",Check sum is 8
test,~hPsMKi$/!x0^yue u@C1i8,Check sum is A
test,"7ZgIHzy[Z<e6xw!(~Ko
G",Check sum is )
test,"""]&7jJO*9<fw}Cf\e4G3%4",Check sum is )
test,/im5HTNZ|,Check sum is Z
test,`bZFu=1TzfBfana,Check sum is 1
test,!Ie73w\K@Zkkh,Check sum is O
test,"JX#\kNuL]D|:]h""}m>[""kmFTD6/G0clycqVdU^",Check sum is 9
test,"x(69f(1""",Check sum is P
test,"t+I~u6WgJ:fH?#P
AY}Pkn<O""7NC",Check sum is R
test,"I|)Km>~M#);K_Q^P,.)i#(x|HEg[ZOTb9->",Check sum is <
test,<Cp!;RR#3A9#tDYSaaJ%E,Check sum is \
test,"v`n""Qj1:$(dan1V3=	Y8.H3k,D)Z;b#8#vR",Check sum is &
test,(Ea lK[ le0&4c:'v#Al+mL_A*,Check sum is S
test,"{7_&#{Rv""IE""=$",Check sum is 0
test,QaR,Check sum is $
test,"j
=7\la!$k?%4i","Check sum is """
test,"G@{SP,7;6yotr0$QT#2^nDO	MRY5*!Z5H","Check sum is ,"
test,"EvR2(>;:6
GZdo`],&NC%J6e!H$T*Ajk'=t]",Check sum is .
test,$?kn}P,Check sum is )
test,"or{:3?gE+}wbI!T43qs1nLC~\h	K8h~6OoOIbA!AW{K~""zh|B1",Check sum is _
test,"S7rj?YNi""r-S{ybG@+2$u/|5P?",Check sum is +
test,"?I`
?%J$:wEzC-iYV^'""/-<rc>!sae;3;_7wLMCUvcyC8",Check sum is <
test,PZXh=%a)	P8(SF)Lg1[m;{.lS?'|N@03/T.UW8}o_k3\,Check sum is -
test,"Ua,9&.gV=rvE-W--Z$dd$4""o?9YMJ-@@gQ^cGG^bZu/DZ0j!",Check sum is 6
test,\E:	UPVK&Un!4},Check sum is E
test,"ge`[,_.TZ	,h&vzC2oMAz",Check sum is -
test,";fFn(
put9HUU5fvP""B3%}Qi~1",Check sum is .
test,"s2,nOM"")<1bOB~_Y>z{",Check sum is O
test,"KO>n'e/o.xyt)""rOWtK_k=G[!ambTV}j,7t",Check sum is '
test,la:(V^zdqD'n;$&f<u	>,Check sum is N
test,"W%oI""IAXkzOKBs:;X&Q[(g=|bQ[F,",Check sum is 3
test,"oQ=w
HfSH&m6d[k=^&!?9s(-X#V0D`t(v@Q!J)*YCztpB",Check sum is >
test,K:($-[c~'aDd57VzxHv5R5IU.VSn=`DHV[<ni;xCXwW?zx~.,Check sum is A
test,;^vM)PfdQcE6THme,Check sum is \
test,";.vhkbMZ(FnJ1+r53k""m)sRD(I+zde
&qgT7l{qPB<xXWI",Check sum is +
test,"T.H26-_b~;\^K[=f-K;x:X5.IH+i:m!oiil`|74O
f+E5?:",Check sum is Z
test,bT(,Check sum is >
test,"U.\Dj>)MVc5h]|~~
(qjC7%",Check sum is 8
test,S:;La4'/g:>FvB#W(b&}GB++9|Vojd%6%2#WJ,Check sum is @
test,fIp6 I=T`,Check sum is O
test,"zwr#,7IIu>d:sXxWHC`8@JgNiOgFvt@G[gK""6",Check sum is #
test,	np]f//g1luy%ue}M'a$PS_X,Check sum is )
test,"zP*b7&?)?""rK<p],{O?[c^o]a(zp#`oF]`d7Z|r",Check sum is J
test,"]\""Q-""zmh}8D9Nm^\bwnD",Check sum is \
test,}8,Check sum is U
test,)t<n.ks!<,Check sum is P
test,"$""/iID^B7q)V
T8",Check sum is (
test,*OSaT:0/:}$d-o^@gs<	!7}\v`eKJ5,Check sum is H
test,"XSze
>o~%:MCNm	h4*Gbe?n<O&m",Check sum is 1
test,"-H<%mc,\)L;'.",Check sum is S
test,r%):^E\*[?k63uC^6W32E1M,Check sum is <
test,"lgT@x	""Ap H?T-~Q>G",Check sum is W
test,mLR<d}BugwF,Check sum is #
test,"Vz""
t[LIz:-K""@w7[Cz7bout""Kr	
'x(=neV_VM",Check sum is &
test,"Xl4,-A )ex;iU",Check sum is Q
test,/{<9`(=.4ndIr%Jn,Check sum is P
test,"0Vi;_bK@4~5h7]X>4_hNt
bAYgx	wO&~*1",Check sum is ?
test,S)d3I=>WqhNf(S0fA>^$?y\5~2b(J,Check sum is :
test,"EBmBg'~cGPQ2L1W<@e^Wc.
s #meOH0k:4gXp",Check sum is ;
test,"NT!07Q2.M+Cg3Kj2z7~StF|""hpq;ARbX","Check sum is """
test,?Gsp4Xd;'6&y!?_5-DrTBcl~,Check sum is *
test,"L}r@WqLC5B4Tp|e4;vu
(.3",Check sum is /
test,{_@LT-yQW_>Di-S)tGhHt}@l,Check sum is #
test,"M'q>""%$,K ,$*F0tJs$DQM_~qvJ|[Y>F<0KKRkxw9z:j",Check sum is 3
test,xgK<W#R*{[PPWL{,Check sum is P
test,!G@PxUDf&We'a.)o	|){pPcYHk};{Cz)?'D,Check sum is Z
test,<F=`@BnO#)M,Check sum is W
test,bp3\tkJ[%|]qI&Se\b6/!fg?,Check sum is +
test,&\L}KN*)]u_QY/;{x_dN!>V~[nDY)t#'0r4`[>;|{_*K9,Check sum is .
test,5KB}7a{j?HNqW;7rmhTWpRm7J4p,Check sum is 1
test,s3RLh$2G;1j'q197+-,Check sum is P
test,r~|5Rw,Check sum is J
test,"p\;C7seyrNuv$
MW&|Jm-jCdEX`%)C@K5a]ZdP#Bkx",Check sum is (
test,"g)|I6C#s7wZheK<BuP[,{HiU]\{rVRlwns.9:","Check sum is """
test,%Z8\Ej.Jx,Check sum is R
test,YnFAydeofr}*dE_MU3c,Check sum is ^
test,"""[n	XcZ
%Cb >`ZFy",Check sum is T
test,"7.+:P	Go`Vh+]14MZ]ZF&b5P6z:o{q*N#4K=Tr:V3
?{E$O3SY",Check sum is 5
test,lhN=zm*^Q9J<BN5P@7FXj1NO=BcFJNO4{iI,Check sum is P
test,"@9Yp8m,o'J]K",Check sum is ;
test,"_,N4
F? _B2	-	,!R&/W$q3P/]~24",Check sum is A
test,"m18e+ph/NrT`/h,X]b9)x7#zx~)q`m;AO",Check sum is 1
test,.V/?,Check sum is R
test,"z~(]HRO&@SW?wz8fwk54\&dsIA!d?9oybaOH%*P
$(r",Check sum is 8
test,"dPUu	""-4?H9<\nKq","Check sum is ,"
test,";,jXhaz>ysZ\&q{Qqh,De7L+?x*xlUNBVs)@7kCiQ%f{k~{3W",Check sum is Z
test,aA>`U=7NUP [Yd$mN6Me,Check sum is [
test,a<BrO@7~6?G6;;:cL3eK^g7-5z?rri$^%,Check sum is 4
test,ui8O*qu=.t@uf-{}$!@U;0n4:sk<Ln]!@I],Check sum is M
test,",l0~g^Wc&Z.dQK0(X:.Ch	2v:W""#r E$j,Pn$e~r>is}7t]",Check sum is D
test,PErUbL{\M `z&pttb,Check sum is (
test,"N3V\',Eya#1@XD-k:
I];!&6bh(l4D$1>0z",Check sum is B
test,nF{UPR5=z||9S2(=($H~@cA`] F s6Zwi1,Check sum is Z
test,EIMH}'Iiw/L,Check sum is K
test,"ywPPZH%5Au}Us,}pA*F~(o?,<xaTmW""{T=$+enr -]D$`N%Ou",Check sum is I
test,"H0.UE""b]^r/z^"""",6*""iE9|q072F%
","Check sum is ,"
test,"1W=B^-;<}NFS&*vv8,B!1#4Y'fel=CT|;6PhGF",Check sum is U
test,"zCffaL,tsGh#XrP/n (=1}'X1jj;s'AVc^&hzj?ox[[2",Check sum is V
test,ju:9>d\~q<BKskK2T'%/|>xPRGE1j@I,Check sum is V
test,5}&1+rg+,Check sum is X
test,"yf
)aQ4N9?:U?""ZMT[4Xk-+?I~v]9AC1v5	L",Check sum is :
test,lVoKLknZAzs2oWwN,Check sum is F
test,VU%rU6,Check sum is -
test,sFKP6,Check sum is *
test,_UDWpdrts%|.7x,Check sum is Z
test,?|y3-F%_,Check sum is >
test,"eL:)O]lb3y[P\A-e9gGq/4,v""",Check sum is 3
test,=hlU!,Check sum is '
test,ghm/{8o~)v0:lYFuHueRr_{v}5<	w>~(C0,Check sum is /
test,"D>7&VR,khE8m#nkU|IM\vWDPs^}[23~.l",Check sum is V
test,"9
FN1Z8F1R~A#(}!ddV'jbHE%wsZ,vHh ",Check sum is $
test,"a4BP	O_oJI^2t/pqbPSBV[@Ju""$gs",Check sum is +
test,'o -2>!$hftnoPhGvdV+I wB&T@g*'%fTP<3y,Check sum is \
test,"GiTo]btGASsW%r2[Z,M7iC""UEb3w;UiE!;j",Check sum is Q
test,"&uuR&]RW3FUJ
q&&	5tP|tZj=u0hp[l$4>2Q`sGC",Check sum is :
test,0!k8Igch^s9`D2K-<I+cf6$YI7CI,Check sum is _
test,Pt,Check sum is $
test,"4TbnE'X5X
Ogom>$LN;zg} s
V@UiQ5s""p
LR|wE9j)3V",Check sum is +
test,"PtlTXnoruNVr}1iL\Jxmpm\MfX""zjlC|",Check sum is 9
test,"hn7e1+d&a6oyU<4+0Fp
vfS{=*ch|'3q,BqIo1f4J",Check sum is &
test,JfE0	D,Check sum is R
test,/e,Check sum is 4
test,s7U06ehhU*}Ud!(oQA,Check sum is 9
test,oCOA'zrT>46h>.(dpKq!2V5	j.{=DR,Check sum is J
test,"yJ
#{",Check sum is K
test,/MN,Check sum is *
test,"SWWK#Yc^T;Qc|[3.^W\K%KX""5LcBMu$",Check sum is 6
test,"}orZD0^\./;:6m&]-,I*3AArx",Check sum is )
test,F{AnPtO}UFk`y{Pxk_6('2;b-h1f(;?F`c:H|'ID,Check sum is )
test,KU1gQ,Check sum is )
test,"$!q=o,gtz: n6I(Zt&^m9+",Check sum is U
test,\m=?6=!'z,Check sum is Z
test,"s601'_(~!=j	d
1v1`T|n!xDxe)C^Q7DBir>*+<",Check sum is G
test,1eP`?\3p7[!#d88;7Rj,Check sum is <
test,"gz?l({>}$FH;}E""iG]7fEOPo|s/nuDltYLINV=U!@o/*,<",Check sum is 2
test,"Xvx?N,(vY:%lSS@Eu~#	4dx}(*T",Check sum is ^
test,"?7Zb$p/XDX8g)s A1}1+j,y-k#)6L{~a0jB@",Check sum is Z
test,"VTt!`7v2vf""f~GRrA:Y3HyvNJqleq
6a$W'TW|ti4F",Check sum is U
test,r7O)UG#._*bPbLg.{n<TCa?	#Y,Check sum is M
test,n9,Check sum is G
test,"c8pf!*bVZ{<EI,i';h) 5d%""9
Y	dn*TpEW,XAYwkI+g",Check sum is W
test,"xDpkx%fda)""TB\FqaEha[PNO'YhnvOBb ^@{ziQc",Check sum is 9
test,(E,Check sum is M
test,^U|)k!..65KTU6i.1_}<71|-|5H|q..^$SK q<1qml+?e=xt-{,Check sum is 0
test,`3bG/dp',Check sum is F
test,"%	nG6&$);<{
iCw3W4j,o",Check sum is N
test,6=CQ.HT.y[f{vP*hfU-oo:KcE4xL,Check sum is W
test,"#AHp0s?B[d1aP@3-a1.""f,^;v$W4`30+",Check sum is A
test,"Ci}q.Y<Z9(0B?%fJ{|,if|nbUwiQh)7v,H]xx",Check sum is A
test,fif2c,Check sum is *
test,"'wtKZ,)\!E`b9)S;_!=r	1*~(3z<UB}%",Check sum is ;
test,:	0be1<tg^v'Xk\+iCieP,Check sum is 1
test,"G842FHvhO-p.C""!",Check sum is Q
test,"e5`/@\M=48nY~u?dRkh,4	:Bd~	N-bAzz(_|u-{@lcYMcWrOs",Check sum is B
test,sVHpqa6Et;zvr:1yv`}1iW?;j}X?Hu o>W	E ApC. MUa,Check sum is 3
test,cc<,"Check sum is """
test,":VW9'm(8
OW{(@G""O3`=t?{pypc%!O",Check sum is N
test,"uI3>|OG,NJA2\O0MDQ8*?_V (
8
k^w>",Check sum is =
test,Ij,Check sum is S
test,"<XN=L/3W#9xY2H#$^	wh;	x
<$naDrN>9Ik3z^iZ0",Check sum is Z
test,x7{x4-]DEp+LVPw%XDC3}+,"Check sum is ,"
test,")WT7
gqG|oJ	*;(34B",Check sum is H
test,"Z9|W'3[]|>J&#bmr[o""YL{q7",Check sum is Z
test,"4vMFQ/vg>%/&FW6qf&A^uwS.!IB
0%Kg?jG#l);['
 ]k","Check sum is """
test,"|Jlp$>1x:t%o7,9lJ<P:RNtXq|XBu5~",Check sum is B
test,?'/QJ8G,Check sum is O
test,")mpuH?e}q! anheTqIr]V6M""5
>L",Check sum is 3
test,"Jm!l6FoJ""aFO	EZ`wy9jUU&	FXol2nR",Check sum is P
test,"ilqLW1dGgws.""7_%;	A4qp]:98l4vHQ",Check sum is R
test,L_<6C-sdsgl/X[Fm/)|sZ$y-?AA''U>&IRep,Check sum is B
test,"""l}A~1n3j
Rp<U^P?IZq ae53`3Z^9.(Aox#iG,jneQ
p[+(",Check sum is I
test,"8kkQ""a6}:0juX>l]c<Q$s{x",Check sum is W
test,"~>[\,M~hJJn2@",Check sum is &
test,:*kM+Cx-GK)i<,Check sum is /
test,":>!(l^b,Ken`=>o6vdDeT0XFXz_tz$uvhl@T4yxd24MQ_K",Check sum is I
test,"lOTykwS]&.itJkMVIT
@V^S-g6#Cih}=#KY{DUc,",Check sum is V
test,%.5&E\0`zhsi1@m7lt@*0%}u[Hf=$w>t4ruL-^x,Check sum is  
test,"&q-ijUV7h_cyF
=wj&G341sBiZ^?SbT.Zm uUAD]S	-a3",Check sum is +
test,"NA1#8Vt[dA-'F
.qJi	A\@b]SA?-(/\gDO K	+p|~YvYQ8Sv",Check sum is P
test,"?^9#~xA?y?Ae_Vj!&!JP)a8EjUa|k""XUxZy~B<4=7C~`s*`ZK",Check sum is ]
test,"&,b;'cF",Check sum is _
test,hEeX	w6NI#*2AJ6A 	. G,Check sum is V
test,"\
]~'vTW$cR G",Check sum is )
test,5o^:72e.eyt|=Ew<coa	i,Check sum is @
test,c8m|Sy#;toy1G'm'e,Check sum is B
test,AOyP|'rjgzXuKD8cB+[__yQJ0Wu B.O,Check sum is E
test,"mq%Q`bk+K+AE	,#- y/5Xt|)5\>$B
ydEil<6^`-4WeQ<`-K@",Check sum is #
test,"dD_D\XZ0!cI.S.{D
95}IHH",Check sum is 2
test,"*Zo0g/EbV[d_W[(o?	AU8z^U7b.h+,P,!;G-gDrUy..?.*YW$]",Check sum is !
test,	\_w`D.>|h$Pd/cMQ-E7v4]sK5T3|$@dV><IKC>,Check sum is *
test,8W[Jh!3wjh:Y,"Check sum is ,"
test,",`UAwl+Tt- s#DeG$V	V 9n)ceITzMUY3uS",Check sum is I
test,"7jquQ9Jj-zWn{Zg3WB!}
S`aLX=MGu2""\[:y%j`$_xOz",Check sum is 0
test,(N1arQIILBs]\O`?U7wyur,Check sum is H
test,"#7!,XKR>f'O""s1m[^(q(,iBb]$(",Check sum is %
test,y@8u/TfL9Ya,Check sum is .
test,"0lN!]3a 
""Lz N9|/qn5w,2UG",Check sum is E
test,"Q67)cNp,o09<2sFYYnO<AJ_sEH.4RqTpZK[QV@",Check sum is 8
test,"WxrTAP""btJtNyq#kd7\W+
?PwT+8RST",Check sum is ;
test,u`_Ho,Check sum is K
test,"s
8_V#/mB""rrd]=2>s;:X!EXHM{Y,hp&a*Jse;Dk%z<m`ITu",Check sum is !
test,"$w/H97R ;'*H%dz)jR,(!HlefyypY5-V%hzNR	')=}V2E",Check sum is >
test,xBh.,Check sum is 0
test,`w:Ega2NG0g:k,Check sum is A
test,"^lr)J]4N}5L?gT= 
=i\@TOz /s>
IjM)rW(_>q\|",Check sum is 6
test,"nMH0Ls
V[I>L_R8&lKK?2","Check sum is """
test,"ak{n)CgA$xXGeaVqA0/
",Check sum is [
test,"Fy+:L|j5#%fsb\L]y5n4/osT-5yY_bg""p",Check sum is V
test,2`AxPlbZIT9}?Pf'7(I/Rc9,Check sum is W
test,WR,Check sum is I
test,"Z*5Sr%QACl<B8A(V/\fQB9d,)6hDSM-kty7*+}3F",Check sum is 8
test,"_W^X2nPzw;D,Yn x3]M\Xl+c(jLX#y2gaNU72",Check sum is Z
test,tc,Check sum is 7
test,"R3u|""sf
ivk)(.JC%1
S-8(^#6F.Lax>X}#IVu@!zF
bv<7K{h",Check sum is /
test,"LW=U$P]0&6ZF@j/?4t.""#rG_",Check sum is ]
test,"C$!0
;v`/k6H+yEM<2;DX0jo*!++'*0$",Check sum is U
test,"xJ@	?uekcGN$ADVC- ""_",Check sum is 7
test,"T1\U)_!(B74R:~rY}<D
^GN(",Check sum is K
test,"L?8'OqjX(.k6Y,|^/""C,u_j>1At@\1H:|0{\1c8","Check sum is """
test,)hO(2j,Check sum is D
test,"B+7$""AEx3@Ta*H1m575#;Itb	",Check sum is '
test,P~I0'8+Kv8>e-v/EP|}Q;nx$6c-gn jb2-N>+P;jD-w,Check sum is =
test,Anj`F\uRcp<.?E1_2HVD$y6&$zU5U,Check sum is ]
test,+},Check sum is H
test,hc;Mk^ko?zh`=FB2,Check sum is N
test,".D?x_Lk
",Check sum is )
test,>vaig,Check sum is E
test,Q]>P_ 850J (4,Check sum is >
test,"}0=M l""*Hu;rA?Yz-$?=s5?_RXUr",Check sum is 0
test,/~c8<-&kd-txN(zN{])T~=rMZ-h\$D	 F5qYl%AP.?w5H1K.s,Check sum is -
test," MVhD""O4mu(h-vEd",Check sum is 2
test,mpFx3F@mIm-`}g|FC1<S4,Check sum is A
test,!(n,Check sum is W
test,fnwii/OJAV+k<uYgyC#,Check sum is B
test,)@GUY[sCI*;4n>)FUP`b1yN,Check sum is +
test,	s43y,Check sum is <
test,5>=7!6?$ Ve	,Check sum is %
test,)|h2[`Xfl:]li,Check sum is 0
test,"6.Eir2	]W""MyYT{pM\V-(0%P=|;`q",Check sum is Q
test,"l=&q/
g	&^}x1	iH/Ltg_
#G&}wnK",Check sum is )
test,"2%+ti[c\ekCwS/7U28Pr'8i~\t`k@piC|qjhF!UKtG.
G",Check sum is Z
test,#r7.K*#Glh?sa<eEs,Check sum is 9
test,Ppe_ o|q[y,Check sum is 4
test,"/jk|<^-wB@&Q}L
3]K|#$3a""r",Check sum is 0
test,*(-}#E,Check sum is D
test,a)D3XT'YATX50<N\_;jYz,Check sum is \
test,"(0GbF&*&bO009""KKCDzR",Check sum is 2
test,?h*3hFcjzi,Check sum is B
test,y6;4(N/JCfOw4r;62+[XqQ% &bI*Ypywy[=lHf}O8]m\d,Check sum is 7
test,"bX
6U.%\,]^:g_xu",Check sum is 2
test,"Aqy
$Qbiv8\tRY` }<fP2/D-2?]EGa~k.a",Check sum is 2
test,"(-2w*!61m}*h5V&@,+0tHTXZM0&	\r0IYa+3o6a&=cA<",Check sum is Z
test,"^Y	@@7s!Y,}vw|:x/""GZd5*a7Xd9Ufv/E\W|M7","Check sum is """
test,"b];Id2J1)Q_hW'-V|9J3bBL}BL[~""
6KL}OA[UUC",Check sum is J
test,"=js~n;{?6R6SNJzXO,q<[7$\j4-`-+\A{rIRwM`",Check sum is \
test,"xi
+$o	03+'MVErPD5WKxkg6_~.9faeTD$h}VZ>	",Check sum is T
test,"#G*DYUkauyp#G%t+br,9^-'	?cW?r]~.bfrzf""J:alT",Check sum is F
test,"DC03U  =o1>l<c{}(}tIG)EG,	GSk*t(d`gP6AJ}	",Check sum is ]
test,"sdv0!<?h""cc
fSla#5Ng\@u/[[i3{C/slS5J?b{7?",Check sum is (
test,P#nm-/'sW`[q7z1WDulV$i!dchhY]bG19N6E,Check sum is 2
test,^RwaAx~O,Check sum is .
test,Imc:&,Check sum is Y
test,&h8ws)l>g|;YigM!6sY!`,Check sum is [
test,>#>QB`sa&s=J	]{,Check sum is G
test,"*Z]j}woA^.>}ao?VhmP_Mcts*t,u2I#DV1&}:'`;",Check sum is ]
test,"g5y5hR{d,VneI9C<GYR/-",Check sum is '
test,m[kt%r|H0rWK#xBB@_:',Check sum is E
test,"+o'k<
LOqo^dOc/mwkre1j{e=j",Check sum is 8
test,m6/~5_bF3WAYzt'=`[S(lwsB`sp9>	quS82juIB,Check sum is @
test,"]*niZ}t:E)x[`T{NONZCO)wUHewP]^|?8"",P",Check sum is ?
test,;~gH~wq|TjDP`>y+22=f1nz C&Z~EK-!doyNz,Check sum is 1
test,"+""3a&;1?qWg$
fB,C`lVE|%$LT;Jqc{#	|Gm",Check sum is B
test,!)9k`X@'V4FR{,Check sum is J
test,"$MRdcsEi9z1%xt_@O5(vN;;pXOd@
>TA.4wXG""RU={:%~Zq",Check sum is >
test,L2O?[}7WW,Check sum is )
test,"Zea9D.""&>6t$Tr._%ZTqqrQ-?]cu",Check sum is +
test,]%|fi \	b6(q@<:l(I6F:FN,Check sum is @
test,SlMAdYg5T<QYKrF`=\\^I;PJsC)T#'=g>P_}^oI$c,Check sum is <
test,"`!ISEo
>}eK%IX#-=(bBEgcd]s=YyU<_f>m20okoKtnCD",Check sum is 7
test,"*""Xd@7g!'^fY;vgsD=T`:X+EXb4_d.G7tB326oyI",Check sum is L
test,IHaH++*R]2t,Check sum is /
test,"t}]JpJXjs""!	-%I7$_*@Vq<.=+,m.!+Vhht*!3e0vS]sD
{'`h",Check sum is \
test,	Y\TF3(t)kh9jOh@}Sv4,Check sum is W
test,5A,Check sum is V
test,`SDYnCWXZr.!~L>NLp\n]?X4H-*{(,Check sum is 1
test,}J2e,Check sum is >
test,beOG*c?Qn/Qn\{raXfX2E	DOtatyPeLC/9wI S Va,Check sum is A
test,"TyR`M6\g331
MQ\Q@%3Ym_Q[f>kk=?L(""$eA3E~sSpi",Check sum is %
test,+bQ(3,Check sum is Y
test,[K[g(\g{F^	1?%rW {tWA3`4J>Ap$t/6W_U,Check sum is (
test,"6d'Ssqs	[OP*4(50o}z4K`N .vSvUzBGhuC
 QTkZ=^o)2Ds=",Check sum is >
test,"?j{y""|[5.|q*BY'AXa1`$_;,J05P<
b\BYDak.d*-PhZ",Check sum is P
test,T'2R l+|,Check sum is R
test,"GT$x""<kaOTXt6%{]CW{3d=",Check sum is L
test,R|,Check sum is .
test,J/be&;VG2S(St%r,Check sum is )
test,yq8dX7X4O!U	<(NrT`:hqO.(zA8}mO^uP(]iT1n,Check sum is O
test,"|UsAisoC&F\-B""9tc%H2UI<",Check sum is U
test,"hr2""L!/m}T7^?9Vj3	vdW~LU.D+hB{?J
I",Check sum is _
test,"S""iZKn;)yFL
~U\Bk\bp+u.v;!YK]",Check sum is 5
test,"<m-4]^O(Nh0ra<Ek}xk8)=MJ(o4hGX6]""e",Check sum is B
test,">SNz6'v+nfIBL2K !O$RCDZ+29=.rW648:	9ymp4(.YYR
r",Check sum is N
test,"\jHJ?cPtoWL*[B~NLv*2IM0;_
k",Check sum is 6
test,P(.(lvq42Q9:rKN,Check sum is 6
test,"}%5j^9""5_P_)>9!w!88yA6N[]_&Fxx!^+]WbKu>*\	uQ",Check sum is *
test,m@	,Check sum is V
test,"H7LHVBN764dKms^h'0&b|!H7>6TY@_fH$Qin,OxmP:8c",Check sum is I
test,"Cw<dF#mWS%soN)k ehD')=BeQDyErI`jQTey,HX|uVKZ~W;0",Check sum is [
test,1$yF,Check sum is 4
test,"5y8xb`dW""8pxGeG<`EjSQyEG&r.'An3X+}z2}f",Check sum is B
test,?XX,Check sum is O
test,Xm$;^38@+'619JYp*b>Ee>d1,Check sum is Y
test,"q#'g1`:p`BtN@IC$@qZF':-#{7YV	
",Check sum is G
test,"{DuuP	BR!$Qv
 KP-a",Check sum is U
test,"Tb@06MoY:g-
]MF'izEvrEg69)&:",Check sum is 4
test,"Gedm=twmCR~!12j3\}b""eJn`6{Gh|`|?zn=!UPQTFYMtdOg",Check sum is A
test,K]@%J#w-Cbhm	ZS|>gd2_'Z27:qeX06o]>Tro=glRgdU,Check sum is =
test,uNYvd,Check sum is V
test,"[y|4l<F'wztt|:t R0vvkfdL?Sb`f|fpF
$^x~:+wp-1",Check sum is I
test,!OKX+j9C[YDY.rZ;Y}<@qU6KlPz^8jGhR`,Check sum is :
test,l[|Y>m%@3Ql6M{,Check sum is :
test,]5`x1rE?krIh6D~TxgN{!/`%-2ZJxyqk/5,Check sum is <
test,PR8ZzB}43*vvGsZd`gQ#,Check sum is =
test,"iO
+@K:""=",Check sum is 1
test,")LcHTF;,#3$$bl$QHqUg=?`C8Gz`OY/}b0|$GNt3n
",Check sum is I
test,"6Rx;<i,e-q#(ZoZzNq:H",Check sum is X
test,SRpw/~T<@	DE0}R k)=Hq%]2DLW6Qr,Check sum is 8
test,"cW3jxKx5Qw?CH VqO$\jDdfCe4R4mK	#+u,",Check sum is 9
test,o_yE)$`6]o08qU,Check sum is I
test,(s{Qv\,Check sum is Y
test,SBhi.P3W0Fci['PI@}K.Y\ye5Rv=sW(_ZYzE,Check sum is 1
test,"-f5
aRP6Q6Q1uV",Check sum is ?
test,"(J;XJmV_q9NeR=x*A]CR
vI]O+",Check sum is 2
test,"M&""%s?
0cR>",Check sum is 9
test,"I#vxX3k:@~`\^tUs@E!Q;),P|V,*""	-.[P@j%VEw,M@.6g3vZ",Check sum is V
test,"%[""_JyYB'fT_?*[[gs5/*O_<!cb0$t?5v q4498h""U\ A",Check sum is N
test,"MXzUpcNW[CoSQ?OB_j_5p;vx -`**k2,JCC}j",Check sum is D
test,"Xv@,#:wW3I",Check sum is A
test,"@|jm&J#DOeM^79_fhSok9,{;$U^aLk0Dm",Check sum is ^
test,"CH%
1{XC
N{XqWU+TY",Check sum is A
test,s*s0Q^;|sP_R#J,Check sum is '
test,"Zqjrb)LL]l9MGiFL.k&x
n	 |}-:)=F=>`vP3gt$z(bz",Check sum is 0
test,+`1P	JUH98nl#WLOVT%_	_	Ez6d(O@	|vmo,Check sum is B
test,"!|hgbwD]gL8B%6jr#G~h-<x5j>P'sntt);L^pRw9,SiE",Check sum is %
test,"k8BiVdQ~$BinBm,t,>E~E9:7J7A	KWBZ
4lJa['{)jlic",Check sum is E
test,"zP`u-Aky;ya<J%hQ0Xe+1Mo&4yN(oFC,)X?ym@i<{",Check sum is B
test,O\,Check sum is K
test,"Edbap	ITp%y	=DIAJsC?uD
FiNYJ8^M=D@v",Check sum is @
test,~=`%x^(	fu'-kV#(S|S['?g0wC+6 bO7X#xJFEAZ,"Check sum is """
test,GhPiyr:GJ[$Hl<qO1rArnaf?C,Check sum is :
test,*Y]@d\hBaWKbf#XT,Check sum is D
test,"!d'	2u3""iIq8nEFpmM`HwrUc#vuPc6Kt;;|9JhaVlL",Check sum is Z
test,Q#@VF	-`Cpp],Check sum is F
test,"gp;m~lHAF)EO;BX|yj23t""YoFO8\LFXg|b2o}xY",Check sum is S
test,"O#x~I\C>%Y_hEI_?5.RgnYZIka'v}[29AI+!PV2stk$""]cFj",Check sum is G
test,O.a5,Check sum is 3
test,"
:BRBks~/",Check sum is E
test,"%'MxFQNg <m+ JML7Z^y$x+]""f blt",Check sum is *
test,"}j[|T:iN""?>ZmrL0W`kIO!^|'XjEmN'""It@5Oa\.",Check sum is J
test,o9=FN6Jq/>Hu86RHg?:Ku;^WqDG=6iJCFIx>M$c3g*OB1,Check sum is P
test,"zt
R'be%S2M$u'Ez8A4?&ZsN#+s]3!0\LDwfJ6)HJkW",Check sum is #
test,'g	59pVz.}jow,Check sum is  
test,?BLNh4[x//WM)@1w,Check sum is =
test,(>mozR~[wPdUTV\,Check sum is M
test,}AGOV7j3<9Bt3fQ?P?vt>`|V1-J!%9}l(ptVuEmn|m|5R?V,Check sum is #
test,"fi#{TLhald,22xqtoz
t[7UN+)a@Tmw",Check sum is <
test,"Rg{~JvRs87y39c0)6n<3C
))7Z6<`5o1xGWj\Nb?L",Check sum is (
test,".vN$#TC}t
@gHL3P_IHEGj",Check sum is O
test,"Ry>M`q0B:DGk13#Y#)GkGLHKXT*+c(k ""aKJ~""h<Cb",Check sum is E
test,pk+vE~KlUQ-l%Q~D8s|vz>As\5AOL%,Check sum is (
test,rm(>3yym{wl6!m,Check sum is Y
test,"H""&Yf0tW?`2yce%&b~NU`dzGLWU""
m;e P}0'	t[0>U~{l]y`",Check sum is :
test,<J t)Z	.y$,Check sum is Q
test,V.p8{(Et>IE^mp?cm&N=!D4 sQ4_<nO*w*Jf@C{7? OL,"Check sum is """
test,":oyT?Am~A,",Check sum is .
test,"foEVA}b[F;SnsG96518e| #?V=I[q80bt,!8wFvP[BH)c3HI[",Check sum is 5
test,gDA\*7SiIHUfFc~*A,Check sum is #
test,"H?J) GOaZeOb%J0HAi|xx~e'^cKlXt|
",Check sum is 2
test,)*OBX0-}s=R;y{IJG#3b.sJu]P:-Ed2\LsR,Check sum is 5
test,"mF{Dkf
.+FrnMNxIV2==&u-",Check sum is R
test,oQOVob}QJWucJ[=^IX4}b:Bq.'X|r{H-_6smQU	,Check sum is -
test,}oq*:2c^CATP\ +ak*L=7.8nb*BS$PX,Check sum is Z
test,"NRe4+:Nc}/^^.Xk	AqS%sTf&RmYm}dv,b""+C",Check sum is H
test,5:w_4v@*L%Ovxg~'Au8kn6V4R>Lht,Check sum is 2
test, t9;i-8[#juL]MoyE,Check sum is 6
test,"6P
FR0bS$#f#,mCc#_1FL<$V$hCItn",Check sum is 1
test,"59	E{`n<r];zg+)9T,oSt| F",Check sum is 1
test,"R-%,,{W|r&cr$a~%GVqt{!V
Kc~hzb~a2z>fS",Check sum is /
test,s7B5^m',Check sum is 3
test,"(_{E:ZD96TZ.#f
_H",Check sum is D
test,"=A#bq:-Nv@rM5(ar
Mno#;~q5=%3}[.^9hcCIH
*Da!FlL~W|""",Check sum is  
test,"
}MfVI/.B1[\{M_m&}_Ww",Check sum is $
test,&cy.qzT5sw)uzm:HFr`d,Check sum is 1
test,"	c)8
)OlB<]5#qY<#",Check sum is 7
test,"SSBgHc

R^iCG3o.d=[9x3=@AHv-p",Check sum is Z
test,g#fG'RF?CjoWgOi#OzrU|PC-q=]cFS{L	HGl9ANK#w,Check sum is U
test,"~[35]R:Fs4L*])`Xvv
w(sLR@[{f(-D6H",Check sum is $
test,"1>Rw/PUq
5Wi$^ztLlf",Check sum is *
test,%4<0;bdURPa3>O{<rijb2S9Qq*Tm.U%~C,Check sum is 0
test,Ma=?u8,Check sum is 7
test,uWPGxHLgW**Ig~ IfN	.&\X%U{1p,Check sum is S
test,f;sn6,Check sum is X
test,"(pa]j"")43{T0Px	g0|QO",Check sum is U
test,8\3f-~|K/,Check sum is .
test,"""""[ x",Check sum is W
test,K.b,Check sum is ;
test,"5!& `I5]11XEo\EC XSP9}E\+4[|s>{v*""t",Check sum is S
test,"hu!:]sI'0ao8'j(.84`KW&R0hJ	0ZDeyrEX""y",Check sum is ^
test,"|r*b0Xib=94g&_pCA `*fO }yX3R0lBB5~K-fRU9,s2|",Check sum is '
test,bd&.+TGTR4gI^^#CN\L	+QU	GQ=f=i	^H5g,Check sum is 1
test,";U2hvdZ:T,M.{Z]u%R(w:i`.m:1zCyuGx0{A`mxh&~fY0",Check sum is O
test,'i4_t-UqFtM=br(_@:n`B/(	F,Check sum is 9
test,<qma	TyVF=\I!d+IzEqLi%$A>$Ki&{byg:AHQ@[?YYNF'!,Check sum is L
test,U e@:l-Uc!X#E$QB:6/|j;B]\GsN<,Check sum is \
test,"4""(uCwZs,NvAo$^th//sI	\/;[SuLHtctu)|6>|Ce.",Check sum is #
test,",4\QvBuGq2&kG[T;-~Q`9H-D/'?L~\e>u{ Pe{x",Check sum is *
test,"YmJ"":pRy
zH\Z6Gp5 xl539Y%Pk.[;MrLTN5~YH\-\z,f]H}
",Check sum is +
test,"kbSE[7?DO{z6$w#""4Yj>e-Q\PL%-D5",Check sum is O
test,"z5u[=<UNk!3 }XJs
",Check sum is 6
test,pD	2sH$qw5&}\5~RT,Check sum is #
test,z[l]1)sPb,Check sum is =
test,P*PZR<KxUsl$@asKZ.s[9hgBP1 ,Check sum is M
test,iG0[SU	 ,"Check sum is ,"
test,[94u%R,Check sum is T
test,h>!*+Z2tzMch?B\Wwq0i)	*uJ0,Check sum is N
test,4:`NTD;/BG?r[s,Check sum is F
test,^lC,Check sum is -
test,UQMXAM%)/9j}]m]F,Check sum is C
test,wvh><Q4Y(,Check sum is 5
test,">[X25#>[b!^W:H5%""uUQ2uYa/?",Check sum is T
test,55<}w~,Check sum is 8
test,"2/piKs1.uUH<9,zKn&G%736r	RozpKWF~L::P},)*<GG7C",Check sum is +
test,zA4J-w@=*i9iN\5waK8v~ xUC8Tbz=\,Check sum is N
test,.st1B2os]-I K_,Check sum is Y
test,"olqeiZn)7;9d5xceqQ>FX|J,?@zP;QC&Be9TV3(-Vmf9Ii#",Check sum is F
test,"w#WjW
(!,AcC""b",Check sum is <
test,"BsT#lu*
S(`I1zN96]",Check sum is J
test,J7grCd_]?RiJW,Check sum is 8
test,",7X+9J2R,,`""DB-[pSg8HBCG$F+`,IA2K8.2*yszB-R8ldt<~",Check sum is 2
test,(]_jq2.] t	o),Check sum is Q
test,sZ/qS>EnA.~Z.fm*O7 -UH2z7o_),Check sum is M
test,ND>Ah[qSeU>E,Check sum is 5
test,"u+fo8
&)HxX5y""
@3:oy?:8p",Check sum is N
test,vMlYsxAi=Ua,Check sum is 0
test,ZA`:![xS![bgrn,Check sum is A
test,"._\wuoRLtn*""",Check sum is 0
test,5uB3+mIe2X,Check sum is O
test,L6x%,Check sum is ?
test,(e:tv,Check sum is Q
test,"Hn&{,T?Iij|U
Bz()itg;2NkWZ3/lV<i<5RK	-3G",Check sum is \
test,'oJ!KO:!uae\[!.Kxc;12m$d( (QK3F,Check sum is U
test,"1}4N""7y*H'HZUM0%$i33kO9oU`:._@H",Check sum is -
test,"&,BgF/,EA&&@e[9)#Hu",Check sum is P
test,w+LA8K+,Check sum is =
test,"ry.q+*!UFO,/Zh+mP`ivD',=ce-8XFA",Check sum is .
test,"iB2{i:W1KcN
]k6:sqJ,|t""}t
",Check sum is H
test,DwN6%,Check sum is D
test,z[FuP1u2J.93LvV~qFFuE#,"Check sum is ,"
test,"h>kqVI{}d*""exHENo/rI}HcSDl$",Check sum is I
test,qmqQmt+!e0G#:fSE,Check sum is $
test,"\9tTV C>JzZqMB>!Ile,",Check sum is 7
test,i{R!E%fbF]=iAh{@MzD	XOkO,Check sum is K
test,)n2a reUeBG7$dHPAz*-vx&*da(qtdxZ|V/8PY]t,Check sum is &
test,"""u_^ttf|M{@LY&6V)""M>s*_A>",Check sum is .
test,"X""Ki<
*w/A(O9!gE]3[%!lb2YpV`y>wDVXXlL&}K+9E\WONeD\",Check sum is .
test,",v$~MJ",Check sum is ;
test,"Gw)u1Y<MSndI
F5J@C(;|MsZI5Z,4>'#wy tK_[VMohz",Check sum is E
test,hN-y:F]%'J2FtM<Li0js?@BsFaI0>,Check sum is 8
test,uT9cg0)!C$6MhRF,Check sum is P
test,"O0'%^=so+T_Z ""","Check sum is """
test,9q3D/4[|M/^pzX^,Check sum is 5
test,MyGL%P'IQ1;V!d`EEPZg(u*C6,Check sum is 1
test,"~58@$7-""+:ek>l&|ZH}U5AprhE;IU%ws",Check sum is W
test,"p,$BcIiL~<N_\kKf	/(MOV.[5Um@F`t",Check sum is N
test,_7o@E,Check sum is *
test,Tkea]:(O3c V2'e>G4Vf/4Q]]),Check sum is I
test,"\o#,d`f",Check sum is $
test,8j  ,Check sum is B
test,"""v^xIwha<O/lZF`Jm)JT>4tYT\'mpy,GJeJ9(s(u/*^Ga>kGU",Check sum is (
test,	3Z}w,Check sum is *
test,",9G?^#Ol$[[\>*hGy&;0~r",Check sum is N
test,?>2zCz0xZ7ii7{1N!E,Check sum is (
test, JO3}0!u~$FpjHW`Xy={	o#$2;f4s[>Q['oKh~I,Check sum is '
test,y]++y}a- |:!&g,Check sum is T
test,"n\{j-K-N,Uq4]!T^@~",Check sum is V
test,}7|bZw|zsI>,Check sum is 3
test,R'3&8:nQu!N%+FV0CI4MQ1WzR/@>ykrXwr^ZMRg,Check sum is W
test,z=.:Y&DpMH6RJ5tyt`~X@6uf2K92|u%sIG4o>,Check sum is X
test,A	O,Check sum is 9
test,"!7Jwe Cy1e/9&:Yx<8bWV.;#^_t=e	u,usK/Ud!0)W",Check sum is !
test,"|3
|%ht)G@LRNq.^JRs594qG5k3tmJhK]%R",Check sum is ]
test,zk56Z_|kaa	9qWv5uGLcy(ziV|nWfn7V	oj1YU	vU6 d,Check sum is =
test,]fN/7pL3<eC/`y8Ay,Check sum is $
test, 9q?Ms)@52!Z}f(y_f%P-^g\	ZYGr	s|@;ob$z+ho,Check sum is Y
test,-_^JL<[o,Check sum is &
test,"jkxW;'!G}'G:)m]Zt0Iw,naG<r$ AQM1",Check sum is (
test,e3d1T3@{Yu.QU=,Check sum is .
test,"l<bc?ay'`!w@\!*AtH,F+#tds ",Check sum is T
test,ZCj\KRM#7<VP=4tn>(M/o#c\b$K,Check sum is @
test,<z<;?tiJA8D},Check sum is -
test,i@IG>]`76H}pG<6,Check sum is /
test,"!~""bbGfr
 _,7B	E6",Check sum is 6
test,rHR%b	bS4y,Check sum is ^
test,"9<ael1;oZ	Oqg4.%YIAUfGq<q+!D'xn
,s`los~Cl5eqcj:W!(",Check sum is I
test,;FZjow5hbZ6{64AGc$.dzlEs `@q+\>?GPU-l,Check sum is 8
test,",4oMs({Kn",Check sum is K
test,4~nK,Check sum is K
test,ucW-\`\tAAqB}OYkfBV,Check sum is K
test,nTNKc+T1jg'UYuaD;Ed=Qm~efRDLXCakky{]|*T,Check sum is 5
test,"v1xAivHp""LKW4aIL<YZ|D6u[=1HBf lbeyX$Q!J=g",Check sum is L
test,"8Ygh{-i}>{@gbH
2?/.R\",Check sum is ^
test,"5v.QYWjG'`,M#%1>BYD(<cuX%x@`}qLBT%:",Check sum is A
test,",1:I){r/%@q",Check sum is [
test,\\t*,Check sum is 6
test,XkcU?j!#6x,Check sum is 6
test,")Z|0sjH^.&]9$B34oUx6,),(V4X2y%oFNB",Check sum is [
test,CF,Check sum is )
test,.=u&ff+3dQ[T|4QHC\`sDJA.fs?m4Eb$-l37_SL;c]M,Check sum is 9
test,"z'WUdM\0f ONdV-[*;Q;kc7*ci?)D^
UsTs8",Check sum is V
test,"%2Rc(a,ck}}y3EhS8I3.\.2[+#6VD9=oy1V8a",Check sum is *
test,l}91;bn=Ba/JKf0n5PL0WQ06:q8vs^DEA@X23V0s,Check sum is _
test,"k*_r.\p!O2D1u:8CU0|GfCm[Qr!#"",Nz>}((hhyA""8r]",Check sum is U
test,"
HlbHH\HoyRR8Uq0Lhjjw}	`uAl>44]_+
5.r>$/l&B
Y",Check sum is )
test,cL`swLl,Check sum is Q
test,]qy:kvcs3b+r=Avl_kfQ7^\/$,Check sum is /
test,C02m^JlIaMJ5'~4oE!G,Check sum is 1
test,"4>^,z",Check sum is V
test,"{&ejN'pHx+}Ol""tm,g(SyZZo(1btV{P1w	GYj%>VIKhk'l",Check sum is C
test," oW}]D[r#APn1""m]`^i:	CDVP|kc>g56r<`W=8x",Check sum is 3
test,;}U[Cesa`DJqJ<rs,Check sum is N
test,"e}bA/5
nl]D+ guz",Check sum is /
test,"eRc,,Hswj
f6fL-:$I-j3y}8`d%0Uml",Check sum is Y
test,A|avK,Check sum is ?
test,/T!DT7%=O\aps,Check sum is $
test,IoV)k6otd8n]d5],Check sum is 8
test,/;S?DbpX>Q=dTj,Check sum is 8
test,M#4,Check sum is D
test,]:E#Ti ?.(r}WS4Xd\3UL*@gps6E0~&Ua!=B,Check sum is #
test,-&AzOWsXR>@	X/8	@<;fz#HH,Check sum is J
test,I@x#'7l\gU/56Vw'$;i>,Check sum is :
test,"l_VX`Ok#dk~A
HYVN%fX1p$:N?0j!(:",Check sum is ?
test,R;NhN{k]kp,Check sum is O
test,"N.?V% VKH74W%ID,~[v<cP}1&7(+zZ$B&qk7[I,2TX/Iq.",Check sum is S
test,L|\j;a@07=Qk1\Vgi2U}W|9.,Check sum is [
test,")|1W$8*A
FqWzFz~%O",Check sum is X
test,"M_b""""!r:C+,~7\v>*8bryf\y Ndl(",Check sum is .
test,"'|&^f\!KC1=""`&7&j'K Q2D\mUU;T&UE5",Check sum is %
test,f!Sc	}@$?P#CRbN!Z`=Z}A%@+u<M[V8q*WB2h[cW\DBrZ^:',Check sum is 5
test,">|]=7EfNgU/tmm,xhWk{uPHZBPG|","Check sum is """
test,"mQXLsW#	f+&L4)UspVaHN*P}}!_4Mb=Q@,lh ?",Check sum is !
test,",&w<y8q9R{]89~A}9AF,U h?hIf/",Check sum is %
test,"S,}:",Check sum is V
test,N=<^{RL2))c_$J%kL]G]g,Check sum is V
test,"/!^diSIADOy
aH4-|u$9I h4]25*YzL",Check sum is 8
test,"epI Q
&M
&6a9]j^;^@
x)$?7us5e?5-2l6(798i!=g]N",Check sum is O
test,ICZI/8a++wV\Yy%Bpn@[I7o,Check sum is 7
test,iOH5PZ=L,Check sum is H
test,h>$/l:R]u!y,Check sum is =
test,"9eR(skCy?,u]7|Q1]zR@!dI1$kU
]t,2G?6Y2\;A",Check sum is (
test,@V7b-U|5Q#8uyB6e8E,Check sum is 6
test,F0;Yvc		,Check sum is U
test, wv,Check sum is -
test,"X3x4c.Ej>R""dyU\IAEFLVs9g^.*@1_Nd",Check sum is Y
test,h*Jnd16c9d6(!cH8_	,Check sum is ?
test,OFO0t}Bay9n~1Nsi;V!kB6p	6o:~25<)hE(z4.S,Check sum is <
test,"UpBiFFyDG""sDjm6?no{Um""b%zQ7\A c",Check sum is *
test,"{,L9&xcXF.;eB\TH[7HGOP",Check sum is 3
test,)|iT26vBX:,Check sum is 4
test,lY2.%DBEP4aj+6{xf&ZOs6Z+Bp;lb`w\H.z&fZ}W.|i<At,Check sum is W
test,FijYvgB,Check sum is 1
test,"8Cf
JvL^B,#$I2",Check sum is %
test,"Hd:[Li.j_h-+%d~r|$}xS\,&*igyh]AQ/2b*8l,@T0]",Check sum is D
test,"F[[XM/}!:#38AHDXUe$\OL.|.^VGt_S$;dvAq-5x12~_>D[,bS",Check sum is L
test,Cr!`GzNi6bq	,Check sum is  
test,pn(p~I~A*@0Y@hf)L-Z/ofZ6SXXMK/i<=wH(6&,Check sum is \
test,tk*&RWa!%D	`1,Check sum is =
test,"_u?+%z.	{9]@o~!j4MF.il:;0 oGH:,-QuVa$2
_
B",Check sum is %
test,lb~NGCOtxWg=2?DV}B52eg$uSOUwW~<vv>4FgLpRgg=X]?;,"Check sum is """
test,xFzm6n=<$>Q}tT,Check sum is Z
test,hT}]R9T1ko'{6j.9#iJ%l%/p^h6XSzvUux3t,Check sum is 4
test,"(,
5 (F5_,4_+FOQcI.qh#yqR!	Su{6vo)X^u|O!B5$nfC",Check sum is 1
test,"""1LHC%$%'&uM!u!^UR05I|YDX(",Check sum is J
test,	kIo`YSOJVSJ50+vL,Check sum is 6
test,"/_gU}a-h{GNZd%SI!}q=m(1
9DzW]P7-",Check sum is '
test,"
lJS>lHobDK#m.p:|.7Y	C,*?	ah{D L5}m1h1hrj[
",Check sum is W
test,"w^,+T]9?l",Check sum is !
test,"7qd*J""g1x?Z<*_o$Ao#sth0e",Check sum is :
test,"gc%.mt'+q)#u6u,#O8^:#&B>=36<:qMgP}:@.9pf)y;6{tv6",Check sum is 7
test,"FPLFrg/;<OS
Va1^*J%=v1jBpv",Check sum is H
test,"xV|!V%5yTC8UU>c@ai/ob.D""""-s+>U^=$Vv(Iw\(kWKR",Check sum is B
test,xZcio69uBC$_'PlTer5LA|pQ6gB8Mwlp'	{:*bvP,Check sum is T
test,"IO(XwrWr#T|8p{IcbMd8w`Lx,+?ttTL{pL=~Q3W%i;{",Check sum is A
test,U=^lMvJd`U,"Check sum is """
test,xrx*2M;^3>ns%Orzn ,Check sum is D
test,"N"",OI$""M*8)]hM",Check sum is D
test,"i KWt0?oFnCQ1Q@,d",Check sum is 7
test,"e{&F:jKC{C&rt`_:`d
MHO7U;E$",Check sum is C
test,"B];=B+Q/~8lzz6w'Tc=igBJbrq,^s",Check sum is  
test,+<Z5s@|(;vfxd5Dd[NB[K~(#r9YK(+1T*,Check sum is (
test,"sv[Z6+5,8I|GPQT.3dzhOa&Rg=rJ>iUnUQnwNtLxN.
'Y",Check sum is )
test,"4(gY,<&vncGm!7v'lkIT",Check sum is .
test,e[Qm~$]8W,"Check sum is ,"
test,lNp=k.Q'	;&U,Check sum is W
test,jb	DVLVH7h}-NO?G,Check sum is %
test,"d>xGg@\:,UM}(pS|c/3m?%dT#TK",Check sum is @
test,"
]Vm~R^)0ALNwCX\ v3/g0@\pHl`;;+46#",Check sum is 7
test,\a+5b;#pDg=i7v,Check sum is +
test,""" B946c71dFXCcKJdY.HfF9[zI9<EG]
d1x,J&bc<Z,F4#w4GG",Check sum is 3
test,TMqBzQ3\k10xxbC._Gp~S&t|=\7W_{=8ZT{3:6I,Check sum is %
test,(o$7{m,Check sum is :
test,[i&},Check sum is G
test,23t`',Check sum is @
test,"4!Q^gCPEcl""M>EAyH-?V{pd(Y7!YOVdc[n|j:EG~m",Check sum is 5
test,"7..m""{A)?|I_F7o{",Check sum is 1
test,"1#LKOisG}D[`""6b(=UB*
@$GdUU<,WN~2w%CKtC",Check sum is :
test,O2k2[@	\`JO-]@wHP~Y6L/EQCaf\sj	L_0,Check sum is U
test,6|32e5lA3ipyQHV,Check sum is 2
test,OA}!#_L01#Y;'o?czK1w0T\[UKlfU):C2-`l,"Check sum is ,"
test,"/Yp^[~~ea_n>q!P^Ye sio?4],P6CAA)OWVrTJ8L-f*FxNX.s",Check sum is I
test,@X!j(`,Check sum is K
test,"BI,f;_)ZcfPDF7&M",Check sum is '
test,"/B6""A?F$z(|oBaSig:=l}RLAjA,jbj9#XN@jj""'97A!o!.,}",Check sum is J
test,"6ofa&9rG
*{#w|HO61]",Check sum is D
test,YSt *FlDJ-xhuE71'UdO;FW,Check sum is @
test,]p}Se/2}jaN,Check sum is Y
test,"4vH<zi<,Z_~9~tIIc/ mH]!^<FfRbu4J",Check sum is _
test,6>L/E[isRW~GvD4pRNg|gq-5M$9p}fMJ(}~>,Check sum is I
test,F.C2GZ-R7 !@#]'a|FM,Check sum is 8
test,~D+4L3.dmxJc#OlCN'e$Bvd9Tz,Check sum is &
test,"+H|w:+`(<TD{Rr}9p`4/{\
R%?L_\Y""",Check sum is H
test,2#t,Check sum is )
test,[`Uhe)~_T	1._brinosnzRuEq%_ZP#0g8o5S2f%[#gJ~:2]a,Check sum is ;
test,"7&ISz)
@oH7+phj`evF1=c[Nta~?i|?D{N2hfw.R]G>iT4B",Check sum is +
test,H%,Check sum is M
test,y<N!b 1qat,Check sum is =
test,jqH8;|=4dQmpE,Check sum is :
test,"6.{/M9&*<k1('_k0=hRNc?j:rA9/A+w
	;wUcog	(?-J""=#",Check sum is *
test,"0r>I>
|(<""	Y/*C\=;Jg\'ff-;z`",Check sum is '
test,"G#,T'Ra
t5J.;&3GXZ'8",Check sum is ;
test,}2f![ /=gjzXONR-#Ev&o3p);]^<G`lCPQqXP!;vk{+m~Ok,Check sum is E
test,":aSrI[""BiQG{aT/%u",Check sum is B
test,"6/r2|""?'6Rf!O",Check sum is K
test,"\'(a5/Y('Zhj/OS/&.WfC_\@,G N8]Xl3Y+fn4?+",Check sum is V
test,"b
#!R>;SfelIX^3}9ybQABQ;L^`(XH{	n	AN$+""O6!G)L<Gq<",Check sum is '
test,"d2xP:P<;KM}LcyZB]3Y~,d>%Yy1OQRQ)(q",Check sum is :
test,"'2SutRG2y""`)R(Z",Check sum is 8
test,"8]a
AjX#2%}=8s#$4xLy:GjMgeP`aotAP",Check sum is C
test,"zp*hk2""Nqm",Check sum is G
test,P(Vw3CZ1I8	#,Check sum is S
test,"FkdAC^!PI=3>/+""J$.WhvF*`/]C-uX&:ih1H	_yCEizA`PKHa",Check sum is @
test,"j6d\.
H-ur/B3ihm*_	$?}Tj(zq
q5	CQd#",Check sum is M
test,@rgN0UH1g9|'>0^qD12h\4hT0~fgA+j,Check sum is 1
test,B},Check sum is _
test,+A60&z_pq$#CbkazfFEfCKGq,Check sum is !
test,"o,$wU>",Check sum is )
test,#`!/:f,Check sum is S
test,"|n,l9~!x}=}MBqsW%p^24a8&TJI;~tcx\][;l	-c|>0^45{`j",Check sum is D
test,"@!zL^5
Hnzm/j(>""JKD""IM",Check sum is 3
test,};ptL i+/lh2s Q,Check sum is U
test,"\'#OJKV2O3vSu[u7No #jBbPu8VR=8Adn,1af(
$0v1@.",Check sum is 3
test,"+`lcMR{Vdj21c9/,CnC!d(y.2D -?CF.c""&4fR']?Y~uw",Check sum is 0
test,	!(Hp44jfGBMmiGSU/,"Check sum is ,"
test,K		42m;&\l4zb,Check sum is I
test,"e%a}~pMD&JC(!`#-qvZ0$]<P`v<u9jW?4q~pl
3DB-UCe:",Check sum is W
test,"$?LF""uXT
;Yq1xa>]Jp;+n/v'w A-SU.|ve(l{<q!%V![","Check sum is ,"
test,"W*2|;	l\%K=17NQxS$a\j3W4OK.&W ~dUZ3A!t^]
'*?YG&1H",Check sum is 6
test,"f<r+|nzr7@l|U}D_\O,IZ\H}-I*B oXWo>xT?",Check sum is <
test,"G7ILS""l""tH~:(}&%Qce[
uc,QMFP!:$\%RGAAUSq|D)i$x-",Check sum is _
test,"{?'C""&>:\.V,(X<",Check sum is L
test,"]kdS`=~&iMMw9J^5m(iLNZ9zheC,",Check sum is Q
test,P2L{Vm,"Check sum is ,"
test,">IJ_/Q6	is){[rx
L\nZ",Check sum is N
test,_./L?6k25G^+y3*Ke	7 Q->)X,"Check sum is """
test,2Hs$	jwUT$Q;T~Kb2[3Vi\M^}=a@.}kU(\$(H)S9f+G9h,Check sum is E
test,"Y`Co\WS;Mj	l#(K0]|
Y_v}-Ul\/uf",Check sum is  
test,+%i[R#\`&= 7)Hn[71a,"Check sum is """
test,"Sl,cUcw'ugfXsr9f&nN5W5k`$mEi}NqIj'V{\.te=ig)3Bexx",Check sum is Y
test,E<JIf*z6unwo[/uNbVZd[$#e$z,Check sum is %
test,Bf{J^,Check sum is +
test,"W'8v]Z@YtwXP'K*/+U;
==<Pt2BhxQXbH,iQ1>2]'H",Check sum is 3
test,`(jk,Check sum is =
test,j*aflr1y81gy=y,Check sum is B
test,JNp\~{4	Yi4~e[!'7b,Check sum is O
test,"o(!H#'|c'f{_ulw1*dz,J&.,5bpy",Check sum is 7
test,"{gC;8!s<Y^=
PmWcPG1 + &7/UZa7kvn2sBK<cxET.7qgRF",Check sum is I
test,"~6n|=	@I44bleP$-E""YoFnHI=r-9NO`ofE'E#D^""=_x'*S=]""",Check sum is 0
test,yr7:,Check sum is <
test,[?/S9\9(e<@UwU&{,Check sum is U
test,6u6@29'p[n%53G k6#Vdf#4t#&ozYwr_,Check sum is B
test,"xGAp!'@%-g1tsg
w;85%y|8Spt*:0)]3+8t7%ueK",Check sum is '
test,",%b-L",Check sum is L
test,"djX:ng},
""gZV",Check sum is A
test,"8_dmI'&
MLfvQ
.*	+Rw-",Check sum is :
test,WVYN2*!=Qx<@ ^AP`]pO}H,Check sum is C
test,"QRRZ)	x206,p53TyhP;TU{/joT,?4~(n]*K^,",Check sum is D
test,"0G+vA5UNcK tcuC93Dvn	+Y6l,mIkKC:Q'_tZ",Check sum is +
test,B7q1CTfEe,"Check sum is """
test,",	|^V,J`q\Xu4{>D$Eu>`[$f}",Check sum is D
test,"5JC6HA2cw1@I}i]wM8CP9,>dTZ('",Check sum is =
test,"M5mHO<;Qo,>Va!tX@v'/1",Check sum is (
test,"YX=)f*cV/$x#6rLj9h<!7iJQ1KX 3'e/
dJ)	=C8""rmgv=D{'l",Check sum is 6
test,T%Mq+0`~18Hxf{v+q%YQ<^0,Check sum is E
test,~LT!A:9L&@=,Check sum is B
test,`UazrtWFRoRsoP=K,Check sum is @
test,C2=KF{sH&iCAy/Jr(MB09 d?,Check sum is 3
test,<3q%4LAuu- PB9BH-K@X69C'fK',Check sum is 3
test,}yZNFN8DI^o&a9xr|jy~&(f8c5,Check sum is /
test,"3:S(-$.%
_xjuW7\39QbyWKQ<0",Check sum is M
test,N@wI=Z$Lm ~rk\*xOO'#w79i-~x4]a,Check sum is (
test,;qm]y|L&73g,Check sum is N
test,"AMa,cLzBWwB$lFEQY5!%D )?.y_Gq{^I{N$k5R5R	",Check sum is Q
test,"+)h=M_Hg'nF|\+Zx 6:'H$1	22&
2UJ^ex9Y;.$MsJLHM!AU","Check sum is """
test,"W!,1VA%3j1si%UG4Xcg?QO2~&q<)?",Check sum is <
test,".SD[9=CL]j%""#!/x&9}[:.&VK[37D52|&U0*I_fT[U",Check sum is 7
test,"?!V4!9R@Y""3Z",Check sum is >
test,"N5#,0;g969kOKu+[S+lC&",Check sum is ?
test,"nHa:z6Uz(3-v-\J-`z\}`[MP(.O$L@/*.)$M^3y,F*fwuC,.!,",Check sum is Q
test,WSI0>?g)m[pWU%h hKT//GATQ~YD5moEw'9o_9Yj,Check sum is E
test,"=n9[MN(FHWNRAHeOq .""5[=U8f&>M!XfM","Check sum is """
test,XedQKkRE|p ?|s|#k%=evsKY3>Ay/&6o'jf^uO9lewJF,Check sum is F
test,G*}cO#09*=2I,Check sum is .
test,",)P2\t!nI fYd\nvm(t,x*G)pqfMUWQ'<hK^+N=,6B{
u7",Check sum is 9
test,"sQTs)=,]#@1k001SFC",Check sum is F
test,3a0;J@hg~~EOm-$.{MWR-iUO](Mq~Gw,Check sum is ^
test," ~{jRzmz8BcCb5POY""a)>(ep3a8dwN""#",Check sum is &
test,"4FV(\cZuyy:EIiZPvRkbXE	QK~uvCo""A#8nLe~#DV>vD9""HiC-",Check sum is 1
test,'bi->Tctx#RK]7tgBNJ&T,Check sum is #
test,"U\7q,ET~r5RcnYn;[I)gYLsS,^NML3w\Mwb.`:}|",Check sum is E
test,3)%SisaO:Fa	6X|0^Jd1d0+T{,Check sum is /
test,v`}{6{8pC0({]84(2=mkxk6QDtE?)k+d|ru%C </^,Check sum is R
test,"%d0/ey|x	n$>Z(@]b]HJ|XFz\E(<}ZIt,w",Check sum is 3
test,"L]&
<JyseRC2~GDDj
<E5GW5",Check sum is !
test,"anNtVmeiBe^/qPUr,ExpE2M{j",Check sum is @
test,"	>+]7YIRnYGkl}#MO.ET
IJ.Z)Y`P8sMf*RE4","Check sum is ,"
test,kRJt' o(F@D{+mUw,"Check sum is """
test,"'e/D@]dSqbl`(=jG>=sb@xls>u%HUcse;g]1x,ara|uTVF#O",Check sum is Z
test,"uR)[v t0R;,'vV~$|Bu3L]idAa4GuQpf",Check sum is H
test,"6`M0d}e@o#\,&gaQnx<
",Check sum is >
test,"
w*s6&\?`z#5z;^EbMXrrz&DC g+""Jh`!r{'MEq#0rc7:",Check sum is H
test,AB4,Check sum is W
test,+6A*$gJb,Check sum is #
test,qoJNq`~uv~3Ozot~*oxEg+,Check sum is U
test, 1$<Q!zUwfWy!&u?f`qyAjGjl9[9< @ ^b7gt.,Check sum is ;
test,Z8l0|Zav9)}3aA;C%w.|N>MK_xP[|Id.Wch^{hM<!H%KVVU=u%,Check sum is M
test,V `#4KC[#>O@%;;XUnHAH)CK:D}|,Check sum is [
test,",0Sb{mt+!=W]>W@| w9}]t?9G'	%l>gaP(	""~l""LIj%}$V",Check sum is I
test,o 7\o]~&3cIJUi|uI{wEwnh!0a#uneWpExMv?,Check sum is :
test,"o0in]aG:DpD8&|5>A7""$5o*,Jr""hcrrwSQZyrW8a^t&]b0+}",Check sum is >
test,"nT/+-O,pVhMi(W",Check sum is G
test,"1B17lXXhyJt@hw|4!hc*G""\}k44#.3qe,;",Check sum is 1
test,~KbZ XcrlUD`7#m=,Check sum is [
test,";PMI.KO)FHXF*QyuG9u?i 
tHCu^)mkw*4",Check sum is 6
test,t*yZ4%/DA'8R#7J,Check sum is 3
test,"u$a;{[YBc\z	p:D6.Ych5V9>rD$Ed9""4#G$@29+Id*e",Check sum is 2
test,"""]],dkFO	rJeP7V}?2sq
3GAEG8{_gi=9",Check sum is N
test,";2'00W96ePfP*""3",Check sum is D
test,"*""MgVN,>;hdq\S$
",Check sum is C
test,",;p",Check sum is 7
test,c%/;zFuA2nw~HG~ o,Check sum is 9
test,Qa]lt'~W`c}\?4j&b}!	;!=b`%`<A_E*P:>,Check sum is &
test,"TUd)tT"":A}(SdlHwqkm",Check sum is K
test,\fW?2Uz\x+'uOUiLUVNo~]m`p/2(&Sf+e3^,Check sum is 6
test,U0q@0C3z?yq3x	E!<54!p,Check sum is /
test,"j`6kc{:x?,0ZUL_0y"">\TorQ! ~1Z?b00\<fk8",Check sum is '
test,"A\u#'`R|6?jg!]f%:7bRGh""Q;~{0?eeTI0OFB<x.Ily=tk",Check sum is =
test,^=}PrYXXDN=y=m`x,Check sum is M
test,^)r6(e12Lku,Check sum is +
test,`LVbR,Check sum is V
test,",we",Check sum is (
test,"alBv>B7gXp5|K6l=@K!o
ZzUae",Check sum is :
test,"1wV!	D=3KN""?yj3Y",Check sum is %
test,"M	aK],3 R'/TMh
 %jtk+-",Check sum is _
test,"oW$ptR=wb2\rf_	,#
U'	c35Gm;(\!FAC`d",Check sum is /
test,*vC4,Check sum is 7
test,j8B=8e}OH)<z,Check sum is Q
test,"0JP1![@w|J<IQY
cA^>,
7L>vwRVvu`Glb!GM@UdCn$]^&n}",Check sum is H
test,EKJeh6uhy}pQ/!9@rkGI`L(TI,Check sum is 8
test,I{>*,Check sum is L
test,gkw,Check sum is )
test,"e\c""tIJfv.eK'. ]=WpQ
eg&oeYkm#ZE.R""H(%'q>Z",Check sum is 8
test,":ra+?9
G{pS>Vf?#ZV(EGAJ:",Check sum is $
test," FNmj8x7L9.]+!N,3
~~hiG,WvX`Rf^+f)V3",Check sum is C
test,"C$O ;{hq]0Ez3
<3 '|g",Check sum is '
test,"pIJ""V+\ZgXv|Dc-;
<L>:\0%6lk:S[G/UDOM,\d",Check sum is C
test,"Zz(OzXsU	/.dd<aET+eb?+KJK,!./Cc;",Check sum is 0
test,ZuU#'_}5lTc%oJk	ykw6ttg@}Y4t<qnji4o,Check sum is C
