set,input1,output1
train,,Check sum is  
train,	,Check sum is )
train,"
",Check sum is *
train,"B
","Check sum is ,"
train,"

",Check sum is 4
train,"

















































",Check sum is T
train,                                                  ,Check sum is  
train,ssssssssssssssssssssssssssssssssssssssssssssssssss,Check sum is V
train,"CD
CD
CD
CD
CD
CD
CD
CD
CD
CD
CD
CD
CD
CD
CD
CD
CD",Check sum is 7
train,"x
y x
y x
y x
y x
y x
y x
y x
y x
y x
y x
y x
y x
",Check sum is &
train," 
 
 
 
 
 
 
 
 
 
 
 
 
 
 
 
 
 
 
 
 
 
 
 
 
",Check sum is :
train, ,Check sum is @
train,!,Check sum is A
train,"""",Check sum is B
train,#,Check sum is C
train,$,Check sum is D
train,%,Check sum is E
train,&,Check sum is F
train,',Check sum is G
train,(,Check sum is H
train,),Check sum is I
train,*,Check sum is J
train,+,Check sum is K
train,",",Check sum is L
train,-,Check sum is M
train,.,Check sum is N
train,/,Check sum is O
train,0,Check sum is P
train,1,Check sum is Q
train,2,Check sum is R
train,3,Check sum is S
train,4,Check sum is T
train,5,Check sum is U
train,6,Check sum is V
train,7,Check sum is W
train,8,Check sum is X
train,9,Check sum is Y
train,:,Check sum is Z
train,;,Check sum is [
train,<,Check sum is \
train,=,Check sum is ]
train,>,Check sum is ^
train,?,Check sum is _
train,@,Check sum is  
train,A,Check sum is !
train,B,"Check sum is """
train,C,Check sum is #
train,D,Check sum is $
train,E,Check sum is %
train,F,Check sum is &
train,G,Check sum is '
train,H,Check sum is (
train,I,Check sum is )
train,J,Check sum is *
train,K,Check sum is +
train,L,"Check sum is ,"
train,M,Check sum is -
train,N,Check sum is .
train,O,Check sum is /
train,P,Check sum is 0
train,Q,Check sum is 1
train,R,Check sum is 2
train,S,Check sum is 3
train,T,Check sum is 4
train,U,Check sum is 5
train,V,Check sum is 6
train,W,Check sum is 7
train,X,Check sum is 8
train,Y,Check sum is 9
train,Z,Check sum is :
train,[,Check sum is ;
train,\,Check sum is <
train,],Check sum is =
train,^,Check sum is >
train,_,Check sum is ?
train,`,Check sum is @
train,a,Check sum is A
train,b,Check sum is B
train,c,Check sum is C
train,d,Check sum is D
train,e,Check sum is E
train,f,Check sum is F
train,g,Check sum is G
train,h,Check sum is H
train,i,Check sum is I
train,j,Check sum is J
train,k,Check sum is K
train,l,Check sum is L
train,m,Check sum is M
train,n,Check sum is N
train,o,Check sum is O
train,p,Check sum is P
train,q,Check sum is Q
train,r,Check sum is R
train,s,Check sum is S
train,t,Check sum is T
train,u,Check sum is U
train,v,Check sum is V
train,w,Check sum is W
train,x,Check sum is X
train,y,Check sum is Y
train,z,Check sum is Z
train,{,Check sum is [
train,|,Check sum is \
train,},Check sum is ]
train,~,Check sum is ^
train,	Y,Check sum is B
train,BL,Check sum is .
train,mR,Check sum is _
train,1Y,Check sum is *
train,sV,Check sum is )
train,iM,Check sum is V
train,Lc,Check sum is O
train,$6,Check sum is :
train,~d,Check sum is B
train,3w,Check sum is J
train,=J,Check sum is '
train,-),Check sum is 6
train,t',Check sum is ;
train,v`,Check sum is 6
train,_.,Check sum is -
train,Q|,Check sum is -
train,==,Check sum is Z
train,;y,Check sum is T
train,R^,Check sum is P
train,kS,Check sum is ^
train,g<,Check sum is C
train,$d,Check sum is (
train,>\,Check sum is :
train,Ed,Check sum is I
train,V),Check sum is _
train,2<,Check sum is N
train,oS,"Check sum is """
train,D;,Check sum is _
train,W8,Check sum is /
train,Cr,Check sum is U
train,:A,Check sum is [
train,VN,Check sum is D
train,"
6",Check sum is  
train,mu,Check sum is B
train,DJ,Check sum is .
train,IW,Check sum is @
train,}c,Check sum is @
train,M+,Check sum is X
train,T(,Check sum is \
train,cJ,Check sum is M
train,h	,Check sum is Q
train,ND,Check sum is 2
train,d[,Check sum is _
train,a(,Check sum is )
train,"
m",Check sum is W
train,H(,Check sum is P
train,4k,Check sum is ?
train,.3,Check sum is A
train,gh,Check sum is /
train,]6,Check sum is 3
train,~Y,Check sum is 7
train,??,Check sum is ^
train,`L,Check sum is L
train,9@,Check sum is Y
train,Q ,Check sum is Q
train,T:x,Check sum is &
train,( #,Check sum is K
train,SK(,Check sum is &
train,1tg,"Check sum is ,"
train,"
H=",Check sum is /
train,#SL,"Check sum is """
train,W$i,Check sum is D
train,"3""<",Check sum is 1
train,J*4,Check sum is H
train,7OQ,Check sum is 7
train,pcs,Check sum is &
train,TZ ,Check sum is .
train,_;c,Check sum is ]
train,CH3,Check sum is ^
train,qf1,Check sum is (
train,/AS,Check sum is #
train,s(v,Check sum is 1
train,CbL,Check sum is Q
train,$D0,Check sum is 8
train,N~l,Check sum is X
train,]0F,Check sum is 3
train,]_U,Check sum is 1
train,BI<,Check sum is '
train,|nO,Check sum is Y
train,k-L,Check sum is D
train,|H),Check sum is M
train,>?`,Check sum is =
train,y'+,Check sum is +
train,9[^,Check sum is R
train,IPy,Check sum is 2
train,AkU,Check sum is !
train,5(|,Check sum is 9
train,{ov,Check sum is @
train,h_5,Check sum is \
train,rfW,Check sum is O
train,iFl,Check sum is ;
train,N'M,"Check sum is """
train,$KM,Check sum is \
train,z?z,Check sum is S
train,W_=,Check sum is S
train,)rM,Check sum is H
train,+=\,Check sum is $
train,Nw$,Check sum is I
train,4]h,Check sum is Y
train,8ei,Check sum is &
train,`*	,Check sum is 3
train,.72,Check sum is 7
train,[jj,Check sum is O
train,VH\,Check sum is Z
train,]$x,Check sum is Y
train,tqgQcD,Check sum is $
train,"(J#=UM-2ehBUXo#?<'YN&8edbzca2u
-",Check sum is /
train,"a$\ j*1UDw;95D""<l@",Check sum is -
train,"Y7	C""~_'9G	jj)OYSe$\xqUK^wIPn",Check sum is -
train,/~2V!Psn=yePe:?rk>Cy;d*mZbJH[(yMG,Check sum is [
train,"
w(w}!s@]4I\dWXu
Y;}HV2qJXM~1P>+H~By""[+t~G*_""a_Do",Check sum is B
train,"oqj|b<048OaJX?;R3M}U
~sGeO&	+0-N>cwXH#(R",Check sum is  
train,M	4P2AleV>c'OSgeGn}M2L7s{sJM51HC*>&,Check sum is 5
train,"RF(jJgf	XI>p	+horM@m]}QNXs.'F ,ahhn@SQ,$a'H",Check sum is >
train,".cg_U[NdO-jp~W_ybM\ uY).b]05h,Di)""{w",Check sum is N
train,"M r	`mW :1g!x3lk`2=<+5@t_jyCs&	f{\%C""Pb3",Check sum is 3
train,QmD@-IE*6czH,"Check sum is """
train,g)( k@P+'I{xes5C:W{dCSL>j{nie,Check sum is B
train,i!tDw>`B0Mlw	^!^	8&Iy9SDyTF,Check sum is K
train,"
-k6>lF4S4sASa2e'fcC\C[w; FRx4A=)u\R|di	|%
","Check sum is ,"
train,"*IaXDk}gKH5_@,+P_Yb8N5N^!$N|iE3h`$Wa$]jU""2",Check sum is V
train,"'l;
g.w`Z6%S$.nh`Y|I}",Check sum is O
train,"}M""zc]nsv(WDr%S&}(_/_` 8IJ!8y%[Te{OEe5",Check sum is A
train,"?}:c=1Nqi~.""
Lv\n=l#2O52U:8	7?Z$|.dI1&F&=rvd=I~",Check sum is R
train,"_RR%H=]bd!*V [Xm4(XVFsj6V?g&K6'u.*vPuplr3C4o,",Check sum is Y
train,G&.]]x*qwxn,Check sum is %
train,"opES<;e""Q)w&HWov{RSm^sHSgC7lQ-:iLD\B1",Check sum is 6
train,TSWl0k4btV+QR4[D))Fds~HsW{6;*[}T}7!A@~X]X~a(^^,Check sum is K
train,"YN~<0B4_>fi|7""[V2y",Check sum is D
train,OUkO-oASMS,Check sum is N
train,Bb[I&z`9~}mirG_.jc5wpVD#uUGNgP{g,Check sum is V
train,M/Z'{\)S*ZWlIJX'Lkt	2JR,Check sum is K
train,"Q'_L^1?xj|BNF'j""*u>?",Check sum is T
train,"*bWGy\(71.wi[MRAh>X/[+DsrjwZ
K[0CYhe3>:d[",Check sum is B
train,"]k%@#D""}",Check sum is S
train,"gz!pp3UUK0Y?I.et(C9Wdc5e:3	a""Bz]^-;-sC-2\!FBj`\QpL",Check sum is 0
train,7C,Check sum is Z
train,"pvlil&tat/D~p."")C1!v9 r,SO'1e$7ua","Check sum is """
train,+	AAa%56PG1Z-Qsx>W~uET,Check sum is 3
train,"Y#IH	_j3=p?""a=mglU.",Check sum is !
train,L:W[g=I~9e1,Check sum is R
train,	.^g5j3urYJhM@.<u:T,Check sum is Z
train,"UI/]1eghc}'gVW7krDUFhYB}{`
hg3gNg']qSg/zZB4",Check sum is (
train,")sb]7njmI""V{CyWA
%",Check sum is 6
train,9P>I]	hj\Ei$DS0'609q@~V]Vt/I!$XzUjdptuGTt,Check sum is )
train,lyYD~_iM{*$}_JF?{l!(TL,Check sum is 9
train,9tcFU,Check sum is K
train,}-}~,Check sum is E
train,"A*
N}sfc(E7/%xKcu~cIM&-""</,y_y%2Oj'F*B#?!<C$)O",Check sum is J
train,"HHO1^]5q""pmN(%04cuZit L%RY@
nKy#n_j#",Check sum is S
train,"	#?	Xh4vt.c`rte_v0'4ux_O.=Cg, ",Check sum is J
train,NWl?smPBI:rOg@:H-w]@Ae3NCG,Check sum is A
train,",`01fyF^OxS8YSm^%M]&b('tf$Xw`2<.U""TV;+~EcH1",Check sum is .
train,"AB6=$ Sy10*!9M
iSV&=*N~^FXHm@A(1l!E8FUF{qieo","Check sum is ,"
train,"!`N1""G7%Lt51jB
.!eU1Z^:62{kwQ1[<%:q#)",Check sum is '
train,"sbQ,koS}k*	pt)6,-;@#e )efrj8oV6c~""APnf]",Check sum is A
train,WCoH<>,Check sum is +
train,# 2;#*+md=XmWl~}&WbO'*o^HY~,Check sum is D
train,)*>$$c`H;[-dt>olmY0[:i&d=y\WhPlWLVeCjUWQlki*(%,Check sum is B
train,"Uz!cuF""UHmgdrZ%zPH",Check sum is (
train,"Ix`^s3""x}hA8$X)5<",Check sum is S
train,"!bn5@]-HQ
PZRD4_",Check sum is F
train,"Ky/
-rjBxiwardwVj*4A!GU,L)E`dksX~eXQj`@~mGIdC","Check sum is """
train,Xc'\muG(,Check sum is /
train,D]4Y']	~;-.?J=2A(ypR;11.W{l9eiNQE&U\Zo*bJa\,Check sum is 2
train,_Y!xko#6=jdpXPOR$m'=RF0,Check sum is %
train,"C5Y;t2K5b&OL
ZR,7pgsNUdF8*i{r&*PQs<",Check sum is =
train,"P%4|VJ~`XD3xl5b@[v*U/,ufWd(9!MK?gNSt",Check sum is #
train,([&o^bh@2Fa6hpDx` `%^Iaq1+Q	Nn6Yeq`U%(89a6Kv\*	,Check sum is 2
train,",{Nhp,",Check sum is Y
train,"c~l`?APGXt(""Ur8D)F[ErcL
kZf
<Kb{uy	
b{",Check sum is .
train,"k)hRLN^'BlM$y~ e]$WM`DY*w%Z6W L*mm
^ F3I6lXs]a",Check sum is \
train,!FqU	k7SOu]$,Check sum is P
train,"nlSd!3
\4:
QG)3-a:@+bZ`Z=&(p0#iHb/",Check sum is P
train,">k)8*\8<7KxZH6JPV<4mV\<S9z:wd[
	",Check sum is :
train,V4T0,Check sum is .
train,=(>u@{lHb]#-g`lUo*^Su,Check sum is =
train,"qRW,m;l)\re8"">$k4S	%W]~[|d1Y8n7.C-CYuxE",Check sum is 2
train,{9SEdu#&T,"Check sum is """
train,"JOf""\1d)sN$2eTMw\_Yb$bOfs+
yOu!L~;K",Check sum is 6
train,"""

6?6+JEov8=TbGdH7Yq~W",Check sum is T
train,XrV&9E`9,Check sum is =
train,"W3L/r`}p]""D$<9U-zcJbA>m'tUsQ::[sul7t77OnPQ&",Check sum is +
train,"yRw{OO.uAi<Z}\+6X, G4\yVa,gfOPF!(N4m~R#&XNt",Check sum is L
train,"7C5UJ#xPwHLW5X{>
5&c4loksh4 `/<8=",Check sum is 2
train,mDl5p,"Check sum is """
train,2H;z e4C,Check sum is K
train,->[Ky6	Q 0[7>'I%C=|Gc/{cK+svhz/5_wI#cit,Check sum is I
train,]Cmcc{,Check sum is .
train,|^BM\O	s8(f?L\rNQ>xZ)/[@\sR>ov$;btXL &xC.\GKM&_\,Check sum is Y
train,@(-k|4Z#g	%QcJK>SyXGz%Sspt.GuAq?(M2k,Check sum is J
train,yVmc/E0k<S.tQLK4S<Sq;dhhS!^S3)G=v5,Check sum is M
train,dZ=i10lAzh|uz*z.OJ,Check sum is J
train,T<,Check sum is 0
test,]~,Check sum is ;
test,bu,Check sum is 7
test,W3,Check sum is *
test,{N,Check sum is )
test,O0,Check sum is _
test,#o,Check sum is 2
test,}6,Check sum is S
test,xj,Check sum is B
test,;F,Check sum is !
test,i2,Check sum is ;
test,=8,Check sum is U
test,C`,Check sum is C
test,W),Check sum is  
test,_!,Check sum is  
test,`{,Check sum is ;
test,TZ,Check sum is N
test,1Y,Check sum is *
test,J?,Check sum is )
test,7/,Check sum is F
test,~',Check sum is E
test,d8,Check sum is <
test,[t,Check sum is /
test,"W""",Check sum is Y
test,}!,Check sum is >
test,(h,Check sum is 0
test,$=,Check sum is A
test,	2,Check sum is [
test,^9,Check sum is 7
test,#<,Check sum is ?
test,X-,Check sum is %
test,N~,"Check sum is ,"
test,FF,"Check sum is ,"
test,{$,Check sum is ?
test,1Y,Check sum is *
test,0l,Check sum is <
test,LV,Check sum is B
test,vD,Check sum is Z
test,Ut,Check sum is )
test,@5,Check sum is U
test,tT,Check sum is (
test,d],Check sum is !
test,<[,Check sum is 7
test,v2,Check sum is H
test,=U,Check sum is 2
test,5R,Check sum is '
test,&2,Check sum is 8
test,4',Check sum is ;
test,"
S",Check sum is =
test,Sz,Check sum is -
test,L],Check sum is I
test,25,Check sum is G
test,Kh,Check sum is S
test,+T,Check sum is _
test,=!,Check sum is >
test,WY,Check sum is P
test,t(,Check sum is <
test,uX,Check sum is -
test,ff,"Check sum is ,"
test,Zk,Check sum is %
test,=i,Check sum is F
test,hP,Check sum is X
test,_m,"Check sum is ,"
test,mV,Check sum is #
test,|@,Check sum is \
test,N3,Check sum is !
test,C_,Check sum is B
test,gY,Check sum is  
test,39,Check sum is L
test,P?,Check sum is /
test,y<,Check sum is U
test,?.,Check sum is M
test,!D,Check sum is E
test,#&,Check sum is )
test,U#,Check sum is X
test,;},Check sum is X
test,HB,Check sum is *
test,"""3",Check sum is 5
test,p[,Check sum is +
test,0:,Check sum is J
test,ZU,Check sum is O
test,)p,Check sum is 9
test,Ff,Check sum is L
test,9B,Check sum is [
test,yt,Check sum is M
test,Q),Check sum is Z
test,/E,Check sum is T
test,<q,Check sum is M
test,Bp,Check sum is R
test,lH,Check sum is T
test,Oq,Check sum is  
test,V|,Check sum is 2
test,oV,Check sum is %
test,oj,Check sum is 9
test,KY,Check sum is D
test,s!,Check sum is 4
test,U8,Check sum is -
test,1r,Check sum is C
test,Wp,Check sum is '
test,Bn,Check sum is P
test,Rb,Check sum is T
test,Z>,Check sum is 8
test,%U,Check sum is Z
test,92,Check sum is K
test,im,Check sum is 6
test,z*,Check sum is D
test,/D,Check sum is S
test,b?,Check sum is A
test,<o,Check sum is K
test,$k,Check sum is /
test,D[,Check sum is ?
test,M],Check sum is J
test,j=,Check sum is G
test,/~,Check sum is M
test,06,Check sum is F
test,xr,Check sum is J
test,Kt,Check sum is _
test,LF,Check sum is 2
test,9(,Check sum is A
test,O=,"Check sum is ,"
test,Kk,Check sum is V
test,>^,Check sum is <
test,N8,Check sum is &
test,]7,Check sum is 4
test,$.,Check sum is 2
test,bc,Check sum is %
test,kT,Check sum is _
test,+.,Check sum is 9
test,"
&",Check sum is P
test,'],Check sum is $
test, S,Check sum is S
test,L!,Check sum is M
test,.8,Check sum is F
test,W4,Check sum is +
test,Hf,Check sum is N
test,;j,Check sum is E
test,V ,Check sum is V
test,H),Check sum is Q
test,5a,Check sum is 6
test,#K,Check sum is N
test,`	,Check sum is I
test,1o,Check sum is @
test,?\,Check sum is ;
test,|l,Check sum is H
test,Bn,Check sum is P
test,aV,Check sum is W
test,n6,Check sum is D
test,eI,Check sum is N
test,6J,Check sum is  
test,"+
",Check sum is U
test,@i,Check sum is I
test,HJ,Check sum is 2
test,>b,Check sum is @
test,Nd,Check sum is R
test,a-,Check sum is .
test,`_,Check sum is _
test,D},Check sum is !
test,{q,Check sum is L
test,"C""",Check sum is E
test,f|,Check sum is B
test,54,Check sum is I
test,	m,Check sum is V
test,W$,Check sum is [
test,a:,Check sum is ;
test,<r,Check sum is N
test,k1,Check sum is <
test,[],Check sum is X
test,W0,Check sum is '
test,bH,Check sum is J
test,>%,Check sum is C
test,DX,Check sum is <
test,q^,Check sum is /
test,XK,Check sum is C
test,`],Check sum is ]
test,	H,Check sum is 1
test,l=,Check sum is I
test,.4,Check sum is B
test,K^,Check sum is I
test,0#,Check sum is 3
test,bw,Check sum is 9
test,-6,Check sum is C
test,wC,Check sum is Z
test,!],Check sum is ^
test,1Q,"Check sum is """
test,2l,Check sum is >
test,NB,Check sum is 0
test,T;,Check sum is /
test,E3,Check sum is X
test,7F,Check sum is ]
test,SQ,Check sum is D
test,`/,Check sum is /
test,j{,Check sum is E
test,nq,Check sum is ?
test,|@,Check sum is \
test,"\,",Check sum is (
test,UT,Check sum is I
test,{I,Check sum is $
test,"
f",Check sum is P
test,zk,Check sum is E
test,;j,Check sum is E
test,^T,Check sum is R
test,%},Check sum is B
test,M9,Check sum is &
test,K`,Check sum is K
test,FE,Check sum is +
test,+h,Check sum is 3
test,1+,Check sum is <
test,^\,Check sum is Z
test,9T,Check sum is -
test,B},Check sum is _
test,N5,Check sum is #
test,Ql,Check sum is ]
test,2:,Check sum is L
test,(y,Check sum is A
test, {,Check sum is ;
test,Sz,Check sum is -
test,`w,Check sum is 7
test,[2,Check sum is -
test,I&,Check sum is O
test,{F,Check sum is !
test,5i,Check sum is >
test,le,Check sum is 1
test,~g,Check sum is E
test,:M,Check sum is '
test,wG,Check sum is ^
test,1l,Check sum is =
test,eu,Check sum is :
test,`q,Check sum is 1
test,Tr,Check sum is &
test,z|,Check sum is V
test, O,Check sum is O
test,)9,Check sum is B
test,F/,Check sum is U
test,i{,Check sum is D
test,|.,Check sum is J
test,J-,Check sum is W
test,"	,",Check sum is U
test,	+,Check sum is T
test,gH,Check sum is O
test,sA,Check sum is T
test,nS,Check sum is !
test,:.,Check sum is H
test,|i,Check sum is E
test,rt,Check sum is F
test,ke,Check sum is 0
test,V;,Check sum is 1
test,)U,Check sum is ^
test,2A,Check sum is S
test,Hf,Check sum is N
test,~T,Check sum is 2
test,x-,Check sum is E
test,(8,Check sum is @
test,j8,Check sum is B
test,4O,Check sum is #
test,"
Q",Check sum is ;
test,7`,Check sum is 7
test,d`,Check sum is $
test,Tl,Check sum is  
test,qh,Check sum is 9
test,k@,Check sum is K
test,$5,Check sum is 9
test,",H",Check sum is T
test,xu,Check sum is M
test,iq,Check sum is :
test,MO,Check sum is <
test,-4,Check sum is A
test,z/,Check sum is I
test,<X,Check sum is 4
test,H8,Check sum is  
test,[>,Check sum is 9
test,\\,Check sum is X
test,4},Check sum is Q
test,	c,Check sum is L
test,3j,Check sum is =
test,PF,Check sum is 6
test,_t,Check sum is 3
test,pR,"Check sum is """
test,mD,Check sum is Q
test,\F,Check sum is B
test, ?,Check sum is ?
test,(V,Check sum is ^
test,]A,Check sum is >
test,1d,Check sum is 5
test,g;,Check sum is B
test,`<,Check sum is <
test,pY,Check sum is )
test,}O,"Check sum is ,"
test,V2,Check sum is (
test,jy,Check sum is C
test,2#,Check sum is 5
test,"i
",Check sum is S
test,SJ,Check sum is =
test,6?,Check sum is U
test,hP,Check sum is X
test,8;,Check sum is S
test,AX,Check sum is 9
test,%f,Check sum is +
test,oV,Check sum is %
test,OO,Check sum is >
test,",%",Check sum is 1
test,",k",Check sum is 7
test,~^,Check sum is <
test,O2,Check sum is !
test,-n,Check sum is ;
test,Q%,Check sum is V
test,wl,Check sum is C
test,2),Check sum is ;
test,	c,Check sum is L
test,~W,Check sum is 5
test,O;,Check sum is *
test,vO,Check sum is %
test,[6,Check sum is 1
test,?<,Check sum is [
test,)F,Check sum is O
test,#Z,Check sum is ]
test,Ir,Check sum is [
test,h.,Check sum is 6
test,Ft,Check sum is Z
test,+X,Check sum is #
test,cn,Check sum is 1
test,OX,Check sum is G
test,`|,Check sum is <
test,o ,Check sum is /
test,|<,Check sum is X
test,$y,Check sum is =
test,e4,Check sum is 9
test,yx,Check sum is Q
test,nq,Check sum is ?
test,SU,Check sum is H
test,]|,Check sum is 9
test,f0,Check sum is 6
test,?X,Check sum is 7
test,5v,Check sum is K
test,0e,Check sum is 5
test,-J,Check sum is W
test,MD,Check sum is 1
test,3!,Check sum is 4
test,D.,Check sum is R
test,bK,Check sum is M
test,Kg,Check sum is R
test,&=,Check sum is C
test,Zt,Check sum is .
test,/<,Check sum is K
test,P*,Check sum is Z
test,!j,Check sum is +
test,)q,Check sum is :
test,C4,Check sum is W
test,6[,Check sum is 1
test,'[,"Check sum is """
test,]9,Check sum is 6
test,].,Check sum is +
test,ai,Check sum is *
test,f.,Check sum is 4
test,7=,Check sum is T
test,Lz,Check sum is &
test,UQ,Check sum is F
test,>?,Check sum is ]
test,[P,Check sum is K
test,K[,Check sum is F
test,xb,Check sum is :
test,z@,Check sum is Z
test,xA,Check sum is Y
test,SO,Check sum is B
test,:),Check sum is C
test,Kr,Check sum is ]
test,*z,Check sum is D
test,`E,Check sum is E
test,=~,Check sum is [
test,vA,Check sum is W
test,"J,",Check sum is V
test,oF,Check sum is U
test,<l,Check sum is H
test,HW,Check sum is ?
test,$C,Check sum is G
test,mm,Check sum is :
test,.Y,Check sum is '
test,BP,Check sum is 2
test,bP,Check sum is R
test, V,Check sum is V
test,}L,Check sum is )
test,[y,Check sum is 4
test,{I,Check sum is $
test,y',Check sum is @
test,"%
",Check sum is O
test,^N,Check sum is L
test,A.,Check sum is O
test,:m,Check sum is G
test,$>,Check sum is B
test,'4,Check sum is ;
test,pw,Check sum is G
test,0.,Check sum is >
test,'5,Check sum is <
test,&<,Check sum is B
test,g>,Check sum is E
test,Q5,Check sum is &
test,Dy,Check sum is ]
test,fg,Check sum is -
test,|=,Check sum is Y
test,`w,Check sum is 7
test,o',Check sum is 6
test,?C,"Check sum is """
test,xP,Check sum is (
test,"K
",Check sum is 5
test,RA,Check sum is 3
test,T{,Check sum is /
test,=<,Check sum is Y
test,%4,Check sum is 9
test,b1,Check sum is 3
test,d],Check sum is !
test,H6,Check sum is ^
test,]S,Check sum is P
test,;z,Check sum is U
test,%),Check sum is .
test,*),Check sum is 3
test,`;,Check sum is ;
test,T;,Check sum is /
test,|$,Check sum is @
test,Rt,Check sum is &
test,J4,Check sum is ^
test,w?,Check sum is V
test,z?,Check sum is Y
test,Ce,Check sum is H
test,t&,Check sum is :
test,a+,"Check sum is ,"
test,~a,Check sum is ?
test,"
8","Check sum is """
test,*i,Check sum is 3
test,g%,"Check sum is ,"
test,m:,Check sum is G
test,2D,Check sum is V
test, F,Check sum is F
test,&z,Check sum is @
test,;@,Check sum is [
test,"u""",Check sum is 7
test,VR,Check sum is H
test,DX,Check sum is <
test,)M,Check sum is V
test,",b",Check sum is .
test,#Z,Check sum is ]
test,_',Check sum is &
test,bb,Check sum is $
test,ng,Check sum is 5
test,]},Check sum is :
test,"
v",Check sum is  
test,{=,Check sum is X
test,'Q,Check sum is X
test,nG,Check sum is U
test,%l,Check sum is 1
test,m2,Check sum is ?
test,VE,Check sum is ;
test,95,Check sum is N
test,!;,Check sum is <
test,BR,Check sum is 4
test,e},Check sum is B
test,:v,Check sum is P
test,15,Check sum is F
test,*a,Check sum is +
test,vu,Check sum is K
test,[Z,Check sum is U
test,2t,Check sum is F
test,n@,Check sum is N
test,hY,Check sum is !
test,Be,Check sum is G
test,Jv,Check sum is  
test,@Z,Check sum is :
test,Q7,Check sum is (
test,*r,Check sum is <
test,cV,Check sum is Y
test,ac,Check sum is $
test,w-,Check sum is D
test,0$,Check sum is 4
test,hS,Check sum is [
test,Ds,Check sum is W
test,&P,Check sum is V
test,z{,Check sum is U
test,m:,Check sum is G
test,	f,Check sum is O
test,-~,Check sum is K
test,UJ,Check sum is ?
test,^L,Check sum is J
test,|(,Check sum is D
test,Qu,Check sum is &
test,t4,Check sum is H
test,Q:,Check sum is +
test,Jn,Check sum is X
test,%},Check sum is B
test,%\,Check sum is !
test,SF,Check sum is 9
test,Nv,Check sum is $
test,eO,Check sum is T
test,1Y,Check sum is *
test,aq,Check sum is 2
test,Th,Check sum is \
test,iZ,Check sum is #
test,`V,Check sum is V
test,to,Check sum is C
test,O ,Check sum is O
test,_v,Check sum is 5
test,D7,Check sum is [
test,*y,Check sum is C
test,	M,Check sum is 6
test,5ua,Check sum is +
test,[SY,Check sum is '
test,$)~,Check sum is +
test,X8n,Check sum is ^
test,:_;,Check sum is 4
test, q8,Check sum is )
test,~\O,Check sum is I
test,3kB,Check sum is @
test,f@g,Check sum is -
test,VTA,Check sum is K
test,Rv`,Check sum is H
test,>!D,Check sum is C
test,24%,Check sum is +
test,1#p,Check sum is $
test,t^u,Check sum is '
test,4#e,Check sum is \
test,xi ,Check sum is !
test,"V
V",Check sum is V
test,<|A,Check sum is Y
test,QrD,Check sum is '
test,FI-,Check sum is \
test,8E5,Check sum is R
test,rcq,Check sum is &
test,pBg,Check sum is 9
test,< |,Check sum is 8
test,LZl,Check sum is 2
test,`)7,Check sum is  
test,zHo,Check sum is Q
test,vH$,Check sum is B
test,Z7Y,Check sum is J
test,Fn',Check sum is ;
test,oU<,Check sum is  
test,ogB,Check sum is 8
test,0s	,Check sum is L
test,>s_,Check sum is 0
test,##^,Check sum is D
test,@cw,Check sum is :
test,C[p,Check sum is .
test,EOQ,Check sum is E
test,qV|,Check sum is #
test,dF4,Check sum is >
test,",c[",Check sum is J
test,[ZW,"Check sum is ,"
test,>7N,Check sum is #
test,tnI,Check sum is K
test,xxJ,Check sum is Z
test,5F4,Check sum is O
test,-0<,Check sum is 9
test,pAh,Check sum is 9
test,"Dx,",Check sum is H
test,q+P,Check sum is L
test,8z\,Check sum is .
test,7T0,Check sum is [
test,D`(,"Check sum is ,"
test,"u/
",Check sum is N
test,"<""7",Check sum is 5
test,"
g""",Check sum is 3
test,|eV,Check sum is W
test,"N4""",Check sum is D
test,#x@,Check sum is ;
test,"o""$",Check sum is U
test,YpQ,Check sum is :
test,B .,Check sum is 0
test,GbM,Check sum is V
test,<yA,Check sum is V
test,[tF,Check sum is 5
test,-m},Check sum is 7
test,v{A,Check sum is R
test,sfp,Check sum is )
test,ZN&,Check sum is .
test,KSc,Check sum is !
test,*nb,Check sum is Z
test,A	j,Check sum is T
test,?Wm,Check sum is #
test,xP|,Check sum is $
test,1^1,Check sum is  
test,a6a,Check sum is X
test,",{C",Check sum is J
test,q3R,Check sum is V
test,VUx,Check sum is C
test,U&{,Check sum is V
test,ghw,Check sum is &
test,9G],Check sum is =
test,ys2,Check sum is >
test,.f',Check sum is [
test,!\+,Check sum is H
test,#o9,Check sum is +
test,Y?K,Check sum is C
test,	r;,Check sum is V
test,<9@,Check sum is U
test,D9C,Check sum is  
test,gLV,Check sum is )
test,l'C,Check sum is 6
test,"
/:",Check sum is S
test,L7B,Check sum is %
test,&_[,Check sum is @
test, qj,Check sum is [
test,]v[,Check sum is N
test,"b"":",Check sum is ^
test,#V),Check sum is B
test,1C0,Check sum is D
test,s. ,Check sum is !
test,y1%,Check sum is /
test,?gX,Check sum is ^
test,)`F,Check sum is /
test,?`),Check sum is (
test,y: ,Check sum is 3
test,",\,",Check sum is T
test,}pX,Check sum is %
test,!BY,Check sum is \
test,"p,T",Check sum is P
test,cCr,Check sum is 8
test,Mxd,Check sum is I
test,4mN,Check sum is O
test,Xnr,Check sum is X
test,oJ1,Check sum is J
test,hH@,Check sum is P
test,-Ee,Check sum is 7
test,ma',Check sum is U
test,=s:,Check sum is J
test,R!A,Check sum is T
test,e`z,Check sum is _
test,aRq,Check sum is D
test,MX$,Check sum is )
test,W/t,Check sum is Z
test,m.F,Check sum is A
test,>U*,Check sum is ]
test,Yw6,Check sum is &
test,kd],Check sum is L
test,E4Q,Check sum is *
test,IsF,"Check sum is """
test,wN?,Check sum is $
test,J%;,Check sum is J
test,O::,Check sum is #
test,uV	,Check sum is 4
test,D%;,Check sum is D
test,2gR,Check sum is K
test,f:~,Check sum is >
test,SM9,Check sum is 9
test,7/(,Check sum is .
test, ^l,Check sum is J
test,~{g,Check sum is @
test,NrU,Check sum is 5
test,OU	,Check sum is M
test,"Mq
",Check sum is (
test,jf@,Check sum is 0
test,"5X,",Check sum is Y
test,cU;,Check sum is S
test,`+*,Check sum is U
test,"z
u",Check sum is Y
test,4J7,Check sum is U
test,[B0,Check sum is -
test,VQ`,Check sum is '
test,VS	,Check sum is R
test,;u=,Check sum is M
test,!ZB,Check sum is ]
test,#TR,Check sum is )
test,Q_',Check sum is 7
test,\or,Check sum is ]
test,(sb,Check sum is ]
test,JzS,Check sum is 7
test,PbT,Check sum is &
test,'Jq,Check sum is B
test,vfx,Check sum is 4
test,D8I,Check sum is %
test,s#a,Check sum is W
test,/]{,Check sum is '
test,(=K,Check sum is P
test,/h@,Check sum is 7
test,}Td,Check sum is U
test,0oZ,Check sum is Y
test,L+h,Check sum is ?
test,@5*,Check sum is ?
test,fTI,Check sum is #
test,PKE,Check sum is @
test,<b\,Check sum is Z
test,CX>,Check sum is 9
test,{uz,Check sum is J
test,`5_,Check sum is T
test,+|@,Check sum is G
test,>D>,Check sum is  
test,<V;,Check sum is -
test,y9_,Check sum is 1
test,-m),Check sum is #
test,XdG,Check sum is #
test,-<O,Check sum is X
test,<Uv,Check sum is '
test,;p3,Check sum is >
test,U	Y,Check sum is W
test,cQT,Check sum is (
test,B-},Check sum is L
test,)uk,Check sum is )
test,WAz,Check sum is 2
test,SZ*,Check sum is 7
test,"c,#",Check sum is R
test,~'s,Check sum is 8
test,Kq=,Check sum is Y
test,./6,Check sum is 3
test,"
xm",Check sum is O
test,xj},Check sum is ?
test, hh,Check sum is P
test,blR,Check sum is @
test,}R~,Check sum is -
test,@)<,Check sum is E
test,ka8,Check sum is $
test,A'R,Check sum is Z
test,%_.,Check sum is R
test,ojU,Check sum is N
test,&9[,Check sum is Z
test,"PU
",Check sum is O
test,xL],Check sum is A
test,}r3,Check sum is B
test,!F{,Check sum is B
test,[2$,Check sum is Q
test,C~&,Check sum is G
test,`;>,Check sum is 9
test,5:V,Check sum is %
test,Q5+,Check sum is Q
test,}fQ,Check sum is T
test,n(c,Check sum is Y
test,%cQ,Check sum is 9
test,*}	,Check sum is P
test,(Bq,Check sum is ;
test,*}u,Check sum is <
test,W^#,Check sum is 8
test,_8j,Check sum is !
test,1`U,Check sum is F
test,ZK',"Check sum is ,"
test,",=E",Check sum is N
test,[(\,Check sum is ?
test,RDi,Check sum is _
test,YUq,Check sum is ?
test,Z~H,Check sum is @
test,0@^,Check sum is .
test,1A$,Check sum is 6
test,%e+,Check sum is U
test,:mv,Check sum is =
test,k:1,Check sum is 6
test,lf),Check sum is [
test,g6k,Check sum is (
test,_!Z,Check sum is :
test,uRR,Check sum is 9
test,:`x,Check sum is 2
test,(>s,Check sum is 9
test,7}3,Check sum is G
test,hv2,Check sum is 0
test,T'i,Check sum is D
test,t.6,Check sum is 8
test,nic,Check sum is Z
test,z2(,Check sum is 4
test,QGc,Check sum is [
test,9gH,Check sum is H
test,^a7,Check sum is V
test,Cbc,Check sum is (
test,"i""B",Check sum is -
test,kFg,Check sum is 8
test,$>:,Check sum is <
test,"m0,",Check sum is )
test,e=g,Check sum is )
test,%mG,Check sum is 9
test,[aR,Check sum is .
test,2.-,Check sum is -
test,	S<,Check sum is 8
test,(8$,Check sum is $
test,J!P,Check sum is [
test,='d,Check sum is (
test,Cre,Check sum is :
test,\MQ,Check sum is Z
test,'dJ,Check sum is 5
test,&lr,Check sum is $
test,vr},Check sum is E
test,/:o,Check sum is 8
test,_zQ,Check sum is J
test,7pF,Check sum is M
test,"\""{",Check sum is Y
test,v43,Check sum is =
test,xzw,Check sum is I
test,OI9,Check sum is 1
test,e@i,Check sum is .
test,}G`,Check sum is D
test,$/`,Check sum is S
test,"
wE",Check sum is &
test,n{g,Check sum is 0
test,#y#,Check sum is _
test,).N,Check sum is E
test,Z>R,Check sum is J
test,X?o,Check sum is &
test,m68,Check sum is ;
test,Qua,Check sum is G
test,}<|,Check sum is U
test,k1z,Check sum is 6
test,a0k,Check sum is \
test,5=q,Check sum is C
test,B$[,Check sum is !
test,[MR,Check sum is Z
test,.u+,Check sum is .
test,#oF,Check sum is 8
test,BQ!,Check sum is T
test,]3K,Check sum is ;
test,~Ta,Check sum is S
test,2m`,Check sum is _
test,<^_,Check sum is Y
test,H-[,Check sum is 0
test,",pF",Check sum is B
test,"Cn,",Check sum is =
test,RQu,Check sum is 8
test,"}/
",Check sum is V
test,lM},Check sum is V
test,PbG,Check sum is Y
test,N<I,Check sum is 3
test,6G#,Check sum is @
test,	wR,Check sum is 2
test,L7g,Check sum is J
test,e3r,Check sum is *
test,A9R,"Check sum is ,"
test,*0e,Check sum is _
test,!\4,Check sum is Q
test,";,;",Check sum is B
test,t?<,Check sum is O
test,BK6,Check sum is #
test,`SK,Check sum is ^
test,"
nZ",Check sum is 2
test,">~,",Check sum is H
test,Ft+,Check sum is E
test,G@k,Check sum is R
test,CCQ,Check sum is 7
test,6F ,Check sum is <
test,"K9""",Check sum is F
test,0`m,Check sum is ]
test,YlV,Check sum is ;
test,}uk,Check sum is =
test,p  ,Check sum is P
test,EAy,Check sum is _
test,DB6,Check sum is \
test,U~{,Check sum is .
test,hK(,Check sum is ;
test,[s/,Check sum is ]
test,+Ui,Check sum is I
test,/ L,Check sum is ;
test,/	b,Check sum is :
test,<\-,Check sum is %
test,V@0,Check sum is &
test,JgY,Check sum is *
test,ErQ,Check sum is (
test,]WO,Check sum is #
test,eL[,"Check sum is ,"
test,C>(,Check sum is I
test,':e,Check sum is &
test,]oA,Check sum is -
test,}=~,Check sum is X
test,jXg,Check sum is I
test,n-G,Check sum is B
test,V)v,Check sum is U
test,8K',Check sum is J
test,5?Z,Check sum is .
test,:jz,Check sum is >
test,~K	,Check sum is 2
test,)Pj,Check sum is C
test,s'&,Check sum is  
test,h(	,Check sum is 9
test,QR=,Check sum is @
test,hEp,Check sum is =
test,N)B,Check sum is Y
test,@6l,Check sum is B
test,L&-,Check sum is ?
test,",(N",Check sum is B
test,^\A,Check sum is [
test,uDg,Check sum is @
test,iIk,Check sum is =
test,#RV,Check sum is +
test,5@W,"Check sum is ,"
test,TV%,Check sum is /
test,9O#,Check sum is K
test,5~0,Check sum is C
test,JxU,Check sum is 7
test,pUE,Check sum is *
test,"Sq
",Check sum is .
test,8&),Check sum is '
test,yIp,Check sum is R
test,h+',Check sum is Z
test,F	G,Check sum is 6
test,?8g,Check sum is >
test,H@W,Check sum is ?
test,.uM,Check sum is P
test,"""N]",Check sum is -
test,CN+,Check sum is \
test,ag6,Check sum is ^
test,2I+,Check sum is F
test,Y5<,Check sum is *
test,+ll,Check sum is #
test,glE,Check sum is 8
test,	KQ,Check sum is E
test,~Kn,Check sum is W
test,:7F,Check sum is W
test,XVT,"Check sum is """
test,7AP,Check sum is (
test,STP,Check sum is W
test,/I&,Check sum is >
test,"f""u",Check sum is ]
test,opV,Check sum is U
test,@5f,Check sum is ;
test,Nh),Check sum is ?
test,"rN""",Check sum is B
test,_A1,Check sum is 1
test,2CD,Check sum is Y
test,gy*,Check sum is *
test,"	k,",Check sum is @
test,EXe,"Check sum is """
test,", 0",Check sum is \
test,	ok,Check sum is C
test,nWd,Check sum is I
test,ZVt,Check sum is D
test,#d~,Check sum is %
test,C=?,Check sum is _
test,bo[,Check sum is L
test,wxD,Check sum is S
test,U]J,Check sum is \
test,zy\,Check sum is /
test,=L0,Check sum is Y
test,FG},Check sum is *
test,\e;,Check sum is \
test,/*X,Check sum is Q
test, |M,Check sum is I
test,7<8,Check sum is K
test,f#&,Check sum is O
test,%?b,Check sum is &
test,'fd,Check sum is Q
test,uZQ,Check sum is @
test,nC|,Check sum is M
test,W]j,Check sum is >
test,g<|,Check sum is ?
test,YZp,Check sum is C
test,!dM,Check sum is 2
test,;hc,Check sum is &
test,nyz,Check sum is A
test,ai4,Check sum is ^
test,q]J,Check sum is 8
test,-P/,Check sum is L
test,vyT,Check sum is #
test,"Z""d",Check sum is @
test,"2""h",Check sum is \
test,"s,~",Check sum is =
test,$rR,Check sum is H
test,"JS
",Check sum is G
test,"8,C",Check sum is G
test,@Bc,Check sum is E
test,2I7,Check sum is R
test,kEs,Check sum is C
test,cHg,Check sum is 2
test,rOo,Check sum is P
test,F5q,Check sum is L
test,|YX,Check sum is M
test,"H-""",Check sum is 7
test,UQS,Check sum is Y
test,)&Z,Check sum is I
test,qn?,Check sum is >
test,op`,Check sum is _
test,m~&,Check sum is 1
test,%*;,Check sum is *
test,9-8,Check sum is >
test,eU{,Check sum is U
test,3jr,Check sum is /
test,(iU,Check sum is F
test,qDf,Check sum is ;
test,$&H,Check sum is 2
test,z<|,Check sum is R
test, 7x,Check sum is /
test,_U`,Check sum is 4
test,.[J,Check sum is 3
test,"/x
",Check sum is Q
test,K_O,Check sum is Y
test,6jK,Check sum is K
test,1Dn,Check sum is C
test,e|T,Check sum is U
test,;<n,Check sum is E
test,QS{,Check sum is ?
test,Hh~,Check sum is N
test,$V:,Check sum is T
test,>aO,Check sum is N
test,r=4,Check sum is C
test,e^K,Check sum is .
test,c1r,Check sum is &
test,K{`,Check sum is F
test,emn,Check sum is  
test,aBZ,Check sum is ]
test,-E_,Check sum is 1
test,fSe,Check sum is >
test,k9_,Check sum is #
test,<W2,Check sum is %
test,?e4,Check sum is 8
test,D8G,Check sum is #
test,!}$,"Check sum is """
test,3T',Check sum is N
test,s|5,Check sum is D
test,rA9,Check sum is L
test,HoP,Check sum is '
test,@'W,Check sum is ^
test,:gy,Check sum is :
test,XQm,Check sum is 6
test,wCy,Check sum is S
test,z\=A[P/@3Mm$U`i^ frNE<_HK#zn9XB$lM,Check sum is O
test,yFf)nTRW(/+hCf(LQ,Check sum is 1
test,"0?UrQFu""Uy&HI""}q\",Check sum is 5
test,)LY(1;3*<lat~dzL7!C(B+>f:0 B|GQ6gYgYX>O#:a?|gH^{qX,Check sum is ]
test,"r{
z.||Fdk*%F2ZW!#k#Z6x[Q}(wSk|;g",Check sum is B
test,Wb<q[GW~}oW9*.1_$vxEu={wlDi>-VM:nZ,Check sum is E
test,"Nrq}:oO~@t/z4~
kJ+l@'YG[N4ldc",Check sum is @
test,]L,Check sum is I
test,NNsT1,Check sum is 4
test,"bKru,5;lw.YlpE?qz?$",Check sum is (
test,"TdlS
]2Jq_^eQnOm,ZnDEfku",Check sum is K
test,"7$*I4s6vjWc\bsVP:gm7`Gou
;""-n/xj[56^6n{A=U9!0[-N",Check sum is U
test,""")MhEWhcMj\`Nta(03.a$k`+VbyvQbhO\nIkW/,\_N7}!Ac:",Check sum is N
test,jn'Gjdkwl9^L[;MTY!~};90O@{!V,Check sum is 6
test,"*$MC1waC>cXUaO*N""5zS:WJk5p)miK$B6\dHbK*v]r4^M",Check sum is 8
test,PXk	ivyWm1~XOSpG<Q.J#R\l+ONBMgH^5=2,Check sum is B
test,}yI K1SR) ho^ug&#QP9||]9C]`AIk}=2i+M(6Zyspk?B/,Check sum is \
test,"2L\b0$:[!NhAg7lAQ:m.,N,']@aOYdAV&[%	A}yr",Check sum is T
test,"e%Ng8>e}TPS$AvG:,fZ0o;nB5xTBZ+$]z-hj""	Qo(zAbt
",Check sum is 0
test,"S#/-'=#%CDJ1*0BmB$$!zn'P
^B	{p",Check sum is Q
test,"(0jNj84oqgbB%Y|Oh#\,""xO9H4/H","Check sum is """
test,S:^NL&jct1],Check sum is Z
test,"~_etqv966yIlNNc+aDx(D	%[jkfK3R<ahm,>uY>QK6",Check sum is Q
test,"s)R)1)(,g+T1~+9@D)xnZcX 
D4YLz",Check sum is G
test,"r;lbTHm{md_j_EUSAG:Vf8'ak lg=9'w
S? ]A[*F))!1@	",Check sum is G
test,"""=8,o,J(A2gd9R.XM6m^PFIItXi+|MA",Check sum is _
test,"_,g!XpTk)z[9d;]YkI9#p$""woAqH ~tYWg",Check sum is U
test,"&tRFqRVl#{xx52q,o20$EmRz|GkN25%wkEIHe3+",Check sum is _
test,"$*64<VG4TbZ
;^a)#0D	StR]",Check sum is 8
test,0ie$Y'ud|)|>eg4cfpOQ 5s$0121M>i>=]W,Check sum is &
test,M7+z,Check sum is I
test,"=uNJu|Zd""y	rnGbsxsiF`D%K!",Check sum is H
test,"

'PZV1h|bL	xge#Ou6}ZN,5s2}i(cJ6UyMa*^\ltqWR	*@",Check sum is 1
test,+U(s<'&Yr,Check sum is O
test,EqX <#pDF[EHj:OIRN@`X,Check sum is #
test,"9""""[H-.FSJO%0-!@N+ux?E",Check sum is Z
test,"2;3\]9 b^v'1LhgV/(YK4,,(/1n,y.W{Y",Check sum is L
test,".4GxQTb\1#<}""zEW;wB
zxd^]W BG3P$Z]HMxB*BbJ6qO<q)zj",Check sum is -
test,"nv	Dt9N6#{vH>\rI@hX62)G^(2A.9Y
k	*","Check sum is ,"
test,hrQufS(#]T8&^,Check sum is 1
test,74}tF}X.{%<Q]/vk7,Check sum is V
test,"33!kjuVo	chlP:l2R}28W)a0feuE~h<""VlP""=)*O-V~GA.",Check sum is ;
test,"GOv[{h<~w""0G}ZShK:A
%->NOWCWu#+z1h3",Check sum is =
test,rpN,Check sum is P
test,]+a31NrA	`,Check sum is W
test,rc4y*}Nv{pGQ{Ek9~#,Check sum is U
test,rd0z%1!g!#>scai|V>,Check sum is 0
test,")VnN
#c~YjZu@AE={S'BCi}'o&)*@h,jpgO`4X",Check sum is =
test,"IA-$LaUmm""a{B<xXU7ot5X>lHVSZ@:LVlkb]v_-|ycHv",Check sum is ^
test,"|%Y#@0ZmJ3>2#NYL0SJ2r?B;m6o!35UUK&j'3R
m?m`nIs",Check sum is ]
test,",yw8w/%HZUe/9GP{+",Check sum is @
test,"R!.z1DH?n
~i2XDK)R8kC7utDmfmM&	AiEM=o^C/GTh",Check sum is +
test,G6-RClo;~ea>(-{~o,Check sum is 4
test,|D-<jKuuY^{^g,Check sum is _
test,"H#	,da)@}Ru",Check sum is 2
test,CVt^;-<@uyYq?i=FaU3!Z3F6,Check sum is %
test,2{t/D!ZmSb$Vu>@0e$YbTUH2kEX?D^uYQQ,Check sum is .
test,".u?UEFft:_7mn18$troZ{*
9MVAB&' ^P8z?",Check sum is =
test,":iAT0jCM$Lbm7j)yqXsQz84P
bl^Fyu\"";(u3M!6t5",Check sum is G
test,"u{sZ$UNK2""#fmjfS$JBUgDw",Check sum is C
test,"-11hwl:,b.]P)BrAjKAIZv76WlRG;S>He_K",Check sum is 6
test,$olIe!,Check sum is .
test,"R2!j{J-jH""w~lSL`",Check sum is U
test,"rpKvoUgrzH!,a3yO){>PWfquLr~)`^%SAa",Check sum is ]
test,"g
CPZ5$20`|?",Check sum is T
test,",<BNd~Y=6s",Check sum is 9
test,"7>8_RTbw#dbUkmi<i%9=z+#nqT=+^8<W""|GdI7{",Check sum is :
test,"Es^lL}OL7~/'\[HfYve
')^","Check sum is """
test,#cFbF,Check sum is T
test,"k(OiOK,j'}':\+hO""auZ]'?P+ ORKM,fJ@BtdaL~o0",Check sum is G
test,"sX@iuxz>{
^'6)]Si|1qc >",Check sum is Z
test,H#mW40V6)sI)@NtEjpZ.q/;j]W\<kQbB8od[u,Check sum is B
test,"$},I5EsY",Check sum is <
test,N2%4@,Check sum is 9
test,"!N-#o\=
G;~!ycc>4,Nryxr4e=0Vq;KsC",Check sum is [
test,cJ>'uro|>Dus?T.WD\,Check sum is &
test,#YUT}T<Wg,Check sum is P
test,"R`>nBU:ME<ZH+D*S#ACBqBYi)HlcV,m#M	",Check sum is 1
test,40&(y)1e3KYEzrveKIf4]	~,Check sum is ?
test,"10eAYB*vr4`2N""%77!tec5!,gz)|Y'AY]O[%II)I",Check sum is L
test,hPZW[A*),Check sum is 8
test,"~>PYO0sbQ:x}(,.$9h>e",Check sum is C
test,"GL70""s",Check sum is /
test,]n}[,Check sum is C
test,*g:.V1_,Check sum is ?
test,Ly{+h	Ez{*ed{(A{@2bu*Dg\R&,Check sum is :
test,"z!)1eM7R 
Q""N3D?|D8Un5%te=H]xU'/MQoN7z",Check sum is 0
test,"U7""(?g]pbJ'8(q,dB,	J?TfQ q'FEl	9Q^D)FJHi7%6A[e7""","Check sum is """
test,"(I-6s2m+l+Au>hWptdf
B1t",Check sum is Z
test,"13=,i_'<7>We_oc6VK?+#f^@z|3^T.tZ_U]XuO,T",Check sum is &
test,"}Y,`V\!QuJzbw;e)KcA
KB^$RLL1)<*o2$c",Check sum is [
test,R%ly^iV7(nndN,Check sum is F
test,"Ab'w!kuwk+FBI)hsT+)|i
oY",Check sum is #
test,"C04qlY'<*7*UX&'ZyZoS,G",Check sum is G
test,U\$,Check sum is 5
test,|bJ,Check sum is H
test,"y""F7|Xg-4XJ!L$&?F@lvmoK:h0UR7G})l've",Check sum is F
test,"5fD9|H Q0gj+26=
rJ,jZK J",Check sum is )
test,"3{qOLJvT)]ADTC	VF}`ex$/`,>Yz7P,en7-EE5j",Check sum is 2
test,?+P8{w,Check sum is D
test,"?,
:=#@S!dEC-9",Check sum is 5
test,7x{@|SOZT.lgT9*<,Check sum is J
test,">3`T
.K/e%yIm3*-[0;75.!S(
C+k\58J+eUmOnE7E2#Y3yt""U",Check sum is A
test,_v27XfyIzg&f/,Check sum is :
test,h0t,"Check sum is ,"
test,"J;YI{66e?
-#;;=	y&hs)WX_wTJ&h/BsHbs/ `","Check sum is ,"
test,"2mZjB-(HGXr1@^h^<:V!cm~&JRU3'%b:\Q|mT;2NNrXaP
T3}",Check sum is 1
test,8]	-Gk!I&]]Q&^4(r,Check sum is J
test,'A1,Check sum is 9
test,"C
XnuLsc<_xTo0Mz 0\ARs0
+z:<0%TeZ4fR"" 6;gOP",Check sum is +
test,"T!%g7	56H9s/Iy.AO	
LUgq.l1G%=qI7W:3%.d,mGErFu$E",Check sum is V
test,"D	9}:_,jZ>`O1*Hj= _^b&""~-fr!k}",Check sum is 6
test,".Sd|-o	<,mS:TA$",Check sum is A
test,"F7hVz
O1-;U3O[3_$_",Check sum is N
test,f:7R(Mu_n*!hhqf%89JU!}<1@il#,Check sum is *
test,";o5""bnR5T7aWn6A+oE5m	@ZA",Check sum is E
test,"Bt__/nZs,=5gUD!])GIi%Mllyt.F}",Check sum is $
test,krod6Tt.A,Check sum is =
test,",)?JY2*iY{c
i{n;",Check sum is *
test,"Eb,74Gn'0j
OKf""n->v#PU",Check sum is W
test,'l#vrh,Check sum is &
test,"iTzvdg>bPmw1PH&Q~k[\P!^~Z>A(	Max$~""q@
X(8P7E",Check sum is L
test,KEjISE]!Q:+Oc/@<<3@K\wu%MU\Qg0,Check sum is Y
test,"JJK*?gk',~:GQ-qV-J WXqihyO4RXnoiDG'k`2][RX<@",Check sum is R
test,"pz./X*%BH`n%Cv+.TQ{^ceX7j]f&NoN
;?E",Check sum is Y
test,c9V@i.IpgGMJ*eY1^#NaGX9t.zW0qUAX-FjIvKW`A,Check sum is )
test,<:Q+ym[*ytM,Check sum is 7
test,#Ry	j*y3{^GQ,Check sum is H
test,"S
]k",Check sum is E
test,"WL^B\""=j*8XtE'x$2aeo~@>!ZhC^]O@+",Check sum is <
test,"XcRw,..Jd28D",Check sum is H
test,}UK,Check sum is =
test,"	#3?0f[0-]QlT-~rt/d~fj!K6'S#;,
_]P",Check sum is (
test,YR+kDZ\	-QvLi@x,Check sum is E
test,v<n.FCc*?#Hw+	+cyV_ax`m)lFd=P>BI+],Check sum is X
test,;O,Check sum is *
test,";hUYaWJg	R}hOv'd]8RkR
Cbh$)J2}0X-)ojsTaIIEvW;",Check sum is )
test,"Z1X3KN+W<j:dMi`z]V
a ~c7g#RF<\P8@?kNd!cOWV3",Check sum is L
test,"C""EyVZL?(LN",Check sum is @
test,"!
wkB>F;P1/f~Xo\9PC""",Check sum is S
test,"*|@~7x\7yIB
DP&$1*,""-b(_l=Y.E/s`Yw<Sa^Nzqk9J/",Check sum is \
test,"TA}Y=x#`A>=*i+TE!asID:L}pf
1vbq-I	G],5OG;cQzb",Check sum is Z
test,"<4[~7X}S,y@I
je
,{""
G8kBi'39rc
OphpM&mkQ|%gAU",Check sum is D
test,s<@&9iF8Hx6H}U:4 fVp;<ktpok%,Check sum is $
test,"MxeFa.gqN"":16kt4M;{",Check sum is ^
test,"1Xue)wKJ=VbWo\03Yze5u<IDJr.2Ee=fT\
k~nb$*x",Check sum is ?
test,l+ihhSo+fbFX&~'~,Check sum is L
test,X],Check sum is U
test,"Uw!eFv|#-mia_a6B5uO=X3Rf/30@(:,?a*v?3ry4w|",Check sum is F
test,"x%}Szqni=j)^sO'X#
SHN0Z",Check sum is ^
test,"""[Pw$?r2XZUm2,E&JaFw>iJ1<=L#C+b&LbIH
#As`vap7,?v=_",Check sum is K
test,"k(,wb<HgnSY}:XtdiAak0=;FaBQF#",Check sum is %
test,Q~,Check sum is /
test,"Fo_p15w~aMiU0PbtoxH_Mj'9U#',(v#",Check sum is 2
test,"~g`x$i	/^78s,};R$Y96pJ""Gb/Ja5xn-AA@ev-5'E",Check sum is V
test,FU%xILb&)y-/%yE@qCD;=AKT	Mbsdm'a:q/'0LgPP[[9,Check sum is ]
test,"\!U=viU.uR>g|mk0Hz-<n^uTs|@L3P!4Fm,Ogm<H;fOQY5llX ",Check sum is 9
test,"mJ![B+%xarx`=H
E9G]!/	$:w4VM\FJ*-<%$m""S@#6X",Check sum is Y
test,uY6K:_jm\}UUgf@OT!+%tEy CUsGq,Check sum is X
test,p1r$T,Check sum is +
test,nV'QYL~:O8,Check sum is @
test,]ed8(C^W	-[6a,Check sum is F
test,"4msgI~B,KWh	0v:E94SzLLf|pHO-}.L?b^|Y",Check sum is ;
test,Q@,Check sum is 1
test,N}VZ@%4KUqD2A7L+4o7D.KQ7W,Check sum is  
test,"5,	g3v
u	JPstT!:F&_(/OQC",Check sum is W
test,"S$8
c<7;NqfvGtv-sXXd36	x+{",Check sum is :
test,RAJhVt-,Check sum is \
test,")7xSHcuk}h""6p S
@?:]0sle>KEP!T8'n.wIx2ethg",Check sum is *
test,"%>=Bn/X#QL>+o~O""Nxw3n[Qm
n#$%4^pV}",Check sum is .
test,"l}2""9|YLP2(20`Yei?C%+:[0""?;#leb8",Check sum is K
test,"J5CWbIhN[WVr2/cs|ducQ-""'3RIU;@YLN$0^&C]4M9	V<y1#?!",Check sum is U
test,"%sPrgA#lD""ILhJ7!|Q",Check sum is C
test,"V;2|)OK7H#'E=A-`J./""CH1aU/98|Ry0sFY",Check sum is _
test,"}ps/
9~*V!=3Js;1O3M`

l%
#]rO+fC]Rd^R)eTS1L",Check sum is R
test,"9xW-1vQI`xhK{?Yd
iqS5BrF(3|CT/iV$w~& SoTRHDL;B",Check sum is 6
test,[9U4e?$tZ+ieKf~s/AFixWNq>oXy}6o+B$!*\(,Check sum is [
test,8uMpvwJw*JpzF}OHI:W-e<+n/j?/,Check sum is 8
test,";h{YFcN2GVM""q%`jZYRxo",Check sum is X
test,"uH^iZt4vjfv	)Y+}B_wysC/ua$
f8WWT@JUCo5	ts_",Check sum is D
test,o$KEExZl+x,Check sum is )
test,bZ<?eWFGOP*J70UkCB>pc p`'v,Check sum is =
test,"Of1
BY5}9M	SlZKPI8ZC-T|VJ8|S6[",Check sum is 3
test,"gq%\0di:k5$hXj+&p
{k5",Check sum is D
test,Est/AB<{tNz	s#Q%1KIU[Me00j<|Gy6;LQuecb4nL,Check sum is J
test,"ORqEAt32;=z6}F	9}=i+?KP>`Hhba""aACW>,
>5F=8O(?C",Check sum is 0
test,"0oq
}W#G)*W~jHe6?wQxq",Check sum is ]
test,"M~pdr9xIlf3,%cTR1H{sMxqb]00	&&m`5#Hp\~5-y",Check sum is -
test,"=i11
|@1}PH<R	%xbqr_Vn	^+MPq08",Check sum is X
test,"6%F`mj*vYz> wsLF\Glw].O,?E?)4[^sZRYx&cpf7+(Nd1",Check sum is &
test,+	'bsXR[EkBzD~HCQU`Y?A25@{[Oc(g,Check sum is +
test,9.s^g2_P<(`@BF$2n/cUQNUZTU 2qz!nP6,Check sum is  
test,"J2[1%>GOL^z+@?*.(WZIxIQCtWC"";s$u*U84PDqH<waT",Check sum is U
test,"Of`g7c{oVG]TtAWUq6D:1WGB{,p",Check sum is \
test,"{)B%rTM,[9RvGN.VN#$P^Cq",Check sum is V
test,@%gC	WU!,Check sum is E
test,":Iv.""Ygq#2P_]<TdLUJ3)99",Check sum is (
test,!3K3MaK@L/&cCE|Y9}c,Check sum is %
test,7KC0o#52@$8px`pNBqibzqK4GO-Fqf,Check sum is 8
test,"^,t
|\ uqEURGN})\IV2Dl",Check sum is J
test,Kn')C?Srg^:pDE}k4H1R}5,Check sum is A
test,"	):W\[YS.8u|}GlAe(`?B""lI3s{kEb d9,rLchf,'z^",Check sum is I
test,l<.M/)NaJ)88h!.||w6z:8,Check sum is 5
test,y-@+-+7/k[H.c9gEF/u%.T^,"Check sum is """
test,d4 j*b]5,Check sum is  
test,"l0T;u+ *z`[g""_7b]zN6^;B[)aJF]9CY,#.p SpR",Check sum is *
test,%cv'odKun(M?]s_ds,Check sum is @
test,dbmxxlLI;7pp`4x(	z5zJ3h\i<X'WF8(<(,Check sum is B
test,p8r:&=`Gl|ZE0J9e8_c)_x-wY-pQ&X%hpc742^x,Check sum is S
test,"#
MzMiD48bq<bzTAZJK^",Check sum is G
test,QUx^[Bo^,Check sum is F
test,"#}""l1Q\tFTgRDn2Tu+j
uW~RjlLu+GMb\",Check sum is /
test,!o\S,Check sum is _
test,K!0:CT,Check sum is M
test,$ Gi,Check sum is T
test,tSKp5mk&Grku3zL9b\,Check sum is ^
test,WJv-X_J#1,Check sum is 9
test,"HNQAh.8LpWh`7of6N!Iu<)06	u[b?IC7_""EBMV3yV!Y{}9N'",Check sum is 5
test,V~$qu1g2,Check sum is H
test,",}I{U_#rE!G=6ed^{Yy-~;)xDr$>}I0's/v",Check sum is >
test,U:@Rw>p'?-!DdB,Check sum is D
test,5',Check sum is <
test,[Jb=,Check sum is $
test,"|Z[e+
U%",Check sum is %
test,M.)Q<]mrMR,"Check sum is ,"
test,"tl.v@gw""t5wEx0@D=DY/@^6
J",Check sum is &
test,"bDY2nC]2x3/a*mz\$\T;p$o{ozM'	,)Bmxjj:y*+h","Check sum is ,"
test,nGb,Check sum is 7
test,"
iWx}Q>Y{EEo.GC/~k9A5k\3]m=36X|5!jhX{y^=.yex",Check sum is K
test,";zK/3z1iz[?=|P g<>n.}|%B""8!D%>xn",Check sum is 8
test,`a;Z{7s~dp=enx	.r4`B&F,Check sum is  
test,"'HUy;u1pnE~0P
i;",Check sum is M
test,"+`""(b
wV<IB{By*",Check sum is U
test,"e,idkG&&b'~m*&H&']cs<'Oc6e\HcQ6S	X[dp />TOSsCwF",Check sum is _
test,eV,Check sum is [
test,[tR%:4P~~KZ/K}GfQS?;,Check sum is G
test,0]!VT)2bU`\,Check sum is F
test,0qdaR&,Check sum is >
test,6_5{psz!1O'iqK*dJY?9(y@$oYuiJk>+F*(9Mvt[=%.|,Check sum is P
test,=FE=JoS@,Check sum is 1
test,"Ff98v7k[Kyi'eofsF/aD{""q$][P\7OMH*G9Q!9",Check sum is Q
test,KqVcKVupB}-?/4tB:S5c|iaYR=t<'5ms,Check sum is ^
test,"$!ztu_`e_7\Egm<@/""[n`$xQ$Opr,z m:mGV
Kj@Ts')@!jR)i",Check sum is +
test,"f{,",Check sum is -
test,"e~h-l!}iPp7 /H|/kPW	HU`5A
x<1O
/E+W&kf]B.^^W1Di[",Check sum is  
test,"!!dngzO<!QF3Q~\.X]r,fRJyYn-=",Check sum is #
test,"qG0kT,*",Check sum is ]
test,?<{';o+-=?,Check sum is ;
test,"^Gpu0KEuSVP0FEf&$3J""w&w",Check sum is 6
test,".8	XQ+<vRDf?:|sG5b._69_4UQ+fQ|cV_NY`u_5,Kgnz*VlP<",Check sum is P
test,d(\e1l$u*WmjkcB45V(Zk(%M!!.2Q@$ZgyHu	xOnC',Check sum is G
test,")Tx(;6)=2m4`K>:""p11!:",Check sum is Y
test,/v@!s-.1EL,Check sum is 6
test,"w.Q;mmcwA}X`;4u$R,_`vu",Check sum is +
test,"95~~_SV^/6.! YBs'MszlV^W%3sOhR""I?T	D-xqsj",Check sum is <
test,\o9()vx_Yqih4{t75$$N0vi;n-f,Check sum is M
test,"Ox^]3cw~U}/R>w7r76xHtQ
vhTL""E@O,Ns?+",Check sum is %
test," -\p>U_W|VbTJIAH""Z|v_igC>0=mv.MqcJ?a!t41!@	L?pL7",Check sum is /
test,I	]x+zQF0@cc<(!Q6`L%ck,Check sum is $
test,CT+t|,Check sum is R
test,"INi7Zje01PLNjCrk&,",Check sum is '
test,"Tpvf_#&(5""Cs}U$%'GpLe7Wzk,@Y",Check sum is ?
test,"uI%u,yxsR@	]N\K+I3)M_T",Check sum is E
test,""".7UnH'SE+4pXRV,jX=e0WocJ]fFO!S
)i!z",Check sum is 6
test,"D+\}McI34w:/8U]Q@3]B1""t",Check sum is <
test,NXM=oE^X.F0ALXHbj,Check sum is W
test,"_D.!1(LOD4""lpd?3*6gqW&\?{]Ei.JouwTU~z~iB-Dx",Check sum is .
test,"pq]c2T/2_%%uyon>b>}C(&pku'z	Qf
B,;Wj2uVtN\0h(\",Check sum is $
test,S=.	,Check sum is '
test,3O _J[>] FL>UWRuT]/tm?vB{&2e)r_]x<W@Z:hCD/X\-vN,Check sum is -
test,})\L8G})&3,"Check sum is ,"
test,"g""i}V?\i#1tmkqP#5","Check sum is """
test,E |fNp =xRh%yGH!iNThm7>3@pKy~rKEgP9)MB{N	w>,Check sum is -
test,B{3EmQre=J\Jf<7,Check sum is 0
test,mmff[p!-j*&)><8s:(.jtk&?o:w{CB\jR:aE%xsL,Check sum is Y
test,QHW=EYRsc&Ct.|A{ciYBG0rCcQ(cLM`34k$B,Check sum is Y
test,"Vn9E(]|mP),MYoi$^l_coyw!v*$o|C!&j4|.B:'jO1!Fy",Check sum is Q
test,"S,:;1",Check sum is E
test,j!i2J,Check sum is P
test,",9]5+q&ShY""W<Zk&YbJt~^e.[BF`dXHVpYtEL;y}@{9a",Check sum is &
test,"%e!93oh]LNs*ffx>j(2]|_fnh9
1cE ,",Check sum is D
test,gbVP}5RITY=],Check sum is #
test,"0@eC;h#""i<S+~Jid8N|hHHH",Check sum is Z
test,"X;BqnZP-hUan,RF4JOz`KL59CK[m:_C\F&n",Check sum is O
test,"hO\Ki?~""kB3R(
riEx",Check sum is B
test,"r#?_vK'[P<p8-f{|*/
oK6J9G$7scz`CY| Pzb|7F=_*",Check sum is _
test,(/2.5|4}JP!/Lxct*le-Xc$5@fH!~V>-OU14vGT/,Check sum is Q
test,"rz840NK8Gb.7""`X	)",Check sum is S
test,YYupd>c`HgMDZnrOuX,Check sum is 2
test,>p+^fF2,Check sum is 5
test,"m#s!l*.Q-sB%D(y]ui$.xhs>J\HKx#x"".D.&.Jzl",Check sum is 5
test,CYM+9l.dC7*)yknVh`*T,Check sum is &
test,+Wg[XGxD[Kr1CoLp,Check sum is 6
test,"E[d|~bH':-Ydf
?y)xH)!y",Check sum is '
test,j	KwtN,Check sum is W
test,~VSR?*[A84g>f+dy&lA[&*fCKWpIG~8PR,Check sum is >
test,"
6\G\m9HN9$Bg",Check sum is !
test,"63JiS`b7,w;4_60kPkoBdJf,",Check sum is 6
test,"j^=[[dm=|~k,",Check sum is :
test,"zc+t:cY'\7gi
4Xd",Check sum is V
test,"E(Em'HaO\ka
N=AUR",Check sum is C
test,t)+O3.1aJRpJ1_	\f'n]3xB!_CB>f7!=eRgI2/}#r5I2,Check sum is B
test,"oZ(lOCh$0+]aNY$z	^FWgh=>a%:_`n(o
m}w.UMmXq]b:w","Check sum is ,"
test,"uzN)
N",Check sum is ^
test,nyf`JT>f@q{gmsH(xc,Check sum is M
test,"w%:]E$8BI,@S[C6}T#",Check sum is F
test,Y-#97Bg[[cRH/tsP~OG7PQN83v2n	35uQ~3?V,Check sum is 3
test,"'AkzdHDo+?f^Z*-{S2djPvF!5~O7erK !]a%@}6b0%G,&EBhG",Check sum is ^
test,"?aflRo3$,?C42<#u9AM?]",Check sum is 5
test,"?xN- FHxLqY_j;0>Etl42w9^8""",Check sum is 3
test,nw:W+/(Sp}	*v%bb;D[(_HJiY0OH^^mC!2N~fk,Check sum is B
test,"?vg%<+=jr^~%n1}Mg]@ ""@1i|}@X(F ",Check sum is J
test,fc3br4>@%n>,Check sum is 3
test,"U[cn$2J7}J"",a~Gf9P3[TH9J*HQm4Vc)",Check sum is U
test,r\o/hGYi}PA,Check sum is K
test,"N[IwVR	t}l5MP'
0I~P4nK%OO0)gJKmq'_F",Check sum is P
test,"NB#D<T@+pJNL4K9~M<5}
>{uN' 7F0",Check sum is Q
test,";yUo)jOc88<OE+{(6,6C[N!aUE4w(#E	bPQ%Y",Check sum is P
test,"I`gvwF4uG
$&EqXDJF}]>Z&X=UF*ej(/; wX""P#",Check sum is  
test,:5M(o^NdYAnL,Check sum is W
test,79,Check sum is P
test,I=#,Check sum is I
test,"'O'cU,7&EsM",Check sum is C
test,n{yuWAUH4Zim!}e147st6ba:,Check sum is I
test,*j%.v3 ;r(XI~K},Check sum is L
test,"`<(?B$,3H-(m[o-d~|jVSr|0]/gG2rTc5Sk",Check sum is @
test,B/gvhvFR,Check sum is $
test,"]<[oOZ!>]`""~JQoI#_a/daRxY	4pcvg.z1J6d&ona]THP",Check sum is L
test,yy7<kI1~pmc__,Check sum is &
test,"K|F'C<IC@Hr~nGBpgT2qe""P&|s{QkcxlX#F=m[EQW/Pj|{J",Check sum is #
test,/iGJR0hR7D'\b`_bT&HxhRmWJP-/Bv_?4?:8#3r)\vmcM\S,Check sum is >
test,!1O/F@X~,Check sum is L
test,"@D5M$P]lr= VCq|X8\jAo@tQm!Pb[v?m.~h~,""4k_u's0+\6'",Check sum is A
test,nr=}@FB8D+	C ~`y]dG:o,Check sum is ]
test,/4*;_jO/'szUjf&f$/X#v31,Check sum is \
test,"=E#sFZ5W~$Sio	
jC~\",Check sum is K
test,"F64d-AUjRjW\1-w!me>|S{P}S""1EPZXs)l;Bit~-",Check sum is '
test,"j/'<L3E%)3wTQ%1L[du""HP",Check sum is M
test,":aDUY&\?&-Z\M)8i^N#""bl0Te	Cl[0O'NPJlT/>)\[W[O",Check sum is %
test,S*sox+?Rt}_MSLRmLQaSUHQZw}Tea,Check sum is U
test,**<|ES@=Iu4z<<,Check sum is %
test,nC1bwJ*X~|[gA=x<4nk2N{07<Jf^.d;vN:hU^}B\I' %5sc^.&,Check sum is A
test,|?w%u,"Check sum is ,"
test,"J0tGps.,D'\KN4v+",Check sum is G
test,";[.G)w|6VJsv}xd#^fGI9
8",Check sum is Q
test,'_QG6 {@~8:ULf;e],Check sum is C
test,"<k#CkMgG,",Check sum is ?
test,"
Z%!L4 4Cd64|q5Z`",Check sum is K
test,0lHIS,Check sum is  
test," &3,H1]I;wx{F5*ja'X:y)Ky:0P5`",Check sum is '
test,"Dj~KSP,O",Check sum is 5
test,"(Gku`Z;of3?
f d?BeYOAbejzF@[mj>:Hn",Check sum is ?
test,$jL	x>h1{U,"Check sum is """
test,"'5$UU>]45/${jjZEkO>
q_c:XqOd#4AF(&%		",Check sum is ]
test,"1xIO(&]8]Di=vi:-<""k
B:e3""J{:;OwI5C %&#",Check sum is )
test,"+s!-Mr-0PikaO""",Check sum is ^
test,LcJR\9`gZPxTh:[iiY,Check sum is %
test,"L8ZgGxVoWta7
8pb(",Check sum is H
test,"ZSK=
V>cxaRYq]:gD4ssAhKQ0'wDGKJ	""61y$`C,F/zfDHT",Check sum is M
test,M=Z[a(0Hn=(n5wfq9(P;,Check sum is P
test,"4^DM,V|D(v",Check sum is #
test,8!n+AJK?}!2c==1FOrb_z~ncV_B^eZ[VM~e,Check sum is K
test,"Kio6-*h>,FL1!A'N%N",Check sum is /
test,vzM|R;ae)Bq<L2n/Ylc$YRT<kv0Lq->[3S h4qJA|1T!uaq$1,Check sum is 6
test,"IV%Qi]fSub@Nj_(oO|&L< VG#L~R
",Check sum is 8
test,"x+MQPOzb%7&.	ce	gp0
/qY21'np/,vp98SR>	",Check sum is 6
test,"m:>L,,%~C*lw}1lrL[`m4^=tH|Scg62-!>Sgz%",Check sum is M
test,uW>Qo'jJBY,Check sum is  
test,<_p(o,Check sum is B
test,"Y T$giT&sl0uv?bU;u3/fva$t4mM""wWL,~`3c~:7+|",Check sum is R
test,"i|1[q(!#""eY$K((s;na1ISy",Check sum is P
test,"gC}""",Check sum is )
test,"KG_z#7&4Hx<dafa8I_	wXX&NrqM@0+u
Abf1T|PGLl*>Zh",Check sum is X
test,TT~,Check sum is F
test,ye/^Hg7,Check sum is 1
test,":$]
4a0 \R&2<Am%QF8c?&ona^qb!$oVjkqs",Check sum is (
test,L]vvxtI./	}Ba4%MVIElh+obb=:]sl|BxCdB9ZLSh-eT%p~,Check sum is Q
test,-.|8UnqMs\!	}@7S.9Z,Check sum is 1
test,HWB65UG?!,Check sum is (
test,?c$5rJ ZH	daP}(khgjXGY|Umf|1;Aqq|VFZ-G5NmQp2Rdf,Check sum is L
test,"'acVU;y
bV<%lzp^mM`6>DX4G+bw;|&ct	_'I""u4klIvmtc",Check sum is [
test,W7;wS,Check sum is 3
test,6<,Check sum is R
test,"KCe&ZW1]BQ7*h#6<R
%.MEe*(`'r&Aq[{{R1b)ElB 2i2fq",Check sum is H
test,"q#tg&NIKp^79HnPD,x1M09FrC",Check sum is %
test,>UW0i)_ZJkKr&(`E,Check sum is *
test,"\
VRrXy8' W8",Check sum is ?
test,bT_o=`gl,Check sum is T
test,t)?A^Ozge02B,Check sum is T
test,@h7	W&m+QvGR;FFdt$Bq,Check sum is 3
test,"`$`=X>lJ""J	hZyk|9dnzZ9v	6;Y",Check sum is E
test,",WlT~*H4tR&73(1]SaDvz5",Check sum is 0
test,U|cB=qOP\Ialp-hk8M`0N**?'h>ArUw,Check sum is G
test,"D(tB;*uO<]Q
22c.V?S@`IP3PP&o;u]0W,8oniN=\(w@%XFr",Check sum is V
test,"sel@l1pCw*""MFViU|}C'9[D9o&lcFLrIG=.r j+s3R7F[","Check sum is ,"
test,"]wrG:_1m\xS,rjI4Z1#FZ|#l*dQMpp>2U5>zpw-fVd",Check sum is [
test,"@;Eq%OV5SQ,BS{bgQl",Check sum is 6
test,rQq&,Check sum is :
test,",\?:b,",Check sum is /
test,"'kvV9O S
Ymq4YqIS-<m{fw[#e|v>AfKQ;j6e[u<PiH@TbBEp8",Check sum is J
test,>GAq{+Z`3S_0f6.yp(,Check sum is '
test,"<|Mlz3$NL<qU%U
/?0\GuP3J+D@cb7*YE)j""3%KsQ[,8",Check sum is S
test,"U^L^h$.wB""0|o	
",Check sum is @
test,hDV.4$vm#&49KTew:Js=_\jR,Check sum is '
test,"E#[Ql
KHh]A
!zU`zy=}]~x08G?szN/,YmV",Check sum is =
test,"gbE\,;@j9!S|<i'DnYy7r.Xn9Z[apl|?.3`H~",Check sum is ^
test,"0%5[*te0\SF25mA,7e)|nCq",Check sum is Q
test,"uV92/V3E	8<Dn\^u""u)}",Check sum is .
test,ABR\J.zHS)X'Pjd^4P<PW?&RhE$2QZtH_x,Check sum is !
test,"nlrUF46zda$t
*`A/y",Check sum is E
test,k?vn6wsD0~<-HNR6}t?Ye*P8`}.#~6,Check sum is I
test,"L3I;C*J.Tv!qXDr""JFoH,-n8uE}:47iQWo;",Check sum is 1
test,;yVO^?B:W ,Check sum is I
test,.r}y-MVbcO@!uBs\ ppg&|#/,Check sum is \
test,FxZ5h8424A=OX>qJQ[^rf)u$,Check sum is )
test,"a9}b4[vMbw18u*)$:_yR	0}uN/ ]4mlc=bU2xx=4J]""
WN@'",Check sum is 8
test,"VS]c*,6nA",Check sum is D
test,"-w<W/
=oC/V]{S6LrEq%WKC;)",Check sum is G
test,"C/EJ[tPZE#^9k =|'~""g3hsF",Check sum is _
test,"'c
,3QB",Check sum is &
test,"Wtu7==""O'#El{0zG/n<Dn1e>*T_|,z)",Check sum is 0
test,"
d- j>9&:F9Om}C;O3l1H_y`/b9216YxHLxD",Check sum is 5
test,+2tWSY[_,Check sum is .
test,"0Ms z'}\JT+Q,=eTbsmfRY]""m:z/l5i{",Check sum is M
test,Di*?aOtZy=Gixf+^2BlD$pRx`,Check sum is #
test,"&C~mS9g6]5Gi^U.*#Ulg6x=4?Vcf]m?,U: 
D&7;u#+l]?w",Check sum is >
test,.hX~iMlUFcOI,Check sum is D
test,"%{}/8r;Ya77fh""3*\!?)sy=Tr*t,Ad?",Check sum is H
test," /9,lK_Slisp}IE)ifx=2}\nO`Yu)W9jenaFMxuhz0O7H",Check sum is Z
test,:VW?|%=KA]}n%Alp_5SK<`?Ho,Check sum is >
test,"g^q$d%5?QK;TWI	fyXUU6s]3f !?*w
8_rYPa;8KDQx@VN>f ",Check sum is <
test,fyzH]'db&IW'+,Check sum is #
test,'$	v/1<Zyyd 8~lM|8]~`=3lr,Check sum is B
test,"	%uWe%P1DJ-56MA""Ln-r8&,vxx/bL=Z[_",Check sum is 2
test,-H%tS$Y>e-A]n4#G#dB3$1yAiXOag?5PjkG,Check sum is ;
test,Pb4Sw;IlCw&e0rJI,Check sum is :
test,"TaEh#@Y9""]XCg{wy;mx^R _}st[",Check sum is 1
test,O5rJf_gZ1Arxz Dh^)aCVoYVM,Check sum is 4
test,"""4}`FMC00-10lA4IO1p*.ruru\kQ<`:kn4chHE-5xI@]-",Check sum is W
test,G3Tw'Ryac6HOgEf%'9--zO7}V#t&d^lD,Check sum is [
test,w#3+ZO7{WdGs*/}xS{vf,Check sum is  
test,"+B""1J\Y6<=g*R",Check sum is 1
test,"';,oL3=}8`OLf",Check sum is /
test,i2|(lM}GQ,Check sum is -
test,",mJ?=TreA+dS1[Y3F+@+RVk
z%ZE=bZ-iIJlWa0{q8~>1)1P	H",Check sum is ^
test,"+4Kk*T&{kzE0oxov4VlFq`)wg*)b""@",Check sum is %
test,+K;BZOR;Y>P\tP5&5	T1*ajh_%Cn5o,Check sum is $
test,-IK1Yy<[jHiAWeKUbYyj,Check sum is Q
test,I\L%-yjgA%u#d9UZi|Zyh^j+>[zE	Lyj?C -\1z4,Check sum is $
test,z>W?gJQ,Check sum is 0
test,"J*)
g}F8S[we",Check sum is 3
test,"',|XcT:1HPU",Check sum is V
test,"Rv1uCi'R
X6ghcjW<qJb
xJclh>Yc7ll$D",Check sum is K
test,"|O?SMnpT?^RQm	S\r5} TCN8 n0k4C]^QNx|j&uRsun(BW
",Check sum is (
test,"E""",Check sum is G
test,"KSY8\*t%k
JAB6U""{Jtc*L",Check sum is /
test,RvA:L@g?811}Ji|y,Check sum is T
test,!B9^/@w*1+w,Check sum is =
test,U Y'I4@87)i6ErQvz!Z'oc-'GWs1W6XK+0,Check sum is V
test,{8F:s@:R>4Z1db^TDO~vDwh;u	z5b}RxQ(.dYb|_zcS&:xu ,Check sum is @
test,"o!xn!,TAZ(?[nEP#5",Check sum is /
test,"L-#3dH(*&,-)@?tM@",Check sum is U
test,"j~F.Y *~pD @HY&Vu@]9Z
X*y%/`0:,m",Check sum is /
test,w{oF[fPT:edD_R_qoun,Check sum is F
test,"M+TBNi|`D=#/&ZVq	~Zz)N3I,5w~e1vGsE-(4m3}%h",Check sum is =
test,",4\i(d+]HGg QVB""#^4Cnh~	U",Check sum is $
test,".<,NGR	R:<CR
'r_4",Check sum is 9
test,:^X	Urx7}lj2jLtOH.m,Check sum is 0
test,"VxTuwo,.",Check sum is 7
test,"okiOz$v5paXQ2<,;c||c?~B+[Vdi9_@TIbTW<V*~%Iq7A5`X",Check sum is 0
test,"#,j5 (u(+W!Z,PUL\]w@14%5S",Check sum is O
test,"X(G+Z?+.Qc
;
<{5ZN:,IiOj}aMV;BwYIMFj",Check sum is @
test,=KL NuTp9*=,Check sum is ;
test,.I2eW!/1[l|jBTv,Check sum is ?
test,yPaBpF1nizdcY4Zxdqe^Y:|7Pvyq,Check sum is 8
test,p3ZKbs>,Check sum is ;
test,";\JzN@EN7aa
Q0yq""l}U@N~93,!>@{o",Check sum is W
test,crSZgcIO,Check sum is D
test,"s^zq$.d^)F${.AMcJ+@NBd}u,(0&5@Q16K>o:|Myzq^",Check sum is L
test,"0GHTB;la<Q,?&",Check sum is [
test,`>{*Z8/'~n|;~e3gn{scCIos6..	\z8Z3UE(UoO4^,Check sum is 5
test,"RmTn""h.o3G4FUI*iOrple	yi	I,|E7?-kT:iSq""",Check sum is D
test,"gf`_:gH3orm{L;Yt2W.2D=cXyvU""ogr<",Check sum is 4
test,"'=6aH|`HH4@%JEvQ]/<kjy^7n)@Ema Q)%MR_
@fLYi8d~?",Check sum is '
test,qRN=&MnRO)=u}G,Check sum is O
test,"bG|eYF].cQ}_~Gqvwr`hJ9T	;Or`j&5cB\Z,",Check sum is I
test,oQ>q4~`9*O#\t1XxecLLB_nnqu'b!RTp9n#,Check sum is T
test,"E;wVu0I8Ph4>)	CGbClOg""SQ2",Check sum is 8
test,"(lq-r2/
=(6Da>N:jQ",Check sum is 0
test,"v
 f^",Check sum is D
test,J$|++a'_rPl=#XYznP_|Xy@mJ1Qi,Check sum is L
test,"$s.Jk&;&NebyD}>f)4ibo;Hauk9+"";p@d[{)ZR\oF",Check sum is @
test,"mh""^u1(njrK7",Check sum is O
test,NUI:JLqGV99Q(4(1r-{1CQ=u(}#f/(_L>t}X{ZF,Check sum is E
test,"rsqD"">]VM9mDu)QG-`*,zz L
4ftvw+Gfw
8D*4 ZtooQ*",Check sum is <
test,6m=CG,Check sum is J
test,"SA@!CsJ$P""nb^\I*I>k@s?zY+]",Check sum is '
test,XDnP$}],Check sum is 8
test,5Q$b2HthA8b38#+;O:WoTrpf>]Y5bI6<rAD q%rR__qPQJV,Check sum is #
test,t*aMlq&/jv4,Check sum is 2
test,v1[/BsKpE06_ip(6w$Hd{,Check sum is D
test,"L*<T G}Vb(
}
gu?K='/	%d@r:j)qDN?FTD[&cX",Check sum is !
test,+/Ld,Check sum is *
test,"NO{?X{K<~5qYT6Va~8S	Ck4J4
T(o	'WX`zp%f7j<]
t","Check sum is """
test,oSElo(ORqKC{'){'AYM%=`@KnE}MeJW2-XU9	%,Check sum is !
test,b@&~Z%=qBY[eb<),Check sum is 5
test,^ZR+URKDLeZcjV!cGzAAPY`ATk=p0[,Check sum is A
test,d<i(!1/o8f`y0 8Vw]&w5PHy.1v'..X_-nozbS#'7]@_Tcxu,Check sum is 6
test,"IgIV7Y\z
hu0~#q3q=&[,LH
#zOvEO4%	Jm?1&3OYis7LgSWp9",Check sum is C
test,"$(UJn4EX(Z4h;vvjZ*g#uVL(h$sqFc9#	
4'49",Check sum is V
test,l{/d8}bHi6UL0SE3`I1SS[w57AI:9~+0VxrC&.@,Check sum is _
test,}?-.Fdfsv68!xCz_=@,Check sum is P
test,"#3^*rMB'aY5\4hlnM.YqQG(?D#*!<.s ,2;YWl-0ET1,V@ `IZ",Check sum is [
test,"C>;Nf!<9h_\N""*;{c+#-IBM?x",Check sum is F
test,"(JzhL/hjw3nJ-Y<;jE=AeC""jRj/
",Check sum is 6
test,J\jcSC6)_CRH@}u$]\NUEW'jvkkWqHv%SCYL,Check sum is U
test,"b6UD{Sm+GI/Aw,P""$fVdZ
R3$?5bg ``@ ZW8LlO-",Check sum is 7
test,"0,q@:{+;0)",Check sum is !
test,X'}H^PGpFYBt='\sfAJ3<XTD0i[%H`D%P(,Check sum is C
test,"8W""rK:h",Check sum is 0
test,"3s7[y*?];l8
18fiI[U+NVAwAs%'",Check sum is 8
test,"P]=y~@<\gob@)7dS! 8(~NKtB,+&",Check sum is S
test,",BDt?	YBTPY\:WtqyL&",Check sum is #
test,"~p""lq",Check sum is M
test,"Uzrl1)ubWV-c.W}{uPo
^!SS,",Check sum is G
test,4^ah(MrDXx<$4Ov`aY0=AxO`;%A^0h,Check sum is U
test,"5E.PW,_T",Check sum is N
test,<U,Check sum is 1
test,"&yexr-
CDIY~a}fqp=$)<~[>\'t;:KTTbzs)m|=lUaw-g  d.&",Check sum is P
test,"WEc#u|`K7H8|~T3nClP>m^kH,%#sjgE_6G^P
e}A",Check sum is 3
test,"[3bPSKi~Af\5X$t$gAz@jQ~$EM;
N>N{X",Check sum is 4
test,"dlU-#""iv@dl|eW%VUr!MdEIa >LMC}t4Q
s+k",Check sum is $
test,~(gypezc;:E!}5$D)u[f`$\[E&pl/R,Check sum is /
test,"v}T,|",Check sum is O
test,E>BQttts!tTzx7l!yQuu-x2,Check sum is /
test,"b#W9U!qytvv""\W
Sp&#k-+",Check sum is #
test,BhEQW6I?DFav6t!<L7pW*ZB6oGE9RJX4]5,Check sum is Q
test,"m*\,^NEG,",Check sum is #
test,"VziLa9A7vh<49L0~8&49o'Kc
",Check sum is Q
test,"@?nMus;M=;@+,pXpnW{g.7~",Check sum is [
test,"
fn8Uf&y8v+^+U&qo",Check sum is M
test,"#}jgm@=z%dn+085)XH=/,qh)CWh)Dx[UF0xm15",Check sum is /
test,"\33dBF{O{+;6cb2ukP*zc~{6q 	,;=",Check sum is J
test,"6Ko~nE5x,X-2B;fq@^s",Check sum is 6
test,J@j	2!\T>B9_-4*\|HFhdtL3_gV1	GFH+-i&fKz'!k7J'yTmP,Check sum is J
test,/i ~{&kbw.stW},Check sum is $
test,\dc~jA<#46g/vAT&aFm,Check sum is P
test,JCkd)G(	AC{K)4XA_fb[6 gO3 $A{dhn83~zS,Check sum is N
test,9R8x1x(m HHN)6tYt)q>a@-l,Check sum is I
test,I	%KFtZYSQ)#vAG6i,Check sum is \
test,rF!+md	%sO(.6x*flxvm$,Check sum is $
test,K;F>#q@t*y],Check sum is 2
test,"""kF{'m~G)G_Z`E:-g*X+EL3",Check sum is T
test,n</@SyOVxwCxvPyQW,Check sum is ;
test,"Zi_Wf>K+@VoeV/BL#Cd	1EC,""=ZY'Sd^w'J{(~^,",Check sum is I
test,"J:.j?j5vbIfs|9&Yk*D?EM5WiL&	9ww#4#D?`o,$",Check sum is %
test,"T}=>jyJbBV
GKh
",Check sum is !
test,"{[LkOWwq[9
))""sAs7)37F-""N9+sk*8h/rG""H""ij,%3",Check sum is 8
test,"|QY5Q[pOV1r_tz
.Tc*S~>@(ilM'$tJLLp^w",Check sum is D
test,/T\9UmpZI%v81,Check sum is Q
test,) gLIq:Y\A<`N7TD4DxxbB@D/8!H^H@5|u,Check sum is +
test,z:Otgzy.0Z`!a,Check sum is K
test,"*,[)>*N_d.>14xoH0D&cbtE
,<iy.|{Q&vnhoe",Check sum is [
test,"3Zy9O<-5~~3H
A$xN{&l'81+, .L_y'-G85n2|L",Check sum is N
test,'1$w${k=fHL#ePH#upKbdX~>,Check sum is !
test,"f=
#O8^%+DXsE <x9D}s?tB9rvmhO_Ozn<}*7vu|TB&Dp.H",Check sum is 1
test,"cP5	m%8><izzb:> .tLU&;T
v(2Cj@",Check sum is +
test,4a_Sjhs4<W6zg^f;NxnfL#Q^Sh,Check sum is <
test,"d#n5vFl"",Fc=J+<VBDg
RDy)P^f@/'G(",Check sum is 5
test,"L2NB X^=iI1N<""c{k43}5!v<K$dH",Check sum is  
test,"	3lUDS7;eb""B8B$1qN4""K7",Check sum is 7
test,v7A,Check sum is N
test,pn-iq,Check sum is E
test,P7j8u\j&~SGfEj@E_yW3B`e<^q4g4&7SM	NpMx;RD2x,Check sum is #
test,_N$I78)%`rG|: w5Kf4_X#<9{,Check sum is A
test,"OJJD9H]!f>i{@N""3D|I.1s$e.:2,dUPpW",Check sum is +
test,*z,Check sum is D
test,t1G=5O;WvPGM0b=,Check sum is H
test,"hh	Qda_1=*r/8* 0rcC.`m
Pl	_$%mL|S'i4Yx&!=[\j%/",Check sum is 9
test,"]@JWye]I	/h?;Br7{<jPjM	d/6r""#8]j)QPA|;f,",Check sum is +
test,"CRmE-G'""d:%HU&Sc%<4s~zHkF%""\]2>C)^F!",Check sum is :
test,"D,;s):X6d.;5L",Check sum is =
test,"3CwZhrXgWhBVLwG}EA^j#99`d?]y(:fbAAQ)5;
63RK*V",Check sum is @
test,gl.xZLuPHW/W`7'B!H1bKu>3gI+p,Check sum is !
test,"&5?q(YhvOkQ<<FU<5:sYX~P,pvtxE fk^
6""glW!pk]j",Check sum is &
test,"4Ud8rRmG-HIR|\Z:Z5E""=@G&2OlKIW-cf",Check sum is '
test,d$,Check sum is (
test,"]
EO[G_YI,l,x4OW<M,]AFl-x)RW8Qi",Check sum is B
test,"B
omrE)",Check sum is (
test,"(&{da5\}.H
.GRIx8^r5""",Check sum is #
test,YPc?l}*0-@|EtygU,Check sum is E
test,"mCA;a%THEy7f,ZY	vGay=An
md",Check sum is O
test,KIE5meHLK)rd6Se_Ep1}(dv2,Check sum is B
test,}r[4pVc4=GSv$#ND,Check sum is !
test,x(o?j$lpsaU;,Check sum is <
test,"|xW^yP(Y9!r,6O	?&_k_(BUF^=	7;a6n0.8|WPG/oT({Y""",Check sum is W
test,4YFkVvC=aN Uum'g8xBgrbB!f8;CAJRRka9u\#DU!xM6XoOi>,Check sum is D
test,@0T:<2Q.QfmJo7y3MCk1z}~~P*sBLZW,Check sum is V
test,"O)b(JP/#+Z6 y>rs,3(u^e'/$D%J<4-b",Check sum is 0
test,f^xU#XP}bmdo+{ m)u\H(gYiQ]3D]`7h,"Check sum is """
test,"Sx[BRa0qpJ, H%w*5OFK?j{U+ 0>GMMbTSj%y[",Check sum is D
test,"'_}qXKbeLNNxb~""zu({kc?x(B DT=^&iZPOYuGI@%",Check sum is ?
test,"wBDn't0F\/YA>z;bn""M$A:fd!CvA%;'K",Check sum is I
test,`Sa*lJ,Check sum is T
test,"L"";a\%Y=qI}]#<y^2""QVrb$SxUwl4ti*p`UA)X~K9VshlQx""N_",Check sum is Z
test,"[/_N%
7xFK]MB0,|{PW-1N6dpy<""mk?n#",Check sum is !
test,W/p;^~AI $EP	>db4p{kKiV-d~pXL~8g{^dN,Check sum is <
test,*S;yPD6p~0u6*5<$xa_HElf/#)*'?3J~way2H},Check sum is H
test,"W3j'_|Orp+""Srj{:",Check sum is 8
test,"f""`&hVW	o}pthJ,yp
noVQ-V$sD+nG""wI'x}R=&]+hTyfoTc
",Check sum is 5
test,zXtH~\4+ra82H,"Check sum is ,"
test,">
-QJbm1'_eGsZqQ
A",Check sum is <
test,?Bz,Check sum is [
test,;mw%E~z/2x,Check sum is :
test, Gu9:mePWL 8lhPXui,Check sum is &
test,"4>'Y}W}
vS,4@%R.gW<XYHHgFtn_5a=,)4YDB^e","Check sum is """
test,"N*4-O3ZXTAo.vGRa4e%4::`P_(KunxV$R%z*PPwLDt""Zk=H_",Check sum is M
test,:#JLN@-)ZnU[TubP=8j}/f,Check sum is [
test,"oS9Rj)&u[	""/EJ	G?r",Check sum is  
test,$mE0LX angv.%{)#DO'%X'h/[(^,Check sum is F
test,ya/2JuI/nr{ oHw_Wv'62w:/CeE~v?;]`b}>[\Tu0]4,Check sum is L
test," 2g}%wJ*]SqoW6$p'HX?(9
n0;o2?2^JErts7",Check sum is 0
test,SQG/f9RLT@a!C,Check sum is P
test,"cu.\176@MIP	3jLg?QAi`9V;p8	lMM|$	
q5<I",Check sum is X
test,"S	Ohf
zOoC",Check sum is ^
test,2R	z^R7-=0Ppy\O]9?<v_B?:&S+>n~o8z@3p%Bt[7Q]f>O,Check sum is M
test,xlMO	a*|$;u,Check sum is D
test,"Jmz)m/fz\4B8+998s[S7\<',R![h",Check sum is N
test,$$?ebT,Check sum is B
test,wN#MLRWAdaRCqq9Ud|Z9/6j!,Check sum is 8
test,=:,Check sum is W
test,"M(qu?	i
 ",Check sum is V
test,"Ddmx#cL,Us_f[PitE,",Check sum is 1
test,"V?}M9EZ0,""d'.bb%jH-",Check sum is V
test,e!T\lOgzRue,Check sum is ^
test,"4Z5/ulX'O\(N,",Check sum is ?
test,"-??#'pgm
/Nhz]Du",Check sum is X
test,]~^ )+IE3da~:d,Check sum is /
test,c+!txgO3dIop9W,Check sum is @
test,G=:`-@@l3=RfZQHBEA9\F!VJ3']*<*]JxCq}lgd]_)Rj,Check sum is E
test,W6LS,Check sum is L
test,m?=,Check sum is I
test,MHoJ/=ntskR0,Check sum is \
test,]:1.[i6M~n^}qwS{3G$<,Check sum is 4
test,O.K:%i#1y!Eb[7lt~,Check sum is 5
test,"rkhW$B,!CAWI/[m\XycbZN&lR!P*Mt	'=^!.sH3^rF|#7X$qaX",Check sum is >
test,w	Ph<^y?]$|`PK,"Check sum is """
test,"4S}(3*W`Xtvzfq
l+2rhM6Xx_`kiV",Check sum is \
test,02	,Check sum is K
test,6l5utv(:f'2nW0RIq3sK;5,Check sum is Y
test,/2z7Up#o&D+/ePf!vj/::Hsk,Check sum is 2
test,h\U?O!J/Yp`,Check sum is J
test,"5Fp`^"";1G),.OQc",Check sum is $
test,\rGwP,Check sum is <
test,"ny
C",Check sum is T
test,M..6MpL0u(s~J'<_Nw|5{BS\|J>),Check sum is !
test,`r(D$U]hsBHMYPbT \Ug<N&Jo_/s3k5tb4ZAxk,Check sum is B
test,"%e#>	8
dabSCY:5W~;dZR4{!SE+9{;}t*v",Check sum is N
test,Gz?p!}HmmG,Check sum is W
test,{e6%}?_M[1 *.~}YX2#JG$ne8X2/bm,Check sum is P
test,dY7m*qQ{JOR=A?z\'>[MQI?\TJ_+5&l	4,Check sum is T
test,"ybwj)>QhsHivsd"" `LsHd:4xNAnND$]?p",Check sum is _
test,"@6$@dj"",]Mg$0aQKJkT><,0L1@KSpi#A0kp/;~[Y",Check sum is V
test,"	Kbt$RZam$""Dh	",Check sum is #
test,"qW:z7k
ZM*dwDJ`aS:g@YR7	wwE1	$0g`epd~u""v",Check sum is .
test,f/<.b\$V^4TI[^D1]7,Check sum is H
test,"""2X135N L&qT|5.\qHLZ?XqN HXq&9Q1XQ &2}^uXo",Check sum is D
test,Q9D,Check sum is .
test,"qW@|hZ,1CTF/vd",Check sum is )
test,"XaJ$9<O!'cf,D?/ Fc\I-A>{|	a]?%",Check sum is 6
test,Uw@<b7d}*,Check sum is L
test,=	^4fsv/R,Check sum is H
test,[5Lr!o+b;\SzrPf\\1l);\E+Gqw>+xNa#m'#ZxZP$<f,Check sum is 7
test,yz|oKJ2a?Kd6%@>'zVQBY|IXXVsKp-6>nd@|Hw#BQ)hbx.]ST,Check sum is J
test,_QfzOR.,Check sum is ?
test,"z7p
zZ
niE:uk",Check sum is _
test,q$7Ymdr'l9^[y~+/_v8KE---YI,Check sum is $
test,L9_ik$	uy{=,Check sum is +
test,Fy(viiidYwD-BBtMSdqb,"Check sum is ,"
test,wKS<){*Uc[%D$/A%;&q.+gGgQ~U9>\,Check sum is +
test,( DXS.wk.fD=azPT*^}k+Dy,Check sum is S
test,"n2FB'AW}@szL)*#E:bQ1""\oK@=^R <Vc}r[cmCr=`[La@g8>Y",Check sum is :
test,$Qu8^HaB~5Vky%SF>f-,Check sum is G
test,"+B\B8^#uZ%{4cnad#,G:qaE4o]>T4{37lz6",Check sum is K
test,6cVG,Check sum is V
test,)jGr^Z{5OEI-wB6+` HYRWQy1C|0<,Check sum is (
test,"(b1]y
tl\PNa(1o[?>A0:R,|[2\U~kG0;s",Check sum is G
test,{$dgqRRRgU17bga\y-Qi9M'Q9D'z8vn:Y ]e%yd{,Check sum is %
test,"aqkIcb,'4n~^g""Kq)x9o4 rt#xa|Quza9P WQ1c9i7]UlE>_0",Check sum is K
test,"-it5FG?Q6UBdcXqRkiL*x,c5",Check sum is 1
test,")~D<>$mDj#=`/&vI:]L&q<{X__SZSI,!8t(",Check sum is I
test,"w8:]2V?V;
C2w
2ELO}hI`g,xc c8o@doBRP@Q:=",Check sum is 5
test,lYZ0 #>HRC0,Check sum is =
test,KqdkzH;E,Check sum is -
test,"z\t/p-Y$:\b1#$'AfkbA)F,eMr",Check sum is >
test,a	;H!u,Check sum is #
test,"STf5lh3x+'vEu8-j<FpV::$>Z77-VqP
B]L$g/""L",Check sum is 9
test,ND\.'H8dV	VPQ,Check sum is ]
test,"fz\DU0?D,(nx`48v5j'""-~2R_
m",Check sum is Q
test,", ""qC+O1'$<\b5T`B2#""@Z8",Check sum is &
test,"5/	sD2qY5W]DB0xV,Rb",Check sum is M
test,".	S~""yeA^8>9Qqn9A-PU6UaT,`<=sQy%M1,98U&I*0
X",Check sum is 4
test,"Y
J,&wDt^L",Check sum is 8
test,"y.$
@vW.",Check sum is 0
test,"VrU{L CEe	?QkyX,l({",Check sum is !
test,%{HuLasJ]M5\ZX)d:e=PV,Check sum is #
test,"z""*uw);fe71]X[;-V<5K7Vm",Check sum is -
test,"9""\8|o!j-88 	w",Check sum is B
test,"
Cf2[TT.f-a%Y{""6=t8Sm( Ve#jj{*DmZ|
jwdQ&%RP`",Check sum is 7
test,;Yii]/Kz]\FCvCR@&qHOD,Check sum is V
test,|3h,Check sum is 7
test,	R:omQlhF-s #ajOxo}GNjsm[jb,Check sum is #
test,C9wJp/X+	M~dK-f/ZS&1~'KD}wSr<@wrCq7IaFkI^t,Check sum is ;
test,"be}HM{S(,]2-;J""])2+ql[g~(a+GJ
RC.o *
ACOe#cdIFT",Check sum is X
test,Yl/C5|'I:k>vk6*F6{8BFyU>$5,Check sum is 8
test,;<Zo,Check sum is  
test,0im <#31y1$G`MyfdA,Check sum is O
test,gg;W]axz,Check sum is 0
test,"l@pItAD;Ip""]
~(YA_=LP""dKQ1qN*w9A}9",Check sum is V
test,"!`""\N%!v5= >YlGhLmB",Check sum is (
test,";yZ1*,>K#JD5M_V",Check sum is &
test,"H!mlu<+b4!eN|""[,mvi[s]U7""TB_C*<}:G""Q",Check sum is A
test,d|w$#u]=WXO$dvUe:g7N}H<J4,Check sum is (
test,x:OhD} xtiUm5w&/bfUz2K{5&Dbf0.r,Check sum is H
test,X.(:EbQ3?bCZ@4J2K4Z$BL.ubtK@y>BWx!rodV kN7ddZ>O?L,Check sum is >
test,+ukQ?Km>763gX	%^8x\^X+`4BoETIayO?>%v#ir'+^D,Check sum is #
test,=wa	dJ,"Check sum is ,"
test,5WbfaK<']53(D>~FeT1zZ,Check sum is 4
test,1|Y:Zc&zb4e%Be,Check sum is D
test,"2RZ>1t (, xI",Check sum is 6
test,"g
)nJ!	>$nr<*)]G!m $_/F#
]cGyp@p5 b]3H",Check sum is S
test, 9ew~nyTrl-q#FpCRNuWEN,Check sum is %
test,"%_^l,z",Check sum is T
test,yl'+@Nr,Check sum is W
test,"<3=zPm~@
	 oS]
z)d+]GWc`T*0&[/,y`o4x6J@vD\JlZ",Check sum is 1
test,ym?|PN/}%#	!m	1O\<XwOH38\Y8aeyMo$8i,Check sum is I
test,"Av\pJp.#*tPb"")'#3$""N( Oyo3NKvRa5M.6ak&vn4rE'Yif",Check sum is D
test,";r.)VtL\Y=`a/Fk
_P,&b !dV@kw7",Check sum is N
test,";43O)d|zb}3w2O+U~QYXHK\ *t?""oUH	{OQe%@}-9",Check sum is I
test,"t""H2tpDy
puP0c0e",Check sum is 8
test,"4J/	
""c&!Djhr`i`21t>\l IO+8A/}_+xo",Check sum is 3
test,^&5nI\INKB|,Check sum is L
test,"wLG#qGCEg,5Y""` p`*MEQXPT""""",Check sum is -
test,f85\zW^d<j5,Check sum is =
test,Of%I5G^,Check sum is ]
test,",|kv3",Check sum is \
test,";|b'T.yUF4,Jv4bZ9{G=d&SEQmZ!W""uBtp<2#&Th<msG/B0x",Check sum is \
test,#?~!pG>Tq=Xe#=MGREc9n8xZ3o;Y\mD8<p_s0R[J]F,Check sum is 7
test,`CS.[ve|2*xi'K\1x 6xoLKGGWU'Er,Check sum is V
test,XI%TQ)$d<w]tH !cV:R&N|L&}(,Check sum is U
test,`:!-,Check sum is H
test,"LJP;<tHv
H{C\h%P=v>Na8v`j%F+9$1JbMVDV6[nke","Check sum is ,"
test,>~TlGf.K=lZ[,Check sum is  
test,R'nr6dndO,Check sum is 4
test,"5I]:R
[4",Check sum is  
test,+6&,Check sum is '
test,"QA=,lHmGK,3U]",Check sum is _
test,![PVi	/am;sO\a9J]Kpspt/owy[_p~!E<HJLr,Check sum is E
test,cLwn@)vUV`H}Asg6N]s`(9]s7@kw',Check sum is #
test,"/8BAVh:""
R0~""1",Check sum is A
test,x!N^{XkJCe^Bg(,Check sum is D
test,"/5@O5}WS,F@~dhOFrO",Check sum is A
test,"cB YLvc,fX)cii`
$J|",Check sum is ?
test,"<|Kpf9?'+V'?
6%NB.mx|4q`9R?WLXQmf_goc%s'={kC'5j",Check sum is 4
test,2$ZJuc.i32OqwE|miXGxHq4:z,Check sum is 4
test,"g&o3DWRT`$&A)!
a{W",Check sum is B
test,3#!G2HUyC/&?OAUFo4 `BKNb{YMz<#tprhkVOgcO,Check sum is )
test,t*g1E!_r|YD~'l#o_G@ jp';Hr}z]Qi,Check sum is S
test,"zw4Nz{:2#^ETg>}SM1$@u[>&\S
:O`,V4	'm",Check sum is N
test,"7aZDHpg*Her\**<ve)9pE"">f2BwTu^\",Check sum is P
test,"?""3[
[~w}8pXf=)qT;@p#)#}=tt{0kF?0",Check sum is >
test,A|ho?kA;nA<6K]pIjLM9h|/_%/Z=VYVArZXsy6)viphx9,Check sum is R
test,U-2S`4B!.N[Ft@Mi,Check sum is %
test,"]`jkxl J)A]e|ltD c,6QMCUz!""""A [b*uutr|IN'=",Check sum is U
test,"
/_/UMC} `Ile{UH:EmHLASNUJojS[c9]W",Check sum is S
test,"KtPPkj}5
4mr,nl",Check sum is )
test,",DKd2?;z[!Tj(6(8z :2=3`m[T*j#?k,h@=+K",Check sum is 7
test,n|-G1WCyMYs-@^&]y,"Check sum is """
test,"zPk-q,<=o#QbbbY M2:;V""3HCh!T4'I0ol9~,$#",Check sum is :
test,-/xv/qeci]a QO-[E)iRJx!6C/cJ};]/]BNK=l[,"Check sum is """
test, .6m0To=#V!} ^]#~}*nla(&X#|GdM#&4O,Check sum is ?
test,"
c.Os
!	WnAu%",Check sum is Q
test,"-Nn:1(>}6ed
gcOxI%76	L_D@ Zt([y\7*.4",Check sum is M
test,"n0Y2&#Rj!j6xz@sd|AT@,x[c/rk",Check sum is W
test,"|y{`99kL2%9'' H`F,w1+[BB2?I8I 6i^qL2zhT$IMSX",Check sum is E
test,"""z&DzZpb|JxYfoyN}R$=uSxm>.=",Check sum is E
test,"&<	:1=$AdBTApW%8{.'j
]7m7bPDl@ z+v
AEm21Xr(MA",Check sum is 0
test,"q}x:3BI4W2FTU0	7*=
&ON>AHJ",Check sum is _
test,'g9,Check sum is '
test,"^
=hDC>c7lt{U^M8[{pV",Check sum is ;
test,A}:U:HA`W1w-iqVMo\+u=u[/>/>;{nA%7|,Check sum is H
test,"OYEe#]TGq9;""f1!!/&!!h-YE-=V@h .++vT?zu>k{0=)N",Check sum is C
test,|KStdO5I3D8U,Check sum is #
test,TM%)BlwJt <MtY15w!}mppe,Check sum is U
test,J0$Fm&1iCU[<VTpY]/ Sng[*VEu}+I%.JW%8)B}m-t01-<K,Check sum is I
test,|%]|$+$~Wh~JV?]e~F:,Check sum is '
test,",xq*F[lm84Y*;q.,H*T/)[Le83\c {~O<uk.",Check sum is T
test,"/|f!I>*pP^1mN$O'D#^KmaXsmiT.O,{",Check sum is ^
test,"HR.e0%:gpm
B)n'%@m2KBQ:-E>md<)Gj-vw7IXXmOlC}ei0{I",Check sum is Q
test,"<oa8),)	-'Z8tuf",Check sum is  
test,"_u""@s.",Check sum is 7
test,"~{Zbav%j`'T07 2w:M
#3G,m	zi%BbBt{Clk",Check sum is M
test,3\IIL|1,Check sum is :
test,NY)`.d,"Check sum is """
test,zz^CX,Check sum is M
test,"qt&E{I7-^ik [7q?$MqB7$SFucI '_#mJKA8xG""GK]HZC$",Check sum is B
test,a'/,Check sum is W
test,"w,?)LevoYRaB[jpXAC(xH,88 q8*/",Check sum is F
test,29:l	zK,Check sum is ?
test,"irh#Zf^\+""}1*^k'",Check sum is U
test,KjH`_|W7VMg_zt%O|;Du6UBj5FDBvy1jHJ2+*cE28]7,"Check sum is """
test,"xWt'sbX[5t3i\[8ffM
PMYxtbjVgLhJ\WA%",Check sum is +
test,W!t,Check sum is L
test,"fiE)vYUqh2?HF
H""z <*O",Check sum is \
test,"ocpXPi.(@_yn. ""uD	2z(CT$Ac9_q%o1[P",Check sum is -
test,!d-4ZYK/l0(y5D^2KNd;@=$.wYTl1{,Check sum is <
test,"N=Uq;tY7*qmP\ 973##s yKl_tN R<!NDAmp,",Check sum is <
test,M%7GlLI'b-{&4*FC!q`1d0Qpi@^w)0AB@0>E-c	Ov8tja/ (f:,Check sum is @
test,"'Ep	$HO*r4lrlz_rt/^&Wd8mijyeUk&[""7!",Check sum is X
test,L^=}%63:]aC}c3v`1zU-[0JJS~|![5rUev,"Check sum is """
test,"W;&_n>^x{s?dF#S$Ok:3v4w
EQIY",Check sum is 4
test,g]mV)}K$fArK6#f3,Check sum is R
test,$ztTov&cmR^nc2#U0uy9_f[AYKc=58JQ@]jFM,Check sum is *
test,":?1W1fQ""&B;e0B)V@\(e'bi2Y9c$f$Oo(*ODy~KFo-wrMVW\e",Check sum is ?
test,"{^e{qd3dD@>06r\=1q8Yo:rJmF,biX4~k&M*.MDY4 O/)",Check sum is _
test, g17PC_,Check sum is A
test,KUD~S!fT{d,Check sum is O
test,"Dn|lz}/NiCB_RP{aTTDW	tgsa.,~ z!79q7g=~&LR)-m$S",Check sum is ?
test,"%8W1W7ei,r""m&\8""=2])'j2f\jftV#:,83T",Check sum is F
test,"} (	I4C.4vfizz/}&kqc
\tnZQ!.;6VUt	0R8ge$80Lh",Check sum is ;
test,"~f""=}hwpC+$4|OH(n p/Ovm5#B;S%^5s/}^fGqcFir8ewkDAt>",Check sum is D
test,"NP[BG""%()""rr+43KM",Check sum is *
test,1zj_>84WW.XuKWQ-0,Check sum is 7
test,8Cw_7qR.oSU5h5~y$mk13&4*-wj#w#^t*'E,Check sum is P
test,YM(xo|`dxfu(|<!;v,Check sum is Z
test,3 (*+}VFv	,Check sum is H
test,"L@!?V|hFaQ:OU/0N5H;mWEp
>ke)E_`G)z:VXrIJ",Check sum is V
test,"f%`lmN
68b,EclVe9e-SR-*!B8ic[gTv5",Check sum is 6
test,e([:QA,Check sum is T
test,"V,+TLvt5Bg.8[rQw;",Check sum is +
test,so C6Tkh'V]i,Check sum is E
test,92Nv!<z8#	QZY;1+<*<>(1qo&|^!>i5;8_b4:aH #w+om7,Check sum is >
test,"5N_b+T]>,Twx4KBl43w
OP&1m+a 3hd\8Y\",Check sum is Y
test,3].q:U'pd;W*M$<h[-Y1]C0LF,Check sum is ^
test,x(&Y4AXr:jSlww|wZ@SfS8Os#<.~H9]&Uz|.vU%$,Check sum is >
test,T>Tqzt0P,Check sum is %
test,"Y}4L}M&F$=^J)%sa9\5{I	D%E?ksovd
OESc851<k",Check sum is [
test,P22%@jkhuQQ,Check sum is M
test,d/+I3,Check sum is Z
test,~RMA+B5	97GAMAW0 sI:ZSH&HgZR>Q,Check sum is Q
test,{`$V\ok	M	72a.E_iUWH(_E11Fm(z{[mX^9|o9DvZr[`~0/,Check sum is :
test,bn0Fb>D6n7P88#$e,Check sum is Q
test,V[p;!gkQD?o~rP,Check sum is 2
test,.a gz0de:Ki(peGA1Klf3S,Check sum is 0
test,"uQQp
jI9&!C@",Check sum is '
test,",m^ikP-y3nz`Io=/D=eMId-q6V%B%}A}?:h{^MF3edO},ZYJ2;",Check sum is <
test,"
^Ndy0A:y=/ONrpi<rX'I\TzJ$o g8n (nqwm_&diU",Check sum is G
test,"i_BtY2m.XrKI/arprP~=:,+0S./bS+IVRt.D8!",Check sum is R
test,G!BUv.`Y!XKLxs%Yc+2Z t}j|B^a0m3#PjE=8J#s ,Check sum is .
test,"ZTd	K""zy$pj99]7h+
(gTv^Q!oLjL0iK/_Y9~",Check sum is X
test,2v!<uu|b]Fw@%RJIEA1ge<zHb}]l5l2x$$ls!b4*)VmA+gu5,Check sum is 6
test,">
8*_\u$RPkajXLgDOX$aHv(kZ",Check sum is \
test,"
e as.h7ipzZMHP;!;SUIj<cI'",Check sum is #
test,"/?,
ryZal.5B(11{?[p-	e[,Nri#/o>L]zPy8%']\",Check sum is =
test,"RL_c(cVg;
\?gqg.",Check sum is U
test,Sj4U$x*@3)lir#d0b)8G &>??9/7C>],Check sum is O
test,"
$l^I8\QX3\{-mxu8HU>fVQPHQB ",Check sum is Z
test,n;O8,Check sum is P
test,"POk.2O$[>P166#x}q4j0;vD5h$\'fc-w.V%
{rpMY,v",Check sum is X
test,":_p.3ACaj@`P-W)	Kg9>""~y:",Check sum is ;
test,8pU/,Check sum is L
test,VV-$4*?}1@]P8l86&=M,Check sum is W
test,"8""/1@
3r^8LQ9Jhy]Fj{\%YWZD1mh@ot-[tW>w""%r;}+?0*Z]",Check sum is T
test,"ykd.<4J>SVrsR%rggwxh(wWd_u>)Mb\!8OlDxn$X
8ngjl",Check sum is 1
test,iGB<f8AAjO@kNHjA]u],Check sum is B
test,",> nu:ua]< I)9767,Cd",Check sum is 8
test,"i~?I""V%	@\XC] s9Z`((#Di],lZpi</1C:P_j9",Check sum is B
test,oWcJalGNwgXW)~P{unOL!z_^r;LsAr53:r@/Z!e^,Check sum is *
test,"yzAk$]@q0dI8}(:s
y;7)&`-X[qtH""cy0#0>_D:}z",Check sum is \
test,.->FszR$0g%8hcsUV)Lbl37%EO[{+CTo,"Check sum is ,"
test,"5
|UD=7g8J)a~WxR[-S'vrJ-8wI&@E",Check sum is >
test,",//>JkB3! x5;B+XFdVl/w*nH8",Check sum is *
test,"4b>{K Ny.{)_>57xdcd5bV0!,*nQ^k??n]MGT?#6E?",Check sum is H
test,".6H=
(Z)9dxi8/o$zA#=Hj'rb_D(;{)u7~(vBJL",Check sum is H
test,"88_`4XBOiTn.JH""b-&t=lvcJfyhEVMX4H:EbU]ga[TvY",Check sum is J
test,"X Cm:kl[:i#>{a8~RaM}N4w2# Wj}Y""u6xpZ!yKWhJ",Check sum is I
test,H$2.pU.c-Z3K_&n,Check sum is :
test,@:ljT)\^A(1VshyCzr1Y>}U.R3A4c=HA() g=fG8-fqD,Check sum is G
test,"S\$""
o7>I+K,39.^2yB5'[jWKL*rSqmb\wB0{aX1]&B}Od
;",Check sum is 5
test,dF]]6?{3W<dJ9oPC88kpCQfa2ba.~F}:?wRkEZ,Check sum is 9
test," NZ5,[E,Ru~",Check sum is Z
test,p;:	pu}(E+*!WQDNy	voLTq{{ ai&JFch@|`](''jH:4V,Check sum is K
test,E8)BFhw_ x?yMf`VvnspN&5y~hW$S9`y'[JHj,Check sum is 2
test,"5*(sO,8z}n^W'N;5",Check sum is L
test,BMv,Check sum is %
test,\$.`vB`fTy\5I`PQ*i#;moLsLvwo:*jBwj,Check sum is 9
test,YIQ,Check sum is S
test,y.5ORm3Sckuh(!2[#.!	,Check sum is L
test,]Dni&nr,Check sum is ^
test,"#-Y.TJ'5v +JAPhUUOpQtap:+Bcg4?vG>V_Q]""r`(ei4b",Check sum is 6
test,9[N/kflQ,Check sum is ?
test,"ASDB2!P*~HuYhRbmtxam(""?^~p""E%\z~H`gQEy>x",Check sum is '
test,"A24tw._;t2S5]W	(SA#|C%1V~Yliyw3""a@;gp+s",Check sum is 1
test,"Gf3
	7
?
.IGdEZgBEM}RUPupale*	jL`w",Check sum is $
test,"-6/0ru)PP,-M(a,h",Check sum is U
test,"P@=na3Mf,d|`!OT$Y+-?!{kM.",Check sum is (
test,;b.aV5bh-Z}mp4f'J9EUz.fc/zDM6=Eb>=o,Check sum is O
test,"-^KZ;"":3pP`_WE(-+z7g\
rj&w]xd	J",Check sum is 8
test,"X:O?pn{Thp"";:;{zDm{3eMQ|ef[QHfSb0;",Check sum is /
test,GGv>SEqAy[]%J-zqxk5}7's+]3{xmw;|^-|uO#.d2BVY,Check sum is 6
test,a<U	G[/EhFS^U{9G2&0:L3,Check sum is !
test,3p\Ccr5E,Check sum is 1
test, W^Tg;@Zi@,Check sum is .
test,]$}U0},Check sum is  
test,"x)$,a.{
x>u@8o",Check sum is 7
test,Je$3>gG/PX+[SvAJzN:3KrM!f9,Check sum is B
test,8yyI$s\EoX(	I3,Check sum is ?
test,-M].0%$^bv$2uX0x0>gWE,Check sum is P
test,".qmzk\ui4|8ME*ipp~""'.Ovy@\PJvy'/zLO13J)|$",Check sum is 2
test,"X[W9:d~e-`ppgaG0,;m*-qRBUqe#1",Check sum is ?
test,H-,Check sum is U
test,"i>SpESTa\a9Et}e""\}
j=xq8Q'}1wiZ@,M(2SW4J5J'B<([j1",Check sum is R
test,uP ;XTCj P[,Check sum is $
test,9m	B--GMd,Check sum is #
test,"a~D HB7?+Qmk	{ER>(z
~AL+sv'{8y??Vf@x6>kn|z,Ios",Check sum is :
test,"#G?
0bfxAhB7*m9",Check sum is 5
test, ?w:9;qX0~xh:U?GD ?vnu6] *+sa=VsK(-P?(v_-kCw/-Q[K,Check sum is ?
test,+V_2a4MFZ'KCYQdi*?\,Check sum is %
test,"]>
F1y",Check sum is 5
test,"{vKm4I
hN",Check sum is F
test,&P\Sm#Iwtx14N/d;UbOwi<9#?%KT,Check sum is C
test,RGrYy:*$ue>2D^>=LE.G=kHnG~,Check sum is U
test,}wG{vd}W&3UJWDX30gSy,Check sum is E
test,1S3~JTHF#},Check sum is !
test,wILB8mRSx^rXvc6$c{8o\6[,Check sum is =
test,}Uh&7I0O}oA;*fXN_yG,Check sum is <
test,",F	S7d9lz7ee'#r6H]3y,T_^&0:Bu\k#-bf`{15O.-?;",Check sum is 4
test,0xH+d:>b!]h\|X&G@GWr,Check sum is L
test,}XMwbZu:qd,Check sum is 9
test,L%O1&Q#VNUL'n!hrpmdjIyJqn,Check sum is V
test,"8R65&3.wp&aNJ2r/NM{^c2ee$XX t@o%p
&>bhzB7|@[&Z",Check sum is 6
test,MWl2[zt@(C?;YX(I!m5-}*Bdd;!^8B,Check sum is G
test,"MgNhAam

+el}QSD8 ""(TO\KV'&F{R7fn",Check sum is ;
test,"~:3P`p	R_	x<NzV?\WG
`<QoPAnwJz+J]Ruc*S'=xre$Z@+^
u",Check sum is K
test,"
Dy`{Smk",Check sum is -
test,"srV_hZ!<b5uCy*zsg*=PSqAp@pGSz(
+8!`w^/ZzP6`Sx",Check sum is .
test,"^;#L9:`y,rr9epmL8f7y`j.?2m	71n|""30R&
\=5>:#",Check sum is :
test,\ R`U(F24.E9:@wQ31De,Check sum is 2
test,"xk@dtg&;T/E{P(^{b>]X
/ys`cT*'3",Check sum is L
test,"%r[UVdivUc`,qG",Check sum is <
test,"r]M=I%eZ|_IV
=PqBb!erep8h_l",Check sum is D
test,4_{=,Check sum is +
test,"x,U>it ZP$]d+T(b|W ju'",Check sum is %
test,"Ips'4A,8,W03iw1m33$5,losDsRe",Check sum is W
test,"f#kq%QiOVlkMtZU?b4VE.4,_fy6",Check sum is B
test,"&z##EObJu7?0K
LCoY$4ig$%[9~me7!""4$;U*{%n2 ,",Check sum is :
test,"?e8<>_><DkUZo9)%m""tPTlyUKsY_Q6#~#V'h,+.Qxw/ :",Check sum is 8
test,"9}k4Oa
X
oj)q?u<fS|)CBK&s5-xM""dk@0",Check sum is C
test,4\!0m9lij3}YC$v<tgu'ccBo3mTM4,Check sum is +
test,"S""w*~A ACtFx'WXd'A,5:FhL",Check sum is B
test,"X!s\{i!v8v> 6qTv1(7,1v	~0,3 [^",Check sum is 2
test,g%nGMgAM>R,Check sum is 3
test,"plvp~J&Cp#	:3""
OP",Check sum is '
test,Xox0I\&Cn[^4O`G6pk&&]7|Ks& :TOO'3YrWR:8U4x=,Check sum is I
test,LWrq_ oyD)c^@$Tp/*kLpa.^XIRCtyU\,Check sum is $
test,",j=Sx`YV)/.V",Check sum is )
test,<<~ Kla6W%$o ittX@r>$1?C;56,Check sum is I
test,5\1`d|!n}*:7n3w}	]G:,Check sum is E
test,"z@xPavl]~iz+q6N0~8+9*t~hVb""0Y~^Pus1Lsz",Check sum is 2
test,lrnAm;`y,Check sum is .
test,~ioy$-NTQWTIW{bXc(<,Check sum is :
test,"kjwyzyCkF5n	Be_""G?b7FY4_$V7/Kz<bqAWv{f+:a,/[",Check sum is P
test,%~XEf]w*:CEfJX_8wvkl?{YQhU<oj+q:t4wjY,Check sum is W
test,]}z$NuRNtmhQ(.@-63<y;Kc_e;7<x~K}>:2(,Check sum is !
test,|`EFx*Uz!/(dKt2'Q;#GI#2dVD+,Check sum is )
test,"Yrz(4Zb
vAsm;EoxD?,)KE||2;s qq/;L,_&pK{*Dy"":8hwp",Check sum is .
test,5d1ap6e@85CWh w BD$s`^QnlKz>/rR=}u:2ocRz.egm,Check sum is X
test,";E*YF|PI%6HC7;!YB5Jg[)eqdgFg54t]:^GyX\
B",Check sum is \
test,"XdyhAt2
([w_",Check sum is G
test,n	{._D#/R#sq0[ `IZ9E.HB3/4'^?~:,Check sum is D
test,"{1?eUY$+<E#6iGRQ}iO*j
[H%A!tlO:*R\
nJ%%2e.VjTb",Check sum is _
test,"JpD'Ezxt/_(Y\`)dds4D%
d\g\z)2(\{/%!_YE*W, ",Check sum is \
test,"Nv}:bw2aF6Pj}>f<7*3
=GQ/`A	ksu$Z`",Check sum is W
test,6_,Check sum is 5
test,gC/U(nK5` c,Check sum is G
test,GN,Check sum is 5
test,BD(g'G7A,Check sum is [
test,YQwN+R-%-,Check sum is K
test,"3""c@w#ARHz:%*	Nb-Oag3#{O\t.xLX%<9#ZfWA""[!G0d9&$]",Check sum is 5
test,"v?)z,J4rP
?4zSr>us\
_AbC6$jh}2]c_Uv4sGR.",Check sum is $
test,"7!B
@7iy5h5X\<Lt""2loidEp%2+'[3
GSw{M3FGI4F6F&P_!k.",Check sum is 8
test,"], ",Check sum is I
test,5S]WhiKuNz$o;H2=@ UsO35y/meKNR,Check sum is >
test,~/O%5#v_]DaF Nq,Check sum is U
test,"E_STv	`lN,,d=g-K$Qf]:NR.TbA",Check sum is S
test,"@^i{(cim]UwWR3e_D(?e@+956_v
L28j+vfkS",Check sum is /
test,'	Vt$JB$R,Check sum is @
test,PWMQ\iLWj#wkI2&/'k5/P<CqtW3WNj2!Ups'j&	I\A{Pungc,Check sum is 8
test,hpcJP!Z'	SUuZ3,Check sum is J
test,"X,|d<O@Ps$C1FV}ip
c~Uwef",Check sum is ^
