set,input1,output1
train,,Check sum is  
train,	,Check sum is )
train,"
",Check sum is *
train,"B
","Check sum is ,"
train,"

",Check sum is 4
train,"

















































",Check sum is T
train,                                                  ,Check sum is  
train,ssssssssssssssssssssssssssssssssssssssssssssssssss,Check sum is V
train,"CD
CD
CD
CD
CD
CD
CD
CD
CD
CD
CD
CD
CD
CD
CD
CD
CD",Check sum is 7
train,"x
y x
y x
y x
y x
y x
y x
y x
y x
y x
y x
y x
y x
",Check sum is &
train," 
 
 
 
 
 
 
 
 
 
 
 
 
 
 
 
 
 
 
 
 
 
 
 
 
",Check sum is :
train, ,Check sum is @
train,!,Check sum is A
train,"""",Check sum is B
train,#,Check sum is C
train,$,Check sum is D
train,%,Check sum is E
train,&,Check sum is F
train,',Check sum is G
train,(,Check sum is H
train,),Check sum is I
train,*,Check sum is J
train,+,Check sum is K
train,",",Check sum is L
train,-,Check sum is M
train,.,Check sum is N
train,/,Check sum is O
train,0,Check sum is P
train,1,Check sum is Q
train,2,Check sum is R
train,3,Check sum is S
train,4,Check sum is T
train,5,Check sum is U
train,6,Check sum is V
train,7,Check sum is W
train,8,Check sum is X
train,9,Check sum is Y
train,:,Check sum is Z
train,;,Check sum is [
train,<,Check sum is \
train,=,Check sum is ]
train,>,Check sum is ^
train,?,Check sum is _
train,@,Check sum is  
train,A,Check sum is !
train,B,"Check sum is """
train,C,Check sum is #
train,D,Check sum is $
train,E,Check sum is %
train,F,Check sum is &
train,G,Check sum is '
train,H,Check sum is (
train,I,Check sum is )
train,J,Check sum is *
train,K,Check sum is +
train,L,"Check sum is ,"
train,M,Check sum is -
train,N,Check sum is .
train,O,Check sum is /
train,P,Check sum is 0
train,Q,Check sum is 1
train,R,Check sum is 2
train,S,Check sum is 3
train,T,Check sum is 4
train,U,Check sum is 5
train,V,Check sum is 6
train,W,Check sum is 7
train,X,Check sum is 8
train,Y,Check sum is 9
train,Z,Check sum is :
train,[,Check sum is ;
train,\,Check sum is <
train,],Check sum is =
train,^,Check sum is >
train,_,Check sum is ?
train,`,Check sum is @
train,a,Check sum is A
train,b,Check sum is B
train,c,Check sum is C
train,d,Check sum is D
train,e,Check sum is E
train,f,Check sum is F
train,g,Check sum is G
train,h,Check sum is H
train,i,Check sum is I
train,j,Check sum is J
train,k,Check sum is K
train,l,Check sum is L
train,m,Check sum is M
train,n,Check sum is N
train,o,Check sum is O
train,p,Check sum is P
train,q,Check sum is Q
train,r,Check sum is R
train,s,Check sum is S
train,t,Check sum is T
train,u,Check sum is U
train,v,Check sum is V
train,w,Check sum is W
train,x,Check sum is X
train,y,Check sum is Y
train,z,Check sum is Z
train,{,Check sum is [
train,|,Check sum is \
train,},Check sum is ]
train,~,Check sum is ^
train,xt,Check sum is L
train,3w,Check sum is J
train,e.,Check sum is 3
train,44,Check sum is H
train,~},Check sum is [
train,Gs,Check sum is Z
train,"
y",Check sum is #
train,p:,Check sum is J
train,s0,Check sum is C
train,zk,Check sum is E
train,mw,Check sum is D
train,cd,Check sum is '
train,"j""","Check sum is ,"
train,(1,Check sum is 9
train,\_,Check sum is [
train,=t,Check sum is Q
train,P],Check sum is M
train,m	,Check sum is V
train,q6,Check sum is G
train,"@""",Check sum is B
train,vF,Check sum is \
train,g7,Check sum is >
train,mv,Check sum is C
train,lJ,Check sum is V
train,66,Check sum is L
train,d`,Check sum is $
train,yc,Check sum is <
train,P$,Check sum is T
train,8R,Check sum is *
train,;(,Check sum is C
train,Y!,Check sum is Z
train,+o,Check sum is :
train,5#,Check sum is 8
train,&f,"Check sum is ,"
train,9[,Check sum is 4
train,hY,Check sum is !
train,%`,Check sum is %
train,X&,Check sum is ^
train,$@,Check sum is D
train,8Z,Check sum is 2
train,t-,Check sum is A
train,i),Check sum is 2
train,gZ,Check sum is !
train,&R,Check sum is X
train,~U,Check sum is 3
train,FX,Check sum is >
train,%$,Check sum is )
train,9x,Check sum is Q
train,F},Check sum is #
train,Pk,Check sum is [
train,>C,Check sum is !
train,WI,Check sum is @
train,WO,Check sum is F
train,ph,Check sum is 8
train,~p,Check sum is N
train,vwG,Check sum is T
train,jYe,Check sum is H
train,>X?,Check sum is 5
train,qdE,Check sum is :
train,[x7,Check sum is *
train,(]d,Check sum is I
train,+$H,Check sum is 7
train,Eq$,Check sum is :
train,gK;,Check sum is M
train,R[$,Check sum is 1
train,UI_,Check sum is ]
train,n41,Check sum is 3
train,8vF,Check sum is T
train,EJC,Check sum is 2
train,w`y,Check sum is 0
train,{pk,Check sum is 6
train,|iP,Check sum is U
train,*L ,Check sum is 6
train,:W},Check sum is .
train,_uX,Check sum is L
train,mm^,Check sum is X
train,"S%""",Check sum is :
train,RPq,Check sum is 3
train,uO$,Check sum is H
train,3\3,"Check sum is """
train,j=_,Check sum is &
train,eoO,Check sum is C
train,ll-,Check sum is %
train,c	\,Check sum is (
train,"
hr",Check sum is D
train,ZNu,Check sum is =
train,cUa,Check sum is 9
train,V4~,Check sum is (
train,q~o,Check sum is >
train,"
\#",Check sum is )
train,q+H,Check sum is D
train,T>\,Check sum is N
train,L3_,Check sum is >
train,Zwc,Check sum is T
train,m8C,Check sum is H
train,n7w,Check sum is <
train,*CE,Check sum is R
train,Tjb,Check sum is @
train,.MR,Check sum is -
train,y=M,Check sum is #
train,P C,Check sum is S
train,tu;,Check sum is D
train,rDv,Check sum is L
train,8GC,"Check sum is """
train,vP%,Check sum is K
train,"uFq-&QF~\)!9J%/VMct/,",Check sum is F
train,c=(|1R(,Check sum is O
train,yXMQ_:#a(9U'zun,Check sum is &
train,kJaxFV}-^%,Check sum is 7
train,S6_d[zh}=_Su>6NREq3JfHqP5kZ;#+FD8'![YH,Check sum is I
train,"	byF4,pxn/s","Check sum is """
train,_9w h0a7Hsx<}|Q{Qduv:,Check sum is M
train,"A
*J-`9M=R+IC<x","Check sum is ,"
train,"\w95n/#mBhW#+v1kZ~kPURV`T/u?03W|>w54##X~k'Q'I""",Check sum is ;
train,)H]LH+:u~>%q,Check sum is .
train," hk,\OL>4(sk7q#gt9Wq	3)l3fU\uf",Check sum is K
train,K4kV>p>e6%rvp1,Check sum is U
train,"7
Qv@~.d>Lk~A*|}IRoJ",Check sum is #
train,d5!(qQ~(.yo'Dr~tG{&zHpKTK.o)dt:bI[*'t>UwgS3#,Check sum is P
train,o0|MPE8mo!V5+m1mT6m),Check sum is 3
train,{z~F$cPI46CbS<BZO#AsyNPfW\,Check sum is I
train,BWm{8D)/E/,Check sum is )
train,qS*H9pqnEl!>!yaxZ#o+m#Ewa}w2	)jF^Kili,Check sum is T
train,">nkU76<1JWN0UV|m^,j{^_ZjN#
6X",Check sum is R
train,"*
awB=Jlg{-::7 E#@+.b^	ST[y)/ri%$LG9)	m-SM?",Check sum is 3
train,"~e8?,\(YTO*F8	L^*}Y5M]7ss=cp8&eP,kh1e}`g0!Gzw",Check sum is B
train,#*Z3,Check sum is :
train,"Yq@8M!L;L#Z}FVZ\c%o\9$*jDki""
>A6wp3~7Xqj:T&_",Check sum is A
train,"ouTo
p4kuKdg{B5ZJU@)z&*%<""^)czVl<RY.3",Check sum is :
train,U>{!R>7dmy5bm)Lp7S)}{pxgIVh(WB]dX,Check sum is $
train,]kO.z?,Check sum is ^
train,w7^@ay_g|} P0jAJ.qG0v356q\Y},Check sum is '
train,0L,Check sum is \
train,$H4sC~,Check sum is 4
train,2irfP`&1P(g^04{E3O,Check sum is =
train,"d
fx)~p='2dfbRO3ui!i`)3 0%)5t
US	78]RBr0sg2wU[",Check sum is 4
train,7k4X@YU ~]*:)&-x}Lh%Q*3F)-Z,Check sum is I
train,"L422I[0YUzylLhgAn&*-f>mx
YL7H12nQcZ",Check sum is B
train,";F7tJMGfd~6Ed""@Dw27|wKCtyb!j~aua>XO0xRQ(<x",Check sum is 3
train,"3?v4!u,rl<N>C]#XuFUCb{	^rF1n",Check sum is -
train,"O~V3q5f5IF09I""# mUt_HgSa.yc""@'e9-b@6gJ0dLh5ol""=",Check sum is 3
train,"(
V{9(1=.s$k|j@kR:5AX_CYCwF1G;?1~MQ5&Zby",Check sum is W
train,"*=O0Y#E|b9"",h,w)DJ)Nh1M?Xyp{)_L5&^>p.4",Check sum is #
train,"?F,S%\ahu{
Y.E&
4U-EVUJ8j9K^2",Check sum is J
train,"\	R_B.#pSrgF6
'Fz_3 8BJ}w](p@K)""z)`$$O>,-Q>x+<quR",Check sum is ^
train,;J'QLObIz,Check sum is ]
train,taAR\f;qrJcY`h'/=m@,Check sum is 6
train,"MEwqjL
Bp
n?(CM`#0:}X[",Check sum is X
train,"'Y<S<f|jY3<819<fQ^:OHeZ
.\Y)!",Check sum is 9
train,"mJ{Lm8Zok%D1,I}f:d<""bgr:7E",Check sum is V
train,~>A=,Check sum is Z
train,@cd{rMOm),Check sum is F
train,?\E$ `c`p/nz{t]b-uRk_p#lW$V(GRa?$zd6Zn,Check sum is K
train,"bu`Uh9Hvzm%NdexJ$/Bz*Mf!
}N |7k.)`u",Check sum is <
train,YIF2,Check sum is :
train,socRa1}BOihG;w%K |Ncc}&C('DhI<u,Check sum is \
train,":5mA**""vR)i)1RL@	^uxI5tV+3/)#,~qM|)El	=Qrmup':T",Check sum is H
train,-S0+S&13g ,Check sum is _
train,jFs*2m;I#i 2mh,Check sum is C
train,cY6s(=PFJCpadvjs|UeT\|^!k1b^,Check sum is R
train,"9!6f;)]0o}0d,&heH<mk>O)>%U)5h_KC",Check sum is #
train,Dw@>}ADnE-j/\PeAx&9ml%JkUY/.Dt(~p@~~V):TO,Check sum is !
train,"j+]Nk y#''G""~uIl[rc",Check sum is V
train,"
s+^M",Check sum is 3
train,qmtkE2@O#9KY,Check sum is #
train,w5sVk+F?mX5af*S=M@\Udq8UI8|[{sl4,Check sum is 1
train,?7.BN$|:;2c0)rV>	DHy0]5Y~%yIQlBc<.fMEM\BY,Check sum is 3
train,4 `-3yX.SV$8FIS?G6%Lw8}P:9A<l+\}O8%KFY,Check sum is 9
train,'PX8y$,Check sum is D
train,"x?qPlYqR,""tGJ~!<4Q9-[J/F7",Check sum is J
train,"R}z\YU5R*l`];xtN3NgBwc3.drS
",Check sum is Z
train,0F{)L,Check sum is F
train,32alJ,Check sum is \
train,"FCVZk
YP`6mk|uhm\9Z-#dUcSb]bB&P6c.p>",Check sum is '
train,B`Z8d},Check sum is 5
train,"m+br@-|!3E8O	I~^XA%,{Lp|)@V]6[Ql_b-T_zO{qx",Check sum is X
train,"YaWpL`l8}Vy}7,",Check sum is ]
train,"oVkdN"")/x""^kzwR","Check sum is """
train,")AC;z-/iA72Zs\\MR0Z74YP^d0t,jCu+][jw+Sxx07')",Check sum is P
train,nC>\\;G<?EWjG	;9NLk9~-b,Check sum is Y
train,"Y@|+wa
&|oK['c&",Check sum is )
train,o{|WWu}@]=4C:t|R~c~4eIs>T3=ie	!G7h+19S.>CZhVm2N},Check sum is  
train,>A$Z>9 ,Check sum is 4
train,2Y8kB~`lT^[en$O<EM\([}3wN,Check sum is O
train,r(`WXT+.SQ8B1xHS!MDGIYB=FG$|84,Check sum is K
train,Pb!!qr_>nQ&9ljxCj*g(\$^J	*jyg\i(opM3S}P\VXVV.\,Check sum is 7
train," YfmZ""vygW#/T;D+$p6$Z0hS",Check sum is X
train,"3@JM(xgzC>|Cg)S4AWHV7z=J>|""/a0",Check sum is L
train,jQXq,Check sum is $
train,"OC
_Y=pXw6,qj7#dGc=8t-""$Vp>4",Check sum is )
train,l>,Check sum is J
train,"ka7@H8@zeN7l#WIS9C,E/hc6DV&q-7j}.d,9'>T#rLBd&P:-c",Check sum is Y
train,ZDgB=MOY1ETNkZsoyQ&P:< Z9@NZeY_a`'^tj~(#Qlw}l,Check sum is P
train,|[Xe[NW~Xmcg2=E:L@{:!Rz}->kU	p)rKOl!7 ,Check sum is W
test,";
",Check sum is %
test,Cp,Check sum is S
test,i`,Check sum is )
test,M0,Check sum is ]
test,4A,Check sum is U
test,=u,Check sum is R
test,K2,Check sum is ]
test,fT,Check sum is Z
test,C!,Check sum is D
test,wR,Check sum is )
test,b6,Check sum is 8
test,@[,Check sum is ;
test,A`,Check sum is A
test,q?,Check sum is P
test,I?,Check sum is (
test,"V""",Check sum is X
test,+g,Check sum is 2
test,eR,Check sum is W
test,|:,Check sum is V
test,Xl,Check sum is $
test,"~""",Check sum is @
test,(L,Check sum is T
test,ZU,Check sum is O
test,8x,Check sum is P
test,_9,Check sum is 8
test,ED,Check sum is )
test,	{,Check sum is $
test,^s,Check sum is 1
test,(M,Check sum is U
test,Q},Check sum is .
test,eb,Check sum is '
test,YZ,Check sum is S
test,Nj,Check sum is X
test,"y""",Check sum is ;
test,i_,Check sum is (
test,q5,Check sum is F
test,mH,Check sum is U
test,I ,Check sum is I
test,e7,Check sum is <
test,$3,Check sum is 7
test,8+,Check sum is C
test,oX,Check sum is '
test,*a,Check sum is +
test,PM,Check sum is =
test,Sv,Check sum is )
test,r),Check sum is ;
test,2(,Check sum is :
test,Q@,Check sum is 1
test,2c,Check sum is 5
test,"I
",Check sum is 3
test,OB,Check sum is 1
test,"
;",Check sum is %
test,	),Check sum is R
test,)u,Check sum is >
test,28,Check sum is J
test,O:,Check sum is )
test,\ ,Check sum is \
test,z	,Check sum is #
test,{=,Check sum is X
test,ij,Check sum is 3
test,&c,Check sum is )
test,0;,Check sum is K
test,R	,Check sum is ;
test,$j,Check sum is .
test,"Y,",Check sum is %
test,+;,Check sum is F
test,;O,Check sum is *
test,"v
",Check sum is  
test,n5,Check sum is C
test,po,Check sum is ?
test,!o,Check sum is 0
test,|<,Check sum is X
test,Du,Check sum is Y
test,82,Check sum is J
test,}E,"Check sum is """
test,7w,Check sum is N
test,ce,Check sum is (
test,U/,Check sum is $
test,a7,Check sum is 8
test,	U,Check sum is >
test,56,Check sum is K
test,KT,Check sum is ?
test,!8,Check sum is 9
test,	Z,Check sum is C
test,vW,Check sum is -
test,	Q,Check sum is :
test,PI,Check sum is 9
test,G),Check sum is P
test,!W,Check sum is X
test,=w,Check sum is T
test,0	,Check sum is Y
test,XD,Check sum is <
test,++,Check sum is 6
test,*|,Check sum is F
test,WJ,Check sum is A
test,./,Check sum is =
test,/G,Check sum is V
test,p%,Check sum is 5
test,/_,Check sum is .
test,j[,Check sum is %
test,{n,Check sum is I
test,7},Check sum is T
test,qy,Check sum is J
test,O~,Check sum is -
test,fx,Check sum is >
test,fJ,Check sum is P
test,T@,Check sum is 4
test,0n,Check sum is >
test,Fe,Check sum is K
test,Da,Check sum is E
test,Rd,Check sum is V
test,_Y,Check sum is X
test,	I,Check sum is 2
test,eS,Check sum is X
test,Ju,Check sum is _
test,?!,Check sum is @
test,v[,Check sum is 1
test,!1,Check sum is 2
test,yS,"Check sum is ,"
test,wo,Check sum is F
test,I+,Check sum is T
test,"""L",Check sum is N
test,sf,Check sum is 9
test,OJ,Check sum is 9
test,GS,Check sum is :
test,=Q,Check sum is .
test,pU,Check sum is %
test,8f,Check sum is >
test,qG,Check sum is X
test,-^,Check sum is +
test,"0""",Check sum is 2
test,-h,Check sum is 5
test,*z,Check sum is D
test,R@,Check sum is 2
test,-T,Check sum is !
test,-T,Check sum is !
test,Gt,Check sum is [
test,Z4,Check sum is .
test,9f,Check sum is ?
test,>Q,Check sum is /
test,(G,Check sum is O
test,]1,Check sum is .
test,_E,Check sum is D
test,=l,Check sum is I
test,Rd,Check sum is V
test,b9,Check sum is ;
test,]%,"Check sum is """
test,\k,Check sum is '
test,O$,Check sum is S
test,9{,Check sum is T
test,4O,Check sum is #
test,0f,Check sum is 6
test,I',Check sum is P
test,<7,Check sum is S
test,mz,Check sum is G
test,"+""",Check sum is -
test,p6,Check sum is F
test,`a,Check sum is !
test,~y,Check sum is W
test,NN,Check sum is <
test,6q,Check sum is G
test,W\,Check sum is S
test,5C,Check sum is X
test,ET,Check sum is 9
test,@4,Check sum is T
test,AL,Check sum is -
test,j9,Check sum is C
test,Bh,Check sum is J
test,zx,Check sum is R
test,ww,Check sum is N
test,k[,Check sum is &
test,$6,Check sum is :
test,>4,Check sum is R
test,z-,Check sum is G
test,z8,Check sum is R
test,e/,Check sum is 4
test,aY,Check sum is Z
test,HQ,Check sum is 9
test,?5,Check sum is T
test,$M,Check sum is Q
test,%b,Check sum is '
test,/v,Check sum is E
test,}T,Check sum is 1
test,C1,Check sum is T
test,ir,Check sum is ;
test,g6,Check sum is =
test,39,Check sum is L
test,tL,Check sum is  
test,yM,Check sum is &
test,J1,Check sum is [
test,]:,Check sum is 7
test,	d,Check sum is M
test,{l,Check sum is G
test,5},Check sum is R
test,0K,Check sum is [
test,"M,",Check sum is Y
test,|`,Check sum is <
test,O ,Check sum is O
test,Wy,Check sum is 0
test,l[,Check sum is '
test,[I,Check sum is D
test,ZL,Check sum is F
test,ek,Check sum is 0
test,kA,Check sum is L
test,n5,Check sum is C
test,O ,Check sum is O
test,5>,Check sum is S
test, K,Check sum is K
test,D\,Check sum is @
test,h^,Check sum is &
test,/ ,Check sum is /
test,3U,Check sum is (
test,"{
",Check sum is %
test,qO,Check sum is  
test,b_,Check sum is !
test,xr,Check sum is J
test,k],Check sum is (
test,0D,Check sum is T
test,_4,Check sum is 3
test,?K,Check sum is *
test,6j,Check sum is @
test,V;,Check sum is 1
test,",)",Check sum is 5
test,x*,Check sum is B
test,a	,Check sum is J
test,Xs,Check sum is +
test,V:,Check sum is 0
test,",f",Check sum is 2
test,2E,Check sum is W
test,d*,Check sum is .
test,pQ,Check sum is !
test,Ok,Check sum is Z
test,tr,Check sum is F
test,1k,Check sum is <
test,C?,"Check sum is """
test,6m,Check sum is C
test,|7,Check sum is S
test,YT,Check sum is M
test,=),Check sum is F
test,*I,Check sum is S
test,=c,Check sum is @
test,Gm,Check sum is T
test,za,Check sum is ;
test,_ ,Check sum is _
test,sX,Check sum is +
test,$I,Check sum is M
test,6	,Check sum is _
test,::,Check sum is T
test,dg,Check sum is +
test,cg,Check sum is *
test,a8,Check sum is 9
test,&@,Check sum is F
test,R#,Check sum is U
test,%X,Check sum is ]
test,1%,Check sum is 6
test,:U,Check sum is /
test,^|,Check sum is :
test,"""N",Check sum is P
test,4O,Check sum is #
test,z#,Check sum is =
test,!+,"Check sum is ,"
test,mo,Check sum is <
test,$k,Check sum is /
test,:w,Check sum is Q
test,"T""",Check sum is V
test,v@,Check sum is V
test,k3,Check sum is >
test,(l,Check sum is 4
test,Yo,Check sum is (
test,O-,Check sum is \
test,Gq,Check sum is X
test,S*,Check sum is ]
test,A5,Check sum is V
test,`T,Check sum is T
test,=],Check sum is :
test,.W,Check sum is %
test,xF,Check sum is ^
test,Q5,Check sum is &
test,~!,Check sum is ?
test,si,Check sum is <
test,$+,Check sum is /
test,"$,",Check sum is 0
test,>X,Check sum is 6
test,Uw,"Check sum is ,"
test,n4,Check sum is B
test,$2,Check sum is 6
test,x ,Check sum is 8
test,w|,Check sum is S
test,Al,Check sum is M
test,"
j",Check sum is T
test,\^,Check sum is Z
test,3i,Check sum is <
test,}>,Check sum is [
test,K6,Check sum is !
test,@W,Check sum is 7
test,'$,Check sum is +
test,X^,Check sum is V
test,zb,Check sum is <
test,OP,Check sum is ?
test,~f,Check sum is D
test,n|,Check sum is J
test,8O,Check sum is '
test,f?,Check sum is E
test,(W,Check sum is _
test,w8,Check sum is O
test,X/,Check sum is '
test,jY,Check sum is #
test,TD,Check sum is 8
test,8q,Check sum is I
test,e2,Check sum is 7
test,pX,Check sum is (
test,M8,Check sum is %
test,",l",Check sum is 8
test,FS,Check sum is 9
test,{l,Check sum is G
test,mW,Check sum is $
test,~J,Check sum is (
test,kt,Check sum is ?
test,"t""",Check sum is 6
test,"f""",Check sum is (
test,:&,Check sum is @
test,Ly,Check sum is %
test,1t,Check sum is E
test,WW,Check sum is N
test,M`,Check sum is M
test,6p,Check sum is F
test,~i,Check sum is G
test,f+,Check sum is 1
test,jc,Check sum is -
test,0f,Check sum is 6
test,8@,Check sum is X
test,%	,Check sum is N
test,Gv,Check sum is ]
test,?y,Check sum is X
test,9p,Check sum is I
test,i(,Check sum is 1
test,5a,Check sum is 6
test,Gy,Check sum is  
test,;?,Check sum is Z
test,|N,Check sum is *
test,":,",Check sum is F
test,(Y,Check sum is !
test,H),Check sum is Q
test,WY,Check sum is P
test,=q,Check sum is N
test,Cj,Check sum is M
test,\F,Check sum is B
test,^7,Check sum is 5
test, {,Check sum is ;
test,`y,Check sum is 9
test,&i,Check sum is /
test,F.,Check sum is T
test,G!,Check sum is H
test,ko,Check sum is :
test,zq,Check sum is K
test,Zd,Check sum is ^
test,=2,Check sum is O
test,;V,Check sum is 1
test,$j,Check sum is .
test,Ht,Check sum is \
test,=7,Check sum is T
test,ql,Check sum is =
test,MD,Check sum is 1
test,Hz,"Check sum is """
test,#g,Check sum is *
test,Dh,Check sum is L
test,DY,Check sum is =
test,<S,Check sum is /
test,qG,Check sum is X
test,wi,Check sum is @
test,;Z,Check sum is 5
test,F8,Check sum is ^
test,/	,Check sum is X
test,$],Check sum is !
test,pW,Check sum is '
test,A$,Check sum is E
test,&y,Check sum is ?
test,2|,Check sum is N
test,xm,Check sum is E
test,Nt,"Check sum is """
test,GW,Check sum is >
test,d`,Check sum is $
test,@o,Check sum is O
test,Ml,Check sum is Y
test,t^,Check sum is 2
test,p.,Check sum is >
test,GO,Check sum is 6
test,Uz,Check sum is /
test,Ui,Check sum is ^
test,Ka,Check sum is L
test,B_,Check sum is A
test,@~,Check sum is ^
test,sM,Check sum is  
test,a~,Check sum is ?
test,Rp,"Check sum is """
test,]t,Check sum is 1
test,<Y,Check sum is 5
test,R5,Check sum is '
test,;`,Check sum is ;
test,Ld,Check sum is P
test,\T,Check sum is P
test,}2,Check sum is O
test,;4,Check sum is O
test,]V,Check sum is S
test,A/,Check sum is P
test,q	,Check sum is Z
test,E-,Check sum is R
test,"""Y",Check sum is [
test,7d,Check sum is ;
test,"e""",Check sum is '
test,p`,Check sum is 0
test,Gw,Check sum is ^
test,bG,Check sum is I
test,hU,Check sum is ]
test,@-,Check sum is M
test,gC,Check sum is J
test,oa,Check sum is 0
test,3v,Check sum is I
test,M7,Check sum is $
test,Cj,Check sum is M
test,"""l",Check sum is .
test,"""g",Check sum is )
test,"?
",Check sum is )
test,BN,Check sum is 0
test,w',Check sum is >
test,?7,Check sum is V
test,5^,Check sum is 3
test,kH,Check sum is S
test,v4,Check sum is J
test,pu,Check sum is E
test,[q,"Check sum is ,"
test,'X,Check sum is _
test,;X,Check sum is 3
test,\6,Check sum is 2
test,7Y,Check sum is 0
test,"""#",Check sum is %
test,"9,",Check sum is E
test,\-,Check sum is )
test,Jj,Check sum is T
test,zg,Check sum is A
test,t4,Check sum is H
test,3',Check sum is :
test,?/,Check sum is N
test,Dp,Check sum is T
test,H8,Check sum is  
test,<F,"Check sum is """
test,z:,Check sum is T
test,"L""",Check sum is N
test,$8,Check sum is <
test,	h,Check sum is Q
test,((,Check sum is 0
test,s-,Check sum is @
test,"^,",Check sum is *
test,Bb,Check sum is D
test,'',Check sum is .
test,%+,Check sum is 0
test,d1,Check sum is 5
test,"""*","Check sum is ,"
test,5#,Check sum is 8
test,Fz,Check sum is  
test,H',Check sum is O
test,t|,Check sum is P
test,4),Check sum is =
test,)C,Check sum is L
test,aq,Check sum is 2
test,hN,Check sum is V
test,u4,Check sum is I
test,3c,Check sum is 6
test,{),Check sum is D
test,;/,Check sum is J
test,I',Check sum is P
test,",*",Check sum is 6
test,<],Check sum is 9
test,`D,Check sum is D
test,?1,Check sum is P
test,^I,Check sum is G
test,su,Check sum is H
test,q3,Check sum is D
test,ut,Check sum is I
test,"`,","Check sum is ,"
test,nw,Check sum is E
test,?[,Check sum is :
test,1R,Check sum is #
test,~7,Check sum is U
test,N7,Check sum is %
test,d_,Check sum is #
test,ud,Check sum is 9
test,Hi,Check sum is Q
test,@7,Check sum is W
test,g_,Check sum is &
test,$+,Check sum is /
test,"L,",Check sum is X
test,rM,Check sum is _
test,<5,Check sum is Q
test,G2,Check sum is Y
test,'C,Check sum is J
test,#I,Check sum is L
test,`X,Check sum is X
test,9g,Check sum is @
test,mW,Check sum is $
test,RV2,Check sum is :
test,#g+,Check sum is U
test,Jg&,Check sum is 7
test,HB%,Check sum is O
test,"-2
",Check sum is I
test,sRw,Check sum is \
test,QxQ,Check sum is :
test,[DH,Check sum is G
test,~Cl,Check sum is M
test,a)u,Check sum is _
test,v8&,Check sum is 4
test,/`C,Check sum is 2
test,1>j,Check sum is 9
test,(b6,Check sum is  
test,vx/,Check sum is =
test,.?G,Check sum is T
test,:m:,Check sum is A
test,.L4,Check sum is N
test,7fU,Check sum is R
test,|o~,Check sum is I
test,t9n,Check sum is ;
test,}Q`,Check sum is N
test,?|g,Check sum is B
test,-n3,Check sum is .
test,FFn,Check sum is Z
test,z1X,Check sum is #
test,fTU,Check sum is /
test,?Q%,Check sum is U
test,"i
w",Check sum is J
test,j]@,Check sum is '
test,C7(,Check sum is B
test, *m,Check sum is W
test,{0^,Check sum is )
test,-7`,Check sum is $
test,zeK,Check sum is J
test,jIz,Check sum is M
test,Gdk,Check sum is 6
test,=(&,Check sum is +
test,LM/,Check sum is (
test,?;H,"Check sum is """
test,\Mm,Check sum is 6
test,LrA,Check sum is _
test,h X,Check sum is @
test,*'N,Check sum is ?
test,5e~,Check sum is 8
test,8Gj,Check sum is I
test,9!e,Check sum is _
test,",|j",Check sum is 2
test,]km,Check sum is U
test,(T3,Check sum is O
test,e&`,Check sum is K
test,i/s,Check sum is +
test,LsL,Check sum is +
test,#3*,Check sum is  
test,{j;,Check sum is @
test,GF7,Check sum is $
test,.nW,Check sum is S
test,m!},Check sum is +
test,W((,Check sum is G
test,Q+q,Check sum is M
test,]j(,Check sum is O
test,*/7,Check sum is 0
test,ZOf,Check sum is /
test,{S>,"Check sum is ,"
test,xPc,Check sum is K
test,1wp,Check sum is 8
test,m\0,Check sum is Y
test,"a@,",Check sum is -
test,"v_
",Check sum is ?
test,$Yd,Check sum is A
test,",?G",Check sum is R
test,bN?,Check sum is O
test,CZy,Check sum is 6
test,%&6,Check sum is !
test,rH\,Check sum is 6
test,x}.,Check sum is C
test,xh0,Check sum is 0
test,zjE,Check sum is I
test,X~&,Check sum is \
test,:OM,Check sum is 6
test,9ae,Check sum is _
test,<4\,"Check sum is ,"
test,r5),Check sum is 0
test,cE.,Check sum is 6
test,\r%,Check sum is S
test,wY?,Check sum is /
test,D.-,Check sum is ?
test,# %,Check sum is H
test," ,7",Check sum is #
test,C30,Check sum is F
test,Hlm,Check sum is A
test,=%h,Check sum is *
test,8#5,Check sum is 0
test,o^',Check sum is T
test,yu*,Check sum is 8
test,d_r,Check sum is U
test,]'O,Check sum is 3
test,+}@,Check sum is H
test,_No,Check sum is <
test,LI),Check sum is ^
test,O%;,Check sum is O
test,>{p,Check sum is I
test,",E<",Check sum is M
test,Jp{,Check sum is U
test,$fF,Check sum is 0
test,Idr,Check sum is ?
test,loZ,Check sum is U
test,v(D,Check sum is B
test,"h4,",Check sum is (
test,%9{,Check sum is 9
test,E@P,Check sum is 5
test,VMi,"Check sum is ,"
test,b~!,Check sum is !
test,Q$F,Check sum is [
test,	6c,Check sum is B
test,)Cx,Check sum is D
test,	{H,"Check sum is ,"
test,fP*,Check sum is @
test,"""L/",Check sum is =
test,;L%,Check sum is L
test,;]<,Check sum is 4
test,zuD,Check sum is S
test,Y~Z,Check sum is Q
test,_'#,Check sum is I
test,1=0,Check sum is >
test,+RN,Check sum is +
test,zPd,Check sum is N
test,Qu_,Check sum is E
test,<8!,Check sum is 5
test,rE],Check sum is 4
test,Wxq,Check sum is  
test,!uG,Check sum is =
test,h$t,Check sum is  
test,vI!,Check sum is @
test,	fj,Check sum is 9
test,pg2,Check sum is )
test,",.[",Check sum is U
test,Sf*,Check sum is C
test,;&7,Check sum is 8
test,"c""%",Check sum is J
test,`$z,Check sum is ^
test,F	R,Check sum is A
test,ZHL,Check sum is N
test,sC],Check sum is 3
test,\[l,Check sum is C
test,h!.,Check sum is W
test,y{m,Check sum is A
test,<ji,Check sum is /
test,=jr,Check sum is 9
test,"<""{",Check sum is 9
test,=zJ,Check sum is !
test,rVn,Check sum is V
test,>qT,Check sum is #
test,1%R,Check sum is H
test,RUV,Check sum is ]
test,"""v%",Check sum is ]
test,"S
{",Check sum is 8
test,\Go,Check sum is 2
test,	50,Check sum is N
test,e!9,Check sum is _
test,%h5,"Check sum is """
test,9)e,Check sum is '
test,^/8,Check sum is %
test,<IL,Check sum is 1
test,6SG,Check sum is 0
test,"Ak""",Check sum is .
test,o=2,Check sum is >
test,"V,[",Check sum is =
test, !H,Check sum is )
test,|p:,Check sum is F
test,eDU,Check sum is ^
test,5Vn,Check sum is Y
test,=!Y,Check sum is W
test,M0s,Check sum is P
test,F$2,Check sum is <
test,@T~,Check sum is 2
test,=4X,Check sum is )
test,is2,Check sum is .
test,ycQ,Check sum is M
test,"ZZ,",Check sum is @
test,-%B,Check sum is 4
test,uc ,Check sum is X
test,v`F,Check sum is <
test,"b>""","Check sum is """
test,x=w,Check sum is L
test,"4""0",Check sum is &
test,A$@,Check sum is E
test,mTJ,Check sum is +
test,^a$,Check sum is C
test,YQh,Check sum is 2
test,*_j,Check sum is S
test,C{],Check sum is ;
test,)!?,Check sum is )
test,4:l,Check sum is :
test,Cc7,Check sum is =
test,c=(,Check sum is (
test,*el,Check sum is [
test,tmY,Check sum is Z
test,{{j,Check sum is @
test,'~u,Check sum is :
test,-Ip,Check sum is F
test,2P3,Check sum is U
test,r)3,Check sum is .
test,!Kn,Check sum is :
test,pSV,Check sum is 9
test,"d
|",Check sum is J
test,_Lt,Check sum is ?
test,k@w,Check sum is B
test,XKG,Check sum is J
test,2==,Check sum is L
test,"(
}",Check sum is O
test,M0h,Check sum is E
test,s+<,Check sum is :
test,1C;,Check sum is O
test,"gY
",Check sum is *
test,@-Z,Check sum is '
test,"
dP",Check sum is ^
test,Y9j,Check sum is \
test,]ul,Check sum is ^
test,T6',Check sum is Q
test,)@*,Check sum is 3
test,+e/,Check sum is _
test,Q2-,Check sum is P
test,ql',Check sum is $
test,wk-,Check sum is /
test,"B7
",Check sum is #
test,.&	,Check sum is =
test,&sD,Check sum is =
test,HS!,Check sum is \
test,aun,Check sum is $
test,Lr?,Check sum is ]
test,XB),Check sum is #
test,sD\,Check sum is 3
test,+(s,Check sum is &
test,EF?,Check sum is *
test,9LA,Check sum is &
test,Mro,Check sum is N
test,)09,Check sum is 2
test,T>+,Check sum is ]
test,~(M,Check sum is S
test,5~G,Check sum is Z
test,$tc,Check sum is [
test,5>U,Check sum is (
test,Lf8,Check sum is J
test,7Mc,Check sum is G
test,nQd,Check sum is C
test,5d[,Check sum is T
test,"u,n",Check sum is /
test,"}
`",Check sum is G
test,4	B,Check sum is _
test,*d0,Check sum is ^
test,oT`,Check sum is C
test,zD%,Check sum is C
test,5l[,Check sum is \
test,;6X,Check sum is )
test,?|u,Check sum is P
test,Nk(,Check sum is A
test,KZ\,Check sum is !
test,P:Q,Check sum is ;
test,"""17",Check sum is *
test,fP`,Check sum is 6
test,%w<,Check sum is 8
test,6j>,Check sum is >
test,>Gn,Check sum is S
test,-9B,Check sum is H
test,}=V,Check sum is 0
test,"
R*",Check sum is &
test,Sb3,Check sum is H
test,LjE,Check sum is [
test,TO@,Check sum is C
test,w>A,Check sum is V
test,.H	,Check sum is _
test,*nN,Check sum is F
test,0~5,Check sum is C
test,"v,A",Check sum is C
test,y[S,Check sum is G
test,"_0""",Check sum is Q
test,k_W,Check sum is A
test,S#{,Check sum is Q
test,V=N,Check sum is A
test,+u[,Check sum is [
test,5| ,Check sum is 1
test,KY(,"Check sum is ,"
test,VX~,Check sum is L
test,U1q,Check sum is W
test,pG},Check sum is T
test,11l,Check sum is .
test,=Aj,Check sum is H
test,|i*,Check sum is /
test,oZu,Check sum is ^
test,-S=,Check sum is ]
test,MVq,Check sum is 4
test,#`L,Check sum is /
test,1L:,Check sum is W
test,>/%,Check sum is 2
test,s2i,Check sum is .
test,g6O,Check sum is L
test,U)+,Check sum is I
test,oxA,Check sum is H
test,yX{,"Check sum is ,"
test,(qZ,Check sum is S
test,=~1,Check sum is L
test,I/f,Check sum is >
test,$`i,Check sum is M
test,O'1,Check sum is G
test,$ae,Check sum is J
test,",=^",Check sum is '
test,?E-,Check sum is Q
test,Hu4,Check sum is Q
test,4&E,Check sum is ?
test,f6\,Check sum is X
test,"""Me",Check sum is 4
test,'2L,Check sum is E
test,",sq",Check sum is 0
test,Kt ,Check sum is ?
test,ym%,Check sum is +
test,j#!,Check sum is N
test,}a2,Check sum is 0
test,-eR,Check sum is D
test,ECU,Check sum is =
test,",yx",Check sum is =
test,>Po,Check sum is ]
test,K(R,Check sum is %
test,[OU,Check sum is _
test,=i!,Check sum is '
test,e04,Check sum is )
test,<.c,Check sum is -
test,5L',Check sum is H
test,C2&,Check sum is ;
test,31.,Check sum is 2
test, gg,Check sum is N
test,S7=,Check sum is '
test,_6+,Check sum is  
test,sxs,Check sum is >
test,b+3,Check sum is  
test,T;E,Check sum is 4
test,"xG
",Check sum is )
test,2vh,Check sum is 0
test,u~~,Check sum is Q
test,=/3,Check sum is ?
test,_98,Check sum is 0
test,w P,Check sum is G
test,}1Y,Check sum is '
test,%1R,Check sum is H
test,Eu.,Check sum is H
test,]%>,Check sum is  
test,]I{,Check sum is A
test,d-p,Check sum is !
test,yT<,Check sum is )
test,\DK,Check sum is K
test,*'y,Check sum is *
test,7CT,Check sum is .
test,kGW,Check sum is )
test,fHg,Check sum is 5
test,&kU,Check sum is F
test,Q$],Check sum is 2
test,K@/,Check sum is Z
test,"*6
",Check sum is J
test,"""3V",Check sum is K
test,IXt,Check sum is 5
test,qgs,Check sum is +
test,T_V,Check sum is )
test,CGp,Check sum is Z
test,|!%,"Check sum is """
test,TmT,Check sum is 5
test,Q@},Check sum is .
test,3Dr,Check sum is I
test,~H&,Check sum is L
test,wnN,Check sum is S
test,"C""g","Check sum is ,"
test,:Wp,Check sum is !
test,nUQ,Check sum is 4
test,Na*,Check sum is 9
test,uev,Check sum is 0
test,#2l,Check sum is !
test,2B},Check sum is Q
test,TXG,Check sum is S
test,RKw,Check sum is 4
test,OGA,Check sum is 7
test,^j\,Check sum is D
test,N.5,Check sum is Q
test,pg~,Check sum is 5
test,"s
,",Check sum is I
test,h\B,Check sum is &
test,Z(\,Check sum is >
test,/>m,Check sum is :
test,"X,`",Check sum is D
test,^m9,Check sum is $
test,oO<,Check sum is Z
test,:iu,Check sum is 8
test,*J#,Check sum is 7
test,q(4,Check sum is -
test,"
]2",Check sum is 9
test,o*1,Check sum is *
test,XX_,Check sum is /
test,:gk,"Check sum is ,"
test,G`W,Check sum is ^
test,(!d,Check sum is M
test,N:o,Check sum is W
test,]C+,Check sum is +
test,n'[,Check sum is P
test, gp,Check sum is W
test,dhB,Check sum is .
test,iQJ,Check sum is $
test,DLz,Check sum is *
test,O8_,Check sum is F
test,"j""3",Check sum is _
test,"
fH",Check sum is X
test,ok	,Check sum is C
test,-Cs,Check sum is C
test,9_o,Check sum is '
test,yml,Check sum is 2
test,as1,Check sum is %
test,7 2,Check sum is )
test,"%<""",Check sum is #
test,0mD,Check sum is A
test,UeH,"Check sum is """
test,B]R,Check sum is Q
test,Ju>,Check sum is ]
test,EVm,Check sum is (
test,+<A,Check sum is H
test,PFM,Check sum is C
test,AEe,Check sum is K
test,cjY,Check sum is F
test,-TJ,Check sum is +
test,%j`,Check sum is O
test,j|b,Check sum is (
test,*^#,Check sum is K
test,6#p,Check sum is )
test,!l[,Check sum is H
test,!V@,Check sum is W
test,"""XX",Check sum is 2
test,w+H,Check sum is J
test,2Ij,Check sum is E
test,z:=,Check sum is Q
test,)1 ,Check sum is Z
test,p:o,Check sum is 9
test,'`K,Check sum is 2
test,LCQ,Check sum is @
test,-un,Check sum is 0
test,~sX,Check sum is )
test,KHp,Check sum is #
test,84?,Check sum is K
test,pcP,Check sum is C
test,9Wr,"Check sum is """
test,!;f,"Check sum is """
test,>S&,Check sum is W
test,k	O,Check sum is #
test,J4',Check sum is E
test,IV#,"Check sum is """
test,H#!,"Check sum is ,"
test,}lQ,Check sum is Z
test,ua7,Check sum is -
test,"0""(",Check sum is Z
test,5RT,Check sum is ;
test,X|@,Check sum is 4
test,dOr,Check sum is E
test,^'I,Check sum is .
test,E>P,Check sum is 3
test,rPN,Check sum is 0
test,[)_,Check sum is C
test,jlP,Check sum is F
test,ya6,Check sum is 0
test,"
Dl",Check sum is Z
test,~(W,Check sum is ]
test,}rD,Check sum is S
test,&!8,Check sum is _
test,InJ,Check sum is !
test,"""vN",Check sum is F
test,.m!,Check sum is \
test,>+^,Check sum is '
test,Fp^,Check sum is 4
test,uW8,Check sum is $
test, m9,Check sum is &
test,"H
	",Check sum is ;
test,gY`,Check sum is @
test,f%A,"Check sum is ,"
test, 0V,Check sum is F
test,	t~,Check sum is [
test,Kl`,Check sum is 7
test,!{&,"Check sum is """
test,Qk0,Check sum is L
test,+4l,Check sum is +
test,q#m,Check sum is !
test,KsN,"Check sum is ,"
test,vDk,Check sum is E
test,"r""P",Check sum is D
test,:e{,Check sum is :
test,ig3,Check sum is #
test,mI.,Check sum is D
test,]MK,Check sum is U
test,kT],Check sum is <
test,@Pj,Check sum is Z
test,v29,Check sum is A
test,VAE,Check sum is <
test,'< ,Check sum is #
test,BL(,Check sum is V
test,:qc,Check sum is .
test,[Pt,Check sum is ?
test,k*6,Check sum is +
test,g+f,Check sum is X
test,"Q-_=XOMRh` hMi>be
/[8$e]ik%`!;MV~w",Check sum is J
test,Yuhe$8!wY%2GHh*!W,Check sum is 8
test,"?y{yB0>z'7)3n""w]79-MnLh%Ri_SR*h
\9jB+eoeV4",Check sum is O
test,}B_BC'g^,Check sum is /
test,8&BfbpJD}>/G}^Z)'50R>Rd)}!==&[$&0W9RKMCR:Y<dPe$$l,Check sum is N
test,"tcSl+1,>9ITpn\8i1fOkFyR;#3v22)zLvuSUOGFG6X`@qty",Check sum is +
test,"5,|V*",Check sum is =
test,VruA[OVg\]Knz2aV'9JHejM&.X8pr81D`jy^?<,Check sum is 7
test,ElXtVP)Q<[G>_;hJSIVscE(-wD);Ivo9H)i'PW	\G8yvTc!5m,Check sum is B
test,.LCasv^X>Moq-8L-jp^IOPg_+$Yt&[M>O>/*&IxZL9?,Check sum is _
test,1.JY<pTH22J=pC,Check sum is H
test,i#ewAsSx*,Check sum is 1
test,"UmquzcdK],<",Check sum is Y
test,"zCo`,wKZ?zZ+)YvZ",Check sum is D
test,"*LH5n:~LALQxz/cC|Sw_b9w):#m`fK,ckU	|[EIy{.	<	6U",Check sum is ]
test,"+=BSeEzS
'&R.XhiM>h)",Check sum is 0
test,";z2!HVM'Gr4I@uGs~bRCT""/Kv[s tZ&'
!#Nw",Check sum is V
test,>}DKlIVnx5,Check sum is P
test,"_@g.0o%yC\zo]i&Jw 8""8VT4)cO'6%9Yv*0rH>HMgNl",Check sum is C
test,"=7%N@9?snMEMX""[^U	.qPCPJ-nE'HJ?ZBt",Check sum is D
test,V!yt]tf,Check sum is ;
test,#M#$o3cM,Check sum is )
test,"BoZ+vg""zUrZ&^8""\vAo=CV<""q;/[",Check sum is :
test,;[0/or1U\GQ3B)sWs6#>uL)p/j7?Xg7W,Check sum is X
test,"6]@04Fm>>	b!S0BNJ@m#lOb`r3
-yi.|e/B&5,8	GK	",Check sum is ]
test,"vS]^aa*<;Cw? m=KZYvJqs;""8 N'7L&:D6daO",Check sum is G
test,]=+>se8x$-7rlg2[6,Check sum is ;
test,x{*6ET)Y2F~O z|7g#7R45	yI3#[H05dOus*35],Check sum is O
test,FNn1Eh6PTP3ds,Check sum is 4
test,"P>Qx2'`oQ4Yr:
s""wq-
LN}k\!;A`3|:LB]fR",Check sum is N
test,1<\g\];wi+KECC$wxCy1ZuaFe1%ct],Check sum is J
test,"GeXkn@""hn;I:",Check sum is 3
test,".q(4G4r\8J ,:u
RHFLkjS?""jknA,ttE_p	W}I]KheT",Check sum is ;
test,"e8)gSe }#JGP7Vey*
r;Q:}Jwrx;kSdeHZy8",Check sum is :
test,"PH!v)GuT6dm-!3R}""W+E'J5>U",Check sum is A
test,"@.3-l%<ahV`M[_43,ZcrHr5#
p",Check sum is O
test, ?6a0w)n,Check sum is T
test,l|`kxyaPv00'<Kd.aii6U|]?DvRZH1[<B*~Mb]vYXo_76sLC,Check sum is 1
test,"2\G%,it'TNCFS)rC#Iz_X@~W<2D%X+FizgPbp",Check sum is $
test,g d;*Hc)$J}5t,Check sum is X
test,"h@?aj;Sa	&+_eC""7\6V|w^",Check sum is 4
test,"]-7*w~c|>3=;xHS=_%yjY~},_rF",Check sum is V
test,"T@Xr9,r&O[l@pd,;N%f11l`MR):Jii",Check sum is 1
test,[Gn5)cSwweqmL?B$g*\SGoG12/<v=,Check sum is $
test,"E9r >9pW"",`I'C",Check sum is O
test,KK:*,Check sum is Z
test,"7'+Kt1Oq""$d,""C3,iw@R2u",Check sum is L
test,"
Dr{rr'6!M8x
d`,n@Wo!Q?rN}%!Y-h5T?bKG.y!G7am3, ",Check sum is Y
test,"Fl}M%\.Ek9|CsOtR\Vl Nc&D6^+el5dS0=K^9
.?""",Check sum is 8
test,a`nAU	[=Zwm#]oBy,Check sum is .
test,]HgOOU3id11,Check sum is A
test,"j`wj+u	bOk""S
9#?RXPc01[kcf80A[c;)It:?tL9X*",Check sum is 3
test,H/4tb=uG,Check sum is Z
test, -![h#Oa8VvaS2?7 c3 2SV61,Check sum is \
test,pPV1.^b%W.Je+g%U>Ykx6NCHD`'6U=q$eeG4}6c?id>aNlB,Check sum is -
test,"hkK#>1P o])U=+4OnOyUrf {G?a!N
4a(_",Check sum is /
test,mt[Ms]$F.0FQ^F\S5a_z@'?a,Check sum is !
test,"}q1w&E/fJmq
PVEEsHn.&LMJwu#{:G{%

1%mK",Check sum is E
test,Ol9j$x$;O<i,Check sum is -
test,".Eu#)a\jLKqt;+'\Tml3JL&	U.3V-nX[/% fU^,IT-","Check sum is """
test,W&h},Check sum is B
test,N6D9y3Z~KqnT,Check sum is #
test,"61T/-M|zO\Rcj{=05#wGx5#Z@8:<y0?L0sx
W9o =#",Check sum is 2
test,"GcW VB""HL/A%T<[Q0Tt=TyU
nCs%<xC-Hv&!jh?`",Check sum is $
test,"P,=_Yuce9/ O9L",Check sum is *
test,+% #Ggc&;Um2ED|n,Check sum is L
test,pI8[pdA(Ium[,Check sum is /
test,Y@($]_v>[6|YAmYh,Check sum is J
test,"=	*g8B""}X/7""gSNoy64om!Y jn[dWm$*VbQWy#7<S",Check sum is +
test,".1*oe0F	^#Zl;ev_*/t9_,73*n@Og
y#V!/""0P'+Zqno$j",Check sum is 7
test, }M6o:KWI$~dt j4S[,Check sum is :
test,"Zl(.q'3Ao(Uh]:+/V\S;(T.=tS**x,s7{v$d*.#1%^xaO+C",Check sum is [
test,-#SH$	mIf2X%R!^5O2&@@dO,Check sum is #
test,yn5H43;,Check sum is &
test,h*EDU{qq(o9sJMmo7pjvh,Check sum is R
test,lMa|k^;,Check sum is :
test,`^<8n$bo+' 	ZThFF%t1Zx\Vpi$0-4\uW,Check sum is V
test,//z{.$gT+]a44\AeN:	V&p[U95-P,Check sum is +
test,]|mC^CL|qX'	_ecg[U_pP/,Check sum is W
test,aPLZZVMvzm)Yn>djy<,Check sum is B
test,`]SXMPun;F(|{,Check sum is (
test,"FC@c,nBEu3,l+R[mH|[",Check sum is Q
test,"niBK4Sg!bC6'/1(]MzESJng 3FJJk|Eo(=s.=,[>2v.h_>r",Check sum is U
test,[ay3lL_F?	t}|y`$v$,Check sum is 1
test,"%h]\:2}dnn}#;e.[\""`;$cZ=ka[DNp!oK0!6,U:dl",Check sum is %
test,"&(w U2^_7
6PDc)z-=]@jbg4RkXXsRewW#2P4a{O|);Y	",Check sum is 3
test,}e^~yk u1~I$v/rMh`|(dlV.,Check sum is W
test,"aZ/mMKV<K
JA#""'UtPxf[&Wwx",Check sum is +
test,]6t_aKM13/!4|W~)h_Q/	zdmF)@w6rT6f[B<'aQ:}x>#,Check sum is <
test,}6T,Check sum is '
test,V@m6Q3t30igKU:\_z*&X,Check sum is ;
test,=!+xOkv*^@A*1S),Check sum is 1
test,"
r~dG!0zm(39qw{PfF0V",Check sum is 6
test,"^q	\'T,b&`,hz%nbIS",Check sum is B
test,"4f/z:	+JjrbX""GXgx)f680b^-j6?!",Check sum is +
test,sl-@IH12fs>XEN_W6zL|l+e,Check sum is L
test,'qUB hhm	{#XF@u]3=|MNNo(@4	3^s-?MS@G,Check sum is C
test,9&Tdc[Y3;TJm_7I!	~=2WMt-DzP(pnooOi,"Check sum is ,"
test,YP3TE/G$P,Check sum is ?
test,+TKj!-a`]xx@8	,Check sum is 1
test,43fA+*j,Check sum is -
test,d	%]GPlQ4,Check sum is W
test,MO6c{Jamb,Check sum is J
test,"|e<%t*d`<3Y>;aV9%A+>]/}oZig,vzBt{>lvxNiYgY~*[K",Check sum is )
test,"8rGN?*2M0$v9G}&CSC~VJ+""J{e aNyht",Check sum is F
test,ka1`7'eaJX)KcF4^Lrhvo.[\.,Check sum is P
test,";=Q_SN3RkJM
|=m'j66yrQA[,>",Check sum is _
test,]R/#%'l<6U,Check sum is  
test,W]=WJ_TNLpjv]/L	Q?:AKM1Bv,Check sum is <
test,jH&.lJkmykK<O.;4M%qf5Ze,Check sum is H
test,">D-9M
c}""CJDY?t5xoC""FLzDu`~E&/?I9JUSME;fwcR""~!T""O&",Check sum is :
test,"

$~j3W	QBfT:8i",Check sum is ;
test,"sZu-}0rYd%|,l`t{*[=s#	C)Fe*|QA6Q+w",Check sum is L
test,"D'awT=\!c.Q,Q",Check sum is P
test,"5TPor31pC`=7|kGqu*2{J&Z;u_Tg0`:Wq
K}h*0suC?sHh;E%l",Check sum is H
test,jO<R#[Wx4;XI/.	,Check sum is *
test,"(WPe[UgfT}GBco""z%LlFS
E",Check sum is ^
test,c23Dn;JhB>mn.o5,Check sum is 4
test,",L!@d
#GizGu[%cZ=l2%/,P}%b 8uyS5Ck>d8Xnm.0*)0..>7",Check sum is W
test,YZ!f_eW-,"Check sum is """
test,)y |@Yk:d[2!Iq9,Check sum is !
test,|QB:o-nWIuu/z< `CTk7tdO@<{,Check sum is 9
test,D\Pk2(gBbk#gj`.]jwL@2_/3!oA174)@X\x~4],Check sum is [
test,jztE%->!g9Nx6f:]5,Check sum is <
test,)]osKcILX-3Ypic%e,"Check sum is """
test,tHexuKusF[9_hwhL2f5,Check sum is :
test,"Z@hAle9Z'*,3;3OerV67fg1{D&",Check sum is 1
test,AS@6Q0o.0SgV!.V4{~,Check sum is Z
test,"&MZ#vWb`{Rda""Rs;P@
hK6_l\73XmYBV~",Check sum is [
test,"uR6cZuA] >~3'|r*If""	Uw",Check sum is !
test,'a,Check sum is (
test,6FWO7GtPWmbC796U).& ZJB<hh,Check sum is 7
test,"^O43n
4K\ZYOsp<%V;7>IB&_LML)irNy?",Check sum is R
test,3&}#:%O&jj@AUy|`6v@xuX9t,Check sum is J
test,&hh*^{<K4-%v,Check sum is \
test,"}SBavqZ/fB{3VE	U7""CJa""F6",Check sum is 7
test,I/dF|,Check sum is >
test,"Y2dFwoI!5@|n,&?>%2_pcnXYI0<T&S",Check sum is =
test,"xXm35`]-_YWV0m?c\3,FN	5ox
QFk%|)5n2H7+w7!",Check sum is +
test,"TMPyP~#+&b4#+""oW<;0>''|wT/|qL4.D$eZ$u8PRARfG{",Check sum is 1
test,G3:4Y+uP,Check sum is Q
test,?%5d6LIb?SU&u]'E[H&lIYJh,Check sum is ^
test,\M+lFJ%c{!s?b~?,Check sum is %
test,]bk5_{)Y2UG2CIbN!SZ|m-|mnB_OR6V9Gu_8YcH2ptGHIJ,Check sum is (
test,"LbG`@K9rk^!7Y+
y6uUioy)5(T^ze0Y_]rw4Ctc=F2`K",Check sum is W
test,"W2Z FM:B.d ""?/xn!,L:N?]
}EUW<1TG^de oIa,bU~",Check sum is X
test,".oZS| ^Z-rfOO""\uG:v-#VC\tB",Check sum is F
test,"x|U&0lXp\h*#Y"">Gcvgrw",Check sum is -
test,";9!+
&fIE",Check sum is D
test,juSoY\f@%+-iW6[~RWnnp*H8|~{<8w	<Lg/m{MHRRq%p	S}f}x,Check sum is )
test,YE@CiO>=VQ07&vRQ;[wpIAB+$15	/Rlh3U'!^ .eq; 5,Check sum is ?
test,"i+}+:a//c,c9M!""[hMMy{\B 9n=l:Gin",Check sum is G
test,"D XNa/CtMME6{C@:8u3I2X
B0G2
C{@l3\8jsQ",Check sum is O
test,"@b,ZoTw.-:L(8H3Z)U<@FUs",Check sum is  
test,"69I$grOJ,",Check sum is Z
test,vZALp%#&DvOxM?&n#}	OtU/K95]OEvsIF,Check sum is N
test,"4""",Check sum is 6
test,"u_Kh/jiR,",Check sum is '
test,kRBwum&mSwL<,Check sum is ]
test,S`k<)4[=@r~	}>E,Check sum is (
test,>7922D!U2tSoTfUAt}Cr,Check sum is J
test,"ZZT
-44UpZG-a><	FgC	5<!J)",Check sum is <
test,"#?'lwW""R@H+FF`C]90+xH#NW",Check sum is 2
test,"uQVf:An""0-sARU!.bNG){V<P9G#?DC[h9f1,)A]\+U!O""3f({",Check sum is J
test,"L01l7^,N3%""(C-I{L+Ob",Check sum is F
test,"g
&Cj\ZtqG=PEL<-<lb$N3gc(9Dno/q4<)3},3",Check sum is P
test,";m:)""EBgbleec5<]m=/ysqbZO^lk3Y4>8#.""&QAU0nP",Check sum is ^
test,"mxel@/HfY"":Fl;
+#[AO m?w(6y,N*fH",Check sum is D
test,W$kUw~$[`2'W,Check sum is _
test,LN!i,Check sum is D
test,"beR|aWt.
'",Check sum is @
test,7F,Check sum is ]
test,aL/q,Check sum is -
test,KkT@?&$A&0|]7V+;Cq;|P,Check sum is Q
test,-|u:qOr_Lx~3T?5!H,Check sum is /
test,w8/'\SC=G k	yA({,Check sum is L
test,"mN7jIQzItPAwT^dICf:OSS@IV""pox/5Rv.g*@nH1;KulNU",Check sum is @
test,Kz{qaIMS@tW5,Check sum is [
test,CH39C$e`AG[.C(fki+|b?d//fy}g23iaJ6+EC49DW3<7,Check sum is V
test,"p*I8b;hBeWZ""Q%A4%zJOb,6EvliGg21y*3o<D`q`P}~*|S2uP",Check sum is 3
test,H4WKc]cXIk.R$f|/LySDM9SWZAaXl,Check sum is .
test,jxx<CMEd#_&e7=iLZ,Check sum is ?
test,"DL9@MkhXjHekIB""!`*vaM32389[nMft]*",Check sum is _
test,#vt|/\`R-~c0Br[{,Check sum is .
test,ju;D6Y:d6!,Check sum is B
test,[ST1e\EvHwy]u7yorzHETu^e7	o*{5G80]f,Check sum is 8
test,"yIvn&fbB JDM3o~bmN%|sF1o3W)3j
{r@>?RO",Check sum is M
test,oiUZL(._j; UMgS~h#G.GM`cNaP_!vL|Y<B*@`FZ3v,Check sum is E
test,"uxz,6'N9",Check sum is W
test,"!6rswuUU93}""Bhi+S8!5aU>d4@TECfr	eEO_fYx0	w",Check sum is $
test,4-S5,Check sum is I
test,"9*#?%P?Tfhf~*t9Yy(@U\ORLy837~Ssb,K2B#TKvS,g",Check sum is X
test,g\,Check sum is #
test,"I]_*Q~v
3m#I5%01@wOO(Q/m5z|(TxnSI",Check sum is 8
test,"J9k_!Yg
18X4z0o1L{+Kb6w]Zw~E[nD2b""[3)$Ct
K.'},@!",Check sum is ]
test,"jP:B7[#&)o-k
~'}oX+y;tOk:SiF^",Check sum is ;
test,"]y/*:,]`t0\b|GA	SiVt8:wP8k,WW>opD4**m(]Cm`
",Check sum is R
test," T@<
ep&l7~qCW#Q|voA830qF%cJuhFK?d ^tT",Check sum is R
test,_JtV^%g+Y*q:PZ(,Check sum is (
test,"Rk*gF2]
N*",Check sum is E
test,%;:>GD	p>;wsQ+R]T B9o[|{P?ao,Check sum is Y
test,"@9mFvXPP9UyR9wJn`mj@3oc2-JxT:UwUUE2-ZZ?F-K,R*r",Check sum is K
test,:zL!Qy;4g3NMi(xj8/nK,Check sum is B
test,"&1%1Tt7zwo3d)[5,
z-=f&:~Qs""[,xB5gOT?j -",Check sum is 6
test,"0[`,]e]%.Nu~FWm-""L3r+a*\
B_",Check sum is 1
test,"@q@pi{,Jt5QUV2Q",Check sum is C
test,"j""Yl~_C0OqByL3:y3z/J*C4oXi4#):",Check sum is _
test,YfB7n-;>g6TSev{ 8(g-,Check sum is Z
test,x-Xq+hr+US<[8W*zsq3|[U'_f68dx`ny^V0?ux?sY]cD,Check sum is O
test,uKI b3omS[:HeK<@\^zz}/,Check sum is 0
test,"A?;fEj(dQpx""'!Xu","Check sum is ,"
test,wLzc-fn?_@5s$M]=7}Sv=2HS6)j8r,Check sum is L
test,"PD5
e6[MG",Check sum is =
test,"eFvx ~+od@uou{)\?N,S=RM]f?t|-{ZKW	gjU",Check sum is [
test,"|a~~MGQUk<6j~I#R?{<AWd3,Z9g^",Check sum is _
test,V/sCs>c.X n#z\	RT9q|GJ:R<RUQ<&m[[nNQ,Check sum is 4
test,]3eON5,Check sum is '
test,"A5XO4ZAPZ\)mp<Rj%1~7z]}
QcQ;m\ro#UxQq.|^v/{
1}R",Check sum is G
test,"5
lr,I}L9o_i",Check sum is +
test,"p""jr,o",Check sum is )
test,tE(wb 8YY^}L\&	s\<A7V!bJ,Check sum is <
test,6q7g(>.1$lne^9q6veo	8K:g?v}q_azS{,Check sum is -
test,"}""w2]*(kzKlC!S}$U*p$z+vx	-P9;X4YAd~kjnWs_nM~lCs",Check sum is :
test,",-X%U6P\oJ|$dL741o9'``F?S",Check sum is 9
test,"	`VK ,{{M7I5i_umU
qp2X`
?	`e|t+-{2MYsi/]e _!|`RT9Q",Check sum is -
test,"F*|$eeQB$<{;bAHgc1QbG""+[UlV.fU!];6%z&n",Check sum is M
test,]	fj,Check sum is V
test,fW,Check sum is ]
test,2MbNC[Vs(,Check sum is ^
test,"#
3$)UX^HV_P",Check sum is %
test,j~.qJV1tbvk4/{/(FvZF3Y3YX,Check sum is 0
test,",LfY({Gbz0!ZQ""L@}	TxjIfeX'1%F^xZM{2j0o`0",Check sum is 5
test,xwT3lGy#:pkQ`4c*1#3O(tl?`Q5S=kQ6`)b<8,Check sum is P
test,"""w:C8?J8Asb15HXC A2Yyqm)OGvBb9gHbZw\Oo|>
\SY8tB.",Check sum is G
test,"5{q*e0*[0J;(;h]!Cu,>.""`r[# aS0\oPAXU",Check sum is R
test,'H$|FIn`pS(EG,Check sum is C
test,"dO77SN""jX]:^y%V+TYHq'-|mj""&$8<%agf",Check sum is Z
test,L*v,Check sum is L
test,W}ol$orx$,Check sum is 0
test,K<|p#,Check sum is 6
test,"'Tq-],""sJ'*<Q^|\eY)rXxt8D-2DW~ha",Check sum is O
test,hy(2'V=1ku9$MTK$M:@s1-@dB|f!Y81nc+;,Check sum is M
test,~snr\A$0/!$o`3:(RG5b/cNp7q!:Cz)o6dd*N,Check sum is H
test,"""ubyC]38>",Check sum is [
test,")9,F..JKN}0Re0oaFy9OUjP{uKkujTq
O!",Check sum is 1
test,0E<.,Check sum is ?
test,"B)WX+#n	|X
KW)B% II",Check sum is A
test,"`YF23aEX;1~[!p;
/ BWJ9EjTJro/",Check sum is %
test,"
Kng-;\o:K6y&(/PA]'Rm",Check sum is B
test,"E=*mBqV$5gr?b5j&iq,WKe(
!{`^	QSsZ",Check sum is -
test,ztq(DP(>s\b	P<{\S|8Eg=@U[,Check sum is ^
test,"
SH,<4j1",Check sum is <
test,"U@""wo:*
4 xhP+i>xy",Check sum is 2
test,QAd9SEd>muJN~,Check sum is A
test,Q`a-X.X23.TT8|01d.kgS(=D	5p4Z,Check sum is )
test,2\pY;)RVt\nh.48Lld}FHy1v`|&zqZC:NoOHdy>,Check sum is =
test,_p%XBkD#O6uzLl];Edgzy$>~E>8nn/(cZCN`}Xi.iDWG)68,Check sum is Q
test,"m8[jGA*D7r[W
Sqs$""o/gVVEp""",Check sum is *
test,"^oiQ--,RI		}?`p8ovy[H'""&[Kn","Check sum is """
test,"`3U_)!{6an*4t	b
/[rC(-33+Ysb]rKdUr",Check sum is P
test,9zw,Check sum is J
test,"qPxf6Uh#E11|1~z;dxK>+\4[}(c/k9_pzqTp
|",Check sum is 6
test,"bU &[#`S
#b*		Wt##kV""I	,n2<'JPaTeF6;",Check sum is 9
test,3ide(-S,Check sum is -
test,P6Nba=U#7o/.M)X@`&SQi,Check sum is P
test,~J;uIO,Check sum is 0
test,l*cpcL!WL_l<X&Yf:\+a@Kr'fI]Ovb2e/K/N?GE}R5q,Check sum is G
test,"""3Xtj[vA%bMIQWJ^&0A{gKR[.|^FkI",Check sum is ]
test,IUVa.XPY{Eckn1 ud	(*[`,Check sum is  
test,"""Zx*49qqh9mGC<R5p(] xo})[etI\{LB;PU",Check sum is L
test,"bCLmAV30M@VEm`
&H",Check sum is %
test,Zbw0W:r@<50aCY$vk``/}OL8	 ]'kc{sEp,Check sum is F
test,"WC'7Rs)b/\Nu?Lv\n)[(,>*-IgVgB3rlcJ!ql)~",Check sum is @
test,e-._PptU\3,Check sum is W
test,"+17Z${eg
/
FZE!]Iq|!a6)L;?b$Y=tx`_Gm[DaZ<UyQPh",Check sum is #
test,<=&`^H~]:%o!BBs_@@_W3*)n:nKG9%mi/L1RO+t-w#Y%'3Dzm,Check sum is 3
test,Lu0/Ai @up5O{-,Check sum is [
test,"""3+KMg BV(G2	}5om",Check sum is O
test,"EXVs/'Or9cDvZv,TC~*E",Check sum is 3
test,"Bdwu:C0\l7N{/,iqG7jfwMyT,,e]PHM aPv!L[EpV:
d1^Hbq",Check sum is &
test,673dQ.[lDRa=1m	f>s!Kv_+~xU*=Sq eI,Check sum is L
test,.)Ig'P?.Hv[g$7,Check sum is &
test,"#""17>22i{8,",Check sum is 7
test,"<F#|sSb{e:S-VSUh0?F:1+
Ht ~Gx",Check sum is W
test,CU_?8j0B_v<LyV,Check sum is V
test,"jaB4iC,>	20","Check sum is """
test,8P)5ygOO;<4A-,Check sum is ]
test,]{/P_n~Z6@-aoTeQmc,Check sum is )
test,"V$|.98+:2T0_itU3FLKX$g'@W*a6r@n!,	^zs:PaO^bp{(>.)D",Check sum is :
test,+Ho+5NQV	 :t%9-1q	r-OA9y+'X}zFK`,Check sum is W
test,*q5i/y!jGWO-:gGKCPB9*m*MLy,Check sum is :
test,kEM}Zl7_:RF'c_'`HG1o:Z-@q ,Check sum is 9
test,U]C,Check sum is U
test,+?oIw9nrnqh0W>Lg5}i9,Check sum is %
test,"l~*60lBW+WT%[,`>/epd_t7=z np2QGEXd+y+L,]pN""+L2^trS",Check sum is 5
test,.3ydPcs/mK	wJ-<88PY\T@jJP\^|:?'gY5tOK}(yu?{_,Check sum is 0
test,w/o9GMq44iW63cmTdQcPY(hd EFxj2'xG|v0}#Kl,Check sum is ;
test,"y6/).}/jS{wQcxL>LAf0\|t_,.*wJ
gmET=t^3}7G=",Check sum is *
test,"r%[d%=
p[d'-",Check sum is %
test,A6mG`<,Check sum is '
test,}l|H,Check sum is M
test,";.5a
t%u3iJ	kCrta(6iUR08ng",Check sum is F
test,"\LRi[4TyEf[]
usWSD","Check sum is """
test,"|K'ePq
'fFesq9:i![",Check sum is 2
test,"R]A,<G_/N<+*Z&_lPfY/^	<Znx=^,|KzO.k ;%#N!%-F\",Check sum is N
test,qJon]_0CHJRQ_UuJ YY_},Check sum is =
test,"dl}sxP]q6~eV+@Uzhyr37pz3&0}`!;{""sJl",Check sum is N
test,"I\	{]2`$u6Oi	i0"" /'c=S%FEZt'vuU;|k4'Q%1v |bqrX)M}",Check sum is W
test,y'B$`3Z'*U,Check sum is 9
test,BpbX*SPdFk,Check sum is .
test,"N""D(@3O@~aA,pB~:bL:dv2X@kN2H'J.wsyyp30:{z",Check sum is 0
test,"YYtU`0-!,Rv['x=L64Kl9Gc1",Check sum is %
test,"vpgo(.#ku;&RMiItB} P%k=|HYciD
v
G5@*",Check sum is 4
test,fEgJF_E@{V4Xtdp[pQ)I6$j^l,Check sum is '
test,"[aqSuz>G|E
bQ4xO}ksjpv0ETe2",Check sum is X
test,IEfw$S%f\\>^,Check sum is !
test,"&uj}pVJ13 uLltwNb>zAG}UL/{WT$]_oo_CZmW(""tP=`",Check sum is Z
test,?7uo15oanBxrc},Check sum is *
test,"}>""AH",Check sum is F
test,CT)GLz,Check sum is -
test,!)?bK[T?6|p	(*d,Check sum is %
test,"7HcGC&=+&W;@18i=t6Oq:Z430iG|R%
;",Check sum is ^
test,"J0K,=WVKbcRgZ?rW""ox{Me(w@H7Jj(k+}wRSTka",Check sum is %
test,"8]O4?-S^W
!""B;JNZ0=\mt;",Check sum is M
test,";@TP]2My*G{2F
jf	]""x+mgCU|%gv?Uw",Check sum is 2
test,"0};&*mT$5|JI@kV""VU3<!""7)mR508f}V5S	o+?JnoA_&Q&",Check sum is D
test,"#pF-,/$2!1YR]VeV`d)9jzX	+AU?Kl#YDNf3rPgg	",Check sum is $
test,"g #vLD6$`tZj]Iruh~U9)p,GQm>tfv]fG",Check sum is %
test,":S=Pg
}xkvK@i-^[:3F	d_{[/yNV{+NqL,}O|(X>",Check sum is _
test,"h,*o)*Ob;k ;b$-0%!CKaB,Lu#pOhETaN#L*1w['vdUm3*b",Check sum is I
test,7K	O+fZj7P,Check sum is V
test,"(:0r	]{`sN
",Check sum is 0
test,QFT. Y9BpTA{r9,Check sum is X
test,S@Dm+#UK?X=E$n`%xpk4SH3 ,Check sum is 7
test,>Hn,Check sum is T
test,"a%p+L{J^r%""",Check sum is )
test,"X
x(E@(.,m""r5=H[VP}P\aPF-TD*",Check sum is 4
test,	xA [jNm,Check sum is B
test,"`_
eyB=TJuL/64=YYe
eHP8J5U
D[{g",Check sum is 0
test,"sEblI/}
)2f!M0MQEHsqt'1",Check sum is _
test,"nw;,_\st9N}xTpijP7A)?,R`Yh db+
Ar2tsE<W&p~",Check sum is C
test,"HiGZ?B7s,4L:6NU^(htN9+WD%-BImB7RN4.i1",Check sum is *
test,"<h3BkqE48K^7y~(Hu^TGOugGrf4::?]A5"")Q@m5c?EN_^Ib$t",Check sum is 2
test,"-v`t<^[4yKn,e-^*`0S]%=EN',t>Fc>AoD?",Check sum is L
test,"NZ]se}
wG)>vFyXv""b~P,c3",Check sum is @
test,+]\+&~;{qbdH L}~#t,Check sum is F
test,"LUo72	TIPgD{rp2b&Z2r
?8mJElhve6Wh",Check sum is 0
test,8^i{w(K$  T!+[<ME@^+,Check sum is :
test,MTstZ7*B/7O.&u>Ly2	2$^q=,Check sum is C
test,"mK!<~b6lGB&NioB
8UL;Z>9IU[ ]T]v",Check sum is Z
test,<$,Check sum is @
test,Cpg,Check sum is :
test,"Sz\|	L9^X|41-WDI^PsS[]SHmQW
",Check sum is !
test,"onm-)ah$!0iY+^^""4S4V6f~",Check sum is 4
test,">YN;lt6A8Vf>/J%/;F+CUZtMcQcjY7(_4(CU
=5wtE.""",Check sum is =
test,"Ko8iIRZOS|;wuy	FmZZGOLBvPvZ7JBY8/t9wl:+r	
",Check sum is U
test,kwB.;R,Check sum is ?
test,"/chb_3b/s|""",Check sum is 0
test,!@bO*g$mm~+:Eow4VL,Check sum is %
test,xK P./Ra)x-oFp,Check sum is V
test,"C(u~<""/qEl0o{)/zN
Ka
8`z}C>$oY3%.An[ c!*#Eb.=	)yRW",Check sum is J
test,AnZD\!}(Mzmo	:H8[grIQPYc#dT	YY9Vl3XQF8mP ,Check sum is W
test,"pi8uu\<hr17Ni~oYmYO<]Uj 4PXI&Dw>,C@y6\%","Check sum is """
test,+'&eJw')QLRrI,Check sum is 8
test,"%K0xR[x-5A@
b=\bwowom""Arb=}J	m@2+X=Jc/""f!^<2DaXO]x",Check sum is 5
test,"Hl#[)Cx0~]rR2l3%6xE[r`c
3SQ]!pztkh",Check sum is N
test,"\XQ""p`,^oAppVX~RCqq?;^;`Q8is_tCg*:W_Vf)8kF$h",Check sum is ]
test,fQA$h8/Rtu#`+VwqA4Hs%9,Check sum is @
test,4wc3/}{kU3[tbmh~^|UK@Px1Frv|,Check sum is \
test,!i\(\(%jM\5u,Check sum is T
test,s89/qgO#Q!<av<%C[aD|B3^'C#2h6Fj?f*uk[	w[t>G}x0y,Check sum is >
test,}$,Check sum is A
test,"K'$jI@9(^{'$""ikwS=/+.7F2e	+]\ fSHwGow?$qR7449X",Check sum is O
test,!>ccz=P@_.b,Check sum is ;
test,"C$&4`G=t=J|(+E[Mt
PB:",Check sum is F
test,"q6!:hNJBZ%~""M4~8&^3tv.:`",Check sum is #
test,PjQ?M4a.7q1,Check sum is S
test,cC:I~c#W&c(3o%_z4KT^|b,Check sum is D
test,z$^5`zBoYbR	Q|G^i]|6xjg!|LWE.4loi,Check sum is P
test,.43,Check sum is 5
test,9]K,Check sum is A
test,"Gy!-9%Md=<	8j:bE~Z	9r*}.fL'A,CcJ&",Check sum is ?
test,"""]@POe92l~p;4x36Z6G0twX]d(7+_.X{",Check sum is -
test,"[bjN9(
oS1H*""U15FW\ DYp*H0u(@A$.`9a?=ssNimyV4e_=Wu",Check sum is J
test,"Vv|F>TZ5#WDO5d'(<ZlVLR.39ns;
<|/If",Check sum is P
test,Nz =J|,Check sum is K
test,"NVczNG7/O2wvf8&h10~_TnRcP!!VB<j""-x",Check sum is B
test,"k||i2LCt%4DDXeqx^xu$&#Zl0$Eg:qr-&1u""#:,  
	b,x",Check sum is @
test,"U1ev8#T""= u*%E1I]HK#Q14e.|!2I]Wq{5YQ7A1bO{-t{^`",Check sum is T
test,F^m{n3D&G,Check sum is >
test,&jx,Check sum is (
test,"V_n$,""}M{%EeY+?cE o7O8B	hj0W|=]|j<k",Check sum is H
test,QnB+a_<<.XLrJq	Yj[$r63__+,Check sum is R
test,H@4etzmM<2E)&iMMwo{hKEipcZ	$K55C~Ou(3ABK~,Check sum is +
test,"t~fV(=h@LV6Qu)x=x^,\)",Check sum is ^
test,hl'fvr&toDQp4WE?614jxcsa1Pj)psJQa'lmWgPuTuhyOI,Check sum is 2
test,"@ul=\_8F""\k	Sg	","Check sum is ,"
test,"
bRxOiir82",Check sum is S
test,+%a0,Check sum is A
test,PI r8I/y^mfAg)EG,Check sum is B
test,eC(=k3I,Check sum is T
test,>h\`x_:~:{`oS?AC>qtFk:@BsMp)W$^&Von4FC,Check sum is C
test,g:J,Check sum is K
test,xJl*Lyi'x+uD%>$,Check sum is 0
test,"=+uUj$^nN8f*App/-=Q
$OTGX8,\9",Check sum is 6
test,"xZx_UPvb2 1""|WHeMPm0&S^
2$	A4k+nPKpvp#9//'T(:9t",Check sum is S
test,"R/mp3T:""8Qc+kz4|$Rz=",Check sum is :
test,"~#oc^/)w:-Q	zl_HN,5!_>qF8)L!",Check sum is @
test,"r5""y~tuW,^Gzj,b	gkAnb<JL YRKCY:#9P)ka%7_l.6hi-KO[","Check sum is ,"
test,j]q#\}N*hyO]&:$#Mz|B,Check sum is E
test,"Yjs)Zqe-en-r%I&*oO&""vo;	uD`tjJX!nb~O\{C56LB};c#do",Check sum is 6
test,o	1)]v5K^>{)jb<E,Check sum is R
test,PjY@^<)dm8{(`c>G`(fM*qS')v0#,"Check sum is ,"
test,;4ODn<uUkxU}R*.<F.a x03*'8S-pH5m?03,Check sum is F
test,".*,gjsy4uiUAmTs%lc.!KR5jSV#",Check sum is H
test,PjsSy/p~29k~wB4!5Zf>{zCyFFD/Q.@8[FR>VowVhQ,Check sum is .
test,"|}OI?~V`F517'F]U#i0V~BK,IKD([",Check sum is J
test,-R:tKM'A!91e3|,"Check sum is ,"
test,a%3Vu<<0AxW,Check sum is \
test,";
0P71fk-+v8n*i#9U9$	F:._PVk*%|TizsT)*?ff(06iy",Check sum is 1
test,"ET
E
uW~x/nhx""}j6y0}MIm=[A",Check sum is R
test,X~]03mW&^qu Zz@,Check sum is X
test,6#1)6|V4X(%`J8O;ght9',Check sum is C
test,'xWmD[VtnOn:m%am,Check sum is 1
test,Et`Z6ntw`/E,Check sum is 6
test,t;V.*a6'zA)rU_pFIxHj,Check sum is .
test,2yoo&{OXFB[YNwW;cvW%MCVJag:*hr	<oS,Check sum is V
test,"$#oX$2Y[cDt2G
%)A",Check sum is %
test,nR=*R5^QCeiD=%EL_siV9TfL&;N)P#v9q?y,Check sum is 8
test,"~d7>q*9mFF]	u}F~[
r8YY2ISE2
wYN^P8? bMf,pU@-",Check sum is F
test,N[{$$]Roh gbTj,Check sum is 9
test,"oZ<Zn4cXC|5`~4(`YS5p9{""_/",Check sum is _
test,7Ie~N/muhN{gK=YOjIGxA:'qB.D @`:69D]S',Check sum is '
test,t\H*`B;)32*rK	2S=bow<il<m-9',Check sum is N
test,=f.fbHqMPa,Check sum is 0
test,"rEf |w*Z<|2Q6~M0a	S,",Check sum is )
test,"*Er""uX+6V/^4eiNja]CmNyi)kC#=p",Check sum is 3
test,"bf:=2_pUd7g""(\hGlBH?rTSueZ]",Check sum is +
test,"A`^)s
WhuxR \V/K""tY{%(i(",Check sum is W
test,=$,Check sum is A
test,"9}CE:,[&Rh<QLsWv_=~t^ .u~v,\VhxcwHwJ""yu","Check sum is ,"
test,0Xa,Check sum is I
test,"X'QBp#$>avF<Ax`#Wo8gG/87j)TpM/isg-a_]""r}",Check sum is 7
test,5AN(OPt5Q~#CsGD>^K6IvPpyn1X#X(-,Check sum is #
test,Uf  &*uDh/avc-xg'n,Check sum is V
test,e=fV1Ew,Check sum is +
test,Fg%GQL\HLo-JsU]bt!UL,Check sum is )
test,ion_1J3*J4,Check sum is [
test,"bQo'yi1Dg""Z(!s""B'.",Check sum is X
test,"BZ(4CB~A-g4q~""5.}pM:KY5C4`O&iOKD=Cvxzf`D`st<",Check sum is -
test,;*MLEK[; Yb6F#$XdUqVkHb%1J]5Ml~.e}hK>`Dr]k,Check sum is W
test,k@GC<rVVA\w,Check sum is C
test,bVr{b,Check sum is '
test,u*u`l_$YVD~O|,Check sum is ?
test,sZ1I(V,Check sum is %
test,%`-KR\u5sq$k6ANBQeLJ-dD;vt'[zq8wD Ba,Check sum is X
test,UPIku<Xv)#+,Check sum is /
test,q+&~,Check sum is  
test,"/z-
'5' 	","Check sum is ,"
test,\_&E-LMVypg5Kk'z/6R4+7,Check sum is K
test,zgPUQsjE,Check sum is Y
test,~d,Check sum is B
test,Ni(;N+8EJs,Check sum is -
test,6s_s_D8k$+Vh,Check sum is .
test,"+By+T
v G *YG.ws/jrf4r5;Lw",Check sum is 8
test,k!5a4BepBJ8+%q{,Check sum is M
test,qO_ca'f,Check sum is P
test,"~?$e)CC78hy>cq*!!`VBFCK
6
b",Check sum is [
test,//y4V}xU9+Uwgw/?8,Check sum is ?
test,"..%_`
a[ s&4pX9AlOSNn%X_j",Check sum is %
test,"/og_/ j- 
F7^&p)^I71uV/GQ$/lYM#=rD'}
F'(Vi8n8",Check sum is *
test,"""p*|B6-<+KCzik)k	4I_G[ww_6hvIVepG0Hv.%od",Check sum is K
test,4<#aq,Check sum is E
test,"hFyO!7y-
|WnfsBO+`$i/6tI# ,&j`*7)jv)G",Check sum is <
test,"(EMkRw(N?)/S|+Il&HT[eD=c:o3ecop]	k~\?c-qy,7Fib?r)",Check sum is %
test,Gii,Check sum is 9
test,"kV7wt,Qeu	)
w",Check sum is M
test,".\'O5B=,}_YAhKq",Check sum is Z
test,"}Z)u""`-}uh}<IBGw1JJ4 A)_XZ[?Qt's4]\V!Y",Check sum is *
test,iuDFV	ohN(J<rhl65?x|2(-'+]KtgeJ8JDrB|MD.G\y}Kd,Check sum is &
test,"vDeI+i*%8Lx""OHuP6x1.:|lvfx*ks=",Check sum is -
test,"d|o	L1
NVfnhk#x8i^Q%Xhgi>&5lkRYM/sL3jI""^vn'^]","Check sum is ,"
test,"""\Rk_#V aJxYF 4)\MABayP(Ft",Check sum is J
test,"+%Ax@c=A:!g6CLr\J	@he""}#ddiM6R)a9Z",Check sum is $
test,"3TCx5jP(V-PqH{nV @QCnYWJ<,4i;b{2tW",Check sum is :
test,"L1Sh,",Check sum is D
test,"}98GVY+'<8:;
TG%6;SZ9T-?aY0{+;",Check sum is +
test,"'jV\
~:O	]wF""	I>DlApk80Hg
:adBu2k",Check sum is I
test,"C!%+Z)V^&T]@""A=lZb",Check sum is *
test,"aA+U.$am(p~@`9d\*FD($X\#>1LD~d,MP.:r]",Check sum is I
test,Z@W,Check sum is Q
test,hAlx	2'ys3:xp}-2-EkYk	Si{sCzf?jn3?SaBd]Rvq^r TF|!,Check sum is C
test,S+ T_T&u)zv!9]M@c/Sgp\g,Check sum is <
test,"<J'""HCaBtL-{Ya/h6gtU",Check sum is <
test,"i#V+*;
g+o#B""0xgvFo531j`zXbWxL#g83=Xxbo>Nt?","Check sum is """
test,"we3p{A].d
m",Check sum is A
test,<Hkv8@!SxI-H5.3G_3R+t8+-Gc5xcMqF,Check sum is U
test,&%U<^{Dmv1*EYl2];uUvO=uXz[$,Check sum is =
test,"D57toWGxu,XU3R26#PvJjH=ju;]X'i\",Check sum is !
test,kN@o{rS4E!L@^lpFCQF`MP({If=bZc2pcU4,Check sum is A
test,"|m[pb1|sKxHaow3QFa5F_$*MOm[IT4BT+O* >+fZ
r/J""Do",Check sum is =
test,6/W,Check sum is \
test,(LsF~VHSxSW>,Check sum is \
test,"&[8(D""X*F6\$Ms{m^Wap%9pLJs:D@c[ef>-G=7@",Check sum is W
test,sl;z=zpJ#<[0{m4-<>HGgJH>:EL.Pq}!c#.C45{%W[,"Check sum is """
test,m%1hcmg3MfuQI)%kX8TL.=9BT,Check sum is Z
test,T*qsd1!o^$152ws\7\n8aV*BDXJS_r}d&2A4u{,Check sum is K
test,C>G8&mR=yt)Mi+Wl-[kZ@+bT[yDb`CQzazVG+,Check sum is 5
test,"3+8a""",Check sum is 9
test,"
n0[ `GqGW|cJa^@[g.AtH}yl=.aH&^?Vt9|VZ)",Check sum is _
test,=(:cMfqE-,Check sum is 8
test,H(pdtT	?ulgX&jaaKm7I~j%'5ysENEKO<_]qf55-bg2rnl8,Check sum is J
test,"2""\K#>",Check sum is <
test,rdq9Du'>tZ(RZSd|\,Check sum is /
test,"@UJul:0L21,d7/(!Ts ;v),%`sj?Q""$QFAHYyq",Check sum is @
test,N29*bOw$u2L:`2$emt5zVtELti%OkZOq3r# K=-$sS,Check sum is _
test,)=k_3$wkV[F<	O	TN:KoLz'|;- T;8z:X9oxCp,Check sum is J
test,oWpqkN[`&bMrJ%aPi+LmQCYDnW:t {+I]~HjkwH!IFMg,Check sum is =
test,YWQeKU]9*52yN~tgF*qG{;j47G,Check sum is '
test,"K0)i762hF__-%	12xn,+1!:E:",Check sum is >
test,.0BrFM=l!1s	,Check sum is <
test,&O3y+9B)@Eq,Check sum is F
test,"Hq~j[ r-%v+[1BcLv
d-y1bqv135.S2<",Check sum is *
test,"mFb;)79Y;e{zYk""XWj}Xm^+ ",Check sum is !
test,"7lwyms;1LE-A`&x 9aYC
)",Check sum is E
test,"A	`,jPD0""-F]/0tK]gxS	{KNV^ix05ii","Check sum is ,"
test,bzu4-i&@w*8OyU[cBqs#<^=*t,Check sum is S
test,WRNNR\8!7f	#KTAdh;3^QS[Vi,Check sum is +
test,"Q,-{NDY2:E\\12j0PUwk2g4""
ps@f!%yF=&L%7yOM&76^y|",Check sum is *
test,"
`iyrV?Z",Check sum is M
test,Gp,Check sum is W
test,wu=yD$mZt_M#}Q3IkNgWx(W#X[{G0ZAm D.zmG[i,Check sum is @
test,"]|JD3)N#`=_|%JEm_MJ~jLD\g8?F
#-@",Check sum is 5
test,+O+T}W([3x'}Y/]u`Oq~t7'zQ-_5__,Check sum is S
test,r/>:5NgFE42F,Check sum is Z
test,c/T'?~@tCLI61E.JkUA{tev pF5A5ri,Check sum is A
test,7-t6w fj >s/Jui9|yBL`g8tE0Sq{://[%,Check sum is 8
test,tR~=%B^@{]WQ])},Check sum is )
test,suidNU.5Ww'B3S=77* (jBr;aJT2_Fa4|+Um,"Check sum is """
test,"K[HGxjrjMG	,~!]~&qYXk",Check sum is I
test,"""22xJImo",Check sum is M
test,"6HtdZw)BrUid@Y""P	N
z","Check sum is ,"
test,J^W.[qW!,Check sum is Q
test,E7&v[!MxnSEf9Mw ,Check sum is B
test,a|*}+=6$i0SDQ,Check sum is '
test,oJzZTFZ6w,Check sum is N
test,[X,Check sum is S
test,F;N4ue3Q*A1? <.8[)hq,Check sum is ;
test,MA,Check sum is .
test,"^Q)9}AE9i~3/Xi""sk|:ldY#3","Check sum is ,"
test,c`+/[1},Check sum is F
test,5duf)&-*Fo~QKhf_].:Iz#)$l<	e_ID.P,Check sum is .
test,"Xm[9pS^EY.,$ULL[NhvI= gDjy&Xy2
yJjXLXgsbxIWS",Check sum is !
test,"kL<|5""PgPd""WYCK`l}%%|4Gs0Um:*^#;LA",Check sum is M
test,_FIdcASbU1x[X,Check sum is <
test,"'yPO!>*]99SZX4c$b
my3\Io",Check sum is P
test,"l#?Z5Vc#!QUR[\<Z^GP%z]ix
Ie9+E",Check sum is 2
test,`8^\LG&[8j:[qxC{[sX,Check sum is J
test,dk}t\R4+8KXsmW}%sZtw^,Check sum is 7
test,"{K4""^{aUU""?y|AMN*V,Aw[&T}s",Check sum is ;
test,"Wkr.hzrKf;O>@2!qaAR(tsr],+}2z5gYF",Check sum is  
test,/?d$aWF=gh`E,Check sum is E
test,AYssiK,Check sum is T
test,s^<,Check sum is -
test,"JPHu3jZ)lfZ_*'s
%8`d38m`nzOVDQPzQLcrN5",Check sum is *
test,"7}q5BJN&Sqo/x>Ou
d0{vQZ>}UU![D&*Hzw%rg~2Q=J> p",Check sum is R
test,h7TIjW@?0NA>0a	X&jvA@e,Check sum is 7
test,"Sm@3Gbq3fw+\2|,%{&07v+;",Check sum is '
test,|V.#!~X[ `f`?WoHGsJQsIKniJC g`(W;==m],Check sum is M
test,Q%$q\Q>}hONZY<qt X@b^74rr>(N%qUyyj',Check sum is U
test,"a=m0AVV wR0)_jY)tTt.<>O}xu?2HE!d;""7Tnrf,&Lk70~.w",Check sum is 6
test,".E,_VX.
[jGsQ&H1b<`Qv,|y2",Check sum is K
test,"[0tScr$9+S` ,]TMS?",Check sum is ^
test,X6*~,Check sum is V
test,"[es8^?6t:=8""^v?9h^g5VPR1$~>#>u/#B\$n#=6}w#5Q7b*R/X",Check sum is A
test,yY9+ClJu@Jp^S3>q!:AT7z,Check sum is 2
test,ky2(]	Ipc%f~Q4fT@Ap,Check sum is Y
test,ShE	!A?<3\KZm}wfC0X#S-&;J/q)v_,Check sum is 8
test,"
)'CP\DY')I?o<5APH5W]E`}0e94';:1tA_<S",Check sum is T
test,\5:8r?lZS~^]=7%/bZ,Check sum is *
test,Ncd!)O=D!FV=E6}YU2>7FwY\s*dWa?ze;K~h7.,Check sum is 0
test,NnnH'#8|vicbBCnzwjMV$.Ph^	L\d__I7##<BTU8,Check sum is E
test,"G_'JyY=d].OB""
uan^'=9;*ud2n
Y8",Check sum is *
test,+L,Check sum is W
test,"Y,f2,gQW`j5RB1,d!flQ_#1oP *GV",Check sum is )
test,R'N;1c<]7tQR\l[_.o#qn(t}87AnC_}('HL4_;HY[W!64,Check sum is #
test,"@o%h:CHHDX`]i)y>\%c <htVvO!>b7c
nj4Q",Check sum is D
test,"	`]J=o^91+|'OL]f>3@4qJza<=@[&}/Fb
 ev;Xh-J330",Check sum is &
test,jNe,Check sum is =
test,M[,Check sum is H
test,O(@w~vEb,Check sum is )
test,"*`hL4B%%}W,sV-D3`l;|Gpv``O+ukDt>ZFl!ys]J[",Check sum is &
test,"DxDoC rVe4xn5	mvw%eF v +@.qkA3 ""F1",Check sum is 9
test,f-Iv&CLHnHUsc(*pI&LQ;45Q^<CV|:nsi]},Check sum is  
test,Ha2vfVhpfArQ,Check sum is /
test,"2&UbY{,MSC)FFp-<pj""%ke`}Aj]2bT?2fd,two1",Check sum is P
test,^igz=$IOMbKFaMoPVN*Oe[&uAFRPBj)	6dUvI-h#GO],Check sum is F
test,;60$@RCFC~OtQk6Apz'iqZBq(&qiUN_3!_OO>,Check sum is (
test,mp><o`s?jd_n.i{k5HJw@M;l8glP7ICHaREBBBZZVE(Ur)!,Check sum is .
test,"rdL#7y\qV,|",Check sum is  
test,"D
RFo93gjP,L ;Uh/k^cT:-Hb?]xwv?(0'}	Z",Check sum is 1
test,"h""q2Up(rK:9Y|",Check sum is ?
test,"v`
zI""q
-'MbtS5_4I_[?np@i|^R#mPI<I",Check sum is U
test,"K2E""Nlxk%c`jr{",Check sum is  
test,"""<M2ovu.-
{CBrbf&.",Check sum is J
test,r5jg1fl,Check sum is [
test,||%V93u=fA\4GR|<,Check sum is 9
test,Pil,Check sum is E
test,huwMBT{MAK.1F,Check sum is P
test,-3W]jTWqDyiUFcwG&@jr(bKW3E&6,Check sum is ^
test,"dA_,gyW(	jp/h`ut~FnAk&C*V""`,D@$svG'3.)_DT5*o(]0""",Check sum is L
test,)6g--NJ{<K=H-^'8<CXWycV^z1FNSB_G$|6HP ,Check sum is O
test,"F	83FJ,~rI8;hPVi2	E;w,%R'&",Check sum is [
test,"eTR^_`Dj=D_O$|;_h[=p#zD	2WSR$Y%Pfw,XqeA=e&_9R'",Check sum is *
test,"uA*I0[U#Z*yi-u`c`VktVJsW`}DkUV~oUg""w%L$jt4/y,.~io",Check sum is N
test,"
Y_U",Check sum is 7
test,".FuJpFxb,n	(Md{[ VOp=L*$pdSQ^OD2v?kxy^8ALz",Check sum is J
test,W{j>arP	Y e,Check sum is $
test,"`pdhgn+FA3Syv@!bqN""O=hK-J4Y(_%,SfbhI7.}B*IjE{'Pz{u",Check sum is %
test,"-lr	U@u%a#YNKo=v(6nv8 p@\Yu1[KY%8ec7
8OkmY",Check sum is =
test,"#5`""/ht)",Check sum is .
test,"OO9w)D?%}XB~w_Tu.""x%X$/m&HUA_3OYFCX4CW-arRP9Tkc+t",Check sum is A
test,B?F,Check sum is '
test,<7eU[2yj,Check sum is =
test,"F.+,q[9RDMS=W%F+fAT1-L#Fh",Check sum is F
test,"ET.BAmJ)Fm'&0AjE0ETZoU,Ec;OEBs`7L%l%C#Wv z
4",Check sum is M
test,"'>B(4xI3_^uF)/fm<~6Aupr
I?`f2",Check sum is L
test,"/ZQA%>Q
gp'].#'TT-/E}&z6VYDftI",Check sum is >
test,kUH &3$v$},Check sum is \
test,1KwP`CyP,Check sum is O
test,"R=BgoNjehcs0xuXC`m
c4nIZONItipe;fl]{>W#k0fIu^K",Check sum is 6
test,elsT\_UxcwtPD3CcSH]%,Check sum is X
test,"t<= /Og%jyU[ich@%,(s@sQR}5CP{V",Check sum is V
test,gfmo]|~&).A@H5-Yo9Ee;tM?%A{FMjWDX-,"Check sum is ,"
test,-st;{&j!lL@$:-7/GS+^;Y[,Check sum is V
test,kfs	Q@P)@'L@Y7ynxO\aW-$M+Lb,Check sum is 3
test,7K\KJs)?Cc9Ak$r?\u,Check sum is _
test,`Lv$8+v@`bJ!o\Ia:]?;jG~DYqVO]HK,Check sum is D
test,"\)]iZL3e|;qy--1f>J
cA5O/E^",Check sum is G
test,4h}w`,Check sum is P
test,",`%p$M0'kj\c~d9l"";dO[~^25MG75Y#^EU#l<Y:;H3dlL",Check sum is 6
test,"c`~ Y	lMC0kl;a5WequIl7
v#^%99E<	}X-$",Check sum is M
test,M(Kkg.#c_<DN2=j{n@E}<>57',Check sum is $
test,"M'`,D%D7060.8{,M|yvg",Check sum is F
test,aal.wI`)nmkwjuae,Check sum is '
test,"Atq`z|,aM@rNX,
W8BDA76OJ^fA	<!*lK|]vY=",Check sum is Q
test,"sJv=.2N-9,UiTud+",Check sum is &
test,"h`8I0m/3qJeu*(zgii(+7p0XVd\1a3ucP|
 #^N",Check sum is <
test,=.[jjd 5f $0,Check sum is M
test,"%jB6Yc"",r_wd&?_w53s&\;Y",Check sum is I
test,"9X('mbM,^B)OR%wivy82LN0Z*
nd(9\mH>>Nr%D/GTk>37Zm;+",Check sum is [
test,"1-}o?}m5Yl-o#""I8~4p,?g`%/\|1Co2bE",Check sum is +
test,!w,Check sum is 8
test,3J>V.hb\!Qyy[SU+u9Mwz8-Hv/vnJrx^Vu1os( :N~\,Check sum is S
test,"b&jBJ*)u^__{&`t(F4EhpM|NQy?zB/T](>/)HTxj[&""xq<",Check sum is 6
test,H5}*!:kR|v%	,Check sum is <
test,n:,Check sum is H
test,Ovicg{xt?6Xvo?*+}E,Check sum is G
test,I\<ck]e_89mfjY;Nptxb=ki,Check sum is O
test,"
5t^m%lI/~Bs0k]f1{S#*aRr(j1iXNV""o `nRI&vs",Check sum is :
test,"o<""?`(kA^f:c",Check sum is A
test,";]6%7v<qstVoxPpb&;kjQZ;sR6Q2ME| >,Bk@!x",Check sum is +
test,"kx	y2'g;V`w&
+((]n!AM*",Check sum is <
test,CI2`*,Check sum is (
test,"T]Am:!xy~tnx,R",Check sum is !
test,NW'S=3!y?NX|s:#HWI.S _-o\#$U?r]_J	`_=~^y,Check sum is G
test,"c7""9""	eDgSlRwN:)2/:e-G@7c",Check sum is W
test,"PU6_\oiO-,-]!B2N*QnF`J_-~tRZIT2kCD_Nz",Check sum is N
test,j6I,Check sum is I
test,_^Z$ISF	0U8e$rlOI{b{:Ef,Check sum is ?
test,ERg9=]ZFE,Check sum is V
test,lS a@2M.L6<2\K<+zHNGb|pXIq,Check sum is B
test,"*
2v].*G0hE`mzI8ht]+qP-4du",Check sum is <
test,`L)^#^&BS;*)4xg&C8|a(+(4,Check sum is ]
test,"0:*Xu}""$Z^AlEAd;3DV/fOT	#F",Check sum is E
test,wa`u`Uv?I|wdOtJcXjwwS	-6i,Check sum is _
test,")(S,DPehuVIND4vTR&@da[o0w	,-4Q6@c",Check sum is #
test,~X`x&S^$f06KSpB4#z4!'97XfO1dlEAEbuW/oI]pgUqxF,Check sum is H
test,"GeK;JLsT'&U ,)%HSX*16K|Hxbz;qH3N[=I*$5",Check sum is +
test,"di<[-vzt+ENN""Aa#",Check sum is H
test,R>Af%z4OVGi}C-P)MRpvcb$.6o'x`>3|OI@vD4Q4n8%\^c>yxn,"Check sum is """
test,Z9.!#,Check sum is %
test,|:|y2G8+|,Check sum is #
test,SSX#4O]8] @,Check sum is V
test,")/=Q8 o""7ua
lP",Check sum is B
test,"+n|=v~UL},(9(
4k.D,oO~Z(",Check sum is >
test,"p@J%}|(J)-a*O#EK@' Aek""g9rpE	Jq #_=g%QfS],;:|.",Check sum is /
test,T8:>o,Check sum is S
test,">o
j0G*Af",Check sum is I
test,M2T-rj%%sTajvE*m`RaQ5Y,Check sum is \
test,4_>Nbz_Mh^=5@@f6,Check sum is [
test,GX|;[@C,Check sum is T
test,"anF>-Kd	B%,Mf)DA]UON`s$""	 utqE}lLOsRj",Check sum is /
test,"Y-(C)1=NIn`cFC^u]4""]yyBvW-",Check sum is J
test,"{{Wx8,mNo3LLT#J%?<",Check sum is _
test,"q[Pa16TCO)""Wa?9#D:K~c5G:i ak=NS19tw&{%:2
4[",Check sum is ;
test,ij09lbsKOm'2My_5Vk2<(,Check sum is .
test,"+dnjoCv6*;$;QL
uc 9F",Check sum is G
test,"y~a
0mdq]_@LHtkc&9YxNX&E75_. qA~\^^wUeEZAL",Check sum is E
test,"(:l9p$)D
W*^O(>",Check sum is F
test,"@F%	W7PSA3E
b=dFPM2lY]58nvN[06[G",Check sum is D
test,"Wv
Dvi#F< P",Check sum is /
test,"a@[W:OAVi7Bt`f|$4$O5""Qvo3*KM^S2h|PXU{{Vk#hvutcwZv",Check sum is G
test,g<	zjH/i*,Check sum is :
test,$9l)j/2DT;R;,Check sum is =
test,"H|"" 30dB-h",Check sum is D
test,O+P	1L1OJ}CRo5((Z~+f5;3G-JT}B=+jfJZZ@0K&7pevl$x&,Check sum is $
test,"3IPRE{U8xxs]i--Iq>+4w5.~,$+*z(epym",Check sum is ?
test,rcM	T8qUd.s}tOxtsK;Ix4<#2okF'?(r;e/^]f|IaoI,Check sum is ;
test,"h""
wb,3uZ_m8",Check sum is ?
test,"l{MT"":d-",Check sum is U
test,+\Rd?)$1$O,Check sum is M
test,"Zx~pk|[(astQ@~bqV*pP@W,z>HF];Gy<G95oRp|}",Check sum is 0
test,[8	ql&?H<,Check sum is B
test,"f8T(We|0jH9<sZBS#^HS2r}Jfo VX`:adSz})5	pV#t;+*
-",Check sum is I
test,|p4N$e$pxnh<CQ	Qv'7q\{8z\r&3`&+OdA)1 :9!,Check sum is K
test,"h$wbM+}1Vj#,+bxr_hL<K?1LZza~]uA'1yD+'T- lKpp@\jJ",Check sum is <
test,"LY5FY)Bz\v""",Check sum is 2
test,"Wjou_0
s|Zpe(,CT4>{<!	j`""-723+5e`yM`e/02N[;I",Check sum is ]
test,#Tr_/O2TMG,Check sum is @
test,"5Rve:/[`lFC"")UB4>tQ:TbJKhMx yoDBzF)",Check sum is ]
test,"HQSQ>=3OuG2#@ed^8^KF?.ir!j5;	4mcq7_Ef~y*hb""",Check sum is H
test,G=,Check sum is $
test,"o#TrFKp_k
j5bfG.9#okYGRj[DvQ^CVi,#Lc}6C	B]9@",Check sum is V
test,"mv6,[v$PG`@O:M+^$)qC=(B,G9z\f^ENA)mFhb*}Wh]F|",Check sum is ]
test,"mT=sL{ b]MPtv@I+U8~9V!^(*`}q,CU",Check sum is /
test,"!oDkkcH5iPI<?}+6W=M1tUR,C6+",Check sum is B
test,BKbsPtX[z~6n,Check sum is U
test,yE=(2n[c+ru=tnlh>jb86,Check sum is ^
test,"@':,SO+f).7jSL}JpgB.k]o*BQ ks*W>MSJ",Check sum is  
test,(+SgbRh/>Z]L]cFG-^7\D)F_#)<;UmKZXA0;dI:w0>,Check sum is 0
test,cc#u:|mcq%*^Car Bf(o]a{7#L K*)ZolNg,Check sum is ^
test,>J:JZeqUdG$paiF*CuZaOzi-=(e1vTXhX%[ka$%MH..'mSu?j},Check sum is !
test,UC>!~i2T5f[kd#_AE76%JQE<%)K,Check sum is X
test,"6(+3mVOrxthat%1@4j}vDF'IOWe""f^I*X}hW?kFvP.",Check sum is F
test,"k0<LC1On8J2aY
_^",Check sum is )
test,"pmwD[bg
gFC)dA7xzU","Check sum is """
test,"GFI~Hl o,m|DNoHK	LA$:%4s
`)wmXD",Check sum is 3
test,&~Q7=nBs{D0(l%5Yp'M>CMq@mzi,Check sum is U
test,p&fomp~S7?5hl,Check sum is 8
test,lp;!QE90rlAD'Q_$kVx<V,Check sum is @
test,"#>rfn@c'V{L1Op,/U!6Q8,nJB$rHhm=a?",Check sum is $
test,(~r3T&//j0,Check sum is ]
test,Jb9Q(KsQ!K.BJ!rbk>,Check sum is Q
test,"ejy1""E",Check sum is @
test,"rh1Pe$o""-H'",Check sum is 1
test,qgD3,Check sum is /
test,"fsPaPkz]z:&!jYK
Uol@)/bxAEmE",Check sum is )
test,9]W,Check sum is M
test,{Um^DJrnS11$,Check sum is B
test,"~""_9Ush$5Cwzs
<mJ&DD",Check sum is 3
test,Q[q[+@8aq	3)69t5bTYP.ANTqJ795X}Y\L,Check sum is 0
test,yfxHT[}yjmS.QTb~W_FX5o1|}zewG8E[}'F&{+%Vmf#M:aq;t,Check sum is G
test,UIa,Check sum is _
test,"|,`/",Check sum is W
test,"8.Y{^,vrtdYl@Cwa]~q~;Vp:ZUG
hP",Check sum is A
test,H$BI<89=eGS:@DTfS:Iu![Y'kee`B?vsgZvF,Check sum is ;
test,QWd@,"Check sum is ,"
test,\K ee{_uk&\XbN?$Df`0qgIM19%hGB[`R+.n!rCO,Check sum is 9
test,"*T>j]L9p]khG	ss.kb[HPv3qt""MU-",Check sum is +
test,"pT1~5yy,|w`F@.2	LzJK~V1-<B",Check sum is 3
test,/G(v,Check sum is 4
test,'GLtl?b:0Dng>o`&>KR96c>:ZT@t4((P92JVA& ,Check sum is >
test,D3c$,Check sum is ^
test,& JOK#=|R&h'B3`m[.SK:<	<]P~PYj[0Vs,Check sum is #
test,"hOA!qE,?va9~e{9z!fTBDtD%l9{Vv",Check sum is %
test,"E""c"".e}""~Rw;Rj|X",Check sum is P
test,'^X-t<H`}~R6H[X|=D$h~g]2i&y!bz+}zao=J!,Check sum is \
test,{[1XouYNI.)VUBNhmY3[MzQ+,Check sum is $
test,yD 6_=,Check sum is O
test,Q|fB?`|D5k~yE2kT6`c-,Check sum is '
test,"ZkTmlH}hb&|UU-.Eye Htp_D;5Z<fSc9t""hdZWN$j3",Check sum is W
test,BFfg`aA+cY4r]T6c7!ReP_GmJIE_n.vD!//*hq' Kkx !]K,Check sum is -
test,"(Bb?)ibgO##:y7L/).pd<[K1YF	+ede=5F,CXHs",Check sum is 9
test,aDtwg<C`lmSgBj;erRtuq1 &}MO_h'tZ,Check sum is ?
test,"L""9w%f0b@M$qcV""t3/P+gZd"":\h*YZh1zF'ujQc",Check sum is ^
test,"x:?""8Eoh[U5Nu KHG>ilxOt]CX#
g._!",Check sum is 1
test,"QX#P3*d#uqrd4ohB~Z_w<*|zS*\aE'
M~]",Check sum is K
test,"I_z/#$@,0oq$c9m: ",Check sum is ;
test,w6SC/bOuOn5vhU_z]aa=^+nDb|0{)K ,Check sum is *
test,6_UU]v{>xlxjFc+7JZE(Es7i%kl:|z5,Check sum is F
test,"yL*l6xEe@n[D tfFwv?	!{Q5>_T&5F
7<k_H6/_71soQD",Check sum is ;
test,"_?G(D)s:4Fm/""[~0j>:G",Check sum is 1
test,hxx0eHC=#'qXa,Check sum is I
test,"6<2]QR#j{~I4;8,g@$@tU",Check sum is :
test,"s,bV*}T^BMpIV5/.~;`;fg<&offbIU)/gsX:1;",Check sum is .
test,\`)f,Check sum is +
test,;x(,Check sum is ;
test,"nB|\,XImu?_i(Oq2!fB1}q",Check sum is  
test,-x:3m\KIT]	b;'O-#ec>dIz<a$Y3-6l,Check sum is 5
test,",RPPrH%)[?RG[+-x>[}%?9+W_N$yA?yo#>M)n\jmCvw'yS@",Check sum is &
test,"p! 0,Q",Check sum is >
test,"Cz[02o%ERrZ%3T74[R(Vg	f,t3k/#""X(",Check sum is [
test,oCAlkjD}9(N8b:!(12,Check sum is D
test,0V Q.uF]>meF!t=/T]D7z`,Check sum is :
test,"/VN6pU<O4OPit&|
H;TNt>y7Og!53)w[gt(",Check sum is Y
test,"0VpC:e&m=`
L3,[u0F85x7",Check sum is ?
test,5l3R(/oWl1esU%R	!TwrNGg2g,Check sum is  
test,"Cg1A9,",Check sum is !
test,"{&xvw$>L&O~P`0fQU-8bhK=}'	
u",Check sum is V
test,B2yo^j'/=#u_DA8Mgagt8(xiF5&dCpW,Check sum is K
test,"CG$x
G9$C,&/u%Lm`:Ot ",Check sum is H
test,iR8ux)sJ57D)7Z,Check sum is P
test,"CVyNB#&d,9=V63p.bOJ%'(iT 0)tPExs;",Check sum is B
test,PS?,Check sum is B
test,~*oD5<q,Check sum is ]
test,"6UcuJ7#*ER+j]=6J)>^h![bPQWzP0D:&,@AK	!C[
1tvoK",Check sum is W
test,"L,!J",Check sum is C
test,"mnWvs2`KB""~-tJIb0!A)|R&=zwO
!noAIj",Check sum is 8
test,",	%59Sd0~mVCrR3hwaK9R`DlHS&yi+Zvh#GhX(){","Check sum is ,"
test,j#u9})8h\:dJF,Check sum is +
test,9]=O_g@)RoE2$ntzw|$poF7y[y>D5u_T//#,Check sum is I
test,AGr/zdoh)GlRdH]{'*Eg|@JG(sWJDuDh-y+,"Check sum is ,"
test,"+V	V{,u",Check sum is \
test,"OcsF)0W4}fOA{/$M01=@![2TIXwD""7@KV@$""b",Check sum is [
test,P7G@^3,Check sum is ?
test,"XU|	<kQCb""?",Check sum is P
test,f->9-V2tTPYN3U@dXdE3J1*OL=o&BX|I,Check sum is /
test,8(p0djQ$*yh!Y13Tf3\x,Check sum is M
test,"M2](N84{1rR-Igw/6?l-t#q_rzgZ[;G,KF",Check sum is M
test,"yo=[ NlBkR} CHnSRFB(@@Z0&-V]U""0X!}",Check sum is Q
test,R$L;8Th=iso{e=_H|\~4YEa,Check sum is &
test,e8W#=?)}),Check sum is B
test,`FGKRf	,Check sum is Y
test,"^FS}sF$tv#}>,(%EdP+[ENS",Check sum is W
test,"<plgq40"";47xgM%nBOb,C6vIh'zxqH^A3@m+m%)
;O2ufx9^",Check sum is !
test,OCe4@-L. }|.p&4TD012e8$_hSb	nce3&~t+j|]+h,Check sum is 6
test,{!,Check sum is <
test,"3/>(FtpzK,+1#G;o",Check sum is 3
test,"J'9q+\
q9C#>$",Check sum is >
test,"gxk7`D""6V6G!)Coz9%&|q",Check sum is W
test,"ICo7r!zrrHR=K`HP2{*v6*V x]
D7VTN",Check sum is R
test,"?s?@H~UyvD<[O

*<D%[C]H&ER",Check sum is (
test,?G\/gX+pB';jW[;g	Iq,Check sum is 0
test,"@Sxi`cTdx!4Sb
?\w9c9FKU_mUT",Check sum is ]
test,"[2V2(\gK[?~~ry;,a0EX/e~}S;4w-c*||83K,i@s1H^/Za=",Check sum is 7
test,"KnBl74a&g#<_vZN@0`7skY<PA!mqSEMqA^t/Q48.yW
[Cz1Gg",Check sum is Z
test,.Cgq,Check sum is )
test,L=8s]JPLJGkJ>.&,Check sum is /
test,"p""!6}/([[vdM9-30rqo",Check sum is U
test,gYv3SR32-)*#1:bm=jm;?PR&d(,Check sum is R
test,n},Check sum is K
test,-F2}?B^JM`V/CA5t}`OtP+G>s$_HMfHIi_,Check sum is 4
test,"9	pR92+U#ga@cG1[[!dc%COg:
JzYe}jm)H%sVHC,N.L",Check sum is I
test,qrf`{7j8Nl)0_\(7K/n]j>o,Check sum is &
test,i#*|KJ(_eb<o/@GjFJ#!,Check sum is T
test,^L0R&Gk] #pIr(>;	t^K+)g=Yn1[U&/$\F<F(Db6f<oUrr}h,Check sum is &
test,RjgdN:qE4\d)c)Itk3A,Check sum is *
test,"}3$
9w_$Ia\on\BUi{,'",Check sum is >
test,z27W:i|J'4'HAQai>n_JL3>Irp+xSQ@r=1U0L$'_U.sHgOtb$e,Check sum is [
test,T~ud[PIJz^k}kEKU'17*i cnr,Check sum is ^
test,"Nh0[I5%y rj`
FU#?6",Check sum is V
test,qMJoXy-dk$O0<BqKn0A0eZ,Check sum is O
test,"tm?]IO@`""3",Check sum is *
test,|~,Check sum is Z
test,"E6Fw@dnHbp ahh&S[k`f,AiPh8S
k}+@&zj",Check sum is Z
test,"UoIyx)q+6;""l_bzU&^63Iu\nVEPQA72NDs",Check sum is R
test,";""L.(9D{6i\=YVM4",Check sum is ?
test,"XoV]E]MAf(6""[NnAS}!d%v\;N-<h",Check sum is .
test,"!$*Bkd.r|3<DVy5=G>qr=a@JSt@@S;Ay)0%_C-LI7J*Eh
",Check sum is S
test,"n0{5at45zxIG!#$!m)y7'""OCE",Check sum is ]
test,"zK=1'oA' }KH6jahf#Z]?#""EEp2OT	,;~I",Check sum is 4
test,"=52e~^!lI*C|?4,4@[NxDfKZcI0	WnZ\/N$0 P/(h`",Check sum is G
test,0+~Pk9.dgH\mOhU\4UTR5t@WRX^S;PHaRiu@[pY,Check sum is 1
test,5\wy4Wnu5,Check sum is D
test,"fg""[#5%2IZrD=<YE>ow",Check sum is -
test,kkNyyLWIB u|f'k^\5xi/O,Check sum is ;
test,"03?:3Yc:~`2gwJ	$/{I(\vD65;dF
S6!cz
vE@o%ke6tC",Check sum is 2
test, 8Eh%,Check sum is J
test,cbi|a`/kQDjxwR2#5SjYd7h%@dW3|l){,Check sum is '
test,_~,Check sum is =
test,x7F([{$RC.<^0!1>,Check sum is T
test,"CTn_vao,}cESG3R]}K,sQz:+EB%_@_>\$<9lQ^<""Fv",Check sum is @
test,"Ri!3^Xv
8o>$FQOue)H4i&ukvw",Check sum is /
test,"!>%0{w4s;8^,($k*""C$WsjY YrA.-eli>bT5r:l*	rl~H",Check sum is :
test,g*q1ELloA9LHwl>INN+q5m/nxkm>i1L](99}?,Check sum is U
test,"[`W#g-v[ d%*KP2y/!2KN/`-9;94&vCvi)ox:;,]=zB(TDW}t",Check sum is X
test,mZZw!\%,Check sum is Z
test,x#BE5,Check sum is 7
test,":E@6^Q1R!j)(?nOA""kWS./5Dkd`D=PI",Check sum is 6
test,RQo4,Check sum is &
test,'vYem<%{Fnv(3diZ}f&	~M^mbvfTF6>ev%oWsN$*L:a~C+?#,Check sum is .
test,"K @uuK~rHHyB-mJ7!u<RbjTE>TvSzs}:ui|xr-uJ\8,`",Check sum is .
test,@o.}q[n-Hk,Check sum is T
test,"T{8D<W.8UvW1sdH_mNYrJ_:ML"" -%2J\rQ0Q&Js=(vp]/X3W,",Check sum is /
test,"}H%YHKO1QsTU\Poo9qqhB+GpV;N<f~rUhne{,m~?]zkI!",Check sum is R
test,"y1\o<HaOa^BA""}$""",Check sum is 0
test,\-<}C,Check sum is %
test,"sg_NXkRcPwWc|qYi&o.oQ :FlfW9,'q;;b]5O",Check sum is Q
test,"LZru<FpJU%sX*c,)g6l0dpi3{!n-+_Lxu*	/mnhc*^JZ-Y",Check sum is -
test,6^V2?I%0UFXW  )+h,Check sum is _
test,QI9Of0YPV8n>l2of),Check sum is W
test,\WQSE|XSHPJ%dzixFk-nX+K*p60+_lB\g0u@,Check sum is #
test,eu!46X99;		qka4|tW4b6y1	ckI|#U'.,Check sum is 3
test,:fVVNc,Check sum is ]
test,@_$%2%{CTkPz1ei>lb%c )<snh}+ME,Check sum is A
test,mVg^Eqg{#k ^ZEAt2rI@K'P=LP57,Check sum is T
test,_Qv[J	d.M{4G~bb>Q*;2T#9g5^?3I2jU$,Check sum is +
test,lEmBdaOtSQR9`]<>L}*QBD={Gj,Check sum is !
test,VA|L9bz\&GF2`\.	},Check sum is E
test,i#B,Check sum is .
test,SNs99Pv81ZC*%udVXBx,Check sum is B
test,s3oHF>qxV\}3]	Ij0D-^t:AmYbzrpOiIq,Check sum is I
test,"f06g5:
#!Lk9",Check sum is @
test,>.Pb?v*bAbp,Check sum is R
test,"%D5Qny%HY\o'l]a{I,P'XgK5b",Check sum is  
test,"Q'NeWnJ2#FncJPM3,By2eH
=",Check sum is -
test,"	#eqlxMdpuL1,>)e@h>S[k4PB]'",Check sum is Z
test,"(nm|QK0	MP&M>K~RFAB""\[|f;1i",Check sum is 6
test,hcL%DO>.M@^F6!}<P)%](S=FbLFIQY-jInWR:(8?n.y,Check sum is !
test,5kj013KYCy58wyQ(,Check sum is 4
test,"C9
>}%|^GX=T;hP-:\G0'9.+nf*a|,@yfqcpk7",Check sum is B
test,"T;.CfzYzo|{l](zTdnDV%OMU2K
-Mv2H*EdL4	hB*",Check sum is [
test,"Rii<n;8X&SSw,5S5,.%P{zS-es]UGq+",Check sum is V
test,"I|!V2W{8DIh;
ZF:TRh^5Ao)p  +(6{cs(#3|\v^gW iB_",Check sum is B
test,"tbv<U_]Y>4Sg`>L,P!-8\SHDu}bd1._+t",Check sum is :
test,-+dN&2,Check sum is B
test,"T46NG&hDx^I?,/3Z<=
Yy9Z0V
""P*!",Check sum is @
test,"K*wgsr6;HV:,g)J6IcC3[s|M@""fbA..(n<
~uBsDVxF}UQNEwF","Check sum is ,"
test,\O$`tN.Wdk5,Check sum is Z
test,tJUVFDtu{\JnN,Check sum is Y
test,"iZ[0Dp`,*,P
#B4!F3{Y@[7@bP*ME5",Check sum is Z
test,"nSaQW$G[eN_u26>$Z
""8+u_qoj_ 0!eGp$E;Rrxch",Check sum is _
test,"	)\*e|/xEx""B+f
)-0wj""	&@Wny+P13sdN?=",Check sum is R
test,"=pVf\5'NhuM`Wz""sZ{kCYa\fKTotg=7!$v'\~,q",Check sum is 4
test,W6C)Cya!iBlEG $[u8Px6}d?!e9Tua\E($,Check sum is :
test,"j&c&
)@\'E%(,A>C]o~vyHkoaFsFtOciPwD.m>(_n""",Check sum is 4
test,"vWPla+PpN""T}5y#?>?=zx8vU(dzB= J	,t_","Check sum is ,"
test,$Fy1koV?$Asxc$QGWvkV^~:&Xl@6cUOH(NiN~,Check sum is P
test,hl),Check sum is ]
test,"C-d$sG6dA&e9""s_dlVzg^\{x0K-l	X=}vq",Check sum is /
test,"G,\TPu-@SxN UH}&;WS",Check sum is S
test,B4Mzw#,Check sum is 7
test,@F4 B@],Check sum is Y
test,S-o=-j!XiuoId?oZ0Y x+J*Dmw 9_T?.bWF,Check sum is >
test,";Rw{+H_j`1W1Akq5'tu0@,'4tYOPX`MEUa8",Check sum is 1
test,:m8wEW',Check sum is 9
test,gsZg1}WC>bT,Check sum is 7
test,C(f-*[s91(j+ nYXQvy,Check sum is <
test,"""H'xeC6I9l(50!k~t%#Lr!:Db>WDJqq#+",Check sum is Z
test,"T-K}9diwe%YVG}hC^mx'7&gC4-1;+dBb'xi""loVUr]u4EqSt-",Check sum is Q
test,ro%uS$c67EDqh9*d`i<yvX'Q]85ov':7J,Check sum is  
test,"|~Na_ 'JI4*cMMhm	bq%k,x>A`\kTU]&\e ~E0*zpj_!",Check sum is &
test,(@,Check sum is H
test,Vx|KeVPicW;*{VS3wC5c=A~XN*,Check sum is =
test,"#7c}.
",Check sum is R
test,"}gALRb_w+n""&jK299c2~H",Check sum is 0
test,"4YZ%KI""8vGhg|W1]A]=ys%|`,x5mK{|'Hkr#T:aJxI""N+M",Check sum is (
test,"!@nU+!o^ m-z@_t	j-kANd}%5JD8=s0	mxR""adE",Check sum is K
test,"[M""K6B}<*h
i@53>",Check sum is Q
test,"\z!5}CIz;z:bj+	g1J-hRbt~(&2y5GwiY._/Di
",Check sum is <
test,"]"")",Check sum is H
test, #f~ySy.,Check sum is :
test,$aV4@@;xC:58Ct)gG~Y|*OUccaj}X,Check sum is !
test,"QvH=u8VS^0""2c)ka;$z'e11",Check sum is C
test,"sXD[)(D}"".},+=I#\_CVYuw",Check sum is B
test,XO4tk4No.6)iw{I[e1qVwAXdxkz,Check sum is E
test,"7oP
-WdV>?D_?<u-y/ziKDj}h)_y}XJXuw",Check sum is (
test,"n\U""A}>X^vkwX$>R|
X""!}n?z{>/Sl9",Check sum is \
test,FK0Y^Tc]~GLKHSi=],Check sum is &
test,MKX.qz':6x!1v'&tCI{CReDnt!,Check sum is I
test,NnpOc_[MHgR/f+\8t$Qfg+0,Check sum is +
test,"	?KW""5Z9>uHahgKm~	{<q7G""JC!wIq
 	c_n",Check sum is (
test,v8f]%,Check sum is 6
test,)Ot!:F,Check sum is -
test, {9,Check sum is 4
test,TmQD8;oM,Check sum is %
test,"RZ=eK2dP0kB_80g5D/:nle_'jo l^*~S3!sb$`X`M""""~]{",Check sum is [
test,"
)$I(E&zMdFPPe{s1fAyw|^e.0N5m'gw-}Y_;_\y'Y8""FvLM",Check sum is Q
test,"]3Ra,XwIF]bg4%PW9{8*:hjwV-9
X[#pEF+wyd0kyG/",Check sum is L
test,6X<j9AGxlV7M\)KB{'	U	|y,Check sum is #
test,a5&/y{0?Pu,Check sum is 3
test,;6:</C.t%yzk.C(U.z*8!ja2?3a.?d,Check sum is X
test,"~ae%g'IrV#2xj{fYt<l
~|TYdMI5?",Check sum is T
test,Tnj<7; 5u|B2oMgRr6zEG,Check sum is W
test,sBB&N-3Py<),Check sum is Y
test,"#.[R3UDOW1,_{0O%;",Check sum is &
test,"%o15kc,aJZB	/!eOm'R",Check sum is N
test,"l-o}_Q*4n?, ""sH",Check sum is I
test,"gUK36x~>c!|5)D	41y""F6;?_up?2Zc{cY(|vF';f(-pUf*4B{",Check sum is Q
test,"H+c.=|;1`.3L,b^:{(v",Check sum is U
test,cs8],Check sum is K
test,l`@ET*;jSPc X2@2qlIKIz>:5imX2:uv5v^TJD[0s;j@,Check sum is *
test,	'#zs2a <)?5&(C0)$~=m8>*6[ay\`-3gC8n#%	zV?,Check sum is 9
test,l%2#j0-,Check sum is M
test,":yWuQoI\5""",Check sum is [
test,"]!;k8Jl< XUy5ttHY
r)lSpAo~n )8vf3XU""V",Check sum is W
test,"zzT|9=?Q,",Check sum is V
test,	>,Check sum is '
test,"Cp	a5fav$1Ebkr#V01|3IIP]}]""Xi`QVy|\Uv\7
S%OCVE`",Check sum is R
test,"*TEOeB.T#,[NdTE/D7py+5g""u,e>%`z.?*G3{E""bb]c~",Check sum is D
test,"_M*,[pEp_jq&	:$gOCC)[!.v60tP&	G0o(scKrFR;= S",Check sum is +
test,rw5y20>1w=I2ms+PUqxjC\*2x,Check sum is -
test,HR~q3KvOrz`,Check sum is 8
test,*m;*=n@!19,Check sum is R
test,",>1t $I)~37\NBm8$CnL?NHpp6T@kkfn`z/5{n.R""5ha*G",Check sum is  
test,*y8+!=X~F?Jpcb[1cV0I%`]gD[8X;{>,Check sum is H
test,"FG([8kpbBtIS}F}uT6Ms5@0""~6$Z44",Check sum is W
test,5\m2|,Check sum is L
