set,input1,output1
train,,Check sum is  
train,	,Check sum is )
train,"
",Check sum is *
train,"B
","Check sum is ,"
train,"

",Check sum is 4
train,"

















































",Check sum is T
train,                                                  ,Check sum is  
train,ssssssssssssssssssssssssssssssssssssssssssssssssss,Check sum is V
train,"CD
CD
CD
CD
CD
CD
CD
CD
CD
CD
CD
CD
CD
CD
CD
CD
CD",Check sum is 7
train,"x
y x
y x
y x
y x
y x
y x
y x
y x
y x
y x
y x
y x
",Check sum is &
train," 
 
 
 
 
 
 
 
 
 
 
 
 
 
 
 
 
 
 
 
 
 
 
 
 
",Check sum is :
train, ,Check sum is @
train,!,Check sum is A
train,"""",Check sum is B
train,#,Check sum is C
train,$,Check sum is D
train,%,Check sum is E
train,&,Check sum is F
train,',Check sum is G
train,(,Check sum is H
train,),Check sum is I
train,*,Check sum is J
train,+,Check sum is K
train,",",Check sum is L
train,-,Check sum is M
train,.,Check sum is N
train,/,Check sum is O
train,0,Check sum is P
train,1,Check sum is Q
train,2,Check sum is R
train,3,Check sum is S
train,4,Check sum is T
train,5,Check sum is U
train,6,Check sum is V
train,7,Check sum is W
train,8,Check sum is X
train,9,Check sum is Y
train,:,Check sum is Z
train,;,Check sum is [
train,<,Check sum is \
train,=,Check sum is ]
train,>,Check sum is ^
train,?,Check sum is _
train,@,Check sum is  
train,A,Check sum is !
train,B,"Check sum is """
train,C,Check sum is #
train,D,Check sum is $
train,E,Check sum is %
train,F,Check sum is &
train,G,Check sum is '
train,H,Check sum is (
train,I,Check sum is )
train,J,Check sum is *
train,K,Check sum is +
train,L,"Check sum is ,"
train,M,Check sum is -
train,N,Check sum is .
train,O,Check sum is /
train,P,Check sum is 0
train,Q,Check sum is 1
train,R,Check sum is 2
train,S,Check sum is 3
train,T,Check sum is 4
train,U,Check sum is 5
train,V,Check sum is 6
train,W,Check sum is 7
train,X,Check sum is 8
train,Y,Check sum is 9
train,Z,Check sum is :
train,[,Check sum is ;
train,\,Check sum is <
train,],Check sum is =
train,^,Check sum is >
train,_,Check sum is ?
train,`,Check sum is @
train,a,Check sum is A
train,b,Check sum is B
train,c,Check sum is C
train,d,Check sum is D
train,e,Check sum is E
train,f,Check sum is F
train,g,Check sum is G
train,h,Check sum is H
train,i,Check sum is I
train,j,Check sum is J
train,k,Check sum is K
train,l,Check sum is L
train,m,Check sum is M
train,n,Check sum is N
train,o,Check sum is O
train,p,Check sum is P
train,q,Check sum is Q
train,r,Check sum is R
train,s,Check sum is S
train,t,Check sum is T
train,u,Check sum is U
train,v,Check sum is V
train,w,Check sum is W
train,x,Check sum is X
train,y,Check sum is Y
train,z,Check sum is Z
train,{,Check sum is [
train,|,Check sum is \
train,},Check sum is ]
train,~,Check sum is ^
train,9+,Check sum is D
train,$},Check sum is A
train,!Z,Check sum is [
train,'],Check sum is $
train,mE,Check sum is R
train,Qc,Check sum is T
train,`w,Check sum is 7
train,aj,Check sum is +
train,BA,Check sum is #
train,Wz,Check sum is 1
train,m?,Check sum is L
train,",Q",Check sum is ]
train,l$,Check sum is 0
train,M1,Check sum is ^
train,5^,Check sum is 3
train,e;,Check sum is @
train,D@,Check sum is $
train,8x,Check sum is P
train,s},Check sum is P
train,`\,Check sum is \
train,.D,Check sum is R
train,pG,Check sum is W
train,&K,Check sum is Q
train,]g,Check sum is $
train,nk,Check sum is 9
train,VX,Check sum is N
train,$k,Check sum is /
train,",R",Check sum is ^
train,">,",Check sum is J
train,{<,Check sum is W
train,20,Check sum is B
train, ',Check sum is '
train,"I
",Check sum is 3
train,W:,Check sum is 1
train,-/,Check sum is <
train,$[,Check sum is _
train,6',Check sum is =
train,0-,Check sum is =
train,oR,Check sum is !
train,3I,Check sum is \
train,N9,Check sum is '
train,V#,Check sum is Y
train,}2,Check sum is O
train,"""u",Check sum is 7
train,?3,Check sum is R
train,)s,Check sum is <
train,i8,Check sum is A
train,xN,Check sum is &
train,k!,"Check sum is ,"
train,*<,Check sum is F
train,Q@,Check sum is 1
train,A7,Check sum is X
train,D1,Check sum is U
train,'},Check sum is D
train,;},Check sum is X
train,Q16,Check sum is X
train,9Zl,Check sum is _
train,g]V,Check sum is :
train,7rI,Check sum is R
train,]e{,Check sum is ]
train,Dja,Check sum is /
train,@r/,Check sum is A
train,H^),Check sum is /
train,tdb,Check sum is Z
train,pe#,Check sum is X
train,"|h
",Check sum is N
train,68q,Check sum is ?
train,w	|,Check sum is \
train,KaX,Check sum is $
train,;Gb,Check sum is D
train,9^F,Check sum is =
train,~`F,Check sum is D
train,u<4,Check sum is E
train,OH=,Check sum is 4
train,qjG,Check sum is B
train,_q/,Check sum is _
train,'`L,Check sum is 3
train,nT4,Check sum is V
train,"J""K",Check sum is W
train,T{h,Check sum is W
train,LMp,Check sum is )
train,Snx,Check sum is Y
train,Q_],Check sum is -
train,SEc,Check sum is [
train,JJW,Check sum is K
train,=6F,Check sum is Y
train,hQ?,Check sum is X
train,s?5,Check sum is G
train,",qj",Check sum is '
train,[BQ,Check sum is N
train,? X,Check sum is W
train,47$,Check sum is /
train,RSA,Check sum is F
train,n.d,Check sum is  
train,x5',Check sum is 4
train,Cp{,Check sum is N
train,6'$,Check sum is !
train,?jj,Check sum is 3
train,3P;,Check sum is ^
train,TX-,Check sum is 9
train,-Nv,Check sum is Q
train,3.H,Check sum is I
train,l<%,Check sum is -
train,WBn,Check sum is '
train,w$B,Check sum is =
train,'wQ,Check sum is O
train,"!t,rOy93

8@qi(bJVk",Check sum is B
train,"6,Plsc!;sIy/^",Check sum is 2
train,"zJ>
","Check sum is ,"
train,"^+2j,sfC5aJA5@U",Check sum is 8
train,",^rwr{|]>WljnAwZb>Hwx}OQ2`-ziHb9eAB_o?\k",Check sum is 9
train,"*=.[:C_27,H6<)9{'rL<lc<piC",Check sum is  
train,"%6(k#3GBQkXGEx!
DYsm8hZ9x3`1""]jAtF$0}]A",Check sum is /
train,)K,Check sum is T
train,^oop=tt{3:%Y/f;M_8,Check sum is K
train,"!+NPvM	~'t^LKf$""Po*4ZsQiITsFutZ
!lwcv>5tq
61",Check sum is =
train,&/>.7yE/+IKz,Check sum is >
train,Xbx-,Check sum is ?
train,	e3JXxIZdXE2gn?}KI,Check sum is V
train,	=3N}rZRP.T7oR k#p.`rn\FV8s-P25:&u36@,Check sum is ]
train,"K(a 
88{] RazRAmZvebI7muZ",Check sum is F
train,"un&JPG~:XH.Oe2y""8/G",Check sum is ?
train,"S6<Y.AE>RZ]""e;fi4|]E9esN",Check sum is ;
train,"K<sty|cSm$#P""b^G8Lvj0",Check sum is :
train,"C?4S9""R}FA{",Check sum is U
train,_ e:,Check sum is >
train,"G$,ws*i3PK:R$Z|woF|SPNT""-G!G'",Check sum is Z
train,EN|Bv#'FuLdH~n,Check sum is P
train,"Lu9BT%F-&eyo0`HfZi_8(""Gqc\",Check sum is T
train,G>4y{xEnmUN8R5o~HYHie9_[ Fp	(C\'-uO!\-S;HH/Ky,Check sum is W
train,"pnOpTOmW,b&m@\).v<szS=>s'w|K/@~JYHCg+Hyd->:$$",Check sum is <
train,"(a8""/m%sQfUvd|Vc]'SW]m?fZ2V_6[1L88d,,-<ggCA[3v5s;	",Check sum is U
train,"3F!x""7>,LfU{zpyTkL@E!-B['R>h*LxZGW+;j%?<{L+Z3U",Check sum is ^
train,X ,Check sum is X
train,"}:%KFJYrMh+zLx$&J0\: A29M6#eq!@e?;{
gDL(",Check sum is F
train,_8,Check sum is 7
train,"$\SA;ty/yBlR!xM/yDovPt`
""6Mx-In+",Check sum is U
train,"pcU}bhR{z26: ""<2s\P'
}k>_,ai9l",Check sum is X
train,R='6,Check sum is L
train,BeqaEs?y0t5r'Q,Check sum is L
train,p@xNYu)e?HW8iy,Check sum is *
train,B|cj8$_1`3*$Q4,Check sum is =
train,ZgX,Check sum is 9
train,"iMc]q(Bbs@|'kGE*	
 ^*wFk={Dk1arzr
dQ]",Check sum is  
train,'mw<ckoo?GO*7tXl8yFq%2vt<Q<x>\*%Jdf,Check sum is (
train,"@log""PPLC/L",Check sum is .
train,c'xOPn$r)r,Check sum is  
train,*F3LPu)E,Check sum is B
train,"hytCU$<`oo%;=b_rY^Lf.;PC=>*'8T9qZXxUO9Cx
lZz",Check sum is .
train,uIigh6Y;\Gb)ftBvI,Check sum is )
train,"Y""gpjSDC
(J%'GdQ#y1g~V/OdpZK3
g9",Check sum is V
train,Vd,Check sum is Z
train,"~
A:k1`D8{++e2(@it",Check sum is H
train,"!f;J(7U
YV@-VIA&*oif,=d	3}#xW=ma-p6E j/URIC",Check sum is ;
train,"=))[dd
}+Q-=FeIgA06E7dYI3*	P",Check sum is 9
train,"gi,d",Check sum is @
train,	6OQ2>)K}_Dw,Check sum is :
train,"W 7 """"P)M)^lyz
l+qA4gc",Check sum is /
train,"0
TI%S4wS>)<Ld8]sju:<)-l/5""htJ#\T 	z",Check sum is A
train,#N1^@8C,Check sum is [
train,@&->$a4z/NDE'Q69q&]\4BPh~Yq<sQ8|>5,Check sum is >
train," wCI,LKy4]{dqT0fw",Check sum is A
train,byR']5}j&,Check sum is S
train,1+%@rSF:&OB/&2X+2,Check sum is Y
train,\m!K'9as#Y==Mn;pF%67&4mzP&E,Check sum is 9
train,"z""IP|$u8c|ZG*v!|/tCv_=S&s'#Q",Check sum is ^
train,;}BQ|fW~)DwI(L!'d,Check sum is /
train,"I~D	kXcF]]W.I
Q!Y?",Check sum is <
train,"mi?}"".QG<'D/'NP>E{x!GhiRfj}|BBt!L-FkW|D06",Check sum is ?
train,~wQ;I=14kKq:U}[LJ4F!k-<,Check sum is _
train,Vzb$M(`Z,Check sum is %
train,"0G6kfn\\c7f?X?h)`J|aC""H;[1",Check sum is &
train,:>O< *+yJ<>Hg@;HuD0h/[J0#[4qwLW,Check sum is Y
train,"?%oKVRZ@^85M2
2k4&I{J~^fzsj",Check sum is 2
train,",!:Z21b0));JcA,9$c2",Check sum is O
train,rZ^]h(eT&>p.,Check sum is 2
train,"MN8w6,~%Godve;lZA\j^Nr",Check sum is J
train,x<r3 ^>.V&~4,Check sum is Q
train,*g,Check sum is 1
train,JYz,Check sum is =
train,"rF&_jv[8oS""<^$VnO/ZxHCY\Rwm].n.4bLBl<=OR2i",Check sum is (
train,"
7}N=p1t6|=9<Q*`_554|GF}%gU)MFG.Ph~dN%0",Check sum is O
train,1E6S|f1%}+</\Cq:1PRJ a$y!&(Q,Check sum is /
train,w!Mo8%0$,Check sum is %
train,UK?+3\+3VG'-T,Check sum is \
train,";=Rc.t~e]J""%2D@:{+f/#|bX+jd]@+=8M86BY`s}AvS;2",Check sum is W
train,sue97[Ikf4W^H ]'g BmH$fg),Check sum is ?
train,gZ@^,Check sum is ?
train," g^'z)//{H;U9YRO@h3?`
}""\,)fy UXmN",Check sum is .
train,"C7o'l}^~$Z+xk60L+8\K.*4?@F1G7 .kX
k",Check sum is C
train,~!l1WO,Check sum is B
train,58634>]y{q	& XtG.bch+|.!Su:k_8tNB[$JtlU+s5K	R,Check sum is \
train,UfJ'*s^ VZ90Bqy__,Check sum is *
train,ORD,Check sum is E
test,&w,Check sum is =
test,~h,Check sum is F
test,f[,Check sum is !
test,KU,Check sum is @
test,^I,Check sum is G
test,6],Check sum is 3
test,(Y,Check sum is !
test,b*,"Check sum is ,"
test,p^,Check sum is .
test,jw,Check sum is A
test,O),Check sum is X
test,v+,Check sum is A
test,?[,Check sum is :
test,_+,Check sum is *
test,VJ,Check sum is @
test,MI,Check sum is 6
test,?X,Check sum is 7
test,Je,Check sum is O
test,n_,Check sum is -
test,2a,Check sum is 3
test,/{,Check sum is J
test,wq,Check sum is H
test,O\,Check sum is K
test,f0,Check sum is 6
test,"
z",Check sum is $
test,l=,Check sum is I
test,$y,Check sum is =
test,9),Check sum is B
test,2I,Check sum is [
test,r@,Check sum is R
test,<E,Check sum is !
test,[C,Check sum is >
test,"`""","Check sum is """
test,u[,Check sum is 0
test,Zy,Check sum is 3
test,J~,Check sum is (
test,E#,Check sum is H
test,T%,Check sum is Y
test,YZ,Check sum is S
test,3q,Check sum is D
test,a!,"Check sum is """
test,LN,Check sum is :
test,Np,Check sum is ^
test,Q`,Check sum is Q
test,S.,Check sum is !
test,Ld,Check sum is P
test,j(,Check sum is 2
test,-t,Check sum is A
test,iz,Check sum is C
test,Pv,Check sum is &
test,a|,Check sum is =
test,/1,Check sum is @
test,(w,Check sum is ?
test,NW,Check sum is E
test,rj,Check sum is <
test,"%,",Check sum is 1
test,[n,Check sum is )
test,VP,Check sum is F
test,Cj,Check sum is M
test,"
S",Check sum is =
test,2 ,Check sum is 2
test,E%,Check sum is J
test,rm,Check sum is ?
test,w4,Check sum is K
test,@4,Check sum is T
test,M@,Check sum is -
test,hs,Check sum is ;
test,Un,Check sum is #
test,1Y,Check sum is *
test,'^,Check sum is %
test,	%,Check sum is N
test,P?,Check sum is /
test,mh,Check sum is 5
test,:7,Check sum is Q
test,r$,Check sum is 6
test,vr,Check sum is H
test,"
K",Check sum is 5
test,h9,Check sum is A
test,I1,Check sum is Z
test,	V,Check sum is ?
test,t|,Check sum is P
test,^a,Check sum is _
test,L5,Check sum is !
test,9~,Check sum is W
test,&.,Check sum is 4
test,$<,Check sum is @
test,#	,Check sum is L
test,2E,Check sum is W
test,jM,Check sum is W
test,E|,Check sum is !
test,R!,Check sum is S
test,|Q,Check sum is -
test,Lm,Check sum is Y
test,Ym,Check sum is &
test,`^,Check sum is ^
test,/.,Check sum is =
test,7$,Check sum is ;
test,oD,Check sum is S
test,*G,Check sum is Q
test,%z,Check sum is ?
test,"
P",Check sum is :
test,Td,Check sum is X
test,%|,Check sum is A
test,po,Check sum is ?
test,xr,Check sum is J
test,"
R",Check sum is <
test,lG,Check sum is S
test,49,Check sum is M
test,H9,Check sum is !
test,k+,Check sum is 6
test,qh,Check sum is 9
test,wN,Check sum is %
test,P.,Check sum is ^
test,>p,Check sum is N
test,[},Check sum is 8
test,Rz,"Check sum is ,"
test,^V,Check sum is T
test,l|,Check sum is H
test,#U,Check sum is X
test,q+,Check sum is <
test,"
>",Check sum is (
test,"
:",Check sum is $
test,Am,Check sum is N
test,2_,Check sum is 1
test,+v,Check sum is A
test,#8,Check sum is ;
test,kC,Check sum is N
test,	;,Check sum is $
test,SS,Check sum is F
test,y`,Check sum is 9
test,rp,Check sum is B
test,`0,Check sum is 0
test,@f,Check sum is F
test,7-,Check sum is D
test,":
",Check sum is $
test,d<,Check sum is @
test,@.,Check sum is N
test,iN,Check sum is W
test,q!,Check sum is 2
test,V7,Check sum is -
test,[m,Check sum is (
test,I ,Check sum is I
test,80,Check sum is H
test,'k,Check sum is 2
test,:Y,Check sum is 3
test,Mp,Check sum is ]
test,vd,Check sum is :
test,]`,Check sum is ]
test,jw,Check sum is A
test,Jf,Check sum is P
test,+6,Check sum is A
test,1@,Check sum is Q
test,Jh,Check sum is R
test,ED,Check sum is )
test,Mk,Check sum is X
test,L.,Check sum is Z
test,xR,Check sum is *
test,m5,Check sum is B
test,&P,Check sum is V
test,lV,"Check sum is """
test,.l,Check sum is :
test,K+,Check sum is V
test,2$,Check sum is 6
test,xR,Check sum is *
test,G<,Check sum is #
test,7V,Check sum is -
test,\O,Check sum is K
test,-Q,Check sum is ^
test,.9,Check sum is G
test,V$,Check sum is Z
test,>m,Check sum is K
test,6&,Check sum is <
test,mJ,Check sum is W
test,4J,Check sum is ^
test,v%,Check sum is ;
test,?|,Check sum is [
test,9b,Check sum is ;
test,x ,Check sum is 8
test,%:,Check sum is ?
test,N-,Check sum is [
test,NJ,Check sum is 8
test,{$,Check sum is ?
test,PP,Check sum is @
test,90,Check sum is I
test,~g,Check sum is E
test,pm,Check sum is =
test,M\,Check sum is I
test, q,Check sum is 1
test,hI,Check sum is Q
test,cb,Check sum is %
test,f3,Check sum is 9
test,N},Check sum is +
test,?q,Check sum is P
test,	p,Check sum is Y
test,",w",Check sum is C
test,-a,Check sum is .
test,gt,Check sum is ;
test,1B,Check sum is S
test,a),Check sum is *
test,^b,Check sum is  
test,Mb,Check sum is O
test,rU,Check sum is '
test,]2,Check sum is /
test,5$,Check sum is 9
test,eV,Check sum is [
test,AC,Check sum is $
test,8%,Check sum is =
test,lw,Check sum is C
test,vq,Check sum is G
test,{',Check sum is B
test,fO,Check sum is U
test,V.,Check sum is $
test,oI,Check sum is X
test,#L,Check sum is O
test,r9,Check sum is K
test,I=,Check sum is &
test,5y,Check sum is N
test,>|,Check sum is Z
test,-!,Check sum is .
test,~&,Check sum is D
test,V',Check sum is ]
test,KQ,Check sum is <
test,"p
",Check sum is Z
test,WM,Check sum is D
test,!D,Check sum is E
test,SO,Check sum is B
test,7/,Check sum is F
test,k7,Check sum is B
test,jz,Check sum is D
test, 7,Check sum is 7
test,;w,Check sum is R
test,P2,"Check sum is """
test,"Y""",Check sum is [
test,"k,",Check sum is 7
test,G\,Check sum is C
test,"p""",Check sum is 2
test,7B,Check sum is Y
test,NY,Check sum is G
test,M),Check sum is V
test,{B,Check sum is ]
test,[B,Check sum is =
test,&3,Check sum is 9
test,Gj,Check sum is Q
test,9V,Check sum is /
test,Mf,Check sum is S
test,~$,Check sum is B
test,X[,Check sum is S
test,2V,Check sum is (
test,So,"Check sum is """
test,\\,Check sum is X
test,|N,Check sum is *
test,0.,Check sum is >
test,r',Check sum is 9
test,zD,Check sum is ^
test,E.,Check sum is S
test,*?,Check sum is I
test,KN,Check sum is 9
test,6},Check sum is S
test,uP,Check sum is %
test,$%,Check sum is )
test,u@,Check sum is U
test,1{,Check sum is L
test,$5,Check sum is 9
test,</,Check sum is K
test,@(,Check sum is H
test,2v,Check sum is H
test,eR,Check sum is W
test,yL,Check sum is %
test,e8,Check sum is =
test,cj,Check sum is -
test,yU,Check sum is .
test,E;,Check sum is  
test,XB,Check sum is :
test,?{,Check sum is Z
test,KN,Check sum is 9
test,V{,Check sum is 1
test,yz,Check sum is S
test,!U,Check sum is V
test,' ,Check sum is '
test,ua,Check sum is 6
test,"W
",Check sum is A
test,Ly,Check sum is %
test,>y,Check sum is W
test,HP,Check sum is 8
test,",_",Check sum is +
test,I<,Check sum is %
test,z$,Check sum is >
test,H>,Check sum is &
test,OE,Check sum is 4
test,FE,Check sum is +
test,Rn,Check sum is  
test,vT,Check sum is *
test,nx,Check sum is F
test,",i",Check sum is 5
test,eG,Check sum is L
test,B|,Check sum is ^
test,Pn,Check sum is ^
test,kU,Check sum is  
test,:%,Check sum is ?
test,PA,Check sum is 1
test,((,Check sum is 0
test,|O,Check sum is +
test,?k,Check sum is J
test,BH,Check sum is *
test,6E,Check sum is [
test,|=,Check sum is Y
test,9\,Check sum is 5
test,"T
",Check sum is >
test,WC,Check sum is :
test,y-,Check sum is F
test,?},Check sum is \
test,23,Check sum is E
test,Ov,Check sum is %
test,0U,Check sum is %
test,L>,Check sum is *
test,	k,Check sum is T
test,Si,Check sum is \
test,Ft,Check sum is Z
test,_L,Check sum is K
test,O_,Check sum is N
test,86,Check sum is N
test,yB,Check sum is [
test,<w,Check sum is S
test,$6,Check sum is :
test,p7,Check sum is G
test,@R,Check sum is 2
test,<Q,Check sum is -
test,Q&,Check sum is W
test,qd,Check sum is 5
test,lX,Check sum is $
test,bw,Check sum is 9
test,uV,Check sum is +
test,-S,Check sum is  
test,m6,Check sum is C
test,|z,Check sum is V
test,_W,Check sum is V
test,	`,Check sum is I
test,hD,Check sum is L
test,fC,Check sum is I
test,^3,Check sum is 1
test,oK,Check sum is Z
test,%6,Check sum is ;
test,g5,Check sum is <
test,X>,Check sum is 6
test,rC,Check sum is U
test,3d,Check sum is 7
test,"<,",Check sum is H
test,`#,Check sum is #
test,9y,Check sum is R
test,1g,Check sum is 8
test,vA,Check sum is W
test,=_,Check sum is <
test,-4,Check sum is A
test,'I,Check sum is P
test,"l""",Check sum is .
test,}[,Check sum is 8
test,+],Check sum is (
test,29,Check sum is K
test,%v,Check sum is ;
test,tx,Check sum is L
test,Qe,Check sum is V
test,Oy,Check sum is (
test,Z9,Check sum is 3
test,`*,Check sum is *
test,Tw,Check sum is +
test,	r,Check sum is [
test,(v,Check sum is >
test,l-,Check sum is 9
test,w=,Check sum is T
test,'{,Check sum is B
test,%.,Check sum is 3
test,>d,Check sum is B
test,lo,Check sum is ;
test,Q|,Check sum is -
test,Qo,Check sum is  
test,HF,Check sum is .
test,UK,Check sum is @
test,/y,Check sum is H
test,W~,Check sum is 5
test,p0,Check sum is @
test,qZ,Check sum is +
test,(u,Check sum is =
test,~m,Check sum is K
test,t6,Check sum is J
test,e1,Check sum is 6
test,",9",Check sum is E
test,"G""",Check sum is I
test,LH,Check sum is 4
test,58,Check sum is M
test,Ki,Check sum is T
test,CM,Check sum is 0
test,AA,"Check sum is """
test,"R""",Check sum is T
test,Y',Check sum is  
test,!~,Check sum is ?
test,\p,"Check sum is ,"
test,y^,Check sum is 7
test,"F,",Check sum is R
test,:(,Check sum is B
test,3Q,Check sum is $
test,WZ,Check sum is Q
test,2w,Check sum is I
test,i[,Check sum is $
test,_r,Check sum is 1
test,6[,Check sum is 1
test,>P,Check sum is .
test,)u,Check sum is >
test,$),Check sum is -
test,\x,Check sum is 4
test,\I,Check sum is E
test,rR,Check sum is $
test,T),Check sum is ]
test,vN,Check sum is $
test,B@,"Check sum is """
test,F),Check sum is O
test,:W,Check sum is 1
test,-z,Check sum is G
test,*I,Check sum is S
test,9M,Check sum is &
test,F/,Check sum is U
test,MG,Check sum is 4
test,_4,Check sum is 3
test,g#,Check sum is *
test,yW,Check sum is 0
test,|?,Check sum is [
test,=s,Check sum is P
test,=v,Check sum is S
test,9{,Check sum is T
test,Qf,Check sum is W
test,R>,Check sum is 0
test,[A,Check sum is <
test,K/,Check sum is Z
test,R[,Check sum is M
test,{0,Check sum is K
test,@v,Check sum is V
test,1#,Check sum is 4
test,L7,Check sum is #
test,IA,Check sum is *
test,V&,Check sum is \
test,;B,Check sum is ]
test,XJ,Check sum is B
test,N;,Check sum is )
test,<=,Check sum is Y
test,7/,Check sum is F
test,Df,Check sum is J
test,?:,Check sum is Y
test,<H,Check sum is $
test,!&,Check sum is '
test,Dl,Check sum is P
test,A\,Check sum is =
test,=R,Check sum is /
test,f\,"Check sum is """
test,KF,Check sum is 1
test,bO,Check sum is Q
test,T-,Check sum is !
test,`8,Check sum is 8
test,wm,Check sum is D
test,ni,Check sum is 7
test,9X,Check sum is 1
test,Dp,Check sum is T
test,*2,Check sum is <
test, ~,Check sum is >
test,7g,Check sum is >
test,%h,Check sum is -
test,",g",Check sum is 3
test,if,Check sum is /
test,-_,"Check sum is ,"
test,<A,Check sum is ]
test,7',Check sum is >
test,Eb,Check sum is G
test,i!,Check sum is *
test,q#,Check sum is 4
test,Ti,Check sum is ]
test,+f,Check sum is 1
test,SG,Check sum is :
test,o ,Check sum is /
test,la,Check sum is -
test,c],Check sum is  
test,:p,Check sum is J
test,ES,Check sum is 8
test,vj,Check sum is @
test,9*,Check sum is C
test,_@,Check sum is ?
test,"""u",Check sum is 7
test,f!,Check sum is '
test,N*,Check sum is X
test,N),Check sum is W
test,[#,Check sum is ^
test,#2,Check sum is 5
test,	h,Check sum is Q
test,w-,Check sum is D
test,aR,Check sum is S
test,WU,Check sum is L
test,A6,Check sum is W
test,/o,Check sum is >
test,j5,Check sum is ?
test,	^,Check sum is G
test,`z,Check sum is :
test,'E,Check sum is L
test,id,Check sum is -
test,oSY,Check sum is ;
test,sXI,Check sum is 4
test,']t,Check sum is X
test,rk\,Check sum is Y
test,"
z(",Check sum is L
test,B\h,Check sum is &
test,%8^,Check sum is [
test,}/+,Check sum is 7
test,|A	,Check sum is &
test,:T|,Check sum is *
test,4#A,Check sum is 8
test,q4r,Check sum is 7
test,a3),Check sum is ]
test,-m),Check sum is #
test,u}&,Check sum is 8
test,s`l,Check sum is _
test,D<O,Check sum is /
test,9cN,Check sum is J
test,Ay0,Check sum is J
test,r~s,Check sum is C
test,Sdy,Check sum is P
test,ml%,Check sum is ^
test,;M7,Check sum is _
test,SQ`,Check sum is $
test,B+e,Check sum is 2
test,Qz9,Check sum is $
test,j.{,Check sum is 3
test,g(M,Check sum is <
test,Nn>,Check sum is Z
test,d{r,Check sum is 1
test,"J!
",Check sum is U
test,H7y,Check sum is X
test,TeG,Check sum is  
test,"""?#",Check sum is $
test,Ag},Check sum is E
test,~D3,Check sum is U
test,j~m,Check sum is 5
test,"""d=",Check sum is #
test,h/I,Check sum is @
test,"eJ
",Check sum is Y
test,Taw,Check sum is L
test,8_`,Check sum is W
test,.^&,Check sum is R
test,Sms,Check sum is S
test,r/U,Check sum is V
test,xM0,Check sum is U
test,1fN,Check sum is E
test,!:!,Check sum is \
test,2PM,Check sum is /
test,rQy,Check sum is \
test,`a~,Check sum is _
test,"0s""",Check sum is %
test, WD,Check sum is [
test,2s#,Check sum is (
test,JI6,Check sum is )
test,i&\,Check sum is K
test,wPE,"Check sum is ,"
test,2fg,Check sum is _
test,v}I,Check sum is \
test,a?1,Check sum is 1
test,T[p,Check sum is ?
test,NLj,Check sum is $
test,bV<,Check sum is T
test,M`k,Check sum is 8
test,(c>,Check sum is )
test,u}V,Check sum is (
test,;4u,Check sum is D
test,d!(,Check sum is M
test,b4N,Check sum is D
test,jIt,Check sum is G
test,(}\,Check sum is !
test,"w
Z",Check sum is ;
test,}|`,Check sum is 9
test,2`W,Check sum is I
test,- Y,Check sum is F
test,r[	,Check sum is 6
test,n^g,Check sum is S
test,YK5,Check sum is 9
test,6Qu,Check sum is \
test,/4[,Check sum is ^
test,",4P",Check sum is P
test,8ok,Check sum is 2
test,"zm""",Check sum is )
test,gpz,Check sum is 1
test,E$b,Check sum is +
test,QtK,Check sum is 0
test,!	5,Check sum is ?
test,t{K,Check sum is Z
test,jES,"Check sum is """
test,$rP,Check sum is F
test,cp.,Check sum is !
test,8z},Check sum is O
test,##~,Check sum is $
test,O*{,Check sum is T
test,<m9,Check sum is B
test,f)+,Check sum is Z
test,Vrd,Check sum is L
test,BRN,Check sum is B
test,zCi,Check sum is F
test,5E0,Check sum is J
test,7C',Check sum is A
test,r/0,Check sum is 1
test,|N`,Check sum is J
test,:=l,Check sum is C
test,IFn,Check sum is ]
test,QIe,Check sum is _
test,\+0,Check sum is W
test,Yo*,Check sum is R
test,s)^,Check sum is Z
test,mzW,Check sum is ^
test,.^b,Check sum is N
test,",1F",Check sum is C
test,"L""~",Check sum is L
test,((>,Check sum is .
test,zEF,Check sum is %
test,(fb,Check sum is P
test,fU ,Check sum is ;
test,V6r,Check sum is ^
test,Bp],Check sum is /
test,Cv),Check sum is B
test,@m<,Check sum is I
test,kRh,Check sum is E
test,/q\,Check sum is \
test,#Ni,Check sum is :
test,i#s,Check sum is _
test,R5!,Check sum is H
test,+L9,Check sum is P
test,3p*,Check sum is -
test,+[],Check sum is C
test,|dA,Check sum is A
test,uvN,Check sum is Y
test,"X
)",Check sum is +
test,rh.,Check sum is (
test,=}F,Check sum is  
test,@4G,Check sum is [
test,pSz,Check sum is ]
test,d]V,Check sum is 7
test,hlC,Check sum is 7
test,_Ee,Check sum is )
test,"
vI",Check sum is )
test,?&l,Check sum is 1
test,q&0,Check sum is '
test,"C
R",Check sum is ?
test,:@3,Check sum is M
test,(*#,Check sum is U
test,U`4,Check sum is I
test,k_@,Check sum is *
test,x2v,Check sum is @
test,4:R,Check sum is  
test,#s7,Check sum is -
test,c]a,Check sum is A
test,7<F,Check sum is Y
test,;q',Check sum is 3
test,!Nj,Check sum is 9
test,QCX,Check sum is L
test,J:&,Check sum is J
test,-HL,Check sum is !
test,g#s,Check sum is ]
test,#fk,Check sum is T
test,D@M,Check sum is 1
test,fBQ,Check sum is Y
test,_c_,Check sum is A
test,CN~,Check sum is /
test,(Ri,Check sum is C
test,v9z,Check sum is I
test,M6+,Check sum is N
test,3Oz,Check sum is \
test,R[[,Check sum is (
test,EDs,Check sum is \
test,_1B,Check sum is 2
test,pm*,Check sum is '
test,Ao=,Check sum is M
test,*`F,Check sum is 0
test,g[!,Check sum is C
test,c~I,Check sum is J
test,m	>,Check sum is T
test,"I 
",Check sum is S
test,gDe,Check sum is 0
test,Nn1,Check sum is M
test,R%E,Check sum is \
test,!s	,Check sum is =
test,"""/L",Check sum is =
test,a:Y,Check sum is T
test,BZQ,Check sum is M
test,9sr,Check sum is >
test,Zgk,Check sum is L
test,=zV,Check sum is -
test,2k5,Check sum is 2
test,cWU,Check sum is /
test,~]7,Check sum is 2
test,wRo,Check sum is X
test,y 1,Check sum is *
test,JN(,Check sum is  
test,e:R,Check sum is Q
test,kI^,Check sum is 2
test,wUm,Check sum is Y
test,.{M,Check sum is V
test,Sb#,Check sum is 8
test,Ssc,Check sum is I
test,"0g
",Check sum is A
test,BZi,Check sum is %
test,%ax,Check sum is ^
test,)8	,Check sum is J
test,n[T,Check sum is =
test,zU3,"Check sum is """
test,tib,Check sum is _
test,HT(,Check sum is $
test,&$	,Check sum is 3
test,(RY,Check sum is 3
test,;`B,Check sum is =
test,xY?,Check sum is 0
test,n3:,Check sum is ;
test,X#9,Check sum is T
test,e4#,Check sum is \
test,iz ,Check sum is #
test,YMj,Check sum is 0
test,%T(,Check sum is A
test,"k,e",Check sum is \
test,*r#,Check sum is _
test,t=8,Check sum is I
test,]&4,Check sum is W
test,&X#,Check sum is A
test,!e4,Check sum is Z
test,DCR,Check sum is 9
test,^'p,Check sum is U
test,ly),Check sum is .
test,~35,Check sum is F
test,D x,Check sum is <
test,51_,Check sum is %
test,nd7,Check sum is )
test,PX0,Check sum is 8
test,Fe!,"Check sum is ,"
test,{Ky,Check sum is _
test,"
ZM",Check sum is Q
test,7xS,"Check sum is """
test,"y>,",Check sum is C
test,VU+,Check sum is 6
test,r9n,Check sum is 9
test,f4Z,Check sum is T
test,W$),Check sum is D
test,^4F,Check sum is 8
test,}49,Check sum is J
test,_qO,Check sum is ?
test,SXu,Check sum is @
test,",Td",Check sum is D
test,2*&,"Check sum is """
test,-)b,Check sum is X
test,LG\,Check sum is O
test,-Z9,Check sum is  
test,iCs,Check sum is ?
test,[|q,Check sum is (
test,pNE,Check sum is #
test,l_P,Check sum is ;
test,xZp,"Check sum is """
test,`CD,Check sum is G
test,U-P,Check sum is 2
test,pZ?,Check sum is )
test,*\l,Check sum is R
test,GuY,Check sum is 5
test,LLg,Check sum is _
test,zO1,Check sum is Z
test,m3#,Check sum is #
test,c{&,Check sum is $
test,J#~,Check sum is K
test,T5$,Check sum is M
test,amg,Check sum is U
test,9~G,Check sum is ^
test,2wU,Check sum is ^
test,dl|,"Check sum is ,"
test,>J_,Check sum is G
test,b7L,Check sum is E
test,.m@,Check sum is ;
test,+\>,Check sum is %
test,"Eb""",Check sum is )
test,6N;,Check sum is _
test,vd',Check sum is !
test,E7X,Check sum is 4
test,|-O,Check sum is X
test,"qa,",Check sum is ^
test,t+x,Check sum is 7
test,"5j,",Check sum is +
test,mY1,Check sum is W
test,r&x,Check sum is 0
test,=NN,Check sum is 9
test,"
Xq",Check sum is 3
test,8*s,Check sum is 5
test,1/:,Check sum is :
test,&?c,Check sum is (
test,	CG,Check sum is 3
test,s\o,Check sum is ^
test,#Zv,Check sum is S
test,!.#,Check sum is R
test,MP8,Check sum is 5
test,4n:,Check sum is <
test,>B<,Check sum is \
test,tjY,Check sum is W
test,Sb%,Check sum is :
test,*?H,Check sum is Q
test,Ghc,Check sum is 2
test,<_I,Check sum is D
test,w6e,Check sum is 2
test,.JX,Check sum is 0
test,~	~,Check sum is %
test,D=g,Check sum is H
test,82Y,Check sum is #
test,oeZ,Check sum is N
test,",x}",Check sum is A
test,04[,Check sum is _
test,aUg,Check sum is =
test,>Uu,Check sum is (
test,H!8,Check sum is A
test,",pu",Check sum is 1
test,*O:,Check sum is S
test,iht,Check sum is %
test,"N,i",Check sum is C
test,m&7,Check sum is *
test,]7l,Check sum is  
test,ugc,Check sum is _
test,paM,Check sum is >
test,q.X,Check sum is W
test,"v,7",Check sum is 9
test,Zug,Check sum is V
test,}?J,Check sum is &
test,998,Check sum is J
test,^A&,Check sum is %
test,JPH,Check sum is B
test,I}M,Check sum is 3
test,`6P,Check sum is F
test,J[!,Check sum is &
test,UCE,Check sum is =
test,.YD,Check sum is +
test,}9n,Check sum is D
test,%&I,Check sum is 4
test,pF(,Check sum is >
test,5Fr,Check sum is M
test,gc;,Check sum is %
test,Kqi,Check sum is E
test,"K`""",Check sum is -
test,~pk,Check sum is 9
test,'p9,Check sum is 0
test,WR8,Check sum is A
test,too,Check sum is 2
test,",l$",Check sum is \
test,bN!,Check sum is 1
test,=(6,Check sum is ;
test,KMn,Check sum is &
test,"
+_",Check sum is 4
test,RC:,Check sum is /
test,'cN,Check sum is 8
test,pw.,Check sum is 5
test,Uhj,Check sum is G
test,:c|,Check sum is 9
test,v?Z,Check sum is /
test,yRG,Check sum is 2
test,;kA,Check sum is G
test,HGA,Check sum is 0
test,J4F,Check sum is $
test,k~@,Check sum is I
test,: 6,Check sum is 0
test,J/q,Check sum is J
test,CU^,Check sum is V
test,CR|,Check sum is 1
test,pG`,Check sum is 7
test,]-',Check sum is Q
test,?|/,Check sum is J
test,c3P,Check sum is F
test,\Z\,Check sum is 2
test,qfR,Check sum is I
test,UoE,Check sum is )
test,SRr,Check sum is 7
test,M}5,Check sum is _
test,BI+,Check sum is V
test,'da,Check sum is L
test,"Hd""",Check sum is .
test,aiV,Check sum is @
test,{3g,Check sum is 5
test,	D_,Check sum is L
test,OGf,Check sum is \
test,T8j,Check sum is V
test,iyJ,Check sum is L
test,+D:,Check sum is I
test,#ab,Check sum is F
test,\>[,Check sum is U
test,T0.,Check sum is R
test,"Mh""",Check sum is 7
test,4t+,Check sum is 3
test,:e[,Check sum is Z
test,w~o,Check sum is D
test,"
kf",Check sum is ;
test,[(h,Check sum is K
test,[h%,Check sum is H
test,D3#,Check sum is :
test,y(e,Check sum is &
test,6'D,Check sum is A
test,1Cc,Check sum is 7
test,!|-,Check sum is *
test,AGd,Check sum is L
test,hnJ,Check sum is @
test,v]T,Check sum is G
test,Lq8,Check sum is U
test,@.l,Check sum is :
test,<#B,Check sum is A
test,MCY,Check sum is I
test,-3G,Check sum is G
test,4.5,Check sum is 7
test,/VM,Check sum is 2
test,/?u,Check sum is C
test,5x`,Check sum is -
test,44w,Check sum is ?
test,UJ',Check sum is &
test,eof,Check sum is Z
test,KR	,Check sum is F
test,i|$,Check sum is )
test,=`C,Check sum is @
test,pj!,Check sum is [
test,	D;,Check sum is (
test,qdF,Check sum is ;
test,tyG,Check sum is T
test,1r0,Check sum is 3
test,c99,Check sum is 5
test,}j!,Check sum is (
test,kN\,Check sum is 5
test,j${,Check sum is )
test,>@`,Check sum is >
test,pW:,Check sum is !
test,1 l,Check sum is ]
test,jsF,Check sum is C
test,HIE,Check sum is 6
test,auj,Check sum is  
test,ENY,Check sum is L
test,"~,h",Check sum is 2
test,"[c""",Check sum is @
test,"
g.",Check sum is ?
test,_;[,Check sum is U
test,M_B,Check sum is N
test,`~E,Check sum is C
test,7-y,Check sum is =
test,lV0,Check sum is R
test,P&J,Check sum is  
test,hwV,Check sum is U
test,bP{,Check sum is M
test,Tj/,Check sum is M
test,>#*,Check sum is +
test,RdV,"Check sum is ,"
test,Av-,Check sum is D
test,li8,Check sum is -
test,1'y,Check sum is 1
test,_Tp,Check sum is C
test,4PX,Check sum is <
test,EKf,Check sum is V
test,<bR,Check sum is P
test,kBd,Check sum is 1
test,a4$,Check sum is Y
test,R%#,Check sum is :
test,A}j,Check sum is H
test,6E6,Check sum is Q
test,AIf,Check sum is P
test,n/D,Check sum is A
test,8Cz,Check sum is U
test,	rg,Check sum is B
test,"Ja
",Check sum is U
test, |q,Check sum is -
test,.pg,Check sum is %
test,mK<,Check sum is T
test,Po`,Check sum is ?
test,(CL,Check sum is W
test,<`k,Check sum is '
test,='*,Check sum is .
test,R\N,Check sum is \
test,-5},Check sum is ?
test,UB=,Check sum is 4
test,O%9,Check sum is M
test,"Ch""",Check sum is -
test,n~r,Check sum is >
test,{Br,Check sum is O
test,)<K,Check sum is P
test,"
JR",Check sum is F
test,DW+,Check sum is &
test,Nfs,Check sum is G
test,)N',Check sum is >
test,B2P,Check sum is $
test,+@M,Check sum is X
test,|2],Check sum is +
test,=: ,Check sum is 7
test,H1n,Check sum is G
test,\f},Check sum is _
test,D<F,Check sum is &
test,"uV,",Check sum is W
test,D=9,Check sum is Z
test,tV-,Check sum is W
test,dL`,Check sum is 0
test,n	9,Check sum is P
test,Jq=,Check sum is X
test,"/,a",Check sum is \
test,%]o,Check sum is Q
test,>jt,Check sum is <
test,^Sc,Check sum is 4
test,\Lg,Check sum is /
test,i7<,Check sum is <
test,| {,Check sum is 7
test,"	R]JGPU2$'HMJ|YkUiL[__{Aj>zz/Ol:z0""=M!EE&<c=HU",Check sum is )
test,h<mTR.IC%j4a	du,Check sum is W
test,"&2`k\*BrC@8s'hW,@XM[-`bCG:?z1Gc",Check sum is D
test,">4*2Lr*I@{,5;|TH4J^ByX~;C*T2oho1jiV""GskRc",Check sum is E
test,aLZ,Check sum is '
test,"6}&5Rx*To

?`jK,=#.6o;,iOb]KW$Y
Y$%mDDr7",Check sum is 3
test,a=,Check sum is >
test,"A3""p",Check sum is &
test,"f8R|
GKw'5jf:r$y^z	o/L",Check sum is _
test,\xKpuCcRWb6vm2l4;/%wHt+Cg\*p,Check sum is M
test,M>^/dT&u=sO ,Check sum is *
test,]q4sJ._`5pBO[2{\Hi1je$sG N7@FN@&_M>vPr||J#`gDZ,Check sum is @
test,J#o]S<?e>DFBU>n,Check sum is W
test,'YoHF~xCa@Z2w+0?eh.N,Check sum is ]
test,"5u~l0`1D6vWB,yvc8%vkpmYG>j",Check sum is _
test,"w3:VS,P%@6q	",Check sum is >
test,"=SV
",Check sum is P
test,"&
 [|f >EC	&#V/J4BfyB",Check sum is K
test,"}[>7+L/)1\r
Lund&Sovh=XEkZ&<Dp`7MjbkMLG2Z$X	-(y%D(",Check sum is >
test,"8;""H%cjZ""jbvy<>dXlkRc""=M`n""[r&",Check sum is 7
test,"Mi}<?.F]!:g5;\eN
(pW@I80LO_+,#Y2",Check sum is I
test,Y@1=7]n4SS90T/+,Check sum is Z
test,",F*y	xHy>#B",Check sum is Z
test,"9\=>H&*:n6)H+LE@)@'(FWP.Ot	r/w2&tSP~
g`AZ;FYA",Check sum is >
test,j>@G+HqJe^o^'@P|y?dd&9KOZyXPZ&dg~bX:+OA{v\^@W,Check sum is .
test,"<i9`J"" }2uer3?;H7Ix>_=[a5chO]Sf",Check sum is M
test,"hS;ebfAw^.\L?gu
uZ]@>q!hE2d[o,q"".""WO""XPt.p",Check sum is .
test,"'^:%,X.&tHgQ=+=BNlE",Check sum is 6
test,"9J""zwi)f)*$p;Hd[,T@U%AK_y4t_",Check sum is <
test,"fco[Vr&8UVh?2oa""",Check sum is O
test,"3ZdO
=Gsd6'`4+>Ul5pvZ",Check sum is U
test,"nSBN>!C Ra;@vb!b#l6W/""k&+bC?<>dMk<Vq-|Mr",Check sum is J
test,Xklh,Check sum is 7
test,%'`zuLB,Check sum is I
test,:<&Nq{ v0;-Yrl'+l6Na,Check sum is >
test,"V!r<u0""0A0!.?mUMM~fqMffY]A(Z",Check sum is >
test,yzE-Tu.rlAjIqI`,Check sum is (
test,"""e%X~.a@;o:AkjO*tzsknR/",Check sum is _
test,Az&/,Check sum is 0
test,ZdaSnQjl&`)a<mne.itQAu:gG,Check sum is -
test,"R&x
Xt\>	!BJ]#2Wz)","Check sum is """
test,k<Jj1C	ToUgPPYef=a_XO&L(}=x(lop9e_mv'[h3Z3rf,Check sum is @
test,"JkC%\11#CxP+!bGl8~
('.M+dmlH*",Check sum is .
test,"^-(IX,k|GN:$g/+@lF",Check sum is -
test,"}nP+H2(L
M1*rpC!BxbJspxM
qZkO[6>qTV&o3",Check sum is ;
test,f3@QW^@e I*i+$w,Check sum is &
test,d'z##h#a]@P,Check sum is D
test,"w!Bzu\}[>D{#-*,30l""g%$&9_.Tc.1ND/_fkMO54id,m",Check sum is ?
test,Y^H=t	(9'Q%L[sS1O'D,Check sum is /
test,"YDUE$6[gG)ww Ysp66/0.Rpho<,U3_`",Check sum is .
test,"ycS@tJNO6wdcrF
A%C+'m",Check sum is H
test,:Pf,Check sum is P
test,"z}S=#0
8sgD8'q;`xp;6;]<D#_G5qJaRe6e(RQifq{Y",Check sum is A
test,?!WR;{_Gg2,Check sum is ^
test,"rLBwxwi]W!:?%95FVRn+1oG1>TC%JhCQ(7]^RS&AS]m
n99",Check sum is \
test,[6f29J^}`'tlBFSZJM4I3)GL@-,Check sum is 3
test,AmnZmGZXHR|vMU	k5(~eC6-@^lXlJUJe#W)@1|on[r%wI/,Check sum is .
test," L.)""c
cKt-l$jIW^xF.
(E<S1K_ok[;9U;%4&(zP""h)_",Check sum is B
test,gB1$o`m-dAxb59+>d`:n1pd;WtD6Dvo!}x%,Check sum is 2
test,8H^NvpH$@9GJF2{SC^]1UN<7ouO^ouI%{eO/`75e9/WxD,Check sum is  
test,\>(m2Z4j]r ,Check sum is (
test,",	-+.tia3~=	9<f	FmE/p(C,z+""	cFokuj*6$%y&&n",Check sum is 0
test,X	w!.g]zEm ofV(um`G]M5i[Y|B,Check sum is -
test,VAH%xo!6>A'm~[)Y2]yR\G;[hK>'`L;!PglEnEu^QQZX,Check sum is E
test,"5,"";-[N
0dAur<OX!%DVvFn
[}Sm><]N8RrbM:
 P",Check sum is M
test,"+E,7P}	""Aghd7Cj8Z=C6)_Ok!-~8""",Check sum is 3
test,"=N/2+NVp:	-|{qLa:>,H^+(iE,C.%1Jun<^GO(vdfXSldTE(",Check sum is O
test,"`
\viMr:1{{E .0hF5&
JFc,fhIv=IaD
0",Check sum is L
test,"]26q?J6AR=KkKD]-e]jQ,D	Kg),5%kjP*Rg2-?ibGf;5z1<'~",Check sum is %
test,[VsdzES8S0'[O`X76$i`,Check sum is X
test,muFhIUZUaN;aN	=\f2D>,Check sum is R
test,4`an1o^\dY?Nd4xgl%Z2aJ,Check sum is &
test,"nH U5r^A|s7Etk+VMhat!""8Gux#b({\*uB+AzIL",Check sum is 5
test,#>aO0GoK/XgHQ`xE XOC,Check sum is P
test,r!,Check sum is 3
test,zPhfzCX*7[BD-_5WRH`P>Fj?^wU&M+M9,"Check sum is ,"
test,lkP6,Check sum is =
test,"tw::}	V$N<GJLMnVROo&w[x6G(:""b^'xRB=f.;1#3k ""b",Check sum is M
test,fZ,Check sum is  
test,.DPH1Y!owY?Tj	X?8,Check sum is )
test,"7~QRu)V\?,x3+n6i:",Check sum is P
test,FvaU1#SJccF{P5&yd:zDbZ7m!sL6hDyz]Xd,Check sum is 8
test,"1?%A+{R}Q)j|5'GTGVD?c)\usI YuC4Z)@@_9
5;n",Check sum is #
test,"J)?b5/m""r*5h""=K}:Yt/ZPk)(NP~H^O?",Check sum is 3
test,"*""
doD;q-J/'3/g>N=d7#o_vy8VAo@G<,r&_$iKQ~""hq!X",Check sum is R
test,OiHhD,Check sum is L
test,"dJK>HV&0.k^LR?

0]FtE]*BWs<fh<=WCqz@MfCBy;lY",Check sum is K
test,s=J[,Check sum is 5
test,	jlD`,Check sum is #
test,Y*d5A*XNQ;e 8XN?#`}>4%OClbQ<:+AaPj:d|bNQap<_jJ:,Check sum is 5
test,	uOTBj2`j,Check sum is )
test,\#Quk&cJtgRX!gDY8w7%.^E&<NR7>.px5U65D<$Tt;[,Check sum is -
test,}^>GUUY,Check sum is C
test,"2@$o0G(h#EQYy73g?8[O""g r6S@53uL};[zW(",Check sum is B
test,":A<u\
^",Check sum is P
test,"YXoN
~YYG*Hhmt[/dVP<",Check sum is Z
test,"\N*jm~^w5 [[3>Qt{""(BR\#Bm#lHD(`	dz#CK",Check sum is !
test,+	r/,Check sum is 5
test,t_,Check sum is 3
test,"%SM2*y<J#31""8a&qoc7>
BeW[h5sx@4;9Y,jM}38/w`2J",Check sum is Y
test,S]?,Check sum is O
test,"QJ=!,x<{@~l;\W	<>Vj0|':s8Mqek",Check sum is U
test,"{SZ~qa)R$H]GUDrzHi.W8pF63""""\",Check sum is U
test,Y?-c9|o;<iv9dn{Dwt~Qf<QBDb{\#CU!eTdp%e+Y*5g4P$wJE,Check sum is #
test,rk_umIj; i5q0zmgTth9gFO$nV7,Check sum is ]
test,J(\}?Kc|W,Check sum is +
test,V0zu3\q-q4/&gzY=A>a-_=4F,Check sum is V
test,WL rpLMmx5p;nDD:|H^v;xYy['\uzNsdcm3Cr,Check sum is Z
test,9^,Check sum is 7
test,"Hj?8%K58""YcJdoRcDpS!1:Ry#cxpwEu<0#@1/i~",Check sum is )
test,"TGa, K}[iD/baIZ04O#/mw^|a~_%f5RLh~
$'",Check sum is '
test,"{V5n=[!.L3g!iSM,Rby~O](M&G",Check sum is 0
test,"N""vOhuVk)IWaBT$
B;6C{Xr""iWIHE[)VCQk={t9yK!",Check sum is 7
test,;$JNu-%LJd-wER13</`N@>y_7z0bM &-G[Ld[r~:k.Q,Check sum is *
test,{z?)%9r,Check sum is M
test,"t(!C`YwvxEcP<IZPZ1SJ	\Efvo,p&ea=VspOjAkC",Check sum is (
test,"QL""R3K8))97K{4@r6]Q*<*H+wag",Check sum is ;
test,",l1exc(&e!!{adHvs6+QzAUNiuZ""""R.G|a4tFgM@/GO3y_fc",Check sum is :
test,4#96(u!HXe%`auaJPiA%Mr#[[4Jjv.Ol1[|t'->81^ mNGW,Check sum is ;
test,.m1I7)|o1,Check sum is 1
test,"79`Y71E""vFA",Check sum is U
test,6gbT<2U#btze<,Check sum is J
test,=/,Check sum is L
test,C?6Kg|![)' WKvS,Check sum is ]
test,]rJ,Check sum is 9
test,cb)<8f%H95dmJrW5M|Wfwj{%{:=c!E|Y=m2g^-n}c)ebrD0,Check sum is %
test,V7j;ACZBiv,Check sum is Q
test,yk{oC2(HPwh'j_,Check sum is 2
test,"mrRUhei06L5$e5ClR
t(qe}J[}+zP
MaPt!n,$F'>@}*9J",Check sum is B
test,"*P3ltSqMd=t$
+C`3	'FE@",Check sum is =
test,"kQOZ2l;j/<l_ejbkE^BULEA@9^&$C$4Z,",Check sum is (
test,iG&##S@J,Check sum is Y
test,4>!+qycogbS%V\84,Check sum is 9
test,9 %cHZ\beqXI%Z'H5,Check sum is ;
test,"N
/e'SB;izG~v(de7ZtLXU,32GX""#^}Fx@1VE",Check sum is *
test,T(k'~|G},"Check sum is ,"
test,"H87+;n>!AS$LZg7Vp
NXc\'#qh-CZy""E=/<R",Check sum is B
test, XsZ0~+PT,"Check sum is """
test,!>xz]SzqR6\{5VRj,Check sum is 2
test,"}WKP;iG() ,z8bEfH",Check sum is ^
test,==yNAOHa!n^b3=YC,Check sum is 5
test,y/,Check sum is H
test,"'M}[p,iErHyO&P
NE\=D<k{J+CJCkRT<=+)WUCyAWsD&U4D}N]",Check sum is ?
test,"=)_[kok	cv)/]68
`6.LlJ8]<aw>t/CdO 8jZ7`F#[",Check sum is Q
test,"~
wP*bcK@Kg?) +g<K`Sy6(,e@c

",Check sum is N
test,"o$A AS%{It/9xc]xcf<KlEL
+^LE:m?g""}-`O	&",Check sum is E
test,Zo<clQB5F*!oTKl^Xv,Check sum is 3
test,"-WGjQl>J/_Q~<Q""06 MYe""~Va@o",Check sum is =
test,dpX& `jrJ:)UM5MG)Ht85FBF`I	Ib7N/cE$,Check sum is #
test,nu	eWT2'{(<0~2%e8(M_?,Check sum is I
test,ZIZhW9u[57ub&=V #M_6;fOr;`,Check sum is C
test,"$;)jWhJuN|,8:SvwcZ""	 s\Xnf2m}j!7/5^
fY5Ki,uD,",Check sum is ^
test,"_sAj[,I&t=nHkZ9ge2U`)LAB}@zf",Check sum is @
test,"_D8w$FkPj8\h""Y#7#L@3""kWK.TGS:nc7^LGj?ufu_HVM",Check sum is 5
test,UWwEQR1>jM8 IAVV?o6ong4Oj;3+4(XOKd?$Cw)sY${,Check sum is 0
test,"Aj6(
(G4u$u]]8Q~h=M NQ1{D|OrDG+%-og3I0&Xl[",Check sum is R
test,"K
.XJ[!{N=HoEG\",Check sum is &
test,"&I8]zSi\I.0d`tGT?/#43t5SJ1t$&eni%
NJuI=ln19Gp][^","Check sum is ,"
test,"zM'q p3xT^/e
ZZ0gwa(",Check sum is U
test,y4O7HU3vQ_spq&MKIRza],Check sum is .
test,"aRz
9W24"")%3N'IIUR|{;w}	]Ls+5*w{K(WA/{4fE3hR@,hFu{",Check sum is 0
test,+P!H{ySO-F-IZEiz.pZo4UhBq52x+x*1,Check sum is -
test,jA ${qpGgK_oo=1,Check sum is O
test,"h$X$_<c)@3<ar.o@""s*1N>w#&-aL{Rgo",Check sum is '
test,"fRLbzI~8]Opd>Kp6.i6-3DU5hZ6N#
",Check sum is \
test,/2#!ygeKo| %<,Check sum is A
test,"]6}Y5:Q'A-4c%5Hgfp*_?	GV$pLRvZD`	,5A#J,d7eq`v&2Tk",Check sum is J
test,"/<VSP\?""*JG!9ITC
6Y$O8J>6",Check sum is 8
test,t$	E3uFS9,Check sum is @
test,"o]0t:m
_k r<fL$UQdRyCzE!,tyf.!LW)>fh3|Mm!dR[h",Check sum is P
test,"5t'
E)F\,j0S2zd"":f|b/",Check sum is B
test,K6}my4rj6WrkK!&Wt	]YuF{okWj5\O5dE4,Check sum is ]
test,[3yC[E[]2u}(gEs`C7p	QT.(D4.-fC,Check sum is 7
test,"tQjRQ?u8R.9[O!3F#i.:WwrP;T@@""#b8%].(n0[mgna3#rV[T",Check sum is N
test,Hc9]5~+,Check sum is ?
test,"3QR@+""!Dt^X[",Check sum is -
test,@9Jq;y~%<n ?wb6ppABTk	<n;9w#rS;2qsa6XLOXV,Check sum is 4
test,"}g\3VRJ[Wi_>6aF[2sjZKLxRY@~5Y(T:<x

LkA%&Mll|",Check sum is F
test,">quqj	{M9Cv_`WQ\fvmN.]#Ok_Er H$qjl
p8S""",Check sum is 4
test,"{kT3hT( ^eij*:JW6qE`8{K?@v'
KCqK4YK#5Fs@=+YB",Check sum is R
test,<}K],Check sum is A
test,9V,Check sum is /
test,"T	?([7+aRm/GGFSqJ*
# FRdsd%bB9PS`%+\{_M+DL9BQ9T",Check sum is H
test,^%LO	zBNP+elP`!;,Check sum is )
test,V^2$2<x>)3,Check sum is *
test,"&!q^qQ-HQ(+aggEk;2t,vVW.",Check sum is N
test,"?.S]H$$?|*g3lH9""<Q0FB",Check sum is  
test,"\h\fAe!].!!	K_=Z
OZ]]p86F""U",Check sum is L
test,"%%x0p?1%3nLl]O|""Jj}>Smg+",Check sum is ;
test,f@3p3U.oh&WWo2I}de,Check sum is :
test,"I""O]+@QZ7COYopyonbE<t{v	w^fONwCAB;.Iri<T&3$,",Check sum is P
test,e8Bv[V^WAEe,Check sum is F
test,"&<0C0pTSQtk0ya6`""-q>o\a`",Check sum is V
test,JA6]zg,Check sum is _
test,".k2Tg-;F}t
xEfSu8 5\T?S]	4z6_X#_Soo$!Kzi3t",Check sum is W
test,YRye4a5CfUiQsRgNOD,Check sum is 8
test,hK]b5G+}+uy?l%V@,Check sum is 5
test,Yl,Check sum is %
test,"eZkkP`)EA-nA+i.fH	v<bZHsEO.F#
hd],damE:{N}H,EpkSp",Check sum is *
test,L0t/I7#ZR%.,Check sum is !
test,A Up7)<((g*,Check sum is C
test,"/,P*A['|Zb",Check sum is 0
test,KlQ<0p6>MO/K#h(/F/7N,Check sum is *
test,`rZ:3Er(VCgNBo{WgnT~0,Check sum is @
test,"{pA2u_^sOSi*.r2(b
t%~C4~mo9BC8]Qo,lArO1,xk`E,w,B4",Check sum is =
test,"qMldm[y ,pTe0rlQNGl^*2;4Ntpm~yi)-%flt
w5=/'g<I","Check sum is """
test,Un8k	-@8|}~)Xul$`Vu]F-M,Check sum is 9
test,>\-z!PYCX>/}2NK	M,Check sum is Q
test,"(Nr'Ui'?};570WhaEdn""hFVl?`
b3w]bgtqO",Check sum is ?
test,I4PYHx;r4FN2%iwmBK5%&;tqA8cgZiS3JRVoEaj;,Check sum is D
test,"o
\JO`i%x>V)WM""<Gquyri'QzW<uBm{G[F(8L )W@",Check sum is L
test,"PH'
:bjS5 5t_""ZiY:G557s/
Obk :+!$buJ'0XHu._",Check sum is +
test,nHe{/AKl*$mknD?ys[OTOX/Ik,Check sum is (
test,TpX0,"Check sum is ,"
test,!HxQp0)8}+jIsZ_pj@epRm)%J7s%zw<mF	,Check sum is X
test,"x6{fj!~C,fM6SUT\>;r]<TIb;{7=222Zp*;RKE+",Check sum is '
test,PTvYvCuLPp,Check sum is M
test,urH&$ j~^vi~t,Check sum is P
test,UIT@j+bxnRe|7jX5*dGX/q|z~Wi1'\\;hO4wmn}vq,Check sum is =
test,"w.GP3Ee^0	%i
lRRn>,Mc0{7^+""?ZvfCa0b",Check sum is 8
test,")K+QL{
=2qW=%|)QTRS",Check sum is )
test,~C5|k<|GA$	qLOf0nKD0w9;m,Check sum is Q
test,"?^X`mrXL}\NWeNY]4
Xg",Check sum is \
test,w_}W!?8V*J]Ysu1Q#!c*:=w]HDQfWag	OT.n5O,Check sum is V
test,j=f1.Jo,Check sum is E
test,JvC-PLPLs</},Check sum is #
test,"qYA?7v""->-A6k[wgNp9<X|(`\ZTM/~*;J^l.qCFP`zA@\(ln)",Check sum is R
test,:ozan!6{Mn5G$J4dsj(E33.rn/-(yff]d#3,Check sum is ?
test,"9tU*]!t`~*0
(%d""/0m*",Check sum is I
test,i+\G/E.,Check sum is 9
test,zvS[	):HZ~kFK!bSL_arg[A<-Z%Qa84,Check sum is #
test,17Vx:D,Check sum is T
test,"pRjr \K4GsapI^Fy4*%Q1AU&Zvq?FFA&zbT?O<^KJ=%, 7q$",Check sum is E
test,$/|~yL:F+[T,Check sum is L
test,Vf,Check sum is \
test,"\<	!pzq4 3H>H5*d7'N~67n:_W,:dS#Bdsd^.sc?'~Fr
",Check sum is O
test,"Ep"",~M'MEL@_k&:47YG*^cgU7:p/~@>	lPq[q9;8Z{H",Check sum is &
test,m6SZ',Check sum is W
test,fBc%ObR>-vAScdXnP,Check sum is %
test,LRwf\+xE<Qo{y=,Check sum is L
test,4y_da%m&[V	@rbf$q_\U!hAI_cIT=JbZs^_8$wWrT:~.,Check sum is =
test,"'7)XL[IaMm^Q04s,)%)$I7	=\!}s,n",Check sum is $
test,")fuh$,!9x(",Check sum is V
test,r!Z8s~`lc,Check sum is %
test,"y~Ds>!~KX<mW1{E]#i""tL!W0Fo;*L1>?]Eq2
F(>Q8_)jx",Check sum is 4
test,>OCYiUh9q~eDYCciA9n),Check sum is 9
test,"}Qxz""+,JX80;!PM^$,wV[p Aelz~6qaTh PS}",Check sum is P
test,ZxQ)1G>90`V2MCHXL[a#oE+{H2>,Check sum is  
test,"c
lK1 4+CBEx_P|!dg	:",Check sum is P
test,"G|6bz<i0D0w|,(u",Check sum is :
test,<)wmq0Zb,Check sum is F
test,#/6EK(W1P )D-R:K'p	H*5{_w;jSR9@St,Check sum is +
test,*V,Check sum is  
test,"yrlX,~r3S4v;q*4X3.b_ulF8",Check sum is >
test,"FIM{+u;M`f?k?>IJ|>XjY e""o",Check sum is J
test,RO:TZ\Q5[}z:qZ?,Check sum is !
test,"j3]g.,/,H!e;/2im?	h.$~e[:nUO5
4S%;.PL/=",Check sum is ^
test,\+<aKY? E_bU/,Check sum is Q
test,p3^`@._qj{A9CE46Q?Tip~h!j!##5g^UIB1x?SpKNXjuTd,Check sum is 2
test,"CL6Ti""
B~\H	A3~RiZa",Check sum is #
test,)*7,Check sum is *
test,hH3sjK(]V4;t9dd~_j9S8,Check sum is 5
test,}e,Check sum is B
test,"Xp^CbRb|?rh{
LiJix)O5d]""n7.]uz=&xsgMw0@aS.",Check sum is S
test,.RYFG}f,Check sum is )
test,"|;]f,9G[CNl1JD)RMMK-?GKIEcrp-hK)aL0",Check sum is 4
test,"I3'		T%sJ[,!Gyt!m
qpYZ|",Check sum is O
test,r0ZOued`XQu	X0:rOC/ja4CK|@\Dfs'&amW*Yy6>=vuP,Check sum is A
test,QWQ7jDHDn>IK%U]/,Check sum is P
test,IzD{ut.?,Check sum is 8
test,':p[<;)tCockS{6zr.w6MR,Check sum is J
test,"_r2HNA2
D!eB8RPrL~_Br
r",Check sum is '
test,"xr  r(tp|h(%Frue1'^tg|@\D|>""",Check sum is T
test,.~Q,Check sum is ]
test,$_Q	Z#r_Df4'\ND6dT'HP6Lu/T_5<n2	Y1rAA)M,Check sum is R
test,*XzG+=B~KA1sgLY3=,Check sum is 7
test,B[X,Check sum is U
test,# 9,Check sum is \
test,"NgBw9V*C7oG2'E<	LT}3:E`4=BoGuq8a
H=",Check sum is @
test,9QQz9,Check sum is .
test,8re~Q9PH(W<e6V<XI1	:g&%\ uJK)zXS_<qX`PJd{\%tbA,Check sum is '
test,ID|I)%iW,Check sum is @
test,WDM;Qs@H<-y}?/ UblTO'h,Check sum is Q
test,"rxB2O,wOA1|2Tp,D]XpFRiNdq}j\w_c^aA7'4%t",Check sum is C
test,"MtVu[K`^<mhRK1p6xCF8Z9	GC#7Ov>m<&y,.mn1",Check sum is ?
test,"|os~#UI""px-{
X 62yi}oMZ_n]fVToMW)bTB%R^FO<Zn;@",Check sum is %
test,kMY7^OM^>Yx,Check sum is O
test,<$0:i`l,Check sum is _
test,"v{Km,\H$\2ch(!;+?65|<4d2]@dG>{>hP/$D5aC1""O5h85OEe@",Check sum is =
test,$&B70tVmbq^`E@,Check sum is  
test,"92
l8DLo'E",Check sum is $
test,v2TL$}\^,Check sum is C
test,do;RP|2e]fF3?-bTc,Check sum is $
test,TV>\'aqsrld1Hr$-^Ycm<,Check sum is Q
test,"`9
_	Y(yhl47`E &-~&F<:EP`7zT",Check sum is V
test,HD)AX*iVQJ/V[E4>VKlahjC#3y~Rvm<jp{#]Y-%)*bM9[pcy5,Check sum is !
test,"
}w.x""/kUEqtXgsEv{_",Check sum is F
test,",U)wx_REe@6$ `5/(h#0suG6NnX6`%c
ETH(WxwPdk}",Check sum is A
test,"4_/AQO'S*&sgoLeqF>M[""O$#N?7n_R`YzL_T>tqQ+jX#{!",Check sum is Q
test,"@g`U""i",Check sum is G
test,|3R{iyZy!O@,Check sum is A
test,fjMQ<xe%r|pN}DPG6^Z,Check sum is >
test,;/KTn\M]dDP(&>,Check sum is !
test,+$`)2Uo;6@ccJ\pYkNt6,Check sum is 7
test,%G[Y'OzRRM3ZRC>I'#CfH>1Gj[k#@,Check sum is N
test,"d,q{fJsud!{v#V\KF89X,sV(./L;k=8'f$ag:	'PP6QT}Y",Check sum is .
test,;5e,Check sum is 5
test,L=Sz,Check sum is 6
test,FS,Check sum is 9
test,zn%/T|,"Check sum is ,"
test,"Zu0#L|Gr'3a-
kh'g@\IsLXJY",Check sum is 5
test,JDsx|[A8;w7r![5v_}Wr9{v],Check sum is W
test, >/>,Check sum is +
test,xjLyKLnx=!yIi$ #yFWg^` z][gM'iE=DqvZ,Check sum is L
test,nzpHm|@dY=+uh,Check sum is +
test,dn8qqoBajym ,Check sum is N
test,"b^pBF2fy,^/W2gF9",Check sum is Q
test,"BA>/
9H9(cK'#i5t\bum",Check sum is &
test,3KqI^pr8t M?nAd7U|UwfaS[r9B|q[Y`>b9&#_g$qQ,Check sum is H
test,kIAC,Check sum is X
test,M\fly|39W])-so}[a,Check sum is !
test,"t""3N97Wu^KSO",Check sum is >
test,"3J=DHRvVrsGxsjE9e}""tC_LRS\CAe",Check sum is S
test,"3'UA
8'U>XPw ZEggBVG]a]-wJup4*Oi((%PEO a[h|ER\",Check sum is '
test,"=
!Wt0M]B]",Check sum is L
test,;:n*0.BX7sI,Check sum is X
test,"n`/X
r'V[#BGTmy",Check sum is /
test,"m&3#m
Wh^!,7P<l6HXO5/","Check sum is """
test,fk,Check sum is 1
test,w+S,Check sum is U
test,"_94
d	zgwz-j",Check sum is L
test,h%6wv5<N9:=fOp>Q.,Check sum is !
test,")>wT7KY<	j23:wq=jNw<Xi""8SZK,QGT<K}b?wE:_[",Check sum is K
test,TL,Check sum is @
test,$[!uk1arrnbQ;+Be[ew@'FRl*rY6H-QGv{I,Check sum is X
test,"#<`rn|?1&ookG,pAr",Check sum is 0
test,"a64]G0K"".DbV/(ii$E3C$^",Check sum is  
test,^-b+l]~9	gNA&,Check sum is ]
test,G$6Fpfb|YS^]x:\r_z.wTu.ZXHUTR$),Check sum is Y
test,"}b:""vba A^]",Check sum is 0
test,	&}dpP7Gqx> PU2 hAW,"Check sum is ,"
test,zuv:]+CL(:-V'3-<Q*M{`6*p%$IX|MkC4Hn;mN\SAiM[/Wo	,Check sum is 1
test,eP,Check sum is U
test,4p%GK(I&vc^(sr#ol:?8?=J|G| p	Tp0nZU$=n<M',Check sum is 3
test,";}{,EhH!JhF oCEC,6F",Check sum is O
test,")W_K@.FhXhyPf^R0\#14/gGS@:.r81AD
*!oA]q$#@HR:",Check sum is ?
test,"533Vy
!~H89&f-?mH!`n1
&TQO?q',5O",Check sum is $
test,"fRi47m
*enb%yNxH2{arQl~",Check sum is )
test,"b^>Qd/o)#M)voMv9l:8""o#U>n5^
(G3+cT7WB",Check sum is X
test,q]/eID>W#f7agwxY<_H^W!=qb){$dpll:DKs?b,Check sum is N
test,"w]J;~ouNv7js""pU	1KH@-M2U1CN_Y","Check sum is """
test,XQ	Qx,Check sum is [
test,"wX.~45F
Y|n9=1k4M.4p H^T2E4+|;f;j?Rq.Uf{6\5'",Check sum is B
test,DwQ,"Check sum is ,"
test,"tDa9M@C`9'F^Sla<;HJEM2#lTeQDJQ+4,,_$}F^Ny",Check sum is -
test,"""Kw~4CNcOXxs",Check sum is <
test,xIg{m-Mrsj(5!,Check sum is 7
test,"8v\^i-JB9@.A1O	6nyf;w3,|<mj1<*M!}Y Cz*zI`mj",Check sum is Z
test,}k,Check sum is H
test,+C77;N y!7fo<,Check sum is G
test,Rx*	?)|-zU`,Check sum is ]
test,9`e0RS%lw\).:f5KsUA)HR=EC>ZCWFb}'^,Check sum is ;
test,r>iPni7jQ,Check sum is R
test,ikP %yC=xI\dyJV@#PJtP:RpeglRs}[]{>yDy'R*,Check sum is ]
test,"=""|`TUJ'Y)uz9V7$zW",Check sum is !
test,"	V@%<c""vC",Check sum is ^
test,"QP(:a/
c",Check sum is  
test,"PPsj3rRIG%t<5Evm`$	oy'@/]\%?""
RPnR/@Lz&Mbg 	@^<80",Check sum is (
test,>8&&);vu=18.[ofYbz<L+~5mm+m:adi{,Check sum is %
test,m'cu4,Check sum is @
test,>a2L@-o.h,Check sum is /
test,"C@S>	cd;Og@KA!qa rlrV(K3
RHiaGeIGD54,",Check sum is #
test,	.1 h`efEr/5%:/FO/Hb6At-@7Xt pzn NJd,Check sum is A
test,"[9^*O:>Kj&Ri
WTRrt^U""NjYT4C=eC9GcL""1h~Hm^Ek",Check sum is G
test,"V!8f@8	S[TN8/^LvsST~~qqz&8J,\MZ~	)>",Check sum is D
test,V(cIsHgX5;g$nyB<[>xgGlJ@U46e*	+,Check sum is [
test,Ur` <,Check sum is #
test,"9rl>D>7!G~6oCghyXFy2Vk8#K,_}Kq	},!t",Check sum is ?
test,LQ@#KcU#`Q8l#zIPr@d#S,Check sum is ]
test,=	H`j,Check sum is 8
test,",	ht{mmJ|@-|ArU|	,F	OC !42,`#(/WR~=G2,p0(~#qYz	s]R",Check sum is ]
test,%LtlXE,Check sum is N
test,&Xl$HbL?XQTjm.iEi{UQU|wUmCPBv(=6#NjzAOSi;>mrz`,Check sum is  
test," aCHW,Dx	46jJjTguKQ",Check sum is H
test,/prv`s$_c_+Sx9wkZ;og$VKu6h6	A3,Check sum is F
test,"b+hExRc%+oGm%:u,T!([3l^zn|U#oB",Check sum is <
test,"l4pd:@""P#NC|d]*Yxn9@VrQK)qpe!",Check sum is G
test,"zp~qDg/
~vuaTz^`h<pH!sm",Check sum is P
test,mr=im	hw1$$l,Check sum is _
test,"7dh}A*lM].92UzkbR}f-3m?1s]R:,]R!,D]IO",Check sum is E
test,Bo&nh7i+Xgk!V\,Check sum is U
test,bAP'!]ZvYOcXj,Check sum is U
test,",fNj(ZcaJP
O#kq)2`im[-DRA:
.S",Check sum is W
test,UHeNu+Zl>/bkP4uhkDui|f?+r7,Check sum is 3
test,"usRY{WE.+x6 wi]!(|G5[:HE<j@;GV
+Lhxr/	;Xyv$",Check sum is @
test,ncwHSVX?NA>AQtNbj't|.YeC%PpF	[T:(i>k8,Check sum is 2
test,|TJ:$eBDQ~JF)B,Check sum is M
test,0|cK4,Check sum is .
test,"!KL%#cl2j8.>.8xe`ncsB""V-HN5@V}P.U+l",Check sum is E
test,%8,Check sum is =
test,"of'v
(::#D&`ev19Uv{AGgayv7~;[aTXON~","Check sum is """
test,"$
Xy!0N7/28.%?t$mq$(|EpW:7R",Check sum is -
test,"al;i5di25k*n(s,/
M lf<af@El`'",Check sum is 7
test,"+CJO4,2JW!kT>+9%%q%/2;EU=(?_xWQ=bJ"">4k/%2T+B3ORg~",Check sum is =
test,"C|1&}v+I`S@uFX5i ,%""J
_6!!@p=vkBowo9gi}5""473",Check sum is _
test,":DH2nzuS_zTD20m2^U
qvPj]YeP|",Check sum is ?
test,"<~w6obCm0ozp9CKa;b:Z:dy?_/SA""3jv N$1#v,Pxb.2#r",Check sum is >
test,"BT$}%Sj(FsK
PSUKX#*9&",Check sum is 6
test,"af3UDk+pHq *O~)+FM'`-9S""'GA}>0kK}
",Check sum is )
test,kY%;|A_<$R:\*=q,Check sum is @
test,"e5z0W|+6~ePyIsV)7d.EwhA0+r""w&c^%VJ 7,pROKo",Check sum is M
test,"~
Az{~G#h~Xrc&G",Check sum is F
test,cW/Xv$HU),Check sum is A
test,3Q]g,Check sum is (
test,Q[UwDJC+Zq#FIU:vG5ulc+.2m7VQ^IM(PO/nfrVL*,Check sum is (
test,QQ%ksY?j@fck#q1iW9)q51[i.|c/.R?/a;u*2Qn-.BOO44fT.o,Check sum is M
test,rMU]AyBOy,Check sum is U
test,w$rN;clFIs?\Ms,"Check sum is """
test,"w((+5Z#/bC
MKD)<&RyG=xlP/+7#MRM%0k%Y~QI
ppgo.@<rN","Check sum is ,"
test,rY	}.fS='w)1uadK|`ANto1KC(<,Check sum is C
test,"PO,",Check sum is +
test,AKBRNinq`oq<;SLaW_5Cy#N>u__[aTuqwa(B?p3J,Check sum is :
test,"H,,e}qvx:
it` .O9GH>D?s",Check sum is [
test,zfLVrm!5__,Check sum is U
test,c(BLe4^:r	mLEb{a*$tYP/fE`45#z,Check sum is L
test,"5e<]iB""wKEXS$0?>\[?N\_5*[|t</""=",Check sum is V
test,depEGK>s9My69{t{`kV0h	!v/W+CmJE2:V\3W!|g<[E0~	Xc,Check sum is <
test,_-8FI!_'['A<&h,Check sum is '
test,"bsqc}4`]9 (z~>\axKaM&""bL^hOz+A""4TZU=bU",Check sum is Z
test,";~r?<\]Aa}
pXo6`sXGib]H",Check sum is 7
test,"ciNI4Yj{R	d4Y""Uy3hX]4zFqrLSYDGVG=c$.	&0A4eNLzf",Check sum is ]
test,"Ng)	}W3i44MVYQd*sobA1n;2]rP,[8WYv.P[;",Check sum is #
test,NU$58#rp2ql8GPWL>o,Check sum is G
test,]Te|gba\dQiYCDPft4vg!g=WPw90F'{ZL4Cu,Check sum is 7
test,"\#a	Y<J9L(t8kf|Fkl""AF#K%m",Check sum is T
test,`I,Check sum is I
test,"m*@E\]CLZ t/
`6xysJH3",Check sum is *
test,2m0p[N-R%R,Check sum is >
test,"uQtR~?6R9VjLQ&TiJF*WVU%t}JNnv,sq-",Check sum is 5
test,VAVAiJd_}!(gQA_KLI0okE=X].xHI{,Check sum is 5
test,"5[P<(Op73&	1DvK*<v0""['K]Jdm_zb qyTp($a(E`yi0H`Gw",Check sum is  
test,"&AMAjV>7bX
J%u{1""""MLEnZA4s_+~""6V1pX",Check sum is _
test,"2..>""YBTj
a%)l0*OV",Check sum is K
test,"dXDcNwiIpO"",oFPn-Ftw7*1V+igs&79:`:Z",Check sum is 2
test,QsK|hP5Iyg!$:7<Gt*z.WHv)p$,Check sum is R
test,$z[V.,Check sum is ]
test,"sL+#,>8""nHtb,8$!|Oj$QB58pEzv]_t	,grOb~",Check sum is Q
test,"$aNs@ADW{.S=c~	wp""&.{u_!elHP~2""gj./a	O!<?",Check sum is 0
test,"~Z]eAZ^GRcT|1ID
q?e))C'YG3X",Check sum is C
test,"p(,@:{[T,#3rS;w+{L8Ht&=]jP1C",Check sum is U
test,Iq93nd/$gi[&Rej	.GcFJIZ\.}JtLbET8 ,Check sum is U
test,_%p0[qS^9%.W4	gEn,Check sum is ;
test,"/1-_AznMLF37'ehm`]#}BBNT}A{[ a59<*K[ux
j9-+*gfo2'","Check sum is """
test,hf|@I%okerr%<0kdcAq@'t,Check sum is K
test,_>1 W\<,Check sum is =
test,"auKv/7i4{c
kw'lr`lVxm QCxA>[\}W""CZBj{a@[.{l",Check sum is =
test,"5VN "":l",Check sum is !
test,"
}1H+YJGDy+$eK!s	G(P-AZ(",Check sum is =
test,"0`?Rh&)u: 8_K5
a{H'3q\3n_G",Check sum is :
test,'sORI4kT-?U2l(i|zB_>`~N1s{Wd$VE,Check sum is !
test,"_1go,Y();+!/^]k|Sc+a`J. purJhtN0sD""]
({FN&%A5",Check sum is !
test,"M^-0+{#qRsd,3TEPf(2/J#A]W=#0(upb'/XJ""M-
l{:{<h",Check sum is A
test,rap\AY oLOLq\9>W/yh4.qTJgX6'OO%}iTsc%)zb25X,Check sum is C
test,%Qx8s;?H8(!,Check sum is <
test,NGe,Check sum is Z
test,^Pfvqwx67,Check sum is 7
test,3$W~[2j9Q!,Check sum is .
test,t%2,Check sum is +
test,"`	h+Nml0< C2voVx\q|*Rhl^rO9B$t,8fe",Check sum is 1
test,ZNCx/> sx*,Check sum is %
test,"p&o&nxW`xD>{Xp'[/X}X,5@Pt>U$vO>r}v8e2XMK)-Su	p",Check sum is ]
test,":ak@WQ	'l|e	54dc9m$qv7\NOzN*\T/<])/y@_)[,tK-Y&",Check sum is Z
test,bFy ,Check sum is !
test,]N,Check sum is K
test,"k7 ""y(",Check sum is %
test,"bSW1YM.LSP%c*^g).5JYvBI4NUv""H)fB(7R",Check sum is @
test,YeP7h9jh+m:9,Check sum is #
test,kK'>EzzhA7ZBwC{n!,Check sum is 4
test,"9luZn&(x 9qzCVm#f/`1G""@qwWOsgysT/T3J`:b}7]h-<d",Check sum is .
test,"dK)qX,*/UV:8RHI)P [d,5X<rp`(YX$+G;p[f`O~Y,M3B	w",Check sum is $
test,"&D5/Jq	?*#Dpp_fPSi6!ijGCrtcNjN<>#\,i@et",Check sum is ]
test,";I?W17T)zR_	}&}
}`PN.
tR|%YW)gQ5UR(+(*:
K5Eg3.`Mo",Check sum is V
test,"qcJ>n0@N[)Q./CvgoM4H^d^%(+K;43K	.=d1?
",Check sum is T
test,x4,Check sum is L
test,].tY)v,Check sum is W
test,"Mxa7;j=R>.K+3qDS$#{t\Q@`I37Ei-|8,Z6<Y!Qa",Check sum is 7
test,"?""",Check sum is A
test,KIkXX@<#/j-S)A,Check sum is 1
test,"FI`|2g!NMdNI\""Zs7	>)O.i^`|n'sQCoJ}@G",Check sum is F
test,"_a]0-
ByP~_7S(vww}c",Check sum is B
test,"69t!s:vaGTV&$Lcy$,""Vd!x*JB
o	KWYI",Check sum is L
test,"?rz:t23n<qIj,nn)7aW}!)VS)LF9A7BpgqS7lKO",Check sum is B
test,DZ:@QCG,Check sum is S
test, 5P5wKQ1F(AMRYq%ofY(Hg[WX7L^6?X.hgJDGAa	,Check sum is 5
test,bqfR9a)<>&xvgo^_WAecwm7+~N#v>%MUmXcL,Check sum is S
test,{o<*Gay_eVui$-oo=](Mc$>L\fI32,Check sum is H
test,"(v1^oO5v-5[0(Y,L",Check sum is \
test,"o>F?,J}14\`SHsCG 7$wMlYoA+zp
=.""M@-
r\z1V/QzQ
j>",Check sum is .
test,"FkXIo@bel*0pY?]{^
<lj",Check sum is H
test,"u
Ug:VwJU""lTRz",Check sum is /
test,"Mx<:_	Ci?T;dI2!;=#4B,Eny+CLBqs=g$Sd30
<n9m-aQE8^",Check sum is <
test,"q=[.""[,<+b|p >Yd3`U2K-1#fne)maIQ|?7",Check sum is 2
test,"{,R{-ToEuMiV0^1}$3%+cv Nltr;",Check sum is A
test,">fWyd1=2uX{Z,p~$^!YLN",Check sum is *
test,")NVa*i|x+hGq8-	-!43_@5oTm03rpB#0vq;i\3qA5X""s<l",Check sum is 7
test,"`l
niuu""rC9
",Check sum is Q
test,"Ag
{jpi
EL",Check sum is +
test,(e~<Q!_}5QJ%b5!/]j4?b|Q1A4\M9bY$G=Mb-l,Check sum is -
test,>EPR$zr#.>D|c|(`5^?0)L=?=F#'S3u\|>y*_HN%,Check sum is Y
test,"8""`ED)VxG1h@j",Check sum is $
test,"@Jp""6g$3L]f?[-%\
v%?Z",Check sum is E
test,"@(`xTtV,FedR+%CIVH(i&a0$~LfX%^zZP",Check sum is  
test,"Brb3;b*en\o~n#8=%34,
`B,syF%8 u^Hh|9^
ydK}fSh_PG3L","Check sum is ,"
test,db.\H^rZ<%NbqDq|-6v02{t*,Check sum is )
test,")
KR=\",Check sum is I
test,f)no,Check sum is L
test,-[?a|::wo;ik4TG},Check sum is 9
test,"nrdKkxenOuB@jynA]""ZBBy~0eX5F#k&3&Q4ZH",Check sum is -
test,"?cSAd$-zFv%3p3/!;Z%Pn.""mu[s&/)nb)ZiE@8SL><>!5",Check sum is (
test,#Jdr`1h_XZpB&mRTT\Vw%qV JV5K*}xMD5W>3e2G7a[b,Check sum is !
test,",:dbbf]&	}!:=%)2>",Check sum is 3
test,gB,Check sum is I
test,JIqHg,Check sum is S
test,UaDTV/dr#t,Check sum is  
test,"i2) *VYr(Oi~]X]$Rp""u*v_",Check sum is ;
test,"3$%?MsAK5xeG4|uFbZb8u=^o!F~eYo7Hc4.`}	=Jcd?)
w",Check sum is 3
test,"?]0/o(	M7P?v}$[""SF2O}g,L4L0NW5","Check sum is """
test," ,cuZ+""E~p]T&kw>b47kG,j",Check sum is *
test,18B?Ce06DCo,Check sum is N
test,4GZ~$'l+<\!1t$iO#DjVm	I}MM2f%1krF5,Check sum is R
test,"Rb?Q2#;l>a;2v^uHkG1b+NyF0AS:Kxrge<y2Z+Q
1%-|~9A-",Check sum is $
test,Ca!dj_dYd8}0=~&,Check sum is 9
test,"
<$~5U3Y+2Yzht	q%D|A8%FC+ l]6ncLMja9]HKdzdb0","Check sum is ,"
test,LKJ4OOoa9odp-2d;C 52ml8sHJl{2-m=^x}yqEIYP?CdkJh^WC,Check sum is \
test,"Vx_0l:yqgO!d*p|Y{z""W@4
m-fMWDI?hZ#\.?f`t""j&Cpr",Check sum is R
test,"pXj]2#Jj_	i%i0EX_Gu?w
n>D]J.];\I*P[5",Check sum is K
test,"en6ln[E]^SK,)GpV	/TnHR",Check sum is 2
test,";;a""L<~""*jyJ}S_eV14.V'_uBP5",Check sum is -
test,yIjn*,Check sum is $
test,"Jluk,\R]]<DGIQ$""OCjA`8.rj4IoF!2/^.YPt&~.	G=",Check sum is L
test,CZ=le%6[cO4qRwWtGC {6O9]3{v|S+EVqbNAxeTn_eC!M.=,Check sum is F
test,"_*)OkvF
",Check sum is R
test,"^*2G?Sdw'tBc47o,vs*T/#mbmQg~xusXW1 h/(7Qd(7y","Check sum is """
test,LwNL/^rh$p]4UY<#o^p1;Dc,Check sum is &
test,PgJ].2l|9~jeUN[%&Jj6rap*X,Check sum is D
test,xiT6@`R_L8:iTX0[,Check sum is :
test,\]pC]U0,Check sum is .
test,:1{V,Check sum is \
test,[j[y?Lc0V$QvUbqQ&9^CWtt9o+AxtSEL8kvTWH|j0^],Check sum is Q
test,}v$	L)d^C/4v2$w0a'e(i*Z#*:NY>Us,Check sum is F
test,]GWKHQe#i!,Check sum is Q
test,"Q|EG_]z6n""T,RCD1J<S>\v	%wzVC'.<Ec)c0e,a}
*&V8%U6}",Check sum is Y
test,8s4V6&/&_!x_Qdr&z^W3@	,Check sum is U
test,"OJc-[zF4R1""ffwSC54ud~m?.F>|)buUBK",Check sum is R
test,"'ToD=s	""cAjg!Aecdtl[gUE""no-A\03' Mbyi,
tu.",Check sum is 9
test,[QTdn)=CM>:M5< Eb!'r2n7md:Pn]PbB?Z',Check sum is P
test,"}=DcqtItxk;0s8"";{wok,dL-=9g(vqz""8BghMd	",Check sum is Y
test,"#'W""V5KG_u^Lo%-p 5|ub~bBD:Gz.k]@leJ7~C	3U`Q
z@e72",Check sum is U
test,Iq01$mS@JL^fxC>a4,Check sum is G
test,"y;rT	<l~. "":6^9""pV4y7 Ml{~J(zaXFcRiF|Cpd",Check sum is @
test,/}WVL-MseBOV'tI^	$[CJ#{<ooLjrfB,Check sum is ]
test,"Zm!mE-ZXS+p%C-Xpm:K}hHM
Q$D2wOJTusOiF",Check sum is O
test,r7<z+5UUOx$|cI%2^V	*hN,Check sum is P
test,=0`?M]85HEDgt`/&eH<P6*,Check sum is =
test,"k`""Gp
!yF3v<l	%> :3(\%'nA
Qu+.,Y",Check sum is %
test,{!)K%U-(n) yj_-A!lW7E_5rRENmHP1&2b5/{GdGqaTQ,Check sum is )
test,"#>~-|
4:7c(Yxpe",Check sum is H
test,O!CLp	V;Ikx!2s	nB_HoT,Check sum is >
test,",G^^mjJ8?'}eq%k[j%AgSc0'o3:=eRzM",Check sum is '
test,2jx	>Jq%tZhG3LTl02o2wMp9l|0n#-QPH|||Y9S5!*25,Check sum is F
test,"[r""nVO.v4i;+Z:Mw>M6`UAO<t>\",Check sum is 1
test,4[gywg{fv'd}rt'9a$fVUaZDL68=,Check sum is ^
test,H/e26%qntqz[#,Check sum is E
test,'rAo<5[8=*HgW}#/%_,Check sum is -
test,"^X&,N6%yNVu.:;kH1@@b]6W?g5KS",Check sum is /
test,"]BWD"":e95ycMwCeqmW{@D#FMGI^?XEH	7v""9|a#cm",Check sum is .
test,*O_l}BulvhDqF-U;)-\;\G%fy>cUXV^J,Check sum is :
test,"]58O^LtIsAz?=FguwbWtD#iKD9f,#Y",Check sum is 6
test, ;>}7Qjh--,Check sum is *
test,"xlm7""Yp0!ic",Check sum is 0
test,"C&;a-L5^E* 5)5mO1'>lNe\I_:~XO		""Kw/$mLwSDL&F)`	7w",Check sum is /
test,"%4e{6c4,4o\ftj/""P>pI.|?1=&CeHS01X^9+!.UZA8(UHW{s",Check sum is )
test,eL]j8J\t/c)2A[a3MVr>2|rXa'7*MEwghm,Check sum is @
test,"T*~""*O{i~?@dtV0v'R38Y}J]n_8T>{aX_OURsm^d\-/P",Check sum is W
test,"aqR][RR>mmO*E?F]YB<G!u4=q,]ItW<|n(Wi7LH>7n@Fxr",Check sum is 7
test,r.V/I1mU{feGYO2h+[iL}FeWngJa#.#gk,Check sum is P
test,"eUSobqZifAnC*3HeS(_<fp	)N\tM|%F3j
aRL?)&S.Y",Check sum is R
test,i?bm,Check sum is W
test,+Ms7XA2D~o0:O}Ue^82Krw`Ah`zR:sZ!,Check sum is G
test,"^l~U6+uVtEY2Yvz""6""D7_U6a@GJ%y
$cKw+&w='MIO98vpVH",Check sum is >
test,T;H2dm{`	+@,Check sum is I
test,v>~X&h x?}\Hh;Ll,Check sum is K
test,"""Ir;Q5[j[~EE,;%dY71;eQ,	`|+pY%2-8D}5`xzQ+",Check sum is M
test,"'>4&l	5
y0aVMSk4""*?[",Check sum is X
test,"Zoe^Dc$1bd8X&lRzg+n,w",Check sum is ?
test,"1MtwCiQ'K""5^f\1K!u8B9^",Check sum is R
test,"\""KHhCBHghc;-}(_TU)R:h",Check sum is J
test,"8p'Sqz^DssLdzv2
V yNZln^^s",Check sum is 1
test,"U:SnC-G[{aj{i""f}^#7tp-F]FRn{EYZ*-?>oskzt \f$",Check sum is +
test,'f[z/_KvtH39k5'?4e=*AE$xR|{N1D3@,Check sum is  
test,`.JQ{-oV\>MPXy2{b]}@K8ItC~,Check sum is (
test,-XBbD,Check sum is M
test,"s!a'
zZj6G""w8>yLT!HIe",Check sum is @
test,"@iR=Q1L""R3>",Check sum is K
test,xfS_8;7\r._a w64?h\:5ZmW,Check sum is '
test,"*[A#R<;H"" w",Check sum is S
test,fMsP9X52o#q2h=*(CQ^.`d	@R^e#$6,Check sum is 9
test,"\3Q?i(E#oQaJz]7,?",Check sum is \
test,",""G&LX",Check sum is ?
test,"c{D) anG>|P:1QsJ`$g/^45&w-C""?TvuthyM{f",Check sum is 5
test,hX,Check sum is  
test,"B!&/9sEYH.6kUZl""8n"">yK#A",Check sum is $
test,iy,Check sum is B
test,"ccb*xvq(>[L&mEHk//X}gY[NzyPb(z%ut3
C",Check sum is Z
test,;}G7;_%Q,Check sum is &
test,S$.H.7%=M{\C[z79b,"Check sum is """
test,p(I4G0'$08Mnhy)d%O1,Check sum is -
test,t/$vU4Yr(XXrkq-:yj,Check sum is !
test,MW7dmY2%8,Check sum is 4
test,5-qtEJP(el{-/|f'`@PLy|:,Check sum is J
test,']^7TtE\	4m8 kOg>Jd\cZ@De9e'+Awzi5*r<~,Check sum is I
test,"}4ubCz9O-4+m<Na6Opo1
peNUp""",Check sum is :
test,ssJZ[Z[<J&o/Kt4dSf,Check sum is T
test,ZuI2STnwdzm,Check sum is A
test,"(!cp|I-NZnC:N.Iu>E
VT')U@1Rk_T""h/4JRz-3ID=^tF",Check sum is =
test,#F_`W@%wF>RjdNvQ%*nDw B	 )X@UJ$_,Check sum is Z
test,"QRzyW`
GYYI*`Pi1*&KRnnRRbfC+w[,kr",Check sum is +
test,"O=BWmzkxh'_*BDb}o@>^e,N}4aNqF\_",Check sum is H
test,%XIm8$h9J9X-FcHC%+Pny (,Check sum is [
test,%b_*[>V@A2o%9-Hm`s]/izr t==HFy%	oLT.bS}&|rjdc,"Check sum is ,"
test,"_j}""KXnVV~nm}mgk$wFl0)AEqEA[5Pi?X4zaY
;yTMuvm;",Check sum is 7
test,Y-y^Hv$mJT>ZX,Check sum is Z
test,"3c~Mi+>J&*;Ql,&oVMP1
Td@dE",Check sum is 5
test,"<
BS[RCvh:zi3r@L(IxwI?RX?|q`{573=@s|][`^:s+]^Tk+m",Check sum is [
test,GQ'S8}J8qd*>o; 2pgta,Check sum is N
test,)cX#tC>Lu,Check sum is ]
test,"O1l<`\xab\7_J6(RxRPIwUhk-$""cg:%e5`SmsL	9d&IDOxI{",Check sum is &
test,lxEGa7*`CKHjV<`,Check sum is $
test,"\:+%H?NcLsQKw""mO,cx*=;",Check sum is W
test,qj,Check sum is ;
test,	2<J1 YIwgx`d<HTKHEP$Y$Xjhp,Check sum is )
test,I+,Check sum is T
test,"#m&
A
F 1{	n@-CJx>*0hz,B&",Check sum is 4
test,.iZF2-@)jfuxlRRsnLw:q(R<P+V	-oVFn!&h}uAyc5{Iwmow,Check sum is 2
test,5YWCs^+4,Check sum is 8
test,"&8PJnT<^!!LY X{78wrjT,3WH@R",Check sum is 4
test,_+DNk^v	o4/M8Ft{5Zmlm%,Check sum is J
test,	mTSKCeWU> =7\SM{,Check sum is %
test,bYUk.kVU_B=W@q~&|wkn?kz+M7NjM^,Check sum is +
test,"Y8l#',G?;p_\JC__#'A",Check sum is U
test,q}4,Check sum is B
test,"S(7/13q.C,_ *wtsS1+	`#5*>
j/!1IEdqSU7~]BHi@KBc",Check sum is G
test,")36~oD 
A;9Wo}%DI#U",Check sum is /
test,{J!uOjZq8+H/H+::ELdZQp*{v?qW9/Twxqni,Check sum is %
test,"chL_V&I7 R1L4F>#m>,KkIZq{?@=;",Check sum is /
test,"+	dC
2T-U:utwIPesn",Check sum is F
test,s53->G-_RYV>0=[JcDjw`0/e:7c*,Check sum is 4
test,"@vpP!!4n}<?V!mT,ib~?rCA	ua4em{%bO`+,fVh~O8B9""|'",Check sum is *
test,";%]xTNWT:}ajAwpKZ/a Iv(z>Zgn9T`JZ?""T!zea",Check sum is V
test,"EPB=.vY>(BY
V",Check sum is R
test,"n,%?b7Fc`_qr",Check sum is B
test,"{wSbDzK>Fb{U,xmYE={#1ZK8I/h",Check sum is >
test,"MRQkS$&k-O|>>#a
^iG*\{B*",Check sum is @
test,?j\L&-[ l~zB@=M}ptR>&taucSkVra'Q$:|,"Check sum is ,"
test,Xz	,Check sum is ;
test,mE:K$b/uDa/iVUSvE&,Check sum is ]
test,F;nJFW+B+B\R5k27>52]#\{_<=bviW;E+#!E,Check sum is '
test,"ut:#]CoLcNx|7$~e,QF
{GoA!)r6mF|P;Lv8xJS",Check sum is ^
test,VB/hf +|tUjCR7Qfb/WAYX]8991,Check sum is D
test,O^M{T]dKL-+w5Nh.^NT:kwLZ $}/YPiI=U>EhyQXo^aQ,Check sum is T
test,~0zzxh.$R;n^\qBkA&:X+4H0v^,Check sum is +
test,"mm3z<8nB9!E6I""d\R@b_oJtg$Ej[ggXg2w $d",Check sum is >
test,"UK:+JYP82O<%8\rN^\Hyc@@$3BL#""ul
}!-pPR",Check sum is V
test,"Tu]i,*PXmO2dg.8^;#B<TF2M'FW2 c*cgaPQW.wx'IB1",Check sum is %
test,",~rek",Check sum is L
test,"z\x9f(""^#}a8lP}C>mg""7a{c*
n9.H?Muxw!5).Rd",Check sum is 8
test,"vhJ""~igc[YK$B.-L{""}[W]Gt+K~cpV~XW`{~=8gN,Pf",Check sum is :
test,"\>2U=dO!|]0<Z'S8_S$cgQ)q/D(u$6ZLwG^j$],%f""?NUaPMw",Check sum is 5
test,"W
s	35G,{:",Check sum is M
test,l~>.#VproA}+O,Check sum is 8
test,"0gZ.dwQ F9vn.a$5U8},
b0M""f`(C./r
1
.",Check sum is J
test,"a{?0I |""]]31p^%.4h\&&8.WOpicfNlus
$kmf}""8 ",Check sum is (
test,P>Lex95vvyH]2_;_~%0<^2}S*q{V5_W9^V0AbKoRIgf,"Check sum is """
test,.dIelZ-,Check sum is S
test,"N8zQVi-#cSww	=DyXiw!8uJa74PfQ#
=5zvu&[g1dT=*R-$48",Check sum is U
test,"t5fUF3,R(X
""Ucc~G<=pk*E7>Mot6",Check sum is %
test,`}cOl_,Check sum is :
test,"BS={;!u0lYz**t]o\6')[WY
>ydF0i\$'",Check sum is Y
test,	U%<!k`:{O!F0>Ht-y@C<VTa^9(o)7)Pr2,Check sum is ;
test,Czynh,"Check sum is ,"
test,>2ofSPP<-,Check sum is A
test,ENe8{~hB<Lu_,Check sum is O
test,";ok 	|,&m(#;XFH3X.W""!t,t[%:g,UJ",Check sum is X
test,"$/.'3CJ`?;F@RNNv, [B"">Er:r|wQFB/1G;JyREFjbE4",Check sum is K
test,"SBqK;TZb""X4",Check sum is *
test,ib%>I@5G);NF;yp:[mx,Check sum is )
test,"8:Zt80n{8gh%jDmSE-7R""`URp3~(,%
*",Check sum is =
test,-=E!Sgfp;h)p}++DBG&*PO ,Check sum is +
test,"|9+-[""/VEFXv?
MF~g~r|&Bzp=soVB",Check sum is >
test,",^6G6PF=SFHBGU5owW<G9$CS@""G3[=,`KQlm?J+hsa_jB
:",Check sum is K
test,"H>aay!Obe=>b	j&<*!<!fkk.""mvw]]T}.m`@q3m_",Check sum is N
test,";yQM?%x.*&IE1T,/Oqx",Check sum is 2
test,C$O#5PCc+n0^iCrn`;Q.\u,Check sum is B
test,P9~A]%_%]&T|anIIs$b}|Xmfc#{1eYhxAfnpBU,Check sum is +
test,"h?k""qN`<)i4oQ1^`ToB+}",Check sum is Q
test,p$;OMVeox_ZV;k|7h|J(~Mus;,Check sum is Y
test,/'X'XJo	6Mp4xb,Check sum is P
test,HK	`cMiK ,Check sum is  
test,37!R~8:[U1(=*Dhi}L8V=5vZ&f#qm0.,Check sum is 6
test,"Ph7)5IvJ+
g<6FTf`ePki4z~u~AOI)s`!6#
1\FtjQp]y-,>e",Check sum is )
test,@&}/{AM-`jEMk2MU,Check sum is C
test,M5Jye:5Q7E>3ftG#JY)Lr;|,Check sum is <
test,#s{#3c6v=i0BJgW@$S4sS%r-VyE{W_j^:zM]c|&,Check sum is [
test,7?<[P&IWR?nbRS|V8gpUSrqS7a\h4YL0_Moad3;hveum{	q,Check sum is U
test,;Zp))R;ag*eJ)<lIhx5;lobF,Check sum is R
test,"h8@y~D_Uy""#T}6R3An:4|",Check sum is R
test,"4NR*jkf_P\X@2/r>&>4_&
""[\VV&b|KbTwZoS8qR""u"";c",Check sum is #
test,"p=Kf5@Mo+zr\|f	lP2=*t^q|5*QdXI([qm""@^{HoXZR9'H~9",Check sum is L
test,"}j3/)}(0%iKcnt|,5W*@[w0ZU+-2]r_2H9^PD_u]g|/?I",Check sum is <
test,"Ia
\xD~	@",Check sum is 3
test,"S	>ftds\'t[V9r(jk,&On%8cHCs$j8ay}KY v}{L&uAL",Check sum is K
test,"sixAm-ZVCm%4CvB!,U.a""7Kool-	h3X/+w",Check sum is \
test,+7Pn3>#VxW(>ukHlid ,Check sum is  
test,"ki@^,sgoY=J7%9l>yzm#=S""y1s*%T@PR17>mcP",Check sum is C
test,N>dkoob;RK)/J*5'6nS402%Yn?=`wy_A:),Check sum is C
test,"
F
;q#f>",Check sum is -
test,"4uN'`w|OKMNtJ@,z/g-sy$;n<tar^f<H""d9(2ub'$d{B	#djW",Check sum is ^
test,"~/t~P(}V)M
i*g]96F#o*4",Check sum is F
test,mt?kne2!gx2Cw.BZ52Z6NG2S\4,Check sum is G
test,"xT'7f75'vJq`v0	Jw,+bB.z3z_r}'-S",Check sum is I
test,"qV/qy2:,""u\",Check sum is K
test,"6z>j\""dUV=Mw$_%^#<Cj+htYt 1}3+('U",Check sum is <
test,z`8_jyJ'ziq,Check sum is 9
test,X{Zh68R|oKL)e_gS~8S}1d,Check sum is 9
test,|aRZwrr,Check sum is D
test,q!kW\n[A8ch}T~[ <_C*_/.'1pvGV;$Jg1yQ~4rd,Check sum is Y
test,"(zuEJ4,ibvGUCNl%yM8S0	KXM;V6""{<9hkyk?<p0",Check sum is J
test,"BAd-AD<CTrf>9NY9&SIcNHX""",Check sum is 0
test,h[lNUu[sTL%-Nu<rs@KCvtG9t,Check sum is 7
test,"J'sR2?2,D=	K{PP",Check sum is U
test,"8
%;^f
;iVG/;Z",Check sum is U
test,v'z?8R,Check sum is @
test,3l&_AmRC@~4~/a+X,Check sum is J
test,U)5.?gfzf)*;6X=&rwxXO,Check sum is 4
test,"Q_u>RLB[RW)*L2$""w_l$B9->9qG2
#}8,jj0"" eHm4z",Check sum is I
test,Iz/N@-_~HJ(_@M-Y>pC>kKuRSn.l3	X7,Check sum is (
test,E%b9*:e}v3W\u_/P1#8&p)KIehfHNE@3~|2<tM,Check sum is #
test,O }f/z/y^0$9B_A01hihYJ=0LzyfI7?_fM9L,Check sum is 5
test,*vi-TrP#)c`,Check sum is ;
test,A.4,Check sum is C
test,?8A*l?l:!vPMHx*bb1iyS1P(7l@zFt~C1>.?t:{:M6K#Ly%VA@,Check sum is M
test,>_,Check sum is =
test,"f0ppCE""x^p<z;SP Ch
!",Check sum is P
test,"y^k9j|wWdgu&n`+[f8p_F
.;MWmh	2	F)o9""B#vG	<l99SfT5","Check sum is ,"
test,"mN|6_G@2-Y9,|Sm	=MY)5?%lu4764IBuj^E",Check sum is =
test,"*wM^rGxAh
2/M%0'&]OB\}(GNR-&&bG
>c:i/;$3aCs",Check sum is >
test,$`j7>+-!~85Ho-2VVK7S:M<Xs(.^;@,Check sum is ;
test,8W?L)QbZa7BTPtuXh,Check sum is W
test,"`\>72&9]H|""K}x
JLHa",Check sum is .
test,"~
\JNo1:ZG{n{D)M	;B*it.%=oi!v7y^&0{^",Check sum is >
test,6|:,Check sum is L
test,"z#,B
:hyfKO"")	W9[d% swoV=lZ?<aR$z[?e
",Check sum is ?
test,X7c^>1?x,Check sum is V
test,"~$>R)#/QQi/jj7jKR.|'-)@uCCnX^Qgs&!Fe<*b,}V}S",Check sum is S
test,"UtSz
3-C.dVWxPOX_oq kOM(Fbd!2SMm0<m9dr2[?v}ws?sh	",Check sum is ?
test,Kp'wG,Check sum is @
test,rF+\{>wNK63lK7BU&|#?^wQ9ASA4n\RIU]Tag}h	j*/	ss6,Check sum is K
test,-~%az[;,Check sum is !
test,"0OHh/`?V\$[	[
FrVeRkCtLaHoahS#^sd(?4uK'Azlf}",Check sum is G
test,"YK-FO+,wk}*hLF(0",Check sum is 8
test,cyC9j_4R3yo#d>eMw`En-t8KRqa,Check sum is +
test,"+,@yJa[kla3_*A'7/w5
R` y]rHo{Rp-<unG ;zX&w~""^|",Check sum is S
test,1Y;#bY3	lrf_Z2yL,Check sum is 3
test,	Uqbw {MI;@%E*X2v'R[~9O7uM7+ymIQu'Fq-	SEy,Check sum is W
test,n8l8zFwy{8GM))-3tjRq2s9pGinIl%H	`20o^4AE|jT++/,Check sum is S
test,2eSx,Check sum is B
test,G|}	6oO	'gIyu*A-'jNl U/w~@A6]X9=&qm3o6'emQ2cx5Y,Check sum is J
test, $10N%XA2KPgX,Check sum is ]
test,"""Z;H/XEWT`@wzsAlVV34g\D",Check sum is !
test,"#LcZU!$nSMd$%\:Hu2""G.$B0\$mY:PZr)E%c",Check sum is %
test,"g\_,XGb&!);a|z&n",Check sum is E
test,".s9h<8IqA0""8:PL3/fYyt+,j1jz&dp2=~iF",Check sum is +
test,"T
2c{:e&u3Wly>] (CdHo",Check sum is 8
test,"os5([H`vl[{!AMeTGgxGPMs]Sbek\	g8X= [0`""#[i]wn!",Check sum is 1
test,":VT{n>IK :
)h$,?+3P	;E6Eyi=sWk(&/",Check sum is F
test,">2u)`z`.:19fGR(5`u]qJGw(SAfT""33|",Check sum is ;
test,"&E`s
d.A1Y*%ED""	doaL6saQXHN	&o5E5~5b/~5@>n*% ",Check sum is 0
test,;^jB.1e	:)`',Check sum is \
test,)b}d6Y~a<F 5%wW4A-e5u)i,Check sum is G
test,"q>PZ{r#Q0k3i,X4lChGm}/d@hkp;lN+9Gy~dcw$ge","Check sum is ,"
test,"w$fK?)gw4=Mh)\
t&&;rVvyo[SgIH7O?q)43Y~=f4	-;5-o17",Check sum is L
test,"]3|aj_auEwFK[m_9""5D	tbrSM|ctqdrH""",Check sum is )
test,"(RW5!AXl~H\-wrILYcI-7G~t6	e""8$f!",Check sum is $
test,]o|DKf#JvL	\dtkGn4+om_(V.z,Check sum is )
test,kt&!#u?&|UiRbY^Bj_TM2kO!eWh8QYJBB-2gR,Check sum is M
test,"&{E
",Check sum is P
test," R	"",T!aC5fF#P,qlyqP!^=%ydm!omt{k%oUB/?",Check sum is 4
test,91Q{yG?:J=a~uf6)VN24K,Check sum is D
test,2:.>xl*~+^z@D9F\1X[8yxk,Check sum is ^
test,NB%hQ,Check sum is N
test,",N\]>uKsM$
I kq/}EzV",Check sum is E
test,"%k72,&c\hQL)HL,B^^*K3vjUHnO*","Check sum is """
test,"Vas	q
?6R{z6|28xGt;UIS:Iv^oHty^
,-.{plAqJk'",Check sum is T
test,"E#yFWl|FwZF`%
FrUE#K^=Ji#Ho&RpeE'p||Ha8R.P2<-`",Check sum is '
test,"{g>Pd>H9SQ
/x0{vg:
L!#9[
FpP8/#/lAjx)",Check sum is 9
test,"=^=^Z9^$sKE`<	WKs	}H;Q
8",Check sum is D
test,'dn;`9.G~&0z<0{U}dB8?~JT{|Ap\${hDqDr;'LS_p)L,Check sum is ]
test,"W RHe'<
Rt%0I6U@{Uar4RFxyL9M,vqW*Xh9A#i",Check sum is >
test,"?G8&rDAQZpVQ')+$.othAS|?Q{e""\MOw%'-/^v\x\<?.c8ND#",Check sum is K
test,m|0(QQl,Check sum is /
test,"#4,@Y,gbsrH.FU($#Zvv'M[$yDK}0!uL
)Rdf=C %%1zRw",Check sum is S
test,/Sh\PjflzA;VQZt0Azv-HJO,Check sum is L
test,"#Z.,",Check sum is 7
test,"zzMLOAv""?EK{{gQIw[~3sw)Agh;uRnl$fC2gjYrI(t",Check sum is ]
test,	S,Check sum is <
test,"1RB5Bk~IV4|JDAIi&6wJ#Y,K_'OoI5A7dneQICe 	wDI@",Check sum is E
test,"L7r|P*57VD)""JJ))vb`-kNs/\n!c>",Check sum is N
test,"zvZx+5
Y{",Check sum is  
test,>;`yD68Bo[Y?,Check sum is H
test,_|R[,Check sum is (
test,|)5y0bhPC:J8}&UF/cN,Check sum is Z
test,",.;ML",Check sum is N
test,-O5tyA,Check sum is ?
test,txmBE;:VN(KB2(c .42hU6qL	=1n8afuSqjX3%.~3D72o9(	>,Check sum is I
test,"_""dlT wkyW0-Jq9RA@|Hkvm|m@<I{;a)q{Yks/-Gt2B
)9To;",Check sum is S
test,;m/FY91tvIs!{fW;COFL&{*}ck@k,Check sum is _
test,e#vrFy,Check sum is O
test,c>2`a(HOP?;z3PRY00TC[~*X2<)p DKFbL,Check sum is !
test,"0Oddit#x%t(LUL7_X'(
d(Ai4"":@s|{0G10dfaH(",Check sum is 7
test,-i;lJ[e*LZ~e37||E.,Check sum is /
test,W/6u..Ja72:zP(zO}]1:fMp)(L[=YZ	?PZeC#O`~m$q_5@nPE,Check sum is I
test,"H%,Qn^""YL\bMx,A5Kc,3aG7^&K@`D0xb^Ic!P",Check sum is &
test,z/4j|*Inj%$c#:%X,Check sum is 4
test,"X`$xyZ-E9[gPC>	MwM&3x""e~?_5?Q8",Check sum is P
test,`1u?w2(P*Q`+N2?sD7+6i4O9I&wh`v(Wx,Check sum is Z
test,"><3a[Cc.,PN5hY],2VT%",Check sum is '
test,"CAzIzZ""J(6J7<0nGF!s}Qw4ux^Y\I7\RTB=",Check sum is ;
test,"<rFI7#-v!ziE{.8ZIRg.34&p{%V,r71{jkPi5i@",Check sum is .
test,x7OcDW|JMBfiN\Dz)~;n5lPW+'%,Check sum is 7
test,`._Qa2P!m#Iu5(,Check sum is M
test,"&n 44K
%7xo#.nB`;3T,gknY",Check sum is <
test,wAM[k<T/YK/L_E-PH4oX.0&Jvp`h)OM!priL!.7a0f@=Qb,Check sum is S
test,"qFW:CrLa#,>JX;$P,!}Q/!6~V2""z!4%E}kP^G3TN+",Check sum is G
test,"fs;Sr6n(i5gfSG|PJ/zBz
7:j[wFZ5,4v@",Check sum is '
test,_[+l	,Check sum is :
test,"\dn Z~'!a6|wt8
rR""X}r{=7-Wp_",Check sum is =
test,"5rI]b2#
/e3Y""* FwJGIU`d""
DZTE(awUGk'@dd\]/&",Check sum is Q
test,"$jGFHH]%,g",Check sum is  
test,/V<mJ;&+i#VG&reZlw%^=UbHj(k jyRF[6F3^}sJd,Check sum is $
test,Bf,Check sum is H
test,F%Wv{S'Oi,Check sum is E
test,"S(O;xPOR*S0g]<xm(&,z!$b
^
@dU('~Z+`2|27N%+:1r;4",Check sum is Y
test,"7Eb/yG
",Check sum is 7
test,#?&tbj1yYa,Check sum is L
test,^%8eyQGD5~AS@T,Check sum is 0
test,"?ha}P`7fXKc%Q:'.6(/%
]",Check sum is V
test,"'i8TbI>Og+f^$M92u]A?;)Po{17R0
Vi:CZUQN",Check sum is T
test,"cmy(q{lsV;y4:^Y{dZie3_J ""X:=#m(E:#doNSx",Check sum is E
test,"Mf	{dx>^\6lmkIGSNwW""#S&frf1J",Check sum is [
test,^[(w=3)Zk|nSUr={[}2e`'dQX]'%!h,Check sum is G
test,+7>]|/2^Ko1I);'U,"Check sum is ,"
test,G4mV,Check sum is ^
test,"E_	PS
4(osSKNLQd>7T?xEMl_'ZvpzPR*(8",Check sum is O
test,Hh\,"Check sum is ,"
test,s-tS!v2e^u}-	*<Gz0p?^JwPT$T#Sh^P,Check sum is H
test,"0rR+9""/gw=SYe?+.(+=tqQz%qd,4i%!78}HVvxU""^#M*%","Check sum is """
test,#A%+,Check sum is T
test,U~,Check sum is 3
test,V{.c/gASd_jl,Check sum is E
test,"d,7%s{)c$TZG#Ou)`=dB-}AYbS);*&5kuYUM{{kBH1kmGn",Check sum is X
test,|a?Jk.	gK5QZ~;H)B6Cs[Zq~oBr,Check sum is Y
test,"w_K*/k3}n#!.s?!""7S@=,br:{;4S;(ZW)",Check sum is E
test,"x4+$T!vbO*A0/@T0lY""oA6RL^10",Check sum is /
test,bBta$.`%'h6$4QPyHK\$@@uG_m5i,Check sum is  
test,'WD9WXh7LPrv(#1cVL9.T?J95Nf;Xh<8:R_C_,Check sum is P
test,"QS~Q,}H$I$VuT@jJ`Rv`:&kb<8WI%B:Bx!~%an9gCV 	<(decJ",Check sum is [
test,"}[q8-Rc22@:Lx,xJ#@p
sj*8
TN	3y1W
Pf<Px_QE6}ni	",Check sum is $
test,"$;^6~pM|[K
a{>Y}z3W",Check sum is .
test,"bz6*AT'*KnGKdj
de	#]X}Wmz9p'd0f",Check sum is T
test,"X(JU6idj48A3Oi6LFPV!HXUT""#",Check sum is !
test,>2hNh!<~Z@!,Check sum is D
test,"d""1",Check sum is W
test,%@N6X[7aC@](Z5#7M6Iy<0KjPW$,Check sum is 6
test,A7t\qudT R)e7,Check sum is =
test,"P1
~Ny@3Z7[yU5#h`Wp",Check sum is D
test,YUcQW!By,Check sum is 5
test,"}Lj!-X>57)	InlY5/SB+
X>,@x#Wk;H=VM><>+'Il(vS1","Check sum is """
test,IjQ-rPml|@-K;0:7^t,Check sum is N
test,ZMTA h&D/I;BM6fw`'7v^+o,Check sum is O
test,X	8@4IWrz[h'NLS4zO,Check sum is M
test,>Hy3,Check sum is R
test,"V'cTT(,a{iSp;Ol~@v5=gQ`m!*==<E!TB+yR@fM7+(D/[;3B",Check sum is S
test,2&Tc2J#j2cbu^:5J%V\5L)Skwf H3,Check sum is 2
test,q-q/6!<Q0k*.~nD5>TZ<oI8<{qX'Mbc,Check sum is +
test,d#5Ox#i21.&MgAKg:g?1=,Check sum is [
test,R+8T9iq)\LGE9lHys#E%Xz Cx,"Check sum is ,"
test,]qf81DAZ|A,Check sum is Y
test,"eyQpv;(""GH
8	4HGh",Check sum is ?
test,G7tWpR}S@hn;[Y9a6HoRM,Check sum is &
test,C+L^^|4!1bdC8qx},Check sum is ?
test,"M	S
p$X?YqRZ/~X BwM]%]}o3>hJ",Check sum is M
test,)$]6~hU.U}z	P\GNe[OG}&2Se~lZOC~F%@\=My20Q?,Check sum is 2
test,")thu9h:yUTeUE;\)mLZk
z/Lu\|MiQL5jco3O<R=",Check sum is 1
test,"w4_lL9AVV@z]/~VA
>Y""8aBY*649GQ!]IB[6q:2$am,=_iw4K",Check sum is O
test,p[`ql}	dSW`Lb(Xn^8n,Check sum is <
test,"MB)rO
;dG/,VcaFs7=r6<N\)b&?qr=Y7M\?nMSO(4gnjz",Check sum is 3
test,"S>/IZ4O-NMKS`,%*p<K
w3gzC",Check sum is V
test,"L|Z
``5T",Check sum is U
test,.2B#(cTQxx;wPh&KQB,Check sum is 3
test,AqN3Af,Check sum is :
test,"E9Rt1vpE*&4/`QjsG<mAj4&{@s%&G(Dn).=Gm;T!uV_
'$",Check sum is G
test,"Ezg`cbe{c@/O-=\rZf H;|Tz5d>sbv,Zd",Check sum is ]
test,"1%<w>BtKrx.-o@][*$9s0GClmD>8,YAY,o",Check sum is U
test,"*`+=
!ZdY;GREQeb]kF8Y",Check sum is $
test,|wKcuc'ww\d||:|v&`,Check sum is X
test,"u&""]
zBK-@S&&",Check sum is W
test,Te0vhK?>o	?jV9:	nZm_]s4@'-Nn2,Check sum is <
test,"4ry?|\	YYAep4C9""&Af--SiuV?b4CX_Pk2#L`Y2:Tf)b",Check sum is <
test,"W=ME{D
)d)Wa9s!gJB",Check sum is =
test,ykN>x:[,Check sum is ]
test,"Td`:o&Z;d47iB?jZ+$
AT/LQ%",Check sum is 8
test,Ct#{O,Check sum is D
test,B_ziMGy^qB[8Z0h<:!go\<v_a6=7[s&Kw;[`B\%^NZhm4`,Check sum is J
test,)ZixI':dI_qa_r[,Check sum is 8
test,"bMUBC[%&`""4{Q',
q.f7jY;N6:@.cBQ5k",Check sum is *
test,"F%Q{/0^)#s}j8a
kja8]
ey[d|9_Exl(Vkl",Check sum is !
test,o ef`Zw8	XSYx#R,Check sum is ]
test,K{7bYR@\f#SwFwV[y,Check sum is @
test,"B""P&",Check sum is :
test,\CZ'+B8oi%-sv4vnO-loG*42:3fbE,Check sum is 8
test,=@mV3oa,Check sum is #
test,"/nr6u-)u>unO>H<8""	t!&!nl+p:9O;Xd}i'7kX~",Check sum is I
test,-PNywf`]ff%V}|>E0x8v|*@*s4QA~%ly;QT0NQDC%-G,Check sum is 7
test,izTh5AzETqPOgwq+#<X@,Check sum is I
test,nz`m5v19c;&;nr\a?~{O)6Q<P.%C4Wz[%IEbv[M,Check sum is 2
test,CdBc)Q=*'=A.pC&<2U)LDK8\	8.OU>2S]z%HZ bZ;Eo@sx,Check sum is >
test,";a&gN3X lnATrENA8+gDxKz'rzDq~0F1rVkV+,t",Check sum is C
test,-<l&G@T''.ZdElW2A\xltxD6Ea%%o+e3ilv>u,Check sum is 1
test,=S!iYSwpBa}?l	Z'>-4doQlD*7q	D*{#oZP,Check sum is U
test,"F9pc&hn>@/""w*""B&B}Q",Check sum is 8
test,NYsG[,Check sum is \
test,;v{vn[GjW4~@4LctS	4IGi2#+{NE4cn2O*z8{XG,Check sum is /
test,J%yI*^}X@Giam/-7]]h,Check sum is !
test,\lP6g9;+9YLNh$g,Check sum is S
test,?.0u81%?BiY%eNZX9)n>uLT,Check sum is 0
test,"Xa+wa`!
*",Check sum is Q
test,"\`S8q`\yX""4c2I#0X%gE1z|j",Check sum is &
test,B*IdbVT;7UXsL;rF@]%F9x/ KM,Check sum is 6
test,~:,Check sum is X
test,"
	)MsW2)c9\bz	#1O4hm""u,$K"";ic+/MESy Ng",Check sum is ?
test,"h;|MoDnIHP:}W
	eb}h!CQ</n03n;\%Ff_y0g%b(v']f6ps",Check sum is 9
test,"i@egcO$% f_
kP;\eh;C.uTcr('d9\(Ce1aO8?'M^!0*/c",Check sum is 7
test,a{U<-B`[2DM?D,Check sum is =
test,t0W]Rhh[9	 %sikv_<#r,Check sum is )
test,",;^NQ7,""gH=^R{SYqQ){-~.6B3p
 T",Check sum is $
test,"UaLf
yU[?	*v",Check sum is #
test,".7f. ],!`q(Q=PV7H5)d&oINzG",Check sum is >
test,"d0-`k9dAv`NJk=o""8h;""#DPirxGn",Check sum is -
test,?8Q4^WQ\{E3D>}YTBN0E;Fy8zw- {8~`xu-bqLkR# ,Check sum is \
test,w}dtwm|:{ <{lyidUe8.OC,Check sum is <
test,l!?Y}-cVoI8`lbt%aJ#^,Check sum is K
test,=r-0Q}fQ5y|G0_>$%,Check sum is 8
test,"0;!""CD",Check sum is U
test,"H g/~r5=$Ok\tpe	L.d~sf
4xg5ZP?%M*LT12",Check sum is [
test,^|z?f*j{@;fG( q` BPDEG{rZmo/:0K\E,Check sum is S
test,"a1g#TRJ#1xF""xkg?^*jxk;F\	G>}8%@
j2"">R!+0jm^*:yb5&W",Check sum is =
test,"0;S)""g<MEaTx)cmB7V1dGA	`6Dl	 <FA&@Vwu&NP[""",Check sum is T
test,"0v*ASn)3@7*FifT&WQg[~0Lfxb`my:uZ79!_#, I5m",Check sum is ;
test,hJ'I,Check sum is B
test,"Xjcy""15EnFdflgQP}<<a!~Ld6T1i]]#[;	(T 0H)Sdz",Check sum is 0
test, DBJ4r7*lO1x1t,Check sum is  
test,"`&x	Ww.^dKI;!?<'GRwXJ2KzZ""XL+OXF~2^e+*uZqj#$_",Check sum is 0
test,1QmAL_{b}fIM1Q;LZPI0=hU^-:JQ_?aEae=w+@,Check sum is @
test,"Q4|A@;84\dr?	yE6n
74LWjOYShG(@",Check sum is 9
test,	lK 7m)QK*(Q'_DR$i,Check sum is 5
test,"98lM:^""[)fb|`!",Check sum is M
test,"
	^#x-B}PZg/C[c&7ht<` ",Check sum is N
test,z%idx{_iKFI,Check sum is !
test,xYErv1F$p8d~%6yH,Check sum is _
test,"0HUR*\T6y^Se
K_&cw]?,nVXzwR
Y<ISl",Check sum is  
test,-C}UMZ1a@R,Check sum is -
test,Xs?!bj+@66k@dZP(A,Check sum is P
test,.)VvuEjm)'2)dKN8wp,Check sum is [
test,"!%RV""y/c_qqgg5n*""59)ix",Check sum is 1
test,"JE6b]9Z\m81R]QL-;`:*3=n]4oL{%0b<;nJ""*f""m?$B}	2d",Check sum is .
test,"Pg`i_msvGfMV'C{1;sLq-Axmb)!jOeluX""?P",Check sum is -
test,HY6mgQkCQ>Xe( [wBo6Zd_Z<W%{Qr9DT?Kv*,Check sum is ?
test,js=(kSDtX9}6##($Bjt2 v?Y#f#+c	tRZIJ;nCD,Check sum is T
test,h_C,Check sum is *
test,SNw,Check sum is 8
test,"yF
e/U15gj294~$,Y""pnRX+R&
Hr|LloQ#L",Check sum is C
test,"oCG/2E@1;m8~BU,4ugsTb)>	.T?",Check sum is ;
test,"f^7,W]&b	;zd9 08|ZE",Check sum is A
test,"3JH	=Su.i,|CYwoyL	G",Check sum is I
test,"a>zm{0w$Q
j:h1q],]u=rB5EQV&3i8.%n  %alQIxDBt3vD-x",Check sum is -
test,"_M#s_+E8k0#iTN]9WCZBM(*^w$,f%I6} |&\pnc0#+""B`r",Check sum is \
test,"ADCKr~<V	CVQ1U5utPJ%[7
",Check sum is '
test,"]fT>rt3<X""NI	P~tVhG",Check sum is +
test,"""7#4M`+?1s}\3RMGN $&/uC",Check sum is \
test,`7PX?W\LOe$UH2^-81zY{	,Check sum is O
