set,input1,output1
train,,Check sum is  
train,	,Check sum is )
train,"
",Check sum is *
train,"B
","Check sum is ,"
train,"

",Check sum is 4
train,"

















































",Check sum is T
train,                                                  ,Check sum is  
train,ssssssssssssssssssssssssssssssssssssssssssssssssss,Check sum is V
train,"CD
CD
CD
CD
CD
CD
CD
CD
CD
CD
CD
CD
CD
CD
CD
CD
CD",Check sum is 7
train,"x
y x
y x
y x
y x
y x
y x
y x
y x
y x
y x
y x
y x
",Check sum is &
train," 
 
 
 
 
 
 
 
 
 
 
 
 
 
 
 
 
 
 
 
 
 
 
 
 
",Check sum is :
train, ,Check sum is @
train,!,Check sum is A
train,"""",Check sum is B
train,#,Check sum is C
train,$,Check sum is D
train,%,Check sum is E
train,&,Check sum is F
train,',Check sum is G
train,(,Check sum is H
train,),Check sum is I
train,*,Check sum is J
train,+,Check sum is K
train,",",Check sum is L
train,-,Check sum is M
train,.,Check sum is N
train,/,Check sum is O
train,0,Check sum is P
train,1,Check sum is Q
train,2,Check sum is R
train,3,Check sum is S
train,4,Check sum is T
train,5,Check sum is U
train,6,Check sum is V
train,7,Check sum is W
train,8,Check sum is X
train,9,Check sum is Y
train,:,Check sum is Z
train,;,Check sum is [
train,<,Check sum is \
train,=,Check sum is ]
train,>,Check sum is ^
train,?,Check sum is _
train,@,Check sum is  
train,A,Check sum is !
train,B,"Check sum is """
train,C,Check sum is #
train,D,Check sum is $
train,E,Check sum is %
train,F,Check sum is &
train,G,Check sum is '
train,H,Check sum is (
train,I,Check sum is )
train,J,Check sum is *
train,K,Check sum is +
train,L,"Check sum is ,"
train,M,Check sum is -
train,N,Check sum is .
train,O,Check sum is /
train,P,Check sum is 0
train,Q,Check sum is 1
train,R,Check sum is 2
train,S,Check sum is 3
train,T,Check sum is 4
train,U,Check sum is 5
train,V,Check sum is 6
train,W,Check sum is 7
train,X,Check sum is 8
train,Y,Check sum is 9
train,Z,Check sum is :
train,[,Check sum is ;
train,\,Check sum is <
train,],Check sum is =
train,^,Check sum is >
train,_,Check sum is ?
train,`,Check sum is @
train,a,Check sum is A
train,b,Check sum is B
train,c,Check sum is C
train,d,Check sum is D
train,e,Check sum is E
train,f,Check sum is F
train,g,Check sum is G
train,h,Check sum is H
train,i,Check sum is I
train,j,Check sum is J
train,k,Check sum is K
train,l,Check sum is L
train,m,Check sum is M
train,n,Check sum is N
train,o,Check sum is O
train,p,Check sum is P
train,q,Check sum is Q
train,r,Check sum is R
train,s,Check sum is S
train,t,Check sum is T
train,u,Check sum is U
train,v,Check sum is V
train,w,Check sum is W
train,x,Check sum is X
train,y,Check sum is Y
train,z,Check sum is Z
train,{,Check sum is [
train,|,Check sum is \
train,},Check sum is ]
train,~,Check sum is ^
train,-7,Check sum is D
train,>:,Check sum is X
train,b),Check sum is +
train,wE,Check sum is \
train,Jm,Check sum is W
train,Kv,Check sum is !
train,"
)",Check sum is S
train,Ee,Check sum is J
train,Ay,Check sum is Z
train,E!,Check sum is F
train,94,Check sum is M
train,r0,Check sum is B
train,i.,Check sum is 7
train,W^,Check sum is U
train,A^,Check sum is ?
train,)z,Check sum is C
train,J ,Check sum is J
train,4~,Check sum is R
train,V\,Check sum is R
train,w/,Check sum is F
train,$C,Check sum is G
train,F:,Check sum is  
train,yy,Check sum is R
train,+:,Check sum is E
train,#z,Check sum is =
train,2H,Check sum is Z
train,[P,Check sum is K
train,Zx,Check sum is 2
train,PV,Check sum is F
train,[V,Check sum is Q
train,F=,Check sum is #
train,2^,Check sum is 0
train,&;,Check sum is A
train,by,Check sum is ;
train,OQ,Check sum is @
train,%T,Check sum is Y
train,Sn,Check sum is !
train,8Z,Check sum is 2
train,cC,Check sum is F
train,9l,Check sum is E
train,>P,Check sum is .
train,t{,Check sum is O
train,4v,Check sum is J
train,nH,Check sum is V
train,P/,Check sum is _
train,7L,Check sum is #
train,QL,Check sum is =
train,S*,Check sum is ]
train,Yz,Check sum is 3
train,Pa,Check sum is Q
train,<e,Check sum is A
train,i#,"Check sum is ,"
train,nw,Check sum is E
train,MB,Check sum is /
train,76,Check sum is M
train,fv1,Check sum is -
train,Q>J,Check sum is 9
train,TVo,Check sum is 9
train,b}*,Check sum is )
train,PJb,Check sum is \
train,"
24",Check sum is P
train,U|K,Check sum is <
train,Yp],Check sum is F
train,1:q,Check sum is <
train,a_?,Check sum is _
train,rfK,Check sum is C
train,6z?,Check sum is O
train,tg7,Check sum is 2
train,RAU,Check sum is H
train,nEE,Check sum is X
train,YXc,Check sum is 4
train,nCN,Check sum is _
train,.j8,Check sum is 0
train,}N#,Check sum is N
train,7y[,Check sum is +
train,2Vg,Check sum is O
train,"T,
",Check sum is *
train,#vr,Check sum is +
train,df8,"Check sum is """
train,LQ4,Check sum is 1
train,? _,Check sum is ^
train,Bl:,Check sum is H
train,UU[,Check sum is %
train,6d),Check sum is #
train,|ef,Check sum is '
train,-nj,Check sum is %
train,ERA,Check sum is 8
train,y[$,Check sum is X
train,.9b,Check sum is )
train,*#q,Check sum is ^
train, L9,Check sum is E
train,m8D,Check sum is I
train,}\?,Check sum is 8
train,N'C,Check sum is X
train,ka#,Check sum is O
train,%< ,Check sum is !
train,uVZ,Check sum is E
train,|{k,Check sum is B
train,AKf,Check sum is R
train,H%b,Check sum is /
train,$kT,Check sum is C
train,P&',Check sum is =
train,K?g,Check sum is Q
train,pBx,Check sum is J
train,"c""}","Check sum is """
train,"v.m/f?Dt=	,u*\	vTHe#K|y!C6JW(s^G/4Gx'f`?2qG",Check sum is @
train,"7;88dOp
Q",Check sum is @
train,jOBSM/JHL;\}P]AG%	e(nvcL'RF}7u %2H1Ws4m,"Check sum is """
train,"moB~n3?dHKffOg~2B~,HF#USzvz7R96yp36%G!w?Z
Ux&<\",Check sum is 0
train,cEzc]GY+4YXfq!LO,Check sum is E
train,dR}Ue\[*c5~e[x$NM8'x+wR	1e,Check sum is %
train,wbz`7duk&,Check sum is 4
train,"%`Uec 9-p5rwTX

n=xE",Check sum is >
train,"""[t1|NsRA\,a[@+UDZhS@&W`k	wJCHX"":ds",Check sum is W
train,"g*?:%t.`+`Yf[y;^D>ED08""7:1g#gRCO
Evy4&Rb",Check sum is  
train,"jkfvq
<Va~og~FY6``WHL2~)y-o= n|3Tfi%_O",Check sum is /
train,!Q<MbInRZ<OJ~mR(B~_}_Cn- YBTj	_A{_ex9OE&(]zuk,Check sum is ^
train,w1@zQ+d#:^m3`q-fS<BG-l,Check sum is R
train,J[#*- 0ZgSeylhLk5MYa5,Check sum is =
train,"mf>""Z3U115yYWRw=7|+f%xmz,ARX""u^",Check sum is O
train,"""kV0C^c""_=\+<5b35snw#r<%<,&W",Check sum is *
train,"r'L^U	QW}k0iKhkrBm;/vg""Au0R=m	",Check sum is =
train,"u]pVzcav%, Z&AY[ego:%<Uo+",Check sum is W
train,=0V(&-oa@'PQ?lho]DZ@kxff 7^#}1~4_KJ)n^L7.Migxk,Check sum is 4
train,7M9uxL*w)SBKaY|Z0-2av9,Check sum is /
train,J$~!\VK'^&KBIP vu)W1<hOe*Ehp,Check sum is V
train,-.=NHlsI?A,Check sum is 6
train,=[S>4U|e,Check sum is 3
train,"S%uh{yov)c
	%D>aXU ,9^m m",Check sum is ?
train,">q$ol+b^>7
	#(PVq\$Y&b#6l%>K""",Check sum is Y
train,QwA,Check sum is )
train,"b""8A^f]!*xy`E9r&g09\8_$7Rq",Check sum is Q
train,"K_em#<+p5""cV W?0Ql_0|<h",Check sum is 8
train,"Wc4d#NE""EqEdMl8tv3*%7X7N`%Bm)M}ltbW@6R7J=4Yp~=}",Check sum is U
train,7R7&_LTsv,Check sum is .
train,#5H`NYZ3:X0K61IdIg;nN&/lR_x?;P^?'<oxc-*dH.,Check sum is K
train,"qla`(]Xz;Yiw
TNc8X!^FMwHGw	WRf""h(-%NA>",Check sum is  
train,"p@zSr64Di:@wk,_'sP"",O'Vvpd5&q^2k,MF",Check sum is !
train,"a-v`;|0&(ZIK>5Xq5,RIeq_vn;(^ADGx&6",Check sum is Y
train,"Q,J>X6B7B%[)5o_@yiliq(IPNzqfDOQV?#dsP0'FS1BrEs5",Check sum is '
train,"
IbU"":`@$""30`\)w6 ;eq^w|y",Check sum is \
train,"P R?(PXhC3vfx""HJj.+H=Zt}W]h*$KR>=i	@f;UE}G$",Check sum is A
train,m0;R*(+unMKbZ<K:X%<o(TSLK{I46|{Uus,Check sum is /
train,"dskiiX%U:a84%Z4LhRz,#V`&+u/c",Check sum is ]
train,j`xqzO^?_c<Po,Check sum is 6
train,h;WG5!c[O'Jn3,Check sum is V
train,PnCzVGv|K%-HOA	6RR(k~yK&/{Dj5a8T^dD0:,Check sum is '
train,9<S(Im~6fsSJlJx|14F,Check sum is E
train,"r2HtDBn>)4>,ay",Check sum is S
train,EfzgYLL5?='WvqtsrWq/84%KfxY6!yEPd=A5Z}uq( Dd,Check sum is ?
train,lL*GlJ>[0<,Check sum is D
train,k 3,Check sum is ^
train,1@~U-!yx~6~02o?{9@<]NK},Check sum is H
train,"OA(laK]HA$<Hy/I\iIPT`
IR4%U\[0VyeMe	+7u_T,fWbc%",Check sum is G
train,"<	qreP7+uyn,bdv",Check sum is #
train,"s=/RT;6]>7?Ztl31Srkp]zM""O*0<OFxR",Check sum is /
train,&p_,Check sum is U
train,"Q,F;C|dJon*Mr_6igU||Rco^ceG1\[Rua}]3k8",Check sum is T
train,"D[aOOT^idff Xg!TvVQ.+
]{	PWBGXR]po2I$|(7/	~&C=7X+3",Check sum is W
train,"+Lz,?~Eg$RP 7y[\~O/T}r A|T",Check sum is #
train,"
j%(w:3$PJ31|L*Qtwd'+~><C2""kW7V",Check sum is )
train,u|c%	81aoY#O_;7EV<FxH,Check sum is T
train,"c%QR38,Nsx@1HTZ??/r<+IVXpq#+_ lb4",Check sum is /
train,y.EPKC<?=3j[,Check sum is Z
train,"}XvA?1S=pA,6+@p wXXQv0",Check sum is X
train,Uw:ViO$2Xa)ZkM4Ja]D`k,Check sum is I
train,Du&vg;h+MMejGba,Check sum is ]
train,",des/
^}8G_b!C$Og(h``sKs9-( u|AY(WCA+~wt",Check sum is +
train,@~96-7<!uXHs%I(,"Check sum is ,"
train,"h6y~PK#O*/q@3la%RcGQW}-
0W_B$vm2LOw	]8BMauM JHXZ",Check sum is 0
train,"z_4yO,/@""w>c5kOj1?J;,OYr8S=E',=x~`&;+P<V<}kk-|h",Check sum is _
train,"ZnNc_:LQUeq!
{bv	6`X",Check sum is /
train,;;i|wk)aoR8S	@%q&]<>dAghCLPvHd`@2WK*I~Mp~UO5=`Y,Check sum is 3
train,z^>KQ^1	1>{9iA=n1@c(M@4fJi.;=U>'?]3iF@XU} R,Check sum is 2
train,x5+L/	:,Check sum is 6
train,$ddCx:E9	(86~*hI=a19t/(,Check sum is J
train,%3 $tnpkc%5>vWo3&Z>X^AA^%fPf]ye!O8O0t+&n}[z;o?87wv,Check sum is $
train,"x|0n97XvVih|.+G>s:F-DZC<6;lC+0:JLqrFm	h,uxET",Check sum is 2
train,zXW,Check sum is I
train,aoJ	VFI4Z+4OeE''Ss@)I11w t,Check sum is A
train,"4mhf.Y%>t5D:Z=YX	VuQ""=s*	0aUFN3",Check sum is ?
train,"=a_m!E""L%Ib*!&R	^KIa",Check sum is M
train,"'zx;OL.t>""!6:9ziQ@Y%|SkL|ZD4:]cZ>",Check sum is 3
train,q zIGS;i:H^(b(BCe%m'Hc,Check sum is R
train,yKP481nY)G,Check sum is H
train,"~Fb4LfFm,'}46@RMC?eY",Check sum is 8
train,'UWd.9ern5M4M&xi9d+{|pH;\to00JVQOu0$8`)h@,Check sum is P
train,"ES^2*._VBC=1,+u-6$vPjy
9C^0pU4}O}U!~XW;",Check sum is 8
train,"<C2EbG6_d(pv+=5m|hht~)(`(8?&lR_gd0of5:db\NeY35;c""",Check sum is 6
train,"/#&r2::
Eor}][*~^",Check sum is [
train,QXsOW/WR11p$M`mn0X|p?<Mim	o0&E@U,Check sum is 2
train,yy,Check sum is R
train,"Y[}^.=PV)fV2z]:7:(m>CiZ
S%k|hIS,\cU",Check sum is _
train,VjMw,Check sum is $
test,T8,"Check sum is ,"
test,@q,Check sum is Q
test,aj,Check sum is +
test,3R,Check sum is %
test,	I,Check sum is 2
test,BX,Check sum is :
test,	M,Check sum is 6
test,Vk,Check sum is !
test,p3,Check sum is C
test,B1,Check sum is S
test,Ha,Check sum is I
test,[J,Check sum is E
test,f?,Check sum is E
test,Mh,Check sum is U
test,'),Check sum is 0
test,0(,Check sum is 8
test,<},Check sum is Y
test,NV,Check sum is D
test,6h,Check sum is >
test,6u,Check sum is K
test,fm,Check sum is 3
test,"""|",Check sum is >
test,t$,Check sum is 8
test,xY,Check sum is 1
test,`[,Check sum is [
test,"""*","Check sum is ,"
test,"""3",Check sum is 5
test,t8,Check sum is L
test,:/,Check sum is I
test,q[,"Check sum is ,"
test,K',Check sum is R
test,_(,Check sum is '
test,@S,Check sum is 3
test,Ys,"Check sum is ,"
test,'.,Check sum is 5
test,+q,Check sum is <
test,CI,"Check sum is ,"
test,~J,Check sum is (
test,HO,Check sum is 7
test,>*,Check sum is H
test,"""U",Check sum is W
test,;(,Check sum is C
test,&N,Check sum is T
test,~x,Check sum is V
test,#I,Check sum is L
test,H7,Check sum is _
test,t%,Check sum is 9
test,#5,Check sum is 8
test,/W,Check sum is &
test,6k,Check sum is A
test,!o,Check sum is 0
test,Un,Check sum is #
test,Fp,Check sum is V
test,>k,Check sum is I
test,FS,Check sum is 9
test,O.,Check sum is ]
test,"z""",Check sum is <
test,Si,Check sum is \
test,`O,Check sum is O
test,6p,Check sum is F
test,&p,Check sum is 6
test,WF,Check sum is =
test,C/,Check sum is R
test,=~,Check sum is [
test,|w,Check sum is S
test,xE,Check sum is ]
test,Rv,Check sum is (
test,y1,Check sum is J
test,lZ,Check sum is &
test,+F,Check sum is Q
test,]h,Check sum is %
test,]K,Check sum is H
test,"
V",Check sum is @
test,K-,Check sum is X
test,i?,Check sum is H
test,3t,Check sum is G
test,x	,Check sum is !
test,^:,Check sum is 8
test,>B,Check sum is  
test,'=,Check sum is D
test,fl,Check sum is 2
test,EA,Check sum is &
test,",|",Check sum is H
test,r5,Check sum is G
test,21,Check sum is C
test,9N,Check sum is '
test,}t,Check sum is Q
test,M{,Check sum is (
test,G9,Check sum is  
test,J},Check sum is '
test,Vm,Check sum is #
test,}<,Check sum is Y
test,z/,Check sum is I
test,f%,Check sum is +
test,zA,Check sum is [
test,Ys,"Check sum is ,"
test,M ,Check sum is M
test,3m,Check sum is @
test,$S,Check sum is W
test,_c,"Check sum is """
test,7-,Check sum is D
test,FX,Check sum is >
test, :,Check sum is :
test,S%,Check sum is X
test,6X,Check sum is .
test,mY,Check sum is &
test,#p,Check sum is 3
test,YG,Check sum is @
test,{+,Check sum is F
test,	`,Check sum is I
test,"""_",Check sum is !
test,PS,Check sum is C
test,48,Check sum is L
test,=I,Check sum is &
test,~Q,Check sum is /
test,Cp,Check sum is S
test,a2,Check sum is 3
test,fu,Check sum is ;
test,$c,Check sum is '
test,&=,Check sum is C
test,"d,",Check sum is 0
test,iH,Check sum is Q
test,n|,Check sum is J
test,/A,Check sum is P
test,Zq,Check sum is +
test,Aa,Check sum is B
test,6r,Check sum is H
test,NR,Check sum is @
test,tp,Check sum is D
test,'*,Check sum is 1
test,W%,Check sum is \
test,.p,Check sum is >
test,#@,Check sum is C
test,",S",Check sum is _
test,z_,Check sum is 9
test,75,Check sum is L
test,L`,Check sum is L
test,:u,Check sum is O
test,dS,Check sum is W
test,w%,Check sum is <
test,X|,Check sum is 4
test,^@,Check sum is >
test,}l,Check sum is I
test,"
~",Check sum is (
test, 5,Check sum is 5
test,Q(,Check sum is Y
test,H$,Check sum is L
test,hE,Check sum is M
test,h$,"Check sum is ,"
test,0`,Check sum is 0
test,&>,Check sum is D
test,(o,Check sum is 7
test,6-,Check sum is C
test,ud,Check sum is 9
test,sX,Check sum is +
test,Z',Check sum is !
test,`o,Check sum is /
test,`n,Check sum is .
test,M$,Check sum is Q
test,k7,Check sum is B
test,8[,Check sum is 3
test,6H,Check sum is ^
test,w_,Check sum is 6
test,dX,Check sum is \
test,h{,Check sum is C
test,Wb,Check sum is Y
test,QP,Check sum is A
test, 8,Check sum is 8
test,B6,Check sum is X
test,r!,Check sum is 3
test,3|,Check sum is O
test,{i,Check sum is D
test,T},Check sum is 1
test,n_,Check sum is -
test,w[,Check sum is 2
test,F+,Check sum is Q
test,H!,Check sum is I
test,7y,Check sum is P
test,or,Check sum is A
test,n;,Check sum is I
test,|s,Check sum is O
test,h3,Check sum is ;
test,"+
",Check sum is U
test,U*,Check sum is _
test,Mq,Check sum is ^
test,N8,Check sum is &
test,5Y,Check sum is .
test,vb,Check sum is 8
test,< ,Check sum is <
test,_u,Check sum is 4
test,@E,Check sum is %
test,:Q,Check sum is +
test,9\,Check sum is 5
test,%j,Check sum is /
test,@c,Check sum is C
test,.a,Check sum is /
test,UF,Check sum is ;
test,n/,Check sum is =
test,",y",Check sum is E
test," ,","Check sum is ,"
test,`T,Check sum is T
test,YX,Check sum is Q
test,"
+",Check sum is U
test,h-,Check sum is 5
test,-s,Check sum is @
test,}r,Check sum is O
test,H(,Check sum is P
test,hP,Check sum is X
test,u2,Check sum is G
test,+M,Check sum is X
test,"""o",Check sum is 1
test,U],Check sum is R
test,)o,Check sum is 8
test,c9,Check sum is <
test,jD,Check sum is N
test,Td,Check sum is X
test,3\,Check sum is /
test,D.,Check sum is R
test,/c,Check sum is 2
test,`m,Check sum is -
test,W\,Check sum is S
test,",/",Check sum is ;
test,&<,Check sum is B
test,	y,"Check sum is """
test,7Z,Check sum is 1
test,Y\,Check sum is U
test,DQ,Check sum is 5
test,Em,Check sum is R
test,ko,Check sum is :
test,L1,Check sum is ]
test,Fr,Check sum is X
test,1W,Check sum is (
test,>E,Check sum is #
test,CX,Check sum is ;
test,$},Check sum is A
test,J3,Check sum is ]
test,(`,Check sum is (
test,`6,Check sum is 6
test,z~,Check sum is X
test,N3,Check sum is !
test,jC,Check sum is M
test,",H",Check sum is T
test,"""i",Check sum is +
test,J~,Check sum is (
test,t[,Check sum is /
test,4N,"Check sum is """
test,rQ,Check sum is #
test,*5,Check sum is ?
test,qf,Check sum is 7
test,A),Check sum is J
test,qG,Check sum is X
test,'b,Check sum is )
test,`;,Check sum is ;
test,]*,Check sum is '
test,.R,Check sum is  
test,Zk,Check sum is %
test,V',Check sum is ]
test,"&""",Check sum is (
test,AK,"Check sum is ,"
test,)n,Check sum is 7
test,?W,Check sum is 6
test,Dq,Check sum is U
test,kg,Check sum is 2
test,<{,Check sum is W
test,lw,Check sum is C
test,pH,Check sum is X
test,NV,Check sum is D
test,@o,Check sum is O
test,.e,Check sum is 3
test,FF,"Check sum is ,"
test,d#,Check sum is '
test,pu,Check sum is E
test,	+,Check sum is T
test,m@,Check sum is M
test,4/,Check sum is C
test,>d,Check sum is B
test,sv,Check sum is I
test,\O,Check sum is K
test,s',Check sum is :
test,tr,Check sum is F
test,Y',Check sum is  
test,o>,Check sum is M
test,cd,Check sum is '
test,Dz,Check sum is ^
test,e?,Check sum is D
test,U/,Check sum is $
test,}A,Check sum is ^
test,q9,Check sum is J
test,{`,Check sum is ;
test,fE,Check sum is K
test,&7,Check sum is =
test,Q7,Check sum is (
test,Q},Check sum is .
test,O9,Check sum is (
test,T-,Check sum is !
test,YF,Check sum is ?
test,Zw,Check sum is 1
test,U	,Check sum is >
test,G/,Check sum is V
test,	U,Check sum is >
test,6k,Check sum is A
test,"
F",Check sum is 0
test,{C,Check sum is ^
test,gX,Check sum is _
test,"""{",Check sum is =
test,=Y,Check sum is 6
test,p-,Check sum is =
test,">""",Check sum is @
test,",C",Check sum is O
test,'d,Check sum is +
test,.T,"Check sum is """
test,2Q,Check sum is #
test,jV,Check sum is  
test,6%,Check sum is ;
test,R!,Check sum is S
test,D+,Check sum is O
test,%p,Check sum is 5
test,!_,Check sum is  
test,2.,Check sum is @
test,+/,Check sum is :
test,k%,Check sum is 0
test,U=,Check sum is 2
test,.f,Check sum is 4
test,r[,Check sum is -
test,q*,Check sum is ;
test,0[,Check sum is +
test,Ew,Check sum is \
test,ZB,Check sum is <
test,"e
",Check sum is O
test,<',Check sum is C
test,tJ,Check sum is ^
test,Ki,Check sum is T
test,h\,Check sum is $
test,}=,Check sum is Z
test,c8,Check sum is ;
test,2N,Check sum is  
test,9e,Check sum is >
test,=i,Check sum is F
test,-c,Check sum is 0
test,r&,Check sum is 8
test,Wc,Check sum is Z
test,j@,Check sum is J
test,<j,Check sum is F
test,jF,Check sum is P
test,&],Check sum is #
test,d8,Check sum is <
test,oj,Check sum is 9
test,@a,Check sum is A
test,KC,Check sum is .
test,^U,Check sum is S
test,rk,Check sum is =
test,t=,Check sum is Q
test,vF,Check sum is \
test,f',Check sum is -
test,EY,Check sum is >
test,Ir,Check sum is [
test,n=,Check sum is K
test,Z@,Check sum is :
test,~?,Check sum is ]
test,PD,Check sum is 4
test,X	,Check sum is A
test,O),Check sum is X
test,Dr,Check sum is V
test,eF,Check sum is K
test,_S,Check sum is R
test,",>",Check sum is J
test,)P,Check sum is Y
test,wX,Check sum is /
test, u,Check sum is 5
test,?+,Check sum is J
test,w5,Check sum is L
test,sy,Check sum is L
test,oj,Check sum is 9
test,j{,Check sum is E
test,ZB,Check sum is <
test,/I,Check sum is X
test,+q,Check sum is <
test,3?,Check sum is R
test,{Q,"Check sum is ,"
test,lx,Check sum is D
test,6d,Check sum is :
test,kq,Check sum is <
test,8`,Check sum is 8
test,K?,Check sum is *
test,eS,Check sum is X
test,Lp,Check sum is \
test,=I,Check sum is &
test,J{,Check sum is %
test,Ct,Check sum is W
test,y*,Check sum is C
test,B ,Check sum is B
test,/`,Check sum is /
test,	=,Check sum is &
test,.Q,Check sum is _
test,57,Check sum is L
test,a-,Check sum is .
test,SX,Check sum is K
test,<e,Check sum is A
test,/~,Check sum is M
test,7R,Check sum is )
test,-P,Check sum is ]
test,|P,"Check sum is ,"
test,Ri,Check sum is [
test,e	,Check sum is N
test,zz,Check sum is T
test,gQ,Check sum is X
test,3c,Check sum is 6
test,Gp,Check sum is W
test,i%,Check sum is .
test,En,Check sum is S
test,.$,Check sum is 2
test,(?,Check sum is G
test,~*,Check sum is H
test,]J,Check sum is G
test,.5,Check sum is C
test,xB,Check sum is Z
test,"4,",Check sum is @
test,j@,Check sum is J
test,3G,Check sum is Z
test,#f,Check sum is )
test,'W,Check sum is ^
test,@*,Check sum is J
test,Ga,Check sum is H
test,WR,Check sum is I
test,j',Check sum is 1
test,Gn,Check sum is U
test,|n,Check sum is J
test,pP,Check sum is  
test,"Z""",Check sum is \
test,}c,Check sum is @
test,^|,Check sum is :
test,wB,Check sum is Y
test,S},Check sum is 0
test,VH,Check sum is >
test,u0,Check sum is E
test,T%,Check sum is Y
test,@n,Check sum is N
test,$o,Check sum is 3
test,+[,Check sum is &
test,TT,Check sum is H
test,"},",Check sum is I
test,18,Check sum is I
test,;w,Check sum is R
test,6/,Check sum is E
test,;J,Check sum is %
test,KG,Check sum is 2
test,?f,Check sum is E
test,p4,Check sum is D
test,Y+,Check sum is $
test,8o,Check sum is G
test,Sg,Check sum is Z
test,JS,Check sum is =
test,wJ,Check sum is !
test,' ,Check sum is '
test,zJ,Check sum is $
test,3<,Check sum is O
test,q-,Check sum is >
test,%f,Check sum is +
test,bm,Check sum is /
test,A>,Check sum is _
test,1},Check sum is N
test,U0,Check sum is %
test,}X,Check sum is 5
test,1T,Check sum is %
test,Ys,"Check sum is ,"
test,r2,Check sum is D
test,3&,Check sum is 9
test,l	,Check sum is U
test,-;,Check sum is H
test,n`,Check sum is .
test,j(,Check sum is 2
test,QL,Check sum is =
test,+G,Check sum is R
test,"
K",Check sum is 5
test,Zn,Check sum is (
test,"I,",Check sum is U
test,$/,Check sum is 3
test,"
J",Check sum is 4
test,$v,Check sum is :
test,HC,Check sum is +
test,: ,Check sum is :
test,5-,Check sum is B
test,k!,"Check sum is ,"
test,&{,Check sum is A
test,"
-",Check sum is W
test,"~,",Check sum is J
test,Tw,Check sum is +
test,*$,Check sum is .
test,(5,Check sum is =
test,$M,Check sum is Q
test,>g,Check sum is E
test,]w,Check sum is 4
test,\q,Check sum is -
test,"5""",Check sum is 7
test,%[,Check sum is  
test,B-,Check sum is O
test,I+,Check sum is T
test,R0,"Check sum is """
test,j%,Check sum is /
test,"N,",Check sum is Z
test,gja,Check sum is R
test,6Jv,Check sum is V
test,fZW,Check sum is 7
test,"
R[",Check sum is W
test,+4U,Check sum is T
test,>?G,Check sum is $
test,DD?,Check sum is '
test,"Pf,",Check sum is B
test,`qP,Check sum is A
test,vr<,Check sum is D
test,y-M,Check sum is S
test,4%s,"Check sum is ,"
test,Vc9,Check sum is R
test,Yb},Check sum is X
test,){g,Check sum is +
test,+tG,Check sum is F
test,O=b,Check sum is N
test,z-z,Check sum is A
test,"Y,""",Check sum is G
test,Tui,Check sum is R
test,2vV,Check sum is ^
test,"
n5",Check sum is M
test,43],Check sum is $
test,{{5,Check sum is K
test,<\H,Check sum is @
test,!b},Check sum is  
test,D*S,Check sum is !
test,ZZo,Check sum is C
test,$}D,Check sum is E
test,D`1,Check sum is 5
test,4\',Check sum is W
test,"*e
",Check sum is 9
test,>GI,Check sum is .
test,Ne],Check sum is 0
test,Dlv,Check sum is F
test,:QB,Check sum is -
test,LBN,Check sum is <
test,joC,Check sum is <
test,'9g,Check sum is '
test,R\z,Check sum is H
test,jrN,Check sum is J
test,"e,i",Check sum is Z
test,H;{,Check sum is ^
test,]cu,Check sum is U
test,yD2,Check sum is O
test,eD=,Check sum is F
test,a1(,Check sum is Z
test,]):,Check sum is  
test,#]a,Check sum is A
test,oz`,Check sum is )
test,jYu,Check sum is X
test,STW,Check sum is ^
test,k8 ,Check sum is #
test,bhY,Check sum is C
test,60&,"Check sum is ,"
test,|Qy,Check sum is &
test,pwk,Check sum is 2
test,cNK,Check sum is \
test,?bw,Check sum is 8
test,D)4,Check sum is A
test,F^%,Check sum is )
test,(y&,Check sum is '
test,!o4,Check sum is $
test,orE,Check sum is F
test,:nm,Check sum is 5
test,a#/,Check sum is S
test,<($,Check sum is (
test,t]q,"Check sum is """
test,iMm,Check sum is C
test,-Dg,Check sum is 8
test,M;;,Check sum is #
test,lX#,Check sum is G
test,Js6,Check sum is S
test,vcN,Check sum is G
test,XVc,Check sum is 1
test,#p{,Check sum is .
test,wl6,Check sum is 9
test, 5=,Check sum is 2
test,?Lq,Check sum is \
test,y	P,Check sum is 2
test,"%,.",Check sum is _
test,d^X,Check sum is :
test,B&1,Check sum is 9
test,%$u,Check sum is ^
test,($_,Check sum is K
test,:L.,Check sum is T
test,G&!,Check sum is .
test,MMK,Check sum is E
test,"3R,",Check sum is Q
test,'S	,Check sum is #
test,$9',Check sum is $
test,"
5=",Check sum is \
test,"]~,",Check sum is '
test,'Qe,Check sum is =
test,d&y,Check sum is #
test,PZB,Check sum is L
test,bgS,Check sum is <
test,wFB,Check sum is _
test,;-m,Check sum is 5
test,7Z=,Check sum is .
test,YmL,Check sum is 2
test,	Sh,Check sum is $
test,7W.,Check sum is \
test,'N9,Check sum is N
test,P{T,Check sum is ?
test,{CU,Check sum is 3
test,;\X,Check sum is O
test,N_W,Check sum is $
test,X!t,Check sum is M
test,5CJ,"Check sum is """
test,>\B,Check sum is <
test,I`%,Check sum is .
test,\4A,Check sum is 1
test,.Ow,Check sum is T
test,>bJ,Check sum is J
test,",Mj",Check sum is C
test,"u,@",Check sum is A
test,"CP
",Check sum is =
test,925,Check sum is @
test,",$q",Check sum is !
test,)fC,Check sum is 2
test,X<;,Check sum is /
test,.1e,Check sum is $
test,:i%,Check sum is (
test,XH/,Check sum is /
test,VTg,Check sum is 1
test,"3H
",Check sum is %
test,CC2,Check sum is X
test,7f ,Check sum is ]
test,F`K,Check sum is Q
test,P:Y,Check sum is C
test,"a
F",Check sum is Q
test,fs!,Check sum is Z
test,+:0,Check sum is 5
test,y`@,Check sum is 9
test,{A.,Check sum is J
test,"""#
",Check sum is /
test,Cb	,Check sum is N
test,9fL,Check sum is K
test,C)8,Check sum is D
test,ogq,Check sum is '
test,e2/,Check sum is &
test,J[},Check sum is B
test,C7B,Check sum is \
test,'n=,Check sum is 2
test,"d,u",Check sum is %
test,_{|,Check sum is 6
test, G=,Check sum is D
test,jFf,Check sum is 6
test,QFQ,Check sum is H
test,buN,Check sum is E
test,ZC*,Check sum is '
test,JKE,Check sum is :
test,k)=,Check sum is 1
test,EP<,Check sum is 1
test,n:@,Check sum is H
test,"
};","Check sum is """
test,p6K,Check sum is Q
test,E=i,Check sum is K
test,.7w,Check sum is <
test,m>y,Check sum is D
test,LAe,Check sum is R
test,fn-,Check sum is !
test,iIr,Check sum is D
test,`*K,Check sum is 5
test, {g,"Check sum is """
test,27I,Check sum is R
test,/Wc,Check sum is I
test,*vS,Check sum is S
test,Qy},Check sum is '
test,5|F,Check sum is W
test,mN>,Check sum is Y
test,x<N,"Check sum is """
test,#n<,Check sum is -
test,F*X,Check sum is (
test,]`;,Check sum is X
test,w a,Check sum is X
test,T|C,Check sum is 3
test,g|p,Check sum is 3
test,	@f,Check sum is O
test,O=t,Check sum is  
test,YNR,Check sum is Y
test,5eZ,Check sum is T
test,KTU,Check sum is T
test,e6e,Check sum is  
test,sa>,Check sum is 2
test,6X/,Check sum is ]
test,[e_,Check sum is ?
test,A*^,Check sum is )
test, I!,Check sum is *
test,15n,Check sum is 4
test,dL),Check sum is 9
test,"],`",Check sum is I
test,$jZ,Check sum is H
test,C	~,Check sum is *
test,e(|,Check sum is )
test,G\',Check sum is *
test,@eY,Check sum is ^
test,}`t,Check sum is 1
test,Cs],Check sum is 3
test,JA(,Check sum is S
test,0<g,Check sum is 3
test,\9C,Check sum is 8
test,D.H,Check sum is Z
test,c{:,Check sum is 8
test,r4z,Check sum is @
test,8O-,Check sum is T
test,s]1,Check sum is !
test,s^L,Check sum is =
test,3sR,Check sum is X
test,|}@,Check sum is Y
test,xUO,Check sum is <
test,".h
",Check sum is @
test,j*@,Check sum is 4
test,<Wk,Check sum is ^
test,3;i,Check sum is 7
test,&D_,Check sum is )
test,FUi,Check sum is $
test,FLG,Check sum is 9
test,(>%,Check sum is +
test,(O>,Check sum is U
test,`oM,Check sum is <
test,<LO,Check sum is 7
test,i9C,Check sum is E
test,{%=,Check sum is =
test,`|(,Check sum is $
test,Q$-,Check sum is B
test,QNl,Check sum is +
test,x9/,Check sum is @
test,"qu
",Check sum is P
test,ZOa,Check sum is *
test,:@e,Check sum is ?
test,"`~
",Check sum is H
test,:M^,Check sum is E
test,6+N,Check sum is O
test,Bh:,Check sum is D
test,'Jk,Check sum is <
test,D)k,Check sum is 8
test,RP^,Check sum is  
test,ks-,Check sum is +
test,PBI,Check sum is ;
test,OIW,Check sum is O
test,Nz~,Check sum is &
test,bP.,Check sum is @
test,@f^,Check sum is $
test,WwN,Check sum is <
test,HzR,Check sum is 4
test,hiv,Check sum is '
test,BLn,Check sum is \
test,VpF,"Check sum is ,"
test,x4A,Check sum is M
test,/dd,Check sum is W
test,Y?U,Check sum is M
test,G h,Check sum is /
test,=c;,Check sum is ;
test,zO[,Check sum is D
test,z^^,Check sum is V
test,{_},Check sum is 7
test,}h0,Check sum is 5
test,a`z,Check sum is [
test,6j6,Check sum is 6
test,)~ ,Check sum is '
test,<eV,Check sum is W
test,b`3,Check sum is U
test,dsW,Check sum is N
test,%e-,Check sum is W
test,+X/,Check sum is R
test,mO ,Check sum is <
test,?#Y,Check sum is [
test,:SB,Check sum is /
test,"{""|",Check sum is 9
test,%3J,Check sum is B
test,3a8,"Check sum is ,"
test,-Sw,Check sum is W
test,HN<,Check sum is 2
test,`kG,Check sum is 2
test,Y`O,Check sum is (
test,l:b,Check sum is (
test,"pp,","Check sum is ,"
test,jB',Check sum is 3
test,ela,Check sum is R
test,tzY,Check sum is '
test,m<),Check sum is 2
test,fP\,Check sum is 2
test,"""$0",Check sum is V
test,o&=,Check sum is 2
test,M>J,Check sum is 5
test, bl,Check sum is N
test,F0t,Check sum is J
test,4Dg,Check sum is ?
test,_sm,Check sum is _
test,KvR,Check sum is 3
test,I!<,Check sum is F
test,r/u,Check sum is 6
test,C&~,Check sum is G
test,V	W,Check sum is V
test,y_B,Check sum is :
test,"6?
",Check sum is _
test,?[H,Check sum is B
test,'-J,Check sum is >
test,3/n,Check sum is 0
test,GN ,Check sum is U
test,*4h,Check sum is &
test,)M3,Check sum is I
test,*F5,Check sum is E
test,-1`,Check sum is ^
test,jP9,Check sum is S
test,.D\,Check sum is .
test,t6!,Check sum is +
test,"""Qx",Check sum is K
test,{j ,Check sum is %
test,tcG,Check sum is >
test,\uk,Check sum is \
test,<m8,Check sum is A
test,c7O,Check sum is I
test,+qV,Check sum is R
test,0<A,Check sum is M
test,FFL,Check sum is 8
test,!'Q,Check sum is 9
test,?dV,Check sum is Y
test,/Ap,Check sum is @
test,|(Q,Check sum is U
test,#*G,Check sum is 4
test,Y\O,Check sum is $
test,Z:{,Check sum is /
test,lTa,Check sum is A
test,VDe,Check sum is _
test,23D,Check sum is I
test,-7V,Check sum is Z
test,c\a,Check sum is @
test,	t$,Check sum is A
test,T	Z,Check sum is W
test,3V%,Check sum is N
test,409,Check sum is =
test,iVM,"Check sum is ,"
test,<5p,Check sum is A
test,"b@""",Check sum is $
test,#`7,Check sum is Z
test,eF9,Check sum is D
test,bdE,Check sum is +
test,R`^,Check sum is 0
test,;d_,Check sum is ^
test,!$@,Check sum is %
test,UVA,Check sum is L
test,5qq,Check sum is 7
test,)[z,Check sum is ^
test,;NA,Check sum is *
test,M5s,Check sum is U
test,66E,Check sum is Q
test,oab,Check sum is R
test,ffQ,Check sum is =
test,UbM,Check sum is $
test,gg/,Check sum is ]
test,jMo,Check sum is F
test,_X&,Check sum is =
test,"d,t",Check sum is $
test,'s~,Check sum is 8
test,Rt5,Check sum is [
test,"`,V",Check sum is B
test,W|[,Check sum is N
test,te;,Check sum is 4
test,A%e,Check sum is +
test,;`%,Check sum is  
test,_ y,Check sum is X
test,2gU,Check sum is N
test,!IT,Check sum is ^
test,Yp8,Check sum is !
test,@mF,Check sum is S
test,Z7-,Check sum is ^
test,A;a,Check sum is =
test,"H,1",Check sum is E
test,srU,Check sum is Z
test,W/x,Check sum is ^
test,-U2,Check sum is T
test,Z`u,Check sum is O
test,+gd,Check sum is V
test,PlF,"Check sum is """
test,2\O,Check sum is =
test,*|Q,Check sum is W
test,KGR,Check sum is D
test,y-K,Check sum is Q
test,[gm,Check sum is O
test,mu*,"Check sum is ,"
test,0zT,Check sum is ^
test,v]-,Check sum is  
test,pO9,Check sum is X
test,Jo),Check sum is B
test,`H0,Check sum is 8
test,Fu+,Check sum is F
test,FQ&,Check sum is ]
test,2+.,Check sum is +
test,L3~,Check sum is ]
test,lf@,Check sum is 2
test,LB4,"Check sum is """
test,z35,Check sum is B
test,}WU,Check sum is I
test,ZW8,Check sum is I
test,Tbn,Check sum is D
test,W=+,Check sum is _
test,r&A,Check sum is 9
test,+32,Check sum is 0
test,Nkz,Check sum is S
test,jNG,Check sum is _
test,"[p""",Check sum is M
test,g7z,Check sum is 8
test,I\t,Check sum is 9
test,./@,Check sum is =
test,gG/,Check sum is =
test,;V/,Check sum is  
test,R$b,Check sum is 8
test,lBS,Check sum is !
test,bP\,Check sum is .
test,lbn,Check sum is \
test,q?6,Check sum is F
test,"'""[",Check sum is D
test,"
4q",Check sum is O
test,"f,j",Check sum is \
test,?uC,Check sum is W
test,?T5,Check sum is (
test,GwW,Check sum is 5
test,%dg,Check sum is P
test,ye ,Check sum is ^
test,;e2,Check sum is 2
test,y?Y,Check sum is 1
test,~	(,Check sum is O
test,0TX,Check sum is <
test,9T{,Check sum is (
test,1=.,Check sum is <
test,"Zt""",Check sum is P
test,yt0,Check sum is =
test,KAF,Check sum is 2
test,6M%,Check sum is H
test,"~Q,",Check sum is [
test,~U',Check sum is Z
test,DGH,Check sum is 3
test,p^Z,Check sum is H
test,y;[,Check sum is /
test,G A,Check sum is H
test,q@!,Check sum is 2
test,gS:,Check sum is T
test,3?},Check sum is O
test,|)x,Check sum is =
test,Bi$,Check sum is /
test,~V9,Check sum is -
test,5c\,Check sum is T
test,"D
W",Check sum is E
test, M.,Check sum is ;
test,K4t,Check sum is S
test,2~B,Check sum is R
test,iFp,Check sum is ?
test,mCL,Check sum is \
test,@;Q,"Check sum is ,"
test,Y$',Check sum is D
test,YW`,Check sum is 0
test,_pS,Check sum is B
test,=O	,Check sum is 5
test,",@A",Check sum is M
test,gcW,Check sum is A
test,#up,Check sum is (
test,",HE",Check sum is Y
test,8#B,Check sum is =
test,",Bt",Check sum is B
test,	(X,Check sum is )
test,CuQ,Check sum is )
test,1B1,Check sum is D
test,}h	,Check sum is N
test,chn,Check sum is Y
test,I&f,Check sum is 5
test,I 4,Check sum is =
test,t[d,Check sum is S
test,.Aj,Check sum is 9
test,T`{,Check sum is O
test,%?5,Check sum is 9
test,oN	,Check sum is &
test, 7^,Check sum is U
test,cAP,Check sum is T
test,B<M,Check sum is +
test,?	A,Check sum is )
test,'%Q,Check sum is =
test, ^g,Check sum is E
test,}t2,Check sum is C
test,]&<,Check sum is _
test,]_',Check sum is C
test,97E,Check sum is U
test,*|&,"Check sum is ,"
test,5CB,Check sum is Z
test,:`~,Check sum is 8
test,)[N,Check sum is 2
test,"
j&",Check sum is :
test,&Vm,Check sum is I
test,Tm$,Check sum is E
test,%rT,Check sum is K
test,TN|,Check sum is >
test,",X(",Check sum is L
test,TS~,Check sum is E
test,0{n,Check sum is 9
test,d[|,Check sum is [
test,{'@,Check sum is B
test,A6[,Check sum is 2
test,nE',Check sum is :
test,"IR9rb""W1(T4U(CEi[,STBzk!wtD5vM`VDRSn>sZHR9",Check sum is X
test,pSY!n#J9[wuO:XOPmO` lr5^uQ=yDC\?u`t,Check sum is L
test,"E2gD`,1*""hA5$49|pMMrj6#w**Cd+$Ms`SE=rV$+Lh<p","Check sum is """
test,"+3R""mk|'wmA]{>!GU?SN/dQ-C!#-m~EwW`A0u!Ss#bChQi$eIE",Check sum is 6
test,",V","Check sum is """
test,"FE2By^1Je}4#`*cpYAJ^w4Fx-Xmy.A7dxjqdH9.
g$6C2h",Check sum is 5
test,?D.Afw 3Px_pm*2o#!2;R&RjyKY8 zPZl9lxM'e1:#}1C01#,Check sum is 4
test,"<<gP(@9?s?STio(
yjP	qXVWn-]| >",Check sum is V
test,>_4=</#p}WJw>)(9QmCCji#u	wj,"Check sum is """
test,@ZJALx=	T kF,Check sum is 4
test," kwe6]~JRrl.%Xm`|U""+DhJSh.%1;4)*<Da2&M/n$2>&*6  l/",Check sum is 7
test,"N[Vj8\A`
4lEcD	Po",Check sum is \
test,".mD_U,3fejiJEzKtF[.
h",Check sum is 9
test,"h?AxA8xX.a>5OFG(V1ssg7F""p`pfV(]%46Lc|_Nt'",Check sum is E
test,"^O3d][sN
3B+.wp$KxHW]1b&SZ",Check sum is %
test,x]8=-?;4&@C>x{hJ ^w.9T,Check sum is A
test,4SNYY& Y8[`~@F*'L~0wc)2lG%}B.nQ]y|Y*_M9:&!kD{,Check sum is &
test,wb-5y5x>t&;@<U;|dLarwB$Y<.)EVmB+FT,Check sum is 7
test,FIBhBcsrdosK1`Bj~$_/IOrV]'7;ELo0V/c[R	9jD,"Check sum is ,"
test,8:-o,Check sum is .
test,"g-,_20%)raIfE\Q(LZ3on&W	/i",Check sum is _
test,"_L7R&G|	,@#
|m<PuT!K	y4@EB|",Check sum is B
test,;FhOu;&Tt-(6prmC1#)op1qyC8,Check sum is E
test,-*=>[LUAvYRE}|R[Sg-h%q@cXxnj~b|Z,Check sum is !
test,oWC#lN	mr+]tZ,Check sum is D
test,oW0Mav	b~vT9/O,Check sum is $
test,Pod$Qe7O~mJgH/[;q^,Check sum is [
test,WS,Check sum is J
test,"R""%Pmb*m),&^&|yBt|(/5|kGfbV *lk~GC6d",Check sum is 0
test,`s$zB>w)A6bV#,Check sum is C
test,7wvZwIj%M|eyBN1=$,Check sum is 6
test,"Mwz3H2\,WCd",Check sum is Q
test,dVs>,Check sum is K
test,|`U${]Q+,Check sum is I
test,"m=-7>tCzi_(Z;Y y,i""6 R",Check sum is 3
test,*X:iYFS1e'yGIm,Check sum is *
test,t0G}wKLFP,"Check sum is ,"
test,\7qp8o<#W3QPSUMgb-5A]7m$zrI(#T',Check sum is F
test,T|L}T;,Check sum is H
test,"\gu(1 TAMy21rk+(6gftS1YX""g5]0 F5g(,o:+JtPfR-",Check sum is S
test,c<Ka9Gh5N8,Check sum is N
test,"""1 "":65AS""]megs`!*:zX:sbr5	czrm}&",Check sum is .
test,)7Z&&nXTFW(/6`w.W=[QEQZ. XE|c9xM021S,Check sum is M
test,"ccm[BHTN^""zP=F~;I#""?)6'",Check sum is 3
test,"d""H}{:5~G7RO1|CT""]U4",Check sum is >
test,"WiWKa@:I;0l}8'=KDr@f?^?&""Q@\lS=nV 5KqF(}
|z)yx(c",Check sum is /
test,"4KTui6v\#ZGF
y@N!y",Check sum is N
test,"	6@	hz	VrI J2C
X3	u8]-SD+ns`%(e&L){$KrFs",Check sum is =
test,"90rU:O8uKjC*{
s)XFoA\pu`|rf,3""~",Check sum is K
test,g|Ugrw6y~sAZ <,Check sum is ?
test,"Fuin!uU{EWj ?d55kICP 9kTw	@%T';Rz ;c,""'YV",Check sum is 3
test,"^(-(Dy,P,;U6K?DB}i__G,RdI+v",Check sum is -
test,"([p,]ly0~)(fOSJ92.UfaG	SXj!bL""E{QY3T%E.|)!Ky",Check sum is 0
test,=(@P4],Check sum is &
test,"5=.aNO_M1?vGJY3dO&0Wl'7j""uxy0x+AJ	EpDvf`SQW!]:)B",Check sum is C
test,"&Mi;WXB\i>lp~U5lCu5W.,\n#3m?5W#PV1C!'h(]=~R-qy]O",Check sum is 3
test,x/f*bM%H,Check sum is 3
test,gf7=*mQ lLfT&,Check sum is A
test,;;4x,Check sum is B
test,uKJa{dZs64%uC*v0m/\/4(Ow:hV~%p>;F03M'o,Check sum is '
test,"z-yBp1ZlGOTr	##tV,e\D
_<""5^",Check sum is )
test,"-YeDJCX9R1r5{yT""9w",Check sum is 1
test,[5RxT~s\HsIH9^,Check sum is >
test,<C7Vd([+qU!H}:W`tlqs'Z$],Check sum is !
test,gkqt`_k%@mxDCtMFU!fu S9X0VMn`JlWn`EJ^rVlx{	7L~,Check sum is H
test,6Q-c4b;=0)S3P=31oxWVOFu[VT,Check sum is 8
test,%^ %u!$?m]`XrwFQ:%,Check sum is B
test,Ia}QXw_OAc<[EK/@oE&xq \2BAz^s.#?\U1<Ua,Check sum is 2
test,b',Check sum is )
test,"9U\y)-dE_f+],;",Check sum is 6
test,q?yE:0 M+	fN*6@7i'_AP18O##,"Check sum is """
test,"j&$YKCGrMp4*_Ume/K}""6",Check sum is $
test,".v3I1P,I""t(NeRH-M&QIz)!8nQlPmeqrPb);^*|""v;o6/N",Check sum is 6
test,)G$4%ka[H_aJ\*zS-,Check sum is F
test,c1LJ3>eb^,Check sum is  
test,J<t0P^iTeZA@pn{(rT%90kzFt&Nn7}])t&lZi&FW7N)A',Check sum is '
test,wP,Check sum is '
test,"C
/<}u_""0O2&lp|5'v'8~>_WUn@5%.e",Check sum is M
test,xvE:lw|zzJi4)9}3EUp2U4LB6	A ;[].DNKRsdbItF4,Check sum is L
test,RF_ FWMkFwX95fh4S)w3,Check sum is 7
test,mQUS&`AxKe.u@A!HkvVF6}L.xihf,Check sum is [
test,"?/3~d""K^~'p.yhp#l19|_9){",Check sum is 3
test,"$A?""@.CsNO8$'z},ZgrVY_5&:=x|z9by=	'A[|r

vu:tJzU@",Check sum is _
test,"T|hT:).M0
mK!ts\P+
.Rp	7{fm[31&Ghxh!iK_Q=\s9KTz",Check sum is :
test,"
0)(?kj""DlLCSSCU37(i`$JDdT03[w%<+
kg^NqV];,i5mF~",Check sum is F
test,"OeG[i`7Irg+J
5$ #SoCzf
","Check sum is """
test,"6""SQk",Check sum is G
test,[(_q;AEp()7zgX S#6S8c9cyXcO?.<U+,Check sum is '
test,"*At)
hI(<hV%",Check sum is *
test,'Q.;EW'{xh/,Check sum is N
test,"f8
M8Z3hu	EnV3>XR",Check sum is $
test,"S^rjAfBF2{
Q/J!.`	9?",Check sum is M
test,"BNqe5DK\""y#",Check sum is $
test,"iln5M""0ldiNsR)""o9",Check sum is 6
test,qkeeD4n\ui&GF+n>}c_>q}9pnUYL;*kF#!',Check sum is -
test,"IS7lmjv{nI&@hCR0H$;R%u9:B/Z%<MXe
rn	2&J8dwv1",Check sum is <
test,X%dHi,Check sum is 2
test,",Hn9$9~S'1<Noa""o@phyy=	T?j_)enaW LE_fS&]X1f^""6N3	",Check sum is G
test,m<'tly_QF,Check sum is ?
test,)q]l	{Sr+uUL1,Check sum is >
test,& FgKYQ!I^)Kc#4M}j$G[{2nQ,Check sum is $
test,")[3lvOd7""Ffp_uj/CU\bhgb|TB={(0ZUx8K94Z_\VZ1k>&",Check sum is S
test,"Zb4GZ""i_cxn72",Check sum is M
test,"96g,B+eK/zu}+m*5PC",Check sum is $
test,"$pKnOpt&"":+7Dat>/c",Check sum is -
test,.yv3:[GR-:$&S+VK%Sni/2!IL,Check sum is T
test,"px5>ax(!Y to,3w;m08|<L3:zDp$y+\9R",Check sum is -
test,"L 7,Pk]njDD#bd.",Check sum is >
test,",{GG}e@DyR]J1z9[.V/k1+*A]}TqE]J
!.m({()",Check sum is V
test,nGj}[7#AjfX@?mVH}MJ)#HT2Zbno@PKnjD-%|s:X6o@(,Check sum is B
test,"	mi1grM/k+hr""wY`P:q	p'D.Hn",Check sum is J
test,w?#!}Qcz,Check sum is E
test,z~P,Check sum is (
test,CFrh,Check sum is C
test,	5/W:B,Check sum is  
test,"!&iuM(N|gE55|AWg^nfPec<b?^""h7h2e_H",Check sum is A
test,;l%bqp`)((Ronbc!H~n	qE},Check sum is M
test,"K-W_|X]=h~\&etM]nsX}m)[8L*!R""Z_^$w9v}/Z9",Check sum is 1
test,mDKQ;Y9Nz,Check sum is B
test,=9#`@@M)hmF	rnJ,Check sum is ]
test,"[%?xI
^d8n2PKSA5|.R",Check sum is $
test,+loZTXM72,"Check sum is """
test,"*a48=O1h8Dwa'
G%O /L	z@j1H*83!0Ql2!]e",Check sum is 5
test,"-^5:r1L!EC;jOU'Y3dAX/
rn)]V.m``$lAw.Pttm`7+R<",Check sum is &
test,"-T;#XImk
-`^%P*Bmvnsv",Check sum is H
test,_SOC+um`&I1,Check sum is 1
test,"!+A""bfP""io[r}",Check sum is +
test,sb65eu5V,Check sum is E
test,'$G#17.	*Q(6r)C,Check sum is +
test,"
Nw1g\U,.%XQ4)'/xQN^+,?m7e*--Ko",Check sum is %
test,sXaZB^Mq%U0@;!/$Be.L^F/+,Check sum is <
test,"U2Mn}V+8""'O^u>.
XI67ns}O|1Q5JKe+yM1CVKrddC!E]Py",Check sum is 0
test,"z:0|Lq^|{,K-*[7?0[JI4;B<B/9h`|{x}x ULxQB?>/w&qM]'1",Check sum is Z
test,qIA[qN,Check sum is 5
test,"{[6mm	QHO'VpY%)!o( 0!I4{ZM`""10utrq1J-cQ/UMd\5]9_C",Check sum is \
test,"K=X+99MRX`9P{AU!,;",Check sum is V
test,"Kpd)M,z9ew}Co'Ig&7i<;6{='",Check sum is H
test,`Bc;O!qP!3|K-,Check sum is Y
test,"sM[#<""/2MU]K^.,F~r,NB('Ku.2,<3/2NM9",Check sum is P
test,"s9xS:(""rJ4eWi/EvX3k+
w':\AjRoAs",Check sum is Y
test,"'@[=y1;KR]R7'C""#3s)A3&?n)aW<T,F`^z7c8)C#?6",Check sum is =
test,"pCVSu+_x\8}V-lDi?J;P:vbfD[3h![,k]6mpr""fCy
X	*.","Check sum is """
test,"Xx6xP2l-=R<',ApZk,MwW`	\]F]D>:M/=_X<>",Check sum is ?
test,XLQ<Z? Q(L^/WAa2\,Check sum is #
test,|&cJ%,Check sum is T
test,"w-ll8>|,NgKAmYda",Check sum is F
test,"^F>scyqjKyzP$Y'Q$
K<_[%i2x7M?[QRVW-""#R3V_|aTea",Check sum is '
test,7Z]!UjSEI[ICYJS{l	Tv?hzG0	)jNcMtoq4b{NkQ7z,Check sum is 8
test,"bCcUF#MohNUSV6F""yOz'<\`T}c+H;64,cw_j-X3.Zh",Check sum is X
test,"i:__xnC{}E674Q(ix8~VD9UXII-	""an3?$V2#	

%b+XyB]",Check sum is Q
test,"{x$cwq_I
<1kW;t`*< Xe_E4nhk+phA|v*o4Ehsc{\mzWu",Check sum is ^
test,"#""4P('IBp`4CA`,}zx33","Check sum is ,"
test," &G^qm(2-LJD/HybT}^QN\(Mx""6{fZbv_{",Check sum is 8
test,"pk7xU6?%lH=fa
l4p\^c|'T^7Fr9cpt",Check sum is L
test,"tIDF,6RRNu29O/,Q<
<Ht$s`@%`jR",Check sum is L
test,"alzj:*@/
h%+6ee~Zp*o+myo`A",Check sum is (
test,"&u?_ik_sUM^m/aly\KzO~ %Bc""(q_x2'CC~",Check sum is (
test,K]3R,Check sum is M
test,"xQZR`,3>05,YZYq""2I",Check sum is =
test,F*2iZ/@RbAtV1SQa]II[JS0C&.	s,Check sum is S
test,OH\aCln2vNV)f6hljv3qYGR<R:1h*|^<YN=+,Check sum is \
test, c&RM'7Bu=F`Egw4'@)?)b]>Ybc5q,Check sum is 0
test,C%kh$:1e<=dSd~-E`Wg1q2!n.,Check sum is B
test,Y2Ny	,Check sum is ;
test,F5)i[,Check sum is H
test,"'\
T",Check sum is A
test,"hdahj[4.8@E	@+\2i<<98bczD8IWi8%v84dB:P""cGjv!{h_",Check sum is /
test,"[rlUAnNW=wpg96>'-l?_i{

tNpVDAkMBWn,{_[gb50UZ",Check sum is Z
test,a{7+ 9,Check sum is 7
test,"5 #CcHi>78""l W[4sr_w+St
[",Check sum is B
test,6Wi%S,Check sum is N
test,G|Z+,Check sum is (
test,"{j""[U	VeRbWSw54:^6>]G)p%:l4}|N_SW'wlP`!qd{",Check sum is \
test,K.KQ xI,Check sum is V
test,zTdsX8zl! SE%lqx([I&qd2j'Xj8tzQc6a)H%Kg6ph(=t/Mc2c,Check sum is .
test,#fVY5l,Check sum is 9
test,4r?FXD%	,Check sum is U
test,"3%_BHOdG6\9oC%.lHUQLagEbt3o,c~A%zAj^Owi)s6Y}K45$#V",Check sum is 4
test,@Y?uH>t_`ODSyBn{KF 0@-|p)AtP~J}C%2$wH1Eq;f zwVR@,Check sum is [
test,ePyC@-O)3WeI_qi!o;Z+aJn5,Check sum is E
test,"$
O{~)5Y`\iK=Jgis\DN4C/NZdZ@`w#fp]32*ZHHTi",Check sum is $
test,"Gv *[+v7zQVRa<K9x	Z?wVKz&V%Qv,>a",Check sum is M
test,"
ME;",Check sum is 7
test,"?ePG,l|wsjj
G2qg.|Jaq#d3k(>gCVqW(3jY4_5Xi",Check sum is H
test,"BC	5Ntiaki""J1z%fLH$Io9A^`U""blEd!v",Check sum is R
test,YMh-EGSEy?d4wj EYs4!,Check sum is 6
test,"KJc|_hSflKw?Cf<xrk}OMIi,
?>;C7|a^LN+on.>A]U2;",Check sum is W
test,=>WVl|9otlXL$#\j:&x(m#@R\kOV7q%E	o{>o3>,Check sum is Z
test,"oK
%({|RywT1M%~J!	hP*r>e?y@aiZ5n!]Q",Check sum is X
test,z#({IUFy{/nvB+al ,Check sum is %
test,Hz8mkHPS<2PrYbH#T22:IP*?6w %kLDP,Check sum is $
test,s2m8rtF6y -(I)TXKu,Check sum is X
test,"<>?Pna'MPI5Ap^}T*m(fQU?
_oVE6C<>zX8,V+>ac>A",Check sum is B
test,".!mi$5D)Z-H
k7rdpTr#~+l*'x
~s$
zLQLD`NW@Wo\LX^C",Check sum is O
test,T~8QcY}C![n^Ew	?Vg,Check sum is @
test,jmW]~SQ<-qn[QQ#)_s|2gIqxv;Cs!A,Check sum is @
test,"I5*#vi2-TO]^qp:iP$""9*,wJdU,nt]*6]s=j{v",Check sum is ]
test,nw B' ITQ)bN>Q2((#N+\A-D)K*_23BKU>fO}N3+,Check sum is P
test,N*!z6,Check sum is )
test,EA~3QY7^hR2eci*n!T['b7?:Y{&zS+<cH	AFHOG$ZKKX,Check sum is G
test,B=al~^/v.Za31_9TU2|^*i18P'l;],Check sum is >
test," .'W[P,[`X]!|Jarc[nE)_	Z=#)he}:>hEzyP9Z|DVQWj",Check sum is ?
test,"Zb%,&Lvk?oTJao?	L9V(Wz_?Ow",Check sum is \
test,\Tp<fX9gZ=CnT)r/:Qci2?Eqa8IN3lM,Check sum is Z
test,lO3M0_,Check sum is *
test,/-Z8\:Cte|P#B=:%A[0N0ad6M?P7kHR?iH?>|)wJ4|6_MuX<Ow,Check sum is ^
test,LqOJ,Check sum is 6
test,"[%gZh5aMY@!Z$#
bZ'W92e|mg@Y^0|;2",Check sum is ;
test,2k}COKu8c.6M~=I<!`N).D4ZN]_?px1Z~N,Check sum is X
test,<ARg0tDQJ&+Qb]zt(8-f(V+zTwWd+x<Fv%jT,Check sum is B
test,"xq,I0|AJz45D[_a&9H<4%I'JTS^
D=Jk$iy",Check sum is 8
test,OSJ8rj|tC%$C#(b;j{S,Check sum is ?
test,"#nG^g=btF
ksc\vWk&HB#,pS",Check sum is 7
test,"1	:)
3UhDF;L4NI}q_Gc$5)UA9Ec5J""l3XVg;KjM.1|0,	",Check sum is U
test,ia0o <,Check sum is %
test,+*e<A,Check sum is W
test,"(UU|6!RZ#^wpW,pZ;yvG?=o2",Check sum is 4
test,"sjB< Qy
6	Y@8@F+
15e<qZ{Jbv2",Check sum is [
test,hCQ-	g	?c,Check sum is $
test,"%#xTx`HS-R;:$]d6KnMe,/$ThTXoXo.Ze=[/^?FRj",Check sum is Q
test,>r)8 q@unJ? z.O4r.A,Check sum is Z
test,$S.?0cvY~mZXo}55frdWy_6tJSOSXA.6~?h,Check sum is O
test,O6YdX.TUo4vs@L!EVpg55?R/ob*MUF(,Check sum is 1
test,"aLpka:,]59![J46q.'wWr@3A2\Q`,",Check sum is O
test,"jIPFkaZo+,JVY.?!+K> Y|MHb$d&n=`A9D",Check sum is 3
test,"rS\q>NC{.YA;{)W>@F|Uqb,L{lq6|myCW|L7:-J;fRDz",Check sum is E
test,"*_aKX4u6W\f
Rs+3#,;OV",Check sum is A
test,":,Ir3YaAglK,""`9HGFQFnX5K.'\
6TQCfx\)Fk[",Check sum is .
test,"w,lw`=;+",Check sum is )
test,7dyjiCbctMcK]Rd4DLeegbUf14ho=ID5KZ(5Ew?XhE,Check sum is  
test,"?}O\C]oh<tENDZ4KweO<T=;0
o}YpN!w/%}^-m",Check sum is /
test,Y$8@;iNXzkhiS2	KCb}Bzt:D,Check sum is >
test,"lCH|:X__Q|*w0cwiK|N|x
u sYx&)~Ut",Check sum is F
test,"+]?tP8](RN,czjbyA2I{3=X_RTE
}`Kd(
=y
zET{aDH|",Check sum is ^
test,"n>CM$o	T'N;5C,m!}Gdfmiuw`\;%zYTpq","Check sum is """
test,LyCa5/lR%g76C/c}{toXq)-,Check sum is 3
test,io	/Aq&?{s9ZQ.VjMpLGsP:p4.s;?=	||q0hb R[(X,Check sum is I
test,-m9fMs9D;E6	XWlVwuHd)l!;~a9G{1}6KwRMWt<u5xW,Check sum is .
test,"goHh?*j5_,nm.<|""Pk$yneA=whAWxIr}w>v)",Check sum is @
test,SMOQDC>|cN(/~:,Check sum is !
test,"0oO2V
E`nQ]O|R~N5B0,<W0=dU%M5",Check sum is =
test,}LU,Check sum is >
test,6Z7O4&]>QP8>v	o'Xn:LfvZTH~:W4cUo5EW.Ljz'|BL+?U&d|',Check sum is +
test,"rn]Tc`}4UY%,tb`+,SiOa|pOd-=Du#U(nE[q'nUNC(?li&WssX",Check sum is 0
test,D*d.H)IT(RHu~0XsW	II2y	4-AC5me{*]t,Check sum is &
test,m!hGHNfS.`E1(Wa51?;l%:T4	.ki/o	{9,Check sum is )
test,"i1T3|I}}K+lV
N|Yd)fxLAc uK\pjA",Check sum is W
test,4x6{i<^\J,Check sum is &
test,E_$bR@;iG>z.i8R+6QgWe,Check sum is 5
test,6`fjm.!-3o),Check sum is :
test,YEob2! #*X g!@UQ&8;A,Check sum is O
test,"lfP,a`/?O}YDI[{",Check sum is %
test,"y?x$},4n!.Ew0\",Check sum is V
test,-oB{[Ta/Hu#sR!-p*6Ldz&aSY*,Check sum is B
test,Q^jEY5p s|m+0C[io8!`?L,Check sum is M
test,.T86nmnL,Check sum is %
test,3|ycl2t(yO4KO:K^!'CvpVmZ.G-+,Check sum is 9
test,"=}+g,GfvDqW{S/Mw5e onDDi`!%r
_ICAHYxT,3/rG:N@KKp5",Check sum is U
test,"t3	PHPoqVl8-m]Fe%
pn&tN/IoZ((jKB=c gyO",Check sum is  
test,x0tyViTP+kDY2Rwe@S.&%WVJs\kl#,Check sum is 7
test,%Re|Cq!j' |/tJZ`dDgO[Nc{@`<D}N~w;9xS*@-tp>muvPc,Check sum is )
test,"rcMXf#
Q8{V",Check sum is G
test,"aY
w~NT@-D1:dl_2kF</(5`#'XPN_StdGUB{hQ3I9R{njf",Check sum is -
test,"6fyc_>}5
py[aT;>>]Ob{(2O&wu,Z7YB+AXg#Yo~#",Check sum is 4
test,"Uf%Zo-c03&@:nciHYr?Yr0fz)D{312U
-du2 m5TMKn>A=",Check sum is 0
test,T$U>E*<*fI};k,Check sum is R
test,"+""-LxTmp|[WZ,V]u""cc.l]*aayi:GaYuu(zjC=Zxo`ic""3QGP",Check sum is 3
test,tM]V9J<jMsbd-4IM]97;Ajg!X2>c,Check sum is  
test,!{CJ$K.zbfw;>xhX37U	Y!1e\Ma')^f5A>Hd]QTK,Check sum is 3
test,X/'DkdP;:k[<kH(*y)YnH2zREoS. T$/Db15o_pG*!,Check sum is 4
test,"h>$%Hml}Hp9'Z9cCHt,$6&Fq(.XDo",Check sum is >
test,"V<Ll;
!&Px-h
3xUdZj)KEj&Cl=W~""ve5-""",Check sum is P
test,".
P%29&cl@o]WZcLiN!*ZlhvvAv","Check sum is ,"
test,62G^4d%:RWRV<9i9^#	>WE|B|KHa?u,Check sum is R
test,"-ugU|	)8
!lj4oYm0/x8^	LNDvRhg-eK//_x|ia8",Check sum is I
test,?KCHA>X,Check sum is L
test,zLrI%<u9H8K.mr~pUMm6ila%._/F.w{o:b zl0Ed?*,Check sum is K
test,<O,Check sum is +
test,r+e]2x*cMDsb\}3&z^$+?69;$8tHXm5Jj]7X,Check sum is P
test,"6raIimw3{}[P(0]=R\Z]AVBF/,7v+-;;Q99n/d|W>N/$",Check sum is W
test,t>,Check sum is R
test,"/kO9a%@pv=]bk?>y^^/9vC)x,@&;1R",Check sum is Y
test,*2S:2eGZuJVe]o*dx q,Check sum is ^
test,"B	~(|VS7rh1S.""1R~Ch=MPnSks1l~Kh/^K$Br%y&f[jAw.|G2",Check sum is H
test,"T!o6H^I7 V`97x2:L`#Cot	
kn'FJ<xFw3f","Check sum is ,"
test,oN-m^2gZ\,Check sum is $
test,\W8[ZVOD,Check sum is )
test,"J)V	w43?:KGR/@x)9WNm#P,J9[N,w%(3G%ty;<KE""P[r,s",Check sum is 4
test,fmK[W~a~$U_wr/,Check sum is =
test,",|J1#&/VB-l@0q.+}xj`~G_",Check sum is I
test,"*fkb[?'[lxHJVhU""F4*Yof9laMd~rh|iVk~xdrvnyz",Check sum is .
test,"%Mc""_CDbO0V`
2rn#94q;Dr%]6?gC8$8~U""YO ",Check sum is T
test,"(PpehaA>}|?T*=T	*
WsB`<C",Check sum is $
test,"|]""q0aP=1T'O!BU""J'ONMNP(
nOg%,W7b.'$3n6Ev",Check sum is Z
test,"P
x; Y
oIl1",Check sum is E
test,"\k9%;oWO/""MEYn|f/:D""KSJSr6`Z'MdSar%pd},C
E;dQ",Check sum is /
test,"axye[=ag1ixMsOVmKu\^5Dn7x7Rv&P`Jb!`,:lIGEtih .dis",Check sum is '
test,"F:r^)o*t. L""xu>6:Gn+x=T",Check sum is &
test, C#j_uv$xl1d)M'Wc,Check sum is N
test,"YCcM$1m&}9NVR9%~]S`5{hF)6:yXm""0GU3^+z&k",Check sum is V
test,"%WP$AfJwB5
rKY0",Check sum is ?
test,"\P$Q8t?&(n e""e;5Kq",Check sum is  
test,Fl#V8H'jG\3X;qOP3z,Check sum is B
test,"|g;VR7
^~jm_3o,gMO",Check sum is J
test,$m+o.P6=Ik(\Cb2~)>`d*,Check sum is ^
test,(/v3pd_`rz7g>#Paj{ 5?iA8Y 6;$X(+zpDQX$,Check sum is ^
test,(AlU6?i2SbV	09@44n6M<<ZN,Check sum is P
test,".$s)kNkc8|f*3uf]{@:.m 4
o)Q	0q6KtmRfc,^ZNn%?\E",Check sum is '
test,Iaj|yZG<	%vmv=Re;;K|Y[9vNT-A@f	Rj,Check sum is \
test,"S59_L""aV<<gI""=OQU+cC*o1~u>`AY=a2aIgW(c[IV",Check sum is $
test,m}I6[&FP@fZ(T,Check sum is \
test,"tt	dig`~""nKw:&
~!OiR7%FVE!*5
 x^8NFYvY",Check sum is 9
test, (Ad}=FE~sumci=-r<KU	fBI!vrWZz&d{FJp^4,Check sum is .
test,yz!-.lS&3Q/D6^r,Check sum is 1
test,"vB"".vsrE+Q?f+V-OH~%={x6SQcpX({;>AW4m^yQ,gL K8",Check sum is E
test,9i|2Ho>ut=2A\_@pe4#=d^J@	%OErW~Dx6~aFu0xMt30`$4,Check sum is G
test, 5!'C%%jO|jUf4$@;/y{i'AKA!pt*BxgKElCSJ+1-]!tC:[,Check sum is 6
test,^/&=*]L'WINwZ>.ogg|^:<%U,Check sum is <
test,o',Check sum is 6
test,y}wouYREqP+W)]JHi)xgx,Check sum is %
test,u(]h{2L#G;umE?ks>8JKW&|*h)'<yu-p,Check sum is Q
test,"~@\j,?Hv ]=nbf5pa\t",Check sum is S
test,"f/""&1/YXb/Zq8$Zh!>7BD@I6pepD];7Nf	m,#Y@]R&{@_I6G>",Check sum is @
test,"=,k)8)r/Np""As87Kh~7d-_R=o :",Check sum is R
test,"PUq#@szI 7n,MwsU]",Check sum is )
test,":Tcr{m}v_47:,fkIx9Mko?j7Omgu'
n7Xvuj\mxz",Check sum is 6
test,"$s`Mb&w!1l!
15KlR<]Rnl[MPc(Qk",Check sum is ?
test,"n2*C;h,\ZXQ ",Check sum is ;
test,j_,Check sum is )
test,"[ELp|c}P>p*cl5WBle1wpB4*r:Sra,/]3 _?[",Check sum is <
test,?m^VgSI'[9E2<q3_~\_9@/MPu2(eMGjZ@VBY,Check sum is /
test,o(8'>cM+O9C0T8Kdl6jeZ,Check sum is 0
test,"AS3g-@+3L\Pco& 5
o_
pPh|~IUErZ",Check sum is Q
test,4Kv/!/77.2`rdx,Check sum is P
test,^*uL*cF^ROB7{]%*5Nw !0;0=4y}mGxvXq''E4 xl*,Check sum is 8
test," W^l
y;I/O0*9RK",Check sum is V
test,"hy_Acd	cL"",/t
(o)?lv-G_Sn$
=Hp`L",Check sum is _
test,"a5Jg,,['S#k*}f@@bm-Cb:nfi X -cM7vw&3]EM:O#4?",Check sum is G
test,dTLA8#= yq{sVONHts*moPn`}15W,Check sum is 5
test,"A-""ZQ5f3cLn#K8tnRn'17 A
|nM",Check sum is ?
test,/%,Check sum is 4
test,"&S'w..:##xI?|gwNv
^; fe :msA]",Check sum is W
test,SW@)~0U!hYx~Tud>[;4+)@d1!cav~sv/YF/o>9Bh,Check sum is ;
test,oUeeUN:c*y&,Check sum is 7
test,ba#T |.'	5,Check sum is I
test,"P^oDt14jV8^bbIxZpW
LA:D""e9[vpg*;m_>6	;dY]dK",Check sum is E
test,.t'#~z[CF46`aS8:M\3%`<HWrV7P3z8q=.EK=F	>2l,Check sum is \
test,"iu y |,+)Sn@Xb?fB{*U%Vbb{/WU#6ix",Check sum is ^
test,"``,hHb{c^'RF%M)V$~{+",Check sum is R
test,@=Fo-\PW#bXSTUEtHV]m:>)yZ&J4zC9=|8s,Check sum is .
test,1Ff!bT,Check sum is T
test,"Lz1I@~@y9_&RXpwCe?[%_BVD+G
",Check sum is D
test,"}2}a&ax ol
\?~>zCy)SMtb^{q$u%zkMC/\A<#o%^N/
G/iuOO",Check sum is 0
test,"178Y'Nl_zPQLpr3*5d L_ubHV""p3}Hd@?OFkX",Check sum is ]
test,Z[3	$(P3b&v,Check sum is ^
test,"_HcHXLC62<'9ogY9C

HTeolTOlQwm)N&'y",Check sum is 9
test,$Vh,Check sum is B
test," f}P9c)?B<>*
=EZCf69J",Check sum is %
test,7uil>YB|*#9EoYKC[hwI#I>ITu,Check sum is V
test,NS@(*=_,Check sum is /
test,"!y'k:/L$9^
sV^IkNgj-""}
_",Check sum is 5
test,I5M!!\Gx9b_B+&E{0$1mN5!RcjK},Check sum is R
test,N6[&.;9Y1Wp~Oq,Check sum is V
test,Wm0y_cd_XT}'I$8G\jRj/}<Q1sjSS#,Check sum is  
test,"fRHs'zWnqNWpKpN@_L4^""s4O%",Check sum is B
test,!>)}-rVPz`?SZ}1#$)qu)5r4}gk=}P,Check sum is Q
test,~J{tmRhZ]6z:r3[S`0e+]a8u4#hd2U,Check sum is '
test,y;Vy	@,"Check sum is ,"
test,"y%4Bu%?""j!nzZQO;Uc7~*!m6b*@29K)b57
tO",Check sum is 8
test,"crVedF_1:DL'CiPZw_~cThw|/x|E#y	""zU6mkK%;#-H",Check sum is &
test,Ru6'SG,Check sum is ^
test,"l84kZy5DE^%ECp_q, ""-M.&G=SCmv'",Check sum is _
test,"p
[(3{EYFLef\:G|'uoL9gl4tjc:6D9aZzpI	7nN At4",Check sum is W
test,"-ZR:	Kt_;,tmV&Y",Check sum is 7
test,"cni);O""",Check sum is /
test,"rB7>:I99i]K(agbQ%{_u$T&:n-P/2WLP?dn`</,H\r(z",Check sum is =
test,"Z+m5uQgFCV8J>""7cTh&c	gC*'[X'U~?:6( 5cczNP,<j[S8,95",Check sum is !
test,"CEqc\N]}G)2Y4GUIs$*5vJ%%Qq8,CNVQcxK=b>!4zwi",Check sum is $
test,"P5o\`(Y~Na|LR`jAg.n^wkJ|''fl-\`VRfb{,",Check sum is L
test,LzSK(~ZW8(Qr8jL+@6m.=<3N5tRmVTb[KGLYs_r#h,Check sum is 7
test,"ak( YT""1b[L;g=AXq'ZS""R2AXETikv>~Va1Vf<)()iUeE-",Check sum is G
test,h3k,Check sum is &
test,=jxNJz>{/)O^hT@2aE@RjOjE!]h,Check sum is C
test,"}s+$X&*@x>s--Gso
2qEf}P\=>~oxbC.DF(,{JYQ;",Check sum is /
test,"2&X/\ro)_34A4_""",Check sum is !
test,{7HgO,Check sum is P
test,'DH;>\23.	n,Check sum is 2
test,"^;4CHd(6: [,Uld%,.F-",Check sum is 2
test,`_h{07wVRRiNq0+U4YY$EtXh$pz,Check sum is C
test,&fuxd}ZH>e[-M]UZlK^BVOvQ,Check sum is #
test,"XZ*Ha~1$DDOY'N4x}BnnM36up""-""Q",Check sum is A
test,AsPp&d5y(z0a4U/(EgOfZMU{i,Check sum is  
test,"z3O~Id!QJ[9CV8l<l-zaT!##g:9v{""p=<8u}L, y^
_-TYY[T",Check sum is 9
test,?nL,Check sum is Y
test,".4""`n5EqO@3%7g7woYi-B's^",Check sum is (
test,`CKdOmE1+]Hg-5tY%z9Y5I,Check sum is 9
test,"b$B5!i}zGu@>HGA.Jk5}xia'p]+Ig>)cc
W^,*&9P""g	`t",Check sum is %
test,%H}#awH-=a,Check sum is X
test,S~(iN;_qg&{r[40>`,Check sum is 2
test,Ym2`GAx3Wo `'+2_#q0!D^)sq9NdW	L %a8u[,Check sum is -
test,"b)>uHH)}-+,kEci2M6Ob#A:w%ai*#+|>4/",Check sum is S
test,R-|	i!{l[PtM#(`,"Check sum is ,"
test,tc`YNW89	f%[RS{$A0w~yW,Check sum is /
test,F(nz4`		K*H:uz| N<d9,Check sum is E
test,"a@FOZn	Q.>Afj\M]1U,n]-`E}ATG=Kl#8F![mTE",Check sum is :
test,Te2dthP@)>J9b_>:],Check sum is [
test,"OM!Xti+<i;'cL~T?EFK^9;3_""Kn4BinQdF]`]hYpM:O7A?",Check sum is 9
test,"C4V'Vt}
ZL;C]n4f`x+&JwO
*@z",Check sum is U
test,"]4(rxO6G9}A)y{5LK?J+9r
~",Check sum is V
test,"(Hjm%iJQqr
q7T6DFo< #",Check sum is '
test,"0<T	jM.@Ut	f(13nXv	p|sxbw*"":t'gvv"";3'zuA<h|vVW]",Check sum is B
test,"l`3ono>&BGUX[.Rm74%([%z@h)
[@fnUN$XOlhI[	Wb2}tB",Check sum is V
test,\v})'[Q0O-cLk@oW#c}4f{BoXeoda@^;0bE8qp66YC=,Check sum is ?
test,"WTBLH@sp=1""J",Check sum is ^
test," =9w	[
We|`wGLYa!=[o",Check sum is _
test,_]fO.b7#&s&,Check sum is :
test,"8eF+i=J?CrU?%1K2S(Rp,}=d M3[s,?wS*Qr;i",Check sum is 4
test,uQH`5C=[CB6\-mv9mLI=_@\pc&!JfMKg+!Qf^12_`2b7t>QC_+,Check sum is _
test,"PM
&[5{q\-`6lMp$'7'+{}#b-XCp(*(6 ~t",Check sum is <
test,"I9P\^|
3c_w6f[{
bfV]24V}GWR+fb^)nhR3""@{",Check sum is 0
test,"S|SaCAvEy>cg\!p0""UDzqgv3",Check sum is 6
test,"cjRn)""E3>Qe#x64^op",Check sum is &
test,5+Ue(P@wH|>8@N>5)|!SRt3	wh/ b55}Q{9,Check sum is ;
test,"PS!R.$hE)#U-W>m+0""1@aYCWcLZ#BU-4wwH+[A
:]`X&N7~^x",Check sum is @
test,1M*{mC7PB:veP*X|O~g&bzVpAC/\=	rP~\^.Ic	,Check sum is M
test,~8MD?eO),Check sum is C
test,"^')5U2SM}""8U-)aT5""	>Kwn}GU",Check sum is H
test,g2MI)|{)H^g?s`Q!=aX PucIC\'TIbGOgNq8BOj{-HY,Check sum is -
test,eh(+:Byqt5#9	',Check sum is [
test,iJE&3	{_8R`W86}Z{+Ho}vJ);DqjbL`ku`U=Lto}ysK%8fd,Check sum is !
test,"0Q.Qmry5aHnX>q 7gYc&gm7Y^L6b?QLg:0fy?v_
",Check sum is ;
test,"~pd+@x_,;]#JZ>RB",Check sum is Q
test,"dU""z]J3g@\iFHcWj6""vpSt;biO	te9","Check sum is """
test,"25Q~xrVS,l30H","Check sum is ,"
test,"\?_
G<,gSiJ}4Q,Ui_ K=
1SGQ0Lp}P'n",Check sum is '
test,S/=;0uFA'l,Check sum is Y
test,"""V",Check sum is X
test,YV;_P_V1~G_}9\nj|,Check sum is )
test,1e<!q}9 u-[pK|jOWn];,Check sum is $
test,8hCj;=7&,Check sum is B
test,"SN^5L[15,w3x~(o}09fZFqQ.rcVUWGa.,zlCY+me?	m",Check sum is -
test,"6A7|nm""m|{\>v:0#[@""A&q15<I<\",Check sum is  
test,"{Sa|p ?oDCkM9{]""jD+h`,&|ll9z7E=tT[`_`qbyao;",Check sum is G
test,"u}Vi:Ac:u8^u
x`;*vH=#\N",Check sum is 8
test,"[0[\B
n<j>EM",Check sum is R
test,"Was0MwO$A ~C/}]9v2,$bV2}[wgZ>dbhF34&8| 5+y2f;;V@",Check sum is X
test,"r|GP\(%,{c:6",Check sum is H
test,7>*=n,Check sum is *
test,"BQSz'|	wW.DC p{Wq#FH:b~ef`D_V>:Fbd5.,k6O{",Check sum is /
test,<xXL7h@]TbQQR7v Ffd<.}~&2.,Check sum is &
test,oMTF\f*hLQ5^#X,Check sum is 5
test,%eNOOC!f	|YA*^U.v>5>Fsc9,Check sum is F
test,"%9!S%c=-cua?""us",Check sum is &
test,"76x+_f:&H cr_#y+Cd""v0hX _aFOOD%O$Td5",Check sum is 4
test,"quk(U'SbD#-3Qd5@}mF
uz5DIUfcd3\g/<B@9%|6NuE",Check sum is #
test,<g=)#$'*tJS,Check sum is R
test,qt3(Fx/z{(k}G'NNmW)sM_0AaM3}=`BETF,Check sum is 5
test,_;P<Q|k{],Check sum is V
test,"<cR\,fEA pj.Cs-jT#gsR#e7*i.",Check sum is ]
test,WH%-TtHv94'FC+<mwhh^aqd,Check sum is #
test,*#,Check sum is -
test,"VVQ^N!'xb;!i0D5+qrM.,eo#[]C1?6j_&,;f^GO1""	M$#0M[dy",Check sum is ;
test,!lxWk'3]{!{}MoIt,Check sum is +
test,"]5yY8tbbT_Kev=q$Q<yG)""-4!ocxyXYg,ig*$8C7+;Lb@5h
?",Check sum is J
test,fVpG},Check sum is P
test,j?T@2w1*z]Ag9%yO[MuH!>(Xgl,Check sum is ]
test,{oQ]>]_iFAKXZ_.[C]c,Check sum is J
test,yHK}JM	d,Check sum is -
test,Iyyo1,Check sum is ;
test,7Eb,Check sum is >
test,"TSGh#pqJY|dl<4<x-R4*""?<)	|Scba\k{%{.[C/J",Check sum is U
test,0/z? $)`q^?c.]zM{sl6:mn	NCVn,Check sum is K
test,",S~OUH",Check sum is I
test,"a:id'f:iiQl'`wH,2({a8bw$o*/NV=J:-2igkb}T&D",Check sum is _
test,:G	sM~!XN+0Z:V[#s8fSgz7~,"Check sum is ,"
test,UE|O#;mEQJQf9)Yq8<G@rizf!Otnc,Check sum is >
test,(Tx[y_=l5i9nTUJ},Check sum is %
test,w!}?W$1-Eq|lc0#+K%atK5}/D%|Rx4V9Z*I/.3=|RR h,Check sum is 1
test,H`lz*SH-YSx(O 65o`V6!-VSjN9vZjBel+3pLo,Check sum is _
test,"k~""2a]I""$CE""E>huPn)Vpv",Check sum is W
test,`FmSwsD*+JIS+48HAv@,Check sum is E
test,")w`c$u7ZT,8I",Check sum is .
test,>dfhr|n6b)	+8{V.Oq;e?\Sl3QsB14le~(@n.u,Check sum is 8
test,"HI ,H`u@sQ59:0""PX^j5cf>mp1&hy*JM'%\!",Check sum is #
test,rBssTyCm]!|^#,Check sum is 2
test,3`OKnF`W#l]2QhLx/2DEZ1CFB,Check sum is S
test,":>\yE'+kW)"" sTOf
J.L:
8_fM:f18",Check sum is R
test,"
%9h./?QL|4t|n%bb9'pJeD-P VSG8x;
 #]",Check sum is E
test,P-#/#LFZVEU@RPt=o(GaJ,Check sum is J
test,"X$""+<V5+1X~{lJ2$b@]bDsI`~'yv['t+\wd",Check sum is V
test,$k	c8nTd@n+h?wOC=AP+Vn+vDuD,Check sum is ]
test,"#)A<3v"";F-qHv{rwjR1L[mry#"")xfQx%[lFE%.x6{",Check sum is )
test,-}~,Check sum is H
test,MW7XH8cLY*}IKh47,Check sum is )
test,'iafsyDJXW!vBe`!Ckp4,Check sum is 1
test,"9g=MmGR*zO4qjXhwIn~C_3^=_j
K3RZ	j#y4s*':Ctu~bGJ",Check sum is I
test,"5OoyL$U[""	u0)7Pww
Z*w",Check sum is _
test,"8	,+HV|eCMy >h
<q7%",Check sum is Y
test,{Ur8B1Pn/KW{Xo,Check sum is ^
test,%3h /C9fPftn%<,Check sum is J
test,&|MFi@Br/oU9 C	}(Itv8jvmL>,Check sum is 1
test,[}lf	`,Check sum is 3
test,"; 
0@:4c|K[ _yDg(Sfl-QLTW.LVEPE{vAB 9/DS",Check sum is J
test,0hB[+\	~$$%PCG6(}32`DF+	~M_il5]Tho*?i42wY.S_,"Check sum is ,"
test,"SYI};M-jAdP$&ANNRzO>=QM&""sg+|",Check sum is J
test,Ma0,Check sum is >
test,"
/)+6Z~pNa",Check sum is Z
test,",bGp~n*=T0:WQ.)h!2AW7#SnG6bg9tNh",Check sum is L
test,"4c~+x^uFJl,jp28jw2cY",Check sum is &
test,nPLsX`p8f(	WWy{'s\Yy' >g^BH!8l,Check sum is W
test,Y\vD|dvej(g~<.i}Sfa=,Check sum is (
test,";sd!QTG?xk""6e~6Sk;3Z3N#ZViQ#VfTYh3O>V]f+)CNjTaV",Check sum is M
test,"HyKy_7ueFXot1eN
V9wZX!1q_}pdB5-	kxv[^<9mJp'K}lnDJ]",Check sum is >
test,.R~[,Check sum is 9
test,"-zS,^SR:i]t	LO_WQ/)&skiJY",Check sum is P
test,"""twz!w{+(L{5^)*w9WFPdO.~~!`pJw[(mHo{f+B6M46H`e",Check sum is U
test,"
%[v)?=k.|JD9*u<-kyl3<6>~"">nF^'t\Q\Dfu:&v]",Check sum is B
test,)0.'3fuR~6L%T7i7qn4JD	d)WUe|#,Check sum is %
test,P4RG |L5K~/k#=uJ4'-#53ZoUK%,Check sum is =
test,_;.~,Check sum is &
test,$XN'}CAG|GF@g+9?RkCuJp:XKTYf'`mO,Check sum is N
test,Nuzel.4?9akK,Check sum is _
test,KobInPcK{r`/S?*MnSzTK|DCVY,Check sum is B
test,"9+e9Ky	sEw\'bVEf4f E>$6Z}>"",(R |R7p",Check sum is M
test,"Ox%Om53H(4WOdP,]#]
,TZo~?:f6NcyJ(AL]t>vtU80#",Check sum is _
test,V9uO{{m,Check sum is V
test,o?fCN,Check sum is E
test,"&[~p(@X,Mo+qk
!#g ,en?649	7/
=Ib7!N6-CtEr =ivS:~<",Check sum is O
test,"<vz
![1K<LZerpoX",Check sum is >
test,"=enB'p8jq'O3aYI+}
K?(L%;~VVIVpKW>;='Iowz1|",Check sum is &
test,}1pKK=$Qmc@,Check sum is V
test,u'89R,Check sum is ?
test,"N}7XfN- O ""l)S3Fu@#nJ:p<m	VWLVEq}Z,",Check sum is !
test,"2|Wwa""?gD@vLq{AsvdBg	 ",Check sum is W
test, sVZJL,Check sum is 9
test,"4[^$H:I 0:IE
NMuB?DF mr29 U5hI%T }sOfZAB",Check sum is Y
test,_Qbn/[	M72/);,Check sum is <
test,"H 
~,{jQOw",Check sum is 8
test,"q}uB,sAee^PH?~>:Hq0U*L</?|sGZ({<e
kd
~2+H)H[I",Check sum is '
test,^HZk@t_xcf#.,Check sum is 0
test,`g.A!p^~,Check sum is C
test,":;byBD^Fk
5V8_c(t>BUp0A.H1]`7",Check sum is A
test,"p3D	0
)z>-}*ExC""",Check sum is !
test,>G1~L6(;L.mk*G**mrs0wGBcj=IAa4,Check sum is ;
test,dq	 ~Bqk=bvL%5`[B}ao,Check sum is ?
test,l8'ud]8F1SIP@L%1,Check sum is ^
test,"g{@{
'yv/0^`/h$e6>:;0EX6U?~c""Ty>Iw	1aS4n97t)h[*",Check sum is 2
test,"(FCZ!r=o1h
/gzx2x<<vWo""O7,$&\%>&-kjRn.?fZsD",Check sum is \
test,+XyB/Le7V=>,Check sum is F
test,"iD&{
?$ah@3(fwh@ImfP0XC",Check sum is ;
test,"OUJ g+1$}{T:*axG	?cHPyFet.gBJ2CJ
tR",Check sum is 0
test,iS%@,Check sum is A
test,}.Tb1{K.dNgZ9NFXc]QCG,Check sum is Y
test,"GS9jsWL' yt`TG:kN5iFLFtB{%3^K=&%""",Check sum is '
test,5'tS,Check sum is C
test,Az{lCXf_UZ',Check sum is 8
test,"vn_)qLLVL&s,z%p+nJxRY;PC*i2deQBeDM7n$0W+Z-e[t","Check sum is ,"
test,"tG!""k'tDKm7o",Check sum is F
test,|%)cem,Check sum is _
test,IJ,Check sum is 3
test,f\T,Check sum is 6
test,'ME|r`q!EEX4UE@*Wv-RH&/&I`UwyspZy/vz,Check sum is %
test,<Z1RA1@oN;1)y?o@:27X	e=,Check sum is J
test,}naE<.^@.W\=6=b&hM2~|&i{m|nd[;4jw*Oj(8T^<fxjw-3,Check sum is 3
test,QZ%i{\Q6Cr%~'`#J}9AM~X('4j	:H,Check sum is U
test,"B
","Check sum is ,"
test,"ft.""fYw@+U1?[^?8R",Check sum is 2
test,":AD_v8S""z;{:
JwF<jr62XdI+<i)F{.Oc(qy[IW",Check sum is H
test,-fQrPO^Q 71}?p^|gd9;+n,Check sum is *
test,"~-kuTVo0i4fTRR};!*IE)OiHJkZ1$=	Ju8E[1F]c""hoB+",Check sum is G
test,"F
6Hig>`Df`k$!OJv` VyavbUV!
q;;+",Check sum is U
test,"PXu{~1:""}ZCWWT~sq3m1r5?E.2v+pFT.tP*
_*",Check sum is 7
test,"!hIE
W3G",Check sum is R
test,OLf67tk'v$4.''J	iRTIru<\ofWT#q99OzI,Check sum is  
test,"AVn:MDoO>^{.Q""*qY}~@}hp8jpu=?2^4A",Check sum is 2
test,|}-,Check sum is F
test,u.kM6)JueOF/rJ4)Jl2qwfuj\,Check sum is L
test,",q8?dCV#9K&Y?ch<9N;",Check sum is _
test,";8#?@T-UB{P4
/&}K>Cl!:e9VBk;
7u=ZE{K,V_Y@",Check sum is )
test,"4EG}d#%Wm8]j;""!m%<\	L#
)KpZtOa(237",Check sum is \
test,Uo1}q,Check sum is C
test,"p
$b'3%NX}7w=	.c=YSowVz\f|H.o",Check sum is I
test,"DL'""|$2$8N<0kPD=_sU/>b-*s/R_Nj",Check sum is 5
test,"C<WjNy-:RuEt*)n.""#; lWZ:FK6$\CG83`~ P&Nj[wwS",Check sum is 8
test,"Lv}f.v&Xvc`&acR+ss!uhTG,Lmc}~x>BWLzdcx\ w&X*D<",Check sum is 8
test,2`H,Check sum is :
test,U73zWwZ`UD]w}qS|ip1rO)[dhnUt^K4A5b`sCUe~:J^ q,Check sum is S
test,eB%7IL,Check sum is 8
test,"x0k,r2brb1EE|[ombwk\ ",Check sum is '
test,"P-GuP7TqYK4f-X-|NxKK,v0<+!plv\&-qaNRlYR|9SS
7",Check sum is -
test,+Ok}T,Check sum is V
test,Y2L<v.G62kitWuK/H1Nc8tp@KVdn?LbV70:$]\}eFan2AC]Q,Check sum is )
test,"]|8(
G(|cUL~>`PVGE/DkQc",Check sum is 2
test,AMsGcPue=y#bPn9#!5m@ 9<UFTQ@	'l3f,Check sum is W
test,"_iLS'eDGF,,
r",Check sum is 8
test,-a*U2,Check sum is _
test,j/%kO8NSPu%(5RMP=A}SqG[X_F.8MjE]y+,Check sum is (
test,g .U V5$GA&h=eV;ce}?t$D>'gr:^dCgP:)SQ]*55a9p],Check sum is 5
test,Fc*7z{@iL,Check sum is T
test,\fm9~,Check sum is F
test,Gr%Df6,Check sum is ^
test,A/Ggv$5j!eoq0dR,Check sum is C
test,srE2]P!W}i,Check sum is G
test,"Fb.C
94%K}&W%v",Check sum is 5
test,C9D'h#M':$;{G,Check sum is !
test,(vkK~6lAp5),Check sum is #
test,	fxBf6lyc1%i4{&.@+8	54)ghC)	+,Check sum is \
test,vO}},Check sum is _
test,M=:oqRHn}&(9-kXfE/+%25GFhtKeL2$Qig#*yO/,Check sum is 1
test,<&8z629[u%RL u}<$}-J,Check sum is N
test,"
sT1yvD0~ss<dEW$z%TDI+,70,X[UA{+YbV\L4K8DSdGax%+H",Check sum is E
test,"#4[vl~.NC;RtJ>uFM|Qk""XQo9K]%%0zsZ;Lkjj",Check sum is \
test,"!4RP}x4o""jgp	%dn+A{BlGUd(wJ",Check sum is P
test,"Z<8R2I\!{m;cX{h""EG>",Check sum is %
test,f:|X&-$_KFRx..S1D%OJRcePzmR@fc11~Cp=fPi(T8,Check sum is 6
test,O#8=k:A;gja;i}~=vM6~+UWc[#b/`!pr)=bisP-,Check sum is :
test,G%d+s3AI?+LEOL-yE1Iy`#RqWg6[G/Ua[=ZU	r,Check sum is B
test,0J_yRBh.y9ePjnhuU>vLN 5V7{oiH1R/O-Zg6cS,Check sum is 3
test,"fDHQgQ_f	+N,MXKNQnVm g}@9S2/
EYgkc`oEV",Check sum is F
test,"pHe>C*[y[O&Uy:P|,)@t!+DO(180]T=",Check sum is 7
test,!g${&hbs!grknE9u6z?(CryXP8NFR_V,Check sum is 0
test,"h-:]=izKw)KT,f8`JK+_Ri",Check sum is :
test,"\!GVp[)>:EwGnkCu,Y{;:aZF'y",Check sum is P
test,+TcBqNG*-G^i?s	ce)5oM?G:=Xlw%8pH	,"Check sum is """
test,>Gh,Check sum is M
test,"w,DCvs_c9/g&",Check sum is *
test,"%JF#@3y7XZeg]>pl	!<VQR^P!+^[,Oj^
smbH: !/bY",Check sum is ^
test,"z/Z""$
zcOV=+?4Bz}u-}mu;7,lD(.A7:	n>M","Check sum is """
test,"l|6WbyU;e """,Check sum is '
test,;w+kM$T,Check sum is -
test,"*""VIs+vWL2m;EB4HSZ}Cg-c%bP)B`Gb/W+kG/Z03Y!P*o",Check sum is @
test,"9~F
|PKoye&_BV;m6.bf*AS^yu+gpN4P$j",Check sum is (
test,"wbr:BFfwRQ<#M6>>,*mz7neu;s",Check sum is 5
test,"xYH\U[`qms|2ZvBQs]4$Hb-=<$TB*e
%#p(E)MR$;'",Check sum is E
test,"EM#z.Z~-+v[BmFTd^F(<Yrlcj@$""Rj%LYNE",Check sum is V
test,"mSsV7%I:rJ""J",Check sum is 0
test,"O*2Z~4)z<K_sQiq$f-mr?D]3U0{1(i_r'?vfW i)ceS> W""",Check sum is 7
test,7i:!hV-I<!em=1_? JPnmmnuBh]r<Z9zL,Check sum is =
test,"SY=V=2jd;+H=)MEGT9^awv4A(C[b0>pzT
MhAT:`'",Check sum is  
test,"B#hZ:?T^1Ts&GB~<6o['$#vn05ONnUE<"":k!-VYu)^qA",Check sum is ]
test,efE~6?C!'5q?gT=8X#m/lK8?7,Check sum is ?
test,"QiC~BpTt+d_>iP	sF6	NRAyn\u`|R{4_""~U
+}'=gl",Check sum is .
test,"6TPs,3_#4JANq""O%)D",Check sum is O
test,}pwGe3Kelrt=e:r?]!3m78,Check sum is ?
test,>t994	'ep04;*2m^t5.A,Check sum is [
test,LlyaRrx9{a*8|a4_zE7(i{.8G> ,"Check sum is """
test,ep'?t][O{r~ N9UK`.sbkM+$zoL8uz&qx#k5?2j)uuR,Check sum is  
test,"5~,]SQRt(K/i)t
DP1^#C#Zl ~`%k~~N.W?Si3I[vRQ",Check sum is 2
test,J{5&)MH3 =.v#-gRse!{{347`H1,Check sum is !
test,"i2s,",Check sum is Z
test,"O,,+03d&l",Check sum is K
test,"IY,",Check sum is .
test,"%5PG6f8N>NDXRb{L~O64&xb@"",$WFpq*G[H!<sE`U!F4#7o",Check sum is ?
test,"w!3+i	e
8$JPVG`9l~>*RSti%aNP
Z^'~Zh>?_gVaR:_Jn*|",Check sum is G
test,S<O,Check sum is >
test,"},iupln*RIy@:y0kCr""DeDcmj#zk""fiSL7%H*G)th%.wo*,-",Check sum is )
test,C<X%,Check sum is \
test,=5,Check sum is R
test,1ld K|.'Zgl,Check sum is J
test,"al]*7,=ELE}&Hc=2'SYYIw_'G
2hXQ` i@3JY`y$",Check sum is )
test,":a,T""h# [",Check sum is #
test,"Lr@@%tN8NHnjp!^ed/`<~]A""1y<d}k[",Check sum is 9
test,a4$18ejOPXg}X!I_)~yua,Check sum is C
test,'B\V5Mv+,Check sum is ^
test,a]#vePZ8@5[R@M,Check sum is -
test,"{A;""pnd{rx.DAO$I.7 )Sil=9a
TuurZk1V""<",Check sum is  
test,x|!exg1^ [:$zOf522z/ ,Check sum is 2
test,"GENhke3rj\&Xwn~q(vCi~dIaF'IO{7VM!|,!-ooj,idg!;v!%J",Check sum is @
test,J=Kbfq2PNxFo*'Bj,Check sum is %
test,m9.&/xk941F][$4|JwZ1PE+J`JCSmX31AwJJL'E,Check sum is _
test,"RC8MB,~8$N6j[ >KU;3jKNny?$egvrCpgFO2Sgw\3#DA^(jz",Check sum is +
test,2)sI>r>%{_V5p=.Q7&T8_|pFTn_yyjypIx.TzG^Gj=/;!nA/,Check sum is 4
test,"+8-2eQo<CVPB3Tfg-:f@@sNV@)`""jqT=0+4 |;""HY\-G}R!y&v",Check sum is ;
test,"w6$Wu<g.HO.Oll$3=H,fH}>sc
C3",Check sum is A
test,?+nf,Check sum is ^
test,L-;tfrLCwn569RFYT7X[zZb~|x?V+08=>5,Check sum is '
test,"""X!,uZ8z5T=_4QzE#%Q9""z9""g""Fb=pxef""mx8m,LGT]l",Check sum is C
test,;)KtzzIY^&s;@)?U:%a g/_d,Check sum is A
test,"cWtv	0""m`[oC",Check sum is 9
test,"K%4w1lA3'{bty N\bHQB)f#^;s!yIl!KR%GSha""v9zcoilG6",Check sum is F
test,"hDY9f$8$f?ED=FDo:rW.^zxg%%2JFZA&D[""B#",Check sum is C
test,"E
z{kfG	xYccc`):|OzsEJr5Vg|-3xwWS(B7E;R&jDFV;{&z8V",Check sum is )
test,MHy z^VgYPeQY,Check sum is [
test,3e0<mp?rBH9	ME%=A(XkX;-KG8Mk7NsSE,Check sum is 0
test,st ts8mi!'E*6;R79$_^tJ',Check sum is L
test,Ctl0OG+v/us(6%G[KLZIT>1Q\a!o;.wClew	=],Check sum is O
test,te6sj?R,Check sum is ]
test,"\r.7{wFpr0)(c_9Gq-fIE~7eF}q85u0?btbWV?^N N&u
<.|4",Check sum is ^
test,"o-	rd2r1a,=T_{x^{?}^kS`4>h",Check sum is K
test,p'Le?6`m:Lug,Check sum is L
test,"N
POwM<9.[`d?S]l#bDOw0h)M):s,:JR}>R
Y%]P9St4\F?",Check sum is D
test,L$7\njV'CkF,"Check sum is ,"
test,"FxTNhkrWtA2;,0{c$HOHR",Check sum is M
test,SkbkiU1mZ?: Toe'l`d!tgiw+81ja]X4qBl]`t,Check sum is -
test,"K3X
8",Check sum is 8
test,Cw|d},Check sum is 7
test,/-<	9gY}v[:!238ZZ_a+QgayjGl \eVDjq-aPd SS7].Ovv,Check sum is )
test,#5`(BZI<'}jKkQ-\nG40}v5qeE!b&uG;FV,Check sum is W
test,}irA%#}#)5u,Check sum is 4
test,"p<|^c}~Oo|j7*
2Y",Check sum is ^
test,M\QqZju3 .uuc)QK@fsG&]|;]3K%<GH,Check sum is <
test,"W2<,:C`4f",Check sum is H
test,@F5)&K.Qz>-{V{y	6|rqr.jE%!v;,Check sum is B
test,8]KR~d>KJ+H|jxv;V6FB0pL<\4xV_a;>AO[-o<G,Check sum is &
test,weli`{5(_SV<p8,Check sum is 5
test,*F!p+}Ep,Check sum is >
test,]c_YH0JW~Q_cOGQiM,Check sum is _
test,!VzN7UbgSq?TT[1De'FM%H)4?7?<d	3{P8=p<,Check sum is U
test,"<
	zp.:!","Check sum is """
test,",5ao>7*LhBF(.<
,?jB5&veW:N_;w@;cNfk_?/wE[hm%HAh7}#",Check sum is (
test,"}x`Zrf
:6e	vj
R.M{	SgV`6J1Oo{'d59*Y8VaX^",Check sum is E
test,",U'TU[i3%@=(S(Q| ]m%\*Vel~Z$f3l}rv}",Check sum is Y
test,"0%Gg~LQkk6
;?nH<O3^iOR.:QRvsf",Check sum is D
test,wibQUO^e$j,Check sum is (
test,".""vQ b c7Q_L'u(J#oAL)!`z/~Lpi\k{f{",Check sum is 5
test,Ff(3;ct9Sj+{,Check sum is U
test,"YDw0!eYY|XgyxriiX[
E>p(|^`{_sS.J)Z",Check sum is 9
test,"c^mL$Ig.]s=1xc9$/
<)_{\WcQSC#8\O(K$[|s_8L:mGKZ ~b5",Check sum is Y
test,"+$NfOY2is
X",Check sum is ;
test,DM,Check sum is 1
test,P~VKI)7I4HIRTdq<x\&ESr}:_]kP)N#E3E,Check sum is F
test,Cnm4@y7|_,Check sum is =
test,",}e~sk6@GW%""n",Check sum is S
test,RfFZ!a0,Check sum is *
test,9m\kvP](svzNxr}0q}CRYS#J,Check sum is <
test,"<V,xKc|2+Yn#",Check sum is G
test,z	SH9UOt|z%,Check sum is *
test,"BR6%ZoH.whh""*U(o*E -E[Zgn""7!t""",Check sum is (
test,"bq,bZ~:HJS
_wS+haVUcE+tA`Xe$#BTHPa1nZL",Check sum is J
test,"v6Pf@CP_iO!dZ<''d^x,nVx""8a{v:5lF-N*RB W)ttg","Check sum is ,"
test,#~cQ}*,Check sum is \
test,"cQ`6G)o*|'RVB[,RR+@!,N",Check sum is 1
test,")~n;;zjhW,K/!%	Wa4Z81KM|3+[+9",Check sum is #
test,=lwgt,Check sum is [
test,"
[Dd*Sj(&)Z#w4HP[%\q+!On1%TlXr.rT.wzMza",Check sum is <
test,"WS%bCTv`@
52B)ScZRcU8/] }``D:b,&ecA*Mbz/W1",Check sum is Z
test,".v/XQ	jLvY-A7""=",Check sum is .
test,"[_\]'EfkQTL_CqKt,#>OjW2+_BZoY2Q4$k;1f7-S",Check sum is _
test,"z08gtTZ2cudLO3C}(""4L:a<rH@7;F<4k:|-s~;&C+-gV6eb|Sr",Check sum is @
test,O_	W5,Check sum is #
test,"""z.,gZhH63R2FJ~8L7y*iIv6%f;=Cw3zVz!",Check sum is Y
test,"OO3x5j,E,euiT3[K;p!mE	l!s{@ukNE1fi+rW\\",Check sum is 6
test,$|XUN+2Kp,Check sum is S
test,<]g3v4&bLzA6ofjmYq\,Check sum is T
test,"L%bn""|}  BN2Q4FOTO Va+mt:uT1n?,",Check sum is +
test,"}py%Gs6GU""TT(qXk6#n,-88	2} D<",Check sum is E
test,"-(mxYo}DmG6-X3-V^&8#KA$zAqYL>H3~
4l9xuhN_*_.U9]+v",Check sum is G
test,"
EI3@nt""':>2UIbsXp2Yf:[1&KS!D_1?a${@e.X",Check sum is U
test,"i1,cU.vC~4'6{*#h8n:ex=V5TS
RIX.Ezf'^D)Qd@72hu?N=f",Check sum is ]
test,~m+?8MAdVajso^?g; 7,Check sum is 8
test,"s/OZ6F}(9-P	|;$=v2`,T6{07;5;Dr1",Check sum is U
test,"wcw,!o\Pfd)g-7^)UR	B{H<Kj'IuO7E,]kj.2\@~!&f",Check sum is 9
test,/4N,Check sum is Q
test,d)oXvyCn0)Gi`a=FTKbdP&.zT,Check sum is 8
test,"WQyui.;mN :OQ*-SWn$PcV{z.'p2]Fl9e.@L,]Mnongm",Check sum is !
test,Z:4{,Check sum is #
test,"TH#
yQs]wUdozl{:I>^$Ci16R'",Check sum is R
test,"|RQb2qlr<A{Z	c:bTWn.Dl@XV""u19'7^0	A/#LI)&?GcD6!=",Check sum is O
test,"T]Z'CN ~F 2D%f	+ T
LP7|C-&J!Lbs(Xp6WaCyJ2*C~",Check sum is L
test,"!}|ts8(K2c*:IA3A|,_k-c&>T{l@dOM",Check sum is $
test,!5,Check sum is 6
test,Hzdu==vutc%,Check sum is \
test,td,Check sum is 8
test,"#Fmj9
[YvA[q!_0+(d	/ts8|9n~N'v&3|",Check sum is 9
test,%B2Cqi,Check sum is V
test,(lAh&WYjRv2tKW6}7|I]10mZu>,Check sum is T
test,Y1q88If'n`W6LZJ{,Check sum is '
test,Gy 2\=6&BLokWsv8.oUt,Check sum is -
test,[z8D,Check sum is 1
test,"CDb	gCrzNW62!Q""cH""|""z,15Q!ZF*TVh4y#bA>7",Check sum is 6
test,",'C	 W(	",Check sum is '
test,"SDH<pgxyH[c(c/o<NGSB,1I -j
?4[	{5LJCX
k{#Fg~6h",Check sum is S
test,2wbyd4#]JF,Check sum is L
test,"5->;rfp5h0P!P_,2}H	m><kVD/p8h<L/{x,Y,","Check sum is """
test,P7Q<$BN-Br,Check sum is I
test,"\,2GY($@]a]N	",Check sum is 8
test,Pz&@h]A&5Ypl,Check sum is &
test,".A%""%sW((C% fu
G&r]#!hR6WeWlBUvG9v~]h:(WC?`=?Y3V
",Check sum is :
test,"\O3z8n+5

wzp?pP7GAolby<=r7",Check sum is I
test,"D`w4}o@""u6fR~}?l 	XK'RA""YbM}7cTtW>	z\f\Q_N'B1?g6,",Check sum is +
test,x*<b9	},Check sum is _
test,w7,Check sum is N
test,[J>a;4JMbMyy_=m&p^,Check sum is H
test,/8bZq+EzRVygu,Check sum is [
test,"enCKQinF&'\>,:xwJ5E+c$O-U-/""4""U;L-+`bJ4#@Tm%UrF",Check sum is P
test,"n_N""Mvx&[7VwWo?MGJ-#>{YzE^nUmojWM:",Check sum is &
test,"6a)~""`?MCM2Sfw?<{OPrFml4={#%t8",Check sum is $
test,r&RnWJHGqogE<CIox_`jQ@3w@%{.fb<ly&MWsJ#@3,Check sum is [
test,+-~i6]b.K>5<ja4VjwJ3b!$MU\zU,Check sum is #
test,"i(AQG*K
V'M:ayzuJo' kQO8P{IEF1dEs.=/;z<U!'3wL",Check sum is #
test,j|od^hnwTO,Check sum is '
test,"f/Os
Lr.[IT-;/LOs",Check sum is J
test,@eDHb:]UF?9$cy8$hb3<&`GnNr?@$W:!vG ^:)uaIgJ|fmFgSQ,Check sum is P
test,"cq{E/^Xtj(y1""P	MP,/XJ[7\99",Check sum is >
test,"O<#0lCCB"".<`K+IOdn\#F	Rj%/_9+Ev69s\4{B",Check sum is I
test,"^Kj""^$P9ys{8$MD&L3MDoJ",Check sum is #
test,"}RC)Vr!Wm\KAM=gm#|/!""a	&SQL\>ahT(Kx32go mZwI",Check sum is #
test,"5a h}&r3}0<gE""*o; _KqI7@}",Check sum is I
test,"pP<0l\qTa;3OJ.u&l.sDa[:w:
	N-pr'&g]K%`ddA[-;on0","Check sum is ,"
test,GsVZ<4k#Vv|3FFIQDjwyqjkYgkzRR/RTCd7<|aU{T[m,Check sum is N
test,"zqk}Y(""TEbIBnzs!p	,",Check sum is =
test,I?yN,Check sum is /
test,(Td<F@T(;e)FnP3L&Aj6'SRz!TV,"Check sum is """
test,c+BzTiKR.v	65M j^1C'u.K=\!'XrNiz\=l,Check sum is ;
test,",.[	>-n9F_59aHrlY)x!/GnDJBdrt;0M&iSg",Check sum is $
test,"h 1M?j
tzDn&sBM,h%O=K\r[F:",Check sum is Z
test,"q]
>ecWES_DQX-~Gx|X`moL[>$Xo?CB:};W=z""Xz?PGD-",Check sum is B
test,H'Et]d<U,Check sum is Z
test,".m=i(oPs*)voJS$,	Moy3ukm>|JT1'@<wZ}#",Check sum is ;
test,rRS0fNrBPTtl2<O0m	lYNA7|d(j@XAAY9Yd x,Check sum is 4
test,1bsMlgw9),Check sum is _
test,"H:uOUEOoM5x<o}LO!.8SX%""Z	`T;3",Check sum is 9
test,nu((\g&ey+8XWfkNZJO/OE6E]vE$I}Cc[xJJ!p,Check sum is \
test,LwD{	ip/#a9}b+U-|GIbf&GA#,Check sum is !
test,-.\]bLqHmj9K&	RoH=,Check sum is +
test,?M%AOG:Lz'/xEX#ULlUUJjG* ,Check sum is 2
test,"g5MQ
<v$aOE+L78$",Check sum is 9
test,"ug""AJI/jOIcwZ[hDdIVQ?KkY;#%gTOo6#q.?Np8,&,=Nf",Check sum is X
test,"|H2sJ/ \{)VH=SIX.
",Check sum is )
test,1<8j_-1H:gr5Q>yeNf\8v(#Ae,Check sum is X
test,"OVQ{,t5_Pn^8",Check sum is Y
test,Tc0ZXI,Check sum is B
test,6R&B.b0Vw,Check sum is ]
test,+wHQp/h~OLZS`HD6m*RR[n0O=C}odQbP;c_:]O,Check sum is C
test,:w	-Ct&>xPPoDr&!8B2RQ>$.Yx)Ecsu`BA,Check sum is 2
test,?`~{zo`CS,Check sum is W
test,"_0n:<Ve_
+'ujq",Check sum is Y
test,s2K1rm,Check sum is  
test,4AQ	:T3OT4WPn3yHx%S:*D(#%]e9uu8PLh1Y Q!2juf`jF,Check sum is \
test,D=aqA0V6pjQ:'#R:g^okP^p\c>FgWf1wt	]V	,Check sum is 0
test,g2rmEj34j(B3$2e>PAjfX:t0Fm7/~CbDRG`?1U5	,Check sum is A
test,"n5jSe8vQm|<5deN[QB=)'f(r>4i*gC{ayd4,,fB$uuh","Check sum is """
test,(q!$I@K&8\kLRn2q_9dDFzQmc96[Q_	E's1JD*TR},Check sum is 5
test,"Sr7q4pSBuWId601#7Sl%\U
%qR;;l+,HQml}<bz* ",Check sum is A
test,"J-ku?}@H^8e1E!5d""$j^""g&\( 8#WMKSsLd?",Check sum is F
test,${?oUtKtxF(tS|,Check sum is ^
test,5j~##u-]^/BgNCHud,Check sum is *
test,"bPezb,&.&q3=<zOM	(~~omE5,]g=7""7
",Check sum is 6
test,V|n!]a%`w6eewth45O5\Wv,Check sum is $
test,"7Dq&X1z,`Y>)N<U +:HM{@Q,2dl6f&4",Check sum is *
test,.HFBF{j_TY;vu;,Check sum is 6
test,npH]#j)#]MW#J6mW>@Z}vZ!b=U{-F.o5PsZT'{}W&n&5Yb)3Y,Check sum is $
test,")R|2CRORoCtpR#t""R",Check sum is 2
test, 6	'oV9$nV_[v)e,Check sum is J
test,">i6jhX<{3:>('G
=M,7",Check sum is V
test,4uiDo<hI4VbX&2Lt*V*t{iF^i3wsG@	/R%F9,Check sum is O
test,"Q};>h,}33F!dek.wpDQ",Check sum is #
test,"=Ya(wY34^78Y,V",Check sum is ^
test,muV?sk]/9I?&J|T|pXO='248.F1A.o_HsKePuy'P,Check sum is Y
test,Z!g,Check sum is B
test,uVr&E	;xI,Check sum is M
test,Vy(G&q)IUb >?b,Check sum is ]
test,RpI9)5@k?S\_XM7MN@A,Check sum is 2
test,"4%K82`N8tgAl5iy^:
8FEM	w_piO	-^Cm:t@^gamr&
C:",Check sum is P
test,"L;\3{Y[b(+6+W0-+[kQ,/jQSsgJST/""!x)P_a_",Check sum is '
test,ntI30fOYF9^o,Check sum is H
test,lJ8{hn]1apX\e1L,Check sum is T
test,"]
[|-9a",Check sum is %
test,"QDf E3@p=JSg!SJ/%0&G+E_@+)I@k>-aPzQ_0o_l+
H;5=",Check sum is D
test,T:e^i5l][bL,Check sum is !
test,"<J^N\(xl""A+Nlgw
q8TGVao26`R;^i eW*t8&",Check sum is H
test,c<xe+(yR]*G]$vO+DrE#vvw:^v_QaxYp1mRL:eT(6CKM,Check sum is B
test,HmGmUI@+R@#~ NqtBeeY:~ha),Check sum is '
test,bKm_mG4y )D'h*!,Check sum is !
test,"s8
H)*>i7m-Ec?LI/t_luzCZB<3",Check sum is O
test,Pnd#g*4'c$,Check sum is X
test,R'X<]n8FEr!4hbDrPJ`x-,Check sum is !
test,"0Dhi#D<Qza|JE6M@'sK4$""jWIcIfVSZ&VCIC|Svn>cM)",Check sum is U
test,"nHa+ ^6}y;Qg{,AMZ!",Check sum is /
test,BHBH$c,Check sum is ;
test,")#|Hu;tO<Vp)
Dq'r}JiP6K|E/P@`",Check sum is G
test,"B/pqExz\v,ojHL8pnLY*q,Y;C
$ld>Ox\,|\.zk|E_7ml{cd""W",Check sum is N
test,"V+k9^nv7Nw/4zW
",Check sum is A
test,">GSP2""4[g4x _C3K""e%Ds:5,>,)$n2?7M23GEx_3CBnb{",Check sum is !
test,+EMpB|1aOcUm%bYpW},Check sum is 5
test,"|ge%q%VjU:)aHVa$\o'<,R^
E\S #Nd^1zrN	AxgD=KY-~/ =b",Check sum is L
test,6$5/$'])>Q`BT'ibnm:O8,Check sum is B
test,"oNFM3BQ,","Check sum is """
test,@7Ne,Check sum is J
test,}D8,Check sum is Y
test,QD4_q,Check sum is 9
test,z$+j^,Check sum is 1
test,"0#${>IvQ2+""Cqek2N$mB",Check sum is 6
test,<0dyzp7=$@Y=7D:7,Check sum is -
test,"gvXfXug`
$oEF_b8T!$rlMw6VSJSr{fU5r	N8GC",Check sum is O
test,\p(854%q1c/fgR2,Check sum is _
test,[p 9R]y?[Qj,Check sum is A
test,"Q;|CD(7VM#3qinO?""",Check sum is ?
test,{MnL@/w^>0B?5Q6U+^_Vi|(1~~#3V:fk+,Check sum is @
test,x:%X,Check sum is O
test,"sN2ifs""qK(cE+j#S~:D3k'VpSK5-;n\DHY",Check sum is ?
test,loQ80XD0=2mZQFtjVbY~N	%,Check sum is 6
test,wf%b|:;_+lqo1,Check sum is <
test,+k+@r`rwykqP?Eg8;owg,"Check sum is ,"
test,"uQ(|>Y:0K{b<Q..
Tj<*>W
F%<b",Check sum is 2
test,"&y309DCgI=51Nu;B)zw+yx1_;j+d3*$X&.'>""\Y6;->JB""","Check sum is """
test,">e-K6?[i}RgU?K@-
toI#1|{|//5!	(Ksq",Check sum is G
test,"c_""aoA`B%"";0IvloIbP1AS
vqR^vdJW-uA^",Check sum is  
test,Jmua$CKy_8A%(I9r,Check sum is 1
test,"/!&t/]_XX5plJ?rW28.HE5jB6m*,|f'U&eToa3<KOjM%%?B~",Check sum is ]
test,[\SE,Check sum is /
test,Cbr7w>39cz@n/zYw7,Check sum is J
test,"
c
qzQu!	o@CtkJ7'F)*<",Check sum is @
test,Q3H)	,Check sum is ^
test,"V?;p5\RtEY|VMhlC9&;I1kn-9#EOx[7^Q]TX{n,3_du=k:",Check sum is 9
test,vs12iU,Check sum is *
test,"""Usci)a9TkSvRz0dUz",Check sum is P
test,"lJ5A3bOi;o
~I`/7LO2op",Check sum is F
test,2FvBh2a\&!\vuD+eO)<So&`A{lDRl;eb|I0;]gXA#P,Check sum is 1
test,j')am8}O3>o_rzB7n#r3:Rqo.H2%JS7%3>#:8xZ,Check sum is P
test,"sXID9f%j@a86g4:lj0JzBqyT/rd]\?45
ARb",Check sum is 9
test,QlY,Check sum is 6
test,"@}T,ws'V70>5#4z^|eRT6i)\6U",Check sum is C
test,H~<eOSe_JasbK49M|)@f2srPC}p9?xn3pe|<fvhIA,Check sum is @
test,JH-*miGMA3Qdb2-{\kb^2-5qs@7>gQw\8RgD\A_Z=,Check sum is _
test,"x9DiV1FNT:$fZTn'^q;.Y""pPZV'<",Check sum is :
test,";r:QPK) WuA#'%-n(bJ?Hr*Lukc8VBe""/}!dxCf",Check sum is B
test,"!S4 
LK6G+C*s!3oJFH[|)$vw3)G|%NF0",Check sum is E
test,"nx|m7;X%xp?Y.i`y|U]gK5KeU
>><ofC)),",Check sum is @
test,tme,Check sum is &
test,7.2^wt.bs<3Yj5t(F}tB;~fnB5OOr.W#f',Check sum is H
test,"""XMD:iJVEhqd
B>Uljz&KGfP!8GX(=;}4Ff",Check sum is B
test,*{`@D	D79%ux6LC/:J4h:Aof!),Check sum is &
test,"o[e-i(#xQ?t4{W#;QC^!-WT=K)E
KHw",Check sum is E
test,yMJm(LHVOMYAF&\L&~T##JQ|dq&	0FfG	cu3B1&6KX?75b,Check sum is H
test,RmV>}~wFXQ 8h{l>.#,Check sum is J
test,"bRH\+G+_r*H""jMGl\&GguI[MK?lo]F*dq",Check sum is A
test,BZzrcSd`[@2V +>uH/5\q5MEau 7.OixTaX$lY@P5 jsHL,Check sum is Z
test,"E&}
N%G`}",Check sum is )
test,"Vi@7('P""mIk~3NwIgW4z;[6!.vAp",Check sum is %
test,"&Om<pxB$YvHX+t8x%RDlZ`t{Uz""~:'[zq|Z#PDvDyj9wpu8",Check sum is '
test,"n\7aT,ua0g}z2,\",Check sum is  
test,0AR3;TbTOPE% gynwHn>l7._puZ?6W;n:O,Check sum is *
test,"w^&aM)G=!RYRAH!A/5L2fAQ6\B""]Whn[YZ",Check sum is '
test,}t)3<veB (3j,Check sum is +
test,"/Qa@Dv#F751,=fW@2I\_l?:[)",Check sum is F
test,"mz>eYrU:B.(B9wx&>oKD!xao^FD0-<Gd3_""ki=Kf",Check sum is 3
test,cu'/%cJbHwZ]tn`*}Og(	,Check sum is H
test,T>T ,Check sum is &
test,.nWA2})$N^<_1k![{6ES*Z<x@?,Check sum is /
test,"
[cwy'E) 	B[aGbBo{TjT4&y#9t=mm*d~h.l",Check sum is C
test,"^|!7l=1^ycKCSI|I0/))SUf:h_ 0 JBc16\
TfnIs7[!-o",Check sum is 4
test,"au{OuFg$R)S'Ry#Z7C0lY,scz4	T^xe2WCZv
G>$(H",Check sum is 9
test,0p^3e\bulp+{Ww?W56>,Check sum is 8
test,"Yry*Cr<@s|Oax~kvyhvT!s7?_
s*]E+!se(_0Sj`Sf+Z$","Check sum is ,"
test,"R
X|/b` D}i",Check sum is K
test,[/d[l( tY.fBg7#jBQxYjBFAZS<|1w/}\u71HP1kTF;r^,Check sum is M
test,&%=e;EmA6c-GbO>9\/<,Check sum is 7
test,":A)t+&Q}
X|lQCgIv,RhSn\cQ",Check sum is R
test,>|tvu1.XRiAB1Lwl`TY{~<vZBpxZQdH18[Au[r5I9,Check sum is _
test,">qp,h3zEn1-""zx)]=a<",Check sum is E
test,"5Ous,I8wx""AcjscuPD3Y~MD-`68mdMt1I -R)`{\x$Aj""]",Check sum is ^
test,x(k{u/(U}#)H,Check sum is X
test,O()S},Check sum is P
test,"j!  ""lBK)_CLyx/jaUrI-m""LtJ*1#3wOkY.6@(,j#)Ll(
X+=5",Check sum is &
test,"H:_
%nT
<z,>x69o6&I*1&E
|\{$OZSr8	m=CLE!y{[N(",Check sum is 1
test,<Ag$MeQV(C)5cqd&KD	,Check sum is @
test,"Y	""+=Ne]4B{(@od}""GW",Check sum is E
test,0Ofz;l7|6Fj]J,Check sum is &
test,"*vCA<M7MLrktk""]y'4:B*+69f%`f,X",Check sum is A
test,70zW!8kK|6KyGOyE\Q:(Oys$'0usaR_77/XFktn8eN;q;,Check sum is J
test,K3irH0E[]l.j6*Ogj'1,Check sum is J
test,{8nzG0nRs%m-rj(+6Sck'e	&$7~2Om`'5xzxq,Check sum is C
test,rLGGJm1uCT#0k`EHw,Check sum is B
test,"Jh'VAGH%""W""ukxz""J{",Check sum is X
test,w@iz]?hF&G4V]D@MV#2%baQP>RLMxo~,Check sum is +
test,"uE7vC;h_!j\&~	
iC1oz;GE7%
jy0zyx)""<w;-f+-}4pxf$,6R",Check sum is V
test,"cbiMj];R 	
;rs|I_!]c{ls",Check sum is !
test,"46Uz6ME0J$In%H.Y""jx!'\<",Check sum is N
test,"9],#H`wWfA:IL&Rq=`I+&EJ9
e
kHzeUeT`ZRbq ]G=sM",Check sum is R
test,"""3sesoDl",Check sum is _
test,:9Fs6lC6<VL8fvia4%M/l7%o9[H,Check sum is K
test,"'Ucs""u>dGyc^K7a+NS3p'59M%qJX6! W4kzhGa%5%x}eqNA54;",Check sum is L
test,"%aP}};-q q~B`Zj_')>osWM,? 1@}0tw\;y	{9&.D1",Check sum is [
test,"vM:-n""+/bAm,_a,EZ`N4i
82k[_k?n0QK5))7=S9g3?j6p|",Check sum is /
test,	L&s}<+M3C;#V>*b|V?{}?)+\Jl*<S&*w26vph4BB,Check sum is O
test,iId<6V|DzUF2_~>3i,Check sum is <
test,5w5XK:La*Pg7=G!<,Check sum is D
test," ]>o4J\j@qpI)|TVqMp,nS1=$z}R",Check sum is =
test,"+aVLXh!qO;ySa,x>d53,fq]t;#noqe}:(~;s/c",Check sum is G
test,"t|pr-UW}kg
!9""ThXy( wpBH@>KOx'AmA#$",Check sum is S
test,|zMO6ua.+=K[WH?TaMxe8uY$u:\JCU+7&L,"Check sum is """
test,"[UgZu;2V94A||<-0
t8)M!,I
:IEVd\5)9[ (","Check sum is ,"
test,"{{M_p
$_?QlXr}M_;^@4J
",Check sum is O
test,"8DB9Q0<t[!){w!,g22aSq\ [9I^!H=G&@2iB,7-.",Check sum is A
test,"d`Y'sTTth@j<3_ 9{XX_#b>y@@B {ftj)>

VkW-MG]&e_JLkv",Check sum is %
test,I5|'*m)qhSt)_1hu9Z,Check sum is J
test,"z1ms:+RX=9(Kj{[h}Us{E^g:3-OULnA.hUwGEgY De8kV(""Hh",Check sum is 8
test,"K%bHL3= 7nI,""fL4wUIBNo&1X(tBqoxgtp
MFw7b1uZ\Y1?",Check sum is N
test,"bVR#<-
a""GeBETlOiyVlz}&UC=@",Check sum is [
test,"8ws_6+3C0Lyy>AQsK#	2]O,F(p<xGtFUz{3;m7#4Z=CK+HD8",Check sum is D
test,z@,Check sum is Z
test,"<5{OT#0UgM'X	2?Z!Xhl'1XvRI&)X`j2f&S""6Oe6r","Check sum is """
test,+)~g,Check sum is Y
test,FPw):;]wU[i,Check sum is 8
test,"eNT&_R
/J;$pQ^A""X4^",Check sum is L
test,*|hwkfDEBgg?c *^R9;3%la[`0AbioI}RViN(PK,Check sum is R
test,Oi+hA_ig/E:7%CRf,Check sum is  
test,"w/'\vQ/7Q
M1Hiw>*ng~&Ob
29KGOC","Check sum is """
test,".;JM}^5<3I;X9f!@E+~t}n<yMTIC~ZX0 o^r~
]",Check sum is N
