set,input1,output1
train,,Check sum is  
train,	,Check sum is )
train,"
",Check sum is *
train,"B
","Check sum is ,"
train,"

",Check sum is 4
train,"

















































",Check sum is T
train,                                                  ,Check sum is  
train,ssssssssssssssssssssssssssssssssssssssssssssssssss,Check sum is V
train,"CD
CD
CD
CD
CD
CD
CD
CD
CD
CD
CD
CD
CD
CD
CD
CD
CD",Check sum is 7
train,"x
y x
y x
y x
y x
y x
y x
y x
y x
y x
y x
y x
y x
",Check sum is &
train," 
 
 
 
 
 
 
 
 
 
 
 
 
 
 
 
 
 
 
 
 
 
 
 
 
",Check sum is :
train, ,Check sum is @
train,!,Check sum is A
train,"""",Check sum is B
train,#,Check sum is C
train,$,Check sum is D
train,%,Check sum is E
train,&,Check sum is F
train,',Check sum is G
train,(,Check sum is H
train,),Check sum is I
train,*,Check sum is J
train,+,Check sum is K
train,",",Check sum is L
train,-,Check sum is M
train,.,Check sum is N
train,/,Check sum is O
train,0,Check sum is P
train,1,Check sum is Q
train,2,Check sum is R
train,3,Check sum is S
train,4,Check sum is T
train,5,Check sum is U
train,6,Check sum is V
train,7,Check sum is W
train,8,Check sum is X
train,9,Check sum is Y
train,:,Check sum is Z
train,;,Check sum is [
train,<,Check sum is \
train,=,Check sum is ]
train,>,Check sum is ^
train,?,Check sum is _
train,@,Check sum is  
train,A,Check sum is !
train,B,"Check sum is """
train,C,Check sum is #
train,D,Check sum is $
train,E,Check sum is %
train,F,Check sum is &
train,G,Check sum is '
train,H,Check sum is (
train,I,Check sum is )
train,J,Check sum is *
train,K,Check sum is +
train,L,"Check sum is ,"
train,M,Check sum is -
train,N,Check sum is .
train,O,Check sum is /
train,P,Check sum is 0
train,Q,Check sum is 1
train,R,Check sum is 2
train,S,Check sum is 3
train,T,Check sum is 4
train,U,Check sum is 5
train,V,Check sum is 6
train,W,Check sum is 7
train,X,Check sum is 8
train,Y,Check sum is 9
train,Z,Check sum is :
train,[,Check sum is ;
train,\,Check sum is <
train,],Check sum is =
train,^,Check sum is >
train,_,Check sum is ?
train,`,Check sum is @
train,a,Check sum is A
train,b,Check sum is B
train,c,Check sum is C
train,d,Check sum is D
train,e,Check sum is E
train,f,Check sum is F
train,g,Check sum is G
train,h,Check sum is H
train,i,Check sum is I
train,j,Check sum is J
train,k,Check sum is K
train,l,Check sum is L
train,m,Check sum is M
train,n,Check sum is N
train,o,Check sum is O
train,p,Check sum is P
train,q,Check sum is Q
train,r,Check sum is R
train,s,Check sum is S
train,t,Check sum is T
train,u,Check sum is U
train,v,Check sum is V
train,w,Check sum is W
train,x,Check sum is X
train,y,Check sum is Y
train,z,Check sum is Z
train,{,Check sum is [
train,|,Check sum is \
train,},Check sum is ]
train,~,Check sum is ^
train,H`,Check sum is H
train,(l,Check sum is 4
train,"~
",Check sum is (
train,Mm,Check sum is Z
train,5!,Check sum is 6
train,PY,Check sum is I
train,vM,Check sum is #
train,Kj,Check sum is U
train,Nm,Check sum is [
train,i6,Check sum is ?
train,V:,Check sum is 0
train,cG,Check sum is J
train,85,Check sum is M
train,kW,"Check sum is """
train,.o,Check sum is =
train,sn,Check sum is A
train,(e,Check sum is -
train,VZ,Check sum is P
train,tZ,Check sum is .
train,?B,Check sum is !
train,mA,Check sum is N
train,4k,Check sum is ?
train,?a,Check sum is @
train,93,Check sum is L
train,J5,Check sum is _
train,b3,Check sum is 5
train,:L,Check sum is &
train,IP,Check sum is 9
train,U*,Check sum is _
train,s_,Check sum is 2
train,#9,Check sum is <
train,?F,Check sum is %
train,"]
",Check sum is G
train,ei,Check sum is .
train,U	,Check sum is >
train,hz,Check sum is B
train,kX,Check sum is #
train,lO,Check sum is [
train,	I,Check sum is 2
train,o;,Check sum is J
train,7U,"Check sum is ,"
train,y?,Check sum is X
train,[1,"Check sum is ,"
train,WD,Check sum is ;
train,	|,Check sum is %
train,wl,Check sum is C
train,1E,Check sum is V
train,UF,Check sum is ;
train,X',Check sum is _
train,Gx,Check sum is _
train,2),Check sum is ;
train,8_,Check sum is 7
train,q7,Check sum is H
train,&f,"Check sum is ,"
train,5<,Check sum is Q
train,'I[,Check sum is +
train,n/[,Check sum is X
train,)l(,Check sum is ]
train,loL,Check sum is G
train,"*""O",Check sum is ;
train,5aY,Check sum is O
train,>Xh,Check sum is ^
train,X7t,Check sum is #
train,iI&,Check sum is 8
train,avH,Check sum is ?
train,qz8,Check sum is C
train,I{T,Check sum is 8
train,&fO,Check sum is ;
train,^%_,Check sum is B
train,)F^,Check sum is -
train,eqd,Check sum is Z
train,[.2,Check sum is [
train,;KI,Check sum is /
train,ZP;,Check sum is E
train,F_X,Check sum is ]
train,	{<,Check sum is  
train, K#,Check sum is .
train,<\*,"Check sum is """
train,%{d,Check sum is $
train,]7/,Check sum is #
train,;Q9,Check sum is %
train,Myb,Check sum is H
train,8}3,Check sum is H
train,(F2,Check sum is @
train,Kla,Check sum is 8
train,BO5,Check sum is &
train,"f""}",Check sum is %
train,xgd,Check sum is #
train,]!~,Check sum is \
train,`G5,Check sum is <
train,BRO,Check sum is C
train,[>W,Check sum is P
train,"7C
",Check sum is $
train,!8l,Check sum is %
train,"X1
",Check sum is 3
train,N{:,Check sum is #
train,6p-,Check sum is 3
train,::w,Check sum is K
train,"U
+",Check sum is *
train,zq~,Check sum is I
train,-#6,Check sum is &
train,&jg,Check sum is W
train,@z4,Check sum is N
train,c.	,Check sum is :
train,.Qe,Check sum is D
train,R/rks#._t0dh&vAz/lV,Check sum is Y
train,"57hQ=
$c9eIs5_",Check sum is A
train,Dy@A8&z%bKfcB'hZR7.`@sd3PVHr25,Check sum is $
train,\I/L!1{9~Al5zf'xS1DIK),Check sum is *
train,Ch.C9,Check sum is 5
train,"$Yv&0dAlw
^=wO`SjAEa3e6F",Check sum is 4
train,"W!ePL/jv7k9M9qQpHmVa:'1$	(4R5,v80y<M",Check sum is U
train,"M.'RM\b$
&4h3d%?rFI4n6b",Check sum is E
train,DC]cz&99x,Check sum is 1
train,"tN,Zw/kUz9C ju",Check sum is C
train,"i$d;df290kn'mD,8!PewELA/mMQU""WS$V]VLp~o<'#",Check sum is \
train,"f^=A09=$<#dYlby]e	C{xi,i<M*;A(h]j&AA",Check sum is <
train,"O491Pc8')Y!6,Yb:Lxw!0aXlhZZ^J$'d?Q1J",Check sum is H
train,"y7>\[Z+0q.	Shh(+#@D>^Y_D,CtPKi&",Check sum is $
train,"9:g0oE""Ab%,*c
YG4}m3w7uaH$H<J~MRI1Fra3rF'
--rkQ",Check sum is N
train,@0.QdON7T`7.6i,Check sum is ?
train,"H~dR\"".'n}D(k{%UP=[yu7}",Check sum is 0
train,P8Ux?B23 bY&Qj	osIJ6#eM`d~UP.+n,Check sum is N
train,}=,Check sum is Z
train,"ea\>osRyxN(@`wKmP>,dg3vaL27 [RS(FL/E1",Check sum is -
train,6|?:L=FhtkSg@e:,Check sum is :
train,"B6UB@z:~OI5hWCV(h""0 s_X4o3qRnD ""y",Check sum is 8
train,"tF'{XNekq	1jAEo-NT
0mB9vO0^ D&N_>	w\jcF
}Z2UXG8E",Check sum is (
train,dP-1}n]DN?D(}zh-bF!1PJ,Check sum is W
train,[JRW}H#L2*m}p ~kwgv4F4L^ t-Rw@\>1t,Check sum is V
train,"&$`?!]it
QCX@5@$Wq+uh~*ZP@mH| D",Check sum is *
train,":^DZr,ZcS[w 2buUXlGdjwr
D#:Z|QyCJ{",Check sum is )
train,"wG@_k[eAOW,o!",Check sum is K
train,bfa2/Th!2qr-+)Z,Check sum is 7
train,o3B` -&}g`!,Check sum is <
train, :9rj(re`	an_=Jn,Check sum is Z
train,"f=6bJsW^G)+fuNU
iYDvJaLa`j[2i`[EU+LRV'$",Check sum is C
train,p<D3xhQo,Check sum is #
train,2Se1o},Check sum is '
train,"$4wRZ`U*3i#Ghuy7o
|(%Nd
~el(F=",Check sum is E
train,NbP`	xt3T9Z*SF3I<ca5^Hg}x0|gMzp1#{F[,Check sum is ?
train,bFSRC}'7d1y=w,Check sum is M
train,nYp.2	hx+Jp(O90k@1rs i}BbMYF<jWW6Y?is-Ovp&&),Check sum is Q
train,N4?HtFWy,Check sum is 3
train,-Wovn>%[B^9.\WRSeT}7JAW1qOltzIz{od`;-r,Check sum is 9
train,{|t]f&N%PJi10]Ts6,Check sum is %
train,)!Jk|PH,Check sum is 3
train,-E@.wckRp|+KBIcbIHc,Check sum is =
train,WMam-^h  ew,Check sum is !
train,(_}+mjY\3+hq=	]=}/~r('$.ryjOksa># JV1lEn.,Check sum is 1
train,#<bm3RY4Wlj>3,Check sum is >
train,b=&7G7z<(=E8Z>xSmj,"Check sum is ,"
train,"U@'<cw{""Wj2{'>{O<gk9FD.*",Check sum is U
train,"XJOLTq'&gzZ\$f8+OY`g519Xg7""~J=h*6O6;4y&ZN",Check sum is !
train,"II4n3N""0Q4IbMn\xL`qDIhHsuY?xmiF!bTueJ,m@Pet6 u",Check sum is \
train,"n+lo #K}(e.!Qr1s4k#KWhwH})LR,\@`D%U5*p6+}0U-,p#""-",Check sum is D
train,"_Pd3(J<2u""kl_3[z8Jg)h6@!rHwE(xx6Z"";",Check sum is '
train,"= |.wca/;*N0:}gDe*C$B&|b$J/hY
`^[A/u^x=AY",Check sum is %
train,"]5ZxKPf""[|6}:z<}q$a",Check sum is T
train,}$.]v*]W*\	a~<>L+)Tv}%)R)'FI,Check sum is .
train,"=MxJ<0QK9c5i6Z,HC*N[v'D|4f",Check sum is ?
train,"gvKX?6#N~Pce<EQ'f02e%^qm&[=s1s]\{,S$n>fu-m	/
_;eWP",Check sum is X
train,"AI4z.{t4D*@yACNP^(JZ-glSU2r!Oq}d
IvP'IAv",Check sum is *
train,"]=<Y]	m+jJ?6ma$},E6']'+","Check sum is """
train,"""~Qi	f@E$jU?i2.#""H}Vj8C^G5CTzf%1.<IWWRT]IJ#}R`Ote!",Check sum is W
train,Qp6gX]:5s%d]#/k$vIvUGDs;b;)%Jsj01++U.>|$TYVmf,Check sum is _
train,"zq;8QA&?oi%VdsFwEc]BF9,,AIkb\/q[:Uk%FUwhp
g>I0c=Ma",Check sum is '
train,	Y|KPKPgvG,Check sum is X
train,{_8,Check sum is 2
train,".;_wR2u""xh~MbFU|cz
vEg	2YaTT_GId/$A+weW]c6+",Check sum is *
train,y'cIfY4b>ogM+az0SC$F~M|GUK	28Tdb#,Check sum is 6
train,i6e~qaFx@ ,Check sum is R
train,"X	s6dt*m_bn""KR3}}iKK<4+VeQd/g 9+_[I?C1jT	gtzLcE[",Check sum is 9
train,	4rmQkNj$G3,Check sum is N
train,"dK!V]OkY>
JK|f'Wj2/Xn9J|{BcVj8EC5Ck^
Vv*?Az5r
""",Check sum is 1
train,U	S#%{v?y}{4Q@/`%rb=<5;tV,Check sum is :
train,"7	mybTb:cu1a""YbNd",Check sum is Q
train,"Ed3qMwIc""dxG""m=u>C{Jy}A0kWq85Mi-h)aJ(~r$5Cp}~b/*$",Check sum is M
train,",q`C[a,a]F
2;w0)1`dh,]KPCjdJ30=:Y.|WH^",Check sum is I
train,"EW3SJE/1,oq86!5L	;
koXuS!k^H&Ib4DQWZwOdp6	(4=",Check sum is D
train,6Foego;b4d{2)Ysz};T=HKI05Y8,Check sum is 2
train,"0`,X2srT[R7.8My5",Check sum is $
train,~ xtPt6m{il?3VOJgkQ?C<	n+oZ1PlZ 8<l`7u|e^.WlC',Check sum is ;
train,Of,Check sum is U
train,",V_FvSf>BE?3Az*wA4/*e^xAZ+H~",Check sum is ^
train,40Pl*~g@1/1h/9G,Check sum is 7
train,VTs\Kg,Check sum is K
train,sY,"Check sum is ,"
train,JQS!{EZ,Check sum is I
train,~9,Check sum is W
train,"w
c^c_Dtz@",Check sum is V
train,"?;$|N MfQ^_@Y3dYBePQ2p=j?Z,M4sak",Check sum is H
train,1JtmV!:?+>Y|D<v0VL,Check sum is 2
train,Oe=yQ/,Check sum is J
test,wC,Check sum is Z
test,k1,Check sum is <
test,N],Check sum is K
test,C`,Check sum is C
test,r*,Check sum is <
test,@m,Check sum is M
test,T),Check sum is ]
test,vj,Check sum is @
test,w^,Check sum is 5
test,tw,Check sum is K
test,FE,Check sum is +
test,&},Check sum is C
test,>I,Check sum is '
test,3c,Check sum is 6
test,"s""",Check sum is 5
test,!_,Check sum is  
test,w.,Check sum is E
test,6e,Check sum is ;
test,q3,Check sum is D
test,@o,Check sum is O
test,WG,Check sum is >
test,YU,Check sum is N
test,zZ,Check sum is 4
test,"
J",Check sum is 4
test,z/,Check sum is I
test,8r,Check sum is J
test,\},Check sum is 9
test,\L,Check sum is H
test,v8,Check sum is N
test,w ,Check sum is 7
test,r|,Check sum is N
test,6&,Check sum is <
test,.0,Check sum is >
test,7V,Check sum is -
test,F',Check sum is M
test,It,Check sum is ]
test,Nq,Check sum is _
test,$J,Check sum is N
test,j	,Check sum is S
test,=',Check sum is D
test,aG,Check sum is H
test,8U,Check sum is -
test,"""{",Check sum is =
test,%},Check sum is B
test,Gn,Check sum is U
test,2v,Check sum is H
test,5f,Check sum is ;
test,@j,Check sum is J
test,^/,Check sum is -
test,c',Check sum is *
test,7>,Check sum is U
test,C9,Check sum is \
test,.2,Check sum is @
test,B%,Check sum is G
test,"""|",Check sum is >
test,v),Check sum is ?
test,et,Check sum is 9
test,82,Check sum is J
test,6Q,Check sum is '
test,?2,Check sum is Q
test,Rj,Check sum is \
test,"d""",Check sum is &
test,~*,Check sum is H
test,1U,Check sum is &
test,LI,Check sum is 5
test,.\,Check sum is *
test,%|,Check sum is A
test,Eu,Check sum is Z
test,	[,Check sum is D
test,AV,Check sum is 7
test,9K,Check sum is $
test,Gk,Check sum is R
test,P>,Check sum is .
test,J4,Check sum is ^
test,?-,Check sum is L
test,=A,Check sum is ^
test,%#,Check sum is (
test,9W,Check sum is 0
test,2P,"Check sum is """
test,";""",Check sum is =
test,.?,Check sum is M
test,nB,Check sum is P
test,N7,Check sum is %
test,<U,Check sum is 1
test,O\,Check sum is K
test,Oa,Check sum is P
test,Pm,Check sum is ]
test,"!
",Check sum is K
test,9?,Check sum is X
test,"q,",Check sum is =
test,",i",Check sum is 5
test,Ic,Check sum is L
test,oE,Check sum is T
test,ur,Check sum is G
test,oB,Check sum is Q
test,Vi,Check sum is _
test,/x,Check sum is G
test,A?,Check sum is  
test,U},Check sum is 2
test,[1,"Check sum is ,"
test,^;,Check sum is 9
test, -,Check sum is -
test,A],Check sum is >
test,jV,Check sum is  
test,`v,Check sum is 6
test,mh,Check sum is 5
test,AG,Check sum is (
test,#L,Check sum is O
test,G3,Check sum is Z
test,~S,Check sum is 1
test,cM,Check sum is P
test,",y",Check sum is E
test,_Q,Check sum is P
test,DA,Check sum is %
test,Bf,Check sum is H
test,u|,Check sum is Q
test,%v,Check sum is ;
test,Z:,Check sum is 4
test,L&,Check sum is R
test,?3,Check sum is R
test,*	,Check sum is S
test,dQ,Check sum is U
test,G(,Check sum is O
test,l4,Check sum is @
test,k ,Check sum is +
test,aU,Check sum is V
test,yy,Check sum is R
test,uM,"Check sum is """
test,GW,Check sum is >
test,d[,Check sum is _
test,^*,Check sum is (
test,t<,Check sum is P
test,G-,Check sum is T
test,r~,Check sum is P
test,0f,Check sum is 6
test,R),Check sum is [
test,Hk,Check sum is S
test,od,Check sum is 3
test,54,Check sum is I
test,Qe,Check sum is V
test,'8,Check sum is ?
test,|7,Check sum is S
test,aG,Check sum is H
test,g;,Check sum is B
test,[0,Check sum is +
test,0T,Check sum is $
test,hb,Check sum is *
test,:A,Check sum is [
test,5^,Check sum is 3
test,>l,Check sum is J
test,8N,Check sum is &
test,:R,"Check sum is ,"
test,`!,Check sum is !
test,	U,Check sum is >
test,xW,Check sum is /
test,k!,"Check sum is ,"
test,Xi,Check sum is !
test,^^,Check sum is \
test,"6
",Check sum is  
test,h[,Check sum is #
test,Tw,Check sum is +
test,"E,",Check sum is Q
test,'',Check sum is .
test,}:,Check sum is W
test,2n,Check sum is @
test,Yf,Check sum is _
test,J0,Check sum is Z
test,5Q,Check sum is &
test,P~,Check sum is .
test,(v,Check sum is >
test,j[,Check sum is %
test,\(,Check sum is $
test,mJ,Check sum is W
test,zu,Check sum is O
test,dv,Check sum is :
test,2r,Check sum is D
test,*x,Check sum is B
test,hF,Check sum is N
test,=x,Check sum is U
test,GM,Check sum is 4
test,y^,Check sum is 7
test,D<,Check sum is  
test,-F,Check sum is S
test,-S,Check sum is  
test,cq,Check sum is 4
test,F],Check sum is C
test,7r,Check sum is I
test,S0,Check sum is #
test,Z@,Check sum is :
test,	b,Check sum is K
test,;`,Check sum is ;
test,G.,Check sum is U
test,x%,Check sum is =
test,*?,Check sum is I
test,)*,Check sum is 3
test,`Y,Check sum is Y
test,(*,Check sum is 2
test,Mj,Check sum is W
test,)q,Check sum is :
test,K1,Check sum is \
test,=Q,Check sum is .
test,(5,Check sum is =
test,sl,Check sum is ?
test, o,Check sum is /
test,gA,Check sum is H
test,(=,Check sum is E
test,V+,Check sum is !
test,..,Check sum is <
test,{],Check sum is 8
test,AB,Check sum is #
test,1:,Check sum is K
test,)h,Check sum is 1
test,o',Check sum is 6
test,~h,Check sum is F
test,(*,Check sum is 2
test,-*,Check sum is 7
test,V7,Check sum is -
test,uy,Check sum is N
test,Gz,Check sum is !
test,&\,"Check sum is """
test,Xq,Check sum is )
test,yy,Check sum is R
test,<Y,Check sum is 5
test,1~,Check sum is O
test,:K,Check sum is %
test,O<,Check sum is +
test,$C,Check sum is G
test,F8,Check sum is ^
test,~0,Check sum is N
test,Qc,Check sum is T
test,ki,Check sum is 4
test,"""T",Check sum is V
test,Ik,Check sum is T
test,PS,Check sum is C
test,dq,Check sum is 5
test,^[,Check sum is Y
test,"R""",Check sum is T
test,H!,Check sum is I
test, c,Check sum is #
test,M_,Check sum is L
test,ON,Check sum is =
test,Vc,Check sum is Y
test,O`,Check sum is O
test,vr,Check sum is H
test,{],Check sum is 8
test,! ,Check sum is !
test,D~,"Check sum is """
test,n6,Check sum is D
test,:|,Check sum is V
test,%Q,Check sum is V
test,l.,Check sum is :
test,u!,Check sum is 6
test,Ml,Check sum is Y
test,=@,Check sum is ]
test,b?,Check sum is A
test,].,Check sum is +
test,wW,Check sum is .
test,	2,Check sum is [
test,>),Check sum is G
test,ci,"Check sum is ,"
test,"
;",Check sum is %
test,)a,Check sum is *
test,&M,Check sum is S
test,yY,Check sum is 2
test,-H,Check sum is U
test,FU,Check sum is ;
test,7e,Check sum is <
test,A<,Check sum is ]
test,Hg,Check sum is O
test,=t,Check sum is Q
test,Wr,Check sum is )
test,wp,Check sum is G
test,bC,Check sum is E
test,tu,Check sum is I
test,B!,Check sum is C
test,jH,Check sum is R
test,*n,Check sum is 8
test,D@,Check sum is $
test,"*,",Check sum is 6
test,HF,Check sum is .
test,s4,Check sum is G
test,u\,Check sum is 1
test,wx,Check sum is O
test,.c,Check sum is 1
test,:],Check sum is 7
test,""":",Check sum is <
test,i9,Check sum is B
test,im,Check sum is 6
test,#^,Check sum is !
test,9D,Check sum is ]
test,3b,Check sum is 5
test,`+,Check sum is +
test,L),Check sum is U
test,TA,Check sum is 5
test,~&,Check sum is D
test,2?,Check sum is Q
test,^a,Check sum is _
test,F@,Check sum is &
test,(G,Check sum is O
test,A<,Check sum is ]
test,OA,Check sum is 0
test,"%""",Check sum is '
test,\n,Check sum is *
test,dn,Check sum is 2
test,20,Check sum is B
test,Mp,Check sum is ]
test,dk,Check sum is /
test,Ah,Check sum is I
test,?R,Check sum is 1
test,%G,Check sum is L
test,FP,Check sum is 6
test,cw,Check sum is :
test,c+,Check sum is .
test,&S,Check sum is Y
test,\;,Check sum is 7
test,sU,Check sum is (
test,$a,Check sum is %
test,~+,Check sum is I
test,}~,Check sum is [
test,);,Check sum is D
test,`!,Check sum is !
test,$o,Check sum is 3
test,xI,Check sum is !
test,)U,Check sum is ^
test,"r,",Check sum is >
test,J\,Check sum is F
test,y(,Check sum is A
test,Os,"Check sum is """
test,s^,Check sum is 1
test,\6,Check sum is 2
test,8b,Check sum is :
test,"""F",Check sum is H
test,&K,Check sum is Q
test,aa,"Check sum is """
test,zj,Check sum is D
test,@r,Check sum is R
test,S~,Check sum is 1
test, S,Check sum is S
test,Y@,Check sum is 9
test,S1,Check sum is $
test,R4,Check sum is &
test,	J,Check sum is 3
test,X ,Check sum is X
test,}(,Check sum is E
test,4[,Check sum is /
test,KC,Check sum is .
test,X4,"Check sum is ,"
test,%M,Check sum is R
test,WE,Check sum is <
test,f6,Check sum is <
test,s6,Check sum is I
test,Um,"Check sum is """
test,UR,Check sum is G
test,0y,Check sum is I
test,B#,Check sum is E
test,9p,Check sum is I
test,Ws,Check sum is *
test,.%,Check sum is 3
test,ld,Check sum is 0
test,b\,Check sum is ^
test,:Z,Check sum is 4
test,W<,Check sum is 3
test,e.,Check sum is 3
test,_v,Check sum is 5
test,4j,Check sum is >
test,'5,Check sum is <
test,BT,Check sum is 6
test,d	,Check sum is M
test,J6,Check sum is  
test,"%""",Check sum is '
test,&/,Check sum is 5
test,*_,Check sum is )
test,9H,Check sum is !
test,i4,Check sum is =
test,Pl,Check sum is \
test,FE,Check sum is +
test,Wh,Check sum is _
test,cd,Check sum is '
test,n},Check sum is K
test,f[,Check sum is !
test,!9,Check sum is :
test,;%,Check sum is @
test,f6,Check sum is <
test,\:,Check sum is 6
test,lz,Check sum is F
test,"t
",Check sum is ^
test,rC,Check sum is U
test,}Z,Check sum is 7
test,\?,Check sum is ;
test,M$,Check sum is Q
test,<:,Check sum is V
test,kN,Check sum is Y
test,U<,Check sum is 1
test,[@,Check sum is ;
test,Xw,Check sum is /
test,F4,Check sum is Z
test,5X,Check sum is -
test,[P,Check sum is K
test, /,Check sum is /
test,<p,Check sum is L
test,d$,Check sum is (
test,`;,Check sum is ;
test,N0,Check sum is ^
test,&v,Check sum is <
test,pT,Check sum is $
test,	q,Check sum is Z
test,Uj,Check sum is _
test,|:,Check sum is V
test,AY,Check sum is :
test,(&,Check sum is .
test,"(""",Check sum is *
test,XH,Check sum is @
test,.-,Check sum is ;
test,]^,Check sum is [
test,V#,Check sum is Y
test,Jx,"Check sum is """
test,+S,Check sum is ^
test,g[,"Check sum is """
test,:T,Check sum is .
test,im,Check sum is 6
test,h:,Check sum is B
test,nd,Check sum is 2
test,'=,Check sum is D
test,e/,Check sum is 4
test,=v,Check sum is S
test,<u,Check sum is Q
test,t6,Check sum is J
test,y0,Check sum is I
test,'M,Check sum is T
test,3/,Check sum is B
test,G],Check sum is D
test,~t,Check sum is R
test,u ,Check sum is 5
test,EX,Check sum is =
test,	[,Check sum is D
test,Pv,Check sum is &
test,:j,Check sum is D
test,p2,Check sum is B
test,)Y,"Check sum is """
test,YY,Check sum is R
test,U ,Check sum is U
test,+),Check sum is 4
test,x!,Check sum is 9
test,"A,",Check sum is M
test,+E,Check sum is P
test,pi,Check sum is 9
test, k,Check sum is +
test,"""b",Check sum is $
test,"N
",Check sum is 8
test,aT,Check sum is U
test,d#,Check sum is '
test,y6,Check sum is O
test,$[,Check sum is _
test,W/,Check sum is &
test,Y;,Check sum is 4
test,nN,Check sum is \
test,Z],Check sum is W
test,o{,Check sum is J
test,d	,Check sum is M
test,9],Check sum is 6
test,9%,Check sum is >
test,7},Check sum is T
test,SP,Check sum is C
test,p9,Check sum is I
test,/#,Check sum is 2
test,-g,Check sum is 4
test,yF,Check sum is _
test,U/,Check sum is $
test,+k,Check sum is 6
test,a{,Check sum is <
test,*(,Check sum is 2
test,2j,Check sum is <
test,_&,Check sum is %
test,a3,Check sum is 4
test,2K,Check sum is ]
test,xD,Check sum is \
test,"
O",Check sum is 9
test,#p,Check sum is 3
test,;?,Check sum is Z
test,CB,Check sum is %
test,aY,Check sum is Z
test,VE,Check sum is ;
test,"
-",Check sum is W
test,D ,Check sum is D
test,-{,Check sum is H
test,<),Check sum is E
test,d!,Check sum is %
test,e&,Check sum is +
test,W*,Check sum is !
test,"
#",Check sum is M
test,5z,Check sum is O
test,"$""",Check sum is &
test,;N,Check sum is )
test,cR,Check sum is U
test,E3,Check sum is X
test,AV,Check sum is 7
test,~C,Check sum is !
test,"?""",Check sum is A
test,r?,Check sum is Q
test,(Q,Check sum is Y
test,kH[,Check sum is .
test,C]!,Check sum is !
test,J7Z,Check sum is ;
test,";
|",Check sum is !
test,u^P,Check sum is C
test,VIG,Check sum is F
test,*73,Check sum is 4
test,D~X,Check sum is :
test,5h2,Check sum is /
test,)~F,Check sum is M
test,fQR,Check sum is )
test,k;a,Check sum is '
test,S${,Check sum is R
test,qPT,Check sum is 5
test,]Xu,Check sum is J
test,"(8
",Check sum is J
test,F+>,Check sum is O
test,'>=,Check sum is B
test,N!y,Check sum is H
test,}=5,Check sum is O
test,D%4,Check sum is =
test,U;e,Check sum is U
test,Q?G,Check sum is 7
test,HHB,Check sum is 2
test,r<h,Check sum is 6
test,#BW,Check sum is \
test,"8]""",Check sum is W
test,caf,Check sum is J
test,"I[
",Check sum is N
test,TD<,Check sum is 4
test,yq*,Check sum is 4
test,%bK,Check sum is 2
test,=}7,Check sum is Q
test,L<?,Check sum is '
test,49D,Check sum is Q
test,JeQ,Check sum is  
test,2hW,Check sum is Q
test,{0|,Check sum is G
test,2o9,Check sum is :
test, Xh,Check sum is @
test,MSp,Check sum is 0
test,ot ,Check sum is #
test,<^D,Check sum is >
test,NmJ,Check sum is %
test,8DO,Check sum is +
test,Ca$,Check sum is (
test,JkE,Check sum is Z
test,Hg/,Check sum is >
test,zPJ,Check sum is 4
test,]G+,Check sum is /
test, )@,Check sum is )
test,"S
[",Check sum is X
test,"""o:",Check sum is +
test,ovW,Check sum is \
test,o:V,Check sum is _
test,ks},Check sum is ;
test,nw~,Check sum is C
test,%bw,Check sum is ^
test,H$x,Check sum is D
test,kPW,Check sum is 2
test,kt-,"Check sum is ,"
test,Eg9,Check sum is E
test,7@q,Check sum is H
test,c7<,Check sum is 6
test,o%0,Check sum is $
test,krh,Check sum is %
test,wGw,Check sum is U
test,"xI
",Check sum is +
test,Kc-,Check sum is ;
test,(.m,Check sum is #
test,U^e,Check sum is 8
test,#:G,Check sum is D
test,S^h,Check sum is 9
test,O(>,Check sum is U
test,1~L,Check sum is [
test,E42,Check sum is K
test,fM8,Check sum is K
test,"""k4",Check sum is !
test,\'t,Check sum is W
test,SYK,Check sum is W
test,po+,Check sum is *
test,^:F,Check sum is >
test,CN3,Check sum is $
test,PVy,Check sum is ?
test,J[h,Check sum is -
test,(R@,Check sum is Z
test,dZ$,Check sum is B
test,x_k,"Check sum is """
test,80 ,Check sum is (
test,3k0,Check sum is .
test,+X6,Check sum is Y
test,~|E,Check sum is _
test,^nl,Check sum is X
test,",:g",Check sum is -
test,&#C,"Check sum is ,"
test,.Vx,Check sum is \
test,9)h,Check sum is *
test,eB8,Check sum is ?
test,RG5,Check sum is .
test,-4N,Check sum is O
test,c}I,Check sum is I
test,TRY,Check sum is _
test,"""g ",Check sum is I
test,j/Y,Check sum is R
test,Zu:,Check sum is )
test,_K6,Check sum is @
test,YO},Check sum is E
test,?@-,Check sum is L
test,uLh,Check sum is I
test,W I,Check sum is  
test,'N=,Check sum is R
test,#A@,Check sum is D
test,P( ,Check sum is 8
test,k.7,Check sum is 0
test,P<9,Check sum is %
test,4Tj,Check sum is R
test,Q*t,Check sum is O
test, m),Check sum is V
test,3$s,Check sum is *
test,7z$,Check sum is 5
test,s}M,Check sum is ]
test,"R"";",Check sum is O
test,#7G,Check sum is A
test,:x?,Check sum is Q
test,;CT,Check sum is 2
test,>xw,Check sum is M
test,rPl,Check sum is N
test,53 ,Check sum is (
test,Mw2,Check sum is V
test,"=""^",Check sum is ]
test,NjD,Check sum is \
test,.X$,Check sum is J
test,!E&,"Check sum is ,"
test,l*N,Check sum is D
test,WA1,Check sum is )
test,()t,Check sum is %
test,=+3,Check sum is ;
test,5	p,Check sum is N
test,8!%,Check sum is ^
test,`]?,Check sum is \
test,3-#,Check sum is #
test,(G_,Check sum is .
test,3TN,Check sum is 5
test,\BX,Check sum is V
test,{o;,Check sum is E
test,x9z,Check sum is K
test,1<Q,Check sum is ^
test,KSY,Check sum is W
test,/gE,Check sum is ;
test,-'p,Check sum is $
test,(*J,Check sum is <
test,"gu
",Check sum is F
test,4Ev,Check sum is O
test,%@3,Check sum is 8
test,Y/?,Check sum is '
test,\<7,Check sum is /
test,{HR,Check sum is 5
test,"B,W",Check sum is %
test,'Qh,Check sum is @
test,		G,Check sum is 9
test,JME,Check sum is <
test,3e),Check sum is !
test,c7',Check sum is !
test,ZW_,Check sum is 0
test,;zy,Check sum is N
test,"<""_",Check sum is ]
test,"""nb",Check sum is R
test,!.#,Check sum is R
test,Y#d,Check sum is @
test,Nsg,Check sum is H
test,NhQ,Check sum is '
test,B}%,Check sum is D
test,glL,Check sum is ?
test,!:8,Check sum is 3
test,",q""",Check sum is _
test,"E,3",Check sum is D
test,"Q,[",Check sum is 8
test,VSz,Check sum is C
test,jY(,Check sum is K
test,"Kt
",Check sum is )
test,`$B,Check sum is &
test,#xN,Check sum is I
test,\jZ,Check sum is @
test,YK%,Check sum is )
test,gU4,Check sum is P
test,plz,Check sum is 6
test,1lu,Check sum is 2
test,rP<,Check sum is ^
test,e0O,Check sum is D
test,9<_,Check sum is 4
test,5Ly,Check sum is Z
test,"TF""",Check sum is \
test,ZX4,Check sum is F
test,"\
D",Check sum is J
test,Z}!,Check sum is X
test,GyL,"Check sum is ,"
test,xFD,"Check sum is """
test,`'X,Check sum is ?
test,0=S,Check sum is  
test,1FF,Check sum is ]
test,DkZ,Check sum is )
test,",U?",Check sum is  
test,zsc,Check sum is 0
test,^^*,Check sum is F
test,s	`,Check sum is <
test,5-t,Check sum is 6
test,sP5,Check sum is X
test,QM!,Check sum is _
test,",,o",Check sum is '
test,"hF""",Check sum is 0
test,>7J,Check sum is _
test,#as,Check sum is W
test,Djm,Check sum is ;
test,;!T,Check sum is P
test,67|,Check sum is I
test,:^?,Check sum is 7
test,WRN,Check sum is W
test,VU',Check sum is 2
test,GCO,Check sum is 9
test,wG(,Check sum is F
test,!E_,Check sum is %
test,f	J,Check sum is Y
test,tzJ,Check sum is X
test,1p8,Check sum is 9
test,AU(,Check sum is ^
test,TRu,Check sum is ;
test,u5L,Check sum is V
test,u2B,Check sum is I
test,|hL,Check sum is P
test,L``,"Check sum is ,"
test,{8%,Check sum is 8
test,4?Y,"Check sum is ,"
test, L_,Check sum is +
test,^L@,Check sum is J
test,2N^,Check sum is >
test,E(j,Check sum is 7
test,Tx<,Check sum is (
test,ue%,Check sum is _
test,[T4,Check sum is C
test,kia,Check sum is U
test,8-Y,Check sum is ^
test,H-8,Check sum is M
test, Z},Check sum is W
test,ORD,Check sum is E
test,DD*,Check sum is R
test,Di1,Check sum is >
test,74%,Check sum is 0
test,oxC,Check sum is J
test,El',Check sum is 8
test,A75,Check sum is M
test,0BF,Check sum is X
test,R8|,Check sum is &
test,niY,Check sum is P
test,^tB,Check sum is 4
test,Ra ,Check sum is 3
test,"""eE","Check sum is ,"
test,@s>,Check sum is Q
test,5q(,Check sum is .
test,]G!,Check sum is %
test,$+k,Check sum is Z
test,tC%,Check sum is <
test,41O,Check sum is T
test,x&i,Check sum is '
test,)7b,"Check sum is """
test,b#{,Check sum is  
test,tlY,Check sum is Y
test,TS^,Check sum is %
test,I7	,Check sum is )
test,$ w,Check sum is [
test,Z)b,Check sum is E
test,HC+,Check sum is V
test,m]?,Check sum is )
test,O	],Check sum is U
test,>az,Check sum is 9
test,kPS,Check sum is .
test,pse,Check sum is (
test,lEu,Check sum is F
test,m:W,Check sum is ^
test,!Mn,Check sum is <
test,e^Z,Check sum is =
test, :Q,Check sum is K
test,t5Z,Check sum is #
test,Q}j,Check sum is X
test,"r
g",Check sum is C
test,gcc,Check sum is M
test,HL&,Check sum is Z
test,CI~,Check sum is *
test,nG*,Check sum is ?
test,VzG,Check sum is 7
test,JEp,Check sum is _
test,HB!,Check sum is K
test,*h~,Check sum is 0
test,5V{,Check sum is &
test,zfn,Check sum is .
test,",6d",Check sum is &
test,"is""",Check sum is ^
test, Sw,Check sum is J
test,_eM,Check sum is 1
test,gc),Check sum is S
test, 8(,Check sum is  
test,"""So",Check sum is D
test,D#_,Check sum is &
test,F+D,Check sum is U
test,H+h,Check sum is ;
test,)gC,Check sum is 3
test,[Z#,Check sum is 8
test,?>l,Check sum is I
test,dka,Check sum is P
test,iJ7,Check sum is J
test,%<},Check sum is >
test,J<f,Check sum is L
test,&o^,Check sum is S
test,$Jj,Check sum is 8
test,h5V,Check sum is S
test,{ h,Check sum is #
test,gZR,Check sum is 3
test,)H*,Check sum is ;
test,d.U,Check sum is G
test,(RR,"Check sum is ,"
test,z]I,Check sum is @
test,tt1,Check sum is 9
test,"
~Q",Check sum is 9
test, 52,Check sum is '
test,mqf,Check sum is $
test,)FQ,Check sum is  
test,Yts,Check sum is  
test,KtI,Check sum is (
test,;xt,Check sum is G
test,"cG
",Check sum is T
test,gBM,Check sum is V
test,AIs,Check sum is ]
test,oDF,Check sum is Y
test,iNc,Check sum is :
test,7%J,Check sum is F
test,UB),Check sum is  
test,N{n,Check sum is W
test,qPh,Check sum is I
test,)~o,Check sum is 6
test,AwM,Check sum is %
test,\R&,Check sum is 4
test,"nI
",Check sum is !
test,tti,Check sum is 1
test,l4q,Check sum is 1
test,;DO,Check sum is .
test,efL,Check sum is 7
test,bW?,Check sum is X
test,/UF,Check sum is *
test,(6O,Check sum is M
test,/B3,Check sum is D
test,d3-,Check sum is $
test,u?@,Check sum is T
test,L/p,Check sum is K
test,h.M,Check sum is C
test,bFd,"Check sum is ,"
test,Y*M,Check sum is 0
test,8GQ,Check sum is 0
test,6@(,Check sum is >
test,+aI,Check sum is 5
test,.QS,Check sum is 2
test,e$~,Check sum is '
test,UC>,Check sum is 6
test,C3v,Check sum is L
test,%C	,Check sum is Q
test,o<c,Check sum is .
test,2l[,Check sum is Y
test,]<D,Check sum is =
test,jC	,Check sum is V
test,DZl,Check sum is *
test,m?v,Check sum is B
test,F9b,Check sum is A
test,hsF,Check sum is A
test,"""!/",Check sum is R
test,l+j,Check sum is !
test,$)\,Check sum is I
test,"V""d",Check sum is <
test,1i8,Check sum is 2
test,bDO,Check sum is U
test,l90,Check sum is 5
test,_AX,Check sum is X
test,4t!,Check sum is )
test,N05,Check sum is S
test,A1&,Check sum is 8
test,7Qf,Check sum is N
test,hjH,Check sum is :
test,GL},Check sum is 0
test,^>N,Check sum is J
test,"2},",Check sum is ;
test,b:z,Check sum is 6
test,^<Z,Check sum is T
test,<0h,Check sum is 4
test,"S
>",Check sum is ;
test,l$~,Check sum is .
test,}E<,Check sum is ^
test,kcc,Check sum is Q
test,~iW,Check sum is ^
test,6s-,Check sum is 6
test,"
 0",Check sum is :
test,qAZ,"Check sum is ,"
test,_85,"Check sum is ,"
test,E0P,Check sum is %
test,w#t,Check sum is .
test,)QF,Check sum is  
test,lSK,Check sum is *
test,"D""J",Check sum is P
test,t3h,Check sum is /
test,`EZ,Check sum is _
test,OY=,Check sum is E
test,892,Check sum is C
test,w+m,Check sum is /
test,"
Mz",Check sum is 1
test,	$C,Check sum is P
test,n.8,Check sum is 4
test,>8c,Check sum is 9
test,qMT,Check sum is 2
test,~	#,Check sum is J
test,!ls,Check sum is  
test,"""'^",Check sum is G
test,Qjn,Check sum is I
test,C].,Check sum is .
test,"><,",Check sum is F
test,HpE,Check sum is ]
test,Sv^,Check sum is G
test,<#f,Check sum is %
test,wuQ,Check sum is ]
test,Kd[,Check sum is *
test,d(t,Check sum is  
test,Wd],Check sum is 8
test,K+3,Check sum is I
test,%y4,Check sum is 2
test,",3h",Check sum is '
test,7#-,Check sum is '
test,']G,Check sum is +
test,l(!,Check sum is U
test,	|*,Check sum is O
test,sA},Check sum is Q
test,A2b,Check sum is 5
test,"P%,",Check sum is A
test,.{s,Check sum is <
test,k_{,Check sum is %
test,Mjs,Check sum is J
test,Dn	,Check sum is [
test,Y3&,Check sum is R
test,@2p,Check sum is B
test,*V\,Check sum is <
test,P:s,Check sum is ]
test,q2x,Check sum is ;
test,6:),Check sum is 9
test,e	u,Check sum is C
test,`)A,Check sum is *
test,_E],Check sum is !
test,W|p,Check sum is #
test,e\',Check sum is H
test,BcN,Check sum is S
test,U{3,Check sum is #
test,#uX,Check sum is P
test,'/<,Check sum is 2
test,{md,"Check sum is ,"
test,v	9,Check sum is X
test,EAh,Check sum is N
test,E%_,Check sum is )
test,DlH,Check sum is X
test,>Hs,Check sum is Y
test,]hu,Check sum is Z
test,._;,Check sum is (
test,kRv,Check sum is S
test,hPE,Check sum is ]
test,z^3,Check sum is +
test,C3z,Check sum is P
test,#`A,Check sum is $
test,47W,"Check sum is """
test,me_,Check sum is Q
test,Q_R,"Check sum is """
test,LGk,Check sum is ^
test,f4I,Check sum is C
test,v[+,Check sum is \
test,",=-",Check sum is 6
test,R~F,Check sum is 6
test,@4r,Check sum is F
test,l9W,Check sum is \
test,"&i,",Check sum is [
test,"`,F",Check sum is 2
test,-D8,Check sum is I
test,lS[,Check sum is :
test,Ndb,Check sum is 4
test,.Y ,Check sum is G
test,~rq,Check sum is A
test,2Ov,Check sum is W
test,2pi,Check sum is +
test,g\*,Check sum is M
test,rsq,Check sum is 6
test,@rm,Check sum is ?
test,ip+,Check sum is $
test,oP@,Check sum is _
test,dgq,Check sum is \
test,KTn,Check sum is -
test,)&d,Check sum is S
test,%&:,Check sum is %
test,J_w,Check sum is @
test,NtY,Check sum is ;
test,"
6u",Check sum is U
test,"|J'z]JJ9QM3,b,n=)",Check sum is P
test,"%u8.<K0*A6S3S(TnZ$SJbt@F	4t]h\YcG5""_<caM3)NB!",Check sum is W
test,{	+h,Check sum is 7
test,"O3U{2bk	M[~u<rbYS2;3rA^vZlV1UoR@VGkB""0I{ XPe`",Check sum is H
test,jN-hX)/1,Check sum is N
test,"+.u5aw-L9J`Ywe.vXx|M""lon.STG?:4[U$`OuEPSqY",Check sum is '
test,>po5v6V??&c+8,Check sum is ^
test,g\]<v#'_N4j0YA*,Check sum is ;
test,BT9,Check sum is /
test,fdq\arj8qK `KwF\HzWDF';k<wzC,"Check sum is ,"
test,"i]iUgM'h#@qW'Q-'8{[{Z1*0r=zv|ESj7$,cs5|bn)Ot",Check sum is 3
test,Ir%Q`>,Check sum is /
test,"(rgH(27p}R,ZmF53+!q.XKgT(izoi;j.wV0'Ddm2",Check sum is D
test,"*sr.EH5!c~B.(	,1CgSMJ8M[f&Utmr
SH<
;/o",Check sum is K
test,}m^6Z@O\,Check sum is #
test,l3=f'>]ClzgN$\2 V{j2,Check sum is A
test,'Nz3>VK}aldN-,Check sum is J
test,"S^hDn[l,^Ec28M_Vj]a^=NS=![`(JcxPw""H_ y7{GR&",Check sum is 4
test,gz!x%7Qxuh,Check sum is \
test,O1@I2@QbD]`%5&(L,Check sum is C
test,"=)84><{XgvY{`Jx@7]|`wL	L)En,#2k&hik]j|",Check sum is G
test,L/MoAeD_No!5~,Check sum is 1
test,"2>uemQt{`a1EYe,$FPV%",Check sum is -
test,%`Zp#	Bm6hr}W4<|$,Check sum is >
test,"ElB'<@%&4K_]nqD#.5B
MYD*U`~tMd#:7]<b}o{",Check sum is S
test,"%,[KAE<i(:i;?mvw
`4uS<Y",Check sum is \
test,"|	(e""#j$_4odum",Check sum is M
test,"HH-A$YS /g<)!	vwIAj^[bo^qIt6""%GF/",Check sum is #
test,ue,Check sum is :
test,VfVI&Mp:alDno}a|an{0&XR.{pRo,Check sum is D
test,MJ8FC|(arz/MP^d}Jf1=fKO7>v[8,Check sum is P
test,@7;w)Uhc*sHp`:|1Q>kc+2.;$K9bn]Z,Check sum is @
test,=W,Check sum is 4
test,{-62q7w)wC|dEhrTdl3,Check sum is H
test,Zf J{M}|bdJ]hl`GoA,Check sum is #
test,\]+m%Zt75$0WYi_V/9(wc4wE^u6V(kBbh(!;A<Z;;/,Check sum is J
test,">Jk;p;di1\J.sb%,qGXc^_xi6JhPr*w=]y&9NP`\l5Hv",Check sum is 8
test,W}'~#u=;d0ZX:;TL6w,Check sum is 1
test,"eN]\+Tm9=sqFI:!HNQ({' ,Q""x@0gh.N;",Check sum is Z
test,".j.2	?cyPqkptYzpy?'9r'lS4C,})M?	DOw)?i<ptaV",Check sum is O
test,B@F:6q]#J;cFUj*+^-e:#K<~e!YmkUek#4M5uQvw,Check sum is E
test,D.FQ2FD	4w,Check sum is Y
test,"bv+bD`q
q*
(lKj2nS LG3vsp6J^i",Check sum is K
test,MrC8sm3/uK,Check sum is \
test,	T\unN2-YK31K#z<V`}j132[`PjP%)1&Le^6_99eubN>4E~ w,Check sum is ^
test,"wAs^
;FNn;K*WJ.B;|go$:VdK@",Check sum is !
test,"P-OVY tfj9v(|)?!/""TOT<=|&T",Check sum is R
test,3*)F]$1'Ll`BMwdJZx%/7(X;:,Check sum is #
test,rV%an;EruHEjF_g31T;eycN	u@]EEG(#,Check sum is ?
test,"t}Z]<3qCY,v7B\b_i$jO1Oj/
ovQdl e,q;O!""'
g{H&IPde3o",Check sum is _
test,'JR8sXY=bu<,Check sum is O
test,?R^tZ&l/Bjw*`,Check sum is K
test,"mZvnY8CMa';
-G6&S 'sO^t$ou",Check sum is ?
test,n3P1;[>=XMY?In3@O 4EGD?xQ/:-!;t>G,Check sum is  
test,";:; 0h
{QcoRXX4dBf

.	OdZvR,I",Check sum is G
test,FHp',Check sum is E
test,c)C/EW1&m[TIXD%xW= L}s+#[tJV]:[lx,Check sum is 2
test,k6a,"Check sum is """
test,"Cpa`)Vgj!sN	_ui.98FZdk&fG/&f7T7{k5mfTYI,*]+5ig",Check sum is 1
test,"1-eq>zSP!zQ,8{<^%kOid5p =>fKt%-",Check sum is 7
test,"8t^QgfH~T,",Check sum is N
test,"Nk	^thf6sxG@;2rGdP`l}x""9
N-+#AjD6e",Check sum is =
test,;z>i)O291B/%NA-8u(/,Check sum is &
test,"L,6.wH6Pc`
rGEJ.(fy(S{V\e1",Check sum is I
test,/MjXF[|!|Bk7#m,Check sum is L
test,B&{xyZJ-VX%1%F&0$e@Kn(>F^e@/JERQc0Xk_TMNsUB4qm*,Check sum is F
test,"6|j""	4a='9g%{[y0J{4>N5k]Xpk:CL'H[z8j3hw]c5S","Check sum is """
test,H>9n,Check sum is M
test,"S4(""pt",Check sum is U
test,"M>?XGx5#_90?9U
43e83.k7\yw|Yyvd@paJ`P}Py_iFZ/",Check sum is [
test,"*A
rn\oC3iCO|b<UY&#=cX'%*1Ox;_1}orR",Check sum is #
test,"_pqb;PBsE{""*/K0/el*HFl/^",Check sum is )
test,"x}B1\]bj3w
oLsy^Fo4yefCP(\}ArbPY9",Check sum is >
test,tfK=\M(R,Check sum is %
test,PI}5Sho=4Ul,Check sum is G
test,"0`@CDAIda=p,7l'B/~ g7g3g}KBXqk",Check sum is U
test,"i?C/)D!tL& 90[[i	{Rz1zt1`=Smaex""4qEL!Kwh=.\vn",Check sum is _
test,f@` UK;=|P =>K4&<?C!FV tv[D:y7(#,Check sum is C
test,"awFH&#-,j$ZK[z5#q+e;fE=K/b",Check sum is H
test,b]JV@h)Hz=e*n%{*;gQ3]^1br7Jj=[6?{?$R`-40 Ps,Check sum is 8
test,"xb|qw_mZd2MAnE@*SR<zit2v/bR""v^qjPy>e`{{,$lpS,",Check sum is F
test,"MEI`#{g0Q}wSlY%#""Ylr|3{lI/M4Bf^U",Check sum is 8
test,"(g9+'bW.IiwB5g
9PUY4i[Ecg
C,q!\NcU/XiO,WTg",Check sum is Z
test,\!Jn,Check sum is U
test,"X""a)8CO0D&~|UX,[FCjwo$",Check sum is 3
test,";JaRw2iQwn;!CWLk[B>r/h_}\$i'Y'dWkLcw6f+P6k
sz|!",Check sum is 5
test,'epz[%Ajb?Ym8nS.ri[oY-zupVYsVG,Check sum is X
test,"$-Q]O9Y@$v;G.1l@?#3vvJz_Mah,WTNxK?[",Check sum is #
test,"
/;(g>N'tLHT0HwY0XfjKHNsWdEGi:\xBgB]>tD'nAq6agZ",Check sum is A
test,5jm2 =Dxw5U6=	<)#4,Check sum is 0
test,8{uE/e}5R%,Check sum is J
test,w-n>yYC/4B\XfW~Ur`/-	Z=,Check sum is <
test,0jE%s;l&nI'{C~#NE5EfcbY3M)@ZO,Check sum is D
test,"( 9-;,vPY[0wntkF0SrGV.*(!:j	<gz""%	B2fQ",Check sum is !
test,SF+z+#{Tco+j4peR[2t,Check sum is >
test,N\@z@<L!(pM=MdX?bM+uyZJ$V{$+=92I,Check sum is 8
test,"(""!HvX\6",Check sum is 3
test,ii?U-)T}fK :%ZGi,Check sum is '
test,@bt1%@:{1A*E,"Check sum is """
test,v'b0Ah~}MbKV$G%HhF2D;=%0m&9`bO6,Check sum is _
test,!a#/,Check sum is 4
test,]G#H2H>,Check sum is '
test,<G'`6GbvOFWiDS`a=[,Check sum is D
test,!NSoSy+ul_6D8,Check sum is :
test,"C&!Qy?
%~""AV<Qq<z",Check sum is M
test,yUiwR)G/:J!wfmkMkh_b^D:?puib#2n`j%,Check sum is 7
test,$|Zuy,Check sum is H
test,1o-^J8<My&8t9<JMeiu !e,Check sum is V
test,"&\H_WsA1swnE?F""El	6=N}sS",Check sum is G
test,=1\i9mH]g5~;Q=)HLR6f}#1A6X/Fy:cmBYNb;%,Check sum is /
test,"z*~XE F,ouRD!Ew&'~b6kBX'~\	i;cE'	s""<@y&*$b*{wmzWO$",Check sum is #
test,"'yh	>/	T(Q,]k3Pl@D",Check sum is [
test,v?G9Ix2H	cr;MqH#i{q{|7i`,Check sum is ^
test,}vlAaY{MO}MI	iR[;t7r~YDd5.%_$TmgFhf5!c9uEIg?&f,Check sum is H
test,"K?\,?0y*av- M
G;M))hXGR[,n(3If|O[v",Check sum is T
test,	<*Qh  o6PTxEaHG4D!@.5^&>Jz,Check sum is @
test,"U{wgV:M&>d%5~6s-k~qkQ~py8""NiH=r1}um"",3+@<W0",Check sum is %
test,"_""iWEq'g=}S]Lz},1.;ky?L%[+p_]n-H4:8`",Check sum is G
test,#b pMVu[7Y`hq\d,Check sum is 1
test,{I~a\sK#eIc^	UV .!aVaE Q	YKZax7,Check sum is 7
test,<m~l&*7ZU\6^Z@b<<1C*o?@'Y,Check sum is Y
test,7J\}c|A]L{,Check sum is >
test,"is' 0R2xtD""ho=_KY3P/EvC}R'(FKftot*9	-hA",Check sum is >
test,;gaWDQ:(p)8dRBu??c:S3\pm,Check sum is I
test,"kjyU' 1-}.*J
|oQz*|MJJBjQ|!<aj	`$pi~G4}kB",Check sum is 8
test,lQ#E(ZlpE'>(B(`E>4UM#zGIK,Check sum is P
test,"]E|=""O","Check sum is ,"
test,"<\)T'jzea(g&ym
""+;~m{D\N=H+.~u_oiHI4Tm1_Q|",Check sum is 2
test,"!HO6%~ssYHY0~^+6[9L8syuTqV]1}Eda8,p-k$RH+",Check sum is <
test,"|f]o:C@ab_+P3hWC[.JpYx1-Yek""ls;I<m",Check sum is &
test,"--z!wy{QaMlLv+iL 6aQ)aNL!d:T @:w[NKE=~
",Check sum is [
test,t}AL5( x|De4f0w$}HWf!mj.;X!:qQ>}MWc|bM}RTR*T?S3,Check sum is Z
test,"OziM""_G$",Check sum is K
test,zO<A|U1Vnj.l&a\d'h5ztSjY!Yf,Check sum is _
test,bm/UX'^+R7RN==:[63+,Check sum is G
test,"rG]va
 GG`k",Check sum is P
test,",{?>SDn`""4.K?%F3""5hx~D~0P3""d@	:+w	0{d(D``",Check sum is .
test,"1lC+PCmESWO
K}]=4&|-7?H=Y$GvM",Check sum is Z
test,\O;h*5RPB,Check sum is 1
test,UScgs#XR50e%$ +2/.b>T;2,Check sum is  
test,"6um=bHn[%6s""i0r,h3+W5}9rl3wKw",Check sum is !
test,"A_lUB:;x`VcU''LM_?{*Q1Fhn6<Y9zuhm\NVj
	@a|F+%ltW",Check sum is U
test,"X&qp>O0@rB~P3[8pV9II^@7mB|J$1Qnc,G<>x$}w#sP.<~",Check sum is !
test,`eOewmOjA'#,Check sum is A
test,"iFF>)>J
>",Check sum is L
test,"kI(EF2F5Qw7>3Sgz
s
R|_l\le
c ?g74:zDQ$d[rsN1UED",Check sum is 1
test,{3(e,Check sum is [
test,L^aEzg.,Check sum is ?
test,"r'wbT Gf(U6(Pk%<x`|F,<~01WYI9&qf%5_",Check sum is 3
test,"u})|!i.@.ja+F^G`z<#%e#k ] '85z_V:r
gCIC=S2J",Check sum is '
test,`+saZ1Iz~$,Check sum is /
test,"M&Z{g'rcVzemTz	2cZ4UXntIzK;|ppD
H",Check sum is 1
test,"7`! _P)V(x/!4@""ex`?j",Check sum is R
test,pc9+aw/]}OMb*po6^<Zv+umof*m\ <U[*4'k=Lgc,Check sum is C
test,"*UvaQW;v.R9KlxNO\_[YBe5,9
9!<Qp",Check sum is %
test,s<d'5_5,Check sum is #
test,Jv_aJT@;,Check sum is 9
test,"X'M$SyJ/""!IA""XwCPdEKeA7	BA,a'!	f?#S4",Check sum is 0
test,"FUW'B=&]
abg# j(l>?)",Check sum is V
test,Ft$||q3&eg~hCyIR^BR{}H|@cxW$Cx:3wW]62SF)6h!\0=,Check sum is R
test,"HCo,w9	+M}INP^nS14{y^`ci_^2K{_",Check sum is 1
test,~{}u#y/(;@!LZdDcl,Check sum is 7
test,"<
^`Ko>KLp2:ERV!Y",Check sum is 6
test,"FW4O""<p&1?.S",Check sum is %
test,2qn<8***(;o:&3T	1go=HC?+zf{tT+xzU+cHA;,Check sum is E
test,"b?}/\9|""&43,/7"">oGk$g*Ii=g@}k%?2i",Check sum is 2
test,b*,"Check sum is ,"
test,"M*7FJmd Sp{Ylg? X?(;}(Sg;d""",Check sum is 2
test,!}W7%p[xTfg_caJJfJ7tjhbbNn,Check sum is 9
test, &Dj.@7	JwJnk/m]jWz %,Check sum is _
test,;\Qen|q`kLhYLzY%uzCPkM!>61H|<OT{hAG,Check sum is 2
test,"#5QX[h""
<.-yNWM(biFB",Check sum is M
test,Ep)m a=q0 ZWaZ!ZE92eaMfmgSa6aTW|jMB1o=,Check sum is V
test,"n6}?X k',f^,Z |un|w|c
1NU&#T'2(6MCy",Check sum is L
test,`F8+'~ ?x06pQ?k9:^a!f'nv2yx(%4m6_ONww:,Check sum is %
test,"
Fw",Check sum is '
test,j pB,Check sum is \
test,"xbHpnTN@YleiW^Eu}L`w6!)<MEb`?II
,@9$]7U2H4#",Check sum is R
test,H.W\p^=cg>nZnn[,Check sum is [
test,SHE#],Check sum is @
test,"mkOd8/e
LEsj4rg~{rh}ly;AH()Pe",Check sum is ;
test,"k]T]ols8V+=@o>s0;""R@9*KLiwa:fbX24xL*",Check sum is E
test,"	=lfkv.<s4;C""Z",Check sum is $
test,FaV|0e?!iTz|.7eC(u`-}ro1G/QM1*a1<;`dP*JET7Y@\KV6W,Check sum is :
test,9UT	CS4d*\8VT^9tSw}5;^yGaTng,Check sum is K
test,"@+$s~<R4""AVruZl ]@+uRU@u+W@/1k`)~+4}\@O",Check sum is \
test,"&v'sCX

N';1G}""X]-`_h!JQP^=1
7SUC	","Check sum is """
test,",_v""{=JMn
aV/HVWpI	VS:iS1N`+0{",Check sum is ;
test,"iz@s]jt2ck'EbX0svAZ0T$yD&
Rzbhr.5{M}72",Check sum is 9
test,uCTgp,Check sum is C
test,"SQlL?3_W*Pr,a'izVSV18b`kQ}1O3U",Check sum is R
test,rU}\Q):n4>*SXikp<Kbh0d-@BjV*c;vH@Y.P[8jdV=,Check sum is R
test,"cQhN89H""TI27X",Check sum is C
test,"%!N#S`[|{[H,c<-M-;g>`F:]&c2CM2D94IJLn",Check sum is I
test,:Gu``DpZ|peZd6|ZSK<! tNL5N6qIP|L-,Check sum is  
test,"w2nbY1Zuhauy|\c}d,i{cBCj;wTbrus8<?'&5.:g6s_",Check sum is 5
test,1+n|gE#RWhpVx((]i%e	W _)K<nm[t$$rS&&5@3b]^)&,Check sum is J
test,X:j-N!LSz)n,Check sum is (
test,p0@Xg3do,Check sum is E
test,"c,q<Jc.I?7v'$t,ep","Check sum is ,"
test,1W{n>(jq >`5,Check sum is E
test,Ptu);k:~3UlR<L$y4-S)4I|s/e,Check sum is (
test,kGO18w(?5,Check sum is ]
test,&}Tk|NO&6mo^;|,Check sum is (
test,"[-Dq>eXPl-""$l4J1:",Check sum is \
test,}FnX_,Check sum is H
test,"tB-9AIBgq6F
NKo(L\6(CA}d",Check sum is A
test,3V{Z,Check sum is >
test,")1F@ZD#1d?b~C0
4Nqs_ImaHiY{evwA0:{(",Check sum is 3
test,"pU?	AnEPj(^vDHg{229.^Z#O:""]X	",Check sum is T
test,"iD1AZmE 
6zM3K\G]MF,'-,k2Vn*x-2sV>h3<:b#",Check sum is .
test,Mgj.W9^&SHBy!yD=CS|jqGJ Bz{,Check sum is F
test,g}G.mHng(5o	Ff;w@f,Check sum is \
test,"j|zSfmUI5\ZH)Kq2PpQPOJ{=O4$]66']S""?{(z)eouU4",Check sum is @
test,;y*o'Vb	Y&FX,Check sum is 2
test,B*lCR}*nn2RW5,Check sum is  
test,"VfSWR""",Check sum is :
test,Qt!4CwY&;W5|}-xOc6,Check sum is @
test,W|5s~M)o/	,Check sum is 6
test,"p
tl2LV0  ""h",Check sum is H
test,C9Ky3!jdHzf	OWw'}C5j<MkByEKdor,Check sum is Z
test,"@w8z$.A^:.xT%Tx x#P9K,|k4eL/#h",Check sum is  
test,"toh	
p,0+cBd^%)F1E^pg8HjKSOx!H._AtG: Td&zlid;\T",Check sum is 2
test,>(JSN8<2eOn'r%f69Nd&,Check sum is $
test,?Zvo,Check sum is ^
test,"bMVR_|4cv+ ~~)IX2`Qhp'jj?gi07!F[&nGMO,1K&+@Q>EP2X",Check sum is <
test,";:kJukgNI0J2U)']YQEGU|W8#+EvsjX,",Check sum is V
test,+e[|Y~\jDdI,Check sum is U
test,W[we(5u..qdQKC*1SpX9%,Check sum is $
test,}w_,Check sum is 3
test,d8WXihCxlM	Kj'A@s/<n\O6,Check sum is C
test,rPVE20]j*#S?mJw/nAJH.3pA+&AXwO/Y%X#,Check sum is M
test,	`LBRn^	QF*X,Check sum is W
test,"BUh;Nx=x]Htbgs""Z#ZmS#>?<lGh[WhBMT(Y@",Check sum is X
test,/xIl j[^8>Rxr{'fQ?L,Check sum is U
test,"jAAjq1D(uV02sz0ZA;ay{7=EO7T""L#v=+K",Check sum is F
test,"SD#X;""33\0.:EO$sT7PJb3p|""FX`k",Check sum is E
test,q].{D[OD`OTsfZC/;K&~=0kN={yM=L7Slv,Check sum is 4
test,S;R2'8`YRbB6~W\Y`{vg|V%}ITJ+P6c_1Y],Check sum is -
test,kdoF@Lg;l28HJ{{0%w^]`et YS<#W=@XuS27rzi*+3pslvn)n,Check sum is _
test,.}Vl`Kzb|wUp#)oYFv*.o+yWfx2~*sKpK:;uQ!H0]J^W_Pz.,Check sum is V
test,"-fx-csQ3~1in~OB>K~,	n",Check sum is 1
test,"j'O.lc-;sTpG Sw>fAmxY+>}-$>{aB:x,7|j!C5%K?0z C	|",Check sum is X
test,R4^w.=AX,Check sum is ?
test,"qux'uu`,*~Hw,5(MCCD","Check sum is """
test,"{e
({2PpWO+fh
I[jtlzB4)UC!PW&)jH*WItCo_q;0:KjpI",Check sum is C
test,h'p,Check sum is _
test,"2(!Qyf[=eucpHSCxv}?8THO""oR,",Check sum is J
test,"+9|cOKL)mqFI<@#x<ZV,>+jwY[Hr-65yQrQ`*t-@",Check sum is V
test,"oY<y~p$Yc:$rw_/V82+13>hD$YYO.V	b*m
U9$)2?hyI{LV(wB","Check sum is """
test,A/Wn!Nh/SJ^dH+,Check sum is -
test,"/oD7v0Bto^403}Jx1&r1tSf;N)
_;i#iZiuRGmt#",Check sum is ?
test,(~TO0QXJ:$'_W-9S,Check sum is @
test,7>N|8qTRt&n1h,Check sum is O
test,"~n$
X8^N^d59XJ2|
pI4&<!!s'ZT	abV z)g{",Check sum is  
test,fR`9k+WYN,Check sum is E
test,}A/W:b,Check sum is @
test,"AQZx<n=5Tn190K.""f$GhSzX4dF}]*%.cTld46H_} }^a",Check sum is [
test,FvT#^E`mC<hO1*Bb-q>-t,Check sum is 5
test,YpUjJDm[Qa7|HyT/W{QBJ2Kl}&WaUfn,Check sum is C
test,l[IB+-qfIY{*qy?&y&3LKP	}S?pGbY'|7	P<E5J,Check sum is -
test,^3*!Y>H]u_P4j,Check sum is :
test,"POK9NH
}%Oh? Tq]$ng~",Check sum is 4
test,Rk>jJwDv $>,Check sum is B
test,"mcz)VLZy6qV9E^Ex,5V7CR-]?b8z",Check sum is >
test,";""xIA]QFO2W""'Q1Z]!$dRJf~pu~sDe}(@(N@}^{3Fw|dlc",Check sum is E
test,^\pi_nHx5Sz}+t6gGMdBD,Check sum is 9
test,~spp-~ebqCb2,Check sum is +
test,"]Z8J]BVYKCa
[qj]HvSGb",Check sum is -
test,2N}DmTJ{TvIK3B7~ /yz3XIa%@,Check sum is K
test,"-e(obQq?e]=PhPM1~).&T
6alyCFZr\d.H-EmBbFC[",Check sum is 8
test,"a)Grr*F_,;/Qo f;g:1P!l{^'""6",Check sum is B
test,"-Huhj(A^-`}^-sC.
v_%2At2	S`yGB<Qln.67R",Check sum is K
test,")X8K""Itc6rQsVXo\^4t*B<f.f[4LW!
#<C'
RW'8OhOUwY(",Check sum is >
test,74?3MkTs(,Check sum is $
test,"a""X4g:bR7q?T)ck}WG?",Check sum is P
test,"0#)	i'cnCV_ToVs2{WE4cphU;1uY7rMLPy""|G^",Check sum is _
test,_{-B(DzT,Check sum is #
test,$4j|)Y?pu-$A2xP*WCvVO$,Check sum is S
test,"3zM~_$euD#$9V[>@?)1!1P&,l:-cKFrn",Check sum is \
test,({NM[20xhKQY3#Lb~3&fM,Check sum is >
test,)iTNPWEt[5+*foM4.XIJ0:<~N	yI$,Check sum is )
test,"a=`M2!|8?E}uX>0
zRWEQ",Check sum is 1
test,:Ccrsv&p	CI:sU#c,Check sum is N
test,"q}/Wu^^9	n
<SE$=Rq{5pr[Fg",Check sum is Q
test,"la+,>?*G&<n;!2U;PpZV,In%:QyQYFO'ZGs_60 vPsuw-",Check sum is M
test,"T!ZcX.^xwF_
bQq MYa@
#$D(3.&]dz\'Q!BI]ASa/aXki}1Sx",Check sum is %
test,HwROziOt`K]x}(\wJC@vu(F~K_HT=kz&!D%tBEZjORX)aa])c,Check sum is &
test,=ER0~rsYb2|}!,Check sum is N
test,"5MIRMxK
3ipnSsH>_!@Jhb#8v4eY-t>n#V-fe->0",Check sum is M
test,"P`wF!c%bLr8[UK
3fg9AO6,}uf|8_:y(""rz",Check sum is R
test,":6L_AO(,/*K@(",Check sum is +
test,J5,Check sum is _
test,#$aPhYpW;wQYQQ_J=Xt+<s$wajW)}G90wB.,Check sum is $
test,1jLS]V[)|n=Nx,Check sum is >
test,"m8pr	^sqpn0)U3S,U)6oQ/F:|B?1<*35[g3~bSjrHXdCR","Check sum is ,"
test,"&(Qv/8(,[*,e^;]FM^.*4g$\M6$",Check sum is G
test,""";\3#/=!RN9fxvK6jso&&V9',&O$yWOHJ~5",Check sum is !
test,tN5,Check sum is W
test,noA!6,Check sum is U
test,"`pb:I5
`A2C[%fV4oCK(Sn-3!pN)y	>pXGMsHA3|Rc$HEAHH",Check sum is &
test,QE%^iA\i_]1icKM|u&7'*i@C*&16B$&js,Check sum is $
test,"i*D+1qQ6AW=7p4V)R&j:D@aMZj(8G,Q_]{7",Check sum is ^
test,]$D7|=,Check sum is U
test,	zdJ?J_#_0?0WTQ2|(.~[lEB;fHZwCqqDf,Check sum is /
test,E{ZU_9Q8P5o>iT6Qs]8l+[`K,Check sum is K
test," *J
F		MP|K//A54 w	N}kL",Check sum is $
test,"HYKs0*X)<rH&Jk>~=kV
_Z\^31;|-|]Q`GZq8	T3pQ8@KI",Check sum is [
test,}N|3<' (:,Check sum is ?
test,'us3.$<y>t0,Check sum is K
test,lB25CdT~	`:HL@N?vYJ,Check sum is K
test,zQ[=mG6X:Z[V@}##S5R9Rp8>K|A7|nDE5R ,Check sum is 1
test,";
:Vro6u5CQT%j&qL|^m>q#jk(jT2(",Check sum is >
test,"j
JeXRIRhBGqvo]|D^my1o#&8t,;k]Lhs}|.j8Z2t",Check sum is $
test,QU6$vSNgPPS!$p9V#N(H,Check sum is 6
test,",\?0~KU('*4a}+P?qNeSOg9UmO	6W4VB(f3UIWp",Check sum is 9
test,"zUuBz!H3~/LR7	tc)N]drMHc8/,w}v'{&ek
|lM1",Check sum is E
test,"5,""`""_w""",Check sum is ]
test,"%K`:5IAdy/L5W
y: +MD:WO;J6\dkD1|[{W=AOmCS6",Check sum is P
test,"]Hfiy5LTk,sxvh9yY#&~J=h%-f'","Check sum is """
test,+oVc^N,Check sum is _
test,"!U""Kf!&:~uVCwmXthGJQ]x7/ta!NE)",Check sum is ]
test,%bR0} Db/1[!.8_&qR}I,Check sum is <
test,"q_c;znzi5kbs%L@f0l!P<^{\|vGXlmr>Zp	p)""$F",Check sum is 5
test,"R8X9mbjli97cZOY]q1 5MS/DFS5 yA [m5z	,\MAD(",Check sum is O
test,")f'whl7UECV%-o]36H	w;B{02)_7ssR?4j_'-ON8m
'""n",Check sum is >
test,"&atH]|Q9	""*|NA@E%F{,FH,%awYh>rdH:)""^dU5[>2lOuQ",Check sum is .
test,3Ii/	rF(ZlAn<{,Check sum is I
test,"?OI  :Y]IG	ltsBW[DQ`/Lf.|rt1g4,5\\ibDbg47A!|df",Check sum is =
test,"|npUq
_=Xj56*y\Y}IpN",Check sum is /
test,s	f\B(5cf#\6,Check sum is ;
test,nWS8EQip~0H,Check sum is U
test,s]XT&UZ,Check sum is 1
test,5fR?~GS4sc'V%oVM[k{db\:,Check sum is ?
test,B/!o=P,Check sum is .
test,"te6#<zR
""H[eGJXyiB~%>ml5s3`B.Gb+MoO:l$@Tz",Check sum is 7
test,",$iJ.CE'\#8]j}ph`-d?NgygydIZ>~",Check sum is T
test,"-hcccmd$
9*?",Check sum is ?
test,"ml-d]m[njI8,.1y	p}s::w=5vW(xM@tAIcO	e/
acX`k+o""DzB",Check sum is F
test,"%i/r""GVnz",Check sum is 6
test,"kW*L~.y""#{^uBO<,W)R|X(O*B;tj/",Check sum is Z
test,RKu4,Check sum is &
test,_wSvF;re>oc@xF]C.x`D<PT,Check sum is /
test,"734q'TJw1""'/z|pj1?@",Check sum is T
test,"CTH<f7ckv,?	
QZ)%~Tip%M7As""G",Check sum is D
test,DK_1 ~HG,"Check sum is ,"
test,"(""GrF\r$^Py	a`u?O{$5]$",Check sum is $
test,Lo/_]QC:JX(Fc2K44B6^K4[rgO;]M,Check sum is )
test,My/hJasi,Check sum is D
test,'&iTLJbi,Check sum is K
test,J9}v_69xdyV|KSd:Kovi\Kax$f6dSUX]JhQ5#O._Cm,Check sum is H
test,e&2*gL'o*4~5'c3IC|	GUw-vT-&|*yibm?W9Hktt,Check sum is M
test,Tv64U7zZ@Rf^gtdFdZ-	1P#o/<SP;k)b*EM]3-,Check sum is N
test,"k_rP	m@cG>V|m><Nqf(jdO3!Fn(&
F(dZTH*uOal+[^6:H31SJ",Check sum is -
test,~WE={?j&wd,Check sum is \
test,"}`	ZN'xR,yT-!N	9W5Ujm,!KG$p=60t}!9^1",Check sum is ^
test," s:U(y*7S#wA9(iNuOyex
d{UGl?",Check sum is T
test,or|H[o+g,Check sum is !
test,",'
VoAn+&R=`,<v1F58Qp?@t(47.C
_dJ(amT""J",Check sum is 8
test,"F [gn~;t,By@e:1kAm	[`Av'TUYFP"" n!}b	.n<nH|qQ",Check sum is 2
test,"Q+}nZI4LTHa`bFq
'Si`Rz3lsR&_UX%,hq$&b1 7/;",Check sum is W
test,tP6lA>,Check sum is E
test,Ye)z$0,Check sum is U
test,q\ M=!K_'P';N\kUJ#G6yI%uF#Z*I?@GP)E^,Check sum is C
test,"p)r9<~A;Cr_>4`'t+9!io#
""P;A;R7u=SzdH",Check sum is B
test,@*KYr?Y!*5QUk#=&Kx>mI=<2%Gk|0:HU+,Check sum is 6
test,y@rqxeaX7mIp|%Gf(v	3;'CMK[LwR+gHf2wxgrCT8,Check sum is M
test,"IZ!WL/0)T:Hxb-bV5v6P=Y~ItFgfe@"";dh.8t '{ 1\Aqj)C",Check sum is X
test,",J6qF8)a
_o}R","Check sum is ,"
test,h|#ie|	$R|M7AF_gc4w6y*b%V3YURj'!FauQQb*#RDp>=L,Check sum is  
test,")	X3?]Z%A	0T
VPl^%aQcosi:FrWt*% MBhBN""Z",Check sum is 4
test,*]4a8sT',"Check sum is """
test,Z$m 3Y C6J]ux(F(lZ<y'.Y{y$sl*GJ`8aI5Vgzyi5KdR,Check sum is [
test,*TV-,Check sum is !
test,[Wk,Check sum is =
test,n\-?#AX_1g`ixoM-l_vC%3Ape,Check sum is %
test,"pW""qi`Dt(",Check sum is #
test,QtWcRNT*f,Check sum is #
test,=@.n=,Check sum is 6
test,"M<2=\,UtcoJ7V}T81/",Check sum is ;
test,Xj{~@&FWJu$&/kh*,Check sum is S
test,S7<u71=*}@=nS!!r'WD,Check sum is [
test,}/TFGOV94#unXAO,Check sum is -
test,V$Ih5o<U\6<7%` cf`1.m4Hu1bSUw/aPOE.ZTn	V&(YTv09X,Check sum is Q
test,*KF.i`@a52BKl|m,Check sum is <
test,J*mlWn;{qkf5`LO+T2p+Q,Check sum is 7
test,y=V-WXM7gl(!}7`tTO$Xjh~4sB--,"Check sum is """
test,_-938jx`{aUa.|{;$G%1<A0`M	.o~uLS.(wQ#c3 ,Check sum is N
test,"{P`dh50lAR,S@%",Check sum is _
test,L+c{4je3k-,Check sum is C
test,ocaI	F,Check sum is +
test," H+[$R	""g43",Check sum is =
test,&XOZ76+:BkT.(rP9u(e'NN1:PB8V&qU(t)#Ht:;Ia*ebJag3R,Check sum is 2
test,"
	V] |",Check sum is B
test,"_NmV!
9pr8IQo8|D%z\shd+8a|j%0",Check sum is H
test,"o2/E/&_*:~E+nKJ-#>	M9
BqR~rTLW[^=D2z[U$s@.	s]U!>kr",Check sum is V
test,"liVnXOF65ryp~Mr!y
R\y
*Nso	+]=W3Z",Check sum is J
test,"?bK[3U^2n/i E2^D=Gd}UU~[|jRnMom#Je6),P8BS,j",Check sum is E
test,"CTdD]xieI""""O#c_EpDcU:%fx",Check sum is 1
test,"b_k'nxX}d8=3
E..Td_:.ee[!%OD?f{-<='p4U;UL`k]",Check sum is L
test,"!QLB1&""2*",Check sum is 5
test,{jL|WYO,Check sum is L
test,QeES_Aqa c ,Check sum is C
test,e{>iswe~sz1>|pD}4l`?=l6-I&^e!cF1N)]0V,Check sum is O
test,LVWT,Check sum is -
test,"$m0+dgI?
0Ya7e:_Zzi.@CL(?Uygy+|t:GB",Check sum is 5
test,GS/6cP|4,Check sum is B
test,"B	Lr<\M""""3KBI1Hu{Tw1cJ\E",Check sum is N
test,T+=rTT\r(z.,Check sum is T
test,C9My^>:Vg_j,Check sum is >
test,"Y9~+$%-iX3	a6N$\M ..),)Fa:ts~R$ HLVnl ,#Bq)4D2~Q",Check sum is ^
test,"7z&"">w#]_El+D{>O`_ 8hKpZ8N3VDyZx~DC,",Check sum is 8
test,~Hk<D@h[VJi_Fa#rEd	M%x?0c/*nLf)a{p!|dy6abUf6/oWH,Check sum is 5
test,:X@k%o+[vC\/?T#=H%|e-rC!43cO[,Check sum is 3
test,"gk>*(O]t:XJ@nm;{nI3):\8LYkP0jn]ZycgK^\,kQ+H4",Check sum is &
test,tQ>t=\;Nzq-00}XOppu,Check sum is *
test,"I?+h~2`n}Xp!(^K|G [colo	K`^$OYD,&pf=&@",Check sum is H
test,	SZh5U't5z]PVYjSwoh=Z;x	7r_R V,Check sum is \
test,'M'z{'gNSRNd3,Check sum is V
test,"!NPbgg
N",Check sum is '
test,g(S,Check sum is B
test,C<DdGNh8pAbC	Ks-+~6L<CG6>2*,Check sum is G
test,"yl| ! ab_%[M&#M!>[#V ])Uauslt4}?hr8uJ&S
tP':|%l~Bl",Check sum is  
test,`^.'w+]}eA0L`QnKGw,Check sum is 9
test,jnm}f,Check sum is H
test,"~iNuuJ{N""W_R<$Au+",Check sum is =
test,"(?N,WXD+D+wnld\
\V+f`|'aVN:}T |r	7$}5{^Z",Check sum is V
test," ""S-mH..;M
rg~!I<Z8aF2Wc",Check sum is '
test,"ymt:rB*
@n}f zQ8F; BC<Y@V:*Q`D{pG1H}eHWQr@M,U:",Check sum is 1
test,"z\2;T#PJ$0E7mI	'jPv^8G<6mDd^L^rw,;7i97:&1",Check sum is 7
test,"a<GU/.eg^8%nn1""K~S`|XU|vSfN@4953cPYZD4GG",Check sum is K
test,E@C%VsL=]s1&)>'2EdJ}R	KJCOQ(ho|a,Check sum is %
test,Nj)EzthA#Mw4f-o}5QP-HM}CD}<Wl*v2M4SmGsZ,Check sum is 6
test,	^jg]oT9O@(_#Y^x?J*V`kel!!zK=bCTvd7yJz#cT=<ZuL>,Check sum is 5
test,"QWf,R%",Check sum is Q
test,"I]z|@8t||Y'X\J.oJn,U!rMM)(Pp4G|R>]Q(QEo9''",Check sum is [
test,"|>;yrbC4_`
p~v
DUk}:UV4(lO!O	D|O]mSob4A3PMTr-!]!U$",Check sum is S
test,"{'c$,i@Y2)e V[5GvFfo
0VN|d_S""ty+@""x2 EY%sKh1u8",Check sum is 2
test,~|yy,Check sum is L
test,|0PwHR!K}e8*L3pj}+9I|}Zb`4?c(t~sAsN7 	,Check sum is :
test,"uK9hAw\,+_a3g?KIiQ[`KQ,",Check sum is V
test,%4k0,Check sum is T
test,"ql!dz]9~1OEWIN8E
[TTb
(J9X`#/V<23M#l_H`mM1Uh2\",Check sum is >
test,A06,Check sum is G
test,"j1M9Zv`zE]U T%#J,_B$lxL0w0]QUy~NHA:d)fv2lHO%M8",Check sum is 3
test,"6>m_XAt""h~gY @&2}s]R6",Check sum is B
test,"(DlA2[5X
5;MT`:",Check sum is H
test,d{>GP^4S? Pd:i+?D{bW*	b0,Check sum is V
test,Or3v`M|9Hxi6I}<K]HH),Check sum is .
test,"Vtw4%x/#DrpN 	y{5]XS]\@jI'Z!`Aor>ahY,oyA'bS-",Check sum is  
test,)n[/Qov|,Check sum is 3
test,cOaN[hv-{g5iO9+kC0W@&EW>\o~\*x+O,Check sum is P
test,jWz9@9Z-$R _n_Z,Check sum is 0
test,?QgL`pcjX>ySHZ~<G?P(A!~E,Check sum is !
test,+{W$/Ur,Check sum is 7
test,H-H8*TpJ='DlbI7=\3p*$Si={t :^,Check sum is -
test,V7l:z<hX>	8?=K\:,Check sum is %
test,I*+Kw5Dbt	sY8T[_PT	v*OI[c3;v#`mS	vnFx*y@!dtc,Check sum is ^
test,"`v8QXdwH.Z&frO2	%J5UT^\7*Lyy)1<~R>yezcj\hq7T-,:",Check sum is L
test,"P_KvXuxOP-,'j'H39=~cV\+pIVk3g{]",Check sum is  
test,Tc83n$h~R@.`u=wiRQ`Sogsj}_^zRbm~xYBe,Check sum is @
test,":""5hn*N8%>)S.R(1h{gl/%sP",Check sum is <
test,"L YhU=M""Sj<[NBO#_|<gspY?zf>0""#%{M4aKcKtOC:H;ro'yfo",Check sum is D
test,"+6L
#/>$?&",Check sum is 0
test,YK1GP=i	BQ=n@ #~0<EAjkuveG^X#;f,Check sum is R
test,IdjKb.|Qk`1x&}7qxdO+*%|w/6,Check sum is [
test,"hGv|?5E9""^$Gg#|IN=vs{.->sZQ{oc?",Check sum is _
test,T!}k$A,"Check sum is """
test,0o)&dc-)l?Ggb3+qcl[#z[Ue7G!VWp.,Check sum is ;
test,Dz&^u},Check sum is T
test,"6(E%6_JFu<o""$NC7Q'7yp/	^0uskx@i'",Check sum is 4
test,XM:IuG*ABH6GKeM]i@D4L,Check sum is =
test,!C,Check sum is D
test,z-ztxM;DF`Ka(CkeC$E~d|K6j!m\_[Ac)d*=3 j6^on<@x,Check sum is Y
test,".w1nD&@kz:V;a_,	\^f;67K}=&9bgc3f9E","Check sum is """
test,QcdQKUQXkA/iq,Check sum is G
test,WK:8\A3Yg',Check sum is +
test," cK&F?(5LiugTs
!k%$K45;nqs`J6{[C.",Check sum is U
test,"1	y8L8mu<tj45
dR'N}QY9X6Lqa^r!,Z[hn",Check sum is ]
test,i6,Check sum is ?
test,"xUkLE6S4
n)[p^#iuq4><<Kkd/[H%$Vfc\7o1kSy9vAdq",Check sum is O
test,"F5#Om,;#XzdGsR9gW*Lq
M<2d*Qh7[]*",Check sum is I
test,"i,  44J",Check sum is '
test,X:	I,Check sum is D
test,"!!}#} /2_h295q,zKq.<m&{uCd&g*g/*mI_{bP(""",Check sum is Q
test,"YzX7le]_SVSK\Hq3	""<(MlRoEJ*$'epe3~wcV+7LQ:dXB",Check sum is =
test,D	L3\14;<,Check sum is $
test,L!b>tCS H%qRXw]JO$.Npdm>btJ~9aX4i ,Check sum is 8
test,7o/zyHmNpo*gl9<@Y`qMR\g H7h{,Check sum is J
test,~~KD>kk')c5mlZKnb'{b0;IP/zu,Check sum is [
test,s<JG10rg3TnW8MeEJG,Check sum is &
test,"gG{urN#`'l:a~7dv #%J9c,B|axx%xL""dbbb+Vav|{f32}X",Check sum is K
test,"""_tf4%GZe*H74M.,vx2:{2q$Ji9}M",Check sum is 0
test,{N_=;}^G>`4U4c=,Check sum is ]
test,"m(loxG+=KVt	""]0^Pv- U|x M!hv1N	",Check sum is 2
test,49H0N$$z`o8IH9Yu\$agW\T*eT~ep@~'HB>jn{El+qgYkI;,Check sum is 5
test,.o7,Check sum is 4
test,sxRh<Ma!9Y 8,Check sum is :
test,;7P*!'/?}=?S-s4a93,Check sum is /
test,"L~Qwmw`nfxc\ V,s)P#lE,/",Check sum is >
test,GDMSm}y8$L,Check sum is V
test,"{^|lc]]8_SbD._uzEKe3uHG3tX,;Qf&ha=0-h::G1$",Check sum is T
test,rcE!?MS?M>{xIO5cU|Uy]KmTz>kS,Check sum is %
test,"L-X$tM""JJNSp}K'oy5drkNh[S=)uC6jIBpHOgL/hh)sL",Check sum is 8
test,FB,Check sum is (
test,'24wU,Check sum is 9
test,"|+a8,I!Br",Check sum is *
test,WF.k6mHOY~ab-R?;yO2 K4WhWt]aBa6~v,Check sum is Q
test,d<v,Check sum is 6
test,ja~GJIq326kfbQR:ZLbD'k&u.u<u(.L,Check sum is N
test,'`f-G474,Check sum is  
test,"Q-v2Q>g&S;+Cpdjjn2m,ooJ%u2;LXbu",Check sum is )
test,i/[,Check sum is S
test,!|	d+YI,Check sum is 7
test,s+7(s++j1XU<nr'<\5I@qa]T4w,Check sum is 5
test,BZc,Check sum is _
test,"d71
I+7n_:TfLn8-*AGTuEg ;,,,BZ$Y~[y9F	"".^+km",Check sum is +
test,t<NgI-5!<YyvZyY$		eFumm,Check sum is 1
test,6fWz#&M*eEIGL2,Check sum is E
test,/9H3rc^,Check sum is 6
test,#g59U`9iFb:x&js&,Check sum is 2
test,"N,fuBZ3/G\P.^w%T{+h XE!@F&d:
w9iD>#?b<Yzz9g>7b",Check sum is A
test,"^!`M>W<fW-i'BeM=JTn=9N.NaE1VQ;q$9
#jDl:'FTJXX MV",Check sum is Z
test,",he)ko-ZmC<ll/N8t`",Check sum is 0
test,2.3vj$>,Check sum is 5
test,![}^7J4<z4	8,Check sum is W
test,@qV(1?a|q8fQ*2#ggN#?{Z@Y8|RMzPr,Check sum is 6
test,nux~#S!_?$@K+.*iL7Ke`.w#81@-ffH?+.qH&ndvs0A@ kZK},Check sum is ^
test,+P-t:+k39YN}vnjV<7rJ*>@,Check sum is W
test,"Do?\4.)2tT	l""(BH3ux,?;KkL#%B'vPX""z",Check sum is /
test,Z'ymB!QkQN>N{sw6Z*s_tq_iJJweM{iE(5|9	&Cm6nn87kj,Check sum is \
test,"*y06TI35|gNL`==Yq![A""h4",Check sum is J
test,D@PY#Qj4Y_4k&F`I<_	qKKk&{Gdm?,Check sum is Y
test,"@!ghA4NY~(X(eZ#[al7vyQ-)x,U","Check sum is """
test,"gp'#o	Q2azK$
BWVk:E	jYm	7YO",Check sum is J
test,mLtSQ g;Yp])AH,Check sum is K
test,HnM',Check sum is J
test,"+5[|	ztL'=cNMTaI9RaiP 0{$U^l*s-]+
OP FZf$_",Check sum is Q
test,"F-|k9.XJ&2;,	VY\T{>V%O""y",Check sum is H
test,"V7N'!p!x+:Av(e_A&r_|,wqOy9/}=`5gMd*F'4`R",Check sum is 0
test,znD`w7f(T^>=2Og%%IBBt]b,Check sum is G
test,"
kD@8wfV'5k_y`FR8 d""if8ONW:Vf10Vq__]S;@U@cZ|8Bq]KE",Check sum is !
test,<	Ci;	?}HZHp/p3p@$&|?,Check sum is 2
test,"O+'Vt<b`whRGn37NGG]|!Z0NdPk`kRI}[bW2D.G*
X2{hcW}j",Check sum is J
test,"f]Jhx'z!BMl1I\GNmnCO6<{<
^",Check sum is 3
test,"8ABt{ *#9-g$)HchlY-D>fc%0[Rjw,J]N3'baN-kwFO?@@#*h",Check sum is (
test,"0IWh`,yPP{/s1O5p@''[$9r<.{_*I",Check sum is .
test,"S2tpqmQ~q0ga PqfW'!
%1Sb,,h-a*B.",Check sum is B
test,"?!(^9 qKT>/dvaK5`SmSM
W4kZg]i#",Check sum is A
test,tdA'vM%7pZSu*W(xLW8J.)bw0c?#,Check sum is <
test,"|w`5U
ejyLM!+c=r54[NNz/m:WR.IKZ<HDN]
D:d+F8.",Check sum is 1
test,9IOrtG@OO,Check sum is <
test,"Y!,5Wk^r>VS|cxwBL5F",Check sum is K
test,mp-jy~y3 ~q$G%w(btDROHY]!2*&k5-AN.,Check sum is [
test,i5kx zz>P%NqS8Rx8]=Y*>,Check sum is O
test,"ln'<m)@2U3
&,7KaM6&",Check sum is U
test,12TJ3dZ&HW]Q9R5 Ew,Check sum is !
test,cMk;(Kmv]	sYQ/A`5vx1-,Check sum is  
test,"c#T<Vfa>cYxS5,j$:+","Check sum is ,"
test,lcD&Gj.d,Check sum is \
test,"4%LzoQH2(	;=$ex7@!(wP8e'D(m
zd(s",Check sum is J
test,WUuo;1lo>8`OU+:8Hpl\l?m$x/m,Check sum is ^
test,"$\}""l4hu&fc@B""p>>*b9WH#MHH4H}O1F}r}-nr ;",Check sum is 2
test,"iu)R-NGWAM1,aTP'I:^;bAnwon`v8b/pSJQ",Check sum is '
test,9lI81YWDan\jZ%{8]{-WTRF,Check sum is :
test,"C
xY@n
i[	tZ.8]f;39YXJVz~~t:&AF""ZOvK}N4f_]:""JlPpq",Check sum is 3
test,"Y7
LMcGNJjp",Check sum is /
test,`zIVi!r=:SWv+9Hi50~nK`sHHGwLW\T>?$Dbh\e{F8_}B7=N,Check sum is Z
test,8S^,Check sum is I
test,w'`UmM=#IhTn[]1F=u@/E1d?=zESma5jh	s(7QN,Check sum is G
test,E:Vbj$,Check sum is %
test,"eym@a=*/K;0J;jC@lw(9hVO$/}?YHNH-L-r2 9A7t.""AA	",Check sum is K
test,{mX' a9Zb`Dh{}{a7D}Og,Check sum is K
test,fP_a:O[.>&ggBo[r4B>)W#v6Nai>,Check sum is 1
test,"pFV/G""t8S	^k9*zP\)h%(\q",Check sum is I
test,"J*ocqJ-6CVYW'3UC5FNyaQ|"";Ld?2X7'.C^Naloef",Check sum is G
test,"#&qIga&Z,IfSMA	b8	}MkZ]#QHBY5_y%:}6J^@yo""XD|qLT*",Check sum is :
test,-6,Check sum is C
test,"{meg_ua
o	F4{e~dc/_Ovgcrsj+d
c8JY~CK5
]qm]\	M6u7%`",Check sum is )
test,"0%_!qY`""aui}bT/B^=iorK9PD<HkuAZ	^&`xq+!>w",Check sum is 7
test,"
`%j=6IMZ5	GMM{s",Check sum is I
test,/7dC,Check sum is -
test,Yt>}#\c%4|'w:@12-5g)Jbkb3@VreQrF<]zkoK&7Gx/Ur66X,Check sum is <
test,"!!-{	y'Xas7N(gTZU${%*5-""J{']rJ<vsq}5>4B",Check sum is )
test,*oMXVqK4P{SjYCIYq/yf/jkj&}$2GY<;cc,Check sum is -
test,?<9xJce2wiL/i;usNlq,"Check sum is """
test,"_\juuIPW24O&.)I
PDjF	Q6\c5Qdcm:$8(3\6I}5htI+FL",Check sum is Q
test,Q3W?)CKk|$zp&OC;ghL|,Check sum is 0
test,FMV+J=P17D/7#B%+vc<r,Check sum is Y
test,EV&0U2|5es#5r$2?#+Ut?25p7RoTVz<	y2KNW-p:ZW0]e	iHY,Check sum is 6
test,xSaF	.:&-=594iTdE,Check sum is [
test,"Qj""A8H#3^GG;MC+&.= C9
e&=""%%H926O1#7=8B!yGbz]a",Check sum is V
test,C=N k,Check sum is 9
test,".r^	a:|W@u$,RWA/1 0;n]'|B
!y2/pSz",Check sum is !
test,#lf.5O<>Cwf}gInM-s&^SPEA-GpIP,Check sum is S
test,"k:vV@*4`a\Qpj4
>qL_X{2a%+~K/WXm!rG2X6I~;w47[~7Mvs'",Check sum is D
test,"b`1xyqLMtm""=",Check sum is N
test,"pgc|DJIQ%L^&v)I0
h%cczQ,95eyjDb6~uopq_E^mJb",Check sum is O
test,(fr]x)|~oEI)wkY4epAs/ )MG,Check sum is B
test,{w1A2&w*-:?7<<VV'{n	b3Kx<?D8F,"Check sum is ,"
test,4]'?rR!t3o4Ag_^z,Check sum is %
test,hWSB])HnF@NyFv@,Check sum is 9
test,"V[z^
.$2%$oo[LV=ax	j?",Check sum is #
test,"	vW,SiZ_",Check sum is W
test,[v$tT,Check sum is ]
test,Ff2mapB@C!R !./4m2v(_unG%_wsm\SMf>`x,Check sum is _
test,"I
k)GY""TsQs$y:^Ty39@{8Rw6=`",Check sum is Q
test,"c!5U?G0hO@],oP	g",Check sum is S
test,"w(fFBnoI{nNd?2
@	xKL}rrfEu,,_f$g]_%5",Check sum is @
test,"p8'%K${}/(%n?;u6pD <z(me%?iBYO^WTB<Y^s_K|	 lwX)p
N",Check sum is 1
test,xC$)tK5;vuZTo3{3j,Check sum is *
test,"3%o!EqR}QGQ?_TI_
8@8*g",Check sum is [
test,"-hcQrtji$4PXMe[5JM{%,PG#jVJE/6uinh1{T4d'",Check sum is (
test,"$""
?gqK(]\<*x&hf;cFtv)u:>h8q=<",Check sum is 3
test,oHK-Gghn>qrFi&K:QigIS=GDx]Cv# m8kZ=Y_d4DE^,Check sum is B
test,'4WupH!sE|Oz!ge$M_iZgBNerb	DhQLh,Check sum is G
test,"A,mHs,Z+|A=	DTivm	:,r",Check sum is .
test,sCPvM\>xb,Check sum is ]
test,"
W85vkL^2._~0]oJ;U
^`2Ti*g!aAMUcG5g:u<y",Check sum is #
test,D$~x m0p@nIXZnJn-.d(Of770Z8&~:ExL@q,Check sum is ^
test," ~x}MW eL,uc<xn!@^@@!W'\nsT",Check sum is =
test,"bBt(uH""2R66u*XNw	"">UF(^>FNEo	Mn*
0QRMz""",Check sum is /
test,rE4F|G:7I3a'%TtqM@D;>iR?G,Check sum is 2
test,lm:,Check sum is 3
test,Mi3lIY,Check sum is W
test,"c;Qyc68D{
N3D21 YdsGs;H/mcE->&yQd'Ul{.Ei!H^+",Check sum is K
test,VfTsr 'U{~xan%_~)M-m!/8JWDe\Gj1:i8N$a:JO:cB>r=,Check sum is  
test,"F<gO@bDi_I(+^! MQPk(:%bE!)&""'{o5-.Jlp4A8pY<b~bQgf-",Check sum is  
test,"}m""P}h?A",Check sum is !
test,*oc/xy|6R,Check sum is @
test,"X-57""r?{J52V		\YSG+kNRQ/,|$.m4
Z",Check sum is <
test," {`o/ag|TibZ)4?j($P<(K3-#!9dsY8
/>zfWB:$",Check sum is Z
test,Lw{'A@yr)NH>VTM#H,Check sum is P
test,"/6n1$oNx
j21e1ZWZ3j4dp>""m)_tIpR{!AS",Check sum is ^
test,"!b*|u=""C[w^gwY",Check sum is G
test,kB;k={c_,Check sum is -
test,vhW6Jp3^Hg(KjpmFF*2ROD=Q>VIkbnrt,Check sum is X
test,DwtN,Check sum is ]
test,La]z|8]d H/~s37tiMy^.>Tf3Akou^!Xs?1_BiL+~z?6@R:#a,Check sum is -
test,"|D{4$mefy&H4 i]eOJ^5cy:\qyc
e% .IP$^lo	#wi&=$ pJh.",Check sum is W
test,"8?36Pz0RW*f~6aMWU*d7bs6oQ
QrA2av@a",Check sum is I
test,"t,+IWwo}[	",Check sum is R
test,YA/b'>,Check sum is 0
test,	:f[GHl|a54ZLoa<(2,Check sum is 1
test,4k:;B3s{a Og@_/Dw_|,Check sum is 2
test,vw!=b5_nf8<z,Check sum is #
test,pRJ~MGYr6P8>,Check sum is E
test,t9FwxoqdU[C	YlHL(i+/|*V:J@}9H,Check sum is D
test,7Z*@1re2ouha*Xi0R9;	yFhUj##]7&?\B[6I:4o@D4t):A,Check sum is 6
test,"8RUV&`Q>W[Y&R5y]33T{8,4...JAK~14 ",Check sum is (
test,	m!V@!1.zj-&Oz39?XrWrg]S,"Check sum is """
test,K_3gyTriCTzq?,Check sum is M
test,Ct|N,Check sum is !
test,"?pqoOxf0h3/V(J\^u>EZKc>~S*E\|{>^axzxu""@oAEf&",Check sum is (
test,\hjde7yc>pLpxD}e<.Q|Q	nUU4G+Gp%s/4y,"Check sum is ,"
test,D&mUFOH#1\#zv)]jP\^/T@Z>2y>SR6cMS'zW2KECEv5j,Check sum is _
test,{)r8p>2K}wyFtMrcPwT,Check sum is =
test,"Nbez.,@kjZQf)BCbfb",Check sum is G
test,a<	P.aK\<mA^6=CV~yM	b,Check sum is O
test,4vz(onCDl[2OH6LLdLh-B w'yDgVZE.`,Check sum is Z
test,"|bU4:F!xD4gOV1,dN1QmR""U'.o<W(J,$T-mFInYxTM<!yX9<",Check sum is D
test,"
+8\",Check sum is )
test,"9q/i3/^3k@?|yfE6,cXX;*XX	~z!f""A",Check sum is T
test,"<@Pa3#jt, *hEr 0S~
`wL.-qc~Oms?5S(L3pSg{5s@",Check sum is ;
test,"rYhxo9{*0waCj>tar:LuK'smhJ
98dUlZi|[[dK8{4m%}i_",Check sum is S
test,"}40#_'|>,IH~x",Check sum is W
test,kuDAhiTRTK'tvJu:Gx8	0T+i3H~Fhm99$~10xn6<3*Q_,Check sum is +
test,"/kh]z*7
{gvFlYQb;].""#Yl",Check sum is J
test,L$o	,Check sum is H
test,"P^OU""""tp(L%PjTZ>|6",Check sum is K
test,cbG?owH;u~y79>~Mz`,Check sum is S
test,Ayry4sZj\5[9av]wyW6eIPy,Check sum is =
test,"M}mQVuv>yA0*M=j-zF""0@",Check sum is .
test,"P>?AaD}'qM}M|;UXlb V8AN B`Z1#]f*5#/,",Check sum is >
test,u^C6fNayg77Nd\Z,Check sum is 7
test,"JCKpF:CQ
@XYK.M 	Q""x`=Bfj_1",Check sum is P
test,7*	1y(.JH#!U0eVJ|2=)M,Check sum is K
test,u&R#>5w_^Tl-:f!\%wBr59/\Ez?KcfP,Check sum is L
test,">2P0;

Q?d""&Y@lbja_W6;Liw|:?xGgIfL\E1`[p]z*RMhJRA}",Check sum is U
test,"P7GYL+@ha6N^WO5%[57nk5~(?vy
@VpS\}JS/$(",Check sum is &
test,XKj+!W;0.]K% '^,Check sum is [
test,"iJ08 SP$||W',;wqL~kr$B:0q2rsO24	&t`1u(Bj9E_8N",Check sum is ;
test,ciTgN,Check sum is 5
test,P.tF(+3Ror-Ws3t	0?Gk7_~	,Check sum is 6
test,jT]W~q173GdLOfm#zbqf@2Ra1A_%PZn2,Check sum is 0
test,TbHN,"Check sum is ,"
test,"s~f:*wMTq:
QTw-N$URk2#cUH]{`K7)7*BKp,",Check sum is 7
test,{Q?k&zdxP#M	wwF^r},Check sum is \
test,"B
1izezuX4)E}yY>	@#r,E7'^MEed,S852gum",Check sum is (
test,0p%]'OdX*p[l1Cx}<*`A,Check sum is E
test,3tB.[8l>#Or7d[^,"Check sum is ,"
test,$OtAop'CQ]bvn,Check sum is E
test,"!tj_vjTVd]fHCfJZ 	
l^}*r#_>cgd.x5JRec-&mUa{zL81B<G","Check sum is ,"
test,"
(h
GChW6rnSAZ8L$",Check sum is 9
test,BcL_U]:[iJ>,Check sum is (
test,"T_E%>#{(	x(lZT<f5WHf|5S8$""jnTW)DHq;t_EKKU;A4WTA",Check sum is %
test,&~JvaL6D#2B=~?#a5R#qYQXN;f$*	cnBs0H|R;8qsS|3[8l\,Check sum is #
test,a&,Check sum is '
test,F#;jPd6+*u>jVyxhZfRM,Check sum is X
test,"i%_an;uI?b0X0*;'[s;T\YR'=,} }(rP,Dh2l_",Check sum is G
test,nl<_	32`P9>fx<*&n!?$|]Pfpx/(,Check sum is T
test,"
%X;% ]B({7NKHP{ b
WW:OmMI$UmC
*<,2GF]af",Check sum is :
test,"]MX\5SR,5^=(+f|Y	qYaM3I|;,;yz^JB$OlVI3wf?q?ptQt&A",Check sum is '
test,-vNH]2w\fCZ{@]L7Dc_,Check sum is _
test,*!;	~PYRJk#^%Wt;Hv{>r\%kK1z,Check sum is T
test,"<%#
5wg<B8`DB@vBvlfEGMl%Uk\?\$VrAC^hxR<iTI|^XQ",Check sum is C
test,X2OxY[I4[y>M(z0Q`t];dJ,Check sum is >
test,"QU;\nUqiK4O,
b[W-~k<6Obz",Check sum is E
test,")""qC)s_1C.zgAk@\",Check sum is %
test,"JT0,8k=qrLL3>!oW",Check sum is M
test,":Q:QP<(F-Rem?J)e2/c#;D]1AjgGS:`Nx6,< >m#@(2",Check sum is >
test,lNAmK5`o{4%AxerA0i< })l0Sq,Check sum is 7
test,"^}N5*&7[BUi""{Ra~i,0T'`m""zd3MY7k|Ys1>CRns^",Check sum is A
test,].HySw,Check sum is 6
test,"$?HPpT,<Lok mh;V&1-EH>Z.fX?BdX	r-p#",Check sum is @
test,"	{d8J>z!It7WCu!,>|;Rd<k}=ZP%oC'$_){Q>cMBr/%&K`%e~",Check sum is .
test,"Hol
Y@-#TyV[[/N?.rP
tMBb,6_NB|vmn[3ddTm^K9{",Check sum is <
test,@F!vQ',Check sum is 5
test,72m?sA@7(0RvUY6a	=3#v*v+AzsT,Check sum is $
test," UKOg.r	""S5CLf^_yM.Bh5DuJ{","Check sum is ,"
test,j3uIw`\!'ThaxC0d@hYj.Ys7i#Sz ,Check sum is 7
test,	C,"Check sum is ,"
test,";sZsaJny3< LDw8eE!DLr0R}m0:
PS\+ELqR:a""d.N",Check sum is C
test,")HG=g,j05`vWl!H
lZE
j`1uhXJKKX)3OBr",Check sum is _
test,3I7m6a10xRb&;!En+Ji,Check sum is 7
test,u)&;[|vd=f-;E|n],Check sum is '
test,"{apd`CnVlF&{b{YthR ter_1[a""@C7/]t``,mFepYsPe^O",Check sum is #
test,</BJ	,Check sum is  
test,I-3'*RZQq5Kft)(K,Check sum is >
test,(kqj>v>y-\?QvJfrp/Wb-xj,Check sum is Q
test,)HnjKKCZ8pFg^S/44cg('iL.V@6@a/Msg{ovS{P\ )SW+~W,Check sum is E
test,4z3fI;/qA,Check sum is L
test,".(3v2]""Cu7}<=Mo:k\ri:	BhuZdH3Gb/t1NLIO$
/eo8",Check sum is @
test,{x|j/`ipS s<)qj.]U-P%r9Law,Check sum is X
test,"b&,\^F+47cT5*P>yP""U|s65Gj:RIY7;^T<A%+oKTr=#`0""'Tc",Check sum is (
test,hWssyfbW:8Aey9S+S,Check sum is 8
test,"Um	""_-JU?f'w}}vkhXZp#",Check sum is C
test,"E@Tr+PWD
=L",Check sum is T
test,".De[AX,7P)?
.L_vW3 !5ndLfMwb3::6?k",Check sum is P
test,"tWs,'nEB:r9>sQy4Y?#_4CS^	
Dh<6i^:qg",Check sum is F
test,"}]u.Pt~t
#.Mx",Check sum is 3
test,"X3QeE9W,qw/TN6@Nb6",Check sum is 7
test,+**!J^FIa8=5_K^,Check sum is J
test,"UW<u`._q!y+,<h{A'gH}8t`RE?d*X9HnmW?yd",Check sum is V
test,-BQl*06u= '#IzW	~I5zo\Cq/;l733DZLB-,Check sum is \
test,"4Hp/
LJ]Y!=u)kBzl]?>\Qx\#|6Iz%jtz""
]u2z!f#yBdda8",Check sum is @
test,V4V]so~Os22>hm,Check sum is 6
test,"E4&k]3MUvR
$ Srf0s6Azc""	Y",Check sum is X
test,"i@~""c,2|:EKqe>#)3Dyv4l#)!bK5l&$&nioH",Check sum is O
test,"d?OJs<k#IuKcQiR_?(>ekY;84l,s~|!+i5RyEhsaY&y",Check sum is X
test,4>h7hp:KPUu}<,Check sum is !
test,"=<>sn=(=vjWu)*#k'}Wf ""&=p2TXkZ?|Dm[(PI/*",Check sum is !
test,%kq{o&8L4gQl3d]d;b@%T]0@	s0GT2%k{b*mJ?60VklX=U,Check sum is K
test,*Mm4K(l``a?%n8'7{ %,Check sum is  
test,"Y`~zpIqiIZAx""quCa>TF'",Check sum is +
test,1;ZwPs^J)w>{<,Check sum is ]
test,{L<oFX/sod;gk&]	|{>p9w' gS*F-8t==],Check sum is 4
test,"TsZLs)Xr,]7'T	WIaa4z[{_zE
vU<n&@I_	EL","Check sum is """
test,"u y}l}
>..^qze$.O.3[*S6K}",Check sum is >
test,"WNBACi]""Mu@Ka;41#EgPbCn=X!OA^"",5N,}w7VC\}efNJ",Check sum is T
test,.SjE'VXJn\-\,Check sum is B
test,"|	GeTF7yXN+6eg:<,YVv[+92RAg~)?`}dy.xmt#",Check sum is *
test,uxhaMq&!^.`[tR	dN\j^WTw|,Check sum is %
test,"C]')&""]	ayby-=E+no",Check sum is *
test,B?PoeR~ujnUH-a	r.$4.1T!RTN3s2]Q,Check sum is \
test,"<dNN}>D+NU9Vq<""NQK9",Check sum is *
test,)?ro[t$d 9CN_>Ya%,Check sum is &
test,"Z\iggE,%Kag+^tv
MH[$yb}h(M_
&l%1CQ9Xf_D%",Check sum is  
test,'2q@TL{rVPXoO[[)YKjX.IAh,Check sum is X
test,";J+ZLnC-c^Z-V+7nrX+-kCXcN8:Bem?syUx# 
V)n|6N'",Check sum is :
test,O&~kJZDwpL<d 1?A]>QU11Ijg%?oy+(cz`wV7UW,Check sum is S
test,)Zc,Check sum is F
test,"wl	ASbibc
~pWX\2]]+^| ",Check sum is D
test,"T^4}2V,kb4o*nV9V]@1S.@@L3JFV;m55QoD{0I<qwY'S",Check sum is Y
test,"|ibhe?'4NkbAQ/:2""^b${=@",Check sum is T
test,Jga!,Check sum is S
test,"lZun~#yF%WHM16{sBV
WE*7Vx~,5P",Check sum is +
test,"mo2{|f01u=J\DtU""6U	1'ji@ZA`",Check sum is -
test,"<fyq	VwmGU;)@T0%YT
IU<_[o~[H.1Gd#iMxMc;GpTx4%",Check sum is U
test,"tywxK
WJ8(",Check sum is R
test,q2Ug?l>)D&=ixp*E'l[Gr,Check sum is _
test,"DhCW}""P	N","Check sum is ,"
test,2.U.5LGC#ExUKRa,Check sum is A
test,"cM4""V)b,LKd&<i
3r\7f)i<uH~FX}H!t&zu)PJ",Check sum is :
test,"""wdw	xa!jg,8WPL_^;{?WNCY@vi>(?'nWA_)`Y+4B",Check sum is E
test,"S,T~sMpMtB%8JfupIlBbIT'u)qv""vbm;10i~""7vdc",Check sum is 8
test,B.E;]\##z	eM`LebT>4[fk~ ,Check sum is G
test,"=t:0,A=7^\i!8c924}hJ~v",Check sum is =
test,"#hH1s)|}&Ne[8
""hJs43E<|-Xbh/+PyUen",Check sum is 4
test,"2&w-QlO8r*oE\Bb?\W
#",Check sum is O
test,# q]a 9Um!n:h],Check sum is ;
test,"BD}Km@""rK%3b\p5%>K:1R*74{D[",Check sum is O
test,"26GS&@zh_p5]u[3`G4(
_ecN",Check sum is P
test,B3<ejY+#a}sGFq<vpimu?@GM%Ng'{24#9 <F4'!N0S1#H`,Check sum is ?
test,"NRhFpa..025otq0g9:	tp4`oa"">y`8<v/y?$rno",Check sum is ^
test,"k
7WJ9+\Se""!",Check sum is (
test," C?S_1.8Dg4PB}#Lh`,H);}Ninh
	{?+pXktE",Check sum is 6
test,[%l{p}O%+Cc>9,Check sum is 0
test,`85l<#KT`hHeyR:}wm%V9INV**lvZ8*Y]{*3],Check sum is 0
test,"E3/x6j~04pUzaEgGmXY*e~,g",Check sum is R
test,")p3At']9h6Y1?woDF%+Z""T| ",Check sum is 1
test,"Wj6+Y)/4)y^kJ`V,DAbB&,^!;MI{lky#=KRK;D!3Y",Check sum is H
test,"z&_e8hH 
_7%`@+*,j|*QlmtsUM",Check sum is 5
test,"\{,U-M^-TQDA5	f
4tw9HWc X{p$	",Check sum is ?
test,H5cRAX5e_V-Me,Check sum is Y
test,"9^5_klIB(RquV7-UjR!WqQ4FF+rn{2'd`\>3[,N#,",Check sum is &
test,%rpCD~:897W5Fxy:aF|<3VxCJ}.!4CX* L+_u,Check sum is (
test,\bs}/A%Kv]1y2>$\j-a''Dg:,Check sum is F
test,"6${i_A4s@g=<*:R|%
`:)`
F6j}&8L4Z&&PLr78X}%G&yK({",Check sum is E
test,"`;\""l#fn]{#QooW|1:""xE'V(bha{=%3m0R[f;8H;""Yt'-X.",Check sum is 2
test,"9Sn&'MHz>') ""]-{.fi;<k#	K",Check sum is !
test,"
%==tGK^-Z=%S'9IWHxg 8)s)",Check sum is -
test,llfc5J	0d%-X8,Check sum is ?
test,"v\L6E_Xp
]a\CihmEY`HS1!au
7YJ=D3]y9Us#<Mbk",Check sum is .
test,"v61,FJe+8/*9p6<
o8u'go]",Check sum is 5
test,=S82ecLDAA>l5/G=ul-u6,Check sum is ?
test,^0)pbRx/+Mg>Mg)Uhp1c21B; 4Z<Fth!HB_LkL,Check sum is V
test,"J
sp.|1<J>|N!ISq	yR7N{/qP[TKD	h?3wKvR~\>`]k",Check sum is ]
test,Bu@5UKDJbFZX,Check sum is T
test,"b
31""cG",Check sum is <
test,	>qx,Check sum is P
test,(r,Check sum is :
test,w8~A:1,Check sum is 9
test,^/+^4a!\2X$*pt4Ep=q!hZx+flk]:Y=-Pbm(&#Jn#v,Check sum is Y
test,'R,Check sum is Y
test,x29Mp	}b8%HG0>IS2NS,Check sum is 1
test,"Xrk7eUE9
,j`{aPuW.jnLq3d",Check sum is V
test,"WzK@=5/LxzxL}GO$Jl|'CJ""",Check sum is ^
test,"q7E]t,+ohV2
'w2HFF&lUuY<d||ceIV~9]JH}Q6bBH",Check sum is L
test,=`u[e*){0GXzKf	*lniG(@F,Check sum is %
test,"loUi?WH;@J}\}r9-wBD::?Y4!~`+
^4J~",Check sum is U
test,"X<l8,~_fQN9C{r&y^N19e
%!9v)]p =z5,8?Ha=`/8#?,",Check sum is H
test,9j`?[9T)E3xb=G9hHA#gv		yQ.QY4q!I	M6/6,Check sum is '
test,">NAnpt]V	B1""t
ikT3<`S8-BsqKH%",Check sum is [
test,hBLuv~9|Qx?(,Check sum is $
test,"P,-TRgNv\r""z!j.pSz",Check sum is :
test,"~5j!iU.[S&#vS8L+ iKJH""""4D,?I6@3^x=",Check sum is K
test,"/.,U""^4o+vmV65>unXoQpb",Check sum is ;
test,"G""@Gl2{R4}c49Vk?J
	-x{[Pt+L|5+cA@C>.sW",Check sum is H
test,"""I.Q|SRY:u5j|kD@[yQ4qigJV,qV^BmE+JaFy3e6O!{/",Check sum is 9
test,"2J/K,}yl8zq""o""9u)",Check sum is Q
test,Gx\+eA4s_z1L_IfMk#$:7Wr!ve,Check sum is L
test,(-A[,Check sum is Q
test,NSlR{#3V9;ye.=ZOV;o)dZWu0TlPpv\Gm=0a0,Check sum is 3
test,B C2&3L:o6=(b)G/al7N^UT3 61S,Check sum is G
test,mhi~Q,Check sum is -
test,"_X1vUTsz*~.Q&1<?}r<3\D,'}~6",Check sum is O
test,"YS }V%,oi",Check sum is (
test,lHR){q]NV}mU.L-z6**A~^H:1H],Check sum is [
test,"pZWx'>!T$BB*`mK,G+4X4\|d",Check sum is W
test,Mb2wut^u4|`N})Ccd )8.@X9 i3	'0XrZLuh-&|ck/,Check sum is 7
test,3MeCRmew*g,Check sum is 4
test,"/L=Y:I,(hI?J+);,)",Check sum is &
test,}Fg{PE^# gGX^D 3m;n4;PKGWI'<;s2mz}k`D)mJl!,Check sum is  
test,"f	YO\~H=wen8Q_f,boT""[AW#YR&&O@A[>)BZSuxn",Check sum is J
test,"2+K#4]@qd8S}
7O	~N=_*~AL}$qV~7=So
SU 864",Check sum is _
test,"E#9X""eLG.J?S4W1BB<z!vap']M","Check sum is ,"
test,"ZjT>fP >d_Ne7S!l	h}dPq%
7
?=%G?JN<	-
HIL",Check sum is 2
test,dCy(y,Check sum is !
test,hL=.EYI?J	Np-129T)UxW,Check sum is  
test,%j*}}cd*MP`uJi9p6an[,Check sum is 2
test,lKpA9Ba0_.!alos8Lx~p5$Q4Vd!,Check sum is T
test,"Y$@@iq]/>X""EvKv_UU~|mNJ(-&!",Check sum is [
test,OWL	n4}*JeD\O'|Jtsc_	Tj6\>q)L?NScu5eEXO2m,Check sum is 2
test,"?n lO`Ha""VtvO","Check sum is """
test,[-45|ws=p}IjEF#B|rnTE% `M(G?Z(K%r2,Check sum is /
test,x.:f,Check sum is &
test,"*'hZp9v1zID
TKl(W`B*&&f=,~
ec",Check sum is U
test,F R:W+&~S@_5q[U+/,Check sum is Z
test,2>b!>eR,Check sum is H
test,"'-cK
D%FI]c=uA8:V=FB&-N~",Check sum is C
test,jQ*,Check sum is E
test,`tBsu!,Check sum is ?
test,"]82&o)Bp%
}'%^mn7G[7l4e./Y\}z",Check sum is &
test,!=,Check sum is >
test,"1p2vkp o6pP%c wXM5R4 T(*t`9:u=J
D?|MCv",Check sum is  
test,"p'Ip/~\G
3C-nl0(CeL Jtt7(\6CQLC+T3J)JtcLG(+7reW",Check sum is J
test,4:`5-Ml|_D2'a\,Check sum is >
test,"+4OK7/\	C;rRc
z_0Fz+B-Dr<q<G",Check sum is \
test,|f^~$P,Check sum is R
test,",xLe""fkTj{Ute
>D",Check sum is [
test,"wW.{I!ekN\z+CO%k?.|zBSN';;{|S90SA""}m7",Check sum is /
test,"	VX/>v,ARO`",Check sum is (
test,8VT,Check sum is B
test,"5a-3e{}KveI3PaCHpR,4j)^+aE<+",Check sum is \
test,"OkX^#%
g7\O)O=G_3h+u1P]|1,L)_XG}3do=	",Check sum is 4
test,"?53{B&NBex<sb',{`M|t8SvN|Y
S3u@K6vs9z}^*Q&h*3XJqjt",Check sum is K
test,<}Q]/+4]U@owA p?1 *{mNTZ22X%40hc,"Check sum is ,"
test,"!OWU7=faOv6,tOWz
m#Y0B[	",Check sum is ;
test,"s
(}v	Z>QeTjXie|-dE~'tuWg))t",Check sum is W
test,NqLt0X,Check sum is '
test,b|%o-Bp0`d%*+`,Check sum is ?
test,&Hh3pDlpu9,Check sum is '
test,">IH#.U!U""s}'CC%$B7>r",Check sum is <
test,"d46X1oYl,9",Check sum is P
test,"$vGJbk~5\0""@41V<`",Check sum is P
test,~ y]MQHIU-H|L$DX|W,Check sum is (
test,QUT%F#74|7o}GZKgeWH0m6{,Check sum is W
test,",=Jq6gFU24G0?fY-OfH",Check sum is A
test,yo|rOx7!n=VY;g9;9,Check sum is >
test,~9Zr{cKVB!c8}{wSj%V0QI[e7{ycGO!bMo4KA6Hahuyy.$$s8,Check sum is C
test,"KrB4,u7U1J9L:<(ef!Z7KBQ?P73f7^A""X$rL -|RI\zA@T",Check sum is Y
test,"ym'_1Q[iSQ7H""(hVzNsAQ6IPT,6	<<FAp,e |!",Check sum is U
test,"5XO7pHR;o~N@B\6$_tBF4P<Z\UQgc."",t{""*\hmtzNqi$\",Check sum is *
test,'1s}3/I,Check sum is S
test,"UKM!r9t0w
iB bs=@Jsj,oo`q2qqQ[Bq5Cp>",Check sum is 6
test,~u'_gcXgByDxwc7,Check sum is *
test,"=*IAp=`m}AjhiXKAx->RDee	L5r""I5""V25:G",Check sum is '
test,)K2x|iy 56d/b@+XDIe,Check sum is Q
test,"wm0$bgKo	lR&M*~n:6Pe6@5s)>#bDQMGsV""",Check sum is .
test,HZn4p#}RXMe4mTvnx|TSa{=KWWU,Check sum is +
test,"@6I%to.z6J$eu[_,5w=x.7=m#:@?N*C9PwMo5>!CqT;",Check sum is M
test,P3bnbsP}jc	uw%aAN=L/V,Check sum is :
test,"wZf#-)K$XW7cX"".l*(7PBYYU'm%^wCG</aC)@.aFVtAs^uBwX",Check sum is E
test,H4HGe2S+t&>;,Check sum is S
test,"#T+;F,[q<$q`s<,>Iz6lVl^kTEF}	%",Check sum is ?
test,;4YGRb8F/Ge*E#_zDXHkN>2R8zL]gd,"Check sum is ,"
test,SnNZZJ[fo]mBz2(']RO<#/.cUgJN,Check sum is U
test,4A)Nh.%HU=7Ua%3Uxo,"Check sum is """
test,qT|mO,Check sum is ]
test,".c,c",Check sum is @
test,R{u G.()4Kj6s14,Check sum is ?
test,"nn_}XcGAfqTB#6/qWCvFN*8*,<e?j~BeV3d8|^< CpjqTO0",Check sum is H
test,"~pwu#)^_!Y:r=h|,-3:qjTbg%JM![V	${p5q",Check sum is T
test,P3Hb*Z:Wrh`%QCo-94$,Check sum is B
test,g9Ah&=qo?2?jZ6VL[p~5ZB%7~pV61-E)Ma,"Check sum is """
test,"u,sttdbGT",Check sum is =
test,"3""%D'qd3S)qAjtO|",Check sum is $
test,xPb@gjcM793o4AYc,Check sum is N
test,{^qG6dXm5YVbgUq8	i[z^v,Check sum is V
test,[YvVv.\5]+DSZ4pJkn<^tu^,Check sum is 6
test,"!_@""P
Y!;Orvx~['JTgN:AyRKmQc8W4M,Y",Check sum is Z
test,4Xm^v=Z8;QGPq0BPM[$Z8]Y0'bkNr-T><d,Check sum is )
test,"hnd//.P{u_V5f_""@8!:
A 12Ju
eeND.WU0	s]#>",Check sum is A
test,"=n`q%qmdl0~ERvvgH4P6~E@3t,v",Check sum is U
test,=8%7UlIE*)@4|PV:,Check sum is #
test,"uI`)P=Hy)g+!$+,TM@vwdL3Hg b8$|o",Check sum is 5
test,lffh,Check sum is @
test,U(,Check sum is ]
test,"DoyP3	}Y9?30g!Vw\[],7",Check sum is U
test,LUYLrtJ|Xo2ZWzlH(rdJB@uDG4Bk?O0,Check sum is S
test,",R<
l#'waewB",Check sum is P
test,\BERo~`6q.4,Check sum is +
test,LA'sC,Check sum is J
test,00{9,Check sum is 4
test,":<0fi9ru39Yz)J@I=]MH96:3]~,b~N=&f>tjBJ6""pZLaWz",Check sum is A
test,"s/tep|>LiG!_LUY|PZm
Dh)+23Q4nRg_I
$sf4\!wqTr:@>",Check sum is /
test,")7YP	>vW""eR]<J`XIb6",Check sum is R
test,"9/Ul	ThsKHO""=[#g1",Check sum is X
test,C@io	4[Im%l5TY	_Q[+xYWvIWU,Check sum is N
test,	[$%K{\R@g:,"Check sum is """
test,"""sbN\6]b(45waF^
8,Y~]nI'l5O*_=tc\kFq~|3TY",Check sum is (
test,"h~>1,&[Oe^@""&J~<7w@jmUad s}5	C,fb5",Check sum is Y
test,lB~N }o`Fm8;<,Check sum is (
test,oK$c+z)i|&u%lWs 1R,Check sum is -
test,"aQ&Yo,,(H
[ ",Check sum is M
test,"drTiN""j<PI]
4r ",Check sum is O
test,"-//R(g4oR!p	{^""/Z%4",Check sum is 8
test,<A4K329AAd_zA#`:T=+_EFkA2/@AtD|45rvy',Check sum is P
test,"
Ml~OK(5!n/Gy?jqK-}TeC%o62=7`'$S,(g_(?\	m\+r",Check sum is [
test,"r]n<X=@WMy>mjN6Trj^6(o$}~yBBb8C""Vy-R\5=jJg_*",Check sum is Z
test,7nE9nJsLSt5[EJ:x7+GCQGIq,Check sum is P
test,l5x{3YDy/%e{:Ns,"Check sum is ,"
test,eZ[J9<g#(yf,Check sum is J
test,"x7itXI_w%H\KE@ESkD~-~]RS`Td""&Bv
#Evm6+`N.",Check sum is X
test,"d(8`R,",Check sum is B
test,@=i'$hrZk=S&)6~.\]v*Omz1dnNpCV6|~,Check sum is J
test,"q'x*skv
e'w*I%3b>D^if7l4",Check sum is .
test,D$FQ'y'R,Check sum is 8
test,S&zD,Check sum is W
test,"0IXB0 =J-3Kqfc.=4sncL$/uS8@ &""@)g",Check sum is )
test,"]9\AO4*a)|ktuvw
0c:p\wb^W\pSCgTY/!,M'.Ws`7",Check sum is -
test,bn[@<z^:LmeZ*F*&R!H#7p|d,Check sum is 6
test,"`lq5Kb4X(oe"".R]SRvqo-\!f@Z?!b(>wE7u:+>Xf):n9\.Kqj",Check sum is V
test,"8	5zOd1tXQ'Y+E(/AC,w",Check sum is ?
test,8%-x|	H0BVD23<bJ=(j,Check sum is W
test,"8)6BNYL^!.0)&F/G+]v-],+3i3W ISwO",Check sum is [
test,"Y/uvJ,j$C2""_]33#;B}rHO	`V3A]=;tp97jCje}",Check sum is K
test,"p+E*[,1	Y'MVlt`Cg/!'&HL{lm-tAV
@UU_,90iv,5!6-",Check sum is !
test,"lh17R'|PGV x'
xjRg>~hrpolh)Rd0OAt",Check sum is >
test,"0G:pb`{|*Lp7MPgm)XAln*
Y>Ro6]K-37?Qw*tZCw?a",Check sum is >
test,"XJHD~hF5E[

Ev",Check sum is ^
test,!ITZ%7V5&0	|YbceH9td,Check sum is V
test,"
T*t(BYhl>yHuu\~Smif'Jr7!<Sp(6naE`Nx:hZ",Check sum is S
test,"CF_yD*I.u\$;L'3D{<6ta`f/??@3,Z=(V0LQCuvm<}",Check sum is J
test,b0\=Fj$Ggm?6Ojm?Hi*$nZZg'R&QD@z]k,Check sum is R
test,=9&.EtT>C'T\vir@\=O2,Check sum is :
test, q]&a''N7;1&%TwzYe}(PTCJ	jo0\	D}[`<kofio,Check sum is ?
test,bK#ixjhMzJBKB\(hBD@y,Check sum is .
test,"`!t^'.R6rJ3Po+1ecKmELL""&2&X}vQ`m`1i 3l%5OldZj",Check sum is 6
test,oo?8-6m%s=:u0YE4L$7){./@H41,Check sum is  
test,_BT>d,Check sum is 7
test,?d.FpL#uCD.!MoTgtJ~L>8eYF*	v%hU|c9>qw!zwRKaF3D/y:},Check sum is O
test,6P[8.a5y!;1?	%bN[Et|}z]7Dv^qRN'8]o{)(xlF$n?yX%u{B?,Check sum is =
test,z?=m=.Pt,Check sum is 2
test,"}MT	/Lph{1ya<:c|e3D=l ky7P^]D!-<j%S""4G<F",Check sum is O
test,"2+tA\Ss`/23-4~1""Dke{'|*s=eV[vgS0rB",Check sum is 0
test,/vsLqdhlPJZ(qf*gy\JAx!>;0XF={{94rH1fL,Check sum is .
test,jmg8%:ix'/zC8K~^?yCC7VE`pUX,Check sum is U
test,g_\T:&(p:]w:7<Zgec,Check sum is R
