set,input1,output1
train,,Check sum is  
train,	,Check sum is )
train,"
",Check sum is *
train,"B
","Check sum is ,"
train,"

",Check sum is 4
train,"

















































",Check sum is T
train,                                                  ,Check sum is  
train,ssssssssssssssssssssssssssssssssssssssssssssssssss,Check sum is V
train,"CD
CD
CD
CD
CD
CD
CD
CD
CD
CD
CD
CD
CD
CD
CD
CD
CD",Check sum is 7
train,"x
y x
y x
y x
y x
y x
y x
y x
y x
y x
y x
y x
y x
",Check sum is &
train," 
 
 
 
 
 
 
 
 
 
 
 
 
 
 
 
 
 
 
 
 
 
 
 
 
",Check sum is :
train, ,Check sum is @
train,!,Check sum is A
train,"""",Check sum is B
train,#,Check sum is C
train,$,Check sum is D
train,%,Check sum is E
train,&,Check sum is F
train,',Check sum is G
train,(,Check sum is H
train,),Check sum is I
train,*,Check sum is J
train,+,Check sum is K
train,",",Check sum is L
train,-,Check sum is M
train,.,Check sum is N
train,/,Check sum is O
train,0,Check sum is P
train,1,Check sum is Q
train,2,Check sum is R
train,3,Check sum is S
train,4,Check sum is T
train,5,Check sum is U
train,6,Check sum is V
train,7,Check sum is W
train,8,Check sum is X
train,9,Check sum is Y
train,:,Check sum is Z
train,;,Check sum is [
train,<,Check sum is \
train,=,Check sum is ]
train,>,Check sum is ^
train,?,Check sum is _
train,@,Check sum is  
train,A,Check sum is !
train,B,"Check sum is """
train,C,Check sum is #
train,D,Check sum is $
train,E,Check sum is %
train,F,Check sum is &
train,G,Check sum is '
train,H,Check sum is (
train,I,Check sum is )
train,J,Check sum is *
train,K,Check sum is +
train,L,"Check sum is ,"
train,M,Check sum is -
train,N,Check sum is .
train,O,Check sum is /
train,P,Check sum is 0
train,Q,Check sum is 1
train,R,Check sum is 2
train,S,Check sum is 3
train,T,Check sum is 4
train,U,Check sum is 5
train,V,Check sum is 6
train,W,Check sum is 7
train,X,Check sum is 8
train,Y,Check sum is 9
train,Z,Check sum is :
train,[,Check sum is ;
train,\,Check sum is <
train,],Check sum is =
train,^,Check sum is >
train,_,Check sum is ?
train,`,Check sum is @
train,a,Check sum is A
train,b,Check sum is B
train,c,Check sum is C
train,d,Check sum is D
train,e,Check sum is E
train,f,Check sum is F
train,g,Check sum is G
train,h,Check sum is H
train,i,Check sum is I
train,j,Check sum is J
train,k,Check sum is K
train,l,Check sum is L
train,m,Check sum is M
train,n,Check sum is N
train,o,Check sum is O
train,p,Check sum is P
train,q,Check sum is Q
train,r,Check sum is R
train,s,Check sum is S
train,t,Check sum is T
train,u,Check sum is U
train,v,Check sum is V
train,w,Check sum is W
train,x,Check sum is X
train,y,Check sum is Y
train,z,Check sum is Z
train,{,Check sum is [
train,|,Check sum is \
train,},Check sum is ]
train,~,Check sum is ^
train,Tu,Check sum is )
train,:],Check sum is 7
train,CB,Check sum is %
train,io,Check sum is 8
train,29,Check sum is K
train,3y,Check sum is L
train,!2,Check sum is 3
train,ZW,Check sum is Q
train,;z,Check sum is U
train,tU,Check sum is )
train,{4,Check sum is O
train,Q&,Check sum is W
train,6D,Check sum is Z
train,]b,Check sum is _
train,/{,Check sum is J
train,d\,Check sum is  
train,2w,Check sum is I
train,%h,Check sum is -
train,"""]",Check sum is _
train,8%,Check sum is =
train,#[,Check sum is ^
train,<(,Check sum is D
train,]m,Check sum is *
train,cv,Check sum is 9
train,;E,Check sum is  
train,fM,Check sum is S
train,<&,Check sum is B
train,y[,Check sum is 4
train,g:,Check sum is A
train,w],Check sum is 4
train,(G,Check sum is O
train,}x,Check sum is U
train,DB,Check sum is &
train,;	,Check sum is $
train,`t,Check sum is 4
train,QM,Check sum is >
train,7a,Check sum is 8
train,:$,Check sum is >
train,Fg,Check sum is M
train,Ap,Check sum is Q
train,q>,Check sum is O
train,i#,"Check sum is ,"
train,"""v",Check sum is 8
train,18,Check sum is I
train,Ri,Check sum is [
train,Lh,Check sum is T
train,Sn,Check sum is !
train,*x,Check sum is B
train,Fn,Check sum is T
train,JZ,Check sum is D
train,Ap,Check sum is Q
train,Us,Check sum is (
train,!I,Check sum is J
train,"h""",Check sum is *
train,B!,Check sum is C
train,mfi,Check sum is \
train,TT[,Check sum is #
train,VZI,Check sum is Y
train,=e$,Check sum is &
train,M]t,Check sum is >
train,"""a ",Check sum is C
train,U!k,Check sum is A
train,;p(,Check sum is 3
train,_pa,Check sum is P
train,(p',Check sum is _
train,"""8q",Check sum is +
train,Vff,Check sum is B
train,(^f,Check sum is L
train, Eb,Check sum is '
train,a.V,Check sum is E
train,O	N,Check sum is F
train,	>u,Check sum is \
train,gO0,Check sum is F
train,	\9,Check sum is >
train,9AK,Check sum is %
train, Pz,Check sum is J
train,5Ga,Check sum is =
train,=UQ,Check sum is C
train,49&,Check sum is 3
train,'lK,Check sum is >
train,RVp,Check sum is 8
train,!@<,Check sum is =
train,9:y,Check sum is L
train,3Qf,Check sum is J
train,msH,Check sum is H
train,Oo),Check sum is G
train,]Z{,Check sum is R
train,!wD,Check sum is <
train,i;D,Check sum is H
train,nPA,Check sum is _
train,9J{,Check sum is ^
train,#_o,Check sum is Q
train,"A]""",Check sum is  
train,8jb,Check sum is $
train,eU],Check sum is 7
train,rU#,Check sum is J
train,")L""",Check sum is 7
train,QI2,"Check sum is ,"
train,g@l,Check sum is 3
train,"oV""",Check sum is G
train,4I],Check sum is :
train,83$,Check sum is /
train,5y{,Check sum is I
train,"vY,",Check sum is [
train,FiT,Check sum is #
train,"Y_.UQ,1|a^V4SU
j_y~<&zrrE,K.}3",Check sum is Z
train,"SIGj&@k!\''*L'U
bkC$DaC?`q|!cd9?",Check sum is M
train,"W""	!jDaZ7Z	W6?p	R)BDWk",Check sum is N
train,"HSFyIpx],tKl}K'xL}\POWO@YJ{wPyXZQXgYv_7-","Check sum is """
train,"9Q""d7YyP!\SXm]8z%*~\s""0PEhv<R"".ueU8B[|","Check sum is ,"
train,">:WNrpH#.geD9K<Zv<Ba7dF/	(l%""PQw:/r0+0%LGA,.	O[K",Check sum is :
train,7eTmEBh,"Check sum is ,"
train,d%,Check sum is )
train,"	]Z, B`I@T^A2W<2jx%;u`T","Check sum is ,"
train,5<gWP03L2,Check sum is @
train,"[.~F1/vtV6Ty,.zVn4F-",Check sum is O
train,"suj`Wbk$g{K0OS<&r,bq","Check sum is ,"
train,s\A3$?`UxE=92mG\~4uDoRra!o\H,Check sum is #
train,9nTJE{Pym|yAwl,Check sum is 4
train,<4,Check sum is P
train,'7wmh1X;nD8wk3Z?']CQ&#at<2Ogbea&ae^,Check sum is 2
train,v},Check sum is S
train,"/HnYT?f/S/DPi=>R*g:uFfC""+3eT(7Y}C(P:d<Bk",Check sum is 1
train,"ATX
N:=d",Check sum is @
train,"nGdwxbjWF(I|2Tk6Qu$>Qp:{VyK,1",Check sum is :
train,gthu.4lF,"Check sum is ,"
train,y<0O'q-m&%.>^_{	yL 10sHHvd\:[`!ea<]qnI,Check sum is Z
train,"h+Zswyl0jWxdp:o{AHrE%fG
n3fnrH_\\i{OwO)N$S-O\",Check sum is ^
train,UC:{9jJO 5%|OMf}yH4%69Z ,Check sum is !
train," \CqW~0>Ux""(eN^Jcb*d+X,gpA^Y,r7Cz6uBc6v#*j+r""m5",Check sum is <
train,^ebCZ~@1oBw:c92:gf%Drgq:Y'+]Zdw4yEm4<,Check sum is A
train,"nFO
.o#:E4aEb?7~s$4b:D(I}IBn133L*5I^K3",Check sum is U
train,}(H6|	>@L;sb;,Check sum is ]
train,"7&*+[g^	y1.jO,.r!AkoQ*zrZcDVU_NqAx",Check sum is >
train,"?=:Jm~4VZMd'it>,BB(u-xWO!efb[",Check sum is #
train,"8iCa#0W1rT,Y30;u0{M~d`z G8Y9P1VPi/W]",Check sum is 6
train,uD:%eNnSgrLkG>gyJhM.VK+K6jrc!16(5(/<oqE,Check sum is 7
train,"Q/""FtAXnF69SvsS>LzCRqvbD>:176:@MJ~gE':a	I9@R",Check sum is ]
train,"cQa7I(.c!sc:BCI~?rVn3CqVI7%l _NC~,2?Ux1E5A._DJ",Check sum is -
train,qxn(|gPv}0='' &<',Check sum is )
train,=q4r6l%xzI=;ulF23qb[C]Q)vmrs8`*fPt$ !+k])!Bw;,Check sum is L
train,w8E@ZCQ\-=e/R'Zrb8/5}6xn{B-jGSwI0,Check sum is V
train,q2mZ.f*E1Wy[T4WJRjum)2#&b-NAkhT8JiM!lsu2I9oHZsQ,Check sum is O
train,"bS1&'SGvW[*Vug4:ZczYb#p
zr,",Check sum is F
train,"kjpZ)Bh|BeMD""9yx0(zX82)",Check sum is O
train,"B%^CAn`D~{xQIL9CZeZ7zt DQyRA""4mgyNe8KM_bQsM(^XT~EW",Check sum is Q
train,"-|""J>Y'cdrG",Check sum is 3
train,7p3fx]2ia!R#5}V+x7d`(,Check sum is U
train,"w
x+5|b<5d	?7on|j7EWbTMz9m
]",Check sum is K
train,",ZGes~OE5",Check sum is L
train,'jD/hBZR9BThjd-Hmr_USa^,Check sum is Y
train,"t%
a_@TFo$F",Check sum is 6
train,:ei\[}H!#sv~zmgP2d'[lz.[T%LA^rWV;DSLs)r,Check sum is #
train,xBJZO\$'}J@ <7q|,Check sum is ;
train,=O]1/%?,Check sum is M
train,".M6_}h<RJ&(_V5oeNEl 7yL,_%S{H- 3IxX%]'uMO2WX(+o!",Check sum is 1
train,"Z<8d:=W@;[Btp!j|#-_o~WjHvN""?+Rgz8/|UwG",Check sum is A
train,"P""s/F>h/g8W27(~^
N+ Y{~8AW$&}X40=ZDhY-k1vR",Check sum is '
train,"c+{b\h-	G|\IPxHA;N
$\",Check sum is Q
train,Md	VX)kHLhgR?o6E~WeMZLBJn|.vr323L%?o,Check sum is *
train,";Stk""cI/E|L(sDo|15e>0# kaZ",Check sum is C
train,sJmMzGuq,Check sum is >
train,"Rb?4p(]g4)~kQ
ZAc(?=N%'-^|Rz/u';5,(\-
&Ph
S",Check sum is 0
train,U&JgxsTcF U,Check sum is )
train,"
;mJJUXtzQ_p9~2zBXN.\`ujF3",Check sum is .
train,"Y#+'8BA~F,",Check sum is Y
train,"EZn/]GYS^1yz<!YzCwlgSJOd
D% ",Check sum is N
train,"rAjD5GiA^kq
""N#F S)1w",Check sum is H
train,"
4fBvDMwyxmscP0Ew64Gb4_:!B5G2E|
",Check sum is 0
train,"Z&J3!l>+iPCDD""?t[qsq",Check sum is \
train,"/""kG?b
8
eN
FLu8k
/
uP=*Qs",Check sum is *
train,nSB,Check sum is #
train,W$V #XMC_,Check sum is ;
train,"Lq*yAMait,IV-mn'Jk_K#x}X1s_b| .v?Z?{z3b|",Check sum is X
train,myqMr_ 97hVkT<D'wMGW z@7<7,Check sum is /
train,{r(:4>p`K Zm'k|a3d@p|4?dmF-hcMs\$`M/Zj S@,Check sum is *
train,jFl'H(l)/RR,Check sum is ;
train,"
CC~%c:.b&f=,K t",Check sum is T
train,+mmA\Y,Check sum is [
train,"Py:yMj
Py[[*;lMWY9$iA$FRvl!	KzPssC	V>",Check sum is T
train,	o/o@;wNg+	l5..mEx	oQ5PW5dl8gTJf}:&aWP4YN=iT>JVd^1,Check sum is P
train,vUfno,Check sum is .
train,"""]~ hWw88xQ$Gi>3HUhmFW<""DjU ",Check sum is A
train,"0;5'@@kRZ{OWmJ:OGcL %]Z""`*)Yyb"">qnF R#U",Check sum is I
train,"UTaH6V
lL.=Ec,@4}	(^vu3Bz>	s&tg;U>d<,P]3&k.",Check sum is M
train,Dn|eC${2o9@f|Pe@	l=a*ctn0NbQ[5qeYN}k,Check sum is .
train,w$iC'NcQ+=rM@ss	4Wtu*,Check sum is D
train,.|rf	oKp5 3s9,Check sum is I
train,+G?cDO	bh,Check sum is Z
train,\ft~u n&gjK,Check sum is Y
train,ThhL7>%^hEbc;F$&,Check sum is E
train,"|~8:D43] 3
p
@nYk;N",Check sum is &
train,'rb,Check sum is [
train,"P1g 7GEnD
T
:ispU-;qFxR!xh7/427/B+t""M?p,C1*Ei",Check sum is 3
test,wB,Check sum is Y
test,m$,Check sum is 1
test,B0,Check sum is R
test,!A,Check sum is B
test,d2,Check sum is 6
test,EI,Check sum is .
test,#^,Check sum is !
test,XE,Check sum is =
test,Rk,Check sum is ]
test,8*,Check sum is B
test,{L,Check sum is '
test,eQ,Check sum is V
test,Bp,Check sum is R
test,YY,Check sum is R
test,;3,Check sum is N
test,/G,Check sum is V
test,KR,Check sum is =
test,0X,Check sum is (
test,-#,Check sum is 0
test,a7,Check sum is 8
test,Rc,Check sum is U
test,YL,Check sum is E
test,$m,Check sum is 1
test,D9,Check sum is ]
test,O0,Check sum is _
test,%t,Check sum is 9
test,\T,Check sum is P
test,A_,Check sum is @
test,by,Check sum is ;
test,KA,"Check sum is ,"
test,;I,Check sum is $
test,bG,Check sum is I
test,^s,Check sum is 1
test,"o,",Check sum is ;
test,Yy,Check sum is 2
test,[l,Check sum is '
test,}_,Check sum is <
test,sC,Check sum is V
test,)U,Check sum is ^
test,EQ,Check sum is 6
test,bF,Check sum is H
test,KZ,Check sum is E
test,s^,Check sum is 1
test,U:,Check sum is /
test,TE,Check sum is 9
test,!6,Check sum is 7
test,B$,Check sum is F
test,[!,Check sum is \
test,i{,Check sum is D
test,QY,Check sum is J
test,t.,Check sum is B
test,NJ,Check sum is 8
test,IL,Check sum is 5
test,(K,Check sum is S
test,^(,Check sum is &
test,^R,Check sum is P
test,qV,Check sum is '
test,5?,Check sum is T
test,Qj,Check sum is [
test,+K,Check sum is V
test,!^,Check sum is _
test,.T,"Check sum is """
test,M;,Check sum is (
test,Bj,Check sum is L
test,aJ,Check sum is K
test,K*,Check sum is U
test,o(,Check sum is 7
test,T.,"Check sum is """
test,#c,Check sum is &
test,:C,Check sum is ]
test,E.,Check sum is S
test,@#,Check sum is C
test,Rf,Check sum is X
test,8',Check sum is ?
test,I',Check sum is P
test,!>,Check sum is ?
test,Z~,Check sum is 8
test,SH,Check sum is ;
test,+C,Check sum is N
test,*8,Check sum is B
test,.&,Check sum is 4
test,*N,Check sum is X
test,L1,Check sum is ]
test,0M,Check sum is ]
test,)k,Check sum is 4
test,T:,Check sum is .
test,Tw,Check sum is +
test,$M,Check sum is Q
test,<M,Check sum is )
test,oy,Check sum is H
test,_',Check sum is &
test,&@,Check sum is F
test,&f,"Check sum is ,"
test,.W,Check sum is %
test,Zl,Check sum is &
test,%x,Check sum is =
test,6i,Check sum is ?
test,"""r",Check sum is 4
test,l#,Check sum is /
test,h1,Check sum is 9
test,*Q,Check sum is [
test,5y,Check sum is N
test,MT,Check sum is A
test,U!,Check sum is V
test,.v,Check sum is D
test,4z,Check sum is N
test,^L,Check sum is J
test,Mq,Check sum is ^
test,Iy,"Check sum is """
test,~W,Check sum is 5
test,-Y,Check sum is &
test,f	,Check sum is O
test,?h,Check sum is G
test,$[,Check sum is _
test,h=,Check sum is E
test,M;,Check sum is (
test,#5,Check sum is 8
test,:>,Check sum is X
test,'s,Check sum is :
test,; ,Check sum is ;
test,Bt,Check sum is V
test,x],Check sum is 5
test,u9,Check sum is N
test,C=,Check sum is  
test,aQ,Check sum is R
test,L9,Check sum is %
test,x$,Check sum is <
test,+{,Check sum is F
test,>8,Check sum is V
test,r),Check sum is ;
test,O{,Check sum is *
test,#P,Check sum is S
test,k/,Check sum is :
test,f+,Check sum is 1
test, #,Check sum is #
test,Z-,Check sum is '
test,I!,Check sum is J
test,D$,Check sum is H
test,%r,Check sum is 7
test,v	,Check sum is _
test,SX,Check sum is K
test,~r,Check sum is P
test,XY,Check sum is Q
test,Ey,Check sum is ^
test,QD,Check sum is 5
test,kx,Check sum is C
test,@>,Check sum is ^
test,^y,Check sum is 7
test,ub,Check sum is 7
test,pE,Check sum is U
test,T8,"Check sum is ,"
test,PK,Check sum is ;
test,&$,Check sum is *
test,q3,Check sum is D
test,1;,Check sum is L
test,>4,Check sum is R
test,Qd,Check sum is U
test,3>,Check sum is Q
test,]o,"Check sum is ,"
test,\O,Check sum is K
test,m7,Check sum is D
test,s%,Check sum is 8
test,b(,Check sum is *
test,|D,Check sum is  
test,%{,Check sum is @
test,J*,Check sum is T
test,su,Check sum is H
test,it,Check sum is =
test,YS,Check sum is L
test,nZ,Check sum is (
test,r{,Check sum is M
test,/8,Check sum is G
test,Xb,Check sum is Z
test,Bz,Check sum is \
test,Ha,Check sum is I
test,v:,Check sum is P
test,I+,Check sum is T
test,WW,Check sum is N
test,5G,Check sum is \
test,W<,Check sum is 3
test,(N,Check sum is V
test,z@,Check sum is Z
test,s^,Check sum is 1
test,.x,Check sum is F
test,ZS,Check sum is M
test,>I,Check sum is '
test,5?,Check sum is T
test,bf,Check sum is (
test,| ,Check sum is <
test, n,Check sum is .
test,0/,Check sum is ?
test,-Z,Check sum is '
test,U@,Check sum is 5
test,}v,Check sum is S
test,ME,Check sum is 2
test,P@,Check sum is 0
test,-I,Check sum is V
test,@&,Check sum is F
test,>T,Check sum is 2
test,l@,Check sum is L
test,|^,Check sum is :
test,z/,Check sum is I
test,;s,Check sum is N
test,n7,Check sum is E
test,vb,Check sum is 8
test,5',Check sum is <
test,{U,Check sum is 0
test,Np,Check sum is ^
test,rW,Check sum is )
test,Hk,Check sum is S
test,3>,Check sum is Q
test,qq,Check sum is B
test,e],"Check sum is """
test,1l,Check sum is =
test,E],Check sum is B
test,v8,Check sum is N
test,*<,Check sum is F
test,4M,Check sum is !
test,"%,",Check sum is 1
test,Ey,Check sum is ^
test,3%,Check sum is 8
test,hw,Check sum is ?
test,c@,Check sum is C
test,YG,Check sum is @
test,R9,Check sum is +
test,I&,Check sum is O
test,"""$",Check sum is &
test,2A,Check sum is S
test,j{,Check sum is E
test,^5,Check sum is 3
test,E|,Check sum is !
test,>+,Check sum is I
test,[X,Check sum is S
test,"""V",Check sum is X
test,-~,Check sum is K
test,mv,Check sum is C
test,V@,Check sum is 6
test,[	,Check sum is D
test,A3,Check sum is T
test,Qq,"Check sum is """
test,ZA,Check sum is ;
test,0),Check sum is 9
test,(`,Check sum is (
test,lz,Check sum is F
test,lR,Check sum is ^
test,9l,Check sum is E
test,.X,Check sum is &
test,",F",Check sum is R
test,U|,Check sum is 1
test,?U,Check sum is 4
test,Xb,Check sum is Z
test,Fu,Check sum is [
test,-N,Check sum is [
test,<f,Check sum is B
test,zs,Check sum is M
test,"]
",Check sum is G
test,0Y,Check sum is )
test,RN,Check sum is @
test,1K,Check sum is \
test,+c,Check sum is .
test,#x,Check sum is ;
test,9p,Check sum is I
test,"N
",Check sum is 8
test,*I,Check sum is S
test,M ,Check sum is M
test,yF,Check sum is _
test,Dk,Check sum is O
test,0p,Check sum is @
test,}g,Check sum is D
test,"{,",Check sum is G
test,8$,Check sum is <
test,	|,Check sum is %
test,)E,Check sum is N
test,jx,Check sum is B
test,-n,Check sum is ;
test,[X,Check sum is S
test,c<,Check sum is ?
test, /,Check sum is /
test,0`,Check sum is 0
test,m#,Check sum is 0
test,yX,Check sum is 1
test,p0,Check sum is @
test,6s,Check sum is I
test,0(,Check sum is 8
test,EU,Check sum is :
test,I>,Check sum is '
test,U%,Check sum is Z
test,pZ,Check sum is *
test,}Z,Check sum is 7
test,VD,Check sum is :
test,VD,Check sum is :
test,K0,Check sum is [
test,@{,Check sum is [
test,0_,Check sum is /
test,^J,Check sum is H
test,t:,Check sum is N
test,Ug,Check sum is \
test,0f,Check sum is 6
test,c&,Check sum is )
test,d9,Check sum is =
test,t],Check sum is 1
test,fV,Check sum is \
test,xa,Check sum is 9
test,]B,Check sum is ?
test,@t,Check sum is T
test,f&,"Check sum is ,"
test,FR,Check sum is 8
test,I(,Check sum is Q
test,	:,Check sum is #
test,AX,Check sum is 9
test,au,Check sum is 6
test,#],Check sum is  
test,i>,Check sum is G
test,{3,Check sum is N
test,3O,"Check sum is """
test,W{,Check sum is 2
test,8G,Check sum is _
test,+r,Check sum is =
test,",h",Check sum is 4
test,D?,Check sum is #
test,I<,Check sum is %
test,UZ,Check sum is O
test,HE,Check sum is -
test,!^,Check sum is _
test,V5,Check sum is +
test,cq,Check sum is 4
test,vo,Check sum is E
test,8_,Check sum is 7
test,l(,Check sum is 4
test,j=,Check sum is G
test,PF,Check sum is 6
test,s:,Check sum is M
test,<+,Check sum is G
test,yC,Check sum is \
test,ID,Check sum is -
test,DU,Check sum is 9
test,pQ,Check sum is !
test,=E,"Check sum is """
test,"^,",Check sum is *
test,$Q,Check sum is U
test, H,Check sum is H
test,yP,Check sum is )
test,3n,Check sum is A
test,:%,Check sum is ?
test,^n,"Check sum is ,"
test,O(,Check sum is W
test,>{,Check sum is Y
test,Yl,Check sum is %
test,'S,Check sum is Z
test,"""#",Check sum is %
test,zs,Check sum is M
test,?5,Check sum is T
test,|W,Check sum is 3
test,vQ,Check sum is '
test,O{,Check sum is *
test,XZ,Check sum is R
test,f?,Check sum is E
test,7E,Check sum is \
test,O;,Check sum is *
test,v},Check sum is S
test,83,Check sum is K
test,|D,Check sum is  
test,eb,Check sum is '
test,1Q,"Check sum is """
test,^3,Check sum is 1
test,cL,Check sum is O
test,?v,Check sum is U
test,'#,Check sum is *
test,uq,Check sum is F
test,eY,Check sum is ^
test,k8,Check sum is C
test,\>,Check sum is :
test,a;,Check sum is <
test,G{,"Check sum is """
test,f@,Check sum is F
test,",8",Check sum is D
test,*o,Check sum is 9
test,7v,Check sum is M
test,b8,Check sum is :
test,:-,Check sum is G
test,28,Check sum is J
test,iV,Check sum is _
test,Z),Check sum is #
test,7@,Check sum is W
test,8A,Check sum is Y
test,%*,Check sum is /
test,oH,Check sum is W
test,&^,Check sum is $
test,l/,Check sum is ;
test,GC,Check sum is *
test,xR,Check sum is *
test,%<,Check sum is A
test,|o,Check sum is K
test,3n,Check sum is A
test,R|,Check sum is .
test,W&,Check sum is ]
test,qt,Check sum is E
test,Nz,Check sum is (
test,Dz,Check sum is ^
test,(l,Check sum is 4
test,1.,Check sum is ?
test,[/,Check sum is *
test,J6,Check sum is  
test,VD,Check sum is :
test,9r,Check sum is K
test,OI,Check sum is 8
test,",	",Check sum is U
test,	Z,Check sum is C
test,-C,Check sum is P
test,"""Z",Check sum is \
test,[d,Check sum is _
test,H$,Check sum is L
test,y3,Check sum is L
test,(o,Check sum is 7
test,Ur,Check sum is '
test,gz,Check sum is A
test,dy,Check sum is =
test,9C,Check sum is \
test,"<
",Check sum is &
test,Ih,Check sum is Q
test,_O,Check sum is N
test,1J,Check sum is [
test,n[,Check sum is )
test,F.,Check sum is T
test,Nv,Check sum is $
test,1;,Check sum is L
test,Lz,Check sum is &
test,bN,Check sum is P
test,QD,Check sum is 5
test, w,Check sum is 7
test,4W,Check sum is +
test,6{,Check sum is Q
test,gK,Check sum is R
test,}],Check sum is :
test,jX,"Check sum is """
test,gM,Check sum is T
test,dx,Check sum is <
test,Mf,Check sum is S
test,A%,Check sum is F
test,P5,Check sum is %
test,"""<",Check sum is >
test,vg,Check sum is =
test,Lu,Check sum is !
test,5 ,Check sum is 5
test,tP,Check sum is $
test,*(,Check sum is 2
test,>S,Check sum is 1
test,Vb,Check sum is X
test,[6,Check sum is 1
test,rj,Check sum is <
test,Ey,Check sum is ^
test,~i,Check sum is G
test,YY,Check sum is R
test,hC,Check sum is K
test,a:,Check sum is ;
test,d`,Check sum is $
test,D ,Check sum is D
test,;	,Check sum is $
test,"N,",Check sum is Z
test,'#,Check sum is *
test,(7,Check sum is ?
test,aY,Check sum is Z
test,NM,Check sum is ;
test,c\,Check sum is _
test,3c,Check sum is 6
test,UE,Check sum is :
test,:$,Check sum is >
test,ES,Check sum is 8
test,HN,Check sum is 6
test,	O,Check sum is 8
test,Lw,Check sum is #
test,k>,Check sum is I
test,Uj,Check sum is _
test,K#,Check sum is N
test,=},Check sum is Z
test,_w,Check sum is 6
test,:w,Check sum is Q
test,Ws,Check sum is *
test,\u,Check sum is 1
test,F:,Check sum is  
test,SO,Check sum is B
test,{p,Check sum is K
test,k-,Check sum is 8
test,U_,Check sum is T
test,]f,Check sum is #
test,57,Check sum is L
test,#D,Check sum is G
test,",J",Check sum is V
test,",'",Check sum is 3
test,{;,Check sum is V
test,(),Check sum is 1
test,q],Check sum is .
test, 4,Check sum is 4
test,BF,Check sum is (
test,Gz,Check sum is !
test,k<,Check sum is G
test,g0,Check sum is 7
test,O},"Check sum is ,"
test,=C,Check sum is  
test,.H,Check sum is V
test,~Ky,"Check sum is """
test,^/C,Check sum is 0
test,x-S,Check sum is X
test,0@E,Check sum is U
test,one,"Check sum is """
test,A<Z,Check sum is 7
test,eil,Check sum is Z
test,w=',Check sum is ;
test,He(,Check sum is 5
test,$no,Check sum is !
test,mA!,Check sum is /
test,oSx,Check sum is Z
test,ts$,Check sum is +
test,b9?,Check sum is :
test,6]#,Check sum is V
test,XwW,Check sum is F
test,o@b,Check sum is 1
test,He),Check sum is 6
test,	SC,Check sum is ?
test,?Ey,Check sum is ]
test,"
e&",Check sum is 5
test,8rm,Check sum is 7
test,	gx,Check sum is H
test,6Zi,Check sum is Y
test,?9a,Check sum is 9
test,1UX,Check sum is >
test,+8A,Check sum is D
test,Gl/,Check sum is B
test,b6s,Check sum is +
test,"7f,",Check sum is )
test,a'],Check sum is E
test,_(;,"Check sum is """
test,nxs,Check sum is 9
test,{Q<,Check sum is (
test,>&|,Check sum is @
test,#JX,Check sum is %
test,+Ab,Check sum is .
test,"
Fo",Check sum is _
test,sHF,Check sum is !
test,bwk,Check sum is $
test,Rlv,Check sum is T
test,",um",Check sum is .
test,+rs,Check sum is 0
test,4sX,Check sum is _
test,'lU,Check sum is H
test,Xf+,Check sum is I
test,-=.,Check sum is 8
test,"*
S",Check sum is '
test,(W	,Check sum is (
test,"&4
",Check sum is D
test,6(U,Check sum is S
test, 8	,Check sum is A
test,JKe,Check sum is Z
test,"\,3",Check sum is [
test,+$Y,Check sum is H
test,e 6,Check sum is [
test,Ju=,Check sum is \
test,.8 ,Check sum is &
test,q=~,Check sum is L
test,L_F,Check sum is Q
test,h42,Check sum is .
test,&D=,Check sum is G
test,TnD,Check sum is &
test,vqC,Check sum is J
test,/9A,Check sum is I
test,"f
e",Check sum is 5
test,NM&,Check sum is !
test,s&G,Check sum is @
test,]Ul,Check sum is >
test,7b6,Check sum is /
test,bk=,Check sum is *
test,"4
V",Check sum is 4
test,?dr,Check sum is 5
test,p1c,Check sum is $
test,r-%,Check sum is $
test,k(	,Check sum is <
test,f2m,Check sum is %
test,5!?,Check sum is 5
test,a!T,Check sum is 6
test,x'(,Check sum is '
test,ku-,Check sum is -
test,\) ,Check sum is E
test,(*B,Check sum is 4
test,"
VD",Check sum is D
test,]%0,Check sum is R
test,eAA,Check sum is G
test,D|O,Check sum is /
test,	s`,Check sum is <
test,TaS,Check sum is (
test,Q~&,Check sum is U
test,%)4,"Check sum is """
test,";[,","Check sum is """
test,z#Y,Check sum is V
test,yDr,Check sum is O
test,%0v,Check sum is +
test,5lC,Check sum is D
test,qeu,Check sum is +
test,J'(,Check sum is 9
test,	gJ,Check sum is Z
test,7f:,Check sum is 7
test,'_d,Check sum is J
test,%$},Check sum is &
test,l&J,Check sum is <
test,-8L,Check sum is Q
test,5}*,Check sum is <
test,D}),Check sum is J
test,Mvw,Check sum is Z
test,vco,Check sum is (
test,`cV,Check sum is 9
test,/<s,Check sum is >
test,O+E,Check sum is _
test,2^2,"Check sum is """
test,8ul,Check sum is 9
test,mYl,Check sum is R
test,i]v,Check sum is \
test,#}@,Check sum is @
test,(an,Check sum is W
test,6n/,Check sum is 3
test,Kkc,Check sum is 9
test,w4W,"Check sum is """
test,5f~,Check sum is 9
test,`|3,Check sum is /
test,k^W,Check sum is @
test,eLU,Check sum is &
test,=mm,Check sum is 7
test,*3^,Check sum is [
test,"&
o",Check sum is ?
test,"""9G",Check sum is B
test,N?n,Check sum is [
test,3B%,Check sum is :
test,"
e=",Check sum is L
test,pq%,Check sum is &
test,OK/,Check sum is )
test,j1p,Check sum is +
test,#PV,Check sum is )
test,O	w,Check sum is /
test,o$U,Check sum is H
test,!_x,Check sum is X
test,m.|,Check sum is 7
test,	@ ,Check sum is I
test,.nh,Check sum is $
test,MdA,Check sum is R
test,e_k,Check sum is O
test,'Sh,Check sum is B
test,T	/,"Check sum is ,"
test,K9J,Check sum is .
test,.ad,Check sum is S
test,}9	,Check sum is _
test,"LU""",Check sum is #
test,"[,w",Check sum is ^
test,})X,Check sum is ^
test,Ky',Check sum is K
test,8R0,Check sum is Z
test,RbL,Check sum is  
test,MN7,Check sum is 2
test,"R8
",Check sum is 4
test,"B7""",Check sum is ;
test,yYQ,Check sum is C
test,"""""}",Check sum is !
test,qm>,Check sum is <
test,N`U,Check sum is #
test,y)y,Check sum is ;
test, ]$,Check sum is A
test,V+7,Check sum is X
test,>z~,Check sum is V
test,P<p,Check sum is \
test,.U2,Check sum is U
test,|'N,Check sum is Q
test,4(>,Check sum is :
test,v{j,Check sum is ;
test,5jS,Check sum is R
test,`G4,Check sum is ;
test,C/p,Check sum is B
test,/f!,Check sum is V
test,xf\,Check sum is Z
test,ns ,Check sum is !
test,(#x,Check sum is #
test,]%q,Check sum is S
test,2Wv,Check sum is _
test,M1%,Check sum is C
test,MA=,Check sum is +
test,7cT,Check sum is N
test,:8$,Check sum is 6
test,MJ0,Check sum is '
test,9lG,Check sum is L
test,"NE
",Check sum is =
test,|Ip,Check sum is U
test,CS#,Check sum is Y
test,*L7,Check sum is M
test,ZUX,Check sum is '
test,)^p,Check sum is W
test,ZCh,Check sum is %
test,1]*,Check sum is X
test,cOK,Check sum is ]
test,`ve,Check sum is [
test,#GO,Check sum is Y
test,47Z,Check sum is %
test,`SX,Check sum is +
test,aD+,Check sum is 0
test,h	.,Check sum is ?
test,j&g,Check sum is W
test,Hj7,Check sum is I
test,+ZZ,Check sum is ?
test,~L7,Check sum is !
test,L#^,Check sum is -
test,#=	,Check sum is I
test,",w-",Check sum is 0
test,V$3,Check sum is M
test,<wl,Check sum is ?
test,e'H,Check sum is 4
test,w\3,Check sum is &
test,L>],Check sum is G
test,q8r,Check sum is ;
test,%%l,Check sum is V
test,_rA,Check sum is 2
test,1!|,Check sum is .
test,mH>,Check sum is S
test,>Rl,Check sum is \
test,YAl,Check sum is &
test,mv{,Check sum is >
test,;!p,"Check sum is ,"
test,"MI""",Check sum is X
test,b?.,Check sum is /
test,u6I,Check sum is T
test,kGs,Check sum is E
test,o5),Check sum is -
test,Jc],Check sum is *
test,P*i,Check sum is C
test,vYc,Check sum is R
test,Q1t,Check sum is V
test,D$i,Check sum is 1
test,FJ',Check sum is W
test,Rda,Check sum is 7
test,S1[,Check sum is ?
test,7we,Check sum is 3
test,wYG,Check sum is 7
test,!_g,Check sum is G
test,%eK,Check sum is 5
test,*V<,Check sum is \
test,`'Y,Check sum is @
test,o(2,Check sum is )
test,Uf@,Check sum is [
test,H|>,"Check sum is """
test,)[j,Check sum is N
test,o$q,Check sum is $
test,_{I,Check sum is C
test,6%/,Check sum is *
test,y'm,Check sum is -
test,C{c,Check sum is A
test,"""V-",Check sum is E
test,D#!,Check sum is (
test,)yX,Check sum is Z
test,8 d,Check sum is \
test,n&|,Check sum is 0
test,bzV,Check sum is R
test,>KU,Check sum is >
test,#kj,Check sum is X
test,=)X,Check sum is ^
test,MAr,Check sum is  
test,u'y,Check sum is 5
test,^'<,Check sum is !
test,# M,Check sum is 0
test,%%D,Check sum is .
test,{;	,Check sum is _
test,Uu+,Check sum is U
test,.At,Check sum is C
test,OfW,"Check sum is ,"
test,p(K,Check sum is C
test,ikO,Check sum is C
test,Wu_,Check sum is K
test,a`_,Check sum is @
test,t$(,Check sum is  
test,=8m,Check sum is B
test,I!2,Check sum is <
test,{MR,Check sum is :
test,'x*,Check sum is )
test,P5H,Check sum is -
test,By3,Check sum is N
test,R}.,Check sum is ]
test,Pjd,Check sum is >
test,"+
S",Check sum is (
test,Xx%,Check sum is U
test,",qh",Check sum is %
test,"/?
",Check sum is X
test,	87,Check sum is X
test,0l2,Check sum is .
test,GDM,Check sum is 8
test,k$$,Check sum is S
test,a!|,Check sum is ^
test,G#.,Check sum is 8
test,Ob3,Check sum is D
test,%]f,Check sum is H
test,",^E",Check sum is /
test,7[!,Check sum is S
test,|?c,Check sum is >
test,/*1,Check sum is *
test,zn&,Check sum is .
test,'D1,Check sum is <
test,4pG,Check sum is K
test,R.c,Check sum is C
test,PoE,Check sum is $
test,eiX,Check sum is F
test,NY\,Check sum is #
test,A'y,Check sum is A
test,.~k,Check sum is 7
test,i5R,Check sum is P
test,')1,Check sum is !
test,Sdw,Check sum is N
test,"""L7",Check sum is E
test,4Sk,Check sum is R
test,"
Fv",Check sum is &
test,[1',Check sum is S
test,"F
G",Check sum is 7
test,kL6,Check sum is M
test,yVH,Check sum is 7
test,QxL,Check sum is 5
test,hmk,Check sum is  
test,!G^,Check sum is &
test,|<(,Check sum is @
test,"E,_",Check sum is 0
test,=Lg,Check sum is P
test,bas,Check sum is V
test,i@z,Check sum is C
test, )7,Check sum is  
test,Arz,Check sum is M
test,x	N,Check sum is /
test,$=:,Check sum is ;
test,"lq,",Check sum is )
test,|YW,Check sum is L
test,qEa,Check sum is 7
test,Xz(,Check sum is Z
test,^}.,Check sum is )
test,%H%,Check sum is 2
test,Jt',Check sum is E
test,io	,Check sum is A
test,[/B,"Check sum is ,"
test,vY0,Check sum is _
test,-Y/,Check sum is U
test,*d<,Check sum is *
test,S8+,Check sum is V
test,!UE,Check sum is [
test,Ih-,Check sum is >
test,td\,Check sum is T
test,w5_,Check sum is +
test,Z[q,Check sum is F
test,yaW,Check sum is Q
test,kOh,Check sum is B
test,VM?,Check sum is B
test,"
wh",Check sum is I
test,pg>,Check sum is 5
test,\Y;,Check sum is P
test,	;1,Check sum is U
test,b },Check sum is _
test,sE_,Check sum is 7
test,=GJ,Check sum is .
test,g@!,Check sum is (
test,LHk,Check sum is _
test,<Ip,Check sum is U
test,\Bn,"Check sum is ,"
test,70%,"Check sum is ,"
test,0KD,Check sum is _
test,N&\,Check sum is 0
test,W@J,Check sum is A
test,R}(,Check sum is W
test,!:Y,Check sum is T
test,H9<,Check sum is ]
test,r1K,Check sum is N
test,"]""y",Check sum is X
test,mN\,Check sum is 7
test,W1e,Check sum is M
test,M~l,Check sum is W
test,>le,Check sum is /
test,%zO,Check sum is N
test,"(,+",Check sum is _
test,VGO,Check sum is L
test,tsF,Check sum is M
test,=]v,Check sum is 0
test,t<+,Check sum is ;
test,iq$,Check sum is ^
test,"nY,",Check sum is S
test,)*P,Check sum is C
test,)J^,Check sum is 1
test,"bz""",Check sum is ^
test,TC/,Check sum is &
test,O-L,Check sum is (
test,Qub,Check sum is H
test,Z+y,Check sum is ^
test,_d_,Check sum is B
test,"C~
",Check sum is +
test,J4H,Check sum is &
test,>*),Check sum is 1
test,pQE,Check sum is &
test, 'I,Check sum is 0
test,nH;,Check sum is Q
test,t/&,Check sum is )
test,|=+,Check sum is D
test,Dx),Check sum is E
test,d.{,Check sum is -
test,uCQ,Check sum is )
test,Q7K,Check sum is 3
test,>RR,Check sum is B
test,}f*,Check sum is -
test,I$[,Check sum is (
test,~Z*,"Check sum is """
test,"1\
",Check sum is 7
test,FIs,"Check sum is """
test,x3<,Check sum is G
test,"
1^",Check sum is 9
test,[}5,Check sum is -
test,+5 ,Check sum is  
test,W._,Check sum is D
test,\B8,Check sum is 6
test,"G,	",Check sum is \
test,yFb,Check sum is A
test,<k^,Check sum is %
test,!q-,Check sum is _
test,lkQ,Check sum is H
test,"""d*",Check sum is P
test,V-L,Check sum is /
test,g&F,Check sum is 3
test,`=d,Check sum is !
test,=I;,Check sum is !
test,H}0,Check sum is U
test,5`q,Check sum is &
test,x/t,Check sum is ;
test,GAO,Check sum is 7
test,3Z~,Check sum is +
test,3:I,Check sum is V
test,Qq@,"Check sum is """
test,"x,u",Check sum is 9
test,tDm,Check sum is E
test,~>?,Check sum is [
test,ew2,Check sum is .
test,2u3,Check sum is :
test,0`w,Check sum is '
test,tU#,Check sum is L
test,)2o,Check sum is *
test,u2e,"Check sum is ,"
test,##p,Check sum is V
test,y}c,Check sum is 9
test,M&.,Check sum is A
test,"""""s",Check sum is W
test,eka,Check sum is Q
test,e3{,Check sum is 3
test,5]~,Check sum is 0
test,-TF,Check sum is '
test,@#S,Check sum is V
test,X-H,Check sum is -
test,GQ-,Check sum is %
test,--r,"Check sum is ,"
test,yXI,Check sum is :
test,.s:,Check sum is ;
test,S{@,Check sum is .
test,&uH,Check sum is C
test,I51,Check sum is O
test,pj5,Check sum is /
test,G:n,Check sum is O
test,##9,Check sum is _
test,O4},Check sum is  
test,D.h,Check sum is :
test,"
fw",Check sum is G
test,pdz,Check sum is .
test,_Q=,Check sum is M
test,L0W,Check sum is 3
test, Qm,Check sum is >
test,P_*,Check sum is 9
test,E+`,Check sum is 0
test, Q-,Check sum is >
test,:m?,Check sum is F
test,X^^,Check sum is 4
test,+Y9,Check sum is ]
test,O\B,Check sum is M
test,|>9,Check sum is S
test,FcO,Check sum is X
test,=T6,Check sum is '
test,T$ ,Check sum is 8
test,2'2,Check sum is +
test,XZJ,Check sum is \
test,"(x,","Check sum is ,"
test,[@R,Check sum is M
test,/A[,Check sum is +
test,F>',Check sum is K
test,9W.,Check sum is ^
test,>sr,Check sum is C
test,GHH,Check sum is 7
test,.h{,Check sum is 1
test,O.=,Check sum is Z
test,5T1,Check sum is Z
test,y<$,Check sum is 9
test,IdL,Check sum is Y
test,lE],Check sum is .
test,$'l,Check sum is W
test,R[j,Check sum is 7
test,	9	,Check sum is +
test,F\a,Check sum is #
test,F1],Check sum is 4
test, 	},Check sum is F
test,yhs,Check sum is 4
test,~je,Check sum is -
test,<7:,Check sum is M
test,"36V/OszU<Q%e9'8/Y&UTZ
ihH;hQ8]@)Ih_",Check sum is $
test,"PSL~MP<t%a,T8.Uc@?Y^[R#	|7",Check sum is @
test,"zK&#.,iY1xnaX2^vO[3Q	Dr8EoZ^|,-$?W*",Check sum is *
test,"}qvGQ
fjkoZ)A8\P7K7Ph",Check sum is )
test,"6M&,2hYQYPF#Ogp",Check sum is 1
test,`Xq^E-f!mV_,Check sum is B
test,-O+'\QtEk2I2LI_%'R^\X==x8}A,Check sum is 8
test,"56+""q{aA	5,ZiN>uA,.v9(7e`N",Check sum is P
test,"v@	%g
3H9t|+nOX1^>:ebR@Z$U",Check sum is L
test,#E@2?QIEx|/FZgE;-&x)d^EjI<XFU>sQm#lT\gz5ECK[a,Check sum is 2
test,FuHd'G?,Check sum is 4
test,]'CJv,Check sum is '
test,]W}{u/6F%K]z.h-,Check sum is 6
test,'$38dqop,Check sum is J
test,sj>\	Qor~)V?PTN,Check sum is @
test,"o=1zs:6n$eD+csz>pnbk.KZ|rfG(mG}^,Z#l.L%%""5prJ ~}S",Check sum is (
test,B;CSY9XVcR~4L6~w\$sRGdK!M>'8=\~,Check sum is .
test,"7==IE`L *E1A9""*!
lMVPM",Check sum is (
test,xw9=&n4Nt,Check sum is O
test,O)Mj=JsGE;>2S<BS#k6:0J7:s	10GMGak,Check sum is Q
test,oA$sj*Lx,Check sum is ?
test,"igU;6X:-0]YHP`,\9|rFp@VqhY",Check sum is @
test," MP>[0VMI3,^)4l8xF",Check sum is N
test,"Sf7V;RGC`Ol%B}
",Check sum is F
test,"d.unf
?Bddl\+rFg2+RY+=}@_","Check sum is ,"
test,"WOnYh{El*hNc0^^m8IdK#	7*54Q}H(6p:_:Z:2lM2y`:_6UZ
s",Check sum is _
test,"rH^?_8)cl-=d1G[B{#<
SNE^$R&]{x '^l)W",Check sum is N
test,BF'fdWm}[y]cEo:|U,Check sum is -
test,ZA^}ODb/6iAx3EPUzbPOS((g~6@UF0,Check sum is 3
test,t_|UKzR[!,Check sum is W
test,}_],Check sum is Y
test,%'	<T5Ald]*{RCfQi2Ao,Check sum is $
test,"1H6F
\zSOz}A<25KMm3",Check sum is *
test,bIS[Y.<I'RwKJ,Check sum is J
test,"y!3~)`}.J+PanY#u}&S .>x
",Check sum is (
test,`(-yPLz,Check sum is $
test,3M$`]F^5sW,Check sum is $
test,4py[G@?S,Check sum is 1
test,d<U-NloSE+ZI`ByPo}^,Check sum is F
test,w-JVnB7/V4FV5	#+|Re=7,Check sum is S
test,"+]Kn3=X^S]$+8n\p7a;-'YJ:vyWu3q!jO""qbx&Eje-&\_f~:",Check sum is H
test,"E&cH&Z;3""5Tbc[!tS
N*IU5)9TD""BW*r=+jW)*8:7","Check sum is """
test,"""b755bk~XnMw@",Check sum is Z
test,"fLOY$Xn ?NRaf!LG5Z-oda,zbI8KI1j",Check sum is F
test,1@-YHKmvz5rR!,Check sum is !
test,"HC8"":Z_rSEqA`O{{7%#`8j_e
ry/fQ<QZH1""'xB*]o&",Check sum is 8
test,"UjAO,qLs'e1ke=ts?`:+,(QP<YT{g~TT1U&jT""v	pMlSqL_",Check sum is I
test,7;/:O,Check sum is J
test,"\}j<V;  z{LV""RdrGOC",Check sum is *
test,"7(<cZ(65CgzuxZ,\[a^:z",Check sum is L
test,uWu'K0L,Check sum is O
test,"6KgJZVU.\X\Z@-V)@Bhd=_}zVt\I 8]u47+=0KJ[^)v,\zO""be",Check sum is ?
test,XefB/fw2fPtb{*J(a;T:N&b%,Check sum is K
test,"i$!kW%9-nE/]bXd+VB;7IH{+F""fMLrsk",Check sum is [
test,"~Io@|pTmsSYlh1Ox&%!_t>EQG1])""0/uk$U
S#}`]7",Check sum is J
test,(.p)[Ba`J5}^~~spd,Check sum is J
test,"(G7C+E\.r@ 6FSSF&""L8N%QDksRH3HAo<:8","Check sum is """
test,pI,Check sum is Y
test,"O""#U3]^-N9H[G[~K[=(n5(=c.A(
84/",Check sum is  
test,"9o^._f m""2C,n!8*-=k8s,t0",Check sum is *
test,t`Z,Check sum is N
test,"GAGPH""}/Re>?xR8\%M""^jn82S/1vdO:f!(XbIQ4Tsbn)/x ,",Check sum is [
test,"7hIs4H9+""I4LhRp<&QPR9Q,LeD8`j_TbJ&",Check sum is 7
test,T8|,Check sum is (
test,Jx,"Check sum is """
test,"	;46RO/B HJVd6c^ `1:<BA""
#CS/,&-",Check sum is @
test,3wIJ`'~8,Check sum is Z
test,'|R*Xh8ee!'7r g+$ltE5;,Check sum is ]
test," dCZH8@;	S^g<,G%gpe&G:[QMV
D;TU5-'?Y?%D`R",Check sum is P
test,",,1ALk{BU[P5e^6 MO62nwA ",Check sum is 6
test,"r[,bm/OZlw0[&Ei,g^=;ae3L%@}s+(KJx&o^2#Q[%S",Check sum is Q
test,"I""gy(",Check sum is S
test,Tgr&nG,Check sum is (
test,~iN-%a9q|1HT,Check sum is ;
test,H.]\Z[EI{me?d`#es6|_I,Check sum is 7
test,"rB2fx8okgHr="";gx'xss\uk<Zn{iY40C;KF.=iA",Check sum is Z
test,"!=QQqifDQ ej
.SfMEPDT]t\",Check sum is <
test,pSKTk92Z6M~$=0fzJ9=,Check sum is $
test,KO@JcIHevHveT	&[4D8oKBsI1\Z=y 7b,Check sum is R
test,t&\1=x*gO	=oA|al^dWF>9,Check sum is 1
test,;DJA;4FRL6@X^r])GK./HJvR<K}BZ0RHK+V~B@tC)$[,Check sum is ?
test,"aaV!F/.{#XEE-h2z
;Y*'^@]On(F^fN?2`7Jf.QM",Check sum is (
test,"w-[G6+yl,BVi(H3Aw.lQ+G%",Check sum is 6
test,"EB5f-q!~3[%*;]B
?&%*ghu'",Check sum is _
test,"JulSZTt$?6R20X9t.3u%K3FdDeE6F+
J,<o|+Y](gBLVuPe=X",Check sum is D
test,"+""]Pnvcd<9""cj=ii.?O""",Check sum is V
test,":vd\iO]1U*3ao*(3j!i+Y>uw},A}lDw_ds",Check sum is C
test,"gM0r#QYrYg""Ai7",Check sum is 8
test,1:	,Check sum is T
test,$Q55~J,Check sum is G
test,"ia
qT!?~Krvt",Check sum is >
test,"[B5(qhT'~
0cH$%NRh^$e`_ c]\N,[F",Check sum is _
test,:#`|y>.9lgPh!9+hY}N7%M?41f>,Check sum is D
test,la=AB!97=z},Check sum is 2
test,"[>8?SpsX$''QC=)Ks<8*#~,[Vp0Rw7;UlUw?w8r4>u",Check sum is 3
test,TE#e*5F)p4,Check sum is 3
test,"vxovVZ	u-D{y&>&
Fx24+^jX C","Check sum is ,"
test,rjExMI/GKs{|P5-73O#L7_>6f]BfTxkSdn1,Check sum is V
test,Dc!H#lR^)\C-HXb	ERN@5WD3+;z5.xF.=`e{*v,Check sum is #
test,")gP~e-I]0YGU9<}!}Nv)^u|o\HjYa;zZe_loi""~p",Check sum is E
test,JA0O;[DHmPvSdP@6?wBkcF`^/~Ev[fOyV_]4,Check sum is =
test,"<9=j#<o8iOX[""_sRvm1.5:m~2>nd+/=34Z	CL%+G.\j'd@A/",Check sum is G
test,J]H,Check sum is O
test,"Z[g=!xwQR?""\]u2C^d^<!arTi)X^g&""i5\<,hLyW}X79",Check sum is 6
test,OdL-5pj,Check sum is [
test,"mv,g8AAj#&m)m1\u87+t4\Qa(VX+gIr",Check sum is ;
test,"a9a2w(l.9DJ GQhyB8?m k +,J=;A[xA]r2M<Ddo5/	k'#')C",Check sum is ;
test,"n"".@	aeGR'",Check sum is -
test,FmToAO&clmqD/<+Q+}:D!(#5c:uZspy2G,"Check sum is ,"
test,j.A4637uG.DG;1,Check sum is .
test,V]oS}J>ez,Check sum is 9
test,zI,Check sum is #
test,"<PXul;WHlCJw)u ""mL\R,<",Check sum is ^
test,c.cFTo*Wzzny~jNB>+3oaQ-[p6m/~Gdq*!,Check sum is ]
test,":{,nA#^XmlV):'zf{yD[s]Zz DI7ONZg^F",Check sum is ?
test,iGLrZ9YF't#_N,Check sum is +
test,"'61K[3E.H[3i$=`TDZ^X%i[GFeAy}[I(6
wA",Check sum is 8
test,"Ah+g[n33gzd""rI#P_HV\Cl_s%1K2Wv%6U]p|&V:+",Check sum is 3
test,8H<B1.6%1XI#!,Check sum is .
test,"WeF$w/Qi7D)Ico,%@Z\b""lAw#c{""is1~o6$&'A5_j3w ",Check sum is !
test,3J$}S,Check sum is Q
test,Q*P-XQ,Check sum is A
test,"G%
Pyz#`M",Check sum is )
test,[JA0<q<+Xx-;,Check sum is B
test,;bZ3t^SpqIx6uW,Check sum is S
test,"h""nOxA+,oanjZdG2|c@|3	2Y_Uwc+pT+?Q-%7[dE({fs]m45","Check sum is ,"
test,?Ti_S#gGzE4^bmho[vRe91m	xVMyS#.N,Check sum is D
test,"""cT^V>!]>^3iU=uP-nB6&
1q$U""PeN""Khm^C:@A",Check sum is Y
test,"#?{rUh+Id_bR=AJ]9TIQ(k}g Xccs4%$Ql""UEz",Check sum is ;
test,/YgLO:@`AEcv;G,Check sum is %
test,"w[9`dMN;3*a&?""",Check sum is J
test,"tVJ&uyoDzG5xs m49kzuFJlfO		4	wC+Z
J4K3#",Check sum is X
test,"?NB'5X8<&.F""-H^%ILFcZS`q/",Check sum is 6
test,"3mrQ>|NlB\}2CQHc2tVDwG0dy.x*
}==1qLy: 	T>1","Check sum is ,"
test,/l@0]#9HYK6aLhjz%oF32'tvVU5-86gw00S(&J,Check sum is 3
test,"T;D]skM@N3Zu`|\ZlXoO_b`y""t		Gu0fv	C>",Check sum is 3
test,"g4hgn,XvNx=
uX""l+2&9N xeX5cqae;X]O?G u","Check sum is """
test,"1""Pm^8('l&K89$[;R(X$m8tb\5>r/8}\m!c8$jX",Check sum is ^
test,"==Z2cAXy!u{R,0Dps
m
h(=&kUqa>a(T/sC5^U-vgI",Check sum is B
test,od6;Ulz6?hoO2xFsB/	|iejw)R,Check sum is =
test,ko@SJg1,Check sum is /
test,"w'k=*u~hF{""x3f4qf NZV4",Check sum is <
test,#	i3*Rj*sng0Rwu/#dIFT,Check sum is G
test,"#AY<7
%Dt?/EpUeNbFnd^PP&eW}]0j8?",Check sum is '
test,'3y-k7|`Gc?c5Xdn5~'Da:Yfl,Check sum is -
test,"YA;0W9#-5$#PY?qEGC.v&""!{/U",Check sum is 5
test,"2}{/^;
ZS'\DurXios\hoq:",Check sum is 8
test,":1q;fOERb([P[KMXHt2ryurKl-|7+@	-@W""[L",Check sum is [
test,2- e?~,Check sum is A
test,"mx1Y1dP7ksj22w"">!Z46r/&ElQ#(v|:n"":}c9t%Xvbe,hZEk30",Check sum is %
test,"bCE,S+1u",Check sum is Z
test,"V0l|y]F9CL-A!NZD)JBRR,
J$Yfx$$L8>Po1wSsAWu",Check sum is %
test,"PlS-F''gX4!5aB<r8	^Z>fR
wAs G2G/ _P)2ywKfK#7(",Check sum is U
test,"VhWzc:ChG!yxDtjWkjt[""9kg0Ylj",Check sum is 9
test,"x""/:",Check sum is #
test,rrM|0LkKn3t+^sJbRY,Check sum is '
test,"tJdm!""%NGbx2&Y!Q0].al43;nIv ",Check sum is  
test,k)(R2o\DKHZ*3&2Fi%3}'$2(]*EPn]t,Check sum is U
test,"]Sf;i4Xzn!vzx""MC,!G7pS.\z Rk""' k/7z\Ux&u s%^\vovq",Check sum is .
test,[g&Nm:rXLj?ffUdJCVK,Check sum is /
test,.T<QydB_[Y,Check sum is !
test,"KR""Er:E-!KTirSE",Check sum is 5
test,"Kj1YvcQe_wF,ql`BYa 8K	",Check sum is [
test,"	l}?4dUB_n]JilaS &laOYTM6y""#O/Q)#",Check sum is (
test,"}_Vh[epieSl%|tz,*G,J,@`XHO
G%E69vP\==*m+",Check sum is \
test,"O;sHx<,MO]%{kH$l$qnC6VaqMfk'Z""EYYmpJ#n",Check sum is 5
test,"piL'`3ktTCTUdj
An}O}-:IM,PaQnR0hkp",Check sum is L
test,QL-k'UkUx+jCNgW	%@2cYKG%VWk=7	x+72,Check sum is !
test,"f):&>3&b/yh$9V y
]q6[6A'wPof",Check sum is G
test,XAa36,Check sum is C
test,"Cf[UNZ}=,<Gz",Check sum is D
test,"K3@\~|z12z|FSC$T.U(_8F,wLOk5$4H)	M-<Xnc8",Check sum is *
test,ATp_W>lM6t(,Check sum is $
test,Ufz'd0$x'.IJ.8&iOVs$f*'=jO_7[+@xCHDw7SoyP%by5,Check sum is C
test,aR2,Check sum is E
test,L! b0T+}J:bF[O=~SW8a[!}	Cg#K8}Su\=;23$0X^Q+sU<l,Check sum is U
test,L1m(C&r8'G[[]0pNv?4H^x,Check sum is ;
test,"Q	${C7[g_0\-w<
>}1j[5w#hl96%q[V|gMv<!a_/

,",Check sum is &
test,"+gqCm0m0{-,6&abSArCQ\ho)1st""67g_dF6A""G|$#nqts^8U ",Check sum is T
test,"^""Kc6co[0QDTEO0",Check sum is N
test,NCV^c~/2TV!TP.bVvuHQ:}xVBx_y`{.wO,Check sum is &
test,"Y(ndJ
QqcLa(kc6""&siPUeP@]we)2b2fXVU{^q2:da-$Ds",Check sum is W
test,"	FS6\!yTuEZ3Eh(HW],aMN}~oZy %MX",Check sum is )
test,Y36,"Check sum is """
test,"mk)0#B3m8eLwO^
q
;",Check sum is #
test,"C<1'>S1~WDa6P+j85	TP""DA`",Check sum is /
test,"(\6""PWrPCS@<:lQ`6<I[t@Se7F+5\':]7Gc7",Check sum is _
test,^Zifa{(,Check sum is +
test,"qJ6<96]abwj&S`a 	3nRyQ;o#~TOD},91$3",Check sum is 9
test,qXNRqekl<(.`zp;=,Check sum is J
test,"f_=he	d)t2,43C%HmeDZ2k4",Check sum is /
test,=g5LI'0+Pm01<|J	#@_O_7%a,Check sum is &
test,xu#`sE,Check sum is H
test,"'G<Q}
QsdZ_}KKaP1!h	.#+",Check sum is F
test,Oug&~ ?,Check sum is N
test,"s1N,%#-ijy73e2lnw>n3B06=A yVkT'|H:AoRScP",Check sum is 1
test,"3V,SS",Check sum is ;
test,sBEUY6hK^7',Check sum is -
test,"j {Y,xv7tm;[7L*r[Pm1PC",Check sum is A
test,+D CY(3'Q?A(Kw%t4,Check sum is U
test,"zmN,"" Jh9i
:.jFQ=
9k?v",Check sum is *
test,"~nq#y8?
zLd1amRl53BM|ZEE!]1<WuG5E<Ie5=:fN,J",Check sum is P
test,"m3:,oNiT'AFCu69gMw^?6\x rr!<(=K1N+rd",Check sum is X
test,"P7-5a3*['`e""Ij+Q:'I",Check sum is I
test,"D@+))B[WxL?>`	e]OR{o)Lh-5U,PF
F=W:`[2'~?",Check sum is Q
test,"}C1cVCtQYn2`$~N^h5j+%(jY[4F+#oiln9
s(v1|t",Check sum is E
test," ~iuiJsT4	lfHi^.Au0V	a""I-;>-ZsYh/S=15inVJ_=r4",Check sum is 2
test,"]>U
^\Dr5,^j7^
J-?Eh`w;: MAQ5.P""
p$p;}WXOc",Check sum is <
test,M<$W*4r_2X`-nIG^If6Z~,Check sum is C
test,"5IwMM&'k~R,3G*]u_\[",Check sum is /
test,"hH+	1qtYN)/ZvoXj%8#o
L
W`EzH#u_BM",Check sum is -
test,"d5\4Lg)I>b$K*[""rhe7/ 	""UD`;>YT8E=_",Check sum is L
test,"dKaJ_O:bkPfFzN9
e>&DcyR]={]`m;/-7j}C-Nf+F""E+Jc2a",Check sum is L
test,Q>%OCyT`,Check sum is S
test,"B6C@ ug_0V>x$Mf/xC~zN,	6$Ewg)8aMBOY|Q-fih
p@F",Check sum is U
test,"GuJM

w*yR,#;6JJAXI28!j[{wNx	3`O|%{vLL	JW[_8(l",Check sum is 6
test,"P}e
_S",Check sum is N
test,"WF.]t_""V%4FvK4A/=(taPbectV",Check sum is U
test,tde+iPt^o/D,Check sum is 5
test,"A f0Gx(A zlcbO7 +)""`/wM&)4.aXfn
g|c?x5
2",Check sum is /
test,o^8#o9mz9okD@s\&'nT_ KSzI>]mYPeO=d,Check sum is 2
test,oeKJ[HGF\`MP>TSNpF?45HYE{FiyeB=A4|ho@u?z}(3K,Check sum is )
test,)FJF9NFh`:*_d..|Nz,Check sum is ;
test,OCx%b`xRwd^[SWa3Ei0cBr+Wawao$ZJfZ1oaW's,Check sum is F
test,"mWVLwI#cnW'c-MVc~K,(#V
*}IBTJ2)oJ",Check sum is R
test,"86?m0AZ<lpS>xSh<L9G,^j/^Jnii*q8?'Cy^3>#zh5&",Check sum is X
test,"u&]l93df?td-\o~BM%~lN4,22),1){,kxiCVys
EinE;+1nZ",Check sum is (
test,"#
%WZUK#?Oa^VCabxX=hdL\7wDl,!;Y3^-p6=F1X{PhnT",Check sum is 4
test,"EvmoML#6u>?B92:43He.^\@eT	T4}p,.&~~N/JJ+m@?-9",Check sum is ?
test,R0%AxT/,Check sum is C
test,"O-Z""2)Xpsu~H3_cm1L",Check sum is H
test,M(l`dEFWi[psZ@ceh>d8dUht!,Check sum is (
test,"N}NmsePSMWmqv\
e~7Mun	N""'`vLFO%{d0t",Check sum is H
test,Weib,Check sum is '
test,"P(>]H!F6|H
&a",Check sum is -
test,>^H9hKP'VY@anPj!MFhKd	Y,Check sum is L
test,l-I|CUyZzCk{eG*^c525188H\]'	9YL,Check sum is /
test,"FL^wH2qCsgh6_+d5On2bTo'M%]|k
[`\","Check sum is """
test,"Z)')`:tEK
K,ZtS%Ops?#.P|#B	y8,+",Check sum is \
test,""".1",Check sum is !
test,L*+Ih[Z\4x=V)W/]G,Check sum is U
test,":(JMK
&adK)",Check sum is M
test,4{\/I,Check sum is #
test,vem0~|MdE]bGmITxVa,Check sum is G
test,;;\Gw`Nh>Pd,Check sum is 8
test,"Ba
,LkDKB2@2lo~T^5*7hIq+7V",Check sum is  
test,"XYhc*z
Y;0?zS]6hEJ3's|
H%pdPM_l(p",Check sum is 8
test,"C;gXjk1.QUiI\ViK$>
B|-rNl2V]",Check sum is 7
test,":>:
,^~_oGvk#ECK7M4t&&)O$;_,(iacVqqLi
'",Check sum is ]
test,K?	!,Check sum is T
test,%].;{dSV,Check sum is S
test,++Q~dM591(KLWv;fSoa,Check sum is %
test,"n7CN,F|",Check sum is D
test,"HjIz2Fn*VEhn|~SBC%Fl:x:aY/7B4j~a)*a,i2<G_""TFE>cpOF",Check sum is N
test,"lUrX(waT`i|,C",Check sum is 3
test,"Juw@K+G_b$pu%i3L.?&Lf
YU.}OOrKXx",Check sum is =
test,Yt]0]ozj7AYoO,Check sum is 9
test,"
0^tJ?9)}O:)8D8",Check sum is :
test,"{afd,Y30! p#j!'tNe<zQ,]&;H#=6R.F8z 5I",Check sum is @
test,1pj#Sc Ha:,Check sum is G
test,[g{:30dMK;k6]bn&kcM(?P,Check sum is 7
test,"[su 6""`2ZX0UC\A^&g%>caBr}\	(^9I,ek1{WA",Check sum is 4
test,".wA{,Iq{7",Check sum is Y
test,*XVzUmC`,Check sum is W
test,.=tY#sgd~|hqoLFzI2dY+WcM/Ra+fdk,Check sum is 3
test,LKhE*V[Md,Check sum is 0
test,?3s:/knLguMgKHc7^F((,Check sum is D
test,"Vc-%`iHn#+,`^0$S75IG3w={<{HuX:Cs*O~IQlv",Check sum is V
test,"'vJ!\S9L}U|wv(V`+~|
k+MwqD=ad4W5.$iI3 ",Check sum is L
test,"8kw*
(EC|S""m[mS",Check sum is W
test,\M*L^iE8gv}@Bz:6>VapXY}K5cJ BXC@`%o!,Check sum is [
test,"1~s,2#@X^b9)OKB9vMVzoDK0yRmae",Check sum is Q
test,qu_#4Nv%G Knxlt<oDUR2+'nH=r|72z:~eP=Vy>Nk'~u,Check sum is E
test,"""8~m0WG'5%nWR6ZEs9>TT7:4L6o",Check sum is H
test,"UlW9)}""Ih	@\	8",Check sum is P
test,}t>]EDO^kzLqZ$A_qSqz+WEQT0b)h$q#uh8,Check sum is -
test,^7c9,Check sum is Q
test,]zWBTV.kf6UA}zH|:[JA/H)v{=^#[_4^7,Check sum is 2
test,"[K.
7""mIJnrSkn",Check sum is #
test,"yl2x&)b`f,OTT\<""&YQjwL1-}dun)*@273%gi>#'$d\WzDfH",Check sum is 5
test,",j4H9B'yf+CPephpw`[~LyWj|]%hEbO",Check sum is 0
test,{ {{f\(M,Check sum is (
test,".cV6vbfFt6bQX`N*<,_;w_ed{#1L6Dv
""s77t5?GwEFky`X",Check sum is T
test,8H/HSEm(N_ytW LL1 a,Check sum is _
test,*I =b/^o#VTk`PAH	K/LKgw4yvX'*\}#om%( 28B,Check sum is 4
test,?n[Y8,Check sum is 9
test,"tV{""|9WYd]`3ob6i,",Check sum is \
test,"SQVW/[XLV$B>+ya	e>h""3?b$Z`JY?FE)fTD6rhn$S^JbR",Check sum is +
test,"4#}$
/Hf
3,327HHm8, ",Check sum is E
test,C@Y|d[;=v0)FY<p.;vk#CY@&en?;	^,"Check sum is ,"
test,PRL'Xt9v0Sw~ym1?Lt8Od2%MZX~`BO|_HK(SKbDMV G62`,Check sum is Z
test,1n#`{6'Y|xrmM8<zXY'cO#`P#]Vlk,Check sum is K
test,"
ob\F4yNY@tdB_w)~TmL aCsx)2$5CDL8yE4nZ64",Check sum is '
test,"h},qE ,3MqC+\2",Check sum is  
test,y<,Check sum is U
test,tL>T=heyU5CXwuH*Xno`5VVh}Imz}imG=$S7A:1clrp6I',Check sum is K
test,";j#kq6YFrIK&,R=m=
6b'7PxW&`kLq?-`",Check sum is C
test,"`e~lc?Tj@p0
#oR]wsEr4sy@=7",Check sum is O
test,aNO9&*(&L%uj0>avq)y!Imz{6OBo6}+2kzOPkWg,Check sum is \
test,-NhD&,Check sum is -
test,"!RUzE1oD`
",Check sum is 5
test,2are8(K9(,Check sum is V
test,"~/=EZFjl
FRzl46/V/@2:'=PB0/=dwR1FO*D2$Ovj*G",Check sum is @
test,S@0+Wu;IaS^,Check sum is 0
test,"Q/6GN2+R8 <Tas.T,[$[-.j-j}u'xr",Check sum is =
test,IWa@3*A>6.F{*)muyZf9a <CXz&4a^`![AFQNeANo,Check sum is Y
test,"eQyC`-+;?*Q=6wOU  %Ug]B!d|.{X?
`%IHb&2b8'C,)TQ.t",Check sum is H
test,=-),Check sum is 3
test,ohd5ecV|Q	Rz175E,Check sum is 2
test,"0A:,. |H)y 'JO?q-cw#&,J{#\(N=Q",Check sum is ?
test,iy&&q2xB\xL8`=C[^%H	,Check sum is R
test,"{p/QO\j)3c48j2HmM`)F3Px|j*e~K0+,B/&>qaZh[8`uq&r",Check sum is R
test,"\`#6SY59ykm4s\w\6$QV3Nk[KMFGm""2#",Check sum is G
test,"K-""fkEW,dwAT0^;UIa GSfW
Jy6mlv3,hT%fR,BQB\Fv[$>_c",Check sum is $
test,"#Q7""*O7GKh	.'#tGZ%X){3Vj02",Check sum is #
test,fRB-o~MxdU$+5>)#+{6D&/z,Check sum is /
test,"l=w#?<qiKGcM,$/h|_x>]p&hT""CQ+~bT7-Y+thgVH",Check sum is ?
test,2nI,Check sum is I
test,"92P
iYy]
>dspa{]Fm%""",Check sum is ?
test,bf0L9f49nbA;&0iK1!7^'<g,Check sum is 7
test,~nzY 364G*}'	KWX\,Check sum is P
test,p>f/W	I@gl[mhi,Check sum is 8
test,";CliwQFd
~flrww<",Check sum is [
test,F9:,Check sum is Y
test,"eH~dV2tw{R>,cA6]]Yvnw]j&s+?MV4.",Check sum is 0
test,umXz$b.!&?K6F!v/x e,Check sum is X
test,uJ6jv6!6:q51j/g]+<_Kjn{vrb*8D[3i`@$]&Gif7l$YY=c(`,Check sum is 9
test,"UR""| MN-",Check sum is M
test,";DLIO)xbRc)k<+U+5""k
S#W~q^IaTXdmPjO}YV",Check sum is 8
test,"wiUIR1EO:xfhqYhf54s	({[Y5#3w
x5v,0uGDi	6<;<`",Check sum is O
test,RG`5I(4hV,Check sum is 1
test,"mw`""nzpCR8/9+Slr{uo2\Vc",Check sum is U
test,"DMDw
#b?a,|{UZeWHPwb",Check sum is Z
test,k_`#	\eLN,Check sum is Q
test,"c*^{v;kqffoZ6tK},",Check sum is F
test,"]7Lhw}v;Se	f=h4`
:vr(K2JF#vUS1ts@F6F0A-$639}",Check sum is J
test,]]w_,Check sum is 0
test,~uoVI!nND$,Check sum is &
test,Ngkj,Check sum is *
test,"Js{q$hGG2c""L5m7- 3A",Check sum is @
test,p<3,Check sum is ?
test,u0 _fx.*0fi>o\Z:_P2qnM_G<c`3fZ&RR-N4KEF4g,Check sum is %
test,"_GY`sWA?~T,x;""up.ul,#rmap,4}/fzk,f{pioua!6B",Check sum is *
test,"g
77sYU|nBZ",Check sum is &
test,Fpi73\0[GG)$*\qfIC%y/WY;>@E,Check sum is O
test,"?}A,k%z?8/}peXr""S+Rs XsH==:>eKmD",Check sum is @
test,U]V<*yKTNysMDlxt/%,Check sum is ]
test,}w}rD)''~Qa	8qq^+^KB!5$iRWc70mMXh,Check sum is U
test,">TX}aa\gk(11FJaBtvGnA,:Aw3\KXX?fCBcfC@G]'W,;%P^""yf",Check sum is O
test,C0ptw_6	J!`?l($b8MO)hXW-& jG,Check sum is (
test,Ad}H>`AP]K`>mI>:u|Nt$Zo5/,Check sum is 1
test,"j`""gy-",Check sum is Y
test,j/>3nYLmjJ7R@rItmi0q^ewR`#c>irGn1,Check sum is >
test,M*xUQq (rlj},Check sum is 3
test,"8A~9VEy[	67%J{

>i62D2w&Qy}#4x<Vx,"" +5uNW1$)Mr??<S",Check sum is '
test,"He&cv_JA@/M-14\3MO/*[?1
u9m3m\`NjCzDq#>gWOA,",Check sum is Y
test,"i8d=qqcgAciM>!T6
hE)ENibSb!A_h@Uqow?f0V*U	iCG;	",Check sum is C
test,"F*m;d]yu8s\3'\/?e#Y+	)m\[WV^U1k4@(b??3.K1,#zcJ",Check sum is ?
test,"V/Uyd
`J79MQWZPhYF >A{
R~53m3>n""",Check sum is +
test,:%]>nv64_;dN2295a,Check sum is '
test," hgDaV}PGGWy%9FV]:z1(IiD@vpt-]VWD&_[ep
3pG;7-l]e	1",Check sum is T
test,8PWcpF{Kph'$8}	HnDd,Check sum is ]
test,"nMsH'\!]>G +#Q6f-|_s]c3""(yC9v@v&eorpzw",Check sum is ]
test,#z4##<,Check sum is 3
test,"`zl.,E5RXkp_|beqA;DT
=2&2J",Check sum is A
test,!ulz4ZnWA_?+u(o`LCPGvy[H8o\{1t$~0q\dmya`ukWI~oZ</,Check sum is \
test,yZKxS%?sZ{vKiDL%BS,Check sum is )
test,"3jS].tl;
65s%eh@g;PmkwX;TLKg-cEr
",Check sum is G
test,z<Q%y^9\ph({y{D[6'P';MB:(C@}\,"Check sum is """
test,<K%~}BsZ@Qs{BoCsK~XM#M-hd_k #YxBcQI^*	0FpkIGrMJ,Check sum is +
test,;P%H=6h($yZ,Check sum is R
test,"/f's	""",Check sum is :
test,"MT5Q>Y;'VNr
y;&H",Check sum is B
test,*3<{)1zyjgzP^? iD;$U8j^bV1se)I0r1FCaQ!c<4cAj3t5$,Check sum is =
test,"F~y*0z|wXo'oUCp^:W\:@Tu`Go:Uz`.cT,^jPPWlTi}",Check sum is L
test,"Svq,J~NV{Ejh
",Check sum is N
test,"	r7oeyEm}~6SfqP!
DrU4-blEQs4@,[-MA9pdCk*XUGV 1m",Check sum is M
test,z o7D}oDOM(mNhG,Check sum is B
test,_vC~,Check sum is 6
test,f&~X,Check sum is B
test,<67N\k2[@:Ls{0!yrF)r|DDx,Check sum is 8
test,"oMc}+JfVw'{vKG'21""s
k+7qJUf",Check sum is :
test,"J3,m2)jsrVX]&ej6",Check sum is V
test,WekqO:hEX4!'XPiXjV?Ja%gjw,Check sum is B
test,Wjq'Fh!_NZvlKXy,Check sum is M
test,"G,jke6}v\):A",Check sum is 6
test,]S>g])j,Check sum is %
test,2%PX@/2'HFodRgz~5Xj7lJ aLJxoV\Y&,Check sum is L
test,"y>~_ykFf />tZk,",Check sum is 6
test,"AuEW9RzR#*
{q\W]%=1""",Check sum is Q
test,"}:v/JKeBPaNXw^{:x:kbL5X&A5oauxYXX
y	2hKfG$\5Q",Check sum is 7
test,jZj\]Fl[s<`pu,Check sum is H
test,q\~M<!8,Check sum is M
test,I9i?!u!#By[#0ym?{YxHU,Check sum is [
test,Y/3`ql_'[r-Oe,Check sum is L
test,"	`f8LTt:.2-H}8\AHXf
a =^CNs/]?\zcLaG",Check sum is D
test,g9GOtuqC	.b@^M/j28{u{y.C8.|,Check sum is 1
test,UNyWH>,Check sum is Y
test,}i1{,Check sum is 2
test,%E'7%4\%>J/g=hqUQT(ev]{The9DV2;InH,Check sum is +
test,;;l<)7BX,Check sum is 8
test,"eVt(.$VlJqMqFD""s3<VH|?WNYSGN<rz D`Off0
6v}OXe>",Check sum is E
test,"MTSqG&BG7<][""jb?)dFHftQ m",Check sum is &
test,AB^T!386_q.XmN`WDS-Q8@PQ^k,Check sum is V
test,"s6
>+s~6",Check sum is #
test,U3BQ[n>pfK}`j0h6IsPrR:V&C)V&@h;1H%!/[,Check sum is R
test,"e]9,EfT.O~Z(zt
(E$?]qQ|<=bHW96*4[Xm]/N8;NY@<",Check sum is =
test,c R=QclzcoGb.5iyjQ1],Check sum is U
test,"cP0"">t%/_zC j ~;aTPd#*W
31Lu>mQSEiLn-lq[a+",Check sum is N
test,"6?#kR-@_E$n4^^ Em5$o
):|y`-8<&8qvU^>kS!EuL
K;K,?`",Check sum is F
test,7lhhfwb+;-UXsRM2#5mD	~Gj`BTQZt>,Check sum is *
test,R%o,Check sum is F
test,"tc	BC\koKl%u$iL:`Z~7BiUeVNJ.>))a!/[I$ho{CI
x	wJT",Check sum is V
test,{0il5u}%5>wZ^;bLps/\<Afqz3,Check sum is &
test,Ova&_ushrraYs,"Check sum is ,"
test,"hgU(AJa%
Waj\I2br5,",Check sum is 5
test,2 >[DE5,Check sum is I
test,"sj$R+7(W%[y2m6,26.i;""E!	-LAT1f}",Check sum is ;
test,"m'0b$'O%P,VHo|XG=bRR)A#}.",Check sum is $
test,"A-7si!eo(G0OSeQ7a,{?Z0",Check sum is U
test,wERr^|.T[XIwmH,Check sum is $
test,".Y+T(=h""qBYz4,	U?$M",Check sum is I
test,"Ej'itJ-U|HMY<""f",Check sum is M
test,TVPL_}zRz:gxv:z[Hs0Lho70$(oy>eNjn{S,Check sum is &
test,";QTG*4qyZmNnod-3SIl0<:,fyslrJf",Check sum is ?
test,kVoFh5FY#O/$IYuWE,Check sum is J
test,"vupC?^i.:_
FaBH,r8r",Check sum is N
test,h@_Plz%q1^Vf,Check sum is >
test,gH|n1N)1u8wf~=Af	LVHbag,Check sum is [
test,"""oEla>%WApHz[!f;	MR<W~biM+=*Y
,fgi.J9]O""4=	",Check sum is .
test,l0~1(,Check sum is S
test,"%?+'y
VYD3)zQm{1Gb",Check sum is 5
test,CO^$wkd=fL$}Q@%0{fLi$u+pXHoHj7M}A4 BkE,Check sum is C
test,"EU7Uf<0-bkBFnaY5U)M@N02)a,A|uDuV7&TS'SmiN(*=<",Check sum is V
test,h= } !?|>}Eh m,Check sum is S
test,"8,{SO-""arRst_tLhYbjM+:xF_YNwN",Check sum is #
test,xrJsy-q:aM&9@HT3q(CP;gj}B'R*X7z,Check sum is W
test,"x""DxjHT;77rO$~g:U&|S",Check sum is 3
test,"(o?-	gZRsH4o!jIP?L:Tk^1
v0t#RQ-G/h-Wi",Check sum is 6
test,19BD,Check sum is P
test,"'=hH)~n]>&NHFjaxe$C^_Uac>
hyG=Oa ImAv@.D}_BC&Y",Check sum is G
test,"9gSSY@;rg@zF,&?[Zh`KC.j]#ca3>Qh	n4@6t'@",Check sum is 1
test,2{8NKnO~bw#!~0~ V3s'~8M/fvFs Fm2D`c+(W^Itgd,Check sum is H
test,"vzP+m!(gmo(>w]!DWq]+8.${_#,<
k%Vj&{cvITm",Check sum is @
test,"HP,^\)*9xI#J&6
E`""8HN8doJ-i:c^5N",Check sum is <
test,"?6u)//:{-H&KH>
*UQCOkrn2v ~~$""]LW:[1]4'-K",Check sum is )
test,"<wr/=Z.g	uJ
iRO",Check sum is <
test,K&_sigvO/'}$UHkCGV,Check sum is W
test,\14:N	6^.<c$+&0BSo.m=I{%gf9=^jF] jvc)w84Z$v\Or}7h,Check sum is G
test,SqZ26kI	cr7o55AiOU9n@j|% URJ[FN}AM>,Check sum is Q
test,oU_r,Check sum is 5
test,u6	.$tkV$Gr	a,"Check sum is """
test,"0tm)(]XQjsKA;8""YNr#&(8=&>K9
yUUmk2s\ly",Check sum is X
test,buR$2^mbUs1E'P1<<H,Check sum is 2
test,"]4;""{|B(q&oqsOaXj$s]Afd""VLGGRV	b#YI~ <nj<
#*l4",Check sum is Y
test,"T&8}DWQ l;)1o?-](iO}l7OAY,}=pfDrPe""9Y6cV9u-qM_aQ",Check sum is 1
test,"[E:>>l^""P;@;5{I?SJ^2g^vX80Zif&UdR","Check sum is """
test,bl9u,Check sum is \
test,"o
~\0<?wm;8 qC`y}LKUFVAo>8#V$I,sig","Check sum is """
test,"q`cjop&ug
}|p&B%""UnE;p9MFYh_c",Check sum is C
test,"Y.\z""iH
rrZ+bpfgzO5C>",Check sum is !
test,:V,Check sum is 0
test,"2MOI,5#Q^O",Check sum is 9
test,"j9(l'$W	1r=SdJeaq56,zkB;M2>i%|O",Check sum is )
test,V_+Bp[p~i,Check sum is $
test,-Q,Check sum is ^
test,"!:#a=YlFn8rc+7W_/az"")_D+H&z_ &G#7zHKY7-l#5/'",Check sum is O
test,[5Fx9`f``RZ]m?ESq]2W>1Uu?37'NcxU@iY#bA,Check sum is  
test,* umWP}*W30,Check sum is T
test,!YVm?1lj>0,Check sum is Q
test,"tQvE6tT	_V)
q.d9%O{",Check sum is :
test,-!?\56O'>oF@_U	)gX2F0k>)3Q(#cF^DGW:}+n3cw<,Check sum is M
test,PQE}{$t94lz%8)Gk4z|aOj%Nx&ad:=|HV@`@|),Check sum is Q
test,NYLL)[{IT8'Q.\6`vrksU%BR;Z5i9=BKaQ#Y+BsT$*,Check sum is E
test,"a2	P ^2lOu4E`RHm$Xua
'tTb(yLKuRE^RsH#|",Check sum is G
test,n23cIfO}o^MRl4,Check sum is ]
test,"o""~(",Check sum is W
test,"e2 UE{Wd""&2]S
7k1/r<<hY$*O}Oz",Check sum is +
test,"fA]8AP~r<gue>[hT""v~0e%2;q/fnY(dXD2'@c}R>FV",Check sum is F
test,"+q1	pl]63[ZD""E|?)-W~]\",Check sum is W
test,#46!D,Check sum is R
test,"o,",Check sum is ;
test,""")-$wF`jr3#g`y4D)<gU!.M*O`LDYCK	",Check sum is Y
test,mGaB~Guni]uX~w9#ZD-6|?a(O	,Check sum is  
test,"	mzV>F>>Y""iT7%aL85	9O]\I$Qf",Check sum is B
test,"<G>,QUNMNY;yQijtosTS53[p$Lds|'JK""opM$w{;5x",Check sum is H
test,""".U2I",Check sum is @
test,LoHhw^Qq@SV$X5#HeluQ?_Yr||K6`3,Check sum is 3
test,"ANPr,z>yN@{t{RKA%`F;*@Ulj}DlFHY5O`is6(-V""8",Check sum is N
test,&fctfC,"Check sum is ,"
test,]Mb:n5#t3t,Check sum is G
test,"t'Q2JHK&7vII*'^t]bld<=,n1""u|JR$$ih1F6MY~{DGXya1Q",Check sum is I
test,"1uIF<btq<]}p8J[T,""=A=>,\MTi",Check sum is (
test,kG,Check sum is R
test,l+3fl>jn1.(qt*A(	se%&(qq<U&y,Check sum is 7
test,?P<f>5Uic1ZwZg[<S7V,Check sum is _
test,"x""Bb.)V(<0VefW
3&jt+_RoVW6oD0A?_QHuw]]$?x","Check sum is """
test,:(URr.< u$h4Z>CEXON!=oMWL	,Check sum is 5
test,>kj_,Check sum is R
test,{}C1X'ut8I=v#,Check sum is K
test,"hF |cn3?
Q0I.Y@",Check sum is H
test,'P;u7:W6:^	^0{ <ySs,Check sum is J
test,"B[LbS&75ID\!#Ofn5Rg
|y!xd!_\:SXrVty-)GJF@Fdq9",Check sum is A
test,:*i0Q]b~%+D6*T,Check sum is 3
test,"<""e N4F]eP{b/<aQ~;",Check sum is P
test," ~5/i-L]jw)'1:HxqH]jqza&nQ:""M`L""UU2&",Check sum is '
test,{ozz,Check sum is >
test,"K]gcL~>O^dHPm"">[B",Check sum is -
test,EV5F[E3oq,Check sum is )
test,"C'm]7""X^SrmdWT&{d
}?v=CK;{=_V%.V#j""i,0H,",Check sum is )
test,LAJ hx~eZ_a9mb2N#,Check sum is _
test,ga)rOi#:/YW?WW=e V%ZbGozZk87y,Check sum is :
test,"}2kSKbOov""&mQ\hQHkQm",Check sum is :
test,"-u~:M:""jrp1=D]QEWywm&Ug}~r$kf7/%@WG%R7S",Check sum is 6
test,"30BfBu<R>!F6:hl6?r ['Fb_""~S/^5r/-J|q@}x~\IGa4/ ",Check sum is &
test,"*c2;4e,=dS%Tde3j%>FL01hJve)DY4A,\",Check sum is X
test,"N
uQqCF9&kxPA#|e$eK!$=EV:3mo:!~?^J|_=3e$#V_oVn4ko",Check sum is 6
test,I}u+	g.}M{-p&4.vtHz_.UQbe52f#gni,"Check sum is """
test,"3	$QiuD#BiGKYW@}x#XPs{<S2ep[`vpTYYalf]#3;/""
of{",Check sum is :
test," lX}=""*qs&2",Check sum is F
test,"7E}eJQ{L5,P|QAt%u2:,[c?9%dU1a]",Check sum is H
test,"xb8GG=`TO.@)E rec*Yo$
BwLT<STX|@JapXqtfuZ9fA:BC7T",Check sum is ]
test,uIV,Check sum is 4
test,.W4&maAmy\BAXA	RS9[z|-k,Check sum is <
test,"'3!{\H`_'Lze9#
n -%6t7)>E/W",Check sum is $
test,CiVWM0;PR+/L\\qEVSquY:I jn.,Check sum is 8
test,gEN)A|,Check sum is @
test,Wq\?UF~x+mU.,Check sum is /
test,"Z3|1[)zO![|}^lW5[-i8R(rQ)29Hno3""1GyL0C?-Y!T^y-C~g",Check sum is <
test,W*}:*@$!:#,Check sum is $
test,"aIjO%Zp97_d]SMM)pG3Lb;rgU^&m>y""egp'=aL#sGXu{DLz]$f",Check sum is F
test,wGenM/Iq!c .	x%7nhU}PN-8aD^\5]61V5^V,Check sum is X
test,"A~ z=U3Ol^yD#2\u,5b'*h; Y""jKYn""=[b?#)8*	=*?SJaswV",Check sum is >
test,0q65r,Check sum is ^
test,wN^glG\nw[1GPSAR,Check sum is '
test,=p7T`'%V'f21?d7M<9='1*,Check sum is %
test,T/#PZNvkYUJX;Ii`.Q:yOypsY]f:H}0r*),Check sum is )
test,"U`o ""#hcg)KW*}{s's%L8>x^\.zHxf,FlORA]Xze\g
m4",Check sum is >
test,7*^F}A	zN,Check sum is 4
test,"CM(EsCK<]j:t)*,,-W",Check sum is >
test,")x8S~^[\8J976elJ	9GA$Y""wbQ7zXQH^BSIq:Bg?X5	",Check sum is <
test,	hA?,Check sum is Q
test,~c(r'P7h:w*K{6fit];ASBIJ0^	11HYyNQMZ9~J3l,Check sum is E
test,"`TKr:y!a^LSt/:'L,=VpA8vt2m7",Check sum is ;
test,"7T@xki[vqh=
D4jc#cFUS)1\TI&|=k5+G83':m",Check sum is ^
test, _%3!8l%vpBOKu'v22=HI]E>OP6HK<~V_Cy&p.~XU4+.w#;`K,Check sum is V
test,L76w(n$JUl,Check sum is U
test,"wfdW>B{He)r`_*?vZH
ldo>6}r+l^uzth4",Check sum is [
test,"G2(mdP\(_
Xt`a-s.`*dA~>P@1Mz[QR}`5dhy0A-RTq
ttRPT",Check sum is O
test,pQGhS`3_|XmR00YD|05{\.qxSTY+	77r{7IR1ggkmdA?~% ,Check sum is S
test,vg-yVvkF~=rhF>tlv=Wqry@kx		kp2_K ,Check sum is K
test,}9J#]]=(e$R!NPHq8LuGwIR+,Check sum is 2
test,"yKxW
2qJv5EdVn.%)hs0j p7k|iXQ7)\2QP",Check sum is B
test,<9o|g}:Jd{)odzA,Check sum is >
test,gp [7lF$#$,Check sum is F
test,TB`p|l%3OZv)d$oWH@aQ,Check sum is V
test,":""""u9Q_jxK_J,XQ+iC$9Dj}QptS[(#;'c#hTzqc9i;*6",Check sum is #
test,"=,S18Bf<Y[9#smmgt""*r`(caI%+",Check sum is D
test,"@m`[RiP5b&HD5Cs' 2NJL{=YR%sFa
,k3n[jsq1}[22|i?/SjL",Check sum is :
test,",GrBQv
#6@AX
",Check sum is T
test,&Y{7G4PJ,Check sum is &
test,"a3cIG&H&|g|!t=@tr$@,PEtk'F",Check sum is C
test,5n34^NG<uL&,Check sum is @
test,"lZx.sQduixbxSR'uciXR=0(o(h<CqePsJY^'IGNr%l&i
?2&e",Check sum is %
test,"`Sr' ""qj`Ty{hAwZ(=",Check sum is P
test,aw-[=}([DV9>u.Fx|n'opI'/&g}}fyJNgcjsy.lZR,"Check sum is """
test,"c9kl@J86Q5.d]Q1`U
oY,wjBE-",Check sum is J
test,"0Bw;4%U$_oZB}:eUvpm1	V$xC^fr!o6gA`cDCv;,",Check sum is >
test,xBu>V:C1sw]Rt6mBI#sdK5.S|C*gG'8if[H~I+ic=] 2RxN,Check sum is 1
test,>Y[+mR1VgVMb[P]{%BewiBfjV~#'eKuXDbydF1^Eo{H,Check sum is Z
test,`2#KIhz}}miNcwhO^$[>CMqk,Check sum is A
test,"-;]STL\$s""T!$E$F.V^[[,n:7;Szd&ni
^/u@o,ex",Check sum is E
test,R?:x]N-,Check sum is ;
test,M2+?5z,Check sum is 8
test,"NC[j|g8!)8UO6ZhQ']C(Xu:""nQ	wMBWw]-!$kW",Check sum is E
test,P*Ay0;+{MK^Zv{ZkOev.chDmzH(G~Crhu<\b,Check sum is :
test,"Fd4i]tN{+dm~L;riIl5D!""wg)Y|",Check sum is *
test,"].2MJ1zpVt9lHPJD}g\32N=OhD[^qxp
%*:#PT6hD+Q",Check sum is Y
test,"po,tL4*i\gMQ47+Fm",Check sum is \
test,"3D2l^_	,Es]7uLxDpr=lSZgpgaOWW5xP6LF6w)I5",Check sum is ]
test,l0_5.0-TjowQ4CD8/D8,Check sum is .
test,"N}8g)Vrx.Z+oe\o]qb29 ,~m",Check sum is W
test,"RbmV{A""~p+R@F7)I<<B!Ln2B2E_Qy'>
""O~{f",Check sum is 7
test,"UfL,w]&r,N[ap+",Check sum is P
test,q]KKiF(ixuO!,Check sum is !
test,"W6h/l/@'N>mUm~y,[`CU""ERKD_u{",Check sum is N
test,+m,Check sum is 8
test,"TA%@5w6J""""K=]0%vMLaDdoJ	hY,i~zX>&.(qe]
{l	:6iaB""ek",Check sum is Y
test,"OZj9N3,rXQ(l}(b2:$.)*0	0>,76(Uwa[jf:",Check sum is Z
test,a?L*F!%zG|Jd:^8Di$eP}U}Gt1Ba:@]~.O)eQjE~#`/eIA90,Check sum is I
test,"RWT^DNKy??fk/%""[}7?7Z?0j,h","Check sum is """
test,WpJ!|Mlp${`6xj%a @\T O~fkYd1wyyRfX]Ei <6KhG,Check sum is  
test,"/#{xV_)&n'	XmR\q]N5Uzc24}>U*G^E(HVcie6s[[,
H",Check sum is [
test,yaAz~{gHH7VJ+$o~Y}F2=lWpwk`,Check sum is 8
test,"YU|%0<"">.jrwp*]",Check sum is 3
test,"*$M8JU$q</6FR
u",Check sum is _
test,qb!T5HI60zZ0Eot A$Wh{!5<o	;P%\=1[G0ug7lu$wfSrIDqMy,Check sum is S
test,"$:9I@kw8""Rt$rL3?BI<z)G""~ez![iV(|=]j;&9",Check sum is C
test,"hldm#,NiV7q^yBzj=<Sp+}q?Eygju<4OZGO\x>u&E'Aj=",Check sum is N
test,;Pzv96(9J S,Check sum is (
test,v?E)B<EZ,Check sum is  
test,n&'8q`,Check sum is $
test,"Ba<	+B_,)B
40u>,]	9',QOlK.)k\Dwm1a89m'sqY3!u-g^",Check sum is V
test,Ql7;gGu,Check sum is 2
test,L&f,Check sum is 8
test,o}?xQ_OR8YB_&2A*,Check sum is I
test,4G&'b!,Check sum is +
test,".)t!@s/rJE71Me6~GtJk{n-	','l""0NG)!vFyv^S>",Check sum is =
test,IX_ac\@s#4P@A,Check sum is [
test,"g
KFgta;2WDHFM_4<V9c$SBbNe
",Check sum is Z
test,"2A\OIaaV/eUXec8YV&dtz,|PXQq9rj/&o~",Check sum is 0
test,`h%!q}fYsu0[#ins4`v|';G0UX+o[j^ ,Check sum is $
test,"e{ }+_&Lss73z7	KDN@+lo2u,<6nLPa1Bl6s!FqV/K",Check sum is &
test,"2M\{(H_xtY""%JhV",Check sum is Y
test,",""a5WbA}T_Ib8F	4O5_?2zs>[(kv?*|",Check sum is \
test,"U`xzEw""|kPmuC",Check sum is A
test,"CZZ""zX]J9\1uZTq@Stl@$TzL:.:>gme",Check sum is V
test,"QQcHI,a",Check sum is C
test,"""+jLXL_e5L=(/@%I;YV|OIXj{B'L{RK?u_`6rCh[G",Check sum is >
test,",hvazGj,r41p.j@e	gl",Check sum is B
test,"D}6Ii)M""-?(}4\rax!#qR|-6//cezt#5y7jYt",Check sum is F
test,"Rq;Cp%pjg?w
%'x<yKa=iB
pF`vHTXFqrU-dEOU",Check sum is F
test,"=LypA<Hc\/\yC!wO"":EV}4P]""\.g]6We!^7A[n\ib9ZVc	?.?",Check sum is #
test,f23jTz:?@{l~	.TO%sfKY)@&2H\X(1OvWN>lw0[~EoRTLG:,Check sum is N
test,Noqa>Af,Check sum is T
test,"?_7C+sy,	^\=C0avxbm4",Check sum is @
test,"
B|[5S|
#5nz ILf9~xd>-wy}D",Check sum is [
test,	=A9Q{Gxwh@}b_,Check sum is H
test,>iRuNBr3x8Ih-iS,Check sum is M
test,"Us}yaR%D}3ueb[n|N3RnUPZa;:i~%
;bpo8IjJ`q[D#q)e",Check sum is Z
test,"5=6!""",Check sum is K
test,p`B,Check sum is 2
test,"w<)08ihYpVs d
CFtBW9YANJ6LXh!)Cg.RH1j0;9q)s?(`#Q",Check sum is [
test,E%I,Check sum is S
test,UY9NIzlc2Q6@jD,Check sum is N
test,"._	Mf,|	R4\AC%z3}Eo1lOa~%/d9>VF@",Check sum is Y
test,4Ay7snf?FE:q+iHNZf'C@Z3ct-8!(s+#[Qc,Check sum is 7
test,"tX{M#$#V`, Iy3'qn6<)o01HHYdZ|3Bw$n",Check sum is '
test,"@)i5PdT_""$X~gA;`X",Check sum is E
test,";}ZO,\z9h&4;*>{H*TI1U$#-[1tT%K55@p(-@'3_md$4K~|qg",Check sum is W
test,"q
8u@+}+T~' t07p#L
]P!>Px^vnqU;HjWy^#",Check sum is R
test,Sc.{S,Check sum is R
test,<&NjJS),Check sum is @
test,"WHgE|4959W	E.#ixHB,7&20",Check sum is N
test,0qD#	(sxR,Check sum is V
test,vyy}1}mh$#sS;7YdUCmJ-6RI{Gnn!*7RaOn,Check sum is !
test,",2US$oj",Check sum is #
test,'[I6t]y)<T[?7hdsoOg5Op0N4Aw z\UmS8Odhe@=HOcX,Check sum is I
test,"N
w)d'=Km gQ\A:",Check sum is G
test,xyUd9Y4/dFR*wNChE\Q83$6Bl7`	},Check sum is W
test,Q4v3Q,Check sum is _
test,"m<!z)O~lE
f-JI_!]K0kmSZ+7T",Check sum is N
test,">2=@oMm%FA%N<^EF2O=!p;;as""<F1:67y
K9qyF",Check sum is F
test,"(m}	PMzSl9[R
j!b@NJN6k;N	5WwBu7RS.._*gn",Check sum is W
test,"+ N.|Yj7K6tx-u	1^
QQJ]KTu7;G+q6V*(\&]wI'38",Check sum is O
test,9[ ?(J[r!,Check sum is 3
test,HUb9(kvCl=Fe1ms!-O	P2xx.1.Kf>7NRVlX1a{,Check sum is [
test,"o|aI+h%IlPtU6*5|U$Sr0z
Rb	Q}lLED\?*",Check sum is O
test,"~r
Ki`6[]WU%PO8cpbN^\tP>pG9=s^BxnmB'GFO",Check sum is [
test,q7|onI,Check sum is *
test," ?s
QxJWNin7f`D9xJ{u8cVI=u2h3",Check sum is 0
test,"T#H-r(e+=3Gt/+eY],)Tu@sB7GDc*9 W*AiU%{v=p+ [yU",Check sum is H
test,"0M8ibn Sd(CK^RrABhCgr-z@'n,0]zp<ux;4 9X\yP",Check sum is Q
test,3oS$'I+I,Check sum is ]
test,lSx49P%D,Check sum is =
test,KEXP*ImMirQes\-|8KnN>W/hz^GW+q}<I]o*wb?ilz('Z@uBz,Check sum is D
test,aI\XvZa]TY:hk;Q@KBr$Lg@*qLU|L_,Check sum is K
test,"?S.)$Kh2yUWsD' 1Ns:r
^SgO3vT=Uy3&}3;4vX4{@,s6",Check sum is V
test,R_oV6o}>3sbF)@MH!;@:2RpWFwvE,Check sum is [
test,"#]5$@0_&4QN[OT$IeuV*
/:-SW1	X${xL3)lrG;",Check sum is A
test, E(efVGW.*S	1\-\DDW'!quXRmEALtLq7Rm~?qny,Check sum is (
test,":~,c3BTC:n43:t[$3DD""N=bstWI;RN~;n",Check sum is B
test,I*X`0}Cf\oSn4SJ {~zZJ,Check sum is 5
test,	fb,Check sum is 1
test,"3C_p$;x
W7!~LOBuJt~&Yh
",Check sum is 2
test,vzrXh{TK6N2vD% w_l?kjsBQvC)dU/1?!EQXVYN,Check sum is 3
test,"NxGYDT;	#0J&M.f',70&h*C&Vp^cL'",Check sum is [
test,"v);;z9eKp?ArnDk,^,S,%HcQe5+[jK",Check sum is B
test,"""%KYa?FEUS9p3<iq*\p=b}dG""4qRMb{O4$|2Q$",Check sum is Z
test,5MQ,Check sum is 3
test,);6X}(E9qB]6),Check sum is $
test,|_Htx,Check sum is /
test,"VWq,&vq8qC<&6vS~<U_Q8>+%h4pPvw3fc",Check sum is N
test,"76E\IjR
h'.goP~8x}![h8fh,",Check sum is !
test,UkZ^MWT%so\hkh'|B_<*'9$IH[Ps=qa  :jzG9*Ci:k^,Check sum is Q
test,hFwC=w$m`?.	H+Zt5{OjTlTQYkS33 `{/>J}$Cv:t^!ddq7&,Check sum is >
test,t4:R{Z;U,Check sum is 9
test,"9<`,Ar.>yG[)5zfGG}y>Ucz9pXLq\<!~5+UNKG~8juivb",Check sum is -
test,"0~iSbl>Py
=v&@W/V\%TU(dpWiKpY8 F/q]kP{*C",Check sum is V
test,gV(!_tm4*Oy@-,Check sum is 9
test,"""nw'zX:V%L8AaF<hpM4/%mN_c?eu'}.v?v)Ws:zFWQBiX$&~wF",Check sum is Z
test,JC8h'qwH=uJAA+[*,Check sum is R
test,"Jb!j.	!0)M;GOGE|H0Noan1
{/,{r-4< ^Y""aCvk5pia!&Y'",Check sum is A
test,",dDZks-,LRe^O
uTz\0Kt/}Q05te1zQZ0|T_2dre%L\~",Check sum is 5
test,kU\#oc*S)d[una}$!%:~}2 Gq_!(4EYBm_%,Check sum is -
test,"@g""ttuWMPGX\oX=t9N7Wb9D0I9u\",Check sum is $
test,"
vbjRW>uf!Lb)fadpwm6zxu=X]JDsHBSi@#oDLHIf",Check sum is T
test,"Jcr
T",Check sum is ]
test,"UP<msiA*p?`c6]5""{Um&",Check sum is 4
test,"`vKK3d1.O$OK0lXh8,Lerf~{Iali]Sn?q@""",Check sum is @
test,"/eY4#,:""Y>[Zr.3	Vby-(YK a)$WjF",Check sum is S
test,8#]AVSf#&|T7}O)w,Check sum is $
test,"P:.P8SUK4*2}3JWs+8*\erJSr2<7lQ}U,FY?",Check sum is 4
test,VTWFVL>XUthx:7^ #Z.z^@<!s!n$9(g,Check sum is E
test,"
4\?b]<t'YG?,{trwCL
Q\GMbEbQ|9!m/{ 
:.H^m8%",Check sum is U
test,c('3np3bW#j)la?wYfsA,Check sum is ;
test,"<d(l=)T>cp)u	Bq#,'w@PM^NlRLW.4,W<""vRnF
T/sDyj",Check sum is 6
test,"9uU^x,=uT.G	zKl/w&O7($8?^PD""1Cs!{$`P",Check sum is Z
test,"sS|_\~)i0?*3#o+r
2ls	3'qn~;0
x{lU[45S'u",Check sum is _
test,"Gryk5	|6:
[fdVJ>.43cf8 
Q=9}{86a%",Check sum is '
test,"d&kqV}2\D,fEV/e~z0nml#O",Check sum is M
test,tv\?gI?FQ0R[)#,Check sum is T
test,[ESh+L#,Check sum is U
test,K_O'=#jz!aRLS[#Z]S5n,"Check sum is """
test,"tD}vqCPTMegI4zz	RKMMq\]?~l3[
PxGx0)-bBV5_!@",Check sum is T
test,"E""*EL12ajg4GVi}
xHAZOGw%(%W5zo|:Rlu]=]S&F:QrO# `jr",Check sum is Q
test,"I|""+.",Check sum is  
test,(TI@i<A^VNw}RzLLE;[K5dug9x	YzU 0Z#Q,Check sum is @
test,"xcK,2B>a\cbi?vB+",Check sum is 1
test,"PRB</jX~61e|>6	3VOH{'y	X""wb~C$ufR1""R]2BL2W})}RxLs(",Check sum is <
test,"9%4ut>/0\jH'*n>}':Y;ZXe~x_,}\""u,",Check sum is )
test,"H9%)J7OA-4&Zy=bC-j3s|0dZ}w1%j
88nwR]ms>v%j?q",Check sum is 8
test,"&uB+oLz:Xf
_~IK[Mmp",Check sum is U
test,dG7$[a>gZ{h2,Check sum is 6
test,"+YQ|?N~s'} ?}fMHP)h*92b!{su+/.e')6(UkB""W9e=",Check sum is 7
test,"J*6PbP}~Au:f[]VT~7n;Z{Lr_,98GMf=A%BU>:-TBWB@>fYPNS","Check sum is """
test,"""b[^c}NP1SM^	Cye*3dRaST^gS;!.xx",Check sum is !
test,3X<=,Check sum is $
test,"$UBg`<,i{idE	43_lrF;",Check sum is .
test,";]""gK1]-uw,",Check sum is _
test,"LY]bT""'j	G]K.j=\$ZU8qA05M.",Check sum is Q
test,"i`,6oo=ZH* %,N	lXx:Ig,B8Het#t}TJ!$RzRLE",Check sum is M
test,.TvVV #y5O--=_.',Check sum is O
test,"=c~R/hE}FmReGa:r\v""5+p`u'~RK6oa5)5(WAs",Check sum is N
test,"{LBtC""/,)H&R",Check sum is F
test,Ol S&,Check sum is 4
test,"76M Skx{,h`j^[MMxM6+'{N",Check sum is 2
test,X^rONA\cf=}&H=mVj8$_/_YXDJP!]|S9BVYfDU7tg?,Check sum is <
test,3	?|1\,Check sum is $
test,.EN eM_{*F,Check sum is =
test,rgGelNZ?$oIhdpQ[,Check sum is <
test,g&j<5RI\.E}X%.XL?5hw%7\t%6i/a e},Check sum is S
test,"fi I^D
,~Ppka4tRFz<s qlTV}3;",Check sum is 5
test,"a+!lYbQf=GMiT
3U>/lE""D?MoDuG&ts `vW ",Check sum is D
test,6at2uHpQK?/kDps(GRes7e+Z|/zO`t<eXKa|b[W3Id{bU+{3dm,Check sum is Y
test,"$[2:'t..4r""\g|| w${rx""Xe G/MsA&u)>vOs9T","Check sum is """
test,"L6$ZU^7'""tn;roPg(3jnul^vpXht!)OXaqzrtI5zxy=	&[6zs",Check sum is J
test,\W>a7Z(:~`~_MZ|y|-?6~r,Check sum is J
test,12e{JYDD2sI_Y#:?#-p_f}s,Check sum is E
test,N b_3W2y==Cz5pyg&yva>2,Check sum is &
test,1lRaGiZf+Gr%'L6Ux77*xr{|!:TcKA`_lJxYyL_M(,Check sum is U
test,r$pj7,Check sum is G
test,S'nE:sX.^ESRpw:5qFQoYIusXG6Mj@B|LMvTjgI,Check sum is &
test,"A
hm",Check sum is @
test,"	{AAr(lOOfMWAApBrl""%Rdh",Check sum is K
test,ACWA5w!6M |<ww%gS0Q8ZAFao-x|HXcU,Check sum is T
test,_F,Check sum is E
test,"IP&nrs@sq)TH2f;:hOe6B1?rB38,R4M:|",Check sum is @
test,"&<0,.u-G[?QUgIR`M3A
,1&$U!2}Oh*hvf=sgg(+1%g4EC6,].",Check sum is J
test,tCH		rqY}q!P?1;8alyC&Dp*	SXD	-s1^HiRFrcoy,Check sum is 2
test,"tA;ryP_o~>'P,)j",Check sum is K
test,"z<Ws""?!'K@<g0vh:,LtKN-WHQHI.4zGZgazZM9FPzb5kT",Check sum is 7
test,"{p,)X_qDq/03Akw!>{y<",Check sum is A
test,/ytmMz]@g%6_G*zZ1 hgrC#[$,Check sum is *
test,RS%^$Gs+XgszZ~*dg0M@m'	/a,Check sum is 4
test,h'{-L4>g-g9KtEW}Vg[ci{&2hK`p9~2K^8,Check sum is %
test,"`D=9=,oLBvAD9[cJpw4G(F $\dv
'Cate,`x>+-TMETVW",Check sum is U
test,7$,Check sum is ;
test,IN&	J8JT]Bo`qp~6qPH34#-!,Check sum is *
test,"Qk
""\N`Z>b
6 .T?_fweJ",Check sum is X
test,"So)n3tw/""7LThuoTNaKew%}~2t)T)*)Bsy&%rz",Check sum is Y
test,%TQtG<^,Check sum is ?
test,3sjz!bjyXy?&y%39*o&a>z_'ZS,Check sum is [
test,"CTr#HE}]""qEQG7A8aW4'y<JN[/f{(2_*",Check sum is A
test,"@r4u3(p|1^LIiN[<J;
9
_M
M5y",Check sum is 7
test,n>KxFq+pf&4ztv)NlosuEY,Check sum is ]
test,.z%p9GJO4D_Mx_Yk-5Cl}%{)>.MGR-\KuDZMv`oU@7,Check sum is #
test,"lc-Ohsi1>_g
",Check sum is .
test,GbYsb-AUE:,Check sum is 9
test,_.BF|+28?Em;}V/qC,Check sum is (
test,"@lpK-n'vna^#$Hw{y
hvyN""y-L#xS5",Check sum is L
test,"_hf:yi""7A~D&UOk&X9",Check sum is 1
test,"o}2EOp)u&%isCK{0)ue,I+VO@>H	G5{[T>js=7",Check sum is L
test,"bYXHZ$6Q$I&?i4 is-|m?2*TBi%ha,xJ#x?",Check sum is Q
test,"h,A$""[Hfk,{q!jg,N!a@L",Check sum is A
test,~hI]j	5,Check sum is T
test,"N'%oGO6DqHZq,*3$q+j",Check sum is 0
test,"B~)B 9xHJ10K`:4qn4S?,x}A?P""pX_mwL!3Pnn gruD]s-f",Check sum is L
test,"nw3SUk`K:_e~IRRqGi5Mk,o'\i<P8-mgYGZg2E@2S#:jsw3ZJ",Check sum is ^
test,A*6`LCn=%_,Check sum is _
test,q9:t>e7ONFf(xiNqcvw,Check sum is 3
test,hAAtnTD}]d	~W=)@Ext%MqA,Check sum is [
test,l$}Ng%*yl	;go?TgwAHSHPk!Obu`.<[{+,Check sum is R
test,9P=|,"Check sum is """
test,"'7*|!MkMxu7o)-q	%O_yEk""0{lf a<@*zycjN9N>",Check sum is B
test,":P:,bF~y@^aDI\K}c`|?'IE;I5%}5|5^T",Check sum is E
test,	bW_+i x5*&J?':VOu5,Check sum is +
test,"eJ""7LYSn0",Check sum is >
test,Mq0Zt4#[*HUJMQ_C8?-q;I0c{Mz_48z0*o*=R-#,Check sum is $
test,"v./&{ U:7<)QW;iDlsem'H3p$$>d%tA/=X1[uRE""\gs>,%",Check sum is 9
test,r:{K0~S,Check sum is S
test,eVI_L)bJ;R.{'HL}2Y}dK+jJvG,Check sum is %
test,P:b@r`6j4tfP*'<qUpq,Check sum is P
test,"_`2xa:,6HT=NjDtGtMz3){\a'
'5+]\\",Check sum is 2
test,"+#nnlQAB!5-""|M''xZ	 B_;S=mLe)RWZ}9[n~9.}8)ug.AA6",Check sum is ;
test,"|U'W^cY1_0[qd{yZ{)\K~;LzFBur:dH*>,LW]7ka",Check sum is =
test,>|97b[g+.-QcPP=f~,Check sum is )
test,]NtLj8.x~Sq7~x+AP1'--n`O0.)H4,Check sum is P
test,"$?Xc*n_Lqc6F;Q+VZ6Y{R[0!"")	3?fa'5q:3bn	i)QtW2Y",Check sum is Y
test,9/R,Check sum is Z
test,J@YqTK!ocYV4=.par,Check sum is W
test,"gpQN/
%ZQ;""]	}\R",Check sum is M
test,51b^b7n]D	Hy7Mg]:M`.Wu; -LO>d,Check sum is &
test,"AFEX%- y7;Y6<[0Ce6v/4atDwvb,5",Check sum is 7
test,"
1:2NwL0oh17=nZFZ/k`7w0?@qj U)K,l4v4kl4{(],z#.Us",Check sum is G
test,"MbPKAfFCM;bQ&H89h:q$PEG#PNjD),'a	Ib	W8~i	{	i",Check sum is <
test,"_zQg/HX=@
.L	V)_%	g}2T:h","Check sum is """
test,"8,)TE ,vGRD:j!$*G",Check sum is ?
test,"XOO;3]&2""#L2A3
n-",Check sum is U
test,"Hu:97eI3!^cJr`fZX~C_13BYf
5ys>jJ<p~d!rZf@TC	*q/1W[",Check sum is N
test,@=Csg8I,Check sum is ;
test,S^=}c(}	Wa,Check sum is T
test,"""
Pfx8Og&c?[y:v#sWO5u|{myXZ#QanpeGA/)N{YLWr	sapb",Check sum is G
test,"!}FP9{u$>
PDxHD8a#4bl#0=""1p`q",Check sum is #
test,"x*^0{Vb^AJg,{MP1iO7+S!DiE`9avteQ 3IYRA5Z)1",Check sum is S
test,"[rg2 ?|4 H/YS L""MSr|)8u9k:9KSx,@mz}/<r&[N",Check sum is 3
test,"EaH{wu-@4""q]#IX-G~gSI+Jd<oL(USruc,&}Uu0",Check sum is 2
test,)_m4lB+Qy)!,Check sum is 6
test,";Pyigw\@ZjP,$-F6A?*q{(9O$0ot['YGFj	>R~pfs^A","Check sum is """
test,(-s^:gUh,Check sum is $
test,.YZb!W>OY9ei,Check sum is H
test,"F d'g,w2Rq""'IIbWpfc69J3?",Check sum is H
test,"%0,J)}U:_",Check sum is ?
test,*tu0h%uBh`x64R-yMs2%I4|(a<B9sD`v3%p#,Check sum is Q
test,".Z~~A4.5C=^
Er_Q~.2UI*WvgdM8_iGVy","Check sum is ,"
test,#`VKqty=EP	Y,Check sum is V
test,"s{7+
6W'q%a\zG*`",Check sum is L
test,"bVhwf'`8j
OF <",Check sum is A
test,"MnLACIUxzr7M6|3Ze*wb)#3xky;A1{<|]uk}\,7^rD+k<($?#",Check sum is  
test,"""550ctaYLm`_
Eq4<(C2)z@DoVuF",Check sum is Y
test,"c/R}
1mv=fu
]~DgTH{V/(3@a.p+D9G*",Check sum is V
test,cOvyTxk63AE_OP3G_\ZVJWM2G3M~;[/WS,Check sum is ^
test,"KB],H$2P%=ca0'pNOTTt;Dr*	i=hZn""_x$0`t/3BZ5!>KT$",Check sum is :
test,"q
P}MOnenWh)s""QFFkuB*&O$::D#gFnoC6pjSxR",Check sum is Y
test,"T5>K7""C{D",Check sum is M
test,"M
SeXW4wv",Check sum is ?
test,1\U8]om|`X`1?b9sREx	(AV}Feabj,Check sum is 1
test,">,kYR%*p",Check sum is _
test,mb<JM1Q-v,Check sum is '
test,"5Jn-8+Li%NIB,R-x?f<V)/
SMA",Check sum is -
test,QH2k:H,Check sum is X
test,"md'n!p	7Ta6$Y/=""(_U=H",Check sum is .
test,lx}PJZ@iB0[[cYF.Vyzf.lj},Check sum is &
test,IYwB]$KLR,Check sum is %
test,"M&&1>hrxDpAu]qP[FL""]/.6/4Y,$w3JXrk3#;b?


P|HMuz",Check sum is V
test,W[??PtXdw$g,Check sum is R
test,kzRFxxU8Bh%LI+HG%2-|+03,Check sum is F
test,LQ<t9>D^|bO-,Check sum is  
test,"y%:G=M,K",Check sum is @
test,SN'7.P.F=\c+X6hfo,Check sum is C
test,\r~08'hK]9l4VHY+64Y2*&v5Ze,Check sum is 5
test,",L~$i	jSL4{JO9H8^5{~_r/l<\V1=A1g	| i.+lRrg5'F",Check sum is C
test,"S%qa)*""<\	",Check sum is @
test,"&AV$Fi49&BA
ZO$t""=9m4Fy,\2tHa'{ L:j",Check sum is R
test,04}7k41&d9t{uM/c|ScI')_dK;X}&,Check sum is ]
test,*Yo,Check sum is R
test,"3dhmy
Qvt!poXOB_G:RzhX+%o",Check sum is ^
test,"+)
awzR|D[,=L]POE&Ak{b!?5aiC-xMq3S-;#>61g^#u17p~|",Check sum is L
test,"'~xNfD%kFn,*S5*\u85ke\%eoi%Fj+3qzZ",Check sum is E
test,"8;IJvu(4$_D[""I|NO5kv;!su9$hI@?lSxfTu~",Check sum is ^
test,"^hYYvN*'0_""L&yQV oD{H",Check sum is F
test,yn}fK|W<,Check sum is D
test,s59)|k'gW,Check sum is 6
test,"0(V	W;T
Xg.Uv0sC4<DPCFFlvKI>Fu%Q$[6H$*xaFk`",Check sum is R
test,sRUSDHwM	l:`r@'6,Check sum is ;
test,uIdQ\wW{u,Check sum is -
test,"pI)T<JY
4^40#,",Check sum is D
test,"^0-b0JoT
bLWe7oASyF^?u",Check sum is 9
test,s4Vy`qh[,Check sum is *
test,"X/%v7O.
n%Y2zJ5@2D9
",Check sum is P
test,"OsH\m,:2|",Check sum is G
test,D\'j6r,Check sum is 9
test,")&'F+3&?yf!IG9*;!mG3mI"":8T",Check sum is 3
test,"z,L/m;m6/9ir9^m=og5@j<8Jf8GL*",Check sum is ^
test,"9c#4lT4fbY6tR4 UDI)""u1",Check sum is K
test,"'#Yu<C
o_*V%#xfzuL7*2g+N",Check sum is #
test,e?9|gr)?Q|<0ew><odvj=4|,Check sum is )
test,"`^4+B+`^`KT-u\Un]G?tcm%}~,#$jaEWvZ9ue[!77{o*m@	@R",Check sum is 2
test,"UPFQP[a9\(r1i(qsU`{f*9-zi=N
Ha",Check sum is D
test,"W8,kwRYJ
q erivbN@l DdiMD\57 E~9`",Check sum is %
test,"(X;VY~
xtL:3	 MA|Q~>O.Hph/Um3u9_&~#b28KlXd~
;8)o4",Check sum is R
test,")L
F[7FP600)2<n4<)Zg,n]9extU",Check sum is X
test,"J\?A4
fz",Check sum is $
test,"Co5Z18eyjXEY BE`1^T=h?qh4*V7]-k'tjU""6Oa2b
hcl2V",Check sum is N
test,"NfuA[n%O?
rdC?56G-,%>Z2mZZoNutOxT@07*AVQ",Check sum is =
test,gfSqC,Check sum is 4
test,"-E]SH1,i f.9%2/V.0-0Uu^[eaz^NBcvvG]OH A_(a/CMcRP",Check sum is \
test,|v_3E,Check sum is )
test,jpOZ9$S X\H|B>|Y)t\rc,Check sum is N
test,a+T{,Check sum is ;
test,"g+"",r/ch:{%.K]s]2^^""D",Check sum is @
test,"?7mn^87u@zc5hjVqI/?vt>O%R
tG0^R8.""1iuB07}	>>",Check sum is *
test,W*eM~,Check sum is Q
test,"fT$' Fc*gM`cWl7
8Vma	FDJr}",Check sum is ;
test,F}1xm:Q3$)-4DRjD4$&,Check sum is '
test,x'd[KF$HZKkz:8[#GZfXYB8SOvjBy)8%!RFxCm2TIc? u]-&F,Check sum is G
test,"\
<q!%-1G40+.t5V	fKVy-ys3w(dc&vkL?C<CL$",Check sum is Y
test,x0Y?w\2qP;|[B;\|At'uKQ$	+OvxNw5oM%jfKH,Check sum is M
test,"k%~kK/36I&	M""h1NGL=qt>.QZr3@w+YN^Nbg
i=`|{3Ov",Check sum is 8
test,-k,Check sum is 8
test,"|0iV.f
$|z!pG7B\b",Check sum is R
test,lUYsGZecS|<!vk?if,Check sum is 1
test," 
""iGY3z'kUg.cO\Lgq*\E-P!2#a(h+>[u[0>-WZ
vVG6",Check sum is 2
test,?BJ<~<GuofQ,Check sum is C
test," cc ds""!?<j]lD2>4Y3c!	$iI5M7hEf:E",Check sum is P
test,"GN
:7_IUitX;y!VS-0""X/%G*{kHj|/Y@ZfAyOdg/Fkx[%",Check sum is D
test,"fLS=b|}.hx,[ugvOfe{!7TG","Check sum is ,"
test,+h!H^4sxnoknl2zOS	4ZRk'dT}v,Check sum is /
test,"<~=v^@2oKR/$[Z]x[[-wNl+A,d*H>@M2+-(*$",Check sum is S
test,"xK=C6ty};:!8g(,9[2",Check sum is R
test,)Uysmb0aD>gY,"Check sum is ,"
test,Ho:	[+;s/VU@,Check sum is (
test,"K?WB t`e, Ymh=MiINk<Nh2kQOq%N&z4% ^T#@Ji_9",Check sum is W
test,"hX#C`5dIs|kaGM,P^MbzLyA#4+q*[",Check sum is X
test,]3;,Check sum is +
test,?5z%.(s7Q	d_>,Check sum is N
test,UpWCpxY)05a||z;%XHprR:gAHtvt1~We,Check sum is H
test,4<#=m%>+2v3!a[yH	-l%b3_ ,Check sum is ?
test,~PY#;J/TN{_=GBt)k~,Check sum is &
test,o	LU=qd1<6FVB05UQo4T8iS&%]|+dP znrFOn(ze@12GQ_XS3,Check sum is A
test,rBaIXP,Check sum is &
test,7*G6@^QU8}uz&q&CWg_vn@MwndH*[DEn`sY$7?3HLwf,Check sum is +
test,"Jk}mq(XWfo
RI,4UI!iY""E@n.L~tI#LX}J-	JaB5rGww",Check sum is 9
test,Ry9|{,Check sum is [
test,"X3[+Wb!`a""1=aLQGKSC!z`v}-.=rBw=29]r)m /OpVs:NP",Check sum is /
test," j1+@1(V-$X	>?c1fW 3tRf,Q/XpqeW't",Check sum is 0
test,>Tl0#GZtZ1?s#vhr&r|lmX5doXi	~l:={c|j,Check sum is 2
test,"l6RFP&SE#?o;Z/bZ00A5m#4'.W_dV%gsf]|h;K2L)e""^",Check sum is P
test,;-F],Check sum is +
test,"q=?\9E/9B,",Check sum is =
test,"},){_.05q{k3aU	*ehT	Z|*P<7^se6pd\",Check sum is [
test,ikUy}>YB`iS$15I''Fa4s$UsC{HEg*9,Check sum is $
test,"`Cx\~dSE""W9E\)ewe?6:#VOOh*F(cPL/{pR69",Check sum is .
test,"1kc/w[/)q8&.}]uZy@'`)~5t5[.tb}X(sQP[L9Bsbp
c5\0!E:",Check sum is H
test,"zGUQ[[(
^S<Iw}vG|`",Check sum is 2
test,"5OUP;,0 g\]",Check sum is  
test,U1PIP,Check sum is O
test,"H""<eH",Check sum is 3
test,b8)*DXyF,Check sum is (
test,)MID|e	wA,Check sum is E
test,"FiN8Zs,bzyzWadu_P>i4&bqTd
t@,<nog{Z2-",Check sum is G
test,A?V)tbmghfSMliqg's?	,Check sum is F
test,"M1X
P",Check sum is P
test,"|o^ fh,CZwt-we|NR",Check sum is 0
test,?/g8 W!>J^`y4Xn?h>Sl#J5G|>uZ&:)T{!V-Vafy,Check sum is &
test,"C(#pL.ge1`)!""*z^X_bzsIf_g:!=kVon2h	~
$%",Check sum is H
test,7L]9ED#q<,Check sum is R
test,":a1[I;'pqm""1FM\,N|TR<",Check sum is Z
test,D$u`@,Check sum is ]
test,rj>~(yFMcw2FM5tFW^bZ#(~trH:e}nRKS,Check sum is \
test,0?GXx{o!'wiZ!gb_VXz%1d&0K+4mOE]/dL9,Check sum is 3
test,dJ3Q.4&F75 #m=9G,Check sum is 9
test,"&B*[):N!quCM6,$S*
/:zKK$iB7GMBCf<N+Im.J`5YAL",Check sum is >
test,^_z5 ~:m	'1c*,Check sum is ?
test,rIeiP|?	q-PSQ\JFz-4s|FK._,Check sum is #
test,!V,Check sum is W
test,"I_cbQ}Z|57Db>9kVOt!zWO""c*MQ!7",Check sum is $
test,"wmEUK(,Z`(<ohC0ih",Check sum is 6
test,"/gP]s{}W}R->sxp?P""FyQV>syY'G*ud>}4nJ<Rat",Check sum is O
test,"G:?w`j
$GrnaOrN=~R#i'B(>t5Gg@2$=[@Rh1,6tev(zj",Check sum is ;
test,"jki/I.$EhaFxQ/_V<'&Q,Vn3Sf/O:2 5!UxT",Check sum is  
test,M4uCERFFf`TNiL{R\*:hA?k6|!SI3o]-oBjx,Check sum is '
test,OQ6]#6a2$	@yg08;M89Kh]#U{yu<|&N]LtjL\,Check sum is 9
test,^L(06c:<enbF8\LghHv&R-:&b{U?,Check sum is O
test,"h,{gv60'L~{NQ4|<)WC3.DcDg[AgX~nu{<",Check sum is R
test,3.#R$hpgzEeAU\	;@,Check sum is 3
test,"!4mj]m\`,P[>:TRGd!vxE+R?T_,Bwkf~BVFwHI;2KK'X7|.>b",Check sum is R
test,x.o=l:DNqtnNRd,Check sum is A
test,u25=O6gl(h.wvEzen(,Check sum is 6
test,"z*uRywDT]Q?v""yl:u-Tpa""l
J~J3j""$P8j`0Toh,czOiW",Check sum is P
test,)l	<SD-y,Check sum is 7
test,"Z+++ 5:6.p?BFX#
0/KR,n",Check sum is @
test,4)8eX'RWevl:F1h2Hca?O2P17<?jIjI?}092y2Jg:Jgd3(3jLk,Check sum is *
test,"S2fnbNmWTw
N_.V",Check sum is 3
test,sU)5QW@?],Check sum is J
test,E9+J4R-'Zx,Check sum is ?
test,"%&6YsO1&D=C5-<<N|,EeUIY""G#G%vg'V0kaS",Check sum is )
test,Jh[uJu+f)?Av^j@'uxN+.*#,Check sum is !
test,"C_z=yE&W/\D	+S|)hS%.Yr8t{Q""$gFtf",Check sum is M
test,"hO!)9BMBe""VZ^x",Check sum is 8
test,"< *0lBPBp>s&6ajb[(V|ftKy
y'!<qI/W~U.y$<@dRIhBF",Check sum is C
test,rML:6m Yx5k+LGn:omj\AsEKsgy7`n;ZhLw1,Check sum is .
test,"!fVBw	,>}P?CPWK+IM6Zs{K VM}.{1#%rqr
;Lr",Check sum is .
test,"nj2rr	13!N
9{FLIV7B[-bQU!(@m!",Check sum is 9
test,K=yh2~hw,Check sum is X
test,c`S=wHJx\AS6eZZF+31,Check sum is H
test,!;s`rIH}-%	^6~AlsqGFOk,Check sum is T
test,:fw/>T5u,"Check sum is """
test,QdM2/5h]$h]s}uY.\rSn>X<c?wrNk>uY,Check sum is C
test,"	|tJ_w>V@6eC:&_dFfi6L@E	D%""HGe@Jp.73.rsD/
nJ	",Check sum is U
