set,input1,output1
train,,Check sum is  
train,	,Check sum is )
train,"
",Check sum is *
train,"B
","Check sum is ,"
train,"

",Check sum is 4
train,"

















































",Check sum is T
train,                                                  ,Check sum is  
train,ssssssssssssssssssssssssssssssssssssssssssssssssss,Check sum is V
train,"CD
CD
CD
CD
CD
CD
CD
CD
CD
CD
CD
CD
CD
CD
CD
CD
CD",Check sum is 7
train,"x
y x
y x
y x
y x
y x
y x
y x
y x
y x
y x
y x
y x
",Check sum is &
train," 
 
 
 
 
 
 
 
 
 
 
 
 
 
 
 
 
 
 
 
 
 
 
 
 
",Check sum is :
train, ,Check sum is @
train,!,Check sum is A
train,"""",Check sum is B
train,#,Check sum is C
train,$,Check sum is D
train,%,Check sum is E
train,&,Check sum is F
train,',Check sum is G
train,(,Check sum is H
train,),Check sum is I
train,*,Check sum is J
train,+,Check sum is K
train,",",Check sum is L
train,-,Check sum is M
train,.,Check sum is N
train,/,Check sum is O
train,0,Check sum is P
train,1,Check sum is Q
train,2,Check sum is R
train,3,Check sum is S
train,4,Check sum is T
train,5,Check sum is U
train,6,Check sum is V
train,7,Check sum is W
train,8,Check sum is X
train,9,Check sum is Y
train,:,Check sum is Z
train,;,Check sum is [
train,<,Check sum is \
train,=,Check sum is ]
train,>,Check sum is ^
train,?,Check sum is _
train,@,Check sum is  
train,A,Check sum is !
train,B,"Check sum is """
train,C,Check sum is #
train,D,Check sum is $
train,E,Check sum is %
train,F,Check sum is &
train,G,Check sum is '
train,H,Check sum is (
train,I,Check sum is )
train,J,Check sum is *
train,K,Check sum is +
train,L,"Check sum is ,"
train,M,Check sum is -
train,N,Check sum is .
train,O,Check sum is /
train,P,Check sum is 0
train,Q,Check sum is 1
train,R,Check sum is 2
train,S,Check sum is 3
train,T,Check sum is 4
train,U,Check sum is 5
train,V,Check sum is 6
train,W,Check sum is 7
train,X,Check sum is 8
train,Y,Check sum is 9
train,Z,Check sum is :
train,[,Check sum is ;
train,\,Check sum is <
train,],Check sum is =
train,^,Check sum is >
train,_,Check sum is ?
train,`,Check sum is @
train,a,Check sum is A
train,b,Check sum is B
train,c,Check sum is C
train,d,Check sum is D
train,e,Check sum is E
train,f,Check sum is F
train,g,Check sum is G
train,h,Check sum is H
train,i,Check sum is I
train,j,Check sum is J
train,k,Check sum is K
train,l,Check sum is L
train,m,Check sum is M
train,n,Check sum is N
train,o,Check sum is O
train,p,Check sum is P
train,q,Check sum is Q
train,r,Check sum is R
train,s,Check sum is S
train,t,Check sum is T
train,u,Check sum is U
train,v,Check sum is V
train,w,Check sum is W
train,x,Check sum is X
train,y,Check sum is Y
train,z,Check sum is Z
train,{,Check sum is [
train,|,Check sum is \
train,},Check sum is ]
train,~,Check sum is ^
train,_|,Check sum is ;
train,hV,Check sum is ^
train,?%,Check sum is D
train,{s,Check sum is N
train,"?,",Check sum is K
train,V!,Check sum is W
train,X0,Check sum is (
train,5[,Check sum is 0
train,37,Check sum is J
train,Ns,Check sum is !
train,eE,Check sum is J
train,&l,Check sum is 2
train,G	,Check sum is 0
train,zE,Check sum is _
train,#A,Check sum is D
train,0I,Check sum is Y
train,:X,Check sum is 2
train,Ob,Check sum is Q
train,"
V",Check sum is @
train,S4,Check sum is '
train,B&,Check sum is H
train,hS,Check sum is [
train,!!,"Check sum is """
train,Vx,Check sum is .
train,9:,Check sum is S
train, b,"Check sum is """
train,4T,Check sum is (
train,4$,Check sum is 8
train,lY,Check sum is %
train,aA,Check sum is B
train,4g,Check sum is ;
train,aA,Check sum is B
train,*],Check sum is '
train,uu,Check sum is J
train,CB,Check sum is %
train,O^,Check sum is M
train,<B,Check sum is ^
train,"""Q",Check sum is S
train,~E,Check sum is #
train,2y,Check sum is K
train,md,Check sum is 1
train,X<,Check sum is 4
train,v),Check sum is ?
train,T ,Check sum is T
train,0\,"Check sum is ,"
train,;F,Check sum is !
train,TE,Check sum is 9
train,y[,Check sum is 4
train, *,Check sum is *
train, &,Check sum is &
train,*[,Check sum is %
train,f&,"Check sum is ,"
train,lC,Check sum is O
train,i$,Check sum is -
train,Lm,Check sum is Y
train,DY',Check sum is $
train,N|V,Check sum is @
train,(xm,Check sum is -
train,B!1,Check sum is 4
train,mHG,Check sum is \
train,D3i,Check sum is @
train, ys,"Check sum is ,"
train,@w|,Check sum is S
train,6ja,Check sum is !
train,'ja,Check sum is R
train,/}W,Check sum is #
train,=6h,Check sum is ;
train,58^,Check sum is +
train,^5;,Check sum is .
train,{y;,Check sum is O
train,0!],Check sum is N
train,jbV,Check sum is B
train,RJJ,Check sum is F
train,)Bk,Check sum is 6
train,bq<,Check sum is /
train,7vq,Check sum is >
train,Mn.,Check sum is I
train,d5E,Check sum is >
train,s&z,Check sum is 3
train,`.4,"Check sum is """
train,"ZC
",Check sum is G
train,]	6,Check sum is <
train,xu	,Check sum is V
train,xS1,Check sum is \
train,pl	,Check sum is E
train,g:+,"Check sum is ,"
train,s~$,Check sum is 5
train,_OB,Check sum is P
train,xc4,Check sum is /
train,A(Y,"Check sum is """
train,be1,Check sum is X
train,$L*,Check sum is :
train,.OX,Check sum is 5
train,ja0,Check sum is [
train, Hu,Check sum is =
train,\*6,Check sum is \
train,LlG,Check sum is _
train,qGZ,Check sum is 2
train,"I,d",Check sum is 9
train,vM_,Check sum is B
train,ZfB,"Check sum is """
train,Ou~,"Check sum is """
train,pIN,Check sum is '
train,QB%,Check sum is X
train,Tt^,Check sum is F
train,-NpVES,Check sum is 9
train,"WpZeWDFKc $s+WL(8@"")j7<7m9>fl~dt",Check sum is E
train,hf_sd?6jI KIeF)u}$A	{\zFd8@[e`y^F#s)D(|B3PL0ZW,Check sum is =
train,"Qv2M;g0A>VkcwnBW;S*soFWO\,",Check sum is '
train,"{4;3YQwB#$M+E)Q5""3:=T=KWTzUoJb",Check sum is P
train,"drf%fxbRPY+,70ODssd#'?\",Check sum is <
train,Z%@cbc7F0#8T86bbkGIId,Check sum is =
train,"9OYA
4E7<##ZM)x2b[	=,L[}S>!",Check sum is =
train,"Cv:#f['lq-x`OB/}Cg{
y6|Tf@ KjJJm> 3Q !",Check sum is J
train,3.X:@xHfzKo.mKqS@fg8v'GE][%28j=LPE<,Check sum is P
train,=h^)w0xA:P)aI4^G|~4-ISepD`,Check sum is R
train,XgTrkln)qvysQ >4',Check sum is 0
train,3xOp:Ag,"Check sum is ,"
train,"oFYA%GNCvd7|3IO-7!b^+Vz25nCeLr,",Check sum is +
train,U?!3I9o=o=hr&,"Check sum is """
train,KOU,Check sum is O
train,"|C0~V""",Check sum is E
train,"p%G""gC.pU:{u&!YE,~,Hu",Check sum is ]
train,5<2bRmFD[+fnOi5\]6YBdws1oav3Dr\#O.jtsp,Check sum is *
train,"/7T47Lc_>,Y@*x/QTJ\9v cD`pHsc&V<y/",Check sum is 6
train,A*Ld8+4NQ,Check sum is 1
train,6eh='W<(NqD@vE-SP;DV]?C]O5]DTe	8Y0oh:1`KWrk}Sx	:eB,Check sum is \
train,:1l=dBN}B+!F1	o^BM|h-qxnX,Check sum is O
train,#	mx7MH)~.{^}A^Cx~z,Check sum is :
train,;PP]bD|Gu(v$e{.pj*#v)be2ew@jdl}xAxO;IpcJ<8AM:.,Check sum is #
train,Bu86h./}vk=?v`2d:/l^L6S~Tl]RO,Check sum is T
train,kJX+[]OS f=o|tH6,Check sum is R
train,"S09B4)Uw/G.],B:~@8.{I6#xA=\3",Check sum is 6
train,GaE<&'!Fv}Aw[MI6i^O#@<K,Check sum is O
train,[e>M-r\YHrpF#^$5e,Check sum is .
train,{r/jp7Z0(7tnB^vDGA:N<$@hJIOJ2Qp.e`c]dv'o{bM?Vmi{0,Check sum is L
train,"|5.uM&aF,SJg9K",Check sum is B
train,KZsq{ED(7wMxl,Check sum is 4
train,"uCtl'C<P`f'0n""7B'R@%""st)8dTmq-Y %*U6eg6L
E",Check sum is O
train,"Q>walZb23;-gWnGG'vD ""@As:+L",Check sum is >
train,"=F(z$d4UG.W-&ZIe#GJnd6I
2$Q7h>@L@f}`!tm_	M""
Xst",Check sum is A
train,Ru9%)^AaIa(,Check sum is @
train,"SaVJ!9q<SEH)d,w)]. q&M_9Y]GMO8uR c]Bc)",Check sum is !
train,N_VB+Pq+2,Check sum is .
train,"}u<X+o~?Wqo~>v0!$YNSUP6JX}H51hD""LM`>#iB:X2",Check sum is T
train,lBAgXb%FcXGXWr)-!hfSec0Ar)9Ay@*]O!;;>sK`g\\,Check sum is E
train,nz$V)qoQDy_6)}U:,Check sum is #
train,#)u-qPKYel7O00NNr`F*aWQ5S$t!fPH>3%,Check sum is &
train,;W0,"Check sum is """
train,P8c%z3bWJHlA<bU.sF6~,Check sum is #
train,O1(>D(/J%,Check sum is P
train,"5H_uJw99s@zb""k]Pw:H",Check sum is &
train,YLX]dY[Q^$1hfy,Check sum is ]
train,"V}RM6M(-6vGAn M$cie~$u{pDv?|;
&_g'",Check sum is ]
train,j7s?BnA_f:yXKzGhHD  cL\3,Check sum is 2
train,|@Q1<,Check sum is Z
train,"bE=_ hvZ0),-/c:y[cG,q%];J",Check sum is [
train,"/M{0%BTJdP
0[u&
aA}
*Y&8g{fH8Z@K-~b}wGsoF@o/o(\}",Check sum is /
train,"aiWn9M`y1+qX0dBv5{U|6M	hbMmd:b+@""?@$",Check sum is @
train,"i3N=yi3p>+.*7o&U""+1D>&Ua",Check sum is J
train,ZoEb^/UnG7ed3T5tM~F,Check sum is (
train,"Ln%nbP8>cSOX&K 
mxt 17V	\JQE>=SW`||3",Check sum is 9
train,"(#J|J)ke9FO+
H6b<kH9~,/]BJ:bQTd",Check sum is &
train,v5jT7*,Check sum is *
train,r #!J&4jO,Check sum is S
train,"7.[-O3_qj[RJBDbE|""|W
C=-mC]nU~$.`-'g""n\vS`ZzE",Check sum is >
train,o5 P5$:{A-E7HWt-I3OhwM2`ztIcjYp{(*U&smsm$D<T7T7s,Check sum is 7
train,=X03{&G>yyMAJ6/n]8[%qq*j`|.K2j4,Check sum is K
train,"T~t-gc
ysaSn57.[+d7ye#",Check sum is 1
train,;c3y6l{B4WS+g7[CAnj_yJ|vm:aD(XL^3po?jzN0F>w\,Check sum is ;
train,"&&hq7VbdE%A6e(C<|p;~o,&_jRknb
Y",Check sum is $
train,"><=~0'faX?>xl
6A.<3+*`dZC(-\3w(Aj=#~qP3myMq~ Tf",Check sum is <
train,"NTlJ/4o]z>\""4#	mp?T>%31ku",Check sum is T
train,(M/Z*+lQ]O	Z42tIYh1AT\O,Check sum is T
train,"1s39U%YROaXMq:]ce9hrGU1ZXPkV!+^6l>,RvG;&3\sGx",Check sum is D
train,";z)W-dl-YzU""""9/Nrzt>CfJ BX","Check sum is ,"
train,"\JgCp@yT]T|8w7tJb""s$5#F>\{V.)2>4%G""Ie'8 4kh",Check sum is _
train,"8>P@*<VX""X44oR])Fgo{",Check sum is :
train,"(xvOQ:Fj#
M6/x'y,[{",Check sum is 9
train,"V5WJj]K""]pJ$*3'""l`Fs5j}+4)e~,l2RQ/PBE vmwzCxLEZ~_e",Check sum is <
train,")36D~\v)WlM2,c_",Check sum is _
train,"SJ 2Gn+t2Z3\	|e7*\OCZ5WE6_v&	 ""?c9nM@Z!?	^ZbM0PMc",Check sum is N
train,"o:hv""/,I{[,\>bJA5M9SFFDDj.Hz;u9*.,py7geFZXxbc?",Check sum is ?
train,kgi5v!tuM56,Check sum is H
train,CB	v$>~PhYtAK049YeEbMY'	/J@SYup,Check sum is 7
train,"]oU!y`F
Ok#*egF6PF7cM[J(nm~UX mD%",Check sum is  
train,"r]MK[J$(OAp\:?DFj#ek:K,y}{4D42D;Sk.",Check sum is _
train,"w]]D2Z1_>gl#+w
J}ek""V~I@T)Y!Yh:#K[","Check sum is """
train,"P3HC=I)qJj++e5F%(,cR&_b ;hDX}]m7>6+Dfe	<q7N^MF1",Check sum is 5
train,Uy[tG0GK|o$|	CE	%(,Check sum is 8
train,"8kQJv=)W{.""$~<&@@	^(&X",Check sum is -
train,7Q]OFv,Check sum is P
train,L;y*?n\C,Check sum is V
train,=]y},Check sum is 0
test,`R,Check sum is R
test,zf,Check sum is @
test,Y7,Check sum is 0
test,HE,Check sum is -
test,ax,Check sum is 9
test,#/,Check sum is 2
test,PV,Check sum is F
test,\D,Check sum is @
test,(#,Check sum is +
test,\',Check sum is #
test,g	,Check sum is P
test,a[,Check sum is \
test,[B,Check sum is =
test,"B,",Check sum is N
test,lC,Check sum is O
test,x',Check sum is ?
test,oU,Check sum is $
test,&!,Check sum is '
test,W&,Check sum is ]
test,1o,Check sum is @
test,?7,Check sum is V
test,B\,Check sum is >
test,>G,Check sum is %
test,z},Check sum is W
test,rR,Check sum is $
test,u3,Check sum is H
test,hx,Check sum is @
test,oz,Check sum is I
test,ny,Check sum is G
test,Wd,Check sum is [
test,tU,Check sum is )
test,)},Check sum is F
test,"9
",Check sum is #
test,2l,Check sum is >
test,Z?,Check sum is 9
test,d+,Check sum is /
test,	F,Check sum is /
test,ud,Check sum is 9
test,Ed,Check sum is I
test,_g,Check sum is &
test,Q0,Check sum is !
test,e~,Check sum is C
test,H~,Check sum is &
test,Fv,Check sum is \
test,8p,Check sum is H
test,"
/",Check sum is Y
test,y8,Check sum is Q
test,i~,Check sum is G
test,-T,Check sum is !
test,"<""",Check sum is >
test,=B,Check sum is _
test,aC,Check sum is D
test,m5,Check sum is B
test,I4,Check sum is ]
test,H3,Check sum is [
test,'i,Check sum is 0
test,zA,Check sum is [
test,m>,Check sum is K
test,i#,"Check sum is ,"
test,7!,Check sum is 8
test,0?,Check sum is O
test,"!,",Check sum is -
test,*T,Check sum is ^
test,%+,Check sum is 0
test,+q,Check sum is <
test,~i,Check sum is G
test,(~,Check sum is F
test,h&,Check sum is .
test,"
#",Check sum is M
test,Gr,Check sum is Y
test,qk,Check sum is <
test,mn,Check sum is ;
test,lS,Check sum is _
test,W^,Check sum is U
test,9J,Check sum is #
test,^~,Check sum is <
test,m;,Check sum is H
test,OA,Check sum is 0
test,Db,Check sum is F
test,?$,Check sum is C
test,:b,Check sum is <
test,}7,Check sum is T
test,_j,Check sum is )
test,OE,Check sum is 4
test,Ck,Check sum is N
test,x3,Check sum is K
test,p\,"Check sum is ,"
test,pf,Check sum is 6
test,j/,Check sum is 9
test,j@,Check sum is J
test,oz,Check sum is I
test,*Z,Check sum is $
test,}\,Check sum is 9
test,aN,Check sum is O
test,B ,Check sum is B
test,%~,Check sum is C
test,80,Check sum is H
test,}.,Check sum is K
test,P7,Check sum is '
test,2S,Check sum is %
test,SD,Check sum is 7
test,.m,Check sum is ;
test,6[,Check sum is 1
test,qv,Check sum is G
test,c},Check sum is @
test,R+,Check sum is ]
test,m[,Check sum is (
test,mq,Check sum is >
test,(z,Check sum is B
test,V],Check sum is S
test,0|,Check sum is L
test,`T,Check sum is T
test,m2,Check sum is ?
test,Ci,Check sum is L
test,ef,Check sum is +
test,'3,Check sum is :
test,q\,Check sum is -
test,"i""",Check sum is +
test,*d,Check sum is .
test,dc,Check sum is '
test,S2,Check sum is %
test,Gv,Check sum is ]
test,W~,Check sum is 5
test,l?,Check sum is K
test,"P""",Check sum is R
test,Q(,Check sum is Y
test,rY,Check sum is +
test,X8,Check sum is 0
test,<p,Check sum is L
test,%+,Check sum is 0
test,FS,Check sum is 9
test,+`,Check sum is +
test,PA,Check sum is 1
test,p/,Check sum is ?
test,pO,Check sum is _
test,u~,Check sum is S
test,l`,"Check sum is ,"
test,aK,Check sum is L
test,hK,Check sum is S
test,"""n",Check sum is 0
test,I2,Check sum is [
test,l},Check sum is I
test,c{,Check sum is >
test,Ne,Check sum is S
test,"d
",Check sum is N
test,L2,Check sum is ^
test,S=,Check sum is 0
test,8+,Check sum is C
test, 7,Check sum is 7
test,`%,Check sum is %
test,uv,Check sum is K
test,'Y,Check sum is  
test,uN,Check sum is #
test,%V,Check sum is [
test,Sb,Check sum is U
test,76,Check sum is M
test,"
w",Check sum is !
test,t.,Check sum is B
test,.],Check sum is +
test,",C",Check sum is O
test,I.,Check sum is W
test,0+,Check sum is ;
test,eh,Check sum is -
test,Zy,Check sum is 3
test,6U,Check sum is +
test,9	,"Check sum is """
test,i?,Check sum is H
test,"""<",Check sum is >
test,~f,Check sum is D
test,!',Check sum is (
test,qf,Check sum is 7
test,GD,Check sum is +
test,"9,",Check sum is E
test,1^,Check sum is /
test,mN,Check sum is [
test,e/,Check sum is 4
test,8.,Check sum is F
test,)S,Check sum is \
test,pb,Check sum is 2
test,zi,Check sum is C
test,3Z,Check sum is -
test,!P,Check sum is Q
test,"""t",Check sum is 6
test,@4,Check sum is T
test,_B,Check sum is A
test,Y^,Check sum is W
test,xm,Check sum is E
test,3x,Check sum is K
test,[+,Check sum is &
test,j.,Check sum is 8
test,JI,Check sum is 3
test,Ue,Check sum is Z
test,A\,Check sum is =
test,}\,Check sum is 9
test,]v,Check sum is 3
test,2A,Check sum is S
test,;8,Check sum is S
test,ZK,Check sum is E
test,!&,Check sum is '
test,_m,"Check sum is ,"
test,L/,Check sum is [
test,*j,Check sum is 4
test,v&,Check sum is <
test,(#,Check sum is +
test,qK,Check sum is \
test,"[,",Check sum is '
test,0',Check sum is 7
test,IZ,Check sum is C
test,)q,Check sum is :
test,fd,Check sum is *
test,#(,Check sum is +
test,oI,Check sum is X
test,6*,Check sum is @
test,2S,Check sum is %
test,n~,Check sum is L
test,c2,Check sum is 5
test,ZS,Check sum is M
test,d:,Check sum is >
test,?A,Check sum is  
test,x[,Check sum is 3
test,jQ,Check sum is [
test,";
",Check sum is %
test,&',Check sum is -
test,/v,Check sum is E
test,wy,Check sum is P
test,eX,Check sum is ]
test,M&,Check sum is S
test,(`,Check sum is (
test,Qf,Check sum is W
test,]),Check sum is &
test,L3,Check sum is _
test,",<",Check sum is H
test,vh,Check sum is >
test,f:,Check sum is @
test,[l,Check sum is '
test,W=,Check sum is 4
test,"w""",Check sum is 9
test,II,Check sum is 2
test,",9",Check sum is E
test,b:,Check sum is <
test,g*,Check sum is 1
test,"
n",Check sum is X
test,bS,Check sum is U
test,il,Check sum is 5
test,"
<",Check sum is &
test,	1,Check sum is Z
test,-\,Check sum is )
test,G],Check sum is D
test,+0,Check sum is ;
test,I|,Check sum is %
test,#l,Check sum is /
test,]Y,Check sum is V
test,6V,"Check sum is ,"
test,1D,Check sum is U
test,sf,Check sum is 9
test,)T,Check sum is ]
test,",=",Check sum is I
test,'f,Check sum is -
test,(M,Check sum is U
test,bY,Check sum is [
test,vP,Check sum is &
test,"?""",Check sum is A
test,0R,"Check sum is """
test,h[,Check sum is #
test,"
@",Check sum is *
test,!X,Check sum is Y
test,FT,Check sum is :
test,$8,Check sum is <
test,#*,Check sum is -
test,16,Check sum is G
test,^#,Check sum is !
test,Qb,Check sum is S
test,>j,Check sum is H
test,=`,Check sum is =
test,c~,Check sum is A
test,L\,Check sum is H
test,?	,Check sum is (
test,--,Check sum is :
test,Vv,"Check sum is ,"
test,",N",Check sum is Z
test,zG,Check sum is !
test,	z,Check sum is #
test,7_,Check sum is 6
test,>e,Check sum is C
test,@I,Check sum is )
test,{X,Check sum is 3
test,Y@,Check sum is 9
test,-@,Check sum is M
test,mq,Check sum is >
test,q^,Check sum is /
test,zH,"Check sum is """
test,K],Check sum is H
test,3#,Check sum is 6
test,*I,Check sum is S
test,&:,Check sum is @
test,dI,Check sum is M
test,"$,",Check sum is 0
test,K\,Check sum is G
test,iQ,Check sum is Z
test,~6,Check sum is T
test,"""z",Check sum is <
test,1\,Check sum is -
test,.k,Check sum is 9
test,%	,Check sum is N
test,0V,Check sum is &
test,Y},Check sum is 6
test,SW,Check sum is J
test,'j,Check sum is 1
test,%w,Check sum is <
test,VX,Check sum is N
test,w0,Check sum is G
test,sI,Check sum is \
test,U@,Check sum is 5
test,"H,",Check sum is T
test,(H,Check sum is P
test,0J,Check sum is Z
test,mL,Check sum is Y
test,)8,Check sum is A
test,$J,Check sum is N
test,_s,Check sum is 2
test,Iw,Check sum is  
test,10,Check sum is A
test,nA,Check sum is O
test,*y,Check sum is C
test,od,Check sum is 3
test,):,Check sum is C
test,T3,Check sum is '
test,LG,Check sum is 3
test,o[,Check sum is *
test,=1,Check sum is N
test,N ,Check sum is N
test,;a,Check sum is <
test,t7,Check sum is K
test, u,Check sum is 5
test,P),Check sum is Y
test,sg,Check sum is :
test,qE,Check sum is V
test,O{,Check sum is *
test,N*,Check sum is X
test,HX,Check sum is @
test,TX,Check sum is L
test,]),Check sum is &
test,ce,Check sum is (
test,`<,Check sum is <
test,wT,Check sum is +
test, j,Check sum is *
test,q0,Check sum is A
test,:#,Check sum is =
test,}J,Check sum is '
test,U+,Check sum is  
test,e%,Check sum is *
test,Fs,Check sum is Y
test,Z*,Check sum is $
test,<j,Check sum is F
test,HG,Check sum is /
test,-N,Check sum is [
test,3m,Check sum is @
test,$i,Check sum is -
test,2/,Check sum is A
test,@C,Check sum is #
test,oN,Check sum is ]
test,WQ,Check sum is H
test,b%,Check sum is '
test,KR,Check sum is =
test,(q,Check sum is 9
test,"
T",Check sum is >
test,6H,Check sum is ^
test,(~,Check sum is F
test,b(,Check sum is *
test, N,Check sum is N
test,d0,Check sum is 4
test,-u,Check sum is B
test,7F,Check sum is ]
test,LH,Check sum is 4
test,b#,Check sum is %
test,5D,Check sum is Y
test,O1,Check sum is  
test,y_,Check sum is 8
test,8 ,Check sum is 8
test,uW,"Check sum is ,"
test,v),Check sum is ?
test,:(,Check sum is B
test,<0,Check sum is L
test,:I,Check sum is #
test,z`,Check sum is :
test,\6,Check sum is 2
test,WY,Check sum is P
test,<d,Check sum is @
test,:I,Check sum is #
test,6o,Check sum is E
test,jF,Check sum is P
test,T*,Check sum is ^
test,Jz,Check sum is $
test,-G,Check sum is T
test,_a,Check sum is  
test,_D,Check sum is C
test,lT,Check sum is  
test,EQ,Check sum is 6
test,IK,Check sum is 4
test,",{",Check sum is G
test,ya,Check sum is :
test,O&,Check sum is U
test,~^,Check sum is <
test,"o""",Check sum is 1
test,c:,Check sum is =
test,i_,Check sum is (
test,~f,Check sum is D
test,9B,Check sum is [
test,A ,Check sum is A
test,&{,Check sum is A
test,1v,Check sum is G
test,"""R",Check sum is T
test,	k,Check sum is T
test,\B,Check sum is >
test, h,Check sum is (
test,>:,Check sum is X
test,Dn,Check sum is R
test,"""L",Check sum is N
test,'y,Check sum is @
test,3:,Check sum is M
test,NW,Check sum is E
test,K?,Check sum is *
test,Ul,Check sum is !
test,",V","Check sum is """
test,Uu,Check sum is *
test,D$,Check sum is H
test,}(,Check sum is E
test,Nv,Check sum is $
test,A	,Check sum is *
test,5K,Check sum is  
test,?O,Check sum is .
test,Fo,Check sum is U
test,mV,Check sum is #
test,w=,Check sum is T
test, y,Check sum is 9
test,%<,Check sum is A
test,Hm,Check sum is U
test,/3,Check sum is B
test,2|,Check sum is N
test,h@,Check sum is H
test,S|,Check sum is /
test,;s,Check sum is N
test,/},Check sum is L
test,D#,Check sum is G
test,'4,Check sum is ;
test,`1,Check sum is 1
test,Fj,Check sum is P
test,Ra,Check sum is S
test,0C,Check sum is S
test,)),Check sum is 2
test,wU,"Check sum is ,"
test,n},Check sum is K
test,<d,Check sum is @
test,",u",Check sum is A
test,YY,Check sum is R
test,A8,Check sum is Y
test,*},Check sum is G
test,]F,Check sum is C
test,4z,Check sum is N
test,F:,Check sum is  
test, ~,Check sum is >
test,P=,Check sum is -
test,w1,Check sum is H
test,A/,Check sum is P
test,c],Check sum is  
test,1P,Check sum is !
test,1	,Check sum is Z
test,cp,Check sum is 3
test,r+,Check sum is =
test,"""I",Check sum is K
test, M,Check sum is M
test,_o,Check sum is .
test,'j,Check sum is 1
test,7;,Check sum is R
test,I@,Check sum is )
test,=V,Check sum is 3
test,^m,Check sum is +
test,89,Check sum is Q
test,ht,Check sum is <
test,P?,Check sum is /
test,QT,Check sum is E
test,){,Check sum is D
test,jf,Check sum is 0
test,W1,Check sum is (
test,"
g",Check sum is Q
test,ig,Check sum is 0
test,iY,"Check sum is """
test,3/,Check sum is B
test,]j,Check sum is '
test,UG,Check sum is <
test,1~,Check sum is O
test,5D,Check sum is Y
test,Bu,Check sum is W
test,97,Check sum is P
test,EP,Check sum is 5
test,\[,Check sum is W
test,%4,Check sum is 9
test,jo,Check sum is 9
test,4A,Check sum is U
test,<k,Check sum is G
test,"
cU","Check sum is """
test,}Zr,Check sum is )
test,2gl,Check sum is %
test,q}n,Check sum is <
test,'lk,Check sum is ^
test,K~3,Check sum is \
test,V2m,Check sum is U
test,T86,"Check sum is """
test,"26""",Check sum is *
test,dxM,Check sum is I
test,%2z,Check sum is 1
test,f`w,Check sum is ]
test,Gp7,Check sum is N
test,"S,,",Check sum is K
test,iH:,Check sum is K
test,32+,Check sum is 0
test,VEU,Check sum is P
test,v|U,Check sum is '
test,b|`,Check sum is ^
test,s<W,Check sum is &
test,YkL,Check sum is 0
test,94N,Check sum is [
test,Mup,Check sum is R
test,:0b,"Check sum is ,"
test,{ G,Check sum is B
test,6q\,Check sum is #
test,yyf,Check sum is 8
test,3WX,Check sum is B
test,M!W,Check sum is %
test,?TB,Check sum is 5
test,j`J,Check sum is 4
test,3E\,Check sum is 4
test,vKd,Check sum is E
test,"
DQ",Check sum is ?
test,&C?,Check sum is H
test,_`%,Check sum is D
test,	/i,Check sum is A
test,@lR,Check sum is ^
test,t@1,Check sum is E
test,.~6,Check sum is B
test,}68,Check sum is K
test,&1r,Check sum is )
test,nE ,Check sum is 3
test,!qp,"Check sum is """
test,%u9,Check sum is 3
test,~	3,Check sum is Z
test,]!:,Check sum is X
test,~B;,Check sum is [
test,%uA,Check sum is ;
test,h`c,Check sum is K
test,faI,Check sum is 0
test,y/M,Check sum is U
test,Ekm,Check sum is =
test,""";k",Check sum is (
test,e+y,Check sum is )
test,^JT,Check sum is \
test,q-h,Check sum is &
test,7 T,Check sum is K
test,Ajp,Check sum is ;
test,Jz:,Check sum is ^
test,b>v,Check sum is 6
test,lkW,Check sum is N
test,1nB,Check sum is A
test,nh~,Check sum is 4
test,-|k,Check sum is 4
test,0\?,Check sum is +
test,K=A,Check sum is )
test,e%i,Check sum is S
test,C}g,Check sum is G
test, 2_,Check sum is Q
test,;T\,Check sum is K
test,w9(,Check sum is 8
test,"5""u","Check sum is ,"
test,%aP,Check sum is 6
test,qBf,Check sum is 9
test,Z]@,Check sum is W
test,L\Q,Check sum is Y
test,"bq""",Check sum is U
test,}+^,Check sum is &
test,gn?,Check sum is 4
test,.(	,Check sum is ?
test,Cd4,Check sum is ;
test,;ai,Check sum is %
test,>%i,"Check sum is ,"
test,}=j,Check sum is D
test,|>6,Check sum is P
test,YYh,Check sum is :
test,"u,a","Check sum is """
test,	p	,"Check sum is """
test,_v$,Check sum is Y
test,-pT,Check sum is Q
test,@~$,Check sum is B
test,"#P""",Check sum is 5
test,>*2,Check sum is :
test,uRZ,Check sum is A
test,g5u,Check sum is 1
test,D2T,Check sum is *
test,8Oz,Check sum is !
test,n[-,Check sum is V
test,)qe,Check sum is _
test,!HQ,Check sum is Z
test,H;;,Check sum is ^
test,xI ,Check sum is A
test,^Jh,Check sum is 0
test,Ys6,"Check sum is """
test,"s&""",Check sum is [
test,o C,Check sum is 2
test,'*u,Check sum is &
test,wT_,Check sum is J
test,HA$,Check sum is M
test,.]],Check sum is H
test,p65,Check sum is ;
test,Ur`,Check sum is G
test,glc,Check sum is V
test,7\%,Check sum is X
test,"d,e",Check sum is U
test,H[@,Check sum is C
test,#Ik,Check sum is 7
test,")""[",Check sum is F
test,e\3,Check sum is T
test,0_l,Check sum is [
test,yGj,Check sum is J
test,OmC,Check sum is _
test,0@G,Check sum is W
test,FzV,Check sum is 6
test,`JI,Check sum is S
test,!X:,Check sum is S
test,$$V,Check sum is >
test,z	6,Check sum is Y
test,*'/,Check sum is  
test,.wr,Check sum is 7
test,CX3,Check sum is .
test,$K6,Check sum is E
test,O^z,Check sum is G
test,L1	,Check sum is &
test,^8f,Check sum is \
test,)g+,Check sum is [
test,"""m""",Check sum is Q
test,L8T,Check sum is 8
test,~=J,Check sum is %
test,XhW,Check sum is 7
test,/vx,Check sum is =
test,2JO,Check sum is +
test,",r
",Check sum is H
test,~pu,Check sum is C
test,ZH+,Check sum is -
test,B'F,Check sum is O
test,]#.,Check sum is N
test,0n&,Check sum is $
test,~Cm,Check sum is N
test,tN6,Check sum is X
test,VzI,Check sum is 9
test,(Tp,Check sum is L
test,qQ~,Check sum is  
test,VT=,Check sum is G
test,>-N,Check sum is Y
test,Ky4,Check sum is X
test,?cV,Check sum is X
test,!Hk,Check sum is 4
test,Zw5,Check sum is &
test,386,Check sum is A
test,qrB,Check sum is E
test,aXv,Check sum is O
test,sgg,Check sum is !
test,bsU,Check sum is J
test,&G.,Check sum is ;
test,}]/,Check sum is )
test,2@7,Check sum is I
test,`~1,Check sum is /
test,)|O,Check sum is T
test,ED=,Check sum is &
test,l/Q,Check sum is L
test,jCD,Check sum is Q
test,z8*,Check sum is <
test,2N[,Check sum is ;
test,2If,Check sum is A
test,;Z],Check sum is R
test,f!O,Check sum is 6
test,Y'^,Check sum is >
test,>Hl,Check sum is R
test,z&[,Check sum is [
test,"
9+",Check sum is N
test,"P2
","Check sum is ,"
test,*w`,Check sum is !
test,jqt,Check sum is /
test,cB[,Check sum is  
test,1$`,Check sum is U
test,Db?,Check sum is E
test,R}:,Check sum is )
test,u	>,Check sum is \
test,SNr,Check sum is 3
test,9hN,Check sum is O
test,zwo,Check sum is @
test,s&E,Check sum is >
test,i>a,Check sum is (
test,-UD,Check sum is &
test,OAH,Check sum is 8
test,1+p,"Check sum is ,"
test,}e&,Check sum is (
test,MGD,Check sum is 8
test,"*A,",Check sum is 7
test,%uw,Check sum is 1
test,	X[,Check sum is \
test,5:',Check sum is 6
test,<$t,Check sum is 4
test, wQ,Check sum is H
test,JwR,Check sum is 3
test,Sgn,Check sum is H
test,3%W,Check sum is O
test,~q8,Check sum is G
test,tl/,Check sum is /
test,",""'",Check sum is U
test,)H-,Check sum is >
test,y=2,Check sum is H
test,V2],Check sum is E
test,o_G,Check sum is 5
test,'ha,Check sum is P
test,OCQ,Check sum is C
test,lD@,Check sum is P
test,jW',Check sum is H
test,Thm,Check sum is I
test,hRT,Check sum is .
test,e4R,Check sum is K
test,~cs,Check sum is 4
test,>2J,Check sum is Z
test,@oB,Check sum is Q
test,txE,Check sum is Q
test,1iC,Check sum is =
test,b;G,Check sum is D
test,fXt,Check sum is R
test,s^i,Check sum is Z
test,*yA,Check sum is D
test,NAh,Check sum is W
test,?&r,Check sum is 7
test,O}t,Check sum is  
test,[u~,Check sum is .
test,w>3,Check sum is H
test,`Q*,Check sum is ;
test,;au,Check sum is 1
test,Hhp,Check sum is @
test,8!i,"Check sum is """
test, ?o,Check sum is .
test,?{?,Check sum is Y
test,eQ=,Check sum is S
test,U|9,Check sum is *
test,_CL,Check sum is N
test,ZP#,Check sum is -
test,|L*,Check sum is R
test,"x>
",Check sum is  
test,^\-,Check sum is G
test,<S),Check sum is X
test,7Xc,Check sum is R
test,",~7",Check sum is A
test,vRN,Check sum is 6
test,Smq,Check sum is Q
test,XEo,"Check sum is ,"
test,Jrn,Check sum is J
test,&gl,Check sum is Y
test,*Em,Check sum is <
test,|Ik,Check sum is P
test,fJ#,Check sum is 3
test,"x3""",Check sum is -
test,PeD,Check sum is Y
test,Dc;,Check sum is B
test,p|Q,Check sum is ]
test,"9""3",Check sum is .
test,y	O,Check sum is 1
test,"a
!","Check sum is ,"
test,lk*,Check sum is !
test,AcP,Check sum is T
test,W>q,Check sum is &
test,d{',Check sum is &
test,5U&,Check sum is P
test,h:	,Check sum is K
test,Xk$,Check sum is G
test,y;m,Check sum is A
test,e|',Check sum is (
test,"',P",Check sum is C
test,<Q=,Check sum is *
test,5Zu,Check sum is $
test,3=U,Check sum is %
test,",v)",Check sum is +
test,8\A,Check sum is 5
test,v}N,Check sum is !
test,*H5,Check sum is G
test,Pz9,Check sum is #
test,Ms2,Check sum is R
test,Pj ,Check sum is :
test,/[>,Check sum is (
test,`<L,Check sum is H
test,V?9,Check sum is .
test,EOr,Check sum is &
test,~KE,Check sum is .
test,"'4""",Check sum is ]
test,2_3,Check sum is $
test,mQk,Check sum is I
test,`?\,Check sum is [
test,;.g,Check sum is 0
test,n_z,Check sum is '
test,*	>,Check sum is Q
test,/j3,"Check sum is ,"
test,Y6},"Check sum is ,"
test,oB\,Check sum is -
test,K&i,Check sum is :
test,v$i,Check sum is #
test,MnX,Check sum is 3
test,"r""H",Check sum is <
test,"|~,",Check sum is F
test,Dh<,Check sum is H
test,c(3,Check sum is ^
test,(Xq,Check sum is Q
test,Ul7,Check sum is X
test,O ',Check sum is 6
test,Z\7,Check sum is M
test,Z~Q,Check sum is I
test,}o^,Check sum is *
test,9E9,Check sum is W
test,"N,7",Check sum is Q
test,L=l,Check sum is U
test,|UX,Check sum is I
test,_+@,Check sum is *
test,I.U,"Check sum is ,"
test,MW;,Check sum is ?
test,U8-,Check sum is Z
test,h+3,Check sum is &
test,rx],Check sum is '
test,[l%,Check sum is L
test,wzP,Check sum is !
test,T^b,Check sum is 4
test,&tT,Check sum is N
test,<Xd,Check sum is X
test,pSs,Check sum is V
test,)3Z,Check sum is V
test,.A\,Check sum is +
test,&N-,Check sum is A
test, }|,Check sum is 9
test,"""=;",Check sum is :
test,C:#,Check sum is @
test,I)^,Check sum is 0
test,6`A,Check sum is 7
test,9M#,Check sum is I
test,\Sz,Check sum is I
test,^.O,Check sum is ;
test,+|$,Check sum is +
test,&=	,Check sum is L
test,E7K,Check sum is '
test, Ur,Check sum is G
test,yFU,Check sum is 4
test,K*R,Check sum is '
test,gfB,Check sum is /
test,CH(,Check sum is S
test,w@L,Check sum is #
test,(y/,Check sum is 0
test,]f%,Check sum is H
test,Ist,Check sum is P
test,$41,Check sum is )
test,"""Z]",Check sum is 9
test,mu/,Check sum is 1
test,_%t,Check sum is X
test,P&(,Check sum is >
test,OKD,Check sum is >
test,)(&,Check sum is W
test,"e ,",Check sum is Q
test,e2 ,Check sum is W
test,~xR,Check sum is (
test,JBQ,Check sum is =
test,",?3",Check sum is >
test,SMm,Check sum is -
test,Iek,Check sum is 9
test,caH,"Check sum is ,"
test,8{2,Check sum is E
test,gh;,Check sum is *
test,",{~",Check sum is E
test, ;b,Check sum is ]
test,ceO,Check sum is 7
test,:L&,Check sum is L
test,$Xh,Check sum is D
test,Qo%,Check sum is E
test,j\f,Check sum is L
test,km4,"Check sum is ,"
test,a1`,Check sum is R
test,A'H,Check sum is P
test,7*p,Check sum is 1
test,>2.,Check sum is >
test,=Y:,Check sum is 0
test,"ys""",Check sum is .
test,?b;,Check sum is <
test,<	E,Check sum is *
test,m@&,Check sum is 3
test,P$&,Check sum is :
test,xH<,Check sum is \
test,p}x,Check sum is E
test,4p7,Check sum is ;
test,"8 ,",Check sum is $
test,wYT,Check sum is D
test,A}:,Check sum is X
test,iLH,Check sum is ]
test,uaz,Check sum is 0
test,Hfg,Check sum is 5
test,4T`,Check sum is H
test,i#~,Check sum is *
test,I9$,Check sum is F
test,cSF,Check sum is \
test,"~,{",Check sum is E
test,hE3,Check sum is @
test,{k&,"Check sum is ,"
test,bfv,Check sum is ^
test,E0w,Check sum is L
test,vby,Check sum is 1
test,v7H,Check sum is U
test,J*L,Check sum is  
test,	%N,Check sum is \
test,lWN,Check sum is 1
test,?2),Check sum is :
test,/g),Check sum is _
test,Fx2,Check sum is P
test,Q0W,Check sum is 8
test,P<{,Check sum is '
test,35Y,Check sum is !
test,Ptp,Check sum is T
test,|SZ,Check sum is I
test,kgc,Check sum is U
test,6IC,"Check sum is """
test,M2O,Check sum is .
test,ya\,Check sum is V
test,gJY,Check sum is *
test,}ti,Check sum is :
test,5G#,Check sum is ?
test,voE,Check sum is J
test,a^i,Check sum is H
test,5:%,Check sum is 4
test,"""=7",Check sum is 6
test,*V@,Check sum is  
test,m8(,Check sum is -
test,~?p,Check sum is M
test,"C,F",Check sum is U
test,nB},Check sum is M
test,TAI,Check sum is >
test,a?U,Check sum is U
test,Ej*,Check sum is 9
test,9]|,Check sum is 2
test,kVm,Check sum is N
test,tja,Check sum is _
test,<$r,Check sum is 2
test,+nz,Check sum is 3
test,` (,Check sum is H
test,oJ},Check sum is V
test,"n:
",Check sum is R
test,Q0),Check sum is J
test,_xr,Check sum is )
test,"
i!",Check sum is 4
test,edr,Check sum is [
test,_/$,Check sum is R
test,!M8,Check sum is F
test,`Jz,Check sum is D
test,gm ,Check sum is T
test,W=8,"Check sum is ,"
test,2=',Check sum is 6
test,",^j",Check sum is T
test,`f(,Check sum is N
test,|0{,Check sum is G
test,#<4,Check sum is 3
test,5{O,Check sum is _
test,|_	,Check sum is D
test,0EF,Check sum is [
test,B^7,Check sum is 7
test,)oC,Check sum is ;
test,"Y0
",Check sum is 3
test,v&J,Check sum is F
test,:;Q,Check sum is &
test,k6b,Check sum is #
test,sIB,Check sum is ^
test,'>V,Check sum is [
test,:Dd,Check sum is B
test,&7L,Check sum is I
test,f*B,Check sum is 2
test,sy%,Check sum is 1
test,"HL
",Check sum is >
test,N%L,Check sum is _
test,^$g,Check sum is I
test,OH;,Check sum is 2
test,KYt,Check sum is 8
test,WOc,Check sum is )
test,	T5,Check sum is 2
test,SCe,Check sum is [
test,_iH,Check sum is 0
test,z#A,Check sum is >
test, hP,Check sum is 8
test,uXO,Check sum is <
test,Xx=,Check sum is -
test,ac?,Check sum is #
test,T]|,Check sum is M
test,OQp,Check sum is 0
test,m=_,Check sum is )
test,Sc$,Check sum is :
test,G]h,"Check sum is ,"
test,]t7,Check sum is (
test,v\?,Check sum is 1
test,L'R,Check sum is %
test,>t],Check sum is /
test,7Uf@q!x4?{mFnQ,Check sum is <
test,"rIF y;4.""xh_M}WR6906`\F",Check sum is B
test,>w'2WY04:JQ,Check sum is W
test,"(n,PmH&Wd""<CA*g&"":T]XX*Ynps:(LIo,U0;[s",Check sum is R
test,"4KEL*""",Check sum is <
test,"c50lQ9
\<HWvE",Check sum is Z
test,$B^C,Check sum is '
test,"'aP`H7g2bx-i3Y=u	&zdl(?)V.KJ|}"",)X`]Mp",Check sum is B
test,")Cn3!HDGjn(9	`Gi4Z:pIT_F$5|0
!p",Check sum is M
test,"C(	g?UK
>o;s]4`eA&Iq/0+bE7~Gp42",Check sum is 9
test,HQn,Check sum is '
test,":F_|#
M\eGQ6_4GIDB2IP;1qEGP",Check sum is 1
test,o3F,Check sum is H
test,g63gVB^9_t:{m8cBaC~\!^&je:6a[FmF,Check sum is /
test,ecMLf4zNqM<EB]#u+S81Q/AGCQ(:^9p]hqXjK[HD,Check sum is /
test," iIL6$
Dl\L:?&Qq)@",Check sum is D
test,"""WX3G!HGVtjp>9(V~	u#Xm?&d,ga:es54:Aa]~G+_",Check sum is X
test,"(Cn[""mH>^R8ALYW'=B5ksh%BXr?yi~Fm6Y!],",Check sum is +
test,"H|90""?&"" 6)SGfF|d",Check sum is [
test,".7+BP:F`QJ_MR!p
ZTg.+\fHc<J$4F^jvjWP`e",Check sum is )
test,"MH'Ek;woXB""=rO$9JVRPX\Os8Msu""*G-<d!GT%Q =e9<G.T2",Check sum is -
test,C&I!O~\h{fA9VioA^X>rMk[HB'Xq0)G;lK8kR7iK!([ZxEGIt,Check sum is 2
test,BiA,Check sum is L
test,gRgb~~p$wLp,Check sum is %
test,TI,Check sum is =
test,O%:3'iXlqO67,Check sum is B
test,"OPXA7j Q-GLx9,Ik/IOW*Sggf$\mNC#+Y7Ol@",Check sum is !
test,A],Check sum is >
test,~[>yS=d-i?B,Check sum is ;
test,.( B@#2Y,Check sum is F
test,iAa=2o]kZJ(7ntnwKbp|,Check sum is 4
test,z!0rEE4ni|tfM?')kj^N{MbSV8s>KnXX*UTUz~x],Check sum is ?
test,"4+oQ_\/*WM7;([ft""d>4EJ>~;~5]Fje",Check sum is )
test,"JW@\,m-Uem7W3U@R(",Check sum is Z
test,"92L&Z	fDW
n`zMv[W10A`yzLX[0V!*7Ua9o*3B",Check sum is !
test,"YMxe8WY5$,<vyFn",Check sum is /
test,O|_\%`fe,Check sum is 6
test,"e-@VgB:Mj3D-e,Z4Wx|LrG;",Check sum is 0
test,=3J7JAq>S,Check sum is ^
test,"G	jW.3W z*"",",Check sum is ;
test,"4qhPABE(!#$kGDqe|Yfpq2/f#8#8sm!G/""v7.L;l",Check sum is !
test,Zz+N:B!j{;c'e&F9$`$$FH)0/(f5}Av',Check sum is >
test,$ge)%[^S1}]&)V+.?9@OwC2L&v;1tW,Check sum is E
test,XcDH~.1vm76wb(f%WiI>k8&1]d7KLWxuu3,Check sum is \
test,"f7$<<""(hU#gpDv?^c8Y^A'\I7[,q`2",Check sum is Q
test,$*lK	vww8+TgkD(IPwGWhr`P3iwAmFxgC9XF!?.	3 Tc44b(,Check sum is R
test,-e<>gpR;i[Fa	2KAJ}S+tjm,Check sum is R
test,"K6w#HN(C""am","Check sum is ,"
test,"-<YW]X[T6J(0d9Q\IC^&#f""_^*r_3f+sY:|R@7LH?,",Check sum is @
test,	)NQXqatZ(hvqQA/UbK!<0k|B`:h!,Check sum is <
test,ISV#6hbK2tS}:-jz@(AT!J@$lR;io6r@_`,Check sum is E
test,"12ds&'J!s~j {>@{-3!bY;H\O
",Check sum is 5
test,2)N0Hc-?R-iuvYGQO[AhX3[)j4,Check sum is T
test,C;,Check sum is ^
test,"2TR'h'--7y{@k pS:_
k.l'/xgF*Z""L1NLRieQ2z>'>eI",Check sum is O
test,#(e,Check sum is P
test,.dlQRd1#$;p$|/#+}qO,"Check sum is """
test,"X VzG)7$jrj""G","Check sum is """
test,+!62Y'RC+\rME&L,Check sum is &
test,3IM@}iH?@Q<SN`edsZ&#cNeW{BJS{,Check sum is E
test,%#Q~ihw\h,Check sum is C
test,",\siQ>r""B$itnY8`p;dm*~'hLQWS|&T\eJBwHt",Check sum is 9
test,:7^!,Check sum is P
test,O e	%f,Check sum is H
test,"X~'.KqngJg}rp>Zj~h]1H;	
",Check sum is 8
test,p{lgdrP>VoEX,Check sum is $
test,R-@sA]S,Check sum is C
test,"wMt.K?i[{Z%_b""k)wN. kP'`VT?ub	T^
",Check sum is _
test,*v!Tn:w=4:#nfBeo(B O}NwFslyQ*f-=K4Phyr,Check sum is 2
test,"{""
H[[6V6zLRE^mM{	)V\Q+
;)~h",Check sum is +
test,5L;+RRgY0af$T|E!OzP?yPIBD+u1Ond8PzHWiH.a=][l\LwT,Check sum is S
test,"q]2dI~EK5jsX}_W|""	sT>?OM6v=ER%wjmh$51rz2h",Check sum is *
test,UAV4BrSi:!%,Check sum is 0
test,"Qx``WIci3s|}i
DYS[",Check sum is 2
test,Z	z`hU5;K#j,"Check sum is """
test,7lx: ',Check sum is <
test,"A<(cAbX`2RWC%Z:\Y
`}Op3sM&1W'/s1V|\HDnjw}",Check sum is V
test,<W,Check sum is 3
test,"15&vS3""i.)&?vjo?""n""fLHZq5Uz6p}TLVm",Check sum is >
test,"sij"")d+
L4,)s4{PZD0",Check sum is _
test,lX%_X-<r^h#Hqc*>31;-NDZ:@awsIrZ6/Hf3ir)A,Check sum is %
test,"1B<@b~$VD-Khr7xA(6yK#Bny""XuaE>33oL)0| ",Check sum is F
test, jm.M7JwvPAJQ9i++)UuGFP3-5Pi	:VUdo?#,Check sum is %
test,7b^nfg-+K!8717Y]Yx,Check sum is 4
test,(w65ar<CtW2n},Check sum is $
test,z6]K9_,Check sum is P
test,yJ c10lPfI7`?#$X,Check sum is '
test,	Qb>Lsb}e>,Check sum is [
test,4/	#]D_j~R'-N}g,Check sum is /
test,?g?09wB9d)|U}|sw<}xj]/4jQ8sK-,Check sum is Z
test,h]CN@$g#8=Tsprs/c>|fJfXO,Check sum is >
test,}v?6C5W[&,Check sum is X
test,"jndm3vEkJdS/7m(20,7Ed>$""VaSi+])",Check sum is 4
test,^T2,Check sum is D
test,btv3,Check sum is _
test,<G_uN}.5}c|A5h6AKa!Z9j?v\0@GD]>3ejz,Check sum is C
test,"
?kc$E9FX=K`m$+V%?h0WQI|emL|Dal[93	zd3-_f$CO<Js]zu",Check sum is S
test,"N!1N47y@c}3`
wLf=u""{!}nmb<$8CK}vI4V#imeZ=%H",Check sum is P
test,kE*J|a/5w>vg\Arl&1nkD7\,Check sum is Y
test,vDJX{`OGxn)p.z6<eoNq?l* ?l)E,Check sum is '
test,?@giF*hu0,"Check sum is ,"
test,"15]CJERoVSrUJ W
#ut)t%#=Ju?C |",Check sum is <
test,"EH%""7Y8
NWdb]2)~wC
GA_tKd&z}/7~&7`*AQ
",Check sum is 9
test,"#.
<FducvUw}1@o36I
y
v^",Check sum is +
test,"HDPeu%\4wg_)swFS=I2;.|jN'M{|oD m_Pq%.
&",Check sum is W
test,\c\Ijq [)qT5,Check sum is =
test,JJM{xS=N^,Check sum is 0
test,+arnXs$vMWc96z6/MQ,Check sum is $
test,"3""XW[!hlsUi~RwO=$8I.)	l$} co``0W5",Check sum is 8
test,"uPxVX6&6ya1dOZ:""=XLy=S5x'Ja\~u^Qg<znNT`z^~<*",Check sum is A
test,;>Wd7);^#/nL6LIR:I9V.,Check sum is 6
test,"r4FH|VXO|`Fdj{JG6m+:Fi:/P2/}F'2/g,+D",Check sum is '
test,L8/Y	\cn&(Nf,Check sum is $
test,N4b 9l>}2IFec4p#h.=33,Check sum is M
test,[cnwR-v3-DIaw.!Y,Check sum is %
test,9nWxY,Check sum is /
test,"	5,K>Epocg61EIvQW=U+TaVR+V|vovpTAId_",Check sum is W
test,"L%]&i=)!7s@@?ho)@.J15|-IN9: `y)ZBee1 rjn!aL,sH]Rn",Check sum is 3
test,irg9vY8!X*K0@=^1`H0[G(w2 ,Check sum is 7
test,0Xdril'0:K,Check sum is /
test,"etB52'_?ZUCxfDb4,q#`MxQ{K-LH&im8* %Bit",Check sum is P
test,"kS+VL({e\f	_8+62M$)xYX:R5>M-""4T:qfM|*5W?itW3#<e*",Check sum is 2
test,"z;h""""Ab3tm+Dc}W	nPCZ/P*vXz,>WBq?YgXd$*x""",Check sum is J
test,PL\#-Tr9//EjR,Check sum is F
test,AN1f05k|-	GegX#)m$g!aY8'7TtWq<>bQ*ad8{PD ,Check sum is ;
test,#HR47,Check sum is H
test,"PTYRL&-S/1sSB""0wH}@yXT>) *hee=e=M	QxKLz8]G$yP",Check sum is 7
test,.F'[@	=p*9,Check sum is /
test,"UC#h4""%(D?lJ",Check sum is _
test,"2W48HGix""XPr^z0M",Check sum is V
test,$[XC<Bz[mZoGa8BZO>F=Z(,Check sum is Q
test,jCjh,Check sum is _
test,"D9,!P/H
Dl.5ZTx,i",Check sum is I
test,'TlP0,Check sum is G
test,2}=^_?E^s*4\u|x4#$S%&~K&q~PXm%ag(NF]r+9EZj,Check sum is 2
test,"J
s|_-=qB ,|1u,]:_ *9F4Fl)K.m+{rAM1x",Check sum is <
test,T80x&rXq Gb]Ru}8{5(rUxiH_B,Check sum is @
test,"Z,0GyfNZp9`~`^$}L<VGt1sj6Ke R{r0;v`%|S(",Check sum is S
test,^{eO9K5^eNU/x[6Hrkjh<$*6	wnFF(iF\,Check sum is (
test,"`N8+D]hX:pdcv$
O",Check sum is 6
test,"d
DJn7;RV;,bZI",Check sum is P
test,Ps	/iQ<,Check sum is Q
test,"T[DT<if<SRE'cI""##u~^DyK71&FH[S23;\^$p}G|Q*",Check sum is _
test,"k5#m;jEv#GFVdya@NNR&'u2k<<v77~J+k c>Pm
Q'$IhbKgW@}",Check sum is 8
test,rL( f6x%&,Check sum is E
test,Hroq6!)YOASG,Check sum is =
test,U/=A$6qdNfBl(3,Check sum is N
test,"EEor6P:%sL9=pT`""<lucm",Check sum is X
test,"*`VdXNI
Y,a&W\9qq(I4wDwQNke@^'",Check sum is B
test,"""< %'5:U@
 `zs/|?@i	i)>9'[+>Ai\_CLphb	5QQ_Fu",Check sum is ]
test,C/';xUWx2KaT@vOP*WPNZ.S,Check sum is Q
test,"X&&x%Zt*Ld\""&/'yhj]9uB&`	
l0I?b,{8v8Dv[a>8C<	XjEmJ",Check sum is 9
test,"Ge9g""'Q| 's8`w0JS^6M
",Check sum is C
test,m~1V8j3tdO2 O/{>{YEc}{d(h1GA4|5(A#,Check sum is )
test,)txe]yIt0,Check sum is ]
test,")W9YI
2FyOdS:s=%c<'F\%O#",Check sum is J
test,"oj3OUnI/5~H!7,ZcMf`D3XZNy(]oAA=9~+5P*)AW=A[:1b,",Check sum is L
test,"p~'ksx.w_2u._,
03=cv=}3ZjIo9Qv()-I~b	",Check sum is K
test,&J4ulyvM[7_<7lL~2<,Check sum is )
test,>TU5 .]:9i0GB<bf>,Check sum is >
test,F&^){G=aGe[,Check sum is :
test,z3y.,Check sum is 4
test,"gl@I!,{yk
4FwhW&M\s{y===3maA;y~`N
{hn {i}Z+",Check sum is R
test,.H`|FFn(eh>]i GH|,Check sum is P
test,"1""E%Xgwh Q=>zC7p",Check sum is K
test,"YH7qcCjymr,""M}-<7w}il8u.[3=O.C02
eyKL_*lYV!:zHy",Check sum is S
test,	jbP*|D{|usBhxYfan&o/Qh=!}qr$x/_NNkW#}Z-L},Check sum is 1
test,"'*lrKRV<
1^Y5TCT",Check sum is P
test,%C{?vGyE8al6UUx)1F'uTqi=3 ,Check sum is T
test,RIm,Check sum is (
test,B'Gu8Es5L0:1;uVo)6I&Jx!BR'a,Check sum is S
test,"dl?<FueU5
f1
Giar.Q",Check sum is B
test,}Jg|A>]]Nl,Check sum is =
test,"T=+lQT_
{9hjEX,5c}v,,)1B%%""2ivbz",Check sum is =
test,^OpPeXB1z.D7#:cw3,Check sum is J
test,"YUW
SK|OWpZ(*.suM_kxERh%UhPm=!!52tK+Z#HP4w}",Check sum is [
test,"18As oo ywN~
vG\`7bs-q",Check sum is D
test,"2{lN\rhiB]&@+a+]\z
""",Check sum is A
test,(xyoU-&Pc_K(!8,Check sum is .
test,uGYPtDtB|[92BX7X,Check sum is ^
test,"(&66O&<_E(atLFc=+8]D>lAWn-mQ kTm/;Y
:Y
5`X+gj",Check sum is \
test,"qpGA(=as,-w-Rrm1**0JRgMMj9}0zSu#A;",Check sum is 3
test,mu+gyiW`7|xfI,Check sum is G
test,"
Mwj]+FyYF\""D
{2$R&,3jqA",Check sum is N
test,"Y?2^-""r}#?3!En:`'&#Sfax""@R^h38r","Check sum is """
test,GC|!^x65!,Check sum is )
test,"eO1X""+x9&?qcrc1>",Check sum is X
test,|12O `QSHC _P.[f	>?P'Y?:CvvsVk/5,Check sum is Q
test,"U7/|_
jxXqjk$\y$aI8rM|6$,",Check sum is @
test,TDj_>E}L<s_t`QY,Check sum is Y
test,"La]61[zT *u~nPeslhJGPpeKsCwo~-},+ m",Check sum is J
test,"8\Ou?^
Akj",Check sum is 5
test,",vv|w<%""29",Check sum is Y
test,QwI@,Check sum is 1
test,"G1v8,qNj:*MW",Check sum is #
test,b^bE%`J2j6n@gCP`|j)KQWlf!tj^tB5f,Check sum is 2
test,"xxwC0utS|(;h^*+/TZkD""tlYbGibFJZFvlJj^w^cn_fP4Mn2q",Check sum is <
test,@},Check sum is ]
test,Y0dLFOO),Check sum is &
test,"_'r	ojmn7bpDZ2	Y8)Q!Cj}a.3PgUUe+tz
5du;:JtE<Z*j",Check sum is (
test,i%{Crwy#M6qj~l1Hcf1F0Kqg~!uW}P9mW	gyf<<Wp,Check sum is H
test,"WUhRW!3
u)a1sQ",Check sum is /
test,nij5J$}),Check sum is *
test,5nKH}f^[hLP+Y,Check sum is :
test,&PVFUNi:4,"Check sum is ,"
test,"Iw_b,5M6iVOWU8>Rqkoo.	bz[kr",Check sum is L
test,~h^i9@To^*0g9.Xsm6%f5GD?!k>Pd.0/TyYvX,Check sum is F
test,"ro
3C6/R|fPL7jTfQ6/:[5m~9rXRwg47H6}
VtTj7-!UZwbrI",Check sum is /
test,_<,Check sum is ;
test,"R*Q3]~K}@Ve1!Jt i,y>C#B|{d_hyMRhR=h",Check sum is ;
test,"7e""F^+7",Check sum is $
test,"E:31>0|bc8DY9)4nv/I""/du*ZJt{Ym9Bln<+`5,[Py",Check sum is G
test," sNCIPWb*,@p|r",Check sum is J
test,(t!0jRx	d$|kSldHt^iDFc~w,Check sum is A
test,"v^GNB
nK]R",Check sum is =
test,fkA<i5]P99,Check sum is +
test,U5MS@jfM=L.v()8%6&Bl*iMN#)jn\ROD u ,Check sum is T
test,"g{:pM
qw~m\",Check sum is 2
test,"@v5&	WR4([ap~|#v,1(=HK1pzFAot0q4<j	D%k ",Check sum is P
test,"Hdp'b""XWiJ9<6i-g<qQk",Check sum is Z
test,U|Ljz:<vJZyvS7>PNXk@OUf,Check sum is S
test,":#~w*`j)s""	])xg]v'_?""U,08H*N{gcI+!ow)BkT",Check sum is _
test,"|U=""k/v#~]JG k'1CA5GfG9Y 6R>I GL	PfZ[p8K[:CAf{",Check sum is T
test,h~~Kd|Uv1jUKc8s8q4,Check sum is  
test,"'nI<ZpjNTOaTs]{4\~Rm
3V0fh-3}SyO=*rbU=",Check sum is B
test,"Xz8iMm#a^
J=xwa0D|o_W]-{0a0uH,%Y4%G1]Gf/",Check sum is \
test,"t/,ibSH(5VGFvTI3gz%nUu
m-zo|
XF",Check sum is J
test,"BCge3_PNy4pp{,\OB$qc/#5-W|UL""ML- +9`i;i9k,$z",Check sum is )
test,Z4|<6u}vo%guz4L}c7=I,Check sum is K
test,"{apWgz/L^k;'""@90Wx5-kOAB|:dH&p.Ud","Check sum is """
test,"KyhUa8`0.,CT	r{z<zzd",Check sum is ?
test,"TlD""u
(?%{'-""lyo=Nqeb4o6O",Check sum is A
test,"Ol1MC""+uh)N;aaKS<Fcq",Check sum is .
test,"n6M Y[$Zs}""4*vbwqOq?0)*.XT9""8pX@,>	3<t.1e
= S ",Check sum is >
test,M5@-S,"Check sum is """
test,Dha}ac'~IP)'dOS0xSY\_2/jX&9KHh&v@VmV-y-mkocLPm,Check sum is I
test,"/""mK[a",Check sum is %
test,"j$tGYzNe*J'Y
mDuXn5t{F'%eL
h5-TtgBBZ[",Check sum is <
test,"l+>>[Tk	I2UebZ<jWI
4uE8lM;n2&-ME!M",Check sum is $
test,"'vM*Vcm-'7WV3ID@J^MHB
Q6(mIR~+<	}}xY[",Check sum is &
test,"~}
px6",Check sum is C
test,"`K0.e'
_4af&:i8U|`]d~kY
A_af$]HKr?6XO",Check sum is !
test,"""GJQ&-ye
kV<LX<se%,t",Check sum is Y
test,%b0P	,Check sum is 0
test,"dl7q}B}m""	'T_xY&<?.,p4VfN3",Check sum is 3
test,",<Z%Bb!1cory:sN4^m,rBJ?",Check sum is ]
test,e&]v)})WAJc6uH0 pJ>&\F2w,Check sum is >
test,6VgG]%$nt,"Check sum is """
test,%v:Z<QY(:	z{Q?T@iN,Check sum is 0
test,"""\z[l=w<(J5/]p/HqUu~(y81U|K-E%=DW-7BEa:3",Check sum is 0
test,Ka,Check sum is L
test,G6VZul:;6j\T^dh{:,Check sum is R
test,"R\9U#XQ0g6X41
Y%D
|Dn",Check sum is 6
test,"%T-^,UHaIb/ZDG75b1	""(n#L$<NPy",Check sum is 3
test,wzIiga>	\!m^_Y,Check sum is R
test,"qs78P!k:;(OG+#CM<Q""IzQQ[Kc3^t8k!;%>PL",Check sum is @
test,"Yc~8,oEL!Hv'4t}]0H;=5,EMZ(5X2zZ2&%x",Check sum is 3
test,'ix2[<p8q9wW}>b;4uTTeD>.&V,Check sum is K
test,"H'
*",Check sum is C
test,"wa"" )9S_' +-",Check sum is -
test,";}S""p6tL)i&",Check sum is +
test,"v#FaXaw""{@nNW.Y|61EW7NnIisYv$h!oaa:`3B80KOaTpkW~",Check sum is A
test,~5Rh5-?|t@?K(c?@?q\?,Check sum is =
test,">71k=3 {u<""ZQ(|	H0w""(K7i)%{\vkyn7Ds_LK",Check sum is \
test,"[gC&h<PMlF#AD,XR0XGxvvty>r#ZSj7rC7}e""<f]9SCJZ/TJ=0",Check sum is Y
test,"1""h%slK[d),7b58@LPoRl (3\;\}W[""QIfhm~Jw",Check sum is  
test,*>bWXyFy75wV=GrtSZVzQ,Check sum is B
test,"	
T6K8/ogO8uSnFj(cVuD?rv0M<s6#",Check sum is 8
test,"b
Cf#U2^h?6""=}4<N{jdP",Check sum is M
test,"2/PmMx	Gcm=
ShFw/RzoJf}@k{ir|r5qH,I0 ""T\ TY[",Check sum is U
test,"NX%i,`
R(~{19){b1U8&Po(1$cxL7'mQt",Check sum is $
test,wY0Bzudb=@I~0,Check sum is K
test,b9OXDgTyF	C2S<G,Check sum is 4
test,"A D6=oL?YM!]c$Qw&g9vHczc$>4IDz,BUQ!\[aE9|WFX",Check sum is B
test,"~,{Kp0#>eEkW!o0KabLLJ'K0k~FO.*r&z@a4:7^
d31.GG",Check sum is )
test,"6auFa8*V$:XqIah=sk +wbi~yNIK
""j}~GgGX4nl",Check sum is 1
test,"Q;!S}rehqCDWqRS""C%pv~cSRM=",Check sum is A
test,"&19n?8xdqo99x'!1B1=i	
n}DCA'/H$$TPL~",Check sum is '
test,"|$Kz9k""d|T*>R='|k`""A#)$Cv5peW~U$c,\c[njGPb~S",Check sum is S
test,"OFT2D[)~{,|lEei[O)
d%^@3q:O",Check sum is T
test,"xTyxl+Pjw+?m[Nj}$MsDj}>Ap
",Check sum is T
test,;&s%XB9S$ml^aL0Y4Nq/0	Zj`?Nm5,Check sum is >
test,"^f:6E\$bRqt!Nstj
On{",Check sum is 4
test,"6H-DV""a3	w2eCj>V59nYG2:sTpk""ZaD<",Check sum is Z
test,l)N99hHl{s'a<[DoX?q<yya6*^p>yXb,Check sum is G
test,OKt,Check sum is .
test,@/yV,Check sum is ^
test,"qtT0`jeyKO|A$,ID
b^LHb6( p>J^",Check sum is 9
test,+$U.!C8.Pd{S~]:6o^-D0'[nFnn9c9#=%B9Qb4WOe,Check sum is P
test,"|]I!(Qy;U
~B&/NFA#",Check sum is <
test,"@""$",Check sum is &
test,"][(%(QUX?e
KH~jGs<;;r*",Check sum is <
test,z-ANeF\}/)W@>=D&PciL_KGTZ\5q,Check sum is 7
test,"8fZg""2fu3m""Fur[5w.$ I
]U/f{i-l04aym!&#cEk",Check sum is U
test,"2X	=uBfdEAnh=_<m5YSAoLw}-$MUadBH\1j\7b""BQ=n",Check sum is 1
test,"
m*<W'lOo__(Yn;h{j",Check sum is Z
test,%Yj wo~CNKFeGb,Check sum is <
test,LB1=]Y7-4N}8w42Iv>If8M/tE#W>6%?JKt.,"Check sum is ,"
test,"1}]HO]WQ ^)b/>|un*p""p|_G6Iikdy5@",Check sum is O
test,^k1[DD'c0:u6?@>G 6WT:FMKYHW1!G<ic}S^[,Check sum is [
test,"<U`Nb~R]
1mR+x?xcs~y<R7r",Check sum is F
test,RXL!)dKq[UfM6@r7Xs%,Check sum is 2
test,DR!0C0zmHyoG/:_J09go+,Check sum is T
test,l!Blh=rjgjCr?pvU@T(Jf(bu,Check sum is G
test,[=O^uY(Wc+d~imh-a;Lgmc]F	3,Check sum is K
test,I60YT7>&{4hQM=beH~ZM&-	*}~+{L<*k><[p9tkS,Check sum is 1
test,b_q}	k#x7|ZverP;B,Check sum is E
test,n~FttHrq(\R~1@B>?X4gaIInP(p*F,Check sum is U
test,"z%MVVKt7
BUY?)L<~'q.ln/1",Check sum is V
test,"6<ibI]g1zLO}.Mv]sUtN<7MD5X/@lep+Ih#aC""|aqPaV<M{",Check sum is $
test,L XOO{,Check sum is =
test,"DnOCG*2F>{U;KJ~""42m+O0|,ZUe+V",Check sum is E
test,I-_(<*`7J0P`(^,Check sum is J
test,jhFX2mFNRQnR9f#rzy{;jC}r;	%=@v,Check sum is ;
test,K=T:&M9(:?nE<,Check sum is 2
test,"IJ>c3[@iW1hYRoQ6Z'(5##Q""
IQ",Check sum is W
test,"H?1#04YO8y5^R.z2PXP?>.^&R1@9*F9q)q3n3q(2n]_8'b,JAM",Check sum is \
test,		Oax-Za;5T,Check sum is F
test,"MiA|XK]B\@fz!L.,C+oO'm0M`elZQ\yC@_Yt:e1)\",Check sum is J
test,(0T:;Yq*S*=~AZ)dMs~b}HbnS-K~~( 9u,Check sum is G
test,"|*{%<nJ@aCaix'3l_0=9J,k%?GW/,E|=mL(1pR	HwqZEyt%S",Check sum is X
test,6INJ=81hV-yH7Wbiul7,Check sum is :
test,J%cD>^c#5<I,Check sum is R
test,"7,I wlun\%7ZI:^ngs.\x$s",Check sum is F
test,-=Dp74d,Check sum is M
test,"zsQl<)[Ogn%2bfoYX
A]3ag
RYhC?lmvsyV m",Check sum is M
test,{X1q?q9sV{fc~d/>q?QP7!4;)p@*xv8#IB,Check sum is I
test,[vx~4FTQ`7a^HcDA)\85`m`,Check sum is +
test,qZ(|R%.T'9j?PbolZACYVlPQuB1cw=o_`Mou?;_,Check sum is /
test,"<|'Y[]s
66CKag{",Check sum is J
test,"MR""}p 01cQSYY*niL>\ab}aKThr5p4^",Check sum is @
test,W>h+t_/J~.v8\.Pbp!MNholnOM&dR.H+rJTb,Check sum is R
test,#1f,Check sum is Z
test,"	,4WV	",Check sum is ?
test,X?r/XKHD55/VnlNTp	.G,Check sum is  
test,aCEt.$],"Check sum is ,"
test,"BE:	%4x)$hL/N)MJY}@_FwD[.uD~4f8/i?^7xY.\`O
w8R;D",Check sum is A
test,>cy@J%y@J :?!99Hek-,Check sum is ]
test,()?CKW6<}~T?`	_+]p+,Check sum is @
test,zg,Check sum is A
test,uPnsY;p/ r}Tm$nwm[,Check sum is Z
test,6m!Bbm7+h(QlvO 3/KG7gv;/%2s(Q;bOu`,Check sum is ?
test,"d>xK,SV:j<@r0|mE
XAo]B;qO95>aq7U/Mi#ORU""rQ~",Check sum is !
test,G3Ca .	CaE]XJe;-][[#\?\|$Qu4R5S\QsO(k,Check sum is -
test,eXC9)AlEDxR	VGcC$lErPCHw2}xh[ mWg%_`'m 5,Check sum is )
test,"""k)hElyyOGC_k5%T'Rt^8eekJyd
>p|nUvq#/X-7",Check sum is =
test,"8x/Nv~1c?
e fd9/H_Lc
w\6o!@u",Check sum is C
test,"%x>/T\9]UtbeHpUqexAJ~$0yxp'\_%Jxnzqo`?FV
wk",Check sum is Q
test,6X;9%G#WCI#Q|E,Check sum is I
test,/H,Check sum is W
test,"6U!fv6V}5SK\,H2fI&J",Check sum is %
test,"2.r?$`h)P$\FXI4F4KNu5""jBtEc1AJG",Check sum is [
test,ry*F@q7[..3N6#@ONGIM[L6'objUy;5Ix._,Check sum is 9
test,"(q,^unA",Check sum is '
test,"=TzG6j8|#~z=S1f*O""W>dFja[1tJ}IUZS&",Check sum is %
test,"WJ,,D2A",Check sum is P
test,[q \5;]]!'uI~031P&(I)vTU	=LhI.qFdAL<{~BAU~BR2DQVf;,Check sum is O
test,C.Js`25)X\>EI;-9RJK^KHF/?Mn\,Check sum is B
test,"""VSM#z_xUI.h,$A{~3w1O
A7D7kcW`Er18p@!GU4",Check sum is W
test,"T
fS~(!]p~pR""p}Y\~;y?b-wA,@Q]t>>92~~{j",Check sum is ]
test,"<TaT*%,eU0Z3WAnHp-D**Ljc7i",Check sum is S
test,"=OX^{GC!5u#R$!^6;xf	5'b&aZ^fPjw9	-fmUIXdaan38A""{G2",Check sum is D
test,!fv:R^}E:@x+/r|m@1yM8h'?HJZ0x^qhu6l=`>,Check sum is *
test,"4""1FeLj;:3	=3;
1",Check sum is _
test,"aA;0b5#d?
VCde10W?,@i",Check sum is B
test,Jo_=6%GICSH%2L'Fr4#YT1WJ& E\uF4r[Z}]\xPC&H$nfal:m-,Check sum is [
test,bMR,Check sum is !
test,@#,Check sum is C
test,5|v{]1PUD5FM3}lyt)(XD8 gq|,Check sum is #
test,"E`R<O\~'g(do6^
A~cu.YW*",Check sum is B
test,"&U""},v%196Maz+{!1,#1&Yy>	rOY?(3vZ,p>_a0@7|BYU7d",Check sum is L
test,/#ovBp=$/>o,Check sum is F
test,/zHK_k	X\[o%(^xbId_*zh.r?o%#r*QN[w9fHbgXg~mPlE4%,Check sum is !
test,r`kGlBx1pnB' w@,Check sum is Y
test,";oz8Sm&kC""=SyxY	DbS({Ib3*Lzcu>8CN$j@\qF:oQ9^Vn%B",Check sum is ;
test,5:!2>:*L6z!IUdc=qhw,Check sum is S
test,@2!X+9MBI*]`lxHe,Check sum is ?
test,Yg@IcWS]%v6rd:QV:[]cnll?\|S\,Check sum is <
test,",5n-HlD
7'?I033qLS\6\gNGL0m _",Check sum is <
test,"Lxr""mwdlmen8]LCc/attua7/D0fhTOerkk6",Check sum is /
test,[AFq{Y0IKHu+&7I,Check sum is Y
test,[H9rI[`T1	rwl]*%wCvj<W16 |,Check sum is 1
test,"d
)Ji<YqLS.`A7K%V{r}LE",Check sum is V
test,"kfNL eDg=,oC6$[z(\,y|eHX=EP*?""~3c""za~",Check sum is [
test,"Y
R",Check sum is U
test,5/oMmg18ae\:aN?e:42H3wo L|w,Check sum is L
test,"YW)?{(
Zmi",Check sum is U
test,"<""`FD<`lNggC$nA	zE""F/i",Check sum is *
test,g*]Gq_Wq9558@T; @ND;1.SZ	k	Z_epU}HKdh'e#|'ScKDr!B,Check sum is 8
test,"g}~]f5tE?<y#eV(0L3[dSV3""DV=h8D",Check sum is T
test,"=[#
rb_7+t Ia|	s:+&`LCOQc=Mi)`t`w V436`b(S",Check sum is D
test,j`=bux2]<4G%_9M2bZIR](<lx8.}VJVhSEd,Check sum is 1
test,T(Z-Z)Iw@,Check sum is &
test,"7r8s
k69A7=]/]0JQl6",Check sum is #
test,v+}$O@Dk`^mSvhIN[ ,Check sum is N
test,u]:#~H,Check sum is U
test,"v]A{,@#BIx~)r0~lq=e	+A8umRz4Yf]sW';[WzL'|-2gOBN|A_",Check sum is :
test,R+	0L^F=iqS6{HFsM! MWYYT%1!$xBewl)x)	8?H,Check sum is I
test,"T'vw v""IRe=v's!/",Check sum is ]
test,H)5T)]R(t[tW)gr+,Check sum is !
test,n!/hcv:[I,Check sum is =
test,"nt`~sJGw|sD	P""",Check sum is I
test,"?<@""8]:|%|j0VtN_onhrk<AFxQx?(y2V""v!88dCIm5_v",Check sum is X
test,i8bSZ zp`s!/	IlHrbK0a3yw_DFn; G&p,Check sum is %
test,Hq;PjgMW>:,Check sum is Q
test,(	R_Y?TL.nQyd:RDulj/%T3!v?2wEsR{RfdqF>,Check sum is O
test,"\o u`l""f%LfPgTr-C,DEc=#xm4djP0pW&:+.CnET
:[",Check sum is  
test,"""`BEt$g[Q{kcS7Lu%}]^\_;Tw",Check sum is F
test,"=s\Ln7-:xO`/l*`\$&u(
'mc80ck{.a[s{~$aCv@iOABgC",Check sum is >
test,[7?;Nke6R,Check sum is R
test,"jYaC""MZII","Check sum is """
test,i$]54x19T>1IZir=Lk,Check sum is J
test,"Ep<$vD!
""J%<#WTU}J,`L QGx9q0""FFE;xsL =g",Check sum is \
test,PJ,Check sum is :
test,iE'; pF\@nM&CuhPVI=nu.d#v^W|GN;34,Check sum is E
test,H	1y;/B#a;I,Check sum is O
test,CL'G[j'|Jgo@`,Check sum is E
test,"Q631Cm?kF=|upp<G||F.Msl'k/+AN,Nn<uOX/8R*$XVa!qGK",Check sum is I
test,"]Edm#]7_i4v$3[7WSb<vz\E
FCy o^--Wng64BxVOk
A",Check sum is <
test,yD@U,Check sum is 2
test,o^h)y0Dpo	t,Check sum is G
test,"tB[]'ee*+BdXA@S^~NU*?,UAhN1%2r=k=&e",Check sum is 0
test,"RB~|7
%SfNvuF2LYbAMWs\b{9yr47SAs*_T8P",Check sum is Q
test,"7/!(@QJL~\Z#7<1T	D4Fuy(&geT2B*t	*QL',",Check sum is ]
test,".8Wj'	:/Gs]=""yp|_}cyRt.cEvZwr",Check sum is H
test,L/s3A55jQ,Check sum is '
test,xK<`&8V@QwKD^pNsg,Check sum is @
test,"b/tx8gb*mW3w
)oVo1eZ!7'f\^","Check sum is ,"
test,"w4
+
(O=~q%^N[J&{6QRYUg_&UBLUI>i~ll>;*!G""so,V",Check sum is F
test,"En!)TqUbb=B!t2'<ln{x%sJLC?uRm_0PCV"" R](s
*",Check sum is M
test,"=C}J-@8
I^(5t:o,P[24Ra)vzsJa<eF!)@XVl;?xk",Check sum is F
test,'op.{vsAkFA#fAbb;@Q@jlmZX,Check sum is :
test,"oIW`o%
A	gI?|dnM`AXlx",Check sum is ^
test,"DDB}a)=+q;F4KX;;:ggA8	[""",Check sum is _
test,":-""xDBjaXsKU.*I#u`4oWN.Vv }N(.r!]Gp%1",Check sum is 6
test,",/[$8",Check sum is 2
test,LlkM?B`}?w*-UhIv^LnA'K9r.4!JI\q?z,Check sum is I
test,"jS1eBO>sU@W\7\Ez,7mR""D;VR.I`C:V:|?fWj$odd>[q0q
%",Check sum is 5
test,`W>sE3u6mw$E8f^El8eC,Check sum is E
test,"f.ffn""f
$uFn.@?n",Check sum is (
test,"""MLKe6v0_'/W6pe3o([ ;JiHzqa\8 UWWYs*s'J9`h",Check sum is W
test,"3{ zQx[%GU#=Hd(]rl
NML3xwcCb[Sk(YxG N	~!fH",Check sum is 4
test,xK3mxh2iZ2q{$DOxas$2_)*!vKh	n5?p|O.\E,Check sum is @
test,{*Fl(wi%M@B!&0,Check sum is *
test,"Z|J(wEz3utpkZIP
+f]k2|;(<	VEO4pr'v=w#_(RH9>u",Check sum is B
test,C7&*!CrC,Check sum is C
test,~%T?Xra<;01'9gfdv='~m|{,Check sum is &
test,"FDR)d]ue.)': *!,""?\i~rb""",Check sum is )
test,W1$0Non'?8v_M9[<EXg3u$t*W^MP6Du9I??#.y}<,Check sum is )
test,"Sl0S-4f5$|t?VNC~btGr'_.\b/)WH;
_h6(@<jjSo",Check sum is J
test,".'8&5vkN&""JAoBl13C""CYus+O|DSsl9eAAEBGlx",Check sum is 2
test,L5w+y#(JC,Check sum is T
test,"p,;=AS",Check sum is H
test,"9vL6T{-;1P|wX3;}?,jO$",Check sum is G
test,&]}ry  _W`9txSU#G1S|V},Check sum is +
test,*%,Check sum is /
test,*^%%**3ezc	9{D~4,Check sum is .
test,"u|Fk{Xz9]y.-#~?Vc%1.rl1Hk~%>$$z(O,7Pu&bA&",Check sum is I
test,"<T6zWnFtGBHgv%w@5&Qmpsc&%ZzeZuKY""6Zr?M",Check sum is /
test,"{^ %JOp)n.nLkH%^XGPcF	E""Ay}''tE)I<T",Check sum is D
test,"NwV30!.51om56eg+[5YDe@:ln(
9R71
",Check sum is &
test,"Nw8$HUQ_xtYi,G""((gh9XX\>%'t&l1X/s)d\i	UW&OY!g",Check sum is M
test,"^
RP_d(/(i9a' 0:]CzOFoG_",Check sum is $
test,sE@7>y~Z?ba2FdRi O,Check sum is &
test,0v%:{yYa-{>NVU*ih%FHUxYJKsj,Check sum is 8
test,"Vw$2
>V",Check sum is !
test,&`(axUck5g3l	+-f>d<yuU9FywL;lm	,Check sum is E
test,"}R.8B*+&F6Q10d=f~r{L Rh,{/_JgT""a{Y-.=",Check sum is A
test,+Rgk}+1),Check sum is 1
test,"wbP1q	@D	V`$r,v<DFoh(XNq",Check sum is K
test,"p)P 3TiXaiaDej
o:.Em`pkY",Check sum is V
test,"`nFizL,S[;6%WH-q7y9R**t`FSW_%`R-",Check sum is F
test,7TVh?,Check sum is (
test,uccA)>y]$r@}>oI{{,Check sum is X
test,"(mkm/=5=
%
nB}Lsl?Mga9^WP^?+&l<s,v}	z;xRH.",Check sum is 4
test,\[:)OGHZ{,Check sum is -
test,"bU:|(>
[TH""3	m",Check sum is ?
test,jwHjfin$z7]1*Il*QY*.q%e,Check sum is Y
test,U|*?HM{;{tx*4oGD&W2]'JBej_ev;=nv-NrfY/9=^|,Check sum is 3
test,"/Jo@Z)i;mV""D",Check sum is X
test,VBh|0ML7keuG2?IdYC'%y,Check sum is '
test,wTQ?T N1SR-I_	u`SBA!4V9a`fFS	DT,Check sum is !
test,"2Om>c1TQ.$g#_/as>T*Wg`*AeP4>P9DmM5""*^L3S7/H#]i",Check sum is >
test,vOx}V0,Check sum is  
test,/d-,Check sum is  
test,hd6,"Check sum is """
test,-A(A`Mx:L/,Check sum is Q
test,"2_(z@'RPR0/7GP%50L@|%ZX;!$6t,xJG8{tCv 95eRy}^V",Check sum is 2
test,"6=>A""F",Check sum is :
test,"f_0\<:nR=uV""?'E>lmdr<$1o,@( M~0:Zx
lv6>",Check sum is D
test,"D:2bu*,>mg",Check sum is O
test,"gazEt	c`MT;#D0AkRk|w\""d*K8 M/",Check sum is !
test,"_sb2?*F1FN|)oHa&gAK,Nr<>",Check sum is 6
test,~7tF{(&Wo,Check sum is ^
test,"R>{asrrMii2Ks{]%XiAp,EB%sp27gB9QZ }3xXQ""3fA",Check sum is ?
test,M@dw,Check sum is H
test,":
Aw3yDtnX$i>q`usP[/CN\<9F
B6`&l",Check sum is @
test,"U9bv%e5}V=}Og<f~G[xT4_ea4{`ME3S5b,hrT;2}oz/;
",Check sum is N
test,"[XW=WEzLcw{|[BB1]}mW
h
@xIpN,#o>U3n-Stx[-xAw
tG""ta",Check sum is U
test,"kx{(+p	hWHrJ?F*H[CT8y[C2G13xG{{7-XnE )
o",Check sum is H
test,vSbFv!u8x1O?lde[WwJK_3qUUpV`,Check sum is R
test,"S*+\@BY6@""^ag]KvzvnWm""hV(o{ovF",Check sum is Z
test,"rN(ZD2{F	XJl{Vly+x$u""]jD.",Check sum is =
test,"
=du5+BTiFeC;p]L0",Check sum is Q
test,7;2t?QT2e?gPdQ,Check sum is ^
test,"A(Ej&P_qk.!}.<F
!X;TM^""}nxT[i@Z>k_",Check sum is !
test,"7Mo[B0bKTt.%MZ66y4Po})kwr4L7&B\D=*L/33
|",Check sum is .
test,":;y2L,WQB_",Check sum is A
test,"u]J4#Vg/Q7cI>>nmjQ%>`_Md
~cuLnxRh)",Check sum is M
test,"t%z+ E'3ta=J]n--
UD=	.y[""A^$s(\Fhb@dE'\J./k",Check sum is 3
test,yv!jS~[;,Check sum is A
test,Brjl{6&)je&Wly	|'8VtIB{h8hI>}[-,Check sum is #
test,"W@dD# c)W|!h><b)+CA-q,Z$|3ahm""NOMOFY4e:w",Check sum is /
test,y+ !i,Check sum is .
test,"vRL-bpy7
q/W,ByD>XKfWVHhzx",Check sum is %
test,"
MO",Check sum is F
test,+whY~9dbLK,Check sum is W
test,Fkk$e80K>9C9<-HM*y^]R)u:UdzQAL^_!Obq+#(,Check sum is 8
test,"
Y43,Q
?<!JtX<E\ p+;`J3KO\+H+~F$Lni",Check sum is 2
test,"""\\ZUma""5[4	\:Tb%y?:LG2=4|l%Csyw",Check sum is 2
test,.C9Y,Check sum is #
test,qP$,Check sum is E
test,rw` 0vr- 3f@7yx!Z,Check sum is *
test,"	MgR,WZsIsONON>]k\K0cS7T.0VIrJR3",Check sum is Q
test,"\q[][`.95[*0 iv8~4rHAj_9^ k,xKkxK]_H+8C1O>",Check sum is E
test,Vp$R;rVopL@Y4U0lZu#_/t~_<{AZ&fkj,Check sum is L
test,"\P
",Check sum is V
test,"9\/xo6@Q.0
nQg1cs]'ZO/v]c@mpa\To^K=$T`@",Check sum is T
test,"AfU*KIO1,aA*R6Qf1Vp^CuT",Check sum is 2
test,"UjB*7k6'Q#SI3ui7s,",Check sum is A
test,YN%M A d1,Check sum is O
test,"Xk
O$1\a.)+#!.{Om""-j %<#",Check sum is V
test,z$/>yO0o[=$yj;b-p,Check sum is +
test,"7nZ,",Check sum is K
test,"s3qsuw1U@c?mp$Z
dOkT6 %k9kZ'CfRGekn>5Qe1d6[s@v7CQ",Check sum is #
test,".wESmW);z
0K]@",Check sum is !
test,"@e7?kd
0",Check sum is D
test,"++=AJX~?Kv|$C\s0%#LO=*$
z%-sO2p4s,UkG92Xe5D&?L",Check sum is J
test,"&
Z:`IM?L]7O{C|`/.)j6DIO@C+MMWE'-P2pg",Check sum is 5
test,5vD_+yY]PVUFz,Check sum is C
test,M>B,Check sum is -
test,"3|t+e$
C)iJ`@R@YHv%W%xe!LrG}OdNGw6-E	'P;5;Sv@IscPz",Check sum is N
test,"M
B	p*2Es\_e	GvmkE!avk<n{{4Y `Oan%s  x~!88\B<",Check sum is 0
test,"+qbejZyu""6.^7yO",Check sum is X
test,_YuB-%t{NA?A,Check sum is _
test,de3=p4G<4\gP0e|!d1QK@u!#3+TA|mkuG}*SUa1,Check sum is G
test,"[)b53
`7%J^&t/",Check sum is %
test,"[L~3=^g.#ex!l<VKW9
y0?y=ll+8j#~[]KE[[).T",Check sum is 9
test,j)9hJB.9+r|=0,Check sum is M
test,"C
$\|3Nd4f\""TjClW{b|jdW:sh&@}Z{&c$)
Q}=3FNfSv",Check sum is V
test,"Zfn/.}8&MoaN""};u$}j<JXX~C<P1>;f.2Go7ctcy\OS+XN",Check sum is -
test,"ri3'""t_{dbc/iGl9$	/]L6T{>z*Ss	 )cX	?$U[L:pYi^y7 ?",Check sum is 2
test,pFQuufM[!0GGv2-F^tBs1RE|Fwz{b.}Z>MQG6,Check sum is V
test,&F! J+A<`i?{oM++g(,Check sum is #
test,"sv!""?I61i#@e!s",Check sum is @
test,9us^_tcVI9lIK$,Check sum is Q
test,"O'~qdXJ*BDQxuh>FrDYm=?HMF6'>';u1`r.Z%?P{p&7s#o
RSD",Check sum is )
test,"{jasvX,@XiT (O,u6LkKYS14nFi//df1T|4919^g=^RfC",Check sum is !
test,"R){>H@KlHF?+E0??NV3NZ($4	{k""&iaD`.1kd^Dr",Check sum is $
test,"MR""",Check sum is !
test,ULu?cdfGG^#\7j{@Q)5X	{JOGVl,Check sum is V
test,:GI68Kt,Check sum is W
test,"N,Z^|vz#DERYlkfZqE3_7x]L""6Q}+M6P]kr=2D#EYQK4o<",Check sum is Y
test,"|^JT3>RaA(
g(v;YV1Q`YI#=TK[37np]",Check sum is !
test,fR`#xxN,Check sum is Y
test,z+I[WDS,Check sum is W
test,"hT58RR3Yq|KLk+
[ hBn,#$=lmh13j+T$Y?|HL}QM]NJ#3XdO",Check sum is +
test,`Mc#'ZdlU^@I[cqA&KVx)`PB]CcG|!T%\>.1RW*@Z[,Check sum is K
test,"llNH ""[m?D+f\K9 37j.u]9&?%5Q/}RIvd!R]>'q
""`5",Check sum is Q
test,"l/-ItO{??=N]
Q*YN/UT`_R@PX:%l-J*ZMq}Z",Check sum is -
test,`*P{68<0PJ,Check sum is )
test,|-Qqj|_?)zHyf7\odr{p,Check sum is \
test,g~?(q490,Check sum is :
test,"US}T*
xeFZg""Y^S:""l2?J,!F})	Hf&aJ`s",Check sum is 4
test,T$=8},Check sum is J
test,=.^K-2biEs`f}$]ZbN`K	=3Skn>[Jyn+4]JG,Check sum is K
test,$SE	xv]xT[E9hys0	E,Check sum is '
test,fd:(,Check sum is L
test,1HZWkyP&e#NvWyvPA{4Xc~NWmc-D##Mh~,Check sum is N
test,"nPExB1w)	,7fp-{E@?o`B%jTX&x_|_dFcbkJRwn+?O(kF$GQ",Check sum is )
test,Z$p8La,Check sum is 3
test,"50m""iRL$""!ZVT$C",Check sum is -
test,"2[t&W69aVt]	T,RCiB}",Check sum is [
test,"q]b7|.6NZsRtwN,?KT=FpEX2i",Check sum is B
test,"QS'|kLUoH)Q`<5""cg",Check sum is !
test,M-_WY!n8r:42mft,Check sum is I
test,UK,Check sum is @
test,"m	{M]I#yRX!_>GPnO9<YzL9%exE)
7hXO!GAJ,s",Check sum is ;
test,"
C[b-\TU%E-s0He{45B&)KPc",Check sum is 6
test,"zK)""HM",Check sum is E
test,.)XPb/ai2ov4d q;,Check sum is 5
test,"lZTO8a<e|_e'EG(q'?KW=z&N,>+ZM""2B",Check sum is T
test,wwR0QZ}U^fiVXX<,Check sum is <
test,"WA/.S""|""TqtC]e_/#|y(6.;9&.!ffu*'svsuX8a? Oda",Check sum is H
test," QOEVt&xbL&{
OW>~lLuZN",Check sum is ]
test,"	v $hAs5eS;i`K~;2""@y-UOFD@Rra%HB""&",Check sum is 8
test,#E+n	=YqoFnA\,Check sum is 1
test,!`NK4W]>YYFWYibI*uMU,Check sum is ]
test,"(x=2n,p;?LS3L=e R%95:71r",Check sum is L
test,"Jz>NO_,2r]",Check sum is K
test,/Hq|Q+8:BD,Check sum is 8
test,X2sm-h]:;n@[HYEZ)3=iJEpMRf}ALn,Check sum is 8
test,"K53b3(L\q#2:zr>?A,_{nfS]e<o7yl8VR",Check sum is 8
test,"k}LF6rv25UfdK1dEsv/`O$DdTKF80?bGa,hpJ_*",Check sum is #
test,+K)IG6=8c%kIX;YiE%{L!J#qH)[aw97JK~C5`tQ,Check sum is ?
test,"A<
q`-L}i",Check sum is W
test,")B/|(+zF*78o5)0anq~Q 4
9PV1^]cNzO;u>/|_QRtcADx)q",Check sum is Z
test,"Ks@1$w/""tj,d""}GAj7`.%tRb>i,LM[U",Check sum is (
test,"T~?t(2fP=kPML!1SGt,'{r_&07GDC&Jcxv",Check sum is !
test,B3m3 u% +>,Check sum is 8
test,23HyOMyMM7Cv$YBuT(#*ErHx,Check sum is Y
test,"5V""84a6~E?-Jg6!:3kG<:7",Check sum is S
test,!}jh6fH=nwt*Y<3FXa{/]YZiK-g8UH|M$_wjF5zGM7/*ZX@A,Check sum is K
test,	tTjqa/M[Isb)mm9\}g6Mo	*6#OGBW(=+r-oY[Ef,Check sum is H
test,"5a; chgGOuN!bt=`!iZ""kSKjl<9
 m)Eyc_}Rj{:$Can",Check sum is .
test,"2y?L""x7#:F""tf?=G4}>&&fJ4~~]7qATGrpZ8",Check sum is 9
test,Hn1io=@SN?`,Check sum is \
test,6Rbwj~Bv	>NR1a1Q,Check sum is \
test,":_:#B#@ ""lX9w#9#/l.~J
D(7lvwq	1e]@MbMN",Check sum is >
test,"'-}^7@>h1m-EY~FJNv#>kAi
dZ_|M&\`",Check sum is /
test,"FV<Ai(;""USM2R:Lu",Check sum is [
test,"4p430'g;zNXvS>F-/PN3&uWwdMl5&:""Pg>]KV bN",Check sum is >
test,un$dDm,Check sum is <
test,GJ2!6b'ZM0NK+0s8r%G8Ccp)c9rI,Check sum is %
test,x~:)KE/r?kN{n_KZ2oGb%Oy=%7kV@n/4TkE3,Check sum is (
test,"	QyO@zRG[2</b>qs|-D
	Jh?v dEO$;v!`j|crv@/lL]BZ6Xg","Check sum is ,"
test,"+=0;J8}.(vj8""u6
#sP0.IW#6<R->6V_-)l>4ZQsu1m4+6#",Check sum is 5
test,"#!'~3&uV--bnu]9-;`""
",Check sum is V
test,"(@0}H,rrO""w]+(7_V<-e6EK",Check sum is %
test,"nqfRG'0;/tc	=ytOq=u*PAU*0cX	;!.LOj*""q9J4{rf>?#{_H",Check sum is A
test,"1MX@MChrEJ;wam:NX@1~<lRb&OUtwk#!.3<:gZ `, q+M",Check sum is K
test,"V=TlZ#^2DN;%
x1XdMZ23K7Zs:qac{|)@",Check sum is K
test,o1r5^y6N4D:*>&7xq'6m.iS',Check sum is =
test,"vj<B,0<xu-Hew7*Ya 7Z!",Check sum is A
test,U'.NpJK*YfYgbc3q#>+.i^m]G&,Check sum is '
test,O^KL(GK`UcXN,Check sum is \
test,Hq~\Sk1P~7bk1p:0N3Re^;a,Check sum is 1
test,"DX;H`BpR*pqf`hkhD^P|s|:,Z,&Em6awu
G
EFZO","Check sum is """
test,dxXgGQ#TcW|_.5BD)[x	sf%DCsdszyVLE3ri9ZP,Check sum is '
test,"4}1
XA,v-wjHh](&fVM\UXyMZPS9CH",Check sum is I
test,4wTwO1?/2!~-{o;z@mjIwU-`'}P^	(ne,Check sum is 0
test,"l;wrG%KS9yTTtj}[6
}\<85*B/EhL?D^9e^Y?IJ.\}8{((",Check sum is 2
test,"Hcx2,b_","Check sum is """
test,"!<cD,h!XbYGTeVyZYNjq[l\/|O^2G66sL",Check sum is 6
test,"$7>TB$&=""#/5#n1x*qmwbsSILo]!c6pLCm',;1$PR!ov",Check sum is 2
test,"*C""Tkp=kkO3G#}!9>phP
S2Oc!yG)}""TLr aF J26Bx
y4_!c5",Check sum is 8
test,hEzh32/iS -.Zngp' f~)Lg:`c6ecYt^,Check sum is F
test,IP%cuJge?E?7:5nQg]!a_,Check sum is Y
test,/zJqHv^]/cy#T-}q9I$B&;84~l-q5-4S1AD;Ur+Ra';)0V<N$c,Check sum is 8
test,fOb|,Check sum is 3
test,"A>3e$dwr'4;eX9KHy{C
CHoyY(""",Check sum is ^
test,LPx$(tTZb,Check sum is D
test,N0	8I\7j`&%H>TYgHuqsOP{\]EWhCI:B.g1|z,Check sum is &
test,uji.G)g]pt-?1<JJ(,Check sum is C
test,";XqU)`cp]?-H&	$38	$E{sjuXKGHb1j
5+",Check sum is <
test,"M[k""$(&""d_H~*B[t[A2OY_wp9p4`x)}]6MM;;""SLdT/Ml'j	}d",Check sum is C
test,Vf<Ja,Check sum is C
test,"V'@x:1c1Q2):B).]K6
/NoJ@\6}	T(pz	[nW(t",Check sum is 4
test,oH}c/Q?;VI3>gBdc(\5N%B?L|{+\>Xm\=,Check sum is D
test,"nh*]

;
f%",Check sum is !
test,X4,"Check sum is ,"
test,YEdl',Check sum is 5
test,.HpPR`AR|8nb(dfN/J!uEi0|\h0UiMO,Check sum is V
test,"?6m-FJ=oa7fnFqVMAgs4NY/Ff!C*	<vPL}KP""-",Check sum is N
test,"`.dyKR+QEsE8yKz_:QSO]]/""k	|@*",Check sum is H
test,nH,Check sum is V
test,y3ucJRI !,Check sum is J
test,\3&'{%&3$a~am>!g]8,Check sum is !
test,aL]L%9-tl.Jr5)|nm-.N8CZNv;GO,Check sum is S
test,"e>t2|e}m#h1%#*#b.1U
sh#z|@Bwx",Check sum is J
test,"Qk%<;
	M_pvN!&Nq]ivnrFkji=]4G&9~XWfp@KaB^WG$PM",Check sum is 3
test,"TBse%l{ashF]? sdqqZ<_>X%k;X#M#UD""AyUSi[Y3
<C@",Check sum is H
test,"'<MhdX
5/%vz-S{@j_and",Check sum is .
test,"B<b5?jH{Z(qK
A/S=v2t oE}	-lE&r.z-7S7Epd",Check sum is D
test,5TgNc\wWD@6<3,Check sum is T
test,|]AkSZ7N$A,Check sum is <
test,sNjkTy3p@F,"Check sum is ,"
test,"/nRG#ls{P_8pfa+!,GKJ=5,+<	Z2
	t`/+z_s:Q
%+L",Check sum is ]
test,$5oCWio+=klnTyI6XoMq $g_[enRI,Check sum is +
test,"3
8#]@6a)fZ>CASQ:i[J@qY.`By0hG]Td
%mHo4",Check sum is Q
test,a-NEECb|]\U{x,Check sum is (
test,"Rj@
_Hq%PMiF3>%5hB+GL1owv$?`gXef)(% ?	8-~FaSM",Check sum is D
test,kKtavq:g:wW@r(IMc$Lyi,Check sum is  
test,"K-OEVi`:	oC""g 6;
 +?^q@#Wk{
",Check sum is '
test,1)Ep3,"Check sum is """
test,"Lm=peU_8|e1qKuD5nhu|=,{={|:SWISIU:da|)5",Check sum is )
test,"muP^Nbq~l""jNHj/=c4_L7/H:]F3Is",Check sum is /
test,]<K[Fc4ae}#.d3a>B>l|:gs**?5ju`&d<JYOZK#Zd2p,Check sum is )
test,"S~t!UKZZnQZ""C<.d%&]>(n5n",Check sum is E
test,"NLnse~(
 4_-VT3j/go!y[@/fIwbrb}QAW(D%H",Check sum is [
test,"'h'/ (wfMx	K]r/L8!?&[]R'
,sN2j""",Check sum is 1
test,"kT1c	Z+[PIe^~S4 ?Z92I]|vZB +!g""L-cU8~Z-Jd{FowZ%h i",Check sum is =
test,x<tzu[<8J`	/et>&FI7J_FP*0`,Check sum is $
test,"|:~,gUbx%\dVQtf{!vY",Check sum is '
test,"BupEKp~ri1BklNga%om$Zh06ggB#QiotVcZ
'E3,dh=(eEE~",Check sum is #
test,"ZS`&.tO7!0
&m+@:",Check sum is N
test,m6]*sK@<WP5OFT.C)lvg&j?1^Wt,Check sum is U
test,se.eYZagD@z{gM/@f,Check sum is H
test,JKi#jmARY7hqQNl,Check sum is _
test,UF*X+rr)WZ}+eFCug}#@uXOjz_VN!,Check sum is \
test,aU(,Check sum is >
test,PwW	$X,Check sum is C
test,I><OP$=>E q:-W9]]VR2^ed+p67lHHddZ!JSLYS2],Check sum is T
test,"qr)D(cD_""T\pg# I]S&vvR)""n}a[f?*+{w\",Check sum is !
test,}?)}$ctf#|^BHm^o,Check sum is $
test,":.""Bh
T\.LL5YB(qGNQ,kj[MAk6WJ6M	R",Check sum is -
test,"?OgA'R7r+
RqQ9_kPW87=T<H^8ORL`3Q@0X4Nkwda. a",Check sum is 6
test,"NCX*2enV$fc4C=/l0\<_99Elv'j&4K)?QT2e&
y8b#yk>wT",Check sum is 7
test,>rEg3&m3I/CVVGVkU5KZ~S^LX/*hL|;w~yp,Check sum is H
test,8v^Tn{qNH&Nh75	;`(c].3UjMY.I,Check sum is A
test,-M)hdy&,Check sum is .
test,"
O(}hbpj+PEQ1 >AQpNJ(jMq^wuw{E;6x|",Check sum is 2
test,"tn_LR6{]Gq4(io^2	t])K<<a H3mU]/F
^Fx=w+1Z}kApYI/""",Check sum is ;
test,;l*,Check sum is 1
test,A8KqMSc|e4UAZTCIskwCx0>W8GK?Z[sUl1)tD,Check sum is V
test,>/L]_0t.#Z9#B%-wa ,Check sum is L
test,sk}CXzE\,Check sum is 1
test,"``KEz)4_d;.6,=w$gaT<3hsE",Check sum is X
test,"}?Nk#=?\-9ZbQ%@x@JoD:	UJ.
Sn2@2",Check sum is \
test,"Tb)""[
mIyQ=s>WAu""=Y5bA,r$Q""#YD|8ME^z? xAd",Check sum is  
test,"nlWXx>nNpX1,-7[3m#`8+qBvV-",Check sum is 1
test,GvaC+lgI?}znpV0e)PXQ]finV[0,Check sum is $
test,%;i'O*HEH,Check sum is ^
test,2v3n+Gm599kt,Check sum is N
test,"Gw/i`f|w%PP9}^sCmElU8{:9u4rDTAR
,SW
""M",Check sum is 6
test,"0j*S=Z0.h#KvK#}U#M.aXb MpC$> slE;Y Bb(O
Q<`E",Check sum is B
test,|:*fOZkN;Co93Fo;,Check sum is Q
test,$hT39[X,Check sum is _
test,"7}4P$BJzi5""&XGW?dO|bX+M-rp-_8e6MWV{wY{N$E",Check sum is #
test,"Un+S&j
%Oq
(|!7Y|Nsu7<)pc]kLX#T9Y@[8}6s\5V-^'&3r",Check sum is 2
test,"{$yBsWrRTFg?QY5X[$Pp,",Check sum is *
test,"
T1rF?-)bD`8
O]xDzv1sj4)Y""_#?GVmUO&.'6*",Check sum is L
test,"-XW^DYT%,2P0Cl*gx3Hv@nR^p\Aug(5""*Lb)[i6%Zzc0vb7",Check sum is S
test,"#	h:BI~Ssy?0ju\h84,
CksY9k18pVmux6T:}Yjc",Check sum is 8
test,2xRIE'aqvH3TcLet0&b6Ernl)Ix'w6u`T2FEpi`!,Check sum is -
test,zonjwAOr:v7$Losv,Check sum is I
test,PT\gsFD<)il4p}}X`nk3~.:<	#q  VOg,Check sum is +
test,P$]OMk%<LRpIJ2LcdbTs7$=O5&2u1 O,Check sum is 1
test,"x`~5r""F}7] w",Check sum is -
test,"#:n'cj&,WQ^ubE]=(?,@7",Check sum is 7
test,I)<Jhh3Wi,Check sum is [
test,d&	,Check sum is 3
test,"> z!__c:*r"" 41y-kd\TdsK\iDX|(M`+to",Check sum is >
test,K-+z~~$MERA3=;1gZ8XJoQlYZLW]<,Check sum is T
test,"lL,""u",Check sum is [
test,R<SB(BW<bK1b(k8',Check sum is 2
test,mB|gK7v47zR+b&,Check sum is T
test,B9OmA I]oy|a0/]wI]:=e]j(q0VV]^#pi3VWv2rLy~d!*,Check sum is 7
test,[2DXULPI\SzLZ*g7H>ombP@?u_dp'Ggj]=EJPU,"Check sum is """
test,"Z{id&,/Dc83N X",Check sum is [
test,"
5""9`n=/21",Check sum is W
test,"Jpmre]B&aTZB&W#l?mN-x\
)&KfXlO5|+`*r44+dA
}|*",Check sum is U
test,"fp;!p3sv
%`AC",Check sum is 1
test,"P)1{Hyb~OP2d5N-,hsR9%vl8s
",Check sum is Y
test,"_4aA!ko=]9vT
5kn\q+\",Check sum is Y
test,"G&ymo.7l.U}z;,@.x,'",Check sum is M
test,SL%7i>Z4*%v.*h^dG+'d<tXJM'=F49aXn,Check sum is 1
test,"\fn3_6zy	F~Je?~V ,$",Check sum is J
test,"1.#v/=uPLOZ?_a0ER{V]""PEhkMX*N1QNC(eI""
3C!LD",Check sum is U
test,"bI%/pI""mK'V{h4""z2/t}bG,}A]?LwNj*mN{",Check sum is >
test,"VOp;!EEwE}{""1(76Dh(_6oYW{{uVHuJ]u",Check sum is Y
test,|~n`8LT&fW~\e4	r7_xDy!L~af-S)a`,Check sum is 8
test,1 ,Check sum is 1
test,&5yzC0+fusyJ5,Check sum is R
test,"-X2dvt9}C
=DPW	93|>x^ Msp;xOFm`XNl.zb",Check sum is V
test,"2'J}PBZlDBg5k;gxwcXx2f*\`,CpOk$5+ /~<k`	",Check sum is !
test,"Cws[+,x'",Check sum is ^
test,Wi=LG#eI=qa}v)<+g6U]}+LMlm_74DTT-,Check sum is _
test,"l+ytLiEO&!jYyXE-Nz!,~kP",Check sum is H
test,"lZD@lAK@Jdc""n'u\%@IyotJ5>@hz5ScU",Check sum is $
test,"l2?xx[
#8sT8_",Check sum is K
test,9dgDf	uJ?hjo:Y9 K|JkB6[eq[4,Check sum is 6
test,"o^Rd',6(#cOv}qmSI:z3Qyr
5""rf6uR\@&	'Cm*~~oCL~_}",Check sum is O
test,]KlZ,Check sum is N
test,"!yQAy.T;\d[ad}j>O*3eD]@uRA#K
#",Check sum is \
test,[=jWgr1N#VtJVL4Be4x*P^YO}|[a%,Check sum is K
test,"V:c!#D
IA+I}Mv+[1W=mL[{1Ro",Check sum is /
test,N{b3XcS;:omX#,Check sum is X
test,SWfA[fWneSHxxP?5~-x#q~E*,Check sum is O
test,lU]w'*Y%kDJ7^ *qyn4S=$<y,Check sum is Q
test,"&@HnI'FfP_FYR585en
D<,0kB&'JxoPp	""j+lVVs8
[",Check sum is &
test,b\F(,Check sum is L
test,bZup*FF@sNO]Q~W~ ;H-W&,Check sum is U
test,"nX`6/>.6B/:,=.!9:pmX5T^!'HPgm)f6kTJ",Check sum is A
test,"C2""JEVj{=yF@b/k;
KJce",Check sum is [
test,8.1<H!{\i`)vOt=Fd.v2L_S#V1'U/,Check sum is .
test,nYAl#X{s?VRM^~f ,Check sum is S
test,"m&v2]+'r!
; |O{D0O&=<lo}3eVD,qpe.|K'/~RMp3>tJ>$T",Check sum is #
test,"5)n\#N
PLMjA",Check sum is W
test,S[${)!8oS,Check sum is 1
test,"Fw7Jc!k,eM7R(.5fCNz<p^GF%%mcR?Qz",Check sum is =
test,#QJ<Q,Check sum is +
test,"];+kH{V$x9&I=zEaB:9C&dZly:`o!jY9cMy""sP0ps_+R ",Check sum is L
test,gk$C(@-,Check sum is .
test,:3#[pX]H_AhD[s1C	Z;`Vo.<U6Cv7b f,Check sum is V
test,"X&T5|1T+;HZ~kyvA4CX[{PG;?,wg%RStG'",Check sum is 5
test,"bp<H#r,1k@nxI""Ra(Iq;(+o=J\jRvAQ",Check sum is ]
test,	pE}H,Check sum is #
test,"khik+bC<-,*4^$Z1)g@1+?rD@\:T#{g^[pG%h)&ZzPJ",Check sum is !
test,Va'8Q\~DT?&Zn#]c`G]wQ 0_iP;;}>6GM!-QvH<=G,Check sum is U
test,"z}V>+
4Ho 1Ek5s!U$V0",Check sum is T
test,ohmWv%Su}?Ik`?ap,Check sum is >
test,t|k9D]4~CMx!,Check sum is 0
test,\NYm0ynt	_F[Sv|TD.K.lj]_^@TO,Check sum is ;
test,vH4B2,Check sum is F
test,",7SoM""#o[$eDqK_v",Check sum is ?
test,XIe=2$[+~8s~<.q8,Check sum is 9
test,uL	^*>C5vv4P7|$w|Y,Check sum is ;
test,BHF,Check sum is 0
test,9cwur|jZI,Check sum is #
test,#dyFd:]pU^A}HFL`wWM_IDXy-[^fF5_dGh;r%8),Check sum is @
test,"an""V?/|Qp0/w	ImLw2I;}GE<zpA&^RRn^-B5E0.eLq",Check sum is -
test,"<4y{<Ab.+m4]c	Xw]G1%0Hm_!nKs""
8+^7WTp9Ki_P4^",Check sum is -
test,A9-+l/m N.CO?61~a!\GFnst2Ff,Check sum is *
test,dkJA`}0,Check sum is G
test,"KR>gc|@8x&_,{YUoR}HuAMm",Check sum is A
test,"u}WR""`A;g6]1C%H3$X_5Ya&n",Check sum is %
test,"L|gP=ixy5m8Od&J2Us:Lx/3]?[8""W~YV|N?",Check sum is +
test,x`lzC#FCL%w#,Check sum is X
test,xP)^aXZK&b:xmSPaI@}^+4a2p_/g4,Check sum is '
test,NtpBTc?!_4Y#O(|rZ*QrSivw8&K6Ugp2R,Check sum is ^
test,"os%59kIK	\rhSGIC w""mRmr$2}1*N""q2",Check sum is Q
test,"!}J&yu\.7D<eXS@* *#SK
C",Check sum is /
test,;=*r1mJiY8w	,Check sum is V
test,]:9>7ZywJP(Rvd+;EOrCzd}]t-1,Check sum is V
test,"(EuS<~X3%r:3hs$,_v^Y]q^S]{cg;w -G9*}h+O#PM:b'w{9","Check sum is ,"
test,=}BO6>BM@|A	^Ys4,Check sum is R
test,"O!W'Br&vb?_Ww
PiV`p",Check sum is U
test,"uk!wR'z5@""\&+Sfe)b+;5,2IY>yv8nzWI",Check sum is @
test,"t%6cqJ,W/Of)rA2#}"">$+'-}>?}X0jZ_Fi..H.9`SxKiG&(k",Check sum is  
test,"P3oZZ`<m^fT""..",Check sum is %
test,qzC/i&@3*'O5chd4,Check sum is 7
test,"4]d""BS'fhmMzdoD@KV1F[_1=TZT+UBEuKe1bA6nSU
45pI_",Check sum is %
test,"ae-D/?=2#`p5
?",Check sum is %
test,RLQy)0Fs%Z(,Check sum is A
test,"Xi[)mfA?i^F}ARwl)z|/5W4[R6hPpcqTn-@-VM
U|bt~G8&\$",Check sum is 8
test,OYh,Check sum is 0
test,"gwbd#>l+)Gxg/e8tv~uy;0*
Z+UPX9!kZAj
o( 1_",Check sum is )
test,HK7fqy\OqUsuPc],Check sum is #
test,"m""7*bms5_^nN),s'(;D/GP",Check sum is \
test,"
sl]5G0\<^EV_F
1D_eowa]C3IaYJ7jg&O7&8nu",Check sum is '
test,"+=,.qjfPOqM""#:yd:UwWl OvDKn[@UV^>Y""B.(",Check sum is <
test,"05GH Z$9kbMA)/xCau^G986DUWp1on;
0Az4L;6]e,",Check sum is 8
test,"reVZl#Q[g0""_k3+@T3}I8W<UL*yS",Check sum is 2
test,`M1*61O{-+8oB?h<a0xo,Check sum is 5
test,2nQO7xF:C~]<,Check sum is )
test,J_v~<?v,Check sum is .
test,"OMW~+
KEy+YFGQ,x//2HI!?[&.",Check sum is E
test,"-.$>?,9+p	pCL]5pg*""(hV1iNk	;q4Pl,",Check sum is #
test,[\<UXo3zS,Check sum is /
test,"uUk
.Yg%
|^K V_CtR.",Check sum is -
test,Q.W?sIz#lNk_ F[_	;D/^AZ%{yuRNuH-t7Tz}^,Check sum is N
test,"Out

Z[gs<Z|1Lz
.Xxx^FAU*2on&c}",Check sum is =
test,dU/\\,Check sum is @
test,"7Pz#cK^06""",Check sum is X
test,`w}	~LMDG/]s_kJCX%JQJfSm,Check sum is =
test,"h@NU""kpx}?	 4}C($o<si>{(@KA;^4@zi",Check sum is )
test,T7I,Check sum is 4
test,"INx7""ZU4R*Dx<B.2j'-0d`k>yO>TA]iA(;Y&R5+",Check sum is R
test,q<dmNx`j,Check sum is .
test,HP*mRhvx_lm`^$H*fyBHNyoYr%ljt}X,Check sum is 1
test,"0
aV	=ExU%[mg[P,D1={zjdc
orr!T)~u
 Kg5
4(Wn62)&R",Check sum is _
test,"U+am,Xwj6\3bJ!t{'B38r.OV)%Z)~s'^nF@AP",Check sum is 9
test,"
!O[cj|O<Vj_5
",Check sum is '
test,ncVpb4$l%?8soP>)hG{4sj!]XtTVM!4@X,Check sum is ;
test,"\^^CcV[AB:MfaWueg9#[:zuNw)NaJ<N+#,b?%|41(PJZM4]]",Check sum is A
test,c!a	JEt#>.ma/:$Ac3pM:kvojf/-1{!\ZdT>B@vh!$C%op,Check sum is *
test,"OA^iQvKJ`/zwYGm""_sN~EGJv?$N%jp+@vI(^",Check sum is L
test,"c>/c.@>?
q	+}~",Check sum is (
test,goTq$;n#F=VIHUQ]Pt+U+ingdAT@grl~+n<,Check sum is V
test,5ZCwL!N7.i^%q[gqqw,Check sum is A
test,yenT45z,Check sum is #
test,^!qx;lW@Tz,Check sum is T
test,Wb@R\]XBf,Check sum is $
test,B6e;B-^MzPGJAc,Check sum is Q
test,"vd-?""",Check sum is H
test,"^pnSS`#/kW&""Q1E16]s	y%7v3c%p&OMYr+",Check sum is 3
test,"XyGl0b
E|		qGV]:""KEeu@ 6GfiwGtTNOE2Pr1xd""G2-",Check sum is !
test,2f0sF0v8kd3$,Check sum is %
test,"VHdjk;(o^i\h'RL,B6]",Check sum is Z
test,qPiSQNE{m8n4,Check sum is C
test,"I@OYt5S}77']nlXv
5!D`)p33z..n3lmOSG;h",Check sum is C
test,"X&EpCM""9- '(GwbW~/}*mn eq",Check sum is 6
test,MG?=s8(5-/APOLYfm	{B7#;FYFsFl0Wy#R}od-_ev q3%=-F,Check sum is V
test,"#s}~
L]_^:+ISA~tLU'S0H19pGk",Check sum is 4
test,o8?-t1&$'b~Q>A,Check sum is 9
test,"_`d8kx3Q9U,RfeHU#SB{bbvi[aOQpo
7#]%:",Check sum is G
test,wKK-qLo_}=HVJPD PLMYJMTq9L'Z|Uv-\igPS|:V20,Check sum is P
test,"[xoq	hqMjO{F@_,2kbu)""6H18C/?z*_0
C/U+l	'9i+GJSJ|""I",Check sum is K
test,"<.tW`Oqe8$jlr(&`HwZHobS)[""?",Check sum is V
test,"h#$Id@_""
&2(v*BBtH;0+>yq;L$NBnXP""ufr
",Check sum is /
test,"<rMGBSUkSF_jjox#GKa,t(Z
mp=yEfY{5f79yNz8e1YZwys,",Check sum is Z
test,"I[k.?FjR""ARgYuTbS7{r8 n%.q?ZV[6}%f{]",Check sum is _
test,"Zxga9-,XTk54d",Check sum is 0
test,"EW!UQsls*9^:gwOlC""
_pt)nvK;BmyWb1:pWFw,lx;v]sJe",Check sum is >
test," `GyO~rd;bw}zN""38^6$
",Check sum is +
test,"7
=( 3EI+x\dz*svFs3c4w~J'phk9D",Check sum is @
test,"V=}`	z1<Y7t`gcg""=VOf
#^$O",Check sum is =
test," 
Dn].uS#\%'omlqUJ
[t<8>2\~NO@]C X3P?_h])+muQ:",Check sum is %
test,"u;MLJIV}7pzFr#GY
h1R<r=7U;9-30&}jRCnL",Check sum is 7
test,R\)0GkTwGzSy,Check sum is 1
test,J@vw'L8#=WF$FE`u-[ZrNqtvVVQ!7MWtzf4\,Check sum is ]
test,)@;dNK1Sn;Bg}sT/3G('BfEyH.V!n%&; >,Check sum is 8
test,99C}Kmg}vuoI 8kYY@#8=}2+T'9;r~E&'D =sZ*Q;G8~_G:,Check sum is *
test,.x1XVt3j@N]~B@(8SJ(_E9TubE*_^cc9$?[LM(/eL_Ah,Check sum is  
test,y&A7[<3*1/Fgr9{T[}LZ>m4};waIheOLfu*}r</!,Check sum is P
test,wqY?%U$T(,Check sum is :
test,"JWAp cLLX~xu((XG'0BPq~bUT7HfJ>?Qhd<H(o1l9h=w
""?d=",Check sum is D
test,WjEk?,Check sum is P
test,fp]1]#:U3StdB9Bh,Check sum is V
test,rZU)9C&*j`A^hs*oLVagz5P^%p@I	&nnIM|n =H0_Y.]G,"Check sum is """
test,"p,R",Check sum is N
test,3Lm'pLpoC}9bAAS>qp%O5&sZI+>VuBat<rcI>},"Check sum is """
test, \gzQH}&<uD&$%[gW9DQ+5LA<3|PJElpQ+UViVf1:NJG,Check sum is -
test,"nVRE[k,7J.a%_+$=xN",Check sum is S
test,"A
+uf#g[`-`7-M>>0Fs'W",Check sum is W
test,"qQ';Zla&4QKCVsuY6^?P@L}$&Cj}f	""/m",Check sum is H
test,JU(%\=g6|17M[gG <B16tl}tWi(iWSw>TBLVP!{N ^pe,Check sum is G
test,Tp6i&n,Check sum is W
test,"""kvqF#5}[wx pwb:DU0ANs:zq",Check sum is L
test,"%)KM6,}k+a-\",Check sum is %
test,d;2vI5),Check sum is N
test,4pR.@xKZ\5@(y|,Check sum is O
test,"F""RXOK*Vh$]r7(",Check sum is F
test,\9E-2i99neG{%G~^df,Check sum is [
test,"W{EW&JAGQup
rV:>U/ D!5b)CEsG*n4v76G",Check sum is G
test,"B*,sa#Ow>`dl|osydz8E]~%xG=F.b	Le'aZ)BS3{.",Check sum is ]
test,"|.!	""p=O]",Check sum is /
test,:X`ycDvpqg,Check sum is 0
test,"mND	=3}~[DQl6!p-\K$~e~79]w0r,'6$BMf``3alr;",Check sum is D
test,")!HIv]hW
s`r ff
btaS%lD{<)5*RC`yBcS",Check sum is V
test,"HVC8
('",Check sum is R
test,"S""o
qCHB]TB\Oha-dh	Y5O}hJAa!/NCYf2V""e`In	3V",Check sum is ;
test,"[4 1*}Jlz,jB>^*'P@pZ%!t1Dm\SYwNx5uc0|kKo0I;S&YR_y",Check sum is %
test,[Q%>7@?moAc~MA0q~@m5,Check sum is 2
test,"P>vSff~BIM]>#B6A`5qt-fEhP\cEc"">>F6KW]",Check sum is Z
test,\>eb4s&:KZrl6;X`[1]e}PD^'5kmO,Check sum is 4
test,YHGp0F,Check sum is .
test,U`<^(Vj)8|D#Bk,Check sum is H
test,a*rp,Check sum is M
test,"UcRa?zGCf1|nK
CNV=3.f#IMBap",Check sum is [
test,c><R	O(j[O[`H#95U3*,Check sum is )
test,YNpkxNs'eqV`j:#d\h):twC,Check sum is N
test,.V\]'}N|8 =7M,Check sum is $
test,K~\A\:8}<*C!7]821Q3p!!FZ+h<^.{Zhh?3T/B0856,Check sum is *
test,"y_e_*=<O~)^.\M4'I>*#+qX|zXs=m?;}jym{ s
"")n""",Check sum is R
test,^C@jvXatHq9&hL,Check sum is Z
test,"=`zciS""jz H*V5[d;qck_B%uH",Check sum is 5
test,"|b6-XkS.sBt}8\v.2OF6V
p!$4Zc5:YZil6N-L_k",Check sum is D
test,`un-g|6n>7SzHt,Check sum is U
test,"!zan6Bu-""P%N4b~O""""BGOS.'(!+S)C{Q$,}x9",Check sum is -
test,QNfD2%\-V>DWpM,Check sum is 5
test,"i;B|<N{JD
IhKRU",Check sum is B
test,xw.4cb5^\;{u:GWQ'LR	{.!)^jjo6niq,Check sum is Y
test,"'xce*7l(3+*y""'V$)FcqiG,bCM*c!:$}y!o?a@BFFrJ2)M",Check sum is 5
test,J>-n[\`wr2NX'K4q,Check sum is 2
test,"_br6F(plsWw5k6e0()_g5ud!tcqoOO/s
!!`]",Check sum is E
test,"Ao,!q>",Check sum is L
test,"B tI6QGcGk&vKL:'eglimhlS+}O@!nKp;0D*
!RCD3yoF73pi_",Check sum is L
test,59k9S-*G@5@]vQRHT&]<Q[JkNLAF>3h,Check sum is D
test,"MG*J3+]	u*0_j6~P+	.j2!K
M`53,._$`S1G""Q{D}Mr#2L",Check sum is (
test,"F/VSBhCSBX(ma,,E>O@=S4`Xm.2""o.	p2",Check sum is +
test,3+fz2!Q>uyB1QJhTBLIoa67_x	AP~TQA@Zx>I;?N+1q$,Check sum is 3
test,36(-rK8w]Zz$7f&H/<,Check sum is U
test,"m]j04e
bqnk+",Check sum is >
test,7mI'2~ |H/2!:=dy.XO},Check sum is 0
test,"'NC<Y:D4[
ECQ68vIpgvmk[YvKo[A
",Check sum is 9
test,u|s)0bw`}`nq-'(='XHcVy:iA@acfenIMUtYi,Check sum is F
test,:XIMS6+zv\,Check sum is H
test,Q`@*v^DUAd,Check sum is M
test,"bzYg2'4_z45h,g",Check sum is F
test,)Et_@.5;	&zk{]9A!HDEf!mg/cpBHL&o#,Check sum is B
test,4F'o+?{1hsI#y&\S:9{(`_4srlhhfeY1A{~k\V]5Q,Check sum is T
test,GcaR!#O@\	7qkJYhC.LdI+9oB^	|c;]Q/t.j1EJI}$	A,Check sum is 0
test,-4+Z]L,Check sum is /
test,"_12O5b,	&25no {)Hkv69/*&<zAKP%L	''<B}LgRN>pCeu#",Check sum is X
test,Z_$4Wyg7h|*(,Check sum is U
test,":B)X
GTdWC&m\0=^}AE6^,24:0e@s!7	)ufQjm_ywr>e",Check sum is V
test,"}X{{'a+;SkeX]pB;5f0;VNJC,O1f$h=",Check sum is 0
test,#-cq	g?xTg+jFbPS_L5,Check sum is &
test,"4	?]wsM0.)5(==7u`8L5}y\eT9ER+;CAAh&ZuO9bAd,f	A#$",Check sum is (
test,0Fk?P.9BmbJbg8Ktk	,Check sum is F
test,e@[$R\D!KD2H(N2N/	f6CKZuE@:WchRV(z/,Check sum is !
test,"g0'*gE,ejd89HBp/g""v-EH`1R^rEJ;A#",Check sum is G
test,"oWO6|
%@@hu00I4.g",Check sum is %
test,.Dd97]1X}W^K)}j``I4K],Check sum is >
test,]k+P3ZpTJsivW=XbqPZ82E^w@%Sst-M qvm;j,Check sum is /
test,L>+@=tknhI9i!miUG5}ETi-'SPopBQi@Vy,Check sum is Z
test,"	z""qNb(50a",Check sum is T
test,"r]bS]->""vuZp@o{ZptLf69[2	iaEK_",Check sum is [
test,">9lXrdAk,aP#a!<:F=)$}$vX3eGtU-d*0~0U",Check sum is *
test,S[y'k3L7w@,Check sum is F
test,>ml)Fs'`zl<N{0},Check sum is 8
test,"cQnj1+a{H
xV+.6~PtM {K
vcc!K	\	_",Check sum is G
test,!o>H(	qOT,Check sum is ;
test,"R{OSf@am-d
S'",Check sum is X
test,"O^kNw]/aI""},M+*]$B8u>",Check sum is N
test,"9IYv&I`""IT J0f		MT).0gHX`FP)3bgCFwG&u2n,4,",Check sum is )
test,"|mOrA0dbJWN3""ILKD",Check sum is )
test,"~C!yIs%=.EFF""^+$hBd9I%}
kq#d?Rd9;$@ql/w9/dmPb-A_",Check sum is N
