set,input1,output1
train,,Check sum is  
train,	,Check sum is )
train,"
",Check sum is *
train,"B
","Check sum is ,"
train,"

",Check sum is 4
train,"

















































",Check sum is T
train,                                                  ,Check sum is  
train,ssssssssssssssssssssssssssssssssssssssssssssssssss,Check sum is V
train,"CD
CD
CD
CD
CD
CD
CD
CD
CD
CD
CD
CD
CD
CD
CD
CD
CD",Check sum is 7
train,"x
y x
y x
y x
y x
y x
y x
y x
y x
y x
y x
y x
y x
",Check sum is &
train," 
 
 
 
 
 
 
 
 
 
 
 
 
 
 
 
 
 
 
 
 
 
 
 
 
",Check sum is :
train, ,Check sum is @
train,!,Check sum is A
train,"""",Check sum is B
train,#,Check sum is C
train,$,Check sum is D
train,%,Check sum is E
train,&,Check sum is F
train,',Check sum is G
train,(,Check sum is H
train,),Check sum is I
train,*,Check sum is J
train,+,Check sum is K
train,",",Check sum is L
train,-,Check sum is M
train,.,Check sum is N
train,/,Check sum is O
train,0,Check sum is P
train,1,Check sum is Q
train,2,Check sum is R
train,3,Check sum is S
train,4,Check sum is T
train,5,Check sum is U
train,6,Check sum is V
train,7,Check sum is W
train,8,Check sum is X
train,9,Check sum is Y
train,:,Check sum is Z
train,;,Check sum is [
train,<,Check sum is \
train,=,Check sum is ]
train,>,Check sum is ^
train,?,Check sum is _
train,@,Check sum is  
train,A,Check sum is !
train,B,"Check sum is """
train,C,Check sum is #
train,D,Check sum is $
train,E,Check sum is %
train,F,Check sum is &
train,G,Check sum is '
train,H,Check sum is (
train,I,Check sum is )
train,J,Check sum is *
train,K,Check sum is +
train,L,"Check sum is ,"
train,M,Check sum is -
train,N,Check sum is .
train,O,Check sum is /
train,P,Check sum is 0
train,Q,Check sum is 1
train,R,Check sum is 2
train,S,Check sum is 3
train,T,Check sum is 4
train,U,Check sum is 5
train,V,Check sum is 6
train,W,Check sum is 7
train,X,Check sum is 8
train,Y,Check sum is 9
train,Z,Check sum is :
train,[,Check sum is ;
train,\,Check sum is <
train,],Check sum is =
train,^,Check sum is >
train,_,Check sum is ?
train,`,Check sum is @
train,a,Check sum is A
train,b,Check sum is B
train,c,Check sum is C
train,d,Check sum is D
train,e,Check sum is E
train,f,Check sum is F
train,g,Check sum is G
train,h,Check sum is H
train,i,Check sum is I
train,j,Check sum is J
train,k,Check sum is K
train,l,Check sum is L
train,m,Check sum is M
train,n,Check sum is N
train,o,Check sum is O
train,p,Check sum is P
train,q,Check sum is Q
train,r,Check sum is R
train,s,Check sum is S
train,t,Check sum is T
train,u,Check sum is U
train,v,Check sum is V
train,w,Check sum is W
train,x,Check sum is X
train,y,Check sum is Y
train,z,Check sum is Z
train,{,Check sum is [
train,|,Check sum is \
train,},Check sum is ]
train,~,Check sum is ^
train,cb,Check sum is %
train,61,Check sum is G
train,6b,Check sum is 8
train,Ur,Check sum is '
train,}f,Check sum is C
train,2#,Check sum is 5
train,sI,Check sum is \
train,<;,Check sum is W
train,lW,Check sum is #
train,t{,Check sum is O
train, V,Check sum is V
train,G|,Check sum is #
train,Rr,Check sum is $
train,tj,Check sum is >
train,8Y,Check sum is 1
train,z%,Check sum is ?
train,[a,Check sum is \
train,1P,Check sum is !
train,Tq,Check sum is %
train,[@,Check sum is ;
train,&i,Check sum is /
train,6a,Check sum is 7
train,p/,Check sum is ?
train,=~,Check sum is [
train,us,Check sum is H
train,"I
",Check sum is 3
train,EF,Check sum is +
train,#%,Check sum is (
train,&+,Check sum is 1
train,YW,Check sum is P
train,`(,Check sum is (
train,h>,Check sum is F
train,5l,Check sum is A
train,?g,Check sum is F
train,8.,Check sum is F
train,pj,Check sum is :
train,<@,Check sum is \
train,ou,Check sum is D
train, ),Check sum is )
train,F>,Check sum is $
train,2.,Check sum is @
train,}{,Check sum is X
train,0M,Check sum is ]
train,Ue,Check sum is Z
train,P9,Check sum is )
train,0&,Check sum is 6
train,Vb,Check sum is X
train,[1,"Check sum is ,"
train,0?,Check sum is O
train,nc,Check sum is 1
train,s^,Check sum is 1
train,JM,Check sum is 7
train,?w,Check sum is V
train,_U,Check sum is T
train,Kc,Check sum is N
train,[Kt,Check sum is :
train,6qk,Check sum is 2
train,7}a,Check sum is 5
train,<)A,Check sum is F
train,tTl,Check sum is T
train,-ed,Check sum is V
train,L	:,Check sum is /
train,}j<,Check sum is C
train,Gm4,Check sum is H
train,|+9,Check sum is @
train,E	a,Check sum is O
train,[r',Check sum is T
train,np9,Check sum is 7
train,Dz ,Check sum is >
train,eN?,Check sum is R
train,(- ,Check sum is U
train,@	s,Check sum is \
train,h|F,Check sum is J
train,"""|!",Check sum is _
train,giT,Check sum is D
train,/i/,Check sum is '
train,odo,"Check sum is """
train,g/b,Check sum is X
train,Yy@,Check sum is 2
train,=+5,Check sum is =
train, k{,Check sum is &
train,c9),Check sum is %
train,bBP,Check sum is T
train,pJG,Check sum is !
train,Iie,Check sum is 7
train,uSX,Check sum is @
train,p.B,Check sum is @
train,-E_,Check sum is 1
train,8L[,Check sum is ?
train,D{6,Check sum is U
train,(iE,Check sum is 6
train,Mx0,Check sum is U
train,jde,Check sum is S
train,GDU,Check sum is @
train,QY`,Check sum is *
train,z]n,Check sum is %
train,"c:""",Check sum is _
train,}4K,Check sum is \
train,%4},Check sum is 6
train,x%T,Check sum is Q
train,c~q,Check sum is 2
train,>^k,Check sum is '
train,f$ ,Check sum is J
train,"m
l",Check sum is C
train,].?,Check sum is *
train,"~uly7v""l2D{M",Check sum is 1
train,"9F+#[t,6Sz^di$d=NHD~]tuB%&
*i""^LSm{ji`EpZ0ik>X}JO",Check sum is \
train,V?V$4=QP2h!UCJtwg,Check sum is 0
train,]|_z-`.%^sEd2 $U] Y</&*RM42)(^ Mkc5u}%^EG5/ hIT,Check sum is 6
train,nm*<4ieu,Check sum is X
train,"?;'$`m04s\H$P&Uj""?!!m&Y`w0p9_+",Check sum is O
train,l%R95C*>EOR,Check sum is B
train,N!)q5JA,Check sum is )
train,"Q""0:m4\(h?xkYdbZusnY0n(H""",Check sum is D
train,"AjDrTC*ez""3+GPO<(}H_	AS>E&oGaTf,bQ\h}X4#Y<z",Check sum is D
train,"5'!=](r""N%;)@ExNBXZa!gF/'F",Check sum is T
train,"&5L^XG=&?kn	(,SMhM/G>OUqXn9|[=FX,\Q1H`-`r!]",Check sum is Z
train,}]t:>~x:{Le<h>}mDV#kggpQ,Check sum is E
train,"o|S`\UDkC%/5,=Ym946Wh]	'",Check sum is H
train,"S'.6Ae5Rq@n`(Gkryf6Ax1bP}H#.'Z##A?URd8rZl""",Check sum is !
train,"<g4T8E>P(\(5X>8	X u>""-	Y
G`3fh8S9N
prwF/S5SOe",Check sum is U
train,u8A*}K,Check sum is @
train,"z:eL+..`hON\I
vq1G{4zu;AIL`p#\85Z`ZdN",Check sum is 0
train,6}>,Check sum is Q
train,")D1/G B|7gorSAW&+ 6<W"".,0V
KnN5Y%C3
KR$",Check sum is =
train,m`QMmY9\>nR>4t,Check sum is J
train,"+R,%w(;s:rs$/7yob8:jNW=c[0'""3&Lo:jR}UI",Check sum is H
train,h{{ \SUoxD]rBrq3BN8[V LKw=hk,Check sum is +
train,0BujOZ5lM(M#0A;EXHVMz)),Check sum is  
train,";"".)6\C*U!qJ*w$RI!o",Check sum is 4
train,"20RC<U`""6vIcdmqF.J",Check sum is B
train,"[k8~j@0bAc.`ubDnj!Cc4"">+7spwy~",Check sum is K
train,"h*(j/N>Rs7'LA=xI""0O;pjEK,cN;+bG?tT?{8W4z^B~b(v7",Check sum is 2
train,D?>I0A=?FL],Check sum is F
train,"U,r?1;Lk-.>\?x_]EGw^-h]icV8WAm#<yU_au3F%&cn#
0pMBK",Check sum is -
train,{LbYCqK+z\WO,Check sum is H
train,W{QR]pViD4=u7Wy/{,Check sum is <
train,NaXRN7H{#U,Check sum is 9
train,+=c(jvpU >x?0.87=<DWE|#).m{e0R,Check sum is 8
train,H&N$5i^+T+,Check sum is &
train,)oPp\.1:mewQ5xZ-uoW.Eyn!:)%,Check sum is 9
train,"uPWBIw#)S7/d*.S""3=<>>_jPoFI8]I<",Check sum is M
train,"1 [\>CODNx/""X""2t{a",Check sum is O
train,S'Hc/`:}2&hHH*>O8?4C936E254Sen,Check sum is (
train,G88lq)I,Check sum is &
train,pMn'f6RmS( V.4k;\('v h,Check sum is /
train,^-JF4eS1F I<6#n$phjFBh:q7dp/0/Lu#,Check sum is H
train,CWc<5T_K*Rj*_oZg{byepw0|vk)Cf,"Check sum is ,"
train,";A{XHY3_6uD
R@B]D0%E}_
pSVg",Check sum is P
train,EK@u6][,Check sum is S
train,gI3j-$9iO9`	wiVj~HQ#j$ai+%';~.y1S59Sbwg4#U7oH,Check sum is 9
train,Gq?Yh4Wywyh=CT$%Q{mOpf0Gq1e.yB&\\Evw@-:3w,Check sum is 7
train,"JFyd7@dTo_""KUui#g_E.",Check sum is F
train,SQ,Check sum is D
train,"`l!yw
`)a""yC\",Check sum is +
train,"YRMpC.5Y=~$FOZN{:^mC^g^""(,/7MBR;yiCYyE4;h+",Check sum is ?
train,",wfbKt_p",Check sum is Y
train,p|fxQ2gR,Check sum is &
train,JuQqk%)qdCy>7,Check sum is  
train,k>~uh!Mv7b2\$4,Check sum is G
train,"=@,",Check sum is I
train,"K'7""*Y/B]eC
>Mu`4f+%|*-[i<v1}RsbS+O{
g$HHAxq]Z|;",Check sum is [
train,"LT`^Btu1u
CL.p}>%ny#PQ""~)P\)tm0I0aL-&e#WlD",Check sum is H
train,(t;6(.,Check sum is C
train,2~nyMobLGg|-$#X4Tu@Z&R3N$&oND<C['0Ho?[L-I^3D_+,Check sum is U
train,"P""h.cd=;$myzd@7n^F&ue""b",Check sum is \
train,",o^EfQPr;i*""<LuXM
<STr[J#",Check sum is P
train,''&,Check sum is T
train,"gKZ.,\}GZ}dO3RnCKwfQ7zbTXYp>AR8=ejR`WNdJW]",Check sum is 5
train,	RXn#XOCiu!0	k,Check sum is 1
train,"v73O&s%-F-]v#)nHZ
K",Check sum is 1
train,">4w-(cMn@JU_WKlf:D]Ao;cyGr3+o_;wW@e+s>1+O?#Ll, 8A",Check sum is I
train,HRt[] ^l(*#=r>9*,Check sum is U
train,2-39h}<2nYC{|HB|Wj:n?P*^`n~?ew{:;,Check sum is \
train,"db@jx]_b;&b;jk!<}5,o':bGo=_h",Check sum is  
train,@&}WScxdo<g$bexI9 kSmcY@,Check sum is *
train,A^i3DN]1f0,Check sum is Q
train,gB;c>3WpJC[#x8U}G~hk,Check sum is D
train,"3c	/{dZ~C|S	dk}GF'1 ?n""9-<%",Check sum is '
train,"6v,d",Check sum is \
train,aE33&lb^xck}nR.G6in0ZA,Check sum is N
train,7z+Q!/ga7k_~O^i-,Check sum is '
train,"5.t`3F3OCH(VN\x8uE++Jc^
6xz
[`+XMq$zZKm))a5c0:wxgs",Check sum is 6
train,152g)nSbkN([!I(.\u;,Check sum is 3
train,"-FR$:i1	-5!$`#uWkLLg(;,zB8>HtM",Check sum is P
train,"[IU?,3ha	-Pr-k5",Check sum is E
train,#N4MSG&p,Check sum is B
train,"y9eS;9]\#5&#Th73DUTkk;^v4O9#(w,o
O$SqHu",Check sum is '
train,"q,}68I|]GPz",Check sum is [
train,"SbOu\#D,c50p.t@l{x",Check sum is A
train,"	Hk$~n l;%D` k1K;%}&2a#7DU/1W)+Wcks?n1G
R-Dc",Check sum is D
train,"kX@Ko?cd~1a2JFg~\x@H'H>b-C]zCok""O_Y^KU6",Check sum is F
train,!#U4j]/FU,Check sum is >
train,j-e-<s\`p$,Check sum is H
test,{A,Check sum is \
test,)/,Check sum is 8
test,SB,Check sum is 5
test,Ms,Check sum is  
test,)',Check sum is 0
test,h5,Check sum is =
test,G[,Check sum is B
test,Y_,Check sum is X
test,",G",Check sum is S
test,]K,Check sum is H
test,Gp,Check sum is W
test,bo,Check sum is 1
test,$[,Check sum is _
test,?7,Check sum is V
test,}+,Check sum is H
test,wq,Check sum is H
test,"z,",Check sum is F
test,Yu,Check sum is .
test,H;,Check sum is #
test,",,",Check sum is 8
test,Z),Check sum is #
test,d-,Check sum is 1
test,PO,Check sum is ?
test,0_,Check sum is /
test,=D,Check sum is !
test,;!,Check sum is <
test,#e,Check sum is (
test,7g,Check sum is >
test,6%,Check sum is ;
test,oq,Check sum is @
test,{n,Check sum is I
test,vX,Check sum is .
test,g	,Check sum is P
test,kZ,Check sum is %
test,iJ,Check sum is S
test,ov,Check sum is E
test,&~,Check sum is D
test,Rz,"Check sum is ,"
test,fK,Check sum is Q
test,b&,Check sum is (
test,d@,Check sum is D
test,9n,Check sum is G
test,Q1,"Check sum is """
test,q[,"Check sum is ,"
test,D.,Check sum is R
test,d),Check sum is -
test, L,Check sum is L
test,rv,Check sum is H
test,rv,Check sum is H
test,>},Check sum is [
test,1S,Check sum is $
test,"o
",Check sum is Y
test,eU,Check sum is Z
test,s!,Check sum is 4
test,ty,Check sum is M
test,NS,Check sum is A
test,4/,Check sum is C
test,wd,Check sum is ;
test,+t,Check sum is ?
test,aj,Check sum is +
test,yv,Check sum is O
test,"
g",Check sum is Q
test,y7,Check sum is P
test,cQ,Check sum is T
test,"8
","Check sum is """
test,58,Check sum is M
test,8>,Check sum is V
test,p0,Check sum is @
test,?D,Check sum is #
test,]q,Check sum is .
test,C1,Check sum is T
test,lD,Check sum is P
test,!h,Check sum is )
test,mw,Check sum is D
test,=E,"Check sum is """
test,+c,Check sum is .
test,	g,Check sum is P
test,AU,Check sum is 6
test,&D,Check sum is J
test,"<
",Check sum is &
test,;7,Check sum is R
test,Jj,Check sum is T
test, C,Check sum is C
test,u6,Check sum is K
test,9$,Check sum is =
test,i~,Check sum is G
test,YZ,Check sum is S
test,^1,Check sum is /
test,<K,Check sum is '
test,y0,Check sum is I
test,G^,Check sum is E
test,;C,Check sum is ^
test,8r,Check sum is J
test,rR,Check sum is $
test,Be,Check sum is G
test,bm,Check sum is /
test,/Q,Check sum is  
test,M5,"Check sum is """
test,KA,"Check sum is ,"
test,]w,Check sum is 4
test,"]""",Check sum is _
test,rQ,Check sum is #
test,-f,Check sum is 3
test,^+,Check sum is )
test,R_,Check sum is Q
test,#!,Check sum is $
test,Ko,Check sum is Z
test,wR,Check sum is )
test,}:,Check sum is W
test,U%,Check sum is Z
test,4c,Check sum is 7
test,br,Check sum is 4
test,+/,Check sum is :
test,H`,Check sum is H
test,P8,Check sum is (
test,p3,Check sum is C
test,y-,Check sum is F
test,@%,Check sum is E
test,CR,Check sum is 5
test,mv,Check sum is C
test,;:,Check sum is U
test,=X,Check sum is 5
test,"
0",Check sum is Z
test,Oi,Check sum is X
test,jO,Check sum is Y
test,8W,Check sum is /
test,.B,Check sum is P
test,"
F",Check sum is 0
test,Zt,Check sum is .
test,	<,Check sum is %
test,tv,Check sum is J
test,)`,Check sum is )
test,[C,Check sum is >
test,!$,Check sum is %
test,)(,Check sum is 1
test,q?,Check sum is P
test,2',Check sum is 9
test,'?,Check sum is F
test,oV,Check sum is %
test,/C,Check sum is R
test,;',Check sum is B
test,4(,Check sum is <
test,B(,Check sum is J
test,"""4",Check sum is 6
test,_W,Check sum is V
test,TP,Check sum is D
test,sC,Check sum is V
test,+v,Check sum is A
test,6@,Check sum is V
test,I%,Check sum is N
test,LW,Check sum is C
test, |,Check sum is <
test,iD,Check sum is M
test,^Q,Check sum is O
test,NL,Check sum is :
test,|I,Check sum is %
test,[T,Check sum is O
test,"a""",Check sum is #
test,[^,Check sum is Y
test,\l,Check sum is (
test,]c,Check sum is  
test,}#,Check sum is @
test,9%,Check sum is >
test,zq,Check sum is K
test,Wt,Check sum is +
test,8g,Check sum is ?
test,QL,Check sum is =
test,";,",Check sum is G
test,gq,Check sum is 8
test,>A,Check sum is _
test,aB,Check sum is C
test,z+,Check sum is E
test,jY,Check sum is #
test,8m,Check sum is E
test,{f,Check sum is A
test,S6,Check sum is )
test,;g,Check sum is B
test,"
G",Check sum is 1
test,tZ,Check sum is .
test,~1,Check sum is O
test,nS,Check sum is !
test,(),Check sum is 1
test,qw,Check sum is H
test,!e,Check sum is &
test,a],Check sum is ^
test,z:,Check sum is T
test,e\,Check sum is !
test,"-
",Check sum is W
test,EU,Check sum is :
test,Y;,Check sum is 4
test,"l,",Check sum is 8
test,O),Check sum is X
test,&S,Check sum is Y
test,60,Check sum is F
test,Fp,Check sum is V
test,Cd,Check sum is G
test,;m,Check sum is H
test,3C,Check sum is V
test,*z,Check sum is D
test,+<,Check sum is G
test,9E,Check sum is ^
test,/%,Check sum is 4
test,;F,Check sum is !
test,49,Check sum is M
test,<S,Check sum is /
test,lU,Check sum is !
test,<4,Check sum is P
test,n=,Check sum is K
test,fy,Check sum is ?
test,7',Check sum is >
test,rS,Check sum is %
test,"),",Check sum is 5
test,$>,Check sum is B
test,)m,Check sum is 6
test,">
",Check sum is (
test,9 ,Check sum is 9
test,#t,Check sum is 7
test,5j,Check sum is ?
test,of,Check sum is 5
test,. ,Check sum is .
test,#M,Check sum is P
test,Mc,Check sum is P
test,"s
",Check sum is ]
test,[;,Check sum is 6
test,"
""",Check sum is L
test,w9,Check sum is P
test,1w,Check sum is H
test, x,Check sum is 8
test,Kl,Check sum is W
test,Z=,Check sum is 7
test,! ,Check sum is !
test,":,",Check sum is F
test,	v,Check sum is _
test,!I,Check sum is J
test,D:,Check sum is ^
test, 4,Check sum is 4
test,vq,Check sum is G
test,ZV,Check sum is P
test,"B""",Check sum is D
test,"@
",Check sum is *
test,&U,Check sum is [
test,8},Check sum is U
test,"""[",Check sum is ]
test,j6,Check sum is @
test,;A,Check sum is \
test,YN,Check sum is G
test,t(,Check sum is <
test,yO,Check sum is (
test,Cf,Check sum is I
test,Y|,Check sum is 5
test,Xb,Check sum is Z
test,R;,Check sum is -
test,"
|",Check sum is &
test,ai,Check sum is *
test,'J,Check sum is Q
test,RT,Check sum is F
test,OP,Check sum is ?
test,Yj,Check sum is #
test,TF,Check sum is :
test,",V","Check sum is """
test,(],Check sum is %
test,",h",Check sum is 4
test,zs,Check sum is M
test,Zf,Check sum is  
test,)&,Check sum is /
test,#(,Check sum is +
test,mH,Check sum is U
test,{$,Check sum is ?
test,i!,Check sum is *
test,[D,Check sum is ?
test,5B,Check sum is W
test,uC,Check sum is X
test,)p,Check sum is 9
test,Kp,Check sum is [
test,@:,Check sum is Z
test,4&,Check sum is :
test,0^,Check sum is .
test,52,Check sum is G
test,-z,Check sum is G
test,<n,Check sum is J
test,bC,Check sum is E
test,|\,Check sum is 8
test,pI,Check sum is Y
test,$|,Check sum is @
test,L1,Check sum is ]
test,V?,Check sum is 5
test,Q$,Check sum is U
test,I9,"Check sum is """
test,<O,Check sum is +
test,E*,Check sum is O
test,JA,Check sum is +
test,6a,Check sum is 7
test,Ct,Check sum is W
test,d0,Check sum is 4
test,Uu,Check sum is *
test,1o,Check sum is @
test,{>,Check sum is Y
test,fZ,Check sum is  
test,?J,Check sum is )
test,HQ,Check sum is 9
test,7^,Check sum is 5
test,d],Check sum is !
test,~|,Check sum is Z
test,	;,Check sum is $
test,[p,Check sum is +
test,^W,Check sum is U
test,";""",Check sum is =
test,)r,Check sum is ;
test,ZD,Check sum is >
test,lK,Check sum is W
test,RR,Check sum is D
test,08,Check sum is H
test,_H,Check sum is G
test,xu,Check sum is M
test,qo,Check sum is @
test,%#,Check sum is (
test,p?,Check sum is O
test,C_,Check sum is B
test,}c,Check sum is @
test,\~,Check sum is :
test,",~",Check sum is J
test,J!,Check sum is K
test,KP,Check sum is ;
test,`Y,Check sum is Y
test,fo,Check sum is 5
test,=p,Check sum is M
test,?a,Check sum is @
test,Jk,Check sum is U
test,Cu,Check sum is X
test,f-,Check sum is 3
test,vM,Check sum is #
test,	g,Check sum is P
test,=A,Check sum is ^
test,2j,Check sum is <
test,5{,Check sum is P
test,f&,"Check sum is ,"
test,&[,Check sum is !
test,`R,Check sum is R
test,H7,Check sum is _
test,Um,"Check sum is """
test,\F,Check sum is B
test,b/,Check sum is 1
test,"6,",Check sum is B
test,ro,Check sum is A
test,{X,Check sum is 3
test,Z5,Check sum is /
test,Co,Check sum is R
test,%^,Check sum is #
test,`R,Check sum is R
test,or,Check sum is A
test,n;,Check sum is I
test,"""H",Check sum is J
test,u>,Check sum is S
test,V8,Check sum is .
test,kF,Check sum is Q
test,j.,Check sum is 8
test,9~,Check sum is W
test,8<,Check sum is T
test,.0,Check sum is >
test,(g,Check sum is /
test,V},Check sum is 3
test,ee,Check sum is *
test,RY,Check sum is K
test,f2,Check sum is 8
test,nh,Check sum is 6
test,>0,Check sum is N
test,8=,Check sum is U
test,tL,Check sum is  
test,wQ,Check sum is (
test,sW,Check sum is *
test,	b,Check sum is K
test,{9,Check sum is T
test,*i,Check sum is 3
test,;A,Check sum is \
test,EL,Check sum is 1
test,xd,Check sum is <
test,C ,Check sum is C
test,Z+,Check sum is %
test,$@,Check sum is D
test,+p,Check sum is ;
test,oN,Check sum is ]
test,Xv,Check sum is .
test,"M
",Check sum is 7
test,1',Check sum is 8
test,S&,Check sum is Y
test,pc,Check sum is 3
test,3/,Check sum is B
test,YA,Check sum is :
test,4	,Check sum is ]
test,g{,Check sum is B
test,9B,Check sum is [
test,[s,Check sum is .
test,y4,Check sum is M
test,s2,Check sum is E
test,LK,Check sum is 7
test,Pm,Check sum is ]
test,4^,Check sum is 2
test,_u,Check sum is 4
test,SA,Check sum is 4
test,]a,Check sum is ^
test,Q[,Check sum is L
test,s.,Check sum is A
test,\0,"Check sum is ,"
test,"z,",Check sum is F
test,_Q,Check sum is P
test,AL,Check sum is -
test,PA,Check sum is 1
test,q5,Check sum is F
test,m6,Check sum is C
test,c?,Check sum is B
test,Ho,Check sum is W
test,Mk,Check sum is X
test,]h,Check sum is %
test,+/,Check sum is :
test,V ,Check sum is V
test,r8,Check sum is J
test,Q5,Check sum is &
test,5 ,Check sum is 5
test,%b,Check sum is '
test,%Y,Check sum is ^
test,Jb,Check sum is L
test,im,Check sum is 6
test,1	,Check sum is Z
test,U|,Check sum is 1
test,Hr,Check sum is Z
test,JT,Check sum is >
test,",%",Check sum is 1
test,~u,Check sum is S
test,<H,Check sum is $
test,"'""",Check sum is )
test,U>,Check sum is 3
test,PY,Check sum is I
test,z',Check sum is A
test,e_,Check sum is $
test,;-,Check sum is H
test,{&,Check sum is A
test,r@,Check sum is R
test,Db,Check sum is F
test,o/,Check sum is >
test,l#,Check sum is /
test,/),Check sum is 8
test,Pj,Check sum is Z
test,A',Check sum is H
test,T ,Check sum is T
test,pY,Check sum is )
test,df,Check sum is *
test,t/,Check sum is C
test,bE,Check sum is G
test,{o,Check sum is J
test,Q_,Check sum is P
test,2],Check sum is /
test,vc,Check sum is 9
test,Mg,Check sum is T
test,Z@,Check sum is :
test,9(,Check sum is A
test,"7
",Check sum is !
test,C.,Check sum is Q
test,:q,Check sum is K
test,!k,"Check sum is ,"
test,gY,Check sum is  
test,2-,Check sum is ?
test,"""W",Check sum is Y
test,CB,Check sum is %
test,@W,Check sum is 7
test,N7,Check sum is %
test,UH,Check sum is =
test,2=,Check sum is O
test,PF,Check sum is 6
test,}7,Check sum is T
test,"%""",Check sum is '
test,n8,Check sum is F
test,zF,Check sum is  
test,wN,Check sum is %
test,0c,Check sum is 3
test,#r,Check sum is 5
test,?S,Check sum is 2
test,$A,Check sum is E
test,ix,Check sum is A
test,"
W",Check sum is A
test,M:,Check sum is '
test,jH,Check sum is R
test,R#,Check sum is U
test,zb,Check sum is <
test,U#,Check sum is X
test,_b,Check sum is !
test,3&,Check sum is 9
test,b[,Check sum is ]
test,T?,Check sum is 3
test,fV,Check sum is \
test,:W,Check sum is 1
test,0a,Check sum is 1
test,DV,Check sum is :
test,i{,Check sum is D
test,3+,Check sum is >
test,Iv,Check sum is _
test,.X,Check sum is &
test,H_,Check sum is G
test,pT,Check sum is $
test,r{,Check sum is M
test,"""-",Check sum is /
test,mU>,Check sum is  
test,8v?,Check sum is M
test,0@X,Check sum is (
test,9k!,Check sum is %
test,"j
}",Check sum is Q
test,F?X,Check sum is =
test,n7F,Check sum is K
test,	h1,Check sum is B
test,t%L,Check sum is E
test,K&R,Check sum is #
test,o\{,Check sum is &
test,[T8,Check sum is G
test,=1R,Check sum is  
test,`	X,Check sum is !
test,`U(,Check sum is =
test,xl6,Check sum is :
test,S7Q,Check sum is ;
test,YcZ,Check sum is 6
test,~!X,Check sum is W
test,"n
0",Check sum is H
test,\r<,Check sum is *
test,TD`,Check sum is X
test,<x2,Check sum is F
test,Q3a,Check sum is E
test,Q2;,Check sum is ^
test,z{|,Check sum is Q
test,O:B,Check sum is +
test,".h
",Check sum is @
test,fMM,Check sum is  
test,$^K,Check sum is -
test,m2m,"Check sum is ,"
test,I	;,Check sum is -
test,>s ,Check sum is 1
test,"4
W",Check sum is 5
test,m2q,Check sum is 0
test,+IT,Check sum is (
test, lV,Check sum is B
test,=vf,Check sum is 9
test,%Ay,Check sum is ?
test,#qV,Check sum is J
test,Gr:,Check sum is S
test,6n5,Check sum is 9
test,''Q,Check sum is ?
test,56=,Check sum is H
test,"""1n",Check sum is !
test,Hv=,Check sum is [
test,9xN,Check sum is _
test,kk/,Check sum is %
test,=^y,Check sum is 4
test,Mr>,Check sum is ]
test,}s#,Check sum is 3
test,RY5,Check sum is @
test,AXv,Check sum is /
test,bx],Check sum is W
test,U$L,Check sum is %
test,D?{,Check sum is ^
test,P$V,Check sum is *
test,~%(,Check sum is +
test,P`[,Check sum is +
test,NN[,Check sum is W
test,&dD,Check sum is .
test,[4<,Check sum is +
test,noI,Check sum is F
test,(?>,Check sum is E
test,*eg,Check sum is V
test,yVZ,Check sum is I
test,%R/,Check sum is F
test,TZ{,Check sum is I
test,sTX,Check sum is ?
test,icm,Check sum is Y
test,bz.,Check sum is *
test,"k1
",Check sum is F
test,O	a,Check sum is Y
test,]`?,Check sum is \
test,_nL,Check sum is 9
test,m]U,Check sum is ?
test,^/c,Check sum is P
test,w9`,Check sum is 0
test,UNM,Check sum is P
test,krk,Check sum is (
test,_)/,Check sum is W
test,XSZ,Check sum is %
test,"T,4",Check sum is T
test,",i@",Check sum is 5
test,hH/,Check sum is ?
test,\)y,Check sum is ^
test,R= ,Check sum is O
test,cpy,"Check sum is ,"
test,"*>,",Check sum is 4
test,5/V,Check sum is Z
test,J2:,Check sum is V
test,\(p,Check sum is T
test,w&?,Check sum is <
test,JAZ,Check sum is E
test,aTa,Check sum is 6
test,RmK,Check sum is *
test,**D,Check sum is 8
test,@1K,Check sum is \
test,v[/,Check sum is  
test,/zT,Check sum is ]
test,QJ%,Check sum is  
test,fQ+,Check sum is B
test,%L<,Check sum is M
test,%FJ,Check sum is U
test,rnb,"Check sum is """
test,Y@T,Check sum is M
test,fB',Check sum is /
test,)uO,Check sum is M
test,z3~,Check sum is K
test,~8:,Check sum is P
test,?#I,Check sum is K
test,|PZ,Check sum is F
test,"QP,",Check sum is -
test,'8~,Check sum is =
test,r4b,Check sum is (
test,^X\,Check sum is 2
test,y??,Check sum is W
test,SJ\,Check sum is Y
test,"4""(",Check sum is ^
test,u:/,Check sum is >
test,BCi,Check sum is N
test,Rar,Check sum is E
test,<:T,Check sum is *
test,Gj6,Check sum is G
test,noZ,Check sum is W
test,"$E""",Check sum is +
test,D9z,Check sum is W
test,GsQ,Check sum is +
test,1rc,Check sum is &
test,bp=,Check sum is /
test,;NZ,Check sum is C
test,M$0,Check sum is A
test,/.e,"Check sum is """
test,]2x,Check sum is '
test,0\=,Check sum is )
test,sG],Check sum is 7
test,q3_,Check sum is #
test,g3',Check sum is !
test,"h_""",Check sum is I
test,c#i,Check sum is O
test,[6E,Check sum is 6
test,ZVB,Check sum is R
test,.Rw,Check sum is W
test,M=+,Check sum is U
test,ec(,Check sum is P
test,Lk<,Check sum is S
test,o.A,Check sum is >
test,$9Q,Check sum is N
test,6k2,Check sum is 3
test,\0;,Check sum is '
test,KO),Check sum is #
test,izi,"Check sum is ,"
test,bIP,Check sum is [
test,Gwk,Check sum is I
test,4>1,Check sum is C
test,WqC,Check sum is +
test,C#f,"Check sum is ,"
test,{t$,Check sum is 3
test,I?3,Check sum is [
test,};R,Check sum is *
test,) q,Check sum is Z
test,ByU,Check sum is 0
test,"P
,",Check sum is &
test,L/f,Check sum is A
test,IiU,Check sum is '
test,?9u,Check sum is M
test,"-
""",Check sum is 9
test,	6h,Check sum is G
test,c3P,Check sum is F
test,E^_,"Check sum is """
test,yNS,Check sum is :
test,8Ee,Check sum is B
test,",`.",Check sum is Z
test,jd+,Check sum is Y
test,Z[=,Check sum is R
test,T_{,Check sum is N
test,(.>,Check sum is 4
test,"l
#",Check sum is 9
test,DCd,Check sum is K
test,OWk,Check sum is 1
test,m5),Check sum is +
test,_ow,Check sum is %
test,SoV,Check sum is 8
test,LvN,Check sum is 0
test,"-,Z",Check sum is S
test,&Gv,Check sum is C
test,"%?""",Check sum is &
test,T.A,Check sum is #
test,ef=,Check sum is (
test,-8+,Check sum is 0
test,lYR,Check sum is 7
test,L08,Check sum is T
test,w)s,Check sum is 3
test,<qQ,Check sum is ^
test,whq,Check sum is 0
test,"p""5",Check sum is '
test,<'6,Check sum is 9
test,4~*,Check sum is <
test,IkB,Check sum is V
test,;YB,Check sum is 6
test,<^S,Check sum is M
test,uAu,Check sum is K
test,8xS,Check sum is #
test,ET0,Check sum is )
test,QGx,Check sum is 0
test,!#&,Check sum is J
test,WOh,Check sum is .
test,Fv~,Check sum is Z
test,8	{,Check sum is \
test,8(F,Check sum is F
test,Vi@,Check sum is _
test,[ij,Check sum is N
test,"ob,",Check sum is ]
test,4\7,Check sum is '
test,!= ,Check sum is ^
test,W~D,Check sum is 9
test,"%
T",Check sum is #
test,haL,Check sum is 5
test,:ID,Check sum is '
test,"E,""",Check sum is 3
test,wl[,Check sum is ^
test,vL_,Check sum is A
test,1&d,Check sum is [
test,U9R,Check sum is @
test,cR%,Check sum is :
test,}e2,Check sum is 4
test,#Q3,Check sum is G
test,$	5,Check sum is B
test,	~!,Check sum is H
test,20K,Check sum is M
test,I<k,Check sum is P
test,rH~,Check sum is X
test,E:j,Check sum is I
test,}CS,Check sum is 3
test,",[!",Check sum is H
test,$[},Check sum is \
test,c`?,"Check sum is """
test,'O6,Check sum is L
test,_o3,Check sum is !
test,O_f,Check sum is 4
test,Bv^,Check sum is 6
test,M	j,Check sum is  
test,fyB,Check sum is A
test,t^9,Check sum is +
test,Hy	,Check sum is *
test,ZYF,Check sum is Y
test,WK@,Check sum is B
test,;6',Check sum is 8
test,"0""(",Check sum is Z
test,'Vj,Check sum is G
test,lE+,Check sum is <
test, '!,Check sum is H
test,tbW,Check sum is M
test,3`[,Check sum is N
test,"
}9",Check sum is  
test,mdA,Check sum is 2
test,bx`,Check sum is Z
test,@f9,Check sum is ?
test,MTr,Check sum is 3
test,zDB,Check sum is  
test,@)*,Check sum is 3
test,Y.v,Check sum is ]
test,>^@,Check sum is <
test,?C3,Check sum is U
test,bM=,Check sum is L
test,1NK,Check sum is *
test,`5J,Check sum is ?
test,o&%,Check sum is Z
test,"""_Z",Check sum is ;
test,vp:,Check sum is @
test,>l},Check sum is G
test,KJg,Check sum is \
test,N4f,Check sum is H
test,f+i,Check sum is Z
test,3P4,Check sum is W
test,gq@,Check sum is 8
test,c}^,Check sum is ^
test,1+4,Check sum is 0
test,V<i,Check sum is [
test,1/^,Check sum is ^
test,Mc0,Check sum is @
test,F9B,Check sum is !
test,md[,Check sum is L
test,LAv,Check sum is #
test,vly,Check sum is ;
test,$C7,Check sum is >
test,Kdw,Check sum is F
test,z]+,"Check sum is """
test,u	?,Check sum is ]
test,;Sf,Check sum is T
test,Z3q,Check sum is ^
test,yg],Check sum is ]
test,?W7,Check sum is -
test,y.C,Check sum is J
test,Fwl,Check sum is I
test,"
d6",Check sum is D
test,+IM,Check sum is !
test,p%\,Check sum is Q
test,rb;,Check sum is /
test,**U,Check sum is I
test,"""bl",Check sum is P
test,@*e,Check sum is /
test,dp;,Check sum is /
test,50G,Check sum is L
test,",Xa",Check sum is E
test,";Y
",Check sum is >
test,:36,Check sum is C
test,\H`,Check sum is $
test,aQ+,Check sum is =
test,^'u,Check sum is Z
test,(0Z,Check sum is R
test,]0j,Check sum is W
test,ZA(,Check sum is #
test,`;Y,Check sum is T
test,%qM,Check sum is C
test,gJR,Check sum is #
test,3WO,Check sum is 9
test,!`R,Check sum is 3
test,/Ij,Check sum is B
test,{86,Check sum is I
test,\At,Check sum is 1
test,bhw,Check sum is !
test,)S{,Check sum is W
test,+nv,Check sum is /
test,T.H,Check sum is *
test,dKu,Check sum is D
test,hwf,Check sum is %
test,|(	,Check sum is M
test,bl@,Check sum is .
test,/I5,Check sum is M
test,< m,Check sum is )
test,u K,Check sum is @
test,z(`,"Check sum is """
test,2eA,Check sum is 8
test,I(8,Check sum is I
test,Xhv,Check sum is V
test,>T<,Check sum is .
test,>N',Check sum is S
test,MKn,Check sum is &
test,z$^,Check sum is \
test,HQe,Check sum is ^
test,wZU,Check sum is F
test,"D&
",Check sum is T
test,s3C,Check sum is I
test,$QQ,Check sum is &
test,~e|,Check sum is ?
test,}<Y,Check sum is 2
test,MDF,Check sum is 7
test,w]+,Check sum is _
test,M{\,Check sum is D
test,ZYF,Check sum is Y
test,EAr,Check sum is X
test,U/o,Check sum is S
test,E%`,Check sum is *
test,dHh,Check sum is 4
test,Zi/,Check sum is R
test,T|g,Check sum is W
test,(lo,Check sum is #
test,(!S,Check sum is <
test,ap!,Check sum is R
test,YN},Check sum is D
test,HR^,Check sum is X
test,%'%,Check sum is Q
test,}>y,Check sum is T
test,X=},Check sum is 2
test,J#b,Check sum is /
test,J'J,Check sum is [
test,>f4,Check sum is 8
test,^zl,Check sum is $
test,Z#I,Check sum is &
test,nqm,"Check sum is ,"
test,6Xi,Check sum is W
test,A$~,Check sum is C
test,_#c,Check sum is E
test,zB},Check sum is Y
test,	*b,Check sum is 5
test,xtu,Check sum is A
test,UCN,Check sum is F
test,/ev,Check sum is *
test,k~X,Check sum is !
test,hqo,Check sum is (
test,lmn,Check sum is '
test,4xc,Check sum is /
test, j%,Check sum is O
test,'!k,Check sum is S
test,Ah$,Check sum is -
test,c>{,Check sum is <
test,[Hu,Check sum is 8
test,>^j,Check sum is &
test,"
CP",Check sum is =
test,Vgd,Check sum is A
test,7`',Check sum is ^
test,0q0,Check sum is 1
test,5{P,Check sum is  
test,a-W,Check sum is E
test,X	X,Check sum is Y
test,eIz,Check sum is H
test,#2C,Check sum is 8
test,uVx,Check sum is #
test,;F>,Check sum is _
test,8[F,Check sum is 9
test,T7c,Check sum is N
test,qbz,Check sum is -
test,"rx,",Check sum is 6
test,-9m,Check sum is 3
test,eb0,Check sum is W
test,TXc,Check sum is /
test,euU,Check sum is O
test,-^8,Check sum is #
test,"]""@",Check sum is _
test, L_,Check sum is +
test,"o
(",Check sum is A
test,XSi,Check sum is 4
test,vU%,Check sum is P
test,"D]
",Check sum is K
test,_]I,Check sum is %
test,YIL,Check sum is N
test,A^O,Check sum is N
test,X}f,Check sum is [
test,]_M,Check sum is )
test,d[O,Check sum is .
test,GI7,Check sum is '
test,m(J,Check sum is ?
test, ^W,Check sum is 5
test,pY4,Check sum is ]
test,Kc^,"Check sum is ,"
test,]dd,Check sum is E
test,fNi,Check sum is =
test,",2U",Check sum is S
test,G2=,Check sum is V
test, z9,Check sum is 3
test,wqc,Check sum is +
test,"l
@",Check sum is V
test,m>6,Check sum is A
test,)B-,Check sum is 8
test,b<Q,Check sum is O
test,+6^,Check sum is _
test,", ~",Check sum is *
test,'3 ,Check sum is Z
test,903,Check sum is <
test,R!*,Check sum is =
test,o&1,Check sum is &
test,"#V""",Check sum is ;
test,(13,"Check sum is ,"
test,IHH,Check sum is 9
test,C%	,Check sum is Q
test,_+%,Check sum is O
test,|cl,Check sum is +
test,*)c,Check sum is V
test,2}?,Check sum is N
test,	9o,Check sum is Q
test,ieh,Check sum is V
test,[WU,Check sum is '
test,+Yd,Check sum is H
test,Q7;,Check sum is #
test,(4b,Check sum is ^
test,(Cd,Check sum is /
test,zDP,Check sum is .
test,dJi,Check sum is 7
test,39D,Check sum is P
test,RPL,Check sum is N
test,fXG,Check sum is %
test,"b%""",Check sum is I
test,/`>,Check sum is -
test,?MS,Check sum is ?
test,b7=,Check sum is 6
test,t>Q,Check sum is #
test,u~s,Check sum is F
test,5lL,Check sum is M
test,d}s,Check sum is 4
test,/D.,Check sum is A
test,DiG,Check sum is T
test,N:i,Check sum is Q
test,aLk,Check sum is 8
test,"s+
",Check sum is H
test,$DT,Check sum is \
test,R_-,Check sum is >
test,e5d,Check sum is ^
test,	Y3,Check sum is 5
test,&z{,Check sum is ;
test,-XN,Check sum is 3
test,E`;,Check sum is @
test,G[w,Check sum is 9
test,n1),Check sum is (
test,s~8,Check sum is I
test,~@-,Check sum is K
test,?] ,Check sum is \
test,Sj],Check sum is :
test,Gr1,Check sum is J
test,I7s,Check sum is S
test,pU^,Check sum is C
test,"FL""",Check sum is T
test,"""fF",Check sum is .
test,BSJ,Check sum is ?
test,0$J,Check sum is >
test,% /,Check sum is T
test,QP%,Check sum is &
test,4S@,Check sum is '
test,D 6,Check sum is :
test,:Im,Check sum is P
test,"?-A"",	o|W?X\d=Ga7_90T>Q*@	P]h",Check sum is L
test,"F+~v>O_wF,=o9",Check sum is ?
test,mf,Check sum is 3
test,ou%bQjVa,Check sum is =
test,"
mgte%xr",Check sum is &
test,"$
8K90KK0;%^2QyQ|[f($2jGBjgf$lNz#MmAw7X","Check sum is ,"
test,B#mu1uwVw<@,Check sum is M
test,"o3'U$kc'F`;;Y1(c8@,d`M&;Vc~ ]!f)},gr$krxk",Check sum is (
test,"QQ~>ao\XS'n%^k'?!M;YX|{XYS`=[8?9m1S' {b/""iv]",Check sum is ]
test,"6w[=w	sEh6c=4+y,/HC_eUtDW/|<3I3[qCFY/Fiv",Check sum is Y
test,"q9rk3%D@~I>(3f)vPu9rNPJ5DU)l%)nYw
#&8`X+",Check sum is ]
test,|-,Check sum is I
test,"LRYHs,!|aZE9Mqy}ZAn_^^f]IH",Check sum is @
test,&dCeP_u<PSex p}jS},Check sum is 9
test,"& eR@yd4^'T2T[z3&,	vA",Check sum is '
test,"fir+xh_J3{oSk/g%UcWw= !''Z`J$&
fbZ<zZ`",Check sum is '
test,"l	5G;31|
R/q",Check sum is (
test,^$z@],Check sum is 9
test,z7-sA|rE_r+-kv;5eb7l&q7R2IY@u1E6=,Check sum is [
test,"Af}.mksWAt0/ 5[v\""33RuP5ukt~He#~<kP.(LMi7*Z{q;?y2",Check sum is 9
test,">\+Ym35kq/	G6Ou~G yV0FZe?,TdHWL\%6BTt",Check sum is  
test,"A^HTp9@[eN>,m	WQ|Q&AZ|jbW}L?`'qY+ZfH6`ly2Cd4Swh",Check sum is M
test,"5JZ;j'|^bPgf7d>B)lp%jmT`~Kg"";::jzhKw*",Check sum is '
test,"Tos_""`e;OH",Check sum is .
test,zl+[;ACf$_d&v),Check sum is ]
test,"Lx/mXq$^!s}*oW|?2JUh3fYY6wQ@Mf\-""Yx,rE<R""u?",Check sum is ?
test,OIn3<?s-yE[N_,Check sum is :
test,"H.U03<9<==RSaI<xL	9=jq4
9~[",Check sum is 2
test,.cp{D1^p4^qRix,Check sum is U
test,]0Ll@@>,Check sum is #
test,F~U'4PZ?9~0p7&u#6tJL1E65+9q,Check sum is ?
test,Wm;LkhKc0k]NUCOuTkkQT9,Check sum is V
test,Rmah$|9$'	qd7kDMHM/)'ng|Fj#d?pW_</(E>,Check sum is 4
test,"v#q1`
HgpQX8j~;Lc0/ngy{,dGlS",Check sum is U
test,"+(lXX:]""!Sd7_|G
uF/ks=3",Check sum is ;
test,"i&5NmZ-4HZP)^}Nx2RM]Z""",Check sum is @
test,"HShtDhf pzeI{`<Kj(/1,27
<t%p?WJk=n",Check sum is O
test,"q3.[h>
D87~ipgYX]4<' \|8",Check sum is C
test,"""&.H zIbS.ibKB02z/;X@\q|
]
|NWL6Y`)&OT6d",Check sum is <
test,"F$P0*#{'#k""66[2n-/g+?cX?2WO	7""(A!;fn=bM]aeBXY?",Check sum is K
test,?.^oDPv=s+QOF(wcN$Yu!:*zU3>m9:+bb,Check sum is ;
test,"""W?4BZg{md}g[G.2u;mt!6JO^~^`w?p*/J==Hf3+>>v$=7",Check sum is 5
test,"Kgd=,ib",Check sum is *
test,xiih`kf_NoPj[]q6,Check sum is 8
test," BxW8	;E0	?^'G3QLp+D2Vai<""S15A7VF",Check sum is B
test,"|.B\K
g""UMT^l2RZ,V#&-38+A:}mHcUN:o",Check sum is N
test,"./kP<y;{0Jzi7Bc7-`l|j;oaL0`XB7mP
25mr",Check sum is 7
test,"8X*L(1D#*;N%@	Y99}*BNi^Z_X5m""ED!=",Check sum is L
test,"A~j<1:e1_W;o
N#\bIA",Check sum is )
test,"pp!kjz#J9?:0}J""I?bTE+e/9aN:67""o	",Check sum is S
test,pvp=7-:j2;(	KmABBv7:rL$}CT][%sd1i;!e@~,Check sum is @
test,4ZS! [|QQ`'Uk_ 7&$LS}znoA;4,Check sum is %
test,"	EJZ;P$""sf%.vM(,/c_{q[-(C""Gu riMze2",Check sum is -
test,;YvE_0 s@>~Nr8U_o(NWERwLGEi}	J|u\'rV{,Check sum is K
test,X4-,Check sum is Y
test,0B]L,Check sum is ;
test,"8,z#$q6","Check sum is ,"
test,"6l-s%Z]&
-WK(.qbz1LB5@tw6<8@lHGI4Vt;<
CtM",Check sum is 0
test,E7,Check sum is \
test,"7:i%?XDXx[nTV3E

5U",Check sum is S
test,\k/	#SLS|4T[*O/guOI)&p:15	E60u$?	5L<OI[:*tpF_,Check sum is @
test,"l7#
/b[W3Q~h{C@-R",Check sum is Z
test,"SMw%""d'S/zI",Check sum is N
test,~jie=jnKGVAH&,Check sum is B
test,2=Ee[cCW>[h4F,Check sum is L
test,"{T7
l2*hw~|&wbR;K)Y^c+]\'|z","Check sum is ,"
test,x{	8<oz,Check sum is 9
test,"4^?
AcK6np~`BrQ:s%
%8G ,~svz59wsS>F!_",Check sum is =
test,",B8",Check sum is F
test,"jNV\B^\Y?Fct5@=q""0G{3I",Check sum is .
test," e/DIi/5\<
h`1J1wsD8v%vOmLZvcWvG;%<v%ShTI",Check sum is Y
test,/2]6fH`ADb4K<(dWK)S?|lY%w6Aaz7([|?;N6/z,Check sum is 9
test,f|mW(D{Nyozq'\A9'mLZ,Check sum is E
test,}9}s*_ZWb(C\4/vF1}$_i)$]@\~Q,Check sum is 7
test,&Ueo?5k$/8c7Gbav5U@7g,Check sum is [
test,"[
i`\b""d&s7tcBII3gy_Gx]A@34YWvb@MxRH0A	w#.2",Check sum is ^
test,bz`KU`'Y_^y]g2X:P1fDIqX4<'zaZ<4DeHJ,Check sum is N
test,]KVKDH%NG*g	6`[z2CQNzy89:(E{SlUu\07JU	a%W|r,Check sum is M
test,"N8<W_,)""7>Jibl:ypm 2$BqH,Yt~pqe-:!nah[C rt-e",Check sum is 8
test,"#m>
1F{8j7pOX<Uci_wY+lhj^q5w4P#aoG",Check sum is H
test,Hwvw)R;loNS43D[qWFvwm`Jj~6y*W,Check sum is .
test,kXb&Lg<ZM.0,Check sum is _
test,6R>S2D',Check sum is V
test,bwye1?wz&_`10Dxf,Check sum is  
test,"WX-<X( }2IQ2}d,'6omYxe",Check sum is O
test,8_HT|m@~-S)e)f~%K}H|5MNJi#^VWN=^O%4;dMh4,Check sum is P
test,FhIZRH>HO?#?]prGat9{!B6+8?E=NUm'(gR1l',Check sum is )
test,"k""< IMKMkU=rq7)U:~AY3>",Check sum is O
test,"RflZI3@_Y4VSrn)\/k+Z5cC""2l 24x4l7/!BEWh}(",Check sum is ^
test,)uf#9Owe%m]p-yPW4}#RmE!Jz]z-{N#h,"Check sum is ,"
test,"5v7cq(Wc,aUb/KAOyS
G(@}TMdG$9M^AB&Q*g:VJEd:Rge",Check sum is B
test,"AtA*+Sq>]f|J2YkqM@kf{#CT""~B-nq;!
M6	J""r",Check sum is .
test,"*FV&qSFM4p(-
h_(*
J/#4K(0nxue'![2yZz[fn",Check sum is M
test,#PlRSB77r=mn	:Xg(ST%loonQk,Check sum is H
test,"U6""6bu/\&d5)]7bi|/uZdJ/BOuaQZ:c|nq	4",Check sum is J
test,shSC78*t]OI.	CXEv=W;,Check sum is /
test,WuB2'FrSzX)L)[^X-=,Check sum is =
test,p0.UIOprZ`(pnRLul7wi&q%\OIxGCd{?xDc>e?MI\,Check sum is V
test,"W>(Ixf;f [0m(3LeM#quC
r#o9p]LcUl:dQ;TP",Check sum is 4
test,"~
|oAG\DlO?%1~mm7SStOojP+-TK'}oe_5Z	\3]}3wV
",Check sum is E
test,h_]~(EN	s,Check sum is 9
test,@M4^kNq>,Check sum is '
test,~_h RRHK@Cp-o+IG8,Check sum is >
test,"X""?liemK""8BWTpIbxrLO!mdoA9O-#JjUo`7",Check sum is ;
test,"DZhs1Tx[!>,D#e!#MP&=m&3]U~TqsZR:f8zQK;_",Check sum is .
test,")+j J6J6q	b#:;5<,*-k&*r`D",Check sum is 7
test,"1il,Y)y<LS`aBEfspyIi+Qh ^&m4^N;swfyyTX+xbxxG?![|M","Check sum is """
test,).G^}@%Th'KEVEYvd[K::Kd\c[^u>@5FGox3+!r](eC?,Check sum is 9
test,<ql!<ON}mBlP1~7D>`=v.0(-8Zk?b8OoRA~Xheb?_hl,Check sum is '
test,IR*1X3k%n,Check sum is _
test,"	p""IB@S<`huu5",Check sum is <
test,"KuW8zYw]$*S6HZ,{/>^6HY0}6LX^y0XcyYzG(3~~UijfF",Check sum is _
test,]Sj	H7~.QY<x-l&f>HHkZ#Gbp7S0mK+Ohu,Check sum is I
test,"ex}mIkr4W#uAHtp69&;,m+%L@W9(tf",Check sum is 4
test,"gpU&2y{g;P~Z$l&5*%X#?r-V""L""&}U &P-a?=I_,HVXS}S=4_w",Check sum is '
test,"v2c){
Ay9&':AHtL&Sh,!aZs~\",Check sum is R
test,"zeccG9MtF'm;|	d)y}>
c ,bhRK1f/G$GClf/$;.hYU}i#9R=",Check sum is 1
test,"Yzwa+r?c
EI.R1uzqYn+$$3;Xf<Zi 4eRC",Check sum is &
test,"YdDU[[h!<M8MnJB10329	QqPpEj]\o_""?.$@>?Hg-T8v",Check sum is K
test,"Ic a
9t_P2 k!TcQD\6b^VBMcpiU~a<,;+-`duui^~
",Check sum is <
test,"y9Ohrm'%FW8BM|/<RiU(H	b9D<-F|.P5I'1Tg<j
""930",Check sum is O
test," ?He	Z@1Go{l+pt,kA$Q0",Check sum is )
test,"0
,llui{FUOs2:;6/{",Check sum is [
test,"U:Lft-9^
5D
]fK&$N^qN6uWt8{u)""kh",Check sum is %
test,"3NQO_q>_@uCzXR(LCjOO6A]{?Ga#bP>&laNdx9N9r:
68@",Check sum is S
test,"48"".tLQ[{,gv1C/L*",Check sum is %
test,fj;2Xcm&sfBeDAy)Iwx^CC_SA	b9f?_Df5it,Check sum is E
test,{lL~A,Check sum is R
test,"b""5'4@x\Tkgt","Check sum is """
test,"J~#yT
)-[c/
~",Check sum is -
test,%;h)@OZ,Check sum is :
test,<NVVBR-:6+/Hl?rk,Check sum is 1
test,EwzDE0`j4?>,Check sum is J
test,2ze~;AKRi.J%%)JB;0]Hfw/Li0Q)=4Xd2 Z,Check sum is <
test,j hj=WdD,Check sum is 8
test,.^\FU12.+iE]ao{8^W(x~C{xEK,Check sum is F
test,".!3""1",Check sum is 5
test,"}':`S(UuNNZ=5.D'n]WyYp;m
IG""KGQ.UuA",Check sum is H
test,f]0~gVEv.820dT\e{@J<D\47S&'LkM,Check sum is :
test,"[`G U!y99@\""qX9gVfiL'fcE",Check sum is 0
test,1NAcf'5ZUHa-IW}4SE}_,Check sum is O
test,"fD|p]8dYCo<CY^5q,Ia;~o4ZSY&Zbhn-&XPZ  d.(",Check sum is U
test,djH-~Zt9>x,Check sum is ^
test,"ub\C_""&Ib(FY",Check sum is /
test,"8Wb""^dWoP*'dw$p:b",Check sum is '
test,94|i/M#,Check sum is Q
test,"s=~.)
xCo
soH!IK",Check sum is B
test,vfGy	zAg/(Z3%.~	oTb)'t4}F,Check sum is E
test,"#@amI1H_s)5Mhb4Vle^02	,G~B7+9eH(7U|oI&02",Check sum is )
test,/^,Check sum is -
test,"qY=#;@j	\^_IxZ#9kDM""a5$#u]d,_-9EAgB`F>Y[{$=",Check sum is M
test,?I<p:MW**T;kHqlY*,Check sum is (
test,18i,Check sum is 2
test,"^c?%mSL|VR9n#d&m
15]*!d]_1Qf}C[.o	DmF'",Check sum is 5
test,"MT
M,pc)Q8uVfl",Check sum is &
test,6=Y.Ksk:=,Check sum is :
test,"&Me
Nsd?%3|.{&aF(/6Z",Check sum is W
test,".6RA7P""vN",Check sum is D
test,@HSv_vu&jxp?N,Check sum is @
test,O}>lpJO$,Check sum is C
test,\iP;FsJ&#)O@P,Check sum is D
test,"a4Y;Fy<	uV0&+!]UbPW+QqN!"":!n:*VK:PYd1d;E0(%'C",Check sum is D
test,"NAR?to#nJu7Fjl)Yi6;)LG('Lime3
",Check sum is 1
test,vJhuI		$seIKkKF`VfFYTuWh6W7WZ,Check sum is \
test,"0V4@,b$G@!Xh\V+A=sNZ\&dxy?H|H3wq8
C1&9!G7&k\""Q*2",Check sum is W
test,|xmZY<>2ICV^9,Check sum is Y
test,"j$*2BCr25+<(	Ez&Xu+~NpBf~Tw9,~!QO\Ld",Check sum is :
test,"N@9|GaYQi)h!z@
xOyb_bcI{zi.-oh}`$Tp<rRX!G&q",Check sum is O
test,9nk6,Check sum is (
test,<	TS b2ZjyS5Ileej]vs%avdRwL?zs]%B2	VkESa6L+I,Check sum is D
test,"(5l]]{zC+u}=9 \?`""s[(U-lzi-A o8	Nx3c6rJQ",Check sum is O
test,"7?KplA,m7#>-FoyycM$::RmqY7nNWyCeq&{",Check sum is Q
test,",/'v,LCYj=O}~{3ck
{",Check sum is ^
test,D~{X@pA2^}l$m'!fI-#7V~nA/$YI>gfIc,Check sum is ]
test,"ASkl|;6?B_L-d5%/V!_p9
wZ2XQ\5]L@)ZD",Check sum is 4
test,"PfX2X$ =`.8mJ
G[O>Pve<&j",Check sum is &
test,"d3:r}|~<Y7Ki#zI{Z)m3F&f)Nc2^A3qc^u+{?9wcqXr{Xp""
>",Check sum is U
test,sfB2}.iNQ7Ngm~h=|J12!{hvt5-p498s1,Check sum is N
test,WS?VtFfyP9Y`W)2vnBF5C9t{,Check sum is 8
test,"/.~m3{nb{N?
aO2ylI",Check sum is H
test,)(hnZp]Kps mC 6z<`(D(|fh5CyVIjk!/L8,Check sum is /
test,"Ae!
]g:sLIGS~LJW?A,ftJ+K0;TSkeH!}
{PO!iR4f(DpN",Check sum is N
test,"v1s.CiI)*&oeY.q}]52~Zm}V$D?ep]""5c/2}","Check sum is ,"
test,"}p""&>ms",Check sum is 3
test,wdI8CvZ?K,Check sum is Y
test,"lx w6
@	fS^(kYg~9t%I""l3Qz{^3[PA)0vXg \F8 x?i#,H\m",Check sum is S
test,")`,pv.!@y\!2/CD:-s5D]5slmc)a6j=3%QsXpM^}5bk",Check sum is 1
test,GZRbIO%,Check sum is 2
test,"gY#,
/	*B1DC7:Dvt}Bjk.I%`R""P,yEV>u""='H%",Check sum is .
test,\ghP.FjFFwI2q,Check sum is (
test,"V88tbS
#y",Check sum is 5
test,"cWj#'{
Tn/~H>AD4PRwu-K3+tUH0)x+tg`^>_",Check sum is (
test,&2-F OU6ySet%>)'5v;	uZHhBsSg{5+&7*lli4U-Aa'R|[;.xe,Check sum is +
test,nM0 =J-iAYy=62\<C)\g)~_	rA<z)QxU*0,Check sum is  
test,yG!etc0fXw&;Sho|R/zr:S`;6$u$_G'w|P'	g<Y4gfo3E-/A$,Check sum is V
test,|Yl	fpF^hWELn)f#8 8M( $t},Check sum is N
test,vVO=za,Check sum is S
test,"R""dRa)	`yIK=[Ny>|8\utqjJ+%o}G",Check sum is H
test,"r/+}
<h26kMw%F\AgnE	&Z[Z'!7<q@)3@cFTso4lQ4rr",Check sum is >
test,"R.
x#HPH2{8T)x$~Cvpn?k~H}:p^		_*v!}^FT$<",Check sum is 4
test,"u:<G2I4LkD,	gLTcEA7*o@Jjb.4~r\KT/a",Check sum is $
test,"jdD'-Q3j4""K6LxOC@l,Cc}!{+p8{yen<AG2ao(@
{|Dr\N5C} ",Check sum is 6
test,"f7LnvA|&PO]'amDP|([9cn>wg;J8~zK+/""a",Check sum is W
test,"Y4&m6G-&J!^$SU>`e;9pcQh*Zc?QUuweM0|@`;: c>""pW9mSF",Check sum is <
test,":6l|3rMM
*KA
?;}qo""vNqdJ0f{^[8WO_r)/r",Check sum is  
test,":<>{ez:%HSn
&ef0JAo3Qe=+^&Qk+<!9",Check sum is M
test,5y$rj-SUa_t_>Y9C.-K	qklVp4D,Check sum is >
test,=x?m!No8uQRjWB@2?qdSS9BHAz-_eCRl!.Sb>@+,Check sum is ;
test,"'0""b^t4H BTob}%ye%ECj""ekMg09wm5~;r4vI|0)=",Check sum is ?
test,MXxW.,Check sum is B
test,#Ef/j,Check sum is G
test,kY,Check sum is $
test,"7{""mdh+SXrPK3[csxIi89",Check sum is O
test,J[]J~;2|c#Om\x%K@(``BW\+}4,Check sum is R
test,"2v`{
HQ>pRr'i1kZq`<Xf",Check sum is I
test,"2Vj^U>Vw4m\azxD]=m,5>pr7bsna+d7\G3gp""?!",Check sum is <
test,"b.w	/#c4g1o-B_uG]07Z;&<q#q >`	-,#vWW[%#_Zj)I)\p6Sn",Check sum is 5
test,R6p!3yt&RGn7\0Li(-l>\O'?z,Check sum is H
test,"=D+DH6[3tSh!""p7z*ww",Check sum is G
test,rS6{,Check sum is V
test,&=H05#vRq_2jK3E'IC;l1*,Check sum is ?
test,Rp}pN}6b~?L*TwHv4{8*aWJFmHpHH.E%D'%p,Check sum is T
test,"BXS`8a""sT/d~iC6<y3""5?s-k""T}m",Check sum is K
test,ccWj)I@ @$BHJ0p~rj%Nj(H\m,Check sum is A
test,yzC%hh/zjy}uIPI#i4v;bz:,Check sum is 2
test,XugdJ<m9,Check sum is $
test,"A:,(aX9NCRsm'+[KMcLYu",Check sum is &
test,pfPz+XUJCee_*dIMj_S+#]7(j~ZQ7+sz|;>{\4V0,Check sum is @
test,"6:f1q?#9Ym6n;,%.YE-50E qU$(9jGQ|!c(<",Check sum is ]
test,"uz[A$NH0i O	}2E0Aj7tO*J {Fpz""3z(nM[m<gU5i8Vc%	",Check sum is -
test,"N+1)a5NR5]TU(|kM\	ww9^uLu*].0|qjS
&%-#vJ",Check sum is T
test,bp2YK	V8#}.fg&ohJ)Fn,Check sum is ^
test,"^vzT8t+
9Tg@/})K3['e#
S9N0|5qZQ+FEzvLe|6Zi",Check sum is !
test,oEhe->w*i4,Check sum is J
test,"ok_>2^)!+G$aN=]d/%Op
<-+DBs(",Check sum is F
test,"/'F)_$IyHS""Txl|g6",Check sum is 8
test,UhFaJ,Check sum is N
test,{=dzxla]s=RE8h%V,Check sum is :
test,8LY*hGI0]>M`X,Check sum is /
test,"()lH= :@]4'`CPcr}uT/eN4sA7#UXv_(""V",Check sum is H
test,-Kw;MU0vp{UZrn^\P;<*,Check sum is 7
test,~X!^R3 w4V~.zNde7Bqt9w+JyYd>d9a,Check sum is M
test,H'%6X(dxp{Pzg.k+vGb~rSy>WZ$5,Check sum is I
test,"I_1[`C
ix>pLEq;)F2}}wL19$z&fZg$it	UtYeDmm",Check sum is /
test,<~FFa_7V5V8?en)eD,Check sum is Z
test,"jU-e1rcvsl`=U:Duc0*/C,?	r+=) {4y,3%y=B.Pj'LWV",Check sum is #
test,"[XO!wO\)q1H-v,.G_YI~}_d[tAQa#rlW/^ ",Check sum is B
test,"!L,l<Tg<*eyVhpn+>Qv{o]4bmB`c&)]:<dXn(B8g(i",Check sum is !
test,">4 uxpt1=%qn2
],n)d",Check sum is 5
test,TXZeS2=5TgJ;_9nd^v,Check sum is @
test,"&5;hu[;lsl3S@(aAs kqvF
arn}",Check sum is 7
test,"X;D*""Z6kHY|	e!DZ	({>tvR(UF0oO:\X^~G+gLRhUz2u`o'",Check sum is 4
test,")pIG E)MSbix9)lMwe]N'/{R,"",JUWV9Y2s)",Check sum is %
test,Wn]-J)uS9X,Check sum is ;
test,x!uUC-{b	ExB).&f@,Check sum is ;
test,r	9q*dS0Cz[H~jFj)k~trWJ\n(^() -mkgYPF6L8%Zk[!p,Check sum is S
test,x1L=g yaz+wZIj)\& }cDrKfc_;`n,Check sum is 9
test,"9pY}*MIW]pW	-s@LGOMx1#Mw0/(A,,dR0Jqw",Check sum is :
test,[K^:y|/Mt!H1yb\f97V$R-c$.8)C,Check sum is <
test,oP>8\]0Hm7=le&yd8@u%o?lCwQ!d_>F9J'T`,Check sum is 8
test,"?JfZrP""aO+06	~DR	gU9%d|3Xu\@?Q8_8Ow.%V9{Boo[_|<",Check sum is ^
test,"6lP	v<{
Q>qUpL>5!-lZY\iekSP@Wc@",Check sum is 5
test,"""XbU",Check sum is Q
test,f%\{DmdK*F^:SpJ(CnPf*X9JGw2/$K ./K8,Check sum is Y
test,zi2;~0(	dhXkQ|Y{-6eP`l7^?R$TGp,Check sum is 8
test,<kZ>-P#	,Check sum is H
test,"""5Rl{7|xD1d<HR}l|QXII=~6]!G=.+40
o]{;GJ#<]""",Check sum is U
test,n7ixaZS[>6L?p_O(#y4C|2@[vQ(~V%NxY2dc)T$Y }$e]z,Check sum is '
test,isY,Check sum is U
test,pCht3xm,Check sum is G
test,=ZBHwyPP5't:|`phc\6^SA	ANcUgHN,Check sum is C
test,"WZ 4:1-Gz3$Oh""6wzD]zit{CQ:$",Check sum is :
test,"%
MFuB0nfZJ,;~%#aD_`Y.jZd%y%'q,0Rz9G(VX ^0nE2I$",Check sum is Z
test,"`V8KFYL+lO'V		G8*p%D>""4x |/^n2
u",Check sum is O
test,"'Mse8|AyI[y.{m*rM!c=vH9]Z-#EQ#iqZ
3KnmU)*qKPxs4",Check sum is X
test,R),Check sum is [
test,"Rs_5j(	Z2k%(e_D8ap_A}M)^+mDjBlc,#A![Y",Check sum is V
test,"
;P>f }C?j`.l'v/9gFP",Check sum is ^
test,"_Sr~GU;@v/Z""ks5jIopGzW",Check sum is 7
test,"-+i'ZFSTK=1+aqW	>{MTR	X  .""d4vn@",Check sum is >
test,.6C %ITL	Fav}tM`8t+yxbMv>m%=x6'R35O]m:9,Check sum is N
test,&iDI3(Zr016Bck`;c&?a6QWd7=a(V7dc,Check sum is !
test,"[J@_TLTB;+^zP<8""g	 _'(	@k%2;$~PPvHH7@
'7I",Check sum is 2
test,/.$=4Ok~v,Check sum is @
test,"5oV.""<pNjEi",Check sum is <
test,Wu&2ocU9)wZDAWcQI+8#q%_}J'jPN,Check sum is (
test,"mFNGI5n}6Yyv<AJ.*5/=kJ4i}"""";VBk!K1`1&AH",Check sum is =
test,^6).ZQ:sWd,Check sum is ^
test,(A?N#djz8kF,Check sum is *
test,")R7`!IndBAv2:z/42~?Y^nYQ>f
y{",Check sum is P
test,5Nn(I,Check sum is B
test,F35|J^ALndqu+$6hll?,Check sum is ;
test,"OZ""qMG;@AS",Check sum is ?
test,"-!{x	fCKy{)yk>2MGD|$y{Y)
",Check sum is G
test,\2Nj4q.ucA;,Check sum is M
test,6G,Check sum is ]
test,"<38/:1I	%#Ibhu\HH""L0 Kzb=]S7>\\",Check sum is .
test,#f/F%~+[X/@_5-*`Ra!^J1R,Check sum is X
test,"J8xEgwqtNj/aO	Jv[,/9(%gYyN&""r$YMH4~2*",Check sum is _
test,52zk2ZH@&6FR1\E,Check sum is F
test,D~rn=P:t(^dt62wiyrNN,Check sum is *
test,"kT-tWplG]o'g;2F'_QM""rwHz<&avy9
fi?w
WLs4n",Check sum is 4
test,"^5,Wa#G_1O0}tb",Check sum is #
test,<w(m^T[Hg>MTfG,Check sum is 0
test,"hEr=cu3^`Y=}3-^P^}>y9b0tU,sX|*X!-p%W",Check sum is ;
test,"eur-@qMiWhl%u
&c(kHDu!VTDimxj,}PEJz]:%oO'spQ2C|~@",Check sum is 9
test,lw~jqc,Check sum is ?
test,"/
7GJ@JHvx8GU;@([LbpKw067I(Unb{N""M:u8t~KhISP``0F","Check sum is ,"
test,.}X{eRk'_,Check sum is F
test,$R6*5geb`d]!Pg+[,Check sum is X
test,"""vnDZ*}pmK{kf`nJyA",Check sum is 1
test,4p^]D+,Check sum is .
test,"J2O\2u7Svt%-}ebLT18:N[MUk|X+>QDw,W	
""u !%
@",Check sum is W
test,UbR Hp-QuX?alh7u<hx Ekm5$u5?RZiuIT8=i;&)+O*Jb,Check sum is &
test,"""Jve<.m:(uRNibI!F(+0c",Check sum is V
test,"tzukn&+Q""K3do]`vy
3aw%rn~;'>zeB'nz3lRy",Check sum is /
test,?ej:/gu9_q:y|S1S3i,Check sum is ^
test,ea]PVsap8yt;[#:mNyTcMh:Z8H&t	,Check sum is \
test,"]p,,3e8 1}v><x",Check sum is K
test,"t,Q7\#?DvDYa<<=h+p[JOQM-""O+{txs{5vF'/b`",Check sum is /
test,#1$VJ'!w0	>Vu_A+L	*,Check sum is C
test,"Li0AvMmsxt$I~9wV1&s /k4<nWBl*-O=DzB=,\%Yr1",Check sum is 6
test,"s0eAj(1SAbR6{8!3O	!~ t_IEx<tNthv2SLR!;""o&P-UDmQfPl",Check sum is ]
test,"W1;QSl@$pV,1F|",Check sum is <
test,"iHp-f#Mh M .v{ds!Ii!/@v
'Cq5dX),ch5{UWjm_4B1",Check sum is 7
test,"\ma
/{|f:[xl;0*o$!lg2J(	~q_!2W:Q
<
o&{N6S=",Check sum is Y
test,"BUR!3u>P#,V ua(!
}l<nAa,25Y""BzdQ}:]kF4s:p",Check sum is X
test,"3bWL?4Z3.
UuLHDTn]}0x",Check sum is 6
test,w5RDNy<]n,Check sum is 0
test,"jG@n>Nkq_BdAu8b
k}_}6D%zSBNy	>@zHt+2sGjL[Gg2GH",Check sum is S
test,!u4[\T#1*&=Pfye!;jBxQmgo6)5hH(ET[zm{OkcdF0jIJ6-3G!,Check sum is 2
test,"U[:#qHlD""`y0TSm""zC;jYSYB[q+KNho",Check sum is G
test,y;QA	dXCgJ\j[,Check sum is @
test,"]""+@]c=g;",Check sum is )
test,s$(RH+s|,Check sum is S
test,OC,Check sum is 2
test,WXb/T(]V,Check sum is O
test,"G@U7&6Gv.G/t6oh7I
Euy%5R&|5v^W c<bzK{ZV?jl""",Check sum is $
test,".%?3WMgy-iPUqR,j",Check sum is =
test,"4upbtx""duPGy+",Check sum is =
test,b4hcl,Check sum is -
test,AJQS;65o87rFTLe,Check sum is P
test,QVqe \?c!@^}C>&j7	8;c)zC8*P\J=*l	4Bc,Check sum is Q
test,"YOR_](e_Y%f))z^Y4d}nofG&""_[9F",Check sum is I
test,xh{!h6;G?7,Check sum is 2
test, *sb+xl:Y6|A\Wxth?GmW*s$L;s],Check sum is =
test,"oesAXe-""Vv(fec&]1$heWT6R",Check sum is .
test,"}#,=S{*G_",Check sum is G
test,"4Rx?<S8H(!!A1s6]r)2{;<+Y5""fV[Hwm>ONWyc9I",Check sum is ;
test,"!S,xw",Check sum is /
test,+v2J~{:2>Vp\j(uzQ{|,Check sum is K
test,"dfC:grJH;H3bFYT@,FP_1#5Q",Check sum is X
test,wJ6R3!8adE4H.721<Z':.,Check sum is (
test,}&FjC 5,Check sum is K
test,OPlw0mV0/![7QvSZ) 0kc'=J,Check sum is P
test,"	l<3ShWb<dFP<X>_j>.C'`ED*u9y3
aP#",Check sum is *
test,]P}s2Jg]7p?Ht:)/)|[.,Check sum is _
test,OEXw\0KA%c	9t,Check sum is Y
test,50D__#bsOSUp)/$FgfXVak`G^	',Check sum is $
test,5$h[TN&Z%jn4u^e f7yc,Check sum is  
test,0N}z#inczD3y~O,Check sum is )
test,"v""[wV5PL394_/8X?8D~x",Check sum is  
test," Mh8<:e>nVdtI'W(Fj}49)zt2 3;T"")q(QpDmeQ0~
oSWWGI",Check sum is Z
test,L(&oJ2Y{!d? /@mB C/?qZ:i4A)MTr),Check sum is T
test,kT_,Check sum is >
test,"s=t:OO/p-gSkKO ,z+F[NVqx UD.:y",Check sum is  
test,"vI^'U|=t;7hAt!^!r-<&yEb?E<6}""C\0W@QF)J(U5(c",Check sum is 8
test,bI<1Ow0CvYWr{N2aqhwh0XKp,Check sum is  
test,"=}8 Bu`/\bdUS^4Yc	}SZ!T""R	@78~@/3I^|K",Check sum is 2
test,uN~`-O)3WsymoYxe\Su'U({GtDq#,Check sum is D
test,.D\b25`6:qamW\8{9:dO_,Check sum is 1
test,".%)4rWCV""lY8&C`Hd7y2$|l""~d@0LC",Check sum is 7
test,"R|d_KC:B2r&(D
yLj",Check sum is *
test,"sY!Mn(`!Q^\mhoAB""SW&#xRi7:i4""{[}}n3S;9NTD$",Check sum is =
test,"t	BCluV`>l7OnKxJ/'n=uJD9yS4X?h%-Q
%`36Op*3q&;|aw-U",Check sum is ?
test,F*y(O%Ma~V_32Ve,Check sum is &
test,"y]>,>B,)B4'9g44}<En!f2rB_ieA^;k!O",Check sum is U
test,B75?N4&-S\!5lY!lzf\|Z`	T_B*%B_]:C,Check sum is 3
test,Jv1,Check sum is Q
test,"jcE-""&`$RP*?",Check sum is 6
test,"7>#q1Cf,k&omb}1JDBd\3)c,cW+R[',",Check sum is L
test,)=|s<kglZgQk71LoSb~r;Dz!/_c!k9L9<K ,Check sum is 0
test,")S4^(>,4n3`U	).Xq""nKW$IRx!.xVEgm.#G)W Z2O mZ
+pbz2",Check sum is ?
test,"6T-
{]U+-Yn$O	^{2e>
eUAOF5|!)\?t*PFdC","Check sum is """
test,(w&X:w_1e*V65zZ!&Z<7]k,Check sum is >
test,"
ecDM N:",Check sum is +
test,"kk""",Check sum is X
test,=L 'fVR-`r{*v$0=,Check sum is )
test,e7T$`FS`\(+_f7/{%^EHL?rFb`z;Dc0!3G0-y1.,Check sum is S
test,N=%t<aCY0QY}W%H6 ;{}Km>)(}_'4C& +,Check sum is S
test,"Hp""b*~)?U~Q )FJ6crmdGZBC14K3B)6}Ab*Ur""u""WT@$-c",Check sum is X
test,Mz3,Check sum is Z
test,Wxf]PfRyk^sX8J),Check sum is 2
test,"v^Z6D-SuppaN,P0G&67P1hN-n2Da H9n;vKK",Check sum is Q
test,rmM+	6&;x-5KCA#Qnj=c.<Z0DR&Ye,Check sum is Z
test,"5_joayxPbI736}ju8~I87l""x	&e",Check sum is ^
test,"(dGhP`+DQ*cLuXKcuG@`F45]U2])""lw]8	zgeQ",Check sum is N
test,"s;&3	LNr@i([M:""aI0	Wu+(",Check sum is S
test,@QyW,Check sum is A
test,'L8iYc>Q]\@9z*S>K0Ofmp2mp%A1}<7?0z#Z<~di;,Check sum is 1
test,"}k9s\]^egO
50Ms#$]7frK3i'$T'*rkemx,.mUlm9TdEKi5Z@",Check sum is 4
test,} 8cuS,Check sum is  
test,";<,DOg48*oSvR	9>$N[S%0m
$O!<H:0<P-GSI0
X",Check sum is 9
test,n/1DaKD1L#Ju	*\mng0.T{qHm^Nb:FF:5DZTh4j*,Check sum is J
test,"ID0t$JVnqROwC	""TGL.'6Uh.C=}?8	Rdg'BejJ7S6",Check sum is 3
test,&84X,Check sum is J
test,%-gVx8FP@Qx+:3s;d/mCvZ`=]N;,Check sum is Z
test,"a#Y!}J-'@N'XW9'r+W_qgIFF<E}
""P&9&Si@",Check sum is 8
test,"6HEO	] *
q-51Tj?b",Check sum is O
test,"Hi{H9qrz""?ds.bt,iFf6CX
l1Fk5Cw",Check sum is ?
test,?ZI)AuONX!,Check sum is 7
test,"wfM~+HmrkJmo'1)8I,4^`'Y)MR=""7qJO]d{K)2X",Check sum is -
test,4_JzVlcl*HzkW\d+PK:*R,Check sum is 2
test,"#)X~%xHanO+2RN9dHFm]}ja)2*rj@""K[stglsF9v%`",Check sum is O
test,"?r(}8Ca&5#-.
{q(>	O",Check sum is _
test,y59)b;3,Check sum is @
test,"^""j2uQ&4'dkHd""MbikM//-OaQQ_+;r3v\*d	IMfB0",Check sum is N
test,ky&CYNwre}1jI U<d	z6!<gGUVpYtNAF>XXy'hU&*,Check sum is 4
test,"u~mq7-Av1Pc
&*b""RmRRQy~5T-1JvwG]yyq991jO3Z*<cpH",Check sum is H
test,^]S(W{moc}nvKPI,"Check sum is ,"
test,"Kf:HpX4QI3Z#3iNrze""&.?:owrxS|<lh+%!#p_",Check sum is U
test,";[""\z&i718P7[CO5HA3y1vmE
a0JCaZ+Xt}.BvtlDf^FR",Check sum is Q
test,"L~+,#r:k`B3M/s5F)!qe#CuyVOE",Check sum is X
test,"btE'ku*6{SkKr.Z9.6G,Jt&~\tO/48k-?;t.K3",Check sum is >
test,"*dUhz-qx5S%7%,yU",Check sum is >
test,Juccok,Check sum is ?
test,^<m\gJ%G0&,Check sum is 6
test,OR~K_=I,Check sum is /
test,"nsx4vu\s3iXJ?
zz`CC(~Gfo",Check sum is J
test,bFS,Check sum is [
test,0~I`|=+bO=jmS>+,Check sum is \
test,"d<!VVr""QWV5P",Check sum is $
test,'n(=X:q%gdKKwtuMEDzauGz?5*ABW,"Check sum is """
test,q6)b[R!>f+,Check sum is /
test,"jl9Zk4M|Ur)nFdR5P=Z)ujv:J1	WZbTwLRW
~3=",Check sum is .
test,Uy/;|2}.P=n-ICLwJ9ufD\SmcpEYBpl/^=nk`2yf]_v~!W>,Check sum is /
test,"{e8wP'[]a,<5Y-R>I\[EzJTM4,heEe8RvB	cYcE&5N;IX;n",Check sum is P
test,4~,Check sum is R
test,2G?}+nB#e&7W,"Check sum is ,"
test,"~|Jsr.JT]iJZ/Jn[&.)""9M",Check sum is &
test,(#~rNh'SOG1uJbeh,Check sum is @
test,:oBQV,Check sum is 2
test,e0i!hoeN9m,Check sum is /
test,"PEz\v,C[t1""@@]mbZ_4T",Check sum is ?
test,"=W!|tLqQy!|Rov
v4",Check sum is T
test,"Z;yKuIS:S2[0Dx1	p ubML'W_@n:rY""A:",Check sum is 7
test,A4!c^|4&sJakfn>}jKMZXhV`\*j- B,Check sum is 6
test,3LpUkk`1J,Check sum is U
test,"^8""<cXC,,fDTE9_l`VP{RrL
29]]x",Check sum is )
test,e.l=;o&zi(GXq<d!anG4>YV\Q&)j,Check sum is %
test,	 G`+IIV1d`zFF:QZrP*[9,Check sum is #
test,"7o	8#q,Zdr~0)\Gy*+|TnDNJiBC0^QWo^1r",Check sum is -
test,?R0SnK,Check sum is -
test,5 	y]`UwsfL\%(nU4e*,Check sum is T
test,S(SYP7;,Check sum is I
test,ba2jD>_,Check sum is  
test,Xq~m78<I|<>?7`7Bgk\a6 3&>?jDr,Check sum is (
test,MKA(ec},Check sum is &
test,]G#e:^'=G^qa>q_wW&IR?(my_,Check sum is H
test,M[I,Check sum is Q
test,@d*\++pk5}'0e	<bi<,Check sum is 5
test,	@;?]:,Check sum is :
test,$4{{$4#>n-;c5mSG*vyOB/Xf(m,Check sum is H
test,"6+K],(}""QUK",Check sum is M
test,"yQ|U9Wzu[!XeQ?H
_E`G?PbyI$d5$",Check sum is 4
test,"nf6H_ZAsjwyfk`	RM2Cx
BXQqoC2R7M]F*+fV{nh'4M.}",Check sum is 7
test,j!EwNs$y%z1{]+|>?YN',Check sum is _
test,")gJw:ckD+j8C&CsScokIy""'l",Check sum is 0
test,"nC,.Znz)[3UFH%Pm?_gIH,I|#^	:	Rq%W)d)GU",Check sum is N
test,"~8z_	# :Zh}=Ue
""`dn1K@",Check sum is E
test,"Z1-:F""(QVs/~YoovF8BEltK4Wc2#'(TKOF(2f.`Vr'y:pS",Check sum is ?
test,n$I-[l~sq:G!-YWP-M,Check sum is Z
test,"
NVtmJ<|0gf=6",Check sum is !
test,W{14FEv(K1JG^Nm,Check sum is &
test,"(XX"":zTFAzG7{[7g
7[%W#ue~wm2",Check sum is >
test,m7I0o%s\>J,Check sum is (
test," Vd#D1L_d,)[	bA:PCh7zM
Co2$M3t",Check sum is 6
test,PouZZjI?1\p6rU1J%{@1?,Check sum is ?
test,"]g^)as[ArpJ:wip 1W:uQ@w""Wd;",Check sum is H
test,"k7~$tZx L%[1S_""=/n$Ekm99",Check sum is (
test,")*_<Ed,i[d|mL!Q]Ra9O",Check sum is J
test,"~B(YP?rjg
-PRlMP_+9KhqB+noKF
",Check sum is !
test,"Z1k`*p7&F&
""_T;qb<ClyNa\$(zfsZfB	",Check sum is _
test,"s74]L {eozI:
* 	5:er%*A:8z",Check sum is 2
test,")G'&q,(Wm&'GFZ-d+2ZM#I-5RN^;`yAuzUo0Y/5_tk PC_",Check sum is @
test,"%1o\JUneQfW:'QlA.F4*~s\y9:9-
",Check sum is [
test,"{3a*u*R`P;|MX[
G?L}G",Check sum is Q
test,"C,E)$e!}sPcN#ZB3bVG{Nz!oNm8(~o,Fm*0rR<gU]nu1s|Q ",Check sum is *
test,XBxi46Z6*`45-[>w1>Ni9[&,Check sum is %
test,"~o}luwO	2@,It|9YQ
)rTAp)3gG+\^h$A&s&lRB&r",Check sum is 1
test,s-M!p)P|^gyPuamliWRMwcfLDQ+GXXA(t:7+g)2yn ,Check sum is 4
test,_+}`7MX`|wlgY9)GV.d%O9dK#Je,Check sum is !
test,"=iV_=0n5jncr..
CBkf	",Check sum is =
test,NdmMe*J-+>0]'!)Ul1\}Ef:Ssj	0Kn1.]@MC9UL6J,Check sum is 1
test,"Sb6>W%SmCx""+\*0kc {d",Check sum is P
test,Mx-4	T#!+h}#s&[p&Nz(4;!m`=,Check sum is .
test,7?c<bHK sw%bS3ubY0HrP@vNjd#xAJ1)L,Check sum is I
test,0`4?zP,Check sum is -
test,"c5""oWs)`$DGMsl<!3YP}L""|{*",Check sum is <
test,"/PMC&6fjnDJja,W.sQR&%sYQ",Check sum is Q
test,"S~g2Fs;WZyr+sm$~""ty}/Mu@uGoki'c:B@:*j{IUcW-A0YSbbn",Check sum is &
test,Tw..b$Yw/P1sk-Srl8{aS<14C8N;Iy=P_sWJ!sKdUN6reu,Check sum is ?
test,"&""P_!$w%XQQ<+
:p^PI",Check sum is D
test,:z,Check sum is T
test,zrra	Cv/Ys/x(!Ad8#,Check sum is L
test,|v{j9&iyY|OH7v)y:X!S~6n)7AZAMY!Z +=xCm-NIb,Check sum is N
test," h1)
BY",Check sum is '
test,(\jP#A<Dz$_+OT\!t']LL`f	_qW'wvZ{lG#|_C_~u4*?,Check sum is \
test,!8Q-Qi1T pg\`+O[LNG){}+}p<'N^<zKy W7!2N.Rxg^xU,Check sum is :
test,%4xwwiID\='CjxcOxvOvgRVc4C2/H\D}~GO4b,Check sum is 8
test,pp	M,Check sum is V
test,bS.vyq,Check sum is #
test,"X$-MY#[fDg0,G;Ca;J]=p\w/RNOhR|n8{ND_|5vdj+LM'U",Check sum is =
test,"O^Us:R|9Ho,vxkrej.Zz	.ZKX]}_|zc*~:0,&iUu{<;N",Check sum is 2
test,&(w$2l`6wxe!w8.\,Check sum is +
test,"#:>~<F7rp""2Ix>v\93?ijz
zmRGf:,#02E74K7l",Check sum is *
test,"G[l_8ie(bSXNTC2zGML /i""6BZ4: 
[FD?Eme!wKth26mhNUA",Check sum is X
test,"5Hd
Y_eY-QxRZgb|lH2=Rm",Check sum is J
test,&-,Check sum is 3
test,\ d]D%~4~_u,Check sum is J
test,"_NF]c&Y?nZ,x70?/n'^(!)UmOQ",Check sum is Y
test,@*d@O)gT>); j4!^\YZB1,Check sum is B
test,>'AN'DSg	?,Check sum is A
test,]t'hQ9;7\d_*Q'B%F,Check sum is *
test,"<UUl`dmv*djd12-V!A[PdK\uVV&%K%}	,Sr IF?'.{>[",Check sum is ]
test,"}8ZJBM^KO""(b'2~
""X;FdR?Tc:|n\blt^qCze",Check sum is '
test,"tBkyJ1]9[!5z9n""aQ]_`=|5]!endqSHz'+q.",Check sum is '
test,"*K__Yj1IW.GV[7ZR`Tu=<k	+p	3ZL.?o,&d<b{;_\",Check sum is $
test,I%vCL7R9T?n%wO [7l4<I'*sa+m\I,Check sum is :
test,"h7BLxT'WaNdhLb>/hm6.9""kBDF4zy?<1)`Dd",Check sum is <
test,U9#bg&oK,Check sum is :
test,m X%BlWM4v),Check sum is O
test,"*i[b@/-Q!|SU`""VVMSzuVG5w",Check sum is (
test,"*.rCJt?-M2<,s[<xZbp+p^]#""",Check sum is G
test,"H`w.e6;2pK0SB""",Check sum is W
test,"8wT-/udZz@O&8
",Check sum is #
test,tJ~	9o?}p@]u:;xBCS:[)FU_>I&a`lh_d6	e~*f.\R+Wb'j:R,Check sum is \
test,"RQeh:PVFMD_VOP_0""RrCzW7]=Qpx;W",Check sum is @
test,'d45Eyz!YRd($\_eP;grfA'+Cri HjQ.7v->],Check sum is )
test,"~+5.Yt<}:GFSn(h+=Dy	|:%T
Q=jHwc6.w>m
#Ee6
-u&63",Check sum is Y
test,E82*0C-Omx\1su~n	E3sql>v pOPIO5p59W#k0	f,Check sum is Q
test,vzqn?@^_,Check sum is +
test,/Bcp&;`YUsrfa$00fDZvqmbO=2@wZWUUTl,Check sum is M
test,J;e^aUk|H/RufP,Check sum is 9
test,"`|d,72LvI|e5)LvOF",Check sum is V
test,9{pVC'&IZK`!k!|G[2D7khO>cp'ka,Check sum is V
test,a\ip&fa,Check sum is #
test,-|dRpb>?W4E6J[#>.EFp7a,Check sum is [
test,))%8N)tW7h,Check sum is 0
test,",Q2U`B~ZY6Sid1y7 efXH!/%Y?m~?t",Check sum is $
test,"l2A-7'
k$[^UzF}H%8G'e#EKoe-yY","Check sum is ,"
test,1bhlwy<Dz VI:MW9&[0RAY$n+me^EIs4h[i(D4=,Check sum is O
test,"L'DSK{-f""ZRv0{Z|[9VY+C4
A>[vUQNtv",Check sum is %
test,"6c^Y1Z""TEg$&%erP}7|av#C=j",Check sum is G
test,Rgc,Check sum is <
test,#>	;+hFu^CIGVxgPLc5BlKl,Check sum is R
test,<($q*Qk]/;`v(v9RKZ*{;ffwTx`V(,Check sum is 7
test,"o'BdxqS,)#&hX:),o\nJIx4:Bqnax6sr{/:Bq6J `?8",Check sum is Z
test,Ol9iLS[)\mZZ0[Vqu%'D[+bv3bCHs.\,Check sum is /
test,arVxZM&5XZ&`Xii2}. ,"Check sum is """
test,_c G[0NAhCHMf}iO\8qx-gnQYF*6d0I,Check sum is *
test,:3Wz5ePjvjhp@,Check sum is *
test,"4;7|a}wuiI^[@e%{}7aWXd

",Check sum is 8
test,Qr2NB!]	eI*RSQ,Check sum is :
test,>Wo	7k>J632O[,Check sum is \
test,X^wb1y1,Check sum is J
test,"VNAGy79""EoIP5i]e;\v?RF}6j>JG!04')0=]P-8'FQ8XZg8!D",Check sum is T
test,"u*y<b
WuLu
-<C5UjIkS*?7YGh{mmP]Z$j;",Check sum is +
test,ti:eD\Rv`ZBUD(yz| iqx,"Check sum is """
test,"6u,y2Ro-SfIt{#o",Check sum is S
test,BL'c-Si(\fcB{[anr%)F}},Check sum is U
test,_fU5)i*%,Check sum is P
test,['GwV7%F?H\u\)hc.,Check sum is .
test,s_'SrRI{P0Vh4Se=Ii?%ciV@EzN	xsI+h|X=79,Check sum is 1
test,o)-'jW+M7yZTYoRnY'>:'v,Check sum is @
test,xZ,Check sum is 2
test,"KpWt$
R]Q0=Cf_knD*`AC=9;q|aZap<JAsjkyDPnO,icJ_OuO",Check sum is +
test,+t5=6M09BpmGr9JkK9<Ff_NlhQ>1tzO'hllmmu<`k,Check sum is J
test,ly,Check sum is E
test,"_^K.y=Pg4^/Q+qEyFZFW<tW7^e$,s064#PTp",Check sum is A
test,?_nQvA+gms/c	'|*&a+,Check sum is @
test,W<r$9E}k|xx-v,Check sum is >
test,"7'I<?Ww"".LY\O-UL,vZ|]",Check sum is S
test,"LwUggS?W	#""Z*MC{""I:._:0=NgS",Check sum is -
test,"J4\miUVn5]${`,ektAA^""}zj16<7",Check sum is '
test,"=
P!l!HSo@4#;[{-d",Check sum is (
test,"L VOYcw	q*jIy-#`'Rx%3C-3k,I
",Check sum is :
test,67<|UPuE(%&39p,Check sum is 3
test,aj05HSWz7IsO	KxMBx!LN,Check sum is L
test,"(K~VP=J	!aC@S)Be-t7`bkf3IP|M@,wpGU@R	d>]`X5=<?&E>x",Check sum is >
test,}E62U,Check sum is _
test,Nk2|k8we}O;OVEBIF)rInSm]<XQF:tfg@_bF%75N6':	5,Check sum is X
test,"FV	kowuj^Q[F
ky?g069
RD3p@.m=BsS*Cvi7!3""zD1uNuO[-8",Check sum is J
test,"Az""r7\gIhU0VriBpThc?O->C@C+;\y-\",Check sum is $
test,.r[!,Check sum is <
test,"G
b@Dpm=]@>3zn0]yN\@w }}F>","Check sum is ,"
test,"0.>z gEwPN&YhK2J3&>""w{9,1jpX2X:",Check sum is <
test,pR^[BE/l{-'-O,Check sum is H
test,(eS5Gtp$!m*t1Q}[jTt-([<B$8Sws=?;&Tg+,Check sum is F
test,"`1p^Cf\,kr[a?mi+R",Check sum is [
test,"MFUaDUupg`{hk""k9_Ya2{x|\;?dw+)jkN)ye!~",Check sum is J
test,"-3Q=Ta<AvM-n-,=R@LtEXc%U""wo",Check sum is H
test,"\QJ<HR(LO_?_okm7,oTd}&C|m3FV{)fTlFHgX	",Check sum is <
test,"uU82nsl6U:.mc`>6l.z:,?H|+9u)@7iQ`EH%X^Z*yIp	*)'_n5",Check sum is +
test,?_S9WOu  r5\)#]b8v#hW A!bC@	q	AI3FPzS,Check sum is M
test," x|7a#;lM""c:M	A^[C yeS:
Bg7(-\p",Check sum is K
test,MR!Z7V<Pc1Fm#,Check sum is =
test,"=%W`jZGhWQXJ""K
[Bi!<tL.;S.)>9	AV-""cBt
6>4v	(GnQ;x]",Check sum is Q
test,"e(
6201WvoH>iU'""#i/.^V-<fQ)&7x}KTwhBT2n?,4*",Check sum is >
test,T!X9HmGAWSXSlgQN$U,Check sum is #
test,r-P$N>f,Check sum is %
test,j>9-p`PJ	@0qA'oQ<0hU,Check sum is S
test,"]KHzSl""Tt	5OqHMwqu'{UVjK>#1mG;o=`B~,",Check sum is ^
test,I(2$z3}wT;*n	-67+_bf,Check sum is $
test,]19,Check sum is '
test,"(#\[F+_}I""lPm7NZ7	[JBM}Q#w	-u 6Io",Check sum is 7
test,"9#Ry'uq2=ZOQ'oTTxiBs\4j&,DD'(i""pu[
3Dg[vW_{1U",Check sum is /
test,VA7DZ6V{lplig^T96`&:?E7}Q	;,Check sum is Y
test,'7N%f[*&%E$c XaX,Check sum is $
test,"eSS4{N&)jMac,Y6W1y-LZE%=VYln",Check sum is 1
test,"0z7cJ,Y&oR|/epD6#J*>ggVb-COTm
MvFFsmR",Check sum is :
test,"7h-;/bJ%8^_)1
T1.]*$i|9W{;r""-RxI/|",Check sum is H
test,"bD2(5r.Vnu<E4*	(0~ r/""[H/**Z`o9l
EuQZ_M$UB<
F",Check sum is %
test,"]""2h*(n>c``GP",Check sum is 1
test,"dAf7kiy^L|v%(hAtLwkR+RZCS_-|9jT/a5wB""PaG;Aa-=u~",Check sum is 3
test,&GM/H$L %v`X^cmXo~:t#[.{bva'`oGnl?s@LF7%j.U5[j/@,Check sum is B
test,"uz(IbMxfN@0qPLme|""|S""00N-",Check sum is T
test,"0M9iDL'}&V?YzL&w}!n;M{gP0,f6OfZ)%A#
;l'	D$",Check sum is 2
test,De<]gL#HAnAI`2;V H<(5bbK_*4OYad|@~_~/Oy,Check sum is $
test,"Svi;>y|C4<H$[j6cBeB#LF
RJ^ya
",Check sum is C
test,1fD__WWg7>Cbjc9O ,Check sum is ]
test,e/e]DC)ilkO?C:Z,Check sum is K
test,seuz+q=zgpC33p+{>MPq!-z}gPLryL	P+bwVHBn{kMR,Check sum is K
test,"Fj=l:5qE37D""F{!0r[6jbh7]qAbT8ISYta>Q$+^VaSu)8u0@$A",Check sum is [
test,%;L/,Check sum is ;
test,pNIE?9:Bz*sreC-;<%S5b+J,Check sum is 9
test,"KIDU76eD!.'U~CTq5p@""Wo/r!K-rKP&]lZ[","Check sum is ,"
test,bWQ:a)?%iCL)yav)},Check sum is )
test,=d.G9O|Rcc4=7X' o!d+kb[Ml0)u?HsZA!whi`+61,Check sum is W
test,Clhq5q\$/Iz.V\^6Iwl_0)`e,Check sum is ]
test,:$1Ywfz4m'@3=O}E^3)0&,Check sum is 8
test,"C|%ksqxF^]BL&v)ltLA/hU&=7t/*2*x,2~cj",Check sum is \
test,2	[xiYm>OuJj}Mh(7Tnbjo[h	w7;1r?7r,Check sum is !
test,&e&^oi%E?	Gxk	dWD>1Q,Check sum is +
test,^ItC;&d!02bo\Y3<H '48j4NBXx?M(z;U`/q)Huh1 p=z)m,Check sum is N
test,wo,Check sum is F
test,+8.DwEla:oVM5L>gY= z%AP,Check sum is V
test,^I@5pc%@<}7|l	pd,Check sum is )
test,"PxYzg|	,PZ9Je]Z0;-SXNmhiWLnm?Y/1",Check sum is !
test,"~I	AJFu(h\R!WZ
c"",Xx(5zT`
s#dao=INP
HpRc{C,^9E3XQ0",Check sum is ]
test,zs_x_UxpoUn!n`Qy>'yKD(6,Check sum is 6
test,"22; cfRd*-Z'mG]Lo&~aT5U]GCb`kY9^?L_FA
^E.D",Check sum is 9
test,"i$aY\+N,ZILQc#{9$(l]`=c0",Check sum is '
test,"v8f|sn,vu#5hftNW""zk'+*%XS_p:	pJ,UP;:T^`Ec	d2{*}U",Check sum is \
test,M4L::#{/,Check sum is .
test,"lG$t3e#B<+,enL%)TD]sq.^D@7Pxz1H3m",Check sum is #
test,KHlm>%mP{tb=^7AT,Check sum is $
test,4zta1buxyE\sFwpZ6) &i<@	F,Check sum is P
test,7Wm#h+O,Check sum is  
test,"w?oc,dZ@t~x3d.Op5UgdY
w|&#68zbHT+JU",Check sum is $
test,"W.0?lXCNJR1%L
fKP6KfLfo|'1=VSS",Check sum is G
test,"j""E1?x;+Q:0R",Check sum is L
test,L>{c6l2Wo~1jDU?c oUQ9HNyDLlI$8?R<<)*;Jkg=*AV,Check sum is E
test,#Q&eBN%D(Hzg]J\_,Check sum is K
test,`I,Check sum is I
test,wj#IZY;C@Vq*IIW9S&-v_y%wy@ld^<,Check sum is $
test,7:tbs6%nT~x<4\E -Z7M*$-&Dvmif}j|;L-W&jZS[[*i#X.,Check sum is ]
test,UtpD$,Check sum is A
test,"=TR\<Y67c5=jp	thBtmmEw7A2P7]T""{s1RG +H'_Q9J
Bq",Check sum is '
test,lj*\|<*cVDs	/MyJm;19WqLm(?l<GOdU(s&lFnf_,Check sum is -
test,"v
vB{L{`7t_Y:U6}F#olL%L[f4G+$k7k<nJK]sA{",Check sum is C
test,=T0NSw[I~4ml>bT5UX,Check sum is >
test,"G)iR vrGFZ4+!+q+,?V]0?hEi:o~WRCkt""iLoRZ",Check sum is H
test,\D%$I0_,Check sum is !
test,<g0R2*o?#9gdvH:Eh7{=K7&w'S*yX=CV,Check sum is 4
test,0X;x5C|59ZhmICVT'>>*~EY-~CZ&F:3`e$~hOC(kzGcq/mEHF,Check sum is $
test,$;Hpt{!WOOGon@6'3gdXz#hg6lVS;<2th&_C+<s,Check sum is 1
test,e)KJ<T&x2@RI@T(0~7;|Avh&&_c'b@gH,Check sum is ;
test,"]#tjf,q<VXIl`^Y5Db==M_BZJ^f0gp.h`$nKZ",Check sum is V
test,"Nwv""'EK00kTE<:pT&WJ~s0h_7",Check sum is 8
test,"6a(!4""",Check sum is V
test,"1.a#~]2/x~OxN k7^e5K^Z|ysd}I<""~x;xF=l)L""&",Check sum is L
test,"sfc4y\KWh?c./FpH6G|=*+wQ,U\'>UaN4(LN",Check sum is ;
test,"
~nYr(:4g=J+iS'5i.K_r)<$jVDUKsNK@a$GM_l~",Check sum is 6
test,H3jiGr[|y;5-^k`z;/GWjx3steI,Check sum is )
test,~J)P\K&{F2i9,Check sum is C
test,"t-
7Yz=ckOV-S|X71zv",Check sum is 1
test,"L,#d BNrD^*sTg@9
$""\",Check sum is  
test,"yk}JC,2Pa""<+Z;9K)W<wSSY5}$S
	eb/T",Check sum is 7
test,"w1gbh O,W=4|9d'4^)tVvhG:27C[(h[bEt^W:U>]","Check sum is ,"
test,"bR*mK\}:;%-rgfn:QtAIIR>={@&D,p*n",Check sum is ;
test,"-
ZRyFu:dFg;T",Check sum is Q
test,W/o/kr!nlY`3v?,Check sum is =
test,"KF|i,8jeu"".\%=DZEX5I(<Z+^hi,I9y3",Check sum is 7
test,"Z4|U_:,*%k9yDd:
;tQ9{WlB{2M:s9`_rU8?UV/v#q5SCL'!{l",Check sum is \
test,U}c	TC'hT,Check sum is X
test,Z%[,Check sum is :
test,"P89Nb&
j9<fN:)[HqTS8@[		!RSEN{L\y #T48@/Qj>#",Check sum is Z
test,"	MBOC\
0",Check sum is  
test,"QS{_H,CC5U6H)a""vZ5AkIdYpe3
dqsE""^%'H=
e'a	K",Check sum is >
test," vNzF5,N	 M]|TPXXL=:2?I>0{`w-Eh^",Check sum is K
test,r\0n,Check sum is L
test,FNF+G)0Eq7q}`alxbRj)^2YiI5t_4/,Check sum is R
test,rO?+\hq.is$nfNF<|% -{S|4~FLa~x(F]kzUV~?dZ,Check sum is ;
test,"RiZ^lh<c
?D9lU%+U^/qnnIxd2Fv	*F'>j'z]s
S@%",Check sum is Z
test,q7`tfuipZoqoZ|E@j[*?|)hS-C=RcHm#*Sm)s,"Check sum is """
test,*~O>e]rBxTAs +N:I8(5sHT)3\i`),Check sum is 5
test,(N8GfkY;@!e}>Y>A	,Check sum is \
test,"Z|Xnq0D9=f}h$ceW>Lg7^z=:BqV5\""'Z9ByTnVJ,ZmP475J",Check sum is \
test,"5@q/fl0""oMI(;^pF%UT?,""~KE7Q8(/0-_#A '^$[Z",Check sum is 3
test,"~""ru^A|8_kBjF*je<|#",Check sum is J
test,XJq]^ai a(FRJy^5N>Z$n,Check sum is G
test,"((a#MC<0{b8l""Hk<b~mD>WUJIYyK,NL@r
N(@Cbj",Check sum is 4
test,"ajoHj}GL0qXiI.{$
!'h[$tRRj[j=$GM2tXXS",Check sum is 2
test,"6hBEQY@>3/L~?!#GQ~p_CD?OX<<-(XJ~K(^`yRl?jMT<],vXiv",Check sum is ?
test,"X\
qbqTzM""SI:/k U B",Check sum is &
test,]k=;I&Su]PCPcVGMrGhic+<[o,Check sum is B
test,6/z``?^S+moLmv;J,Check sum is *
test,"Vj`
#W,?QvAYuv!X+-""D*h%n;ObVnSpmMm<$*.\<|k{pa:>Wx-",Check sum is (
test,ANv<REmSgj'%:rSW+2xnkc8ely`2;)=xbR$i%xT9kv{9Rcgt^,Check sum is W
test,"$C	p@#_iz[q~SRvNxkC~Bl""",Check sum is L
test,mI&Q6B/'a25MFd33_[Y-~enW,Check sum is (
test,n>&LXw,Check sum is M
test,eark7/E,Check sum is .
test,HiJ2G;'U3E~gIW5)l(x|zP(oJ,Check sum is Y
test,<V}Xd,Check sum is +
test,:3}7,Check sum is A
test,'+,Check sum is 2
test,{26Ja1w-:L>62,Check sum is /
test,p +w#DQ2)<#~N*H`Ug6_823La<*-Upk[0%VRUlM,Check sum is &
test,lr,Check sum is >
test,g%*2,Check sum is H
test,-|!6:LI\*6>bvF+UZS2V;G/vIOr1V#_iY}TT0i#K@^0E,Check sum is 7
test,"RCn8^}4@<&.w-!	=p|f\XT_kGSY$l4W:2`""+U+EZT",Check sum is C
test,"}#r""wTzoY+%|$Z>nr+^^3lg;|<",Check sum is )
test,e_0s7-_u`NLer#.62|1v&?m_)eq,Check sum is \
test,"u SKXPN81)f
4|B|:_`cMnfvvjWOxdpax",Check sum is W
test,">
m3eXv5$jl7#;J$
WcJ{'Lq+%:=6Uo4ZYH}%FJhX.u.dcW1",Check sum is \
test,"0^?GK O2(ZBH""",Check sum is N
test,"e#r]!,rzOVdF@>Ov",Check sum is B
test,-c>^[}xi>mquPb%`cpCx/<>cNC|:T-<Q>nOZp7Ey8,Check sum is .
test,8p*,Check sum is 2
test,"cpf[Rf7;sDE6N`o@,IY",Check sum is ;
test,\EMzZW44QD}:LQ6:#npWVT=6SbA4DZ@eh!]V>gr2_ ,Check sum is  
test," F:^VWV}mAsOyA+tOo&<4V_u[3:""zU0Y>c%	",Check sum is 6
test,"^~V^;R!@bg\NQMLul""G+SE]&bJK	U_kbP5 rOWuWZCUuLu""n",Check sum is M
test,yZn#y{Re7v 5/0$@c,Check sum is W
test,n?(Shga5:+#j4;g4jwZ6. ]F,Check sum is K
test,)dMJwHdf*mBB/Gp\!GqMvGV$9Xe,Check sum is =
test,$obG>vfywVp,"Check sum is ,"
test,e	t.W!&nsrd?K1M=('@r)@:H6{L~$$+:8(E-R,Check sum is B
test,R;&$.-Tf.O 7xQxpTMZenf.2[5-Q`:|q7{3@d;B[,Check sum is [
test,BN`i+ ,Check sum is D
test," f<NBXHJ$K3
rK%:/2+4t
wDP+V$H`,:AHk!A2UVQA{",Check sum is  
test,"<cRm#;|MK
mJf",Check sum is W
test,"
@P}N/i/,",Check sum is 8
test,sxvN3e=c J)ZsA^Jx[Wx,Check sum is 2
test,bW{OySdae.c6 <bqz7xD\F$;7,Check sum is 4
test,Bu]|PM<{b3gwROk[Kwd?,Check sum is C
test,b=BL/,Check sum is <
test,q*Y=p40>W M6rXqg[2^PA_8\^H`HHt	#:Ar6ryDKaEV/2g23,Check sum is *
test,"[	[iR<*~{7sAM^4?w
W~)",Check sum is A
test,	dr:	56]c%o,Check sum is A
test,"lvl+O\	G_D]Gjt:z!4OQFg>+^^Xv3UGS'2a,!Lzw",Check sum is (
test,"5>/Al$	Fj/THi"">>@#jdYb-CQGY*",Check sum is U
test,3$mQk~D2YO5p,Check sum is !
test,"S?GP}''WY+I,j:W",Check sum is _
test,J&uFX(`,Check sum is +
test,"GC=9e.,",Check sum is _
test,":'38$S5]CV[#2z,6'\o=Pgz",Check sum is :
test,"|r2u~	fF'Am
9HD#+oarKd)V_[%P|_nYpU'Q{3p",Check sum is 6
test,"it`*NmHfcOH;Q_j4G~,/,s""U>hh{ax4:-w'$",Check sum is (
test, [De(wkb	b>oI	q.5bCMrKi(,Check sum is .
test,"y`c;bY1plCL""f",Check sum is 6
test,"_
wg. [P""""J18Eb
3_$r5vn%d|~o=~qlyNY=nA.@Tvz~",Check sum is O
test,142D*ft{|3k!VkPDp;9TtHWDEkc,"Check sum is ,"
test,-8g|3>%eliShd-J%,Check sum is 3
test,"-2
S&\:!H)3ZW&ue?UheWzlW}Rv=[b)W09#^hH}{.g]
ji=U",Check sum is 5
test,"gt_X|QxHp@""1^Z",Check sum is :
test,<cfmfYM4H_L/l+=!c	R9r	4&%E_kXcqs^Y,Check sum is ?
test,K8u`` __s; <	n++S,Check sum is  
test,>5c56@Sn)N=LZRWx=MS%ek%\0,Check sum is  
test,"#5yLeFb +um,g+?9,Shw !&3x(i-\@P}Qim@8YMB",Check sum is K
test,"'?U	K+vH,h$g.F4<C/e$I~23",Check sum is B
test,%vt;%|5-9mDbB&	,Check sum is *
test,"} (me#Km&^!xB$t$nPp$V9q&VjB14RBB|k>	`i	6Ez
98GSkV",Check sum is -
test,V[Rl%D-q ,Check sum is 6
test,x[U}ek@;;FK%`j,Check sum is K
test,$h|LBQMjwlxcGIHQl@l);Cfs6,Check sum is 3
test,F%e&0#I3B2DD;COyBrJw{:V|X7]Z]*2=#,Check sum is B
test,"Z]*(F!b>8'DnoEwG[w6`B6 +	!RLsd5juqdQ:!xP""5",Check sum is 1
test,"V""!W[FmfeLCc0 ]aIVK#K\Y9V&>icBdVDA`0($6(*N;w",Check sum is Z
test,"aopP2w,d>$Yfm.5y@:MC
~B$#-Uj0G%R5-}j>@@9,X]:Y<MR""'",Check sum is  
test,"(c	0S/kGb:6KF(?&
68+Erg6'-",Check sum is S
test,{d,Check sum is ?
test,4vZg5`SS\;5lpnzl%GAPW.u*>D8VqnP,"Check sum is """
test,yq-w%GD`IeI<B%RoU0Wkmu:jhmbET<o9Nk_Z,Check sum is L
test,"?~*4&xV
q;NM^5PhK`Y:* j%JA+J","Check sum is """
test,"p`Y?tK.XH,rF,@b?",Check sum is F
test,lt4Q1MWDu.fezelIrj}uS8/8,Check sum is  
test,"Y)?)y?
:aj87KD:G#\/17XZL^;9KA<,Ca>[<2E**?U6S-#@<m6",Check sum is :
test,3DuX\3..!=@.@2@s& E+XZF~a&2W{Me|wpy^B<:=MGht/,Check sum is 7
test,":YUw]q7O
zhZM2TWUTb)UW_NKjiS%7A",Check sum is ^
test,D`4,Check sum is 8
test,tCy()hH2UB`e8NgdtQw5 |1oJwx$,Check sum is :
test,"\1+K>E_[,CFNY`|h)TaV524DDMyQv%/qe8&7qf ~v",Check sum is N
test,[d,Check sum is _
test,jPkcKbC`/)\2V{&f.M1	McRuqgH+6G1,Check sum is  
test,Z	98T.8$,Check sum is R
test,"W<X9a,}U+ThB""Y<Z vc&+8f#]",Check sum is E
test,"slul]<XHI,2PdL",Check sum is @
test,X#u+jL,Check sum is 1
test,"i~V*}ES.z
i.CQ,/>=M9+d3E2cMYG69WR%XP7/\T",Check sum is Y
test,"""+AG-#@4V^1Mcz0t^So]UzOo'8",Check sum is U
test,q2zi5&,Check sum is A
test,"?j-taff

 *fz)GL-r_];3""=2}(^ Yfrw*O",Check sum is /
test,"
2P)C
CM31Lt3	",Check sum is R
test,RhABk5e.<fU~,Check sum is E
test,0>Lsq$+*+11C9H\IJV=6~,Check sum is >
test,"6(VO0_,w5z1(s|Py=0,Av@G	p[s1f/5YzQ_/Kmj",Check sum is B
test,\[rvd/G>D3,Check sum is N
test,"Qj-Na/%dY_z:X/5H1?l\y3, Ua\FlL&!j9}.",Check sum is 4
test,"lERT&sGyh~+enF,NK}Q9~~2QdR*5qw:*C[Hk^;Q	H1O",Check sum is 2
test,"<Z\s{;{B\{%
R_RKH]9""3n",Check sum is -
test,T},Check sum is 1
test,9&OZRy#!2H,Check sum is 1
test,"\,J3zMd,Zcn#Xy2-.p|Dc;P{SNtf4",Check sum is 0
test,"2@*tK&s,`4M~/PP<~K_3ONgC_Y;FgQb=.@}",Check sum is G
test,gTA,Check sum is \
test,"7Ig1)^,R\=Dp}",Check sum is G
test,"y9W)G][l/Y:CCUK""-C/MYg5L&P,jqr""4e",Check sum is ^
test,mu2c6G)7,Check sum is 4
test,"M,A
""2MT;Cun1@:4z<'QZC7eoCfJ^wxn",Check sum is ]
test,}Ve0;kAOci+AREd	Sj/>,Check sum is $
test,G!3a7;8a3j-ifc+GCx8Yr0Fre,Check sum is  
test,"$@0%:T7*I\>fD=k/F(XDi7,zLLI6{",Check sum is N
test,"""inu3!;lui",Check sum is '
test,"g4E)qR:5Sl~5o@Fznx}q$-q7_4Vt}mF)0M:OM[""uLT[g7G-",Check sum is Q
test,%T:%R`!3	aaD9mHT,Check sum is O
test,W3hh:5IVP3P.txS=f(5[_tlaVv|&S,Check sum is D
test,@B{TLw<qo?F>|q|D=V%PHz	Zc.;tzOvFKW6O7x,Check sum is H
test,"&]^U(<Wd%lW.x7k=\8;Fr^AD
",Check sum is V
test,"eWVTD=+ZEN[xR}P@g$Kej'6o""(D;Xs1H",Check sum is O
test,"N[,36H#",Check sum is I
test,	=*F:?n.}QB=Z^0KR,Check sum is =
test,Y:*R>k.o+$brA5 Wc@@s+L9LPQ>,Check sum is 6
test,"
uA5@,&N=Ep)~Txrxkg0y_}-!",Check sum is )
test,"6(x}o5M%VT*/a6~ ,HD=gM2+FSCiI8;L{'hp",Check sum is N
test,"!aX	`c-a/1""&41OkUDp{""4(jp;C""IXrURGQLKN$;,[x5AC~G:",Check sum is $
test,0lLnSYZnn(V:fE96]2bqqApy<l.8EFA0xN33FW![gNe,Check sum is P
test,"^iCW>}	5Q+*kZbCa&\+XQE[ac:Y$""~DXzj^p[Gc""dZ",Check sum is /
test,"X10Z t5$C*{b|Y2i8MpdhLV}
T,.X	*f4^:2q",Check sum is R
test,?DhF|<	&W!LH%Ys:,Check sum is /
test,wOT!B2N?qYKfZ \GztDQ,Check sum is 7
test,=t~.;#k'@pBjfq2!,Check sum is 3
test,"6]Q|wyF!4N'l`0B6&{e 
",Check sum is $
test,Ewsd$e]D]W1DPrYQ3W,Check sum is <
test,IXM9TNS>Rb4,"Check sum is """
test,"UgNxZs:x$&h0:,-%?? a+O-[gfX2L~1",Check sum is N
test,";x)f-!>
K3UW'T|8sjSg.",Check sum is V
test,"}.s{CnvJo?\J^g3,QkGOr.-",Check sum is A
test,"O)74^cczli-:ZcwI+^#zA>};v""2<>*VI54Uup8j\3?	j=?C|",Check sum is E
test, e*A0C\o,Check sum is N
test,@%H1)-kZlus!*d:`G=	2yK5'|odtBodSN 	AsM7*SSc?|XZP,Check sum is _
test,/xXa!}8YHx*zj><F?y'??>njQ>rcR5,Check sum is [
test,"3""f
4(!8l0A/!
r!0L%_""A^`Q|q#",Check sum is &
test,",T5iIv?dm.0b0
h}%;:Q`-a/kG3Yvos?.@(2l9\",Check sum is R
test,"KGpI+,",Check sum is B
test," 2JSkX!9""D|VZ^^v)I)QtX_uL#+X3t8OF5LOf,^(gfM!8",Check sum is =
test,"bzE/Z8T8
;",Check sum is S
test,{0dG\yhG2,"Check sum is ,"
test,"Zjl5Ye']!wH, =JmK;Hb7f2I
lEX6t^K?RgE2t
Y(\*",Check sum is I
test,~HZXm}OGZ?^\MjJXIZ^|LwOV!b,"Check sum is ,"
test,EI7jay<unrlPy8!vV0Yw/U.QalRd>p}xVFi,Check sum is B
test,"/n9 %
)|a/[AA/~*mMuhO6_-y5m%%r];`+L
[[lJ",Check sum is R
test,:7MVJ$5:Aw5IndGy)QWHs,Check sum is %
test,"%6_?LoA%0]/#G[diRS@`uHPg^Ut55$zJB}n*Gp<,ePkHn",Check sum is F
test,"X(I% 10Uj8X.Je't6qe?ZY;K0 DnBVOc>d""p/q2~_9q/C+<T8",Check sum is X
test,"4n0p-yngszeSe+rFn~Lk6(kF`a]JIo_,9LiH",Check sum is ]
test,j8i~h'pyDAISTtb1rv\T	,Check sum is >
test,",'P&h=d)Kz ",Check sum is @
test,"RY%!\V9JYt^7HN s5~'v@JlIeqE3+y3eg""9HH{6@m!3\.",Check sum is 8
test,"c!ta7<??>	i%vMkZxQ;EacF{94)ys<.#p32""",Check sum is [
test,pnyl5 {Z`dm=VJ-9~5cg(,Check sum is &
test,"\	ojX\Mi_lmF I:Lu{Q=maa@v[]1@!X%(,_qKD>_J.x2&dC}",Check sum is [
test,d(ZuId2:S@E{<sUqk]Z,Check sum is >
test,FFcOwe[o_6FYyLQ~wXF[JF@k[-P6iu,Check sum is #
test,"S&g	P;IIl.2/:+,witSZ8X2	! #S\9",Check sum is J
test,V}xC+Z,Check sum is 3
test,<`wN9,Check sum is :
test,H^U,Check sum is [
test,Mypr1`#K,Check sum is G
test,8t\_<t9({KsN%;Qx^BC3,Check sum is ^
test,"eS)=B7}q+`)!~KmA6 ]*j)0l&{WCMHh,B1H.t
h3I#H!-v|",Check sum is W
test,PV)b34O+7k+A=r,Check sum is /
test,{gr,Check sum is 4
test,6v)QiHY~UC_])VWTJW*6AW,Check sum is %
test,@C,Check sum is #
test,CtTi]B9%] \:w4z='N|++(~_=/Tl-k5kc?,Check sum is X
test,"`bG?FE&
/-Y&I ",Check sum is '
test,	C	i#	:35fH'pNw9`CFY6pDO,Check sum is *
test,@&VByYM1Y`8.c)/ee?=tFFuX#Ff?.2d8C6*tzI>4ro{|],Check sum is &
test,2d4p ]*J*RfoWnR*|>Ii[|iZn*,Check sum is ;
test,^ Y~LMxvfW_lqAsTPW	}AZ+LWsT`O,Check sum is I
test,"Z)0b~LkI@NIVV:I9.j^ZXrGdcaH$[""d8^M'Y`e",Check sum is 0
test,"_4Z%
-j{36{k+!uDSNAIaavyS\o
'jV4l4)&TR",Check sum is V
test,t]Pawm(=zvH0>zX[	mC,Check sum is 7
test,xBpgvn)]n79w87qtv/>SI_N{,Check sum is +
test,"2ZFn!\CxbL:	/26NR9hm|cfh<XN5=?w91'G#5xwyg6;H*
",Check sum is 1
test,"6dP	\(;^,&YbppRWh6jA2
N7|NG,ip|\y;?=ago+A>M^",Check sum is :
test,zt$PDtX qkUb+nYhj/:6/;?J/Z-Fv;Zb[,Check sum is _
test,"kv#l{3P3LhLP""S_<VZ*@}y.o%!Vc++Bm~I[J.EAL&k|sG.xDm",Check sum is \
test,"3mE^Ne6VAN*4Yz+VA-}DkU>/9t0e&""&oB\h=5#I",Check sum is B
test,wX65fk/4`vuy,Check sum is R
test,wB2Lq~p;EX	>Vubwedxv,Check sum is 0
test,!JMa;g=<o*9?kVI-\iY{NtA[frd*IA_4ZYqmlo&3}+tZPho,Check sum is 8
test,"T&C7`.
+mK`<bB#n!(yuVWod\7-
z,d~uPT",Check sum is B
test,tyz?mp +6=mRSGh'g9cI;5u$p7:v9K,Check sum is 9
test,",0'`",Check sum is C
test," Yc%OxeqKWMn|mW5#z+9C%>oa0LLm&*q\_?, CJkT1,NW",Check sum is Q
test,"Rw[9DpFv1.$:{""<^ uBm",Check sum is %
test,|l`B).L9<{y 0\2X*|wy6,Check sum is 8
test,Hwk8^2Nl~bN8:$zi[=kjb/O,Check sum is @
test,".G2a%sCvPJS%+HH>,}zNNU^rpB",Check sum is Z
test,"@""",Check sum is B
test, %KFawl35G;MXK@,Check sum is T
test,"RZ.[ok1 NSw1[f}:+L~	""<G""F_Q5ty_;b""z^>+dG-k,K: :*+H",Check sum is (
test,"	T2kn{Pt_5N]WkH"":OA%'NI=E|`\pf<-_b1
t7g]a",Check sum is $
test,"]}[\:RSu-Py'?qj,D!4pkf9j^Ec#yBQ",Check sum is Z
test,"&n*\;eD9iYA?TEO}
t",Check sum is <
test,"$e~hQy$Tp3`6k,kpKXDpm?UCF=xXWt}kMpUVDCX></	/,uCo;",Check sum is S
test,"Pe:)$`yg{&cPno95wnSTEW4'@},c",Check sum is J
test,"o""Ox",Check sum is 8
test,l^'8h&ycidgJ*+)[(*?](8O-S;KBJv*.3',Check sum is !
test,":aj	gmK5-2sCn:vzd*6S*#2Y
I\	3#","Check sum is ,"
test,2MLzeb%@R-|eE]t&;hvv\77$S0yw,Check sum is ]
test,"|LI+6_lRiI""t}.S9lwLcVHSG%2|/#H~[Lbq]4E",Check sum is 3
test,z[{XEkABFG::,Check sum is <
test,g.SusPB4E	WqzKp1%DD{k`MD*wqBN^`A4_U|YD}2 PGQ:F,Check sum is O
test,"gC6W`!-,_<65",Check sum is 7
test,-?d9Gk!z-Eurg[Sjic{*OM44MLx	_NNyb[Lu7]@kp[IV!+Nmw3,Check sum is )
test,-y-	=_m4mum,Check sum is H
test,D64=X-dg,Check sum is [
test,F8m+(R^'gG,Check sum is #
test,t&WaMvwB,Check sum is .
test,"^*#q,rqqqF?|Kjy>cL|\ '
O~>OUB}UrF~l
-0+~",Check sum is '
test, Z MQSvGf85-C,Check sum is +
test,"u!>R9ncCTYmF{SUO:8@}6<P oSZ#e(ex,FTwV8H ;[$",Check sum is L
test,LePE(%KU.};eI::;A:+KJ$N12F?9cEny(r,Check sum is M
test,"$B<Q4N?,#h#Z4kKT|",Check sum is B
test,"VQ<ayNKHVIHB/K6vZ .x2t
I/puBU-R9YIc)",Check sum is 7
test,"RO=~	E26PyaB:,7R8k5CED&""(",Check sum is !
test,"v jgn15s wFl<""Wnvmd$oaU?E",Check sum is N
test,>LgSHQdB0.#`k3YA4\Y#^`&<_l8nyOo/K,Check sum is J
test,"^_""'!5;pYcWm]/i\ZIX`n=j)/41F!!v ""Z?{=nPo+'1T5",Check sum is /
test,"A-L*v*HI)'0@;;Aw**OwRuSt_(hf/24,A#K1)4",Check sum is ^
test,	T>}aE,Check sum is ^
test,"""*9qzhI;wgDZ",Check sum is 8
test,cw\Ark_mhDC(jBG3_MRt=6Kx <yY}pRwf1&qLw%QV0,Check sum is 6
test,"hH8~ne[c(
~y,XIw7$j~nI<0rEbix~
","Check sum is ,"
test,~%[.Ump/o+#g&$<}1l{E7I-+[ ,Check sum is D
test,C<Lv-Tu9!_USu^f*1GE^wIh<{RG3&innJ	W3,Check sum is )
test, 5lW{&T1	,Check sum is '
test,"~YER*0u|<`e&m(A1#M~/Jt!5V-	gis`gO\(P59PeL o,zJo.",Check sum is <
test,nZ=W,Check sum is <
test,y03J&AIpIPm7$5:0'Ow7exPUrVHLbsXlu,Check sum is 6
test,Vk(5\n;^f5Tc%<<W!Rw=9MoDL}		n;	y{/0ca0wleam*AxK,Check sum is _
test,m!PFthdy,Check sum is =
test,"D6(F~""e#V@pY",Check sum is O
test,{Qrfz~5{Yy!_t,Check sum is 2
test,*L~J'UQ	4z/A6I29^>:$uL!,Check sum is X
test,}8]@_%]>LA#.aGr2nu)>wE]\_\J(z|EM}i,Check sum is U
test,"1_A-(pG-35I?
QoS?Fi47nV",Check sum is T
test,"`s_Z6p=2J
Ki>_XB
_95+z?",Check sum is ;
test,"8&&""",Check sum is F
test,gP?g#LiZnX0Ja]m-6~3Ry\(1zf#JX_EI|a7s'8`Wh,Check sum is E
test,bwJA<m4B,Check sum is #
test,"\b^.z_>io!O$zKn:^9<k.k7W p>.6WHb)Lr""",Check sum is ;
test,"""D]WKy%,Ub)ya/)m$(C	F4Z@~H8E!~fT}fy/2ZeiNzue",Check sum is ]
test,{u4~-m,Check sum is \
test,t3c1t,Check sum is O
test,j=]T=_&[&sjT{M.QKl9wy#uZ,Check sum is E
test,98:^8+DR',Check sum is I
test,"43YN+,0""r3W",Check sum is S
test,I 2QEw>h  YKs5ay]:~%e&37c9V,Check sum is 5
test,"Rz`kJ*~KxUt D-L`[nk]}Mt	Xs/0J:HX5Up
e3q(",Check sum is M
test,]L50OgKM	[z!YY|yq&#RN/?P=T)#~fW i?%!,Check sum is  
test,"~mE<Sm&.h]g;
:)Em9^X/	+(7.Qx.0v0.NvD'ShEMfU",Check sum is 7
test,"nfw&np\Yq"">:'Y7}Yb,!O[Xyj_PVHcI",Check sum is I
test,"1ti4/Ndbg]v,\~mJnWI+uz
!g&w9lV#Oznl:iAK",Check sum is #
test,"O:=iw-,y%mppaK2olU7R
[%w/7hFT`FD+v}",Check sum is R
test,"3dHT.l\N:kN4*!V=Uz7}""",Check sum is A
test,s}oK0=O^Wd]E*Yki4{|B	s,Check sum is A
test,"yJ#\wAKZJ&uM`Q%8~
y[{,`4J96	[(C@Q0T",Check sum is 3
test,vW 7!(fm9p`wtm_(skqc{qhFTig(sX:u[QQg4XJw],Check sum is (
test,"]~g9Y=eyn(;ikLOfdJKFNS2c=c!FJ]PXo?x|qMr!BV/:mY,}n",Check sum is Q
test,/|t_'_pEfbZRxiqHf\#@.'B=Dk*i]r,Check sum is 1
test,bMQ.=ZL,Check sum is 1
test,&fkQ05vv]so7h}\=NG8X0	d#?3M4u5v].EkdA,Check sum is E
test,{ C|_L]D3Qx,Check sum is B
