set,input1,output1
train,,Check sum is  
train,	,Check sum is )
train,"
",Check sum is *
train,"B
","Check sum is ,"
train,"

",Check sum is 4
train,"

















































",Check sum is T
train,                                                  ,Check sum is  
train,ssssssssssssssssssssssssssssssssssssssssssssssssss,Check sum is V
train,"CD
CD
CD
CD
CD
CD
CD
CD
CD
CD
CD
CD
CD
CD
CD
CD
CD",Check sum is 7
train,"x
y x
y x
y x
y x
y x
y x
y x
y x
y x
y x
y x
y x
",Check sum is &
train," 
 
 
 
 
 
 
 
 
 
 
 
 
 
 
 
 
 
 
 
 
 
 
 
 
",Check sum is :
train, ,Check sum is @
train,!,Check sum is A
train,"""",Check sum is B
train,#,Check sum is C
train,$,Check sum is D
train,%,Check sum is E
train,&,Check sum is F
train,',Check sum is G
train,(,Check sum is H
train,),Check sum is I
train,*,Check sum is J
train,+,Check sum is K
train,",",Check sum is L
train,-,Check sum is M
train,.,Check sum is N
train,/,Check sum is O
train,0,Check sum is P
train,1,Check sum is Q
train,2,Check sum is R
train,3,Check sum is S
train,4,Check sum is T
train,5,Check sum is U
train,6,Check sum is V
train,7,Check sum is W
train,8,Check sum is X
train,9,Check sum is Y
train,:,Check sum is Z
train,;,Check sum is [
train,<,Check sum is \
train,=,Check sum is ]
train,>,Check sum is ^
train,?,Check sum is _
train,@,Check sum is  
train,A,Check sum is !
train,B,"Check sum is """
train,C,Check sum is #
train,D,Check sum is $
train,E,Check sum is %
train,F,Check sum is &
train,G,Check sum is '
train,H,Check sum is (
train,I,Check sum is )
train,J,Check sum is *
train,K,Check sum is +
train,L,"Check sum is ,"
train,M,Check sum is -
train,N,Check sum is .
train,O,Check sum is /
train,P,Check sum is 0
train,Q,Check sum is 1
train,R,Check sum is 2
train,S,Check sum is 3
train,T,Check sum is 4
train,U,Check sum is 5
train,V,Check sum is 6
train,W,Check sum is 7
train,X,Check sum is 8
train,Y,Check sum is 9
train,Z,Check sum is :
train,[,Check sum is ;
train,\,Check sum is <
train,],Check sum is =
train,^,Check sum is >
train,_,Check sum is ?
train,`,Check sum is @
train,a,Check sum is A
train,b,Check sum is B
train,c,Check sum is C
train,d,Check sum is D
train,e,Check sum is E
train,f,Check sum is F
train,g,Check sum is G
train,h,Check sum is H
train,i,Check sum is I
train,j,Check sum is J
train,k,Check sum is K
train,l,Check sum is L
train,m,Check sum is M
train,n,Check sum is N
train,o,Check sum is O
train,p,Check sum is P
train,q,Check sum is Q
train,r,Check sum is R
train,s,Check sum is S
train,t,Check sum is T
train,u,Check sum is U
train,v,Check sum is V
train,w,Check sum is W
train,x,Check sum is X
train,y,Check sum is Y
train,z,Check sum is Z
train,{,Check sum is [
train,|,Check sum is \
train,},Check sum is ]
train,~,Check sum is ^
train,Zy,Check sum is 3
train,oi,Check sum is 8
train,H1,Check sum is Y
train,)q,Check sum is :
train,2/,Check sum is A
train,u%,Check sum is :
train,yg,Check sum is @
train,+6,Check sum is A
train,I ,Check sum is I
train,_w,Check sum is 6
train,$v,Check sum is :
train,H>,Check sum is &
train,]5,Check sum is 2
train,W ,Check sum is W
train,/7,Check sum is F
train,uY,Check sum is .
train,yC,Check sum is \
train,6V,"Check sum is ,"
train,"""0",Check sum is 2
train,cY,Check sum is \
train,3$,Check sum is 7
train,<0,Check sum is L
train,;G,"Check sum is """
train,f\,"Check sum is """
train,D.,Check sum is R
train,Y5,Check sum is .
train,rt,Check sum is F
train,+=,Check sum is H
train,*',Check sum is 1
train,2m,Check sum is ?
train, U,Check sum is U
train,QK,Check sum is <
train,O ,Check sum is O
train,86,Check sum is N
train,d-,Check sum is 1
train,$N,Check sum is R
train,\Y,Check sum is U
train,Im,Check sum is V
train,H5,Check sum is ]
train,Z#,Check sum is ]
train,~r,Check sum is P
train,"R""",Check sum is T
train,RE,Check sum is 7
train,}F,Check sum is #
train,a$,Check sum is %
train,Bf,Check sum is H
train,4c,Check sum is 7
train,PZ,Check sum is J
train,g],Check sum is $
train,ht,Check sum is <
train,",*",Check sum is 6
train,G],Check sum is D
train,"
T",Check sum is >
train,N1,Check sum is _
train,9y,Check sum is R
train,Y2o,Check sum is Z
train,$c^,Check sum is E
train,Ez>,Check sum is ]
train,?h!,Check sum is (
train,"L""Q",Check sum is _
train,?Y#,Check sum is [
train,%_7,Check sum is [
train,]Z$,Check sum is ;
train,x=4,Check sum is I
train,"M""3",Check sum is B
train,F]T,Check sum is W
train,pa=,Check sum is .
train,E~#,Check sum is F
train,(BT,Check sum is ^
train,m/D,Check sum is @
train,Ssi,Check sum is O
train,?m),Check sum is 5
train,zY*,Check sum is ]
train,*ZQ,Check sum is 5
train,VC',Check sum is  
train,v~>,Check sum is R
train,I^T,Check sum is [
train,iB~,Check sum is I
train,"+|
",Check sum is Q
train,@&`,Check sum is &
train,}Vu,Check sum is (
train,&u_,Check sum is Z
train,nIT,Check sum is +
train,]u+,Check sum is ]
train,$T#,Check sum is ;
train,EKj,Check sum is Z
train,|?(,Check sum is C
train,0A),Check sum is :
train,(+_,Check sum is R
train,":7
",Check sum is [
train,C4h,Check sum is ?
train,sI+,Check sum is G
train,H%4,Check sum is A
train,+Va,Check sum is B
train,s(k,Check sum is &
train,~&$,Check sum is (
train,"^Z""",Check sum is :
train,"}""U",Check sum is T
train,}K5,Check sum is ]
train,?P4,Check sum is #
train,7D3,Check sum is N
train,3:R,Check sum is _
train,[.6,Check sum is _
train,;x ,Check sum is 3
train,"O, ",Check sum is ;
train,"K&OL4/,?rsRka*k\W3TA""po",Check sum is N
train,"On=Ugp\QZ6Q4;Vf6YMm4;B2x)uzDKecFMy|l@*>[@,
Q8""4",Check sum is ^
train,W|DTe u97Ug`KTr_-0}?DG.#&5<S6[Av[P>EZZ,Check sum is J
train,%5X{B,Check sum is O
train,"u(RsW0""kWx8_0=^kW5A	hcz,7O|mw)s""tJ|kF28",Check sum is 2
train,"RK!&qj	V1{jH
DLfX/_C35~o5+6\C	/	uqxx",Check sum is &
train,"!61^s^wZV
`	+L,>v[+g^B`qjv.,e%zg>4,u(NQCA%q6K.I",Check sum is 7
train,"GwSO].^`r+Ni|%+l$x6P`TLyBH:5I!#7""4t2I9q",Check sum is \
train,"`yN>orz#Rb<3BZV%!@UjSs:E3O?by
",Check sum is H
train,"0%y6EDi;w,~VZDGUY{W^/vHTa;Y^*^!",Check sum is H
train,\@G)qmH3*{d<1&0GdXc&e0NQFDxf,Check sum is 9
train,WJe-~$G$a_	w|7Vu1si(e|~b[.S,Check sum is 0
train,P>h`h:PuJJw}9tpfAWQCQPACPR;N.Hzx|DD.`sQ(4@(,Check sum is &
train,"""cTN;#nl&v>$$#ky#*^U^",Check sum is F
train,wd204,Check sum is Q
train,"/hR	)%pdG7uqW|ONR/:
s
}K)8RSeCO#OXy",Check sum is R
train,"g)S#. ?Q_aM1Kx Q%,9",Check sum is @
train,"j9_O*U)Fy""/-G
{-]T3u(/E",Check sum is D
train,"6!FVTNe4E{\Z(,<vJ<{df.>w]ND.	Gnp5Kr8H@iVmOgKdVmE",Check sum is N
train,".MkS$TECN/9biFS	^p""S>7-^D%6>z[?SSoiaK]#b~",Check sum is :
train,N!lVM$mzbJ`,Check sum is 5
train,R[*y[^3L18=6w!8m{(f>vs\8Xx_[.Q$P^u3RH:)bs,Check sum is Z
train,"w*bs?""sXs(q	OUc[""`FOV
'H",Check sum is _
train,"L}Dv{*""""CDEB",Check sum is Z
train,)H>/xr7qCFW5)k[63O3Ly,Check sum is D
train,""";""iWD{Eq17(1IZ\_{>J8OA`OaOJ""!7tF/v6NAm~'",Check sum is W
train,HH.eu<Df{/KtWm>!'RyxLGh0UOMp_6RzF\d$@xB-gcY[',Check sum is 7
train,_+e&9Z\e?rDn(5e']rSR\Zxt~{=%]vtl	'#,Check sum is L
train,ji`qP/D,Check sum is G
train," 3#3
_T""D%;pLp`v~P#2PXV",Check sum is /
train,%Y,Check sum is ^
train,"""nTm:*Jg2w7Q;V%QTtL#",Check sum is 5
train,-9H^pI~*O$Z\`R,Check sum is (
train,eaVH	#}FDAZ4zC|sc&	T &eq5Vo'8xrk7,Check sum is Y
train,"FU""!C 5IUF4niSg
~ovCvy7J1e#}eT=>",Check sum is I
train,"ul|gTtK|7]8!0ajOB""VHy[Y	Z5h[[d7[>6",Check sum is 9
train,a@Y[S%C>6ID,Check sum is 1
train,?@q@?nh]u(aal,Check sum is M
train,"B)Sj=8n
u<""\PlJVKq
""g[yyKZp?,HtXbb(_|
-v:	cg|",Check sum is -
train,"D<g?1CyK\$3CJ`r9nL)puXj^
E+:Y
Zf.Y#d`/8z5p<N+",Check sum is 1
train,79E9,Check sum is N
train,p]%\K,Check sum is 9
train,:+WFSkE9,Check sum is ^
train,e-`Q8/~Z1Z_,Check sum is L
train,"y1VP7vKG[HJcP(h'	\@EGA5=|5sj*D,7",Check sum is I
train,"hw.^Tcv2cL#:^}XD,fe&$KFP$n`-Y%sHwA^T84[&R%",Check sum is 5
train,"T**
TC D-4p`f*i&/1#I!})	{6[Nr",Check sum is E
train,:-m,Check sum is 4
train,bOa).pz7~)q!B?b{t09A]-5a+WYmk|8J>w_c,Check sum is '
train,EX',Check sum is $
train,!6jTV9MJ<k%&hL,Check sum is A
train,+D	3.>^4/=|o].p|6>9,Check sum is D
train,fx$S96!4V,Check sum is O
train,V+D	+MC9v'5CKx3__wlZ'3/cyt,Check sum is A
train,kDO{t9A|u7$\9	b$p+Vre4GWD~Sb#H{Y7fRz=,Check sum is -
train,z`>M*!i+;,Check sum is _
train,#0/;wsJu4OS0f!`5C1xO?7^`X*5q@tn{8_	N&JsMQUw,Check sum is W
train,6G$ailn~Dy7,Check sum is W
train,$w|Io,Check sum is /
train, 8o&*AIKBn~QQ}66V]6Xs{2ra\r~9w?p*oU<ma3,Check sum is O
train,"H%Q~:,	""*EV/h*6EPwr{","Check sum is """
train,"1;[>`LGURf53>L
zk<I{Ly`+?>L`iL+4;w3_C'5F	k>",Check sum is .
train,2tCtl.q=YVy??Ob0I21}%1w.C|?RKc26dR<1:GCxD)>K,Check sum is +
train,=^s3!aE'FK9,Check sum is Y
train,"xMp,#uq<_.y!OYy@%-LY}( V&1j-vkE3%[cq2M]{~UK//P",Check sum is ^
train,"""CM&`k= *9czvTq",Check sum is [
train,"	vl3H^&Qnr}>4pFOuA$XW]`
U",Check sum is T
train,1de0M~wOlb2xY'+R6(.=va`v,Check sum is F
train,";SGv)@1he 2A4Yt]r`9ft""",Check sum is J
train,@H2\[ 5v[I*3raBC(^P p	@!bEh>(7u%>52hm|@:/}v,Check sum is ]
train,VTl|:Nut!M,Check sum is Q
train,")/+]*:x,[P7pfNcd;(fr94iy%.xNTG%\!hSri",Check sum is K
train,(CXA=o/,Check sum is ?
train,NVO<8,Check sum is G
train,>KXtJ{c,Check sum is ]
train,"i:L*3H|5sN
L$@'|czx9.s#%Djkh\X(bmf*@|ZrSS<<q5",Check sum is B
train,"gh0F`sK\X5i`q,d}J`O3+[-lT",Check sum is R
train,t[Vsp=iDOs}%%,Check sum is [
train,"?!TF	(YB>8J\)DoJq890YwiuoIoU]hy""QzzHA$",Check sum is 6
train,$X \6	<\K>Wb,Check sum is 1
train,"5:5c
c,$7!EjvhICIM0]`'+",Check sum is *
train,"2eeu^O[9V@	f#fiS=5'%BHqw$c""/abAH",Check sum is 0
train,"a@);d _j$,R0j",Check sum is .
train,}K+=:rHC=)[)%P2k'%CZC'k`qT,Check sum is &
train,"@MCQn|90nhA,eK_.2Kem}ioj?U]5q~3",Check sum is *
train,":l3-J'F

Qq%}TD~pJnirvi,2?>}@'OGG&I:isz",Check sum is (
train,rsx_Rj,Check sum is X
train,"voy-38sh;|DK4K{1YW&o-a's/o""*C0i4[%f<",Check sum is +
train,"sI""me8o|ij5Jaw5E62hwP
",Check sum is 8
test,t|,Check sum is P
test,k ,Check sum is +
test,Sn,Check sum is !
test,1L,Check sum is ]
test,U`,Check sum is U
test,_T,Check sum is S
test,dO,Check sum is S
test,}-,Check sum is J
test,Zm,Check sum is '
test,0G,Check sum is W
test,^O,Check sum is M
test,b&,Check sum is (
test,Qd,Check sum is U
test,S#,Check sum is V
test,)~,Check sum is G
test,E&,Check sum is K
test,qd,Check sum is 5
test,'+,Check sum is 2
test,.L,Check sum is Z
test,?k,Check sum is J
test,~&,Check sum is D
test,F9,Check sum is _
test,",""",Check sum is .
test,*W,Check sum is !
test,<y,Check sum is U
test,?K,Check sum is *
test,[U,Check sum is P
test,Er,Check sum is W
test,dK,Check sum is O
test,QH,Check sum is 9
test,|&,Check sum is B
test,'|,Check sum is C
test,+x,Check sum is C
test,%Q,Check sum is V
test,5;,Check sum is P
test,]p,Check sum is -
test,?F,Check sum is %
test,=3,Check sum is P
test,?g,Check sum is F
test,Cj,Check sum is M
test,OB,Check sum is 1
test,es,Check sum is 8
test,ZY,Check sum is S
test,'Y,Check sum is  
test,PJ,Check sum is :
test,Z',Check sum is !
test,|5,Check sum is Q
test,;0,Check sum is K
test,B4,Check sum is V
test,j.,Check sum is 8
test,y+,Check sum is D
test,kO,Check sum is Z
test,{9,Check sum is T
test,_W,Check sum is V
test,YL,Check sum is E
test,pa,Check sum is 1
test,0G,Check sum is W
test,*o,Check sum is 9
test,ln,Check sum is :
test,V@,Check sum is 6
test,#J,Check sum is M
test,J%,Check sum is O
test,16,Check sum is G
test,6J,Check sum is  
test,\8,Check sum is 4
test,dd,Check sum is (
test,28,Check sum is J
test,P<,"Check sum is ,"
test,lx,Check sum is D
test,oF,Check sum is U
test,b0,Check sum is 2
test,UL,Check sum is A
test,"
5",Check sum is _
test, h,Check sum is (
test,"+,",Check sum is 7
test,Ld,Check sum is P
test,xi,Check sum is A
test,>N,"Check sum is ,"
test,l_,Check sum is +
test,",
",Check sum is V
test,Es,Check sum is X
test,&Y,Check sum is _
test,k0,Check sum is ;
test,1?,Check sum is P
test,%Z,Check sum is _
test,",7",Check sum is C
test,7?,Check sum is V
test,G*,Check sum is Q
test,^x,Check sum is 6
test,r5,Check sum is G
test,C:,Check sum is ]
test,8i,Check sum is A
test,1-,Check sum is >
test,U\,Check sum is Q
test,1+,Check sum is <
test,NJ,Check sum is 8
test,8/,Check sum is G
test,Kv,Check sum is !
test,:v,Check sum is P
test,}A,Check sum is ^
test,#5,Check sum is 8
test,eT,Check sum is Y
test,_-,"Check sum is ,"
test,q{,Check sum is L
test,#;,Check sum is >
test,i$,Check sum is -
test,G8,Check sum is _
test,8',Check sum is ?
test,y?,Check sum is X
test,[ ,Check sum is [
test,zb,Check sum is <
test,Hm,Check sum is U
test,rv,Check sum is H
test,*s,Check sum is =
test,I?,Check sum is (
test,Y3,"Check sum is ,"
test,51,Check sum is F
test,gD,Check sum is K
test,#J,Check sum is M
test,r ,Check sum is 2
test,_T,Check sum is S
test,k ,Check sum is +
test,"
h",Check sum is R
test,N8,Check sum is &
test,t!,Check sum is 5
test,ye,Check sum is >
test,02,Check sum is B
test,s6,Check sum is I
test,p(,Check sum is 8
test,"""t",Check sum is 6
test,M	,Check sum is 6
test,z~,Check sum is X
test,2g,Check sum is 9
test,34,Check sum is G
test,(K,Check sum is S
test,5q,Check sum is F
test,IG,Check sum is 0
test,bV,Check sum is X
test,38,Check sum is K
test,gP,Check sum is W
test,gU,Check sum is \
test,]j,Check sum is '
test,pU,Check sum is %
test,'r,Check sum is 9
test,zP,Check sum is *
test,~_,Check sum is =
test,a@,Check sum is A
test,JV,Check sum is @
test,RM,Check sum is ?
test,5',Check sum is <
test,g9,Check sum is @
test,0s,Check sum is C
test,1C,Check sum is T
test,Y$,Check sum is ]
test,ts,Check sum is G
test,2i,Check sum is ;
test,"4,",Check sum is @
test,Hn,Check sum is V
test,gl,Check sum is 3
test,AO,Check sum is 0
test,-h,Check sum is 5
test,P@,Check sum is 0
test,Ci,Check sum is L
test,Sf,Check sum is Y
test,rG,Check sum is Y
test,7F,Check sum is ]
test,.j,Check sum is 8
test,_:,Check sum is 9
test,a|,Check sum is =
test,&p,Check sum is 6
test,F{,Check sum is !
test,-Q,Check sum is ^
test,QY,Check sum is J
test,!&,Check sum is '
test,[},Check sum is 8
test,ii,Check sum is 2
test,O[,Check sum is J
test,#',Check sum is *
test,#V,Check sum is Y
test,v[,Check sum is 1
test,r_,Check sum is 1
test,=W,Check sum is 4
test,g|,Check sum is C
test,yC,Check sum is \
test,XG,Check sum is ?
test,sM,Check sum is  
test,A<,Check sum is ]
test,7*,Check sum is A
test,"A,",Check sum is M
test,'Y,Check sum is  
test,{u,Check sum is P
test,_\,Check sum is [
test,D=,Check sum is !
test,zs,Check sum is M
test,"
&",Check sum is P
test,!	,Check sum is J
test,D},Check sum is !
test,av,Check sum is 7
test,Mw,Check sum is $
test,d(,"Check sum is ,"
test,bv,Check sum is 8
test,?F,Check sum is %
test,vT,Check sum is *
test,jX,"Check sum is """
test,#w,Check sum is :
test,^C,Check sum is A
test,5@,Check sum is U
test,%H,Check sum is M
test,'[,"Check sum is """
test,[S,Check sum is N
test,#.,Check sum is 1
test,Oi,Check sum is X
test,9|,Check sum is U
test,E+,Check sum is P
test,iQ,Check sum is Z
test,\N,Check sum is J
test,8x,Check sum is P
test,+&,Check sum is 1
test,Ir,Check sum is [
test,`l,"Check sum is ,"
test,Yu,Check sum is .
test,ja,Check sum is +
test,AN,Check sum is /
test,[',"Check sum is """
test,T],Check sum is Q
test,}|,Check sum is Y
test,t\,Check sum is 0
test,"]""",Check sum is _
test,<(,Check sum is D
test,=W,Check sum is 4
test,my,Check sum is F
test,W5,"Check sum is ,"
test,H@,Check sum is (
test,-',Check sum is 4
test,sC,Check sum is V
test,"H,",Check sum is T
test,4~,Check sum is R
test,]O,Check sum is L
test,8&,Check sum is >
test,Ky,Check sum is $
test,'h,Check sum is /
test,1S,Check sum is $
test,49,Check sum is M
test,|1,Check sum is M
test,CF,Check sum is )
test,Ee,Check sum is J
test,	&,Check sum is O
test,~{,Check sum is Y
test,5g,Check sum is <
test,4*,Check sum is >
test,[;,Check sum is 6
test,Y~,Check sum is 7
test,RB,Check sum is 4
test,Z#,Check sum is ]
test,t),Check sum is =
test,qR,Check sum is #
test,Ru,Check sum is '
test,qe,Check sum is 6
test,WA,Check sum is 8
test,",:",Check sum is F
test,y|,Check sum is U
test,A!,Check sum is B
test,zd,Check sum is >
test,%>,Check sum is C
test,4%,Check sum is 9
test,U>,Check sum is 3
test,o/,Check sum is >
test,w^,Check sum is 5
test,.K,Check sum is Y
test,AP,Check sum is 1
test,*j,Check sum is 4
test,OF,Check sum is 5
test,Au,Check sum is V
test,l:,Check sum is F
test,bA,Check sum is C
test,.9,Check sum is G
test,}j,Check sum is G
test,E;,Check sum is  
test,m\,Check sum is )
test,"
@",Check sum is *
test,6Z,Check sum is 0
test,!),Check sum is *
test,5F,Check sum is [
test,8`,Check sum is 8
test,-_,"Check sum is ,"
test,0#,Check sum is 3
test,}+,Check sum is H
test,"
,",Check sum is V
test,&c,Check sum is )
test,"
3",Check sum is ]
test,J|,Check sum is &
test,=a,Check sum is >
test,Ti,Check sum is ]
test,OT,Check sum is C
test,Y!,Check sum is Z
test,:<,Check sum is V
test,+3,Check sum is >
test,9z,Check sum is S
test,E:,Check sum is _
test,G%,Check sum is L
test,:V,Check sum is 0
test,"""Z",Check sum is \
test,uv,Check sum is K
test,%6,Check sum is ;
test,$S,Check sum is W
test,<(,Check sum is D
test,+8,Check sum is C
test,",,",Check sum is 8
test,OD,Check sum is 3
test,TO,Check sum is C
test,O},"Check sum is ,"
test,o{,Check sum is J
test,zQ,Check sum is +
test,wr,Check sum is I
test,0{,Check sum is K
test,Uj,Check sum is _
test,Vr,Check sum is (
test,ex,Check sum is =
test,0z,Check sum is J
test,|y,Check sum is U
test,?P,Check sum is /
test,&),Check sum is /
test,(O,Check sum is W
test,Wj,Check sum is !
test,2v,Check sum is H
test,CK,Check sum is .
test,cq,Check sum is 4
test,ud,Check sum is 9
test,-2,Check sum is ?
test,G[,Check sum is B
test,zM,Check sum is '
test,HW,Check sum is ?
test,HY,Check sum is A
test,Yg,Check sum is  
test,1>,Check sum is O
test,"""w",Check sum is 9
test,[~,Check sum is 9
test,D!,Check sum is E
test,'5,Check sum is <
test,r+,Check sum is =
test,]E,Check sum is B
test,(U,Check sum is ]
test,'*,Check sum is 1
test,"Y,",Check sum is %
test,"
=",Check sum is '
test,a>,Check sum is ?
test,W:,Check sum is 1
test,gK,Check sum is R
test,7$,Check sum is ;
test,Y?,Check sum is 8
test,.$,Check sum is 2
test,L8,Check sum is $
test,/B,Check sum is Q
test,6(,Check sum is >
test,QA,Check sum is 2
test,)P,Check sum is Y
test,:s,Check sum is M
test,|$,Check sum is @
test,}g,Check sum is D
test,Q<,Check sum is -
test,_V,Check sum is U
test,<a,Check sum is =
test,!f,Check sum is '
test,?\,Check sum is ;
test," ""","Check sum is """
test,Tg,Check sum is [
test,Yx,Check sum is 1
test,CV,Check sum is 9
test,7],Check sum is 4
test,Ma,Check sum is N
test,=B,Check sum is _
test,S?,Check sum is 2
test,Cn,Check sum is Q
test,lA,Check sum is M
test,Dv,Check sum is Z
test,z1,Check sum is K
test,7`,Check sum is 7
test,&>,Check sum is D
test,x8,Check sum is P
test,~;,Check sum is Y
test,\W,Check sum is S
test,3;,Check sum is N
test,DK,Check sum is /
test,ae,Check sum is &
test,2w,Check sum is I
test,'t,Check sum is ;
test,uY,Check sum is .
test,*J,Check sum is T
test,&H,Check sum is N
test,#;,Check sum is >
test,nm,Check sum is ;
test,"""a",Check sum is #
test,~B,Check sum is  
test,ej,Check sum is /
test,d],Check sum is !
test,d*,Check sum is .
test,cS,Check sum is V
test,`^,Check sum is ^
test,TO,Check sum is C
test,o7,Check sum is F
test,v-,Check sum is C
test,L!,Check sum is M
test,z4,Check sum is N
test,"B""",Check sum is D
test, |,Check sum is <
test,@\,Check sum is <
test,g$,Check sum is +
test,"""m",Check sum is /
test,X3,Check sum is +
test,&Y,Check sum is _
test,:#,Check sum is =
test,\[,Check sum is W
test,?~,Check sum is ]
test,k%,Check sum is 0
test,0H,Check sum is X
test,$	,Check sum is M
test,}4,Check sum is Q
test,B3,Check sum is U
test,dG,Check sum is K
test,[y,Check sum is 4
test,Po,Check sum is _
test,:e,Check sum is ?
test,[&,Check sum is !
test,S;,Check sum is .
test,e(,Check sum is -
test,Kg,Check sum is R
test,?a,Check sum is @
test,?},Check sum is \
test,|z,Check sum is V
test,L1,Check sum is ]
test,2&,Check sum is 8
test,I',Check sum is P
test,(),Check sum is 1
test,U[,Check sum is P
test,ZC,Check sum is =
test,T;,Check sum is /
test,Ue,Check sum is Z
test,w(,Check sum is ?
test,"k,",Check sum is 7
test,xK,Check sum is #
test,A\,Check sum is =
test,?#,Check sum is B
test,XR,Check sum is J
test,wG,Check sum is ^
test,w<,Check sum is S
test,8>,Check sum is V
test,XZ,Check sum is R
test,"
I",Check sum is 3
test,7j,Check sum is A
test,r0,Check sum is B
test,vm,Check sum is C
test,Fs,Check sum is Y
test,M:,Check sum is '
test,[P,Check sum is K
test,^N,Check sum is L
test,([,Check sum is #
test,'',Check sum is .
test,"w
",Check sum is !
test,q4,Check sum is E
test,?(,Check sum is G
test,(L,Check sum is T
test,C$,Check sum is G
test,lI,Check sum is U
test,/G,Check sum is V
test,tP,Check sum is $
test,G.,Check sum is U
test,86,Check sum is N
test,=?,Check sum is \
test,#>,Check sum is A
test,Cw,Check sum is Z
test,"6
",Check sum is  
test,tx,Check sum is L
test,22,Check sum is D
test,u`,Check sum is 5
test,+M,Check sum is X
test,Q.,Check sum is _
test,\>,Check sum is :
test,Lr,Check sum is ^
test,T(,Check sum is \
test,[q,"Check sum is ,"
test,"O
",Check sum is 9
test,+^,Check sum is )
test,<8,Check sum is T
test,n	,Check sum is W
test,yX,Check sum is 1
test,"/""",Check sum is 1
test,]Z,Check sum is W
test,Z7,Check sum is 1
test,R$,Check sum is V
test,/^,Check sum is -
test,x#,Check sum is ;
test,=<,Check sum is Y
test,Bc,Check sum is E
test,1+,Check sum is <
test,&j,Check sum is 0
test,+.,Check sum is 9
test, ',Check sum is '
test,:7,Check sum is Q
test,s!,Check sum is 4
test,]n,Check sum is +
test,"w:
",Check sum is [
test,3w|,Check sum is F
test,"
bW",Check sum is #
test,^u0,Check sum is #
test,DaN,Check sum is S
test,.SU,Check sum is 6
test,zXg,Check sum is Y
test,t5l,Check sum is 5
test,Qje,Check sum is @
test,wkU,Check sum is W
test,DxK,Check sum is '
test,4jT,Check sum is R
test,Du6,Check sum is O
test,gjW,Check sum is H
test,+Xt,Check sum is W
test,mL-,Check sum is F
test,KVG,Check sum is H
test,b/t,Check sum is %
test,*19,Check sum is 4
test,Hk	,Check sum is \
test,Gvz,Check sum is W
test,6B3,Check sum is K
test,ZMS,Check sum is Z
test,?uR,Check sum is &
test,"P.
",Check sum is (
test,5 h,Check sum is ]
test,y(<,Check sum is =
test,"o,E",Check sum is @
test,eV],Check sum is 8
test,g].,Check sum is R
test,S_E,Check sum is W
test,':B,Check sum is C
test,+<>,Check sum is E
test,T~+,Check sum is ]
test,"c
&",Check sum is 3
test,5l|,Check sum is =
test,R1$,Check sum is G
test,Y4R,Check sum is ?
test,Z	>,Check sum is A
test,.t!,Check sum is #
test,w	&,Check sum is F
test,1Ix,Check sum is R
test,*Ub,Check sum is A
test,GVM,Check sum is J
test,N8b,Check sum is H
test,'K&,Check sum is 8
test,$E\,Check sum is %
test,x96,Check sum is G
test,XWy,Check sum is H
test,$qS,Check sum is H
test,~`a,Check sum is _
test,JKj,Check sum is _
test,&9s,Check sum is 2
test,<_C,Check sum is >
test,b_E,Check sum is &
test,	9k,Check sum is M
test,riE,Check sum is @
test,tL=,Check sum is ]
test,*uN,Check sum is M
test,	?q,Check sum is Y
test,zk(,Check sum is -
test,5A},Check sum is S
test,"
f%",Check sum is 5
test,3VT,Check sum is =
test,$=h,Check sum is )
test,>rr,Check sum is B
test,'t+,Check sum is &
test,Qv+,Check sum is R
test,g.O,Check sum is D
test,MU),Check sum is +
test,kE},Check sum is M
test,}BP,Check sum is /
test,%39,Check sum is 1
test,w:y,Check sum is J
test,";.
",Check sum is S
test,;6@,Check sum is Q
test,Nw&,Check sum is K
test,PJw,Check sum is 1
test,iY.,Check sum is P
test,"
!/",Check sum is :
test,MiX,Check sum is .
test,G-e,Check sum is 9
test,p%|,Check sum is 1
test,v/\,Check sum is !
test,71x,Check sum is @
test,fcI,Check sum is 2
test,#zV,Check sum is S
test,",-X",Check sum is Q
test,7d_,Check sum is Z
test,"v|
",Check sum is \
test,o%y,Check sum is -
test,"9_
",Check sum is B
test,k>e,Check sum is .
test,J3o,Check sum is L
test,HwZ,Check sum is 9
test,}6v,Check sum is I
test,+it,Check sum is (
test,pI-,Check sum is F
test,J<],Check sum is C
test,4br,Check sum is (
test,]>n,Check sum is )
test,"
6.",Check sum is N
test,-X\,Check sum is A
test,YV9,Check sum is H
test,Egp,Check sum is <
test,'.o,Check sum is $
test,$oJ,Check sum is =
test,o_{,Check sum is )
test,-(T,Check sum is I
test,|k\,Check sum is #
test,saO,Check sum is C
test,\<c,Check sum is [
test,-;I,Check sum is Q
test,"3,e",Check sum is $
test,1DZ,Check sum is /
test,b1l,Check sum is _
test,"""qW",Check sum is J
test,`7W,Check sum is N
test,v-m,Check sum is 0
test,c8Q,Check sum is L
test,gQF,Check sum is ^
test,iUF,Check sum is $
test,"k<,",Check sum is 3
test,k.I,Check sum is B
test,&=\,Check sum is _
test,Df&,Check sum is 0
test,Bb ,Check sum is $
test,k*|,Check sum is 1
test,`ak,Check sum is L
test,MCx,Check sum is (
test,b5A,Check sum is 8
test,?O~,"Check sum is ,"
test,"g,J",Check sum is =
test,"=""P",Check sum is O
test,.~E,Check sum is Q
test,Dl4,Check sum is D
test,S.$,Check sum is E
test,K^R,Check sum is [
test,the,Check sum is !
test,&>%,Check sum is )
test,&49,Check sum is 3
test,sP(,Check sum is K
test,KKr,Check sum is (
test,ZM ,Check sum is '
test,2]X,Check sum is G
test,mh<,Check sum is 1
test,9p*,Check sum is 3
test,@:>,Check sum is X
test,nbX,Check sum is H
test,mzI,Check sum is P
test,&Qq,Check sum is H
test,2VU,Check sum is =
test,j]#,Check sum is J
test,?SM,Check sum is ?
test,J(I,Check sum is [
test,wTl,Check sum is W
test,'h8,Check sum is '
test,?k&,Check sum is 0
test,Bd-,Check sum is 3
test,\3~,Check sum is -
test,N`b,Check sum is 0
test,Fp^,Check sum is 4
test,@n+,Check sum is 9
test,Q	[,Check sum is U
test,7nR,Check sum is W
test,4`:,Check sum is .
test,rT=,Check sum is #
test,gNu,Check sum is J
test,"Z""R",Check sum is .
test,zXa,Check sum is S
test,}cn,Check sum is .
test,I`R,Check sum is [
test,~fq,Check sum is 5
test,-k&,Check sum is ^
test,r!z,Check sum is -
test,eZ{,Check sum is Z
test,gil,Check sum is \
test,.82,Check sum is 8
test,#oi,Check sum is [
test,(Zx,Check sum is Z
test,? %,Check sum is $
test,<]M,Check sum is F
test,udn,Check sum is '
test,a9N,Check sum is H
test,YK_,Check sum is #
test,1on,Check sum is .
test,"+,%",Check sum is \
test,t1(,Check sum is -
test,[XU,Check sum is (
test,mlB,Check sum is ;
test,V0D,Check sum is *
test,=.8,Check sum is C
test,i<G,Check sum is L
test,"Sg""",Check sum is <
test,hib,Check sum is S
test,4X7,Check sum is #
test,ns+,"Check sum is ,"
test,t7X,Check sum is #
test,N<o,Check sum is Y
test,OlB,Check sum is ]
test,qJb,Check sum is =
test,$-_,Check sum is P
test,6S~,Check sum is '
test,c+Q,Check sum is ?
test,g|{,Check sum is >
test,9=m,Check sum is C
test,bQn,Check sum is A
test,wkC,Check sum is E
test,X>;,Check sum is 1
test,<{b,Check sum is 9
test,#)	,Check sum is 5
test,GIj,Check sum is Z
test,2`L,Check sum is >
test,gvX,Check sum is U
test,",Y1",Check sum is V
test,P7K,Check sum is 2
test,~@u,Check sum is S
test,-)6,"Check sum is ,"
test,Mkc,Check sum is ;
test,eE4,Check sum is >
test,s6!,Check sum is *
test,)Q ,Check sum is :
test,[Dt,Check sum is 3
test,xB_,Check sum is 9
test,.]m,Check sum is X
test,EXS,Check sum is P
test,Pne,Check sum is C
test,T^h,Check sum is :
test,\N*,Check sum is 4
test,(y%,Check sum is &
test,"""%,",Check sum is S
test,4^#,Check sum is U
test,K)a,Check sum is 5
test,1<%,Check sum is 2
test,_`d,Check sum is C
test,9x@,Check sum is Q
test,$_m,Check sum is P
test,!}&,Check sum is $
test,kz|,Check sum is A
test,<d.,Check sum is .
test,;}	,Check sum is !
test,*a5,Check sum is  
test,Xn_,Check sum is E
test,FoM,"Check sum is """
test,x\b,Check sum is V
test,0TL,Check sum is 0
test,Y/R,Check sum is :
test,.-`,Check sum is [
test,	4P,Check sum is -
test, V%,Check sum is ;
test,|fF,Check sum is H
test,R0U,Check sum is 7
test,$&o,Check sum is Y
test,4b@,Check sum is 6
test,h N,Check sum is 6
test,",AX",Check sum is %
test,Cy_,Check sum is ;
test,`}v,Check sum is 3
test,z34,Check sum is A
test,g*G,Check sum is 8
test,"
p_",Check sum is 9
test,RsS,Check sum is 8
test,fCe,Check sum is .
test,8gq,Check sum is 0
test,d~g,Check sum is )
test,SW/,Check sum is 9
test,ibL,Check sum is 7
test,go},Check sum is 3
test,o{[,Check sum is %
test,nc',Check sum is X
test,W@P,Check sum is G
test,4-),Check sum is *
test,_r>,Check sum is /
test,As<,Check sum is P
test,<Cx,Check sum is W
test,E-z,Check sum is L
test,lOb,Check sum is =
test,UIY,Check sum is W
test,haP,Check sum is 9
test,fAF,Check sum is M
test,=>2,Check sum is M
test,6-&,Check sum is )
test,\p|,Check sum is (
test,? D,Check sum is C
test,aV2,Check sum is I
test,"y%""",Check sum is  
test,PO5,Check sum is 4
test,"Mo""",Check sum is >
test,YB;,Check sum is 6
test,3JF,Check sum is #
test,+g!,Check sum is S
test,7mF,Check sum is J
test,`3c,Check sum is V
test,Hu',Check sum is D
test,W.K,Check sum is 0
test,8@?,Check sum is W
test,$~z,Check sum is <
test,0B0,Check sum is B
test,"C""q",Check sum is 6
test,F6f,Check sum is B
test,vX&,Check sum is T
test,Khk,Check sum is >
test,WUW,Check sum is #
test,H];,Check sum is @
test,[3},Check sum is +
test,ui6,Check sum is 4
test,"sJ""",Check sum is ?
test,DPz,Check sum is .
test,$(l,Check sum is X
test,pc_,Check sum is R
test,}1\,Check sum is *
test,J!_,Check sum is *
test,23T,Check sum is Y
test,z|@,Check sum is V
test,ool,Check sum is *
test,4aq,Check sum is &
test,ZYD,Check sum is W
test,R:^,Check sum is J
test,o$i,Check sum is \
test,XA>,Check sum is 7
test,Cto,Check sum is F
test,]4C,Check sum is 4
test, rI,Check sum is ;
test,GH8,Check sum is '
test,r	',Check sum is B
test,}kz,Check sum is B
test,$%(,Check sum is Q
test,w[t,Check sum is &
test,&:n,Check sum is .
test,qsY,Check sum is ]
test,#R{,Check sum is P
test,AqE,Check sum is W
test,",&j",Check sum is \
test,Mk{,Check sum is S
test,0M!,Check sum is >
test,TL>,Check sum is >
test,0BU,Check sum is '
test,t3+,Check sum is 2
test,s-P,Check sum is P
test,"u""+","Check sum is """
test,dgx,Check sum is #
test,)sh,Check sum is $
test,",k?",Check sum is 6
test,8d(,Check sum is $
test,aKt,Check sum is @
test,TuJ,Check sum is 3
test,^@q,Check sum is /
test,m+Q,Check sum is I
test,7@e,Check sum is <
test,/C8,Check sum is J
test,FZz,Check sum is :
test,^^J,Check sum is &
test,u ~,Check sum is 3
test,xrA,Check sum is K
test,~)x,Check sum is ?
test,m@x,Check sum is E
test,:|A,Check sum is W
test,@7N,Check sum is %
test,I!F,Check sum is P
test,lrK,Check sum is I
test,Fm!,Check sum is 4
test,KSF,Check sum is D
test,C}	,Check sum is )
test,W8Z,Check sum is I
test,J3X,Check sum is 5
test,2Vj,Check sum is R
test,"5<""",Check sum is 3
test,~8|,Check sum is R
test,66g,Check sum is 3
test,+L=,Check sum is T
test,"rD
",Check sum is  
test,*MD,Check sum is [
test,Fz=,Check sum is ]
test,_Y8,Check sum is P
test,W9e,Check sum is U
test,*c#,Check sum is P
test,&{L,Check sum is M
test,E^f,Check sum is )
test,Rbp,Check sum is D
test,thC,Check sum is ?
test,HWw,Check sum is 6
test,S3x,Check sum is ^
test,e!{,Check sum is !
test,e_L,Check sum is 0
test, NE,Check sum is S
test,jk1,Check sum is &
test,`QZ,Check sum is +
test,QIv,Check sum is 0
test,k>$,Check sum is -
test,ZJi,Check sum is -
test,q@J,Check sum is [
test,UUl,Check sum is 6
test,9lI,Check sum is N
test,f&h,Check sum is T
test,dIx,Check sum is E
test,Bnp,Check sum is @
test,|=(,Check sum is A
test,d\l,Check sum is L
test,>`w,Check sum is 5
test,",g*",Check sum is ]
test,I:|,Check sum is _
test,QhK,Check sum is $
test,h7A,Check sum is @
test,w{a,Check sum is 3
test,|#r,Check sum is 1
test,E;N,Check sum is .
test,J9B,Check sum is %
test,znj,Check sum is 2
test,{gb,Check sum is $
test,WoA,Check sum is '
test,?;q,Check sum is K
test,U1Z,Check sum is @
test,ni\,Check sum is S
test,wPY,Check sum is @
test,4d;,Check sum is 3
test,1;4,Check sum is @
test,w#4,Check sum is .
test,j_~,Check sum is '
test,I$1,Check sum is >
test,}X|,Check sum is 1
test,m=5,Check sum is ?
test,Qbx,Check sum is K
test,iK],Check sum is 1
test,7dl,Check sum is '
test,=8R,Check sum is '
test,YKo,Check sum is 3
test,.u+,Check sum is .
test,Sxy,Check sum is $
test,JVS,Check sum is S
test,":t,",Check sum is :
test,IZg,Check sum is *
test, O$,Check sum is 3
test,i15,Check sum is /
test,*l	,Check sum is ?
test,SsI,Check sum is /
test,Iq3,Check sum is M
test,|;6,Check sum is M
test,7)_,Check sum is _
test,HbE,Check sum is O
test,\H1,Check sum is 5
test,"}""*",Check sum is )
test,9?S,Check sum is +
test,vyL,Check sum is [
test,'sM,Check sum is G
test,]_(,Check sum is D
test,oqJ,Check sum is J
test,pp6,Check sum is 6
test,WR\,Check sum is %
test,GtU,Check sum is 0
test,3w^,Check sum is (
test,o?5,Check sum is C
test,u`e,Check sum is Z
test,hHc,Check sum is 3
test,E?%,Check sum is I
test,Wnj,Check sum is O
test,13J,Check sum is N
test,q&T,Check sum is K
test,ugF,Check sum is B
test,N6_,Check sum is C
test,)bZ,Check sum is E
test,lUR,Check sum is 3
test,\#[,Check sum is :
test,$]Q,Check sum is 2
test,R@F,Check sum is 8
test,"},]",Check sum is &
test,HD(,Check sum is T
test,>$;,Check sum is =
test,[2n,Check sum is [
test,]Yl,Check sum is B
test,~{I,"Check sum is """
test,z ?,Check sum is 9
test,Kzc,Check sum is H
test,;/k,Check sum is 5
test,"-b
",Check sum is 9
test,%[I,Check sum is )
test,rYU,Check sum is @
test,%.	,Check sum is <
test,gLe,Check sum is 8
test,X<0,Check sum is $
test,;Q%,Check sum is Q
test,8a3,"Check sum is ,"
test,"{,R",Check sum is Y
test,y>_,Check sum is 6
test,?.H,Check sum is U
test,ih%,Check sum is V
test,3T=,Check sum is $
test,jqk,Check sum is &
test,~6J,Check sum is ^
test,$_i,Check sum is L
test,u%b,Check sum is \
test,B-W,Check sum is &
test,QbO,"Check sum is """
test,LjZ,Check sum is 0
test,dV{,Check sum is U
test,SoO,Check sum is 1
test,tC ,Check sum is 7
test,"""@o",Check sum is 1
test,aw&,Check sum is ^
test,T_3,Check sum is F
test,5^v,Check sum is )
test,%]jU6;Nun|v:P]O{DssFu>>4 BJ3{8/I]Ph$i07>F2K{,Check sum is J
test,OG(r_n'Hzzj4k,Check sum is I
test,a!)]q_GsnKlbC.{:q$G@e8>9jRfY_e'-F&+=bBOsT|,"Check sum is ,"
test,"d-Cm,1I""g}@nHj""+bdC""",Check sum is %
test,"v^bj?4ya	9M#	,b@J[;+zUvC@",Check sum is )
test,mVTm9O&],Check sum is /
test,R-Y,Check sum is 8
test,}4^4d`fsYBmL=EzvC,Check sum is I
test,"JEJa?)&yE-Iq'BAb.2
)n]2~'u",Check sum is C
test,B#c^<cIH=\nx@7?<IC<,Check sum is /
test,@PYViHQIf	b}4ZdnR0!/4T^AkKL'PwELv=,Check sum is E
test,v@.$kGAP]eD^q33T{m2{B{:Q,Check sum is W
test,-SdGx)it0N3+4w])0`lU,Check sum is '
test,}#ep=_V?97LL@wo]KW+,Check sum is ^
test,"[,S2-DlenWeF:4
Rf%CL{""nKasY&okIB",Check sum is P
test,"&ko;<_E&DN""'SX7*)P*\>`vf$;FkdSeS4\0Z2}+'",Check sum is [
test,"'""2[/.=a+2J)Le%
,(
}xR)4
4	*
[I~dO",Check sum is 3
test,cUo-IW'DHIZ5P:H,Check sum is 1
test,"B9;-[?ua	
H'8;<""aZ8F^edu2RS$*FGSL*""YM",Check sum is ^
test,*A,Check sum is K
test,"xf8aTk#$R,\7[{X)t&+!Zi[j\^r",Check sum is _
test,"U<}FI;o78nIQW^NLEn,KPuk-n^@",Check sum is @
test,"a2 t
0J8l;;i	\e?-*B)4\I&.YxZz=Hi",Check sum is Y
test,M -0cupQ1E<y?$@i&zIBc5V#7[v8@Zg	,Check sum is @
test,"|u~iM6Cn+AnvwZ|t""uJ9pRoIb!FL	~;PP#BhoKJ",Check sum is Y
test,ZT^@dweHeYBZ	3G)MI	u5v<q4OMJ%0pw2^YUr,"Check sum is ,"
test,eU!WPe,Check sum is G
test,eV7,Check sum is R
test,Hx-;/_1RLMF^9uy|g9>jKrYSCS|}-\@Y/m^pc+#NiO2W76RbU,Check sum is ;
test,"3bRRwOz1.|bK9*(4XR!hwJ+C|Kkedue2A<i;@,d}?;,kKN,)Y",Check sum is O
test,"X/M^XWL(P{M} !*{,p6SARy1NDc +n0&7r8='h	,vTRT",Check sum is (
test,u'.Pg#tFX~w,Check sum is K
test,"'Y,hQdZ2''1ZY`Im,#DYjG{ftvpOrrOpcXOMeB{G>[C",Check sum is #
test," ""q",Check sum is S
test,">ly'nznUmZ&[|JR`-)5T	zWkwTJ{rHl7Hl	E+e;~""Nmi1fw",Check sum is E
test,]tBZ,Check sum is M
test,MF4seWG~pN.9a9T,Check sum is .
test,tf!h9nM{G-XhXbn zl,Check sum is T
test,=N&*5[btnItJ(oZ~uxdbSz|Mwx[=Ey&D9XI/(in12v_P#G4,Check sum is +
test,"3Kz""l{Dv,HX\
+^ {(5m9TD)_M'p",Check sum is 8
test,Q'Id'c	$=3h'VXX)in'7NK9m'b	C	Cz.sNz9YZHgJTiH.~,Check sum is 8
test,y8 4f;H`?L*h-?1NPw,Check sum is =
test,"vC/{&]I.R	B7qD,A]tK",Check sum is O
test,"`kuQ:2Miv\	*9m^{,xLFIVG0|I[&GR.$7(",Check sum is 3
test,(hFSj	t'g7Q F,"Check sum is ,"
test,"DE.S#79)0Q>`nWW86.>(ej:e|84-@yy]L_vHfQwb>4}l""=.D4",Check sum is N
test,"SVWFs_6<bRz+tLW6BF3liP7zY,@{{3v$%c`"".e",Check sum is F
test,Eh(zY{WlC66}1y7dYN/z_#&Y,Check sum is H
test,"
tc(EE?`tN8;H}(\5U*5
WLkER<te\7V!u
",Check sum is F
test,"w!^fLyEtJ""Olz|^GP[VKH7_SD<(0u?<w	;_BS$d 1&E~iT_<",Check sum is J
test,#1>Ss&+$Y0+{,Check sum is \
test,",!h	(n4QSO0fNzx=]*F2Qa~Z",Check sum is 7
test,"H#r]
@[}ptExyS5r&J""}joEff&Cozz3Z5J%	",Check sum is O
test,Xm^MSJ,Check sum is -
test,6Mdhwl?ss9oSp|(]+IR%Bcm(I$nE$ol{Uyz9[	u?f]Nz,Check sum is F
test,">^~|-b?""m9\ONL/O?Vw++g0GhBuoV9-9LRhNncJ&sD}(|*n",Check sum is W
test,.(@dul](dq#KA~S%qM	O3>qZcEZ(P}U}nx3.qv?Ev?G}CsD{,Check sum is 5
test,NjH	&?~tJX 8xnndS 	f%P	j:pt`>qaji ,Check sum is =
test,u(,Check sum is =
test,wJLG|XQD,Check sum is ]
test,0It%7r:)K,Check sum is I
test,Mm6B%Rn-<8 QT${Xp-$Sfd&fcsjj~MY{t>$A7,Check sum is U
test,"{!Y8.""uvHm@~}D\]IR8$# vrtxr(.2.$,u%}$	QN",Check sum is ^
test,"""""8\VG&cwGMB3H!s|SrZo52k/-/g`/zfyqJ",Check sum is +
test,vkuG{vviUjqpqrs;	tbe<,Check sum is >
test,"3z}+O|+|]u|E
",Check sum is D
test,"Rh""&Q7rzt)k",Check sum is ^
test,"-ah4h,D>l	\vZ1}M}%. 0cI3",Check sum is ;
test,"%	GX>1""^`rf:Gadq2Ez+e~sfsg",Check sum is =
test,"3j@e*9n\rK9T[`""o",Check sum is %
test,+:h6iiunb2NC^RV96|9~fm,Check sum is 8
test,@d-b0:	s,Check sum is 9
test,(N,Check sum is V
test,a{`'EO3mFw\7gWk[[JO|:N3]gA+)j.ts4ou!d?g-/b^'ty	>m,Check sum is 5
test,"owt$!""s
nr{SMUDqF{.	4L;tTR?x",Check sum is '
test,/~w.yZei1vi0^ze^f756PB'3$g2DWL$(Bu=V,Check sum is \
test,"h*v5
LV&&(

! eDL<*JaOoLrMA.ck*Vb.=r<IzNC#&,","Check sum is """
test,"`~VA5L:yZq""Du{ME`s:2<4[H;!
?5-!f&/!P7^)l}.-7\5","Check sum is ,"
test,:lB):.#L;H4F.,Check sum is 3
test,"1O`J0yJu`\Ypp#
HjYag4.!",Check sum is *
test,"""2>**QnH4k^ pZ=Zbcrf",Check sum is (
test,H@\2~N&\,Check sum is D
test,?8C->D?Gnre^@K^LZF5FTFoI)Js[yaQ+,Check sum is +
test,`P3>3xJI[D1PwK]C0)t6:\'Sv[uNq`!pRE9XN4*]AAN,Check sum is K
test,16O}wKt(pBw*Y7qX3u_v\VAc}Sf9g	,Check sum is O
test,"7,&_8XM'drE~)L?WbU]iU5v~bV7B+~Ldya",Check sum is O
test,"p1}2PR0L
N6QHZcv&Ib&*lJLB|1!6XnyJl(",Check sum is .
test,"t8[4O(mE!:0fz`wL4y $e2.-+Dn
",Check sum is \
test,"EV2AHz^aj
:L.4$NNOF0OO65F	@n?9f*Jc\8+&}",Check sum is -
test,">,vT""
tY`GPM4WWmP(zf1@
5U`C>3)=)Qex4",Check sum is B
test,"F\""nRDT""c[B,B)~Y66_VWP{/(p~\w!pV[Fl\\cOQ8}"")'eB$p""",Check sum is Z
test,"kRnv]~'lZ(?%=7O0\	,t2P ",Check sum is /
test,;Io8%|tPtx-G\Oj8P645kN h%(eCa+Z9R0YLM>[3 d(,Check sum is M
test,"gO:Znk,",Check sum is /
test,"vK}S%K	9!#cHHn=p]~5:9CvQM
-;HuWYgiPV3Nu:q8_]Pr",Check sum is ;
test,"_.:Oc
]yteP1O1+	b,y>],vL<Bf- -+KR`A",Check sum is ^
test,"b>jqn.)uO""i}""Puh`y|Cy_Hlsw""/_DX5JuU+(*
0\-~NY4",Check sum is 7
test,"Wa
A!L>H]ZI",Check sum is V
test,"L-2g{d*$py^.&50A.F!uaR=O,Rd-E\yD+AR",Check sum is T
test,Kx%4|p,Check sum is (
test,"EFr""",Check sum is ?
test,"*L%gHUM'g6C6Tl/e%886?g#vbN.''	2DY""3&_q",Check sum is 6
test,"zh
`D9
[^gH,oKOz",Check sum is J
test,)AzSmXJ63E7D`DbJqjsg 9|2^*N-w,Check sum is U
test,"A~aK53U9J
(5ZTk2C&*/(on(Fdbn:KHI'@>)`1U",Check sum is 0
test,n>8~?	CPZ0,Check sum is '
test,eOUq%@|Oj[t[x7cCmHbpU,Check sum is O
test,"ej:)oYtC|k.8_3S=0]b(MEWqtFu7d%l%G""Q9`)""Z",Check sum is )
test,"C5HG3EH;
'9_%8I{BPc8",Check sum is 9
test,"x$C	's:$}qc,iW/'nR#IQM0",Check sum is M
test,!^qp$J	Ac-pL'#G$(KY),Check sum is .
test,"HJ2vu$BD^J8
x}u-0>u'N_YEl0sd+eD/MPg|qkE`",Check sum is F
test,"U&*`?N=D!knl9z8""bu+GLbQA]QrG",Check sum is V
test,ftbYE=OgP{p(iYy VJf*s%>x}lLaz; XDY~P,Check sum is W
test,p2xRQLO(}__L}@%Y+~&<s>(He 4-<qq80x0	lUAuxI\\t,Check sum is O
test,$<<=7?Q 4^,Check sum is 2
test,%gEBAm{%ZG+-xKM@EM1[r~{w#-]	+i^G'BQ`,Check sum is S
test,>=Z'OP+T4,Check sum is .
test,;6z+hnaURx5y{ZQxSF{FP{.'@^EgTeSvmoaDm2gh?F<4Helkdg,Check sum is Q
test,"$|Ei(g*h\
DSF",Check sum is R
test,8yeh>rImzQb,Check sum is 1
test,=7uar^twE+_OqLn@bsp2 1:)IDxyqTr8,Check sum is F
test,"sL<:R|gx<$i\Zbe""hRrn`XO7`R.SEe'M@ESYc<	Yh}aE
	7U",Check sum is /
test,B &z36OQE0Uv!<sS*xgqi,Check sum is 1
test,"@95_nG&M}wM(u<,N2m6c`H
'!=>",Check sum is V
test,!$%V \.}8>v;Fr-Z\	|/,Check sum is =
test,"	7eKuZLn`m5#Z};v"">R|Flg1j%>?oJDkzFGQlN3A )'xB[a",Check sum is ^
test,ilq)g?7t40\Yw<pt$y_$'yL9,Check sum is U
test,"{e ash_gPVYF`NZD{/zU }qP>x3)W3*xt}""F#ve;0",Check sum is J
test,">*!,pkLr:W#>(RBJj?W[n9X{adj1lYrl#cE6);zk>K	g",Check sum is A
test,"CK.2]B""",Check sum is O
test,"TtJW@Mfd)TF\-reLg+XL0,XsspOi7}2%O=BH=&/,5 c,-&""z",Check sum is 9
test,+?6z/Ply_7iq0>$$`#MFKSO-@!M&9`:,Check sum is [
test,b4 as>Y3,Check sum is 4
test,"*5-]S'!;y70_-)+#WKT (,hhIl",Check sum is 1
test,"H""`0ap>:SBhAneqv{",Check sum is V
test,\kPH}S0b6kyw'Ymzzc 'XtfEV4ozq\U,Check sum is I
test,b;*TQTv/Qpw,Check sum is =
test,"/`R@AhfV4$;94&lbUU`AbC
MYY~bba'4N""iP#d2Z-g^I>",Check sum is F
test,"D\ j9NB3^wOby,)LPo1b{8g;jPo1@]pze@lo2LE7g'p?S<:IC",Check sum is :
test,<gG%be!Qv[WSb\1aW,Check sum is J
test,1j<)!,Check sum is A
test,qx]A1v `v;x'et},Check sum is 4
test,S9ABa)ncrsvnEj,Check sum is B
test,"xP-p:L
=!h\olUt!96Y=\Ho1",Check sum is E
test,"6)u}e ~/a
b	!2Y/Z ",Check sum is N
test,"O\n=I~6n[RNS,jzcA	63	'#X'$GG97eW+\4*",Check sum is *
test,"Cm~?F	
4-34(D>Ly_>Db8qa!*7TukS;E:dPBd0)BKD	|~3",Check sum is '
test,je8{Aq4~:zf(TLx&u&7-GSwT#>P,Check sum is [
test,m\p[En,Check sum is '
test,k-8%)x}K1WcM.#4,Check sum is ;
test,j=2j3UuSvtZnPKP1O>*[`'&:6<[p$wG,Check sum is Y
test,LVODI[%muO9CY3 m,Check sum is $
test,4Y9L\ps--6GHo~xE(1C-B$4Z~.*O>UfmeplD1pOYX:Gj,Check sum is S
test,"14,Gvk'64a][IHz00_tj^uNM!0q@h0E4rCUVe6D>g",Check sum is P
test,")PZ
A)",Check sum is '
test,wMWZ./,Check sum is 2
test,jz&_	V\z[v97h{Q8A~A#^,"Check sum is ,"
test,"""B_&~2",Check sum is 9
test,EG*qaCE!,Check sum is Q
test,R$!+]d,Check sum is #
test,ZsR-o4oL19=>G0 Q}? zssQ;Yz=Q;bo}WT#{^,Check sum is 0
test,G!8qBwgvM{LDetBIzcY0}8PWm[1[,Check sum is Y
test,"}YT~NzHtD^O%DWm/
(~QFD#4:I5$f4-0{v@4*OAFl&3)S%m'S",Check sum is @
test,]	QRP1cI[dU!jEGz?uH<Zvd`gv{F4l|,Check sum is A
test,b\y=SL:Su&N,Check sum is )
test,A9	Cb-A-[z3]LR}RG',Check sum is #
test,"GePhv3;\n""O0&)]Zu7w0","Check sum is ,"
test,"jyr(L7lQSXhQ4""rNf,eR.BSH8;5`",Check sum is 3
test,eM,Check sum is R
test,UeS=h7Re\L,Check sum is (
test,"pteUsPXhPtt0YK,vV}{wr~A\io2w5S",Check sum is J
test,Tv|pX|p.:3/I!@^'R)Pi7X FI^f+Ae^#Uh!c7ZOwJ1Ey9sr^\,Check sum is D
test,#*,Check sum is -
test,"9;!,E;lpCIo=i-P6]NT8q?Y{D;NA:j
`]p\",Check sum is Q
test,"+\ PB&&#fd%>sKCCsc3ui""UIVb*B	dz	l",Check sum is  
test,!?U~rpY%dhpqb5#2`d,Check sum is P
test,O#Cv'IS^	|RqOjeSgPpQ,Check sum is ]
test,"g|X3k\%wE(9k.afH5~+,_qUk/SOOtYbfal-4[3uBh317gp",Check sum is [
test,"L,niC
EaVUiKY~:jUoj?H+JLls:B4gH	OIt	R6o
O,016Wo",Check sum is '
test,GfOBkw?x?zci;c=Bq/l,Check sum is %
test,"""VpI9Q,X=G=nu\Ib!1<;|3%(.=V&f\d>W4`C^ 0ZK/_0`?",Check sum is 8
test,"dO6""XPFr-Xw=3G>fcnXoVlE2Yhf{ed+h^K",Check sum is Z
test,"{""kQ}6v{""c/2_Hz$C~$u.rH!6E.V/&uGym
+``24E",Check sum is A
test,\.NI@1Xe.UP|saDDZO;dcXv*:\j'IX#,Check sum is (
test,"Mmlul()?c	b8Sv.`)ZpRwr,3W?meZT5VYA ~G<(G","Check sum is ,"
test,"=Un;
pZRC(2`P'	#<'\-~6xr:/U)0{lCV1QY@WDC&:6-z",Check sum is 8
test,>vqup!A1+h%I<Ni|]8vLGNOtQz2! n7@.#q=C!M:7w3,Check sum is J
test,".7(S:}v+	\5gRV;NiXs"")""/-U:\m+3907",Check sum is ]
test,"PNRmJH0^7f	smLkl,hnDC!~E#
}*""U{v0!)1z7aon>S.4<Qq",Check sum is :
test,")nGZb>u!J_Nu]CMJ82->$+|=0f*~7KSYkA~:u~G""9#G^7d8",Check sum is N
test,"JdmhlK""
|\{&M <q%4%;x}>mbbn!)o58XRzj,%f[2",Check sum is \
test,spL*q>_8?7<DTM=NcXICB,Check sum is *
test,"!4~9& CW
|i`@O\TaqmW`8R",Check sum is Z
test,@Z3%`I/]#:~<<,Check sum is Z
test,"
f}^CA #K1jwRK&L\5$ba0ab@z,G_Vb+={Y]c6nkYuym,",Check sum is 8
test,"	$""!nd,D2PW$2z\Smo |%(hcGB_","Check sum is """
test,k8)L>hI<mgh/I0X1gBJWF9ei|v&1F*<R~~s,Check sum is ]
test,"b.2O0dp^2@O:R%=
ViT3*fj-`taR?xZ*Q=""WFI",Check sum is Q
test,iqH,Check sum is B
test,"tWE]\bS\JX""<wyoxqe|>\ftjO0ulzlcw\X1D$RF!%M||$m","Check sum is """
test,a0Nh-+IP=Tfwob1M#{x>,Check sum is )
test,"{]<OYx	>Pl.;6H5TIhN]K8<[~!9oEkVTSi#G[HK=h	,""sKd",Check sum is P
test,	+dJ#^%,Check sum is (
test,U:d_@/,Check sum is !
test,"MhT!c:B^A^)-f
P`wqRm"">",Check sum is #
test,RR@AlXERx`Kl{+].|T5Mo%E@j9,Check sum is .
test,"Qu{t.G.k6tN}V
BnH\p{""|><t{-YZ/;T*`OSw6x
_[K+l[A;fs",Check sum is C
test,";F""BE]@""E5F+;Md6B5UFO",Check sum is 7
test,'CEpC)51mMj `c16x|^@E%8{oVlZBTbq(v;4O},Check sum is ;
test,ZF\}BIG;^5M+u0DdA/%T&ly_,Check sum is Q
test,"%~0/,4Y	N2}@NR39=wF!(Wu",Check sum is <
test,"C""Cd3e(C'j^|333lRAOd}qnT_oTXT:n~?vb\(w_C",Check sum is =
test,GrvnkN!t9bM]8WGiq),Check sum is )
test,"}E4)gv\I@(cxj}o0K3-
W]-,G`vMQ3')",Check sum is J
test,"
te^o
0k\LidKD*5+\'`,e1s.=S2]3",Check sum is [
test,"lY=>)!vub`y}O>12a'C'i\U""g]0OP9	pK{!
_",Check sum is @
test,S$uQPjY-_)`JCm#}N7\jzte}{>c}{3,Check sum is A
test,"&B2,n",Check sum is T
test,"aQ/\ 
@4e:jiek0z)m?8r",Check sum is &
test,"^Q} 
n@LX4(4H=1HTpWTo1Q` {(VSa\",Check sum is ?
test,"T
@qLZJv[",Check sum is 0
test,zr[s(*b#+,Check sum is \
test,OF*c#cm3~UCK`,Check sum is )
test,Wj,Check sum is !
test,"bA8Zqk9}Cqm~(g$A=/	|~zv/""41r.:Ph2(-",Check sum is (
test,o0+3-T >?n&^K^B54r)l$Eqhp,Check sum is :
test,rZ+)B>,Check sum is @
test,_T.6|{v<+dlI(!8QymCv8Vu%8%*s?GD	^{>M^w1u,Check sum is )
test,)KNyJx,Check sum is ]
test,29zqsQv1@\nx{t^+d$ `sctR\pe\^Yz#ehrb6CV	BD,Check sum is _
test,gHLcH)O^R[E@v`rb;|lKe{v5Fge`f?a9gd|ScT,Check sum is 3
test,"hS=8	8Lv#B/0q0)7}YVN!\DWtsomNS`Yw
l!}XCnTpN~Rbua",Check sum is 5
test,"Yb6fOSJ""28fKjrBDi,Lk0>'qPAIg$<`y",Check sum is N
test,n(.huPpOJ.,Check sum is H
test,V'6^Yo9WQO+7]Ustt?PEpu%OeFuKS	e[.iE>B,Check sum is (
test,"IS""<Zv:Jqem+r}/XkT>'YzwG:d7@@[t+F.vG4M;VpS5ar",Check sum is $
test,reIo'RX,Check sum is @
test,"C+'Pd""jw+tl9*-z47aY&dM?qB/lA",Check sum is K
test,"SL }I3`jzYpzF|<Y*
B0GJh308
iS",Check sum is 6
test,S;. G$J 'QH8'|NDKC%kDt`O,Check sum is C
test,W2o^7	Y,Check sum is O
test,"ZJ\}#0:OxN
)&H/%L36@(VW8",Check sum is 6
test,o9fH'LfXYym'~f6Jg 5OK17]czp[[XEX6YE$,Check sum is <
test,"%C{~q1P6,z<]/>Z8""$@gFZs",Check sum is '
test,"k|X6wF 7<pj`DQjdke6jqMt9X1"" AE, @q
",Check sum is 5
test,"u$C^<PlP,+@{)Dr=b<?E4]{pCO{8k%P)&a`G.$A
'S'xE_",Check sum is D
test,Sv:,Check sum is #
test,*A/QE{4ZMz-~,Check sum is K
test,T1_`\!U#nU]>cuK`Htbqk#`MRQ/6-p:H38y73lJxFSO>kd,Check sum is \
test,nZ<,Check sum is $
test,2x$dFZTC,Check sum is I
test,RK'#ueyz HwaO,Check sum is #
test,"sls2{D*w""+;6+0v?S{&N;[G.4l+]er'C4V2;0S_'f",Check sum is .
test,C$	n,Check sum is >
test,"@U`k):9_lW]A0XoGBdw&(U3fiDt~>4Hy=Gh)bN./'tp,o~V3",Check sum is T
test,",TV&ux	4T*A""'9).hyR=,oq6)@;|gsTi~D/kS",Check sum is 6
test,)'<yP*d>4eUW[C~Yaiz@D| 2{'|m,Check sum is \
test,"4d3MX?Pih'05_Z4vYt:8osS+3""k0B.K4vVRznh2I",Check sum is F
test,"z%|tEqmN
wdTyT;cTOS%1",Check sum is P
test,"Jn|'OH.vZzC1ZPgo#;3/K
PQbdeS""o9w	q(Cb	4'@",Check sum is ^
test,"+~h)~-P!OQ1v2@=w*._dNw,1^m7Cz[EwHRy:QrZvI",Check sum is _
test,"}jk!sLc7M`L,-Tb1""S{L}*#s
}
n{?+Z_tl}t
	",Check sum is _
test,lEsZ)>;{NW)|AT[,Check sum is 5
test,"m6ucaz3Ynw0H+?:
fKSkBBNl	w'<[5<(>",Check sum is O
test,"`7(;/tezmWW^L""1$V""ZlL","Check sum is """
test,FN>3jvf0cDenFA{5l%.]*HsTCMms5z$EI<3%bZ?;&8+oH@,Check sum is <
test,",@8M-%9:nZIu Vy@C~qI[",Check sum is !
test,;&kO-ro0[E,Check sum is Y
test,~}KIM9i]3($*=gYJs|+xhrmKc;apHCYEz_`;p`,Check sum is +
test,"j
jQ>5|2\[6t,AP?ioF[<:T",Check sum is P
test,"+cy[x#iu""#8~",Check sum is 6
test,+Q7[8%L,Check sum is W
test,@|N9V7&rx /H-DsbZP77. ,Check sum is C
test,"L/:
mLc[~s1""t;:m8H>h!^ `/n;j<	4TQl",Check sum is !
test,"C`r?%UIk\x}q7[+X"">S@Fq\=nIItr_{:/S&]W>lL",Check sum is H
test,"*D)'u
fdT7PYl!MJb{+e4G[!r\u",Check sum is &
test,"5Q3;EBu'_Q%HVZ3%""M7f7i I_",Check sum is P
test,"0Qg>Gs<}5t.n.Q'@i|P&MG2N3!2C oUCtzam>)d,v^uDu>{,",Check sum is ]
test,"x""|~|Tb/c_",Check sum is W
test,mv69WM=jXYB],Check sum is M
test,JAI%x*azpRSX9,Check sum is <
test,"]HwmTD<vz>v{zdy@=8	9ZVz*es} YgY!Oa+#uoc,U?",Check sum is 2
test,"y>/iT0,?vm++o\3Z?@WO~yhh/)We5I^g\poPi{f%","Check sum is ,"
test,"hK>1*AYnB{zQS5Th3:guuA+,+T@/X:@Am)!)qqW*pM",Check sum is W
test,"TvbZ.s\3i""w(R4JhN@k[H9b$fAV8",Check sum is H
test,_n/wWm?Nc-,Check sum is 4
test,aJ15g?)r+T4i^X4&v9sr3Gf9.jYz@{@,Check sum is 1
test,"$79#,~0zw]67J`\AW&f34pWn qbSt(B",Check sum is V
test,Z#1Mazj39D\-rS.hM}K5*4fl,Check sum is .
test,]khi+/ ,Check sum is 3
test,",]q[=-lz94r
jB:gu{#G\y0>(S)M*N*kOch 7z8!xon+ntDh",Check sum is (
test,(l0}`1L	v~JN3_uL'Z$loG*&,Check sum is =
test,Iks[kA7V_[IV``@&/hY}T	=Z,Check sum is ;
test,dBFMB5R?7,Check sum is X
test,"WP,+=0XS]	!Ab,HjpJ%Q0B""Z'kgL}`66[::$h:T",Check sum is S
test,"=DK/2XDbq$Mw,M+;{Bvn&@3`Nv|yl:HMY.L^""v&l^o""U",Check sum is 0
test,"	w~x6%q3^fN[
kn*;;Ie%w*",Check sum is 9
test,"12!\qK&-2fRWEh
.e&cl%^;ud{
""0rX$?e m3(IljM{X?K$qG!",Check sum is =
test,.Q(h{Tw)JuwM3bSz]5e42us@-e|($%0UL	&xy\CE]Lej*E,Check sum is C
test,"#6Kf>mq&^@
srO",Check sum is H
test,"eX04DOSGUY1=%5|6ux;X-FONtL42iq!.jJW,i9KjH,A5",Check sum is -
test,v[aV.a)@4Kjcy,Check sum is %
test,e@e,Check sum is *
test,"54e'J&.(wA *""f+d`IXF/V~g]P)h$^8VQ",Check sum is D
test,de4	bz{NR{GRa$,Check sum is 6
test,";m
Xws+*M@2)Qz@$0afxEJbDTrmS.e0I-eJ(\\]Z	mTM|xkjO#",Check sum is ;
test,D4$Pn1N/,Check sum is (
test,"Rdc
`Q_/cL4u>qv<(jcp0&o5",Check sum is Z
test,"KpPi0['TFtk	ZYH>""&lVT<LR",Check sum is 9
test,"<=a+H'P;o>K:t|#<$1ab8f
y(,n<]UC1 6qj`
+",Check sum is C
test,"s,Ex?U(,a""DFv32j^S",Check sum is '
test,">) Lu;Xv.$Ckb,p.O:-c""XGvmZgH",Check sum is #
test,M)3=]E,Check sum is (
test,%IMRHM~-Ad]U[On'M*Q,Check sum is K
test,+GTym6( J(1A@PM<t26&mE4r9d{obF	n90),Check sum is Y
test,"TO-|BzH|5?%""O0s1m?07skQ@:kD|d;{)@*ftX>MY{osXK",Check sum is 4
test,"1n@?~i.o/}FhEp_7A{#?qBz-xm]Jk
faHc63:-?~o",Check sum is N
test,"$-{
""x&n{5_?!""i/@\#tg1Ztg:!iAmqr0zEZi""[OQY>*B{xg",Check sum is N
test,"DZ]< [y=EqPn@TOF0Q2Sjivi[oe\udolL?z:p""B,z*I}l\]",Check sum is *
test,"6B6]tF&g%Y:7JH}~)M.l}K@/`G` SOV{0AU],*@xE1^w>e",Check sum is .
test,"X]"" Nm)bU*!&QIxGJLXcz",Check sum is G
test,5#uya4_{X6Q,Check sum is 4
test,"L""+yfpT5durG
B2I0z'9N]Urt{3<`Aux0M~Qu0stVcUFQ1",Check sum is @
test,O_et2)~V81.{$v?%Z<u0EQF/[_,Check sum is &
test,:5W#',Check sum is 0
test,"oC;2:UB`!6i#S2G2% N P
 }h&1qVk]",Check sum is I
test,"xSEIK$KAiMO$BQ~BkH	r_Dr<`4\jk""lj#~ P=be)?v",Check sum is _
test,"4(lFbb,K	lCXwz!=;(e4nN""~.b'	?e=9eX",Check sum is 7
test,PK	StJ/I4~4j,Check sum is ]
test,6ts&+r!@k,Check sum is L
test,"""[4]xy2V
1g<M	y3dlLs-3'>-x,BS6qf9'Z/*6b)xQk",Check sum is V
test,"F&
l-k1-xGa	m~o#",Check sum is ^
test,/-Fl_ a	r^#)s&08q]oc;h,Check sum is 7
test,pA{uf,Check sum is '
test,",qBC}U.\sy;VVji^RXe:Af
*Qs;	yR<s5F&&",Check sum is O
test,"M>&_fv	P""uYFk",Check sum is F
test,tJ@G+<o9()h9mAurB,Check sum is =
test,"EH $;lCc=:)35^I7kz,aLL|
s,s/_p",Check sum is D
test,}4w(#D=^JXwn*;JmO?JfUr)*oVw.-Tzs,Check sum is E
test,!m!.Fd{wNIkx A,Check sum is 4
test,"lUFW\q6,#uehz#od3LD02*SO89,<z@vFtU!F:Oo",Check sum is *
test,8*e&XfQDC5X/m4qlR~>BHHo1GL,Check sum is 0
test,"KzDJoC	XQe3#R\)Y)z/{:_,!""V:@)V{OWAcg_2B|N",Check sum is /
test,"/""Ck)2G_Xa",Check sum is Y
test,"{Pb-BASX""""6h%r,m+xIV~gJ^""+$9_?+",Check sum is <
test,"`IHv Xy\UVdjQlb.b;zHS]3Xd/ Dn\]dw`)l
m",Check sum is Y
test,$z/Y,Check sum is F
test,8OicYH3vT+5 hz| S[TkH\ZuQbHzq440Q c@OW?OWzqH@,Check sum is ?
test,yW(F|s@1F,Check sum is D
test,f4_&c-GQPG,Check sum is >
test,"K;*p""\?MJwRS<E?fh,""z",Check sum is F
test,{qMhPI9P0x Pv)Ci69%{rpTiIvc,Check sum is V
test,(BsI9Hn\b:][sE(|PM_O=[j:)$u$sZ d@T1vdULXi,Check sum is @
test,"h?SsK""6[(@$gXu",Check sum is K
test,"9hWwQ~_<WhPJ`Q<{N&1[C
VFgoFPvvlvam+~`Yc4Z",Check sum is >
test,"AlMk9?Y5w;iG9FyyN`"")b#|N{(:788oi.;w@BI~9 D",Check sum is H
test,"[d
p!{(7DNAwE^Zdb_""6Ygek=\h<bO0-QlDw[]LMwrb",Check sum is G
test,"(<F~P=AUqS~n&vs2SC2Uj
MV9B~*X,Awmge{ZFTC[w3L&""w",Check sum is *
test,"gXSE!T``J)f,j9N3`dNQ8F\SDYp(fu}MXk97q]V!Y!OYY",Check sum is 2
test,"t`8gU p<PozX*""",Check sum is Q
test,">7X@,ZhKM04.L8uH=@mjFsTpdj: N9m}z~Y_b5ni.r""pe",Check sum is %
test,"""SZ#",Check sum is R
test,"K9K;-x8&
ao$ KyJ|n%K
)g@Qv1.^cXrs{bvy(",Check sum is %
test,]mms m1wxa_`+'()0@,Check sum is *
test,"LswrWvu{):A}^oQypC<,",Check sum is X
test,$<:)7hBxx4z>zlf_&vdB71zl<e8UI^xCM%@-6^h[~g\sU1_=;W,Check sum is I
test,^C,Check sum is A
test,"@Ai^/KI-;!Vpf5gXssi0o]`vj<-$a\mo@{z+SGl""g/kF:Jk5ZX",Check sum is *
test,Az>QP*{Hj&~b=@bot=F\@LUa2R]v\k+\eS5lq(YZRcs$WSA,Check sum is ;
test,{hMkfcJaFa/K{!hvT:P[Z,Check sum is ]
test,t6,Check sum is J
test,d/CMf~|!yPyhD+&;e'.%g1HqqKy.G:+Hwo!~@jkr3xcC^?,Check sum is ?
test,pN$	SyC^Yn	2Mb8$8sg@?^B$,Check sum is Z
test,8]vw2`,Check sum is 4
test,Nax3GfyPkB{^(g{_,Check sum is _
test,"W_lr(0wd3rO8KelKAOvk	xq>l2Q~g4""Km-X#@K@l+(b4K$E|",Check sum is 5
test,"SD[>2S;UiIsygBQ}w##>NMj-,""Bau!BWX2iXJrp4N(2\zm	F","Check sum is ,"
test,"<,#",Check sum is +
test,Dm61;l O*9AQSB1VR/+bP'* m3.5p8<>hM&,Check sum is .
test,"'&$@'3Bdr
t5.BXSRA\LYk,Bg1_e#M0V;",Check sum is K
test,_5baQ%HE'V[u,Check sum is G
test,"D3q
PqE/$_$RmH]
Pe8S_~U?#d",Check sum is T
test,v'(xqP./,Check sum is ;
test,Lt(%NQZmdw:96j^ey`fTdN,Check sum is I
test,bQLI)BE}\l5>r]B&owA[Giu;QJI&R,Check sum is E
test,"!XxG
gx`S+$)PFq';f S5"" 2$#7i2x$4=f.]h",Check sum is V
test,1oO {LB&#h]YR92(,Check sum is D
test," GN-Q)wxUM4t0WB5nJJp(^W(0,9h7\",Check sum is :
test,"VfUfKe2YF5'jb:O$F^}u
N_
` \yzWn7('AJo&?V$",Check sum is 7
test,Kyi7B@x&?knP<P]0<c*4),Check sum is K
test,L%;$M$j:cKBOlI:*	O@S,Check sum is H
test,JA^>]}TobN}}s9l{ZyZ3L9T:gmEEq#lR<6.ZJJ%gAc</,Check sum is -
test,@Bgv.x?$o\L1/0=rUN13A{&,Check sum is G
test,"wft
J;mA}",Check sum is +
test,FN(r)TSIC`c&/bvKn`*6BROdoG,Check sum is P
test,"ZhM>'wJ[6woKcK6@ Tkq9,UVixYTt/7?x+L#!uieeDn",Check sum is O
test,{K@vP+vejC;O@Tv1-e5e,Check sum is P
test,P}:J&pNvLUvhJKa)M^a[em` c,Check sum is E
test,va!X'a~Y[Joi]-u^~h}:.u^$	\[BZ,Check sum is G
test,"""wr{	\5)TGFmHD*|'2a#?}[P",Check sum is -
test,"SU7U(g!QT?,L KeL",Check sum is <
test,=q`}A8w((S,Check sum is >
test,"\n-|Zr5sj~z{^LB~`c\L4yq0*N},:3""IH2*A8gy> Jw:;r*
Ei",Check sum is %
test,"LM1o'OX6,5G8G(y""I&u;-6yV!eVdm{y!W`|Iky",Check sum is :
test,"J1
[#C#Qy%Q?inx2u3y.Xl
Rs",Check sum is +
test,"m*aBI? MI{>Ob""WJcJg.GUQ6u(EgJ%z",Check sum is \
test,/6U?{o[{e8a^XkUb1~rHspCz8_ZO+6YEbKM,Check sum is 1
test,"zDR,
`hG",Check sum is 5
test,r(Wr0!:	HtNl=H'tj93<as],Check sum is 0
test,d[iA_Iu'N5sP	tUY%,Check sum is #
test,"IluYb<T5\rz$)qg^ }Dcy9o<,-~g^z lWz1Ks/rPhK,1@]l0`",Check sum is 2
test,"Oi@G#ZwBfn}qF;js).@^Eu8.,oQQN5'9f^m;%FhiR",Check sum is $
test,")mh+T-3{0kp!jl
OH	ON/R6$rj@+eK^QL7!&
",Check sum is V
test,gnB|<{hO<f<dqt3j/VpOV0q,Check sum is  
test,"q@}]CqdIori^HHe72"".$~X",Check sum is \
test,&]]c0%m?zGdUA~MX})3Bo)x.LMkd/BKv*kj:ZV?XzV2|& _,Check sum is X
test,3lk A.tQK-<E<uvP',Check sum is U
test,RP^swQ[99,Check sum is (
test,"7m^]&=
K`oSPffV",Check sum is K
test,"/dQ8*D)P`?\}sO""|Ju/",Check sum is )
test,%;g	*chur2SmH/4<:rAnbF*4mOz.M LD,Check sum is '
test,'r&uU=`zRS_<mCZP!j2>47TDRH=;>JcK%1?b9{76,Check sum is 8
test,_/}4 #}\n^0m1m=EpTf}U`1f,Check sum is 7
test,08Y}(KDuhMV=EN^vzN/,Check sum is 0
test,ieR9Ti5P1F#t:|q;kh1+@'`@~fO2bl I:8h8BK.	*=TZ,Check sum is (
test,~Z@;RL$nf-9`Cd}bj$f^-U,Check sum is )
test,"FNCYa&3w]paDYvOnJoQI ?az{XD#R""z.&IB#ZJk",Check sum is E
test,%O1NW/A,Check sum is Z
test,dN^f2mlgod.z9<sp+X3\Z>#/ISNH*/\;S}9oA_`IqLU~)277_,Check sum is 2
test,W)PefsCS]1z1SHJ ~hNlniR,Check sum is K
test,"u
`@?\w{Mo;sN$4",Check sum is \
test,"v'}cy=s
Fcb_AoV	HP/
@Sa#33Kx$as52j(+y
le:-yP*+P@6r",Check sum is G
test,"Zm}Mx""-\Mb",Check sum is C
test,"?}e4!\sh)*2h0~0$W\BP	|^'m,xY.11A}+u{=",Check sum is [
test,"@LY?%omDw*gdUb/f|wSlnUC2br?5A24^],CF*
",Check sum is >
test,"QSGl/p=U.%Lfe[q
",Check sum is (
test,"^R1);]2/z,b.dml]CYw(W@6?W9F]yv9mkS1UD",Check sum is J
test,AJ,Check sum is +
test,"tdce)+*UbXZa  AG

VW1F+kVnxKO/E,(isX""[3,
a}{d')d$`",Check sum is K
test,"DfThp%[.""6u3fnnqd]{eX&z@>aY#2Cly Q)(Jzmk#]0k^eM)qk",Check sum is 3
test,"D! So3P3vB=]shRBXj	-	Do (T,utM",Check sum is P
test,KNz;@,Check sum is .
test,#:RRYcxs,Check sum is H
test,4[q_}ogQ7WNJ&mC44L'43nL;~?Gv3zx>,Check sum is 3
test,"j9Ip=0Kyr)OX7Tl[?Nbmd?[rQ8VIsn>$B
E}TD> 8Yi4",Check sum is *
test,tm!3K:tfbXa1\OWVO`Pd7+,Check sum is ]
test,"a'v}0h.^`Wfou6G>:E/wyb:9Cy Zu%o 
] <=X$[5L9#$oBMO",Check sum is 2
test,#Q.,Check sum is B
test,"S[y@ridgKOtB:t;JCOSpc{Z)f<m
-lMR._^""z]^Eo\c1",Check sum is ]
test,"{}qBym#xpN{9w?X9Ucw6pJ>#7m0vi,rn_ ""kPU8""5CG|loXW/3",Check sum is 6
test,">QpU	J6xoB=5Vq?dy R]m$V~9x2[Y duyf#`x,<-}",Check sum is +
test,"_+:n|5xQ]@W.F5>FP""=C",Check sum is _
test,5xk5REY.NB@226`jJS}l)<,Check sum is *
test,"`&KGU:3$SV5 ""FICCPDc~'r82.%	P",Check sum is 7
test,"K6tFD5|#[L2N|,l5#Z 2\:N4",Check sum is J
test,%q90VE,Check sum is :
test,",Q[
	/jn",Check sum is R
test,"P""<	@4Gkx&|c8qz:a/fe!\LvjH.)]B(",Check sum is A
test,()k\X E=\^-Y	~3Pq\3!wo?t.# -J).^>\iU4,Check sum is _
test,>T~#vfGVc`2;`l#qD]]MD?XW4C(,Check sum is 8
test,u'1d9#.b& k04VkWy#8m}n018&.Nwr,Check sum is :
test,"^byaPU@-LVIT#5ibbe$5yIm(h,79hwl",Check sum is 4
test,PRpp?s<fDDdtx\Nk>Ti\,Check sum is :
test,"|^H{9V}8'szI>B8DRT[b
sd==B,@A=|5`=t",Check sum is F
test,KPPhoX$< ro}9'fA5il]lBCEIP=oT F{=:9,Check sum is &
test,"""))yg#",Check sum is W
test,!Ff&AhUeziw6mj3byP'	-!yGU(C`CEwYhV	TO*${,Check sum is $
test,"W""1'>blt09FB[CuAq G/",Check sum is =
test,"+lUt=wYw3:<T3l,v$z\xaQ<I#",Check sum is N
test, hD-5kB5/4&NN_dS\	SOvx,Check sum is  
test,"W \
=u~H(R:oGZ$/_:B",Check sum is '
test,"cmm#g7lk:rWB#=cDb[mmU+:g*@ptODX`
U[+",Check sum is 7
test,.e!|:7)Vpag=5'c:}4(0,Check sum is 7
test,"gwE-#c,3_QNd<t\u'uQ87`#V
F:{""lOEArrD=`i$Q}B*JtT)",Check sum is \
test,o%cS41Rf1YRs[&0|7v%&6,Check sum is 1
test,"9_%,#q%lUvYM@Z9sJ`D>nq5Lkq.D",Check sum is ?
test,"wIHuDvEq?8;3Gu2z+cpD.gHTr@P_K)c5~
~>;}1~i$H",Check sum is :
test,"vC?7JP
}ic,U",Check sum is =
test,+Yo*M&.FWye),Check sum is B
test,"xP(\o!Tz|3xQb_VO301d
j;}@/R2
X [Q}",Check sum is *
test,"vV[LuuLRnRnS9wg,O3#KlUB9=Q,MhhG*3rS	\
^sZsQ1d",Check sum is >
test,)|iV Mv5,Check sum is \
test,"G\[-
`-.}L>L %~tB,",Check sum is H
test,X(}.t;4,Check sum is .
test,SxhWqjTo-mON}m1>}|d1wtNVuH*Z} ,Check sum is S
test,tRN ,Check sum is T
test,"X0X@:J3{|;\G&h{^]9/C""lqu",Check sum is /
test,"QY4gQ&ONvP6>F&zi""0t8Q",Check sum is Q
test,"4A,2|o7m.I4h6+uDk<7`9/z
O",Check sum is (
test,"Rg~}tMfwh""X|]L*Q#du",Check sum is 0
test,0^I)~X5@nn,Check sum is G
test,c]0hrsQM&O@M^a7UQ6B%i*!,Check sum is *
test,6)p@-s`kIx\-o%>Dyv,Check sum is )
test,"{rJ/a5Q4]+Sub=
:jG7X!2D^X3+Tr&",Check sum is +
test,>l9QPC'Koyn,Check sum is /
test,&{uf#T- X{(g0$C1c@/F;]&<_qdv$VD}/|?v~~s7)^Yk,Check sum is R
test,0NlTo|.^k'u4>mbZ[k9^FliD)6b])	;G/c@v+*y~pn7,Check sum is .
test," C;}UXf8&Vp
6yc}7 V7%k4?G&7z$WOrP`P&:G_Vxdy",Check sum is =
test,`'?VJU(R,Check sum is U
test,5c,Check sum is 8
test,"6YSkr?-JGVfjY""v<P-5Yk49dVm=}]/M&a|ks K[cpWWii
A&I",Check sum is @
test,o}tpWC5#Sm/>==h,Check sum is 1
test,"cc?pJ9euH_9gSAp>z$1Y}+vf> ?Q*s!I;Hgkah\1
",Check sum is Q
test,"gi*R2hi""3q|wd4Df[W}
Tf@z2kt0",Check sum is X
test,"""s&e0G>s._i;A; Fh:vE	A-~bz^",Check sum is G
test,]3$'s;B'y;[,Check sum is !
test,"*VX/BWgJ@,;@KZ)Mnwz]",Check sum is /
test,"=
+e#
xYcL01or ^NQ
O",Check sum is \
test,"#kjwWSFQ0#}k9,4J0;*|9K_Y",Check sum is ;
test,sKJ?glNwC54J]nBWhn0{,Check sum is Z
test,SwrQ'''Km8?YF>jxh-5{1em^R75Rq:[?bS,Check sum is @
test,uxt1Qd#I1E74MfD7,"Check sum is """
test,\tmxx?QD1tz{V7+,Check sum is 3
test,;Jx,Check sum is ]
test,;+eJh$B)zelA7W,Check sum is F
test,Ja@Vo)p3wbh8Rk\i[.5!_?5Zm,Check sum is P
test,".oaFCFs{""TsGZ",Check sum is %
test, WQ9o&,Check sum is 6
test,"zEFzS$Xn_=8""/;!,",Check sum is I
test,"G9v4kS+ZL|hPF}>c7Ps1`8H.]B3a,""uk9=Cmw",Check sum is (
test,"'$bU=]W\5#$v(5F@^i/Pv@?&kDL]iy@+;/""?|=W",Check sum is %
test,"=rfv+V^bMUa@/$7
:xe2""l9j wV#V%8jmk_cz!	r",Check sum is Z
test,>DsC$uEp&6ihAmdt1xl:=R,Check sum is 7
test,~r{GdA=^l%z^7&oYe	'uH~,Check sum is 0
test,|5hIqDO,Check sum is F
test,I1.^',Check sum is M
test,.{1v-\g8@#`=CUf0N)KmB\M%RJ^G,Check sum is F
test,"].mMkcM<G~EI2pG!vEqnp[""OJ-tq8q",Check sum is 4
test,;0U_)XNdy:Xk;\VdVj1i*K3,Check sum is ;
test,|	MmS `PC;V,Check sum is V
test,"1uznvu;@EA-noE	h`*)h5^T?!~*	Q3>"")",Check sum is :
test,"'m}s]E`k&45u#o_Z
*HdTLpp*#c3(Ao}w-veOak.Ld",Check sum is 0
test,"qVSL(p+-m'FfYM""nB1 HWFB2D.q`K",Check sum is &
test,Qb/=q:obTBKI.]OwAZhZQ:hI$#YL>CdlNjkjtz*,Check sum is 1
test,%[~&4qHew5`,"Check sum is """
test,"VM\H|i8OvhO4Yp^T~""o-Bn.EK:=KL&$dP4w",Check sum is P
test,p[W;urDu&tpJle_dmZx?~9rOP/Ko}.m-Vw:zPwWp,Check sum is H
test," Ou;|E6b5PlFXezJQ3f=YxgnZX5k0fO`$?'dR,o<m#hC3fk|{",Check sum is A
test,-Ma,Check sum is ;
test,qYv*VO)\,Check sum is 4
test,gc;R\[A_?`B|y-D$qS#o) u>,Check sum is K
test,;qo!wwaC_kqmO^<D&qt*i,Check sum is !
test,R](&A}kxK4!c~='>U\4x.2nm|gmc)cQyeI,Check sum is 0
test,<uAe/`Cbxdv78HKWRpGqpMlXRGQ2Kc lC|RWHqhD#m1_,Check sum is T
test,sU[.DCNL s4.2:,Check sum is 3
test,"^*1]%	{$0jB24EKd?6b
{;c.7}eTa3rrA?T;_rHTyxApWSKKH","Check sum is ,"
test,{hMR},Check sum is _
test,Y 2~#TAz`DiEzg:m,Check sum is U
test,"ne`?MtHVn'79XI\qM/! d>*^:=|XO)=H*CG%>""kkFfv""""l",Check sum is 4
test,]=<Zh	*Bw<,Check sum is  
test,r-4pxW-b#4	[py	%:3R<M&()D|~K7gl(,Check sum is M
test,"T""K7uy""^/'2o?<R%oUlrlLM;Gy\pzG)",Check sum is G
test,"gDmU~{
p[*EG3#v2osaM$O4",Check sum is F
test,"GJ#&0IMGR6+~wHk	k'9-x%+![M	w	=

/Y(a<~",Check sum is Y
test,"@;JgqoY8}J^Kz(uZ_g|}=[:
['7YsZ3:",Check sum is E
test,/@g@+>e)s[jpP[_7(TB|V#bs	}Xq=%RX.rSSZ,Check sum is Y
test, Cu,Check sum is 8
test,G1',Check sum is ?
test,"`-$D
Ssl6BmhM",Check sum is +
test,A-me\r#vu|OYM7LeX! }7jAzh],Check sum is L
test,	[$!@h5AMq^\H$	!Iv={`Ri;`q0#Rq(k:,Check sum is 6
test,",M6\pi$Hi[)}_Lg|WJ3!#%$b-&&I\l 4Ypz!WZF8p)eG=
[uy",Check sum is 1
test,vzUK?mI4M Oz3o,Check sum is 1
test,X{M~Spj)f[Z<}'xD7(u+&j'cX+`+AZf{<#k+iSFE/MX6?5T55,Check sum is &
test,"\T+LF;7}+S^
","Check sum is """
test,"Gxf`y? Ubo(TMd|,-YJz$:Hz#Fn",Check sum is 9
test,<?8`z,Check sum is -
test, ln4)7893G},Check sum is V
test,"D6&:oiXA,l+e",Check sum is S
test,U3psm]*#[SMw	L4.e^,Check sum is N
test,"""/+p%kRZWu>"";R(!hy$+}Z}q;.'WEI4W",Check sum is ?
test,Hs^L~BSU Uyh1/<9ooV[:cZ8TT,Check sum is >
test,s{	:G,Check sum is X
test,"U<""&G6Okp-u5={5$OC3\X;'mVGkQK_4K9TD""3b?:	L,J!f]=",Check sum is ?
test,YmgY}baOP?	T7>=,Check sum is S
test,"J5{v>)J~8""W_p	}rN]:#2;*dGK^",Check sum is *
test,"sZ""P<#Nx4[I]csMVn-LgYPI4z",Check sum is  
test,"}i{v\A""M*g;.5kwyc(({zXQ}X6*rzT",Check sum is S
test,=?B}6YR'cR>(@!3hq|`Nw9fkqmu4fJ,Check sum is M
test,"T'?@#A6C4j>DJ$T,dlfv",Check sum is 1
test,"K	~v,}:i7",Check sum is +
test,i&QRd!E:p+\3[i8,Check sum is <
test,"lX{EW'oB+e*$B32aG,l%'jt7U2?|4WUs|V.",Check sum is N
test,uutVSSzM1sizvU!a'6aF.0JW-MRC,Check sum is '
test,WQAJC~Fx&'V_UVpQq-b*j.V,Check sum is X
test,"5/,k.F?`|^d/m""!y	o;5%]=Dha",Check sum is 8
test,Xb%_+`%t&8al$s,Check sum is D
test,@K(|Oqji,"Check sum is """
test,"'fjZDXeNo;akn.ttjn\`vM;S,-,Ko`v^>vrtYW{{rli4",Check sum is M
test,R`JdZdqikv,Check sum is 9
test,\!MIh\rERIRzNucT,Check sum is O
test,"f[""MGf,N5NM}]T",Check sum is 5
test,"bDvEb,",Check sum is O
test,"9XkTFXJ,+;ab<?x`2)(Ed.7Pz}3",Check sum is K
test,"""jMJ}IL [{*vynD_z",Check sum is /
test,@>~%H57]#S=5S_ClI7\9fIHEz^]sBfexU.,Check sum is \
test,Du\',Check sum is \
test," LLO,q
CztG_[A",Check sum is A
test,"q(8p""	9a'ZYY06x
:U4C+mVRF{Me3~:EM94fDOtbxOR_	",Check sum is 4
test,"p:
aVTHe2@O1ne#i~'A?TD",Check sum is Z
test,*7b{4u.x&d}<bgK6_6Y%,Check sum is M
test,"_:uaTkf8K$:rXJB`yT.`5KCD3|q_AqRFbX[&0)~2$)G
V T","Check sum is """
test,]n;aw7W2p7uM)u)0,Check sum is ^
test,"
MU;$PONsM12aNINtaRs*L_-<}492s2R)6P_InTh%yTZ`'scx",Check sum is N
test,/wJ<0ADCf!*eFa;x,Check sum is 4
test,"N4E^I,vVVs{""","Check sum is ,"
test,O!@>06X#ac,Check sum is 3
test,N$-h}ha<S}?WZA(')hV&l8,Check sum is *
test,P{@)1b'#1Q/cK*2{BPGlZ%jE{r!Yu}G:_>xM~WU]gIR,Check sum is _
test,wN*Aqs:xLEOL17AEbj)75BXI.dXJM5\+H	,Check sum is R
test,"V`RK+P
YIWuy'""o5o4O#JI|\xykB""x(Qg0]gUOce[:aAJe$~^U",Check sum is ?
test,"<hgK2 X IUI+4A[;pE+wDQpveP	#uVI_6P{J%x5DXk8o#"")<v",Check sum is .
test,"c$[B'<(_|ZFsJ
l_y#""7.*-E7L-tx1n{	sC+",Check sum is ;
test,"1fNEZG	./ZgUIgL5v(c%09_Ib;[H?E3IsILC#gS""h0]jJ^i\8",Check sum is ]
test,"3U>[ooaTVF+dJRZ^%=>fHlX9YC
h","Check sum is ,"
test,"Yla+s4v1+""",Check sum is L
test,5S%YWB0c~-UOudbdv,Check sum is 6
test,"$xmM0_""4!P=wl%FofA##mil=^i%xH@K3^""	xUrNj?'tj+o^>`",Check sum is 6
test,dW]3o>cSkwgN(f_}u,Check sum is D
test,#\4U0,Check sum is X
test,yD*h-bPCu4fq,Check sum is Q
test,"R:gVT#]
RxpD9k?WoHr8J|cB&$:':",Check sum is 0
test,"-=Pb)b-
ES+28""uwC??",Check sum is :
test,.z 5&V%p,Check sum is .
test,dq]|17`pEGf<,Check sum is 4
test,",+AY",Check sum is Q
test,"'DFpy'
X}d|;f!}y@aW",Check sum is P
test,O=_-l,Check sum is $
test,9B},Check sum is X
test,*/4P17F.33vag!}}?<L&zETGJM(/GMnxOVAF.l,Check sum is M
test,-qH;py_8	B!$Al.Mq63}@M3cu,Check sum is (
test,y9DUb[b;,Check sum is E
test,h){O9hdZUR Eg6$z5CSYC4>9l|kb]~m2eR,Check sum is Y
test,"/xgd!]""{Ynm}cBG",Check sum is J
test,-0f@}	Ub60Ysfc0k8%Z|7D,Check sum is $
test,zgoOYiZeb,"Check sum is """
test,!q,Check sum is 2
test,"x1Vur<dD	9}G%0?pvLc#,i FJxD	$0;YHJvY^9zi",Check sum is I
test,#-pz8/b_ZCGkO}p{: RWN4nIUT{,Check sum is (
test,Xipy&<QLc,"Check sum is ,"
test,"-5mJY\,;&j{^Onu:U87'Z-Jxc",Check sum is A
test,]bGW9@b_IYT]6g6mU>,Check sum is ]
test,s_JoRIg_UTIdVd2_2PxFBHo,Check sum is &
test,~{ ,Check sum is 9
test,"a8N+'.iH/i~};j#""^PIvsQ ::Bx;EH]SO+",Check sum is &
test,mPqs_Sp<)om\GTjPN#,Check sum is F
test,%`.dV[T)h-oAm{*PPP*Lsd!U<)Ieqk;#z,Check sum is 6
test,"LsA 6Ybq@94""ht_a}50@'dt$
eDS~hY(R@])IKQ#g6F62",Check sum is *
test,"l,Xxc /3_>_LR)VJ",Check sum is P
test,"%C/5W!vtrdY-HIZ@:bPX@""%>,$;<GH	hLn&:IT)	*+[",Check sum is >
test,G4Vc,Check sum is T
test,"#""1\nW}WqgL%9""""J^T=[LBss9f&UqKBP3
D7h\(^JXUyh",Check sum is [
test,MC>>\k:QTT?j\,Check sum is +
test,"H89E8CW\Mpc\/vqJ	mCS""+'4",Check sum is \
test,"""-jW]uI,K^Y+
5",Check sum is #
test,Mt\bsLw):@uI,Check sum is 6
test,'qps/']kbg39<)SE0f.l1<.hxK	,Check sum is *
test,AY|%uW[Ru*]cx%JWp.b*MgUCI%@7e(Y'<m&Ti+8Iw?|&5,Check sum is ^
test,"
p&V,>ua0lCM.(?elrbX#",Check sum is 7
test,"duMvCqJFW_'wmf]""duUCq2:2(k^yTjM](""3;""M(",Check sum is G
test,aA4iWa	J;[3(d[>@Or[b;_gxO%,Check sum is C
test,&p/	O,Check sum is =
test,"`H
CfGx7*OneSy6gn51$""cb!WQfV""t@",Check sum is  
test,?$z#^6<WM(y|LL<OUZ%M,Check sum is 5
test,JPH_-z,Check sum is H
test,"Kv{u
4#O5S!PQ@",Check sum is K
test,p}HW,"Check sum is ,"
test,"F\Fh,3s13Q<co,@-k0e{1s	vVF$	""U-HeG.rSO1",Check sum is P
test,"54[
bu=Emf*zPR:ku%CvI)?xj	,v9$)Y8/Mlu",Check sum is J
test,"d_xOiBxHwhu2b)Ko!zx+RGHd]dVZ.f=rQ`LMW"" FVq3",Check sum is :
test,"
B\*|wbP\39kMI19kg(DHjt~","Check sum is ,"
test,S&5E4CH+NoGN6*&Pn4|k!u,Check sum is D
test,\}O&O`9(t64{O=)9Zo>@qzey60-1e,Check sum is >
test,"'YF	Di)GXJm^:Y+^1
`_!1B{%k\:/5zU$&AuhULBf?JWu""irYm",Check sum is @
test,"rhs,Po-08",Check sum is -
test,"{[Z<)xYc@0<5^)!s;93
xvCyF5)cf
sm~}f#?%n",Check sum is -
test,"	lsT
ilvQwVY(/&W\l+7Iu.1$v",Check sum is ]
test,)D}U<uT+elzt<M#^}{bmzj,Check sum is C
test,y<e ?YJfWwS-+w/z c;{3N0xvAE+,Check sum is D
test,98X_HSh~( U'so9S{$fHz[569cRIb-	,Check sum is W
test,i{`!,Check sum is E
test,V.F)eQsX(),Check sum is %
test,Zlk(}b'Pp	c\Qi+,"Check sum is ,"
test,"*bpM3`z[
%.?v/B1v,~ JpF`A-{xJm[zAho;4n <j&6",Check sum is )
test,",*lJnY&s`Ys79+,r<~jHT
ZHS`|Mi#KNAYTx",Check sum is $
test, VSj>00frVJ.}'D_%P1KKAb2^p#tp\>iwk0de\`n(,Check sum is 4
test,x]l{24=ul4PYs>,Check sum is .
test,"cfG?`Qa,$`kqJZ`*OJG",Check sum is [
test,"1_u*L$d{OxEo', x@bq_AcJSVTIH{jRL0rvH$S7",Check sum is C
test,L+$Wwyk?,"Check sum is ,"
test,SJOs7z4$6+q9	?g&?\YLZHZm5Ks%,Check sum is )
test,"Hm@6IBv8H sW3[O3{LmK=\+sCE/<:<Pe#9f""4]U+%F",Check sum is :
test,/3Pfs,Check sum is +
test,*E*&C_yr[{`t}}.XgdPUHO+%WQ$|CF,Check sum is >
test,"QYcw@:/M!J""8Ev=Hx5b4X4(Dt!sTW#|$k?75r3:?&",Check sum is *
test,"iaP]SVg`w*(i*iv#hK'tW-F[Gg+ds4Ohpfas+;M_hl5H},l",Check sum is U
test,5	h*#2[ZZ6RP8)@;8>TAUT+BoylNPoa,Check sum is +
test,=QkHK_{T;7%o`=WWL(p],"Check sum is ,"
test,"D	L\fFsa
FB'vZ)""$YAAH.`;0zm_qmp<\k^f",Check sum is D
test,"$1pGWT*n
<h
 ",Check sum is G
test,"s8+x<u,v+!\6Ke,.>9B|GD!o
\a:,CY}L""$vEa2w48fvzZ4m",Check sum is S
test,E(9Tt<(w'4i-oP,Check sum is Y
test,"`6vZY""} 5a",Check sum is 4
test,ey\3)TS2KT4KG<cZUYVitF0%n'y6or,Check sum is N
test,"?!J'iQ(K{T<'	kt^L=?n!b@HYk>:K>B@0&V,z7""C(|}tS_c~l",Check sum is  
test,W]Pz53EzS6C,Check sum is Q
test,\IsF	^:[/};]{H]$`8*{f,Check sum is %
test,"8hDSIDfw$;ES^e<APF6Y|;7\9oE!TN!5""9JxCIf
5wh",Check sum is Z
test,"j\hnt\TAoRcpYLDrJg3t""5] 3e=R9<pKu?,2n] gb)?q=:QDG",Check sum is E
test,tibW>r'Hdij,Check sum is L
test,"#[`d~r{T*FkU,SkaTnZ/K""3]`?Ib#`6L<=:'rgb0!iIUB","Check sum is """
test,",#Bd5l ?9;i7.%7%ex<q<gY'r(Q<zo",Check sum is U
test,"4/I#EH_`-eFzV
zu%86R'7KW!Hpecp8?%VOlu1[	A59c_W T",Check sum is E
test,"""?!k3_s}<)n=*![5O%pq}5
L&rSE'ruu",Check sum is J
test,zL]Cj):8Z f;<]134iSWiI,Check sum is \
test,A8x2Z(X`4E,Check sum is 6
test,paN8pa.y(Vqc*Z76~1j,Check sum is K
test,"""f)Z\;$)
#8;KngP0`HA29m%G`nnrRNg-",Check sum is ^
test,":%U[A+,ii%	HM57Q8nSh<z&nv}|bU\=_Y2{",Check sum is (
test,\#sqsx:/zm	l!g;QdRW~8o,Check sum is 9
test,\mj%YfUSSo~u9y3y*=\$Gmi5k\|tLO~'B~n,Check sum is P
test,eKZeh$07,Check sum is B
test,Pz[[	rW+FEJbW,Check sum is +
test,\oMwuk^;=Km7E+X'NqLxC/\ZFl]hF0!y,Check sum is 5
test,"@<]]XD>JKyWEt(r
XA*/",Check sum is $
test,.fL0#i}Y(quA@u0O}vg1PyF(I.XJK4o{,Check sum is Y
test,>6>bOKzN)J;G4I*Do33jA\V|?DWH,Check sum is F
test,"iCF_03f{QOPwK:\Au^)vemPDP]""cjBp{%(","Check sum is ,"
test,(3)zoHd=ftx|~0^*tMyE)Lp	F@_/=xfE7h:b`?\,Check sum is Q
test,"?2,\x~s<2",Check sum is 0
test,"_.zV|U
`;.I""s000[N7r+7a*r/&(c1yR[0",Check sum is '
test,"!-)SdFchN32s96J>""Wsv$""E^Y;IL{(wC!GmJ:	2xof)~25",Check sum is <
test,RH;VBfp,Check sum is #
test,"x<,9dOL@M	pd|w${d""r\9DNx<zi7HGq/wkRlEOAe['e",Check sum is Q
test,UmQ*[3 v#1!hoBt\,Check sum is _
test,"""wLSdmeW)5VSJA!~%K|4b,|-]{$g%M~QOdjMs",Check sum is .
test,/Vm\3\-/H	HLg,Check sum is %
test,*w,Check sum is A
test,~.!AU,Check sum is C
test,U;DVUHiL!m]VH1(.^O,Check sum is Y
test,"@""y[Mar19Nt.YbJ>9Osd['=><u^
8",Check sum is @
test,=S^,Check sum is N
test,|SdF_Rc(]:i(lI:9y Jm@A})3Ett0W7;}hc,Check sum is =
test,v{G,Check sum is X
test,"""0j",Check sum is \
test,H|4^xE$qa{hy&vP?jkO#-=R|j,Check sum is Y
test,wJ'rM(*,Check sum is Y
test,")5dQjL]!M8': ""-x.g+REi 5BB",Check sum is M
test,Qff!TyBL,Check sum is 9
test,B*7?F7%'u84KpALz#IJ/9Os<D(	L#	[C<lh(baHAhd0duo_u$,Check sum is U
test,LaKb,Check sum is :
test,"'fbe%1`,~vcUaK%J$a%fGs;926j""9NGwC_dK3i,1,C;hV",Check sum is F
test,	o}VCYk#p~X 	WcZiEX,Check sum is ^
test,\4]WgPIp,Check sum is T
test,OuPYI+|N(atCNQ7|`5p}ubve,Check sum is Q
test,X!QB.GG}aSrOnvBnAR.GwUz,Check sum is <
test,"ps8,Zo]7)5VObmllV#yZV8l0J]2 pS]UGo",Check sum is H
test,2]chBD6F!v}'@dQ Nu,Check sum is O
test,"
6LQ)I'z.u]",Check sum is P
test,\-;AF&?&T6%]Nc/:H-	R*@ast	VKl%+B8>0LQqp|be,Check sum is -
test,=[:43);COou,Check sum is 3
test,b<[;3xC'&P6?VZW?_Wk25,"Check sum is """
test,.:qu(x$uq4,Check sum is L
test,"b@@0B	_@-j(\J88I8/Xp;6r*M&	,&",Check sum is D
test,vP*FQ/5mFhd^Cm,Check sum is X
test,",`;:}N784bC]Rajg4b&{:-:/ R-Lp0rQK",Check sum is 5
test,">?}3WrLEFz8T
r
1KccnqmTK
?XbIKd:xk",Check sum is >
test,ZPWkou?[,Check sum is J
test,"l:!YxAu{\~[Sz,N",Check sum is %
test,"Y	MH&(rvG)Ig""6Kz?a}}	JLm8_w	I#@uxk""+_5=~R_kc>",Check sum is $
test,"f#N
Sy1
>W",Check sum is ]
test,"+Rx%YJz4{[hX ?(,LTb-i#~o_@Om_I>Fuvcl+,3Jh'Ct",Check sum is W
test,^5WLPEZg+d>G2PzxzXFD\iT;pP63\#,Check sum is L
test,"t<y
m$[DmbSu: za&0[",Check sum is @
test,"IS?m:}[ <0(MWq&b]*;QGG;Q
8`dC@SNeH8X:p>V",Check sum is ]
test,LFmF~qnm,Check sum is /
test,".&sDt:EnL0L.8yzUqbSj0i8r>""^	BwPf`ir>L~3X:",Check sum is S
test,C!4]Vc_1@?@zD,Check sum is [
test,St`{|6?E_`v,Check sum is -
test,RFQGtq4` (0G,Check sum is H
test,+`Y{#.[xwX!a 20RqG,Check sum is @
test,"L[/C%,_nPfkm4 z{Xtd;B",Check sum is [
test,"8
?il P~	R$09R<nsfF)7~z(W""p$
OTWdK",Check sum is '
test,"*YlL)m!85cRuL.rBh['74	""-+>G.FFo{|~kONVF'+}OnF'",Check sum is /
test,"AP<tag	pR:!hN:zS6""QPy<u'sL	d6	",Check sum is A
test,"fyXeR7)v<uZ@s[$]\G\z4XzkD1MDov""08??kt",Check sum is :
test,"@/<0Hik""??I	8 9${.H}P<gch/dvE%jGx/4Jv
e nD",Check sum is *
test,"V849v""\gT;!jY.DH|HN",Check sum is 5
test,ofT1nRwvY{9Ul7IpWyJGpxSA,Check sum is B
test,"i+x{""{1#Lpy	E~Eo_{{PsL7/go6pvO",Check sum is X
test,?3f;uYB:i[O.a=VHH@5-.ktSAp-D:>,Check sum is ^
test,"TSt^:.h~/!4x_q9
Z}N[Bk",Check sum is #
test,"tr""1KVyAUW0I#L'?G|-jd}v.6XHA__Q^.",Check sum is ?
test,X0Ryz]L$RQf:|AaO^b{	ry,Check sum is Y
test,"H""
u,XlQ@,a5#
ui!V|$o=N!dR4s>Q2E;mPF9C4^haOdGn'",Check sum is P
test,"|UA|""Do1C#0L;HvguZ",Check sum is E
test,k#SPPqLA+j	>.,Check sum is )
test,w_Ffm,Check sum is O
test,yo|P^<S,Check sum is A
test,cX=:>w)M1%,Check sum is S
test,"kwE
H[2>2`q{n+K})~q8@)xO:zi)#V
Kg_]jw[\ >vwC)",Check sum is I
test,56v-zX3dNrv;NibX4ZgCzQs84#~,Check sum is <
test,"L2!_p_F,H8|5GwTqs6&zm	o2o+B3\8D^{gArAoSwa",Check sum is (
test,"a J].p_y""]\[i",Check sum is ]
test,1>)dCrXUzb,Check sum is Z
test,"n(T
Ol&J`j",Check sum is I
test,"NU'ACS~n8-,9%qoRKLx)",Check sum is F
test,S?z)vTfDvQz sSRZ02>,Check sum is <
test,yZru/e+w]KHP,Check sum is P
test,;j=wk1i+~N7=9[@{N2,Check sum is 8
test,",l`&?8;UZqYuhrD9{=OU
np]SZ",Check sum is C
test,"(J,I""JT&Xs`)ZU7T&w?\W2W|?\og46`|Ox/^UZN!DcgFl",Check sum is 8
test,X@B[=R}j!(=E@ZG(I,Check sum is (
test,"@w`0M
6yv""i96BKmoca#BPfz-{zuG\|hVT'D /0q0TK",Check sum is Q
test,-nFSsBcd{^IDDG+V=@+b+oYkcIt*#	Bf8zCuMk`B,Check sum is L
test,*uUF:H{g`dD&W;X5,Check sum is K
test,H*JFmV3^qmOL)fZKV!J'=!h)k|E+5):FJw*$DLYMu3l2slDX,Check sum is 5
test,V\L0XE	uz'X:,Check sum is \
test,"|EZL""$!Pd*V 	K{Xz!qOr,gQsNDU9 ^I#Y@,",Check sum is \
test,"
)A9hryO~kvWFb7Y!.JQ0[x%Vl}&RO8E6!{'",Check sum is +
test,xu<@Fbe8[k?UeI7x)OhI#fr#8,Check sum is D
test,"RXFVrbECqLqBZi'{-4'UvOYJ>h0e;tOfe
?tkZK5,R",Check sum is  
test,Q#C;c=uj0SFqM~i1vi%qEd.=P,Check sum is I
test,"A#*uylolKt8%8D*XO=}56V7FEzCj@|)P	0,upl]Vf1a",Check sum is F
test,I37n|,Check sum is =
test,"""wSP6)ymc",Check sum is D
test,?]ra^EA	tC;-k1u{:P[?OE{A.uO,Check sum is M
test,I:GX9[iKW!7{#,Check sum is W
test,"W$(B?>}s=Y,Hg}/V^?%>vr",Check sum is M
test,"'3lr-
.%=]pb/",Check sum is =
test,GpwOn\shu}I.e:#W;N	IyaL`&!n/VE+7Kv^ZUNk=c=m!JgO$9d,Check sum is 9
test,")N7.BKga'(a[v8  @G1Jf6:plL-DuSCZc}w`,s/%p'(",Check sum is I
test,;_3:&G,Check sum is T
test,"oIl
>PR~D.J`Nbz6-[H!;zc	Iz",Check sum is =
test,nUp05,Check sum is 8
test,"K)f8L4Jc%~[""{pH",Check sum is 2
test,"aNWUT]SH^LI,#",Check sum is I
test,"dT7""z||lS&ZzH(F*MBqTi^%",Check sum is <
test,Qm`r9vd.=xg?	g{T*R?c,Check sum is )
test,"N2%/u(eQCn6=7RyYfI
6n0x<)cOpS
;",Check sum is *
test,Q96p%Eo~BE%7_TAUu[I)!]EnJoVj)q~q!`|I@UBTW,Check sum is P
test,"J
Rp#F5%[x~#H(F+W74N#Lkyj6&}E(/biUYWi*$&I K%S*",Check sum is S
test,"7=v`Od[lUv*2S`!""`OL41n",Check sum is O
test,"pg</pY5n70\'v ]{H	
E<*$5r""QA88S
e`
",Check sum is G
test,"K+{~=r""p	z=B<t:~<_gr|nA}u{0}	,<
A\f~V9W,)\e_{F",Check sum is K
test,MajqUGuo=WCm_Fh]X|H7jk]'!?m~6o_#PJ{3Be5%NH=jtWD:,Check sum is D
test,"'l""c/RuDk""F@X
@\x0@v\Z`&x2_1l:^^a""]Q
U",Check sum is I
test,"A
F<.Sk
TZgG",Check sum is ?
test,"m(j,?2	+X92",Check sum is 3
test,"=*=1Xw@VLz7N
WM9TqKeM\v(]b|2%#_[>TCx#[r%tS;MoKC/",Check sum is T
test,"XeDRsWIN';$d^%k6,e%Sum*=4nA8",Check sum is O
test,"LY7 )kli=ShgoB+~kg5[:.,4nDlvqkDE*7RM]E~9f(?9",Check sum is @
test,"ymLY6B=H-6RGoP#c#g?=:|;%E
",Check sum is T
test,>+_vyVaH/E,Check sum is J
test,E4mJ6JI$5r(~aJjuE,Check sum is Y
test,"~sVsg""v,;_39)~ |'~(aHD5ECgBz3",Check sum is [
test,"/tI~)i<%""[4rB$Xo%Z'iH*a[D@;'y)@U5_m?2Ts;",Check sum is [
test,=nQ$t_zK.poz}VMkZcQ-B7GAm,Check sum is S
test,dzNtGJmI({p+cvSc+AB,Check sum is B
test,"I,2*EH#(fad*Q&LU4kj<qQa[n ,d",Check sum is W
test,c9f]]tpHfc^-N\>\fQkHGP'Y,Check sum is !
test,~R(UxK?6kY`\^,Check sum is C
test,"i^r]d.g.@u#Z,?RUr[<=]< DXOG9%Cr+YR",Check sum is ;
test,"I6<""LV#CcwGby4MG`yHBHZ\(f9(gac-s}C_YBnCyjhY.",Check sum is !
test,[<0)i!/=*p(TGG,Check sum is *
test,"""#4zRawA8z<+qxvk#krv0)P}RWd:Nt (
#;:
k!'M&\",Check sum is <
test,R	4qut'E_uGX&rNGbxj	a}R^)y6[[Ra11\5Zs&{}!Z4(,Check sum is &
test,"IiH7,rxL!tmqANu^#gmi1(NM4~|AYE",Check sum is )
test,Ua _NE&/|;MJARNeSMQY&,Check sum is A
test,"vNg/Q<pcv<$:3+j/8	`
rz'C:Jaoj>Q",Check sum is /
test,xXLqK4+mGoPP~i	 Pw$wmTV`+<Az+J]tx,Check sum is #
test,TBG,Check sum is =
test,"	3vDVDVcYvA<.Uzr6yN~g
=\:QgHn",Check sum is Q
test,"T@aR:Ug&r,S-fy!oU",Check sum is %
test,"xg`cGQXWG#*&R4rf7mOYP(]7Q_}kh.fA/I[1.""43i
fA",Check sum is #
test,"3	\V^X`hhUhxYp!UVMxiiBqc/4dPe""[)+yDz'Ui`-g0dbdZ6{r",Check sum is _
test,"/ls`^y,KR*PJq/",Check sum is R
test,2GH8A/\~	G2]G61^P0j<pR=aen&|aQ,Check sum is ;
test,x+LaWPH4u9,Check sum is A
test,JBJIhP=<=?gF|12hVp_zQC;DZ{	jV1(,Check sum is I
test,"H3?
a2;Z-nm#.L(xW}Wh	43tC6\1:$WM/&$+R>k95vB2",Check sum is G
test,X7YH?f(+2@	R=/6,Check sum is 7
test, Yiwx;~,Check sum is *
test,"VT	doudbAZ1a|gK|Uhty+e>([)]IG:*bi("":/BW7][o=J|",Check sum is %
test,"FAw]wcyT6wRhj|ahj[Npe
F,isg&2]02uX(Qk`r%sefNn,",Check sum is D
test,"yy)A>r^g`""\)\35",Check sum is <
test,bfwM%~E,Check sum is T
test,~$-M/LcLka3*9|cLK$%d<8[~IXPnKdt2dtA8o!^JK/p,Check sum is _
test,7X%'},Check sum is 8
test,nJv]yq\Y%zR^d+7	,Check sum is (
test,"lWi6!}S6s-	P2{(BRD>^;Ftz"">~pGQE<9R6l-|Fo}v",Check sum is ?
test,oAHK+X=p(AQibM]5oo+71B,Check sum is *
test,"2^pN_<9gG0;@^Y#M0o"")?vlGkpp[u<obAZ;M]{,y? w""4",Check sum is H
test,"3<5V%Di`g02;BZc\?\S`&=#hCwam~,#",Check sum is <
test,"`ZYGQkt	d;l<
/FCLCo%",Check sum is _
test,",)fFcwSz2](=2XPE<_~c6oK2Vm(""tM[2
azo)8-oT21",Check sum is \
test,"4@#	BJfAjJ$Ca)/H(>{_,m",Check sum is (
test,~>.KS99wcr[Fjwu1ehF?Vo 2&tA:z %[cj~e,Check sum is V
test,.|'_<R7k,Check sum is @
test,"9cS""6g~Ns&\7ZM?M&kY-Z(E \d{@~-D'h,",Check sum is \
test,"{tE0R,!f<`xs(m<QMH",Check sum is G
test,{8O~*eU!qyvY *&%&^w5fwnwo=.p#b1h9	Jvs#5~QiU!J,Check sum is R
test,"VgfW/6Tm(p$pfNB9wtUe|	7|N7<?m$q@,kgv""",Check sum is P
test,`zatATjq'9W- v&s-Z;|8?a3W=[Tj=%-#Z5?]4BN`N;T0j*P&,Check sum is  
test,e};B&4#>vD}L8M_JhpG A##-|e>kRgM,Check sum is .
test,"80RLs\C^l925M!of> -$lz8jX)
VnWF'|zQk=k;",Check sum is D
test,B!T\Hc*6EtsZ2jJ0yL/%n7/VzXIk4Nvc=$8HuoN#j~G8,Check sum is [
test,;.,Check sum is I
test,B5^h7l_-4cJ8BN2-+uqch,Check sum is 0
test,cYYQIO*Bx,Check sum is B
test,"%yKws'!PA[?cjII 4Y:x!=""JLSt[S`]RnA7Y	@x",Check sum is >
test,"RTK1WaeF3S:+Pb{( ""h`	uiLhbucJ+2SntMm|S
l9~z%|`Z",Check sum is +
test,"V&O""K	AyIqLP(nuIQAi""L_R6ghtj",Check sum is B
test,"@.	eDt#9h6-*
WR7o(IS2%dC1E<^LZ>vZ))",Check sum is 6
test,"`i~08%)'!3E{G""zmDz0Ar4&7!^OUf%h	ua$uj-@qUSA(,yM",Check sum is 3
test,z<=[c5eM\{W;!M/CF6%sRHn`32yL=|KAvE~`+K[~FR_sa3'#?<,Check sum is W
test,6jF*FYC&r&8qt*$jlq@GtrAtXm,Check sum is )
test,"yJ63.d;e;2-,5]MIH&<ZTZ]:H&6LcG.+NaN@'yADr8:d",Check sum is R
test,5KV_=\5I<4Yt/p+2ZHa?+$[`A._Wnk ,Check sum is O
test,brhlr\`-MqdT!)yDU~,Check sum is 3
test,"{WI0\+)!8H	zI}ji
@hocz<kl9DuKl(E(k0c[[nDDQv8~ziqr",Check sum is T
test,"NpA6@S?M,#:[zOKonsZ&h7r<}Xj""tHU;$v%L<p>QqxwqE
(r_U",Check sum is *
test,3h?,Check sum is :
test,s6j3,Check sum is &
test,g9K(syI81U,Check sum is &
test,"=@jj,%`'n+Np;
h]Ykh#-7$m7kbW Pt(*''6SdRn~zo9M",Check sum is '
test,"{o<X&ls[=4R]BI4G 8O{e.0,]*Y:@M3""'8OWPs^[6V'Y",Check sum is >
test,95d3WUF1SPu9lAFv|gniw~Lq7}a^B_,Check sum is B
test,XAo	,Check sum is 1
test,"{)	;]16b3<[A
\$F8raz@]^R",Check sum is [
test,"gUE7.~# oyyk?C8I0	VDPhRu
w\!4/n]z",Check sum is N
test,\mdni^[eqLf<,Check sum is !
test,Ftk/4fBq,Check sum is A
test,Pp[1Rm$s;OAi<(fokvZP]*)Hgv>Y~Y,Check sum is =
test,]1nXOM~PJe@|Rl+u7q*Su},Check sum is >
test,"LA6g
!t	'+{d8w",Check sum is R
test,"f#e2`(G,5z,>yJs3K""YO<Ua=f|k-#3",Check sum is Q
test,"Uw
-CZ KV8*gSaH]?$UHTz;>Tkzy+",Check sum is G
test,qVas_.	Q;G;M+:oJ.eH{l4oT^>6>WixK&~;`poRjgnKl,Check sum is <
test,">#aCYE,*eOB	B639IEX@[<A|re>v",Check sum is A
test,"Y1JZ{U$Z_!&@e~h""+^Rvg@2@m(|2O7,SBuf>z+H5",Check sum is ^
test,"eB
-#TT_}[N61m`ZEEnHRvu	I,@&iYx",Check sum is 7
test,"H}@^.QrIQu,brXB:5>0/ D#l,",Check sum is H
test,"Q\KE39ZsCU.A~ Ie|%4dBa1d]80:Y
gu$HWm2vkJ9s",Check sum is Q
test,"`eC,p,L<,0SoAdGI.C`qju]+]~;YtKE$72njT^",Check sum is >
test,"}NIauR_.t,[fQ,*Wvp5j1qFut{n",Check sum is G
test,"Uf@""~*_5,;=GZcU+[-M4BVZ<XWLi.<Pswk5TL&6C7OtKM",Check sum is Q
test,TwLG{pPdG7c,Check sum is >
test,YR-E/&@pfCr5k}=:8{eif_]Z-C$*A3~)dx82&)xlQw`pt,Check sum is L
test,W3'Ro rr`f(F>5RE{ST!n<O&LM7._gMUZa0J?+,Check sum is ;
test,"=2""R%fsW${k>Ak%MP6z=%",Check sum is  
test,R}J	IPz'KlCftJsd F:XJd)?.#c*%mk,Check sum is Z
test,")aT.vP7uGM(~(""5]>{v~O&",Check sum is V
test,"h7k\1ICu
&tirb43k8fp++BV-- 
9E;DEz%",Check sum is L
test,":X)ohM
xF@",Check sum is G
test,"""u$,M""!Q"":u>r*90?`eY5)9Yi#{FcPE(AJy^GZS0.un",Check sum is M
test,u*js/tAf3+; \R@XUzm_g(?kw50xr,Check sum is ?
test,"s=^""Wek79d'TP m.[?Qih<f",Check sum is /
test,"w/nE@b<s>12A0;H0/:FzT~*}eUKzYk{""%=6""s:4am",Check sum is :
test,1Od'/oS,Check sum is \
test,{kSxD(WUWL&wU2zeI,Check sum is X
test,"W`VoDqXGk"" f*0\XPk$sK5O|T|M7gWxtu$)rFAt}",Check sum is X
test,+cSP4F8?V=wju+hRZ}K uwqQ@&m*m,Check sum is *
test,t0)~!2	v#U7u4!,Check sum is 6
test,jg~7mH@zC9whv;,Check sum is !
test,FQ,Check sum is 7
test,~9CAy6jq>@+t^qQ'j,Check sum is 3
test,"a'M LcRsI7&2cC3a""p:zAnm$!01(|B[g",Check sum is K
test,"98;=Y4
?J{1=+ov\XLLd{h`Si:od0r)]p&",Check sum is \
test,"Ri8p+7oV{ec#XO&{/ZFc3uWHZ|)MJ""l3BL}G.",Check sum is (
test,;Gcv([.\hKb%,Check sum is B
test,"~d ""NP","Check sum is """
test,"
G bXFi4Kn[",Check sum is B
test,@bKT T5VC`+;f#\N0,Check sum is L
test,YZo|HDfBgqtGC-+WDudRZC5'~qr,Check sum is @
test,"%]
D
#w\7Lw\[/q+rX:v""LH6Icb/.y+[W2~#&(z]1Y",Check sum is U
test,woG<),Check sum is 2
test,\i-t^M1$%vpKJ('xpK,Check sum is (
test,"L+
I;wA/lj{=# ^QMY_K}yrX8K[K)%q_n;Kx",Check sum is O
test,d}_3jm:jYt&K#$t]_h+7Pm%wpOB2P.c)bh4a7Y`F,Check sum is 8
test,"n/cPb-`_APi>""E1_gW|Ju0(i",Check sum is '
test,M_)YM^%'NIa]vN[9%x(Ss},Check sum is :
test,"rDHsL4&hJ|tbij jkXO!JI/8/y%ohT?T""O\",Check sum is ]
test,"?M,
=",Check sum is _
test,e;/UpPaGI}ox[fo#	5tDj~@L$=9<:#=.	/*VvG6!{O,Check sum is J
test,^_8oDh4R(]:~ma~XZc7CpHw:('M)o	,Check sum is 4
test,"')NPJr|;<Ze}'s830w7,Nfmek7P',M[ABp<%wh=T",Check sum is ?
test,"WV,`H!EhHfCY4tu
?Nx0dNhP9~{
YC:I4B^)0!Xo~",Check sum is -
test,aBc^TYdP8+{PSL/^,Check sum is ?
test,"-u,G2HRV
<;& |L4m0:~#x)7UlD",Check sum is /
test,"}}7cv'OZ""mce^%WAu*I^~,f!Yjq%Cb[uOJb,S",Check sum is +
test,"
?[{ax",Check sum is X
test,".uZc`$ZKY3DmH{Wr53<
[`,X5",Check sum is T
test,"{Pj@	8O
\t=z/edkRO7]`G",Check sum is 5
test,_3t-a/%a`c n~j^_,Check sum is _
test,"<_yW-U""zB:KY!QDn",Check sum is -
test,"gZj(a7iGRWB]RjAdb`OD|?Yj1QVO^;44W=,D:mpK$",Check sum is )
test,"Plq8@a9\Ei6HGoQZi'{O
.\LIE>uu##dW%",Check sum is ^
test,"(VevfS{PGS|b}
A%cE'qS{Ky}W*b.+}26`u4>LwWs8st-
w^hA",Check sum is :
