set,input1,output1
train,,Check sum is  
train,	,Check sum is )
train,"
",Check sum is *
train,"B
","Check sum is ,"
train,"

",Check sum is 4
train,"

















































",Check sum is T
train,                                                  ,Check sum is  
train,ssssssssssssssssssssssssssssssssssssssssssssssssss,Check sum is V
train,"CD
CD
CD
CD
CD
CD
CD
CD
CD
CD
CD
CD
CD
CD
CD
CD
CD",Check sum is 7
train,"x
y x
y x
y x
y x
y x
y x
y x
y x
y x
y x
y x
y x
",Check sum is &
train," 
 
 
 
 
 
 
 
 
 
 
 
 
 
 
 
 
 
 
 
 
 
 
 
 
",Check sum is :
train, ,Check sum is @
train,!,Check sum is A
train,"""",Check sum is B
train,#,Check sum is C
train,$,Check sum is D
train,%,Check sum is E
train,&,Check sum is F
train,',Check sum is G
train,(,Check sum is H
train,),Check sum is I
train,*,Check sum is J
train,+,Check sum is K
train,",",Check sum is L
train,-,Check sum is M
train,.,Check sum is N
train,/,Check sum is O
train,0,Check sum is P
train,1,Check sum is Q
train,2,Check sum is R
train,3,Check sum is S
train,4,Check sum is T
train,5,Check sum is U
train,6,Check sum is V
train,7,Check sum is W
train,8,Check sum is X
train,9,Check sum is Y
train,:,Check sum is Z
train,;,Check sum is [
train,<,Check sum is \
train,=,Check sum is ]
train,>,Check sum is ^
train,?,Check sum is _
train,@,Check sum is  
train,A,Check sum is !
train,B,"Check sum is """
train,C,Check sum is #
train,D,Check sum is $
train,E,Check sum is %
train,F,Check sum is &
train,G,Check sum is '
train,H,Check sum is (
train,I,Check sum is )
train,J,Check sum is *
train,K,Check sum is +
train,L,"Check sum is ,"
train,M,Check sum is -
train,N,Check sum is .
train,O,Check sum is /
train,P,Check sum is 0
train,Q,Check sum is 1
train,R,Check sum is 2
train,S,Check sum is 3
train,T,Check sum is 4
train,U,Check sum is 5
train,V,Check sum is 6
train,W,Check sum is 7
train,X,Check sum is 8
train,Y,Check sum is 9
train,Z,Check sum is :
train,[,Check sum is ;
train,\,Check sum is <
train,],Check sum is =
train,^,Check sum is >
train,_,Check sum is ?
train,`,Check sum is @
train,a,Check sum is A
train,b,Check sum is B
train,c,Check sum is C
train,d,Check sum is D
train,e,Check sum is E
train,f,Check sum is F
train,g,Check sum is G
train,h,Check sum is H
train,i,Check sum is I
train,j,Check sum is J
train,k,Check sum is K
train,l,Check sum is L
train,m,Check sum is M
train,n,Check sum is N
train,o,Check sum is O
train,p,Check sum is P
train,q,Check sum is Q
train,r,Check sum is R
train,s,Check sum is S
train,t,Check sum is T
train,u,Check sum is U
train,v,Check sum is V
train,w,Check sum is W
train,x,Check sum is X
train,y,Check sum is Y
train,z,Check sum is Z
train,{,Check sum is [
train,|,Check sum is \
train,},Check sum is ]
train,~,Check sum is ^
train,"""~",Check sum is @
train,$.,Check sum is 2
train,WJ,Check sum is A
train,==,Check sum is Z
train,2},Check sum is O
train,h<,Check sum is D
train,'J,Check sum is Q
train,Xw,Check sum is /
train,Z_,Check sum is Y
train,Nv,Check sum is $
train,$I,Check sum is M
train,xo,Check sum is G
train,.Z,Check sum is (
train,zl,Check sum is F
train,0C,Check sum is S
train,|&,Check sum is B
train,-o,Check sum is <
train,0^,Check sum is .
train,&l,Check sum is 2
train,T;,Check sum is /
train,/c,Check sum is 2
train,T.,"Check sum is """
train,@K,Check sum is +
train,[S,Check sum is N
train,8x,Check sum is P
train,!<,Check sum is =
train,",-",Check sum is 9
train,yM,Check sum is &
train,z1,Check sum is K
train,6},Check sum is S
train,}U,Check sum is 2
train,hj,Check sum is 2
train,VU,Check sum is K
train,@{,Check sum is [
train,R	,Check sum is ;
train,DK,Check sum is /
train,	a,Check sum is J
train,xb,Check sum is :
train,B7,Check sum is Y
train,<W,Check sum is 3
train,_I,Check sum is H
train,Ii,Check sum is R
train,>=,Check sum is [
train,"
X",Check sum is B
train,Pf,Check sum is V
train,yJ,Check sum is #
train,#V,Check sum is Y
train,}I,Check sum is &
train,dK,Check sum is O
train,w!,Check sum is 8
train,yR,Check sum is +
train,[W,Check sum is R
train,*D,Check sum is N
train,HG,Check sum is /
train,lh,Check sum is 4
train,B@s,Check sum is U
train,d+V,Check sum is E
train,k_{,Check sum is %
train,vnT,Check sum is X
train,hEH,Check sum is U
train,I?F,Check sum is .
train,z#9,Check sum is 6
train, tj,Check sum is ^
train,F4z,Check sum is T
train,"bh
",Check sum is 4
train,jQI,Check sum is $
train,8>#,Check sum is 9
train,?~},Check sum is Z
train,]m7,Check sum is !
train,QEK,Check sum is A
train,QJ^,Check sum is Y
train,B[D,Check sum is A
train, MN,Check sum is [
train,"av,",Check sum is #
train,Iny,Check sum is P
train,xW&,Check sum is U
train,SBZ,Check sum is O
train,=8o,Check sum is D
train,Nn9,Check sum is U
train,=/),Check sum is 5
train,%#Y,Check sum is A
train,UN#,Check sum is &
train,86t,Check sum is B
train,M?x,Check sum is $
train,"U0
",Check sum is /
train,gio,Check sum is _
train,x7d,Check sum is 3
train,>wO,Check sum is $
train,4{j,Check sum is 9
train,aiM,Check sum is 7
train,Kpp,Check sum is K
train,L|.,Check sum is V
train,9M:,Check sum is  
train,#k2,Check sum is  
train,1}(,Check sum is 6
train,e	_,Check sum is -
train,*#s,Check sum is  
train,3<J,Check sum is Y
train,|$@,Check sum is @
train,H/B,Check sum is Y
train,DjR,Check sum is  
train,B_u,Check sum is 6
train,+/i,Check sum is #
train,=Os,Check sum is _
train,j.Q,Check sum is I
train,"N,or_'4(2L2LJsNhp",Check sum is <
train,"9o,VPS1ZIrh'qVRF$fz{mMhC)A)?-LY
fa^6T7dk!.%zAFo2",Check sum is >
train,DnWj}j[2Ql;aU`nwdO,Check sum is -
train,"oh-Y*d xOSIkv}Hgr(/f""lN~8UXM",Check sum is V
train,"E""5)dt~Rk_BZ3um})x",Check sum is &
train,"+bzO}M:,?R?^5;@=SS!4S2}o0]Z(r&@wIA7,gW?M`","Check sum is """
train,F JLz{XA<o4h)i`Z`fVL3}<5s-S,Check sum is 9
train,"`2Op#[#!^U_
a@>
Pf\pYU.7Cs",Check sum is C
train,6SF@,Check sum is /
train,'4hQ04p}816ee,Check sum is .
train,sqoN<,Check sum is =
train,r&sVj-YP;\3WlPS,Check sum is 1
train,"bl%C#\
Mr!g6.""[UKx'gW&fWLl}",Check sum is \
train,"8(c?>[?hk,_Z-{s4uEU?*+0QqDk[MMs,hM*mLBIEH8N{_$S3",Check sum is S
train,"V""b|+k~QR0bSxrHM,7-K ;7",Check sum is >
train,J%q!UWV[@_,Check sum is ]
train,(	s#FPv/P ,Check sum is R
train,"""7c(w#)cTLW#3G[Xfgc",Check sum is !
train,"m *,h 8X.#8)lx0oX0&go@	,b	&",Check sum is Z
train,"aykM!`5~pnz&
",Check sum is .
train,e!2d UXL5%C,Check sum is 2
train,"}6 T8=rIb:EsqZB=huT/	4hFC0'*""95",Check sum is 4
train,"}
0; `",Check sum is R
train,"}8i>Dy[Vme`Q6!qQ
^ZtFZ{$DCBpbn?5a?V1r",Check sum is Q
train,)*MtrIL	,Check sum is D
train,"](3'(bF>AlQe;?#wWrW`VzSYV""r.",Check sum is X
train,"M58rS]5=a3:W""N2&@g_jg]\c7$Ij;x,-x97*<$u=NUB5X6<FlN",Check sum is 0
train,Q:A{1;uk%+81#L!uya|zXwZhi>z&n,Check sum is G
train,H6jJ[4z'8SoY.5NF3qA0l'I<0{TQQo3	(w6qQ/,Check sum is K
train,v;jzR%.6\f`dSW v93GEY^U|]eKQ,Check sum is 4
train,ucMX0Ys.xiJGmzL3NAIUNr>G[H\S*,Check sum is M
train,"z(4Qr%?w}7}=>K-94y=N?Pd8w6<\g,&nh6c",Check sum is A
train,"5""K:LfpW[60QCRsL	Ab)~7jmv{V)QnZ%Vs9~7c0:&g",Check sum is ;
train,`=<tF.Iy)2PT	2Oy^9 ak9,Check sum is !
train,9UcXuZUaQ(#hfSg2uh.USSh*uj`$'98yGPii+Op,Check sum is #
train,",)L{_Lsr~\Wi""T5WZO#D0$RmL1z8
:p",Check sum is .
train,"soVDm?Fg*c	ITy2^-2I(p,$qX*K?#jCNCFV}tuvI",Check sum is  
train,"TEC0EQlgs0Tr""|+BV[?$)+OD8
.d4",Check sum is L
train,"p`bE{wy	-OP*o\/E&{u,:?AhJE{Am]Ru=f1qU,]5;_wb",Check sum is K
train,"71p]h}sWRGu
vZ#ST*:W+",Check sum is \
train,S0<#nY,Check sum is I
train,"(JAF,@d4!4,/1{",Check sum is 9
train,D=uRCx)7J-|S	FW.	.RDW0&zc<6Gs{.V,Check sum is _
train,f])5eK$%Z,Check sum is T
train,2~T`jJYM&f`gz_Q	^,Check sum is B
train,"=C^1r_g@kkV 1ps$[7}>qT,8GgQ?",Check sum is _
train,"r \001n
yzbulhw?VqVI%n0]&yiI}Y]1@os%f)Eg L@MG'b",Check sum is 1
train,Q2`%SXG+z.qn#S/i I,Check sum is C
train,=r:gG0't-:Vlz9he,Check sum is +
train,XbrY.k~]DN4^c&ZV<7cx^Irc-W@UY3S*NE<,Check sum is 1
train,"VAgtU%7=.)kA,PLpm;	""fz+FV#\w*.3S5",Check sum is >
train,lYdjH!B] QGc\?C`+CkK$S*mVMEIjd,Check sum is E
train,"kx>Sm\|9w,y?Vz7t$+ ",Check sum is W
train,o5G.!>hzjs$V2e\,Check sum is D
train,"qJ7n/
d-wV]6A~Bptt+P]IzV=kb",Check sum is >
train,"ITIk8`:/_gj	Y',qEo,90'8[Vj {|H9h",Check sum is K
train,"WK5!|l, 2qB^,o>kry*ffJ( q",Check sum is 7
train,p__,Check sum is N
train,{HK.>8x3isvYK:8$)|'7:]a/M2]B#~tP7e;1i5a<5/z!GB6,Check sum is 7
train,o;!RoqR_FCH,Check sum is _
train,AF,Check sum is '
train,"VpK JWb&x5X2Mb\R{]Ey
L",Check sum is :
train,"z'wd>~]
L*1F/2""U=:P2rt]hOotl7tv",Check sum is '
train,"#\hWzs$q:coc~TDbO`Gl,p",Check sum is E
train,"%Ss8l	G`0iKU]bELD/$`
@tt]""j8>7(x@tx~%=o;b%hF",Check sum is 2
train,"Rf)YIT~;#nS,z_(8ugv4a&8IwtC.b[QSmfBj%ETFFwl:wd9",Check sum is >
train,"B2V*I"".	GBiFxWy#>n)&u",Check sum is I
train,xi~	Eh:jg9lVtA!6$1#D+3[[.)C\l%2^afjj_'	wOGh(Um$,Check sum is [
train,AL:j'g,Check sum is _
train,Ka,Check sum is L
train,7o3 o6{;8[My|7dk0aL+2uI8_0.:&T-p$n;Kf,Check sum is K
train,"K
C~uKiGfNRojl,PxZ;.5WCAgA",Check sum is  
train,"$1>|""?-(bhxhBFX+BDc3Ro_f~R(4!wG]\pk\m
H",Check sum is 6
train,3-4kPx.&kNa[GcN7G3EIwT;:%AWLq&U*#W6L'c,Check sum is L
train,"ER;.""",Check sum is B
train,"=2u	zL9<
)BA7S[h].4sn>ueLI`N	`H""wKMi",Check sum is Q
train,"R7YDj<TY{;L4,kESoj*t$",Check sum is Y
train,"""R@RP0>g1ydf?n%~b@",Check sum is 1
train,"nk78q~gbXsZAn)qfjhH`6PsE
a	fF",Check sum is L
train,]>m,Check sum is (
train,90B O:UpF?`\,Check sum is :
train,.v=zJMoL)+,Check sum is !
train,",,5d>H|I<~s	abG`#O/T:46	F.YscEd/uvZEa.I(tb",Check sum is 9
train,")Kp#J#\4`ho|>2(G3	N
o$nmiIC",Check sum is -
train,"9rlYB#apm}CxIXrrl<)*{#l1`i.Q9b!U,/}/L0bUEI4h#*5	}""",Check sum is M
train,Bl&hTtHa3c,Check sum is #
train,Iudb*v$}},"Check sum is """
train,U^!jc]]&)>p8%f>C%ZW4&-lSp0G5Z,Check sum is N
train,"b6f2Q~S^B
Ls$n	kV	",Check sum is @
test,A	,Check sum is *
test,$>,Check sum is B
test,",s",Check sum is ?
test,A{,Check sum is \
test, O,Check sum is O
test,Rm,Check sum is _
test,DR,Check sum is 6
test,v7,Check sum is M
test,S.,Check sum is !
test,Tv,Check sum is *
test,<	,Check sum is %
test,iS,Check sum is \
test,iy,Check sum is B
test,||,Check sum is X
test,?0,Check sum is O
test,^!,Check sum is _
test,&l,Check sum is 2
test,R0,"Check sum is """
test,i.,Check sum is 7
test,O?,Check sum is .
test,f1,Check sum is 7
test,>7,Check sum is U
test,cx,Check sum is ;
test,Pn,Check sum is ^
test,k),Check sum is 4
test,"
)",Check sum is S
test,-f,Check sum is 3
test,Lq,Check sum is ]
test,"
J",Check sum is 4
test,;Y,Check sum is 4
test,=>,Check sum is [
test,f\,"Check sum is """
test,+L,Check sum is W
test,G=,Check sum is $
test,"
l",Check sum is V
test,!N,Check sum is O
test,]i,Check sum is &
test,3z,Check sum is M
test,"\""",Check sum is ^
test,"%""",Check sum is '
test,;A,Check sum is \
test,W6,Check sum is -
test,1;,Check sum is L
test,zH,"Check sum is """
test,S;,Check sum is .
test,#~,Check sum is A
test,qa,Check sum is 2
test,"""F",Check sum is H
test,*e,Check sum is /
test,WJ,Check sum is A
test,K},Check sum is (
test,Jj,Check sum is T
test,q(,Check sum is 9
test,+Y,Check sum is $
test,X\,Check sum is T
test,"m""",Check sum is /
test,jW,Check sum is !
test,p~,Check sum is N
test,e&,Check sum is +
test,g4,Check sum is ;
test,hR,Check sum is Z
test,bQ,Check sum is S
test,"
-",Check sum is W
test,V>,Check sum is 4
test,|p,Check sum is L
test,%W,Check sum is \
test,Da,Check sum is E
test,+o,Check sum is :
test,F',Check sum is M
test,"2,",Check sum is >
test,ko,Check sum is :
test,z$,Check sum is >
test,AR,Check sum is 3
test,$s,Check sum is 7
test,Y	,Check sum is B
test,Ur,Check sum is '
test,\=,Check sum is 9
test,/A,Check sum is P
test,RE,Check sum is 7
test,Ps,Check sum is #
test, e,Check sum is %
test,"""~",Check sum is @
test,Lj,Check sum is V
test,Os,"Check sum is """
test,6i,Check sum is ?
test,R>,Check sum is 0
test,7Z,Check sum is 1
test,!),Check sum is *
test,Tq,Check sum is %
test,P_,Check sum is O
test,]i,Check sum is &
test,/H,Check sum is W
test,",?",Check sum is K
test,1S,Check sum is $
test,_1,Check sum is 0
test,Cj,Check sum is M
test,@T,Check sum is 4
test,/1,Check sum is @
test,z&,Check sum is @
test,P`,Check sum is P
test,$M,Check sum is Q
test,*1,Check sum is ;
test,"p,",Check sum is <
test,]N,Check sum is K
test,[e,Check sum is  
test,{<,Check sum is W
test,",F",Check sum is R
test,m9,Check sum is F
test,'p,Check sum is 7
test,HM,Check sum is 5
test,++,Check sum is 6
test,L=,Check sum is )
test,/|,Check sum is K
test,o(,Check sum is 7
test,gL,Check sum is S
test,w+,Check sum is B
test,R',Check sum is Y
test,{&,Check sum is A
test,GB,Check sum is )
test,tE,Check sum is Y
test,5l,Check sum is A
test,.h,Check sum is 6
test,I^,Check sum is G
test,8`,Check sum is 8
test,RA,Check sum is 3
test,uN,Check sum is #
test,\},Check sum is 9
test,j{,Check sum is E
test,O2,Check sum is !
test,u<,Check sum is Q
test,<c,Check sum is ?
test,ps,Check sum is C
test,Lh,Check sum is T
test,kM,Check sum is X
test,{$,Check sum is ?
test,I[,Check sum is D
test,W',Check sum is ^
test,UG,Check sum is <
test,ZI,Check sum is C
test,$',Check sum is +
test," ,","Check sum is ,"
test,	\,Check sum is E
test,'s,Check sum is :
test,P),Check sum is Y
test,1>,Check sum is O
test,`I,Check sum is I
test,wq,Check sum is H
test,*K,Check sum is U
test,I!,Check sum is J
test,)5,Check sum is >
test,xf,Check sum is >
test,n4,Check sum is B
test,;&,Check sum is A
test,IB,Check sum is +
test,nb,Check sum is 0
test,Ny,Check sum is '
test,NP,Check sum is >
test,8u,Check sum is M
test,Ct,Check sum is W
test,H4,Check sum is \
test,4?,Check sum is S
test,[t,Check sum is /
test,Al,Check sum is M
test,<6,Check sum is R
test,Vd,Check sum is Z
test,5I,Check sum is ^
test,zd,Check sum is >
test,Of,Check sum is U
test,l/,Check sum is ;
test,hu,Check sum is =
test,/v,Check sum is E
test,]o,"Check sum is ,"
test,;s,Check sum is N
test,7 ,Check sum is 7
test,y;,Check sum is T
test,&k,Check sum is 1
test,",e",Check sum is 1
test,C2,Check sum is U
test,dE,Check sum is I
test,=r,Check sum is O
test,f9,Check sum is ?
test,*p,Check sum is :
test,/m,Check sum is <
test,s6,Check sum is I
test,E<,Check sum is !
test,6q,Check sum is G
test,zm,Check sum is G
test,h),Check sum is 1
test,H-,Check sum is U
test,sf,Check sum is 9
test,`v,Check sum is 6
test,-^,Check sum is +
test,x),Check sum is A
test,kD,Check sum is O
test,RC,Check sum is 5
test,[d,Check sum is _
test,",v",Check sum is B
test,e*,Check sum is /
test,u_,Check sum is 4
test,nI,Check sum is W
test,N:,Check sum is (
test,v@,Check sum is V
test,S',Check sum is Z
test,Al,Check sum is M
test,LC,Check sum is /
test,I1,Check sum is Z
test,J>,Check sum is (
test,VB,Check sum is 8
test,Lz,Check sum is &
test,v?,Check sum is U
test,%H,Check sum is M
test,Zc,Check sum is ]
test,G_,Check sum is F
test,Ed,Check sum is I
test,$u,Check sum is 9
test,&9,Check sum is ?
test,^V,Check sum is T
test,V8,Check sum is .
test,OJ,Check sum is 9
test,H9,Check sum is !
test,2	,Check sum is [
test,#w,Check sum is :
test,E7,Check sum is \
test,Vd,Check sum is Z
test,&F,Check sum is L
test,1w,Check sum is H
test,~T,Check sum is 2
test,K%,Check sum is P
test,Q6,Check sum is '
test,H>,Check sum is &
test,:b,Check sum is <
test,q+,Check sum is <
test,7-,Check sum is D
test,|S,Check sum is /
test,cw,Check sum is :
test,Ki,Check sum is T
test,m`,Check sum is -
test,N7,Check sum is %
test,as,Check sum is 4
test,gf,Check sum is -
test,8W,Check sum is /
test,$r,Check sum is 6
test,I0,Check sum is Y
test,z_,Check sum is 9
test,TR,Check sum is F
test,Eh,Check sum is M
test,@i,Check sum is I
test,;Z,Check sum is 5
test,D2,Check sum is V
test,6X,Check sum is .
test,"u""",Check sum is 7
test,Nx,Check sum is &
test,Pj,Check sum is Z
test,+8,Check sum is C
test,vl,Check sum is B
test,Yv,Check sum is /
test,z{,Check sum is U
test,Ex,Check sum is ]
test,2/,Check sum is A
test,c*,Check sum is -
test,yu,Check sum is N
test,}R,Check sum is /
test,uv,Check sum is K
test,0$,Check sum is 4
test,^0,Check sum is .
test,\-,Check sum is )
test,3R,Check sum is %
test,3C,Check sum is V
test,p?,Check sum is O
test,er,Check sum is 7
test,u.,Check sum is C
test,'Y,Check sum is  
test,R_,Check sum is Q
test,8<,Check sum is T
test,{ ,Check sum is ;
test,.C,Check sum is Q
test,uD,Check sum is Y
test,/:,Check sum is I
test,Ix,Check sum is !
test,(V,Check sum is ^
test,"

",Check sum is 4
test,I5,Check sum is ^
test,Aj,Check sum is K
test,?L,Check sum is +
test,hl,Check sum is 4
test,@-,Check sum is M
test,q[,"Check sum is ,"
test,I',Check sum is P
test,D],Check sum is A
test,fT,Check sum is Z
test,U-,"Check sum is """
test,-L,Check sum is Y
test,{h,Check sum is C
test,~#,Check sum is A
test,<f,Check sum is B
test,R0,"Check sum is """
test,Fv,Check sum is \
test,"""u",Check sum is 7
test,Tt,Check sum is (
test,30,Check sum is C
test,!r,Check sum is 3
test,aD,Check sum is E
test,oh,Check sum is 7
test,Ot,Check sum is #
test,D(,Check sum is L
test,"+""",Check sum is -
test,L3,Check sum is _
test,:$,Check sum is >
test,F],Check sum is C
test,wI,Check sum is  
test, R,Check sum is R
test,n-,Check sum is ;
test,N<,Check sum is *
test,fA,Check sum is G
test,S6,Check sum is )
test,om,Check sum is <
test,d>,Check sum is B
test,Jf,Check sum is P
test,\R,Check sum is N
test,=U,Check sum is 2
test,Y#,Check sum is \
test,%G,Check sum is L
test,3%,Check sum is 8
test,:$,Check sum is >
test,o ,Check sum is /
test,2p,Check sum is B
test,H4,Check sum is \
test,^d,"Check sum is """
test,rq,Check sum is C
test,`*,Check sum is *
test,D5,Check sum is Y
test,xF,Check sum is ^
test,ko,Check sum is :
test,EA,Check sum is &
test,x9,Check sum is Q
test,ny,Check sum is G
test,KG,Check sum is 2
test,"
o",Check sum is Y
test,{&,Check sum is A
test,BL,Check sum is .
test,.],Check sum is +
test,}s,Check sum is P
test,c`,Check sum is #
test,Ej,Check sum is O
test,[=,Check sum is 8
test,;S,Check sum is .
test,Rp,"Check sum is """
test,Ep,Check sum is U
test,sb,Check sum is 5
test,v8,Check sum is N
test,ST,Check sum is G
test,T>,Check sum is 2
test,RF,Check sum is 8
test,*e,Check sum is /
test,%q,Check sum is 6
test,nj,Check sum is 8
test,u!,Check sum is 6
test,;L,Check sum is '
test,(x,Check sum is @
test,$l,Check sum is 0
test,+\,Check sum is '
test,F*,Check sum is P
test,9E,Check sum is ^
test,c3,Check sum is 6
test,"	""",Check sum is K
test,YR,Check sum is K
test,HX,Check sum is @
test,##,Check sum is &
test,;R,Check sum is -
test,N@,Check sum is .
test,"u,",Check sum is A
test,\6,Check sum is 2
test,0d,Check sum is 4
test,u(,Check sum is =
test,q>,Check sum is O
test,uN,Check sum is #
test,JB,"Check sum is ,"
test,Zo,Check sum is )
test,m3,Check sum is @
test,/G,Check sum is V
test,""".",Check sum is 0
test,n],Check sum is +
test,j+,Check sum is 5
test,}&,Check sum is C
test,:F,Check sum is  
test,Rv,Check sum is (
test,5a,Check sum is 6
test,0r,Check sum is B
test,Zo,Check sum is )
test,mU,"Check sum is """
test,/-,Check sum is <
test,X ,Check sum is X
test,%R,Check sum is W
test,~n,Check sum is L
test,"Y
",Check sum is C
test, s,Check sum is 3
test,n7,Check sum is E
test,I&,Check sum is O
test,*H,Check sum is R
test,6~,Check sum is T
test,)',Check sum is 0
test,@l,Check sum is L
test,fP,Check sum is V
test,?g,Check sum is F
test,!p,Check sum is 1
test,b*,"Check sum is ,"
test,o/,Check sum is >
test,6X,Check sum is .
test,i9,Check sum is B
test,	w,Check sum is  
test,9V,Check sum is /
test,fJ,Check sum is P
test,U},Check sum is 2
test,{J,Check sum is %
test,_|,Check sum is ;
test,9{,Check sum is T
test,:;,Check sum is U
test,SB,Check sum is 5
test,"""e",Check sum is '
test,+D,Check sum is O
test,:!,Check sum is ;
test,)^,Check sum is '
test,I|,Check sum is %
test,Oa,Check sum is P
test,75,Check sum is L
test,n#,Check sum is 1
test,B:,Check sum is \
test,^%,Check sum is #
test,+?,Check sum is J
test,48,Check sum is L
test,nK,Check sum is Y
test,J',Check sum is Q
test,9_,Check sum is 8
test,A+,Check sum is L
test,Ws,Check sum is *
test,>Q,Check sum is /
test,AB,Check sum is #
test,VW,Check sum is M
test,(#,Check sum is +
test,G-,Check sum is T
test,"""'",Check sum is )
test,&Y,Check sum is _
test,O+,Check sum is Z
test,Vu,Check sum is +
test,L+,Check sum is W
test,iJ,Check sum is S
test,B2,Check sum is T
test,J1,Check sum is [
test,{r,Check sum is M
test,G],Check sum is D
test,3d,Check sum is 7
test,m	,Check sum is V
test,M},Check sum is *
test,/k,Check sum is :
test,q?,Check sum is P
test,<I,Check sum is %
test,EH,Check sum is -
test,lU,Check sum is !
test,8j,Check sum is B
test,Kz,Check sum is %
test,Ze,Check sum is _
test,i[,Check sum is $
test,Mn,Check sum is [
test,pm,Check sum is =
test,"^
",Check sum is H
test,Ox,Check sum is '
test,y%,Check sum is >
test,r(,Check sum is :
test,m&,Check sum is 3
test,VA,Check sum is 7
test,sA,Check sum is T
test,9>,Check sum is W
test,QS,Check sum is D
test,i>,Check sum is G
test,.-,Check sum is ;
test,N2,Check sum is  
test,:<,Check sum is V
test,w[,Check sum is 2
test,EZ,Check sum is ?
test,l@,Check sum is L
test,3Z,Check sum is -
test,iB,Check sum is K
test,oU,Check sum is $
test,#S,Check sum is V
test,~@,Check sum is ^
test,kY,Check sum is $
test,	7,Check sum is  
test,1I,Check sum is Z
test,Xm,Check sum is %
test,>>,Check sum is \
test,=h,Check sum is E
test,/o,Check sum is >
test,cQ,Check sum is T
test,; ,Check sum is ;
test,x$,Check sum is <
test,d8,Check sum is <
test,Jz,Check sum is $
test,2},Check sum is O
test,Jh,Check sum is R
test,",H",Check sum is T
test,MmN,Check sum is (
test,8P*,Check sum is R
test,~Vk,Check sum is _
test,_w7,Check sum is -
test,9=f,Check sum is <
test,"9H""",Check sum is C
test,5bZ,Check sum is Q
test,jcN,Check sum is ;
test,O-^,Check sum is :
test,d-f,Check sum is W
test,Gw_,Check sum is =
test,]>;,Check sum is 6
test,ag9,Check sum is !
test,E%L,Check sum is V
test,5ps,Check sum is 8
test,oc	,Check sum is ;
test,Q8@,Check sum is )
test,lBn,Check sum is <
test,>|U,Check sum is /
test,a3Q,Check sum is E
test,"@,J",Check sum is V
test,fW9,Check sum is V
test,F-p,Check sum is C
test,tpz,Check sum is >
test,R+<,Check sum is Y
test,Mpn,Check sum is K
test,F;F,Check sum is '
test,l:N,Check sum is T
test,.V$,Check sum is H
test,axs,"Check sum is ,"
test,2kz,Check sum is 7
test,0<0,Check sum is <
test,bf^,Check sum is F
test,f$E,Check sum is /
test,[Eo,Check sum is /
test,"),m","Check sum is """
test,Rp-,Check sum is O
test,}W(,Check sum is \
test,cWM,Check sum is '
test,OL),Check sum is $
test,%<h,Check sum is )
test,nJF,Check sum is ^
test,J4Z,Check sum is 8
test,}*L,Check sum is S
test,Y8o,Check sum is  
test,8/R,Check sum is Y
test,"/,8",Check sum is 3
test,dY~,Check sum is [
test,x:;,Check sum is M
test,",i#",Check sum is X
test,RN~,Check sum is >
test,h%D,Check sum is 1
test,"|>,",Check sum is F
test,$(#,Check sum is O
test,S`U,Check sum is (
test,e0p,Check sum is %
test,bl`,Check sum is N
test,I{G,Check sum is +
test,{V^,Check sum is O
test,p{6,Check sum is A
test,NAc,Check sum is R
test,;V#,Check sum is T
test,-@~,Check sum is K
test,XwZ,Check sum is I
test,"r
^",Check sum is :
test,%#;,Check sum is #
test,<15,Check sum is B
test,Ov7,Check sum is \
test,w`*,Check sum is !
test,h_u,Check sum is \
test,"?""^",Check sum is _
test,:f-,Check sum is -
test,Ale,Check sum is 2
test,>{!,Check sum is :
test,OA{,Check sum is +
test,.8|,Check sum is B
test,C\h,Check sum is '
test,Dw8,Check sum is S
test,'G{,Check sum is I
test,sVe,Check sum is N
test,ojE,Check sum is >
test,2A',Check sum is :
test,3L),Check sum is H
test,TwE,Check sum is 0
test,"V$
",Check sum is $
test,8f<,Check sum is :
test,LQd,Check sum is !
test,{S},Check sum is +
test,[2?,"Check sum is ,"
test,Pja,Check sum is ;
test,{=Q,Check sum is )
test,0#.,Check sum is !
test,/r[,Check sum is \
test,e}@,Check sum is B
test,"yX,",Check sum is ]
test,s-i,Check sum is )
test,;s],Check sum is +
test,$b/,Check sum is U
test,&3W,Check sum is P
test,u{9,Check sum is I
test,%#f,Check sum is N
test,cgP,Check sum is :
test,`cN,Check sum is 1
test,sjb,Check sum is _
test,AGg,Check sum is O
test,>bT,Check sum is T
test,AZP,Check sum is K
test,QXK,Check sum is T
test,#Ju,Check sum is B
test,OJl,Check sum is %
test,@MQ,Check sum is >
test,IG-,Check sum is ]
test,8!c,Check sum is \
test,:'G,Check sum is H
test,1 g,Check sum is X
test,"7""B",Check sum is ;
test,oq=,Check sum is =
test,@cx,Check sum is ;
test,#U4,Check sum is L
test,{	t,Check sum is X
test,Xce,Check sum is @
test,x`6,Check sum is .
test,d9\,Check sum is Y
test,\\C,Check sum is [
test,Ui9,Check sum is W
test,AyP,Check sum is *
test,!$#,Check sum is H
test,)%W,Check sum is E
test,@wi,Check sum is @
test,^0o,Check sum is ]
test,7In,Check sum is N
test,_h	,Check sum is 0
test,)G-,Check sum is =
test,KgZ,"Check sum is ,"
test,[;-,Check sum is #
test,MmY,Check sum is 3
test,iWc,Check sum is C
test,"&
^",Check sum is .
test,h_F,Check sum is -
test,"c}""","Check sum is """
test,<<q,Check sum is I
test,?@a,Check sum is @
test,"F,k",Check sum is =
test,Lw#,Check sum is F
test,Qz\,Check sum is G
test,:Y_,Check sum is R
test,"u
b",Check sum is A
test,H|D,Check sum is (
test,"_,i",Check sum is T
test,td#,Check sum is [
test,];5,Check sum is -
test,zMZ,Check sum is A
test,hp-,Check sum is %
test,iGw,Check sum is G
test,:BB,Check sum is ^
test,+;k,Check sum is 1
test,l|G,Check sum is O
test,PX],Check sum is %
test,|Pp,Check sum is \
test,Zmq,Check sum is X
test,}T1,"Check sum is """
test,xXw,Check sum is '
test,JHe,Check sum is W
test,l)!,Check sum is V
test,y9O,Check sum is !
test,2zP,Check sum is \
test,CAm,Check sum is Q
test,\ig,Check sum is L
test,VpT,Check sum is :
test,"q
4",Check sum is O
test,Q8%,Check sum is N
test,{^G,Check sum is @
test,CX<,Check sum is 7
test,",<r",Check sum is :
test,R&[,Check sum is 3
test,Kw',Check sum is I
test,4x(,Check sum is 4
test,"^
E",Check sum is M
test,KpJ,Check sum is %
test,r6N,Check sum is V
test, b},Check sum is _
test,OF1,Check sum is &
test,\_m,Check sum is H
test,(Ar,Check sum is ;
test,P>i,Check sum is W
test,06z,Check sum is @
test,}+5,Check sum is =
test,M5S,Check sum is 5
test,"9
,",Check sum is O
test,[vD,Check sum is 5
test,I:U,Check sum is 8
test,=	k,Check sum is Q
test,ZeF,Check sum is %
test,Sr;,Check sum is  
test,"$,G",Check sum is 7
test,}z|,Check sum is S
test,oN*,Check sum is G
test,P0P,Check sum is 0
test,Agy,Check sum is A
test,#Aq,Check sum is 5
test,7ce,Check sum is _
test,	W/,Check sum is /
test,eBm,Check sum is 4
test,"H&
",Check sum is X
test,z%6,Check sum is 5
test,+[K,Check sum is 1
test,_q ,Check sum is P
test,"r,V",Check sum is T
test,l0k,Check sum is '
test,"1,<",Check sum is 9
test,y9},Check sum is O
test,"P#""",Check sum is 5
test,",mA",Check sum is :
test,t{v,Check sum is E
test,W(=,Check sum is \
test,C3P,Check sum is &
test,gT*,Check sum is E
test,"(""i",Check sum is S
test,LDg,Check sum is W
test,V-f,Check sum is I
test,WM2,Check sum is 6
test,UG2,Check sum is .
test,IuM,Check sum is +
test,0)5,Check sum is .
test,MoN,Check sum is *
test,`1M,Check sum is >
test,lDs,Check sum is C
test,"cl""",Check sum is Q
test,m6=,Check sum is @
test,]eX,Check sum is :
test,+vf,Check sum is '
test,]br,Check sum is Q
test,`Mu,Check sum is B
test,ZCb,Check sum is _
test,du7,Check sum is 0
test,qm#,Check sum is !
test,"xB,",Check sum is F
test,!Yx,Check sum is R
test,%sl,Check sum is $
test,oev,Check sum is *
test,".q
",Check sum is I
test,K!b,Check sum is .
test,/i8,Check sum is 0
test,:7u,Check sum is F
test,u+K,Check sum is K
test,@Wg,Check sum is ^
test,E)#,Check sum is 1
test,kLg,Check sum is >
test,z.m,Check sum is 5
test,FZ*,Check sum is *
test,"B,S",Check sum is !
test,J	U,Check sum is H
test,9(e,Check sum is &
test,0b3,Check sum is %
test,b.\,Check sum is L
test,G$$,Check sum is /
test,+-$,Check sum is \
test,WYU,Check sum is %
test,|b=,Check sum is ;
test,"{""v",Check sum is 3
test,Ywa,Check sum is Q
test,S2),Check sum is N
test,?p@,Check sum is O
test,d3I,Check sum is @
test,i7V,Check sum is V
test,",!w",Check sum is $
test,(1v,Check sum is /
test,&LP,"Check sum is """
test,"Xd
",Check sum is &
test,Seq,Check sum is I
test,Z{!,Check sum is V
test,PrA,Check sum is #
test,"_""p",Check sum is Q
test,0#Z,Check sum is M
test,hsM,Check sum is H
test,Q F,Check sum is W
test, 8#,Check sum is [
test,Os|,Check sum is ^
test,45p,Check sum is 9
test,s Z,Check sum is M
test,"nL,",Check sum is F
test,Mj-,Check sum is D
test,6;>,Check sum is O
test,f3k,Check sum is $
test,\~q,Check sum is +
test,9~n,Check sum is E
test,(h-,Check sum is ]
test,[`>,Check sum is Y
test,519,Check sum is ?
test,g<@,Check sum is C
test,Os`,Check sum is B
test,"G
 ",Check sum is Q
test,#@',Check sum is *
test,"""r~",Check sum is 2
test,x:.,Check sum is @
test,oFZ,Check sum is /
test,Lk ,Check sum is 7
test,2jV,Check sum is R
test,RNA,Check sum is A
test,>5(,Check sum is ;
test,@5{,Check sum is P
test,<PC,Check sum is /
test,cKt,Check sum is B
test,m+4,"Check sum is ,"
test,O)$,Check sum is <
test,TSA,Check sum is H
test,P/N,Check sum is -
test,On$,Check sum is A
test,aKM,Check sum is Y
test,OEK,Check sum is ?
test,.r{,Check sum is ;
test,4@T,Check sum is (
test,PF{,Check sum is 1
test,3yA,Check sum is M
test,^q+,Check sum is Z
test,>dC,Check sum is E
test,?^p,Check sum is -
test,u'H,Check sum is D
test,KLd,Check sum is [
test,slh,Check sum is '
test,4=;,Check sum is L
test,~Hh,Check sum is N
test,@pF,Check sum is V
test,Zj?,Check sum is #
test,{Rk,Check sum is X
test,;wj,Check sum is <
test,+X|,Check sum is _
test,NWj,Check sum is /
test,M(j,Check sum is ?
test,25h,Check sum is /
test,TF=,Check sum is 7
test,IG?,Check sum is /
test,GIu,Check sum is %
test,?K},Check sum is '
test,w+},Check sum is ?
test,8B],Check sum is 7
test,Bc	,Check sum is N
test,  [,Check sum is ;
test,u4u,Check sum is >
test,"n,b",Check sum is \
test,Z[#,Check sum is 8
test,k'Z,Check sum is L
test,:Ax,Check sum is S
test,@\y,Check sum is 5
test,{RS,Check sum is @
test,i71,Check sum is 1
test,?~v,Check sum is S
test,+QV,Check sum is 2
test,v%S,Check sum is N
test,8.d,Check sum is *
test,	zj,Check sum is M
test,Y[U,Check sum is )
test,#gk,Check sum is U
test,l;E,Check sum is L
test,Gt&,Check sum is A
test,lk|,Check sum is 3
test,?@u,Check sum is T
test,=}J,Check sum is $
test,W@h,Check sum is _
test,]&{,Check sum is ^
test,"9;,",Check sum is @
test,x6&,Check sum is 4
test,4Jl,Check sum is J
test,\^d,Check sum is >
test,'@N,Check sum is U
test,]5H,Check sum is :
test,leO,Check sum is @
test,J(m,Check sum is ?
test,|b`,Check sum is ^
test,WO ,Check sum is &
test,XvU,Check sum is C
test,-A ,Check sum is .
test,0)/,Check sum is (
test,_Q:,Check sum is J
test,2B^,Check sum is 2
test,xH_,Check sum is ?
test,-Po,Check sum is L
test,MWc,Check sum is '
test,ABT,Check sum is 7
test,?hh,Check sum is /
test,O[b,"Check sum is ,"
test,.\:,Check sum is $
test,ct0,Check sum is '
test,fuW,Check sum is R
test,=Tw,Check sum is (
test,?I),Check sum is Q
test,ITo,"Check sum is ,"
test,F+{,Check sum is L
test,Xec,Check sum is @
test,M]D,Check sum is N
test,c)W,Check sum is C
test,"
PL",Check sum is F
test,UB*,Check sum is !
test,74(,Check sum is 3
test,HNy,Check sum is /
test,F++,Check sum is <
test,@!=,Check sum is >
test,Q${,Check sum is P
test,"
@H",Check sum is 2
test,Gr$,Check sum is =
test,IH`,Check sum is Q
test,'NM,"Check sum is """
test,.gd,Check sum is Y
test,z+\,Check sum is !
test,2.M,Check sum is M
test,hR;,Check sum is U
test,-Q4,Check sum is R
test,tl',Check sum is '
test,"{,7",Check sum is >
test,(V7,Check sum is U
test,+s;,Check sum is 9
test,p/@,Check sum is ?
test,=24,Check sum is C
test,5#4,"Check sum is ,"
test,kV%,Check sum is F
test,H%[,Check sum is (
test,G)r,Check sum is B
test,X+\,Check sum is ?
test,?W-,Check sum is #
test,.PK,Check sum is )
test,<oU,Check sum is  
test,di+,Check sum is X
test,J_O,Check sum is X
test,Qq^,Check sum is @
test,mGY,Check sum is -
test,jWj,Check sum is K
test,"
""Z",Check sum is &
test,:KH,Check sum is -
test,joI,Check sum is B
test,!?d,Check sum is $
test,X~5,Check sum is +
test,QTN,Check sum is S
test,4:w,Check sum is E
test,$J:,Check sum is H
test,"
:y",Check sum is ]
test,"md,",Check sum is ]
test,stt,Check sum is ;
test,{*\,Check sum is !
test,3}p,Check sum is @
test,Ev8,Check sum is S
test,fjw,Check sum is '
test,X'C,"Check sum is """
test,n2F,Check sum is F
test,!UK,Check sum is !
test,:i=,Check sum is @
test,""" >",Check sum is  
test,f`_,Check sum is E
test,"A""*",Check sum is -
test,FGP,Check sum is =
test,9-s,Check sum is 9
test,UR`,Check sum is '
test,q<5,Check sum is B
test,"V5""",Check sum is M
test,E+X,Check sum is (
test,^7},Check sum is 2
test,Ojp,Check sum is I
test,`]o,Check sum is L
test,^cV,Check sum is 7
test,0hz,Check sum is 2
test,9o@,Check sum is H
test,$+w,Check sum is &
test,i$z,Check sum is '
test,w@A,Check sum is X
test,tSp,Check sum is W
test,1\~,Check sum is +
test,mZ=,Check sum is $
test,x$S,Check sum is O
test,kl ,Check sum is W
test,L*P,Check sum is &
test,sh1,"Check sum is ,"
test,!0T,Check sum is E
test,bz5,Check sum is 1
test,s=O,Check sum is _
test,7Wp,Check sum is ^
test,cG},Check sum is G
test,o1&,Check sum is &
test,!36,Check sum is *
test,@{a,Check sum is <
test,&sg,Check sum is  
test,kg3,Check sum is %
test,uZ4,Check sum is #
test,.K1,Check sum is J
test,"I""a","Check sum is ,"
test,bDo,Check sum is 5
test,n@$,Check sum is 2
test,u!5,Check sum is +
test,Qx.,Check sum is W
test,a:H,Check sum is C
test,X8<,"Check sum is ,"
test,%pY,Check sum is N
test,V;	,Check sum is :
test,={H,Check sum is  
test,@\<,Check sum is 8
test,Aql,Check sum is >
test,9;j,Check sum is >
test,)) ,Check sum is R
test,d2j,Check sum is  
test,MRE,Check sum is D
test,7 l,Check sum is #
test,b U,Check sum is 7
test,k4RMA#*Oxw>TUc]M:*5%w\{/-y{}o',Check sum is M
test,"jCLtYKYPfWqKD%S[C}Em+hQG-4+zdg|}aaKAH5+AM,WOM",Check sum is 4
test,]s(r+d'',Check sum is '
test,"iaH0Y!C>By:ar6=NpK
",Check sum is +
test,o}&2  ne-YSns1LRE!Uy5jCR[%OP;Qo#vF,Check sum is !
test, `H/'z,Check sum is 8
test,7We3A@'pw:&9sLinPsfr)-Z~,Check sum is M
test,L5C{@``Ald,Check sum is 0
test,",fn!],C]8*^&R`s#x;}t{}	9$Q1",Check sum is \
test,"HmNVZX]{gY:S,#yW.2NWQ]POEMo2}!p	w?eO",Check sum is 5
test,I/e}6HaV,Check sum is /
test,"}Hy
]yk	.,XZwcGgzo=u$a?;:oMQ{W*,2('{$0q#z0w",Check sum is T
test,<Wiv(c4PH{6Fw|'h,"Check sum is """
test,"9VM&{r=)kXM.mM]-1!2/JCy|?PhVm*?\1y,&c5rcU7e$",Check sum is )
test,"W2Z 	n1
NaOfO",Check sum is H
test,%J/0'1x~X2&Z,Check sum is F
test,KD$33X83k0:#	;P\t{[(hM^-)|:z.F|gB&Hs,Check sum is )
test,[QWzELXD(yze*X-v/V>[a/'<^JC/;~<B_4,Check sum is $
test,"4H	 li?T2Cz']:[""F
s	IWV28,",Check sum is /
test,`iebn3vSo,Check sum is I
test,pHgn,Check sum is -
test,"pYLM
TBvu'XcLMksHJEw`P*|[11|n?ZApLbSh1~=D
a^}Q",Check sum is +
test,x7*y\,Check sum is N
test,kx<FXp,Check sum is M
test,"0j1f6>k!vFdXA#BzR:@T,Yi@3LLHP#2^~Sm 
(n>.$2y)",Check sum is /
test,$)D,Check sum is 1
test,"2um:46U_QEy""{}s)Zncm+%.{&fP_",Check sum is ]
test,}YJ2,Check sum is 2
test,j[&.J	flO&/,Check sum is B
test,"!FRhZXf'I5c
vh",Check sum is I
test,"$bE0h-m&m:J'xY7Qi+y""rbh'- B/",Check sum is D
test,"#'(#r|5Sm'Y9|Wh
G~""c7^h2<,
x0	j4'aw<<jR$2",Check sum is Y
test,"CfV/>$92U,%q2v-Fg@:""yZC W^9I*
z=j(!<P",Check sum is '
test,cq;U	v*WWA+H,Check sum is O
test,"8jN~GKB`&`i#X~EH
QgUu,%]*}}^RfQZ6NnApd'",Check sum is D
test,"KEbZzloBN;w%f<eTj}G0K \%%pO
Q#++",Check sum is E
test,"z1MUu""	!X)B{xAK;SW+p]pS|{BahC",Check sum is U
test,"\X,VNJZe`jp=",Check sum is $
test,U|?!eY2R)I,Check sum is E
test,_R~g\L4; q=|hlk,Check sum is V
test,:1a-6l9ZbMJy3ULL60fyOV +[0agzl|2,Check sum is <
test,	u\O6=',Check sum is #
test,kvgE3[t!,Check sum is P
test,NNtX0AsJc7o6-Gx>2MOv!+'zHI;pA}.F*^)Q&XyPzQj>FBJ,Check sum is L
test,7|0 lM[zY-cL6@v,Check sum is R
test,"@!l(b`yy@d@2p)G
D)D
",Check sum is D
test,"7mfMR
%EgpWjdb`a;zf15",Check sum is ]
test,B{m+6`??2=M1ax6NS},Check sum is #
test,"|""8$		}+}Wrj|pT
+c+#&u",Check sum is E
test,"z^|#2Oo~k,`d",Check sum is  
test,";lf@5a|Yg,GLH8_ur2F*a#Io","Check sum is """
test,NG4`SHYTgN4h xqcO=(p\Ijq&v,Check sum is N
test,K`Csy	^AG6TEoG8qqdUv&aOi_Q[NLUb,Check sum is R
test,"sD0jGC""4q+\AHO]""{M9
Jt(",Check sum is Q
test,"J/6_QZNbiu""R0B,n,V}>r_('>;}	fJ
k'""C0^Ce,t0#	",Check sum is &
test,"bDCmtyz),4?R>+KMFO(2C8TPzyE 2[6.8&~^'IR*gB%>);S",Check sum is 8
test,qvdp#8Q[;Dmll]-nwK|\wIzAP\v!xP{u_f{COh;]s,Check sum is 3
test,"1sy`%\~1r.%]w""	J`",Check sum is ;
test,AdX,Check sum is ]
test,V&(S. (8XgvPX?9I;mSe:BnJ)qv]+\=JMF/Kg,Check sum is &
test,"I6	,j`TX/YCbGOeNd;ifZ@/\Kj+u4	jV$#rj'=@cQ=Ey",Check sum is [
test,"x0jYb^rzH0t]ac_~~)@t5A	V5r{a}x
@*t\""Y0aSIQuQmK9$",Check sum is !
test,"fr Yj=$7%#.L7LElr=jyI>fmoWB'6G*33
@4rR9K`GVA!",Check sum is 6
test,)pLh/_rnBP,Check sum is -
test,"{T[+
Z2S\[$C
`RE(6p3kk0v9FdR",Check sum is /
test,"1
a;iSr0J
G:D	?:nv	ho%aC^3QA|qvs>|-H2",Check sum is W
test,#HYmm,Check sum is >
test,j844 ;,Check sum is E
test,-z.H|m,Check sum is &
test,gdwU2s$:M7T1yua,Check sum is R
test,"!kK43k
jh@WuM<So4Qd=LeW
]<lJ6mgX+{OH@0z=",Check sum is I
test,S[1C[liu'5,Check sum is C
test,*z^Iu	31N*>5Er{UU`j@X4B.aua*(9TvcUk7,Check sum is @
test,"g
O/9kC,9O] fG.Q%H=#{.Br-

At6z+&Rs!O`EC|~Q5pRH:}",Check sum is R
test,"''idbT^	200ZR&f ?#wlv( jv(NCU4H%dB5|vg1v,_Bef#J",Check sum is 4
test,xsb-,Check sum is Z
test,89Cfd0CeyAdS.Bl#Kuby	Gr(Jl,Check sum is !
test,Y:A3(9*GCm}Q*:_e{k+STirymK]`+'+O-[M 6JCd,Check sum is H
test,fLjy6xkI>}}tJ88z:phaL{gFTSh}5;VZcbCn5?P4lX_3M8R,Check sum is %
test,"F*""}
[%|]47EC7o()Jj..\|jzsxya%gTyNnO#63r6a/@isY",Check sum is *
test,"$j) 73Es
033e|8*J5o#vSav~s_4Z6e",Check sum is &
test,z] #-IZg FDRsQ)6+u o>4,Check sum is 1
test,"NQwn!_ufY|/^|j'y_@t?fmJ*Fb]qBXabD
<J~~fgEU0""'G[y",Check sum is ^
test,pdXmi{	 )O^O1Q`OL,Check sum is (
test,f4u[O:=GpdOx5^`iD*-LtT+L%yZ#hSY:<,Check sum is Y
test,mJv#=/(nu!k,Check sum is 3
test,"$U\SMH^)]bWf. EhdFx""!G$MWmk(p[$$KZRzh",Check sum is ;
test,;]pu,Check sum is ]
test,"4U3
dju5",Check sum is ^
test,~jwDp}=NU	*R3!s$T9R7lrDysePJbm\2,Check sum is @
test,"M
QmoH4FG&2ci^aNp0",Check sum is >
test,"
8hio@]w}Dl>J)
pYuN1XGV(5[dk",Check sum is W
test,b|.k'xXZ<DaW[+ztd;f!^7Pf,Check sum is E
test,8&L(RS_tb%,Check sum is 1
test,gstV4><3,Check sum is %
test,PLgq2siB&ug+<C_d@eE<QI	uu\Q{mpNt8DavPoTw)L)0uO~,Check sum is :
test,/]vb8U9/lvM]<,Check sum is A
test,"-|gt&\-'GD,wVlLlb	jJnfT[:[[1KS<5m|/aQ(B?",Check sum is '
test,4< 907(,Check sum is 8
test,"[|YGYu=4tG=C(""QMk+iUMI}$db=F^,c1O	LBoT:",Check sum is N
test,N#'Rtcd`\v-kWxA$3DJzYYk+qc@,Check sum is Z
test,cxQ-$;[@ESCGJML:yag5W5w;4Dicd8\s9*X,Check sum is P
test,:-`W,Check sum is >
test,"m? |,EEzp$4i]T16X&$LFFL4I"",j$,[nQi$jwq-sre@UE1",Check sum is '
test,Rt dF^N iY%j%qCf+p},Check sum is $
test,"FKH
s3<5is	X;uV`33A]xq~JC)QiHj)q:^J#Eliv`<0#k",Check sum is S
test,";)Z	
!]cy7=yGy:z	`-AN
$8aoWeM='p4Eq$*g/~",Check sum is 0
test,.zZSz$a+,Check sum is _
test,"-U[?r/%%Sa""\8tTgoHtn&2ns/r,liP['",Check sum is F
test,"7#RYb|(q 
T86vsMn&yd.*O/Y""TEsh!27?\spX0NdE/",Check sum is *
test,"Obp#_""""CoDe<z_ku )EmL+Ox(i(}an	rwYkN:!=AH	h;=7E	'",Check sum is O
test,"B""^X}",Check sum is 7
test,"BLy""IK
4!5;NPrb",Check sum is ^
test,"~#l.<7F%fL@""4",Check sum is A
test,".+et\Q
>w""O`F)#c2&?dz:o-<?2USpJ1^Y}NBc/>'z{_?*wA",Check sum is ?
test,y9A1H	SgZXO7qX`%}(-1.Y{X{@Gd	c[{h$<%evLfgF`Y9V{~V,Check sum is X
test,q\KbYgXpyw~^)%A{{Qf9!~Dm	,Check sum is <
test,'6H2WuAOY&-k*:w8,Check sum is =
test,"tz}V2)Lf3;[yqvG
BGRRa6w0 [",Check sum is N
test,n%)_bOA%Qn>ccC7zRgMbF$tN}lZc}7vq[[,Check sum is T
test,"`.@#PF;#BH,Q|Prp",Check sum is :
test,i-!0F/[>N.,Check sum is Q
test,"]	!nTlua}""NhL`l6VK>(ooEd-1)r5 j
,H,G-~<k>Zx'z7jAUp",Check sum is /
test,D<@Xs	X8_)vt6e}9,Check sum is G
test,[\GJklJGlbLi0:G}u54Rcpyr**rWM<&g:JbTl$R,Check sum is >
test,pMZo_}d=->9.d	)1nqz	vpk;9[+#<,Check sum is H
test,|?d!:dVGaU^,Check sum is /
test,>2<sgIb;BoxNv^{> }{nT|5!VXdB?cp<Rbq,Check sum is C
test,uZx;,"Check sum is """
test,"a""",Check sum is #
test,Ip9LB%9R)f',Check sum is F
test,^I>#Xq`W`h|f|k>kz,Check sum is \
test,037i',Check sum is J
test,"xa{""w]gnf,!v@H,C7@sFSA='gv8Kj7K2)X(
_lG* ?",Check sum is S
test,_v,Check sum is 5
test,RrFb]3i_K`,Check sum is O
test,"XlH</vLst?sIkaq%9g:*]/!
%#0k\mno88Aag@=,YSm0X^QE{",Check sum is S
test,"""'6h.s]QWj)>Y(L/;J)@!yX|?&Enu",Check sum is #
test,w=#jwuW7qRCR4n[VIrX(h3KaBmC0p;4Y7[vfOl 3V,Check sum is 4
test,iow =C,Check sum is O
test,by|g|kjMQV>}P3&>F7zCH$3cwL}5k9xN,Check sum is  
test,"t5
 5r$^c3205F|C}
",Check sum is U
test,/.Fr3k8~l=hBw3i-)kR#JIAa-x21 Sh24E2r,Check sum is L
test,"`4PF""7HxuMyo{l:""?O@
dixH#eIq/ZK;=HYt4?~1",Check sum is :
test,{k FeYpft9}n'U)h&&*4]5S|I+VHwu},Check sum is +
test,MBH&`:8vnX$=Cd~wO9%+g[ki\?)?A`,Check sum is :
test,"::L'TR?e$5p13-X]'RagkK*|A3,1cup
Tf]~\kl]B4}",Check sum is 8
test,"3,!cR(U{@4lA0	9a~Cz~W.5|7|}PNlhK",Check sum is ]
test,lh{`Vr|A4IW,Check sum is (
test,6:'|?&Dqi<HXz~<},Check sum is C
test,Ts0J=k6[	m}Z;N=b%sID4BH4SG]1Waa	L]I9<,Check sum is W
test,^_%~+a*Vh)53b\:>@vMeB\SSD]nlA	I6:o]^E7s&siHaZSa,Check sum is 7
test,"PMSPSgI;YUE@dT,77\,b)<Y%^[oQM7BhAT}	v~@4!i^20ddB]",Check sum is K
test,"{NwYf(TNj]>
4Tt89I]F_U6",Check sum is ;
test,"fv5,9]&pt1S95=gW$r.K?>N\;e>X23y",Check sum is 4
test,"%Dvs0x]I&U@6Hz_ltNX[""*oWZ
T.[D$5dAf(f}m2l",Check sum is D
test,hT'1o-~p!q]Zf1I.t5Xc^hNC0?~(,Check sum is %
test,"7o;*OQfO5""-:W.c=ngKWH7>#e!I2 |L}~Xo).-7",Check sum is  
test,"5>aRAxh=IT=Qwy%rR3&z+C4d,>svQTZxoCWi^,^$d,J-8rI",Check sum is C
test,"ZGM Hf/v9;C@)
$iSf",Check sum is 1
test,-o*+;fd~)@En4,Check sum is $
test,"]~7y>""<|>)[/\CH]5
.I",Check sum is .
test,"3]GE=Vaa4iDO%r45@*!)^4S>l)\Jq/""/lV	\Alz2""|,%h2Zt89",Check sum is L
test,NgPFf,Check sum is Q
test,"d""tF@'}r@,PHIoMl#C=
{w>lDl0s`6#4& nHN5O=",Check sum is ?
test,"
`IL	CKK.]X3JVa@8FIB9	4k/!N",Check sum is  
test,"IcQPpD	KX?tb~+58Ez{""@)Q",Check sum is N
test,K-jy/5S,Check sum is 2
test,"LB0@G#~N~Jsq|&%E
y%DGw3|2%2jV3.1P*zHxJq'Oqv",Check sum is L
test,"+
X_""#P`,Fv`~ '7uSOF2 0u",Check sum is Y
test,bPKbo/07<8_9\cz$~j#&,Check sum is ^
test,4Nct+$q S`yo,Check sum is 4
test,J;lCe?7:,Check sum is )
test,"S^kU^?P""L
",Check sum is 6
test,-li1,Check sum is S
test,9A^E\PC `+fC},Check sum is =
test,1f;dVG8-l<K;5+U:>FLr'=l]	v5tcA8&x,Check sum is F
test,ri)}F?eyhQ`	xY\4LeIA,Check sum is B
test,"8
-rz3+",Check sum is Y
test,"v=U|@O{2IN,}uo5KD]Dm:/x NkAS",Check sum is $
test,+<o:.,Check sum is ^
test,jo,Check sum is 9
test,"4#vC	PnDh3IQ<3CjhL*z,NQ",Check sum is /
test,LQ3\`9dI:,Check sum is L
test,"}NR~CnD`n|?[B$,1$MLj$UQds\O79?`h?>%ZjtR1S'ZK(@!,Y7",Check sum is B
test,"`Jja:8M6Lkw9\B+22z1(\o2NgO
BG`B{B<7F&v9&36'O)w!_",Check sum is W
test,FqB]mB!_Ff,Check sum is Q
test,"7gf>7*9Qwmc+\{5i@X#nD&p
.2!pQHm4csm+n$yk*{tMQ4]",Check sum is X
test,"""Btv<2EL*.|M&",Check sum is 4
test,qMcAd(,Check sum is N
test,"\@IU?!yp[bmMIil=>Ot UsW5 0cRv}4=
",Check sum is ]
test,"l2&P##L""HGA^[#e(4vaI_""OFx+vZ@K8/uLaYGG@lk;",Check sum is K
test,Wr-De;GVAx~ws:;EEW`B,Check sum is 0
test,dxPFp,Check sum is B
test,oEw`~v5h}	/ED^zTn=,Check sum is Q
test,F*?{6P6qy)npF>bc0,Check sum is 0
test,"tn`	T\^7^1BMm[[-K^pI
?!!1n=ZdV Rju>RUd7>odz<",Check sum is S
test,")W)\ssD'D}{;?oWN@yW[,G`mA=ZPa@
N",Check sum is L
test,b)WS2Q3CK9B(F%,Check sum is '
test,Mg>$b1,Check sum is I
test,"=$a<]],Q$_wj""UIUBsy[/aRoYJ^0D&t+Kd'RAf;6,",Check sum is N
test,"}t wjEE8T-E)(V4_n01NN9sORF,b[+P",Check sum is 6
test,"t+wIs^0
N",Check sum is X
test,.|@q/TF@sSt%Saha9z1IGT18,Check sum is Q
test,"^03V)o-+3FC+L,[qh8#1N""""{_aL&",Check sum is E
test,"4m*u""~ZtY[_`fn#|D&qW4Jpd",Check sum is 8
test,UfO~/,Check sum is W
test,"!`W6eOb~Rj
HQU9.5KX8E0P~zrCR_Fom94=CJb7@#/MxC1",Check sum is M
test,JO]_%>,Check sum is X
test,"""UQ'| sk5C>i,HM0e5A]L$P?5q~|]x\McWnmM[1Z[",Check sum is Q
test,"-oVqo$:J[<Dq/TCJ'37R9P+7aueq^]	K~Gn#T~,/b	5""1",Check sum is 5
test,"DG/]kK.&DCu4Av=/jM,OO7Gh!h``4${j\Iy0/&F=$2Ey04",Check sum is _
test,YwpPw?vJ4aU LdW_=,Check sum is S
test,"B>GT^~C_~;bKlkUJUjKuJ8
{Z{KnHy54fgm<zoOW}w",Check sum is L
test,"U]fWcx
5Gb",Check sum is R
test,}-QwPWH%Z6ZkJ,Check sum is E
test,qx.@FV.FdqqRy$iaPy6(X7}UT9O},Check sum is '
test,"TXa""$g.4+YQ;}DIP$CiNM""^PJ}`g?hpm_Lqh",Check sum is 7
test,~P0~4Ku#?,Check sum is 2
test,"@98g\X<&x:BDGL:GZ;I,re_1M""}&}'{|\`btXF+iSw/lL4",Check sum is !
test,'=>{Z/]%Io/XWB[K%,Check sum is +
test,"EB;y""*oQuqv$IUP	:	vHb.=\ovx8S}9#bZ}e[KHc~CuY(M)::",Check sum is Y
test,"hB'oAHmP5cM, =>6R!*l:& A_05oUn+o!QRD",Check sum is *
test,"0JX|+'28y6~un{f/,:>9+n)JA`J,yE",Check sum is H
test,"4{w?,#(=jw,CM$=bgMp61e#@=#sL\9A)_qgxCangr	'A_t",Check sum is (
test,"x]v|Y,""fjV:V#G++70toGcQ3^O1E""]	:o mHQ""z	R/&{3m%",Check sum is B
test,a+=83aVgyh,Check sum is S
test,sdBnfXHm!ubU%bdc=Q+}&qD<4hp2+j*ij*g(G<,Check sum is N
test,"L~3)5k=;s8NjR2cohC14?*ggIST%
GNDIeBk3V\ *",Check sum is  
test,Twa&Bh$jc]zyTMO{b.hZe3y@w,"Check sum is """
test,"wKw5nlg A;B%]OR{kd9y!@G
<R%",Check sum is 1
test,}|1}\G[%933uIv:k6(#yzy#J`{Q7W5uM$|T 	)&t,Check sum is M
test,"m*?:R'SVx'igpnC-M!2'"")2'J|K`c&anT22L?Y~}*G",Check sum is K
test,"[MQ^ADQ-(""YU4%X]&s6S<",Check sum is ^
test,op`zp1~r'jC5CY;,Check sum is J
test,"v<y88ru[|3]CgN	Rkq(kv^<czlre>n}h f""n!\e=e"":G-UoUE",Check sum is T
test,"KhQW0$aX9JfuL?(S2Y> I2+Ut"")]*leh0&0HX_dympP",Check sum is ^
test,"WBo0
tjLM=",Check sum is V
test,1:9=,Check sum is A
test,"MP@t
%S,8svlNew+?sM11|JV""P}~Nz%%B0S]7[B8$A.qp 0OM>",Check sum is I
test,QMj,Check sum is (
test,9krttX/1y_?v2 W,Check sum is L
test,")I,N*yE|R>1M7YN(MfV#	uK ;! I-2[,BW)@:""FEE+J&jWg",Check sum is 5
test,"
!2HDIq.r	,t9Yt",Check sum is R
test,sB[(*bjJ(d}#vkb3eY/c	-bNw&pw<eTISQj3RL0l,Check sum is -
test,0r7EWmY^jzeQTE=9w0e@!L#Wl,Check sum is A
test,"8
mO-sH#c/Q3Tl\57JvY7GviA",Check sum is >
test,FbvCri(? ~vs|,Check sum is F
test,~6,Check sum is T
test,r7OmWh978=$I|V,Check sum is (
test,cHQ@U]2B^l\4,Check sum is \
test,wSc0,Check sum is =
test,R7y^,Check sum is @
test,"""e`{'=1y{0Yj@?eX7W+bCo1v",Check sum is .
test,@E	XU,Check sum is [
test,Y1\a>LFnELOjRCs0K\VK,Check sum is /
test,nbJwhZMP,Check sum is P
test,"@{#6!""tGVL<M= _Z\lsH
`[x&",Check sum is Y
test,"~?9`P:.W>$	jNmC*I Qn?&}wDV!S^fy%&(:V^Y?_
1 f7~",Check sum is \
test,"zEc|<'-O
*#WyqUUf",Check sum is E
test,"*%Dgnq
<7@0",Check sum is &
test,"e""l",Check sum is S
test,"qok""LP?E5tvWnEM;J++3F.P8iCX	{m>+q/_5-V0T(",Check sum is .
test,Vs/?Ed{W/o0Bz{k(iDXQQ:(:wxjeN,Check sum is 9
test,5sT^vnMhR!*JlP!,Check sum is W
test,"ur*)tmc7#Y
r51	n,cIO<2t'/z|[{<BQ",Check sum is $
test,"Z)wmqw""w3bi",Check sum is F
test,"Yj cT:H	v""Yp]e.b&""'?V_88JZ!PF
iR4
gi)b(6^N)9r,8",Check sum is F
test,}|:<bM3IO%HTu9L`bJ%0),Check sum is N
test,6ADj#:@b\_$B?4>g>:\Bj,Check sum is =
test,RIxH4Ia>Hv9GUI[;`YpC\};0<T+=XGi,Check sum is 9
test,"R,k\3F|{~r>2s'Vdv0tKIy1trNz&rEM",Check sum is 9
test,pW\+tfYEpwf+a-TsZq-mCNtRB+Fu$XQar&WL}K$V`VujSRb.(d,Check sum is X
test,"1RiyHqVz.;a 4t(G~rn)sty_ Al""",Check sum is D
test,1e+}%,Check sum is C
test,"-B|Vn""M\J3DVR$A}l1_b]2??		UkCTxP1sqI",Check sum is _
test,z#Asu@Tjfz\V!d^X*A@;XvU6wsNb%dJ+8cQ,Check sum is 4
test,O7I'VAqzM8Fn'~n'_1fGC=,Check sum is H
test,&	[-=ZY08N#,Check sum is  
test,hT3w'g@)IuV&pU+x5^0#Tn?}vMYb$,Check sum is %
test,ZssGM7EVR0!',Check sum is P
test,"0}""Ce{/jxbXd<",Check sum is =
test,"0K,NEG-}Ql-W",Check sum is L
test,mHdHXz}0v>3Lleq3[,Check sum is C
test,"fz|RN~dgUo*Mn9M! n9wfLsaT<`8zU,7ulR3oj;%Zmj4v",Check sum is M
test,"D]OB_,4 6@BA:9E7Htg8E^F.@[=QsGkJUmLL",Check sum is =
test,<w4Xn]605wn;9mlkbk~WI,Check sum is M
test,C4&jwsRILTc}Y$F&fbafO{5P%Jeg$Z,"Check sum is ,"
test,"#`-D%O\phB""pJ0h9few9J/Y",Check sum is 8
test,f9_S+kF1nlmD=9_?zZZ1;n:2]e[lDy =RAp\v+W$I0q,Check sum is Y
test,RckzJQ		'{*!`_G/\%Mu-rcn}N/SUHPm_OK,Check sum is \
test,"US;U""
(","Check sum is ,"
test,"`}	2q%Eq0H_D:Wr%4yBkyn4@CXdDbmi0T
ng*: ",Check sum is ^
test,"|w?Z5b`lel0F$'
+2^k+gv#ouZ+D6^ES-Ap}<nR#",Check sum is O
test,"JP#8_o^jOhM>6|RY6?:'7,	<#ioFNOy>)\4v'Cflc;33w",Check sum is C
test,nKa	H6[5E#K)RU9bv.VU|S#^PEUC$/W?)-C1:,Check sum is (
test,"&ef,R*q:Z)`jao{qt1lS9?F3|2\),Qq*Nt$umE8vl+BS=S",Check sum is D
test,"I(Y0>ozF7HB5)aM-GYk
",Check sum is V
test,Y&2GSZ'*%__m@*n6*xpI,Check sum is O
test,"@=vw*-\]M?DLJTn}IRnsPYL')8B_I_n>T>??.
Da/VO",Check sum is .
test,"5]u p$nq-A~3n:O]_)`j)_7:0*fRT*
/~x:&k",Check sum is B
test,fv^GpNuW1;O<}|XPJs0^g<Kv>GnM&piJ[Jw}!4EJ*,"Check sum is """
test,"sY<CUe""4-@O)",Check sum is  
test,"ny@xO*C +lqIH'O;6rDv\Dd3\&q)JH0=B
MA[ =8:AQ",Check sum is /
test,"n?1B0Zc;ig+-5a.r/p$)H
gmto(:)3RFDX?!--A\k94cE",Check sum is D
test,"2b[dP(p$L$X^-s\(Qf$M-Oeyv\$,}\^3[?r
B#4foLdU.	4",Check sum is K
test,&'(Jo3ehQe~KXd#W^e?]3nOmN)x',Check sum is U
test,OE=d8ovD@O,Check sum is E
test,|sM~*E,Check sum is I
test,">@,{>""wK>`-.'""i{ w_g&&'pfl{r 
Fz+K nq/hm;vln",Check sum is :
test,"K:qC""[m

Ox
?V	On5I07/CSM+k.F[m`+pX|j95e;c0y/",Check sum is N
test,"9>tdgJ{Q""""=l{gHk3a^tL'0w<QO%",Check sum is /
test,awEe%H4A'.=(b*2~=.R0^%8W`u?l@+`Gia1.!3hk=N>q(q`O,Check sum is ]
test,?q,Check sum is P
test,"vX}(gF#-9&?.C)*3@kMj:U4
MOoZjckxq_36L]vAx{N_%",Check sum is G
test,"_Tg[%:jW1;yK<Xkx46nO	pH v$*Wnyq:xH7=L 
",Check sum is ;
test,"Fj2YJ+ 01A9~MC<66P5'_ZI{(D(J!RsOi,6M$",Check sum is 9
test,ucx4}o7O!gO7OD;w8QU>D?B_tEtu%N\VKcSAXPTcR<SoMh^@lS,Check sum is 3
test,"|bp-Z^i0obFF.*Z0-Zf7Nq~HS Fwj1?j-sT?&""y %6Cw:g$2l",Check sum is T
test,"U<hI+psmE#nIGOH1A,7ibX{A*6Z[""D\""S8XD,d49Yj",Check sum is .
test,"0HJ)8Dwe,U.W""~5|qCZs1W.>\B",Check sum is M
test,MV.LWM,Check sum is !
test,"pI6vHfy]fZ5_&y>L0q,QWWlo:""O#rMhM9ObC	$0",Check sum is 9
test,JpWu&e$G3P;'KDgzgm0|Bb$	F(UR&V}O,Check sum is _
test,t_3,Check sum is &
test,6lWJ4~+i7hXh}!,Check sum is &
test,L0=Me/$]WMPHN7xn7Lj}._Q@:R_,Check sum is U
test,"e6BA)%aHWxyjq[=Z(qn)T4,'_.PBz* ",Check sum is 8
test,":IVpPqgUU
.oz2YdMNi)cY""o^'{Bk3X	+/^,T",Check sum is >
test,"gIUEs,kqy97[sq [px7!=`|d$",Check sum is )
test,"F=Ft#Ln#TT~xm<,",Check sum is P
test,t!<9`(GFg{7l	.ab/N,Check sum is ;
test,"~r9z1t!\_
l4zsuJS",Check sum is -
test,".Y@`tdCI6jilzcD,/;q!#J[u*g~q)oLFPw*m{I x""$*1C,",Check sum is Z
test,wm'kjk9TQ6}0snh*;B~-@/Z,Check sum is P
test,3G,Check sum is Z
test,*IKtV&a$7k}{E $EN\7y' Li,Check sum is Q
test,Rz5@YGhz]0bBv{sGh\\,Check sum is _
test,Pd1FSZf,Check sum is ^
test,"D2Ltheh!(u=`jc$eWMx],{w1""~NL_Q7.=ta",Check sum is %
test,"|c
gp/,w X9xK~""6qo|#c",Check sum is ^
test,")5@IS_ s.5jq ""X-:k5_D`$0~U$o75SA|""5jFD,m%p)0}M",Check sum is @
test,"Ki(UA@l -eCWSD[z__t7;
rrjGYB9`8`_T|]cq-$lz2",Check sum is N
test,mxZN[yK75[*}lNKMAP_7E1.XsX;0: /,Check sum is .
test,"M1| 9RPy}E#[ A7y7^=w+C@'xty7(<EsoIR;XXra=gf\uz,T",Check sum is R
test,'#PEM=%yktKnb`m))wnf1_=Va{y}GN	v,Check sum is T
test,"xls[,An1;U.Dhqm>SG`",Check sum is ^
test,"ZV M[HhC5a[+S""S",Check sum is /
test,~A:~&Z&`^Y#+iTrCq*M48E-n'[4IC7*{+M4g*k)8',Check sum is V
test,"9D `o;@I~)Z]>1Ew8&WAt""eG%fiF/pI.qE6-KJ&S",Check sum is H
test,"vHqiux_Lg Ai~eRaSW%vA(LxO2&a
",Check sum is [
test,"""W'6^TOYv	q)P.cSY|F*Yf&xWL^|6<O",Check sum is =
test,?/Cr,Check sum is C
test,\K]5Ov!g<$qe)|DNufS,Check sum is A
test,"^,y9FiSg^
Odmxl	5T",Check sum is C
test,"&)%.n&7/epMDDBn%P&i,.?Lk\@S~>Rc{euPY\fo)X3LU?Iua","Check sum is ,"
test,{Y>[qwogUQWy29DC-%~]C,Check sum is #
test,"JH:'kTZJE^2
!)Czg(qA0rhW",Check sum is >
test,"
{ENzhQZ:w(",Check sum is ^
test,"
^=>_}QJOQ|*--~/1VR<""F0#RM2",Check sum is (
test,"K{`b?#
KQ16J5cFQI@GK!$&uK}br",Check sum is '
test,"gv7Aof{'\Jr#q,q@7$Izi*-yX :{@h!4WC5tAtN&","Check sum is """
test,/u,Check sum is D
test,txE0Obu&m/9	Is]Uc-@VqTuBzxNb%<hYj^^`**#t,Check sum is 0
test,k`Q,Check sum is <
test,"b(RR""k@Pc=X!_`tZaJ|""2S&%'3IVEB?|>!M{",Check sum is L
test,Ycr_b3=|0qie%q1zO_]h_v[D7e%62yrg`CX,Check sum is H
test,"A-K$'ldpPfu)2 ]A8w.Z#2s)J*ndQ2Q0X|EP/bk:,G","Check sum is ,"
test,"^^LX7
XpG QKkA	\.5 M|eo??g5k",Check sum is B
test,|W*Ym(F]G,Check sum is 5
test,2?]s.K/S2+Ab00`M?S6]z!@@$<]a lv>*_,Check sum is P
test,A'd	,Check sum is 5
test,z&&k9=p4;'zG@bP,Check sum is @
test,"h\527YmG""8Y^",Check sum is  
test,"h,m4wD|Fv
Oz\r
jiKMNWE&_",Check sum is M
test,1g0GJZl&4mxjPG%$u'Hb	O9`m6nwOY-NZ&mOj	f+,Check sum is *
test,[RxSREO[,Check sum is Y
test,"{WQ7O3G*R708A]{s=}62u	!6K#3#?s}~AIU|""8#Ll{+T	}E",Check sum is '
test,LA.,Check sum is [
test,PGO/A,Check sum is 6
test,"%""QFn
Hb8a|%aA:ibo0[ts~W)_~/>:sr*}T]/_N\si!16\!RYo",Check sum is T
test,aP=8	&$cG.KkF@1Ghg$9E_|6h	%ZE(DBZC,Check sum is '
test,^3`ioR9>y}mz6?C'{%~,Check sum is L
test,"""u#iV@X>UxH={1E@{I3/5g'Fuf9w{",Check sum is '
test,!(YAGY~|E;t6Es.,Check sum is -
test,R	x)w|5,Check sum is D
test,"!,1S73ZgfVKUAl,s230o""kD\<""s}P[5Fa2
=E>dW^""H=F'o|Mg",Check sum is R
test,"7CW_,XJ~Fl8&|b)6eV
cK9jy,Pwa@)x#WK6$	m",Check sum is B
test,"+V+	
AiAU@~V@Hf",Check sum is !
test,Pm,Check sum is ]
test,-b3IK5NCTN'$;Lr\<~HtOJid$+H8>u	V5;5K`>k7,Check sum is +
test,"7	9lLm._<iRJ
3:I\n",Check sum is V
test,pAFN35`d*Q,Check sum is L
test,1gi_d@+V9Q6#c_YR M@R[+|,Check sum is 6
test,o/t6*gL?4r%C5TEP587*bXoY,Check sum is @
test,"~sH1L%J_Rjo$hLCc(S(""85gdp~8@Z>e=n,bZ",Check sum is @
test,gx%C	1-9XO?Xm7T-1%Wt-'K|GX,Check sum is E
test,-;,Check sum is H
test,(|d}<l?lwo==v:FP,Check sum is ^
test,d`P_b.^<fXL[K.!qH|B'N3T%[v./},Check sum is ?
test,|UB}^V,Check sum is $
test,	|l:xx/,Check sum is *
test,"2^AM/sg6}bM|L_UO=8Pv|7y95T""D",Check sum is C
test,V_^7;lFPo<`P& MLk/4+Y,Check sum is 3
test,]#0,Check sum is P
test,"/%Tf^9tnbm3N""O$EWCce\bCvY3e
J~L(@nGWwK?.=i]no>'",Check sum is !
test,"q*%^x2l+}%,{nyV",Check sum is E
test,"`ZXz
TRwr~* 4p$j>o5Pz*>~\,tLQ3,",Check sum is I
test,=HiN9NLJ=Ml{4D$$I;m#(CMC}IG@,Check sum is F
test,"&]`E3@+3Wu0|,#ok_$ o_sjbc}cO>N+",Check sum is 3
test,"{1yc*Xpb=a'S:MVozt+vyC.!wx<YUw0G-JI]i=1""<Y","Check sum is ,"
test,+Svb0mr.](9/FWao0F|/uOvf+jW*b]6k,Check sum is D
test,po{:3u[7.;*^v+r]	A'uS+&:rN]-!:o,Check sum is '
test,}rq6aD6-2)/+1:>PC3?Za#<2srW_Q*=c&tp,Check sum is -
test,s!Cu\=bN5oL'1p5E8vKvjM,Check sum is M
test,"]Q""bBDT;)V",Check sum is &
test,"at$r^IwMg[)WE'%w'(G;/R""{",Check sum is /
test,"~A""$CLfRlh353gX.6NMi]@;TJH;+wr@Q4KE?Nz#%73Y/",Check sum is %
test,"~k3il}^ *pkt M,n",Check sum is L
test,x#]{/e(8J%{<hqk\_%8W+\28h^I1Xm#xyaM>wHX}g*/,Check sum is *
test," }U""++')+'q",Check sum is ]
test,5e<N#	R9{?&$bQ>Uq)9;U5Oh&	MsFlpT8KVa).F2imD&,Check sum is B
test,"]*{
Qh9Lk4~0qJ'e:[7<",Check sum is F
test,"R[""v2L{/=+Kz.}4""",Check sum is ;
test,}E\h.,Check sum is T
test,"
A,'a5",Check sum is T
test,0v_cp#	[Gl'8t^*jt,Check sum is +
test,=2NOv>?eOw@em ,Check sum is <
test,$}H0Gmwbi$Ng2gfq-5f@,Check sum is @
test,"""j[!/#He",Check sum is '
test,"""
~uCo&gdP",Check sum is 2
test,"N:WO""`at`&)0z^B&5 =RvO+~ssY!1U#HF9mqf5[OD",Check sum is M
test,"q*jJhbPB5,!Ei4;8g@Rd!'FyYGTbc:Pz\G{[a",Check sum is ]
test,?'rIsJ,Check sum is >
test,kYrI5<esHZ'[7i&lNCq*E8#2=&2VM./Q.tZ}y,Check sum is T
test,"OMu4oEo7j*~JTeJ1(#%gHA(&\,8W:R@+Yqtb
>}",Check sum is 0
test,v{f/YpH03i+NpkI{*ej Om{$62F<RO*6\p-U,Check sum is H
test,"LN#Of2$%rK's^yl[""[0AOL4l	]Xlb@{I!gZ&4i",Check sum is  
test,aRc~,Check sum is 4
test,`hpB4(<(jN>BTG,Check sum is -
test,"A 2PELF	Yet!G\E0G,F-cQ@[ax",Check sum is \
test,	;4+fI	% y,Check sum is 9
test,"Z)@*5ljk&pN]o#pK!3,GWiv-:oB2St3",Check sum is R
test,"./sJ&=@""B>UxB|@Pd$Wk8*?!ruQ77X?`wf?9|X!:C5}V=",Check sum is O
test,SiS|fC3(eV3Ugx!f,Check sum is X
test,N)M{6p_8}k1oYq]~/*g,Check sum is I
test,"2j@#(mEP2F}4#AtIsHwe/R918\u#;@[R=""cW
xcjiWECu*",Check sum is 8
test,"}\C_Ku?.Q3u4jgr""7rXOQ84y2!BH?R?QN|4J1BhrTC""#TSo<",Check sum is !
test,`!hu.x:Z^$(E*2PGWGwP68lOt1urC}Rcf{-CtdS`,Check sum is E
test,"7|402O.7E=/]*&<;NKt05?ELN&*v,n0
N\""'w3
pk'",Check sum is E
test,"^K ,(GfCU=3	R{=N`f'qTAVnk =e}.~t8^.H(JLvwBD55Q@=",Check sum is I
test,bR.O{>v,Check sum is @
test,"LW^wWL(V""9N</qw(h_&Z	Xvj5CVkB}eV",Check sum is X
test,"+KvO|(gpRFP
rE^0^iRnbxPEfwb",Check sum is B
test,",Kn^!`AEc]_ePm%^]_FpjH2wdJ=-w$EPQ'",Check sum is ;
test,)9bz=EpO*3UianU,Check sum is ^
test,"h[iWi+P+""_JQfU""39ZDj$;+-0SFU{(84HB;{$Mg
",Check sum is %
test,"a
P{%WQ^2X4
GG[)ghx]rr*qw",Check sum is 5
test,"""l{>)sq (y
aFrqzia ",Check sum is -
test,"s~Bs5$#G1<O,1a10iPy?",Check sum is U
test,"1b802[OQ0?,Q	 j",Check sum is G
test,"iFs9>L#?\%_cC;DuCnsy`C_2}ehZ9Zw<k .{jllIr>L, z(9E~",Check sum is A
test,"m.0$Sb I;0O}Tm""'X[:B,xDKD@l.=xyS=NB2^Tt/WnkWQlvc$",Check sum is D
test,"k
\G>BAS,giV+zn
|XtDn+",Check sum is  
test,"Y
""",Check sum is %
test,"V'oXR|7
kV=h0y<",Check sum is >
test,+R~-QZ0p(Wo7:h)Q5ow	yS*En-~M	0DHoL,Check sum is Y
test,",Gg3:XxYSg][.cR#T<qVj-""\5QX5l|&.s4y
,4",Check sum is M
test,"I:Y;He`)Nu8Z&Rpy[2/FNDv	PGSRNG%tF$
~(",Check sum is :
test,._,Check sum is -
test,")MODfYcTS)X9i/9Or|0RCT[n""]:G]N*RA%eM;M?","Check sum is """
test,zx>``(PR,Check sum is Z
test,"opx!)
$W4<So 0L=
LQ/K;4Qa""c0""",Check sum is *
test,"`*fGv[,-=kjqBB*z8 h,!6T6^_R=TS**C#Uv}!M3e7w4lr]""\r",Check sum is A
test,UVUp4)R_l!<*3}e1Qq$#hN3e\6A#7b?@oj0{X,Check sum is X
test,"]0LErCcB_ht-
lm}i V,ZN ",Check sum is 3
test,t/PS2o!~Xx7T`='MwA?Q;G|o;fzO+K5=Fk{4\{,Check sum is P
test,"^48;AJLU^weOi""V Fn(y
BVAoj&7x!1hQRsK E",Check sum is A
test,z%'=dlf-b.W\7<I6rF/QeQKj{	_<rP)mH+prO<,Check sum is 5
test,"uWN!0e}-y~@#-	2Us  aoL12drw
[9*/\*b7QIa[vk$+2ouI",Check sum is +
test,"""v/o[`wm""F",Check sum is ]
test,"Z?-0#N.hxYrGOi@,(':H`YQm0Yt$/W-'?%-",Check sum is _
test,">PBK#zM,{{s",Check sum is :
test,w|.f}(jN}l/;m\`z}=gi~P~bF@f9.LlTqhlXI#C&efm5[,Check sum is K
test,"iW
c4^Uv9gj]*5-0:(Ks7S""uB.$*:_8j
U@sW|Tvjb
CuF;79",Check sum is 5
test,"u!)v,MxZk3x|kYvTkiG?MDddsCTcqDsoB",Check sum is 9
test,"}4S+kora`,?Wu{Kjy`z|H}r V
7#?NEM1 Z-$3>",Check sum is /
test,"\QHQcaJLzvGIxe!,dn?ujt*WVx9JCvqA51*O|]",Check sum is C
test,e~j~&i=J2G?)@nV'EGt@@[r:=t'a2a!%iqb,"Check sum is """
test,*bx17iOE,Check sum is I
test,^i1AK/UmH$Ds(AP)),Check sum is C
test,QxRx7YV@<r@LV;\J>,Check sum is H
test,1gY6,Check sum is G
test,"jAqx9Qwo
#L3?0pu?ww[{BJ@1vGI\7z-cfX/",Check sum is 4
test,me&)xWdE3Q\568bB>!7-0V04oOq?NjC,Check sum is 6
test,KS%U,Check sum is 8
test,S y+oH+zBKBD:zb.TPJ :5,Check sum is '
test,Uct(WtS$h2,Check sum is P
test,".4l&&V Uu?T5C:
d""J$A[P>/T8=",Check sum is _
test,"Z]7Kjm}^)Z){]KO$
[JaF4'4TvvYj7Ftm?/2G6",Check sum is 0
test,o|N+)l0'kg]QKB5g2KyNJ	!IP<YtLA+0,Check sum is [
test,<lFfU_(4zifnS2phnDl-)8BLNp5uB&l6^} d5z*rv	,Check sum is -
test,]WTnq %arN6*w4J&7u>;Ql>/,Check sum is 7
test,MT~P6h9D{|PZ7+1,Check sum is ^
test,"FDR?,xNQE5 >W~Spcb[__CNo",Check sum is L
test,"]O/'a$sN/U}(
><#=J5u2k +D4}GnPfg9I",Check sum is Z
test,"5a]`JxR`&m6hj)or8r?4ex^:VPOn>i,`>QZ=	7[3Q _r",Check sum is *
test,"_YVF ~Y""/72(oG-Vlq4u`(bq5$OfUWfZnw""",Check sum is (
test,82K[#3c~z{,Check sum is \
test,jESr:}`(EQPx&:crX@}5l6fd@x5g,Check sum is 0
test,So_wvj~v531C^~rx=yLtez~,Check sum is A
test,7i&ZtYjZ0\:rUel;T`d7X*]CuGtUA._ey,Check sum is L
test,"<K$Pf_;*_NYx 7 j""{g[ieD>rx?^
5p3v_)X9>,u6",Check sum is  
test,W3s-Vsx3P~1i]n=WI]j9ch0W,Check sum is  
test,"\|/\m6[3Mfgn]8d-KNG96q;C""C-oZgcJ&U`{%|	?",Check sum is N
test,4\[sanA!pR/I;&iQ!(!@-IS8/,Check sum is ^
test,uqJHYmhC&<g!qEL%H3',Check sum is <
test,",	bDTWk	lVwb#CbTQm;t
>&%dp
/N~[b~!$ zJ",Check sum is N
test,"!0@""GkD$<*N6",Check sum is W
test,"L+B'd3sh1e%N0$
=OGs#]7s$=Azm",Check sum is R
test,"y4 
I[n$D`1qh}c-",Check sum is (
test,"2rfwQ)El8,/_gWp!sTrJFCd",Check sum is =
test,vLZj,Check sum is &
test,"49-!7g<]F~f{7w_`MDj		N 1*F\75"").QqJf",Check sum is 3
test,5x6R}&S'P~6]sTI>0]%w2wb`$+	~THFV*.n*$/6D;{Ggti],Check sum is ^
test,WX]|,Check sum is (
test,XQ%)EblMSCLkvl,Check sum is &
test,"3Ar-Y&k9>8lTdWr#""C8_ao8?",Check sum is _
test,",v`a/yRqzp&M[,",Check sum is R
test,8%z,Check sum is 7
test,B6'*Q`-bDpb	=PXf	}R?_rU=Kib(LC~.^gf]Y],Check sum is D
test,"=!*&)nV]E^\azurFn#A]MWo9IA^pG~XK,vO",Check sum is K
test,BPG?_$3`+}*d|!RJ,Check sum is =
test,jw:Aa^RZ|45i/GCBz$Yci,Check sum is 3
test,"]0)*B^~v4X""""hbUu$l QKlC""=wh2*+8nr9`o>4eWr\M D""",Check sum is '
test,"b),&o:|
(	GR7U#W_Vu5o!-+UW",Check sum is /
test,"h#B2ws;6Y[bTz*	c!K""5rYd5!-r",Check sum is [
test,)k5HP,Check sum is A
test,"{;j+d$ib[raLN""D(|&R2Tg@""F 
`8",Check sum is _
test,]OEA~jQ{EJtnV0&X3{qQ?W=0i<iKn@R,Check sum is G
test,"(fRS{=7RswImY[""5HKl=oOWj=N/Uq,pGb",Check sum is ?
test,;&HS@RI;'}Af8 LE~m]J'Jc)X,Check sum is M
test,Qh0[Dr}55 4GQA$X3e>,Check sum is @
test,w$k96C;Y|hDNq/d#0whL&0<F+0rJyRZp~3;DA*~_c,Check sum is C
test,wtVp5,Check sum is F
test,#g[ 5~YY:QIoqu4a_oAC_Ub`PYfL1+]dcB4+]IQm'qsiUyPk,Check sum is -
test,"!i:rX%,}$#V8]R-p",Check sum is ]
test,"""v-~YAt^pqC$3Hp+dE",Check sum is V
test,"[/9I,BtnBnZ	F]eP{v5ki",Check sum is !
test,?e{k8%LuCKj|\J[%*N/.NwEs\nwM^Y{,Check sum is 4
test,"s UFWsj60fCMBZLb_D"")Z",Check sum is 0
test,"N?z*}27	nM+;
Fu^Zga}DjOc",Check sum is C
test,+^^?~MgjxNMV27xF]`n)$M4=s7bwswb5{003nZ/ACL'U,Check sum is =
test,"'M=t-,zZNXI=-iL7dy
Q{@Wjp'4emrLg{%8vG",Check sum is B
test,"Q1na<i[\Y	M(:C
 ",Check sum is K
test,6}$f.8v[5&%Xzp44x,Check sum is 6
test,S`]W&4c!{2,Check sum is R
test,"1uY""",Check sum is A
test,".cr ;Vd
89H;_,DNK[Nk~h&&},:)D	B/<'",Check sum is Q
test,"S%Cmtdj""g{1w5w/(+	4ka01o.I7me!j4J`fpIUHe%sz",Check sum is Y
test,kGhscY)MvNCE\NpOWP\,Check sum is W
test,"[L'T=YHR$TsY2v*s3R[Gw:]P!iu2@L$e,",Check sum is 2
test,"1M(ms)\>QnP9*Vwv (M2G5PKu^r\#IalZU7G,",Check sum is /
test,xl>w)pn8^nz\}hO,Check sum is N
test,"7
c0>zK3{wV\ZnD?<>S^@c}	3cW/=W7Aif5L?-u6",Check sum is <
test,"
dlBW=u1@Kz)2(k9vB+z""",Check sum is !
test,"a=1""D#m_*
^,Ll;WmE_lR.>*o^H~+MSt/r7B3>P",Check sum is ^
test,"AE:|XGQ*iuk!5J{,Vf?NeK]Mk>",Check sum is R
test,"]^xArgH{Hh~E=vCJ9Rdf&o[v.*6hhhfoPn<32TU^`< $,45&b",Check sum is \
test,"
{~`&T; Q[?tb4i+k{",Check sum is G
test,"6Ww,X\Z</V`QEl0UuqL366Bi,C""\J3QgR
tuv57DDFn/L@7",Check sum is 9
test,tu1Tg2N,Check sum is 5
test,A.2B(	( 6GH-vk,Check sum is O
test,59<IK8Hz8jm,Check sum is '
test,a?5Y.<48,Check sum is $
test,"4t?];)[>^~< C|cQD""H=c",Check sum is Z
test,"DH0-oz+#
Q1!{?/Y? 6#'Z\PjbDxZxG",Check sum is 5
test,"[=^-_Ls)Q*rgXA
lsv}ak9AVR<",Check sum is =
test,"4bH&8,a)}?%X~I
-c[*tc?&N4I;V""U~rHvxg7",Check sum is D
test,"$oz2!n}vq W~r$K>H'<S3ZFtVR|Pp.f
)6",Check sum is L
test,H@B7AV}eIp7WZp!BpwdId4)^2vzV9$A9laf('{30,Check sum is 0
test,"5!2L2]=R~""9TC]u88}	]-5
sJ:_V(+Z4!1nIqP+Tl/<(?N)A",Check sum is _
test,"~%xiq|)Wzx@A/,{Nvmcy	./2.85A la~",Check sum is F
test,":A$_Hl=#""O&A5ucyZCb|j7kf/=gP",Check sum is  
test,"zt1^.RK-=v""Pl#T2ntk*D>mGeZX[4{(~/dE5t%R'A=xG",Check sum is _
test,"
%[E>	j-s8srcZC})jxhVjTa 18|Wc&j.1A?^3P6C>@h)P$g
",Check sum is >
test,9&`;.-Ygo9OIjV;>@\{p8aOquL6Y@Xb-,Check sum is E
test,"z.EVc1!ykN8h=u'l$B@50""?",Check sum is [
test,"jbZpIW*1Qa_Z^+cKXx;aMf4y'0h5x(yC2)
LcjG
:*cw0HQ|kD",Check sum is 0
test,/}3+MyB)fVDIDC3cV8!D#<gFO?,Check sum is N
test,Lf<oTV8^AoGXZ4*(oM,Check sum is (
test,",WfR+",Check sum is F
test,"R[94IXhqq,nl43&^]lDx{N
a>",Check sum is M
test,";B5 >ET}A	^"".<qy:'Nb^jZ#('V$o2bZYM",Check sum is F
test,dt)GM,Check sum is 5
test,Y(1[y,Check sum is &
test,WhcV:Tq#fBy+!+M\,Check sum is ;
test,%b>TR.io(*&)StNVdmB35\O'@=q<'cWXW/V<qX8,Check sum is &
test,"th]&v?=|G)o8	""86%*<&(5^ok.l</ &ZBh'B",Check sum is [
test,k{/4S 8jP> eRE,Check sum is (
test,"mv$&r`EwC7vm4Rx)x_
@__a5naDZvBGcJ;jF6U
s:aR4/zrtIe",Check sum is >
test,QKbLprcAOj,Check sum is )
test,"|6wx&xj,hY5(0f/l_~-#blGHGeA~-(l",Check sum is :
test,"e_~6CXb5wLPhI~;$@M|#R4SB^0Z[R)[#~]e>^e@pjePr""""",Check sum is 4
test,"%n,1]V:hyfL=^Y\MV~!{HWot*}Y/=D,C_cx1~2]ay]",Check sum is -
test,"]%""01]wYC-YGNe615FF*B'1vTNMCaFV;[JS7<\Ma(%pdEk",Check sum is '
test,jY(,Check sum is K
test,"aGJ]dpj{^iIiUCOqH(%&(}i,ml}t}v-zI$X};X+uP",Check sum is W
test,;y(02q,Check sum is O
test,(6yDpCEh,Check sum is [
test,\AV?RdwS}PYIyZQ6uSH,Check sum is +
test,n\68O(a`Z7n+]Y<!(S%L,Check sum is 9
test,"V75~I>TAeI,2Y>*&mpWV.@b4Lxa-Z\.HRNh$u",Check sum is \
test,"""	9yv59:|D`",Check sum is ;
test,jyf!a8(u#7m,Check sum is G
test,"1Wp$DC0;,|V62$E,4Tx) q43s#o:{[kWf !hFbD=1NP%0",Check sum is =
test,")F8 #""x>18W%	mz",Check sum is 7
test,"PoHVzR08z%#1=\Yol	f
Dd
|!/",Check sum is (
test,#x8hVAI758=d</>,Check sum is )
test,"f9k!<17_/myCkBJ
VT""E(#%e3SwG3O",Check sum is S
test,j	.D/tB/cGUct,Check sum is /
test,"u)JZI|fum*#g}3,y",Check sum is 8
test,"Tbph[a&,6skYe[nQu}2-|fOym34BY9NvmZ+r!Pa&@$]&H",Check sum is Z
test,OQhc?jL%x$V1}Za893>,"Check sum is """
test,7]}M0?&(,Check sum is ;
test," KCUh,auy]oD>4UB_D4C	X<q2~-Z~AQL>V+HP+",Check sum is \
test,"p""h",Check sum is Z
test,"dd#""",Check sum is -
test,OnscCyHpHghjrKS5Z^%[#2N{{;]V M?\v[,Check sum is E
test,"RLkVw, \-]CM)n:dIS",Check sum is I
test,xqh0uY,Check sum is /
test,M=!DLT|N7H/hY1}#Y ,Check sum is 2
test,lRy(W-/%TR+Z(_q,Check sum is :
test,"H]mF
i.\	%k!Tys?OR28Tm6RFhUJ""LtQ|e13_%FSh_.0`5""Mo",Check sum is <
test,Odi;jOK5/z8:vVq%Nvv]9,Check sum is =
test,"{{i~IFE}[<IzxL\D!Y^mpD{7J)l^>$'
>A=AuM",Check sum is F
test,:%%Y`Yjhe/F'X#j#pgJJc'+[lL,Check sum is D
test,"WdCEB;L3F	a"")YfZ:
{;LFe	+>>$#?.,",Check sum is 4
test,"(%nsd}1wa},P=H&X0Z""NtC|Cd9}uqV v2rY~WN_.*",Check sum is '
test,7]mD*DMFaX!YX)F j2I(&c,Check sum is V
test,"CC7${C )'qj7no=lrZm6$I/C{nJ)S]2""oKj3(6D!uL>0",Check sum is >
test,G/,Check sum is V
test,"hq28<9$Z
FE=fkCFbM'*1#N'C9b($\cz:n1&LVsA]",Check sum is  
test,.4sU|'a`|%JNkTiB,Check sum is Q
test,SF:Px+s|-_NTnxXG&)If6I>!t[*f{|(d!,Check sum is '
test,".^@$%e9jioy/VG/`,Fl)~NKR95",Check sum is G
test,"wAvKfm
PBy-bg;{UWhLX 	j5qNCns",Check sum is P
test,"d$UCYBRN|_0WjEZ;wCrGVI/C""",Check sum is G
test,D0hQAYk!0^2]N&_m2Mmo;K=V	,Check sum is M
test,"0VbV""}Q}hN{8GNX=YMqPAW!_nSJg:w9B&/yH&+J~?
<;{",Check sum is %
test,"'<nE4n(!db,u6=Izofl/K9X",Check sum is J
test,zcSqI v8muQKc}[RcpP[^})N>8Mc,Check sum is Y
test,"AbK
E",Check sum is ]
test,%DiYg'9G!'3jE(%#9D}rfr&m c;A]HVR:oeN 9f,Check sum is 1
test,"zX)3FZ$8,-IO,^~5h",Check sum is  
test,"5D/ps	PrMYcBKrZrp2eu64Sh!
e!_/y6IEf:8",Check sum is ?
test,"-)ZQsNa,NylN!RUuO2rz6",Check sum is P
test,}Mu=b4)9@gHo~&;_1Y,Check sum is :
test,GIV6!O7c9t=FX-:Txn{T&8G(L;'m}	ib;-,Check sum is _
test,"Om""VN
[=	u`F$&|w}p&qL8=$",Check sum is N
test,"Sr`h""ZU:	alG6iX#/",Check sum is ^
test,"n?>Edvq+.)F:-p;<*9x^j{)PlX)82NReb't>b
C&@U0i]",Check sum is ?
test,",^blz/	gCz!woE_	s(F{K~,|=c5 8; Elf>RDl'@xM",Check sum is Z
test,&Q&{r	h8Tf=G3Ch#%b!KqE@v`ZPa,Check sum is \
test,s iHdyfo$6*z_vJ-)iZ8UhJ1u{)`)Rnh#/]~;LER_.d:)&ik,Check sum is _
test,7TXZnHJR}'eRDboq,Check sum is P
test,5zsDL1iY1@A6yO@^cgUp#4M,Check sum is F
test,$e{q`RB]s^z,Check sum is 1
test,"kNk|F,^VABt}Am=Di >5`S RRqrhxPkR8f,HKiZh_U,(xU",Check sum is )
test,"vG~q*>nM
:A=eK4OFx<M5s}NaRFX1)qIW<",Check sum is V
test,PV`uQ,"Check sum is ,"
test,"ls:_bbc>%VSQfBVwbys^ST-1xT/<zb.],=fk|7osir",Check sum is J
test,]5@9,Check sum is +
test,"WJ!cRQ2UE""	WD=K,[/?ZP6%-2P8P?R""",Check sum is &
test,l:$k	^H^)\ OtIbMQw^@bUfQQ_gt[k#iPluf4EVx/'+,Check sum is R
test,"""`t2c_cq`q/V|u$0~vr4g}U<\Q@z/l0B}9LaCYc-A",Check sum is L
test,zpX^8o\:FK3Tyr6\,Check sum is R
test,"g.RDO,L<CixOEw1",Check sum is .
test,"7IomKkAP=`K00""pD<",Check sum is ]
test,-;,Check sum is H
test, 2,Check sum is 2
test,5-EcLA:Lpc'0b!jbIXOz7],Check sum is 4
test,"
eUCA%0# kUB5A(XOaa$=b-?QP=",Check sum is V
test,oSiXlIXnpa=:=]P}#Qd``vn?v)q,Check sum is X
test,E;g24Hd&	1X*P%5v6g[O*~.MCO<gj>y8#BbvmzL&<-Rir*Ov0~,Check sum is \
test,",0GkC]47R~EQF'8fT0Zn@03:xizA6Pr`pDa0(eg",Check sum is @
test,"iOrso4sP,~XL*<XDRw|!9",Check sum is R
test,;(P*9Jp,Check sum is 0
test,">>~ :wn0@m617~>p%S ~
Vzek#J]^GNk\9/A0
<2c=!AA",Check sum is X
test,"q9,p^/7fo~2>yV",Check sum is <
test,nFyy -5b,Check sum is *
test,*jnJUsh#gTtcw+&R$\0C3A`~zoqFgoP [F,Check sum is 7
test,x|||,Check sum is L
test,P5@Up$^9A))ssdzm6w)e M~,Check sum is O
test,"cN{<TUxY>a/QDIZQVL+_$C
FcbQ-uvGpb7\$H&|2vRJVe3`~""",Check sum is V
test,"d/Sb-PqhC:Q$	<}{nv3^""0aALAC""'lkJ1Gr#-VAu7Pi>j,A",Check sum is [
test,":=GOa
R
'i",Check sum is D
test,:YFW6x0uipe9W=y+%]=S7i6Y=AK&GP4,Check sum is M
test,=C\)-fXB{2,Check sum is ?
test,",Z&mUQFboAt+z^nRf|*>E. d[W Zei",Check sum is )
test,"	""+zB\",Check sum is N
test,VU@1,Check sum is <
test,"K>ZO.Q""u;;SOWN7akes0CJm/wxxfu\2d*wZ^Yv.PI)H!B173O+",Check sum is %
test,"$U^&_MO<)*vCf+FkrV=
w97]~Pn]RSIfdS.N1DwKE",Check sum is Q
test,[s,Check sum is .
test,htRJ[Ek,Check sum is #
test,/Q\1+fa,Check sum is _
test,*.0 ypIb<Q;	LHdX?G,Check sum is C
test,"lk+@6z_*;=BGCNxXHF>Nq
rZ}QA3U",Check sum is 5
test,q}75\\Arz]%:y=E,Check sum is V
test,"XDCV'V4gs.yUFZHou-
vK|bg[pRQq$a@	z3d4",Check sum is W
test,"C}NVqWF\SAWhSK{o/oYDgSi,@*d!w216=?",Check sum is N
test,O<Z^FM/>4wr.t!PGxtaz)u#}CA,Check sum is #
test,"N;(./Y\`#+2q3.t5\bS>&HK+]AJx?3ZEO[<h,Zc-]x:9",Check sum is N
test,-Wg3vx6ntV^6XXECPOQicj/MnCwW,Check sum is G
test,[_sML&po=f,Check sum is N
test,MI=Hr~I1o63*c$bX&hHt9TK53a8)QQqdND,Check sum is =
test,)k,Check sum is 4
test,37>:N#,Check sum is 3
test,"> \	=Pd?nI,:g)\R\Yr1.5ZT-6#9p.(<FpT""W6O!W`u<_{P4",Check sum is G
test,@_}^,Check sum is Z
test,"J\n""'L-CP0",Check sum is 9
test,"0h\EKsy=Q3\ '1>UQ]$x+\WPM(!rPAFc+ykxY&
""<",Check sum is  
test,Z-jqK NXS_eee0pE3y`k:(Skfb,Check sum is 8
test,vEkA?ZA3Q_;fIY?(,Check sum is .
test,MO5a~hXR<Yxn  3iJgYl_h{u92&=P,Check sum is D
test,7jQDJV(3|,Check sum is M
test,"J""63rb""bY `c3WgeieL,o<[,Y'YgFKczoVx:l|u",Check sum is Y
test,X3,Check sum is +
test,4%nUvNlqt1N/S>}\-Z$:[R0LAZtaw;,Check sum is Y
test,wV6/e[c)k!/TlLN3Eo~Wn_M$U\M^7hc<&*w,Check sum is N
test,"}cn,I0FtJ4EhFB(b%)i_iuCLx@E2P%WsGgwS<s0P&r<`",Check sum is V
test,r;9oT'cer7PtG]*a&,Check sum is :
test,<4q>h=S:y&U@ZWK'.1izeidg,Check sum is #
test,\oFw2E<9:]v\@+WQqwWDF4,Check sum is M
test,"dQES%G}L=""zBk*(2@''orF",Check sum is !
test,"u]jmyiC,<_F1WAN)_r@eC(<x""n#,&
	z8-THvsY",Check sum is %
test,"8aSii8i_v""k6""siC\: /)""ByZ",Check sum is ]
test,"<YC71Xv>6lX]k}i<%Jl,+%B~m_Q9z]Z~48jOzJ7a` Q\D&{{C",Check sum is =
test,V-+5W	BYw<N@${Hu05?zr*	P=OV_7?:7iUrDsU~,Check sum is P
test,"l;StQV 9x
?{{QqaAE+ja*?])OB.:",Check sum is L
test,"76T9bI<e
8sE)]qx""rpT`337pqpE\M6""e""	A",Check sum is L
test,"@K?[Ud
ER|",Check sum is [
test,eQ='!):Xt9Mx#?);&vP/l|X[T& ]st},Check sum is _
test,"$<,tcn.WTkj&(e3e_,?*g:)Fqi{YD3YB=w","Check sum is """
test,~e{,Check sum is >
test,G#g'd?o~.h~e\DF qB6@-hY!4F`}?5i BIiNkkP)IX%H,Check sum is R
test,"Hv
[*=zvhVi		QGh(""|",Check sum is Y
test,FH	wI!cX;67#2d,Check sum is 4
test,vK6SDe`JuDQGt|V>o]?@E'~(dsiq~,Check sum is ^
test,"n=zV\pR`j"")iMUM>]1W/2Tg1+%?
P.B;o@!t\0/	0
","Check sum is ,"
test,MOET}TY!,Check sum is  
test,s:bv9AN%{x,Check sum is E
test,">0*nAno.
D1
3",Check sum is .
test,"~4w<L.Zb!n""%tv84oRhzo-fH{$I^dyKkTMs^K+nz[",Check sum is X
test,66_>(BKjY,Check sum is !
test,"J_ ph+, x?KqSTbs<W)i8G	ncPuzz.5U;DvQ>?;x3LP%JW\_",Check sum is \
test,"h!?V
<Ez>TgT2=.Y+#,~sz(Gf1jj<sL t",Check sum is T
test,!Jp(D4g,Check sum is B
test,"d%
4
AD~M}(Ye	Ha
G1T(,;4@fgd|P","Check sum is ,"
test,e0C,Check sum is 8
test,"j(R9fVa8:""K6t1#*d7y`o",Check sum is D
test,"8
Lp_""YV{@d`I%	{Q}4
-abQ+EYA21b/w	RfZ>%\^':]q3^@",Check sum is 9
test,"<|+oj(Gn|V)Cea\a^zYpk""El*irh>b#{Iy>OqE^jDp",Check sum is E
test,"v6B5[mwv{kL%E34;P8R4Q5x*vr0ZDW4{YaE,80$FPG",Check sum is <
test,"_t:LF~-8R""UO^IbVJ;Hd:L",Check sum is P
test,KsSt%2|ucX&KR'Hv]q(-QM 4muuaXo?4C2Jdaaos5urVpSW,Check sum is *
test,"{/""edC",Check sum is 8
test,"B$+.r(#)y[;H}6g xK/ab(${zo\Tiav?O
VjjFWHyCK",Check sum is Y
test,"nF2	:<m#YQ%W#mL+{q""\VSGBpbs2s{~/LJO8Aa7",Check sum is &
test,u4@(k. 8Mx~~_#%#_X4(,Check sum is @
test,"4=r,g^",Check sum is 4
test,r/R,Check sum is S
test,"8x{G4\Ut?]R'L	\TT~9~8vB""\{I<+",Check sum is '
test,)rbf{z^4GV{h@MVr%	;YXrx9/)Ev%YY,Check sum is F
test,vT,Check sum is *
test,"=cO	:jT""jzEEw
3[?3>mN*i<J xUZbxh(5<NT*=B(?WO2-]S",Check sum is <
test,"i-9,7[M:gd$+H",Check sum is V
test," \v]3LYU
53tx{Lx",Check sum is 9
test,"yvomV2oM2CK<ICn4R:iLq5""4!)izb{ '/I1u'IWc>ys",Check sum is Y
test,"""BbC3)A+XYX	a=SMM!R`vC;&ms",Check sum is [
test,"XOLw6,vI!DL =nY97G	<Rj$Twu2@-1HEO:mu""0l7J7<uQV:Yd9","Check sum is """
test,6&dHaaV FaP?j0s0V-L8U,Check sum is /
test,AkO':(+XsCpR|XNin_;P {Zthi@G<//)w^VbdO{@^^QaP6$~,Check sum is W
test,"#9M9)8J.155JL""GnC*rfm,I0s&
r@4Cq(#[E8@z*08#
([ j",Check sum is  
test,su/,Check sum is 7
test,"k(""VKqIy+}wl)2v",Check sum is E
test,{<fO#mBIt bX]01aYd<x@]EI<WP)+KUzpYaU,Check sum is @
test,0N,Check sum is ^
test,"gaxdX$PF-k:S})<T4&h,_
<@55VL'm,X#+njW
}KBO{o@gsn/",Check sum is )
test,"gkVUR/ThU#DvYPt7(
km'<",Check sum is M
test,";Z""09YJTLeJdQF)z
p'|/GYX])H","Check sum is """
test,x7v3Df%A4.Ft?SVmeK,Check sum is )
test,bf&XV5UJpqCQ3<,Check sum is 4
test,Y^UC _VZBl%0ElIJt7o7H:{vxd%;YWJS%{0O*\X&nH:>,Check sum is C
test,"^tt.If;""9x6&zf",Check sum is M
test,"@r,tx7<JpPsV( RGswUtq#q e[",Check sum is )
test,I.{(AC}j34,Check sum is L
test,[K1VJ}%L ,Check sum is %
test,"F,5\p8}/fiV""'5 G0k3pA#D6JN&I2Nx
GGb8w1",Check sum is 6
test,"r	""",Check sum is =
test,a|xq	9VM:L,Check sum is Q
test,"""Q84^A5 %Q.Vf'q=-B",Check sum is W
test,"+
&H'%$vBcY$w5N&MRbnUDI",Check sum is <
test,"	 4	{]
K\<t()K-%v\	\	-",Check sum is Z
test,"P lt]NM-O	pj
Ao#fZ$)'TyG|@qUoG+;;e[n}tH02S! ","Check sum is """
test,"v}E}i:r]`	s3,k{s}bG""_2}f",Check sum is W
test,"Sx2YHWAG _r(&B~8,ZR/~8E-}ScOUEu6!EY)UN0[Q",Check sum is 1
test,|aqd!6H	=<nXy61BX,Check sum is 3
test,V'^b@j81sg&x/71(ZlfE}eU VkCt`[P	xyvMnunNf7%D1,Check sum is E
test,"oy~ZY9't5*0'Gg4I""x%E(rt5!.p ;kF!Ko4WC>hc_KA`$Z)pGl",Check sum is G
test,"	
}U6\T7A8'dOLe0",Check sum is V
test,"C^_dmni'!W{xA?V#t:\%0NoB4<6$0y4F:mg%&1\}3
9j*>",Check sum is I
test,"^ySDaBdF,	z(]",Check sum is O
test,E6M,Check sum is (
test,A*EFa,Check sum is 7
test,?.RaM%K.)mo~Bg69jd['][qq47H=i\8',Check sum is D
test,"J""UI]9Ft};l|lDeS<Mh%FC{5I{[_=;9+re_haXaWX""g1.",Check sum is :
test, Y+X~s0VYY7d -^Y,Check sum is $
test,"c!6R142hpUo)68=x_92ut@\_""af%.nr
H@JFTc$P^cH$:|R)dI",Check sum is M
test,"K^X$G2]S_UZ15jW{7@1s82hN50_Mr~,7+-]CW-:,?oc~EHbKmG",Check sum is \
test,G3byNHFMxEV)&6?#LE;;B'ZDuT)wL~	,"Check sum is """
test,"oD}3+y5rd]!Z""%^Ao`J	1:mAxHgDT$r",Check sum is @
test,5Qr7k>F/xm}YjlJ),Check sum is 1
test,{D>2/2,Check sum is 0
test,"8A]""-|`Min""}&;lW[I6*y:m3m=OD!6G1^2R1*m~VvMejZ",Check sum is U
test,r#U@MxKh0aGt!z,Check sum is )
test, ^@S]J?eCo,Check sum is .
test,"nTNL\,Ebvr5|x[;4<m6;Y<_,T4	-C+=Ci",Check sum is U
test,51E7J_4kMbf uFK+,Check sum is 0
test,{[zEt>'P6.gf4oT5YZ`29h?bUyNI+Dia9o4b c\Y,Check sum is V
test,"A\!e8KdI@B
HZt<-U2YxBTF-P9",Check sum is (
test,mSI\i<_2uaH}(-,Check sum is +
test,";5J<BoJkKScZ""2""	Pf|""sx#BYjFkJL7q","Check sum is ,"
test,"kA*<o!M(1'gQ.Sip]2cQ,!LS",Check sum is P
test,"_)+5B8%I8Zwqy4s,Hy<njON	XM5GacZV9$}xh>i",Check sum is '
test,"uzZPP +QZi
8#
IZBce_z;Hi~64xlAs $I13H",Check sum is B
test,"`Ig@(O6]$P@>s~@XcEHa'uD_1=)+v
N#rRyqVj\",Check sum is B
test,"a]Pv	H+,2g0o""D<OIH8?/ PEN<PL9,f
69""f4O.",Check sum is D
test,-3IlI5C.b8:#'C*Gcn0,Check sum is 7
test,A>$a`b0M_ewn^~e|gt41NH	-3V OEk,Check sum is =
test,sc(IGb,Check sum is P
test,@ k?vf (_M/e4clB;_-%z^lT8v]L|tZZf:v,Check sum is (
test,WMhy=mdI	5s/w z!!b!Y>~Z,Check sum is !
test,T5,Check sum is )
test,"HEI""Sx`LrE]t",Check sum is W
test,"+X<NYSQ,*&NZ
11cdjam",Check sum is 9
test,%)PmR +TZz4^U(or@pi0BP7ia`:f0,"Check sum is ,"
test,"30mkS<P""Z
p6
#F >m",Check sum is $
test,"qD5=OCIIE#M""&2#Bx5","Check sum is ,"
test,"@{?1hqZ]HuI iv$}l%WN;}nV>Pxqg5@xvc`f)
!bI",Check sum is \
test,"	<=%Qo
au~`Qdcy1)+bQ)Ed({OJ(U&.?"" qKB","Check sum is ,"
test,GI0BJl?^|=Z'KWksv\-Sup,Check sum is &
test,58n2/ZO&O@W#f&0eOr>zJS,Check sum is +
test,<b/f&3c,Check sum is O
test,Z<H+5B,Check sum is  
test,p+]K({x(]t,Check sum is 7
test,"7AAM,!o)9{/.l",Check sum is H
test,f@rUJ$YZOgO,Check sum is 3
test,_4laUr`R(@i^d{bbqLe9DA| gN+8~w2|6+#:3,Check sum is 3
test,"bpELcPi'8(G_syRWkoS6&I#-F6o*d*K""mxuNbFkYG>","Check sum is ,"
test,Rwsrs4gYx &-y_	9$xl=h.#?hK93rnuiR$>>Fb}r(n<,Check sum is /
test,"33Dg	2}
F!>W<mA:s""<\_3GM:~T}~S#)v/y%D+Y*",Check sum is A
test,E+J~x@	K/8LqD%:r*Mg(lyNlG=TdW{0(kn40,Check sum is %
test,"4=:J!J1p@Q%)\&YBv O?pPyhPfm=QW K""",Check sum is 7
test,gce)E3 m@Ez5e;6J<>Is%0WW^(C??m],Check sum is [
test,^Sy;ftjj0Lh^eW|tW!p4{N-.MvEocijL<k^'-Am$Sap,Check sum is )
test,%cc},Check sum is H
test,N%ryl'K],Check sum is 9
test,o0	&l`Wp 8wh|b~^(2fb,Check sum is T
test,(rzBAZz{MIilh0O]T,Check sum is I
test,"@,A&=R5w\+R",Check sum is G
test,#GX230+:Q2\wjG	4*QblUov5OHApX,Check sum is 8
test,"q78A|O=qk:64z0G
",Check sum is D
test,ug0WJ(7f:D7#;(B<5&;`=7?,Check sum is 4
test,"7$LN4W,fhs1p6_q%OI%s2{G1NN,IS*#sEWPqws",Check sum is Y
test,"1ZeT@m@=K-{Fa}>[:`&""Zh&CP.8$60Yx-VLMRQu}tFX_",Check sum is >
test,"q#Cno~s-i'~?:t
w'pPRm5eDKyALjX$^GO`zxf:
*. 9",Check sum is J
test,P`|5n!uA	]qZm,Check sum is $
test,"=J@;bo8TtE[qC.|9EPC3Ll Qgy3!~""E*0S~p:v1Nu%UB+O","Check sum is ,"
test,"uV
tGN[-rGAUtS9M7A]",Check sum is 7
test,O5T=W6^63eon0y@rC5WAYn-c2`C2W6jC\%^RG['dA3<,Check sum is \
test,"-bOl`)Vwa6Xw@nNVw~/ D)&<
bf[AQ<}My",Check sum is I
test,"`1/ywK/A#$2iX18 Lm%H$*T&rSL/Lm@8;a+c5N7
	mNo^","Check sum is ,"
test,"$[\)$WA""qXN?ez@Q 27lP^M$Cq",Check sum is P
test,NlsQ(5jYXV~t^ Pv)F~UC[S[`|,Check sum is L
test,",`^9",Check sum is C
test,"[Z7~a/	|~m}8TXDie$R""p:iFRb#mgc<iF(VHGr<9X;""qi[",Check sum is E
test,R]WppsB-.RTcxVRK,Check sum is J
test,"m@Ij{\fjzo@p.$|tQ3]8uG&|~ >3Aq1`V""^t$hMzt2D@
 ",Check sum is <
test,"}0l+yg-M(2Y""~GsB1>`zd[	4~%aR",Check sum is (
test,"+d6rk
Y!tQG
`wHN|efzgp|dEES	O)PO;Pf16]BI=WZpd^'-`I",Check sum is [
test,"3gNuQ1|W@7'#-r<@,qx0gU|g*)}llBU[","Check sum is ,"
test,"Q2A6!X60rz
	)",Check sum is !
test,"1?a~dCt; X94f,X,Gl}",Check sum is 0
test,"Ih-}Rk)^PzM<@?6s4N,N""$O0+y.aajM:U1r5""$>PY;A;<v%i,[",Check sum is X
test,<U}17|>lR,Check sum is N
test,RrhFP#feHG8yZ\u%q\R~\Zje{,Check sum is =
test,"yu7P]T@IZqP-YofOMv_*9HmC9qE~Y?1I['G|qd3XkQ""+U,<",Check sum is ;
test,"FSdgD'-H9nMBn~|X7""5=A!'nztvSZ*OS4\K",Check sum is T
test,"&R!t4WA;TYmr9	~""xpU{ _7smu{T<a1ji",Check sum is U
test,k;]LwZs|.=,Check sum is Z
test,r%4Mg4?@4j3 R+ID1<i8,Check sum is [
test,2i;XEIjYpa9seR+,Check sum is >
test,"^(
%?ZQ~WIV<
R^pe+",Check sum is )
test,f=9o=ns6c3.x7x<8'b1<5B_(pl?VX:|B\HHYSO,Check sum is :
test,"i#Dh
W=*K>",Check sum is )
test,_Dy\q[Rgf`',Check sum is J
test,"@G,R{mI(asO$",Check sum is E
test,"V3-YwF@pbFk,-soR>DwS|`6O:bBjWa@Tos'+alY@Qg0pHt",Check sum is +
test,"@Mt}C$y,?w~,ny*H\KZ5o0o}N2$~,|u|(e]}MF-.	cIEn1",Check sum is M
test,"-&~PJW:ICH,R;il&?\0ES>MD.)@/0F/7.Q",Check sum is 7
test,"XEHQ`
7+UF	FT@e r=",Check sum is T
test,"fb|+?aIr*(4omcH3:h9/$i!@1_*J4QrRk.U;""5c:g",Check sum is 3
test,%_|xEVtd3D?>5$c|mS`}=	,Check sum is Z
test,"d8+[1=
eK6XyJaL4|yg_d+n%)kb[]j/y|{u]fJd
E",Check sum is %
test,"m6|_9""Qy$&HUU:|&?Z?|.^2BJ1_Q$!d} R`v,w$Sv( &",Check sum is F
test,Xg@8M*dm@lusN%Z.?B<y~?Z~a@=	c7s	gxW=ebb}YnXN;PMeM,Check sum is F
test,"4V=46]UqQ,UUd<F",Check sum is A
test,"I(H\_!}(*/=B1ZU&:\N;)>X H""k+]j	E?jbdVt1-X/fmNMn",Check sum is E
test,(/G4]jlg:a*>>Puf'Q`_p	wSS{kep|SPt tHk`=S4@G,Check sum is E
test,l)O,Check sum is D
test,	N{_@,Check sum is Q
test,".Q]eo,VE2{V$%
|d--s{ .YTD)=_ay[gLYs 	j6)HRJ 2[u}",Check sum is B
test,"~&{C~5 n,P@H5_	<(1KKqvLTza-(6>y(3fSW3aJJPi#Lk",Check sum is Y
test, nzvcYN76EVH6N)tq4%v)om@91IJ)q,Check sum is 5
test,"56^E8^"":wH3;W:$7R]TRDegmuty0*&kE<z~`jU~t|^NlyC\KV4",Check sum is #
test,"hm d:wcA
",Check sum is X
test,$0IrK 3=]LzaYw|,Check sum is Z
test,"+A~K%V^KG?R=9Cg&v[ `66o~
)Frb#Y#`DXM$4,TQU",Check sum is 4
test,"X1s,}_Z;EHFVX`oHm-amjs4	ijKAEB|jZV(+xZG8U.B",Check sum is 8
test,"{[U?0TT8b""VR}U-!L{iG%v2}K#s",Check sum is H
test,"mI	m A@aD[X|
cG
?&5rs$VGW$q>B+ZH9Ei'$5tpj|C1\Fn>",Check sum is +
test,cGr=EL%\W#`6RCT:fVq:tgIR.y%EUFTW}<.*X,Check sum is [
test,"*<PSAC
m{+	""nl#3|MP^
V^
FN@?w,3Q}	91uV",Check sum is Y
test,qRMy?o\f2:JA]16<_$=09f`Cc<c7AJXy tr_%pxl7Qt),Check sum is Z
test,"W15$`>K1;2]9P3Q	io!~OVf,1",Check sum is Z
test,"w	?tPis)B	4\JIF_J""*~",Check sum is O
test,"DQ`'&RP7\B2]=5L^	~cacIIz+)I""{9%",Check sum is V
test,"f	._UT,'=",Check sum is U
test,"{i6Br,}^udlwmYe[ ^((|Oc+vk`EIH,2tqUAe%ihGI>+~",Check sum is  
test,"+CeBj9b""aUO	H<9TONYC$l/P?hyc;{",Check sum is <
test,PY_:|-hGNMyTMH+_:z(sg(Z.e<R,Check sum is Z
test,1x,Check sum is I
test,]wr_&v?$l$&;x+2paEnHX.EI+xha+o,Check sum is 0
test,Ev)dyS,Check sum is 4
test,x;($y=8r,Check sum is ?
test,C(L^e,Check sum is Z
test,GL9R(;~^b&#7	 ,Check sum is H
test,->{qBI	ftq:yy%FfjyTuwLp-wQc[$E%&	,"Check sum is """
test,..J+jkwnv+8,Check sum is D
test,"v!z~s1,RAHtwwQA""P+tep""}Px(AJ:bOo",Check sum is (
test,6:+|Z0,Check sum is A
test,|B*m;x{Gfj [rH3,"Check sum is """
test,[>JQjzVbtt[7tYJw qt'},Check sum is !
test,DGINT''6[t3<B?Zq<?!hbpA[@rL#,Check sum is 7
test,"	jz}
>Ft(Re4ky.hA3",Check sum is M
test,">TNb
%$c\#`#2n;gz0` H7p7ulHAgEzX/VU0ik60gPF|;rz7w?",Check sum is %
test,"Q.
B5#Xp_A&8Q][z0LV[VT*xH?W20@mGL\itFJ'Jd%gsy",Check sum is [
test,"$IB;aj<'%""8#2(PkE$Te;zXX6","Check sum is ,"
test,"5K""+	.5jsUV(`#6,jyib",Check sum is \
test,"ne04<q2B9BI D>{5D1F[.$n~S/9e{;bZv6(7+]\a{lpK3
",Check sum is #
test,"p>rs:N/	Ikapfk3@_+2 SMu:@qo!DM` pR"";Op",Check sum is W
test,2coXSIL?,Check sum is #
test,"z0
$!=^>h=	LbI
FnaiK$Q'+Q}mX3|m|$fe'Oc!W6|$01{",Check sum is N
test,"y""9%q~R
k/=Hq""4Jqo8ril~E13zFv97UB.wPL,s:Sztk""RNmi ",Check sum is U
test,">>plG3
:f)dJIy2JzQ}Txgw1EW=m]<f7/1_@(E0~nrzi",Check sum is -
test,"Av#z3:B
",Check sum is -
test,#-,Check sum is 0
test,",36j0",Check sum is O
test,H\8{,Check sum is 7
test,"K""to9-tH<a6	t","Check sum is """
test,js,Check sum is =
test,"3jJyDQF""4*f!'^fPSNIJas$lUB3C	me<geeORgp-",Check sum is /
test,4+HE$M>i4Sf[:f5w!*n,Check sum is 1
test,~r>5}'Mr!epB\vy'q'dc\+$!gm|vvtw,"Check sum is """
test,"Snu\7(qkFv6]C0o!L7T
r(N*Rc;Oh$GFOh|QJQaJq3~Bv0R7",Check sum is '
test,"8mp*+""TACmBbT]*p!Y\S7",Check sum is @
test,%^}'%4h$5Pb{9AIO9>a:-/:2qSJ9D3ay1 ,Check sum is #
test,"Zxlgt	tDXRhc6e+'Ikn~~h7),|#=C%;(S%Bp""Im@PT&Z\HH",Check sum is '
test,"DhRW:?<wz@2Et2m#S1UN1>\Zg(w(KK>6
n_>+,n8?",Check sum is ]
test,"[(#bX&a^F"",!",Check sum is Z
test,dT/`,Check sum is '
test,Xh(4w'-,Check sum is G
test,"/JV'Uu18E,FY?;\ii.QNL55jLSSGcY",Check sum is #
test,V)=%;T3Ke[~D,Check sum is P
test,;>z-kwJ&ie6Ly5i@,Check sum is 9
test,1eZk)P4CB,Check sum is -
test,!``/^h~u0Bl0~9R2r{}:.owC#9e% 4?TTWg0]{w,Check sum is K
test,"+/p'@^^KsZ)j@bCu
xb*en",Check sum is 3
test,"4?t\Uf6W.5v#$p?*s*s&o?Oa7v}~?oXQ""o~Y|K-|WvTW!7Pl?;",Check sum is U
test,"1]+|8S&_Vk;VxSR<'JkX[<Jcu,|y/FZy/*i",Check sum is (
test,"5'uEKT_=_~sMO!lDzt
~3gA9^L2t=rw;L{vmZD	q)s*ut",Check sum is Z
test,"gS%0c{ag3,plP(=su1IDXr|rzJ(",Check sum is O
test,ggJz5Zw&B3kKfj7fz`A7+5b7e,Check sum is &
test,"_/NG#`KRhb(E|M!8QSwYNIY=
skRXZhfL",Check sum is #
test,"Xn~k0l%tX!d.	qK@^
j+;hZ|oM\11nP4}Nfbxq",Check sum is 2
test,%S,Check sum is X
test,cmYh{?(yyNi$,Check sum is  
test,"pOm{V6b'C565ANK
7XLEs.p/hdX$|>G029i",Check sum is P
