set,input1,output1
train,,Check sum is  
train,	,Check sum is )
train,"
",Check sum is *
train,"B
","Check sum is ,"
train,"

",Check sum is 4
train,"

















































",Check sum is T
train,                                                  ,Check sum is  
train,ssssssssssssssssssssssssssssssssssssssssssssssssss,Check sum is V
train,"CD
CD
CD
CD
CD
CD
CD
CD
CD
CD
CD
CD
CD
CD
CD
CD
CD",Check sum is 7
train,"x
y x
y x
y x
y x
y x
y x
y x
y x
y x
y x
y x
y x
",Check sum is &
train," 
 
 
 
 
 
 
 
 
 
 
 
 
 
 
 
 
 
 
 
 
 
 
 
 
",Check sum is :
train, ,Check sum is @
train,!,Check sum is A
train,"""",Check sum is B
train,#,Check sum is C
train,$,Check sum is D
train,%,Check sum is E
train,&,Check sum is F
train,',Check sum is G
train,(,Check sum is H
train,),Check sum is I
train,*,Check sum is J
train,+,Check sum is K
train,",",Check sum is L
train,-,Check sum is M
train,.,Check sum is N
train,/,Check sum is O
train,0,Check sum is P
train,1,Check sum is Q
train,2,Check sum is R
train,3,Check sum is S
train,4,Check sum is T
train,5,Check sum is U
train,6,Check sum is V
train,7,Check sum is W
train,8,Check sum is X
train,9,Check sum is Y
train,:,Check sum is Z
train,;,Check sum is [
train,<,Check sum is \
train,=,Check sum is ]
train,>,Check sum is ^
train,?,Check sum is _
train,@,Check sum is  
train,A,Check sum is !
train,B,"Check sum is """
train,C,Check sum is #
train,D,Check sum is $
train,E,Check sum is %
train,F,Check sum is &
train,G,Check sum is '
train,H,Check sum is (
train,I,Check sum is )
train,J,Check sum is *
train,K,Check sum is +
train,L,"Check sum is ,"
train,M,Check sum is -
train,N,Check sum is .
train,O,Check sum is /
train,P,Check sum is 0
train,Q,Check sum is 1
train,R,Check sum is 2
train,S,Check sum is 3
train,T,Check sum is 4
train,U,Check sum is 5
train,V,Check sum is 6
train,W,Check sum is 7
train,X,Check sum is 8
train,Y,Check sum is 9
train,Z,Check sum is :
train,[,Check sum is ;
train,\,Check sum is <
train,],Check sum is =
train,^,Check sum is >
train,_,Check sum is ?
train,`,Check sum is @
train,a,Check sum is A
train,b,Check sum is B
train,c,Check sum is C
train,d,Check sum is D
train,e,Check sum is E
train,f,Check sum is F
train,g,Check sum is G
train,h,Check sum is H
train,i,Check sum is I
train,j,Check sum is J
train,k,Check sum is K
train,l,Check sum is L
train,m,Check sum is M
train,n,Check sum is N
train,o,Check sum is O
train,p,Check sum is P
train,q,Check sum is Q
train,r,Check sum is R
train,s,Check sum is S
train,t,Check sum is T
train,u,Check sum is U
train,v,Check sum is V
train,w,Check sum is W
train,x,Check sum is X
train,y,Check sum is Y
train,z,Check sum is Z
train,{,Check sum is [
train,|,Check sum is \
train,},Check sum is ]
train,~,Check sum is ^
train,m*,Check sum is 7
train,IW,Check sum is @
train,P{,Check sum is +
train,p1,Check sum is A
train,!y,Check sum is :
train,am,Check sum is .
train,m7,Check sum is D
train,J;,Check sum is %
train,`},Check sum is =
train,sa,Check sum is 4
train,TK,Check sum is ?
train,Jd,Check sum is N
train, O,Check sum is O
train,:C,Check sum is ]
train,ny,Check sum is G
train,?B,Check sum is !
train,Y-,Check sum is &
train,EZ,Check sum is ?
train,'1,Check sum is 8
train,4v,Check sum is J
train,66,Check sum is L
train,P|,"Check sum is ,"
train,g.,Check sum is 5
train,|9,Check sum is U
train,\j,Check sum is &
train,U},Check sum is 2
train,uO,Check sum is $
train,h+,Check sum is 3
train,xX,Check sum is 0
train,v2,Check sum is H
train,&y,Check sum is ?
train,AB,Check sum is #
train,oy,Check sum is H
train,wd,Check sum is ;
train,=Y,Check sum is 6
train,~c,Check sum is A
train,3%,Check sum is 8
train,h8,Check sum is @
train,b*,"Check sum is ,"
train,7N,Check sum is %
train,/+,Check sum is :
train,6*,Check sum is @
train,P/,Check sum is _
train,@A,Check sum is !
train,/`,Check sum is /
train,TH,Check sum is <
train,~V,Check sum is 4
train,Wv,Check sum is -
train,|N,Check sum is *
train,@r,Check sum is R
train,5?,Check sum is T
train,t?,Check sum is S
train,"O""",Check sum is Q
train,tI,Check sum is ]
train,g[,"Check sum is """
train,):U,Check sum is X
train,6{j,Check sum is ;
train,Tf$,Check sum is >
train,b}U,Check sum is T
train,0nm,Check sum is +
train,VPz,Check sum is @
train,O!0,Check sum is @
train,/WF,"Check sum is ,"
train,"
G&",Check sum is W
train,T*F,Check sum is $
train,C<t,Check sum is S
train,H=9,Check sum is ^
train,)YP,Check sum is 2
train,'4_,Check sum is Z
train,=ue,Check sum is 7
train,Tmf,Check sum is G
train,/` ,Check sum is O
train,#UP,Check sum is (
train,-63,Check sum is 6
train,g5C,Check sum is ?
train, t{,Check sum is /
train,Z=#,Check sum is Z
train,pld,Check sum is  
train,{6v,Check sum is G
train,Piz,Check sum is S
train,pnj,Check sum is (
train,[Aj,Check sum is &
train,lHn,Check sum is B
train,*-2,Check sum is )
train,E\e,Check sum is &
train,rzT,Check sum is  
train,",ZR",Check sum is 8
train,PVH,Check sum is N
train,"i""R",Check sum is =
train,hwB,Check sum is A
train,fk>,Check sum is /
train,-(J,Check sum is ?
train,*X=,Check sum is _
train,-[\,Check sum is D
train,^Vg,Check sum is ;
train,%[),Check sum is I
train,	XX,Check sum is Y
train,"KO""",Check sum is \
train,.+h,Check sum is !
train,@25,Check sum is G
train,XRh,Check sum is 2
train,oNT,Check sum is 1
train,"""a$",Check sum is G
train,F9/,Check sum is N
train,H=0,Check sum is U
train,;4TX~{mysy~t4~jkUK46j51K\ $ XnxQpqIq1;l.QPm2c)ooPZ,Check sum is (
train,"5Uv[}\]n)3ymIRp,B?Up\e"".(Y1f/l+Rty}7V ",Check sum is 6
train,"X't""KMumVs&>k%~qP	b",Check sum is V
train,"M
;,lnt1Y.bo4<EP,qW@sh6}U['Q!+p+z~hth}@tE",Check sum is =
train,"[4VnnV*R""[?Bg#ZwsO0R <
94?x!3{	SjE-+~i",Check sum is 3
train,"n@}g&D9,XJ]4=:[Kt}1O4+}8-D#NQPZlxnC]J>vhj)",Check sum is ^
train,"{rrW_A""$\L^/0OHO=7d'P^a~3;+ndk1<\RQ6OPGL83uU).",Check sum is I
train,~39<`8nqr9,Check sum is (
train,"z
1e \x^]fw$-j:A/g#LT#^d~<:5ry{q<=D,'lll=",Check sum is K
train,"/}
1Kb nag_U",Check sum is >
train,c2-P=MO2b7'kP8>\sf'}qA\^WGH&Kn`7=GW,Check sum is *
train,v+<h48]{C!8@5A`e,Check sum is @
train,u7uq~Uxeh~dv:B4di>zv	N_GVtK9F],Check sum is ;
train,pZNed.zt6\F(70L}x+F;T[py4,Check sum is =
train,"agat*;l?YGmfu-
o?!|oRpxM;pRwa4!yzIs4j5",Check sum is Y
train,"_}`R*P{YRDFpsJ9J)N5]z""!My",Check sum is T
train,3 $Fp	?ED95T0[&#:LG^	iNRf)Wt9dRs>^g#~k,Check sum is <
train,"j%:h%LwzI]zIbuPfmn&nf^Mq#:\z;6WHYbEJ;*4IJ^c~;7d[
",Check sum is M
train,"a`A|(N]'gm*]@|R""6'g%Y,l6/Q[@",Check sum is N
train,6nX>wA6;_sF3:_2pi*q^ERM}KKLV,Check sum is D
train,kVlLgRGUATt k{0{,Check sum is (
train,w.P{>\mkaL;*yJ\8,Check sum is +
train,S6Xzv!| mSU	ZBS;ErE%/ g^EK}L!b|7CX,Check sum is U
train,fu%AmT(@,Check sum is J
train,_	^Xx^ma*K\:.SK,Check sum is 9
train,"t,ofJ]XSZ",Check sum is A
train,aXpGOVHuq>|:X8RVJ&>MnVb1c9h[PNkp@!>&CNe3#GT#BX,"Check sum is """
train,5Sh)`1v0LpeO!qSsrqs	7i*bGL>'K0Q,Check sum is G
train,pU9%DGk	Y}H8-JM5nIF.!7G(-wP,Check sum is 7
train,?]ac%ex LUGFMVj;QC_h@FPL$4;f<ymx#Bo-U-e?/I(hV,Check sum is -
train,"^LncJ	,jG[RsuVJRxZ5:G5Ptk",Check sum is >
train,K#w,Check sum is E
train,Wr|+]=,Check sum is *
train,"6pA8F0>,tOo89%Hix[~}DE14<F	{?6uQ",Check sum is U
train,Eo4[PZ4coAN`y(,Check sum is #
train,"VK_u27<B(M`h/*!05=r""rl*Va""w@l5.w&(AI""Jvvh",Check sum is _
train,"4zM!i.Vj
 c@:C?&2_^VV!",Check sum is >
train,"f<QI4}3F	+${CXhvt""vn""$&/]*:{(q\",Check sum is X
train,"0!. $$go_vIqIx/:F/i7xU	
E+;/0KPBkci>7nfcF",Check sum is [
train,"`\	ZJ>.a4D.BzU)ztTD}f-4[<HRE FDB'hEA
)+'6W.CY KA2",Check sum is 1
train,8;_2,Check sum is $
train, (J(v#	{$iA}3Yh&cxQ.-,Check sum is #
train,g:v/jO^x+7X;GU:,Check sum is @
train," p;z4IJEjJ/cmJo6}$/](@4hE-)<WEiiJt,,u",Check sum is T
train,Ac$H>^Yoo<B.Qi<sZohG|v2m]Af|t	[,Check sum is 9
train,{GTH0`VE_eP(kN,Check sum is ^
train,"z_-?>-TGCxJ	]`LGN,y",Check sum is <
train,m`#NVo6 H)QCc8m2,Check sum is 8
train,<j0'B5Ew,Check sum is P
train,sfkSC-QPy6,Check sum is 7
train,"9\F_{GMgaD21Ds>uaRvlc^#,>xyM&T@",Check sum is ]
train,"F=M[k2w'bw.+kN6vS4'qL8Ba1m-sFV\!X4@_+""",Check sum is 2
train,uCYF_fxzN<D,Check sum is <
train,"B:y
!jtk6e	(J=]O""yo{ l /<PD8~WA""_^_FIAs0nW'",Check sum is #
train,4_>)qi*9qVQ|K7UdDTB,Check sum is @
train,@Ayg,Check sum is A
train,"|pG!HP7F~STMs	 oxUjN3e`/jL&-P6Re&v&L->{""y 50,!8$P",Check sum is E
train,67,Check sum is M
train,"gnVHoY \k7s
DR%'_@?+|tTWZz`RvGBX&	V@n{<ubFi",Check sum is I
train,(cT8]vefWUO}Z)G~hbQw=?,Check sum is #
train,kJ>Rvv&O.P>up%G,Check sum is S
train,>8+DmH7,Check sum is 1
train,AHg.A1jm),Check sum is 0
train,k4ez5HB2H$CSWua]_nZ$wZSa}b^jNqg\UmA|]}?IK`eRPO],Check sum is S
train,S\G3x*A{o},Check sum is S
train,&C3mUYk']Vk%k{#(F@/,Check sum is R
train,;x->?m:E wR,Check sum is R
train,G/6vOCUw,Check sum is  
train,"]|IH%Hu!FCky~Q,;",Check sum is 0
train,"*jc fy,:]$Cs)*LM/LsL56SIeh6_>&#]=7aBbpPsoix8",Check sum is Z
train,"mn8d;saW:-kGlr5C?{=aQP51^	Zjh=C
>@GqH	M3dv\A90x1v",Check sum is .
train,"J)V\4So{2q""Wq(""RD
~2]iM%",Check sum is U
train,>R<)W{%.wum/T,Check sum is V
train,}cvGdF!8,Check sum is @
train,B<Gl9aglq<rT:,Check sum is +
train,a6HFC:nrJz'$|xtYkW$hc``sf;v]BJ_|#Qt$t@VJ%hUOE,Check sum is G
train,{70q$UC},"Check sum is ,"
train,">yW+#,gr\I&sXTOBH@S#6}w[v_%~i207*i!Igv/weHe3!~;JU1",Check sum is (
train,"6F]#u(y^HU,`aC?Fx -oz<2El[X-ZGdc 2icx<G4+dX	wEX]#K",Check sum is S
train,"r46$,Q)0}\YO.R",Check sum is 7
train,"gAv G=3j\Izq:wg*mX5rV<ksyw#7(0yk,>)(0YH#jhT",Check sum is H
train,R4=[Z34y.M@A[7e}dBG,Check sum is U
train,l|4,Check sum is <
train,&8,Check sum is >
train,UO49coUJoUJH@}5:(F>ODs0ZXRc/lNL'g6JmK,Check sum is (
train,"frKP_j*uh&@C68%Fp	_.d;""\ n-",Check sum is C
train,X9oEJV}@%|k/j4]/,Check sum is '
train,"^i0
<@LCC,uq~yR{
CF$",Check sum is <
train,"(j,6/JzEYK",Check sum is 0
test,)e,Check sum is .
test,0},Check sum is M
test,uE,Check sum is Z
test,OJ,Check sum is 9
test,?W,Check sum is 6
test,6E,Check sum is [
test,._,Check sum is -
test,"X,",Check sum is $
test,T;,Check sum is /
test,3h,Check sum is ;
test,Zv,Check sum is 0
test,/f,Check sum is 5
test,[i,Check sum is $
test,^2,Check sum is 0
test,Ux,Check sum is -
test,d1,Check sum is 5
test,FF,"Check sum is ,"
test,cg,Check sum is *
test,~s,Check sum is Q
test,[k,Check sum is &
test,n~,Check sum is L
test,{B,Check sum is ]
test,^Z,Check sum is X
test,8a,Check sum is 9
test,W',Check sum is ^
test,B>,Check sum is  
test,]%,"Check sum is """
test,y`,Check sum is 9
test,2i,Check sum is ;
test,DI,Check sum is -
test,^B,Check sum is @
test,_t,Check sum is 3
test,dA,Check sum is E
test,8C,Check sum is [
test,cW,Check sum is Z
test,WM,Check sum is D
test,ne,Check sum is 3
test,30,Check sum is C
test,U:,Check sum is /
test,2R,Check sum is $
test,%U,Check sum is Z
test,Kv,Check sum is !
test,&0,Check sum is 6
test,?x,Check sum is W
test,jI,Check sum is S
test,A8,Check sum is Y
test,"C
",Check sum is -
test,;q,Check sum is L
test,Kv,Check sum is !
test,5a,Check sum is 6
test,*g,Check sum is 1
test,m(,Check sum is 5
test,N[,Check sum is I
test,)I,Check sum is R
test,+0,Check sum is ;
test,H%,Check sum is M
test,*j,Check sum is 4
test,_Q,Check sum is P
test,zg,Check sum is A
test,53,Check sum is H
test,f5,Check sum is ;
test,N9,Check sum is '
test,sU,Check sum is (
test,O	,Check sum is 8
test,g',Check sum is .
test,",.",Check sum is :
test,p9,Check sum is I
test,5@,Check sum is U
test,&.,Check sum is 4
test,mB,Check sum is O
test,}#,Check sum is @
test,%o,Check sum is 4
test,E^,Check sum is C
test,(	,Check sum is Q
test,9a,Check sum is :
test,D9,Check sum is ]
test,69,Check sum is O
test,",w",Check sum is C
test,dZ,Check sum is ^
test,`f,Check sum is &
test,?!,Check sum is @
test,	h,Check sum is Q
test,C),Check sum is L
test,58,Check sum is M
test,/z,Check sum is I
test,(`,Check sum is (
test,rJ,Check sum is \
test,$K,Check sum is O
test,Gb,Check sum is I
test,Q:,Check sum is +
test,lE,Check sum is Q
test,Cy,Check sum is \
test,6O,Check sum is %
test,O7,Check sum is &
test,km,Check sum is 8
test,sy,Check sum is L
test,k+,Check sum is 6
test,ME,Check sum is 2
test,a5,Check sum is 6
test,5?,Check sum is T
test,#2,Check sum is 5
test,Xj,"Check sum is """
test,\.,Check sum is *
test,nf,Check sum is 4
test,",b",Check sum is .
test,&b,Check sum is (
test,cu,Check sum is 8
test,Hz,"Check sum is """
test,gk,Check sum is 2
test,5	,Check sum is ^
test,YO,Check sum is H
test,$=,Check sum is A
test,;b,Check sum is =
test,(N,Check sum is V
test,@e,Check sum is E
test,l|,Check sum is H
test,C!,Check sum is D
test,a6,Check sum is 7
test,9`,Check sum is 9
test,K-,Check sum is X
test,I*,Check sum is S
test,<-,Check sum is I
test,dS,Check sum is W
test,Q_,Check sum is P
test,Fb,Check sum is H
test,r4,Check sum is F
test,bR,Check sum is T
test,.q,Check sum is ?
test,_3,Check sum is 2
test,PN,Check sum is >
test,3	,Check sum is \
test,dB,Check sum is F
test,[@,Check sum is ;
test,NJ,Check sum is 8
test,n$,Check sum is 2
test,9l,Check sum is E
test,",o",Check sum is ;
test, b,"Check sum is """
test,cI,Check sum is L
test,oJ,Check sum is Y
test,{),Check sum is D
test,"""4",Check sum is 6
test,D&,Check sum is J
test,P[,Check sum is K
test,+&,Check sum is 1
test,iL,Check sum is U
test,nw,Check sum is E
test,#I,Check sum is L
test,;E,Check sum is  
test,Iv,Check sum is _
test,?	,Check sum is (
test,.N,Check sum is \
test,0>,Check sum is N
test,2J,Check sum is \
test,&5,Check sum is ;
test,vs,Check sum is I
test,_9,Check sum is 8
test,A',Check sum is H
test,i	,Check sum is R
test,D),Check sum is M
test,tk,Check sum is ?
test,6i,Check sum is ?
test,2},Check sum is O
test,^q,Check sum is /
test,g),Check sum is 0
test,{.,Check sum is I
test,LF,Check sum is 2
test,"""|",Check sum is >
test,qA,Check sum is R
test,D=,Check sum is !
test,hj,Check sum is 2
test,b.,Check sum is 0
test,K),Check sum is T
test,_?,Check sum is >
test,"
-",Check sum is W
test,j},Check sum is G
test,~/,Check sum is M
test,9d,Check sum is =
test,fD,Check sum is J
test,/&,Check sum is 5
test,S%,Check sum is X
test,F9,Check sum is _
test,	c,Check sum is L
test,d5,Check sum is 9
test,dt,Check sum is 8
test,5[,Check sum is 0
test,c3,Check sum is 6
test,a.,Check sum is /
test,u(,Check sum is =
test,vk,Check sum is A
test,y[,Check sum is 4
test,"
W",Check sum is A
test,!},Check sum is >
test,mU,"Check sum is """
test,VD,Check sum is :
test,e-,Check sum is 2
test,cm,Check sum is 0
test,F.,Check sum is T
test,fj,Check sum is 0
test,T:,Check sum is .
test,\5,Check sum is 1
test,LR,Check sum is >
test,ZF,Check sum is @
test,^d,"Check sum is """
test,=U,Check sum is 2
test,EC,Check sum is (
test,C',Check sum is J
test,;F,Check sum is !
test,E~,Check sum is #
test,D^,Check sum is B
test,zm,Check sum is G
test,Gt,Check sum is [
test,q2,Check sum is C
test,7\,Check sum is 3
test,;>,Check sum is Y
test,Te,Check sum is Y
test,*X,"Check sum is """
test, I,Check sum is I
test,!Z,Check sum is [
test,d\,Check sum is  
test,_t,Check sum is 3
test,j@,Check sum is J
test,!',Check sum is (
test,/%,Check sum is 4
test,oI,Check sum is X
test,l-,Check sum is 9
test,]J,Check sum is G
test,6p,Check sum is F
test,8S,Check sum is +
test,u#,Check sum is 8
test,|`,Check sum is <
test,jk,Check sum is 5
test,hU,Check sum is ]
test,Q-,Check sum is ^
test,{w,Check sum is R
test,[-,Check sum is (
test,&1,Check sum is 7
test,:u,Check sum is O
test,	S,Check sum is <
test,BZ,Check sum is <
test,fw,Check sum is =
test,NU,Check sum is C
test,=>,Check sum is [
test,k5,Check sum is @
test,%.,Check sum is 3
test,"

",Check sum is 4
test,gT,Check sum is [
test,if,Check sum is /
test,.4,Check sum is B
test,1	,Check sum is Z
test,}R,Check sum is /
test,c[,Check sum is ^
test,",f",Check sum is 2
test,E`,Check sum is E
test,\-,Check sum is )
test,D4,Check sum is X
test,3;,Check sum is N
test,0R,"Check sum is """
test,n_,Check sum is -
test,=D,Check sum is !
test,O~,Check sum is -
test,`6,Check sum is 6
test,rQ,Check sum is #
test,Jq,Check sum is [
test,BJ,"Check sum is ,"
test,""")",Check sum is +
test,jX,"Check sum is """
test,^o,Check sum is -
test,9k,Check sum is D
test,sS,Check sum is &
test,Ft,Check sum is Z
test,gc,Check sum is *
test,.+,Check sum is 9
test,d-,Check sum is 1
test,oM,Check sum is \
test,bO,Check sum is Q
test,/5,Check sum is D
test,4;,Check sum is O
test,G#,Check sum is J
test,?+,Check sum is J
test,6),Check sum is ?
test,FV,Check sum is <
test,SH,Check sum is ;
test,7Q,Check sum is (
test,DI,Check sum is -
test,:5,Check sum is O
test,;_,Check sum is :
test,Ag,Check sum is H
test,"""%",Check sum is '
test,~f,Check sum is D
test,L6,"Check sum is """
test, N,Check sum is N
test,G6,Check sum is ]
test,3H,Check sum is [
test,.=,Check sum is K
test,G',Check sum is N
test,)c,"Check sum is ,"
test,WH,Check sum is ?
test,+b,Check sum is -
test,Vd,Check sum is Z
test,Nc,Check sum is Q
test,R=,Check sum is /
test,?T,Check sum is 3
test,88,Check sum is P
test,q`,Check sum is 1
test,I@,Check sum is )
test,0i,Check sum is 9
test,a/,Check sum is 0
test,"""z",Check sum is <
test,;T,Check sum is /
test,Gy,Check sum is  
test,3J,Check sum is ]
test,NR,Check sum is @
test,C~,Check sum is !
test,aZ,Check sum is [
test,Gi,Check sum is P
test,_j,Check sum is )
test,gi,Check sum is 0
test,5e,Check sum is :
test,s^,Check sum is 1
test,1M,Check sum is ^
test,s0,Check sum is C
test,?o,Check sum is N
test,[f,Check sum is !
test,ej,Check sum is /
test,":""",Check sum is <
test,OB,Check sum is 1
test,Ed,Check sum is I
test,1p,Check sum is A
test,fn,Check sum is 4
test,kl,Check sum is 7
test,=;,Check sum is X
test,19,Check sum is J
test,+_,Check sum is *
test,5<,Check sum is Q
test,=e,Check sum is B
test,sp,Check sum is C
test,i3,Check sum is <
test,"b,",Check sum is .
test,09,Check sum is I
test,>),Check sum is G
test,@?,Check sum is _
test,6	,Check sum is _
test,qx,Check sum is I
test,Sy,"Check sum is ,"
test,!J,Check sum is K
test,((,Check sum is 0
test,>C,Check sum is !
test,~F,Check sum is $
test,4F,Check sum is Z
test,Bd,Check sum is F
test,NC,Check sum is 1
test,;n,Check sum is I
test,Q	,Check sum is :
test,`r,Check sum is 2
test,q\,Check sum is -
test,!T,Check sum is U
test,"*,",Check sum is 6
test,@y,Check sum is Y
test,NE,Check sum is 3
test,8%,Check sum is =
test,=T,Check sum is 1
test,	g,Check sum is P
test,PJ,Check sum is :
test,lx,Check sum is D
test,I2,Check sum is [
test,"m,",Check sum is 9
test,4[,Check sum is /
test,.y,Check sum is G
test,{&,Check sum is A
test,cy,Check sum is <
test,",<",Check sum is H
test,_u,Check sum is 4
test,UR,Check sum is G
test,w7,Check sum is N
test,&c,Check sum is )
test,hB,Check sum is J
test,'9,Check sum is @
test,w:,Check sum is Q
test,0/,Check sum is ?
test,jr,Check sum is <
test,B!,Check sum is C
test,9-,Check sum is F
test,yh,Check sum is A
test,h*,Check sum is 2
test,:K,Check sum is %
test,):,Check sum is C
test,at,Check sum is 5
test,h4,Check sum is <
test,M),Check sum is V
test,[4,Check sum is /
test,{_,Check sum is :
test,n5,Check sum is C
test,3/,Check sum is B
test,qz,Check sum is K
test,Bi,Check sum is K
test,K:,Check sum is %
test,bR,Check sum is T
test,MS,Check sum is @
test,A3,Check sum is T
test,>>,Check sum is \
test,5j,Check sum is ?
test,'F,Check sum is M
test,hb,Check sum is *
test,w',Check sum is >
test,du,Check sum is 9
test,`Y,Check sum is Y
test,",5",Check sum is A
test,aG,Check sum is H
test,:~,Check sum is X
test,H4,Check sum is \
test,O),Check sum is X
test,hL,Check sum is T
test,XA,Check sum is 9
test,4<,Check sum is P
test,8),Check sum is A
test,r_,Check sum is 1
test,@6,Check sum is V
test,;|,Check sum is W
test,tE,Check sum is Y
test,";""",Check sum is =
test,#v,Check sum is 9
test,SG,Check sum is :
test,",J",Check sum is V
test,.5,Check sum is C
test,`\,Check sum is \
test,<<,Check sum is X
test,JE,Check sum is /
test,",Z",Check sum is &
test,KJ,Check sum is 5
test,Rh,Check sum is Z
test,",W",Check sum is #
test,w1,Check sum is H
test,?J,Check sum is )
test,}~,Check sum is [
test,o>,Check sum is M
test,07,Check sum is G
test,JL,Check sum is 6
test,nV,Check sum is $
test,}&,Check sum is C
test,p.,Check sum is >
test,8(,Check sum is @
test,I],Check sum is F
test,hl,Check sum is 4
test,<a,Check sum is =
test,uw,Check sum is L
test,Sk,Check sum is ^
test,",X",Check sum is $
test,M%,Check sum is R
test,3P,Check sum is #
test,qe,Check sum is 6
test,s`,Check sum is 3
test,.?,Check sum is M
test,Wl,Check sum is #
test,<`,Check sum is <
test,"Q""",Check sum is S
test,]r,Check sum is /
test,N&,Check sum is T
test,Xz,Check sum is 2
test,k>,Check sum is I
test,l?,Check sum is K
test,Gv,Check sum is ]
test,Ac,Check sum is D
test,4s,Check sum is G
test,"
Z",Check sum is D
test,7),Check sum is @
test,"}""",Check sum is ?
test,Rx,Check sum is *
test,S ,Check sum is S
test,TH,Check sum is <
test,G=,Check sum is $
test, %,Check sum is %
test,26,Check sum is H
test,'X,Check sum is _
test,En,Check sum is S
test,}F,Check sum is #
test,z{,Check sum is U
test,fu,Check sum is ;
test,so,Check sum is B
test,@X,Check sum is 8
test,T<,Check sum is 0
test,Su,Check sum is (
test,H%,Check sum is M
test,bH,Check sum is J
test,YI,Check sum is B
test,"
v",Check sum is  
test,Yo,Check sum is (
test,~*,Check sum is H
test,j=,Check sum is G
test,Tt,Check sum is (
test,wh,Check sum is ?
test,@\,Check sum is <
test,Ha,Check sum is I
test,xm,Check sum is E
test,vx,Check sum is N
test,Ls,Check sum is _
test,h9,Check sum is A
test,`m,Check sum is -
test,27,Check sum is I
test,]g,Check sum is $
test,iH6,Check sum is G
test,U`v,Check sum is K
test,{AI,Check sum is %
test,Huz,Check sum is W
test,YC!,Check sum is ]
test,^e!,Check sum is D
test,wn6,Check sum is ;
test,-qe,Check sum is #
test,cju,"Check sum is """
test,3M0,Check sum is P
test,BVd,Check sum is \
test,O*9,Check sum is R
test,tar,Check sum is '
test,^Kz,Check sum is C
test,J-M,Check sum is $
test,fFF,Check sum is R
test,QZQ,Check sum is \
test, /+,Check sum is Z
test,'o<,Check sum is 2
test,vsh,Check sum is 1
test,pG#,Check sum is :
test,y;A,Check sum is U
test,Fa*,Check sum is 1
test,fZy,Check sum is Y
test,"7
~",Check sum is _
test,9J?,"Check sum is """
test,[[L,"Check sum is """
test,[\W,Check sum is .
test,E;o,Check sum is O
test,";""M",Check sum is J
test,9mK,Check sum is Q
test,E:z,Check sum is Y
test,A!j,"Check sum is ,"
test,f<&,Check sum is (
test,P0:,Check sum is Z
test,Uym,Check sum is [
test,Y\j,Check sum is ?
test,}Pm,Check sum is Z
test,(PK,Check sum is #
test,S c,Check sum is 6
test,"
=+",Check sum is R
test,!S],Check sum is 1
test,%!v,Check sum is \
test,nR4,Check sum is T
test,yNp,Check sum is W
test,$ E,Check sum is )
test,0i[,Check sum is T
test,C3k,Check sum is A
test,@=K,Check sum is (
test,s'N,Check sum is H
test,msp,Check sum is 0
test,u.V,Check sum is Y
test,STW,Check sum is ^
test,r;e,Check sum is 2
test,Xf>,Check sum is \
test,2Ll,Check sum is J
test,:cz,Check sum is 7
test,_	3,Check sum is ;
test,2mS,Check sum is R
test,"2,|",Check sum is :
test,*@!,Check sum is +
test,"!Y,",Check sum is F
test,QOU,Check sum is U
test,\Gr,Check sum is 5
test,lf},Check sum is /
test,[+0,Check sum is V
test,ngi,Check sum is ^
test,.yk,Check sum is 2
test,`u6,Check sum is +
test,*/-,Check sum is &
test,-7M,Check sum is Q
test,^@L,Check sum is J
test,dYM,Check sum is *
test,9+],Check sum is !
test,",:&","Check sum is ,"
test,(&&,Check sum is T
test,63W,Check sum is  
test,*Jb,Check sum is 6
test,@8x,Check sum is P
test,Xmm,Check sum is R
test,8$',Check sum is #
test,Zg*,Check sum is K
test,HF:,Check sum is (
test,=MW,Check sum is A
test,"5/""",Check sum is &
test,`}3,Check sum is 0
test,3-T,Check sum is T
test,)j0,Check sum is #
test,N ^,"Check sum is ,"
test,"
2I",Check sum is %
test,t0 ,Check sum is $
test,y+-,Check sum is 1
test,gPm,Check sum is D
test,-VQ,Check sum is 4
test,49?,Check sum is L
test,^`:,Check sum is X
test,"vX
",Check sum is 8
test,K.F,Check sum is _
test,+sN,Check sum is L
test,:zq,Check sum is E
test,inW,Check sum is N
test,wX%,Check sum is T
test,Fw#,Check sum is @
test,~2m,Check sum is =
test,E K,Check sum is P
test,ziB,Check sum is E
test,"B},",Check sum is K
test,[+E,Check sum is +
test,A{>,Check sum is Z
test,2r%,Check sum is )
test,"+""D",Check sum is 1
test,XT0,Check sum is <
test,mub,Check sum is $
test,"	.""",Check sum is 9
test,mJD,Check sum is [
test,gEu,Check sum is A
test,dn@,Check sum is 2
test,4O(,Check sum is K
test,UyQ,Check sum is ?
test,	MQ,Check sum is G
test,*3[,Check sum is X
test,=4{,Check sum is L
test,(sK,Check sum is F
test,MR\,Check sum is [
test,^R\,"Check sum is ,"
test,BMq,Check sum is  
test,"4h""",Check sum is ^
test,XG`,Check sum is _
test,q~[,Check sum is *
test,*e!,Check sum is P
test, hH,Check sum is 0
test,vWI,Check sum is 6
test,6&r,Check sum is .
test,H<t,Check sum is X
test,rx^,Check sum is (
test,t7f,Check sum is 1
test,;2i,Check sum is 6
test,?HJ,Check sum is 1
test,9~6,Check sum is M
test,T/!,Check sum is D
test,LE	,Check sum is :
test,X~c,Check sum is Y
test,"[,Z",Check sum is A
test,wD!,Check sum is <
test,:;X,Check sum is -
test,.9l,Check sum is 3
test,WWF,Check sum is T
test,srR,Check sum is W
test,Fv*,Check sum is F
test,{Mz,"Check sum is """
test,m^~,Check sum is )
test,AO`,Check sum is P
test,#.(,Check sum is Y
test,{Jo,Check sum is T
test,`B[,Check sum is ]
test,BtO,Check sum is %
test,|J@,Check sum is &
test,6xo,Check sum is =
test,@Tc,Check sum is W
test,w'^,Check sum is \
test,g&H,Check sum is 5
test,9Z{,Check sum is .
test,m[d,Check sum is L
test,yh|,Check sum is =
test,"sL
",Check sum is )
test,DIq,Check sum is ^
test,G$7,Check sum is B
test,o}Z,Check sum is &
test,E<c,Check sum is D
test,]%&,Check sum is H
test,e%Y,Check sum is C
test,lBG,Check sum is U
test,_Z_,Check sum is 8
test,NHW,Check sum is M
test,3Az,Check sum is N
test,78@,Check sum is O
test,{!',Check sum is #
test,"f,}",Check sum is /
test,0MU,Check sum is 2
test,Sof,Check sum is H
test," d""",Check sum is F
test,r#5,Check sum is *
test, {(,Check sum is #
test,",""F",Check sum is 4
test,2Qv,Check sum is Y
test,RD:,Check sum is 0
test,H@9,Check sum is !
test,",T\",Check sum is <
test,A9K,Check sum is %
test,#IA,Check sum is M
test,!qD,Check sum is 6
test,B+1,Check sum is >
test,?~g,Check sum is D
test,I}6,Check sum is \
test,ORW,Check sum is X
test,~mP,Check sum is [
test,+v`,Check sum is !
test,Ccd,Check sum is *
test,#yb,Check sum is ^
test,"
Yr",Check sum is 5
test,*eL,Check sum is ;
test,LHR,Check sum is F
test,a'(,Check sum is P
test,+g_,Check sum is Q
test,&Qr,Check sum is I
test,?[#,Check sum is ]
test,<`{,Check sum is 7
test,m?M,Check sum is Y
test,^kx,Check sum is !
test,*|^,Check sum is $
test,{Q=,Check sum is )
test,qwi,Check sum is 1
test,ol:,Check sum is 5
test,5 v,Check sum is +
test,(hj,Check sum is Z
test,"
0f",Check sum is @
test,<Qg,Check sum is T
test,6A	,Check sum is  
test,>V:,Check sum is .
test,eLX,Check sum is )
test,"sh,",Check sum is '
test,qXR,Check sum is ;
test,M	.,Check sum is $
test,Z~G,Check sum is ?
test,_D;,Check sum is >
test,Aff,Check sum is -
test,"o
a",Check sum is :
test,K'/,Check sum is A
test,NWv,Check sum is ;
test,u?W,Check sum is +
test,r{6,Check sum is C
test,VTT,Check sum is ^
test,'%g,Check sum is S
test,n3B,Check sum is C
test,2!Z,Check sum is M
test,*8x,Check sum is :
test,m% ,Check sum is R
test,G	j,Check sum is Z
test,u~U,Check sum is (
test,9z+,Check sum is >
test,"s&
",Check sum is C
test,[Zv,Check sum is K
test,{x),Check sum is <
test,(Wa,Check sum is @
test,A-1,Check sum is ?
test,"g,7",Check sum is *
test,	7),Check sum is I
test,PM-,Check sum is *
test,B	1,Check sum is \
test,&+x,Check sum is )
test,<#I,Check sum is H
test,0K},Check sum is X
test,|Ej,Check sum is K
test,eCf,Check sum is .
test,z_i,"Check sum is """
test,5C/,Check sum is G
test,a]|,Check sum is Z
test,0#},Check sum is 0
test,-Js,Check sum is J
test,AW|,Check sum is 4
test,HAt,Check sum is ]
test,2(N,Check sum is H
test,'||,Check sum is ?
test,eZ8,Check sum is W
test,?LB,Check sum is -
test,5p!,Check sum is &
test,$QG,Check sum is \
test,r^3,Check sum is #
test,"'""$",Check sum is M
test,_m],Check sum is I
test,O~u,"Check sum is """
test,Ork,Check sum is L
test,v}X,Check sum is +
test,"]""L",Check sum is +
test,m>U,Check sum is  
test,L.i,Check sum is C
test,=<A,Check sum is Z
test,",I`",Check sum is 5
test,*xf,Check sum is (
test,"',W",Check sum is J
test,90;,Check sum is D
test,X5Y,Check sum is F
test,"	X""",Check sum is #
test,wq`,Check sum is (
test,hF8,Check sum is F
test,U2(,Check sum is O
test,8l<,Check sum is @
test,.Cf,Check sum is 7
test,*@S,Check sum is ]
test,`x9,Check sum is 1
test,jNE,Check sum is ]
test,2qv,Check sum is 9
test,'?k,Check sum is 1
test,lOh,Check sum is C
test,"4""~",Check sum is 4
test,?%H,Check sum is L
test,$Th,Check sum is @
test,v@*,Check sum is @
test,}OJ,Check sum is 6
test,wfj,Check sum is '
test,VB',Check sum is _
test,'Bu,Check sum is >
test,fY+,Check sum is J
test,{Im,Check sum is Q
test,B5T,Check sum is +
test,b0y,Check sum is +
test,Q<z,Check sum is '
test,"Tn
","Check sum is ,"
test,F3q,Check sum is J
test,W'O,Check sum is -
test,3}8,Check sum is H
test,]Vx,Check sum is K
test,{W/,Check sum is !
test,[?(,"Check sum is """
test,_Yi,Check sum is A
test,<m2,Check sum is ;
test,LCM,Check sum is <
test,./v,Check sum is 3
test,T_5,Check sum is H
test,@r%,Check sum is 7
test,z95,Check sum is H
test,4ga,Check sum is \
test,hiN,Check sum is ?
test,f0*,Check sum is  
test,"
]
",Check sum is Q
test,1Fp,Check sum is G
test,kU5,Check sum is U
test,h#r,Check sum is ]
test,zY@,Check sum is 3
test,"sv""",Check sum is +
test,ZHw,Check sum is 9
test,p|B,Check sum is N
test,"X""?",Check sum is Y
test,8ps,Check sum is ;
test,bt],Check sum is S
test,eUK,Check sum is %
test,]CU,Check sum is U
test,z*E,Check sum is I
test,!\a,Check sum is >
test,w!?,Check sum is 7
test,r&z,Check sum is 2
test,$6;,Check sum is 5
test,"zY
",Check sum is =
test,U1b,Check sum is H
test,=@X,Check sum is 5
test,J;#,Check sum is H
test,	\B,Check sum is G
test,yff,Check sum is %
test,\X2,Check sum is F
test,Kzx,Check sum is ]
test,W^i,Check sum is >
test,}(v,Check sum is ;
test,K2T,Check sum is 1
test,5{O,Check sum is _
test,yhT,Check sum is U
test,0x(,Check sum is 0
test,"gI,",Check sum is <
test,z[v,Check sum is +
test,ZX!,Check sum is 3
test,T_b,Check sum is 5
test,"&,&",Check sum is X
test,gA>,Check sum is F
test,%X$,Check sum is A
test,j/z,Check sum is 3
test,i$#,Check sum is P
test,2#Z,Check sum is O
test,~p>,Check sum is L
test,0G`,Check sum is 7
test,8%u,Check sum is 2
test,Kt0,Check sum is O
test,1~|,Check sum is K
test,U^$,Check sum is 7
test,	Cz,Check sum is &
test,% |,Check sum is !
test,	1*,Check sum is D
test,sWU,Check sum is ?
test,ciN,Check sum is :
test,NR;,Check sum is ;
test,i.X,Check sum is O
test,aqS,Check sum is E
test,8y6,Check sum is G
test,3LC,"Check sum is """
test,rFu,Check sum is M
test,7IR,Check sum is 2
test,Ro=,Check sum is ^
test,uWv,"Check sum is """
test,3G1,Check sum is K
test,$kZ,Check sum is I
test,D'3,Check sum is >
test,x34,Check sum is ?
test,@aX,Check sum is Y
test,_'[,Check sum is A
test,zvB,Check sum is R
test,~Il,Check sum is S
test,+z8,Check sum is =
test,",\|",Check sum is $
test,50I,Check sum is N
test,"

y",Check sum is -
test,_*B,Check sum is +
test,T^d,Check sum is 6
test,"M[""",Check sum is *
test,XeN,Check sum is +
test,""";m",Check sum is *
test,%7M,Check sum is I
test,KEU,Check sum is E
test,[Zv,Check sum is K
test,"zD,",Check sum is J
test,&v8,Check sum is 4
test,IOW,Check sum is O
test,Tbf,Check sum is <
test,[lC,Check sum is *
test,yuq,Check sum is ?
test,m+s,Check sum is +
test,Vl4,Check sum is V
test,ru0,Check sum is 7
test,sX@,Check sum is +
test,bdy,Check sum is _
test,H^[,Check sum is !
test,"
Sx",Check sum is 5
test,HzI,Check sum is +
test,t{|,Check sum is K
test,"Ym""",Check sum is H
test,Rh:,Check sum is T
test,YGj,Check sum is *
test,fE	,Check sum is T
test,+%6,Check sum is &
test,cEE,Check sum is M
test,/Y1,Check sum is Y
test,GUN,Check sum is J
test,k#b,Check sum is P
test,5bz,Check sum is 1
test,%jY,Check sum is H
test,5c6,Check sum is .
test, @S,Check sum is S
test,ZLP,Check sum is V
test,{vk,Check sum is <
test,E<_,Check sum is @
test,=/$,Check sum is 0
test,R2\,Check sum is @
test,5	m,Check sum is K
test,"
~|",Check sum is $
test,;x!,Check sum is 4
test,Ymg,Check sum is M
test,sKo,Check sum is M
test,Z'_,Check sum is @
test,lX~,"Check sum is """
test,MRG,Check sum is F
test,!Tu,Check sum is J
test,"OS,",Check sum is .
test,dD{,Check sum is C
test,ECF,Check sum is .
test,{hJ,Check sum is M
test,H.[,Check sum is 1
test,:pr,Check sum is <
test,7N-,Check sum is R
test,}P	,Check sum is 6
test,tp3,Check sum is 7
test,9-3,Check sum is 9
test,B%l,Check sum is 3
test,Pd`,Check sum is 4
test,P6R,Check sum is 8
test,I/l,Check sum is D
test,eGA,Check sum is M
test,"""?O",Check sum is P
test,6k{,Check sum is <
test,[f!,Check sum is B
test,6_Y,Check sum is N
test,=T~,Check sum is /
test,sg6,Check sum is 0
test,W$],Check sum is 8
test,"=,N",Check sum is W
test,3ol,Check sum is .
test,n7z,Check sum is ?
test,ACE,Check sum is )
test,"9N,",Check sum is S
test,6BU,Check sum is -
test,xy3,Check sum is D
test,EW\,Check sum is X
test,(3P,Check sum is K
test,;5B,Check sum is R
test,iVQ,Check sum is 0
test,:]&,Check sum is ]
test,v+F,Check sum is G
test,`%n,Check sum is S
test,B^T,Check sum is T
test,!kv,"Check sum is """
test,`VN,Check sum is $
test,E(C,Check sum is P
test,!-C,Check sum is 1
test,$Cw,Check sum is >
test,Ho(,Check sum is ?
test,>!V,Check sum is U
test,~3~,Check sum is O
test,"B
`",Check sum is L
test,y-g,Check sum is -
test,sp!,Check sum is $
test,RDK,Check sum is A
test,>p2,Check sum is @
test,	@/,Check sum is X
test,s%&,Check sum is ^
test,fQL,Check sum is #
test,"IIP bdRbt<=v3GFp\T5Ecm3/9ov-r5$70xr-;Sf1>x[,y",Check sum is :
test,"YmW&<TtvJ76/`~Dd.)-:pn}S5`T)J
g\a]&isKP5TZp@=5",Check sum is >
test,FwHaa,Check sum is '
test,"2
,^Fg>;\4",Check sum is \
test,"Q/DXs,OwY+""9(#dI(@SmI]=Pdb[%P6OW'YrO",Check sum is F
test,"@F#iAt&<oA<*,366W_8QIH'UF",Check sum is <
test,"D0F|C""OGx
X+E.08 HGC\'Tb^<",Check sum is 6
test,"9Ne~Cg>nNR 7s!J*9~z=MP<WB*
rY^",Check sum is \
test,"(?**6H4DT@
h@wfm91 !B
Wq.241M	^oV!'S\lS)hY}	F\uw",Check sum is R
test,oa7H;cI=eYsZ,Check sum is ^
test,"P""E{{KB7{4/&?$q#i<Iz}4d>
S=6!'9&"".N\+|Id~RK[y
0",Check sum is 5
test,"?krlt
=""2H5m",Check sum is !
test,"5IU]fXXRsDLp x)tc]UpP|
TD7x'ueZX	7|8zU",Check sum is 8
test,^dcy?MUwR3@i'mXOUsm`GS^n[`jn\!hEuyNn6puGL!4r{tM4d,Check sum is *
test,"]~,)Sk|e,baMHLdx-^daJ86{O/@+[dgI	",Check sum is ?
test,Tz^!2V8p!	,Check sum is G
test,>z<	p1t+@wQ1V8I)0)1k,Check sum is K
test,"hy?3,6yVS	^~[b44]V""Xx,XP5)Av
3^#92i#@0/{GG&",Check sum is R
test,"&hP%cQ_M @`HwdiM{z,YH9h%Ob5P8F~{",Check sum is Q
test,CsBkt0oMyo,Check sum is K
test,"FW
HStBpH&];c*4P?N~W#BU'eKE<\@9
F",Check sum is 8
test,e4q6,Check sum is  
test,9 57US%'$s'>0\oSN(pnX31$a^<Df%vzL,Check sum is ]
test,DK}	,Check sum is 5
test,4 I{}FRtCbf,Check sum is L
test,e)\fh'AZ,Check sum is Z
test,"""w~G(Ddaf	g>'T9M9pe{	7r$!smCp)}\EUQc}2oT*<u:",Check sum is .
test,"t;:[;P6gf7.
vz&STH U0>v|O1oa><D'""@A",Check sum is S
test,0j%{+^xs8Qyfo\YsHMfmFPP43(k8Z)1$u#r3NA,Check sum is 1
test,"KL3
x&jb%qyf",Check sum is S
test,">wud=
	y6)>snat;t;4_@sC.H:VR;#P(8d",Check sum is G
test,%5,Check sum is :
test,"XO*zHV YdC.#.zC&ND Vn|!>iNf<""|ap#HyDW""kJEXi@s)O$K!",Check sum is ;
test,E('o}Wc#k-	=!@Hzh(k\F3y{CDW)a?>OnvL3a{u@B7m,Check sum is P
test,tMl%aBdW3ERV.H,Check sum is &
test,8pl{qlpBr,Check sum is 0
test,l~(:Wz)7\Ep@E	,Check sum is <
test,6VmC-5 y^4V0Ejfi$ht,Check sum is -
test,"NQNa2y4FLEVF}i""gm+7_(gsYWW]ru",Check sum is *
test,O.l--z=cB{K.8hQDxP&qhx<|F~!e5hL:,Check sum is L
test,"r`${vN?;5hF
^)XKOz(]X'TYpQ'jGyb]l+Mrc|X""YA<Wh%MG~","Check sum is ,"
test,"i+2oY^h
hm~7kfT?)?XK'x>M394?Oy;j",Check sum is -
test,"T%}2ldkyvdLJtB*^""K_P@qH
C=TN
67xlN^c0(xJD:&FB",Check sum is [
test,"JPVT'DK9C\%b>E=5;-
ab9o",Check sum is K
test,"`/ua:Lu,n(aD`Yat,.A^~^,Tz0p7s""3I%[21V^wgi",Check sum is J
test,O%;)[+ZQ,Check sum is )
test,"/}M.9N.-u:"")47P?g f0W>\UaRD^\G",Check sum is 8
test,"6TBn6Rm
z1ru",Check sum is +
test," cjy1lXd]TMnz4&0i/f[<{
CU<JP#
$~\M",Check sum is O
test,"C""&b;hx5VTU*E/iHd$4W$o(a n+J3&t(FeOol4yBv]S=~1\iC`",Check sum is P
test,YP~,Check sum is G
test,"P
'w|:[i%&Kmo",Check sum is D
test,fX,Check sum is ^
test,''	~V7k`IV>l+'ha,Check sum is 1
test,"v""I|6FX).-q",Check sum is F
test,"a-{y /|>0~(Spm""?4/9'0S	",Check sum is !
test,]yLIz@c062G=Qnhej0?!V02?Pm+ c'I}U6MfJ>53J[5xk/R6,Check sum is ;
test,kJ>I7v87F93m9l.{<LYIlOj Z}d,Check sum is O
test,".v?
!u@;fy<O-",Check sum is 5
test,Ukg\@T4qIeDbJ,Check sum is :
test,XTIxFpP;pn{.%>Q&LEZ (9GWz]H-%%X3:XZS3#_|jlUN/D,Check sum is 6
test,"={BN6M#K'ink<*"".=iSp(63fv-/HVg ",Check sum is O
test,v',Check sum is =
test,"B/]j}YYtA!,kuM=k:o}@cBmZeLc(	XD|-lo;g_q4Y\.~/sC8O+",Check sum is 3
test,0Zb3{bgt@s3G{s|77v\.,Check sum is <
test,"g*m~uu@}__'8vBkn-N[?bjgN.GG3Op0 6~
gZ)Ig;",Check sum is X
test,u8=>yt.&k>Rv}S!fe';nUN^Q7)(f%S]C\}cI3	Col4,Check sum is 1
test,"{q5~)hsWbDbJBU
!}.",Check sum is Y
test,"rSo~Oq<qou%""YD1NTpA;]a^P5HzoDM].1l]/*1-9-Nfe~.E",Check sum is U
test,"VCY6sw8]	/FI
p2",Check sum is :
test,"""'x'8(AZ)y4>rIC""1",Check sum is (
test,!~[jHBezBm[,Check sum is 7
test,=nz$q$,Check sum is >
test,"+ANg7!i'""k!}3=U]f|yVSYu5CB<-	*,2{fD
f{Sj5vk*",Check sum is I
test,"0VR.3O zb4W8.t!Wvr?x,""	Fi1^F",Check sum is ;
test,||l9zK3p@,Check sum is %
test,"Xli<.{0M3HJmC""45",Check sum is /
test,%3lKPmhi#YCEOoWnqpG!YgybIs:Mf|UNC5{9&l:JbKE/%,Check sum is 8
test,?+{qBEg,Check sum is $
test,nB*~	#f>Cn)J|7pB,Check sum is Q
test,$0Sw'w[Y~'n7,Check sum is Z
test,8sCl|Qloin{[>H.Dx/}H4f,Check sum is M
test,"|$CN05,p[	#aY)X9aR|)n",Check sum is S
test,"Z8&GBXDA
p+a""#
l9'L)NU*]skxJkM_63w5",Check sum is J
test,"dx(d@s3NI'k0uOiHN,]w`{g",Check sum is L
test,r7*Ti2C,Check sum is %
test,"q',L8)8",Check sum is I
test,"Lbb,0]*",Check sum is S
test,"84N""w?IXt;l!`i<rrsP@)7>_=10y/m*9'
s7A6Bf/
:d>",Check sum is ]
test,;>D+Ij$LfM^]#F'w,Check sum is  
test,dA^Be+`@rb}eY6}#3Z`Nwl@dy$r+#xC)Pu&L',Check sum is [
test,3i`Db,Check sum is B
test,lmvGiPVVIh(,Check sum is 4
test,"Z>7V}egu}fH']LX[)w:Z""k]pwWSS~'HB~4$ZbLX[",Check sum is 3
test,"U^+y6PkcIBv}SKZQT88GSmJ	$
O-;#",Check sum is 8
test,oWjg>+}SVNBu	uLVjuFGV=<r]-weOZG$\Kb3hh aGwpTd,Check sum is E
test,"Sla
`&b7gsiQh5^%",Check sum is ]
test,"Rl{U3}$ae?Hr[mD?z KhpU C(PL7#)*""aVYe+C}Md#Fw4",Check sum is 9
test,"vSe"" j$u31'Pd	ppE7-*p?}Au
""BX(",Check sum is ^
test,"U6ZjcZ""fDicE$KKWy.=cAi""J(7YK^snPxVx",Check sum is O
test,zoH)'h4NyVkqQ\pqr(#M02.B)UQ^y$+Y+ /NMc2XX+4'O*+,Check sum is 2
test,`cl!;u>-04+/L^)=Yso~dAZ)#hr#r.gK)y% }*61Lg],Check sum is 1
test,V?Q<{<Q _Wz$c7,Check sum is X
test,`+c&fcA,Check sum is >
test,"G''1g	~*]],LB9QB@Tmm""zae}-V%PH",Check sum is K
test,2<5m9:E,Check sum is (
test,	}1 %	4]u_o/=n,Check sum is S
test,"Mpp{Lu_GgSw""j#k[<@y",Check sum is J
test,j^1u5]AOmh/K`!b+H;,Check sum is P
test,gC,Check sum is J
test,kTwK]Tttwg}Omm$gedKM=8,Check sum is _
test,AbY1/uuDG)B\[Puyj2&fRk=?\LS,Check sum is -
test,"Z_:r^>?,ht0An8Fz]",Check sum is \
test,St4hI{i<Q@/{yn 'PkQ`2DD??5	R,Check sum is I
test,"W"")",Check sum is B
test,"P9|4fjGTG,a:153<*j')y>jmg&C]bto
q=n5+yuK Q!%r",Check sum is 3
test,"Vf!pMM(:h+tpl7n{FCvg
>
{[
Nq|py0?7\~u>r1FVr*^a_2",Check sum is F
test,"^>p,WwpfMw}0`TcMf(Ba>^]?FA:Fz|'s/t=4c?ci'!Q1L",Check sum is )
test,"WWMG9#
c&bFQg&7q/a38'T40AE[MR",Check sum is Y
test,)L#T/9,Check sum is 4
test,",wW5QHC<",Check sum is '
test,"]$'wYCOvA3k(JpeW_x)eBzN(l<sm'zi\t*%kg/`hX6IIl""Z",Check sum is 6
test,"Nr>~P wO}4\XW+)C+C|tKnX4Xi_tvh\ZpOrl4]g`n2'X""T:z)",Check sum is W
test,CRsX3?v6> 7c_tJ~~N3K	8T~togV4mE2$i9.~szt0Q{,Check sum is U
test,"Hi.y`1PTN32V,OQxIU3C\(.95.AQXT9",Check sum is S
test,"(KvbQ ;,:$!,5FRQ.{ERFnA",Check sum is A
test,",T,/N`Np-TJ%=e	(r2XP1c+PgPC
\(\{",Check sum is $
test,/I#$,Check sum is _
test,@CVZGTuRJaK:	TOTauj;SM!0#~,Check sum is 2
test,r~HEb7:Jn('+!i-1,Check sum is J
test,"
 '",Check sum is 1
test,"|_,vt+NroU ]'`m#pr}TXk
'hz fQ2nMI4}nKMD=|<",Check sum is Z
test,"xc~wjM3
",Check sum is $
test,"{F9?Si=f`	QXG=
V/(	i=96A0!gVH`	Wk|}5 ;a[[8aS*r",Check sum is M
test,c8u6s,Check sum is Y
test,"qE/l#~DNe<_0,=P)4aF9l7d",Check sum is Q
test,"bn;HZ]/oip;tB""k/okVw:Kf.l'OB;ZH.. #.p((T)FaC,+&5w1",Check sum is ]
test,4}.pdkJDg,Check sum is 3
test,"#""N<\EypRU<?`\Ilsu>.lue",Check sum is &
test,S`v65Tx{,Check sum is ;
test,IJ,Check sum is 3
test,3bQ}UPHwv^#hZSRc+~y{]f@%oo(zp$e@>B^9SBI^Kr},Check sum is 3
test,"}d<rP,[Dx10/o^ouZ",Check sum is ]
test,~3-AIpWlu,Check sum is 0
test,y|uM3khvP;zc,Check sum is ;
test,"nT05Gdm<kL_ (	 .GG
KR{V%
5.""",Check sum is J
test, a,Check sum is !
test,"6P	nU,)4pUd-{C>tZT,/jDZK78(\`eVB#$@y,Gm$7YP",Check sum is Q
test,/Z]b1# -3o~>\xx	Pe4}:^E{,Check sum is :
test,"{0N$eeDI8jzGnG^F=y\6h500\-U!Sg4""",Check sum is $
test,"4xb[uLJxu""1vXP\\c1 @x1=H\t'C|AoV<&$",Check sum is N
test,"- T8a!7!x{-&&ad-xB
""fRrvnA,#vfKrpt`ri",Check sum is -
test,"u'WcD:X-z`D0hUzgK+FGu(n_z=>KZ\1k""7SD|9wxdO'",Check sum is R
test,HV48K/jK.)Z=q{7^CH]).%D%;IA2yDb8>[U	:'Q*'N	#UeZL2,Check sum is )
test,DaS*j+V=5:SVi(|fX[E80L]W,Check sum is U
test,"X;cJLQ*`hGEd%K7	dp%]Gr
45]1Z,0",Check sum is U
test,Lp%DYK,Check sum is )
test,"2X
eohD&
p<Nn:9ZEf2S^3u17&x
Sy+$#Qj/6f}eFh/'B",Check sum is K
test,1h/fv31zr`-#MkET9{<s)ginpSkP(~Pw]SeZ34po9P,Check sum is H
test,/6zEfRPrLvIiXv=_:z#QCd.E]p_CBS0ho	G,Check sum is 9
test,"@)Iq>T9mYuKm0=dh&	/'J15rf05C1X""lK",Check sum is Q
test,"	#ts""BR`v2TR7g*`LI,
Ixl\ _fF8?Za>'C`jSv",Check sum is +
test,CCO,Check sum is 5
test,"d""H^&vW/]7z!Jk-G>.w",Check sum is )
test,e:q^W=,"Check sum is """
test,|D*%6a87+,Check sum is  
test,:2+I6{WQ#/Bc^[Hze}}y!H&lY eNM:tl,Check sum is 1
test,"79Mt:&)Bd$,LP	Zfet(_|K5l!fH*[X$Vp}LfcN",Check sum is 3
test,"%<zhCl!ncSoVXCa`chzQEEf'G.b1ICv1Fq
+4>-z=NKJ`l=RJ7",Check sum is !
test,":yh8`}+]^OS~[.G
`h6|1(0'_XnF@9C6
wCH;jxU?",Check sum is 4
test,"lFq+mDUs""",Check sum is I
test,thm=45aF)hIrAWp8{1RC/]T)MOeQ!1x@,Check sum is (
test,"JaL
89wepRhxs3qDc97E+BXv,`x&	AnnN59.#;`*HW 	",Check sum is (
test,"}_w,X;?F48MwwI It,JGf4.jgn7Po$;%{|{i4yiV",Check sum is I
test,zvuhMCRB^5fIx!!z'{QzXT/K,Check sum is Z
test,948s]nPeB:OT{D,Check sum is V
test,"`=$,-sI!,#Q@X",Check sum is O
test,"NTYS?x0YZAS@B1qY-2m
]p)H++	K|Y6Gk#",Check sum is 7
test,yn7{,Check sum is 9
test,"&/Y(T>A+""r2)2hv_!?.MyqP+{6we,K9jH9&kGP)~R$J",Check sum is I
test,"OSg[K^K)
\krAySrY}7xywe(jDA!g? / .Do%^MH,>nFyb.`g",Check sum is 1
test,"#gyK
;' f^L8tU.M#cDDO",Check sum is #
test,".}Z2+|;qa~g^B%2:f\+1""]Jf#(GLO >,s9f	v+I_9O/R#",Check sum is 5
test,"n]DbRUE|+D/P~%Aro35!1/p_j+7SFQC@ad#
jINb",Check sum is 2
test,"'NS@fxRWlf' ./""",Check sum is G
test,7lNN.2Ux#OS.UR$al{No;`_o_Qkq,Check sum is D
test,"%DDnb""?VTV",Check sum is >
test,.I>qbgx_YTp-[p|?drmSFQC~h@;lHwd_b}O$+GA65:`_4[[/_,Check sum is V
test,O<x]e_P]zqnWH:mpHQUvky3@b$OhMB,Check sum is G
test,Sk?h&6Wrf^y>Yk}.Xj:D?2=#f1QqXyp*ZI@/.,Check sum is )
test,"B?Bp4%v-,T\S3O,&4",Check sum is F
test,"ZdS/}T6Kc+,l;df_t]7	2dY:ojG+Y+{s3DZ*qbg)Y-(T[#<7-d",Check sum is U
test,"4c{9Y,oefB<w>	fc0@<7#>?'K&Z}",Check sum is !
test,4lwc{	fZJI+p7|S*A>hiB,Check sum is N
test,(kd !p,Check sum is H
test,r=qcceMd,Check sum is \
test,"Qm3nvfX
T<D\<N-NI",Check sum is ;
test,"^! PSZ%1(]o|c;)l~l (>k
",Check sum is Z
test,"'N@LUcAxI,38pq{17E",Check sum is ;
test,"[nbD!wp
FwN","Check sum is ,"
test,"HP	!JI/NF%$c9I
Hy1vv3b2'vx$S{[!5GB4%	N+5''Pa",Check sum is %
test,Wu\@Sj4sr50}yujFL,Check sum is *
test,;OzC1Ox:VsnnYpKI9ins]_O]$ 4h3sXd4,Check sum is <
test,"D,Mj4{By=X>QkE""vY_aR9o!",Check sum is Q
test,ya5To|\&GL,Check sum is C
test,(ah&wL<a,Check sum is W
test,"P-""bPIeXr
n2rpoX)[vH R-8eMVesR8FX3
",Check sum is Z
test,"m=,km|D)-N9fAQB\nJli$c3l`oRN9",Check sum is \
test,"pvOh9xV 
8	R}^",Check sum is \
test,T	<Zqv,Check sum is :
test,"S,Xy]aem)s'*YL4lyHV",Check sum is I
test,"N|H,%kD|,RrG{J&V^k5 Hv5A@R)a!Gon",Check sum is Y
test,D?yU_\-SC1@!,Check sum is A
test,"!?O,N7hv:,1|8GRML{WP:K",Check sum is B
test,NPW&4}z.s0@pXAD]-AYj,Check sum is R
test,"B(FHNU!0msA}I76#jkd8@G`""|jhH:7",Check sum is D
test,"l$TutXda0-]E^lWMT-@x`WNJKuB!{#`~""dd",Check sum is H
test,C4{pt-UgPnT*P,Check sum is +
test,">ME,kU}+)2G\>	j} /=NO+D,
./];/ %w~",Check sum is \
test,Fx/L>I4<4s,Check sum is 7
test,sZ^8rdh_`i1 3#q\PtZ$}yMn~/A'	1+r,Check sum is <
test,Ao_e1I~hsK(8,Check sum is R
test,"+bqM>JH<1
V.	n_( 8a
4~",Check sum is )
test,qO!o	Y,Check sum is R
test,J<&LCTE	o>HLAc9)e73xDyc}nP]#,Check sum is &
test,"3]|iG|Y6owHU<-v{vDam201Y""+T^(z",Check sum is Y
test,"E^)Im_8CE.:@*In~2Y4%,^)y""_k3%",Check sum is \
test,;XW|>yT/xE9^ EGXQE-)jt03DGuVhVu7rsP4.D*ObTzP65,Check sum is D
test,Nl%e FyjRM/oa>VG4pzi9z1is*V/N]%!!,Check sum is .
test,-B4QW`FT>Vwed Vv@[& 0g)Du1!L,Check sum is ]
test,IS5,Check sum is 1
test,"}]67ek<,=T.qgt#?,~PD#N,2XA(Fn<_}O",Check sum is 5
test,"BzNe8kq/(Xf""""&qEm~ARiE091jlc",Check sum is W
test,"Vp+6|YTC8U7i=6u9%UDnr\,H8k",Check sum is R
test,"%2=HY{<%0F/zB={L u,6
|w :vT+k$@eLEMt-P",Check sum is \
test,".<gNWu^+:	y)*k""Q7Z"""")c=
LkF&SdW{Zg5B%""A_u8_W$",Check sum is ;
test,"m)=e-Z~GtLd""`shb8p""d)OhRpf,u1`
AY:u)#",Check sum is N
test,"x-'qMTg
$top{5M>Mlup",Check sum is ?
test,"M0{aP1[kjSK>`NQs0J7B~W|ac/K.BlZ	X&($^%@rYgg{""s",Check sum is /
test,AU?a.Cw<rY/~FPpqRhfs+(yIw'?ij',Check sum is (
test,F;k.\q3CeVmb(8BdqyWllQKZR 8Hy69cCV,Check sum is 2
test,"YD 6*xVmz$\""k",Check sum is ?
test,"""u9:s1>@!_DqPkV
I>yne|Vs",Check sum is 4
test,"!xdQ7bCLc/lN""ap7""#b JPoi[?`OlJ=B-y0^\M",Check sum is  
test,"nY7@;w
Vwy}3n9d[YqFC2{H.f9u,I
+[w",Check sum is <
test,"<P6e qPP^z[[8GbRrg&4TnU-B
",Check sum is <
test,"yAZ=-+
k
!C{I_#[n]I",Check sum is !
test,"wM]P
D]v",Check sum is 2
test,"SY!|/7yw	Kj|[XS,A5?C%J7FIEy B",Check sum is 8
test,"n7kt
_/0,R{oi|Sb)tE%	\8RC#+:zJL2~o2!4s#JeO'<c",Check sum is ?
test,t8za[^R^'Uo.+C-_{:EBC-4XlG!ePEJtu-an)ha4~$cYSiF|g,Check sum is A
test,"5ZwbG1MSl	p	r:H&P7^|z+.#?	p{QKV62Sf,",Check sum is 1
test,"{6^e?\ tVG4
BJPfRdtm3Rn2o(QNu",Check sum is G
test,".)Bkk^0<)n> c_[dup{2^mD1d_,n""`t[48%ls<)_H(~*do1`",Check sum is ?
test,"-~O'-[C[p!yid
W",Check sum is _
test,"l""R<y]&SQhbEM]I4q:(aQ<R!:[]woV'C8#xA P_x",Check sum is 9
test,"(aUf[mc^ .DHSwuw^d,I&l/bn}%0UW^M;}MG
.a",Check sum is S
test,zG!Vc6rq'Vm+}GS{qt.:]{b|~*3O,Check sum is (
test,)`f,Check sum is O
test,[/h*,Check sum is <
test,"hV;]02KH464M:7C3a""Q$'_@;p",Check sum is &
test,"7;8yG[<S""%	vq(K5QP3UQd	w!U6hYZ,w+s
,(<w",Check sum is J
test,"$oscyn}&E0b%:<$6y]#zC[wdiqmm,v^
][rsi] eA\y!8J%G	,",Check sum is K
test,Quy,Check sum is _
test,"1
:WC@M#b?_-|^W!Cjg}Bw.pJspXjpz< ahX8n2{n1V",Check sum is $
test,"On{+y'&8c""5^0r-ggB'OC3z|-YoB",Check sum is Q
test,"M~-gN=Yc-O;qINNTNVp
N,.(@y3y9JIJDsG>nJlzBd
",Check sum is Z
test,"|6_
<UYN]b"".%t6:HUg6zn*eU""Fd3
'3^gR",Check sum is K
test,'Z,Check sum is !
test,>8(/$VL7,Check sum is *
test,"r%frRj RH#rz ?kOa}[""l76uRmfeh4\uV1QarKo9{w<%",Check sum is >
test,"xbWdQB'%5dVP+/(q 1>)oz2kIO{o)LYK*,~;FbbN.6}%	G1$7",Check sum is (
test,11=}/z{_Wx	Q^= A=QR8jS,Check sum is 9
test,"YV/r7hf	~SJzQ/b+=b""96V^	i^u\mwWLj",Check sum is V
test,+_9YR]XD!Gr5elyOvb	,Check sum is P
test,]trco%-A#;cZ~?~dV!>?MW	4$u|knItW0l8FMZ}zvl1sY#~>2U,Check sum is V
test,"MscpYbp[^&I:@Y""{*?Y<yL""7N y",Check sum is 9
test,>}JR||s\dUm?hx\-.qkf5W,Check sum is H
test,hjze?z]2adCo'mhK}U^S+O$qK,Check sum is 4
test,r9YD`|)=}[Rr,Check sum is F
test,"Hgqv%u8RmADvvfEp~/VL[O8,'[N(}-~*_$Jd",Check sum is +
test,nrA8UrI23;&in 'G!6}xJG'u5A6yD8jEih[	(pHi	,Check sum is D
test,YuVE&5*T%%F'f:_t4n6\?,Check sum is ?
test,"0M]hzgAcR'd?! IB#HJ=j	VX!TF[#UwA^uPnlG}0OVt!:,)a",Check sum is C
test,H0TYKb1:d[tBmu(m_S#|?QYo,Check sum is 2
test,"hJ2^)Of*3@QO+m;)IBY-Vr&l\F@X)
pRH/;tVLmhH}5.g",Check sum is ?
test,"f=Fq""7$(SLs6n*xVO,uIG?0'j?#a*4",Check sum is .
test,[Z,Check sum is U
test,"lCt)hrgUtc9W
,74vRI3tY$.PWiQFo%5Lyq'",Check sum is :
test,SHJM40M-lkVZ8b,Check sum is Q
test,H`I,Check sum is Q
test,"h,)>T.",Check sum is ]
test,{)WV(A|88],Check sum is #
test,B	!K;KZZM/)dTyd@!b,Check sum is N
test,"8Sp8%@8
/55#AD0Kqd",Check sum is K
test,n+6I7hZJ;EVChUG+*W mN	}@*@!uX)=b?l5OcIW!3-EA,Check sum is >
test,M!9).eY3~*>x,Check sum is -
test,"2n/
5j1
)`%7lMl!H2`cNv.""g3<.5wz*S",Check sum is 6
test,"gg
`&[a?NCHv< e,",Check sum is 5
test,"&q[Ug3ROP,7yr!`aCgb [%*8th$a29RkVd1D7F&LN$HS '",Check sum is +
test,"""h7&3 HA 
Qs};yfs<4Uq
bcp1X",Check sum is Y
test,"Zt}Owj(	6
zp
nur",Check sum is U
test,"GDPb344<:S,OZ6Fj;!KE",Check sum is (
test,igUtFx:q][MSpY:1cJno/G7UN,Check sum is H
test,"::I'<$!{%&t2F2R7*qk~	M)~
-K]WA$D!A[l%TU)",Check sum is 2
test,^G+?n#o5DLAV,Check sum is K
test,"A}d
?y<F{dXco}6qeoQr5jfk?)7eBEf""sVXX",Check sum is F
test,"9`$09\C8""",Check sum is ?
test,RobbWN^`]?&Il4P#-r,Check sum is E
test,"/!Cy*sz!}Hk""KK(KmM67x!7w*'5[rc",Check sum is #
test,"45c>wYur&p<PA=q01\=BIz,{/9Nq{Qiy~5?u",Check sum is T
test,"S|F""So\Sf049u]y&!)n+^$I
A-_$nvRUkNupT
","Check sum is ,"
test,{M6SBzjY75O@;Q<WTSuvxhbCsrc,Check sum is )
test,"D*jQ,9m>NI_G'0GY",Check sum is M
test,W\ikLV?L_@-S#ytBM$hwON;aZ*>&JKnD$VNBBLaILMKo|82{W-,Check sum is 7
test,JK$ZY+6II	1h$ga,Check sum is M
test,"l`bkm]Lu_A&,3a:Nh%%w^qZ`4a0`YU+w<[efY6I>]`""{kQ",Check sum is G
test,(iszJ.YUiQS7o}v#,Check sum is M
test,[bsx,Check sum is H
test,BhLIY0< bFZo+AEJkX]'OriB>)-o|_C,Check sum is D
test,x3dU,Check sum is D
test,"|5uML\b&?<-c~ ~a+uShN9R+
O	'%B9@3R2""]QoM	",Check sum is _
test,"Q`_G`"":{vN48OZ8A=xN~:zL'j)70oX77~Q0;w",Check sum is H
test,"'L%h-;Dbx\wwS""@wKk^a__<?i,w",Check sum is V
test,@s{:a\lb1dSo vP{phnAHAY_f`fagT*wRTsCM~ElPCP,Check sum is 7
test,"Lud|elIt]M_|87O1m""Uiv`c)_U_9BVCe%{EjWzC>TH@l}'xD}+",Check sum is /
test,13CL.S5 Y0q`U*EG[.zo'd\%7X%hC *y<_gW<gC@0|,Check sum is Y
test,"|`l,Tr2oPm8Ac&E;K5UT5a8I=Kd[rTU36<^a>bb!Mi9qiY-",Check sum is 2
test,J\p,Check sum is 6
test,"@b8_;V;g3U,iW3z(rezcf{g[1q<QI</,<g x",Check sum is 6
test,	N>BBuRK[5Ng{S	TeU6Q+FtA_b:tG.)|Q we\,Check sum is T
test,"@pHp""nf7UW	5p#
<3)}*Y+	1",Check sum is 9
test,hv>Fxt8o@D&hCD7i=;`:w}fo5,Check sum is ^
test,(t!h;@>Fwk`=PT.-sJ,Check sum is ?
test,"@9n=R@4 J)H
:^0f<wLeE+B8&Cp<(G?a]d",Check sum is P
test,"7Q_QbwE8~~CKFR
ZGiPT3L(`(E(b WE[7G}=y%A(Q]3T",Check sum is Q
test,FtK7d_@XQTB,Check sum is ^
test,7zQz`o##8F,Check sum is /
test,"J.l3E+M?{ /YKkbf\&.wN5>|
=`|0h)G-$`G",Check sum is [
test,x^e*)g>*]2.>lKc,Check sum is R
test,"[Ib>/nE`5^):-px
ti)Y",Check sum is Z
test,;S,Check sum is .
test,"Z_KDsO&Nl#wvcE[a*9_l1/dVO
50$0",Check sum is X
test,*_]>PT'G-VHBvNT;}Q~H1fmv6F' z/V_1,Check sum is V
test,"oS
Z*K[U3<9tWR.o]LuXU",Check sum is X
test,Y~iAwv{`~+yc;uw\fA^Bd29Lrxhfa$CT>po(nV}Z~Dz']wu,Check sum is 3
test,4HR7wYfOvs:X/W[@|4X{B[CXHMAw:1mvOH94,Check sum is  
test,"STO0IN>,vSHy,Nf>>!Y",Check sum is '
test,"GmTgr>EoL1{@bKvf1tvar=X""*0JMldJ7e",Check sum is @
test,"o#h/Nw(
CID6+q!'fs%t]2""z4#;-jjhEbw",Check sum is  
test,rY,Check sum is +
test,"S-QI""0Ak8V)Uz3Y~YLzy{XTH[_nG[Vql+Fw(",Check sum is \
test,"v`n^U4D8[*E2""9",Check sum is ^
test,'0Gggj|N6@*Z87C,"Check sum is ,"
test,"UF%hD*UTC!Q.DE*9f%;""3g1I:",Check sum is $
test,ZWI7EX.&ApNyMJvM:,Check sum is N
test,o7wL0>{9i	ISJwjq[-2Q(,Check sum is H
test,"4BU!zp2
PCd_Ld_$_Mc",Check sum is J
test,@xhkho=W`]V;\g3z'E]~^9P2I,Check sum is =
test,"dg0e^D6G8Vs@aFo wC
@,`'8M?YrC,PVwg3kS3fc=L:0Q",Check sum is @
test,"zoRG_yU""Q2'K62p>K*WIv",Check sum is G
test,==+=n#*bmF: M(3He.CKCME^G#|mK`?z	ts|^b56id,Check sum is K
test,"(S|Krb7eBM|)Rt(\
yON8muYynz}/&4CmU4",Check sum is C
test,nMhke&dcT6\BDT/3,"Check sum is """
test,"h!zd,`Qor7blt&2>9:#%<y*S*abQ1fxT\$'b-df#fec	M6",Check sum is ?
test,"+[EBMW#V(a""Pqdc&qxfvQdB8SQh%?3",Check sum is :
test,":||hg'!I/rd03/~3y)I;m
l,qAksQ!v<HH0Q[qQc,v=:jD%",Check sum is  
test,O_	$JwUvT?,Check sum is Z
test,&)[E^Y$/5^n_l3.[QT<+ngn$%v,Check sum is /
test,cq,Check sum is 4
test,"b|,KaolB<*(|K_-n
4Mx
Rg_w$B|TlwKfzDY)~%ELgL*].;1M",Check sum is =
test,paw174{jh;,Check sum is L
test,H8>s!E+E]HBr}xI9b^hh&u`81,Check sum is +
test,"zdol[x""[t+TvKIrx'/p-pXcA)",Check sum is X
test,"X;K+-18<m81*_F`CKlgC.hQjq!-,M;Z{-_6pRz3%?{]L[PnZ<",Check sum is %
test,"v;A
)@|er`%s|p4%( <y[yQo{l-mm%[[h1<hLZWkAw(4G$",Check sum is S
test,@uZ'Rlp_:?:rdpWnix>N,Check sum is N
test,PF wGy4SD4f],Check sum is O
test,"C?z]zO]/7:""aX}eje+R@yFLX?*=%T.5NJB@""JqQ(zZ#M?,",Check sum is L
test,f:p	iB2,Check sum is V
test,]chIZ;'#5mDG&|{GXy?u'1*OyYx,Check sum is !
test,"v6R@=V F*u7tb~mk9
",Check sum is \
test,"f%6rb:wm q`a""Zo
	aB(
T4Ci)A;",Check sum is Q
test,/XwTZ&CA8?~<.+/qNff-m~ axU=n0Sg,Check sum is 5
test,gC`_mx`]V&Fa\1_h=j:tE	69}9*f?FU%&(D'%=,Check sum is T
test,"=(p:C%U]f
`<Uk@]O+?V""Rh",Check sum is ]
test,{TG<R	p<	Kq^/D&PpFjlOReDyyPo9CA8#?~b8K\F7%=@^'6d&,Check sum is F
test,_:'y`H.O]nd$4`$<|qA'|\$}dz,Check sum is 1
test,"+P>T 5V _`x4cA19[|J
~a!aFq
C&lR[TQh(2Mhj6j1B",Check sum is Y
test,"1:^,,!I}aE*",Check sum is 8
test,"R3^&X@?D	*N}n
y1F(NIE{6E3X~\E|}qCYQ(8K5->RTh]l",Check sum is G
test,"/?-""{;QG",Check sum is +
test,toQ8,Check sum is L
test,"a""oIDvh?7B",Check sum is 5
test,'=v}iW'KPd^Mq,Check sum is 9
test,"O#BBez+
9V
U
~
F{N`n*`R=9]TDeKr4g%'0",Check sum is G
test,",S@""v""\sKgb?+%X]ubh>Iac\@fR+",Check sum is I
test,"w)d!t@N<Si*,{*)$2VIDChHW2%J|&{
(.'!pCE-",Check sum is 1
test,"SC~D=]r0C2u1)9(}	ukF#;Z(q
2;G2-;*	O	t`=uO.f","Check sum is """
test,"Y?
v/S*EbnvH`eYF]$p'(?b",Check sum is <
test,"]9.N| +m\A,@?wL*1J$`;#mh;+dl""hN~#v~",Check sum is 0
test,1nm{xVk,Check sum is  
test,"@s?;_T!.W1DA""	l_9}3!p@htF2*Dt@JQ[1\)t","Check sum is """
test,"O83	@
*fc1(/h^<qu",Check sum is P
test,v=Fr={&|) RhvYn	;?YxIJ [bzUXx(-gP_yH;:4g8B5k6+*,Check sum is )
test,YfN&QAdV+,Check sum is J
test,odo^,Check sum is @
test,Ph].cdU_HJVGNH)OJ0%)$<Gi\\d819[Q}j79M,Check sum is A
test,"4UlJ4>\:+ZLT!
lA$qR|o}2QwKa`jA>)7/",Check sum is 1
test,"4de]3?`$ _.UOSdW~J$P6k!<J#N""&D%]m;SS'~`Ro",Check sum is &
test,"Y(k	a= -F I7""el=+Do:CN",Check sum is ?
test,Zic!h24Kfs2?U?i,Check sum is G
test,"
6G%XW/4k0`zzSsI\:J
0AU/s{EEHnCqBJ",Check sum is )
test,"Mhp<QUXsyZi<^uIRo(},qMzsiX9| \ef)e,qYJ9}d
2H:'dC",Check sum is 4
test,"3;&{BRU~#LOLO-lNk,d7nb<uka8i8",Check sum is .
test,"uf^Y`	<?6L0#Jx3.bF>Bu</}|}2Hl&{ `
I=G-",Check sum is W
test,sn~_YcUEIqC,Check sum is 1
test,"""JdR&4d7*7q",Check sum is I
test,K|cK|sBK-byw2;WpM3zLFS??LE<`BYEZc ,Check sum is K
test,":ee{&1~x{[=+S>N&_Z1g6SiM3/""4R=JiwqSj98XWxzHS]&",Check sum is N
test,"r;-|
4SspTr3
z8*e/UF'?WSU@M2>b/XDKJh|^Snn}U6",Check sum is U
test,"3kK.vqE
4L28
3v8ML/`t _Yn8fMB0yl3FYycq",Check sum is E
test,f[=e=M?_Lkl?	>L(3,Check sum is ;
test,	W9qE,Check sum is /
test,>R80O-!&h&5#^0L[,Check sum is 6
test,h{ryvm6:`	YC.;,Check sum is /
test,"yle)%V7Px)!b?0Ai91*'v#-QO>V?wc%!,r",Check sum is D
test,"UT\iP^9$$dV#;AHGea9{6tKF1,vnUb0",Check sum is B
test,"R\L]:HS#SA*""C'5{\J1@%pH	L+[|M&Wq:My.YTn8[IrsOOMZ*",Check sum is (
test,"o	WOR'Qiyf??wz	94a-D24njs@QQ1:jmrp&S;D,yM?u}",Check sum is Y
test,")@1!J&e^hnFo3:,4X5h3&#JFxKcDwlu||WZqm@?sz",Check sum is \
test,"i2#[
",Check sum is C
test,%n;9Rs@W=y	t&`H..2_wl<b-&`gr%WMsfj(yQb=,Check sum is [
test,&T3Z7BA!]s=VK6L#w[b,Check sum is I
test,-!BmP9-KT@E`#]%#yA[;R1{I'6|No,Check sum is L
test,""",vor,'JHy:h""O_w&`Ox908""""TDHw`VB~hsgS sx[kv9",Check sum is  
test,"A|xTOtxT,Dh,X	\VZ'	`.
ZJ""jy){v~xpg#4
 m*:`CL R#K{O","Check sum is ,"
test,",lsG]eF4c*Q8Aoj{ vA	NtgT>\g/P'mphUXIA=%	q.2M&`}Cu",Check sum is ]
test," >zrCJqOb:G,-^SR* HBRC0S4FT*eKkC""",Check sum is Z
test,q%.x<LYlmR~^b<SZjL>,Check sum is C
test,"R$""4'R}N28VfaL~sUF(;zy>",Check sum is #
test,"]Fll?D! AxNT
g{l@G:x	W7(w|vN*",Check sum is +
test,6fqu$>@5+oPTSHDx<76IxT_h[M(8`8FBnK[uQ%\rY&0	,Check sum is @
test,"[KKL7 p#hq8N[wkTtHgDDL0M>95}n/r0)fdj#gQJZ""",Check sum is Q
test,s/C1^5=M>T:(WEoc(^Z7cQ)t:jAAUuv=WQLfgir,Check sum is \
test,"m%<4{SEp5^+p2,K2O\sV}3\<>\,tn>",Check sum is P
test,p^*,Check sum is X
test,R/ID8^{A7OTY=0]mP6sR4#p~(+]UH.k4n/I=)]Qu}Od8c0<@{,Check sum is 5
test,RXY\`q(P3m,Check sum is (
test,=V8\7eW,Check sum is :
test,"A/}5TTb<7,)Yk#,NT	pG/=cI",Check sum is !
test,zN>ifN=}i,Check sum is &
test,|)s|&*jLNQ a:,Check sum is T
test,lF|,Check sum is N
test,"/)4/
?]OYJT8!",Check sum is  
test,8~~0J)\y_,Check sum is +
test,|;/ohEv=?f3_DBRG=z<<vZHj5mtTCs0Zr FU6&Fme-,Check sum is T
test,Yo.+M}$^mF4SFOZf\q 	:MyB^88h#;KDcsHoN,Check sum is R
test,"Gu3*/.e+vA_TG""m]~_O96M",Check sum is +
test,g[lJ#fDx0FbTqE+%7%us,Check sum is S
test,DnhJ3$i5}WCeNY_LkbpE,Check sum is I
test,	f5TJ\IuqU',Check sum is )
test,"juu	(/r5X/P+p9r[o5pbpg/
/G4M).HOKGx]wwK]0q3",Check sum is /
test,"	}+fYsQ
~GpY(>!f""{84~7%sE	|T;I!qxZUIZ'?|'5~LrWgA",Check sum is &
test,">Uwb9LAL^u\,*B}RMUEO/jo+	aq|QsBrl",Check sum is X
test,"ji}& tpQ6zv(S0p5x	`>5~;	,1
}:zM$9!q\NYrU",Check sum is U
test,"
9}#z79z\b9BZ3A",Check sum is .
test,Ccq(=_ !aFqz2xlop<'G11XhfUWvdsPeJ#?,Check sum is O
test,ru,Check sum is G
test,"dQ{!ic-Yh7}yyb`JV+JyM& F5?@Wb
dKS
(""r7,^dqe23K",Check sum is $
test,"E>
5OumF@:]/8(P(GVLrF!oz0`jS",Check sum is /
test,"J{.6)*M;}3&i.7%lCec=`9V.
>$T",Check sum is >
test,";s:fpgrLl#w xm$%""Pl$UM}C`)+@3B7,q*F_+WG\5FMAYie<0",Check sum is H
test,VYz[Z>,Check sum is <
test,"QQ<t(URg=P6a4*]@']LwQ7Pw5U|_b""3|\n",Check sum is ?
test,"f:BmTA	,x_SG2",Check sum is \
test,12(ui,Check sum is I
test,O^e$ iF1Jm4Pe[;ze'd?7mCA]$9.u1a=C[!,Check sum is H
test,"qpOMT8tu'Pu5.6T\vl	u<&B9ucri1o
eE[Y=F1?%:+xul|Q>t&",Check sum is :
test,7z,Check sum is Q
test,Du]KYW2<ptRcTn5RVp\Md'30l}'b8RT!6Z,Check sum is _
test,{},Check sum is X
test,",H%:/>+:vOqo29oCt)|KE0gx_r_$e29+Yn'p:m)7a*B",Check sum is @
test,qP,Check sum is !
test,r2I{*|QI5te\	>=EJp2OLvup_&&ziEgv2hv;_6/`_o`lNOh1^A,Check sum is +
test,]G&aH*CDf'Q-O/_4dC%@,"Check sum is ,"
test,N N8}L;.O:{+PWXab->P9f]R1|`Y#X4mz}ly%ze`A	BD,Check sum is R
test,J8n//m:'5^5GU-XL7nj'].2? &*8|0.(@,Check sum is M
test,1?:g1q;FWAc19}Q.'Q,Check sum is -
test,"Su>=zLNZFV@M.$W;NiRmS*l;aGad}""!s2 N&q]","Check sum is ,"
test,tH,Check sum is \
test,",plf0{vMnH$%;$ |?Bm./k0:dz9tZUZ(-II<[PX5",Check sum is E
test,xRYVp12%R;aHQ ^|RMG,Check sum is 8
test,"k>,4=)""BGcL:A4)jSD#*y-N3wv""O^NG+fXi7:e6DPQD=nR",Check sum is K
test,")F*',YG`sp(<JOvIHr7C0tP[CkF{+S%wp=rz-R}",Check sum is L
test,"u>]zDk8B7]8{m7qDl""%DA",Check sum is +
test,<T-O]L#$}|,Check sum is U
test,"pCi2Ctl;%""S5
oKynyli!Um[K/.^/ein<g'F}",Check sum is P
test,"]O0EynX4%""Xqz W85","Check sum is """
test,"!;YefXI!~9ms}ZBE}?,%cQ#Q	p",Check sum is E
test,d~lN4f[fw{n,Check sum is 7
test,"sofIt9dC@OH'69 1g
rB",Check sum is (
test,"e@o.WQiErAtvLIpr,2z65wtmRV@Vz<A#8}!+?:6tWS{lS?7`i0",Check sum is 6
test,"an<:sC#t{~p_d6c
5>XT8#RtcdM3j^]3v+fI+",Check sum is [
test,"xyAt#1
)8sG6SHR(U ihw<In-U7,",Check sum is _
test,"G_&7T4J3=-kX_at@
'j}h%UCyTU4VD",Check sum is 6
test,]u:X`0-$F-{froszNH(>[N+2iFS|	+[lao2H-3oGk_[X!F/.,Check sum is #
test,"M:1VVbC1=Mt1-N
<VJ1W/*o8%2LVa0Qi\FCe!",Check sum is !
test,6gr^PVR :1N5XIqD:|b:?C$9c/;_6`	Cb,Check sum is J
test,[	eQr 0>SscznNj]{T1h3E>5tq,Check sum is X
test,B6mb^,Check sum is E
test,"""IQl}zu_z""_kuH0kx-J&ZjVT@""h=u:P+RgsRD@uZ.5y",Check sum is 2
test,"J+j[#}<,gkpe	b-QhK~GK[cyoZ6vNjX#g)L(H	",Check sum is )
test,LjCO~L*]{>c,Check sum is U
test,H#nd5S|k:Cq_~~q#[W`,Check sum is ;
test,".Qa53:Qdm}pa7di^,k9D|Q",Check sum is U
test,"Nf.ijdu:?q\_%p@f&q^1L&Di	dJxF(im,f(&y0>",Check sum is M
test,"*tk|+vv3;|&5L9""_%]27w-krm]K89""W1W",Check sum is :
test,"E=Vp|,;^b)#]NuR-+|mmhkV zwbc|sD/=e)w)7:`71^\R%)",Check sum is V
test,",b.SZx6",Check sum is 7
test,"mpfN"" ""vL[W[iq""#EK_",Check sum is 2
test,]4=N,Check sum is <
test,2dOEDg[l,Check sum is <
test,"?(.6\)>C<_\K/H[cg	28Om g]""qjy|Ud$dVM#",Check sum is [
test,XOabg?[~,Check sum is I
test,"p~j-d
x!","Check sum is ,"
test,pJD<$Cl|Wd,Check sum is $
test,"]F=
4}SP$m%)X`Do$p-$Z<v%\Z|a{b2",Check sum is  
test,"MUUdY=X	SE\tL6nf{p5|M{)MydYyySSf""/~_<o=)L}jioag",Check sum is P
test,U(_a#	*G3JCClt-vqhi']mn*5kF%O]cgTK0s!3BKRt,Check sum is 5
test,",0<L#0;H9c0k*LX",Check sum is _
test,cWtc\vo/u3?b4A6NhXcpWAu#Io->>,Check sum is G
test,c&WJI!m31]3Gm	,Check sum is R
test,I7dQ9\v-<<oPC_~J5#%E2.,Check sum is P
test,bA~@	)v,Check sum is )
test,"0M1h? 7""N!KgjxNg tBpRFze|4O8voG",Check sum is F
test,",wi$Y_Y`#C5O}bk`\2B'VUa]|>5qk",Check sum is @
test,F94,Check sum is S
test,)4XAK(R$va<5q	K|<w.T:*FFzxk',Check sum is 1
test,"~""_u,i&v]'3qSd%Q3B/oAzKw!)tI@l2Y4)^Vs$,XHs~M(F(X&",Check sum is .
test,fkG0!O+;~Yh_u3w?N 45zL5v	}O[G{,Check sum is 4
test,"p	w$[udqH""n]nQ""azve A!@m~la:}VKzyv9 Y",Check sum is R
test,1-HS+V#,Check sum is =
test,"
[b[Ct(Tj#lIjC"",-}F","Check sum is """
test,-p~j,Check sum is %
test,8p{8]vP`gG:sXTg!7ul_slGlpbFlTJ.	tf6&64,Check sum is O
test,dC1KmZ#%w0F,Check sum is ?
test,&r)[QE-	HK?,Check sum is Z
test,"+K-VkT,-
V<-/WPc
# f)z$xQC_=dz?""Y""aH=I$8jG",Check sum is K
test,]^,Check sum is [
test,f!Ie!+w,Check sum is X
test,"Gj?qxb3
n_Lt",Check sum is %
test,I'+f*Ygjvw;7wSL{_z+q6~LfIMn'#N*#ibgv(MgK[N,Check sum is !
test,EgGd<mv4<aaJyxjrJt7%.e-4DW\U1K<N	7Z|G&RQ_ldq,Check sum is E
test,_!*	`:V\,Check sum is _
test,n;tza4JVlk_Fi!WRN,Check sum is )
test,"tcl,da",Check sum is T
test,>3#d-h,Check sum is -
test,"^E
_F",Check sum is 2
test,"ap~@u$bk<GDE0<N""eM6!mL5|$",Check sum is T
test,">W) *IIQVl/NNcZ>VXaiwGk0Gw542_x_`jrWn&i[NH<Fx4
WB",Check sum is E
test,"*vo)?B;Z\oTUu_""oU71fRtaK|Vb/k[nsX{",Check sum is 9
test,a:rlP,Check sum is )
test,"(Hi
z%zv",Check sum is R
test,"zM)Zlr3#42ea(Q"")C8d	IBXul^~SugD[U*vKv2OBxG8",Check sum is T
test,UjXYs9w~F/L+(@BELUw44nmsLQ;=,Check sum is /
test,L2]hLR;#)hZhV,Check sum is H
test,@^]YkEUD$-,Check sum is N
test,G)T,Check sum is $
test,BS)$xcsFab+6,Check sum is :
test,{H1QCdvOZi2n,Check sum is 4
test,6Z?jJT2e|?DySb<!HllrXq]y9{z[,Check sum is R
test,"I`L}MJj*y}lq*CvD0xz*
wp?5d`","Check sum is ,"
test,"Hiy	\R|^R:b?5{V6hD)k0hO69>.v&G% HGh;TQ""_XQ;!_x:,$","Check sum is ,"
test,*_D?DZDZNtkkU,Check sum is U
test,KFU4Bwpa^cBFMBu2fx|Jf#1J-p;(g<oU\)4h+,Check sum is ^
test,/R^%uq\@#Y|rZm[a}Efz<;3,Check sum is _
test,[y?)=B2Zp|lYZTh[c8goDQEc\:1>%!Rr@,Check sum is F
test,W<>iT\0=9.+$9>mOlT#'|_L/U,Check sum is U
test,?qWVXe :A+2EngM0a,Check sum is *
test,/(84PZH0!:PN		P+N$O#,Check sum is /
test,",Qid-5qg.F]Sj	dEeesH	uPy.K.'mW-X`uQlz",Check sum is S
test,"e0 ~QN[_}%8w7^>Uzfu6/lj/U\cEclq|=xq,.'&;",Check sum is A
test,";o}:rC5it9j&Q4S0k4
%nu;V	_hMjWjbSh1\ihoTM+c~[.f",Check sum is )
test,*4i,Check sum is '
test,}No'vH<	IMY6AF+,Check sum is [
test,"X'TcGJDV

-sGbX	=S'+|",Check sum is ]
test,",10Vu#QW;M@-y68yPP&/W,iA,v.D",Check sum is N
test,[7w	mU>W1A0/6.b,Check sum is  
test,fZ$ydE;[Z||aom^H5ZWMtpIRu,Check sum is X
test,"XMUFEl.0x[]hV=i~DD[C%8rk3	>
z	?{_",Check sum is A
test,"b1(#w6CYqR*;>""V6p3o:<b_(EB~",Check sum is Q
test,nnKa0n g,Check sum is M
test,AFgs1rRa\;Q;2Npy9,Check sum is \
test,tX*UV=N1JKlBY)z[=yRCc$,Check sum is )
test,AE_ uT*Ax?>g~G,Check sum is :
test,"Yy%1GNqc!!4jXWi~~J+?M3j/""'5l9c 4#w6E16Ed**",Check sum is E
test," =C6r:]PNX@p^vv-n.U!1%x&nQYE$8?`'826U)LBuB(nE
z",Check sum is #
test,"]?oiZX0
/
Y(PKgp4_qMcUTTy@D7%}i;'UUE$6HA,'CM=>4Wcg",Check sum is C
test,"oWN7orLd[fiT""FsLSn{N42WZJ>siO_Eou^:Zor!""|",Check sum is O
test,ylVU&PxtW?3rmk/Af!=,Check sum is Y
test,ZzlK(gO0)&Mmv6)R@n~8h7h D\Zs8VE>$c.O;~O!Tms3f<Uj&,Check sum is M
test,"r 5ymJ~""4u[E
\t"">Z=bw~3k667U^{_3Jd[?@kQ",Check sum is -
test,6O,Check sum is %
test,"81`FeW6|c-r>qP\aQd-Ln=Kz%U3	5Dn,Fn ",Check sum is V
test,6)v@HRYyy_8o,Check sum is  
test,X0~~N%jS>`nMN\f{35T>@h_^Ccd{1B,Check sum is O
test,")~,#8+uCB)n(C6fk[AblFM:n|,rJC#Dqr_U{BVkA1!*'|P2",Check sum is &
test,fhl>CwvS-B&?aG-q*5lWtNwtc C7,Check sum is A
test,n},Check sum is K
test,"~p|b
t{1!}Y",Check sum is M
test,"
Lm}S0X5 RjwO
+mh?jF $G+Y'Monn%\F$R9",Check sum is O
test,"xu.FS-|g<YWzC(mv&p}),^""3HVP.qd",Check sum is $
test,"}""_]/Zne{C0&++",Check sum is A
test,\'LY<xw,Check sum is 3
test,"vtMCE$lpT,,f/*}
>f
r;!L]Vi&j",Check sum is E
test,"!6-GFi6]+u""K;	""ev!A_vVy]gfE~pyU]CH~+lKg",Check sum is [
test,"Q`
#2^eA3\6XI3E<E[v]	&-7quV.o:lpI#aQLYh",Check sum is .
test,"YUI1>tL.nVR->gkI,bx'*D4mdk~wuWk",Check sum is G
test,7ghQ1`,Check sum is H
test,7_I~n9e6b*~M:0\pX|J# =9'*,Check sum is 4
test,"J\w(QYu:p""Q&>!",Check sum is &
test,"
jmek#^`
0","Check sum is ,"
test,w2/Zh'T!z.x!18x|S9$K gp,Check sum is &
test,9B<j)h=UKU7mL$)j'!7)<4FBNKa+0LI5M,Check sum is 7
test,{X7U9lnKc$I^wZYobLih[~_m,Check sum is H
test,8G]=}({{S#xn*1wjT\D2SBXdJK&CXVs,Check sum is B
test,"^axjDO@W1e2""/_-_ez6S;T",Check sum is &
test,tnFq,Check sum is 9
test,}a`+`	]Bj2tuY:xpe,Check sum is 6
test,"(\GX4.(x/n]7n_hjN.k6a_c.	V~?>Gn""6#K(x9UU6Z9j
",Check sum is X
test,"p@D7cO-7	5{,
:ij6Mt?fPyN+G*|\KcQ :P~7Gi`@.h&u?i1f$",Check sum is F
test,?J>W#fY)&xu.X*lbfcFc_,Check sum is +
test,\3N(N8D==p@=zE;&7lgm,Check sum is -
test,LGBp(,Check sum is M
test,"vZ&,JK:1]7MEK??	iJ",Check sum is -
test,e.M_fx|^!u/#\.`~6x`!T:j{3m,Check sum is )
test,cyKc3bo.q!f9M|poE,Check sum is :
test,"[mLrg?yBG""yQxW6(6:	p|G}Ju{yE$)",Check sum is U
test,FG=DKpouyy)Yf-x(B@C0S,Check sum is <
test,"Jy)""o6knznj7f1	 AtoZC",Check sum is 6
test,5~{)`UNfd,Check sum is D
test,]hXD7.&wY0:+[}'dhQOT>38:kxm\-,"Check sum is ,"
test,WfX!0eboFVW^1/<Bzg%JW-tJ9;YrkGa,Check sum is O
test,".c6a<aZU]0<+O9/(mpvR\(tq4f
Co-C .AOl|O7Km;",Check sum is :
test,"f<q_$+
{:^Y=K2M%Oxjg;cs7H\y",Check sum is @
test,&|i>Gy_i>yt[,Check sum is 7
test,"*
r40@LC:Uhp![#z|]ES`v",Check sum is @
test,G)q	h6wtEZm2WV;J{YY5<Qp!79Wyb6Y-V#Z=j,Check sum is [
test,"_kbbWG|)2lwrb2p'^(.x""?[5-`,eyelCc:	",Check sum is Q
test,"
bA#n1]PHb@`T>p-r;$",Check sum is F
test,"}M~1eNZ2l'&&IO.# EM55]`1n_3^iCf/evMK,Jp","Check sum is """
test,"l_.NfL~PCWC.-cCJ
o(S2mTIG.\S~<p&Q",Check sum is D
test,3#$x[FT0F~	\&MmQur(2Cv{U#=4n<Xjfz;I\B~9HQ9P,Check sum is 6
test,d0<j$Z$Fn8A {C&)$2>:,Check sum is $
test,",]&i9p.Yl?Og8T-h
CMoc#60I_`iy",Check sum is I
test,"A/Yw~,YH@{J		o}",Check sum is .
test,"G_RCQt| JYC?nSc%|NPgcp""@.Y|""pR#V\AdErL}_W6s",Check sum is  
test,"h.1JwWP3TmwlHr2=nU/5.	W`[%w$V57xP,R#<wt~y0C2_Z{HIZ",Check sum is L
test,"v:d({!-Q<x0b/KnvesF,s,o6",Check sum is (
test,"ME&I;	',vDnT%|p%q",Check sum is [
test,"
hD3Ua#MAh~OV]3uV>jf8n,y_09d]bJUOS%:P",Check sum is J
test,=!8G:wS?_.U^,Check sum is @
test,"`mGRA#$p-Q""4mrr'xO>Mx/}}`)|zNta, ^H
.Io-S2>j4IH	",Check sum is )
test,hQE2/|,Check sum is ;
test,rPR1%vU0aTG,Check sum is A
test,^iZE*ogBj|et3B/IwaC8(c9~[!,Check sum is E
test,=4Nz7A1sPY]KK.hmpS=>t|s_0|k(m8#Z@d31U7; S qRwIyQB,Check sum is &
test,~o_!y<sr5j{#Kj71)g2W*MGcfZ4W,Check sum is F
test,"6K-.p<|J""v	
Q9DF>fB
9xhv:L,3EYw/c}:Vzg]wBs	E/","Check sum is ,"
test,"hMTemB
Xb3@S9~!pMi?*",Check sum is .
test,"Y JWQ""ye\s0b2$	U{oYv@-	lmPZtit@Op7UxAkl% ?!jFrO",Check sum is T
test,"~65
TQe,|}$|ZF?t6}W""WBhU/5^?pS#3B-WM`iE+X0<\3L",Check sum is <
test,%VdQz,Check sum is J
test,"RD""]:yI,LmXbKvZ93!)MF_t BHKcTQ/O",Check sum is B
test,``2[zVz?gyq,Check sum is G
test,xKfP'/P'.5YP#2&pYNxzYR]~[TavV3<|\+[yb$jmXK9[~9];,Check sum is A
test,jk<}$6-&,Check sum is [
test,A$<BH;[n_2XqA<c\XC6qgk,Check sum is 9
test,G]K(*>6i	dS;.NHt_Xqjho3U7jeQw,Check sum is 0
test,VaoT,Check sum is Z
test,"N{VP-xXpz[cvaG`KzYej\QiTq""wGd,7?v)dIsu",Check sum is T
test,"3P0Tu9IQCO$mfm.MrEt&WuG!qRS{S{?*-Y5qI,q]",Check sum is \
test,"PbMegC* l([ [@""a-X2V634zd:L^]vR3QAFUN",Check sum is $
test,"|nn?Jl.B)EH""TF8]G`X2m915NCR|#(N!,	",Check sum is /
test,<zaig3qQrC8|vc,Check sum is >
test,p)*^OAIq](\RE,Check sum is C
test,>5_5eZ`Gg nI?'m,Check sum is ^
test,h(AF_g>FfSp=Y	L!B+<l>,Check sum is I
test,d7zg{lp(,Check sum is [
test,8H1l52(+Xi;%sg,Check sum is 2
test,[8sp6g632X	/({296.h,Check sum is 8
test,Ixi~_N@V),Check sum is 4
test,">S$Q^cO7Yi	xD[A	#^:|8'""~Ngy{KZgC/K>+8AGf#",Check sum is 3
test,"zaI#,>",Check sum is Q
test,Rf)1mPc*e,Check sum is !
test,_/%U,Check sum is (
test,"SHr$QZT&#D$6s'c(!QpG~*=^p9;af<e""]ke",Check sum is #
test,~K 0D-p<{DB=1m_9!e,Check sum is P
test, 2K\!Oy7w)T`=`xmHZ97?qEiv:<w5$:,Check sum is 5
test,"@<RS38p#""R4s}(9|\6NU~aHlH0|2xem8eav=,-F*vgFz",Check sum is C
test,"i(ujLR6z& KG0>kVt*Luy0pV""^+",Check sum is ^
test,"]2\PH&$!KJ-4 
Oz};V6>[",Check sum is T
test,aZKJK@6l mKHjr~MW,Check sum is ;
test,"N]
=i`	s@b)
x);Pio
BO(&KRlMViEa""",Check sum is 6
test,'$`oV,Check sum is P
test,#$KYomRL>iNYqIrX }7JN< .\f=Mac:[,Check sum is 2
test,.ZWx-e~[x,Check sum is Z
test,">z:ciGm&el-P7m0U|&#
d\>1A",Check sum is .
test,Lw`+$f+Rfn	mJ|c3:z!,Check sum is 0
test,"JE0rH/iX""ECCdmb-gU\)ja!Gmmoex(!neV*4",Check sum is @
test,"2Tzl'r`ghA/$'gCI,fF_yL}VdM=",Check sum is ?
test,&Fh*cD~c88n^`8]#_,Check sum is Y
test,1uE8bEFW3M0*,Check sum is !
test,"s(
6F	 VD(s;W,<ak.mK",Check sum is K
test,"1ZT0=Y[1v3[g""JSW*""i@/r;0}u,f~",Check sum is U
test,3X..HJ]%%Um4DP>,Check sum is H
test,"!AIQ^a#wk~%M@CA-""oQPvH3K;z!:OtB>m<05",Check sum is P
test,"bgY@V]\t&$TIzR,xh+uRKx$*tFwD!hxAo_a!g\	F-x",Check sum is E
test,eP;!$)[Xz}<B,Check sum is &
test,?#6;LCx[[}-L{AYICouqZ_rpgW3C	',Check sum is [
test,"mR""&D`wP	#pE>!}4jQJ.;gKi^>5~C
Dd",Check sum is P
test,Li69bSJ8TbGH3bRKW_3AZVak5<	ee7_	4:E1S,Check sum is 2
test,0Rl,Check sum is N
test,WRm\`.&22u_5~CC HI1uIR^J+[B|k(mGE	d,Check sum is N
test,6j;0>/0Q2mu,Check sum is -
test,!ls2fqJ~h?!R?`bW`EEY5 fx{L|2YB),Check sum is R
test,eI2CJ<|EH8EkfO:EB~{YVQD]cKhXA>!BlDq^aP gS}Y=RC7G,Check sum is J
test,6<]<tWV=]G3u;o=iZxz'a!s32sfSDmpGWr-1P =r`,"Check sum is ,"
test,"'ZcyGT|9Fgg9aY)__5}QU*
>D""X>)fT:+$'UFDSWQ!Q2G-",Check sum is F
test,"MT*LM[IbRA-#5
7sM$i&Lx6on(5~=6M/",Check sum is 7
test,"bzA2-)yKx2r+3J6odXz=5k>&K9nU={J1;9Y&lu,",Check sum is #
test,"J( ~aECQkJ{atJ/,yu_:i~Yqw0@nzd~?Z 7!bl_f@]E#",Check sum is &
test,azSL&BGjo!9,Check sum is <
test,[I:dHIX`i<d#Nlt,Check sum is E
test,Xm$Og4,Check sum is 3
test,"R+w.
5&|W]Y]6,si<D%N<]]uZyGV",Check sum is Y
test,",s<46jPdT:faq@5p#(gZS4ING\Db\p)LwG",Check sum is  
test,"[d2e/'m
Qqe.V'@3N@`qgA",Check sum is O
test,"3bH)t&>|	`c.; qy;CUf_,fGH_{z{Wj~O6[c",Check sum is C
test,%CG`8v'*6O,Check sum is 3
test,Md@CZy,Check sum is '
test,"}{w(@+m)W)9""D[d\o@[.OlX3V-xv%EZw)>RW}oi625TCw.2",Check sum is L
test,\hnWMCh,Check sum is !
test,~FTX*.l#q||]:.o:T/X4+SBt%S~?wv,Check sum is 3
test,}l9~J+`l&aqkvrLxqrL}<nsiw~d0_c~XPlu,Check sum is T
test,"W0%d)T<!R1G`(kL"">MZHhs",Check sum is =
test,i?l(,Check sum is \
test,&X3$J]jHzq,Check sum is 9
test,"""*Y~3E'5W9L0e8ccjyvo6ge3cc^",Check sum is '
test,"xV[(PT)qVaB1qvW&US_i
Kby|-f"")A",Check sum is 8
test,"+>h1M,",Check sum is [
test,3vi&x=ldN,Check sum is +
test,JD)3JH,Check sum is \
test,`3	'p.~4RDH-w1hO}P\@+@cb59d)^}Z+,Check sum is Q
test,"dwS,#+d|1ao GL;*vq9[CL`)(~bHKzBo;R-6ad#6]OT]vH",Check sum is C
test,"%@OpUCbrWi[zwUNM%T@8SE*@8Dz7hHy]4]I:""c6pv!j]C""I",Check sum is ]
test,"y[R!'iUQ""6}",Check sum is 2
test,"^:xLy0@wx/>]5J""`Cpw)$/A3W)9s4e""NA4BWll=7'P+C0nQ",Check sum is \
test,"W!->U\D{+faH71BE>#U""hK2~AHq2}Yw3NY)8",Check sum is K
test,zV*E5,Check sum is T
test,"mtx<c5V""EH!j'zL)s^?vW~KFp",Check sum is O
test,jcsEs e+m[QodC85)4&'rg9ihR*,Check sum is -
test,"gWvC""OwP[i+-JOaZAS+",Check sum is >
test,USl<qnV-&6yl,Check sum is S
test,#U7MJ:)fnf^+K,Check sum is W
test,=bP; V=<[}T mE\4SM1Qnu/h,Check sum is #
test,"k7xnS]C+{r`'GO<F/'=*9HT'{R}vuXs3'
Uial1HS",Check sum is F
test,"sz5OZn3
}	$4u=||""5$|Pup",Check sum is J
test,"
z/wIsudt{\]	ZRiH~o1	L|&$)gcI. O7s'gRibEz""P0A%-",Check sum is H
test,",!:Cd:UM}P*%HJ[dY+
P,A1[9%tKqD8+]C2+S14FBwt6CuZi9 ",Check sum is U
test,"&p'QdvP=Z)=z+EKh!H\k'7Fb)7\C`
<9:N",Check sum is N
test,"mT/u%[wZR,5'W|vP\S""=f #eI*>e~NZ+^QSbe'K{L'RqYik%",Check sum is J
test,"0h`,f~KZ0eC[/lIu>OEM;g*ft^<I1(Vx{H6q~9*QNl7F,w'
'",Check sum is 6
test,Epp5Z/29Qs<=*}SQi5}5W?,Check sum is \
test,"epLRyWU9n>6m(j%cf\OFQ:	[m? <vzT-w!HU..,;",Check sum is Q
test,tIF3,Check sum is V
test,"0\fBk@o`55P/kx eV;l|14,Qp_lW`bQ!3i1Tgr&z",Check sum is Z
test,0*XpjK#D-0SnjJ[\]$(([J=/xL35w':,Check sum is M
test,"47uA:MBFg""Z6	R8)z]4(A
O@I[ouSZP9",Check sum is 0
test,SPO[^Ec@wRO@:k,Check sum is 0
test,8s,Check sum is K
test,ABy@m!i:F{&:&<3M6G|n	zi),Check sum is L
test,"u&7 ]m}SC""AH2|fc""&FC[W&=,=_51A24J6D4",Check sum is D
test,s|=,Check sum is L
test,Q2370a5d>x^lEF+F)2dr-J?q_`!mR!,Check sum is K
test,"82W,J$Zb3z{;@d=v
>KtI([2,fod\$+t+F_r7",Check sum is 3
test,(	[GDw%TlO1wOnQrhO{*Lrym8MCXS^Z:1vT,Check sum is *
test,"E\kJF<i,IkT;JcX=YKR",Check sum is H
test,"_FV8K]!cX5>g5OoV44:,^6YF41<7""&/y",Check sum is C
test,"m^"">N_!ot g uq9Eu0","Check sum is ,"
test,"<ihKt
|dS(b>{1hH#eW
Gswglclm[y",Check sum is J
test,$3VyAQ,Check sum is X
test,mP.zk2R%[l`v=9-FN^wuB$~mlzvUnpCG|~W):I]0VADaV1co,Check sum is @
test,+|Czpq	hSFVmI.i5K,Check sum is R
test,"6'
b0%y /GqY6{N m^cM0Njo1I#cq??[o\?B%g/I!~{;",Check sum is 7
test,oUV2G<^Y]mmnPC&59^!n;[tK u=ZtYj.,Check sum is E
test,K8$rr	{,Check sum is /
test,x[^|FT.1cd):6v%\Kz8&M,Check sum is M
test,"oR8,<sp%>lL-+4ZK",Check sum is 0
test,"QRko}^sMG9$Ph?]ZAaTaRtAas6\`.,}D",Check sum is I
test,"@0C<[_\&fo-DtmOm<
u	-NQ%]1=;[?w^Wnn",Check sum is K
test,h~9t^91F<+.E [k,Check sum is A
test,t=Lqy,Check sum is G
test,o7O=&,Check sum is 8
test,Rk=?kNx5~I,Check sum is F
test,"Gv+,fs|O\x(?R<W2*Ozf?waa4",Check sum is /
test,"o Z,(rA0Ip3% ",Check sum is 1
test,4kk_ETuoB9	=3?\VajP/j01>6,Check sum is 4
test,"$%
UQ{p@t>M(m(DZ*:""'~LPJ+w)KDGiS`4D""}lWx)J12G$u",Check sum is 4
test,"gqlTu$z	u0#~mK4
)ot_+Y>x""4R&~I",Check sum is J
test,"{:
b"",7-xREQo%}Un e(v=:
&1%E)(",Check sum is ]
test,WFHz+ned!R_;8%cM5[El3nF[>!EOe%*:,Check sum is _
test,"#,dN2W
K+Im;(D8]Hd)M'(P:4PP+ti4:JZk=~F",Check sum is 1
test,wYV8;k0%(,Check sum is !
test,n~e2,Check sum is #
test,?W^eFa(u~,Check sum is ;
test,;btQ*Sf=4J777.wYL',Check sum is 6
test,"0;H[=JxNvg<IaJ>[
El",Check sum is \
test,>;p}7PN9p**,Check sum is X
test,"77?BZ){$5m#5]9X7/xyH'
3Pn60D%*=?e`p""F!wrxmr[",Check sum is (
test,"M>YP!:-""H!k{z8)?w:Iow+B=?d\9t!6s&oF1",Check sum is 3
test,n/kDOC+)$%Z	oI)SiHkGqo$w$$W,Check sum is /
test,Z.MLIy`qhgg#j{a3%A,Check sum is L
test,UBVWSwMOgg<fPJoiGvc8kO*bTun*<p<+M,Check sum is K
test,@B,"Check sum is """
test,"P,b",Check sum is >
test,/-taxx,Check sum is A
test,^^`,Check sum is <
test,"
_V(36hjZ]8j>F(9!9F/CxB_sQ)2z",Check sum is D
test,"Zj8(R^^w!o$ d`vCglUB/#	dvD4v?IM_Mx3!-
!aNHLS""",Check sum is D
test,B5/jA7BQ}N,Check sum is F
test,"s,,",Check sum is +
test,:IO0L2NGXm,Check sum is :
test,"0Q_`!a!3Fd<#Q%kzz`n
 u=tz}xis3,e:oc5T",Check sum is V
test,"+1+	p;MRHxA%D3yFKrv|3[w(k!=?*lM,,>`G1`o!>&ZU9Z>QXe",Check sum is -
test,"5!l.('#}G, .)A?]!jy>aa[X8>E",Check sum is 8
test,"uhS""",Check sum is 2
test,hA,Check sum is I
test,"N""DNYYQ_;t7|<Q_tM?q=X+^
,0BWB%S*I)joDxiWQ
",Check sum is &
test,"AUYx^""Scu(}*]%E\JC=29Nz$v{aqoH",Check sum is ?
test,"XmgPCU+G	
a(b,,qX cMg`<\D*#7"")-m8",Check sum is Y
test,"(i- #]U@[a<""=A]I./",Check sum is .
test,"R3[pm3nV[djA
i~yS-@WlUROOg1{A{{za4NiSoBHQoa-h	",Check sum is K
test,s1U`Bd`!$<(#*@LH4@TJcW/	KnTxgA4)-8d7br156m*c[G+,Check sum is N
test,={?<<g9#m6z85c|B[#	<clao8%`/e\bS	1l+kvh|Y`RA0qs~)!,Check sum is ?
test,6/<l:X<_22_>9fg9('&},Check sum is L
test,"a[_Pav*Wd=gB=P|lH#y9lrv D	b ;sQ^!}JHO
q%?P@}
G<N",Check sum is %
test,LW$tWe-BI|#=L:/[%t%yzj{8;tu(U5L5,Check sum is  
test,w5iG;,Check sum is 7
test,<.'&3UKu4Fn@SaJLH,Check sum is Y
test,"[RzVFU${`G;
A=$ap~(",Check sum is \
test,}a,Check sum is >
test,"_	M!B=6q""
t3{6Q51
2'SCxtCYU*d,qN?_V%W2Bu]GE!",Check sum is I
test,"|P'0^e o
#N.",Check sum is >
test,:v~PC~`_ON8mxfN6[#[~-_m,Check sum is R
test,"j_]WV!:A""?fy`Ld""~ayc:h)<{j|I0??<v",Check sum is M
test,"$](&8""vbIdu",Check sum is C
test,"G
d	2<%GlI9|V",Check sum is 8
test,5:,Check sum is O
test,"sNF@H0j
U]A}%_n;?['?b+$VHIHIqE,^$z@iPt\76 g@lf`1=p",Check sum is D
test,"S)qnzpHBS
iT9F%{U<CWH9n{&unIu?p\kq",Check sum is +
test,ORPtiUEFTEPburCq\_gf`	>wth:;xdB$[ls,Check sum is '
test, l{MTZZY_H+j;1!7bv6K&&&EzW,Check sum is 6
test,"y83^;%;[a*lc,?E<[]dg]avP",Check sum is %
test,cy$2ZFE<=#W%(rq%A.Pm^H*fm+,Check sum is 9
test,"2~ZC`9EtwK:cj}D 53""='K`9rEW<GM%}}Y%5g0kl>G[y+_",Check sum is <
test,"""""z/nUGCCJC[c.%;_U|4e?\/=a""9kCM;BL9u1 &I$@""uIk
4",Check sum is !
test,ff	b=tOf	js(yB<*,"Check sum is ,"
test,"cy_~U j~`nA-;1M'P<Iu)E,hrI`jwdEKj<ZK~?xb>=gG8=",Check sum is N
test,3vJFNg{[*kn<+jJ8RI%I,Check sum is C
test,b0DCnPn9jbuNl;H}TEYicC,Check sum is Z
test,"pJqs
n0EZ#nce",Check sum is ^
test,(_UBsen~1-/NV<$YT8=B7u`IbaOf/v{,Check sum is $
test,vWP>}b=?M,Check sum is #
test,5!/K>qEbYU,Check sum is 4
test,ag\.J4=fBSTmHfPOK3 5~Lati{XqTi&/lGzP pNY5	d7PK)b5,Check sum is O
test,"sX9>E.2p{DTY~yB0.v;KmC:?u|dyVABOXxwDv""Wb;I",Check sum is 5
test,	`p=x6l|.I/hw/$w .E#$_u;@=5'_,Check sum is <
test,"RRQrZd+wV?A&h((b#|x2YMC&L3}j(-1= H9x,A0",Check sum is 4
test,Z>O7P-e1H1OhY732G9pCld-{hrZ?n!%mNG@>svwz;tk,Check sum is <
test,"&uZaf#[O-F99""hf/SnPdg",Check sum is I
test,gkW,Check sum is I
test,"BSn;odn1~!;?WPkE+-3'~,GC{*Xh| dof%Z<<llCV8cLO0w~",Check sum is #
test,"|PI:R""IsllbOBr[k'cXn=,m	KHE3.h&g(B^>E$q4Wi(G[",Check sum is ]
test,"Y	$
c'tZM>G"",8B9cvkizL1sH",Check sum is :
test,-\cm2jcv>yj!g,Check sum is W
test,"\h3*]'ZSZmVd;u?""s|B$h]zGg+_0J6(fat",Check sum is #
test,G1,Check sum is X
test,dl	T$ucvUT_4>hY,Check sum is :
test,%P'FqhA,Check sum is \
test,9_K::%|p,Check sum is H
test,"!K`X},o""!AT3/#0-FJi1DU9l*_yNr<Ls_G",Check sum is !
test,"5.yvXmE=Ca%,=",Check sum is +
test,B_9nq2<j^G^ 0Ze-{:_op9$Ff,"Check sum is ,"
test, J=}#\NQE|cE=.$HvIf0l,Check sum is #
test,d!/O]T0\ OG,Check sum is V
test,"C""p7Gxw[C.<WWuqcMZ",Check sum is H
test,"<;""Cb!6_\nf_hc*[aeE6hzFJ2`_nHREZA&-E:Z;Yxp?",Check sum is &
test,>dqr2En(#$jolt,Check sum is 2
test,"{W9^d""h.z-eKhkHQ9	u#Mw(#*QB?Y4]",Check sum is 7
test,"5m4#BAkQ?
vD2q.WUQ!5UD#wWvd%PMPJPg %sF.0.H-5>);B",Check sum is N
test,HN_(,Check sum is =
test,">z^,N~W]\kvJpUhM0dQ0Xm.o Pw\yL'A4zdg7};""!F4",Check sum is /
test,"|S+h~iY(2Wlm|r5,)n_?=|q/Y7%b
\\QV8y$",Check sum is >
test,GXD=go5@hgB=`z+n<^.9UoqCk,Check sum is 0
test,'kIdfL)<<N+O5N#& ifUv8La#ocM7Z'[cd,Check sum is A
test,y2G0iD1jR	=9-/sq,Check sum is [
test,gRZ3Nw$CEGbawXV/;SDrHo6_ Utcz>yy],Check sum is X
test,"B,QkNeKFH9
`p+lW[{PR!vEM2""	_n""BZ3o*B7q>",Check sum is T
test,F=WpTYK&XO5B?Q	-4%$.tqBC'M_|y,Check sum is I
test,ZQy@-=,Check sum is .
test,"zA^jA\>C|TPO9&Js,arE'^)Bj7;_BwJs_?w[s
~L[{QA\Z<",Check sum is B
test,o&NB=uIS)OOCAsu A4I,Check sum is $
test,"E:]~r\;'x1k$z/C]Qfe!Vg]>Gsz5&sq""B7LpGp}:.ZM=_WXQ2\",Check sum is 7
test,O7RHQ+|J`[f4<!fOlX	,Check sum is 6
test,8h2f4zDxgA8K.Tx-,Check sum is T
test,"Xa
e",Check sum is H
test,./4!v5 cXZ7\{/r_K%4Fgt?,Check sum is D
test,"mq9J,C@F3RUnxO#!%Cc4&
RDW?Dr9e|v]KIL&s$2XE1iA",Check sum is N
test,A]`1clE NM#Xn)-iN{T0rbl2etGUs'^(gg)$@+,Check sum is  
test,"Rv	$4""~hDG
l_-E{ZlGk.7{zX:YR N>h|zw^efr2.xnp",Check sum is ?
test,?l6f0*kfM9}Y{ZiK[HIjT,Check sum is !
test,BagCu+BC[s%NALuVCX|C <C?HYli1t+s`bpKg,Check sum is @
test,"aC!#bK)wN9
*""D^ap{;X!",Check sum is T
test,"UZ ne@i@PLX""-^vl",Check sum is .
test,k6BBsk(%+@>c,Check sum is <
test,"e|A$xhefh'icX,T<EVu8pz",Check sum is 2
test,1:@yk~6V^&;@/iCpM,Check sum is P
test,"4a5y(xWEh
lYvMX:%rjAvlQtGb7%J`TbMIODK{|0",Check sum is T
test,"$gy
6czrC<'pL;-z1m0-b9?c2#f'Q!' zJ+	\!,AP|+",Check sum is #
test,"UeUB`!Pe}1^KP4F
<$7SR9
{],`Ao3^!moo1D>vT",Check sum is _
test,"~9OlWV|/-tLQ3X""S*'hv4/ ",Check sum is Z
test,"]Ec{z pvcXBv%nnbUg\4'Un@*&t""C!Jj9_$)/E3",Check sum is 6
test,"[g
]i!g[,'/8Xz;+FVbSYS&Q5tSDVra4u#8.'XYv:7]jD.j",Check sum is 8
test,:W,Check sum is 1
test,"7q:KNMx9*H]EX~Lv7Z+'+""g}M8sN<",Check sum is [
test,wmwmqU .	fo1D=F;5l*{`CS,Check sum is I
test,u:(a,Check sum is X
test,dbcK,Check sum is T
test,/&ktjq?Zy~G?.`s:yBjC \zRm4`nTJj.	#UbgEGbe8Gjf_,Check sum is  
test,">8U""'hJ",Check sum is &
test,"]qL.7<#CU38Ab&k.6j+<3^9Z8%Os8vrL.Z}sL,L:v}",Check sum is B
test,"G8uSG&EK%A.Y]c ).[%1Wo3((P8C""bI6BQ2H",Check sum is ]
test,pIiZx&yMs4l`h<Lm1U>=W}2Ghc>f9;@Kkt&Y,Check sum is *
test,6	LxW(Ei?'a+G8u\kXr|2N!t8J4,Check sum is N
test,P	C Wmsx$z~%{#Q:}R2/m-,Check sum is ?
test,"""o $A?	mG0Koa1e{KK&N7~?iqu2yLlw.?F?T'Fl",Check sum is T
test,"i;)!k	kem-~/""{Y)<mnvkq:'L4;w,OD#uqc!~",Check sum is >
test,cA0{]UV|C_dD$R,Check sum is 3
test,"h	q\%]y*hi(F&
|SX/?	W:]bdg/d\.0A",Check sum is 9
test,"[ONGzjFj
 qr",Check sum is @
test,w2hulP'I_M7}MaJrIX,Check sum is =
test,".Cm
EQ0oLzEUKx!.JY8!![ |Oz",Check sum is L
test,^0)5zu50e9J vT#%ssyD,Check sum is ]
test,)AWbXI-YNBG\Tpso`|pczu,Check sum is !
test,"KRY~aSUjRZ0bd^1Dun
n8Qw ]KSj	+AIn5vJ",Check sum is =
test,"o_Xh<Ydi
|[t@=a7v)<6HzA  {|p7U+.[N%eYF","Check sum is ,"
test,"W1'KlnVC,fU7_?:]&g9AT:<'66|""piL]",Check sum is $
test,"FF][qfssVK]
x
&|;P%R}j1)Dr?@",Check sum is E
test,"jQEB/y?-w:o0C~dMfu5L_,cYt[^,J|3YO;fi=*",Check sum is F
test,"(s(P$i]2i,?O
iH)ui]z%c1$""R",Check sum is \
test,D4l@gBv!%~)A:'_n9XatY@E=!'|N@D?9T7,Check sum is Y
test,"8 ']@e?v-+3%]~U.YR)#L1""2DLfm_(,w",Check sum is 9
test,"M3$ejE[6`rN?>%4-,qac.|C+A<:Gc|5'IZORMu):*17{",Check sum is 4
test,"tx_LcKSq}dWk2VWjXuuiCUHF-)mb	c%XCr|
1",Check sum is  
test,"C\9H
[*,8:[cSdB7 3""H",Check sum is X
test,&smYiw1>7:_6Qo![,Check sum is P
test,"IgYhO4i0iRA,?T/'V=B-vy`enpWZ:*XmZLr>x)~",Check sum is !
test,"4S&jp&qEA4.]
XR>Vr;EE!yXXM0nO;&yODTDr#z1?Aq$cTQ",Check sum is (
test,-)Gqj\jbS ^tZ^ar;<Y/p+Pl[kiSFc!JwQd q?,Check sum is 8
test,$Q:c,Check sum is 2
test,"pszG#Q2|~}R_ny
'%wrCkI`/F!m=sD:>h-7Ju`B # *60l",Check sum is J
test,"?"":y-hkU$`{ ?",Check sum is '
test,~vU-)I1Fu0kI7kW[b tI]A7.q'CIJ_jx+d%uv-n7F~),Check sum is ;
test,h*m<X~[: ,Check sum is &
test,"
	7{=TR?zPPN,E",Check sum is  
test,Xn,Check sum is &
test,"JiOw.N$~!r$%5|ud70r4xl[>#08zD3MMh,",Check sum is Q
test,"lng1+f	JEQ#yi>MN<$""1#KRd@)J3e""5P3	$b'cFz_",Check sum is ^
test,$?9zN/NKeiP7TL!k?a~9G6hjw])!'/}e:?-an5%l,Check sum is D
test,"Y :`tmYUJn&EVe4)y*K
",Check sum is 5
test,"2iF8uwFp3wq.^U5c
7IZ$Z<qB""Oo1K",Check sum is \
test,#d+({#@46[,Check sum is ]
test,"7i!W~5nofLb^ArAD#).aLvCgbkH L""6#8Bq",Check sum is  
test,_H`sJ'Yi F?6:@roO\;Ya\n,Check sum is -
test,Qy.V}G[,Check sum is M
test,&R-7>U.A%NP;F1)\;{#|E{4;GehK W_6.}C5Z:.oC7!=4|h?cT,Check sum is !
test,"xKz,zgUBbtW^x[~0%0#H`ZZc ~dKlv[B%#9XP",Check sum is 9
test,">@U=2""9@+	E29r.pf",Check sum is W
test,Q!2_2WXP}	sAR=}NGGDZYu;LWa*;fp!,Check sum is =
test,":z
I""612zlTQC",Check sum is 0
test,"N 3uq/jh{kI<:*2<'_SLj%
DRvSKnVv|XDF*niBP^t^]*xoA",Check sum is W
test,5SZ,Check sum is B
test,jJ<AV@YCOQ#Ie'F{DMwbUIEyEd;qlmyXS2s,Check sum is Y
test,"Rs@ZOl,2|#Z7/-a.Pj n",Check sum is ;
test,/&B	Bo;Y~o}n=p>.=|-<0JD#_QV2!&5@P= #|,Check sum is 9
test,2_U9rrr3q)MGBR3Cpa/aHms2`>L8,Check sum is ]
test,"""j/hf(Ho_*M'14""y[yL*$u]dXaW	(a%znS,f",Check sum is =
